
=== 5m P0|A|10
 edge_pct  trades_per_30d  mean_N  mean_L  liq_share  tp_share  drift_H_pct  gross_pct  net_notional_pct  eq_ret_pct  30d_median_mult  30d_p_loss  30d_mdd_median  1y_median_mult  1y_p_below50  1y_p_ruin  IS_median_mult
        0           169.7       1       1          0  0.001001   -0.0007309  8.465e-05           -0.1415     -0.1415           0.7804      0.9637          0.2481         0.04719             1     0.9422       0.0001213
    0.025           169.7       1       1          0  0.001037      0.02475    0.02591           -0.1157     -0.1157           0.8156      0.9337          0.2217            0.08             1      0.703       0.0005327
     0.05           169.7       1       1          0  0.001092       0.0491    0.05037          -0.09124    -0.09124           0.8487      0.8853          0.1983          0.1331        0.9965     0.3108        0.002543
    0.075           169.7       1       1          0  0.001137      0.07444    0.07502          -0.06659    -0.06659           0.8815      0.8188          0.1753          0.2241        0.9658    0.06333         0.01086
      0.1           169.7       1       1          0  0.001184      0.09914    0.09845          -0.04316    -0.04316           0.9145       0.734          0.1552          0.3636        0.8257   0.007833         0.05105
     0.15           169.8       1       1          0  0.001289         0.15      0.149          0.007411    0.007411           0.9932      0.5202          0.1183           1.027        0.1475          0          0.9165
      0.2           169.8       1       1          0  0.001399       0.2004     0.1988           0.05717     0.05717            1.079      0.2905         0.09223           2.855      0.002667          0           21.49

=== 5m P0|B|10
 edge_pct  trades_per_30d  mean_N  mean_L  liq_share  tp_share  drift_H_pct  gross_pct  net_notional_pct  eq_ret_pct  30d_median_mult  30d_p_loss  30d_mdd_median  1y_median_mult  1y_p_below50  1y_p_ruin  IS_median_mult
        0           186.9       1       1          0 0.0008841   -0.0007044  -0.007313           -0.1484     -0.1484           0.7505       0.986          0.2682         0.03106             1     0.9967        3.85e-05
    0.025           185.9       1       1          0 0.0009317      0.02488    0.01701           -0.1242     -0.1242           0.7861        0.97          0.2395         0.05455             1     0.9342       0.0002122
     0.05             185       1       1          0 0.0009847      0.04954    0.04019            -0.101      -0.101           0.8206      0.9395          0.2123         0.09269             1     0.6048        0.001045
    0.075           184.1       1       1          0  0.001033      0.07476    0.06351           -0.0777     -0.0777           0.8556      0.8908          0.1863          0.1594         0.996     0.1498        0.004786
      0.1           183.1       1       1          0   0.00109      0.09972    0.08628          -0.05494    -0.05494           0.8894      0.8218          0.1624          0.2648        0.9517    0.01233         0.02267
     0.15           181.3       1       1          0   0.00122       0.1509     0.1336         -0.007622   -0.007622           0.9674      0.6078          0.1192          0.7606        0.2587          0          0.4593
      0.2           179.6       1       1          0  0.001333       0.2015     0.1808           0.03947     0.03947             1.05      0.3425         0.08803           2.115      0.001833          0           9.585

=== 5m P1|B|10
 edge_pct  trades_per_30d  mean_N  mean_L  liq_share  tp_share  drift_H_pct  gross_pct  net_notional_pct  eq_ret_pct  30d_median_mult  30d_p_loss  30d_mdd_median  1y_median_mult  1y_p_below50  1y_p_ruin  IS_median_mult
        0           188.5    1.25       5          0    0.0576    -0.001028  -0.005358           -0.1436     -0.1795            0.705      0.9935          0.3144          0.0146             1          1       4.182e-06
    0.025           187.6    1.25       5          0   0.06102      0.02483     0.0192           -0.1189     -0.1486           0.7477      0.9798          0.2781         0.03003             1      0.995       3.543e-05
     0.05           186.8    1.25       5          0   0.06419      0.04968    0.04239          -0.09558     -0.1195           0.7879      0.9527          0.2456          0.0594             1     0.8818       0.0002707
    0.075           185.9    1.25       5          0   0.06737      0.07526    0.06589          -0.07195    -0.08993           0.8343      0.8967           0.212           0.117         0.999     0.4088        0.001917
      0.1             185    1.25       5          0   0.07039       0.1005    0.08918          -0.04853    -0.06066           0.8783      0.8183          0.1823          0.2278        0.9678    0.04967         0.01545
     0.15           183.4    1.25       5          0   0.07664       0.1521     0.1363          -0.00114   -0.001425           0.9782      0.5597          0.1325           0.855         0.241          0          0.7134
      0.2           181.9    1.25       5          0   0.08306       0.2035     0.1834           0.04622     0.05777            1.086      0.2847         0.09709           3.149         0.002          0           30.26

=== 5m P2|B|10
 edge_pct  trades_per_30d  mean_N  mean_L  liq_share  tp_share  drift_H_pct  gross_pct  net_notional_pct  eq_ret_pct  30d_median_mult  30d_p_loss  30d_mdd_median  1y_median_mult  1y_p_below50  1y_p_ruin  IS_median_mult
        0           193.5     2.5      10          0    0.1913    -0.000656  -0.002822           -0.1343     -0.3357           0.5076      0.9978          0.5136       0.0002661             1          1        3.99e-11
    0.025           192.8     2.5      10          0    0.2014      0.02538    0.02079           -0.1102     -0.2754           0.5714      0.9908           0.463        0.001109             1          1       2.568e-09
     0.05           192.2     2.5      10          0    0.2111      0.05056    0.04335          -0.08715     -0.2179           0.6371      0.9692          0.4079        0.004445             1          1       1.454e-07
    0.075           191.5     2.5      10          0    0.2209      0.07632    0.06614          -0.06388     -0.1597           0.7119      0.9143          0.3529         0.01748             1     0.9858       7.536e-06
      0.1           190.9     2.5      10          0    0.2304       0.1019    0.08875          -0.04081      -0.102           0.7916      0.8225          0.3023         0.06693         0.995     0.7307       0.0004145
     0.15           189.6     2.5      10          0    0.2503       0.1538     0.1348          0.006229     0.01557           0.9864      0.5222           0.214           1.031        0.4143   0.008833           1.288
      0.2           188.5     2.5      10          0    0.2701       0.2059     0.1806             0.053      0.1325            1.222      0.2128          0.1551            15.1         0.008          0            3369

=== 5m P2|C|10
 edge_pct  trades_per_30d  mean_N  mean_L  liq_share  tp_share  drift_H_pct  gross_pct  net_notional_pct  eq_ret_pct  30d_median_mult  30d_p_loss  30d_mdd_median  1y_median_mult  1y_p_below50  1y_p_ruin  IS_median_mult
        0             176     2.5      10          0    0.2158   -0.0003614   0.003123           -0.1276     -0.3189           0.5516      0.9828          0.4883        0.000622             1          1       3.661e-10
    0.025           176.3     2.5      10          0     0.225      0.02559    0.02802           -0.1022     -0.2555           0.6133      0.9583          0.4405        0.002471             1          1       1.992e-08
     0.05           176.6     2.5      10          0    0.2337      0.05049    0.05155          -0.07822     -0.1956           0.6792      0.9158          0.3933        0.008997             1     0.9938       8.802e-07
    0.075           176.9     2.5      10          0    0.2429      0.07639    0.07582          -0.05348     -0.1337           0.7585      0.8397          0.3446         0.03415        0.9977     0.8872       3.854e-05
      0.1           177.2     2.5      10          0    0.2515       0.1018    0.09956          -0.02931    -0.07327           0.8431      0.7277          0.3021          0.1281        0.9612     0.4862         0.00249
     0.15           177.9     2.5      10          0      0.27       0.1538     0.1486            0.0207     0.05174            1.042      0.4415          0.2282           1.931        0.2852      0.004           6.676
      0.2           178.6     2.5      10          0    0.2881       0.2057     0.1969           0.06993      0.1748            1.292      0.1872          0.1773           28.82        0.0105          0       1.971e+04

=== 5m P3|A|10
 edge_pct  trades_per_30d  mean_N  mean_L  liq_share  tp_share  drift_H_pct  gross_pct  net_notional_pct  eq_ret_pct  30d_median_mult  30d_p_loss  30d_mdd_median  1y_median_mult  1y_p_below50  1y_p_ruin  IS_median_mult
        0           186.8       4      20   0.005901     0.464    2.733e-05   0.005797           -0.1147     -0.4589           0.3927      0.9922          0.6417       1.002e-05             1          1       1.988e-15
    0.025           187.7       4      20   0.005534    0.4804      0.02583    0.02786          -0.09166     -0.3666           0.4676      0.9768           0.582       8.043e-05             1          1       1.104e-12
     0.05           188.5       4      20   0.005181     0.496      0.05109    0.04912          -0.06945     -0.2778           0.5552      0.9365          0.5189       0.0006263             1          1       4.461e-10
    0.075           189.3       4      20   0.004782    0.5119      0.07709    0.07064          -0.04694     -0.1877           0.6555       0.864          0.4532        0.005131        0.9998      0.989       2.349e-07
      0.1           190.2       4      20   0.004479    0.5281       0.1026    0.09198          -0.02464    -0.09857            0.778      0.7457          0.3942         0.04106        0.9887      0.804       7.649e-05
     0.15           191.9       4      20   0.003753    0.5601       0.1549     0.1352            0.0205     0.08199            1.092      0.4098          0.2909           2.986        0.3637     0.0185           29.18
      0.2           193.6       4      20   0.002922    0.5919       0.2073     0.1779           0.06527      0.2611            1.532      0.1343          0.2213           233.4         0.016          0       7.969e+06

=== 5m P3|B|10
 edge_pct  trades_per_30d  mean_N  mean_L  liq_share  tp_share  drift_H_pct  gross_pct  net_notional_pct  eq_ret_pct  30d_median_mult  30d_p_loss  30d_mdd_median  1y_median_mult  1y_p_below50  1y_p_ruin  IS_median_mult
        0             204       4      20  7.823e-05    0.4074   -0.0004286  1.138e-05           -0.1204     -0.4817           0.3578      0.9998          0.6592       3.637e-06             1          1       1.409e-16
    0.025           203.9       4      20  7.827e-05    0.4262      0.02546    0.02084          -0.09866     -0.3946           0.4287      0.9983          0.5976       3.263e-05             1          1       1.009e-13
     0.05           203.8       4      20  7.603e-05    0.4441      0.05077    0.04076          -0.07785     -0.3114           0.5061       0.988          0.5331        0.000262             1          1       3.926e-11
    0.075           203.6       4      20  7.147e-05    0.4622      0.07666    0.06105          -0.05666     -0.2266           0.6018      0.9533          0.4583        0.002199             1          1       1.778e-08
      0.1           203.5       4      20  6.691e-05    0.4804       0.1023    0.08121          -0.03559     -0.1423           0.7139      0.8582          0.3855         0.01776        0.9998     0.9635       1.137e-05
     0.15           203.3       4      20  6.237e-05    0.5169       0.1546      0.122           0.00704     0.02816            1.006      0.4942          0.2583           1.229        0.4558    0.02333           2.719
      0.2             203       4      20  6.474e-05    0.5534       0.2068     0.1623           0.04918      0.1967            1.407      0.1468          0.1765           80.55      0.005667          0       5.088e+05

=== 5m P3|C|10
 edge_pct  trades_per_30d  mean_N  mean_L  liq_share  tp_share  drift_H_pct  gross_pct  net_notional_pct  eq_ret_pct  30d_median_mult  30d_p_loss  30d_mdd_median  1y_median_mult  1y_p_below50  1y_p_ruin  IS_median_mult
        0           187.7       4      20          0    0.4626   -6.879e-05   0.004703           -0.1133     -0.4533           0.3982      0.9942          0.6348       1.272e-05             1          1       4.929e-15
    0.025           188.5       4      20          0    0.4791      0.02575    0.02686          -0.09032     -0.3613           0.4737      0.9792          0.5737       0.0001048             1          1        1.97e-12
     0.05           189.3       4      20          0    0.4948      0.05108    0.04821          -0.06818     -0.2727           0.5626       0.944          0.5092       0.0007901             1          1       9.398e-10
    0.075             190       4      20          0    0.5107      0.07715    0.06961          -0.04596     -0.1838           0.6643       0.874          0.4424        0.006308        0.9997      0.989       4.191e-07
      0.1           190.8       4      20          0    0.5269       0.1027    0.09111          -0.02363    -0.09452           0.7871      0.7457          0.3785         0.05102        0.9855     0.7627       0.0001738
     0.15           192.5       4      20          0     0.559        0.155     0.1343            0.0212     0.08478            1.104      0.3952          0.2731           3.711        0.2943      0.008           55.14
      0.2           194.1       4      20          0     0.591       0.2074     0.1769           0.06547      0.2619            1.546      0.1167          0.2006           263.1         0.006          0       1.273e+07

=== 5m P3|B|30
 edge_pct  trades_per_30d  mean_N  mean_L  liq_share  tp_share  drift_H_pct  gross_pct  net_notional_pct  eq_ret_pct  30d_median_mult  30d_p_loss  30d_mdd_median  1y_median_mult  1y_p_below50  1y_p_ruin  IS_median_mult
        0             190       4      20  0.0001779    0.1002   -0.0009293  -0.004735           -0.1409     -0.5636           0.3148      0.9975          0.7086       8.386e-07             1          1       1.243e-18
    0.025           189.1       4      20  0.0001787    0.1059      0.02499    0.01964           -0.1163     -0.4651           0.3817      0.9892          0.6539       8.413e-06             1          1        1.57e-15
     0.05           188.3       4      20   0.000167    0.1114      0.04992    0.04273          -0.09291     -0.3717           0.4529      0.9682          0.5998       7.454e-05             1          1       8.545e-13
    0.075           187.6       4      20  0.0001552    0.1168      0.07563    0.06618          -0.06921     -0.2768           0.5397      0.9235          0.5381       0.0006895             1          1       5.481e-10
      0.1           186.7       4      20  0.0001534    0.1221        0.101     0.0894          -0.04575      -0.183            0.644      0.8453           0.477        0.005957        0.9998     0.9805       3.757e-07
     0.15           185.2       4      20   0.000147    0.1331       0.1529     0.1365          0.001864    0.007458           0.9092      0.5845          0.3599          0.4276        0.7873      0.271          0.1131
      0.2           183.8       4      20  0.0001354    0.1442       0.2046     0.1834           0.04932      0.1973            1.268      0.2898          0.2732           29.98        0.1372      0.001       3.023e+04

=== 5m P3|B|100
 edge_pct  trades_per_30d  mean_N  mean_L  liq_share  tp_share  drift_H_pct  gross_pct  net_notional_pct  eq_ret_pct  30d_median_mult  30d_p_loss  30d_mdd_median  1y_median_mult  1y_p_below50  1y_p_ruin  IS_median_mult
        0           187.1       4      20  0.0003463  0.005883   -0.0008688  -0.007171           -0.1482     -0.5928           0.2971      0.9932          0.7267       3.907e-07             1          1        1.71e-19
    0.025           186.1       4      20  0.0003431  0.006171      0.02475    0.01697           -0.1241     -0.4963           0.3563      0.9848          0.6799       3.651e-06             1          1       1.607e-16
     0.05           185.1       4      20  0.0003347  0.006474      0.04952    0.04011           -0.1009     -0.4037            0.423       0.963          0.6301       3.012e-05             1          1       1.046e-13
    0.075           184.2       4      20  0.0003236  0.006799      0.07479    0.06337          -0.07767     -0.3107           0.5007      0.9238          0.5772        0.000257             1          1       4.607e-11
      0.1           183.3       4      20  0.0003125  0.007085      0.09981    0.08617          -0.05488     -0.2195           0.5862      0.8683          0.5252         0.00197             1     0.9942        2.23e-08
     0.15           181.5       4      20  0.0003052  0.007748        0.151     0.1332         -0.007887    -0.03155           0.8134      0.6627          0.4127          0.1279        0.9312     0.5732        0.003172
      0.2           179.8       4      20  0.0002872   0.00853       0.2018     0.1805           0.03946      0.1578            1.132       0.395          0.3192           7.814         0.336    0.01733           697.4

=== 5m P4|A|10
 edge_pct  trades_per_30d  mean_N  mean_L  liq_share  tp_share  drift_H_pct  gross_pct  net_notional_pct  eq_ret_pct  30d_median_mult  30d_p_loss  30d_mdd_median  1y_median_mult  1y_p_below50  1y_p_ruin  IS_median_mult
        0           209.8      20      50    0.05084    0.7528   -0.0005828   0.007535           -0.1173      -2.347         0.001593           1          0.9987       2.198e-35             1          1      4.481e-102
    0.025             211      20      50    0.04711    0.7681      0.02518    0.02092           -0.1016      -2.031         0.003349      0.9995          0.9972       1.829e-31             1          1       3.004e-90
     0.05           212.1      20      50    0.04346    0.7831      0.05042    0.03392          -0.08622      -1.724          0.00685       0.999          0.9946       1.453e-27             1          1       1.259e-79
    0.075           213.3      20      50    0.03987     0.798      0.07603    0.04674          -0.07109      -1.422          0.01427      0.9978          0.9893       1.066e-23             1          1       2.598e-67
      0.1           214.5      20      50     0.0362    0.8129       0.1014    0.05983          -0.05566      -1.113          0.03139      0.9883          0.9782       9.062e-20             1          1       3.955e-56
     0.15           216.9      20      50    0.02898    0.8431       0.1527    0.08605          -0.02477     -0.4953            0.143      0.9212          0.9195       1.214e-11             1          1       7.505e-33
      0.2           219.3      20      50    0.02161    0.8728        0.204     0.1121           0.00594      0.1188           0.6415      0.6295          0.7737        0.002269        0.9818     0.9178       1.902e-08

=== 5m P4|B|10
 edge_pct  trades_per_30d  mean_N  mean_L  liq_share  tp_share  drift_H_pct  gross_pct  net_notional_pct  eq_ret_pct  30d_median_mult  30d_p_loss  30d_mdd_median  1y_median_mult  1y_p_below50  1y_p_ruin  IS_median_mult
        0             222      20      50   0.002517    0.6783   -0.0006322   0.004576            -0.103       -2.06         0.005732           1          0.9948       2.238e-28             1          1       8.718e-82
    0.025           222.4      20      50   0.002411    0.6975      0.02504    0.01693          -0.08964      -1.793          0.01062           1          0.9905       4.511e-25             1          1        7.18e-72
     0.05           222.7      20      50   0.002295    0.7159      0.05008    0.02882          -0.07677      -1.535          0.01915      0.9998          0.9833       7.576e-22             1          1       1.731e-62
    0.075           223.1      20      50   0.002174    0.7346      0.07548    0.04083          -0.06378      -1.276           0.0353      0.9993          0.9696       1.237e-18             1          1       3.086e-53
      0.1           223.4      20      50   0.002055    0.7534       0.1008    0.05304          -0.05057      -1.011          0.06662      0.9968          0.9447       2.259e-15             1          1       9.515e-44
     0.15           224.2      20      50   0.001773    0.7913       0.1521    0.07765          -0.02393     -0.4785           0.2344      0.9412          0.8348       1.096e-08             1          1       4.978e-24
      0.2             225      20      50   0.001479    0.8287       0.2032     0.1021          0.002512     0.05023           0.8045       0.593          0.6197         0.05258        0.9447     0.7565       0.0001591

=== 5m P4|C|10
 edge_pct  trades_per_30d  mean_N  mean_L  liq_share  tp_share  drift_H_pct  gross_pct  net_notional_pct  eq_ret_pct  30d_median_mult  30d_p_loss  30d_mdd_median  1y_median_mult  1y_p_below50  1y_p_ruin  IS_median_mult
        0           214.5      20      50          0    0.7221   -0.0006986   0.006275          -0.09818      -1.964         0.007701           1          0.9932       8.924e-27             1          1       2.471e-76
    0.025           215.4      20      50          0    0.7388      0.02512    0.01894          -0.08466      -1.693          0.01412      0.9998          0.9877       1.539e-23             1          1       3.103e-67
     0.05           216.3      20      50          0    0.7551      0.05038    0.03125          -0.07152       -1.43          0.02514      0.9997          0.9788       2.159e-20             1          1       4.425e-58
    0.075           217.1      20      50          0    0.7713      0.07602    0.04336          -0.05859      -1.172          0.04509      0.9983          0.9631       2.816e-17             1          1       1.409e-48
      0.1             218      20      50          0    0.7878       0.1015    0.05588          -0.04522     -0.9045          0.08323      0.9933           0.935       4.845e-14             1          1       2.657e-39
     0.15           219.7      20      50          0    0.8211        0.153    0.08109          -0.01832     -0.3663           0.2913      0.8975          0.8111       2.052e-07             1          1       3.862e-20
      0.2           221.5      20      50          0    0.8536       0.2042     0.1058          0.008017      0.1603           0.9958      0.5012          0.6009          0.8336        0.8338     0.4857          0.4009

=== 5m P4|B|100
 edge_pct  trades_per_30d  mean_N  mean_L  liq_share  tp_share  drift_H_pct  gross_pct  net_notional_pct  eq_ret_pct  30d_median_mult  30d_p_loss  30d_mdd_median  1y_median_mult  1y_p_below50  1y_p_ruin  IS_median_mult
        0           188.7      20      50    0.01086   0.05661    -0.001091  -0.006101           -0.1491      -2.981        0.0004753           1          0.9996       5.824e-42             1          1      1.964e-121
    0.025           187.8      20      50     0.0105   0.06001      0.02479     0.0183           -0.1244      -2.487         0.001178      0.9997          0.9991       6.395e-37             1          1      4.723e-106
     0.05           186.9      20      50    0.01011   0.06321      0.04974    0.04145           -0.1009      -2.018         0.002832      0.9977           0.998        3.58e-32             1          1        6.36e-92
    0.075             186      20      50   0.009768   0.06638      0.07538    0.06475          -0.07733      -1.547         0.006924      0.9915          0.9956       1.994e-27             1          1       2.315e-78
      0.1           185.2      20      50   0.009389   0.06941       0.1006    0.08789           -0.0539      -1.078          0.01647      0.9753           0.991       1.049e-22             1          1       1.583e-64
     0.15           183.5      20      50   0.008589   0.07564       0.1523     0.1347         -0.006518     -0.1304          0.09354       0.875          0.9658        2.22e-13             1          1       6.403e-37
      0.2           181.9      20      50   0.007705   0.08203       0.2037     0.1812           0.04071      0.8142           0.4783       0.638           0.902       0.0002693        0.9808     0.9343       1.186e-10

=== 5m P5|A|10
 edge_pct  trades_per_30d  mean_N  mean_L  liq_share  tp_share  drift_H_pct  gross_pct  net_notional_pct  eq_ret_pct  30d_median_mult  30d_p_loss  30d_mdd_median  1y_median_mult  1y_p_below50  1y_p_ruin  IS_median_mult
        0           208.9   16.64   48.02    0.04619      0.75   -0.0006631   0.008767           -0.1143      -1.902         0.007491           1          0.9935       5.449e-27             1          1       1.389e-77
    0.025           210.1   16.64   48.03    0.04272    0.7656      0.02504     0.0231          -0.09764      -1.636          0.01353      0.9992          0.9886       8.346e-24             1          1       2.945e-68
     0.05           211.3   16.64   48.03    0.03929    0.7808      0.05021    0.03703          -0.08145      -1.376          0.02458      0.9985          0.9801       1.094e-20             1          1       2.344e-59
    0.075           212.5   16.65   48.03    0.03597    0.7959      0.07578    0.05078          -0.06549      -1.123          0.04475      0.9948          0.9653       1.465e-17             1          1       1.259e-50
      0.1           213.7   16.65   48.04    0.03259    0.8111       0.1011    0.06472          -0.04932     -0.8641          0.08219      0.9798          0.9399       2.178e-14             1          1       4.937e-41
     0.15           216.2   16.66   48.04    0.02591    0.8419       0.1524    0.09283          -0.01674     -0.3439           0.2766       0.881          0.8356       8.083e-08             1          1       6.129e-22
      0.2           218.8   16.66   48.05     0.0192    0.8719       0.2036     0.1203           0.01515      0.1658           0.9332      0.5268          0.6498          0.3041        0.8823     0.6237         0.01396

=== 5m P5|B|10
 edge_pct  trades_per_30d  mean_N  mean_L  liq_share  tp_share  drift_H_pct  gross_pct  net_notional_pct  eq_ret_pct  30d_median_mult  30d_p_loss  30d_mdd_median  1y_median_mult  1y_p_below50  1y_p_ruin  IS_median_mult
        0           221.5   16.69   48.07  7.205e-05    0.6722    -0.000638   0.005381           -0.1015      -1.728          0.01497           1           0.986       6.027e-23             1          1       1.902e-65
    0.025           221.9   16.69   48.07  7.192e-05    0.6918      0.02502     0.0186          -0.08726      -1.499          0.02521           1          0.9767       3.606e-20             1          1       1.744e-57
     0.05           222.3   16.69   48.07  6.968e-05    0.7107      0.05001    0.03127          -0.07364      -1.278          0.04203           1           0.962       1.708e-17             1          1       1.231e-49
    0.075           222.7   16.69   48.07  6.535e-05    0.7298      0.07538    0.04414          -0.05981      -1.056          0.07058      0.9993          0.9381       8.257e-15             1          1         1.4e-41
      0.1           223.1   16.69   48.07  6.103e-05     0.749       0.1006    0.05713          -0.04584     -0.8309           0.1196      0.9958          0.8987       4.685e-12             1          1       5.999e-34
     0.15           223.9   16.69   48.07  5.662e-05    0.7878       0.1519    0.08337          -0.01765     -0.3776           0.3444      0.9228            0.75       1.669e-06             1          1       1.381e-17
      0.2           224.7   16.69   48.07   5.85e-05    0.8259       0.2029     0.1092           0.01007     0.06896           0.9634      0.5205          0.5077          0.5374        0.8203      0.437          0.1763

=== 5m P5|C|10
 edge_pct  trades_per_30d  mean_N  mean_L  liq_share  tp_share  drift_H_pct  gross_pct  net_notional_pct  eq_ret_pct  30d_median_mult  30d_p_loss  30d_mdd_median  1y_median_mult  1y_p_below50  1y_p_ruin  IS_median_mult
        0           213.8   16.62   48.02          0    0.7238   -0.0007084   0.007457          -0.09693      -1.633          0.01956           1          0.9825       7.489e-22             1          1       1.728e-62
    0.025           214.7   16.62   48.02          0    0.7409      0.02508    0.02131           -0.0822      -1.395          0.03217      0.9998          0.9717       4.713e-19             1          1       5.886e-54
     0.05           215.6   16.63   48.02          0    0.7574      0.05026    0.03467            -0.068      -1.165          0.05354      0.9995          0.9539       2.428e-16             1          1       2.808e-46
    0.075           216.5   16.63   48.03          0     0.774      0.07586    0.04793           -0.0539     -0.9379          0.08969       0.997          0.9262       1.211e-13             1          1       3.154e-38
      0.1           217.4   16.64   48.03          0    0.7908       0.1012    0.06156          -0.03941     -0.7042            0.153      0.9847          0.8801       7.771e-11             1          1        3.76e-30
     0.15           219.2   16.65   48.04          0    0.8246       0.1527    0.08899          -0.01025     -0.2342           0.4527      0.8298          0.7118       4.019e-05             1     0.9977       1.482e-13
      0.2             221   16.66   48.05          0    0.8576       0.2038     0.1157           0.01817      0.2246            1.312      0.3665           0.496           19.29        0.5285     0.1353            3203

=== 5m P5|B|100
 edge_pct  trades_per_30d  mean_N  mean_L  liq_share  tp_share  drift_H_pct  gross_pct  net_notional_pct  eq_ret_pct  30d_median_mult  30d_p_loss  30d_mdd_median  1y_median_mult  1y_p_below50  1y_p_ruin  IS_median_mult
        0             188   16.74    48.1  0.0003521   0.04252   -0.0009901  -0.006192           -0.1454      -2.439         0.003467           1          0.9971       2.307e-30             1          1       2.491e-87
    0.025           187.1   16.74    48.1  0.0003489    0.0451      0.02471    0.01819           -0.1209      -2.077         0.007019      0.9993          0.9944       9.662e-27             1          1       9.997e-77
     0.05           186.2   16.74    48.1  0.0003404   0.04759      0.04953    0.04144          -0.09752      -1.731          0.01321      0.9968          0.9899       3.223e-23             1          1        3.64e-66
    0.075           185.3   16.74   48.09  0.0003294   0.05008      0.07495    0.06491          -0.07395      -1.385          0.02597       0.992          0.9819        9.32e-20             1          1       2.142e-56
      0.1           184.4   16.74   48.09  0.0003183    0.0524       0.1001    0.08805          -0.05071      -1.039          0.04956      0.9747          0.9682       2.431e-16             1          1       8.233e-46
     0.15           182.7   16.74   48.09  0.0003109   0.05734       0.1516     0.1355         -0.003089     -0.3429           0.1795        0.87          0.9136       1.362e-09             1          1       2.424e-26
      0.2           181.1   16.74   48.09  0.0002904   0.06232       0.2026     0.1829           0.04452      0.3431           0.6111      0.6208          0.8189        0.005266        0.9648     0.8812       1.911e-07

=== 5m P5c|A|10
 edge_pct  trades_per_30d  mean_N  mean_L  liq_share  tp_share  drift_H_pct  gross_pct  net_notional_pct  eq_ret_pct  30d_median_mult  30d_p_loss  30d_mdd_median  1y_median_mult  1y_p_below50  1y_p_ruin  IS_median_mult
        0           208.9   9.605   48.02    0.04619      0.75   -0.0006631   0.008767           -0.1143      -1.099          0.07598      0.9998           0.931       1.408e-14             1          1        4.44e-41
    0.025           210.1    10.4   48.03    0.04272    0.7656      0.02504     0.0231          -0.09764      -0.879             0.12      0.9975          0.8955       3.773e-12             1          1       3.062e-34
     0.05           211.3   11.18   48.03    0.03929    0.7808      0.05021    0.03703          -0.08145     -0.6627           0.1892      0.9867          0.8433       1.007e-09             1          1       4.571e-27
    0.075           212.5   11.95   48.03    0.03597    0.7959      0.07578    0.05078          -0.06549     -0.4499           0.2979      0.9473          0.7729       2.551e-07             1          1       3.349e-20
      0.1           213.7   12.74   48.04    0.03259    0.8111       0.1011    0.06472          -0.04932     -0.2331           0.4808       0.833          0.6816       7.355e-05        0.9998     0.9978       9.164e-13
     0.15           216.2   14.31   48.04    0.02591    0.8419       0.1524    0.09283          -0.01674      0.2004            1.224      0.3968          0.5022           7.643        0.6095     0.1843           137.9
      0.2           218.8   15.88   48.05     0.0192    0.8719       0.2036     0.1203           0.01515      0.6283            3.194     0.08383          0.3968       1.011e+06       0.09367      0.001       1.936e+17

=== 5m P5c|B|10
 edge_pct  trades_per_30d  mean_N  mean_L  liq_share  tp_share  drift_H_pct  gross_pct  net_notional_pct  eq_ret_pct  30d_median_mult  30d_p_loss  30d_mdd_median  1y_median_mult  1y_p_below50  1y_p_ruin  IS_median_mult
        0           221.5   9.614   48.07  7.205e-05    0.6722    -0.000638   0.005381           -0.1015     -0.9812           0.1002           1          0.9042       6.369e-13             1          1       1.702e-36
    0.025           221.9    10.4   48.07  7.192e-05    0.6918      0.02502     0.0186          -0.08726     -0.7946           0.1489      0.9998          0.8607       9.147e-11             1          1       4.948e-30
     0.05           222.3   11.19   48.07  6.968e-05    0.7107      0.05001    0.03127          -0.07364     -0.6153           0.2219      0.9978          0.8003       1.155e-08             1          1       6.925e-24
    0.075           222.7   11.96   48.07  6.535e-05    0.7298      0.07538    0.04414          -0.05981     -0.4339           0.3308      0.9775          0.7177       1.459e-06             1          1       1.428e-17
      0.1           223.1   12.75   48.07  6.103e-05     0.749       0.1006    0.05713          -0.04584     -0.2492           0.5001      0.8853          0.6103       0.0002058             1     0.9992         1.3e-11
     0.15           223.9   14.32   48.07  5.662e-05    0.7878       0.1519    0.08337          -0.01765      0.1185            1.136      0.4213          0.4115           4.337        0.5432     0.1137           119.6
      0.2           224.7   15.89   48.07   5.85e-05    0.8259       0.2029     0.1092           0.01007      0.4827            2.543       0.075          0.3092       9.172e+04       0.03917          0       2.806e+14

=== 5m P5c|C|10
 edge_pct  trades_per_30d  mean_N  mean_L  liq_share  tp_share  drift_H_pct  gross_pct  net_notional_pct  eq_ret_pct  30d_median_mult  30d_p_loss  30d_mdd_median  1y_median_mult  1y_p_below50  1y_p_ruin  IS_median_mult
        0           213.8   9.603   48.02          0    0.7238   -0.0007084   0.007457          -0.09693     -0.9341           0.1181           1            0.89       3.676e-12             1          1       6.671e-34
    0.025           214.7   10.39   48.02          0    0.7409      0.02508    0.02131           -0.0822     -0.7342           0.1795      0.9987          0.8374       6.368e-10             1          1       1.986e-27
     0.05           215.6   11.17   48.02          0    0.7574      0.05026    0.03467            -0.068     -0.5403            0.266      0.9893          0.7688       9.684e-08             1          1       5.129e-21
    0.075           216.5   11.95   48.03          0     0.774      0.07586    0.04793           -0.0539     -0.3477           0.4063      0.9408          0.6733       1.437e-05             1          1       1.285e-14
      0.1           217.4   12.74   48.03          0    0.7908       0.1012    0.06156          -0.03941     -0.1502           0.6249       0.785          0.5583        0.002556         0.998      0.979       4.611e-08
     0.15           219.2   14.31   48.04          0    0.8246       0.1527    0.08899          -0.01025      0.2441            1.472       0.269          0.3862            95.2        0.2573    0.01467       4.572e+05
      0.2             221   15.88   48.05          0    0.8576       0.2038     0.1157           0.01817       0.632            3.489     0.03367          0.2977       3.629e+06       0.02033          0       1.004e+19

=== 5m P6|B|none
 edge_pct  trades_per_30d  mean_N  mean_L  liq_share  tp_share  drift_H_pct  gross_pct  net_notional_pct  eq_ret_pct  30d_median_mult  30d_p_loss  30d_mdd_median  1y_median_mult  1y_p_below50  1y_p_ruin  IS_median_mult
        0           186.9    1.73   9.998          0         0   -0.0007152  -0.009359           -0.1505     -0.2569            0.608      0.9978          0.4076        0.002508             1          1       2.461e-08
    0.025           185.9    1.73   9.998          0         0      0.02485    0.01509           -0.1261     -0.2211           0.6508      0.9923          0.3705        0.005708             1          1       2.591e-07
     0.05             185   1.731   9.998          0         0      0.04953    0.03817           -0.1031     -0.1875           0.6951      0.9815          0.3332         0.01257             1     0.9998        2.89e-06
    0.075           184.1   1.731   9.998          0         0      0.07474    0.06139          -0.07986     -0.1538           0.7391      0.9607           0.297         0.02742             1     0.9912       2.588e-05
      0.1           183.1   1.731   9.998          0         0      0.09966      0.084          -0.05727     -0.1203           0.7891      0.9193          0.2616          0.0587             1      0.843       0.0002401
     0.15           181.3   1.731   9.998          0         0       0.1507     0.1313         -0.009986    -0.05225           0.8893      0.7523           0.195          0.2651        0.9053    0.05567         0.01773
      0.2           179.6   1.731   9.998          0         0       0.2014     0.1785           0.03716      0.0148            1.006      0.4878           0.143           1.166        0.1688  0.0003333           1.855

=== 5m P6h|B|none
 edge_pct  trades_per_30d  mean_N  mean_L  liq_share  tp_share  drift_H_pct  gross_pct  net_notional_pct  eq_ret_pct  30d_median_mult  30d_p_loss  30d_mdd_median  1y_median_mult  1y_p_below50  1y_p_ruin  IS_median_mult
        0           186.9   0.872   9.998          0         0   -0.0007152  -0.009359           -0.1505     -0.1294           0.7804      0.9975          0.2302         0.05061             1     0.9923       0.0001612
    0.025           185.9  0.8721   9.998          0         0      0.02485    0.01509           -0.1261     -0.1115           0.8074      0.9913           0.206         0.07667             1     0.8273       0.0005344
     0.05             185  0.8722   9.998          0         0      0.04953    0.03817           -0.1031    -0.09461           0.8344      0.9793           0.183          0.1139             1     0.3392        0.001763
    0.075           184.1  0.8723   9.998          0         0      0.07474    0.06139          -0.07986     -0.0777           0.8613       0.958          0.1609          0.1684        0.9998    0.03767        0.005359
      0.1           183.1  0.8723   9.998          0         0      0.09966      0.084          -0.05727    -0.06093           0.8895      0.9137          0.1403          0.2465        0.9945   0.001667         0.01626
     0.15           181.3  0.8725   9.998          0         0       0.1507     0.1313         -0.009986    -0.02678           0.9447      0.7428          0.1026          0.5267        0.5053          0          0.1412
      0.2           179.6  0.8727   9.998          0         0       0.2014     0.1785           0.03716    0.006832            1.005      0.4822         0.07413           1.107        0.0065          0           1.452

=== 5m P6|B|10
 edge_pct  trades_per_30d  mean_N  mean_L  liq_share  tp_share  drift_H_pct  gross_pct  net_notional_pct  eq_ret_pct  30d_median_mult  30d_p_loss  30d_mdd_median  1y_median_mult  1y_p_below50  1y_p_ruin  IS_median_mult
        0           193.5   1.716   9.998          0    0.1912   -0.0006552  -0.002688           -0.1341     -0.2364           0.6251      0.9997          0.3878         0.00345             1          1       6.393e-08
    0.025           192.8   1.715   9.998          0    0.2014      0.02538    0.02092             -0.11     -0.2009           0.6716      0.9973          0.3466        0.008109             1          1       7.593e-07
     0.05           192.2   1.714   9.998          0     0.211      0.05056    0.04349          -0.08701      -0.167            0.717      0.9883          0.3071         0.01823             1     0.9995       8.451e-06
    0.075           191.5   1.714   9.998          0    0.2209      0.07632    0.06631          -0.06371     -0.1332           0.7655      0.9663           0.268         0.04118             1     0.9697       7.883e-05
      0.1           190.9   1.713   9.998          0    0.2304       0.1019    0.08892          -0.04064    -0.09933           0.8169      0.9108          0.2291         0.08993        0.9995     0.6203       0.0008475
     0.15           189.6   1.712   9.998          0    0.2503       0.1538      0.135          0.006403    -0.03082           0.9308      0.6778          0.1607          0.4434         0.707     0.0045         0.09477
      0.2           188.5   1.711   9.998          0    0.2701       0.2059     0.1808           0.05319     0.03655            1.058      0.3575          0.1146           2.088       0.01817          0           8.804

=== 15m P0|A|10
 edge_pct  trades_per_30d  mean_N  mean_L  liq_share  tp_share  drift_H_pct  gross_pct  net_notional_pct  eq_ret_pct  30d_median_mult  30d_p_loss  30d_mdd_median  1y_median_mult  1y_p_below50  1y_p_ruin  IS_median_mult
        0           79.32       1       1          0   0.00422    -0.002504   0.009637           -0.1351     -0.1351           0.8899      0.7765          0.1805          0.2334          0.95    0.08183         0.01546
    0.025           79.33       1       1          0  0.004309      0.02308     0.0333           -0.1115     -0.1115           0.9082      0.7412          0.1704          0.2917        0.8948    0.03517         0.03079
     0.05           79.33       1       1          0  0.004498      0.04898    0.05863          -0.08614    -0.08614           0.9248      0.6982          0.1615          0.3712        0.7938    0.01383         0.05334
    0.075           79.33       1       1          0  0.004598      0.07493    0.08203          -0.06273    -0.06273           0.9435      0.6568          0.1532          0.4666        0.6735   0.004333         0.09878
      0.1           79.34       1       1          0   0.00474       0.1004     0.1063          -0.03842    -0.03842           0.9595      0.6097          0.1462          0.5921        0.5232   0.001667           0.195
     0.15           79.34       1       1          0  0.004994       0.1485      0.152          0.007275    0.007275           0.9931      0.5197          0.1323          0.9155        0.2423          0          0.7468
      0.2           79.35       1       1          0  0.005236       0.1994      0.204           0.05931     0.05931            1.033        0.42          0.1181           1.514        0.0705          0           3.803
      0.3           79.35       1       1          0  0.005703       0.3002      0.302            0.1573      0.1573            1.107      0.2412          0.0972           3.874      0.001667          0           60.28

=== 15m P0|B|10
 edge_pct  trades_per_30d  mean_N  mean_L  liq_share  tp_share  drift_H_pct  gross_pct  net_notional_pct  eq_ret_pct  30d_median_mult  30d_p_loss  30d_mdd_median  1y_median_mult  1y_p_below50  1y_p_ruin  IS_median_mult
        0           91.08       1       1          0  0.003722   -0.0005062   -0.00884           -0.1522     -0.1522           0.8637      0.8598          0.1857          0.1625        0.9955     0.1612        0.005734
    0.025            90.7       1       1          0  0.003805      0.02507    0.01299           -0.1304     -0.1304           0.8816      0.8287          0.1737           0.209        0.9797    0.06533         0.01111
     0.05           90.31       1       1          0  0.003982      0.05121    0.03681           -0.1066     -0.1066           0.8995       0.787          0.1633          0.2724        0.9363    0.01883          0.0216
    0.075           89.94       1       1          0  0.004092      0.07659    0.05881          -0.08464    -0.08464           0.9169      0.7437          0.1532          0.3472        0.8498   0.003833         0.04671
      0.1           89.56       1       1          0  0.004251       0.1025    0.08293          -0.06056    -0.06056           0.9347      0.6915          0.1428          0.4537        0.6907     0.0005          0.1197
     0.15           88.87       1       1          0  0.004517       0.1513     0.1278          -0.01574    -0.01574           0.9726      0.5885          0.1259          0.7412         0.304          0           0.479
      0.2           88.13       1       1          0  0.004768       0.2023     0.1744           0.03081     0.03081            1.009      0.4715          0.1107           1.223       0.06567          0           1.937
      0.3           86.68       1       1          0  0.005254       0.3042     0.2676            0.1238      0.1238            1.089      0.2558         0.08561            3.23     0.0001667          0           30.91

=== 15m P1|B|10
 edge_pct  trades_per_30d  mean_N  mean_L  liq_share  tp_share  drift_H_pct  gross_pct  net_notional_pct  eq_ret_pct  30d_median_mult  30d_p_loss  30d_mdd_median  1y_median_mult  1y_p_below50  1y_p_ruin  IS_median_mult
        0           94.88    1.25       5          0    0.1638    0.0005731  -0.001148           -0.1361     -0.1701           0.8436      0.8835          0.2062          0.1228        0.9997     0.3765        0.002467
    0.025            94.6    1.25       5          0    0.1686      0.02637    0.02156           -0.1132     -0.1415            0.866      0.8403          0.1923          0.1709        0.9905     0.1598        0.006638
     0.05           94.31    1.25       5          0    0.1736      0.05308    0.04505          -0.08947     -0.1118           0.8913      0.7928          0.1785          0.2433        0.9528    0.04083         0.01647
    0.075           94.03    1.25       5          0    0.1781      0.07908    0.06756          -0.06675    -0.08344           0.9163      0.7343          0.1662          0.3363        0.8615   0.008667         0.04265
      0.1           93.75    1.25       5          0     0.183       0.1052    0.09118          -0.04292    -0.05365             0.94      0.6725          0.1534          0.4736        0.6608  0.0003333          0.1065
     0.15           93.24    1.25       5          0    0.1925       0.1553     0.1371          0.003428    0.004285           0.9881      0.5345          0.1328          0.9195        0.2093          0          0.7654
      0.2           92.69    1.25       5          0    0.2027       0.2083     0.1846           0.05141     0.06426            1.041      0.3883          0.1152           1.807       0.02167          0           5.236
      0.3           91.61    1.25       5          0    0.2228       0.3123     0.2797            0.1474      0.1842            1.158      0.1588         0.08754           6.869             0          0           251.9

=== 15m P2|B|10
 edge_pct  trades_per_30d  mean_N  mean_L  liq_share  tp_share  drift_H_pct  gross_pct  net_notional_pct  eq_ret_pct  30d_median_mult  30d_p_loss  30d_mdd_median  1y_median_mult  1y_p_below50  1y_p_ruin  IS_median_mult
        0             102     2.5      10  9.205e-06    0.3725     0.001722   0.004888            -0.119     -0.2974           0.7199      0.9113          0.3456         0.01743             1     0.9865       7.877e-06
    0.025           101.9     2.5      10  9.213e-06     0.382      0.02801    0.02513          -0.09825     -0.2456           0.7586      0.8768          0.3175          0.0335             1     0.9242        4.67e-05
     0.05           101.8     2.5      10  9.221e-06    0.3919      0.05518    0.04638          -0.07651     -0.1913           0.8013      0.8268          0.2948         0.06569        0.9975     0.7482       0.0003449
    0.075           101.7     2.5      10  9.229e-06    0.4018      0.08168    0.06757          -0.05483     -0.1371           0.8466      0.7618          0.2703          0.1286        0.9772     0.4485        0.002515
      0.1           101.6     2.5      10  4.619e-06    0.4115       0.1079    0.08852           -0.0334    -0.08351           0.8884      0.6905          0.2481          0.2503         0.893     0.1648         0.01886
     0.15           101.5     2.5      10  4.627e-06    0.4304       0.1591     0.1293          0.008269     0.02067           0.9855       0.524           0.209          0.9251        0.4368   0.006667          0.8713
      0.2           101.3     2.5      10  4.635e-06    0.4498       0.2117     0.1713           0.05123      0.1281            1.096      0.3503          0.1775           3.503        0.0635  0.0001667           38.75
      0.3             101     2.5      10   4.65e-06    0.4897       0.3165      0.257            0.1389      0.3472            1.363     0.09733          0.1306           52.36     0.0001667          0       1.035e+05

=== 15m P2|C|10
 edge_pct  trades_per_30d  mean_N  mean_L  liq_share  tp_share  drift_H_pct  gross_pct  net_notional_pct  eq_ret_pct  30d_median_mult  30d_p_loss  30d_mdd_median  1y_median_mult  1y_p_below50  1y_p_ruin  IS_median_mult
        0            89.8     2.5      10          0    0.4265    0.0002963    0.01626           -0.1061     -0.2652           0.7658      0.8238           0.346         0.03171        0.9978     0.8995       4.524e-05
    0.025            90.1     2.5      10          0    0.4351      0.02683    0.03872          -0.08317     -0.2079           0.8052      0.7778          0.3257         0.05862        0.9922     0.7648       0.0002678
     0.05           90.42     2.5      10          0    0.4438      0.05405    0.06102           -0.0604      -0.151           0.8418      0.7233          0.3079          0.1089        0.9697     0.5468        0.001775
    0.075           90.72     2.5      10          0    0.4528      0.08141    0.08384           -0.0371    -0.09275           0.8907       0.652          0.2894          0.2078        0.9067     0.3177         0.01039
      0.1              91     2.5      10          0    0.4611       0.1075     0.1054          -0.01509    -0.03772           0.9367      0.5963          0.2713          0.3845        0.7812       0.14         0.07743
     0.15           91.57     2.5      10          0    0.4779       0.1591     0.1484           0.02878     0.07195            1.029      0.4577          0.2396           1.338        0.4068    0.01183           2.347
      0.2           92.14     2.5      10          0     0.495       0.2121     0.1936           0.07495      0.1874            1.144      0.3225          0.2119           5.005        0.1073  0.0001667           129.9
      0.3           93.38     2.5      10          0      0.53       0.3168     0.2837            0.1669      0.4172            1.408      0.1115          0.1711           72.57      0.002833          0       3.603e+05

=== 15m P3|A|10
 edge_pct  trades_per_30d  mean_N  mean_L  liq_share  tp_share  drift_H_pct  gross_pct  net_notional_pct  eq_ret_pct  30d_median_mult  30d_p_loss  30d_mdd_median  1y_median_mult  1y_p_below50  1y_p_ruin  IS_median_mult
        0           100.8       4      20    0.01946    0.6671    0.0008188    0.01584           -0.1017      -0.407           0.6252      0.8808          0.4801        0.002146             1     0.9965       2.035e-08
    0.025           101.3       4      20    0.01869    0.6765       0.0271    0.03254           -0.0842     -0.3368           0.6688      0.8453          0.4543        0.005154        0.9998     0.9843       1.841e-07
     0.05           101.9       4      20    0.01794    0.6861       0.0546    0.04924          -0.06665     -0.2666           0.7158      0.7947          0.4307         0.01239        0.9992     0.9475       3.465e-06
    0.075           102.4       4      20    0.01722    0.6963      0.08161    0.06674           -0.0483     -0.1932           0.7711        0.74          0.4075         0.03108         0.991     0.8488       5.925e-05
      0.1           102.9       4      20    0.01642    0.7057       0.1076     0.0833          -0.03087     -0.1235            0.829      0.6813          0.3787         0.07733         0.966     0.6625       0.0006603
     0.15           103.9       4      20    0.01504    0.7242       0.1583      0.115          0.002441    0.009762           0.9477      0.5567          0.3358          0.4421        0.7747     0.2357         0.08345
      0.2             105       4      20    0.01333    0.7437       0.2114       0.15           0.03923      0.1569            1.113      0.3902          0.2916           3.103        0.3573    0.01917           26.49
      0.3           107.3       4      20    0.01014    0.7821       0.3155     0.2183             0.111      0.4439            1.523      0.1292          0.2264           163.2       0.02333          0       2.635e+06

=== 15m P3|B|10
 edge_pct  trades_per_30d  mean_N  mean_L  liq_share  tp_share  drift_H_pct  gross_pct  net_notional_pct  eq_ret_pct  30d_median_mult  30d_p_loss  30d_mdd_median  1y_median_mult  1y_p_below50  1y_p_ruin  IS_median_mult
        0           112.5       4      20  0.0003047    0.5893      0.00177   0.008635           -0.1037     -0.4147           0.6032       0.959          0.4522        0.001973             1          1       1.469e-08
    0.025           112.6       4      20  0.0002918    0.6006      0.02775     0.0238          -0.08793     -0.3517           0.6483      0.9287          0.4213        0.004706             1     0.9997       1.879e-07
     0.05           112.8       4      20  0.0002998    0.6124      0.05505    0.03984          -0.07129     -0.2852           0.6972      0.8867          0.3873          0.0118             1     0.9893       2.585e-06
    0.075           112.9       4      20  0.0002994    0.6243      0.08145    0.05565          -0.05488     -0.2195           0.7529       0.836          0.3538         0.02905        0.9995     0.9195        3.85e-05
      0.1             113       4      20  0.0002825    0.6357       0.1073    0.07111          -0.03883     -0.1553            0.805      0.7697          0.3236         0.07132        0.9908      0.696       0.0004191
     0.15           113.3       4      20  0.0002653    0.6585       0.1581     0.1016         -0.007193    -0.02877           0.9324      0.5985          0.2659          0.4182        0.7705     0.1212         0.05568
      0.2           113.5       4      20  0.0002481     0.682       0.2107     0.1333            0.0257      0.1028            1.077      0.3898          0.2199           2.674        0.1962   0.002833           15.82
      0.3           114.1       4      20  0.0001934    0.7293       0.3147     0.1972           0.09201       0.368            1.464       0.077           0.152           111.7      0.001667          0       1.237e+06

=== 15m P3|C|10
 edge_pct  trades_per_30d  mean_N  mean_L  liq_share  tp_share  drift_H_pct  gross_pct  net_notional_pct  eq_ret_pct  30d_median_mult  30d_p_loss  30d_mdd_median  1y_median_mult  1y_p_below50  1y_p_ruin  IS_median_mult
        0           102.9       4      20          0    0.6581     0.000944    0.01164          -0.09785     -0.3914           0.6371      0.8972          0.4552        0.003271             1     0.9978       8.984e-08
    0.025           103.3       4      20          0    0.6678      0.02759    0.02814          -0.08083     -0.3233           0.6791      0.8532          0.4285        0.007733             1     0.9865       6.943e-07
     0.05           103.8       4      20          0    0.6777      0.05523    0.04528          -0.06315     -0.2526            0.728      0.8017          0.3982         0.01907        0.9985     0.9338       1.219e-05
    0.075           104.3       4      20          0    0.6879      0.08231    0.06227          -0.04561     -0.1824           0.7858      0.7463          0.3703         0.04627        0.9913     0.7975       0.0001856
      0.1           104.7       4      20          0    0.6976       0.1083    0.07866          -0.02871     -0.1148           0.8415      0.6862          0.3448          0.1126        0.9568     0.5618        0.002599
     0.15           105.6       4      20          0    0.7167        0.159     0.1108          0.004486     0.01794           0.9646       0.539          0.2971          0.6313         0.679     0.1113          0.3409
      0.2           106.6       4      20          0    0.7368       0.2122     0.1455           0.04028      0.1611            1.132      0.3592          0.2533           4.293        0.2065     0.0035           79.62
      0.3           108.5       4      20          0    0.7765       0.3165     0.2137            0.1105      0.4422            1.546     0.08133          0.1873           201.6      0.005667          0       6.322e+06

=== 15m P3|B|30
 edge_pct  trades_per_30d  mean_N  mean_L  liq_share  tp_share  drift_H_pct  gross_pct  net_notional_pct  eq_ret_pct  30d_median_mult  30d_p_loss  30d_mdd_median  1y_median_mult  1y_p_below50  1y_p_ruin  IS_median_mult
        0           97.37       4      20  0.0008052    0.2437    0.0007573   0.001353           -0.1297     -0.5188           0.5569      0.9157          0.5291       0.0006805             1          1       5.026e-10
    0.025           97.16       4      20  0.0007828    0.2505      0.02672    0.02323           -0.1075       -0.43           0.6072      0.8805           0.499        0.001983             1     0.9977       1.672e-08
     0.05           96.93       4      20  0.0007944    0.2578      0.05393    0.04654          -0.08385     -0.3354           0.6617       0.831          0.4674        0.006203             1     0.9812       3.438e-07
    0.075           96.73       4      20  0.0007911    0.2646       0.0802     0.0692          -0.06086     -0.2435           0.7248      0.7733          0.4397         0.01844        0.9953     0.9183       7.351e-06
      0.1           96.51       4      20  0.0007686    0.2715       0.1065    0.09189          -0.03784     -0.1514           0.7868      0.7108          0.4125         0.05614        0.9793     0.7588       0.0001858
     0.15           96.14       4      20  0.0007228     0.285       0.1569     0.1362          0.007172     0.02869           0.9276      0.5692          0.3583          0.4696        0.7875     0.2518          0.0722
      0.2           95.72       4      20  0.0006769    0.2992       0.2097     0.1823           0.05391      0.2156            1.104      0.4098          0.3122            4.08        0.3705    0.02117           47.35
      0.3           94.87       4      20  0.0005097    0.3279       0.3145     0.2749            0.1479      0.5917            1.557      0.1487          0.2405           307.1       0.02267          0       1.961e+07

=== 15m P3|B|100
 edge_pct  trades_per_30d  mean_N  mean_L  liq_share  tp_share  drift_H_pct  gross_pct  net_notional_pct  eq_ret_pct  30d_median_mult  30d_p_loss  30d_mdd_median  1y_median_mult  1y_p_below50  1y_p_ruin  IS_median_mult
        0           91.52       4      20   0.001395   0.02541   -0.0002396  -0.005991           -0.1488     -0.5952            0.512      0.9027          0.5788       0.0002508             1          1        3.38e-11
    0.025           91.15       4      20    0.00138    0.0261      0.02542    0.01622           -0.1266     -0.5064           0.5577      0.8737          0.5521       0.0006863             1     0.9992       8.912e-10
     0.05           90.77       4      20   0.001376   0.02682      0.05143    0.03916           -0.1037     -0.4146           0.6073      0.8402          0.5287        0.001925        0.9998     0.9923       1.203e-08
    0.075           90.41       4      20   0.001376   0.02747      0.07687    0.06113          -0.08169     -0.3268           0.6554      0.8013          0.5018        0.005197        0.9987     0.9715        2.28e-07
      0.1           90.04       4      20    0.00135   0.02829       0.1029    0.08523          -0.05758     -0.2303           0.7104      0.7523          0.4764         0.01494         0.993     0.9128       5.789e-06
     0.15           89.36       4      20   0.001319   0.02969       0.1521     0.1305          -0.01231    -0.04926           0.8296      0.6482          0.4306           0.108        0.9402     0.6127         0.00181
      0.2           88.65       4      20   0.001282   0.03142       0.2038     0.1778           0.03497      0.1399           0.9712      0.5243          0.3847          0.8332        0.7257     0.2178          0.6379
      0.3           87.23       4      20   0.001136   0.03468       0.3065     0.2724            0.1296      0.5186            1.326      0.2947           0.308           43.94         0.172   0.003333       7.872e+04

=== 15m P4|A|10
 edge_pct  trades_per_30d  mean_N  mean_L  liq_share  tp_share  drift_H_pct  gross_pct  net_notional_pct  eq_ret_pct  30d_median_mult  30d_p_loss  30d_mdd_median  1y_median_mult  1y_p_below50  1y_p_ruin  IS_median_mult
        0           119.8      20      50     0.0857    0.8468     0.002006    0.01146           -0.1242      -2.484          0.01567      0.9982          0.9881       1.668e-23             1          1       2.395e-67
    0.025           120.2      20      50    0.08193    0.8533      0.02778    0.01965            -0.114      -2.281          0.02049       0.997          0.9845       5.391e-22             1          1       8.275e-63
     0.05           120.6      20      50    0.07832    0.8596      0.05441    0.02767           -0.1041      -2.083          0.02727      0.9942          0.9802       1.713e-20             1          1       1.023e-58
    0.075           121.1      20      50    0.07463    0.8663      0.08064    0.03598          -0.09387      -1.877          0.03586        0.99          0.9747       5.723e-19             1          1        3.35e-54
      0.1           121.4      20      50    0.07117    0.8724       0.1062    0.04356          -0.08447      -1.689          0.04621      0.9852          0.9677       1.452e-17             1          1       2.852e-50
     0.15           122.2      20      50    0.06416    0.8851       0.1558    0.05922          -0.06512      -1.302          0.08088      0.9657          0.9467        1.37e-14             1          1       1.303e-41
      0.2           123.1      20      50    0.05673    0.8982       0.2075    0.07556          -0.04488     -0.8976           0.1479      0.9258           0.912       1.976e-11             1          1        8.32e-32
      0.3           124.8      20      50    0.04217    0.9237       0.3088     0.1076         -0.005235     -0.1047           0.4714       0.727          0.7911       4.234e-05        0.9977      0.986       1.239e-13

=== 15m P4|B|10
 edge_pct  trades_per_30d  mean_N  mean_L  liq_share  tp_share  drift_H_pct  gross_pct  net_notional_pct  eq_ret_pct  30d_median_mult  30d_p_loss  30d_mdd_median  1y_median_mult  1y_p_below50  1y_p_ruin  IS_median_mult
        0           125.2      20      50    0.01323    0.7943     0.001829    0.01025          -0.09656      -1.931          0.05214      0.9985          0.9567           7e-17             1          1        1.17e-47
    0.025           125.3      20      50    0.01283    0.8024      0.02742    0.01768          -0.08854      -1.771          0.06483      0.9973          0.9465       9.518e-16             1          1       2.822e-44
     0.05           125.5      20      50    0.01236    0.8102      0.05384    0.02511           -0.0805       -1.61          0.08204      0.9947          0.9343       1.464e-14             1          1       5.581e-41
    0.075           125.8      20      50    0.01203    0.8186      0.07969    0.03272          -0.07233      -1.447           0.1006      0.9907          0.9191       2.251e-13             1          1       1.786e-37
      0.1           125.9      20      50    0.01161    0.8263       0.1051    0.03983          -0.06464      -1.293            0.125      0.9838          0.9027       2.903e-12             1          1        1.36e-34
     0.15           126.3      20      50     0.0108    0.8421       0.1547    0.05441           -0.0489     -0.9779           0.1893      0.9633          0.8619        5.93e-10             1          1       2.679e-28
      0.2           126.7      20      50   0.009864    0.8584       0.2063    0.06948          -0.03259     -0.6517           0.2932      0.9075           0.801       1.501e-07             1          1        1.97e-20
      0.3           127.4      20      50   0.008294    0.8908       0.3078    0.09928        -0.0004525   -0.009051           0.7215      0.6453          0.6343         0.00954        0.9762     0.8753       1.232e-06

=== 15m P4|C|10
 edge_pct  trades_per_30d  mean_N  mean_L  liq_share  tp_share  drift_H_pct  gross_pct  net_notional_pct  eq_ret_pct  30d_median_mult  30d_p_loss  30d_mdd_median  1y_median_mult  1y_p_below50  1y_p_ruin  IS_median_mult
        0           124.4      20      50          0    0.7826     0.001739   0.008285          -0.09346      -1.869          0.06456      0.9987          0.9446       1.841e-15             1          1       6.442e-44
    0.025           124.6      20      50          0    0.7905      0.02738    0.01531          -0.08603      -1.721          0.07823       0.998          0.9337       1.996e-14             1          1       1.726e-40
     0.05           124.8      20      50          0    0.7981      0.05392    0.02208          -0.07886      -1.577          0.09409      0.9968          0.9211       2.069e-13             1          1        1.05e-37
    0.075           125.1      20      50          0    0.8062      0.07986    0.02921          -0.07132      -1.426           0.1159      0.9945          0.9062       2.368e-12             1          1       8.216e-35
      0.1           125.3      20      50          0    0.8135       0.1053    0.03564          -0.06452       -1.29           0.1372      0.9908          0.8892       2.089e-11             1          1       1.163e-31
     0.15           125.7      20      50          0    0.8286        0.155    0.04894          -0.05043      -1.009           0.2003       0.975          0.8463       2.095e-09             1          1        2.99e-26
      0.2           126.2      20      50          0    0.8442       0.2068    0.06266           -0.0359      -0.718           0.2933       0.932          0.7854       2.439e-07             1          1       3.601e-20
      0.3           127.1      20      50          0    0.8752       0.3085    0.09009         -0.006871     -0.1374           0.6579      0.7052          0.6237        0.003817         0.991     0.9358       7.908e-08

=== 15m P4|B|100
 edge_pct  trades_per_30d  mean_N  mean_L  liq_share  tp_share  drift_H_pct  gross_pct  net_notional_pct  eq_ret_pct  30d_median_mult  30d_p_loss  30d_mdd_median  1y_median_mult  1y_p_below50  1y_p_ruin  IS_median_mult
        0            95.4      20      50    0.06211    0.1579    0.0002696  -0.002758           -0.1647      -3.293         0.003557       0.993          0.9978       1.531e-31             1          1       7.989e-91
    0.025           95.11      20      50    0.06085    0.1628      0.02633    0.01937           -0.1418      -2.835         0.005543       0.987          0.9967       3.986e-29             1          1       5.342e-84
     0.05           94.79      20      50    0.05947    0.1678      0.05337    0.04246           -0.1179      -2.357          0.00879      0.9797          0.9952       1.088e-26             1          1       1.074e-76
    0.075            94.5      20      50    0.05815    0.1722      0.07935    0.06444          -0.09512      -1.902          0.01352      0.9682          0.9932       2.614e-24             1          1       5.534e-70
      0.1           94.21      20      50    0.05682    0.1772       0.1056    0.08725          -0.07153      -1.431          0.02148      0.9542          0.9898       7.891e-22             1          1       1.233e-62
     0.15           93.67      20      50    0.05395    0.1867       0.1558     0.1321          -0.02506     -0.5011          0.04782      0.9007          0.9809       4.731e-17             1          1       1.097e-48
      0.2           93.09      20      50    0.05123    0.1968        0.209     0.1783            0.0228       0.456            0.119      0.8263          0.9646       3.223e-12             1          1       2.033e-35
      0.3           91.98      20      50    0.04582     0.217       0.3133     0.2706            0.1183       2.367             0.66      0.5702          0.9043         0.01081         0.961     0.8742       3.173e-07

=== 15m P5|A|10
 edge_pct  trades_per_30d  mean_N  mean_L  liq_share  tp_share  drift_H_pct  gross_pct  net_notional_pct  eq_ret_pct  30d_median_mult  30d_p_loss  30d_mdd_median  1y_median_mult  1y_p_below50  1y_p_ruin  IS_median_mult
        0           116.6   11.76   42.13    0.06987    0.8389     0.001974    0.01818           -0.1113      -1.341           0.1415      0.9865          0.8844       2.009e-11             1          1       1.031e-31
    0.025           117.1   11.76   42.14    0.06665    0.8458      0.02765    0.02836          -0.09934      -1.206           0.1705      0.9797          0.8654       1.682e-10             1          1       3.666e-29
     0.05           117.6   11.77   42.15    0.06364    0.8527      0.05414    0.03855          -0.08749      -1.078           0.1968      0.9702          0.8472       1.174e-09             1          1       2.047e-26
    0.075           118.1   11.77   42.15    0.06042      0.86      0.08046    0.04921          -0.07504     -0.9403            0.231      0.9548          0.8229       1.016e-08             1          1       4.959e-24
      0.1           118.5   11.77   42.16     0.0574    0.8667       0.1058    0.05917          -0.06342     -0.8154           0.2708       0.935          0.7982       6.962e-08             1          1       2.341e-21
     0.15           119.5   11.78   42.17    0.05161    0.8801       0.1553    0.07855          -0.04081     -0.5668           0.3793      0.8828          0.7373       3.451e-06             1          1       1.428e-16
      0.2           120.6   11.79   42.18    0.04529    0.8942       0.2067    0.09955          -0.01632     -0.3022           0.5319      0.7818          0.6656       0.0002609        0.9993     0.9912       3.853e-11
      0.3           122.6    11.8    42.2    0.03264    0.9216       0.3078     0.1407           0.03181      0.2244             1.09      0.4528          0.4979            1.68        0.7135     0.3012           3.273

=== 15m P5|B|10
 edge_pct  trades_per_30d  mean_N  mean_L  liq_share  tp_share  drift_H_pct  gross_pct  net_notional_pct  eq_ret_pct  30d_median_mult  30d_p_loss  30d_mdd_median  1y_median_mult  1y_p_below50  1y_p_ruin  IS_median_mult
        0           123.6   11.82   42.23  0.0002772    0.7706     0.001795    0.01273          -0.08979      -1.091           0.2224      0.9957          0.8015       8.808e-09             1          1       3.459e-24
    0.025           123.8   11.82   42.24  0.0002654    0.7795      0.02728    0.02201          -0.08004     -0.9831           0.2558      0.9903          0.7758       4.808e-08             1          1       4.285e-22
     0.05           124.1   11.82   42.24  0.0002724    0.7885      0.05377    0.03164          -0.06995     -0.8764           0.2948      0.9837          0.7465       2.497e-07             1          1       4.221e-20
    0.075           124.3   11.82   42.24  0.0002719    0.7979      0.07971    0.04142          -0.05968     -0.7641           0.3388      0.9738          0.7125       1.401e-06             1          1         8.5e-18
      0.1           124.5   11.83   42.24  0.0002564    0.8067        0.105    0.05072          -0.04993     -0.6588            0.388       0.959          0.6767       7.359e-06             1          1       1.367e-15
     0.15           124.9   11.83   42.25  0.0002405    0.8244       0.1546    0.06919          -0.03054     -0.4456           0.5079      0.8947          0.5997       0.0002077             1     0.9997       2.748e-11
      0.2           125.4   11.83   42.25  0.0002246    0.8425        0.206    0.08832          -0.01047       -0.23           0.6691      0.7803          0.5096         0.00643        0.9977     0.9612       5.359e-07
      0.3           126.3   11.83   42.26  0.0001748    0.8789       0.3073     0.1267            0.0298      0.2063            1.174      0.3587          0.3429           6.871        0.3393    0.02317           300.5

=== 15m P5|C|10
 edge_pct  trades_per_30d  mean_N  mean_L  liq_share  tp_share  drift_H_pct  gross_pct  net_notional_pct  eq_ret_pct  30d_median_mult  30d_p_loss  30d_mdd_median  1y_median_mult  1y_p_below50  1y_p_ruin  IS_median_mult
        0           121.8   11.75   42.14          0    0.7904     0.002053    0.01338          -0.08814      -1.051           0.2355      0.9913          0.7965       1.475e-08             1          1       1.202e-23
    0.025           122.1   11.76   42.15          0    0.7988      0.02755    0.02281          -0.07827      -0.942           0.2702      0.9843          0.7681       7.779e-08             1          1       2.174e-21
     0.05           122.4   11.76   42.16          0    0.8072      0.05416    0.03269          -0.06795     -0.8328           0.3114      0.9755          0.7395       4.212e-07             1          1       2.669e-19
    0.075           122.7   11.77   42.16          0    0.8161      0.08019    0.04266          -0.05752     -0.7183           0.3607      0.9613          0.7046       2.415e-06             1          1       5.358e-17
      0.1             123   11.77   42.17          0    0.8242       0.1056    0.05202          -0.04774     -0.6121           0.4084      0.9392          0.6719        1.24e-05             1          1       5.437e-15
     0.15           123.5   11.78   42.18          0    0.8407       0.1551    0.07057          -0.02832     -0.3984            0.534       0.866          0.5932       0.0003468             1     0.9992       1.298e-10
      0.2           124.2   11.79   42.19          0    0.8578       0.2067    0.09006         -0.007947     -0.1779           0.7098       0.736          0.5087         0.01183         0.993     0.9145       2.957e-06
      0.3           125.3    11.8   42.21          0    0.8918        0.308     0.1289           0.03269      0.2647            1.266      0.3238          0.3463           14.45        0.2865    0.01517            2335

=== 15m P5|B|100
 edge_pct  trades_per_30d  mean_N  mean_L  liq_share  tp_share  drift_H_pct  gross_pct  net_notional_pct  eq_ret_pct  30d_median_mult  30d_p_loss  30d_mdd_median  1y_median_mult  1y_p_below50  1y_p_ruin  IS_median_mult
        0           92.94   11.83    42.2   0.001384   0.09675    0.0005722  -0.005998           -0.1451      -1.689           0.1141      0.9688          0.9178        3.36e-12             1          1        3.82e-34
    0.025           92.63   11.83    42.2   0.001369    0.0999      0.02618    0.01636           -0.1226       -1.46           0.1429      0.9527          0.9021       4.734e-11             1          1       4.358e-31
     0.05           92.29   11.83    42.2   0.001363    0.1029      0.05234    0.03956          -0.09929      -1.229           0.1784      0.9348          0.8833       6.513e-10             1          1       9.764e-28
    0.075           91.97   11.83   42.19   0.001358    0.1055      0.07786    0.06166          -0.07709      -1.008           0.2205      0.9117          0.8625       8.106e-09             1          1        9.78e-25
      0.1           91.65   11.83   42.19   0.001332    0.1087       0.1037    0.08587          -0.05273     -0.7722           0.2685      0.8733          0.8405       1.153e-07             1          1       2.376e-21
     0.15           91.04   11.83   42.19   0.001299    0.1148       0.1532     0.1318         -0.006541     -0.3174           0.4061       0.783          0.7898       1.816e-05        0.9995      0.995        1.13e-14
      0.2            90.4   11.83   42.19   0.001262    0.1213       0.2055     0.1793           0.04122      0.1502           0.6122        0.67          0.7333        0.003215        0.9858     0.9187       1.613e-08
      0.3           89.12   11.82   42.18   0.001106    0.1339       0.3083     0.2745             0.137       1.088            1.389      0.3853          0.6182           71.09        0.6353      0.229       1.934e+05

=== 15m P5c|A|10
 edge_pct  trades_per_30d  mean_N  mean_L  liq_share  tp_share  drift_H_pct  gross_pct  net_notional_pct  eq_ret_pct  30d_median_mult  30d_p_loss  30d_mdd_median  1y_median_mult  1y_p_below50  1y_p_ruin  IS_median_mult
        0           116.6   8.427   42.13    0.06987    0.8389     0.001974    0.01818           -0.1113     -0.9586            0.272      0.9793          0.7718       7.016e-08             1          1       2.294e-21
    0.025           117.1   8.841   42.14    0.06665    0.8458      0.02765    0.02836          -0.09934     -0.8098           0.3249      0.9625          0.7363       5.957e-07             1          1       1.247e-18
     0.05           117.6   9.241   42.15    0.06364    0.8527      0.05414    0.03855          -0.08749      -0.666           0.3805      0.9352          0.7023       4.822e-06             1          1       2.556e-16
    0.075           118.1   9.646   42.15    0.06042      0.86      0.08046    0.04921          -0.07504     -0.5135           0.4551      0.8885          0.6614       4.399e-05             1          1       2.185e-13
      0.1           118.5   10.05   42.16     0.0574    0.8667       0.1058    0.05917          -0.06342     -0.3702           0.5397      0.8268           0.618       0.0003662             1      0.997       7.784e-11
     0.15           119.5   10.85   42.17    0.05161    0.8801       0.1553    0.07855          -0.04081    -0.08869           0.7641      0.6595          0.5394         0.02238        0.9758     0.8338       2.049e-05
      0.2           120.6   11.66   42.18    0.04529    0.8942       0.2067    0.09955          -0.01632      0.2081            1.088        0.45            0.46           2.137        0.6618     0.2238           6.415
      0.3           122.6   13.28    42.2    0.03264    0.9216       0.3078     0.1407           0.03181      0.7998            2.293      0.1033          0.3517       2.131e+04       0.08267     0.0005       2.372e+12

=== 15m P5c|B|10
 edge_pct  trades_per_30d  mean_N  mean_L  liq_share  tp_share  drift_H_pct  gross_pct  net_notional_pct  eq_ret_pct  30d_median_mult  30d_p_loss  30d_mdd_median  1y_median_mult  1y_p_below50  1y_p_ruin  IS_median_mult
        0           123.6   8.447   42.23  0.0002772    0.7706     0.001795    0.01273          -0.08979     -0.7693           0.3554      0.9913          0.6768       2.803e-06             1          1       7.106e-17
    0.025           123.8    8.86   42.24  0.0002654    0.7795      0.02728    0.02201          -0.08004     -0.6477           0.4117      0.9755          0.6351       1.741e-05             1          1       1.872e-14
     0.05           124.1   9.261   42.24  0.0002724    0.7885      0.05377    0.03164          -0.06995     -0.5269           0.4796      0.9515          0.5897       0.0001049             1          1       2.148e-12
    0.075           124.3   9.665   42.24  0.0002719    0.7979      0.07971    0.04142          -0.05968     -0.4014           0.5561      0.9063          0.5406       0.0006868             1     0.9998       6.278e-10
      0.1           124.5   10.07   42.24  0.0002564    0.8067        0.105    0.05072          -0.04993     -0.2807           0.6483       0.832           0.491        0.004244        0.9993     0.9883       1.215e-07
     0.15           124.9   10.87   42.25  0.0002405    0.8244       0.1546    0.06919          -0.03054    -0.03978           0.8709      0.6218          0.4024           0.166        0.9088      0.506        0.005495
      0.2           125.4   11.68   42.25  0.0002246    0.8425        0.206    0.08832          -0.01047      0.2047            1.182       0.366           0.331           6.969        0.3387    0.02233           346.1
      0.3           126.3    13.3   42.26  0.0001748    0.8789       0.3073     0.1267            0.0298      0.6972            2.193      0.0495          0.2505       1.392e+04       0.01283          0       1.078e+12

=== 15m P5c|C|10
 edge_pct  trades_per_30d  mean_N  mean_L  liq_share  tp_share  drift_H_pct  gross_pct  net_notional_pct  eq_ret_pct  30d_median_mult  30d_p_loss  30d_mdd_median  1y_median_mult  1y_p_below50  1y_p_ruin  IS_median_mult
        0           121.8   8.429   42.14          0    0.7904     0.002053    0.01338          -0.08814     -0.7497           0.3679      0.9888          0.6697       4.003e-06             1          1       2.139e-16
    0.025           122.1   8.842   42.15          0    0.7988      0.02755    0.02281          -0.07827     -0.6237           0.4303      0.9693           0.626       2.568e-05             1          1        4.65e-14
     0.05           122.4   9.242   42.16          0    0.8072      0.05416    0.03269          -0.06795     -0.4993           0.4979      0.9412          0.5811       0.0001647             1          1        9.18e-12
    0.075           122.7   9.645   42.16          0    0.8161      0.08019    0.04266          -0.05752     -0.3696           0.5829      0.8867          0.5278        0.001119             1     0.9985       2.236e-09
      0.1             123   10.05   42.17          0    0.8242       0.1056    0.05202          -0.04774     -0.2458           0.6786      0.8067          0.4817        0.007155        0.9988       0.97       5.055e-07
     0.15           123.5   10.85   42.18          0    0.8407       0.1551    0.07057          -0.02832  -4.638e-05            0.908      0.5787          0.3972          0.2799        0.8525     0.3915         0.02275
      0.2           124.2   11.66   42.19          0    0.8578       0.2067    0.09006         -0.007947       0.252            1.247      0.3212          0.3287           13.03        0.2568    0.01183            2238
      0.3           125.3   13.29   42.21          0    0.8918        0.308     0.1289           0.03269       0.758            2.343     0.03683          0.2499       3.209e+04         0.009          0       1.158e+13

=== 15m P6|B|none
 edge_pct  trades_per_30d  mean_N  mean_L  liq_share  tp_share  drift_H_pct  gross_pct  net_notional_pct  eq_ret_pct  30d_median_mult  30d_p_loss  30d_mdd_median  1y_median_mult  1y_p_below50  1y_p_ruin  IS_median_mult
        0              91   1.127   9.993          0         0   -0.0001131   -0.01442            -0.158     -0.1694           0.8504      0.9098          0.1876          0.1409        0.9998     0.2107        0.003234
    0.025           90.62   1.128   9.993          0         0      0.02537    0.00715           -0.1364     -0.1486           0.8675       0.881           0.176          0.1798        0.9972    0.07983          0.0065
     0.05           90.22   1.128   9.993          0         0      0.05147    0.03045           -0.1132     -0.1269           0.8853      0.8435          0.1642          0.2285        0.9823    0.02233         0.01373
    0.075           89.86   1.128   9.993          0         0      0.07688    0.05275          -0.09091     -0.1058           0.9026      0.8035          0.1528          0.2888        0.9385     0.0035         0.02821
      0.1           89.48   1.128   9.993          0         0       0.1026    0.07617          -0.06754    -0.08406           0.9199      0.7565          0.1433          0.3671        0.8398  0.0003333         0.05344
     0.15           88.77   1.128   9.993          0         0       0.1513     0.1204          -0.02341    -0.04231           0.9563      0.6473          0.1238          0.5822         0.459          0          0.2039
      0.2           88.03   1.129   9.993          0         0       0.2024     0.1671           0.02322    0.001348            0.993       0.524          0.1083          0.9314         0.113          0          0.8204
      0.3           86.57   1.129   9.993          0         0       0.3041     0.2594            0.1154      0.0887            1.067      0.2885         0.08268           2.318     0.0001667          0           11.91

=== 15m P6h|B|none
 edge_pct  trades_per_30d  mean_N  mean_L  liq_share  tp_share  drift_H_pct  gross_pct  net_notional_pct  eq_ret_pct  30d_median_mult  30d_p_loss  30d_mdd_median  1y_median_mult  1y_p_below50  1y_p_ruin  IS_median_mult
        0              91  0.5638   9.993          0         0   -0.0001131   -0.01442            -0.158    -0.08471           0.9236      0.9048         0.09775          0.3827        0.9223          0         0.06008
    0.025           90.62  0.5639   9.993          0         0      0.02537    0.00715           -0.1364    -0.07433           0.9329      0.8738         0.09142          0.4322         0.803          0         0.08533
     0.05           90.22   0.564   9.993          0         0      0.05147    0.03045           -0.1132    -0.06347           0.9424      0.8368         0.08499          0.4871        0.6018          0          0.1239
    0.075           89.86  0.5641   9.993          0         0      0.07688    0.05275          -0.09091    -0.05291           0.9516      0.7937          0.0789          0.5481        0.3723          0           0.178
      0.1           89.48  0.5642   9.993          0         0       0.1026    0.07617          -0.06754    -0.04205           0.9607      0.7478          0.0738           0.618        0.1728          0          0.2449
     0.15           88.77  0.5643   9.993          0         0       0.1513     0.1204          -0.02341    -0.02118           0.9794      0.6363         0.06332           0.778       0.01833          0          0.4791
      0.2           88.03  0.5645   9.993          0         0       0.2024     0.1671           0.02322   0.0006547            0.998      0.5135         0.05525           0.985     0.0008333          0          0.9624
      0.3           86.57  0.5647   9.993          0         0       0.3041     0.2594            0.1154     0.04433            1.035      0.2793         0.04194           1.555             0          0           3.665

=== 15m P6|B|10
 edge_pct  trades_per_30d  mean_N  mean_L  liq_share  tp_share  drift_H_pct  gross_pct  net_notional_pct  eq_ret_pct  30d_median_mult  30d_p_loss  30d_mdd_median  1y_median_mult  1y_p_below50  1y_p_ruin  IS_median_mult
        0             102   1.105   9.991          0    0.3723     0.001799   0.004571           -0.1193     -0.1381            0.866       0.942          0.1626          0.1713        0.9998    0.05367        0.005762
    0.025           101.9   1.104   9.991          0    0.3818       0.0281    0.02488          -0.09851     -0.1178           0.8844      0.9077          0.1484          0.2203         0.997   0.007833          0.0129
     0.05           101.8   1.104   9.991          0    0.3917      0.05522    0.04607          -0.07683    -0.09706           0.9031       0.869           0.136          0.2866        0.9702  0.0008333         0.02446
    0.075           101.7   1.103   9.991          0    0.4016      0.08169    0.06738          -0.05503    -0.07589           0.9221      0.8102          0.1233           0.372        0.8648          0         0.05553
      0.1           101.6   1.103   9.991          0    0.4113       0.1079    0.08835          -0.03358    -0.05526           0.9424      0.7433          0.1127          0.4833         0.629          0          0.1193
     0.15           101.5   1.102   9.991          0    0.4302       0.1591     0.1292          0.008189    -0.01507           0.9822       0.587         0.09383           0.795        0.1128          0          0.5109
      0.2           101.3   1.101   9.991          0    0.4496       0.2117     0.1713           0.05123     0.02618            1.022      0.4033         0.07852           1.326        0.0035          0           2.248
      0.3           100.9   1.099   9.991          0    0.4895       0.3165     0.2573            0.1392      0.1104            1.114       0.127         0.05694           3.721             0          0           47.33

=== 1h P0|A|10
 edge_pct  trades_per_30d  mean_N  mean_L  liq_share  tp_share  drift_H_pct  gross_pct  net_notional_pct  eq_ret_pct  30d_median_mult  30d_p_loss  30d_mdd_median  1y_median_mult  1y_p_below50  1y_p_ruin  IS_median_mult
        0           23.39       1       1  4.014e-05   0.02712     0.002377    0.02095           -0.1375     -0.1375           0.9583      0.6052          0.1448          0.5749        0.5385    0.01633          0.1832
    0.025           23.39       1       1  4.014e-05   0.02749      0.02747    0.04649           -0.1119     -0.1119           0.9651      0.5907          0.1408          0.6142        0.4875     0.0155          0.2125
     0.05            23.4       1       1  4.013e-05   0.02789      0.05462    0.07276          -0.08564    -0.08564           0.9699      0.5797          0.1378          0.6646        0.4472    0.01383          0.2562
    0.075            23.4       1       1  4.013e-05   0.02823      0.08052    0.09977          -0.05861    -0.05861           0.9771      0.5618          0.1355          0.7173        0.4025      0.013          0.3384
      0.1            23.4       1       1  4.012e-05   0.02861       0.1073     0.1222          -0.03617    -0.03616            0.982      0.5462          0.1335          0.7642        0.3703    0.01283          0.3835
     0.15           23.41       1       1  6.017e-05   0.02946        0.159     0.1735           0.01524     0.01524           0.9921      0.5178          0.1297           0.892        0.2908      0.018          0.6456
      0.2           23.42       1       1  6.015e-05   0.03039       0.2134     0.2301           0.07188     0.07188            1.004      0.4885          0.1251           1.044         0.221    0.01767            1.04
      0.3           23.42       1       1  6.013e-05   0.03171       0.3088     0.3312            0.1731      0.1731            1.028      0.4343          0.1157           1.398        0.1213    0.01767           2.605
      0.4           23.43       1       1  6.011e-05   0.03294        0.407     0.4243            0.2662      0.2662            1.051      0.3757          0.1087           1.833       0.06667     0.0175           5.234
      0.6           23.45       1       1  8.009e-05   0.03556       0.6105     0.6226            0.4647      0.4647            1.098      0.2698         0.09426           3.228       0.03083     0.0235           27.15

=== 1h P0|B|10
 edge_pct  trades_per_30d  mean_N  mean_L  liq_share  tp_share  drift_H_pct  gross_pct  net_notional_pct  eq_ret_pct  30d_median_mult  30d_p_loss  30d_mdd_median  1y_median_mult  1y_p_below50  1y_p_ruin  IS_median_mult
        0           27.73       1       1          0   0.02409    -0.001137   -0.01195           -0.1645     -0.1645           0.9446      0.6675          0.1363          0.5036        0.6165      0.001          0.1458
    0.025           27.67       1       1          0   0.02444      0.02398    0.01147           -0.1411     -0.1411           0.9515      0.6498          0.1326           0.542        0.5558  0.0001667           0.183
     0.05            27.6       1       1          0   0.02485      0.05113    0.03641           -0.1162     -0.1162           0.9587      0.6287          0.1297          0.5897          0.49  0.0003333          0.2171
    0.075           27.52       1       1          0    0.0252      0.07719    0.06015          -0.09257    -0.09257           0.9628      0.6098          0.1266          0.6354        0.4325  0.0003333          0.2721
      0.1           27.44       1       1          0   0.02573       0.1045    0.08552          -0.06726    -0.06726           0.9683      0.5895          0.1244          0.6969        0.3623          0          0.3448
     0.15           27.31       1       1          0   0.02656       0.1562     0.1346          -0.01834    -0.01834           0.9781      0.5553          0.1194          0.8226        0.2532          0           0.537
      0.2           27.17       1       1          0   0.02744       0.2103     0.1838           0.03081     0.03081           0.9917      0.5208          0.1147          0.9654        0.1628          0          0.8523
      0.3           26.89       1       1          0   0.02876        0.308     0.2777            0.1244      0.1244            1.017      0.4522          0.1054           1.307       0.05683          0           2.074
      0.4           26.65       1       1          0   0.03038       0.4081     0.3694            0.2158      0.2158            1.041      0.3862         0.09752           1.754       0.01433          0           4.739
      0.6           26.13       1       1          0   0.03312       0.6117     0.5505            0.3965      0.3965            1.089       0.267         0.08427           3.088     0.0006667          0           28.83

=== 1h P1|B|10
 edge_pct  trades_per_30d  mean_N  mean_L  liq_share  tp_share  drift_H_pct  gross_pct  net_notional_pct  eq_ret_pct  30d_median_mult  30d_p_loss  30d_mdd_median  1y_median_mult  1y_p_below50  1y_p_ruin  IS_median_mult
        0           31.98    1.25       5          0    0.3926    -0.003226    0.01364           -0.1162     -0.1452           0.9516      0.6543          0.1351          0.5118        0.5942  0.0003333          0.1379
    0.025           31.97    1.25       5          0     0.398       0.0232    0.03572          -0.09384     -0.1173           0.9601      0.6312          0.1319          0.5721        0.5062     0.0005          0.1923
     0.05           31.96    1.25       5          0    0.4032      0.05071    0.05699          -0.07232     -0.0904           0.9683      0.6028          0.1285           0.634        0.4177          0          0.2453
    0.075           31.93    1.25       5          0    0.4083      0.07764    0.07928          -0.04979    -0.06224           0.9754      0.5788          0.1247           0.708        0.3373          0          0.3397
      0.1           31.91    1.25       5          0    0.4135       0.1048     0.1015          -0.02734    -0.03417           0.9827      0.5543          0.1218          0.7899        0.2635          0          0.4745
     0.15           31.89    1.25       5          0    0.4242       0.1586     0.1464           0.01811     0.02264            1.001      0.4963          0.1155           0.983        0.1453          0          0.9565
      0.2           31.87    1.25       5          0    0.4352        0.214     0.1922           0.06437     0.08046            1.018      0.4438          0.1101            1.23       0.06117          0           1.852
      0.3            31.8    1.25       5          0    0.4552       0.3164     0.2769              0.15      0.1875            1.052      0.3465         0.09749           1.859       0.01167          0           6.686
      0.4           31.74    1.25       5          0    0.4743       0.4185     0.3565            0.2305      0.2881            1.085       0.267         0.08906            2.74         0.002          0           19.66
      0.6            31.6    1.25       5          0    0.5143       0.6347      0.526             0.402      0.5024            1.161      0.1252         0.07477           6.298             0          0           202.7

=== 1h P2|B|10
 edge_pct  trades_per_30d  mean_N  mean_L  liq_share  tp_share  drift_H_pct  gross_pct  net_notional_pct  eq_ret_pct  30d_median_mult  30d_p_loss  30d_mdd_median  1y_median_mult  1y_p_below50  1y_p_ruin  IS_median_mult
        0            36.1     2.5      10  0.0002341    0.6052    -0.002749    0.02519          -0.09087     -0.2272           0.9109      0.6838          0.2112          0.2862        0.8752      0.098         0.02776
    0.025           36.13     2.5      10  0.0002339    0.6112      0.02222    0.04157          -0.07418     -0.1855           0.9229       0.656          0.2048          0.3438         0.816    0.06283         0.04402
     0.05           36.16     2.5      10  0.0002337    0.6171      0.04905    0.05713           -0.0583     -0.1458           0.9379       0.623          0.1985          0.4103        0.7448     0.0385         0.07355
    0.075           36.19     2.5      10  0.0002335     0.623      0.07558    0.07317          -0.04195     -0.1049           0.9499      0.5975          0.1938          0.4939         0.669    0.02183          0.1279
      0.1           36.21     2.5      10  0.0002334     0.629       0.1032     0.0896          -0.02521    -0.06302           0.9642      0.5745          0.1881           0.596        0.5762    0.01167          0.2119
     0.15           36.26     2.5      10  0.0002201    0.6403       0.1579     0.1212          0.007015     0.01754            0.991      0.5185          0.1786          0.8507        0.3928   0.002167          0.5869
      0.2           36.32     2.5      10  0.0002068    0.6528       0.2139     0.1551           0.04155      0.1039            1.022      0.4558          0.1675           1.272        0.2323     0.0005           1.807
      0.3           36.43     2.5      10  0.0002062    0.6763       0.3165      0.218            0.1057      0.2643            1.085      0.3413          0.1484           2.616       0.05533          0           14.06
      0.4           36.56     2.5      10  0.0001926    0.6996       0.4187     0.2811            0.1701      0.4252            1.148      0.2438          0.1334           5.396      0.009833          0           107.5
      0.6           36.76     2.5      10   0.000166    0.7459       0.6313     0.4065             0.298      0.7449            1.291      0.0925          0.1069           23.26     0.0001667          0       1.065e+04

=== 1h P2|C|10
 edge_pct  trades_per_30d  mean_N  mean_L  liq_share  tp_share  drift_H_pct  gross_pct  net_notional_pct  eq_ret_pct  30d_median_mult  30d_p_loss  30d_mdd_median  1y_median_mult  1y_p_below50  1y_p_ruin  IS_median_mult
        0            32.2     2.5      10          0    0.6846    -0.000436    0.03104          -0.08401       -0.21           0.9144      0.6348          0.2485          0.2985        0.8495     0.1697         0.02692
    0.025            32.3     2.5      10          0    0.6895      0.02504    0.04899          -0.06575     -0.1644           0.9271      0.6108          0.2424          0.3583        0.7995     0.1282         0.04908
     0.05           32.38     2.5      10          0    0.6943      0.05165    0.06644          -0.04798       -0.12           0.9438       0.589          0.2351          0.4228        0.7457    0.09233         0.07198
    0.075           32.47     2.5      10          0    0.6992       0.0783     0.0838           -0.0303    -0.07574           0.9585      0.5672          0.2302          0.5103         0.681    0.06367          0.1232
      0.1           32.57     2.5      10          0     0.704       0.1058     0.1005          -0.01324     -0.0331           0.9697      0.5458          0.2271          0.6145        0.6205    0.04317          0.2231
     0.15           32.76     2.5      10          0    0.7136       0.1616     0.1348           0.02165     0.05413            1.001      0.4982          0.2154          0.8707        0.4735    0.01633          0.6342
      0.2           32.96     2.5      10          0    0.7238       0.2174     0.1718           0.05931      0.1483            1.031      0.4547          0.2073           1.276        0.3288   0.006333           1.753
      0.3           33.32     2.5      10          0    0.7427       0.3181     0.2377            0.1264      0.3161            1.095      0.3612          0.1893           2.581        0.1387          0           14.54
      0.4           33.72     2.5      10          0    0.7617       0.4216     0.3058            0.1959      0.4897            1.153      0.2783          0.1724           5.438       0.04283          0           133.1
      0.6           34.49     2.5      10          0    0.7994       0.6339     0.4394            0.3319      0.8298            1.309       0.129           0.139           24.44      0.001333          0       1.393e+04

=== 1h P3|A|10
 edge_pct  trades_per_30d  mean_N  mean_L  liq_share  tp_share  drift_H_pct  gross_pct  net_notional_pct  eq_ret_pct  30d_median_mult  30d_p_loss  30d_mdd_median  1y_median_mult  1y_p_below50  1y_p_ruin  IS_median_mult
        0           36.81       4      20    0.05822    0.8359    -0.003404    0.02187           -0.1071     -0.4285            0.827      0.7173          0.3442         0.07002        0.9787     0.6935       0.0003815
    0.025            36.9       4      20    0.05689     0.839      0.02151    0.03208          -0.09613     -0.3845           0.8394       0.698          0.3342         0.08653        0.9723     0.6285       0.0007106
     0.05              37       4      20    0.05555    0.8427      0.04899    0.04333          -0.08405     -0.3362           0.8581      0.6777          0.3264           0.108        0.9608     0.5585         0.00108
    0.075            37.1       4      20    0.05419    0.8462      0.07646    0.05408          -0.07247     -0.2899           0.8705      0.6593          0.3221          0.1346        0.9432     0.4855        0.002495
      0.1            37.2       4      20    0.05307    0.8496       0.1028    0.06408          -0.06176      -0.247           0.8845      0.6388          0.3142           0.167        0.9212     0.4255        0.004163
     0.15           37.39       4      20    0.05043    0.8563       0.1574    0.08453           -0.0397     -0.1588           0.9168       0.599          0.2977          0.2528         0.865      0.299         0.01468
      0.2            37.6       4      20    0.04783    0.8634       0.2118     0.1061           -0.0165    -0.06599           0.9507      0.5592          0.2823          0.3931        0.7757      0.186         0.06175
      0.3           38.03       4      20    0.04294    0.8769       0.3133     0.1473           0.02776       0.111            1.023      0.4722          0.2535          0.9266        0.5433      0.057           0.594
      0.4           38.46       4      20    0.03807      0.89       0.4141     0.1872           0.07058      0.2823            1.095      0.3857          0.2259           2.206        0.3082   0.009333           8.805
      0.6           39.33       4      20    0.02852     0.917       0.6216     0.2677            0.1571      0.6285            1.265      0.2142          0.2032           13.57       0.04267          0            1794

=== 1h P3|B|10
 edge_pct  trades_per_30d  mean_N  mean_L  liq_share  tp_share  drift_H_pct  gross_pct  net_notional_pct  eq_ret_pct  30d_median_mult  30d_p_loss  30d_mdd_median  1y_median_mult  1y_p_below50  1y_p_ruin  IS_median_mult
        0           39.98       4      20    0.00249     0.761    -0.004109    0.02081          -0.08601      -0.344           0.8599       0.743          0.2631          0.1297        0.9747     0.4427        0.002748
    0.025           40.02       4      20   0.002417    0.7654      0.02103    0.03015          -0.07639     -0.3056           0.8724      0.7223          0.2552          0.1579          0.96     0.3597        0.005488
     0.05           40.05       4      20   0.002368      0.77      0.04813    0.03948           -0.0668     -0.2672           0.8869       0.699          0.2497          0.1929        0.9393     0.2808        0.008088
    0.075           40.09       4      20    0.00233    0.7746      0.07489    0.04899          -0.05702     -0.2281           0.9045      0.6765          0.2425           0.234         0.911     0.2093         0.01569
      0.1           40.12       4      20   0.002293    0.7793       0.1017    0.05827          -0.04746     -0.1899           0.9166      0.6542          0.2357          0.2836        0.8657      0.157         0.02117
     0.15           40.19       4      20   0.002161    0.7883       0.1554    0.07711          -0.02807     -0.1123           0.9411      0.6078          0.2223          0.4184         0.745    0.06983         0.07753
      0.2           40.28       4      20    0.00211    0.7979         0.21    0.09655         -0.008079    -0.03231           0.9688      0.5563          0.2106          0.6338        0.5857    0.02767           0.228
      0.3           40.45       4      20   0.001926    0.8163       0.3114     0.1342           0.03061      0.1224            1.034      0.4423          0.1891           1.365         0.276     0.0015           2.208
      0.4           40.64       4      20   0.001883    0.8344       0.4127     0.1709           0.06842      0.2737            1.102      0.3305          0.1683           2.945         0.078          0           23.46
      0.6           40.94       4      20   0.001571    0.8703       0.6195     0.2434             0.143      0.5719            1.249      0.1502          0.1338           13.85      0.003167          0            1886

=== 1h P3|C|10
 edge_pct  trades_per_30d  mean_N  mean_L  liq_share  tp_share  drift_H_pct  gross_pct  net_notional_pct  eq_ret_pct  30d_median_mult  30d_p_loss  30d_mdd_median  1y_median_mult  1y_p_below50  1y_p_ruin  IS_median_mult
        0           38.55       4      20          0    0.7945    -0.003497     0.0159          -0.08902     -0.3561           0.8532       0.734          0.2781          0.1244        0.9735     0.4735        0.002611
    0.025           38.61       4      20          0    0.7982      0.02162     0.0251           -0.0796     -0.3184           0.8664      0.7157          0.2728          0.1494         0.959     0.3988        0.004266
     0.05           38.67       4      20          0    0.8023      0.04893    0.03516          -0.06929     -0.2772           0.8772      0.6945          0.2649          0.1821        0.9395     0.3183        0.006819
    0.075           38.74       4      20          0    0.8064      0.07577    0.04509          -0.05911     -0.2364           0.8939      0.6735          0.2566          0.2218         0.911     0.2447         0.01153
      0.1            38.8       4      20          0    0.8105        0.103    0.05477          -0.04919     -0.1968           0.9054      0.6525          0.2511           0.269         0.872     0.1783         0.01972
     0.15           38.92       4      20          0    0.8188       0.1568    0.07455          -0.02891     -0.1156           0.9337      0.6077          0.2372          0.4025        0.7577     0.0865         0.07224
      0.2           39.06       4      20          0    0.8271        0.212    0.09492         -0.008038    -0.03215           0.9635      0.5568          0.2245          0.6087        0.6072    0.03517          0.2176
      0.3           39.36       4      20          0    0.8432       0.3144     0.1339           0.03193      0.1277            1.031      0.4553          0.1993            1.32        0.2957   0.003167           2.283
      0.4           39.66       4      20          0    0.8588       0.4155     0.1714           0.07038      0.2815            1.097      0.3453          0.1823           2.882         0.096          0           27.61
      0.6           40.22       4      20          0    0.8902       0.6223     0.2469            0.1478      0.5911            1.249      0.1575          0.1465           14.28      0.003833          0            2032

=== 1h P3|B|30
 edge_pct  trades_per_30d  mean_N  mean_L  liq_share  tp_share  drift_H_pct  gross_pct  net_notional_pct  eq_ret_pct  30d_median_mult  30d_p_loss  30d_mdd_median  1y_median_mult  1y_p_below50  1y_p_ruin  IS_median_mult
        0           33.65       4      20   0.007451    0.4851    -0.001321    0.01922           -0.1078     -0.4311           0.8148        0.71          0.3684         0.06733        0.9757     0.7032       0.0003491
    0.025           33.65       4      20   0.007297    0.4908      0.02423    0.03882          -0.08783     -0.3513           0.8348      0.6857          0.3592         0.09405        0.9582     0.6175       0.0009265
     0.05           33.66       4      20    0.00717    0.4966       0.0515    0.05794          -0.06836     -0.2734           0.8608      0.6573          0.3492          0.1302        0.9358     0.5225        0.002395
    0.075           33.66       4      20   0.007085    0.5024       0.0781    0.07798          -0.04799      -0.192           0.8832      0.6317          0.3411          0.1848        0.9043     0.4258        0.005007
      0.1           33.66       4      20   0.006987    0.5083       0.1059     0.0979          -0.02773     -0.1109           0.9052      0.6023          0.3331           0.262        0.8618     0.3373         0.01488
     0.15           33.67       4      20    0.00679    0.5198       0.1597     0.1368           0.01182     0.04726           0.9561      0.5485          0.3195          0.5026        0.7465      0.193          0.1165
      0.2           33.68       4      20   0.006635    0.5321       0.2153     0.1785           0.05418      0.2167            1.011      0.4893          0.3025           1.008        0.5868     0.0855          0.9443
      0.3           33.69       4      20   0.006034    0.5547       0.3185     0.2563            0.1334      0.5336            1.121       0.381          0.2735           3.788        0.2993    0.01367           40.53
      0.4           33.72       4      20   0.005751    0.5756       0.4209     0.3281            0.2064      0.8256            1.231      0.2918           0.246           12.87        0.1187   0.001167            1725
      0.6           33.71       4      20   0.004833    0.6208        0.635     0.4814            0.3624        1.45            1.523       0.129          0.2044           174.8         0.013          0       3.698e+06

=== 1h P3|B|100
 edge_pct  trades_per_30d  mean_N  mean_L  liq_share  tp_share  drift_H_pct  gross_pct  net_notional_pct  eq_ret_pct  30d_median_mult  30d_p_loss  30d_mdd_median  1y_median_mult  1y_p_below50  1y_p_ruin  IS_median_mult
        0           28.54       4      20    0.01451     0.118      0.00055   0.004657           -0.1485     -0.5939           0.7452      0.7288          0.4534         0.02473         0.986     0.8577       1.545e-05
    0.025           28.48       4      20    0.01434    0.1197        0.026    0.02935           -0.1237     -0.4948           0.7692      0.7085          0.4457         0.03353        0.9802     0.8117       3.709e-05
     0.05           28.43       4      20    0.01407    0.1214      0.05387    0.05276           -0.1002     -0.4006           0.7915      0.6887          0.4339          0.0473        0.9692      0.764       0.0001374
    0.075           28.35       4      20    0.01394    0.1231      0.08028    0.07742          -0.07543     -0.3017           0.8129      0.6718          0.4254           0.068        0.9552     0.7023       0.0002229
      0.1           28.29       4      20    0.01376     0.125        0.108     0.1018            -0.051      -0.204           0.8334      0.6475          0.4187         0.09518        0.9388     0.6335       0.0006233
     0.15           28.17       4      20    0.01346    0.1287       0.1591     0.1488         -0.003766    -0.01506           0.8712      0.6077          0.4043          0.1814         0.891     0.4985        0.003463
      0.2           28.06       4      20    0.01329    0.1326       0.2146     0.1981           0.04568      0.1827           0.9145      0.5697           0.389          0.3511        0.8163     0.3683         0.03173
      0.3           27.83       4      20    0.01262    0.1397       0.3158      0.293             0.141      0.5638            1.015      0.4883          0.3626           1.291         0.633     0.1645           1.742
      0.4           27.61       4      20    0.01224    0.1466       0.4165     0.3799             0.228      0.9122            1.109      0.4222          0.3409           3.928        0.4532      0.058           46.57
      0.6           27.16       4      20    0.01132    0.1599       0.6245     0.5611            0.4098       1.639            1.326      0.2778          0.2999           42.54         0.162   0.002667       5.361e+04

=== 1h P4|A|10
 edge_pct  trades_per_30d  mean_N  mean_L  liq_share  tp_share  drift_H_pct  gross_pct  net_notional_pct  eq_ret_pct  30d_median_mult  30d_p_loss  30d_mdd_median  1y_median_mult  1y_p_below50  1y_p_ruin  IS_median_mult
        0           43.03      20      50     0.1064    0.8867    -0.003592    0.01467           -0.1289      -2.579           0.2146      0.9432          0.8449       1.597e-09             1          1       1.063e-26
    0.025           43.06      20      50     0.1044    0.8888      0.02161    0.01803           -0.1246      -2.493           0.2263      0.9398          0.8384       2.879e-09             1          1       9.274e-26
     0.05            43.1      20      50     0.1024    0.8911      0.04822    0.02164             -0.12      -2.401           0.2374      0.9338          0.8315       5.293e-09             1          1       4.584e-25
    0.075           43.12      20      50     0.1005    0.8932      0.07376    0.02506           -0.1157      -2.313           0.2456      0.9295          0.8238       9.437e-09             1          1       1.814e-24
      0.1           43.15      20      50    0.09861    0.8952      0.09975    0.02836           -0.1114      -2.229           0.2536      0.9257          0.8173        1.62e-08             1          1       6.208e-24
     0.15           43.21      20      50    0.09469    0.8996        0.153    0.03531           -0.1025      -2.051           0.2689      0.9137          0.8036       5.077e-08             1          1        2.44e-22
      0.2           43.26      20      50    0.09077    0.9038       0.2063    0.04219          -0.09375      -1.875           0.2865      0.8987          0.7874       1.596e-07             1          1       4.745e-21
      0.3           43.39      20      50    0.08316    0.9122       0.3065    0.05561          -0.07657      -1.531            0.365       0.869          0.7612       1.397e-06             1          1       5.025e-18
      0.4           43.52      20      50    0.07605      0.92       0.4068    0.06822          -0.06046      -1.209           0.4352       0.838           0.718        1.24e-05             1     0.9993       1.904e-15
      0.6           43.77      20      50    0.06151    0.9358       0.6113    0.09373          -0.02779     -0.5558           0.5973      0.7337          0.6352        0.001001        0.9958     0.9737       5.643e-10

=== 1h P4|B|10
 edge_pct  trades_per_30d  mean_N  mean_L  liq_share  tp_share  drift_H_pct  gross_pct  net_notional_pct  eq_ret_pct  30d_median_mult  30d_p_loss  30d_mdd_median  1y_median_mult  1y_p_below50  1y_p_ruin  IS_median_mult
        0           43.44      20      50    0.06333    0.8731    -0.004092    0.01484           -0.1108      -2.215           0.2735      0.9305          0.7899       4.271e-08             1          1       3.331e-22
    0.025           43.46      20      50    0.06242    0.8753      0.02096    0.01801           -0.1071      -2.141           0.2836      0.9272          0.7837       6.731e-08             1          1       1.498e-21
     0.05           43.48      20      50    0.06149    0.8777      0.04762    0.02135           -0.1032      -2.064           0.2957      0.9202          0.7763       1.095e-07             1          1       2.957e-21
    0.075            43.5      20      50    0.06053    0.8801      0.07317    0.02472          -0.09929      -1.986           0.3075      0.9145          0.7683       1.795e-07             1          1       1.628e-20
      0.1           43.52      20      50     0.0597    0.8824      0.09906    0.02789          -0.09563      -1.913           0.3187      0.9098          0.7617       2.877e-07             1          1       3.814e-20
     0.15           43.56      20      50    0.05767    0.8872       0.1522    0.03464          -0.08776      -1.755           0.3445      0.8913          0.7469       8.035e-07             1          1        2.88e-18
      0.2           43.59      20      50    0.05579    0.8918       0.2053    0.04112          -0.08022      -1.604           0.3684      0.8722          0.7322       2.094e-06             1          1       3.609e-17
      0.3           43.68      20      50    0.05209     0.901       0.3053    0.05407          -0.06518      -1.304           0.4264       0.838          0.6989       1.322e-05             1     0.9998       2.916e-15
      0.4           43.77      20      50    0.04856    0.9098       0.4055    0.06651          -0.05074      -1.015           0.4955      0.8002          0.6572       8.781e-05             1      0.998       6.793e-13
      0.6           43.95      20      50    0.04205    0.9273         0.61    0.09089          -0.02261     -0.4522           0.6731      0.6957          0.5846        0.003302        0.9953     0.9463       4.494e-08

=== 1h P4|C|10
 edge_pct  trades_per_30d  mean_N  mean_L  liq_share  tp_share  drift_H_pct  gross_pct  net_notional_pct  eq_ret_pct  30d_median_mult  30d_p_loss  30d_mdd_median  1y_median_mult  1y_p_below50  1y_p_ruin  IS_median_mult
        0           44.06      20      50          0    0.7927    -0.003761   0.003918          -0.09818      -1.964           0.3621       0.964          0.6886       3.266e-06             1          1       1.209e-16
    0.025           44.07      20      50          0    0.7949      0.02136   0.005965          -0.09602       -1.92           0.3702      0.9615          0.6823        4.26e-06             1          1         2.2e-16
     0.05           44.08      20      50          0    0.7971      0.04783   0.008111          -0.09375      -1.875           0.3776      0.9585          0.6756       5.467e-06             1          1       3.841e-16
    0.075           44.09      20      50          0    0.7993      0.07322    0.01017          -0.09158      -1.832           0.3858      0.9553          0.6734       6.896e-06             1          1       9.447e-16
      0.1            44.1      20      50          0    0.8016      0.09913    0.01232          -0.08931      -1.786           0.3949      0.9512          0.6667       9.046e-06             1          1       1.885e-15
     0.15           44.12      20      50          0    0.8065       0.1522    0.01694          -0.08443      -1.689           0.4119      0.9418          0.6529       1.609e-05             1          1       8.558e-15
      0.2           44.13      20      50          0    0.8111       0.2053     0.0212          -0.07993      -1.599           0.4317      0.9315          0.6381       2.731e-05             1          1       4.779e-14
      0.3           44.18      20      50          0    0.8201       0.3054    0.02965          -0.07102       -1.42           0.4705      0.9125          0.6145       7.392e-05             1          1       7.987e-13
      0.4           44.23      20      50          0     0.829       0.4061    0.03812          -0.06208      -1.242           0.5111      0.8895          0.5876       0.0002112             1     0.9997       2.417e-11
      0.6           44.32      20      50          0    0.8458       0.6096    0.05394          -0.04538     -0.9076           0.5963      0.8362          0.5355        0.001582        0.9998     0.9932       8.328e-09

=== 1h P4|B|100
 edge_pct  trades_per_30d  mean_N  mean_L  liq_share  tp_share  drift_H_pct  gross_pct  net_notional_pct  eq_ret_pct  30d_median_mult  30d_p_loss  30d_mdd_median  1y_median_mult  1y_p_below50  1y_p_ruin  IS_median_mult
        0           33.37      20      50      0.336    0.3402     -0.00297 -0.0002071            -0.276      -5.519          0.01874      0.9712          0.9902       1.172e-22             1          1        5.12e-65
    0.025           33.35      20      50     0.3323    0.3456      0.02434    0.01937           -0.2545      -5.091          0.02223      0.9657          0.9887       7.863e-22             1          1       1.008e-62
     0.05           33.31      20      50     0.3289    0.3507      0.05184    0.03814           -0.2341      -4.682          0.02537      0.9613          0.9868       4.771e-21             1          1       2.715e-60
    0.075           33.27      20      50     0.3251     0.356      0.07887    0.05797           -0.2124      -4.248          0.02964      0.9545          0.9854       3.173e-20             1          1       2.937e-58
      0.1           33.23      20      50     0.3213    0.3611       0.1065    0.07709           -0.1914      -3.828            0.034       0.947          0.9832       2.213e-19             1          1       5.879e-56
     0.15           33.19      20      50     0.3134    0.3717       0.1602     0.1162           -0.1484      -2.968          0.04522      0.9318           0.979       8.563e-18             1          1       2.393e-50
      0.2           33.14      20      50     0.3064    0.3824       0.2151     0.1548           -0.1063      -2.127          0.05989       0.911          0.9738       2.716e-16             1          1       2.614e-46
      0.3           33.01      20      50     0.2918    0.4028       0.3182     0.2294          -0.02455      -0.491           0.1052      0.8625          0.9609       3.367e-13             1          1       1.404e-36
      0.4           32.89      20      50     0.2778    0.4219       0.4203     0.2991           0.05205       1.041           0.1762      0.7997          0.9436       2.736e-10             1     0.9993       1.376e-28
      0.6           32.65      20      50     0.2502    0.4611       0.6357     0.4431            0.2097       4.194           0.5133      0.6285           0.897       0.0001587        0.9838     0.9413        1.72e-10

=== 1h P5|A|10
 edge_pct  trades_per_30d  mean_N  mean_L  liq_share  tp_share  drift_H_pct  gross_pct  net_notional_pct  eq_ret_pct  30d_median_mult  30d_p_loss  30d_mdd_median  1y_median_mult  1y_p_below50  1y_p_ruin  IS_median_mult
        0           39.64   6.262   28.31    0.08226    0.8779    -0.003927    0.02357           -0.1119     -0.7506           0.6862      0.8035          0.4568        0.007682        0.9987      0.968       6.777e-07
    0.025           39.71   6.263   28.32    0.08031    0.8807      0.02067    0.03183           -0.1026     -0.6966           0.7015      0.7888          0.4464         0.01018         0.998     0.9537       1.408e-06
     0.05           39.79   6.264   28.32     0.0783    0.8837      0.04757    0.04032          -0.09308     -0.6388           0.7222      0.7718          0.4338         0.01379        0.9975      0.932       3.844e-06
    0.075           39.87   6.265   28.32    0.07656    0.8864      0.07432    0.04832          -0.08414     -0.5883           0.7379       0.754           0.426         0.01809         0.996       0.91       8.154e-06
      0.1           39.95   6.265   28.32     0.0749     0.889      0.09989    0.05565          -0.07593     -0.5385           0.7511      0.7365           0.418         0.02352        0.9947     0.8802       1.553e-05
     0.15           40.12   6.268   28.33    0.07106    0.8948       0.1537    0.07234          -0.05721     -0.4296           0.7899      0.7038          0.3967         0.04092        0.9838     0.7923       8.271e-05
      0.2           40.28   6.268   28.33     0.0672    0.9004       0.2078    0.08885          -0.03867     -0.3197           0.8271      0.6648          0.3785         0.07479        0.9623     0.6683       0.0003468
      0.3           40.61   6.272   28.34    0.05947    0.9117       0.3079     0.1214          -0.00206     -0.1018           0.9096      0.5895          0.3461          0.2361          0.86     0.3788         0.01585
      0.4           40.96   6.277   28.36    0.05248    0.9222       0.4081     0.1515           0.03173     0.09783           0.9993       0.501          0.3114          0.6905        0.6622     0.1452          0.3158
      0.6           41.65   6.286   28.39    0.03765    0.9446       0.6124     0.2147            0.1029      0.5232            1.207      0.2972          0.2317           7.758        0.1585   0.001833           272.7

=== 1h P5|B|10
 edge_pct  trades_per_30d  mean_N  mean_L  liq_share  tp_share  drift_H_pct  gross_pct  net_notional_pct  eq_ret_pct  30d_median_mult  30d_p_loss  30d_mdd_median  1y_median_mult  1y_p_below50  1y_p_ruin  IS_median_mult
        0           41.62   6.284   28.38   0.002414    0.8224    -0.005126    0.02173          -0.08111     -0.5349           0.7735      0.8038          0.3446         0.03806        0.9973     0.8567       7.543e-05
    0.025           41.65   6.284   28.38   0.002344    0.8262       0.0197    0.02935          -0.07324     -0.4904           0.7912      0.7853          0.3362         0.04774        0.9953     0.8107       0.0001415
     0.05            41.7   6.284   28.38   0.002297    0.8299      0.04645    0.03675          -0.06562     -0.4454           0.8065      0.7652           0.327         0.06021        0.9912      0.741       0.0003602
    0.075           41.73   6.285   28.39   0.002261    0.8336      0.07277    0.04408          -0.05807      -0.402           0.8225      0.7477          0.3201         0.07562        0.9878     0.6633       0.0005827
      0.1           41.77   6.285   28.39   0.002226    0.8372      0.09897    0.05118          -0.05075     -0.3588           0.8396      0.7263          0.3103         0.09563        0.9767     0.5827        0.001006
     0.15           41.84   6.287   28.39   0.002109    0.8445       0.1522    0.06584          -0.03564     -0.2722           0.8691      0.6918          0.2958          0.1527        0.9475      0.418        0.004259
      0.2           41.92   6.286   28.39   0.002061    0.8518       0.2056    0.08032          -0.02073     -0.1867           0.8992      0.6455          0.2772          0.2409        0.8813     0.2668         0.01462
      0.3           42.09   6.288   28.39   0.001885    0.8665       0.3059     0.1093          0.009194    -0.01236           0.9674      0.5515          0.2497          0.6074        0.6398    0.06417          0.2269
      0.4           42.27   6.291    28.4   0.001844    0.8809        0.406     0.1377           0.03841       0.158            1.044      0.4382          0.2233           1.482        0.3207     0.0055            4.07
      0.6           42.59   6.296   28.42   0.001543    0.9094       0.6109     0.1939           0.09627      0.4948            1.213      0.2303          0.1771           9.438       0.02267          0           697.8

=== 1h P5|C|10
 edge_pct  trades_per_30d  mean_N  mean_L  liq_share  tp_share  drift_H_pct  gross_pct  net_notional_pct  eq_ret_pct  30d_median_mult  30d_p_loss  30d_mdd_median  1y_median_mult  1y_p_below50  1y_p_ruin  IS_median_mult
        0           41.67   6.273   28.35          0    0.8166    -0.004898    0.01936           -0.0827     -0.5363           0.7795      0.8015          0.3406         0.03861        0.9978     0.8612       7.891e-05
    0.025            41.7   6.273   28.35          0    0.8203      0.01988     0.0266          -0.07525     -0.4936           0.7912      0.7843           0.331         0.04792        0.9963     0.8103       0.0001463
     0.05           41.74   6.274   28.35          0    0.8241      0.04657    0.03379          -0.06785     -0.4494           0.8077      0.7652          0.3224         0.06066        0.9942     0.7462       0.0003514
    0.075           41.78   6.274   28.35          0    0.8279      0.07276    0.04105          -0.06038      -0.406           0.8243       0.746           0.315         0.07688        0.9887     0.6685        0.000557
      0.1           41.81   6.275   28.36          0    0.8314      0.09886    0.04792          -0.05331     -0.3643           0.8385      0.7263          0.3088          0.0957        0.9813     0.5857        0.001174
     0.15           41.89   6.277   28.36          0    0.8389       0.1521    0.06232           -0.0385     -0.2784           0.8648      0.6873          0.2934            0.15        0.9498     0.4098        0.005146
      0.2           41.96   6.277   28.36          0    0.8461       0.2053    0.07634          -0.02408     -0.1946           0.8948      0.6473          0.2759          0.2371        0.8847     0.2627         0.01424
      0.3           42.13   6.279   28.37          0    0.8609        0.306     0.1044          0.004839     -0.0244           0.9623       0.557          0.2482          0.5748        0.6442      0.059          0.1711
      0.4           42.31   6.283   28.38          0    0.8754       0.4062     0.1321           0.03333      0.1431            1.038       0.447          0.2194           1.431         0.322   0.006333           3.061
      0.6           42.64   6.291    28.4          0    0.9038       0.6111     0.1862           0.08897      0.4724            1.197       0.235          0.1744           8.537       0.02067          0           405.3

=== 1h P5|B|100
 edge_pct  trades_per_30d  mean_N  mean_L  liq_share  tp_share  drift_H_pct  gross_pct  net_notional_pct  eq_ret_pct  30d_median_mult  30d_p_loss  30d_mdd_median  1y_median_mult  1y_p_below50  1y_p_ruin  IS_median_mult
        0           29.04   6.241   28.23    0.01425    0.1738     0.002344   0.002193           -0.1475     -0.8703           0.6325      0.7638          0.5656        0.003549        0.9973     0.9655       8.551e-08
    0.025           28.99    6.24   28.22    0.01407    0.1768      0.02768    0.02659           -0.1229     -0.7353           0.6606      0.7437          0.5549         0.00552        0.9955     0.9447       2.443e-07
     0.05           28.94   6.239   28.22     0.0138    0.1798      0.05564    0.05074          -0.09859     -0.5968           0.6878      0.7153          0.5444        0.008918        0.9908     0.9153       1.079e-06
    0.075           28.88    6.24   28.22    0.01369    0.1824      0.08236    0.07478          -0.07443     -0.4633           0.7082      0.6977          0.5345          0.0144        0.9847      0.884       4.321e-06
      0.1           28.82    6.24   28.23    0.01352    0.1854       0.1097        0.1          -0.04903     -0.3246           0.7335      0.6792          0.5243         0.02336        0.9775     0.8393       1.727e-05
     0.15           28.73    6.24   28.23    0.01322    0.1908       0.1608     0.1457         -0.003032    -0.07243            0.792      0.6447          0.5057         0.05788        0.9507     0.7315       0.0003624
      0.2           28.62   6.239   28.22    0.01304    0.1968       0.2156     0.1947           0.04622       0.202           0.8487      0.5988          0.4883          0.1508        0.9067     0.5957        0.008073
      0.3           28.42   6.238   28.22    0.01237    0.2079       0.3162     0.2895            0.1416      0.7247           0.9823      0.5108          0.4527          0.8915        0.7413      0.315          0.8914
      0.4           28.24   6.237   28.21    0.01199    0.2176       0.4172     0.3754            0.2279       1.194            1.113      0.4298          0.4275           4.349        0.5548     0.1318           112.8
      0.6           27.84   6.235   28.21    0.01105    0.2381       0.6245     0.5549            0.4084       2.192            1.456      0.2805          0.3695           123.5        0.2348     0.0095       1.911e+06

=== 1h P5c|A|10
 edge_pct  trades_per_30d  mean_N  mean_L  liq_share  tp_share  drift_H_pct  gross_pct  net_notional_pct  eq_ret_pct  30d_median_mult  30d_p_loss  30d_mdd_median  1y_median_mult  1y_p_below50  1y_p_ruin  IS_median_mult
        0           39.64   5.663   28.31    0.08226    0.8779    -0.003927    0.02357           -0.1119     -0.6721           0.7167       0.796          0.4229         0.01385         0.998     0.9448       3.939e-06
    0.025           39.71   5.792   28.32    0.08031    0.8807      0.02067    0.03183           -0.1026     -0.5922           0.7435      0.7717            0.41         0.02054        0.9958     0.9075       1.054e-05
     0.05           39.79   5.928   28.32     0.0783    0.8837      0.04757    0.04032          -0.09308      -0.507           0.7684        0.74          0.3955         0.03169        0.9925     0.8488       4.745e-05
    0.075           39.87   6.061   28.32    0.07656    0.8864      0.07432    0.04832          -0.08414     -0.4316           0.7924      0.7137          0.3851         0.04591        0.9848     0.7762       0.0001066
      0.1           39.95   6.202   28.32     0.0749     0.889      0.09989    0.05565          -0.07593     -0.3548           0.8176      0.6822          0.3749          0.0666        0.9733     0.6952       0.0002659
     0.15           40.12   6.485   28.33    0.07106    0.8948       0.1537    0.07234          -0.05721     -0.1899           0.8736      0.6253          0.3566          0.1521         0.918       0.49        0.003425
      0.2           40.28   6.755   28.33     0.0672    0.9004       0.2078    0.08885          -0.03867    -0.02476           0.9327      0.5658          0.3406          0.3546        0.8007     0.2902         0.03857
      0.3           40.61   7.303   28.34    0.05947    0.9117       0.3079     0.1214          -0.00206       0.304            1.072      0.4315          0.3016            1.85        0.4657    0.05983           6.593
      0.4           40.96   7.849   28.36    0.05248    0.9222       0.4081     0.1515           0.03173      0.6146            1.236      0.3098          0.2601           9.304        0.2053      0.005           674.8
      0.6           41.65    8.97   28.39    0.03765    0.9446       0.6124     0.2147            0.1029       1.264            1.633       0.121          0.2054           300.5       0.03133          0        1.16e+07

=== 1h P5c|B|10
 edge_pct  trades_per_30d  mean_N  mean_L  liq_share  tp_share  drift_H_pct  gross_pct  net_notional_pct  eq_ret_pct  30d_median_mult  30d_p_loss  30d_mdd_median  1y_median_mult  1y_p_below50  1y_p_ruin  IS_median_mult
        0           41.62   5.677   28.38   0.002414    0.8224    -0.005126    0.02173          -0.08111     -0.4782           0.7962      0.7933          0.3193         0.05468        0.9958     0.7815       0.0002253
    0.025           41.65   5.807   28.38   0.002344    0.8262       0.0197    0.02935          -0.07324     -0.4084           0.8203      0.7598          0.3083         0.07689          0.99     0.6588       0.0006849
     0.05            41.7   5.943   28.38   0.002297    0.8299      0.04645    0.03675          -0.06562     -0.3411           0.8474      0.7263          0.2967          0.1092        0.9753     0.5367        0.001773
    0.075           41.73   6.077   28.39   0.002261    0.8336      0.07277    0.04408          -0.05807     -0.2756           0.8708      0.6895          0.2883          0.1506        0.9515     0.4162        0.004244
      0.1           41.77   6.217   28.39   0.002226    0.8372      0.09897    0.05118          -0.05075     -0.2089           0.8953      0.6543          0.2777          0.2152        0.9045     0.3012         0.01015
     0.15           41.84   6.501   28.39   0.002109    0.8445       0.1522    0.06584          -0.03564    -0.07291           0.9468       0.582          0.2635          0.4266        0.7505     0.1265         0.07531
      0.2           41.92   6.771   28.39   0.002061    0.8518       0.2056    0.08032          -0.02073     0.06198           0.9962       0.504          0.2473          0.8475        0.5422    0.04183          0.6136
      0.3           42.09   7.319   28.39   0.001885    0.8665       0.3059     0.1093          0.009194      0.3355             1.12      0.3512          0.2222           3.459         0.189   0.001667           36.16
      0.4           42.27   7.865    28.4   0.001844    0.8809        0.406     0.1377           0.03841      0.6051            1.254      0.2347          0.2026           13.64        0.0475  0.0001667            2406
      0.6           42.59   8.979   28.42   0.001543    0.9094       0.6109     0.1939           0.09627       1.134            1.567     0.08467          0.1815           217.8      0.005667          0       7.429e+06

=== 1h P5c|C|10
 edge_pct  trades_per_30d  mean_N  mean_L  liq_share  tp_share  drift_H_pct  gross_pct  net_notional_pct  eq_ret_pct  30d_median_mult  30d_p_loss  30d_mdd_median  1y_median_mult  1y_p_below50  1y_p_ruin  IS_median_mult
        0           41.67    5.67   28.35          0    0.8166    -0.004898    0.01936           -0.0827     -0.4821           0.7974      0.7957           0.315         0.05543        0.9968     0.7828       0.0002545
    0.025            41.7     5.8   28.35          0    0.8203      0.01988     0.0266          -0.07525     -0.4149           0.8182      0.7643          0.3042         0.07622        0.9915     0.6697       0.0006675
     0.05           41.74   5.936   28.35          0    0.8241      0.04657    0.03379          -0.06785      -0.349           0.8433       0.731          0.2942          0.1062        0.9767     0.5425        0.001713
    0.075           41.78    6.07   28.35          0    0.8279      0.07276    0.04105          -0.06038     -0.2837           0.8704       0.691          0.2858          0.1487        0.9505      0.416         0.00456
      0.1           41.81   6.209   28.36          0    0.8314      0.09886    0.04792          -0.05331     -0.2189           0.8902      0.6568           0.276          0.2094        0.9113     0.2943         0.01245
     0.15           41.89   6.494   28.36          0    0.8389       0.1521    0.06232           -0.0385    -0.08475           0.9367      0.5898          0.2588          0.4118        0.7578     0.1177          0.1014
      0.2           41.96   6.764   28.36          0    0.8461       0.2053    0.07634          -0.02408     0.04648           0.9899      0.5153          0.2454          0.8043        0.5497    0.03717          0.5201
      0.3           42.13   7.311   28.37          0    0.8609        0.306     0.1044          0.004839      0.3124            1.108      0.3637          0.2224           3.142        0.1903   0.002167           24.49
      0.4           42.31   7.858   28.38          0    0.8754       0.4062     0.1321           0.03333      0.5747            1.238      0.2463          0.1997            12.1       0.04583          0            1332
      0.6           42.64   8.973    28.4          0    0.9038       0.6111     0.1862           0.08897       1.091            1.533     0.08717          0.1826           179.6      0.005333          0       3.353e+06

=== 1h P6|B|none
 edge_pct  trades_per_30d  mean_N  mean_L  liq_share  tp_share  drift_H_pct  gross_pct  net_notional_pct  eq_ret_pct  30d_median_mult  30d_p_loss  30d_mdd_median  1y_median_mult  1y_p_below50  1y_p_ruin  IS_median_mult
        0           27.55  0.6028   9.946          0         0   -0.0008495   -0.02264           -0.1766    -0.08764           0.9713      0.6763         0.07168          0.7146         0.083          0          0.3942
    0.025           27.47  0.6028   9.946          0         0      0.02414 -0.0003585           -0.1544    -0.07602            0.974      0.6547          0.0696          0.7431        0.0585          0          0.4372
     0.05            27.4  0.6029   9.946          0         0      0.05117    0.02402           -0.1301    -0.06353           0.9775      0.6345         0.06794          0.7733       0.04183          0          0.4631
    0.075           27.32   0.603   9.946          0         0      0.07717    0.04708           -0.1071    -0.05157           0.9807      0.6165         0.06627          0.8066       0.03067          0          0.5379
      0.1           27.24  0.6031   9.946          0         0       0.1047     0.0733          -0.08099    -0.03885           0.9852      0.5962         0.06481          0.8453         0.019          0          0.5912
     0.15            27.1  0.6032   9.946          0         0       0.1556     0.1195            -0.035    -0.01635           0.9905      0.5602         0.06231          0.9122      0.007167          0          0.7978
      0.2           26.96  0.6033   9.946          0         0       0.2092     0.1679           0.01322    0.008285           0.9966      0.5173         0.05946          0.9898      0.001833          0          0.9961
      0.3           26.68  0.6034   9.945          0         0       0.3072     0.2605            0.1056     0.05635            1.009      0.4452         0.05418           1.156     0.0003333          0           1.589
      0.4           26.43  0.6035   9.946          0         0       0.4068     0.3489            0.1936      0.1012            1.021      0.3777         0.04945           1.332             0          0           2.292
      0.6           25.89  0.6037   9.946          0         0       0.6097     0.5284            0.3724      0.1953            1.045      0.2562         0.04157           1.775             0          0           5.582

=== 1h P6h|B|none
 edge_pct  trades_per_30d  mean_N  mean_L  liq_share  tp_share  drift_H_pct  gross_pct  net_notional_pct  eq_ret_pct  30d_median_mult  30d_p_loss  30d_mdd_median  1y_median_mult  1y_p_below50  1y_p_ruin  IS_median_mult
        0           27.55  0.3014   9.946          0         0   -0.0008495   -0.02264           -0.1766    -0.04382            0.986      0.6697         0.03631          0.8512             0          0          0.6408
    0.025           27.47  0.3014   9.946          0         0      0.02414 -0.0003585           -0.1544    -0.03801           0.9874       0.648         0.03521          0.8682             0          0          0.6762
     0.05            27.4  0.3014   9.946          0         0      0.05117    0.02402           -0.1301    -0.03176           0.9891      0.6277          0.0344          0.8855             0          0          0.6953
    0.075           27.32  0.3015   9.946          0         0      0.07717    0.04708           -0.1071    -0.02579           0.9908      0.6093         0.03353          0.9047             0          0          0.7483
      0.1           27.24  0.3015   9.946          0         0       0.1047     0.0733          -0.08099    -0.01942            0.993      0.5893         0.03277           0.926             0          0          0.7855
     0.15            27.1  0.3016   9.946          0         0       0.1556     0.1195            -0.035   -0.008176           0.9958      0.5537         0.03148          0.9619             0          0          0.9129
      0.2           26.96  0.3016   9.946          0         0       0.2092     0.1679           0.01322    0.004142           0.9988      0.5117         0.03005           1.002             0          0           1.021
      0.3           26.68  0.3017   9.945          0         0       0.3072     0.2605            0.1056     0.02817            1.005      0.4393         0.02733           1.083             0          0           1.289
      0.4           26.43  0.3018   9.946          0         0       0.4068     0.3489            0.1936     0.05062            1.011      0.3732         0.02494           1.163             0          0           1.548
      0.6           25.89  0.3019   9.946          0         0       0.6097     0.5284            0.3724     0.09766            1.023      0.2538         0.02093           1.343             0          0           2.418

=== 1h P6|B|10
 edge_pct  trades_per_30d  mean_N  mean_L  liq_share  tp_share  drift_H_pct  gross_pct  net_notional_pct  eq_ret_pct  30d_median_mult  30d_p_loss  30d_mdd_median  1y_median_mult  1y_p_below50  1y_p_ruin  IS_median_mult
        0           36.07  0.5893   9.938          0    0.6037    -0.002947    0.02259          -0.09347    -0.06048            0.979       0.695         0.05035          0.7595      0.005167          0          0.4508
    0.025           36.11  0.5892   9.938          0    0.6098      0.02186    0.03934           -0.0764    -0.05118           0.9817       0.667         0.04904          0.7914         0.003          0          0.5024
     0.05           36.13  0.5891   9.938          0    0.6157      0.04872    0.05512          -0.06031    -0.04194           0.9856      0.6347         0.04722          0.8245      0.001333          0          0.5776
    0.075           36.16   0.589   9.938          0    0.6216       0.0752    0.07123          -0.04388    -0.03272           0.9882      0.6083         0.04561          0.8597     0.0001667          0          0.6407
      0.1           36.19   0.589   9.938          0    0.6276       0.1028    0.08771          -0.02708     -0.0233           0.9911      0.5818         0.04415          0.8945     0.0001667          0          0.7383
     0.15           36.24  0.5889   9.938          0     0.639       0.1575     0.1194          0.005252   -0.005595           0.9971       0.527         0.04127           0.968             0          0          0.9244
      0.2           36.29  0.5886   9.938          0    0.6516       0.2135     0.1543           0.04082     0.01372            1.004      0.4658         0.03907           1.053             0          0           1.184
      0.3           36.41  0.5882   9.938          0    0.6752       0.3162     0.2187            0.1064     0.05022            1.017      0.3387         0.03371           1.241             0          0           1.886
      0.4           36.54  0.5878   9.938          0    0.6985       0.4184     0.2824            0.1714     0.08597            1.031      0.2332         0.02997           1.456             0          0           3.056
      0.6           36.74  0.5872   9.938          0    0.7451       0.6309     0.4101            0.3016      0.1579            1.058     0.08617         0.02343            2.01             0          0           8.166

=== 4h P0|A|10
 edge_pct  trades_per_30d  mean_N  mean_L  liq_share  tp_share  drift_H_pct  gross_pct  net_notional_pct  eq_ret_pct  30d_median_mult  30d_p_loss  30d_mdd_median  1y_median_mult  1y_p_below50  1y_p_ruin  IS_median_mult
        0           10.68       1       1  4.397e-05   0.02524    -0.003426  0.0009799           -0.1576     -0.1576           0.9806      0.5792         0.08266          0.7577        0.2125      0.005          0.4279
    0.025           10.68       1       1  4.397e-05   0.02563      0.02116    0.02781           -0.1308     -0.1308           0.9833      0.5668         0.08132          0.7838        0.1918      0.005          0.4968
     0.05           10.68       1       1  4.396e-05   0.02607      0.04831    0.05127           -0.1073     -0.1073           0.9848      0.5617         0.08011          0.8128        0.1687      0.005          0.5345
    0.075           10.68       1       1  4.396e-05   0.02668      0.07205    0.08345          -0.07507    -0.07507           0.9876      0.5512         0.07874          0.8457        0.1472      0.005          0.5803
      0.1           10.68       1       1  4.396e-05    0.0269      0.09174     0.1027          -0.05582    -0.05582           0.9895      0.5408         0.07797          0.8661         0.134      0.005           0.608
     0.15           10.68       1       1  4.395e-05   0.02756       0.1402     0.1465          -0.01198    -0.01197           0.9934      0.5267         0.07599           0.918        0.1062      0.005          0.6869
      0.2           10.68       1       1  4.395e-05   0.02804       0.1883     0.1885           0.03007     0.03008           0.9986      0.5067         0.07351          0.9713       0.08367      0.005          0.8305
      0.3           10.68       1       1  4.394e-05   0.02957       0.2957     0.2972            0.1388      0.1388            1.009      0.4648         0.06893           1.119       0.04583      0.005           1.235
      0.4           10.69       1       1  4.394e-05   0.03128        0.398      0.407            0.2487      0.2487            1.021       0.424         0.06436           1.295         0.026      0.005           1.918
      0.6           10.69       1       1  4.392e-05   0.03369       0.5981     0.6039            0.4458      0.4458            1.039      0.3503         0.05667           1.673        0.0075      0.005            4.96

=== 4h P0|B|10
 edge_pct  trades_per_30d  mean_N  mean_L  liq_share  tp_share  drift_H_pct  gross_pct  net_notional_pct  eq_ret_pct  30d_median_mult  30d_p_loss  30d_mdd_median  1y_median_mult  1y_p_below50  1y_p_ruin  IS_median_mult
        0           10.89       1       1          0   0.02423    -0.005786   -0.01353           -0.1706     -0.1706           0.9753      0.6058         0.08275          0.7454        0.1823          0          0.4362
    0.025           10.88       1       1          0   0.02459      0.01946    0.01318           -0.1439     -0.1439            0.978      0.5912         0.08142          0.7714        0.1552          0          0.4714
     0.05           10.88       1       1          0   0.02503      0.04705    0.03682           -0.1203     -0.1203           0.9801      0.5828         0.08029          0.7973        0.1328          0          0.5108
    0.075           10.87       1       1          0   0.02564      0.07148    0.06887          -0.08821    -0.08821           0.9833       0.571         0.07871           0.828        0.1067          0          0.5743
      0.1           10.87       1       1          0   0.02587      0.09118    0.08873          -0.06836    -0.06836           0.9862        0.56         0.07781          0.8492        0.0935          0          0.6122
     0.15           10.86       1       1          0   0.02658       0.1439     0.1352          -0.02187    -0.02187           0.9903      0.5412         0.07575          0.9041       0.06767          0          0.7133
      0.2           10.86       1       1          0   0.02716       0.1936     0.1788           0.02173     0.02173           0.9942      0.5242          0.0734          0.9625       0.05267          0          0.8724
      0.3           10.85       1       1          0   0.02861       0.3006     0.2809            0.1237      0.1237            1.006      0.4783         0.06881           1.094       0.02433          0           1.261
      0.4           10.83       1       1          0   0.03035       0.4027     0.3913            0.2342      0.2342            1.015       0.437         0.06467           1.277        0.0085          0           2.105
      0.6            10.8       1       1          0   0.03272       0.6018     0.5851            0.4279      0.4279            1.034      0.3592         0.05842           1.649        0.0015          0           4.468

=== 4h P1|B|10
 edge_pct  trades_per_30d  mean_N  mean_L  liq_share  tp_share  drift_H_pct  gross_pct  net_notional_pct  eq_ret_pct  30d_median_mult  30d_p_loss  30d_mdd_median  1y_median_mult  1y_p_below50  1y_p_ruin  IS_median_mult
        0           11.43    1.25       5  0.0001233    0.4356    -0.003511    0.03595          -0.09658     -0.1207            0.986      0.5547         0.08246          0.8074        0.1238          0          0.5334
    0.025           11.43    1.25       5  0.0001232      0.44      0.02169    0.05765          -0.07462    -0.09327           0.9896      0.5423         0.08125          0.8399           0.1          0          0.6033
     0.05           11.44    1.25       5  0.0001232    0.4442      0.04852    0.07785          -0.05418    -0.06772           0.9921      0.5312         0.07981          0.8712       0.08817          0          0.6541
    0.075           11.44    1.25       5  0.0001231    0.4495      0.07416     0.1051          -0.02668    -0.03334           0.9966      0.5153         0.07829          0.9126       0.06767          0          0.7676
      0.1           11.45    1.25       5   0.000123    0.4533      0.09492     0.1243          -0.00717   -0.008962           0.9998      0.5015         0.07672           0.942        0.0575          0          0.8383
     0.15           11.46    1.25       5  0.0001229    0.4617        0.147     0.1643           0.03328      0.0416            1.005      0.4783         0.07411           1.015       0.03617          0           1.011
      0.2           11.47    1.25       5  0.0001228      0.47       0.1975      0.206           0.07545     0.09431            1.012      0.4528         0.07178           1.095          0.02          0            1.23
      0.3            11.5    1.25       5  0.0001225    0.4884       0.3025     0.2969            0.1674      0.2093            1.026      0.3952         0.06679           1.279      0.006833          0           1.969
      0.4           11.51    1.25       5  0.0001224    0.5063       0.4044     0.3877            0.2593      0.3241            1.039      0.3415         0.06203           1.504        0.0015          0           3.203
      0.6           11.55    1.25       5  0.0001219    0.5422       0.6064     0.5654             0.439      0.5488            1.064      0.2462         0.05463           2.087             0          0           9.289

=== 4h P2|B|10
 edge_pct  trades_per_30d  mean_N  mean_L  liq_share  tp_share  drift_H_pct  gross_pct  net_notional_pct  eq_ret_pct  30d_median_mult  30d_p_loss  30d_mdd_median  1y_median_mult  1y_p_below50  1y_p_ruin  IS_median_mult
        0           11.95     2.5      10  0.0007462    0.6704    -0.006219    0.03582          -0.08174     -0.2043           0.9765      0.5638          0.1285          0.6504        0.4348     0.0015          0.2527
    0.025           11.97     2.5      10  0.0007454    0.6749       0.0189    0.05131          -0.06597     -0.1649           0.9797      0.5525           0.127          0.6909        0.3925      0.001          0.2762
     0.05           11.98     2.5      10  0.0007448    0.6795      0.04551    0.06816          -0.04883     -0.1221           0.9847      0.5402          0.1244          0.7324        0.3497  0.0006667          0.3666
    0.075           11.98     2.5      10  0.0007051    0.6852      0.07061    0.08745          -0.02917    -0.07293           0.9913      0.5233          0.1212          0.7825        0.3047     0.0005          0.4771
      0.1           11.99     2.5      10  0.0007438    0.6896      0.09213     0.1017          -0.01465    -0.03663           0.9958      0.5107          0.1195          0.8306         0.269     0.0005          0.5667
     0.15           12.02     2.5      10  0.0007815     0.699        0.144     0.1326           0.01682     0.04206            1.005      0.4873          0.1162          0.9335         0.203          0          0.7161
      0.2           12.03     2.5      10  0.0007416    0.7084       0.1946     0.1628           0.04764      0.1191            1.014      0.4625          0.1125           1.053         0.154          0           1.094
      0.3           12.06     2.5      10  0.0007394     0.727       0.3004     0.2252            0.1112      0.2779            1.033       0.406          0.1041           1.336       0.07083          0           2.032
      0.4            12.1     2.5      10  0.0006598    0.7478       0.4031     0.2951            0.1824      0.4559            1.059      0.3372         0.09553           1.761       0.02367          0           5.414
      0.6           12.18     2.5      10   0.000578    0.7859       0.6024     0.4233             0.313      0.7825            1.102      0.2317         0.07977           2.916        0.0025          0           23.45

=== 4h P2|C|10
 edge_pct  trades_per_30d  mean_N  mean_L  liq_share  tp_share  drift_H_pct  gross_pct  net_notional_pct  eq_ret_pct  30d_median_mult  30d_p_loss  30d_mdd_median  1y_median_mult  1y_p_below50  1y_p_ruin  IS_median_mult
        0           11.89     2.5      10          0    0.6749    -0.004089    0.02308          -0.09444     -0.2361           0.9719      0.5745          0.1314          0.6204        0.4735   0.001167          0.2318
    0.025            11.9     2.5      10          0     0.679      0.02113    0.03778          -0.07948     -0.1987           0.9766      0.5622          0.1291           0.655        0.4352  0.0003333          0.2844
     0.05           11.91     2.5      10          0    0.6836      0.04751    0.05417          -0.06279      -0.157           0.9814      0.5503          0.1258          0.6966         0.392  0.0001667           0.365
    0.075           11.92     2.5      10          0    0.6892      0.07272    0.07388          -0.04272     -0.1068           0.9874      0.5323          0.1228          0.7489         0.348  0.0001667          0.4228
      0.1           11.93     2.5      10          0    0.6935      0.09435    0.08828          -0.02804     -0.0701           0.9913       0.523          0.1228          0.7923         0.313  0.0001667           0.487
     0.15           11.96     2.5      10          0    0.7027       0.1425     0.1195          0.003749    0.009372                1      0.4997          0.1227          0.8892        0.2408          0          0.7129
      0.2           11.97     2.5      10          0     0.712       0.1926     0.1511           0.03598     0.08995            1.009      0.4712          0.1226            1.01         0.181          0          0.9505
      0.3           12.01     2.5      10          0    0.7301       0.2987     0.2148            0.1009      0.2522            1.029       0.422          0.1225           1.284         0.091          0           2.105
      0.4           12.05     2.5      10          0    0.7502       0.4019     0.2848            0.1721      0.4302            1.054      0.3535          0.1224           1.691       0.03117          0           5.155
      0.6           12.15     2.5      10          0    0.7874       0.6026     0.4145            0.3042      0.7606            1.096      0.2483         0.09046           2.808         0.003          0           19.04

=== 4h P3|A|10
 edge_pct  trades_per_30d  mean_N  mean_L  liq_share  tp_share  drift_H_pct  gross_pct  net_notional_pct  eq_ret_pct  30d_median_mult  30d_p_loss  30d_mdd_median  1y_median_mult  1y_p_below50  1y_p_ruin  IS_median_mult
        0            12.4       4      20     0.0537    0.8361    -0.005425    0.03494          -0.09463     -0.3785           0.9509      0.5833          0.1905          0.4512        0.6812    0.03333          0.1323
    0.025            12.4       4      20    0.05272     0.839      0.02088     0.0435          -0.08545     -0.3418           0.9596      0.5727          0.1901          0.4804        0.6548    0.02817          0.1351
     0.05           12.42       4      20     0.0515    0.8421      0.04753    0.05316          -0.07505     -0.3002           0.9656       0.561          0.1827          0.5138        0.6227    0.02167           0.182
    0.075           12.42       4      20    0.05015    0.8459      0.07239     0.0649          -0.06247     -0.2499           0.9708      0.5498          0.1711          0.5561        0.5813      0.017          0.1868
      0.1           12.44       4      20    0.04923    0.8487      0.09394    0.07321          -0.05357     -0.2143           0.9772       0.541          0.1619          0.5861         0.552     0.0135          0.2376
     0.15           12.46       4      20    0.04753    0.8553       0.1414    0.09058          -0.03502     -0.1401           0.9856      0.5237          0.1485          0.6663        0.4963   0.008833          0.3055
      0.2           12.47       4      20     0.0459     0.861        0.191     0.1066          -0.01793    -0.07171           0.9972       0.507          0.1356           0.737        0.4325     0.0055          0.4186
      0.3            12.5       4      20     0.0415    0.8734       0.2968     0.1434           0.02163     0.08651            1.021      0.4683           0.117          0.9519        0.2985   0.001833          0.9556
      0.4           12.54       4      20    0.03764    0.8865       0.3972     0.1794            0.0602      0.2408            1.049      0.4205         0.09517           1.228         0.184     0.0005           1.905
      0.6           12.63       4      20    0.02941    0.9124       0.5981     0.2548            0.1408      0.5634            1.105      0.3222         0.05965             2.1       0.04417          0           8.958

=== 4h P3|B|10
 edge_pct  trades_per_30d  mean_N  mean_L  liq_share  tp_share  drift_H_pct  gross_pct  net_notional_pct  eq_ret_pct  30d_median_mult  30d_p_loss  30d_mdd_median  1y_median_mult  1y_p_below50  1y_p_ruin  IS_median_mult
        0           12.46       4      20    0.01986    0.8283    -0.006911    0.03871           -0.0763     -0.3052           0.9656      0.5777          0.1517          0.5305        0.5902      0.011          0.1362
    0.025           12.46       4      20    0.01955    0.8313      0.01953    0.04728           -0.0674     -0.2696           0.9693      0.5667          0.1479          0.5612         0.557   0.009333          0.1586
     0.05           12.47       4      20    0.01904    0.8347      0.04624    0.05744          -0.05681     -0.2272           0.9761      0.5548          0.1441          0.5968        0.5222   0.006833          0.2013
    0.075           12.48       4      20    0.01851    0.8386      0.07105    0.06885          -0.04492     -0.1797           0.9834      0.5397          0.1399          0.6434        0.4778      0.005          0.2505
      0.1           12.49       4      20    0.01827    0.8415      0.09236     0.0771          -0.03638     -0.1455            0.988      0.5278          0.1376          0.6793        0.4462   0.003833          0.2647
     0.15           12.51       4      20    0.01791    0.8484       0.1433    0.09473          -0.01815    -0.07259           0.9976      0.5057          0.1324          0.7576          0.38     0.0025          0.3705
      0.2           12.52       4      20    0.01744    0.8543       0.1927     0.1104         -0.001866   -0.007463            1.005      0.4865          0.1289          0.8448        0.3218   0.001667          0.5519
      0.3           12.55       4      20    0.01624    0.8679       0.2986     0.1481           0.03719      0.1488            1.026      0.4373          0.1164           1.089        0.2037  0.0003333           1.285
      0.4           12.58       4      20    0.01497    0.8816       0.3988     0.1839           0.07443      0.2977            1.051      0.3855           0.104           1.377        0.1048  0.0001667           2.769
      0.6           12.65       4      20    0.01288    0.9085       0.5981     0.2559            0.1491      0.5963            1.101      0.2863         0.07601           2.277        0.0185          0           10.84

=== 4h P3|C|10
 edge_pct  trades_per_30d  mean_N  mean_L  liq_share  tp_share  drift_H_pct  gross_pct  net_notional_pct  eq_ret_pct  30d_median_mult  30d_p_loss  30d_mdd_median  1y_median_mult  1y_p_below50  1y_p_ruin  IS_median_mult
        0           12.54       4      20          0    0.7958    -0.006499    0.02434          -0.08323     -0.3329           0.9595      0.6092          0.1384          0.5334        0.5663   0.002333          0.1573
    0.025           12.55       4      20          0    0.7988      0.01966    0.03155          -0.07584     -0.3033           0.9601      0.5998          0.1323          0.5597        0.5325     0.0015          0.1982
     0.05           12.55       4      20          0    0.8026      0.04645    0.04063          -0.06653     -0.2661           0.9696      0.5895          0.1285          0.5913        0.4928  0.0003333          0.2248
    0.075           12.56       4      20          0    0.8067      0.07139    0.05036          -0.05655     -0.2262           0.9749      0.5758          0.1274          0.6277        0.4492  0.0003333          0.2754
      0.1           12.57       4      20          0    0.8099      0.09295    0.05807          -0.04865     -0.1946           0.9754      0.5668          0.1211          0.6582        0.4063     0.0005          0.3135
     0.15           12.58       4      20          0    0.8175       0.1434    0.07554          -0.03072     -0.1229           0.9897      0.5402          0.1142          0.7329        0.3238          0          0.4753
      0.2           12.59       4      20          0    0.8237       0.1926    0.09012          -0.01576    -0.06303           0.9915        0.52          0.1057           0.812        0.2545          0          0.5881
      0.3           12.61       4      20          0    0.8375       0.2981      0.123           0.01794     0.07178            1.011      0.4702          0.0964           1.002        0.1397          0            1.11
      0.4           12.63       4      20          0    0.8527       0.3994     0.1581           0.05398      0.2159            1.028      0.4055           0.096           1.269         0.067          0           2.282
      0.6           12.69       4      20          0    0.8816       0.5984     0.2266            0.1242      0.4967            1.071      0.3012          0.0958           1.993         0.006          0            8.08

=== 4h P3|B|30
 edge_pct  trades_per_30d  mean_N  mean_L  liq_share  tp_share  drift_H_pct  gross_pct  net_notional_pct  eq_ret_pct  30d_median_mult  30d_p_loss  30d_mdd_median  1y_median_mult  1y_p_below50  1y_p_ruin  IS_median_mult
        0           11.66       4      20    0.04667    0.5323    -0.003457    0.02017            -0.126     -0.5039           0.9214      0.6177          0.2441          0.3114        0.8162     0.1828         0.02416
    0.025           11.66       4      20    0.04573    0.5367      0.02167    0.03875           -0.1067     -0.4269           0.9298       0.606          0.2392           0.347        0.7863     0.1517         0.04257
     0.05           11.67       4      20    0.04465    0.5416      0.04869    0.05948          -0.08524      -0.341           0.9401       0.591          0.2337          0.3969        0.7518     0.1202         0.06108
    0.075           11.68       4      20    0.04379    0.5477      0.07397    0.08437          -0.05962     -0.2385           0.9497       0.576           0.229          0.4602        0.7088     0.0955         0.08129
      0.1           11.68       4      20    0.04304    0.5522      0.09445     0.1015          -0.04192     -0.1677           0.9588      0.5627          0.2247          0.5134        0.6763       0.08          0.1068
     0.15            11.7       4      20    0.04163    0.5614        0.147     0.1396         -0.002649     -0.0106           0.9743       0.537          0.2173          0.6494        0.5965    0.04983          0.2724
      0.2           11.71       4      20     0.0404     0.571       0.1972     0.1773           0.03616      0.1447           0.9942        0.51          0.2108          0.8129        0.5112    0.02717          0.5033
      0.3           11.74       4      20     0.0375    0.5911       0.3035     0.2587              0.12      0.4799            1.033      0.4507          0.2034           1.335          0.34   0.006333           1.767
      0.4           11.77       4      20    0.03443    0.6113       0.4052     0.3422            0.2059      0.8238            1.081      0.3832          0.1999           2.189        0.1938   0.001167           8.246
      0.6           11.83       4      20    0.02918    0.6503       0.6056     0.4973            0.3657       1.463            1.168      0.2723           0.168           5.883         0.049          0             173

=== 4h P3|B|100
 edge_pct  trades_per_30d  mean_N  mean_L  liq_share  tp_share  drift_H_pct  gross_pct  net_notional_pct  eq_ret_pct  30d_median_mult  30d_p_loss  30d_mdd_median  1y_median_mult  1y_p_below50  1y_p_ruin  IS_median_mult
        0           11.02       4      20    0.07247    0.1229    -0.005822  0.0001411           -0.1821     -0.7285           0.8737      0.6417          0.3046          0.1596         0.915     0.4498        0.005577
    0.025           11.02       4      20    0.07135    0.1246      0.01936      0.025           -0.1567     -0.6268           0.8813       0.632          0.3011           0.184        0.8977     0.4103        0.008611
     0.05           11.01       4      20    0.07051    0.1262      0.04659    0.04846           -0.1328     -0.5313           0.8922      0.6203           0.296          0.2094        0.8847     0.3715         0.01139
    0.075           11.01       4      20    0.06937    0.1282       0.0707    0.07892           -0.1018     -0.4072           0.9034      0.6082          0.2912           0.243        0.8592     0.3273         0.01825
      0.1           11.01       4      20    0.06863    0.1298      0.09012    0.09835          -0.08199      -0.328            0.912      0.5983          0.2871           0.269        0.8468     0.2972         0.01876
     0.15              11       4      20    0.06708     0.133       0.1429      0.146          -0.03358     -0.1343           0.9278      0.5822          0.2811          0.3487        0.8018     0.2312          0.0488
      0.2              11       4      20    0.06574    0.1359        0.193       0.19            0.0112      0.0448           0.9462      0.5627           0.272           0.454        0.7523     0.1787         0.08985
      0.3           10.99       4      20    0.06244     0.143       0.3005     0.2952            0.1181      0.4722           0.9916      0.5085          0.2566          0.7776        0.6233     0.0865          0.6049
      0.4           10.98       4      20    0.05871      0.15       0.4026     0.4023             0.227       0.908            1.033      0.4632          0.2411           1.419        0.4668    0.03433           3.125
      0.6           10.96       4      20    0.05315    0.1615       0.6028     0.5879            0.4155       1.662            1.116      0.3738          0.2193           3.991        0.2268   0.005333           61.31

=== 4h P4|A|10
 edge_pct  trades_per_30d  mean_N  mean_L  liq_share  tp_share  drift_H_pct  gross_pct  net_notional_pct  eq_ret_pct  30d_median_mult  30d_p_loss  30d_mdd_median  1y_median_mult  1y_p_below50  1y_p_ruin  IS_median_mult
        0           12.86      20      50     0.1195    0.8735    -0.008248  -0.007687           -0.1609      -3.219           0.6742      0.7982           0.416       0.0007226             1     0.9945       3.607e-10
    0.025           12.86      20      50     0.1187    0.8746      0.01728  -0.006088           -0.1589      -3.178           0.6759       0.795           0.416       0.0007525             1     0.9943       6.386e-10
     0.05           12.86      20      50      0.118    0.8753      0.04521  -0.004848           -0.1573      -3.147           0.6766      0.7928           0.416       0.0007839             1      0.994       5.019e-10
    0.075           12.86      20      50     0.1169    0.8766      0.06989  -0.002862           -0.1548      -3.096           0.6766      0.7898           0.416       0.0008682        0.9998      0.994       9.049e-10
      0.1           12.87      20      50     0.1158    0.8779      0.09107 -0.0007962           -0.1522      -3.043           0.6795      0.7883           0.416       0.0009695        0.9998     0.9927       1.577e-09
     0.15           12.87      20      50     0.1143    0.8798       0.1418    0.00196           -0.1486      -2.973           0.6901      0.7842           0.416        0.001126        0.9998     0.9912        2.32e-09
      0.2           12.87      20      50     0.1122    0.8823        0.191   0.005745           -0.1438      -2.876           0.6908      0.7775           0.416        0.001335        0.9998     0.9877        4.83e-09
      0.3           12.88      20      50     0.1081     0.887       0.2963    0.01299           -0.1345      -2.691           0.7053      0.7605           0.415         0.00198        0.9995     0.9823        1.11e-08
      0.4           12.89      20      50     0.1045    0.8913       0.3967    0.01953           -0.1262      -2.524           0.7194       0.737           0.415        0.002737        0.9987     0.9753       3.573e-08
      0.6           12.91      20      50    0.09708    0.9003       0.5966    0.03325           -0.1087      -2.175           0.7353      0.7053           0.415        0.005369        0.9963     0.9522       1.381e-07

=== 4h P4|B|10
 edge_pct  trades_per_30d  mean_N  mean_L  liq_share  tp_share  drift_H_pct  gross_pct  net_notional_pct  eq_ret_pct  30d_median_mult  30d_p_loss  30d_mdd_median  1y_median_mult  1y_p_below50  1y_p_ruin  IS_median_mult
        0           12.86      20      50     0.1173    0.8734    -0.008252  -0.007652           -0.1599      -3.199           0.6748      0.7983           0.416       0.0007512             1      0.994       4.355e-10
    0.025           12.86      20      50     0.1165    0.8745      0.01728  -0.006029           -0.1579      -3.158           0.6766      0.7952           0.416       0.0007873             1     0.9937       6.512e-10
     0.05           12.86      20      50      0.116    0.8753      0.04521  -0.004749           -0.1563      -3.127           0.6766      0.7928           0.416       0.0008223             1     0.9933       5.665e-10
    0.075           12.86      20      50     0.1149    0.8766      0.06989  -0.002762           -0.1538      -3.076           0.6766        0.79           0.416        0.000901        0.9998     0.9932        9.52e-10
      0.1           12.87      20      50     0.1138    0.8779      0.09106 -0.0006576           -0.1512      -3.024           0.6851      0.7883           0.416        0.001013        0.9998      0.992       1.786e-09
     0.15           12.87      20      50     0.1124    0.8798       0.1418   0.002091           -0.1477      -2.954           0.6905       0.784           0.416         0.00118        0.9998     0.9907       2.769e-09
      0.2           12.88      20      50     0.1104    0.8822        0.191   0.005871           -0.1429      -2.858           0.6908      0.7773           0.416        0.001392        0.9998     0.9877       5.238e-09
      0.3           12.88      20      50     0.1066     0.887       0.2963    0.01304           -0.1339      -2.677           0.7053      0.7612           0.415         0.00204        0.9995     0.9823       1.384e-08
      0.4           12.89      20      50     0.1032    0.8912       0.3967    0.01964           -0.1255       -2.51           0.7201      0.7373           0.415        0.002868        0.9987     0.9743        3.88e-08
      0.6           12.91      20      50     0.0962    0.9002       0.5966    0.03334           -0.1083      -2.165           0.7353      0.7052           0.415        0.005575        0.9962     0.9508       1.363e-07

=== 4h P4|C|10
 edge_pct  trades_per_30d  mean_N  mean_L  liq_share  tp_share  drift_H_pct  gross_pct  net_notional_pct  eq_ret_pct  30d_median_mult  30d_p_loss  30d_mdd_median  1y_median_mult  1y_p_below50  1y_p_ruin  IS_median_mult
        0           12.92      20      50          0    0.7523    -0.007614   -0.03441            -0.142       -2.84           0.6672      0.8918          0.3986         0.00582             1     0.9963       2.589e-07
    0.025           12.92      20      50          0    0.7518      0.01778    -0.0349           -0.1425       -2.85           0.6672      0.8912          0.3986        0.005734             1     0.9962       2.256e-07
     0.05           12.92      20      50          0    0.7509      0.04559   -0.03576           -0.1434      -2.868           0.6672      0.8942          0.3986        0.005536             1     0.9963       2.107e-07
    0.075           12.92      20      50          0    0.7502       0.0701   -0.03639           -0.1441      -2.881           0.6672      0.8925          0.3986        0.005377             1     0.9962       1.788e-07
      0.1           12.92      20      50          0    0.7498      0.09116   -0.03682           -0.1445       -2.89           0.6672       0.893          0.3986        0.005324             1     0.9957       1.659e-07
     0.15           12.92      20      50          0    0.7483       0.1418   -0.03832           -0.1461      -2.921           0.6664      0.8935          0.3986        0.004972             1     0.9965       1.061e-07
      0.2           12.92      20      50          0    0.7472       0.1908   -0.03946           -0.1473      -2.945           0.6654      0.8957          0.4025        0.004763             1     0.9965       1.184e-07
      0.3           12.92      20      50          0    0.7441       0.2961   -0.04255           -0.1505       -3.01           0.6535         0.9           0.411        0.004291             1      0.997       7.013e-08
      0.4           12.93      20      50          0    0.7409       0.3969   -0.04562           -0.1537      -3.074           0.6535      0.9008           0.411        0.003857             1     0.9968       4.168e-08
      0.6           12.93      20      50          0    0.7346       0.5967   -0.05179           -0.1602      -3.203           0.6535      0.9017          0.4117        0.003043             1     0.9988       2.328e-08

=== 4h P4|B|100
 edge_pct  trades_per_30d  mean_N  mean_L  liq_share  tp_share  drift_H_pct  gross_pct  net_notional_pct  eq_ret_pct  30d_median_mult  30d_p_loss  30d_mdd_median  1y_median_mult  1y_p_below50  1y_p_ruin  IS_median_mult
        0           11.95      20      50     0.4693    0.3432    -0.004246   0.003534           -0.3321      -6.642           0.1821      0.8875          0.8842       7.187e-10             1     0.9998       1.354e-27
    0.025           11.95      20      50      0.465    0.3474      0.02151    0.01889           -0.3147      -6.294           0.1915      0.8823          0.8833       1.275e-09             1     0.9998       1.442e-26
     0.05           11.95      20      50     0.4599    0.3523      0.04974    0.03734           -0.2938      -5.876           0.2026      0.8743          0.8795       2.552e-09             1     0.9998       6.718e-26
    0.075           11.94      20      50     0.4536     0.358      0.07466    0.05873           -0.2695      -5.389           0.2185      0.8667          0.8707        5.45e-09             1     0.9998       1.343e-24
      0.1           11.94      20      50     0.4485    0.3626      0.09604    0.07676            -0.249       -4.98           0.2282      0.8583          0.8686       1.013e-08             1     0.9998       6.388e-24
     0.15           11.93      20      50     0.4379    0.3727       0.1486     0.1136           -0.2072      -4.143           0.2601       0.843          0.8548       3.689e-08             1     0.9997       1.356e-22
      0.2           11.93      20      50     0.4277    0.3816       0.1978     0.1478           -0.1681      -3.362           0.2843      0.8275          0.8398       1.332e-07        0.9995     0.9983        1.05e-20
      0.3           11.92      20      50     0.4067    0.4004       0.3032     0.2198          -0.08624      -1.725           0.3452      0.7832          0.8185       1.792e-06         0.999      0.996       4.277e-17
      0.4           11.91      20      50     0.3856    0.4196       0.4048     0.2942         -0.001902    -0.03805           0.4459      0.7305          0.7998       2.608e-05        0.9968     0.9843       5.955e-14
      0.6           11.89      20      50     0.3446    0.4574       0.6077     0.4378            0.1612       3.223           0.6762      0.6193          0.7259        0.004548        0.9703     0.8848       2.111e-07

=== 4h P5|A|10
 edge_pct  trades_per_30d  mean_N  mean_L  liq_share  tp_share  drift_H_pct  gross_pct  net_notional_pct  eq_ret_pct  30d_median_mult  30d_p_loss  30d_mdd_median  1y_median_mult  1y_p_below50  1y_p_ruin  IS_median_mult
        0           12.43   4.188   20.72    0.05546     0.844    -0.007574    0.03491          -0.09484     -0.4018           0.9503      0.5933           0.203          0.4294        0.7008    0.04033          0.1124
    0.025           12.43   4.188   20.72    0.05448    0.8467       0.0186     0.0431          -0.08605     -0.3657           0.9541      0.5833          0.1927          0.4595        0.6738      0.033          0.1381
     0.05           12.45   4.188   20.72    0.05323    0.8497      0.04514    0.05243          -0.07597     -0.3238           0.9646      0.5717          0.1902          0.4905        0.6427      0.026          0.1566
    0.075           12.45   4.188   20.72    0.05187    0.8534      0.06994      0.064          -0.06357     -0.2732           0.9661      0.5605          0.1878          0.5312        0.6035    0.02033          0.1624
      0.1           12.47   4.188   20.72    0.05084    0.8564      0.09152    0.07237          -0.05456     -0.2353           0.9719       0.551          0.1773          0.5629        0.5723    0.01633          0.2063
     0.15           12.48   4.188   20.72    0.04919    0.8628       0.1426    0.08955          -0.03622     -0.1601           0.9816      0.5313          0.1594           0.637         0.517     0.0105          0.2963
      0.2            12.5   4.188   20.72    0.04752    0.8685       0.1921     0.1053          -0.01932    -0.09041           0.9935      0.5148          0.1462          0.7139        0.4567   0.006167          0.3992
      0.3           12.53   4.189   20.73    0.04301     0.881        0.298     0.1415           0.01959     0.07167            1.016       0.474          0.1234          0.9237        0.3265   0.002333          0.9499
      0.4           12.57   4.189   20.73    0.03897    0.8937       0.3981     0.1765           0.05727      0.2277            1.047      0.4273         0.09962           1.199        0.2042  0.0006667           1.988
      0.6           12.65   4.189   20.73    0.03013     0.919       0.5974     0.2498            0.1361      0.5593            1.108      0.3257         0.06158           2.092       0.05083          0           8.817

=== 4h P5|B|10
 edge_pct  trades_per_30d  mean_N  mean_L  liq_share  tp_share  drift_H_pct  gross_pct  net_notional_pct  eq_ret_pct  30d_median_mult  30d_p_loss  30d_mdd_median  1y_median_mult  1y_p_below50  1y_p_ruin  IS_median_mult
        0           12.48   4.188   20.72    0.01982    0.8366    -0.006884    0.03796          -0.07646     -0.3222           0.9604      0.5872          0.1565          0.5132        0.6095      0.015           0.121
    0.025           12.49   4.188   20.72    0.01951    0.8394      0.01944    0.04625          -0.06785     -0.2869           0.9657      0.5763          0.1525          0.5436        0.5822    0.01233          0.1568
     0.05            12.5   4.188   20.72    0.01901    0.8427      0.04605     0.0561          -0.05758     -0.2438           0.9719      0.5647          0.1485          0.5784        0.5462   0.008667          0.1891
    0.075            12.5   4.188   20.73    0.01847    0.8465       0.0708    0.06734          -0.04587     -0.1958           0.9788      0.5503          0.1448          0.6234        0.4997      0.006          0.2301
      0.1           12.51   4.188   20.72    0.01824    0.8496      0.09215    0.07552          -0.03739     -0.1602           0.9838      0.5392          0.1417          0.6598         0.463   0.004333           0.251
     0.15           12.53   4.188   20.73    0.01787    0.8563       0.1431    0.09286          -0.01945    -0.08577           0.9939      0.5153          0.1357          0.7405        0.4003   0.003167          0.3663
      0.2           12.54   4.189   20.73    0.01741    0.8622       0.1925     0.1084          -0.00337    -0.01908            1.001      0.4968          0.1309          0.8281        0.3393   0.001833          0.5504
      0.3           12.57   4.189   20.73    0.01621    0.8759       0.2986     0.1456           0.03522      0.1412            1.025       0.446          0.1187           1.067        0.2135     0.0005           1.235
      0.4            12.6   4.189   20.73    0.01494    0.8891       0.3987     0.1804           0.07144      0.2913            1.049      0.3918          0.1056           1.362        0.1118  0.0001667           2.582
      0.6           12.67   4.189   20.73    0.01285    0.9154       0.5979     0.2509            0.1445      0.5963            1.101      0.2892         0.08445           2.273       0.01983          0           10.89

=== 4h P5|C|10
 edge_pct  trades_per_30d  mean_N  mean_L  liq_share  tp_share  drift_H_pct  gross_pct  net_notional_pct  eq_ret_pct  30d_median_mult  30d_p_loss  30d_mdd_median  1y_median_mult  1y_p_below50  1y_p_ruin  IS_median_mult
        0           12.58   4.187   20.72          0    0.8025    -0.006785    0.02444          -0.08259     -0.3468           0.9574      0.6162          0.1422          0.5193        0.5855      0.003            0.15
    0.025           12.58   4.187   20.72          0    0.8054      0.01923    0.03128          -0.07557     -0.3179           0.9595      0.6062          0.1402          0.5433        0.5515   0.002167          0.1728
     0.05           12.59   4.187   20.72          0    0.8091       0.0459    0.04001          -0.06662     -0.2801           0.9638      0.5953          0.1322          0.5769         0.507     0.0015          0.2066
    0.075           12.59   4.188   20.72          0    0.8132      0.07079    0.04953          -0.05686       -0.24           0.9721       0.582          0.1285          0.6144        0.4638  0.0008333          0.2378
      0.1            12.6   4.187   20.72          0    0.8165      0.09234    0.05712          -0.04907     -0.2071           0.9748      0.5732          0.1276          0.6463         0.427     0.0005          0.2887
     0.15           12.61   4.188   20.72          0     0.824       0.1434     0.0743          -0.03144     -0.1339           0.9855       0.546          0.1165          0.7203        0.3407  0.0003333          0.4069
      0.2           12.62   4.188   20.72          0    0.8304       0.1925    0.08887          -0.01648    -0.07173           0.9913      0.5242          0.1099          0.7993        0.2732          0          0.5676
      0.3           12.64   4.188   20.73          0    0.8444       0.2984      0.121           0.01645     0.06599             1.01      0.4732         0.09966          0.9876        0.1498          0           1.151
      0.4           12.66   4.188   20.73          0    0.8592       0.3993     0.1552           0.05153      0.2114            1.029      0.4083          0.0962           1.258       0.07217          0           2.152
      0.6           12.72   4.188   20.73          0    0.8877       0.5982     0.2213            0.1194      0.4956            1.072      0.3033          0.0958           1.981         0.007          0           7.402

=== 4h P5|B|100
 edge_pct  trades_per_30d  mean_N  mean_L  liq_share  tp_share  drift_H_pct  gross_pct  net_notional_pct  eq_ret_pct  30d_median_mult  30d_p_loss  30d_mdd_median  1y_median_mult  1y_p_below50  1y_p_ruin  IS_median_mult
        0           11.02   4.189   20.73    0.07247    0.1258    -0.005712  -0.001483           -0.1836      -0.752           0.8679       0.645          0.3123          0.1516        0.9205     0.4702        0.005088
    0.025           11.02    4.19   20.73    0.07134    0.1276      0.01947    0.02339           -0.1582     -0.6485           0.8758      0.6365          0.3083          0.1755        0.9042     0.4268        0.007207
     0.05           11.01    4.19   20.73    0.07051    0.1293      0.04669    0.04688           -0.1342     -0.5493            0.887       0.625          0.3036          0.1998        0.8905     0.3887         0.01056
    0.075           11.01    4.19   20.73    0.06937    0.1313      0.07081    0.07732           -0.1032     -0.4231           0.8983      0.6138          0.2987          0.2314        0.8667      0.342         0.01232
      0.1           11.01    4.19   20.73    0.06863    0.1329      0.09023     0.0968          -0.08336     -0.3411           0.9077      0.6032          0.2948          0.2593        0.8537      0.313         0.01862
     0.15              11   4.189   20.73    0.06708    0.1361        0.143     0.1441          -0.03527     -0.1442           0.9236      0.5852          0.2865          0.3409        0.8075     0.2435         0.05048
      0.2              11   4.189   20.73    0.06573    0.1391       0.1931     0.1885          0.009795     0.03826           0.9421       0.565          0.2799            0.44        0.7602      0.188         0.07567
      0.3           10.99   4.189   20.73    0.06243    0.1464       0.3006     0.2934            0.1165      0.4749           0.9889       0.511          0.2628          0.7622        0.6303    0.09417          0.5494
      0.4           10.98    4.19   20.73     0.0587    0.1536       0.4027     0.4003            0.2253      0.9206            1.032      0.4633          0.2475             1.4        0.4755      0.037           3.409
      0.6           10.96   4.189   20.73    0.05314    0.1655       0.6044     0.5859            0.4137       1.696             1.12       0.374          0.2225           4.144         0.228   0.006167           58.95

=== 4h P5c|A|10
 edge_pct  trades_per_30d  mean_N  mean_L  liq_share  tp_share  drift_H_pct  gross_pct  net_notional_pct  eq_ret_pct  30d_median_mult  30d_p_loss  30d_mdd_median  1y_median_mult  1y_p_below50  1y_p_ruin  IS_median_mult
        0           12.43   4.145   20.72    0.05546     0.844    -0.007574    0.03491          -0.09484     -0.3964           0.9501       0.592           0.203          0.4358        0.6945    0.03867          0.1148
    0.025           12.43   4.239   20.72    0.05448    0.8467       0.0186     0.0431          -0.08605      -0.329           0.9624      0.5767           0.191          0.4855        0.6517    0.02883           0.159
     0.05           12.45   4.344   20.72    0.05323    0.8497      0.04514    0.05243          -0.07597     -0.2526           0.9696      0.5578          0.1901          0.5445        0.5997    0.02083          0.2151
    0.075           12.45   4.442   20.72    0.05187    0.8534      0.06994      0.064          -0.06357     -0.1715           0.9808       0.537          0.1839          0.6112        0.5432      0.016          0.2606
      0.1           12.47   4.537   20.72    0.05084    0.8564      0.09152    0.07237          -0.05456     -0.1022           0.9906      0.5215          0.1769          0.6801        0.4907    0.01217          0.3775
     0.15           12.48   4.735   20.72    0.04919    0.8628       0.1426    0.08955          -0.03622     0.03539            1.011      0.4865          0.1574          0.8399        0.4002   0.006167          0.6832
      0.2            12.5   4.927   20.72    0.04752    0.8685       0.1921     0.1053          -0.01932      0.1685            1.028      0.4538          0.1465           1.029        0.3083   0.003333           1.121
      0.3           12.53   5.316   20.73    0.04301     0.881        0.298     0.1415           0.01959      0.4493            1.066       0.386          0.1245           1.569        0.1765   0.001167           4.689
      0.4           12.57    5.71   20.73    0.03897    0.8937       0.3981     0.1765           0.05727      0.7315            1.117      0.3163          0.1043           2.436       0.09217     0.0005           15.42
      0.6           12.65   6.499   20.73    0.03013     0.919       0.5974     0.2498            0.1361       1.316            1.211      0.1935          0.0702           6.131        0.0305          0           203.5

=== 4h P5c|B|10
 edge_pct  trades_per_30d  mean_N  mean_L  liq_share  tp_share  drift_H_pct  gross_pct  net_notional_pct  eq_ret_pct  30d_median_mult  30d_p_loss  30d_mdd_median  1y_median_mult  1y_p_below50  1y_p_ruin  IS_median_mult
        0           12.48   4.145   20.72    0.01982    0.8366    -0.006884    0.03796          -0.07646      -0.318           0.9623      0.5857          0.1555          0.5174        0.6047     0.0145          0.1228
    0.025           12.49   4.239   20.72    0.01951    0.8394      0.01944    0.04625          -0.06785     -0.2518             0.97      0.5655          0.1516          0.5745        0.5523       0.01          0.1809
     0.05            12.5   4.344   20.72    0.01901    0.8427      0.04605     0.0561          -0.05758     -0.1742           0.9802      0.5462          0.1464          0.6378        0.4908   0.006167          0.2749
    0.075            12.5   4.442   20.73    0.01847    0.8465       0.0708    0.06734          -0.04587    -0.09572           0.9915      0.5203          0.1428          0.7177        0.4278   0.003167          0.3304
      0.1           12.51   4.538   20.72    0.01824    0.8496      0.09215    0.07552          -0.03739     -0.0296            0.998       0.503            0.14          0.7943        0.3747     0.0025          0.4793
     0.15           12.53   4.735   20.73    0.01787    0.8563       0.1431    0.09286          -0.01945      0.1083            1.017      0.4652           0.135          0.9775        0.2812   0.001667          0.8597
      0.2           12.54   4.928   20.73    0.01741    0.8622       0.1925     0.1084          -0.00337      0.2389            1.035      0.4282          0.1314           1.197        0.2005      0.001           1.647
      0.3           12.57   5.316   20.73    0.01621    0.8759       0.2986     0.1456           0.03522      0.5195            1.075      0.3602          0.1201           1.836       0.09267  0.0003333           6.483
      0.4            12.6    5.71   20.73    0.01494    0.8891       0.3987     0.1804           0.07144      0.7958            1.119      0.2872          0.1081           2.828        0.0455  0.0001667            25.3
      0.6           12.67   6.499   20.73    0.01285    0.9154       0.5979     0.2509            0.1445       1.353            1.209      0.1712         0.09159            6.76         0.014          0           285.2

=== 4h P5c|C|10
 edge_pct  trades_per_30d  mean_N  mean_L  liq_share  tp_share  drift_H_pct  gross_pct  net_notional_pct  eq_ret_pct  30d_median_mult  30d_p_loss  30d_mdd_median  1y_median_mult  1y_p_below50  1y_p_ruin  IS_median_mult
        0           12.58   4.144   20.72          0    0.8025    -0.006785    0.02444          -0.08259     -0.3427           0.9586       0.615           0.142          0.5222        0.5785   0.002833          0.1536
    0.025           12.58   4.238   20.72          0    0.8054      0.01923    0.03128          -0.07557     -0.2885           0.9606      0.5937          0.1384           0.565        0.5227   0.001667          0.2006
     0.05           12.59   4.343   20.72          0    0.8091       0.0459    0.04001          -0.06662      -0.221           0.9736      0.5727          0.1297          0.6298        0.4545  0.0001667          0.2733
    0.075           12.59   4.441   20.72          0    0.8132      0.07079    0.04953          -0.05686     -0.1571            0.979      0.5487          0.1285          0.6885        0.3922  0.0003333          0.3542
      0.1            12.6   4.537   20.72          0    0.8165      0.09234    0.05712          -0.04907    -0.09627           0.9884      0.5305          0.1249          0.7569        0.3378  0.0003333          0.4542
     0.15           12.61   4.735   20.72          0     0.824       0.1434     0.0743          -0.03144     0.03221            1.006      0.4848          0.1147          0.9193        0.2338          0           0.843
      0.2           12.62   4.927   20.72          0    0.8304       0.1925    0.08887          -0.01648      0.1479            1.021      0.4455          0.1086           1.098        0.1663          0           1.353
      0.3           12.64   5.315   20.73          0    0.8444       0.2984      0.121           0.01645      0.3871            1.051      0.3768          0.0964           1.572       0.07267          0           3.838
      0.4           12.66   5.709   20.73          0    0.8592       0.3993     0.1552           0.05153      0.6426             1.09      0.3035           0.096           2.331        0.0305          0           11.47
      0.6           12.72     6.5   20.73          0    0.8877       0.5982     0.2213            0.1194       1.144            1.165      0.2043          0.0958           5.026      0.008167          0           104.4

=== 4h P6|B|none
 edge_pct  trades_per_30d  mean_N  mean_L  liq_share  tp_share  drift_H_pct  gross_pct  net_notional_pct  eq_ret_pct  30d_median_mult  30d_p_loss  30d_mdd_median  1y_median_mult  1y_p_below50  1y_p_ruin  IS_median_mult
        0           10.87  0.3026   9.407          0         0    -0.007215   -0.04281           -0.2012    -0.05139           0.9928      0.6152         0.02228          0.9278             0          0          0.8205
    0.025           10.87  0.3026   9.406          0         0      0.01749   -0.01818           -0.1766    -0.04558           0.9934      0.6052         0.02202          0.9351             0          0          0.8362
     0.05           10.86  0.3026   9.407          0         0      0.04511    0.00598           -0.1525    -0.03928           0.9943      0.5938         0.02161          0.9428             0          0          0.8582
    0.075           10.86  0.3027   9.407          0         0      0.06965    0.03678           -0.1217    -0.03117           0.9949      0.5837         0.02122          0.9528             0          0          0.8962
      0.1           10.85  0.3026   9.407          0         0      0.08938    0.05706           -0.1015    -0.02578           0.9958      0.5708         0.02079          0.9607             0          0          0.9088
     0.15           10.85  0.3026   9.407          0         0       0.1419     0.1026          -0.05602    -0.01305           0.9971      0.5527          0.0203           0.976             0          0          0.9331
      0.2           10.84  0.3027   9.407          0         0       0.1919      0.145           -0.0136   -0.001631           0.9981      0.5332         0.01999          0.9926             0          0          0.9777
      0.3           10.82  0.3027   9.408          0         0       0.2985     0.2496           0.09084     0.02637            1.001      0.4847         0.01908           1.028             0          0           1.092
      0.4            10.8  0.3027   9.408          0         0       0.4006     0.3594            0.2006     0.05518            1.004      0.4378         0.01736           1.068             0          0           1.216
      0.6           10.78  0.3028   9.408          0         0          0.6     0.5537            0.3946      0.1073            1.009      0.3528         0.01527           1.146             0          0           1.473

=== 4h P6h|B|none
 edge_pct  trades_per_30d  mean_N  mean_L  liq_share  tp_share  drift_H_pct  gross_pct  net_notional_pct  eq_ret_pct  30d_median_mult  30d_p_loss  30d_mdd_median  1y_median_mult  1y_p_below50  1y_p_ruin  IS_median_mult
        0           10.87  0.1513   9.407          0         0    -0.007215   -0.04281           -0.2012    -0.02569           0.9965      0.6135         0.01118          0.9641             0          0          0.9085
    0.025           10.87  0.1513   9.406          0         0      0.01749   -0.01818           -0.1766    -0.02279           0.9968      0.6028         0.01105          0.9679             0          0          0.9171
     0.05           10.86  0.1513   9.407          0         0      0.04511    0.00598           -0.1525    -0.01964           0.9972       0.591         0.01083          0.9719             0          0          0.9291
    0.075           10.86  0.1513   9.407          0         0      0.06965    0.03678           -0.1217    -0.01558           0.9975       0.581         0.01064          0.9771             0          0          0.9493
      0.1           10.85  0.1513   9.407          0         0      0.08938    0.05706           -0.1015    -0.01289            0.998      0.5682         0.01041          0.9811             0          0          0.9562
     0.15           10.85  0.1513   9.407          0         0       0.1419     0.1026          -0.05602   -0.006523           0.9986      0.5497         0.01017          0.9889             0          0          0.9684
      0.2           10.84  0.1513   9.407          0         0       0.1919      0.145           -0.0136  -0.0008154           0.9991      0.5302         0.01002          0.9973             0          0          0.9918
      0.3           10.82  0.1513   9.408          0         0       0.2985     0.2496           0.09084     0.01318            1.001      0.4827         0.00956           1.015             0          0           1.049
      0.4            10.8  0.1514   9.408          0         0       0.4006     0.3594            0.2006     0.02759            1.002      0.4355        0.008689           1.034             0          0           1.106
      0.6           10.78  0.1514   9.408          0         0          0.6     0.5537            0.3946     0.05364            1.005      0.3503        0.007647           1.072             0          0           1.218

=== 4h P6|B|10
 edge_pct  trades_per_30d  mean_N  mean_L  liq_share  tp_share  drift_H_pct  gross_pct  net_notional_pct  eq_ret_pct  30d_median_mult  30d_p_loss  30d_mdd_median  1y_median_mult  1y_p_below50  1y_p_ruin  IS_median_mult
        0            11.9   0.301   9.396          0    0.6535    -0.005503     0.0409          -0.07751    -0.03073            0.997      0.5752         0.01544           0.956             0          0          0.8731
    0.025           11.92   0.301   9.396          0    0.6582      0.01926    0.05771           -0.0604    -0.02614           0.9974       0.566         0.01518          0.9627             0          0          0.8928
     0.05           11.93   0.301   9.396          0     0.663      0.04575    0.07549          -0.04233    -0.02116           0.9979      0.5513         0.01472          0.9697             0          0          0.9201
    0.075           11.93  0.3009   9.395          0    0.6689      0.07092    0.09604          -0.02142    -0.01535           0.9988       0.532          0.0142          0.9782             0          0          0.9387
      0.1           11.94  0.3009   9.395          0    0.6736      0.09233      0.112         -0.005187    -0.01056           0.9993      0.5183         0.01389          0.9849             0          0          0.9584
     0.15           11.96   0.301   9.396          0    0.6831       0.1433     0.1444           0.02786   -0.001058                1       0.489         0.01334          0.9986             0          0            0.99
      0.2           11.98  0.3009   9.396          0     0.693       0.1942     0.1787           0.06275    0.008258            1.002      0.4597         0.01274           1.013             0          0            1.03
      0.3           12.02  0.3009   9.395          0    0.7126       0.2999     0.2481            0.1334     0.02801            1.004       0.401         0.01148           1.041             0          0           1.106
      0.4           12.05  0.3008   9.395          0     0.734       0.4021     0.3224             0.209     0.04962            1.007      0.3277         0.01009           1.075             0          0           1.242
      0.6           12.14  0.3008   9.395          0    0.7738       0.6015     0.4632            0.3523     0.08988            1.011      0.2187         0.01004           1.142             0          0            1.46

=== 1d P0|A|10
 edge_pct  trades_per_30d  mean_N  mean_L  liq_share  tp_share  drift_H_pct  gross_pct  net_notional_pct  eq_ret_pct  30d_median_mult  30d_p_loss  30d_mdd_median  1y_median_mult  1y_p_below50  1y_p_ruin  IS_median_mult
        0           3.974       1       1  0.0004725    0.1973      0.01933    0.05194           -0.1894     -0.1893           0.9929      0.5228         0.08152          0.8098        0.2928     0.0235          0.4865
    0.025           3.976       1       1  0.0004723    0.1987      0.05402    0.08832           -0.1528     -0.1528           0.9942      0.5172         0.08087          0.8224        0.2872     0.0235          0.4888
     0.05           3.977       1       1  0.0004722    0.2002      0.08221     0.1321           -0.1089     -0.1089           0.9952      0.5138         0.08029          0.8396        0.2758    0.02333           0.552
    0.075           3.977       1       1  0.0004723    0.2006       0.1048     0.1439          -0.09706      -0.097           0.9961      0.5112         0.08003          0.8464         0.274    0.02333          0.5744
      0.1           3.977       1       1  0.0004721    0.2022       0.1319     0.1792          -0.06162    -0.06156           0.9978      0.5067          0.0793          0.8624         0.267    0.02333          0.6148
     0.15            3.98       1       1  0.0004718    0.2042       0.1896     0.2243          -0.01623    -0.01617           0.9998       0.501         0.07861          0.8831         0.255    0.02333          0.6293
      0.2            3.98       1       1  0.0004718    0.2058       0.2432     0.2889            0.0485     0.04856            1.002      0.4935         0.07708           0.912        0.2413    0.02333          0.7291
      0.3           3.985       1       1  0.0004713    0.2106       0.3366     0.3999              0.16        0.16            1.006      0.4802         0.07504          0.9645        0.2105    0.02317          0.8288
      0.4           3.989       1       1  0.0004708    0.2141       0.4261     0.4984            0.2589      0.2589             1.01      0.4692         0.07357           1.023        0.1902    0.02317          0.8989
      0.6           3.998       1       1  0.0004698     0.221       0.6326     0.6974            0.4587      0.4587            1.016      0.4517          0.0709           1.111        0.1507      0.023            1.25
      0.8           4.005       1       1  0.0004689    0.2289       0.8362     0.9055            0.6677      0.6678            1.024      0.4275          0.0666           1.248        0.1222      0.023           1.801
        1           4.011       1       1  0.0004682    0.2368        1.018      1.102            0.8647      0.8647            1.034      0.4023         0.06183           1.375         0.098      0.023           2.636
     1.25           4.023       1       1  0.0004667    0.2455        1.252      1.344             1.108       1.108            1.044      0.3718         0.05622           1.549       0.07617      0.023           3.406
      1.5           4.034       1       1  0.0004655    0.2542        1.481      1.586             1.351       1.351            1.055      0.3448         0.05015           1.766       0.05933      0.023           4.404
        2           4.055       1       1  0.0003473    0.2751        1.996      2.151             1.918       1.918            1.074      0.2913         0.04301           2.331       0.03367    0.01983           11.35

=== 1d P0|B|10
 edge_pct  trades_per_30d  mean_N  mean_L  liq_share  tp_share  drift_H_pct  gross_pct  net_notional_pct  eq_ret_pct  30d_median_mult  30d_p_loss  30d_mdd_median  1y_median_mult  1y_p_below50  1y_p_ruin  IS_median_mult
        0           4.138       1       1          0    0.1941     0.009551     0.1141           -0.1184     -0.1184            0.987      0.5413         0.09084          0.8349         0.225          0          0.6367
    0.025           4.138       1       1          0    0.1958      0.04636     0.1593          -0.07315    -0.07315           0.9891      0.5337         0.09016          0.8588        0.2113          0          0.6766
     0.05           4.137       1       1          0    0.1971      0.06935     0.1935          -0.03888    -0.03888           0.9905      0.5298         0.08931          0.8791        0.1992          0          0.6766
    0.075           4.136       1       1          0    0.1975      0.09097     0.2119           -0.0205     -0.0205           0.9912      0.5262         0.08911          0.8849        0.1933          0          0.6909
      0.1           4.136       1       1          0     0.199       0.1167     0.2443           0.01198     0.01198           0.9929      0.5213         0.08838          0.9004        0.1867          0           0.742
     0.15           4.137       1       1          0    0.2011       0.1761     0.3007           0.06857     0.06857           0.9956      0.5123          0.0873          0.9227        0.1712          0          0.7879
      0.2           4.136       1       1          0    0.2026       0.2262     0.3628            0.1306      0.1306           0.9984      0.5042         0.08673          0.9531        0.1558          0          0.9099
      0.3           4.134       1       1          0    0.2072       0.3206     0.4665            0.2345      0.2345            1.002      0.4915         0.08426          0.9988        0.1317          0          0.9752
      0.4           4.134       1       1          0    0.2112       0.4156     0.5577             0.326       0.326            1.006      0.4805         0.08252           1.056         0.116          0           1.086
      0.6           4.134       1       1          0    0.2175       0.6206     0.7334             0.502       0.502            1.012      0.4633         0.07993           1.146       0.08867          0            1.44
      0.8           4.134       1       1          0    0.2256       0.8271     0.9351            0.7041      0.7041             1.02       0.435         0.07704           1.278        0.0635          0           2.023
        1           4.132       1       1          0    0.2335        1.015       1.13             0.899       0.899             1.03      0.4088         0.07405           1.399       0.04467          0           3.031
     1.25            4.13       1       1          0    0.2418        1.245      1.352             1.122       1.122             1.04      0.3782         0.06921           1.584         0.027          0           3.504
      1.5            4.13       1       1          0    0.2502         1.48      1.604             1.374       1.374            1.049      0.3483         0.06444           1.802       0.01417          0            5.33
        2           4.132       1       1          0    0.2713        1.997      2.151             1.922       1.922             1.07      0.2965         0.05304           2.389      0.003333          0           12.36

=== 1d P1|B|10
 edge_pct  trades_per_30d  mean_N  mean_L  liq_share  tp_share  drift_H_pct  gross_pct  net_notional_pct  eq_ret_pct  30d_median_mult  30d_p_loss  30d_mdd_median  1y_median_mult  1y_p_below50  1y_p_ruin  IS_median_mult
        0            5.28    1.25       5   0.001156     0.753     -0.02423    0.09968          -0.05931    -0.07414            1.009      0.4713         0.07503          0.8955        0.1475          0          0.6317
    0.025           5.286    1.25       5   0.001155    0.7555      0.00997     0.1204          -0.03825    -0.04781            1.011      0.4653         0.07372          0.9113        0.1383          0          0.6823
     0.05           5.289    1.25       5   0.001154    0.7571      0.03741     0.1372          -0.02126    -0.02658            1.012      0.4613         0.07258          0.9242        0.1322          0          0.7164
    0.075           5.293    1.25       5   0.001153    0.7582      0.05452     0.1447          -0.01354    -0.01693            1.012        0.46         0.07246           0.929        0.1297          0          0.7303
      0.1             5.3    1.25       5   0.001152    0.7605      0.08288     0.1637           0.00566    0.007076            1.014      0.4542         0.07186           0.942        0.1208          0          0.7627
     0.15           5.311    1.25       5   0.001149    0.7642       0.1366     0.1915           0.03404     0.04255            1.016      0.4477         0.07088           0.961         0.111          0          0.8137
      0.2           5.318    1.25       5   0.001148    0.7682       0.1931     0.2241           0.06716     0.08396            1.019      0.4412         0.06867          0.9909       0.09817          0          0.8687
      0.3           5.334    1.25       5   0.001144    0.7748       0.2845     0.2774            0.1213      0.1516            1.023      0.4272         0.06484           1.039       0.08133          0               1
      0.4           5.348    1.25       5   0.001141    0.7818       0.3712     0.3341            0.1789      0.2237            1.025       0.414         0.06214           1.094         0.065          0            1.23
      0.6           5.387    1.25       5   0.001133    0.7983       0.5857      0.464            0.3109      0.3886            1.039      0.3795         0.05509            1.22       0.03833          0           1.662
      0.8           5.423    1.25       5   0.001039    0.8129       0.8023     0.5851            0.4339      0.5423            1.047       0.349         0.04721           1.361       0.02183          0           2.277
        1           5.466    1.25       5  0.0009448    0.8272       0.9967     0.6985            0.5492      0.6865            1.053      0.3225         0.03569           1.501         0.013          0           3.291
     1.25           5.514    1.25       5  0.0008514    0.8432        1.243     0.8256            0.6785      0.8481            1.068       0.291         0.02421           1.689      0.005333          0           4.249
      1.5            5.56    1.25       5  0.0008445    0.8592        1.477     0.9498            0.8048       1.006            1.072       0.255         0.01059           1.895      0.002333          0           7.158
        2           5.664    1.25       5  0.0005802    0.8963            2      1.252             1.112        1.39            1.097      0.1822               0           2.526     0.0001667          0           14.69

=== 1d P2|B|10
 edge_pct  trades_per_30d  mean_N  mean_L  liq_share  tp_share  drift_H_pct  gross_pct  net_notional_pct  eq_ret_pct  30d_median_mult  30d_p_loss  30d_mdd_median  1y_median_mult  1y_p_below50  1y_p_ruin  IS_median_mult
        0           5.765     2.5      10    0.03485    0.8696    -0.007624    0.06107          -0.09231     -0.2308            1.042       0.445         0.05061          0.7224        0.4115   0.006667           0.299
    0.025           5.771     2.5      10    0.03425    0.8716      0.02971    0.07585          -0.07705     -0.1926            1.044      0.4395         0.04516          0.7456        0.3917      0.006          0.3395
     0.05           5.773     2.5      10    0.03383    0.8724       0.0575     0.0833          -0.06929     -0.1732            1.044       0.436         0.04057          0.7583        0.3842   0.005833          0.3751
    0.075           5.777     2.5      10    0.03364    0.8735      0.07621    0.08938          -0.06297     -0.1574            1.044      0.4348          0.0405          0.7669        0.3763      0.005           0.381
      0.1           5.782     2.5      10    0.03329    0.8747       0.1059     0.0989          -0.05315     -0.1329            1.044      0.4312         0.03422          0.7809        0.3668   0.004333          0.3636
     0.15           5.791     2.5      10      0.033    0.8764       0.1577     0.1104          -0.04126     -0.1031            1.044      0.4285         0.03027          0.8013        0.3548   0.004167          0.4005
      0.2           5.798     2.5      10    0.03247    0.8794       0.2149     0.1321           -0.0189    -0.04724            1.045      0.4187         0.02297          0.8385        0.3318     0.0035           0.476
      0.3           5.814     2.5      10    0.03141    0.8836       0.3025     0.1611           0.01107     0.02768            1.058       0.408         0.01466          0.8898        0.3055   0.003167          0.5716
      0.4           5.827     2.5      10    0.02997    0.8876       0.3945     0.1922           0.04336      0.1084            1.066      0.3945               0          0.9485        0.2698   0.002667           0.788
      0.6           5.855     2.5      10    0.02782    0.8966       0.5971     0.2545            0.1078      0.2695            1.067      0.3682               0           1.063         0.208   0.001667           1.226
      0.8           5.885     2.5      10    0.02569    0.9047       0.8016     0.3154            0.1707      0.4267            1.067       0.344               0           1.212        0.1488      0.001            1.58
        1           5.915     2.5      10    0.02318    0.9134       0.9952     0.3772            0.2348       0.587             1.09       0.314               0           1.371        0.1083  0.0008333           2.497
     1.25           5.948     2.5      10    0.02163    0.9238        1.228     0.4479            0.3076      0.7691            1.091      0.2827               0           1.586        0.0705     0.0005           4.106
      1.5           5.984     2.5      10    0.01922    0.9341        1.464     0.5201            0.3823      0.9557            1.091      0.2457               0           1.852       0.03833  0.0001667           6.577
        2           6.063     2.5      10    0.01417    0.9561         1.98     0.6739            0.5413       1.353            1.115      0.1793               0           2.598      0.008167          0           14.98

=== 1d P2|C|10
 edge_pct  trades_per_30d  mean_N  mean_L  liq_share  tp_share  drift_H_pct  gross_pct  net_notional_pct  eq_ret_pct  30d_median_mult  30d_p_loss  30d_mdd_median  1y_median_mult  1y_p_below50  1y_p_ruin  IS_median_mult
        0           5.922     2.5      10          0    0.8195     0.005388    0.01915           -0.1178     -0.2945           0.9778       0.565           0.123          0.7392        0.3108  0.0003333           0.391
    0.025           5.926     2.5      10          0    0.8216      0.04141    0.03084           -0.1059     -0.2648           0.9917       0.561           0.123          0.7555        0.2968  0.0003333          0.4112
     0.05           5.928     2.5      10          0    0.8224      0.06804    0.03544           -0.1012      -0.253           0.9954      0.5588           0.123          0.7605         0.292  0.0003333          0.4112
    0.075           5.931     2.5      10          0    0.8236      0.08643    0.04099          -0.09551     -0.2388            0.996      0.5573           0.123          0.7686        0.2858  0.0001667          0.4333
      0.1           5.934     2.5      10          0    0.8252       0.1163    0.05029          -0.08608     -0.2152           0.9969      0.5533           0.123           0.778        0.2742  0.0001667          0.4584
     0.15            5.94     2.5      10          0    0.8272        0.169    0.06101          -0.07511     -0.1878           0.9971       0.547           0.123          0.7938        0.2578  0.0001667          0.4768
      0.2           5.943     2.5      10          0    0.8307       0.2309    0.08042          -0.05539     -0.1385           0.9985      0.5368           0.123          0.8236        0.2333  0.0001667          0.5549
      0.3           5.954     2.5      10          0    0.8354       0.3176     0.1055          -0.02988     -0.0747           0.9986      0.5228           0.123          0.8641        0.2075          0          0.6144
      0.4           5.962     2.5      10          0    0.8398       0.4106     0.1292         -0.005681     -0.0142           0.9993      0.5122           0.123          0.9044        0.1827          0          0.7209
      0.6            5.98     2.5      10          0    0.8501       0.6105     0.1843           0.05039       0.126             1.02       0.485           0.123           1.008        0.1272  0.0001667           1.048
      0.8           5.999     2.5      10          0     0.859       0.8141      0.233           0.09991      0.2498            1.021      0.4592           0.123           1.111       0.08617  0.0001667           1.366
        1            6.02     2.5      10          0    0.8682        1.007     0.2828            0.1507      0.3768            1.043      0.4305           0.123           1.226       0.05633          0           1.688
     1.25           6.039     2.5      10          0    0.8792        1.234     0.3405            0.2096       0.524            1.044      0.3993         0.05297           1.373         0.032          0           2.379
      1.5           6.061     2.5      10          0    0.8905        1.469     0.4018            0.2721      0.6802            1.067      0.3647               0           1.557        0.0155          0           3.334
        2           6.111     2.5      10          0    0.9153        1.984     0.5349            0.4076       1.019             1.09      0.2968               0           2.036      0.003333          0           7.709

=== 1d P3|A|10
 edge_pct  trades_per_30d  mean_N  mean_L  liq_share  tp_share  drift_H_pct  gross_pct  net_notional_pct  eq_ret_pct  30d_median_mult  30d_p_loss  30d_mdd_median  1y_median_mult  1y_p_below50  1y_p_ruin  IS_median_mult
        0           6.117       4      20    0.09777    0.8969     0.007051  -0.001307           -0.1715     -0.6859            1.031      0.4637               0           0.519        0.5822    0.01567          0.1245
    0.025           6.118       4      20    0.09692    0.8979      0.04086   0.003138           -0.1666     -0.6663            1.031       0.463               0          0.5292        0.5717      0.014          0.1263
     0.05           6.119       4      20    0.09659    0.8982      0.06794   0.004744           -0.1648     -0.6592            1.031       0.462               0          0.5329         0.569    0.01383          0.1388
    0.075           6.121       4      20    0.09626    0.8985      0.08547    0.00643           -0.1629     -0.6517            1.031      0.4613               0          0.5356        0.5655      0.013          0.1498
      0.1           6.123       4      20    0.09561    0.8992       0.1135   0.009729           -0.1593     -0.6371            1.043       0.459               0          0.5431        0.5578    0.01233          0.1535
     0.15           6.125       4      20    0.09512    0.8999       0.1654    0.01273            -0.156     -0.6238            1.045      0.4565               0          0.5494        0.5503     0.0115          0.1548
      0.2           6.127       4      20    0.09387    0.9012       0.2262    0.01925           -0.1488     -0.5951            1.045      0.4513               0           0.562        0.5373       0.01          0.1548
      0.3           6.135       4      20    0.09206    0.9033       0.3125     0.0288           -0.1382     -0.5529            1.046      0.4425               0          0.5797        0.5163   0.007833          0.1811
      0.4           6.138       4      20    0.09063    0.9049       0.4055     0.0365           -0.1297      -0.519            1.046      0.4362               0          0.5955        0.4977     0.0075          0.1835
      0.6           6.147       4      20    0.08668    0.9093       0.6026    0.05714           -0.1069     -0.4278            1.046      0.4227               0          0.6506        0.4492   0.004833          0.2549
      0.8           6.156       4      20    0.08374    0.9126       0.8058    0.07305          -0.08939     -0.3576            1.046        0.41               0          0.6834        0.4145   0.003167          0.3089
        1           6.168       4      20    0.07954    0.9174       0.9982    0.09579          -0.06433     -0.2573            1.061      0.3905               0          0.7446        0.3632   0.003333          0.4018
     1.25           6.178       4      20    0.07523    0.9223        1.227     0.1184          -0.03943     -0.1577            1.062       0.373               0          0.8099         0.309   0.001667           0.526
      1.5           6.183       4      20    0.07229    0.9257        1.465     0.1338           -0.0223    -0.08919            1.062        0.36               0           0.852        0.2762   0.001167          0.5622
        2           6.208       4      20    0.06323     0.936        1.978      0.182            0.0308      0.1232            1.062      0.3207               0           1.021        0.1793  0.0003333          0.8807

=== 1d P3|B|10
 edge_pct  trades_per_30d  mean_N  mean_L  liq_share  tp_share  drift_H_pct  gross_pct  net_notional_pct  eq_ret_pct  30d_median_mult  30d_p_loss  30d_mdd_median  1y_median_mult  1y_p_below50  1y_p_ruin  IS_median_mult
        0           6.118       4      20    0.09507    0.8969     0.007126  7.478e-06            -0.169     -0.6759            1.031       0.464               0          0.5235         0.575    0.01483          0.1347
    0.025           6.119       4      20    0.09422    0.8978      0.04093   0.004452           -0.1641     -0.6563            1.031      0.4633               0           0.535        0.5638     0.0135          0.1347
     0.05            6.12       4      20    0.09389    0.8981        0.068   0.006057           -0.1623     -0.6492            1.031      0.4623               0           0.538        0.5617    0.01333          0.1409
    0.075           6.122       4      20    0.09356    0.8985      0.08553   0.007743           -0.1604     -0.6417            1.031      0.4617               0          0.5411        0.5582     0.0125          0.1535
      0.1           6.124       4      20    0.09292    0.8992       0.1135    0.01104           -0.1568     -0.6271            1.043      0.4593               0          0.5474        0.5503    0.01167          0.1598
     0.15           6.126       4      20     0.0925    0.8998       0.1655    0.01399           -0.1536     -0.6142            1.045      0.4568               0          0.5523        0.5437    0.01083          0.1611
      0.2           6.128       4      20    0.09133    0.9012       0.2262    0.02044           -0.1465     -0.5859            1.045      0.4517               0           0.568        0.5315   0.009167          0.1612
      0.3           6.136       4      20    0.08967    0.9032       0.3125    0.02995            -0.136     -0.5441            1.046      0.4428               0          0.5832         0.512      0.007          0.1834
      0.4           6.139       4      20     0.0884    0.9049       0.4055    0.03753           -0.1277      -0.511            1.046      0.4365               0          0.5983        0.4938      0.007          0.1886
      0.6           6.148       4      20    0.08468    0.9092       0.6026    0.05786           -0.1053     -0.4214            1.046      0.4228               0          0.6525        0.4453      0.004          0.2717
      0.8           6.157       4      20    0.08182    0.9125       0.8058    0.07382          -0.08779     -0.3512            1.046        0.41               0          0.6853        0.4102   0.002833          0.3117
        1           6.169       4      20    0.07793    0.9174       0.9981    0.09625          -0.06317     -0.2527            1.061      0.3907               0          0.7491        0.3598   0.002833          0.4039
     1.25           6.178       4      20    0.07409    0.9223        1.227      0.119          -0.03831     -0.1533            1.062      0.3732               0           0.813        0.3065   0.001333          0.5314
      1.5           6.183       4      20    0.07122    0.9257        1.465     0.1345          -0.02114    -0.08455            1.062        0.36               0          0.8605         0.273  0.0008333          0.5679
        2           6.208       4      20    0.06269     0.936        1.978     0.1825           0.03154      0.1261            1.062      0.3207               0           1.021         0.178  0.0003333           0.908

=== 1d P3|C|10
 edge_pct  trades_per_30d  mean_N  mean_L  liq_share  tp_share  drift_H_pct  gross_pct  net_notional_pct  eq_ret_pct  30d_median_mult  30d_p_loss  30d_mdd_median  1y_median_mult  1y_p_below50  1y_p_ruin  IS_median_mult
        0           6.207       4      20          0    0.7888     0.003743   -0.08026           -0.2118     -0.8472           0.9594      0.6543          0.0968          0.4916         0.593  0.0001667          0.1061
    0.025           6.207       4      20          0    0.7897      0.03713   -0.07797           -0.2095     -0.8379           0.9594      0.6538          0.0968          0.4955        0.5868  0.0001667          0.1113
     0.05           6.207       4      20          0    0.7899      0.06548   -0.07735           -0.2088     -0.8354           0.9594      0.6538          0.0968          0.4965        0.5845  0.0001667          0.1141
    0.075           6.208       4      20          0    0.7895      0.08271   -0.07834           -0.2098     -0.8394           0.9594      0.6552          0.0968          0.4941        0.5882  0.0001667          0.1196
      0.1           6.208       4      20          0    0.7898       0.1103   -0.07778           -0.2093      -0.837           0.9594      0.6547          0.0968          0.4953         0.587  0.0003333          0.1165
     0.15           6.209       4      20          0    0.7898       0.1629   -0.07773           -0.2092     -0.8367           0.9594      0.6542          0.0968          0.4953        0.5877  0.0003333          0.1184
      0.2           6.209       4      20          0    0.7899       0.2221   -0.07732           -0.2087      -0.835           0.9594       0.653          0.0968          0.4953        0.5855  0.0003333          0.1212
      0.3           6.212       4      20          0    0.7895       0.3098   -0.07851           -0.2099     -0.8397           0.9594      0.6553          0.0968          0.4917        0.5848  0.0006667          0.1225
      0.4           6.213       4      20          0    0.7898       0.4019    -0.0778           -0.2092     -0.8367           0.9594      0.6555          0.0968          0.4963         0.584     0.0005          0.1241
      0.6           6.213       4      20          0    0.7907        0.601   -0.07526           -0.2065     -0.8262           0.9594      0.6522          0.0968          0.4991        0.5773  0.0001667          0.1325
      0.8           6.215       4      20          0    0.7893        0.804   -0.07908           -0.2104     -0.8415           0.9594      0.6525          0.0968          0.4952        0.5857  0.0001667          0.1286
        1           6.218       4      20          0    0.7894       0.9981   -0.07877             -0.21     -0.8399           0.9594      0.6478          0.0968          0.4959        0.5833  0.0001667          0.1192
     1.25           6.221       4      20          0    0.7875        1.231   -0.08391           -0.2151     -0.8604           0.9594      0.6537          0.0968          0.4886        0.5973  0.0003333          0.1198
      1.5           6.221       4      20          0    0.7855        1.468   -0.08982            -0.221     -0.8842           0.9594      0.6575          0.0968           0.477        0.6123  0.0008333          0.1071
        2           6.228       4      20          0    0.7861        1.979   -0.08831           -0.2193     -0.8773           0.9594       0.657          0.0968          0.4776        0.6135   0.001167          0.1142

=== 1d P3|B|30
 edge_pct  trades_per_30d  mean_N  mean_L  liq_share  tp_share  drift_H_pct  gross_pct  net_notional_pct  eq_ret_pct  30d_median_mult  30d_p_loss  30d_mdd_median  1y_median_mult  1y_p_below50  1y_p_ruin  IS_median_mult
        0           5.769       4      20     0.2271     0.739      0.01165    0.02836           -0.2141     -0.8566           0.9342      0.6003          0.2052          0.3477        0.7775     0.1548         0.04283
    0.025           5.773       4      20     0.2245    0.7417      0.04695    0.04431           -0.1969     -0.7874           0.9352      0.5945          0.2052          0.3692          0.76     0.1443         0.04837
     0.05           5.776       4      20     0.2231    0.7433      0.07359     0.0534            -0.187      -0.748           0.9352      0.5907          0.2052          0.3804         0.754      0.139          0.0526
    0.075           5.777       4      20     0.2217     0.745      0.09157    0.06252           -0.1771     -0.7085           0.9352      0.5865          0.2052          0.3943        0.7462     0.1328         0.06165
      0.1           5.782       4      20     0.2194    0.7475       0.1217    0.07727           -0.1612     -0.6448           0.9473      0.5815          0.2052          0.4129        0.7337     0.1233           0.065
     0.15           5.789       4      20     0.2164    0.7513       0.1761     0.0982           -0.1386     -0.5543           0.9706      0.5733          0.2052          0.4402         0.713     0.1075         0.07925
      0.2           5.793       4      20     0.2121    0.7558       0.2359     0.1249           -0.1096     -0.4385           0.9816      0.5638           0.204          0.4786        0.6852    0.08883          0.1095
      0.3           5.802       4      20     0.2074    0.7614       0.3245     0.1559          -0.07612     -0.3045           0.9839       0.552           0.204          0.5288        0.6523      0.072          0.1274
      0.4           5.813       4      20     0.2013    0.7685       0.4147     0.1964          -0.03239     -0.1295           0.9854      0.5362           0.204          0.6056        0.6003    0.05333          0.2075
      0.6           5.829       4      20     0.1891    0.7829       0.6168     0.2769           0.05457      0.2183           0.9869       0.507           0.204          0.7846        0.5058    0.03133          0.5281
      0.8           5.846       4      20      0.177    0.7963       0.8222     0.3552            0.1392      0.5567            1.037      0.4752           0.204            1.03         0.404    0.01517           1.129
        1            5.87       4      20     0.1653    0.8098        1.015     0.4309            0.2212       0.885            1.041      0.4412           0.204           1.325        0.3167      0.009            2.05
     1.25           5.895       4      20      0.152    0.8259        1.245     0.5209            0.3184       1.274            1.093      0.4002           0.204           1.799        0.2165      0.003           4.691
      1.5           5.923       4      20     0.1378    0.8419         1.48     0.6127            0.4178       1.671            1.099      0.3578           0.204           2.442         0.133  0.0003333           11.75
        2           5.977       4      20      0.108    0.8764        2.002     0.8088            0.6298       2.519            1.173       0.276         0.06478            4.82       0.03867          0           85.95

=== 1d P3|B|100
 edge_pct  trades_per_30d  mean_N  mean_L  liq_share  tp_share  drift_H_pct  gross_pct  net_notional_pct  eq_ret_pct  30d_median_mult  30d_p_loss  30d_mdd_median  1y_median_mult  1y_p_below50  1y_p_ruin  IS_median_mult
        0           4.955       4      20     0.4325    0.3868      0.02175   0.002907           -0.3707      -1.483           0.8594      0.6445          0.3633          0.1497        0.9143     0.4865        0.004333
    0.025           4.954       4      20     0.4292    0.3899      0.05861    0.03427           -0.3378      -1.351           0.8658      0.6388          0.3483          0.1627         0.903     0.4657         0.00549
     0.05           4.954       4      20      0.426    0.3929      0.08555    0.06496           -0.3056      -1.223           0.8745       0.632          0.3405          0.1771        0.8937     0.4427        0.007778
    0.075           4.954       4      20     0.4248     0.394        0.105    0.07874           -0.2913      -1.165           0.8761      0.6292          0.3419          0.1846        0.8908     0.4325        0.008823
      0.1           4.954       4      20     0.4223    0.3966       0.1331      0.103           -0.2659      -1.064           0.8832      0.6237          0.3281          0.1953        0.8837      0.417         0.01025
     0.15           4.952       4      20     0.4185    0.4002       0.1891     0.1413           -0.2257     -0.9028           0.8962      0.6172          0.3146          0.2133        0.8722     0.3933         0.01052
      0.2           4.951       4      20     0.4117    0.4066       0.2545     0.2073           -0.1566     -0.6263           0.9001       0.605          0.2947          0.2495         0.852     0.3487         0.01755
      0.3           4.946       4      20     0.4037    0.4146       0.3514     0.2838          -0.07629     -0.3052           0.9033      0.5888          0.2835          0.3006         0.819     0.3073         0.02642
      0.4           4.946       4      20     0.3964    0.4223       0.4437     0.3551         -0.001537    -0.00615            0.922      0.5737          0.2743          0.3569        0.7888     0.2662         0.05172
      0.6            4.94       4      20     0.3801    0.4384       0.6536     0.5141            0.1652      0.6606           0.9499      0.5412          0.2491          0.5381        0.7113     0.1873          0.1455
      0.8           4.937       4      20     0.3632    0.4543       0.8625     0.6806            0.3396       1.358           0.9842      0.5082          0.2457          0.8455         0.618     0.1222          0.4717
        1           4.932       4      20     0.3463    0.4705        1.053     0.8464            0.5133       2.053            1.028       0.473          0.2427           1.306        0.5367     0.0745            1.34
     1.25           4.926       4      20     0.3276    0.4888         1.28       1.03            0.7059       2.824            1.074      0.4365          0.2149           2.058        0.4308       0.04           5.152
      1.5           4.923       4      20     0.3065    0.5093        1.516      1.237            0.9222       3.689            1.122      0.3962          0.2076           3.529        0.3212    0.01817           20.59
        2           4.909       4      20     0.2659    0.5477        2.032      1.635             1.339       5.357            1.195      0.3237          0.2064           9.754        0.1603   0.003333             652

=== 1d P4|A|10
 edge_pct  trades_per_30d  mean_N  mean_L  liq_share  tp_share  drift_H_pct  gross_pct  net_notional_pct  eq_ret_pct  30d_median_mult  30d_p_loss  30d_mdd_median  1y_median_mult  1y_p_below50  1y_p_ruin  IS_median_mult
        0           6.243      20      50      0.226     0.774        0.005    -0.1842           -0.4127      -8.254            0.618      0.7592            0.42       0.0002545             1     0.9985       5.082e-11
    0.025           6.243      20      50     0.2263    0.7737       0.0382    -0.1847           -0.4133      -8.267            0.618        0.76            0.42       0.0002505             1     0.9983       5.361e-11
     0.05           6.243      20      50     0.2274    0.7726      0.06638    -0.1866           -0.4158      -8.316           0.6083      0.7617            0.42       0.0002465             1     0.9983       4.048e-11
    0.075           6.243      20      50     0.2284    0.7716      0.08367    -0.1882           -0.4179      -8.359           0.6083      0.7638            0.42       0.0002351             1     0.9983       3.483e-11
      0.1           6.244      20      50     0.2292    0.7708        0.111    -0.1896           -0.4197      -8.394           0.6083      0.7652            0.42       0.0002337             1     0.9985       3.483e-11
     0.15           6.244      20      50     0.2309    0.7691       0.1633    -0.1926           -0.4235      -8.469           0.6083      0.7677            0.42       0.0002206             1     0.9987       3.567e-11
      0.2           6.244      20      50     0.2338    0.7662       0.2224    -0.1974           -0.4297      -8.594           0.6083      0.7728            0.42       0.0001703             1     0.9988       1.896e-11
      0.3           6.244      20      50     0.2397    0.7603       0.3102    -0.2075           -0.4426      -8.853           0.6083      0.7807            0.42       0.0001407             1     0.9992       7.086e-12
      0.4           6.244      20      50     0.2451    0.7549        0.402    -0.2167           -0.4544      -9.088           0.6083      0.7868            0.42        0.000121             1      0.999       4.559e-12
      0.6           6.245      20      50     0.2546    0.7454       0.6008    -0.2328            -0.475        -9.5           0.5987      0.7975            0.42       7.784e-05             1     0.9992        1.02e-12
      0.8           6.245      20      50     0.2648    0.7352       0.8036    -0.2501           -0.4973      -9.946           0.5987      0.8115            0.42       4.735e-05             1     0.9995       2.823e-13
        1           6.245      20      50     0.2737    0.7263       0.9977    -0.2652           -0.5166      -10.33           0.5893      0.8212            0.42       3.791e-05             1     0.9995       6.186e-14
     1.25           6.245      20      50     0.2869    0.7131        1.231    -0.2877           -0.5455      -10.91           0.3759      0.8348          0.6415       2.009e-05             1          1       1.033e-14
      1.5           6.245      20      50     0.3003    0.6997        1.467    -0.3105           -0.5746      -11.49             0.37      0.8468          0.6472       1.118e-05             1          1       2.688e-15
        2           6.245      20      50     0.3254    0.6746        1.977    -0.3532           -0.6294      -12.59           0.3642       0.868          0.6527       4.026e-06             1          1       2.515e-16

=== 1d P4|B|10
 edge_pct  trades_per_30d  mean_N  mean_L  liq_share  tp_share  drift_H_pct  gross_pct  net_notional_pct  eq_ret_pct  30d_median_mult  30d_p_loss  30d_mdd_median  1y_median_mult  1y_p_below50  1y_p_ruin  IS_median_mult
        0           6.243      20      50      0.226     0.774        0.005    -0.1842           -0.4127      -8.254            0.618      0.7592            0.42       0.0002545             1     0.9985       5.082e-11
    0.025           6.243      20      50     0.2263    0.7737       0.0382    -0.1847           -0.4133      -8.267            0.618        0.76            0.42       0.0002505             1     0.9983       5.361e-11
     0.05           6.243      20      50     0.2274    0.7726      0.06638    -0.1866           -0.4158      -8.316           0.6083      0.7617            0.42       0.0002465             1     0.9983       4.048e-11
    0.075           6.243      20      50     0.2284    0.7716      0.08367    -0.1882           -0.4179      -8.359           0.6083      0.7638            0.42       0.0002351             1     0.9983       3.483e-11
      0.1           6.244      20      50     0.2292    0.7708        0.111    -0.1896           -0.4197      -8.394           0.6083      0.7652            0.42       0.0002337             1     0.9985       3.483e-11
     0.15           6.244      20      50     0.2309    0.7691       0.1633    -0.1926           -0.4235      -8.469           0.6083      0.7677            0.42       0.0002206             1     0.9987       3.567e-11
      0.2           6.244      20      50     0.2338    0.7662       0.2224    -0.1974           -0.4297      -8.594           0.6083      0.7728            0.42       0.0001703             1     0.9988       1.896e-11
      0.3           6.244      20      50     0.2397    0.7603       0.3102    -0.2075           -0.4426      -8.853           0.6083      0.7807            0.42       0.0001407             1     0.9992       7.086e-12
      0.4           6.244      20      50     0.2451    0.7549        0.402    -0.2167           -0.4544      -9.088           0.6083      0.7868            0.42        0.000121             1      0.999       4.559e-12
      0.6           6.245      20      50     0.2546    0.7454       0.6008    -0.2328            -0.475        -9.5           0.5987      0.7975            0.42       7.784e-05             1     0.9992        1.02e-12
      0.8           6.245      20      50     0.2648    0.7352       0.8036    -0.2501           -0.4973      -9.946           0.5987      0.8115            0.42       4.735e-05             1     0.9995       2.823e-13
        1           6.245      20      50     0.2737    0.7263       0.9977    -0.2652           -0.5166      -10.33           0.5893      0.8212            0.42       3.791e-05             1     0.9995       6.186e-14
     1.25           6.245      20      50     0.2869    0.7131        1.231    -0.2877           -0.5455      -10.91           0.3759      0.8348          0.6415       2.009e-05             1          1       1.033e-14
      1.5           6.245      20      50     0.3003    0.6997        1.467    -0.3105           -0.5746      -11.49             0.37      0.8468          0.6472       1.118e-05             1          1       2.688e-15
        2           6.245      20      50     0.3254    0.6746        1.977    -0.3532           -0.6294      -12.59           0.3642       0.868          0.6527       4.026e-06             1          1       2.515e-16

=== 1d P4|C|10
 edge_pct  trades_per_30d  mean_N  mean_L  liq_share  tp_share  drift_H_pct  gross_pct  net_notional_pct  eq_ret_pct  30d_median_mult  30d_p_loss  30d_mdd_median  1y_median_mult  1y_p_below50  1y_p_ruin  IS_median_mult
        0           6.246      20      50          0    0.6331     0.004818    -0.1485           -0.2869      -5.738           0.6983      0.9035          0.3235        0.007688             1     0.9953       6.375e-07
    0.025           6.246      20      50          0    0.6317        0.038    -0.1499           -0.2883      -5.766           0.6983      0.9033          0.3235        0.007567             1     0.9953       6.375e-07
     0.05           6.246      20      50          0    0.6289      0.06617    -0.1525           -0.2911      -5.822           0.6983      0.9057          0.3235        0.007215             1     0.9962       5.483e-07
    0.075           6.246      20      50          0    0.6267      0.08345    -0.1547           -0.2934      -5.867           0.6983      0.9088          0.3341        0.006989             1     0.9968       5.135e-07
      0.1           6.246      20      50          0    0.6247       0.1108    -0.1565           -0.2953      -5.906           0.6983       0.911          0.3341        0.006771             1     0.9967       4.729e-07
     0.15           6.246      20      50          0    0.6201       0.1631    -0.1609           -0.2999      -5.998           0.6983      0.9142          0.3341        0.006254             1     0.9973        3.23e-07
      0.2           6.246      20      50          0    0.6136       0.2222    -0.1671           -0.3064      -6.129           0.6983      0.9175          0.3341        0.005613             1     0.9978       2.252e-07
      0.3           6.246      20      50          0    0.6038       0.3099    -0.1764           -0.3162      -6.324           0.6873      0.9238          0.3341        0.004728             1     0.9987       1.595e-07
      0.4           6.246      20      50          0    0.5934       0.4018    -0.1862           -0.3266      -6.532           0.6873      0.9275          0.3341        0.004047             1      0.999       8.807e-08
      0.6           6.246      20      50          0    0.5744       0.6006    -0.2043           -0.3456      -6.912           0.6765      0.9367          0.3341        0.002908             1     0.9997       3.467e-08
      0.8           6.246      20      50          0     0.554       0.8034    -0.2237            -0.366      -7.321           0.5976      0.9468           0.421        0.002096             1     0.9998       1.234e-08
        1           6.246      20      50          0    0.5344       0.9975    -0.2424           -0.3857      -7.713           0.5882      0.9525          0.4302        0.001531             1          1       5.465e-09
     1.25           6.246      20      50          0    0.5101        1.231    -0.2654           -0.4099      -8.197            0.579      0.9583          0.4391        0.001019             1          1       1.546e-09
      1.5           6.246      20      50          0    0.4838        1.467    -0.2904           -0.4362      -8.723           0.5698      0.9663           0.448        0.000668             1          1       4.399e-10
        2           6.246      20      50          0    0.4338        1.977    -0.3379           -0.4862      -9.724            0.552      0.9752          0.4567        0.000282             1          1       3.372e-11

=== 1d P4|B|100
 edge_pct  trades_per_30d  mean_N  mean_L  liq_share  tp_share  drift_H_pct  gross_pct  net_notional_pct  eq_ret_pct  30d_median_mult  30d_p_loss  30d_mdd_median  1y_median_mult  1y_p_below50  1y_p_ruin  IS_median_mult
        0            6.07      20      50     0.5651    0.4307      0.00379    0.01481           -0.3809      -7.617           0.3694      0.8245          0.7327       3.748e-06        0.9998     0.9988        6.48e-17
    0.025           6.069      20      50     0.5627     0.433      0.03636    0.02316           -0.3714      -7.427           0.3694       0.821          0.7315       4.238e-06             1     0.9988       5.257e-17
     0.05           6.069      20      50     0.5608    0.4349      0.06365    0.02987           -0.3637      -7.275           0.3973      0.8195          0.7315       4.766e-06             1     0.9983       8.851e-17
    0.075           6.069      20      50     0.5597     0.436      0.08144    0.03367           -0.3594      -7.189           0.4015      0.8182          0.7315       5.074e-06             1      0.998       1.003e-16
      0.1           6.068      20      50     0.5576    0.4381       0.1087    0.04097           -0.3511      -7.023           0.4022      0.8148          0.7315       6.074e-06             1      0.998       2.503e-16
     0.15           6.067      20      50     0.5539    0.4419       0.1606    0.05412           -0.3362      -6.724           0.4057      0.8092          0.7315       7.524e-06        0.9998     0.9963       4.631e-16
      0.2           6.065      20      50     0.5503    0.4455       0.2205    0.06664            -0.322       -6.44           0.4057      0.8052          0.7315       8.917e-06        0.9993     0.9958        9.17e-16
      0.3           6.062      20      50     0.5465    0.4493         0.31    0.07999           -0.3069      -6.138           0.4436      0.7985          0.7315       1.219e-05        0.9997     0.9955       3.778e-15
      0.4            6.06      20      50     0.5399     0.456       0.4016     0.1032           -0.2805       -5.61           0.4588      0.7892          0.7315        1.93e-05         0.999     0.9933       1.885e-14
      0.6           6.058      20      50     0.5277     0.468       0.6043     0.1458           -0.2322      -4.643           0.4629      0.7713          0.7315       3.964e-05        0.9987      0.989       1.179e-13
      0.8           6.054      20      50     0.5172    0.4786       0.8097     0.1825           -0.1905       -3.81           0.5031       0.757          0.6765       8.256e-05        0.9977      0.985       1.115e-12
        1           6.052      20      50     0.5069    0.4889        1.003     0.2185           -0.1496      -2.992           0.5083      0.7332          0.6671       0.0001563        0.9973      0.978       6.292e-12
     1.25           6.047      20      50     0.4963    0.4994        1.238     0.2554           -0.1077      -2.154           0.5083      0.7173          0.6671        0.000309         0.994     0.9727       6.032e-11
      1.5           6.042      20      50     0.4835    0.5121        1.476        0.3          -0.05712      -1.142           0.6221      0.6957          0.6636       0.0006966        0.9907     0.9587       3.479e-10
        2           6.034      20      50     0.4549    0.5405        1.994        0.4           0.05647       1.129           0.6369       0.653          0.6636        0.004514        0.9755     0.9007        1.06e-07

=== 1d P5|A|10
 edge_pct  trades_per_30d  mean_N  mean_L  liq_share  tp_share  drift_H_pct  gross_pct  net_notional_pct  eq_ret_pct  30d_median_mult  30d_p_loss  30d_mdd_median  1y_median_mult  1y_p_below50  1y_p_ruin  IS_median_mult
        0           6.117       4      20    0.09777    0.8969     0.007051  -0.001307           -0.1715     -0.6859            1.031      0.4637               0           0.519        0.5822    0.01567          0.1245
    0.025           6.118       4      20    0.09692    0.8979      0.04086   0.003138           -0.1666     -0.6663            1.031       0.463               0          0.5292        0.5717      0.014          0.1263
     0.05           6.119       4      20    0.09659    0.8982      0.06794   0.004744           -0.1648     -0.6592            1.031       0.462               0          0.5329         0.569    0.01383          0.1388
    0.075           6.121       4      20    0.09626    0.8985      0.08547    0.00643           -0.1629     -0.6517            1.031      0.4613               0          0.5356        0.5655      0.013          0.1498
      0.1           6.123       4      20    0.09561    0.8992       0.1135   0.009729           -0.1593     -0.6371            1.043       0.459               0          0.5431        0.5578    0.01233          0.1535
     0.15           6.125       4      20    0.09512    0.8999       0.1654    0.01273            -0.156     -0.6238            1.045      0.4565               0          0.5494        0.5503     0.0115          0.1548
      0.2           6.127       4      20    0.09387    0.9012       0.2262    0.01925           -0.1488     -0.5951            1.045      0.4513               0           0.562        0.5373       0.01          0.1548
      0.3           6.135       4      20    0.09206    0.9033       0.3125     0.0288           -0.1382     -0.5529            1.046      0.4425               0          0.5797        0.5163   0.007833          0.1811
      0.4           6.138       4      20    0.09063    0.9049       0.4055     0.0365           -0.1297      -0.519            1.046      0.4362               0          0.5955        0.4977     0.0075          0.1835
      0.6           6.147       4      20    0.08668    0.9093       0.6026    0.05714           -0.1069     -0.4278            1.046      0.4227               0          0.6506        0.4492   0.004833          0.2549
      0.8           6.156       4      20    0.08374    0.9126       0.8058    0.07305          -0.08939     -0.3576            1.046        0.41               0          0.6834        0.4145   0.003167          0.3089
        1           6.168       4      20    0.07954    0.9174       0.9982    0.09579          -0.06433     -0.2573            1.061      0.3905               0          0.7446        0.3632   0.003333          0.4018
     1.25           6.178       4      20    0.07523    0.9223        1.227     0.1184          -0.03943     -0.1577            1.062       0.373               0          0.8099         0.309   0.001667           0.526
      1.5           6.183       4      20    0.07229    0.9257        1.465     0.1338           -0.0223    -0.08919            1.062        0.36               0           0.852        0.2762   0.001167          0.5622
        2           6.208       4      20    0.06323     0.936        1.978      0.182            0.0308      0.1232            1.062      0.3207               0           1.021        0.1793  0.0003333          0.8807

=== 1d P5|B|10
 edge_pct  trades_per_30d  mean_N  mean_L  liq_share  tp_share  drift_H_pct  gross_pct  net_notional_pct  eq_ret_pct  30d_median_mult  30d_p_loss  30d_mdd_median  1y_median_mult  1y_p_below50  1y_p_ruin  IS_median_mult
        0           6.118       4      20    0.09507    0.8969     0.007126  7.478e-06            -0.169     -0.6759            1.031       0.464               0          0.5235         0.575    0.01483          0.1347
    0.025           6.119       4      20    0.09422    0.8978      0.04093   0.004452           -0.1641     -0.6563            1.031      0.4633               0           0.535        0.5638     0.0135          0.1347
     0.05            6.12       4      20    0.09389    0.8981        0.068   0.006057           -0.1623     -0.6492            1.031      0.4623               0           0.538        0.5617    0.01333          0.1409
    0.075           6.122       4      20    0.09356    0.8985      0.08553   0.007743           -0.1604     -0.6417            1.031      0.4617               0          0.5411        0.5582     0.0125          0.1535
      0.1           6.124       4      20    0.09292    0.8992       0.1135    0.01104           -0.1568     -0.6271            1.043      0.4593               0          0.5474        0.5503    0.01167          0.1598
     0.15           6.126       4      20     0.0925    0.8998       0.1655    0.01399           -0.1536     -0.6142            1.045      0.4568               0          0.5523        0.5437    0.01083          0.1611
      0.2           6.128       4      20    0.09133    0.9012       0.2262    0.02044           -0.1465     -0.5859            1.045      0.4517               0           0.568        0.5315   0.009167          0.1612
      0.3           6.136       4      20    0.08967    0.9032       0.3125    0.02995            -0.136     -0.5441            1.046      0.4428               0          0.5832         0.512      0.007          0.1834
      0.4           6.139       4      20     0.0884    0.9049       0.4055    0.03753           -0.1277      -0.511            1.046      0.4365               0          0.5983        0.4938      0.007          0.1886
      0.6           6.148       4      20    0.08468    0.9092       0.6026    0.05786           -0.1053     -0.4214            1.046      0.4228               0          0.6525        0.4453      0.004          0.2717
      0.8           6.157       4      20    0.08182    0.9125       0.8058    0.07382          -0.08779     -0.3512            1.046        0.41               0          0.6853        0.4102   0.002833          0.3117
        1           6.169       4      20    0.07793    0.9174       0.9981    0.09625          -0.06317     -0.2527            1.061      0.3907               0          0.7491        0.3598   0.002833          0.4039
     1.25           6.178       4      20    0.07409    0.9223        1.227      0.119          -0.03831     -0.1533            1.062      0.3732               0           0.813        0.3065   0.001333          0.5314
      1.5           6.183       4      20    0.07122    0.9257        1.465     0.1345          -0.02114    -0.08455            1.062        0.36               0          0.8605         0.273  0.0008333          0.5679
        2           6.208       4      20    0.06269     0.936        1.978     0.1825           0.03154      0.1261            1.062      0.3207               0           1.021         0.178  0.0003333           0.908

=== 1d P5|C|10
 edge_pct  trades_per_30d  mean_N  mean_L  liq_share  tp_share  drift_H_pct  gross_pct  net_notional_pct  eq_ret_pct  30d_median_mult  30d_p_loss  30d_mdd_median  1y_median_mult  1y_p_below50  1y_p_ruin  IS_median_mult
        0           6.207       4      20          0    0.7888     0.003743   -0.08026           -0.2118     -0.8472           0.9594      0.6543          0.0968          0.4916         0.593  0.0001667          0.1061
    0.025           6.207       4      20          0    0.7897      0.03713   -0.07797           -0.2095     -0.8379           0.9594      0.6538          0.0968          0.4955        0.5868  0.0001667          0.1113
     0.05           6.207       4      20          0    0.7899      0.06548   -0.07735           -0.2088     -0.8354           0.9594      0.6538          0.0968          0.4965        0.5845  0.0001667          0.1141
    0.075           6.208       4      20          0    0.7895      0.08271   -0.07834           -0.2098     -0.8394           0.9594      0.6552          0.0968          0.4941        0.5882  0.0001667          0.1196
      0.1           6.208       4      20          0    0.7898       0.1103   -0.07778           -0.2093      -0.837           0.9594      0.6547          0.0968          0.4953         0.587  0.0003333          0.1165
     0.15           6.209       4      20          0    0.7898       0.1629   -0.07773           -0.2092     -0.8367           0.9594      0.6542          0.0968          0.4953        0.5877  0.0003333          0.1184
      0.2           6.209       4      20          0    0.7899       0.2221   -0.07732           -0.2087      -0.835           0.9594       0.653          0.0968          0.4953        0.5855  0.0003333          0.1212
      0.3           6.212       4      20          0    0.7895       0.3098   -0.07851           -0.2099     -0.8397           0.9594      0.6553          0.0968          0.4917        0.5848  0.0006667          0.1225
      0.4           6.213       4      20          0    0.7898       0.4019    -0.0778           -0.2092     -0.8367           0.9594      0.6555          0.0968          0.4963         0.584     0.0005          0.1241
      0.6           6.213       4      20          0    0.7907        0.601   -0.07526           -0.2065     -0.8262           0.9594      0.6522          0.0968          0.4991        0.5773  0.0001667          0.1325
      0.8           6.215       4      20          0    0.7893        0.804   -0.07908           -0.2104     -0.8415           0.9594      0.6525          0.0968          0.4952        0.5857  0.0001667          0.1286
        1           6.218       4      20          0    0.7894       0.9981   -0.07877             -0.21     -0.8399           0.9594      0.6478          0.0968          0.4959        0.5833  0.0001667          0.1192
     1.25           6.221       4      20          0    0.7875        1.231   -0.08391           -0.2151     -0.8604           0.9594      0.6537          0.0968          0.4886        0.5973  0.0003333          0.1198
      1.5           6.221       4      20          0    0.7855        1.468   -0.08982            -0.221     -0.8842           0.9594      0.6575          0.0968           0.477        0.6123  0.0008333          0.1071
        2           6.228       4      20          0    0.7861        1.979   -0.08831           -0.2193     -0.8773           0.9594       0.657          0.0968          0.4776        0.6135   0.001167          0.1142

=== 1d P5|B|100
 edge_pct  trades_per_30d  mean_N  mean_L  liq_share  tp_share  drift_H_pct  gross_pct  net_notional_pct  eq_ret_pct  30d_median_mult  30d_p_loss  30d_mdd_median  1y_median_mult  1y_p_below50  1y_p_ruin  IS_median_mult
        0           4.955       4      20     0.4325    0.3868      0.02175   0.002907           -0.3707      -1.483           0.8594      0.6445          0.3633          0.1497        0.9143     0.4865        0.004333
    0.025           4.954       4      20     0.4292    0.3899      0.05861    0.03427           -0.3378      -1.351           0.8658      0.6388          0.3483          0.1627         0.903     0.4657         0.00549
     0.05           4.954       4      20      0.426    0.3929      0.08555    0.06496           -0.3056      -1.223           0.8745       0.632          0.3405          0.1771        0.8937     0.4427        0.007778
    0.075           4.954       4      20     0.4248     0.394        0.105    0.07874           -0.2913      -1.165           0.8761      0.6292          0.3419          0.1846        0.8908     0.4325        0.008823
      0.1           4.954       4      20     0.4223    0.3966       0.1331      0.103           -0.2659      -1.064           0.8832      0.6237          0.3281          0.1953        0.8837      0.417         0.01025
     0.15           4.952       4      20     0.4185    0.4002       0.1891     0.1413           -0.2257     -0.9028           0.8962      0.6172          0.3146          0.2133        0.8722     0.3933         0.01052
      0.2           4.951       4      20     0.4117    0.4066       0.2545     0.2073           -0.1566     -0.6263           0.9001       0.605          0.2947          0.2495         0.852     0.3487         0.01755
      0.3           4.946       4      20     0.4037    0.4146       0.3514     0.2838          -0.07629     -0.3052           0.9033      0.5888          0.2835          0.3006         0.819     0.3073         0.02642
      0.4           4.946       4      20     0.3964    0.4223       0.4437     0.3551         -0.001537    -0.00615            0.922      0.5737          0.2743          0.3569        0.7888     0.2662         0.05172
      0.6            4.94       4      20     0.3801    0.4384       0.6536     0.5141            0.1652      0.6606           0.9499      0.5412          0.2491          0.5381        0.7113     0.1873          0.1455
      0.8           4.937       4      20     0.3632    0.4543       0.8625     0.6806            0.3396       1.358           0.9842      0.5082          0.2457          0.8455         0.618     0.1222          0.4717
        1           4.932       4      20     0.3463    0.4705        1.053     0.8464            0.5133       2.053            1.028       0.473          0.2427           1.306        0.5367     0.0745            1.34
     1.25           4.926       4      20     0.3276    0.4888         1.28       1.03            0.7059       2.824            1.074      0.4365          0.2149           2.058        0.4308       0.04           5.152
      1.5           4.923       4      20     0.3065    0.5093        1.516      1.237            0.9222       3.689            1.122      0.3962          0.2076           3.529        0.3212    0.01817           20.59
        2           4.909       4      20     0.2659    0.5477        2.032      1.635             1.339       5.357            1.195      0.3237          0.2064           9.754        0.1603   0.003333             652

=== 1d P5c|A|10
 edge_pct  trades_per_30d  mean_N  mean_L  liq_share  tp_share  drift_H_pct  gross_pct  net_notional_pct  eq_ret_pct  30d_median_mult  30d_p_loss  30d_mdd_median  1y_median_mult  1y_p_below50  1y_p_ruin  IS_median_mult
        0           6.117       4      20    0.09777    0.8969     0.007051  -0.001307           -0.1715     -0.6859            1.031      0.4637               0           0.519        0.5822    0.01567          0.1245
    0.025           6.118   4.038      20    0.09692    0.8979      0.04086   0.003138           -0.1666     -0.6618            1.031       0.463               0           0.529        0.5702    0.01483          0.1218
     0.05           6.119   4.081      20    0.09659    0.8982      0.06794   0.004744           -0.1648     -0.6469            1.031      0.4618               0          0.5351        0.5672     0.0155          0.1324
    0.075           6.121   4.115      20    0.09626    0.8985      0.08547    0.00643           -0.1629     -0.6348            1.032       0.461               0          0.5362        0.5653    0.01517          0.1454
      0.1           6.123   4.156      20    0.09561    0.8992       0.1135   0.009729           -0.1593     -0.6166            1.044      0.4583               0          0.5431        0.5588    0.01533           0.159
     0.15           6.125    4.23      20    0.09512    0.8999       0.1654    0.01273            -0.156     -0.5954            1.045      0.4557               0          0.5495        0.5555    0.01533          0.1726
      0.2           6.127   4.308      20    0.09387    0.9012       0.2262    0.01925           -0.1488     -0.5521            1.046      0.4498               0          0.5674        0.5377      0.014          0.1815
      0.3           6.135   4.444      20    0.09206    0.9033       0.3125     0.0288           -0.1382     -0.4876            1.046      0.4398               0          0.5951        0.5202    0.01417          0.2207
      0.4           6.138   4.584      20    0.09063    0.9049       0.4055     0.0365           -0.1297     -0.4356            1.046      0.4333               0          0.6138        0.5052     0.0145          0.2189
      0.6           6.147   4.867      20    0.08668    0.9093       0.6026    0.05714           -0.1069     -0.2889            1.062      0.4188               0          0.6841        0.4548      0.015          0.3532
      0.8           6.156   5.152      20    0.08374    0.9126       0.8058    0.07305          -0.08939     -0.1721            1.062       0.404               0          0.7372        0.4353    0.01583          0.3398
        1           6.168   5.435      20    0.07954    0.9174       0.9982    0.09579          -0.06433    -0.03072            1.078      0.3838               0          0.8187        0.4148      0.017           0.472
     1.25           6.178   5.794      20    0.07523    0.9223        1.227     0.1184          -0.03943      0.1149            1.078      0.3647               0          0.8989        0.3907     0.0185          0.7393
      1.5           6.183   6.148      20    0.07229    0.9257        1.465     0.1338           -0.0223      0.2181            1.094      0.3507               0          0.9329        0.3892      0.022          0.6042
        2           6.208   6.882      20    0.06323     0.936        1.978      0.182            0.0308      0.5175            1.111       0.309               0           1.134        0.3713    0.02117           1.158

=== 1d P5c|B|10
 edge_pct  trades_per_30d  mean_N  mean_L  liq_share  tp_share  drift_H_pct  gross_pct  net_notional_pct  eq_ret_pct  30d_median_mult  30d_p_loss  30d_mdd_median  1y_median_mult  1y_p_below50  1y_p_ruin  IS_median_mult
        0           6.118       4      20    0.09507    0.8969     0.007126  7.478e-06            -0.169     -0.6759            1.031       0.464               0          0.5235         0.575    0.01483          0.1347
    0.025           6.119   4.038      20    0.09422    0.8978      0.04093   0.004452           -0.1641     -0.6519            1.031      0.4633               0          0.5343        0.5633      0.014          0.1351
     0.05            6.12   4.081      20    0.09389    0.8981        0.068   0.006057           -0.1623     -0.6369            1.031      0.4622               0          0.5418          0.56    0.01483          0.1398
    0.075           6.122   4.115      20    0.09356    0.8985      0.08553   0.007743           -0.1604     -0.6248            1.032      0.4613               0          0.5422         0.558    0.01433          0.1464
      0.1           6.124   4.156      20    0.09292    0.8992       0.1135    0.01104           -0.1568     -0.6066            1.044      0.4585               0          0.5499        0.5518    0.01467           0.159
     0.15           6.126    4.23      20     0.0925    0.8998       0.1655    0.01399           -0.1536     -0.5858            1.045      0.4558               0          0.5527        0.5483    0.01483          0.1811
      0.2           6.128   4.308      20    0.09133    0.9012       0.2262    0.02044           -0.1465      -0.543            1.046      0.4497               0          0.5709        0.5322    0.01383           0.194
      0.3           6.136   4.444      20    0.08967    0.9032       0.3125    0.02995            -0.136     -0.4789            1.046      0.4395               0          0.5996        0.5163    0.01367          0.2347
      0.4           6.139   4.584      20     0.0884    0.9049       0.4055    0.03753           -0.1277     -0.4277            1.046       0.433               0           0.617         0.501    0.01333          0.2235
      0.6           6.148   4.867      20    0.08468    0.9092       0.6026    0.05786           -0.1053      -0.282            1.062      0.4185               0          0.6868        0.4517     0.0145          0.3639
      0.8           6.157   5.151      20    0.08182    0.9125       0.8058    0.07382          -0.08779     -0.1651            1.062      0.4035               0          0.7406        0.4325    0.01567          0.3621
        1           6.169   5.434      20    0.07793    0.9174       0.9981    0.09625          -0.06317    -0.02554            1.078       0.384               0          0.8204        0.4123      0.016           0.491
     1.25           6.178   5.794      20    0.07409    0.9223        1.227      0.119          -0.03831      0.1198            1.078      0.3647               0          0.9031        0.3873    0.01817          0.7452
      1.5           6.183   6.148      20    0.07122    0.9257        1.465     0.1345          -0.02114      0.2233            1.094      0.3502               0          0.9386        0.3865      0.022          0.6042
        2           6.208   6.882      20    0.06269     0.936        1.978     0.1825           0.03154       0.521            1.111       0.309               0           1.137        0.3698    0.02083           1.223

=== 1d P5c|C|10
 edge_pct  trades_per_30d  mean_N  mean_L  liq_share  tp_share  drift_H_pct  gross_pct  net_notional_pct  eq_ret_pct  30d_median_mult  30d_p_loss  30d_mdd_median  1y_median_mult  1y_p_below50  1y_p_ruin  IS_median_mult
        0           6.207       4      20          0    0.7888     0.003743   -0.08026           -0.2118     -0.8472           0.9594      0.6543          0.0968          0.4916         0.593  0.0001667          0.1061
    0.025           6.207   4.038      20          0    0.7897      0.03713   -0.07797           -0.2095     -0.8455           0.9594      0.6513          0.0968          0.4916        0.5943  0.0003333          0.1042
     0.05           6.207    4.08      20          0    0.7899      0.06548   -0.07735           -0.2088     -0.8489           0.9594        0.65          0.0968          0.4901        0.5987  0.0006667          0.1052
    0.075           6.208   4.115      20          0    0.7895      0.08271   -0.07834           -0.2098     -0.8644           0.9594      0.6492          0.0968          0.4792        0.6133      0.001          0.1095
      0.1           6.208   4.155      20          0    0.7898       0.1103   -0.07778           -0.2093     -0.8704           0.9594      0.6472          0.0968          0.4764        0.6178      0.001          0.1054
     0.15           6.209    4.23      20          0    0.7898       0.1629   -0.07773           -0.2092     -0.8842           0.9594      0.6428          0.0968          0.4725        0.6307  0.0008333          0.0999
      0.2           6.209   4.307      20          0    0.7899       0.2221   -0.07732           -0.2087     -0.8903           0.9594      0.6377          0.0968           0.466        0.6377   0.001667         0.09546
      0.3           6.212   4.444      20          0    0.7895       0.3098   -0.07851           -0.2099     -0.9285           0.9594      0.6328          0.0968          0.4506        0.6548   0.003667         0.08814
      0.4           6.213   4.584      20          0    0.7898       0.4019    -0.0778           -0.2092       -0.95           0.9592      0.6287          0.0968          0.4396        0.6758   0.004667          0.0785
      0.6           6.213   4.867      20          0    0.7907        0.601   -0.07526           -0.2065      -0.998           0.9592      0.6143          0.0968          0.4176         0.705      0.011         0.07697
      0.8           6.215   5.153      20          0    0.7893        0.804   -0.07908           -0.2104      -1.076           0.9589      0.6115          0.0968          0.3844        0.7422    0.01933         0.05441
        1           6.218   5.436      20          0    0.7894       0.9981   -0.07877             -0.21      -1.139            0.948        0.61           0.098           0.365        0.7695     0.0335         0.04689
     1.25           6.221   5.796      20          0    0.7875        1.231   -0.08391           -0.2151      -1.246           0.9369      0.6225          0.1605          0.3275        0.8088    0.06267         0.03243
      1.5           6.221   6.149      20          0    0.7855        1.468   -0.08982            -0.221      -1.344            0.923      0.6283          0.1936          0.2934        0.8352      0.095         0.02727
        2           6.228   6.883      20          0    0.7861        1.979   -0.08831           -0.2193      -1.461           0.9207      0.6403          0.1936          0.2578         0.864     0.1578          0.0196

=== 1d P6|B|none
 edge_pct  trades_per_30d  mean_N  mean_L  liq_share  tp_share  drift_H_pct  gross_pct  net_notional_pct  eq_ret_pct  30d_median_mult  30d_p_loss  30d_mdd_median  1y_median_mult  1y_p_below50  1y_p_ruin  IS_median_mult
        0           3.965  0.1151   5.137          0         0      0.01361    0.02863           -0.2225    -0.02136            0.998      0.5595         0.01011          0.9866             0          0          0.9511
    0.025           3.962  0.1151   5.137          0         0      0.04799    0.07722            -0.174    -0.01625           0.9983      0.5522          0.0101          0.9887             0          0          0.9529
     0.05           3.962  0.1151   5.137          0         0      0.06959     0.1175           -0.1338    -0.01202           0.9984       0.547          0.0101          0.9907             0          0           0.957
    0.075           3.961  0.1151   5.137          0         0      0.09015     0.1292           -0.1221    -0.01088           0.9985      0.5443          0.0101          0.9915             0          0          0.9641
      0.1            3.96  0.1151   5.136          0         0       0.1163     0.1588          -0.09264   -0.007759           0.9986      0.5397          0.0101          0.9932             0          0          0.9654
     0.15           3.958  0.1151   5.136          0         0       0.1752     0.2135          -0.03799   -0.002356           0.9989       0.532         0.01009          0.9954             0          0          0.9832
      0.2           3.958  0.1151   5.136          0         0       0.2231     0.2711           0.01944    0.005322           0.9991       0.524         0.01009          0.9997             0          0           0.993
      0.3           3.952  0.1151   5.136          0         0       0.3129     0.3757            0.1238     0.01639           0.9996      0.5112         0.01008           1.005             0          0          0.9933
      0.4           3.947  0.1151   5.136          0         0       0.4067       0.48            0.2279     0.02732                1      0.5007         0.01007           1.011             0          0           1.024
      0.6           3.942   0.115   5.134          0         0       0.6103     0.6304            0.3778     0.04528                1      0.4848         0.01006            1.02             0          0           1.036
      0.8           3.936   0.115   5.135          0         0        0.814      0.828            0.5749     0.06842            1.001      0.4625         0.01004           1.031             0          0            1.08
        1           3.929  0.1151   5.135          0         0        1.003      1.002            0.7481     0.08768            1.002      0.4415         0.01003            1.04             0          0           1.118
     1.25           3.916  0.1151   5.135          0         0        1.209      1.197             0.943      0.1103            1.003       0.412        0.008413           1.051             0          0           1.155
      1.5           3.905  0.1151   5.136          0         0        1.446      1.438             1.183      0.1385            1.004      0.3823        0.007245           1.065             0          0           1.195
        2           3.888  0.1151   5.137          0         0        1.958      1.968             1.712      0.1956            1.006      0.3317        0.005819           1.094             0          0            1.28

=== 1d P6h|B|none
 edge_pct  trades_per_30d  mean_N  mean_L  liq_share  tp_share  drift_H_pct  gross_pct  net_notional_pct  eq_ret_pct  30d_median_mult  30d_p_loss  30d_mdd_median  1y_median_mult  1y_p_below50  1y_p_ruin  IS_median_mult
        0           3.965 0.05755   5.137          0         0      0.01361    0.02863           -0.2225    -0.01068            0.999      0.5587        0.005054          0.9936             0          0          0.9761
    0.025           3.962 0.05755   5.137          0         0      0.04799    0.07722            -0.174   -0.008125           0.9991      0.5513        0.005052          0.9947             0          0          0.9771
     0.05           3.962 0.05755   5.137          0         0      0.06959     0.1175           -0.1338   -0.006009           0.9992      0.5462        0.005051          0.9957             0          0          0.9793
    0.075           3.961 0.05754   5.137          0         0      0.09015     0.1292           -0.1221   -0.005438           0.9993      0.5435         0.00505          0.9961             0          0          0.9829
      0.1            3.96 0.05754   5.136          0         0       0.1163     0.1588          -0.09264    -0.00388           0.9993      0.5388        0.005049          0.9969             0          0          0.9834
     0.15           3.958 0.05754   5.136          0         0       0.1752     0.2135          -0.03799   -0.001178           0.9994      0.5312        0.005046          0.9981             0          0          0.9925
      0.2           3.958 0.05754   5.136          0         0       0.2231     0.2711           0.01944    0.002661           0.9996      0.5233        0.005043               1             0          0          0.9975
      0.3           3.952 0.05754   5.136          0         0       0.3129     0.3757            0.1238    0.008196           0.9998      0.5105        0.005038           1.003             0          0          0.9977
      0.4           3.947 0.05753   5.136          0         0       0.4067       0.48            0.2279     0.01366                1         0.5        0.005034           1.006             0          0           1.013
      0.6           3.942 0.05752   5.134          0         0       0.6103     0.6304            0.3778     0.02264                1      0.4838        0.005028            1.01             0          0           1.019
      0.8           3.936 0.05752   5.135          0         0        0.814      0.828            0.5749     0.03421            1.001      0.4618        0.005022           1.016             0          0           1.041
        1           3.929 0.05753   5.135          0         0        1.003      1.002            0.7481     0.04384            1.001      0.4408        0.005015            1.02             0          0           1.058
     1.25           3.916 0.05753   5.135          0         0        1.209      1.197             0.943     0.05515            1.002      0.4113        0.004209           1.026             0          0           1.076
      1.5           3.905 0.05755   5.136          0         0        1.446      1.438             1.183     0.06923            1.002      0.3818        0.003623           1.032             0          0           1.094
        2           3.888 0.05755   5.137          0         0        1.958      1.968             1.712     0.09781            1.003      0.3308         0.00291           1.046             0          0           1.132

=== 1d P6|B|10
 edge_pct  trades_per_30d  mean_N  mean_L  liq_share  tp_share  drift_H_pct  gross_pct  net_notional_pct  eq_ret_pct  30d_median_mult  30d_p_loss  30d_mdd_median  1y_median_mult  1y_p_below50  1y_p_ruin  IS_median_mult
        0           5.228  0.1149   5.122          0    0.7396     -0.02214     0.1028          -0.05798    -0.01575                1      0.4903         0.01002          0.9902             0          0          0.9626
    0.025           5.236  0.1149   5.122          0    0.7426      0.01496     0.1283          -0.03204    -0.01302                1      0.4845         0.01002          0.9921             0          0          0.9712
     0.05           5.238  0.1149   5.122          0    0.7443      0.04469     0.1482          -0.01194    -0.01113                1      0.4817         0.01002          0.9935             0          0           0.971
    0.075           5.242  0.1149   5.122          0    0.7455      0.06096     0.1566          -0.00333    -0.01006                1       0.479         0.01002          0.9941             0          0          0.9735
      0.1           5.249  0.1149   5.122          0    0.7479      0.08928     0.1764           0.01676   -0.007952                1       0.474         0.00941          0.9954             0          0            0.98
     0.15           5.262  0.1149   5.122          0     0.752       0.1431      0.209           0.04997    -0.00446            1.001      0.4677        0.009148          0.9977             0          0          0.9891
      0.2           5.272  0.1149   5.121          0    0.7565       0.1991     0.2442            0.0857  -0.0002752            1.001      0.4602        0.008529               1             0          0          0.9914
      0.3           5.292  0.1149   5.121          0    0.7633         0.29     0.3023            0.1447     0.00593            1.001      0.4463        0.007508           1.004             0          0           1.006
      0.4           5.306  0.1149   5.122          0    0.7695       0.3778      0.357            0.2002     0.01182            1.002      0.4327         0.00681           1.009             0          0           1.017
      0.6           5.342  0.1149   5.122          0    0.7851       0.5935     0.4882            0.3333     0.02635            1.002      0.3983        0.005889           1.018             0          0           1.052
      0.8            5.38  0.1149   5.122          0    0.8005       0.8087     0.6216            0.4687      0.0407            1.003      0.3667         0.00501           1.028             0          0           1.085
        1           5.422  0.1149   5.123          0    0.8148        1.002     0.7478            0.5969      0.0544            1.004      0.3362        0.004203           1.037             0          0           1.114
     1.25           5.472  0.1148   5.121          0    0.8324        1.237     0.8908            0.7422      0.0708            1.005      0.2957         0.00313            1.05             0          0           1.146
      1.5           5.526  0.1149   5.124          0    0.8492        1.467      1.027            0.8811     0.08608            1.006      0.2573        0.001853            1.06             0          0           1.201
        2            5.63  0.1148    5.12          0    0.8872        1.986      1.364             1.223      0.1214            1.008      0.1818               0           1.087             0          0           1.268
