
=== 5m P0|A|10
 edge_pct  trades_per_30d  mean_N  mean_L  liq_share  tp_share  drift_H_pct  gross_pct  net_notional_pct  eq_ret_pct  30d_median_mult  30d_p_loss  30d_mdd_median  1y_median_mult  1y_p_below50  1y_p_ruin  IS_median_mult
        0           169.6       1       1          0  0.000947    -0.001569  0.0008666           -0.1408     -0.1408           0.7836      0.9622          0.2463         0.04793             1     0.9437       0.0001286
    0.025           169.6       1       1          0 0.0009802      0.02374    0.02616           -0.1155     -0.1155           0.8153      0.9292           0.222         0.08122             1     0.6907       0.0005843
     0.05           169.6       1       1          0  0.001012      0.04912    0.05156          -0.09005    -0.09005           0.8513      0.8788           0.197           0.138         0.998     0.2818        0.002724
    0.075           169.6       1       1          0  0.001043      0.07397    0.07652           -0.0651     -0.0651           0.8852       0.811          0.1728          0.2295        0.9632    0.05217         0.01209
      0.1           169.6       1       1          0  0.001077      0.09902     0.1016          -0.04002    -0.04002           0.9209      0.7262          0.1518           0.388        0.7918   0.003833         0.06117
     0.15           169.6       1       1          0  0.001141       0.1494     0.1521           0.01045     0.01045            1.002      0.4925          0.1166           1.093        0.1137          0           1.296
      0.2           169.6       1       1          0  0.001193       0.1991     0.2018           0.06021     0.06021            1.084      0.2753         0.09011           3.028      0.002667          0           27.11
      0.3           169.6       1       1          0  0.001324       0.3006     0.3034            0.1618      0.1618            1.288     0.03467          0.0572           24.44             0          0       1.264e+04
      0.4           169.6       1       1          0   0.00146       0.4009     0.4039            0.2623      0.2623            1.523       0.002         0.03725             197             0          0       5.136e+06

=== 5m P0|B|10
 edge_pct  trades_per_30d  mean_N  mean_L  liq_share  tp_share  drift_H_pct  gross_pct  net_notional_pct  eq_ret_pct  30d_median_mult  30d_p_loss  30d_mdd_median  1y_median_mult  1y_p_below50  1y_p_ruin  IS_median_mult
        0           186.7       1       1          0 0.0008225    -0.001172   -0.00796           -0.1491     -0.1491            0.753      0.9875          0.2679         0.03075             1     0.9973         3.9e-05
    0.025           186.2       1       1          0 0.0008546       0.0245    0.01024           -0.1309     -0.1309           0.7774       0.975          0.2469         0.04698             1     0.9672       0.0001343
     0.05           185.8       1       1          0 0.0008807      0.04991    0.02825           -0.1129     -0.1129           0.8031      0.9602          0.2253         0.07137             1     0.8192       0.0004346
    0.075           185.5       1       1          0 0.0009052      0.07511    0.04605          -0.09512    -0.09512           0.8299      0.9352          0.2047          0.1068             1     0.4702        0.001432
      0.1           185.1       1       1          0 0.0009362       0.1003    0.06391          -0.07726    -0.07726           0.8578      0.8972           0.185          0.1602        0.9973     0.1452        0.004835
     0.15           184.3       1       1          0 0.0009889       0.1508    0.09968          -0.04152    -0.04152           0.9144      0.7727          0.1478          0.3599        0.8468      0.001         0.05048
      0.2           183.5       1       1          0  0.001035       0.2008      0.135         -0.006176   -0.006176           0.9714      0.5913          0.1173          0.7865        0.2287          0          0.5187
      0.3             182       1       1          0  0.001161       0.3029     0.2071           0.06589     0.06589            1.105      0.2103         0.07416           3.855             0          0           52.72
      0.4           180.5       1       1          0  0.001283       0.4041     0.2787            0.1374      0.1374            1.252      0.0365         0.05044           18.11             0          0            5063

=== 5m P1|B|10
 edge_pct  trades_per_30d  mean_N  mean_L  liq_share  tp_share  drift_H_pct  gross_pct  net_notional_pct  eq_ret_pct  30d_median_mult  30d_p_loss  30d_mdd_median  1y_median_mult  1y_p_below50  1y_p_ruin  IS_median_mult
        0             188    1.25       5          0   0.04985    -0.001728   -0.00608           -0.1447     -0.1809           0.7077      0.9945          0.3136         0.01434             1          1       3.809e-06
    0.025           187.7    1.25       5          0   0.05162      0.02416    0.01166           -0.1269     -0.1586           0.7362      0.9857          0.2888         0.02399             1     0.9992       1.685e-05
     0.05           187.3    1.25       5          0   0.05327      0.04978    0.02916           -0.1093     -0.1367            0.768      0.9703          0.2635         0.03982             1     0.9793       7.957e-05
    0.075             187    1.25       5          0   0.05493      0.07505    0.04637          -0.09206     -0.1151           0.7983      0.9477          0.2395         0.06564             1      0.838       0.0003467
      0.1           186.6    1.25       5          0    0.0566       0.1004    0.06362          -0.07473    -0.09341           0.8285       0.909          0.2152          0.1074        0.9997     0.4785        0.001421
     0.15           185.9    1.25       5          0   0.05998       0.1511    0.09821          -0.03999    -0.04999           0.8985      0.7767          0.1725          0.2891        0.9125    0.01417         0.02643
      0.2           185.2    1.25       5          0   0.06326       0.2017     0.1327         -0.005308   -0.006635           0.9689      0.5873          0.1359          0.7663         0.315          0          0.4798
      0.3           183.8    1.25       5          0   0.06997       0.3047     0.2026           0.06489     0.08112            1.136      0.1908         0.08612           5.451     0.0001667          0           146.9
      0.4           182.5    1.25       5          0   0.07678        0.407     0.2722            0.1348      0.1685            1.326     0.02567         0.05957           37.06             0          0       3.886e+04

=== 5m P2|B|10
 edge_pct  trades_per_30d  mean_N  mean_L  liq_share  tp_share  drift_H_pct  gross_pct  net_notional_pct  eq_ret_pct  30d_median_mult  30d_p_loss  30d_mdd_median  1y_median_mult  1y_p_below50  1y_p_ruin  IS_median_mult
        0           191.8     2.5      10  1.468e-06    0.1576    -0.001497  -0.003846            -0.137     -0.3425           0.5075      0.9955          0.5157       0.0002353             1          1        2.87e-11
    0.025           191.6     2.5      10  1.471e-06    0.1625      0.02452    0.01214           -0.1208      -0.302           0.5483      0.9917          0.4815        0.000616             1          1       4.794e-10
     0.05           191.3     2.5      10  1.473e-06    0.1674       0.0503    0.02792           -0.1048     -0.2619           0.5907      0.9828          0.4466        0.001591             1          1       6.909e-09
    0.075             191     2.5      10  1.475e-06    0.1721      0.07586    0.04333          -0.08914     -0.2228            0.634      0.9672          0.4116        0.003985             1     0.9998       1.001e-07
      0.1           190.8     2.5      10  1.477e-06    0.1768       0.1014    0.05878          -0.07345     -0.1836           0.6809      0.9353          0.3759        0.009942             1     0.9978        1.45e-06
     0.15           190.3     2.5      10  1.481e-06    0.1864       0.1525    0.08979          -0.04198      -0.105           0.7941      0.8263          0.3068         0.06284        0.9968      0.757       0.0003193
      0.2           189.7     2.5      10  1.485e-06    0.1959       0.2037     0.1208           -0.0105    -0.02624           0.9173       0.634          0.2421          0.3844        0.7757    0.08383         0.07093
      0.3           188.7     2.5      10          0    0.2151       0.3074     0.1837           0.05337      0.1334            1.236      0.2028           0.154           15.14      0.005667          0            2945
      0.4           187.7     2.5      10          0     0.234       0.4107      0.246            0.1165      0.2913            1.656     0.02333          0.1069           551.1             0          0       1.087e+08

=== 5m P2|C|10
 edge_pct  trades_per_30d  mean_N  mean_L  liq_share  tp_share  drift_H_pct  gross_pct  net_notional_pct  eq_ret_pct  30d_median_mult  30d_p_loss  30d_mdd_median  1y_median_mult  1y_p_below50  1y_p_ruin  IS_median_mult
        0           174.5     2.5      10          0    0.1777    -0.001804   0.002504           -0.1301     -0.3253            0.548       0.981          0.4926       0.0005641             1          1       3.004e-10
    0.025           174.7     2.5      10          0    0.1832      0.02393    0.02507           -0.1073     -0.2682           0.6029      0.9597          0.4505        0.001907             1          1        1.11e-08
     0.05           174.8     2.5      10          0    0.1887      0.04966    0.04776          -0.08432     -0.2108           0.6664      0.9177          0.4078        0.006573             1     0.9972       4.178e-07
    0.075           174.9     2.5      10          0     0.194      0.07488    0.06997          -0.06184     -0.1546           0.7333      0.8587          0.3646         0.02175             1     0.9477       1.382e-05
      0.1             175     2.5      10          0    0.1993       0.1003    0.09218          -0.03935    -0.09839           0.8059      0.7762           0.324         0.07234        0.9902     0.6975       0.0004787
     0.15           175.3     2.5      10          0    0.2101       0.1515     0.1371          0.006123     0.01531           0.9774      0.5313          0.2488          0.8296        0.5515    0.03267          0.6378
      0.2           175.5     2.5      10          0    0.2207       0.2024      0.182           0.05156      0.1289             1.19      0.2743          0.1958           9.505       0.04567          0           840.4
      0.3           176.1     2.5      10          0    0.2424       0.3058     0.2726            0.1432      0.3581            1.787     0.02167          0.1307            1335             0          0       1.459e+09
      0.4           176.6     2.5      10          0    0.2637       0.4086     0.3623            0.2341      0.5851            2.682   0.0008333         0.09254       1.897e+05             0          0       2.867e+15

=== 5m P3|A|10
 edge_pct  trades_per_30d  mean_N  mean_L  liq_share  tp_share  drift_H_pct  gross_pct  net_notional_pct  eq_ret_pct  30d_median_mult  30d_p_loss  30d_mdd_median  1y_median_mult  1y_p_below50  1y_p_ruin  IS_median_mult
        0           181.9       4      20   0.006526    0.3705    -0.001472   0.004848           -0.1207      -0.483           0.3876      0.9905          0.6505       6.775e-06             1          1       7.301e-16
    0.025           182.2       4      20   0.006328    0.3799      0.02447     0.0233           -0.1017     -0.4069           0.4427      0.9775          0.6072       3.741e-05             1          1       1.159e-13
     0.05           182.5       4      20   0.006101    0.3892      0.05038    0.04172          -0.08274     -0.3309           0.5078      0.9513          0.5609       0.0002069             1          1        1.65e-11
    0.075           182.8       4      20   0.005883    0.3982      0.07575    0.05973          -0.06417     -0.2567           0.5832      0.9053          0.5146        0.001101             1     0.9995       2.667e-09
      0.1             183       4      20   0.005662    0.4073       0.1012    0.07775           -0.0456     -0.1824           0.6623      0.8433          0.4678        0.005825             1     0.9838       2.879e-07
     0.15           183.6       4      20   0.005198    0.4256       0.1527     0.1142         -0.007984    -0.03194           0.8713      0.6273          0.3715          0.1724         0.907     0.4673        0.006082
      0.2           184.1       4      20   0.004773     0.444       0.2038     0.1507            0.0296      0.1184            1.153      0.3767          0.2975           5.277        0.2992    0.01267           167.6
      0.3           185.3       4      20   0.003861    0.4813       0.3078     0.2241            0.1053      0.4213            2.016     0.04233          0.2047            5674      0.003833          0       1.304e+11
      0.4           186.4       4      20     0.0029    0.5179       0.4109     0.2969            0.1803      0.7214            3.564      0.0005          0.1463       6.135e+06     0.0003333          0       6.319e+19

=== 5m P3|B|10
 edge_pct  trades_per_30d  mean_N  mean_L  liq_share  tp_share  drift_H_pct  gross_pct  net_notional_pct  eq_ret_pct  30d_median_mult  30d_p_loss  30d_mdd_median  1y_median_mult  1y_p_below50  1y_p_ruin  IS_median_mult
        0           199.4       4      20   0.000113    0.3259    -0.001669  -0.001257           -0.1259     -0.5035           0.3509      0.9992          0.6691       2.545e-06             1          1       5.414e-17
    0.025           199.2       4      20  0.0001103    0.3341      0.02446    0.01126            -0.113     -0.4518            0.388      0.9975          0.6368       9.243e-06             1          1       2.332e-15
     0.05           199.1       4      20  0.0001104    0.3422      0.05038    0.02357           -0.1002      -0.401           0.4294      0.9945          0.6024       3.192e-05             1          1       8.632e-14
    0.075             199       4      20  0.0001062    0.3501      0.07603    0.03557          -0.08785     -0.3514            0.475       0.989          0.5655       0.0001062             1          1       2.935e-12
      0.1           198.8       4      20  0.0001077    0.3581       0.1016    0.04768          -0.07535     -0.3014            0.522       0.974          0.5271       0.0003679             1          1       1.141e-10
     0.15           198.6       4      20   0.000105    0.3739       0.1529    0.07197          -0.05027     -0.2011            0.634      0.9113           0.448        0.004211             1     0.9975       1.232e-07
      0.2           198.4       4      20  0.0001037    0.3899       0.2042    0.09625          -0.02519     -0.1008           0.7724      0.7802          0.3662          0.0482        0.9905     0.7962       0.0001596
      0.3           197.9       4      20  0.0001011    0.4224       0.3085     0.1456           0.02573      0.1029            1.159      0.3252          0.2336            6.65        0.1223  0.0001667           330.8
      0.4           197.4       4      20  9.987e-05    0.4542       0.4121     0.1942           0.07597      0.3039            1.716     0.04567          0.1597           837.9     0.0006667          0       4.493e+08

=== 5m P3|C|10
 edge_pct  trades_per_30d  mean_N  mean_L  liq_share  tp_share  drift_H_pct  gross_pct  net_notional_pct  eq_ret_pct  30d_median_mult  30d_p_loss  30d_mdd_median  1y_median_mult  1y_p_below50  1y_p_ruin  IS_median_mult
        0           182.9       4      20          0    0.3692    -0.001544   0.003616           -0.1192     -0.4768           0.3919      0.9917          0.6463       8.886e-06             1          1       1.824e-15
    0.025           183.1       4      20          0    0.3785      0.02446     0.0219           -0.1004     -0.4018            0.446       0.979          0.6018       4.738e-05             1          1       2.598e-13
     0.05           183.4       4      20          0    0.3877      0.05036    0.03996          -0.08192     -0.3277            0.508      0.9553           0.555        0.000255             1          1       3.247e-11
    0.075           183.6       4      20          0    0.3968      0.07581    0.05771          -0.06371     -0.2548           0.5823      0.9102          0.5049        0.001312             1     0.9993       3.779e-09
      0.1           183.8       4      20          0    0.4058       0.1014    0.07551          -0.04546     -0.1818           0.6638      0.8448          0.4551        0.006819        0.9997     0.9843       4.751e-07
     0.15           184.3       4      20          0    0.4239       0.1531     0.1113         -0.008727    -0.03491           0.8683      0.6332          0.3583           0.188        0.9002     0.4258        0.007908
      0.2           184.8       4      20          0    0.4423       0.2043     0.1473           0.02821      0.1128            1.147      0.3712          0.2804           5.447        0.2435   0.006333           169.3
      0.3           185.8       4      20          0    0.4793       0.3083     0.2194            0.1022      0.4088            1.983     0.03483          0.1837            4767     0.0008333          0       7.855e+10
      0.4           186.8       4      20          0    0.5156       0.4114     0.2909            0.1755      0.7019            3.473   0.0003333           0.127       4.326e+06             0          0       2.788e+19

=== 5m P3|B|30
 edge_pct  trades_per_30d  mean_N  mean_L  liq_share  tp_share  drift_H_pct  gross_pct  net_notional_pct  eq_ret_pct  30d_median_mult  30d_p_loss  30d_mdd_median  1y_median_mult  1y_p_below50  1y_p_ruin  IS_median_mult
        0           189.2       4      20  0.0002055   0.08514     -0.00163  -0.005109           -0.1421     -0.5682           0.3175      0.9967          0.7083       7.525e-07             1          1       1.183e-18
    0.025           188.9       4      20  0.0002043   0.08802      0.02428    0.01202           -0.1248     -0.4991           0.3607      0.9915          0.6726       3.835e-06             1          1       1.163e-16
     0.05           188.5       4      20  0.0002047    0.0908      0.04991    0.02902           -0.1077     -0.4306           0.4118      0.9825          0.6337        1.85e-05             1          1       1.427e-14
    0.075           188.2       4      20  0.0001976   0.09352      0.07536     0.0457          -0.09085     -0.3634           0.4653      0.9635          0.5926       8.824e-05             1          1       1.313e-12
      0.1           187.9       4      20  0.0001949   0.09622       0.1008    0.06237          -0.07405     -0.2962           0.5266      0.9348          0.5491       0.0004177             1          1       1.292e-10
     0.15           187.2       4      20  0.0001911    0.1018       0.1516    0.09596           -0.0402     -0.1608           0.6759      0.8228          0.4632        0.009347        0.9987     0.9645       1.293e-06
      0.2           186.6       4      20  0.0001902    0.1073       0.2025     0.1296          -0.00633    -0.02532           0.8549      0.6353          0.3792          0.2016        0.8878      0.444         0.01061
      0.3           185.3       4      20  0.0001855    0.1185       0.3059     0.1975           0.06209      0.2483            1.425       0.209          0.2501           97.12        0.0605          0       6.341e+05
      0.4           184.1       4      20  0.0001729    0.1297       0.4085     0.2647            0.1299      0.5196            2.297       0.029          0.1782       3.938e+04     0.0006667          0       2.365e+13

=== 5m P3|B|100
 edge_pct  trades_per_30d  mean_N  mean_L  liq_share  tp_share  drift_H_pct  gross_pct  net_notional_pct  eq_ret_pct  30d_median_mult  30d_p_loss  30d_mdd_median  1y_median_mult  1y_p_below50  1y_p_ruin  IS_median_mult
        0           186.8       4      20   0.000374  0.005582    -0.001439  -0.007342           -0.1484     -0.5936           0.3016      0.9942          0.7252       3.878e-07             1          1       2.348e-19
    0.025           186.4       4      20  0.0003688  0.005751      0.02426    0.01073           -0.1303     -0.5213           0.3432      0.9877          0.6915       2.079e-06             1          1       2.804e-17
     0.05             186       4      20  0.0003711  0.005942       0.0497     0.0287           -0.1124     -0.4494           0.3905       0.977          0.6545       1.092e-05             1          1       2.916e-15
    0.075           185.6       4      20  0.0003612  0.006124        0.075    0.04648          -0.09458     -0.3783           0.4474      0.9563          0.6166       5.504e-05             1          1       3.199e-13
      0.1           185.2       4      20  0.0003544  0.006317       0.1003    0.06427          -0.07678     -0.3071           0.5046      0.9227          0.5758       0.0002755             1     0.9998       4.025e-11
     0.15           184.4       4      20  0.0003436  0.006689       0.1508    0.09992          -0.04113     -0.1645           0.6544      0.8203          0.4878        0.006913         0.999     0.9667       4.861e-07
      0.2           183.7       4      20  0.0003328  0.007043        0.201     0.1353         -0.005703    -0.02281           0.8349      0.6497          0.4054          0.1607         0.909     0.5247        0.005764
      0.3           182.1       4      20  0.0003294  0.007763       0.3032      0.207           0.06597      0.2639            1.398      0.2452          0.2733           87.52       0.09817  0.0006667       4.506e+05
      0.4           180.7       4      20  0.0003102   0.00856       0.4045     0.2784            0.1373      0.5494            2.309      0.0425          0.1912       4.149e+04      0.001667          0       3.498e+13

=== 5m P4|A|10
 edge_pct  trades_per_30d  mean_N  mean_L  liq_share  tp_share  drift_H_pct  gross_pct  net_notional_pct  eq_ret_pct  30d_median_mult  30d_p_loss  30d_mdd_median  1y_median_mult  1y_p_below50  1y_p_ruin  IS_median_mult
        0           197.3      20      50     0.0715    0.5978    -0.001256   0.006271           -0.1355       -2.71        0.0006052           1          0.9995       7.366e-41             1          1      2.785e-118
    0.025           197.6      20      50      0.069     0.608      0.02496    0.01801           -0.1222      -2.443         0.001087      0.9997          0.9992       1.015e-37             1          1      5.123e-109
     0.05             198      20      50    0.06656    0.6181      0.05097    0.02955           -0.1091      -2.181         0.001854      0.9998          0.9986        1.18e-34             1          1      2.582e-100
    0.075           198.3      20      50    0.06421    0.6281      0.07648    0.04092          -0.09619      -1.924         0.003367       0.999          0.9976       1.253e-31             1          1       2.668e-91
      0.1           198.7      20      50    0.06191    0.6378       0.1019    0.05205          -0.08357      -1.671         0.005869       0.997           0.996        1.09e-28             1          1       6.869e-83
     0.15           199.3      20      50    0.05714    0.6578       0.1536    0.07475           -0.0578      -1.156          0.01894      0.9812          0.9889       1.337e-22             1          1       2.541e-65
      0.2             200      20      50    0.05241    0.6779       0.2051    0.09763          -0.03187     -0.6374          0.05762       0.939          0.9707       1.845e-16             1          1       1.768e-47
      0.3           201.4      20      50    0.04287     0.718       0.3083     0.1433           0.01992      0.3984            0.603      0.6065          0.8679       0.0004779        0.9803     0.9342       1.102e-10
      0.4           202.8      20      50    0.03346    0.7582       0.4111     0.1888            0.0715        1.43            6.465      0.1493          0.6992       1.722e+09        0.3892      0.076       7.037e+26

=== 5m P4|B|10
 edge_pct  trades_per_30d  mean_N  mean_L  liq_share  tp_share  drift_H_pct  gross_pct  net_notional_pct  eq_ret_pct  30d_median_mult  30d_p_loss  30d_mdd_median  1y_median_mult  1y_p_below50  1y_p_ruin  IS_median_mult
        0           211.4      20      50    0.00404    0.5314    -0.001456   0.002449           -0.1133      -2.267         0.003328      0.9998          0.9971        3.32e-31             1          1       9.895e-90
    0.025           211.4      20      50   0.003957    0.5403      0.02462     0.0102           -0.1051      -2.102         0.004869      0.9998          0.9959       2.611e-29             1          1       2.766e-84
     0.05           211.4      20      50   0.003885     0.549      0.05052    0.01774          -0.09709      -1.942         0.006767           1          0.9944       2.046e-27             1          1       1.808e-78
    0.075           211.5      20      50   0.003804    0.5577      0.07611    0.02521          -0.08915      -1.783         0.009533      0.9998          0.9921       1.492e-25             1          1       2.436e-73
      0.1           211.5      20      50   0.003743    0.5663       0.1015    0.03261           -0.0813      -1.626          0.01336      0.9993          0.9893       1.029e-23             1          1       7.855e-68
     0.15           211.5      20      50   0.003595    0.5836       0.1528    0.04762          -0.06536      -1.307          0.02726      0.9978          0.9793        5.47e-20             1          1       9.578e-57
      0.2           211.6      20      50    0.00347    0.6009       0.2042    0.06255          -0.04951     -0.9901          0.05549      0.9893           0.961        2.87e-16             1          1       6.784e-46
      0.3           211.7      20      50   0.003161    0.6359       0.3075    0.09292          -0.01725     -0.3451           0.2312      0.8792          0.8762       1.015e-08             1          1       6.369e-24
      0.4           211.8      20      50   0.002869    0.6707       0.4105     0.1231           0.01479      0.2957           0.9609      0.5125          0.7124           0.344        0.8927     0.6583         0.01875

=== 5m P4|C|10
 edge_pct  trades_per_30d  mean_N  mean_L  liq_share  tp_share  drift_H_pct  gross_pct  net_notional_pct  eq_ret_pct  30d_median_mult  30d_p_loss  30d_mdd_median  1y_median_mult  1y_p_below50  1y_p_ruin  IS_median_mult
        0           203.1      20      50          0    0.5639    -0.001167   0.004314           -0.1083      -2.166          0.00468      0.9998          0.9961       2.118e-29             1          1       2.303e-84
    0.025           203.3      20      50          0    0.5736      0.02518    0.01399          -0.09811      -1.962         0.007213      0.9997          0.9941       4.186e-27             1          1       6.569e-78
     0.05           203.5      20      50          0     0.583      0.05124    0.02342           -0.0882      -1.764            0.011      0.9998          0.9913        7.22e-25             1          1       2.322e-71
    0.075           203.7      20      50          0    0.5925      0.07699    0.03278          -0.07837      -1.567          0.01678      0.9992          0.9871        1.15e-22             1          1       4.407e-65
      0.1           203.9      20      50          0    0.6018       0.1025    0.04204          -0.06864      -1.373          0.02479      0.9968          0.9815       2.013e-20             1          1       2.076e-58
     0.15           204.3      20      50          0    0.6207       0.1542    0.06074          -0.04899     -0.9798          0.05945      0.9862          0.9599       4.938e-16             1          1       2.111e-45
      0.2           204.7      20      50          0    0.6397        0.206    0.07968          -0.02909     -0.5818           0.1358       0.943          0.9184       1.669e-11             1          1       5.004e-32
      0.3           205.5      20      50          0    0.6778       0.3097     0.1177           0.01081      0.2162           0.7766       0.577          0.7523         0.02201        0.9482     0.8263       2.313e-05
      0.4           206.3      20      50          0    0.7158       0.4128     0.1552           0.05032       1.006            4.411      0.1197           0.569       2.907e+07        0.2607    0.02083       3.746e+21

=== 5m P4|B|100
 edge_pct  trades_per_30d  mean_N  mean_L  liq_share  tp_share  drift_H_pct  gross_pct  net_notional_pct  eq_ret_pct  30d_median_mult  30d_p_loss  30d_mdd_median  1y_median_mult  1y_p_below50  1y_p_ruin  IS_median_mult
        0           188.2      20      50    0.01122   0.04893    -0.001839   -0.00644             -0.15      -2.999        0.0004876           1          0.9996       3.478e-42             1          1      1.518e-122
    0.025           187.8      20      50    0.01103   0.05069      0.02408     0.0111           -0.1323      -2.645        0.0009198           1          0.9993       1.335e-38             1          1      8.735e-112
     0.05           187.4      20      50    0.01083   0.05232      0.04975     0.0284           -0.1148      -2.296         0.001804      0.9992          0.9988        4.22e-35             1          1       1.24e-101
    0.075           187.1      20      50    0.01062   0.05396      0.07505    0.04547          -0.09757      -1.951         0.003281      0.9975          0.9979       1.113e-31             1          1       5.507e-91
      0.1           186.7      20      50    0.01043   0.05562       0.1004    0.06253          -0.08035      -1.607         0.006087      0.9925          0.9961       3.161e-28             1          1       3.706e-81
     0.15             186      20      50    0.01006   0.05896       0.1513    0.09677          -0.04581     -0.9161          0.02114      0.9655          0.9888       2.249e-21             1          1       3.166e-61
      0.2           185.3      20      50   0.009665   0.06221       0.2019      0.131          -0.01129     -0.2257          0.07154      0.8962          0.9707       1.481e-14             1          1       3.733e-41
      0.3           183.9      20      50   0.008789   0.06884        0.305     0.2001           0.05855       1.171           0.9222       0.515          0.8703           0.541        0.9218      0.765           0.392
      0.4           182.6      20      50   0.007948   0.07555       0.4074     0.2689            0.1279       2.559            10.72       0.135           0.727       1.181e+13        0.4258    0.07467       1.058e+38

=== 5m P5|A|10
 edge_pct  trades_per_30d  mean_N  mean_L  liq_share  tp_share  drift_H_pct  gross_pct  net_notional_pct  eq_ret_pct  30d_median_mult  30d_p_loss  30d_mdd_median  1y_median_mult  1y_p_below50  1y_p_ruin  IS_median_mult
        0           196.3   16.59   47.97    0.06247    0.5953    -0.001229   0.006968           -0.1311      -2.176         0.004045           1          0.9967       3.331e-30             1          1       4.574e-87
    0.025           196.6   16.59   47.97    0.06019    0.6057      0.02488    0.01931           -0.1172       -1.95         0.006512      0.9997          0.9948       1.085e-27             1          1       1.043e-79
     0.05             197   16.59   47.97    0.05787    0.6159      0.05079     0.0316           -0.1034      -1.724          0.01082      0.9998          0.9916       4.184e-25             1          1        6.97e-72
    0.075           197.3   16.59   47.97     0.0557    0.6261      0.07624    0.04361          -0.08996      -1.504          0.01689      0.9967          0.9871       1.303e-22             1          1        4.47e-65
      0.1           197.7   16.59   47.97    0.05353    0.6361       0.1017    0.05547          -0.07665      -1.287          0.02736      0.9917          0.9805       3.661e-20             1          1       3.691e-58
     0.15           198.4   16.59   47.97    0.04909    0.6566       0.1531    0.07958           -0.0496      -0.846          0.06917      0.9635           0.956       3.798e-15             1          1       4.568e-43
      0.2           199.1    16.6   47.98    0.04466     0.677       0.2044     0.1038           -0.0224        -0.4           0.1829      0.8863          0.9056       4.684e-10             1          1       2.242e-28
      0.3           200.6    16.6   47.98     0.0358     0.718       0.3073     0.1523             0.032      0.4857            1.258       0.432          0.7181           8.353        0.7905      0.471           306.5
      0.4             202    16.6   47.98    0.02698    0.7592       0.4099     0.2006           0.08614       1.368            9.072      0.0435          0.5295       2.057e+11        0.1415   0.003167        5.81e+32

=== 5m P5|B|10
 edge_pct  trades_per_30d  mean_N  mean_L  liq_share  tp_share  drift_H_pct  gross_pct  net_notional_pct  eq_ret_pct  30d_median_mult  30d_p_loss  30d_mdd_median  1y_median_mult  1y_p_below50  1y_p_ruin  IS_median_mult
        0             211   16.64   48.02  0.0001082    0.5257     -0.00142   0.002501           -0.1119      -1.907          0.01044      0.9998          0.9906       7.645e-25             1          1       4.667e-71
    0.025             211   16.64   48.02  0.0001055    0.5347      0.02465    0.01056           -0.1034      -1.768          0.01403      0.9998          0.9875       2.907e-23             1          1       1.702e-66
     0.05             211   16.64   48.02  0.0001055    0.5435      0.05047    0.01845          -0.09504      -1.632          0.01881           1          0.9837       1.083e-21             1          1       1.325e-61
    0.075             211   16.64   48.02  0.0001014    0.5523      0.07603     0.0262          -0.08686      -1.497          0.02538      0.9998          0.9783       3.913e-20             1          1       2.035e-57
      0.1           211.1   16.64   48.02  0.0001028     0.561       0.1014    0.03395          -0.07867      -1.363          0.03386      0.9998          0.9715       1.353e-18             1          1       1.101e-52
     0.15           211.1   16.64   48.02  0.0001001    0.5787       0.1526    0.04972          -0.06201      -1.092          0.06116       0.997          0.9506       1.774e-15             1          1       4.883e-44
      0.2           211.2   16.64   48.02  9.871e-05    0.5964       0.2038    0.06537          -0.04547     -0.8219           0.1098      0.9863          0.9161       2.548e-12             1          1       1.318e-34
      0.3           211.2   16.64   48.02  9.468e-05    0.6319        0.307    0.09707          -0.01199     -0.2769           0.3656      0.8513          0.7776        4.39e-06             1     0.9997       1.207e-16
      0.4           211.4   16.63   48.01   9.46e-05    0.6674       0.4099     0.1286           0.02131      0.2653            1.208      0.4257          0.5824           7.638        0.6882     0.2865           292.8

=== 5m P5|C|10
 edge_pct  trades_per_30d  mean_N  mean_L  liq_share  tp_share  drift_H_pct  gross_pct  net_notional_pct  eq_ret_pct  30d_median_mult  30d_p_loss  30d_mdd_median  1y_median_mult  1y_p_below50  1y_p_ruin  IS_median_mult
        0           202.2   16.56   47.96          0    0.5681    -0.001218   0.004659           -0.1077      -1.818          0.01284           1           0.989       7.067e-24             1          1       1.877e-68
    0.025           202.4   16.56   47.96          0    0.5781      0.02509    0.01506          -0.09684      -1.635          0.01906      0.9997          0.9841       7.848e-22             1          1       1.183e-62
     0.05           202.6   16.57   47.96          0    0.5878      0.05105    0.02523          -0.08619      -1.455          0.02779      0.9992           0.977        8.18e-20             1          1       1.411e-56
    0.075           202.8   16.57   47.96          0    0.5975      0.07673    0.03515          -0.07577      -1.278          0.04122      0.9977          0.9673       7.678e-18             1          1       8.682e-51
      0.1             203   16.57   47.96          0     0.607       0.1022    0.04507          -0.06537      -1.102          0.05794      0.9945          0.9552       7.312e-16             1          1       2.464e-45
     0.15           203.4   16.57   47.96          0    0.6265       0.1538    0.06526           -0.0442     -0.7456           0.1233      0.9713          0.9125        6.84e-12             1          1       3.398e-33
      0.2           203.8   16.57   47.97          0     0.646       0.2053    0.08555          -0.02292     -0.3855           0.2685      0.8942          0.8371       7.308e-08             1     0.9998       2.553e-21
      0.3           204.6   16.58   47.97          0    0.6851       0.3088     0.1262           0.01974      0.3325            1.252       0.414          0.6155           9.989        0.7003     0.3137            1088
      0.4           205.5   16.58   47.97          0    0.7241       0.4118     0.1665           0.06195       1.044            5.724     0.03333          0.4328       1.344e+09         0.078  0.0001667        2.37e+26

=== 5m P5|B|100
 edge_pct  trades_per_30d  mean_N  mean_L  liq_share  tp_share  drift_H_pct  gross_pct  net_notional_pct  eq_ret_pct  30d_median_mult  30d_p_loss  30d_mdd_median  1y_median_mult  1y_p_below50  1y_p_ruin  IS_median_mult
        0           187.5   16.74   48.09   0.000377   0.03634    -0.001523  -0.006715           -0.1462      -2.442         0.003739      0.9995           0.997       2.333e-30             1          1       1.697e-87
    0.025           187.2   16.74   48.09  0.0003717   0.03772      0.02425    0.01128           -0.1282      -2.176         0.006143       0.999          0.9951       1.069e-27             1          1       5.857e-80
     0.05           186.8   16.74   48.09   0.000374     0.039      0.04974    0.02904           -0.1103      -1.911          0.01027      0.9982          0.9922       4.861e-25             1          1       5.095e-72
    0.075           186.4   16.74   48.09  0.0003641   0.04033      0.07505    0.04673           -0.0926      -1.649          0.01684      0.9965          0.9879       1.754e-22             1          1       4.072e-64
      0.1           186.1   16.74   48.09  0.0003573   0.04168       0.1004    0.06435          -0.07491      -1.388          0.02646      0.9903          0.9818       7.026e-20             1          1        1.63e-56
     0.15           185.4   16.74   48.09  0.0003465   0.04437       0.1509     0.0997          -0.03944     -0.8664           0.0696      0.9557          0.9586        9.81e-15             1          1        3.68e-42
      0.2           184.6   16.74   48.09  0.0003357   0.04695       0.2012     0.1349         -0.004111     -0.3425            0.182      0.8623          0.9125       1.204e-09             1          1        1.06e-26
      0.3           183.2   16.74   48.08  0.0003322   0.05228       0.3039     0.2062           0.06744      0.7091            1.224      0.4487          0.7516           17.18        0.8063      0.507            7229
      0.4           181.8   16.74   48.08  0.0003114   0.05757       0.4058     0.2772            0.1386       1.753             8.14       0.097          0.5819       1.439e+11        0.2557    0.01617       3.506e+32

=== 5m P5c|A|10
 edge_pct  trades_per_30d  mean_N  mean_L  liq_share  tp_share  drift_H_pct  gross_pct  net_notional_pct  eq_ret_pct  30d_median_mult  30d_p_loss  30d_mdd_median  1y_median_mult  1y_p_below50  1y_p_ruin  IS_median_mult
        0           196.3   9.594   47.97    0.06247    0.5953    -0.001229   0.006968           -0.1311       -1.26          0.05687      0.9993          0.9505       3.985e-16             1          1       5.449e-46
    0.025           196.6   9.992   47.97    0.06019    0.6057      0.02488    0.01931           -0.1172      -1.051          0.08475      0.9972           0.928       5.877e-14             1          1       2.036e-39
     0.05             197   10.39   47.97    0.05787    0.6159      0.05079     0.0316           -0.1034     -0.8426           0.1304      0.9887          0.8953        8.92e-12             1          1       4.419e-33
    0.075           197.3   10.79   47.97     0.0557    0.6261      0.07624    0.04361          -0.08996     -0.6368           0.1945      0.9652          0.8547       1.211e-09             1          1       6.895e-27
      0.1           197.7   11.18   47.97    0.05353    0.6361       0.1017    0.05547          -0.07665      -0.434           0.2876       0.915          0.8049         1.6e-07             1          1        8.96e-21
     0.15           198.4   11.97   47.97    0.04909    0.6566       0.1531    0.07958           -0.0496    -0.02253           0.6615      0.6777          0.6743        0.003441        0.9893     0.9307        5.43e-08
      0.2           199.1   12.76   47.98    0.04466     0.677       0.2044     0.1038           -0.0224      0.3927            1.484      0.3428          0.5562           83.37        0.5398      0.141       4.397e+05
      0.3           200.6   14.35   47.98     0.0358     0.718       0.3073     0.1523             0.032       1.219            7.811       0.017          0.4189       5.916e+10       0.05433  0.0001667       4.062e+31
      0.4             202   15.93   47.98    0.02698    0.7592       0.4099     0.2006           0.08614       2.046            42.88   0.0001667          0.3537       5.823e+19         0.012          0       8.671e+57

=== 5m P5c|B|10
 edge_pct  trades_per_30d  mean_N  mean_L  liq_share  tp_share  drift_H_pct  gross_pct  net_notional_pct  eq_ret_pct  30d_median_mult  30d_p_loss  30d_mdd_median  1y_median_mult  1y_p_below50  1y_p_ruin  IS_median_mult
        0             211   9.604   48.02  0.0001082    0.5257     -0.00142   0.002501           -0.1119      -1.082          0.08431      0.9998          0.9213       7.998e-14             1          1        7.32e-39
    0.025             211      10   48.02  0.0001055    0.5347      0.02465    0.01056           -0.1034     -0.9655           0.1071      0.9997           0.903       1.401e-12             1          1        2.61e-35
     0.05             211    10.4   48.02  0.0001055    0.5435      0.05047    0.01845          -0.09504     -0.8519           0.1338      0.9992          0.8814       2.234e-11             1          1       8.719e-32
    0.075             211    10.8   48.02  0.0001014    0.5523      0.07603     0.0262          -0.08686     -0.7405           0.1659      0.9948          0.8571       3.426e-10             1          1       2.226e-28
      0.1           211.1   11.19   48.02  0.0001028     0.561       0.1014    0.03395          -0.07867     -0.6286           0.2079      0.9868          0.8267       5.342e-09             1          1       1.105e-24
     0.15           211.1   11.98   48.02  0.0001001    0.5787       0.1526    0.04972          -0.06201     -0.4025           0.3302       0.933          0.7539       1.369e-06             1          1       5.135e-18
      0.2           211.2   12.78   48.02  9.871e-05    0.5964       0.2038    0.06537          -0.04547     -0.1763           0.5214      0.8067          0.6715       0.0003532        0.9992     0.9918       7.561e-11
      0.3           211.2   14.36   48.02  9.468e-05    0.6319        0.307    0.09707          -0.01199      0.2784            1.304      0.3723          0.5266           24.28        0.5592     0.1497       1.305e+04
      0.4           211.4   15.94   48.01   9.46e-05    0.6674       0.4099     0.1286           0.02131      0.7287            3.229     0.09917           0.443       1.486e+06        0.1388     0.0015        1.23e+18

=== 5m P5c|C|10
 edge_pct  trades_per_30d  mean_N  mean_L  liq_share  tp_share  drift_H_pct  gross_pct  net_notional_pct  eq_ret_pct  30d_median_mult  30d_p_loss  30d_mdd_median  1y_median_mult  1y_p_below50  1y_p_ruin  IS_median_mult
        0           202.2   9.592   47.96          0    0.5681    -0.001218   0.004659           -0.1077      -1.038          0.09781      0.9997          0.9116       4.444e-13             1          1       1.073e-36
    0.025           202.4    9.99   47.96          0    0.5781      0.02509    0.01506          -0.09684     -0.8736           0.1358      0.9973          0.8812       2.336e-11             1          1       7.335e-32
     0.05           202.6   10.39   47.96          0    0.5878      0.05105    0.02523          -0.08619     -0.7125           0.1867      0.9913          0.8429       1.112e-09             1          1       6.818e-27
    0.075           202.8   10.78   47.96          0    0.5975      0.07673    0.03515          -0.07577     -0.5543           0.2551       0.974          0.7972       4.987e-08             1          1       3.754e-22
      0.1             203   11.18   47.96          0     0.607       0.1022    0.04507          -0.06537     -0.3957           0.3468      0.9283          0.7426       2.269e-06             1          1       2.316e-17
     0.15           203.4   11.97   47.96          0    0.6265       0.1538    0.06526           -0.0442    -0.07576            0.657      0.7138          0.6168        0.005124        0.9902      0.937       2.821e-07
      0.2           203.8   12.76   47.97          0     0.646       0.2053    0.08555          -0.02292      0.2469            1.253      0.3843          0.5047           12.82        0.5612      0.146            2257
      0.3           204.6   14.34   47.97          0    0.6851       0.3088     0.1262           0.01974      0.8915            4.497     0.03183          0.3827       8.788e+07       0.05467          0       1.389e+23
      0.4           205.5   15.93   47.97          0    0.7241       0.4118     0.1665           0.06195       1.529            16.54      0.0005          0.3239       5.771e+14       0.01333          0       1.799e+43

=== 5m P6|B|none
 edge_pct  trades_per_30d  mean_N  mean_L  liq_share  tp_share  drift_H_pct  gross_pct  net_notional_pct  eq_ret_pct  30d_median_mult  30d_p_loss  30d_mdd_median  1y_median_mult  1y_p_below50  1y_p_ruin  IS_median_mult
        0           186.6    1.73   9.998          0         0    -0.001162   -0.01004           -0.1512     -0.2567           0.6127      0.9978           0.405        0.002546             1          1         2.5e-08
    0.025           186.2    1.73   9.998          0         0      0.02452   0.008207            -0.133     -0.2303           0.6443      0.9947          0.3775        0.004706             1          1       1.396e-07
     0.05           185.8    1.73   9.998          0         0      0.04991    0.02621            -0.115      -0.204           0.6764      0.9902          0.3488        0.008626             1          1       8.358e-07
    0.075           185.4    1.73   9.998          0         0      0.07512    0.04396          -0.09725     -0.1782           0.7093      0.9788          0.3216         0.01547             1     0.9993       4.744e-06
      0.1             185    1.73   9.998          0         0       0.1004    0.06179          -0.07943     -0.1525            0.744      0.9558           0.294         0.02797             1     0.9898       2.744e-05
     0.15           184.3    1.73   9.998          0         0       0.1508    0.09745          -0.04379      -0.101           0.8198      0.8787          0.2408          0.0892        0.9992     0.6147       0.0007839
      0.2           183.5   1.731   9.998          0         0       0.2008     0.1328         -0.008498    -0.04937           0.8989      0.7378          0.1901          0.2858        0.8925    0.04417           0.025
      0.3           181.9   1.731   9.998          0         0       0.3028     0.2047           0.06341     0.05443             1.09      0.3122          0.1178           2.878        0.0115          0           21.93
      0.4           180.5   1.731   9.998          0         0        0.404     0.2761            0.1348      0.1574            1.311     0.06133           0.078           27.28             0          0       1.523e+04

=== 5m P6h|B|none
 edge_pct  trades_per_30d  mean_N  mean_L  liq_share  tp_share  drift_H_pct  gross_pct  net_notional_pct  eq_ret_pct  30d_median_mult  30d_p_loss  30d_mdd_median  1y_median_mult  1y_p_below50  1y_p_ruin  IS_median_mult
        0           186.6   0.872   9.998          0         0    -0.001162   -0.01004           -0.1512     -0.1294           0.7831      0.9977          0.2284         0.05092             1      0.992       0.0001631
    0.025           186.2   0.872   9.998          0         0      0.02452   0.008207            -0.133     -0.1161           0.8035      0.9937          0.2107         0.06948             1     0.9063       0.0003903
     0.05           185.8   0.872   9.998          0         0      0.04991    0.02621            -0.115     -0.1029            0.823      0.9895          0.1929         0.09425             1     0.6008       0.0009497
    0.075           185.4  0.8721   9.998          0         0      0.07512    0.04396          -0.09725    -0.08998           0.8433       0.977           0.176          0.1262             1     0.2162         0.00226
      0.1             185  0.8721   9.998          0         0       0.1004    0.06179          -0.07943     -0.0771           0.8634      0.9513          0.1593          0.1699             1    0.03467        0.005455
     0.15           184.3  0.8723   9.998          0         0       0.1508    0.09745          -0.04379    -0.05128           0.9064      0.8733          0.1282          0.3038        0.9645          0         0.02974
      0.2           183.5  0.8723   9.998          0         0       0.2008     0.1328         -0.008498    -0.02537           0.9492      0.7283         0.09988          0.5454        0.4578          0          0.1667
      0.3           181.9  0.8725   9.998          0         0       0.3028     0.2047           0.06341     0.02668            1.046      0.3048         0.06063            1.74             0          0           4.987
      0.4           180.5  0.8727   9.998          0         0        0.404     0.2761            0.1348     0.07833            1.147      0.0615         0.03987           5.372             0          0           133.3

=== 5m P6|B|10
 edge_pct  trades_per_30d  mean_N  mean_L  liq_share  tp_share  drift_H_pct  gross_pct  net_notional_pct  eq_ret_pct  30d_median_mult  30d_p_loss  30d_mdd_median  1y_median_mult  1y_p_below50  1y_p_ruin  IS_median_mult
        0           191.8   1.717   9.998          0    0.1575    -0.001495  -0.003813            -0.137     -0.2399            0.627      0.9992          0.3878        0.003313             1          1       5.946e-08
    0.025           191.6   1.717   9.998          0    0.1625      0.02453    0.01217           -0.1208     -0.2152           0.6579      0.9975          0.3594        0.005967             1          1       3.187e-07
     0.05           191.3   1.717   9.998          0    0.1673      0.05031    0.02796           -0.1047     -0.1908           0.6897      0.9948          0.3327         0.01057             1     0.9998        1.74e-06
    0.075             191   1.716   9.998          0     0.172      0.07586    0.04336          -0.08911      -0.167           0.7203      0.9855          0.3052         0.01857             1     0.9997       8.833e-06
      0.1           190.8   1.716   9.998          0    0.1767       0.1014    0.05882          -0.07342     -0.1433           0.7526       0.971          0.2791         0.03239             1     0.9898       4.548e-05
     0.15           190.3   1.716   9.998          0    0.1863       0.1525    0.08983          -0.04194    -0.09566           0.8264      0.8997          0.2245         0.09812        0.9993     0.5512        0.001112
      0.2           189.7   1.715   9.998          0    0.1958       0.2037     0.1209          -0.01045    -0.04777           0.9049      0.7425          0.1747          0.2973        0.8955    0.02317         0.03081
      0.3           188.7   1.714   9.998          0     0.215       0.3074     0.1838           0.05344     0.04874            1.087      0.2875          0.1055           2.765      0.004333          0           18.19
      0.4           187.7   1.713   9.998          0     0.234       0.4107     0.2461            0.1167      0.1441            1.297       0.044         0.06991           24.21             0          0         1.1e+04

=== 15m P0|A|10
 edge_pct  trades_per_30d  mean_N  mean_L  liq_share  tp_share  drift_H_pct  gross_pct  net_notional_pct  eq_ret_pct  30d_median_mult  30d_p_loss  30d_mdd_median  1y_median_mult  1y_p_below50  1y_p_ruin  IS_median_mult
        0           79.38       1       1  3.548e-06  0.003974    -0.002256   0.004841             -0.14       -0.14            0.881      0.7878          0.1845          0.2231         0.956     0.0935         0.01436
    0.025           79.38       1       1  3.548e-06   0.00402      0.02223    0.02936           -0.1154     -0.1154           0.8985      0.7523           0.176          0.2844         0.904    0.04233         0.02787
     0.05           79.39       1       1  3.548e-06  0.004091      0.04719    0.05439           -0.0904     -0.0904           0.9157      0.7158          0.1654          0.3627        0.8197    0.01867          0.0541
    0.075           79.39       1       1  3.548e-06  0.004205      0.07279    0.08014          -0.06464    -0.06464           0.9342      0.6723          0.1563          0.4612         0.688   0.009167          0.1118
      0.1           79.39       1       1  3.548e-06  0.004315      0.09769     0.1052          -0.03954    -0.03954           0.9541       0.626          0.1481          0.5849        0.5347   0.004833          0.2129
     0.15           79.39       1       1  3.548e-06  0.004485       0.1475     0.1551           0.01033     0.01033           0.9908      0.5258          0.1326          0.9497        0.2408   0.004333           0.861
      0.2            79.4       1       1  3.548e-06  0.004669       0.1991     0.2069           0.06212     0.06212            1.033      0.4152          0.1197           1.567       0.05983   0.004333           3.656
      0.3            79.4       1       1  3.548e-06  0.005013       0.2984     0.3064            0.1617      0.1617            1.116      0.2352         0.09552           4.131      0.005333   0.004333           60.08
      0.4           79.41       1       1  3.547e-06  0.005318       0.4003     0.4085            0.2638      0.2638            1.206      0.1077         0.07914           10.91      0.004333   0.004333            1304
      0.6           79.42       1       1  3.547e-06  0.005987       0.6025     0.6113            0.4666      0.4666            1.408    0.009833         0.05402           77.75      0.004333   0.004333       3.603e+05

=== 15m P0|B|10
 edge_pct  trades_per_30d  mean_N  mean_L  liq_share  tp_share  drift_H_pct  gross_pct  net_notional_pct  eq_ret_pct  30d_median_mult  30d_p_loss  30d_mdd_median  1y_median_mult  1y_p_below50  1y_p_ruin  IS_median_mult
        0           91.18       1       1          0  0.003541    -0.000601    -0.0134           -0.1568     -0.1568           0.8589      0.8775          0.1904          0.1575        0.9955     0.1833        0.004494
    0.025           91.01       1       1          0  0.003578      0.02449   0.004505           -0.1389     -0.1389            0.871      0.8507            0.18          0.1923        0.9858    0.09117        0.008672
     0.05           90.85       1       1          0  0.003656      0.04899    0.02155           -0.1218     -0.1218           0.8846      0.8228          0.1721          0.2333        0.9655    0.04233         0.01486
    0.075            90.7       1       1          0  0.003739      0.07445    0.03907           -0.1043     -0.1043           0.8988      0.7942          0.1633          0.2838        0.9225    0.01533         0.02475
      0.1           90.53       1       1          0  0.003834       0.1003    0.05714          -0.08627    -0.08627           0.9138      0.7603          0.1559          0.3464        0.8505   0.004333          0.0444
     0.15           90.23       1       1          0   0.00398       0.1504    0.09172          -0.05171    -0.05171           0.9426      0.6788          0.1405          0.5049        0.6127  0.0003333          0.1368
      0.2           89.92       1       1          0  0.004141       0.2021     0.1281           -0.0154     -0.0154           0.9734      0.5812          0.1273          0.7577        0.2943          0          0.4482
      0.3           89.32       1       1          0  0.004453       0.3027     0.1986           0.05506     0.05506            1.034      0.3992          0.1031           1.631       0.02067          0           3.917
      0.4           88.69       1       1          0  0.004726       0.4046     0.2693            0.1257      0.1257            1.097      0.2413         0.08549           3.461             0          0           39.87
      0.6           87.48       1       1          0   0.00531       0.6091     0.4122            0.2686      0.2686            1.233     0.05167         0.06073           15.38             0          0            2885

=== 15m P1|B|10
 edge_pct  trades_per_30d  mean_N  mean_L  liq_share  tp_share  drift_H_pct  gross_pct  net_notional_pct  eq_ret_pct  30d_median_mult  30d_p_loss  30d_mdd_median  1y_median_mult  1y_p_below50  1y_p_ruin  IS_median_mult
        0           94.48    1.25       5          0    0.1468   -3.789e-05  -0.004064           -0.1399     -0.1749           0.8384      0.8885          0.2122          0.1178        0.9988     0.4083        0.002026
    0.025           94.36    1.25       5          0    0.1494       0.0249    0.01194           -0.1238     -0.1547           0.8543      0.8613          0.2016          0.1498        0.9952     0.2532        0.003992
     0.05           94.25    1.25       5          0     0.152      0.05028    0.02765            -0.108     -0.1349           0.8706      0.8305          0.1917          0.1877        0.9867     0.1293        0.007808
    0.075           94.13    1.25       5          0    0.1545      0.07625     0.0433          -0.09218     -0.1152           0.8873      0.7973          0.1818          0.2351        0.9587      0.057         0.01404
      0.1           94.01    1.25       5          0    0.1572       0.1025     0.0597          -0.07566    -0.09457           0.9055      0.7512          0.1723          0.2982         0.907    0.02017         0.02792
     0.15           93.81    1.25       5          0    0.1623       0.1532     0.0909          -0.04423    -0.05529           0.9399       0.664          0.1562          0.4686        0.6787   0.001833          0.1005
      0.2           93.58    1.25       5          0    0.1676       0.2052     0.1232          -0.01173    -0.01467           0.9747      0.5683          0.1401          0.7487        0.3425          0          0.3995
      0.3           93.17    1.25       5          0    0.1779       0.3076     0.1864           0.05193     0.06491            1.047      0.3725          0.1142           1.844         0.023          0           5.746
      0.4           92.72    1.25       5          0    0.1885        0.412     0.2509             0.117      0.1462            1.125      0.1993         0.09551           4.577     0.0003333          0           84.37
      0.6           91.87    1.25       5          0    0.2097       0.6186      0.379             0.246      0.3076            1.303      0.0315         0.06909           27.16             0          0        1.56e+04

=== 15m P2|B|10
 edge_pct  trades_per_30d  mean_N  mean_L  liq_share  tp_share  drift_H_pct  gross_pct  net_notional_pct  eq_ret_pct  30d_median_mult  30d_p_loss  30d_mdd_median  1y_median_mult  1y_p_below50  1y_p_ruin  IS_median_mult
        0           100.4     2.5      10  1.683e-05    0.3284    0.0009799  0.0006204           -0.1256     -0.3139           0.7077      0.9203          0.3575         0.01499             1     0.9912       4.723e-06
    0.025           100.4     2.5      10  1.683e-05    0.3331      0.02631    0.01298            -0.113     -0.2825           0.7316      0.9005          0.3424         0.02214             1     0.9735       1.431e-05
     0.05           100.4     2.5      10  1.684e-05    0.3378      0.05177    0.02513           -0.1006     -0.2515           0.7549      0.8788          0.3271         0.03209        0.9993     0.9315       3.941e-05
    0.075           100.3     2.5      10  1.685e-05    0.3424       0.0782    0.03732          -0.08819     -0.2205           0.7805      0.8497          0.3131         0.04699         0.998     0.8463       0.0001196
      0.1           100.3     2.5      10  1.686e-05    0.3473       0.1045    0.04999          -0.07528     -0.1882           0.8037      0.8132          0.2991          0.0696        0.9962      0.712       0.0003938
     0.15           100.2     2.5      10  1.406e-05    0.3566       0.1555    0.07455          -0.05026     -0.1256           0.8565      0.7355          0.2723          0.1507        0.9662     0.3897        0.003855
      0.2           100.1     2.5      10  1.407e-05    0.3659       0.2079    0.09933          -0.02503    -0.06257           0.9124      0.6383          0.2459          0.3233        0.8273     0.1258         0.03546
      0.3            99.9     2.5      10   1.41e-05    0.3843       0.3116     0.1484           0.02497     0.06242             1.03      0.4523          0.2026           1.488        0.2762   0.001667           3.412
      0.4            99.7     2.5      10  1.413e-05    0.4031       0.4167     0.1985           0.07593      0.1898            1.171      0.2572          0.1692           7.046       0.02567          0           246.4
      0.6           99.34     2.5      10  1.701e-05    0.4406       0.6239     0.2974            0.1768      0.4419            1.504      0.0435          0.1237           145.2             0          0       2.163e+06

=== 15m P2|C|10
 edge_pct  trades_per_30d  mean_N  mean_L  liq_share  tp_share  drift_H_pct  gross_pct  net_notional_pct  eq_ret_pct  30d_median_mult  30d_p_loss  30d_mdd_median  1y_median_mult  1y_p_below50  1y_p_ruin  IS_median_mult
        0           88.23     2.5      10          0    0.3765   -0.0004058     0.0115           -0.1135     -0.2838           0.7464      0.8343          0.3621         0.02588        0.9997      0.921       2.815e-05
    0.025           88.34     2.5      10          0    0.3818      0.02463    0.02988          -0.09488     -0.2372           0.7781      0.8028          0.3445         0.04336        0.9957       0.83       0.0001149
     0.05           88.44     2.5      10          0    0.3872      0.05083    0.04847            -0.076       -0.19           0.8108      0.7623          0.3265         0.07216          0.99     0.6937       0.0005259
    0.075           88.54     2.5      10          0    0.3925      0.07782    0.06713          -0.05706     -0.1427           0.8445      0.7165          0.3116          0.1205        0.9615     0.5157        0.003039
      0.1           88.66     2.5      10          0     0.398       0.1039    0.08577          -0.03814    -0.09536           0.8849      0.6662          0.2954          0.2007         0.911     0.3327          0.0142
     0.15           88.87     2.5      10          0    0.4088       0.1549     0.1226        -0.0007945   -0.001986            0.957      0.5558          0.2689          0.5533         0.696      0.091          0.2288
      0.2           89.09     2.5      10          0    0.4196       0.2068     0.1597           0.03695     0.09237            1.043       0.443          0.2431           1.562         0.378    0.01283           4.487
      0.3           89.51     2.5      10          0     0.441       0.3106     0.2328            0.1112       0.278             1.23      0.2403          0.2008           12.29       0.04483  0.0001667            1491
      0.4           89.94     2.5      10          0    0.4625       0.4154     0.3073            0.1868       0.467            1.458       0.103          0.1688           100.4      0.005333          0       8.024e+05
      0.6           90.81     2.5      10          0     0.506       0.6223     0.4558            0.3376      0.8439            2.066    0.005167          0.1233            6995             0          0       1.664e+11

=== 15m P3|A|10
 edge_pct  trades_per_30d  mean_N  mean_L  liq_share  tp_share  drift_H_pct  gross_pct  net_notional_pct  eq_ret_pct  30d_median_mult  30d_p_loss  30d_mdd_median  1y_median_mult  1y_p_below50  1y_p_ruin  IS_median_mult
        0           96.52       4      20    0.02313    0.5878    -0.001278    0.01274           -0.1108     -0.4432           0.5976      0.8817          0.5094        0.001483             1     0.9982       7.786e-09
    0.025           96.69       4      20    0.02269    0.5939      0.02383    0.02564          -0.09738     -0.3895            0.628       0.856          0.4919        0.002825             1     0.9947       4.919e-08
     0.05           96.85       4      20    0.02221    0.5998      0.05007    0.03837          -0.08414     -0.3366           0.6607        0.83          0.4719        0.005349        0.9995     0.9813       2.337e-07
    0.075           97.01       4      20    0.02179    0.6056      0.07694    0.05103          -0.07099      -0.284           0.6995      0.8007          0.4554         0.01022        0.9988     0.9535       1.886e-06
      0.1           97.18       4      20     0.0213    0.6116       0.1031    0.06404          -0.05745     -0.2298           0.7363      0.7637          0.4363         0.01983        0.9957     0.8995       1.536e-05
     0.15           97.52       4      20    0.02039    0.6236       0.1542    0.08941          -0.03105     -0.1242           0.8237      0.6813          0.4035         0.07252         0.966     0.6913       0.0004308
      0.2           97.85       4      20    0.01945    0.6353       0.2063     0.1146         -0.004868    -0.01947           0.9105      0.5875          0.3726          0.2606        0.8595      0.389         0.02029
      0.3           98.51       4      20    0.01765    0.6587       0.3094     0.1644           0.04696      0.1878            1.123      0.4002          0.3165           3.341        0.4042    0.03283           45.11
      0.4           99.17       4      20    0.01569    0.6825       0.4151     0.2159            0.1005       0.402             1.39      0.2157          0.2718           48.35       0.09017      0.001       9.016e+04
      0.6           100.6       4      20     0.0119    0.7302        0.622     0.3181            0.2069      0.8276            2.172      0.0275          0.2031       1.114e+04        0.0045          0       6.509e+11

=== 15m P3|B|10
 edge_pct  trades_per_30d  mean_N  mean_L  liq_share  tp_share  drift_H_pct  gross_pct  net_notional_pct  eq_ret_pct  30d_median_mult  30d_p_loss  30d_mdd_median  1y_median_mult  1y_p_below50  1y_p_ruin  IS_median_mult
        0           108.7       4      20  0.0003863    0.5147    0.0002695   0.004401            -0.112     -0.4478           0.5865      0.9515          0.4792        0.001399             1          1       4.403e-09
    0.025           108.7       4      20  0.0003759    0.5198      0.02583    0.01252           -0.1036     -0.4143           0.6093      0.9393          0.4633        0.002209             1          1       1.976e-08
     0.05           108.7       4      20  0.0003733    0.5247      0.05137    0.02037          -0.09549     -0.3819           0.6285       0.926          0.4465        0.003373             1     0.9995       6.413e-08
    0.075           108.7       4      20  0.0003706    0.5297      0.07774    0.02818          -0.08742     -0.3497           0.6508      0.9112          0.4315         0.00517             1      0.997       1.799e-07
      0.1           108.7       4      20  0.0003628     0.535       0.1038    0.03669          -0.07865     -0.3146           0.6775      0.8888          0.4166        0.008378             1     0.9918       8.868e-07
     0.15           108.7       4      20  0.0003576    0.5452       0.1548    0.05269          -0.06213     -0.2485           0.7298      0.8417          0.3858         0.02019        0.9995     0.9507       1.224e-05
      0.2           108.7       4      20  0.0003523    0.5552       0.2072    0.06861           -0.0457     -0.1828           0.7858      0.7848          0.3571         0.04861        0.9925      0.803       0.0001664
      0.3           108.8       4      20  0.0003289    0.5753       0.3103     0.1006          -0.01275    -0.05098           0.9052       0.627          0.3021          0.2805        0.8542      0.249         0.02188
      0.4           108.8       4      20  0.0003158    0.5959       0.4155     0.1332            0.0209      0.0836            1.047      0.4402           0.255           1.705        0.3713    0.01367           4.689
      0.6           108.9       4      20  0.0002767    0.6364       0.6224     0.1976           0.08743      0.3497            1.395      0.1335          0.1884            60.1         0.008          0       1.624e+05

=== 15m P3|C|10
 edge_pct  trades_per_30d  mean_N  mean_L  liq_share  tp_share  drift_H_pct  gross_pct  net_notional_pct  eq_ret_pct  30d_median_mult  30d_p_loss  30d_mdd_median  1y_median_mult  1y_p_below50  1y_p_ruin  IS_median_mult
        0           98.73       4      20          0    0.5786   -0.0006795   0.009094           -0.1047      -0.419           0.6126      0.8998          0.4824        0.002573             1      0.999       2.864e-08
    0.025           98.86       4      20          0    0.5847       0.0247    0.02125          -0.09228     -0.3691           0.6446      0.8745          0.4627        0.004686             1     0.9927       1.821e-07
     0.05           98.98       4      20          0    0.5903      0.05077    0.03309          -0.08013     -0.3205           0.6811      0.8483          0.4438        0.008477             1     0.9788       9.879e-07
    0.075           99.11       4      20          0    0.5961       0.0777    0.04493            -0.068      -0.272           0.7149      0.8175          0.4253         0.01562         0.999     0.9502       5.256e-06
      0.1           99.25       4      20          0    0.6021       0.1038    0.05719          -0.05543     -0.2217            0.752       0.779          0.4057         0.02853        0.9948      0.882       3.161e-05
     0.15           99.52       4      20          0    0.6138       0.1549    0.08104          -0.03096     -0.1238           0.8327      0.6903          0.3704         0.09477        0.9665     0.6205        0.001091
      0.2           99.77       4      20          0    0.6252       0.2075     0.1043         -0.007103    -0.02841           0.9131      0.5903          0.3381          0.3051        0.8393     0.2837         0.03592
      0.3           100.3       4      20          0    0.6484       0.3108     0.1511           0.04087      0.1635            1.114      0.3888          0.2815           3.313        0.3032   0.009333           40.92
      0.4           100.8       4      20          0    0.6717       0.4167      0.199           0.09003      0.3601            1.358      0.1995           0.238           39.41       0.04383          0       4.824e+04
      0.6           101.9       4      20          0    0.7187       0.6245     0.2946            0.1881      0.7524            2.044     0.01783          0.1732            5843        0.0005          0       8.587e+10

=== 15m P3|B|30
 edge_pct  trades_per_30d  mean_N  mean_L  liq_share  tp_share  drift_H_pct  gross_pct  net_notional_pct  eq_ret_pct  30d_median_mult  30d_p_loss  30d_mdd_median  1y_median_mult  1y_p_below50  1y_p_ruin  IS_median_mult
        0           96.59       4      20  0.0008341    0.2164     0.001047  -0.002014           -0.1345     -0.5381           0.5443      0.9205          0.5423       0.0005707             1          1       2.724e-10
    0.025            96.5       4      20  0.0008173    0.2201      0.02603     0.0128           -0.1195     -0.4781           0.5757       0.901          0.5224        0.001169             1     0.9997       2.038e-09
     0.05           96.41       4      20  0.0008152    0.2236      0.05135    0.02719            -0.105     -0.4199           0.6081      0.8768          0.5024        0.002309             1     0.9962       1.256e-08
    0.075           96.33       4      20   0.000813    0.2272      0.07766    0.04182          -0.09017     -0.3607           0.6444       0.846           0.482        0.004653        0.9998     0.9865       1.314e-07
      0.1           96.23       4      20  0.0008021    0.2309       0.1037    0.05691          -0.07489     -0.2996           0.6834      0.8067          0.4641        0.009269        0.9988     0.9613       9.658e-07
     0.15           96.06       4      20  0.0007976    0.2379       0.1545    0.08592          -0.04555     -0.1822           0.7682      0.7248          0.4261         0.03662        0.9883     0.8222       4.402e-05
      0.2           95.89       4      20  0.0007902    0.2452       0.2067     0.1158          -0.01532    -0.06127           0.8576      0.6335          0.3889          0.1556        0.9177      0.508        0.002892
      0.3           95.57       4      20  0.0007457    0.2595       0.3096     0.1743           0.04389      0.1755             1.07      0.4365          0.3273           2.432        0.4652    0.04617           10.48
      0.4           95.22       4      20  0.0007219    0.2741       0.4148     0.2342            0.1045      0.4181            1.332      0.2467          0.2767            40.8        0.1082  0.0003333       3.591e+04
      0.6           94.54       4      20  0.0006198    0.3031       0.6222     0.3524            0.2241      0.8963            2.093     0.04317          0.2038            9443      0.004833          0       3.755e+11

=== 15m P3|B|100
 edge_pct  trades_per_30d  mean_N  mean_L  liq_share  tp_share  drift_H_pct  gross_pct  net_notional_pct  eq_ret_pct  30d_median_mult  30d_p_loss  30d_mdd_median  1y_median_mult  1y_p_below50  1y_p_ruin  IS_median_mult
        0           91.57       4      20   0.001424   0.02315   -0.0003982   -0.01147           -0.1544     -0.6176           0.4977      0.9133          0.5901       0.0002066             1          1       1.762e-11
    0.025           91.41       4      20   0.001402   0.02356      0.02469   0.006492           -0.1364     -0.5457           0.5289       0.894          0.5686       0.0004514             1     0.9998       1.868e-10
     0.05           91.25       4      20   0.001395   0.02399      0.04942    0.02336           -0.1196     -0.4782           0.5646      0.8693          0.5512        0.000964             1     0.9975       2.204e-09
    0.075           91.11       4      20   0.001379   0.02447      0.07493    0.04067           -0.1022     -0.4089           0.6002      0.8458          0.5295        0.002116        0.9998     0.9917       1.821e-08
      0.1           90.94       4      20   0.001372   0.02492       0.1008    0.05835          -0.08454     -0.3382           0.6423      0.8168          0.5086         0.00464         0.999      0.978       1.646e-07
     0.15           90.66       4      20   0.001358   0.02584       0.1513    0.09265          -0.05023     -0.2009           0.7269      0.7397          0.4717         0.02067        0.9887     0.8793       1.388e-05
      0.2           90.36       4      20   0.001328   0.02681        0.203     0.1286          -0.01425    -0.05699           0.8206      0.6468          0.4338          0.1037        0.9412      0.628        0.001213
      0.3           89.78       4      20   0.001258    0.0287       0.3042     0.1984            0.0556      0.2224            1.044      0.4655          0.3661           2.177        0.5743     0.1137           9.868
      0.4           89.17       4      20   0.001229   0.03061        0.407     0.2687             0.126      0.5039            1.324      0.2827           0.311           44.43        0.1818   0.004167       5.483e+04
      0.6           88.02       4      20   0.001069   0.03456       0.6127     0.4115            0.2689       1.076            2.135     0.06367          0.2275       1.719e+04        0.0105          0       2.055e+12

=== 15m P4|A|10
 edge_pct  trades_per_30d  mean_N  mean_L  liq_share  tp_share  drift_H_pct  gross_pct  net_notional_pct  eq_ret_pct  30d_median_mult  30d_p_loss  30d_mdd_median  1y_median_mult  1y_p_below50  1y_p_ruin  IS_median_mult
        0           111.9      20      50     0.1306    0.7421   -0.0005415   0.009436           -0.1513      -3.026         0.005056      0.9965          0.9965       4.938e-29             1          1       4.511e-83
    0.025             112      20      50     0.1282    0.7465      0.02479    0.01569           -0.1438      -2.876         0.006182      0.9962          0.9959        5.34e-28             1          1       4.426e-80
     0.05           112.1      20      50      0.126    0.7509      0.05082    0.02172           -0.1366      -2.732         0.007429      0.9953           0.995       5.372e-27             1          1        1.25e-77
    0.075           112.2      20      50     0.1238    0.7552      0.07742    0.02784           -0.1293      -2.586         0.009013      0.9945          0.9942       5.436e-26             1          1       2.854e-74
      0.1           112.4      20      50     0.1214    0.7598       0.1031    0.03423           -0.1216      -2.433          0.01093      0.9938           0.993       5.754e-25             1          1       9.712e-72
     0.15           112.6      20      50      0.117    0.7689       0.1546     0.0466           -0.1069      -2.138          0.01616      0.9893          0.9897       6.565e-23             1          1       1.321e-65
      0.2           112.8      20      50     0.1127    0.7776       0.2067    0.05844          -0.09278      -1.856          0.02425       0.981          0.9858       5.994e-21             1          1       5.782e-60
      0.3           113.3      20      50     0.1038    0.7951       0.3099    0.08272          -0.06375      -1.275          0.05324      0.9502          0.9727       7.489e-17             1          1       1.923e-48
      0.4           113.8      20      50    0.09479    0.8129        0.414     0.1074          -0.03428     -0.6856           0.1185      0.8928          0.9481       1.131e-12             1          1       1.044e-36
      0.6           114.8      20      50    0.07712    0.8482       0.6202      0.156           0.02379      0.4758           0.5689      0.6297          0.8568       0.0002354        0.9867     0.9497       1.076e-11

=== 15m P4|B|10
 edge_pct  trades_per_30d  mean_N  mean_L  liq_share  tp_share  drift_H_pct  gross_pct  net_notional_pct  eq_ret_pct  30d_median_mult  30d_p_loss  30d_mdd_median  1y_median_mult  1y_p_below50  1y_p_ruin  IS_median_mult
        0           118.6      20      50    0.02093    0.6838   -0.0003992   0.008104           -0.1079      -2.159          0.03078      0.9963          0.9767       1.668e-19             1          1       2.037e-55
    0.025           118.6      20      50    0.02075    0.6876      0.02481     0.0123           -0.1035      -2.069          0.03488       0.995          0.9744       6.873e-19             1          1       8.784e-54
     0.05           118.7      20      50    0.02057    0.6915      0.05055    0.01653          -0.09897      -1.979          0.03893      0.9945           0.971       2.685e-18             1          1        4.16e-52
    0.075           118.7      20      50     0.0204    0.6953      0.07686    0.02075          -0.09448       -1.89          0.04317      0.9925          0.9682       1.125e-17             1          1       6.587e-50
      0.1           118.7      20      50    0.02015    0.6994       0.1024    0.02527          -0.08964      -1.793          0.04921      0.9912          0.9644       4.894e-17             1          1       2.026e-48
     0.15           118.8      20      50    0.01981    0.7075       0.1535     0.0339          -0.08046      -1.609          0.06354      0.9832          0.9565       9.059e-16             1          1        1.06e-44
      0.2           118.9      20      50    0.01942    0.7153       0.2055    0.04226          -0.07154      -1.431          0.08028      0.9783          0.9467       1.538e-14             1          1       2.544e-41
      0.3           119.1      20      50    0.01861    0.7306       0.3082    0.05898          -0.05369      -1.074           0.1254      0.9492          0.9221       4.027e-12             1          1       2.044e-34
      0.4           119.2      20      50    0.01776    0.7465       0.4123    0.07624          -0.03527     -0.7054           0.2035      0.9025          0.8869       1.311e-09             1          1       1.056e-26
      0.6           119.5      20      50    0.01633    0.7777       0.6175     0.1103         0.0009618     0.01924           0.5144      0.7053          0.7877       0.0001369        0.9958     0.9753       2.512e-12

=== 15m P4|C|10
 edge_pct  trades_per_30d  mean_N  mean_L  liq_share  tp_share  drift_H_pct  gross_pct  net_notional_pct  eq_ret_pct  30d_median_mult  30d_p_loss  30d_mdd_median  1y_median_mult  1y_p_below50  1y_p_ruin  IS_median_mult
        0             118      20      50          0    0.6616   -0.0003294   0.005623           -0.1026      -2.051           0.0445      0.9973          0.9656       2.834e-17             1          1       8.675e-49
    0.025           118.1      20      50          0    0.6655      0.02491   0.009711          -0.09828      -1.966          0.04922      0.9962          0.9617       1.053e-16             1          1       5.766e-47
     0.05           118.1      20      50          0    0.6696      0.05084    0.01392          -0.09387      -1.877          0.05554       0.994          0.9579       4.006e-16             1          1       9.821e-46
    0.075           118.2      20      50          0    0.6734      0.07726    0.01797          -0.08962      -1.792          0.06046       0.992          0.9536       1.468e-15             1          1       7.487e-44
      0.1           118.2      20      50          0    0.6776        0.103    0.02227          -0.08511      -1.702          0.06824      0.9908          0.9489       6.036e-15             1          1       2.273e-42
     0.15           118.3      20      50          0    0.6856       0.1543    0.03057           -0.0764      -1.528          0.08585      0.9848          0.9371       8.925e-14             1          1       5.987e-39
      0.2           118.4      20      50          0    0.6932       0.2064    0.03846          -0.06813      -1.363           0.1058      0.9763          0.9243       1.106e-12             1          1        1.77e-35
      0.3           118.6      20      50          0    0.7088       0.3097     0.0546          -0.05119      -1.024           0.1637      0.9493          0.8915       1.821e-10             1          1       6.843e-29
      0.4           118.8      20      50          0    0.7248        0.414    0.07117          -0.03382     -0.6763           0.2539      0.8997          0.8488       3.686e-08             1          1       2.331e-22
      0.6           119.2      20      50          0    0.7563        0.621     0.1039         0.0005233     0.01047           0.6094      0.6833          0.7329         0.00141        0.9882     0.9393       9.889e-09

=== 15m P4|B|100
 edge_pct  trades_per_30d  mean_N  mean_L  liq_share  tp_share  drift_H_pct  gross_pct  net_notional_pct  eq_ret_pct  30d_median_mult  30d_p_loss  30d_mdd_median  1y_median_mult  1y_p_below50  1y_p_ruin  IS_median_mult
        0           95.01      20      50    0.06327    0.1412    2.616e-05  -0.006011           -0.1693      -3.386         0.003222      0.9928          0.9979       3.795e-32             1          1       2.196e-93
    0.025           94.89      20      50    0.06266    0.1438      0.02522   0.009381           -0.1535       -3.07         0.004361      0.9912          0.9973       1.756e-30             1          1       1.617e-88
     0.05           94.78      20      50    0.06201    0.1463      0.05076    0.02446            -0.138      -2.761         0.006009      0.9877          0.9964       7.392e-29             1          1       1.622e-83
    0.075           94.66      20      50    0.06145    0.1488      0.07722    0.03961           -0.1225      -2.451         0.007948      0.9835          0.9956       2.473e-27             1          1       2.454e-79
      0.1           94.53      20      50    0.06075    0.1515       0.1038    0.05544           -0.1063      -2.125          0.01075       0.977          0.9943       1.208e-25             1          1        2.51e-74
     0.15           94.32      20      50    0.05965    0.1564       0.1548    0.08552           -0.0755       -1.51          0.01993      0.9588          0.9906       1.541e-22             1          1       3.373e-65
      0.2           94.09      20      50     0.0584    0.1616       0.2073     0.1163          -0.04398     -0.8797          0.03625      0.9237          0.9853       2.435e-19             1          1       1.892e-55
      0.3           93.66      20      50    0.05578    0.1716       0.3101      0.177           0.01829      0.3658           0.1113      0.8278          0.9658       4.136e-13             1     0.9995       8.892e-37
      0.4           93.21      20      50    0.05343     0.182       0.4152     0.2389           0.08169       1.634            0.358      0.6802          0.9326       8.808e-07         0.995     0.9825       7.789e-19
      0.6           92.34      20      50    0.04876    0.2025       0.6225     0.3612             0.207       4.139            3.415      0.2913          0.8277       1.253e+06        0.6782     0.3478       2.179e+18

=== 15m P5|A|10
 edge_pct  trades_per_30d  mean_N  mean_L  liq_share  tp_share  drift_H_pct  gross_pct  net_notional_pct  eq_ret_pct  30d_median_mult  30d_p_loss  30d_mdd_median  1y_median_mult  1y_p_below50  1y_p_ruin  IS_median_mult
        0           108.3   11.67   41.97    0.09891    0.7378    -0.001067     0.0143           -0.1333      -1.611          0.09647      0.9867          0.9259       3.067e-13             1          1       6.236e-37
    0.025           108.4   11.67   41.97    0.09681    0.7427      0.02414    0.02223           -0.1242      -1.507           0.1102      0.9817          0.9176       1.317e-12             1          1        7.43e-35
     0.05           108.6   11.67   41.97     0.0948    0.7477      0.05006    0.03016           -0.1152      -1.404           0.1243      0.9765          0.9082        5.78e-12             1          1       3.928e-33
    0.075           108.7   11.67   41.98     0.0928    0.7525      0.07627    0.03782           -0.1064      -1.303            0.141       0.971          0.8985       2.499e-11             1          1       2.147e-31
      0.1           108.9   11.67   41.98    0.09073    0.7576       0.1018    0.04603          -0.09702      -1.198           0.1584      0.9623          0.8874       1.104e-10             1          1       1.111e-29
     0.15           109.2   11.67   41.98    0.08668    0.7677       0.1528    0.06204          -0.07874     -0.9865           0.2017      0.9422          0.8625       2.373e-09             1          1       6.833e-26
      0.2           109.5   11.67   41.98    0.08287    0.7773       0.2042    0.07721          -0.06142     -0.7879            0.256      0.9092          0.8355       4.316e-08             1     0.9998       3.187e-22
      0.3             110   11.68   41.99    0.07503    0.7966       0.3067     0.1081          -0.02611     -0.3861           0.4189      0.8093          0.7655       1.571e-05        0.9998     0.9988       5.573e-15
      0.4           110.7   11.68   41.99    0.06688    0.8163       0.4105     0.1399           0.01018     0.02772           0.6857      0.6523          0.6788        0.006801        0.9803     0.8973       2.252e-07
      0.6           111.9   11.68      42    0.05095    0.8554       0.6158     0.2026           0.08181       0.841            1.861       0.242          0.5114            1356        0.3387    0.04133       2.021e+09

=== 15m P5|B|10
 edge_pct  trades_per_30d  mean_N  mean_L  liq_share  tp_share  drift_H_pct  gross_pct  net_notional_pct  eq_ret_pct  30d_median_mult  30d_p_loss  30d_mdd_median  1y_median_mult  1y_p_below50  1y_p_ruin  IS_median_mult
        0             117   11.74    42.1  0.0003637    0.6627   -0.0002759   0.008228           -0.1001      -1.219           0.1873      0.9935          0.8426       1.401e-09             1          1        1.34e-26
    0.025             117   11.74    42.1  0.0003539    0.6669      0.02495    0.01324          -0.09491      -1.161           0.2017      0.9912           0.833       3.378e-09             1          1        1.44e-25
     0.05           117.1   11.74    42.1   0.000349    0.6712      0.05046     0.0183          -0.08962      -1.102           0.2174      0.9877          0.8211       7.811e-09             1          1       1.781e-24
    0.075           117.1   11.74    42.1  0.0003464    0.6752       0.0766    0.02321          -0.08451      -1.045           0.2319       0.984          0.8107       1.825e-08             1          1       2.686e-23
      0.1           117.1   11.74    42.1  0.0003415    0.6797       0.1021    0.02869           -0.0788     -0.9824           0.2489      0.9783           0.797       4.554e-08             1          1       2.836e-22
     0.15           117.2   11.74   42.09  0.0003341    0.6885       0.1527    0.03894           -0.0681     -0.8604           0.2908      0.9657          0.7702       2.704e-07             1          1       5.367e-20
      0.2           117.3   11.74   42.09  0.0003291    0.6969       0.2043    0.04891           -0.0577     -0.7428           0.3353       0.949          0.7408       1.577e-06             1          1         7.5e-18
      0.3           117.5   11.74   42.09   0.000307    0.7134       0.3065    0.06876            -0.037     -0.5102           0.4414      0.8843          0.6777       4.587e-05             1     0.9997       2.343e-13
      0.4           117.6   11.74   42.09  0.0002945    0.7307       0.4104    0.08939           -0.0155       -0.27           0.5895       0.782          0.6061        0.001591        0.9982      0.982       5.131e-09
      0.6             118   11.73   42.09  0.0002555    0.7647       0.6152     0.1303           0.02718      0.2053            1.055      0.4652          0.4634           1.857        0.6738     0.2233           4.634

=== 15m P5|C|10
 edge_pct  trades_per_30d  mean_N  mean_L  liq_share  tp_share  drift_H_pct  gross_pct  net_notional_pct  eq_ret_pct  30d_median_mult  30d_p_loss  30d_mdd_median  1y_median_mult  1y_p_below50  1y_p_ruin  IS_median_mult
        0           114.7   11.66   41.98          0    0.6817   -0.0002622    0.00835          -0.09905      -1.191           0.1918      0.9875          0.8419       1.818e-09             1          1       3.115e-26
    0.025           114.8   11.66   41.98          0    0.6861      0.02495    0.01383          -0.09335      -1.123           0.2079       0.986          0.8315       4.807e-09             1          1       5.375e-25
     0.05           114.9   11.66   41.98          0    0.6906      0.05069    0.01945           -0.0875      -1.054           0.2251       0.981           0.818       1.318e-08             1          1       7.744e-24
    0.075           114.9   11.66   41.98          0    0.6949      0.07706    0.02493           -0.0818     -0.9871           0.2462      0.9743          0.8064       3.466e-08             1          1       1.419e-22
      0.1             115   11.66   41.98          0    0.6996       0.1027    0.03092          -0.07557      -0.916           0.2664      0.9643          0.7911       9.554e-08             1          1       2.222e-21
     0.15           115.1   11.66   41.98          0    0.7088       0.1536    0.04226          -0.06376     -0.7754           0.3162      0.9477          0.7576       7.588e-07             1          1       1.412e-18
      0.2           115.2   11.66   41.99          0    0.7175       0.2055    0.05321          -0.05237       -0.64           0.3769      0.9192          0.7249       5.436e-06             1     0.9998       4.233e-16
      0.3           115.5   11.66   41.99          0    0.7349       0.3079    0.07504          -0.02965     -0.3717           0.5165      0.8277          0.6513       0.0002661        0.9995      0.996       5.322e-11
      0.4           115.8   11.67      42          0     0.753        0.412    0.09782          -0.00594    -0.09384           0.7165      0.6852          0.5724         0.01523        0.9825     0.8712       4.515e-06
      0.6           116.3   11.67      42          0    0.7888       0.6179     0.1427           0.04079      0.4531            1.374      0.3102          0.4242           48.38        0.3463      0.031        1.52e+05

=== 15m P5|B|100
 edge_pct  trades_per_30d  mean_N  mean_L  liq_share  tp_share  drift_H_pct  gross_pct  net_notional_pct  eq_ret_pct  30d_median_mult  30d_p_loss  30d_mdd_median  1y_median_mult  1y_p_below50  1y_p_ruin  IS_median_mult
        0           92.79   11.84   42.21   0.001412   0.08542    0.0002411   -0.01054           -0.1502      -1.732           0.1067       0.974          0.9238       2.078e-12             1          1       6.635e-35
    0.025           92.66   11.84   42.21   0.001389   0.08735      0.02535    0.00709           -0.1325      -1.555           0.1277       0.963          0.9125       1.594e-11             1          1       1.492e-32
     0.05           92.52   11.84   42.21   0.001382   0.08907      0.05021    0.02363           -0.1159      -1.388           0.1476      0.9512          0.9002       1.043e-10             1          1        2.99e-30
    0.075            92.4   11.84   42.21   0.001366   0.09073      0.07578    0.04042          -0.09902      -1.219           0.1748      0.9357          0.8867       6.993e-10             1          1       1.304e-27
      0.1           92.25   11.84   42.21   0.001359   0.09254       0.1016    0.05789          -0.08148      -1.046           0.2054      0.9198          0.8715       4.756e-09             1          1       2.457e-25
     0.15           92.01   11.84   42.21   0.001341   0.09603       0.1521    0.09162          -0.04759      -0.707           0.2797      0.8647          0.8372       2.219e-07             1     0.9998       2.676e-20
      0.2           91.75   11.84   42.21   0.001311   0.09968       0.2038     0.1267          -0.01235     -0.3593           0.3892      0.7935          0.7997       1.042e-05         0.999      0.997       1.544e-15
      0.3           91.26   11.84   42.21   0.001241    0.1067       0.3051     0.1951           0.05637      0.3191            0.724       0.613          0.7144         0.01704        0.9645     0.8433       6.234e-06
      0.4           90.73   11.84    42.2   0.001208    0.1138       0.4083     0.2641            0.1257       1.013             1.31      0.4018           0.632           34.96        0.6798      0.279       1.772e+04
      0.6           89.74   11.83    42.2   0.001045    0.1284       0.6139     0.4038            0.2661       2.398            4.496     0.08833          0.4838       9.491e+07        0.1595   0.004333       1.118e+23

=== 15m P5c|A|10
 edge_pct  trades_per_30d  mean_N  mean_L  liq_share  tp_share  drift_H_pct  gross_pct  net_notional_pct  eq_ret_pct  30d_median_mult  30d_p_loss  30d_mdd_median  1y_median_mult  1y_p_below50  1y_p_ruin  IS_median_mult
        0           108.3   8.394   41.97    0.09891    0.7378    -0.001067     0.0143           -0.1333      -1.151            0.212      0.9793          0.8293        5.22e-09             1          1       1.235e-24
    0.025           108.4   8.595   41.97    0.09681    0.7427      0.02414    0.02223           -0.1242       -1.03           0.2432      0.9673          0.8104       2.497e-08             1          1       7.539e-23
     0.05           108.6     8.8   41.97     0.0948    0.7477      0.05006    0.03016           -0.1152     -0.9087           0.2771      0.9508          0.7893       1.237e-07             1          1        7.84e-21
    0.075           108.7   8.997   41.98     0.0928    0.7525      0.07627    0.03782           -0.1064     -0.7902           0.3123      0.9322          0.7694       5.807e-07             1          1       8.711e-19
      0.1           108.9   9.197   41.98    0.09073    0.7576       0.1018    0.04603          -0.09702     -0.6671           0.3561      0.9067          0.7475       2.914e-06             1          1       6.658e-17
     0.15           109.2   9.598   41.98    0.08668    0.7677       0.1528    0.06204          -0.07874     -0.4214           0.4635      0.8272          0.6995       7.703e-05             1     0.9977       1.569e-12
      0.2           109.5      10   41.98    0.08287    0.7773       0.2042    0.07721          -0.06142     -0.1857           0.6025      0.7295          0.6499        0.001783         0.996     0.9638       8.384e-09
      0.3             110    10.8   41.99    0.07503    0.7966       0.3067     0.1081          -0.02611      0.2901            1.029      0.4878          0.5566           0.977         0.804     0.4298           1.243
      0.4           110.7    11.6   41.99    0.06688    0.8163       0.4105     0.1399           0.01018      0.7747             1.74      0.2522          0.4883           712.8        0.3375    0.03817       1.744e+08
      0.6           111.9    13.2      42    0.05095    0.8554       0.6158     0.2026           0.08181       1.738            5.221     0.03733          0.4121       4.067e+08       0.06933  0.0003333       1.971e+25

=== 15m P5c|B|10
 edge_pct  trades_per_30d  mean_N  mean_L  liq_share  tp_share  drift_H_pct  gross_pct  net_notional_pct  eq_ret_pct  30d_median_mult  30d_p_loss  30d_mdd_median  1y_median_mult  1y_p_below50  1y_p_ruin  IS_median_mult
        0             117   8.419    42.1  0.0003637    0.6627   -0.0002759   0.008228           -0.1001     -0.8594           0.3172      0.9882           0.725       8.937e-07             1          1       1.834e-18
    0.025             117   8.622    42.1  0.0003539    0.6669      0.02495    0.01324          -0.09491     -0.7941           0.3403      0.9803          0.7091       2.113e-06             1          1       3.454e-17
     0.05           117.1   8.824    42.1   0.000349    0.6712      0.05046     0.0183          -0.08962     -0.7275           0.3678      0.9692          0.6911       5.169e-06             1          1       4.801e-16
    0.075           117.1   9.021    42.1  0.0003464    0.6752       0.0766    0.02321          -0.08451     -0.6644           0.3948      0.9558          0.6766       1.181e-05             1          1       3.941e-15
      0.1           117.1   9.222    42.1  0.0003415    0.6797       0.1021    0.02869           -0.0788     -0.5955           0.4261      0.9353          0.6598       2.937e-05             1     0.9998       5.066e-14
     0.15           117.2   9.622   42.09  0.0003341    0.6885       0.1527    0.03894           -0.0681     -0.4606           0.4918      0.8893          0.6229       0.0001813             1     0.9993        1.29e-11
      0.2           117.3   10.03   42.09  0.0003291    0.6969       0.2043    0.04891           -0.0577     -0.3295           0.5716      0.8205          0.5928        0.001109        0.9998      0.993       1.272e-09
      0.3           117.5   10.82   42.09   0.000307    0.7134       0.3065    0.06876            -0.037    -0.07145           0.7563      0.6632          0.5334         0.03421        0.9733     0.8027       4.021e-05
      0.4           117.6   11.62   42.09  0.0002945    0.7307       0.4104    0.08939           -0.0155       0.196            1.024       0.482          0.4869           1.263        0.7332      0.295           1.241
      0.6             118   13.23   42.09  0.0002555    0.7647       0.6152     0.1303           0.02718      0.7237            1.806      0.2012          0.4278            1592        0.2088   0.007667       1.931e+09

=== 15m P5c|C|10
 edge_pct  trades_per_30d  mean_N  mean_L  liq_share  tp_share  drift_H_pct  gross_pct  net_notional_pct  eq_ret_pct  30d_median_mult  30d_p_loss  30d_mdd_median  1y_median_mult  1y_p_below50  1y_p_ruin  IS_median_mult
        0           114.7   8.396   41.98          0    0.6817   -0.0002622    0.00835          -0.09905     -0.8452           0.3268      0.9813          0.7224       1.188e-06             1          1       7.573e-18
    0.025           114.8   8.597   41.98          0    0.6861      0.02495    0.01383          -0.09335     -0.7698           0.3527       0.972          0.7034       3.181e-06             1          1       1.321e-16
     0.05           114.9     8.8   41.98          0    0.6906      0.05069    0.01945           -0.0875     -0.6917           0.3851      0.9582          0.6833       8.936e-06             1          1       2.123e-15
    0.075           114.9   8.997   41.98          0    0.6949      0.07706    0.02493           -0.0818     -0.6176           0.4167      0.9368          0.6637       2.381e-05             1     0.9998       3.064e-14
      0.1             115   9.197   41.98          0    0.6996       0.1027    0.03092          -0.07557     -0.5377           0.4581      0.9108          0.6434       6.836e-05        0.9998     0.9998       8.879e-13
     0.15           115.1   9.596   41.98          0    0.7088       0.1536    0.04226          -0.06376     -0.3812           0.5442      0.8497          0.5993       0.0005551        0.9998     0.9967       3.449e-10
      0.2           115.2   9.999   41.99          0    0.7175       0.2055    0.05321          -0.05237     -0.2284           0.6482       0.768          0.5611        0.004434        0.9967     0.9623       1.422e-07
      0.3           115.5    10.8   41.99          0    0.7349       0.3079    0.07504          -0.02965     0.07279           0.8973      0.5683           0.497          0.2441        0.8772     0.5143         0.01129
      0.4           115.8    11.6      42          0     0.753        0.412    0.09782          -0.00594      0.3843            1.269      0.3613          0.4496           16.04         0.459    0.07817            3108
      0.6           116.3    13.2      42          0    0.7888       0.6179     0.1427           0.04079       0.997            2.488      0.1105          0.3889       6.527e+04        0.1035  0.0006667        7.69e+13

=== 15m P6|B|none
 edge_pct  trades_per_30d  mean_N  mean_L  liq_share  tp_share  drift_H_pct  gross_pct  net_notional_pct  eq_ret_pct  30d_median_mult  30d_p_loss  30d_mdd_median  1y_median_mult  1y_p_below50  1y_p_ruin  IS_median_mult
        0            91.1   1.128   9.993          0         0     -0.00062   -0.01931           -0.1628     -0.1734           0.8437       0.917           0.192          0.1353        0.9997     0.2415        0.002873
    0.025           90.94   1.128   9.993          0         0      0.02434  -0.001505           -0.1451     -0.1567           0.8575      0.8983          0.1829          0.1633        0.9975     0.1245        0.005396
     0.05           90.77   1.128   9.993          0         0      0.04883    0.01538           -0.1282     -0.1405           0.8716      0.8747          0.1735          0.1963        0.9917    0.05133        0.009127
    0.075           90.62   1.128   9.993          0         0      0.07426    0.03284           -0.1107     -0.1241           0.8854      0.8507          0.1644          0.2356        0.9778    0.01917         0.01488
      0.1           90.45   1.128   9.993          0         0          0.1    0.05086          -0.09274     -0.1072            0.899      0.8163          0.1563          0.2837        0.9413   0.004333         0.02601
     0.15           90.15   1.128   9.993          0         0       0.1502    0.08552          -0.05811    -0.07445           0.9254        0.74          0.1395          0.4078        0.7722  0.0003333         0.07468
      0.2           89.84   1.129   9.993          0         0       0.2016     0.1215          -0.02221    -0.04089           0.9566      0.6512          0.1253          0.5883        0.4497          0          0.2036
      0.3           89.23   1.129   9.993          0         0       0.3022     0.1914           0.04764     0.02471            1.013      0.4525           0.101           1.206       0.03867          0           1.714
      0.4           88.59   1.129   9.993          0         0       0.4039     0.2622            0.1183      0.0918            1.075       0.279         0.08244            2.48             0          0            13.9
      0.6           87.38    1.13   9.993          0         0       0.6083     0.4047            0.2607      0.2255            1.205     0.05367         0.05726           10.02             0          0           799.2

=== 15m P6h|B|none
 edge_pct  trades_per_30d  mean_N  mean_L  liq_share  tp_share  drift_H_pct  gross_pct  net_notional_pct  eq_ret_pct  30d_median_mult  30d_p_loss  30d_mdd_median  1y_median_mult  1y_p_below50  1y_p_ruin  IS_median_mult
        0            91.1  0.5639   9.993          0         0     -0.00062   -0.01931           -0.1628    -0.08671             0.92      0.9133          0.1003          0.3748        0.9327          0         0.05652
    0.025           90.94   0.564   9.993          0         0      0.02434  -0.001505           -0.1451    -0.07836           0.9275      0.8943         0.09524          0.4116        0.8493          0         0.07747
     0.05           90.77  0.5641   9.993          0         0      0.04883    0.01538           -0.1282    -0.07028           0.9349      0.8672         0.09005          0.4516         0.729          0          0.1011
    0.075           90.62  0.5641   9.993          0         0      0.07426    0.03284           -0.1107    -0.06209           0.9424      0.8433         0.08517          0.4948        0.5718          0          0.1292
      0.1           90.45  0.5642   9.993          0         0          0.1    0.05086          -0.09274    -0.05364           0.9497      0.8073         0.08074          0.5432         0.395          0           0.171
     0.15           90.15  0.5643   9.993          0         0       0.1502    0.08552          -0.05811    -0.03724           0.9636        0.73         0.07172          0.6516        0.1238          0          0.2898
      0.2           89.84  0.5644   9.993          0         0       0.2016     0.1215          -0.02221    -0.02046           0.9796      0.6395         0.06409          0.7828        0.0185          0          0.4775
      0.3           89.23  0.5646   9.993          0         0       0.3022     0.1914           0.04764     0.01234            1.008      0.4433         0.05137           1.121             0          0           1.394
      0.4           88.59  0.5647   9.993          0         0       0.4039     0.2622            0.1183     0.04589            1.038      0.2705         0.04183           1.608             0          0           3.973
      0.6           87.38  0.5651   9.993          0         0       0.6083     0.4047            0.2607      0.1127              1.1     0.05133         0.02891           3.238             0          0           30.12

=== 15m P6|B|10
 edge_pct  trades_per_30d  mean_N  mean_L  liq_share  tp_share  drift_H_pct  gross_pct  net_notional_pct  eq_ret_pct  30d_median_mult  30d_p_loss  30d_mdd_median  1y_median_mult  1y_p_below50  1y_p_ruin  IS_median_mult
        0           100.4   1.106   9.991          0    0.3282     0.001027  0.0004207           -0.1258     -0.1444           0.8622       0.942          0.1681          0.1631             1    0.07633        0.004797
    0.025           100.4   1.106   9.991          0    0.3329      0.02635    0.01279           -0.1132     -0.1315           0.8736      0.9257          0.1592          0.1913        0.9987    0.03183         0.00738
     0.05           100.3   1.106   9.991          0    0.3375      0.05182      0.025           -0.1007     -0.1187           0.8845      0.9053          0.1507          0.2246         0.995     0.0105         0.01137
    0.075           100.3   1.106   9.991          0    0.3422      0.07819    0.03717          -0.08834     -0.1059           0.8967      0.8803          0.1425          0.2624        0.9845   0.001833         0.01892
      0.1           100.3   1.106   9.991          0     0.347       0.1045    0.04985          -0.07543    -0.09286           0.9076      0.8472          0.1347          0.3077        0.9533     0.0005         0.02907
     0.15           100.2   1.105   9.991          0    0.3564       0.1554    0.07448          -0.05034     -0.0672           0.9327      0.7722          0.1211          0.4201         0.767          0         0.07741
      0.2           100.1   1.105   9.991          0    0.3657       0.2078    0.09925          -0.02511    -0.04134           0.9562        0.68          0.1085          0.5741         0.422          0           0.194
      0.3           99.89   1.105   9.991          0    0.3841       0.3114     0.1484           0.02498    0.009739            1.008      0.4672         0.08628           1.069       0.02233          0           1.284
      0.4           99.69   1.104   9.991          0    0.4029       0.4165     0.1985           0.07598     0.06204            1.061      0.2615         0.07012           2.016             0          0           7.319
      0.6           99.33   1.103   9.991          0    0.4404       0.6237     0.2978            0.1771      0.1649            1.175     0.03917          0.0491           6.958             0          0           279.5

=== 1h P0|A|10
 edge_pct  trades_per_30d  mean_N  mean_L  liq_share  tp_share  drift_H_pct  gross_pct  net_notional_pct  eq_ret_pct  30d_median_mult  30d_p_loss  30d_mdd_median  1y_median_mult  1y_p_below50  1y_p_ruin  IS_median_mult
        0           23.37       1       1  4.821e-05   0.02604     -0.01668   0.003313           -0.1552     -0.1552           0.9564      0.6157          0.1443          0.5416        0.5752    0.01883          0.1564
    0.025           23.37       1       1   4.82e-05   0.02636     0.005255    0.02578           -0.1327     -0.1327           0.9618      0.6035          0.1424          0.5783        0.5363     0.0175          0.1815
     0.05           23.38       1       1   4.82e-05   0.02655       0.0295    0.04991           -0.1086     -0.1086           0.9664      0.5895          0.1403          0.6193        0.4942     0.0155          0.2296
    0.075           23.38       1       1   4.82e-05   0.02687      0.05585    0.07547            -0.083    -0.08299           0.9705      0.5782          0.1382          0.6629        0.4522     0.0135          0.2871
      0.1           23.38       1       1   4.82e-05   0.02715      0.08307     0.1025          -0.05594    -0.05594           0.9754       0.563          0.1356          0.7177        0.4032    0.01267          0.3635
     0.15           23.38       1       1  4.819e-05    0.0277       0.1348     0.1544         -0.003968   -0.003964            0.988      0.5308          0.1313          0.8339        0.3217      0.011          0.5873
      0.2           23.38       1       1  4.818e-05   0.02836       0.1882     0.2082           0.04983     0.04984                1         0.5          0.1263          0.9707        0.2483     0.0105          0.8698
      0.3           23.39       1       1  4.817e-05   0.02941       0.2879      0.308            0.1497      0.1497            1.024      0.4398          0.1177           1.286        0.1413    0.01033           1.821
      0.4            23.4       1       1  4.816e-05   0.03066       0.3945     0.4143             0.256       0.256            1.049      0.3807          0.1096           1.732         0.072       0.01           4.534
      0.6           23.41       1       1  4.814e-05   0.03248       0.5931     0.6131            0.4549      0.4549            1.095      0.2732         0.09533           3.053        0.0245       0.01           26.53
      0.8           23.42       1       1  3.609e-05   0.03448       0.7905     0.8104            0.6524      0.6524            1.145      0.1858         0.08357           5.419        0.0105     0.0075           133.8
        1           23.42       1       1  2.405e-05   0.03642       0.9956      1.014            0.8566      0.8566            1.198      0.1157         0.07315           9.706      0.006333   0.005333           668.6
     1.25           23.44       1       1  1.202e-05   0.03903        1.262       1.28             1.122       1.122            1.272     0.05967         0.06077           20.63      0.002667     0.0025            7169
      1.5           23.45       1       1          0   0.04197        1.527      1.543             1.386       1.386            1.345      0.0265          0.0484           44.16             0          0       6.327e+04

=== 1h P0|B|10
 edge_pct  trades_per_30d  mean_N  mean_L  liq_share  tp_share  drift_H_pct  gross_pct  net_notional_pct  eq_ret_pct  30d_median_mult  30d_p_loss  30d_mdd_median  1y_median_mult  1y_p_below50  1y_p_ruin  IS_median_mult
        0           27.72       1       1          0   0.02337    -0.007623   -0.01846            -0.171      -0.171           0.9401       0.668          0.1365          0.4907        0.6327   0.001333          0.1248
    0.025           27.69       1       1          0   0.02364      0.01467  -0.002317           -0.1549     -0.1549           0.9446      0.6572          0.1354          0.5179        0.5888  0.0008333           0.152
     0.05           27.67       1       1          0   0.02382      0.03865      0.015           -0.1376     -0.1376           0.9496      0.6428           0.133          0.5499        0.5418  0.0001667          0.1922
    0.075           27.63       1       1          0   0.02413      0.06409    0.03253           -0.1201     -0.1201           0.9541      0.6323           0.131          0.5805        0.4968  0.0001667          0.2138
      0.1           27.61       1       1          0   0.02442      0.09247    0.05147           -0.1012     -0.1012           0.9586      0.6195          0.1285          0.6189        0.4492  0.0001667          0.2669
     0.15           27.54       1       1          0   0.02492       0.1433    0.08792          -0.06478    -0.06478            0.967      0.5947          0.1246          0.7011        0.3535          0          0.3666
      0.2           27.49       1       1          0   0.02544       0.1965     0.1242          -0.02852    -0.02852           0.9777      0.5688          0.1211          0.7878        0.2693          0          0.4962
      0.3           27.38       1       1          0    0.0264       0.2954     0.1927           0.03983     0.03983           0.9939      0.5188          0.1146          0.9913        0.1488          0          0.9525
      0.4           27.27       1       1          0   0.02751       0.4014     0.2665            0.1136      0.1136            1.012      0.4642          0.1075           1.244       0.06783          0           1.945
      0.6           27.05       1       1          0   0.02918        0.603      0.404            0.2509      0.2509            1.052      0.3593         0.09513           1.971         0.011          0            6.37
      0.8           26.85       1       1          0   0.03112       0.8019     0.5435            0.3902      0.3902             1.09      0.2655         0.08455           3.102     0.0006667          0           23.24
        1           26.61       1       1          0   0.03273        1.009     0.6831            0.5296      0.5296            1.126      0.1863         0.07479           4.803     0.0001667          0           87.34
     1.25           26.33       1       1          0    0.0351        1.275     0.8627             0.709       0.709            1.178      0.1128         0.06491           8.298             0          0           478.5
      1.5           26.06       1       1          0   0.03758        1.544      1.045            0.8909      0.8909            1.231     0.05633         0.05627           14.41             0          0            2447

=== 1h P1|B|10
 edge_pct  trades_per_30d  mean_N  mean_L  liq_share  tp_share  drift_H_pct  gross_pct  net_notional_pct  eq_ret_pct  30d_median_mult  30d_p_loss  30d_mdd_median  1y_median_mult  1y_p_below50  1y_p_ruin  IS_median_mult
        0            31.6    1.25       5          0    0.3695     -0.01116    0.01433            -0.117     -0.1462            0.946      0.6623           0.139          0.5061        0.5975      0.001           0.144
    0.025           31.59    1.25       5          0    0.3717      0.01192    0.02489           -0.1063     -0.1329           0.9493       0.653          0.1367          0.5298         0.559  0.0008333           0.164
     0.05           31.59    1.25       5          0    0.3747      0.03734    0.03817          -0.09288     -0.1161           0.9552      0.6375          0.1347          0.5648         0.512     0.0005          0.1959
    0.075           31.58    1.25       5          0    0.3774      0.06264    0.05082          -0.08011     -0.1001           0.9596      0.6197          0.1328          0.6043         0.462     0.0005          0.2369
      0.1           31.58    1.25       5          0      0.38      0.09065    0.06301          -0.06779    -0.08474           0.9661      0.6038           0.131          0.6411        0.4177     0.0005          0.2805
     0.15           31.56    1.25       5          0    0.3853       0.1464     0.0886          -0.04195    -0.05243           0.9746       0.577          0.1271          0.7263        0.3193  0.0001667          0.3974
      0.2           31.55    1.25       5          0    0.3901       0.1994     0.1114          -0.01893    -0.02366           0.9833       0.555          0.1234          0.8075        0.2483          0          0.5136
      0.3           31.52    1.25       5          0    0.4001       0.3051     0.1587           0.02883     0.03604            1.001      0.4973          0.1162           1.025        0.1287          0           1.075
      0.4           31.49    1.25       5          0    0.4104       0.4123     0.2079           0.07855     0.09818            1.022      0.4347          0.1095           1.299        0.0555          0           2.172
      0.6           31.43    1.25       5          0    0.4296       0.6138     0.2999            0.1714      0.2143            1.061      0.3303         0.09787           2.016      0.008833          0           7.671
      0.8           31.38    1.25       5          0    0.4487       0.8151     0.3909            0.2634      0.3293            1.096      0.2357         0.08783           3.147     0.0001667          0           28.19
        1           31.31    1.25       5          0    0.4686        1.023     0.4851            0.3586      0.4482            1.139        0.16         0.07957           4.946             0          0           113.4
     1.25           31.25    1.25       5          0     0.493        1.293        0.6            0.4746      0.5932            1.191       0.091         0.07098           8.683             0          0           522.6
      1.5           31.18    1.25       5          0    0.5188        1.565     0.7213            0.5971      0.7464             1.25     0.04467         0.06354           15.38             0          0            2995

=== 1h P2|B|10
 edge_pct  trades_per_30d  mean_N  mean_L  liq_share  tp_share  drift_H_pct  gross_pct  net_notional_pct  eq_ret_pct  30d_median_mult  30d_p_loss  30d_mdd_median  1y_median_mult  1y_p_below50  1y_p_ruin  IS_median_mult
        0           35.25     2.5      10  0.0002717    0.5673     -0.01571    0.02163          -0.09694     -0.2424           0.8965      0.6962          0.2252          0.2618        0.8818     0.1362         0.02101
    0.025           35.25     2.5      10  0.0002717    0.5695     0.006066    0.02804          -0.09041      -0.226           0.9033       0.686          0.2232           0.281         0.867      0.119         0.02688
     0.05           35.26     2.5      10  0.0002716    0.5721      0.02933    0.03553          -0.08279      -0.207           0.9098       0.675          0.2195          0.3041        0.8452    0.09933         0.03247
    0.075           35.27     2.5      10  0.0002636    0.5748      0.05425    0.04344          -0.07474     -0.1868           0.9159       0.661          0.2173          0.3331         0.814    0.08117          0.0402
      0.1           35.27     2.5      10  0.0002636     0.577      0.08121    0.04986           -0.0682     -0.1705           0.9218       0.652          0.2144           0.359        0.7933    0.07117         0.04998
     0.15           35.28     2.5      10  0.0002635    0.5823       0.1364    0.06523          -0.05257     -0.1314           0.9346      0.6287          0.2089           0.424        0.7277    0.04533         0.08178
      0.2           35.28     2.5      10  0.0002555     0.587       0.1906    0.07902          -0.03854    -0.09635           0.9462      0.6028          0.2046          0.4909        0.6713    0.03167          0.1225
      0.3           35.29     2.5      10  0.0002554    0.5964       0.2965     0.1066          -0.01045    -0.02613           0.9706       0.557          0.1942          0.6739        0.5322      0.013          0.3173
      0.4            35.3     2.5      10  0.0002474    0.6059       0.4047     0.1346           0.01802     0.04506           0.9978      0.5052          0.1847          0.9258         0.371     0.0035          0.7459
      0.6           35.33     2.5      10  0.0002471    0.6254        0.609     0.1906           0.07503      0.1876            1.048      0.4135          0.1685           1.715         0.156          0           5.197
      0.8           35.37     2.5      10   0.000215    0.6441       0.8093     0.2451            0.1305      0.3262            1.103      0.3213          0.1545           3.128         0.046          0           24.05
        1            35.4     2.5      10  0.0001989    0.6631        1.017     0.3005            0.1869      0.4672            1.163      0.2355          0.1408           5.821       0.01133          0           174.7
     1.25           35.43     2.5      10  0.0001908    0.6867        1.281     0.3682            0.2558      0.6395            1.234      0.1488          0.1252           12.35        0.0015          0            1578
      1.5           35.47     2.5      10  0.0001827    0.7113        1.552     0.4399            0.3287      0.8217            1.316       0.084          0.1123           27.64     0.0001667          0       1.798e+04

=== 1h P2|C|10
 edge_pct  trades_per_30d  mean_N  mean_L  liq_share  tp_share  drift_H_pct  gross_pct  net_notional_pct  eq_ret_pct  30d_median_mult  30d_p_loss  30d_mdd_median  1y_median_mult  1y_p_below50  1y_p_ruin  IS_median_mult
        0           31.28     2.5      10          0    0.6436     -0.01999    0.02153          -0.09637     -0.2409           0.8922      0.6697           0.267          0.2553        0.8772      0.214         0.01816
    0.025            31.3     2.5      10          0    0.6461     0.002062    0.03156          -0.08619     -0.2155           0.8983      0.6588          0.2645          0.2807        0.8582     0.1863         0.02272
     0.05           31.33     2.5      10          0     0.649      0.02494    0.04275          -0.07483     -0.1871           0.9045      0.6475          0.2591          0.3134        0.8293     0.1593         0.03383
    0.075           31.37     2.5      10          0    0.6522      0.05141    0.05518          -0.06221     -0.1555           0.9139       0.634          0.2554          0.3518        0.7967       0.13         0.05269
      0.1           31.39     2.5      10          0    0.6548      0.07755    0.06536          -0.05187     -0.1297            0.921      0.6232          0.2526          0.3884        0.7657     0.1092         0.06671
     0.15           31.45     2.5      10          0     0.661       0.1345    0.08988            -0.027    -0.06749            0.941       0.596          0.2455          0.4971        0.6885    0.07033          0.1385
      0.2           31.51     2.5      10          0    0.6665       0.1897      0.112         -0.004534    -0.01133           0.9613      0.5665          0.2384          0.6224        0.6143    0.04433          0.2736
      0.3            31.6     2.5      10          0    0.6777       0.2956     0.1559           0.04002      0.1001           0.9965      0.5083          0.2268          0.9567        0.4575    0.01467           0.961
      0.4           31.71     2.5      10          0    0.6886       0.4035     0.1989           0.08365      0.2091            1.035      0.4482           0.211           1.494        0.3062      0.005           2.872
      0.6           31.95     2.5      10          0    0.7114       0.6094      0.286            0.1721      0.4302            1.115      0.3392          0.1904           3.591       0.09983  0.0003333            42.4
      0.8           32.18     2.5      10          0    0.7336       0.8091     0.3728            0.2602      0.6504            1.204      0.2383           0.169           8.812       0.02233          0           650.1
        1           32.43     2.5      10          0    0.7561        1.014     0.4601            0.3488       0.872            1.304       0.149          0.1464           22.18      0.005167          0            9312
     1.25            32.7     2.5      10          0    0.7835        1.276     0.5673            0.4576       1.144            1.431       0.074           0.124           69.41     0.0006667          0       2.493e+05
      1.5           33.01     2.5      10          0    0.8121        1.546     0.6804            0.5724       1.431            1.579     0.02933          0.1225           243.7             0          0       7.943e+06

=== 1h P3|A|10
 edge_pct  trades_per_30d  mean_N  mean_L  liq_share  tp_share  drift_H_pct  gross_pct  net_notional_pct  eq_ret_pct  30d_median_mult  30d_p_loss  30d_mdd_median  1y_median_mult  1y_p_below50  1y_p_ruin  IS_median_mult
        0           35.23       4      20    0.07165    0.7892     -0.02211    0.01799           -0.1202     -0.4808           0.7927      0.7242          0.3753         0.04965         0.982      0.764       0.0001675
    0.025           35.25       4      20    0.07108    0.7909   -0.0004766    0.02341           -0.1144     -0.4577           0.7999      0.7167          0.3726         0.05543        0.9787     0.7437        0.000242
     0.05           35.28       4      20    0.07033    0.7929      0.02367    0.02996           -0.1074     -0.4298           0.8091      0.7078          0.3684         0.06265         0.974     0.7142       0.0003152
    0.075           35.32       4      20    0.06966     0.795      0.04867    0.03654           -0.1004     -0.4018            0.818      0.7002          0.3655         0.07089        0.9703     0.6807       0.0004426
      0.1           35.34       4      20     0.0689     0.797      0.07638    0.04304           -0.0935      -0.374           0.8287      0.6888          0.3633         0.08088        0.9647      0.648       0.0008135
     0.15           35.41       4      20     0.0673    0.8015        0.132    0.05747          -0.07811     -0.3124           0.8481      0.6703          0.3538          0.1077        0.9498     0.5755        0.001679
      0.2           35.46       4      20    0.06595    0.8058       0.1845    0.07061          -0.06413     -0.2565           0.8679      0.6493          0.3488          0.1392        0.9298     0.5037        0.003354
      0.3           35.58       4      20    0.06308    0.8141       0.2923    0.09684          -0.03617     -0.1447           0.9075      0.6048           0.331          0.2304        0.8698     0.3582         0.01228
      0.4            35.7       4      20    0.06051     0.822       0.3968     0.1214          -0.01001    -0.04004           0.9432      0.5635          0.3115          0.3699        0.7883      0.235         0.05006
      0.6           35.95       4      20    0.05535    0.8383       0.6005     0.1719           0.04371      0.1749            1.025      0.4735          0.2835           1.017        0.5588    0.08217          0.9227
      0.8           36.21       4      20    0.05001    0.8544       0.8004     0.2222           0.09719      0.3888            1.119      0.3778          0.2491             2.8        0.3053    0.01617           16.65
        1           36.47       4      20    0.04461    0.8713        1.009     0.2741            0.1525      0.6101            1.223      0.2795           0.218           8.252        0.1342   0.001167           388.8
     1.25           36.77       4      20    0.03819     0.891         1.27     0.3353            0.2176      0.8706             1.36      0.1817          0.2034           28.83        0.0415  0.0001667       1.692e+04
      1.5            37.1       4      20     0.0312    0.9117        1.536     0.4007            0.2873       1.149            1.522       0.101          0.2031           115.5       0.01233          0       1.007e+06

=== 1h P3|B|10
 edge_pct  trades_per_30d  mean_N  mean_L  liq_share  tp_share  drift_H_pct  gross_pct  net_notional_pct  eq_ret_pct  30d_median_mult  30d_p_loss  30d_mdd_median  1y_median_mult  1y_p_below50  1y_p_ruin  IS_median_mult
        0           38.68       4      20   0.003131    0.7103     -0.01856    0.02016          -0.09022     -0.3609           0.8443      0.7365          0.2934          0.1144        0.9725     0.5117        0.001548
    0.025           38.69       4      20   0.003152     0.712     0.002934     0.0238          -0.08649      -0.346           0.8515      0.7295          0.2898           0.124         0.969      0.483        0.001954
     0.05            38.7       4      20   0.003137    0.7138      0.02671    0.02774          -0.08245     -0.3298           0.8581      0.7215          0.2857          0.1337        0.9617     0.4548        0.002561
    0.075           38.71       4      20   0.003086    0.7157      0.05117    0.03217          -0.07789     -0.3116           0.8627      0.7127          0.2827          0.1453        0.9537       0.42        0.003323
      0.1           38.71       4      20   0.003071    0.7174      0.07817    0.03599          -0.07398     -0.2959           0.8696       0.704          0.2789          0.1566         0.945     0.3917        0.003746
     0.15           38.73       4      20   0.003011    0.7214        0.132    0.04464           -0.0651     -0.2604           0.8842      0.6873          0.2749          0.1858         0.924     0.3288        0.007285
      0.2           38.74       4      20   0.002989     0.725       0.1849    0.05233          -0.05721     -0.2288           0.8962       0.671          0.2694          0.2166        0.8958     0.2738         0.01179
      0.3           38.78       4      20   0.002935    0.7321       0.2909     0.0682          -0.04094     -0.1637           0.9145        0.63          0.2603          0.2996        0.8387     0.1783         0.03003
      0.4           38.81       4      20   0.002889     0.739       0.3966    0.08315          -0.02561     -0.1024            0.939      0.5938          0.2498          0.3982        0.7583     0.1153         0.07544
      0.6           38.87       4      20   0.002761    0.7532       0.5992     0.1139          0.005928     0.02371           0.9817      0.5253          0.2309          0.7429        0.5448    0.03467          0.3873
      0.8           38.94       4      20   0.002662    0.7669       0.8003     0.1437           0.03647      0.1459            1.035        0.45          0.2134            1.36        0.3337     0.0085           2.193
        1              39       4      20    0.00252    0.7812        1.011      0.175           0.06858      0.2743            1.091      0.3693          0.1966           2.544        0.1657   0.001333           13.32
     1.25           39.07       4      20   0.002393    0.7982        1.272     0.2116            0.1062      0.4246            1.162      0.2827          0.1789           5.338         0.062          0           120.9
      1.5           39.15       4      20   0.002224    0.8161        1.539     0.2512            0.1468      0.5871            1.237      0.1987           0.163           11.88       0.01883          0            1351

=== 1h P3|C|10
 edge_pct  trades_per_30d  mean_N  mean_L  liq_share  tp_share  drift_H_pct  gross_pct  net_notional_pct  eq_ret_pct  30d_median_mult  30d_p_loss  30d_mdd_median  1y_median_mult  1y_p_below50  1y_p_ruin  IS_median_mult
        0           37.16       4      20          0    0.7433     -0.01931    0.01494          -0.09341     -0.3737           0.8417       0.733          0.3063          0.1115        0.9713     0.5287        0.001954
    0.025           37.17       4      20          0     0.745     0.002375     0.0192          -0.08906     -0.3563           0.8453      0.7267          0.3029          0.1212        0.9662     0.5003        0.002432
     0.05           37.19       4      20          0    0.7469      0.02651    0.02414          -0.08402     -0.3361           0.8514      0.7157          0.2996          0.1328        0.9583     0.4625        0.003209
    0.075            37.2       4      20          0    0.7491      0.05086    0.02967          -0.07837     -0.3135           0.8616      0.7047          0.2962          0.1452        0.9468      0.422        0.004322
      0.1           37.21       4      20          0     0.751      0.07756    0.03462          -0.07331     -0.2932           0.8712      0.6928           0.291          0.1596        0.9383     0.3862        0.005245
     0.15           37.25       4      20          0    0.7552       0.1327    0.04524          -0.06246     -0.2498           0.8865      0.6747          0.2849          0.1984        0.9132     0.3138         0.01104
      0.2           37.28       4      20          0    0.7592       0.1858    0.05465          -0.05282     -0.2113            0.898      0.6512          0.2807          0.2393        0.8833     0.2602         0.01765
      0.3           37.35       4      20          0    0.7671       0.2923    0.07482          -0.03222     -0.1289           0.9263      0.6065          0.2668          0.3538        0.8023     0.1478         0.05506
      0.4           37.42       4      20          0    0.7745       0.3998    0.09351          -0.01311    -0.05245            0.953       0.567           0.255          0.5028        0.6895    0.07783          0.1484
      0.6           37.56       4      20          0    0.7898       0.6046     0.1315           0.02573      0.1029            1.011      0.4837          0.2343           1.045        0.4413      0.015           1.219
      0.8           37.71       4      20          0    0.8046       0.8066     0.1681            0.0632      0.2528            1.073      0.3933          0.2119           2.139        0.2245   0.002833           9.642
        1           37.86       4      20          0    0.8204        1.017     0.2073            0.1032      0.4129            1.146      0.3082          0.1937           4.513         0.079          0            95.5
     1.25           38.01       4      20          0    0.8391        1.279      0.254            0.1509      0.6037            1.239      0.2118           0.179           11.35       0.01883          0            1243
      1.5           38.19       4      20          0    0.8589        1.546     0.3037            0.2018      0.8071            1.337        0.12          0.1642           30.76        0.0045          0       2.409e+04

=== 1h P3|B|30
 edge_pct  trades_per_30d  mean_N  mean_L  liq_share  tp_share  drift_H_pct  gross_pct  net_notional_pct  eq_ret_pct  30d_median_mult  30d_p_loss  30d_mdd_median  1y_median_mult  1y_p_below50  1y_p_ruin  IS_median_mult
        0           33.08       4      20   0.007818     0.455     -0.01486    0.01626           -0.1128     -0.4514           0.7954      0.7202          0.3832         0.06092        0.9767     0.7232       0.0002189
    0.025           33.08       4      20   0.007827    0.4574     0.007539    0.02492           -0.1041     -0.4163           0.8053      0.7105          0.3796         0.07066        0.9728     0.6885       0.0003483
     0.05           33.08       4      20   0.007792    0.4602      0.03178    0.03533           -0.0935      -0.374           0.8164      0.7008          0.3748         0.08365        0.9638     0.6465       0.0005815
    0.075           33.07       4      20   0.007699    0.4631      0.05702    0.04589          -0.08276      -0.331            0.829      0.6882          0.3696         0.09876        0.9525     0.5983        0.001172
      0.1           33.07       4      20   0.007657    0.4656      0.08452     0.0553          -0.07321     -0.2929           0.8383      0.6753          0.3656          0.1155        0.9422     0.5633        0.002028
     0.15           33.07       4      20   0.007531     0.471       0.1397    0.07599           -0.0522     -0.2088           0.8656      0.6513          0.3563          0.1623        0.9103     0.4708        0.005756
      0.2           33.06       4      20   0.007446    0.4759       0.1933    0.09413          -0.03378     -0.1351           0.8842      0.6267          0.3478          0.2174        0.8768     0.3902         0.01324
      0.3           33.06       4      20   0.007294    0.4864        0.301     0.1338          0.006494     0.02598            0.932      0.5708          0.3313          0.4209        0.7743     0.2303         0.08835
      0.4           33.05       4      20   0.007049     0.497       0.4087     0.1736           0.04688      0.1875           0.9865      0.5152          0.3142          0.8253        0.6347     0.1203          0.4773
      0.6           33.03       4      20   0.006703    0.5173        0.613      0.249            0.1235       0.494            1.086      0.4105          0.2866           2.869        0.3632     0.0205           22.74
      0.8           33.03       4      20   0.006371    0.5373       0.8144     0.3236            0.1992      0.7969            1.208      0.3105          0.2598           9.802        0.1708   0.002833           709.3
        1              33       4      20   0.006017    0.5576        1.023     0.3995            0.2763       1.105            1.339      0.2183          0.2365           34.54       0.06517     0.0005       3.208e+04
     1.25           32.99       4      20   0.005628    0.5826        1.289     0.4926            0.3708       1.483            1.524      0.1332          0.2115             162       0.01817          0        3.25e+06
      1.5           32.97       4      20   0.005229    0.6093        1.562     0.5925            0.4721       1.889            1.745     0.06667          0.1937           848.6      0.006167          0       4.031e+08

=== 1h P3|B|100
 edge_pct  trades_per_30d  mean_N  mean_L  liq_share  tp_share  drift_H_pct  gross_pct  net_notional_pct  eq_ret_pct  30d_median_mult  30d_p_loss  30d_mdd_median  1y_median_mult  1y_p_below50  1y_p_ruin  IS_median_mult
        0           28.49       4      20    0.01464    0.1102     -0.01006  -0.007234           -0.1609     -0.6436           0.7335      0.7432          0.4587         0.01984        0.9897      0.874       8.127e-06
    0.025           28.46       4      20    0.01464    0.1111      0.01236   0.007372           -0.1463     -0.5851           0.7431      0.7322          0.4549         0.02424        0.9862      0.852       1.467e-05
     0.05           28.44       4      20    0.01456    0.1121      0.03609    0.02438           -0.1292     -0.5168            0.758       0.719          0.4476         0.03079         0.982     0.8238       3.301e-05
    0.075           28.41       4      20    0.01445    0.1132      0.06171    0.04086           -0.1126     -0.4506           0.7698      0.7067           0.441         0.03932        0.9763     0.7917       6.996e-05
      0.1           28.39       4      20    0.01436    0.1143      0.08982    0.05737          -0.09607     -0.3843            0.784      0.6942          0.4351         0.04816        0.9703     0.7575       0.0001372
     0.15           28.33       4      20    0.01413    0.1164       0.1417    0.09213          -0.06116     -0.2447           0.8135      0.6675          0.4232         0.07888        0.9495      0.673        0.000553
      0.2           28.29       4      20    0.01392    0.1185       0.1953     0.1257          -0.02744     -0.1098           0.8392      0.6373          0.4136          0.1241        0.9203     0.5787        0.002453
      0.3           28.21       4      20    0.01371    0.1225       0.2965     0.1902           0.03725       0.149           0.9006      0.5853          0.3943           0.288        0.8388      0.403         0.02453
      0.4           28.11       4      20    0.01331    0.1271       0.4035     0.2595            0.1068      0.4273           0.9739      0.5237          0.3741          0.7427        0.7172      0.233          0.4734
      0.6           27.94       4      20    0.01267    0.1351        0.608     0.3893            0.2371      0.9483            1.117      0.4095          0.3397           4.307        0.4332    0.05417           90.35
      0.8           27.77       4      20    0.01199    0.1435       0.8075     0.5192            0.3675        1.47            1.284      0.3062          0.3068           25.76        0.2178   0.007667       1.339e+04
        1           27.57       4      20    0.01141    0.1517        1.019     0.6521            0.5009       2.004            1.478       0.216          0.2775           142.9         0.093      0.001       1.688e+06
     1.25           27.34       4      20    0.01055    0.1625        1.287     0.8165            0.6659       2.664            1.736      0.1315          0.2464            1194       0.03133          0       9.438e+08
      1.5           27.12       4      20   0.009701    0.1743        1.559     0.9891            0.8392       3.357            2.081       0.067          0.2156       1.061e+04       0.01083          0       6.126e+11

=== 1h P4|A|10
 edge_pct  trades_per_30d  mean_N  mean_L  liq_share  tp_share  drift_H_pct  gross_pct  net_notional_pct  eq_ret_pct  30d_median_mult  30d_p_loss  30d_mdd_median  1y_median_mult  1y_p_below50  1y_p_ruin  IS_median_mult
        0           41.37      20      50      0.172    0.8125     -0.02221    0.01182           -0.1646      -3.291           0.1112      0.9558          0.9258       1.131e-12             1          1       2.125e-35
    0.025           41.38      20      50     0.1711    0.8136    0.0003187    0.01366           -0.1623      -3.245            0.115      0.9538          0.9247       1.483e-12             1          1       4.611e-35
     0.05           41.39      20      50     0.1701    0.8147       0.0245    0.01559           -0.1598      -3.197           0.1165      0.9522          0.9234       2.136e-12             1          1       1.004e-34
    0.075            41.4      20      50     0.1689     0.816      0.04858    0.01795           -0.1569      -3.138            0.121      0.9493          0.9214       2.953e-12             1          1       1.213e-34
      0.1           41.41      20      50     0.1679    0.8173      0.07519    0.01996           -0.1544      -3.088           0.1233       0.948          0.9208       3.968e-12             1          1       5.098e-34
     0.15           41.42      20      50     0.1657    0.8197       0.1291    0.02418           -0.1491      -2.982           0.1287      0.9438          0.9167       7.908e-12             1          1       4.313e-33
      0.2           41.44      20      50     0.1639    0.8218       0.1805    0.02784           -0.1445      -2.891           0.1351      0.9383          0.9129       1.391e-11             1          1       1.849e-32
      0.3           41.48      20      50     0.1602    0.8262       0.2862    0.03527           -0.1353      -2.705           0.1488      0.9303          0.9051       4.037e-11             1          1        7.59e-31
      0.4           41.52      20      50     0.1567    0.8303       0.3949    0.04216           -0.1267      -2.533           0.1634      0.9223          0.8988       1.236e-10             1          1         7.7e-30
      0.6           41.59      20      50     0.1492    0.8391       0.5952    0.05708            -0.108      -2.161           0.1986      0.8963          0.8785       1.197e-09             1          1       5.456e-27
      0.8           41.67      20      50     0.1423    0.8473       0.7983    0.07108           -0.0906      -1.812           0.2406      0.8758          0.8603       1.066e-08             1          1        5.37e-24
        1           41.74      20      50     0.1348    0.8559        1.006    0.08581           -0.0722      -1.444           0.2926      0.8402          0.8363       1.167e-07             1          1       2.857e-21
     1.25           41.83      20      50     0.1254    0.8669        1.268     0.1046          -0.04874     -0.9748           0.3732      0.7942          0.8016       2.028e-06             1     0.9995       2.104e-17
      1.5           41.92      20      50     0.1153    0.8784        1.533     0.1244          -0.02404     -0.4808           0.4775      0.7323          0.7683        4.93e-05        0.9988     0.9902        3.98e-13

=== 1h P4|B|10
 edge_pct  trades_per_30d  mean_N  mean_L  liq_share  tp_share  drift_H_pct  gross_pct  net_notional_pct  eq_ret_pct  30d_median_mult  30d_p_loss  30d_mdd_median  1y_median_mult  1y_p_below50  1y_p_ruin  IS_median_mult
        0           41.95      20      50     0.1044     0.794     -0.02266    0.01151           -0.1364      -2.728           0.1681      0.9333          0.8858       1.652e-10             1          1       3.298e-29
    0.025           41.95      20      50      0.104     0.795   -0.0003415    0.01308           -0.1346      -2.692           0.1702      0.9318          0.8843       1.952e-10             1          1       5.448e-29
     0.05           41.96      20      50     0.1035    0.7961       0.0236     0.0148           -0.1326      -2.652            0.174      0.9302          0.8818        2.46e-10             1          1       1.185e-28
    0.075           41.97      20      50      0.103    0.7974      0.04757    0.01684           -0.1303      -2.606           0.1779      0.9282            0.88       3.313e-10             1          1       2.366e-28
      0.1           41.97      20      50     0.1025    0.7985      0.07392    0.01852           -0.1284      -2.567           0.1822       0.927          0.8779        4.17e-10             1          1        3.35e-28
     0.15           41.98      20      50     0.1015     0.801       0.1276    0.02248           -0.1238      -2.476           0.1891      0.9222          0.8748       7.712e-10             1          1       1.685e-27
      0.2           41.99      20      50     0.1007    0.8031       0.1794    0.02562           -0.1202      -2.404           0.1958      0.9157          0.8707        1.16e-09             1          1       7.103e-27
      0.3           42.01      20      50    0.09888    0.8071        0.285    0.03188            -0.113       -2.26           0.2112      0.9082          0.8627       2.876e-09             1          1       1.647e-25
      0.4           42.04      20      50    0.09749     0.811       0.3925    0.03786           -0.1062      -2.124           0.2268       0.899          0.8549       6.258e-09             1          1       1.645e-24
      0.6           42.08      20      50    0.09443    0.8194       0.5926    0.05073          -0.09156      -1.831           0.2667      0.8768          0.8367       3.655e-08             1          1       1.589e-22
      0.8           42.14      20      50    0.09127    0.8273       0.7945    0.06304          -0.07747      -1.549           0.3026      0.8572            0.82       2.045e-07             1          1       1.111e-20
        1           42.19      20      50    0.08825    0.8354        1.002    0.07552          -0.06327      -1.265           0.3534      0.8233          0.7954       1.129e-06        0.9998     0.9998       2.027e-18
     1.25           42.24      20      50     0.0842    0.8459        1.264    0.09158          -0.04491     -0.8982           0.4258      0.7827          0.7676       1.002e-05        0.9998     0.9987       1.563e-15
      1.5            42.3      20      50    0.07957     0.857         1.53     0.1089          -0.02507     -0.5014           0.5144      0.7263          0.7359       0.0001136        0.9977     0.9848       2.645e-12

=== 1h P4|C|10
 edge_pct  trades_per_30d  mean_N  mean_L  liq_share  tp_share  drift_H_pct  gross_pct  net_notional_pct  eq_ret_pct  30d_median_mult  30d_p_loss  30d_mdd_median  1y_median_mult  1y_p_below50  1y_p_ruin  IS_median_mult
        0           43.03      20      50          0    0.6897      -0.0223   0.004281           -0.1034      -2.069           0.3171      0.9463          0.7525       7.086e-07             1          1       8.067e-19
    0.025           43.03      20      50          0    0.6906   -6.381e-05   0.005295           -0.1024      -2.047           0.3177      0.9462          0.7518       7.932e-07             1          1       1.318e-18
     0.05           43.03      20      50          0    0.6916        0.024    0.00629           -0.1013      -2.027           0.3289      0.9437          0.7508       9.068e-07             1          1        1.18e-18
    0.075           43.03      20      50          0    0.6926      0.04796   0.007465           -0.1001      -2.002           0.3313      0.9413          0.7499        1.04e-06             1          1       2.164e-18
      0.1           43.04      20      50          0    0.6936      0.07437   0.008526          -0.09899       -1.98           0.3325      0.9398          0.7474       1.183e-06             1          1       2.172e-18
     0.15           43.04      20      50          0     0.696        0.128    0.01107          -0.09633      -1.927           0.3476      0.9352          0.7388       1.661e-06             1          1       9.377e-18
      0.2           43.04      20      50          0    0.6978       0.1799    0.01308          -0.09421      -1.884           0.3496      0.9323          0.7376       2.058e-06             1          1       1.734e-17
      0.3           43.05      20      50          0    0.7016       0.2856    0.01712          -0.08999        -1.8           0.3652      0.9228          0.7256        3.12e-06             1          1       8.025e-17
      0.4           43.06      20      50          0     0.705       0.3932    0.02077          -0.08616      -1.723           0.3804      0.9157          0.7218       4.907e-06             1          1       1.977e-16
      0.6           43.09      20      50          0    0.7123       0.5935    0.02862          -0.07793      -1.559           0.4046       0.898          0.6979       1.207e-05             1          1       9.071e-15
      0.8           43.11      20      50          0    0.7192       0.7945    0.03607          -0.07013      -1.403           0.4433      0.8848          0.6835       3.092e-05             1     0.9998       1.077e-13
        1           43.14      20      50          0    0.7262        1.003    0.04355          -0.06229      -1.246           0.4684      0.8622          0.6669       7.173e-05             1     0.9997       2.205e-12
     1.25           43.16      20      50          0    0.7348        1.264    0.05286          -0.05253      -1.051           0.5152      0.8323          0.6468       0.0002206             1     0.9977       2.489e-11
      1.5           43.18      20      50          0    0.7442         1.53    0.06316          -0.04176     -0.8351           0.5671      0.7883          0.6228       0.0007302        0.9995     0.9905       7.107e-10

=== 1h P4|B|100
 edge_pct  trades_per_30d  mean_N  mean_L  liq_share  tp_share  drift_H_pct  gross_pct  net_notional_pct  eq_ret_pct  30d_median_mult  30d_p_loss  30d_mdd_median  1y_median_mult  1y_p_below50  1y_p_ruin  IS_median_mult
        0           33.02      20      50     0.3422    0.3186     -0.01727   -0.00175           -0.2815       -5.63           0.0159      0.9717          0.9912       5.208e-23             1          1       4.052e-66
    0.025           33.01      20      50     0.3409    0.3206     0.005685    0.00699           -0.2721      -5.442          0.01701      0.9692          0.9908       1.164e-22             1          1       1.186e-64
     0.05              33      20      50      0.339    0.3233      0.03159    0.01785           -0.2603      -5.207          0.01858      0.9665          0.9901       3.135e-22             1          1       1.251e-63
    0.075           32.99      20      50     0.3374    0.3259      0.05689    0.02861           -0.2488      -4.975          0.01976      0.9625          0.9893       7.558e-22             1          1       1.819e-62
      0.1           32.98      20      50     0.3359    0.3281      0.08464    0.03791           -0.2387      -4.774          0.02104      0.9598          0.9888       1.928e-21             1          1       5.104e-61
     0.15           32.95      20      50     0.3326     0.333       0.1405    0.05828           -0.2167      -4.334          0.02513      0.9542          0.9873       1.168e-20             1          1       2.306e-59
      0.2           32.94      20      50       0.33     0.337       0.1942    0.07574           -0.1979      -3.959          0.02862      0.9478          0.9856       6.109e-20             1          1       1.134e-56
      0.3            32.9      20      50     0.3239    0.3461       0.3003     0.1141           -0.1565       -3.13          0.03797       0.934          0.9825       2.134e-18             1          1       3.307e-52
      0.4           32.86      20      50      0.318    0.3551       0.4097     0.1521           -0.1156      -2.312          0.05082      0.9103          0.9776        6.13e-17             1          1       4.601e-48
      0.6           32.77      20      50     0.3068    0.3721       0.6127      0.224          -0.03803     -0.7606          0.08746      0.8697          0.9661       4.904e-14             1     0.9998       4.584e-40
      0.8           32.69      20      50     0.2955    0.3891       0.8173     0.2966           0.04016      0.8031           0.1538      0.8077           0.952       3.515e-11        0.9998     0.9995       3.531e-31
        1            32.6      20      50     0.2839    0.4067        1.026     0.3706              0.12       2.399           0.2635      0.7292          0.9321       2.563e-08        0.9982     0.9945       7.135e-24
     1.25           32.51      20      50     0.2698    0.4286        1.299     0.4628            0.2192       4.384            0.538      0.6177          0.9035       8.166e-05        0.9828      0.948       1.384e-12
      1.5            32.4      20      50     0.2543    0.4516        1.574     0.5587            0.3228       6.456            1.051       0.491          0.8679          0.4543        0.9093     0.7558          0.1302

=== 1h P5|A|10
 edge_pct  trades_per_30d  mean_N  mean_L  liq_share  tp_share  drift_H_pct  gross_pct  net_notional_pct  eq_ret_pct  30d_median_mult  30d_p_loss  30d_mdd_median  1y_median_mult  1y_p_below50  1y_p_ruin  IS_median_mult
        0           37.63   6.222   28.18     0.1089    0.8275     -0.02115    0.02027           -0.1304     -0.8803           0.6405       0.807          0.5091        0.003354        0.9995     0.9815       6.467e-08
    0.025           37.65   6.222   28.18     0.1081     0.829    0.0009005    0.02449           -0.1257     -0.8522           0.6473      0.8005          0.5068         0.00382         0.999     0.9775        1.04e-07
     0.05           37.67   6.223   28.18      0.107    0.8307      0.02452    0.02951           -0.1201     -0.8192            0.656      0.7943          0.5006        0.004528        0.9988      0.975       1.434e-07
    0.075            37.7   6.223   28.18     0.1059    0.8325      0.04899    0.03468           -0.1144     -0.7843           0.6668      0.7872          0.4961        0.005325        0.9988     0.9692        2.79e-07
      0.1           37.71   6.223   28.18     0.1048    0.8342      0.07542    0.03945           -0.1091     -0.7513           0.6761      0.7793          0.4896        0.006268        0.9985     0.9627       3.998e-07
     0.15           37.76   6.223   28.18     0.1026    0.8377       0.1304    0.04992          -0.09745     -0.6827           0.6922       0.763          0.4802        0.008951        0.9965      0.946        1.08e-06
      0.2            37.8   6.223   28.18     0.1005    0.8411       0.1811    0.05969          -0.08658     -0.6154           0.7139      0.7462            0.47         0.01261         0.995     0.9233       2.213e-06
      0.3            37.9   6.225   28.19     0.0966    0.8479       0.2868    0.07903          -0.06515     -0.4876           0.7558      0.7135          0.4517         0.02361        0.9875      0.864       1.929e-05
      0.4           37.99   6.226   28.19     0.0926    0.8544       0.3916    0.09773          -0.04435     -0.3611           0.7973      0.6785          0.4322         0.04432        0.9743       0.77       0.0001399
      0.6           38.19   6.229    28.2    0.08482    0.8677       0.5925     0.1349         -0.003092     -0.1083           0.8865      0.6027          0.3973          0.1537         0.903     0.5188        0.006739
      0.8           38.39    6.23   28.21    0.07757    0.8803       0.7898     0.1706           0.03649       0.129           0.9822       0.515          0.3689          0.5157         0.757     0.2558          0.1678
        1           38.59   6.231   28.21    0.06946    0.8938       0.9983     0.2096           0.07977      0.3902              1.1      0.4185          0.3344            1.97         0.501      0.076           8.278
     1.25           38.81   6.233   28.21    0.05993      0.91        1.258     0.2553            0.1306      0.6994            1.255       0.301          0.2893           9.916        0.2233    0.01033           860.6
      1.5           39.05   6.234   28.22     0.0494     0.927        1.522     0.3044            0.1852       1.031            1.454      0.1853          0.2393           58.17         0.071  0.0006667       1.603e+05

=== 1h P5|B|10
 edge_pct  trades_per_30d  mean_N  mean_L  liq_share  tp_share  drift_H_pct  gross_pct  net_notional_pct  eq_ret_pct  30d_median_mult  30d_p_loss  30d_mdd_median  1y_median_mult  1y_p_below50  1y_p_ruin  IS_median_mult
        0           40.03   6.252   28.28   0.003047    0.7612     -0.01922    0.01969          -0.08733     -0.5885           0.7491      0.7953          0.3891         0.02607        0.9967     0.8957         2.2e-05
    0.025           40.04   6.252   28.28   0.003068    0.7626     0.002825    0.02266          -0.08428     -0.5706            0.756      0.7913          0.3854         0.02872        0.9968     0.8853        2.78e-05
     0.05           40.05   6.252   28.28   0.003053    0.7642      0.02621    0.02601          -0.08084     -0.5507           0.7661      0.7847          0.3809         0.03164         0.995     0.8673       4.074e-05
    0.075           40.06   6.252   28.28   0.003003    0.7659      0.05022    0.02962          -0.07712     -0.5289           0.7741      0.7745          0.3767         0.03579        0.9935     0.8492       6.394e-05
      0.1           40.07   6.252   28.28   0.002988    0.7673      0.07688    0.03261          -0.07404     -0.5109           0.7813       0.768          0.3736         0.03828        0.9927     0.8305         7.2e-05
     0.15           40.08   6.252   28.28   0.002923    0.7706       0.1308    0.03963          -0.06683     -0.4687           0.7925      0.7555          0.3683          0.0481        0.9888      0.789        0.000134
      0.2            40.1   6.252   28.28   0.002902    0.7735       0.1825    0.04568          -0.06061     -0.4313           0.8006      0.7377          0.3613         0.05857         0.986     0.7418       0.0002503
      0.3           40.13   6.252   28.28    0.00285    0.7793       0.2869    0.05819          -0.04777     -0.3584            0.824      0.7105          0.3496          0.0833        0.9698     0.6423       0.0007525
      0.4           40.16   6.253   28.28   0.002806    0.7853       0.3916    0.07037          -0.03526     -0.2839           0.8506      0.6797          0.3388          0.1238        0.9473     0.5208        0.002357
      0.6           40.24   6.254   28.29   0.002688    0.7971       0.5922    0.09487          -0.01007     -0.1339           0.9098      0.6137          0.3138            0.26        0.8563     0.2977         0.02215
      0.8           40.32   6.255   28.29   0.002599    0.8084       0.7917     0.1183           0.01399    0.008499           0.9641      0.5437          0.2916          0.5419        0.6985      0.125           0.147
        1           40.39   6.255   28.29   0.002462    0.8202            1     0.1433           0.03972      0.1589            1.033      0.4645          0.2711           1.161        0.4853    0.03617           1.229
     1.25           40.47   6.256   28.29   0.002339    0.8344        1.261     0.1727           0.06986      0.3381            1.114      0.3718          0.2457           2.933         0.248   0.006333            25.2
      1.5           40.55   6.257   28.29   0.002181    0.8497        1.525      0.205            0.1031      0.5321            1.205      0.2818          0.2219           7.945        0.0915  0.0001667           497.4

=== 1h P5|C|10
 edge_pct  trades_per_30d  mean_N  mean_L  liq_share  tp_share  drift_H_pct  gross_pct  net_notional_pct  eq_ret_pct  30d_median_mult  30d_p_loss  30d_mdd_median  1y_median_mult  1y_p_below50  1y_p_ruin  IS_median_mult
        0           40.09   6.238   28.24          0    0.7545     -0.02002    0.01785          -0.08815     -0.5843            0.752      0.8003          0.3823         0.02782        0.9977      0.889       3.518e-05
    0.025            40.1   6.238   28.24          0     0.756     0.002151    0.02072           -0.0852     -0.5667           0.7566      0.7955          0.3793         0.03037         0.997      0.876       4.332e-05
     0.05           40.11   6.238   28.24          0    0.7576      0.02562    0.02403           -0.0818     -0.5465           0.7665      0.7905          0.3748         0.03357        0.9958     0.8595       5.858e-05
    0.075           40.12   6.239   28.24          0    0.7593      0.04954    0.02758          -0.07816     -0.5249           0.7734      0.7815          0.3699         0.03739        0.9943     0.8373       8.076e-05
      0.1           40.13   6.239   28.24          0    0.7608       0.0762     0.0306          -0.07506     -0.5062           0.7809      0.7755          0.3663         0.04077        0.9935     0.8238       0.0001125
     0.15           40.15   6.239   28.24          0     0.764       0.1305    0.03718          -0.06831     -0.4659           0.7939       0.758          0.3601          0.0503        0.9893     0.7813       0.0002211
      0.2           40.16   6.239   28.24          0    0.7669       0.1823    0.04274          -0.06259     -0.4294           0.8055      0.7377          0.3539         0.06031        0.9855      0.737       0.0003088
      0.3            40.2   6.239   28.24          0    0.7729       0.2867    0.05499          -0.05003     -0.3557           0.8314      0.7118          0.3424         0.08753        0.9717     0.6253        0.001161
      0.4           40.23    6.24   28.24          0    0.7787       0.3925    0.06629          -0.03842     -0.2836            0.853      0.6793          0.3319          0.1278        0.9472      0.505        0.003438
      0.6           40.31   6.241   28.25          0    0.7904       0.5935    0.08921          -0.01487     -0.1388             0.91      0.6143          0.3092          0.2625        0.8518     0.2813          0.0211
      0.8           40.39   6.242   28.25          0    0.8017       0.7938     0.1116          0.008114   0.0001996           0.9601      0.5458          0.2866          0.5324        0.6948     0.1197          0.1401
        1           40.46   6.243   28.25          0    0.8134        1.003     0.1351           0.03224      0.1466            1.025      0.4678          0.2667           1.122        0.4768      0.035           1.317
     1.25           40.54   6.244   28.26          0    0.8277        1.264     0.1635           0.06136      0.3247            1.101      0.3755          0.2432            2.81        0.2432   0.004167           19.86
      1.5           40.62   6.245   28.26          0     0.843        1.528     0.1942           0.09294      0.5146            1.193      0.2867          0.2178            7.41       0.08133     0.0005           390.6

=== 1h P5|B|100
 edge_pct  trades_per_30d  mean_N  mean_L  liq_share  tp_share  drift_H_pct  gross_pct  net_notional_pct  eq_ret_pct  30d_median_mult  30d_p_loss  30d_mdd_median  1y_median_mult  1y_p_below50  1y_p_ruin  IS_median_mult
        0           28.92   6.251   28.26    0.01442    0.1621    -0.005985  -0.006271           -0.1568     -0.9234           0.6112      0.7765          0.5727         0.00269        0.9987     0.9702       3.624e-08
    0.025            28.9   6.251   28.26    0.01442    0.1635      0.01668   0.008202           -0.1422      -0.841           0.6258      0.7662          0.5676        0.003604        0.9975     0.9605       1.024e-07
     0.05           28.88   6.251   28.26    0.01434    0.1652      0.04072    0.02466           -0.1257     -0.7501           0.6422      0.7542          0.5613        0.004865        0.9962     0.9463       2.514e-07
    0.075           28.86    6.25   28.26    0.01421    0.1668      0.06663    0.04093           -0.1093     -0.6575           0.6565      0.7392          0.5536        0.006756        0.9947       0.93       6.513e-07
      0.1           28.85   6.251   28.26    0.01413    0.1684      0.09457    0.05655          -0.09359     -0.5719            0.671      0.7263          0.5472        0.009082        0.9918     0.9118       1.387e-06
     0.15            28.8   6.251   28.26    0.01389    0.1717       0.1471    0.09039          -0.05953     -0.3845           0.7065      0.6967          0.5356         0.01706        0.9818     0.8595       1.006e-05
      0.2           28.76   6.251   28.26    0.01369    0.1747       0.1996     0.1225          -0.02726     -0.2045           0.7497      0.6703          0.5216         0.03197        0.9657      0.794       5.275e-05
      0.3           28.69    6.25   28.26    0.01349    0.1807       0.3004     0.1846           0.03519      0.1424           0.8311      0.6115          0.4967          0.1066        0.9177      0.635        0.001443
      0.4           28.61    6.25   28.25    0.01308    0.1873       0.4067     0.2523            0.1033      0.5116           0.9193      0.5495          0.4735          0.3843        0.8262     0.4378          0.0694
      0.6           28.46   6.249   28.25    0.01245    0.1997       0.6109     0.3787            0.2305       1.221            1.112      0.4298          0.4274           4.334         0.559     0.1348           66.45
      0.8           28.31   6.249   28.25    0.01177    0.2115       0.8109     0.5047            0.3571       1.917            1.367      0.3153          0.3884           47.71        0.3088    0.02517       7.831e+04
        1           28.14   6.249   28.25    0.01119    0.2238        1.021     0.6338            0.4869       2.632            1.653      0.2163          0.3528           509.5        0.1487   0.003167       9.678e+07
     1.25           27.97   6.247   28.25    0.01033    0.2395        1.287     0.7917            0.6458       3.519            2.093      0.1238          0.3098            9501       0.05367          0       5.426e+11
      1.5           27.78   6.249   28.25   0.009501     0.256        1.558     0.9585            0.8136       4.433            2.691     0.05933          0.2756        1.81e+05       0.01967          0       2.744e+15

=== 1h P5c|A|10
 edge_pct  trades_per_30d  mean_N  mean_L  liq_share  tp_share  drift_H_pct  gross_pct  net_notional_pct  eq_ret_pct  30d_median_mult  30d_p_loss  30d_mdd_median  1y_median_mult  1y_p_below50  1y_p_ruin  IS_median_mult
        0           37.63   5.636   28.18     0.1089    0.8275     -0.02115    0.02027           -0.1304     -0.7868           0.6761       0.798          0.4733        0.006894        0.9985      0.968       4.657e-07
    0.025           37.65   5.694   28.18     0.1081     0.829    0.0009005    0.02449           -0.1257     -0.7433           0.6856      0.7882          0.4697        0.008234        0.9982      0.958        1.06e-06
     0.05           37.67    5.76   28.18      0.107    0.8307      0.02452    0.02951           -0.1201     -0.6926           0.7004      0.7757          0.4632         0.01053        0.9978     0.9448       1.491e-06
    0.075            37.7   5.824   28.18     0.1059    0.8325      0.04899    0.03468           -0.1144     -0.6404           0.7172      0.7628          0.4575         0.01323        0.9965     0.9278       3.165e-06
      0.1           37.71   5.889   28.18     0.1048    0.8342      0.07542    0.03945           -0.1091     -0.5885           0.7336      0.7493          0.4499         0.01649        0.9937     0.9043       8.558e-06
     0.15           37.76   6.019   28.18     0.1026    0.8377       0.1304    0.04992          -0.09745     -0.4868           0.7606      0.7208          0.4387         0.02647        0.9868     0.8502       3.402e-05
      0.2            37.8   6.149   28.18     0.1005    0.8411       0.1811    0.05969          -0.08658     -0.3881           0.7899      0.6908          0.4298         0.04123        0.9755     0.7778       0.0001247
      0.3            37.9   6.413   28.19     0.0966    0.8479       0.2868    0.07903          -0.06515     -0.1925           0.8537      0.6283          0.4122          0.0971        0.9343     0.6148        0.001619
      0.4           37.99   6.676   28.19     0.0926    0.8544       0.3916    0.09773          -0.04435   -0.002296           0.9208      0.5683          0.3981          0.2327        0.8582     0.4352         0.02389
      0.6           38.19   7.198    28.2    0.08482    0.8677       0.5925     0.1349         -0.003092      0.3855            1.064      0.4498            0.37           1.361        0.6188     0.1577           2.404
      0.8           38.39   7.721   28.21    0.07757    0.8803       0.7898     0.1706           0.03649      0.7555            1.237      0.3422          0.3568            7.68        0.3747    0.04433           379.2
        1           38.59   8.255   28.21    0.06946    0.8938       0.9983     0.2096           0.07977       1.157            1.454      0.2505          0.3383            50.3        0.2142       0.01       1.122e+05
     1.25           38.81   8.909   28.21    0.05993      0.91        1.258     0.2553            0.1306       1.637            1.763      0.1677          0.3214           488.1        0.1218     0.0025       5.164e+07
      1.5           39.05   9.571   28.22     0.0494     0.927        1.522     0.3044            0.1852        2.14             2.17       0.101           0.309            5348        0.0745  0.0008333       8.545e+10

=== 1h P5c|B|10
 edge_pct  trades_per_30d  mean_N  mean_L  liq_share  tp_share  drift_H_pct  gross_pct  net_notional_pct  eq_ret_pct  30d_median_mult  30d_p_loss  30d_mdd_median  1y_median_mult  1y_p_below50  1y_p_ruin  IS_median_mult
        0           40.03   5.656   28.28   0.003047    0.7612     -0.01922    0.01969          -0.08733     -0.5235           0.7771      0.7855          0.3617         0.04012        0.9943     0.8313       7.996e-05
    0.025           40.04   5.715   28.28   0.003068    0.7626     0.002825    0.02266          -0.08428      -0.497           0.7847      0.7762          0.3595         0.04569        0.9928     0.8078       0.0001194
     0.05           40.05    5.78   28.28   0.003053    0.7642      0.02621    0.02601          -0.08084     -0.4656           0.7959      0.7618          0.3549         0.05229        0.9898     0.7718       0.0001778
    0.075           40.06   5.845   28.28   0.003003    0.7659      0.05022    0.02962          -0.07712      -0.434           0.8057      0.7447          0.3525         0.06041        0.9865     0.7378       0.0003264
      0.1           40.07    5.91   28.28   0.002988    0.7673      0.07688    0.03261          -0.07404     -0.4057           0.8156      0.7327          0.3503         0.06818        0.9832     0.7028       0.0004832
     0.15           40.08    6.04   28.28   0.002923    0.7706       0.1308    0.03963          -0.06683     -0.3456           0.8351       0.707          0.3436         0.09026        0.9695      0.618       0.0009718
      0.2            40.1   6.171   28.28   0.002902    0.7735       0.1825    0.04568          -0.06061     -0.2913           0.8505      0.6797          0.3412          0.1153        0.9488     0.5413        0.001934
      0.3           40.13   6.435   28.28    0.00285    0.7793       0.2869    0.05819          -0.04777     -0.1821           0.8894      0.6342          0.3358          0.1868        0.8995     0.4082        0.009592
      0.4           40.16   6.699   28.28   0.002806    0.7853       0.3916    0.07037          -0.03526    -0.07198           0.9261       0.582          0.3297          0.3119        0.8268      0.285         0.03567
      0.6           40.24   7.221   28.29   0.002688    0.7971       0.5922    0.09487          -0.01007      0.1527            1.007      0.4947          0.3175          0.8452        0.6338     0.1232          0.5762
      0.8           40.32   7.746   28.29   0.002599    0.8084       0.7917     0.1183           0.01399      0.3682            1.092      0.4178          0.3137           2.252         0.447    0.04683           9.365
        1           40.39   8.281   28.29   0.002462    0.8202            1     0.1433           0.03972      0.6009            1.199      0.3423          0.3064           6.461        0.2995    0.01833           207.1
     1.25           40.47   8.937   28.29   0.002339    0.8344        1.261     0.1727           0.06986      0.8727            1.331      0.2727          0.3037           21.91        0.1828   0.006167            7807
      1.5           40.55   9.599   28.29   0.002181    0.8497        1.525      0.205            0.1031       1.164            1.482      0.2183          0.3035           84.42        0.1217     0.0025       4.502e+05

=== 1h P5c|C|10
 edge_pct  trades_per_30d  mean_N  mean_L  liq_share  tp_share  drift_H_pct  gross_pct  net_notional_pct  eq_ret_pct  30d_median_mult  30d_p_loss  30d_mdd_median  1y_median_mult  1y_p_below50  1y_p_ruin  IS_median_mult
        0           40.09   5.647   28.24          0    0.7545     -0.02002    0.01785          -0.08815     -0.5227           0.7756      0.7888          0.3558         0.04211        0.9953     0.8272       0.0001169
    0.025            40.1   5.707   28.24          0     0.756     0.002151    0.02072           -0.0852     -0.4964            0.782       0.779          0.3526         0.04759        0.9945     0.8005       0.0001412
     0.05           40.11   5.772   28.24          0    0.7576      0.02562    0.02403           -0.0818     -0.4652           0.7939      0.7662          0.3481         0.05515        0.9917     0.7683       0.0002103
    0.075           40.12   5.836   28.24          0    0.7593      0.04954    0.02758          -0.07816     -0.4337           0.8023      0.7483          0.3433         0.06273        0.9857     0.7303       0.0003549
      0.1           40.13   5.901   28.24          0    0.7608       0.0762     0.0306          -0.07506     -0.4052            0.816      0.7368          0.3405         0.07133        0.9838     0.6938       0.0005093
     0.15           40.15   6.032   28.24          0     0.764       0.1305    0.03718          -0.06831     -0.3482           0.8361       0.712          0.3346         0.09312        0.9693      0.604        0.001208
      0.2           40.16   6.162   28.24          0    0.7669       0.1823    0.04274          -0.06259     -0.2963           0.8519      0.6848          0.3326          0.1166        0.9492      0.541        0.002132
      0.3            40.2   6.425   28.24          0    0.7729       0.2867    0.05499          -0.05003     -0.1873             0.89      0.6375          0.3276          0.1912        0.8982     0.3898        0.009259
      0.4           40.23   6.689   28.24          0    0.7787       0.3925    0.06629          -0.03842    -0.08255           0.9263      0.5927           0.322          0.3041         0.824     0.2772         0.04113
      0.6           40.31    7.21   28.25          0    0.7904       0.5935    0.08921          -0.01487      0.1326            1.004      0.4952          0.3108          0.7995        0.6297     0.1187          0.5227
      0.8           40.39   7.734   28.25          0    0.8017       0.7938     0.1116          0.008114      0.3402             1.08      0.4212          0.3099           2.097        0.4442      0.044           6.485
        1           40.46    8.27   28.25          0    0.8134        1.003     0.1351           0.03224      0.5649            1.187      0.3505          0.3041           5.829        0.2935      0.017           148.9
     1.25           40.54   8.926   28.26          0    0.8277        1.264     0.1635           0.06136      0.8312            1.306       0.277          0.3004            19.1         0.186   0.004833            3853
      1.5           40.62   9.587   28.26          0     0.843        1.528     0.1942           0.09294       1.112            1.449      0.2212          0.3034           69.43        0.1187      0.001       2.702e+05

=== 1h P6|B|none
 edge_pct  trades_per_30d  mean_N  mean_L  liq_share  tp_share  drift_H_pct  gross_pct  net_notional_pct  eq_ret_pct  30d_median_mult  30d_p_loss  30d_mdd_median  1y_median_mult  1y_p_below50  1y_p_ruin  IS_median_mult
        0           27.55  0.6035   9.945          0         0    -0.004257   -0.03124           -0.1852    -0.09217           0.9673      0.6828         0.07251          0.7024       0.09317          0          0.3796
    0.025           27.52  0.6035   9.945          0         0      0.01789   -0.01553           -0.1695    -0.08361           0.9697      0.6712         0.07143          0.7234        0.0745          0          0.4044
     0.05           27.49  0.6035   9.945          0         0      0.04158   0.001476           -0.1525    -0.07501           0.9727      0.6587         0.06987          0.7452       0.05917          0          0.4442
    0.075           27.46  0.6035   9.945          0         0      0.06646    0.01929           -0.1348    -0.06603           0.9752      0.6437         0.06888          0.7659         0.045          0          0.4782
      0.1           27.43  0.6036   9.945          0         0      0.09525    0.03887           -0.1152    -0.05652           0.9773      0.6303         0.06786           0.789       0.03417          0          0.5281
     0.15           27.36  0.6037   9.945          0         0       0.1461    0.07488          -0.07927    -0.03787            0.982      0.6015         0.06544          0.8431       0.01783          0          0.6245
      0.2            27.3  0.6038   9.945          0         0       0.1992     0.1114          -0.04287     -0.0196            0.987      0.5707         0.06303          0.8978      0.009167          0          0.7379
      0.3            27.2  0.6039   9.945          0         0       0.2972     0.1791           0.02475      0.0153           0.9964      0.5183          0.0593           1.006         0.003          0           1.031
      0.4           27.08   0.604   9.945          0         0       0.4022     0.2533           0.09881     0.05195            1.007       0.461         0.05554           1.134        0.0005          0           1.493
      0.6           26.85  0.6042   9.945          0         0       0.6028      0.389            0.2342      0.1228            1.026      0.3558         0.04892            1.42             0          0            2.88
      0.8           26.64  0.6044   9.945          0         0       0.7998     0.5271             0.372      0.1939            1.045      0.2548         0.04215           1.786             0          0           5.444
        1            26.4  0.6047   9.945          0         0        1.006      0.669            0.5137      0.2673            1.065      0.1718         0.03843           2.246             0          0           10.38
     1.25           26.11   0.605   9.946          0         0        1.272     0.8492            0.6935      0.3607            1.089     0.09567         0.03184           2.984             0          0           24.73
      1.5           25.82  0.6056   9.946          0         0        1.538      1.031            0.8751      0.4541            1.115     0.04617         0.02866           3.927             0          0           56.09

=== 1h P6h|B|none
 edge_pct  trades_per_30d  mean_N  mean_L  liq_share  tp_share  drift_H_pct  gross_pct  net_notional_pct  eq_ret_pct  30d_median_mult  30d_p_loss  30d_mdd_median  1y_median_mult  1y_p_below50  1y_p_ruin  IS_median_mult
        0           27.55  0.3017   9.945          0         0    -0.004257   -0.03124           -0.1852    -0.04608            0.984      0.6767         0.03671           0.844             0          0          0.6286
    0.025           27.52  0.3017   9.945          0         0      0.01789   -0.01553           -0.1695     -0.0418           0.9853      0.6652         0.03619          0.8564             0          0          0.6498
     0.05           27.49  0.3018   9.945          0         0      0.04158   0.001476           -0.1525     -0.0375           0.9868      0.6525         0.03539          0.8694             0          0          0.6813
    0.075           27.46  0.3018   9.945          0         0      0.06646    0.01929           -0.1348    -0.03302            0.988       0.637         0.03487          0.8812             0          0          0.7057
      0.1           27.43  0.3018   9.945          0         0      0.09525    0.03887           -0.1152    -0.02826           0.9891      0.6245         0.03436          0.8944             0          0          0.7429
     0.15           27.36  0.3018   9.945          0         0       0.1461    0.07488          -0.07927    -0.01894           0.9915      0.5958         0.03309          0.9251             0          0           0.807
      0.2            27.3  0.3019   9.945          0         0       0.1992     0.1114          -0.04287   -0.009801           0.9939      0.5653         0.03187          0.9545             0          0           0.877
      0.3            27.2  0.3019   9.945          0         0       0.2972     0.1791           0.02475    0.007651           0.9987      0.5137         0.02997           1.011             0          0           1.037
      0.4           27.08   0.302   9.945          0         0       0.4022     0.2533           0.09881     0.02597            1.004      0.4558         0.02802           1.073             0          0            1.25
      0.6           26.85  0.3021   9.945          0         0       0.6028      0.389            0.2342      0.0614            1.013      0.3507         0.02463           1.201             0          0           1.736
      0.8           26.64  0.3022   9.945          0         0       0.7998     0.5271             0.372     0.09697            1.023      0.2497          0.0212           1.347             0          0           2.389
        1            26.4  0.3023   9.945          0         0        1.006      0.669            0.5137      0.1337            1.033      0.1675         0.01933           1.511             0          0           3.297
     1.25           26.11  0.3025   9.946          0         0        1.272     0.8492            0.6935      0.1804            1.044      0.0925         0.01598           1.742             0          0           5.093
      1.5           25.82  0.3028   9.946          0         0        1.538      1.031            0.8751      0.2271            1.057     0.04467         0.01437           1.999             0          0           7.678

=== 1h P6|B|10
 edge_pct  trades_per_30d  mean_N  mean_L  liq_share  tp_share  drift_H_pct  gross_pct  net_notional_pct  eq_ret_pct  30d_median_mult  30d_p_loss  30d_mdd_median  1y_median_mult  1y_p_below50  1y_p_ruin  IS_median_mult
        0           35.23  0.5895   9.937          0     0.566     -0.01657    0.02064           -0.0979    -0.06333           0.9762      0.7015         0.05351          0.7535      0.008167          0          0.4477
    0.025           35.23  0.5895   9.937          0    0.5682     0.005269    0.02705          -0.09137    -0.05948           0.9778      0.6928         0.05277          0.7658         0.005          0          0.4703
     0.05           35.24  0.5894   9.937          0    0.5708      0.02879     0.0347          -0.08359    -0.05512           0.9796      0.6842         0.05187          0.7782        0.0035          0           0.492
    0.075           35.24  0.5894   9.937          0    0.5735       0.0537    0.04268          -0.07546    -0.05044           0.9814      0.6682          0.0512          0.7937      0.002667          0          0.5148
      0.1           35.24  0.5894   9.937          0    0.5758      0.08067    0.04931          -0.06872    -0.04655           0.9828       0.654          0.0505          0.8072      0.001167          0          0.5427
     0.15           35.25  0.5893   9.937          0     0.581       0.1359    0.06473          -0.05303    -0.03753           0.9861      0.6277         0.04921          0.8389     0.0006667          0          0.6109
      0.2           35.26  0.5893   9.937          0    0.5857       0.1901    0.07842          -0.03911     -0.0293           0.9886      0.6032         0.04816          0.8704     0.0003333          0          0.6831
      0.3           35.27  0.5893   9.937          0    0.5952        0.296     0.1064          -0.01062    -0.01296           0.9942      0.5488         0.04489          0.9347             0          0           0.823
      0.4           35.28  0.5892   9.937          0    0.6048       0.4043     0.1354           0.01883    0.003578                1      0.4993         0.04217           1.003             0          0            1.02
      0.6           35.31  0.5889   9.937          0    0.6244       0.6082     0.1919           0.07639     0.03722            1.012      0.3948         0.03824           1.157             0          0            1.57
      0.8           35.35  0.5888   9.937          0    0.6431       0.8086     0.2469            0.1323     0.06963            1.024      0.2882         0.03384           1.331             0          0           2.303
        1           35.37  0.5886   9.937          0    0.6622        1.017     0.3031            0.1894      0.1025            1.036      0.2032         0.02995           1.536             0          0           3.527
     1.25           35.41  0.5883   9.937          0    0.6859         1.28     0.3722            0.2598      0.1436            1.051      0.1172          0.0263           1.832             0          0           5.724
      1.5           35.45  0.5881   9.937          0    0.7106        1.551     0.4442             0.333      0.1859            1.068     0.05817         0.02298           2.204             0          0           10.19

=== 4h P0|A|10
 edge_pct  trades_per_30d  mean_N  mean_L  liq_share  tp_share  drift_H_pct  gross_pct  net_notional_pct  eq_ret_pct  30d_median_mult  30d_p_loss  30d_mdd_median  1y_median_mult  1y_p_below50  1y_p_ruin  IS_median_mult
        0           10.64       1       1  2.648e-05   0.02537     -0.01496    0.01039           -0.1482     -0.1482           0.9836      0.5715         0.08007           0.762        0.2148     0.0045          0.4492
    0.025           10.64       1       1  2.648e-05   0.02556     0.009818    0.03515           -0.1234     -0.1234           0.9854      0.5623         0.07904          0.7866        0.1977     0.0045          0.4992
     0.05           10.64       1       1  2.648e-05   0.02572      0.03261    0.05792           -0.1006     -0.1006           0.9875      0.5542         0.07786          0.8078         0.182     0.0045          0.5793
    0.075           10.64       1       1  2.648e-05   0.02603      0.05953    0.08439          -0.07416    -0.07416           0.9898      0.5452         0.07694          0.8347        0.1615     0.0045          0.6427
      0.1           10.64       1       1  2.648e-05   0.02635       0.0856     0.1105            -0.048      -0.048           0.9921      0.5362         0.07619          0.8631        0.1438     0.0045          0.7054
     0.15           10.64       1       1  2.648e-05   0.02695       0.1401     0.1658          0.007321    0.007323            0.997       0.514         0.07402          0.9308        0.1108     0.0045          0.8875
      0.2           10.64       1       1  2.648e-05    0.0273         0.19     0.2159           0.05745     0.05745            1.001      0.4943          0.0724          0.9893       0.08367     0.0045           1.032
      0.3           10.64       1       1  2.648e-05   0.02822       0.2849     0.3115            0.1531      0.1531            1.011      0.4565         0.06759           1.123       0.05133     0.0045           1.372
      0.4           10.64       1       1  2.647e-05   0.02907       0.3757     0.4027            0.2443      0.2443            1.021      0.4183          0.0649           1.259         0.031     0.0045           1.852
      0.6           10.64       1       1  2.647e-05   0.03115       0.5873     0.6145            0.4562      0.4562            1.043       0.338         0.05589           1.664      0.009667     0.0045           4.151
      0.8           10.64       1       1  2.647e-05   0.03306       0.7925     0.8174            0.6593      0.6593            1.063      0.2612         0.04955           2.159      0.006667     0.0045           10.43
        1           10.65       1       1  2.646e-05   0.03445       0.9838      1.009            0.8512      0.8512            1.085      0.1963         0.04246           2.772      0.005167     0.0045           21.53
     1.25           10.65       1       1  2.646e-05   0.03699        1.243      1.267             1.109       1.109            1.115      0.1225         0.03456           3.879         0.005     0.0045           48.53
      1.5           10.65       1       1  2.645e-05   0.03966        1.512      1.533             1.375       1.375            1.144      0.0665         0.02507           5.462        0.0045     0.0045           149.6

=== 4h P0|B|10
 edge_pct  trades_per_30d  mean_N  mean_L  liq_share  tp_share  drift_H_pct  gross_pct  net_notional_pct  eq_ret_pct  30d_median_mult  30d_p_loss  30d_mdd_median  1y_median_mult  1y_p_below50  1y_p_ruin  IS_median_mult
        0           10.85       1       1          0   0.02444     -0.01276   -0.01603           -0.1731     -0.1731           0.9764      0.5993         0.08287          0.7408        0.1903          0          0.4429
    0.025           10.84       1       1          0    0.0246      0.01106   0.006712           -0.1503     -0.1503           0.9788        0.59         0.08176          0.7631        0.1698          0          0.4948
     0.05           10.84       1       1          0   0.02476      0.03417    0.02859           -0.1285     -0.1285           0.9813       0.581         0.08065          0.7854         0.148          0          0.5156
    0.075           10.84       1       1          0    0.0251       0.0616     0.0526           -0.1044     -0.1044           0.9829      0.5713         0.07977          0.8119        0.1287          0          0.5841
      0.1           10.84       1       1          0   0.02542      0.08824    0.07749          -0.07956    -0.07956           0.9858      0.5607         0.07846          0.8372        0.1113          0          0.6478
     0.15           10.83       1       1          0     0.026       0.1437     0.1288          -0.02824    -0.02824           0.9909      0.5385         0.07632          0.8947       0.08267          0          0.7585
      0.2           10.83       1       1          0   0.02637       0.1943     0.1758           0.01878     0.01878           0.9958      0.5178          0.0744          0.9533         0.057          0          0.8731
      0.3           10.82       1       1          0   0.02725       0.2905     0.2661            0.1091      0.1091            1.004      0.4788          0.0707            1.07       0.02783          0           1.277
      0.4           10.82       1       1          0   0.02805       0.3809     0.3532            0.1961      0.1961            1.013      0.4405         0.06748           1.201        0.0125          0           1.785
      0.6            10.8       1       1          0   0.02999       0.5926     0.5487            0.3916      0.3916            1.034        0.36         0.05949           1.545      0.001833          0           3.776
      0.8           10.79       1       1          0   0.03181        0.797     0.7384            0.5813      0.5813            1.055       0.283         0.05304           1.983     0.0001667          0           7.698
        1           10.77       1       1          0   0.03306       0.9873     0.9165            0.7594      0.7594            1.076       0.216         0.04716           2.493             0          0           14.84
     1.25           10.76       1       1          0   0.03551        1.244      1.152            0.9952      0.9952            1.102      0.1455         0.04124           3.377             0          0           36.66
      1.5           10.74       1       1          0   0.03814        1.513      1.395             1.238       1.238            1.129     0.08767         0.03513           4.646             0          0           90.32

=== 4h P1|B|10
 edge_pct  trades_per_30d  mean_N  mean_L  liq_share  tp_share  drift_H_pct  gross_pct  net_notional_pct  eq_ret_pct  30d_median_mult  30d_p_loss  30d_mdd_median  1y_median_mult  1y_p_below50  1y_p_ruin  IS_median_mult
        0           11.33    1.25       5  7.458e-05    0.4096     -0.01005    0.02456           -0.1096      -0.137           0.9846      0.5662         0.08508          0.7795          0.16          0          0.5173
    0.025           11.33    1.25       5  7.456e-05    0.4123      0.01418    0.04058           -0.0934     -0.1167           0.9868      0.5553          0.0839          0.8057        0.1412          0          0.5647
     0.05           11.34    1.25       5  7.454e-05    0.4149      0.03728    0.05624           -0.0776    -0.09699           0.9889      0.5455         0.08315          0.8257         0.122          0          0.5998
    0.075           11.34    1.25       5  7.453e-05    0.4175       0.0641    0.07173          -0.06196    -0.07746           0.9905      0.5365         0.08221          0.8489        0.1038          0           0.631
      0.1           11.34    1.25       5  7.452e-05    0.4201       0.0904    0.08856          -0.04499    -0.05624           0.9937      0.5265         0.08148          0.8729       0.08883          0           0.687
     0.15           11.34    1.25       5   7.45e-05    0.4263       0.1463     0.1245         -0.008708    -0.01089            0.998      0.5058         0.07966          0.9276         0.066          0          0.8102
      0.2           11.35    1.25       5  7.448e-05     0.432       0.1962     0.1569           0.02403     0.03004            1.004      0.4842          0.0775          0.9834       0.04683          0          0.9605
      0.3           11.35    1.25       5  7.443e-05    0.4433       0.2947     0.2227           0.09037       0.113            1.014      0.4418          0.0741             1.1         0.024          0           1.238
      0.4           11.36    1.25       5  7.441e-05    0.4536       0.3852     0.2829            0.1512       0.189            1.023      0.4058         0.07034            1.22       0.01133          0            1.74
      0.6           11.37    1.25       5  7.434e-05    0.4767       0.5953     0.4182            0.2877      0.3596            1.044      0.3237         0.06288           1.549         0.002          0           3.543
      0.8           11.38    1.25       5  7.426e-05    0.4999       0.8042     0.5538            0.4245      0.5306            1.062      0.2522         0.05698           1.975     0.0001667          0           7.134
        1           11.38    1.25       5  7.423e-05    0.5217       0.9948     0.6819            0.5538      0.6922            1.083      0.1928         0.05222           2.471             0          0           13.99
     1.25            11.4    1.25       5  7.416e-05    0.5485        1.252     0.8424            0.7158      0.8947            1.108      0.1263         0.04613           3.283             0          0           34.64
      1.5           11.41    1.25       5  4.938e-05     0.577         1.52      1.014            0.8885       1.111            1.134      0.0725         0.03829           4.467             0          0           81.83

=== 4h P2|B|10
 edge_pct  trades_per_30d  mean_N  mean_L  liq_share  tp_share  drift_H_pct  gross_pct  net_notional_pct  eq_ret_pct  30d_median_mult  30d_p_loss  30d_mdd_median  1y_median_mult  1y_p_below50  1y_p_ruin  IS_median_mult
        0           11.79     2.5      10   0.001123    0.6285     -0.01357    0.02127          -0.09921      -0.248           0.9729      0.5763          0.1389          0.5976        0.5057      0.002          0.2482
    0.025           11.79     2.5      10   0.001123    0.6315     0.009621    0.03175          -0.08856     -0.2214           0.9763      0.5677          0.1372          0.6205         0.481      0.002          0.2714
     0.05            11.8     2.5      10   0.001122    0.6341      0.03319    0.04145          -0.07872     -0.1968           0.9781      0.5617          0.1353          0.6428        0.4565     0.0015          0.3047
    0.075            11.8     2.5      10   0.001122    0.6369      0.06046    0.05157          -0.06845     -0.1711           0.9806      0.5545           0.134          0.6701        0.4305  0.0008333          0.3288
      0.1            11.8     2.5      10   0.001098    0.6397      0.08662    0.06265           -0.0572      -0.143           0.9834      0.5468          0.1329          0.6958         0.403     0.0005          0.3877
     0.15           11.81     2.5      10   0.001025    0.6461        0.141    0.08526           -0.0342     -0.0855           0.9899      0.5282          0.1304          0.7578        0.3488     0.0005          0.4746
      0.2           11.82     2.5      10   0.001025    0.6518       0.1934     0.1059          -0.01322    -0.03306           0.9954      0.5135          0.1283          0.8135        0.3045  0.0001667          0.5934
      0.3           11.83     2.5      10   0.001048    0.6629       0.2929     0.1461           0.02756      0.0689            1.007      0.4783          0.1224           0.943        0.2247          0          0.8808
      0.4           11.84     2.5      10  0.0009519    0.6738       0.3838     0.1859           0.06802      0.1701            1.021      0.4477          0.1177           1.106        0.1588          0           1.379
      0.6           11.85     2.5      10  0.0008795    0.6967       0.5967     0.2707            0.1541      0.3853             1.05      0.3727          0.1057            1.52       0.06183          0           3.453
      0.8           11.87     2.5      10  0.0008068     0.719       0.8042      0.355            0.2397      0.5993            1.077      0.3085         0.09737           2.089        0.0165          0           8.336
        1           11.89     2.5      10  0.0008057    0.7414       0.9956     0.4349            0.3208      0.8021            1.105        0.25         0.09075           2.864        0.0065          0           19.33
     1.25           11.92     2.5      10  0.0008038    0.7691         1.25     0.5372            0.4247       1.062            1.138      0.1847         0.07957           4.228      0.001167          0           66.03
      1.5           11.94     2.5      10  0.0007547    0.7986        1.516     0.6478            0.5369       1.342            1.177      0.1192         0.06546           6.479     0.0001667          0             228

=== 4h P2|C|10
 edge_pct  trades_per_30d  mean_N  mean_L  liq_share  tp_share  drift_H_pct  gross_pct  net_notional_pct  eq_ret_pct  30d_median_mult  30d_p_loss  30d_mdd_median  1y_median_mult  1y_p_below50  1y_p_ruin  IS_median_mult
        0           11.71     2.5      10          0    0.6325     -0.01134    0.01126           -0.1091     -0.2727           0.9676      0.5867          0.1401          0.5808        0.5262      0.004           0.179
    0.025           11.72     2.5      10          0    0.6355      0.01204    0.02206           -0.0981     -0.2453           0.9707      0.5768          0.1387          0.6039        0.5027   0.002667          0.2122
     0.05           11.72     2.5      10          0    0.6381      0.03511    0.03186          -0.08816     -0.2204            0.974      0.5688          0.1366          0.6259         0.477      0.002          0.2297
    0.075           11.73     2.5      10          0    0.6411      0.06162      0.043          -0.07684     -0.1921           0.9774      0.5605          0.1353          0.6534        0.4502   0.001667          0.2628
      0.1           11.73     2.5      10          0    0.6438      0.08754    0.05405          -0.06564     -0.1641           0.9804      0.5533          0.1337          0.6812        0.4252   0.001333          0.2974
     0.15           11.74     2.5      10          0    0.6503       0.1423    0.07743          -0.04188     -0.1047           0.9885      0.5327          0.1305          0.7414        0.3707  0.0006667          0.4148
      0.2           11.75     2.5      10          0    0.6561       0.1949    0.09906          -0.01991    -0.04978            0.994      0.5175          0.1257          0.8026        0.3172  0.0003333          0.5292
      0.3           11.76     2.5      10          0    0.6673       0.2928     0.1414           0.02312     0.05781            1.006      0.4847          0.1228          0.9436        0.2348          0          0.8255
      0.4           11.77     2.5      10          0    0.6783       0.3835     0.1822           0.06448      0.1612            1.019      0.4545          0.1226           1.099        0.1662          0            1.26
      0.6           11.79     2.5      10          0    0.7012       0.5962     0.2709            0.1546      0.3864             1.05      0.3798          0.1225           1.526        0.0625          0           3.449
      0.8           11.82     2.5      10          0    0.7236       0.8038     0.3578            0.2428      0.6069            1.078       0.314          0.1224           2.137        0.0165          0             8.9
        1           11.85     2.5      10          0    0.7461       0.9957     0.4408             0.327      0.8176            1.105      0.2493          0.1118           2.921      0.004333          0           21.66
     1.25           11.88     2.5      10          0    0.7738        1.251     0.5478            0.4356       1.089            1.142      0.1813         0.08617           4.352     0.0003333          0           69.98
      1.5           11.92     2.5      10          0    0.8038        1.516     0.6636            0.5532       1.383            1.185      0.1122         0.05475           6.812     0.0001667          0             260

=== 4h P3|A|10
 edge_pct  trades_per_30d  mean_N  mean_L  liq_share  tp_share  drift_H_pct  gross_pct  net_notional_pct  eq_ret_pct  30d_median_mult  30d_p_loss  30d_mdd_median  1y_median_mult  1y_p_below50  1y_p_ruin  IS_median_mult
        0           12.17       4      20    0.06619    0.7885     -0.01735    0.03534           -0.1029     -0.4114           0.9569      0.5788          0.2032           0.412         0.731    0.06467         0.06282
    0.025           12.17       4      20    0.06574    0.7904     0.006582    0.04068           -0.0972     -0.3888           0.9605      0.5728          0.2032          0.4277        0.7192    0.05917         0.06594
     0.05           12.18       4      20    0.06524    0.7924      0.02945    0.04635          -0.09121     -0.3648            0.965      0.5673          0.2032          0.4469        0.7018    0.05367         0.06984
    0.075           12.18       4      20    0.06466    0.7944      0.05587    0.05208          -0.08512     -0.3405           0.9663       0.563           0.203          0.4607        0.6877    0.04667           0.082
      0.1           12.18       4      20    0.06388    0.7964      0.08169    0.05878          -0.07797     -0.3119           0.9671      0.5582           0.203          0.4819         0.664    0.04167          0.1026
     0.15           12.19       4      20    0.06256    0.8006       0.1369    0.07153           -0.0644     -0.2576           0.9746      0.5468           0.203          0.5263         0.626     0.0335           0.117
      0.2            12.2       4      20    0.06148    0.8046       0.1883    0.08338          -0.05184     -0.2074           0.9819      0.5355           0.203          0.5705        0.5895    0.02867          0.1417
      0.3           12.21       4      20    0.05905    0.8127       0.2868     0.1076          -0.02613     -0.1045           0.9932       0.509           0.203          0.6668        0.5093    0.01867          0.2625
      0.4           12.22       4      20    0.05708    0.8206       0.3782       0.13         -0.002406   -0.009625            1.008      0.4882          0.1972          0.7775        0.4338    0.01133          0.3674
      0.6           12.24       4      20    0.05227    0.8367       0.5892     0.1793            0.0499      0.1996            1.032      0.4362          0.1633           1.089        0.2877   0.004167           1.132
      0.8           12.26       4      20    0.04711    0.8521       0.7961     0.2277            0.1015      0.4058            1.064       0.382          0.1234           1.513        0.1667  0.0008333           3.074
        1           12.28       4      20    0.04273    0.8681       0.9918     0.2739            0.1504      0.6018            1.099       0.335          0.1021           2.067         0.084          0           7.396
     1.25           12.31       4      20    0.03673    0.8882        1.247     0.3345            0.2149      0.8595            1.138       0.273         0.07149           3.135         0.031          0           25.65
      1.5           12.34       4      20    0.03034    0.9091         1.51     0.3984            0.2828       1.131            1.187      0.2015         0.03631           4.796      0.008833          0           96.17

=== 4h P3|B|10
 edge_pct  trades_per_30d  mean_N  mean_L  liq_share  tp_share  drift_H_pct  gross_pct  net_notional_pct  eq_ret_pct  30d_median_mult  30d_p_loss  30d_mdd_median  1y_median_mult  1y_p_below50  1y_p_ruin  IS_median_mult
        0           12.25       4      20     0.0247    0.7804      -0.0183     0.0373            -0.083      -0.332            0.967      0.5723          0.1733          0.4848        0.6542    0.02967           0.102
    0.025           12.25       4      20     0.0246    0.7824     0.005424    0.04254           -0.0776     -0.3104           0.9686       0.565          0.1713           0.501        0.6407    0.02633          0.1086
     0.05           12.25       4      20    0.02446    0.7843      0.02846     0.0479          -0.07207     -0.2883           0.9708        0.56          0.1697          0.5221         0.624      0.024           0.126
    0.075           12.26       4      20    0.02423    0.7862      0.05538    0.05311          -0.06666     -0.2666           0.9738       0.555          0.1688          0.5367        0.6037    0.02183           0.135
      0.1           12.26       4      20    0.02397    0.7883      0.08123    0.05967          -0.05986     -0.2394           0.9772      0.5485          0.1676          0.5605        0.5827    0.01733           0.167
     0.15           12.26       4      20    0.02352    0.7923       0.1362    0.07113          -0.04798     -0.1919           0.9825      0.5373          0.1644          0.6008        0.5458     0.0135           0.207
      0.2           12.27       4      20    0.02333    0.7963       0.1875     0.0821           -0.0367     -0.1468           0.9885      0.5223          0.1624          0.6432        0.5053     0.0095          0.2548
      0.3           12.27       4      20    0.02263    0.8044       0.2882     0.1052          -0.01285    -0.05139            1.002      0.4965          0.1568          0.7518        0.4222     0.0055          0.3872
      0.4           12.28       4      20    0.02215    0.8122       0.3795     0.1261          0.008758     0.03503             1.01      0.4753          0.1526            0.86        0.3588     0.0035          0.5304
      0.6            12.3       4      20    0.02126    0.8281       0.5906     0.1714           0.05534      0.2214            1.036      0.4222          0.1397           1.157        0.2223      0.001           1.454
      0.8           12.31       4      20    0.01961    0.8434       0.7972      0.217            0.1024      0.4097            1.062      0.3692          0.1284           1.571        0.1215  0.0001667           3.726
        1           12.33       4      20    0.01842     0.859       0.9925     0.2596            0.1465      0.5859            1.087      0.3213          0.1163           2.076       0.05683          0           8.008
     1.25           12.35       4      20    0.01693    0.8789        1.247     0.3155            0.2041      0.8165            1.119      0.2607         0.09772           2.989       0.02017          0           23.17
      1.5           12.37       4      20    0.01517    0.8995         1.51     0.3743            0.2649        1.06            1.159      0.1997         0.07468           4.403      0.008333          0           71.05

=== 4h P3|C|10
 edge_pct  trades_per_30d  mean_N  mean_L  liq_share  tp_share  drift_H_pct  gross_pct  net_notional_pct  eq_ret_pct  30d_median_mult  30d_p_loss  30d_mdd_median  1y_median_mult  1y_p_below50  1y_p_ruin  IS_median_mult
        0           12.35       4      20          0    0.7439     -0.01507    0.02456          -0.08629     -0.3452           0.9566      0.6083          0.1537          0.5074        0.6127      0.005          0.1523
    0.025           12.35       4      20          0    0.7458     0.008605    0.02926          -0.08148     -0.3259           0.9591       0.601          0.1489          0.5216        0.5938   0.004833          0.1585
     0.05           12.35       4      20          0    0.7477      0.03131    0.03389          -0.07674      -0.307           0.9633       0.595          0.1472          0.5372        0.5757   0.003833          0.1742
    0.075           12.35       4      20          0    0.7495      0.05801    0.03825          -0.07229     -0.2892           0.9659      0.5897           0.147          0.5512        0.5592   0.002667          0.1726
      0.1           12.36       4      20          0    0.7515      0.08363    0.04308          -0.06735     -0.2694           0.9696      0.5862          0.1468          0.5675        0.5403   0.002667          0.2054
     0.15           12.36       4      20          0    0.7553       0.1382    0.05281          -0.05741     -0.2297           0.9712      0.5728          0.1466          0.6006        0.5048     0.0015          0.2396
      0.2           12.36       4      20          0    0.7592       0.1892    0.06244          -0.04757     -0.1903           0.9759      0.5607          0.1464          0.6403        0.4588   0.001333          0.2754
      0.3           12.37       4      20          0    0.7674       0.2896    0.08241          -0.02715     -0.1086           0.9907      0.5327          0.1348          0.7325         0.372  0.0006667          0.4041
      0.4           12.37       4      20          0    0.7749       0.3813     0.1004         -0.008756    -0.03502           0.9936      0.5113          0.1285          0.8226        0.3058  0.0003333          0.5535
      0.6           12.39       4      20          0    0.7898       0.5924     0.1375           0.02919      0.1168            1.016      0.4583          0.1141           1.047        0.1812          0           1.124
      0.8            12.4       4      20          0    0.8047       0.7977     0.1746           0.06712      0.2685            1.036      0.4085          0.0964           1.329       0.09183          0           2.338
        1           12.41       4      20          0    0.8193       0.9941     0.2092            0.1025        0.41            1.057      0.3687          0.0962           1.654       0.04317          0           4.103
     1.25           12.42       4      20          0    0.8376        1.249     0.2543            0.1486      0.5945            1.081      0.3105           0.096           2.216       0.01433          0           9.621
      1.5           12.44       4      20          0    0.8575        1.513     0.3033            0.1987      0.7948            1.109      0.2443          0.0958           3.038      0.004333          0           25.46

=== 4h P3|B|30
 edge_pct  trades_per_30d  mean_N  mean_L  liq_share  tp_share  drift_H_pct  gross_pct  net_notional_pct  eq_ret_pct  30d_median_mult  30d_p_loss  30d_mdd_median  1y_median_mult  1y_p_below50  1y_p_ruin  IS_median_mult
        0           11.54       4      20    0.05093    0.5004     -0.01026    0.01276           -0.1372     -0.5488           0.9164       0.621          0.2502          0.2709        0.8543     0.2212         0.02068
    0.025           11.55       4      20     0.0506    0.5033      0.01391    0.02566            -0.124      -0.496           0.9234      0.6105           0.247          0.2927         0.838     0.2003         0.02702
     0.05           11.55       4      20    0.05015     0.506       0.0374    0.03873           -0.1106     -0.4424           0.9312      0.6005          0.2441           0.314        0.8188     0.1822         0.03682
    0.075           11.55       4      20    0.04963    0.5089      0.06379    0.05207          -0.09688     -0.3875           0.9361       0.594          0.2416          0.3391        0.7988     0.1588         0.05013
      0.1           11.55       4      20     0.0492    0.5118      0.09027    0.06652          -0.08209     -0.3284           0.9438       0.584          0.2394          0.3732        0.7798     0.1393         0.05401
     0.15           11.56       4      20    0.04835    0.5186       0.1455    0.09658          -0.05129     -0.2052           0.9587      0.5643           0.233          0.4385        0.7297     0.1075          0.1023
      0.2           11.57       4      20    0.04756    0.5249       0.1955     0.1239          -0.02326    -0.09303           0.9722      0.5447          0.2285          0.5194        0.6787    0.08117          0.1589
      0.3           11.58       4      20    0.04599    0.5367       0.2961     0.1783           0.03241      0.1296           0.9967      0.5052           0.216          0.7189         0.568    0.04567          0.3668
      0.4           11.58       4      20     0.0449    0.5479        0.387     0.2277           0.08294      0.3317            1.023      0.4722           0.207           0.968        0.4647    0.02433          0.9252
      0.6            11.6       4      20    0.04244    0.5717       0.5966     0.3352            0.1927      0.7709             1.08      0.3938           0.203           1.879         0.263   0.005667           5.567
      0.8           11.61       4      20    0.03904    0.5951       0.8042     0.4458            0.3061       1.225            1.137      0.3172          0.1889           3.624        0.1117  0.0006667           46.11
        1           11.62       4      20    0.03651    0.6181       0.9953     0.5509            0.4135       1.654            1.196      0.2477           0.172           6.911         0.045          0           283.8
     1.25           11.64       4      20     0.0333    0.6466         1.25      0.681            0.5465       2.186            1.277       0.179          0.1537           14.95       0.01467          0            2647
      1.5           11.66       4      20    0.02935    0.6767        1.516     0.8203            0.6892       2.757            1.359      0.1098          0.1326           34.92         0.005          0       3.057e+04

=== 4h P3|B|100
 edge_pct  trades_per_30d  mean_N  mean_L  liq_share  tp_share  drift_H_pct  gross_pct  net_notional_pct  eq_ret_pct  30d_median_mult  30d_p_loss  30d_mdd_median  1y_median_mult  1y_p_below50  1y_p_ruin  IS_median_mult
        0           10.98       4      20     0.0752    0.1175    -0.009963   -0.01043           -0.1942     -0.7766            0.869      0.6465          0.3062          0.1484        0.9265      0.476        0.003702
    0.025           10.98       4      20     0.0747    0.1185      0.01413   0.009818           -0.1736     -0.6946           0.8784      0.6372          0.3023          0.1633        0.9143     0.4448        0.005858
     0.05           10.98       4      20    0.07407    0.1195      0.03791    0.03055           -0.1526     -0.6104           0.8856      0.6292          0.2983          0.1825         0.901     0.4127        0.007686
    0.075           10.97       4      20    0.07339    0.1205      0.06459    0.05202           -0.1308     -0.5232           0.8924      0.6218          0.2961          0.2065        0.8867     0.3748          0.0098
      0.1           10.97       4      20    0.07283    0.1218      0.09104    0.07485           -0.1077     -0.4307           0.9003      0.6128           0.293          0.2324        0.8692     0.3393         0.01623
     0.15           10.97       4      20    0.07171    0.1239       0.1458     0.1207          -0.06129     -0.2452           0.9198      0.5875          0.2864          0.3018        0.8275     0.2808         0.02664
      0.2           10.97       4      20     0.0706    0.1261       0.1956     0.1632          -0.01819    -0.07278           0.9378      0.5692          0.2813          0.3817        0.7833     0.2262         0.05568
      0.3           10.96       4      20    0.06856    0.1299       0.2927     0.2451           0.06476       0.259           0.9685      0.5288          0.2688          0.5931        0.6858     0.1427           0.191
      0.4           10.96       4      20    0.06666    0.1338       0.3844     0.3245            0.1451      0.5805            1.011      0.4895          0.2577          0.9076        0.5817      0.081          0.6984
      0.6           10.95       4      20    0.06245    0.1425       0.5958     0.5002             0.323       1.292            1.084       0.408          0.2301           2.299        0.3487    0.01683           12.56
      0.8           10.94       4      20    0.05757    0.1511       0.8025     0.6743            0.4996       1.998            1.163      0.3262          0.2054           6.069         0.164     0.0025             204
        1           10.93       4      20    0.05365    0.1591       0.9933     0.8403            0.6676        2.67            1.264      0.2553          0.2032           14.91       0.07467  0.0001667            2621
     1.25           10.92       4      20    0.04872    0.1695        1.252      1.053            0.8825        3.53            1.385      0.1815          0.1818           46.52       0.02633          0       1.012e+05
      1.5            10.9       4      20    0.04286    0.1807        1.519      1.274             1.107       4.427            1.519      0.1135           0.158           152.6      0.009833          0       3.057e+06

=== 4h P4|A|10
 edge_pct  trades_per_30d  mean_N  mean_L  liq_share  tp_share  drift_H_pct  gross_pct  net_notional_pct  eq_ret_pct  30d_median_mult  30d_p_loss  30d_mdd_median  1y_median_mult  1y_p_below50  1y_p_ruin  IS_median_mult
        0            12.7      20      50     0.1743    0.8093     -0.01476   0.007432           -0.1731      -3.462           0.5264      0.8238          0.6234        0.000171        0.9998     0.9953       3.532e-12
    0.025            12.7      20      50     0.1734    0.8103     0.009128   0.009163            -0.171      -3.419           0.5264      0.8208          0.6234       0.0001909        0.9998     0.9953       5.411e-12
     0.05            12.7      20      50     0.1729     0.811      0.03179    0.01037           -0.1695      -3.389           0.5264       0.819          0.6234       0.0002001        0.9998     0.9952       5.695e-12
    0.075            12.7      20      50      0.172    0.8121      0.05759    0.01214           -0.1673      -3.345           0.5281      0.8152          0.6234       0.0002182        0.9998      0.995       7.486e-12
      0.1            12.7      20      50     0.1712    0.8131      0.08379    0.01381           -0.1652      -3.304           0.5439      0.8143          0.6234       0.0002366        0.9998     0.9945       8.684e-12
     0.15            12.7      20      50     0.1693    0.8155        0.138     0.0178           -0.1603      -3.205           0.5503      0.8098          0.6199       0.0002793        0.9993     0.9928       1.211e-11
      0.2            12.7      20      50     0.1676    0.8174       0.1895    0.02105           -0.1562      -3.124           0.5511      0.8062          0.6063        0.000322        0.9995     0.9925       2.675e-11
      0.3           12.71      20      50     0.1641    0.8217       0.2887    0.02813           -0.1474      -2.948            0.553      0.7943           0.605       0.0004478        0.9993     0.9908       1.086e-10
      0.4           12.71      20      50     0.1606    0.8259       0.3806    0.03522           -0.1385      -2.771           0.5781      0.7833          0.5872       0.0006254        0.9993     0.9877       3.456e-10
      0.6           12.72      20      50     0.1545    0.8333       0.5893    0.04754           -0.1232      -2.464           0.6038      0.7652          0.5856        0.001122        0.9985     0.9795        1.22e-09
      0.8           12.72      20      50     0.1478    0.8414       0.7951    0.06101           -0.1064      -2.128           0.6343       0.741          0.5479        0.002213        0.9963     0.9628       1.636e-08
        1           12.72      20      50     0.1424    0.8484       0.9892    0.07231          -0.09239      -1.848           0.6374      0.7207           0.544        0.003829        0.9938     0.9417       8.817e-08
     1.25           12.73      20      50     0.1353    0.8568        1.244    0.08647          -0.07473      -1.495           0.7007      0.6927          0.4958        0.007524        0.9892     0.9135       6.057e-07
      1.5           12.73      20      50     0.1259    0.8677        1.508     0.1051          -0.05151       -1.03           0.8068      0.6577           0.416         0.01765        0.9742     0.8455       6.357e-06

=== 4h P4|B|10
 edge_pct  trades_per_30d  mean_N  mean_L  liq_share  tp_share  drift_H_pct  gross_pct  net_notional_pct  eq_ret_pct  30d_median_mult  30d_p_loss  30d_mdd_median  1y_median_mult  1y_p_below50  1y_p_ruin  IS_median_mult
        0            12.7      20      50     0.1709    0.8092     -0.01459    0.00761           -0.1715      -3.429           0.5264       0.821          0.6234        0.000189        0.9998      0.995       4.914e-12
    0.025            12.7      20      50       0.17    0.8102     0.009294   0.009355           -0.1693      -3.386           0.5264       0.818          0.6234       0.0002087        0.9998      0.995       6.376e-12
     0.05            12.7      20      50     0.1695    0.8109      0.03196    0.01056           -0.1678      -3.356           0.5276      0.8162          0.6234       0.0002196        0.9998     0.9947       6.939e-12
    0.075            12.7      20      50     0.1687     0.812      0.05775    0.01232           -0.1657      -3.313           0.5471      0.8125          0.6234       0.0002368        0.9998     0.9947       8.931e-12
      0.1            12.7      20      50     0.1679     0.813      0.08395    0.01403           -0.1636      -3.271           0.5492      0.8117          0.6234       0.0002552        0.9998      0.994       9.986e-12
     0.15            12.7      20      50      0.166    0.8155       0.1381      0.018           -0.1586      -3.173           0.5511       0.807          0.6063       0.0003018        0.9993     0.9922       1.396e-11
      0.2            12.7      20      50     0.1645    0.8174       0.1897    0.02128           -0.1546      -3.092           0.5516      0.8037          0.6056       0.0003487        0.9995     0.9922       3.096e-11
      0.3           12.71      20      50     0.1611    0.8216       0.2888    0.02836           -0.1458      -2.917           0.5757      0.7918          0.6047       0.0004875        0.9992       0.99       1.301e-10
      0.4           12.71      20      50     0.1575    0.8259       0.3808    0.03546            -0.137       -2.74           0.5787      0.7805          0.5863       0.0006772        0.9992      0.987       4.575e-10
      0.6           12.72      20      50     0.1518    0.8333       0.5895     0.0477           -0.1219      -2.437           0.6053      0.7622          0.5684        0.001184        0.9985     0.9788       1.331e-09
      0.8           12.72      20      50     0.1453    0.8413       0.7952    0.06117           -0.1052      -2.104           0.6356      0.7382          0.5456        0.002347        0.9963     0.9613       1.787e-08
        1           12.72      20      50     0.1403    0.8483       0.9893    0.07239          -0.09141      -1.828           0.6557      0.7188           0.544        0.004036         0.994     0.9405       1.061e-07
     1.25           12.73      20      50     0.1336    0.8567        1.244    0.08649            -0.074       -1.48           0.7014      0.6907          0.4798        0.007889        0.9888     0.9127        7.35e-07
      1.5           12.73      20      50     0.1246    0.8675        1.507      0.105          -0.05106      -1.021           0.8071      0.6563           0.416         0.01836        0.9732     0.8437       6.657e-06

=== 4h P4|C|10
 edge_pct  trades_per_30d  mean_N  mean_L  liq_share  tp_share  drift_H_pct  gross_pct  net_notional_pct  eq_ret_pct  30d_median_mult  30d_p_loss  30d_mdd_median  1y_median_mult  1y_p_below50  1y_p_ruin  IS_median_mult
        0            12.8      20      50          0    0.6733     -0.01445   -0.01303           -0.1248      -2.496           0.6934      0.8362          0.4229        0.007539        0.9997     0.9747       4.247e-07
    0.025            12.8      20      50          0    0.6738     0.009316    -0.0125           -0.1242      -2.485           0.6947      0.8357          0.4229        0.007656        0.9995     0.9738       4.759e-07
     0.05            12.8      20      50          0     0.674      0.03185   -0.01231            -0.124      -2.481            0.694      0.8352          0.4229        0.007679        0.9995     0.9738        6.08e-07
    0.075            12.8      20      50          0    0.6744      0.05778   -0.01191           -0.1236      -2.473           0.6966      0.8342          0.4229        0.007786        0.9997     0.9733       5.298e-07
      0.1            12.8      20      50          0    0.6751      0.08374   -0.01116           -0.1228      -2.457           0.6973      0.8333          0.4229        0.008084        0.9995     0.9728       5.298e-07
     0.15            12.8      20      50          0    0.6765       0.1384  -0.009791           -0.1214      -2.428           0.6979      0.8307          0.4229        0.008253        0.9995     0.9697       5.831e-07
      0.2            12.8      20      50          0    0.6776       0.1896  -0.008594           -0.1201      -2.403           0.6979      0.8293          0.4229        0.008697        0.9997      0.968       6.363e-07
      0.3            12.8      20      50          0    0.6805       0.2884  -0.005346           -0.1167      -2.335           0.6988      0.8217          0.4195        0.009531        0.9992      0.963       9.071e-07
      0.4            12.8      20      50          0    0.6835       0.3795  -0.002134           -0.1134      -2.268           0.7021      0.8143          0.4195         0.01056        0.9987     0.9528       1.591e-06
      0.6            12.8      20      50          0    0.6876       0.5887   0.002216           -0.1088      -2.176           0.7029       0.804          0.4195         0.01262        0.9982      0.944       2.668e-06
      0.8           12.81      20      50          0    0.6922       0.7942   0.007187           -0.1036      -2.072           0.7316      0.7918          0.3946         0.01487        0.9978     0.9335       3.444e-06
        1           12.81      20      50          0    0.6958       0.9884    0.01089          -0.09972      -1.994            0.733      0.7863          0.3946         0.01687        0.9957     0.9217       5.023e-06
     1.25           12.81      20      50          0    0.6994        1.244     0.0147          -0.09572      -1.914           0.7345      0.7803          0.3918          0.0195        0.9947     0.9042       7.055e-06
      1.5           12.81      20      50          0    0.7056        1.507    0.02128          -0.08882      -1.776           0.7682       0.768          0.3911         0.02443        0.9938      0.873       1.538e-05

=== 4h P4|B|100
 edge_pct  trades_per_30d  mean_N  mean_L  liq_share  tp_share  drift_H_pct  gross_pct  net_notional_pct  eq_ret_pct  30d_median_mult  30d_p_loss  30d_mdd_median  1y_median_mult  1y_p_below50  1y_p_ruin  IS_median_mult
        0           11.85      20      50     0.4795    0.3196    -0.007269  -0.005502           -0.3469      -6.938           0.1801      0.8937          0.8899       3.633e-10             1          1       5.195e-28
    0.025           11.85      20      50     0.4769    0.3218      0.01696   0.004304           -0.3359      -6.718           0.1835      0.8902          0.8884       5.008e-10             1          1       1.335e-27
     0.05           11.85      20      50     0.4744    0.3238      0.04005    0.01391           -0.3251      -6.502           0.1865      0.8857          0.8871       6.704e-10             1          1       3.307e-27
    0.075           11.85      20      50     0.4721    0.3259      0.06622    0.02354           -0.3144      -6.288           0.1907      0.8825          0.8843        9.43e-10             1          1       1.049e-26
      0.1           11.85      20      50     0.4694    0.3281      0.09323    0.03404           -0.3026      -6.052           0.1957      0.8798          0.8837       1.373e-09             1          1       4.972e-26
     0.15           11.85      20      50     0.4636     0.333       0.1478    0.05593            -0.278       -5.56           0.2097       0.869          0.8798       2.816e-09             1          1        1.63e-25
      0.2           11.84      20      50     0.4577    0.3379       0.1984    0.07763           -0.2535      -5.071           0.2232      0.8597          0.8708        6.55e-09             1          1       1.049e-24
      0.3           11.84      20      50     0.4466    0.3475       0.2985     0.1203           -0.2057      -4.114           0.2554      0.8357          0.8571        3.03e-08             1     0.9998       1.047e-22
      0.4           11.83      20      50     0.4362    0.3558       0.3898     0.1587           -0.1623      -3.247            0.281       0.814          0.8424       1.113e-07             1     0.9997       6.114e-21
      0.6           11.83      20      50     0.4151    0.3739       0.5974     0.2402          -0.07095      -1.419           0.3591      0.7682           0.818       2.037e-06        0.9993     0.9968       2.701e-17
      0.8           11.82      20      50     0.3939    0.3925       0.8045     0.3225           0.02137      0.4274            0.455       0.713          0.8001       3.914e-05        0.9962     0.9847       4.889e-14
        1           11.81      20      50     0.3739    0.4098        1.001     0.4011            0.1094       2.188           0.5689      0.6508           0.768       0.0006301        0.9863      0.943       6.618e-10
     1.25            11.8      20      50     0.3485    0.4317         1.26     0.4992            0.2194       4.388           0.7585      0.5742          0.7191         0.01839        0.9465     0.8312       3.392e-06
      1.5           11.78      20      50     0.3214    0.4548        1.526     0.6045            0.3375        6.75            1.027      0.4933          0.6653          0.7075        0.8562     0.6073          0.3037

=== 4h P5|A|10
 edge_pct  trades_per_30d  mean_N  mean_L  liq_share  tp_share  drift_H_pct  gross_pct  net_notional_pct  eq_ret_pct  30d_median_mult  30d_p_loss  30d_mdd_median  1y_median_mult  1y_p_below50  1y_p_ruin  IS_median_mult
        0           12.19   4.186   20.72    0.06806    0.7957     -0.01793    0.03766           -0.1008     -0.4245           0.9525      0.5828          0.2032          0.3994        0.7475    0.07367          0.0562
    0.025            12.2   4.186   20.72     0.0676    0.7976     0.005947    0.04286          -0.09532     -0.4016           0.9574      0.5767          0.2032          0.4121        0.7348     0.0675         0.06546
     0.05            12.2   4.186   20.72    0.06711    0.7997      0.02863    0.04841          -0.08944      -0.377           0.9608      0.5705          0.2032          0.4296         0.718    0.06233          0.0694
    0.075            12.2   4.186   20.72     0.0664    0.8016      0.05505    0.05406          -0.08337     -0.3509           0.9646      0.5647          0.2032          0.4491        0.7027    0.05367         0.08199
      0.1           12.21   4.186   20.72    0.06563    0.8036      0.08084    0.06054          -0.07644     -0.3224           0.9668      0.5603          0.2032          0.4661        0.6813    0.04767         0.09865
     0.15           12.21   4.186   20.72    0.06428    0.8077        0.136    0.07303          -0.06313     -0.2675           0.9711      0.5485           0.203          0.5118        0.6437    0.03833          0.1124
      0.2           12.22   4.186   20.72    0.06309    0.8118       0.1873    0.08475          -0.05066      -0.215            0.979       0.537           0.203          0.5583         0.605    0.03233          0.1409
      0.3           12.23   4.186   20.72    0.06062    0.8197        0.287     0.1084          -0.02552     -0.1105            0.991      0.5122           0.203          0.6594        0.5277    0.02017          0.2711
      0.4           12.24   4.186   20.72    0.05858    0.8277       0.3786     0.1304          -0.00208    -0.01274            1.007      0.4908           0.203          0.7603        0.4508    0.01383          0.3683
      0.6           12.26   4.186   20.72    0.05367    0.8436       0.5895     0.1781           0.04859       0.199            1.032      0.4405          0.1831           1.075           0.3   0.005167           1.039
      0.8           12.28   4.186   20.72    0.04835    0.8585       0.7962     0.2249           0.09863      0.4067            1.061      0.3895          0.1325           1.493        0.1747      0.001            3.06
        1            12.3   4.187   20.72    0.04392    0.8741       0.9912      0.269            0.1455      0.6041            1.096      0.3407          0.1077           2.057       0.09067          0           7.287
     1.25           12.33   4.186   20.72    0.03761    0.8936        1.246      0.328            0.2084       0.867            1.139      0.2782         0.07468           3.142       0.03333          0           25.49
      1.5           12.36   4.187   20.72     0.0308    0.9143        1.509     0.3908            0.2753       1.148            1.188      0.2047         0.03869           4.906      0.008333          0           107.3

=== 4h P5|B|10
 edge_pct  trades_per_30d  mean_N  mean_L  liq_share  tp_share  drift_H_pct  gross_pct  net_notional_pct  eq_ret_pct  30d_median_mult  30d_p_loss  30d_mdd_median  1y_median_mult  1y_p_below50  1y_p_ruin  IS_median_mult
        0           12.27   4.187   20.72    0.02466    0.7877     -0.01797    0.03801          -0.08179     -0.3421           0.9647      0.5767          0.1789          0.4758        0.6677      0.034          0.1054
    0.025           12.27   4.187   20.72    0.02456    0.7897     0.005711    0.04316          -0.07648     -0.3202           0.9675        0.57          0.1775          0.4895        0.6552    0.02983          0.1077
     0.05           12.27   4.187   20.72    0.02442    0.7917      0.02858    0.04847          -0.07099     -0.2973           0.9694      0.5647           0.176          0.5074        0.6352      0.027          0.1235
    0.075           12.28   4.187   20.72    0.02419    0.7935      0.05549    0.05361          -0.06565     -0.2746           0.9718      0.5597          0.1747          0.5277        0.6158    0.02383          0.1326
      0.1           12.28   4.187   20.72    0.02393    0.7956      0.08132    0.05994           -0.0591     -0.2474           0.9757      0.5535          0.1727          0.5479        0.5933    0.01967          0.1613
     0.15           12.28   4.187   20.72    0.02349    0.7995       0.1362    0.07114          -0.04748     -0.1996           0.9807      0.5423          0.1696           0.589        0.5582    0.01517          0.1989
      0.2           12.29   4.187   20.72    0.02329    0.8035       0.1874    0.08189          -0.03642     -0.1533            0.988      0.5272          0.1669          0.6303          0.52    0.01083          0.2645
      0.3           12.29   4.187   20.72    0.02259    0.8115        0.288     0.1046          -0.01298    -0.05578           0.9993      0.5017          0.1599          0.7348        0.4387   0.005667          0.3749
      0.4            12.3   4.187   20.72    0.02212    0.8194       0.3795     0.1254          0.008469     0.03362             1.01      0.4778          0.1558          0.8477        0.3698      0.004           0.549
      0.6           12.32   4.187   20.72    0.02122     0.835       0.5904     0.1696           0.05398      0.2231            1.034      0.4247          0.1434           1.153        0.2333   0.001167           1.445
      0.8           12.33   4.187   20.72    0.01958      0.85       0.7969     0.2141               0.1      0.4139            1.062      0.3715          0.1301           1.574        0.1252  0.0001667           3.933
        1           12.34   4.187   20.72    0.01839    0.8653       0.9916     0.2553            0.1426      0.5917            1.086      0.3227          0.1187           2.095       0.06133          0           8.444
     1.25           12.36   4.187   20.72    0.01691    0.8845        1.247     0.3098            0.1989      0.8257             1.12      0.2623          0.1008            3.02       0.02133          0           23.17
      1.5           12.38   4.187   20.72    0.01515    0.9048        1.509     0.3675            0.2584       1.073            1.161       0.201         0.08749           4.494         0.008          0           77.41

=== 4h P5|C|10
 edge_pct  trades_per_30d  mean_N  mean_L  liq_share  tp_share  drift_H_pct  gross_pct  net_notional_pct  eq_ret_pct  30d_median_mult  30d_p_loss  30d_mdd_median  1y_median_mult  1y_p_below50  1y_p_ruin  IS_median_mult
        0           12.38   4.186   20.71          0      0.75     -0.01477    0.02595          -0.08441     -0.3528           0.9556      0.6108          0.1612          0.4975        0.6252   0.006333          0.1457
    0.025           12.38   4.186   20.71          0    0.7519     0.008816    0.03051          -0.07975     -0.3334           0.9576      0.6038          0.1588          0.5114        0.6077   0.004667          0.1518
     0.05           12.39   4.186   20.72          0    0.7538      0.03133    0.03498          -0.07517     -0.3142           0.9605      0.5972          0.1561           0.528        0.5915   0.003833          0.1682
    0.075           12.39   4.186   20.72          0    0.7556      0.05799    0.03914          -0.07092     -0.2959           0.9643      0.5917          0.1527          0.5379        0.5752   0.002833          0.1667
      0.1           12.39   4.186   20.71          0    0.7575      0.08357    0.04375           -0.0662     -0.2761           0.9678      0.5875          0.1497          0.5591        0.5557     0.0025          0.1907
     0.15           12.39   4.186   20.71          0    0.7613        0.138    0.05297          -0.05678     -0.2371           0.9713      0.5748          0.1468          0.5907        0.5252   0.001667          0.2282
      0.2           12.39   4.186   20.71          0    0.7651        0.189    0.06218          -0.04736     -0.1972           0.9747      0.5635          0.1466          0.6313        0.4783   0.001333          0.2634
      0.3            12.4   4.186   20.71          0    0.7732       0.2894    0.08157          -0.02752     -0.1142            0.988      0.5338          0.1426          0.7191        0.3923  0.0006667          0.3853
      0.4           12.41   4.186   20.71          0    0.7808       0.3813    0.09916         -0.009514    -0.03852           0.9949      0.5107          0.1306          0.8088        0.3182     0.0005          0.5418
      0.6           12.41   4.186   20.72          0    0.7955       0.5924     0.1349           0.02701      0.1151            1.017      0.4587          0.1197           1.037        0.1907          0            1.16
      0.8           12.42   4.186   20.72          0    0.8099       0.7974     0.1706           0.06355      0.2679            1.037      0.4078           0.103           1.316       0.09783          0           2.421
        1           12.43   4.186   20.72          0    0.8241       0.9932     0.2031           0.09684      0.4088            1.058      0.3672          0.0974           1.652       0.04617          0           3.957
     1.25           12.45   4.186   20.72          0    0.8418        1.248     0.2462            0.1409      0.5939            1.081      0.3128          0.0962           2.214       0.01533          0           9.318
      1.5           12.46   4.187   20.72          0    0.8611        1.511     0.2928            0.1885      0.7941            1.108      0.2465           0.096           3.033         0.005          0           26.06

=== 4h P5|B|100
 edge_pct  trades_per_30d  mean_N  mean_L  liq_share  tp_share  drift_H_pct  gross_pct  net_notional_pct  eq_ret_pct  30d_median_mult  30d_p_loss  30d_mdd_median  1y_median_mult  1y_p_below50  1y_p_ruin  IS_median_mult
        0           10.98    4.19   20.73    0.07519    0.1202    -0.009836   -0.01208           -0.1957     -0.8027           0.8648      0.6507          0.3123          0.1405        0.9322     0.4957        0.003248
    0.025           10.98    4.19   20.73    0.07469    0.1212      0.01426   0.008132           -0.1752     -0.7191           0.8749      0.6413          0.3092          0.1548        0.9222     0.4647        0.005092
     0.05           10.98    4.19   20.73    0.07406    0.1222      0.03808    0.02898            -0.154     -0.6326           0.8824       0.633          0.3057           0.172        0.9082     0.4327        0.007021
    0.075           10.98    4.19   20.73    0.07338    0.1232      0.06476    0.05046           -0.1322     -0.5419           0.8911       0.625          0.3029          0.1971        0.8935     0.3978        0.008584
      0.1           10.97    4.19   20.73    0.07282    0.1245      0.09121    0.07326           -0.1091     -0.4475           0.8985      0.6158          0.3009          0.2222        0.8767     0.3603         0.01354
     0.15           10.97    4.19   20.73     0.0717    0.1267        0.146     0.1191          -0.06272      -0.258           0.9156      0.5908          0.2923            0.29        0.8347      0.293         0.02428
      0.2           10.97    4.19   20.73     0.0706     0.129       0.1958     0.1616           -0.0196    -0.08028           0.9346      0.5722          0.2851          0.3698        0.7908     0.2387         0.05518
      0.3           10.96    4.19   20.73    0.06855     0.133       0.2927     0.2434           0.06323      0.2596           0.9672      0.5313          0.2752          0.5796        0.6928     0.1507          0.1713
      0.4           10.96    4.19   20.73    0.06665    0.1368       0.3845     0.3227            0.1435      0.5878            1.006      0.4913          0.2633          0.9024         0.587    0.08617          0.5858
      0.6           10.95    4.19   20.73    0.06244    0.1459       0.5959     0.4982            0.3212       1.319            1.083       0.408          0.2354            2.34        0.3505    0.01783           12.32
      0.8           10.94    4.19   20.73    0.05756    0.1547       0.8025      0.672            0.4975        2.04            1.167      0.3263          0.2081           6.269         0.165   0.002833           217.9
        1           10.93    4.19   20.73    0.05364    0.1629       0.9934     0.8379            0.6655       2.733            1.273      0.2515          0.2032           15.92        0.0755  0.0001667            3216
     1.25           10.92    4.19   20.73     0.0487    0.1736        1.252       1.05            0.8799       3.613            1.395      0.1787          0.1853           50.64       0.02633          0       1.239e+05
      1.5           10.91    4.19   20.73    0.04284    0.1851         1.52      1.271             1.104       4.533            1.537      0.1098          0.1597           171.3      0.009833          0       4.646e+06

=== 4h P5c|A|10
 edge_pct  trades_per_30d  mean_N  mean_L  liq_share  tp_share  drift_H_pct  gross_pct  net_notional_pct  eq_ret_pct  30d_median_mult  30d_p_loss  30d_mdd_median  1y_median_mult  1y_p_below50  1y_p_ruin  IS_median_mult
        0           12.19   4.143   20.72    0.06806    0.7957     -0.01793    0.03766           -0.1008     -0.4196            0.954      0.5812          0.2032          0.4037        0.7432    0.07117         0.05872
    0.025            12.2   4.192   20.72     0.0676    0.7976     0.005947    0.04286          -0.09532     -0.3771           0.9616      0.5693          0.2032          0.4275        0.7242    0.06217         0.07341
     0.05            12.2   4.234   20.72    0.06711    0.7997      0.02863    0.04841          -0.08944      -0.333           0.9663      0.5598          0.2032           0.458        0.6942    0.05383         0.08887
    0.075            12.2   4.283   20.72     0.0664    0.8016      0.05505    0.05406          -0.08337     -0.2855           0.9676      0.5492          0.2032          0.4876        0.6662    0.04633          0.1091
      0.1           12.21   4.333   20.72    0.06563    0.8036      0.08084    0.06054          -0.07644     -0.2358           0.9757      0.5387          0.2032          0.5224        0.6343    0.03867          0.1536
     0.15           12.21    4.43   20.72    0.06428    0.8077        0.136    0.07303          -0.06313     -0.1371           0.9877      0.5192           0.203          0.6091        0.5733      0.029          0.1659
      0.2           12.22   4.522   20.72    0.06309    0.8118       0.1873    0.08475          -0.05066    -0.04398                1      0.4993           0.203          0.7018        0.5127    0.02183          0.2776
      0.3           12.23   4.708   20.72    0.06062    0.8197        0.287     0.1084          -0.02552      0.1419            1.027      0.4567           0.203          0.9199        0.3938    0.01317          0.7014
      0.4           12.24   4.893   20.72    0.05858    0.8277       0.3786     0.1304          -0.00208      0.3255            1.051      0.4167           0.203            1.21        0.3033   0.007167           1.384
      0.6           12.26   5.276   20.72    0.05367    0.8436       0.5895     0.1781           0.04859      0.7042            1.099      0.3425           0.169           2.145        0.1733     0.0025           8.065
      0.8           12.28   5.648   20.72    0.04835    0.8585       0.7962     0.2249           0.09863        1.08            1.161      0.2717          0.1287           3.791       0.09017  0.0006667           48.21
        1            12.3   6.028   20.72    0.04392    0.8741       0.9912      0.269            0.1455       1.445            1.218      0.2197          0.1036           6.676       0.05183          0             185
     1.25           12.33   6.509   20.72    0.03761    0.8936        1.246      0.328            0.2084       1.918            1.293      0.1665         0.07333           13.53         0.033  0.0001667            1557
      1.5           12.36   6.988   20.72     0.0308    0.9143        1.509     0.3908            0.2753       2.408            1.377       0.124          0.0383           28.38        0.0205          0       1.552e+04

=== 4h P5c|B|10
 edge_pct  trades_per_30d  mean_N  mean_L  liq_share  tp_share  drift_H_pct  gross_pct  net_notional_pct  eq_ret_pct  30d_median_mult  30d_p_loss  30d_mdd_median  1y_median_mult  1y_p_below50  1y_p_ruin  IS_median_mult
        0           12.27   4.144   20.72    0.02466    0.7877     -0.01797    0.03801          -0.08179     -0.3385           0.9652      0.5767          0.1775           0.478        0.6607    0.03267          0.1083
    0.025           12.27   4.192   20.72    0.02456    0.7897     0.005711    0.04316          -0.07648     -0.2981           0.9701      0.5652          0.1757          0.5044        0.6375    0.02717          0.1131
     0.05           12.27   4.234   20.72    0.02442    0.7917      0.02858    0.04847          -0.07099     -0.2566            0.975       0.556          0.1742          0.5381        0.6085    0.02283          0.1296
    0.075           12.28   4.284   20.72    0.02419    0.7935      0.05549    0.05361          -0.06565     -0.2158           0.9787      0.5453          0.1724          0.5709        0.5825    0.01917          0.1616
      0.1           12.28   4.334   20.72    0.02393    0.7956      0.08132    0.05994           -0.0591     -0.1686            0.986      0.5322          0.1713           0.609        0.5497    0.01567          0.2043
     0.15           12.28   4.431   20.72    0.02349    0.7995       0.1362    0.07114          -0.04748     -0.0827           0.9947      0.5092          0.1682          0.6848        0.4965     0.0105          0.3103
      0.2           12.29   4.523   20.72    0.02329    0.8035       0.1874    0.08189          -0.03642   0.0004775            1.007       0.486          0.1653          0.7711        0.4392   0.008333          0.4632
      0.3           12.29    4.71   20.72    0.02259    0.8115        0.288     0.1046          -0.01298       0.174             1.03      0.4378          0.1591           1.008         0.334      0.005           1.012
      0.4            12.3   4.895   20.72    0.02212    0.8194       0.3795     0.1254          0.008469      0.3437            1.051      0.4045           0.155           1.295        0.2507     0.0025           2.123
      0.6           12.32   5.277   20.72    0.02122     0.835       0.5904     0.1696           0.05398      0.6897            1.099      0.3338          0.1433           2.171        0.1363  0.0006667            9.42
      0.8           12.33    5.65   20.72    0.01958      0.85       0.7969     0.2141               0.1       1.036            1.148      0.2723          0.1307           3.634       0.07317     0.0005           47.34
        1           12.34   6.029   20.72    0.01839    0.8653       0.9916     0.2553            0.1426       1.371            1.197      0.2228          0.1203           6.041       0.04683          0           167.6
     1.25           12.36    6.51   20.72    0.01691    0.8845        1.247     0.3098            0.1989       1.801            1.265      0.1773           0.103           11.54         0.031  0.0003333            1162
      1.5           12.38   6.989   20.72    0.01515    0.9048        1.509     0.3675            0.2584       2.243            1.342      0.1342         0.09078           22.25       0.02083          0            7394

=== 4h P5c|C|10
 edge_pct  trades_per_30d  mean_N  mean_L  liq_share  tp_share  drift_H_pct  gross_pct  net_notional_pct  eq_ret_pct  30d_median_mult  30d_p_loss  30d_mdd_median  1y_median_mult  1y_p_below50  1y_p_ruin  IS_median_mult
        0           12.38   4.143   20.71          0      0.75     -0.01477    0.02595          -0.08441     -0.3491           0.9566      0.6107          0.1599          0.5024        0.6205   0.005833          0.1484
    0.025           12.38   4.191   20.71          0    0.7519     0.008816    0.03051          -0.07975     -0.3153           0.9594      0.5992          0.1589          0.5251        0.5925   0.004167          0.1624
     0.05           12.39   4.233   20.72          0    0.7538      0.03133    0.03498          -0.07517     -0.2818           0.9645      0.5878          0.1557          0.5507        0.5645   0.003667           0.196
    0.075           12.39   4.283   20.72          0    0.7556      0.05799    0.03914          -0.07092     -0.2488           0.9705      0.5775          0.1537          0.5772        0.5397     0.0025          0.2084
      0.1           12.39   4.333   20.71          0    0.7575      0.08357    0.04375           -0.0662     -0.2124           0.9723      0.5662          0.1499          0.6107        0.5103   0.002167          0.2436
     0.15           12.39   4.429   20.71          0    0.7613        0.138    0.05297          -0.05678     -0.1436           0.9817       0.546           0.147          0.6646        0.4627   0.001833          0.2962
      0.2           12.39   4.522   20.71          0    0.7651        0.189    0.06218          -0.04736    -0.07482           0.9911      0.5273          0.1468          0.7386        0.4052  0.0008333          0.3745
      0.3            12.4   4.708   20.71          0    0.7732       0.2894    0.08157          -0.02752      0.0687             1.01      0.4818          0.1461          0.9258        0.2963  0.0008333          0.7376
      0.4           12.41   4.893   20.71          0    0.7808       0.3813    0.09916         -0.009514       0.205            1.026      0.4443          0.1368           1.118        0.2242  0.0003333           1.315
      0.6           12.41   5.276   20.72          0    0.7955       0.5924     0.1349           0.02701      0.4765            1.063       0.381          0.1282           1.676        0.1242  0.0001667           4.575
      0.8           12.42   5.649   20.72          0    0.8099       0.7974     0.1706           0.06355      0.7483            1.101      0.3202          0.1109           2.532       0.06617          0            14.9
        1           12.43   6.029   20.72          0    0.8241       0.9932     0.2031           0.09684       1.006            1.137      0.2793          0.1096           3.647        0.0415          0           42.57
     1.25           12.45    6.51   20.72          0    0.8418        1.248     0.2462            0.1409       1.331            1.184       0.235          0.1096           5.867       0.02617          0           167.7
      1.5           12.46   6.988   20.72          0    0.8611        1.511     0.2928            0.1885       1.681            1.237      0.1907          0.1066           9.856       0.01683          0           820.4

=== 4h P6|B|none
 edge_pct  trades_per_30d  mean_N  mean_L  liq_share  tp_share  drift_H_pct  gross_pct  net_notional_pct  eq_ret_pct  30d_median_mult  30d_p_loss  30d_mdd_median  1y_median_mult  1y_p_below50  1y_p_ruin  IS_median_mult
        0           10.83  0.3025   9.402          0         0     -0.01287   -0.04082           -0.1992    -0.05278           0.9935      0.6072         0.02209           0.927             0          0          0.8158
    0.025           10.83  0.3025   9.402          0         0       0.0106   -0.01841           -0.1768    -0.04693           0.9941      0.5982         0.02181           0.934             0          0          0.8373
     0.05           10.82  0.3025   9.402          0         0      0.03326    0.00315           -0.1553    -0.04124           0.9946      0.5892         0.02146          0.9409             0          0          0.8601
    0.075           10.82  0.3025   9.402          0         0      0.06044    0.02762           -0.1308    -0.03482           0.9953      0.5768         0.02115          0.9482             0          0          0.8901
      0.1           10.82  0.3025   9.402          0         0      0.08747    0.05282           -0.1057    -0.02827           0.9958      0.5665         0.02086          0.9569             0          0          0.9056
     0.15           10.81  0.3025   9.403          0         0       0.1425     0.1038          -0.05466    -0.01494           0.9971      0.5452          0.0202          0.9738             0          0          0.9482
      0.2           10.81  0.3025   9.403          0         0       0.1933     0.1507         -0.007858   -0.002057           0.9985      0.5233         0.01999            0.99             0          0          0.9873
      0.3            10.8  0.3025   9.403          0         0       0.2896     0.2404           0.08178     0.02131            1.001      0.4818         0.01935           1.021             0          0           1.072
      0.4           10.79  0.3026   9.403          0         0       0.3801     0.3272            0.1685       0.044            1.003      0.4427         0.01807           1.052             0          0           1.173
      0.6           10.78  0.3026   9.403          0         0       0.5921     0.5233            0.3646     0.09597            1.009      0.3535         0.01549           1.125             0          0           1.405
      0.8           10.76  0.3026   9.403          0         0       0.7959     0.7131            0.5542      0.1457            1.014       0.277         0.01332             1.2             0          0           1.712
        1           10.74  0.3026   9.403          0         0       0.9857     0.8911            0.7321      0.1943             1.02      0.2077          0.0113           1.277             0          0            2.05
     1.25           10.73  0.3026   9.403          0         0        1.242      1.128            0.9687      0.2564            1.026      0.1395         0.01007           1.385             0          0           2.578
      1.5           10.71  0.3026   9.403          0         0         1.51      1.372             1.212       0.322            1.033     0.07867         0.01003           1.507             0          0           3.324

=== 4h P6h|B|none
 edge_pct  trades_per_30d  mean_N  mean_L  liq_share  tp_share  drift_H_pct  gross_pct  net_notional_pct  eq_ret_pct  30d_median_mult  30d_p_loss  30d_mdd_median  1y_median_mult  1y_p_below50  1y_p_ruin  IS_median_mult
        0           10.83  0.1512   9.402          0         0     -0.01287   -0.04082           -0.1992    -0.02639           0.9968      0.6057         0.01107          0.9638             0          0          0.9057
    0.025           10.83  0.1512   9.402          0         0       0.0106   -0.01841           -0.1768    -0.02347           0.9971      0.5968         0.01093          0.9674             0          0          0.9176
     0.05           10.82  0.1512   9.402          0         0      0.03326    0.00315           -0.1553    -0.02062           0.9974       0.588         0.01076          0.9709             0          0            0.93
    0.075           10.82  0.1513   9.402          0         0      0.06044    0.02762           -0.1308    -0.01741           0.9977      0.5755          0.0106          0.9747             0          0          0.9463
      0.1           10.82  0.1513   9.402          0         0      0.08747    0.05282           -0.1057    -0.01413            0.998      0.5652         0.01044          0.9793             0          0          0.9543
     0.15           10.81  0.1513   9.403          0         0       0.1425     0.1038          -0.05466   -0.007471           0.9986      0.5438         0.01012          0.9878             0          0          0.9768
      0.2           10.81  0.1513   9.403          0         0       0.1933     0.1507         -0.007858   -0.001028           0.9993       0.522         0.01002           0.996             0          0          0.9965
      0.3            10.8  0.1513   9.403          0         0       0.2896     0.2404           0.08178     0.01065            1.001      0.4807          0.0097           1.011             0          0           1.038
      0.4           10.79  0.1513   9.403          0         0       0.3801     0.3272            0.1685       0.022            1.002      0.4413        0.009052           1.027             0          0           1.086
      0.6           10.78  0.1513   9.403          0         0       0.5921     0.5233            0.3646     0.04799            1.005       0.352        0.007755           1.062             0          0           1.189
      0.8           10.76  0.1513   9.403          0         0       0.7959     0.7131            0.5542     0.07287            1.007      0.2755        0.006667           1.096             0          0           1.313
        1           10.74  0.1513   9.403          0         0       0.9857     0.8911            0.7321     0.09713             1.01      0.2062        0.005656           1.131             0          0           1.437
     1.25           10.73  0.1513   9.403          0         0        1.242      1.128            0.9687      0.1282            1.013      0.1383        0.005033           1.178             0          0           1.611
      1.5           10.71  0.1513   9.403          0         0         1.51      1.372             1.212       0.161            1.017     0.07767        0.005015           1.229             0          0            1.83

=== 4h P6|B|10
 edge_pct  trades_per_30d  mean_N  mean_L  liq_share  tp_share  drift_H_pct  gross_pct  net_notional_pct  eq_ret_pct  30d_median_mult  30d_p_loss  30d_mdd_median  1y_median_mult  1y_p_below50  1y_p_ruin  IS_median_mult
        0           11.74  0.3007   9.389          0     0.612     -0.01053    0.02629          -0.09485     -0.0347           0.9968      0.5757         0.01651          0.9497             0          0          0.8505
    0.025           11.74  0.3007   9.389          0    0.6151      0.01262    0.03731          -0.08365    -0.03138           0.9973      0.5635          0.0162          0.9542             0          0          0.8642
     0.05           11.75  0.3007   9.389          0    0.6178      0.03586    0.04777          -0.07304    -0.02827           0.9976      0.5543         0.01595           0.959             0          0          0.8823
    0.075           11.75  0.3007   9.389          0    0.6206        0.063    0.05813          -0.06252    -0.02508           0.9979      0.5468         0.01569           0.963             0          0          0.8871
      0.1           11.75  0.3007   9.389          0    0.6235       0.0893    0.07021          -0.05029    -0.02165           0.9983       0.538         0.01546          0.9679             0          0          0.9082
     0.15           11.76  0.3007   9.389          0    0.6301       0.1439    0.09501          -0.02512    -0.01458           0.9992      0.5188         0.01514           0.978             0          0          0.9244
      0.2           11.76  0.3007   9.389          0    0.6361       0.1959     0.1176         -0.002148   -0.007705                1      0.5003         0.01473          0.9882             0          0          0.9537
      0.3           11.78  0.3006    9.39          0    0.6477       0.2942     0.1623           0.04316    0.005237            1.001      0.4632         0.01386           1.006             0          0           1.013
      0.4           11.78  0.3006    9.39          0    0.6589        0.385     0.2043           0.08573     0.01757            1.002      0.4332          0.0131           1.024             0          0           1.067
      0.6            11.8  0.3007    9.39          0    0.6829       0.5977     0.2975            0.1804     0.04517            1.006      0.3507         0.01131           1.065             0          0           1.202
      0.8           11.82  0.3006   9.391          0     0.706       0.8036     0.3893            0.2734      0.0717            1.009      0.2842         0.01009           1.107             0          0           1.333
        1           11.84  0.3006    9.39          0    0.7295       0.9946     0.4763            0.3617     0.09803            1.013      0.2167         0.01005           1.151             0          0           1.487
     1.25           11.86  0.3005   9.391          0    0.7581        1.249     0.5874            0.4745      0.1303            1.016      0.1493         0.01003           1.207             0          0           1.721
      1.5            11.9  0.3006    9.39          0    0.7888        1.515      0.708            0.5968      0.1655             1.02     0.08017         0.01001            1.27             0          0           1.981

=== 1d P0|A|10
 edge_pct  trades_per_30d  mean_N  mean_L  liq_share  tp_share  drift_H_pct  gross_pct  net_notional_pct  eq_ret_pct  30d_median_mult  30d_p_loss  30d_mdd_median  1y_median_mult  1y_p_below50  1y_p_ruin  IS_median_mult
        0           3.964       1       1  0.0005685    0.1884     -0.04172   0.006215           -0.2359     -0.2358             0.99      0.5285         0.08126          0.8043        0.2943    0.02767          0.4371
    0.025           3.965       1       1  0.0005684    0.1891     -0.01644    0.02727           -0.2148     -0.2147           0.9908      0.5262         0.08092          0.8121        0.2868     0.0275          0.4597
     0.05           3.965       1       1  0.0005683    0.1902      0.02721    0.06299            -0.179     -0.1789           0.9918      0.5225         0.08051           0.824        0.2752    0.02733          0.4792
    0.075           3.965       1       1  0.0005683    0.1907      0.06085    0.09016           -0.1517     -0.1517           0.9925      0.5193         0.07992          0.8329        0.2673    0.02733          0.4965
      0.1           3.966       1       1  0.0005682    0.1919       0.1006     0.1269           -0.1149     -0.1148           0.9935      0.5162         0.07907          0.8484        0.2593    0.02733           0.524
     0.15           3.966       1       1  0.0005681    0.1933        0.149     0.1752          -0.06643    -0.06634           0.9956      0.5112         0.07809          0.8746        0.2502    0.02733          0.5768
      0.2           3.967       1       1   0.000568    0.1951       0.2006     0.2281          -0.01338    -0.01329           0.9982      0.5047         0.07704          0.8959        0.2385    0.02733          0.6297
      0.3           3.969       1       1  0.0004968     0.198       0.3033     0.3257           0.08445     0.08452            1.002      0.4933         0.07552          0.9302        0.2163    0.02533          0.7479
      0.4            3.97       1       1  0.0004967    0.2007       0.4191     0.4307            0.1898      0.1898            1.007      0.4792         0.07353          0.9846           0.2    0.02517          0.8843
      0.6           3.974       1       1  0.0004962    0.2068       0.6124     0.6166            0.3761      0.3762            1.015       0.458         0.07038           1.078        0.1685     0.0245           1.082
      0.8           3.979       1       1  0.0004248    0.2122       0.8337      0.822            0.5821      0.5821            1.022      0.4373         0.06718           1.195        0.1342     0.0215           1.392
        1           3.981       1       1  0.0004245    0.2174        1.014      0.991            0.7516      0.7516            1.028      0.4162         0.06379           1.296        0.1113     0.0215            1.85
     1.25           3.988       1       1  0.0004238    0.2241        1.256      1.219            0.9807      0.9807            1.036      0.3917         0.05954           1.446       0.08583    0.02117           2.816
      1.5           3.993       1       1  0.0004233      0.23        1.504      1.441             1.202       1.203            1.045      0.3642          0.0554           1.611       0.06733    0.02117           3.925
        2           4.002       1       1  0.0004224    0.2441        1.981      1.902             1.665       1.665            1.064       0.308         0.04691           2.021        0.0485    0.02117           6.951
      2.5           4.011       1       1  0.0004214    0.2562        2.478       2.36             2.125       2.125            1.083      0.2587         0.03675           2.543         0.036    0.02117           15.95
        3           4.021       1       1  0.0004203      0.27        2.962      2.832             2.598       2.598            1.103      0.2105         0.02469           3.249        0.0305    0.02117           30.85

=== 1d P0|B|10
 edge_pct  trades_per_30d  mean_N  mean_L  liq_share  tp_share  drift_H_pct  gross_pct  net_notional_pct  eq_ret_pct  30d_median_mult  30d_p_loss  30d_mdd_median  1y_median_mult  1y_p_below50  1y_p_ruin  IS_median_mult
        0           4.132       1       1          0    0.1854     -0.04283    0.06724           -0.1658     -0.1658           0.9866      0.5438         0.09172          0.8231        0.2288          0          0.5316
    0.025           4.132       1       1          0    0.1862    -0.009939    0.09149           -0.1415     -0.1415           0.9873       0.541         0.09121          0.8325        0.2205          0          0.5507
     0.05           4.131       1       1          0    0.1873      0.03295     0.1229           -0.1101     -0.1101           0.9883      0.5377         0.09067          0.8453        0.2073          0          0.5697
    0.075           4.131       1       1          0    0.1878      0.06541     0.1435          -0.08941    -0.08941           0.9888      0.5352         0.09051           0.854        0.2028          0          0.5817
      0.1           4.131       1       1          0    0.1889       0.1012     0.1734          -0.05949    -0.05949           0.9895       0.532         0.09021          0.8652        0.1933          0          0.5962
     0.15            4.13       1       1          0    0.1903       0.1506     0.2234         -0.009483   -0.009483           0.9918      0.5268         0.08968          0.8902        0.1788          0          0.6404
      0.2           4.131       1       1          0    0.1919       0.1983     0.2709           0.03818     0.03818           0.9936       0.521           0.089          0.9129        0.1688          0          0.6823
      0.3           4.132       1       1          0    0.1947       0.2985     0.3582            0.1256      0.1256           0.9977      0.5095         0.08747          0.9509        0.1483          0          0.8173
      0.4            4.13       1       1          0    0.1976       0.4137     0.4602            0.2277      0.2277            1.001      0.4955         0.08522          0.9975        0.1275          0          0.9267
      0.6            4.13       1       1          0    0.2033       0.6062     0.6296            0.3973      0.3973            1.008      0.4762         0.08237           1.084        0.0965          0           1.213
      0.8           4.128       1       1          0    0.2085       0.8245     0.8034            0.5714      0.5714            1.014      0.4573         0.07929            1.19       0.07233          0           1.651
        1           4.127       1       1          0    0.2132        1.006     0.9571            0.7253      0.7253            1.021      0.4365         0.07705           1.278       0.05467          0           2.081
     1.25           4.127       1       1          0    0.2191        1.242      1.163            0.9314      0.9314            1.028      0.4102          0.0741           1.426        0.0365          0           2.762
      1.5           4.126       1       1          0    0.2251        1.491      1.367             1.135       1.135            1.038      0.3832         0.07085           1.576       0.02433          0           3.893
        2           4.124       1       1          0     0.239        1.965      1.799             1.568       1.568            1.055      0.3312         0.06301           1.978      0.007333          0           7.027
      2.5           4.121       1       1          0     0.251        2.454      2.222             1.992       1.992            1.074      0.2818         0.05371           2.457      0.001833          0           12.62
        3           4.119       1       1          0    0.2646        2.942       2.68              2.45        2.45            1.095      0.2307         0.03938           3.091     0.0003333          0           24.43

=== 1d P1|B|10
 edge_pct  trades_per_30d  mean_N  mean_L  liq_share  tp_share  drift_H_pct  gross_pct  net_notional_pct  eq_ret_pct  30d_median_mult  30d_p_loss  30d_mdd_median  1y_median_mult  1y_p_below50  1y_p_ruin  IS_median_mult
        0            5.22    1.25       5   0.001079    0.7378     -0.02088     0.1172          -0.04445    -0.05557            1.006      0.4808         0.07893          0.9006        0.1475          0          0.6839
    0.025           5.221    1.25       5   0.001079    0.7388     0.007698     0.1256            -0.036      -0.045            1.006      0.4793         0.07886          0.9035        0.1428          0          0.6839
     0.05           5.223    1.25       5   0.001079      0.74      0.04886     0.1365          -0.02489    -0.03111            1.007      0.4757         0.07799          0.9122        0.1385          0          0.6879
    0.075           5.224    1.25       5   0.001079    0.7413      0.07891      0.146          -0.01533    -0.01916            1.008      0.4735         0.07727          0.9212        0.1355          0          0.6879
      0.1           5.224    1.25       5   0.001078     0.742         0.11     0.1532         -0.008023    -0.01003            1.008       0.472         0.07698          0.9271        0.1327          0          0.6879
     0.15           5.225    1.25       5   0.001078    0.7437       0.1556     0.1682          0.007113    0.008891            1.009      0.4687         0.07629          0.9384        0.1262          0          0.7768
      0.2           5.229    1.25       5   0.001077    0.7461       0.2024     0.1875           0.02659     0.03324             1.01      0.4657         0.07558          0.9517         0.119          0          0.8271
      0.3           5.236    1.25       5    0.00113    0.7497       0.3015     0.2169            0.0564      0.0705            1.012      0.4598         0.07325          0.9753        0.1083          0          0.8686
      0.4           5.239    1.25       5   0.001129    0.7539        0.418     0.2522           0.09208      0.1151            1.015      0.4525         0.07162           1.003         0.096          0          0.8978
      0.6           5.252    1.25       5   0.001126    0.7609       0.6059     0.3141            0.1546      0.1932            1.019       0.438          0.0669           1.059         0.075          0           1.089
      0.8           5.258    1.25       5   0.001071    0.7681       0.7966     0.3752            0.2164      0.2704            1.024      0.4247         0.06456           1.121       0.06017          0           1.235
        1           5.269    1.25       5   0.001069    0.7765       0.9763     0.4414            0.2833      0.3541            1.029      0.4068          0.0604           1.181       0.04883          0           1.468
     1.25           5.283    1.25       5   0.001066     0.788        1.232     0.5298            0.3728       0.466            1.037      0.3842         0.05595           1.267       0.03517          0           1.915
      1.5           5.294    1.25       5   0.001011    0.7972        1.479     0.6072             0.451      0.5638            1.045      0.3653         0.05262           1.356       0.02483          0           2.417
        2           5.323    1.25       5  0.0009525     0.817         1.96     0.7719            0.6177      0.7721            1.051      0.3223         0.03803            1.57       0.01233          0           3.626
      2.5            5.35    1.25       5  0.0008951    0.8354        2.449     0.9195            0.7669      0.9587             1.07      0.2847         0.02232           1.784      0.005833          0           5.306
        3           5.371    1.25       5   0.000944    0.8546        2.947      1.077            0.9263       1.158            1.077      0.2438        0.001411           2.048      0.002167          0           8.541

=== 1d P2|B|10
 edge_pct  trades_per_30d  mean_N  mean_L  liq_share  tp_share  drift_H_pct  gross_pct  net_notional_pct  eq_ret_pct  30d_median_mult  30d_p_loss  30d_mdd_median  1y_median_mult  1y_p_below50  1y_p_ruin  IS_median_mult
        0           5.686     2.5      10    0.04033    0.8508    0.0007838    0.05813           -0.1005     -0.2512            1.021      0.4755         0.08802          0.7046        0.4367   0.007667            0.31
    0.025           5.687     2.5      10    0.04007    0.8516      0.03103    0.06411          -0.09436     -0.2359            1.022      0.4737         0.08655          0.7116        0.4312   0.007333          0.3251
     0.05           5.688     2.5      10    0.03996    0.8523      0.07266    0.06995          -0.08841      -0.221            1.024      0.4715         0.08453          0.7173         0.426   0.006833          0.3312
    0.075           5.689     2.5      10    0.03971     0.853       0.1037    0.07498          -0.08319      -0.208            1.025      0.4702         0.08394          0.7254        0.4208   0.006667          0.3392
      0.1           5.689     2.5      10    0.03971    0.8534       0.1368    0.07667          -0.08148     -0.2037            1.025      0.4695          0.0836          0.7293        0.4167   0.006833          0.3347
     0.15           5.692     2.5      10     0.0393    0.8546       0.1823      0.085          -0.07284     -0.1821            1.026      0.4665         0.08076          0.7389        0.4065   0.006333          0.3392
      0.2           5.693     2.5      10    0.03889     0.856       0.2312    0.09501          -0.06253     -0.1563            1.027       0.463         0.07848          0.7544        0.3957     0.0055          0.3474
      0.3           5.699     2.5      10    0.03826     0.858       0.3332     0.1087          -0.04835     -0.1209            1.031      0.4575         0.07617          0.7745        0.3825   0.005167          0.4036
      0.4           5.703     2.5      10    0.03759     0.861       0.4551     0.1305          -0.02602    -0.06505            1.038      0.4513         0.07116          0.8085        0.3588   0.004167          0.4828
      0.6           5.712     2.5      10     0.0364    0.8655       0.6506      0.163          0.007402     0.01851             1.05      0.4377         0.06228          0.8743        0.3243   0.003667          0.5496
      0.8           5.717     2.5      10    0.03538    0.8701       0.8389     0.1953           0.04057      0.1014            1.052      0.4265         0.05094          0.9234        0.2925   0.002667           0.667
        1           5.726     2.5      10    0.03463    0.8747        1.016     0.2286            0.0746      0.1865            1.052       0.411         0.03267          0.9826         0.265      0.002          0.8264
     1.25           5.737     2.5      10      0.033    0.8813        1.262     0.2722            0.1195      0.2988            1.068      0.3945         0.01503           1.066        0.2277     0.0015           1.113
      1.5           5.748     2.5      10    0.03156     0.887        1.507     0.3123            0.1608       0.402            1.077      0.3793               0           1.153        0.1935   0.001333           1.501
        2           5.767     2.5      10    0.02843    0.8995        1.979     0.4031            0.2542      0.6354            1.078      0.3435               0           1.391        0.1287  0.0006667           2.314
      2.5           5.788     2.5      10    0.02647    0.9107        2.449     0.4785            0.3315      0.8287            1.102       0.317               0           1.603       0.08583  0.0001667           3.748
        3           5.806     2.5      10    0.02411    0.9223        2.939     0.5608            0.4159        1.04            1.105      0.2817               0           1.917       0.05317  0.0001667           6.171

=== 1d P2|C|10
 edge_pct  trades_per_30d  mean_N  mean_L  liq_share  tp_share  drift_H_pct  gross_pct  net_notional_pct  eq_ret_pct  30d_median_mult  30d_p_loss  30d_mdd_median  1y_median_mult  1y_p_below50  1y_p_ruin  IS_median_mult
        0           5.858     2.5      10          0    0.7986      0.02698    0.02867           -0.1107     -0.2767            0.993      0.5465           0.123          0.7391        0.3267  0.0001667          0.4108
    0.025           5.859     2.5      10          0    0.7994      0.05738    0.03325            -0.106     -0.2651            0.993      0.5448           0.123          0.7435        0.3195  0.0001667          0.3981
     0.05           5.859     2.5      10          0    0.8002      0.09706    0.03785           -0.1014     -0.2535            0.993       0.543           0.123          0.7493        0.3143  0.0001667          0.3981
    0.075            5.86     2.5      10          0    0.8008       0.1274    0.04073          -0.09845     -0.2461           0.9931      0.5422           0.123          0.7528        0.3102  0.0001667          0.4103
      0.1           5.859     2.5      10          0    0.8012       0.1596    0.04262          -0.09656     -0.2414           0.9931      0.5403           0.123          0.7547         0.307  0.0001667          0.4227
     0.15           5.862     2.5      10          0    0.8024       0.2052    0.04879          -0.09028     -0.2257           0.9932      0.5372           0.123          0.7685        0.2993  0.0001667          0.4227
      0.2           5.862     2.5      10          0    0.8037       0.2549    0.05577          -0.08321      -0.208           0.9938      0.5335           0.123          0.7781        0.2905  0.0001667          0.4892
      0.3           5.866     2.5      10          0    0.8059       0.3578    0.06783          -0.07097     -0.1774           0.9939       0.528           0.123          0.7971         0.278          0          0.5024
      0.4           5.868     2.5      10          0    0.8085       0.4792    0.08214          -0.05647     -0.1412           0.9939      0.5215           0.123          0.8183        0.2615          0          0.5285
      0.6           5.872     2.5      10          0    0.8132       0.6764     0.1077          -0.03059    -0.07648           0.9947      0.5107           0.123           0.861        0.2385          0          0.6456
      0.8           5.874     2.5      10          0    0.8171       0.8711     0.1283         -0.009691    -0.02423           0.9947      0.5032           0.123          0.8972        0.2117  0.0001667          0.6835
        1            5.88     2.5      10          0    0.8216        1.049     0.1531           0.01541     0.03852            1.016       0.491           0.123          0.9358        0.1883          0          0.8061
     1.25           5.885     2.5      10          0    0.8275        1.293     0.1837           0.04649      0.1162            1.018      0.4753           0.123          0.9853        0.1598          0          0.9428
      1.5           5.893     2.5      10          0     0.833        1.542     0.2126           0.07578      0.1894            1.019      0.4612           0.123           1.033        0.1348          0           1.133
        2           5.904     2.5      10          0    0.8444        2.014      0.275            0.1391      0.3477             1.02      0.4358           0.123           1.173       0.08733          0            1.61
      2.5           5.916     2.5      10          0    0.8548        2.481     0.3313            0.1962      0.4905            1.045       0.411           0.123           1.295       0.05717          0           2.285
        3           5.928     2.5      10          0    0.8655        2.959     0.3872             0.253      0.6324            1.049      0.3837           0.123           1.443       0.03517          0           3.302

=== 1d P3|A|10
 edge_pct  trades_per_30d  mean_N  mean_L  liq_share  tp_share  drift_H_pct  gross_pct  net_notional_pct  eq_ret_pct  30d_median_mult  30d_p_loss  30d_mdd_median  1y_median_mult  1y_p_below50  1y_p_ruin  IS_median_mult
        0           6.056       4      20     0.1159    0.8759       0.0223    0.02581           -0.1545     -0.6179           0.9569      0.5248           0.204          0.5346        0.5898    0.01933          0.1336
    0.025           6.056       4      20     0.1157    0.8762      0.05107    0.02701           -0.1532     -0.6127           0.9569       0.525           0.204           0.536         0.588    0.01833          0.1364
     0.05           6.056       4      20     0.1152    0.8767      0.08933    0.02967           -0.1503     -0.6011           0.9569       0.524           0.204          0.5416        0.5828      0.018          0.1364
    0.075           6.056       4      20      0.115     0.877       0.1209    0.03077           -0.1491     -0.5963           0.9569      0.5235           0.204          0.5436        0.5807    0.01767          0.1376
      0.1           6.056       4      20     0.1148    0.8773       0.1532    0.03209           -0.1476     -0.5905            0.958      0.5225           0.204          0.5467        0.5782     0.0175          0.1403
     0.15           6.058       4      20     0.1144    0.8776       0.1974     0.0339           -0.1456     -0.5825            0.958      0.5215           0.204          0.5485        0.5743    0.01733          0.1464
      0.2           6.059       4      20     0.1138    0.8784       0.2452     0.0374           -0.1418     -0.5672            0.958        0.52           0.204          0.5572         0.567    0.01667          0.1438
      0.3           6.061       4      20     0.1128    0.8797       0.3507    0.04368            -0.135     -0.5399           0.9596       0.516           0.204          0.5702        0.5527    0.01583          0.1621
      0.4           6.062       4      20     0.1117    0.8809       0.4699    0.04925           -0.1288     -0.5154            0.973       0.514           0.204          0.5812        0.5393    0.01433          0.1715
      0.6           6.066       4      20     0.1095    0.8835       0.6627    0.06128           -0.1157     -0.4628           0.9907      0.5043          0.1157           0.603        0.5175    0.01117          0.1962
      0.8           6.069       4      20     0.1077    0.8854       0.8565    0.07119           -0.1049     -0.4194            1.005      0.4987         0.09022          0.6259        0.4998    0.01033          0.2294
        1           6.072       4      20      0.105    0.8884        1.036    0.08558          -0.08907     -0.3563             1.03      0.4882         0.04086          0.6581        0.4715   0.007833          0.2484
     1.25           6.073       4      20      0.103    0.8909         1.28    0.09717          -0.07639     -0.3055            1.042      0.4795               0            0.68        0.4475   0.007833          0.2762
      1.5           6.077       4      20     0.1004     0.894        1.524     0.1119          -0.06027     -0.2411            1.042      0.4683               0          0.7177        0.4192   0.006333          0.3494
        2           6.081       4      20    0.09491       0.9        1.998     0.1412           -0.0282     -0.1128            1.062      0.4502               0          0.7994        0.3565   0.003833          0.4343
      2.5           6.088       4      20    0.08967    0.9062        2.467     0.1702          0.003489     0.01396            1.064      0.4302               0          0.8833        0.3038   0.002667          0.6753
        3           6.098       4      20    0.08546    0.9115         2.95     0.1943           0.02991      0.1196            1.064       0.413               0          0.9614        0.2593   0.001667          0.8186

=== 1d P3|B|10
 edge_pct  trades_per_30d  mean_N  mean_L  liq_share  tp_share  drift_H_pct  gross_pct  net_notional_pct  eq_ret_pct  30d_median_mult  30d_p_loss  30d_mdd_median  1y_median_mult  1y_p_below50  1y_p_ruin  IS_median_mult
        0           6.057       4      20     0.1124    0.8758      0.01906    0.02704           -0.1517     -0.6069            0.958       0.525           0.204          0.5382        0.5855    0.01833          0.1378
    0.025           6.057       4      20     0.1122    0.8761      0.04783    0.02823           -0.1504     -0.6018            0.958      0.5252           0.204          0.5411        0.5838     0.0175          0.1378
     0.05           6.057       4      20     0.1118    0.8766      0.08608    0.03082           -0.1476     -0.5905            0.958      0.5242           0.204          0.5458        0.5787    0.01733          0.1415
    0.075           6.057       4      20     0.1116    0.8769       0.1176    0.03196           -0.1464     -0.5856            0.958      0.5237           0.204          0.5482         0.576      0.017          0.1439
      0.1           6.057       4      20     0.1114    0.8772       0.1499    0.03328            -0.145     -0.5798            0.958      0.5227           0.204          0.5501        0.5733    0.01667          0.1452
     0.15           6.059       4      20      0.111    0.8775       0.1942     0.0351            -0.143     -0.5718            0.958      0.5217           0.204          0.5519        0.5697     0.0165          0.1489
      0.2           6.059       4      20     0.1104    0.8783       0.2419    0.03859           -0.1391     -0.5565            0.958      0.5202           0.204          0.5601        0.5617    0.01567          0.1466
      0.3           6.062       4      20     0.1095    0.8796       0.3474     0.0448           -0.1324     -0.5297           0.9672      0.5162          0.1853          0.5731         0.548      0.015          0.1689
      0.4           6.063       4      20     0.1085    0.8808       0.4666    0.05033           -0.1264     -0.5054           0.9745      0.5142          0.1793          0.5845        0.5347    0.01417          0.1772
      0.6           6.067       4      20     0.1063    0.8834       0.6594     0.0624           -0.1132     -0.4526             0.99      0.5043          0.1224          0.6076         0.512    0.01067          0.1983
      0.8            6.07       4      20     0.1047    0.8854       0.8532    0.07213           -0.1026     -0.4105            1.005      0.4988         0.09136          0.6294        0.4955    0.01017          0.2294
        1           6.073       4      20     0.1022    0.8883        1.032     0.0864          -0.08705     -0.3482            1.027      0.4883         0.04585           0.662        0.4672   0.007833          0.2603
     1.25           6.074       4      20     0.1005    0.8908        1.277    0.09774          -0.07475      -0.299            1.042      0.4802               0          0.6854        0.4433   0.008167          0.2925
      1.5           6.078       4      20    0.09812     0.894        1.521     0.1125           -0.0587     -0.2348            1.042       0.469               0          0.7205        0.4155   0.006333            0.35
        2           6.082       4      20    0.09305    0.8999        1.995     0.1415          -0.02707     -0.1083            1.062      0.4507               0          0.8024         0.353     0.0035          0.4532
      2.5           6.089       4      20    0.08809    0.9061        2.463     0.1707           0.00473     0.01892            1.064      0.4302               0           0.886        0.2997     0.0025          0.6869
        3           6.099       4      20    0.08402    0.9115        2.946     0.1951           0.03134      0.1254            1.064      0.4127               0          0.9657        0.2538     0.0015          0.8327

=== 1d P3|C|10
 edge_pct  trades_per_30d  mean_N  mean_L  liq_share  tp_share  drift_H_pct  gross_pct  net_notional_pct  eq_ret_pct  30d_median_mult  30d_p_loss  30d_mdd_median  1y_median_mult  1y_p_below50  1y_p_ruin  IS_median_mult
        0           6.172       4      20          0     0.758     0.008738   -0.05836            -0.192     -0.7681           0.9607      0.6167          0.0968          0.5148        0.5657      0.001          0.1367
    0.025           6.171       4      20          0    0.7582      0.03691   -0.05773           -0.1914     -0.7655           0.9607      0.6157          0.0968          0.5153        0.5617      0.001          0.1384
     0.05           6.171       4      20          0    0.7588      0.07412   -0.05618           -0.1898     -0.7592           0.9607       0.615          0.0968          0.5157        0.5568  0.0008333          0.1391
    0.075           6.171       4      20          0    0.7592       0.1061   -0.05499           -0.1886     -0.7544           0.9607      0.6147          0.0968          0.5163        0.5542  0.0008333          0.1536
      0.1           6.171       4      20          0    0.7593       0.1374   -0.05473           -0.1883     -0.7533           0.9607      0.6145          0.0968          0.5176        0.5533  0.0008333          0.1514
     0.15           6.172       4      20          0    0.7596       0.1826   -0.05361           -0.1872     -0.7487           0.9607       0.613          0.0968          0.5241         0.549      0.001          0.1475
      0.2           6.172       4      20          0    0.7602       0.2309   -0.05195           -0.1855     -0.7419           0.9607       0.611          0.0968          0.5262         0.544  0.0006667          0.1469
      0.3           6.172       4      20          0     0.761       0.3356   -0.04978           -0.1832      -0.733           0.9607      0.6095          0.0968          0.5267        0.5383     0.0005          0.1535
      0.4           6.172       4      20          0    0.7622       0.4536   -0.04621           -0.1796     -0.7185           0.9607      0.6062          0.0968           0.536        0.5268  0.0006667          0.1563
      0.6           6.173       4      20          0    0.7641       0.6489   -0.04083           -0.1741     -0.6965           0.9607      0.6015          0.0968          0.5446        0.5137  0.0006667          0.1591
      0.8           6.174       4      20          0    0.7661       0.8425     -0.035           -0.1682     -0.6728           0.9607      0.5968          0.0968          0.5483         0.504     0.0005          0.1743
        1           6.174       4      20          0     0.769        1.021   -0.02657           -0.1596     -0.6384           0.9618       0.589          0.0968          0.5677        0.4783     0.0005          0.1718
     1.25           6.172       4      20          0    0.7704        1.264   -0.02256           -0.1555      -0.622           0.9788      0.5858          0.0968           0.572        0.4693     0.0005          0.1798
      1.5           6.173       4      20          0    0.7734        1.509   -0.01395           -0.1467      -0.587           0.9796       0.577          0.0968          0.5919        0.4443  0.0003333           0.203
        2           6.174       4      20          0    0.7767        1.984  -0.004679           -0.1373      -0.549           0.9807      0.5688          0.0968           0.607        0.4245  0.0001667          0.2331
      2.5           6.178       4      20          0    0.7811        2.462   0.008066           -0.1242      -0.497           0.9807       0.553          0.0968          0.6333        0.3917          0          0.2655
        3           6.181       4      20          0    0.7849        2.939    0.01896           -0.1131     -0.4525           0.9807      0.5445          0.0968          0.6576        0.3572          0          0.2773

=== 1d P3|B|30
 edge_pct  trades_per_30d  mean_N  mean_L  liq_share  tp_share  drift_H_pct  gross_pct  net_notional_pct  eq_ret_pct  30d_median_mult  30d_p_loss  30d_mdd_median  1y_median_mult  1y_p_below50  1y_p_ruin  IS_median_mult
        0           5.714       4      20     0.2405    0.7196      0.02839    0.03536           -0.2152      -0.861           0.9468      0.5718          0.2052          0.3423        0.7862     0.1595          0.0406
    0.025           5.715       4      20     0.2398    0.7204      0.05691    0.04068           -0.2096     -0.8383            0.947       0.571          0.2052          0.3489        0.7822      0.155         0.03987
     0.05           5.716       4      20     0.2388    0.7215      0.09719    0.04697           -0.2028     -0.8111           0.9473      0.5675          0.2052           0.356        0.7788     0.1493         0.04964
    0.075           5.716       4      20     0.2381    0.7224       0.1263    0.05204           -0.1974     -0.7894           0.9473      0.5668          0.2052          0.3596         0.776     0.1452         0.05317
      0.1           5.715       4      20     0.2378    0.7228       0.1569    0.05444           -0.1948     -0.7791           0.9473      0.5652          0.2052          0.3648        0.7765     0.1432         0.05587
     0.15           5.717       4      20     0.2367    0.7242       0.2018    0.06214           -0.1865     -0.7461           0.9477      0.5602          0.2052          0.3742         0.768     0.1377         0.05663
      0.2           5.717       4      20     0.2356    0.7258       0.2488    0.07024           -0.1778     -0.7113            0.948      0.5565          0.2052          0.3828        0.7627     0.1345         0.06234
      0.3           5.722       4      20      0.233    0.7289       0.3532    0.08818           -0.1585     -0.6341           0.9488      0.5493          0.2052          0.4079        0.7457     0.1238         0.07469
      0.4           5.723       4      20       0.23    0.7325       0.4755     0.1084           -0.1369     -0.5474           0.9502      0.5412          0.2052          0.4307         0.725     0.1118         0.09379
      0.6           5.727       4      20      0.225    0.7383       0.6763     0.1427          -0.09989     -0.3996           0.9502        0.53          0.2052          0.4835        0.6925    0.09317          0.1265
      0.8           5.732       4      20     0.2209    0.7439        0.871     0.1733          -0.06721     -0.2688           0.9563      0.5197          0.2052          0.5385        0.6608    0.07667          0.1631
        1            5.74       4      20     0.2155    0.7506        1.045     0.2111          -0.02654     -0.1061           0.9865      0.5048           0.204          0.5905        0.6228    0.06317          0.2729
     1.25           5.746       4      20     0.2103    0.7583        1.288     0.2526           0.01775     0.07102            1.004      0.4865           0.204           0.684        0.5728      0.049          0.3311
      1.5           5.751       4      20     0.2045    0.7657        1.533     0.2949           0.06308      0.2523            1.006      0.4662           0.204          0.7799        0.5227      0.038          0.5292
        2           5.761       4      20     0.1919     0.781        2.013     0.3839            0.1586      0.6343            1.008      0.4355           0.204           1.036        0.4212    0.02033           1.109
      2.5           5.772       4      20      0.181    0.7948        2.489     0.4618            0.2421      0.9685            1.064      0.4042           0.204           1.349        0.3315     0.0115           2.031
        3           5.786       4      20     0.1695    0.8093        2.967     0.5433            0.3297       1.319            1.068      0.3725           0.204           1.761        0.2432   0.005667           4.852

=== 1d P3|B|100
 edge_pct  trades_per_30d  mean_N  mean_L  liq_share  tp_share  drift_H_pct  gross_pct  net_notional_pct  eq_ret_pct  30d_median_mult  30d_p_loss  30d_mdd_median  1y_median_mult  1y_p_below50  1y_p_ruin  IS_median_mult
        0           4.923       4      20     0.4384    0.3752    -0.007875   -0.02405           -0.4015      -1.606           0.8654      0.6562          0.3619          0.1351         0.918     0.5122        0.002319
    0.025           4.922       4      20     0.4372    0.3765      0.02424    -0.0109           -0.3878      -1.551           0.8663      0.6545          0.3593          0.1384        0.9145     0.5015        0.002666
     0.05           4.921       4      20     0.4355    0.3781      0.06732   0.005777           -0.3703      -1.481           0.8676      0.6515           0.352          0.1442        0.9103     0.4893        0.003197
    0.075           4.921       4      20     0.4339    0.3794       0.1007    0.02231            -0.353      -1.412           0.8687      0.6487          0.3474          0.1511        0.9067     0.4805        0.003472
      0.1           4.921       4      20     0.4327    0.3807       0.1338    0.03455           -0.3402      -1.361           0.8693      0.6455          0.3452          0.1558        0.9038     0.4732        0.004256
     0.15           4.921       4      20     0.4309    0.3824       0.1819    0.05609           -0.3178      -1.271           0.8706      0.6415          0.3382          0.1647        0.8977     0.4588        0.005251
      0.2           4.921       4      20     0.4287    0.3844       0.2271    0.07882            -0.294      -1.176           0.8744      0.6367          0.3319           0.174         0.893     0.4437        0.005857
      0.3           4.922       4      20     0.4243    0.3891       0.3376     0.1281           -0.2426     -0.9703           0.8843      0.6258          0.3188          0.1961        0.8815      0.415        0.007672
      0.4           4.921       4      20     0.4192     0.394       0.4611     0.1829           -0.1854     -0.7418           0.9027      0.6162          0.3022          0.2274        0.8622     0.3782          0.0113
      0.6           4.919       4      20     0.4112    0.4021       0.6552     0.2699          -0.09462     -0.3785           0.9086      0.5982           0.283          0.2808         0.831     0.3272         0.02435
      0.8           4.918       4      20     0.4035    0.4097       0.8578     0.3534         -0.007464    -0.02986           0.9127      0.5795          0.2747          0.3537        0.7963     0.2772         0.04277
        1           4.916       4      20      0.395    0.4179        1.035     0.4432           0.08637      0.3455           0.9398      0.5592          0.2585          0.4352        0.7547     0.2345         0.09081
     1.25           4.913       4      20     0.3846     0.428        1.291     0.5593            0.2073      0.8293           0.9549      0.5373          0.2434          0.5908        0.6993     0.1765          0.2309
      1.5           4.909       4      20     0.3746     0.437        1.544     0.6653             0.318       1.272            0.982      0.5158          0.2414          0.7701        0.6493     0.1327          0.4986
        2           4.906       4      20     0.3513    0.4594         2.02     0.9162              0.58        2.32            1.043      0.4702          0.2236           1.458          0.51       0.06           3.689
      2.5           4.903       4      20     0.3304    0.4794        2.496      1.143            0.8164       3.266            1.093      0.4207          0.2076           2.636        0.3805    0.02667           16.48
        3           4.903       4      20     0.3097    0.4992         2.97      1.363             1.047       4.187            1.143      0.3728          0.2064           4.671        0.2767   0.009333           101.2

=== 1d P4|A|10
 edge_pct  trades_per_30d  mean_N  mean_L  liq_share  tp_share  drift_H_pct  gross_pct  net_notional_pct  eq_ret_pct  30d_median_mult  30d_p_loss  30d_mdd_median  1y_median_mult  1y_p_below50  1y_p_ruin  IS_median_mult
        0           6.226      20      50      0.253     0.747     0.005894    -0.1256           -0.3672      -7.345           0.6322      0.7975            0.42       0.0003547             1     0.9962       6.509e-11
    0.025           6.225      20      50     0.2529    0.7471      0.03382    -0.1254            -0.367      -7.341           0.6322      0.7973            0.42       0.0003565             1     0.9962       7.083e-11
     0.05           6.225      20      50     0.2526    0.7474      0.07029    -0.1247           -0.3662      -7.324           0.6322       0.797            0.42       0.0003567             1      0.996       1.082e-10
    0.075           6.225      20      50     0.2524    0.7476       0.1019    -0.1243           -0.3657      -7.314           0.6322      0.7962            0.42       0.0003694             1     0.9962       9.677e-11
      0.1           6.225      20      50     0.2526    0.7474        0.133    -0.1247           -0.3662      -7.324           0.6322       0.796            0.42       0.0003595             1     0.9962       9.015e-11
     0.15           6.225      20      50     0.2527    0.7473       0.1776     -0.125           -0.3665       -7.33           0.6322       0.796            0.42       0.0003567             1     0.9963       8.791e-11
      0.2           6.225      20      50     0.2525    0.7475       0.2255    -0.1247           -0.3661      -7.322           0.6322      0.7948            0.42       0.0003648             1     0.9963       9.221e-11
      0.3           6.226      20      50     0.2529    0.7471       0.3294    -0.1254            -0.367       -7.34           0.6322       0.797            0.42       0.0003622             1      0.996       8.583e-11
      0.4           6.225      20      50     0.2532    0.7468        0.446    -0.1258           -0.3676      -7.351           0.6322      0.7962            0.42       0.0003622             1     0.9962       4.329e-11
      0.6           6.225      20      50     0.2535    0.7465       0.6414    -0.1263           -0.3682      -7.365           0.6322      0.7955            0.42       0.0003512        0.9998      0.995       6.015e-11
      0.8           6.225      20      50     0.2536    0.7464       0.8349    -0.1265           -0.3685      -7.369           0.6322      0.7968            0.42       0.0003567             1     0.9962       7.469e-11
        1           6.225      20      50     0.2533    0.7467        1.011     -0.126           -0.3678      -7.356           0.6322      0.7963            0.42       0.0003567             1     0.9965        6.64e-11
     1.25           6.225      20      50     0.2542    0.7458        1.254    -0.1276           -0.3699      -7.397           0.6322      0.7995            0.42       0.0003417             1     0.9962       7.026e-11
      1.5           6.225      20      50     0.2548    0.7452        1.498    -0.1288           -0.3713      -7.426           0.6322      0.7998            0.42        0.000337             1     0.9973       6.812e-11
        2           6.225      20      50     0.2568    0.7432        1.972    -0.1324           -0.3759      -7.518           0.6271      0.8043            0.42       0.0002986             1     0.9982       6.028e-11
      2.5           6.225      20      50     0.2581    0.7419        2.448    -0.1348           -0.3789      -7.579           0.6322      0.8038            0.42       0.0002875             1     0.9982       4.282e-11
        3           6.225      20      50     0.2596    0.7404        2.931    -0.1376           -0.3824      -7.648           0.6322      0.8067            0.42       0.0002639             1      0.998       2.213e-11

=== 1d P4|B|10
 edge_pct  trades_per_30d  mean_N  mean_L  liq_share  tp_share  drift_H_pct  gross_pct  net_notional_pct  eq_ret_pct  30d_median_mult  30d_p_loss  30d_mdd_median  1y_median_mult  1y_p_below50  1y_p_ruin  IS_median_mult
        0           6.226      20      50      0.253     0.747     0.005894    -0.1256           -0.3672      -7.345           0.6322      0.7975            0.42       0.0003547             1     0.9962       6.509e-11
    0.025           6.225      20      50     0.2529    0.7471      0.03382    -0.1254            -0.367      -7.341           0.6322      0.7973            0.42       0.0003565             1     0.9962       7.083e-11
     0.05           6.225      20      50     0.2526    0.7474      0.07029    -0.1247           -0.3662      -7.324           0.6322       0.797            0.42       0.0003567             1      0.996       1.082e-10
    0.075           6.225      20      50     0.2524    0.7476       0.1019    -0.1243           -0.3657      -7.314           0.6322      0.7962            0.42       0.0003694             1     0.9962       9.677e-11
      0.1           6.225      20      50     0.2526    0.7474        0.133    -0.1247           -0.3662      -7.324           0.6322       0.796            0.42       0.0003595             1     0.9962       9.015e-11
     0.15           6.225      20      50     0.2527    0.7473       0.1776     -0.125           -0.3665       -7.33           0.6322       0.796            0.42       0.0003567             1     0.9963       8.791e-11
      0.2           6.225      20      50     0.2525    0.7475       0.2255    -0.1247           -0.3661      -7.322           0.6322      0.7948            0.42       0.0003648             1     0.9963       9.221e-11
      0.3           6.226      20      50     0.2529    0.7471       0.3294    -0.1254            -0.367       -7.34           0.6322       0.797            0.42       0.0003622             1      0.996       8.583e-11
      0.4           6.225      20      50     0.2532    0.7468        0.446    -0.1258           -0.3676      -7.351           0.6322      0.7962            0.42       0.0003622             1     0.9962       4.329e-11
      0.6           6.225      20      50     0.2535    0.7465       0.6414    -0.1263           -0.3682      -7.365           0.6322      0.7955            0.42       0.0003512        0.9998      0.995       6.015e-11
      0.8           6.225      20      50     0.2536    0.7464       0.8349    -0.1265           -0.3685      -7.369           0.6322      0.7968            0.42       0.0003567             1     0.9962       7.469e-11
        1           6.225      20      50     0.2533    0.7467        1.011     -0.126           -0.3678      -7.356           0.6322      0.7963            0.42       0.0003567             1     0.9965        6.64e-11
     1.25           6.225      20      50     0.2542    0.7458        1.254    -0.1276           -0.3699      -7.397           0.6322      0.7995            0.42       0.0003417             1     0.9962       7.026e-11
      1.5           6.225      20      50     0.2548    0.7452        1.498    -0.1288           -0.3713      -7.426           0.6322      0.7998            0.42        0.000337             1     0.9973       6.812e-11
        2           6.225      20      50     0.2568    0.7432        1.972    -0.1324           -0.3759      -7.518           0.6271      0.8043            0.42       0.0002986             1     0.9982       6.028e-11
      2.5           6.225      20      50     0.2581    0.7419        2.448    -0.1348           -0.3789      -7.579           0.6322      0.8038            0.42       0.0002875             1     0.9982       4.282e-11
        3           6.225      20      50     0.2596    0.7404        2.931    -0.1376           -0.3824      -7.648           0.6322      0.8067            0.42       0.0002639             1      0.998       2.213e-11

=== 1d P4|C|10
 edge_pct  trades_per_30d  mean_N  mean_L  liq_share  tp_share  drift_H_pct  gross_pct  net_notional_pct  eq_ret_pct  30d_median_mult  30d_p_loss  30d_mdd_median  1y_median_mult  1y_p_below50  1y_p_ruin  IS_median_mult
        0           6.232      20      50          0    0.6037     0.003754   -0.09192           -0.2318      -4.636           0.7257      0.8475          0.3341         0.01625             1     0.9622       7.163e-06
    0.025           6.232      20      50          0    0.6033      0.03193   -0.09236           -0.2323      -4.645           0.7257       0.848          0.3341         0.01625             1     0.9625       6.861e-06
     0.05           6.232      20      50          0    0.6034      0.06837   -0.09231           -0.2322      -4.644           0.7257      0.8468          0.3341         0.01616             1      0.963       6.796e-06
    0.075           6.232      20      50          0     0.603      0.09999   -0.09276           -0.2327      -4.654           0.7257       0.847          0.3341         0.01606             1     0.9628       6.796e-06
      0.1           6.232      20      50          0    0.6029        0.131   -0.09281           -0.2327      -4.655           0.7257      0.8473          0.3341         0.01606             1     0.9633       6.452e-06
     0.15           6.232      20      50          0    0.6023       0.1756    -0.0935           -0.2335      -4.669           0.7257      0.8478          0.3341         0.01585             1     0.9633       5.447e-06
      0.2           6.232      20      50          0    0.6023       0.2235    -0.0935           -0.2335      -4.669           0.7257      0.8478          0.3341         0.01597             1     0.9632       6.161e-06
      0.3           6.232      20      50          0    0.6009       0.3272   -0.09502           -0.2351      -4.701           0.7257        0.85          0.3341         0.01557             1     0.9643       5.447e-06
      0.4           6.231      20      50          0    0.5995       0.4437   -0.09652           -0.2366      -4.732           0.7257      0.8498          0.3341         0.01534             1     0.9655       4.376e-06
      0.6           6.231      20      50          0    0.5972       0.6387   -0.09904           -0.2392      -4.785           0.7257      0.8535          0.3341         0.01477        0.9998     0.9682       3.846e-06
      0.8           6.231      20      50          0    0.5952       0.8323    -0.1013           -0.2416      -4.832           0.7257      0.8548          0.3341         0.01428        0.9998     0.9693       2.997e-06
        1           6.231      20      50          0    0.5935        1.009    -0.1031           -0.2435       -4.87           0.7257      0.8522          0.3341         0.01368        0.9998      0.971       2.906e-06
     1.25           6.231      20      50          0    0.5902        1.252    -0.1067           -0.2472      -4.945           0.7257      0.8568          0.3341         0.01283             1     0.9743       2.266e-06
      1.5           6.231      20      50          0    0.5871        1.497    -0.1101           -0.2508      -5.016           0.7257      0.8608          0.3341         0.01202        0.9998     0.9758       1.737e-06
        2           6.231      20      50          0    0.5802         1.97    -0.1176           -0.2587      -5.173           0.7035      0.8692          0.3341         0.01052        0.9998     0.9838       1.619e-06
      2.5           6.231      20      50          0    0.5767        2.446    -0.1214           -0.2627      -5.253           0.7035      0.8698          0.3341        0.009929             1     0.9852       1.288e-06
        3           6.231      20      50          0    0.5713         2.93    -0.1272           -0.2687      -5.375           0.7035       0.873          0.3341        0.009001             1     0.9883       8.609e-07

=== 1d P4|B|100
 edge_pct  trades_per_30d  mean_N  mean_L  liq_share  tp_share  drift_H_pct  gross_pct  net_notional_pct  eq_ret_pct  30d_median_mult  30d_p_loss  30d_mdd_median  1y_median_mult  1y_p_below50  1y_p_ruin  IS_median_mult
        0           6.043      20      50     0.5822    0.4125     0.006723    0.01059           -0.3939      -7.877           0.3581      0.8288          0.7769       2.214e-06             1     0.9992       1.989e-17
    0.025           6.043      20      50     0.5816    0.4132       0.0347    0.01314            -0.391       -7.82           0.3633      0.8283          0.7769       2.328e-06             1     0.9992       1.456e-17
     0.05           6.043      20      50     0.5807     0.414      0.07213    0.01609           -0.3877      -7.753           0.3728      0.8277          0.7769       2.425e-06             1     0.9992       2.127e-17
    0.075           6.043      20      50     0.5798     0.415       0.1034    0.01966           -0.3836      -7.672           0.3767      0.8268          0.7769       2.581e-06             1      0.999       2.644e-17
      0.1           6.043      20      50     0.5797    0.4151       0.1326    0.01988           -0.3834      -7.667           0.3759      0.8257          0.7769       2.583e-06             1      0.999       3.067e-17
     0.15           6.042      20      50     0.5787     0.416        0.177    0.02339           -0.3794      -7.588            0.379      0.8258          0.7622       2.697e-06             1      0.999       3.994e-17
      0.2           6.043      20      50     0.5777     0.417       0.2221     0.0269           -0.3754      -7.508           0.3806      0.8242           0.745       2.864e-06             1     0.9988       2.737e-17
      0.3           6.041      20      50     0.5753    0.4193        0.328    0.03559           -0.3656      -7.312            0.383       0.823          0.7329       3.328e-06             1      0.999       5.477e-17
      0.4            6.04      20      50      0.573    0.4217       0.4461    0.04427           -0.3558      -7.116            0.383      0.8172          0.7317       3.893e-06        0.9998     0.9985       8.158e-17
      0.6            6.04      20      50     0.5686    0.4261       0.6428    0.06029           -0.3377      -6.753           0.3846      0.8125          0.7289        5.17e-06        0.9997     0.9977        2.51e-16
      0.8           6.039      20      50     0.5643    0.4303        0.835    0.07599           -0.3199      -6.398           0.3846      0.8028          0.7278       6.868e-06        0.9997     0.9973        6.48e-16
        1           6.037      20      50     0.5588    0.4357         1.01    0.09558           -0.2978      -5.955           0.3846      0.7952          0.7261       9.571e-06        0.9992     0.9968       2.819e-15
     1.25           6.037      20      50     0.5535     0.441        1.257     0.1149           -0.2759      -5.518           0.4315      0.7863          0.7261       1.409e-05        0.9993      0.995       7.023e-15
      1.5           6.036      20      50     0.5478    0.4467        1.506     0.1359           -0.2522      -5.044           0.4397      0.7793          0.7261       1.983e-05        0.9988     0.9945       1.709e-14
        2           6.037      20      50     0.5381    0.4563        1.982     0.1714           -0.2121      -4.242           0.4397       0.768          0.7261        3.91e-05        0.9982     0.9905        1.35e-13
      2.5           6.035      20      50     0.5297    0.4645        2.465     0.2018           -0.1777      -3.553           0.4723       0.752          0.7261       6.616e-05        0.9982     0.9872        5.13e-13
        3           6.033      20      50     0.5196    0.4746        2.957      0.239           -0.1356      -2.713           0.5315       0.734          0.6868       0.0001322        0.9972     0.9812       4.596e-12

=== 1d P5|A|10
 edge_pct  trades_per_30d  mean_N  mean_L  liq_share  tp_share  drift_H_pct  gross_pct  net_notional_pct  eq_ret_pct  30d_median_mult  30d_p_loss  30d_mdd_median  1y_median_mult  1y_p_below50  1y_p_ruin  IS_median_mult
        0           6.056       4      20     0.1159    0.8759       0.0223    0.02581           -0.1545     -0.6179           0.9569      0.5248           0.204          0.5346        0.5898    0.01933          0.1336
    0.025           6.056       4      20     0.1157    0.8762      0.05107    0.02701           -0.1532     -0.6127           0.9569       0.525           0.204           0.536         0.588    0.01833          0.1364
     0.05           6.056       4      20     0.1152    0.8767      0.08933    0.02967           -0.1503     -0.6011           0.9569       0.524           0.204          0.5416        0.5828      0.018          0.1364
    0.075           6.056       4      20      0.115     0.877       0.1209    0.03077           -0.1491     -0.5963           0.9569      0.5235           0.204          0.5436        0.5807    0.01767          0.1376
      0.1           6.056       4      20     0.1148    0.8773       0.1532    0.03209           -0.1476     -0.5905            0.958      0.5225           0.204          0.5467        0.5782     0.0175          0.1403
     0.15           6.058       4      20     0.1144    0.8776       0.1974     0.0339           -0.1456     -0.5825            0.958      0.5215           0.204          0.5485        0.5743    0.01733          0.1464
      0.2           6.059       4      20     0.1138    0.8784       0.2452     0.0374           -0.1418     -0.5672            0.958        0.52           0.204          0.5572         0.567    0.01667          0.1438
      0.3           6.061       4      20     0.1128    0.8797       0.3507    0.04368            -0.135     -0.5399           0.9596       0.516           0.204          0.5702        0.5527    0.01583          0.1621
      0.4           6.062       4      20     0.1117    0.8809       0.4699    0.04925           -0.1288     -0.5154            0.973       0.514           0.204          0.5812        0.5393    0.01433          0.1715
      0.6           6.066       4      20     0.1095    0.8835       0.6627    0.06128           -0.1157     -0.4628           0.9907      0.5043          0.1157           0.603        0.5175    0.01117          0.1962
      0.8           6.069       4      20     0.1077    0.8854       0.8565    0.07119           -0.1049     -0.4194            1.005      0.4987         0.09022          0.6259        0.4998    0.01033          0.2294
        1           6.072       4      20      0.105    0.8884        1.036    0.08558          -0.08907     -0.3563             1.03      0.4882         0.04086          0.6581        0.4715   0.007833          0.2484
     1.25           6.073       4      20      0.103    0.8909         1.28    0.09717          -0.07639     -0.3055            1.042      0.4795               0            0.68        0.4475   0.007833          0.2762
      1.5           6.077       4      20     0.1004     0.894        1.524     0.1119          -0.06027     -0.2411            1.042      0.4683               0          0.7177        0.4192   0.006333          0.3494
        2           6.081       4      20    0.09491       0.9        1.998     0.1412           -0.0282     -0.1128            1.062      0.4502               0          0.7994        0.3565   0.003833          0.4343
      2.5           6.088       4      20    0.08967    0.9062        2.467     0.1702          0.003489     0.01396            1.064      0.4302               0          0.8833        0.3038   0.002667          0.6753
        3           6.098       4      20    0.08546    0.9115         2.95     0.1943           0.02991      0.1196            1.064       0.413               0          0.9614        0.2593   0.001667          0.8186

=== 1d P5|B|10
 edge_pct  trades_per_30d  mean_N  mean_L  liq_share  tp_share  drift_H_pct  gross_pct  net_notional_pct  eq_ret_pct  30d_median_mult  30d_p_loss  30d_mdd_median  1y_median_mult  1y_p_below50  1y_p_ruin  IS_median_mult
        0           6.057       4      20     0.1124    0.8758      0.01906    0.02704           -0.1517     -0.6069            0.958       0.525           0.204          0.5382        0.5855    0.01833          0.1378
    0.025           6.057       4      20     0.1122    0.8761      0.04783    0.02823           -0.1504     -0.6018            0.958      0.5252           0.204          0.5411        0.5838     0.0175          0.1378
     0.05           6.057       4      20     0.1118    0.8766      0.08608    0.03082           -0.1476     -0.5905            0.958      0.5242           0.204          0.5458        0.5787    0.01733          0.1415
    0.075           6.057       4      20     0.1116    0.8769       0.1176    0.03196           -0.1464     -0.5856            0.958      0.5237           0.204          0.5482         0.576      0.017          0.1439
      0.1           6.057       4      20     0.1114    0.8772       0.1499    0.03328            -0.145     -0.5798            0.958      0.5227           0.204          0.5501        0.5733    0.01667          0.1452
     0.15           6.059       4      20      0.111    0.8775       0.1942     0.0351            -0.143     -0.5718            0.958      0.5217           0.204          0.5519        0.5697     0.0165          0.1489
      0.2           6.059       4      20     0.1104    0.8783       0.2419    0.03859           -0.1391     -0.5565            0.958      0.5202           0.204          0.5601        0.5617    0.01567          0.1466
      0.3           6.062       4      20     0.1095    0.8796       0.3474     0.0448           -0.1324     -0.5297           0.9672      0.5162          0.1853          0.5731         0.548      0.015          0.1689
      0.4           6.063       4      20     0.1085    0.8808       0.4666    0.05033           -0.1264     -0.5054           0.9745      0.5142          0.1793          0.5845        0.5347    0.01417          0.1772
      0.6           6.067       4      20     0.1063    0.8834       0.6594     0.0624           -0.1132     -0.4526             0.99      0.5043          0.1224          0.6076         0.512    0.01067          0.1983
      0.8            6.07       4      20     0.1047    0.8854       0.8532    0.07213           -0.1026     -0.4105            1.005      0.4988         0.09136          0.6294        0.4955    0.01017          0.2294
        1           6.073       4      20     0.1022    0.8883        1.032     0.0864          -0.08705     -0.3482            1.027      0.4883         0.04585           0.662        0.4672   0.007833          0.2603
     1.25           6.074       4      20     0.1005    0.8908        1.277    0.09774          -0.07475      -0.299            1.042      0.4802               0          0.6854        0.4433   0.008167          0.2925
      1.5           6.078       4      20    0.09812     0.894        1.521     0.1125           -0.0587     -0.2348            1.042       0.469               0          0.7205        0.4155   0.006333            0.35
        2           6.082       4      20    0.09305    0.8999        1.995     0.1415          -0.02707     -0.1083            1.062      0.4507               0          0.8024         0.353     0.0035          0.4532
      2.5           6.089       4      20    0.08809    0.9061        2.463     0.1707           0.00473     0.01892            1.064      0.4302               0           0.886        0.2997     0.0025          0.6869
        3           6.099       4      20    0.08402    0.9115        2.946     0.1951           0.03134      0.1254            1.064      0.4127               0          0.9657        0.2538     0.0015          0.8327

=== 1d P5|C|10
 edge_pct  trades_per_30d  mean_N  mean_L  liq_share  tp_share  drift_H_pct  gross_pct  net_notional_pct  eq_ret_pct  30d_median_mult  30d_p_loss  30d_mdd_median  1y_median_mult  1y_p_below50  1y_p_ruin  IS_median_mult
        0           6.172       4      20          0     0.758     0.008738   -0.05836            -0.192     -0.7681           0.9607      0.6167          0.0968          0.5148        0.5657      0.001          0.1367
    0.025           6.171       4      20          0    0.7582      0.03691   -0.05773           -0.1914     -0.7655           0.9607      0.6157          0.0968          0.5153        0.5617      0.001          0.1384
     0.05           6.171       4      20          0    0.7588      0.07412   -0.05618           -0.1898     -0.7592           0.9607       0.615          0.0968          0.5157        0.5568  0.0008333          0.1391
    0.075           6.171       4      20          0    0.7592       0.1061   -0.05499           -0.1886     -0.7544           0.9607      0.6147          0.0968          0.5163        0.5542  0.0008333          0.1536
      0.1           6.171       4      20          0    0.7593       0.1374   -0.05473           -0.1883     -0.7533           0.9607      0.6145          0.0968          0.5176        0.5533  0.0008333          0.1514
     0.15           6.172       4      20          0    0.7596       0.1826   -0.05361           -0.1872     -0.7487           0.9607       0.613          0.0968          0.5241         0.549      0.001          0.1475
      0.2           6.172       4      20          0    0.7602       0.2309   -0.05195           -0.1855     -0.7419           0.9607       0.611          0.0968          0.5262         0.544  0.0006667          0.1469
      0.3           6.172       4      20          0     0.761       0.3356   -0.04978           -0.1832      -0.733           0.9607      0.6095          0.0968          0.5267        0.5383     0.0005          0.1535
      0.4           6.172       4      20          0    0.7622       0.4536   -0.04621           -0.1796     -0.7185           0.9607      0.6062          0.0968           0.536        0.5268  0.0006667          0.1563
      0.6           6.173       4      20          0    0.7641       0.6489   -0.04083           -0.1741     -0.6965           0.9607      0.6015          0.0968          0.5446        0.5137  0.0006667          0.1591
      0.8           6.174       4      20          0    0.7661       0.8425     -0.035           -0.1682     -0.6728           0.9607      0.5968          0.0968          0.5483         0.504     0.0005          0.1743
        1           6.174       4      20          0     0.769        1.021   -0.02657           -0.1596     -0.6384           0.9618       0.589          0.0968          0.5677        0.4783     0.0005          0.1718
     1.25           6.172       4      20          0    0.7704        1.264   -0.02256           -0.1555      -0.622           0.9788      0.5858          0.0968           0.572        0.4693     0.0005          0.1798
      1.5           6.173       4      20          0    0.7734        1.509   -0.01395           -0.1467      -0.587           0.9796       0.577          0.0968          0.5919        0.4443  0.0003333           0.203
        2           6.174       4      20          0    0.7767        1.984  -0.004679           -0.1373      -0.549           0.9807      0.5688          0.0968           0.607        0.4245  0.0001667          0.2331
      2.5           6.178       4      20          0    0.7811        2.462   0.008066           -0.1242      -0.497           0.9807       0.553          0.0968          0.6333        0.3917          0          0.2655
        3           6.181       4      20          0    0.7849        2.939    0.01896           -0.1131     -0.4525           0.9807      0.5445          0.0968          0.6576        0.3572          0          0.2773

=== 1d P5|B|100
 edge_pct  trades_per_30d  mean_N  mean_L  liq_share  tp_share  drift_H_pct  gross_pct  net_notional_pct  eq_ret_pct  30d_median_mult  30d_p_loss  30d_mdd_median  1y_median_mult  1y_p_below50  1y_p_ruin  IS_median_mult
        0           4.923       4      20     0.4384    0.3752    -0.007875   -0.02405           -0.4015      -1.606           0.8654      0.6562          0.3619          0.1351         0.918     0.5122        0.002319
    0.025           4.922       4      20     0.4372    0.3765      0.02424    -0.0109           -0.3878      -1.551           0.8663      0.6545          0.3593          0.1384        0.9145     0.5015        0.002666
     0.05           4.921       4      20     0.4355    0.3781      0.06732   0.005777           -0.3703      -1.481           0.8676      0.6515           0.352          0.1442        0.9103     0.4893        0.003197
    0.075           4.921       4      20     0.4339    0.3794       0.1007    0.02231            -0.353      -1.412           0.8687      0.6487          0.3474          0.1511        0.9067     0.4805        0.003472
      0.1           4.921       4      20     0.4327    0.3807       0.1338    0.03455           -0.3402      -1.361           0.8693      0.6455          0.3452          0.1558        0.9038     0.4732        0.004256
     0.15           4.921       4      20     0.4309    0.3824       0.1819    0.05609           -0.3178      -1.271           0.8706      0.6415          0.3382          0.1647        0.8977     0.4588        0.005251
      0.2           4.921       4      20     0.4287    0.3844       0.2271    0.07882            -0.294      -1.176           0.8744      0.6367          0.3319           0.174         0.893     0.4437        0.005857
      0.3           4.922       4      20     0.4243    0.3891       0.3376     0.1281           -0.2426     -0.9703           0.8843      0.6258          0.3188          0.1961        0.8815      0.415        0.007672
      0.4           4.921       4      20     0.4192     0.394       0.4611     0.1829           -0.1854     -0.7418           0.9027      0.6162          0.3022          0.2274        0.8622     0.3782          0.0113
      0.6           4.919       4      20     0.4112    0.4021       0.6552     0.2699          -0.09462     -0.3785           0.9086      0.5982           0.283          0.2808         0.831     0.3272         0.02435
      0.8           4.918       4      20     0.4035    0.4097       0.8578     0.3534         -0.007464    -0.02986           0.9127      0.5795          0.2747          0.3537        0.7963     0.2772         0.04277
        1           4.916       4      20      0.395    0.4179        1.035     0.4432           0.08637      0.3455           0.9398      0.5592          0.2585          0.4352        0.7547     0.2345         0.09081
     1.25           4.913       4      20     0.3846     0.428        1.291     0.5593            0.2073      0.8293           0.9549      0.5373          0.2434          0.5908        0.6993     0.1765          0.2309
      1.5           4.909       4      20     0.3746     0.437        1.544     0.6653             0.318       1.272            0.982      0.5158          0.2414          0.7701        0.6493     0.1327          0.4986
        2           4.906       4      20     0.3513    0.4594         2.02     0.9162              0.58        2.32            1.043      0.4702          0.2236           1.458          0.51       0.06           3.689
      2.5           4.903       4      20     0.3304    0.4794        2.496      1.143            0.8164       3.266            1.093      0.4207          0.2076           2.636        0.3805    0.02667           16.48
        3           4.903       4      20     0.3097    0.4992         2.97      1.363             1.047       4.187            1.143      0.3728          0.2064           4.671        0.2767   0.009333           101.2

=== 1d P5c|A|10
 edge_pct  trades_per_30d  mean_N  mean_L  liq_share  tp_share  drift_H_pct  gross_pct  net_notional_pct  eq_ret_pct  30d_median_mult  30d_p_loss  30d_mdd_median  1y_median_mult  1y_p_below50  1y_p_ruin  IS_median_mult
        0           6.056       4      20     0.1159    0.8759       0.0223    0.02581           -0.1545     -0.6179           0.9569      0.5248           0.204          0.5346        0.5898    0.01933          0.1336
    0.025           6.056   4.019      20     0.1157    0.8762      0.05107    0.02701           -0.1532     -0.6136           0.9569      0.5245           0.204          0.5352        0.5898    0.01967          0.1343
     0.05           6.056   4.037      20     0.1152    0.8767      0.08933    0.02967           -0.1503     -0.6026            0.958      0.5233           0.204          0.5389        0.5865    0.02083          0.1405
    0.075           6.056   4.058      20      0.115     0.877       0.1209    0.03077           -0.1491     -0.5946            0.958      0.5225           0.204          0.5413        0.5852    0.02117          0.1402
      0.1           6.056   4.077      20     0.1148    0.8773       0.1532    0.03209           -0.1476     -0.5863            0.958       0.521           0.204          0.5451        0.5817     0.0225          0.1414
     0.15           6.058   4.112      20     0.1144    0.8776       0.1974     0.0339           -0.1456     -0.5718            0.958      0.5193           0.204          0.5508        0.5773    0.02233          0.1493
      0.2           6.059    4.15      20     0.1138    0.8784       0.2452     0.0374           -0.1418     -0.5503           0.9689      0.5172           0.204          0.5579        0.5667    0.02383           0.154
      0.3           6.061    4.22      20     0.1128    0.8797       0.3507    0.04368            -0.135     -0.5088           0.9776      0.5127           0.204          0.5722        0.5552      0.025          0.1638
      0.4           6.062   4.295      20     0.1117    0.8809       0.4699    0.04925           -0.1288     -0.4734            0.978      0.5093           0.204          0.5857        0.5433    0.02483          0.1676
      0.6           6.066    4.44      20     0.1095    0.8835       0.6627    0.06128           -0.1157     -0.3845             1.01      0.4977          0.1157          0.6198        0.5277    0.02467          0.1968
      0.8           6.069   4.577      20     0.1077    0.8854       0.8565    0.07119           -0.1049     -0.3119             1.02      0.4897         0.09022          0.6519        0.5117      0.027          0.2294
        1           6.072   4.719      20      0.105    0.8884        1.036    0.08558          -0.08907     -0.2097            1.042      0.4758         0.04086          0.6926        0.4857    0.02483          0.2712
     1.25           6.073   4.895      20      0.103    0.8909         1.28    0.09717          -0.07639      -0.122            1.042      0.4627               0           0.721        0.4755    0.02517          0.3677
      1.5           6.077   5.065      20     0.1004     0.894        1.524     0.1119          -0.06027    -0.01942            1.063       0.449               0          0.7646        0.4613      0.025           0.533
        2           6.081   5.419      20    0.09491       0.9        1.998     0.1412           -0.0282      0.1838            1.083      0.4227               0          0.8759        0.4257    0.02667          0.6982
      2.5           6.088   5.777      20    0.08967    0.9062        2.467     0.1702          0.003489      0.3835            1.086      0.3965               0          0.9923        0.4067      0.028          0.9421
        3           6.098   6.132      20    0.08546    0.9115         2.95     0.1943           0.02991      0.5535            1.107      0.3702               0           1.088        0.3948     0.0275           1.204

=== 1d P5c|B|10
 edge_pct  trades_per_30d  mean_N  mean_L  liq_share  tp_share  drift_H_pct  gross_pct  net_notional_pct  eq_ret_pct  30d_median_mult  30d_p_loss  30d_mdd_median  1y_median_mult  1y_p_below50  1y_p_ruin  IS_median_mult
        0           6.057       4      20     0.1124    0.8758      0.01906    0.02704           -0.1517     -0.6069            0.958       0.525           0.204          0.5382        0.5855    0.01833          0.1378
    0.025           6.057   4.019      20     0.1122    0.8761      0.04783    0.02823           -0.1504     -0.6026            0.958      0.5248           0.204          0.5375        0.5857      0.019           0.138
     0.05           6.057   4.037      20     0.1118    0.8766      0.08608    0.03082           -0.1476     -0.5921            0.958      0.5237           0.204           0.543        0.5813    0.02017          0.1442
    0.075           6.057   4.058      20     0.1116    0.8769       0.1176    0.03196           -0.1464     -0.5839            0.958      0.5228           0.204          0.5461        0.5797     0.0205          0.1449
      0.1           6.057   4.077      20     0.1114    0.8772       0.1499    0.03328            -0.145     -0.5755            0.958      0.5213           0.204          0.5501        0.5767    0.02183          0.1462
     0.15           6.059   4.112      20      0.111    0.8775       0.1942     0.0351            -0.143     -0.5611            0.958      0.5197           0.204           0.554        0.5733    0.02183           0.153
      0.2           6.059    4.15      20     0.1104    0.8783       0.2419    0.03859           -0.1391     -0.5396           0.9721      0.5175           0.204          0.5609        0.5633    0.02283          0.1576
      0.3           6.062    4.22      20     0.1095    0.8796       0.3474     0.0448           -0.1324     -0.4986           0.9776      0.5128          0.1853          0.5776        0.5517      0.024          0.1668
      0.4           6.063   4.295      20     0.1085    0.8808       0.4666    0.05033           -0.1264     -0.4634            0.978      0.5092          0.1793          0.5883        0.5382    0.02383          0.1676
      0.6           6.067    4.44      20     0.1063    0.8834       0.6594     0.0624           -0.1132     -0.3741             1.01       0.497          0.1224          0.6245        0.5232    0.02317          0.2021
      0.8            6.07   4.577      20     0.1047    0.8854       0.8532    0.07213           -0.1026     -0.3027            1.021      0.4888         0.09136          0.6556         0.506     0.0255          0.2433
        1           6.073   4.719      20     0.1022    0.8883        1.032     0.0864          -0.08705     -0.2015            1.042       0.475         0.04585           0.697        0.4813     0.0235          0.2712
     1.25           6.074   4.895      20     0.1005    0.8908        1.277    0.09774          -0.07475     -0.1153            1.042      0.4625               0          0.7254         0.472      0.024          0.3724
      1.5           6.078   5.065      20    0.09812     0.894        1.521     0.1125           -0.0587    -0.01284            1.063      0.4488               0          0.7691         0.456    0.02383          0.5373
        2           6.082   5.419      20    0.09305    0.8999        1.995     0.1415          -0.02707      0.1888            1.083       0.422               0          0.8772        0.4223    0.02617          0.6982
      2.5           6.089   5.776      20    0.08809    0.9061        2.463     0.1707           0.00473      0.3892            1.086      0.3955               0          0.9972        0.4027    0.02783          0.9421
        3           6.099   6.132      20    0.08402    0.9115        2.946     0.1951           0.03134      0.5603            1.107      0.3687               0           1.097        0.3923    0.02733           1.204

=== 1d P5c|C|10
 edge_pct  trades_per_30d  mean_N  mean_L  liq_share  tp_share  drift_H_pct  gross_pct  net_notional_pct  eq_ret_pct  30d_median_mult  30d_p_loss  30d_mdd_median  1y_median_mult  1y_p_below50  1y_p_ruin  IS_median_mult
        0           6.172       4      20          0     0.758     0.008738   -0.05836            -0.192     -0.7681           0.9607      0.6167          0.0968          0.5148        0.5657      0.001          0.1367
    0.025           6.171   4.018      20          0    0.7582      0.03691   -0.05773           -0.1914       -0.77           0.9607      0.6155          0.0968          0.5143        0.5673      0.001          0.1408
     0.05           6.171   4.038      20          0    0.7588      0.07412   -0.05618           -0.1898     -0.7633           0.9607      0.6133          0.0968          0.5149        0.5643  0.0008333           0.143
    0.075           6.171   4.058      20          0    0.7592       0.1061   -0.05499           -0.1886     -0.7592           0.9607      0.6123          0.0968          0.5154        0.5637  0.0008333          0.1495
      0.1           6.171   4.077      20          0    0.7593       0.1374   -0.05473           -0.1883     -0.7601           0.9607       0.612          0.0968          0.5155        0.5633      0.001          0.1507
     0.15           6.172   4.112      20          0    0.7596       0.1826   -0.05361           -0.1872     -0.7572           0.9607      0.6077          0.0968          0.5163        0.5592     0.0015          0.1399
      0.2           6.172    4.15      20          0    0.7602       0.2309   -0.05195           -0.1855       -0.75           0.9607      0.6037          0.0968          0.5183        0.5602   0.001333          0.1435
      0.3           6.172    4.22      20          0     0.761       0.3356   -0.04978           -0.1832     -0.7478           0.9607       0.598          0.0968           0.516        0.5633   0.001167          0.1451
      0.4           6.172   4.295      20          0    0.7622       0.4536   -0.04621           -0.1796     -0.7291           0.9607      0.5897          0.0968          0.5242        0.5588   0.001167          0.1498
      0.6           6.173    4.44      20          0    0.7641       0.6489   -0.04083           -0.1741     -0.7113           0.9614      0.5792          0.0968          0.5205        0.5605   0.002833           0.152
      0.8           6.174   4.576      20          0    0.7661       0.8425     -0.035           -0.1682     -0.6926           0.9614      0.5708          0.0968          0.5221        0.5652   0.003333          0.1453
        1           6.174   4.718      20          0     0.769        1.021   -0.02657           -0.1596       -0.66           0.9792        0.56          0.0968          0.5315        0.5562      0.004           0.154
     1.25           6.172   4.894      20          0    0.7704        1.264   -0.02256           -0.1555     -0.6543           0.9799      0.5537          0.0968          0.5287        0.5652   0.006833          0.1583
      1.5           6.173   5.064      20          0    0.7734        1.509   -0.01395           -0.1467     -0.6215           0.9803      0.5433          0.0968          0.5404        0.5608   0.008333          0.1647
        2           6.174   5.419      20          0    0.7767        1.984  -0.004679           -0.1373     -0.6067           0.9803      0.5402           0.098          0.5287        0.5785    0.01267           0.153
      2.5           6.178   5.777      20          0    0.7811        2.462   0.008066           -0.1242     -0.5719           0.9803      0.5283          0.1146          0.5278        0.5933     0.0195          0.1382
        3           6.181   6.132      20          0    0.7849        2.939    0.01896           -0.1131     -0.5413           0.9803      0.5268          0.1673           0.536         0.593      0.024          0.1469

=== 1d P6|B|none
 edge_pct  trades_per_30d  mean_N  mean_L  liq_share  tp_share  drift_H_pct  gross_pct  net_notional_pct  eq_ret_pct  30d_median_mult  30d_p_loss  30d_mdd_median  1y_median_mult  1y_p_below50  1y_p_ruin  IS_median_mult
        0           3.968  0.1152   5.141          0         0     -0.02283  -0.005302           -0.2562    -0.02448           0.9983      0.5477         0.01011          0.9844             0          0          0.9447
    0.025           3.967  0.1151   5.141          0         0      0.01347    0.02304           -0.2279     -0.0213           0.9984      0.5452         0.01011          0.9859             0          0          0.9461
     0.05           3.966  0.1152   5.141          0         0      0.06133    0.06565           -0.1853    -0.01666           0.9985      0.5408          0.0101          0.9884             0          0          0.9511
    0.075           3.966  0.1151   5.141          0         0      0.09151    0.09155           -0.1595    -0.01355           0.9986      0.5383          0.0101          0.9898             0          0          0.9539
      0.1           3.965  0.1151   5.141          0         0       0.1279      0.124           -0.1271    -0.01028           0.9987      0.5348          0.0101          0.9909             0          0          0.9614
     0.15           3.964  0.1151   5.141          0         0        0.178      0.175          -0.07614   -0.005178           0.9989      0.5297          0.0101          0.9935             0          0          0.9667
      0.2           3.963  0.1151   5.141          0         0       0.2235     0.2203           -0.0309  -0.0005879           0.9991      0.5242         0.01009           0.996             0          0          0.9759
      0.3           3.962  0.1151   5.141          0         0       0.3223     0.3112           0.05995    0.008696           0.9995       0.514         0.01009          0.9996             0          0          0.9932
      0.4            3.96  0.1151    5.14          0         0        0.427     0.4132            0.1617      0.0199                1      0.5013         0.01008           1.005             0          0           1.003
      0.6           3.957  0.1151   5.141          0         0       0.6167     0.5941            0.3425     0.03912            1.001      0.4813         0.01007           1.014             0          0           1.035
      0.8            3.95  0.1151   5.141          0         0        0.815     0.7801            0.5282     0.05957            1.001      0.4648         0.01006           1.024             0          0           1.062
        1           3.947  0.1152   5.141          0         0        1.002     0.9527            0.7005     0.07944            1.002      0.4417         0.01005           1.034             0          0           1.101
     1.25           3.941  0.1151    5.14          0         0        1.227      1.165            0.9126      0.1031            1.003       0.415         0.01003           1.046             0          0           1.127
      1.5           3.935  0.1151   5.139          0         0        1.485      1.399             1.146      0.1294            1.004      0.3872        0.008995           1.058             0          0           1.185
        2           3.926  0.1151   5.139          0         0        1.941      1.829             1.576      0.1769            1.005      0.3393        0.006715           1.085             0          0           1.272
      2.5           3.913  0.1151   5.139          0         0        2.423      2.287             2.033      0.2266            1.007       0.288        0.005434           1.109             0          0            1.36
        3           3.903  0.1151   5.139          0         0        2.901      2.745             2.491      0.2775            1.009      0.2372        0.003938           1.137             0          0           1.448

=== 1d P6h|B|none
 edge_pct  trades_per_30d  mean_N  mean_L  liq_share  tp_share  drift_H_pct  gross_pct  net_notional_pct  eq_ret_pct  30d_median_mult  30d_p_loss  30d_mdd_median  1y_median_mult  1y_p_below50  1y_p_ruin  IS_median_mult
        0           3.968 0.05758   5.141          0         0     -0.02283  -0.005302           -0.2562    -0.01224           0.9992       0.547        0.005054          0.9926             0          0          0.9729
    0.025           3.967 0.05757   5.141          0         0      0.01347    0.02304           -0.2279    -0.01065           0.9992      0.5445        0.005054          0.9933             0          0          0.9737
     0.05           3.966 0.05758   5.141          0         0      0.06133    0.06565           -0.1853   -0.008332           0.9993      0.5402        0.005052          0.9945             0          0          0.9761
    0.075           3.966 0.05757   5.141          0         0      0.09151    0.09155           -0.1595   -0.006775           0.9993      0.5377        0.005051          0.9953             0          0          0.9776
      0.1           3.965 0.05757   5.141          0         0       0.1279      0.124           -0.1271   -0.005139           0.9994      0.5342         0.00505          0.9958             0          0          0.9814
     0.15           3.964 0.05757   5.141          0         0        0.178      0.175          -0.07614   -0.002589           0.9995      0.5288        0.005049          0.9971             0          0          0.9844
      0.2           3.963 0.05757   5.141          0         0       0.2235     0.2203           -0.0309  -0.0002939           0.9996      0.5233        0.005047          0.9984             0          0          0.9889
      0.3           3.962 0.05757   5.141          0         0       0.3223     0.3112           0.05995    0.004348           0.9998      0.5132        0.005044               1             0          0          0.9974
      0.4            3.96 0.05757    5.14          0         0        0.427     0.4132            0.1617    0.009949                1      0.5005        0.005039           1.003             0          0           1.002
      0.6           3.957 0.05757   5.141          0         0       0.6167     0.5941            0.3425     0.01956                1      0.4805        0.005034           1.007             0          0           1.018
      0.8            3.95 0.05757   5.141          0         0        0.815     0.7801            0.5282     0.02978            1.001      0.4642        0.005029           1.012             0          0           1.032
        1           3.947 0.05758   5.141          0         0        1.002     0.9527            0.7005     0.03972            1.001       0.441        0.005025           1.017             0          0           1.051
     1.25           3.941 0.05756    5.14          0         0        1.227      1.165            0.9126     0.05156            1.001      0.4145        0.005017           1.023             0          0           1.063
      1.5           3.935 0.05755   5.139          0         0        1.485      1.399             1.146     0.06469            1.002      0.3868        0.004498           1.029             0          0            1.09
        2           3.926 0.05756   5.139          0         0        1.941      1.829             1.576     0.08847            1.003      0.3388         0.00336           1.042             0          0           1.129
      2.5           3.913 0.05756   5.139          0         0        2.423      2.287             2.033      0.1133            1.004      0.2878        0.002717           1.054             0          0           1.168
        3           3.903 0.05757   5.139          0         0        2.901      2.745             2.491      0.1387            1.004      0.2368        0.001969           1.067             0          0           1.205

=== 1d P6|B|10
 edge_pct  trades_per_30d  mean_N  mean_L  liq_share  tp_share  drift_H_pct  gross_pct  net_notional_pct  eq_ret_pct  30d_median_mult  30d_p_loss  30d_mdd_median  1y_median_mult  1y_p_below50  1y_p_ruin  IS_median_mult
        0           5.165  0.1149   5.127          0    0.7244      -0.0354     0.1266          -0.03671    -0.01269                1      0.4913         0.01003          0.9929             0          0          0.9684
    0.025           5.167  0.1149   5.128          0    0.7255    -0.005247     0.1355          -0.02775    -0.01168                1       0.489         0.01002          0.9934             0          0          0.9697
     0.05            5.17  0.1149   5.128          0    0.7268      0.03438     0.1478          -0.01523    -0.01037            1.001      0.4852         0.01002          0.9941             0          0          0.9698
    0.075           5.171  0.1149   5.128          0    0.7279       0.0656     0.1558          -0.00719    -0.00937            1.001      0.4837         0.01002          0.9946             0          0          0.9725
      0.1           5.171  0.1149   5.128          0    0.7288      0.09717     0.1663          0.003458   -0.008396            1.001      0.4817         0.01002          0.9957             0          0          0.9776
     0.15           5.174   0.115   5.129          0    0.7308       0.1436     0.1825           0.01985   -0.006612            1.001      0.4775        0.009625           0.997             0          0          0.9814
      0.2           5.177  0.1149   5.128          0    0.7332       0.1901     0.2037           0.04128   -0.004526            1.001      0.4742        0.009302          0.9981             0          0          0.9817
      0.3           5.187   0.115   5.129          0    0.7378       0.2908     0.2439           0.08194  -0.0005034            1.001       0.466        0.008427               1             0          0           0.991
      0.4           5.193   0.115   5.131          0    0.7425       0.4125     0.2841            0.1226    0.004087            1.001      0.4558        0.007984           1.003             0          0           1.001
      0.6           5.207   0.115    5.13          0    0.7505       0.6039     0.3536            0.1928     0.01132            1.001      0.4433        0.007117           1.007             0          0           1.016
      0.8           5.213   0.115   5.131          0    0.7575       0.7929     0.4179            0.2577      0.0182            1.002      0.4287        0.006724           1.012             0          0           1.032
        1           5.227   0.115   5.132          0    0.7654       0.9688     0.4834            0.3239     0.02584            1.002      0.4057        0.006158           1.017             0          0           1.049
     1.25           5.239   0.115    5.13          0    0.7763        1.222     0.5723            0.4139     0.03573            1.003      0.3847        0.005673           1.023             0          0           1.066
      1.5           5.249   0.115   5.131          0    0.7857        1.468     0.6536             0.496     0.04453            1.004      0.3657        0.005149           1.029             0          0           1.078
        2           5.279   0.115    5.13          0    0.8056        1.944     0.8354            0.6798      0.0642            1.005      0.3195        0.003964           1.043             0          0           1.128
      2.5           5.312   0.115   5.129          0    0.8259        2.431      1.009            0.8552     0.08288            1.006      0.2778         0.00278           1.056             0          0           1.162
        3           5.338   0.115    5.13          0    0.8464        2.926      1.189             1.037      0.1026            1.007      0.2338       0.0009759            1.07             0          0           1.216
