
=== 15m P0|A|10
 edge_pct  trades_per_30d  mean_N  mean_L  liq_share  tp_share  drift_H_pct  gross_pct  net_notional_pct  eq_ret_pct  30d_median_mult  30d_p_loss  30d_mdd_median  1y_median_mult  1y_p_below50  1y_p_ruin  IS_median_mult
        0           79.32       1       1          0  0.004214     0.001983    0.00937           -0.1354     -0.1354           0.8902      0.7787          0.1804          0.2327        0.9492     0.0825         0.01563
    0.025           79.32       1       1          0  0.004267      0.02694    0.03432           -0.1105     -0.1105           0.9077      0.7405          0.1703          0.2936        0.8953     0.0345         0.02994
     0.05           79.33       1       1          0  0.004315      0.05148    0.05896          -0.08582    -0.08582           0.9263      0.6938           0.161          0.3752        0.7955    0.01233         0.06017
    0.075           79.33       1       1          0  0.004456      0.07797    0.08573          -0.05904    -0.05904           0.9437      0.6465           0.152          0.4854         0.647      0.004          0.1163
      0.1           79.33       1       1          0  0.004569       0.1034     0.1114          -0.03337    -0.03337           0.9641      0.5985          0.1443          0.6193        0.4925   0.001167          0.2394
     0.15           79.33       1       1          0  0.004734       0.1527     0.1606           0.01584     0.01584            1.001      0.4962          0.1285           1.001          0.21  0.0003333           1.032
      0.2           79.34       1       1          0  0.004918       0.2028     0.2107           0.06601     0.06601            1.039      0.4003          0.1168           1.638       0.05683          0           3.762
      0.3           79.34       1       1          0  0.005331       0.3013     0.3098            0.1651      0.1651            1.122      0.2243         0.09483           4.187      0.001167          0              74
      0.4           79.35       1       1          0  0.005639       0.4034     0.4117             0.267       0.267            1.208      0.1038         0.07886           11.27             0          0            1425
      0.6           79.36       1       1          0  0.006354       0.6049     0.6138            0.4691      0.4691            1.409       0.011         0.05366           78.76             0          0       3.988e+05

=== 15m P0|B|10
 edge_pct  trades_per_30d  mean_N  mean_L  liq_share  tp_share  drift_H_pct  gross_pct  net_notional_pct  eq_ret_pct  30d_median_mult  30d_p_loss  30d_mdd_median  1y_median_mult  1y_p_below50  1y_p_ruin  IS_median_mult
        0           91.08       1       1          0  0.003722     0.005439  -0.009358           -0.1526     -0.1526           0.8631      0.8613          0.1861          0.1617         0.995     0.1628        0.005495
    0.025           90.91       1       1          0   0.00377      0.03065   0.008453           -0.1349     -0.1349           0.8774      0.8337          0.1764          0.1976         0.985    0.08117         0.00978
     0.05           90.75       1       1          0  0.003828       0.0551    0.02523           -0.1181     -0.1181           0.8915       0.807          0.1676          0.2384        0.9622     0.0365         0.01759
    0.075            90.6       1       1          0  0.003923      0.08113    0.04322           -0.1001     -0.1001           0.9042      0.7752          0.1601          0.2914         0.915      0.012         0.02742
      0.1           90.41       1       1          0  0.004035       0.1071    0.06153          -0.08182    -0.08182             0.92      0.7352          0.1515          0.3568        0.8345   0.003667          0.0546
     0.15            90.1       1       1          0  0.004158       0.1566    0.09596          -0.04742    -0.04742           0.9472      0.6655          0.1373           0.522        0.5867          0          0.1645
      0.2            89.8       1       1          0  0.004329       0.2069     0.1312          -0.01218    -0.01218           0.9752      0.5728          0.1246          0.7714         0.283          0          0.4806
      0.3           89.21       1       1          0  0.004684       0.3067     0.2014            0.0579      0.0579            1.034       0.395          0.1028           1.634         0.019          0           4.384
      0.4           88.59       1       1          0  0.004966       0.4086     0.2714            0.1279      0.1279            1.099      0.2287         0.08554           3.454     0.0001667          0           41.41
      0.6           87.39       1       1          0  0.005565       0.6119     0.4141            0.2704      0.2704            1.235     0.05267         0.06033           15.38             0          0            3666

=== 15m P1|B|10
 edge_pct  trades_per_30d  mean_N  mean_L  liq_share  tp_share  drift_H_pct  gross_pct  net_notional_pct  eq_ret_pct  30d_median_mult  30d_p_loss  30d_mdd_median  1y_median_mult  1y_p_below50  1y_p_ruin  IS_median_mult
        0           94.89    1.25       5          0    0.1639     0.005753  -0.001428           -0.1363     -0.1704           0.8428      0.8832          0.2067          0.1222        0.9997     0.3768        0.002473
    0.025           94.78    1.25       5          0    0.1668       0.0309    0.01432           -0.1204     -0.1505           0.8598      0.8535          0.1961          0.1536        0.9953      0.219        0.004527
     0.05           94.67    1.25       5          0    0.1697      0.05598    0.02955           -0.1051     -0.1313           0.8748      0.8235           0.186          0.1931        0.9833     0.1083        0.009704
    0.075           94.56    1.25       5          0    0.1725      0.08236    0.04516          -0.08932     -0.1116           0.8905       0.786          0.1767          0.2426        0.9552      0.045         0.01698
      0.1           94.43    1.25       5          0    0.1755       0.1086    0.06126          -0.07307    -0.09134           0.9089      0.7492          0.1675          0.3057        0.8977    0.01333         0.03396
     0.15           94.22    1.25       5          0    0.1808       0.1586    0.09196          -0.04212    -0.05265           0.9426      0.6678          0.1514          0.4732        0.6533   0.001333          0.1206
      0.2           94.02    1.25       5          0    0.1864        0.209     0.1227           -0.0111    -0.01388           0.9763      0.5698          0.1364          0.7421        0.3285          0          0.3738
      0.3           93.63    1.25       5          0    0.1978       0.3109     0.1848            0.0515     0.06438            1.047      0.3718          0.1128            1.82        0.0195          0           5.936
      0.4            93.2    1.25       5          0    0.2095       0.4165     0.2486            0.1159      0.1449            1.127      0.2027         0.09405           4.529     0.0003333          0           84.94
      0.6           92.41    1.25       5          0    0.2327       0.6213     0.3743            0.2426      0.3032            1.298     0.03533          0.0669           26.21             0          0       1.485e+04

=== 15m P2|B|10
 edge_pct  trades_per_30d  mean_N  mean_L  liq_share  tp_share  drift_H_pct  gross_pct  net_notional_pct  eq_ret_pct  30d_median_mult  30d_p_loss  30d_mdd_median  1y_median_mult  1y_p_below50  1y_p_ruin  IS_median_mult
        0             102     2.5      10  9.205e-06    0.3727     0.006057   0.004704            -0.119     -0.2976           0.7194      0.9115          0.3454         0.01747             1     0.9868       7.154e-06
    0.025             102     2.5      10  9.209e-06    0.3775      0.03177    0.01586           -0.1076     -0.2691           0.7406      0.8937          0.3294          0.0249             1      0.963       2.297e-05
     0.05           101.9     2.5      10  9.212e-06    0.3822      0.05722    0.02667          -0.09661     -0.2415           0.7628      0.8715          0.3146          0.0351             1      0.916       6.194e-05
    0.075           101.9     2.5      10  9.214e-06    0.3871      0.08414    0.03794           -0.0851     -0.2127           0.7856      0.8472          0.3018         0.05039        0.9993     0.8397       0.0001634
      0.1           101.9     2.5      10  9.217e-06    0.3923       0.1104     0.0497          -0.07308     -0.1827            0.808       0.821          0.2895         0.07343         0.995     0.7033       0.0005017
     0.15           101.8     2.5      10  9.224e-06    0.4021       0.1604    0.07248          -0.04981     -0.1245            0.858      0.7458          0.2618          0.1502        0.9622      0.375        0.004726
      0.2           101.7     2.5      10  9.229e-06    0.4116       0.2112    0.09451          -0.02732    -0.06829           0.9097      0.6615          0.2393           0.301        0.8488     0.1167         0.03596
      0.3           101.6     2.5      10  9.242e-06    0.4309       0.3144     0.1395           0.01859     0.04646            1.019      0.4652          0.1971           1.246        0.3007   0.002667           2.187
      0.4           101.4     2.5      10  9.257e-06    0.4505         0.42     0.1851           0.06515      0.1629            1.145      0.2717          0.1642           5.385        0.0245          0           120.5
      0.6           101.2     2.5      10  9.278e-06    0.4898       0.6256     0.2755            0.1576      0.3939            1.444     0.05467          0.1213           93.71     0.0001667          0       5.829e+05

=== 15m P2|C|10
 edge_pct  trades_per_30d  mean_N  mean_L  liq_share  tp_share  drift_H_pct  gross_pct  net_notional_pct  eq_ret_pct  30d_median_mult  30d_p_loss  30d_mdd_median  1y_median_mult  1y_p_below50  1y_p_ruin  IS_median_mult
        0           89.81     2.5      10          0    0.4267     0.003143    0.01616           -0.1061     -0.2653           0.7658      0.8243          0.3467         0.03138        0.9977     0.8997       4.681e-05
    0.025           89.92     2.5      10          0    0.4323      0.02861     0.0333          -0.08869     -0.2217           0.7947       0.791          0.3305         0.04976        0.9948     0.8075       0.0001811
     0.05           90.04     2.5      10          0     0.438      0.05473    0.05041          -0.07128     -0.1782           0.8275      0.7488           0.315         0.08144         0.983      0.656        0.000762
    0.075           90.17     2.5      10          0    0.4437      0.08241    0.06798          -0.05341     -0.1335           0.8584      0.6998          0.3004          0.1325        0.9525     0.4707        0.003804
      0.1           90.33     2.5      10          0    0.4497       0.1088    0.08563          -0.03545    -0.08863           0.8943      0.6523          0.2853          0.2194         0.895      0.304         0.01682
     0.15           90.57     2.5      10          0    0.4612       0.1591     0.1201        -0.0003537  -0.0008843           0.9699      0.5443          0.2584          0.5748        0.6742    0.07067           0.229
      0.2            90.8     2.5      10          0    0.4722       0.2093      0.153           0.03313     0.08283            1.045      0.4348          0.2346           1.487          0.37     0.0095           3.787
      0.3           91.26     2.5      10          0    0.4947       0.3127     0.2207             0.102       0.255            1.222      0.2367          0.1962           10.47         0.041          0            1017
      0.4           91.73     2.5      10          0    0.5172       0.4181     0.2891            0.1716       0.429            1.427     0.09983          0.1666           75.68        0.0035          0        3.17e+05
      0.6           92.76     2.5      10          0    0.5626        0.624     0.4261            0.3109      0.7773            1.979      0.0065          0.1239            4278             0          0       4.576e+10

=== 15m P3|A|10
 edge_pct  trades_per_30d  mean_N  mean_L  liq_share  tp_share  drift_H_pct  gross_pct  net_notional_pct  eq_ret_pct  30d_median_mult  30d_p_loss  30d_mdd_median  1y_median_mult  1y_p_below50  1y_p_ruin  IS_median_mult
        0           100.8       4      20    0.01942    0.6673     0.003812    0.01614           -0.1013     -0.4054           0.6262      0.8808          0.4807        0.002158             1     0.9967       2.059e-08
    0.025             101       4      20    0.01904     0.673      0.02886    0.02663          -0.09039     -0.3616           0.6523      0.8602          0.4648        0.003793        0.9998     0.9907       6.187e-08
     0.05           101.2       4      20    0.01861    0.6785      0.05514    0.03719          -0.07935     -0.3174            0.685      0.8327           0.447        0.006596        0.9995     0.9762       3.763e-07
    0.075           101.4       4      20    0.01825     0.684      0.08221    0.04746          -0.06864     -0.2746           0.7157      0.7998          0.4301         0.01132         0.999     0.9528       2.134e-06
      0.1           101.6       4      20    0.01786    0.6897       0.1084    0.05806          -0.05757     -0.2303           0.7483      0.7635          0.4163         0.01966        0.9965     0.9038       1.181e-05
     0.15           101.9       4      20    0.01712    0.7011       0.1586    0.07883          -0.03588     -0.1435           0.8175       0.697          0.3843         0.05954        0.9762     0.7258       0.0003571
      0.2           102.3       4      20    0.01633    0.7118       0.2087     0.0991          -0.01469    -0.05875           0.8914      0.6173          0.3552          0.1774        0.9033     0.4493        0.007349
      0.3             103       4      20    0.01484    0.7335       0.3102     0.1388           0.02676      0.1071            1.059      0.4418          0.3048           1.543        0.5043    0.05633           3.738
      0.4           103.7       4      20    0.01313    0.7556       0.4155     0.1806           0.07052      0.2821            1.277      0.2633          0.2634           15.21        0.1275      0.002            2062
      0.6           105.2       4      20   0.009885       0.8        0.622     0.2641            0.1577      0.6308            1.866      0.0475          0.2029            1686        0.0055          0       2.304e+09

=== 15m P3|B|10
 edge_pct  trades_per_30d  mean_N  mean_L  liq_share  tp_share  drift_H_pct  gross_pct  net_notional_pct  eq_ret_pct  30d_median_mult  30d_p_loss  30d_mdd_median  1y_median_mult  1y_p_below50  1y_p_ruin  IS_median_mult
        0           112.5       4      20  0.0002629    0.5895     0.004888   0.008883           -0.1033     -0.4131           0.6036      0.9588          0.4516        0.002016             1          1       1.623e-08
    0.025           112.5       4      20  0.0002545    0.5942      0.03046    0.01523          -0.09669     -0.3868           0.6211       0.946          0.4375        0.002899             1     0.9998       5.333e-08
     0.05           112.6       4      20  0.0002502    0.5989      0.05617     0.0215          -0.09019     -0.3608           0.6417      0.9338          0.4254        0.004178             1     0.9995       1.418e-07
    0.075           112.6       4      20  0.0002502    0.6034      0.08261    0.02768          -0.08378     -0.3351           0.6604       0.921          0.4126        0.005935             1     0.9983       3.137e-07
      0.1           112.6       4      20  0.0002501    0.6083       0.1086    0.03446          -0.07676      -0.307           0.6814      0.9057          0.3993        0.008788             1     0.9953       1.103e-06
     0.15           112.7       4      20  0.0002542    0.6179       0.1585    0.04723           -0.0635      -0.254           0.7217      0.8668          0.3719         0.01842             1     0.9692       9.574e-06
      0.2           112.7       4      20  0.0002541    0.6271       0.2091    0.05978          -0.05049      -0.202             0.77      0.8173          0.3425         0.03693        0.9987     0.8753       8.004e-05
      0.3           112.8       4      20  0.0002372    0.6456       0.3114    0.08471          -0.02463     -0.0985           0.8665      0.7015           0.293          0.1566        0.9485      0.406        0.004539
      0.4           112.9       4      20  0.0002328    0.6648       0.4164     0.1108          0.002435     0.00974           0.9762      0.5343          0.2488          0.7103        0.5947    0.04133          0.3279
      0.6           113.2       4      20   0.000195    0.7026       0.6212     0.1621            0.0557      0.2228            1.245      0.2037          0.1828           14.09       0.01817          0            2451

=== 15m P3|C|10
 edge_pct  trades_per_30d  mean_N  mean_L  liq_share  tp_share  drift_H_pct  gross_pct  net_notional_pct  eq_ret_pct  30d_median_mult  30d_p_loss  30d_mdd_median  1y_median_mult  1y_p_below50  1y_p_ruin  IS_median_mult
        0           102.9       4      20          0    0.6585     0.004554    0.01225          -0.09713     -0.3885           0.6382      0.8963          0.4537        0.003385             1     0.9975       8.652e-08
    0.025           103.1       4      20          0    0.6641       0.0299    0.02216          -0.08693     -0.3477           0.6651      0.8738          0.4367        0.005674        0.9998      0.993        3.43e-07
     0.05           103.2       4      20          0    0.6695      0.05609    0.03179          -0.07702     -0.3081           0.6945      0.8457          0.4189        0.009475        0.9997     0.9803       1.339e-06
    0.075           103.4       4      20          0    0.6748      0.08331    0.04152            -0.067      -0.268           0.7228       0.818          0.4029         0.01562        0.9992     0.9515       6.364e-06
      0.1           103.5       4      20          0    0.6804       0.1096    0.05145          -0.05678     -0.2271           0.7537      0.7837          0.3841         0.02648         0.997     0.8955       3.052e-05
     0.15           103.8       4      20          0    0.6915       0.1596    0.07075           -0.0369     -0.1476           0.8178      0.7223          0.3541         0.07309        0.9802      0.689       0.0005253
      0.2           104.1       4      20          0    0.7021       0.2099    0.08943          -0.01767    -0.07068           0.8868        0.64          0.3247          0.1967        0.9062      0.374         0.01121
      0.3           104.7       4      20          0    0.7235       0.3117     0.1269           0.02091     0.08363            1.043      0.4473           0.274           1.469        0.4493    0.02717            4.25
      0.4           105.3       4      20          0    0.7454       0.4168     0.1661           0.06122      0.2449            1.245      0.2575          0.2326           12.34        0.0785  0.0001667            1816
      0.6           106.5       4      20          0    0.7892       0.6239     0.2439            0.1414      0.5656            1.762     0.03483          0.1688           910.2      0.001167          0       3.795e+08

=== 15m P3|B|30
 edge_pct  trades_per_30d  mean_N  mean_L  liq_share  tp_share  drift_H_pct  gross_pct  net_notional_pct  eq_ret_pct  30d_median_mult  30d_p_loss  30d_mdd_median  1y_median_mult  1y_p_below50  1y_p_ruin  IS_median_mult
        0           97.37       4      20  0.0007907    0.2438     0.006766   0.001157           -0.1298     -0.5192           0.5569      0.9147          0.5289       0.0006757             1          1       5.648e-10
    0.025            97.3       4      20   0.000772    0.2478      0.03219    0.01539           -0.1154     -0.4615           0.5885      0.8917          0.5095        0.001345             1      0.999       4.837e-09
     0.05           97.21       4      20  0.0007679    0.2514      0.05711     0.0287           -0.1019     -0.4076           0.6209      0.8688          0.4907        0.002553             1     0.9952        3.32e-08
    0.075           97.14       4      20  0.0007685    0.2552       0.0838    0.04278          -0.08763     -0.3505           0.6577       0.839          0.4724        0.005056             1     0.9877       1.983e-07
      0.1           97.04       4      20  0.0007595    0.2594       0.1102    0.05761          -0.07259     -0.2904           0.6936      0.8027          0.4519         0.01051         0.999     0.9628       1.656e-06
     0.15           96.89       4      20  0.0007607     0.267       0.1602    0.08579          -0.04405     -0.1762           0.7712      0.7305          0.4163         0.03913        0.9857      0.813       8.158e-05
      0.2           96.75       4      20   0.000757    0.2745       0.2104     0.1133          -0.01615    -0.06458           0.8564      0.6372            0.38          0.1509        0.9255     0.5155        0.003165
      0.3           96.46       4      20  0.0007203    0.2898       0.3122     0.1695           0.04076       0.163            1.068      0.4333          0.3189           2.164        0.4873      0.043           8.051
      0.4           96.13       4      20  0.0007179    0.3056       0.4177     0.2271           0.09911      0.3964            1.335      0.2515          0.2697           33.91        0.1072  0.0006667       2.109e+04
      0.6           95.53       4      20  0.0005946    0.3368       0.6242     0.3403            0.2139      0.8555            2.046     0.05033           0.199            6961        0.0035          0       1.593e+11

=== 15m P3|B|100
 edge_pct  trades_per_30d  mean_N  mean_L  liq_share  tp_share  drift_H_pct  gross_pct  net_notional_pct  eq_ret_pct  30d_median_mult  30d_p_loss  30d_mdd_median  1y_median_mult  1y_p_below50  1y_p_ruin  IS_median_mult
        0           91.52       4      20   0.001395    0.0254     0.005776  -0.006657           -0.1494     -0.5977           0.5108      0.9032          0.5795       0.0002417             1          1       2.984e-11
    0.025           91.36       4      20   0.001387   0.02584      0.03101    0.01122           -0.1315     -0.5261           0.5455       0.881          0.5589       0.0005373             1     0.9997       3.411e-10
     0.05           91.21       4      20   0.001385   0.02629       0.0557     0.0278           -0.1149     -0.4598            0.581      0.8553          0.5394        0.001129             1     0.9978       4.244e-09
    0.075           91.06       4      20   0.001382   0.02677      0.08149    0.04511          -0.09762     -0.3905           0.6179      0.8298           0.522        0.002408        0.9997     0.9905        2.79e-08
      0.1           90.88       4      20   0.001369   0.02726       0.1075    0.06281          -0.07992     -0.3197           0.6602      0.7975          0.5014        0.005353        0.9988     0.9702       3.368e-07
     0.15           90.58       4      20   0.001373   0.02818       0.1574    0.09697          -0.04574      -0.183           0.7408      0.7247          0.4636         0.02391        0.9878     0.8698       2.353e-05
      0.2           90.29       4      20   0.001357   0.02914       0.2078     0.1319          -0.01078    -0.04313            0.837      0.6357          0.4282          0.1133        0.9355     0.6063        0.002384
      0.3           89.72       4      20   0.001293   0.03101       0.3081      0.201           0.05835      0.2334            1.056      0.4593          0.3647           2.209         0.563    0.09683           16.42
      0.4           89.13       4      20   0.001275   0.03309       0.4109     0.2708            0.1282      0.5129            1.346      0.2723          0.3115           43.55        0.1723   0.003167       1.171e+05
      0.6           87.99       4      20   0.001083   0.03722       0.6156      0.413            0.2706       1.082            2.143     0.06233          0.2257       1.652e+04        0.0085          0        2.89e+12

=== 15m P4|A|10
 edge_pct  trades_per_30d  mean_N  mean_L  liq_share  tp_share  drift_H_pct  gross_pct  net_notional_pct  eq_ret_pct  30d_median_mult  30d_p_loss  30d_mdd_median  1y_median_mult  1y_p_below50  1y_p_ruin  IS_median_mult
        0           119.9      20      50    0.08533    0.8474     0.004677     0.0123            -0.123      -2.461          0.01592      0.9983          0.9878       2.414e-23             1          1        4.64e-67
    0.025             120      20      50     0.0838    0.8502       0.0291    0.01584           -0.1187      -2.374          0.01801      0.9977          0.9864       1.156e-22             1          1       8.152e-65
     0.05           120.1      20      50    0.08227    0.8532      0.05479     0.0195           -0.1142      -2.284           0.0204      0.9968          0.9847       5.153e-22             1          1       8.651e-63
    0.075           120.2      20      50     0.0809     0.856      0.08103    0.02288           -0.1101      -2.202          0.02332      0.9962          0.9826       2.187e-21             1          1       3.667e-61
      0.1           120.3      20      50     0.0793    0.8591       0.1064    0.02666           -0.1055       -2.11          0.02601      0.9945          0.9809       1.108e-20             1          1       2.594e-59
     0.15           120.5      20      50    0.07631    0.8652       0.1565      0.034          -0.09653      -1.931          0.03361       0.991          0.9761       2.488e-19             1          1       3.137e-55
      0.2           120.7      20      50    0.07354    0.8708       0.2069    0.04068          -0.08837      -1.767          0.04261      0.9873          0.9702       3.996e-18             1          1       4.572e-52
      0.3           121.1      20      50    0.06777    0.8823       0.3082    0.05457          -0.07139      -1.428          0.07017      0.9733          0.9537       1.597e-15             1          1       4.685e-44
      0.4           121.6      20      50    0.06167    0.8944       0.4113    0.06916          -0.05354      -1.071           0.1169      0.9458           0.928       9.764e-13             1          1       5.101e-36
      0.6           122.5      20      50    0.04991    0.9176       0.6134    0.09733           -0.0191      -0.382            0.319      0.8092          0.8448       2.408e-07             1     0.9988       2.447e-20

=== 15m P4|B|10
 edge_pct  trades_per_30d  mean_N  mean_L  liq_share  tp_share  drift_H_pct  gross_pct  net_notional_pct  eq_ret_pct  30d_median_mult  30d_p_loss  30d_mdd_median  1y_median_mult  1y_p_below50  1y_p_ruin  IS_median_mult
        0           125.2      20      50    0.01283    0.7947      0.00443    0.01096          -0.09551       -1.91          0.05322      0.9987          0.9556       1.069e-16             1          1       4.665e-47
    0.025           125.2      20      50    0.01275    0.7973      0.02889    0.01325          -0.09306      -1.861          0.05636      0.9987          0.9528       2.507e-16             1          1       2.455e-46
     0.05           125.2      20      50    0.01262    0.8001      0.05439    0.01573          -0.09038      -1.808          0.06109      0.9987          0.9495       6.003e-16             1          1       7.608e-45
    0.075           125.3      20      50    0.01251    0.8025      0.08041    0.01799          -0.08796      -1.759          0.06641      0.9983          0.9448       1.321e-15             1          1       6.809e-44
      0.1           125.3      20      50    0.01233    0.8052       0.1058    0.02058          -0.08515      -1.703          0.07099       0.996          0.9417       3.415e-15             1          1       7.217e-43
     0.15           125.4      20      50    0.01216    0.8107       0.1557    0.02563          -0.07975      -1.595          0.08206       0.994          0.9333       2.087e-14             1          1       5.063e-41
      0.2           125.5      20      50    0.01183    0.8157       0.2057    0.03015          -0.07483      -1.497          0.09437      0.9915          0.9246       1.013e-13             1          1       6.024e-39
      0.3           125.6      20      50    0.01136    0.8258       0.3069    0.03939          -0.06488      -1.298           0.1218       0.986          0.9052       2.727e-12             1          1       9.481e-35
      0.4           125.8      20      50    0.01078     0.837       0.4099    0.04957          -0.05388      -1.078           0.1656      0.9708          0.8771       1.194e-10             1          1       1.504e-29
      0.6           126.1      20      50   0.009921    0.8578       0.6114    0.06855          -0.03346     -0.6693           0.2879      0.9067          0.8023       1.239e-07             1          1       4.745e-21

=== 15m P4|C|10
 edge_pct  trades_per_30d  mean_N  mean_L  liq_share  tp_share  drift_H_pct  gross_pct  net_notional_pct  eq_ret_pct  30d_median_mult  30d_p_loss  30d_mdd_median  1y_median_mult  1y_p_below50  1y_p_ruin  IS_median_mult
        0           124.4      20      50          0    0.7841     0.004733   0.009724          -0.09181      -1.836          0.06694      0.9988          0.9425       3.265e-15             1          1       1.999e-43
    0.025           124.4      20      50          0    0.7869      0.02922    0.01212          -0.08928      -1.786          0.07209      0.9983           0.939       7.535e-15             1          1       4.525e-42
     0.05           124.5      20      50          0    0.7899       0.0548    0.01472          -0.08653      -1.731          0.07751      0.9985          0.9344       1.791e-14             1          1       4.561e-41
    0.075           124.5      20      50          0    0.7924      0.08084    0.01699          -0.08412      -1.682          0.08299      0.9983          0.9303       3.735e-14             1          1       4.646e-40
      0.1           124.6      20      50          0    0.7953       0.1063    0.01949          -0.08147      -1.629          0.08832      0.9973          0.9258       9.189e-14             1          1       2.091e-38
     0.15           124.7      20      50          0     0.801       0.1563    0.02444          -0.07624      -1.525           0.1024      0.9965          0.9158       5.167e-13             1          1       1.119e-36
      0.2           124.8      20      50          0     0.806       0.2066    0.02872          -0.07169      -1.434           0.1147       0.995          0.9057       2.228e-12             1          1       1.995e-34
      0.3             125      20      50          0    0.8166       0.3078    0.03788            -0.062       -1.24           0.1479      0.9878          0.8824       5.192e-11             1          1       1.418e-30
      0.4           125.2      20      50          0    0.8279       0.4113    0.04761          -0.05169      -1.034           0.1925      0.9733          0.8504       1.456e-09             1          1       1.312e-26
      0.6           125.6      20      50          0    0.8494       0.6139    0.06631          -0.03189     -0.6377           0.3318       0.907          0.7674       1.038e-06             1          1       3.346e-18

=== 15m P4|B|100
 edge_pct  trades_per_30d  mean_N  mean_L  liq_share  tp_share  drift_H_pct  gross_pct  net_notional_pct  eq_ret_pct  30d_median_mult  30d_p_loss  30d_mdd_median  1y_median_mult  1y_p_below50  1y_p_ruin  IS_median_mult
        0            95.4      20      50    0.06211    0.1581     0.005646  -0.003052           -0.1649      -3.297         0.003459      0.9933          0.9978       1.368e-31             1          1       7.914e-91
    0.025           95.29      20      50    0.06155     0.161      0.03092    0.01218           -0.1493      -2.985         0.004802      0.9903          0.9971        5.33e-30             1          1       3.928e-86
     0.05           95.19      20      50     0.0609    0.1637      0.05619    0.02674           -0.1343      -2.686         0.006254      0.9855          0.9963       1.925e-28             1          1       6.626e-82
    0.075           95.07      20      50    0.06029    0.1664      0.08289    0.04175           -0.1189      -2.378         0.008495      0.9785          0.9952       6.352e-27             1          1       6.001e-78
      0.1           94.94      20      50    0.05966    0.1694       0.1096     0.0574           -0.1028      -2.057          0.01167      0.9728          0.9938       3.045e-25             1          1       9.634e-73
     0.15           94.71      20      50    0.05856    0.1746       0.1598    0.08667          -0.07286      -1.457          0.02056      0.9517            0.99       3.393e-22             1          1        1.15e-63
      0.2           94.51      20      50    0.05731      0.18       0.2109     0.1161           -0.0426      -0.852          0.03746       0.924          0.9841       4.274e-19             1          1       1.477e-54
      0.3            94.1      20      50    0.05481    0.1912       0.3132     0.1759           0.01873      0.3747           0.1145      0.8222          0.9639       6.384e-13             1          1       1.891e-36
      0.4           93.67      20      50    0.05239    0.2027        0.419     0.2372           0.08161       1.632           0.3582      0.6768          0.9306       1.327e-06        0.9942     0.9798       7.754e-18
      0.6           92.87      20      50    0.04809    0.2252       0.6246      0.357            0.2043       4.085            3.365      0.2932          0.8253       1.959e+06        0.6718     0.3363       6.101e+18

=== 15m P5|A|10
 edge_pct  trades_per_30d  mean_N  mean_L  liq_share  tp_share  drift_H_pct  gross_pct  net_notional_pct  eq_ret_pct  30d_median_mult  30d_p_loss  30d_mdd_median  1y_median_mult  1y_p_below50  1y_p_ruin  IS_median_mult
        0           116.6   11.75   42.13    0.06982    0.8391      0.00398    0.01863           -0.1107      -1.335           0.1421      0.9862          0.8832       2.191e-11             1          1       9.527e-32
    0.025           116.7   11.75   42.13    0.06835    0.8424      0.02846    0.02347            -0.105      -1.271           0.1562      0.9837          0.8745       6.296e-11             1          1        1.86e-30
     0.05           116.9   11.75   42.13    0.06687    0.8458      0.05395     0.0285          -0.09919      -1.205           0.1702      0.9793          0.8648       1.763e-10             1          1       4.992e-29
    0.075             117   11.75   42.13    0.06552    0.8491       0.0803    0.03331          -0.09363      -1.142            0.184      0.9745          0.8549       4.603e-10             1          1       6.203e-28
      0.1           117.2   11.75   42.13    0.06406    0.8527       0.1056    0.03848          -0.08764      -1.077           0.1991      0.9692          0.8456       1.329e-09             1          1        7.82e-27
     0.15           117.4   11.75   42.14    0.06114    0.8597       0.1555    0.04867          -0.07582     -0.9428           0.2339      0.9547          0.8224        1.08e-08             1          1       6.064e-24
      0.2           117.7   11.76   42.14    0.05851    0.8662       0.2054    0.05793          -0.06509     -0.8232           0.2741      0.9368          0.7986       6.889e-08             1          1       2.246e-21
      0.3           118.2   11.76   42.15    0.05313    0.8793       0.3062    0.07683          -0.04318     -0.5768           0.3776      0.8852          0.7385       3.442e-06             1          1       1.045e-16
      0.4           118.8   11.77   42.16    0.04741    0.8931       0.4096    0.09702          -0.01981     -0.3178           0.5356       0.792          0.6686       0.0002285        0.9995     0.9928       1.769e-11
      0.6           119.9   11.77   42.16    0.03611    0.9196       0.6107      0.136           0.02545      0.1911            1.045      0.4788          0.5055          0.9534         0.773     0.3663          0.7489

=== 15m P5|B|10
 edge_pct  trades_per_30d  mean_N  mean_L  liq_share  tp_share  drift_H_pct  gross_pct  net_notional_pct  eq_ret_pct  30d_median_mult  30d_p_loss  30d_mdd_median  1y_median_mult  1y_p_below50  1y_p_ruin  IS_median_mult
        0           123.6   11.81   42.22  0.0002393    0.7707     0.004207    0.01314          -0.08923      -1.087           0.2245      0.9952          0.8007       9.512e-09             1          1       3.497e-24
    0.025           123.7   11.81   42.23  0.0002316    0.7736      0.02871    0.01612          -0.08609      -1.052           0.2321      0.9938          0.7933       1.665e-08             1          1        1.71e-23
     0.05           123.7   11.81   42.23  0.0002277    0.7767      0.05405    0.01922          -0.08283      -1.016           0.2443      0.9935          0.7849       2.903e-08             1          1       1.165e-22
    0.075           123.8   11.81   42.23  0.0002276    0.7795      0.08027    0.02227          -0.07964     -0.9824           0.2561      0.9923          0.7758       4.906e-08             1          1       5.818e-22
      0.1           123.8   11.81   42.23  0.0002275    0.7825       0.1058    0.02557          -0.07619     -0.9462           0.2691      0.9902          0.7668       8.526e-08             1          1       2.392e-21
     0.15           123.9   11.81   42.23  0.0002311    0.7889       0.1555    0.03226          -0.06918     -0.8702           0.2958      0.9863           0.745       2.813e-07             1          1       8.063e-20
      0.2             124   11.81   42.23   0.000231    0.7945       0.2053    0.03815          -0.06299     -0.8038           0.3218       0.981          0.7265       7.818e-07             1          1       1.353e-18
      0.3           124.2   11.81   42.23  0.0002155     0.806       0.3064    0.05019          -0.05036     -0.6658            0.382      0.9602          0.6822       6.856e-06             1          1       1.048e-15
      0.4           124.4   11.81   42.23  0.0002114    0.8186       0.4094    0.06317          -0.03674     -0.5171           0.4633      0.9227          0.6273       6.929e-05             1          1       4.456e-13
      0.6           124.7   11.81   42.23   0.000177    0.8422         0.61    0.08797          -0.01073      -0.235           0.6648      0.7912          0.5139        0.006134         0.998     0.9635       3.407e-07

=== 15m P5|C|10
 edge_pct  trades_per_30d  mean_N  mean_L  liq_share  tp_share  drift_H_pct  gross_pct  net_notional_pct  eq_ret_pct  30d_median_mult  30d_p_loss  30d_mdd_median  1y_median_mult  1y_p_below50  1y_p_ruin  IS_median_mult
        0           121.8   11.74   42.14          0    0.7907     0.005285    0.01399          -0.08738      -1.046           0.2368      0.9907          0.7944       1.586e-08             1          1       1.533e-23
    0.025           121.9   11.74   42.14          0    0.7937      0.02976    0.01729          -0.08393      -1.006           0.2481      0.9883          0.7845       3.048e-08             1          1       1.178e-22
     0.05           121.9   11.74   42.14          0    0.7969      0.05522    0.02067          -0.08039     -0.9639           0.2625      0.9862          0.7733        5.74e-08             1          1       6.617e-22
    0.075             122   11.75   42.14          0    0.7999      0.08158    0.02417          -0.07673     -0.9228           0.2778      0.9845          0.7637       1.075e-07             1          1       5.226e-21
      0.1           122.1   11.75   42.14          0    0.8032       0.1071    0.02781          -0.07292     -0.8801           0.2919      0.9815          0.7525       2.111e-07             1          1       3.774e-20
     0.15           122.2   11.75   42.14          0      0.81       0.1568     0.0352          -0.06518     -0.7916           0.3289      0.9737          0.7266       8.184e-07             1          1       1.913e-18
      0.2           122.3   11.75   42.15          0    0.8159       0.2068    0.04172          -0.05836     -0.7134           0.3589       0.963          0.7051       2.751e-06             1          1       8.131e-17
      0.3           122.6   11.75   42.15          0    0.8281       0.3079    0.05499          -0.04447     -0.5519           0.4414      0.9277          0.6495        3.38e-05             1          1       1.108e-13
      0.4           122.9   11.76   42.16          0    0.8411       0.4111    0.06927          -0.02951     -0.3811           0.5483      0.8705          0.5852       0.0004915             1      0.998        2.83e-10
      0.6           123.3   11.76   42.16          0    0.8659       0.6121    0.09659        -0.0009239      -0.052           0.8367      0.6388          0.4533         0.09123        0.9363       0.65        0.001093

=== 15m P5|B|100
 edge_pct  trades_per_30d  mean_N  mean_L  liq_share  tp_share  drift_H_pct  gross_pct  net_notional_pct  eq_ret_pct  30d_median_mult  30d_p_loss  30d_mdd_median  1y_median_mult  1y_p_below50  1y_p_ruin  IS_median_mult
        0           92.94   11.82   42.19   0.001384   0.09682      0.00648  -0.006513           -0.1455      -1.693           0.1127      0.9693          0.9185       3.222e-12             1          1       1.772e-34
    0.025           92.82   11.82   42.19   0.001376   0.09891      0.03159    0.01075           -0.1282      -1.519           0.1338       0.958          0.9065       2.275e-11             1          1       8.591e-32
     0.05            92.7   11.82   42.19   0.001373    0.1008      0.05621    0.02678           -0.1121      -1.354           0.1561      0.9453          0.8935       1.497e-10             1          1       1.888e-29
    0.075           92.57   11.82   42.19   0.001369    0.1027      0.08195    0.04352          -0.09524      -1.186           0.1848      0.9285          0.8784       9.601e-10             1          1       2.424e-27
      0.1           92.42   11.82   42.19   0.001356    0.1047       0.1081    0.06119          -0.07748      -1.011           0.2163      0.9113          0.8635       6.909e-09             1          1       1.027e-24
     0.15           92.17   11.82   42.19   0.001355    0.1083       0.1577    0.09443          -0.04409     -0.6799           0.2946      0.8637          0.8298       2.708e-07        0.9998     0.9998       5.346e-20
      0.2           91.94   11.82   42.19   0.001338    0.1122       0.2078     0.1285         -0.009885      -0.345           0.3945      0.7887          0.7922       1.173e-05        0.9998     0.9975       1.759e-15
      0.3           91.47   11.82   42.19   0.001273    0.1201       0.3085     0.1964           0.05839      0.3312           0.7378      0.6068          0.7073         0.02061        0.9642     0.8422       4.395e-06
      0.4           90.96   11.82   42.18   0.001249    0.1281       0.4122      0.265            0.1274       1.017             1.36      0.3888          0.6254           37.73        0.6765     0.2742       2.679e+04
      0.6           89.99   11.82   42.18   0.001054    0.1443       0.6169     0.4035            0.2667       2.393             4.52      0.0935          0.4806       9.406e+07        0.1493     0.0025       7.288e+22

=== 15m P5c|A|10
 edge_pct  trades_per_30d  mean_N  mean_L  liq_share  tp_share  drift_H_pct  gross_pct  net_notional_pct  eq_ret_pct  30d_median_mult  30d_p_loss  30d_mdd_median  1y_median_mult  1y_p_below50  1y_p_ruin  IS_median_mult
        0           116.6   8.425   42.13    0.06982    0.8391      0.00398    0.01863           -0.1107     -0.9546           0.2724      0.9792          0.7716       7.289e-08             1          1       2.373e-21
    0.025           116.7    8.63   42.13    0.06835    0.8424      0.02846    0.02347            -0.105     -0.8836            0.296      0.9718           0.755       2.025e-07             1          1       3.665e-20
     0.05           116.9   8.836   42.13    0.06687    0.8458      0.05395     0.0285          -0.09919     -0.8125           0.3214      0.9612           0.737       5.618e-07             1          1       6.437e-19
    0.075             117   9.035   42.13    0.06552    0.8491       0.0803    0.03331          -0.09363     -0.7453           0.3486        0.95          0.7205       1.486e-06             1          1       8.543e-18
      0.1           117.2   9.234   42.13    0.06406    0.8527       0.1056    0.03848          -0.08764     -0.6739           0.3766       0.936          0.7035       4.125e-06             1          1       1.256e-16
     0.15           117.4   9.637   42.14    0.06114    0.8597       0.1555    0.04867          -0.07582     -0.5297           0.4469       0.889           0.666        3.35e-05             1     0.9998        6.47e-14
      0.2           117.7   10.04   42.14    0.05851    0.8662       0.2054    0.05793          -0.06509      -0.398           0.5218      0.8398          0.6274       0.0002145             1     0.9973       1.639e-11
      0.3           118.2   10.83   42.15    0.05313    0.8793       0.3062    0.07683          -0.04318     -0.1258           0.7232      0.6867           0.554         0.01155        0.9868     0.8942       1.603e-06
      0.4           118.8   11.63   42.16    0.04741    0.8931       0.4096    0.09702          -0.01981      0.1579            1.025       0.485          0.4871          0.7318        0.7807     0.3747          0.4788
      0.6           119.9   13.24   42.16    0.03611    0.9196       0.6107      0.136           0.02545      0.7134            2.037      0.1617           0.404            2986         0.168     0.0055       1.431e+10

=== 15m P5c|B|10
 edge_pct  trades_per_30d  mean_N  mean_L  liq_share  tp_share  drift_H_pct  gross_pct  net_notional_pct  eq_ret_pct  30d_median_mult  30d_p_loss  30d_mdd_median  1y_median_mult  1y_p_below50  1y_p_ruin  IS_median_mult
        0           123.6   8.445   42.22  0.0002393    0.7707     0.004207    0.01314          -0.08923      -0.766           0.3565      0.9902          0.6763       2.928e-06             1          1       7.538e-17
    0.025           123.7   8.651   42.23  0.0002316    0.7736      0.02871    0.01612          -0.08609     -0.7326           0.3697      0.9883          0.6668       4.725e-06             1          1        2.88e-16
     0.05           123.7   8.855   42.23  0.0002277    0.7767      0.05405    0.01922          -0.08283      -0.698           0.3837      0.9842          0.6579       7.812e-06             1          1       1.737e-15
    0.075           123.8   9.054   42.23  0.0002276    0.7795      0.08027    0.02227          -0.07964     -0.6664           0.3988      0.9808          0.6488       1.218e-05             1          1       4.872e-15
      0.1           123.8   9.254   42.23  0.0002275    0.7825       0.1058    0.02557          -0.07619     -0.6324           0.4165      0.9735           0.638       1.991e-05             1          1       1.373e-14
     0.15           123.9   9.655   42.23  0.0002311    0.7889       0.1555    0.03226          -0.06918      -0.559           0.4535      0.9555          0.6159       5.537e-05             1          1       3.113e-13
      0.2             124   10.06   42.23   0.000231    0.7945       0.2053    0.03815          -0.06299     -0.4953           0.4899      0.9317          0.5954        0.000131             1          1       6.462e-12
      0.3           124.2   10.85   42.23  0.0002155     0.806       0.3064    0.05019          -0.05036     -0.3631           0.5715      0.8693          0.5582       0.0008327             1     0.9987       1.048e-09
      0.4           124.4   11.65   42.23  0.0002114    0.8186       0.4094    0.06317          -0.03674     -0.2195           0.6788      0.7785          0.5155        0.006409        0.9988     0.9567       3.104e-07
      0.6           124.7   13.26   42.23   0.000177    0.8422         0.61    0.08797          -0.01073     0.04789           0.9248      0.5568          0.4588           0.301        0.8513     0.4492         0.03507

=== 15m P5c|C|10
 edge_pct  trades_per_30d  mean_N  mean_L  liq_share  tp_share  drift_H_pct  gross_pct  net_notional_pct  eq_ret_pct  30d_median_mult  30d_p_loss  30d_mdd_median  1y_median_mult  1y_p_below50  1y_p_ruin  IS_median_mult
        0           121.8   8.427   42.14          0    0.7907     0.005285    0.01399          -0.08738     -0.7453           0.3707      0.9882          0.6683       4.305e-06             1          1       2.175e-16
    0.025           121.9   8.632   42.14          0    0.7937      0.02976    0.01729          -0.08393     -0.7047           0.3891      0.9823          0.6565       7.793e-06             1          1       1.261e-15
     0.05           121.9   8.837   42.14          0    0.7969      0.05522    0.02067          -0.08039     -0.6634            0.406      0.9768          0.6451       1.378e-05             1          1       9.518e-15
    0.075             122   9.035   42.14          0    0.7999      0.08158    0.02417          -0.07673     -0.6234           0.4282      0.9697          0.6309       2.445e-05             1          1       4.591e-14
      0.1           122.1   9.234   42.14          0    0.8032       0.1071    0.02781          -0.07292      -0.582           0.4496      0.9583          0.6178       4.365e-05             1          1        2.33e-13
     0.15           122.2   9.635   42.14          0      0.81       0.1568     0.0352          -0.06518     -0.4936           0.4995      0.9308          0.5879       0.0001551             1          1       5.705e-12
      0.2           122.3   10.04   42.15          0    0.8159       0.2068    0.04172          -0.05836     -0.4151           0.5448      0.8953          0.5645       0.0004585             1     0.9998       2.081e-10
      0.3           122.6   10.83   42.15          0    0.8281       0.3079    0.05499          -0.04447     -0.2527           0.6563      0.8018          0.5145        0.004719        0.9985     0.9753       1.298e-07
      0.4           122.9   11.63   42.16          0    0.8411       0.4111    0.06927          -0.02951    -0.08217           0.8013        0.66          0.4656         0.05384        0.9677     0.7373       0.0002222
      0.6           123.3   13.24   42.16          0    0.8659       0.6121    0.09659        -0.0009239      0.2437            1.186      0.3817          0.4034            5.95        0.4732      0.077           118.6

=== 15m P6|B|none
 edge_pct  trades_per_30d  mean_N  mean_L  liq_share  tp_share  drift_H_pct  gross_pct  net_notional_pct  eq_ret_pct  30d_median_mult  30d_p_loss  30d_mdd_median  1y_median_mult  1y_p_below50  1y_p_ruin  IS_median_mult
        0              91   1.126   9.993          0         0     0.005761   -0.01496           -0.1584     -0.1699           0.8496      0.9098          0.1884          0.1402        0.9998      0.214        0.003022
    0.025           90.83   1.126   9.993          0         0      0.03076   0.002733           -0.1408     -0.1533           0.8637      0.8867          0.1775          0.1698        0.9978        0.1        0.005738
     0.05           90.67   1.127   9.993          0         0      0.05513     0.0193           -0.1242     -0.1373           0.8756      0.8597          0.1696          0.2023        0.9908    0.04217        0.009736
    0.075           90.51   1.127   9.993          0         0      0.08115     0.0371           -0.1064     -0.1207           0.8885      0.8288          0.1607          0.2431        0.9737    0.01567         0.01692
      0.1           90.33   1.127   9.993          0         0       0.1071    0.05522          -0.08834     -0.1038           0.9043      0.7958          0.1516          0.2916        0.9335      0.004         0.02899
     0.15           90.01   1.127   9.993          0         0       0.1567    0.08988          -0.05371    -0.07135            0.931       0.728          0.1359          0.4188        0.7552  0.0003333         0.08315
      0.2           89.72   1.127   9.993          0         0       0.2067     0.1249          -0.01874    -0.03879           0.9581      0.6397          0.1223          0.5981        0.4338          0          0.2229
      0.3           89.11   1.128   9.993          0         0       0.3063     0.1941           0.05035     0.02638            1.016      0.4493         0.09954           1.216        0.0325          0           1.824
      0.4           88.49   1.128   9.993          0         0       0.4082     0.2648             0.121     0.09285            1.075      0.2613         0.08144           2.463     0.0003333          0           14.99
      0.6           87.29   1.129   9.993          0         0       0.6112     0.4072            0.2633      0.2264            1.203     0.05383         0.05645           10.01             0          0           819.4

=== 15m P6h|B|none
 edge_pct  trades_per_30d  mean_N  mean_L  liq_share  tp_share  drift_H_pct  gross_pct  net_notional_pct  eq_ret_pct  30d_median_mult  30d_p_loss  30d_mdd_median  1y_median_mult  1y_p_below50  1y_p_ruin  IS_median_mult
        0              91  0.5632   9.993          0         0     0.005761   -0.01496           -0.1584    -0.08497           0.9231      0.9042           0.098          0.3816        0.9242          0         0.05799
    0.025           90.83  0.5633   9.993          0         0      0.03076   0.002733           -0.1408    -0.07665           0.9308      0.8807         0.09238          0.4201        0.8415          0         0.08009
     0.05           90.67  0.5634   9.993          0         0      0.05513     0.0193           -0.1242    -0.06867           0.9374      0.8518         0.08787          0.4586        0.7105          0          0.1046
    0.075           90.51  0.5634   9.993          0         0      0.08115     0.0371           -0.1064    -0.06039           0.9441      0.8217         0.08315           0.503         0.543          0          0.1375
      0.1           90.33  0.5635   9.993          0         0       0.1071    0.05522          -0.08834    -0.05193           0.9523       0.788         0.07816          0.5508        0.3567          0          0.1798
     0.15           90.01  0.5636   9.993          0         0       0.1567    0.08988          -0.05371     -0.0357           0.9663      0.7172         0.06976          0.6598         0.106          0           0.305
      0.2           89.72  0.5637   9.993          0         0       0.2067     0.1249          -0.01874    -0.01942           0.9804      0.6292         0.06264          0.7889         0.015          0          0.4994
      0.3           89.11  0.5639   9.993          0         0       0.3063     0.1941           0.05035     0.01317             1.01      0.4382          0.0506           1.126             0          0           1.438
      0.4           88.49  0.5642   9.993          0         0       0.4082     0.2648             0.121     0.04641            1.038      0.2527         0.04129           1.603             0          0           4.122
      0.6           87.29  0.5644   9.993          0         0       0.6112     0.4072            0.2633      0.1132            1.099       0.052         0.02845           3.236             0          0           30.48

=== 15m P6|B|10
 edge_pct  trades_per_30d  mean_N  mean_L  liq_share  tp_share  drift_H_pct  gross_pct  net_notional_pct  eq_ret_pct  30d_median_mult  30d_p_loss  30d_mdd_median  1y_median_mult  1y_p_below50  1y_p_ruin  IS_median_mult
        0             102   1.104   9.991          0    0.3724     0.006089   0.004387           -0.1194     -0.1383           0.8659      0.9428          0.1628          0.1708        0.9998      0.054        0.005741
    0.025             102   1.104   9.991          0    0.3772      0.03185    0.01559           -0.1079     -0.1265           0.8767      0.9275          0.1542          0.1978        0.9995    0.01867        0.008957
     0.05           101.9   1.103   9.991          0     0.382      0.05726    0.02642          -0.09687     -0.1147           0.8878      0.9027          0.1473          0.2299        0.9955      0.005         0.01312
    0.075           101.9   1.103   9.991          0    0.3869      0.08409    0.03766          -0.08539     -0.1027           0.8976      0.8757          0.1393          0.2658        0.9835   0.001833         0.02181
      0.1           101.9   1.103   9.991          0     0.392       0.1104    0.04942          -0.07337    -0.09053           0.9087      0.8507          0.1315          0.3104        0.9492     0.0005         0.03228
     0.15           101.8   1.103   9.991          0    0.4019       0.1603    0.07233          -0.04997    -0.06655           0.9312       0.782          0.1185          0.4186        0.7748          0         0.07897
      0.2           101.7   1.103   9.991          0    0.4114       0.2111    0.09435          -0.02748    -0.04311           0.9543      0.6998          0.1053          0.5583        0.4497          0          0.1767
      0.3           101.6   1.102   9.991          0    0.4306       0.3142     0.1394            0.0185    0.004245            1.001       0.497         0.08436           1.001       0.02233          0           1.001
      0.4           101.4   1.102   9.991          0    0.4502       0.4198      0.185           0.06506     0.05253             1.05       0.287          0.0683           1.824             0          0           5.636
      0.6           101.2     1.1   9.991          0    0.4896       0.6253     0.2759            0.1579      0.1483            1.156       0.046         0.04853           5.917             0          0           165.3

=== 1h P0|A|10
 edge_pct  trades_per_30d  mean_N  mean_L  liq_share  tp_share  drift_H_pct  gross_pct  net_notional_pct  eq_ret_pct  30d_median_mult  30d_p_loss  30d_mdd_median  1y_median_mult  1y_p_below50  1y_p_ruin  IS_median_mult
        0           23.39       1       1  2.007e-05   0.02718    0.0008329    0.02293           -0.1355     -0.1355           0.9582      0.6052          0.1449          0.5774        0.5323    0.01033          0.1808
    0.025           23.39       1       1  2.007e-05   0.02746      0.02171     0.0442           -0.1142     -0.1142           0.9626      0.5955          0.1425          0.6128        0.4945   0.009167          0.2195
     0.05           23.39       1       1  2.007e-05   0.02777       0.0497    0.07222          -0.08616    -0.08616           0.9693       0.579          0.1387          0.6626        0.4443   0.008333          0.2914
    0.075            23.4       1       1  2.007e-05   0.02803      0.07493    0.09703          -0.06134    -0.06134           0.9755      0.5672          0.1357          0.7124        0.4052   0.007167          0.3692
      0.1            23.4       1       1  2.007e-05   0.02827       0.1005     0.1226          -0.03571    -0.03571           0.9805       0.553           0.133          0.7679        0.3702   0.006333          0.3992
     0.15            23.4       1       1  2.006e-05   0.02877       0.1516     0.1732           0.01491     0.01491           0.9912      0.5242          0.1293            0.89        0.2967   0.006167          0.6615
      0.2            23.4       1       1  2.006e-05   0.02945       0.2071      0.229           0.07072     0.07072            1.004      0.4893          0.1251           1.037         0.226   0.006167           1.004
      0.3           23.41       1       1  2.006e-05   0.03048        0.308     0.3293            0.1711      0.1711            1.026      0.4362          0.1171           1.402        0.1222   0.005833           2.268
      0.4           23.42       1       1  2.005e-05   0.03174       0.4143     0.4342            0.2761      0.2761            1.049      0.3813           0.109           1.886       0.06117   0.005833           5.627
      0.6           23.43       1       1  2.004e-05   0.03347       0.6065     0.6272            0.4691      0.4691            1.099      0.2815         0.09527            3.26       0.01683   0.005667           28.14
      0.8           23.44       1       1  2.003e-05   0.03542       0.7994     0.8198            0.6619      0.6619            1.147      0.1905         0.08238           5.639      0.008333   0.005667           149.1
        1           23.44       1       1  2.003e-05   0.03745        1.003      1.022            0.8646      0.8646            1.201      0.1178         0.07319           10.08      0.006667   0.005667           651.3
     1.25           23.45       1       1  2.002e-05   0.03968        1.252      1.271             1.113       1.113            1.266     0.05767         0.06127           20.41        0.0065   0.005667            6240
      1.5           23.47       1       1  2.001e-05   0.04265        1.508      1.525             1.367       1.367            1.344     0.02417         0.04907           42.15      0.006333   0.005667       5.343e+04

=== 1h P0|B|10
 edge_pct  trades_per_30d  mean_N  mean_L  liq_share  tp_share  drift_H_pct  gross_pct  net_notional_pct  eq_ret_pct  30d_median_mult  30d_p_loss  30d_mdd_median  1y_median_mult  1y_p_below50  1y_p_ruin  IS_median_mult
        0           27.74       1       1          0   0.02417     0.002439   -0.01214           -0.1643     -0.1643           0.9442      0.6682          0.1364          0.5036        0.6133   0.001167          0.1478
    0.025           27.71       1       1          0   0.02438      0.02294   0.002663           -0.1496     -0.1496           0.9484      0.6595          0.1344          0.5277         0.577  0.0006667          0.1701
     0.05           27.68       1       1          0   0.02469       0.0501      0.022           -0.1302     -0.1302           0.9535       0.644           0.132          0.5608        0.5308  0.0003333          0.1975
    0.075           27.65       1       1          0   0.02494      0.07338    0.03949           -0.1128     -0.1128           0.9581        0.63            0.13          0.5941        0.4813  0.0003333            0.22
      0.1           27.63       1       1          0   0.02517      0.09836    0.05756          -0.09474    -0.09474           0.9636      0.6143           0.128          0.6365        0.4325  0.0001667          0.2853
     0.15           27.56       1       1          0   0.02567       0.1496    0.09334          -0.05901    -0.05901           0.9719       0.588          0.1243           0.716         0.347  0.0001667          0.3821
      0.2            27.5       1       1          0    0.0262       0.2051     0.1311          -0.02124    -0.02124           0.9807      0.5582          0.1201          0.8153        0.2592          0          0.5313
      0.3            27.4       1       1          0   0.02719       0.3063     0.1989           0.04641     0.04641           0.9976      0.5072          0.1136            1.02        0.1447          0           1.131
      0.4           27.28       1       1          0   0.02841       0.4103     0.2725              0.12        0.12            1.016      0.4553          0.1069           1.295       0.06383          0           2.175
      0.6           27.05       1       1          0   0.02996       0.6053      0.405            0.2523      0.2523            1.049        0.36         0.09521           1.977      0.008833          0           6.672
      0.8           26.87       1       1          0   0.03198       0.7996     0.5423            0.3894      0.3894            1.092      0.2642         0.08459            3.08     0.0008333          0            23.3
        1           26.63       1       1          0   0.03377        1.008     0.6846            0.5314      0.5314             1.13      0.1858         0.07526           4.827     0.0001667          0           86.51
     1.25           26.36       1       1          0   0.03596        1.261      0.857            0.7037      0.7037            1.179      0.1047         0.06436            8.26             0          0           429.4
      1.5           26.09       1       1          0    0.0384        1.521      1.034            0.8807      0.8807            1.229     0.05267         0.05642           14.19             0          0            2101

=== 1h P1|B|10
 edge_pct  trades_per_30d  mean_N  mean_L  liq_share  tp_share  drift_H_pct  gross_pct  net_notional_pct  eq_ret_pct  30d_median_mult  30d_p_loss  30d_mdd_median  1y_median_mult  1y_p_below50  1y_p_ruin  IS_median_mult
        0           31.99    1.25       5          0    0.3927    -0.006073    0.01287           -0.1164     -0.1455           0.9508      0.6558          0.1357          0.5096        0.5987     0.0005          0.1423
    0.025           31.99    1.25       5          0    0.3949      0.01494    0.02216            -0.107     -0.1338           0.9544      0.6468          0.1339          0.5325        0.5633  0.0003333          0.1615
     0.05           31.99    1.25       5          0    0.3982      0.04307    0.03607          -0.09297     -0.1162           0.9598      0.6308          0.1324          0.5694        0.5042          0          0.1897
    0.075           31.98    1.25       5          0     0.401      0.06671    0.04796          -0.08095     -0.1012           0.9642      0.6153          0.1305           0.605        0.4587          0          0.2164
      0.1           31.98    1.25       5          0    0.4034      0.09159    0.05877          -0.07001    -0.08751           0.9685       0.603          0.1286          0.6374        0.4203          0          0.2676
     0.15           31.96    1.25       5          0    0.4085       0.1462     0.0819          -0.04664     -0.0583            0.976      0.5788          0.1249          0.7177        0.3303          0          0.3571
      0.2           31.95    1.25       5          0    0.4133       0.2026     0.1037           -0.0246    -0.03075           0.9837      0.5512          0.1218          0.8004        0.2545          0          0.4923
      0.3           31.92    1.25       5          0    0.4231       0.3114     0.1482           0.02034     0.02543            1.002      0.4952          0.1152          0.9941         0.135          0          0.9298
      0.4            31.9    1.25       5          0    0.4338       0.4205     0.1953           0.06793     0.08491            1.019       0.436          0.1085           1.258        0.0525          0           1.743
      0.6           31.84    1.25       5          0    0.4538       0.6203     0.2832            0.1568       0.196            1.056      0.3328         0.09732           1.931        0.0085          0           6.768
      0.8           31.81    1.25       5          0    0.4726       0.8142     0.3669            0.2414      0.3018            1.091      0.2503         0.08763            2.91     0.0006667          0           24.13
        1           31.75    1.25       5          0    0.4933        1.023     0.4587            0.3342      0.4178            1.135      0.1692         0.07928           4.565             0          0           91.43
     1.25           31.69    1.25       5          0    0.5175        1.281     0.5665            0.4432       0.554            1.182     0.09083         0.07053           7.656             0          0           353.2
      1.5           31.65    1.25       5          0    0.5434        1.547     0.6815            0.5595      0.6993            1.235     0.04283         0.06327           13.39             0          0            2012

=== 1h P2|B|10
 edge_pct  trades_per_30d  mean_N  mean_L  liq_share  tp_share  drift_H_pct  gross_pct  net_notional_pct  eq_ret_pct  30d_median_mult  30d_p_loss  30d_mdd_median  1y_median_mult  1y_p_below50  1y_p_ruin  IS_median_mult
        0           36.11     2.5      10  0.0002081    0.6054     -0.01693    0.02436           -0.0911     -0.2278           0.9097      0.6852           0.212          0.2842        0.8755     0.1015         0.02579
    0.025           36.11     2.5      10   0.000208    0.6075      0.00365    0.02996          -0.08539     -0.2135            0.913      0.6755          0.2095          0.3036        0.8555    0.08783         0.03412
     0.05           36.12     2.5      10   0.000208    0.6102      0.03051    0.03754          -0.07767     -0.1942             0.92      0.6653          0.2065          0.3295        0.8233      0.069         0.03782
    0.075           36.13     2.5      10  0.0002079    0.6129      0.05371     0.0449          -0.07017     -0.1754           0.9271      0.6495          0.2035          0.3594        0.7958    0.05617         0.04533
      0.1           36.12     2.5      10   0.000208     0.615      0.07825    0.05038          -0.06459     -0.1615           0.9318      0.6357          0.2003          0.3846        0.7737    0.04667         0.05743
     0.15           36.14     2.5      10  0.0002079    0.6198       0.1306    0.06332           -0.0514     -0.1285            0.942      0.6138           0.197          0.4421        0.7165      0.031         0.09355
      0.2           36.14     2.5      10  0.0002078    0.6243       0.1867    0.07575          -0.03874    -0.09685           0.9535       0.592           0.193          0.5131        0.6502     0.0195          0.1386
      0.3           36.15     2.5      10  0.0002078    0.6329       0.2931    0.09913          -0.01492    -0.03729           0.9729      0.5538          0.1852          0.6717        0.5173   0.007833            0.29
      0.4           36.16     2.5      10  0.0001947    0.6423       0.4028     0.1239           0.01033     0.02582           0.9947      0.5098          0.1768          0.8873        0.3765     0.0025          0.6331
      0.6            36.2     2.5      10  0.0001946    0.6605       0.6044     0.1723           0.05968      0.1492            1.039      0.4222          0.1621            1.54        0.1612          0           3.409
      0.8           36.24     2.5      10  0.0001555    0.6776       0.8014     0.2188            0.1071      0.2677            1.089      0.3348          0.1503           2.628       0.05367          0            14.3
        1           36.27     2.5      10  0.0001553    0.6957        1.009      0.268            0.1573      0.3932            1.139      0.2577          0.1368           4.562       0.01317          0           85.94
     1.25           36.32     2.5      10  0.0001422    0.7177        1.263     0.3271            0.2174      0.5435            1.203      0.1647          0.1226           8.997      0.002667          0           582.3
      1.5           36.37     2.5      10   0.000142    0.7397        1.527     0.3869            0.2784      0.6961            1.271      0.1022          0.1108           17.86        0.0005          0            4642

=== 1h P2|C|10
 edge_pct  trades_per_30d  mean_N  mean_L  liq_share  tp_share  drift_H_pct  gross_pct  net_notional_pct  eq_ret_pct  30d_median_mult  30d_p_loss  30d_mdd_median  1y_median_mult  1y_p_below50  1y_p_ruin  IS_median_mult
        0           32.21     2.5      10          0    0.6849     -0.01916    0.02928          -0.08528     -0.2132           0.9136      0.6337          0.2476          0.2914        0.8523     0.1723         0.02598
    0.025           32.23     2.5      10          0    0.6873     0.001649    0.03821          -0.07621     -0.1905             0.92      0.6243          0.2448          0.3182        0.8325     0.1497         0.03329
     0.05           32.27     2.5      10          0    0.6902      0.02775    0.04905          -0.06519      -0.163           0.9281      0.6107          0.2413          0.3582        0.8002     0.1252         0.04318
    0.075           32.31     2.5      10          0    0.6934      0.05268    0.06084          -0.05321      -0.133           0.9411      0.5948          0.2374           0.403        0.7685     0.1002         0.06322
      0.1           32.33     2.5      10          0    0.6959      0.07708    0.07041          -0.04349     -0.1087           0.9494      0.5828          0.2336          0.4442        0.7333    0.08133         0.09223
     0.15            32.4     2.5      10          0    0.7014       0.1296    0.08991          -0.02367    -0.05916           0.9649      0.5575          0.2299          0.5464        0.6612    0.05333          0.1746
      0.2           32.46     2.5      10          0     0.707       0.1864     0.1105          -0.00272   -0.006801           0.9789      0.5317          0.2247          0.6849        0.5747    0.03283          0.3267
      0.3           32.55     2.5      10          0    0.7179       0.2933     0.1501           0.03749     0.09373            1.015       0.477          0.2126           1.017        0.4108     0.0105           1.028
      0.4           32.66     2.5      10          0    0.7285       0.4026     0.1888           0.07686      0.1921            1.051      0.4247          0.2039           1.537        0.2727      0.003           3.182
      0.6           32.88     2.5      10          0    0.7495       0.6048     0.2644            0.1537      0.3842            1.118      0.3297           0.181           3.384       0.09667          0           36.23
      0.8           33.11     2.5      10          0    0.7704       0.8022     0.3408            0.2314      0.5784            1.193      0.2332          0.1627           7.709         0.025          0           313.4
        1           33.35     2.5      10          0     0.792        1.007     0.4201            0.3119      0.7796            1.278      0.1555          0.1415           18.11      0.003667          0            3902
     1.25           33.64     2.5      10          0    0.8178         1.26     0.5139            0.4073       1.018            1.396     0.07667          0.1227           50.54     0.0003333          0       8.051e+04
      1.5           33.94     2.5      10          0    0.8439        1.523     0.6109            0.5058       1.264            1.522     0.03017          0.1225           150.2             0          0       2.062e+06

=== 1h P3|A|10
 edge_pct  trades_per_30d  mean_N  mean_L  liq_share  tp_share  drift_H_pct  gross_pct  net_notional_pct  eq_ret_pct  30d_median_mult  30d_p_loss  30d_mdd_median  1y_median_mult  1y_p_below50  1y_p_ruin  IS_median_mult
        0           36.83       4      20    0.05815    0.8364     -0.02143    0.02276           -0.1055     -0.4222           0.8276       0.713          0.3442         0.07034          0.98     0.6858       0.0004513
    0.025           36.85       4      20    0.05765    0.8377   -0.0003488    0.02701            -0.101      -0.404           0.8339      0.7057          0.3417         0.07682        0.9765     0.6573       0.0005578
     0.05           36.88       4      20    0.05697    0.8394      0.02619    0.03244          -0.09517     -0.3807           0.8402      0.6945          0.3346         0.08726        0.9717     0.6257       0.0007494
    0.075           36.92       4      20    0.05644    0.8411      0.04996    0.03765          -0.08963     -0.3585           0.8476      0.6837          0.3332         0.09735        0.9655     0.5935        0.001062
      0.1           36.94       4      20    0.05585    0.8428      0.07471    0.04299          -0.08392     -0.3357           0.8558       0.675          0.3287          0.1079        0.9573     0.5597        0.001402
     0.15           37.01       4      20    0.05461    0.8466       0.1292    0.05377          -0.07238     -0.2895             0.87      0.6577          0.3225          0.1348        0.9383     0.4903        0.002838
      0.2           37.06       4      20    0.05345    0.8501        0.184    0.06425          -0.06119     -0.2448           0.8849      0.6363          0.3155          0.1679        0.9185     0.4205        0.004557
      0.3           37.15       4      20     0.0511    0.8566       0.2925    0.08381          -0.04022     -0.1609           0.9185      0.5987          0.2998          0.2533        0.8622     0.3018         0.01411
      0.4           37.28       4      20    0.04898     0.863        0.402     0.1029          -0.01983    -0.07931           0.9493      0.5613          0.2862           0.365        0.7933     0.1982         0.04371
      0.6           37.51       4      20    0.04461    0.8765       0.6044      0.143           0.02299     0.09197             1.02      0.4767          0.2557          0.8398        0.5748     0.0705          0.4223
      0.8           37.74       4      20    0.04045    0.8899       0.8015     0.1813           0.06393      0.2557            1.089      0.3975          0.2297           1.874        0.3423    0.01417           6.567
        1           37.99       4      20    0.03601    0.9036        1.006      0.222            0.1073      0.4294            1.158      0.3097          0.2035           4.504        0.1568     0.0015           69.05
     1.25           38.26       4      20    0.03102    0.9196        1.256     0.2686            0.1571      0.6283            1.268      0.2218          0.2032           12.37          0.05          0            1748
      1.5           38.57       4      20    0.02561     0.936        1.517     0.3174            0.2092      0.8369            1.379      0.1333          0.2029           35.89         0.015          0       3.605e+04

=== 1h P3|B|10
 edge_pct  trades_per_30d  mean_N  mean_L  liq_share  tp_share  drift_H_pct  gross_pct  net_notional_pct  eq_ret_pct  30d_median_mult  30d_p_loss  30d_mdd_median  1y_median_mult  1y_p_below50  1y_p_ruin  IS_median_mult
        0           39.99       4      20   0.002407    0.7611     -0.01846     0.0207           -0.0854     -0.3416           0.8606       0.742          0.2638          0.1316        0.9723     0.4377        0.002635
    0.025           39.99       4      20   0.002418    0.7625      0.00221    0.02327          -0.08276      -0.331           0.8631      0.7377          0.2619          0.1402        0.9698      0.412         0.00345
     0.05           40.01       4      20   0.002394    0.7642      0.02894    0.02693          -0.07901      -0.316           0.8672      0.7268          0.2579          0.1497        0.9633       0.38        0.004144
    0.075           40.02       4      20    0.00237    0.7659      0.05212    0.03026          -0.07557     -0.3023            0.871      0.7193          0.2555          0.1593        0.9563     0.3553        0.004867
      0.1           40.02       4      20    0.00237    0.7674      0.07606    0.03318          -0.07257     -0.2903           0.8767      0.7133          0.2544          0.1706        0.9502     0.3303         0.00584
     0.15           40.04       4      20   0.002334    0.7704       0.1292    0.03963          -0.06594     -0.2638           0.8865      0.6977          0.2499          0.1954        0.9345     0.2782        0.008014
      0.2           40.04       4      20   0.002286    0.7732       0.1844    0.04511           -0.0603     -0.2412            0.896      0.6802          0.2457          0.2174        0.9173      0.234          0.0106
      0.3           40.07       4      20   0.002238    0.7788       0.2907    0.05677          -0.04832     -0.1933             0.91      0.6533          0.2376          0.2812        0.8665     0.1658         0.02887
      0.4            40.1       4      20   0.002225    0.7848        0.401    0.06849          -0.03627     -0.1451           0.9262      0.6252          0.2285          0.3549        0.8018     0.1058         0.05019
      0.6           40.15       4      20   0.002128    0.7967       0.6017     0.0923          -0.01179    -0.04717            0.968      0.5558           0.213           0.577        0.6202    0.03517          0.2177
      0.8           40.23       4      20   0.002101     0.808       0.7995     0.1147           0.01125     0.04498            1.007      0.4872          0.2003          0.9078        0.4288   0.008667          0.7835
        1           40.28       4      20   0.002028    0.8195        1.005     0.1379           0.03505      0.1402            1.046      0.4223          0.1887           1.475        0.2455   0.001167           2.995
     1.25           40.35       4      20   0.001839    0.8331        1.254     0.1649           0.06283      0.2513             1.09       0.346          0.1727           2.583        0.1003  0.0001667           15.15
      1.5           40.42       4      20   0.001707    0.8475        1.518     0.1939           0.09267      0.3707            1.147      0.2623          0.1576           4.777       0.02833          0           122.8

=== 1h P3|C|10
 edge_pct  trades_per_30d  mean_N  mean_L  liq_share  tp_share  drift_H_pct  gross_pct  net_notional_pct  eq_ret_pct  30d_median_mult  30d_p_loss  30d_mdd_median  1y_median_mult  1y_p_below50  1y_p_ruin  IS_median_mult
        0           38.57       4      20          0    0.7955     -0.02055    0.01783          -0.08637     -0.3455           0.8534       0.731          0.2777          0.1299        0.9697     0.4527         0.00262
    0.025           38.58       4      20          0    0.7967    0.0002402    0.02083           -0.0833     -0.3332           0.8568      0.7255          0.2758          0.1384        0.9647     0.4262        0.003497
     0.05           38.59       4      20          0    0.7984      0.02755    0.02511          -0.07893     -0.3157           0.8626      0.7145          0.2725          0.1501         0.958       0.39         0.00471
    0.075           38.62       4      20          0    0.8002      0.05099     0.0294          -0.07454     -0.2982            0.869      0.7072          0.2683          0.1628        0.9487     0.3542        0.005749
      0.1           38.62       4      20          0    0.8019      0.07528    0.03351          -0.07033     -0.2813           0.8747      0.6993          0.2654          0.1754        0.9388     0.3218        0.006544
     0.15           38.67       4      20          0    0.8054       0.1287    0.04172          -0.06192     -0.2477           0.8864       0.682          0.2598          0.2095        0.9165      0.261         0.01067
      0.2           38.69       4      20          0    0.8086       0.1842    0.04875          -0.05472     -0.2189           0.8963       0.665          0.2543          0.2401        0.8968     0.2172          0.0172
      0.3           38.74       4      20          0    0.8149       0.2909    0.06342          -0.03968     -0.1587           0.9193       0.627          0.2469          0.3213        0.8257     0.1298         0.03692
      0.4           38.82       4      20          0     0.821       0.4027    0.07817          -0.02459    -0.09838           0.9396      0.5935          0.2366           0.435        0.7332    0.07467         0.08521
      0.6           38.95       4      20          0     0.834       0.6054     0.1082            0.0062      0.0248           0.9899      0.5162          0.2153          0.7983        0.5048    0.01633          0.5073
      0.8           39.09       4      20          0    0.8463       0.8042     0.1361           0.03481      0.1392            1.038      0.4407          0.1986             1.4        0.2867   0.002833           2.857
        1           39.23       4      20          0    0.8593        1.009     0.1669           0.06626       0.265            1.095      0.3538          0.1825           2.593        0.1117  0.0003333           16.08
     1.25           39.37       4      20          0    0.8742         1.26     0.2017            0.1019      0.4078            1.161      0.2623          0.1691           5.329        0.0295          0           140.6
      1.5           39.55       4      20          0    0.8901        1.524     0.2389              0.14        0.56            1.237       0.174          0.1552            11.5      0.005167          0            1613

=== 1h P3|B|30
 edge_pct  trades_per_30d  mean_N  mean_L  liq_share  tp_share  drift_H_pct  gross_pct  net_notional_pct  eq_ret_pct  30d_median_mult  30d_p_loss  30d_mdd_median  1y_median_mult  1y_p_below50  1y_p_ruin  IS_median_mult
        0           33.67       4      20   0.007377    0.4851     -0.01103    0.01859           -0.1078     -0.4313           0.8141      0.7073          0.3696         0.06562        0.9732     0.7058       0.0003999
    0.025           33.66       4      20   0.007377    0.4873     0.009457    0.02582           -0.1005      -0.402           0.8213         0.7          0.3667         0.07408        0.9693     0.6732        0.000585
     0.05           33.67       4      20   0.007321    0.4904      0.03698    0.03683          -0.08931     -0.3572           0.8293      0.6875          0.3619         0.09028        0.9605      0.624       0.0008452
    0.075           33.67       4      20   0.007251    0.4932      0.06018    0.04658          -0.07938     -0.3175           0.8413       0.674          0.3572          0.1075        0.9503     0.5788        0.001382
      0.1           33.67       4      20   0.007223    0.4956      0.08443    0.05486          -0.07097     -0.2839           0.8528       0.662          0.3524          0.1208        0.9402     0.5445        0.002185
     0.15           33.66       4      20   0.007127    0.5009       0.1389    0.07352          -0.05201      -0.208           0.8766       0.639          0.3434          0.1689        0.9128     0.4567        0.005966
      0.2           33.66       4      20   0.007029    0.5058       0.1954    0.09081          -0.03444     -0.1378           0.9004      0.6127          0.3359          0.2269        0.8767      0.366         0.01068
      0.3           33.66       4      20   0.006891    0.5158       0.3032     0.1265          0.001779    0.007117           0.9411      0.5642          0.3232          0.4187        0.7735     0.2197          0.0883
      0.4           33.65       4      20   0.006753    0.5265       0.4125     0.1635           0.03939      0.1576           0.9957      0.5055          0.3089          0.7751        0.6452     0.1115          0.5521
      0.6           33.64       4      20   0.006392    0.5466       0.6142     0.2335            0.1105       0.442            1.089      0.4085          0.2821           2.528        0.3737    0.02183           17.38
      0.8           33.65       4      20   0.006125    0.5651       0.8092      0.299            0.1771      0.7083            1.199      0.3187          0.2566           7.805        0.1818      0.005           378.4
        1           33.64       4      20   0.005834    0.5859        1.021     0.3712            0.2505       1.002            1.321      0.2362          0.2336           25.78       0.06817     0.0005       1.779e+04
     1.25           33.64       4      20   0.005457    0.6109        1.274     0.4568            0.3375        1.35            1.479      0.1448          0.2106           113.1       0.02383  0.0001667        8.51e+05
      1.5           33.65       4      20   0.005065     0.637        1.541     0.5478              0.43        1.72            1.679       0.082          0.1939           523.1         0.007          0       1.124e+08

=== 1h P3|B|100
 edge_pct  trades_per_30d  mean_N  mean_L  liq_share  tp_share  drift_H_pct  gross_pct  net_notional_pct  eq_ret_pct  30d_median_mult  30d_p_loss  30d_mdd_median  1y_median_mult  1y_p_below50  1y_p_ruin  IS_median_mult
        0           28.55       4      20    0.01449    0.1182    0.0005213   0.004221           -0.1485     -0.5941           0.7497      0.7317           0.453         0.02469        0.9852     0.8577       1.561e-05
    0.025           28.52       4      20    0.01445     0.119      0.02092    0.01808           -0.1346     -0.5385           0.7604        0.72          0.4488          0.0296        0.9822     0.8342       3.034e-05
     0.05            28.5       4      20    0.01436    0.1203       0.0482    0.03715           -0.1155      -0.462           0.7772      0.7022          0.4426         0.03754        0.9757     0.7973       5.408e-05
    0.075           28.47       4      20    0.01425    0.1214       0.0719    0.05393          -0.09864     -0.3946             0.79       0.688           0.436         0.04745        0.9693     0.7587       0.0001183
      0.1           28.45       4      20    0.01417    0.1224      0.09698    0.06975          -0.08277     -0.3311           0.8079      0.6743          0.4289         0.05925        0.9592     0.7202       0.0002088
     0.15            28.4       4      20      0.014    0.1245       0.1484     0.1028          -0.04958     -0.1983           0.8374      0.6452          0.4201         0.09493        0.9377     0.6327       0.0007444
      0.2           28.35       4      20     0.0138    0.1268        0.204     0.1373          -0.01499    -0.05994           0.8696      0.6155          0.4087           0.154        0.9053     0.5357        0.003695
      0.3           28.28       4      20    0.01365    0.1309        0.308        0.2           0.04792      0.1917           0.9251      0.5617           0.389          0.3739         0.815     0.3577         0.02796
      0.4           28.18       4      20    0.01325    0.1355       0.4125     0.2672            0.1154      0.4616           0.9951      0.5042          0.3713          0.9238        0.6838     0.2077          0.5307
      0.6              28       4      20    0.01268    0.1437       0.6117     0.3942            0.2428      0.9713            1.137      0.3942          0.3363           4.982        0.4127    0.04667           99.94
      0.8           27.85       4      20    0.01212    0.1522       0.8057       0.52            0.3692       1.477            1.305      0.2972          0.3047           26.73        0.2068     0.0065       1.262e+04
        1           27.65       4      20    0.01166    0.1612        1.019     0.6557            0.5052       2.021            1.499       0.211           0.276           156.2         0.086  0.0008333       1.783e+06
     1.25           27.44       4      20     0.0108    0.1711        1.272     0.8118            0.6619       2.648            1.764      0.1262          0.2436            1188        0.0335          0       4.989e+08
      1.5           27.23       4      20   0.009864    0.1833        1.537      0.981            0.8319       3.327            2.078     0.06467          0.2148       1.061e+04       0.01283          0       4.753e+11

=== 1h P4|A|10
 edge_pct  trades_per_30d  mean_N  mean_L  liq_share  tp_share  drift_H_pct  gross_pct  net_notional_pct  eq_ret_pct  30d_median_mult  30d_p_loss  30d_mdd_median  1y_median_mult  1y_p_below50  1y_p_ruin  IS_median_mult
        0           43.05      20      50     0.1035    0.8896     -0.01828    0.01961           -0.1218      -2.436           0.2307      0.9357          0.8372        3.99e-09             1          1       3.713e-25
    0.025           43.05      20      50     0.1029    0.8903     0.003577    0.02085           -0.1202      -2.404           0.2342      0.9343          0.8343       5.117e-09             1          1       1.057e-24
     0.05           43.06      20      50     0.1022     0.891      0.02999    0.02195           -0.1188      -2.376           0.2377       0.933          0.8319       5.907e-09             1          1       2.025e-24
    0.075           43.06      20      50     0.1016    0.8918      0.05267    0.02316           -0.1173      -2.345           0.2395      0.9313          0.8301       7.154e-09             1          1       4.247e-24
      0.1           43.07      20      50      0.101    0.8925      0.07622    0.02424           -0.1159      -2.318            0.242      0.9297          0.8276       8.623e-09             1          1       4.013e-24
     0.15           43.09      20      50    0.09976    0.8939       0.1279    0.02648            -0.113      -2.261           0.2461      0.9273          0.8231       1.186e-08             1          1       3.709e-24
      0.2           43.09      20      50    0.09879     0.895       0.1819    0.02821           -0.1108      -2.217           0.2507      0.9235          0.8192       1.639e-08             1          1        9.31e-24
      0.3           43.11      20      50    0.09657    0.8976       0.2875    0.03228           -0.1057      -2.113           0.2612      0.9193          0.8104       3.171e-08             1          1       9.828e-23
      0.4           43.13      20      50    0.09444    0.9001       0.3981     0.0361           -0.1008      -2.016           0.2727      0.9143          0.8006       6.043e-08             1          1       4.578e-22
      0.6           43.18      20      50    0.08951    0.9058       0.5963    0.04498          -0.08948       -1.79           0.2967      0.8942          0.7814       2.643e-07             1          1       7.727e-20
      0.8           43.26      20      50    0.08523    0.9108       0.7945     0.0528          -0.07954      -1.591           0.3234      0.8748           0.766       9.294e-07             1     0.9998       6.676e-19
        1            43.3      20      50    0.08114    0.9155       0.9969    0.06019          -0.07013      -1.403           0.4001      0.8565          0.7455       3.234e-06             1     0.9997       6.172e-17
     1.25           43.36      20      50    0.07564    0.9217        1.244    0.07004          -0.05758      -1.152           0.4458      0.8302          0.7113       1.641e-05             1      0.998        4.38e-15
      1.5           43.43      20      50    0.06966    0.9284        1.507    0.08065          -0.04404     -0.8807           0.4964      0.7908          0.6704       9.892e-05        0.9992      0.993       3.666e-12

=== 1h P4|B|10
 edge_pct  trades_per_30d  mean_N  mean_L  liq_share  tp_share  drift_H_pct  gross_pct  net_notional_pct  eq_ret_pct  30d_median_mult  30d_p_loss  30d_mdd_median  1y_median_mult  1y_p_below50  1y_p_ruin  IS_median_mult
        0           43.45      20      50    0.06084    0.8758      -0.0178     0.0196           -0.1039      -2.078           0.2906      0.9225          0.7791       1.014e-07             1          1       9.414e-21
    0.025           43.45      20      50     0.0606    0.8766     0.003661    0.02069           -0.1027      -2.054           0.2923      0.9208          0.7769       1.174e-07             1          1       1.161e-20
     0.05           43.45      20      50    0.06021    0.8773      0.02984    0.02172           -0.1015      -2.029           0.2963      0.9198           0.774        1.39e-07             1          1       1.698e-20
    0.075           43.46      20      50    0.05996     0.878      0.05251    0.02278           -0.1002      -2.005           0.2999      0.9172          0.7715       1.608e-07             1          1       2.664e-20
      0.1           43.47      20      50    0.05977    0.8787      0.07603    0.02372          -0.09919      -1.984            0.303      0.9157          0.7698       1.829e-07             1          1       3.716e-20
     0.15           43.47      20      50    0.05914    0.8802       0.1276    0.02585           -0.0967      -1.934           0.3132      0.9117          0.7652       2.561e-07             1          1       6.653e-20
      0.2           43.48      20      50    0.05871    0.8813       0.1816    0.02729          -0.09502        -1.9           0.3192      0.9097          0.7614       3.195e-07             1          1       1.102e-19
      0.3           43.49      20      50    0.05763    0.8837       0.2869     0.0308          -0.09092      -1.818           0.3322      0.9042          0.7554       5.389e-07             1          1         3.1e-19
      0.4            43.5      20      50    0.05684    0.8862       0.3969    0.03418          -0.08707      -1.741           0.3481      0.8958          0.7459       8.946e-07             1          1       1.458e-18
      0.6           43.53      20      50    0.05487    0.8916       0.5946    0.04169          -0.07842      -1.568           0.3759      0.8773          0.7272       2.525e-06             1          1        4.14e-17
      0.8           43.58      20      50    0.05322    0.8965       0.7922    0.04849          -0.07064      -1.413           0.4092      0.8572          0.7107       7.141e-06             1     0.9997        3.47e-16
        1            43.6      20      50    0.05164    0.9009       0.9946    0.05461          -0.06362      -1.272            0.437       0.839          0.6932       1.671e-05             1     0.9992       9.802e-15
     1.25           43.64      20      50    0.04951    0.9069        1.241    0.06294          -0.05405      -1.081             0.49      0.8132          0.6673        5.32e-05             1     0.9975        2.74e-13
      1.5           43.68      20      50    0.04692    0.9132        1.505    0.07189          -0.04365     -0.8731           0.5377      0.7778          0.6417       0.0002181        0.9998     0.9925       2.833e-11

=== 1h P4|C|10
 edge_pct  trades_per_30d  mean_N  mean_L  liq_share  tp_share  drift_H_pct  gross_pct  net_notional_pct  eq_ret_pct  30d_median_mult  30d_p_loss  30d_mdd_median  1y_median_mult  1y_p_below50  1y_p_ruin  IS_median_mult
        0           44.07      20      50          0    0.8049     -0.01912    0.01563          -0.08497      -1.699           0.4143      0.9513          0.6509       1.475e-05             1          1       8.647e-15
    0.025           44.07      20      50          0    0.8056     0.002538    0.01629          -0.08428      -1.686           0.4154      0.9498          0.6496       1.604e-05             1          1       9.187e-15
     0.05           44.07      20      50          0    0.8062      0.02862    0.01685          -0.08369      -1.674           0.4167      0.9493          0.6494       1.705e-05             1          1       1.204e-14
    0.075           44.07      20      50          0    0.8069      0.05131    0.01752          -0.08298       -1.66           0.4242      0.9483          0.6443       1.838e-05             1          1        1.47e-14
      0.1           44.08      20      50          0    0.8076      0.07477    0.01812          -0.08234      -1.647           0.4248       0.948          0.6447       1.983e-05             1          1        1.79e-14
     0.15           44.08      20      50          0    0.8091       0.1263    0.01956          -0.08083      -1.617           0.4271      0.9437          0.6427       2.364e-05             1          1       2.798e-14
      0.2           44.08      20      50          0    0.8101       0.1806    0.02055          -0.07978      -1.596           0.4326      0.9403          0.6418       2.726e-05             1          1       3.819e-14
      0.3           44.08      20      50          0    0.8125       0.2866    0.02277          -0.07743      -1.549           0.4417      0.9365          0.6341       3.616e-05             1          1       9.664e-14
      0.4           44.08      20      50          0    0.8149       0.3962    0.02497          -0.07511      -1.502           0.4475      0.9295          0.6274       4.758e-05             1          1       2.227e-13
      0.6            44.1      20      50          0    0.8199       0.5946    0.02963           -0.0702      -1.404           0.4691      0.9165          0.6114       8.309e-05             1          1       1.124e-12
      0.8           44.13      20      50          0    0.8244       0.7927    0.03383          -0.06575      -1.315             0.49      0.9072          0.6007       0.0001382             1          1       6.681e-12
        1           44.15      20      50          0    0.8288       0.9953    0.03798          -0.06138      -1.228           0.5119      0.8948          0.5839       0.0002316             1     0.9997       2.227e-11
     1.25           44.16      20      50          0    0.8342        1.242    0.04297          -0.05611      -1.122           0.5499      0.8865          0.5643       0.0004188             1      0.999       1.109e-10
      1.5           44.18      20      50          0    0.8401        1.505     0.0486          -0.05017      -1.003           0.5761      0.8662          0.5434       0.0008319             1     0.9977       1.204e-09

=== 1h P4|B|100
 edge_pct  trades_per_30d  mean_N  mean_L  liq_share  tp_share  drift_H_pct  gross_pct  net_notional_pct  eq_ret_pct  30d_median_mult  30d_p_loss  30d_mdd_median  1y_median_mult  1y_p_below50  1y_p_ruin  IS_median_mult
        0           33.39      20      50     0.3373    0.3401      -0.0105  -0.001577           -0.2774      -5.547          0.01832      0.9703          0.9903       9.179e-23             1          1       4.724e-65
    0.025           33.38      20      50     0.3361    0.3422      0.01124   0.006533           -0.2686      -5.373          0.01957      0.9682          0.9899       2.019e-22             1          1       8.563e-64
     0.05           33.37      20      50      0.334    0.3453      0.03943    0.01826           -0.2558      -5.117          0.02153       0.966          0.9889        6.03e-22             1          1       4.514e-63
    0.075           33.36      20      50     0.3324     0.348      0.06341    0.02864           -0.2446      -4.893          0.02328      0.9618          0.9881       1.664e-21             1          1       5.121e-62
      0.1           33.36      20      50     0.3311    0.3501      0.08842    0.03701           -0.2356      -4.712          0.02474      0.9583          0.9874       3.728e-21             1          1       6.441e-61
     0.15           33.33      20      50     0.3281    0.3548       0.1437    0.05569           -0.2154      -4.309          0.02834      0.9525          0.9858       1.998e-20             1          1       6.245e-59
      0.2           33.31      20      50     0.3255    0.3588       0.2009    0.07235           -0.1975       -3.95          0.03196      0.9453          0.9841       9.921e-20             1          1        5.44e-56
      0.3           33.28      20      50     0.3194    0.3679        0.309      0.109           -0.1578      -3.155          0.04201      0.9328           0.981       3.002e-18             1          1        2.17e-52
      0.4           33.24      20      50     0.3136    0.3774        0.419     0.1456           -0.1182      -2.364          0.05491      0.9142          0.9769       8.639e-17             1          1       7.019e-48
      0.6           33.17      20      50     0.3026    0.3952       0.6208     0.2157          -0.04254     -0.8508          0.09283      0.8642          0.9665       5.388e-14             1          1       7.787e-40
      0.8           33.12      20      50     0.2917    0.4124       0.8194     0.2831           0.03033      0.6066           0.1506       0.801          0.9517       2.555e-11             1     0.9998       3.177e-31
        1           33.04      20      50       0.28    0.4303        1.029     0.3536            0.1067       2.134            0.255      0.7288          0.9345        1.67e-08        0.9982     0.9943       5.085e-24
     1.25           32.96      20      50      0.267    0.4517        1.286     0.4391            0.1988       3.976           0.4917      0.6235          0.9056       4.082e-05        0.9857     0.9558       5.339e-14
      1.5           32.87      20      50     0.2516    0.4749        1.555       0.53            0.2974       5.947           0.9644       0.506          0.8691          0.1812        0.9193     0.7895         0.01221

=== 1h P5|A|10
 edge_pct  trades_per_30d  mean_N  mean_L  liq_share  tp_share  drift_H_pct  gross_pct  net_notional_pct  eq_ret_pct  30d_median_mult  30d_p_loss  30d_mdd_median  1y_median_mult  1y_p_below50  1y_p_ruin  IS_median_mult
        0           39.66   6.259   28.29    0.08215    0.8782     -0.01901    0.02436           -0.1104      -0.741           0.6867      0.8018          0.4554        0.007916         0.999     0.9658       6.492e-07
    0.025           39.68   6.259   28.29    0.08136    0.8794     0.002535    0.02768           -0.1066     -0.7179           0.6932      0.7963          0.4515        0.008935         0.999     0.9612       9.934e-07
     0.05            39.7   6.259   28.29    0.08052    0.8807       0.0289    0.03148           -0.1024     -0.6946           0.7007      0.7888          0.4469         0.01033        0.9985     0.9545       1.329e-06
    0.075           39.72    6.26   28.29     0.0797     0.882      0.05207    0.03531          -0.09813     -0.6699           0.7116      0.7803          0.4405         0.01174        0.9978     0.9438       2.123e-06
      0.1           39.74    6.26   28.29    0.07894    0.8832      0.07589    0.03859          -0.09445     -0.6472           0.7185      0.7748          0.4369         0.01311        0.9973     0.9343       3.179e-06
     0.15           39.79    6.26   28.29    0.07748    0.8856       0.1286     0.0457          -0.08656      -0.603           0.7335      0.7577          0.4303         0.01649        0.9957      0.918        5.11e-06
      0.2           39.81    6.26   28.29    0.07612    0.8879        0.182     0.0522          -0.07934     -0.5615           0.7445      0.7407          0.4217         0.02083        0.9948      0.892       8.335e-06
      0.3           39.89   6.261   28.29    0.07311    0.8928       0.2891    0.06627          -0.06368     -0.4723            0.777      0.7148           0.407         0.03421        0.9873     0.8253       3.734e-05
      0.4           39.96   6.261   28.29    0.07019    0.8973       0.3985    0.07923           -0.0492     -0.3867           0.8071      0.6862          0.3921         0.05284        0.9763     0.7467       0.0001405
      0.6            40.1   6.264    28.3     0.0639    0.9071       0.5988     0.1066          -0.01855     -0.2024           0.8711      0.6217          0.3623          0.1392         0.915     0.5158        0.003201
      0.8           40.28   6.267   28.31     0.0585    0.9161       0.7936     0.1311          0.008791    -0.03906           0.9409      0.5557           0.338          0.3329        0.8038      0.299          0.0244
        1           40.46   6.268   28.31    0.05222    0.9258       0.9951     0.1588           0.03981      0.1443            1.025      0.4758          0.3035           0.907        0.6033      0.105          0.8431
     1.25           40.65    6.27   28.32     0.0451    0.9373        1.242     0.1909           0.07566      0.3569            1.119      0.3797          0.2524           2.915        0.3217    0.01633           22.09
      1.5           40.86   6.273   28.33    0.03755    0.9491        1.502     0.2244            0.1131      0.5788            1.241      0.2735          0.2256           10.03        0.1158   0.001833           865.7

=== 1h P5|B|10
 edge_pct  trades_per_30d  mean_N  mean_L  liq_share  tp_share  drift_H_pct  gross_pct  net_notional_pct  eq_ret_pct  30d_median_mult  30d_p_loss  30d_mdd_median  1y_median_mult  1y_p_below50  1y_p_ruin  IS_median_mult
        0           41.63   6.279   28.35   0.002334    0.8223      -0.0196    0.02206          -0.08003     -0.5297           0.7754         0.8          0.3452           0.038        0.9972     0.8557       9.155e-05
    0.025           41.64    6.28   28.35   0.002345    0.8235     0.001686    0.02425          -0.07778     -0.5162           0.7802      0.7945          0.3419         0.04112        0.9968     0.8415       0.0001121
     0.05           41.65   6.279   28.35   0.002322    0.8248      0.02819    0.02701          -0.07494     -0.5011           0.7865      0.7875          0.3391         0.04471        0.9962     0.8272       0.0001674
    0.075           41.66   6.279   28.35   0.002299     0.826      0.05091    0.02939          -0.07248     -0.4866           0.7928      0.7815          0.3343         0.04823        0.9953     0.8077       0.0002199
      0.1           41.66   6.279   28.35   0.002299    0.8272      0.07459    0.03161           -0.0702     -0.4734           0.7984      0.7767          0.3318         0.05248        0.9947     0.7902       0.0002303
     0.15           41.68   6.279   28.35   0.002264    0.8295        0.127    0.03661          -0.06506     -0.4447           0.8072      0.7633          0.3264         0.06115        0.9923     0.7463       0.0003713
      0.2           41.68    6.28   28.35   0.002219    0.8313       0.1813    0.04035           -0.0612     -0.4234           0.8171      0.7527          0.3221         0.06825        0.9888      0.709       0.0005065
      0.3           41.71    6.28   28.35   0.002172    0.8355        0.287    0.04917          -0.05213     -0.3738           0.8347      0.7342          0.3133         0.08861        0.9813     0.6127        0.001142
      0.4           41.73    6.28   28.35    0.00216    0.8399       0.3958    0.05748          -0.04359     -0.3235             0.85      0.7093          0.3038           0.115        0.9658     0.5162        0.002213
      0.6           41.77   6.281   28.36   0.002068    0.8489       0.5958     0.0751          -0.02545     -0.2176           0.8894      0.6568          0.2833             0.2        0.9078     0.3222        0.009439
      0.8           41.85   6.283   28.36   0.002042    0.8572       0.7919    0.09142         -0.008657     -0.1203           0.9248      0.5995          0.2706          0.3361        0.8005     0.1688          0.0523
        1           41.91   6.283   28.37   0.001972    0.8657        0.995     0.1085          0.008901     -0.0198           0.9678      0.5475          0.2525          0.5727        0.6562    0.06317          0.1785
     1.25           41.99   6.285   28.37   0.001789     0.876        1.242     0.1287           0.02974         0.1            1.016      0.4763          0.2326           1.095        0.4237    0.01167           1.084
      1.5           42.06   6.287   28.37   0.001652     0.887        1.505     0.1508           0.05247      0.2284            1.076      0.3913          0.2086           2.205        0.2122   0.002333           11.99

=== 1h P5|C|10
 edge_pct  trades_per_30d  mean_N  mean_L  liq_share  tp_share  drift_H_pct  gross_pct  net_notional_pct  eq_ret_pct  30d_median_mult  30d_p_loss  30d_mdd_median  1y_median_mult  1y_p_below50  1y_p_ruin  IS_median_mult
        0           41.68   6.268   28.32          0    0.8171     -0.01966    0.02088          -0.08044     -0.5259           0.7814      0.8002          0.3394         0.04041         0.998     0.8487       9.743e-05
    0.025           41.69   6.269   28.32          0    0.8183     0.001789    0.02299          -0.07826     -0.5126           0.7836      0.7935          0.3365          0.0435        0.9977     0.8328       0.0001322
     0.05            41.7   6.269   28.32          0    0.8196      0.02852    0.02573          -0.07545     -0.4975           0.7899      0.7875          0.3318         0.04732        0.9963     0.8165       0.0001534
    0.075           41.71   6.269   28.32          0    0.8209       0.0513     0.0282          -0.07291     -0.4827           0.7962      0.7792          0.3287         0.05048        0.9957     0.7983       0.0001906
      0.1           41.71   6.269   28.32          0    0.8221      0.07497    0.03038          -0.07067     -0.4691           0.8009      0.7732          0.3264         0.05464        0.9947     0.7768       0.0002304
     0.15           41.73   6.269   28.32          0    0.8244       0.1272    0.03507          -0.06585     -0.4415           0.8125      0.7653          0.3209         0.06283        0.9932     0.7365       0.0003703
      0.2           41.73   6.269   28.32          0    0.8262       0.1811    0.03843          -0.06239     -0.4207           0.8205      0.7537          0.3173         0.06969        0.9898     0.6968       0.0004502
      0.3           41.76    6.27   28.32          0    0.8305       0.2867    0.04693          -0.05366     -0.3713           0.8336      0.7332          0.3102         0.09095        0.9825     0.6062        0.001015
      0.4           41.78   6.269   28.32          0    0.8348       0.3957     0.0548          -0.04556     -0.3226           0.8516      0.7137          0.3017           0.119        0.9685      0.506        0.002101
      0.6           41.82   6.271   28.32          0    0.8438       0.5959    0.07137          -0.02851     -0.2203           0.8877      0.6602          0.2812          0.2031        0.9115     0.3098        0.007699
      0.8           41.91   6.274   28.33          0    0.8521       0.7925    0.08706          -0.01236      -0.125            0.923      0.6073          0.2648          0.3403        0.8073      0.157         0.03908
        1           41.97   6.275   28.34          0    0.8606       0.9959     0.1032          0.004183     -0.0267           0.9656      0.5478           0.249          0.5657        0.6547      0.057          0.1537
     1.25           42.05   6.276   28.34          0     0.871        1.244     0.1228           0.02434     0.09183            1.017      0.4733          0.2269           1.051        0.4187    0.01117           1.119
      1.5           42.12   6.278   28.35          0    0.8819        1.507     0.1438           0.04596      0.2177            1.076      0.3962          0.2017            2.12        0.1982   0.001667            9.45

=== 1h P5|B|100
 edge_pct  trades_per_30d  mean_N  mean_L  liq_share  tp_share  drift_H_pct  gross_pct  net_notional_pct  eq_ret_pct  30d_median_mult  30d_p_loss  30d_mdd_median  1y_median_mult  1y_p_below50  1y_p_ruin  IS_median_mult
        0           29.05   6.236    28.2    0.01422    0.1736     0.004576   0.001126           -0.1482     -0.8747           0.6329      0.7653          0.5648        0.003483        0.9977      0.965       8.378e-08
    0.025           29.03   6.236    28.2    0.01418     0.175      0.02501     0.0146           -0.1346     -0.7979           0.6516      0.7527          0.5592        0.004578         0.996      0.954       1.311e-07
     0.05           29.02   6.235    28.2    0.01409     0.177      0.05171    0.03281           -0.1163     -0.6991           0.6679       0.739          0.5513        0.006182        0.9938     0.9385       3.383e-07
    0.075              29   6.235   28.19    0.01397    0.1788      0.07549    0.04918          -0.09982     -0.6054            0.686      0.7223          0.5444        0.008703        0.9915     0.9192       6.138e-07
      0.1           28.98   6.235    28.2    0.01391    0.1804       0.1004    0.06406          -0.08486     -0.5226           0.7034      0.7075          0.5372         0.01155        0.9893     0.9008       1.473e-06
     0.15           28.94   6.234   28.19    0.01376    0.1834       0.1521    0.09534          -0.05341     -0.3504           0.7375      0.6812           0.527         0.02127        0.9782     0.8472       1.221e-05
      0.2            28.9   6.235    28.2    0.01357    0.1868       0.2069     0.1281          -0.02041     -0.1691           0.7756      0.6512          0.5161          0.0411        0.9622     0.7758       6.194e-05
      0.3           28.84   6.235    28.2     0.0134    0.1927       0.3104     0.1878           0.03959      0.1644           0.8476      0.5992          0.4929          0.1288        0.9087     0.6108        0.001891
      0.4           28.76   6.235   28.19      0.013    0.1997       0.4157     0.2537            0.1058      0.5258           0.9414      0.5375          0.4699           0.455        0.8147     0.4113         0.08772
      0.6           28.61   6.232   28.18    0.01244    0.2126        0.613     0.3769            0.2298       1.221            1.132      0.4168          0.4244           4.753        0.5463     0.1193            90.8
      0.8           28.48   6.231   28.18    0.01189    0.2245       0.8068      0.498            0.3516       1.887             1.37      0.3098          0.3883           47.28        0.3038     0.0215       8.291e+04
        1           28.32   6.232   28.18    0.01141    0.2381        1.018     0.6291            0.4834        2.61             1.67      0.2123          0.3477           524.9        0.1392   0.001833       1.138e+08
     1.25           28.15   6.232   28.18    0.01054    0.2537         1.27     0.7812            0.6364        3.47            2.121      0.1197           0.306            9327       0.05833          0       4.089e+11
      1.5           27.97   6.233   28.18   0.009601    0.2706        1.534     0.9434            0.7997       4.353            2.656       0.061          0.2758       1.661e+05         0.023          0        2.12e+15

=== 1h P5c|A|10
 edge_pct  trades_per_30d  mean_N  mean_L  liq_share  tp_share  drift_H_pct  gross_pct  net_notional_pct  eq_ret_pct  30d_median_mult  30d_p_loss  30d_mdd_median  1y_median_mult  1y_p_below50  1y_p_ruin  IS_median_mult
        0           39.66   5.657   28.29    0.08215    0.8782     -0.01901    0.02436           -0.1104     -0.6626           0.7171      0.7935          0.4225         0.01431        0.9978     0.9417       4.039e-06
    0.025           39.68   5.714   28.29    0.08136    0.8794     0.002535    0.02768           -0.1066     -0.6308           0.7275      0.7843          0.4178         0.01688        0.9977     0.9257       6.829e-06
     0.05            39.7    5.78   28.29    0.08052    0.8807       0.0289    0.03148           -0.1024     -0.5941           0.7422      0.7728           0.412         0.02035        0.9963     0.9055        1.22e-05
    0.075           39.72   5.844   28.29     0.0797     0.882      0.05207    0.03531          -0.09813     -0.5592           0.7541      0.7577          0.4049         0.02411        0.9943     0.8843       1.749e-05
      0.1           39.74   5.909   28.29    0.07894    0.8832      0.07589    0.03859          -0.09445     -0.5259            0.762      0.7468          0.4012         0.02843        0.9927     0.8643       3.556e-05
     0.15           39.79   6.037   28.29    0.07748    0.8856       0.1286     0.0457          -0.08656     -0.4621           0.7838      0.7205          0.3918          0.0388        0.9868     0.8077       6.514e-05
      0.2           39.81   6.171   28.29    0.07612    0.8879        0.182     0.0522          -0.07934     -0.4021           0.8023      0.6952           0.384         0.05206        0.9787     0.7487       0.0001802
      0.3           39.89   6.437   28.29    0.07311    0.8928       0.2891    0.06627          -0.06368     -0.2683           0.8482       0.648          0.3705          0.0986        0.9492     0.5983        0.001049
      0.4           39.96   6.696   28.29    0.07019    0.8973       0.3985    0.07923           -0.0492     -0.1434           0.8917      0.6048          0.3602          0.1793        0.8945     0.4623        0.006023
      0.6            40.1   7.221    28.3     0.0639    0.9071       0.5988     0.1066          -0.01855      0.1238           0.9967      0.5028          0.3398          0.6473        0.7002     0.2012          0.2855
      0.8           40.28   7.745   28.31     0.0585    0.9161       0.7936     0.1311          0.008791      0.3637            1.103      0.4187          0.3228           2.042         0.499     0.0805           7.967
        1           40.46   8.278   28.31    0.05222    0.9258       0.9951     0.1588           0.03981      0.6348            1.236      0.3305          0.3009           7.628        0.3047    0.02267           409.1
     1.25           40.65   8.938   28.32     0.0451    0.9373        1.242     0.1909           0.07566      0.9532            1.414       0.243          0.2693           37.12        0.1667   0.004667       3.425e+04
      1.5           40.86   9.593   28.33    0.03755    0.9491        1.502     0.2244            0.1131       1.283            1.615      0.1748          0.2198           197.1        0.1023      0.002        5.78e+06

=== 1h P5c|B|10
 edge_pct  trades_per_30d  mean_N  mean_L  liq_share  tp_share  drift_H_pct  gross_pct  net_notional_pct  eq_ret_pct  30d_median_mult  30d_p_loss  30d_mdd_median  1y_median_mult  1y_p_below50  1y_p_ruin  IS_median_mult
        0           41.63   5.671   28.35   0.002334    0.8223      -0.0196    0.02206          -0.08003     -0.4728           0.7993      0.7913            0.32         0.05495        0.9955     0.7715       0.0002871
    0.025           41.64   5.728   28.35   0.002345    0.8235     0.001686    0.02425          -0.07778      -0.455           0.8048      0.7808          0.3176         0.05969        0.9935     0.7417       0.0003317
     0.05           41.65   5.794   28.35   0.002322    0.8248      0.02819    0.02701          -0.07494      -0.431           0.8121      0.7703          0.3142         0.06804        0.9918     0.7025       0.0004932
    0.075           41.66   5.858   28.35   0.002299     0.826      0.05091    0.02939          -0.07248     -0.4117           0.8204       0.761          0.3104         0.07384        0.9897     0.6762       0.0006877
      0.1           41.66   5.924   28.35   0.002299    0.8272      0.07459    0.03161           -0.0702     -0.3936           0.8271      0.7533          0.3096         0.08071        0.9867     0.6432       0.0009016
     0.15           41.68   6.051   28.35   0.002264    0.8295        0.127    0.03661          -0.06506     -0.3546           0.8401      0.7295          0.3056         0.09885        0.9778     0.5803        0.001364
      0.2           41.68   6.186   28.35   0.002219    0.8313       0.1813    0.04035           -0.0612     -0.3267           0.8512      0.7097          0.3031          0.1115        0.9688     0.5347          0.0021
      0.3           41.71   6.453   28.35   0.002172    0.8355        0.287    0.04917          -0.05213     -0.2558           0.8756      0.6732          0.2981          0.1544        0.9358      0.431        0.004363
      0.4           41.73   6.713   28.35    0.00216    0.8399       0.3958    0.05748          -0.04359     -0.1859           0.8981      0.6347          0.2948          0.2149         0.892     0.3305         0.00977
      0.6           41.77   7.237   28.36   0.002068    0.8489       0.5958     0.0751          -0.02545    -0.03781           0.9484      0.5607          0.2866          0.4292        0.7547      0.176         0.07844
      0.8           41.85   7.763   28.36   0.002042    0.8572       0.7919    0.09142         -0.008657     0.09744           0.9962      0.5045          0.2892          0.8115        0.6127    0.09667          0.6613
        1           41.91   8.296   28.37   0.001972    0.8657        0.995     0.1085          0.008901      0.2421            1.057      0.4425          0.2888           1.606        0.4627    0.04483           3.878
     1.25           41.99   8.954   28.37   0.001789     0.876        1.242     0.1287           0.02974      0.4107            1.129      0.3792          0.2884           3.441        0.3397    0.01967           33.89
      1.5           42.06   9.611   28.37   0.001652     0.887        1.505     0.1508           0.05247       0.595            1.212      0.3207          0.2881           8.508        0.2327   0.006333           456.8

=== 1h P5c|C|10
 edge_pct  trades_per_30d  mean_N  mean_L  liq_share  tp_share  drift_H_pct  gross_pct  net_notional_pct  eq_ret_pct  30d_median_mult  30d_p_loss  30d_mdd_median  1y_median_mult  1y_p_below50  1y_p_ruin  IS_median_mult
        0           41.68   5.664   28.32          0    0.8171     -0.01966    0.02088          -0.08044     -0.4718           0.7989       0.794          0.3144         0.05761        0.9955     0.7727       0.0002674
    0.025           41.69   5.721   28.32          0    0.8183     0.001789    0.02299          -0.07826     -0.4542           0.8037      0.7833          0.3138         0.06221         0.994      0.743       0.0003646
     0.05            41.7   5.788   28.32          0    0.8196      0.02852    0.02573          -0.07545     -0.4299           0.8126      0.7733          0.3091         0.07128        0.9917      0.699       0.0004694
    0.075           41.71   5.852   28.32          0    0.8209       0.0513     0.0282          -0.07291     -0.4102            0.819        0.76          0.3056         0.07743        0.9897     0.6638       0.0006408
      0.1           41.71   5.917   28.32          0    0.8221      0.07497    0.03038          -0.07067     -0.3921           0.8262      0.7498          0.3039         0.08444        0.9867     0.6328       0.0008657
     0.15           41.73   6.044   28.32          0    0.8244       0.1272    0.03507          -0.06585     -0.3548           0.8394      0.7287          0.3002          0.1003         0.979     0.5683        0.001497
      0.2           41.73   6.179   28.32          0    0.8262       0.1811    0.03843          -0.06239      -0.329           0.8504      0.7128          0.3002          0.1125        0.9697     0.5258         0.00209
      0.3           41.76   6.445   28.32          0    0.8305       0.2867    0.04693          -0.05366     -0.2584            0.876       0.676          0.2944          0.1577        0.9393     0.4102        0.004943
      0.4           41.78   6.706   28.32          0    0.8348       0.3957     0.0548          -0.04556     -0.1914           0.8966      0.6412          0.2924          0.2174        0.8942     0.3143         0.01149
      0.6           41.82   7.228   28.32          0    0.8438       0.5959    0.07137          -0.02851    -0.05059           0.9433      0.5632          0.2843          0.4203        0.7568      0.165         0.06209
      0.8           41.91   7.754   28.33          0    0.8521       0.7925    0.08706          -0.01236     0.07981           0.9914       0.509          0.2852          0.7712        0.6165    0.08667          0.3799
        1           41.97   8.288   28.34          0    0.8606       0.9959     0.1032          0.004183      0.2196            1.049      0.4493          0.2849           1.479        0.4683    0.03983           2.559
     1.25           42.05   8.945   28.34          0     0.871        1.244     0.1228           0.02434      0.3869            1.115       0.389          0.2833           3.218        0.3225     0.0155           30.62
      1.5           42.12   9.602   28.35          0    0.8819        1.507     0.1438           0.04596      0.5639            1.195       0.326          0.2821           7.422         0.219   0.006167             287

=== 1h P6|B|none
 edge_pct  trades_per_30d  mean_N  mean_L  liq_share  tp_share  drift_H_pct  gross_pct  net_notional_pct  eq_ret_pct  30d_median_mult  30d_p_loss  30d_mdd_median  1y_median_mult  1y_p_below50  1y_p_ruin  IS_median_mult
        0           27.55  0.6023   9.945          0         0     0.006239   -0.02435            -0.178    -0.08882           0.9709      0.6757         0.07166          0.7145       0.08533          0          0.3958
    0.025           27.52  0.6023   9.946          0         0      0.02653  -0.009763           -0.1634    -0.08088           0.9729      0.6625         0.07029          0.7331         0.067          0          0.4318
     0.05           27.49  0.6023   9.946          0         0      0.05315   0.008988           -0.1447    -0.07171            0.975      0.6463         0.06895          0.7563        0.0515          0          0.4597
    0.075           27.46  0.6023   9.946          0         0      0.07586    0.02623           -0.1275    -0.06272           0.9776      0.6322         0.06792          0.7791       0.03767          0          0.5011
      0.1           27.43  0.6024   9.946          0         0       0.1012    0.04422           -0.1096    -0.05405           0.9801      0.6188         0.06676          0.8013       0.02867          0          0.5237
     0.15           27.36  0.6024   9.946          0         0       0.1524    0.07998          -0.07387    -0.03575            0.985      0.5945         0.06474          0.8551       0.01417          0           0.649
      0.2            27.3  0.6026   9.946          0         0       0.2077     0.1182          -0.03572     -0.0171            0.989       0.566         0.06237           0.912      0.006167          0          0.7619
      0.3            27.2  0.6028   9.946          0         0       0.3079      0.185           0.03088      0.0176           0.9984        0.51         0.05863           1.026      0.001667          0           1.109
      0.4           27.07  0.6029   9.946          0         0       0.4123     0.2599            0.1056     0.05416            1.009      0.4513         0.05496           1.154        0.0005          0           1.585
      0.6           26.83  0.6029   9.945          0         0       0.6063     0.3898            0.2353      0.1235            1.027      0.3502         0.04881           1.444             0          0           3.124
      0.8           26.64  0.6032   9.946          0         0       0.7974     0.5256            0.3708      0.1923            1.046       0.251         0.04215           1.795             0          0            5.58
        1           26.39  0.6035   9.946          0         0        1.007     0.6705            0.5154       0.267            1.066      0.1723         0.03714           2.266             0          0           11.29
     1.25           26.12  0.6039   9.946          0         0         1.26     0.8432            0.6877      0.3563             1.09     0.09583          0.0311           2.982             0          0           24.78
      1.5           25.84  0.6043   9.946          0         0        1.515      1.018            0.8621      0.4458            1.114     0.04683         0.02865           3.896             0          0           52.72

=== 1h P6h|B|none
 edge_pct  trades_per_30d  mean_N  mean_L  liq_share  tp_share  drift_H_pct  gross_pct  net_notional_pct  eq_ret_pct  30d_median_mult  30d_p_loss  30d_mdd_median  1y_median_mult  1y_p_below50  1y_p_ruin  IS_median_mult
        0           27.55  0.3011   9.945          0         0     0.006239   -0.02435            -0.178    -0.04441           0.9858      0.6678         0.03629          0.8514             0          0          0.6426
    0.025           27.52  0.3011   9.946          0         0      0.02653  -0.009763           -0.1634    -0.04044           0.9869      0.6543         0.03558          0.8622             0          0          0.6722
     0.05           27.49  0.3012   9.946          0         0      0.05315   0.008988           -0.1447    -0.03585           0.9879      0.6388         0.03492           0.876             0          0          0.6925
    0.075           27.46  0.3011   9.946          0         0      0.07586    0.02623           -0.1275    -0.03136           0.9892      0.6245          0.0344          0.8889             0          0          0.7232
      0.1           27.43  0.3012   9.946          0         0       0.1012    0.04422           -0.1096    -0.02702           0.9906      0.6118         0.03373           0.902             0          0          0.7394
     0.15           27.36  0.3012   9.946          0         0       0.1524    0.07998          -0.07387    -0.01787           0.9929      0.5872         0.03276          0.9311             0          0          0.8225
      0.2            27.3  0.3013   9.946          0         0       0.2077     0.1182          -0.03572   -0.008551            0.995      0.5585         0.03147           0.962             0          0          0.8908
      0.3            27.2  0.3014   9.946          0         0       0.3079      0.185           0.03088    0.008798           0.9998      0.5023         0.02962           1.021             0          0           1.075
      0.4           27.07  0.3014   9.946          0         0       0.4123     0.2599            0.1056     0.02708            1.005      0.4443         0.02773           1.082             0          0           1.288
      0.6           26.83  0.3014   9.945          0         0       0.6063     0.3898            0.2353     0.06176            1.014      0.3443          0.0246           1.211             0          0           1.809
      0.8           26.64  0.3016   9.946          0         0       0.7974     0.5256            0.3708     0.09617            1.023       0.247          0.0212            1.35             0          0           2.416
        1           26.39  0.3017   9.946          0         0        1.007     0.6705            0.5154      0.1335            1.033      0.1683         0.01865           1.518             0          0           3.445
     1.25           26.12  0.3019   9.946          0         0         1.26     0.8432            0.6877      0.1782            1.045     0.09283          0.0156           1.743             0          0             5.1
      1.5           25.84  0.3022   9.946          0         0        1.515      1.018            0.8621      0.2229            1.056     0.04567         0.01435           1.992             0          0           7.465

=== 1h P6|B|10
 edge_pct  trades_per_30d  mean_N  mean_L  liq_share  tp_share  drift_H_pct  gross_pct  net_notional_pct  eq_ret_pct  30d_median_mult  30d_p_loss  30d_mdd_median  1y_median_mult  1y_p_below50  1y_p_ruin  IS_median_mult
        0           36.08  0.5886   9.938          0    0.6039     -0.01723     0.0214          -0.09407    -0.06085           0.9786      0.6902         0.05053          0.7589      0.004833          0          0.4343
    0.025           36.08  0.5886   9.938          0     0.606     0.003368    0.02702          -0.08834    -0.05739           0.9793      0.6798         0.04978          0.7694      0.004333          0          0.4527
     0.05            36.1  0.5886   9.938          0    0.6087      0.03026    0.03495          -0.08026    -0.05303           0.9808       0.669         0.04923          0.7849      0.002833          0          0.4943
    0.075            36.1  0.5885   9.938          0    0.6115      0.05347    0.04232          -0.07275    -0.04859           0.9823      0.6558         0.04853          0.7998      0.001667          0           0.531
      0.1            36.1  0.5885   9.938          0    0.6136      0.07802    0.04805          -0.06691    -0.04509           0.9841       0.642         0.04782          0.8125      0.001167          0          0.5597
     0.15           36.11  0.5885   9.938          0    0.6183       0.1302    0.06102           -0.0537    -0.03752           0.9871      0.6168         0.04665          0.8403     0.0003333          0          0.6262
      0.2           36.12  0.5885   9.938          0    0.6229       0.1861    0.07332          -0.04117    -0.03005           0.9898        0.59         0.04547          0.8685             0          0          0.6786
      0.3           36.13  0.5885   9.938          0    0.6314       0.2926    0.09693          -0.01712    -0.01603           0.9943      0.5517         0.04325          0.9243             0          0          0.7978
      0.4           36.14  0.5885   9.938          0    0.6409       0.4021     0.1225          0.008962  -0.0008515           0.9991      0.5075         0.04055          0.9872             0          0          0.9467
      0.6           36.18  0.5882   9.938          0    0.6593       0.6035      0.172           0.05936     0.02865             1.01      0.4057         0.03674           1.124             0          0           1.436
      0.8           36.22   0.588   9.938          0    0.6764       0.8003     0.2188             0.107      0.0566            1.021      0.3142         0.03329           1.272             0          0           2.017
        1           36.25  0.5878   9.938          0    0.6946        1.008      0.269            0.1582     0.08577            1.031      0.2353         0.02992           1.447             0          0           2.914
     1.25           36.31  0.5876   9.938          0    0.7167        1.262     0.3294            0.2197      0.1215            1.045      0.1455         0.02656           1.696             0          0           4.716
      1.5           36.35  0.5875   9.938          0    0.7389        1.526     0.3903            0.2818       0.157            1.058       0.078          0.0233           1.981             0          0           7.159

=== 4h P0|A|10
 edge_pct  trades_per_30d  mean_N  mean_L  liq_share  tp_share  drift_H_pct  gross_pct  net_notional_pct  eq_ret_pct  30d_median_mult  30d_p_loss  30d_mdd_median  1y_median_mult  1y_p_below50  1y_p_ruin  IS_median_mult
        0           10.68       1       1  4.397e-05   0.02537     -0.03004 -0.0005084            -0.159      -0.159             0.98      0.5805         0.08295          0.7561         0.215      0.005          0.4262
    0.025           10.68       1       1  4.397e-05   0.02563    -0.005284     0.0247           -0.1338     -0.1338           0.9824      0.5695         0.08192          0.7806        0.1945      0.005          0.4627
     0.05           10.68       1       1  4.397e-05   0.02581      0.01764    0.04786           -0.1106     -0.1106           0.9848      0.5602         0.08097          0.8081        0.1773      0.005          0.5468
    0.075           10.68       1       1  4.396e-05    0.0262      0.04406    0.07398          -0.08451     -0.0845           0.9872      0.5515         0.07957          0.8345        0.1577      0.005          0.5997
      0.1           10.68       1       1  4.396e-05   0.02638       0.0663    0.09603          -0.06244    -0.06244           0.9884      0.5453         0.07854          0.8614        0.1392      0.005          0.6182
     0.15           10.68       1       1  4.396e-05   0.02708       0.1213     0.1522         -0.006249   -0.006246           0.9935      0.5247         0.07649           0.929        0.1072      0.005          0.7493
      0.2           10.68       1       1  4.396e-05   0.02743        0.168     0.1991           0.04067     0.04067            0.999      0.5052         0.07376          0.9898       0.08317      0.005          0.8978
      0.3           10.68       1       1  4.395e-05   0.02852        0.265     0.2966            0.1383      0.1383            1.009      0.4652         0.07008           1.121          0.05      0.005           1.233
      0.4           10.68       1       1  4.395e-05   0.02953       0.3555     0.3874            0.2291      0.2291            1.019      0.4265         0.06536           1.259       0.02883      0.005           1.738
      0.6           10.68       1       1  4.394e-05   0.03172       0.5597     0.5916            0.4334      0.4334             1.04      0.3455         0.05723           1.632       0.01133      0.005           3.477
      0.8           10.69       1       1  4.393e-05    0.0337       0.7654     0.7962            0.6381      0.6381            1.062      0.2687         0.04974           2.121      0.007167      0.005           8.374
        1           10.69       1       1  4.392e-05   0.03545       0.9661     0.9967            0.8387      0.8387            1.083      0.2033         0.04278           2.753         0.005      0.005           17.44
     1.25           10.69       1       1  4.391e-05    0.0379        1.226      1.254             1.096       1.096            1.113      0.1337         0.03413           3.874         0.005      0.005           50.36
      1.5           10.69       1       1  4.391e-05   0.04074        1.502      1.528              1.37        1.37            1.141     0.07333         0.02466           5.518         0.005      0.005           155.6

=== 4h P0|B|10
 edge_pct  trades_per_30d  mean_N  mean_L  liq_share  tp_share  drift_H_pct  gross_pct  net_notional_pct  eq_ret_pct  30d_median_mult  30d_p_loss  30d_mdd_median  1y_median_mult  1y_p_below50  1y_p_ruin  IS_median_mult
        0           10.89       1       1          0   0.02444     -0.02907   -0.01277           -0.1692     -0.1692           0.9752       0.606         0.08313          0.7454        0.1798          0          0.4483
    0.025           10.89       1       1          0   0.02466     -0.00502    0.01109           -0.1454     -0.1454           0.9775      0.5942           0.082          0.7678        0.1585          0          0.4972
     0.05           10.89       1       1          0   0.02484      0.01818    0.03307           -0.1234     -0.1234             0.98      0.5832         0.08118          0.7922        0.1383          0          0.5313
    0.075           10.88       1       1          0   0.02524      0.04455    0.05715          -0.09932    -0.09932           0.9824      0.5738          0.0799          0.8189         0.119          0          0.5907
      0.1           10.88       1       1          0   0.02541      0.06816    0.07839          -0.07809    -0.07809           0.9845      0.5655         0.07897          0.8435        0.1042          0          0.6292
     0.15           10.88       1       1          0   0.02607       0.1242     0.1302          -0.02623    -0.02623           0.9898      0.5428         0.07675          0.9053       0.07333          0          0.7408
      0.2           10.87       1       1          0   0.02646       0.1719     0.1745           0.01802     0.01802           0.9951      0.5212         0.07449            0.96       0.05217          0          0.8774
      0.3           10.87       1       1          0   0.02747       0.2713     0.2666            0.1101      0.1101            1.005        0.48         0.07013            1.08       0.02617          0           1.184
      0.4           10.86       1       1          0    0.0284       0.3615     0.3518            0.1953      0.1953            1.013      0.4425          0.0661           1.215       0.01283          0           1.671
      0.6           10.85       1       1          0   0.03046       0.5641     0.5386             0.382       0.382            1.032      0.3607         0.05982           1.548      0.002833          0           3.402
      0.8           10.83       1       1          0   0.03242       0.7702     0.7318            0.5752      0.5752            1.053      0.2773         0.05258           1.985     0.0003333          0           7.158
        1           10.82       1       1          0   0.03403       0.9711     0.9152            0.7585      0.7585            1.073      0.2223         0.04716           2.526             0          0           13.71
     1.25            10.8       1       1          0   0.03633        1.228      1.151            0.9948      0.9948            1.099      0.1525         0.04073           3.444             0          0           34.65
      1.5           10.78       1       1          0   0.03927        1.505      1.401             1.244       1.244            1.127     0.08617          0.0347           4.747             0          0           93.62

=== 4h P1|B|10
 edge_pct  trades_per_30d  mean_N  mean_L  liq_share  tp_share  drift_H_pct  gross_pct  net_notional_pct  eq_ret_pct  30d_median_mult  30d_p_loss  30d_mdd_median  1y_median_mult  1y_p_below50  1y_p_ruin  IS_median_mult
        0           11.43    1.25       5  0.0001232    0.4366     -0.02147    0.03406          -0.09679      -0.121           0.9857      0.5557         0.08255          0.8068        0.1215          0          0.5038
    0.025           11.43    1.25       5  0.0001232    0.4396     0.003695    0.05001          -0.08067     -0.1008           0.9876      0.5463         0.08162          0.8307         0.107          0          0.5677
     0.05           11.43    1.25       5  0.0001232    0.4422      0.02663    0.06503           -0.0655    -0.08187           0.9896      0.5385         0.08087           0.851       0.09117          0          0.6169
    0.075           11.44    1.25       5  0.0001231    0.4452      0.05374    0.08145          -0.04891    -0.06114           0.9919      0.5302          0.0801          0.8748       0.08167          0          0.6495
      0.1           11.44    1.25       5  0.0001231    0.4475      0.07635    0.09534           -0.0349    -0.04363           0.9941      0.5218         0.07921          0.8998         0.072          0          0.6931
     0.15           11.44    1.25       5  0.0001231     0.454       0.1336     0.1299        -1.926e-05  -2.408e-05           0.9999      0.5002         0.07691          0.9535       0.05217          0          0.8784
      0.2           11.45    1.25       5   0.000123    0.4593       0.1805     0.1583           0.02873     0.03591            1.004      0.4813         0.07503           1.002         0.038          0          0.9572
      0.3           11.46    1.25       5  0.0001229    0.4704       0.2788      0.221             0.092       0.115            1.014        0.44         0.07156           1.126       0.01717          0           1.265
      0.4           11.46    1.25       5  0.0001229    0.4807       0.3683     0.2784              0.15      0.1875            1.022      0.4055          0.0682           1.246      0.007833          0           1.795
      0.6           11.47    1.25       5  0.0001228    0.5031       0.5704     0.4036            0.2764      0.3455            1.041      0.3287         0.06217           1.549         0.001          0            3.15
      0.8           11.48    1.25       5  0.0001227     0.527        0.778     0.5348            0.4089      0.5112             1.06      0.2515         0.05556           1.958        0.0005          0           6.585
        1           11.49    1.25       5  0.0001226    0.5495       0.9756     0.6571            0.5325      0.6656            1.078      0.1923         0.05091           2.436             0          0           14.06
     1.25           11.51    1.25       5  0.0001224    0.5772        1.231     0.8121            0.6889      0.8612            1.103      0.1293         0.04572           3.221             0          0           29.53
      1.5           11.53    1.25       5  8.145e-05     0.608        1.505     0.9813            0.8598       1.075            1.129     0.07433         0.03863           4.359             0          0           71.38

=== 4h P2|B|10
 edge_pct  trades_per_30d  mean_N  mean_L  liq_share  tp_share  drift_H_pct  gross_pct  net_notional_pct  eq_ret_pct  30d_median_mult  30d_p_loss  30d_mdd_median  1y_median_mult  1y_p_below50  1y_p_ruin  IS_median_mult
        0           11.96     2.5      10  0.0007065    0.6716     -0.03133    0.03643          -0.07866     -0.1967           0.9777      0.5615          0.1282          0.6555         0.428      0.001          0.2452
    0.025           11.97     2.5      10  0.0007062    0.6743    -0.008402    0.04604           -0.0689     -0.1722           0.9804      0.5523          0.1272          0.6789           0.4      0.001          0.2824
     0.05           11.97     2.5      10   0.000706    0.6766      0.01527    0.05405          -0.06076     -0.1519           0.9821      0.5475          0.1263           0.703        0.3803  0.0006667          0.3199
    0.075           11.97     2.5      10   0.000706    0.6794       0.0421    0.06321          -0.05143     -0.1286           0.9852      0.5408          0.1249          0.7215         0.356     0.0005          0.3727
      0.1           11.97     2.5      10  0.0007058     0.682      0.06432    0.07275          -0.04174     -0.1043           0.9882       0.534          0.1235          0.7538        0.3303     0.0005          0.3981
     0.15           11.98     2.5      10  0.0006661    0.6875       0.1208    0.09135          -0.02281    -0.05702            0.993       0.519          0.1208          0.8067        0.2928     0.0005          0.4939
      0.2           11.98     2.5      10  0.0007052    0.6924       0.1708     0.1088         -0.005061    -0.01265            0.998      0.5045          0.1182          0.8612        0.2552     0.0005          0.6135
      0.3              12     2.5      10  0.0007436    0.7033       0.2698     0.1449           0.03162     0.07905            1.009      0.4745          0.1141          0.9921        0.1835          0          0.8655
      0.4              12     2.5      10  0.0007041    0.7134       0.3586     0.1771           0.06442       0.161            1.021       0.446          0.1104           1.132         0.132          0           1.242
      0.6           12.02     2.5      10  0.0007029     0.734        0.564     0.2483            0.1368      0.3421            1.043       0.383          0.1014           1.482       0.05167          0            2.79
      0.8           12.04     2.5      10  0.0006627    0.7565       0.7733     0.3247            0.2145      0.5364            1.073       0.313         0.09266           1.975        0.0155          0            7.62
        1           12.07     2.5      10  0.0006615    0.7775       0.9756     0.3951            0.2861      0.7152            1.096      0.2563         0.08494            2.59         0.005          0           17.33
     1.25            12.1     2.5      10  0.0006207    0.8038        1.228     0.4847            0.3773      0.9432            1.126      0.1902          0.0745            3.71     0.0008333          0           44.73
      1.5           12.14     2.5      10   0.000619    0.8316        1.501     0.5821            0.4763       1.191             1.16      0.1272         0.06146           5.404     0.0001667          0           133.2

=== 4h P2|C|10
 edge_pct  trades_per_30d  mean_N  mean_L  liq_share  tp_share  drift_H_pct  gross_pct  net_notional_pct  eq_ret_pct  30d_median_mult  30d_p_loss  30d_mdd_median  1y_median_mult  1y_p_below50  1y_p_ruin  IS_median_mult
        0           11.89     2.5      10          0    0.6767     -0.02804    0.02654          -0.08865     -0.2216           0.9727       0.569          0.1313          0.6303        0.4643      0.001          0.2437
    0.025            11.9     2.5      10          0    0.6794     -0.00535    0.03593           -0.0791     -0.1978           0.9759      0.5603          0.1295          0.6542        0.4392  0.0006667          0.2808
     0.05            11.9     2.5      10          0    0.6817      0.01808    0.04445          -0.07044     -0.1761           0.9784       0.555          0.1286          0.6726        0.4177     0.0005          0.2998
    0.075            11.9     2.5      10          0    0.6847      0.04489    0.05474          -0.05997     -0.1499           0.9824      0.5468          0.1264          0.6939        0.3928  0.0003333          0.3659
      0.1            11.9     2.5      10          0    0.6873      0.06657    0.06423          -0.05033     -0.1258            0.985      0.5395          0.1245          0.7238         0.365  0.0001667          0.4039
     0.15           11.92     2.5      10          0    0.6928        0.123    0.08424          -0.02998    -0.07495           0.9913      0.5225          0.1227          0.7824         0.322          0          0.4501
      0.2           11.92     2.5      10          0    0.6978       0.1729     0.1025          -0.01142    -0.02856           0.9965      0.5078          0.1227           0.839        0.2803          0          0.6109
      0.3           11.94     2.5      10          0    0.7085       0.2695     0.1383           0.02503     0.06257            1.006       0.483          0.1226          0.9599        0.2045          0          0.9314
      0.4           11.95     2.5      10          0    0.7188        0.358     0.1732           0.06056      0.1514            1.017      0.4538          0.1225           1.102        0.1442          0           1.221
      0.6           11.97     2.5      10          0    0.7394       0.5638      0.248            0.1366      0.3415             1.04       0.389          0.1224           1.458       0.06317          0           2.999
      0.8              12     2.5      10          0    0.7618       0.7735      0.327            0.2169      0.5423            1.071      0.3177          0.1223           1.985       0.01633          0            8.26
        1           12.03     2.5      10          0     0.783       0.9751     0.4016            0.2928      0.7319            1.096      0.2587          0.1025            2.65      0.004333          0              15
     1.25           12.07     2.5      10          0    0.8093        1.228     0.4959            0.3887      0.9718            1.128      0.1863         0.07701           3.836     0.0003333          0           42.92
      1.5           12.11     2.5      10          0    0.8374        1.501     0.5993            0.4938       1.234            1.169      0.1163         0.05032           5.732             0          0           146.9

=== 4h P3|A|10
 edge_pct  trades_per_30d  mean_N  mean_L  liq_share  tp_share  drift_H_pct  gross_pct  net_notional_pct  eq_ret_pct  30d_median_mult  30d_p_loss  30d_mdd_median  1y_median_mult  1y_p_below50  1y_p_ruin  IS_median_mult
        0            12.4       4      20    0.05322    0.8368     -0.03435    0.03834          -0.08788     -0.3515           0.9567      0.5753          0.1901          0.4715        0.6657    0.02983          0.1372
    0.025            12.4       4      20    0.05282    0.8384    -0.009177    0.04261          -0.08333     -0.3333           0.9602       0.571          0.1899          0.4887         0.653    0.02733          0.1492
     0.05            12.4       4      20    0.05243    0.8399      0.01414    0.04659          -0.07909     -0.3164            0.964      0.5662          0.1898          0.5008        0.6385    0.02517          0.1511
    0.075            12.4       4      20    0.05182    0.8417      0.04048    0.05188          -0.07343     -0.2937           0.9671      0.5602          0.1839          0.5176        0.6203      0.021           0.217
      0.1           12.41       4      20    0.05132    0.8433      0.06197    0.05666          -0.06834     -0.2733           0.9677      0.5542          0.1765          0.5331        0.6062    0.01867          0.2171
     0.15           12.41       4      20    0.05024    0.8468       0.1177    0.06715          -0.05717     -0.2287            0.974       0.544          0.1653          0.5714        0.5677    0.01517          0.2202
      0.2           12.42       4      20    0.04927    0.8497       0.1672     0.0761          -0.04762     -0.1905           0.9801      0.5345           0.158          0.6103        0.5367    0.01183           0.273
      0.3           12.42       4      20     0.0478    0.8563       0.2654    0.09332          -0.02935     -0.1174           0.9904      0.5155          0.1437          0.6859         0.476   0.008167          0.3165
      0.4           12.43       4      20    0.04615    0.8625       0.3558     0.1099          -0.01165    -0.04658                1       0.498          0.1327           0.776        0.4122     0.0055          0.4578
      0.6           12.45       4      20    0.04232    0.8751       0.5598     0.1462           0.02705      0.1082            1.026      0.4605          0.1135           0.983        0.2902   0.002167          0.8451
      0.8           12.47       4      20    0.03811    0.8884       0.7681     0.1849           0.06843      0.2737            1.057       0.409         0.09113            1.29         0.168  0.0001667            1.97
        1           12.49       4      20    0.03462    0.9017        0.973      0.221            0.1068      0.4272            1.084      0.3687          0.0766           1.649       0.09183  0.0001667            4.42
     1.25           12.52       4      20    0.02986    0.9177        1.226     0.2683            0.1572      0.6287             1.12      0.3052         0.04588           2.296       0.03417          0           10.78
      1.5           12.54       4      20    0.02437    0.9347        1.496     0.3188            0.2111      0.8443            1.152      0.2513        0.004886           3.276        0.0085          0           33.75

=== 4h P3|B|10
 edge_pct  trades_per_30d  mean_N  mean_L  liq_share  tp_share  drift_H_pct  gross_pct  net_notional_pct  eq_ret_pct  30d_median_mult  30d_p_loss  30d_mdd_median  1y_median_mult  1y_p_below50  1y_p_ruin  IS_median_mult
        0           12.46       4      20    0.01884    0.8287     -0.03528    0.04196          -0.06938     -0.2775           0.9677      0.5725          0.1488          0.5541        0.5685   0.008833          0.1637
    0.025           12.46       4      20    0.01876    0.8304     -0.01018    0.04629          -0.06492     -0.2597           0.9694      0.5668          0.1475          0.5684        0.5543   0.008167          0.1672
     0.05           12.46       4      20    0.01868    0.8318      0.01333    0.04996          -0.06113     -0.2445           0.9716      0.5623          0.1458          0.5818        0.5413   0.007333           0.172
    0.075           12.46       4      20    0.01846    0.8335      0.03976    0.05467          -0.05622     -0.2249           0.9751      0.5563          0.1443          0.5976        0.5237     0.0065          0.1994
      0.1           12.47       4      20     0.0183    0.8353      0.06159    0.05949          -0.05124      -0.205           0.9773      0.5503          0.1426          0.6164        0.5042   0.005667          0.2484
     0.15           12.47       4      20      0.018    0.8386       0.1173    0.06903          -0.04137     -0.1655           0.9837      0.5378          0.1389          0.6528        0.4653   0.005333          0.2833
      0.2           12.47       4      20    0.01773    0.8415       0.1668     0.0773          -0.03282     -0.1313           0.9877       0.527          0.1372          0.6897        0.4357     0.0035          0.3111
      0.3           12.48       4      20    0.01746    0.8482       0.2678     0.0938           -0.0158    -0.06319           0.9973      0.5065          0.1328          0.7639         0.377   0.002333          0.4217
      0.4           12.48       4      20    0.01719    0.8543       0.3578     0.1092         8.533e-05   0.0003413            1.005      0.4885          0.1293          0.8508         0.325   0.001833          0.5597
      0.6            12.5       4      20    0.01653    0.8669       0.5612      0.143           0.03492      0.1397            1.026      0.4455          0.1184           1.063        0.2143  0.0001667           1.005
      0.8           12.51       4      20     0.0152    0.8802       0.7692     0.1796           0.07289      0.2916            1.048      0.3963           0.106           1.356        0.1117          0           2.507
        1           12.52       4      20    0.01447    0.8932       0.9743      0.212            0.1064      0.4254            1.069      0.3552         0.09721           1.684         0.058          0           4.758
     1.25           12.54       4      20    0.01329    0.9089        1.227     0.2542              0.15         0.6            1.101      0.2937         0.07799           2.244       0.02183          0           10.24
      1.5           12.56       4      20     0.0117    0.9259        1.496     0.3007            0.1981      0.7926             1.13      0.2382         0.04005           3.054         0.006          0           25.63

=== 4h P3|C|10
 edge_pct  trades_per_30d  mean_N  mean_L  liq_share  tp_share  drift_H_pct  gross_pct  net_notional_pct  eq_ret_pct  30d_median_mult  30d_p_loss  30d_mdd_median  1y_median_mult  1y_p_below50  1y_p_ruin  IS_median_mult
        0           12.54       4      20          0    0.8003     -0.03035    0.03739          -0.06666     -0.2667           0.9645      0.5952          0.1281           0.593        0.4892  0.0008333          0.2146
    0.025           12.54       4      20          0    0.8019    -0.005691    0.04118          -0.06278     -0.2511           0.9682      0.5888          0.1277          0.6074        0.4685  0.0008333          0.2328
     0.05           12.54       4      20          0    0.8033      0.01765    0.04417          -0.05971     -0.2388           0.9727       0.583          0.1275          0.6207         0.455  0.0006667          0.2434
    0.075           12.54       4      20          0    0.8053      0.04376     0.0485          -0.05527     -0.2211            0.976      0.5768          0.1261          0.6377        0.4387     0.0005          0.2939
      0.1           12.54       4      20          0    0.8069      0.06555    0.05213          -0.05155     -0.2062           0.9764      0.5738          0.1231          0.6527        0.4198  0.0003333          0.3176
     0.15           12.54       4      20          0    0.8101       0.1212    0.05991           -0.0436     -0.1744           0.9774      0.5638          0.1175          0.6844        0.3848  0.0006667          0.3366
      0.2           12.55       4      20          0     0.813       0.1703    0.06674           -0.0366     -0.1464             0.98      0.5558          0.1139          0.7132        0.3517  0.0003333          0.3821
      0.3           12.55       4      20          0    0.8196       0.2706    0.08122          -0.02174    -0.08694            0.992       0.534          0.1096          0.7823        0.2888  0.0001667          0.5032
      0.4           12.56       4      20          0    0.8258       0.3603    0.09514         -0.007459    -0.02984           0.9957      0.5132          0.1001          0.8573        0.2338  0.0001667          0.6262
      0.6           12.57       4      20          0     0.838       0.5636     0.1229           0.02102     0.08406            1.011      0.4717         0.09625           1.024         0.142          0           1.097
      0.8           12.58       4      20          0    0.8515       0.7706     0.1545           0.05336      0.2134            1.029      0.4202         0.09597           1.258       0.06983          0           1.934
        1           12.59       4      20          0    0.8637       0.9764     0.1816           0.08111      0.3244            1.045      0.3775         0.09585           1.498       0.03233          0           3.034
     1.25            12.6       4      20          0    0.8786        1.229     0.2165            0.1169      0.4677            1.063      0.3208         0.09575           1.874       0.01067          0           6.011
      1.5           12.62       4      20          0    0.8953        1.499     0.2562            0.1575        0.63            1.092      0.2595         0.09568           2.426        0.0015          0           13.98

=== 4h P3|B|30
 edge_pct  trades_per_30d  mean_N  mean_L  liq_share  tp_share  drift_H_pct  gross_pct  net_notional_pct  eq_ret_pct  30d_median_mult  30d_p_loss  30d_mdd_median  1y_median_mult  1y_p_below50  1y_p_ruin  IS_median_mult
        0           11.66       4      20    0.04633    0.5343     -0.02281    0.02257           -0.1214     -0.4854           0.9241       0.619          0.2438          0.3171        0.8092     0.1778         0.02589
    0.025           11.67       4      20    0.04592     0.537      0.00128    0.03444           -0.1092     -0.4366           0.9295      0.6117          0.2401          0.3434        0.7918     0.1592         0.03691
     0.05           11.67       4      20    0.04551    0.5397      0.02499     0.0466          -0.09667     -0.3867           0.9347      0.6045          0.2386          0.3665        0.7733     0.1418         0.04609
    0.075           11.67       4      20    0.04482    0.5432      0.05115    0.06071          -0.08207     -0.3283           0.9414      0.5957          0.2354          0.4005        0.7527     0.1212         0.06201
      0.1           11.67       4      20    0.04445    0.5457        0.074    0.07298           -0.0695      -0.278            0.946      0.5893          0.2325          0.4365        0.7293     0.1068         0.07587
     0.15           11.68       4      20    0.04386    0.5523        0.131     0.0999          -0.04195     -0.1678           0.9574      0.5692          0.2274          0.5109        0.6828    0.08117          0.1374
      0.2           11.68       4      20     0.0432    0.5579       0.1781      0.123          -0.01823    -0.07294           0.9675        0.55          0.2214          0.5874        0.6375      0.062          0.1773
      0.3            11.7       4      20    0.04193    0.5697       0.2786     0.1748           0.03471      0.1388           0.9899      0.5157          0.2115           0.806         0.529      0.029          0.4519
      0.4            11.7       4      20    0.04092    0.5807       0.3672     0.2204           0.08139      0.3255            1.012      0.4812          0.2036           1.062        0.4292    0.01417          0.9759
      0.6           11.72       4      20    0.03873    0.6035       0.5736     0.3185            0.1817      0.7267            1.068      0.4057          0.2029           1.895        0.2408     0.0025           5.326
      0.8           11.74       4      20     0.0356    0.6283       0.7806     0.4247            0.2906       1.162            1.127      0.3227          0.1813           3.599        0.1037  0.0003333            31.5
        1           11.75       4      20    0.03352     0.651       0.9805     0.5215            0.3896       1.558            1.181        0.26          0.1673           6.488       0.04267  0.0001667           217.3
     1.25           11.78       4      20    0.03074    0.6797        1.232     0.6431             0.514       2.056            1.254      0.1858          0.1519           13.63       0.01267  0.0001667            1708
      1.5           11.81       4      20      0.027    0.7105        1.505     0.7767             0.651       2.604            1.344      0.1187          0.1303           31.01      0.003667          0       1.786e+04

=== 4h P3|B|100
 edge_pct  trades_per_30d  mean_N  mean_L  liq_share  tp_share  drift_H_pct  gross_pct  net_notional_pct  eq_ret_pct  30d_median_mult  30d_p_loss  30d_mdd_median  1y_median_mult  1y_p_below50  1y_p_ruin  IS_median_mult
        0           11.02       4      20    0.07275    0.1238     -0.02399  -0.001045           -0.1825     -0.7299           0.8734      0.6437          0.3051          0.1586        0.9162     0.4582        0.004441
    0.025           11.02       4      20    0.07216    0.1248    0.0004267    0.01886           -0.1623     -0.6491           0.8792      0.6358          0.3026          0.1782         0.905      0.426        0.007392
     0.05           11.02       4      20    0.07146     0.126       0.0249    0.04067           -0.1401     -0.5605            0.888       0.626          0.2999          0.1986        0.8898     0.3875         0.01048
    0.075           11.02       4      20    0.07066    0.1272      0.05115     0.0629           -0.1175       -0.47           0.8977      0.6162          0.2956          0.2252        0.8727      0.356         0.01184
      0.1           11.02       4      20     0.0702    0.1283       0.0743    0.08393          -0.09622     -0.3849           0.9054      0.6078          0.2915          0.2541         0.856     0.3232         0.02151
     0.15           11.01       4      20    0.06905    0.1307       0.1302      0.131          -0.04851      -0.194           0.9223       0.586           0.284          0.3252        0.8133     0.2513         0.03334
      0.2           11.01       4      20    0.06796    0.1331       0.1772     0.1717         -0.007253    -0.02901           0.9385      0.5677          0.2758          0.4104        0.7713     0.2005          0.0626
      0.3           11.01       4      20    0.06632     0.137       0.2772     0.2528            0.0747      0.2988           0.9789      0.5282          0.2626          0.6427        0.6743     0.1225           0.185
      0.4              11       4      20    0.06434    0.1411       0.3665     0.3303            0.1532      0.6126            1.004      0.4937          0.2497          0.9727        0.5732    0.06667          0.9283
      0.6              11       4      20    0.06024    0.1502         0.57     0.5014            0.3265       1.306            1.082       0.407          0.2277           2.404        0.3355    0.01317           15.61
      0.8           10.98       4      20    0.05569    0.1591       0.7759     0.6757             0.503       2.012            1.164      0.3213          0.2035           6.295        0.1567      0.002           366.9
        1           10.98       4      20    0.05176    0.1676       0.9767     0.8451            0.6745       2.698            1.255      0.2502           0.203           16.06       0.06267     0.0005            3843
     1.25           10.96       4      20    0.04689    0.1782        1.233      1.058            0.8895       3.558            1.377      0.1763          0.1815           50.91       0.01983  0.0001667       1.182e+05
      1.5           10.95       4      20    0.04119    0.1903        1.508      1.282             1.117       4.468            1.515      0.1048          0.1552           169.6         0.007          0       4.606e+06

=== 4h P4|A|10
 edge_pct  trades_per_30d  mean_N  mean_L  liq_share  tp_share  drift_H_pct  gross_pct  net_notional_pct  eq_ret_pct  30d_median_mult  30d_p_loss  30d_mdd_median  1y_median_mult  1y_p_below50  1y_p_ruin  IS_median_mult
        0           12.86      20      50    0.09785     0.895      -0.0304    0.02917           -0.1095      -2.189           0.7273      0.7212          0.4146        0.005461        0.9977     0.9502       1.919e-07
    0.025           12.86      20      50    0.09737    0.8957    -0.006085    0.03012           -0.1083      -2.165           0.7274      0.7195          0.4146        0.005764        0.9977     0.9488         2.2e-07
     0.05           12.86      20      50    0.09719     0.896      0.01726    0.03049           -0.1078      -2.156           0.7275      0.7195          0.4146        0.005858        0.9972     0.9478       2.422e-07
    0.075           12.86      20      50    0.09664    0.8965      0.04302    0.03145           -0.1066      -2.132           0.7276      0.7162          0.4146        0.006183        0.9972     0.9457       2.422e-07
      0.1           12.86      20      50    0.09635    0.8969      0.06589    0.03206           -0.1058      -2.117           0.7277      0.7148          0.4145        0.006389        0.9973     0.9435       2.743e-07
     0.15           12.86      20      50    0.09536     0.898       0.1213    0.03375           -0.1036      -2.073           0.7308      0.7105          0.4145        0.006833        0.9973     0.9403       3.366e-07
      0.2           12.86      20      50    0.09416    0.8994       0.1712    0.03592           -0.1009      -2.018           0.7402      0.7072          0.4145        0.007559        0.9968     0.9355       5.833e-07
      0.3           12.86      20      50    0.09245    0.9015       0.2701    0.03904          -0.09691      -1.938            0.742      0.7005          0.4145        0.008694        0.9953     0.9248       7.182e-07
      0.4           12.86      20      50    0.09029    0.9041       0.3597    0.04301          -0.09186      -1.837           0.7431      0.6905          0.4144         0.01068        0.9938      0.914        2.02e-06
      0.6           12.87      20      50    0.08561    0.9094        0.562    0.05126          -0.08131      -1.626           0.7574      0.6693          0.4143         0.01585        0.9883     0.8775       3.128e-06
      0.8           12.87      20      50    0.08095    0.9147       0.7666     0.0596          -0.07067      -1.413           0.7709      0.6392          0.4142         0.02479        0.9812     0.8268        1.97e-05
        1           12.87      20      50    0.07711    0.9196       0.9726     0.0669          -0.06145      -1.229           0.7758      0.6202          0.4141         0.03571        0.9753     0.7757       5.536e-05
     1.25           12.88      20      50    0.07202    0.9254        1.227    0.07609          -0.04975      -0.995           0.7929       0.587          0.4141         0.05767        0.9548     0.7043       0.0001446
      1.5           12.88      20      50    0.06482    0.9335        1.495    0.08898          -0.03331     -0.6662           0.8249      0.5507          0.4025          0.1074        0.9162     0.5742       0.0009788

=== 4h P4|B|10
 edge_pct  trades_per_30d  mean_N  mean_L  liq_share  tp_share  drift_H_pct  gross_pct  net_notional_pct  eq_ret_pct  30d_median_mult  30d_p_loss  30d_mdd_median  1y_median_mult  1y_p_below50  1y_p_ruin  IS_median_mult
        0           12.86      20      50    0.09562     0.895     -0.03042    0.02921           -0.1085      -2.169           0.7275      0.7215          0.4145        0.005805        0.9977     0.9478       2.212e-07
    0.025           12.86      20      50    0.09517    0.8956    -0.006106    0.03018           -0.1073      -2.145           0.7277      0.7198          0.4145        0.006038        0.9977     0.9467       2.935e-07
     0.05           12.86      20      50    0.09499    0.8959      0.01724    0.03055           -0.1068      -2.136           0.7278      0.7198          0.4145        0.006125        0.9972     0.9457        2.96e-07
    0.075           12.86      20      50    0.09459    0.8965        0.043     0.0315           -0.1056      -2.113           0.7279      0.7165          0.4145        0.006419        0.9972     0.9437        2.96e-07
      0.1           12.86      20      50     0.0943    0.8969      0.06587    0.03215           -0.1048      -2.097           0.7281      0.7152          0.4145        0.006601        0.9972     0.9415       3.317e-07
     0.15           12.86      20      50    0.09324     0.898       0.1212    0.03385           -0.1026      -2.053           0.7398      0.7108          0.4145        0.007104        0.9972     0.9382       4.577e-07
      0.2           12.86      20      50    0.09211    0.8993       0.1712    0.03606          -0.09987      -1.997           0.7414      0.7073          0.4145        0.007968        0.9965     0.9328       6.723e-07
      0.3           12.86      20      50    0.09043    0.9015       0.2701    0.03917          -0.09591      -1.918           0.7425      0.7005          0.4144        0.009145        0.9948     0.9215       8.931e-07
      0.4           12.86      20      50    0.08824    0.9041       0.3597    0.04315          -0.09084      -1.817           0.7435      0.6905          0.4144         0.01125         0.993     0.9098       2.165e-06
      0.6           12.87      20      50    0.08382    0.9093        0.562    0.05132          -0.08049       -1.61           0.7581      0.6695          0.4143         0.01678        0.9878      0.873       3.408e-06
      0.8           12.87      20      50    0.07927    0.9146       0.7666    0.05972          -0.06983      -1.397           0.7737      0.6387          0.4142         0.02611        0.9803     0.8222       2.169e-05
        1           12.87      20      50    0.07565    0.9196       0.9725    0.06701          -0.06071      -1.214           0.7764      0.6195          0.4141         0.03698        0.9745     0.7697       5.866e-05
     1.25           12.88      20      50    0.07077    0.9254        1.226    0.07617          -0.04913     -0.9826           0.7936      0.5867          0.4141          0.0596         0.954     0.6972       0.0001882
      1.5           12.88      20      50    0.06372    0.9335        1.495    0.08901          -0.03281     -0.6563           0.8274        0.55          0.4019          0.1112         0.914     0.5687         0.00112

=== 4h P4|C|10
 edge_pct  trades_per_30d  mean_N  mean_L  liq_share  tp_share  drift_H_pct  gross_pct  net_notional_pct  eq_ret_pct  30d_median_mult  30d_p_loss  30d_mdd_median  1y_median_mult  1y_p_below50  1y_p_ruin  IS_median_mult
        0           12.92      20      50          0    0.8109     -0.02979    0.02144          -0.07884      -1.577           0.8037       0.777          0.3096         0.04932        0.9967     0.7887       0.0001438
    0.025           12.92      20      50          0    0.8116    -0.005475    0.02202          -0.07822      -1.564           0.8042      0.7762          0.3095         0.05096        0.9967     0.7837       0.0001568
     0.05           12.92      20      50          0    0.8115      0.01794    0.02197          -0.07828      -1.566           0.8039      0.7743          0.3095         0.05087         0.996     0.7833       0.0001527
    0.075           12.92      20      50          0    0.8122      0.04353    0.02258          -0.07763      -1.553           0.8165      0.7738          0.3076         0.05211         0.996      0.778        0.000155
      0.1           12.92      20      50          0    0.8126       0.0663    0.02296          -0.07723      -1.545           0.8185      0.7735           0.308         0.05243        0.9965     0.7738       0.0001808
     0.15           12.92      20      50          0     0.813       0.1215    0.02336          -0.07681      -1.536           0.8189       0.771          0.3085         0.05293        0.9957     0.7703       0.0001623
      0.2           12.92      20      50          0    0.8144        0.171     0.0246           -0.0755       -1.51           0.8199      0.7695           0.296         0.05494        0.9952     0.7588       0.0001537
      0.3           12.92      20      50          0    0.8163       0.2696     0.0264          -0.07359      -1.472           0.8206      0.7612          0.2953         0.05836        0.9937     0.7452       0.0002385
      0.4           12.92      20      50          0    0.8185       0.3585    0.02846          -0.07141      -1.428           0.8211      0.7518          0.2948         0.06297        0.9933     0.7215       0.0002558
      0.6           12.92      20      50          0    0.8242       0.5612    0.03372          -0.06587      -1.317            0.838       0.741          0.2944         0.07554        0.9873     0.6553       0.0006167
      0.8           12.92      20      50          0    0.8295       0.7664    0.03864          -0.06068      -1.214           0.8394       0.723          0.2794          0.0922         0.981      0.589       0.0007489
        1           12.92      20      50          0    0.8335       0.9722    0.04236          -0.05674      -1.135           0.8565      0.7105           0.279          0.1051        0.9748     0.5362        0.001028
     1.25           12.92      20      50          0    0.8386        1.226    0.04708          -0.05176      -1.035            0.858      0.6883          0.2633          0.1237        0.9607     0.4782        0.002185
      1.5           12.92      20      50          0    0.8458        1.494    0.05391          -0.04455     -0.8909            0.877      0.6617          0.2472          0.1579        0.9355     0.3823        0.005618

=== 4h P4|B|100
 edge_pct  trades_per_30d  mean_N  mean_L  liq_share  tp_share  drift_H_pct  gross_pct  net_notional_pct  eq_ret_pct  30d_median_mult  30d_p_loss  30d_mdd_median  1y_median_mult  1y_p_below50  1y_p_ruin  IS_median_mult
        0           11.95      20      50     0.4707     0.343     -0.01625   0.000679           -0.3333      -6.666           0.1805      0.8903          0.8858       7.484e-10             1          1       6.807e-28
    0.025           11.95      20      50     0.4685    0.3451     0.008946   0.009538           -0.3234      -6.467           0.1852      0.8877          0.8834       1.011e-09             1          1       1.414e-27
     0.05           11.95      20      50     0.4662    0.3471      0.03255    0.01816           -0.3137      -6.273            0.192      0.8842           0.883       1.382e-09             1          1       2.309e-27
    0.075           11.95      20      50     0.4632    0.3496       0.0586     0.0296           -0.3008      -6.016           0.1989      0.8792          0.8824       1.932e-09             1          1       1.344e-26
      0.1           11.95      20      50     0.4608    0.3517      0.08196    0.03875           -0.2906      -5.811           0.2023      0.8757          0.8807       2.776e-09             1          1        5.42e-26
     0.15           11.95      20      50     0.4553    0.3565       0.1381    0.05844           -0.2682      -5.365           0.2151      0.8685           0.873       5.449e-09             1          1       3.079e-25
      0.2           11.94      20      50     0.4503    0.3612       0.1873    0.07753           -0.2468      -4.935           0.2255       0.859          0.8693       1.051e-08             1     0.9998       3.587e-24
      0.3           11.94      20      50     0.4395     0.371       0.2865     0.1188           -0.2003      -4.007           0.2553      0.8418          0.8551       4.956e-08             1     0.9993        1.73e-22
      0.4           11.94      20      50     0.4294    0.3796       0.3757     0.1558           -0.1586      -3.173           0.2871      0.8188          0.8385       1.992e-07        0.9997     0.9987       1.307e-20
      0.6           11.93      20      50     0.4098     0.397       0.5755     0.2297          -0.07548       -1.51             0.35      0.7745          0.8191       2.699e-06         0.999     0.9965       2.439e-17
      0.8           11.92      20      50     0.3888    0.4154       0.7804     0.3083             0.013      0.2599           0.4525      0.7202          0.7992       4.326e-05        0.9972      0.983       6.483e-14
        1           11.92      20      50     0.3698    0.4328       0.9844     0.3819           0.09556       1.911           0.5537      0.6618          0.7662       0.0005759        0.9883     0.9482       6.118e-11
     1.25            11.9      20      50     0.3437     0.456        1.244      0.479             0.205         4.1           0.7356       0.589          0.7232         0.01817        0.9525      0.829       5.028e-06
      1.5           11.89      20      50     0.3162    0.4811        1.516     0.5827            0.3218       6.435            1.007      0.4955          0.6641          0.7224        0.8585     0.6062          0.1895

=== 4h P5|A|10
 edge_pct  trades_per_30d  mean_N  mean_L  liq_share  tp_share  drift_H_pct  gross_pct  net_notional_pct  eq_ret_pct  30d_median_mult  30d_p_loss  30d_mdd_median  1y_median_mult  1y_p_below50  1y_p_ruin  IS_median_mult
        0           12.43   4.191   20.74    0.05497    0.8449     -0.03659    0.03848          -0.08786     -0.3736           0.9523       0.584          0.1999          0.4479         0.683      0.034          0.1193
    0.025           12.43   4.191   20.74    0.05458    0.8465     -0.01145    0.04255          -0.08353     -0.3557           0.9536      0.5798          0.1911          0.4638        0.6715    0.03067          0.1351
     0.05           12.43   4.191   20.74    0.05419    0.8478      0.01181    0.04635          -0.07948     -0.3389           0.9563      0.5753          0.1903           0.479        0.6587    0.02783          0.1389
    0.075           12.43   4.191   20.74    0.05347    0.8495      0.03808    0.05148          -0.07393     -0.3151           0.9636      0.5685            0.19          0.4977        0.6403     0.0245          0.1619
      0.1           12.44   4.191   20.74    0.05296    0.8511      0.05955    0.05608          -0.06902     -0.2947           0.9663       0.563          0.1898          0.5145        0.6233    0.02183          0.1739
     0.15           12.44   4.191   20.74    0.05182    0.8545       0.1152    0.06642          -0.05798     -0.2493            0.968      0.5528          0.1786          0.5496        0.5888    0.01767          0.1967
      0.2           12.44   4.191   20.74     0.0507    0.8575       0.1653    0.07535          -0.04838     -0.2082            0.976      0.5427          0.1684          0.5886        0.5548    0.01417          0.2084
      0.3           12.45   4.191   20.74     0.0492    0.8639        0.266    0.09199          -0.03068     -0.1343           0.9845       0.523          0.1528           0.663        0.4963    0.01033          0.2994
      0.4           12.46   4.192   20.74     0.0475    0.8701       0.3562     0.1082          -0.01334    -0.06172           0.9988      0.5052          0.1414          0.7516        0.4333      0.007          0.4236
      0.6           12.48   4.192   20.74    0.04361    0.8825       0.5598     0.1432            0.0241     0.09442            1.022      0.4665            0.12           0.958         0.312   0.003167          0.7728
      0.8            12.5   4.192   20.74    0.03922    0.8954       0.7677     0.1807            0.0643      0.2613            1.054      0.4153         0.09553           1.266        0.1817     0.0005           1.663
        1           12.52   4.192   20.74    0.03555     0.908       0.9726     0.2148            0.1008      0.4155            1.084      0.3743         0.07905           1.621        0.1017  0.0001667           3.924
     1.25           12.54   4.192   20.74    0.03044    0.9233        1.224     0.2603            0.1493      0.6197             1.12      0.3102         0.04874           2.279       0.03717          0           10.44
      1.5           12.57   4.192   20.74    0.02462    0.9404        1.495     0.3105            0.2032      0.8444            1.153      0.2517        0.003768           3.293      0.009833          0           33.34

=== 4h P5|B|10
 edge_pct  trades_per_30d  mean_N  mean_L  liq_share  tp_share  drift_H_pct  gross_pct  net_notional_pct  eq_ret_pct  30d_median_mult  30d_p_loss  30d_mdd_median  1y_median_mult  1y_p_below50  1y_p_ruin  IS_median_mult
        0           12.48   4.192   20.74     0.0188    0.8372     -0.03569    0.04131           -0.0694     -0.2938           0.9645      0.5797          0.1526          0.5379        0.5868     0.0115          0.1386
    0.025           12.49   4.192   20.74    0.01873    0.8388     -0.01062    0.04552          -0.06506      -0.276           0.9669      0.5738          0.1514          0.5519        0.5728    0.01033          0.1694
     0.05           12.49   4.192   20.74    0.01865    0.8402      0.01284    0.04901          -0.06146      -0.261           0.9679       0.569          0.1501          0.5622        0.5612   0.009833          0.1694
    0.075           12.49   4.192   20.74    0.01842    0.8418      0.03921    0.05354          -0.05675     -0.2412           0.9709      0.5632          0.1479          0.5794        0.5452   0.009167          0.1739
      0.1           12.49   4.192   20.74    0.01827    0.8435      0.06104    0.05813          -0.05199     -0.2209           0.9745      0.5572          0.1458          0.5993        0.5283     0.0075           0.206
     0.15           12.49   4.192   20.74    0.01796    0.8467       0.1166    0.06751          -0.04228      -0.181           0.9795      0.5458          0.1433          0.6366        0.4885   0.006167          0.2467
      0.2           12.49   4.192   20.74     0.0177    0.8497       0.1667    0.07568          -0.03384      -0.145            0.984      0.5352          0.1402          0.6696        0.4543   0.004333           0.312
      0.3            12.5   4.192   20.74    0.01742    0.8562       0.2675    0.09161          -0.01738     -0.0761           0.9942       0.514          0.1359          0.7457        0.3922   0.002833          0.4047
      0.4           12.51   4.192   20.74    0.01715    0.8623       0.3575     0.1067         -0.001858     -0.0112            1.002      0.4953          0.1316          0.8281        0.3373   0.001667          0.5716
      0.6           12.52   4.193   20.74     0.0165    0.8748       0.5605     0.1397            0.0322      0.1303            1.024      0.4507           0.122           1.046        0.2243  0.0006667           1.102
      0.8           12.53   4.193   20.74    0.01517    0.8878       0.7684     0.1753           0.06916      0.2835            1.046      0.4002           0.108           1.342        0.1183          0           2.508
        1           12.55   4.193   20.74    0.01444    0.9001       0.9734     0.2064            0.1013      0.4182            1.067      0.3573             0.1           1.653       0.06283          0           4.829
     1.25           12.57   4.192   20.74    0.01326    0.9151        1.225     0.2471            0.1434      0.5936              1.1       0.298         0.09468           2.221       0.02433          0           9.542
      1.5           12.59   4.192   20.74    0.01168     0.932        1.496     0.2931            0.1911      0.7912            1.132       0.239         0.03895           3.038      0.006167          0           25.64

=== 4h P5|C|10
 edge_pct  trades_per_30d  mean_N  mean_L  liq_share  tp_share  drift_H_pct  gross_pct  net_notional_pct  eq_ret_pct  30d_median_mult  30d_p_loss  30d_mdd_median  1y_median_mult  1y_p_below50  1y_p_ruin  IS_median_mult
        0           12.58   4.191   20.74          0    0.8071     -0.03112    0.03706           -0.0664      -0.282           0.9615      0.6032          0.1332          0.5771        0.5102   0.001167          0.1856
    0.025           12.58   4.191   20.74          0    0.8087    -0.006513    0.04071          -0.06267     -0.2666           0.9634       0.596          0.1304           0.592        0.4913   0.001333          0.2079
     0.05           12.58   4.191   20.74          0    0.8099      0.01676    0.04349          -0.05981     -0.2546           0.9658      0.5898          0.1284          0.6024        0.4762   0.001167          0.2252
    0.075           12.58   4.191   20.74          0    0.8117      0.04279    0.04747          -0.05574     -0.2373            0.971      0.5837          0.1278          0.6168        0.4593   0.001167          0.2616
      0.1           12.58   4.191   20.74          0    0.8133      0.06455    0.05091          -0.05222      -0.222           0.9731      0.5798          0.1275          0.6326        0.4418      0.001          0.2782
     0.15           12.58   4.191   20.74          0    0.8165       0.1201    0.05843          -0.04451     -0.1901           0.9765      0.5695          0.1234          0.6634        0.4082  0.0008333          0.3061
      0.2           12.58   4.191   20.74          0    0.8194       0.1698    0.06481          -0.03797     -0.1617           0.9773      0.5608          0.1179           0.694        0.3772  0.0006667          0.3655
      0.3           12.59   4.191   20.74          0    0.8258       0.2702    0.07865          -0.02376     -0.1019           0.9882      0.5393          0.1136          0.7585        0.3162     0.0005          0.4819
      0.4           12.59   4.191   20.74          0    0.8319       0.3599    0.09198          -0.01008    -0.04434           0.9931      0.5187          0.1048          0.8378         0.253  0.0001667          0.6385
      0.6            12.6   4.192   20.74          0     0.844       0.5629     0.1186            0.0172     0.07007            1.009       0.478         0.09946          0.9953        0.1575          0           1.048
      0.8           12.61   4.192   20.74          0    0.8572       0.7695     0.1491           0.04843      0.2004            1.028       0.426         0.09619           1.225       0.07717          0           1.864
        1           12.62   4.192   20.74          0    0.8688       0.9755     0.1743           0.07436      0.3105            1.044      0.3848         0.09594           1.463       0.03633          0            2.92
     1.25           12.63   4.192   20.74          0    0.8829        1.228     0.2071            0.1079      0.4515            1.062       0.329         0.09579           1.826       0.01267          0           5.512
      1.5           12.64   4.192   20.74          0    0.8994        1.499      0.245            0.1467      0.6139            1.081      0.2662         0.09569           2.375      0.002833          0           13.01

=== 4h P5|B|100
 edge_pct  trades_per_30d  mean_N  mean_L  liq_share  tp_share  drift_H_pct  gross_pct  net_notional_pct  eq_ret_pct  30d_median_mult  30d_p_loss  30d_mdd_median  1y_median_mult  1y_p_below50  1y_p_ruin  IS_median_mult
        0           11.02   4.193   20.74    0.07274    0.1268     -0.02381   -0.00285           -0.1841     -0.7526           0.8677      0.6443          0.3139          0.1505          0.92     0.4743        0.003798
    0.025           11.02   4.193   20.74    0.07216    0.1279    0.0006083    0.01703           -0.1639     -0.6696           0.8745      0.6368          0.3106          0.1685          0.91     0.4388        0.006308
     0.05           11.02   4.193   20.74    0.07145    0.1291      0.02508     0.0388           -0.1418     -0.5795           0.8835      0.6273          0.3069          0.1901        0.8955     0.4038         0.00824
    0.075           11.02   4.193   20.74    0.07065    0.1303      0.05133    0.06104           -0.1192      -0.485           0.8925      0.6173          0.3032          0.2151        0.8782      0.373         0.01147
      0.1           11.02   4.193   20.74    0.07019    0.1314      0.07447    0.08207           -0.0979     -0.3972           0.9005      0.6093          0.2992          0.2443        0.8627     0.3363         0.01913
     0.15           11.02   4.193   20.74    0.06904    0.1339       0.1304     0.1292          -0.05019     -0.2027           0.9178      0.5882          0.2907          0.3151        0.8197     0.2667         0.02859
      0.2           11.01   4.193   20.74    0.06796    0.1365       0.1773     0.1699         -0.008889    -0.03091           0.9346      0.5688          0.2829          0.4014        0.7753      0.211         0.06183
      0.3           11.01   4.193   20.74    0.06632    0.1403       0.2773     0.2509           0.07292      0.3035           0.9776       0.529          0.2701          0.6446        0.6807     0.1287          0.1839
      0.4              11   4.193   20.74    0.06433    0.1445       0.3668     0.3285            0.1516      0.6257            1.005      0.4932          0.2556           0.959        0.5777    0.06917           0.831
      0.6              11   4.193   20.74    0.06023    0.1542       0.5702     0.4997            0.3249       1.339            1.085      0.4065          0.2324           2.471        0.3372    0.01417           15.17
      0.8           10.99   4.193   20.74    0.05568    0.1633       0.7762     0.6737            0.5013       2.062             1.17      0.3205          0.2052           6.618        0.1563      0.002           384.1
        1           10.98   4.193   20.74    0.05175    0.1724        0.977     0.8428            0.6725        2.77            1.263      0.2507           0.203           17.38         0.064     0.0005            4701
     1.25           10.97   4.193   20.74    0.04688    0.1833        1.235      1.055            0.8872        3.65            1.389      0.1743          0.1865           56.17          0.02  0.0001667       1.564e+05
      1.5           10.96   4.193   20.74    0.04118    0.1957         1.51      1.279             1.115       4.582             1.53      0.1018          0.1573           194.4        0.0075          0       6.179e+06

=== 4h P5c|A|10
 edge_pct  trades_per_30d  mean_N  mean_L  liq_share  tp_share  drift_H_pct  gross_pct  net_notional_pct  eq_ret_pct  30d_median_mult  30d_p_loss  30d_mdd_median  1y_median_mult  1y_p_below50  1y_p_ruin  IS_median_mult
        0           12.43   4.147   20.74    0.05497    0.8449     -0.03659    0.03848          -0.08786     -0.3683           0.9522      0.5828          0.1952          0.4524        0.6788     0.0325          0.1225
    0.025           12.43   4.196   20.74    0.05458    0.8465     -0.01145    0.04255          -0.08353      -0.336           0.9568      0.5753          0.1907          0.4764        0.6608    0.02967           0.146
     0.05           12.43   4.238   20.74    0.05419    0.8478      0.01181    0.04635          -0.07948     -0.3041            0.964      0.5687          0.1902          0.5019        0.6385    0.02533          0.1515
    0.075           12.43   4.288   20.74    0.05347    0.8495      0.03808    0.05148          -0.07393      -0.263           0.9673      0.5595            0.19          0.5365        0.6082    0.02117          0.1769
      0.1           12.44    4.34   20.74    0.05296    0.8511      0.05955    0.05608          -0.06902      -0.225           0.9729      0.5507          0.1898          0.5652        0.5788    0.01817          0.2156
     0.15           12.44   4.433   20.74    0.05182    0.8545       0.1152    0.06642          -0.05798     -0.1475           0.9829      0.5302          0.1769           0.632        0.5288    0.01467          0.2724
      0.2           12.44   4.526   20.74     0.0507    0.8575       0.1653    0.07535          -0.04838    -0.07683           0.9938      0.5148          0.1645          0.7088        0.4748    0.01083          0.3497
      0.3           12.45   4.718   20.74     0.0492    0.8639        0.266    0.09199          -0.03068     0.06025            1.014      0.4802          0.1497          0.8769        0.3853   0.006833          0.6712
      0.4           12.46   4.902   20.74     0.0475    0.8701       0.3562     0.1082          -0.01334      0.1991            1.033      0.4457          0.1365           1.084        0.2983      0.004           1.044
      0.6           12.48   5.278   20.74    0.04361    0.8825       0.5598     0.1432            0.0241      0.4778            1.077      0.3785          0.1171            1.65        0.1738   0.001167           3.853
      0.8            12.5    5.65   20.74    0.03922    0.8954       0.7677     0.1807            0.0643      0.7747            1.129      0.3025         0.09302           2.624       0.08667     0.0005           16.64
        1           12.52   6.025   20.74    0.03555     0.908       0.9726     0.2148            0.1008       1.054             1.17       0.247         0.07823           4.034       0.04867          0           52.66
     1.25           12.54   6.508   20.74    0.03044    0.9233        1.224     0.2603            0.1493       1.416            1.229      0.1793         0.04752           7.066       0.02633          0           240.8
      1.5           12.57   6.984   20.74    0.02462    0.9404        1.495     0.3105            0.2032       1.805            1.284       0.132        0.005811              13         0.014          0            1665

=== 4h P5c|B|10
 edge_pct  trades_per_30d  mean_N  mean_L  liq_share  tp_share  drift_H_pct  gross_pct  net_notional_pct  eq_ret_pct  30d_median_mult  30d_p_loss  30d_mdd_median  1y_median_mult  1y_p_below50  1y_p_ruin  IS_median_mult
        0           12.48   4.148   20.74     0.0188    0.8372     -0.03569    0.04131           -0.0694     -0.2898           0.9652      0.5782          0.1516          0.5413        0.5815    0.01033          0.1435
    0.025           12.49   4.196   20.74    0.01873    0.8388     -0.01062    0.04552          -0.06506     -0.2583           0.9685      0.5665          0.1501          0.5661        0.5598   0.009667          0.1721
     0.05           12.49   4.238   20.74    0.01865    0.8402      0.01284    0.04901          -0.06146     -0.2288           0.9726      0.5592          0.1488          0.5885        0.5368     0.0085          0.1856
    0.075           12.49   4.289   20.74    0.01842    0.8418      0.03921    0.05354          -0.05675     -0.1939           0.9785      0.5503          0.1464           0.619        0.5083   0.007833          0.2125
      0.1           12.49   4.341   20.74    0.01827    0.8435      0.06104    0.05813          -0.05199     -0.1576           0.9826       0.541          0.1445          0.6553        0.4817   0.006333          0.2434
     0.15           12.49   4.434   20.74    0.01796    0.8467       0.1166    0.06751          -0.04228    -0.08959           0.9916      0.5197          0.1415          0.7176        0.4255      0.005          0.3468
      0.2           12.49   4.527   20.74     0.0177    0.8497       0.1667    0.07568          -0.03384    -0.02599            0.999      0.5022          0.1389          0.7923        0.3838      0.004          0.4729
      0.3            12.5   4.718   20.74    0.01742    0.8562       0.2675    0.09161          -0.01738      0.1023            1.016      0.4683          0.1344          0.9676        0.3052   0.002167          0.8475
      0.4           12.51   4.902   20.74    0.01715    0.8623       0.3575     0.1067         -0.001858      0.2294            1.033      0.4318          0.1303           1.176         0.226   0.001333           1.662
      0.6           12.52   5.278   20.74     0.0165    0.8748       0.5605     0.1397            0.0322      0.4847            1.073      0.3712          0.1216           1.729        0.1322  0.0006667           4.664
      0.8           12.53   5.651   20.74    0.01517    0.8878       0.7684     0.1753           0.06916      0.7597            1.117      0.2965          0.1084           2.647       0.06333  0.0001667           19.07
        1           12.55   6.027   20.74    0.01444    0.9001       0.9734     0.2064            0.1013       1.011            1.154      0.2438          0.1002            3.86       0.03883          0           52.61
     1.25           12.57    6.51   20.74    0.01326    0.9151        1.225     0.2471            0.1434       1.332            1.207      0.1907         0.09133           6.273       0.02233          0           210.4
      1.5           12.59   6.985   20.74    0.01168     0.932        1.496     0.2931            0.1911       1.682            1.261      0.1468         0.03734           10.71       0.01533          0             951

=== 4h P5c|C|10
 edge_pct  trades_per_30d  mean_N  mean_L  liq_share  tp_share  drift_H_pct  gross_pct  net_notional_pct  eq_ret_pct  30d_median_mult  30d_p_loss  30d_mdd_median  1y_median_mult  1y_p_below50  1y_p_ruin  IS_median_mult
        0           12.58   4.147   20.74          0    0.8071     -0.03112    0.03706           -0.0664     -0.2779           0.9616       0.602          0.1306          0.5818         0.503      0.001          0.1843
    0.025           12.58   4.195   20.74          0    0.8087    -0.006513    0.04071          -0.06267     -0.2496           0.9648      0.5897          0.1292          0.6067        0.4723   0.001167          0.2211
     0.05           12.58   4.237   20.74          0    0.8099      0.01676    0.04349          -0.05981     -0.2267           0.9718      0.5803          0.1282          0.6272        0.4523   0.001167          0.2484
    0.075           12.58   4.287   20.74          0    0.8117      0.04279    0.04747          -0.05574     -0.1959           0.9756      0.5707          0.1277          0.6557        0.4247      0.001          0.3357
      0.1           12.58   4.339   20.74          0    0.8133      0.06455    0.05091          -0.05222     -0.1696           0.9768       0.562          0.1274          0.6817        0.4012  0.0008333           0.338
     0.15           12.58   4.432   20.74          0    0.8165       0.1201    0.05843          -0.04451     -0.1161           0.9842      0.5423           0.123          0.7345        0.3543  0.0003333          0.3743
      0.2           12.58   4.526   20.74          0    0.8194       0.1698    0.06481          -0.03797     -0.0666           0.9914      0.5265          0.1178          0.7921         0.314  0.0003333          0.4405
      0.3           12.59   4.718   20.74          0    0.8258       0.2702    0.07865          -0.02376     0.03969            1.005      0.4905          0.1139          0.9234         0.243  0.0003333          0.7921
      0.4           12.59   4.902   20.74          0    0.8319       0.3599    0.09198          -0.01008      0.1454            1.021      0.4527          0.1086           1.082         0.184  0.0003333           1.254
      0.6            12.6   5.277   20.74          0     0.844       0.5629     0.1186            0.0172      0.3508            1.046      0.3962         0.09636           1.459        0.1033  0.0001667            2.87
      0.8           12.61   5.649   20.74          0    0.8572       0.7695     0.1491           0.04843       0.577            1.078      0.3295         0.09609           2.081       0.05183          0           7.498
        1           12.62   6.027   20.74          0    0.8688       0.9755     0.1743           0.07436      0.7767            1.109       0.285         0.09599           2.794         0.032          0           18.76
     1.25           12.63   6.511   20.74          0    0.8829        1.228     0.2071            0.1079       1.025            1.147      0.2418          0.0959           4.031          0.02          0           57.94
      1.5           12.64   6.985   20.74          0    0.8994        1.499      0.245            0.1467       1.308            1.189      0.2033          0.0958           6.234       0.01017          0           201.4

=== 4h P6|B|none
 edge_pct  trades_per_30d  mean_N  mean_L  liq_share  tp_share  drift_H_pct  gross_pct  net_notional_pct  eq_ret_pct  30d_median_mult  30d_p_loss  30d_mdd_median  1y_median_mult  1y_p_below50  1y_p_ruin  IS_median_mult
        0           10.88  0.3026   9.404          0         0      -0.0302   -0.04573           -0.2036    -0.05278           0.9928       0.615         0.02237          0.9271             0          0          0.8312
    0.025           10.87  0.3026   9.404          0         0    -0.006772   -0.02293           -0.1808    -0.04714           0.9933      0.6057         0.02214          0.9344             0          0          0.8531
     0.05           10.87  0.3026   9.403          0         0      0.01556  -0.001863           -0.1598    -0.04137            0.994      0.5962         0.02188          0.9418             0          0          0.8652
    0.075           10.87  0.3026   9.404          0         0      0.04202    0.02262           -0.1353    -0.03512           0.9947       0.587         0.02147          0.9491             0          0          0.8863
      0.1           10.86  0.3026   9.404          0         0       0.0658     0.0442           -0.1138    -0.02896           0.9953      0.5763         0.02108          0.9575             0          0          0.9026
     0.15           10.86  0.3026   9.405          0         0       0.1216    0.09578          -0.06222     -0.0156           0.9968      0.5537         0.02034          0.9751             0          0          0.9402
      0.2           10.86  0.3026   9.404          0         0       0.1693     0.1399          -0.01818   -0.003486           0.9982       0.531         0.01997          0.9899             0          0          0.9661
      0.3           10.85  0.3026   9.405          0         0       0.2683     0.2319           0.07375     0.02062            1.001      0.4892         0.01943           1.025             0          0           1.063
      0.4           10.84  0.3027   9.405          0         0       0.3586     0.3168            0.1586     0.04283            1.003      0.4472         0.01814           1.055             0          0           1.155
      0.6           10.83  0.3027   9.405          0         0       0.5616     0.5044             0.346     0.09251            1.009      0.3613         0.01573           1.125             0          0           1.361
      0.8           10.81  0.3027   9.405          0         0       0.7678     0.6987            0.5402      0.1436            1.014      0.2733         0.01325           1.202             0          0           1.673
        1           10.79  0.3027   9.405          0         0       0.9682     0.8833            0.7246      0.1942            1.019      0.2078         0.01123           1.286             0          0           2.033
     1.25           10.77  0.3028   9.405          0         0        1.225      1.121            0.9626      0.2569            1.026      0.1378         0.01006           1.395             0          0           2.581
      1.5           10.75  0.3028   9.405          0         0        1.502      1.372             1.213      0.3231            1.033      0.0735         0.01002           1.518             0          0           3.346

=== 4h P6h|B|none
 edge_pct  trades_per_30d  mean_N  mean_L  liq_share  tp_share  drift_H_pct  gross_pct  net_notional_pct  eq_ret_pct  30d_median_mult  30d_p_loss  30d_mdd_median  1y_median_mult  1y_p_below50  1y_p_ruin  IS_median_mult
        0           10.88  0.1513   9.404          0         0      -0.0302   -0.04573           -0.2036    -0.02639           0.9965      0.6132         0.01122          0.9638             0          0          0.9143
    0.025           10.87  0.1513   9.404          0         0    -0.006772   -0.02293           -0.1808    -0.02357           0.9967      0.6033          0.0111          0.9676             0          0           0.926
     0.05           10.87  0.1513   9.403          0         0      0.01556  -0.001863           -0.1598    -0.02068           0.9971      0.5935         0.01097          0.9714             0          0          0.9326
    0.075           10.87  0.1513   9.404          0         0      0.04202    0.02262           -0.1353    -0.01756           0.9974      0.5845         0.01077          0.9751             0          0           0.944
      0.1           10.86  0.1513   9.404          0         0       0.0658     0.0442           -0.1138    -0.01448           0.9977      0.5737         0.01057          0.9795             0          0          0.9531
     0.15           10.86  0.1513   9.405          0         0       0.1216    0.09578          -0.06222   -0.007801           0.9984      0.5512         0.01019          0.9885             0          0          0.9724
      0.2           10.86  0.1513   9.404          0         0       0.1693     0.1399          -0.01818   -0.001743           0.9992      0.5282         0.01001           0.996             0          0          0.9857
      0.3           10.85  0.1513   9.405          0         0       0.2683     0.2319           0.07375     0.01031                1      0.4865        0.009727           1.013             0          0           1.034
      0.4           10.84  0.1513   9.405          0         0       0.3586     0.3168            0.1586     0.02141            1.002      0.4445        0.009082           1.028             0          0           1.078
      0.6           10.83  0.1513   9.405          0         0       0.5616     0.5044             0.346     0.04625            1.004      0.3592        0.007879           1.062             0          0            1.17
      0.8           10.81  0.1513   9.405          0         0       0.7678     0.6987            0.5402     0.07181            1.007       0.271         0.00663           1.098             0          0           1.298
        1           10.79  0.1514   9.405          0         0       0.9682     0.8833            0.7246     0.09708             1.01      0.2067        0.005616           1.135             0          0            1.43
     1.25           10.77  0.1514   9.405          0         0        1.225      1.121            0.9626      0.1285            1.013      0.1372        0.005028           1.183             0          0           1.612
      1.5           10.75  0.1514   9.405          0         0        1.502      1.372             1.213      0.1616            1.016      0.0735        0.005012           1.233             0          0           1.835

=== 4h P6|B|10
 edge_pct  trades_per_30d  mean_N  mean_L  liq_share  tp_share  drift_H_pct  gross_pct  net_notional_pct  eq_ret_pct  30d_median_mult  30d_p_loss  30d_mdd_median  1y_median_mult  1y_p_below50  1y_p_ruin  IS_median_mult
        0           11.91  0.3009   9.393          0    0.6545     -0.02992    0.04077          -0.07531    -0.03029            0.997      0.5743          0.0154          0.9567             0          0           0.869
    0.025           11.91  0.3009   9.393          0    0.6574     -0.00695    0.05101           -0.0649    -0.02736           0.9974       0.565         0.01518          0.9612             0          0          0.8885
     0.05           11.92  0.3009   9.393          0    0.6599      0.01636    0.05991          -0.05587    -0.02468           0.9976      0.5588         0.01507          0.9649             0          0          0.8948
    0.075           11.92  0.3009   9.392          0    0.6629      0.04366    0.06999          -0.04561    -0.02163            0.998      0.5492         0.01474          0.9681             0          0           0.917
      0.1           11.92  0.3009   9.392          0    0.6655      0.06608    0.07994           -0.0355    -0.01859           0.9983      0.5427         0.01454          0.9732             0          0          0.9305
     0.15           11.93  0.3009   9.392          0    0.6712       0.1224     0.1005          -0.01459    -0.01264           0.9991      0.5228         0.01408          0.9814             0          0          0.9506
      0.2           11.93  0.3009   9.393          0    0.6765       0.1722       0.12          0.005159   -0.006548           0.9999      0.5032         0.01369          0.9902             0          0           0.977
      0.3           11.95  0.3009   9.394          0    0.6878       0.2703     0.1595           0.04535    0.005275            1.001      0.4708         0.01298           1.007             0          0           1.011
      0.4           11.95  0.3008   9.393          0    0.6983       0.3591     0.1954           0.08185     0.01611            1.003      0.4342         0.01227           1.024             0          0           1.058
      0.6           11.97  0.3008   9.393          0    0.7201       0.5635     0.2754            0.1631     0.03971            1.005      0.3655         0.01068           1.059             0          0           1.185
      0.8              12  0.3008   9.393          0    0.7439       0.7725     0.3609            0.2499      0.0649            1.009       0.287         0.01005           1.099             0          0           1.329
        1           12.02  0.3008   9.392          0     0.766       0.9744     0.4383            0.3286     0.08877            1.011       0.225         0.01003           1.138             0          0           1.457
     1.25           12.05  0.3007   9.393          0    0.7933        1.227     0.5359            0.4278      0.1174            1.015      0.1553         0.01002           1.189             0          0            1.63
      1.5           12.09  0.3007   9.393          0    0.8227        1.501     0.6457            0.5393      0.1491            1.019        0.09            0.01           1.245             0          0           1.877

=== 1d P0|A|10
 edge_pct  trades_per_30d  mean_N  mean_L  liq_share  tp_share  drift_H_pct  gross_pct  net_notional_pct  eq_ret_pct  30d_median_mult  30d_p_loss  30d_mdd_median  1y_median_mult  1y_p_below50  1y_p_ruin  IS_median_mult
        0           3.974       1       1  0.0002363     0.202     0.003724    0.09603            -0.142     -0.1419           0.9938      0.5178         0.08229          0.8167         0.278    0.01283           0.511
    0.025           3.975       1       1  0.0002362    0.2027      0.02239     0.1142           -0.1237     -0.1236           0.9943      0.5153          0.0816          0.8254        0.2765    0.01283          0.5292
     0.05           3.976       1       1  0.0002362    0.2039      0.06039     0.1479          -0.08986    -0.08982           0.9955      0.5107         0.08095          0.8413         0.269    0.01283           0.543
    0.075           3.977       1       1  0.0002361    0.2048      0.09566     0.1809          -0.05681    -0.05677            0.997       0.507         0.08041          0.8569         0.262    0.01267          0.5438
      0.1           3.977       1       1  0.0002361    0.2062       0.1353     0.2191           -0.0185    -0.01846           0.9988      0.5035          0.0801            0.87         0.254    0.01267          0.6063
     0.15           3.977       1       1  0.0002361    0.2074       0.1836     0.2669           0.02947     0.02951                1       0.498         0.07927          0.8902        0.2432    0.01267          0.6181
      0.2           3.977       1       1  0.0002361    0.2093       0.2303     0.3163           0.07906      0.0791            1.002      0.4935         0.07839          0.9117        0.2325    0.01267          0.6545
      0.3           3.981       1       1  0.0002358    0.2129       0.3354     0.4208             0.184       0.184            1.006       0.479          0.0761          0.9597        0.2097    0.01267          0.8471
      0.4           3.982       1       1  0.0002358    0.2155       0.4472     0.5212            0.2846      0.2847             1.01       0.467         0.07398           1.012        0.1907     0.0125          0.9335
      0.6           3.986       1       1  0.0002356    0.2214       0.6317     0.7047            0.4688      0.4688            1.017       0.447         0.07083           1.111        0.1563    0.01233            1.19
      0.8           3.992       1       1  0.0001176    0.2267       0.8584     0.9032            0.6678      0.6678            1.023      0.4287         0.06769           1.229        0.1183   0.007167            1.57
        1           3.995       1       1  0.0001175    0.2317        1.034      1.069             0.834       0.834             1.03      0.4102         0.06311           1.327       0.09617   0.007167           2.102
     1.25               4       1       1  0.0001174    0.2382        1.286      1.297             1.063       1.063            1.038      0.3893         0.05953           1.485        0.0695   0.007167           3.088
      1.5           4.008       1       1  0.0001171    0.2451        1.542      1.527             1.294       1.294            1.049      0.3608         0.05468           1.664       0.04983   0.007167           4.543
        2           4.017       1       1  0.0001169    0.2581        2.009      1.967             1.735       1.735            1.069      0.3065         0.04551           2.093       0.03317   0.007167           7.713
      2.5           4.024       1       1  0.0001167    0.2701        2.495      2.402             2.171       2.171            1.088      0.2573         0.03703           2.594       0.02083   0.007167           14.33
        3           4.034       1       1  0.0001164     0.283        2.974      2.868             2.638       2.638            1.106      0.2112         0.02544           3.276       0.01467   0.007167           31.78

=== 1d P0|B|10
 edge_pct  trades_per_30d  mean_N  mean_L  liq_share  tp_share  drift_H_pct  gross_pct  net_notional_pct  eq_ret_pct  30d_median_mult  30d_p_loss  30d_mdd_median  1y_median_mult  1y_p_below50  1y_p_ruin  IS_median_mult
        0           4.138       1       1          0    0.1982     0.003099     0.1049           -0.1214     -0.1214           0.9884      0.5365         0.09238           0.837         0.227          0          0.5231
    0.025           4.138       1       1          0     0.199      0.02955     0.1312          -0.09507    -0.09507           0.9897      0.5323         0.09193          0.8474        0.2195          0          0.5285
     0.05           4.138       1       1          0    0.2003      0.06553     0.1645          -0.06173    -0.06173           0.9911      0.5275         0.09117          0.8635        0.2107          0           0.556
    0.075           4.138       1       1          0    0.2013      0.09879     0.1937          -0.03247    -0.03247           0.9921      0.5233         0.09081          0.8741        0.2032          0           0.556
      0.1           4.137       1       1          0    0.2025       0.1341     0.2254        -0.0007361  -0.0007361           0.9931        0.52         0.09044          0.8916        0.1953          0           0.556
     0.15           4.136       1       1          0    0.2035        0.181     0.2739           0.04787     0.04787           0.9947      0.5137         0.08942          0.9139        0.1833          0          0.6311
      0.2           4.136       1       1          0    0.2052       0.2242     0.3211           0.09518     0.09518           0.9967      0.5082         0.08844          0.9391        0.1743          0          0.7349
      0.3           4.138       1       1          0    0.2087       0.3317     0.4206            0.1949      0.1949            1.002      0.4937         0.08675          0.9826        0.1522          0          0.8705
      0.4           4.137       1       1          0    0.2112       0.4429     0.5178            0.2921      0.2921            1.006      0.4805         0.08471           1.033        0.1303          0           0.951
      0.6           4.137       1       1          0     0.217       0.6314     0.6997            0.4743      0.4743            1.013      0.4582          0.0821           1.131       0.09533          0           1.286
      0.8           4.135       1       1          0    0.2225       0.8634     0.8671            0.6419      0.6419            1.019      0.4413         0.07985           1.235       0.07017          0           1.677
        1           4.136       1       1          0    0.2272        1.029      1.021            0.7958      0.7958            1.025      0.4235         0.07739           1.325       0.05183          0           2.134
     1.25           4.135       1       1          0    0.2332        1.272      1.218            0.9931      0.9931            1.031      0.4013         0.07456           1.463         0.038          0           3.104
      1.5           4.134       1       1          0    0.2402         1.54      1.442             1.217       1.217            1.043      0.3713         0.06999           1.642        0.0255          0           3.942
        2           4.133       1       1          0    0.2531        2.012      1.845             1.622       1.622             1.06      0.3212          0.0612           2.016      0.008333          0           7.874
      2.5           4.129       1       1          0    0.2646        2.492       2.24             2.016       2.016            1.078      0.2735         0.05223           2.467      0.002833          0           12.24
        3           4.129       1       1          0     0.277        2.965      2.677             2.454       2.454            1.097      0.2302         0.03923           3.071      0.001167          0           24.66

=== 1d P1|B|10
 edge_pct  trades_per_30d  mean_N  mean_L  liq_share  tp_share  drift_H_pct  gross_pct  net_notional_pct  eq_ret_pct  30d_median_mult  30d_p_loss  30d_mdd_median  1y_median_mult  1y_p_below50  1y_p_ruin  IS_median_mult
        0           5.277    1.25       5   0.001156    0.7548       0.0134    0.09477          -0.04809    -0.06012            1.007      0.4772         0.07562          0.9025        0.1442          0          0.7049
    0.025           5.279    1.25       5   0.001156    0.7559      0.03903     0.1038          -0.03902    -0.04877            1.008      0.4753         0.07494          0.9094        0.1402          0          0.7149
     0.05           5.282    1.25       5   0.001155     0.757       0.0736     0.1138          -0.02883    -0.03604            1.009       0.472         0.07406           0.917        0.1357          0          0.7149
    0.075           5.282    1.25       5   0.001156    0.7582       0.1028     0.1249          -0.01763    -0.02204             1.01      0.4683         0.07348          0.9277        0.1303          0          0.7473
      0.1           5.283    1.25       5   0.001155    0.7591       0.1351     0.1323          -0.01007    -0.01259            1.011      0.4667         0.07307          0.9326        0.1265          0           0.749
     0.15           5.284    1.25       5   0.001155    0.7605       0.1751     0.1416        -0.0007162  -0.0008953            1.012      0.4648         0.07262          0.9371        0.1228          0          0.8018
      0.2           5.287    1.25       5   0.001154    0.7627       0.2192     0.1595           0.01744      0.0218            1.013      0.4602          0.0722          0.9495        0.1177          0          0.8246
      0.3           5.293    1.25       5   0.001153    0.7665       0.3058     0.1904           0.04881     0.06102            1.016      0.4527         0.07104          0.9752        0.1095          0          0.9111
      0.4           5.293    1.25       5   0.001153    0.7699       0.4148     0.2183           0.07697     0.09621            1.019      0.4457         0.06877           1.001       0.09933          0          0.9441
      0.6           5.302    1.25       5   0.001151    0.7766       0.6067     0.2759            0.1352       0.169            1.023      0.4303         0.06452           1.051       0.07983          0           1.108
      0.8           5.308    1.25       5   0.001061    0.7836       0.8111     0.3349            0.1948      0.2435            1.026      0.4158         0.06152           1.103       0.06083          0            1.33
        1           5.323    1.25       5   0.001058    0.7924       0.9897     0.4053            0.2662      0.3327            1.032      0.3988         0.05762           1.174        0.0495          0           1.573
     1.25           5.336    1.25       5   0.001056    0.8029        1.252     0.4858            0.3477      0.4346            1.041      0.3795         0.05298           1.255       0.03433          0           1.912
      1.5           5.348    1.25       5  0.0009657     0.812        1.509     0.5662             0.429      0.5363            1.047      0.3575         0.04655           1.345       0.02383          0           2.376
        2           5.376    1.25       5  0.0008734    0.8292        1.987     0.7082            0.5729      0.7161            1.056      0.3202         0.03055           1.516       0.01267          0           3.445
      2.5           5.404    1.25       5  0.0007819    0.8457        2.469      0.838            0.7044      0.8805            1.071      0.2882         0.01367            1.71        0.0065          0           4.544
        3           5.428    1.25       5  0.0007784    0.8641        2.947     0.9818            0.8501       1.063            1.073      0.2497               0           1.946      0.003167          0           6.948

=== 1d P2|B|10
 edge_pct  trades_per_30d  mean_N  mean_L  liq_share  tp_share  drift_H_pct  gross_pct  net_notional_pct  eq_ret_pct  30d_median_mult  30d_p_loss  30d_mdd_median  1y_median_mult  1y_p_below50  1y_p_ruin  IS_median_mult
        0           5.766     2.5      10    0.03363      0.87      0.03793    0.06821          -0.06402     -0.1601            1.044      0.4425         0.04797           0.759        0.3885   0.004167           0.444
    0.025           5.768     2.5      10    0.03337    0.8707       0.0668    0.07462          -0.05746     -0.1436            1.044      0.4405         0.04689          0.7704        0.3793   0.004167          0.4663
     0.05           5.769     2.5      10     0.0332    0.8713       0.1037    0.07934          -0.05258     -0.1314            1.045      0.4385         0.04532          0.7772        0.3737   0.003833          0.4413
    0.075           5.769     2.5      10    0.03296    0.8721        0.135     0.0848          -0.04695     -0.1174            1.045      0.4362         0.04365          0.7834         0.367   0.003833          0.4697
      0.1           5.769     2.5      10    0.03279    0.8726       0.1654    0.08804          -0.04359      -0.109            1.045      0.4348         0.04106          0.7889        0.3638   0.003833          0.4843
     0.15           5.772     2.5      10    0.03262    0.8734       0.2058    0.09248          -0.03897    -0.09742            1.045      0.4337         0.04053          0.7973        0.3605   0.003833          0.5032
      0.2           5.773     2.5      10    0.03237    0.8744       0.2514     0.1004          -0.03085    -0.07711            1.046      0.4307           0.039          0.8083        0.3517   0.003833          0.5112
      0.3           5.777     2.5      10    0.03194    0.8762       0.3419     0.1125          -0.01828    -0.04571            1.046       0.427          0.0316          0.8322        0.3433   0.003167          0.6015
      0.4           5.781     2.5      10    0.03176    0.8784       0.4595     0.1278         -0.002667   -0.006668            1.046      0.4195         0.02715          0.8604        0.3297      0.003          0.6296
      0.6           5.792     2.5      10    0.03064    0.8826       0.6438     0.1563            0.0267     0.06675            1.057      0.4085         0.01533          0.9074         0.301     0.0025          0.7203
      0.8           5.797     2.5      10    0.02932    0.8869       0.8492     0.1874           0.05878      0.1469            1.067      0.3952               0          0.9696        0.2653      0.002          0.9154
        1           5.806     2.5      10    0.02822    0.8916        1.019     0.2211           0.09339      0.2335            1.068      0.3815               0            1.03        0.2307   0.001833           1.122
     1.25           5.816     2.5      10    0.02696    0.8971         1.27     0.2586             0.132        0.33            1.069      0.3662               0           1.114        0.1937      0.001             1.6
      1.5           5.827     2.5      10    0.02554    0.9023        1.535     0.2979            0.1724       0.431             1.07        0.35               0           1.212        0.1577  0.0008333           1.936
        2           5.836     2.5      10    0.02285     0.912        2.003     0.3686            0.2453      0.6132            1.091       0.315               0           1.395        0.1027  0.0008333           2.818
      2.5           5.858     2.5      10     0.0214    0.9223        2.459     0.4346             0.313      0.7826            1.093      0.2863               0           1.587       0.06883  0.0003333           3.974
        3            5.87     2.5      10    0.01968    0.9322        2.934     0.5002            0.3804      0.9511            1.094      0.2515               0           1.812       0.04417          0           6.678

=== 1d P2|C|10
 edge_pct  trades_per_30d  mean_N  mean_L  liq_share  tp_share  drift_H_pct  gross_pct  net_notional_pct  eq_ret_pct  30d_median_mult  30d_p_loss  30d_mdd_median  1y_median_mult  1y_p_below50  1y_p_ruin  IS_median_mult
        0           5.922     2.5      10          0    0.8244      0.04691     0.0481          -0.06746     -0.1687                1      0.4985          0.1226           0.804        0.2503          0          0.4955
    0.025           5.922     2.5      10          0     0.825      0.07414    0.05199          -0.06354     -0.1589                1      0.4978          0.1226          0.8099        0.2445          0           0.543
     0.05           5.923     2.5      10          0    0.8257       0.1092    0.05573          -0.05974     -0.1494            1.001      0.4955          0.1226          0.8159        0.2395          0          0.5428
    0.075           5.924     2.5      10          0    0.8263       0.1397    0.05854          -0.05687     -0.1422            1.001      0.4942          0.1226          0.8171        0.2345          0          0.5432
      0.1           5.923     2.5      10          0    0.8267        0.169    0.06113          -0.05426     -0.1356            1.001      0.4927          0.1226          0.8217        0.2295          0          0.5465
     0.15           5.925     2.5      10          0    0.8273       0.2097     0.0634           -0.0519     -0.1298            1.001       0.492          0.1226          0.8286        0.2265          0          0.5559
      0.2           5.927     2.5      10          0    0.8281       0.2561    0.06792           -0.0473     -0.1182            1.001      0.4893          0.1225           0.841        0.2205          0           0.578
      0.3           5.929     2.5      10          0    0.8304       0.3491    0.07957          -0.03544    -0.08859            1.002      0.4833          0.1225          0.8566        0.2092          0          0.6245
      0.4           5.931     2.5      10          0    0.8326       0.4706     0.0915          -0.02331    -0.05826            1.002       0.475          0.1225          0.8751        0.1957          0          0.6686
      0.6           5.937     2.5      10          0     0.837       0.6543     0.1152         0.0007478    0.001869            1.003      0.4618          0.1225           0.912        0.1693          0          0.7744
      0.8            5.94     2.5      10          0    0.8412       0.8646     0.1368           0.02264     0.05659            1.004      0.4515          0.1225          0.9482        0.1478          0          0.7996
        1           5.946     2.5      10          0    0.8458        1.035     0.1618           0.04797      0.1199            1.015      0.4415          0.1224           1.002        0.1248          0          0.9965
     1.25            5.95     2.5      10          0    0.8509        1.284     0.1883           0.07484      0.1871            1.023      0.4288          0.1224           1.059        0.1067          0           1.213
      1.5           5.955     2.5      10          0    0.8561        1.552     0.2164            0.1034      0.2585            1.025      0.4142          0.1224           1.114        0.0865          0           1.521
        2           5.964     2.5      10          0    0.8653        2.021     0.2661            0.1539      0.3847            1.045      0.3872          0.1223           1.229        0.0585          0           2.052
      2.5           5.974     2.5      10          0    0.8757        2.478     0.3201            0.2087      0.5219            1.048      0.3578         0.03948           1.369       0.03483          0           2.681
        3           5.979     2.5      10          0    0.8849        2.939      0.368            0.2575      0.6436            1.068      0.3308               0           1.486        0.0225          0           2.803

=== 1d P3|A|10
 edge_pct  trades_per_30d  mean_N  mean_L  liq_share  tp_share  drift_H_pct  gross_pct  net_notional_pct  eq_ret_pct  30d_median_mult  30d_p_loss  30d_mdd_median  1y_median_mult  1y_p_below50  1y_p_ruin  IS_median_mult
        0           6.121       4      20    0.08453    0.9094      0.04975    0.06271          -0.07614     -0.3045             1.05      0.4187               0          0.7035         0.398   0.003667          0.2865
    0.025           6.121       4      20     0.0843    0.9097      0.07512    0.06401          -0.07473     -0.2989             1.05      0.4187               0          0.7107        0.3947   0.003667          0.2865
     0.05           6.121       4      20    0.08399      0.91        0.109    0.06555          -0.07303     -0.2921             1.05      0.4178               0          0.7142        0.3905     0.0035          0.2863
    0.075           6.121       4      20    0.08368    0.9104       0.1422    0.06722          -0.07119     -0.2848             1.05      0.4167               0          0.7197        0.3882   0.003333          0.2863
      0.1           6.121       4      20    0.08345    0.9106       0.1717    0.06837          -0.06991     -0.2796             1.05      0.4163               0          0.7231        0.3838   0.003333           0.287
     0.15           6.121       4      20    0.08337    0.9108        0.212    0.06892          -0.06931     -0.2772             1.05       0.416               0           0.724        0.3832   0.003333          0.2871
      0.2           6.122       4      20    0.08298    0.9113       0.2581    0.07098          -0.06701     -0.2681             1.05      0.4148               0          0.7283         0.378   0.003167          0.2921
      0.3           6.124       4      20    0.08195    0.9125       0.3524    0.07672          -0.06072     -0.2429             1.05       0.412               0          0.7448        0.3652      0.003          0.3129
      0.4           6.125       4      20    0.08117    0.9134       0.4695    0.08089          -0.05612     -0.2245             1.05      0.4075               0          0.7556        0.3527      0.003          0.3407
      0.6            6.13       4      20    0.07942    0.9154       0.6579     0.0904          -0.04568     -0.1827            1.051      0.3983               0          0.7798        0.3323      0.003          0.3795
      0.8           6.134       4      20    0.07792    0.9172       0.8682    0.09849          -0.03679     -0.1472            1.064       0.393               0          0.8056        0.3173   0.002167          0.4211
        1           6.135       4      20    0.07561    0.9196        1.035     0.1102          -0.02388    -0.09553            1.065      0.3858               0          0.8406        0.2893     0.0015          0.5288
     1.25           6.138       4      20    0.07374    0.9217        1.285     0.1202          -0.01294    -0.05174            1.066       0.377               0          0.8774        0.2658  0.0008333            0.56
      1.5           6.139       4      20    0.07143    0.9244         1.54     0.1333          0.001426    0.005703            1.066      0.3613               0          0.9171        0.2407     0.0005          0.6855
        2           6.144       4      20    0.06709    0.9295        2.006     0.1569           0.02732      0.1093            1.067      0.3365               0           0.993         0.193  0.0003333          0.8226
      2.5            6.15       4      20    0.06268    0.9347        2.471     0.1809           0.05366      0.2146            1.067      0.3132               0           1.096        0.1535  0.0001667           1.009
        3           6.151       4      20    0.05969    0.9383        2.929     0.1972           0.07162      0.2865            1.067      0.2992               0           1.156        0.1225          0           1.099

=== 1d P3|B|10
 edge_pct  trades_per_30d  mean_N  mean_L  liq_share  tp_share  drift_H_pct  gross_pct  net_notional_pct  eq_ret_pct  30d_median_mult  30d_p_loss  30d_mdd_median  1y_median_mult  1y_p_below50  1y_p_ruin  IS_median_mult
        0           6.122       4      20    0.08122    0.9093      0.04822    0.06431          -0.07309     -0.2924             1.05       0.419               0          0.7144        0.3878   0.003667          0.2992
    0.025           6.122       4      20    0.08099    0.9097      0.07359    0.06561          -0.07168     -0.2867             1.05       0.419               0          0.7212        0.3847   0.003667          0.2889
     0.05           6.122       4      20    0.08068      0.91       0.1075    0.06714          -0.06999       -0.28             1.05      0.4182               0           0.724        0.3805     0.0035          0.2718
    0.075           6.122       4      20    0.08037    0.9103       0.1407    0.06882          -0.06814     -0.2726             1.05       0.417               0          0.7274        0.3783   0.003333          0.2718
      0.1           6.122       4      20    0.08014    0.9106       0.1702    0.06997          -0.06687     -0.2675             1.05      0.4167               0          0.7315        0.3735   0.003333          0.2851
     0.15           6.122       4      20    0.08006    0.9107       0.2105    0.07051          -0.06626     -0.2651             1.05      0.4163               0          0.7333        0.3727   0.003333          0.2853
      0.2           6.123       4      20    0.07967    0.9112       0.2566    0.07257          -0.06397     -0.2559             1.05      0.4152               0          0.7363        0.3677   0.003167          0.3102
      0.3           6.125       4      20    0.07872    0.9125       0.3508    0.07826          -0.05777     -0.2311             1.05      0.4123               0           0.753        0.3552   0.002833          0.3185
      0.4           6.126       4      20    0.07802    0.9133       0.4679    0.08236          -0.05327     -0.2131             1.05      0.4078               0          0.7638        0.3437   0.002833          0.3471
      0.6           6.131       4      20    0.07635    0.9154       0.6562    0.09184          -0.04289     -0.1716            1.051      0.3987               0          0.7868        0.3243   0.002667          0.3578
      0.8           6.135       4      20    0.07515    0.9171       0.8666    0.09977           -0.0343     -0.1372            1.064      0.3933               0          0.8116        0.3102   0.002167          0.4161
        1           6.136       4      20      0.073    0.9195        1.034     0.1114           -0.0215    -0.08602            1.065       0.386               0          0.8488        0.2827     0.0015          0.5313
     1.25           6.138       4      20    0.07136    0.9216        1.283      0.121          -0.01101    -0.04404            1.066      0.3772               0          0.8823        0.2615  0.0008333          0.5496
      1.5            6.14       4      20    0.06912    0.9244        1.538     0.1342          0.003339     0.01335            1.066      0.3612               0          0.9248        0.2347     0.0005          0.6749
        2           6.145       4      20     0.0651    0.9294        2.005     0.1575           0.02879      0.1152            1.067      0.3365               0          0.9996        0.1892  0.0003333          0.8355
      2.5           6.151       4      20    0.06106    0.9347        2.469     0.1817           0.05521      0.2208            1.067      0.3132               0           1.103        0.1485  0.0001667           1.009
        3           6.152       4      20    0.05815    0.9383        2.927     0.1982           0.07322      0.2929            1.067       0.299               0            1.16        0.1178          0           1.099

=== 1d P3|C|10
 edge_pct  trades_per_30d  mean_N  mean_L  liq_share  tp_share  drift_H_pct  gross_pct  net_notional_pct  eq_ret_pct  30d_median_mult  30d_p_loss  30d_mdd_median  1y_median_mult  1y_p_below50  1y_p_ruin  IS_median_mult
        0           6.209       4      20          0     0.838      0.04428    0.05507          -0.04807     -0.1923           0.9957      0.5372         0.09571          0.8218        0.1537          0          0.5129
    0.025           6.209       4      20          0    0.8382      0.06917    0.05569          -0.04743     -0.1897           0.9958      0.5355         0.09571          0.8234        0.1522          0          0.5129
     0.05           6.209       4      20          0    0.8386       0.1026    0.05673          -0.04637     -0.1855           0.9959      0.5342         0.09571          0.8257        0.1503          0          0.5202
    0.075           6.209       4      20          0    0.8392       0.1353    0.05839          -0.04467     -0.1787            0.996      0.5323         0.09571          0.8315        0.1487          0          0.5217
      0.1           6.209       4      20          0    0.8395       0.1644    0.05922          -0.04383     -0.1753            0.996      0.5308         0.09571          0.8337         0.148          0          0.5217
     0.15           6.209       4      20          0    0.8396        0.204    0.05964          -0.04339     -0.1736            0.996      0.5305         0.09571          0.8338        0.1465          0          0.5378
      0.2           6.209       4      20          0    0.8404       0.2506    0.06158           -0.0414     -0.1656           0.9961       0.529         0.09571          0.8391        0.1423          0          0.5457
      0.3            6.21       4      20          0    0.8419       0.3457    0.06567           -0.0372     -0.1488           0.9962      0.5263          0.0957          0.8513        0.1375          0          0.5646
      0.4            6.21       4      20          0    0.8434       0.4621    0.06962          -0.03316     -0.1326           0.9964      0.5213         0.09569          0.8635        0.1312          0          0.5919
      0.6           6.211       4      20          0     0.845       0.6511    0.07408          -0.02858     -0.1143           0.9965      0.5167         0.09568          0.8732        0.1198          0          0.6081
      0.8           6.214       4      20          0    0.8468       0.8614    0.07923          -0.02331    -0.09322           0.9966      0.5128         0.09567          0.8905        0.1093          0          0.6752
        1           6.213       4      20          0    0.8497        1.029    0.08709          -0.01527    -0.06109           0.9968      0.5068         0.09567           0.908       0.09917          0          0.7637
     1.25           6.213       4      20          0    0.8515        1.278    0.09205          -0.01021    -0.04084           0.9969      0.5033         0.09567          0.9211         0.093          0          0.7977
      1.5           6.212       4      20          0    0.8546        1.534     0.1005         -0.001568   -0.006272            1.011      0.4923         0.09567          0.9462       0.08083          0          0.8125
        2           6.212       4      20          0      0.86        2.004     0.1155           0.01372     0.05489            1.012      0.4708         0.09565          0.9962         0.062          0          0.9849
      2.5           6.215       4      20          0    0.8652        2.477     0.1298           0.02835      0.1134            1.016      0.4548         0.09564           1.041       0.04567          0           1.071
        3           6.213       4      20          0    0.8695        2.937     0.1415           0.04035      0.1614            1.028      0.4408         0.09563           1.082       0.03867          0           1.145

=== 1d P3|B|30
 edge_pct  trades_per_30d  mean_N  mean_L  liq_share  tp_share  drift_H_pct  gross_pct  net_notional_pct  eq_ret_pct  30d_median_mult  30d_p_loss  30d_mdd_median  1y_median_mult  1y_p_below50  1y_p_ruin  IS_median_mult
        0           5.768       4      20     0.2253    0.7403      0.06776    0.03754           -0.1852     -0.7408           0.9378      0.5962          0.2044          0.3814        0.7628     0.1287         0.04625
    0.025           5.769       4      20     0.2243    0.7413      0.09354    0.04376           -0.1785      -0.714           0.9381      0.5938          0.2043           0.391        0.7568     0.1232         0.04689
     0.05           5.771       4      20     0.2234    0.7423       0.1283    0.04948           -0.1723     -0.6892           0.9384      0.5913          0.2042          0.3998        0.7517     0.1187         0.05285
    0.075           5.771       4      20     0.2228     0.743       0.1571    0.05349            -0.168      -0.672           0.9386      0.5902          0.2042          0.4044        0.7485     0.1165         0.06086
      0.1           5.771       4      20     0.2222    0.7437       0.1876    0.05738           -0.1638     -0.6551           0.9388      0.5885          0.2042          0.4088        0.7453     0.1138         0.05503
     0.15           5.773       4      20     0.2215    0.7447       0.2292    0.06251           -0.1583     -0.6331           0.9391      0.5872          0.2042          0.4161        0.7412     0.1097         0.05593
      0.2           5.774       4      20     0.2207    0.7458       0.2775    0.06845           -0.1519     -0.6075           0.9399       0.584          0.2041          0.4253        0.7357      0.107         0.06403
      0.3           5.777       4      20      0.218    0.7494       0.3675    0.08735           -0.1315     -0.5261           0.9614      0.5768          0.2041          0.4532        0.7158    0.09783          0.0686
      0.4           5.778       4      20     0.2156     0.752       0.4849     0.1026            -0.115     -0.4602           0.9781      0.5727           0.204          0.4728        0.6995      0.088         0.08816
      0.6           5.782       4      20     0.2114    0.7573       0.6771     0.1319          -0.08357     -0.3343           0.9857      0.5592          0.2039          0.5178        0.6662    0.07183          0.1356
      0.8           5.787       4      20     0.2076    0.7626       0.8896       0.16          -0.05344     -0.2138           0.9876      0.5487          0.2039          0.5744        0.6317      0.058          0.1793
        1           5.794       4      20      0.202    0.7693        1.057     0.1978          -0.01275      -0.051           0.9888      0.5362          0.2038          0.6428        0.5873      0.045          0.2724
     1.25           5.799       4      20     0.1967    0.7764        1.306     0.2354           0.02758      0.1103           0.9902      0.5215          0.2037           0.728        0.5415      0.035          0.4553
      1.5           5.803       4      20     0.1909    0.7833        1.569     0.2749           0.07007      0.2803           0.9915       0.507          0.2036          0.8327         0.491     0.0245          0.6795
        2           5.814       4      20     0.1802    0.7967        2.037      0.349            0.1499      0.5996            1.042      0.4722          0.2035           1.058        0.3997     0.0145           1.371
      2.5           5.826       4      20       0.17    0.8102        2.492     0.4237              0.23        0.92            1.046      0.4358          0.2034           1.359        0.3083   0.006667           2.266
        3           5.837       4      20     0.1593    0.8229        2.953     0.4954            0.3073       1.229            1.062      0.4067          0.2032           1.717        0.2337   0.002167           4.051

=== 1d P3|B|100
 edge_pct  trades_per_30d  mean_N  mean_L  liq_share  tp_share  drift_H_pct  gross_pct  net_notional_pct  eq_ret_pct  30d_median_mult  30d_p_loss  30d_mdd_median  1y_median_mult  1y_p_below50  1y_p_ruin  IS_median_mult
        0           4.958       4      20     0.4337    0.3856      0.04477   -0.01219           -0.3733      -1.493           0.8599      0.6498          0.3647          0.1481        0.9153     0.4887        0.005683
    0.025           4.958       4      20     0.4324     0.387      0.07133   0.002735           -0.3577      -1.431           0.8604       0.647          0.3629          0.1547        0.9113      0.479        0.005926
     0.05           4.957       4      20     0.4306    0.3887       0.1091    0.01926           -0.3404      -1.361           0.8616      0.6435          0.3508          0.1588        0.9083     0.4688        0.005987
    0.075           4.958       4      20     0.4289    0.3902       0.1431    0.03717           -0.3216      -1.287           0.8642      0.6383          0.3487           0.166        0.9015     0.4558        0.006474
      0.1           4.958       4      20     0.4278    0.3914       0.1754    0.04814           -0.3102      -1.241           0.8676      0.6353          0.3462          0.1714        0.8987     0.4468        0.007656
     0.15           4.958       4      20     0.4261    0.3929       0.2159    0.06867           -0.2888      -1.155           0.8714      0.6313           0.343          0.1799         0.891     0.4322        0.008836
      0.2           4.959       4      20     0.4249    0.3941       0.2623    0.08173           -0.2752      -1.101           0.8735      0.6288          0.3362          0.1861        0.8865      0.425        0.009196
      0.3           4.959       4      20     0.4204    0.3988       0.3671     0.1327            -0.222     -0.8879           0.8863      0.6202          0.3176          0.2149        0.8717     0.3938          0.0177
      0.4           4.957       4      20     0.4155    0.4031       0.4917      0.183           -0.1694     -0.6777           0.9004      0.6078          0.3026          0.2474        0.8552     0.3615         0.02086
      0.6           4.955       4      20     0.4075    0.4113       0.6849      0.271          -0.07764     -0.3106           0.9045      0.5913          0.2837          0.3057        0.8202     0.3095         0.03865
      0.8           4.954       4      20     0.4004    0.4188       0.8924     0.3493          0.004091     0.01637           0.9094      0.5767          0.2739          0.3722        0.7848     0.2608         0.06296
        1           4.953       4      20     0.3918    0.4272        1.062     0.4381           0.09689      0.3876           0.9434      0.5575          0.2552          0.4681        0.7463     0.2102          0.1275
     1.25           4.949       4      20     0.3819    0.4373         1.33     0.5466            0.2102      0.8406           0.9529      0.5335          0.2452           0.604        0.6903     0.1688           0.216
      1.5           4.946       4      20     0.3705    0.4484        1.597     0.6656            0.3345       1.338            0.986       0.509          0.2433          0.8311        0.6192     0.1233          0.5616
        2           4.944       4      20     0.3507    0.4674        2.056     0.8842            0.5625        2.25             1.06      0.4578          0.2226           1.457        0.5047    0.06533           2.871
      2.5           4.942       4      20     0.3305    0.4867        2.534        1.1            0.7874        3.15            1.088      0.4155          0.2065           2.557        0.3888      0.031           15.36
        3           4.942       4      20     0.3102    0.5062        2.984      1.312             1.009       4.037            1.136      0.3787          0.2056           4.361        0.2898    0.01483           84.57

=== 1d P4|A|10
 edge_pct  trades_per_30d  mean_N  mean_L  liq_share  tp_share  drift_H_pct  gross_pct  net_notional_pct  eq_ret_pct  30d_median_mult  30d_p_loss  30d_mdd_median  1y_median_mult  1y_p_below50  1y_p_ruin  IS_median_mult
        0           6.243      20      50    0.09753    0.9025      0.04072    0.03425           -0.1038      -2.077            1.067        0.45               0          0.0941         0.943     0.5782       0.0008209
    0.025           6.243      20      50    0.09731    0.9027      0.06547    0.03464           -0.1033      -2.067            1.067      0.4492               0         0.09529        0.9428     0.5743       0.0008831
     0.05           6.243      20      50    0.09701     0.903      0.09871    0.03515           -0.1027      -2.054            1.067      0.4487               0         0.09585        0.9415      0.571       0.0008831
    0.075           6.243      20      50    0.09701     0.903       0.1313    0.03515           -0.1027      -2.054            1.067       0.449               0         0.09615        0.9417     0.5705       0.0008209
      0.1           6.243      20      50    0.09663    0.9034       0.1602    0.03578           -0.1019      -2.037            1.067      0.4477               0         0.09775        0.9415     0.5667       0.0008209
     0.15           6.243      20      50    0.09671    0.9033       0.1996    0.03566            -0.102      -2.041            1.067      0.4478               0         0.09772        0.9423     0.5683       0.0008814
      0.2           6.243      20      50    0.09618    0.9038       0.2459    0.03655           -0.1009      -2.018            1.067      0.4443               0         0.09879        0.9402     0.5648       0.0008905
      0.3           6.244      20      50    0.09557    0.9044       0.3408    0.03759          -0.09955      -1.991            1.067      0.4428               0           0.102        0.9375     0.5577        0.001082
      0.4           6.244      20      50    0.09497     0.905        0.457    0.03861          -0.09823      -1.965            1.067      0.4407               0          0.1034        0.9363     0.5503        0.001107
      0.6           6.244      20      50    0.09407    0.9059       0.6446    0.04014          -0.09625      -1.925            1.067       0.436               0          0.1056        0.9342     0.5427       0.0009686
      0.8           6.244      20      50    0.09368    0.9063       0.8534    0.04079          -0.09542      -1.908            1.067       0.436               0          0.1065        0.9333     0.5385        0.001115
        1           6.245      20      50    0.09262    0.9074        1.018     0.0426          -0.09309      -1.862            1.067       0.433               0           0.108        0.9285      0.529        0.001353
     1.25           6.245      20      50    0.09225    0.9078        1.267    0.04323          -0.09226      -1.845            1.067       0.433               0          0.1113        0.9272     0.5263        0.002042
      1.5           6.245      20      50    0.09127    0.9087        1.523     0.0449          -0.09012      -1.802            1.067      0.4245               0          0.1131         0.923     0.5192        0.002232
        2           6.245      20      50    0.08894    0.9111        1.994    0.04885          -0.08503      -1.701            1.067      0.4122               0          0.1258        0.9158      0.493        0.003714
      2.5           6.245      20      50    0.08623    0.9138        2.467    0.05346          -0.07912      -1.582            1.088      0.3982               0          0.1477        0.8985     0.4633        0.003787
        3           6.245      20      50    0.08458    0.9154         2.93    0.05627          -0.07551       -1.51            1.089      0.3935               0          0.1546        0.8932     0.4488        0.004327

=== 1d P4|B|10
 edge_pct  trades_per_30d  mean_N  mean_L  liq_share  tp_share  drift_H_pct  gross_pct  net_notional_pct  eq_ret_pct  30d_median_mult  30d_p_loss  30d_mdd_median  1y_median_mult  1y_p_below50  1y_p_ruin  IS_median_mult
        0           6.243      20      50    0.09753    0.9025      0.04072    0.03425           -0.1038      -2.077            1.067        0.45               0          0.0941         0.943     0.5782       0.0008209
    0.025           6.243      20      50    0.09731    0.9027      0.06547    0.03464           -0.1033      -2.067            1.067      0.4492               0         0.09529        0.9428     0.5743       0.0008831
     0.05           6.243      20      50    0.09701     0.903      0.09871    0.03515           -0.1027      -2.054            1.067      0.4487               0         0.09585        0.9415      0.571       0.0008831
    0.075           6.243      20      50    0.09701     0.903       0.1313    0.03515           -0.1027      -2.054            1.067       0.449               0         0.09615        0.9417     0.5705       0.0008209
      0.1           6.243      20      50    0.09663    0.9034       0.1602    0.03578           -0.1019      -2.037            1.067      0.4477               0         0.09775        0.9415     0.5667       0.0008209
     0.15           6.243      20      50    0.09671    0.9033       0.1996    0.03566            -0.102      -2.041            1.067      0.4478               0         0.09772        0.9423     0.5683       0.0008814
      0.2           6.243      20      50    0.09618    0.9038       0.2459    0.03655           -0.1009      -2.018            1.067      0.4443               0         0.09879        0.9402     0.5648       0.0008905
      0.3           6.244      20      50    0.09557    0.9044       0.3408    0.03759          -0.09955      -1.991            1.067      0.4428               0           0.102        0.9375     0.5577        0.001082
      0.4           6.244      20      50    0.09497     0.905        0.457    0.03861          -0.09823      -1.965            1.067      0.4407               0          0.1034        0.9363     0.5503        0.001107
      0.6           6.244      20      50    0.09407    0.9059       0.6446    0.04014          -0.09625      -1.925            1.067       0.436               0          0.1056        0.9342     0.5427       0.0009686
      0.8           6.244      20      50    0.09368    0.9063       0.8534    0.04079          -0.09542      -1.908            1.067       0.436               0          0.1065        0.9333     0.5385        0.001115
        1           6.245      20      50    0.09262    0.9074        1.018     0.0426          -0.09309      -1.862            1.067       0.433               0           0.108        0.9285      0.529        0.001353
     1.25           6.245      20      50    0.09225    0.9078        1.267    0.04323          -0.09226      -1.845            1.067       0.433               0          0.1113        0.9272     0.5263        0.002042
      1.5           6.245      20      50    0.09127    0.9087        1.523     0.0449          -0.09012      -1.802            1.067      0.4245               0          0.1131         0.923     0.5192        0.002232
        2           6.245      20      50    0.08894    0.9111        1.994    0.04885          -0.08503      -1.701            1.067      0.4122               0          0.1258        0.9158      0.493        0.003714
      2.5           6.245      20      50    0.08623    0.9138        2.467    0.05346          -0.07912      -1.582            1.088      0.3982               0          0.1477        0.8985     0.4633        0.003787
        3           6.245      20      50    0.08458    0.9154         2.93    0.05627          -0.07551       -1.51            1.089      0.3935               0          0.1546        0.8932     0.4488        0.004327

=== 1d P4|C|10
 edge_pct  trades_per_30d  mean_N  mean_L  liq_share  tp_share  drift_H_pct  gross_pct  net_notional_pct  eq_ret_pct  30d_median_mult  30d_p_loss  30d_mdd_median  1y_median_mult  1y_p_below50  1y_p_ruin  IS_median_mult
        0           6.246      20      50          0     0.815      0.03972    0.02431          -0.07569      -1.514            0.916      0.6697          0.1781          0.2512        0.8848       0.14         0.01827
    0.025           6.246      20      50          0    0.8151      0.06446    0.02438          -0.07562      -1.512            0.916      0.6703          0.1781          0.2509        0.8857     0.1392         0.01827
     0.05           6.246      20      50          0    0.8154      0.09768    0.02467          -0.07532      -1.506            0.916        0.67          0.1781          0.2523        0.8832     0.1387         0.01827
    0.075           6.246      20      50          0    0.8152       0.1302    0.02452          -0.07547      -1.509            0.916      0.6703          0.1781          0.2516        0.8843     0.1392         0.01878
      0.1           6.246      20      50          0    0.8155       0.1591    0.02473          -0.07524      -1.505            0.916       0.669          0.1781          0.2523        0.8825     0.1385         0.02024
     0.15           6.246      20      50          0    0.8155       0.1985    0.02473          -0.07524      -1.505            0.916      0.6683          0.1781          0.2541        0.8828     0.1378         0.01919
      0.2           6.246      20      50          0    0.8155       0.2448     0.0248          -0.07517      -1.503            0.916       0.669          0.1781          0.2553        0.8822     0.1398         0.02169
      0.3           6.246      20      50          0    0.8158       0.3397    0.02509          -0.07486      -1.497            0.916       0.669          0.1781          0.2552        0.8837     0.1382          0.0192
      0.4           6.246      20      50          0    0.8166       0.4559     0.0258          -0.07411      -1.482            0.916      0.6685          0.1781          0.2565          0.88     0.1332         0.01976
      0.6           6.246      20      50          0    0.8173       0.6434    0.02652          -0.07336      -1.467           0.9161      0.6687          0.1781          0.2614        0.8748     0.1307         0.01767
      0.8           6.246      20      50          0    0.8176       0.8523     0.0268          -0.07305      -1.461           0.9161      0.6688          0.1781          0.2627         0.873     0.1268         0.01712
        1           6.246      20      50          0    0.8185        1.018    0.02759          -0.07221      -1.444           0.9161      0.6657          0.1781          0.2632        0.8658     0.1242         0.01685
     1.25           6.246      20      50          0    0.8186        1.268    0.02773          -0.07206      -1.441           0.9161      0.6658          0.1781          0.2628        0.8667      0.122         0.01999
      1.5           6.246      20      50          0     0.819        1.524    0.02809          -0.07168      -1.434           0.9161      0.6627          0.1781          0.2674        0.8667     0.1218         0.02486
        2           6.246      20      50          0      0.82        1.994    0.02902          -0.07069      -1.414           0.9162      0.6617          0.1781          0.2722        0.8648     0.1187         0.02086
      2.5           6.246      20      50          0    0.8222        2.468    0.03116          -0.06843      -1.369           0.9162      0.6545          0.1781          0.2809        0.8528     0.1108         0.02628
        3           6.246      20      50          0    0.8219        2.931    0.03087          -0.06873      -1.375           0.9162      0.6587          0.1781            0.28        0.8548     0.1092         0.02496

=== 1d P4|B|100
 edge_pct  trades_per_30d  mean_N  mean_L  liq_share  tp_share  drift_H_pct  gross_pct  net_notional_pct  eq_ret_pct  30d_median_mult  30d_p_loss  30d_mdd_median  1y_median_mult  1y_p_below50  1y_p_ruin  IS_median_mult
        0           6.067      20      50      0.574    0.4217      0.03228   -0.01655           -0.3953      -7.907           0.3772      0.8308          0.7511       3.374e-06             1      0.999       7.093e-17
    0.025           6.067      20      50     0.5731    0.4226      0.05636    -0.0133           -0.3916      -7.833           0.3774      0.8302          0.7421       3.571e-06             1      0.999       9.404e-17
     0.05           6.067      20      50     0.5722    0.4235      0.09056   -0.01006            -0.388      -7.759            0.378      0.8292          0.7337       3.741e-06             1      0.999       1.151e-16
    0.075           6.067      20      50     0.5713    0.4244       0.1225  -0.007079           -0.3846      -7.691           0.3787      0.8292          0.7325        4.02e-06             1     0.9987       1.187e-16
      0.1           6.067      20      50     0.5706    0.4251       0.1523  -0.004545           -0.3817      -7.634           0.3789      0.8275          0.7316       4.244e-06             1     0.9987       1.187e-16
     0.15           6.067      20      50     0.5701    0.4256       0.1927  -0.002804           -0.3797      -7.594           0.3793      0.8267          0.7313       4.337e-06             1     0.9988       1.196e-16
      0.2           6.067      20      50     0.5692    0.4264       0.2391  0.0002022           -0.3763      -7.526           0.3795       0.825           0.731        4.49e-06             1      0.999       1.869e-16
      0.3           6.067      20      50      0.566    0.4295       0.3353     0.0115           -0.3635      -7.269           0.3803       0.818          0.7283       5.455e-06             1     0.9987       2.844e-16
      0.4           6.066      20      50     0.5636    0.4319       0.4532     0.0197           -0.3541      -7.083           0.3805      0.8147          0.7278       5.981e-06        0.9998     0.9985       3.073e-16
      0.6           6.065      20      50     0.5596    0.4359       0.6422    0.03382           -0.3381      -6.763           0.3817      0.8103          0.7263       7.876e-06        0.9995     0.9983       6.326e-16
      0.8           6.063      20      50     0.5555      0.44       0.8497    0.04826           -0.3217      -6.435           0.3827       0.802          0.7257       1.066e-05        0.9995     0.9975       1.038e-15
        1           6.063      20      50     0.5492    0.4463        1.014    0.07027           -0.2967      -5.934           0.4197      0.7952           0.725       1.584e-05        0.9993     0.9967       5.128e-15
     1.25           6.063      20      50     0.5445    0.4509        1.268    0.08664           -0.2781      -5.562           0.4236      0.7885          0.7247       2.209e-05        0.9993     0.9953       4.677e-15
      1.5           6.063      20      50     0.5382    0.4573        1.525     0.1089           -0.2529      -5.057           0.4623      0.7783          0.7239         3.1e-05         0.999     0.9947       1.967e-14
        2           6.065      20      50     0.5256    0.4698        2.003      0.153           -0.2027      -4.055           0.4737      0.7578          0.7226       6.657e-05        0.9987     0.9912       2.252e-13
      2.5           6.062      20      50     0.5149    0.4803        2.483     0.1906             -0.16      -3.201           0.5204      0.7388          0.6659       0.0001381        0.9972     0.9863        1.14e-12
        3           6.062      20      50     0.5054    0.4901        2.954     0.2245           -0.1217      -2.433           0.5253      0.7263          0.6621       0.0002496         0.996     0.9792       1.628e-11

=== 1d P5|A|10
 edge_pct  trades_per_30d  mean_N  mean_L  liq_share  tp_share  drift_H_pct  gross_pct  net_notional_pct  eq_ret_pct  30d_median_mult  30d_p_loss  30d_mdd_median  1y_median_mult  1y_p_below50  1y_p_ruin  IS_median_mult
        0           6.121       4      20    0.08453    0.9094      0.04975    0.06271          -0.07614     -0.3045             1.05      0.4187               0          0.7035         0.398   0.003667          0.2865
    0.025           6.121       4      20     0.0843    0.9097      0.07512    0.06401          -0.07473     -0.2989             1.05      0.4187               0          0.7107        0.3947   0.003667          0.2865
     0.05           6.121       4      20    0.08399      0.91        0.109    0.06555          -0.07303     -0.2921             1.05      0.4178               0          0.7142        0.3905     0.0035          0.2863
    0.075           6.121       4      20    0.08368    0.9104       0.1422    0.06722          -0.07119     -0.2848             1.05      0.4167               0          0.7197        0.3882   0.003333          0.2863
      0.1           6.121       4      20    0.08345    0.9106       0.1717    0.06837          -0.06991     -0.2796             1.05      0.4163               0          0.7231        0.3838   0.003333           0.287
     0.15           6.121       4      20    0.08337    0.9108        0.212    0.06892          -0.06931     -0.2772             1.05       0.416               0           0.724        0.3832   0.003333          0.2871
      0.2           6.122       4      20    0.08298    0.9113       0.2581    0.07098          -0.06701     -0.2681             1.05      0.4148               0          0.7283         0.378   0.003167          0.2921
      0.3           6.124       4      20    0.08195    0.9125       0.3524    0.07672          -0.06072     -0.2429             1.05       0.412               0          0.7448        0.3652      0.003          0.3129
      0.4           6.125       4      20    0.08117    0.9134       0.4695    0.08089          -0.05612     -0.2245             1.05      0.4075               0          0.7556        0.3527      0.003          0.3407
      0.6            6.13       4      20    0.07942    0.9154       0.6579     0.0904          -0.04568     -0.1827            1.051      0.3983               0          0.7798        0.3323      0.003          0.3795
      0.8           6.134       4      20    0.07792    0.9172       0.8682    0.09849          -0.03679     -0.1472            1.064       0.393               0          0.8056        0.3173   0.002167          0.4211
        1           6.135       4      20    0.07561    0.9196        1.035     0.1102          -0.02388    -0.09553            1.065      0.3858               0          0.8406        0.2893     0.0015          0.5288
     1.25           6.138       4      20    0.07374    0.9217        1.285     0.1202          -0.01294    -0.05174            1.066       0.377               0          0.8774        0.2658  0.0008333            0.56
      1.5           6.139       4      20    0.07143    0.9244         1.54     0.1333          0.001426    0.005703            1.066      0.3613               0          0.9171        0.2407     0.0005          0.6855
        2           6.144       4      20    0.06709    0.9295        2.006     0.1569           0.02732      0.1093            1.067      0.3365               0           0.993         0.193  0.0003333          0.8226
      2.5            6.15       4      20    0.06268    0.9347        2.471     0.1809           0.05366      0.2146            1.067      0.3132               0           1.096        0.1535  0.0001667           1.009
        3           6.151       4      20    0.05969    0.9383        2.929     0.1972           0.07162      0.2865            1.067      0.2992               0           1.156        0.1225          0           1.099

=== 1d P5|B|10
 edge_pct  trades_per_30d  mean_N  mean_L  liq_share  tp_share  drift_H_pct  gross_pct  net_notional_pct  eq_ret_pct  30d_median_mult  30d_p_loss  30d_mdd_median  1y_median_mult  1y_p_below50  1y_p_ruin  IS_median_mult
        0           6.122       4      20    0.08122    0.9093      0.04822    0.06431          -0.07309     -0.2924             1.05       0.419               0          0.7144        0.3878   0.003667          0.2992
    0.025           6.122       4      20    0.08099    0.9097      0.07359    0.06561          -0.07168     -0.2867             1.05       0.419               0          0.7212        0.3847   0.003667          0.2889
     0.05           6.122       4      20    0.08068      0.91       0.1075    0.06714          -0.06999       -0.28             1.05      0.4182               0           0.724        0.3805     0.0035          0.2718
    0.075           6.122       4      20    0.08037    0.9103       0.1407    0.06882          -0.06814     -0.2726             1.05       0.417               0          0.7274        0.3783   0.003333          0.2718
      0.1           6.122       4      20    0.08014    0.9106       0.1702    0.06997          -0.06687     -0.2675             1.05      0.4167               0          0.7315        0.3735   0.003333          0.2851
     0.15           6.122       4      20    0.08006    0.9107       0.2105    0.07051          -0.06626     -0.2651             1.05      0.4163               0          0.7333        0.3727   0.003333          0.2853
      0.2           6.123       4      20    0.07967    0.9112       0.2566    0.07257          -0.06397     -0.2559             1.05      0.4152               0          0.7363        0.3677   0.003167          0.3102
      0.3           6.125       4      20    0.07872    0.9125       0.3508    0.07826          -0.05777     -0.2311             1.05      0.4123               0           0.753        0.3552   0.002833          0.3185
      0.4           6.126       4      20    0.07802    0.9133       0.4679    0.08236          -0.05327     -0.2131             1.05      0.4078               0          0.7638        0.3437   0.002833          0.3471
      0.6           6.131       4      20    0.07635    0.9154       0.6562    0.09184          -0.04289     -0.1716            1.051      0.3987               0          0.7868        0.3243   0.002667          0.3578
      0.8           6.135       4      20    0.07515    0.9171       0.8666    0.09977           -0.0343     -0.1372            1.064      0.3933               0          0.8116        0.3102   0.002167          0.4161
        1           6.136       4      20      0.073    0.9195        1.034     0.1114           -0.0215    -0.08602            1.065       0.386               0          0.8488        0.2827     0.0015          0.5313
     1.25           6.138       4      20    0.07136    0.9216        1.283      0.121          -0.01101    -0.04404            1.066      0.3772               0          0.8823        0.2615  0.0008333          0.5496
      1.5            6.14       4      20    0.06912    0.9244        1.538     0.1342          0.003339     0.01335            1.066      0.3612               0          0.9248        0.2347     0.0005          0.6749
        2           6.145       4      20     0.0651    0.9294        2.005     0.1575           0.02879      0.1152            1.067      0.3365               0          0.9996        0.1892  0.0003333          0.8355
      2.5           6.151       4      20    0.06106    0.9347        2.469     0.1817           0.05521      0.2208            1.067      0.3132               0           1.103        0.1485  0.0001667           1.009
        3           6.152       4      20    0.05815    0.9383        2.927     0.1982           0.07322      0.2929            1.067       0.299               0            1.16        0.1178          0           1.099

=== 1d P5|C|10
 edge_pct  trades_per_30d  mean_N  mean_L  liq_share  tp_share  drift_H_pct  gross_pct  net_notional_pct  eq_ret_pct  30d_median_mult  30d_p_loss  30d_mdd_median  1y_median_mult  1y_p_below50  1y_p_ruin  IS_median_mult
        0           6.209       4      20          0     0.838      0.04428    0.05507          -0.04807     -0.1923           0.9957      0.5372         0.09571          0.8218        0.1537          0          0.5129
    0.025           6.209       4      20          0    0.8382      0.06917    0.05569          -0.04743     -0.1897           0.9958      0.5355         0.09571          0.8234        0.1522          0          0.5129
     0.05           6.209       4      20          0    0.8386       0.1026    0.05673          -0.04637     -0.1855           0.9959      0.5342         0.09571          0.8257        0.1503          0          0.5202
    0.075           6.209       4      20          0    0.8392       0.1353    0.05839          -0.04467     -0.1787            0.996      0.5323         0.09571          0.8315        0.1487          0          0.5217
      0.1           6.209       4      20          0    0.8395       0.1644    0.05922          -0.04383     -0.1753            0.996      0.5308         0.09571          0.8337         0.148          0          0.5217
     0.15           6.209       4      20          0    0.8396        0.204    0.05964          -0.04339     -0.1736            0.996      0.5305         0.09571          0.8338        0.1465          0          0.5378
      0.2           6.209       4      20          0    0.8404       0.2506    0.06158           -0.0414     -0.1656           0.9961       0.529         0.09571          0.8391        0.1423          0          0.5457
      0.3            6.21       4      20          0    0.8419       0.3457    0.06567           -0.0372     -0.1488           0.9962      0.5263          0.0957          0.8513        0.1375          0          0.5646
      0.4            6.21       4      20          0    0.8434       0.4621    0.06962          -0.03316     -0.1326           0.9964      0.5213         0.09569          0.8635        0.1312          0          0.5919
      0.6           6.211       4      20          0     0.845       0.6511    0.07408          -0.02858     -0.1143           0.9965      0.5167         0.09568          0.8732        0.1198          0          0.6081
      0.8           6.214       4      20          0    0.8468       0.8614    0.07923          -0.02331    -0.09322           0.9966      0.5128         0.09567          0.8905        0.1093          0          0.6752
        1           6.213       4      20          0    0.8497        1.029    0.08709          -0.01527    -0.06109           0.9968      0.5068         0.09567           0.908       0.09917          0          0.7637
     1.25           6.213       4      20          0    0.8515        1.278    0.09205          -0.01021    -0.04084           0.9969      0.5033         0.09567          0.9211         0.093          0          0.7977
      1.5           6.212       4      20          0    0.8546        1.534     0.1005         -0.001568   -0.006272            1.011      0.4923         0.09567          0.9462       0.08083          0          0.8125
        2           6.212       4      20          0      0.86        2.004     0.1155           0.01372     0.05489            1.012      0.4708         0.09565          0.9962         0.062          0          0.9849
      2.5           6.215       4      20          0    0.8652        2.477     0.1298           0.02835      0.1134            1.016      0.4548         0.09564           1.041       0.04567          0           1.071
        3           6.213       4      20          0    0.8695        2.937     0.1415           0.04035      0.1614            1.028      0.4408         0.09563           1.082       0.03867          0           1.145

=== 1d P5|B|100
 edge_pct  trades_per_30d  mean_N  mean_L  liq_share  tp_share  drift_H_pct  gross_pct  net_notional_pct  eq_ret_pct  30d_median_mult  30d_p_loss  30d_mdd_median  1y_median_mult  1y_p_below50  1y_p_ruin  IS_median_mult
        0           4.958       4      20     0.4337    0.3856      0.04477   -0.01219           -0.3733      -1.493           0.8599      0.6498          0.3647          0.1481        0.9153     0.4887        0.005683
    0.025           4.958       4      20     0.4324     0.387      0.07133   0.002735           -0.3577      -1.431           0.8604       0.647          0.3629          0.1547        0.9113      0.479        0.005926
     0.05           4.957       4      20     0.4306    0.3887       0.1091    0.01926           -0.3404      -1.361           0.8616      0.6435          0.3508          0.1588        0.9083     0.4688        0.005987
    0.075           4.958       4      20     0.4289    0.3902       0.1431    0.03717           -0.3216      -1.287           0.8642      0.6383          0.3487           0.166        0.9015     0.4558        0.006474
      0.1           4.958       4      20     0.4278    0.3914       0.1754    0.04814           -0.3102      -1.241           0.8676      0.6353          0.3462          0.1714        0.8987     0.4468        0.007656
     0.15           4.958       4      20     0.4261    0.3929       0.2159    0.06867           -0.2888      -1.155           0.8714      0.6313           0.343          0.1799         0.891     0.4322        0.008836
      0.2           4.959       4      20     0.4249    0.3941       0.2623    0.08173           -0.2752      -1.101           0.8735      0.6288          0.3362          0.1861        0.8865      0.425        0.009196
      0.3           4.959       4      20     0.4204    0.3988       0.3671     0.1327            -0.222     -0.8879           0.8863      0.6202          0.3176          0.2149        0.8717     0.3938          0.0177
      0.4           4.957       4      20     0.4155    0.4031       0.4917      0.183           -0.1694     -0.6777           0.9004      0.6078          0.3026          0.2474        0.8552     0.3615         0.02086
      0.6           4.955       4      20     0.4075    0.4113       0.6849      0.271          -0.07764     -0.3106           0.9045      0.5913          0.2837          0.3057        0.8202     0.3095         0.03865
      0.8           4.954       4      20     0.4004    0.4188       0.8924     0.3493          0.004091     0.01637           0.9094      0.5767          0.2739          0.3722        0.7848     0.2608         0.06296
        1           4.953       4      20     0.3918    0.4272        1.062     0.4381           0.09689      0.3876           0.9434      0.5575          0.2552          0.4681        0.7463     0.2102          0.1275
     1.25           4.949       4      20     0.3819    0.4373         1.33     0.5466            0.2102      0.8406           0.9529      0.5335          0.2452           0.604        0.6903     0.1688           0.216
      1.5           4.946       4      20     0.3705    0.4484        1.597     0.6656            0.3345       1.338            0.986       0.509          0.2433          0.8311        0.6192     0.1233          0.5616
        2           4.944       4      20     0.3507    0.4674        2.056     0.8842            0.5625        2.25             1.06      0.4578          0.2226           1.457        0.5047    0.06533           2.871
      2.5           4.942       4      20     0.3305    0.4867        2.534        1.1            0.7874        3.15            1.088      0.4155          0.2065           2.557        0.3888      0.031           15.36
        3           4.942       4      20     0.3102    0.5062        2.984      1.312             1.009       4.037            1.136      0.3787          0.2056           4.361        0.2898    0.01483           84.57

=== 1d P5c|A|10
 edge_pct  trades_per_30d  mean_N  mean_L  liq_share  tp_share  drift_H_pct  gross_pct  net_notional_pct  eq_ret_pct  30d_median_mult  30d_p_loss  30d_mdd_median  1y_median_mult  1y_p_below50  1y_p_ruin  IS_median_mult
        0           6.121       4      20    0.08453    0.9094      0.04975    0.06271          -0.07614     -0.3045             1.05      0.4187               0          0.7035         0.398   0.003667          0.2865
    0.025           6.121   4.019      20     0.0843    0.9097      0.07512    0.06401          -0.07473     -0.2981             1.05      0.4187               0          0.7092        0.3967     0.0035           0.283
     0.05           6.121   4.038      20    0.08399      0.91        0.109    0.06555          -0.07303     -0.2902             1.05      0.4178               0          0.7116        0.3938     0.0035          0.2683
    0.075           6.121   4.057      20    0.08368    0.9104       0.1422    0.06722          -0.07119     -0.2818             1.05      0.4167               0          0.7184        0.3945   0.003333          0.2516
      0.1           6.121   4.078      20    0.08345    0.9106       0.1717    0.06837          -0.06991     -0.2717             1.05      0.4163               0          0.7231        0.3888     0.0035          0.2894
     0.15           6.121   4.113      20    0.08337    0.9108        0.212    0.06892          -0.06931     -0.2619             1.05       0.416               0          0.7251        0.3878   0.003833          0.2836
      0.2           6.122   4.152      20    0.08298    0.9113       0.2581    0.07098          -0.06701     -0.2455             1.05      0.4145               0          0.7335        0.3838     0.0035          0.3023
      0.3           6.124   4.226      20    0.08195    0.9125       0.3524    0.07672          -0.06072     -0.2004             1.05      0.4112               0          0.7523        0.3685     0.0035          0.3182
      0.4           6.125     4.3      20    0.08117    0.9134       0.4695    0.08089          -0.05612     -0.1689            1.064      0.4058               0          0.7681        0.3577   0.003667           0.376
      0.6            6.13   4.433      20    0.07942    0.9154       0.6579     0.0904          -0.04568     -0.0953            1.066      0.3948               0          0.8112        0.3397   0.003667          0.4138
      0.8           6.134   4.574      20    0.07792    0.9172       0.8682    0.09849          -0.03679     -0.0314            1.066       0.389               0          0.8515        0.3305     0.0035          0.4476
        1           6.135   4.716      20    0.07561    0.9196        1.035     0.1102          -0.02388     0.05766            1.067      0.3808               0          0.9104        0.3063      0.003          0.5794
     1.25           6.138    4.89      20    0.07374    0.9217        1.285     0.1202          -0.01294      0.1414            1.067      0.3703               0          0.9641         0.291   0.002833          0.6603
      1.5           6.139   5.056      20    0.07143    0.9244         1.54     0.1333          0.001426      0.2477            1.083      0.3535               0           1.049        0.2663   0.002667          0.9168
        2           6.144     5.4      20    0.06709    0.9295        2.006     0.1569           0.02732      0.4277            1.084      0.3278               0           1.192        0.2357   0.003333           1.302
      2.5            6.15   5.758      20    0.06268    0.9347        2.471     0.1809           0.05366      0.6243            1.101      0.3045               0           1.383         0.212   0.002167           2.007
        3           6.151   6.114      20    0.05969    0.9383        2.929     0.1972           0.07162      0.7731            1.117      0.2875               0           1.501        0.2112   0.002333           2.913

=== 1d P5c|B|10
 edge_pct  trades_per_30d  mean_N  mean_L  liq_share  tp_share  drift_H_pct  gross_pct  net_notional_pct  eq_ret_pct  30d_median_mult  30d_p_loss  30d_mdd_median  1y_median_mult  1y_p_below50  1y_p_ruin  IS_median_mult
        0           6.122       4      20    0.08122    0.9093      0.04822    0.06431          -0.07309     -0.2924             1.05       0.419               0          0.7144        0.3878   0.003667          0.2992
    0.025           6.122   4.019      20    0.08099    0.9097      0.07359    0.06561          -0.07168     -0.2859             1.05       0.419               0          0.7205        0.3868     0.0035          0.2856
     0.05           6.122   4.038      20    0.08068      0.91       0.1075    0.06714          -0.06999     -0.2781             1.05      0.4182               0          0.7232         0.384   0.003333          0.2657
    0.075           6.122   4.057      20    0.08037    0.9103       0.1407    0.06882          -0.06814     -0.2696             1.05       0.417               0          0.7255         0.385   0.003167           0.253
      0.1           6.122   4.078      20    0.08014    0.9106       0.1702    0.06997          -0.06687     -0.2596             1.05      0.4167               0           0.731        0.3797   0.003333          0.2849
     0.15           6.122   4.113      20    0.08006    0.9107       0.2105    0.07051          -0.06626     -0.2498             1.05      0.4162               0          0.7355        0.3782   0.003667          0.2875
      0.2           6.123   4.152      20    0.07967    0.9112       0.2566    0.07257          -0.06397     -0.2333             1.05      0.4145               0          0.7412        0.3733   0.003333          0.2989
      0.3           6.125   4.226      20    0.07872    0.9125       0.3508    0.07826          -0.05777     -0.1886             1.05       0.411               0          0.7648        0.3598   0.003333          0.3182
      0.4           6.126     4.3      20    0.07802    0.9133       0.4679    0.08236          -0.05327     -0.1575            1.064      0.4053               0          0.7823        0.3508   0.003333          0.3631
      0.6           6.131   4.433      20    0.07635    0.9154       0.6562    0.09184          -0.04289    -0.08417            1.066      0.3945               0          0.8251        0.3337     0.0035          0.4093
      0.8           6.135   4.574      20    0.07515    0.9171       0.8666    0.09977           -0.0343    -0.02145            1.066      0.3887               0            0.86        0.3235   0.003167          0.4482
        1           6.136   4.716      20      0.073    0.9195        1.034     0.1114           -0.0215     0.06715            1.067      0.3798               0          0.9159        0.3013   0.002833          0.5808
     1.25           6.138    4.89      20    0.07136    0.9216        1.283      0.121          -0.01101      0.1491            1.067      0.3697               0          0.9702         0.286     0.0025          0.6903
      1.5            6.14   5.056      20    0.06912    0.9244        1.538     0.1342          0.003339      0.2555            1.083      0.3523               0           1.057        0.2593     0.0025          0.9615
        2           6.145   5.399      20     0.0651    0.9294        2.005     0.1575           0.02879      0.4338            1.084      0.3277               0           1.202        0.2317   0.003167           1.327
      2.5           6.151   5.757      20    0.06106    0.9347        2.469     0.1817           0.05521       0.631            1.101      0.3042               0            1.39        0.2087      0.002           1.967
        3           6.152   6.114      20    0.05815    0.9383        2.927     0.1982           0.07322        0.78            1.117      0.2868               0           1.511        0.2092   0.002167           2.969

=== 1d P5c|C|10
 edge_pct  trades_per_30d  mean_N  mean_L  liq_share  tp_share  drift_H_pct  gross_pct  net_notional_pct  eq_ret_pct  30d_median_mult  30d_p_loss  30d_mdd_median  1y_median_mult  1y_p_below50  1y_p_ruin  IS_median_mult
        0           6.209       4      20          0     0.838      0.04428    0.05507          -0.04807     -0.1923           0.9957      0.5372         0.09571          0.8218        0.1537          0          0.5129
    0.025           6.209   4.018      20          0    0.8382      0.06917    0.05569          -0.04743     -0.1899           0.9959      0.5345         0.09571          0.8223        0.1565          0          0.5066
     0.05           6.209   4.038      20          0    0.8386       0.1026    0.05673          -0.04637     -0.1837            0.996       0.532         0.09571           0.825        0.1542          0          0.5286
    0.075           6.209   4.057      20          0    0.8392       0.1353    0.05839          -0.04467     -0.1734            0.996      0.5295         0.09571          0.8308        0.1523          0          0.5383
      0.1           6.209   4.077      20          0    0.8395       0.1644    0.05922          -0.04383     -0.1677           0.9962      0.5252         0.09571          0.8339        0.1555          0           0.538
     0.15           6.209   4.112      20          0    0.8396        0.204    0.05964          -0.04339     -0.1637           0.9962      0.5222         0.09571          0.8371        0.1562          0          0.5642
      0.2           6.209    4.15      20          0    0.8404       0.2506    0.06158           -0.0414     -0.1494           0.9964      0.5167         0.09571          0.8463        0.1522          0           0.579
      0.3            6.21   4.226      20          0    0.8419       0.3457    0.06567           -0.0372     -0.1216           0.9967      0.5077          0.0957          0.8648         0.151          0          0.6033
      0.4            6.21   4.299      20          0    0.8434       0.4621    0.06962          -0.03316    -0.09263            1.009      0.4978          0.0957          0.8808        0.1457          0          0.6406
      0.6           6.211   4.432      20          0     0.845       0.6511    0.07408          -0.02858    -0.06275            1.011      0.4873         0.09569          0.8915        0.1435          0          0.6922
      0.8           6.214   4.573      20          0    0.8468       0.8614    0.07923          -0.02331    -0.02668            1.012      0.4758         0.09569          0.9143        0.1443          0          0.7793
        1           6.213   4.717      20          0    0.8497        1.029    0.08709          -0.01527     0.02469            1.013      0.4607         0.09568          0.9441         0.136          0          0.8368
     1.25           6.213    4.89      20          0    0.8515        1.278    0.09205          -0.01021     0.06096            1.016      0.4492         0.09568          0.9691        0.1418          0           0.826
      1.5           6.212   5.056      20          0    0.8546        1.534     0.1005         -0.001568      0.1232            1.028       0.431         0.09567           1.009        0.1345          0           1.009
        2           6.212   5.401      20          0      0.86        2.004     0.1155           0.01372      0.2222             1.04      0.4075         0.09566           1.078        0.1303          0           1.323
      2.5           6.215   5.759      20          0    0.8652        2.477     0.1298           0.02835      0.3322            1.047      0.3885         0.09565           1.163        0.1237          0           1.519
        3           6.213   6.115      20          0    0.8695        2.937     0.1415           0.04035      0.4305             1.06      0.3783         0.09564           1.231        0.1245          0           1.684

=== 1d P6|B|none
 edge_pct  trades_per_30d  mean_N  mean_L  liq_share  tp_share  drift_H_pct  gross_pct  net_notional_pct  eq_ret_pct  30d_median_mult  30d_p_loss  30d_mdd_median  1y_median_mult  1y_p_below50  1y_p_ruin  IS_median_mult
        0           3.965  0.1154    5.15          0         0      0.01539    0.02333           -0.2247    -0.02305            0.998      0.5613         0.01009          0.9864             0          0          0.9631
    0.025           3.963  0.1154   5.149          0         0      0.04641    0.04862           -0.1995       -0.02           0.9981       0.558         0.01009          0.9882             0          0          0.9631
     0.05           3.962  0.1154    5.15          0         0      0.08503    0.08643           -0.1617    -0.01626           0.9983      0.5525         0.01009          0.9899             0          0          0.9704
    0.075           3.962  0.1154    5.15          0         0       0.1175     0.1161           -0.1322    -0.01249           0.9984       0.548         0.01008          0.9912             0          0          0.9735
      0.1           3.961  0.1154    5.15          0         0       0.1458      0.144           -0.1043       -0.01           0.9985      0.5442         0.01008          0.9926             0          0          0.9778
     0.15            3.96  0.1154    5.15          0         0       0.1888     0.1876          -0.06069   -0.005489           0.9987      0.5387         0.01008          0.9948             0          0          0.9817
      0.2            3.96  0.1154    5.15          0         0       0.2312     0.2318          -0.01663  -0.0009927           0.9989      0.5342         0.01008          0.9968             0          0          0.9831
      0.3           3.957  0.1154    5.15          0         0       0.3399     0.3346           0.08601    0.009763           0.9993      0.5195         0.01007           1.002             0          0          0.9905
      0.4           3.956  0.1154    5.15          0         0       0.4383     0.4325            0.1838     0.02018           0.9997      0.5087         0.01006           1.008             0          0           1.008
      0.6           3.952  0.1154   5.151          0         0        0.628     0.6213            0.3721      0.0403                1      0.4858         0.01005           1.017             0          0           1.037
      0.8           3.946  0.1154   5.151          0         0       0.8426      0.813            0.5635     0.06093            1.001      0.4688         0.01004           1.027             0          0           1.063
        1           3.942  0.1154   5.153          0         0        1.008     0.9757            0.7259      0.0792            1.002      0.4515         0.01003           1.036             0          0           1.099
     1.25           3.936  0.1154   5.151          0         0        1.228       1.18            0.9297       0.103            1.003      0.4263         0.01001           1.048             0          0            1.13
      1.5           3.929  0.1154    5.15          0         0        1.506      1.429             1.178      0.1301            1.004      0.3945        0.008713           1.062             0          0           1.176
        2           3.921  0.1154    5.15          0         0        1.963      1.841              1.59      0.1762            1.005      0.3417        0.006774           1.085             0          0           1.274
      2.5           3.908  0.1154   5.149          0         0         2.43      2.278             2.026      0.2245            1.007      0.2887        0.005416            1.11             0          0           1.356
        3           3.901  0.1154   5.149          0         0        2.886      2.713              2.46      0.2738            1.009      0.2412        0.003885           1.135             0          0           1.446

=== 1d P6h|B|none
 edge_pct  trades_per_30d  mean_N  mean_L  liq_share  tp_share  drift_H_pct  gross_pct  net_notional_pct  eq_ret_pct  30d_median_mult  30d_p_loss  30d_mdd_median  1y_median_mult  1y_p_below50  1y_p_ruin  IS_median_mult
        0           3.965 0.05769    5.15          0         0      0.01539    0.02333           -0.2247    -0.01152            0.999      0.5602        0.005047          0.9936             0          0          0.9825
    0.025           3.963 0.05769   5.149          0         0      0.04641    0.04862           -0.1995   -0.009999            0.999      0.5568        0.005046          0.9945             0          0          0.9825
     0.05           3.962 0.05769    5.15          0         0      0.08503    0.08643           -0.1617   -0.008132           0.9991      0.5513        0.005043          0.9953             0          0          0.9861
    0.075           3.962 0.05769    5.15          0         0       0.1175     0.1161           -0.1322   -0.006246           0.9992      0.5468        0.005042           0.996             0          0          0.9877
      0.1           3.961 0.05769    5.15          0         0       0.1458      0.144           -0.1043      -0.005           0.9993       0.543        0.005041          0.9967             0          0          0.9899
     0.15            3.96 0.05769    5.15          0         0       0.1888     0.1876          -0.06069   -0.002745           0.9994      0.5375        0.005039          0.9978             0          0           0.992
      0.2            3.96 0.05769    5.15          0         0       0.2312     0.2318          -0.01663  -0.0004963           0.9995       0.533        0.005038          0.9988             0          0          0.9926
      0.3           3.957 0.05769    5.15          0         0       0.3399     0.3346           0.08601    0.004882           0.9997      0.5183        0.005034           1.002             0          0          0.9961
      0.4           3.956 0.05769    5.15          0         0       0.4383     0.4325            0.1838     0.01009           0.9999      0.5078         0.00503           1.004             0          0           1.005
      0.6           3.952  0.0577   5.151          0         0        0.628     0.6213            0.3721     0.02015                1       0.485        0.005025           1.009             0          0           1.019
      0.8           3.946 0.05771   5.151          0         0       0.8426      0.813            0.5635     0.03047                1       0.468        0.005021           1.014             0          0           1.032
        1           3.942 0.05772   5.153          0         0        1.008     0.9757            0.7259      0.0396            1.001      0.4508        0.005016           1.018             0          0            1.05
     1.25           3.936 0.05771   5.151          0         0        1.228       1.18            0.9297     0.05149            1.001      0.4255        0.005006           1.024             0          0           1.064
      1.5           3.929  0.0577    5.15          0         0        1.506      1.429             1.178     0.06506            1.002       0.394        0.004356           1.031             0          0           1.086
        2           3.921  0.0577    5.15          0         0        1.963      1.841              1.59     0.08812            1.003      0.3412        0.003387           1.042             0          0            1.13
      2.5           3.908  0.0577   5.149          0         0         2.43      2.278             2.026      0.1122            1.004      0.2883        0.002708           1.054             0          0           1.166
        3           3.901  0.0577   5.149          0         0        2.886      2.713              2.46      0.1369            1.004      0.2408        0.001943           1.066             0          0           1.204

=== 1d P6|B|10
 edge_pct  trades_per_30d  mean_N  mean_L  liq_share  tp_share  drift_H_pct  gross_pct  net_notional_pct  eq_ret_pct  30d_median_mult  30d_p_loss  30d_mdd_median  1y_median_mult  1y_p_below50  1y_p_ruin  IS_median_mult
        0           5.227  0.1151   5.133          0    0.7398     0.003125    0.09335          -0.05219    -0.01601                1      0.4955         0.01001          0.9901             0          0          0.9722
    0.025           5.231  0.1152   5.135          0     0.741      0.02864     0.1013          -0.04414    -0.01492                1       0.493         0.01001          0.9908             0          0           0.973
     0.05           5.234  0.1151   5.134          0    0.7422      0.06145     0.1142          -0.03102    -0.01383                1      0.4902         0.01001          0.9919             0          0           0.973
    0.075           5.235  0.1151   5.134          0    0.7433      0.09371     0.1252          -0.01997    -0.01266                1      0.4887         0.01001          0.9927             0          0          0.9743
      0.1           5.236  0.1152   5.135          0    0.7444       0.1265     0.1375         -0.007537     -0.0116                1      0.4867         0.01001          0.9936             0          0          0.9755
     0.15           5.238  0.1152   5.134          0    0.7461       0.1679     0.1494          0.004549    -0.01017                1       0.483         0.01001          0.9944             0          0          0.9769
      0.2           5.239  0.1152   5.135          0    0.7482       0.2094     0.1683           0.02361   -0.008207                1      0.4783            0.01          0.9956             0          0          0.9794
      0.3           5.248  0.1151   5.134          0     0.752       0.2946     0.2003           0.05614   -0.004893            1.001      0.4713            0.01          0.9973             0          0          0.9961
      0.4           5.252  0.1152   5.134          0    0.7558       0.4051     0.2318           0.08802   -0.001171            1.001      0.4635        0.009379          0.9997             0          0          0.9961
      0.6           5.264  0.1152   5.134          0    0.7635       0.6008     0.2997            0.1565    0.006015            1.001      0.4463        0.008044           1.005             0          0           1.008
      0.8           5.269  0.1152   5.134          0    0.7706       0.8027     0.3644             0.222     0.01279            1.002      0.4323        0.007119           1.009             0          0            1.02
        1           5.284  0.1152   5.136          0    0.7787       0.9838     0.4335            0.2919     0.02062            1.002      0.4157        0.006386           1.014             0          0           1.035
     1.25           5.294  0.1152   5.136          0     0.789        1.242     0.5163            0.3757     0.02992            1.002       0.394        0.005872            1.02             0          0           1.059
      1.5           5.308  0.1152   5.134          0    0.7987          1.5     0.6064            0.4667     0.03934            1.003      0.3723        0.005178           1.026             0          0           1.076
        2           5.336  0.1152   5.135          0     0.817        1.979     0.7715            0.6338     0.05689            1.004      0.3322        0.003708           1.038             0          0           1.104
      2.5           5.368  0.1152   5.135          0    0.8351        2.446     0.9259              0.79     0.07417            1.005      0.2932        0.002474           1.051             0          0           1.146
        3           5.392  0.1151   5.134          0    0.8535        2.928      1.081            0.9474     0.09166            1.006      0.2483        0.000727           1.062             0          0           1.198
