tf,strategy,window,k,final,multiple,max_dd,bust,bust_ts,trades,signals,busy,rejected,win,mean_R,lock_exits,liquidations,lev50,lev40,lev30,lev20
15m,S2_ST_ROC,is,1.0,9.440818856078263,0.009440818856078262,0.992245386900882,True,1.6289163e+18,208,53578,408,0,0.5192307692307693,-0.04853862176575939,125,0,47,72,77,12
15m,S2_ST_ROC,is,1.5,9.831645836888955,0.009831645836888954,0.9930507121015001,True,1.6307631e+18,416,53578,1242,38,0.5961538461538461,-0.025199167251737327,292,0,19,63,262,72
15m,S2_ST_ROC,is,2.0,9.422660522942262,0.009422660522942262,0.9942956995147012,True,1.6341498e+18,678,53578,2925,88,0.6474926253687315,-0.01646740830435679,498,0,4,30,380,264
15m,S2_ST_ROC,cf,1.0,9.821929955753065,0.009821929955753065,0.9918421942967549,True,1.7205345e+18,128,40703,275,0,0.4453125,-0.07998580963184714,72,0,55,37,33,3
15m,S2_ST_ROC,cf,1.5,9.641869647785974,0.009641869647785973,0.9911721714317621,True,1.7216496e+18,224,40703,804,0,0.5669642857142857,-0.05128031617966315,148,0,19,48,140,17
15m,S2_ST_ROC,cf,2.0,9.941615958225196,0.009941615958225196,0.9908977320191605,True,1.7241147e+18,376,40703,2043,39,0.6223404255319149,-0.03711232323274102,266,0,0,22,247,107
15m,S5_DONCHIAN_MFI,is,1.0,9.345714170296734,0.009345714170296735,0.9911947829417564,True,1.6382889e+18,135,1334,27,1,0.4222222222222222,-0.07580774412438467,70,0,63,29,36,7
15m,S5_DONCHIAN_MFI,is,1.5,9.207941247840049,0.00920794124784005,0.9912065036567336,True,1.639044e+18,135,1334,33,3,0.48148148148148145,-0.09208109330918822,74,0,12,23,80,20
15m,S5_DONCHIAN_MFI,is,2.0,9.516722905577378,0.009516722905577379,0.9916575180887816,True,1.6439841e+18,165,1334,43,7,0.503030303030303,-0.08831640779063898,97,0,5,11,93,56
15m,S5_DONCHIAN_MFI,cf,1.0,9.288314015094446,0.009288314015094447,0.9929448636300835,True,1.7323218e+18,167,1193,38,3,0.4251497005988024,-0.050350154119697996,89,0,92,39,34,2
15m,S5_DONCHIAN_MFI,cf,1.5,9.409315187352124,0.009409315187352125,0.9935469256800605,True,1.7361468e+18,213,1193,57,3,0.5023474178403756,-0.05175615884283791,134,0,37,50,107,19
15m,S5_DONCHIAN_MFI,cf,2.0,9.877873938979459,0.009877873938979459,0.9926125713487344,True,1.7408574e+18,252,1193,77,6,0.5753968253968254,-0.051463935298570476,169,0,16,27,139,70
15m,S6_EMA_DMI_ADX,is,1.0,9.519024023799023,0.009519024023799023,0.9908982365781612,True,1.6317459e+18,128,4795,56,2,0.4453125,-0.09201279043176956,63,0,42,31,37,18
15m,S6_EMA_DMI_ADX,is,1.5,9.957200476040036,0.009957200476040037,0.9909661065519936,True,1.6360605e+18,237,4795,143,13,0.5443037974683544,-0.048260243352796835,143,0,16,30,149,42
15m,S6_EMA_DMI_ADX,is,2.0,9.792917279099118,0.009792917279099119,0.9908340966641136,True,1.6387065e+18,269,4795,206,29,0.5799256505576208,-0.05145386361314627,169,0,1,22,146,100
15m,S6_EMA_DMI_ADX,cf,1.0,9.994420442068064,0.009994420442068063,0.99093539877688,True,1.7248743e+18,190,4025,89,1,0.5105263157894737,-0.05314686396959758,115,0,98,53,36,3
15m,S6_EMA_DMI_ADX,cf,1.5,9.1690217362588,0.0091690217362588,0.9910795806916125,True,1.7268624e+18,248,4025,165,7,0.5846774193548387,-0.04635959281806463,164,0,31,62,141,14
15m,S6_EMA_DMI_ADX,cf,2.0,9.833753361028753,0.009833753361028753,0.9904693346685216,True,1.7303814e+18,318,4025,244,11,0.6226415094339622,-0.039928985972562246,218,0,5,41,210,62
15m,N01_ST_EMA,is,1.0,9.660319299343477,0.009660319299343478,0.9915438366444921,True,1.6301898e+18,240,19158,247,5,0.5416666666666666,-0.045513776308305394,147,0,63,69,85,23
15m,N01_ST_EMA,is,1.5,9.751281902765184,0.009751281902765184,0.9903617090933315,True,1.631799e+18,341,19158,479,24,0.6217008797653959,-0.031799540265948396,239,0,20,46,207,68
15m,N01_ST_EMA,is,2.0,9.874871474855942,0.009874871474855941,0.9927381359748639,True,1.6346475e+18,471,19158,957,42,0.6496815286624203,-0.026381690445878354,333,0,2,23,253,193
15m,N01_ST_EMA,cf,1.0,9.730244675907688,0.009730244675907688,0.9902697553240923,True,1.7216208e+18,165,14029,181,0,0.4727272727272727,-0.06002839421051623,100,0,89,55,20,1
15m,N01_ST_EMA,cf,1.5,9.411258378586552,0.009411258378586553,0.9911336346821616,True,1.7233344e+18,260,14029,411,2,0.5653846153846154,-0.042525561243798485,176,0,21,54,168,17
15m,N01_ST_EMA,cf,2.0,9.664737782599712,0.009664737782599712,0.9921877285347974,True,1.7240148e+18,256,14029,567,8,0.58203125,-0.054257795650268316,173,0,4,16,179,57
15m,N02_ST_KST,is,1.0,9.718702093399864,0.009718702093399863,0.9902812979066001,True,1.6297713e+18,191,16322,165,4,0.5130890052356021,-0.05217902927951987,110,0,53,64,60,14
15m,N02_ST_KST,is,1.5,9.820442137116832,0.009820442137116832,0.9940760733450354,True,1.6315632e+18,315,16322,371,25,0.5904761904761905,-0.0320778566266278,212,0,16,53,190,56
15m,N02_ST_KST,is,2.0,9.488570273895883,0.009488570273895883,0.9928532289483633,True,1.63305e+18,387,16322,574,39,0.6149870801033591,-0.0312215321201958,266,0,3,15,208,161
15m,N02_ST_KST,cf,1.0,9.965400455063813,0.009965400455063812,0.9916774976141918,True,1.7218692e+18,177,12324,161,0,0.4858757062146893,-0.05468067668067054,114,0,101,49,26,1
15m,N02_ST_KST,cf,1.5,9.820636296177206,0.009820636296177205,0.9923135411751577,True,1.723725e+18,278,12324,352,8,0.5539568345323741,-0.036086830861697596,186,0,24,69,170,15
15m,N02_ST_KST,cf,2.0,9.489388497169472,0.009489388497169472,0.9910380444037923,True,1.7253522e+18,323,12324,575,11,0.5882352941176471,-0.04047806448941346,219,0,1,19,231,72
15m,N03_ADX_GC,is,1.0,9.369347870319388,0.009369347870319388,0.9906306521296806,True,1.6624845e+18,206,620,23,2,0.49029126213592233,-0.05051775975449852,125,0,93,55,53,5
15m,N03_ADX_GC,is,1.5,9.468590742498638,0.009468590742498638,0.9948834303860618,True,1.6777062e+18,289,620,36,3,0.5467128027681661,-0.03582669902381229,187,0,48,62,146,33
15m,N03_ADX_GC,is,2.0,9.688780113618254,0.009688780113618255,0.9953222875420613,True,1.698741e+18,401,620,63,9,0.600997506234414,-0.025690698395753192,270,0,50,50,215,86
15m,N03_ADX_GC,cf,1.0,9.207593826464382,0.009207593826464383,0.9914994786615647,True,1.7389386e+18,105,510,8,0,0.4,-0.10619087135388207,52,0,52,26,24,3
15m,N03_ADX_GC,cf,1.5,9.239578050489074,0.009239578050489075,0.9909541370756111,True,1.7472294e+18,150,510,19,3,0.49333333333333335,-0.08167182912934083,87,0,25,26,81,18
15m,N03_ADX_GC,cf,2.0,9.787955595980346,0.009787955595980346,0.9904172567029121,True,1.75536e+18,207,510,23,6,0.5893719806763285,-0.05692461393623006,134,0,16,27,109,55
15m,N07_ICHI_CMO,is,1.0,9.438882626611068,0.009438882626611068,0.9906294551070389,True,1.6316532e+18,194,7759,108,4,0.4793814432989691,-0.0483653113786274,113,0,68,61,53,12
15m,N07_ICHI_CMO,is,1.5,9.834979622944495,0.009834979622944495,0.9922691552606546,True,1.6326963e+18,220,7759,150,11,0.5454545454545454,-0.048357161379473705,138,0,18,40,126,36
15m,N07_ICHI_CMO,is,2.0,9.789901197029424,0.009789901197029424,0.9908780662531561,True,1.6339968e+18,242,7759,245,13,0.5661157024793388,-0.05841462093314799,153,0,2,17,142,81
15m,N07_ICHI_CMO,cf,1.0,9.064784191886433,0.009064784191886433,0.9950239804503207,True,1.7247357e+18,227,5498,122,7,0.5462555066079295,-0.04230543255231206,144,0,133,61,30,3
15m,N07_ICHI_CMO,cf,1.5,9.514080168924417,0.009514080168924417,0.9941534474911241,True,1.7261451e+18,255,5498,193,10,0.6078431372549019,-0.04347949502322603,169,0,35,76,134,10
15m,N07_ICHI_CMO,cf,2.0,9.73764274018964,0.00973764274018964,0.992773493767414,True,1.7282493e+18,307,5498,325,10,0.6579804560260586,-0.037291807815179996,214,0,15,34,221,37
15m,N08_ICHI_WR,is,1.0,8.869706215503285,0.008869706215503285,0.9911302937844967,True,1.6417404e+18,150,1124,22,6,0.4266666666666667,-0.06948321147242827,76,0,58,43,46,3
15m,N08_ICHI_WR,is,1.5,9.491587667200877,0.009491587667200877,0.9905084123327991,True,1.6572591e+18,274,1124,65,9,0.5583941605839416,-0.03887263339571693,174,0,44,43,157,30
15m,N08_ICHI_WR,is,2.0,9.594536685789095,0.009594536685789095,0.9921592639767016,True,1.6688925e+18,371,1124,108,14,0.6199460916442049,-0.03386504401121076,249,0,18,43,207,103
15m,N08_ICHI_WR,cf,1.0,9.995461272655502,0.009995461272655503,0.9909988706436537,True,1.7360541e+18,142,793,20,0,0.44366197183098594,-0.07217948726783621,81,0,93,22,23,4
15m,N08_ICHI_WR,cf,1.5,9.402806418257144,0.009402806418257144,0.991298220375251,True,1.7448264e+18,208,793,35,0,0.5528846153846154,-0.05081652133634126,132,0,39,55,94,20
15m,N08_ICHI_WR,cf,2.0,9.31014792420939,0.00931014792420939,0.9912888476009394,True,1.753551e+18,261,793,56,8,0.6091954022988506,-0.04765824909775438,174,0,15,37,149,60
15m,N09_ALLIG_AROON,is,1.0,9.574966337502094,0.009574966337502093,0.9904250336624979,True,1.6313868e+18,213,8817,125,9,0.5258215962441315,-0.04887998625526988,126,0,85,56,53,19
15m,N09_ALLIG_AROON,is,1.5,9.115529876715964,0.009115529876715964,0.9926465496847681,True,1.6346466e+18,360,8817,272,19,0.5805555555555556,-0.027653277140948795,232,0,23,70,216,51
15m,N09_ALLIG_AROON,is,2.0,9.181380387003243,0.009181380387003243,0.9908186196129968,True,1.6368786e+18,427,8817,438,33,0.629976580796253,-0.02506423009351621,296,0,3,26,254,144
15m,N09_ALLIG_AROON,cf,1.0,8.863795568140485,0.008863795568140485,0.9911362044318596,True,1.7219142e+18,117,6578,72,0,0.46153846153846156,-0.08613674647414071,62,0,59,43,14,1
15m,N09_ALLIG_AROON,cf,1.5,8.88013000344409,0.00888013000344409,0.9911198699965559,True,1.7233551e+18,179,6578,160,9,0.5307262569832403,-0.06966766015463408,112,0,11,42,114,12
15m,N09_ALLIG_AROON,cf,2.0,9.830331810456702,0.009830331810456701,0.99083532545499,True,1.7236872e+18,178,6578,187,9,0.550561797752809,-0.0793554026100726,111,0,2,8,126,42
15m,N10_HA_PSAR,is,1.0,9.164866393118094,0.009164866393118094,0.9920312617235258,True,1.6289181e+18,167,22496,159,1,0.47904191616766467,-0.06640815702082156,99,0,44,39,74,10
15m,N10_HA_PSAR,is,1.5,9.622362897660699,0.009622362897660698,0.9912379402425487,True,1.6313526e+18,383,22496,554,33,0.5900783289817232,-0.034081799202066276,255,0,21,74,214,74
15m,N10_HA_PSAR,is,2.0,9.517510093002377,0.009517510093002376,0.9910582960393629,True,1.6331562e+18,482,22496,968,58,0.6473029045643154,-0.02966496618485499,338,0,2,19,253,208
15m,N10_HA_PSAR,cf,1.0,8.74154017675326,0.00874154017675326,0.9912584598232468,True,1.7210025e+18,147,16911,103,0,0.46258503401360546,-0.07448412007231789,89,0,53,46,41,7
15m,N10_HA_PSAR,cf,1.5,9.620844384760835,0.009620844384760834,0.9910824466630132,True,1.72278e+18,286,16911,373,1,0.5664335664335665,-0.03777154587805601,194,0,21,60,171,34
15m,N10_HA_PSAR,cf,2.0,9.695694269640487,0.009695694269640487,0.990957538777834,True,1.7243406e+18,352,16911,677,19,0.6164772727272727,-0.036110407030223925,248,0,4,22,220,106
15m,N12_ICHI_AO,is,1.0,9.12341687529814,0.00912341687529814,0.9922277274784497,True,1.6311708e+18,204,8502,94,4,0.4852941176470588,-0.04311365435974179,117,0,75,65,50,14
15m,N12_ICHI_AO,is,1.5,9.86740634110121,0.00986740634110121,0.9915406932314772,True,1.631799e+18,206,8502,147,12,0.5242718446601942,-0.05076855260293503,121,0,12,44,122,28
15m,N12_ICHI_AO,is,2.0,9.195471196927139,0.00919547119692714,0.9930479055858559,True,1.6404525e+18,573,8502,530,26,0.6369982547993019,-0.01564874798542065,400,0,5,47,329,192
15m,N12_ICHI_AO,cf,1.0,9.767438900149063,0.009767438900149063,0.9909557841193953,True,1.7232993e+18,194,6327,125,6,0.5154639175257731,-0.04769707020399912,122,0,90,65,35,4
15m,N12_ICHI_AO,cf,1.5,9.480944388371535,0.009480944388371534,0.9908168190640012,True,1.7247303e+18,243,6327,199,8,0.5802469135802469,-0.04474890779472601,159,0,30,60,135,18
15m,N12_ICHI_AO,cf,2.0,9.186655142865988,0.009186655142865988,0.9913965735141131,True,1.7284428e+18,364,6327,411,10,0.6401098901098901,-0.03360577944773437,258,0,16,39,237,72
15m,N14_ICHI_RSI,is,1.0,928.8595045683273,0.9288595045683273,0.08113076554715792,False,,2,2,0,0,0.5,-0.17564603289783465,1,0,0,0,0,2
15m,N14_ICHI_RSI,is,1.5,1010.8723523880241,1.010872352388024,0.0,False,,1,2,0,1,1.0,0.05436176194012033,1,0,0,0,0,1
15m,N14_ICHI_RSI,is,2.0,1000.0,1.0,0.0,False,,0,2,0,2,,,0,0,0,0,0,0
15m,N14_ICHI_RSI,cf,1.0,915.1956033385563,0.9151956033385563,0.13813217508110087,False,,3,3,0,0,0.6666666666666666,-0.05360800407802382,2,0,1,1,1,0
15m,N14_ICHI_RSI,cf,1.5,1073.0813574044535,1.0730813574044535,0.0,False,,3,3,0,0,1.0,0.08255548765892104,3,0,1,0,1,1
15m,N14_ICHI_RSI,cf,2.0,1068.3345585468594,1.0683345585468593,0.0,False,,3,3,0,0,1.0,0.07878584392253839,3,0,0,1,1,1
15m,N17_KC_RSI,is,1.0,9.863437137367896,0.009863437137367896,0.9901365628626321,True,1.628532e+18,148,72617,621,3,0.5,-0.07645777460162229,88,0,25,54,61,8
15m,N17_KC_RSI,is,1.5,9.48094580118979,0.009480945801189791,0.9905190541988103,True,1.6294014e+18,203,72617,1241,49,0.5369458128078818,-0.06846212169330228,133,0,2,15,143,43
15m,N17_KC_RSI,is,2.0,9.727571917587799,0.009727571917587798,0.9904489960006038,True,1.6304805e+18,264,72617,2148,62,0.5984848484848485,-0.05749215250743253,178,0,0,7,132,125
15m,N17_KC_RSI,cf,1.0,9.770758595082878,0.009770758595082878,0.9902292414049171,True,1.7208657e+18,154,55228,704,0,0.5194805194805194,-0.07089169897549674,96,0,42,49,59,4
15m,N17_KC_RSI,cf,1.5,9.853950507808255,0.009853950507808256,0.9915419656507366,True,1.7219628e+18,219,55228,1518,0,0.6118721461187214,-0.057949064650713956,146,0,6,35,151,27
15m,N17_KC_RSI,cf,2.0,9.482297437009649,0.00948229743700965,0.9912233245126136,True,1.7234064e+18,258,55228,2678,115,0.6356589147286822,-0.06011718450474405,177,0,1,6,158,93
15m,N18_VWMA_MACD,is,1.0,8.723597428934823,0.008723597428934823,0.9922183361702472,True,1.6290999e+18,209,58034,652,3,0.49282296650717705,-0.048359177337603636,128,0,52,82,62,13
15m,N18_VWMA_MACD,is,1.5,8.944688054754836,0.008944688054754837,0.9925286365353246,True,1.6304427e+18,297,58034,1391,30,0.5656565656565656,-0.04229413762179284,191,0,10,47,185,55
15m,N18_VWMA_MACD,is,2.0,8.620572536961797,0.008620572536961796,0.9922556196064106,True,1.6302555e+18,218,58034,1381,32,0.5596330275229358,-0.06514327108896577,140,0,3,7,132,76
15m,N18_VWMA_MACD,cf,1.0,9.713505998966365,0.009713505998966365,0.9924043121212799,True,1.720989e+18,176,44785,575,0,0.5056818181818182,-0.05737572294679228,111,0,75,67,31,3
15m,N18_VWMA_MACD,cf,1.5,9.686075321777048,0.009686075321777048,0.9946251951636934,True,1.7226846e+18,324,44785,1443,1,0.595679012345679,-0.033752381341897515,223,0,20,79,215,10
15m,N18_VWMA_MACD,cf,2.0,8.755784665714497,0.008755784665714497,0.9949519312241085,True,1.724535e+18,397,44785,2427,50,0.6448362720403022,-0.030503748940605573,282,0,2,33,276,86
15m,N21_ST_RSI_ADX,is,1.0,1000.0,1.0,0.0,False,,0,0,0,0,,,0,0,0,0,0,0
15m,N21_ST_RSI_ADX,is,1.5,1000.0,1.0,0.0,False,,0,0,0,0,,,0,0,0,0,0,0
15m,N21_ST_RSI_ADX,is,2.0,1000.0,1.0,0.0,False,,0,0,0,0,,,0,0,0,0,0,0
15m,N21_ST_RSI_ADX,cf,1.0,1000.0,1.0,0.0,False,,0,0,0,0,,,0,0,0,0,0,0
15m,N21_ST_RSI_ADX,cf,1.5,1000.0,1.0,0.0,False,,0,0,0,0,,,0,0,0,0,0,0
15m,N21_ST_RSI_ADX,cf,2.0,1000.0,1.0,0.0,False,,0,0,0,0,,,0,0,0,0,0,0
15m,N22_VORTEX_PSAR,is,1.0,8.746560037064466,0.008746560037064467,0.9919956172460982,True,1.6292763e+18,258,44971,428,5,0.5542635658914729,-0.0309738244350675,162,0,69,78,90,21
15m,N22_VORTEX_PSAR,is,1.5,9.676288022666327,0.009676288022666327,0.9903237119773337,True,1.6302744e+18,327,44971,853,14,0.5932721712538226,-0.03055555959507482,217,0,17,51,194,65
15m,N22_VORTEX_PSAR,is,2.0,9.974435665033344,0.009974435665033343,0.9900255643349667,True,1.6313535e+18,367,44971,1298,57,0.6321525885558583,-0.037440292451413365,253,0,1,20,194,152
15m,N22_VORTEX_PSAR,cf,1.0,9.950440573848066,0.009950440573848066,0.9929365655323314,True,1.7206902e+18,126,34553,294,0,0.4444444444444444,-0.08823366598487538,72,0,51,45,28,2
15m,N22_VORTEX_PSAR,cf,1.5,9.740864075184314,0.009740864075184314,0.9917660328892492,True,1.7229024e+18,342,34553,1088,21,0.6081871345029239,-0.03385450051394573,233,0,26,92,198,26
15m,N22_VORTEX_PSAR,cf,2.0,9.366022439340522,0.009366022439340522,0.9914207065450821,True,1.7232345e+18,300,34553,1281,39,0.62,-0.04679969675044309,208,0,5,13,199,83
15m,N23_HA_ST,is,1.0,9.088349031358172,0.009088349031358172,0.9925078695572145,True,1.6284852e+18,169,64038,356,1,0.46745562130177515,-0.0628371280479107,96,0,39,68,56,6
15m,N23_HA_ST,is,1.5,9.330589963432615,0.009330589963432615,0.9916441908153454,True,1.6296687e+18,315,64038,1121,25,0.5777777777777777,-0.03471222087697397,214,0,9,50,204,52
15m,N23_HA_ST,is,2.0,9.363561448603122,0.009363561448603121,0.9916146639108625,True,1.6318422e+18,474,64038,2553,64,0.6223628691983122,-0.02824560829702812,333,0,2,15,290,167
15m,N23_HA_ST,cf,1.0,9.698049274731849,0.009698049274731849,0.9912839388530068,True,1.7207118e+18,180,46635,431,0,0.5222222222222223,-0.06353272469534124,117,0,68,55,53,4
15m,N23_HA_ST,cf,1.5,9.942019896153107,0.009942019896153108,0.990593723540411,True,1.7217441e+18,274,46635,1027,0,0.5802919708029197,-0.03712046035239129,192,0,28,50,178,18
15m,N23_HA_ST,cf,2.0,9.267581995816377,0.009267581995816376,0.9922970842345566,True,1.7235045e+18,403,46635,1972,70,0.6550868486352357,-0.029319751750771898,297,0,5,19,247,132
15m,N24_DMI,is,1.0,9.25927465126622,0.00925927465126622,0.9924068470458077,True,1.629549e+18,221,25156,278,4,0.5203619909502263,-0.04626942126443962,131,0,58,69,71,23
15m,N24_DMI,is,1.5,9.997436551956215,0.009997436551956215,0.9902046394666578,True,1.6297452e+18,197,25156,359,9,0.5583756345177665,-0.06647048993911599,121,0,3,25,137,32
15m,N24_DMI,is,2.0,9.795005267433098,0.009795005267433097,0.9904029790514931,True,1.6313535e+18,278,25156,708,31,0.6366906474820144,-0.04542573433088481,185,0,1,14,159,104
15m,N24_DMI,cf,1.0,9.196257193864682,0.009196257193864682,0.9927184782590951,True,1.7210808e+18,119,19355,165,0,0.44537815126050423,-0.08704729284292438,62,0,65,35,19,0
15m,N24_DMI,cf,1.5,9.391048716728514,0.009391048716728514,0.9920854403177142,True,1.721808e+18,163,19355,361,0,0.5337423312883436,-0.07170390727773027,98,0,16,49,90,8
15m,N24_DMI,cf,2.0,9.330164876093024,0.009330164876093023,0.9910561418348138,True,1.7236386e+18,244,19355,747,10,0.5942622950819673,-0.051506935009937006,161,0,2,10,166,66
15m,N25_DST_CCI,is,1.0,9.556743290599307,0.009556743290599308,0.9910308409676701,True,1.6296192e+18,200,27412,310,7,0.54,-0.04939042430152263,122,0,58,52,75,15
15m,N25_DST_CCI,is,1.5,8.866981109827234,0.008866981109827234,0.9916703444207026,True,1.6304976e+18,246,27412,525,12,0.5853658536585366,-0.04370170560687272,166,0,15,38,146,47
15m,N25_DST_CCI,is,2.0,9.829613662529628,0.009829613662529628,0.9907660459323993,True,1.6326837e+18,362,27412,995,43,0.6602209944751382,-0.032858031099875444,259,0,0,29,187,146
15m,N25_DST_CCI,cf,1.0,9.404631607187214,0.009404631607187214,0.9905953683928128,True,1.7208729e+18,123,21063,225,0,0.44715447154471544,-0.08930932074098798,71,0,50,47,26,0
15m,N25_DST_CCI,cf,1.5,9.505197933159964,0.009505197933159964,0.99049480206684,True,1.7219727e+18,189,21063,474,0,0.5767195767195767,-0.06241181789793828,120,0,19,47,117,6
15m,N25_DST_CCI,cf,2.0,9.597307340597139,0.009597307340597138,0.9904026926594028,True,1.7246646e+18,322,21063,1099,8,0.6242236024844721,-0.04299928208836452,223,0,5,28,214,75
15m,S1_EMA_RSI_CHOP,is,1.0,54.41822857883106,0.054418228578831065,0.945581771421169,False,,81,103,21,1,0.3950617283950617,-0.08690732139454198,41,0,37,16,23,5
15m,S1_EMA_RSI_CHOP,is,1.5,149.8352974318134,0.1498352974318134,0.8604943405788168,False,,80,103,22,1,0.525,-0.05497448392754908,50,0,14,14,38,14
15m,S1_EMA_RSI_CHOP,is,2.0,281.9620351148196,0.28196203511481965,0.7316119135173434,False,,77,103,18,8,0.6363636363636364,-0.039237289834378034,54,0,4,10,37,26
15m,S1_EMA_RSI_CHOP,cf,1.0,224.19393995259617,0.22419393995259618,0.8336261206758223,False,,49,77,27,1,0.5102040816326531,-0.07018091422670458,28,0,23,9,17,0
15m,S1_EMA_RSI_CHOP,cf,1.5,381.79590759205456,0.38179590759205456,0.662089544969142,False,,48,77,28,1,0.5833333333333334,-0.05920249459388691,30,0,10,7,23,8
15m,S1_EMA_RSI_CHOP,cf,2.0,301.69339231114634,0.30169339231114634,0.7229328423135717,False,,48,77,28,1,0.6041666666666666,-0.06801048082757728,32,0,4,6,21,17
15m,S3_CMO_SANDWICH,is,1.0,9.323213905556354,0.009323213905556354,0.9921224612252092,True,1.6338231e+18,212,4612,82,7,0.5566037735849056,-0.045800824704665635,133,0,92,55,59,6
15m,S3_CMO_SANDWICH,is,1.5,9.828303398980733,0.009828303398980732,0.9925608253864434,True,1.6390593e+18,380,4612,182,11,0.6263157894736842,-0.027756066531019672,264,0,33,97,209,41
15m,S3_CMO_SANDWICH,is,2.0,9.935153388090141,0.00993515338809014,0.9919192910310012,True,1.64313e+18,465,4612,294,20,0.6559139784946236,-0.02678086634905643,330,0,4,40,277,144
15m,S3_CMO_SANDWICH,cf,1.0,9.921375345850246,0.009921375345850246,0.9904162818870811,True,1.7234442e+18,130,3648,59,1,0.47692307692307695,-0.08313611884382627,72,0,60,38,29,3
15m,S3_CMO_SANDWICH,cf,1.5,9.973856271805936,0.009973856271805935,0.9904391018765856,True,1.7258715e+18,184,3648,132,1,0.5543478260869565,-0.06868453675177057,117,0,21,41,110,12
15m,S3_CMO_SANDWICH,cf,2.0,9.994059205396102,0.009994059205396102,0.9903139663146671,True,1.7283942e+18,235,3648,214,8,0.625531914893617,-0.05726642451325189,159,0,9,23,157,46
15m,S4_BB_BBP,is,1.0,9.741487061053213,0.009741487061053213,0.9922205769323,True,1.6292538e+18,135,19444,185,2,0.4444444444444444,-0.07839581374175986,78,0,46,50,36,3
15m,S4_BB_BBP,is,1.5,9.180295836114176,0.009180295836114176,0.9913134154691012,True,1.6295436e+18,140,19444,226,7,0.45,-0.08902108587235151,79,0,4,20,97,19
15m,S4_BB_BBP,is,2.0,9.988586458335773,0.009988586458335773,0.9913165140150161,True,1.631871e+18,275,19444,561,17,0.5818181818181818,-0.04817333203744526,176,0,2,20,160,93
15m,S4_BB_BBP,cf,1.0,9.63352800373651,0.00963352800373651,0.9911272738970224,True,1.7212248e+18,137,14712,205,0,0.45985401459854014,-0.07490164448695388,77,0,68,46,22,1
15m,S4_BB_BBP,cf,1.5,9.624979882431862,0.009624979882431862,0.9914366212251737,True,1.7222166e+18,188,14712,360,0,0.5478723404255319,-0.06342219165809473,121,0,23,55,104,6
15m,S4_BB_BBP,cf,2.0,9.998956330704821,0.009998956330704821,0.9906436164369676,True,1.7236071e+18,227,14712,610,3,0.5903083700440529,-0.05407909426849127,150,0,3,18,156,50
15m,N04_ST_KLINGER,is,1.0,9.329762876875357,0.009329762876875357,0.9925011359993856,True,1.6288641e+18,256,51962,361,1,0.55078125,-0.034718004461502264,166,0,58,89,98,11
15m,N04_ST_KLINGER,is,1.5,9.443726330938784,0.009443726330938785,0.9922871128003264,True,1.6298109e+18,351,51962,787,13,0.6096866096866097,-0.030257806168482282,239,0,7,63,223,58
15m,N04_ST_KLINGER,is,2.0,9.964188176257032,0.009964188176257032,0.9958813685464467,True,1.6309854e+18,422,51962,1384,29,0.6445497630331753,-0.02643075792273179,293,0,3,19,246,154
15m,N04_ST_KLINGER,cf,1.0,9.071133105330475,0.009071133105330474,0.9910701798105156,True,1.7208396e+18,209,37925,349,0,0.5598086124401914,-0.04766539646992781,135,0,76,69,59,5
15m,N04_ST_KLINGER,cf,1.5,8.99921440933237,0.008999214409332369,0.993522013533157,True,1.7221086e+18,324,37925,895,1,0.6203703703703703,-0.03367326179733715,229,0,29,75,201,19
15m,N04_ST_KLINGER,cf,2.0,9.879430656164837,0.009879430656164838,0.9947732706487343,True,1.7237412e+18,419,37925,1629,47,0.6610978520286396,-0.02890546788877739,304,0,2,17,270,130
15m,N05_PSAR_POC,is,1.0,9.440178368122861,0.00944017836812286,0.9927543606819831,True,1.6312014e+18,130,4757,30,4,0.45384615384615384,-0.07631919083682448,68,0,51,38,29,12
15m,N05_PSAR_POC,is,1.5,9.765901314156604,0.009765901314156604,0.9917354672346308,True,1.6320411e+18,149,4757,44,13,0.4899328859060403,-0.07581793629939548,82,0,17,28,86,18
15m,N05_PSAR_POC,is,2.0,9.22549760336216,0.00922549760336216,0.9924655108387271,True,1.6361046e+18,257,4757,151,21,0.5758754863813229,-0.053029322151236694,163,0,2,21,138,96
15m,N05_PSAR_POC,cf,1.0,9.219907870624382,0.009219907870624383,0.9921968973020847,True,1.7248743e+18,219,3601,75,2,0.5662100456621004,-0.041790616058449165,141,0,122,55,40,2
15m,N05_PSAR_POC,cf,1.5,9.492584456603677,0.009492584456603677,0.9940734812455196,True,1.7266428e+18,251,3601,134,3,0.5976095617529881,-0.03997670280745344,165,0,37,61,139,14
15m,N05_PSAR_POC,cf,2.0,9.42176197313698,0.009421761973136981,0.9930777802035473,True,1.7339625e+18,419,3601,295,10,0.6563245823389021,-0.022696845866317622,293,0,19,52,239,109
15m,N06_MACD_ORB,is,1.0,9.836965180213808,0.009836965180213807,0.9906199178289224,True,1.6334136e+18,189,4124,77,3,0.4973544973544973,-0.04670585676486981,110,0,58,55,62,14
15m,N06_MACD_ORB,is,1.5,9.007146777468447,0.009007146777468448,0.9913452429403736,True,1.6345836e+18,208,4124,111,6,0.5432692307692307,-0.05797195579077714,128,0,11,38,121,38
15m,N06_MACD_ORB,is,2.0,9.883963840584391,0.009883963840584391,0.9902917185317424,True,1.64412e+18,403,4124,283,19,0.6054590570719603,-0.033689468811000677,279,0,4,36,233,130
15m,N06_MACD_ORB,cf,1.0,9.137538890934254,0.009137538890934254,0.9942808000493155,True,1.7263881e+18,181,3286,89,0,0.47513812154696133,-0.054605894345105106,106,0,109,50,22,0
15m,N06_MACD_ORB,cf,1.5,9.217692697953105,0.009217692697953105,0.9932271066340416,True,1.7271522e+18,192,3286,115,0,0.53125,-0.054534200120412435,116,0,38,54,93,7
15m,N06_MACD_ORB,cf,2.0,9.31289148278497,0.00931289148278497,0.9923912958676234,True,1.7300952e+18,241,3286,216,0,0.5892116182572614,-0.04646252563515166,158,0,15,35,160,31
15m,N11_BREAKAWAY,is,1.0,9.867546026276958,0.009867546026276958,0.9922040790290496,True,1.7126127e+18,191,241,31,2,0.46596858638743455,-0.052874536452047115,105,0,91,35,54,11
15m,N11_BREAKAWAY,is,1.5,9.107544432895416,0.009107544432895416,0.9915306397764385,True,1.7048043e+18,177,241,31,5,0.4971751412429379,-0.07225463162024905,105,0,42,26,75,34
15m,N11_BREAKAWAY,is,2.0,12.372184449490046,0.012372184449490045,0.9895070168816856,False,,194,241,35,12,0.5412371134020618,-0.0677877365042568,122,0,22,26,85,61
15m,N11_BREAKAWAY,cf,1.0,9.966038677424706,0.009966038677424707,0.9923429200062306,True,1.7736021e+18,143,193,18,0,0.43356643356643354,-0.07450434029520608,80,0,72,34,34,3
15m,N11_BREAKAWAY,cf,1.5,23.79974035583576,0.02379974035583576,0.9833367229921472,False,,174,193,18,1,0.5574712643678161,-0.049704731765500665,114,0,35,34,89,16
15m,N11_BREAKAWAY,cf,2.0,34.8517040224257,0.0348517040224257,0.9757802316701378,False,,173,193,18,2,0.5895953757225434,-0.050753641234823704,117,0,11,21,99,42
15m,N13_3OUTSIDE,is,1.0,9.979785531463213,0.009979785531463213,0.9907881213639698,True,1.6321986e+18,204,4438,68,4,0.5049019607843137,-0.05077521577626988,121,0,66,45,75,18
15m,N13_3OUTSIDE,is,1.5,8.6553264260403,0.0086553264260403,0.9916543027628268,True,1.6337727e+18,249,4438,101,14,0.5662650602409639,-0.04754072820490781,162,0,12,31,156,50
15m,N13_3OUTSIDE,is,2.0,9.898378644945238,0.009898378644945237,0.9906754816394451,True,1.6370964e+18,355,4438,197,30,0.6225352112676056,-0.03851414861690186,237,0,3,25,193,134
15m,N13_3OUTSIDE,cf,1.0,9.28729240409519,0.00928729240409519,0.9907127075959048,True,1.7246736e+18,153,3156,30,8,0.46405228758169936,-0.06892225286031771,92,0,77,40,34,2
15m,N13_3OUTSIDE,cf,1.5,9.637786183881243,0.009637786183881242,0.9903622138161188,True,1.7259705e+18,175,3156,48,9,0.5428571428571428,-0.07128040094339987,106,0,13,41,104,17
15m,N13_3OUTSIDE,cf,2.0,9.057029441260415,0.009057029441260415,0.9918254869833547,True,1.7269281e+18,189,3156,66,9,0.5767195767195767,-0.06880388526618755,118,0,8,10,130,41
15m,N15_KC_AO,is,1.0,96.83127066098618,0.09683127066098618,0.9127299509042008,False,,57,63,6,0,0.3333333333333333,-0.11195526716452192,28,0,23,11,15,8
15m,N15_KC_AO,is,1.5,181.30670340289802,0.18130670340289803,0.8305562316359985,False,,52,63,6,5,0.4230769230769231,-0.0930934133687437,30,0,12,6,29,5
15m,N15_KC_AO,is,2.0,206.0822826053008,0.20608228260530081,0.7939177173946992,False,,50,63,6,7,0.44,-0.10557811970427101,29,0,6,4,22,18
15m,N15_KC_AO,cf,1.0,393.4935066172921,0.3934935066172921,0.6065064933827079,False,,18,19,1,0,0.3333333333333333,-0.13787071803382545,8,0,8,5,3,2
15m,N15_KC_AO,cf,1.5,473.7490968149404,0.4737490968149404,0.5879958254813862,False,,18,19,1,0,0.3888888888888889,-0.1391481732334319,8,0,2,3,10,3
15m,N15_KC_AO,cf,2.0,436.5741085325053,0.43657410853250533,0.6005916475544137,False,,16,19,1,2,0.4375,-0.15290143115826538,7,0,1,1,11,3
15m,N16_BBRSI,is,1.0,9.698398379649214,0.009698398379649214,0.9903016016203507,True,1.6304607e+18,149,7000,59,2,0.5100671140939598,-0.07079339669973043,87,0,51,46,41,11
15m,N16_BBRSI,is,1.5,9.507000645153038,0.009507000645153038,0.9914465139474885,True,1.6347312e+18,359,7000,175,17,0.5988857938718662,-0.027244005532354308,247,0,23,61,215,60
15m,N16_BBRSI,is,2.0,9.269802475750613,0.009269802475750613,0.9922479411383838,True,1.6357392e+18,373,7000,226,43,0.6246648793565683,-0.029176093083229174,261,0,1,21,226,125
15m,N16_BBRSI,cf,1.0,9.050361403370006,0.009050361403370006,0.9912231558881436,True,1.7227755e+18,156,5315,72,0,0.4807692307692308,-0.06504575714951742,95,0,83,38,34,1
15m,N16_BBRSI,cf,1.5,9.811895005669838,0.009811895005669837,0.9924230339060127,True,1.7243127e+18,210,5315,147,7,0.5666666666666667,-0.05277250925675878,137,0,16,47,120,27
15m,N16_BBRSI,cf,2.0,9.667416693130452,0.009667416693130452,0.9941503793330476,True,1.7279685e+18,332,5315,268,7,0.6566265060240963,-0.03256761468374285,238,0,8,29,221,74
15m,N19_FIB_CHOP,is,1.0,9.8921933422714,0.0098921933422714,0.9907382134168882,True,1.6328349e+18,138,4905,79,15,0.45652173913043476,-0.07994997474630007,77,0,40,38,45,15
15m,N19_FIB_CHOP,is,1.5,8.811375732979679,0.008811375732979678,0.9927358218289916,True,1.6350255e+18,189,4905,110,34,0.5238095238095238,-0.07528857363540482,110,0,8,30,112,39
15m,N19_FIB_CHOP,is,2.0,8.842438151655514,0.008842438151655514,0.992112389346532,True,1.6369713e+18,213,4905,140,59,0.5492957746478874,-0.0761031372747012,125,0,2,8,116,87
15m,N19_FIB_CHOP,cf,1.0,9.550989109916628,0.009550989109916629,0.9917790039291772,True,1.7277435e+18,177,2828,121,9,0.4915254237288136,-0.05300202226529725,112,0,81,50,42,4
15m,N19_FIB_CHOP,cf,1.5,9.42447644276714,0.00942447644276714,0.9905755235572329,True,1.731402e+18,242,2828,192,24,0.5619834710743802,-0.04713465276893448,163,0,35,54,132,21
15m,N19_FIB_CHOP,cf,2.0,9.350564475209424,0.009350564475209424,0.9914783946995418,True,1.7339679e+18,285,2828,252,43,0.6070175438596491,-0.045688941566682205,196,0,10,25,158,92
15m,N20_EMA9_CHOP,is,1.0,9.311636069511847,0.009311636069511848,0.991862826823628,True,1.6293312e+18,160,27049,243,4,0.4875,-0.07250398068501876,88,0,46,50,54,10
15m,N20_EMA9_CHOP,is,1.5,9.021874857065063,0.009021874857065062,0.9933660376654391,True,1.6305372e+18,231,27049,528,9,0.5670995670995671,-0.05625714539608278,149,0,15,52,118,46
15m,N20_EMA9_CHOP,is,2.0,9.411190399202297,0.009411190399202298,0.9935763056822873,True,1.6334271e+18,377,27049,1310,40,0.6445623342175066,-0.030444603354307938,264,0,4,26,212,135
15m,N20_EMA9_CHOP,cf,1.0,8.999274940855258,0.008999274940855258,0.9915553997130528,True,1.7209152e+18,95,20203,139,0,0.4105263157894737,-0.11196408041248349,41,0,53,28,14,0
15m,N20_EMA9_CHOP,cf,1.5,9.72890639973632,0.009728906399736321,0.9908229348422349,True,1.7221725e+18,153,20203,355,0,0.48366013071895425,-0.07842638865413633,86,0,24,27,98,4
15m,N20_EMA9_CHOP,cf,2.0,9.76410616088608,0.00976410616088608,0.9905234316517996,True,1.723554e+18,206,20203,696,2,0.5436893203883495,-0.06217588552435022,134,0,4,16,141,45
15m,V39_ALL,is,1.0,9.564504737226077,0.009564504737226077,0.9912092501667373,True,1.630134e+18,247,21102,299,3,0.5263157894736842,-0.04311767524552255,155,0,95,73,59,20
15m,V39_ALL,is,1.5,9.061805523278045,0.009061805523278045,0.9917039254870607,True,1.6320348e+18,352,21102,579,36,0.6278409090909091,-0.026512496623792795,239,0,31,71,193,57
15m,V39_ALL,is,2.0,9.577835527033365,0.009577835527033365,0.9908508433750631,True,1.6346943e+18,485,21102,995,58,0.6618556701030928,-0.024452465475462606,347,0,0,30,295,160
15m,V39_ALL,cf,1.0,9.073452318124618,0.009073452318124618,0.9926306342288278,True,1.7215632e+18,185,15793,248,0,0.4972972972972973,-0.05565643859561107,114,0,107,47,29,2
15m,V39_ALL,cf,1.5,9.774072709780528,0.009774072709780528,0.9917517774646067,True,1.7222661e+18,194,15793,416,0,0.5463917525773195,-0.05729339988916199,125,0,17,58,113,6
15m,V39_ALL,cf,2.0,9.146049810415008,0.009146049810415008,0.9919219717719975,True,1.7243235e+18,272,15793,797,18,0.5992647058823529,-0.052210696223008175,184,0,1,22,183,66
15m,OBV_S,is,1.0,9.47925647222809,0.00947925647222809,0.9933091488762749,True,1.632753e+18,225,7519,105,6,0.5377777777777778,-0.041183493904621636,134,0,93,62,56,14
15m,OBV_S,is,1.5,9.999168029580813,0.009999168029580813,0.9935803934723162,True,1.6337862e+18,250,7519,162,13,0.584,-0.04574299577774765,158,0,10,62,138,40
15m,OBV_S,is,2.0,9.79451097838035,0.00979451097838035,0.994233889598138,True,1.6390512e+18,428,7519,399,25,0.6425233644859814,-0.02757580416851816,294,0,1,21,275,131
15m,OBV_S,cf,1.0,8.84090382490511,0.00884090382490511,0.9917760356753952,True,1.7226873e+18,145,5655,83,0,0.4827586206896552,-0.06837909342849767,82,0,85,42,18,0
15m,OBV_S,cf,1.5,9.349189527863876,0.009349189527863877,0.9909389622819872,True,1.7259156e+18,246,5655,251,4,0.5934959349593496,-0.04414020547603966,161,0,36,65,134,11
15m,OBV_S,cf,2.0,9.723722494274636,0.009723722494274636,0.9905759728137373,True,1.7263638e+18,242,5655,291,10,0.628099173553719,-0.04833392439337948,163,0,13,24,164,41
15m,OBV_B,is,1.0,9.493821726501059,0.009493821726501058,0.9910203128815227,True,1.6296678e+18,222,20767,192,7,0.545045045045045,-0.046156673464393616,135,0,68,63,76,15
15m,OBV_B,is,1.5,8.62194336835756,0.00862194336835756,0.99290961406236,True,1.630998e+18,317,20767,411,17,0.6246056782334385,-0.03171683382791851,213,0,24,61,182,50
15m,OBV_B,is,2.0,9.667038528447776,0.009667038528447776,0.9912507065733877,True,1.6323552e+18,366,20767,602,46,0.6420765027322405,-0.03501625867713592,252,0,1,24,188,153
15m,OBV_B,cf,1.0,9.670017450414695,0.009670017450414695,0.9917240597863013,True,1.7210799e+18,132,15791,132,0,0.4696969696969697,-0.08026881751744835,77,0,58,51,21,2
15m,OBV_B,cf,1.5,9.669272778739469,0.009669272778739468,0.9929344081140196,True,1.7231526e+18,276,15791,426,14,0.6123188405797102,-0.04506381499614238,191,0,18,53,177,28
15m,OBV_B,cf,2.0,9.381104524519735,0.009381104524519734,0.9923548654983908,True,1.7247537e+18,354,15791,674,23,0.6610169491525424,-0.036479717686764,252,0,4,22,233,95
15m,V45_AMB,is,1.0,9.950658373067068,0.009950658373067068,0.9906885657665478,True,1.6327584e+18,203,7314,185,6,0.5566502463054187,-0.04764821410853131,126,0,80,42,60,21
15m,V45_AMB,is,1.5,8.88291314527652,0.00888291314527652,0.9916877197012829,True,1.6365132e+18,315,7314,345,20,0.6285714285714286,-0.03410979566371032,212,0,28,66,168,53
15m,V45_AMB,is,2.0,9.233615543050131,0.009233615543050131,0.9910373321952837,True,1.6412931e+18,415,7314,578,33,0.672289156626506,-0.027172212968493918,292,0,9,27,243,136
15m,V45_AMB,cf,1.0,9.800757117966329,0.00980075711796633,0.9902187674467905,True,1.7239743e+18,157,5770,134,0,0.5222929936305732,-0.06780785742270755,93,0,80,47,28,2
15m,V45_AMB,cf,1.5,9.768058404508619,0.009768058404508619,0.9909050158060666,True,1.7255565e+18,193,5770,256,3,0.5906735751295337,-0.06390657839049778,120,0,23,51,112,7
15m,V45_AMB,cf,2.0,9.895619880295747,0.009895619880295747,0.9905744492287762,True,1.7286498e+18,269,5770,454,3,0.6579925650557621,-0.04586042429938214,185,0,12,29,186,42
15m,DOGE,is,1.0,9.207967850999786,0.009207967850999785,0.9919615847986587,True,1.6306911e+18,202,8163,118,5,0.5099009900990099,-0.05175549630440196,122,0,71,47,55,29
15m,DOGE,is,1.5,9.830164121043268,0.009830164121043268,0.9908610031491637,True,1.632474e+18,257,8163,215,38,0.5836575875486382,-0.043363299048062486,164,0,13,44,146,54
15m,DOGE,is,2.0,9.499026353459543,0.009499026353459544,0.9911688583363077,True,1.6336116e+18,270,8163,299,57,0.6037037037037037,-0.04505316699903447,183,0,1,8,157,104
15m,DOGE,cf,1.0,9.460836051655134,0.009460836051655134,0.9929064072389612,True,1.7230761e+18,144,5715,67,9,0.4513888888888889,-0.07736709414150339,86,0,51,52,34,7
15m,DOGE,cf,1.5,9.121443787133893,0.009121443787133893,0.9928500686049423,True,1.7246529e+18,195,5715,112,15,0.5435897435897435,-0.06436441937689771,122,0,14,32,132,17
15m,DOGE,cf,2.0,8.841231052998976,0.008841231052998976,0.9925903434650861,True,1.7279613e+18,293,5715,225,17,0.6279863481228669,-0.04581428308980282,208,0,10,26,196,61
15m,RANDOM_1,is,1.0,9.843762108402116,0.009843762108402116,0.9901562378915979,True,1.6302699e+18,183,8037,31,5,0.4918032786885246,-0.06153723143962753,105,0,71,46,53,13
15m,RANDOM_1,is,1.5,9.666148784666794,0.009666148784666793,0.9906317693596648,True,1.632132e+18,291,8037,86,17,0.570446735395189,-0.03953563869625656,191,0,22,59,161,49
15m,RANDOM_1,is,2.0,9.290215910742067,0.009290215910742066,0.9921197131913391,True,1.6354089e+18,422,8037,226,35,0.6255924170616114,-0.03236967201508045,290,0,3,24,247,148
15m,RANDOM_1,cf,1.0,9.871225326609219,0.009871225326609218,0.9913659203407197,True,1.7213481e+18,113,6266,23,0,0.4424778761061947,-0.09691015753598,65,0,61,27,25,0
15m,RANDOM_1,cf,1.5,9.450825560120865,0.009450825560120866,0.9917481017822047,True,1.7221617e+18,161,6266,62,0,0.546583850931677,-0.0762242322085195,99,0,20,39,91,11
15m,RANDOM_1,cf,2.0,9.430210951439369,0.00943021095143937,0.9905697890485606,True,1.7240607e+18,222,6266,166,5,0.6126126126126126,-0.05955660617276828,150,0,3,14,136,69
15m,RANDOM_2,is,1.0,8.703659704586801,0.008703659704586801,0.9931890009672063,True,1.6313229e+18,226,7861,45,10,0.5132743362831859,-0.044616631764552744,138,0,66,75,65,20
15m,RANDOM_2,is,1.5,9.071978177747845,0.009071978177747844,0.9934348961383224,True,1.6348086e+18,409,7861,153,25,0.589242053789731,-0.026735102246357865,277,0,14,66,260,69
15m,RANDOM_2,is,2.0,8.91220838929245,0.00891220838929245,0.9938766158935209,True,1.6365735e+18,460,7861,252,45,0.6326086956521739,-0.02600674636825797,318,0,5,21,290,144
15m,RANDOM_2,cf,1.0,9.690115731219116,0.009690115731219116,0.9916299931232139,True,1.7227665e+18,193,5916,51,0,0.5233160621761658,-0.048074064360035994,119,0,98,56,33,6
15m,RANDOM_2,cf,1.5,9.568049004411106,0.009568049004411107,0.9931648486826705,True,1.7232435e+18,190,5916,81,8,0.5421052631578948,-0.06653679684838389,119,0,16,36,113,25
15m,RANDOM_2,cf,2.0,9.501036737378076,0.009501036737378076,0.9923003477533686,True,1.7242641e+18,213,5916,131,12,0.596244131455399,-0.06648787448315856,141,0,1,17,129,66
15m,RANDOM_3,is,1.0,9.568267146673803,0.009568267146673802,0.9904317328533262,True,1.6300368e+18,189,8002,48,2,0.5343915343915344,-0.06008074728194134,115,0,58,59,59,13
15m,RANDOM_3,is,1.5,9.883423116495218,0.009883423116495217,0.9910379719999843,True,1.6314876e+18,251,8002,97,8,0.5856573705179283,-0.05316418670144221,163,0,13,34,154,50
15m,RANDOM_3,is,2.0,9.682746852333505,0.009682746852333505,0.9913509373051912,True,1.6326864e+18,286,8002,153,30,0.6258741258741258,-0.05175270517380246,196,0,0,11,154,121
15m,RANDOM_3,cf,1.0,9.677861367997584,0.009677861367997585,0.9904583013893015,True,1.7222004e+18,179,6154,51,0,0.5139664804469274,-0.05405483873217762,111,0,85,56,38,0
15m,RANDOM_3,cf,1.5,9.956577849413078,0.009956577849413078,0.9900434221505869,True,1.7241723e+18,256,6154,125,9,0.5859375,-0.04518038523536383,173,0,19,46,169,22
15m,RANDOM_3,cf,2.0,9.368649700478372,0.009368649700478371,0.9907098381379458,True,1.7258139e+18,314,6154,206,16,0.6273885350318471,-0.04441540644821468,218,0,1,17,204,92
30m,S2_ST_ROC,is,1.0,8.901129371116163,0.008901129371116163,0.9912731573153729,True,1.6297614e+18,199,27312,349,14,0.4824120603015075,-0.060517868036013854,121,0,8,45,111,35
30m,S2_ST_ROC,is,1.5,9.32326806767507,0.00932326806767507,0.9907803048366867,True,1.6334568e+18,415,27312,1185,73,0.5975903614457831,-0.03587367347594691,295,0,0,11,226,178
30m,S2_ST_ROC,is,2.0,9.183423600719138,0.009183423600719137,0.9912264229661214,True,1.636011e+18,475,27312,1818,152,0.6210526315789474,-0.031441724223817295,353,0,0,0,147,328
30m,S2_ST_ROC,cf,1.0,8.694185624931674,0.008694185624931674,0.9914337239134234,True,1.722177e+18,216,20359,420,0,0.5231481481481481,-0.0472492577774103,136,0,32,71,105,8
30m,S2_ST_ROC,cf,1.5,9.525676097114738,0.009525676097114738,0.9911859774720077,True,1.7261532e+18,419,20359,1340,28,0.6109785202863962,-0.02317934307296313,297,0,4,20,302,93
30m,S2_ST_ROC,cf,2.0,9.227036534867208,0.009227036534867209,0.992828592645696,True,1.7286138e+18,458,20359,2006,50,0.6462882096069869,-0.02452518174834741,335,0,2,6,198,252
30m,S5_DONCHIAN_MFI,is,1.0,9.289059373504221,0.009289059373504221,0.9910961647432884,True,1.6658388e+18,194,663,60,7,0.4381443298969072,-0.059946521374676896,117,0,27,40,103,24
30m,S5_DONCHIAN_MFI,is,1.5,9.536119657081592,0.009536119657081591,0.9919517602112627,True,1.6763886e+18,238,663,81,24,0.5,-0.05140551604292927,154,0,10,20,130,78
30m,S5_DONCHIAN_MFI,is,2.0,9.93103324700588,0.00993103324700588,0.9907393614041684,True,1.6955784e+18,343,663,105,41,0.5597667638483965,-0.04013170476387593,231,0,9,21,137,176
30m,S5_DONCHIAN_MFI,cf,1.0,8.862735266761781,0.008862735266761781,0.9925966803023879,True,1.7457192e+18,149,566,50,4,0.4429530201342282,-0.07190959797372606,80,0,34,37,68,10
30m,S5_DONCHIAN_MFI,cf,1.5,8.928732345066624,0.008928732345066625,0.9924340688961873,True,1.7572752e+18,207,566,74,7,0.5217391304347826,-0.06488753935618713,131,0,10,21,129,47
30m,S5_DONCHIAN_MFI,cf,2.0,9.75835684102039,0.00975835684102039,0.9907420232846055,True,1.7816328e+18,357,566,131,15,0.5910364145658263,-0.04230398431858541,241,0,9,19,174,155
30m,S6_EMA_DMI_ADX,is,1.0,9.073647959748826,0.009073647959748826,0.9929602102155697,True,1.6461378e+18,327,2786,208,25,0.5168195718654435,-0.028824872632163687,217,0,25,67,176,59
30m,S6_EMA_DMI_ADX,is,1.5,8.930778358730695,0.008930778358730695,0.9931015238914649,True,1.6513056e+18,377,2786,298,52,0.5729442970822282,-0.032143501144988686,257,0,0,12,211,154
30m,S6_EMA_DMI_ADX,is,2.0,9.235145016348044,0.009235145016348045,0.9909775149524078,True,1.6541748e+18,355,2786,344,109,0.5915492957746479,-0.04615416046198839,246,0,0,0,114,241
30m,S6_EMA_DMI_ADX,cf,1.0,9.699517758867085,0.009699517758867085,0.9910630076786368,True,1.7279694e+18,175,2197,100,7,0.44571428571428573,-0.06730985698970304,105,0,26,55,86,8
30m,S6_EMA_DMI_ADX,cf,1.5,9.25040932502401,0.00925040932502401,0.9909585355727772,True,1.726695e+18,137,2197,110,8,0.43795620437956206,-0.10130549361312068,83,0,0,8,102,27
30m,S6_EMA_DMI_ADX,cf,2.0,9.974994515668296,0.009974994515668295,0.9902503170501676,True,1.7380782e+18,285,2197,281,54,0.5754385964912281,-0.059872216037170835,193,0,0,2,116,167
30m,N01_ST_EMA,is,1.0,8.842360086829286,0.008842360086829286,0.9911576399131707,True,1.6311906e+18,149,9000,143,17,0.47651006711409394,-0.07734723815177676,84,0,12,36,83,18
30m,N01_ST_EMA,is,1.5,9.772487228346135,0.009772487228346135,0.9902275127716539,True,1.6368354e+18,350,9000,485,44,0.5542857142857143,-0.03976121304856266,229,0,1,16,195,138
30m,N01_ST_EMA,is,2.0,9.834875329099454,0.009834875329099454,0.9901651246709006,True,1.6436682e+18,501,9000,928,97,0.6187624750499002,-0.025874756040203725,354,0,0,1,160,340
30m,N01_ST_EMA,cf,1.0,9.113180304628061,0.00911318030462806,0.990886819695372,True,1.7223894e+18,125,6569,93,0,0.448,-0.09958872835569942,74,0,29,29,62,5
30m,N01_ST_EMA,cf,1.5,9.203206907092394,0.009203206907092394,0.9907967930929076,True,1.7265816e+18,261,6569,324,5,0.5708812260536399,-0.04709090292592011,177,0,5,21,179,56
30m,N01_ST_EMA,cf,2.0,9.118095939090272,0.009118095939090272,0.991563652136187,True,1.7287812e+18,289,6569,503,11,0.5951557093425606,-0.04811006916675664,201,0,1,6,141,141
30m,N02_ST_KST,is,1.0,9.790293494119512,0.009790293494119511,0.9902097065058805,True,1.63098e+18,159,8021,102,9,0.44654088050314467,-0.0813630569850805,91,0,12,31,92,24
30m,N02_ST_KST,is,1.5,9.582096696693633,0.009582096696693633,0.9904179033033064,True,1.6362972e+18,336,8021,353,33,0.5625,-0.041771552703994415,219,0,1,9,202,124
30m,N02_ST_KST,is,2.0,8.965018063062038,0.008965018063062038,0.991034981936938,True,1.640277e+18,403,8021,598,72,0.598014888337469,-0.04322151360754627,279,0,0,0,121,282
30m,N02_ST_KST,cf,1.0,8.83207853846303,0.00883207853846303,0.9914547765975147,True,1.7243226e+18,218,6081,162,2,0.5275229357798165,-0.04225987428994871,141,0,34,62,105,17
30m,N02_ST_KST,cf,1.5,9.151030410152986,0.009151030410152985,0.9911019954641078,True,1.7266356e+18,288,6081,317,5,0.59375,-0.0395435901890169,198,0,5,28,193,62
30m,N02_ST_KST,cf,2.0,9.721028809624464,0.009721028809624464,0.9943785030645419,True,1.7351982e+18,530,6081,808,54,0.6566037735849056,-0.026306019155666,389,0,2,17,216,295
30m,N03_ADX_GC,is,1.0,9.671854769731075,0.009671854769731075,0.9933828781553475,True,1.6843248e+18,154,282,12,2,0.461038961038961,-0.0729130552313474,88,0,27,39,76,12
30m,N03_ADX_GC,is,1.5,30.11600560851702,0.030116005608517023,0.9771167089471202,False,,251,282,23,8,0.549800796812749,-0.036407556206403575,171,0,17,21,146,67
30m,N03_ADX_GC,is,2.0,187.0365961421025,0.1870365961421025,0.8494854660069421,False,,241,282,20,21,0.6182572614107884,-0.023418873422219662,175,0,3,12,106,120
30m,N03_ADX_GC,cf,1.0,9.174408883692827,0.009174408883692827,0.9912682945497618,True,1.7667684e+18,159,239,11,2,0.4591194968553459,-0.063345802053887,88,0,29,38,72,20
30m,N03_ADX_GC,cf,1.5,41.639925603006276,0.04163992560300628,0.9665099408381295,False,,202,239,27,10,0.5792079207920792,-0.04334705307604781,134,0,12,22,119,49
30m,N03_ADX_GC,cf,2.0,56.49394112673677,0.05649394112673677,0.9481099252845654,False,,192,239,27,20,0.59375,-0.04885462840410293,131,0,4,8,82,98
30m,N07_ICHI_CMO,is,1.0,9.544352778797712,0.009544352778797713,0.9906558088584441,True,1.6404552e+18,351,3916,175,10,0.5413105413105413,-0.02569066134544978,233,0,40,81,184,46
30m,N07_ICHI_CMO,is,1.5,9.466973600188275,0.009466973600188276,0.9908547866953614,True,1.64412e+18,378,3916,251,29,0.5714285714285714,-0.035847223776150704,259,0,0,26,215,137
30m,N07_ICHI_CMO,is,2.0,9.054020201632822,0.009054020201632823,0.9915177541525072,True,1.6584804e+18,598,3916,543,110,0.6304347826086957,-0.02310034748641959,430,0,0,10,206,382
30m,N07_ICHI_CMO,cf,1.0,9.880002208188346,0.009880002208188346,0.9901199977918117,True,1.7288658e+18,208,2650,100,0,0.5096153846153846,-0.044494921128496366,136,0,54,67,83,4
30m,N07_ICHI_CMO,cf,1.5,9.894953272848634,0.009894953272848634,0.9904097574026299,True,1.7301132e+18,221,2650,130,2,0.5475113122171946,-0.05538755578000825,142,0,7,23,153,38
30m,N07_ICHI_CMO,cf,2.0,9.70485435182626,0.00970485435182626,0.9912781704244168,True,1.7325324e+18,253,2650,194,14,0.6086956521739131,-0.060730695409240656,171,0,4,4,118,127
30m,N08_ICHI_WR,is,1.0,9.874526857620147,0.009874526857620147,0.9918314116670768,True,1.6966188e+18,309,509,45,9,0.5469255663430421,-0.030852964888879786,199,0,117,68,89,35
30m,N08_ICHI_WR,is,1.5,8.711854335821824,0.008711854335821825,0.9924400350219437,True,1.7043462e+18,338,509,57,21,0.5946745562130178,-0.029385184718564224,227,0,54,52,157,75
30m,N08_ICHI_WR,is,2.0,10.89946364237318,0.010899463642373179,0.9908850235233951,False,,391,509,67,51,0.618925831202046,-0.029590216950455082,269,0,20,42,175,154
30m,N08_ICHI_WR,cf,1.0,8.8377206126445,0.0088377206126445,0.9912337790353862,True,1.7588898e+18,169,365,21,0,0.4911242603550296,-0.06901545571024895,96,0,51,48,57,13
30m,N08_ICHI_WR,cf,1.5,9.536468675478005,0.009536468675478004,0.9910336994149958,True,1.7672886e+18,207,365,28,3,0.5603864734299517,-0.05915763051233375,130,0,14,30,115,48
30m,N08_ICHI_WR,cf,2.0,9.710407045891023,0.009710407045891023,0.9908701605029036,True,1.7783424e+18,245,365,42,12,0.6040816326530613,-0.055275473267903816,161,0,6,15,135,89
30m,N09_ALLIG_AROON,is,1.0,9.870782056767766,0.009870782056767766,0.9925205495645614,True,1.6378164e+18,285,4529,162,15,0.47719298245614034,-0.03952595950148695,184,0,31,60,147,47
30m,N09_ALLIG_AROON,is,1.5,9.015878234347282,0.009015878234347283,0.9953719627210406,True,1.6437834e+18,419,4529,284,38,0.5536992840095465,-0.03179413600300179,284,0,1,28,238,152
30m,N09_ALLIG_AROON,is,2.0,9.62736086982045,0.00962736086982045,0.9960927328438599,True,1.6449912e+18,398,4529,351,59,0.6030150753768844,-0.03686897102365037,274,0,0,0,146,252
30m,N09_ALLIG_AROON,cf,1.0,9.541484139074123,0.009541484139074123,0.9904585158609259,True,1.72521e+18,137,3318,95,6,0.41605839416058393,-0.07834219706165751,84,0,26,48,59,4
30m,N09_ALLIG_AROON,cf,1.5,9.011066970746016,0.009011066970746016,0.990988933029254,True,1.728054e+18,190,3318,172,7,0.5157894736842106,-0.07215420371484679,124,0,5,12,142,31
30m,N09_ALLIG_AROON,cf,2.0,9.997146097250875,0.009997146097250874,0.9900028539027491,True,1.728855e+18,201,3318,202,11,0.5671641791044776,-0.07481383267972011,137,0,1,6,104,90
30m,N10_HA_PSAR,is,1.0,9.528318266623058,0.009528318266623058,0.9904985099329229,True,1.6328592e+18,319,10820,305,25,0.5235109717868338,-0.033692116360306064,211,0,25,59,164,71
30m,N10_HA_PSAR,is,1.5,9.863882285585712,0.009863882285585712,0.9905734198961984,True,1.6333524e+18,286,10820,377,48,0.5664335664335665,-0.0459444151838484,196,0,0,7,152,127
30m,N10_HA_PSAR,is,2.0,9.742443614581639,0.009742443614581639,0.9908862521221794,True,1.6410474e+18,551,10820,983,153,0.6388384754990926,-0.02631140820006637,399,0,0,1,179,371
30m,N10_HA_PSAR,cf,1.0,8.887102472765854,0.008887102472765853,0.9944326474992805,True,1.724418e+18,268,8346,235,9,0.5261194029850746,-0.03661871054838313,180,0,38,75,138,17
30m,N10_HA_PSAR,cf,1.5,9.890281576968345,0.009890281576968345,0.9923340700568997,True,1.7267004e+18,331,8346,399,13,0.6072507552870091,-0.036452824532414635,232,0,7,23,221,80
30m,N10_HA_PSAR,cf,2.0,9.601249837136743,0.009601249837136743,0.9923446481952323,True,1.729953e+18,418,8346,701,27,0.6483253588516746,-0.03336253976999817,302,0,4,9,184,221
30m,N12_ICHI_AO,is,1.0,9.564244683831992,0.009564244683831992,0.990435755316168,True,1.6349796e+18,227,4182,118,11,0.4977973568281938,-0.05010977494453777,140,0,23,49,117,38
30m,N12_ICHI_AO,is,1.5,9.514859811794972,0.009514859811794972,0.990485140188205,True,1.6398864e+18,325,4182,229,31,0.5507692307692308,-0.04099432738056485,220,0,0,10,198,117
30m,N12_ICHI_AO,is,2.0,9.74244210618768,0.009742442106187679,0.9907131610843505,True,1.6490934e+18,484,4182,475,71,0.6301652892561983,-0.02312436925870187,345,0,0,3,169,312
30m,N12_ICHI_AO,cf,1.0,9.88180766832849,0.00988180766832849,0.9901181923316715,True,1.7284518e+18,223,3138,129,0,0.5022421524663677,-0.04333448275530385,147,0,50,74,87,12
30m,N12_ICHI_AO,cf,1.5,9.580621923422033,0.009580621923422033,0.990419378076578,True,1.733526e+18,345,3138,234,13,0.5739130434782609,-0.03839667422985041,238,0,13,24,222,86
30m,N12_ICHI_AO,cf,2.0,9.246333406684084,0.009246333406684083,0.9922023145642429,True,1.744551e+18,526,3138,463,63,0.6520912547528517,-0.026353119811810842,381,0,9,18,198,301
30m,N14_ICHI_RSI,is,1.0,934.9515980642836,0.9349515980642836,0.12941901702624092,False,,3,5,2,0,0.6666666666666666,-0.02704409780298291,2,0,1,0,2,0
30m,N14_ICHI_RSI,is,1.5,918.6427015814554,0.9186427015814554,0.14460505998358086,False,,3,5,2,0,0.6666666666666666,-0.03969913360076619,2,0,0,1,2,0
30m,N14_ICHI_RSI,is,2.0,933.532960653699,0.933532960653699,0.10404838481972012,False,,3,5,2,0,0.6666666666666666,-0.04641788290802349,2,0,0,0,1,2
30m,N14_ICHI_RSI,cf,1.0,1104.609239692147,1.104609239692147,0.0,False,,2,3,1,0,1.0,0.17042286012678626,2,0,0,0,2,0
30m,N14_ICHI_RSI,cf,1.5,1086.5335220356703,1.0865335220356704,0.0,False,,2,3,1,0,1.0,0.15728837318783068,2,0,0,0,1,1
30m,N14_ICHI_RSI,cf,2.0,1048.5224340984175,1.0485224340984176,0.0,False,,2,3,1,0,1.0,0.11995355191573324,2,0,0,0,0,2
30m,N17_KC_RSI,is,1.0,9.903469847275709,0.009903469847275708,0.9900965301527243,True,1.6298406e+18,174,39696,808,28,0.5114942528735632,-0.06695831388454919,108,0,2,48,93,31
30m,N17_KC_RSI,is,1.5,9.27362711890923,0.009273627118909231,0.9907263728810908,True,1.6310016e+18,191,39696,1240,100,0.5706806282722513,-0.07954785577957768,122,0,0,2,101,88
30m,N17_KC_RSI,is,2.0,9.33537873424381,0.00933537873424381,0.9906646212657562,True,1.636416e+18,361,39696,2880,356,0.6343490304709142,-0.04469674277518984,259,0,0,0,100,261
30m,N17_KC_RSI,cf,1.0,9.13788907769345,0.009137889077693449,0.9908621109223066,True,1.7214894e+18,132,30978,741,0,0.4772727272727273,-0.09250138447586762,77,0,8,46,70,8
30m,N17_KC_RSI,cf,1.5,8.878839123021443,0.008878839123021443,0.9915617489874972,True,1.7227908e+18,178,30978,1368,2,0.5393258426966292,-0.09047870424918049,110,0,0,5,125,48
30m,N17_KC_RSI,cf,2.0,9.383185249932199,0.009383185249932199,0.9906168147500678,True,1.7249454e+18,221,30978,2136,149,0.5927601809954751,-0.08361589510909331,142,0,0,0,66,155
30m,N18_VWMA_MACD,is,1.0,9.796352449907051,0.00979635244990705,0.9902036475500929,True,1.6302906e+18,192,28276,556,19,0.4739583333333333,-0.06747572572616868,115,0,9,32,120,31
30m,N18_VWMA_MACD,is,1.5,9.467733906268927,0.009467733906268927,0.9910678442659158,True,1.6361856e+18,500,28276,2010,111,0.57,-0.025738640109564316,342,0,1,15,292,192
30m,N18_VWMA_MACD,is,2.0,9.666810591886385,0.009666810591886385,0.9908800291058611,True,1.6377714e+18,476,28276,2464,195,0.6008403361344538,-0.0329317611415034,336,0,0,1,141,334
30m,N18_VWMA_MACD,cf,1.0,9.569636002386446,0.009569636002386446,0.9904777982051165,True,1.7227692e+18,245,21440,668,0,0.5102040816326531,-0.040063982141173266,164,0,37,82,119,7
30m,N18_VWMA_MACD,cf,1.5,9.514069329608594,0.009514069329608594,0.9904859306703914,True,1.7256312e+18,328,21440,1430,16,0.551829268292683,-0.03635171893295631,232,0,2,21,226,79
30m,N18_VWMA_MACD,cf,2.0,9.863689457618163,0.009863689457618162,0.9924477349112497,True,1.7288748e+18,388,21440,2359,21,0.6288659793814433,-0.030942597341451113,283,0,1,8,173,206
30m,N21_ST_RSI_ADX,is,1.0,1000.0,1.0,0.0,False,,0,0,0,0,,,0,0,0,0,0,0
30m,N21_ST_RSI_ADX,is,1.5,1000.0,1.0,0.0,False,,0,0,0,0,,,0,0,0,0,0,0
30m,N21_ST_RSI_ADX,is,2.0,1000.0,1.0,0.0,False,,0,0,0,0,,,0,0,0,0,0,0
30m,N21_ST_RSI_ADX,cf,1.0,1000.0,1.0,0.0,False,,0,0,0,0,,,0,0,0,0,0,0
30m,N21_ST_RSI_ADX,cf,1.5,1000.0,1.0,0.0,False,,0,0,0,0,,,0,0,0,0,0,0
30m,N21_ST_RSI_ADX,cf,2.0,1000.0,1.0,0.0,False,,0,0,0,0,,,0,0,0,0,0,0
30m,N22_VORTEX_PSAR,is,1.0,9.842402553794706,0.009842402553794706,0.9918112088696981,True,1.6299378e+18,197,22608,292,22,0.5228426395939086,-0.057550574650127855,118,0,8,40,105,44
30m,N22_VORTEX_PSAR,is,1.5,9.721503032095843,0.009721503032095843,0.9909251297052561,True,1.633617e+18,399,22608,898,84,0.5864661654135338,-0.033645383990249356,279,0,0,17,207,175
30m,N22_VORTEX_PSAR,is,2.0,9.30363153666457,0.00930363153666457,0.9919934083605171,True,1.6358454e+18,419,22608,1405,139,0.6062052505966588,-0.042317069173738876,298,0,0,0,132,287
30m,N22_VORTEX_PSAR,cf,1.0,9.953177377760278,0.009953177377760278,0.9903304245681264,True,1.7217396e+18,166,16803,280,0,0.4879518072289157,-0.057703130362578174,104,0,36,53,71,6
30m,N22_VORTEX_PSAR,cf,1.5,9.817445939715329,0.00981744593971533,0.9902749885843795,True,1.7243712e+18,306,16803,731,21,0.5882352941176471,-0.04104640976816972,214,0,1,14,223,68
30m,N22_VORTEX_PSAR,cf,2.0,9.372180972552,0.009372180972552,0.9907160612335418,True,1.725372e+18,293,16803,976,28,0.6177474402730375,-0.04966545656617012,206,0,0,1,120,172
30m,N23_HA_ST,is,1.0,9.260530426330714,0.009260530426330713,0.9912175306002485,True,1.6297236e+18,214,31607,476,24,0.5093457943925234,-0.05879541932185018,136,0,7,39,136,32
30m,N23_HA_ST,is,1.5,9.247927177762062,0.009247927177762062,0.9911537025101678,True,1.6318278e+18,319,31607,1064,84,0.567398119122257,-0.0389108748184693,217,0,0,12,180,127
30m,N23_HA_ST,is,2.0,9.865188621169473,0.009865188621169472,0.9903290471408904,True,1.6360758e+18,507,31607,2318,158,0.6331360946745562,-0.025757101788198712,368,0,0,0,156,351
30m,N23_HA_ST,cf,1.0,9.617513884424785,0.009617513884424785,0.9931823154950409,True,1.721682e+18,184,23590,478,2,0.4782608695652174,-0.05731504383609665,121,0,32,51,91,10
30m,N23_HA_ST,cf,1.5,9.907056158891688,0.009907056158891689,0.992438852458089,True,1.7261604e+18,458,23590,1497,49,0.6244541484716157,-0.024472827241654414,327,0,4,26,310,118
30m,N23_HA_ST,cf,2.0,9.948844158179082,0.009948844158179081,0.9900511558418209,True,1.7292798e+18,531,23590,2461,66,0.672316384180791,-0.023626720222262653,393,0,2,11,234,284
30m,N24_DMI,is,1.0,9.309016348606276,0.009309016348606276,0.9906909836513937,True,1.6330608e+18,289,12081,321,22,0.5397923875432526,-0.034189364217498575,184,0,39,61,142,47
30m,N24_DMI,is,1.5,9.318489910287683,0.009318489910287683,0.9907283890983294,True,1.6396488e+18,550,12081,893,60,0.6072727272727273,-0.02248164870032923,389,0,1,27,311,211
30m,N24_DMI,is,2.0,9.661121984090004,0.009661121984090004,0.99033887801591,True,1.6429248e+18,578,12081,1312,111,0.6332179930795848,-0.02606356612182504,420,0,0,0,219,359
30m,N24_DMI,cf,1.0,9.90657359019349,0.00990657359019349,0.990098897286107,True,1.7239698e+18,242,9368,285,9,0.5289256198347108,-0.042823531218503026,152,0,36,59,128,19
30m,N24_DMI,cf,1.5,9.461625710924617,0.009461625710924617,0.9908297436355118,True,1.7265672e+18,301,9368,526,14,0.584717607973422,-0.04520521869889222,201,0,2,25,196,78
30m,N24_DMI,cf,2.0,9.575194934056485,0.009575194934056485,0.9914032709848795,True,1.7300988e+18,364,9368,908,23,0.6291208791208791,-0.04375075252413418,252,0,2,9,158,195
30m,N25_DST_CCI,is,1.0,9.843980062416867,0.009843980062416867,0.9915425609512263,True,1.630782e+18,171,13575,223,17,0.5321637426900585,-0.06846929299246646,100,0,18,37,86,30
30m,N25_DST_CCI,is,1.5,9.837485134022455,0.009837485134022455,0.990895735804335,True,1.6342272e+18,311,13575,585,32,0.594855305466238,-0.04287843691174313,209,0,0,4,177,130
30m,N25_DST_CCI,is,2.0,9.5477320336047,0.009547732033604699,0.9913381830764211,True,1.6409376e+18,491,13575,1322,124,0.6537678207739308,-0.027645663101926114,352,0,0,0,152,339
30m,N25_DST_CCI,cf,1.0,9.663597683406001,0.009663597683406001,0.9910037573860956,True,1.7224524e+18,170,10566,211,0,0.4647058823529412,-0.07450092833595964,102,0,24,55,89,2
30m,N25_DST_CCI,cf,1.5,8.635040423163415,0.008635040423163416,0.9913649595768366,True,1.7246808e+18,234,10566,446,10,0.594017094017094,-0.05326048083306596,157,0,4,17,160,53
30m,N25_DST_CCI,cf,2.0,9.529084887164498,0.009529084887164498,0.9904709151128355,True,1.7274078e+18,285,10566,811,22,0.6210526315789474,-0.05620369012224306,197,0,0,2,130,153
30m,S1_EMA_RSI_CHOP,is,1.0,241.70286189294026,0.24170286189294027,0.7582971381070598,False,,45,68,20,3,0.4444444444444444,-0.10255873177929599,24,0,10,6,20,9
30m,S1_EMA_RSI_CHOP,is,1.5,309.15639580785637,0.30915639580785637,0.6908436041921436,False,,44,68,20,4,0.4772727272727273,-0.1093028318978159,26,0,2,3,19,20
30m,S1_EMA_RSI_CHOP,is,2.0,245.31738119096656,0.24531738119096655,0.7546826188090334,False,,42,68,18,8,0.47619047619047616,-0.1512543817202473,23,0,0,2,13,27
30m,S1_EMA_RSI_CHOP,cf,1.0,351.34398193729345,0.35134398193729344,0.6554419931643879,False,,28,37,9,0,0.42857142857142855,-0.07422615381137375,15,0,7,4,13,4
30m,S1_EMA_RSI_CHOP,cf,1.5,301.28737317417267,0.30128737317417265,0.7045317918547471,False,,28,37,9,0,0.39285714285714285,-0.1117931378016654,14,0,1,3,14,10
30m,S1_EMA_RSI_CHOP,cf,2.0,303.17558069281904,0.303175580692819,0.6994551517773364,False,,25,37,9,3,0.36,-0.16582192676267893,12,0,0,1,10,14
30m,S3_CMO_SANDWICH,is,1.0,8.760802548982587,0.008760802548982587,0.9912391974510174,True,1.6359246e+18,119,2322,39,10,0.4117647058823529,-0.10949294108079793,61,0,13,23,68,15
30m,S3_CMO_SANDWICH,is,1.5,9.750420287939384,0.009750420287939385,0.9935015133565165,True,1.6598052e+18,458,2322,238,43,0.6069868995633187,-0.024900581218447956,321,0,5,29,252,172
30m,S3_CMO_SANDWICH,is,2.0,9.899253936718564,0.009899253936718564,0.993215428555593,True,1.6640568e+18,471,2322,288,78,0.6496815286624203,-0.030696794968573107,339,0,2,0,175,294
30m,S3_CMO_SANDWICH,cf,1.0,9.776688701434527,0.009776688701434527,0.9906500085423673,True,1.7303184e+18,168,1681,66,0,0.5,-0.0578959136279097,96,0,63,41,56,8
30m,S3_CMO_SANDWICH,cf,1.5,9.607544156166794,0.009607544156166794,0.9926455110318484,True,1.7331012e+18,198,1681,88,10,0.5404040404040404,-0.06449076903067583,123,0,8,31,115,44
30m,S3_CMO_SANDWICH,cf,2.0,9.319661550309572,0.009319661550309572,0.9920143876595913,True,1.7401446e+18,261,1681,150,36,0.5862068965517241,-0.059595788105087415,171,0,3,9,111,138
30m,S4_BB_BBP,is,1.0,9.660183221573124,0.009660183221573124,0.9906027080118176,True,1.6317612e+18,200,9664,221,14,0.455,-0.06608663722707264,121,0,20,51,93,36
30m,S4_BB_BBP,is,1.5,9.467445682527572,0.009467445682527572,0.9912336986101207,True,1.6350264e+18,317,9664,472,27,0.5583596214511041,-0.04301572470353375,222,0,0,13,194,110
30m,S4_BB_BBP,is,2.0,9.41968701764185,0.009419687017641851,0.9913272369975002,True,1.638234e+18,377,9664,690,64,0.5862068965517241,-0.04265177352771343,263,0,0,0,142,235
30m,S4_BB_BBP,cf,1.0,8.785424019830465,0.008785424019830465,0.9917138022546047,True,1.7239572e+18,195,7414,246,0,0.4717948717948718,-0.05047836939144886,127,0,37,63,87,8
30m,S4_BB_BBP,cf,1.5,9.864982543535897,0.009864982543535896,0.990740986529971,True,1.7262216e+18,256,7414,441,2,0.53515625,-0.04716254814813127,179,0,5,29,180,42
30m,S4_BB_BBP,cf,2.0,9.415682192129633,0.009415682192129633,0.9905843178078704,True,1.7285904e+18,295,7414,654,7,0.5932203389830508,-0.046791265129737115,209,0,0,8,159,128
30m,N04_ST_KLINGER,is,1.0,8.93301859898985,0.00893301859898985,0.9910669814010101,True,1.6291242e+18,176,26546,230,7,0.5,-0.06708831329364583,106,0,0,38,103,35
30m,N04_ST_KLINGER,is,1.5,9.993564730975617,0.009993564730975617,0.9906113929449785,True,1.6303374e+18,233,26546,497,30,0.5536480686695279,-0.05935747449489297,149,0,0,3,133,97
30m,N04_ST_KLINGER,is,2.0,9.538844016071677,0.009538844016071676,0.9910349179190038,True,1.6319844e+18,273,26546,876,106,0.6153846153846154,-0.05033707363072354,190,0,0,0,82,191
30m,N04_ST_KLINGER,cf,1.0,9.743719726852913,0.009743719726852913,0.990256280273147,True,1.7213958e+18,184,18966,301,2,0.46195652173913043,-0.05685438198768029,112,0,22,56,84,22
30m,N04_ST_KLINGER,cf,1.5,9.768711165882808,0.009768711165882807,0.9902312888341172,True,1.7234064e+18,304,18966,666,38,0.5888157894736842,-0.03993229014641292,210,0,1,16,191,96
30m,N04_ST_KLINGER,cf,2.0,9.641498924622786,0.009641498924622786,0.9919618244410845,True,1.7288316e+18,550,18966,1849,60,0.66,-0.02579207047072195,405,0,1,12,238,299
30m,N05_PSAR_POC,is,1.0,9.554016783401345,0.009554016783401344,0.9923569255318637,True,1.641186e+18,246,2367,61,14,0.524390243902439,-0.042717741890529876,153,0,29,63,124,30
30m,N05_PSAR_POC,is,1.5,9.46763331446873,0.00946763331446873,0.9911697975099634,True,1.6490304e+18,321,2367,123,35,0.5794392523364486,-0.04382156592631671,208,0,2,21,190,108
30m,N05_PSAR_POC,is,2.0,9.72914729012731,0.00972914729012731,0.9923126827539772,True,1.654353e+18,359,2367,184,74,0.6462395543175488,-0.03634853267550031,251,0,1,5,136,217
30m,N05_PSAR_POC,cf,1.0,9.478803402744525,0.009478803402744524,0.9906012450315621,True,1.728945e+18,196,1845,61,1,0.5408163265306123,-0.04695678203271176,120,0,46,71,72,7
30m,N05_PSAR_POC,cf,1.5,9.93891624711683,0.009938916247116831,0.9902021466383895,True,1.737828e+18,356,1845,148,13,0.5926966292134831,-0.035635088635553036,241,0,10,26,225,95
30m,N05_PSAR_POC,cf,2.0,9.97159113436588,0.00997159113436588,0.9919877032968696,True,1.7493606e+18,472,1845,272,64,0.6652542372881356,-0.025290149782185672,338,0,6,10,199,257
30m,N06_MACD_ORB,is,1.0,9.810671163815327,0.009810671163815328,0.9901893288361847,True,1.6408926e+18,271,2906,129,10,0.5129151291512916,-0.035784234667478716,169,0,38,44,159,30
30m,N06_MACD_ORB,is,1.5,9.306247890018955,0.009306247890018954,0.9912829902785091,True,1.6538148e+18,453,2906,306,39,0.5982339955849889,-0.02210167369877712,322,0,9,41,255,148
30m,N06_MACD_ORB,is,2.0,9.449803836190956,0.009449803836190956,0.9907757446830048,True,1.6625556e+18,525,2906,446,88,0.6247619047619047,-0.024447612153346038,382,0,0,7,187,331
30m,N06_MACD_ORB,cf,1.0,9.41549944692974,0.00941549944692974,0.9917415391829733,True,1.7279694e+18,166,2306,95,1,0.4578313253012048,-0.06207100688779777,100,0,35,60,70,1
30m,N06_MACD_ORB,cf,1.5,9.610496868497531,0.00961049686849753,0.9919644118089761,True,1.7332326e+18,266,2306,191,8,0.5526315789473685,-0.05228224441443582,175,0,15,22,176,53
30m,N06_MACD_ORB,cf,2.0,9.448314472999677,0.009448314472999677,0.9909082521981843,True,1.7449074e+18,412,2306,350,58,0.6213592233009708,-0.03689238238773495,294,0,7,13,179,213
30m,N11_BREAKAWAY,is,1.0,164.8602641932763,0.1648602641932763,0.8627886819556307,False,,117,145,20,8,0.5213675213675214,-0.0312141441365912,73,0,28,27,54,8
30m,N11_BREAKAWAY,is,1.5,256.8798151361559,0.25687981513615593,0.7737983728993592,False,,114,145,20,11,0.5701754385964912,-0.024567194336227414,79,0,9,13,58,34
30m,N11_BREAKAWAY,is,2.0,607.4771611189245,0.6074771611189246,0.5599798285036938,False,,110,145,19,16,0.6636363636363637,-0.008599687432943022,81,0,3,5,38,64
30m,N11_BREAKAWAY,cf,1.0,166.97871416833993,0.16697871416833993,0.8361486993803858,False,,75,90,13,2,0.48,-0.05848838663246795,45,0,19,15,34,7
30m,N11_BREAKAWAY,cf,1.5,398.4803674621879,0.3984803674621879,0.606650246136089,False,,74,90,12,4,0.581081081081081,-0.03782132440813053,50,0,7,6,37,24
30m,N11_BREAKAWAY,cf,2.0,476.94859182196893,0.4769485918219689,0.5505373938195068,False,,69,90,13,8,0.6376811594202898,-0.03479867347086044,51,0,2,4,27,36
30m,N13_3OUTSIDE,is,1.0,9.995668332846378,0.009995668332846378,0.9903185775775079,True,1.6370658e+18,168,2109,56,10,0.48214285714285715,-0.074823873862687,98,0,8,37,99,24
30m,N13_3OUTSIDE,is,1.5,9.372717693762421,0.009372717693762422,0.9919489637244733,True,1.6434594e+18,254,2109,104,28,0.5511811023622047,-0.060424021457934234,166,0,0,10,149,95
30m,N13_3OUTSIDE,is,2.0,9.552610815335179,0.00955261081533518,0.991365049374073,True,1.647198e+18,277,2109,143,47,0.6028880866425993,-0.05747281475684081,191,0,0,0,71,206
30m,N13_3OUTSIDE,cf,1.0,9.783262675711905,0.009783262675711904,0.9910837493611299,True,1.7294058e+18,158,1681,30,6,0.47468354430379744,-0.06552287511245085,96,0,34,43,72,9
30m,N13_3OUTSIDE,cf,1.5,9.091549361804697,0.009091549361804696,0.9934107786086541,True,1.7354502e+18,261,1681,87,17,0.5632183908045977,-0.049406441198091976,173,0,15,15,151,80
30m,N13_3OUTSIDE,cf,2.0,9.54633626984635,0.00954633626984635,0.9948017530888026,True,1.7551872e+18,552,1681,271,74,0.6757246376811594,-0.02135184008419949,400,0,10,20,221,301
30m,N15_KC_AO,is,1.0,430.2276954354246,0.4302276954354246,0.6476529154631232,False,,37,45,6,2,0.4864864864864865,-0.056445251690237654,22,0,7,8,16,6
30m,N15_KC_AO,is,1.5,642.6777996153427,0.6426777996153427,0.563934497949403,False,,35,45,5,5,0.6,-0.03635884212654348,25,0,1,3,18,13
30m,N15_KC_AO,is,2.0,926.209539615221,0.926209539615221,0.23634243966996304,False,,31,45,3,11,0.6774193548387096,-0.0020736829667220317,25,0,1,0,13,17
30m,N15_KC_AO,cf,1.0,1004.2817126072873,1.0042817126072874,0.30508646071229095,False,,14,15,1,0,0.5714285714285714,0.034549656742172426,11,0,3,5,4,2
30m,N15_KC_AO,cf,1.5,937.0807079421132,0.9370807079421133,0.2362455110627314,False,,12,15,1,2,0.5833333333333334,-0.009410462675202033,9,0,0,2,8,2
30m,N15_KC_AO,cf,2.0,900.0183803050318,0.9000183803050318,0.2664526414234103,False,,12,15,1,2,0.5833333333333334,-0.012825126785608746,9,0,0,0,8,4
30m,N16_BBRSI,is,1.0,9.369635572881208,0.009369635572881207,0.9954617709643119,True,1.6344972e+18,202,3755,51,9,0.5198019801980198,-0.058236425278235616,122,0,12,37,121,32
30m,N16_BBRSI,is,1.5,9.881622386579934,0.009881622386579934,0.994802375985647,True,1.6435692e+18,393,3755,190,41,0.5877862595419847,-0.035326640878129964,265,0,0,19,215,159
30m,N16_BBRSI,is,2.0,9.60657894064627,0.009606578940646269,0.9929825705103785,True,1.6484742e+18,460,3755,292,82,0.6413043478260869,-0.027037510964110476,332,0,0,1,150,309
30m,N16_BBRSI,cf,1.0,9.97865034041605,0.00997865034041605,0.9911807616953504,True,1.7278092e+18,192,2765,92,7,0.5052083333333334,-0.05637219082838288,122,0,37,71,75,9
30m,N16_BBRSI,cf,1.5,9.53018300108704,0.009530183001087041,0.9933656408737425,True,1.735938e+18,349,2765,183,33,0.5845272206303725,-0.030444441098384147,249,0,10,25,224,90
30m,N16_BBRSI,cf,2.0,9.784238524252945,0.009784238524252946,0.9925441614277595,True,1.7432442e+18,459,2765,312,100,0.6470588235294118,-0.029563083922081887,335,0,0,11,179,269
30m,N19_FIB_CHOP,is,1.0,9.787008704256673,0.009787008704256672,0.9918366133519646,True,1.6472088e+18,264,2445,154,32,0.5151515151515151,-0.03948468914204864,177,0,19,47,135,63
30m,N19_FIB_CHOP,is,1.5,9.955060983128401,0.009955060983128402,0.993481067038094,True,1.6569378e+18,341,2445,256,88,0.5249266862170088,-0.04030244309240042,243,0,4,14,172,151
30m,N19_FIB_CHOP,is,2.0,9.971645063148094,0.009971645063148094,0.9911078560732173,True,1.6591878e+18,319,2445,263,156,0.5611285266457681,-0.04895237363369049,233,0,0,3,87,229
30m,N19_FIB_CHOP,cf,1.0,9.544950853486649,0.00954495085348665,0.9904550491465134,True,1.7323578e+18,165,1483,99,2,0.47878787878787876,-0.06805388026620722,95,0,44,33,75,13
30m,N19_FIB_CHOP,cf,1.5,9.78126142034025,0.00978126142034025,0.9902187385796597,True,1.7395992e+18,236,1483,185,27,0.5338983050847458,-0.05831158049527509,152,0,7,21,126,82
30m,N19_FIB_CHOP,cf,2.0,9.551828853646406,0.009551828853646405,0.9912367263891668,True,1.758969e+18,435,1483,322,84,0.6160919540229886,-0.03457520680913039,308,0,5,18,177,235
30m,N20_EMA9_CHOP,is,1.0,9.298154187142103,0.009298154187142103,0.9945907306511329,True,1.6330446e+18,272,12689,353,14,0.5551470588235294,-0.04176123690658775,176,0,36,62,135,39
30m,N20_EMA9_CHOP,is,1.5,9.546517951204848,0.009546517951204848,0.99448953344559,True,1.6350336e+18,307,12689,606,31,0.6058631921824105,-0.04018671316334727,209,0,0,14,177,116
30m,N20_EMA9_CHOP,is,2.0,9.093362591917412,0.009093362591917412,0.99364478087321,True,1.641051e+18,460,12689,1269,83,0.6478260869565218,-0.03470504307404447,333,0,0,0,178,282
30m,N20_EMA9_CHOP,cf,1.0,9.741256543532451,0.00974125654353245,0.9906892869560106,True,1.7224506e+18,121,9396,168,0,0.4793388429752066,-0.08442590724247612,66,0,27,34,58,2
30m,N20_EMA9_CHOP,cf,1.5,9.010287965385091,0.00901028796538509,0.9912918043096978,True,1.7243892e+18,169,9396,409,8,0.5029585798816568,-0.08192379266274376,100,0,1,10,119,39
30m,N20_EMA9_CHOP,cf,2.0,9.511409822986078,0.009511409822986079,0.9907814883955085,True,1.7280594e+18,251,9396,762,16,0.5976095617529881,-0.06277958153698188,165,0,0,1,116,134
30m,V39_ALL,is,1.0,9.968424034353086,0.009968424034353086,0.9905851625840331,True,1.6336584e+18,310,10452,341,27,0.5548387096774193,-0.027907477541657358,210,0,23,72,160,55
30m,V39_ALL,is,1.5,9.955752252606562,0.009955752252606562,0.9907552341907497,True,1.6377336e+18,444,10452,627,59,0.5968468468468469,-0.02727975776471688,311,0,0,29,235,180
30m,V39_ALL,is,2.0,9.846218608680983,0.009846218608680983,0.9912629162942774,True,1.640358e+18,447,10452,856,121,0.6353467561521253,-0.027857774290543105,327,0,0,0,146,301
30m,V39_ALL,cf,1.0,9.839499203542854,0.009839499203542854,0.9901605007964571,True,1.7220024e+18,118,7715,140,0,0.4830508474576271,-0.09645765031273677,69,0,26,35,52,5
30m,V39_ALL,cf,1.5,9.41114021598919,0.00941114021598919,0.9905888597840108,True,1.7266662e+18,279,7715,447,3,0.5806451612903226,-0.049302282777563516,188,0,3,30,194,52
30m,V39_ALL,cf,2.0,9.225752251075894,0.009225752251075895,0.9917257828496701,True,1.7296524e+18,332,7715,760,12,0.6265060240963856,-0.04515556676071256,234,0,3,10,173,146
30m,OBV_S,is,1.0,9.626740912603456,0.009626740912603456,0.9903732590873966,True,1.6345062e+18,185,3795,92,11,0.4648648648648649,-0.06125740877064966,110,0,13,46,96,30
30m,OBV_S,is,1.5,9.678000964594734,0.009678000964594733,0.9906644625094114,True,1.6405182e+18,302,3795,193,25,0.5662251655629139,-0.050956284402899205,200,0,0,13,177,112
30m,OBV_S,is,2.0,9.881337453385623,0.009881337453385623,0.9901186625466144,True,1.641141e+18,261,3795,229,52,0.5938697318007663,-0.06365380684085174,174,0,0,0,85,176
30m,OBV_S,cf,1.0,9.434922310178893,0.009434922310178893,0.9909214420647692,True,1.7260182e+18,163,2780,80,3,0.4601226993865031,-0.05728395904184004,92,0,40,61,57,5
30m,OBV_S,cf,1.5,9.50535897782801,0.00950535897782801,0.9918405593675672,True,1.7287812e+18,200,2780,138,3,0.545,-0.05792452637538025,127,0,8,21,149,22
30m,OBV_S,cf,2.0,9.755367532050641,0.009755367532050642,0.9919670213006001,True,1.7305956e+18,223,2780,189,10,0.5739910313901345,-0.05989228767878151,144,0,5,6,126,86
30m,OBV_B,is,1.0,9.674547238789938,0.009674547238789938,0.9903254527612101,True,1.6314534e+18,207,11095,207,23,0.5362318840579711,-0.049107596228078386,132,0,23,46,103,35
30m,OBV_B,is,1.5,8.845544284086548,0.008845544284086548,0.9911544557159134,True,1.6352424e+18,363,11095,464,53,0.5895316804407713,-0.0343915717794594,253,0,0,16,201,146
30m,OBV_B,is,2.0,8.807702090407133,0.008807702090407134,0.9913710251818026,True,1.6352064e+18,296,11095,486,92,0.597972972972973,-0.05362706949899766,205,0,0,0,96,200
30m,OBV_B,cf,1.0,9.751316842507789,0.009751316842507789,0.9915313535371805,True,1.7222508e+18,153,8059,172,0,0.477124183006536,-0.07381096627860222,96,0,34,48,67,4
30m,OBV_B,cf,1.5,9.803466281800446,0.009803466281800446,0.9911501413869193,True,1.725975e+18,292,8059,463,16,0.6027397260273972,-0.04496773783483353,205,0,2,12,194,84
30m,OBV_B,cf,2.0,9.832135998806121,0.009832135998806122,0.9911242604449458,True,1.72926e+18,359,8059,721,33,0.6518105849582173,-0.04198531069361137,259,0,1,5,152,201
30m,V45_AMB,is,1.0,8.94629077586118,0.00894629077586118,0.991553972298661,True,1.6365132e+18,187,3773,192,15,0.5133689839572193,-0.06417488136855144,114,0,19,47,92,29
30m,V45_AMB,is,1.5,9.416566353434888,0.009416566353434888,0.990872897820145,True,1.6493868e+18,383,3773,507,36,0.6240208877284595,-0.034791410535152015,263,0,4,19,223,137
30m,V45_AMB,is,2.0,9.945133145235967,0.009945133145235967,0.9903605791111193,True,1.6607466e+18,473,3773,773,127,0.6680761099365751,-0.03003190428153583,349,0,0,4,171,298
30m,V45_AMB,cf,1.0,9.898285877818083,0.009898285877818082,0.9912641093629035,True,1.7264412e+18,149,3006,144,4,0.4899328859060403,-0.07170749017180575,86,0,30,48,65,6
30m,V45_AMB,cf,1.5,9.75225370448766,0.009752253704487662,0.9905689050305467,True,1.7280882e+18,162,3006,206,10,0.5246913580246914,-0.08166481176419542,99,0,5,12,113,32
30m,V45_AMB,cf,2.0,9.381856273026807,0.009381856273026807,0.9912136329168663,True,1.733733e+18,217,3006,369,36,0.5852534562211982,-0.06611674131812842,143,0,3,4,102,108
30m,DOGE,is,1.0,9.990278129377097,0.009990278129377098,0.9908998125150158,True,1.6352208e+18,278,5599,222,34,0.5251798561151079,-0.03135342918549954,173,0,13,67,147,51
30m,DOGE,is,1.5,9.950676634519066,0.009950676634519066,0.991190149002726,True,1.6402446e+18,419,5599,393,66,0.5918854415274463,-0.02937938771751092,287,0,0,13,222,184
30m,DOGE,is,2.0,9.790492279943287,0.009790492279943287,0.9906173811838105,True,1.6420428e+18,395,5599,492,102,0.6303797468354431,-0.04316568006802571,279,0,0,0,113,282
30m,DOGE,cf,1.0,9.463102455179989,0.009463102455179988,0.9907636379839173,True,1.7268372e+18,254,4145,115,7,0.5590551181102362,-0.03991359619642173,173,0,41,73,130,10
30m,DOGE,cf,1.5,9.468709293415479,0.00946870929341548,0.9908541945046818,True,1.7283168e+18,279,4145,162,11,0.6129032258064516,-0.044701294261767964,198,0,5,19,184,71
30m,DOGE,cf,2.0,9.451801404709034,0.009451801404709035,0.9907780200260814,True,1.7421174e+18,637,4145,554,112,0.6797488226059655,-0.018294288365157788,482,0,0,7,238,392
30m,RANDOM_1,is,1.0,9.995470776861351,0.00999547077686135,0.9913044449830443,True,1.6329924e+18,191,4011,27,11,0.5287958115183246,-0.05854155339945247,116,0,18,41,103,29
30m,RANDOM_1,is,1.5,9.521528097454281,0.00952152809745428,0.9917167511900924,True,1.6404642e+18,396,4011,114,35,0.6111111111111112,-0.03765120402764564,270,0,0,16,227,153
30m,RANDOM_1,is,2.0,8.9735450097676,0.0089735450097676,0.9915770847995865,True,1.6439544e+18,421,4011,188,88,0.6484560570071259,-0.03608421701225069,298,0,0,0,140,281
30m,RANDOM_1,cf,1.0,9.797934284201158,0.009797934284201159,0.9905675025752825,True,1.7258148e+18,191,3111,45,4,0.4816753926701571,-0.06013040531787895,121,0,34,46,104,7
30m,RANDOM_1,cf,1.5,9.775964379895893,0.009775964379895892,0.991694126397761,True,1.7304444e+18,318,3111,126,7,0.5849056603773585,-0.0400604931742463,218,0,14,34,205,65
30m,RANDOM_1,cf,2.0,9.910278926744716,0.009910278926744717,0.9909877141659419,True,1.730025e+18,273,3111,149,8,0.5860805860805861,-0.05883680969150815,188,0,2,7,121,143
30m,RANDOM_2,is,1.0,9.586108107491555,0.009586108107491555,0.9913281036700857,True,1.6349382e+18,243,4048,61,15,0.522633744855967,-0.043694185233150676,154,0,21,53,136,33
30m,RANDOM_2,is,1.5,9.539798705271775,0.009539798705271775,0.9911851845016189,True,1.6415154e+18,431,4048,131,46,0.6125290023201856,-0.02877057650425204,303,0,0,17,245,169
30m,RANDOM_2,is,2.0,9.309335915256314,0.009309335915256314,0.9909265518684217,True,1.6418124e+18,394,4048,151,79,0.6294416243654822,-0.03899271023720352,279,0,0,0,122,272
30m,RANDOM_2,cf,1.0,9.736896183550632,0.009736896183550631,0.9920473443535793,True,1.7251218e+18,195,3090,53,4,0.5384615384615384,-0.05382518578707815,129,0,30,55,97,13
30m,RANDOM_2,cf,1.5,9.916933480433112,0.009916933480433113,0.9914046114167095,True,1.7297262e+18,307,3090,129,7,0.6254071661237784,-0.03748446186165479,221,0,11,26,204,66
30m,RANDOM_2,cf,2.0,9.774617811621502,0.009774617811621502,0.9934334133922506,True,1.7319384e+18,322,3090,178,25,0.639751552795031,-0.04219558276672666,230,0,1,8,141,172
30m,RANDOM_3,is,1.0,9.936073461655468,0.009936073461655467,0.9900639265383445,True,1.6344018e+18,223,3918,35,19,0.5022421524663677,-0.05406178777869737,139,0,11,47,120,45
30m,RANDOM_3,is,1.5,9.421764862777906,0.009421764862777906,0.9918377700117808,True,1.6385796e+18,309,3918,89,32,0.5857605177993528,-0.04631723058280445,210,0,1,10,161,137
30m,RANDOM_3,is,2.0,9.072592451677137,0.009072592451677138,0.992713740583852,True,1.6418232e+18,365,3918,150,74,0.6246575342465753,-0.04342176026868775,260,0,0,2,120,243
30m,RANDOM_3,cf,1.0,9.090752349991424,0.009090752349991425,0.9909092476500085,True,1.724049e+18,166,3180,35,2,0.4578313253012048,-0.07310171425562687,103,0,13,57,80,16
30m,RANDOM_3,cf,1.5,8.82491090882769,0.00882491090882769,0.9911750890911724,True,1.7281332e+18,276,3180,97,3,0.5797101449275363,-0.047291841178169314,187,0,6,20,189,61
30m,RANDOM_3,cf,2.0,9.664794238412327,0.009664794238412327,0.9903352057615876,True,1.7294976e+18,295,3180,136,11,0.6135593220338983,-0.04982517621977239,205,0,4,8,125,158
5m,S2_ST_ROC,is,1.0,9.916967749146512,0.009916967749146511,0.9900830322508535,True,1.6280778e+18,141,158690,373,0,0.4397163120567376,-0.07126780102136318,70,0,137,2,2,0
5m,S2_ST_ROC,is,1.5,9.875836199951658,0.009875836199951658,0.9901241638000483,True,1.628073e+18,105,158690,401,0,0.45714285714285713,-0.10009909688978401,54,0,52,40,12,1
5m,S2_ST_ROC,is,2.0,9.508316940531314,0.009508316940531314,0.9904916830594687,True,1.6286283e+18,239,158690,1237,2,0.5857740585774058,-0.04670427768186482,151,0,19,75,131,14
5m,S2_ST_ROC,cf,1.0,9.718761173885598,0.009718761173885598,0.9919574145047643,True,1.720353e+18,221,120754,703,0,0.4841628959276018,-0.042364440079193384,132,0,200,15,5,1
5m,S2_ST_ROC,cf,1.5,9.289344226246524,0.009289344226246523,0.9923127707536419,True,1.7205822e+18,217,120754,1092,0,0.5576036866359447,-0.045141244864168796,142,0,90,61,64,2
5m,S2_ST_ROC,cf,2.0,9.27267818458453,0.00927267818458453,0.9921594639349212,True,1.7212242e+18,285,120754,2134,1,0.6210526315789474,-0.036972646114798724,192,0,49,78,143,15
5m,S5_DONCHIAN_MFI,is,1.0,9.742424197055493,0.009742424197055493,0.9905288923833769,True,1.6313352e+18,149,5044,39,0,0.436241610738255,-0.06397898803839483,69,0,129,12,7,1
5m,S5_DONCHIAN_MFI,is,1.5,9.72023457572231,0.00972023457572231,0.9908569412584225,True,1.6310982e+18,138,5044,38,1,0.4927536231884058,-0.07206387641389572,73,0,82,30,24,2
5m,S5_DONCHIAN_MFI,is,2.0,9.610152405267938,0.009610152405267938,0.9908272690314838,True,1.6325466e+18,190,5044,61,1,0.5789473684210527,-0.050475545924095755,115,0,62,47,71,10
5m,S5_DONCHIAN_MFI,cf,1.0,9.761369809605162,0.009761369809605161,0.9933969757550744,True,1.7237763e+18,177,4372,46,0,0.4293785310734463,-0.0543213479339565,91,0,164,10,2,1
5m,S5_DONCHIAN_MFI,cf,1.5,9.614275978165187,0.009614275978165188,0.9927664833490543,True,1.7238156e+18,173,4372,53,0,0.49710982658959535,-0.057314777938136885,99,0,107,46,18,2
5m,S5_DONCHIAN_MFI,cf,2.0,9.609225630378223,0.009609225630378223,0.9930875807409437,True,1.7247399e+18,211,4372,81,1,0.5497630331753555,-0.05061917301921097,129,0,80,58,70,3
5m,S6_EMA_DMI_ADX,is,1.0,9.799228561475811,0.00979922856147581,0.9911346146521413,True,1.6287753e+18,118,12679,69,0,0.4491525423728814,-0.08582883423965046,57,0,97,15,3,3
5m,S6_EMA_DMI_ADX,is,1.5,9.608525087687763,0.009608525087687763,0.9921268742682321,True,1.6289889e+18,129,12679,99,1,0.4883720930232558,-0.08573453626627259,67,0,50,39,37,3
5m,S6_EMA_DMI_ADX,is,2.0,9.023542919921105,0.009023542919921105,0.9924007050752001,True,1.6297425e+18,174,12679,169,4,0.5689655172413793,-0.06074383443042444,102,0,25,48,84,17
5m,S6_EMA_DMI_ADX,cf,1.0,9.517055171923758,0.009517055171923758,0.9904829448280762,True,1.7212695e+18,118,10353,48,0,0.423728813559322,-0.08841524693584794,58,0,106,10,2,0
5m,S6_EMA_DMI_ADX,cf,1.5,9.446770840504836,0.009446770840504836,0.9905532291594952,True,1.7216082e+18,131,10353,73,0,0.5038167938931297,-0.08096354797803569,74,0,74,36,21,0
5m,S6_EMA_DMI_ADX,cf,2.0,9.084715257614619,0.009084715257614619,0.9909152847423853,True,1.7220789e+18,147,10353,105,0,0.5238095238095238,-0.08117181392768474,82,0,32,49,62,4
5m,N01_ST_EMA,is,1.0,9.952963655104554,0.009952963655104554,0.9900470363448954,True,1.6282215e+18,131,58129,158,0,0.4198473282442748,-0.07612074144331757,62,0,122,8,1,0
5m,N01_ST_EMA,is,1.5,9.622571699755749,0.00962257169975575,0.9914103717991388,True,1.6284273e+18,159,58129,265,0,0.5345911949685535,-0.06159416494166531,93,0,84,45,27,3
5m,N01_ST_EMA,is,2.0,9.460771216786735,0.009460771216786736,0.9919824583372049,True,1.629351e+18,287,58129,659,4,0.5958188153310104,-0.04208777484053749,185,0,34,78,136,39
5m,N01_ST_EMA,cf,1.0,9.815856417065135,0.009815856417065134,0.9923141235530588,True,1.7204595e+18,160,43375,237,0,0.4625,-0.0650925280125458,89,0,136,19,5,0
5m,N01_ST_EMA,cf,1.5,9.806064395376977,0.009806064395376977,0.9921089270060138,True,1.7206884e+18,183,43375,375,0,0.5245901639344263,-0.05792045123666643,116,0,73,67,43,0
5m,N01_ST_EMA,cf,2.0,9.289421886258966,0.009289421886258966,0.9915260742733119,True,1.7211618e+18,211,43375,631,0,0.6018957345971564,-0.05405646033681242,137,0,37,61,106,7
5m,N02_ST_KST,is,1.0,9.341248970533012,0.009341248970533013,0.9927811517948553,True,1.6285086e+18,177,48928,215,0,0.4519774011299435,-0.055986363247864844,95,0,159,8,10,0
5m,N02_ST_KST,is,1.5,9.44513904848094,0.00944513904848094,0.9908828015266046,True,1.6291734e+18,275,48928,447,1,0.5890909090909091,-0.03202561002098258,178,0,138,73,54,10
5m,N02_ST_KST,is,2.0,9.45951223524138,0.00945951223524138,0.9925939707378925,True,1.6295055e+18,292,48928,580,7,0.5821917808219178,-0.03945981699392109,194,0,45,77,122,48
5m,N02_ST_KST,cf,1.0,9.661131887649015,0.009661131887649015,0.9905526423231557,True,1.7203746e+18,140,37623,164,0,0.42857142857142855,-0.0716668157092692,71,0,127,8,4,1
5m,N02_ST_KST,cf,1.5,9.640961427209948,0.009640961427209948,0.99078717269633,True,1.7206185e+18,162,37623,289,0,0.5370370370370371,-0.06578723421627243,95,0,76,45,40,1
5m,N02_ST_KST,cf,2.0,9.549785519947696,0.009549785519947696,0.9906176141870113,True,1.7211204e+18,218,37623,524,1,0.5963302752293578,-0.0540539831463319,143,0,40,61,110,7
5m,N03_ADX_GC,is,1.0,9.674700709931248,0.009674700709931247,0.9917236187175064,True,1.6336275e+18,120,1891,11,1,0.35,-0.08503700300619696,54,0,98,13,9,0
5m,N03_ADX_GC,is,1.5,9.287829630186492,0.009287829630186492,0.9918111121242638,True,1.634058e+18,126,1891,16,1,0.4126984126984127,-0.0877808207851351,66,0,66,27,31,2
5m,N03_ADX_GC,is,2.0,9.666436954981387,0.009666436954981388,0.9909126905721726,True,1.6338144e+18,121,1891,16,1,0.4793388429752066,-0.09394031003257325,65,0,26,36,49,10
5m,N03_ADX_GC,cf,1.0,9.70361269003293,0.00970361269003293,0.990296387309967,True,1.7265837e+18,112,1343,3,0,0.38392857142857145,-0.09491752652651701,49,0,102,6,4,0
5m,N03_ADX_GC,cf,1.5,9.696057493071017,0.009696057493071017,0.990303942506929,True,1.7269743e+18,113,1343,8,0,0.4690265486725664,-0.09355945452973857,59,0,72,22,19,0
5m,N03_ADX_GC,cf,2.0,9.878068774856057,0.009878068774856058,0.9901219312251439,True,1.729071e+18,140,1343,14,0,0.5428571428571428,-0.08005867136094662,80,0,39,47,48,6
5m,N07_ICHI_CMO,is,1.0,9.859258576954076,0.009859258576954076,0.9910730921090574,True,1.6286877e+18,138,22152,60,0,0.42028985507246375,-0.07408644197948323,71,0,121,9,8,0
5m,N07_ICHI_CMO,is,1.5,8.787885564690468,0.008787885564690468,0.9921278968207553,True,1.6286808e+18,120,22152,77,0,0.475,-0.09065449890216944,64,0,53,44,21,2
5m,N07_ICHI_CMO,is,2.0,9.867835243521323,0.009867835243521323,0.9905409840101991,True,1.6291428e+18,156,22152,130,0,0.5256410256410257,-0.07550765406103334,91,0,20,53,71,12
5m,N07_ICHI_CMO,cf,1.0,9.863776699808808,0.009863776699808808,0.9916974070965247,True,1.7206389e+18,114,16560,71,0,0.32456140350877194,-0.08613376138830973,47,0,108,6,0,0
5m,N07_ICHI_CMO,cf,1.5,9.0871455963378,0.0090871455963378,0.9915363544327649,True,1.7207214e+18,109,16560,95,0,0.41284403669724773,-0.09273332078737007,53,0,61,33,15,0
5m,N07_ICHI_CMO,cf,2.0,9.590132282574091,0.00959013228257409,0.9907914538688684,True,1.7213382e+18,149,16560,189,0,0.5369127516778524,-0.07110454670305455,82,0,42,51,54,2
5m,N08_ICHI_WR,is,1.0,9.728935481284118,0.009728935481284118,0.9902710645187158,True,1.6315176e+18,96,3154,16,0,0.3541666666666667,-0.11284905907950082,38,0,82,6,8,0
5m,N08_ICHI_WR,is,1.5,9.937440631862316,0.009937440631862316,0.9900625593681377,True,1.6309965e+18,74,3154,17,0,0.36486486486486486,-0.14565785673847043,30,0,53,13,8,0
5m,N08_ICHI_WR,is,2.0,9.065550845018388,0.009065550845018387,0.9909344491549816,True,1.6328178e+18,133,3154,37,0,0.49624060150375937,-0.08990858463427738,70,0,36,40,43,14
5m,N08_ICHI_WR,cf,1.0,9.972776385520133,0.009972776385520132,0.9900272236144798,True,1.7243763e+18,120,2186,13,0,0.4,-0.09189556407857377,54,0,110,5,4,1
5m,N08_ICHI_WR,cf,1.5,9.535242818762956,0.009535242818762956,0.990464757181237,True,1.7241417e+18,113,2186,12,0,0.49557522123893805,-0.09517565437608767,60,0,80,19,12,2
5m,N08_ICHI_WR,cf,2.0,9.32181859167376,0.00932181859167376,0.9906781814083262,True,1.7273928e+18,185,2186,41,1,0.6054054054054054,-0.0558730651343162,117,0,76,63,42,4
5m,N09_ALLIG_AROON,is,1.0,8.944959585737225,0.008944959585737225,0.9910550404142627,True,1.6289433e+18,197,24303,113,0,0.4873096446700508,-0.050182998158425335,106,0,173,13,11,0
5m,N09_ALLIG_AROON,is,1.5,9.836871648167161,0.009836871648167161,0.990191630074018,True,1.6291836e+18,217,24303,163,0,0.5622119815668203,-0.043865310485040256,130,0,98,71,43,5
5m,N09_ALLIG_AROON,is,2.0,9.050380027696406,0.009050380027696406,0.9921951864839981,True,1.6296009e+18,235,24303,246,2,0.5787234042553191,-0.04785057095569919,145,0,45,58,111,21
5m,N09_ALLIG_AROON,cf,1.0,9.737272622086968,0.009737272622086967,0.9906357956133625,True,1.7206386e+18,124,18442,80,0,0.4032258064516129,-0.08340949505081095,63,0,113,8,3,0
5m,N09_ALLIG_AROON,cf,1.5,9.97373054775131,0.009973730547751311,0.9903343322383555,True,1.7206959e+18,120,18442,105,0,0.48333333333333334,-0.08522341744925328,68,0,67,34,19,0
5m,N09_ALLIG_AROON,cf,2.0,9.64890946462434,0.00964890946462434,0.9911392457149855,True,1.7212983e+18,169,18442,224,0,0.591715976331361,-0.06053160170078671,110,0,39,63,61,6
5m,N10_HA_PSAR,is,1.0,9.38513747907472,0.009385137479074719,0.9914624663948738,True,1.6281138e+18,134,69403,185,0,0.44776119402985076,-0.07770916140372357,67,0,126,6,2,0
5m,N10_HA_PSAR,is,1.5,9.489848827310986,0.009489848827310986,0.9921935077890205,True,1.6282056e+18,142,69403,262,0,0.5140845070422535,-0.07432079954405744,78,0,74,42,25,1
5m,N10_HA_PSAR,is,2.0,9.470022827521698,0.009470022827521697,0.9911392352531174,True,1.6286565e+18,222,69403,564,1,0.6036036036036037,-0.05022205080938867,138,0,18,69,122,13
5m,N10_HA_PSAR,cf,1.0,9.006790737508009,0.009006790737508008,0.9918662257622662,True,1.7202765e+18,150,51189,151,0,0.44666666666666666,-0.07206520455323075,76,0,128,11,10,1
5m,N10_HA_PSAR,cf,1.5,8.971197102080586,0.008971197102080586,0.9918340202716447,True,1.7205336e+18,191,51189,271,0,0.5445026178010471,-0.05898684438854104,115,0,89,51,44,7
5m,N10_HA_PSAR,cf,2.0,9.778815465737837,0.009778815465737837,0.9911822253723477,True,1.7206488e+18,181,51189,358,0,0.5580110497237569,-0.06240732036804291,112,0,47,45,76,13
5m,N12_ICHI_AO,is,1.0,9.847910700353559,0.00984791070035356,0.9927831612808004,True,1.6286775e+18,152,25280,92,0,0.4342105263157895,-0.067085785238043,81,0,137,7,8,0
5m,N12_ICHI_AO,is,1.5,9.771498466351984,0.009771498466351985,0.9923055753089508,True,1.6287762e+18,148,25280,123,0,0.49324324324324326,-0.06912955830614997,89,0,74,51,21,2
5m,N12_ICHI_AO,is,2.0,8.955452801039446,0.008955452801039446,0.9923060509598356,True,1.6289595e+18,152,25280,155,0,0.5131578947368421,-0.07439928395292332,89,0,18,58,66,10
5m,N12_ICHI_AO,cf,1.0,9.133094612527978,0.009133094612527978,0.9910568078705119,True,1.720572e+18,110,19181,84,0,0.4,-0.09749681864418966,50,0,103,6,1,0
5m,N12_ICHI_AO,cf,1.5,9.845682682342161,0.009845682682342162,0.9901543173176578,True,1.7207118e+18,113,19181,118,0,0.4690265486725664,-0.09524919235729441,59,0,59,35,18,1
5m,N12_ICHI_AO,cf,2.0,9.912443610216176,0.009912443610216176,0.9900875563897839,True,1.7216202e+18,188,19181,262,0,0.5531914893617021,-0.058683426250128186,116,0,62,51,73,2
5m,N14_ICHI_RSI,is,1.0,980.2876998894066,0.9802876998894066,0.060967228444613775,False,,3,3,0,0,0.3333333333333333,-0.014318042780647211,2,0,2,1,0,0
5m,N14_ICHI_RSI,is,1.5,997.5211340528018,0.9975211340528018,0.07387429313835348,False,,3,3,0,0,0.6666666666666666,0.010339950179845523,2,0,2,0,1,0
5m,N14_ICHI_RSI,is,2.0,1110.478852151598,1.110478852151598,0.0,False,,3,3,0,0,1.0,0.11454730351973923,3,0,1,1,0,1
5m,N14_ICHI_RSI,cf,1.0,784.8072789499305,0.7848072789499305,0.21519272105006948,False,,3,4,1,0,0.3333333333333333,-0.2263012083154222,1,0,1,0,2,0
5m,N14_ICHI_RSI,cf,1.5,967.2757183397953,0.9672757183397953,0.0847349048770416,False,,3,4,1,0,0.6666666666666666,-0.06887567290007128,2,0,1,0,0,2
5m,N14_ICHI_RSI,cf,2.0,971.5227205100723,0.9715227205100723,0.11103441309473716,False,,3,4,1,0,0.6666666666666666,-0.08356898499388145,2,0,0,1,0,2
5m,N17_KC_RSI,is,1.0,9.743336985489282,0.009743336985489282,0.990954291777774,True,1.6281483e+18,150,196088,675,0,0.48,-0.06741769729272486,79,0,132,16,2,0
5m,N17_KC_RSI,is,1.5,9.256731965729772,0.009256731965729771,0.9919378154185414,True,1.6282629e+18,153,196088,892,0,0.5424836601307189,-0.07106993170751157,89,0,56,52,41,4
5m,N17_KC_RSI,is,2.0,8.927131472232286,0.008927131472232286,0.9918986002782947,True,1.6287465e+18,245,196088,2101,3,0.5795918367346938,-0.047807995515026215,155,0,18,46,165,16
5m,N17_KC_RSI,cf,1.0,9.207054731805613,0.009207054731805614,0.9907929452681944,True,1.7200584e+18,102,148628,423,0,0.37254901960784315,-0.10604082194671002,47,0,98,4,0,0
5m,N17_KC_RSI,cf,1.5,8.795347230392608,0.008795347230392608,0.9912046527696073,True,1.7201529e+18,114,148628,767,0,0.47368421052631576,-0.1002735947327953,62,0,46,38,29,1
5m,N17_KC_RSI,cf,2.0,9.689876889981067,0.009689876889981066,0.9908178704788911,True,1.7208516e+18,197,148628,1945,4,0.5888324873096447,-0.064724909868574,127,0,26,39,115,17
5m,N18_VWMA_MACD,is,1.0,9.16164186515995,0.00916164186515995,0.99083835813484,True,1.6280325e+18,109,174922,395,0,0.3577981651376147,-0.0976371062935003,48,0,101,2,6,0
5m,N18_VWMA_MACD,is,1.5,8.744837540672089,0.008744837540672089,0.9926500205315257,True,1.628073e+18,95,174922,472,0,0.42105263157894735,-0.11500155356184748,45,0,51,31,12,1
5m,N18_VWMA_MACD,is,2.0,9.244294047872621,0.009244294047872621,0.9918210578065972,True,1.6283406e+18,131,174922,1019,0,0.5038167938931297,-0.0907257669989906,72,0,9,56,57,9
5m,N18_VWMA_MACD,cf,1.0,9.925456979977737,0.009925456979977737,0.9913831147007987,True,1.7201649e+18,140,135279,537,0,0.44285714285714284,-0.0744693405783389,68,0,121,12,6,1
5m,N18_VWMA_MACD,cf,1.5,9.845439247179344,0.009845439247179344,0.9921992263790543,True,1.7206617e+18,225,135279,1555,0,0.5822222222222222,-0.04212648279446744,146,0,85,78,59,3
5m,N18_VWMA_MACD,cf,2.0,9.451166732447813,0.009451166732447813,0.99122736062401,True,1.7214495e+18,318,135279,2970,1,0.6194968553459119,-0.030968110969907765,217,0,71,80,157,10
5m,N21_ST_RSI_ADX,is,1.0,1000.0,1.0,0.0,False,,0,0,0,0,,,0,0,0,0,0,0
5m,N21_ST_RSI_ADX,is,1.5,1000.0,1.0,0.0,False,,0,0,0,0,,,0,0,0,0,0,0
5m,N21_ST_RSI_ADX,is,2.0,1000.0,1.0,0.0,False,,0,0,0,0,,,0,0,0,0,0,0
5m,N21_ST_RSI_ADX,cf,1.0,977.1974785729625,0.9771974785729625,0.03281433819468049,False,,2,2,0,0,0.5,-0.028078554994459458,2,0,2,0,0,0
5m,N21_ST_RSI_ADX,cf,1.5,860.0735873487945,0.8600735873487945,0.14873824378261646,False,,2,2,0,0,0.5,-0.17298343697937943,1,0,1,1,0,0
5m,N21_ST_RSI_ADX,cf,2.0,900.0597050665168,0.9000597050665168,0.10733264766899664,False,,2,2,0,0,0.5,-0.1685362519158815,1,0,0,1,1,0
5m,N22_VORTEX_PSAR,is,1.0,9.339547427558411,0.00933954742755841,0.9906604525724416,True,1.6281324e+18,155,133678,342,0,0.45806451612903226,-0.06550630175289301,77,0,144,9,2,0
5m,N22_VORTEX_PSAR,is,1.5,9.864284328483741,0.009864284328483741,0.9901357156715163,True,1.6282197e+18,153,133678,482,0,0.5228758169934641,-0.06773427856575182,88,0,84,50,19,0
5m,N22_VORTEX_PSAR,is,2.0,9.673485769919758,0.009673485769919757,0.9905237472654254,True,1.6287114e+18,226,133678,1036,2,0.584070796460177,-0.049772323446488624,142,0,25,65,124,12
5m,N22_VORTEX_PSAR,cf,1.0,9.770268994340164,0.009770268994340164,0.9902297310056598,True,1.7201241e+18,132,102568,335,0,0.3939393939393939,-0.07935731915164299,65,0,127,4,1,0
5m,N22_VORTEX_PSAR,cf,1.5,9.291170273296569,0.009291170273296569,0.9907088297267034,True,1.7203092e+18,145,102568,583,0,0.5172413793103449,-0.07085095049058747,86,0,77,41,25,2
5m,N22_VORTEX_PSAR,cf,2.0,9.181028032141072,0.009181028032141072,0.990818971967859,True,1.720542e+18,171,102568,899,0,0.5906432748538012,-0.06698577297308972,107,0,31,36,92,12
5m,N23_HA_ST,is,1.0,9.90777947590896,0.00990777947590896,0.9900922205240911,True,1.6281249e+18,177,189269,583,0,0.4745762711864407,-0.053120274401848855,92,0,168,5,4,0
5m,N23_HA_ST,is,1.5,9.888979756263268,0.009888979756263268,0.9901110202437368,True,1.6281795e+18,166,189269,724,0,0.5180722891566265,-0.056158578254191974,95,0,98,50,16,2
5m,N23_HA_ST,is,2.0,9.766313322068292,0.009766313322068293,0.99245213259731,True,1.6284414e+18,225,189269,1228,3,0.5644444444444444,-0.04900323746051016,140,0,23,72,119,11
5m,N23_HA_ST,cf,1.0,9.642617601562359,0.009642617601562358,0.9914430607265292,True,1.7200467e+18,126,136648,342,0,0.3968253968253968,-0.08456326109109946,58,0,121,5,0,0
5m,N23_HA_ST,cf,1.5,9.845370661927522,0.009845370661927522,0.9908863255317918,True,1.7205336e+18,250,136648,1167,0,0.564,-0.039631466653925265,166,0,117,67,63,3
5m,N23_HA_ST,cf,2.0,8.720750516976764,0.008720750516976765,0.9917907964045517,True,1.7205351e+18,204,136648,1215,0,0.5735294117647058,-0.05832514499875899,130,0,35,51,104,14
5m,N24_DMI,is,1.0,9.590917625120762,0.009590917625120762,0.9913759419658666,True,1.6281363e+18,122,76583,183,0,0.4426229508196721,-0.08547428491479944,58,0,116,4,2,0
5m,N24_DMI,is,1.5,9.092078033381124,0.009092078033381124,0.991698162596634,True,1.6286604e+18,221,76583,512,1,0.5882352941176471,-0.04226896774030529,140,0,98,68,52,3
5m,N24_DMI,is,2.0,9.891104884340525,0.009891104884340524,0.9911901546847998,True,1.6289088e+18,214,76583,694,2,0.602803738317757,-0.04924787517715768,136,0,21,57,122,14
5m,N24_DMI,cf,1.0,9.293846254905219,0.009293846254905218,0.9907061537450947,True,1.7201121e+18,86,59026,129,0,0.3023255813953488,-0.12664782290351317,31,0,83,3,0,0
5m,N24_DMI,cf,1.5,8.76623497389917,0.00876623497389917,0.9912337650261008,True,1.7203932e+18,115,59026,261,0,0.48695652173913045,-0.09227894707610254,60,0,68,34,13,0
5m,N24_DMI,cf,2.0,9.79474134167815,0.00979474134167815,0.9902052586583219,True,1.7206899e+18,144,59026,455,0,0.5555555555555556,-0.07550193464316793,83,0,30,37,71,6
5m,N25_DST_CCI,is,1.0,9.021246133700062,0.009021246133700062,0.9919127840768079,True,1.6282161e+18,138,85064,232,0,0.43478260869565216,-0.07636864401579642,71,0,128,7,2,1
5m,N25_DST_CCI,is,1.5,9.798895280893214,0.009798895280893215,0.9919929745635163,True,1.6284267e+18,171,85064,395,0,0.543859649122807,-0.055807892776640396,102,0,88,54,27,2
5m,N25_DST_CCI,is,2.0,9.5977501619983,0.0095977501619983,0.9919740065741386,True,1.6291209e+18,278,85064,890,1,0.6187050359712231,-0.034639756683392274,181,0,34,86,134,24
5m,N25_DST_CCI,cf,1.0,9.925959188893527,0.009925959188893527,0.9905096107048417,True,1.7200845e+18,90,63873,224,0,0.25555555555555554,-0.12078094855082354,34,0,86,4,0,0
5m,N25_DST_CCI,cf,1.5,9.711707093857212,0.009711707093857212,0.9911539603995985,True,1.7205804e+18,167,63873,590,0,0.562874251497006,-0.06311736889070135,102,0,80,48,39,0
5m,N25_DST_CCI,cf,2.0,9.544830133207071,0.009544830133207071,0.9909946863642123,True,1.7208021e+18,163,63873,816,0,0.5828220858895705,-0.06798870727527108,102,0,34,37,87,5
5m,S1_EMA_RSI_CHOP,is,1.0,9.925422458294596,0.009925422458294596,0.9917452127328625,True,1.6937469e+18,133,235,49,0,0.39849624060150374,-0.0729001344828677,64,0,103,14,14,2
5m,S1_EMA_RSI_CHOP,is,1.5,9.619175534575533,0.009619175534575532,0.9904196155360043,True,1.6974642e+18,138,235,52,1,0.463768115942029,-0.07692642974907062,76,0,70,26,36,6
5m,S1_EMA_RSI_CHOP,is,2.0,9.854096045408534,0.009854096045408534,0.9921681731446647,True,1.7137563e+18,164,235,57,3,0.5426829268292683,-0.06541769440789708,101,0,46,39,58,21
5m,S1_EMA_RSI_CHOP,cf,1.0,45.10277829296065,0.04510277829296065,0.9661972442612305,False,,128,162,34,0,0.4609375,-0.05270207647972154,70,0,107,12,9,0
5m,S1_EMA_RSI_CHOP,cf,1.5,97.30420155353106,0.09730420155353106,0.920819613732225,False,,128,162,34,0,0.5546875,-0.04139859855891238,79,0,70,26,29,3
5m,S1_EMA_RSI_CHOP,cf,2.0,205.66043190611734,0.20566043190611732,0.8375540352991339,False,,127,162,35,0,0.6220472440944882,-0.023365130625816646,85,0,42,24,52,9
5m,S3_CMO_SANDWICH,is,1.0,9.908038957635876,0.009908038957635876,0.9900919610423641,True,1.6296552e+18,181,13162,73,1,0.4419889502762431,-0.05376923324284377,88,0,153,13,11,4
5m,S3_CMO_SANDWICH,is,1.5,9.316094192989134,0.009316094192989134,0.9906839058070108,True,1.6301421e+18,206,13162,130,1,0.529126213592233,-0.046748595136097956,119,0,114,39,41,12
5m,S3_CMO_SANDWICH,is,2.0,9.917711333163234,0.009917711333163234,0.9900822886668368,True,1.630353e+18,211,13162,160,3,0.5781990521327014,-0.04816736978288958,128,0,46,74,70,21
5m,S3_CMO_SANDWICH,cf,1.0,9.090256581315362,0.009090256581315362,0.9909097434186847,True,1.7209974e+18,122,9995,50,0,0.4344262295081967,-0.08741441038268488,61,0,118,4,0,0
5m,S3_CMO_SANDWICH,cf,1.5,9.81056627648464,0.009810566276484639,0.9901894337235153,True,1.7209995e+18,106,9995,66,0,0.4811320754716981,-0.10055516422201334,57,0,58,39,9,0
5m,S3_CMO_SANDWICH,cf,2.0,9.647346026244481,0.009647346026244482,0.9903526539737555,True,1.7221425e+18,169,9995,142,0,0.5857988165680473,-0.06381291235228444,104,0,54,46,67,2
5m,S4_BB_BBP,is,1.0,9.14414742678927,0.00914414742678927,0.9908558525732107,True,1.6282818e+18,124,56326,177,0,0.3951612903225806,-0.08369827559760537,55,0,119,1,4,0
5m,S4_BB_BBP,is,1.5,9.713883722039315,0.009713883722039315,0.9902861162779607,True,1.6284165e+18,140,56326,245,0,0.4928571428571429,-0.07152173872506733,76,0,77,44,16,3
5m,S4_BB_BBP,is,2.0,9.270351714194963,0.009270351714194963,0.9909186618069696,True,1.6285536e+18,149,56326,320,0,0.5167785234899329,-0.07773008852041824,83,0,17,51,70,11
5m,S4_BB_BBP,cf,1.0,9.334463731135902,0.009334463731135901,0.9926863179568259,True,1.7202141e+18,97,42792,134,0,0.3402061855670103,-0.11025183647042515,41,0,89,8,0,0
5m,S4_BB_BBP,cf,1.5,9.99825539771283,0.00999825539771283,0.9918388888253526,True,1.7205153e+18,129,42792,305,0,0.4418604651162791,-0.08195751066027904,74,0,60,44,25,0
5m,S4_BB_BBP,cf,2.0,8.975391872104192,0.008975391872104192,0.9923912496399017,True,1.7209104e+18,165,42792,514,0,0.509090909090909,-0.07500175718466653,101,0,44,37,83,1
5m,N04_ST_KLINGER,is,1.0,9.893607864984908,0.009893607864984909,0.9926511557077805,True,1.6280598e+18,158,152047,280,0,0.4810126582278481,-0.062008591742465806,83,0,150,5,3,0
5m,N04_ST_KLINGER,is,1.5,9.793048937899549,0.009793048937899548,0.9928036535942992,True,1.6282083e+18,182,152047,494,0,0.5494505494505495,-0.05375492099008836,108,0,102,52,28,0
5m,N04_ST_KLINGER,is,2.0,9.181466343019055,0.009181466343019055,0.9915624435501654,True,1.6284255e+18,208,152047,804,2,0.5625,-0.05635966538405737,126,0,34,55,108,11
5m,N04_ST_KLINGER,cf,1.0,9.949449299065293,0.009949449299065292,0.99130731027245,True,1.720131e+18,139,112112,384,0,0.39568345323741005,-0.07357446727739361,64,0,134,5,0,0
5m,N04_ST_KLINGER,cf,1.5,9.521545393853923,0.009521545393853923,0.9916384244451736,True,1.7204361e+18,220,112112,787,0,0.5772727272727273,-0.04274346694785115,139,0,98,65,54,3
5m,N04_ST_KLINGER,cf,2.0,9.140870304604679,0.009140870304604679,0.9913029979527812,True,1.7208669e+18,257,112112,1421,0,0.622568093385214,-0.04387804945574941,173,0,46,53,146,12
5m,N05_PSAR_POC,is,1.0,9.998967700421987,0.009998967700421987,0.990001032299578,True,1.629357e+18,157,13604,46,0,0.47770700636942676,-0.0652538448344456,85,0,125,22,10,0
5m,N05_PSAR_POC,is,1.5,8.801044140630369,0.00880104414063037,0.9911989558593697,True,1.6302339e+18,240,13604,113,0,0.5708333333333333,-0.03802069879459133,147,0,122,58,53,7
5m,N05_PSAR_POC,is,2.0,9.746144808553803,0.009746144808553802,0.9919738052262178,True,1.6308948e+18,293,13604,172,1,0.621160409556314,-0.03249776488567176,192,0,83,67,117,26
5m,N05_PSAR_POC,cf,1.0,9.846439088399014,0.009846439088399014,0.990153560911601,True,1.7208855e+18,125,10677,55,0,0.456,-0.08495011128275419,62,0,114,8,2,1
5m,N05_PSAR_POC,cf,1.5,9.814812903030486,0.009814812903030486,0.9915865321466347,True,1.7218062e+18,194,10677,132,0,0.5773195876288659,-0.05381781303834124,120,0,120,46,27,1
5m,N05_PSAR_POC,cf,2.0,9.8935726628917,0.0098935726628917,0.9914352826901821,True,1.721922e+18,187,10677,155,0,0.6042780748663101,-0.05573211573110185,118,0,49,61,74,3
5m,N06_MACD_ORB,is,1.0,8.910887877925976,0.008910887877925976,0.9910891121220741,True,1.6324272e+18,186,6991,63,0,0.4946236559139785,-0.052360774894637446,103,0,153,14,14,5
5m,N06_MACD_ORB,is,1.5,9.569659630604077,0.009569659630604077,0.9904303403693959,True,1.6336332e+18,245,6991,100,0,0.5673469387755102,-0.037929233326901936,151,0,116,55,67,7
5m,N06_MACD_ORB,is,2.0,9.440152614116691,0.009440152614116692,0.9905598473858833,True,1.6346052e+18,268,6991,146,1,0.585820895522388,-0.03714457495408889,170,0,71,67,112,18
5m,N06_MACD_ORB,cf,1.0,9.760424431801077,0.009760424431801078,0.9910004707194265,True,1.7232852e+18,155,5642,83,0,0.4129032258064516,-0.06728596922074664,82,0,139,11,5,0
5m,N06_MACD_ORB,cf,1.5,9.149802613947749,0.009149802613947749,0.9914298695449266,True,1.7230755e+18,135,5642,90,0,0.45185185185185184,-0.08254186190402585,77,0,85,30,19,1
5m,N06_MACD_ORB,cf,2.0,9.825206394294785,0.009825206394294786,0.9907876318334129,True,1.7244612e+18,192,5642,148,0,0.5677083333333334,-0.0519912976390117,121,0,68,52,66,6
5m,N11_BREAKAWAY,is,1.0,9.319349459658694,0.009319349459658694,0.9912441380006837,True,1.6483278e+18,152,671,14,1,0.4144736842105263,-0.06671330811549821,72,0,122,20,9,1
5m,N11_BREAKAWAY,is,1.5,9.199992369295186,0.009199992369295187,0.991121412001209,True,1.6484757e+18,156,671,15,2,0.5,-0.06624741863233788,83,0,85,31,39,1
5m,N11_BREAKAWAY,is,2.0,9.059105740596252,0.009059105740596252,0.9912573767151506,True,1.648182e+18,146,671,16,2,0.5273972602739726,-0.07757884250540208,82,0,35,41,59,11
5m,N11_BREAKAWAY,cf,1.0,9.60823379774267,0.00960823379774267,0.9915250161560093,True,1.7460912e+18,215,622,26,0,0.4930232558139535,-0.04801707858495783,112,0,178,17,19,1
5m,N11_BREAKAWAY,cf,1.5,9.634501594009071,0.009634501594009071,0.9905683087550825,True,1.7438625e+18,187,622,25,0,0.5614973262032086,-0.05586994544638042,109,0,100,35,43,9
5m,N11_BREAKAWAY,cf,2.0,9.849715623048931,0.009849715623048932,0.9918635835828049,True,1.7534316e+18,283,622,35,0,0.6325088339222615,-0.03503546506583386,184,0,111,57,91,24
5m,N13_3OUTSIDE,is,1.0,9.188011835706082,0.009188011835706082,0.9937790489821743,True,1.6285887e+18,107,13438,32,0,0.411214953271028,-0.09701398532781405,50,0,91,12,3,1
5m,N13_3OUTSIDE,is,1.5,9.890706148421508,0.009890706148421509,0.9924408223530983,True,1.6289193e+18,142,13438,57,0,0.5211267605633803,-0.07479109010072202,79,0,55,48,35,4
5m,N13_3OUTSIDE,is,2.0,9.759532234903682,0.009759532234903683,0.9916398668904569,True,1.6293015e+18,176,13438,94,2,0.5454545454545454,-0.06993557587395935,101,0,24,43,90,19
5m,N13_3OUTSIDE,cf,1.0,9.44089567989785,0.00944089567989785,0.9908252884850132,True,1.721436e+18,145,9562,51,0,0.43448275862068964,-0.07111301984666343,71,0,128,10,7,0
5m,N13_3OUTSIDE,cf,1.5,9.262379535239527,0.009262379535239527,0.9916612139924361,True,1.7215758e+18,148,9562,69,0,0.5067567567567568,-0.07433795476838415,81,0,93,28,25,2
5m,N13_3OUTSIDE,cf,2.0,9.232798898095266,0.009232798898095267,0.9911565359566975,True,1.7215758e+18,135,9562,82,0,0.5259259259259259,-0.08660133356100316,75,0,48,36,44,7
5m,N15_KC_AO,is,1.0,53.12129321859728,0.05312129321859728,0.9468787067814027,False,,102,123,20,1,0.4215686274509804,-0.05997350595348765,50,0,82,10,8,2
5m,N15_KC_AO,is,1.5,76.70007242587113,0.07670007242587112,0.9232999275741289,False,,102,123,20,1,0.5,-0.05329876867858665,57,0,58,14,23,7
5m,N15_KC_AO,is,2.0,42.68302628231095,0.04268302628231095,0.9602614274127513,False,,100,123,21,2,0.54,-0.06926540863097325,57,0,37,20,33,10
5m,N15_KC_AO,cf,1.0,160.67414944707923,0.16067414944707922,0.8958422160689028,False,,70,78,8,0,0.4857142857142857,-0.05711529548067871,36,0,57,9,3,1
5m,N15_KC_AO,cf,1.5,148.67139476605053,0.1486713947660505,0.8937671872574533,False,,69,78,8,1,0.5217391304347826,-0.06438958209802505,39,0,40,14,12,3
5m,N15_KC_AO,cf,2.0,139.45990810520047,0.13945990810520048,0.8996501244911608,False,,68,78,9,1,0.5441176470588235,-0.07360620412708564,40,0,24,15,24,5
5m,N16_BBRSI,is,1.0,8.994746445441386,0.008994746445441387,0.9915456509692513,True,1.6288047e+18,148,20089,67,0,0.44594594594594594,-0.07016036777282612,78,0,112,24,10,2
5m,N16_BBRSI,is,1.5,8.926651113891577,0.008926651113891577,0.9921060385093491,True,1.6293852e+18,208,20089,120,5,0.5528846153846154,-0.049291165698870786,126,0,85,50,64,9
5m,N16_BBRSI,is,2.0,9.151203079830436,0.009151203079830436,0.9941126242777624,True,1.6299303e+18,254,20089,188,6,0.6181102362204725,-0.03838355423754061,163,0,46,72,110,26
5m,N16_BBRSI,cf,1.0,9.446485114875658,0.009446485114875659,0.9911258382603534,True,1.7205525e+18,121,15407,59,0,0.4049586776859504,-0.08533051256733727,56,0,97,14,10,0
5m,N16_BBRSI,cf,1.5,9.380375215396082,0.009380375215396083,0.9911471456614471,True,1.7210802e+18,167,15407,107,0,0.5508982035928144,-0.06306860924518591,101,0,76,51,37,3
5m,N16_BBRSI,cf,2.0,9.769290035032109,0.009769290035032109,0.9913472321870955,True,1.7215383e+18,203,15407,186,0,0.6157635467980296,-0.05035779563047198,131,0,36,58,98,11
5m,N19_FIB_CHOP,is,1.0,9.682557220809622,0.009682557220809622,0.9903174427791904,True,1.6298919e+18,153,13220,67,0,0.43790849673202614,-0.06730139992586631,79,0,121,17,15,0
5m,N19_FIB_CHOP,is,1.5,8.973301508343756,0.008973301508343755,0.9910266984916563,True,1.6307616e+18,197,13220,108,0,0.5126903553299492,-0.055379892565665126,119,0,93,42,54,8
5m,N19_FIB_CHOP,is,2.0,9.980015133704445,0.009980015133704445,0.9900199848662956,True,1.6308462e+18,196,13220,118,0,0.5561224489795918,-0.05619607932551188,123,0,42,52,74,28
5m,N19_FIB_CHOP,cf,1.0,9.579704353146282,0.009579704353146281,0.9904202956468537,True,1.7214192e+18,99,7579,73,0,0.35353535353535354,-0.1061010936497012,42,0,85,10,4,0
5m,N19_FIB_CHOP,cf,1.5,8.876408044688306,0.008876408044688306,0.9911235919553117,True,1.7220189e+18,117,7579,113,0,0.4444444444444444,-0.08885624079140511,58,0,60,28,29,0
5m,N19_FIB_CHOP,cf,2.0,9.805248419233354,0.009805248419233354,0.9901947515807666,True,1.7237241e+18,176,7579,178,19,0.5454545454545454,-0.06713573544807999,104,0,41,43,80,12
5m,N20_EMA9_CHOP,is,1.0,9.758450163940639,0.009758450163940639,0.9902415498360594,True,1.6282056e+18,130,82353,212,0,0.43846153846153846,-0.07899777307336737,64,0,125,2,3,0
5m,N20_EMA9_CHOP,is,1.5,9.917156193276933,0.009917156193276933,0.9922646727167588,True,1.6287573e+18,208,82353,606,0,0.5576923076923077,-0.04461166698903351,127,0,102,78,28,0
5m,N20_EMA9_CHOP,is,2.0,9.410180954039006,0.009410180954039006,0.9941236509051669,True,1.6293015e+18,265,82353,1043,3,0.6,-0.04133154840478901,169,0,36,83,127,19
5m,N20_EMA9_CHOP,cf,1.0,9.918413681551112,0.009918413681551112,0.9900815863184489,True,1.7202735e+18,112,61836,183,0,0.36607142857142855,-0.09286416791237966,45,0,105,5,2,0
5m,N20_EMA9_CHOP,cf,1.5,9.532701404654125,0.009532701404654126,0.9904672985953459,True,1.7204691e+18,119,61836,298,0,0.47058823529411764,-0.0886716047257019,58,0,63,31,24,1
5m,N20_EMA9_CHOP,cf,2.0,9.30899373314669,0.009308993733146689,0.9906910062668534,True,1.7208099e+18,148,61836,523,0,0.5337837837837838,-0.08278753097250928,81,0,36,25,82,5
5m,V39_ALL,is,1.0,9.908226813528948,0.009908226813528948,0.9932401912280916,True,1.6282941e+18,136,58901,184,0,0.41911764705882354,-0.07589100064601026,65,0,129,4,2,1
5m,V39_ALL,is,1.5,9.571169448197477,0.009571169448197477,0.9925897628514451,True,1.6283709e+18,130,58901,228,0,0.5230769230769231,-0.07656728342661699,72,0,74,37,15,4
5m,V39_ALL,is,2.0,9.618164183360253,0.009618164183360253,0.9912113980252627,True,1.6291797e+18,258,58901,619,3,0.6046511627906976,-0.046731038369320535,163,0,36,75,115,32
5m,V39_ALL,cf,1.0,9.702646983975695,0.009702646983975695,0.9902973530160243,True,1.7200653e+18,72,44655,108,0,0.16666666666666666,-0.15234015291360942,19,0,70,1,1,0
5m,V39_ALL,cf,1.5,9.42864993900433,0.00942864993900433,0.9905713500609956,True,1.7204259e+18,119,44655,344,0,0.4789915966386555,-0.08766930848004569,64,0,56,33,28,2
5m,V39_ALL,cf,2.0,9.062673414514276,0.009062673414514276,0.9910855584673273,True,1.7209674e+18,183,44655,660,0,0.5901639344262295,-0.061610417091546514,120,0,35,46,93,9
5m,OBV_S,is,1.0,9.398114526401033,0.009398114526401033,0.9914883792470066,True,1.6292448e+18,188,21891,107,0,0.5,-0.05332260502018291,101,0,167,12,9,0
5m,OBV_S,is,1.5,9.126020358518748,0.009126020358518748,0.9918840273286393,True,1.6297836e+18,232,21891,178,0,0.5862068965517241,-0.04256993792369141,146,0,121,57,49,5
5m,OBV_S,is,2.0,9.26809506896573,0.00926809506896573,0.9933523016202014,True,1.6310796e+18,339,21891,337,2,0.6312684365781711,-0.023526221629223694,229,0,99,89,121,30
5m,OBV_S,cf,1.0,9.206650398522532,0.009206650398522533,0.9916598235810614,True,1.7207964e+18,140,16584,100,0,0.45714285714285713,-0.0775105460431649,76,0,125,9,5,1
5m,OBV_S,cf,1.5,9.935449160168377,0.009935449160168376,0.9913459375704285,True,1.7210712e+18,158,16584,159,0,0.5379746835443038,-0.07005513080713383,96,0,89,45,19,5
5m,OBV_S,cf,2.0,9.554063978957053,0.009554063978957054,0.9916781350498488,True,1.7218272e+18,194,16584,273,0,0.5773195876288659,-0.06096407306326634,123,0,56,64,70,4
5m,OBV_B,is,1.0,9.36677692601085,0.00936677692601085,0.9911773561515113,True,1.6281279e+18,114,58956,130,0,0.42105263157894735,-0.09421597065496494,51,0,103,9,2,0
5m,OBV_B,is,1.5,9.135384272689688,0.009135384272689688,0.9912941591654948,True,1.6281594e+18,105,58956,163,0,0.4857142857142857,-0.10301693571708327,54,0,63,25,17,0
5m,OBV_B,is,2.0,9.87055242778286,0.009870552427782859,0.9903959930738553,True,1.6286091e+18,173,58956,372,1,0.5838150289017341,-0.06815097481288487,105,0,22,45,92,14
5m,OBV_B,cf,1.0,9.294648800135832,0.009294648800135832,0.9922790473630395,True,1.7202177e+18,122,43944,163,0,0.39344262295081966,-0.08745245627396737,55,0,109,11,2,0
5m,OBV_B,cf,1.5,9.985382658988883,0.009985382658988882,0.9921069707110155,True,1.7204979e+18,158,43944,310,0,0.5379746835443038,-0.06511725368899042,95,0,69,45,44,0
5m,OBV_B,cf,2.0,8.69097344280197,0.00869097344280197,0.9929814395706444,True,1.720812e+18,175,43944,502,0,0.5657142857142857,-0.06707437127642885,108,0,29,37,104,5
5m,V45_AMB,is,1.0,9.607836643492382,0.009607836643492382,0.9910235866108492,True,1.6291017e+18,171,26408,170,0,0.5029239766081871,-0.057595903207214104,88,0,148,16,6,1
5m,V45_AMB,is,1.5,9.516861510393424,0.009516861510393423,0.9915921307569985,True,1.6299492e+18,247,26408,370,0,0.5951417004048583,-0.03867745484481718,151,0,121,55,59,12
5m,V45_AMB,is,2.0,9.484391017197666,0.009484391017197665,0.9914208528038063,True,1.6304094e+18,267,26408,475,0,0.6254681647940075,-0.04109582481603478,172,0,66,66,107,28
5m,V45_AMB,cf,1.0,9.202352294361841,0.009202352294361841,0.9907976477056382,True,1.7206206e+18,114,19973,138,0,0.38596491228070173,-0.09337346115280921,51,0,97,12,5,0
5m,V45_AMB,cf,1.5,9.808981687191412,0.009808981687191413,0.9901910183128085,True,1.7209761e+18,131,19973,218,0,0.46564885496183206,-0.08125866218147908,73,0,73,41,17,0
5m,V45_AMB,cf,2.0,9.122718976471061,0.00912271897647106,0.9908772810235289,True,1.7215236e+18,155,19973,388,0,0.567741935483871,-0.07314625257346856,91,0,56,35,58,6
5m,DOGE,is,1.0,8.977652752559838,0.008977652752559838,0.9914340385730521,True,1.6293423e+18,187,14769,109,0,0.46524064171123,-0.05151877143793221,107,0,133,19,29,6
5m,DOGE,is,1.5,9.244068262149536,0.009244068262149536,0.9908963314914071,True,1.6314288e+18,370,14769,322,10,0.6108108108108108,-0.020461422309923642,239,0,166,77,92,35
5m,DOGE,is,2.0,9.368226337514415,0.009368226337514414,0.9909201642878792,True,1.6317621e+18,371,14769,385,13,0.6307277628032345,-0.024157179978202287,246,0,80,80,139,72
5m,DOGE,cf,1.0,9.554249931157766,0.009554249931157766,0.9921930122770422,True,1.7208399e+18,89,10097,46,0,0.3258426966292135,-0.1218680225690696,36,0,79,7,3,0
5m,DOGE,cf,1.5,8.956936718023977,0.008956936718023977,0.9926810900388022,True,1.7211849e+18,111,10097,79,0,0.44144144144144143,-0.09739562463592402,61,0,62,32,17,0
5m,DOGE,cf,2.0,8.867417926142055,0.008867417926142054,0.9927542378122258,True,1.721439e+18,118,10097,107,0,0.4915254237288136,-0.0938593703273581,65,0,33,35,46,4
5m,RANDOM_1,is,1.0,9.107848057148741,0.009107848057148742,0.9908921519428513,True,1.6283316e+18,120,23127,44,0,0.43333333333333335,-0.0868521037438292,54,0,112,6,2,0
5m,RANDOM_1,is,1.5,9.905363152473951,0.00990536315247395,0.9900946368475261,True,1.6286487e+18,157,23127,94,0,0.5286624203821656,-0.07098440248122119,84,0,72,36,46,3
5m,RANDOM_1,is,2.0,9.672989427568222,0.009672989427568222,0.9903270105724318,True,1.6288455e+18,164,23127,129,0,0.5670731707317073,-0.06932579348541296,96,0,26,43,86,9
5m,RANDOM_1,cf,1.0,9.468209630073614,0.009468209630073615,0.9908974430880491,True,1.7203854e+18,122,17978,45,0,0.4262295081967213,-0.08764753959991683,58,0,109,9,4,0
5m,RANDOM_1,cf,1.5,9.83788320902149,0.00983788320902149,0.9911061439400299,True,1.7206743e+18,154,17978,87,0,0.551948051948052,-0.07197367198419105,94,0,70,46,36,2
5m,RANDOM_1,cf,2.0,9.917091354747237,0.009917091354747236,0.9911189358366463,True,1.721082e+18,178,17978,164,0,0.6179775280898876,-0.06271572488355678,114,0,31,52,86,9
5m,RANDOM_2,is,1.0,9.449411543116362,0.009449411543116362,0.9914399093007404,True,1.6283376e+18,131,23256,32,0,0.4351145038167939,-0.07923520701534126,61,0,123,6,2,0
5m,RANDOM_2,is,1.5,9.42757950550568,0.00942757950550568,0.991459686640445,True,1.6284519e+18,139,23256,65,0,0.5323741007194245,-0.0718706626976172,80,0,69,44,24,2
5m,RANDOM_2,is,2.0,9.714075082838878,0.009714075082838879,0.9910313391701357,True,1.6286301e+18,149,23256,107,0,0.5436241610738255,-0.07654860354553998,84,0,17,46,78,8
5m,RANDOM_2,cf,1.0,9.129469913969208,0.009129469913969209,0.9908705300860308,True,1.7204916e+18,124,17916,42,0,0.41935483870967744,-0.08095763987011005,62,0,102,17,5,0
5m,RANDOM_2,cf,1.5,9.230490456868877,0.009230490456868877,0.9911695717698579,True,1.7207511e+18,157,17916,71,0,0.5222929936305732,-0.06398955737173427,94,0,63,56,35,3
5m,RANDOM_2,cf,2.0,9.010680440595708,0.009010680440595708,0.991213241676217,True,1.7212041e+18,188,17916,146,0,0.5904255319148937,-0.06054559728175036,119,0,27,48,106,7
5m,RANDOM_3,is,1.0,9.967396952846583,0.009967396952846583,0.9900326030471535,True,1.628223e+18,98,23339,29,0,0.3673469387755102,-0.10677062797648633,42,0,89,5,4,0
5m,RANDOM_3,is,1.5,9.168221105772131,0.009168221105772131,0.9908317788942279,True,1.6288293e+18,187,23339,88,0,0.5561497326203209,-0.05539387292255565,108,0,70,67,48,2
5m,RANDOM_3,is,2.0,9.181512370506171,0.009181512370506172,0.9908184876294939,True,1.6294296e+18,257,23339,167,2,0.6108949416342413,-0.045127699044794106,163,0,21,64,132,40
5m,RANDOM_3,cf,1.0,9.840729703168886,0.009840729703168887,0.9911652005299226,True,1.7202696e+18,96,17872,31,0,0.3333333333333333,-0.10987944617852115,39,0,83,8,5,0
5m,RANDOM_3,cf,1.5,9.811307367507558,0.009811307367507557,0.9915466191918071,True,1.721442e+18,273,17872,161,0,0.608058608058608,-0.033540916251076205,178,0,148,79,43,3
5m,RANDOM_3,cf,2.0,9.04834816622156,0.00904834816622156,0.9909516518337784,True,1.7216565e+18,265,17872,222,0,0.6188679245283019,-0.03841768882810004,174,0,68,74,114,9
1d,S2_ST_ROC,is,1.0,1210.7030176602882,1.2107030176602882,0.009516651465583559,False,,2,475,6,467,0.5,0.5320472692128274,2,0,0,0,0,2
1d,S2_ST_ROC,is,1.5,1000.0,1.0,0.0,False,,0,475,0,475,,,0,0,0,0,0,0
1d,S2_ST_ROC,is,2.0,1000.0,1.0,0.0,False,,0,475,0,475,,,0,0,0,0,0,0
1d,S2_ST_ROC,cf,1.0,1000.0,1.0,0.0,False,,0,436,0,436,,,0,0,0,0,0,0
1d,S2_ST_ROC,cf,1.5,1000.0,1.0,0.0,False,,0,436,0,436,,,0,0,0,0,0,0
1d,S2_ST_ROC,cf,2.0,1000.0,1.0,0.0,False,,0,436,0,436,,,0,0,0,0,0,0
1d,S5_DONCHIAN_MFI,is,1.0,1000.0,1.0,0.0,False,,0,1,0,1,,,0,0,0,0,0,0
1d,S5_DONCHIAN_MFI,is,1.5,1000.0,1.0,0.0,False,,0,1,0,1,,,0,0,0,0,0,0
1d,S5_DONCHIAN_MFI,is,2.0,1000.0,1.0,0.0,False,,0,1,0,1,,,0,0,0,0,0,0
1d,S5_DONCHIAN_MFI,cf,1.0,1000.0,1.0,0.0,False,,0,5,0,5,,,0,0,0,0,0,0
1d,S5_DONCHIAN_MFI,cf,1.5,1000.0,1.0,0.0,False,,0,5,0,5,,,0,0,0,0,0,0
1d,S5_DONCHIAN_MFI,cf,2.0,1000.0,1.0,0.0,False,,0,5,0,5,,,0,0,0,0,0,0
1d,S6_EMA_DMI_ADX,is,1.0,1000.0,1.0,0.0,False,,0,61,0,61,,,0,0,0,0,0,0
1d,S6_EMA_DMI_ADX,is,1.5,1000.0,1.0,0.0,False,,0,61,0,61,,,0,0,0,0,0,0
1d,S6_EMA_DMI_ADX,is,2.0,1000.0,1.0,0.0,False,,0,61,0,61,,,0,0,0,0,0,0
1d,S6_EMA_DMI_ADX,cf,1.0,1000.0,1.0,0.0,False,,0,57,0,57,,,0,0,0,0,0,0
1d,S6_EMA_DMI_ADX,cf,1.5,1000.0,1.0,0.0,False,,0,57,0,57,,,0,0,0,0,0,0
1d,S6_EMA_DMI_ADX,cf,2.0,1000.0,1.0,0.0,False,,0,57,0,57,,,0,0,0,0,0,0
1d,N01_ST_EMA,is,1.0,1000.0,1.0,0.0,False,,0,146,0,146,,,0,0,0,0,0,0
1d,N01_ST_EMA,is,1.5,1000.0,1.0,0.0,False,,0,146,0,146,,,0,0,0,0,0,0
1d,N01_ST_EMA,is,2.0,1000.0,1.0,0.0,False,,0,146,0,146,,,0,0,0,0,0,0
1d,N01_ST_EMA,cf,1.0,1000.0,1.0,0.0,False,,0,130,0,130,,,0,0,0,0,0,0
1d,N01_ST_EMA,cf,1.5,1000.0,1.0,0.0,False,,0,130,0,130,,,0,0,0,0,0,0
1d,N01_ST_EMA,cf,2.0,1000.0,1.0,0.0,False,,0,130,0,130,,,0,0,0,0,0,0
1d,N02_ST_KST,is,1.0,913.9021631320209,0.9139021631320209,0.08609783686797912,False,,1,143,0,142,0.0,-0.43048918433989597,0,0,0,0,0,1
1d,N02_ST_KST,is,1.5,1000.0,1.0,0.0,False,,0,143,0,143,,,0,0,0,0,0,0
1d,N02_ST_KST,is,2.0,1000.0,1.0,0.0,False,,0,143,0,143,,,0,0,0,0,0,0
1d,N02_ST_KST,cf,1.0,1000.0,1.0,0.0,False,,0,138,0,138,,,0,0,0,0,0,0
1d,N02_ST_KST,cf,1.5,1000.0,1.0,0.0,False,,0,138,0,138,,,0,0,0,0,0,0
1d,N02_ST_KST,cf,2.0,1000.0,1.0,0.0,False,,0,138,0,138,,,0,0,0,0,0,0
1d,N03_ADX_GC,is,1.0,1000.0,1.0,0.0,False,,0,4,0,4,,,0,0,0,0,0,0
1d,N03_ADX_GC,is,1.5,1000.0,1.0,0.0,False,,0,4,0,4,,,0,0,0,0,0,0
1d,N03_ADX_GC,is,2.0,1000.0,1.0,0.0,False,,0,4,0,4,,,0,0,0,0,0,0
1d,N03_ADX_GC,cf,1.0,1000.0,1.0,0.0,False,,0,3,0,3,,,0,0,0,0,0,0
1d,N03_ADX_GC,cf,1.5,1000.0,1.0,0.0,False,,0,3,0,3,,,0,0,0,0,0,0
1d,N03_ADX_GC,cf,2.0,1000.0,1.0,0.0,False,,0,3,0,3,,,0,0,0,0,0,0
1d,N07_ICHI_CMO,is,1.0,1000.0,1.0,0.0,False,,0,74,0,74,,,0,0,0,0,0,0
1d,N07_ICHI_CMO,is,1.5,1000.0,1.0,0.0,False,,0,74,0,74,,,0,0,0,0,0,0
1d,N07_ICHI_CMO,is,2.0,1000.0,1.0,0.0,False,,0,74,0,74,,,0,0,0,0,0,0
1d,N07_ICHI_CMO,cf,1.0,1000.0,1.0,0.0,False,,0,59,0,59,,,0,0,0,0,0,0
1d,N07_ICHI_CMO,cf,1.5,1000.0,1.0,0.0,False,,0,59,0,59,,,0,0,0,0,0,0
1d,N07_ICHI_CMO,cf,2.0,1000.0,1.0,0.0,False,,0,59,0,59,,,0,0,0,0,0,0
1d,N08_ICHI_WR,is,1.0,1000.0,1.0,0.0,False,,0,5,0,5,,,0,0,0,0,0,0
1d,N08_ICHI_WR,is,1.5,1000.0,1.0,0.0,False,,0,5,0,5,,,0,0,0,0,0,0
1d,N08_ICHI_WR,is,2.0,1000.0,1.0,0.0,False,,0,5,0,5,,,0,0,0,0,0,0
1d,N08_ICHI_WR,cf,1.0,1000.0,1.0,0.0,False,,0,4,0,4,,,0,0,0,0,0,0
1d,N08_ICHI_WR,cf,1.5,1000.0,1.0,0.0,False,,0,4,0,4,,,0,0,0,0,0,0
1d,N08_ICHI_WR,cf,2.0,1000.0,1.0,0.0,False,,0,4,0,4,,,0,0,0,0,0,0
1d,N09_ALLIG_AROON,is,1.0,1000.0,1.0,0.0,False,,0,86,0,86,,,0,0,0,0,0,0
1d,N09_ALLIG_AROON,is,1.5,1000.0,1.0,0.0,False,,0,86,0,86,,,0,0,0,0,0,0
1d,N09_ALLIG_AROON,is,2.0,1000.0,1.0,0.0,False,,0,86,0,86,,,0,0,0,0,0,0
1d,N09_ALLIG_AROON,cf,1.0,1000.0,1.0,0.0,False,,0,67,0,67,,,0,0,0,0,0,0
1d,N09_ALLIG_AROON,cf,1.5,1000.0,1.0,0.0,False,,0,67,0,67,,,0,0,0,0,0,0
1d,N09_ALLIG_AROON,cf,2.0,1000.0,1.0,0.0,False,,0,67,0,67,,,0,0,0,0,0,0
1d,N10_HA_PSAR,is,1.0,1000.0,1.0,0.0,False,,0,177,0,177,,,0,0,0,0,0,0
1d,N10_HA_PSAR,is,1.5,1000.0,1.0,0.0,False,,0,177,0,177,,,0,0,0,0,0,0
1d,N10_HA_PSAR,is,2.0,1000.0,1.0,0.0,False,,0,177,0,177,,,0,0,0,0,0,0
1d,N10_HA_PSAR,cf,1.0,1277.644330374399,1.277644330374399,0.0,False,,1,168,0,167,1.0,1.3882216518719954,1,0,0,0,0,1
1d,N10_HA_PSAR,cf,1.5,1000.0,1.0,0.0,False,,0,168,0,168,,,0,0,0,0,0,0
1d,N10_HA_PSAR,cf,2.0,1000.0,1.0,0.0,False,,0,168,0,168,,,0,0,0,0,0,0
1d,N12_ICHI_AO,is,1.0,1000.0,1.0,0.0,False,,0,83,0,83,,,0,0,0,0,0,0
1d,N12_ICHI_AO,is,1.5,1000.0,1.0,0.0,False,,0,83,0,83,,,0,0,0,0,0,0
1d,N12_ICHI_AO,is,2.0,1000.0,1.0,0.0,False,,0,83,0,83,,,0,0,0,0,0,0
1d,N12_ICHI_AO,cf,1.0,904.4645035792707,0.9044645035792708,0.09553549642072923,False,,1,71,0,70,0.0,-0.47767748210364624,0,0,0,0,0,1
1d,N12_ICHI_AO,cf,1.5,1000.0,1.0,0.0,False,,0,71,0,71,,,0,0,0,0,0,0
1d,N12_ICHI_AO,cf,2.0,1000.0,1.0,0.0,False,,0,71,0,71,,,0,0,0,0,0,0
1d,N14_ICHI_RSI,is,1.0,1000.0,1.0,0.0,False,,0,0,0,0,,,0,0,0,0,0,0
1d,N14_ICHI_RSI,is,1.5,1000.0,1.0,0.0,False,,0,0,0,0,,,0,0,0,0,0,0
1d,N14_ICHI_RSI,is,2.0,1000.0,1.0,0.0,False,,0,0,0,0,,,0,0,0,0,0,0
1d,N14_ICHI_RSI,cf,1.0,1000.0,1.0,0.0,False,,0,0,0,0,,,0,0,0,0,0,0
1d,N14_ICHI_RSI,cf,1.5,1000.0,1.0,0.0,False,,0,0,0,0,,,0,0,0,0,0,0
1d,N14_ICHI_RSI,cf,2.0,1000.0,1.0,0.0,False,,0,0,0,0,,,0,0,0,0,0,0
1d,N17_KC_RSI,is,1.0,827.3430627825895,0.8273430627825895,0.1726569372174105,False,,2,882,7,873,0.0,-0.45201293884039584,0,0,0,0,0,2
1d,N17_KC_RSI,is,1.5,1000.0,1.0,0.0,False,,0,882,0,882,,,0,0,0,0,0,0
1d,N17_KC_RSI,is,2.0,1000.0,1.0,0.0,False,,0,882,0,882,,,0,0,0,0,0,0
1d,N17_KC_RSI,cf,1.0,1000.0,1.0,0.0,False,,0,682,0,682,,,0,0,0,0,0,0
1d,N17_KC_RSI,cf,1.5,1000.0,1.0,0.0,False,,0,682,0,682,,,0,0,0,0,0,0
1d,N17_KC_RSI,cf,2.0,1000.0,1.0,0.0,False,,0,682,0,682,,,0,0,0,0,0,0
1d,N18_VWMA_MACD,is,1.0,1039.502463030273,1.039502463030273,0.0,False,,1,434,2,431,1.0,0.19751231515136536,1,0,0,0,0,1
1d,N18_VWMA_MACD,is,1.5,1000.0,1.0,0.0,False,,0,434,0,434,,,0,0,0,0,0,0
1d,N18_VWMA_MACD,is,2.0,1000.0,1.0,0.0,False,,0,434,0,434,,,0,0,0,0,0,0
1d,N18_VWMA_MACD,cf,1.0,1045.3140713075788,1.0453140713075788,0.0,False,,1,484,4,479,1.0,0.22657035653789429,1,0,0,0,0,1
1d,N18_VWMA_MACD,cf,1.5,1000.0,1.0,0.0,False,,0,484,0,484,,,0,0,0,0,0,0
1d,N18_VWMA_MACD,cf,2.0,1000.0,1.0,0.0,False,,0,484,0,484,,,0,0,0,0,0,0
1d,N21_ST_RSI_ADX,is,1.0,1000.0,1.0,0.0,False,,0,0,0,0,,,0,0,0,0,0,0
1d,N21_ST_RSI_ADX,is,1.5,1000.0,1.0,0.0,False,,0,0,0,0,,,0,0,0,0,0,0
1d,N21_ST_RSI_ADX,is,2.0,1000.0,1.0,0.0,False,,0,0,0,0,,,0,0,0,0,0,0
1d,N21_ST_RSI_ADX,cf,1.0,1000.0,1.0,0.0,False,,0,0,0,0,,,0,0,0,0,0,0
1d,N21_ST_RSI_ADX,cf,1.5,1000.0,1.0,0.0,False,,0,0,0,0,,,0,0,0,0,0,0
1d,N21_ST_RSI_ADX,cf,2.0,1000.0,1.0,0.0,False,,0,0,0,0,,,0,0,0,0,0,0
1d,N22_VORTEX_PSAR,is,1.0,1165.5341375294,1.1655341375294,0.0928982758698087,False,,2,388,3,383,0.5,0.48000191862711683,1,0,0,0,0,2
1d,N22_VORTEX_PSAR,is,1.5,1000.0,1.0,0.0,False,,0,388,0,388,,,0,0,0,0,0,0
1d,N22_VORTEX_PSAR,is,2.0,1000.0,1.0,0.0,False,,0,388,0,388,,,0,0,0,0,0,0
1d,N22_VORTEX_PSAR,cf,1.0,1038.4424164617403,1.0384424164617403,0.09082830579844559,False,,2,361,1,358,0.5,0.12839213399885388,1,0,0,0,0,2
1d,N22_VORTEX_PSAR,cf,1.5,1000.0,1.0,0.0,False,,0,361,0,361,,,0,0,0,0,0,0
1d,N22_VORTEX_PSAR,cf,2.0,1000.0,1.0,0.0,False,,0,361,0,361,,,0,0,0,0,0,0
1d,N23_HA_ST,is,1.0,1222.3355591507147,1.2223355591507148,0.0,False,,1,604,5,598,1.0,1.111677795753573,1,0,0,0,0,1
1d,N23_HA_ST,is,1.5,1000.0,1.0,0.0,False,,0,604,0,604,,,0,0,0,0,0,0
1d,N23_HA_ST,is,2.0,1000.0,1.0,0.0,False,,0,604,0,604,,,0,0,0,0,0,0
1d,N23_HA_ST,cf,1.0,1029.018355108936,1.029018355108936,0.09638467486472568,False,,2,553,8,543,0.5,0.10598636275889833,1,0,0,0,0,2
1d,N23_HA_ST,cf,1.5,1000.0,1.0,0.0,False,,0,553,0,553,,,0,0,0,0,0,0
1d,N23_HA_ST,cf,2.0,1000.0,1.0,0.0,False,,0,553,0,553,,,0,0,0,0,0,0
1d,N24_DMI,is,1.0,1284.8990433206554,1.2848990433206555,0.0,False,,1,217,2,214,1.0,1.424495216603277,1,0,0,0,0,1
1d,N24_DMI,is,1.5,1000.0,1.0,0.0,False,,0,217,0,217,,,0,0,0,0,0,0
1d,N24_DMI,is,2.0,1000.0,1.0,0.0,False,,0,217,0,217,,,0,0,0,0,0,0
1d,N24_DMI,cf,1.0,1018.4995078682394,1.0184995078682395,0.0,False,,1,162,3,158,1.0,0.09249753934119706,1,0,0,0,0,1
1d,N24_DMI,cf,1.5,1000.0,1.0,0.0,False,,0,162,0,162,,,0,0,0,0,0,0
1d,N24_DMI,cf,2.0,1000.0,1.0,0.0,False,,0,162,0,162,,,0,0,0,0,0,0
1d,N25_DST_CCI,is,1.0,1000.0,1.0,0.0,False,,0,236,0,236,,,0,0,0,0,0,0
1d,N25_DST_CCI,is,1.5,1000.0,1.0,0.0,False,,0,236,0,236,,,0,0,0,0,0,0
1d,N25_DST_CCI,is,2.0,1000.0,1.0,0.0,False,,0,236,0,236,,,0,0,0,0,0,0
1d,N25_DST_CCI,cf,1.0,1069.5466476800004,1.0695466476800004,0.0,False,,1,204,4,199,1.0,0.34773323840000187,1,0,0,0,0,1
1d,N25_DST_CCI,cf,1.5,1000.0,1.0,0.0,False,,0,204,0,204,,,0,0,0,0,0,0
1d,N25_DST_CCI,cf,2.0,1000.0,1.0,0.0,False,,0,204,0,204,,,0,0,0,0,0,0
1d,S1_EMA_RSI_CHOP,is,1.0,1000.0,1.0,0.0,False,,0,1,0,1,,,0,0,0,0,0,0
1d,S1_EMA_RSI_CHOP,is,1.5,1000.0,1.0,0.0,False,,0,1,0,1,,,0,0,0,0,0,0
1d,S1_EMA_RSI_CHOP,is,2.0,1000.0,1.0,0.0,False,,0,1,0,1,,,0,0,0,0,0,0
1d,S1_EMA_RSI_CHOP,cf,1.0,1000.0,1.0,0.0,False,,0,0,0,0,,,0,0,0,0,0,0
1d,S1_EMA_RSI_CHOP,cf,1.5,1000.0,1.0,0.0,False,,0,0,0,0,,,0,0,0,0,0,0
1d,S1_EMA_RSI_CHOP,cf,2.0,1000.0,1.0,0.0,False,,0,0,0,0,,,0,0,0,0,0,0
1d,S3_CMO_SANDWICH,is,1.0,1000.0,1.0,0.0,False,,0,25,0,25,,,0,0,0,0,0,0
1d,S3_CMO_SANDWICH,is,1.5,1000.0,1.0,0.0,False,,0,25,0,25,,,0,0,0,0,0,0
1d,S3_CMO_SANDWICH,is,2.0,1000.0,1.0,0.0,False,,0,25,0,25,,,0,0,0,0,0,0
1d,S3_CMO_SANDWICH,cf,1.0,1000.0,1.0,0.0,False,,0,30,0,30,,,0,0,0,0,0,0
1d,S3_CMO_SANDWICH,cf,1.5,1000.0,1.0,0.0,False,,0,30,0,30,,,0,0,0,0,0,0
1d,S3_CMO_SANDWICH,cf,2.0,1000.0,1.0,0.0,False,,0,30,0,30,,,0,0,0,0,0,0
1d,S4_BB_BBP,is,1.0,1285.687497391013,1.285687497391013,0.0,False,,2,203,4,197,1.0,0.7137816861625728,2,0,0,0,0,2
1d,S4_BB_BBP,is,1.5,1000.0,1.0,0.0,False,,0,203,0,203,,,0,0,0,0,0,0
1d,S4_BB_BBP,is,2.0,1000.0,1.0,0.0,False,,0,203,0,203,,,0,0,0,0,0,0
1d,S4_BB_BBP,cf,1.0,1000.0,1.0,0.0,False,,0,157,0,157,,,0,0,0,0,0,0
1d,S4_BB_BBP,cf,1.5,1000.0,1.0,0.0,False,,0,157,0,157,,,0,0,0,0,0,0
1d,S4_BB_BBP,cf,2.0,1000.0,1.0,0.0,False,,0,157,0,157,,,0,0,0,0,0,0
1d,N04_ST_KLINGER,is,1.0,763.7698545942595,0.7637698545942595,0.2362301454057405,False,,4,578,7,567,0.25,-0.3216539987281606,1,0,0,0,0,4
1d,N04_ST_KLINGER,is,1.5,1000.0,1.0,0.0,False,,0,578,0,578,,,0,0,0,0,0,0
1d,N04_ST_KLINGER,is,2.0,1000.0,1.0,0.0,False,,0,578,0,578,,,0,0,0,0,0,0
1d,N04_ST_KLINGER,cf,1.0,818.7733776776192,0.8187733776776193,0.18122662232238074,False,,2,504,2,500,0.0,-0.4756935014027198,0,0,0,0,0,2
1d,N04_ST_KLINGER,cf,1.5,1000.0,1.0,0.0,False,,0,504,0,504,,,0,0,0,0,0,0
1d,N04_ST_KLINGER,cf,2.0,1000.0,1.0,0.0,False,,0,504,0,504,,,0,0,0,0,0,0
1d,N05_PSAR_POC,is,1.0,1000.0,1.0,0.0,False,,0,52,0,52,,,0,0,0,0,0,0
1d,N05_PSAR_POC,is,1.5,1000.0,1.0,0.0,False,,0,52,0,52,,,0,0,0,0,0,0
1d,N05_PSAR_POC,is,2.0,1000.0,1.0,0.0,False,,0,52,0,52,,,0,0,0,0,0,0
1d,N05_PSAR_POC,cf,1.0,1000.0,1.0,0.0,False,,0,23,0,23,,,0,0,0,0,0,0
1d,N05_PSAR_POC,cf,1.5,1000.0,1.0,0.0,False,,0,23,0,23,,,0,0,0,0,0,0
1d,N05_PSAR_POC,cf,2.0,1000.0,1.0,0.0,False,,0,23,0,23,,,0,0,0,0,0,0
1d,N06_MACD_ORB,is,1.0,1000.0,1.0,0.0,False,,0,0,0,0,,,0,0,0,0,0,0
1d,N06_MACD_ORB,is,1.5,1000.0,1.0,0.0,False,,0,0,0,0,,,0,0,0,0,0,0
1d,N06_MACD_ORB,is,2.0,1000.0,1.0,0.0,False,,0,0,0,0,,,0,0,0,0,0,0
1d,N06_MACD_ORB,cf,1.0,1000.0,1.0,0.0,False,,0,0,0,0,,,0,0,0,0,0,0
1d,N06_MACD_ORB,cf,1.5,1000.0,1.0,0.0,False,,0,0,0,0,,,0,0,0,0,0,0
1d,N06_MACD_ORB,cf,2.0,1000.0,1.0,0.0,False,,0,0,0,0,,,0,0,0,0,0,0
1d,N11_BREAKAWAY,is,1.0,1000.0,1.0,0.0,False,,0,5,0,5,,,0,0,0,0,0,0
1d,N11_BREAKAWAY,is,1.5,1000.0,1.0,0.0,False,,0,5,0,5,,,0,0,0,0,0,0
1d,N11_BREAKAWAY,is,2.0,1000.0,1.0,0.0,False,,0,5,0,5,,,0,0,0,0,0,0
1d,N11_BREAKAWAY,cf,1.0,1000.0,1.0,0.0,False,,0,7,0,7,,,0,0,0,0,0,0
1d,N11_BREAKAWAY,cf,1.5,1000.0,1.0,0.0,False,,0,7,0,7,,,0,0,0,0,0,0
1d,N11_BREAKAWAY,cf,2.0,1000.0,1.0,0.0,False,,0,7,0,7,,,0,0,0,0,0,0
1d,N13_3OUTSIDE,is,1.0,1000.0,1.0,0.0,False,,0,40,0,40,,,0,0,0,0,0,0
1d,N13_3OUTSIDE,is,1.5,1000.0,1.0,0.0,False,,0,40,0,40,,,0,0,0,0,0,0
1d,N13_3OUTSIDE,is,2.0,1000.0,1.0,0.0,False,,0,40,0,40,,,0,0,0,0,0,0
1d,N13_3OUTSIDE,cf,1.0,1000.0,1.0,0.0,False,,0,28,0,28,,,0,0,0,0,0,0
1d,N13_3OUTSIDE,cf,1.5,1000.0,1.0,0.0,False,,0,28,0,28,,,0,0,0,0,0,0
1d,N13_3OUTSIDE,cf,2.0,1000.0,1.0,0.0,False,,0,28,0,28,,,0,0,0,0,0,0
1d,N15_KC_AO,is,1.0,1000.0,1.0,0.0,False,,0,2,0,2,,,0,0,0,0,0,0
1d,N15_KC_AO,is,1.5,1000.0,1.0,0.0,False,,0,2,0,2,,,0,0,0,0,0,0
1d,N15_KC_AO,is,2.0,1000.0,1.0,0.0,False,,0,2,0,2,,,0,0,0,0,0,0
1d,N15_KC_AO,cf,1.0,1000.0,1.0,0.0,False,,0,0,0,0,,,0,0,0,0,0,0
1d,N15_KC_AO,cf,1.5,1000.0,1.0,0.0,False,,0,0,0,0,,,0,0,0,0,0,0
1d,N15_KC_AO,cf,2.0,1000.0,1.0,0.0,False,,0,0,0,0,,,0,0,0,0,0,0
1d,N16_BBRSI,is,1.0,1000.0,1.0,0.0,False,,0,60,0,60,,,0,0,0,0,0,0
1d,N16_BBRSI,is,1.5,1000.0,1.0,0.0,False,,0,60,0,60,,,0,0,0,0,0,0
1d,N16_BBRSI,is,2.0,1000.0,1.0,0.0,False,,0,60,0,60,,,0,0,0,0,0,0
1d,N16_BBRSI,cf,1.0,1000.0,1.0,0.0,False,,0,66,0,66,,,0,0,0,0,0,0
1d,N16_BBRSI,cf,1.5,1000.0,1.0,0.0,False,,0,66,0,66,,,0,0,0,0,0,0
1d,N16_BBRSI,cf,2.0,1000.0,1.0,0.0,False,,0,66,0,66,,,0,0,0,0,0,0
1d,N19_FIB_CHOP,is,1.0,1191.1800776071605,1.1911800776071604,0.0,False,,1,27,0,26,1.0,0.9559003880358027,1,0,0,0,0,1
1d,N19_FIB_CHOP,is,1.5,1000.0,1.0,0.0,False,,0,27,0,27,,,0,0,0,0,0,0
1d,N19_FIB_CHOP,is,2.0,1000.0,1.0,0.0,False,,0,27,0,27,,,0,0,0,0,0,0
1d,N19_FIB_CHOP,cf,1.0,903.6153251352744,0.9036153251352743,0.09638467486472568,False,,1,45,0,44,0.0,-0.4819233743236284,0,0,0,0,0,1
1d,N19_FIB_CHOP,cf,1.5,1000.0,1.0,0.0,False,,0,45,0,45,,,0,0,0,0,0,0
1d,N19_FIB_CHOP,cf,2.0,1000.0,1.0,0.0,False,,0,45,0,45,,,0,0,0,0,0,0
1d,N20_EMA9_CHOP,is,1.0,1316.1990892761673,1.3161990892761672,0.020359498711817636,False,,2,195,1,192,0.5,0.8079841483881876,2,0,0,0,0,2
1d,N20_EMA9_CHOP,is,1.5,1000.0,1.0,0.0,False,,0,195,0,195,,,0,0,0,0,0,0
1d,N20_EMA9_CHOP,is,2.0,1000.0,1.0,0.0,False,,0,195,0,195,,,0,0,0,0,0,0
1d,N20_EMA9_CHOP,cf,1.0,1080.585833504223,1.080585833504223,0.0,False,,1,150,0,149,1.0,0.40292916752111557,1,0,0,0,0,1
1d,N20_EMA9_CHOP,cf,1.5,1000.0,1.0,0.0,False,,0,150,0,150,,,0,0,0,0,0,0
1d,N20_EMA9_CHOP,cf,2.0,1000.0,1.0,0.0,False,,0,150,0,150,,,0,0,0,0,0,0
1d,V39_ALL,is,1.0,1000.0,1.0,0.0,False,,0,167,0,167,,,0,0,0,0,0,0
1d,V39_ALL,is,1.5,1000.0,1.0,0.0,False,,0,167,0,167,,,0,0,0,0,0,0
1d,V39_ALL,is,2.0,1000.0,1.0,0.0,False,,0,167,0,167,,,0,0,0,0,0,0
1d,V39_ALL,cf,1.0,1096.3423541713971,1.096342354171397,0.0,False,,1,176,1,174,1.0,0.4817117708569861,1,0,0,0,0,1
1d,V39_ALL,cf,1.5,1000.0,1.0,0.0,False,,0,176,0,176,,,0,0,0,0,0,0
1d,V39_ALL,cf,2.0,1000.0,1.0,0.0,False,,0,176,0,176,,,0,0,0,0,0,0
1d,OBV_S,is,1.0,1000.0,1.0,0.0,False,,0,78,0,78,,,0,0,0,0,0,0
1d,OBV_S,is,1.5,1000.0,1.0,0.0,False,,0,78,0,78,,,0,0,0,0,0,0
1d,OBV_S,is,2.0,1000.0,1.0,0.0,False,,0,78,0,78,,,0,0,0,0,0,0
1d,OBV_S,cf,1.0,1000.0,1.0,0.0,False,,0,35,0,35,,,0,0,0,0,0,0
1d,OBV_S,cf,1.5,1000.0,1.0,0.0,False,,0,35,0,35,,,0,0,0,0,0,0
1d,OBV_S,cf,2.0,1000.0,1.0,0.0,False,,0,35,0,35,,,0,0,0,0,0,0
1d,OBV_B,is,1.0,1000.0,1.0,0.0,False,,0,213,0,213,,,0,0,0,0,0,0
1d,OBV_B,is,1.5,1000.0,1.0,0.0,False,,0,213,0,213,,,0,0,0,0,0,0
1d,OBV_B,is,2.0,1000.0,1.0,0.0,False,,0,213,0,213,,,0,0,0,0,0,0
1d,OBV_B,cf,1.0,1018.4995078682394,1.0184995078682395,0.0,False,,1,161,1,159,1.0,0.09249753934119706,1,0,0,0,0,1
1d,OBV_B,cf,1.5,1000.0,1.0,0.0,False,,0,161,0,161,,,0,0,0,0,0,0
1d,OBV_B,cf,2.0,1000.0,1.0,0.0,False,,0,161,0,161,,,0,0,0,0,0,0
1d,V45_AMB,is,1.0,1000.0,1.0,0.0,False,,0,36,0,36,,,0,0,0,0,0,0
1d,V45_AMB,is,1.5,1000.0,1.0,0.0,False,,0,36,0,36,,,0,0,0,0,0,0
1d,V45_AMB,is,2.0,1000.0,1.0,0.0,False,,0,36,0,36,,,0,0,0,0,0,0
1d,V45_AMB,cf,1.0,1000.0,1.0,0.0,False,,0,33,0,33,,,0,0,0,0,0,0
1d,V45_AMB,cf,1.5,1000.0,1.0,0.0,False,,0,33,0,33,,,0,0,0,0,0,0
1d,V45_AMB,cf,2.0,1000.0,1.0,0.0,False,,0,33,0,33,,,0,0,0,0,0,0
1d,DOGE,is,1.0,1000.0,1.0,0.0,False,,0,0,0,0,,,0,0,0,0,0,0
1d,DOGE,is,1.5,1000.0,1.0,0.0,False,,0,0,0,0,,,0,0,0,0,0,0
1d,DOGE,is,2.0,1000.0,1.0,0.0,False,,0,0,0,0,,,0,0,0,0,0,0
1d,DOGE,cf,1.0,1000.0,1.0,0.0,False,,0,0,0,0,,,0,0,0,0,0,0
1d,DOGE,cf,1.5,1000.0,1.0,0.0,False,,0,0,0,0,,,0,0,0,0,0,0
1d,DOGE,cf,2.0,1000.0,1.0,0.0,False,,0,0,0,0,,,0,0,0,0,0,0
1d,RANDOM_1,is,1.0,1000.0,1.0,0.0,False,,0,76,0,76,,,0,0,0,0,0,0
1d,RANDOM_1,is,1.5,1000.0,1.0,0.0,False,,0,76,0,76,,,0,0,0,0,0,0
1d,RANDOM_1,is,2.0,1000.0,1.0,0.0,False,,0,76,0,76,,,0,0,0,0,0,0
1d,RANDOM_1,cf,1.0,1000.0,1.0,0.0,False,,0,63,0,63,,,0,0,0,0,0,0
1d,RANDOM_1,cf,1.5,1000.0,1.0,0.0,False,,0,63,0,63,,,0,0,0,0,0,0
1d,RANDOM_1,cf,2.0,1000.0,1.0,0.0,False,,0,63,0,63,,,0,0,0,0,0,0
1d,RANDOM_2,is,1.0,930.0123868678229,0.930012386867823,0.08546400938788234,False,,2,91,0,89,0.5,-0.1713533334799916,1,0,0,0,0,2
1d,RANDOM_2,is,1.5,1000.0,1.0,0.0,False,,0,91,0,91,,,0,0,0,0,0,0
1d,RANDOM_2,is,2.0,1000.0,1.0,0.0,False,,0,91,0,91,,,0,0,0,0,0,0
1d,RANDOM_2,cf,1.0,1000.0,1.0,0.0,False,,0,73,0,73,,,0,0,0,0,0,0
1d,RANDOM_2,cf,1.5,1000.0,1.0,0.0,False,,0,73,0,73,,,0,0,0,0,0,0
1d,RANDOM_2,cf,2.0,1000.0,1.0,0.0,False,,0,73,0,73,,,0,0,0,0,0,0
1d,RANDOM_3,is,1.0,1000.0,1.0,0.0,False,,0,80,0,80,,,0,0,0,0,0,0
1d,RANDOM_3,is,1.5,1000.0,1.0,0.0,False,,0,80,0,80,,,0,0,0,0,0,0
1d,RANDOM_3,is,2.0,1000.0,1.0,0.0,False,,0,80,0,80,,,0,0,0,0,0,0
1d,RANDOM_3,cf,1.0,1000.0,1.0,0.0,False,,0,70,0,70,,,0,0,0,0,0,0
1d,RANDOM_3,cf,1.5,1000.0,1.0,0.0,False,,0,70,0,70,,,0,0,0,0,0,0
1d,RANDOM_3,cf,2.0,1000.0,1.0,0.0,False,,0,70,0,70,,,0,0,0,0,0,0
1h,S2_ST_ROC,is,1.0,9.54872059972353,0.009548720599723531,0.9904512794002764,True,1.6351812e+18,324,13404,615,67,0.5185185185185185,-0.03488437060893422,206,0,0,17,173,134
1h,S2_ST_ROC,is,1.5,9.242176971531288,0.009242176971531287,0.9920772292116303,True,1.639512e+18,401,13404,1048,174,0.5760598503740648,-0.039328936677138174,280,0,0,0,94,307
1h,S2_ST_ROC,is,2.0,9.475420250510522,0.009475420250510522,0.9905245797494895,True,1.647828e+18,513,13404,1805,505,0.621832358674464,-0.034581819085908634,380,0,0,0,31,482
1h,S2_ST_ROC,cf,1.0,9.90162673619881,0.00990162673619881,0.991848134833254,True,1.7246736e+18,233,9802,407,4,0.4892703862660944,-0.05398549798715499,147,0,1,29,153,50
1h,S2_ST_ROC,cf,1.5,9.132061995824085,0.009132061995824085,0.9911944746311148,True,1.7276976e+18,282,9802,720,22,0.574468085106383,-0.049128704337875334,198,0,0,3,118,161
1h,S2_ST_ROC,cf,2.0,9.369855202583103,0.009369855202583103,0.9927393267871344,True,1.7505972e+18,783,9802,2854,477,0.669220945083014,-0.015103022130331907,595,0,1,2,123,657
1h,S5_DONCHIAN_MFI,is,1.0,9.792066579823171,0.00979206657982317,0.9902418175633692,True,1.7008812e+18,181,297,44,11,0.43646408839779005,-0.07003566102426112,113,0,13,24,86,58
1h,S5_DONCHIAN_MFI,is,1.5,81.90920622163213,0.08190920622163213,0.9387988123643649,False,,213,297,54,30,0.5164319248826291,-0.03736448675353395,151,0,8,6,73,126
1h,S5_DONCHIAN_MFI,is,2.0,151.4590414258837,0.1514590414258837,0.8951981751733635,False,,173,297,53,71,0.5491329479768786,-0.033009472235571546,131,0,2,5,41,125
1h,S5_DONCHIAN_MFI,cf,1.0,9.244232205803213,0.009244232205803213,0.9907557677941968,True,1.7866476e+18,170,237,49,6,0.45294117647058824,-0.07556916135271857,96,0,20,26,90,34
1h,S5_DONCHIAN_MFI,cf,1.5,59.856040694928794,0.059856040694928794,0.9440679403325222,False,,174,237,51,12,0.5459770114942529,-0.05009399092304787,116,0,3,12,79,80
1h,S5_DONCHIAN_MFI,cf,2.0,182.22365115474548,0.18222365115474548,0.8398526085926215,False,,152,237,47,38,0.5855263157894737,-0.037703729824554374,106,0,0,3,42,107
1h,S6_EMA_DMI_ADX,is,1.0,9.85696586735969,0.00985696586735969,0.9926993075699553,True,1.6702668e+18,388,1574,269,96,0.5180412371134021,-0.02689072984375594,260,0,12,22,189,165
1h,S6_EMA_DMI_ADX,is,1.5,9.609297853139319,0.009609297853139319,0.9945588379314084,True,1.6927128e+18,511,1574,420,217,0.5909980430528375,-0.025942364180243274,373,0,4,16,187,304
1h,S6_EMA_DMI_ADX,is,2.0,8.905670574030717,0.008905670574030716,0.9941024576174561,True,1.6992252e+18,458,1574,450,345,0.6004366812227074,-0.03233852756442895,335,0,0,5,106,347
1h,S6_EMA_DMI_ADX,cf,1.0,9.713401388698895,0.009713401388698894,0.9916655479287289,True,1.7398044e+18,175,1089,125,16,0.44571428571428573,-0.08256221507682007,101,0,5,15,110,45
1h,S6_EMA_DMI_ADX,cf,1.5,9.68900385827416,0.00968900385827416,0.9916611275072968,True,1.7808696e+18,513,1089,359,71,0.6003898635477583,-0.020070445876262877,361,0,5,23,200,285
1h,S6_EMA_DMI_ADX,cf,2.0,110.10716416146056,0.11010716416146056,0.9267440394329933,False,,488,1089,423,178,0.6598360655737705,-0.011931902327034857,367,0,0,3,112,373
1h,N01_ST_EMA,is,1.0,9.924787709040494,0.009924787709040494,0.9937477514099412,True,1.6401816e+18,283,4463,249,42,0.5017667844522968,-0.050023761046397774,182,0,0,14,153,116
1h,N01_ST_EMA,is,1.5,9.584483619702517,0.009584483619702518,0.9951833746021781,True,1.6572024e+18,494,4463,684,213,0.5728744939271255,-0.026838234096518608,345,0,0,6,140,348
1h,N01_ST_EMA,is,2.0,9.340188903400318,0.009340188903400317,0.9931664502531304,True,1.6594812e+18,395,4463,717,366,0.6151898734177215,-0.04277179101336005,279,0,0,0,24,371
1h,N01_ST_EMA,cf,1.0,9.822827144226915,0.009822827144226914,0.9927672065999444,True,1.728792e+18,222,3316,167,5,0.47297297297297297,-0.05049069033905622,136,0,7,32,149,34
1h,N01_ST_EMA,cf,1.5,9.385542914686122,0.009385542914686122,0.9906144570853139,True,1.7320212e+18,260,3316,256,33,0.5423076923076923,-0.05519098380752601,171,0,1,4,109,146
1h,N01_ST_EMA,cf,2.0,9.399836600868339,0.00939983660086834,0.9930994299353586,True,1.7435844e+18,374,3316,534,208,0.6229946524064172,-0.046429669260244395,264,0,1,1,54,318
1h,N02_ST_KST,is,1.0,9.234921688276128,0.009234921688276127,0.9918047189992247,True,1.6421544e+18,328,3950,271,47,0.5304878048780488,-0.033291707069157274,222,0,0,25,181,122
1h,N02_ST_KST,is,1.5,8.918817029001232,0.008918817029001233,0.9920852375131717,True,1.6426836e+18,274,3950,305,92,0.5547445255474452,-0.05749746519469137,189,0,0,0,87,187
1h,N02_ST_KST,is,2.0,9.448453218138724,0.009448453218138723,0.99127405968819,True,1.6494264e+18,295,3950,431,211,0.576271186440678,-0.06733024697040275,209,0,0,0,18,277
1h,N02_ST_KST,cf,1.0,9.453136235575588,0.009453136235575588,0.9970219153246916,True,1.740024e+18,468,3054,367,45,0.5555555555555556,-0.01963859189760913,323,0,22,60,272,114
1h,N02_ST_KST,cf,1.5,9.641264577905098,0.009641264577905097,0.9961510965266323,True,1.7479728e+18,538,3054,564,122,0.6003717472118959,-0.022770148012671052,390,0,4,12,206,316
1h,N02_ST_KST,cf,2.0,8.81622339398043,0.00881622339398043,0.9955574552478305,True,1.7666748e+18,715,3054,1017,295,0.6573426573426573,-0.0191636518615743,531,0,0,8,151,556
1h,N03_ADX_GC,is,1.0,54.362747100053845,0.05436274710005384,0.9577219552477174,False,,141,156,11,4,0.41843971631205673,-0.04299348697374928,84,0,25,20,74,22
1h,N03_ADX_GC,is,1.5,889.0502931947697,0.8890502931947697,0.5662545803182614,False,,132,156,13,11,0.5833333333333334,0.009571649317245733,95,0,1,7,64,60
1h,N03_ADX_GC,is,2.0,1189.6385083121904,1.1896385083121905,0.5731726258745711,False,,120,156,13,23,0.6166666666666667,0.01613863860104192,90,0,0,1,36,83
1h,N03_ADX_GC,cf,1.0,59.32061914681895,0.05932061914681895,0.9725922443690972,False,,117,129,7,5,0.49572649572649574,-0.05199680855551686,69,0,13,33,60,11
1h,N03_ADX_GC,cf,1.5,229.19966870582073,0.22919966870582073,0.8679559244106496,False,,116,129,8,5,0.5862068965517241,-0.03145358120310378,79,0,2,5,63,46
1h,N03_ADX_GC,cf,2.0,383.84947241742736,0.38384947241742734,0.7582443967118143,False,,106,129,9,14,0.6132075471698113,-0.02657669050437078,74,0,1,1,35,69
1h,N07_ICHI_CMO,is,1.0,9.710225350494277,0.009710225350494277,0.9937189719834111,True,1.6655508e+18,441,1835,235,56,0.5328798185941043,-0.023143133247697244,297,0,6,37,239,159
1h,N07_ICHI_CMO,is,1.5,9.68827270156673,0.00968827270156673,0.9927159059431147,True,1.6819632e+18,519,1835,362,151,0.5895953757225434,-0.02036881111773454,363,0,11,16,190,302
1h,N07_ICHI_CMO,is,2.0,9.85100247100201,0.00985100247100201,0.9904372917942111,True,1.686312e+18,461,1835,389,263,0.6203904555314533,-0.030299990072579778,332,0,1,9,96,355
1h,N07_ICHI_CMO,cf,1.0,9.939336363890286,0.009939336363890286,0.9908696369647599,True,1.7330616e+18,169,1279,71,3,0.42011834319526625,-0.07755921945453899,99,0,9,27,86,47
1h,N07_ICHI_CMO,cf,1.5,9.51163194057862,0.009511631940578621,0.9916848188662482,True,1.7450352e+18,246,1279,155,57,0.532520325203252,-0.05745815590995439,160,0,2,10,105,129
1h,N07_ICHI_CMO,cf,2.0,9.883874197856473,0.009883874197856473,0.9910905375412284,True,1.746018e+18,231,1279,162,100,0.5454545454545454,-0.07866457553274314,149,0,2,0,51,178
1h,N08_ICHI_WR,is,1.0,189.86606775916908,0.1898660677591691,0.8774118357624772,False,,208,256,27,21,0.5432692307692307,-0.008257017401748586,141,0,24,31,96,57
1h,N08_ICHI_WR,is,1.5,560.8886219227207,0.5608886219227207,0.5911971255042564,False,,185,256,30,41,0.6324324324324324,0.011269684750543364,137,0,6,10,83,86
1h,N08_ICHI_WR,is,2.0,288.24068643333584,0.28824068643333584,0.7885299260292586,False,,157,256,23,76,0.6305732484076433,-0.0175218600107496,114,0,3,3,44,107
1h,N08_ICHI_WR,cf,1.0,39.5053578065325,0.0395053578065325,0.9756993803951063,False,,169,196,18,9,0.5088757396449705,-0.04765363107053873,108,0,26,29,87,27
1h,N08_ICHI_WR,cf,1.5,91.5713594085883,0.0915713594085883,0.9273720358954525,False,,155,196,22,19,0.567741935483871,-0.04458549429802898,106,0,5,14,73,63
1h,N08_ICHI_WR,cf,2.0,183.00513494257464,0.18300513494257464,0.8807526516785791,False,,147,196,21,28,0.6258503401360545,-0.03594813770997952,105,0,0,5,45,97
1h,N09_ALLIG_AROON,is,1.0,9.130073296001386,0.009130073296001386,0.9921911878788842,True,1.6521912e+18,328,2258,196,29,0.5091463414634146,-0.04289907477089821,217,0,3,21,185,119
1h,N09_ALLIG_AROON,is,1.5,9.670612980457541,0.009670612980457542,0.9912262856175417,True,1.670922e+18,461,2258,367,145,0.5835140997830802,-0.02877615521027701,330,0,4,11,147,299
1h,N09_ALLIG_AROON,is,2.0,8.56333099122529,0.00856333099122529,0.9921831463775841,True,1.683288e+18,520,2258,472,307,0.6153846153846154,-0.026898880670430378,387,0,0,7,101,412
1h,N09_ALLIG_AROON,cf,1.0,9.409943620107295,0.009409943620107296,0.9905900563798927,True,1.7344836e+18,196,1564,91,16,0.45918367346938777,-0.06413538562646635,127,0,10,32,105,49
1h,N09_ALLIG_AROON,cf,1.5,9.869612438545614,0.009869612438545615,0.9907655736565384,True,1.7512416e+18,331,1564,237,53,0.5438066465256798,-0.044655466592244626,238,0,4,13,146,168
1h,N09_ALLIG_AROON,cf,2.0,9.828987536970317,0.009828987536970316,0.9907900742921085,True,1.7567208e+18,341,1564,276,120,0.5865102639296188,-0.04675535872113173,250,0,1,5,75,260
1h,N10_HA_PSAR,is,1.0,9.178537734860182,0.009178537734860182,0.9929739854246294,True,1.63818e+18,308,5217,263,51,0.4967532467532468,-0.04402036154469663,195,0,0,18,184,106
1h,N10_HA_PSAR,is,1.5,8.858640545568658,0.008858640545568659,0.9923182843699834,True,1.6437204e+18,392,5217,436,132,0.5586734693877551,-0.041983076491776135,278,0,0,0,120,272
1h,N10_HA_PSAR,is,2.0,9.91847058024157,0.009918470580241569,0.9941605585387553,True,1.6529148e+18,462,5217,689,361,0.6363636363636364,-0.038960396985882134,336,0,0,0,26,436
1h,N10_HA_PSAR,cf,1.0,9.366301190395419,0.009366301190395419,0.9955099640623405,True,1.7303184e+18,320,4290,262,14,0.54375,-0.03146514724936518,214,0,10,54,203,53
1h,N10_HA_PSAR,cf,1.5,9.685042439087853,0.009685042439087852,0.9939002123935494,True,1.7344188e+18,368,4290,394,80,0.5978260869565217,-0.03780375413439063,259,0,2,6,149,211
1h,N10_HA_PSAR,cf,2.0,9.067332615624942,0.00906733261562494,0.993259967537473,True,1.7491248e+18,579,4290,812,336,0.6373056994818653,-0.029199588269664966,434,0,1,1,96,481
1h,N12_ICHI_AO,is,1.0,9.140178207966619,0.009140178207966618,0.991945511861455,True,1.6425828e+18,196,2116,110,16,0.4489795918367347,-0.07206699020718886,121,0,0,12,104,80
1h,N12_ICHI_AO,is,1.5,9.736068695417455,0.009736068695417455,0.9908142329706173,True,1.6622784e+18,376,2116,259,129,0.5611702127659575,-0.04132498627989069,266,0,0,4,107,265
1h,N12_ICHI_AO,is,2.0,9.532377644663221,0.00953237764466322,0.9916606844938747,True,1.6637652e+18,322,2116,252,217,0.5838509316770186,-0.05795521995331425,229,0,0,0,24,298
1h,N12_ICHI_AO,cf,1.0,8.834233379659194,0.008834233379659193,0.9912981974167846,True,1.7400924e+18,283,1559,144,18,0.5017667844522968,-0.04558204305290485,187,0,12,37,164,70
1h,N12_ICHI_AO,cf,1.5,9.100662269062818,0.009100662269062818,0.9912357534132425,True,1.7613864e+18,504,1559,341,96,0.5892857142857143,-0.024066338056436425,361,0,9,25,231,239
1h,N12_ICHI_AO,cf,2.0,9.285473543274884,0.009285473543274884,0.9936709172823487,True,1.7797716e+18,615,1559,538,189,0.6178861788617886,-0.02448955693669815,445,0,2,8,162,443
1h,N14_ICHI_RSI,is,1.0,1363.969685560373,1.363969685560373,0.0,False,,2,3,1,0,1.0,0.4617445578438558,2,0,0,1,0,1
1h,N14_ICHI_RSI,is,1.5,1198.3557767329396,1.1983557767329396,0.0,False,,1,3,0,2,1.0,0.6611859224431317,1,0,0,0,1,0
1h,N14_ICHI_RSI,is,2.0,1198.3557767329396,1.1983557767329396,0.0,False,,1,3,0,2,1.0,0.6611859224431317,1,0,0,0,1,0
1h,N14_ICHI_RSI,cf,1.0,1010.645895780162,1.010645895780162,0.0,False,,1,4,1,2,1.0,0.035486319267206703,1,0,0,0,1,0
1h,N14_ICHI_RSI,cf,1.5,1004.7315092356275,1.0047315092356275,0.0,False,,1,4,1,2,1.0,0.023657546178137805,1,0,0,0,0,1
1h,N14_ICHI_RSI,cf,2.0,1004.7315092356275,1.0047315092356275,0.0,False,,1,4,1,2,1.0,0.023657546178137805,1,0,0,0,0,1
1h,N17_KC_RSI,is,1.0,9.310238272329375,0.009310238272329375,0.9910587812150089,True,1.6335612e+18,240,21914,940,186,0.4791666666666667,-0.06461850397252748,155,0,0,9,124,107
1h,N17_KC_RSI,is,1.5,9.19992997298369,0.00919992997298369,0.9924121354571773,True,1.6442892e+18,461,21914,2747,656,0.6160520607375272,-0.03630869764471086,331,0,0,0,109,352
1h,N17_KC_RSI,is,2.0,9.366915102977929,0.009366915102977928,0.9920724318603967,True,1.648494e+18,403,21914,3421,1139,0.6451612903225806,-0.0459803538033511,299,0,0,0,12,391
1h,N17_KC_RSI,cf,1.0,9.747482251361912,0.009747482251361912,0.9903872052964519,True,1.7234028e+18,164,16998,891,65,0.47560975609756095,-0.08917470180382746,93,0,0,9,113,42
1h,N17_KC_RSI,cf,1.5,9.75146123312647,0.00975146123312647,0.9902485387668736,True,1.7264412e+18,212,16998,1423,97,0.5613207547169812,-0.07132854587299794,140,0,1,1,72,138
1h,N17_KC_RSI,cf,2.0,9.253447687607974,0.009253447687607974,0.9907465523123921,True,1.7360352e+18,366,16998,3046,526,0.6502732240437158,-0.04767551685216835,268,0,0,1,46,319
1h,N18_VWMA_MACD,is,1.0,9.818731411520028,0.009818731411520029,0.9909130908175791,True,1.6358868e+18,307,13631,879,99,0.498371335504886,-0.03854216676931595,207,0,0,17,156,134
1h,N18_VWMA_MACD,is,1.5,9.412601513600151,0.009412601513600152,0.9917700841140874,True,1.6410528e+18,374,13631,1458,237,0.56951871657754,-0.03714167808772338,265,0,0,0,84,290
1h,N18_VWMA_MACD,is,2.0,9.917437839882766,0.009917437839882765,0.9923342144372139,True,1.6459884e+18,359,13631,1840,612,0.5766016713091922,-0.05155055570763312,256,0,0,0,19,340
1h,N18_VWMA_MACD,cf,1.0,9.398728344523741,0.009398728344523741,0.9957927877833107,True,1.7255232e+18,222,10514,647,20,0.4954954954954955,-0.056271645017287104,148,0,4,22,152,44
1h,N18_VWMA_MACD,cf,1.5,9.74552397729381,0.00974552397729381,0.9922871768006276,True,1.7310816e+18,354,10514,1370,56,0.5734463276836158,-0.03773263866905554,252,0,1,7,161,185
1h,N18_VWMA_MACD,cf,2.0,9.62271998851353,0.00962271998851353,0.9946020396872922,True,1.743894e+18,522,10514,2590,506,0.6168582375478927,-0.02794099106036885,384,0,0,0,90,432
1h,N21_ST_RSI_ADX,is,1.0,983.1624786857052,0.9831624786857052,0.016837521314294834,False,,1,1,0,0,0.0,-0.04209380328573688,1,0,1,0,0,0
1h,N21_ST_RSI_ADX,is,1.5,1039.9190536632775,1.0399190536632774,0.0,False,,1,1,0,0,1.0,0.09979763415819369,1,0,0,1,0,0
1h,N21_ST_RSI_ADX,is,2.0,1022.4544676855936,1.0224544676855936,0.0,False,,1,1,0,0,1.0,0.07484822561864526,1,0,0,0,1,0
1h,N21_ST_RSI_ADX,cf,1.0,1000.0,1.0,0.0,False,,0,0,0,0,,,0,0,0,0,0,0
1h,N21_ST_RSI_ADX,cf,1.5,1000.0,1.0,0.0,False,,0,0,0,0,,,0,0,0,0,0,0
1h,N21_ST_RSI_ADX,cf,2.0,1000.0,1.0,0.0,False,,0,0,0,0,,,0,0,0,0,0,0
1h,N22_VORTEX_PSAR,is,1.0,9.68653917915695,0.00968653917915695,0.9924277456093228,True,1.6367904e+18,387,11035,605,78,0.5167958656330749,-0.0361977136655579,255,0,1,18,201,167
1h,N22_VORTEX_PSAR,is,1.5,9.337625524373065,0.009337625524373065,0.9935925051699831,True,1.647162e+18,611,11035,1467,281,0.6072013093289689,-0.019657839592635958,444,0,0,0,166,445
1h,N22_VORTEX_PSAR,is,2.0,9.252754307879032,0.009252754307879031,0.9915552953728927,True,1.6536132e+18,597,11035,1961,585,0.628140703517588,-0.02576143866883346,439,0,0,0,39,558
1h,N22_VORTEX_PSAR,cf,1.0,9.255378510644585,0.009255378510644586,0.9915313594934868,True,1.7264052e+18,276,8281,493,19,0.4963768115942029,-0.041722633608610976,185,0,6,25,193,52
1h,N22_VORTEX_PSAR,cf,1.5,9.47836650655601,0.009478366506556011,0.9929705610216432,True,1.7353944e+18,522,8281,1227,106,0.6168582375478927,-0.022709552062911465,383,0,2,10,210,300
1h,N22_VORTEX_PSAR,cf,2.0,9.975984774214956,0.009975984774214956,0.9919855670767705,True,1.744596e+18,603,8281,1845,445,0.6583747927031509,-0.024341614039207083,455,0,0,0,91,512
1h,N23_HA_ST,is,1.0,9.206095519070137,0.009206095519070137,0.992031900107487,True,1.6350336e+18,393,15757,776,94,0.49363867684478374,-0.033702013066365395,255,0,0,12,246,135
1h,N23_HA_ST,is,1.5,9.43184626181126,0.00943184626181126,0.9912070382255045,True,1.6378272e+18,419,15757,1172,160,0.5871121718377088,-0.03028731750039353,301,0,0,0,110,309
1h,N23_HA_ST,is,2.0,9.505469635261784,0.009505469635261785,0.9914791253801121,True,1.6425612e+18,454,15757,1659,450,0.6299559471365639,-0.0392329915498639,327,0,0,0,17,437
1h,N23_HA_ST,cf,1.0,9.699134016127447,0.009699134016127446,0.9916027579926541,True,1.7259804e+18,316,11812,638,19,0.5316455696202531,-0.03564175189101432,205,0,5,27,221,63
1h,N23_HA_ST,cf,1.5,9.67923777950822,0.00967923777950822,0.9911980023149166,True,1.7277444e+18,325,11812,906,50,0.5938461538461538,-0.04369022322821803,227,0,0,1,150,174
1h,N23_HA_ST,cf,2.0,9.079749044962835,0.009079749044962835,0.9933565501214922,True,1.7394264e+18,569,11812,2421,331,0.6449912126537786,-0.030795688145158078,427,0,0,1,63,505
1h,N24_DMI,is,1.0,9.386001893048354,0.009386001893048354,0.9929198934853548,True,1.6426836e+18,427,6130,477,54,0.531615925058548,-0.027137808956949366,287,0,1,30,245,151
1h,N24_DMI,is,1.5,8.90334182853178,0.00890334182853178,0.9945389358052091,True,1.6480764e+18,446,6130,707,165,0.5695067264573991,-0.038763161071319795,312,0,0,0,122,324
1h,N24_DMI,is,2.0,9.276963247091087,0.009276963247091088,0.9951337712627656,True,1.6638732e+18,557,6130,1223,588,0.6175942549371634,-0.029077279581619805,406,0,0,0,35,522
1h,N24_DMI,cf,1.0,9.266200208085838,0.009266200208085837,0.9918007037065122,True,1.7297676e+18,294,4750,330,11,0.5068027210884354,-0.04024869416336419,197,0,17,39,190,48
1h,N24_DMI,cf,1.5,9.759771834456007,0.009759771834456006,0.9908895984964902,True,1.7311752e+18,284,4750,403,31,0.545774647887324,-0.048501284935849445,197,0,2,5,132,145
1h,N24_DMI,cf,2.0,9.900934890141432,0.009900934890141431,0.9903946657051221,True,1.752408e+18,585,4750,1213,333,0.6581196581196581,-0.024538523940821465,432,0,1,2,115,467
1h,N25_DST_CCI,is,1.0,9.505096544140896,0.009505096544140897,0.991096671157412,True,1.6397244e+18,365,6680,480,56,0.5452054794520548,-0.031399775178322424,243,0,0,16,209,140
1h,N25_DST_CCI,is,1.5,9.615264099668961,0.00961526409966896,0.99237811430647,True,1.6452504e+18,398,6680,736,152,0.5879396984924623,-0.04174732001917772,280,0,0,0,108,290
1h,N25_DST_CCI,is,2.0,8.90797361982707,0.00890797361982707,0.9912729592940075,True,1.6538724e+18,430,6680,1021,394,0.6372093023255814,-0.040658654288380836,314,0,0,0,32,398
1h,N25_DST_CCI,cf,1.0,9.865425901284771,0.009865425901284771,0.991359875598039,True,1.7269848e+18,229,5172,246,11,0.5458515283842795,-0.04634308621405103,145,0,8,24,164,33
1h,N25_DST_CCI,cf,1.5,9.525538205258789,0.00952553820525879,0.991884573505618,True,1.7303076e+18,260,5172,477,24,0.5807692307692308,-0.046144984683741674,180,0,0,5,132,123
1h,N25_DST_CCI,cf,2.0,9.504605327338385,0.009504605327338385,0.9912156618099998,True,1.738206e+18,340,5172,780,202,0.6264705882352941,-0.04847821771906774,239,0,0,0,62,278
1h,S1_EMA_RSI_CHOP,is,1.0,653.8790528171526,0.6538790528171525,0.6279592459601413,False,,29,42,9,4,0.4482758620689655,-0.04380373082754154,20,0,2,1,13,13
1h,S1_EMA_RSI_CHOP,is,1.5,1013.5438831547034,1.0135438831547035,0.302043754072723,False,,23,42,9,10,0.5217391304347826,0.025048878609191274,20,0,1,1,4,17
1h,S1_EMA_RSI_CHOP,is,2.0,806.7039306161975,0.8067039306161975,0.3982312890929771,False,,21,42,7,14,0.5238095238095238,-0.017784418467590282,17,0,0,1,2,18
1h,S1_EMA_RSI_CHOP,cf,1.0,772.9718897758623,0.7729718897758623,0.3582092804947762,False,,14,21,5,2,0.5,-0.017946812439409772,9,0,0,5,7,2
1h,S1_EMA_RSI_CHOP,cf,1.5,955.900740618235,0.9559007406182349,0.15558803261366938,False,,14,21,5,2,0.5714285714285714,0.006399766413711642,11,0,0,0,7,7
1h,S1_EMA_RSI_CHOP,cf,2.0,1088.2469617580205,1.0882469617580204,0.15869885250031868,False,,13,21,5,3,0.6153846153846154,0.03594601247573617,11,0,0,0,4,9
1h,S3_CMO_SANDWICH,is,1.0,9.730381921490917,0.009730381921490916,0.9937799024682485,True,1.6990776e+18,580,1123,239,44,0.5655172413793104,-0.0033053700159088,392,0,95,85,262,138
1h,S3_CMO_SANDWICH,is,1.5,9.697775414478212,0.009697775414478211,0.9929006308140346,True,1.700496e+18,521,1123,270,98,0.6026871401151631,-0.018466284373665053,363,0,17,37,241,226
1h,S3_CMO_SANDWICH,is,2.0,9.394795750252223,0.009394795750252222,0.9925923697696302,True,1.7032356e+18,468,1123,290,162,0.6153846153846154,-0.031560688896777114,332,0,2,13,149,304
1h,S3_CMO_SANDWICH,cf,1.0,9.123751846528858,0.009123751846528859,0.9923886509264074,True,1.7500176e+18,235,791,104,16,0.5361702127659574,-0.051460560514219135,147,0,17,32,129,57
1h,S3_CMO_SANDWICH,cf,1.5,9.644851912569772,0.009644851912569773,0.9906140142768609,True,1.7691804e+18,337,791,176,56,0.5964391691394659,-0.042132478554558095,233,0,6,13,147,171
1h,S3_CMO_SANDWICH,cf,2.0,26.98664610075399,0.02698664610075399,0.981916676284151,False,,432,791,257,102,0.6504629629629629,-0.026292753714299236,318,0,0,9,120,303
1h,S4_BB_BBP,is,1.0,9.63171123832422,0.00963171123832422,0.9920471856237867,True,1.6409376e+18,320,4795,339,24,0.4625,-0.04386036987846191,210,0,1,19,193,107
1h,S4_BB_BBP,is,1.5,9.221119070529797,0.009221119070529797,0.9946010172169208,True,1.6587864e+18,553,4795,908,170,0.5804701627486437,-0.02413922292678237,402,0,0,2,185,366
1h,S4_BB_BBP,is,2.0,9.741458118594887,0.009741458118594887,0.9937531287992153,True,1.6776972e+18,742,4795,1527,377,0.6159029649595688,-0.018547479463199738,550,0,2,4,124,612
1h,S4_BB_BBP,cf,1.0,9.974896775780348,0.009974896775780348,0.9900251032242197,True,1.728882e+18,235,3639,232,1,0.4808510638297872,-0.04762753899948667,155,0,15,35,151,34
1h,S4_BB_BBP,cf,1.5,9.644527772435701,0.0096445277724357,0.9908054577891503,True,1.7322876e+18,257,3639,345,25,0.5408560311284046,-0.05562228223064853,181,0,1,4,128,124
1h,S4_BB_BBP,cf,2.0,9.219398875625757,0.009219398875625756,0.9912107514104661,True,1.7391384e+18,320,3639,562,114,0.54375,-0.055299559601112346,226,0,0,1,62,257
1h,N04_ST_KLINGER,is,1.0,9.980885660436437,0.009980885660436437,0.9900191143395636,True,1.6345044e+18,399,13943,590,94,0.5413533834586466,-0.031532830961853345,270,0,0,9,226,164
1h,N04_ST_KLINGER,is,1.5,9.863080704318415,0.009863080704318416,0.9901369192956816,True,1.6381404e+18,474,13943,970,200,0.6012658227848101,-0.028329001433709325,328,0,0,0,127,347
1h,N04_ST_KLINGER,is,2.0,9.480148432927319,0.009480148432927318,0.9905198515670727,True,1.6426836e+18,469,13943,1405,473,0.6396588486140725,-0.04009093458382527,341,0,0,0,25,444
1h,N04_ST_KLINGER,cf,1.0,9.663326668316206,0.009663326668316206,0.9903366733316838,True,1.7242452e+18,263,9853,353,44,0.5019011406844106,-0.04744529012572662,175,0,1,26,172,64
1h,N04_ST_KLINGER,cf,1.5,9.707458753712853,0.009707458753712853,0.9902925412462872,True,1.7298036e+18,426,9853,945,79,0.6173708920187794,-0.02912483782528181,307,0,0,8,197,221
1h,N04_ST_KLINGER,cf,2.0,9.13856110494318,0.00913856110494318,0.9910254134507694,True,1.7423784e+18,653,9853,2003,604,0.655436447166922,-0.02515072079809419,486,0,2,1,90,560
1h,N05_PSAR_POC,is,1.0,9.986830962718413,0.009986830962718412,0.990176678895928,True,1.648566e+18,190,1177,35,17,0.48947368421052634,-0.0712543025492396,114,0,0,16,108,66
1h,N05_PSAR_POC,is,1.5,8.876614141470982,0.008876614141470982,0.991123385858529,True,1.6725924e+18,349,1177,131,94,0.5702005730659025,-0.038537185805015445,237,0,4,11,122,212
1h,N05_PSAR_POC,is,2.0,9.996885620060384,0.009996885620060384,0.9900031143799396,True,1.6840764e+18,377,1177,167,170,0.6153846153846154,-0.038947327466342795,269,0,2,6,77,292
1h,N05_PSAR_POC,cf,1.0,9.041909730874519,0.009041909730874518,0.9919098156738144,True,1.743894e+18,255,919,79,18,0.5333333333333333,-0.053070602143365724,164,0,14,28,144,69
1h,N05_PSAR_POC,cf,1.5,22.415339045881364,0.022415339045881364,0.9859785319453293,False,,598,919,264,57,0.6337792642140468,-0.012099757966678748,445,0,5,33,288,272
1h,N05_PSAR_POC,cf,2.0,186.6500132229229,0.1866500132229229,0.9062668326270599,False,,532,919,280,107,0.6785714285714286,-0.005271654521302174,412,0,0,4,150,378
1h,N06_MACD_ORB,is,1.0,8.921540776390755,0.008921540776390754,0.9910784592236093,True,1.6500492e+18,303,2019,200,24,0.48184818481848185,-0.046088335419787366,188,0,7,23,167,106
1h,N06_MACD_ORB,is,1.5,9.915729088420585,0.009915729088420585,0.9947862645280324,True,1.6762752e+18,531,2019,423,130,0.5630885122410546,-0.02666288464160922,364,0,8,11,180,332
1h,N06_MACD_ORB,is,2.0,9.946935843313932,0.009946935843313933,0.9906645333490636,True,1.6723836e+18,372,2019,403,232,0.5672043010752689,-0.04425955629731469,261,0,1,4,59,308
1h,N06_MACD_ORB,cf,1.0,9.706457728568452,0.009706457728568452,0.9912110249014929,True,1.734462e+18,233,1629,126,15,0.45493562231759654,-0.05389292521608281,146,0,11,33,145,44
1h,N06_MACD_ORB,cf,1.5,8.820414153397286,0.008820414153397285,0.9911795858466027,True,1.743894e+18,283,1629,219,61,0.5265017667844523,-0.05538009766267549,189,0,2,13,115,153
1h,N06_MACD_ORB,cf,2.0,9.014542290594617,0.009014542290594616,0.9921152586217405,True,1.7491248e+18,296,1629,272,110,0.5743243243243243,-0.055443580398880025,204,0,0,1,61,234
1h,N11_BREAKAWAY,is,1.0,788.8205840019613,0.7888205840019613,0.5018817228914418,False,,49,65,10,6,0.5102040816326531,-0.01635391022912825,35,0,1,3,27,18
1h,N11_BREAKAWAY,is,1.5,902.9126475914169,0.9029126475914169,0.39127304161973886,False,,40,65,10,15,0.575,-0.014557709136592881,30,0,0,0,13,27
1h,N11_BREAKAWAY,is,2.0,1026.6073035912652,1.0266073035912653,0.25894000624011215,False,,34,65,10,21,0.6470588235294118,0.008667029125924762,27,0,0,0,2,32
1h,N11_BREAKAWAY,cf,1.0,666.304595330352,0.6663045953303519,0.5205908104070556,False,,51,68,11,6,0.5686274509803921,-0.017577959618560807,37,0,5,8,26,12
1h,N11_BREAKAWAY,cf,1.5,540.0747864231491,0.5400747864231491,0.4599252135768509,False,,49,68,11,8,0.5918367346938775,-0.041656628119252685,35,0,2,2,23,22
1h,N11_BREAKAWAY,cf,2.0,778.0169716052326,0.7780169716052325,0.23548891108816805,False,,41,68,7,20,0.6585365853658537,-0.030001578691893824,29,0,0,1,10,30
1h,N13_3OUTSIDE,is,1.0,9.343945443156999,0.009343945443156998,0.9916470167625322,True,1.6793928e+18,384,975,118,52,0.4817708333333333,-0.02933406386356857,243,0,15,33,195,141
1h,N13_3OUTSIDE,is,1.5,9.899978339308754,0.009899978339308755,0.9930763801926459,True,1.7060904e+18,530,975,186,117,0.5660377358490566,-0.026512045403078145,360,0,12,25,206,287
1h,N13_3OUTSIDE,is,2.0,23.935182688134535,0.023935182688134535,0.9833815526234829,False,,532,975,225,218,0.6127819548872181,-0.020291682823271318,385,0,2,7,127,396
1h,N13_3OUTSIDE,cf,1.0,9.861293239501101,0.009861293239501101,0.9901387067604989,True,1.7466156e+18,218,768,53,23,0.47706422018348627,-0.05865062346009175,132,0,9,27,118,64
1h,N13_3OUTSIDE,cf,1.5,9.793849798032076,0.009793849798032076,0.9902061502019679,True,1.7600364e+18,312,768,99,53,0.5448717948717948,-0.05058309770602937,207,0,4,8,128,172
1h,N13_3OUTSIDE,cf,2.0,9.525232971854674,0.009525232971854675,0.9904747670281453,True,1.7599752e+18,268,768,95,100,0.5671641791044776,-0.0641689382850759,187,0,0,1,56,211
1h,N15_KC_AO,is,1.0,905.9609372736056,0.9059609372736056,0.22631424511948606,False,,15,19,1,3,0.6666666666666666,-0.030223089684011144,11,0,1,1,8,5
1h,N15_KC_AO,is,1.5,921.8997815624807,0.9218997815624808,0.2347846758445431,False,,13,19,1,5,0.6923076923076923,-0.019229357687590296,11,0,0,0,8,5
1h,N15_KC_AO,is,2.0,1046.2013846333489,1.0462013846333489,0.08786534559524428,False,,12,19,1,6,0.75,0.02097782007939851,11,0,0,0,2,10
1h,N15_KC_AO,cf,1.0,845.7778854795401,0.8457778854795401,0.18145770276999507,False,,8,9,1,0,0.375,-0.056749845548414064,7,0,0,2,3,3
1h,N15_KC_AO,cf,1.5,919.1794784340979,0.9191794784340979,0.11235714695492205,False,,8,9,1,0,0.375,-0.04885667748816577,7,0,0,0,3,5
1h,N15_KC_AO,cf,2.0,893.4612332830401,0.8934612332830401,0.13858119684623416,False,,6,9,1,2,0.3333333333333333,-0.08188744526228932,5,0,0,0,2,4
1h,N16_BBRSI,is,1.0,9.688360572366193,0.009688360572366193,0.9908075416183943,True,1.6440732e+18,213,1959,88,47,0.4788732394366197,-0.0661445913978838,135,0,0,18,112,83
1h,N16_BBRSI,is,1.5,9.852047108313625,0.009852047108313625,0.9906522334361599,True,1.6606764e+18,345,1959,177,153,0.553623188405797,-0.051393410176847676,248,0,0,1,97,247
1h,N16_BBRSI,is,2.0,9.43836222677581,0.00943836222677581,0.9905616377732241,True,1.661868e+18,281,1959,174,242,0.5622775800711743,-0.07055416128084142,200,0,0,0,18,263
1h,N16_BBRSI,cf,1.0,8.801653353227032,0.008801653353227032,0.991198346646773,True,1.7295948e+18,154,1505,65,14,0.4805194805194805,-0.08115686397720051,92,0,4,20,105,25
1h,N16_BBRSI,cf,1.5,9.285171732569037,0.009285171732569037,0.990714828267431,True,1.7391924e+18,230,1505,133,69,0.5565217391304348,-0.06735135106293792,151,0,1,2,103,124
1h,N16_BBRSI,cf,2.0,9.531950848795196,0.009531950848795196,0.9904680491512048,True,1.7488944e+18,275,1505,196,152,0.5927272727272728,-0.06379986455477701,192,0,0,1,41,233
1h,N19_FIB_CHOP,is,1.0,9.961876308834734,0.009961876308834734,0.9916063356995278,True,1.6652808e+18,229,1182,123,82,0.4672489082969432,-0.05376454301184572,147,0,4,9,120,96
1h,N19_FIB_CHOP,is,1.5,9.499231003348054,0.009499231003348055,0.9928044678809508,True,1.6831476e+18,271,1182,221,157,0.5018450184501845,-0.05301275206718451,188,0,3,9,80,179
1h,N19_FIB_CHOP,is,2.0,8.816583135278933,0.008816583135278933,0.993811791843171,True,1.6942104e+18,298,1182,275,263,0.5369127516778524,-0.057181037731529424,207,0,0,6,55,237
1h,N19_FIB_CHOP,cf,1.0,9.225984998639785,0.009225984998639785,0.9915675166472377,True,1.7560404e+18,228,723,101,18,0.45614035087719296,-0.05326612034417464,140,0,12,25,115,76
1h,N19_FIB_CHOP,cf,1.5,9.83862467915615,0.009838624679156149,0.9921226895717753,True,1.782396e+18,368,723,203,88,0.5407608695652174,-0.03568210045038953,248,0,4,15,161,188
1h,N19_FIB_CHOP,cf,2.0,11.766903900334604,0.011766903900334604,0.9889344798475549,False,,343,723,206,174,0.5568513119533528,-0.04580810303364845,242,0,1,2,82,258
1h,N20_EMA9_CHOP,is,1.0,9.18521766877044,0.009185217668770439,0.9913131424221657,True,1.6401708e+18,327,6099,422,35,0.5137614678899083,-0.03892321697150921,216,0,0,20,195,112
1h,N20_EMA9_CHOP,is,1.5,9.813891180924172,0.009813891180924171,0.992539688954597,True,1.656756e+18,547,6099,1130,246,0.6252285191956124,-0.026588136742495612,389,0,0,3,171,373
1h,N20_EMA9_CHOP,is,2.0,9.741798798525625,0.009741798798525625,0.9946851632563873,True,1.667412e+18,584,6099,1530,446,0.6472602739726028,-0.028727472525558007,435,0,0,0,69,515
1h,N20_EMA9_CHOP,cf,1.0,9.663879688038563,0.009663879688038562,0.992298811426391,True,1.7294544e+18,223,4535,339,4,0.5201793721973094,-0.05166404814932947,139,0,11,36,147,29
1h,N20_EMA9_CHOP,cf,1.5,9.810416765402612,0.009810416765402612,0.9917892032714091,True,1.7328888e+18,259,4535,472,52,0.5482625482625483,-0.06098600874038236,171,0,1,4,113,141
1h,N20_EMA9_CHOP,cf,2.0,9.783339604890973,0.009783339604890973,0.9917120691461584,True,1.7448372e+18,358,4535,970,241,0.6145251396648045,-0.048202469384807635,255,0,1,0,60,297
1h,V39_ALL,is,1.0,9.103791690748448,0.009103791690748448,0.9908962083092515,True,1.6426836e+18,367,5051,384,63,0.5395095367847411,-0.03466032106645861,249,0,3,16,211,137
1h,V39_ALL,is,1.5,9.955968839628504,0.009955968839628505,0.9915610854364677,True,1.6615116e+18,602,5051,939,306,0.6096345514950167,-0.020502156644952557,430,0,0,3,174,425
1h,V39_ALL,is,2.0,9.820072626336797,0.009820072626336798,0.9909781768973045,True,1.661958e+18,474,5051,920,482,0.630801687763713,-0.03278915960407802,345,0,0,0,39,435
1h,V39_ALL,cf,1.0,9.19560548693285,0.00919560548693285,0.9923207947901934,True,1.7288424e+18,227,3726,243,7,0.5022026431718062,-0.04935073249185678,145,0,10,35,154,28
1h,V39_ALL,cf,1.5,9.416272595450478,0.009416272595450477,0.9922281396868559,True,1.7324496e+18,266,3726,371,42,0.5639097744360902,-0.05824628497909576,173,0,0,5,131,130
1h,V39_ALL,cf,2.0,9.82990089606097,0.00982990089606097,0.9922011655406608,True,1.7444016e+18,374,3726,675,219,0.6310160427807486,-0.04928676062256033,266,0,0,2,59,313
1h,OBV_S,is,1.0,9.301259276181229,0.009301259276181228,0.996201693004754,True,1.6562268e+18,313,1885,189,57,0.5143769968051118,-0.04270468046502719,202,0,9,28,179,97
1h,OBV_S,is,1.5,9.837530375861226,0.009837530375861226,0.9941403063076327,True,1.6514172e+18,222,1885,180,55,0.5315315315315315,-0.0700505830723176,147,0,0,2,77,143
1h,OBV_S,is,2.0,9.606097076799385,0.009606097076799386,0.9961521347630746,True,1.6793316e+18,428,1885,398,230,0.602803738317757,-0.0373348908767377,313,0,1,7,77,343
1h,OBV_S,cf,1.0,9.522282184828434,0.009522282184828434,0.9904777178151716,True,1.7353836e+18,205,1426,105,16,0.4585365853658537,-0.06322885300310899,124,0,10,25,119,51
1h,OBV_S,cf,1.5,8.832746554526896,0.008832746554526896,0.9911672534454731,True,1.7545644e+18,352,1426,254,76,0.5852272727272727,-0.04480151960641987,240,0,7,12,132,201
1h,OBV_S,cf,2.0,9.198152172069099,0.0091981521720691,0.9908018478279309,True,1.7695332e+18,423,1426,412,145,0.6359338061465721,-0.0349306212474796,300,0,6,4,87,326
1h,OBV_B,is,1.0,8.991284392240106,0.008991284392240105,0.9923894775322325,True,1.6349112e+18,203,5569,172,36,0.47783251231527096,-0.07345198984519163,125,0,0,7,114,82
1h,OBV_B,is,1.5,9.850726391165278,0.009850726391165278,0.9908551955760161,True,1.6399764e+18,263,5569,311,123,0.55893536121673,-0.06824719421578,178,0,0,0,67,196
1h,OBV_B,is,2.0,8.845563835371635,0.008845563835371635,0.9917883262530887,True,1.6452684e+18,300,5569,468,263,0.58,-0.06991267477316832,207,0,0,0,13,287
1h,OBV_B,cf,1.0,9.254326378093232,0.009254326378093232,0.9918391584665317,True,1.7265744e+18,206,4169,207,6,0.5048543689320388,-0.056908375347125006,130,0,3,23,152,28
1h,OBV_B,cf,1.5,9.259803971106965,0.009259803971106966,0.9916788654543809,True,1.7277372e+18,211,4169,260,17,0.5308056872037915,-0.06747445533579906,137,0,0,2,96,113
1h,OBV_B,cf,2.0,9.177093362866406,0.009177093362866406,0.9915434639032153,True,1.7364852e+18,315,4169,528,146,0.6031746031746031,-0.057062336733449806,223,0,0,1,46,268
1h,V45_AMB,is,1.0,9.97693270349891,0.009976932703498911,0.990994188042419,True,1.6592904e+18,322,1967,323,61,0.546583850931677,-0.04579865386308703,206,0,0,13,186,123
1h,V45_AMB,is,1.5,9.98774916753597,0.00998774916753597,0.99246069057688,True,1.6770132e+18,395,1967,574,153,0.610126582278481,-0.03894238884876736,279,0,6,4,122,263
1h,V45_AMB,is,2.0,9.472412072604895,0.009472412072604896,0.9911529020096838,True,1.6974324e+18,484,1967,776,274,0.6508264462809917,-0.033159558768819465,353,0,1,12,100,371
1h,V45_AMB,cf,1.0,9.240656229848966,0.009240656229848966,0.9907792854125945,True,1.7400924e+18,222,1452,213,21,0.5495495495495496,-0.056177944100251,138,0,11,33,108,70
1h,V45_AMB,cf,1.5,9.312610585973072,0.009312610585973073,0.9906873894140269,True,1.7493984e+18,271,1452,348,58,0.5977859778597786,-0.05383603642558638,188,0,0,5,96,170
1h,V45_AMB,cf,2.0,9.978611103794892,0.009978611103794891,0.9902420434972498,True,1.763568e+18,311,1452,477,163,0.6366559485530546,-0.05739994832574316,216,0,2,2,67,240
1h,DOGE,is,1.0,9.296163547542667,0.009296163547542667,0.9941567965383239,True,1.6510824e+18,442,2987,332,73,0.5384615384615384,-0.027136355437045286,294,0,0,23,239,180
1h,DOGE,is,1.5,9.958530932063997,0.009958530932063997,0.995074225044512,True,1.6536096e+18,412,2987,363,170,0.5970873786407767,-0.033287973515472954,292,0,0,0,102,310
1h,DOGE,is,2.0,9.899545742339761,0.009899545742339762,0.9936847127252078,True,1.6695972e+18,484,2987,543,464,0.6363636363636364,-0.031778262470999956,353,0,0,0,37,447
1h,DOGE,cf,1.0,9.56230377847533,0.00956230377847533,0.9906022486885184,True,1.7347824e+18,287,2346,164,35,0.5156794425087108,-0.04254841472229878,193,0,4,36,176,71
1h,DOGE,cf,1.5,9.975674517848702,0.009975674517848702,0.9901866675113191,True,1.7421516e+18,353,2346,294,119,0.5750708215297451,-0.04523166021565337,251,0,0,3,132,218
1h,DOGE,cf,2.0,9.728077891004848,0.009728077891004848,0.9916861320052847,True,1.7439588e+18,306,2346,305,208,0.6078431372549019,-0.05659387221314817,220,0,0,0,44,262
1h,RANDOM_1,is,1.0,9.189233186091075,0.009189233186091075,0.9926926916876196,True,1.6412904e+18,258,2091,52,29,0.5465116279069767,-0.050485000908187534,168,0,1,10,141,106
1h,RANDOM_1,is,1.5,9.594992507372403,0.009594992507372403,0.9944226536046955,True,1.6629444e+18,488,2091,143,161,0.6290983606557377,-0.028725915366889673,350,0,0,0,132,356
1h,RANDOM_1,is,2.0,9.883069079224262,0.009883069079224262,0.9940392522016163,True,1.6574184e+18,319,2091,120,233,0.6300940438871473,-0.05630992247417412,227,0,0,0,16,303
1h,RANDOM_1,cf,1.0,9.911320869648447,0.009911320869648448,0.9900886791303516,True,1.7369856e+18,291,1619,58,39,0.5463917525773195,-0.039776698278900374,189,0,10,46,172,63
1h,RANDOM_1,cf,1.5,9.393834040636614,0.009393834040636614,0.9907335131789141,True,1.740312e+18,305,1619,94,79,0.6131147540983607,-0.04857539372245833,208,0,0,4,129,172
1h,RANDOM_1,cf,2.0,9.862955265800425,0.009862955265800425,0.9924030582909864,True,1.7559504e+18,439,1619,195,201,0.6492027334851936,-0.03936101754382709,322,0,0,3,75,361
1h,RANDOM_2,is,1.0,9.008849154045988,0.009008849154045989,0.995708267951279,True,1.6543296e+18,458,2082,89,71,0.5611353711790393,-0.022750627496034372,309,0,2,22,257,177
1h,RANDOM_2,is,1.5,9.674644882966437,0.009674644882966437,0.9976722058151402,True,1.6764408e+18,689,2082,206,237,0.6444121915820029,-0.012441656421182057,504,0,6,12,230,441
1h,RANDOM_2,is,2.0,9.255747699095284,0.009255747699095285,0.9918500933273079,True,1.6748388e+18,520,2082,190,386,0.65,-0.03128870624873615,391,0,1,4,66,449
1h,RANDOM_2,cf,1.0,9.979940801199518,0.009979940801199518,0.9902820690219928,True,1.7353188e+18,252,1573,54,28,0.49603174603174605,-0.05271953025808535,158,0,7,34,155,56
1h,RANDOM_2,cf,1.5,9.654968331062957,0.009654968331062956,0.9903450316689371,True,1.7436888e+18,317,1573,112,106,0.5709779179810726,-0.05084244165479042,216,0,1,3,122,191
1h,RANDOM_2,cf,2.0,9.794666127259761,0.00979466612725976,0.9902053338727402,True,1.7460936e+18,288,1573,132,165,0.5868055555555556,-0.062319768416754934,200,0,0,1,38,249
1h,RANDOM_3,is,1.0,9.332332059848577,0.009332332059848576,0.9906676679401514,True,1.6526952e+18,423,2114,93,60,0.5650118203309693,-0.02177174159210741,291,0,5,30,236,152
1h,RANDOM_3,is,1.5,8.822064423360054,0.008822064423360055,0.9933652684735957,True,1.6650144e+18,523,2114,178,154,0.609942638623327,-0.0234451166631514,383,0,0,2,147,374
1h,RANDOM_3,is,2.0,9.669348871156755,0.009669348871156756,0.993304591792122,True,1.677618e+18,564,2114,263,328,0.6276595744680851,-0.023190432523796736,421,0,0,6,90,468
1h,RANDOM_3,cf,1.0,9.884510134214082,0.009884510134214082,0.9917385179382456,True,1.733688e+18,251,1529,35,18,0.5099601593625498,-0.052199234697582565,159,0,11,27,145,68
1h,RANDOM_3,cf,1.5,9.567248854871762,0.009567248854871762,0.990802054981342,True,1.746954e+18,382,1529,103,99,0.6151832460732984,-0.039377783883607145,266,0,1,9,150,222
1h,RANDOM_3,cf,2.0,9.566707027241018,0.009566707027241017,0.9908025758939715,True,1.7670888e+18,544,1529,258,232,0.6599264705882353,-0.027228225644521865,405,0,1,5,111,427
4h,S2_ST_ROC,is,1.0,9.211332054403034,0.009211332054403033,0.9927187684837462,True,1.6958016e+18,507,3264,1036,879,0.534516765285996,-0.02736261588946222,351,0,4,14,117,372
4h,S2_ST_ROC,is,1.5,31.349337159096038,0.03134933715909604,0.9761269932584457,False,,417,3264,1154,1693,0.5899280575539568,-0.028478136434183565,312,0,0,1,40,376
4h,S2_ST_ROC,is,2.0,450.2966108129285,0.45029661081292854,0.8279536151232684,False,,234,3264,870,2160,0.6282051282051282,-0.005615178839210388,187,0,0,0,6,228
4h,S2_ST_ROC,cf,1.0,8.738663599542967,0.008738663599542966,0.9914630541661051,True,1.7860752e+18,604,2417,1067,574,0.5314569536423841,-0.019685583586254538,416,0,0,5,176,423
4h,S2_ST_ROC,cf,1.5,83.55104424070782,0.08355104424070782,0.9684559749010869,False,,407,2417,1031,979,0.5872235872235873,-0.015382220902590657,299,0,0,0,42,365
4h,S2_ST_ROC,cf,2.0,346.9589139909338,0.3469589139909338,0.7700939191296782,False,,254,2417,836,1327,0.6496062992125984,-0.009320274009734347,195,0,0,0,2,252
4h,S5_DONCHIAN_MFI,is,1.0,1181.0445868370725,1.1810445868370725,0.3232827098800196,False,,26,57,1,30,0.5769230769230769,0.11103610238352703,18,0,0,0,7,19
4h,S5_DONCHIAN_MFI,is,1.5,1621.706270532607,1.621706270532607,0.14768108717932482,False,,22,57,1,34,0.6363636363636364,0.16836323255136942,18,0,0,0,1,21
4h,S5_DONCHIAN_MFI,is,2.0,882.0666817219687,0.8820666817219688,0.19543055254813724,False,,11,57,1,45,0.45454545454545453,-0.04232622394321693,8,0,0,0,0,11
4h,S5_DONCHIAN_MFI,cf,1.0,883.9134758886498,0.8839134758886499,0.30825746930857767,False,,25,44,4,15,0.52,0.011210780817151664,17,0,0,0,8,17
4h,S5_DONCHIAN_MFI,cf,1.5,671.0214739540679,0.6710214739540679,0.35236043797612127,False,,15,44,2,27,0.4666666666666667,-0.10418496812886399,10,0,0,0,1,14
4h,S5_DONCHIAN_MFI,cf,2.0,891.6874959270541,0.8916874959270541,0.16223582810254633,False,,10,44,1,33,0.5,-0.04984170832346707,8,0,0,0,0,10
4h,S6_EMA_DMI_ADX,is,1.0,513.2354674557157,0.5132354674557157,0.6429285839195207,False,,131,396,56,209,0.5572519083969466,-0.007478364437475018,93,0,0,0,29,102
4h,S6_EMA_DMI_ADX,is,1.5,249.04909307266033,0.24904909307266032,0.799409841544265,False,,73,396,46,277,0.5753424657534246,-0.08252195519589892,50,0,0,0,3,70
4h,S6_EMA_DMI_ADX,is,2.0,533.3314438481036,0.5333314438481036,0.4809483353729598,False,,35,396,21,340,0.6571428571428571,-0.07900922373834152,25,0,0,0,0,35
4h,S6_EMA_DMI_ADX,cf,1.0,331.6341395522411,0.3316341395522411,0.7386739308887809,False,,120,294,69,105,0.5333333333333333,-0.03222140918831899,86,0,0,1,36,83
4h,S6_EMA_DMI_ADX,cf,1.5,614.3558852585412,0.6143558852585412,0.5965271513289705,False,,79,294,56,159,0.6075949367088608,-0.022365791473333084,62,0,0,0,4,75
4h,S6_EMA_DMI_ADX,cf,2.0,1300.362418035303,1.300362418035303,0.15053057145198456,False,,43,294,38,213,0.6976744186046512,0.03497208021390343,39,0,0,0,0,43
4h,N01_ST_EMA,is,1.0,27.08877942368757,0.027088779423687568,0.9797355362566366,False,,350,1043,285,408,0.48857142857142855,-0.030327435666429252,236,0,0,11,93,246
4h,N01_ST_EMA,is,1.5,324.19463285580787,0.32419463285580785,0.83165736067232,False,,201,1043,227,615,0.582089552238806,-0.014462981572433472,152,0,0,0,28,173
4h,N01_ST_EMA,is,2.0,433.6027794654887,0.4336027794654887,0.6986663540256728,False,,115,1043,168,760,0.591304347826087,-0.025901436954231867,85,0,0,0,2,113
4h,N01_ST_EMA,cf,1.0,24.643124276815534,0.024643124276815535,0.9798958136880429,False,,309,804,250,245,0.517799352750809,-0.03607979435881882,206,0,0,4,98,207
4h,N01_ST_EMA,cf,1.5,160.62078330008643,0.16062078330008642,0.8829087204831613,False,,189,804,214,401,0.5714285714285714,-0.03582521052648729,137,0,0,0,17,172
4h,N01_ST_EMA,cf,2.0,442.28616346166035,0.44228616346166033,0.6772473601337564,False,,116,804,157,531,0.6120689655172413,-0.024866950165554375,86,0,0,0,1,115
4h,N02_ST_KST,is,1.0,129.8734857161721,0.1298734857161721,0.926425970524041,False,,339,972,224,409,0.5221238938053098,-0.011807818054569468,239,0,2,5,98,234
4h,N02_ST_KST,is,1.5,251.72363117989755,0.25172363117989754,0.815695034694008,False,,199,972,163,610,0.5577889447236181,-0.022352881335010323,150,0,0,0,22,177
4h,N02_ST_KST,is,2.0,632.1863664212026,0.6321863664212026,0.5592412051393996,False,,121,972,121,730,0.5950413223140496,-0.012135123766287587,98,0,0,0,4,117
4h,N02_ST_KST,cf,1.0,158.7789583896923,0.1587789583896923,0.8558227017506019,False,,292,714,221,201,0.5445205479452054,-0.01479369079476134,205,0,0,1,85,206
4h,N02_ST_KST,cf,1.5,460.35678333844544,0.46035678333844543,0.6754899321634127,False,,176,714,182,356,0.5738636363636364,-0.01065945849620383,134,0,0,0,14,162
4h,N02_ST_KST,cf,2.0,943.4310801932362,0.9434310801932362,0.3602461282756768,False,,113,714,142,459,0.6371681415929203,0.007937287824981282,89,0,0,0,1,112
4h,N03_ADX_GC,is,1.0,1290.2558716250933,1.2902558716250934,0.15229008942616173,False,,11,25,0,14,0.6363636363636364,0.10415836013857536,8,0,0,0,3,8
4h,N03_ADX_GC,is,1.5,1077.6732982544586,1.0776732982544586,0.12568975923443526,False,,8,25,0,17,0.5,0.06124323212491494,7,0,0,0,0,8
4h,N03_ADX_GC,is,2.0,1040.2194102453009,1.0402194102453008,0.03721897682262443,False,,3,25,0,22,0.6666666666666666,0.06956953231969835,3,0,0,0,0,3
4h,N03_ADX_GC,cf,1.0,574.1435039086034,0.5741435039086034,0.5113432707652308,False,,22,32,0,10,0.36363636363636365,-0.10476705463805018,13,0,0,0,5,17
4h,N03_ADX_GC,cf,1.5,867.2655813139202,0.8672655813139202,0.1903323888875308,False,,10,32,1,21,0.5,-0.06317360802669614,7,0,0,0,0,10
4h,N03_ADX_GC,cf,2.0,910.7450500452161,0.9107450500452161,0.14974053520555575,False,,7,32,0,25,0.5714285714285714,-0.055229925379727915,5,0,0,0,0,7
4h,N07_ICHI_CMO,is,1.0,250.2853521158875,0.2502853521158875,0.838219663794325,False,,189,497,95,213,0.5608465608465608,-0.011413754913844335,132,0,0,3,66,120
4h,N07_ICHI_CMO,is,1.5,494.06299510624535,0.49406299510624535,0.6217636247423912,False,,122,497,87,288,0.6065573770491803,-0.01343745540760628,89,0,0,0,17,105
4h,N07_ICHI_CMO,is,2.0,869.0748814328642,0.8690748814328643,0.529974374759564,False,,80,497,68,349,0.65,0.005937582439001647,61,0,0,0,1,79
4h,N07_ICHI_CMO,cf,1.0,234.6340427259016,0.2346340427259016,0.8219702601171484,False,,151,293,56,86,0.543046357615894,-0.019959132818607325,101,0,0,2,39,110
4h,N07_ICHI_CMO,cf,1.5,472.9854391035227,0.4729854391035227,0.7305227677335311,False,,95,293,48,150,0.6,-0.02189490795597194,69,0,0,0,15,80
4h,N07_ICHI_CMO,cf,2.0,577.4233203897148,0.5774233203897148,0.5990985979787571,False,,53,293,34,206,0.6037735849056604,-0.042605972327057415,41,0,0,0,1,52
4h,N08_ICHI_WR,is,1.0,1005.0815829201885,1.0050815829201885,0.13930943940541318,False,,24,56,3,29,0.5416666666666666,0.011204881212788642,19,0,0,0,7,17
4h,N08_ICHI_WR,is,1.5,698.7674190890159,0.6987674190890159,0.32470352378272627,False,,14,56,3,39,0.42857142857142855,-0.1153042418642414,9,0,0,0,1,13
4h,N08_ICHI_WR,is,2.0,932.5827804658525,0.9325827804658524,0.20226990122924882,False,,11,56,3,42,0.5454545454545454,-0.024437337229172806,9,0,0,0,0,11
4h,N08_ICHI_WR,cf,1.0,1106.790716928155,1.106790716928155,0.2655077632559274,False,,24,37,4,9,0.625,0.029538820295856544,18,0,0,1,3,20
4h,N08_ICHI_WR,cf,1.5,1090.0133155972142,1.0900133155972143,0.1403302448851098,False,,14,37,1,22,0.7142857142857143,0.0377714582537653,12,0,0,0,1,13
4h,N08_ICHI_WR,cf,2.0,1067.209727941187,1.0672097279411872,0.039525705126959076,False,,4,37,0,33,0.75,0.0851535487652921,4,0,0,0,0,4
4h,N09_ALLIG_AROON,is,1.0,164.00922635715105,0.16400922635715104,0.946791800263649,False,,215,528,114,199,0.5209302325581395,-0.020685874844356744,150,0,0,8,61,146
4h,N09_ALLIG_AROON,is,1.5,180.34344865791473,0.18034344865791474,0.8818192256481147,False,,142,528,79,307,0.5633802816901409,-0.041603569015186824,104,0,0,0,23,119
4h,N09_ALLIG_AROON,is,2.0,638.5767625503333,0.6385767625503334,0.5530385803956077,False,,79,528,61,388,0.569620253164557,-0.01808771308586122,60,0,0,0,4,75
4h,N09_ALLIG_AROON,cf,1.0,539.5700186568789,0.5395700186568789,0.692534393238063,False,,164,385,88,133,0.5487804878048781,-0.010983604875604236,121,0,0,0,43,121
4h,N09_ALLIG_AROON,cf,1.5,952.760042014235,0.9527600420142349,0.5121983995054575,False,,109,385,75,201,0.5963302752293578,0.0065463905056463495,87,0,0,0,8,101
4h,N09_ALLIG_AROON,cf,2.0,907.7187478305544,0.9077187478305544,0.40529953647958883,False,,59,385,52,274,0.576271186440678,0.0011202526601303332,48,0,0,0,0,59
4h,N10_HA_PSAR,is,1.0,36.6347021182902,0.0366347021182902,0.9899596679180899,False,,383,1278,287,608,0.5039164490861618,-0.019698212573711557,263,0,0,6,107,270
4h,N10_HA_PSAR,is,1.5,202.66809570744212,0.20266809570744213,0.8970842438538069,False,,206,1278,216,856,0.558252427184466,-0.022199535449107213,152,0,0,0,25,181
4h,N10_HA_PSAR,is,2.0,625.5201731545819,0.625520173154582,0.8119841635488576,False,,122,1278,168,988,0.639344262295082,-0.004674755137270441,97,0,0,0,4,118
4h,N10_HA_PSAR,cf,1.0,9.919413059215872,0.009919413059215872,0.9900805869407842,True,1.784088e+18,331,961,246,322,0.513595166163142,-0.05235785283151511,216,0,0,2,77,252
4h,N10_HA_PSAR,cf,1.5,104.82202786113884,0.10482202786113884,0.914459702454567,False,,217,961,175,569,0.5944700460829493,-0.03622435307748527,158,0,0,0,23,194
4h,N10_HA_PSAR,cf,2.0,628.7918924633366,0.6287918924633366,0.6584938682402988,False,,137,961,129,695,0.6788321167883211,-0.0068589657017780565,105,0,0,0,1,136
4h,N12_ICHI_AO,is,1.0,504.3667685963305,0.5043667685963305,0.7891167912167779,False,,200,501,109,192,0.575,0.0005213174760614536,146,0,0,1,59,140
4h,N12_ICHI_AO,is,1.5,480.83554102994486,0.48083554102994486,0.708313327327965,False,,128,501,88,285,0.6171875,-0.017282193905795235,93,0,0,0,12,116
4h,N12_ICHI_AO,is,2.0,507.0034618928506,0.5070034618928506,0.631148249893895,False,,81,501,48,372,0.6296296296296297,-0.0286485645552277,60,0,0,0,2,79
4h,N12_ICHI_AO,cf,1.0,69.37270012979691,0.0693727001297969,0.9488020859913647,False,,168,381,90,123,0.5,-0.04950079749177562,112,0,0,2,51,115
4h,N12_ICHI_AO,cf,1.5,198.1551127555167,0.1981551127555167,0.8420314391875824,False,,113,381,67,201,0.5486725663716814,-0.05422488708636969,81,0,0,0,11,102
4h,N12_ICHI_AO,cf,2.0,384.4879946636533,0.3844879946636533,0.6883072134251464,False,,67,381,46,268,0.5970149253731343,-0.06181089273988486,51,0,0,0,1,66
4h,N14_ICHI_RSI,is,1.0,896.5406643923154,0.8965406643923154,0.13006427985137115,False,,2,2,0,0,0.5,-0.16580270762159094,1,0,0,0,2,0
4h,N14_ICHI_RSI,is,1.5,1017.2182344291659,1.017218234429166,0.0,False,,1,2,1,0,1.0,0.08609117214582968,1,0,0,0,0,1
4h,N14_ICHI_RSI,is,2.0,1017.2182344291659,1.017218234429166,0.0,False,,1,2,1,0,1.0,0.08609117214582968,1,0,0,0,0,1
4h,N14_ICHI_RSI,cf,1.0,1000.0,1.0,0.0,False,,0,1,0,1,,,0,0,0,0,0,0
4h,N14_ICHI_RSI,cf,1.5,1000.0,1.0,0.0,False,,0,1,0,1,,,0,0,0,0,0,0
4h,N14_ICHI_RSI,cf,2.0,1000.0,1.0,0.0,False,,0,1,0,1,,,0,0,0,0,0,0
4h,N17_KC_RSI,is,1.0,9.79382618834697,0.009793826188346968,0.9904951266567654,True,1.6734816e+18,278,6068,1217,1615,0.44244604316546765,-0.05491180104819121,180,0,0,9,41,228
4h,N17_KC_RSI,is,1.5,9.94686942319729,0.00994686942319729,0.9926539758936275,True,1.709568e+18,337,6068,2051,3140,0.5400593471810089,-0.052796734394744485,230,0,0,0,28,309
4h,N17_KC_RSI,is,2.0,23.751288914721112,0.02375128891472111,0.9778449428094835,False,,187,6068,1420,4461,0.5721925133689839,-0.08326525074535386,129,0,0,0,6,181
4h,N17_KC_RSI,cf,1.0,9.730586354149656,0.009730586354149655,0.990561017573556,True,1.7530992e+18,267,4614,1271,697,0.5093632958801498,-0.06826749423944276,175,0,0,0,65,202
4h,N17_KC_RSI,cf,1.5,9.871305457701684,0.009871305457701684,0.9904245155070668,True,1.7899488e+18,329,4614,2124,2078,0.574468085106383,-0.055343595045496165,238,0,0,0,39,290
4h,N17_KC_RSI,cf,2.0,82.36280377906922,0.08236280377906922,0.9339717742208884,False,,179,4614,1512,2923,0.6312849162011173,-0.05865813929004857,133,0,0,0,1,178
4h,N18_VWMA_MACD,is,1.0,9.84587684166635,0.00984587684166635,0.9916380786892737,True,1.6953408e+18,379,3467,1147,963,0.48021108179419525,-0.0432567308260833,246,0,3,10,92,274
4h,N18_VWMA_MACD,is,1.5,33.170391704419046,0.033170391704419044,0.9798306132619695,False,,329,3467,1242,1896,0.5592705167173252,-0.03677520693262446,235,0,0,0,34,295
4h,N18_VWMA_MACD,is,2.0,186.98375930266857,0.18698375930266858,0.8553971781811748,False,,174,3467,859,2434,0.5919540229885057,-0.03382083135842024,128,0,0,0,6,168
4h,N18_VWMA_MACD,cf,1.0,9.899402688483763,0.009899402688483763,0.9901005973115162,True,1.7537904e+18,223,2549,589,423,0.4618834080717489,-0.0770145084136327,137,0,0,4,42,177
4h,N18_VWMA_MACD,cf,1.5,32.578475671815,0.032578475671815,0.9697598729070238,False,,292,2549,1037,1220,0.5445205479452054,-0.046967980545796546,213,0,0,0,28,264
4h,N18_VWMA_MACD,cf,2.0,90.88326436818753,0.09088326436818753,0.9120416931754126,False,,168,2549,822,1559,0.5595238095238095,-0.05701847541666073,125,0,0,0,2,166
4h,N21_ST_RSI_ADX,is,1.0,1000.0,1.0,0.0,False,,0,0,0,0,,,0,0,0,0,0,0
4h,N21_ST_RSI_ADX,is,1.5,1000.0,1.0,0.0,False,,0,0,0,0,,,0,0,0,0,0,0
4h,N21_ST_RSI_ADX,is,2.0,1000.0,1.0,0.0,False,,0,0,0,0,,,0,0,0,0,0,0
4h,N21_ST_RSI_ADX,cf,1.0,1000.0,1.0,0.0,False,,0,0,0,0,,,0,0,0,0,0,0
4h,N21_ST_RSI_ADX,cf,1.5,1000.0,1.0,0.0,False,,0,0,0,0,,,0,0,0,0,0,0
4h,N21_ST_RSI_ADX,cf,2.0,1000.0,1.0,0.0,False,,0,0,0,0,,,0,0,0,0,0,0
4h,N22_VORTEX_PSAR,is,1.0,9.393433402147243,0.009393433402147244,0.9917344717453147,True,1.6926048e+18,421,2722,697,780,0.5201900237529691,-0.034294995736551474,277,0,3,12,88,318
4h,N22_VORTEX_PSAR,is,1.5,18.510455771510905,0.018510455771510906,0.9832183948799174,False,,374,2722,885,1463,0.5614973262032086,-0.03863318700317188,269,0,0,0,36,338
4h,N22_VORTEX_PSAR,is,2.0,379.2867752556522,0.3792867752556522,0.7649915037426109,False,,207,2722,653,1862,0.6521739130434783,-0.011413881333059477,159,0,0,0,7,200
4h,N22_VORTEX_PSAR,cf,1.0,9.497243446952695,0.009497243446952694,0.9905027565530473,True,1.768176e+18,360,2022,534,474,0.5138888888888888,-0.040171879035894614,247,0,0,4,85,271
4h,N22_VORTEX_PSAR,cf,1.5,218.1742978046712,0.2181742978046712,0.8327757448695025,False,,357,2022,741,924,0.6162464985994398,-0.0045837997802569705,280,0,0,0,34,323
4h,N22_VORTEX_PSAR,cf,2.0,1185.5514799175744,1.1855514799175744,0.6081599229750054,False,,222,2022,548,1252,0.6846846846846847,0.012929551385894633,181,0,0,0,1,221
4h,N23_HA_ST,is,1.0,9.877309708215972,0.009877309708215971,0.9924820045530797,True,1.7086464e+18,712,3992,1530,1272,0.5182584269662921,-0.0127629567524638,494,0,1,13,194,504
4h,N23_HA_ST,is,1.5,304.89739163574023,0.30489739163574026,0.8880419080711717,False,,474,3992,1370,2148,0.5886075949367089,-0.004313173052158285,372,0,0,0,44,430
4h,N23_HA_ST,is,2.0,2807.7669851689116,2.8077669851689118,0.7068030555405753,False,,272,3992,1016,2704,0.6580882352941176,0.03041734126563623,227,0,0,0,7,265
4h,N23_HA_ST,cf,1.0,9.584873286606214,0.009584873286606215,0.9929684862550814,True,1.757232e+18,371,2998,727,492,0.522911051212938,-0.04272433289293972,249,0,0,4,97,270
4h,N23_HA_ST,cf,1.5,19.986950922138845,0.019986950922138844,0.9855577843878565,False,,468,2998,1265,1265,0.6047008547008547,-0.021223290713674087,351,0,0,0,50,418
4h,N23_HA_ST,cf,2.0,430.3378417530913,0.4303378417530913,0.7338780389819369,False,,287,2998,936,1775,0.6655052264808362,-0.0048563002764642135,230,0,0,0,1,286
4h,N24_DMI,is,1.0,54.5926722575706,0.0545926722575706,0.9703360419756096,False,,433,1449,426,590,0.535796766743649,-0.017009193213391408,301,0,2,5,111,315
4h,N24_DMI,is,1.5,206.06581146371065,0.20606581146371064,0.937603869890862,False,,248,1449,347,854,0.592741935483871,-0.018966378129238296,191,0,0,0,21,227
4h,N24_DMI,is,2.0,250.58914895595055,0.2505891489559505,0.7733154188325472,False,,138,1449,242,1069,0.6014492753623188,-0.04023972292379392,103,0,0,0,2,136
4h,N24_DMI,cf,1.0,9.081894274928706,0.009081894274928705,0.9921049951715825,True,1.7797824e+18,325,1200,358,341,0.48923076923076925,-0.05296344774969497,214,0,0,0,83,242
4h,N24_DMI,cf,1.5,151.94916979969508,0.15194916979969508,0.9312737918887439,False,,247,1200,381,572,0.5870445344129555,-0.02689634834707275,184,0,0,0,20,227
4h,N24_DMI,cf,2.0,300.3810573491999,0.3003810573491999,0.8232264564178925,False,,147,1200,254,799,0.6326530612244898,-0.032118366374965665,113,0,0,0,1,146
4h,N25_DST_CCI,is,1.0,51.54285083622738,0.05154285083622738,0.9737775110492365,False,,419,1485,523,543,0.5775656324582339,-0.017460446948003253,290,0,1,12,108,298
4h,N25_DST_CCI,is,1.5,168.50221730353695,0.16850221730353696,0.8697062360013698,False,,231,1485,405,849,0.6320346320346321,-0.021880835850575313,172,0,0,0,32,199
4h,N25_DST_CCI,is,2.0,719.9991482794446,0.7199991482794447,0.7111318387046854,False,,127,1485,287,1071,0.6535433070866141,-0.00025550875013267336,99,0,0,0,6,121
4h,N25_DST_CCI,cf,1.0,43.23839224372252,0.04323839224372252,0.9580187230286665,False,,397,1160,496,267,0.5793450881612091,-0.028473270549906334,279,0,0,4,111,282
4h,N25_DST_CCI,cf,1.5,120.48464520822083,0.12048464520822083,0.9035911944493717,False,,249,1160,376,535,0.6305220883534136,-0.026980120399558435,186,0,0,0,27,222
4h,N25_DST_CCI,cf,2.0,762.3713127389544,0.7623713127389544,0.4290608106819013,False,,155,1160,298,707,0.6967741935483871,-0.000642875859440343,125,0,0,0,0,155
4h,S1_EMA_RSI_CHOP,is,1.0,1071.9904767840999,1.0719904767841,0.1000164084949774,False,,3,10,1,6,0.3333333333333333,0.04150588647383716,2,0,0,0,1,2
4h,S1_EMA_RSI_CHOP,is,1.5,985.525399447359,0.985525399447359,0.09163412341049615,False,,2,10,1,7,0.5,-0.01672725752934029,1,0,0,0,0,2
4h,S1_EMA_RSI_CHOP,is,2.0,954.6279368212399,0.9546279368212399,0.12011253780600983,False,,2,10,1,7,0.5,-0.08792329351812456,1,0,0,0,0,2
4h,S1_EMA_RSI_CHOP,cf,1.0,957.3777912527754,0.9573777912527754,0.06690184003603172,False,,2,4,0,2,0.5,-0.10220348239806536,1,0,0,0,0,2
4h,S1_EMA_RSI_CHOP,cf,1.5,924.4934666530555,0.9244934666530555,0.09895219994202509,False,,2,4,0,2,0.5,-0.18232938216304911,1,0,0,0,0,2
4h,S1_EMA_RSI_CHOP,cf,2.0,1026.0204470768056,1.0260204470768055,0.0,False,,1,4,0,3,1.0,0.13010223538402757,1,0,0,0,0,1
4h,S3_CMO_SANDWICH,is,1.0,168.27390263907432,0.16827390263907432,0.8861386316572627,False,,99,239,31,109,0.47474747474747475,-0.055638802456484907,60,0,1,1,22,75
4h,S3_CMO_SANDWICH,is,1.5,363.84115356369597,0.36384115356369595,0.6763268336432326,False,,56,239,15,168,0.5535714285714286,-0.06464403294963447,38,0,0,1,6,49
4h,S3_CMO_SANDWICH,is,2.0,719.3639770655242,0.7193639770655241,0.44517125669800517,False,,33,239,11,195,0.6363636363636364,-0.0358721715476828,25,0,0,0,1,32
4h,S3_CMO_SANDWICH,cf,1.0,60.329883830209425,0.06032988383020942,0.953557824679343,False,,99,206,26,81,0.43434343434343436,-0.11459450608195183,52,0,0,3,24,72
4h,S3_CMO_SANDWICH,cf,1.5,121.78631051878797,0.12178631051878797,0.8806894021910795,False,,65,206,22,119,0.47692307692307695,-0.1358394720575684,41,0,0,0,9,56
4h,S3_CMO_SANDWICH,cf,2.0,458.9258126652922,0.4589258126652922,0.5860417755573527,False,,28,206,13,165,0.5714285714285714,-0.1275100383837749,18,0,0,0,0,28
4h,S4_BB_BBP,is,1.0,127.34482524269752,0.12734482524269752,0.9576804957487891,False,,400,1250,446,404,0.4675,-0.010195963255575645,277,0,3,13,111,273
4h,S4_BB_BBP,is,1.5,61.49321222927272,0.061493212229272724,0.9464388625083152,False,,255,1250,320,675,0.5098039215686274,-0.03748059709492681,181,0,0,1,39,215
4h,S4_BB_BBP,is,2.0,946.8996209245436,0.9468996209245436,0.7255798790879693,False,,141,1250,252,857,0.6099290780141844,0.007525651556742256,110,0,0,0,8,133
4h,S4_BB_BBP,cf,1.0,9.91162644959825,0.00991162644959825,0.9900883735504018,True,1.7862192e+18,335,933,366,176,0.4955223880597015,-0.038497346928877046,223,0,0,3,100,232
4h,S4_BB_BBP,cf,1.5,163.17341555268538,0.16317341555268539,0.8531421491283498,False,,242,933,325,366,0.5537190082644629,-0.022382285852194362,181,0,0,0,27,215
4h,S4_BB_BBP,cf,2.0,301.9295953623964,0.3019295953623964,0.7254458704687716,False,,140,933,286,507,0.5785714285714286,-0.030498894072863714,106,0,0,0,1,139
4h,N04_ST_KLINGER,is,1.0,9.71153851811909,0.00971153851811909,0.996286901770928,True,1.6920144e+18,561,3697,884,1193,0.5365418894830659,-0.017837282744373278,382,0,1,14,118,428
4h,N04_ST_KLINGER,is,1.5,31.377558257508884,0.03137755825750888,0.9776284704868548,False,,495,3697,1033,2169,0.604040404040404,-0.01933907758066924,359,0,0,0,50,445
4h,N04_ST_KLINGER,is,2.0,67.41114910765126,0.06741114910765125,0.9447484412155676,False,,268,3697,758,2671,0.6156716417910447,-0.03765357806054535,195,0,0,0,9,259
4h,N04_ST_KLINGER,cf,1.0,9.299450415834169,0.00929945041583417,0.9937758970226348,True,1.749456e+18,280,2581,355,426,0.48214285714285715,-0.06575557521669238,177,0,0,0,55,225
4h,N04_ST_KLINGER,cf,1.5,9.838265441504518,0.009838265441504518,0.9915230583697952,True,1.7742096e+18,305,2581,593,1082,0.5475409836065573,-0.061807345608431694,209,0,0,0,23,282
4h,N04_ST_KLINGER,cf,2.0,504.71102535211725,0.5047110253521172,0.8149692618744708,False,,255,2581,736,1590,0.6470588235294118,-0.004679842507906884,205,0,0,0,1,254
4h,N05_PSAR_POC,is,1.0,143.4564786312559,0.14345647863125588,0.8613761830696525,False,,117,268,21,130,0.47863247863247865,-0.06063592793407983,75,0,0,2,33,82
4h,N05_PSAR_POC,is,1.5,381.66691347868294,0.3816669134786829,0.6806978571012852,False,,66,268,18,184,0.48484848484848486,-0.07142816593228103,44,0,0,0,6,60
4h,N05_PSAR_POC,is,2.0,611.6022962297941,0.6116022962297941,0.6388162861384732,False,,39,268,17,212,0.6923076923076923,-0.05100883369504586,27,0,0,0,2,37
4h,N05_PSAR_POC,cf,1.0,348.8318962864994,0.3488318962864994,0.7118294110022179,False,,96,187,18,73,0.5104166666666666,-0.04268477686940466,64,0,0,0,33,63
4h,N05_PSAR_POC,cf,1.5,1413.1604129731472,1.4131604129731472,0.29961697401103804,False,,65,187,16,106,0.7076923076923077,0.034265604795414115,48,0,0,0,6,59
4h,N05_PSAR_POC,cf,2.0,1519.9390958511626,1.5199390958511627,0.37631373414686575,False,,38,187,12,137,0.8157894736842105,0.06624824343284094,32,0,0,0,0,38
4h,N06_MACD_ORB,is,1.0,534.5486824129448,0.5345486824129448,0.7398238739216906,False,,218,579,121,240,0.5091743119266054,0.0049705624501730685,143,0,2,7,53,156
4h,N06_MACD_ORB,is,1.5,901.0674840000938,0.9010674840000938,0.48301979577339704,False,,127,579,98,354,0.6141732283464567,0.008796400495737587,92,0,0,0,15,112
4h,N06_MACD_ORB,is,2.0,1270.4283744170912,1.2704283744170912,0.34299961078569874,False,,73,579,75,431,0.684931506849315,0.0334251215495653,59,0,0,0,5,68
4h,N06_MACD_ORB,cf,1.0,42.71524462896757,0.042715244628967565,0.9572847553710324,False,,194,446,109,143,0.4690721649484536,-0.05039968851673765,121,0,0,0,54,140
4h,N06_MACD_ORB,cf,1.5,355.1737517232347,0.35517375172323473,0.689623431644635,False,,112,446,81,253,0.5178571428571429,-0.03146861403214098,81,0,0,0,6,106
4h,N06_MACD_ORB,cf,2.0,387.90638667358576,0.38790638667358573,0.6441216507929043,False,,64,446,69,313,0.515625,-0.06280775875672355,46,0,0,0,0,64
4h,N11_BREAKAWAY,is,1.0,784.1070306804179,0.7841070306804179,0.21589296931958213,False,,5,19,1,13,0.2,-0.19876204887615515,4,0,0,0,1,4
4h,N11_BREAKAWAY,is,1.5,1026.8780561995445,1.0268780561995445,0.005642917995756558,False,,2,19,1,16,0.5,0.06765652704160216,2,0,0,0,0,2
4h,N11_BREAKAWAY,is,2.0,1032.7055288123972,1.0327055288123972,0.0,False,,1,19,0,18,1.0,0.1635276440619865,1,0,0,0,0,1
4h,N11_BREAKAWAY,cf,1.0,793.7309960041515,0.7937309960041515,0.2652737462477689,False,,7,11,1,3,0.5714285714285714,-0.11969573529763776,4,0,0,0,1,6
4h,N11_BREAKAWAY,cf,1.5,828.5465188149775,0.8285465188149775,0.18181673307203872,False,,3,11,1,7,0.3333333333333333,-0.29701573239529055,1,0,0,0,0,3
4h,N11_BREAKAWAY,cf,2.0,883.1302550622258,0.8831302550622259,0.11686974493777413,False,,1,11,0,10,0.0,-0.584348724688871,0,0,0,0,0,1
4h,N13_3OUTSIDE,is,1.0,110.0603012194555,0.1100603012194555,0.9062468464302258,False,,82,226,26,118,0.4024390243902439,-0.10041628462551526,47,0,0,0,19,63
4h,N13_3OUTSIDE,is,1.5,386.1812724394253,0.3861812724394253,0.6432435218706276,False,,49,226,18,159,0.5306122448979592,-0.07543191504638036,33,0,0,0,4,45
4h,N13_3OUTSIDE,is,2.0,577.9285059203853,0.5779285059203854,0.5224585337582688,False,,26,226,9,191,0.5384615384615384,-0.0924870427143337,18,0,0,0,0,26
4h,N13_3OUTSIDE,cf,1.0,241.66318230270065,0.24166318230270065,0.8084745333891455,False,,87,198,20,91,0.4942528735632184,-0.06321723390454763,56,0,0,0,20,67
4h,N13_3OUTSIDE,cf,1.5,677.8260212402812,0.6778260212402812,0.4681966322456619,False,,45,198,15,138,0.5777777777777777,-0.04092513085692351,34,0,0,0,4,41
4h,N13_3OUTSIDE,cf,2.0,907.2352591067638,0.9072352591067638,0.3367589057358805,False,,26,198,10,162,0.6538461538461539,-0.01006874039494631,21,0,0,0,0,26
4h,N15_KC_AO,is,1.0,1021.3876045242326,1.0213876045242327,5.425196760722173e-06,False,,2,3,0,1,0.5,0.035646200977096365,2,0,0,0,2,0
4h,N15_KC_AO,is,1.5,939.4914962147329,0.9394914962147329,0.06935711661908772,False,,2,3,0,1,0.5,-0.14962262956658745,1,0,0,0,0,2
4h,N15_KC_AO,is,2.0,918.4412352607584,0.9184412352607584,0.09020911541743537,False,,2,3,0,1,0.5,-0.20175262656245696,1,0,0,0,0,2
4h,N15_KC_AO,cf,1.0,948.518087169387,0.9485180871693869,0.06783445520523967,False,,2,3,0,1,0.5,-0.14034858740502018,1,0,0,0,1,1
4h,N15_KC_AO,cf,1.5,912.803372085609,0.912803372085609,0.0988511226958364,False,,2,3,0,1,0.5,-0.21479548331621137,1,0,0,0,0,2
4h,N15_KC_AO,cf,2.0,1012.9329293693518,1.0129329293693519,0.0,False,,1,3,0,2,1.0,0.06466464684675906,1,0,0,0,0,1
4h,N16_BBRSI,is,1.0,84.68701908995142,0.08468701908995142,0.9704545810444487,False,,195,504,71,238,0.4512820512820513,-0.04035142945210577,136,0,0,7,56,132
4h,N16_BBRSI,is,1.5,442.7601297276567,0.4427601297276567,0.8044722509753135,False,,130,504,56,318,0.5384615384615384,-0.01775434955853356,101,0,0,0,19,111
4h,N16_BBRSI,is,2.0,364.223359366554,0.36422335936655403,0.7355864838211458,False,,73,504,44,387,0.5205479452054794,-0.05250414487454965,53,0,0,0,5,68
4h,N16_BBRSI,cf,1.0,263.16196950888406,0.26316196950888404,0.8073108904181985,False,,153,370,55,162,0.5490196078431373,-0.03570560351402119,104,0,0,1,35,117
4h,N16_BBRSI,cf,1.5,362.7845506378139,0.3627845506378139,0.7203679419885529,False,,87,370,38,245,0.5862068965517241,-0.04245384473659353,65,0,0,0,11,76
4h,N16_BBRSI,cf,2.0,881.4850887296493,0.8814850887296493,0.40305074040452316,False,,52,370,23,295,0.6923076923076923,-0.007539620062686001,42,0,0,0,1,51
4h,N19_FIB_CHOP,is,1.0,213.73300178633122,0.21373300178633123,0.8382876128706397,False,,88,328,66,174,0.5,-0.06328751472135181,57,0,0,2,24,62
4h,N19_FIB_CHOP,is,1.5,448.35393657574696,0.44835393657574696,0.551646063424253,False,,53,328,53,222,0.49056603773584906,-0.057749794399533226,40,0,0,0,4,49
4h,N19_FIB_CHOP,is,2.0,760.6732260720488,0.7606732260720488,0.37823277554763957,False,,33,328,42,253,0.5454545454545454,-0.03583989710334882,27,0,0,0,1,32
4h,N19_FIB_CHOP,cf,1.0,275.2314326512998,0.27523143265129985,0.7792005725552675,False,,68,216,44,104,0.45588235294117646,-0.06317320431496165,42,0,0,1,11,56
4h,N19_FIB_CHOP,cf,1.5,472.8317717698527,0.4728317717698527,0.5667384305513776,False,,34,216,25,157,0.5294117647058824,-0.08363476365274188,21,0,0,0,2,32
4h,N19_FIB_CHOP,cf,2.0,852.5645707590668,0.8525645707590668,0.32606915595021946,False,,20,216,12,184,0.7,-0.02729811898167746,15,0,0,0,0,20
4h,N20_EMA9_CHOP,is,1.0,83.38652476116194,0.08338652476116194,0.9396711620124815,False,,362,1313,518,433,0.5469613259668509,-0.021200858555049273,254,0,2,15,98,247
4h,N20_EMA9_CHOP,is,1.5,159.69834579320388,0.15969834579320388,0.8792868524883694,False,,208,1313,406,699,0.6057692307692307,-0.02833168269253395,155,0,0,0,25,183
4h,N20_EMA9_CHOP,is,2.0,441.2577624195799,0.44125776241957987,0.72127458795222,False,,131,1313,319,863,0.6335877862595419,-0.0202934261333642,100,0,0,0,3,128
4h,N20_EMA9_CHOP,cf,1.0,9.985635345797052,0.009985635345797052,0.9910966475893818,True,1.7887104e+18,323,1108,488,265,0.4891640866873065,-0.04991037741195208,204,0,0,4,89,230
4h,N20_EMA9_CHOP,cf,1.5,38.42440432466122,0.03842440432466122,0.967142682040224,False,,206,1108,429,473,0.5242718446601942,-0.060411600240904334,138,0,0,0,21,185
4h,N20_EMA9_CHOP,cf,2.0,305.2824788469365,0.3052824788469365,0.8200287195891454,False,,124,1108,318,666,0.6129032258064516,-0.0334157362242367,90,0,0,0,2,122
4h,V39_ALL,is,1.0,9.980134128224348,0.009980134128224348,0.9909517293869096,True,1.703232e+18,296,1299,322,466,0.5202702702702703,-0.05508520360141216,198,0,1,5,73,217
4h,V39_ALL,is,1.5,299.2686644705275,0.29926866447052747,0.764294609975416,False,,212,1299,276,811,0.589622641509434,-0.018347196166240594,167,0,0,1,23,188
4h,V39_ALL,is,2.0,934.1994701254271,0.934199470125427,0.6154692676985416,False,,132,1299,177,990,0.6818181818181818,0.007133612454925037,109,0,0,0,5,127
4h,V39_ALL,cf,1.0,30.293513570202805,0.030293513570202806,0.9767154594922577,False,,324,978,351,303,0.5524691358024691,-0.03599700120341315,227,0,1,7,80,236
4h,V39_ALL,cf,1.5,182.20472254029661,0.18220472254029663,0.8586680039528964,False,,205,978,277,496,0.6146341463414634,-0.028344157641984783,152,0,0,0,24,181
4h,V39_ALL,cf,2.0,878.7087422208776,0.8787087422208777,0.3725314036395244,False,,105,978,212,661,0.7047619047619048,0.0071131031921009245,86,0,0,0,2,103
4h,OBV_S,is,1.0,181.66064118741232,0.18166064118741232,0.9119502720817119,False,,168,447,84,195,0.48214285714285715,-0.03630516923243504,114,0,2,2,48,116
4h,OBV_S,is,1.5,277.8456595824291,0.2778456595824291,0.8009825354180291,False,,93,447,77,277,0.5376344086021505,-0.056273217001957025,68,0,0,0,11,82
4h,OBV_S,is,2.0,889.351838992965,0.889351838992965,0.5126969857450872,False,,61,447,58,328,0.6229508196721312,-0.00020959207897372354,48,0,0,0,1,60
4h,OBV_S,cf,1.0,333.7098184809683,0.3337098184809683,0.8072559332594428,False,,157,333,81,95,0.5414012738853503,-0.015502968042526592,109,0,0,3,39,115
4h,OBV_S,cf,1.5,431.6770414657123,0.4316770414657123,0.7215214643587133,False,,94,333,60,179,0.5851063829787234,-0.02213365872822892,68,0,0,0,13,81
4h,OBV_S,cf,2.0,995.3355825651716,0.9953355825651716,0.4271193212434701,False,,51,333,50,232,0.7254901960784313,0.022895250177133994,40,0,0,0,2,49
4h,OBV_B,is,1.0,49.28175434489573,0.049281754344895734,0.9781222184153175,False,,413,1351,386,552,0.5544794188861986,-0.01750052910032303,292,0,1,8,107,297
4h,OBV_B,is,1.5,286.599806430481,0.286599806430481,0.8467346582839266,False,,252,1351,275,824,0.626984126984127,-0.007855246418876059,196,0,0,1,29,222
4h,OBV_B,is,2.0,460.38625790302996,0.46038625790302995,0.6854169747807414,False,,143,1351,197,1011,0.6433566433566433,-0.01709821574179533,110,0,0,0,5,138
4h,OBV_B,cf,1.0,9.338412778379636,0.009338412778379636,0.9913179140448545,True,1.786536e+18,345,957,286,272,0.518840579710145,-0.04231703240596647,229,0,0,2,91,252
4h,OBV_B,cf,1.5,123.48665681979901,0.123486656819799,0.8854551292155227,False,,229,957,239,489,0.6026200873362445,-0.03130733420643332,169,0,0,0,21,208
4h,OBV_B,cf,2.0,374.0738850454931,0.3740738850454931,0.8141030591970437,False,,128,957,185,644,0.65625,-0.025968237879304145,97,0,0,0,1,127
4h,V45_AMB,is,1.0,222.86341529668636,0.22286341529668635,0.7883313067561876,False,,97,319,85,137,0.5051546391752577,-0.06943468863575726,63,0,1,5,17,74
4h,V45_AMB,is,1.5,339.2399464058477,0.3392399464058477,0.6712315826828203,False,,60,319,64,195,0.5833333333333334,-0.0814548927921819,43,0,0,0,9,51
4h,V45_AMB,is,2.0,690.0052284720775,0.6900052284720776,0.36729942693440787,False,,30,319,42,247,0.6666666666666666,-0.04413044019408948,24,0,0,0,2,28
4h,V45_AMB,cf,1.0,218.58563751513879,0.2185856375151388,0.8035214927920125,False,,101,218,64,53,0.5643564356435643,-0.04665546174976475,70,0,0,0,30,71
4h,V45_AMB,cf,1.5,747.2857889494157,0.7472857889494158,0.3621686220068786,False,,59,218,46,113,0.6610169491525424,-0.012150425920314527,45,0,0,0,4,55
4h,V45_AMB,cf,2.0,569.1238081431808,0.5691238081431808,0.5005694104139999,False,,30,218,36,152,0.6,-0.08434947375657081,21,0,0,0,0,30
4h,DOGE,is,1.0,1000.0,1.0,0.0,False,,0,0,0,0,,,0,0,0,0,0,0
4h,DOGE,is,1.5,1000.0,1.0,0.0,False,,0,0,0,0,,,0,0,0,0,0,0
4h,DOGE,is,2.0,1000.0,1.0,0.0,False,,0,0,0,0,,,0,0,0,0,0,0
4h,DOGE,cf,1.0,1000.0,1.0,0.0,False,,0,0,0,0,,,0,0,0,0,0,0
4h,DOGE,cf,1.5,1000.0,1.0,0.0,False,,0,0,0,0,,,0,0,0,0,0,0
4h,DOGE,cf,2.0,1000.0,1.0,0.0,False,,0,0,0,0,,,0,0,0,0,0,0
4h,RANDOM_1,is,1.0,77.96397949229404,0.07796397949229404,0.922036020507706,False,,191,473,27,255,0.5130890052356021,-0.0423935547267175,127,0,0,3,58,130
4h,RANDOM_1,is,1.5,942.6343986787608,0.9426343986787609,0.576706931597336,False,,110,473,26,337,0.6363636363636364,0.010908400810334814,86,0,0,0,15,95
4h,RANDOM_1,is,2.0,853.8953937985631,0.853895393798563,0.4654415513939574,False,,71,473,23,379,0.704225352112676,-0.0005683694973190769,58,0,0,0,3,68
4h,RANDOM_1,cf,1.0,336.3807880236075,0.33638078802360755,0.8218840938684996,False,,206,402,38,158,0.5728155339805825,-0.017218641558516563,145,0,0,1,57,148
4h,RANDOM_1,cf,1.5,1472.1792219225554,1.4721792219225553,0.4221983768324782,False,,121,402,32,249,0.6776859504132231,0.017815156135169298,94,0,0,0,18,103
4h,RANDOM_1,cf,2.0,630.3952813413985,0.6303952813413984,0.4914529941000505,False,,73,402,25,304,0.6712328767123288,-0.02216983791468219,56,0,0,0,0,73
4h,RANDOM_2,is,1.0,1022.229157295578,1.022229157295578,0.539011767645181,False,,210,532,48,274,0.580952380952381,0.015639655254257066,148,0,0,0,59,151
4h,RANDOM_2,is,1.5,573.5994889063767,0.5735994889063767,0.7010503766789653,False,,125,532,41,366,0.592,-0.001982469106904706,88,0,0,0,9,116
4h,RANDOM_2,is,2.0,635.3858564093935,0.6353858564093935,0.4795661782233924,False,,72,532,34,426,0.6111111111111112,-0.021693006602366005,51,0,0,0,1,71
4h,RANDOM_2,cf,1.0,33.01435781320459,0.03301435781320459,0.9752591731871678,False,,173,343,30,140,0.5028901734104047,-0.07194762237613446,113,0,0,0,44,129
4h,RANDOM_2,cf,1.5,214.45381135763665,0.21445381135763666,0.8162828403316129,False,,97,343,25,221,0.5670103092783505,-0.06389140735617709,67,0,0,0,8,89
4h,RANDOM_2,cf,2.0,609.7498257579792,0.6097498257579792,0.481438703684162,False,,54,343,18,271,0.6111111111111112,-0.034732483060126315,41,0,0,0,0,54
4h,RANDOM_3,is,1.0,221.83149010675086,0.22183149010675085,0.7876660091482105,False,,191,495,31,273,0.5497382198952879,-0.01880106231848687,132,0,0,1,49,141
4h,RANDOM_3,is,1.5,1256.235360875975,1.2562353608759749,0.4512230847169002,False,,117,495,28,350,0.6153846153846154,0.018030041491960365,90,0,0,0,13,104
4h,RANDOM_3,is,2.0,433.54402637464705,0.43354402637464706,0.5883064893270511,False,,66,495,29,400,0.6060606060606061,-0.05445923933391755,48,0,0,0,1,65
4h,RANDOM_3,cf,1.0,334.4625397842292,0.3344625397842292,0.786107142673955,False,,178,388,33,177,0.5842696629213483,-0.009477189268660037,127,0,0,1,52,125
4h,RANDOM_3,cf,1.5,629.487155442671,0.629487155442671,0.4848278300218112,False,,112,388,35,241,0.6517857142857143,-0.012942993819769112,85,0,0,0,10,102
4h,RANDOM_3,cf,2.0,359.3810886583573,0.35938108865835733,0.7165848515931974,False,,66,388,27,295,0.6363636363636364,-0.0623034521353652,47,0,0,0,1,65
