  tfset    policy  traders  per_day_med  per_day_min  per_day_max  mean_R  mean_cR  M_loss_stop_med  liq_gaps  worst_R
    15m       K20       34        3.312        0.038        7.575  -0.163    0.165              NaN         0   -2.806
    15m    K20f10       34        3.375        0.039        7.666  -0.160    0.163              NaN         0   -2.806
    15m       K30       34        3.637        0.038        9.106  -0.163    0.166              NaN         0   -2.846
    15m K30_thin2       28        1.999        1.957        2.042  -0.165    0.165              NaN         0   -2.846
    15m       K40       34        3.813        0.038        9.918  -0.165    0.167              NaN         0   -3.116
    15m       K50       34        3.894        0.038       10.407  -0.165    0.168              NaN         0   -3.116
    15m       M20       34        3.308        0.037        7.564  -0.163    0.165            0.046         0   -2.806
    15m       M30       34        3.602        0.037        8.903  -0.164    0.167            0.088         0   -2.846
    15m M30_thin2       28        1.992        1.946        2.028  -0.165    0.166            0.088         0   -2.846
    15m       M40       34        3.686        0.037        9.283  -0.166    0.168            0.107         0   -3.116
    15m       M50       34        3.694        0.037        9.338  -0.166    0.168            0.111         0   -3.116
15m+30m       K20       34        3.841        0.060        7.279  -0.148    0.149              NaN         0   -2.878
15m+30m    K20f10       34        3.938        0.064        7.371  -0.146    0.144              NaN         0   -2.878
15m+30m       K30       34        4.276        0.060        8.743  -0.149    0.150              NaN         0   -2.709
15m+30m K30_thin2       28        1.998        1.967        2.089  -0.152    0.148              NaN         0   -2.521
15m+30m       K40       34        4.493        0.060        9.442  -0.149    0.150              NaN         0   -2.709
15m+30m       K50       34        4.595        0.060        9.857  -0.151    0.151              NaN         0   -2.806
15m+30m       M20       34        3.834        0.059        7.276  -0.148    0.149            0.051         0   -2.878
15m+30m       M30       34        4.226        0.059        8.514  -0.150    0.150            0.091         0   -2.709
15m+30m M30_thin2       28        2.005        1.954        2.052  -0.145    0.149            0.092         0   -2.709
15m+30m       M40       34        4.320        0.059        8.810  -0.153    0.151            0.106         0   -3.116
15m+30m       M50       34        4.329        0.059        8.845  -0.153    0.152            0.109         0   -3.116
     1h       K20       33        0.884        0.019        2.568  -0.088    0.091              NaN         0   -1.572
     1h    K20f10       33        1.025        0.025        2.847  -0.086    0.082              NaN         0   -1.572
     1h       K30       33        0.927        0.019        2.784  -0.090    0.091              NaN         0   -1.572
     1h K30_thin2        5        1.992        1.965        1.997  -0.086    0.089              NaN         0   -1.556
     1h       K40       33        0.936        0.019        2.852  -0.092    0.092              NaN         0   -1.572
     1h       K50       33        0.940        0.019        2.875  -0.091    0.092              NaN         0   -1.572
     1h       M20       33        0.872        0.019        2.540  -0.089    0.092            0.079         0   -1.572
     1h       M30       33        0.901        0.019        2.672  -0.090    0.092            0.098         0   -1.572
     1h M30_thin2        4        2.004        1.996        2.022  -0.091    0.090            0.099         0   -1.556
     1h       M40       33        0.903        0.019        2.678  -0.092    0.092            0.101         0   -1.572
     1h       M50       33        0.903        0.019        2.679  -0.092    0.092            0.101         0   -1.572
    30m       K20       34        1.862        0.028        4.596  -0.121    0.118              NaN         0   -2.057
    30m    K20f10       34        1.950        0.030        4.779  -0.114    0.113              NaN         0   -2.057
    30m       K30       34        1.992        0.028        5.297  -0.122    0.119              NaN         0   -2.057
    30m K30_thin2       17        2.003        1.978        2.036  -0.119    0.118              NaN         0   -1.860
    30m       K40       34        2.044        0.028        5.611  -0.122    0.120              NaN         0   -2.057
    30m       K50       34        2.067        0.028        5.733  -0.123    0.121              NaN         0   -2.057
    30m       M20       34        1.853        0.028        4.581  -0.121    0.119            0.062         0   -2.057
    30m       M30       34        1.963        0.028        5.111  -0.123    0.120            0.097         0   -2.057
    30m M30_thin2       17        2.010        1.981        2.038  -0.116    0.120            0.097         0   -1.962
    30m       M40       34        1.983        0.028        5.197  -0.123    0.120            0.105         0   -2.057
    30m       M50       34        1.984        0.028        5.201  -0.123    0.121            0.106         0   -2.057
     4h       K20       27        0.138        0.033        0.341  -0.044    0.070              NaN         0   -1.209
     4h    K20f10       30        0.309        0.025        0.831  -0.047    0.047              NaN         0   -1.209
     4h       K30       27        0.140        0.034        0.346  -0.046    0.071              NaN         0   -1.159
     4h       K40       27        0.140        0.034        0.346  -0.049    0.071              NaN         0   -1.158
     4h       K50       27        0.140        0.034        0.347  -0.050    0.071              NaN         0   -1.158
     4h       M20       27        0.135        0.032        0.329  -0.032    0.071            0.104         0   -1.209
     4h       M30       27        0.135        0.032        0.332  -0.032    0.071            0.106         0   -1.168
     4h       M40       27        0.135        0.032        0.332  -0.032    0.071            0.106         0   -1.168
     4h       M50       27        0.135        0.032        0.332  -0.032    0.071            0.106         0   -1.168

=== H=30 ===
  tfset    policy size   edge  traders  per_day_med  ruin50_mean  ruin50_max  ruin25_mean  p_loss_mean  final_med_med  final_p05_med  mdd_med_med
    15m       K20   r1   asis       34        3.312        0.000       0.001        0.000        0.896          0.874          0.757        0.153
    15m       K20   r1  mcost       34        3.312        0.000       0.002        0.000        0.900          0.865          0.748        0.160
    15m       K20   r1   net0       34        3.312        0.000       0.000        0.000        0.486          1.001          0.868        0.081
    15m       K20   r1 plus01       34        3.312        0.000       0.000        0.000        0.171          1.091          0.952        0.057
    15m       K20   r2   asis       34        3.312        0.090       0.381        0.000        0.900          0.758          0.569        0.287
    15m       K20   r2  mcost       34        3.312        0.097       0.467        0.000        0.904          0.743          0.555        0.299
    15m       K20   r2   net0       34        3.312        0.001       0.007        0.000        0.502          0.996          0.749        0.158
    15m       K20   r2 plus01       34        3.312        0.000       0.000        0.000        0.180          1.182          0.902        0.111
    15m       K20   r3   asis       34        3.312        0.307       0.747        0.017        0.903          0.653          0.424        0.402
    15m       K20   r3  mcost       34        3.312        0.317       0.840        0.020        0.907          0.634          0.409        0.418
    15m       K20   r3   net0       34        3.312        0.021       0.089        0.000        0.518          0.986          0.641        0.230
    15m       K20   r3 plus01       34        3.312        0.001       0.005        0.000        0.188          1.271          0.846        0.163
    15m       K20   r5   asis       34        3.312        0.595       0.958        0.226        0.910          0.475          0.229        0.589
    15m       K20   r5  mcost       34        3.312        0.599       0.968        0.233        0.913          0.451          0.217        0.607
    15m       K20   r5   net0       34        3.312        0.147       0.359        0.009        0.550          0.938          0.461        0.364
    15m       K20   r5 plus01       34        3.312        0.022       0.056        0.000        0.207          1.437          0.732        0.262
    15m    K20f10   r1   asis       34        3.375        0.000       0.001        0.000        0.896          0.872          0.756        0.155
    15m    K20f10   r1  mcost       34        3.375        0.000       0.002        0.000        0.900          0.865          0.748        0.162
    15m    K20f10   r1   net0       34        3.375        0.000       0.000        0.000        0.487          1.001          0.865        0.082
    15m    K20f10   r1 plus01       34        3.375        0.000       0.000        0.000        0.171          1.092          0.953        0.057
    15m    K20f10   r2   asis       34        3.375        0.092       0.381        0.000        0.900          0.755          0.567        0.290
    15m    K20f10   r2  mcost       34        3.375        0.097       0.481        0.000        0.904          0.743          0.555        0.301
    15m    K20f10   r2   net0       34        3.375        0.001       0.007        0.000        0.502          0.997          0.742        0.159
    15m    K20f10   r2 plus01       34        3.375        0.000       0.000        0.000        0.179          1.184          0.901        0.112
    15m    K20f10   r3   asis       34        3.375        0.311       0.757        0.018        0.904          0.649          0.422        0.407
    15m    K20f10   r3  mcost       34        3.375        0.319       0.843        0.020        0.907          0.634          0.408        0.422
    15m    K20f10   r3   net0       34        3.375        0.022       0.089        0.000        0.518          0.985          0.632        0.233
    15m    K20f10   r3 plus01       34        3.375        0.001       0.005        0.000        0.188          1.275          0.846        0.165
    15m    K20f10   r5   asis       34        3.375        0.597       0.955        0.228        0.911          0.469          0.227        0.595
    15m    K20f10   r5  mcost       34        3.375        0.600       0.966        0.235        0.914          0.451          0.216        0.611
    15m    K20f10   r5   net0       34        3.375        0.149       0.361        0.010        0.549          0.934          0.449        0.368
    15m    K20f10   r5 plus01       34        3.375        0.022       0.056        0.000        0.205          1.451          0.730        0.265
    15m       K30   r1   asis       34        3.637        0.000       0.004        0.000        0.919          0.859          0.749        0.162
    15m       K30   r1  mcost       34        3.637        0.000       0.004        0.000        0.921          0.855          0.745        0.166
    15m       K30   r1   net0       34        3.637        0.000       0.000        0.000        0.480          1.002          0.872        0.075
    15m       K30   r1 plus01       34        3.637        0.000       0.000        0.000        0.134          1.103          0.967        0.051
    15m       K30   r2   asis       34        3.637        0.135       0.643        0.000        0.921          0.734          0.557        0.302
    15m       K30   r2  mcost       34        3.637        0.138       0.641        0.000        0.923          0.727          0.552        0.308
    15m       K30   r2   net0       34        3.637        0.001       0.007        0.000        0.494          0.999          0.755        0.147
    15m       K30   r2 plus01       34        3.637        0.000       0.000        0.000        0.141          1.209          0.931        0.100
    15m       K30   r3   asis       34        3.637        0.363       0.929        0.034        0.923          0.623          0.412        0.422
    15m       K30   r3  mcost       34        3.637        0.370       0.929        0.037        0.924          0.615          0.407        0.429
    15m       K30   r3   net0       34        3.637        0.017       0.080        0.000        0.508          0.990          0.650        0.215
    15m       K30   r3 plus01       34        3.637        0.000       0.004        0.000        0.147          1.318          0.894        0.147
    15m       K30   r5   asis       34        3.637        0.626       0.990        0.281        0.926          0.440          0.220        0.610
    15m       K30   r5  mcost       34        3.637        0.628       0.990        0.286        0.928          0.431          0.216        0.617
    15m       K30   r5   net0       34        3.637        0.128       0.328        0.007        0.536          0.948          0.472        0.342
    15m       K30   r5 plus01       34        3.637        0.011       0.034        0.000        0.160          1.541          0.823        0.239
    15m K30_thin2   r1   asis       28        1.999        0.000       0.000        0.000        0.924          0.918          0.830        0.101
    15m K30_thin2   r1  mcost       28        1.999        0.000       0.000        0.000        0.927          0.918          0.831        0.103
    15m K30_thin2   r1   net0       28        1.999        0.000       0.000        0.000        0.489          1.002          0.909        0.055
    15m K30_thin2   r1 plus01       28        1.999        0.000       0.000        0.000        0.184          1.056          0.957        0.040
    15m K30_thin2   r2   asis       28        1.999        0.000       0.000        0.000        0.928          0.840          0.687        0.194
    15m K30_thin2   r2  mcost       28        1.999        0.000       0.000        0.000        0.931          0.840          0.688        0.197
    15m K30_thin2   r2   net0       28        1.999        0.000       0.000        0.000        0.501          1.001          0.823        0.108
    15m K30_thin2   r2 plus01       28        1.999        0.000       0.000        0.000        0.191          1.111          0.913        0.078
    15m K30_thin2   r3   asis       28        1.999        0.013       0.030        0.000        0.932          0.766          0.566        0.280
    15m K30_thin2   r3  mcost       28        1.999        0.013       0.033        0.000        0.935          0.766          0.567        0.283
    15m K30_thin2   r3   net0       28        1.999        0.000       0.001        0.000        0.512          0.996          0.743        0.159
    15m K30_thin2   r3 plus01       28        1.999        0.000       0.000        0.000        0.199          1.165          0.867        0.116
    15m K30_thin2   r5   asis       28        1.999        0.274       0.356        0.002        0.939          0.631          0.379        0.430
    15m K30_thin2   r5  mcost       28        1.999        0.271       0.334        0.002        0.942          0.631          0.381        0.433
    15m K30_thin2   r5   net0       28        1.999        0.020       0.040        0.000        0.535          0.978          0.600        0.256
    15m K30_thin2   r5 plus01       28        1.999        0.002       0.008        0.000        0.214          1.269          0.777        0.189
    15m       K50   r1   asis       34        3.894        0.001       0.017        0.000        0.932          0.848          0.749        0.169
    15m       K50   r1  mcost       34        3.894        0.001       0.015        0.000        0.932          0.846          0.742        0.171
    15m       K50   r1   net0       34        3.894        0.000       0.000        0.000        0.472          1.004          0.883        0.071
    15m       K50   r1 plus01       34        3.894        0.000       0.000        0.000        0.108          1.112          0.987        0.046
    15m       K50   r2   asis       34        3.894        0.183       0.825        0.001        0.934          0.715          0.558        0.314
    15m       K50   r2  mcost       34        3.894        0.188       0.804        0.001        0.934          0.713          0.548        0.317
    15m       K50   r2   net0       34        3.894        0.001       0.007        0.000        0.484          1.002          0.775        0.139
    15m       K50   r2 plus01       34        3.894        0.000       0.001        0.000        0.113          1.230          0.971        0.090
    15m       K50   r3   asis       34        3.894        0.409       0.984        0.060        0.935          0.599          0.413        0.436
    15m       K50   r3  mcost       34        3.894        0.414       0.980        0.063        0.935          0.596          0.401        0.439
    15m       K50   r3   net0       34        3.894        0.013       0.077        0.000        0.497          0.998          0.676        0.204
    15m       K50   r3 plus01       34        3.894        0.000       0.001        0.000        0.117          1.352          0.954        0.133
    15m       K50   r5   asis       34        3.894        0.653       0.999        0.328        0.937          0.413          0.221        0.624
    15m       K50   r5  mcost       34        3.894        0.653       0.999        0.334        0.937          0.411          0.212        0.628
    15m       K50   r5   net0       34        3.894        0.111       0.308        0.006        0.524          0.968          0.509        0.326
    15m       K50   r5 plus01       34        3.894        0.006       0.027        0.000        0.127          1.607          0.901        0.217
    15m       M20   L%   asis       34        3.308        0.514       0.932        0.154        0.896          0.528          0.268        0.539
    15m       M20   L%  mcost       34        3.308        0.517       0.958        0.163        0.900          0.512          0.261        0.554
    15m       M20   L%   net0       34        3.308        0.067       0.236        0.002        0.433          1.069          0.560        0.304
    15m       M20   L% plus01       34        3.308        0.004       0.013        0.000        0.130          1.656          0.886        0.217
    15m       M30   L%   asis       34        3.602        0.774       1.000        0.578        0.926          0.229          0.069        0.813
    15m       M30   L%  mcost       34        3.602        0.773       0.998        0.579        0.928          0.218          0.065        0.821
    15m       M30   L%   net0       34        3.602        0.313       0.586        0.080        0.521          0.958          0.292        0.515
    15m       M30   L% plus01       34        3.602        0.055       0.096        0.003        0.140          2.253          0.780        0.366
    15m M30_thin2   L%   asis       28        1.992        0.693       0.783        0.191        0.942          0.433          0.176        0.637
    15m M30_thin2   L%  mcost       28        1.992        0.691       0.743        0.188        0.942          0.433          0.176        0.640
    15m M30_thin2   L%   net0       28        1.992        0.179       0.214        0.008        0.523          0.965          0.412        0.405
    15m M30_thin2   L% plus01       28        1.992        0.038       0.056        0.001        0.194          1.561          0.667        0.304
    15m       M40   L%   asis       34        3.686        0.817       1.000        0.694        0.936          0.133          0.030        0.892
    15m       M40   L%  mcost       34        3.686        0.817       1.000        0.691        0.937          0.130          0.028        0.896
    15m       M40   L%   net0       34        3.686        0.449       0.734        0.188        0.600          0.776          0.176        0.618
    15m       M40   L% plus01       34        3.686        0.127       0.205        0.016        0.181          2.249          0.634        0.449
    15m       M50   L%   asis       34        3.694        0.824       1.000        0.713        0.937          0.113          0.024        0.908
    15m       M50   L%  mcost       34        3.694        0.824       1.000        0.710        0.938          0.112          0.022        0.911
    15m       M50   L%   net0       34        3.694        0.487       0.766        0.224        0.627          0.703          0.155        0.647
    15m       M50   L% plus01       34        3.694        0.155       0.248        0.026        0.204          2.117          0.535        0.472
15m+30m       K20   r1   asis       34        3.841        0.000       0.001        0.000        0.910          0.868          0.752        0.160
15m+30m       K20   r1  mcost       34        3.841        0.000       0.001        0.000        0.912          0.860          0.742        0.168
15m+30m       K20   r1   net0       34        3.841        0.000       0.000        0.000        0.496          1.000          0.862        0.086
15m+30m       K20   r1 plus01       34        3.841        0.000       0.000        0.000        0.158          1.107          0.955        0.058
15m+30m       K20   r2   asis       34        3.841        0.085       0.380        0.000        0.914          0.747          0.560        0.299
15m+30m       K20   r2  mcost       34        3.841        0.085       0.376        0.000        0.916          0.733          0.546        0.312
15m+30m       K20   r2   net0       34        3.841        0.001       0.012        0.000        0.513          0.993          0.739        0.167
15m+30m       K20   r2 plus01       34        3.841        0.000       0.000        0.000        0.167          1.216          0.907        0.113
15m+30m       K20   r3   asis       34        3.841        0.311       0.780        0.014        0.917          0.638          0.414        0.419
15m+30m       K20   r3  mcost       34        3.841        0.315       0.765        0.015        0.919          0.620          0.399        0.435
15m+30m       K20   r3   net0       34        3.841        0.021       0.091        0.000        0.529          0.979          0.628        0.243
15m+30m       K20   r3 plus01       34        3.841        0.001       0.004        0.000        0.175          1.326          0.857        0.166
15m+30m       K20   r5   asis       34        3.841        0.616       0.971        0.222        0.923          0.454          0.220        0.608
15m+30m       K20   r5  mcost       34        3.841        0.620       0.958        0.225        0.925          0.432          0.206        0.626
15m+30m       K20   r5   net0       34        3.841        0.151       0.347        0.009        0.561          0.926          0.444        0.380
15m+30m       K20   r5 plus01       34        3.841        0.020       0.059        0.000        0.193          1.538          0.739        0.267
15m+30m    K20f10   r1   asis       34        3.938        0.000       0.001        0.000        0.910          0.867          0.753        0.160
15m+30m    K20f10   r1  mcost       34        3.938        0.000       0.001        0.000        0.913          0.859          0.744        0.168
15m+30m    K20f10   r1   net0       34        3.938        0.000       0.000        0.000        0.498          1.000          0.863        0.086
15m+30m    K20f10   r1 plus01       34        3.938        0.000       0.000        0.000        0.156          1.110          0.958        0.058
15m+30m    K20f10   r2   asis       34        3.938        0.087       0.396        0.000        0.914          0.747          0.562        0.300
15m+30m    K20f10   r2  mcost       34        3.938        0.084       0.369        0.000        0.916          0.733          0.548        0.313
15m+30m    K20f10   r2   net0       34        3.938        0.001       0.010        0.000        0.514          0.993          0.738        0.168
15m+30m    K20f10   r2 plus01       34        3.938        0.000       0.000        0.000        0.164          1.221          0.913        0.113
15m+30m    K20f10   r3   asis       34        3.938        0.316       0.800        0.015        0.918          0.638          0.417        0.419
15m+30m    K20f10   r3  mcost       34        3.938        0.315       0.764        0.015        0.919          0.619          0.401        0.436
15m+30m    K20f10   r3   net0       34        3.938        0.021       0.089        0.000        0.532          0.977          0.627        0.244
15m+30m    K20f10   r3 plus01       34        3.938        0.001       0.004        0.000        0.173          1.333          0.863        0.166
15m+30m    K20f10   r5   asis       34        3.938        0.618       0.971        0.227        0.924          0.454          0.223        0.609
15m+30m    K20f10   r5  mcost       34        3.938        0.622       0.958        0.226        0.926          0.432          0.210        0.628
15m+30m    K20f10   r5   net0       34        3.938        0.153       0.344        0.009        0.564          0.922          0.442        0.383
15m+30m    K20f10   r5 plus01       34        3.938        0.020       0.056        0.000        0.191          1.553          0.749        0.269
15m+30m       K30   r1   asis       34        4.276        0.000       0.001        0.000        0.930          0.857          0.745        0.166
15m+30m       K30   r1  mcost       34        4.276        0.000       0.002        0.000        0.933          0.843          0.734        0.178
15m+30m       K30   r1   net0       34        4.276        0.000       0.000        0.000        0.490          1.001          0.873        0.080
15m+30m       K30   r1 plus01       34        4.276        0.000       0.000        0.000        0.120          1.123          0.978        0.052
15m+30m       K30   r2   asis       34        4.276        0.127       0.516        0.000        0.932          0.729          0.551        0.308
15m+30m       K30   r2  mcost       34        4.276        0.124       0.525        0.000        0.935          0.705          0.535        0.329
15m+30m       K30   r2   net0       34        4.276        0.001       0.007        0.000        0.506          0.997          0.757        0.156
15m+30m       K30   r2 plus01       34        4.276        0.000       0.000        0.000        0.127          1.253          0.948        0.102
15m+30m       K30   r3   asis       34        4.276        0.371       0.877        0.028        0.935          0.616          0.404        0.429
15m+30m       K30   r3  mcost       34        4.276        0.374       0.867        0.027        0.937          0.585          0.386        0.456
15m+30m       K30   r3   net0       34        4.276        0.018       0.078        0.000        0.520          0.987          0.652        0.228
15m+30m       K30   r3 plus01       34        4.276        0.000       0.004        0.000        0.133          1.388          0.918        0.150
15m+30m       K30   r5   asis       34        4.276        0.655       0.987        0.279        0.938          0.430          0.213        0.619
15m+30m       K30   r5  mcost       34        4.276        0.656       0.987        0.280        0.940          0.395          0.197        0.649
15m+30m       K30   r5   net0       34        4.276        0.135       0.339        0.007        0.549          0.940          0.474        0.360
15m+30m       K30   r5 plus01       34        4.276        0.010       0.028        0.000        0.147          1.672          0.835        0.242
15m+30m K30_thin2   r1   asis       28        1.998        0.000       0.000        0.000        0.920          0.922          0.839        0.099
15m+30m K30_thin2   r1  mcost       28        1.998        0.000       0.000        0.000        0.916          0.924          0.841        0.097
15m+30m K30_thin2   r1   net0       28        1.998        0.000       0.000        0.000        0.497          1.001          0.910        0.054
15m+30m K30_thin2   r1 plus01       28        1.998        0.000       0.000        0.000        0.177          1.055          0.961        0.038
15m+30m K30_thin2   r2   asis       28        1.998        0.000       0.001        0.000        0.924          0.847          0.701        0.190
15m+30m K30_thin2   r2  mcost       28        1.998        0.000       0.001        0.000        0.920          0.852          0.705        0.187
15m+30m K30_thin2   r2   net0       28        1.998        0.000       0.000        0.000        0.506          0.998          0.826        0.106
15m+30m K30_thin2   r2 plus01       28        1.998        0.000       0.000        0.000        0.183          1.110          0.920        0.076
15m+30m K30_thin2   r3   asis       28        1.998        0.008       0.016        0.000        0.928          0.776          0.584        0.273
15m+30m K30_thin2   r3  mcost       28        1.998        0.007       0.017        0.000        0.924          0.782          0.588        0.269
15m+30m K30_thin2   r3   net0       28        1.998        0.000       0.001        0.000        0.518          0.992          0.747        0.156
15m+30m K30_thin2   r3 plus01       28        1.998        0.000       0.000        0.000        0.190          1.164          0.879        0.112
15m+30m K30_thin2   r5   asis       28        1.998        0.233       0.295        0.001        0.934          0.644          0.400        0.420
15m+30m K30_thin2   r5  mcost       28        1.998        0.225       0.293        0.001        0.932          0.653          0.404        0.415
15m+30m K30_thin2   r5   net0       28        1.998        0.017       0.026        0.000        0.540          0.972          0.605        0.252
15m+30m K30_thin2   r5 plus01       28        1.998        0.001       0.004        0.000        0.205          1.269          0.794        0.183
15m+30m       K50   r1   asis       34        4.595        0.000       0.005        0.000        0.942          0.840          0.736        0.179
15m+30m       K50   r1  mcost       34        4.595        0.000       0.005        0.000        0.942          0.831          0.728        0.186
15m+30m       K50   r1   net0       34        4.595        0.000       0.000        0.000        0.482          1.002          0.877        0.077
15m+30m       K50   r1 plus01       34        4.595        0.000       0.000        0.000        0.100          1.131          0.992        0.048
15m+30m       K50   r2   asis       34        4.595        0.168       0.696        0.000        0.943          0.700          0.538        0.329
15m+30m       K50   r2  mcost       34        4.595        0.170       0.698        0.000        0.943          0.686          0.526        0.342
15m+30m       K50   r2   net0       34        4.595        0.001       0.007        0.000        0.496          0.999          0.764        0.149
15m+30m       K50   r2 plus01       34        4.595        0.000       0.000        0.000        0.104          1.271          0.977        0.094
15m+30m       K50   r3   asis       34        4.595        0.420       0.953        0.047        0.945          0.580          0.390        0.455
15m+30m       K50   r3  mcost       34        4.595        0.426       0.928        0.046        0.944          0.564          0.378        0.471
15m+30m       K50   r3   net0       34        4.595        0.014       0.083        0.000        0.511          0.991          0.662        0.218
15m+30m       K50   r3 plus01       34        4.595        0.000       0.002        0.000        0.109          1.420          0.958        0.140
15m+30m       K50   r5   asis       34        4.595        0.685       0.996        0.326        0.947          0.390          0.200        0.647
15m+30m       K50   r5  mcost       34        4.595        0.684       0.992        0.333        0.946          0.372          0.190        0.664
15m+30m       K50   r5   net0       34        4.595        0.121       0.316        0.006        0.540          0.951          0.487        0.346
15m+30m       K50   r5 plus01       34        4.595        0.005       0.015        0.000        0.118          1.739          0.920        0.226
15m+30m       M20   L%   asis       34        3.834        0.578       0.943        0.196        0.911          0.484          0.229        0.589
15m+30m       M20   L%  mcost       34        3.834        0.583       0.955        0.201        0.912          0.459          0.213        0.608
15m+30m       M20   L%   net0       34        3.834        0.095       0.254        0.004        0.448          1.051          0.510        0.345
15m+30m       M20   L% plus01       34        3.834        0.006       0.019        0.000        0.121          1.849          0.880        0.243
15m+30m       M30   L%   asis       34        4.226        0.804       1.000        0.625        0.940          0.201          0.057        0.837
15m+30m       M30   L%  mcost       34        4.226        0.806       1.000        0.627        0.941          0.172          0.050        0.860
15m+30m       M30   L%   net0       34        4.226        0.355       0.611        0.103        0.552          0.885          0.256        0.558
15m+30m       M30   L% plus01       34        4.226        0.064       0.120        0.004        0.139          2.543          0.767        0.392
15m+30m M30_thin2   L%   asis       28        2.005        0.669       0.758        0.169        0.934          0.453          0.185        0.632
15m+30m M30_thin2   L%  mcost       28        2.005        0.681       0.719        0.175        0.939          0.441          0.181        0.628
15m+30m M30_thin2   L%   net0       28        2.005        0.186       0.225        0.008        0.544          0.944          0.407        0.409
15m+30m M30_thin2   L% plus01       28        2.005        0.036       0.053        0.000        0.194          1.564          0.683        0.308
15m+30m       M40   L%   asis       34        4.320        0.839       1.000        0.721        0.947          0.119          0.025        0.907
15m+30m       M40   L%  mcost       34        4.320        0.840       1.000        0.719        0.948          0.105          0.023        0.918
15m+30m       M40   L%   net0       34        4.320        0.484       0.742        0.206        0.627          0.699          0.163        0.656
15m+30m       M40   L% plus01       34        4.320        0.132       0.209        0.018        0.180          2.474          0.593        0.464
15m+30m       M50   L%   asis       34        4.329        0.844       1.000        0.737        0.948          0.104          0.021        0.917
15m+30m       M50   L%  mcost       34        4.329        0.845       1.000        0.735        0.949          0.094          0.019        0.926
15m+30m       M50   L%   net0       34        4.329        0.515       0.771        0.236        0.648          0.663          0.142        0.675
15m+30m       M50   L% plus01       34        4.329        0.155       0.257        0.026        0.198          2.352          0.522        0.481
     1h       K20   r1   asis       33        0.884        0.000       0.000        0.000        0.706          0.976          0.919        0.046
     1h       K20   r1  mcost       33        0.884        0.000       0.000        0.000        0.719          0.975          0.916        0.046
     1h       K20   r1   net0       33        0.884        0.000       0.000        0.000        0.489          1.000          0.939        0.035
     1h       K20   r1 plus01       33        0.884        0.000       0.000        0.000        0.242          1.024          0.968        0.026
     1h       K20   r2   asis       33        0.884        0.000       0.000        0.000        0.712          0.950          0.843        0.090
     1h       K20   r2  mcost       33        0.884        0.000       0.000        0.000        0.724          0.949          0.838        0.090
     1h       K20   r2   net0       33        0.884        0.000       0.000        0.000        0.497          0.998          0.881        0.069
     1h       K20   r2 plus01       33        0.884        0.000       0.000        0.000        0.248          1.047          0.935        0.053
     1h       K20   r3   asis       33        0.884        0.001       0.007        0.000        0.717          0.924          0.772        0.133
     1h       K20   r3  mcost       33        0.884        0.001       0.010        0.000        0.729          0.923          0.765        0.133
     1h       K20   r3   net0       33        0.884        0.000       0.000        0.000        0.505          0.992          0.825        0.103
     1h       K20   r3 plus01       33        0.884        0.000       0.000        0.000        0.253          1.069          0.902        0.078
     1h       K20   r5   asis       33        0.884        0.035       0.210        0.000        0.728          0.869          0.645        0.214
     1h       K20   r5  mcost       33        0.884        0.032       0.184        0.000        0.740          0.869          0.634        0.215
     1h       K20   r5   net0       33        0.884        0.005       0.029        0.000        0.519          0.981          0.719        0.169
     1h       K20   r5 plus01       33        0.884        0.000       0.002        0.000        0.264          1.111          0.834        0.129
     1h    K20f10   r1   asis       33        1.025        0.000       0.000        0.000        0.716          0.975          0.915        0.051
     1h    K20f10   r1  mcost       33        1.025        0.000       0.000        0.000        0.722          0.973          0.913        0.050
     1h    K20f10   r1   net0       33        1.025        0.000       0.000        0.000        0.493          1.000          0.938        0.037
     1h    K20f10   r1 plus01       33        1.025        0.000       0.000        0.000        0.226          1.029          0.968        0.028
     1h    K20f10   r2   asis       33        1.025        0.000       0.000        0.000        0.722          0.949          0.835        0.101
     1h    K20f10   r2  mcost       33        1.025        0.000       0.000        0.000        0.728          0.946          0.831        0.098
     1h    K20f10   r2   net0       33        1.025        0.000       0.000        0.000        0.502          0.998          0.878        0.074
     1h    K20f10   r2 plus01       33        1.025        0.000       0.000        0.000        0.232          1.057          0.936        0.055
     1h    K20f10   r3   asis       33        1.025        0.001       0.008        0.000        0.727          0.921          0.761        0.149
     1h    K20f10   r3  mcost       33        1.025        0.001       0.008        0.000        0.734          0.918          0.756        0.144
     1h    K20f10   r3   net0       33        1.025        0.000       0.001        0.000        0.509          0.995          0.820        0.110
     1h    K20f10   r3 plus01       33        1.025        0.000       0.000        0.000        0.237          1.084          0.904        0.083
     1h    K20f10   r5   asis       33        1.025        0.041       0.246        0.000        0.739          0.862          0.627        0.239
     1h    K20f10   r5  mcost       33        1.025        0.037       0.204        0.000        0.745          0.860          0.621        0.233
     1h    K20f10   r5   net0       33        1.025        0.006       0.038        0.000        0.524          0.983          0.711        0.180
     1h    K20f10   r5 plus01       33        1.025        0.000       0.004        0.000        0.247          1.135          0.840        0.136
     1h       K30   r1   asis       33        0.927        0.000       0.000        0.000        0.726          0.973          0.918        0.044
     1h       K30   r1  mcost       33        0.927        0.000       0.000        0.000        0.734          0.974          0.916        0.045
     1h       K30   r1   net0       33        0.927        0.000       0.000        0.000        0.486          1.000          0.942        0.034
     1h       K30   r1 plus01       33        0.927        0.000       0.000        0.000        0.219          1.025          0.972        0.025
     1h       K30   r2   asis       33        0.927        0.000       0.000        0.000        0.731          0.946          0.842        0.087
     1h       K30   r2  mcost       33        0.927        0.000       0.000        0.000        0.739          0.947          0.838        0.088
     1h       K30   r2   net0       33        0.927        0.000       0.000        0.000        0.493          0.999          0.887        0.067
     1h       K30   r2 plus01       33        0.927        0.000       0.000        0.000        0.224          1.050          0.944        0.050
     1h       K30   r3   asis       33        0.927        0.001       0.014        0.000        0.736          0.919          0.770        0.129
     1h       K30   r3  mcost       33        0.927        0.001       0.014        0.000        0.744          0.919          0.765        0.130
     1h       K30   r3   net0       33        0.927        0.000       0.000        0.000        0.499          0.996          0.833        0.099
     1h       K30   r3 plus01       33        0.927        0.000       0.000        0.000        0.229          1.075          0.916        0.074
     1h       K30   r5   asis       33        0.927        0.036       0.231        0.000        0.745          0.864          0.642        0.208
     1h       K30   r5  mcost       33        0.927        0.033       0.218        0.000        0.753          0.865          0.635        0.210
     1h       K30   r5   net0       33        0.927        0.004       0.041        0.000        0.512          0.987          0.733        0.163
     1h       K30   r5 plus01       33        0.927        0.000       0.000        0.000        0.238          1.121          0.858        0.123
     1h K30_thin2   r1   asis        5        1.992        0.000       0.000        0.000        0.836          0.953          0.873        0.072
     1h K30_thin2   r1  mcost        5        1.992        0.000       0.000        0.000        0.834          0.953          0.872        0.073
     1h K30_thin2   r1   net0        5        1.992        0.000       0.000        0.000        0.498          1.001          0.918        0.049
     1h K30_thin2   r1 plus01        5        1.992        0.000       0.000        0.000        0.136          1.057          0.973        0.033
     1h K30_thin2   r2   asis        5        1.992        0.000       0.000        0.000        0.842          0.907          0.760        0.140
     1h K30_thin2   r2  mcost        5        1.992        0.000       0.000        0.000        0.839          0.906          0.758        0.142
     1h K30_thin2   r2   net0        5        1.992        0.000       0.000        0.000        0.507          0.999          0.840        0.097
     1h K30_thin2   r2 plus01        5        1.992        0.000       0.000        0.000        0.141          1.113          0.945        0.065
     1h K30_thin2   r3   asis        5        1.992        0.000       0.002        0.000        0.849          0.860          0.659        0.205
     1h K30_thin2   r3  mcost        5        1.992        0.000       0.001        0.000        0.845          0.859          0.656        0.208
     1h K30_thin2   r3   net0        5        1.992        0.000       0.000        0.000        0.515          0.994          0.767        0.143
     1h K30_thin2   r3 plus01        5        1.992        0.000       0.000        0.000        0.148          1.171          0.914        0.097
     1h K30_thin2   r5   asis        5        1.992        0.080       0.120        0.000        0.858          0.768          0.492        0.324
     1h K30_thin2   r5  mcost        5        1.992        0.075       0.081        0.000        0.855          0.764          0.488        0.328
     1h K30_thin2   r5   net0        5        1.992        0.007       0.010        0.000        0.532          0.978          0.635        0.231
     1h K30_thin2   r5 plus01        5        1.992        0.000       0.001        0.000        0.161          1.288          0.851        0.159
     1h       K50   r1   asis       33        0.940        0.000       0.000        0.000        0.735          0.973          0.918        0.043
     1h       K50   r1  mcost       33        0.940        0.000       0.000        0.000        0.743          0.973          0.915        0.044
     1h       K50   r1   net0       33        0.940        0.000       0.000        0.000        0.484          1.000          0.943        0.033
     1h       K50   r1 plus01       33        0.940        0.000       0.000        0.000        0.211          1.025          0.974        0.024
     1h       K50   r2   asis       33        0.940        0.000       0.000        0.000        0.740          0.945          0.841        0.085
     1h       K50   r2  mcost       33        0.940        0.000       0.000        0.000        0.747          0.946          0.836        0.086
     1h       K50   r2   net0       33        0.940        0.000       0.000        0.000        0.491          0.998          0.887        0.065
     1h       K50   r2 plus01       33        0.940        0.000       0.000        0.000        0.216          1.050          0.948        0.049
     1h       K50   r3   asis       33        0.940        0.001       0.016        0.000        0.744          0.917          0.769        0.127
     1h       K50   r3  mcost       33        0.940        0.001       0.010        0.000        0.752          0.919          0.762        0.127
     1h       K50   r3   net0       33        0.940        0.000       0.000        0.000        0.498          0.996          0.834        0.096
     1h       K50   r3 plus01       33        0.940        0.000       0.000        0.000        0.219          1.074          0.921        0.072
     1h       K50   r5   asis       33        0.940        0.038       0.261        0.000        0.753          0.862          0.640        0.206
     1h       K50   r5  mcost       33        0.940        0.034       0.221        0.000        0.760          0.864          0.630        0.206
     1h       K50   r5   net0       33        0.940        0.004       0.031        0.000        0.510          0.989          0.734        0.157
     1h       K50   r5 plus01       33        0.940        0.000       0.000        0.000        0.229          1.120          0.863        0.119
     1h       M20   L%   asis       33        0.872        0.150       0.597        0.011        0.730          0.789          0.507        0.313
     1h       M20   L%  mcost       33        0.872        0.148       0.559        0.010        0.741          0.795          0.491        0.317
     1h       M20   L%   net0       33        0.872        0.043       0.201        0.001        0.515          0.980          0.592        0.249
     1h       M20   L% plus01       33        0.872        0.006       0.032        0.000        0.253          1.196          0.764        0.189
     1h       M30   L%   asis       33        0.901        0.273       0.729        0.046        0.759          0.724          0.396        0.393
     1h       M30   L%  mcost       33        0.901        0.272       0.728        0.042        0.763          0.717          0.397        0.393
     1h       M30   L%   net0       33        0.901        0.107       0.326        0.006        0.545          0.942          0.509        0.310
     1h       M30   L% plus01       33        0.901        0.020       0.076        0.000        0.274          1.216          0.691        0.239
     1h M30_thin2   L%   asis        4        2.004        0.585       0.610        0.124        0.883          0.516          0.202        0.588
     1h M30_thin2   L%  mcost        4        2.004        0.580       0.590        0.124        0.880          0.520          0.206        0.589
     1h M30_thin2   L%   net0        4        2.004        0.248       0.275        0.017        0.597          0.865          0.358        0.447
     1h M30_thin2   L% plus01        4        2.004        0.050       0.063        0.000        0.221          1.517          0.642        0.324
     1h       M40   L%   asis       33        0.903        0.291       0.752        0.053        0.764          0.711          0.381        0.403
     1h       M40   L%  mcost       33        0.903        0.288       0.748        0.049        0.769          0.702          0.390        0.398
     1h       M40   L%   net0       33        0.903        0.119       0.354        0.008        0.552          0.935          0.498        0.318
     1h       M40   L% plus01       33        0.903        0.024       0.086        0.000        0.280          1.216          0.682        0.249
     1h       M50   L%   asis       33        0.903        0.293       0.753        0.054        0.764          0.712          0.378        0.403
     1h       M50   L%  mcost       33        0.903        0.289       0.749        0.050        0.769          0.697          0.390        0.402
     1h       M50   L%   net0       33        0.903        0.121       0.358        0.008        0.554          0.933          0.498        0.318
     1h       M50   L% plus01       33        0.903        0.025       0.086        0.000        0.282          1.216          0.679        0.249
    30m       K20   r1   asis       34        1.862        0.000       0.000        0.000        0.810          0.946          0.858        0.082
    30m       K20   r1  mcost       34        1.862        0.000       0.000        0.000        0.811          0.941          0.854        0.088
    30m       K20   r1   net0       34        1.862        0.000       0.000        0.000        0.488          1.000          0.907        0.057
    30m       K20   r1 plus01       34        1.862        0.000       0.000        0.000        0.197          1.056          0.962        0.040
    30m       K20   r2   asis       34        1.862        0.001       0.016        0.000        0.815          0.892          0.734        0.160
    30m       K20   r2  mcost       34        1.862        0.001       0.016        0.000        0.817          0.883          0.726        0.171
    30m       K20   r2   net0       34        1.862        0.000       0.001        0.000        0.499          0.997          0.820        0.111
    30m       K20   r2 plus01       34        1.862        0.000       0.000        0.000        0.204          1.112          0.922        0.080
    30m       K20   r3   asis       34        1.862        0.040       0.205        0.000        0.821          0.838          0.625        0.233
    30m       K20   r3  mcost       34        1.862        0.037       0.223        0.000        0.822          0.826          0.615        0.248
    30m       K20   r3   net0       34        1.862        0.001       0.014        0.000        0.510          0.989          0.739        0.164
    30m       K20   r3 plus01       34        1.862        0.000       0.003        0.000        0.212          1.167          0.882        0.119
    30m       K20   r5   asis       34        1.862        0.238       0.639        0.016        0.831          0.733          0.450        0.364
    30m       K20   r5  mcost       34        1.862        0.235       0.672        0.015        0.831          0.714          0.435        0.386
    30m       K20   r5   net0       34        1.862        0.041       0.159        0.000        0.533          0.963          0.594        0.264
    30m       K20   r5 plus01       34        1.862        0.004       0.016        0.000        0.226          1.273          0.790        0.195
    30m    K20f10   r1   asis       34        1.950        0.000       0.000        0.000        0.809          0.945          0.858        0.083
    30m    K20f10   r1  mcost       34        1.950        0.000       0.000        0.000        0.811          0.941          0.851        0.089
    30m    K20f10   r1   net0       34        1.950        0.000       0.000        0.000        0.486          1.000          0.907        0.057
    30m    K20f10   r1 plus01       34        1.950        0.000       0.000        0.000        0.192          1.060          0.963        0.041
    30m    K20f10   r2   asis       34        1.950        0.002       0.020        0.000        0.815          0.891          0.733        0.162
    30m    K20f10   r2  mcost       34        1.950        0.002       0.021        0.000        0.817          0.882          0.721        0.172
    30m    K20f10   r2   net0       34        1.950        0.000       0.001        0.000        0.497          0.998          0.820        0.112
    30m    K20f10   r2 plus01       34        1.950        0.000       0.000        0.000        0.199          1.118          0.923        0.080
    30m    K20f10   r3   asis       34        1.950        0.044       0.212        0.000        0.820          0.836          0.624        0.236
    30m    K20f10   r3  mcost       34        1.950        0.040       0.242        0.000        0.822          0.824          0.609        0.249
    30m    K20f10   r3   net0       34        1.950        0.002       0.017        0.000        0.508          0.991          0.739        0.166
    30m    K20f10   r3 plus01       34        1.950        0.000       0.003        0.000        0.206          1.176          0.881        0.119
    30m    K20f10   r5   asis       34        1.950        0.247       0.648        0.018        0.830          0.730          0.446        0.369
    30m    K20f10   r5  mcost       34        1.950        0.240       0.695        0.016        0.831          0.711          0.427        0.387
    30m    K20f10   r5   net0       34        1.950        0.044       0.172        0.001        0.531          0.969          0.595        0.266
    30m    K20f10   r5 plus01       34        1.950        0.004       0.020        0.000        0.220          1.288          0.795        0.194
    30m       K30   r1   asis       34        1.992        0.000       0.000        0.000        0.838          0.938          0.857        0.084
    30m       K30   r1  mcost       34        1.992        0.000       0.000        0.000        0.838          0.937          0.856        0.086
    30m       K30   r1   net0       34        1.992        0.000       0.000        0.000        0.482          1.000          0.915        0.052
    30m       K30   r1 plus01       34        1.992        0.000       0.000        0.000        0.165          1.059          0.972        0.036
    30m       K30   r2   asis       34        1.992        0.002       0.023        0.000        0.841          0.878          0.733        0.163
    30m       K30   r2  mcost       34        1.992        0.002       0.023        0.000        0.843          0.876          0.731        0.166
    30m       K30   r2   net0       34        1.992        0.000       0.000        0.000        0.491          0.997          0.834        0.103
    30m       K30   r2 plus01       34        1.992        0.000       0.000        0.000        0.169          1.118          0.943        0.072
    30m       K30   r3   asis       34        1.992        0.049       0.277        0.000        0.845          0.820          0.624        0.237
    30m       K30   r3  mcost       34        1.992        0.046       0.278        0.000        0.846          0.817          0.621        0.241
    30m       K30   r3   net0       34        1.992        0.001       0.006        0.000        0.502          0.992          0.759        0.152
    30m       K30   r3 plus01       34        1.992        0.000       0.000        0.000        0.175          1.178          0.912        0.107
    30m       K30   r5   asis       34        1.992        0.258       0.746        0.021        0.852          0.708          0.449        0.369
    30m       K30   r5  mcost       34        1.992        0.255       0.748        0.020        0.854          0.704          0.446        0.376
    30m       K30   r5   net0       34        1.992        0.034       0.141        0.000        0.522          0.971          0.622        0.244
    30m       K30   r5 plus01       34        1.992        0.001       0.007        0.000        0.188          1.295          0.842        0.175
    30m K30_thin2   r1   asis       17        2.003        0.000       0.000        0.000        0.885          0.937          0.855        0.086
    30m K30_thin2   r1  mcost       17        2.003        0.000       0.000        0.000        0.880          0.938          0.858        0.084
    30m K30_thin2   r1   net0       17        2.003        0.000       0.000        0.000        0.501          1.001          0.915        0.052
    30m K30_thin2   r1 plus01       17        2.003        0.000       0.000        0.000        0.160          1.056          0.968        0.035
    30m K30_thin2   r2   asis       17        2.003        0.000       0.000        0.000        0.890          0.876          0.729        0.166
    30m K30_thin2   r2  mcost       17        2.003        0.000       0.000        0.000        0.885          0.877          0.733        0.162
    30m K30_thin2   r2   net0       17        2.003        0.000       0.000        0.000        0.511          0.999          0.835        0.101
    30m K30_thin2   r2 plus01       17        2.003        0.000       0.000        0.000        0.166          1.111          0.934        0.070
    30m K30_thin2   r3   asis       17        2.003        0.003       0.008        0.000        0.893          0.816          0.620        0.241
    30m K30_thin2   r3  mcost       17        2.003        0.003       0.008        0.000        0.890          0.818          0.624        0.236
    30m K30_thin2   r3   net0       17        2.003        0.000       0.000        0.000        0.522          0.994          0.760        0.150
    30m K30_thin2   r3 plus01       17        2.003        0.000       0.000        0.000        0.173          1.167          0.899        0.105
    30m K30_thin2   r5   asis       17        2.003        0.143       0.200        0.000        0.902          0.702          0.444        0.376
    30m K30_thin2   r5  mcost       17        2.003        0.136       0.176        0.000        0.900          0.705          0.447        0.368
    30m K30_thin2   r5   net0       17        2.003        0.012       0.024        0.000        0.543          0.976          0.624        0.241
    30m K30_thin2   r5 plus01       17        2.003        0.001       0.002        0.000        0.187          1.273          0.826        0.172
    30m       K50   r1   asis       34        2.067        0.000       0.000        0.000        0.852          0.935          0.859        0.085
    30m       K50   r1  mcost       34        2.067        0.000       0.000        0.000        0.852          0.935          0.857        0.087
    30m       K50   r1   net0       34        2.067        0.000       0.000        0.000        0.480          1.001          0.919        0.051
    30m       K50   r1 plus01       34        2.067        0.000       0.000        0.000        0.148          1.059          0.976        0.035
    30m       K50   r2   asis       34        2.067        0.003       0.042        0.000        0.855          0.872          0.736        0.165
    30m       K50   r2  mcost       34        2.067        0.003       0.030        0.000        0.856          0.871          0.733        0.169
    30m       K50   r2   net0       34        2.067        0.000       0.000        0.000        0.491          0.999          0.841        0.100
    30m       K50   r2 plus01       34        2.067        0.000       0.000        0.000        0.152          1.118          0.950        0.069
    30m       K50   r3   asis       34        2.067        0.060       0.372        0.000        0.858          0.811          0.628        0.239
    30m       K50   r3  mcost       34        2.067        0.057       0.337        0.000        0.858          0.810          0.624        0.244
    30m       K50   r3   net0       34        2.067        0.001       0.008        0.000        0.501          0.993          0.769        0.148
    30m       K50   r3 plus01       34        2.067        0.000       0.000        0.000        0.156          1.178          0.922        0.102
    30m       K50   r5   asis       34        2.067        0.275       0.832        0.027        0.864          0.697          0.453        0.372
    30m       K50   r5  mcost       34        2.067        0.271       0.809        0.024        0.864          0.694          0.448        0.380
    30m       K50   r5   net0       34        2.067        0.029       0.125        0.000        0.522          0.977          0.637        0.239
    30m       K50   r5 plus01       34        2.067        0.001       0.007        0.000        0.166          1.296          0.863        0.167
    30m       M20   L%   asis       34        1.853        0.319       0.762        0.051        0.823          0.688          0.384        0.416
    30m       M20   L%  mcost       34        1.853        0.317       0.801        0.049        0.824          0.671          0.377        0.430
    30m       M20   L%   net0       34        1.853        0.065       0.221        0.001        0.491          1.000          0.564        0.292
    30m       M20   L% plus01       34        1.853        0.006       0.030        0.000        0.187          1.382          0.818        0.216
    30m       M30   L%   asis       34        1.963        0.581       0.962        0.272        0.860          0.492          0.190        0.609
    30m       M30   L%  mcost       34        1.963        0.578       0.958        0.268        0.863          0.466          0.181        0.627
    30m       M30   L%   net0       34        1.963        0.236       0.532        0.042        0.557          0.907          0.352        0.443
    30m       M30   L% plus01       34        1.963        0.049       0.114        0.002        0.211          1.567          0.657        0.328
    30m M30_thin2   L%   asis       17        2.010        0.642       0.720        0.162        0.919          0.479          0.189        0.617
    30m M30_thin2   L%  mcost       17        2.010        0.649       0.692        0.163        0.922          0.472          0.185        0.620
    30m M30_thin2   L%   net0       17        2.010        0.226       0.259        0.018        0.577          0.904          0.370        0.430
    30m M30_thin2   L% plus01       17        2.010        0.050       0.079        0.001        0.203          1.550          0.640        0.315
    30m       M40   L%   asis       34        1.983        0.627       0.980        0.337        0.869          0.440          0.160        0.654
    30m       M40   L%  mcost       34        1.983        0.622       0.978        0.330        0.871          0.420          0.154        0.669
    30m       M40   L%   net0       34        1.983        0.292       0.592        0.065        0.585          0.847          0.313        0.477
    30m       M40   L% plus01       34        1.983        0.073       0.154        0.005        0.230          1.522          0.605        0.354
    30m       M50   L%   asis       34        1.984        0.634       0.983        0.347        0.870          0.431          0.158        0.660
    30m       M50   L%  mcost       34        1.984        0.629       0.979        0.341        0.871          0.413          0.149        0.672
    30m       M50   L%   net0       34        1.984        0.303       0.605        0.071        0.593          0.834          0.307        0.481
    30m       M50   L% plus01       34        1.984        0.079       0.167        0.006        0.236          1.510          0.595        0.361
     4h       K20   r1   asis       27        0.138        0.000       0.000        0.000        0.445          1.000          0.979        0.010
     4h       K20   r1  mcost       27        0.138        0.000       0.000        0.000        0.479          0.999          0.976        0.010
     4h       K20   r1   net0       27        0.138        0.000       0.000        0.000        0.411          1.000          0.980        0.010
     4h       K20   r1 plus01       27        0.138        0.000       0.000        0.000        0.315          1.003          0.984        0.008
     4h       K20   r2   asis       27        0.138        0.000       0.000        0.000        0.446          1.000          0.958        0.020
     4h       K20   r2  mcost       27        0.138        0.000       0.000        0.000        0.480          0.997          0.952        0.021
     4h       K20   r2   net0       27        0.138        0.000       0.000        0.000        0.413          1.000          0.960        0.019
     4h       K20   r2 plus01       27        0.138        0.000       0.000        0.000        0.317          1.006          0.968        0.017
     4h       K20   r3   asis       27        0.138        0.000       0.000        0.000        0.448          1.000          0.938        0.030
     4h       K20   r3  mcost       27        0.138        0.000       0.000        0.000        0.481          0.996          0.928        0.031
     4h       K20   r3   net0       27        0.138        0.000       0.000        0.000        0.414          1.000          0.939        0.029
     4h       K20   r3 plus01       27        0.138        0.000       0.000        0.000        0.319          1.009          0.952        0.025
     4h       K20   r5   asis       27        0.138        0.000       0.000        0.000        0.451          1.000          0.898        0.050
     4h       K20   r5  mcost       27        0.138        0.000       0.000        0.000        0.484          0.993          0.882        0.052
     4h       K20   r5   net0       27        0.138        0.000       0.000        0.000        0.417          1.000          0.899        0.048
     4h       K20   r5 plus01       27        0.138        0.000       0.000        0.000        0.322          1.014          0.920        0.042
     4h    K20f10   r1   asis       30        0.309        0.000       0.000        0.000        0.552          0.997          0.967        0.017
     4h    K20f10   r1  mcost       30        0.309        0.000       0.000        0.000        0.556          0.996          0.965        0.018
     4h    K20f10   r1   net0       30        0.309        0.000       0.000        0.000        0.474          1.000          0.970        0.016
     4h    K20f10   r1 plus01       30        0.309        0.000       0.000        0.000        0.303          1.009          0.979        0.012
     4h    K20f10   r2   asis       30        0.309        0.000       0.000        0.000        0.555          0.993          0.934        0.034
     4h    K20f10   r2  mcost       30        0.309        0.000       0.000        0.000        0.559          0.992          0.931        0.035
     4h    K20f10   r2   net0       30        0.309        0.000       0.000        0.000        0.478          1.000          0.940        0.031
     4h    K20f10   r2 plus01       30        0.309        0.000       0.000        0.000        0.306          1.017          0.958        0.023
     4h    K20f10   r3   asis       30        0.309        0.000       0.000        0.000        0.557          0.989          0.902        0.050
     4h    K20f10   r3  mcost       30        0.309        0.000       0.000        0.000        0.562          0.987          0.897        0.052
     4h    K20f10   r3   net0       30        0.309        0.000       0.000        0.000        0.481          1.000          0.910        0.046
     4h    K20f10   r3 plus01       30        0.309        0.000       0.000        0.000        0.308          1.025          0.937        0.035
     4h    K20f10   r5   asis       30        0.309        0.000       0.002        0.000        0.563          0.979          0.840        0.084
     4h    K20f10   r5  mcost       30        0.309        0.000       0.001        0.000        0.568          0.977          0.833        0.087
     4h    K20f10   r5   net0       30        0.309        0.000       0.000        0.000        0.487          0.998          0.853        0.077
     4h    K20f10   r5 plus01       30        0.309        0.000       0.000        0.000        0.315          1.040          0.895        0.059
     4h       K30   r1   asis       27        0.140        0.000       0.000        0.000        0.450          1.000          0.979        0.010
     4h       K30   r1  mcost       27        0.140        0.000       0.000        0.000        0.479          0.999          0.975        0.010
     4h       K30   r1   net0       27        0.140        0.000       0.000        0.000        0.409          1.000          0.979        0.009
     4h       K30   r1 plus01       27        0.140        0.000       0.000        0.000        0.311          1.003          0.984        0.008
     4h       K30   r2   asis       27        0.140        0.000       0.000        0.000        0.451          1.000          0.957        0.020
     4h       K30   r2  mcost       27        0.140        0.000       0.000        0.000        0.480          0.997          0.950        0.020
     4h       K30   r2   net0       27        0.140        0.000       0.000        0.000        0.411          1.000          0.959        0.019
     4h       K30   r2 plus01       27        0.140        0.000       0.000        0.000        0.313          1.006          0.968        0.017
     4h       K30   r3   asis       27        0.140        0.000       0.000        0.000        0.452          1.000          0.936        0.030
     4h       K30   r3  mcost       27        0.140        0.000       0.000        0.000        0.482          0.996          0.926        0.030
     4h       K30   r3   net0       27        0.140        0.000       0.000        0.000        0.413          1.000          0.938        0.028
     4h       K30   r3 plus01       27        0.140        0.000       0.000        0.000        0.315          1.008          0.952        0.025
     4h       K30   r5   asis       27        0.140        0.000       0.000        0.000        0.455          1.000          0.894        0.050
     4h       K30   r5  mcost       27        0.140        0.000       0.000        0.000        0.485          0.993          0.878        0.050
     4h       K30   r5   net0       27        0.140        0.000       0.000        0.000        0.416          1.000          0.897        0.047
     4h       K30   r5 plus01       27        0.140        0.000       0.000        0.000        0.318          1.014          0.920        0.042
     4h       K50   r1   asis       27        0.140        0.000       0.000        0.000        0.450          1.000          0.978        0.010
     4h       K50   r1  mcost       27        0.140        0.000       0.000        0.000        0.480          0.999          0.975        0.010
     4h       K50   r1   net0       27        0.140        0.000       0.000        0.000        0.409          1.000          0.979        0.009
     4h       K50   r1 plus01       27        0.140        0.000       0.000        0.000        0.311          1.003          0.984        0.008
     4h       K50   r2   asis       27        0.140        0.000       0.000        0.000        0.451          1.000          0.956        0.020
     4h       K50   r2  mcost       27        0.140        0.000       0.000        0.000        0.481          0.997          0.951        0.020
     4h       K50   r2   net0       27        0.140        0.000       0.000        0.000        0.410          1.000          0.959        0.019
     4h       K50   r2 plus01       27        0.140        0.000       0.000        0.000        0.313          1.006          0.968        0.017
     4h       K50   r3   asis       27        0.140        0.000       0.000        0.000        0.452          1.000          0.935        0.030
     4h       K50   r3  mcost       27        0.140        0.000       0.000        0.000        0.483          0.996          0.927        0.030
     4h       K50   r3   net0       27        0.140        0.000       0.000        0.000        0.412          1.000          0.938        0.028
     4h       K50   r3 plus01       27        0.140        0.000       0.000        0.000        0.314          1.008          0.952        0.025
     4h       K50   r5   asis       27        0.140        0.000       0.000        0.000        0.454          1.000          0.892        0.050
     4h       K50   r5  mcost       27        0.140        0.000       0.000        0.000        0.486          0.993          0.880        0.050
     4h       K50   r5   net0       27        0.140        0.000       0.000        0.000        0.415          1.000          0.897        0.047
     4h       K50   r5 plus01       27        0.140        0.000       0.000        0.000        0.318          1.014          0.920        0.042
     4h       M20   L%   asis       27        0.135        0.001       0.018        0.000        0.443          1.000          0.803        0.084
     4h       M20   L%  mcost       27        0.135        0.001       0.006        0.000        0.482          0.990          0.786        0.091
     4h       M20   L%   net0       27        0.135        0.000       0.004        0.000        0.416          1.000          0.812        0.085
     4h       M20   L% plus01       27        0.135        0.000       0.001        0.000        0.322          1.028          0.847        0.074
     4h       M30   L%   asis       27        0.135        0.002       0.027        0.000        0.446          1.000          0.781        0.089
     4h       M30   L%  mcost       27        0.135        0.001       0.012        0.000        0.483          0.989          0.763        0.095
     4h       M30   L%   net0       27        0.135        0.001       0.004        0.000        0.417          1.000          0.795        0.085
     4h       M30   L% plus01       27        0.135        0.000       0.002        0.000        0.323          1.027          0.840        0.077
     4h       M40   L%   asis       27        0.135        0.002       0.027        0.000        0.446          1.000          0.781        0.089
     4h       M40   L%  mcost       27        0.135        0.001       0.012        0.000        0.483          0.989          0.763        0.095
     4h       M40   L%   net0       27        0.135        0.001       0.004        0.000        0.417          1.000          0.795        0.085
     4h       M40   L% plus01       27        0.135        0.000       0.002        0.000        0.323          1.027          0.840        0.077
     4h       M50   L%   asis       27        0.135        0.002       0.027        0.000        0.446          1.000          0.781        0.089
     4h       M50   L%  mcost       27        0.135        0.001       0.012        0.000        0.483          0.989          0.763        0.095
     4h       M50   L%   net0       27        0.135        0.001       0.004        0.000        0.417          1.000          0.795        0.085
     4h       M50   L% plus01       27        0.135        0.000       0.002        0.000        0.323          1.027          0.840        0.077

=== H=76 ===
  tfset    policy size   edge  traders  per_day_med  ruin50_mean  ruin50_max  ruin25_mean  p_loss_mean  final_med_med  final_p05_med  mdd_med_med
    15m       K20   r1   asis       34        3.312        0.135       0.543        0.000        0.956          0.707          0.566        0.316
    15m       K20   r1  mcost       34        3.312        0.143       0.700        0.000        0.958          0.698          0.553        0.326
    15m       K20   r1   net0       34        3.312        0.000       0.001        0.000        0.494          1.001          0.799        0.132
    15m       K20   r1 plus01       34        3.312        0.000       0.000        0.000        0.092          1.256          0.993        0.082
    15m       K20   r2   asis       34        3.312        0.571       0.986        0.148        0.957          0.491          0.314        0.540
    15m       K20   r2  mcost       34        3.312        0.578       0.995        0.155        0.960          0.478          0.300        0.553
    15m       K20   r2   net0       34        3.312        0.028       0.150        0.000        0.519          0.988          0.628        0.251
    15m       K20   r2 plus01       34        3.312        0.000       0.003        0.000        0.097          1.548          0.971        0.160
    15m       K20   r3   asis       34        3.312        0.738       1.000        0.417        0.959          0.335          0.172        0.695
    15m       K20   r3  mcost       34        3.312        0.736       1.000        0.430        0.961          0.321          0.160        0.709
    15m       K20   r3   net0       34        3.312        0.126       0.348        0.006        0.545          0.951          0.484        0.359
    15m       K20   r3 plus01       34        3.312        0.003       0.019        0.000        0.105          1.875          0.942        0.234
    15m       K20   r5   asis       34        3.312        0.828       1.000        0.701        0.961          0.148          0.048        0.873
    15m       K20   r5  mcost       34        3.312        0.829       1.000        0.700        0.963          0.137          0.043        0.883
    15m       K20   r5   net0       34        3.312        0.354       0.615        0.096        0.594          0.832          0.273        0.543
    15m       K20   r5 plus01       34        3.312        0.043       0.107        0.002        0.120          2.606          0.865        0.367
    15m    K20f10   r1   asis       34        3.375        0.138       0.558        0.000        0.956          0.707          0.569        0.319
    15m    K20f10   r1  mcost       34        3.375        0.145       0.709        0.000        0.958          0.697          0.553        0.329
    15m    K20f10   r1   net0       34        3.375        0.000       0.002        0.000        0.493          1.001          0.797        0.133
    15m    K20f10   r1 plus01       34        3.375        0.000       0.000        0.000        0.089          1.262          0.999        0.083
    15m    K20f10   r2   asis       34        3.375        0.572       0.987        0.151        0.958          0.491          0.317        0.543
    15m    K20f10   r2  mcost       34        3.375        0.578       0.995        0.156        0.960          0.477          0.299        0.557
    15m    K20f10   r2   net0       34        3.375        0.029       0.145        0.000        0.518          0.987          0.624        0.254
    15m    K20f10   r2 plus01       34        3.375        0.000       0.003        0.000        0.095          1.564          0.980        0.162
    15m    K20f10   r3   asis       34        3.375        0.740       1.000        0.419        0.959          0.334          0.173        0.698
    15m    K20f10   r3  mcost       34        3.375        0.738       1.000        0.431        0.961          0.321          0.159        0.712
    15m    K20f10   r3   net0       34        3.375        0.127       0.346        0.007        0.544          0.949          0.481        0.364
    15m    K20f10   r3 plus01       34        3.375        0.004       0.017        0.000        0.102          1.901          0.950        0.236
    15m    K20f10   r5   asis       34        3.375        0.829       1.000        0.703        0.962          0.147          0.049        0.875
    15m    K20f10   r5  mcost       34        3.375        0.830       1.000        0.702        0.963          0.137          0.042        0.885
    15m    K20f10   r5   net0       34        3.375        0.357       0.616        0.097        0.592          0.821          0.269        0.547
    15m    K20f10   r5 plus01       34        3.375        0.043       0.101        0.002        0.117          2.675          0.868        0.370
    15m       K30   r1   asis       34        3.637        0.223       0.914        0.000        0.963          0.686          0.550        0.334
    15m       K30   r1  mcost       34        3.637        0.223       0.912        0.001        0.965          0.675          0.540        0.344
    15m       K30   r1   net0       34        3.637        0.000       0.000        0.000        0.486          1.005          0.807        0.123
    15m       K30   r1 plus01       34        3.637        0.000       0.000        0.000        0.069          1.287          1.033        0.073
    15m       K30   r2   asis       34        3.637        0.619       1.000        0.233        0.964          0.463          0.297        0.563
    15m       K30   r2  mcost       34        3.637        0.618       1.000        0.235        0.966          0.449          0.287        0.577
    15m       K30   r2   net0       34        3.637        0.021       0.106        0.000        0.509          0.994          0.640        0.237
    15m       K30   r2 plus01       34        3.637        0.000       0.000        0.000        0.073          1.631          1.053        0.143
    15m       K30   r3   asis       34        3.637        0.760       1.000        0.476        0.965          0.307          0.158        0.718
    15m       K30   r3  mcost       34        3.637        0.756       1.000        0.484        0.967          0.293          0.150        0.730
    15m       K30   r3   net0       34        3.637        0.106       0.303        0.005        0.534          0.968          0.500        0.341
    15m       K30   r3 plus01       34        3.637        0.001       0.004        0.000        0.077          2.033          1.058        0.209
    15m       K30   r5   asis       34        3.637        0.832       1.000        0.727        0.966          0.128          0.042        0.887
    15m       K30   r5  mcost       34        3.637        0.833       1.000        0.723        0.968          0.119          0.039        0.896
    15m       K30   r5   net0       34        3.637        0.321       0.618        0.077        0.577          0.863          0.291        0.518
    15m       K30   r5 plus01       34        3.637        0.021       0.044        0.000        0.085          3.018          1.013        0.331
    15m K30_thin2   r1   asis       28        1.999        0.000       0.000        0.000        0.988          0.806          0.689        0.216
    15m K30_thin2   r1  mcost       28        1.999        0.000       0.000        0.000        0.990          0.804          0.687        0.216
    15m K30_thin2   r1   net0       28        1.999        0.000       0.000        0.000        0.484          1.003          0.862        0.092
    15m K30_thin2   r1 plus01       28        1.999        0.000       0.000        0.000        0.073          1.148          0.983        0.059
    15m K30_thin2   r2   asis       28        1.999        0.115       0.209        0.000        0.989          0.643          0.470        0.389
    15m K30_thin2   r2  mcost       28        1.999        0.113       0.179        0.000        0.991          0.640          0.468        0.391
    15m K30_thin2   r2   net0       28        1.999        0.000       0.002        0.000        0.502          0.998          0.738        0.177
    15m K30_thin2   r2 plus01       28        1.999        0.000       0.000        0.000        0.079          1.306          0.957        0.115
    15m K30_thin2   r3   asis       28        1.999        0.539       0.699        0.011        0.991          0.508          0.318        0.528
    15m K30_thin2   r3  mcost       28        1.999        0.539       0.615        0.009        0.992          0.505          0.316        0.530
    15m K30_thin2   r3   net0       28        1.999        0.015       0.029        0.000        0.520          0.984          0.626        0.258
    15m K30_thin2   r3 plus01       28        1.999        0.000       0.002        0.000        0.086          1.473          0.925        0.170
    15m K30_thin2   r5   asis       28        1.999        0.889       0.951        0.379        0.993          0.308          0.140        0.725
    15m K30_thin2   r5  mcost       28        1.999        0.894       0.936        0.376        0.994          0.306          0.140        0.728
    15m K30_thin2   r5   net0       28        1.999        0.155       0.210        0.004        0.556          0.933          0.438        0.402
    15m K30_thin2   r5 plus01       28        1.999        0.011       0.023        0.000        0.099          1.825          0.842        0.272
    15m       K50   r1   asis       34        3.894        0.290       0.986        0.004        0.969          0.658          0.537        0.357
    15m       K50   r1  mcost       34        3.894        0.296       0.979        0.004        0.968          0.652          0.528        0.363
    15m       K50   r1   net0       34        3.894        0.000       0.002        0.000        0.471          1.009          0.816        0.118
    15m       K50   r1 plus01       34        3.894        0.000       0.000        0.000        0.058          1.312          1.065        0.066
    15m       K50   r2   asis       34        3.894        0.647       1.000        0.300        0.970          0.427          0.284        0.593
    15m       K50   r2  mcost       34        3.894        0.647       1.000        0.306        0.968          0.419          0.275        0.600
    15m       K50   r2   net0       34        3.894        0.017       0.099        0.000        0.493          1.005          0.657        0.227
    15m       K50   r2 plus01       34        3.894        0.000       0.000        0.000        0.060          1.698          1.118        0.129
    15m       K50   r3   asis       34        3.894        0.776       1.000        0.513        0.970          0.274          0.147        0.745
    15m       K50   r3  mcost       34        3.894        0.772       1.000        0.522        0.969          0.266          0.141        0.752
    15m       K50   r3   net0       34        3.894        0.090       0.259        0.004        0.514          0.989          0.520        0.326
    15m       K50   r3 plus01       34        3.894        0.000       0.003        0.000        0.063          2.165          1.159        0.189
    15m       K50   r5   asis       34        3.894        0.835       1.000        0.746        0.971          0.107          0.038        0.904
    15m       K50   r5  mcost       34        3.894        0.834       1.000        0.740        0.970          0.102          0.035        0.908
    15m       K50   r5   net0       34        3.894        0.290       0.570        0.064        0.559          0.903          0.313        0.497
    15m       K50   r5 plus01       34        3.894        0.009       0.022        0.000        0.069          3.381          1.202        0.303
    15m       M20   L%   asis       34        3.308        0.800       1.000        0.620        0.957          0.194          0.067        0.833
    15m       M20   L%  mcost       34        3.308        0.800       1.000        0.623        0.958          0.189          0.066        0.838
    15m       M20   L%   net0       34        3.308        0.179       0.443        0.025        0.399          1.198          0.414        0.448
    15m       M20   L% plus01       34        3.308        0.007       0.027        0.000        0.066          3.774          1.310        0.297
    15m       M30   L%   asis       34        3.602        0.878       1.000        0.819        0.968          0.026          0.004        0.979
    15m       M30   L%  mcost       34        3.602        0.884       1.000        0.818        0.969          0.022          0.003        0.982
    15m       M30   L%   net0       34        3.602        0.499       0.757        0.245        0.548          0.898          0.130        0.714
    15m       M30   L% plus01       34        3.602        0.074       0.116        0.006        0.075          8.278          1.282        0.484
    15m M30_thin2   L%   asis       28        1.992        0.976       0.993        0.854        0.994          0.119          0.031        0.903
    15m M30_thin2   L%  mcost       28        1.992        0.977       0.991        0.852        0.994          0.123          0.030        0.903
    15m M30_thin2   L%   net0       28        1.992        0.413       0.503        0.102        0.534          0.932          0.243        0.588
    15m M30_thin2   L% plus01       28        1.992        0.072       0.107        0.004        0.086          3.192          0.813        0.416
    15m       M40   L%   asis       34        3.686        0.894       1.000        0.846        0.971          0.006          0.001        0.995
    15m       M40   L%  mcost       34        3.686        0.900       1.000        0.847        0.971          0.005          0.000        0.996
    15m       M40   L%   net0       34        3.686        0.651       0.904        0.430        0.674          0.492          0.047        0.832
    15m       M40   L% plus01       34        3.686        0.160       0.237        0.031        0.104          8.089          0.856        0.587
    15m       M50   L%   asis       34        3.694        0.897       1.000        0.851        0.971          0.004          0.000        0.997
    15m       M50   L%  mcost       34        3.694        0.902       1.000        0.853        0.971          0.004          0.000        0.997
    15m       M50   L%   net0       34        3.694        0.688       0.922        0.483        0.713          0.400          0.036        0.859
    15m       M50   L% plus01       34        3.694        0.199       0.286        0.048        0.121          7.079          0.781        0.614
15m+30m       K20   r1   asis       34        3.841        0.124       0.618        0.000        0.963          0.701          0.560        0.326
15m+30m       K20   r1  mcost       34        3.841        0.120       0.566        0.000        0.962          0.684          0.546        0.341
15m+30m       K20   r1   net0       34        3.841        0.000       0.001        0.000        0.490          1.003          0.798        0.139
15m+30m       K20   r1 plus01       34        3.841        0.000       0.000        0.000        0.075          1.298          1.029        0.083
15m+30m       K20   r2   asis       34        3.841        0.586       0.996        0.135        0.964          0.482          0.307        0.554
15m+30m       K20   r2  mcost       34        3.841        0.595       0.982        0.132        0.963          0.459          0.292        0.575
15m+30m       K20   r2   net0       34        3.841        0.027       0.102        0.000        0.516          0.992          0.623        0.264
15m+30m       K20   r2 plus01       34        3.841        0.000       0.001        0.000        0.081          1.652          1.038        0.161
15m+30m       K20   r3   asis       34        3.841        0.750       0.999        0.420        0.966          0.324          0.166        0.709
15m+30m       K20   r3  mcost       34        3.841        0.754       0.999        0.432        0.964          0.301          0.153        0.730
15m+30m       K20   r3   net0       34        3.841        0.130       0.318        0.005        0.541          0.954          0.478        0.377
15m+30m       K20   r3 plus01       34        3.841        0.002       0.009        0.000        0.086          2.060          1.024        0.234
15m+30m       K20   r5   asis       34        3.841        0.841       1.000        0.718        0.968          0.139          0.045        0.883
15m+30m       K20   r5  mcost       34        3.841        0.844       1.000        0.720        0.967          0.122          0.040        0.897
15m+30m       K20   r5   net0       34        3.841        0.366       0.616        0.096        0.592          0.817          0.264        0.566
15m+30m       K20   r5 plus01       34        3.841        0.034       0.075        0.001        0.100          3.011          0.946        0.367
15m+30m    K20f10   r1   asis       34        3.938        0.128       0.646        0.000        0.962          0.698          0.559        0.328
15m+30m    K20f10   r1  mcost       34        3.938        0.119       0.552        0.000        0.962          0.683          0.546        0.341
15m+30m    K20f10   r1   net0       34        3.938        0.000       0.001        0.000        0.491          1.003          0.794        0.139
15m+30m    K20f10   r1 plus01       34        3.938        0.000       0.000        0.000        0.074          1.307          1.035        0.083
15m+30m    K20f10   r2   asis       34        3.938        0.589       0.995        0.139        0.964          0.478          0.306        0.555
15m+30m    K20f10   r2  mcost       34        3.938        0.596       0.981        0.130        0.963          0.458          0.292        0.574
15m+30m    K20f10   r2   net0       34        3.938        0.027       0.098        0.000        0.517          0.990          0.618        0.265
15m+30m    K20f10   r2 plus01       34        3.938        0.000       0.001        0.000        0.079          1.672          1.046        0.161
15m+30m    K20f10   r3   asis       34        3.938        0.752       1.000        0.425        0.966          0.321          0.164        0.711
15m+30m    K20f10   r3  mcost       34        3.938        0.756       0.998        0.433        0.965          0.300          0.153        0.730
15m+30m    K20f10   r3   net0       34        3.938        0.130       0.311        0.005        0.542          0.957          0.470        0.379
15m+30m    K20f10   r3 plus01       34        3.938        0.002       0.008        0.000        0.084          2.094          1.035        0.235
15m+30m    K20f10   r5   asis       34        3.938        0.841       1.000        0.719        0.968          0.137          0.045        0.884
15m+30m    K20f10   r5  mcost       34        3.938        0.845       1.000        0.722        0.967          0.122          0.040        0.897
15m+30m    K20f10   r5   net0       34        3.938        0.370       0.606        0.097        0.592          0.824          0.258        0.570
15m+30m    K20f10   r5 plus01       34        3.938        0.033       0.069        0.001        0.096          3.095          0.957        0.368
15m+30m       K30   r1   asis       34        4.276        0.208       0.794        0.000        0.968          0.678          0.546        0.339
15m+30m       K30   r1  mcost       34        4.276        0.203       0.781        0.000        0.968          0.658          0.526        0.360
15m+30m       K30   r1   net0       34        4.276        0.000       0.002        0.000        0.483          1.006          0.806        0.129
15m+30m       K30   r1 plus01       34        4.276        0.000       0.000        0.000        0.056          1.345          1.080        0.072
15m+30m       K30   r2   asis       34        4.276        0.644       0.999        0.220        0.969          0.452          0.293        0.570
15m+30m       K30   r2  mcost       34        4.276        0.647       0.998        0.216        0.969          0.425          0.272        0.597
15m+30m       K30   r2   net0       34        4.276        0.022       0.111        0.000        0.506          0.994          0.639        0.247
15m+30m       K30   r2 plus01       34        4.276        0.000       0.000        0.000        0.059          1.778          1.146        0.140
15m+30m       K30   r3   asis       34        4.276        0.780       1.000        0.491        0.970          0.296          0.155        0.725
15m+30m       K30   r3  mcost       34        4.276        0.778       1.000        0.501        0.970          0.269          0.138        0.751
15m+30m       K30   r3   net0       34        4.276        0.111       0.320        0.005        0.531          0.966          0.497        0.354
15m+30m       K30   r3 plus01       34        4.276        0.001       0.004        0.000        0.063          2.305          1.196        0.205
15m+30m       K30   r5   asis       34        4.276        0.845       1.000        0.753        0.972          0.120          0.041        0.893
15m+30m       K30   r5  mcost       34        4.276        0.849       1.000        0.751        0.971          0.102          0.034        0.909
15m+30m       K30   r5   net0       34        4.276        0.334       0.589        0.083        0.580          0.861          0.284        0.538
15m+30m       K30   r5 plus01       34        4.276        0.016       0.040        0.000        0.070          3.671          1.235        0.327
15m+30m K30_thin2   r1   asis       28        1.998        0.000       0.000        0.000        0.985          0.819          0.700        0.206
15m+30m K30_thin2   r1  mcost       28        1.998        0.000       0.000        0.000        0.984          0.822          0.706        0.200
15m+30m K30_thin2   r1   net0       28        1.998        0.000       0.000        0.000        0.487          1.003          0.864        0.088
15m+30m K30_thin2   r1 plus01       28        1.998        0.000       0.000        0.000        0.066          1.148          0.989        0.056
15m+30m K30_thin2   r2   asis       28        1.998        0.084       0.139        0.000        0.987          0.665          0.487        0.374
15m+30m K30_thin2   r2  mcost       28        1.998        0.075       0.135        0.000        0.986          0.671          0.493        0.365
15m+30m K30_thin2   r2   net0       28        1.998        0.000       0.001        0.000        0.506          0.999          0.740        0.172
15m+30m K30_thin2   r2 plus01       28        1.998        0.000       0.000        0.000        0.072          1.308          0.969        0.110
15m+30m K30_thin2   r3   asis       28        1.998        0.473       0.585        0.005        0.988          0.535          0.335        0.510
15m+30m K30_thin2   r3  mcost       28        1.998        0.453       0.552        0.005        0.988          0.543          0.341        0.499
15m+30m K30_thin2   r3   net0       28        1.998        0.013       0.025        0.000        0.522          0.986          0.629        0.251
15m+30m K30_thin2   r3 plus01       28        1.998        0.000       0.001        0.000        0.079          1.478          0.943        0.162
15m+30m K30_thin2   r5   asis       28        1.998        0.864       0.927        0.312        0.990          0.337          0.155        0.706
15m+30m K30_thin2   r5  mcost       28        1.998        0.854       0.909        0.292        0.990          0.346          0.159        0.694
15m+30m K30_thin2   r5   net0       28        1.998        0.146       0.185        0.004        0.556          0.940          0.443        0.391
15m+30m K30_thin2   r5 plus01       28        1.998        0.009       0.022        0.000        0.092          1.839          0.870        0.260
15m+30m       K50   r1   asis       34        4.595        0.273       0.948        0.001        0.974          0.651          0.529        0.366
15m+30m       K50   r1  mcost       34        4.595        0.281       0.936        0.001        0.971          0.635          0.516        0.379
15m+30m       K50   r1   net0       34        4.595        0.000       0.000        0.000        0.475          1.008          0.821        0.122
15m+30m       K50   r1 plus01       34        4.595        0.000       0.000        0.000        0.046          1.377          1.113        0.065
15m+30m       K50   r2   asis       34        4.595        0.688       1.000        0.284        0.974          0.416          0.275        0.603
15m+30m       K50   r2  mcost       34        4.595        0.685       1.000        0.293        0.972          0.396          0.262        0.620
15m+30m       K50   r2   net0       34        4.595        0.017       0.093        0.000        0.499          1.000          0.663        0.235
15m+30m       K50   r2 plus01       34        4.595        0.000       0.000        0.000        0.047          1.864          1.219        0.128
15m+30m       K50   r3   asis       34        4.595        0.797       1.000        0.545        0.975          0.262          0.140        0.755
15m+30m       K50   r3  mcost       34        4.595        0.795       1.000        0.550        0.972          0.243          0.131        0.771
15m+30m       K50   r3   net0       34        4.595        0.096       0.299        0.003        0.521          0.982          0.528        0.336
15m+30m       K50   r3 plus01       34        4.595        0.000       0.001        0.000        0.049          2.483          1.316        0.187
15m+30m       K50   r5   asis       34        4.595        0.849       1.000        0.774        0.976          0.099          0.035        0.911
15m+30m       K50   r5  mcost       34        4.595        0.851       1.000        0.770        0.973          0.088          0.031        0.921
15m+30m       K50   r5   net0       34        4.595        0.309       0.600        0.069        0.567          0.893          0.318        0.512
15m+30m       K50   r5 plus01       34        4.595        0.007       0.021        0.000        0.053          4.196          1.456        0.299
15m+30m       M20   L%   asis       34        3.834        0.828       1.000        0.682        0.966          0.159          0.048        0.870
15m+30m       M20   L%  mcost       34        3.834        0.833       1.000        0.685        0.964          0.138          0.040        0.887
15m+30m       M20   L%   net0       34        3.834        0.228       0.462        0.040        0.415          1.177          0.370        0.507
15m+30m       M20   L% plus01       34        3.834        0.010       0.030        0.000        0.055          4.605          1.430        0.324
15m+30m       M30   L%   asis       34        4.226        0.894       1.000        0.840        0.975          0.017          0.002        0.986
15m+30m       M30   L%  mcost       34        4.226        0.900       1.000        0.843        0.973          0.013          0.002        0.990
15m+30m       M30   L%   net0       34        4.226        0.552       0.785        0.296        0.583          0.765          0.102        0.761
15m+30m       M30   L% plus01       34        4.226        0.083       0.138        0.007        0.066         10.826          1.523        0.505
15m+30m M30_thin2   L%   asis       28        2.005        0.967       0.995        0.818        0.990          0.130          0.031        0.897
15m+30m M30_thin2   L%  mcost       28        2.005        0.973       0.988        0.836        0.992          0.127          0.031        0.898
15m+30m M30_thin2   L%   net0       28        2.005        0.436       0.492        0.113        0.563          0.873          0.228        0.604
15m+30m M30_thin2   L% plus01       28        2.005        0.072       0.103        0.005        0.083          3.187          0.808        0.424
15m+30m       M40   L%   asis       34        4.320        0.906       1.000        0.861        0.977          0.005          0.000        0.996
15m+30m       M40   L%  mcost       34        4.320        0.911       1.000        0.864        0.975          0.004          0.000        0.997
15m+30m       M40   L%   net0       34        4.320        0.680       0.891        0.463        0.696          0.411          0.039        0.859
15m+30m       M40   L% plus01       34        4.320        0.166       0.228        0.030        0.093         10.053          1.040        0.600
15m+30m       M50   L%   asis       34        4.329        0.908       1.000        0.865        0.977          0.003          0.000        0.997
15m+30m       M50   L%  mcost       34        4.329        0.913       1.000        0.868        0.975          0.003          0.000        0.998
15m+30m       M50   L%   net0       34        4.329        0.710       0.925        0.509        0.729          0.336          0.034        0.878
15m+30m       M50   L% plus01       34        4.329        0.197       0.286        0.043        0.108          8.747          0.831        0.621
     1h       K20   r1   asis       33        0.884        0.000       0.000        0.000        0.805          0.940          0.851        0.089
     1h       K20   r1  mcost       33        0.884        0.000       0.000        0.000        0.824          0.941          0.850        0.089
     1h       K20   r1   net0       33        0.884        0.000       0.000        0.000        0.502          0.999          0.905        0.059
     1h       K20   r1 plus01       33        0.884        0.000       0.000        0.000        0.150          1.065          0.974        0.040
     1h       K20   r2   asis       33        0.884        0.006       0.055        0.000        0.812          0.882          0.721        0.172
     1h       K20   r2  mcost       33        0.884        0.005       0.048        0.000        0.830          0.882          0.719        0.173
     1h       K20   r2   net0       33        0.884        0.000       0.002        0.000        0.513          0.996          0.816        0.116
     1h       K20   r2 plus01       33        0.884        0.000       0.000        0.000        0.155          1.131          0.946        0.080
     1h       K20   r3   asis       33        0.884        0.065       0.370        0.000        0.818          0.823          0.609        0.249
     1h       K20   r3  mcost       33        0.884        0.061       0.328        0.000        0.836          0.825          0.606        0.250
     1h       K20   r3   net0       33        0.884        0.004       0.035        0.000        0.525          0.986          0.733        0.170
     1h       K20   r3 plus01       33        0.884        0.000       0.001        0.000        0.161          1.196          0.917        0.118
     1h       K20   r5   asis       33        0.884        0.267       0.804        0.034        0.829          0.711          0.429        0.386
     1h       K20   r5  mcost       33        0.884        0.266       0.769        0.029        0.847          0.712          0.424        0.389
     1h       K20   r5   net0       33        0.884        0.057       0.199        0.001        0.549          0.958          0.583        0.273
     1h       K20   r5 plus01       33        0.884        0.003       0.017        0.000        0.173          1.327          0.857        0.193
     1h    K20f10   r1   asis       33        1.025        0.000       0.000        0.000        0.814          0.940          0.846        0.095
     1h    K20f10   r1  mcost       33        1.025        0.000       0.000        0.000        0.827          0.938          0.843        0.096
     1h    K20f10   r1   net0       33        1.025        0.000       0.000        0.000        0.501          1.000          0.899        0.065
     1h    K20f10   r1 plus01       33        1.025        0.000       0.000        0.000        0.133          1.080          0.982        0.042
     1h    K20f10   r2   asis       33        1.025        0.009       0.086        0.000        0.819          0.878          0.713        0.183
     1h    K20f10   r2  mcost       33        1.025        0.006       0.058        0.000        0.834          0.875          0.706        0.184
     1h    K20f10   r2   net0       33        1.025        0.000       0.002        0.000        0.514          0.995          0.805        0.127
     1h    K20f10   r2 plus01       33        1.025        0.000       0.000        0.000        0.139          1.163          0.959        0.084
     1h    K20f10   r3   asis       33        1.025        0.076       0.434        0.001        0.826          0.815          0.598        0.265
     1h    K20f10   r3  mcost       33        1.025        0.066       0.355        0.000        0.839          0.814          0.590        0.267
     1h    K20f10   r3   net0       33        1.025        0.005       0.040        0.000        0.526          0.987          0.718        0.186
     1h    K20f10   r3 plus01       33        1.025        0.000       0.001        0.000        0.144          1.248          0.933        0.124
     1h    K20f10   r5   asis       33        1.025        0.294       0.834        0.040        0.839          0.690          0.416        0.408
     1h    K20f10   r5  mcost       33        1.025        0.290       0.775        0.035        0.851          0.695          0.405        0.412
     1h    K20f10   r5   net0       33        1.025        0.068       0.240        0.002        0.550          0.956          0.562        0.297
     1h    K20f10   r5 plus01       33        1.025        0.003       0.011        0.000        0.155          1.421          0.868        0.202
     1h       K30   r1   asis       33        0.927        0.000       0.000        0.000        0.830          0.935          0.853        0.087
     1h       K30   r1  mcost       33        0.927        0.000       0.000        0.000        0.842          0.937          0.848        0.088
     1h       K30   r1   net0       33        0.927        0.000       0.000        0.000        0.498          1.000          0.907        0.056
     1h       K30   r1 plus01       33        0.927        0.000       0.000        0.000        0.129          1.067          0.984        0.037
     1h       K30   r2   asis       33        0.927        0.007       0.070        0.000        0.835          0.872          0.726        0.168
     1h       K30   r2  mcost       33        0.927        0.006       0.065        0.000        0.847          0.874          0.716        0.171
     1h       K30   r2   net0       33        0.927        0.000       0.001        0.000        0.509          0.997          0.820        0.110
     1h       K30   r2 plus01       33        0.927        0.000       0.000        0.000        0.133          1.135          0.963        0.073
     1h       K30   r3   asis       33        0.927        0.071       0.397        0.000        0.840          0.811          0.615        0.244
     1h       K30   r3  mcost       33        0.927        0.066       0.402        0.000        0.850          0.814          0.603        0.248
     1h       K30   r3   net0       33        0.927        0.003       0.027        0.000        0.520          0.989          0.739        0.163
     1h       K30   r3 plus01       33        0.927        0.000       0.000        0.000        0.138          1.205          0.939        0.108
     1h       K30   r5   asis       33        0.927        0.281       0.808        0.037        0.848          0.693          0.437        0.382
     1h       K30   r5  mcost       33        0.927        0.275       0.805        0.032        0.859          0.698          0.422        0.386
     1h       K30   r5   net0       33        0.927        0.050       0.204        0.001        0.543          0.960          0.594        0.263
     1h       K30   r5 plus01       33        0.927        0.002       0.009        0.000        0.149          1.346          0.884        0.177
     1h K30_thin2   r1   asis        5        1.992        0.000       0.000        0.000        0.941          0.882          0.767        0.145
     1h K30_thin2   r1  mcost        5        1.992        0.000       0.000        0.000        0.944          0.879          0.773        0.149
     1h K30_thin2   r1   net0        5        1.992        0.000       0.000        0.000        0.503          0.999          0.874        0.082
     1h K30_thin2   r1 plus01        5        1.992        0.000       0.000        0.000        0.040          1.151          1.011        0.049
     1h K30_thin2   r2   asis        5        1.992        0.011       0.031        0.000        0.946          0.772          0.584        0.274
     1h K30_thin2   r2  mcost        5        1.992        0.008       0.014        0.000        0.949          0.768          0.593        0.280
     1h K30_thin2   r2   net0        5        1.992        0.000       0.000        0.000        0.521          0.992          0.759        0.159
     1h K30_thin2   r2 plus01        5        1.992        0.000       0.000        0.000        0.043          1.315          1.016        0.097
     1h K30_thin2   r3   asis        5        1.992        0.165       0.263        0.000        0.950          0.670          0.442        0.386
     1h K30_thin2   r3  mcost        5        1.992        0.153       0.172        0.000        0.953          0.666          0.452        0.393
     1h K30_thin2   r3   net0        5        1.992        0.006       0.009        0.000        0.538          0.980          0.655        0.232
     1h K30_thin2   r3 plus01        5        1.992        0.000       0.000        0.000        0.047          1.493          1.013        0.143
     1h K30_thin2   r5   asis        5        1.992        0.605       0.724        0.074        0.958          0.498          0.247        0.568
     1h K30_thin2   r5  mcost        5        1.992        0.594       0.630        0.063        0.961          0.492          0.256        0.576
     1h K30_thin2   r5   net0        5        1.992        0.111       0.118        0.002        0.569          0.935          0.480        0.365
     1h K30_thin2   r5 plus01        5        1.992        0.003       0.004        0.000        0.056          1.889          0.986        0.231
     1h       K50   r1   asis       33        0.940        0.000       0.000        0.000        0.837          0.936          0.854        0.087
     1h       K50   r1  mcost       33        0.940        0.000       0.000        0.000        0.848          0.938          0.849        0.087
     1h       K50   r1   net0       33        0.940        0.000       0.000        0.000        0.494          1.000          0.911        0.053
     1h       K50   r1 plus01       33        0.940        0.000       0.000        0.000        0.120          1.070          0.985        0.035
     1h       K50   r2   asis       33        0.940        0.008       0.094        0.000        0.841          0.875          0.727        0.168
     1h       K50   r2  mcost       33        0.940        0.007       0.082        0.000        0.853          0.878          0.719        0.167
     1h       K50   r2   net0       33        0.940        0.000       0.001        0.000        0.505          0.997          0.826        0.105
     1h       K50   r2 plus01       33        0.940        0.000       0.000        0.000        0.125          1.140          0.967        0.069
     1h       K50   r3   asis       33        0.940        0.078       0.472        0.000        0.846          0.815          0.617        0.244
     1h       K50   r3  mcost       33        0.940        0.070       0.440        0.000        0.857          0.819          0.607        0.243
     1h       K50   r3   net0       33        0.940        0.003       0.026        0.000        0.516          0.990          0.747        0.155
     1h       K50   r3 plus01       33        0.940        0.000       0.000        0.000        0.129          1.211          0.947        0.103
     1h       K50   r5   asis       33        0.940        0.285       0.847        0.040        0.853          0.702          0.439        0.378
     1h       K50   r5  mcost       33        0.940        0.276       0.820        0.035        0.866          0.707          0.429        0.377
     1h       K50   r5   net0       33        0.940        0.047       0.202        0.001        0.538          0.967          0.602        0.249
     1h       K50   r5 plus01       33        0.940        0.001       0.006        0.000        0.139          1.360          0.902        0.168
     1h       M20   L%   asis       33        0.872        0.462       0.943        0.167        0.829          0.563          0.277        0.525
     1h       M20   L%  mcost       33        0.872        0.472       0.920        0.160        0.849          0.572          0.270        0.529
     1h       M20   L%   net0       33        0.872        0.175       0.480        0.022        0.545          0.947          0.449        0.381
     1h       M20   L% plus01       33        0.872        0.020       0.054        0.000        0.164          1.592          0.804        0.276
     1h       M30   L%   asis       33        0.901        0.604       0.975        0.311        0.857          0.458          0.173        0.637
     1h       M30   L%  mcost       33        0.901        0.608       0.973        0.307        0.870          0.464          0.175        0.637
     1h       M30   L%   net0       33        0.901        0.300       0.626        0.071        0.595          0.858          0.330        0.470
     1h       M30   L% plus01       33        0.901        0.055       0.114        0.003        0.188          1.702          0.710        0.341
     1h M30_thin2   L%   asis        4        2.004        0.932       0.939        0.709        0.976          0.190          0.044        0.856
     1h M30_thin2   L%  mcost        4        2.004        0.931       0.941        0.705        0.975          0.189          0.044        0.855
     1h M30_thin2   L%   net0        4        2.004        0.538       0.553        0.184        0.660          0.684          0.169        0.654
     1h M30_thin2   L% plus01        4        2.004        0.095       0.099        0.008        0.099          2.906          0.718        0.448
     1h       M40   L%   asis       33        0.903        0.618       0.977        0.333        0.862          0.448          0.161        0.652
     1h       M40   L%  mcost       33        0.903        0.623       0.974        0.328        0.875          0.446          0.160        0.652
     1h       M40   L%   net0       33        0.903        0.320       0.649        0.081        0.608          0.844          0.311        0.479
     1h       M40   L% plus01       33        0.903        0.064       0.136        0.004        0.196          1.703          0.695        0.351
     1h       M50   L%   asis       33        0.903        0.619       0.978        0.334        0.862          0.445          0.162        0.653
     1h       M50   L%  mcost       33        0.903        0.625       0.975        0.330        0.875          0.440          0.158        0.654
     1h       M50   L%   net0       33        0.903        0.322       0.654        0.083        0.610          0.834          0.310        0.482
     1h       M50   L% plus01       33        0.903        0.065       0.139        0.005        0.198          1.698          0.687        0.353
    30m       K20   r1   asis       34        1.862        0.001       0.006        0.000        0.905          0.866          0.741        0.166
    30m       K20   r1  mcost       34        1.862        0.001       0.010        0.000        0.905          0.853          0.728        0.177
    30m       K20   r1   net0       34        1.862        0.000       0.000        0.000        0.499          0.999          0.854        0.094
    30m       K20   r1 plus01       34        1.862        0.000       0.000        0.000        0.116          1.141          0.979        0.060
    30m       K20   r2   asis       34        1.862        0.153       0.597        0.001        0.909          0.743          0.544        0.310
    30m       K20   r2  mcost       34        1.862        0.145       0.630        0.001        0.909          0.721          0.525        0.328
    30m       K20   r2   net0       34        1.862        0.003       0.018        0.000        0.517          0.990          0.724        0.182
    30m       K20   r2 plus01       34        1.862        0.000       0.000        0.000        0.122          1.290          0.948        0.117
    30m       K20   r3   asis       34        1.862        0.369       0.883        0.050        0.913          0.633          0.396        0.432
    30m       K20   r3  mcost       34        1.862        0.369       0.890        0.047        0.913          0.604          0.375        0.455
    30m       K20   r3   net0       34        1.862        0.033       0.120        0.000        0.534          0.972          0.608        0.265
    30m       K20   r3 plus01       34        1.862        0.000       0.002        0.000        0.129          1.447          0.916        0.173
    30m       K20   r5   asis       34        1.862        0.626       0.979        0.296        0.920          0.448          0.204        0.623
    30m       K20   r5  mcost       34        1.862        0.631       0.980        0.294        0.919          0.412          0.187        0.650
    30m       K20   r5   net0       34        1.862        0.180       0.418        0.018        0.568          0.909          0.418        0.413
    30m       K20   r5 plus01       34        1.862        0.012       0.035        0.000        0.142          1.773          0.835        0.277
    30m    K20f10   r1   asis       34        1.950        0.001       0.006        0.000        0.904          0.865          0.741        0.168
    30m    K20f10   r1  mcost       34        1.950        0.001       0.013        0.000        0.907          0.851          0.727        0.180
    30m    K20f10   r1   net0       34        1.950        0.000       0.000        0.000        0.498          1.000          0.852        0.095
    30m    K20f10   r1 plus01       34        1.950        0.000       0.000        0.000        0.111          1.150          0.984        0.060
    30m    K20f10   r2   asis       34        1.950        0.161       0.599        0.001        0.908          0.740          0.544        0.313
    30m    K20f10   r2  mcost       34        1.950        0.150       0.634        0.001        0.911          0.718          0.524        0.332
    30m    K20f10   r2   net0       34        1.950        0.003       0.017        0.000        0.516          0.992          0.720        0.184
    30m    K20f10   r2 plus01       34        1.950        0.000       0.001        0.000        0.116          1.311          0.967        0.118
    30m    K20f10   r3   asis       34        1.950        0.380       0.883        0.056        0.912          0.628          0.396        0.436
    30m    K20f10   r3  mcost       34        1.950        0.377       0.892        0.049        0.914          0.599          0.375        0.460
    30m    K20f10   r3   net0       34        1.950        0.035       0.125        0.000        0.534          0.976          0.602        0.266
    30m    K20f10   r3 plus01       34        1.950        0.000       0.002        0.000        0.121          1.482          0.941        0.174
    30m    K20f10   r5   asis       34        1.950        0.635       0.985        0.306        0.919          0.442          0.205        0.627
    30m    K20f10   r5  mcost       34        1.950        0.638       0.982        0.298        0.920          0.407          0.184        0.656
    30m    K20f10   r5   net0       34        1.950        0.188       0.443        0.019        0.570          0.907          0.410        0.416
    30m    K20f10   r5 plus01       34        1.950        0.012       0.033        0.000        0.134          1.842          0.872        0.279
    30m       K30   r1   asis       34        1.992        0.002       0.023        0.000        0.921          0.850          0.736        0.174
    30m       K30   r1  mcost       34        1.992        0.002       0.024        0.000        0.922          0.845          0.732        0.180
    30m       K30   r1   net0       34        1.992        0.000       0.000        0.000        0.493          1.000          0.868        0.085
    30m       K30   r1 plus01       34        1.992        0.000       0.000        0.000        0.093          1.150          0.998        0.053
    30m       K30   r2   asis       34        1.992        0.191       0.776        0.002        0.923          0.717          0.538        0.322
    30m       K30   r2  mcost       34        1.992        0.183       0.777        0.002        0.925          0.708          0.531        0.331
    30m       K30   r2   net0       34        1.992        0.002       0.012        0.000        0.510          0.996          0.748        0.166
    30m       K30   r2 plus01       34        1.992        0.000       0.000        0.000        0.096          1.312          0.988        0.104
    30m       K30   r3   asis       34        1.992        0.407       0.959        0.074        0.925          0.601          0.391        0.447
    30m       K30   r3  mcost       34        1.992        0.404       0.957        0.067        0.927          0.589          0.383        0.458
    30m       K30   r3   net0       34        1.992        0.028       0.117        0.000        0.527          0.982          0.640        0.241
    30m       K30   r3 plus01       34        1.992        0.000       0.002        0.000        0.101          1.487          0.970        0.153
    30m       K30   r5   asis       34        1.992        0.652       0.994        0.330        0.929          0.412          0.202        0.638
    30m       K30   r5  mcost       34        1.992        0.648       0.994        0.328        0.930          0.399          0.194        0.650
    30m       K30   r5   net0       34        1.992        0.158       0.404        0.014        0.559          0.933          0.456        0.378
    30m       K30   r5 plus01       34        1.992        0.005       0.017        0.000        0.111          1.866          0.925        0.247
    30m K30_thin2   r1   asis       17        2.003        0.000       0.000        0.000        0.972          0.849          0.732        0.181
    30m K30_thin2   r1  mcost       17        2.003        0.000       0.000        0.000        0.971          0.847          0.737        0.177
    30m K30_thin2   r1   net0       17        2.003        0.000       0.000        0.000        0.508          0.998          0.867        0.085
    30m K30_thin2   r1 plus01       17        2.003        0.000       0.000        0.000        0.052          1.148          0.997        0.052
    30m K30_thin2   r2   asis       17        2.003        0.029       0.056        0.000        0.974          0.715          0.532        0.334
    30m K30_thin2   r2  mcost       17        2.003        0.026       0.053        0.000        0.973          0.712          0.539        0.328
    30m K30_thin2   r2   net0       17        2.003        0.000       0.001        0.000        0.526          0.990          0.746        0.165
    30m K30_thin2   r2 plus01       17        2.003        0.000       0.000        0.000        0.058          1.307          0.987        0.101
    30m K30_thin2   r3   asis       17        2.003        0.312       0.422        0.001        0.977          0.598          0.382        0.461
    30m K30_thin2   r3  mcost       17        2.003        0.293       0.354        0.001        0.976          0.595          0.391        0.454
    30m K30_thin2   r3   net0       17        2.003        0.008       0.016        0.000        0.542          0.975          0.638        0.241
    30m K30_thin2   r3 plus01       17        2.003        0.000       0.001        0.000        0.062          1.477          0.968        0.150
    30m K30_thin2   r5   asis       17        2.003        0.765       0.849        0.172        0.981          0.409          0.193        0.654
    30m K30_thin2   r5  mcost       17        2.003        0.756       0.783        0.157        0.980          0.406          0.201        0.647
    30m K30_thin2   r5   net0       17        2.003        0.128       0.164        0.003        0.574          0.926          0.453        0.379
    30m K30_thin2   r5 plus01       17        2.003        0.005       0.014        0.000        0.073          1.843          0.911        0.242
    30m       K50   r1   asis       34        2.067        0.005       0.075        0.000        0.928          0.843          0.734        0.177
    30m       K50   r1  mcost       34        2.067        0.004       0.048        0.000        0.930          0.840          0.731        0.181
    30m       K50   r1   net0       34        2.067        0.000       0.000        0.000        0.489          1.001          0.870        0.083
    30m       K50   r1 plus01       34        2.067        0.000       0.000        0.000        0.081          1.155          1.007        0.049
    30m       K50   r2   asis       34        2.067        0.218       0.884        0.005        0.930          0.706          0.534        0.326
    30m       K50   r2  mcost       34        2.067        0.211       0.855        0.004        0.931          0.700          0.531        0.334
    30m       K50   r2   net0       34        2.067        0.002       0.017        0.000        0.505          0.995          0.751        0.162
    30m       K50   r2 plus01       34        2.067        0.000       0.000        0.000        0.084          1.324          1.006        0.097
    30m       K50   r3   asis       34        2.067        0.429       0.990        0.094        0.932          0.588          0.386        0.452
    30m       K50   r3  mcost       34        2.067        0.425       0.981        0.086        0.932          0.580          0.382        0.461
    30m       K50   r3   net0       34        2.067        0.024       0.115        0.000        0.522          0.983          0.645        0.236
    30m       K50   r3 plus01       34        2.067        0.000       0.001        0.000        0.087          1.507          0.997        0.143
    30m       K50   r5   asis       34        2.067        0.668       1.000        0.354        0.934          0.400          0.198        0.643
    30m       K50   r5  mcost       34        2.067        0.660       0.999        0.352        0.935          0.389          0.193        0.654
    30m       K50   r5   net0       34        2.067        0.145       0.381        0.012        0.553          0.940          0.465        0.370
    30m       K50   r5 plus01       34        2.067        0.003       0.013        0.000        0.095          1.911          0.963        0.231
    30m       M20   L%   asis       34        1.853        0.666       0.990        0.379        0.913          0.400          0.156        0.677
    30m       M20   L%  mcost       34        1.853        0.672       0.990        0.379        0.914          0.364          0.142        0.700
    30m       M20   L%   net0       34        1.853        0.206       0.484        0.030        0.500          1.002          0.401        0.433
    30m       M20   L% plus01       34        1.853        0.014       0.037        0.000        0.107          2.347          0.918        0.298
    30m       M30   L%   asis       34        1.963        0.801       1.000        0.665        0.934          0.157          0.036        0.880
    30m       M30   L%  mcost       34        1.963        0.801       1.000        0.663        0.934          0.136          0.031        0.893
    30m       M30   L%   net0       34        1.963        0.457       0.780        0.193        0.611          0.787          0.178        0.638
    30m       M30   L% plus01       34        1.963        0.082       0.161        0.007        0.132          2.911          0.758        0.444
    30m M30_thin2   L%   asis       17        2.010        0.958       0.984        0.792        0.986          0.154          0.033        0.884
    30m M30_thin2   L%  mcost       17        2.010        0.961       0.973        0.798        0.988          0.145          0.032        0.889
    30m M30_thin2   L%   net0       17        2.010        0.508       0.570        0.163        0.623          0.767          0.179        0.631
    30m M30_thin2   L% plus01       17        2.010        0.095       0.142        0.008        0.097          3.006          0.730        0.440
    30m       M40   L%   asis       34        1.983        0.818       1.000        0.710        0.938          0.115          0.024        0.909
    30m       M40   L%  mcost       34        1.983        0.817       1.000        0.705        0.938          0.105          0.022        0.916
    30m       M40   L%   net0       34        1.983        0.523       0.828        0.256        0.657          0.643          0.133        0.687
    30m       M40   L% plus01       34        1.983        0.116       0.222        0.015        0.152          2.779          0.679        0.480
    30m       M50   L%   asis       34        1.984        0.820       1.000        0.717        0.938          0.111          0.023        0.913
    30m       M50   L%  mcost       34        1.984        0.819       1.000        0.712        0.938          0.102          0.021        0.920
    30m       M50   L%   net0       34        1.984        0.535       0.840        0.272        0.666          0.619          0.130        0.695
    30m       M50   L% plus01       34        1.984        0.126       0.237        0.018        0.158          2.729          0.658        0.488
     4h       K20   r1   asis       27        0.138        0.000       0.000        0.000        0.542          0.999          0.966        0.017
     4h       K20   r1  mcost       27        0.138        0.000       0.000        0.000        0.596          0.995          0.961        0.018
     4h       K20   r1   net0       27        0.138        0.000       0.000        0.000        0.471          1.001          0.969        0.015
     4h       K20   r1 plus01       27        0.138        0.000       0.000        0.000        0.309          1.010          0.978        0.011
     4h       K20   r2   asis       27        0.138        0.000       0.000        0.000        0.545          0.998          0.932        0.033
     4h       K20   r2  mcost       27        0.138        0.000       0.000        0.000        0.599          0.989          0.922        0.037
     4h       K20   r2   net0       27        0.138        0.000       0.000        0.000        0.476          1.001          0.939        0.031
     4h       K20   r2 plus01       27        0.138        0.000       0.000        0.000        0.312          1.021          0.957        0.023
     4h       K20   r3   asis       27        0.138        0.000       0.000        0.000        0.548          0.997          0.898        0.050
     4h       K20   r3  mcost       27        0.138        0.000       0.000        0.000        0.602          0.983          0.885        0.055
     4h       K20   r3   net0       27        0.138        0.000       0.000        0.000        0.479          1.001          0.909        0.046
     4h       K20   r3 plus01       27        0.138        0.000       0.000        0.000        0.315          1.031          0.935        0.034
     4h       K20   r5   asis       27        0.138        0.000       0.005        0.000        0.554          0.992          0.833        0.082
     4h       K20   r5  mcost       27        0.138        0.000       0.001        0.000        0.607          0.970          0.813        0.091
     4h       K20   r5   net0       27        0.138        0.000       0.001        0.000        0.485          1.001          0.851        0.076
     4h       K20   r5 plus01       27        0.138        0.000       0.000        0.000        0.320          1.049          0.892        0.057
     4h    K20f10   r1   asis       30        0.309        0.000       0.000        0.000        0.621          0.991          0.944        0.030
     4h    K20f10   r1  mcost       30        0.309        0.000       0.000        0.000        0.624          0.991          0.940        0.032
     4h    K20f10   r1   net0       30        0.309        0.000       0.000        0.000        0.487          1.000          0.951        0.028
     4h    K20f10   r1 plus01       30        0.309        0.000       0.000        0.000        0.231          1.024          0.976        0.021
     4h    K20f10   r2   asis       30        0.309        0.000       0.001        0.000        0.625          0.982          0.890        0.059
     4h    K20f10   r2  mcost       30        0.309        0.000       0.000        0.000        0.629          0.980          0.882        0.064
     4h    K20f10   r2   net0       30        0.309        0.000       0.000        0.000        0.493          1.000          0.903        0.056
     4h    K20f10   r2 plus01       30        0.309        0.000       0.000        0.000        0.235          1.047          0.951        0.042
     4h    K20f10   r3   asis       30        0.309        0.000       0.001        0.000        0.631          0.972          0.838        0.088
     4h    K20f10   r3  mcost       30        0.309        0.000       0.001        0.000        0.634          0.969          0.827        0.095
     4h    K20f10   r3   net0       30        0.309        0.000       0.001        0.000        0.500          0.999          0.856        0.084
     4h    K20f10   r3 plus01       30        0.309        0.000       0.000        0.000        0.239          1.069          0.925        0.062
     4h    K20f10   r5   asis       30        0.309        0.004       0.067        0.000        0.640          0.947          0.741        0.145
     4h    K20f10   r5  mcost       30        0.309        0.003       0.022        0.000        0.644          0.944          0.725        0.156
     4h    K20f10   r5   net0       30        0.309        0.001       0.006        0.000        0.511          0.993          0.767        0.137
     4h    K20f10   r5 plus01       30        0.309        0.000       0.001        0.000        0.247          1.113          0.871        0.103
     4h       K30   r1   asis       27        0.140        0.000       0.000        0.000        0.551          0.998          0.965        0.017
     4h       K30   r1  mcost       27        0.140        0.000       0.000        0.000        0.598          0.994          0.961        0.018
     4h       K30   r1   net0       27        0.140        0.000       0.000        0.000        0.472          1.001          0.969        0.015
     4h       K30   r1 plus01       27        0.140        0.000       0.000        0.000        0.303          1.010          0.979        0.011
     4h       K30   r2   asis       27        0.140        0.000       0.000        0.000        0.554          0.996          0.930        0.034
     4h       K30   r2  mcost       27        0.140        0.000       0.000        0.000        0.601          0.988          0.923        0.036
     4h       K30   r2   net0       27        0.140        0.000       0.000        0.000        0.475          1.001          0.938        0.031
     4h       K30   r2 plus01       27        0.140        0.000       0.000        0.000        0.306          1.021          0.958        0.023
     4h       K30   r3   asis       27        0.140        0.000       0.000        0.000        0.557          0.994          0.896        0.051
     4h       K30   r3  mcost       27        0.140        0.000       0.000        0.000        0.604          0.982          0.886        0.054
     4h       K30   r3   net0       27        0.140        0.000       0.000        0.000        0.478          1.001          0.908        0.046
     4h       K30   r3 plus01       27        0.140        0.000       0.000        0.000        0.309          1.031          0.937        0.034
     4h       K30   r5   asis       27        0.140        0.000       0.004        0.000        0.563          0.988          0.830        0.084
     4h       K30   r5  mcost       27        0.140        0.000       0.001        0.000        0.609          0.969          0.814        0.090
     4h       K30   r5   net0       27        0.140        0.000       0.001        0.000        0.485          1.000          0.849        0.076
     4h       K30   r5 plus01       27        0.140        0.000       0.000        0.000        0.315          1.050          0.895        0.056
     4h       K50   r1   asis       27        0.140        0.000       0.000        0.000        0.552          0.998          0.965        0.017
     4h       K50   r1  mcost       27        0.140        0.000       0.000        0.000        0.597          0.994          0.961        0.018
     4h       K50   r1   net0       27        0.140        0.000       0.000        0.000        0.472          1.001          0.969        0.015
     4h       K50   r1 plus01       27        0.140        0.000       0.000        0.000        0.303          1.010          0.979        0.011
     4h       K50   r2   asis       27        0.140        0.000       0.000        0.000        0.555          0.996          0.930        0.034
     4h       K50   r2  mcost       27        0.140        0.000       0.000        0.000        0.601          0.988          0.923        0.036
     4h       K50   r2   net0       27        0.140        0.000       0.000        0.000        0.475          1.001          0.938        0.031
     4h       K50   r2 plus01       27        0.140        0.000       0.000        0.000        0.306          1.021          0.958        0.023
     4h       K50   r3   asis       27        0.140        0.000       0.000        0.000        0.557          0.994          0.896        0.051
     4h       K50   r3  mcost       27        0.140        0.000       0.000        0.000        0.603          0.982          0.886        0.054
     4h       K50   r3   net0       27        0.140        0.000       0.000        0.000        0.478          1.001          0.908        0.046
     4h       K50   r3 plus01       27        0.140        0.000       0.000        0.000        0.309          1.031          0.936        0.034
     4h       K50   r5   asis       27        0.140        0.000       0.004        0.000        0.563          0.988          0.830        0.084
     4h       K50   r5  mcost       27        0.140        0.000       0.001        0.000        0.610          0.969          0.814        0.090
     4h       K50   r5   net0       27        0.140        0.000       0.001        0.000        0.484          1.001          0.849        0.076
     4h       K50   r5 plus01       27        0.140        0.000       0.000        0.000        0.314          1.050          0.894        0.056
     4h       M20   L%   asis       27        0.135        0.015       0.165        0.000        0.551          0.986          0.697        0.144
     4h       M20   L%  mcost       27        0.135        0.020       0.105        0.000        0.616          0.941          0.664        0.165
     4h       M20   L%   net0       27        0.135        0.007       0.043        0.000        0.495          1.000          0.719        0.137
     4h       M20   L% plus01       27        0.135        0.001       0.008        0.000        0.331          1.092          0.797        0.111
     4h       M30   L%   asis       27        0.135        0.018       0.183        0.001        0.559          0.982          0.684        0.157
     4h       M30   L%  mcost       27        0.135        0.024       0.119        0.000        0.619          0.931          0.652        0.173
     4h       M30   L%   net0       27        0.135        0.009       0.056        0.000        0.499          1.000          0.707        0.144
     4h       M30   L% plus01       27        0.135        0.002       0.013        0.000        0.332          1.091          0.784        0.123
     4h       M40   L%   asis       27        0.135        0.018       0.183        0.001        0.559          0.982          0.684        0.157
     4h       M40   L%  mcost       27        0.135        0.024       0.119        0.000        0.619          0.931          0.652        0.173
     4h       M40   L%   net0       27        0.135        0.009       0.056        0.000        0.499          1.000          0.707        0.144
     4h       M40   L% plus01       27        0.135        0.002       0.013        0.000        0.332          1.091          0.784        0.123
     4h       M50   L%   asis       27        0.135        0.018       0.183        0.001        0.559          0.982          0.684        0.157
     4h       M50   L%  mcost       27        0.135        0.024       0.119        0.000        0.619          0.931          0.652        0.173
     4h       M50   L%   net0       27        0.135        0.009       0.056        0.000        0.499          1.000          0.707        0.144
     4h       M50   L% plus01       27        0.135        0.002       0.013        0.000        0.332          1.091          0.784        0.123
  tfset info   edge             design  H  traders  mean_f  sd_f  ruin50  ruin25  p_loss  final_med  final_p05  mdd_med
    15m info  mcost margin_conf_20to50 76       34  -0.011 0.077   0.884   0.820   0.965      0.021      0.002    0.985
    15m info  mcost     margin_flat_30 76       34  -0.011 0.067   0.884   0.819   0.968      0.022      0.003    0.983
    15m info  mcost     risk_conf_2to5 76       34  -0.004 0.028   0.758   0.506   0.959      0.280      0.128    0.752
    15m info  mcost        risk_flat_2 76       34  -0.003 0.015   0.618   0.236   0.966      0.447      0.287    0.576
    15m info  mcost      risk_flat_3.5 76       34  -0.005 0.026   0.786   0.569   0.966      0.234      0.108    0.786
    15m info   net0 margin_conf_20to50 76       34   0.003 0.077   0.495   0.245   0.478      1.049      0.129    0.739
    15m info   net0     margin_flat_30 76       34   0.002 0.068   0.506   0.250   0.550      0.890      0.126    0.719
    15m info   net0     risk_conf_2to5 76       34   0.001 0.028   0.097   0.005   0.397      1.134      0.518    0.357
    15m info   net0        risk_flat_2 76       34   0.000 0.015   0.022   0.000   0.510      0.993      0.644    0.236
    15m info   net0      risk_flat_3.5 76       34   0.000 0.027   0.162   0.014   0.546      0.949      0.446    0.387
    15m info plus01 margin_conf_20to50 76       34   0.012 0.077   0.096   0.010   0.072     11.712      1.399    0.527
    15m info plus01     margin_flat_30 76       34   0.010 0.068   0.076   0.006   0.076      8.462      1.279    0.489
    15m info plus01     risk_conf_2to5 76       34   0.004 0.028   0.002   0.000   0.064      2.662      1.222    0.227
    15m info plus01        risk_flat_2 76       34   0.002 0.015   0.000   0.000   0.073      1.626      1.042    0.143
    15m info plus01      risk_flat_3.5 76       34   0.003 0.027   0.003   0.000   0.079      2.243      1.032    0.242
    15m null  mcost margin_conf_20to50 76       34  -0.013 0.077   0.892   0.835   0.969      0.013      0.002    0.990
    15m null  mcost     margin_flat_30 76       34  -0.011 0.067   0.884   0.819   0.968      0.022      0.003    0.983
    15m null  mcost     risk_conf_2to5 76       34  -0.005 0.028   0.785   0.570   0.965      0.234      0.106    0.789
    15m null  mcost        risk_flat_2 76       34  -0.003 0.015   0.618   0.235   0.966      0.449      0.287    0.577
    15m null  mcost      risk_flat_3.5 76       34  -0.005 0.026   0.786   0.568   0.967      0.236      0.107    0.786
    15m null   net0 margin_conf_20to50 76       34   0.002 0.077   0.596   0.356   0.619      0.638      0.076    0.786
    15m null   net0     margin_flat_30 76       34   0.002 0.067   0.502   0.246   0.548      0.885      0.126    0.716
    15m null   net0     risk_conf_2to5 76       34   0.000 0.028   0.176   0.017   0.544      0.957      0.428    0.400
    15m null   net0        risk_flat_2 76       34   0.000 0.015   0.021   0.000   0.509      0.994      0.640    0.237
    15m null   net0      risk_flat_3.5 76       34   0.000 0.026   0.160   0.014   0.544      0.950      0.439    0.389
    15m null plus01 margin_conf_20to50 76       34   0.010 0.077   0.145   0.024   0.099      7.265      0.910    0.563
    15m null plus01     margin_flat_30 76       34   0.010 0.067   0.074   0.006   0.075      8.471      1.283    0.482
    15m null plus01     risk_conf_2to5 76       34   0.003 0.028   0.004   0.000   0.086      2.217      1.021    0.249
    15m null plus01        risk_flat_2 76       34   0.002 0.015   0.000   0.000   0.073      1.631      1.053    0.143
    15m null plus01      risk_flat_3.5 76       34   0.003 0.026   0.003   0.000   0.079      2.255      1.053    0.241
15m+30m info  mcost margin_conf_20to50 76       34  -0.011 0.077   0.902   0.847   0.971      0.012      0.001    0.991
15m+30m info  mcost     margin_flat_30 76       34  -0.011 0.068   0.901   0.844   0.974      0.013      0.002    0.990
15m+30m info  mcost     risk_conf_2to5 76       34  -0.004 0.027   0.777   0.516   0.965      0.269      0.120    0.761
15m+30m info  mcost        risk_flat_2 76       34  -0.003 0.015   0.647   0.216   0.970      0.424      0.270    0.598
15m+30m info  mcost      risk_flat_3.5 76       34  -0.005 0.026   0.805   0.597   0.971      0.212      0.096    0.806
15m+30m info   net0 margin_conf_20to50 76       34   0.003 0.077   0.541   0.289   0.514      0.972      0.104    0.771
15m+30m info   net0     margin_flat_30 76       34   0.001 0.068   0.557   0.300   0.588      0.755      0.097    0.761
15m+30m info   net0     risk_conf_2to5 76       34   0.001 0.027   0.099   0.005   0.390      1.179      0.531    0.365
15m+30m info   net0        risk_flat_2 76       34   0.000 0.015   0.023   0.000   0.510      0.994      0.636    0.248
15m+30m info   net0      risk_flat_3.5 76       34   0.000 0.026   0.169   0.014   0.546      0.944      0.433    0.406
15m+30m info plus01 margin_conf_20to50 76       34   0.012 0.077   0.096   0.011   0.063     18.284      2.068    0.534
15m+30m info plus01     margin_flat_30 76       34   0.010 0.068   0.083   0.007   0.068     11.181      1.510    0.509
15m+30m info plus01     risk_conf_2to5 76       34   0.004 0.027   0.001   0.000   0.053      3.268      1.470    0.229
15m+30m info plus01        risk_flat_2 76       34   0.002 0.015   0.000   0.000   0.060      1.775      1.135    0.142
15m+30m info plus01      risk_flat_3.5 76       34   0.003 0.026   0.002   0.000   0.066      2.601      1.194    0.239
15m+30m null  mcost margin_conf_20to50 76       34  -0.012 0.077   0.906   0.857   0.974      0.007      0.001    0.994
15m+30m null  mcost     margin_flat_30 76       34  -0.011 0.068   0.900   0.844   0.973      0.013      0.002    0.989
15m+30m null  mcost     risk_conf_2to5 76       34  -0.004 0.027   0.805   0.598   0.970      0.217      0.097    0.803
15m+30m null  mcost        risk_flat_2 76       34  -0.003 0.015   0.647   0.216   0.969      0.425      0.272    0.597
15m+30m null  mcost      risk_flat_3.5 76       34  -0.005 0.026   0.805   0.596   0.970      0.213      0.098    0.805
15m+30m null   net0 margin_conf_20to50 76       34   0.001 0.077   0.638   0.403   0.649      0.584      0.062    0.817
15m+30m null   net0     margin_flat_30 76       34   0.001 0.068   0.554   0.296   0.585      0.769      0.099    0.759
15m+30m null   net0     risk_conf_2to5 76       34   0.000 0.027   0.186   0.018   0.553      0.935      0.431    0.410
15m+30m null   net0        risk_flat_2 76       34   0.000 0.015   0.022   0.000   0.506      0.994      0.639    0.247
15m+30m null   net0      risk_flat_3.5 76       34   0.000 0.026   0.167   0.014   0.544      0.945      0.435    0.404
15m+30m null plus01 margin_conf_20to50 76       34   0.010 0.077   0.143   0.022   0.086     11.199      1.244    0.567
15m+30m null plus01     margin_flat_30 76       34   0.010 0.068   0.081   0.007   0.065     11.486      1.532    0.506
15m+30m null plus01     risk_conf_2to5 76       34   0.003 0.027   0.004   0.000   0.072      2.641      1.172    0.249
15m+30m null plus01        risk_flat_2 76       34   0.002 0.015   0.000   0.000   0.059      1.778      1.146    0.140
15m+30m null plus01      risk_flat_3.5 76       34   0.003 0.026   0.002   0.000   0.064      2.608      1.214    0.236
     1h info  mcost margin_conf_20to50 76       33  -0.008 0.073   0.619   0.331   0.866      0.438      0.156    0.672
     1h info  mcost     margin_flat_30 76       33  -0.008 0.068   0.609   0.310   0.872      0.467      0.175    0.631
     1h info  mcost     risk_conf_2to5 76       33  -0.002 0.024   0.082   0.001   0.797      0.834      0.592    0.265
     1h info  mcost        risk_flat_2 76       33  -0.002 0.013   0.006   0.000   0.846      0.879      0.721    0.168
     1h info  mcost      risk_flat_3.5 76       33  -0.003 0.023   0.116   0.002   0.852      0.792      0.558    0.280
     1h info   net0 margin_conf_20to50 76       33   0.001 0.073   0.312   0.080   0.574      0.889      0.309    0.498
     1h info   net0     margin_flat_30 76       33   0.000 0.068   0.303   0.073   0.597      0.865      0.342    0.461
     1h info   net0     risk_conf_2to5 76       33   0.001 0.024   0.005   0.000   0.428      1.035      0.722    0.177
     1h info   net0        risk_flat_2 76       33   0.000 0.013   0.000   0.000   0.508      0.998      0.821    0.108
     1h info   net0      risk_flat_3.5 76       33   0.000 0.023   0.010   0.000   0.525      0.985      0.703    0.184
     1h info plus01 margin_conf_20to50 76       33   0.011 0.073   0.057   0.004   0.171      1.926      0.721    0.362
     1h info plus01     margin_flat_30 76       33   0.009 0.068   0.053   0.003   0.185      1.708      0.714    0.339
     1h info plus01     risk_conf_2to5 76       33   0.004 0.025   0.000   0.000   0.113      1.319      0.959    0.123
     1h info plus01        risk_flat_2 76       33   0.002 0.013   0.000   0.000   0.136      1.138      0.960    0.074
     1h info plus01      risk_flat_3.5 76       33   0.003 0.023   0.000   0.000   0.143      1.244      0.921    0.127
     1h null  mcost margin_conf_20to50 76       33  -0.009 0.073   0.640   0.356   0.878      0.412      0.144    0.692
     1h null  mcost     margin_flat_30 76       33  -0.008 0.067   0.609   0.308   0.873      0.461      0.171    0.638
     1h null  mcost     risk_conf_2to5 76       33  -0.003 0.024   0.124   0.003   0.845      0.788      0.556    0.293
     1h null  mcost        risk_flat_2 76       33  -0.002 0.013   0.006   0.000   0.847      0.874      0.716    0.171
     1h null  mcost      risk_flat_3.5 76       33  -0.003 0.023   0.114   0.002   0.852      0.784      0.553    0.285
     1h null   net0 margin_conf_20to50 76       33  -0.000 0.073   0.341   0.097   0.609      0.818      0.291    0.514
     1h null   net0     margin_flat_30 76       33   0.000 0.067   0.298   0.072   0.594      0.856      0.338    0.470
     1h null   net0     risk_conf_2to5 76       33   0.000 0.024   0.012   0.000   0.528      0.977      0.684    0.195
     1h null   net0        risk_flat_2 76       33   0.000 0.013   0.000   0.000   0.509      0.997      0.820    0.110
     1h null   net0      risk_flat_3.5 76       33   0.000 0.023   0.009   0.000   0.526      0.983      0.701    0.188
     1h null plus01 margin_conf_20to50 76       33   0.010 0.073   0.068   0.005   0.193      1.805      0.695    0.377
     1h null plus01     margin_flat_30 76       33   0.009 0.067   0.052   0.003   0.182      1.682      0.714    0.337
     1h null plus01     risk_conf_2to5 76       33   0.003 0.024   0.000   0.000   0.149      1.255      0.916    0.133
     1h null plus01        risk_flat_2 76       33   0.002 0.013   0.000   0.000   0.133      1.135      0.963    0.073
     1h null plus01      risk_flat_3.5 76       33   0.003 0.023   0.000   0.000   0.140      1.240      0.925    0.126
    30m info  mcost margin_conf_20to50 76       34  -0.010 0.075   0.799   0.663   0.929      0.144      0.029    0.894
    30m info  mcost     margin_flat_30 76       34  -0.010 0.069   0.801   0.665   0.935      0.135      0.031    0.895
    30m info  mcost     risk_conf_2to5 76       34  -0.003 0.025   0.416   0.083   0.903      0.596      0.353    0.475
    30m info  mcost        risk_flat_2 76       34  -0.002 0.014   0.184   0.002   0.924      0.710      0.530    0.330
    30m info  mcost      risk_flat_3.5 76       34  -0.004 0.024   0.489   0.133   0.927      0.538      0.323    0.513
    30m info   net0 margin_conf_20to50 76       34   0.002 0.075   0.437   0.181   0.558      0.864      0.187    0.647
    30m info   net0     margin_flat_30 76       34   0.000 0.069   0.460   0.197   0.615      0.793      0.180    0.640
    30m info   net0     risk_conf_2to5 76       34   0.001 0.026   0.029   0.000   0.416      1.073      0.640    0.261
    30m info   net0        risk_flat_2 76       34   0.000 0.014   0.002   0.000   0.510      0.993      0.742    0.167
    30m info   net0      risk_flat_3.5 76       34   0.000 0.024   0.053   0.001   0.536      0.972      0.582    0.279
    30m info plus01 margin_conf_20to50 76       34   0.011 0.075   0.079   0.007   0.114      3.578      0.839    0.455
    30m info plus01     margin_flat_30 76       34   0.009 0.069   0.080   0.007   0.130      2.917      0.756    0.442
    30m info plus01     risk_conf_2to5 76       34   0.004 0.026   0.000   0.000   0.083      1.726      1.051    0.175
    30m info plus01        risk_flat_2 76       34   0.002 0.014   0.000   0.000   0.098      1.308      0.989    0.103
    30m info plus01      risk_flat_3.5 76       34   0.003 0.025   0.001   0.000   0.105      1.568      0.963    0.176
    30m null  mcost margin_conf_20to50 76       34  -0.011 0.075   0.812   0.696   0.938      0.119      0.023    0.911
    30m null  mcost     margin_flat_30 76       34  -0.010 0.069   0.801   0.664   0.935      0.135      0.032    0.894
    30m null  mcost     risk_conf_2to5 76       34  -0.004 0.025   0.494   0.140   0.926      0.538      0.316    0.516
    30m null  mcost        risk_flat_2 76       34  -0.002 0.014   0.183   0.002   0.925      0.708      0.531    0.331
    30m null  mcost      risk_flat_3.5 76       34  -0.004 0.024   0.489   0.131   0.928      0.536      0.324    0.513
    30m null   net0 margin_conf_20to50 76       34   0.000 0.075   0.503   0.239   0.638      0.742      0.143    0.681
    30m null   net0     margin_flat_30 76       34   0.001 0.069   0.458   0.195   0.613      0.801      0.182    0.639
    30m null   net0     risk_conf_2to5 76       34   0.000 0.025   0.061   0.001   0.543      0.966      0.577    0.289
    30m null   net0        risk_flat_2 76       34   0.000 0.014   0.002   0.000   0.510      0.996      0.748    0.166
    30m null   net0      risk_flat_3.5 76       34   0.000 0.024   0.052   0.001   0.535      0.974      0.589    0.277
    30m null plus01 margin_conf_20to50 76       34   0.010 0.075   0.107   0.013   0.141      2.941      0.711    0.478
    30m null plus01     margin_flat_30 76       34   0.010 0.069   0.078   0.007   0.127      2.959      0.752    0.438
    30m null plus01     risk_conf_2to5 76       34   0.003 0.025   0.001   0.000   0.113      1.561      0.946    0.187
    30m null plus01        risk_flat_2 76       34   0.002 0.014   0.000   0.000   0.096      1.312      0.988    0.104
    30m null plus01      risk_flat_3.5 76       34   0.003 0.024   0.000   0.000   0.103      1.578      0.959    0.177
     4h info  mcost margin_conf_20to50 76       27  -0.006 0.067   0.026   0.000   0.612      0.939      0.632    0.183
     4h info  mcost     margin_flat_30 76       27  -0.006 0.064   0.023   0.000   0.612      0.937      0.654    0.171
     4h info  mcost     risk_conf_2to5 76       27  -0.002 0.023   0.000   0.000   0.564      0.989      0.870    0.061
     4h info  mcost        risk_flat_2 76       27  -0.001 0.012   0.000   0.000   0.600      0.989      0.924    0.035
     4h info  mcost      risk_flat_3.5 76       27  -0.002 0.022   0.000   0.000   0.604      0.979      0.869    0.061
     4h info   net0 margin_conf_20to50 76       27   0.000 0.067   0.010   0.000   0.495      1.000      0.693    0.153
     4h info   net0     margin_flat_30 76       27   0.001 0.064   0.009   0.000   0.494      1.000      0.710    0.145
     4h info   net0     risk_conf_2to5 76       27   0.001 0.023   0.000   0.000   0.442      1.005      0.896    0.052
     4h info   net0        risk_flat_2 76       27   0.000 0.012   0.000   0.000   0.475      1.001      0.939    0.029
     4h info   net0      risk_flat_3.5 76       27   0.000 0.022   0.000   0.000   0.480      1.000      0.895    0.051
     4h info plus01 margin_conf_20to50 76       27   0.010 0.067   0.002   0.000   0.330      1.089      0.774    0.128
     4h info plus01     margin_flat_30 76       27   0.010 0.064   0.002   0.000   0.328      1.091      0.791    0.122
     4h info plus01     risk_conf_2to5 76       27   0.004 0.023   0.000   0.000   0.285      1.042      0.933    0.040
     4h info plus01        risk_flat_2 76       27   0.002 0.012   0.000   0.000   0.306      1.021      0.957    0.022
     4h info plus01      risk_flat_3.5 76       27   0.003 0.022   0.000   0.000   0.310      1.036      0.924    0.038
     4h null  mcost margin_conf_20to50 76       27  -0.007 0.066   0.027   0.000   0.615      0.931      0.633    0.186
     4h null  mcost     margin_flat_30 76       27  -0.006 0.063   0.023   0.000   0.612      0.934      0.657    0.174
     4h null  mcost     risk_conf_2to5 76       27  -0.002 0.023   0.000   0.000   0.595      0.982      0.864    0.063
     4h null  mcost        risk_flat_2 76       27  -0.001 0.012   0.000   0.000   0.601      0.988      0.923    0.036
     4h null  mcost      risk_flat_3.5 76       27  -0.002 0.022   0.000   0.000   0.605      0.979      0.868    0.063
     4h null   net0 margin_conf_20to50 76       27   0.000 0.066   0.010   0.000   0.499      1.000      0.690    0.155
     4h null   net0     margin_flat_30 76       27   0.000 0.063   0.009   0.000   0.494      1.000      0.717    0.146
     4h null   net0     risk_conf_2to5 76       27   0.000 0.023   0.000   0.000   0.474      1.001      0.889    0.053
     4h null   net0        risk_flat_2 76       27   0.000 0.012   0.000   0.000   0.475      1.001      0.938    0.031
     4h null   net0      risk_flat_3.5 76       27   0.000 0.022   0.000   0.000   0.480      1.001      0.893    0.053
     4h null plus01 margin_conf_20to50 76       27   0.010 0.066   0.002   0.000   0.333      1.083      0.775    0.128
     4h null plus01     margin_flat_30 76       27   0.010 0.063   0.001   0.000   0.326      1.091      0.791    0.123
     4h null plus01     risk_conf_2to5 76       27   0.003 0.023   0.000   0.000   0.312      1.036      0.923    0.044
     4h null plus01        risk_flat_2 76       27   0.002 0.012   0.000   0.000   0.306      1.021      0.958    0.023
     4h null plus01      risk_flat_3.5 76       27   0.003 0.022   0.000   0.000   0.310      1.035      0.926    0.040
