
=== 5m P0|A|10
 edge_pct  trades_per_30d  mean_N  mean_L  liq_share  tp_share  drift_H_pct  gross_pct  net_notional_pct  eq_ret_pct  30d_median_mult  30d_p_loss  30d_mdd_median  1y_median_mult  1y_p_below50  1y_p_ruin  IS_median_mult
        0           169.6       1       1          0  0.001008    -0.001606  0.0009056           -0.1407     -0.1407           0.7835      0.9618          0.2464         0.04792             1     0.9438       0.0001316
    0.025           169.6       1       1          0  0.001042       0.0237     0.0262           -0.1154     -0.1154           0.8152      0.9293           0.222         0.08144             1     0.6903       0.0006068
     0.05           169.6       1       1          0  0.001073      0.04909    0.05159          -0.09002    -0.09002           0.8514      0.8795           0.197          0.1381         0.998      0.282        0.002715
    0.075           169.6       1       1          0  0.001106      0.07394    0.07655          -0.06506    -0.06506           0.8853       0.811          0.1728          0.2293        0.9635    0.05183         0.01266
      0.1           169.6       1       1          0  0.001145      0.09898     0.1016          -0.03997    -0.03997           0.9208      0.7263          0.1518          0.3883         0.792      0.004         0.06064
     0.15           169.6       1       1          0  0.001216       0.1493     0.1521            0.0105      0.0105            1.002       0.493          0.1166           1.094        0.1143          0           1.349
      0.2           169.6       1       1          0  0.001269       0.1991     0.2019           0.06025     0.06025            1.084       0.276         0.09011           3.035      0.002667          0           27.28
      0.3           169.6       1       1          0  0.001402       0.3006     0.3034            0.1618      0.1618            1.288     0.03433          0.0572           24.45             0          0       1.252e+04
      0.4           169.6       1       1          0  0.001553       0.4008      0.404            0.2624      0.2624            1.524       0.002         0.03725           197.3             0          0       5.088e+06

=== 5m P0|B|10
 edge_pct  trades_per_30d  mean_N  mean_L  liq_share  tp_share  drift_H_pct  gross_pct  net_notional_pct  eq_ret_pct  30d_median_mult  30d_p_loss  30d_mdd_median  1y_median_mult  1y_p_below50  1y_p_ruin  IS_median_mult
        0           186.7       1       1          0 0.0008753    -0.001205  -0.007923           -0.1491     -0.1491            0.753      0.9873           0.268         0.03084             1     0.9973       3.978e-05
    0.025           186.2       1       1          0 0.0009075      0.02447    0.01027           -0.1309     -0.1309           0.7774       0.975          0.2468         0.04708             1     0.9672       0.0001336
     0.05           185.8       1       1          0 0.0009337      0.04988    0.02828           -0.1129     -0.1129           0.8033      0.9607          0.2253          0.0715             1     0.8185       0.0004352
    0.075           185.5       1       1          0 0.0009599      0.07507    0.04608          -0.09508    -0.09508             0.83      0.9355          0.2047          0.1071             1     0.4717        0.001454
      0.1           185.1       1       1          0 0.0009955       0.1003    0.06396          -0.07721    -0.07721           0.8577      0.8968           0.185          0.1603        0.9975     0.1448        0.004792
     0.15           184.3       1       1          0  0.001052       0.1507    0.09971          -0.04147    -0.04147           0.9143      0.7733          0.1478          0.3611        0.8463      0.001         0.05076
      0.2           183.5       1       1          0  0.001098       0.2008     0.1351         -0.006139   -0.006139           0.9714      0.5917          0.1173          0.7872        0.2295          0          0.5182
      0.3             182       1       1          0  0.001225       0.3029     0.2071           0.06589     0.06589            1.105      0.2103         0.07416           3.848             0          0           52.71
      0.4           180.5       1       1          0  0.001359        0.404     0.2787            0.1375      0.1375            1.252     0.03617         0.05043           18.13             0          0            5134

=== 5m P1|B|10
 edge_pct  trades_per_30d  mean_N  mean_L  liq_share  tp_share  drift_H_pct  gross_pct  net_notional_pct  eq_ret_pct  30d_median_mult  30d_p_loss  30d_mdd_median  1y_median_mult  1y_p_below50  1y_p_ruin  IS_median_mult
        0           188.3    1.25       5          0   0.05757    -0.001653  -0.005683           -0.1439     -0.1799            0.709      0.9945          0.3122          0.0146             1          1       4.182e-06
    0.025           187.9    1.25       5          0   0.05963      0.02424      0.012           -0.1262     -0.1577           0.7374      0.9867          0.2865         0.02439             1     0.9987       1.872e-05
     0.05           187.6    1.25       5          0   0.06153      0.04984    0.02935           -0.1087     -0.1359            0.769      0.9707          0.2624         0.04039             1     0.9765       8.291e-05
    0.075           187.2    1.25       5          0   0.06342      0.07518    0.04646          -0.09153     -0.1144           0.7986       0.944          0.2379         0.06656             1     0.8282       0.0003487
      0.1           186.9    1.25       5          0   0.06535       0.1005    0.06364          -0.07426    -0.09283           0.8302      0.9075          0.2146          0.1096        0.9998     0.4653         0.00153
     0.15           186.2    1.25       5          0   0.06922       0.1513    0.09806          -0.03967    -0.04959           0.8982      0.7747          0.1711          0.2927        0.9125    0.01317         0.02674
      0.2           185.5    1.25       5          0   0.07302       0.2018     0.1324         -0.005156   -0.006445           0.9705      0.5843          0.1345          0.7686        0.3015          0          0.5279
      0.3           184.1    1.25       5          0   0.08076        0.305     0.2019           0.06465     0.08081            1.139      0.1867         0.08531           5.428     0.0001667          0           137.8
      0.4           182.8    1.25       5          0    0.0886       0.4074     0.2711            0.1342      0.1678            1.324     0.02533         0.05919           36.88             0          0       3.946e+04

=== 5m P2|B|10
 edge_pct  trades_per_30d  mean_N  mean_L  liq_share  tp_share  drift_H_pct  gross_pct  net_notional_pct  eq_ret_pct  30d_median_mult  30d_p_loss  30d_mdd_median  1y_median_mult  1y_p_below50  1y_p_ruin  IS_median_mult
        0           193.2     2.5      10  1.458e-06    0.1911    -0.001591  -0.003109           -0.1346     -0.3364            0.513      0.9968          0.5109       0.0002597             1          1       4.044e-11
    0.025           192.9     2.5      10   1.46e-06    0.1968      0.02452    0.01221            -0.119     -0.2974            0.551      0.9928          0.4769       0.0006628             1          1        6.44e-10
     0.05           192.7     2.5      10  1.462e-06    0.2026      0.05035     0.0274           -0.1035     -0.2588           0.5951      0.9852          0.4418        0.001673             1          1       1.013e-08
    0.075           192.5     2.5      10  1.463e-06     0.208      0.07587     0.0422          -0.08843     -0.2211           0.6379       0.971           0.407        0.004103             1          1       1.276e-07
      0.1           192.2     2.5      10  1.465e-06    0.2136       0.1014    0.05703          -0.07333     -0.1833           0.6826      0.9432          0.3716        0.009967             1     0.9987        1.63e-06
     0.15           191.8     2.5      10  1.469e-06    0.2246       0.1525     0.0867          -0.04312     -0.1078           0.7884      0.8367          0.3036         0.05935        0.9985      0.785       0.0002802
      0.2           191.3     2.5      10  1.473e-06    0.2357       0.2039     0.1165          -0.01279    -0.03197           0.9077       0.656          0.2394          0.3479         0.811     0.0945         0.05212
      0.3           190.4     2.5      10          0    0.2583       0.3077     0.1769           0.04878      0.1219            1.217      0.2105           0.151           12.39      0.006167          0            1497
      0.4           189.5     2.5      10          0    0.2803       0.4112     0.2366            0.1095      0.2737            1.617      0.0235          0.1056           407.6             0          0       4.205e+07

=== 5m P2|C|10
 edge_pct  trades_per_30d  mean_N  mean_L  liq_share  tp_share  drift_H_pct  gross_pct  net_notional_pct  eq_ret_pct  30d_median_mult  30d_p_loss  30d_mdd_median  1y_median_mult  1y_p_below50  1y_p_ruin  IS_median_mult
        0           175.8     2.5      10          0     0.216    -0.001804   0.003468           -0.1272      -0.318           0.5562      0.9807          0.4857       0.0006435             1          1       3.906e-10
    0.025             176     2.5      10          0    0.2224      0.02403    0.02529           -0.1051     -0.2626           0.6092      0.9587          0.4437        0.002133             1          1       1.436e-08
     0.05           176.1     2.5      10          0    0.2288      0.04978    0.04724          -0.08279      -0.207           0.6716       0.921          0.4012        0.007043             1     0.9978       5.067e-07
    0.075           176.3     2.5      10          0     0.235      0.07493    0.06862          -0.06109     -0.1527           0.7362      0.8615          0.3582         0.02247             1     0.9478       1.557e-05
      0.1           176.4     2.5      10          0    0.2413       0.1004    0.09007          -0.03932     -0.0983           0.8071      0.7787           0.319         0.07349        0.9893     0.6842       0.0005026
     0.15           176.7     2.5      10          0    0.2538       0.1516     0.1333           0.00459     0.01147           0.9797      0.5308          0.2468          0.7944         0.557    0.03167           0.546
      0.2             177     2.5      10          0    0.2663       0.2027     0.1768           0.04869      0.1217            1.182      0.2828          0.1932            8.58       0.04367          0             563
      0.3           177.7     2.5      10          0    0.2918       0.3063     0.2643            0.1375      0.3436            1.758     0.02183          0.1297            1084             0          0       8.426e+08
      0.4           178.3     2.5      10          0    0.3167       0.4092     0.3509            0.2253      0.5633            2.625   0.0003333         0.09159       1.404e+05             0          0       1.125e+15

=== 5m P3|A|10
 edge_pct  trades_per_30d  mean_N  mean_L  liq_share  tp_share  drift_H_pct  gross_pct  net_notional_pct  eq_ret_pct  30d_median_mult  30d_p_loss  30d_mdd_median  1y_median_mult  1y_p_below50  1y_p_ruin  IS_median_mult
        0           186.5       4      20   0.005894    0.4644    -0.001347   0.005936           -0.1146     -0.4582           0.4001      0.9902          0.6355       1.039e-05             1          1        2.15e-15
    0.025           186.9       4      20   0.005708    0.4747      0.02461    0.02211          -0.09779     -0.3911           0.4503      0.9802          0.5951       4.816e-05             1          1       2.248e-13
     0.05           187.2       4      20    0.00549     0.485      0.05051    0.03814          -0.08114     -0.3245            0.511      0.9613          0.5508       0.0002273             1          1       1.862e-11
    0.075           187.6       4      20   0.005288     0.495      0.07598    0.05387          -0.06481     -0.2592           0.5746       0.923          0.5064        0.001018             1     0.9998       2.013e-09
      0.1           187.9       4      20   0.005096     0.505       0.1014    0.06952          -0.04857     -0.1943           0.6513       0.865          0.4604        0.004573        0.9997      0.993       1.453e-07
     0.15           188.6       4      20   0.004649    0.5253       0.1531     0.1014          -0.01544    -0.06175           0.8389      0.6822           0.371          0.1007        0.9597     0.5958        0.001417
      0.2           189.2       4      20   0.004265    0.5456       0.2043     0.1331           0.01745     0.06982            1.071      0.4228          0.2914           2.185        0.4217      0.028           8.839
      0.3           190.6       4      20   0.003443    0.5863        0.308     0.1968           0.08354      0.3341            1.782      0.0665          0.2028            1126      0.005167          0       8.425e+08
      0.4             192       4      20   0.002556    0.6265       0.4111     0.2602            0.1494      0.5976            3.019    0.001167          0.1404       6.452e+05        0.0005          0        1.09e+17

=== 5m P3|B|10
 edge_pct  trades_per_30d  mean_N  mean_L  liq_share  tp_share  drift_H_pct  gross_pct  net_notional_pct  eq_ret_pct  30d_median_mult  30d_p_loss  30d_mdd_median  1y_median_mult  1y_p_below50  1y_p_ruin  IS_median_mult
        0           203.8       4      20  8.986e-05    0.4078    -0.001536  0.0001752           -0.1202      -0.481           0.3609      0.9998          0.6579       3.768e-06             1          1       1.829e-16
    0.025           203.7       4      20  8.712e-05    0.4168      0.02456    0.01084           -0.1091     -0.4365           0.3949      0.9983           0.626       1.149e-05             1          1       4.963e-15
     0.05           203.6       4      20  8.715e-05    0.4256      0.05049    0.02131          -0.09823     -0.3929           0.4317       0.998          0.5946       3.417e-05             1          1        1.08e-13
    0.075           203.6       4      20  8.578e-05    0.4343      0.07618    0.03158          -0.08752     -0.3501            0.473      0.9943          0.5604       0.0001002             1          1       2.437e-12
      0.1           203.5       4      20   8.72e-05     0.443       0.1017    0.04188          -0.07679     -0.3072           0.5131      0.9857          0.5257       0.0002934             1          1       5.476e-11
     0.15           203.4       4      20  8.447e-05    0.4604       0.1531     0.0627           -0.0551     -0.2204           0.6107       0.951          0.4507        0.002559             1     0.9998       2.643e-08
      0.2           203.3       4      20  8.175e-05    0.4779       0.2044    0.08334          -0.03359     -0.1343           0.7291      0.8548          0.3734         0.02233        0.9993      0.947       1.422e-05
      0.3           203.1       4      20  7.907e-05    0.5134       0.3083     0.1253           0.01017     0.04066            1.042      0.4412          0.2363           1.681        0.3225   0.006167            6.26
      0.4           202.9       4      20  8.053e-05    0.5482       0.4119     0.1667           0.05333      0.2133            1.481     0.08083          0.1592           122.2      0.001833          0       1.407e+06

=== 5m P3|C|10
 edge_pct  trades_per_30d  mean_N  mean_L  liq_share  tp_share  drift_H_pct  gross_pct  net_notional_pct  eq_ret_pct  30d_median_mult  30d_p_loss  30d_mdd_median  1y_median_mult  1y_p_below50  1y_p_ruin  IS_median_mult
        0           187.4       4      20          0     0.463    -0.001418   0.005016            -0.113      -0.452           0.4026      0.9918          0.6296       1.366e-05             1          1       6.569e-15
    0.025           187.8       4      20          0    0.4733      0.02456      0.021          -0.09648     -0.3859           0.4548      0.9833           0.588       6.211e-05             1          1       5.317e-13
     0.05           188.1       4      20          0    0.4835      0.05047    0.03671          -0.08026      -0.321           0.5116      0.9652          0.5433       0.0002781             1          1       4.034e-11
    0.075           188.4       4      20          0    0.4935      0.07603    0.05222          -0.06424      -0.257           0.5791      0.9318          0.4963        0.001214             1     0.9997       3.423e-09
      0.1           188.7       4      20          0    0.5034       0.1016    0.06769          -0.04827     -0.1931           0.6539      0.8777          0.4481        0.005339             1     0.9932       2.145e-07
     0.15           189.3       4      20          0    0.5236       0.1534    0.09894          -0.01599    -0.06396            0.838      0.6885          0.3536          0.1069        0.9597     0.5753        0.001618
      0.2           189.9       4      20          0    0.5438       0.2047     0.1303           0.01634     0.06537             1.07      0.4243          0.2771           2.198        0.3692     0.0165           10.48
      0.3           191.2       4      20          0    0.5843       0.3084     0.1928           0.08091      0.3236            1.762       0.051          0.1789           997.9      0.001167          0       6.126e+08
      0.4           192.4       4      20          0    0.6243       0.4116      0.255            0.1452      0.5809            2.927   0.0008333          0.1258       4.683e+05             0          0       3.375e+16

=== 5m P3|B|30
 edge_pct  trades_per_30d  mean_N  mean_L  liq_share  tp_share  drift_H_pct  gross_pct  net_notional_pct  eq_ret_pct  30d_median_mult  30d_p_loss  30d_mdd_median  1y_median_mult  1y_p_below50  1y_p_ruin  IS_median_mult
        0           189.7       4      20  0.0001945    0.1002    -0.001753  -0.004904           -0.1411     -0.5643           0.3197      0.9962          0.7054       8.294e-07             1          1       1.339e-18
    0.025           189.4       4      20  0.0001949    0.1035      0.02415    0.01198            -0.124     -0.4961           0.3627       0.992          0.6704        4.07e-06             1          1       1.828e-16
     0.05           189.1       4      20  0.0001952    0.1068      0.04982    0.02876           -0.1071     -0.4284           0.4133      0.9843          0.6305       1.926e-05             1          1       1.613e-14
    0.075           188.8       4      20   0.000188      0.11      0.07535    0.04527          -0.09043     -0.3617           0.4666      0.9657          0.5885       9.331e-05             1          1       1.717e-12
      0.1           188.4       4      20  0.0001854    0.1131       0.1008    0.06169          -0.07387     -0.2955           0.5283      0.9385          0.5464       0.0004333             1          1       1.459e-10
     0.15           187.8       4      20   0.000183    0.1196       0.1517    0.09479          -0.04045     -0.1618           0.6734      0.8267          0.4593        0.009138        0.9988     0.9675       1.156e-06
      0.2           187.2       4      20  0.0001821    0.1261       0.2027      0.128         -0.006978    -0.02791             0.86      0.6328          0.3764          0.1956        0.8885      0.441         0.01014
      0.3             186       4      20  0.0001803    0.1391       0.3062     0.1949           0.06059      0.2424            1.416      0.2148          0.2479           90.21        0.0575          0       6.573e+05
      0.4           184.8       4      20  0.0001692    0.1521       0.4092     0.2613            0.1276      0.5104            2.279       0.028          0.1754       3.605e+04     0.0006667          0       1.918e+13

=== 5m P3|B|100
 edge_pct  trades_per_30d  mean_N  mean_L  liq_share  tp_share  drift_H_pct  gross_pct  net_notional_pct  eq_ret_pct  30d_median_mult  30d_p_loss  30d_mdd_median  1y_median_mult  1y_p_below50  1y_p_ruin  IS_median_mult
        0           186.8       4      20   0.000374  0.006002    -0.001455  -0.007391           -0.1484     -0.5937           0.3017      0.9945          0.7252       3.902e-07             1          1       2.243e-19
    0.025           186.4       4      20  0.0003688  0.006184      0.02425    0.01068           -0.1304     -0.5214           0.3432      0.9878          0.6919       2.066e-06             1          1       2.742e-17
     0.05             186       4      20  0.0003711  0.006388      0.04968    0.02862           -0.1124     -0.4496           0.3915      0.9772           0.654       1.099e-05             1          1       2.844e-15
    0.075           185.6       4      20  0.0003612  0.006594      0.07498    0.04643           -0.0946     -0.3784           0.4473      0.9572          0.6166       5.529e-05             1          1       3.303e-13
      0.1           185.2       4      20  0.0003544    0.0068       0.1003    0.06422          -0.07681     -0.3073           0.5054       0.924          0.5757       0.0002748             1     0.9998       3.996e-11
     0.15           184.5       4      20  0.0003436  0.007211       0.1508    0.09989          -0.04113     -0.1645            0.653      0.8203          0.4876        0.006954        0.9988     0.9662       4.853e-07
      0.2           183.7       4      20  0.0003328   0.00759        0.201     0.1353         -0.005726     -0.0229            0.834      0.6482          0.4054          0.1619        0.9093     0.5227        0.006479
      0.3           182.1       4      20  0.0003294  0.008362       0.3032     0.2069           0.06591      0.2636            1.395      0.2463          0.2732           88.42       0.09867  0.0006667       5.163e+05
      0.4           180.7       4      20  0.0003086  0.009231       0.4045     0.2783            0.1373      0.5493            2.304     0.04217           0.191       4.142e+04        0.0015          0       3.289e+13

=== 5m P4|A|10
 edge_pct  trades_per_30d  mean_N  mean_L  liq_share  tp_share  drift_H_pct  gross_pct  net_notional_pct  eq_ret_pct  30d_median_mult  30d_p_loss  30d_mdd_median  1y_median_mult  1y_p_below50  1y_p_ruin  IS_median_mult
        0           209.4      20      50    0.05105    0.7523    -0.001223   0.006972            -0.118       -2.36         0.001606           1          0.9986       2.027e-35             1          1      8.049e-103
    0.025           209.8      20      50    0.04926    0.7605      0.02477    0.01434           -0.1095      -2.189           0.0024           1           0.998       2.881e-33             1          1       3.518e-96
     0.05           210.2      20      50     0.0475    0.7687      0.05059     0.0216            -0.101      -2.021         0.003616           1           0.997       3.887e-31             1          1       5.542e-90
    0.075           210.6      20      50    0.04582    0.7768      0.07597    0.02867          -0.09282      -1.856          0.00528      0.9998          0.9958       4.455e-29             1          1       4.049e-84
      0.1           210.9      20      50    0.04416    0.7848       0.1013    0.03572          -0.08465      -1.693         0.007644       0.999           0.994       5.134e-27             1          1        1.02e-77
     0.15           211.6      20      50    0.04072    0.8009       0.1523     0.0499          -0.06817      -1.363          0.01717      0.9957          0.9873       7.309e-23             1          1       6.781e-66
      0.2           212.4      20      50    0.03726    0.8171       0.2035    0.06434          -0.05142      -1.028          0.03919      0.9822          0.9733       1.325e-18             1          1       2.957e-53
      0.3           213.9      20      50    0.03047    0.8493       0.3059    0.09282          -0.01838     -0.3676           0.1883      0.8713           0.902       4.515e-10             1          1       2.425e-28
      0.4           215.4      20      50    0.02371    0.8813       0.4077     0.1211           0.01439      0.2879           0.9863       0.506          0.7361          0.1633        0.9013     0.7218        0.002976

=== 5m P4|B|10
 edge_pct  trades_per_30d  mean_N  mean_L  liq_share  tp_share  drift_H_pct  gross_pct  net_notional_pct  eq_ret_pct  30d_median_mult  30d_p_loss  30d_mdd_median  1y_median_mult  1y_p_below50  1y_p_ruin  IS_median_mult
        0           221.6      20      50   0.002634    0.6776    -0.001115   0.003995           -0.1037      -2.073         0.005471           1          0.9949       1.846e-28             1          1        6.68e-82
    0.025           221.7      20      50    0.00259    0.6849      0.02475   0.008658          -0.09863      -1.973         0.007006           1          0.9936        3.24e-27             1          1       2.485e-78
     0.05           221.8      20      50   0.002543    0.6919      0.05048    0.01314          -0.09377      -1.875         0.008749           1           0.992       5.124e-26             1          1       9.136e-75
    0.075           221.8      20      50   0.002503    0.6989      0.07579    0.01754            -0.089       -1.78          0.01093           1          0.9902       7.472e-25             1          1       3.308e-71
      0.1           221.9      20      50   0.002468    0.7059        0.101    0.02199          -0.08419      -1.684          0.01382           1          0.9877       1.176e-23             1          1       7.108e-68
     0.15           222.1      20      50   0.002381    0.7197       0.1517    0.03079          -0.07466      -1.493          0.02152           1          0.9812       2.774e-21             1          1       5.171e-61
      0.2           222.2      20      50   0.002301    0.7336       0.2027    0.03971          -0.06501        -1.3          0.03401           1          0.9708       6.898e-19             1          1       6.712e-54
      0.3           222.5      20      50   0.002099    0.7616       0.3052    0.05764          -0.04558     -0.9117          0.08613      0.9957          0.9303       4.524e-14             1          1       9.501e-40
      0.4           222.9      20      50   0.001924    0.7893        0.407    0.07541          -0.02635      -0.527           0.2087      0.9555          0.8491       2.858e-09             1          1       5.816e-26

=== 5m P4|C|10
 edge_pct  trades_per_30d  mean_N  mean_L  liq_share  tp_share  drift_H_pct  gross_pct  net_notional_pct  eq_ret_pct  30d_median_mult  30d_p_loss  30d_mdd_median  1y_median_mult  1y_p_below50  1y_p_ruin  IS_median_mult
        0           214.2      20      50          0    0.7213    -0.001011   0.005616          -0.09888      -1.978         0.007426           1          0.9933       7.213e-27             1          1       2.646e-77
    0.025           214.4      20      50          0    0.7292      0.02501    0.01169          -0.09241      -1.848         0.009948           1          0.9912        2.37e-25             1          1       1.282e-72
     0.05           214.7      20      50          0     0.737      0.05091    0.01758          -0.08612      -1.722          0.01326           1          0.9884       7.798e-24             1          1       4.691e-68
    0.075           214.9      20      50          0    0.7448      0.07641    0.02338          -0.07992      -1.598          0.01742      0.9998          0.9848       2.442e-22             1          1       1.189e-63
      0.1           215.2      20      50          0    0.7525       0.1018    0.02925          -0.07366      -1.473          0.02337      0.9998          0.9803       7.671e-21             1          1         2.5e-59
     0.15           215.7      20      50          0     0.768       0.1528    0.04084          -0.06129      -1.226          0.04028      0.9992          0.9668       7.822e-18             1          1       9.842e-51
      0.2           216.2      20      50          0    0.7836       0.2041    0.05268          -0.04866     -0.9732          0.07141      0.9952           0.943       8.787e-15             1          1       9.818e-42
      0.3           217.1      20      50          0    0.8147        0.307    0.07627           -0.0235       -0.47           0.2368      0.9268          0.8442       1.173e-08             1          1        1.32e-23
      0.4           218.1      20      50          0    0.8453        0.409    0.09936          0.001136     0.02272            0.747      0.6187          0.6672          0.0122        0.9715     0.8603       2.092e-06

=== 5m P4|B|100
 edge_pct  trades_per_30d  mean_N  mean_L  liq_share  tp_share  drift_H_pct  gross_pct  net_notional_pct  eq_ret_pct  30d_median_mult  30d_p_loss  30d_mdd_median  1y_median_mult  1y_p_below50  1y_p_ruin  IS_median_mult
        0           188.4      20      50    0.01106   0.05661    -0.001746  -0.006018           -0.1491      -2.981        0.0005119           1          0.9996        6.42e-42             1          1      1.711e-121
    0.025             188      20      50    0.01086   0.05866      0.02417    0.01146           -0.1314      -2.628        0.0009664      0.9998          0.9993       2.471e-38             1          1       5.19e-111
     0.05           187.7      20      50    0.01068   0.06054      0.04983    0.02863           -0.1141      -2.282          0.00184      0.9993          0.9987        8.25e-35             1          1      2.236e-100
    0.075           187.3      20      50    0.01047    0.0624      0.07519     0.0456          -0.09694      -1.939         0.003419      0.9973          0.9978       2.211e-31             1          1       1.448e-90
      0.1             187      20      50    0.01028   0.06432       0.1006    0.06261          -0.07977      -1.595         0.006455       0.992           0.996       6.273e-28             1          1       2.143e-80
     0.15           186.3      20      50    0.00991   0.06814       0.1514    0.09667          -0.04537     -0.9075          0.02236       0.965          0.9883       3.969e-21             1          1       1.963e-60
      0.2           185.6      20      50   0.009523   0.07191       0.2021     0.1307            -0.011     -0.2201          0.07625      0.8937          0.9695       2.388e-14             1          1       2.517e-40
      0.3           184.2      20      50   0.008671   0.07959       0.3053     0.1995           0.05848        1.17           0.9412       0.511          0.8681          0.7491         0.918      0.752           1.291
      0.4           182.9      20      50   0.007829   0.08733       0.4078     0.2679            0.1276       2.552               11       0.128          0.7246       1.856e+13        0.4162     0.0715       6.614e+38

=== 5m P5|A|10
 edge_pct  trades_per_30d  mean_N  mean_L  liq_share  tp_share  drift_H_pct  gross_pct  net_notional_pct  eq_ret_pct  30d_median_mult  30d_p_loss  30d_mdd_median  1y_median_mult  1y_p_below50  1y_p_ruin  IS_median_mult
        0           208.5   16.63   48.01    0.04616    0.7497    -0.001262   0.008698           -0.1143      -1.905         0.007254           1          0.9937       5.827e-27             1          1       1.389e-77
    0.025           208.9   16.63   48.02    0.04447    0.7581       0.0246    0.01659           -0.1053      -1.756          0.01027      0.9998          0.9913       3.681e-25             1          1        2.56e-72
     0.05           209.3   16.64   48.02    0.04276    0.7665      0.05034    0.02442           -0.0963      -1.608          0.01465      0.9997          0.9877        2.24e-23             1          1       2.351e-67
    0.075           209.7   16.64   48.02    0.04114    0.7748      0.07569    0.03207          -0.08753      -1.463          0.02002      0.9997          0.9834       1.283e-21             1          1       4.205e-62
      0.1             210   16.64   48.02    0.03952     0.783        0.101    0.03963          -0.07886      -1.321           0.0277       0.998          0.9774       7.105e-20             1          1       3.655e-57
     0.15           210.8   16.64   48.02    0.03622    0.7995        0.152    0.05494          -0.06128      -1.033          0.05496        0.99          0.9569       2.352e-16             1          1       1.733e-46
      0.2           211.6   16.64   48.02    0.03288     0.816        0.203    0.07044          -0.04351      -0.739           0.1091      0.9673          0.9225        9.79e-13             1          1       1.111e-35
      0.3           213.2   16.65   48.03    0.02637    0.8491       0.3051     0.1012         -0.008296     -0.1615           0.4313      0.7733          0.7763       1.582e-05        0.9993      0.996        5.58e-15
      0.4           214.7   16.65   48.03    0.01985    0.8819       0.4066     0.1316           0.02658      0.4108            1.709       0.302          0.5663           265.5        0.4822      0.116       1.016e+07

=== 5m P5|B|10
 edge_pct  trades_per_30d  mean_N  mean_L  liq_share  tp_share  drift_H_pct  gross_pct  net_notional_pct  eq_ret_pct  30d_median_mult  30d_p_loss  30d_mdd_median  1y_median_mult  1y_p_below50  1y_p_ruin  IS_median_mult
        0           221.2   16.69   48.06  8.279e-05    0.6716    -0.001101   0.004944           -0.1019      -1.734           0.0146           1          0.9865       5.781e-23             1          1       1.429e-65
    0.025           221.3   16.69   48.06  8.021e-05    0.6791       0.0247   0.009932          -0.09657      -1.647          0.01802           1          0.9833       6.543e-22             1          1       1.467e-62
     0.05           221.3   16.69   48.06  8.018e-05    0.6863      0.05039    0.01471          -0.09144      -1.562          0.02184           1          0.9799       6.969e-21             1          1       1.454e-59
    0.075           221.4   16.69   48.06  7.887e-05    0.6934      0.07568    0.01941          -0.08638      -1.478          0.02651           1          0.9758       7.056e-20             1          1        1.64e-56
      0.1           221.5   16.69   48.06  8.012e-05    0.7005       0.1009    0.02412          -0.08131      -1.395          0.03196           1          0.9708       7.277e-19             1          1       7.121e-54
     0.15           221.7   16.69   48.06  7.752e-05    0.7146       0.1516    0.03353          -0.07119       -1.23          0.04663           1          0.9575        7.45e-17             1          1       4.143e-48
      0.2           221.8   16.69   48.06  7.493e-05    0.7288       0.2024    0.04303          -0.06097      -1.062          0.06993      0.9998          0.9382       8.121e-15             1          1       6.031e-42
      0.3           222.1   16.69   48.06  7.355e-05    0.7575       0.3047    0.06218          -0.04039      -0.726           0.1537       0.994          0.8723       9.879e-11             1          1       7.211e-30
      0.4           222.5   16.68   48.06  7.469e-05    0.7858       0.4065     0.0811          -0.02005     -0.3937           0.3315      0.9367          0.7509       1.114e-06             1          1       3.732e-18

=== 5m P5|C|10
 edge_pct  trades_per_30d  mean_N  mean_L  liq_share  tp_share  drift_H_pct  gross_pct  net_notional_pct  eq_ret_pct  30d_median_mult  30d_p_loss  30d_mdd_median  1y_median_mult  1y_p_below50  1y_p_ruin  IS_median_mult
        0           213.4   16.61   48.01          0    0.7232    -0.001071   0.006917           -0.0975       -1.64          0.01869           1          0.9833       6.976e-22             1          1       1.347e-62
    0.025           213.7   16.62   48.01          0    0.7314      0.02491    0.01354          -0.09046      -1.521          0.02403           1          0.9785       1.694e-20             1          1       1.811e-58
     0.05           213.9   16.62   48.01          0    0.7394      0.05074    0.01994          -0.08365      -1.405           0.0316           1           0.972       4.163e-19             1          1       1.773e-54
    0.075           214.2   16.62   48.01          0    0.7474      0.07619     0.0262          -0.07699      -1.291          0.04042      0.9998          0.9645       9.421e-18             1          1       1.636e-50
      0.1           214.5   16.62   48.01          0    0.7553       0.1015    0.03249           -0.0703      -1.176          0.05274       0.999          0.9544        2.15e-16             1          1       1.578e-46
     0.15             215   16.63   48.01          0    0.7712       0.1525    0.04508          -0.05691     -0.9489          0.08703      0.9967          0.9268       1.083e-13             1          1       7.443e-39
      0.2           215.4   16.63   48.02          0    0.7871       0.2037    0.05786          -0.04332     -0.7168           0.1494      0.9867          0.8826       6.511e-11             1          1       1.848e-30
      0.3           216.5   16.63   48.02          0     0.819       0.3063     0.0834          -0.01616     -0.2561           0.4252      0.8505          0.7218       2.371e-05        0.9998     0.9992       2.996e-14
      0.4           217.5   16.64   48.03          0    0.8504       0.4082     0.1084           0.01043       0.196             1.22      0.3958          0.5018            7.34        0.5967     0.1698           296.4

=== 5m P5|B|100
 edge_pct  trades_per_30d  mean_N  mean_L  liq_share  tp_share  drift_H_pct  gross_pct  net_notional_pct  eq_ret_pct  30d_median_mult  30d_p_loss  30d_mdd_median  1y_median_mult  1y_p_below50  1y_p_ruin  IS_median_mult
        0           187.7   16.74   48.09  0.0003767   0.04258    -0.001518  -0.006429           -0.1456      -2.434         0.003798      0.9995          0.9969       2.766e-30             1          1       4.094e-87
    0.025           187.3   16.74   48.09  0.0003714   0.04422      0.02426    0.01156           -0.1275      -2.167         0.006261      0.9992          0.9951       1.301e-27             1          1       1.598e-79
     0.05             187   16.74   48.09  0.0003736   0.04574      0.04975    0.02929           -0.1098      -1.902          0.01044      0.9983          0.9922       5.897e-25             1          1       9.158e-72
    0.075           186.6   16.74   48.09  0.0003638   0.04728      0.07509    0.04695          -0.09202      -1.641          0.01706      0.9958          0.9877       2.237e-22             1          1       6.278e-64
      0.1           186.2   16.74   48.09  0.0003569   0.04884       0.1004    0.06451          -0.07439      -1.381          0.02708      0.9895          0.9814       9.199e-20             1          1       2.113e-56
     0.15           185.6   16.74   48.08  0.0003461   0.05198        0.151     0.0998          -0.03896     -0.8593          0.07082      0.9535          0.9582       1.251e-14             1          1       8.127e-42
      0.2           184.8   16.73   48.08  0.0003353   0.05504       0.2013      0.135         -0.003652     -0.3361           0.1814       0.861          0.9117       1.612e-09             1     0.9998       1.684e-26
      0.3           183.4   16.73   48.08  0.0003317   0.06125        0.304     0.2061           0.06777      0.7139            1.242      0.4428          0.7501           22.74        0.8042     0.4958       1.729e+04
      0.4           182.1   16.73   48.08  0.0003094   0.06744       0.4059     0.2769            0.1389       1.756            8.165      0.0965          0.5797       1.916e+11        0.2487    0.01483       1.371e+33

=== 5m P5c|A|10
 edge_pct  trades_per_30d  mean_N  mean_L  liq_share  tp_share  drift_H_pct  gross_pct  net_notional_pct  eq_ret_pct  30d_median_mult  30d_p_loss  30d_mdd_median  1y_median_mult  1y_p_below50  1y_p_ruin  IS_median_mult
        0           208.5   9.603   48.01    0.04616    0.7497    -0.001262   0.008698           -0.1143        -1.1           0.0748           1          0.9319       1.445e-14             1          1       3.168e-41
    0.025           208.9      10   48.02    0.04447    0.7581       0.0246    0.01659           -0.1053     -0.9753          0.09771      0.9997          0.9125       3.625e-13             1          1       3.775e-37
     0.05           209.3    10.4   48.02    0.04276    0.7665      0.05034    0.02442           -0.0963     -0.8517           0.1288      0.9968          0.8865       8.505e-12             1          1       3.198e-33
    0.075           209.7    10.8   48.02    0.04114    0.7748      0.07569    0.03207          -0.08753     -0.7298           0.1659       0.991          0.8589        2.08e-10             1          1       4.752e-29
      0.1             210   11.19   48.02    0.03952     0.783        0.101    0.03963          -0.07886     -0.6095           0.2146      0.9782          0.8238       4.755e-09             1          1       3.422e-25
     0.15           210.8   11.98   48.02    0.03622    0.7995        0.152    0.05494          -0.06128      -0.366           0.3607      0.9068          0.7344       2.538e-06             1          1       4.975e-17
      0.2           211.6   12.78   48.02    0.03288     0.816        0.203    0.07044          -0.04351     -0.1191            0.617      0.7402          0.6233        0.001629         0.997     0.9677       5.852e-09
      0.3           213.2   14.36   48.03    0.02637    0.8491       0.3051     0.1012         -0.008296      0.3692            1.768      0.2335          0.4466           682.9        0.2642    0.01967       2.233e+08
      0.4           214.7   15.94   48.03    0.01985    0.8819       0.4066     0.1316           0.02658      0.8547             5.21     0.01833          0.3634       3.223e+08        0.0375          0       6.211e+24

=== 5m P5c|B|10
 edge_pct  trades_per_30d  mean_N  mean_L  liq_share  tp_share  drift_H_pct  gross_pct  net_notional_pct  eq_ret_pct  30d_median_mult  30d_p_loss  30d_mdd_median  1y_median_mult  1y_p_below50  1y_p_ruin  IS_median_mult
        0           221.2   9.612   48.06  8.279e-05    0.6716    -0.001101   0.004944           -0.1019     -0.9849          0.09858           1          0.9061       6.065e-13             1          1       1.797e-36
    0.025           221.3   10.01   48.06  8.021e-05    0.6791       0.0247   0.009932          -0.09657     -0.9253           0.1122           1          0.8943       2.798e-12             1          1       2.291e-34
     0.05           221.3   10.41   48.06  8.018e-05    0.6863      0.05039    0.01471          -0.09144     -0.8689           0.1268           1          0.8813       1.164e-11             1          1       1.441e-32
    0.075           221.4   10.81   48.06  7.887e-05    0.6934      0.07568    0.01941          -0.08638     -0.8136           0.1422      0.9998          0.8681       4.767e-11             1          1       1.454e-30
      0.1           221.5    11.2   48.06  8.012e-05    0.7005       0.1009    0.02412          -0.08131     -0.7574           0.1597      0.9998           0.854       2.015e-10             1          1       5.872e-29
     0.15           221.7   11.99   48.06  7.752e-05    0.7146       0.1516    0.03353          -0.07119     -0.6471           0.2024      0.9958          0.8208       3.388e-09             1          1       2.023e-25
      0.2           221.8   12.79   48.06  7.493e-05    0.7288       0.2024    0.04303          -0.06097     -0.5346           0.2574       0.987          0.7799       6.375e-08             1          1       8.394e-22
      0.3           222.1   14.37   48.06  7.355e-05    0.7575       0.3047    0.06218          -0.04039     -0.3091           0.4157      0.9072          0.6837       2.086e-05             1          1       1.975e-14
      0.4           222.5   15.95   48.06  7.469e-05    0.7858       0.4065     0.0811          -0.02005    -0.08758           0.6683      0.7198          0.5903        0.006012         0.992     0.9355       2.153e-07

=== 5m P5c|C|10
 edge_pct  trades_per_30d  mean_N  mean_L  liq_share  tp_share  drift_H_pct  gross_pct  net_notional_pct  eq_ret_pct  30d_median_mult  30d_p_loss  30d_mdd_median  1y_median_mult  1y_p_below50  1y_p_ruin  IS_median_mult
        0           213.4   9.601   48.01          0    0.7232    -0.001071   0.006917           -0.0975     -0.9391           0.1151           1          0.8918       3.389e-12             1          1       3.576e-34
    0.025           213.7      10   48.01          0    0.7314      0.02491    0.01354          -0.09046     -0.8443           0.1405      0.9997          0.8697        3.82e-11             1          1        3.98e-31
     0.05           213.9    10.4   48.01          0    0.7394      0.05074    0.01994          -0.08365     -0.7532           0.1708      0.9993          0.8449        3.81e-10             1          1       3.131e-28
    0.075           214.2   10.79   48.01          0    0.7474      0.07619     0.0262          -0.07699     -0.6639           0.2056       0.997          0.8163       3.734e-09             1          1       2.554e-25
      0.1           214.5   11.19   48.01          0    0.7553       0.1015    0.03249           -0.0703     -0.5735           0.2489      0.9923          0.7815       3.844e-08             1          1       1.758e-22
     0.15             215   11.98   48.01          0    0.7712       0.1525    0.04508          -0.05691     -0.3939           0.3664      0.9537          0.7048       3.924e-06             1          1       1.009e-16
      0.2           215.4   12.77   48.02          0    0.7871       0.2037    0.05786          -0.04332     -0.2114           0.5416      0.8518          0.6091       0.0004395        0.9998     0.9963       1.732e-10
      0.3           216.5   14.36   48.02          0     0.819       0.3063     0.0834          -0.01616      0.1522            1.174      0.3973          0.4435           5.478        0.5463     0.1182           165.9
      0.4           217.5   15.94   48.03          0    0.8504       0.4082     0.1084           0.01043      0.5083            2.553     0.08233          0.3591       6.077e+04         0.077  0.0001667       7.413e+13

=== 5m P6|B|none
 edge_pct  trades_per_30d  mean_N  mean_L  liq_share  tp_share  drift_H_pct  gross_pct  net_notional_pct  eq_ret_pct  30d_median_mult  30d_p_loss  30d_mdd_median  1y_median_mult  1y_p_below50  1y_p_ruin  IS_median_mult
        0           186.6    1.73   9.998          0         0    -0.001162   -0.01004           -0.1512     -0.2567           0.6127      0.9978           0.405        0.002546             1          1         2.5e-08
    0.025           186.2    1.73   9.998          0         0      0.02452   0.008207            -0.133     -0.2303           0.6443      0.9947          0.3775        0.004706             1          1       1.396e-07
     0.05           185.8    1.73   9.998          0         0      0.04991    0.02621            -0.115      -0.204           0.6764      0.9902          0.3488        0.008626             1          1       8.358e-07
    0.075           185.4    1.73   9.998          0         0      0.07512    0.04396          -0.09725     -0.1782           0.7093      0.9788          0.3216         0.01547             1     0.9993       4.744e-06
      0.1             185    1.73   9.998          0         0       0.1004    0.06179          -0.07943     -0.1525            0.744      0.9558           0.294         0.02797             1     0.9898       2.744e-05
     0.15           184.3    1.73   9.998          0         0       0.1508    0.09745          -0.04379      -0.101           0.8198      0.8787          0.2408          0.0892        0.9992     0.6147       0.0007839
      0.2           183.5   1.731   9.998          0         0       0.2008     0.1328         -0.008498    -0.04937           0.8989      0.7378          0.1901          0.2858        0.8925    0.04417           0.025
      0.3           181.9   1.731   9.998          0         0       0.3028     0.2047           0.06341     0.05443             1.09      0.3122          0.1178           2.878        0.0115          0           21.93
      0.4           180.5   1.731   9.998          0         0        0.404     0.2761            0.1348      0.1574            1.311     0.06133           0.078           27.28             0          0       1.523e+04

=== 5m P6h|B|none
 edge_pct  trades_per_30d  mean_N  mean_L  liq_share  tp_share  drift_H_pct  gross_pct  net_notional_pct  eq_ret_pct  30d_median_mult  30d_p_loss  30d_mdd_median  1y_median_mult  1y_p_below50  1y_p_ruin  IS_median_mult
        0           186.6   0.872   9.998          0         0    -0.001162   -0.01004           -0.1512     -0.1294           0.7831      0.9977          0.2284         0.05092             1      0.992       0.0001631
    0.025           186.2   0.872   9.998          0         0      0.02452   0.008207            -0.133     -0.1161           0.8035      0.9937          0.2107         0.06948             1     0.9063       0.0003903
     0.05           185.8   0.872   9.998          0         0      0.04991    0.02621            -0.115     -0.1029            0.823      0.9895          0.1929         0.09425             1     0.6008       0.0009497
    0.075           185.4  0.8721   9.998          0         0      0.07512    0.04396          -0.09725    -0.08998           0.8433       0.977           0.176          0.1262             1     0.2162         0.00226
      0.1             185  0.8721   9.998          0         0       0.1004    0.06179          -0.07943     -0.0771           0.8634      0.9513          0.1593          0.1699             1    0.03467        0.005455
     0.15           184.3  0.8723   9.998          0         0       0.1508    0.09745          -0.04379    -0.05128           0.9064      0.8733          0.1282          0.3038        0.9645          0         0.02974
      0.2           183.5  0.8723   9.998          0         0       0.2008     0.1328         -0.008498    -0.02537           0.9492      0.7283         0.09988          0.5454        0.4578          0          0.1667
      0.3           181.9  0.8725   9.998          0         0       0.3028     0.2047           0.06341     0.02668            1.046      0.3048         0.06063            1.74             0          0           4.987
      0.4           180.5  0.8727   9.998          0         0        0.404     0.2761            0.1348     0.07833            1.147      0.0615         0.03987           5.372             0          0           133.3

=== 5m P6|B|10
 edge_pct  trades_per_30d  mean_N  mean_L  liq_share  tp_share  drift_H_pct  gross_pct  net_notional_pct  eq_ret_pct  30d_median_mult  30d_p_loss  30d_mdd_median  1y_median_mult  1y_p_below50  1y_p_ruin  IS_median_mult
        0           193.2   1.715   9.998          0    0.1911    -0.001594  -0.003012           -0.1345     -0.2362           0.6294      0.9992          0.3852        0.003491             1          1       7.118e-08
    0.025           192.9   1.715   9.998          0    0.1968      0.02452    0.01229           -0.1189     -0.2123             0.66      0.9985          0.3583        0.006203             1          1       3.653e-07
     0.05           192.7   1.715   9.998          0    0.2025      0.05035    0.02748           -0.1034     -0.1885           0.6903      0.9952          0.3298          0.0109             1          1       1.906e-06
    0.075           192.5   1.714   9.998          0     0.208      0.07588     0.0423          -0.08834     -0.1654           0.7213      0.9888           0.304          0.0188             1     0.9997       8.964e-06
      0.1           192.2   1.714   9.998          0    0.2135       0.1014    0.05713          -0.07324     -0.1423           0.7549      0.9748          0.2772         0.03267             1     0.9905       4.383e-05
     0.15           191.8   1.714   9.998          0    0.2245       0.1526    0.08682            -0.043    -0.09604           0.8236      0.9077          0.2237         0.09671        0.9997     0.5622        0.001055
      0.2           191.3   1.713   9.998          0    0.2357       0.2039     0.1166          -0.01267    -0.04948           0.9014      0.7545          0.1734          0.2855        0.9153    0.02383         0.02715
      0.3           190.4   1.712   9.998          0    0.2582       0.3077     0.1771           0.04892     0.04463            1.081      0.3002          0.1042           2.564      0.004167          0           15.15
      0.4           189.5   1.711   9.998          0    0.2803       0.4112     0.2367            0.1097      0.1372             1.29       0.042          0.0689           21.51             0          0            7625

=== 15m P0|A|10
 edge_pct  trades_per_30d  mean_N  mean_L  liq_share  tp_share  drift_H_pct  gross_pct  net_notional_pct  eq_ret_pct  30d_median_mult  30d_p_loss  30d_mdd_median  1y_median_mult  1y_p_below50  1y_p_ruin  IS_median_mult
        0           79.39       1       1  3.548e-06  0.004116    -0.002317   0.004757             -0.14       -0.14           0.8807      0.7872          0.1845          0.2223         0.956     0.0945         0.01424
    0.025           79.39       1       1  3.548e-06  0.004169       0.0222    0.02933           -0.1154     -0.1154           0.8983      0.7527           0.176          0.2836        0.9055    0.04217         0.02847
     0.05           79.39       1       1  3.548e-06   0.00424      0.04716    0.05435          -0.09043    -0.09043           0.9155      0.7167          0.1653          0.3617        0.8195    0.01867         0.05441
    0.075           79.39       1       1  3.548e-06  0.004357      0.07282    0.08018           -0.0646     -0.0646           0.9342      0.6727          0.1563          0.4613        0.6862   0.009167          0.1098
      0.1           79.39       1       1  3.548e-06   0.00447      0.09771     0.1053          -0.03949    -0.03949           0.9539      0.6258           0.148           0.585        0.5343   0.004833          0.2092
     0.15            79.4       1       1  3.548e-06  0.004641       0.1475     0.1551           0.01037     0.01037           0.9907      0.5267          0.1326          0.9506        0.2398   0.004333           0.888
      0.2            79.4       1       1  3.548e-06   0.00485       0.1991      0.207           0.06223     0.06223            1.033       0.415          0.1196           1.569       0.05917   0.004333           3.813
      0.3           79.41       1       1  3.547e-06  0.005208       0.2984     0.3065            0.1618      0.1618            1.116       0.235         0.09552           4.141      0.005333   0.004333           61.44
      0.4           79.41       1       1  3.547e-06  0.005523       0.4002     0.4086            0.2638      0.2638            1.206      0.1073         0.07914           10.96      0.004333   0.004333            1292
      0.6           79.42       1       1  3.547e-06  0.006221       0.6025     0.6113            0.4667      0.4667            1.408    0.009833         0.05402           77.71      0.004333   0.004333       3.695e+05

=== 15m P0|B|10
 edge_pct  trades_per_30d  mean_N  mean_L  liq_share  tp_share  drift_H_pct  gross_pct  net_notional_pct  eq_ret_pct  30d_median_mult  30d_p_loss  30d_mdd_median  1y_median_mult  1y_p_below50  1y_p_ruin  IS_median_mult
        0           91.18       1       1          0   0.00367   -0.0005568   -0.01337           -0.1567     -0.1567           0.8587      0.8768          0.1903          0.1576        0.9953     0.1828        0.004487
    0.025           91.01       1       1          0  0.003714      0.02456   0.004585           -0.1388     -0.1388            0.871      0.8497            0.18          0.1924         0.986      0.092        0.008535
     0.05           90.85       1       1          0  0.003789      0.04907     0.0216           -0.1218     -0.1218           0.8847      0.8228           0.172          0.2334        0.9645    0.04233         0.01517
    0.075            90.7       1       1          0  0.003873      0.07455    0.03915           -0.1042     -0.1042           0.8988      0.7935          0.1633           0.284        0.9225    0.01467         0.02476
      0.1           90.53       1       1          0   0.00397       0.1004    0.05723          -0.08617    -0.08617           0.9139      0.7595          0.1558          0.3473        0.8507     0.0045         0.04534
     0.15           90.23       1       1          0  0.004115       0.1505    0.09178          -0.05164    -0.05164           0.9426      0.6788          0.1405          0.5054        0.6132  0.0003333          0.1389
      0.2           89.93       1       1          0  0.004301       0.2021     0.1282          -0.01526    -0.01526           0.9736      0.5815          0.1273          0.7592        0.2925          0          0.4475
      0.3           89.32       1       1          0  0.004626       0.3028     0.1987            0.0552      0.0552            1.034      0.3988          0.1031            1.63         0.021          0           3.964
      0.4           88.69       1       1          0   0.00491       0.4046     0.2694            0.1259      0.1259            1.098      0.2412         0.08549           3.478             0          0           39.28
      0.6           87.49       1       1          0  0.005519       0.6091     0.4124            0.2687      0.2687            1.233     0.05167         0.06074           15.35             0          0            2895

=== 15m P1|B|10
 edge_pct  trades_per_30d  mean_N  mean_L  liq_share  tp_share  drift_H_pct  gross_pct  net_notional_pct  eq_ret_pct  30d_median_mult  30d_p_loss  30d_mdd_median  1y_median_mult  1y_p_below50  1y_p_ruin  IS_median_mult
        0           94.94    1.25       5          0     0.163    0.0001773   -0.00358           -0.1386     -0.1732           0.8393      0.8857          0.2105          0.1197        0.9992     0.3948        0.002102
    0.025           94.83    1.25       5          0    0.1659      0.02508    0.01218           -0.1227     -0.1533           0.8566      0.8605          0.2001          0.1514        0.9962     0.2388        0.003957
     0.05           94.72    1.25       5          0    0.1687      0.05045    0.02768            -0.107     -0.1338           0.8711      0.8337          0.1893            0.19        0.9877      0.121        0.008224
    0.075           94.61    1.25       5          0    0.1716       0.0765    0.04323          -0.09135     -0.1142           0.8881       0.796          0.1797          0.2381        0.9575    0.05133         0.01486
      0.1            94.5    1.25       5          0    0.1746       0.1027    0.05934          -0.07511    -0.09388           0.9051      0.7545          0.1712          0.3001        0.9005      0.017         0.02864
     0.15            94.3    1.25       5          0    0.1801       0.1535    0.09007          -0.04412    -0.05515           0.9395      0.6623          0.1542          0.4714        0.6747      0.001         0.09902
      0.2           94.09    1.25       5          0    0.1858       0.2055     0.1217           -0.0122    -0.01525           0.9751      0.5665          0.1388          0.7435        0.3367          0          0.3773
      0.3           93.69    1.25       5          0    0.1972        0.308     0.1837           0.05034     0.06292            1.047      0.3748          0.1126           1.813         0.022          0           5.429
      0.4           93.27    1.25       5          0    0.2089       0.4128     0.2476            0.1147      0.1434            1.122      0.2005         0.09443           4.506     0.0003333          0            72.9
      0.6           92.46    1.25       5          0    0.2321       0.6194     0.3737             0.242      0.3024            1.299       0.031         0.06836           26.44             0          0       1.384e+04

=== 15m P2|B|10
 edge_pct  trades_per_30d  mean_N  mean_L  liq_share  tp_share  drift_H_pct  gross_pct  net_notional_pct  eq_ret_pct  30d_median_mult  30d_p_loss  30d_mdd_median  1y_median_mult  1y_p_below50  1y_p_ruin  IS_median_mult
        0           102.1     2.5      10  1.103e-05    0.3715    0.0004405   0.002082           -0.1218     -0.3045            0.714      0.9262          0.3504         0.01638             1       0.99       5.295e-06
    0.025           102.1     2.5      10  1.104e-05    0.3763      0.02576    0.01342           -0.1102     -0.2756           0.7356      0.9037          0.3354         0.02357             1     0.9698       1.755e-05
     0.05             102     2.5      10  1.104e-05    0.3811      0.05127    0.02451           -0.0989     -0.2473           0.7572      0.8828          0.3213         0.03363        0.9998      0.928        4.64e-05
    0.075             102     2.5      10  1.104e-05    0.3861      0.07767    0.03576          -0.08741     -0.2185           0.7811       0.857          0.3075         0.04856         0.999       0.85       0.0001351
      0.1             102     2.5      10  1.105e-05    0.3912       0.1039    0.04749          -0.07543     -0.1886           0.8064      0.8198          0.2929         0.06983        0.9967      0.724       0.0004287
     0.15           101.9     2.5      10  1.106e-05     0.401       0.1548    0.07008          -0.05235     -0.1309           0.8567      0.7515          0.2673          0.1426        0.9717     0.3983        0.003444
      0.2           101.9     2.5      10  1.106e-05    0.4109       0.2072    0.09288          -0.02907    -0.07266           0.9086      0.6603          0.2427          0.2971        0.8518     0.1365         0.02727
      0.3           101.7     2.5      10  1.108e-05    0.4303       0.3111     0.1381           0.01707     0.04268            1.017      0.4702          0.2005           1.237         0.312   0.002333           1.758
      0.4           101.6     2.5      10  1.109e-05    0.4501       0.4162     0.1839           0.06392      0.1598            1.148      0.2788          0.1671             5.3       0.03067          0           106.2
      0.6           101.3     2.5      10   1.39e-05    0.4895       0.6237     0.2752            0.1571      0.3927            1.448     0.05117          0.1219           92.58             0          0       5.485e+05

=== 15m P2|C|10
 edge_pct  trades_per_30d  mean_N  mean_L  liq_share  tp_share  drift_H_pct  gross_pct  net_notional_pct  eq_ret_pct  30d_median_mult  30d_p_loss  30d_mdd_median  1y_median_mult  1y_p_below50  1y_p_ruin  IS_median_mult
        0           89.84     2.5      10          0    0.4256    -0.001479    0.01213           -0.1103     -0.2757           0.7527      0.8373          0.3528         0.02817         0.999     0.9122       3.142e-05
    0.025           89.96     2.5      10          0    0.4313      0.02355    0.02937          -0.09273     -0.2318           0.7801      0.8053          0.3364         0.04554         0.997     0.8227       0.0001304
     0.05           90.08     2.5      10          0    0.4369      0.04973    0.04641           -0.0754     -0.1885            0.814      0.7693          0.3192         0.07376         0.988     0.6835       0.0004332
    0.075            90.2     2.5      10          0    0.4425      0.07656    0.06366          -0.05785     -0.1446           0.8457       0.722           0.306          0.1208        0.9627       0.51        0.002071
      0.1           90.34     2.5      10          0    0.4484       0.1026    0.08111           -0.0401     -0.1002           0.8783        0.67           0.291          0.1969        0.9157     0.3343        0.008777
     0.15           90.58     2.5      10          0    0.4598       0.1538     0.1155         -0.005131    -0.01283           0.9522      0.5608          0.2643          0.5158         0.707    0.09367          0.1455
      0.2           90.82     2.5      10          0    0.4711       0.2057     0.1498            0.0298     0.07449            1.031      0.4595          0.2403           1.395        0.4007    0.01417           2.902
      0.3            91.3     2.5      10          0    0.4938       0.3096     0.2179           0.09909      0.2477            1.208      0.2557          0.1993           9.707          0.05  0.0001667           575.9
      0.4           91.77     2.5      10          0    0.5164       0.4144     0.2871            0.1695      0.4237            1.417      0.1092          0.1681           71.96      0.004667          0       2.337e+05
      0.6           92.79     2.5      10          0    0.5623       0.6219     0.4256            0.3104       0.776             1.98      0.0055          0.1228            4168             0          0       3.996e+10

=== 15m P3|A|10
 edge_pct  trades_per_30d  mean_N  mean_L  liq_share  tp_share  drift_H_pct  gross_pct  net_notional_pct  eq_ret_pct  30d_median_mult  30d_p_loss  30d_mdd_median  1y_median_mult  1y_p_below50  1y_p_ruin  IS_median_mult
        0           100.8       4      20    0.01992    0.6668    -0.001472    0.01362           -0.1042     -0.4167           0.6078      0.8875          0.4905         0.00193             1     0.9983       1.388e-08
    0.025             101       4      20    0.01953    0.6724      0.02385    0.02407          -0.09327     -0.3731           0.6356      0.8667          0.4738         0.00335             1     0.9942       5.405e-08
     0.05           101.1       4      20    0.01909    0.6778      0.04992    0.03437           -0.0825       -0.33           0.6646      0.8442          0.4586        0.005813        0.9998     0.9855       2.879e-07
    0.075           101.3       4      20    0.01872    0.6832      0.07658    0.04466          -0.07176      -0.287           0.6934      0.8192          0.4414        0.009905        0.9993      0.964       1.248e-06
      0.1           101.5       4      20    0.01829    0.6889       0.1025    0.05525          -0.06069     -0.2428           0.7227       0.788          0.4249         0.01733         0.998     0.9197        6.76e-06
     0.15           101.9       4      20    0.01749    0.7002        0.154     0.0762          -0.03879     -0.1552           0.7969      0.7132          0.3942         0.05273        0.9803     0.7547       0.0001631
      0.2           102.2       4      20    0.01669    0.7112       0.2058    0.09687           -0.0172     -0.0688           0.8722      0.6355          0.3623          0.1635        0.9102      0.474         0.00468
      0.3           102.9       4      20    0.01514    0.7331       0.3087     0.1374           0.02511      0.1004            1.042      0.4568          0.3084            1.44        0.5252      0.067           2.289
      0.4           103.7       4      20     0.0134    0.7553       0.4138     0.1795           0.06919      0.2767            1.258      0.2767          0.2656            14.3        0.1362   0.001167            1818
      0.6           105.2       4      20    0.01007    0.7999       0.6214     0.2632            0.1567      0.6268            1.851     0.04567           0.203            1573         0.005          0       1.787e+09

=== 15m P3|B|10
 edge_pct  trades_per_30d  mean_N  mean_L  liq_share  tp_share  drift_H_pct  gross_pct  net_notional_pct  eq_ret_pct  30d_median_mult  30d_p_loss  30d_mdd_median  1y_median_mult  1y_p_below50  1y_p_ruin  IS_median_mult
        0           112.6       4      20  0.0003003    0.5878   -0.0006496   0.006408            -0.106     -0.4239           0.5947      0.9635          0.4606        0.001735             1          1       1.086e-08
    0.025           112.6       4      20  0.0002927    0.5926      0.02494    0.01288          -0.09926      -0.397           0.6133       0.955           0.446        0.002529             1          1       2.803e-08
     0.05           112.6       4      20  0.0002902    0.5972      0.05043    0.01914          -0.09276     -0.3711           0.6328      0.9455           0.433        0.003634             1     0.9998       7.486e-08
    0.075           112.6       4      20  0.0002876    0.6019       0.0767    0.02538          -0.08629     -0.3452           0.6511      0.9298           0.419        0.005274             1     0.9988       2.175e-07
      0.1           112.7       4      20   0.000285    0.6068       0.1025    0.03212           -0.0793     -0.3172           0.6693      0.9168          0.4052        0.007772             1      0.996        6.36e-07
     0.15           112.7       4      20  0.0002874    0.6163       0.1535    0.04484           -0.0661     -0.2644           0.7133      0.8823           0.377           0.016        0.9998     0.9742        5.37e-06
      0.2           112.8       4      20  0.0002873    0.6257       0.2057     0.0576          -0.05287     -0.2115           0.7583       0.837          0.3506         0.03346        0.9988      0.897       4.659e-05
      0.3           112.9       4      20  0.0002671    0.6445        0.309    0.08288          -0.02663     -0.1065           0.8583      0.7148          0.2979          0.1424        0.9568     0.4368        0.003006
      0.4             113       4      20  0.0002519    0.6638       0.4137      0.109         0.0004974     0.00199           0.9694      0.5452          0.2548          0.6473        0.6215     0.0565          0.2381
      0.6           113.2       4      20  0.0002215    0.7017       0.6205     0.1604            0.0538      0.2152            1.226      0.2177          0.1877           12.71       0.02783          0            1662

=== 15m P3|C|10
 edge_pct  trades_per_30d  mean_N  mean_L  liq_share  tp_share  drift_H_pct  gross_pct  net_notional_pct  eq_ret_pct  30d_median_mult  30d_p_loss  30d_mdd_median  1y_median_mult  1y_p_below50  1y_p_ruin  IS_median_mult
        0           102.9       4      20          0    0.6579    -0.001038    0.01068          -0.09882     -0.3953           0.6266       0.909          0.4624        0.003227             1     0.9993        4.84e-08
    0.025             103       4      20          0    0.6635      0.02451     0.0205          -0.08871     -0.3549           0.6522      0.8873          0.4437        0.005333             1     0.9952       1.993e-07
     0.05           103.2       4      20          0    0.6687       0.0504    0.03004          -0.07889     -0.3156           0.6817      0.8642          0.4275        0.008838        0.9998     0.9837       8.978e-07
    0.075           103.3       4      20          0    0.6741      0.07718     0.0397          -0.06896     -0.2758           0.7106      0.8417          0.4108         0.01466        0.9995     0.9608       3.753e-06
      0.1           103.5       4      20          0    0.6796       0.1031    0.04962          -0.05875      -0.235           0.7422      0.8112          0.3931         0.02468        0.9978     0.9117       1.748e-05
     0.15           103.8       4      20          0    0.6907       0.1543    0.06918           -0.0386     -0.1544           0.8064      0.7362          0.3579         0.06841        0.9823     0.7045       0.0003429
      0.2           104.1       4      20          0    0.7015       0.2066    0.08833          -0.01889    -0.07558           0.8755      0.6515          0.3286          0.1898         0.911     0.3927        0.007415
      0.3           104.6       4      20          0    0.7232       0.3097     0.1264           0.02035     0.08142            1.034      0.4585          0.2745            1.45          0.45    0.02733           3.465
      0.4           105.2       4      20          0    0.7451       0.4149     0.1657           0.06077      0.2431            1.235       0.267          0.2311           12.25       0.08017          0            1446
      0.6           106.4       4      20          0    0.7891       0.6233     0.2436            0.1409      0.5638            1.762      0.0355           0.169           871.9      0.001667          0       4.087e+08

=== 15m P3|B|30
 edge_pct  trades_per_30d  mean_N  mean_L  liq_share  tp_share  drift_H_pct  gross_pct  net_notional_pct  eq_ret_pct  30d_median_mult  30d_p_loss  30d_mdd_median  1y_median_mult  1y_p_below50  1y_p_ruin  IS_median_mult
        0           97.43       4      20  0.0007951     0.243      0.00132  -0.000635           -0.1317     -0.5269           0.5488      0.9197          0.5375       0.0006363             1          1       4.709e-10
    0.025           97.35       4      20  0.0007755     0.247      0.02645    0.01378           -0.1171     -0.4684           0.5794      0.8963          0.5166        0.001293             1     0.9993       3.295e-09
     0.05           97.27       4      20  0.0007732    0.2508       0.0518    0.02757           -0.1031     -0.4125           0.6112       0.874          0.4962        0.002511             1      0.996       2.134e-08
    0.075            97.2       4      20  0.0007709    0.2547      0.07821    0.04159          -0.08892     -0.3557           0.6494      0.8418          0.4781        0.004929        0.9998     0.9875       1.815e-07
      0.1           97.11       4      20    0.00076    0.2588       0.1045    0.05626          -0.07405     -0.2962           0.6854      0.8098          0.4578        0.009991        0.9983     0.9598       1.618e-06
     0.15           96.96       4      20  0.0007553    0.2664       0.1553    0.08428          -0.04566     -0.1827           0.7653      0.7297          0.4212         0.03836        0.9877     0.8165       6.818e-05
      0.2           96.81       4      20  0.0007478    0.2742       0.2075     0.1128          -0.01674    -0.06694           0.8579       0.639          0.3861          0.1533        0.9187     0.5087        0.002874
      0.3           96.52       4      20  0.0007062    0.2895       0.3105      0.169           0.04019      0.1607            1.059       0.443          0.3239           2.226        0.4758      0.048           9.368
      0.4            96.2       4      20  0.0006852    0.3053       0.4154     0.2265           0.09846      0.3938            1.319       0.252          0.2738           33.64        0.1105     0.0005       2.168e+04
      0.6           95.59       4      20  0.0005923    0.3364       0.6231     0.3404            0.2139      0.8556            2.045     0.04267          0.2019            7077         0.004          0       1.844e+11

=== 15m P3|B|100
 edge_pct  trades_per_30d  mean_N  mean_L  liq_share  tp_share  drift_H_pct  gross_pct  net_notional_pct  eq_ret_pct  30d_median_mult  30d_p_loss  30d_mdd_median  1y_median_mult  1y_p_below50  1y_p_ruin  IS_median_mult
        0           91.61       4      20   0.001414     0.025    -0.000456   -0.01091           -0.1537      -0.615           0.4975      0.9128          0.5895       0.0002104             1          1       1.653e-11
    0.025           91.45       4      20   0.001392   0.02545      0.02467   0.007056           -0.1358     -0.5431           0.5299      0.8915          0.5686       0.0004641             1          1       1.841e-10
     0.05           91.29       4      20   0.001385   0.02592      0.04943    0.02393           -0.1189     -0.4755           0.5655      0.8687          0.5514       0.0009937             1     0.9978       2.399e-09
    0.075           91.15       4      20   0.001369   0.02641      0.07495     0.0412           -0.1016     -0.4064           0.6025      0.8463          0.5291        0.002171        0.9998     0.9913       1.843e-08
      0.1           90.98       4      20   0.001359   0.02691       0.1008    0.05889           -0.0839     -0.3356           0.6442      0.8158          0.5084        0.004748        0.9987     0.9762       2.154e-07
     0.15            90.7       4      20   0.001345   0.02787       0.1513    0.09299          -0.04977     -0.1991           0.7252      0.7377          0.4712         0.02138        0.9877     0.8772        1.53e-05
      0.2            90.4       4      20   0.001315   0.02888        0.203     0.1288          -0.01389    -0.05556           0.8208      0.6485          0.4336          0.1062        0.9393     0.6242        0.001483
      0.3           89.82       4      20   0.001245   0.03088       0.3041     0.1984           0.05576       0.223            1.042      0.4642          0.3658           2.187        0.5675       0.11           8.912
      0.4           89.22       4      20   0.001212   0.03293       0.4069     0.2688            0.1262      0.5048            1.325      0.2818          0.3111           44.78         0.179   0.004333       5.922e+04
      0.6           88.06       4      20   0.001052   0.03715       0.6126     0.4115             0.269       1.076            2.139     0.06183          0.2271       1.732e+04       0.01017          0       2.269e+12

=== 15m P4|A|10
 edge_pct  trades_per_30d  mean_N  mean_L  liq_share  tp_share  drift_H_pct  gross_pct  net_notional_pct  eq_ret_pct  30d_median_mult  30d_p_loss  30d_mdd_median  1y_median_mult  1y_p_below50  1y_p_ruin  IS_median_mult
        0           119.8      20      50    0.08626    0.8456   -0.0003883    0.01007           -0.1259      -2.518          0.01427      0.9977           0.989       1.028e-23             1          1       1.522e-67
    0.025           119.9      20      50    0.08473    0.8485      0.02441    0.01365           -0.1215       -2.43          0.01614      0.9973          0.9876       4.281e-23             1          1       8.897e-66
     0.05             120      20      50    0.08326    0.8515      0.04999    0.01719           -0.1172      -2.344          0.01812      0.9963          0.9862       1.914e-22             1          1       3.757e-64
    0.075           120.1      20      50     0.0818    0.8543      0.07622    0.02069           -0.1129      -2.258          0.01993      0.9957          0.9847       8.078e-22             1          1       2.635e-62
      0.1           120.2      20      50    0.08017    0.8575       0.1018    0.02456           -0.1082      -2.163          0.02287      0.9947           0.983       4.112e-21             1          1       2.724e-60
     0.15           120.5      20      50    0.07715    0.8636       0.1526    0.03195          -0.09916      -1.983          0.03054      0.9918          0.9778       9.608e-20             1          1       3.125e-56
      0.2           120.7      20      50    0.07434    0.8693       0.2044    0.03878          -0.09082      -1.816          0.03825      0.9878          0.9726        1.92e-18             1          1       5.371e-53
      0.3           121.1      20      50    0.06851    0.8811       0.3062    0.05283          -0.07365      -1.473          0.06414      0.9745          0.9574        7.19e-16             1          1        3.04e-45
      0.4           121.6      20      50    0.06246    0.8931       0.4091    0.06733          -0.05592      -1.118           0.1059      0.9483          0.9338       3.916e-13             1          1       6.241e-37
      0.6           122.5      20      50    0.05087    0.9163       0.6133    0.09536          -0.02169     -0.4337           0.2988      0.8278          0.8525       8.274e-08        0.9998     0.9997       7.113e-22

=== 15m P4|B|10
 edge_pct  trades_per_30d  mean_N  mean_L  liq_share  tp_share  drift_H_pct  gross_pct  net_notional_pct  eq_ret_pct  30d_median_mult  30d_p_loss  30d_mdd_median  1y_median_mult  1y_p_below50  1y_p_ruin  IS_median_mult
        0           125.2      20      50    0.01339    0.7926   -0.0007634    0.00875          -0.09821      -1.964          0.04774      0.9987          0.9598       4.451e-17             1          1       3.832e-48
    0.025           125.2      20      50    0.01328    0.7952      0.02392    0.01108          -0.09571      -1.914           0.0512      0.9985          0.9574       9.958e-17             1          1       3.087e-47
     0.05           125.3      20      50    0.01316    0.7978      0.04932    0.01344          -0.09316      -1.863          0.05469       0.998          0.9546       2.365e-16             1          1       3.958e-46
    0.075           125.3      20      50    0.01306    0.8004      0.07526    0.01579          -0.09064      -1.813          0.05853       0.998          0.9513       5.665e-16             1          1       2.792e-45
      0.1           125.4      20      50     0.0129    0.8031       0.1008    0.01838          -0.08783      -1.757          0.06319      0.9967          0.9481       1.451e-15             1          1       3.657e-44
     0.15           125.4      20      50    0.01271    0.8088       0.1514    0.02343          -0.08242      -1.648          0.07311      0.9947            0.94       8.798e-15             1          1       9.292e-42
      0.2           125.5      20      50    0.01243    0.8138        0.203    0.02801          -0.07746      -1.549          0.08566      0.9933          0.9314       4.674e-14             1          1       6.175e-40
      0.3           125.7      20      50    0.01191    0.8243       0.3048     0.0375          -0.06721      -1.344           0.1128      0.9882          0.9111       1.405e-12             1          1       1.469e-35
      0.4           125.8      20      50    0.01137    0.8353       0.4075    0.04748          -0.05644      -1.129           0.1511       0.976          0.8857       5.215e-11             1          1       5.684e-31
      0.6           126.1      20      50    0.01053    0.8562       0.6112    0.06645          -0.03605     -0.7211           0.2653      0.9227          0.8152       4.876e-08             1          1       7.286e-22

=== 15m P4|C|10
 edge_pct  trades_per_30d  mean_N  mean_L  liq_share  tp_share  drift_H_pct  gross_pct  net_notional_pct  eq_ret_pct  30d_median_mult  30d_p_loss  30d_mdd_median  1y_median_mult  1y_p_below50  1y_p_ruin  IS_median_mult
        0           124.4      20      50          0    0.7812   -0.0004233   0.007078          -0.09474      -1.895          0.06052      0.9993          0.9478       1.393e-15             1          1       1.963e-44
    0.025           124.4      20      50          0    0.7839      0.02431   0.009463          -0.09222      -1.844          0.06479      0.9995          0.9445       3.106e-15             1          1       2.004e-43
     0.05           124.5      20      50          0    0.7868      0.04988    0.01189          -0.08965      -1.793          0.06917      0.9988          0.9408       7.068e-15             1          1       1.929e-42
    0.075           124.5      20      50          0    0.7894      0.07592    0.01423          -0.08718      -1.744          0.07377      0.9983          0.9376       1.567e-14             1          1       1.324e-41
      0.1           124.6      20      50          0    0.7923       0.1016    0.01674          -0.08452       -1.69          0.07834      0.9978          0.9335       3.667e-14             1          1       1.971e-40
     0.15           124.7      20      50          0    0.7981       0.1523     0.0217          -0.07926      -1.585          0.09181      0.9958          0.9233       2.025e-13             1          1       3.856e-38
      0.2           124.8      20      50          0    0.8031       0.2042    0.02605          -0.07465      -1.493           0.1035      0.9948          0.9146       9.246e-13             1          1       2.987e-36
      0.3             125      20      50          0    0.8139        0.306    0.03536          -0.06479      -1.296            0.134      0.9895          0.8905       2.159e-11             1          1       2.986e-32
      0.4           125.2      20      50          0    0.8251       0.4089    0.04505          -0.05453      -1.091           0.1771      0.9798          0.8606       6.025e-10             1          1       6.177e-28
      0.6           125.6      20      50          0    0.8466       0.6138    0.06377          -0.03471     -0.6942           0.3051       0.922          0.7818       3.962e-07             1          1       1.983e-19

=== 15m P4|B|100
 edge_pct  trades_per_30d  mean_N  mean_L  liq_share  tp_share  drift_H_pct  gross_pct  net_notional_pct  eq_ret_pct  30d_median_mult  30d_p_loss  30d_mdd_median  1y_median_mult  1y_p_below50  1y_p_ruin  IS_median_mult
        0           95.46      20      50    0.06234    0.1573    0.0001715  -0.005447           -0.1675      -3.349         0.003425      0.9927          0.9979       8.222e-32             1          1       5.684e-92
    0.025           95.35      20      50    0.06175    0.1601      0.02533    0.00972           -0.1519      -3.038         0.004674      0.9907          0.9972       3.995e-30             1          1       1.492e-87
     0.05           95.24      20      50    0.06112    0.1629      0.05083    0.02456           -0.1367      -2.734         0.006254      0.9868          0.9963       1.519e-28             1          1       1.227e-82
    0.075           95.13      20      50    0.06053    0.1657      0.07737    0.03963           -0.1212      -2.425         0.008484      0.9835          0.9954       5.692e-27             1          1       2.984e-78
      0.1           95.01      20      50    0.05985    0.1686       0.1039    0.05518           -0.1052      -2.105          0.01136       0.977          0.9941       2.414e-25             1          1       2.174e-73
     0.15            94.8      20      50    0.05875     0.174        0.155    0.08482          -0.07488      -1.498          0.02042      0.9557          0.9904       2.736e-22             1          1       1.139e-64
      0.2           94.59      20      50    0.05751    0.1796       0.2075     0.1151          -0.04381     -0.8762           0.0383      0.9213          0.9847       4.159e-19             1          1       4.849e-55
      0.3           94.18      20      50    0.05503    0.1907       0.3104     0.1746            0.0173      0.3459           0.1136       0.825          0.9649       5.886e-13             1     0.9995       1.075e-36
      0.4           93.74      20      50    0.05269    0.2021       0.4158     0.2359            0.0801       1.602           0.3704      0.6757          0.9301       1.324e-06        0.9948     0.9808       3.228e-18
      0.6           92.92      20      50    0.04811    0.2247       0.6232     0.3565            0.2037       4.074            3.568       0.288          0.8242       1.672e+06        0.6692     0.3317       3.325e+18

=== 15m P5|A|10
 edge_pct  trades_per_30d  mean_N  mean_L  liq_share  tp_share  drift_H_pct  gross_pct  net_notional_pct  eq_ret_pct  30d_median_mult  30d_p_loss  30d_mdd_median  1y_median_mult  1y_p_below50  1y_p_ruin  IS_median_mult
        0           116.6   11.76   42.13    0.07038    0.8378    -0.001057    0.01675            -0.113      -1.363           0.1349      0.9882          0.8908       1.526e-11             1          1       3.065e-32
    0.025           116.7   11.76   42.14    0.06888    0.8413      0.02378    0.02176           -0.1072      -1.297            0.148      0.9867          0.8793       4.331e-11             1          1       5.371e-31
     0.05           116.8   11.76   42.14    0.06745    0.8447      0.04924    0.02671           -0.1014      -1.232           0.1618      0.9828          0.8703       1.165e-10             1          1       1.826e-29
    0.075             117   11.76   42.14    0.06604     0.848      0.07542    0.03156          -0.09578      -1.169            0.175      0.9778           0.861       3.187e-10             1          1       3.972e-28
      0.1           117.1   11.76   42.14    0.06454    0.8515       0.1009     0.0368          -0.08971      -1.101           0.1891      0.9748          0.8527       9.205e-10             1          1       4.113e-27
     0.15           117.4   11.77   42.14    0.06166    0.8586       0.1514    0.04683          -0.07806     -0.9679           0.2258      0.9632          0.8294       7.348e-09             1          1       2.139e-24
      0.2           117.6   11.77   42.15    0.05895    0.8652       0.2027    0.05628           -0.0671     -0.8441           0.2644      0.9488          0.8035       5.264e-08             1     0.9998       5.207e-22
      0.3           118.1   11.77   42.15    0.05345    0.8786       0.3043    0.07561           -0.0447     -0.5925           0.3699      0.8905           0.744       2.801e-06             1     0.9998        3.43e-17
      0.4           118.7   11.78   42.16    0.04777    0.8923        0.407     0.0956          -0.02155     -0.3333           0.5141      0.8012          0.6713       0.0001814        0.9992      0.994       6.446e-12
      0.6           119.8   11.78   42.17    0.03657     0.919         0.61     0.1346           0.02367       0.175            1.028      0.4858          0.5083          0.7099        0.7873     0.4145          0.3468

=== 15m P5|B|10
 edge_pct  trades_per_30d  mean_N  mean_L  liq_share  tp_share  drift_H_pct  gross_pct  net_notional_pct  eq_ret_pct  30d_median_mult  30d_p_loss  30d_mdd_median  1y_median_mult  1y_p_below50  1y_p_ruin  IS_median_mult
        0           123.7   11.82   42.23  0.0002802    0.7688   -0.0009489    0.01095          -0.09166      -1.113           0.2129       0.996          0.8097       7.038e-09             1          1        1.51e-24
    0.025           123.7   11.82   42.24  0.0002733    0.7718      0.02378    0.01408          -0.08837      -1.077           0.2242      0.9948          0.8027       1.215e-08             1          1       6.748e-24
     0.05           123.7   11.82   42.24  0.0002709    0.7747      0.04904    0.01712          -0.08518      -1.042           0.2344      0.9945          0.7927       2.091e-08             1          1       3.362e-23
    0.075           123.8   11.82   42.24  0.0002685    0.7776      0.07514    0.02022          -0.08193      -1.007           0.2443      0.9933          0.7848        3.59e-08             1          1       1.536e-22
      0.1           123.8   11.82   42.24  0.0002661    0.7808       0.1006    0.02355          -0.07843     -0.9699           0.2557      0.9923           0.775       6.351e-08             1          1       7.952e-22
     0.15           123.9   11.82   42.24  0.0002659    0.7872        0.151    0.03007          -0.07159      -0.894           0.2827      0.9888           0.755       2.022e-07             1          1        2.33e-20
      0.2             124   11.82   42.24  0.0002657    0.7929       0.2024    0.03603          -0.06534     -0.8257           0.3093       0.984          0.7347       6.126e-07             1          1       5.139e-19
      0.3           124.2   11.82   42.24  0.0002472    0.8048        0.304    0.04835          -0.05241     -0.6834           0.3717      0.9675          0.6896       5.626e-06             1          1       3.025e-16
      0.4           124.4   11.83   42.24  0.0002333    0.8172       0.4065    0.06127          -0.03886      -0.536           0.4455      0.9332          0.6366        5.56e-05             1          1       2.151e-13
      0.6           124.7   11.83   42.24  0.0002033    0.8409       0.6093      0.086          -0.01291     -0.2527           0.6481      0.8083          0.5179        0.004756        0.9985     0.9715       1.342e-07

=== 15m P5|C|10
 edge_pct  trades_per_30d  mean_N  mean_L  liq_share  tp_share  drift_H_pct  gross_pct  net_notional_pct  eq_ret_pct  30d_median_mult  30d_p_loss  30d_mdd_median  1y_median_mult  1y_p_below50  1y_p_ruin  IS_median_mult
        0           121.8   11.75   42.14          0    0.7887    -0.000239    0.01152          -0.09007      -1.076           0.2233      0.9948          0.8063       1.106e-08             1          1       6.124e-24
    0.025           121.9   11.76   42.14          0    0.7919      0.02455    0.01496          -0.08648      -1.034           0.2342      0.9932          0.7965       2.085e-08             1          1       2.793e-23
     0.05           121.9   11.76   42.15          0     0.795      0.04998    0.01832          -0.08296     -0.9927           0.2484      0.9913          0.7856       4.022e-08             1          1       1.771e-22
    0.075             122   11.76   42.15          0    0.7981      0.07621    0.02178          -0.07934     -0.9515           0.2599      0.9892          0.7761       7.676e-08             1          1       1.299e-21
      0.1           122.1   11.76   42.15          0    0.8014       0.1018     0.0255          -0.07545     -0.9076           0.2757      0.9868          0.7657       1.474e-07             1          1       7.433e-21
     0.15           122.2   11.76   42.15          0    0.8081       0.1523    0.03273          -0.06787     -0.8194           0.3113      0.9802          0.7389       5.716e-07             1          1        4.85e-19
      0.2           122.3   11.76   42.15          0    0.8142       0.2039    0.03928          -0.06102     -0.7397            0.345      0.9715          0.7123       2.022e-06             1          1       1.763e-17
      0.3           122.6   11.77   42.16          0    0.8265       0.3054    0.05277           -0.0469     -0.5755           0.4262       0.938          0.6583        2.54e-05             1          1       3.386e-14
      0.4           122.8   11.77   42.17          0    0.8395       0.4081    0.06703          -0.03197     -0.4041           0.5296      0.8828          0.5951       0.0003639             1     0.9987       8.572e-11
      0.6           123.3   11.78   42.17          0    0.8643       0.6115    0.09429          -0.00344    -0.07373            0.809      0.6602          0.4565         0.06635        0.9542     0.7002       0.0003718

=== 15m P5|B|100
 edge_pct  trades_per_30d  mean_N  mean_L  liq_share  tp_share  drift_H_pct  gross_pct  net_notional_pct  eq_ret_pct  30d_median_mult  30d_p_loss  30d_mdd_median  1y_median_mult  1y_p_below50  1y_p_ruin  IS_median_mult
        0           93.02   11.83   42.21   0.001399   0.09603    5.533e-05   -0.01022           -0.1493      -1.724           0.1079       0.974          0.9216       2.287e-12             1          1       8.516e-35
    0.025            92.9   11.83   42.21   0.001377   0.09814      0.02516   0.007231           -0.1318      -1.549           0.1284       0.963          0.9116       1.752e-11             1          1       2.183e-32
     0.05           92.76   11.83   42.21    0.00137       0.1      0.04999    0.02365           -0.1153      -1.382           0.1494       0.952          0.8988       1.121e-10             1          1       5.545e-30
    0.075           92.64   11.83    42.2   0.001353     0.102      0.07557    0.04044          -0.09841      -1.213           0.1753      0.9372           0.885       8.151e-10             1          1       2.363e-27
      0.1            92.5   11.83    42.2   0.001343     0.104       0.1014    0.05784          -0.08092      -1.041           0.2075      0.9175          0.8691        5.51e-09             1          1       3.874e-25
     0.15           92.27   11.83    42.2   0.001325    0.1078        0.152    0.09117          -0.04742     -0.7052           0.2821      0.8648          0.8374       2.353e-07             1     0.9998       3.721e-20
      0.2           92.01   11.83    42.2   0.001295    0.1118       0.2036      0.126          -0.01242     -0.3602           0.3865      0.7972          0.7981       1.095e-05        0.9993     0.9965        1.84e-15
      0.3           91.53   11.83    42.2   0.001225    0.1197        0.305     0.1942           0.05617      0.3169           0.7158      0.6112          0.7132          0.0186         0.962     0.8417        4.74e-06
      0.4           91.02   11.83    42.2   0.001188    0.1278       0.4085     0.2631            0.1254        1.01            1.317      0.4013          0.6294           37.87        0.6747     0.2688       2.578e+04
      0.6           90.05   11.83   42.19   0.001026     0.144        0.614     0.4019             0.265       2.388             4.55       0.089          0.4813           1e+08        0.1548   0.003667       8.193e+22

=== 15m P5c|A|10
 edge_pct  trades_per_30d  mean_N  mean_L  liq_share  tp_share  drift_H_pct  gross_pct  net_notional_pct  eq_ret_pct  30d_median_mult  30d_p_loss  30d_mdd_median  1y_median_mult  1y_p_below50  1y_p_ruin  IS_median_mult
        0           116.6   8.427   42.13    0.07038    0.8378    -0.001057    0.01675            -0.113     -0.9724           0.2591      0.9835          0.7802       5.934e-08             1          1       1.236e-21
    0.025           116.7   8.629   42.14    0.06888    0.8413      0.02378    0.02176           -0.1072     -0.9013           0.2833      0.9783          0.7627       1.705e-07             1          1       2.329e-20
     0.05           116.8   8.835   42.14    0.06745    0.8447      0.04924    0.02671           -0.1014     -0.8309           0.3091      0.9698          0.7458       4.537e-07             1          1       4.399e-19
    0.075             117   9.033   42.14    0.06604     0.848      0.07542    0.03156          -0.09578      -0.762           0.3328        0.96          0.7304       1.222e-06             1          1       7.277e-18
      0.1           117.1   9.233   42.14    0.06454    0.8515       0.1009     0.0368          -0.08971     -0.6896           0.3635      0.9435          0.7113       3.504e-06             1          1       1.112e-16
     0.15           117.4   9.637   42.14    0.06166    0.8586       0.1514    0.04683          -0.07806     -0.5463           0.4304      0.9008          0.6718        2.69e-05        0.9998     0.9998       3.808e-14
      0.2           117.6   10.04   42.15    0.05895    0.8652       0.2027    0.05628           -0.0671     -0.4114           0.5022      0.8467           0.637       0.0001872        0.9998     0.9985       1.056e-11
      0.3           118.1   10.84   42.15    0.05345    0.8786       0.3043    0.07561           -0.0447     -0.1357           0.7091       0.697          0.5574         0.01023        0.9883     0.9018       1.237e-06
      0.4           118.7   11.64   42.16    0.04777    0.8923        0.407     0.0956          -0.02155      0.1452           0.9878      0.5083          0.4923           0.622        0.7877      0.394           0.325
      0.6           119.8   13.26   42.17    0.03657     0.919         0.61     0.1346           0.02367      0.6998            1.964      0.1708          0.4057            2274        0.1758   0.005667       9.127e+09

=== 15m P5c|B|10
 edge_pct  trades_per_30d  mean_N  mean_L  liq_share  tp_share  drift_H_pct  gross_pct  net_notional_pct  eq_ret_pct  30d_median_mult  30d_p_loss  30d_mdd_median  1y_median_mult  1y_p_below50  1y_p_ruin  IS_median_mult
        0           123.7   8.447   42.23  0.0002802    0.7688   -0.0009489    0.01095          -0.09166     -0.7843            0.343      0.9947          0.6878       2.336e-06             1          1       4.768e-17
    0.025           123.7    8.65   42.24  0.0002733    0.7718      0.02378    0.01408          -0.08837     -0.7498           0.3557      0.9925           0.678       3.823e-06             1          1       1.618e-16
     0.05           123.7   8.854   42.24  0.0002709    0.7747      0.04904    0.01712          -0.08518     -0.7167           0.3709      0.9888          0.6684       6.187e-06             1          1       5.152e-16
    0.075           123.8   9.053   42.24  0.0002685    0.7776      0.07514    0.02022          -0.08193     -0.6838           0.3849      0.9838          0.6595       9.739e-06             1          1       1.732e-15
      0.1           123.8   9.253   42.24  0.0002661    0.7808       0.1006    0.02355          -0.07843     -0.6491           0.4024       0.978          0.6474       1.568e-05             1          1       9.041e-15
     0.15           123.9   9.655   42.24  0.0002659    0.7872        0.151    0.03007          -0.07159     -0.5766           0.4385      0.9622           0.623       4.381e-05             1          1       2.024e-13
      0.2             124   10.06   42.24  0.0002657    0.7929       0.2024    0.03603          -0.06534     -0.5121           0.4763      0.9395          0.6057       0.0001105             1          1        1.75e-12
      0.3           124.2   10.86   42.24  0.0002472    0.8048        0.304    0.04835          -0.05241     -0.3786           0.5577      0.8812          0.5621       0.0007094             1     0.9987       5.698e-10
      0.4           124.4   11.66   42.24  0.0002333    0.8172       0.4065    0.06127          -0.03886     -0.2389            0.651      0.7932          0.5235        0.005273        0.9983     0.9647       1.546e-07
      0.6           124.7   13.28   42.24  0.0002033    0.8409       0.6093      0.086          -0.01291     0.02613           0.8814      0.5895           0.466          0.2132        0.8783     0.5028        0.008851

=== 15m P5c|C|10
 edge_pct  trades_per_30d  mean_N  mean_L  liq_share  tp_share  drift_H_pct  gross_pct  net_notional_pct  eq_ret_pct  30d_median_mult  30d_p_loss  30d_mdd_median  1y_median_mult  1y_p_below50  1y_p_ruin  IS_median_mult
        0           121.8   8.428   42.14          0    0.7887    -0.000239    0.01152          -0.09007     -0.7655           0.3553       0.992          0.6786       3.373e-06             1          1       1.078e-16
    0.025           121.9   8.631   42.14          0    0.7919      0.02455    0.01496          -0.08648      -0.724           0.3721      0.9895          0.6697       6.088e-06             1          1       5.856e-16
     0.05           121.9   8.835   42.15          0     0.795      0.04998    0.01832          -0.08296     -0.6838            0.391      0.9835          0.6562       1.047e-05             1          1       2.808e-15
    0.075             122   9.034   42.15          0    0.7981      0.07621    0.02178          -0.07934     -0.6436           0.4091      0.9757          0.6439       1.877e-05             1          1       1.495e-14
      0.1           122.1   9.234   42.15          0    0.8014       0.1018     0.0255          -0.07545     -0.6009           0.4278      0.9682            0.63       3.409e-05             1          1       7.981e-14
     0.15           122.2   9.636   42.15          0    0.8081       0.1523    0.03273          -0.06787     -0.5138           0.4786      0.9422          0.6012         0.00012             1          1       3.225e-12
      0.2           122.3   10.04   42.15          0    0.8142       0.2039    0.03928          -0.06102     -0.4351           0.5242      0.9113          0.5726       0.0003629             1     0.9995       7.257e-11
      0.3           122.6   10.84   42.16          0    0.8265       0.3054    0.05277           -0.0469     -0.2736           0.6381      0.8185          0.5216        0.003576        0.9992     0.9817       6.729e-08
      0.4           122.8   11.64   42.17          0    0.8395       0.4081    0.06703          -0.03197     -0.1052           0.7771      0.6908          0.4745         0.04025         0.972     0.7887       5.346e-05
      0.6           123.3   13.26   42.17          0    0.8643       0.6115    0.09429          -0.00344      0.2168            1.138      0.4155          0.4142           3.905        0.5323     0.1167           36.65

=== 15m P6|B|none
 edge_pct  trades_per_30d  mean_N  mean_L  liq_share  tp_share  drift_H_pct  gross_pct  net_notional_pct  eq_ret_pct  30d_median_mult  30d_p_loss  30d_mdd_median  1y_median_mult  1y_p_below50  1y_p_ruin  IS_median_mult
        0            91.1   1.128   9.993          0         0     -0.00062   -0.01931           -0.1628     -0.1734           0.8437       0.917           0.192          0.1353        0.9997     0.2415        0.002873
    0.025           90.94   1.128   9.993          0         0      0.02434  -0.001505           -0.1451     -0.1567           0.8575      0.8983          0.1829          0.1633        0.9975     0.1245        0.005396
     0.05           90.77   1.128   9.993          0         0      0.04883    0.01538           -0.1282     -0.1405           0.8716      0.8747          0.1735          0.1963        0.9917    0.05133        0.009127
    0.075           90.62   1.128   9.993          0         0      0.07426    0.03284           -0.1107     -0.1241           0.8854      0.8507          0.1644          0.2356        0.9778    0.01917         0.01488
      0.1           90.45   1.128   9.993          0         0          0.1    0.05086          -0.09274     -0.1072            0.899      0.8163          0.1563          0.2837        0.9413   0.004333         0.02601
     0.15           90.15   1.128   9.993          0         0       0.1502    0.08552          -0.05811    -0.07445           0.9254        0.74          0.1395          0.4078        0.7722  0.0003333         0.07468
      0.2           89.84   1.129   9.993          0         0       0.2016     0.1215          -0.02221    -0.04089           0.9566      0.6512          0.1253          0.5883        0.4497          0          0.2036
      0.3           89.23   1.129   9.993          0         0       0.3022     0.1914           0.04764     0.02471            1.013      0.4525           0.101           1.206       0.03867          0           1.714
      0.4           88.59   1.129   9.993          0         0       0.4039     0.2622            0.1183      0.0918            1.075       0.279         0.08244            2.48             0          0            13.9
      0.6           87.38    1.13   9.993          0         0       0.6083     0.4047            0.2607      0.2255            1.205     0.05367         0.05726           10.02             0          0           799.2

=== 15m P6h|B|none
 edge_pct  trades_per_30d  mean_N  mean_L  liq_share  tp_share  drift_H_pct  gross_pct  net_notional_pct  eq_ret_pct  30d_median_mult  30d_p_loss  30d_mdd_median  1y_median_mult  1y_p_below50  1y_p_ruin  IS_median_mult
        0            91.1  0.5639   9.993          0         0     -0.00062   -0.01931           -0.1628    -0.08671             0.92      0.9133          0.1003          0.3748        0.9327          0         0.05652
    0.025           90.94   0.564   9.993          0         0      0.02434  -0.001505           -0.1451    -0.07836           0.9275      0.8943         0.09524          0.4116        0.8493          0         0.07747
     0.05           90.77  0.5641   9.993          0         0      0.04883    0.01538           -0.1282    -0.07028           0.9349      0.8672         0.09005          0.4516         0.729          0          0.1011
    0.075           90.62  0.5641   9.993          0         0      0.07426    0.03284           -0.1107    -0.06209           0.9424      0.8433         0.08517          0.4948        0.5718          0          0.1292
      0.1           90.45  0.5642   9.993          0         0          0.1    0.05086          -0.09274    -0.05364           0.9497      0.8073         0.08074          0.5432         0.395          0           0.171
     0.15           90.15  0.5643   9.993          0         0       0.1502    0.08552          -0.05811    -0.03724           0.9636        0.73         0.07172          0.6516        0.1238          0          0.2898
      0.2           89.84  0.5644   9.993          0         0       0.2016     0.1215          -0.02221    -0.02046           0.9796      0.6395         0.06409          0.7828        0.0185          0          0.4775
      0.3           89.23  0.5646   9.993          0         0       0.3022     0.1914           0.04764     0.01234            1.008      0.4433         0.05137           1.121             0          0           1.394
      0.4           88.59  0.5647   9.993          0         0       0.4039     0.2622            0.1183     0.04589            1.038      0.2705         0.04183           1.608             0          0           3.973
      0.6           87.38  0.5651   9.993          0         0       0.6083     0.4047            0.2607      0.1127              1.1     0.05133         0.02891           3.238             0          0           30.12

=== 15m P6|B|10
 edge_pct  trades_per_30d  mean_N  mean_L  liq_share  tp_share  drift_H_pct  gross_pct  net_notional_pct  eq_ret_pct  30d_median_mult  30d_p_loss  30d_mdd_median  1y_median_mult  1y_p_below50  1y_p_ruin  IS_median_mult
        0           102.1   1.105   9.992          0    0.3712    0.0005564    0.00209           -0.1218     -0.1409           0.8636       0.949          0.1646          0.1667        0.9998    0.06917         0.00523
    0.025           102.1   1.105   9.992          0    0.3761       0.0259    0.01348           -0.1102     -0.1289            0.875      0.9312          0.1566          0.1936         0.999     0.0265        0.007938
     0.05             102   1.105   9.992          0    0.3809      0.05141    0.02459          -0.09884     -0.1171           0.8861      0.9118          0.1482          0.2246         0.996   0.008333         0.01241
    0.075             102   1.105   9.992          0    0.3859      0.07775    0.03581          -0.08737     -0.1051           0.8962       0.887          0.1407          0.2599        0.9865   0.001333         0.01927
      0.1             102   1.104   9.992          0     0.391        0.104    0.04755          -0.07537    -0.09285           0.9062      0.8538          0.1335          0.3033        0.9578  0.0001667         0.02957
     0.15           101.9   1.104   9.991          0    0.4008       0.1548    0.07022          -0.05222     -0.0688           0.9312       0.791          0.1195          0.4095         0.797          0         0.06994
      0.2           101.8   1.104   9.991          0    0.4107       0.2072    0.09302          -0.02893    -0.04454           0.9546      0.6953          0.1064           0.552        0.4608          0          0.1681
      0.3           101.7   1.103   9.991          0    0.4301        0.311     0.1383           0.01726    0.003226            1.002      0.4907         0.08547          0.9905       0.02717          0           0.954
      0.4           101.6   1.103   9.991          0    0.4499        0.416     0.1842           0.06415     0.05197            1.052      0.2852         0.06962           1.819             0          0            5.16
      0.6           101.3   1.101   9.991          0    0.4894       0.6235     0.2757            0.1576      0.1484             1.16       0.045         0.04838           5.924             0          0           174.5

=== 1h P0|A|10
 edge_pct  trades_per_30d  mean_N  mean_L  liq_share  tp_share  drift_H_pct  gross_pct  net_notional_pct  eq_ret_pct  30d_median_mult  30d_p_loss  30d_mdd_median  1y_median_mult  1y_p_below50  1y_p_ruin  IS_median_mult
        0           23.38       1       1   4.82e-05   0.02705       -0.016    0.00336           -0.1551     -0.1551           0.9564      0.6152          0.1441          0.5418        0.5745     0.0185          0.1554
    0.025           23.38       1       1  4.819e-05   0.02736     0.005936    0.02578           -0.1327     -0.1327           0.9614      0.6027          0.1423          0.5783        0.5358    0.01733          0.1772
     0.05           23.38       1       1  4.819e-05   0.02759      0.03019    0.05001           -0.1084     -0.1084           0.9667      0.5885          0.1399           0.618         0.495     0.0155          0.2321
    0.075           23.38       1       1  4.819e-05   0.02792      0.05651     0.0756           -0.0828     -0.0828           0.9709      0.5768          0.1381          0.6636        0.4518    0.01367          0.2902
      0.1           23.38       1       1  4.818e-05   0.02822       0.0837     0.1026          -0.05575    -0.05574           0.9754      0.5617          0.1356          0.7172         0.402    0.01283          0.3603
     0.15           23.39       1       1  4.818e-05   0.02879       0.1352     0.1543         -0.004049   -0.004045           0.9883      0.5293          0.1313          0.8327        0.3215    0.01117          0.5816
      0.2           23.39       1       1  4.817e-05   0.02946       0.1885      0.208           0.04966     0.04966                1       0.499          0.1263          0.9689        0.2487     0.0105          0.8469
      0.3            23.4       1       1  4.816e-05   0.03052       0.2883     0.3076            0.1494      0.1494            1.024      0.4393          0.1178           1.286        0.1425    0.01033           1.857
      0.4            23.4       1       1  4.815e-05   0.03178       0.3946     0.4135            0.2553      0.2553            1.049      0.3798          0.1096           1.731        0.0735       0.01           4.451
      0.6           23.41       1       1  4.813e-05   0.03365       0.5933     0.6122            0.4542      0.4542            1.095      0.2718         0.09538           3.063         0.025       0.01           26.23
      0.8           23.42       1       1  3.608e-05   0.03572       0.7909     0.8098            0.6518      0.6518            1.146      0.1852         0.08359           5.399       0.01067     0.0075           133.5
        1           23.43       1       1  2.405e-05   0.03772       0.9959      1.014            0.8559      0.8559            1.198       0.115         0.07315           9.652      0.006333   0.005333           642.1
     1.25           23.44       1       1  1.202e-05    0.0404        1.262      1.279             1.121       1.121            1.272     0.05917         0.06077           20.58      0.002667     0.0025            7108
      1.5           23.46       1       1          0   0.04344        1.528      1.542             1.385       1.385            1.347     0.02667          0.0484           44.13             0          0       6.355e+04

=== 1h P0|B|10
 edge_pct  trades_per_30d  mean_N  mean_L  liq_share  tp_share  drift_H_pct  gross_pct  net_notional_pct  eq_ret_pct  30d_median_mult  30d_p_loss  30d_mdd_median  1y_median_mult  1y_p_below50  1y_p_ruin  IS_median_mult
        0           27.73       1       1          0   0.02422     -0.00727   -0.01893           -0.1715     -0.1715           0.9404      0.6688          0.1365          0.4904        0.6333   0.001333          0.1283
    0.025            27.7       1       1          0   0.02449      0.01502  -0.002826           -0.1554     -0.1554           0.9452       0.658          0.1355          0.5162        0.5902  0.0008333          0.1492
     0.05           27.67       1       1          0    0.0247      0.03901    0.01456            -0.138      -0.138           0.9498      0.6443           0.133          0.5511        0.5433  0.0001667          0.1902
    0.075           27.64       1       1          0   0.02502      0.06442    0.03218           -0.1204     -0.1204           0.9541      0.6342           0.131          0.5832        0.4953  0.0001667          0.2194
      0.1           27.61       1       1          0   0.02534      0.09278    0.05113           -0.1015     -0.1015           0.9589       0.621          0.1286          0.6184        0.4475  0.0001667          0.2581
     0.15           27.55       1       1          0   0.02586       0.1436    0.08753          -0.06512    -0.06512           0.9672      0.5967          0.1246          0.6993        0.3535          0          0.3605
      0.2           27.49       1       1          0   0.02637        0.197     0.1238          -0.02887    -0.02887           0.9777      0.5713          0.1211          0.7869        0.2688          0          0.4901
      0.3           27.39       1       1          0   0.02735        0.296     0.1922           0.03942     0.03942           0.9937      0.5195          0.1146          0.9911        0.1505          0          0.9734
      0.4           27.28       1       1          0   0.02848       0.4018      0.266            0.1131      0.1131            1.012      0.4648          0.1075           1.245       0.06867          0           1.956
      0.6           27.06       1       1          0   0.03021       0.6034     0.4033            0.2503      0.2503            1.052      0.3593         0.09513           1.971       0.01083          0           6.597
      0.8           26.85       1       1          0   0.03223       0.8025      0.543            0.3899      0.3899             1.09      0.2648          0.0845           3.107     0.0006667          0           22.49
        1           26.62       1       1          0    0.0339        1.009     0.6825            0.5291      0.5291            1.126      0.1857         0.07474           4.798     0.0001667          0           87.02
     1.25           26.34       1       1          0   0.03637        1.275     0.8618            0.7082      0.7082            1.178      0.1123         0.06491             8.3             0          0           467.1
      1.5           26.07       1       1          0   0.03902        1.544      1.044            0.8905      0.8905            1.232     0.05533         0.05627           14.38             0          0            2380

=== 1h P1|B|10
 edge_pct  trades_per_30d  mean_N  mean_L  liq_share  tp_share  drift_H_pct  gross_pct  net_notional_pct  eq_ret_pct  30d_median_mult  30d_p_loss  30d_mdd_median  1y_median_mult  1y_p_below50  1y_p_ruin  IS_median_mult
        0           31.95    1.25       5          0    0.3914     -0.01212    0.01152           -0.1184      -0.148           0.9468       0.665          0.1364          0.5031           0.6  0.0008333          0.1239
    0.025           31.95    1.25       5          0    0.3936      0.01061    0.02149           -0.1083     -0.1354             0.95      0.6527          0.1346          0.5305        0.5593  0.0006667           0.152
     0.05           31.94    1.25       5          0    0.3966      0.03568     0.0338          -0.09584     -0.1198            0.954       0.637          0.1324          0.5616        0.5115     0.0005           0.178
    0.075           31.94    1.25       5          0    0.3993      0.06141    0.04581           -0.0837     -0.1046           0.9592       0.621          0.1307          0.5956        0.4663     0.0005          0.2175
      0.1           31.93    1.25       5          0    0.4019      0.08951    0.05731          -0.07207    -0.09009           0.9643      0.6072          0.1287          0.6298         0.425     0.0005          0.2652
     0.15           31.92    1.25       5          0    0.4074       0.1453    0.08197          -0.04715    -0.05893           0.9731      0.5795          0.1253          0.7094        0.3277  0.0001667          0.3365
      0.2           31.91    1.25       5          0    0.4122        0.199     0.1036          -0.02532    -0.03165           0.9821      0.5538          0.1217          0.7937        0.2603          0          0.4877
      0.3           31.89    1.25       5          0    0.4224       0.3051      0.149           0.02057     0.02572           0.9999      0.5002          0.1149          0.9954        0.1327          0          0.8844
      0.4           31.86    1.25       5          0    0.4329        0.413     0.1965           0.06858     0.08572             1.02      0.4402          0.1079           1.249       0.05717          0           1.869
      0.6           31.81    1.25       5          0    0.4527       0.6152     0.2847            0.1578      0.1973            1.057       0.335         0.09682           1.918      0.008833          0           6.715
      0.8           31.77    1.25       5          0    0.4722       0.8164     0.3717            0.2457      0.3072            1.092      0.2412         0.08728           2.947        0.0015          0           22.03
        1           31.72    1.25       5          0    0.4924        1.024      0.462             0.337      0.4212            1.134      0.1625         0.07869           4.567             0          0           91.58
     1.25           31.66    1.25       5          0    0.5171        1.293     0.5712            0.4474      0.5592            1.182     0.09483         0.07045           7.825             0          0           388.4
      1.5            31.6    1.25       5          0    0.5434        1.565     0.6881            0.5656      0.7069            1.239     0.04683         0.06275           13.82             0          0            2193

=== 1h P2|B|10
 edge_pct  trades_per_30d  mean_N  mean_L  liq_share  tp_share  drift_H_pct  gross_pct  net_notional_pct  eq_ret_pct  30d_median_mult  30d_p_loss  30d_mdd_median  1y_median_mult  1y_p_below50  1y_p_ruin  IS_median_mult
        0           36.05     2.5      10  0.0002032    0.6033     -0.01803    0.02247           -0.0937     -0.2343           0.9033      0.6943          0.2136          0.2742        0.8805     0.1123         0.02445
    0.025           36.05     2.5      10  0.0002032    0.6056      0.00394    0.02845           -0.0876      -0.219           0.9067       0.685           0.212          0.2933         0.863      0.096         0.03108
     0.05           36.06     2.5      10  0.0002031     0.608      0.02711    0.03488          -0.08104     -0.2026           0.9135      0.6738          0.2089          0.3163        0.8395    0.08317         0.03724
    0.075           36.06     2.5      10  0.0002031    0.6105      0.05191    0.04195          -0.07384     -0.1846           0.9196       0.662          0.2061          0.3415        0.8123    0.06917          0.0448
      0.1           36.06     2.5      10  0.0002031    0.6127      0.07926    0.04766          -0.06803     -0.1701           0.9244      0.6497          0.2041          0.3639        0.7877    0.05567         0.05515
     0.15           36.08     2.5      10   0.000203    0.6176       0.1341    0.06105          -0.05438     -0.1359           0.9376       0.628          0.1998          0.4248        0.7273    0.03383         0.09173
      0.2           36.08     2.5      10   0.000203    0.6222       0.1881    0.07334          -0.04185     -0.1046           0.9484      0.6108          0.1963          0.4898         0.667    0.02233          0.1343
      0.3            36.1     2.5      10  0.0002107    0.6311       0.2937    0.09757          -0.01716     -0.0429           0.9668      0.5687          0.1879          0.6426        0.5358   0.006667          0.2624
      0.4           36.12     2.5      10  0.0002028    0.6402       0.4005     0.1218          0.007525     0.01881           0.9879      0.5223           0.179          0.8507        0.3918     0.0025          0.5769
      0.6           36.15     2.5      10  0.0002026    0.6584        0.605     0.1703           0.05702      0.1425            1.035      0.4347          0.1641           1.463        0.1672          0           3.187
      0.8           36.19     2.5      10   0.000179    0.6762       0.8058     0.2183            0.1059      0.2648            1.086       0.343            0.15           2.541       0.05417          0           16.14
        1           36.23     2.5      10  0.0001633    0.6945        1.015     0.2676            0.1562      0.3904            1.135       0.255           0.135           4.488        0.0135          0           82.06
     1.25           36.29     2.5      10  0.0001553    0.7167         1.28     0.3273             0.217      0.5426            1.201       0.167          0.1208           8.905      0.002333          0           580.3
      1.5           36.34     2.5      10   0.000155    0.7397        1.548     0.3895            0.2803      0.7009            1.275     0.09667          0.1096           18.26     0.0003333          0            4825

=== 1h P2|C|10
 edge_pct  trades_per_30d  mean_N  mean_L  liq_share  tp_share  drift_H_pct  gross_pct  net_notional_pct  eq_ret_pct  30d_median_mult  30d_p_loss  30d_mdd_median  1y_median_mult  1y_p_below50  1y_p_ruin  IS_median_mult
        0           32.13     2.5      10          0    0.6821     -0.02449    0.02231          -0.09289     -0.2322           0.8993      0.6588          0.2566          0.2651        0.8702     0.1895         0.02025
    0.025           32.16     2.5      10          0    0.6846    -0.002608    0.03147          -0.08358      -0.209           0.9063       0.648          0.2529          0.2921          0.85     0.1618         0.02723
     0.05           32.19     2.5      10          0    0.6873      0.02048    0.04131          -0.07358      -0.184           0.9126      0.6353          0.2495          0.3232        0.8228     0.1378         0.03453
    0.075           32.23     2.5      10          0    0.6904      0.04662    0.05257          -0.06214     -0.1554           0.9213      0.6213          0.2458          0.3619        0.7913     0.1105         0.05372
      0.1           32.25     2.5      10          0    0.6929      0.07349    0.06193          -0.05263     -0.1316           0.9289      0.6115          0.2435           0.399        0.7618    0.09133         0.06513
     0.15           32.32     2.5      10          0    0.6987       0.1298    0.08358          -0.03064    -0.07661           0.9438      0.5867          0.2362          0.4966        0.6897    0.05967          0.1261
      0.2           32.38     2.5      10          0    0.7041       0.1844     0.1035          -0.01042    -0.02604           0.9622      0.5607          0.2299          0.6121        0.6102    0.03867          0.2241
      0.3           32.48     2.5      10          0    0.7149        0.291     0.1426           0.02934     0.07335           0.9973      0.5053          0.2184          0.9167         0.458     0.0155          0.7064
      0.4           32.59     2.5      10          0    0.7253       0.3972     0.1806           0.06791      0.1698            1.031        0.45          0.2074           1.355        0.3178     0.0055           2.772
      0.6           32.82     2.5      10          0    0.7466       0.6032     0.2567            0.1453      0.3633            1.098      0.3447          0.1873            2.97        0.1048  0.0003333            25.4
      0.8           33.06     2.5      10          0    0.7677        0.804     0.3342            0.2241      0.5602            1.181      0.2482          0.1646           6.788        0.0265          0           293.3
        1           33.32     2.5      10          0    0.7895        1.011     0.4126            0.3038      0.7594             1.27      0.1588          0.1428           16.07      0.005167          0            3243
     1.25           33.61     2.5      10          0    0.8155        1.275     0.5087            0.4014       1.003            1.382     0.08517          0.1228           46.34     0.0008333          0        6.95e+04
      1.5           33.93     2.5      10          0    0.8424        1.543     0.6091            0.5033       1.258            1.515     0.03367          0.1225           145.6             0          0       1.955e+06

=== 1h P3|A|10
 edge_pct  trades_per_30d  mean_N  mean_L  liq_share  tp_share  drift_H_pct  gross_pct  net_notional_pct  eq_ret_pct  30d_median_mult  30d_p_loss  30d_mdd_median  1y_median_mult  1y_p_below50  1y_p_ruin  IS_median_mult
        0           36.76       4      20    0.05942    0.8342      -0.0254    0.01551           -0.1141     -0.4564           0.8039       0.737          0.3537          0.0591        0.9828     0.7283       0.0002847
    0.025           36.79       4      20    0.05896    0.8356    -0.003349    0.01966           -0.1097     -0.4387           0.8094      0.7288          0.3481         0.06488          0.98     0.7082       0.0003465
     0.05           36.81       4      20    0.05836    0.8373      0.02073    0.02491           -0.1041     -0.4162           0.8159      0.7178           0.344         0.07167        0.9758     0.6777       0.0004732
    0.075           36.85       4      20    0.05781     0.839       0.0456    0.03023           -0.0984     -0.3936           0.8235       0.709          0.3418         0.08023        0.9713     0.6475       0.0006012
      0.1           36.87       4      20    0.05718    0.8408      0.07296    0.03546          -0.09279     -0.3712           0.8329      0.7013          0.3359         0.08867        0.9678     0.6197        0.000764
     0.15           36.94       4      20    0.05588    0.8445       0.1288    0.04669          -0.08076     -0.3231           0.8541      0.6845          0.3303          0.1108        0.9535     0.5518        0.001604
      0.2              37       4      20    0.05476     0.848        0.181    0.05712          -0.06964     -0.2786           0.8676       0.665          0.3226          0.1395         0.937     0.4765        0.003451
      0.3            37.1       4      20    0.05246    0.8547       0.2879    0.07691          -0.04846     -0.1938           0.8978      0.6245          0.3061          0.2085         0.887     0.3525        0.009259
      0.4           37.22       4      20     0.0503    0.8613       0.3937    0.09638          -0.02765     -0.1106           0.9274      0.5885          0.2924           0.308        0.8202     0.2442         0.03643
      0.6           37.47       4      20    0.04605     0.875       0.5971     0.1359           0.01457     0.05828           0.9957       0.506          0.2652          0.6865        0.6177    0.09183          0.3465
      0.8           37.71       4      20    0.04172    0.8883        0.798     0.1749            0.0562      0.2248            1.066      0.4157          0.2341           1.616        0.3715    0.02317           4.272
        1           37.96       4      20    0.03723    0.9021        1.007     0.2157           0.09982      0.3993            1.152      0.3247          0.2036           3.796        0.1838      0.002           47.75
     1.25           38.25       4      20    0.03187    0.9184        1.267     0.2639            0.1513       0.605            1.255      0.2292          0.2032           10.83         0.061          0             943
      1.5           38.57       4      20    0.02598    0.9357        1.533     0.3158            0.2068      0.8271            1.379      0.1353          0.2029           34.58         0.017          0       2.733e+04

=== 1h P3|B|10
 edge_pct  trades_per_30d  mean_N  mean_L  liq_share  tp_share  drift_H_pct  gross_pct  net_notional_pct  eq_ret_pct  30d_median_mult  30d_p_loss  30d_mdd_median  1y_median_mult  1y_p_below50  1y_p_ruin  IS_median_mult
        0           39.92       4      20    0.00254    0.7594     -0.01959    0.01856          -0.08838     -0.3535           0.8519      0.7542          0.2691          0.1224        0.9757      0.465        0.002521
    0.025           39.92       4      20   0.002554    0.7607     0.002103    0.02116          -0.08572     -0.3429            0.856      0.7495          0.2665          0.1287        0.9715     0.4457        0.002862
     0.05           39.93       4      20    0.00254    0.7623      0.02626     0.0244          -0.08238     -0.3295           0.8614      0.7417          0.2638          0.1373        0.9665     0.4147        0.003402
    0.075           39.94       4      20   0.002504    0.7639      0.05054    0.02772          -0.07896     -0.3159           0.8658      0.7338          0.2607          0.1466        0.9583     0.3863        0.003859
      0.1           39.94       4      20   0.002489    0.7654      0.07703    0.03065          -0.07595     -0.3038           0.8719      0.7253          0.2587          0.1577        0.9535     0.3555        0.004714
     0.15           39.96       4      20   0.002446    0.7686       0.1314     0.0373          -0.06912     -0.2765           0.8791      0.7093          0.2535          0.1796        0.9405     0.2968         0.00733
      0.2           39.97       4      20   0.002431    0.7716       0.1839    0.04319          -0.06306     -0.2522           0.8873      0.6975          0.2503          0.2024        0.9178     0.2548        0.008842
      0.3              40       4      20   0.002394    0.7775        0.289    0.05531          -0.05061     -0.2024           0.9032      0.6645          0.2419           0.264        0.8763      0.175         0.02051
      0.4           40.04       4      20   0.002343    0.7835       0.3956    0.06703          -0.03855     -0.1542           0.9211      0.6295          0.2331          0.3343        0.8115     0.1147         0.04257
      0.6           40.11       4      20   0.002255    0.7952       0.5969    0.09051           -0.0144    -0.05761           0.9624       0.566          0.2155          0.5383         0.642    0.03967          0.1878
      0.8           40.18       4      20   0.002188    0.8068        0.798     0.1133          0.008981     0.03592           0.9983       0.502          0.2028           0.867        0.4337    0.01067          0.6388
        1           40.24       4      20   0.002072    0.8185        1.007     0.1368           0.03318      0.1327            1.042      0.4257          0.1884           1.429        0.2488     0.0025           2.623
     1.25           40.32       4      20   0.001956    0.8326        1.269     0.1648           0.06194      0.2478            1.095      0.3452          0.1711            2.57        0.1032     0.0005           16.13
      1.5            40.4       4      20   0.001806    0.8478        1.535     0.1953           0.09335      0.3734            1.152      0.2582          0.1547           4.885         0.032          0           120.9

=== 1h P3|C|10
 edge_pct  trades_per_30d  mean_N  mean_L  liq_share  tp_share  drift_H_pct  gross_pct  net_notional_pct  eq_ret_pct  30d_median_mult  30d_p_loss  30d_mdd_median  1y_median_mult  1y_p_below50  1y_p_ruin  IS_median_mult
        0           38.49       4      20          0    0.7931     -0.02046    0.01363          -0.09138     -0.3655           0.8479      0.7492          0.2826          0.1204        0.9748      0.486        0.002611
    0.025           38.51       4      20          0    0.7945     0.001739    0.01682          -0.08811     -0.3525            0.855      0.7438          0.2805           0.128        0.9708     0.4557        0.002977
     0.05           38.52       4      20          0    0.7961      0.02611    0.02086          -0.08398     -0.3359           0.8609      0.7327          0.2775          0.1371        0.9657     0.4238        0.003615
    0.075           38.54       4      20          0    0.7979      0.05047    0.02523          -0.07951      -0.318           0.8675      0.7232          0.2751          0.1497        0.9587     0.3892        0.004577
      0.1           38.55       4      20          0    0.7996       0.0768    0.02925           -0.0754     -0.3016           0.8723      0.7138          0.2709           0.162        0.9502     0.3587        0.005176
     0.15           38.58       4      20          0    0.8032       0.1317    0.03764          -0.06681     -0.2673           0.8816      0.6925          0.2636          0.1941         0.929     0.2912        0.008755
      0.2           38.62       4      20          0    0.8065       0.1841     0.0451          -0.05916     -0.2367           0.8932       0.678          0.2605          0.2263        0.9093     0.2405         0.01554
      0.3           38.68       4      20          0     0.813       0.2898    0.06059          -0.04331     -0.1732           0.9143      0.6378          0.2491          0.3049        0.8405     0.1485         0.03242
      0.4           38.75       4      20          0    0.8193       0.3982    0.07531          -0.02824     -0.1129           0.9368      0.6023           0.238          0.4114        0.7528    0.08533         0.07559
      0.6            38.9       4      20          0    0.8323       0.6017     0.1051          0.002326    0.009305           0.9857      0.5228          0.2201          0.7329        0.5292     0.0215            0.42
      0.8           39.04       4      20          0    0.8446        0.803     0.1333           0.03122      0.1249             1.03      0.4537          0.2007            1.31        0.2975      0.003           2.434
        1           39.18       4      20          0    0.8576        1.013     0.1637           0.06233      0.2493            1.088       0.365          0.1828           2.454        0.1318  0.0003333           13.13
     1.25           39.34       4      20          0    0.8732        1.274        0.2           0.09952      0.3981            1.155      0.2678          0.1692           5.061       0.03783          0           111.1
      1.5           39.53       4      20          0    0.8899        1.541     0.2391            0.1395      0.5581            1.236      0.1735          0.1553           11.27         0.009          0            1488

=== 1h P3|B|30
 edge_pct  trades_per_30d  mean_N  mean_L  liq_share  tp_share  drift_H_pct  gross_pct  net_notional_pct  eq_ret_pct  30d_median_mult  30d_p_loss  30d_mdd_median  1y_median_mult  1y_p_below50  1y_p_ruin  IS_median_mult
        0           33.61       4      20   0.007342    0.4839     -0.01523     0.0177           -0.1093     -0.4373           0.8001      0.7253          0.3758         0.06706        0.9753      0.707       0.0003449
    0.025           33.61       4      20   0.007351    0.4862     0.006985    0.02575           -0.1012     -0.4047           0.8081      0.7138          0.3717         0.07595         0.969      0.674       0.0004677
     0.05           33.61       4      20   0.007317     0.489      0.03092     0.0353          -0.09147     -0.3659           0.8184      0.7043          0.3675         0.08901        0.9627     0.6282       0.0009401
    0.075           33.61       4      20   0.007241    0.4918      0.05594    0.04512          -0.08147     -0.3259           0.8329      0.6912          0.3628          0.1031        0.9512     0.5837        0.001307
      0.1           33.61       4      20   0.007208    0.4944      0.08375    0.05408          -0.07237     -0.2895           0.8417      0.6778          0.3565           0.122        0.9417     0.5483        0.002132
     0.15           33.61       4      20   0.007083    0.4997       0.1386     0.0731          -0.05303     -0.2121           0.8634      0.6565          0.3487           0.168        0.9097     0.4555        0.005855
      0.2           33.61       4      20   0.006991    0.5046       0.1923    0.09013          -0.03572     -0.1429           0.8874      0.6308          0.3411          0.2189        0.8773     0.3763         0.01389
      0.3            33.6       4      20   0.006874     0.515          0.3     0.1267          0.001472    0.005886           0.9311      0.5777          0.3256          0.4154         0.774     0.2247         0.09489
      0.4           33.59       4      20   0.006675    0.5254       0.4069     0.1632           0.03857      0.1543           0.9793      0.5208          0.3071          0.7784        0.6468     0.1178          0.5913
      0.6           33.59       4      20    0.00634    0.5457        0.612     0.2335              0.11      0.4401            1.075      0.4225          0.2823            2.54        0.3665    0.02283           16.33
      0.8            33.6       4      20    0.00602    0.5655        0.814     0.3027            0.1803      0.7212            1.185      0.3215          0.2569           8.054        0.1732   0.002667           520.5
        1           33.59       4      20   0.005685    0.5858        1.022     0.3733            0.2521       1.008            1.308      0.2327          0.2333           26.63       0.06817     0.0005       1.593e+04
     1.25           33.59       4      20   0.005325     0.611        1.286     0.4597            0.3399        1.36             1.47      0.1418          0.2102           116.9       0.02117          0        9.98e+05
      1.5           33.59       4      20   0.004948    0.6376        1.559     0.5526            0.4343       1.737            1.685     0.07483          0.1924           567.2      0.006667          0       1.202e+08

=== 1h P3|B|100
 edge_pct  trades_per_30d  mean_N  mean_L  liq_share  tp_share  drift_H_pct  gross_pct  net_notional_pct  eq_ret_pct  30d_median_mult  30d_p_loss  30d_mdd_median  1y_median_mult  1y_p_below50  1y_p_ruin  IS_median_mult
        0           28.54       4      20    0.01457    0.1165    -0.009898   -0.00543           -0.1587     -0.6347           0.7362       0.741           0.457         0.02053         0.992     0.8685       9.919e-06
    0.025           28.51       4      20    0.01457    0.1174      0.01253   0.009167           -0.1441     -0.5763           0.7486      0.7305          0.4522         0.02583         0.987     0.8485       1.876e-05
     0.05           28.49       4      20    0.01449    0.1185      0.03649    0.02629           -0.1269     -0.5075           0.7626       0.716          0.4447         0.03236         0.983     0.8187       3.951e-05
    0.075           28.46       4      20    0.01438    0.1196      0.06199    0.04249           -0.1106     -0.4424           0.7743      0.7038           0.439         0.04101        0.9762     0.7855       7.989e-05
      0.1           28.44       4      20    0.01429    0.1207      0.09007    0.05886          -0.09417     -0.3767           0.7894       0.691          0.4336         0.05032        0.9685     0.7512       0.0001584
     0.15           28.39       4      20    0.01407     0.123        0.142    0.09374          -0.05913     -0.2365           0.8154      0.6645          0.4223         0.08143        0.9482     0.6628        0.000624
      0.2           28.34       4      20    0.01388    0.1253       0.1956     0.1273          -0.02547     -0.1019           0.8435      0.6347          0.4131          0.1282        0.9173     0.5763        0.002372
      0.3           28.26       4      20    0.01366    0.1294       0.2969     0.1915           0.03894      0.1558           0.9063      0.5815           0.393          0.3022        0.8315     0.3937         0.02529
      0.4           28.17       4      20    0.01325    0.1342       0.4037     0.2604            0.1082      0.4327           0.9756      0.5195          0.3726          0.7648        0.7102     0.2238           0.469
      0.6              28       4      20    0.01261    0.1426       0.6081     0.3893            0.2376      0.9505            1.125      0.4033          0.3387           4.449        0.4253      0.052           87.33
      0.8           27.82       4      20    0.01192    0.1513       0.8081     0.5184            0.3672       1.469            1.289      0.3035          0.3061           26.11        0.2147      0.007       1.392e+04
        1           27.63       4      20    0.01134      0.16         1.02     0.6511            0.5003       2.001            1.476       0.212          0.2769           147.1        0.0915      0.001       1.987e+06
     1.25           27.41       4      20    0.01048    0.1712        1.288     0.8148            0.6648       2.659            1.742      0.1295          0.2455            1213        0.0315          0       9.799e+08
      1.5            27.2       4      20   0.009601    0.1837         1.56     0.9871            0.8378       3.351            2.093     0.06833          0.2151       1.078e+04       0.01067          0       5.687e+11

=== 1h P4|A|10
 edge_pct  trades_per_30d  mean_N  mean_L  liq_share  tp_share  drift_H_pct  gross_pct  net_notional_pct  eq_ret_pct  30d_median_mult  30d_p_loss  30d_mdd_median  1y_median_mult  1y_p_below50  1y_p_ruin  IS_median_mult
        0           42.98      20      50     0.1074    0.8856     -0.02012    0.01272           -0.1314      -2.628           0.2064      0.9432          0.8487       1.197e-09             1          1       8.997e-27
    0.025           42.98      20      50     0.1068    0.8862      0.00188     0.0138             -0.13        -2.6           0.2114       0.942          0.8471       1.423e-09             1          1       2.076e-26
     0.05           42.98      20      50     0.1062    0.8868      0.02611    0.01478           -0.1288      -2.576           0.2171      0.9402          0.8443       1.664e-09             1          1       3.519e-26
    0.075           42.99      20      50     0.1056    0.8876      0.04977    0.01601           -0.1272      -2.544           0.2221       0.937          0.8412       2.051e-09             1          1        6.04e-26
      0.1              43      20      50      0.105    0.8883      0.07562    0.01702           -0.1259      -2.519           0.2235      0.9362          0.8385       2.332e-09             1          1       5.089e-26
     0.15           43.01      20      50     0.1037    0.8898       0.1292    0.01942           -0.1229      -2.458           0.2303       0.934          0.8352       3.611e-09             1          1       2.287e-25
      0.2           43.02      20      50     0.1025    0.8911       0.1806     0.0215           -0.1202      -2.405           0.2373       0.931          0.8317       5.052e-09             1          1           7e-25
      0.3           43.05      20      50     0.1002    0.8938       0.2853    0.02575           -0.1148      -2.297           0.2489      0.9242          0.8211        9.69e-09             1          1       3.788e-24
      0.4           43.08      20      50    0.09818    0.8961       0.3928    0.02941           -0.1102      -2.203           0.2598       0.918          0.8112       1.885e-08             1          1       2.617e-23
      0.6           43.14      20      50    0.09342    0.9017       0.5923    0.03802          -0.09921      -1.984           0.2813      0.9018          0.7958       7.621e-08             1          1       1.213e-21
      0.8            43.2      20      50    0.08923    0.9067       0.7928    0.04568          -0.08948       -1.79            0.302      0.8848          0.7808       2.741e-07             1     0.9998       6.507e-20
        1           43.25      20      50    0.08518    0.9114       0.9991    0.05304          -0.08011      -1.602           0.3497      0.8695          0.7616       9.452e-07             1          1        1.58e-18
     1.25           43.32      20      50    0.07949    0.9179         1.26    0.06329          -0.06706      -1.341            0.425      0.8442          0.7292       5.116e-06             1     0.9998       2.302e-16
      1.5           43.38      20      50    0.07296    0.9251        1.524    0.07487          -0.05228      -1.046           0.4729      0.8058          0.6897       3.843e-05        0.9998     0.9973       8.839e-14

=== 1h P4|B|10
 edge_pct  trades_per_30d  mean_N  mean_L  liq_share  tp_share  drift_H_pct  gross_pct  net_notional_pct  eq_ret_pct  30d_median_mult  30d_p_loss  30d_mdd_median  1y_median_mult  1y_p_below50  1y_p_ruin  IS_median_mult
        0            43.4      20      50    0.06417    0.8719      -0.0196    0.01316           -0.1129      -2.257           0.2724      0.9298          0.7914       3.499e-08             1          1       1.965e-22
    0.025            43.4      20      50    0.06395    0.8725     0.002163    0.01411           -0.1118      -2.236            0.276       0.929          0.7896       3.923e-08             1          1       3.963e-22
     0.05            43.4      20      50    0.06373    0.8731      0.02616    0.01493           -0.1108      -2.217           0.2779      0.9282          0.7872       4.422e-08             1          1        5.08e-22
    0.075           43.41      20      50    0.06347    0.8738      0.04982    0.01596           -0.1097      -2.193           0.2813      0.9252          0.7856       4.973e-08             1          1        7.94e-22
      0.1           43.41      20      50    0.06322    0.8745      0.07563    0.01687           -0.1086      -2.172           0.2839      0.9232           0.784        5.81e-08             1          1       8.648e-22
     0.15           43.42      20      50    0.06253     0.876        0.129    0.01911            -0.106       -2.12           0.2897      0.9213          0.7797       8.088e-08             1          1       2.567e-21
      0.2           43.42      20      50    0.06203    0.8773       0.1807    0.02088           -0.1039      -2.079           0.2971      0.9193          0.7744       1.067e-07             1          1       5.625e-21
      0.3           43.44      20      50    0.06101    0.8798       0.2852    0.02444           -0.0998      -1.996           0.3116      0.9113          0.7666        1.75e-07             1          1       2.117e-20
      0.4           43.46      20      50    0.06025    0.8821       0.3919    0.02755          -0.09625      -1.925           0.3269      0.9035          0.7591       2.838e-07             1          1       6.547e-20
      0.6           43.49      20      50    0.05845    0.8873       0.5909    0.03478          -0.08796      -1.759           0.3473       0.891          0.7434       7.698e-07             1          1       1.015e-18
      0.8           43.53      20      50    0.05667    0.8922        0.791    0.04157          -0.08014      -1.603           0.3778       0.874          0.7297       2.069e-06             1          1       3.769e-17
        1           43.56      20      50    0.05526    0.8968       0.9969    0.04778          -0.07308      -1.462           0.4095       0.858          0.7113       5.214e-06        0.9998     0.9997         3.1e-16
     1.25            43.6      20      50    0.05301     0.903        1.257    0.05632          -0.06325      -1.265           0.4549      0.8313          0.6827       1.727e-05        0.9998     0.9997       1.008e-14
      1.5           43.64      20      50    0.05011    0.9099        1.522    0.06622          -0.05174      -1.035           0.5153       0.796          0.6504       7.612e-05        0.9998     0.9965       1.069e-12

=== 1h P4|C|10
 edge_pct  trades_per_30d  mean_N  mean_L  liq_share  tp_share  drift_H_pct  gross_pct  net_notional_pct  eq_ret_pct  30d_median_mult  30d_p_loss  30d_mdd_median  1y_median_mult  1y_p_below50  1y_p_ruin  IS_median_mult
        0           44.01      20      50          0     0.792     -0.02153    0.00323           -0.0989      -1.978            0.362      0.9653          0.6936       3.096e-06             1          1        7.78e-17
    0.025              44      20      50          0    0.7925    0.0003912   0.003745          -0.09836      -1.967           0.3625      0.9638          0.6897       3.271e-06             1          1       1.046e-16
     0.05           44.01      20      50          0    0.7931      0.02426   0.004237          -0.09784      -1.957           0.3673      0.9617          0.6886       3.469e-06             1          1       1.134e-16
    0.075           44.01      20      50          0    0.7937      0.04801   0.004833          -0.09721      -1.944            0.368      0.9613          0.6881       3.733e-06             1          1       1.507e-16
      0.1           44.01      20      50          0    0.7943      0.07409    0.00539          -0.09663      -1.933           0.3697      0.9612          0.6845       4.002e-06             1          1       2.081e-16
     0.15           44.01      20      50          0    0.7957       0.1273   0.006752          -0.09519      -1.904           0.3781      0.9598          0.6801       4.656e-06             1          1       3.358e-16
      0.2           44.01      20      50          0     0.797       0.1792   0.007987          -0.09389      -1.878           0.3844       0.957          0.6748       5.519e-06             1          1       4.018e-16
      0.3           44.02      20      50          0    0.7994       0.2841    0.01021          -0.09154      -1.831           0.3923      0.9562          0.6677       7.014e-06             1          1       9.048e-16
      0.4           44.03      20      50          0    0.8014        0.391      0.012          -0.08965      -1.793           0.4015       0.954          0.6612       8.613e-06             1          1       1.712e-15
      0.6           44.05      20      50          0    0.8059       0.5906    0.01618          -0.08523      -1.705           0.4132       0.949          0.6532       1.477e-05             1          1        9.85e-15
      0.8           44.07      20      50          0    0.8103       0.7909     0.0203          -0.08089      -1.618           0.4309      0.9392          0.6431       2.527e-05             1          1       5.312e-14
        1           44.09      20      50          0    0.8143       0.9975     0.0241          -0.07688      -1.538           0.4507      0.9308          0.6279       4.011e-05             1          1       3.432e-13
     1.25           44.12      20      50          0    0.8194        1.257    0.02882          -0.07189      -1.438           0.4695       0.917          0.6128       7.045e-05             1          1        1.04e-12
      1.5           44.14      20      50          0    0.8255        1.522    0.03457          -0.06583      -1.317           0.4965      0.9063          0.5951       0.0001422             1          1       6.776e-12

=== 1h P4|B|100
 edge_pct  trades_per_30d  mean_N  mean_L  liq_share  tp_share  drift_H_pct  gross_pct  net_notional_pct  eq_ret_pct  30d_median_mult  30d_p_loss  30d_mdd_median  1y_median_mult  1y_p_below50  1y_p_ruin  IS_median_mult
        0           33.35      20      50     0.3356     0.339     -0.01741  -0.003178           -0.2788      -5.576          0.01723      0.9717          0.9905       1.086e-22             1          1       6.125e-65
    0.025           33.33      20      50     0.3344    0.3411     0.005411   0.005154           -0.2699      -5.397           0.0181      0.9697            0.99        2.25e-22             1          1       5.566e-64
     0.05           33.33      20      50     0.3325    0.3438      0.03106    0.01556           -0.2585      -5.171          0.01955      0.9655          0.9892       5.688e-22             1          1        6.09e-63
    0.075           33.31      20      50     0.3309    0.3464      0.05674    0.02583           -0.2475      -4.949          0.02068      0.9623          0.9884       1.407e-21             1          1       1.152e-61
      0.1           33.31      20      50     0.3294    0.3486      0.08452    0.03463           -0.2379      -4.758          0.02203        0.96          0.9877       3.103e-21             1          1       1.482e-60
     0.15           33.29      20      50     0.3263    0.3537       0.1405    0.05441           -0.2165      -4.331          0.02619      0.9548          0.9863       2.073e-20             1          1       2.007e-58
      0.2           33.27      20      50     0.3238    0.3577       0.1943    0.07086           -0.1988      -3.976          0.02908      0.9475          0.9849       9.524e-20             1          1       7.279e-56
      0.3           33.24      20      50     0.3177    0.3671       0.3008     0.1079           -0.1588      -3.175          0.03903      0.9342          0.9812       3.055e-18             1          1       9.539e-52
      0.4            33.2      20      50      0.312    0.3763       0.4107     0.1442           -0.1196      -2.392          0.05211      0.9143          0.9764       9.512e-17             1          1         2.5e-47
      0.6           33.13      20      50      0.301    0.3938       0.6141     0.2135          -0.04471     -0.8942          0.09128      0.8692          0.9648       5.675e-14             1          1        2.34e-39
      0.8           33.06      20      50     0.2899    0.4112       0.8184     0.2831           0.03053      0.6106           0.1547      0.8067          0.9498       3.821e-11             1     0.9997       4.943e-31
        1           32.98      20      50     0.2786    0.4291        1.027     0.3534            0.1065        2.13           0.2635      0.7352          0.9306       2.502e-08        0.9987     0.9955       9.604e-24
     1.25           32.89      20      50     0.2648    0.4512        1.299     0.4411            0.2011       4.023           0.5154       0.631          0.9001       5.874e-05         0.986     0.9538       1.422e-13
      1.5            32.8      20      50     0.2496    0.4748        1.575     0.5335            0.3012       6.025             1.01      0.4982           0.865          0.3007        0.9137      0.765         0.03303

=== 1h P5|A|10
 edge_pct  trades_per_30d  mean_N  mean_L  liq_share  tp_share  drift_H_pct  gross_pct  net_notional_pct  eq_ret_pct  30d_median_mult  30d_p_loss  30d_mdd_median  1y_median_mult  1y_p_below50  1y_p_ruin  IS_median_mult
        0           39.61   6.273   28.35    0.08307    0.8774     -0.02169    0.02016           -0.1157     -0.7672            0.678      0.8005          0.4587        0.007114        0.9987     0.9715       5.569e-07
    0.025           39.62   6.273   28.35    0.08239    0.8784    0.0001163    0.02317           -0.1123     -0.7472           0.6825      0.7957          0.4552        0.007797        0.9985     0.9668       6.819e-07
     0.05           39.64   6.273   28.35    0.08159    0.8797      0.02418    0.02681           -0.1083     -0.7241           0.6901      0.7902          0.4508        0.008731        0.9977     0.9607       1.079e-06
    0.075           39.66   6.274   28.35    0.08071    0.8811      0.04837    0.03069           -0.1039      -0.698           0.6989       0.784          0.4452        0.009899        0.9977     0.9528       1.711e-06
      0.1           39.68   6.274   28.35    0.07993    0.8823      0.07424    0.03408           -0.1001     -0.6754           0.7078      0.7803           0.441         0.01129        0.9978     0.9447       2.711e-06
     0.15           39.72   6.273   28.35    0.07833    0.8848       0.1288    0.04151          -0.09188     -0.6289           0.7215      0.7678          0.4307         0.01456        0.9967     0.9265       4.871e-06
      0.2           39.76   6.273   28.35    0.07687    0.8871       0.1798    0.04814          -0.08448     -0.5849           0.7405      0.7563           0.423         0.01801        0.9953     0.9048       9.077e-06
      0.3           39.84   6.275   28.35     0.0739     0.892       0.2852    0.06198          -0.06907     -0.4959           0.7734      0.7253          0.4063         0.02925        0.9912     0.8475       3.654e-05
      0.4           39.93   6.277   28.36    0.07094    0.8967       0.3904     0.0751           -0.0544     -0.4083            0.799      0.6972          0.3917         0.04659        0.9825       0.77       0.0001132
      0.6           40.08   6.278   28.36    0.06493    0.9064       0.5907     0.1017          -0.02458     -0.2296           0.8656      0.6345          0.3651          0.1194        0.9352     0.5578        0.001596
      0.8           40.25    6.28   28.37    0.05945    0.9153       0.7897     0.1268          0.003313    -0.06645           0.9341      0.5688          0.3376          0.2894        0.8365     0.3302         0.02167
        1           40.43   6.281   28.37    0.05334     0.925       0.9961     0.1542           0.03392      0.1149            1.012      0.4892          0.3043          0.7597        0.6382     0.1315          0.5408
     1.25           40.64   6.284   28.38      0.046    0.9368        1.255     0.1872           0.07078       0.333            1.113       0.386          0.2577           2.504         0.357    0.02283           15.66
      1.5           40.85   6.285   28.38    0.03795    0.9491        1.518     0.2225            0.1103       0.568            1.243       0.266          0.2254           9.292         0.127  0.0008333           781.9

=== 1h P5|B|10
 edge_pct  trades_per_30d  mean_N  mean_L  liq_share  tp_share  drift_H_pct  gross_pct  net_notional_pct  eq_ret_pct  30d_median_mult  30d_p_loss  30d_mdd_median  1y_median_mult  1y_p_below50  1y_p_ruin  IS_median_mult
        0           41.57   6.293   28.41    0.00246    0.8219      -0.0207    0.02055          -0.08234     -0.5432            0.769      0.8075          0.3486         0.03604        0.9978     0.8578       7.137e-05
    0.025           41.58   6.293   28.41   0.002473    0.8229     0.001205    0.02262          -0.08022     -0.5311           0.7728      0.8037          0.3454         0.03861        0.9975     0.8475       8.246e-05
     0.05           41.59   6.293   28.41   0.002452    0.8241      0.02508    0.02512          -0.07764     -0.5171            0.779      0.7978          0.3418         0.04142        0.9967     0.8322       0.0001063
    0.075           41.59   6.293   28.41   0.002418    0.8254      0.04902    0.02762          -0.07506     -0.5019           0.7847      0.7907          0.3385         0.04489        0.9952     0.8143       0.0001598
      0.1            41.6   6.293   28.41   0.002404    0.8266       0.0752    0.02995          -0.07267     -0.4883           0.7898       0.786          0.3347         0.04831        0.9947      0.795       0.0001809
     0.15           41.61   6.293   28.41   0.002362     0.829       0.1291    0.03499          -0.06747     -0.4591           0.8008      0.7773          0.3298         0.05604        0.9925     0.7585        0.000359
      0.2           41.62   6.293   28.41   0.002348     0.831       0.1808      0.039          -0.06335     -0.4357           0.8075      0.7647          0.3264         0.06328        0.9895     0.7238       0.0004234
      0.3           41.65   6.294   28.41   0.002313    0.8353       0.2852      0.048          -0.05411      -0.385           0.8256      0.7365          0.3175          0.0827          0.98     0.6358        0.001043
      0.4           41.68   6.294   28.42   0.002264    0.8396       0.3902    0.05641          -0.04544     -0.3343           0.8446      0.7155          0.3059          0.1088        0.9653     0.5388         0.00191
      0.6           41.73   6.294   28.42    0.00218    0.8484       0.5901    0.07358          -0.02776     -0.2318           0.8834      0.6682          0.2869           0.186        0.9172     0.3457        0.006935
      0.8           41.81   6.296   28.42   0.002116    0.8567       0.7899    0.09001          -0.01086     -0.1346           0.9197       0.617          0.2693          0.3135        0.8242     0.1878          0.0349
        1           41.87   6.297   28.42   0.002005    0.8654       0.9969     0.1074          0.006999    -0.03168           0.9617      0.5523          0.2516          0.5453        0.6765    0.07783           0.203
     1.25           41.96   6.298   28.43   0.001893     0.876        1.257      0.128            0.0283     0.09148            1.016      0.4757          0.2288           1.061        0.4378      0.018            1.27
      1.5           42.04   6.299   28.43   0.001742    0.8874        1.521     0.1511             0.052      0.2265            1.077      0.3918          0.2063            2.19        0.2088      0.003           9.788

=== 1h P5|C|10
 edge_pct  trades_per_30d  mean_N  mean_L  liq_share  tp_share  drift_H_pct  gross_pct  net_notional_pct  eq_ret_pct  30d_median_mult  30d_p_loss  30d_mdd_median  1y_median_mult  1y_p_below50  1y_p_ruin  IS_median_mult
        0           41.63   6.283   28.38          0    0.8161     -0.02059    0.01853          -0.08355     -0.5446           0.7719      0.8162          0.3457         0.03697        0.9983     0.8562       7.891e-05
    0.025           41.63   6.283   28.38          0    0.8171     0.001505    0.02052          -0.08151     -0.5328           0.7775      0.8118          0.3423          0.0393        0.9983     0.8443       0.0001006
     0.05           41.64   6.283   28.38          0    0.8184      0.02546    0.02294          -0.07903     -0.5188           0.7818      0.8075          0.3392         0.04232        0.9982     0.8297       0.0001224
    0.075           41.65   6.283   28.38          0    0.8197      0.04932    0.02548          -0.07642     -0.5035            0.788      0.7997           0.335         0.04567         0.997     0.8137       0.0001553
      0.1           41.65   6.283   28.38          0    0.8209       0.0755    0.02774          -0.07409     -0.4898           0.7902      0.7938          0.3319         0.04947        0.9963     0.7933       0.0001866
     0.15           41.67   6.283   28.38          0    0.8233       0.1293    0.03247          -0.06923     -0.4619           0.7999      0.7843          0.3268         0.05722        0.9942     0.7588       0.0002698
      0.2           41.68   6.283   28.38          0    0.8252        0.181    0.03612          -0.06548     -0.4391           0.8114      0.7727          0.3227         0.06478         0.993     0.7232       0.0004848
      0.3           41.71   6.284   28.38          0    0.8297       0.2855    0.04485           -0.0565      -0.388           0.8293      0.7488          0.3122         0.08354        0.9853     0.6333       0.0009363
      0.4           41.74   6.284   28.38          0    0.8339       0.3913    0.05269          -0.04844     -0.3392           0.8454      0.7278          0.2994          0.1105        0.9693      0.539        0.002017
      0.6           41.79   6.285   28.39          0    0.8426       0.5912    0.06872          -0.03195      -0.241           0.8824      0.6738          0.2816          0.1821        0.9225     0.3438        0.007276
      0.8           41.87   6.287   28.39          0    0.8509       0.7916    0.08446          -0.01576      -0.146           0.9154      0.6262          0.2674          0.3052        0.8308     0.1815          0.0346
        1           41.93   6.288    28.4          0    0.8595       0.9988     0.1006         0.0008434    -0.04638           0.9559      0.5603          0.2498          0.5225         0.681     0.0765          0.1382
     1.25           42.02    6.29    28.4          0    0.8702        1.259     0.1208           0.02158     0.07593             1.01      0.4837          0.2275          0.9992        0.4455    0.01717           1.041
      1.5            42.1   6.291   28.41          0    0.8816        1.523     0.1426           0.04401      0.2075             1.07       0.401          0.2034           2.031        0.2185   0.001667            7.23

=== 1h P5|B|100
 edge_pct  trades_per_30d  mean_N  mean_L  liq_share  tp_share  drift_H_pct  gross_pct  net_notional_pct  eq_ret_pct  30d_median_mult  30d_p_loss  30d_mdd_median  1y_median_mult  1y_p_below50  1y_p_ruin  IS_median_mult
        0           29.02   6.251   28.26    0.01434    0.1727    -0.005444  -0.005491           -0.1553     -0.9162           0.6163      0.7728          0.5712        0.002795        0.9982     0.9697       3.869e-08
    0.025           29.01    6.25   28.26    0.01433    0.1742      0.01719   0.008773            -0.141     -0.8349           0.6259      0.7623          0.5645        0.003596        0.9975     0.9588       1.052e-07
     0.05           28.99    6.25   28.26    0.01425     0.176      0.04127    0.02527           -0.1244     -0.7439           0.6441      0.7517           0.558        0.005002        0.9963     0.9442       3.007e-07
    0.075           28.97    6.25   28.26    0.01414    0.1778      0.06702    0.04134           -0.1082     -0.6521           0.6577      0.7368          0.5515        0.007044        0.9945      0.927       6.172e-07
      0.1           28.95   6.251   28.26    0.01406    0.1795        0.095    0.05689          -0.09254     -0.5669            0.674      0.7248          0.5456        0.009325        0.9913     0.9085       1.516e-06
     0.15           28.91   6.251   28.26    0.01384    0.1829       0.1475    0.09072          -0.05849     -0.3797           0.7122      0.6955          0.5329         0.01815         0.982      0.858       1.107e-05
      0.2           28.87   6.251   28.26    0.01365    0.1861       0.1998     0.1223          -0.02671     -0.2027           0.7513       0.667           0.521          0.0332        0.9667       0.79       4.702e-05
      0.3           28.81    6.25   28.26    0.01343    0.1923        0.301     0.1836           0.03495      0.1395           0.8311      0.6063          0.4949          0.1127        0.9187      0.632        0.001248
      0.4           28.73    6.25   28.25    0.01302    0.1992       0.4067     0.2503             0.102      0.5033           0.9225       0.549          0.4731           0.384        0.8253     0.4362         0.05884
      0.6           28.59   6.249   28.25    0.01238    0.2122       0.6101     0.3753            0.2278       1.205            1.115       0.434          0.4271           4.308        0.5598      0.134           89.07
      0.8           28.44   6.248   28.25    0.01169    0.2246       0.8098     0.4995            0.3528       1.892             1.37      0.3145          0.3884           46.21        0.3063    0.02383       7.906e+04
        1           28.29   6.248   28.25     0.0111    0.2377         1.02     0.6276            0.4816       2.601            1.653       0.214          0.3527           491.6         0.149     0.0025       1.216e+08
     1.25           28.11   6.247   28.24    0.01025    0.2542        1.285     0.7844            0.6395       3.481             2.09      0.1243          0.3079            9316       0.05383  0.0001667       5.001e+11
      1.5           27.94   6.248   28.25   0.009387    0.2718        1.556     0.9502            0.8063       4.388            2.689      0.0605          0.2748       1.789e+05       0.01833          0       3.027e+15

=== 1h P5c|A|10
 edge_pct  trades_per_30d  mean_N  mean_L  liq_share  tp_share  drift_H_pct  gross_pct  net_notional_pct  eq_ret_pct  30d_median_mult  30d_p_loss  30d_mdd_median  1y_median_mult  1y_p_below50  1y_p_ruin  IS_median_mult
        0           39.61   5.669   28.35    0.08307    0.8774     -0.02169    0.02016           -0.1157     -0.6888           0.7103      0.7935          0.4255         0.01279        0.9982     0.9458       3.103e-06
    0.025           39.62   5.728   28.35    0.08239    0.8784    0.0001163    0.02317           -0.1123     -0.6598           0.7155      0.7853           0.422         0.01448         0.997     0.9347       5.531e-06
     0.05           39.64   5.795   28.35    0.08159    0.8797      0.02418    0.02681           -0.1083     -0.6255           0.7274      0.7737          0.4163         0.01699         0.996     0.9178       6.831e-06
    0.075           39.66   5.859   28.35    0.08071    0.8811      0.04837    0.03069           -0.1039     -0.5888           0.7397      0.7633          0.4101         0.02017        0.9955     0.9008       1.362e-05
      0.1           39.68   5.924   28.35    0.07993    0.8823      0.07424    0.03408           -0.1001     -0.5548           0.7504       0.754          0.4043         0.02368        0.9938       0.88       2.416e-05
     0.15           39.72   6.055   28.35    0.07833    0.8848       0.1288    0.04151          -0.09188     -0.4882            0.774      0.7323          0.3948         0.03315        0.9898     0.8307       5.092e-05
      0.2           39.76   6.186   28.35    0.07687    0.8871       0.1798    0.04814          -0.08448     -0.4247           0.7916      0.7103          0.3876         0.04464        0.9823     0.7722       0.0001244
      0.3           39.84   6.452   28.35     0.0739     0.892       0.2852    0.06198          -0.06907     -0.2933           0.8424      0.6577          0.3704         0.08341        0.9553     0.6363       0.0007922
      0.4           39.93   6.717   28.36    0.07094    0.8967       0.3904     0.0751           -0.0544     -0.1664            0.886       0.612          0.3617          0.1501        0.9078     0.5017        0.003746
      0.6           40.08    7.24   28.36    0.06493    0.9064       0.5907     0.1017          -0.02458     0.09561           0.9843      0.5145           0.342          0.5314        0.7423     0.2345          0.1382
      0.8           40.25    7.77   28.37    0.05945    0.9153       0.7897     0.1268          0.003313      0.3394            1.092      0.4232          0.3258           1.745        0.5253    0.09233           6.139
        1           40.43   8.307   28.37    0.05334     0.925       0.9961     0.1542           0.03392      0.6058            1.222      0.3367          0.3028           6.477        0.3268    0.02833           242.7
     1.25           40.64   8.966   28.38      0.046    0.9368        1.255     0.1872           0.07078      0.9297            1.411      0.2498          0.2677           32.09        0.1815   0.007167       2.232e+04
      1.5           40.85    9.63   28.38    0.03795    0.9491        1.518     0.2225            0.1103        1.27            1.636      0.1773          0.2155           180.6          0.11   0.002333       4.649e+06

=== 1h P5c|B|10
 edge_pct  trades_per_30d  mean_N  mean_L  liq_share  tp_share  drift_H_pct  gross_pct  net_notional_pct  eq_ret_pct  30d_median_mult  30d_p_loss  30d_mdd_median  1y_median_mult  1y_p_below50  1y_p_ruin  IS_median_mult
        0           41.57   5.682   28.41    0.00246    0.8219      -0.0207    0.02055          -0.08234     -0.4857           0.7933      0.8002          0.3216         0.05196         0.996     0.7877       0.0002181
    0.025           41.58   5.742   28.41   0.002473    0.8229     0.001205    0.02262          -0.08022     -0.4692           0.7991      0.7932          0.3198         0.05627        0.9955      0.765       0.0002605
     0.05           41.59   5.808   28.41   0.002452    0.8241      0.02508    0.02512          -0.07764     -0.4475           0.8083       0.782          0.3159         0.06295        0.9922      0.736       0.0004269
    0.075           41.59   5.873   28.41   0.002418    0.8254      0.04902    0.02762          -0.07506     -0.4272           0.8145      0.7693          0.3133         0.06858        0.9883     0.7058       0.0005841
      0.1            41.6   5.938   28.41   0.002404    0.8266       0.0752    0.02995          -0.07267     -0.4081           0.8201      0.7598          0.3117         0.07487        0.9855     0.6733       0.0006445
     0.15           41.61    6.07   28.41   0.002362     0.829       0.1291    0.03499          -0.06747     -0.3688           0.8353      0.7402          0.3075          0.0908        0.9782     0.6062        0.001169
      0.2           41.62   6.201   28.41   0.002348     0.831       0.1808      0.039          -0.06335     -0.3369           0.8453       0.722          0.3067          0.1054        0.9673     0.5572         0.00157
      0.3           41.65   6.466   28.41   0.002313    0.8353       0.2852      0.048          -0.05411     -0.2658           0.8652      0.6823          0.3026          0.1472        0.9405     0.4435        0.003923
      0.4           41.68   6.731   28.42   0.002264    0.8396       0.3902    0.05641          -0.04544     -0.1966            0.895      0.6442          0.2978           0.203        0.8978     0.3517        0.007507
      0.6           41.73   7.255   28.42    0.00218    0.8484       0.5901    0.07358          -0.02776    -0.05232           0.9513      0.5658           0.292          0.3916         0.772     0.1935         0.06673
      0.8           41.81   7.785   28.42   0.002116    0.8567       0.7899    0.09001          -0.01086     0.08496           0.9962      0.5042          0.2898          0.7446        0.6278      0.106          0.4125
        1           41.87   8.323   28.42   0.002005    0.8654       0.9969     0.1074          0.006999      0.2331            1.056      0.4382          0.2864           1.546        0.4825    0.05217           3.908
     1.25           41.96   8.982   28.43   0.001893     0.876        1.257      0.128            0.0283      0.4059            1.143      0.3742          0.2856           3.465        0.3365     0.0255           36.27
      1.5           42.04   9.648   28.43   0.001742    0.8874        1.521     0.1511             0.052      0.5937            1.221      0.3152           0.286           8.463        0.2313    0.01033           536.6

=== 1h P5c|C|10
 edge_pct  trades_per_30d  mean_N  mean_L  liq_share  tp_share  drift_H_pct  gross_pct  net_notional_pct  eq_ret_pct  30d_median_mult  30d_p_loss  30d_mdd_median  1y_median_mult  1y_p_below50  1y_p_ruin  IS_median_mult
        0           41.63   5.676   28.38          0    0.8161     -0.02059    0.01853          -0.08355     -0.4887           0.7962      0.8102          0.3197         0.05346        0.9975     0.7862       0.0002436
    0.025           41.63   5.736   28.38          0    0.8171     0.001505    0.02052          -0.08151     -0.4722            0.802      0.8042          0.3164         0.05797        0.9973     0.7623       0.0002829
     0.05           41.64   5.802   28.38          0    0.8184      0.02546    0.02294          -0.07903      -0.451           0.8099      0.7908           0.313         0.06378        0.9942     0.7268       0.0003498
    0.075           41.65   5.866   28.38          0    0.8197      0.04932    0.02548          -0.07642     -0.4306           0.8154      0.7788          0.3095         0.06963         0.991     0.6942       0.0004802
      0.1           41.65   5.932   28.38          0    0.8209       0.0755    0.02774          -0.07409     -0.4121           0.8205      0.7672          0.3075         0.07629        0.9897     0.6692       0.0006158
     0.15           41.67   6.063   28.38          0    0.8233       0.1293    0.03247          -0.06923     -0.3752           0.8306      0.7478          0.3045         0.09101        0.9822     0.6035        0.001101
      0.2           41.68   6.193   28.38          0    0.8252        0.181    0.03612          -0.06548      -0.345            0.841      0.7318          0.3028          0.1044        0.9732     0.5578        0.001723
      0.3           41.71   6.459   28.38          0    0.8297       0.2855    0.04485           -0.0565     -0.2741           0.8652      0.6888             0.3           0.146        0.9412     0.4385        0.004436
      0.4           41.74   6.724   28.38          0    0.8339       0.3913    0.05269          -0.04844     -0.2088           0.8905      0.6512          0.2954          0.1989        0.9053     0.3448        0.008885
      0.6           41.79   7.246   28.39          0    0.8426       0.5912    0.06872          -0.03195    -0.07226           0.9401      0.5767          0.2913          0.3699        0.7838     0.1955         0.05326
      0.8           41.87   7.776   28.39          0    0.8509       0.7916    0.08446          -0.01576     0.05886           0.9841       0.519          0.2908          0.6833        0.6445     0.1063          0.2872
        1           41.93   8.314    28.4          0    0.8595       0.9988     0.1006         0.0008434         0.2            1.049       0.451          0.2857           1.351        0.4947     0.0525           2.252
     1.25           42.02   8.974    28.4          0    0.8702        1.259     0.1208           0.02158      0.3688            1.118      0.3925          0.2818           2.979        0.3448     0.0225           21.86
      1.5            42.1   9.639   28.41          0    0.8816        1.523     0.1426           0.04401      0.5479            1.197      0.3285          0.2859           6.955        0.2415   0.007833           243.1

=== 1h P6|B|none
 edge_pct  trades_per_30d  mean_N  mean_L  liq_share  tp_share  drift_H_pct  gross_pct  net_notional_pct  eq_ret_pct  30d_median_mult  30d_p_loss  30d_mdd_median  1y_median_mult  1y_p_below50  1y_p_ruin  IS_median_mult
        0           27.55  0.6035   9.945          0         0    -0.004257   -0.03124           -0.1852    -0.09217           0.9673      0.6828         0.07251          0.7024       0.09317          0          0.3796
    0.025           27.52  0.6035   9.945          0         0      0.01789   -0.01553           -0.1695    -0.08361           0.9697      0.6712         0.07143          0.7234        0.0745          0          0.4044
     0.05           27.49  0.6035   9.945          0         0      0.04158   0.001476           -0.1525    -0.07501           0.9727      0.6587         0.06987          0.7452       0.05917          0          0.4442
    0.075           27.46  0.6035   9.945          0         0      0.06646    0.01929           -0.1348    -0.06603           0.9752      0.6437         0.06888          0.7659         0.045          0          0.4782
      0.1           27.43  0.6036   9.945          0         0      0.09525    0.03887           -0.1152    -0.05652           0.9773      0.6303         0.06786           0.789       0.03417          0          0.5281
     0.15           27.36  0.6037   9.945          0         0       0.1461    0.07488          -0.07927    -0.03787            0.982      0.6015         0.06544          0.8431       0.01783          0          0.6245
      0.2            27.3  0.6038   9.945          0         0       0.1992     0.1114          -0.04287     -0.0196            0.987      0.5707         0.06303          0.8978      0.009167          0          0.7379
      0.3            27.2  0.6039   9.945          0         0       0.2972     0.1791           0.02475      0.0153           0.9964      0.5183          0.0593           1.006         0.003          0           1.031
      0.4           27.08   0.604   9.945          0         0       0.4022     0.2533           0.09881     0.05195            1.007       0.461         0.05554           1.134        0.0005          0           1.493
      0.6           26.85  0.6042   9.945          0         0       0.6028      0.389            0.2342      0.1228            1.026      0.3558         0.04892            1.42             0          0            2.88
      0.8           26.64  0.6044   9.945          0         0       0.7998     0.5271             0.372      0.1939            1.045      0.2548         0.04215           1.786             0          0           5.444
        1            26.4  0.6047   9.945          0         0        1.006      0.669            0.5137      0.2673            1.065      0.1718         0.03843           2.246             0          0           10.38
     1.25           26.11   0.605   9.946          0         0        1.272     0.8492            0.6935      0.3607            1.089     0.09567         0.03184           2.984             0          0           24.73
      1.5           25.82  0.6056   9.946          0         0        1.538      1.031            0.8751      0.4541            1.115     0.04617         0.02866           3.927             0          0           56.09

=== 1h P6h|B|none
 edge_pct  trades_per_30d  mean_N  mean_L  liq_share  tp_share  drift_H_pct  gross_pct  net_notional_pct  eq_ret_pct  30d_median_mult  30d_p_loss  30d_mdd_median  1y_median_mult  1y_p_below50  1y_p_ruin  IS_median_mult
        0           27.55  0.3017   9.945          0         0    -0.004257   -0.03124           -0.1852    -0.04608            0.984      0.6767         0.03671           0.844             0          0          0.6286
    0.025           27.52  0.3017   9.945          0         0      0.01789   -0.01553           -0.1695     -0.0418           0.9853      0.6652         0.03619          0.8564             0          0          0.6498
     0.05           27.49  0.3018   9.945          0         0      0.04158   0.001476           -0.1525     -0.0375           0.9868      0.6525         0.03539          0.8694             0          0          0.6813
    0.075           27.46  0.3018   9.945          0         0      0.06646    0.01929           -0.1348    -0.03302            0.988       0.637         0.03487          0.8812             0          0          0.7057
      0.1           27.43  0.3018   9.945          0         0      0.09525    0.03887           -0.1152    -0.02826           0.9891      0.6245         0.03436          0.8944             0          0          0.7429
     0.15           27.36  0.3018   9.945          0         0       0.1461    0.07488          -0.07927    -0.01894           0.9915      0.5958         0.03309          0.9251             0          0           0.807
      0.2            27.3  0.3019   9.945          0         0       0.1992     0.1114          -0.04287   -0.009801           0.9939      0.5653         0.03187          0.9545             0          0           0.877
      0.3            27.2  0.3019   9.945          0         0       0.2972     0.1791           0.02475    0.007651           0.9987      0.5137         0.02997           1.011             0          0           1.037
      0.4           27.08   0.302   9.945          0         0       0.4022     0.2533           0.09881     0.02597            1.004      0.4558         0.02802           1.073             0          0            1.25
      0.6           26.85  0.3021   9.945          0         0       0.6028      0.389            0.2342      0.0614            1.013      0.3507         0.02463           1.201             0          0           1.736
      0.8           26.64  0.3022   9.945          0         0       0.7998     0.5271             0.372     0.09697            1.023      0.2497          0.0212           1.347             0          0           2.389
        1            26.4  0.3023   9.945          0         0        1.006      0.669            0.5137      0.1337            1.033      0.1675         0.01933           1.511             0          0           3.297
     1.25           26.11  0.3025   9.946          0         0        1.272     0.8492            0.6935      0.1804            1.044      0.0925         0.01598           1.742             0          0           5.093
      1.5           25.82  0.3028   9.946          0         0        1.538      1.031            0.8751      0.2271            1.057     0.04467         0.01437           1.999             0          0           7.678

=== 1h P6|B|10
 edge_pct  trades_per_30d  mean_N  mean_L  liq_share  tp_share  drift_H_pct  gross_pct  net_notional_pct  eq_ret_pct  30d_median_mult  30d_p_loss  30d_mdd_median  1y_median_mult  1y_p_below50  1y_p_ruin  IS_median_mult
        0           36.02  0.5898   9.938          0     0.602     -0.01871     0.0212          -0.09496    -0.06231           0.9768      0.7072          0.0519          0.7527         0.007          0          0.4395
    0.025           36.03  0.5898   9.938          0    0.6043     0.003324    0.02724           -0.0888    -0.05865           0.9784       0.699         0.05104          0.7641         0.005          0          0.4632
     0.05           36.03  0.5898   9.938          0    0.6067      0.02651    0.03389          -0.08203    -0.05482             0.98      0.6868         0.05044          0.7767      0.003333          0          0.4776
    0.075           36.04  0.5898   9.938          0    0.6093      0.05132    0.04107          -0.07471     -0.0506           0.9812      0.6748         0.04963          0.7917        0.0025          0          0.5071
      0.1           36.04  0.5898   9.938          0    0.6114      0.07865    0.04687           -0.0688    -0.04713           0.9825      0.6633         0.04886          0.8036        0.0015          0          0.5408
     0.15           36.06  0.5897   9.938          0    0.6164       0.1334    0.06026          -0.05516    -0.03916           0.9854      0.6375         0.04746          0.8324     0.0006667          0          0.5847
      0.2           36.06  0.5897   9.938          0     0.621       0.1873    0.07253          -0.04265    -0.03177            0.988       0.615         0.04616          0.8596     0.0001667          0          0.6437
      0.3           36.08  0.5897   9.938          0    0.6299        0.293    0.09711          -0.01761    -0.01724           0.9927      0.5717         0.04376          0.9182             0          0          0.7872
      0.4            36.1  0.5897   9.938          0    0.6391       0.3997     0.1222            0.0079   -0.002642           0.9981       0.517         0.04091          0.9794             0          0          0.9229
      0.6           36.13  0.5895   9.938          0    0.6573        0.604     0.1715           0.05818     0.02696            1.009      0.4173         0.03705           1.112             0          0           1.362
      0.8           36.17  0.5893   9.938          0    0.6752       0.8047     0.2199            0.1075     0.05596             1.02      0.3135         0.03332           1.267             0          0           1.987
        1           36.21  0.5891   9.938          0    0.6936        1.014     0.2701            0.1587     0.08553            1.031      0.2247         0.02983           1.446             0          0           2.945
     1.25           36.27   0.589   9.938          0    0.7159        1.279     0.3308            0.2205       0.122            1.045      0.1338         0.02588           1.694             0          0           4.699
      1.5           36.32  0.5888   9.938          0    0.7389        1.547     0.3935            0.2844      0.1591            1.059       0.069         0.02291           2.003             0          0            7.69

=== 4h P0|A|10
 edge_pct  trades_per_30d  mean_N  mean_L  liq_share  tp_share  drift_H_pct  gross_pct  net_notional_pct  eq_ret_pct  30d_median_mult  30d_p_loss  30d_mdd_median  1y_median_mult  1y_p_below50  1y_p_ruin  IS_median_mult
        0           10.64       1       1  2.648e-05   0.02619     -0.01523   0.009377           -0.1492     -0.1492           0.9836      0.5713         0.08007          0.7613         0.216     0.0045          0.4492
    0.025           10.64       1       1  2.648e-05   0.02643     0.009544    0.03416           -0.1244     -0.1244           0.9855      0.5622         0.07904          0.7849         0.198     0.0045          0.4958
     0.05           10.64       1       1  2.648e-05   0.02661      0.03239    0.05697           -0.1015     -0.1015           0.9873      0.5542         0.07786          0.8071        0.1823     0.0045          0.5747
    0.075           10.64       1       1  2.648e-05   0.02693       0.0593    0.08339          -0.07511    -0.07511           0.9898       0.545         0.07692          0.8338        0.1617     0.0045          0.6343
      0.1           10.64       1       1  2.648e-05   0.02727      0.08537     0.1096          -0.04888    -0.04888           0.9922      0.5362         0.07619          0.8628        0.1437     0.0045          0.6965
     0.15           10.64       1       1  2.648e-05   0.02793       0.1398     0.1649          0.006459    0.006461            0.997      0.5135         0.07398          0.9304        0.1103     0.0045          0.8735
      0.2           10.64       1       1  2.648e-05    0.0283       0.1898      0.215           0.05661     0.05661            1.001       0.494          0.0724          0.9888       0.08283     0.0045           1.015
      0.3           10.64       1       1  2.647e-05   0.02923       0.2846     0.3105            0.1521      0.1521            1.012      0.4558         0.06759           1.121       0.05133     0.0045           1.346
      0.4           10.64       1       1  2.647e-05   0.03013       0.3754     0.4018            0.2435      0.2435            1.021      0.4178          0.0649           1.256         0.031     0.0045           1.865
      0.6           10.64       1       1  2.647e-05   0.03229        0.587     0.6135            0.4553      0.4553            1.043      0.3368         0.05589           1.661      0.009667     0.0045           4.109
      0.8           10.64       1       1  2.646e-05   0.03427       0.7922     0.8166            0.6585      0.6585            1.063      0.2598         0.04955           2.155      0.006667     0.0045           10.36
        1           10.65       1       1  2.646e-05   0.03572       0.9835      1.008            0.8504      0.8504            1.085      0.1955         0.04246           2.767      0.005167     0.0045           21.17
     1.25           10.65       1       1  2.646e-05   0.03831        1.243      1.266             1.108       1.108            1.115      0.1222         0.03456           3.868         0.005     0.0045           48.05
      1.5           10.65       1       1  2.645e-05   0.04095        1.511      1.531             1.373       1.373            1.144     0.06633         0.02507           5.452        0.0045     0.0045           148.6

=== 4h P0|B|10
 edge_pct  trades_per_30d  mean_N  mean_L  liq_share  tp_share  drift_H_pct  gross_pct  net_notional_pct  eq_ret_pct  30d_median_mult  30d_p_loss  30d_mdd_median  1y_median_mult  1y_p_below50  1y_p_ruin  IS_median_mult
        0           10.85       1       1          0   0.02529     -0.01303   -0.01645           -0.1734     -0.1734           0.9766      0.5983         0.08287          0.7404        0.1903          0          0.4386
    0.025           10.84       1       1          0   0.02551      0.01079   0.006323           -0.1507     -0.1507            0.979      0.5892         0.08176          0.7623        0.1705          0          0.4905
     0.05           10.84       1       1          0   0.02569      0.03395    0.02824           -0.1288     -0.1288           0.9814        0.58         0.08065          0.7853        0.1485          0          0.5138
    0.075           10.84       1       1          0   0.02604      0.06138     0.0522           -0.1048     -0.1048           0.9831        0.57         0.07977          0.8113         0.128          0          0.5804
      0.1           10.84       1       1          0   0.02638      0.08801    0.07716          -0.07983    -0.07983           0.9858      0.5595         0.07846          0.8384        0.1103          0          0.6455
     0.15           10.83       1       1          0   0.02701       0.1435     0.1285           -0.0285     -0.0285           0.9911      0.5375         0.07632          0.8959       0.08117          0          0.7472
      0.2           10.83       1       1          0   0.02741       0.1941     0.1755           0.01854     0.01854            0.996       0.517          0.0744          0.9528         0.058          0          0.8773
      0.3           10.82       1       1          0   0.02829       0.2903     0.2657            0.1087      0.1087            1.005      0.4787         0.07072            1.07       0.02833          0           1.263
      0.4           10.82       1       1          0   0.02914       0.3807     0.3529            0.1959      0.1959            1.014        0.44         0.06749           1.203        0.0125          0           1.773
      0.6            10.8       1       1          0   0.03116       0.5923     0.5484            0.3914      0.3914            1.034      0.3597          0.0595           1.543         0.002          0           3.738
      0.8           10.79       1       1          0   0.03306       0.7968     0.7382            0.5812      0.5812            1.055       0.282         0.05304           1.979     0.0001667          0           7.596
        1           10.77       1       1          0   0.03436       0.9871     0.9163            0.7593      0.7593            1.076      0.2162         0.04716           2.493             0          0           14.58
     1.25           10.76       1       1          0   0.03684        1.244      1.152            0.9946      0.9946            1.102      0.1455         0.04124           3.374             0          0           36.45
      1.5           10.74       1       1          0   0.03948        1.513      1.394             1.237       1.237            1.129      0.0875         0.03513           4.638             0          0           90.81

=== 4h P1|B|10
 edge_pct  trades_per_30d  mean_N  mean_L  liq_share  tp_share  drift_H_pct  gross_pct  net_notional_pct  eq_ret_pct  30d_median_mult  30d_p_loss  30d_mdd_median  1y_median_mult  1y_p_below50  1y_p_ruin  IS_median_mult
        0           11.38    1.25       5  7.427e-05    0.4351    -0.008798     0.0276           -0.1049     -0.1311           0.9859      0.5628         0.08377          0.7911        0.1423          0           0.523
    0.025           11.38    1.25       5  7.425e-05     0.438      0.01558    0.04323          -0.08913     -0.1114           0.9881      0.5518         0.08266          0.8105         0.125          0          0.5612
     0.05           11.38    1.25       5  7.424e-05    0.4405      0.03858    0.05811          -0.07411    -0.09264           0.9903      0.5407          0.0816          0.8322        0.1098          0          0.6032
    0.075           11.39    1.25       5  7.422e-05    0.4432      0.06565    0.07306          -0.05902    -0.07377           0.9925      0.5322         0.08058           0.855       0.09217          0          0.6467
      0.1           11.39    1.25       5  7.421e-05    0.4458      0.09184    0.08909          -0.04285    -0.05356            0.994      0.5227         0.07988          0.8805       0.07833          0           0.703
     0.15           11.39    1.25       5  7.419e-05    0.4522       0.1476     0.1235         -0.008126    -0.01016           0.9995      0.5022         0.07829            0.93        0.0585          0          0.8069
      0.2           11.39    1.25       5  7.416e-05     0.458       0.1971     0.1544           0.02309     0.02887            1.005      0.4805         0.07652          0.9814       0.04333          0          0.9227
      0.3            11.4    1.25       5  7.411e-05    0.4696        0.296     0.2179           0.08729      0.1091            1.013       0.439         0.07258           1.096       0.01967          0           1.245
      0.4           11.41    1.25       5  7.408e-05    0.4801       0.3865     0.2757            0.1456       0.182            1.022      0.4062         0.06944           1.215      0.009333          0           1.665
      0.6           11.42    1.25       5  7.401e-05    0.5034       0.5954     0.4041            0.2752       0.344            1.043      0.3203          0.0619           1.529      0.001833          0           3.304
      0.8           11.43    1.25       5  7.393e-05    0.5269       0.8038     0.5341            0.4066      0.5082             1.06      0.2493         0.05633           1.929     0.0001667          0           6.912
        1           11.44    1.25       5  7.389e-05    0.5491       0.9937     0.6569            0.5305      0.6631            1.079       0.193         0.05152             2.4             0          0           13.12
     1.25           11.45    1.25       5  7.379e-05    0.5769        1.251     0.8122            0.6873      0.8591            1.105      0.1275         0.04548           3.164             0          0           29.95
      1.5           11.47    1.25       5  4.912e-05    0.6057        1.519     0.9763             0.853       1.066            1.131      0.0735          0.0377           4.262             0          0           69.94

=== 4h P2|B|10
 edge_pct  trades_per_30d  mean_N  mean_L  liq_share  tp_share  drift_H_pct  gross_pct  net_notional_pct  eq_ret_pct  30d_median_mult  30d_p_loss  30d_mdd_median  1y_median_mult  1y_p_below50  1y_p_ruin  IS_median_mult
        0           11.89     2.5      10  0.0008764    0.6691     -0.01485    0.03052          -0.08717     -0.2179           0.9761      0.5678          0.1312          0.6355        0.4517   0.001167          0.2504
    0.025            11.9     2.5      10   0.000876     0.672     0.008185    0.04016          -0.07736     -0.1934           0.9792      0.5593          0.1299          0.6584         0.428   0.001167          0.2681
     0.05            11.9     2.5      10  0.0008757    0.6744      0.03152    0.04835          -0.06904     -0.1726           0.9809      0.5513          0.1284          0.6788         0.409  0.0008333          0.2804
    0.075            11.9     2.5      10  0.0008755    0.6769      0.05874    0.05684          -0.06041      -0.151           0.9833      0.5447          0.1266          0.7004         0.385  0.0006667          0.3306
      0.1           11.91     2.5      10  0.0008753    0.6796       0.0847    0.06668          -0.05042     -0.1261           0.9861      0.5362          0.1249          0.7261        0.3637  0.0003333          0.3873
     0.15           11.91     2.5      10  0.0008039    0.6852       0.1391    0.08568          -0.03108    -0.07769           0.9917       0.522           0.123          0.7822        0.3153  0.0001667          0.4297
      0.2           11.92     2.5      10  0.0008272    0.6905        0.191     0.1039          -0.01256     -0.0314           0.9976      0.5057          0.1205          0.8344         0.274          0          0.5303
      0.3           11.93     2.5      10  0.0008737     0.701       0.2908     0.1391           0.02321     0.05803             1.01       0.471          0.1156          0.9541        0.2007          0          0.7733
      0.4           11.94     2.5      10  0.0008259    0.7112       0.3814     0.1731           0.05777      0.1444            1.019      0.4443          0.1114           1.083        0.1452          0           1.297
      0.6           11.95     2.5      10   0.000754    0.7329       0.5939     0.2476            0.1335      0.3338            1.046      0.3705          0.1011           1.433         0.059          0            2.87
      0.8           11.97     2.5      10  0.0007058    0.7539        0.802     0.3213            0.2085      0.5211             1.07      0.3107         0.09336           1.917         0.018          0           6.205
        1           11.99     2.5      10  0.0007047    0.7752       0.9945     0.3919            0.2802      0.7006            1.094      0.2573         0.08579           2.527      0.005667          0           13.65
     1.25           12.02     2.5      10  0.0007029    0.8015        1.249     0.4816            0.3714      0.9285            1.125      0.1958         0.07471           3.557      0.001167          0           40.74
      1.5           12.05     2.5      10  0.0006544    0.8293        1.515      0.579            0.4704       1.176            1.161      0.1307         0.05996           5.216     0.0001667          0           121.5

=== 4h P2|C|10
 edge_pct  trades_per_30d  mean_N  mean_L  liq_share  tp_share  drift_H_pct  gross_pct  net_notional_pct  eq_ret_pct  30d_median_mult  30d_p_loss  30d_mdd_median  1y_median_mult  1y_p_below50  1y_p_ruin  IS_median_mult
        0           11.82     2.5      10          0    0.6737     -0.01232    0.02132          -0.09628     -0.2407           0.9714      0.5687            0.13          0.6141         0.482   0.001833          0.2251
    0.025           11.82     2.5      10          0    0.6766      0.01085    0.03111          -0.08632     -0.2158           0.9759      0.5603          0.1277          0.6395         0.454   0.001333          0.2416
     0.05           11.83     2.5      10          0     0.679      0.03369    0.03952          -0.07778     -0.1944           0.9796      0.5528          0.1263          0.6593        0.4358   0.001333          0.2808
    0.075           11.83     2.5      10          0    0.6817      0.06036    0.04886          -0.06827     -0.1707           0.9823      0.5458          0.1244          0.6808         0.412   0.001333          0.3272
      0.1           11.83     2.5      10          0    0.6844      0.08616    0.05885          -0.05814     -0.1453           0.9842      0.5392          0.1228          0.7047        0.3865  0.0008333          0.3508
     0.15           11.84     2.5      10          0    0.6901       0.1409     0.0787          -0.03795    -0.09488           0.9905      0.5218          0.1228          0.7572        0.3397     0.0005          0.4496
      0.2           11.85     2.5      10          0    0.6956        0.193    0.09811          -0.01822    -0.04554            0.997      0.5065          0.1228          0.8169        0.2877  0.0001667          0.5463
      0.3           11.86     2.5      10          0    0.7061       0.2911     0.1351           0.01936      0.0484            1.008      0.4743          0.1226          0.9432        0.2093          0          0.8759
      0.4           11.88     2.5      10          0    0.7163       0.3814     0.1702           0.05513      0.1378            1.018      0.4478          0.1225           1.077        0.1478          0           1.146
      0.6            11.9     2.5      10          0    0.7381       0.5937     0.2488            0.1349      0.3373            1.047      0.3768          0.1224           1.457       0.05717          0           2.894
      0.8           11.93     2.5      10          0    0.7592       0.8017     0.3255            0.2128      0.5321            1.072       0.312          0.1224           1.955        0.0195          0           7.365
        1           11.95     2.5      10          0    0.7806       0.9946     0.3995            0.2881      0.7202            1.096      0.2533          0.1025           2.593      0.004667          0           14.95
     1.25           11.99     2.5      10          0     0.807         1.25     0.4934            0.3835      0.9588            1.129      0.1835         0.07431           3.701        0.0005          0           42.12
      1.5           12.03     2.5      10          0    0.8353        1.515     0.5962             0.488        1.22            1.169      0.1187         0.04725           5.588     0.0001667          0           153.9

=== 4h P3|A|10
 edge_pct  trades_per_30d  mean_N  mean_L  liq_share  tp_share  drift_H_pct  gross_pct  net_notional_pct  eq_ret_pct  30d_median_mult  30d_p_loss  30d_mdd_median  1y_median_mult  1y_p_below50  1y_p_ruin  IS_median_mult
        0           12.31       4      20    0.05438    0.8353     -0.01686    0.03463          -0.09528     -0.3811           0.9585      0.5778          0.1901          0.4584        0.6715    0.03533          0.1064
    0.025           12.32       4      20    0.05402    0.8369      0.00772     0.0389          -0.09075      -0.363           0.9634      0.5715          0.1901          0.4726        0.6598    0.03133          0.1273
     0.05           12.32       4      20    0.05362    0.8385      0.03028    0.04303          -0.08636     -0.3455           0.9653      0.5673          0.1901          0.4863        0.6432    0.02867          0.1394
    0.075           12.32       4      20    0.05315    0.8401      0.05641    0.04749           -0.0816     -0.3264           0.9659      0.5617           0.185          0.4978        0.6292    0.02583          0.1504
      0.1           12.33       4      20    0.05241     0.842      0.08207    0.05354          -0.07512     -0.3005           0.9686      0.5568          0.1796          0.5185        0.6085     0.0225          0.1539
     0.15           12.33       4      20    0.05138    0.8454       0.1364    0.06337          -0.06465     -0.2586           0.9776      0.5457          0.1702          0.5529        0.5745    0.01833          0.2109
      0.2           12.34       4      20    0.05042    0.8486       0.1879    0.07256          -0.05486     -0.2194            0.981      0.5363          0.1613          0.5903        0.5413     0.0165          0.2269
      0.3           12.34       4      20    0.04847     0.855        0.286    0.09089           -0.0353     -0.1412           0.9938      0.5168           0.144          0.6679        0.4723     0.0115          0.3325
      0.4           12.36       4      20    0.04681    0.8614        0.378     0.1082          -0.01689    -0.06756           0.9993      0.5013           0.131          0.7515         0.405   0.006667          0.4638
      0.6           12.37       4      20    0.04298    0.8746        0.589     0.1457           0.02309     0.09236            1.027      0.4588          0.1073           0.974        0.2812   0.002667          0.9233
      0.8           12.39       4      20    0.03889     0.887       0.7957     0.1825           0.06232      0.2493            1.055       0.414         0.08934           1.275        0.1747   0.001167            1.98
        1           12.41       4      20    0.03533    0.9002         0.99     0.2182            0.1004      0.4014            1.083      0.3732         0.07353           1.616       0.09933  0.0001667           3.922
     1.25           12.44       4      20    0.03019    0.9162        1.246     0.2656            0.1509      0.6036            1.119       0.316          0.0463            2.25        0.0355          0           9.333
      1.5           12.47       4      20    0.02486    0.9335        1.507     0.3157            0.2043      0.8174            1.154      0.2485        0.005411           3.208        0.0115          0           28.84

=== 4h P3|B|10
 edge_pct  trades_per_30d  mean_N  mean_L  liq_share  tp_share  drift_H_pct  gross_pct  net_notional_pct  eq_ret_pct  30d_median_mult  30d_p_loss  30d_mdd_median  1y_median_mult  1y_p_below50  1y_p_ruin  IS_median_mult
        0           12.38       4      20     0.0197    0.8272     -0.01787    0.03595          -0.07904     -0.3161           0.9692      0.5763          0.1497          0.5198         0.601     0.0145          0.1398
    0.025           12.39       4      20    0.01963    0.8289     0.006549    0.04025          -0.07461     -0.2984           0.9717        0.57          0.1488          0.5307        0.5887    0.01333          0.1475
     0.05           12.39       4      20    0.01949    0.8304       0.0293    0.04426          -0.07046     -0.2818           0.9739      0.5662          0.1481           0.546        0.5702     0.0125          0.1708
    0.075           12.39       4      20     0.0193     0.832      0.05594    0.04836          -0.06618     -0.2647           0.9757      0.5615           0.147          0.5622        0.5558    0.01117          0.1808
      0.1           12.39       4      20     0.0191    0.8339      0.08161    0.05419          -0.06016     -0.2406           0.9779      0.5568          0.1453          0.5824        0.5357   0.009333          0.2146
     0.15           12.39       4      20    0.01875    0.8372       0.1358    0.06324          -0.05077     -0.2031           0.9816      0.5442          0.1426           0.619        0.4985   0.007167          0.2534
      0.2            12.4       4      20    0.01856    0.8404       0.1872    0.07176            -0.042      -0.168           0.9864      0.5325          0.1399          0.6555        0.4665     0.0045           0.289
      0.3            12.4       4      20    0.01808    0.8469       0.2871    0.08875          -0.02442    -0.09767           0.9969      0.5095          0.1343          0.7309        0.3968      0.003           0.419
      0.4           12.41       4      20    0.01772    0.8532       0.3789      0.105         -0.007672    -0.03069            1.003       0.493          0.1307          0.8179        0.3372   0.001833          0.5504
      0.6           12.42       4      20    0.01714    0.8664       0.5901     0.1397           0.02804      0.1122            1.025       0.446          0.1188           1.024        0.2232     0.0005           1.091
      0.8           12.44       4      20    0.01594    0.8787       0.7966     0.1742           0.06381      0.2553            1.045      0.3992           0.106             1.3        0.1278  0.0001667           2.181
        1           12.45       4      20    0.01495    0.8916       0.9906      0.207           0.09777      0.3911            1.065      0.3573         0.09591           1.613       0.06733          0           4.472
     1.25           12.47       4      20    0.01371    0.9072        1.246     0.2494            0.1416      0.5665            1.097      0.2995         0.07957           2.146         0.025          0           8.569
      1.5           12.49       4      20    0.01229    0.9243        1.508     0.2949            0.1887      0.7547            1.132      0.2385          0.0422           2.893        0.0085          0           21.72

=== 4h P3|C|10
 edge_pct  trades_per_30d  mean_N  mean_L  liq_share  tp_share  drift_H_pct  gross_pct  net_notional_pct  eq_ret_pct  30d_median_mult  30d_p_loss  30d_mdd_median  1y_median_mult  1y_p_below50  1y_p_ruin  IS_median_mult
        0           12.46       4      20          0    0.7943     -0.01478    0.02268          -0.08497     -0.3399           0.9591      0.6093          0.1351          0.5302         0.566      0.002          0.1573
    0.025           12.47       4      20          0     0.796     0.009259     0.0264          -0.08115     -0.3246           0.9595      0.6035          0.1326          0.5426        0.5507   0.001333          0.1731
     0.05           12.47       4      20          0    0.7974      0.03177    0.02973          -0.07774      -0.311           0.9599      0.5978          0.1311          0.5561        0.5335   0.001167           0.198
    0.075           12.47       4      20          0     0.799      0.05818    0.03319           -0.0742     -0.2968           0.9633      0.5935          0.1291          0.5696         0.515  0.0008333          0.2011
      0.1           12.47       4      20          0    0.8008      0.08366    0.03744          -0.06985     -0.2794           0.9656        0.59          0.1287          0.5857        0.4963      0.001           0.231
     0.15           12.47       4      20          0    0.8041       0.1379    0.04507          -0.06204     -0.2481           0.9714      0.5797          0.1283          0.6116        0.4613     0.0005           0.234
      0.2           12.47       4      20          0    0.8072       0.1889    0.05224          -0.05471     -0.2188           0.9747      0.5698          0.1242          0.6438        0.4267  0.0003333          0.2695
      0.3           12.48       4      20          0    0.8138       0.2885     0.0672          -0.03938     -0.1575           0.9804       0.548          0.1149          0.7041        0.3538  0.0003333          0.3665
      0.4           12.49       4      20          0      0.82       0.3802    0.08122            -0.025        -0.1           0.9906      0.5267          0.1119           0.774        0.2935  0.0001667          0.4609
      0.6            12.5       4      20          0    0.8327       0.5913     0.1105          0.004945     0.01978            1.007      0.4802          0.0964          0.9356        0.1767          0          0.8281
      0.8           12.51       4      20          0    0.8449       0.7964      0.139           0.03416      0.1366            1.023      0.4337          0.0962            1.13           0.1          0           1.421
        1           12.52       4      20          0    0.8569       0.9914     0.1652           0.06104      0.2441            1.039      0.3942           0.096            1.34       0.04917          0           2.262
     1.25           12.53       4      20          0    0.8712        1.246     0.1982           0.09485      0.3794             1.06      0.3407          0.0958           1.659         0.019          0           4.031
      1.5           12.55       4      20          0    0.8878         1.51     0.2367            0.1343      0.5371            1.078      0.2815          0.0958           2.126         0.006          0           8.248

=== 4h P3|B|30
 edge_pct  trades_per_30d  mean_N  mean_L  liq_share  tp_share  drift_H_pct  gross_pct  net_notional_pct  eq_ret_pct  30d_median_mult  30d_p_loss  30d_mdd_median  1y_median_mult  1y_p_below50  1y_p_ruin  IS_median_mult
        0            11.6       4      20    0.04808    0.5305     -0.01028    0.01043           -0.1364     -0.5455           0.9228       0.623          0.2438          0.2799        0.8478      0.204         0.02416
    0.025            11.6       4      20    0.04773    0.5335      0.01361    0.02279           -0.1237     -0.4948           0.9289      0.6123          0.2401          0.2996        0.8295      0.184         0.03284
     0.05           11.61       4      20     0.0473    0.5362      0.03686    0.03513            -0.111     -0.4441           0.9345      0.6027          0.2367          0.3229        0.8123      0.166         0.04169
    0.075           11.61       4      20    0.04678    0.5392       0.0633    0.04778            -0.098      -0.392            0.939      0.5952          0.2343           0.348        0.7937      0.148          0.0514
      0.1           11.61       4      20    0.04638     0.542      0.08972    0.06113          -0.08432     -0.3373           0.9466      0.5845          0.2323          0.3795        0.7707     0.1325         0.06362
     0.15           11.62       4      20    0.04561    0.5487       0.1449    0.08874          -0.05602     -0.2241           0.9582      0.5638          0.2266          0.4403        0.7238      0.103         0.09999
      0.2           11.62       4      20    0.04488    0.5551       0.1946     0.1145          -0.02956     -0.1182           0.9699      0.5457          0.2208          0.5214        0.6703      0.078          0.1482
      0.3           11.64       4      20    0.04338    0.5669       0.2949     0.1653           0.02248     0.08991           0.9949      0.5085          0.2105          0.7073        0.5673    0.04233          0.3001
      0.4           11.64       4      20    0.04232    0.5783       0.3855     0.2126           0.07086      0.2834            1.016      0.4748          0.2036          0.9348        0.4637    0.02183          0.7584
      0.6           11.66       4      20    0.04009    0.6019        0.598      0.313            0.1735       0.694            1.071      0.3962           0.203           1.741         0.269   0.004667           4.259
      0.8           11.67       4      20    0.03687    0.6255       0.8054     0.4167            0.2799        1.12            1.126       0.323          0.1838           3.276        0.1163  0.0006667            29.4
        1           11.69       4      20    0.03457    0.6487       0.9961     0.5151            0.3806       1.522            1.184      0.2558          0.1681           5.983       0.04867  0.0001667           154.7
     1.25           11.71       4      20    0.03164     0.677        1.251     0.6366            0.5049        2.02            1.256       0.188          0.1507           12.46       0.01433          0            1433
      1.5           11.73       4      20    0.02794    0.7073        1.517     0.7686            0.6401        2.56            1.336      0.1177          0.1304           28.14      0.005667          0       1.775e+04

=== 4h P3|B|100
 edge_pct  trades_per_30d  mean_N  mean_L  liq_share  tp_share  drift_H_pct  gross_pct  net_notional_pct  eq_ret_pct  30d_median_mult  30d_p_loss  30d_mdd_median  1y_median_mult  1y_p_below50  1y_p_ruin  IS_median_mult
        0           10.98       4      20    0.07493    0.1239    -0.008674  -0.009296           -0.1925     -0.7701           0.8706      0.6483          0.3047          0.1492        0.9258      0.471        0.003957
    0.025           10.98       4      20    0.07443    0.1249      0.01524     0.0107           -0.1723     -0.6892           0.8776      0.6387          0.3014          0.1656        0.9128     0.4428         0.00611
     0.05           10.98       4      20    0.07381    0.1259      0.03901    0.03147           -0.1512     -0.6048           0.8853      0.6302          0.2977           0.184        0.8983     0.4072        0.007743
    0.075           10.98       4      20    0.07312     0.127      0.06596    0.05307           -0.1293      -0.517           0.8906      0.6228          0.2953          0.2082        0.8838     0.3732         0.01048
      0.1           10.98       4      20    0.07256    0.1282      0.09241    0.07563           -0.1064     -0.4256           0.8996      0.6135          0.2921          0.2388        0.8658     0.3373           0.015
     0.15           10.98       4      20    0.07139    0.1306       0.1473     0.1221          -0.05935     -0.2374           0.9203      0.5872          0.2859          0.3068        0.8228     0.2722         0.02868
      0.2           10.97       4      20    0.07028    0.1329       0.1972     0.1645          -0.01632    -0.06527           0.9373       0.569          0.2805          0.3875        0.7792     0.2193         0.05763
      0.3           10.97       4      20    0.06824     0.137       0.2943     0.2463           0.06651       0.266           0.9696      0.5277          0.2679           0.603        0.6822     0.1382          0.1811
      0.4           10.96       4      20    0.06631     0.141        0.386     0.3253            0.1465      0.5861            1.011      0.4883           0.257          0.9253        0.5737    0.07633          0.8295
      0.6           10.95       4      20    0.06215    0.1504       0.5973     0.5005            0.3239       1.295            1.082      0.4077          0.2298           2.342        0.3395      0.017           14.42
      0.8           10.94       4      20    0.05728    0.1595       0.8039     0.6742            0.5001           2            1.163      0.3258          0.2046           6.151        0.1603   0.002167           190.1
        1           10.93       4      20    0.05338    0.1677       0.9944     0.8387            0.6666       2.666            1.264      0.2533          0.2032           15.09        0.0735  0.0001667            2618
     1.25           10.92       4      20    0.04848    0.1784        1.252      1.049            0.8797       3.519            1.382      0.1807          0.1812           46.39         0.025          0       8.989e+04
      1.5           10.91       4      20    0.04265    0.1902        1.519       1.27             1.103       4.412            1.518      0.1142          0.1575           151.8         0.009          0       2.905e+06

=== 4h P4|A|10
 edge_pct  trades_per_30d  mean_N  mean_L  liq_share  tp_share  drift_H_pct  gross_pct  net_notional_pct  eq_ret_pct  30d_median_mult  30d_p_loss  30d_mdd_median  1y_median_mult  1y_p_below50  1y_p_ruin  IS_median_mult
        0           12.79      20      50     0.1189    0.8739     -0.01674  -0.006954           -0.1599      -3.198           0.6766      0.7915           0.416       0.0008038        0.9995     0.9927       6.135e-10
    0.025           12.79      20      50     0.1183    0.8746     0.006993  -0.005857           -0.1585       -3.17           0.6766      0.7898           0.416       0.0008553        0.9995     0.9927        8.33e-10
     0.05           12.79      20      50      0.118     0.875      0.02951   -0.00531           -0.1578      -3.156           0.6766      0.7877           0.416       0.0008679        0.9995     0.9932       1.042e-09
    0.075           12.79      20      50     0.1176    0.8754       0.0556  -0.004585           -0.1569      -3.138           0.6766      0.7857           0.416       0.0008984        0.9995     0.9923       1.042e-09
      0.1           12.79      20      50     0.1173    0.8758      0.08184  -0.003984           -0.1561      -3.123           0.6766      0.7845           0.416       0.0009273        0.9997     0.9922       1.042e-09
     0.15           12.79      20      50     0.1162     0.877       0.1363  -0.002007           -0.1536      -3.073           0.6885      0.7815           0.416        0.001029        0.9995     0.9908       1.685e-09
      0.2           12.79      20      50     0.1151    0.8783       0.1878   -5.9e-05           -0.1511      -3.023           0.6896      0.7795           0.416        0.001124        0.9997     0.9905       2.307e-09
      0.3           12.79      20      50     0.1129    0.8809       0.2867   0.003902           -0.1461      -2.922           0.6908      0.7712           0.416        0.001341        0.9997     0.9877       4.027e-09
      0.4           12.79      20      50     0.1108    0.8833       0.3783   0.007697           -0.1413      -2.826            0.697      0.7632           0.415        0.001605        0.9997     0.9863       8.993e-09
      0.6            12.8      20      50     0.1075    0.8874       0.5872    0.01379           -0.1336      -2.671           0.7046      0.7513           0.415        0.002164        0.9993     0.9792       2.268e-08
      0.8            12.8      20      50      0.104    0.8914       0.7931    0.02017           -0.1254      -2.509           0.7136       0.737           0.415        0.003078        0.9982     0.9712       4.981e-08
        1            12.8      20      50     0.1014    0.8951       0.9875    0.02529            -0.119       -2.38           0.7194      0.7305           0.415        0.003906        0.9968      0.963       1.332e-07
     1.25            12.8      20      50    0.09792    0.8993        1.243    0.03168           -0.1109      -2.218           0.7201      0.7153           0.415        0.005399        0.9965      0.952       2.517e-07
      1.5           12.81      20      50    0.09224    0.9058        1.506    0.04198          -0.09777      -1.955           0.7353      0.6898           0.415        0.008938        0.9925     0.9238        9.01e-07

=== 4h P4|B|10
 edge_pct  trades_per_30d  mean_N  mean_L  liq_share  tp_share  drift_H_pct  gross_pct  net_notional_pct  eq_ret_pct  30d_median_mult  30d_p_loss  30d_mdd_median  1y_median_mult  1y_p_below50  1y_p_ruin  IS_median_mult
        0           12.79      20      50     0.1167    0.8738     -0.01662  -0.006907           -0.1589      -3.178           0.6766      0.7925           0.416       0.0008371        0.9995     0.9922       6.135e-10
    0.025           12.79      20      50     0.1161    0.8745     0.007113  -0.005796           -0.1575       -3.15           0.6766      0.7908           0.416       0.0008963        0.9995     0.9922       9.108e-10
     0.05           12.79      20      50     0.1158    0.8749      0.02963  -0.005249           -0.1568      -3.137           0.6766      0.7887           0.416       0.0009158        0.9995     0.9927       1.172e-09
    0.075           12.79      20      50     0.1155    0.8753      0.05572  -0.004535            -0.156      -3.119           0.6766      0.7867           0.416       0.0009437        0.9995     0.9922       1.081e-09
      0.1           12.79      20      50     0.1152    0.8757      0.08196  -0.003904           -0.1552      -3.104           0.6802      0.7855           0.416       0.0009865        0.9997      0.992       1.081e-09
     0.15           12.79      20      50     0.1141     0.877       0.1364  -0.001925           -0.1526      -3.053           0.6891      0.7825           0.416        0.001087        0.9995     0.9907       2.123e-09
      0.2           12.79      20      50     0.1131    0.8782       0.1879  4.647e-05           -0.1502      -3.003           0.6901      0.7805           0.416        0.001196        0.9997     0.9905       3.374e-09
      0.3           12.79      20      50     0.1109    0.8808       0.2868   0.004004           -0.1451      -2.903           0.6908       0.772           0.415        0.001411        0.9997     0.9878       5.896e-09
      0.4           12.79      20      50     0.1088    0.8833       0.3784     0.0078           -0.1403      -2.806           0.7017      0.7642           0.415        0.001691        0.9997     0.9865        1.01e-08
      0.6            12.8      20      50     0.1058    0.8873       0.5873    0.01383           -0.1328      -2.655           0.7053      0.7523           0.415        0.002297        0.9992     0.9788       2.764e-08
      0.8            12.8      20      50     0.1024    0.8914       0.7932    0.02026           -0.1247      -2.493           0.7167      0.7378           0.415        0.003182        0.9982       0.97       5.764e-08
        1            12.8      20      50    0.09996     0.895       0.9876    0.02536           -0.1183      -2.366           0.7194      0.7315           0.415        0.004073        0.9968     0.9612       1.475e-07
     1.25           12.81      20      50     0.0967    0.8992        1.243    0.03173           -0.1103      -2.206           0.7201      0.7152           0.415        0.005606        0.9967      0.951       2.658e-07
      1.5           12.81      20      50    0.09122    0.9057        1.506    0.04195          -0.09737      -1.947           0.7353      0.6902           0.415        0.009166        0.9925     0.9217       1.047e-06

=== 4h P4|C|10
 edge_pct  trades_per_30d  mean_N  mean_L  liq_share  tp_share  drift_H_pct  gross_pct  net_notional_pct  eq_ret_pct  30d_median_mult  30d_p_loss  30d_mdd_median  1y_median_mult  1y_p_below50  1y_p_ruin  IS_median_mult
        0           12.84      20      50          0    0.7528     -0.01563   -0.03399           -0.1415      -2.831           0.6759      0.8855          0.3866        0.006112             1     0.9948        3.16e-07
    0.025           12.84      20      50          0     0.753     0.008066    -0.0338           -0.1413      -2.827           0.6778      0.8845          0.3866        0.006192             1      0.995        3.16e-07
     0.05           12.84      20      50          0    0.7528      0.03053   -0.03396           -0.1415       -2.83           0.6672      0.8853          0.3866        0.006158             1     0.9952       3.078e-07
    0.075           12.84      20      50          0    0.7528      0.05641   -0.03399           -0.1415      -2.831           0.6672      0.8858          0.3866        0.006146             1      0.995       3.561e-07
      0.1           12.84      20      50          0    0.7531      0.08251   -0.03371           -0.1413      -2.825           0.6672       0.885          0.3866        0.006236             1     0.9952       3.225e-07
     0.15           12.84      20      50          0    0.7533        0.137   -0.03351            -0.141      -2.821           0.6672      0.8845          0.3866        0.006238             1      0.995       2.931e-07
      0.2           12.84      20      50          0    0.7538       0.1883    -0.0331           -0.1406      -2.812           0.6672      0.8832           0.386        0.006305             1     0.9947       3.036e-07
      0.3           12.84      20      50          0    0.7554       0.2868   -0.03163            -0.139      -2.781           0.6806       0.883           0.386        0.006572             1     0.9932       3.138e-07
      0.4           12.84      20      50          0    0.7567       0.3779   -0.03042           -0.1378      -2.755           0.6812      0.8805           0.386        0.006761             1     0.9922       4.174e-07
      0.6           12.84      20      50          0    0.7578       0.5871    -0.0295           -0.1368      -2.736           0.6812      0.8778           0.386        0.006876        0.9998     0.9898       3.677e-07
      0.8           12.84      20      50          0    0.7591       0.7927   -0.02829           -0.1355       -2.71           0.6812      0.8733           0.386        0.007454        0.9997       0.99       4.891e-07
        1           12.84      20      50          0    0.7599        0.987   -0.02766           -0.1348      -2.697           0.6812      0.8738           0.386        0.007484        0.9998     0.9878       4.834e-07
     1.25           12.84      20      50          0    0.7597        1.242   -0.02794           -0.1351      -2.702           0.6812      0.8713           0.386        0.007448             1     0.9867       5.686e-07
      1.5           12.85      20      50          0    0.7622        1.505   -0.02568           -0.1327      -2.655           0.6812        0.87          0.3743        0.007882        0.9997     0.9853       7.471e-07

=== 4h P4|B|100
 edge_pct  trades_per_30d  mean_N  mean_L  liq_share  tp_share  drift_H_pct  gross_pct  net_notional_pct  eq_ret_pct  30d_median_mult  30d_p_loss  30d_mdd_median  1y_median_mult  1y_p_below50  1y_p_ruin  IS_median_mult
        0           11.89      20      50     0.4708    0.3416    -0.005541  -0.003404           -0.3397      -6.794           0.1859       0.891          0.8857       6.007e-10             1          1       1.466e-27
    0.025           11.89      20      50     0.4683    0.3438      0.01893   0.006038           -0.3291      -6.582           0.1906       0.887          0.8837       7.921e-10             1          1       4.281e-27
     0.05           11.89      20      50     0.4658    0.3459      0.04196    0.01521           -0.3188      -6.375           0.1958      0.8823          0.8835       1.091e-09             1          1        1.59e-26
    0.075           11.89      20      50     0.4635     0.348      0.06849    0.02457           -0.3083      -6.166           0.1998      0.8793          0.8829       1.519e-09             1          1       4.302e-26
      0.1           11.89      20      50     0.4608    0.3502      0.09542    0.03447           -0.2972      -5.943           0.2046      0.8767          0.8807       2.117e-09             1          1       1.199e-25
     0.15           11.88      20      50     0.4552    0.3552       0.1498    0.05535           -0.2736      -5.472           0.2181      0.8658           0.872       4.543e-09             1          1       6.393e-25
      0.2           11.88      20      50     0.4495    0.3603       0.2001    0.07608           -0.2502      -5.004           0.2314      0.8567          0.8684       1.001e-08             1          1       8.843e-24
      0.3           11.88      20      50     0.4385    0.3702       0.3001     0.1173           -0.2037      -4.075           0.2662      0.8328          0.8503       4.653e-08             1     0.9998       3.343e-22
      0.4           11.87      20      50     0.4284    0.3787       0.3914      0.154           -0.1623      -3.246           0.2894       0.809          0.8391       1.647e-07             1     0.9997       1.681e-20
      0.6           11.87      20      50     0.4079    0.3969       0.5981     0.2313           -0.0754      -1.508           0.3717       0.765           0.813       2.722e-06        0.9998      0.996       5.357e-17
      0.8           11.86      20      50     0.3872    0.4155       0.8046     0.3093           0.01244      0.2489           0.4688      0.7113           0.798       4.548e-05        0.9965     0.9837       6.816e-14
        1           11.86      20      50     0.3676    0.4333            1     0.3849           0.09737       1.947           0.5779      0.6523          0.7632       0.0006542        0.9865     0.9427       4.564e-10
     1.25           11.85      20      50     0.3425    0.4559         1.26     0.4793            0.2036       4.073           0.7562      0.5712           0.724         0.01813        0.9482     0.8292       6.534e-06
      1.5           11.83      20      50      0.316    0.4793        1.526     0.5793            0.3161       6.322             1.03      0.4925          0.6601          0.5946        0.8582     0.6153          0.3287

=== 4h P5|A|10
 edge_pct  trades_per_30d  mean_N  mean_L  liq_share  tp_share  drift_H_pct  gross_pct  net_notional_pct  eq_ret_pct  30d_median_mult  30d_p_loss  30d_mdd_median  1y_median_mult  1y_p_below50  1y_p_ruin  IS_median_mult
        0           12.35   4.187   20.72    0.05609    0.8431      -0.0187    0.03471          -0.09537     -0.4037           0.9511      0.5855          0.1985           0.436         0.696    0.04183         0.09263
    0.025           12.35   4.187   20.72    0.05572    0.8447     0.005826    0.03881          -0.09101     -0.3858           0.9554      0.5798          0.1941          0.4476         0.684     0.0395          0.1018
     0.05           12.35   4.187   20.72    0.05535    0.8462      0.02819    0.04267          -0.08691     -0.3687           0.9593      0.5765          0.1919          0.4646        0.6703     0.0375           0.111
    0.075           12.35   4.187   20.72    0.05474    0.8478      0.05435    0.04711          -0.08211      -0.348           0.9645      0.5702          0.1904          0.4755        0.6565    0.03317          0.1216
      0.1           12.36   4.187   20.72      0.054    0.8496      0.07997      0.053          -0.07579     -0.3221           0.9656      0.5653          0.1903          0.4942        0.6355    0.02883          0.1385
     0.15           12.36   4.187   20.72    0.05294     0.853       0.1342    0.06267          -0.06547     -0.2795             0.97      0.5547            0.19          0.5248        0.6013    0.02317          0.1593
      0.2           12.37   4.187   20.72    0.05187    0.8561        0.186    0.07169           -0.0558     -0.2387            0.977      0.5448           0.177          0.5657        0.5697    0.01933          0.2008
      0.3           12.37   4.187   20.72    0.04987    0.8624       0.2856    0.08941          -0.03685     -0.1596           0.9876      0.5253          0.1578          0.6454        0.4995    0.01417          0.3062
      0.4           12.39   4.187   20.72    0.04817    0.8687       0.3778     0.1064          -0.01872    -0.08422           0.9972      0.5082          0.1405          0.7278        0.4342   0.008667             0.4
      0.6            12.4   4.188   20.72    0.04426    0.8816       0.5883     0.1425           0.01985     0.07681            1.024       0.466          0.1132          0.9426        0.3043   0.003667          0.8653
      0.8           12.42   4.188   20.72       0.04    0.8937        0.795     0.1781           0.05802      0.2351            1.052      0.4217         0.09397           1.242        0.1887     0.0015           1.865
        1           12.44   4.188   20.72    0.03631    0.9065       0.9891     0.2125           0.09472      0.3896            1.082       0.379         0.07566           1.589        0.1082          0           3.671
     1.25           12.46   4.187   20.72    0.03092    0.9217        1.245     0.2581            0.1436       0.594            1.119        0.32         0.04928           2.205        0.0395          0           8.634
      1.5           12.49   4.188   20.72    0.02524    0.9387        1.507     0.3071             0.196      0.8142            1.154      0.2502        0.004921           3.175       0.01267          0           27.58

=== 4h P5|B|10
 edge_pct  trades_per_30d  mean_N  mean_L  liq_share  tp_share  drift_H_pct  gross_pct  net_notional_pct  eq_ret_pct  30d_median_mult  30d_p_loss  30d_mdd_median  1y_median_mult  1y_p_below50  1y_p_ruin  IS_median_mult
        0           12.41   4.188   20.72    0.01966    0.8354     -0.01875    0.03502          -0.07939     -0.3336            0.966      0.5808          0.1546          0.5007        0.6203    0.01733          0.1258
    0.025           12.41   4.188   20.72    0.01959    0.8371     0.005629    0.03922          -0.07507     -0.3159           0.9689      0.5748          0.1531          0.5148        0.6078    0.01633           0.134
     0.05           12.41   4.188   20.72    0.01945    0.8384       0.0282    0.04301          -0.07114     -0.2996           0.9706      0.5712          0.1518          0.5305        0.5925    0.01483          0.1651
    0.075           12.41   4.188   20.72    0.01926      0.84      0.05487    0.04704          -0.06695     -0.2819           0.9725      0.5668          0.1507          0.5437        0.5785    0.01317          0.1704
      0.1           12.42   4.187   20.72    0.01906    0.8418       0.0805    0.05271          -0.06108     -0.2576           0.9748      0.5618          0.1493           0.564        0.5572    0.01067          0.2031
     0.15           12.42   4.188   20.72    0.01871    0.8451       0.1346    0.06159          -0.05187     -0.2198           0.9799      0.5505          0.1461          0.6013        0.5185     0.0085          0.2253
      0.2           12.42   4.187   20.72    0.01853    0.8482       0.1863    0.06988          -0.04332     -0.1838           0.9833      0.5388          0.1437          0.6378         0.482      0.006          0.2498
      0.3           12.43   4.187   20.72    0.01804    0.8546        0.286    0.08645          -0.02617     -0.1122           0.9934      0.5178          0.1371          0.7104        0.4143      0.004          0.3803
      0.4           12.44   4.188   20.72    0.01769    0.8608        0.378     0.1023         -0.009775    -0.04399           0.9999      0.5002          0.1329          0.7957        0.3525     0.0025          0.5011
      0.6           12.45   4.188   20.72     0.0171    0.8737       0.5887     0.1362           0.02504      0.1006            1.023      0.4527          0.1216           1.002        0.2373  0.0008333           1.043
      0.8           12.46   4.188   20.72    0.01591    0.8859       0.7954     0.1699           0.06006      0.2454            1.042      0.4043          0.1086           1.282        0.1373  0.0003333           2.183
        1           12.48   4.188   20.72    0.01492    0.8983       0.9893     0.2018           0.09301      0.3831            1.062      0.3625         0.09938           1.596        0.0725          0           4.249
     1.25           12.49   4.188   20.72    0.01369    0.9133        1.245     0.2429            0.1355      0.5598            1.094      0.3053         0.09601           2.115         0.027          0           8.747
      1.5           12.51   4.188   20.72    0.01227    0.9299        1.507     0.2874            0.1816      0.7521            1.132      0.2397          0.0402            2.89      0.008667          0            21.6

=== 4h P5|C|10
 edge_pct  trades_per_30d  mean_N  mean_L  liq_share  tp_share  drift_H_pct  gross_pct  net_notional_pct  eq_ret_pct  30d_median_mult  30d_p_loss  30d_mdd_median  1y_median_mult  1y_p_below50  1y_p_ruin  IS_median_mult
        0            12.5   4.187   20.72          0    0.8011     -0.01565    0.02236          -0.08475     -0.3552            0.958      0.6117           0.142          0.5141        0.5908   0.002333          0.1471
    0.025           12.51   4.187   20.72          0    0.8027     0.008329    0.02596          -0.08106       -0.34           0.9591      0.6063          0.1389          0.5284        0.5748   0.001833          0.1605
     0.05           12.51   4.187   20.72          0    0.8041      0.03063      0.029          -0.07795      -0.327           0.9597       0.601          0.1359          0.5417        0.5593   0.001667          0.1702
    0.075           12.51   4.187   20.72          0    0.8056      0.05705    0.03225          -0.07461     -0.3127             0.96      0.5963          0.1326          0.5538        0.5425     0.0015          0.1897
      0.1           12.51   4.187   20.72          0    0.8073      0.08247    0.03632          -0.07045     -0.2953           0.9624      0.5925          0.1311          0.5693        0.5215   0.001333          0.2158
     0.15           12.51   4.187   20.72          0    0.8105       0.1365    0.04357          -0.06303     -0.2646           0.9686       0.583          0.1287          0.5922         0.487      0.001          0.2246
      0.2           12.51   4.187   20.72          0    0.8135       0.1878    0.05036          -0.05607      -0.235           0.9733      0.5717          0.1281          0.6224        0.4547  0.0003333          0.2528
      0.3           12.52   4.186   20.72          0      0.82       0.2875    0.06469          -0.04138     -0.1733           0.9793      0.5507          0.1189           0.686        0.3838  0.0003333           0.351
      0.4           12.52   4.187   20.72          0    0.8262       0.3795    0.07828          -0.02744     -0.1148           0.9902      0.5298          0.1141          0.7517        0.3158          0          0.4437
      0.6           12.53   4.187   20.72          0    0.8386       0.5902     0.1062          0.001184     0.00507            1.007      0.4848          0.1003          0.9088        0.1972          0          0.8107
      0.8           12.54   4.187   20.72          0    0.8505       0.7953     0.1337           0.02932      0.1224            1.024      0.4372          0.0964           1.101        0.1128          0           1.307
        1           12.55   4.188   20.72          0     0.862       0.9902     0.1583           0.05458      0.2294            1.038      0.3963           0.096           1.308       0.06033          0            2.11
     1.25           12.56   4.187   20.72          0    0.8755        1.245     0.1894           0.08637      0.3634            1.057      0.3433           0.096           1.622       0.02367          0           3.769
      1.5           12.57   4.188   20.72          0    0.8916        1.509     0.2258            0.1237      0.5206            1.078      0.2853          0.0958           2.071         0.008          0           7.638

=== 4h P5|B|100
 edge_pct  trades_per_30d  mean_N  mean_L  liq_share  tp_share  drift_H_pct  gross_pct  net_notional_pct  eq_ret_pct  30d_median_mult  30d_p_loss  30d_mdd_median  1y_median_mult  1y_p_below50  1y_p_ruin  IS_median_mult
        0           10.99    4.19   20.73    0.07492    0.1268    -0.008538   -0.01108           -0.1942     -0.7965           0.8652      0.6523          0.3114          0.1418        0.9322     0.4883        0.003558
    0.025           10.98    4.19   20.73    0.07442    0.1278      0.01538   0.008895           -0.1739     -0.7138           0.8737      0.6432          0.3088          0.1565        0.9207     0.4605        0.005245
     0.05           10.98    4.19   20.73     0.0738    0.1289      0.03919    0.02978           -0.1527     -0.6272           0.8814      0.6347          0.3047          0.1737        0.9053     0.4237        0.006751
    0.075           10.98    4.19   20.73    0.07311    0.1301      0.06614    0.05141           -0.1307     -0.5359           0.8886      0.6268          0.3021          0.1998        0.8888     0.3922        0.009171
      0.1           10.98    4.19   20.73    0.07255    0.1313      0.09259    0.07394           -0.1079     -0.4426           0.8974      0.6172          0.3002          0.2265         0.873     0.3535          0.0128
     0.15           10.98    4.19   20.73    0.07138    0.1338       0.1475     0.1204          -0.06086     -0.2503           0.9168       0.591          0.2917          0.2946        0.8312     0.2867         0.02526
      0.2           10.98    4.19   20.73    0.07027    0.1362       0.1973     0.1629           -0.0178    -0.07276           0.9347      0.5725          0.2848          0.3746        0.7877     0.2327         0.05173
      0.3           10.97    4.19   20.73    0.06823    0.1405       0.2944     0.2447           0.06511      0.2673           0.9689      0.5317          0.2746          0.5919         0.689     0.1457          0.1774
      0.4           10.97    4.19   20.73     0.0663    0.1446       0.3862     0.3238            0.1452      0.5949            1.006       0.493          0.2627          0.9154        0.5813    0.08317          0.6916
      0.6           10.96    4.19   20.73    0.06214    0.1543       0.5975     0.4987            0.3223       1.323            1.084      0.4097          0.2348           2.381        0.3475    0.01717           14.16
      0.8           10.95    4.19   20.73    0.05726    0.1637        0.804     0.6721            0.4983       2.044            1.166      0.3253          0.2074           6.349        0.1628   0.002833           211.8
        1           10.94    4.19   20.73    0.05336    0.1721       0.9947     0.8365            0.6647        2.73            1.273      0.2497          0.2032           15.98        0.0725  0.0001667            3767
     1.25           10.93    4.19   20.73    0.04846    0.1831        1.253      1.047            0.8775       3.603            1.392      0.1778          0.1851           50.55        0.0245          0       1.171e+05
      1.5           10.92    4.19   20.73    0.04263    0.1952         1.52      1.267               1.1       4.519            1.533      0.1105          0.1594             172      0.009167          0       4.818e+06

=== 4h P5c|A|10
 edge_pct  trades_per_30d  mean_N  mean_L  liq_share  tp_share  drift_H_pct  gross_pct  net_notional_pct  eq_ret_pct  30d_median_mult  30d_p_loss  30d_mdd_median  1y_median_mult  1y_p_below50  1y_p_ruin  IS_median_mult
        0           12.35   4.144   20.72    0.05609    0.8431      -0.0187    0.03471          -0.09537     -0.3986           0.9512      0.5845          0.1935          0.4411        0.6918    0.04017         0.09471
    0.025           12.35   4.192   20.72    0.05572    0.8447     0.005826    0.03881          -0.09101     -0.3658           0.9601      0.5743          0.1912           0.462        0.6713    0.03483          0.1161
     0.05           12.35   4.234   20.72    0.05535    0.8462      0.02819    0.04267          -0.08691     -0.3341           0.9646      0.5653          0.1907          0.4892         0.646      0.031          0.1318
    0.075           12.35   4.284   20.72    0.05474    0.8478      0.05435    0.04711          -0.08211     -0.2975           0.9686      0.5555          0.1903          0.5146         0.619    0.02717          0.1551
      0.1           12.36   4.334   20.72      0.054    0.8496      0.07997      0.053          -0.07579     -0.2553           0.9759      0.5465          0.1901          0.5454        0.5897     0.0235          0.1777
     0.15           12.36    4.43   20.72    0.05294     0.853       0.1342    0.06267          -0.06547      -0.181           0.9852      0.5278          0.1826          0.6067        0.5365    0.01717          0.2282
      0.2           12.37   4.522   20.72    0.05187    0.8561        0.186    0.07169           -0.0558     -0.1096           0.9956      0.5112          0.1732          0.6742        0.4877    0.01283          0.3547
      0.3           12.37   4.708   20.72    0.04987    0.8624       0.2856    0.08941          -0.03685     0.02951            1.014      0.4777          0.1523          0.8421        0.3877   0.007167          0.6506
      0.4           12.39   4.892   20.72    0.04817    0.8687       0.3778     0.1064          -0.01872      0.1678            1.031      0.4453           0.137            1.04        0.3058      0.004           1.029
      0.6            12.4   5.276   20.72    0.04426    0.8816       0.5883     0.1425           0.01985      0.4491            1.078       0.375          0.1112             1.6        0.1832   0.001667           3.882
      0.8           12.42   5.648   20.72       0.04    0.8937        0.795     0.1781           0.05802      0.7306            1.124        0.31         0.09212           2.487        0.1068  0.0008333           12.77
        1           12.44   6.029   20.72    0.03631    0.9065       0.9891     0.2125           0.09472       1.009            1.168       0.251         0.07425           3.806       0.06533          0           41.56
     1.25           12.46   6.511   20.72    0.03092    0.9217        1.245     0.2581            0.1436       1.368            1.225      0.1893         0.04765           6.538       0.03783          0           181.2
      1.5           12.49   6.989   20.72    0.02524    0.9387        1.507     0.3071             0.196       1.745            1.286       0.141        0.008007           11.74        0.0245          0            1269

=== 4h P5c|B|10
 edge_pct  trades_per_30d  mean_N  mean_L  liq_share  tp_share  drift_H_pct  gross_pct  net_notional_pct  eq_ret_pct  30d_median_mult  30d_p_loss  30d_mdd_median  1y_median_mult  1y_p_below50  1y_p_ruin  IS_median_mult
        0           12.41   4.144   20.72    0.01966    0.8354     -0.01875    0.03502          -0.07939     -0.3297           0.9666      0.5803          0.1532          0.5044        0.6163    0.01683          0.1294
    0.025           12.41   4.193   20.72    0.01959    0.8371     0.005629    0.03922          -0.07507      -0.298           0.9703      0.5698          0.1513          0.5293        0.5958     0.0155          0.1501
     0.05           12.41   4.235   20.72    0.01945    0.8384       0.0282    0.04301          -0.07114     -0.2678           0.9741      0.5608          0.1505          0.5543        0.5708      0.013          0.1815
    0.075           12.41   4.285   20.72    0.01926      0.84      0.05487    0.04704          -0.06695     -0.2365           0.9788       0.551          0.1495          0.5803        0.5477    0.01167          0.2057
      0.1           12.42   4.335   20.72    0.01906    0.8418       0.0805    0.05271          -0.06108     -0.1974           0.9824      0.5415          0.1485          0.6134        0.5165   0.008167          0.2406
     0.15           12.42   4.431   20.72    0.01871    0.8451       0.1346    0.06159          -0.05187     -0.1323           0.9919       0.521           0.145          0.6754        0.4618      0.007          0.3362
      0.2           12.42   4.523   20.72    0.01853    0.8482       0.1863    0.06988          -0.04332    -0.06838           0.9983       0.503          0.1423          0.7433        0.4147   0.004667          0.4268
      0.3           12.43   4.709   20.72    0.01804    0.8546        0.286    0.08645          -0.02617     0.05818            1.017      0.4672          0.1355          0.9064        0.3263      0.003          0.7851
      0.4           12.44   4.894   20.72    0.01769    0.8608        0.378     0.1023         -0.009775       0.185            1.032      0.4345          0.1324           1.103        0.2575   0.001833           1.338
      0.6           12.45   5.277   20.72     0.0171    0.8737       0.5887     0.1362           0.02504      0.4411            1.071      0.3635          0.1215           1.627        0.1592      0.001           3.924
      0.8           12.46   5.649   20.72    0.01591    0.8859       0.7954     0.1699           0.06006      0.7006            1.109      0.3007          0.1096           2.409        0.0865  0.0003333           13.88
        1           12.48    6.03   20.72    0.01492    0.8983       0.9893     0.2018           0.09301      0.9528             1.15      0.2477         0.09887           3.521       0.05883          0           40.24
     1.25           12.49   6.512   20.72    0.01369    0.9133        1.245     0.2429            0.1355       1.271            1.201      0.2012         0.09174           5.724         0.034          0           148.2
      1.5           12.51    6.99   20.72    0.01227    0.9299        1.507     0.2874            0.1816       1.608            1.253      0.1602          0.0386            9.52         0.025          0           695.4

=== 4h P5c|C|10
 edge_pct  trades_per_30d  mean_N  mean_L  liq_share  tp_share  drift_H_pct  gross_pct  net_notional_pct  eq_ret_pct  30d_median_mult  30d_p_loss  30d_mdd_median  1y_median_mult  1y_p_below50  1y_p_ruin  IS_median_mult
        0            12.5   4.144   20.72          0    0.8011     -0.01565    0.02236          -0.08475     -0.3513           0.9584       0.612          0.1416          0.5177        0.5873   0.002167           0.151
    0.025           12.51   4.192   20.72          0    0.8027     0.008329    0.02596          -0.08106     -0.3251           0.9597      0.6032          0.1374          0.5378        0.5595   0.001667          0.1724
     0.05           12.51   4.234   20.72          0    0.8041      0.03063      0.029          -0.07795     -0.3021           0.9625      0.5947          0.1344          0.5585        0.5378   0.001667          0.1949
    0.075           12.51   4.283   20.72          0    0.8056      0.05705    0.03225          -0.07461     -0.2767           0.9673      0.5848          0.1313          0.5811         0.515   0.001667          0.2307
      0.1           12.51   4.333   20.72          0    0.8073      0.08247    0.03632          -0.07045      -0.248           0.9717      0.5765          0.1301          0.6059         0.482   0.001333          0.2708
     0.15           12.51    4.43   20.72          0    0.8105       0.1365    0.04357          -0.06303      -0.197           0.9752      0.5582          0.1288          0.6458        0.4387  0.0006667          0.3183
      0.2           12.51   4.522   20.72          0    0.8135       0.1878    0.05036          -0.05607     -0.1474           0.9839      0.5397          0.1285          0.6968         0.395  0.0001667          0.3497
      0.3           12.52   4.708   20.72          0      0.82       0.2875    0.06469          -0.04138     -0.0445           0.9954      0.5063          0.1189          0.8121        0.3075  0.0001667          0.5133
      0.4           12.52   4.892   20.72          0    0.8262       0.3795    0.07828          -0.02744     0.05735             1.01      0.4708          0.1144          0.9462         0.243  0.0001667          0.7824
      0.6           12.53   5.276   20.72          0    0.8386       0.5902     0.1062          0.001184      0.2602            1.041       0.411          0.1005           1.282        0.1443  0.0001667           1.908
      0.8           12.54   5.648   20.72          0    0.8505       0.7953     0.1337           0.02932       0.463             1.07      0.3557          0.0962           1.745       0.08783          0           4.813
        1           12.55    6.03   20.72          0     0.862       0.9902     0.1583           0.05458      0.6517            1.094      0.3175          0.0962           2.311       0.06117          0           10.07
     1.25           12.56   6.511   20.72          0    0.8755        1.245     0.1894           0.08637      0.8808            1.127      0.2782          0.0962           3.239       0.03883          0           27.61
      1.5           12.57    6.99   20.72          0    0.8916        1.509     0.2258            0.1237       1.147            1.169      0.2363           0.096           4.778       0.02517          0           83.61

=== 4h P6|B|none
 edge_pct  trades_per_30d  mean_N  mean_L  liq_share  tp_share  drift_H_pct  gross_pct  net_notional_pct  eq_ret_pct  30d_median_mult  30d_p_loss  30d_mdd_median  1y_median_mult  1y_p_below50  1y_p_ruin  IS_median_mult
        0           10.83  0.3025   9.402          0         0     -0.01287   -0.04082           -0.1992    -0.05278           0.9935      0.6072         0.02209           0.927             0          0          0.8158
    0.025           10.83  0.3025   9.402          0         0       0.0106   -0.01841           -0.1768    -0.04693           0.9941      0.5982         0.02181           0.934             0          0          0.8373
     0.05           10.82  0.3025   9.402          0         0      0.03326    0.00315           -0.1553    -0.04124           0.9946      0.5892         0.02146          0.9409             0          0          0.8601
    0.075           10.82  0.3025   9.402          0         0      0.06044    0.02762           -0.1308    -0.03482           0.9953      0.5768         0.02115          0.9482             0          0          0.8901
      0.1           10.82  0.3025   9.402          0         0      0.08747    0.05282           -0.1057    -0.02827           0.9958      0.5665         0.02086          0.9569             0          0          0.9056
     0.15           10.81  0.3025   9.403          0         0       0.1425     0.1038          -0.05466    -0.01494           0.9971      0.5452          0.0202          0.9738             0          0          0.9482
      0.2           10.81  0.3025   9.403          0         0       0.1933     0.1507         -0.007858   -0.002057           0.9985      0.5233         0.01999            0.99             0          0          0.9873
      0.3            10.8  0.3025   9.403          0         0       0.2896     0.2404           0.08178     0.02131            1.001      0.4818         0.01935           1.021             0          0           1.072
      0.4           10.79  0.3026   9.403          0         0       0.3801     0.3272            0.1685       0.044            1.003      0.4427         0.01807           1.052             0          0           1.173
      0.6           10.78  0.3026   9.403          0         0       0.5921     0.5233            0.3646     0.09597            1.009      0.3535         0.01549           1.125             0          0           1.405
      0.8           10.76  0.3026   9.403          0         0       0.7959     0.7131            0.5542      0.1457            1.014       0.277         0.01332             1.2             0          0           1.712
        1           10.74  0.3026   9.403          0         0       0.9857     0.8911            0.7321      0.1943             1.02      0.2077          0.0113           1.277             0          0            2.05
     1.25           10.73  0.3026   9.403          0         0        1.242      1.128            0.9687      0.2564            1.026      0.1395         0.01007           1.385             0          0           2.578
      1.5           10.71  0.3026   9.403          0         0         1.51      1.372             1.212       0.322            1.033     0.07867         0.01003           1.507             0          0           3.324

=== 4h P6h|B|none
 edge_pct  trades_per_30d  mean_N  mean_L  liq_share  tp_share  drift_H_pct  gross_pct  net_notional_pct  eq_ret_pct  30d_median_mult  30d_p_loss  30d_mdd_median  1y_median_mult  1y_p_below50  1y_p_ruin  IS_median_mult
        0           10.83  0.1512   9.402          0         0     -0.01287   -0.04082           -0.1992    -0.02639           0.9968      0.6057         0.01107          0.9638             0          0          0.9057
    0.025           10.83  0.1512   9.402          0         0       0.0106   -0.01841           -0.1768    -0.02347           0.9971      0.5968         0.01093          0.9674             0          0          0.9176
     0.05           10.82  0.1512   9.402          0         0      0.03326    0.00315           -0.1553    -0.02062           0.9974       0.588         0.01076          0.9709             0          0            0.93
    0.075           10.82  0.1513   9.402          0         0      0.06044    0.02762           -0.1308    -0.01741           0.9977      0.5755          0.0106          0.9747             0          0          0.9463
      0.1           10.82  0.1513   9.402          0         0      0.08747    0.05282           -0.1057    -0.01413            0.998      0.5652         0.01044          0.9793             0          0          0.9543
     0.15           10.81  0.1513   9.403          0         0       0.1425     0.1038          -0.05466   -0.007471           0.9986      0.5438         0.01012          0.9878             0          0          0.9768
      0.2           10.81  0.1513   9.403          0         0       0.1933     0.1507         -0.007858   -0.001028           0.9993       0.522         0.01002           0.996             0          0          0.9965
      0.3            10.8  0.1513   9.403          0         0       0.2896     0.2404           0.08178     0.01065            1.001      0.4807          0.0097           1.011             0          0           1.038
      0.4           10.79  0.1513   9.403          0         0       0.3801     0.3272            0.1685       0.022            1.002      0.4413        0.009052           1.027             0          0           1.086
      0.6           10.78  0.1513   9.403          0         0       0.5921     0.5233            0.3646     0.04799            1.005       0.352        0.007755           1.062             0          0           1.189
      0.8           10.76  0.1513   9.403          0         0       0.7959     0.7131            0.5542     0.07287            1.007      0.2755        0.006667           1.096             0          0           1.313
        1           10.74  0.1513   9.403          0         0       0.9857     0.8911            0.7321     0.09713             1.01      0.2062        0.005656           1.131             0          0           1.437
     1.25           10.73  0.1513   9.403          0         0        1.242      1.128            0.9687      0.1282            1.013      0.1383        0.005033           1.178             0          0           1.611
      1.5           10.71  0.1513   9.403          0         0         1.51      1.372             1.212       0.161            1.017     0.07767        0.005015           1.229             0          0            1.83

=== 4h P6|B|10
 edge_pct  trades_per_30d  mean_N  mean_L  liq_share  tp_share  drift_H_pct  gross_pct  net_notional_pct  eq_ret_pct  30d_median_mult  30d_p_loss  30d_mdd_median  1y_median_mult  1y_p_below50  1y_p_ruin  IS_median_mult
        0           11.84  0.3008    9.39          0    0.6525     -0.01316    0.03537          -0.08309    -0.03221            0.997       0.578          0.0155          0.9541             0          0          0.8667
    0.025           11.85  0.3008    9.39          0    0.6556     0.009826    0.04559           -0.0727    -0.02915           0.9974      0.5677         0.01529           0.958             0          0          0.8848
     0.05           11.85  0.3008    9.39          0    0.6581      0.03286    0.05483          -0.06331    -0.02639           0.9978      0.5593         0.01495          0.9618             0          0          0.8933
    0.075           11.85  0.3007    9.39          0    0.6607      0.06033    0.06382          -0.05418    -0.02363            0.998      0.5527         0.01476          0.9656             0          0          0.9029
      0.1           11.86  0.3007    9.39          0    0.6635      0.08643    0.07494           -0.0429    -0.02049           0.9983      0.5438         0.01456          0.9698             0          0          0.9158
     0.15           11.86  0.3007    9.39          0    0.6693       0.1406    0.09548          -0.02204    -0.01457           0.9989      0.5272         0.01425          0.9782             0          0          0.9348
      0.2           11.87  0.3007    9.39          0     0.675       0.1925      0.116         -0.001143   -0.008221           0.9996      0.5082          0.0138          0.9874             0          0          0.9593
      0.3           11.88  0.3007    9.39          0     0.686        0.291     0.1556           0.03898    0.003275            1.001      0.4717         0.01312           1.004             0          0           1.007
      0.4           11.89  0.3007   9.391          0    0.6967       0.3814     0.1929           0.07698     0.01446            1.003      0.4428         0.01246            1.02             0          0           1.058
      0.6            11.9  0.3007   9.391          0    0.7195       0.5938     0.2758            0.1611     0.03905            1.006      0.3587         0.01076           1.057             0          0            1.17
      0.8           11.92  0.3007    9.39          0    0.7415       0.8013     0.3571            0.2436     0.06286            1.008      0.2917         0.01006           1.095             0          0           1.309
        1           11.94  0.3007   9.391          0    0.7636       0.9932      0.434            0.3218     0.08643            1.011       0.226         0.01004           1.133             0          0           1.432
     1.25           11.97  0.3006   9.391          0    0.7912        1.249     0.5334            0.4228      0.1155            1.015      0.1597         0.01002           1.183             0          0            1.61
      1.5           12.01  0.3007   9.391          0    0.8203        1.515     0.6411            0.5321      0.1471            1.019     0.08733         0.01001           1.239             0          0           1.864

=== 1d P0|A|10
 edge_pct  trades_per_30d  mean_N  mean_L  liq_share  tp_share  drift_H_pct  gross_pct  net_notional_pct  eq_ret_pct  30d_median_mult  30d_p_loss  30d_mdd_median  1y_median_mult  1y_p_below50  1y_p_ruin  IS_median_mult
        0           3.968       1       1   0.000568    0.1925      -0.0444  -0.006019           -0.2477     -0.2477           0.9892      0.5312         0.08145          0.8008        0.2985    0.02767          0.4382
    0.025           3.968       1       1  0.0005679    0.1931     -0.01913    0.01493           -0.2267     -0.2266             0.99      0.5288         0.08107          0.8122        0.2917    0.02767          0.4461
     0.05           3.969       1       1  0.0005678    0.1942      0.02448    0.05046           -0.1911      -0.191           0.9912      0.5253         0.08068          0.8234         0.281     0.0275          0.4712
    0.075           3.969       1       1  0.0005678    0.1948      0.05809    0.07779           -0.1637     -0.1636           0.9916      0.5222         0.08008          0.8336        0.2728     0.0275          0.4991
      0.1           3.969       1       1  0.0005677     0.196      0.09779     0.1144            -0.127      -0.127           0.9926       0.519         0.07921          0.8495         0.265     0.0275          0.5291
     0.15            3.97       1       1  0.0005677    0.1974       0.1462     0.1624          -0.07882    -0.07874           0.9948       0.514         0.07823          0.8714         0.254    0.02733           0.567
      0.2           3.971       1       1  0.0005675    0.1992       0.1977      0.215          -0.02607    -0.02599           0.9973      0.5077         0.07718           0.891         0.241    0.02733          0.6352
      0.3           3.973       1       1  0.0004963    0.2023       0.3018     0.3149           0.07408     0.07414            1.001      0.4958         0.07576          0.9253        0.2188    0.02533          0.7561
      0.4           3.974       1       1  0.0004961    0.2053       0.4197     0.4218            0.1813      0.1813            1.007      0.4812          0.0736          0.9804        0.2028      0.025          0.9049
      0.6           3.978       1       1  0.0004956    0.2114       0.6128     0.6069            0.3669      0.3669            1.014      0.4598          0.0705           1.075        0.1703    0.02483           1.066
      0.8           3.983       1       1  0.0004243    0.2168       0.8338     0.8102            0.5708      0.5708            1.021      0.4388         0.06718           1.189        0.1355     0.0215           1.346
        1           3.986       1       1   0.000424     0.222        1.013     0.9775            0.7385      0.7386            1.027      0.4173         0.06389           1.292        0.1118     0.0215           1.915
     1.25           3.992       1       1  0.0004233    0.2287        1.254      1.205            0.9664      0.9665            1.036      0.3932          0.0596           1.437       0.08617    0.02117           2.795
      1.5           3.998       1       1  0.0004228    0.2348        1.502      1.426             1.189       1.189            1.045      0.3657         0.05552           1.603        0.0675    0.02117           3.741
        2           4.006       1       1  0.0004219    0.2492        1.981      1.888             1.651       1.651            1.064      0.3092         0.04691           2.012       0.04833    0.02117           6.991
      2.5           4.016       1       1  0.0004208    0.2616        2.479      2.347             2.112       2.112            1.083      0.2598         0.03675           2.529       0.03617    0.02117           15.41
        3           4.027       1       1  0.0004197    0.2758        2.962      2.818             2.584       2.584            1.103      0.2118          0.0247           3.247         0.031    0.02117           29.93

=== 1d P0|B|10
 edge_pct  trades_per_30d  mean_N  mean_L  liq_share  tp_share  drift_H_pct  gross_pct  net_notional_pct  eq_ret_pct  30d_median_mult  30d_p_loss  30d_mdd_median  1y_median_mult  1y_p_below50  1y_p_ruin  IS_median_mult
        0           4.136       1       1          0    0.1895     -0.04466    0.05573           -0.1769     -0.1769           0.9861      0.5455         0.09175          0.8176        0.2302          0           0.514
    0.025           4.136       1       1          0    0.1903     -0.01181    0.07984           -0.1527     -0.1527           0.9869      0.5427         0.09131          0.8282        0.2208          0          0.5234
     0.05           4.135       1       1          0    0.1914      0.03104      0.111           -0.1215     -0.1215            0.988      0.5393         0.09074          0.8429        0.2097          0          0.5374
    0.075           4.135       1       1          0     0.192      0.06347     0.1319           -0.1007     -0.1007           0.9886      0.5368         0.09052          0.8508         0.205          0          0.5614
      0.1           4.135       1       1          0    0.1931      0.09927     0.1616          -0.07093    -0.07093           0.9894      0.5337         0.09028          0.8619        0.1953          0          0.5791
     0.15           4.134       1       1          0    0.1945       0.1485     0.2113          -0.02116    -0.02116           0.9913      0.5283         0.08969           0.884        0.1807          0           0.635
      0.2           4.135       1       1          0    0.1961       0.1962     0.2586           0.02624     0.02624            0.993      0.5225         0.08904          0.9078          0.17          0          0.6772
      0.3           4.136       1       1          0    0.1991       0.2978     0.3479            0.1158      0.1158            0.997      0.5102         0.08751          0.9455        0.1505          0          0.7832
      0.4           4.135       1       1          0    0.2021       0.4149     0.4507            0.2187      0.2187            1.001      0.4963         0.08523          0.9945        0.1278          0          0.9026
      0.6           4.135       1       1          0    0.2079       0.6072     0.6194            0.3876      0.3876            1.007      0.4773         0.08237           1.082       0.09867          0           1.165
      0.8           4.133       1       1          0    0.2131       0.8252     0.7913            0.5597      0.5597            1.014       0.458         0.07937           1.183       0.07333          0           1.619
        1           4.132       1       1          0    0.2179        1.005     0.9451            0.7137      0.7137            1.021      0.4372         0.07709           1.274         0.055          0           2.022
     1.25           4.132       1       1          0    0.2238        1.241       1.15            0.9188      0.9188            1.028      0.4108         0.07415            1.42       0.03583          0           2.807
      1.5           4.131       1       1          0    0.2299         1.49      1.353             1.122       1.122            1.038      0.3835         0.07087            1.57         0.024          0           3.783
        2           4.129       1       1          0    0.2441        1.965      1.785             1.555       1.555            1.055      0.3318         0.06301           1.963      0.007833          0            7.07
      2.5           4.126       1       1          0    0.2564        2.457       2.21              1.98        1.98            1.073      0.2825         0.05371           2.441         0.002          0           12.13
        3           4.125       1       1          0    0.2705        2.943      2.666             2.437       2.437            1.094      0.2307         0.03942           3.073     0.0003333          0           24.12

=== 1d P1|B|10
 edge_pct  trades_per_30d  mean_N  mean_L  liq_share  tp_share  drift_H_pct  gross_pct  net_notional_pct  eq_ret_pct  30d_median_mult  30d_p_loss  30d_mdd_median  1y_median_mult  1y_p_below50  1y_p_ruin  IS_median_mult
        0            5.28    1.25       5   0.001067    0.7521     -0.02524    0.09544          -0.06361    -0.07951            1.005       0.485         0.07705           0.894        0.1433          0          0.6201
    0.025           5.281    1.25       5   0.001067    0.7529     0.003766     0.1032          -0.05583    -0.06978            1.005      0.4837         0.07671          0.8989        0.1392          0          0.6201
     0.05           5.284    1.25       5   0.001066    0.7542      0.04579     0.1138          -0.04506    -0.05632            1.006      0.4803         0.07584          0.9039        0.1345          0          0.6201
    0.075           5.284    1.25       5   0.001066    0.7554       0.0753     0.1228          -0.03596    -0.04495            1.007      0.4787         0.07558          0.9108        0.1315          0          0.6317
      0.1           5.284    1.25       5   0.001066    0.7561        0.106     0.1294           -0.0293    -0.03663            1.008       0.477         0.07486          0.9163        0.1285          0          0.6499
     0.15           5.286    1.25       5   0.001066    0.7579       0.1524     0.1438          -0.01468    -0.01835            1.008       0.474         0.07334          0.9275        0.1237          0          0.6934
      0.2           5.289    1.25       5   0.001065    0.7602       0.1978     0.1623          0.004008     0.00501             1.01      0.4707          0.0724          0.9424        0.1185          0           0.721
      0.3           5.296    1.25       5   0.001064    0.7637       0.2961     0.1911           0.03315     0.04144            1.011      0.4653         0.07147          0.9608         0.109          0          0.7392
      0.4           5.299    1.25       5   0.001063    0.7678       0.4141     0.2255            0.0679     0.08487            1.014      0.4573         0.06836          0.9907        0.0975          0          0.8024
      0.6           5.309    1.25       5   0.001061    0.7744        0.601     0.2822            0.1252      0.1565            1.019      0.4425         0.06459           1.043       0.07817          0          0.9627
      0.8           5.315    1.25       5   0.001007    0.7814       0.7887     0.3403            0.1839      0.2299            1.023      0.4285         0.06218           1.092       0.06433          0           1.203
        1           5.328    1.25       5   0.001005    0.7897       0.9705     0.4041            0.2486      0.3107            1.028      0.4097         0.05889           1.156       0.05233          0           1.438
     1.25           5.342    1.25       5   0.001002    0.8006        1.228     0.4874            0.3329      0.4161            1.035      0.3873         0.05426           1.238        0.0355          0           1.801
      1.5           5.354    1.25       5  0.0009471    0.8095        1.477      0.561            0.4073      0.5091            1.044      0.3688         0.04979            1.32       0.02483          0            2.16
        2           5.381    1.25       5  0.0008899    0.8279        1.957     0.7126            0.5607      0.7009             1.05      0.3305         0.03511           1.501       0.01267          0           3.177
      2.5           5.408    1.25       5  0.0007813    0.8453        2.447     0.8495            0.6992       0.874            1.067      0.2938         0.01828           1.702      0.007167          0           4.658
        3           5.431    1.25       5   0.000778    0.8644        2.945      1.002            0.8539       1.067            1.072      0.2505               0           1.944         0.003          0           7.192

=== 1d P2|B|10
 edge_pct  trades_per_30d  mean_N  mean_L  liq_share  tp_share  drift_H_pct  gross_pct  net_notional_pct  eq_ret_pct  30d_median_mult  30d_p_loss  30d_mdd_median  1y_median_mult  1y_p_below50  1y_p_ruin  IS_median_mult
        0           5.753     2.5      10    0.03506    0.8686   -0.0001214    0.05983          -0.09384     -0.2346            1.037      0.4573         0.06221          0.7321        0.3965     0.0055          0.3262
    0.025           5.754     2.5      10    0.03486    0.8693       0.0304    0.06477          -0.08878     -0.2219            1.038       0.456         0.06098          0.7371        0.3897   0.005167          0.3519
     0.05           5.755     2.5      10    0.03475      0.87      0.07155     0.0704          -0.08303     -0.2076             1.04       0.454         0.05906          0.7425        0.3845   0.004667          0.3519
    0.075           5.756     2.5      10    0.03455    0.8706       0.1019    0.07423          -0.07906     -0.1976            1.041       0.453         0.05872          0.7474        0.3817   0.004833           0.357
      0.1           5.755     2.5      10    0.03455    0.8708       0.1351     0.0754          -0.07785     -0.1946            1.042      0.4522         0.05783          0.7488        0.3793      0.005          0.3571
     0.15           5.758     2.5      10    0.03419    0.8718       0.1805    0.08221          -0.07078      -0.177            1.043       0.449         0.05451          0.7619         0.371   0.004333          0.3635
      0.2           5.759     2.5      10     0.0338    0.8729       0.2296    0.09086          -0.06186     -0.1546            1.044      0.4462         0.04709          0.7753        0.3605     0.0035          0.3912
      0.3           5.765     2.5      10    0.03323    0.8748       0.3349     0.1033          -0.04896     -0.1224            1.044      0.4407         0.04153          0.7938        0.3483     0.0035          0.4412
      0.4           5.768     2.5      10    0.03272    0.8774       0.4539     0.1218          -0.03001    -0.07501            1.044      0.4337         0.03577           0.821        0.3293     0.0025          0.5135
      0.6           5.777     2.5      10     0.0316    0.8818       0.6486     0.1525          0.001523    0.003808            1.047      0.4195         0.02102          0.8708        0.2925     0.0025          0.6138
      0.8           5.781     2.5      10    0.03075    0.8854       0.8358     0.1783           0.02802     0.07006            1.056      0.4107         0.01032          0.9134        0.2685   0.001667          0.6856
        1            5.79     2.5      10    0.03002    0.8896        1.012     0.2078           0.05823      0.1456            1.066       0.395               0          0.9746         0.243  0.0008333          0.7788
     1.25           5.797     2.5      10    0.02867    0.8951        1.256     0.2438           0.09532      0.2383            1.067      0.3787               0           1.038         0.213  0.0008333           1.021
      1.5            5.81     2.5      10     0.0274    0.9006        1.505     0.2797            0.1323      0.3309            1.067      0.3642               0            1.12        0.1793     0.0005           1.323
        2           5.823     2.5      10    0.02457    0.9112        1.976     0.3571            0.2119      0.5299            1.086      0.3308               0           1.325        0.1205  0.0001667           2.211
      2.5           5.841     2.5      10    0.02291    0.9215        2.446     0.4231            0.2796      0.6991             1.09      0.3035               0            1.51       0.08067  0.0001667           3.294
        3           5.858     2.5      10    0.02073    0.9321        2.935     0.4958            0.3543      0.8856            1.091      0.2687               0            1.76         0.051  0.0001667           4.308

=== 1d P2|C|10
 edge_pct  trades_per_30d  mean_N  mean_L  liq_share  tp_share  drift_H_pct  gross_pct  net_notional_pct  eq_ret_pct  30d_median_mult  30d_p_loss  30d_mdd_median  1y_median_mult  1y_p_below50  1y_p_ruin  IS_median_mult
        0           5.907     2.5      10          0    0.8192      0.02172    0.02076           -0.1163     -0.2908           0.9778      0.5613           0.123          0.7416        0.3045          0          0.3918
    0.025           5.907     2.5      10          0    0.8198      0.05187    0.02436           -0.1127     -0.2817           0.9802      0.5605           0.123          0.7473        0.2987          0          0.3931
     0.05           5.908     2.5      10          0    0.8206      0.09123    0.02881           -0.1082     -0.2704            0.985      0.5587           0.123          0.7538        0.2925          0          0.4199
    0.075           5.908     2.5      10          0     0.821        0.121     0.0308           -0.1061     -0.2653           0.9857      0.5585           0.123          0.7548        0.2917          0          0.4198
      0.1           5.908     2.5      10          0    0.8213       0.1534    0.03222           -0.1047     -0.2617           0.9941      0.5567           0.123          0.7556          0.29          0          0.4362
     0.15            5.91     2.5      10          0    0.8221       0.1984    0.03627           -0.1006     -0.2514           0.9961      0.5537           0.123          0.7634        0.2835          0          0.4362
      0.2           5.911     2.5      10          0    0.8232        0.248     0.0419          -0.09486     -0.2371           0.9968      0.5517           0.123          0.7721        0.2755          0          0.4544
      0.3           5.914     2.5      10          0    0.8252       0.3533    0.05228          -0.08431     -0.2108           0.9971       0.545           0.123           0.791        0.2628          0          0.4767
      0.4           5.915     2.5      10          0    0.8275       0.4745     0.0646          -0.07182     -0.1796           0.9979      0.5398           0.123          0.8081        0.2493          0           0.519
      0.6           5.921     2.5      10          0    0.8319       0.6711    0.08816          -0.04797     -0.1199           0.9986      0.5283           0.123          0.8426        0.2233          0          0.5749
      0.8           5.922     2.5      10          0     0.835        0.865     0.1041          -0.03182    -0.07956           0.9986      0.5208           0.123           0.871        0.2053          0          0.6483
        1           5.927     2.5      10          0     0.839        1.042     0.1257         -0.009889    -0.02472           0.9993      0.5098           0.123          0.9068        0.1847          0          0.7018
     1.25           5.932     2.5      10          0     0.844        1.286     0.1508           0.01556     0.03891            1.003      0.4985           0.123          0.9467        0.1575          0          0.8438
      1.5           5.939     2.5      10          0    0.8491        1.534     0.1762           0.04143      0.1036             1.02       0.485           0.123          0.9868        0.1353          0           1.068
        2           5.946     2.5      10          0    0.8585        2.006     0.2274           0.09335      0.2334            1.021      0.4638           0.123           1.098       0.09183          0           1.228
      2.5           5.956     2.5      10          0     0.868        2.474     0.2766            0.1433      0.3582            1.041      0.4383           0.123           1.198       0.06067          0            1.66
        3           5.967     2.5      10          0    0.8775        2.951     0.3243            0.1917      0.4794            1.044      0.4123         0.07732           1.316       0.04283          0           2.188

=== 1d P3|A|10
 edge_pct  trades_per_30d  mean_N  mean_L  liq_share  tp_share  drift_H_pct  gross_pct  net_notional_pct  eq_ret_pct  30d_median_mult  30d_p_loss  30d_mdd_median  1y_median_mult  1y_p_below50  1y_p_ruin  IS_median_mult
        0           6.103       4      20    0.09738    0.8969      0.01297  0.0002889           -0.1698     -0.6791            1.031      0.4682               0          0.5304        0.5678    0.01283          0.1291
    0.025           6.103       4      20    0.09715    0.8973      0.04152   0.001673           -0.1683     -0.6731            1.031       0.468               0          0.5334        0.5653    0.01233          0.1251
     0.05           6.103       4      20    0.09688    0.8975      0.07857   0.003058           -0.1668      -0.667            1.031       0.467               0          0.5348        0.5645    0.01233          0.1291
    0.075           6.103       4      20    0.09674    0.8978       0.1109   0.003989           -0.1657     -0.6629            1.031      0.4665               0          0.5364        0.5627     0.0125          0.1299
      0.1           6.103       4      20    0.09664    0.8979       0.1429   0.004567           -0.1651     -0.6604            1.031      0.4663               0          0.5375        0.5625    0.01233          0.1299
     0.15           6.104       4      20    0.09636    0.8982       0.1877   0.005997           -0.1635     -0.6541            1.031      0.4647               0          0.5398        0.5598      0.012           0.132
      0.2           6.104       4      20     0.0958    0.8989       0.2358   0.009069           -0.1602     -0.6406            1.031      0.4628               0          0.5461        0.5512      0.011           0.149
      0.3           6.106       4      20    0.09521    0.8997       0.3405    0.01269           -0.1562     -0.6249            1.043      0.4605               0          0.5534        0.5423    0.01083          0.1536
      0.4           6.107       4      20    0.09455    0.9005       0.4584    0.01614           -0.1524     -0.6097            1.043      0.4598               0          0.5586        0.5352    0.01033          0.1536
      0.6           6.111       4      20    0.09293    0.9023       0.6537    0.02478           -0.1429     -0.5718            1.046       0.451               0          0.5766         0.517   0.009333          0.1921
      0.8           6.113       4      20     0.0917    0.9037       0.8495    0.03129           -0.1358     -0.5432            1.046      0.4463               0          0.5933        0.4995   0.008333          0.2156
        1           6.115       4      20    0.08945     0.906        1.028    0.04276           -0.1232     -0.4927            1.046      0.4382               0          0.6136        0.4765      0.007          0.2224
     1.25           6.117       4      20    0.08786     0.908        1.273    0.05162           -0.1134     -0.4537            1.046      0.4325               0          0.6273        0.4587   0.006833          0.2418
      1.5           6.119       4      20    0.08609    0.9101        1.516    0.06156           -0.1026     -0.4102            1.046      0.4248               0          0.6528        0.4378      0.006          0.2547
        2           6.122       4      20    0.08218    0.9144        1.987    0.08206          -0.08007     -0.3203            1.046      0.4108               0          0.6988        0.3868      0.004           0.338
      2.5           6.129       4      20    0.07827    0.9189        2.457     0.1028          -0.05725      -0.229             1.06      0.3958               0          0.7528        0.3433      0.003          0.4289
        3           6.133       4      20    0.07541    0.9225        2.939     0.1187          -0.03984     -0.1594            1.062        0.38               0          0.7987        0.3053   0.002333          0.5053

=== 1d P3|B|10
 edge_pct  trades_per_30d  mean_N  mean_L  liq_share  tp_share  drift_H_pct  gross_pct  net_notional_pct  eq_ret_pct  30d_median_mult  30d_p_loss  30d_mdd_median  1y_median_mult  1y_p_below50  1y_p_ruin  IS_median_mult
        0           6.104       4      20    0.09446    0.8969     0.009758    0.00145           -0.1673     -0.6693            1.031      0.4688               0          0.5352        0.5655    0.01217           0.133
    0.025           6.104       4      20    0.09428    0.8972       0.0383   0.002828           -0.1659     -0.6635            1.031      0.4687               0          0.5365        0.5632    0.01167          0.1306
     0.05           6.104       4      20    0.09405    0.8975      0.07535   0.004141           -0.1644     -0.6577            1.031      0.4677               0          0.5372        0.5623    0.01183          0.1306
    0.075           6.104       4      20    0.09391    0.8977       0.1076   0.005113           -0.1634     -0.6535            1.031       0.467               0          0.5393        0.5598      0.012          0.1318
      0.1           6.104       4      20    0.09382    0.8978       0.1397   0.005691           -0.1627      -0.651            1.031      0.4668               0          0.5401        0.5597    0.01167          0.1348
     0.15           6.105       4      20    0.09353    0.8981       0.1844   0.007121           -0.1612     -0.6447            1.031      0.4652               0          0.5432         0.557    0.01133          0.1413
      0.2           6.105       4      20    0.09297    0.8988       0.2326    0.01019           -0.1578     -0.6312            1.031      0.4633               0          0.5505        0.5483     0.0105           0.149
      0.3           6.107       4      20    0.09243    0.8996       0.3373    0.01378           -0.1539     -0.6157            1.039       0.461               0          0.5574        0.5395    0.01067          0.1568
      0.4           6.108       4      20    0.09182    0.9004       0.4552    0.01719           -0.1502     -0.6007            1.043      0.4603               0          0.5612        0.5317    0.01017          0.1615
      0.6           6.112       4      20    0.09015    0.9022       0.6504    0.02587           -0.1406     -0.5625            1.046      0.4515               0          0.5792        0.5125   0.009167          0.1991
      0.8           6.114       4      20    0.08915    0.9036       0.8462    0.03221           -0.1338      -0.535            1.046      0.4467               0          0.5952        0.4963   0.008167          0.2339
        1           6.116       4      20    0.08714     0.906        1.024    0.04357           -0.1213     -0.4854            1.046      0.4385               0          0.6153        0.4723   0.006667           0.225
     1.25           6.118       4      20    0.08582    0.9079        1.269     0.0522            -0.112     -0.4478            1.046       0.433               0          0.6302        0.4543     0.0065          0.2489
      1.5            6.12       4      20    0.08414    0.9101        1.512    0.06216           -0.1011     -0.4044            1.046      0.4253               0          0.6544         0.433   0.006167          0.2621
        2           6.123       4      20    0.08056    0.9143        1.983    0.08239          -0.07904     -0.3162            1.046      0.4112               0          0.7008        0.3842   0.003667          0.3423
      2.5            6.13       4      20    0.07683    0.9189        2.454     0.1034          -0.05606     -0.2242             1.06      0.3957               0          0.7546        0.3382   0.002833          0.4297
        3           6.134       4      20    0.07407    0.9225        2.935     0.1196          -0.03843     -0.1537            1.062      0.3797               0          0.8062        0.2998   0.002167          0.5095

=== 1d P3|C|10
 edge_pct  trades_per_30d  mean_N  mean_L  liq_share  tp_share  drift_H_pct  gross_pct  net_notional_pct  eq_ret_pct  30d_median_mult  30d_p_loss  30d_mdd_median  1y_median_mult  1y_p_below50  1y_p_ruin  IS_median_mult
        0           6.192       4      20          0    0.7878     0.006902   -0.08308           -0.2147     -0.8589           0.9594        0.66          0.0968          0.4895        0.5895  0.0001667          0.1111
    0.025           6.192       4      20          0    0.7881      0.03498   -0.08236            -0.214     -0.8559           0.9594      0.6587          0.0968          0.4909        0.5865  0.0001667          0.1155
     0.05           6.192       4      20          0    0.7884      0.07165   -0.08148           -0.2131     -0.8524           0.9594      0.6583          0.0968          0.4922        0.5853          0          0.1144
    0.075           6.192       4      20          0    0.7887       0.1035   -0.08061           -0.2122     -0.8488           0.9594      0.6568          0.0968          0.4935        0.5835          0          0.1204
      0.1           6.192       4      20          0    0.7887       0.1347   -0.08061           -0.2122     -0.8488           0.9594      0.6563          0.0968          0.4933         0.582          0          0.1174
     0.15           6.192       4      20          0    0.7889       0.1799   -0.08008           -0.2117     -0.8466           0.9594       0.656          0.0968          0.4948        0.5803  0.0001667          0.1223
      0.2           6.192       4      20          0    0.7895       0.2281   -0.07841           -0.2099     -0.8398           0.9594      0.6548          0.0968          0.4985         0.576  0.0001667          0.1242
      0.3           6.193       4      20          0    0.7898       0.3324   -0.07774           -0.2092      -0.837           0.9594      0.6548          0.0968          0.4985        0.5758  0.0003333          0.1286
      0.4           6.193       4      20          0    0.7905       0.4497   -0.07561           -0.2071     -0.8283           0.9594      0.6532          0.0968          0.5035         0.569  0.0003333          0.1235
      0.6           6.193       4      20          0    0.7919       0.6457   -0.07188           -0.2033     -0.8131           0.9594      0.6493          0.0968          0.5067        0.5567  0.0003333          0.1277
      0.8           6.194       4      20          0    0.7933       0.8402   -0.06803           -0.1993     -0.7974           0.9594       0.644          0.0968          0.5132        0.5488  0.0003333          0.1362
        1           6.194       4      20          0    0.7958        1.018   -0.06112           -0.1923     -0.7692           0.9594       0.638          0.0968          0.5232        0.5282  0.0003333          0.1511
     1.25           6.193       4      20          0    0.7967        1.261    -0.0586           -0.1897     -0.7588           0.9594      0.6397          0.0968          0.5288        0.5193          0           0.147
      1.5           6.192       4      20          0    0.7986        1.506   -0.05342           -0.1844     -0.7377           0.9594      0.6325          0.0968           0.539        0.5043          0          0.1693
        2           6.193       4      20          0    0.8002         1.98   -0.04899           -0.1799     -0.7196           0.9693      0.6283          0.0968           0.543        0.4968          0          0.1645
      2.5           6.196       4      20          0     0.803        2.457   -0.04152           -0.1723      -0.689            0.974      0.6197          0.0968          0.5563        0.4742          0          0.1763
        3           6.197       4      20          0    0.8051        2.937   -0.03576           -0.1664     -0.6655            0.974      0.6097          0.0968          0.5724         0.451          0          0.1814

=== 1d P3|B|30
 edge_pct  trades_per_30d  mean_N  mean_L  liq_share  tp_share  drift_H_pct  gross_pct  net_notional_pct  eq_ret_pct  30d_median_mult  30d_p_loss  30d_mdd_median  1y_median_mult  1y_p_below50  1y_p_ruin  IS_median_mult
        0           5.755       4      20     0.2268    0.7384      0.03387    0.02838           -0.2142     -0.8566           0.9342       0.602          0.2052          0.3536        0.7803     0.1445         0.04237
    0.025           5.756       4      20     0.2261    0.7392      0.06335     0.0335           -0.2087     -0.8347           0.9342      0.6007          0.2052          0.3581        0.7778     0.1403         0.04169
     0.05           5.757       4      20     0.2251    0.7403       0.1033    0.03958           -0.2021     -0.8084           0.9342      0.5978          0.2052          0.3644         0.772      0.135           0.047
    0.075           5.757       4      20     0.2245    0.7411       0.1324    0.04427           -0.1971     -0.7883           0.9342      0.5973          0.2052          0.3706        0.7692      0.132          0.0526
      0.1           5.757       4      20     0.2241    0.7415       0.1629    0.04631           -0.1949     -0.7795           0.9352      0.5957          0.2052          0.3735        0.7683     0.1295         0.04998
     0.15           5.759       4      20     0.2231     0.743        0.208    0.05372           -0.1869     -0.7477           0.9352      0.5925          0.2052          0.3833        0.7602     0.1242         0.05484
      0.2           5.759       4      20     0.2221    0.7444       0.2545     0.0611            -0.179      -0.716           0.9352      0.5883          0.2052          0.3925        0.7542     0.1215         0.05719
      0.3           5.765       4      20     0.2197    0.7474       0.3583    0.07765           -0.1612     -0.6447             0.94      0.5818          0.2052          0.4164        0.7398     0.1148         0.06425
      0.4           5.766       4      20      0.217    0.7505        0.479    0.09517           -0.1423     -0.5692           0.9638      0.5752          0.2052          0.4397        0.7212      0.101         0.08746
      0.6            5.77       4      20     0.2123     0.756       0.6795     0.1262           -0.1089     -0.4356           0.9782      0.5647           0.204           0.484        0.6862    0.08417          0.1084
      0.8           5.775       4      20     0.2085    0.7612       0.8739     0.1538          -0.07925      -0.317           0.9828      0.5557           0.204          0.5319        0.6543    0.07083          0.1497
        1           5.782       4      20     0.2035    0.7672        1.049     0.1875          -0.04299      -0.172           0.9846      0.5383           0.204          0.5852        0.6148    0.05883           0.214
     1.25           5.788       4      20     0.1982    0.7749        1.293     0.2276         7.336e-06   2.935e-05           0.9869      0.5203           0.204           0.669        0.5688     0.0455          0.2814
      1.5           5.793       4      20     0.1928    0.7817        1.538     0.2661           0.04134      0.1654           0.9889      0.5028           0.204          0.7625          0.52     0.0345          0.4979
        2           5.803       4      20     0.1811    0.7957        2.016      0.346            0.1271      0.5086            1.038      0.4732           0.204          0.9817        0.4238    0.01867           1.034
      2.5           5.815       4      20     0.1708    0.8087         2.49     0.4178            0.2044      0.8174             1.04       0.446           0.204           1.242        0.3395     0.0105           1.655
        3           5.829       4      20     0.1603    0.8219        2.966     0.4906            0.2826       1.131            1.086      0.4163           0.204           1.588        0.2582   0.006167           3.511

=== 1d P3|B|100
 edge_pct  trades_per_30d  mean_N  mean_L  liq_share  tp_share  drift_H_pct  gross_pct  net_notional_pct  eq_ret_pct  30d_median_mult  30d_p_loss  30d_mdd_median  1y_median_mult  1y_p_below50  1y_p_ruin  IS_median_mult
        0           4.937       4      20     0.4349    0.3832    -0.002021   -0.02865           -0.4036      -1.614           0.8568      0.6517          0.3564          0.1346        0.9187     0.5133        0.002672
    0.025           4.937       4      20     0.4338    0.3845      0.02942   -0.01652            -0.391      -1.564           0.8572      0.6502           0.352           0.138        0.9143     0.5048          0.0029
     0.05           4.936       4      20     0.4321    0.3861      0.07237  0.0002024           -0.3734      -1.494           0.8585      0.6467          0.3467          0.1434        0.9107     0.4908         0.00321
    0.075           4.936       4      20     0.4305    0.3874       0.1055    0.01646           -0.3565      -1.426           0.8603       0.644          0.3421          0.1499        0.9052     0.4817         0.00336
      0.1           4.936       4      20     0.4293    0.3887       0.1385    0.02849           -0.3439      -1.375            0.865      0.6408          0.3388          0.1558         0.903     0.4735        0.003889
     0.15           4.936       4      20     0.4276    0.3903        0.186    0.04886           -0.3226      -1.291           0.8686      0.6367          0.3344          0.1634         0.898      0.459        0.004884
      0.2           4.936       4      20     0.4254    0.3923       0.2305    0.07117           -0.2993      -1.197           0.8731      0.6312          0.3266          0.1739         0.895     0.4475        0.005948
      0.3           4.936       4      20     0.4212    0.3968       0.3404      0.118           -0.2504      -1.002           0.8868      0.6208          0.3156          0.1972        0.8803     0.4197        0.007572
      0.4           4.935       4      20     0.4162    0.4015       0.4636     0.1703           -0.1958     -0.7832           0.8978       0.611          0.2978          0.2232         0.862      0.386          0.0099
      0.6           4.934       4      20     0.4081    0.4097       0.6588     0.2564           -0.1058     -0.4233           0.9015      0.5918          0.2834          0.2798        0.8327     0.3348         0.02502
      0.8           4.934       4      20     0.4003    0.4177       0.8627     0.3416          -0.01696    -0.06786           0.9144      0.5727          0.2732          0.3504        0.7963     0.2798         0.04821
        1           4.932       4      20     0.3917    0.4259        1.039     0.4298           0.07528      0.3011           0.9457      0.5528          0.2556          0.4377        0.7588     0.2373         0.08482
     1.25           4.928       4      20     0.3815     0.436        1.294     0.5426             0.193       0.772           0.9584      0.5312          0.2461          0.5883        0.7072     0.1765          0.1961
      1.5           4.926       4      20     0.3715    0.4453        1.547     0.6485            0.3036       1.214           0.9862      0.5098          0.2446          0.7564        0.6528     0.1325          0.4427
        2           4.923       4      20     0.3483    0.4677        2.027      0.895             0.561       2.244            1.047      0.4652          0.2217           1.445          0.51       0.06           3.535
      2.5            4.92       4      20     0.3276    0.4877        2.505      1.116             0.792       3.168            1.081      0.4162          0.2076           2.571        0.3818    0.02633           14.44
        3            4.92       4      20     0.3072    0.5075        2.976      1.332             1.018       4.072            1.134      0.3692          0.2064           4.481        0.2772     0.0095           93.15

=== 1d P4|A|10
 edge_pct  trades_per_30d  mean_N  mean_L  liq_share  tp_share  drift_H_pct  gross_pct  net_notional_pct  eq_ret_pct  30d_median_mult  30d_p_loss  30d_mdd_median  1y_median_mult  1y_p_below50  1y_p_ruin  IS_median_mult
        0           6.232      20      50     0.2257    0.7743     0.004244    -0.1837           -0.4121      -8.242           0.6083      0.7587            0.42       0.0002388             1     0.9985       2.216e-11
    0.025           6.232      20      50     0.2258    0.7742      0.03242    -0.1838           -0.4123      -8.246           0.6083      0.7587            0.42       0.0002388             1     0.9985       2.502e-11
     0.05           6.232      20      50     0.2255    0.7745      0.06886    -0.1833           -0.4116      -8.232           0.6083      0.7587            0.42       0.0002412             1     0.9983       3.472e-11
    0.075           6.232      20      50     0.2254    0.7746       0.1005    -0.1832           -0.4114      -8.228           0.6083      0.7588            0.42       0.0002419             1     0.9983       3.209e-11
      0.1           6.232      20      50     0.2257    0.7743       0.1315    -0.1836            -0.412       -8.24           0.6083      0.7587            0.42       0.0002407             1     0.9983       3.209e-11
     0.15           6.232      20      50     0.2258    0.7742       0.1761    -0.1839           -0.4124      -8.248           0.6083      0.7592            0.42       0.0002388             1     0.9983       3.067e-11
      0.2           6.232      20      50     0.2259    0.7741       0.2239     -0.184           -0.4125       -8.25           0.6083       0.758            0.42       0.0002388             1     0.9985        2.59e-11
      0.3           6.232      20      50     0.2263    0.7737       0.3279    -0.1848           -0.4134      -8.269           0.6083        0.76            0.42       0.0002374             1     0.9985       3.217e-11
      0.4           6.232      20      50     0.2267    0.7733       0.4447    -0.1854           -0.4143      -8.287           0.6083      0.7595            0.42       0.0002351             1     0.9987       2.317e-11
      0.6           6.232      20      50     0.2277    0.7723       0.6397    -0.1871           -0.4165       -8.33           0.6083      0.7608            0.42       0.0002314             1      0.999       1.701e-11
      0.8           6.232      20      50     0.2286    0.7714       0.8331    -0.1886           -0.4183      -8.367           0.6083       0.762            0.42       0.0002277             1      0.999       2.053e-11
        1           6.232      20      50      0.229     0.771        1.009    -0.1893           -0.4192      -8.384           0.6083      0.7618            0.42       0.0002241             1      0.999       1.876e-11
     1.25           6.232      20      50     0.2305    0.7695        1.252    -0.1919           -0.4226      -8.452           0.6083      0.7645            0.42       0.0002104             1     0.9993       1.238e-11
      1.5           6.232      20      50     0.2315    0.7685        1.496    -0.1936           -0.4247      -8.495           0.6083       0.767            0.42       0.0002043             1     0.9995       1.249e-11
        2           6.232      20      50     0.2348    0.7652        1.969    -0.1992            -0.432      -8.639           0.6083      0.7733            0.42         0.00015             1          1       1.106e-11
      2.5           6.232      20      50      0.237     0.763        2.445     -0.203           -0.4368      -8.736           0.6083      0.7757            0.42        0.000143             1     0.9997       6.636e-12
        3           6.232      20      50     0.2398    0.7602         2.93    -0.2076           -0.4427      -8.854           0.6083      0.7807            0.42       0.0001342             1     0.9993       3.973e-12

=== 1d P4|B|10
 edge_pct  trades_per_30d  mean_N  mean_L  liq_share  tp_share  drift_H_pct  gross_pct  net_notional_pct  eq_ret_pct  30d_median_mult  30d_p_loss  30d_mdd_median  1y_median_mult  1y_p_below50  1y_p_ruin  IS_median_mult
        0           6.232      20      50     0.2257    0.7743     0.004244    -0.1837           -0.4121      -8.242           0.6083      0.7587            0.42       0.0002388             1     0.9985       2.216e-11
    0.025           6.232      20      50     0.2258    0.7742      0.03242    -0.1838           -0.4123      -8.246           0.6083      0.7587            0.42       0.0002388             1     0.9985       2.502e-11
     0.05           6.232      20      50     0.2255    0.7745      0.06886    -0.1833           -0.4116      -8.232           0.6083      0.7587            0.42       0.0002412             1     0.9983       3.472e-11
    0.075           6.232      20      50     0.2254    0.7746       0.1005    -0.1832           -0.4114      -8.228           0.6083      0.7588            0.42       0.0002419             1     0.9983       3.209e-11
      0.1           6.232      20      50     0.2257    0.7743       0.1315    -0.1836            -0.412       -8.24           0.6083      0.7587            0.42       0.0002407             1     0.9983       3.209e-11
     0.15           6.232      20      50     0.2258    0.7742       0.1761    -0.1839           -0.4124      -8.248           0.6083      0.7592            0.42       0.0002388             1     0.9983       3.067e-11
      0.2           6.232      20      50     0.2259    0.7741       0.2239     -0.184           -0.4125       -8.25           0.6083       0.758            0.42       0.0002388             1     0.9985        2.59e-11
      0.3           6.232      20      50     0.2263    0.7737       0.3279    -0.1848           -0.4134      -8.269           0.6083        0.76            0.42       0.0002374             1     0.9985       3.217e-11
      0.4           6.232      20      50     0.2267    0.7733       0.4447    -0.1854           -0.4143      -8.287           0.6083      0.7595            0.42       0.0002351             1     0.9987       2.317e-11
      0.6           6.232      20      50     0.2277    0.7723       0.6397    -0.1871           -0.4165       -8.33           0.6083      0.7608            0.42       0.0002314             1      0.999       1.701e-11
      0.8           6.232      20      50     0.2286    0.7714       0.8331    -0.1886           -0.4183      -8.367           0.6083       0.762            0.42       0.0002277             1      0.999       2.053e-11
        1           6.232      20      50      0.229     0.771        1.009    -0.1893           -0.4192      -8.384           0.6083      0.7618            0.42       0.0002241             1      0.999       1.876e-11
     1.25           6.232      20      50     0.2305    0.7695        1.252    -0.1919           -0.4226      -8.452           0.6083      0.7645            0.42       0.0002104             1     0.9993       1.238e-11
      1.5           6.232      20      50     0.2315    0.7685        1.496    -0.1936           -0.4247      -8.495           0.6083       0.767            0.42       0.0002043             1     0.9995       1.249e-11
        2           6.232      20      50     0.2348    0.7652        1.969    -0.1992            -0.432      -8.639           0.6083      0.7733            0.42         0.00015             1          1       1.106e-11
      2.5           6.232      20      50      0.237     0.763        2.445     -0.203           -0.4368      -8.736           0.6083      0.7757            0.42        0.000143             1     0.9997       6.636e-12
        3           6.232      20      50     0.2398    0.7602         2.93    -0.2076           -0.4427      -8.854           0.6083      0.7807            0.42       0.0001342             1     0.9993       3.973e-12

=== 1d P4|C|10
 edge_pct  trades_per_30d  mean_N  mean_L  liq_share  tp_share  drift_H_pct  gross_pct  net_notional_pct  eq_ret_pct  30d_median_mult  30d_p_loss  30d_mdd_median  1y_median_mult  1y_p_below50  1y_p_ruin  IS_median_mult
        0           6.234      20      50          0    0.6331     0.004061    -0.1485           -0.2869      -5.738           0.6983      0.9042          0.3341        0.007688             1     0.9972       6.375e-07
    0.025           6.234      20      50          0    0.6326      0.03223     -0.149           -0.2874      -5.748           0.6983      0.9043          0.3341        0.007688             1     0.9972       6.739e-07
     0.05           6.234      20      50          0    0.6326      0.06865     -0.149           -0.2874      -5.748           0.6983      0.9037          0.3341        0.007616             1      0.997       6.529e-07
    0.075           6.234      20      50          0    0.6321       0.1003    -0.1495            -0.288      -5.759           0.6983      0.9037          0.3341        0.007567             1     0.9972       6.538e-07
      0.1           6.234      20      50          0     0.632       0.1313    -0.1496           -0.2881      -5.761           0.6983      0.9033          0.3341        0.007567             1      0.997       6.394e-07
     0.15           6.234      20      50          0    0.6312       0.1758    -0.1503           -0.2888      -5.776           0.6983      0.9037          0.3341        0.007447             1     0.9973       6.222e-07
      0.2           6.234      20      50          0     0.631       0.2237    -0.1505            -0.289       -5.78           0.6983      0.9035          0.3341        0.007447             1     0.9968       6.136e-07
      0.3           6.234      20      50          0    0.6296       0.3276    -0.1519           -0.2904      -5.809           0.6983       0.905          0.3341        0.007215             1      0.997        5.86e-07
      0.4           6.234      20      50          0     0.628       0.4444    -0.1534            -0.292       -5.84           0.6983       0.906          0.3341        0.006989             1     0.9977       4.968e-07
      0.6           6.234      20      50          0    0.6251       0.6393    -0.1561           -0.2949      -5.897           0.6983      0.9057          0.3341        0.006771             1     0.9982       3.946e-07
      0.8           6.234      20      50          0    0.6224       0.8327    -0.1587           -0.2976      -5.953           0.6983       0.907          0.3341        0.006456             1      0.998       3.685e-07
        1           6.234      20      50          0      0.62        1.009     -0.161              -0.3          -6           0.6983      0.9067          0.3341        0.006156             1      0.998       2.983e-07
     1.25           6.234      20      50          0     0.616        1.252    -0.1648            -0.304       -6.08           0.6983       0.909          0.3341        0.005795             1     0.9987       2.047e-07
      1.5           6.234      20      50          0    0.6125        1.497    -0.1682           -0.3075      -6.151           0.6873      0.9133          0.3341        0.005525             1     0.9985       2.083e-07
        2           6.234      20      50          0    0.6043         1.97    -0.1759           -0.3157      -6.314           0.6873      0.9178          0.3341        0.004804             1     0.9992       1.673e-07
      2.5           6.234      20      50          0       0.6        2.446      -0.18           -0.3201      -6.401           0.6873      0.9193          0.3341        0.004437             1     0.9995       1.233e-07
        3           6.234      20      50          0    0.5934         2.93    -0.1863           -0.3267      -6.533           0.6873      0.9212          0.3341        0.003858             1      0.999       9.791e-08

=== 1d P4|B|100
 edge_pct  trades_per_30d  mean_N  mean_L  liq_share  tp_share  drift_H_pct  gross_pct  net_notional_pct  eq_ret_pct  30d_median_mult  30d_p_loss  30d_mdd_median  1y_median_mult  1y_p_below50  1y_p_ruin  IS_median_mult
        0           6.064      20      50     0.5654    0.4299     0.005438    0.01249           -0.3834      -7.668           0.3694      0.8272          0.7343        3.57e-06             1     0.9992       7.226e-17
    0.025           6.064      20      50     0.5648    0.4306      0.03355    0.01493           -0.3806      -7.613           0.3694      0.8262          0.7343       3.811e-06             1     0.9992       5.532e-17
     0.05           6.064      20      50      0.564    0.4313      0.07086     0.0176           -0.3776      -7.552           0.3694      0.8257          0.7343       3.849e-06             1     0.9992       4.826e-17
    0.075           6.064      20      50     0.5631    0.4322       0.1021    0.02085           -0.3739      -7.478           0.3694      0.8245          0.7343       4.142e-06             1     0.9992       8.178e-17
      0.1           6.064      20      50      0.563    0.4323       0.1311    0.02107           -0.3737      -7.473           0.3694      0.8235          0.7343       4.062e-06             1     0.9992       8.823e-17
     0.15           6.064      20      50     0.5621    0.4332       0.1756    0.02423           -0.3701      -7.401           0.3694      0.8232          0.7343       4.222e-06             1      0.999       1.055e-16
      0.2           6.064      20      50     0.5612    0.4341       0.2209    0.02734           -0.3665      -7.331           0.3694      0.8218          0.7327       4.624e-06             1     0.9987       1.285e-16
      0.3           6.063      20      50      0.559    0.4362       0.3263    0.03496           -0.3579      -7.157           0.3694      0.8207          0.7327        5.08e-06             1     0.9987       1.597e-16
      0.4           6.062      20      50     0.5568    0.4384       0.4448    0.04273            -0.349      -6.981           0.3694      0.8142          0.7315       6.067e-06             1      0.998       2.911e-16
      0.6           6.062      20      50     0.5529    0.4423        0.641    0.05663           -0.3333      -6.665           0.3964      0.8097          0.7315       7.773e-06        0.9997     0.9978       1.055e-15
      0.8           6.061      20      50     0.5487    0.4465       0.8324     0.0712           -0.3167      -6.334           0.4021      0.8038          0.7315       1.004e-05        0.9995     0.9972       1.987e-15
        1            6.06      20      50     0.5435    0.4516        1.009    0.08945            -0.296       -5.92           0.4057       0.794          0.7315       1.337e-05        0.9995     0.9955       7.472e-15
     1.25            6.06      20      50     0.5385    0.4567        1.256     0.1071           -0.2759      -5.519           0.4057      0.7868          0.7315       1.949e-05        0.9993     0.9945       1.837e-14
      1.5           6.059      20      50     0.5331     0.462        1.505     0.1259           -0.2545      -5.091           0.4581      0.7815          0.7315       2.619e-05        0.9988     0.9947       2.961e-14
        2           6.059      20      50     0.5237    0.4714        1.981     0.1591           -0.2169      -4.338           0.4629      0.7728          0.7315       4.904e-05        0.9982     0.9912       2.971e-13
      2.5           6.055      20      50      0.516    0.4789        2.465     0.1859           -0.1864      -3.728           0.5017      0.7598          0.7052       7.771e-05        0.9982     0.9878       9.109e-13
        3           6.055      20      50     0.5063    0.4888        2.956     0.2206            -0.147      -2.941           0.5083      0.7417          0.6671       0.0001489         0.998     0.9815       6.355e-12

=== 1d P5|A|10
 edge_pct  trades_per_30d  mean_N  mean_L  liq_share  tp_share  drift_H_pct  gross_pct  net_notional_pct  eq_ret_pct  30d_median_mult  30d_p_loss  30d_mdd_median  1y_median_mult  1y_p_below50  1y_p_ruin  IS_median_mult
        0           6.103       4      20    0.09738    0.8969      0.01297  0.0002889           -0.1698     -0.6791            1.031      0.4682               0          0.5304        0.5678    0.01283          0.1291
    0.025           6.103       4      20    0.09715    0.8973      0.04152   0.001673           -0.1683     -0.6731            1.031       0.468               0          0.5334        0.5653    0.01233          0.1251
     0.05           6.103       4      20    0.09688    0.8975      0.07857   0.003058           -0.1668      -0.667            1.031       0.467               0          0.5348        0.5645    0.01233          0.1291
    0.075           6.103       4      20    0.09674    0.8978       0.1109   0.003989           -0.1657     -0.6629            1.031      0.4665               0          0.5364        0.5627     0.0125          0.1299
      0.1           6.103       4      20    0.09664    0.8979       0.1429   0.004567           -0.1651     -0.6604            1.031      0.4663               0          0.5375        0.5625    0.01233          0.1299
     0.15           6.104       4      20    0.09636    0.8982       0.1877   0.005997           -0.1635     -0.6541            1.031      0.4647               0          0.5398        0.5598      0.012           0.132
      0.2           6.104       4      20     0.0958    0.8989       0.2358   0.009069           -0.1602     -0.6406            1.031      0.4628               0          0.5461        0.5512      0.011           0.149
      0.3           6.106       4      20    0.09521    0.8997       0.3405    0.01269           -0.1562     -0.6249            1.043      0.4605               0          0.5534        0.5423    0.01083          0.1536
      0.4           6.107       4      20    0.09455    0.9005       0.4584    0.01614           -0.1524     -0.6097            1.043      0.4598               0          0.5586        0.5352    0.01033          0.1536
      0.6           6.111       4      20    0.09293    0.9023       0.6537    0.02478           -0.1429     -0.5718            1.046       0.451               0          0.5766         0.517   0.009333          0.1921
      0.8           6.113       4      20     0.0917    0.9037       0.8495    0.03129           -0.1358     -0.5432            1.046      0.4463               0          0.5933        0.4995   0.008333          0.2156
        1           6.115       4      20    0.08945     0.906        1.028    0.04276           -0.1232     -0.4927            1.046      0.4382               0          0.6136        0.4765      0.007          0.2224
     1.25           6.117       4      20    0.08786     0.908        1.273    0.05162           -0.1134     -0.4537            1.046      0.4325               0          0.6273        0.4587   0.006833          0.2418
      1.5           6.119       4      20    0.08609    0.9101        1.516    0.06156           -0.1026     -0.4102            1.046      0.4248               0          0.6528        0.4378      0.006          0.2547
        2           6.122       4      20    0.08218    0.9144        1.987    0.08206          -0.08007     -0.3203            1.046      0.4108               0          0.6988        0.3868      0.004           0.338
      2.5           6.129       4      20    0.07827    0.9189        2.457     0.1028          -0.05725      -0.229             1.06      0.3958               0          0.7528        0.3433      0.003          0.4289
        3           6.133       4      20    0.07541    0.9225        2.939     0.1187          -0.03984     -0.1594            1.062        0.38               0          0.7987        0.3053   0.002333          0.5053

=== 1d P5|B|10
 edge_pct  trades_per_30d  mean_N  mean_L  liq_share  tp_share  drift_H_pct  gross_pct  net_notional_pct  eq_ret_pct  30d_median_mult  30d_p_loss  30d_mdd_median  1y_median_mult  1y_p_below50  1y_p_ruin  IS_median_mult
        0           6.104       4      20    0.09446    0.8969     0.009758    0.00145           -0.1673     -0.6693            1.031      0.4688               0          0.5352        0.5655    0.01217           0.133
    0.025           6.104       4      20    0.09428    0.8972       0.0383   0.002828           -0.1659     -0.6635            1.031      0.4687               0          0.5365        0.5632    0.01167          0.1306
     0.05           6.104       4      20    0.09405    0.8975      0.07535   0.004141           -0.1644     -0.6577            1.031      0.4677               0          0.5372        0.5623    0.01183          0.1306
    0.075           6.104       4      20    0.09391    0.8977       0.1076   0.005113           -0.1634     -0.6535            1.031       0.467               0          0.5393        0.5598      0.012          0.1318
      0.1           6.104       4      20    0.09382    0.8978       0.1397   0.005691           -0.1627      -0.651            1.031      0.4668               0          0.5401        0.5597    0.01167          0.1348
     0.15           6.105       4      20    0.09353    0.8981       0.1844   0.007121           -0.1612     -0.6447            1.031      0.4652               0          0.5432         0.557    0.01133          0.1413
      0.2           6.105       4      20    0.09297    0.8988       0.2326    0.01019           -0.1578     -0.6312            1.031      0.4633               0          0.5505        0.5483     0.0105           0.149
      0.3           6.107       4      20    0.09243    0.8996       0.3373    0.01378           -0.1539     -0.6157            1.039       0.461               0          0.5574        0.5395    0.01067          0.1568
      0.4           6.108       4      20    0.09182    0.9004       0.4552    0.01719           -0.1502     -0.6007            1.043      0.4603               0          0.5612        0.5317    0.01017          0.1615
      0.6           6.112       4      20    0.09015    0.9022       0.6504    0.02587           -0.1406     -0.5625            1.046      0.4515               0          0.5792        0.5125   0.009167          0.1991
      0.8           6.114       4      20    0.08915    0.9036       0.8462    0.03221           -0.1338      -0.535            1.046      0.4467               0          0.5952        0.4963   0.008167          0.2339
        1           6.116       4      20    0.08714     0.906        1.024    0.04357           -0.1213     -0.4854            1.046      0.4385               0          0.6153        0.4723   0.006667           0.225
     1.25           6.118       4      20    0.08582    0.9079        1.269     0.0522            -0.112     -0.4478            1.046       0.433               0          0.6302        0.4543     0.0065          0.2489
      1.5            6.12       4      20    0.08414    0.9101        1.512    0.06216           -0.1011     -0.4044            1.046      0.4253               0          0.6544         0.433   0.006167          0.2621
        2           6.123       4      20    0.08056    0.9143        1.983    0.08239          -0.07904     -0.3162            1.046      0.4112               0          0.7008        0.3842   0.003667          0.3423
      2.5            6.13       4      20    0.07683    0.9189        2.454     0.1034          -0.05606     -0.2242             1.06      0.3957               0          0.7546        0.3382   0.002833          0.4297
        3           6.134       4      20    0.07407    0.9225        2.935     0.1196          -0.03843     -0.1537            1.062      0.3797               0          0.8062        0.2998   0.002167          0.5095

=== 1d P5|C|10
 edge_pct  trades_per_30d  mean_N  mean_L  liq_share  tp_share  drift_H_pct  gross_pct  net_notional_pct  eq_ret_pct  30d_median_mult  30d_p_loss  30d_mdd_median  1y_median_mult  1y_p_below50  1y_p_ruin  IS_median_mult
        0           6.192       4      20          0    0.7878     0.006902   -0.08308           -0.2147     -0.8589           0.9594        0.66          0.0968          0.4895        0.5895  0.0001667          0.1111
    0.025           6.192       4      20          0    0.7881      0.03498   -0.08236            -0.214     -0.8559           0.9594      0.6587          0.0968          0.4909        0.5865  0.0001667          0.1155
     0.05           6.192       4      20          0    0.7884      0.07165   -0.08148           -0.2131     -0.8524           0.9594      0.6583          0.0968          0.4922        0.5853          0          0.1144
    0.075           6.192       4      20          0    0.7887       0.1035   -0.08061           -0.2122     -0.8488           0.9594      0.6568          0.0968          0.4935        0.5835          0          0.1204
      0.1           6.192       4      20          0    0.7887       0.1347   -0.08061           -0.2122     -0.8488           0.9594      0.6563          0.0968          0.4933         0.582          0          0.1174
     0.15           6.192       4      20          0    0.7889       0.1799   -0.08008           -0.2117     -0.8466           0.9594       0.656          0.0968          0.4948        0.5803  0.0001667          0.1223
      0.2           6.192       4      20          0    0.7895       0.2281   -0.07841           -0.2099     -0.8398           0.9594      0.6548          0.0968          0.4985         0.576  0.0001667          0.1242
      0.3           6.193       4      20          0    0.7898       0.3324   -0.07774           -0.2092      -0.837           0.9594      0.6548          0.0968          0.4985        0.5758  0.0003333          0.1286
      0.4           6.193       4      20          0    0.7905       0.4497   -0.07561           -0.2071     -0.8283           0.9594      0.6532          0.0968          0.5035         0.569  0.0003333          0.1235
      0.6           6.193       4      20          0    0.7919       0.6457   -0.07188           -0.2033     -0.8131           0.9594      0.6493          0.0968          0.5067        0.5567  0.0003333          0.1277
      0.8           6.194       4      20          0    0.7933       0.8402   -0.06803           -0.1993     -0.7974           0.9594       0.644          0.0968          0.5132        0.5488  0.0003333          0.1362
        1           6.194       4      20          0    0.7958        1.018   -0.06112           -0.1923     -0.7692           0.9594       0.638          0.0968          0.5232        0.5282  0.0003333          0.1511
     1.25           6.193       4      20          0    0.7967        1.261    -0.0586           -0.1897     -0.7588           0.9594      0.6397          0.0968          0.5288        0.5193          0           0.147
      1.5           6.192       4      20          0    0.7986        1.506   -0.05342           -0.1844     -0.7377           0.9594      0.6325          0.0968           0.539        0.5043          0          0.1693
        2           6.193       4      20          0    0.8002         1.98   -0.04899           -0.1799     -0.7196           0.9693      0.6283          0.0968           0.543        0.4968          0          0.1645
      2.5           6.196       4      20          0     0.803        2.457   -0.04152           -0.1723      -0.689            0.974      0.6197          0.0968          0.5563        0.4742          0          0.1763
        3           6.197       4      20          0    0.8051        2.937   -0.03576           -0.1664     -0.6655            0.974      0.6097          0.0968          0.5724         0.451          0          0.1814

=== 1d P5|B|100
 edge_pct  trades_per_30d  mean_N  mean_L  liq_share  tp_share  drift_H_pct  gross_pct  net_notional_pct  eq_ret_pct  30d_median_mult  30d_p_loss  30d_mdd_median  1y_median_mult  1y_p_below50  1y_p_ruin  IS_median_mult
        0           4.937       4      20     0.4349    0.3832    -0.002021   -0.02865           -0.4036      -1.614           0.8568      0.6517          0.3564          0.1346        0.9187     0.5133        0.002672
    0.025           4.937       4      20     0.4338    0.3845      0.02942   -0.01652            -0.391      -1.564           0.8572      0.6502           0.352           0.138        0.9143     0.5048          0.0029
     0.05           4.936       4      20     0.4321    0.3861      0.07237  0.0002024           -0.3734      -1.494           0.8585      0.6467          0.3467          0.1434        0.9107     0.4908         0.00321
    0.075           4.936       4      20     0.4305    0.3874       0.1055    0.01646           -0.3565      -1.426           0.8603       0.644          0.3421          0.1499        0.9052     0.4817         0.00336
      0.1           4.936       4      20     0.4293    0.3887       0.1385    0.02849           -0.3439      -1.375            0.865      0.6408          0.3388          0.1558         0.903     0.4735        0.003889
     0.15           4.936       4      20     0.4276    0.3903        0.186    0.04886           -0.3226      -1.291           0.8686      0.6367          0.3344          0.1634         0.898      0.459        0.004884
      0.2           4.936       4      20     0.4254    0.3923       0.2305    0.07117           -0.2993      -1.197           0.8731      0.6312          0.3266          0.1739         0.895     0.4475        0.005948
      0.3           4.936       4      20     0.4212    0.3968       0.3404      0.118           -0.2504      -1.002           0.8868      0.6208          0.3156          0.1972        0.8803     0.4197        0.007572
      0.4           4.935       4      20     0.4162    0.4015       0.4636     0.1703           -0.1958     -0.7832           0.8978       0.611          0.2978          0.2232         0.862      0.386          0.0099
      0.6           4.934       4      20     0.4081    0.4097       0.6588     0.2564           -0.1058     -0.4233           0.9015      0.5918          0.2834          0.2798        0.8327     0.3348         0.02502
      0.8           4.934       4      20     0.4003    0.4177       0.8627     0.3416          -0.01696    -0.06786           0.9144      0.5727          0.2732          0.3504        0.7963     0.2798         0.04821
        1           4.932       4      20     0.3917    0.4259        1.039     0.4298           0.07528      0.3011           0.9457      0.5528          0.2556          0.4377        0.7588     0.2373         0.08482
     1.25           4.928       4      20     0.3815     0.436        1.294     0.5426             0.193       0.772           0.9584      0.5312          0.2461          0.5883        0.7072     0.1765          0.1961
      1.5           4.926       4      20     0.3715    0.4453        1.547     0.6485            0.3036       1.214           0.9862      0.5098          0.2446          0.7564        0.6528     0.1325          0.4427
        2           4.923       4      20     0.3483    0.4677        2.027      0.895             0.561       2.244            1.047      0.4652          0.2217           1.445          0.51       0.06           3.535
      2.5            4.92       4      20     0.3276    0.4877        2.505      1.116             0.792       3.168            1.081      0.4162          0.2076           2.571        0.3818    0.02633           14.44
        3            4.92       4      20     0.3072    0.5075        2.976      1.332             1.018       4.072            1.134      0.3692          0.2064           4.481        0.2772     0.0095           93.15

=== 1d P5c|A|10
 edge_pct  trades_per_30d  mean_N  mean_L  liq_share  tp_share  drift_H_pct  gross_pct  net_notional_pct  eq_ret_pct  30d_median_mult  30d_p_loss  30d_mdd_median  1y_median_mult  1y_p_below50  1y_p_ruin  IS_median_mult
        0           6.103       4      20    0.09738    0.8969      0.01297  0.0002889           -0.1698     -0.6791            1.031      0.4682               0          0.5304        0.5678    0.01283          0.1291
    0.025           6.103   4.018      20    0.09715    0.8973      0.04152   0.001673           -0.1683     -0.6742            1.031       0.468               0          0.5306        0.5667    0.01267          0.1233
     0.05           6.103   4.037      20    0.09688    0.8975      0.07857   0.003058           -0.1668       -0.67            1.031       0.467               0          0.5314        0.5685    0.01367          0.1242
    0.075           6.103   4.058      20    0.09674    0.8978       0.1109   0.003989           -0.1657     -0.6653            1.031      0.4665               0          0.5319         0.568    0.01467          0.1279
      0.1           6.103   4.077      20    0.09664    0.8979       0.1429   0.004567           -0.1651     -0.6627            1.031      0.4663               0          0.5338        0.5682    0.01517          0.1252
     0.15           6.104   4.112      20    0.09636    0.8982       0.1877   0.005997           -0.1635     -0.6523            1.031      0.4642               0           0.536         0.565    0.01517          0.1296
      0.2           6.104    4.15      20     0.0958    0.8989       0.2358   0.009069           -0.1602     -0.6324            1.042      0.4623               0          0.5457        0.5542    0.01483           0.133
      0.3           6.106    4.22      20    0.09521    0.8997       0.3405    0.01269           -0.1562     -0.6087            1.045        0.46               0          0.5525        0.5487    0.01617          0.1455
      0.4           6.107   4.295      20    0.09455    0.9005       0.4584    0.01614           -0.1524     -0.5901            1.045      0.4593               0          0.5588        0.5475    0.01783          0.1469
      0.6           6.111    4.44      20    0.09293    0.9023       0.6537    0.02478           -0.1429     -0.5337            1.046      0.4503               0          0.5797        0.5297     0.0205          0.1981
      0.8           6.113   4.577      20     0.0917    0.9037       0.8495    0.03129           -0.1358     -0.4906            1.046      0.4452               0          0.5973        0.5208    0.02183          0.2193
        1           6.115   4.719      20    0.08945     0.906        1.028    0.04276           -0.1232     -0.4188            1.046      0.4367               0          0.6197         0.502    0.02083          0.2384
     1.25           6.117   4.895      20    0.08786     0.908        1.273    0.05162           -0.1134     -0.3615            1.061      0.4293               0          0.6339        0.4978     0.0235          0.2704
      1.5           6.119   5.064      20    0.08609    0.9101        1.516    0.06156           -0.1026     -0.2924            1.062      0.4213               0          0.6647         0.489     0.0255          0.3074
        2           6.122   5.417      20    0.08218    0.9144        1.987    0.08206          -0.08007     -0.1648            1.062      0.4065               0          0.7179         0.471      0.028           0.352
      2.5           6.129   5.775      20    0.07827    0.9189        2.457     0.1028          -0.05725    -0.03944            1.078      0.3892               0          0.7635        0.4627    0.03383          0.4509
        3           6.133   6.131      20    0.07541    0.9225        2.939     0.1187          -0.03984     0.05655            1.093      0.3717               0          0.8012        0.4608    0.03717          0.4982

=== 1d P5c|B|10
 edge_pct  trades_per_30d  mean_N  mean_L  liq_share  tp_share  drift_H_pct  gross_pct  net_notional_pct  eq_ret_pct  30d_median_mult  30d_p_loss  30d_mdd_median  1y_median_mult  1y_p_below50  1y_p_ruin  IS_median_mult
        0           6.104       4      20    0.09446    0.8969     0.009758    0.00145           -0.1673     -0.6693            1.031      0.4688               0          0.5352        0.5655    0.01217           0.133
    0.025           6.104   4.018      20    0.09428    0.8972       0.0383   0.002828           -0.1659     -0.6646            1.031      0.4687               0          0.5348        0.5648      0.012          0.1314
     0.05           6.104   4.037      20    0.09405    0.8975      0.07535   0.004141           -0.1644     -0.6607            1.031      0.4677               0          0.5344        0.5668    0.01317          0.1263
    0.075           6.104   4.058      20    0.09391    0.8977       0.1076   0.005113           -0.1634     -0.6559            1.031       0.467               0          0.5353        0.5652    0.01433          0.1365
      0.1           6.104   4.077      20    0.09382    0.8978       0.1397   0.005691           -0.1627     -0.6533            1.031      0.4668               0          0.5362        0.5643    0.01467          0.1347
     0.15           6.105   4.112      20    0.09353    0.8981       0.1844   0.007121           -0.1612     -0.6429            1.031      0.4647               0          0.5387        0.5617    0.01433          0.1392
      0.2           6.105    4.15      20    0.09297    0.8988       0.2326    0.01019           -0.1578      -0.623            1.038      0.4628               0           0.549        0.5502     0.0145          0.1367
      0.3           6.107    4.22      20    0.09243    0.8996       0.3373    0.01378           -0.1539     -0.5994            1.045      0.4605               0          0.5553        0.5453      0.016          0.1529
      0.4           6.108   4.295      20    0.09182    0.9004       0.4552    0.01719           -0.1502     -0.5811            1.045      0.4598               0          0.5624        0.5427    0.01733          0.1636
      0.6           6.112    4.44      20    0.09015    0.9022       0.6504    0.02587           -0.1406     -0.5243            1.046      0.4508               0           0.584        0.5243      0.019          0.2068
      0.8           6.114   4.577      20    0.08915    0.9036       0.8462    0.03221           -0.1338     -0.4823            1.046      0.4453               0          0.6018        0.5162    0.02067          0.2256
        1           6.116   4.718      20    0.08714     0.906        1.024    0.04357           -0.1213     -0.4113            1.046      0.4367               0           0.623        0.4983    0.01983          0.2443
     1.25           6.118   4.895      20    0.08582    0.9079        1.269     0.0522            -0.112     -0.3554            1.061      0.4295               0          0.6361        0.4945    0.02283           0.283
      1.5            6.12   5.064      20    0.08414    0.9101        1.512    0.06216           -0.1011     -0.2863            1.062      0.4215               0          0.6676         0.485      0.025          0.3116
        2           6.123   5.417      20    0.08056    0.9143        1.983    0.08239          -0.07904     -0.1602            1.062      0.4065               0          0.7194        0.4703     0.0275          0.3786
      2.5            6.13   5.775      20    0.07683    0.9189        2.454     0.1034          -0.05606    -0.03405            1.078      0.3885               0          0.7665        0.4602    0.03333          0.4664
        3           6.134   6.131      20    0.07407    0.9225        2.935     0.1196          -0.03843      0.0631            1.093      0.3707               0          0.8084        0.4582    0.03683          0.4982

=== 1d P5c|C|10
 edge_pct  trades_per_30d  mean_N  mean_L  liq_share  tp_share  drift_H_pct  gross_pct  net_notional_pct  eq_ret_pct  30d_median_mult  30d_p_loss  30d_mdd_median  1y_median_mult  1y_p_below50  1y_p_ruin  IS_median_mult
        0           6.192       4      20          0    0.7878     0.006902   -0.08308           -0.2147     -0.8589           0.9594        0.66          0.0968          0.4895        0.5895  0.0001667          0.1111
    0.025           6.192   4.018      20          0    0.7881      0.03498   -0.08236            -0.214     -0.8613           0.9594      0.6577          0.0968          0.4897        0.5892  0.0003333          0.1113
     0.05           6.192   4.037      20          0    0.7884      0.07165   -0.08148           -0.2131      -0.859           0.9594      0.6558          0.0968          0.4898        0.5922  0.0003333          0.1088
    0.075           6.192   4.058      20          0    0.7887       0.1035   -0.08061           -0.2122     -0.8575           0.9594      0.6537          0.0968          0.4903         0.593  0.0003333          0.1121
      0.1           6.192   4.077      20          0    0.7887       0.1347   -0.08061           -0.2122      -0.861           0.9594      0.6527          0.0968          0.4897        0.5943     0.0005          0.1071
     0.15           6.192   4.112      20          0    0.7889       0.1799   -0.08008           -0.2117     -0.8628           0.9594      0.6495          0.0968          0.4878         0.598  0.0003333          0.1068
      0.2           6.192    4.15      20          0    0.7895       0.2281   -0.07841           -0.2099     -0.8558           0.9594      0.6453          0.0968          0.4915         0.594  0.0001667          0.1129
      0.3           6.193   4.219      20          0    0.7898       0.3324   -0.07774           -0.2092     -0.8638           0.9594       0.641          0.0968          0.4864        0.6027  0.0003333          0.1153
      0.4           6.193   4.295      20          0    0.7905       0.4497   -0.07561           -0.2071     -0.8581           0.9594      0.6345          0.0968           0.487        0.5982   0.001167          0.1098
      0.6           6.193    4.44      20          0    0.7919       0.6457   -0.07188           -0.2033     -0.8592           0.9594      0.6205          0.0968           0.482          0.61      0.002          0.1141
      0.8           6.194   4.576      20          0    0.7933       0.8402   -0.06803           -0.1993     -0.8554           0.9594      0.6115          0.0968           0.478        0.6168     0.0025            0.11
        1           6.194   4.718      20          0    0.7958        1.018   -0.06112           -0.1923     -0.8387           0.9636         0.6          0.0968          0.4823        0.6118   0.003833          0.1037
     1.25           6.193   4.894      20          0    0.7967        1.261    -0.0586           -0.1897     -0.8521           0.9707      0.5958          0.0968          0.4698         0.625   0.006167          0.1166
      1.5           6.192   5.064      20          0    0.7986        1.506   -0.05342           -0.1844     -0.8422           0.9724      0.5855          0.0968          0.4707        0.6275      0.009          0.1079
        2           6.193   5.418      20          0    0.8002         1.98   -0.04899           -0.1799     -0.8721           0.9656      0.5763          0.0968          0.4466        0.6597      0.015         0.09164
      2.5           6.196   5.777      20          0     0.803        2.457   -0.04152           -0.1723     -0.8845           0.9701      0.5658          0.0968          0.4323        0.6818    0.02633         0.07871
        3           6.197   6.133      20          0    0.8051        2.937   -0.03576           -0.1664     -0.9007           0.9651      0.5633           0.098          0.4254        0.6922      0.034         0.06689

=== 1d P6|B|none
 edge_pct  trades_per_30d  mean_N  mean_L  liq_share  tp_share  drift_H_pct  gross_pct  net_notional_pct  eq_ret_pct  30d_median_mult  30d_p_loss  30d_mdd_median  1y_median_mult  1y_p_below50  1y_p_ruin  IS_median_mult
        0           3.968  0.1152   5.141          0         0     -0.02283  -0.005302           -0.2562    -0.02448           0.9983      0.5477         0.01011          0.9844             0          0          0.9447
    0.025           3.967  0.1151   5.141          0         0      0.01347    0.02304           -0.2279     -0.0213           0.9984      0.5452         0.01011          0.9859             0          0          0.9461
     0.05           3.966  0.1152   5.141          0         0      0.06133    0.06565           -0.1853    -0.01666           0.9985      0.5408          0.0101          0.9884             0          0          0.9511
    0.075           3.966  0.1151   5.141          0         0      0.09151    0.09155           -0.1595    -0.01355           0.9986      0.5383          0.0101          0.9898             0          0          0.9539
      0.1           3.965  0.1151   5.141          0         0       0.1279      0.124           -0.1271    -0.01028           0.9987      0.5348          0.0101          0.9909             0          0          0.9614
     0.15           3.964  0.1151   5.141          0         0        0.178      0.175          -0.07614   -0.005178           0.9989      0.5297          0.0101          0.9935             0          0          0.9667
      0.2           3.963  0.1151   5.141          0         0       0.2235     0.2203           -0.0309  -0.0005879           0.9991      0.5242         0.01009           0.996             0          0          0.9759
      0.3           3.962  0.1151   5.141          0         0       0.3223     0.3112           0.05995    0.008696           0.9995       0.514         0.01009          0.9996             0          0          0.9932
      0.4            3.96  0.1151    5.14          0         0        0.427     0.4132            0.1617      0.0199                1      0.5013         0.01008           1.005             0          0           1.003
      0.6           3.957  0.1151   5.141          0         0       0.6167     0.5941            0.3425     0.03912            1.001      0.4813         0.01007           1.014             0          0           1.035
      0.8            3.95  0.1151   5.141          0         0        0.815     0.7801            0.5282     0.05957            1.001      0.4648         0.01006           1.024             0          0           1.062
        1           3.947  0.1152   5.141          0         0        1.002     0.9527            0.7005     0.07944            1.002      0.4417         0.01005           1.034             0          0           1.101
     1.25           3.941  0.1151    5.14          0         0        1.227      1.165            0.9126      0.1031            1.003       0.415         0.01003           1.046             0          0           1.127
      1.5           3.935  0.1151   5.139          0         0        1.485      1.399             1.146      0.1294            1.004      0.3872        0.008995           1.058             0          0           1.185
        2           3.926  0.1151   5.139          0         0        1.941      1.829             1.576      0.1769            1.005      0.3393        0.006715           1.085             0          0           1.272
      2.5           3.913  0.1151   5.139          0         0        2.423      2.287             2.033      0.2266            1.007       0.288        0.005434           1.109             0          0            1.36
        3           3.903  0.1151   5.139          0         0        2.901      2.745             2.491      0.2775            1.009      0.2372        0.003938           1.137             0          0           1.448

=== 1d P6h|B|none
 edge_pct  trades_per_30d  mean_N  mean_L  liq_share  tp_share  drift_H_pct  gross_pct  net_notional_pct  eq_ret_pct  30d_median_mult  30d_p_loss  30d_mdd_median  1y_median_mult  1y_p_below50  1y_p_ruin  IS_median_mult
        0           3.968 0.05758   5.141          0         0     -0.02283  -0.005302           -0.2562    -0.01224           0.9992       0.547        0.005054          0.9926             0          0          0.9729
    0.025           3.967 0.05757   5.141          0         0      0.01347    0.02304           -0.2279    -0.01065           0.9992      0.5445        0.005054          0.9933             0          0          0.9737
     0.05           3.966 0.05758   5.141          0         0      0.06133    0.06565           -0.1853   -0.008332           0.9993      0.5402        0.005052          0.9945             0          0          0.9761
    0.075           3.966 0.05757   5.141          0         0      0.09151    0.09155           -0.1595   -0.006775           0.9993      0.5377        0.005051          0.9953             0          0          0.9776
      0.1           3.965 0.05757   5.141          0         0       0.1279      0.124           -0.1271   -0.005139           0.9994      0.5342         0.00505          0.9958             0          0          0.9814
     0.15           3.964 0.05757   5.141          0         0        0.178      0.175          -0.07614   -0.002589           0.9995      0.5288        0.005049          0.9971             0          0          0.9844
      0.2           3.963 0.05757   5.141          0         0       0.2235     0.2203           -0.0309  -0.0002939           0.9996      0.5233        0.005047          0.9984             0          0          0.9889
      0.3           3.962 0.05757   5.141          0         0       0.3223     0.3112           0.05995    0.004348           0.9998      0.5132        0.005044               1             0          0          0.9974
      0.4            3.96 0.05757    5.14          0         0        0.427     0.4132            0.1617    0.009949                1      0.5005        0.005039           1.003             0          0           1.002
      0.6           3.957 0.05757   5.141          0         0       0.6167     0.5941            0.3425     0.01956                1      0.4805        0.005034           1.007             0          0           1.018
      0.8            3.95 0.05757   5.141          0         0        0.815     0.7801            0.5282     0.02978            1.001      0.4642        0.005029           1.012             0          0           1.032
        1           3.947 0.05758   5.141          0         0        1.002     0.9527            0.7005     0.03972            1.001       0.441        0.005025           1.017             0          0           1.051
     1.25           3.941 0.05756    5.14          0         0        1.227      1.165            0.9126     0.05156            1.001      0.4145        0.005017           1.023             0          0           1.063
      1.5           3.935 0.05755   5.139          0         0        1.485      1.399             1.146     0.06469            1.002      0.3868        0.004498           1.029             0          0            1.09
        2           3.926 0.05756   5.139          0         0        1.941      1.829             1.576     0.08847            1.003      0.3388         0.00336           1.042             0          0           1.129
      2.5           3.913 0.05756   5.139          0         0        2.423      2.287             2.033      0.1133            1.004      0.2878        0.002717           1.054             0          0           1.168
        3           3.903 0.05757   5.139          0         0        2.901      2.745             2.491      0.1387            1.004      0.2368        0.001969           1.067             0          0           1.205

=== 1d P6|B|10
 edge_pct  trades_per_30d  mean_N  mean_L  liq_share  tp_share  drift_H_pct  gross_pct  net_notional_pct  eq_ret_pct  30d_median_mult  30d_p_loss  30d_mdd_median  1y_median_mult  1y_p_below50  1y_p_ruin  IS_median_mult
        0           5.215  0.1149   5.127          0    0.7374     -0.02157    0.09877          -0.06231     -0.0159                1      0.4907         0.01002          0.9906             0          0          0.9626
    0.025           5.217  0.1149   5.128          0    0.7385     0.008478     0.1074          -0.05359    -0.01489                1      0.4888         0.01002          0.9915             0          0          0.9671
     0.05           5.219  0.1149   5.127          0    0.7398      0.04772     0.1195           -0.0414    -0.01362                1      0.4848        0.009308          0.9923             0          0          0.9685
    0.075           5.221  0.1149   5.128          0    0.7409      0.07942     0.1278          -0.03292    -0.01258                1      0.4827        0.009021           0.993             0          0          0.9703
      0.1           5.221  0.1149   5.128          0    0.7419       0.1108     0.1382          -0.02248    -0.01165                1      0.4802        0.008783          0.9935             0          0           0.972
     0.15           5.224  0.1149   5.129          0    0.7438       0.1572     0.1541         -0.006409   -0.009908                1      0.4762        0.008448           0.995             0          0          0.9761
      0.2           5.227  0.1149   5.128          0    0.7462       0.2024     0.1732           0.01297   -0.008017                1      0.4732        0.008337          0.9962             0          0          0.9761
      0.3           5.236  0.1149   5.129          0    0.7502        0.302     0.2083           0.04854   -0.004517            1.001      0.4662        0.008049          0.9979             0          0           0.987
      0.4           5.241   0.115    5.13          0    0.7545       0.4212     0.2452           0.08574  -0.0003853            1.001      0.4587        0.007487               1             0          0          0.9957
      0.6           5.256   0.115    5.13          0    0.7623       0.6129     0.3109            0.1522    0.006516            1.001      0.4455          0.0068           1.005             0          0           1.009
      0.8           5.262   0.115   5.131          0    0.7696       0.8037     0.3751            0.2171     0.01342            1.002      0.4312        0.006501           1.009             0          0           1.024
        1           5.276   0.115   5.132          0    0.7771       0.9819     0.4376            0.2803     0.02067            1.002        0.41        0.005937           1.014             0          0           1.035
     1.25           5.287   0.115    5.13          0    0.7877        1.234     0.5222            0.3659        0.03            1.003      0.3892        0.005375            1.02             0          0            1.05
      1.5           5.299   0.115   5.131          0     0.797        1.478     0.5999            0.4444     0.03845            1.003      0.3718        0.004901           1.026             0          0           1.071
        2           5.329   0.115    5.13          0    0.8159        1.953     0.7716             0.618     0.05684            1.004      0.3253        0.003768           1.038             0          0            1.11
      2.5           5.363   0.115    5.13          0    0.8356        2.437     0.9378            0.7862     0.07462            1.005       0.283        0.002477           1.051             0          0           1.147
        3           5.389   0.115   5.131          0    0.8553         2.93       1.11            0.9598     0.09343            1.006      0.2392       0.0006371           1.064             0          0           1.196
