strategy,tf,H,rep,n,fwd,mu_star,z,z_vn,p,p_vn,sym_ok,holm1_raw,holm1_vn,gate_spec_m666,gate_A1_m666
N18_VWMA_MACD,30m,16,0,32546,0.00011388229320097848,0.0029356983831170212,0.4323069199952906,-0.5546977092547986,0.3327591791869151,0.7104492783425921,True,False,False,False,False
N18_VWMA_MACD,30m,16,1,32546,-7.162256809400814e-05,0.0029356983831170212,-0.2558451988927828,0.0142208844174936,0.6009648142994181,0.4943268791577024,True,False,False,False,False
N18_VWMA_MACD,30m,16,2,32546,-4.4118551937570036e-05,0.0029356983831170212,-0.24224452017266926,1.0865267970768304,0.5957046499900787,0.1386229959443221,False,False,False,False,False
N18_VWMA_MACD,30m,16,3,32546,-0.00010010419995006847,0.0029356983831170212,-0.34435419328887856,-0.7184483142991732,0.6347100334524014,0.7637595470743345,False,False,False,False,False
N18_VWMA_MACD,30m,16,4,32546,-0.0003260322992258401,0.0029356983831170212,-1.2833771125611662,-0.8912349425675407,0.9003200058004572,0.8135984289118492,False,False,False,False,False
N18_VWMA_MACD,30m,16,5,32546,3.6568035738726804e-05,0.0029356983831170212,0.12480793287681612,-0.7203137929130813,0.450337803487854,0.7643340928511675,True,False,False,False,False
N18_VWMA_MACD,30m,16,6,32546,-0.0002174985395213921,0.0029356983831170212,-0.8684538842598949,-1.598416876486591,0.8074270462869821,0.9450248844055861,False,False,False,False,False
N18_VWMA_MACD,30m,16,7,32546,-0.00037376987668090125,0.0029356983831170212,-1.469817801639113,-0.5982417590142448,0.9291944467552051,0.7251606842487702,False,False,False,False,False
N18_VWMA_MACD,30m,16,8,32546,0.00029325299489611404,0.0029356983831170212,1.190486398565751,0.7903186761051352,0.11692763639639692,0.21467084125052688,True,False,False,False,False
N18_VWMA_MACD,30m,16,9,32546,-0.0002376980181056778,0.0029356983831170212,-0.8681967409477107,-0.6458052062342763,0.8073566809614836,0.7407972420418594,False,False,False,False,False
N18_VWMA_MACD,30m,16,10,32546,4.6022036474762115e-05,0.0029356983831170212,0.14612056573850266,0.5452210609852045,0.44191310577644827,0.2928007440607965,True,False,False,False,False
N18_VWMA_MACD,30m,16,11,32546,0.00022469702671535098,0.0029356983831170212,0.907983949432508,-0.08570687614402771,0.18194335090248798,0.5341502820636451,True,False,False,False,False
N18_VWMA_MACD,30m,16,12,32546,-2.2904858926576155e-05,0.0029356983831170212,-0.04054328218859864,1.1437114338454175,0.516169999403048,0.1263716649955583,False,False,False,False,False
N18_VWMA_MACD,30m,16,13,32546,-0.00018211580757771642,0.0029356983831170212,-0.6113759049628034,0.7148301878799982,0.7295246248056899,0.23735698958002943,False,False,False,False,False
N18_VWMA_MACD,30m,16,14,32546,-0.00011743299446528804,0.0029356983831170212,-0.44803235895635835,-1.3434252054473768,0.6729350783691793,0.9104328351060955,False,False,False,False,False
N18_VWMA_MACD,30m,16,15,32546,0.00024860432298592976,0.0029356983831170212,0.9971449383168988,1.6939444533888623,0.15934708147144855,0.04513791934210217,True,False,False,False,False
N18_VWMA_MACD,30m,16,16,32546,-7.223869481216395e-05,0.0029356983831170212,-0.2724160479185257,-0.05121997218938679,0.6073489326552044,0.520424881386906,True,False,False,False,False
N18_VWMA_MACD,30m,16,17,32546,-0.0001160337507541597,0.0029356983831170212,-0.475608574023096,0.18796497168820905,0.6828233670572457,0.4254520551258326,False,False,False,False,False
N18_VWMA_MACD,30m,16,18,32546,5.0365689644902454e-05,0.0029356983831170212,0.2456810081967686,0.24133910896229577,0.4029645874709268,0.404646150974604,False,False,False,False,False
N18_VWMA_MACD,30m,16,19,32546,0.00026068800963968436,0.0029356983831170212,0.9384493779284426,-0.6207220663195642,0.17400676020328365,0.7326087459640654,True,False,False,False,False
N18_VWMA_MACD,30m,16,20,32546,0.00034269891921894776,0.0029356983831170212,1.33046825355411,2.2471753289759357,0.09168201971139067,0.012314412113302557,True,False,False,False,False
N18_VWMA_MACD,30m,16,21,32546,-0.00022103195078651997,0.0029356983831170212,-0.9630935533555272,0.4884249878521221,0.8322497116713472,0.3126244230576849,False,False,False,False,False
N18_VWMA_MACD,30m,16,22,32546,-0.0006485871167117067,0.0029356983831170212,-2.436828790552595,-1.5688850007559,0.9925916536261354,0.9416626312687332,False,False,False,False,False
N18_VWMA_MACD,30m,16,23,32546,0.00012419055497359916,0.0029356983831170212,0.5097871059771704,0.5785366354605993,0.30510030999282844,0.28145093534905563,True,False,False,False,False
N18_VWMA_MACD,30m,16,24,32546,-0.00011732841234069807,0.0029356983831170212,-0.49770511529885797,-1.4871057116313469,0.6906540489366206,0.9315065533706913,False,False,False,False,False
N18_VWMA_MACD,30m,16,25,32546,9.66105987407144e-05,0.0029356983831170212,0.3594459754377828,0.7864501233553136,0.35963074309071164,0.215801914228899,True,False,False,False,False
N18_VWMA_MACD,30m,16,26,32546,-0.0004331262279111531,0.0029356983831170212,-1.6287729880271902,-1.0609962264723678,0.9483194575071346,0.8556541919594987,False,False,False,False,False
N18_VWMA_MACD,30m,16,27,32546,7.085856086514453e-05,0.0029356983831170212,0.27949189088931337,1.0747331337589838,0.3899336801536829,0.14124711241872429,True,False,False,False,False
N18_VWMA_MACD,30m,16,28,32546,0.0004296423947466534,0.0029356983831170212,1.7007704463514854,0.8652114264516391,0.04449305042887829,0.19346137747242015,True,False,False,False,False
N18_VWMA_MACD,30m,16,29,32546,-0.00013102407907707487,0.0029356983831170212,-0.5001883533435589,-0.6498366286353046,0.6915287708326125,0.7421011219575487,False,False,False,False,False
N18_VWMA_MACD,30m,16,30,32546,-5.913367082982822e-05,0.0029356983831170212,-0.19771043723007053,1.558063686166276,0.5783641884083227,0.059609075951281,False,False,False,False,False
N18_VWMA_MACD,30m,16,31,32546,0.0002537065729729859,0.0029356983831170212,0.9913079978905548,0.3564798545057911,0.1607676044171928,0.3607406181375611,True,False,False,False,False
N18_VWMA_MACD,30m,16,32,32546,8.651626569439065e-05,0.0029356983831170212,0.33556781139958475,-0.3902613410346592,0.36859840029924373,0.6518283466264018,True,False,False,False,False
N18_VWMA_MACD,30m,16,33,32546,1.955194516240163e-05,0.0029356983831170212,0.1326151932335278,0.10494151569523538,0.447248858046212,0.4582111080303987,True,False,False,False,False
N18_VWMA_MACD,30m,16,34,32546,7.4582969779906785e-06,0.0029356983831170212,-0.03916530066015345,-0.007526238136504976,0.515620700769675,0.5030025062592036,True,False,False,False,False
N18_VWMA_MACD,30m,16,35,32546,-0.0002188882104209017,0.0029356983831170212,-0.8497374718642702,-0.2660459064940854,0.8022644698810473,0.6048980728350116,False,False,False,False,False
N18_VWMA_MACD,30m,16,36,32546,-3.537704026037592e-05,0.0029356983831170212,-0.18899923392485607,-0.6566187330099855,0.5749532913952771,0.7442869497301499,False,False,False,False,False
N18_VWMA_MACD,30m,16,37,32546,-0.0007096669800458035,0.0029356983831170212,-2.8237811094995497,-1.6718545298413348,0.9976269607107481,0.9527234945286173,False,False,False,False,False
N18_VWMA_MACD,30m,16,38,32546,-0.0003578439393530245,0.0029356983831170212,-1.3603555911891796,-1.9969400584286752,0.913141287790699,0.9770841525445624,False,False,False,False,False
N18_VWMA_MACD,30m,16,39,32546,0.00012507955082597457,0.0029356983831170212,0.41380328981492315,-0.3284226725824343,0.33950908723312806,0.6287039487031211,True,False,False,False,False
N18_VWMA_MACD,30m,16,40,32546,-3.509514318672887e-05,0.0029356983831170212,-0.03248781311130825,0.18025593544141344,0.5129584826854217,0.4284758236958367,False,False,False,False,False
N18_VWMA_MACD,30m,16,41,32546,1.6415609267388143e-05,0.0029356983831170212,0.0769435748765506,0.8821078190094889,0.4693342162675472,0.18885925214850385,False,False,False,False,False
N18_VWMA_MACD,30m,16,42,32546,-0.00015205433767853636,0.0029356983831170212,-0.6219143336233705,-0.8138732194994331,0.733000900249743,0.7921412080128759,False,False,False,False,False
N18_VWMA_MACD,30m,16,43,32546,0.00048177952693147393,0.0029356983831170212,1.8473639262392065,1.9489525303233974,0.03234720686574309,0.02565054695333322,True,False,False,False,False
N18_VWMA_MACD,30m,16,44,32546,6.495260098615492e-05,0.0029356983831170212,0.3236279193520095,-0.04698653793079256,0.37310987399663564,0.5187380215731767,True,False,False,False,False
N18_VWMA_MACD,30m,16,45,32546,-0.0002115756602276841,0.0029356983831170212,-0.8400649735179843,-0.13475214103725786,0.7995640211661171,0.5535960767401648,False,False,False,False,False
N18_VWMA_MACD,30m,16,46,32546,-9.920589061426872e-05,0.0029356983831170212,-0.3781981974472891,0.5593799270590664,0.647358317786487,0.2879512288209489,True,False,False,False,False
N18_VWMA_MACD,30m,16,47,32546,5.065364547464991e-05,0.0029356983831170212,0.11329006535090555,0.5265527121896549,0.4549002966173061,0.2992521188276378,True,False,False,False,False
N18_VWMA_MACD,30m,16,48,32546,-0.0002284931870997383,0.0029356983831170212,-0.9133888615907797,-1.038391917069028,0.8194809692209444,0.850456184441708,False,False,False,False,False
N18_VWMA_MACD,30m,16,49,32546,0.0002446442534381486,0.0029356983831170212,0.8695900954116885,0.3819599340752181,0.19226222622016892,0.351245541727233,True,False,False,False,False
N18_VWMA_MACD,30m,16,50,32546,0.00031059229765257023,0.0029356983831170212,1.2346624729476108,1.0047468913113016,0.10847807392592484,0.1575093713518193,True,False,False,False,False
N18_VWMA_MACD,30m,16,51,32546,0.00027574477670707227,0.0029356983831170212,1.0653466094093378,0.7840237009771958,0.14335955397995875,0.21651310168594834,True,False,False,False,False
N18_VWMA_MACD,30m,16,52,32546,0.00011746187349800847,0.0029356983831170212,0.4260933542138527,0.6874828696150611,0.33501991130453035,0.24588924602994122,True,False,False,False,False
N18_VWMA_MACD,30m,16,53,32546,-0.0002761481503495706,0.0029356983831170212,-1.0156930965095172,-1.7322838529050706,0.8451122217582416,0.9583884822582681,False,False,False,False,False
N18_VWMA_MACD,30m,16,54,32546,-0.00040269395356003326,0.0029356983831170212,-1.5796413844511201,-0.2700891363707851,0.9429054919256713,0.6064541602190073,False,False,False,False,False
N18_VWMA_MACD,30m,16,55,32546,7.018259503366847e-05,0.0029356983831170212,0.2594513602026235,-0.47303693709455547,0.39764350312593777,0.6819065865102879,False,False,False,False,False
N18_VWMA_MACD,30m,16,56,32546,0.00047225229768544497,0.0029356983831170212,1.7529580802782165,2.4111211750358055,0.03980460143966943,0.007951781811700285,True,False,False,False,False
N18_VWMA_MACD,30m,16,57,32546,0.00020352004083994514,0.0029356983831170212,0.7800304395684438,0.2423967628916412,0.21768647917398648,0.4042363712190906,True,False,False,False,False
N18_VWMA_MACD,30m,16,58,32546,-9.30024129161594e-06,0.0029356983831170212,-0.11265321692994817,-0.6292157976506724,0.5448472537324553,0.7353961060799827,False,False,False,False,False
N18_VWMA_MACD,30m,16,59,32546,2.0546862330167016e-05,0.0029356983831170212,0.041500260294989114,-0.43133395997665036,0.4834485426744725,0.6668872195230513,True,False,False,False,False
N18_VWMA_MACD,30m,16,60,32546,-0.0004608725768474871,0.0029356983831170212,-1.8257538095779544,-0.5686154665596804,0.9660563230897874,0.7151914368305871,False,False,False,False,False
N18_VWMA_MACD,30m,16,61,32546,0.00034290581974174905,0.0029356983831170212,1.306929059096728,2.6405042666880822,0.09561840292100876,0.004139137513778488,True,False,False,False,False
N18_VWMA_MACD,30m,16,62,32546,-6.833737315285304e-05,0.0029356983831170212,-0.278595399286712,-0.2644803840800867,0.6097223280930191,0.604295110964424,False,False,False,False,False
N18_VWMA_MACD,30m,16,63,32546,-0.0001821546584214666,0.0029356983831170212,-0.7357316040807296,-0.8579122637438341,0.7690529738619143,0.8045295440817964,False,False,False,False,False
N18_VWMA_MACD,30m,16,64,32546,-0.0003037714883664163,0.0029356983831170212,-1.1744561366946273,-1.5693876043351096,0.8798938143471197,0.9417211746980724,False,False,False,False,False
N18_VWMA_MACD,30m,16,65,32546,-0.00014943876460366584,0.0029356983831170212,-0.6836164174202812,-1.76149436852346,0.7528912925274183,0.9609226173381089,True,False,False,False,False
N18_VWMA_MACD,30m,16,66,32546,-0.00028708002783689733,0.0029356983831170212,-1.129579100133706,-1.3546117677817224,0.8706731891504405,0.912229358895098,False,False,False,False,False
N18_VWMA_MACD,30m,16,67,32546,-0.00045495552174595747,0.0029356983831170212,-1.6932911393878942,-1.8740663491695306,0.9547999680649939,0.9695393596340299,False,False,False,False,False
N18_VWMA_MACD,30m,16,68,32546,0.00025837528503460424,0.0029356983831170212,1.0114207938791342,-0.5033990388926448,0.15590753648887534,0.6926581263932583,True,False,False,False,False
N18_VWMA_MACD,30m,16,69,32546,0.00014951597989746658,0.0029356983831170212,0.5303166640748924,1.1828042156047311,0.29794619739498607,0.1184433747380138,True,False,False,False,False
N18_VWMA_MACD,30m,16,70,32546,3.842773640035839e-05,0.0029356983831170212,0.16099178197600802,-0.16363235523708536,0.4360499366227421,0.5649897138970819,False,False,False,False,False
N18_VWMA_MACD,30m,16,71,32546,0.00010247534541123936,0.0029356983831170212,0.4268773567382306,-0.017959452409640045,0.33473432941774334,0.5071643997604373,True,False,False,False,False
N18_VWMA_MACD,30m,16,72,32546,3.8269097427755414e-05,0.0029356983831170212,0.24242304536460155,-0.9137079301493742,0.4042261896159759,0.8195648320206966,False,False,False,False,False
N18_VWMA_MACD,30m,16,73,32546,-0.0003814421729268231,0.0029356983831170212,-1.5175007328390973,-0.8035699929748298,0.935429845695685,0.7891773206075534,False,False,False,False,False
N18_VWMA_MACD,30m,16,74,32546,9.774645069354067e-05,0.0029356983831170212,0.46291595801657687,0.4667236118537024,0.32171230425954656,0.32034881712770097,True,False,False,False,False
N18_VWMA_MACD,30m,16,75,32546,-0.00010254724698845977,0.0029356983831170212,-0.3727755126640579,0.19971703427486082,0.6453422352997362,0.4208509453700037,False,False,False,False,False
N18_VWMA_MACD,30m,16,76,32546,2.46157344681666e-05,0.0029356983831170212,0.08176591106840678,-0.2051231137101262,0.46741643215005796,0.581262030877467,False,False,False,False,False
N18_VWMA_MACD,30m,16,77,32546,-3.4205183692208256e-05,0.0029356983831170212,-0.10126394205591303,-0.12548497745651252,0.5403295304561795,0.5499301913584201,True,False,False,False,False
N18_VWMA_MACD,30m,16,78,32546,-8.849807166080962e-05,0.0029356983831170212,-0.34393951182436017,-1.2013900042385677,0.63455411180785,0.885200024142591,False,False,False,False,False
N18_VWMA_MACD,30m,16,79,32546,-0.00032517124983136016,0.0029356983831170212,-1.2212376803244127,-1.0186772309390832,0.8890019793040209,0.8458218872079827,True,False,False,False,False
N18_VWMA_MACD,30m,16,80,32546,-0.0002217971099647489,0.0029356983831170212,-0.9093667446648115,-1.2764135003659984,0.8184217151379509,0.89909530681009,False,False,False,False,False
N18_VWMA_MACD,30m,16,81,32546,9.633640868375163e-05,0.0029356983831170212,0.45520787593868706,1.2511743169567753,0.32447984744501385,0.10543544314398734,True,False,False,False,False
N18_VWMA_MACD,30m,16,82,32546,0.0001700635443917619,0.0029356983831170212,0.6156252536417063,0.8624571967201453,0.2690709399840757,0.19421798875238383,False,False,False,False,False
N18_VWMA_MACD,30m,16,83,32546,0.00024857605822583233,0.0029356983831170212,0.829064483795361,0.4652304964328961,0.20353395976076505,0.32088320086449085,True,False,False,False,False
N18_VWMA_MACD,30m,16,84,32546,0.00013850386678266813,0.0029356983831170212,0.5248399164512693,1.2640498720738136,0.2998472401691506,0.103106063568698,True,False,False,False,False
N18_VWMA_MACD,30m,16,85,32546,1.6060023089106756e-05,0.0029356983831170212,0.11327648011305391,-0.7531040139314574,0.45490568167846585,0.774306293717087,True,False,False,False,False
N18_VWMA_MACD,30m,16,86,32546,0.00028167776234880505,0.0029356983831170212,1.108454018728572,0.6873599493028045,0.13383289335774118,0.24592796476709144,True,False,False,False,False
N18_VWMA_MACD,30m,16,87,32546,0.00047202891025145704,0.0029356983831170212,1.8563145773444056,0.6454157806021883,0.031704366244192955,0.25932888982522506,True,False,False,False,False
N18_VWMA_MACD,30m,16,88,32546,0.00015850647560607944,0.0029356983831170212,0.6381607418957067,-0.13023833922927644,0.2616845247831254,0.551811068717354,True,False,False,False,False
N18_VWMA_MACD,30m,16,89,32546,-0.00038450703568700394,0.0029356983831170212,-1.431862124680084,-1.7760038701334486,0.9239083582036864,0.9621338603706877,False,False,False,False,False
N18_VWMA_MACD,30m,16,90,32546,0.00027447851490262004,0.0029356983831170212,1.1098342351041481,0.2534588474979554,0.133535231928331,0.3999568290112013,True,False,False,False,False
N18_VWMA_MACD,30m,16,91,32546,0.0001446565183782431,0.0029356983831170212,0.5816659246215904,0.47334274574224466,0.28039586407586325,0.3179843351079255,True,False,False,False,False
N18_VWMA_MACD,30m,16,92,32546,0.00020971293354563048,0.0029356983831170212,0.8186377344500213,0.6555562140568734,0.20649656563213992,0.25605485301168557,True,False,False,False,False
N18_VWMA_MACD,30m,16,93,32546,-0.00017577926062037588,0.0029356983831170212,-0.6522671543498679,-0.962439031190508,0.7428855774984324,0.8320854423229195,False,False,False,False,False
N18_VWMA_MACD,30m,16,94,32546,-0.0003592776799882407,0.0029356983831170212,-1.4038573872335987,-1.8067537493009778,0.9198193394554943,0.9645996584930492,False,False,False,False,False
N18_VWMA_MACD,30m,16,95,32546,-0.00031340874723132845,0.0029356983831170212,-1.2229033598842078,-1.295852213462525,0.8893169003025199,0.9024867973114034,False,False,False,False,False
N18_VWMA_MACD,30m,16,96,32546,-0.0007613330917468306,0.0029356983831170212,-3.064400817447743,-2.608944648143989,0.9989094675959745,0.995458903405411,False,False,False,False,False
N18_VWMA_MACD,30m,16,97,32546,-0.00036580989297856894,0.0029356983831170212,-1.4205175783038717,-2.050988804316694,0.9222714726261074,0.9798659814798052,False,False,False,False,False
N18_VWMA_MACD,30m,16,98,32546,0.00039470392711941606,0.0029356983831170212,1.5533542112175291,2.315651819169601,0.06016926780316021,0.01028864353503896,True,False,False,False,False
N18_VWMA_MACD,30m,16,99,32546,-0.00017859431598938328,0.0029356983831170212,-0.7361796188155721,-0.03991838962672649,0.7691893030217014,0.515920905007197,True,False,False,False,False
N18_VWMA_MACD,30m,16,100,32546,-6.661505852768475e-05,0.0029356983831170212,-0.2517046331816832,-0.6469233379712345,0.5993653122396793,0.7411592197136597,False,False,False,False,False
N18_VWMA_MACD,30m,16,101,32546,0.0004206226014592599,0.0029356983831170212,1.661207846717451,0.9547322039137381,0.04833585509813091,0.1698565699086595,True,False,False,False,False
N18_VWMA_MACD,30m,16,102,32546,-6.95512573730005e-05,0.0029356983831170212,-0.22596195147127698,-1.6190455585427896,0.5893844933431733,0.9472812694572172,False,False,False,False,False
N18_VWMA_MACD,30m,16,103,32546,-9.048253372374802e-05,0.0029356983831170212,-0.3187787323402164,-0.2979266804540586,0.6250528466514537,0.6171204379742272,True,False,False,False,False
N18_VWMA_MACD,30m,16,104,32546,-6.643703803023921e-05,0.0029356983831170212,-0.24152347175629568,-0.38825389143768396,0.5954252864905911,0.6510859223234644,True,False,False,False,False
N18_VWMA_MACD,30m,16,105,32546,0.00032928905406652233,0.0029356983831170212,1.295233086155884,1.6925008823294487,0.09761991718553764,0.04527525601155059,True,False,False,False,False
N18_VWMA_MACD,30m,16,106,32546,-0.0004733879792687341,0.0029356983831170212,-1.905577602244462,-1.3466164325579224,0.971647484828775,0.9109481005043296,False,False,False,False,False
N18_VWMA_MACD,30m,16,107,32546,-7.315480818225616e-05,0.0029356983831170212,-0.2778768288895786,-0.15935677376654536,0.609446544228879,0.563306103409041,False,False,False,False,False
N18_VWMA_MACD,30m,16,108,32546,0.00010236318901798872,0.0029356983831170212,0.4074229982397708,0.39301336381515567,0.34184866922468904,0.34715480553339284,True,False,False,False,False
N18_VWMA_MACD,30m,16,109,32546,-0.00033402102544554047,0.0029356983831170212,-1.2183801694369698,-1.072282674138245,0.8884602313130612,0.8582034568098416,False,False,False,False,False
N18_VWMA_MACD,30m,16,110,32546,0.00013945454579759246,0.0029356983831170212,0.5362852624357554,-0.7199933675758575,0.2958807072319651,0.7642354604157415,False,False,False,False,False
N18_VWMA_MACD,30m,16,111,32546,2.9622158573471857e-05,0.0029356983831170212,0.03165089522866108,1.2640347045053706,0.487375227588251,0.10310878543968527,True,False,False,False,False
N18_VWMA_MACD,30m,16,112,32546,3.086393331985594e-05,0.0029356983831170212,0.14166950104634463,0.27226102695481835,0.44367053327684103,0.3927106603189544,True,False,False,False,False
N18_VWMA_MACD,30m,16,113,32546,-0.0001404702785621697,0.0029356983831170212,-0.6171970982950782,-0.3859267863161224,0.7314476352834569,0.6502245540446987,True,False,False,False,False
N18_VWMA_MACD,30m,16,114,32546,-0.0002455238316051479,0.0029356983831170212,-0.9858945741464515,-1.0246614247955967,0.8379075751402811,0.8472385147271579,True,False,False,False,False
N18_VWMA_MACD,30m,16,115,32546,-0.0004502522721385332,0.0029356983831170212,-1.7666507877089623,-0.45116713202870545,0.9613566350904983,0.6740654517015476,False,False,False,False,False
N18_VWMA_MACD,30m,16,116,32546,0.00015817866119015024,0.0029356983831170212,0.6480438079093224,-0.05105009367393151,0.2584783082204665,0.5203571982112098,False,False,False,False,False
N18_VWMA_MACD,30m,16,117,32546,-0.00015752493968413102,0.0029356983831170212,-0.6385182120494585,-0.968714842896236,0.7384317986691364,0.8336562576123863,False,False,False,False,False
N18_VWMA_MACD,30m,16,118,32546,-0.0004920495002962436,0.0029356983831170212,-1.8280139706095173,-0.4263488254350805,0.966226272521624,0.665073157497098,False,False,False,False,False
N18_VWMA_MACD,30m,16,119,32546,-3.61031376828157e-05,0.0029356983831170212,-0.18737811438961238,-0.14576703719243006,0.5743179095601624,0.557947350790637,False,False,False,False,False
N18_VWMA_MACD,30m,16,120,32546,-0.0001355183970035586,0.0029356983831170212,-0.5456067711175969,-0.9611337893378437,0.707331865533132,0.8317575489272715,False,False,False,False,False
N18_VWMA_MACD,30m,16,121,32546,-0.0001657055227897872,0.0029356983831170212,-0.706266881076771,-0.9454139699455976,0.7599889073565169,0.8277762135693298,False,False,False,False,False
N18_VWMA_MACD,30m,16,122,32546,0.00020488320179397118,0.0029356983831170212,0.8846914661018305,1.0863413399635649,0.18816152981341527,0.1386640018310209,True,False,False,False,False
N18_VWMA_MACD,30m,16,123,32546,0.0005293640774249466,0.0029356983831170212,1.918910468227035,1.3448384366824557,0.027497832793753344,0.08933870735325444,True,False,False,False,False
N18_VWMA_MACD,30m,16,124,32546,-0.00016543668335238488,0.0029356983831170212,-0.6015393163662375,0.5190325619167874,0.7262595833330745,0.3018690172405145,False,False,False,False,False
N18_VWMA_MACD,30m,16,125,32546,-0.0002044461414075874,0.0029356983831170212,-0.7664021638989766,-1.4360226473043363,0.7782814771708573,0.9245020514832273,True,False,False,False,False
N18_VWMA_MACD,30m,16,126,32546,0.00028795353574538726,0.0029356983831170212,1.0911470454889285,1.7338495813956492,0.1376040923070735,0.041472387841293146,True,False,False,False,False
N18_VWMA_MACD,30m,16,127,32546,3.7745536201544126e-06,0.0029356983831170212,-0.006682923208409496,1.0106793235837919,0.502666080779318,0.1560849681376137,True,False,False,False,False
N18_VWMA_MACD,30m,16,128,32546,-4.084946162412635e-05,0.0029356983831170212,-0.149344850660996,0.5393556313539201,0.5593592368165202,0.2948207447700304,False,False,False,False,False
N18_VWMA_MACD,30m,16,129,32546,0.0005076499280767287,0.0029356983831170212,2.017501885681346,0.9980349969043046,0.021821582221593895,0.1591311943070814,True,False,False,False,False
N18_VWMA_MACD,30m,16,130,32546,0.0001959759720361696,0.0029356983831170212,0.7440678779473003,0.8714774559567413,0.22841770565985692,0.19174675498680804,True,False,False,False,False
N18_VWMA_MACD,30m,16,131,32546,-0.00035448420216474346,0.0029356983831170212,-1.4403406365637617,-0.8415862197034545,0.9251144750850128,0.7999901973054329,False,False,False,False,False
N18_VWMA_MACD,30m,16,132,32546,0.0003365071946662476,0.0029356983831170212,1.317309133760452,1.7466681974418714,0.09386751242089109,0.040347454989391934,True,False,False,False,False
N18_VWMA_MACD,30m,16,133,32546,-0.00012592279662283578,0.0029356983831170212,-0.5010728512201923,-1.2597278973646056,0.6918400736274473,0.8961162309960493,True,False,False,False,False
N18_VWMA_MACD,30m,16,134,32546,-0.0003245775206004259,0.0029356983831170212,-1.2905654887121993,-1.7607961308879523,0.9015728052582397,0.9608635425219516,True,False,False,False,False
N18_VWMA_MACD,30m,16,135,32546,-8.388954106904597e-05,0.0029356983831170212,-0.3641477575516721,-1.038993847548234,0.6421261620000476,0.8505962011795812,True,False,False,False,False
N18_VWMA_MACD,30m,16,136,32546,-0.0001690278129304543,0.0029356983831170212,-0.6623755572085802,0.11424576455357507,0.7461347177086075,0.45452148725300234,False,False,False,False,False
N18_VWMA_MACD,30m,16,137,32546,-0.00016405637562654795,0.0029356983831170212,-0.7668918579966778,0.5793831359317788,0.7784270925197938,0.28116534028987805,False,False,False,False,False
N18_VWMA_MACD,30m,16,138,32546,5.3125934018554764e-05,0.0029356983831170212,0.23305312902824016,0.6610012769338595,0.4078600751966287,0.25430574733162964,True,False,False,False,False
N18_VWMA_MACD,30m,16,139,32546,-0.00013654290985727074,0.0029356983831170212,-0.558440055909476,-1.3597795947091256,0.7117280365619596,0.9130501592450312,True,False,False,False,False
N18_VWMA_MACD,30m,16,140,32546,0.0001467780186070363,0.0029356983831170212,0.5452587675565647,1.1381594783787223,0.292787779071796,0.12752694783757834,True,False,False,False,False
N18_VWMA_MACD,30m,16,141,32546,-0.00010197953356334265,0.0029356983831170212,-0.43851102353235605,-0.4666930168051563,0.6694920595504168,0.679640236683672,False,False,False,False,False
N18_VWMA_MACD,30m,16,142,32546,-0.00039522701552055533,0.0029356983831170212,-1.5303553537799475,-1.662140637676206,0.9370356031566803,0.9517577104284626,False,False,False,False,False
N18_VWMA_MACD,30m,16,143,32546,2.26656025806357e-05,0.0029356983831170212,0.06676373837466434,0.25498894788693977,0.4733848957784206,0.39936581772948637,True,False,False,False,False
N18_VWMA_MACD,30m,16,144,32546,-3.233078161232361e-05,0.0029356983831170212,-0.028556010244872955,0.5006902089471339,0.5113906517488497,0.3082945820319028,False,False,False,False,False
N18_VWMA_MACD,30m,16,145,32546,-8.374017966048657e-05,0.0029356983831170212,-0.3913266621534103,0.046291636226006315,0.6522221032467329,0.48153890274467315,True,False,False,False,False
N18_VWMA_MACD,30m,16,146,32546,0.0006255228453718273,0.0029356983831170212,2.3215163607023546,1.9718597696102453,0.010129496068572854,0.02431280848419576,True,False,False,False,False
N18_VWMA_MACD,30m,16,147,32546,0.00012849128645636522,0.0029356983831170212,0.4821671008006687,0.5900883332402623,0.3148436228799067,0.27756571505699923,True,False,False,False,False
N18_VWMA_MACD,30m,16,148,32546,-0.0002551627054421493,0.0029356983831170212,-0.9209146235577433,-0.5125841575674481,0.8214524984422509,0.6958788812698757,False,False,False,False,False
N18_VWMA_MACD,30m,16,149,32546,-0.00028308865274761195,0.0029356983831170212,-1.0632200379989947,-0.282464386210175,0.8561589113222396,0.6112062745704823,False,False,False,False,False
N18_VWMA_MACD,30m,16,150,32546,0.00036504557819902754,0.0029356983831170212,1.312372125105057,1.6643899632202248,0.09469730366661555,0.04801726225506189,True,False,False,False,False
N18_VWMA_MACD,30m,16,151,32546,0.000399687166871213,0.0029356983831170212,1.5074607904998825,0.2052076233391094,0.06584629343889545,0.4187049568121893,True,False,False,False,False
N18_VWMA_MACD,30m,16,152,32546,-5.479138983366978e-05,0.0029356983831170212,-0.2387753590541187,-0.06673908189800562,0.5943601108723033,0.5266052896006822,False,False,False,False,False
N18_VWMA_MACD,30m,16,153,32546,0.0001733443690816292,0.0029356983831170212,0.5990875311574583,0.7334157143280414,0.27455725802354214,0.23165245883469876,True,False,False,False,False
N18_VWMA_MACD,30m,16,154,32546,0.0002041828488216691,0.0029356983831170212,0.8411461821704485,1.1522384341204683,0.20013302288831508,0.12461155406249264,True,False,False,False,False
N18_VWMA_MACD,30m,16,155,32546,4.6789649846797436e-05,0.0029356983831170212,0.1955530114143572,-0.22783888399166782,0.4224800207660673,0.59011425173769,False,False,False,False,False
N18_VWMA_MACD,30m,16,156,32546,0.00034439625962424735,0.0029356983831170212,1.409508149616677,0.6638243997461012,0.07934248269104649,0.2534013535834625,True,False,False,False,False
N18_VWMA_MACD,30m,16,157,32546,-0.00019425921337176246,0.0029356983831170212,-0.6606047720295466,-0.2945898407296382,0.7455670960484303,0.6158463880621114,True,False,False,False,False
N18_VWMA_MACD,30m,16,158,32546,1.190795957083387e-06,0.0029356983831170212,0.03359580884875397,0.04039728647408966,0.48659973221875674,0.48388819678252176,False,False,False,False,False
N18_VWMA_MACD,30m,16,159,32546,7.748729242599654e-05,0.0029356983831170212,0.2504846669401356,-0.01829469102920825,0.4011062804245765,0.5072981186479821,True,False,False,False,False
N18_VWMA_MACD,30m,16,160,32546,-0.0005653786656351706,0.0029356983831170212,-2.240207707115559,-3.0214535098644943,0.9874612792239376,0.9987421786620723,False,False,False,False,False
N18_VWMA_MACD,30m,16,161,32546,-4.642061786685993e-05,0.0029356983831170212,-0.18778343131978956,0.3601905568050092,0.5744767876999185,0.35935231801599765,False,False,False,False,False
N18_VWMA_MACD,30m,16,162,32546,6.186793814881349e-05,0.0029356983831170212,0.19344732704700524,0.502945867164595,0.423304326864437,0.30750116598107546,True,False,False,False,False
N18_VWMA_MACD,30m,16,163,32546,-0.00018785368226485505,0.0029356983831170212,-0.7150961188650246,-1.4739991322672512,0.7627251739993263,0.92975908759994,False,False,False,False,False
N18_VWMA_MACD,30m,16,164,32546,0.0004034370826582557,0.0029356983831170212,1.6002612929541817,1.576825543477357,0.054770314924877724,0.057417836229973755,True,False,False,False,False
N18_VWMA_MACD,30m,16,165,32546,0.00031485790159593754,0.0029356983831170212,1.183382272546187,0.7728913207197372,0.1183288399000142,0.21979335085665552,True,False,False,False,False
N18_VWMA_MACD,30m,16,166,32546,-0.00024042815766040505,0.0029356983831170212,-0.9477324324487166,0.8216076856359424,0.8283671571576914,0.20565010684631113,False,False,False,False,False
N18_VWMA_MACD,30m,16,167,32546,-0.0001750162453662265,0.0029356983831170212,-0.7000666724418667,-1.1374140693989387,0.7580571660233266,0.872317385781076,True,False,False,False,False
N18_VWMA_MACD,30m,16,168,32546,0.00010863612230891611,0.0029356983831170212,0.42553301669997995,1.3186388918869916,0.33522407912951957,0.09364493252567119,True,False,False,False,False
N18_VWMA_MACD,30m,16,169,32546,-0.00012662890285485112,0.0029356983831170212,-0.5732547711071111,-0.552954903154497,0.7167638977870894,0.7098528546042258,True,False,False,False,False
N18_VWMA_MACD,30m,16,170,32546,0.00046871341826025314,0.0029356983831170212,1.8607253846989928,2.1338626594415633,0.031391483587493,0.01642701244408322,True,False,False,False,False
N18_VWMA_MACD,30m,16,171,32546,-8.127680475806501e-05,0.0029356983831170212,-0.22265477545204088,0.43612346158334053,0.5880978991432989,0.3313735778447781,False,False,False,False,False
N18_VWMA_MACD,30m,16,172,32546,0.0002912909396400229,0.0029356983831170212,1.2008592065561394,0.41346915873474976,0.11490291029418598,0.33963145700423775,True,False,False,False,False
N18_VWMA_MACD,30m,16,173,32546,-0.00026017503603429514,0.0029356983831170212,-1.0413660650889884,-0.9921452552429142,0.8511471570870008,0.8394366634298995,False,False,False,False,False
N18_VWMA_MACD,30m,16,174,32546,7.114747017831573e-05,0.0029356983831170212,0.23184978808326273,1.8319174796237154,0.40832734258388437,0.03348185795773674,False,False,False,False,False
N18_VWMA_MACD,30m,16,175,32546,-3.2666035265416945e-05,0.0029356983831170212,-0.22362286051683736,0.12771912962014642,0.5884746130095865,0.4491856254140511,True,False,False,False,False
N18_VWMA_MACD,30m,16,176,32546,-1.0834166887351673e-06,0.0029356983831170212,-0.008713177547700152,-0.18180289327669658,0.5034760109375525,0.5721312930713973,False,False,False,False,False
N18_VWMA_MACD,30m,16,177,32546,0.00038623138271926173,0.0029356983831170212,1.4617149754590213,1.3720426115959838,0.07190966588039203,0.08502508650704216,True,False,False,False,False
N18_VWMA_MACD,30m,16,178,32546,-0.000468555668804261,0.0029356983831170212,-1.884728724688715,-2.2319720347960295,0.9702667639219629,0.9871915943626528,False,False,False,False,False
N18_VWMA_MACD,30m,16,179,32546,0.0003450620162097689,0.0029356983831170212,1.4287913140705732,1.1821324352559304,0.07653211141086724,0.11857657813079991,True,False,False,False,False
N18_VWMA_MACD,30m,16,180,32546,-0.00018966321412731458,0.0029356983831170212,-0.6382412984823284,-0.9562268391909865,0.7383416912473122,0.8305211785024671,False,False,False,False,False
N18_VWMA_MACD,30m,16,181,32546,4.549268589343361e-05,0.0029356983831170212,0.21492457459193198,0.045285121398134176,0.414913062413865,0.48194002333814273,True,False,False,False,False
N18_VWMA_MACD,30m,16,182,32546,0.0002582505085538033,0.0029356983831170212,1.0546493053696657,0.4125408050119874,0.14579287250060186,0.3399715393243953,True,False,False,False,False
N18_VWMA_MACD,30m,16,183,32546,-0.00020748569186658142,0.0029356983831170212,-0.882923519798412,-0.8194505244511254,0.8113612025257398,0.7937352906229933,False,False,False,False,False
N18_VWMA_MACD,30m,16,184,32546,0.000453438539767278,0.0029356983831170212,1.7392849141598,1.2601147986736307,0.04099232977463706,0.10381397624852412,True,False,False,False,False
N18_VWMA_MACD,30m,16,185,32546,-1.193204595185234e-05,0.0029356983831170212,-0.02637006407700994,-0.6288412479196424,0.5105189143754848,0.7352735035561376,False,False,False,False,False
N18_VWMA_MACD,30m,16,186,32546,-0.0002910496723829534,0.0029356983831170212,-1.0958129283305453,-1.8533278616854154,0.8634196752110475,0.9680823099734444,False,False,False,False,False
N18_VWMA_MACD,30m,16,187,32546,0.0002537180697819714,0.0029356983831170212,0.8992430604415352,0.9725525089073526,0.18426160439966255,0.16538787784033016,True,False,False,False,False
N18_VWMA_MACD,30m,16,188,32546,-0.00046762788930913076,0.0029356983831170212,-1.839374790312963,-1.2937837193610802,0.9670699602851048,0.9021299311053318,False,False,False,False,False
N18_VWMA_MACD,30m,16,189,32546,-0.00027252235151261755,0.0029356983831170212,-1.1470205131954154,-0.3690045180019203,0.8743134284803425,0.6439378214080336,False,False,False,False,False
N18_VWMA_MACD,30m,16,190,32546,-2.8464197600169172e-05,0.0029356983831170212,-0.11446210779772141,0.30432967376161846,0.5455642587346043,0.3804383701121002,True,False,False,False,False
N18_VWMA_MACD,30m,16,191,32546,-0.0005148585997212083,0.0029356983831170212,-2.064921308140258,-2.0228775876682463,0.9805347767034077,0.9784571151037075,False,False,False,False,False
N18_VWMA_MACD,30m,16,192,32546,-0.0003703432923307512,0.0029356983831170212,-1.4582198001561895,-1.5518249722392161,0.9276100160797157,0.9396479455012903,False,False,False,False,False
N18_VWMA_MACD,30m,16,193,32546,-8.58685343374518e-05,0.0029356983831170212,-0.31522947811336777,0.4216727904426239,0.6237062873173006,0.3366319338135083,True,False,False,False,False
N18_VWMA_MACD,30m,16,194,32546,-0.0005264911549571379,0.0029356983831170212,-2.1127338833045646,-0.7180134043807513,0.9826882242681261,0.7636254890659215,False,False,False,False,False
N18_VWMA_MACD,30m,16,195,32546,-0.0002582733332018838,0.0029356983831170212,-1.0872423821056756,-0.025403725588782834,0.8615351475551603,0.5101335302609609,False,False,False,False,False
N18_VWMA_MACD,30m,16,196,32546,-0.0002796248571164729,0.0029356983831170212,-1.1608860347649086,0.06477614362835848,0.8771558755911347,0.47417611808781635,False,False,False,False,False
N18_VWMA_MACD,30m,16,197,32546,-0.0001929193321936898,0.0029356983831170212,-0.7574235235436105,-0.08267563995397723,0.7756019162923892,0.5329452724771278,False,False,False,False,False
N18_VWMA_MACD,30m,16,198,32546,0.000220811681331088,0.0029356983831170212,0.826604468817283,-0.5757793913091731,0.20423064181601486,0.7176178474641999,True,False,False,False,False
N18_VWMA_MACD,30m,16,199,32546,-2.430860438084613e-07,0.0029356983831170212,-0.04556320496851435,-0.48987144787400905,0.5181708015606787,0.6878875658177653,False,False,False,False,False
N18_VWMA_MACD,30m,16,200,32546,0.00014246352432772445,0.0029356983831170212,0.6005501449102275,-0.00046581657053904404,0.27406982619281606,0.5001858339181791,True,False,False,False,False
N18_VWMA_MACD,30m,16,201,32546,0.00025198779195786654,0.0029356983831170212,0.9764188927118296,0.36624127398011885,0.16442846144640122,0.35709252313546475,False,False,False,False,False
N18_VWMA_MACD,30m,16,202,32546,0.00023989203543784102,0.0029356983831170212,0.9405980858581304,0.9306282978745135,0.17345543160397842,0.1760229356702152,False,False,False,False,False
N18_VWMA_MACD,30m,16,203,32546,0.0004832977783011965,0.0029356983831170212,1.9541896717555525,1.586419969188849,0.025339395153459943,0.05632203673523112,True,False,False,False,False
N18_VWMA_MACD,30m,16,204,32546,3.366726674030194e-05,0.0029356983831170212,0.19722501553039876,0.9922626655965296,0.4218257277500206,0.1605347052218083,False,False,False,False,False
N18_VWMA_MACD,30m,16,205,32546,-0.0004118816509803583,0.0029356983831170212,-1.451395499826568,-0.9767208170720459,0.9266651189321649,0.8356463068274792,False,False,False,False,False
N18_VWMA_MACD,30m,16,206,32546,0.0004360805569006854,0.0029356983831170212,1.7800254923872298,1.48500376453583,0.03753589441049186,0.06877141344246583,True,False,False,False,False
N18_VWMA_MACD,30m,16,207,32546,6.443740623085904e-05,0.0029356983831170212,0.26541521928432793,0.1023544725203146,0.39534480658819343,0.4592376597389245,False,False,False,False,False
N18_VWMA_MACD,30m,16,208,32546,-0.00030646016200816127,0.0029356983831170212,-1.204603741887299,0.3688928564530317,0.8858218442510787,0.3561037940760142,False,False,False,False,False
N18_VWMA_MACD,30m,16,209,32546,-0.0008029919747247389,0.0029356983831170212,-2.9271910482465793,-1.8661853241346007,0.99828980649256,0.9689922791863516,False,False,False,False,False
N18_VWMA_MACD,30m,16,210,32546,0.00023434082298467564,0.0029356983831170212,0.9257360744523635,1.4301064056213577,0.17729157778948673,0.07634324100755946,True,False,False,False,False
N18_VWMA_MACD,30m,16,211,32546,-0.00019993897426919698,0.0029356983831170212,-0.7755892434646525,-0.4565414266919067,0.7810042232390036,0.6759996559440906,False,False,False,False,False
N18_VWMA_MACD,30m,16,212,32546,-0.00010891710945189903,0.0029356983831170212,-0.42346830512589917,0.8163685805066383,0.6640231907651524,0.2071446805469015,True,False,False,False,False
N18_VWMA_MACD,30m,16,213,32546,-1.7488096155341074e-05,0.0029356983831170212,-0.04881343864663603,0.32572915506179184,0.5194660137745847,0.3723146418265661,True,False,False,False,False
N18_VWMA_MACD,30m,16,214,32546,-0.00012058581113743338,0.0029356983831170212,-0.4882060128362539,-0.1733156754974273,0.687298037007479,0.5687983485587634,False,False,False,False,False
N18_VWMA_MACD,30m,16,215,32546,-0.00012421803737248542,0.0029356983831170212,-0.4703502732900334,-0.8101268315532626,0.6809476074057113,0.7910663576997421,True,False,False,False,False
N18_VWMA_MACD,30m,16,216,32546,-0.00017690112602234076,0.0029356983831170212,-0.7193481760416192,-0.4563560640620342,0.7640367903130731,0.6759330227538731,True,False,False,False,False
N18_VWMA_MACD,30m,16,217,32546,-6.395783493220342e-05,0.0029356983831170212,-0.1689581892316431,-1.678867464098844,0.5670852356662676,0.9534110616173656,True,False,False,False,False
N18_VWMA_MACD,30m,16,218,32546,-0.0004844886056906973,0.0029356983831170212,-1.8815046259701478,-0.6111108823773551,0.9700483467021248,0.7294369120555605,False,False,False,False,False
N18_VWMA_MACD,30m,16,219,32546,-8.092327767331605e-06,0.0029356983831170212,-0.033077108457734726,0.2472784822166093,0.5131934512182933,0.402346355244596,False,False,False,False,False
N18_VWMA_MACD,30m,16,220,32546,-6.824468217123739e-05,0.0029356983831170212,-0.2485432780294606,0.7816157327299444,0.5981429553630869,0.21722021903845012,False,False,False,False,False
N18_VWMA_MACD,30m,16,221,32546,-0.00012721245412826142,0.0029356983831170212,-0.5236387046694914,-0.07380199161598673,0.6997350720823428,0.5294160288655246,True,False,False,False,False
N18_VWMA_MACD,30m,16,222,32546,-0.0002588366152366887,0.0029356983831170212,-1.0074855269026468,-0.5186852779886346,0.8431492453133225,0.6980098851566021,False,False,False,False,False
N18_VWMA_MACD,30m,16,223,32546,-0.00016266392930204768,0.0029356983831170212,-0.6208255967838844,-1.8391528561936195,0.7326428101750603,0.9670536467303216,False,False,False,False,False
N18_VWMA_MACD,30m,16,224,32546,-8.445354773199557e-05,0.0029356983831170212,-0.3783349377992988,0.2598728541166655,0.647409102863651,0.39748092566132787,False,False,False,False,False
N18_VWMA_MACD,30m,16,225,32546,0.00062482645698785,0.0029356983831170212,2.4415643824537945,1.1785396212781825,0.0073118902624061885,0.11929077319251985,True,False,False,False,False
N18_VWMA_MACD,30m,16,226,32546,-5.379874780767303e-05,0.0029356983831170212,-0.27422553701706665,-1.088085719151239,0.6080443478231595,0.8617213662242769,True,False,False,False,False
N18_VWMA_MACD,30m,16,227,32546,0.00019872200170426344,0.0029356983831170212,0.7404099247049488,0.6351911198959128,0.22952564926671037,0.2626518870729806,True,False,False,False,False
N18_VWMA_MACD,30m,16,228,32546,1.1948827779729355e-05,0.0029356983831170212,0.012443001019889304,-0.28031526322758893,0.4950360888907171,0.6103821791739622,True,False,False,False,False
N18_VWMA_MACD,30m,16,229,32546,0.000316526258592567,0.0029356983831170212,1.199577592028,1.0969983307861721,0.11515171674945252,0.136321060892737,True,False,False,False,False
N18_VWMA_MACD,30m,16,230,32546,-0.0003876291526014733,0.0029356983831170212,-1.4726439970845575,0.18191307170703966,0.929576472650614,0.42782547296205203,False,False,False,False,False
N18_VWMA_MACD,30m,16,231,32546,-0.00017595205449083022,0.0029356983831170212,-0.6705983217701954,-0.6529991451936602,0.7487617740423775,0.7431215852016607,False,False,False,False,False
N18_VWMA_MACD,30m,16,232,32546,8.8456968141299e-05,0.0029356983831170212,0.30098138624539206,-0.5558228142446185,0.3817143442077305,0.7108340061481679,True,False,False,False,False
N18_VWMA_MACD,30m,16,233,32546,-0.00033622364666801826,0.0029356983831170212,-1.3162651006275947,-1.157059917555934,0.9059574599488741,0.8763760593678087,False,False,False,False,False
N18_VWMA_MACD,30m,16,234,32546,0.000256625080087406,0.0029356983831170212,0.9904349177236723,1.0376082705368934,0.16098079269829269,0.14972623295289228,False,False,False,False,False
N18_VWMA_MACD,30m,16,235,32546,-0.0002463426170760077,0.0029356983831170212,-0.9568069016776805,-0.7244862452210966,0.8306676359663399,0.765616365707877,False,False,False,False,False
N18_VWMA_MACD,30m,16,236,32546,-3.75281925412565e-05,0.0029356983831170212,-0.08525612576083319,0.28159309285488,0.5339711144732349,0.38912776853925946,False,False,False,False,False
N18_VWMA_MACD,30m,16,237,32546,-0.00013556287398284637,0.0029356983831170212,-0.5868639360919965,-0.35723644494147144,0.7213524538033411,0.6395425978029652,False,False,False,False,False
N18_VWMA_MACD,30m,16,238,32546,0.0001060710728691405,0.0029356983831170212,0.3584521498514152,0.3781840257199021,0.36000248541625246,0.35264694571327315,False,False,False,False,False
N18_VWMA_MACD,30m,16,239,32546,7.724137064969784e-05,0.0029356983831170212,0.287576425608454,-0.25017672832101373,0.3868354962705019,0.5987746593800666,True,False,False,False,False
N18_VWMA_MACD,30m,16,240,32546,0.00021704129089183464,0.0029356983831170212,0.8711470071607783,1.4636867347773377,0.1918369451784956,0.07163978080173615,True,False,False,False,False
N18_VWMA_MACD,30m,16,241,32546,-1.98488604632997e-05,0.0029356983831170212,-0.12273423068141819,-0.300426428916511,0.5488412216921925,0.6180740465745583,True,False,False,False,False
N18_VWMA_MACD,30m,16,242,32546,-0.00012893838013165024,0.0029356983831170212,-0.4715251664038868,-0.8985156286204442,0.6813671238435739,0.8155446415249074,False,False,False,False,False
N18_VWMA_MACD,30m,16,243,32546,0.000112987894474891,0.0029356983831170212,0.4638715410314096,-0.21520088823968908,0.32136989174458186,0.5851946507818941,False,False,False,False,False
N18_VWMA_MACD,30m,16,244,32546,0.00016689155980157243,0.0029356983831170212,0.6429458262717294,-0.24531313158104132,0.2601296262250776,0.5968930075940508,True,False,False,False,False
N18_VWMA_MACD,30m,16,245,32546,-0.00010098142315647305,0.0029356983831170212,-0.4588396466596758,-0.5551341642300456,0.676825339135438,0.7105985519380571,False,False,False,False,False
N18_VWMA_MACD,30m,16,246,32546,0.00035080118349225603,0.0029356983831170212,1.3739817584843836,1.0410624235077646,0.08472367279416138,0.14892328887451273,True,False,False,False,False
N18_VWMA_MACD,30m,16,247,32546,-0.00010810314379720837,0.0029356983831170212,-0.39163206999204797,-1.0820039281097196,0.6523349557263518,0.8603746087435298,False,False,False,False,False
N18_VWMA_MACD,30m,16,248,32546,-0.0002784526664700684,0.0029356983831170212,-1.0494366760857525,-0.444680323287784,0.8530114072176733,0.6717246044837177,False,False,False,False,False
N18_VWMA_MACD,30m,16,249,32546,0.00016864336177963563,0.0029356983831170212,0.6247306946704715,0.919142072389622,0.266073911983321,0.17901063280806367,True,False,False,False,False
N18_VWMA_MACD,30m,16,250,32546,-0.0003281096893459225,0.0029356983831170212,-1.375744466261439,-1.3992603369053376,0.9155496199950948,0.9191325355346651,False,False,False,False,False
N18_VWMA_MACD,30m,16,251,32546,0.00017427464449383954,0.0029356983831170212,0.72786623404348,0.40059587067748387,0.2333477373327792,0.34435884317431864,True,False,False,False,False
N18_VWMA_MACD,30m,16,252,32546,-6.918864150209535e-07,0.0029356983831170212,-0.04975230264964591,0.25432508769884477,0.5198401117264402,0.3996222098308032,True,False,False,False,False
N18_VWMA_MACD,30m,16,253,32546,9.715444634149734e-05,0.0029356983831170212,0.38671615330381937,-0.28083395098895575,0.34948317811341895,0.6105811190179785,True,False,False,False,False
N18_VWMA_MACD,30m,16,254,32546,0.00023905119217707295,0.0029356983831170212,0.9016293639167662,0.9818707698055406,0.18362689356269557,0.16308175884706194,True,False,False,False,False
N18_VWMA_MACD,30m,16,255,32546,-4.78864174557463e-05,0.0029356983831170212,-0.16321229254413935,-0.30444789601831335,0.5648243560326346,0.6196066586563429,False,False,False,False,False
N18_VWMA_MACD,30m,16,256,32546,0.00011420403912199887,0.0029356983831170212,0.39479751605360164,0.6933297758285781,0.34649616411804157,0.24405131050376117,True,False,False,False,False
N18_VWMA_MACD,30m,16,257,32546,0.00012806971715224004,0.0029356983831170212,0.525631765057721,0.8440812176013697,0.29957204093484313,0.19931201128447623,True,False,False,False,False
N18_VWMA_MACD,30m,16,258,32546,0.00046808989599559503,0.0029356983831170212,1.8703622703759515,2.448842601688319,0.030716763816324388,0.007165803033995176,True,False,False,False,False
N18_VWMA_MACD,30m,16,259,32546,-1.072285478409421e-05,0.0029356983831170212,-0.06337781526925712,0.17319090217205765,0.5252671737098222,0.43125068729839255,False,False,False,False,False
N18_VWMA_MACD,30m,16,260,32546,0.0001240808541049239,0.0029356983831170212,0.5099451066040342,0.7383536078319476,0.30504495987746727,0.23014979907977445,False,False,False,False,False
N18_VWMA_MACD,30m,16,261,32546,0.00016970513651859282,0.0029356983831170212,0.6769098864539452,1.5323358703460876,0.24923156549537145,0.06271978687487759,True,False,False,False,False
N18_VWMA_MACD,30m,16,262,32546,-0.00012842022408748817,0.0029356983831170212,-0.5012566748012351,-0.06416366951203714,0.6919047538130905,0.5255800473554207,False,False,False,False,False
N18_VWMA_MACD,30m,16,263,32546,-2.54345915613515e-05,0.0029356983831170212,-0.05669233279076578,0.03589784911090409,0.5226048591296015,0.4856819054622628,True,False,False,False,False
N18_VWMA_MACD,30m,16,264,32546,0.00020185054482859907,0.0029356983831170212,0.88585116094823,1.7776146341843413,0.18784886835851267,0.03773358431141189,True,False,False,False,False
N18_VWMA_MACD,30m,16,265,32546,-1.977687412281809e-05,0.0029356983831170212,-0.10841335322875069,-0.005098480474139642,0.5431660953887004,0.5020339906148357,False,False,False,False,False
N18_VWMA_MACD,30m,16,266,32546,-0.00019044382389647507,0.0029356983831170212,-0.7122386754456173,-0.37337053816597016,0.7618415043280985,0.6455636580957356,False,False,False,False,False
N18_VWMA_MACD,30m,16,267,32546,-0.00019989837861043698,0.0029356983831170212,-0.8214536195756998,0.03207655471067133,0.7943060338602701,0.4872055002088247,False,False,False,False,False
N18_VWMA_MACD,30m,16,268,32546,-0.0002691887334490816,0.0029356983831170212,-1.047293301098106,-0.827442152479207,0.8525178376218796,0.7960067514738927,False,False,False,False,False
N18_VWMA_MACD,30m,16,269,32546,-2.062433924268524e-05,0.0029356983831170212,-0.11358387627559831,-0.6852116561486082,0.5452161652543173,0.7533948152299141,True,False,False,False,False
N18_VWMA_MACD,30m,16,270,32546,3.06956644268242e-05,0.0029356983831170212,0.11866796493473025,0.5719060194671726,0.4527692087227144,0.28369282288982745,True,False,False,False,False
N18_VWMA_MACD,30m,16,271,32546,-0.00014446819990609884,0.0029356983831170212,-0.5391574111187998,-1.0255660370780315,0.7051108778970993,0.84745190842847,False,False,False,False,False
N18_VWMA_MACD,30m,16,272,32546,1.1310290270093118e-05,0.0029356983831170212,0.08826031824080437,0.3126345442652888,0.4648348886425385,0.3772791651203298,True,False,False,False,False
N18_VWMA_MACD,30m,16,273,32546,-0.0005448500978933107,0.0029356983831170212,-2.0939036045632213,-2.08188531372199,0.9818657159412342,0.9813235267224472,False,False,False,False,False
N18_VWMA_MACD,30m,16,274,32546,0.0002750417070770235,0.0029356983831170212,1.0161133897954755,0.9921974575875169,0.15478769677371107,0.16055060624594458,True,False,False,False,False
N18_VWMA_MACD,30m,16,275,32546,-0.00030799892785389737,0.0029356983831170212,-1.1152825399991502,0.0002762830501515338,0.8676353174700906,0.4998897790113385,False,False,False,False,False
N18_VWMA_MACD,30m,16,276,32546,-0.0007932512780661177,0.0029356983831170212,-3.080271232950152,-3.9114913316698403,0.9989659391870802,0.9999541360254346,False,False,False,False,False
N18_VWMA_MACD,30m,16,277,32546,-8.479410256511927e-05,0.0029356983831170212,-0.37596617984949193,-0.5716956681153349,0.6465289804368228,0.7162359151548053,True,False,False,False,False
N18_VWMA_MACD,30m,16,278,32546,-0.0002516586641920621,0.0029356983831170212,-0.9931436243936269,-0.44381593375674533,0.8396800164319733,0.6714121662632051,False,False,False,False,False
N18_VWMA_MACD,30m,16,279,32546,-0.00012120255466715895,0.0029356983831170212,-0.4414373346560277,-0.29055428990551724,0.6705517906195669,0.6143038881133687,False,False,False,False,False
N18_VWMA_MACD,30m,16,280,32546,-0.00012051474496757906,0.0029356983831170212,-0.463352284280391,-0.22934251899240654,0.6784440626341359,0.5906986456790186,False,False,False,False,False
N18_VWMA_MACD,30m,16,281,32546,6.52896689616469e-05,0.0029356983831170212,0.21623992226000213,0.3428682262959902,0.4144003680728206,0.36584879808688187,True,False,False,False,False
N18_VWMA_MACD,30m,16,282,32546,0.00026100586400725016,0.0029356983831170212,1.0030494258208227,0.760295148407008,0.1579185071971046,0.2235390906171847,True,False,False,False,False
N18_VWMA_MACD,30m,16,283,32546,0.00040963412988972644,0.0029356983831170212,1.6568294682336833,-0.5947308665971949,0.04877697871177018,0.7239883071098435,True,False,False,False,False
N18_VWMA_MACD,30m,16,284,32546,-3.104736132676632e-05,0.0029356983831170212,-0.10198664785216509,-0.4654049608306971,0.540616363355396,0.6791792588554654,False,False,False,False,False
N18_VWMA_MACD,30m,16,285,32546,0.00012973603152123924,0.0029356983831170212,0.47388186839772806,0.08856709378260674,0.3177920747941042,0.46471298031883745,True,False,False,False,False
N18_VWMA_MACD,30m,16,286,32546,0.0001087654064960277,0.0029356983831170212,0.44543871348306563,1.2709305110284652,0.3280013702039709,0.10187668539788747,False,False,False,False,False
N18_VWMA_MACD,30m,16,287,32546,0.00025661236441281235,0.0029356983831170212,0.8528759035959705,0.896586197354529,0.19686406283775498,0.18496988297527267,True,False,False,False,False
N18_VWMA_MACD,30m,16,288,32546,-0.0004689158462780036,0.0029356983831170212,-1.8774683998418713,-1.0253464135379828,0.9697730377808007,0.8474001184776465,False,False,False,False,False
N18_VWMA_MACD,30m,16,289,32546,1.3960081229828941e-05,0.0029356983831170212,0.08243191813605716,-0.17776943407553647,0.46715162770374863,0.5705479734821552,False,False,False,False,False
N18_VWMA_MACD,30m,16,290,32546,-0.0003837603193243581,0.0029356983831170212,-1.4067345172623846,-0.3992454169056065,0.9202469368153611,0.6551438092721562,False,False,False,False,False
N18_VWMA_MACD,30m,16,291,32546,9.410176125018602e-05,0.0029356983831170212,0.4052664891118517,1.034552605998833,0.34264081808452185,0.15043894860129847,True,False,False,False,False
N18_VWMA_MACD,30m,16,292,32546,0.0005237079321959285,0.0029356983831170212,2.2096507183527407,2.570390689227756,0.013564706226440739,0.00507919399335374,True,False,False,False,False
N18_VWMA_MACD,30m,16,293,32546,-6.271493042251258e-05,0.0029356983831170212,-0.25282095373055513,-0.0009578228277323153,0.5997967125665125,0.500382115964689,True,False,False,False,False
N18_VWMA_MACD,30m,16,294,32546,-0.0003273407647392086,0.0029356983831170212,-1.3831561578226912,-1.1409824979132541,0.9166915052693425,0.8730613968005423,False,False,False,False,False
N18_VWMA_MACD,30m,16,295,32546,0.00018158507594337366,0.0029356983831170212,0.7651691809404229,0.8084519004501979,0.22208540446374037,0.2094152423987065,True,False,False,False,False
N18_VWMA_MACD,30m,16,296,32546,0.00010381014827724967,0.0029356983831170212,0.35313406169998784,0.4489082216561255,0.36199396911705667,0.32674893244723463,False,False,False,False,False
N18_VWMA_MACD,30m,16,297,32546,-0.0001688448519928457,0.0029356983831170212,-0.74912008103169,-1.2262445310450567,0.7731075836652781,0.8899466659088331,False,False,False,False,False
N18_VWMA_MACD,30m,16,298,32546,-0.0002272051422151163,0.0029356983831170212,-0.8597636069677446,-0.6633432236159523,0.8050403178922974,0.7464446201573843,False,False,False,False,False
N18_VWMA_MACD,30m,16,299,32546,0.00029897914481313316,0.0029356983831170212,1.1866527364336372,0.9376863321310159,0.1176823125387717,0.17420281493542866,True,False,False,False,False
N18_VWMA_MACD,30m,16,300,32546,-9.216458530724957e-05,0.0029356983831170212,-0.356962051193492,1.3315463836310308,0.6394398923061191,0.09150464674465558,True,False,False,False,False
N18_VWMA_MACD,30m,16,301,32546,0.00034813620607037846,0.0029356983831170212,1.3873737048617258,0.5586652018379836,0.08266391943051099,0.28819511618623445,True,False,False,False,False
N18_VWMA_MACD,30m,16,302,32546,-0.00016139682362760634,0.0029356983831170212,-0.5492588874111594,-0.03133075854813714,0.7085861014203428,0.5124971196654584,False,False,False,False,False
N18_VWMA_MACD,30m,16,303,32546,0.00015574943000022838,0.0029356983831170212,0.6110539979136956,0.32182783364258966,0.2705819164664772,0.3737915634886087,True,False,False,False,False
N18_VWMA_MACD,30m,16,304,32546,0.0004852277837988357,0.0029356983831170212,1.8921561851792095,0.8217320873479741,0.02923508709215416,0.2056146964057442,True,False,False,False,False
N18_VWMA_MACD,30m,16,305,32546,0.0004790686071074631,0.0029356983831170212,1.8189111412780012,1.0218368498965869,0.03446249390305848,0.153429062605627,True,False,False,False,False
N18_VWMA_MACD,30m,16,306,32546,-0.00013734128255789163,0.0029356983831170212,-0.544012317371397,-0.5887656244552134,0.7067835016152619,0.7219907456655483,False,False,False,False,False
N18_VWMA_MACD,30m,16,307,32546,0.00011654169084806113,0.0029356983831170212,0.5035844920634732,-0.7170843306908562,0.3072766962650422,0.7633389682131344,True,False,False,False,False
N18_VWMA_MACD,30m,16,308,32546,-0.0001992265790032983,0.0029356983831170212,-0.8013150279097843,-0.8775873626559226,0.7885253534689989,0.8099161551074752,False,False,False,False,False
N18_VWMA_MACD,30m,16,309,32546,0.00022204609250871688,0.0029356983831170212,0.78814411660413,0.7407193268955365,0.2153062062834567,0.2294318191854134,False,False,False,False,False
N18_VWMA_MACD,30m,16,310,32546,-0.0002941554822181944,0.0029356983831170212,-1.1789930223337204,0.5804171490263007,0.8807995228393445,0.28081667163141855,True,False,False,False,False
N18_VWMA_MACD,30m,16,311,32546,-0.00050260599705392,0.0029356983831170212,-1.7863118324983631,-2.3134799551433045,0.9629756089414327,0.9896518672058999,False,False,False,False,False
N18_VWMA_MACD,30m,16,312,32546,-4.041595988298492e-07,0.0029356983831170212,-0.029648698780035815,-0.6206351661089728,0.5118263868218276,0.7325801518484217,False,False,False,False,False
N18_VWMA_MACD,30m,16,313,32546,-0.00020894460319766445,0.0029356983831170212,-0.8300957421088867,-1.279415156185802,0.7967576728623978,0.8996245502657197,False,False,False,False,False
N18_VWMA_MACD,30m,16,314,32546,-0.00013093399030655197,0.0029356983831170212,-0.5047424210259894,0.06828654190462023,0.6931301190621569,0.472778768562734,False,False,False,False,False
N18_VWMA_MACD,30m,16,315,32546,0.0005220184041396465,0.0029356983831170212,2.0834038449919228,0.7075761110371284,0.01860721404609636,0.23960426612213032,True,False,False,False,False
N18_VWMA_MACD,30m,16,316,32546,0.00011777032131249775,0.0029356983831170212,0.4232616571076978,-0.7395804512497884,0.33605218301434475,0.7702226964829871,True,False,False,False,False
N18_VWMA_MACD,30m,16,317,32546,0.0006713197229332861,0.0029356983831170212,2.506355097659241,2.8844618559118103,0.006099152237646228,0.0019604162706010064,True,False,False,False,False
N18_VWMA_MACD,30m,16,318,32546,0.000270230367936064,0.0029356983831170212,1.0655871152092495,0.5824103886636149,0.14330516313464137,0.28014514281779035,True,False,False,False,False
N18_VWMA_MACD,30m,16,319,32546,-0.00018126981169291746,0.0029356983831170212,-0.6665745375171961,-0.4628983163474394,0.7474780310762499,0.6782813728046486,False,False,False,False,False
N18_VWMA_MACD,30m,16,320,32546,-3.923373596144336e-05,0.0029356983831170212,-0.14181767957834163,0.3413050042142129,0.5563879905335845,0.3664369905178557,False,False,False,False,False
N18_VWMA_MACD,30m,16,321,32546,-1.3623763963459954e-05,0.0029356983831170212,0.006699211734503189,-0.18552846342292645,0.4973274211843994,0.5735927214029701,True,False,False,False,False
N18_VWMA_MACD,30m,16,322,32546,0.0002717911748150653,0.0029356983831170212,1.0662088576183673,1.0867171388376506,0.14316461948923742,0.13858091861860894,True,False,False,False,False
N18_VWMA_MACD,30m,16,323,32546,0.0003921116054747633,0.0029356983831170212,1.5323047566655785,1.3801137613797705,0.06272362393432936,0.08377581042018278,True,False,False,False,False
N18_VWMA_MACD,30m,16,324,32546,-0.00010401437644610416,0.0029356983831170212,-0.3998742989591864,-0.1607225148193397,0.6553754485067009,0.5638440221465972,False,False,False,False,False
N18_VWMA_MACD,30m,16,325,32546,-2.922422835933095e-05,0.0029356983831170212,-0.08421359586655838,0.11008083334543574,0.5335566956750462,0.4561726342715004,True,False,False,False,False
N18_VWMA_MACD,30m,16,326,32546,-8.015289980901814e-05,0.0029356983831170212,-0.32168133740653065,0.019242433019608693,0.6261529412190188,0.492323853602968,False,False,False,False,False
N18_VWMA_MACD,30m,16,327,32546,0.00034251234522013617,0.0029356983831170212,1.2378652295407,1.4841181445308804,0.10788301841850745,0.06888879019430504,True,False,False,False,False
N18_VWMA_MACD,30m,16,328,32546,0.00010291520825198025,0.0029356983831170212,0.38122157389677863,0.05895865124880556,0.35151942101338796,0.47649252115596574,True,False,False,False,False
N18_VWMA_MACD,30m,16,329,32546,0.0003286706568212264,0.0029356983831170212,1.2752740948838628,0.910150854303586,0.10110612173453382,0.18137147914620927,True,False,False,False,False
N18_VWMA_MACD,30m,16,330,32546,-0.00019018398510782246,0.0029356983831170212,-0.7216037721447589,1.1267929080545656,0.7647309403401709,0.12991502484616602,False,False,False,False,False
N18_VWMA_MACD,30m,16,331,32546,2.4621368247510935e-05,0.0029356983831170212,0.0684681816591565,-0.11302968766304332,0.47270647398797205,0.5449964906620245,False,False,False,False,False
N18_VWMA_MACD,30m,16,332,32546,-0.000256079141479742,0.0029356983831170212,-0.9887243029198196,0.4738270627963481,0.8386009755616375,0.31781161716242723,False,False,False,False,False
N18_VWMA_MACD,30m,16,333,32546,-0.00035368839654000445,0.0029356983831170212,-1.4060906098189447,-0.6116103316405701,0.920151389810045,0.7296021995886653,False,False,False,False,False
N18_VWMA_MACD,30m,16,334,32546,7.232766880280978e-06,0.0029356983831170212,0.06192441448043255,-0.15851210168373073,0.47531151243069547,0.562973357273191,False,False,False,False,False
N18_VWMA_MACD,30m,16,335,32546,0.0001455963652341711,0.0029356983831170212,0.5929547137357273,1.1895895043197615,0.27660572997064625,0.11710388654335008,True,False,False,False,False
N18_VWMA_MACD,30m,16,336,32546,-0.00019830233649188478,0.0029356983831170212,-0.9686436013754419,-0.6679108330530015,0.8336384795089724,0.7479047440369722,False,False,False,False,False
N18_VWMA_MACD,30m,16,337,32546,5.6871018487395085e-05,0.0029356983831170212,0.21433584849385295,0.9249452445694296,0.41514258224499717,0.17749719508944195,True,False,False,False,False
N18_VWMA_MACD,30m,16,338,32546,-0.0004682712346850521,0.0029356983831170212,-1.9194994293658396,-1.5762516225076444,0.972539420780415,0.9425160870667049,False,False,False,False,False
N18_VWMA_MACD,30m,16,339,32546,8.69024509839139e-05,0.0029356983831170212,0.2883518619651149,0.4475013270030155,0.38653870601421764,0.32725656497837313,True,False,False,False,False
N18_VWMA_MACD,30m,16,340,32546,3.834445809044061e-05,0.0029356983831170212,0.12132497177785982,0.1438123095536579,0.4517168207486641,0.44282434115302155,True,False,False,False,False
N18_VWMA_MACD,30m,16,341,32546,-0.00034347342785592534,0.0029356983831170212,-1.310012789915295,-1.2711195062229068,0.9049042455593819,0.8981569315644123,False,False,False,False,False
N18_VWMA_MACD,30m,16,342,32546,-0.00028913905569554583,0.0029356983831170212,-1.0290060875714557,0.09171889536062668,0.8482615928718825,0.463460692172047,False,False,False,False,False
N18_VWMA_MACD,30m,16,343,32546,0.000255683777433315,0.0029356983831170212,1.0225645682563882,0.49441332877844985,0.1532568846740685,0.3105071513305354,True,False,False,False,False
N18_VWMA_MACD,30m,16,344,32546,0.0003913428988674155,0.0029356983831170212,1.6104183776859202,1.3321607591287095,0.05365327560831807,0.09140368407793037,True,False,False,False,False
N18_VWMA_MACD,30m,16,345,32546,-2.668657661648555e-05,0.0029356983831170212,-0.11234998593070591,-0.01583254313544241,0.5447270451950028,0.506316006990268,False,False,False,False,False
N18_VWMA_MACD,30m,16,346,32546,0.000342714198995322,0.0029356983831170212,1.3164680192220755,0.9673256363725935,0.09400850278815492,0.16669063591188987,True,False,False,False,False
N18_VWMA_MACD,30m,16,347,32546,-8.691010025635281e-05,0.0029356983831170212,-0.35609336631999555,0.23341460344496176,0.6391146775135956,0.40771973720867594,False,False,False,False,False
N18_VWMA_MACD,30m,16,348,32546,-2.740623942761559e-05,0.0029356983831170212,-0.08625488734939481,-0.5384182043538781,0.5343681002773549,0.7048558193866145,False,False,False,False,False
N18_VWMA_MACD,30m,16,349,32546,0.00045006774919144636,0.0029356983831170212,1.735266753577766,2.1594949224707296,0.04134678380862797,0.01540589541442841,True,False,False,False,False
N18_VWMA_MACD,30m,16,350,32546,0.00025652521798382594,0.0029356983831170212,1.02181693750749,1.3910279059030197,0.15343377567078093,0.08210848236999368,True,False,False,False,False
N18_VWMA_MACD,30m,16,351,32546,7.674701017259066e-05,0.0029356983831170212,0.3219167114720225,0.10873993328688308,0.3737578963141736,0.45670438372680694,False,False,False,False,False
N18_VWMA_MACD,30m,16,352,32546,-0.00022814127093589393,0.0029356983831170212,-0.8725953475312551,-0.22969762428229334,0.8085581613333113,0.5908366294486547,False,False,False,False,False
N18_VWMA_MACD,30m,16,353,32546,0.00040829590271002493,0.0029356983831170212,1.5964890292914857,0.884103000786398,0.05518982659812673,0.18832030673657668,True,False,False,False,False
N18_VWMA_MACD,30m,16,354,32546,0.00023978589400157612,0.0029356983831170212,0.8589907558443955,-0.368338599049408,0.19517280806173798,0.6436896126739113,True,False,False,False,False
N18_VWMA_MACD,30m,16,355,32546,0.00032854894213887864,0.0029356983831170212,1.2130919203169186,1.5841340478778603,0.11254733937101818,0.05658160886506879,True,False,False,False,False
N18_VWMA_MACD,30m,16,356,32546,0.0003347357355414094,0.0029356983831170212,1.3245595930117384,1.5232500886505664,0.09265863265917718,0.06384807449420729,True,False,False,False,False
N18_VWMA_MACD,30m,16,357,32546,0.00013540754561748572,0.0029356983831170212,0.5505113260717289,-0.4005173761499646,0.290984355317109,0.6556122560749533,True,False,False,False,False
N18_VWMA_MACD,30m,16,358,32546,0.00015043311679917735,0.0029356983831170212,0.5487051420915076,-0.08091564769596897,0.29160390838935896,0.5322454821453935,False,False,False,False,False
N18_VWMA_MACD,30m,16,359,32546,0.00018325887518079153,0.0029356983831170212,0.7787260480255194,0.6789135384663781,0.21807055430068967,0.2485963234931925,True,False,False,False,False
N18_VWMA_MACD,30m,16,360,32546,-0.00016697373155432417,0.0029356983831170212,-0.6465487995851666,-0.8762542909828489,0.7410379979059214,0.8095540960037653,False,False,False,False,False
N18_VWMA_MACD,30m,16,361,32546,0.0001487595696500754,0.0029356983831170212,0.5316950174780334,0.9072166116806186,0.2974686216917829,0.18214613044405098,True,False,False,False,False
N18_VWMA_MACD,30m,16,362,32546,0.00013470240935184623,0.0029356983831170212,0.5126175594570754,0.9662254806938072,0.3041094338685586,0.1669656826247407,True,False,False,False,False
N18_VWMA_MACD,30m,16,363,32546,-0.0005499725133529507,0.0029356983831170212,-2.186221441451425,-2.7575840927558106,0.985600295842424,0.9970884883188332,False,False,False,False,False
N18_VWMA_MACD,30m,16,364,32546,-0.0002444060171691232,0.0029356983831170212,-0.8972170474317855,-0.03834631176026588,0.8151984448539297,0.5152942167630732,False,False,False,False,False
N18_VWMA_MACD,30m,16,365,32546,-0.00017892048587264797,0.0029356983831170212,-0.6034484382561454,-0.097563014331453,0.7268947964792134,0.5388603526827919,False,False,False,False,False
N18_VWMA_MACD,30m,16,366,32546,0.00011575869266740531,0.0029356983831170212,0.43252948576780187,0.12767239336615008,0.3326783133555241,0.44920411908464136,True,False,False,False,False
N18_VWMA_MACD,30m,16,367,32546,7.217363624699396e-05,0.0029356983831170212,0.35312508477038795,-0.28365951286320973,0.3619973339190808,0.6116643376134143,True,False,False,False,False
N18_VWMA_MACD,30m,16,368,32546,-7.594659776484063e-05,0.0029356983831170212,-0.382965911814563,-0.7494238558045656,0.6491274803885801,0.773199111558694,True,False,False,False,False
N18_VWMA_MACD,30m,16,369,32546,-0.0001015967353677814,0.0029356983831170212,-0.3381987238458662,-0.890382378829217,0.6323932812589577,0.8133696995683857,False,False,False,False,False
N18_VWMA_MACD,30m,16,370,32546,-5.471676898300876e-06,0.0029356983831170212,0.00010974299259301448,-0.8028076407257564,0.49995621888036473,0.7889570373971586,False,False,False,False,False
N18_VWMA_MACD,30m,16,371,32546,0.0004633218655538757,0.0029356983831170212,1.8244062028318142,1.327729827994145,0.034045342474642644,0.09213368798266613,True,False,False,False,False
N18_VWMA_MACD,30m,16,372,32546,0.00011970541904279693,0.0029356983831170212,0.4833749221243848,0.009657763857188025,0.31441477556247904,0.49614716955712007,True,False,False,False,False
N18_VWMA_MACD,30m,16,373,32546,0.00015203727946622167,0.0029356983831170212,0.567888548246033,-0.11927799177638015,0.2850553242023372,0.5474724404864468,True,False,False,False,False
N18_VWMA_MACD,30m,16,374,32546,-0.00023602801870773032,0.0029356983831170212,-0.951093609811504,0.0777036908122802,0.8292215708341764,0.4690318790709802,True,False,False,False,False
N18_VWMA_MACD,30m,16,375,32546,0.0003410929598369946,0.0029356983831170212,1.3203244310438849,0.22901491343933597,0.09336336103093884,0.4094286624452226,True,False,False,False,False
N18_VWMA_MACD,30m,16,376,32546,-0.0002372511177161618,0.0029356983831170212,-0.95076439868155,-0.5902866931301198,0.8291380055846518,0.7225007704392077,False,False,False,False,False
N18_VWMA_MACD,30m,16,377,32546,0.0003242389432841203,0.0029356983831170212,1.2157809947823273,0.606562712192115,0.11203418023504452,0.2720705761059114,True,False,False,False,False
N18_VWMA_MACD,30m,16,378,32546,0.00017286233401509117,0.0029356983831170212,0.6246754516113974,-0.16604561052060196,0.2660920439628995,0.5659394718262252,True,False,False,False,False
N18_VWMA_MACD,30m,16,379,32546,-9.562116569650442e-05,0.0029356983831170212,-0.44156396371335,-0.6982431979280657,0.6705976170981347,0.7574874422598386,False,False,False,False,False
N18_VWMA_MACD,30m,16,380,32546,-1.697065929496407e-05,0.0029356983831170212,-0.11571294093493756,0.14167307812313654,0.5460599751159553,0.44366912047900675,True,False,False,False,False
N18_VWMA_MACD,30m,16,381,32546,-0.00012564721746614345,0.0029356983831170212,-0.4319143112581488,0.08909445806429397,0.6670981535331288,0.46450342085243346,True,False,False,False,False
N18_VWMA_MACD,30m,16,382,32546,-6.780417233669326e-05,0.0029356983831170212,-0.2679520195571221,-0.774220298111309,0.6056318742975815,0.7805997366259159,False,False,False,False,False
N18_VWMA_MACD,30m,16,383,32546,0.00030080842465021794,0.0029356983831170212,1.172800396210902,1.8763318566411085,0.12043792961267114,0.03030486262885169,True,False,False,False,False
N18_VWMA_MACD,30m,16,384,32546,-0.00028728928542840306,0.0029356983831170212,-1.2192206648674482,-1.2882750489111434,0.8886197746784876,0.9011748822946248,False,False,False,False,False
N18_VWMA_MACD,30m,16,385,32546,-6.906250502039994e-05,0.0029356983831170212,-0.25219801173780876,-0.13679746097810846,0.5995559925894299,0.5544045546885674,False,False,False,False,False
N18_VWMA_MACD,30m,16,386,32546,-8.663538918199634e-05,0.0029356983831170212,-0.36314777586147057,0.7875617932077318,0.6417527514254215,0.2154765351844245,True,False,False,False,False
N18_VWMA_MACD,30m,16,387,32546,-7.111810476283086e-05,0.0029356983831170212,-0.21538876289148393,1.139838798846567,0.5852678848357296,0.12717673310430327,False,False,False,False,False
N18_VWMA_MACD,30m,16,388,32546,1.6042038889084722e-05,0.0029356983831170212,0.11259766881225416,-0.023731767946114413,0.45517476665776013,0.5094667170099041,False,False,False,False,False
N18_VWMA_MACD,30m,16,389,32546,0.000116359133941447,0.0029356983831170212,0.3595006343811589,0.6896707814231933,0.35961030165940466,0.24520062217343314,True,False,False,False,False
N18_VWMA_MACD,30m,16,390,32546,-0.00013925775740332072,0.0029356983831170212,-0.5775209013484708,-0.184194550724623,0.7182061883639301,0.5730695828819333,True,False,False,False,False
N18_VWMA_MACD,30m,16,391,32546,-0.0001976937099350603,0.0029356983831170212,-0.7083489077139449,-1.6240312191473267,0.7606356938147509,0.9478154270821489,True,False,False,False,False
N18_VWMA_MACD,30m,16,392,32546,-0.00023810272155749202,0.0029356983831170212,-1.0301874596411842,-0.6977412667503009,0.8485389923218597,0.7573304921634512,False,False,False,False,False
N18_VWMA_MACD,30m,16,393,32546,-0.00023564441127704467,0.0029356983831170212,-0.853904182780238,-0.9538607088843831,0.8034209591026231,0.8299229227999185,False,False,False,False,False
N18_VWMA_MACD,30m,16,394,32546,0.00015691405137378174,0.0029356983831170212,0.5963953655685148,0.23752592376769646,0.27545556787371767,0.4061244051491464,True,False,False,False,False
N18_VWMA_MACD,30m,16,395,32546,6.263420870501343e-05,0.0029356983831170212,0.2563099622317374,-1.2648938880808709,0.39885575269284845,0.8970453156963631,False,False,False,False,False
N18_VWMA_MACD,30m,16,396,32546,-0.00026039254192002033,0.0029356983831170212,-0.9259764667644168,0.2775232351878255,0.8227708948549476,0.39068918355990745,False,False,False,False,False
N18_VWMA_MACD,30m,16,397,32546,-0.00056511771804096,0.0029356983831170212,-2.209741040862288,-0.7590887384563154,0.9864384301565823,0.776100262338973,False,False,False,False,False
N18_VWMA_MACD,30m,16,398,32546,8.837874843959991e-05,0.0029356983831170212,0.28238911033160224,0.5832510784144321,0.3888225820307306,0.2798621452502932,True,False,False,False,False
N18_VWMA_MACD,30m,16,399,32546,-0.00024988958214059906,0.0029356983831170212,-0.9696612607914694,-0.4282077388677103,0.8338923168890615,0.6657500587509826,False,False,False,False,False
N18_VWMA_MACD,30m,16,400,32546,0.00028587328075742444,0.0029356983831170212,1.0847257531842636,0.8305872765416867,0.13902156907744523,0.20310341245557545,False,False,False,False,False
N18_VWMA_MACD,30m,16,401,32546,0.00020265805078411927,0.0029356983831170212,0.818332796221892,0.05484634376690615,0.20658359204129534,0.4781304394774788,True,False,False,False,False
N18_VWMA_MACD,30m,16,402,32546,0.00015153988374597556,0.0029356983831170212,0.5189321753150312,-0.22462698534903852,0.30190401971878567,0.5888652649805365,True,False,False,False,False
N18_VWMA_MACD,30m,16,403,32546,0.0006103037327969547,0.0029356983831170212,2.459086444803857,0.990731976184413,0.00696455369817829,0.16090823641071755,True,False,False,False,False
N18_VWMA_MACD,30m,16,404,32546,0.0002444740818849258,0.0029356983831170212,0.9253878972271399,0.25988756597837026,0.17738208600170036,0.3974752513642538,True,False,False,False,False
N18_VWMA_MACD,30m,16,405,32546,0.00010456861635188749,0.0029356983831170212,0.350350819065046,0.10525243066282576,0.3630377154409862,0.4580877540348256,True,False,False,False,False
N18_VWMA_MACD,30m,16,406,32546,-7.63378744987059e-06,0.0029356983831170212,-0.007107016918299527,0.08487246871280603,0.5028352656681532,0.4661813897887061,False,False,False,False,False
N18_VWMA_MACD,30m,16,407,32546,2.8916015457759444e-05,0.0029356983831170212,0.08762354992049894,-0.32615098569842116,0.4650879420196436,0.6278449384175958,False,False,False,False,False
N18_VWMA_MACD,30m,16,408,32546,2.3813277319221458e-05,0.0029356983831170212,0.0820143869331381,0.6435319582117331,0.46731763644003504,0.2599394923860746,False,False,False,False,False
N18_VWMA_MACD,30m,16,409,32546,3.257369933765702e-06,0.0029356983831170212,-0.002169815608749998,-0.5647745281609791,0.5008656305077595,0.7138864327718775,False,False,False,False,False
N18_VWMA_MACD,30m,16,410,32546,0.0001132658060635071,0.0029356983831170212,0.46240481906595116,0.9952356706696619,0.3218955220602534,0.159810828367618,True,False,False,False,False
N18_VWMA_MACD,30m,16,411,32546,-0.00019515850629801324,0.0029356983831170212,-0.8366141741614278,-0.7603686065031354,0.7985952621577845,0.7764828584426766,False,False,False,False,False
N18_VWMA_MACD,30m,16,412,32546,-3.077427328138767e-07,0.0029356983831170212,-0.0316066826735151,-0.8318346095179654,0.5126071429744546,0.7972488472004284,False,False,False,False,False
N18_VWMA_MACD,30m,16,413,32546,-0.00024335246802590488,0.0029356983831170212,-0.9349855609976776,-0.06349030295246136,0.825102129672598,0.5253119596054164,False,False,False,False,False
N18_VWMA_MACD,30m,16,414,32546,0.0002593956301241224,0.0029356983831170212,1.0271848557757302,1.3962387813773929,0.15216671389641884,0.08132130095025569,True,False,False,False,False
N18_VWMA_MACD,30m,16,415,32546,0.0002213184341028363,0.0029356983831170212,0.8630575571111787,0.14709938139455903,0.19405291102403738,0.44152678907151677,True,False,False,False,False
N18_VWMA_MACD,30m,16,416,32546,-0.00026406956167831553,0.0029356983831170212,-0.9379709314293846,-0.9034686305601646,0.8258703255767508,0.8168613851142809,False,False,False,False,False
N18_VWMA_MACD,30m,16,417,32546,-0.00045030415965596646,0.0029356983831170212,-1.6786041124539108,-1.0010701769088826,0.9533853877217542,0.841603558988627,False,False,False,False,False
N18_VWMA_MACD,30m,16,418,32546,3.5206854299696646e-05,0.0029356983831170212,0.1180286785239296,0.1661212965382602,0.453022467261289,0.43403074739892983,True,False,False,False,False
N18_VWMA_MACD,30m,16,419,32546,-8.040936716119839e-05,0.0029356983831170212,-0.32933203535539507,-0.29241243063667455,0.6290476336493775,0.6150143474546235,True,False,False,False,False
N18_VWMA_MACD,30m,16,420,32546,-8.242090001425556e-05,0.0029356983831170212,-0.29048522095078666,0.8881752871630728,0.6142774722173208,0.1872232349345872,False,False,False,False,False
N18_VWMA_MACD,30m,16,421,32546,-4.3362261337603016e-05,0.0029356983831170212,-0.15818028671105844,-0.05528153191712914,0.5628426314462256,0.5220429124701185,False,False,False,False,False
N18_VWMA_MACD,30m,16,422,32546,-0.00040514227414264765,0.0029356983831170212,-1.6973526515909558,-1.3309594790645556,0.9551849957486568,0.9083988278228803,False,False,False,False,False
N18_VWMA_MACD,30m,16,423,32546,0.00024038602870380687,0.0029356983831170212,0.9686434772577839,1.2386673863734696,0.16636155146527976,0.10773435067640286,True,False,False,False,False
N18_VWMA_MACD,30m,16,424,32546,-0.0002499825651685487,0.0029356983831170212,-0.9308865098772897,-0.5162821262718291,0.824043863306225,0.6971713110395585,False,False,False,False,False
N18_VWMA_MACD,30m,16,425,32546,0.00012203688503084548,0.0029356983831170212,0.4496088606131164,-0.3329346810397127,0.3264962489904354,0.6304082051366316,False,False,False,False,False
N18_VWMA_MACD,30m,16,426,32546,0.00021632683132671865,0.0029356983831170212,0.8757355901819924,0.5606842120074466,0.1905868962740414,0.2875064159424384,True,False,False,False,False
N18_VWMA_MACD,30m,16,427,32546,0.0001350584252441387,0.0029356983831170212,0.5546994253379451,0.6335109628186475,0.28955013466261503,0.26320001206088983,True,False,False,False,False
N18_VWMA_MACD,30m,16,428,32546,9.751292218186119e-05,0.0029356983831170212,0.3376838996275933,-0.6505921514882076,0.3678007045119587,0.7423451009454713,True,False,False,False,False
N18_VWMA_MACD,30m,16,429,32546,-0.0005449680866522113,0.0029356983831170212,-2.0027772542681626,-0.98876350693186,0.9773993988320715,0.8386105685581429,False,False,False,False,False
N18_VWMA_MACD,30m,16,430,32546,-0.0002696453624273755,0.0029356983831170212,-1.091515371796386,-0.5087592866495847,0.8624769141456476,0.6945395198714107,False,False,False,False,False
N18_VWMA_MACD,30m,16,431,32546,-0.00026719315999009646,0.0029356983831170212,-0.9725636701240672,-0.5190215891618712,0.8346148969406657,0.6981271569032723,False,False,False,False,False
N18_VWMA_MACD,30m,16,432,32546,-0.00011693711468343774,0.0029356983831170212,-0.3829905162193487,0.7787733314732361,0.6491366020393557,0.21805662497723916,True,False,False,False,False
N18_VWMA_MACD,30m,16,433,32546,-6.238070945334423e-06,0.0029356983831170212,-0.005526211822639188,-0.02548125049352692,0.5022046283253023,0.5101644482147121,False,False,False,False,False
N18_VWMA_MACD,30m,16,434,32546,-0.00023452794608856006,0.0029356983831170212,-0.9096870399066381,-1.14296904452404,0.8185062095230228,0.8734742781344308,False,False,False,False,False
N18_VWMA_MACD,30m,16,435,32546,1.0065851021398645e-05,0.0029356983831170212,0.04835725540638177,1.5579220848341098,0.480715762334809,0.059625859617112684,True,False,False,False,False
N18_VWMA_MACD,30m,16,436,32546,0.0002199868028781129,0.0029356983831170212,0.8303279015202433,-0.26726001198619775,0.2031767084921392,0.6053655134778866,False,False,False,False,False
N18_VWMA_MACD,30m,16,437,32546,0.00019485369776664263,0.0029356983831170212,0.7775363508683304,0.8448025355996579,0.21842119828734985,0.1991105493382927,True,False,False,False,False
N18_VWMA_MACD,30m,16,438,32546,-3.076080410195071e-05,0.0029356983831170212,-0.13847931829770344,-0.6757784728167406,0.5550691931309435,0.750409347809688,False,False,False,False,False
N18_VWMA_MACD,30m,16,439,32546,0.0006220030957731136,0.0029356983831170212,2.2984755199148132,2.376683978605478,0.010767369806505944,0.008734523687298254,True,False,False,False,False
N18_VWMA_MACD,30m,16,440,32546,0.00021026760170860694,0.0029356983831170212,0.8537132702642026,1.0132307842506296,0.1966319397731932,0.1554749697936018,True,False,False,False,False
N18_VWMA_MACD,30m,16,441,32546,0.00026898868340419576,0.0029356983831170212,1.0916095963968588,1.6060690338923782,0.13750236815372757,0.05412937139631308,True,False,False,False,False
N18_VWMA_MACD,30m,16,442,32546,-0.0002664208238583857,0.0029356983831170212,-1.0467416650451522,-1.5236123829932633,0.8523906291606803,0.9361972159964728,False,False,False,False,False
N18_VWMA_MACD,30m,16,443,32546,-5.764904865261726e-05,0.0029356983831170212,-0.30114127540675945,0.34599850843036495,0.6183466161230219,0.36467191784563946,False,False,False,False,False
N18_VWMA_MACD,30m,16,444,32546,0.0004624218115476066,0.0029356983831170212,1.7084613243180826,1.382257567200072,0.043775388410908625,0.08344631492894805,True,False,False,False,False
N18_VWMA_MACD,30m,16,445,32546,0.00018817614069531363,0.0029356983831170212,0.6877720934769416,0.2484376257633783,0.24579815615233386,0.401897912373155,True,False,False,False,False
N18_VWMA_MACD,30m,16,446,32546,0.00027207109655807916,0.0029356983831170212,1.0664678575346387,1.1253817446754206,0.14310610054943285,0.1302136517229871,True,False,False,False,False
N18_VWMA_MACD,30m,16,447,32546,-0.0002641900539628909,0.0029356983831170212,-1.0615233969220612,-1.0596759507033937,0.8557739471050518,0.8553539763018909,False,False,False,False,False
N18_VWMA_MACD,30m,16,448,32546,-4.7950142765158446e-05,0.0029356983831170212,-0.22797765784418297,-0.06361802685693,0.5901681951741129,0.5253628112690318,False,False,False,False,False
N18_VWMA_MACD,30m,16,449,32546,5.505677037192424e-05,0.0029356983831170212,0.17512745008961142,0.9113112221057311,0.4304897447584508,0.18106570759761392,True,False,False,False,False
N18_VWMA_MACD,30m,16,450,32546,-0.00047948795708601267,0.0029356983831170212,-1.831698690344125,-1.1394886969929268,0.9665018380481675,0.8727503099952677,False,False,False,False,False
N18_VWMA_MACD,30m,16,451,32546,-0.00019486564935567813,0.0029356983831170212,-0.7513944174662319,-1.2707167793747995,0.7737923392844501,0.898085287984702,False,False,False,False,False
N18_VWMA_MACD,30m,16,452,32546,0.0005996666039773947,0.0029356983831170212,2.3128436021357865,1.4933575075311616,0.010365619768534413,0.06767181481912785,True,False,False,False,False
N18_VWMA_MACD,30m,16,453,32546,0.0002315109575969813,0.0029356983831170212,0.955437720834314,0.76514931817706,0.169678193035478,0.22209131758556383,True,False,False,False,False
N18_VWMA_MACD,30m,16,454,32546,6.861074982795187e-05,0.0029356983831170212,0.2680185987304025,0.34224993172874396,0.39434250129738974,0.3660814057258871,True,False,False,False,False
N18_VWMA_MACD,30m,16,455,32546,0.00014661858748097096,0.0029356983831170212,0.5986791011789282,0.8489136338156933,0.274693448073658,0.19796467591826156,True,False,False,False,False
N18_VWMA_MACD,30m,16,456,32546,-0.00016458223910092626,0.0029356983831170212,-0.7174631143829897,-0.38349467181987174,0.763455805934642,0.6493234899383432,False,False,False,False,False
N18_VWMA_MACD,30m,16,457,32546,0.00010493288365397679,0.0029356983831170212,0.3910263931937432,0.18826852641027186,0.34788886349484005,0.425333078220072,True,False,False,False,False
N18_VWMA_MACD,30m,16,458,32546,0.00035872667137109676,0.0029356983831170212,1.415365427876339,0.7944586440798995,0.07848069032941918,0.213464237785231,True,False,False,False,False
N18_VWMA_MACD,30m,16,459,32546,-0.00021308948851750018,0.0029356983831170212,-0.9019494004424459,-1.4187844979935529,0.8164581262698315,0.9220190732423218,False,False,False,False,False
N18_VWMA_MACD,30m,16,460,32546,-0.000403940784942987,0.0029356983831170212,-1.5019191338836084,-0.8227153341319992,0.9334410027610625,0.7946650534073405,False,False,False,False,False
N18_VWMA_MACD,30m,16,461,32546,-0.00013174736298312745,0.0029356983831170212,-0.5156465241986813,-0.45775970279921513,0.6969493449637857,0.6764374550794507,False,False,False,False,False
N18_VWMA_MACD,30m,16,462,32546,0.0001049798512656342,0.0029356983831170212,0.3955789009190141,0.7910219023983273,0.3462078523567471,0.21446560526984798,True,False,False,False,False
N18_VWMA_MACD,30m,16,463,32546,-9.170271753196781e-05,0.0029356983831170212,-0.3691816032813536,0.9793001057780457,0.6440038163461059,0.1637158591045509,False,False,False,False,False
N18_VWMA_MACD,30m,16,464,32546,-0.0004456110566756137,0.0029356983831170212,-1.7743066678107333,-1.3329286235181907,0.9619937808743573,0.9087223858769089,False,False,False,False,False
N18_VWMA_MACD,30m,16,465,32546,0.00013175217070502245,0.0029356983831170212,0.4954191390808827,0.11899875352379179,0.31015214374307565,0.4526381716545522,True,False,False,False,False
N18_VWMA_MACD,30m,16,466,32546,0.00044172153375820393,0.0029356983831170212,1.6403174388144632,0.621633079143519,0.05046959077654503,0.2670915823092721,True,False,False,False,False
N18_VWMA_MACD,30m,16,467,32546,0.00020877530959287599,0.0029356983831170212,0.8115100314228727,0.32512571163430215,0.20853641724290123,0.37254296504310624,True,False,False,False,False
N18_VWMA_MACD,30m,16,468,32546,0.00017193523830065066,0.0029356983831170212,0.6492504876438322,-0.024236680126145205,0.25808824153367094,0.5096680898967674,True,False,False,False,False
N18_VWMA_MACD,30m,16,469,32546,-0.00030446129470269,0.0029356983831170212,-1.1742939147979958,-1.1577434075305673,0.8798613400718105,0.8765156179081897,False,False,False,False,False
N18_VWMA_MACD,30m,16,470,32546,-0.00022493033646348433,0.0029356983831170212,-0.8979326759960125,-1.2849703966774664,0.8153892785626338,0.9005986854928653,False,False,False,False,False
N18_VWMA_MACD,30m,16,471,32546,-0.00029692471804093927,0.0029356983831170212,-1.1581730900709757,-0.9685264736163007,0.8766032962116981,0.8336092479685775,False,False,False,False,False
N18_VWMA_MACD,30m,16,472,32546,0.0005447331652411555,0.0029356983831170212,2.0421967298940875,1.4276734190744929,0.02056601036929385,0.07669294020401285,True,False,False,False,False
N18_VWMA_MACD,30m,16,473,32546,-0.0003327996134398017,0.0029356983831170212,-1.2949229178853479,0.4487960400345916,0.902326589166764,0.3267893978164581,False,False,False,False,False
N18_VWMA_MACD,30m,16,474,32546,0.00026035521792430483,0.0029356983831170212,0.9392465719889468,1.3376386104369218,0.17380208141958253,0.09050713586895048,True,False,False,False,False
N18_VWMA_MACD,30m,16,475,32546,-0.0001314355155746276,0.0029356983831170212,-0.45652481968896563,-0.3033868984735797,0.6759936863753274,0.6192024855139001,False,False,False,False,False
N18_VWMA_MACD,30m,16,476,32546,0.000255148770723352,0.0029356983831170212,0.9610312521337392,1.1757995118525288,0.16826822716382328,0.11983750075908456,True,False,False,False,False
N18_VWMA_MACD,30m,16,477,32546,0.0003134344764366264,0.0029356983831170212,1.3122214553243146,1.4240769512524691,0.09472271234017043,0.07721209883508083,True,False,False,False,False
N18_VWMA_MACD,30m,16,478,32546,0.00015391342913358564,0.0029356983831170212,0.5649265027726867,-0.020689484484056556,0.2860618781299409,0.5082533213039431,True,False,False,False,False
N18_VWMA_MACD,30m,16,479,32546,-0.00041299464371039995,0.0029356983831170212,-1.7137075066846748,-0.953744210575233,0.9567087712168971,0.8298934322856972,False,False,False,False,False
N18_VWMA_MACD,30m,16,480,32546,-8.16554643912513e-05,0.0029356983831170212,-0.23306001618934527,1.3569943827408422,0.5921425987693423,0.08739149768070881,True,False,False,False,False
N18_VWMA_MACD,30m,16,481,32546,-0.00024057899983452103,0.0029356983831170212,-0.8114283245766257,0.04454520611970877,0.7914401307015193,0.48223490922258205,False,False,False,False,False
N18_VWMA_MACD,30m,16,482,32546,-9.91595794303515e-05,0.0029356983831170212,-0.39792043246586345,0.3714609674982539,0.6546555809224652,0.35514711148810996,False,False,False,False,False
N18_VWMA_MACD,30m,16,483,32546,0.00010544784270967698,0.0029356983831170212,0.40322815203766854,-0.5460237945738025,0.34339019566446793,0.7074752094520665,True,False,False,False,False
N18_VWMA_MACD,30m,16,484,32546,-0.00023661393539126452,0.0029356983831170212,-0.9055277408356306,-1.1687463120846426,0.8174070648363789,0.8787470715590955,False,False,False,False,False
N18_VWMA_MACD,30m,16,485,32546,-0.00026821455193829023,0.0029356983831170212,-0.9455144465037665,-0.24123886412782491,0.8278018505183108,0.5953150045129416,False,False,False,False,False
N18_VWMA_MACD,30m,16,486,32546,-3.274742062681217e-05,0.0029356983831170212,-0.13254601378126918,-0.4201164012677596,0.552723784841443,0.6627997891505322,False,False,False,False,False
N18_VWMA_MACD,30m,16,487,32546,0.0005369815034285844,0.0029356983831170212,2.205811997492549,1.195143125339331,0.013698582956526336,0.11601555759455867,True,False,False,False,False
N18_VWMA_MACD,30m,16,488,32546,0.00017372490344859303,0.0029356983831170212,0.6957897680332686,0.21091163545518163,0.24328024898751377,0.4164781122867657,True,False,False,False,False
N18_VWMA_MACD,30m,16,489,32546,-0.00013627266249069533,0.0029356983831170212,-0.5065337788290644,0.7453445833607086,0.693759008573551,0.22803171780898995,False,False,False,False,False
N18_VWMA_MACD,30m,16,490,32546,3.474551353928947e-05,0.0029356983831170212,0.1115016182537181,0.1131165766691964,0.4556092912111148,0.45496906652986063,True,False,False,False,False
N18_VWMA_MACD,30m,16,491,32546,0.00020641942479623435,0.0029356983831170212,0.7485084142875698,0.40973771534822667,0.22707677583728136,0.34099918014459435,True,False,False,False,False
N18_VWMA_MACD,30m,16,492,32546,0.0001629976189973476,0.0029356983831170212,0.6568690666399835,-0.012115821544291656,0.25563255489411385,0.5048333952239903,True,False,False,False,False
N18_VWMA_MACD,30m,16,493,32546,0.00018343965978233183,0.0029356983831170212,0.6518187345600402,0.568253626805363,0.257259057206274,0.2849313812194716,True,False,False,False,False
N18_VWMA_MACD,30m,16,494,32546,0.00012438953287639568,0.0029356983831170212,0.46171329352473156,0.5189428344801073,0.32214346837545216,0.3019003030287666,True,False,False,False,False
N18_VWMA_MACD,30m,16,495,32546,-0.00032820832533647675,0.0029356983831170212,-1.1686456570553363,-0.6399802393980712,0.8787267874975142,0.7389072768405183,False,False,False,False,False
N18_VWMA_MACD,30m,16,496,32546,0.00041442920992575485,0.0029356983831170212,1.5968323003632465,1.7603757789332704,0.05515154691584029,0.03917205664999426,True,False,False,False,False
N18_VWMA_MACD,30m,16,497,32546,0.0003095960048568577,0.0029356983831170212,1.11948500345524,2.424131526293907,0.13146664256423135,0.007672523382844652,True,False,False,False,False
N18_VWMA_MACD,30m,16,498,32546,-0.0006321229324057219,0.0029356983831170212,-2.607980008089595,-2.359315579364728,0.995446086322746,0.9908456606995087,False,False,False,False,False
N18_VWMA_MACD,30m,16,499,32546,-0.00015288561678783268,0.0029356983831170212,-0.5662465010115265,-0.265003595207326,0.7143868885250166,0.6044966538848348,True,False,False,False,False
N03_ADX_GC,30m,4,0,337,0.00042070171076391614,0.0021320983913951366,0.6250525063382023,0.3277528646211873,0.2659682988006284,0.37154926446721354,True,False,False,False,False
N03_ADX_GC,30m,4,1,337,0.00041234674203241946,0.0021320983913951366,0.6442553581546052,-0.15039640133780838,0.25970492939439405,0.55977405985179,False,False,False,False,False
N03_ADX_GC,30m,4,2,337,0.0008702909123255134,0.0021320983913951366,1.2990036288146618,-0.2164168514305342,0.0969713419149077,0.5856685840206597,True,False,False,False,False
N03_ADX_GC,30m,4,3,337,0.000713830398575191,0.0021320983913951366,1.0369370301284702,0.7416852824285248,0.14988260241426032,0.22913901946649523,True,False,False,False,False
N03_ADX_GC,30m,4,4,337,0.0012559792754647469,0.0021320983913951366,1.834551290104643,-0.375885730176697,0.033286100795502295,0.6464990752149123,True,False,False,False,False
N03_ADX_GC,30m,4,5,337,-0.001921938471717046,0.0021320983913951366,-2.7787051435678247,-0.16664564597231224,0.9972711980051102,0.5661755622203978,False,False,False,False,False
N03_ADX_GC,30m,4,6,337,-0.0001526818950234247,0.0021320983913951366,-0.25890990643038386,0.15317388674300692,0.6021476227385705,0.43913057500077823,False,False,False,False,False
N03_ADX_GC,30m,4,7,337,0.0014609576693710193,0.0021320983913951366,2.2223536396619434,2.1620354436764084,0.01312970789232095,0.0153077221518302,True,False,False,False,False
N03_ADX_GC,30m,4,8,337,-0.0010076875659636947,0.0021320983913951366,-1.4694276783058038,0.03410170942137514,0.9291415877069706,0.4863980226791056,False,False,False,False,False
N03_ADX_GC,30m,4,9,337,1.3117192487038353e-05,0.0021320983913951366,0.040519595803010636,1.6032639066983336,0.4838394423390114,0.054438200760565346,True,False,False,False,False
N03_ADX_GC,30m,4,10,337,-0.0012320814973277156,0.0021320983913951366,-1.715666118432891,-0.28327410979402223,0.9568884152957863,0.6115166389021512,True,False,False,False,False
N03_ADX_GC,30m,4,11,337,0.0012224025399315743,0.0021320983913951366,1.812715587771315,0.7795336594754997,0.034937849519837826,0.2178327089071193,True,False,False,False,False
N03_ADX_GC,30m,4,12,337,-0.0006308436491407656,0.0021320983913951366,-0.9097864613745982,1.0454726169909092,0.8185324320553795,0.14790229499837076,False,False,False,False,False
N03_ADX_GC,30m,4,13,337,-0.0008850275610432082,0.0021320983913951366,-1.2536984456125415,-0.24360111034348295,0.8950241834320067,0.5962301158653562,False,False,False,False,False
N03_ADX_GC,30m,4,14,337,1.8328984102317965e-06,0.0021320983913951366,0.05223110540821352,-0.9504307474480801,0.4791722741103041,0.829053286590413,False,False,False,False,False
N03_ADX_GC,30m,4,15,337,-0.0005712477304823949,0.0021320983913951366,-0.8244826468285772,-1.4714626557545138,0.7951673140521461,0.9294169801618068,False,False,False,False,False
N03_ADX_GC,30m,4,16,337,0.0011775633272952065,0.0021320983913951366,1.7341955990878084,0.9179639742743139,0.0414416917842204,0.17931886343141695,True,False,False,False,False
N03_ADX_GC,30m,4,17,337,0.0015909029598247105,0.0021320983913951366,2.356737859549411,1.803363769110463,0.00921812813830508,0.03566555187237798,True,False,False,False,False
N03_ADX_GC,30m,4,18,337,-0.0004972791713837,0.0021320983913951366,-0.746781321531695,-0.6979587467112813,0.772402213882283,0.7573985032590678,False,False,False,False,False
N03_ADX_GC,30m,4,19,337,-0.0009120300404348055,0.0021320983913951366,-1.2298684726413123,0.6552970329576941,0.8906268190022395,0.2561382653698473,False,False,False,False,False
N03_ADX_GC,30m,4,20,337,0.0010107417262039447,0.0021320983913951366,1.5027252607402568,0.028270776053978805,0.0664549529535992,0.4887230943052764,True,False,False,False,False
N03_ADX_GC,30m,4,21,337,0.002077793597849555,0.0021320983913951366,3.021819223289712,1.8549807718551259,0.001256302769022457,0.031799486211388096,True,False,False,False,False
N03_ADX_GC,30m,4,22,337,-0.0008640942965062532,0.0021320983913951366,-1.2310703085625008,0.2047083792517025,0.8908517153541899,0.41889998667607586,False,False,False,False,False
N03_ADX_GC,30m,4,23,337,-0.0016058828416709347,0.0021320983913951366,-2.3919902606567556,-0.1275513792634765,0.9916213564798056,0.5507479947729869,False,False,False,False,False
N03_ADX_GC,30m,4,24,337,-0.001217702800950983,0.0021320983913951366,-1.7207314713290995,-0.21035845415338128,0.9573502186185893,0.5833060420365139,True,False,False,False,False
N03_ADX_GC,30m,4,25,337,-0.0006283569345590535,0.0021320983913951366,-0.8948982289216263,1.3619920480452137,0.8145792531963685,0.08660019734139268,True,False,False,False,False
N03_ADX_GC,30m,4,26,337,-0.0013455851143749887,0.0021320983913951366,-1.858752451318251,-0.6263468687318207,0.9684688824864739,0.7344562745855567,False,False,False,False,False
N03_ADX_GC,30m,4,27,337,-0.001512727033008464,0.0021320983913951366,-2.3132711040860983,-0.009272710741689833,0.9896461308183979,0.5036992233568949,False,False,False,False,False
N03_ADX_GC,30m,4,28,337,-9.042248031524784e-05,0.0021320983913951366,-0.11031559451580818,-0.6561172312388045,0.5439204549442475,0.7441256508349086,True,False,False,False,False
N03_ADX_GC,30m,4,29,337,0.001304037213039468,0.0021320983913951366,1.8991633088114275,0.9235202993730088,0.028771503644541955,0.17786806337695,True,False,False,False,False
N03_ADX_GC,30m,4,30,337,-0.0017612104024576438,0.0021320983913951366,-2.4222161302018965,-0.9164527877788821,0.992286913620956,0.8202852703887592,False,False,False,False,False
N03_ADX_GC,30m,4,31,337,0.0005301974097550032,0.0021320983913951366,0.781095260425516,-0.38428073541220875,0.2173732346470943,0.6496148075892758,True,False,False,False,False
N03_ADX_GC,30m,4,32,337,0.0008420470150309839,0.0021320983913951366,1.2580297029749066,0.14866151281570258,0.1041905071570644,0.44091036600916134,True,False,False,False,False
N03_ADX_GC,30m,4,33,337,0.0002287221415608521,0.0021320983913951366,0.3230726092563615,1.5189252248933185,0.37332012676109144,0.06439065939834823,True,False,False,False,False
N03_ADX_GC,30m,4,34,337,0.0008618239886735905,0.0021320983913951366,1.2412898437964808,0.305303474711938,0.10724934759575522,0.3800675148792054,True,False,False,False,False
N03_ADX_GC,30m,4,35,337,-4.534723502854911e-05,0.0021320983913951366,-0.0054661456114052055,1.1511362178709938,0.5021806657359545,0.12483810002266155,True,False,False,False,False
N03_ADX_GC,30m,4,36,337,0.001203774287785993,0.0021320983913951366,1.7266043640112956,0.9229324660996409,0.04211937082762127,0.17802120013211487,True,False,False,False,False
N03_ADX_GC,30m,4,37,337,-0.0006140888622387242,0.0021320983913951366,-0.9747221147019273,0.509264534862319,0.8351509399258856,0.30528340666142917,False,False,False,False,False
N03_ADX_GC,30m,4,38,337,0.0005055811156887545,0.0021320983913951366,0.7401208173652399,-0.8646219907844716,0.22961334410947914,0.8063768507454757,True,False,False,False,False
N03_ADX_GC,30m,4,39,337,0.001172126810681544,0.0021320983913951366,1.608374135787828,-0.38169362428732545,0.05387663137753341,0.6486556851168194,True,False,False,False,False
N03_ADX_GC,30m,4,40,337,-0.00015812829610638822,0.0021320983913951366,-0.19786513404286651,0.8812591202988486,0.5784247080892456,0.1890887934181591,False,False,False,False,False
N03_ADX_GC,30m,4,41,337,-0.0004670029361896905,0.0021320983913951366,-0.6968589379478664,1.1849903409075,0.7570544613473086,0.11801063297851389,True,False,False,False,False
N03_ADX_GC,30m,4,42,337,-0.002258948375754598,0.0021320983913951366,-3.2747468361304435,-2.0414501819443873,0.9994712164879628,0.9793969495764188,False,False,False,False,False
N03_ADX_GC,30m,4,43,337,0.00036297715906060914,0.0021320983913951366,0.524147400032322,-0.24125102756512118,0.30008801124781176,0.5953197178511864,False,False,False,False,False
N03_ADX_GC,30m,4,44,337,0.0015835309127314678,0.0021320983913951366,2.3214717761658368,0.49486472835229806,0.010130697821419251,0.3103478049229538,True,False,False,False,False
N03_ADX_GC,30m,4,45,337,0.0004479539258319666,0.0021320983913951366,0.6921524690336345,-0.01448267236169976,0.24442079213885437,0.5057775483662353,False,False,False,False,False
N03_ADX_GC,30m,4,46,337,0.0005073398176772871,0.0021320983913951366,0.6496353553506302,-0.013912530464694251,0.2579638949040864,0.5055501175837526,False,False,False,False,False
N03_ADX_GC,30m,4,47,337,-0.001267745475138655,0.0021320983913951366,-1.7062815641280737,-1.9358624783095004,0.9560221655521463,0.9735577268346245,False,False,False,False,False
N03_ADX_GC,30m,4,48,337,-0.0008489517102066218,0.0021320983913951366,-1.2974488590443567,-0.9443418067457479,0.9027616046949245,0.8275024956954844,False,False,False,False,False
N03_ADX_GC,30m,4,49,337,0.000458521766660281,0.0021320983913951366,0.6220718559227633,1.4496719019228252,0.2669473100758886,0.07357501739316914,True,False,False,False,False
N03_ADX_GC,30m,4,50,337,-0.0005069507565481555,0.0021320983913951366,-0.7479928681581953,0.7524824372978066,0.7727677703388274,0.22588049382777592,True,False,False,False,False
N03_ADX_GC,30m,4,51,337,-0.0020025299172145876,0.0021320983913951366,-2.793847930943102,-0.44876831731012723,0.997395751740214,0.6732006019224738,False,False,False,False,False
N03_ADX_GC,30m,4,52,337,-0.000424786828156091,0.0021320983913951366,-0.6541223919451127,-0.15901476361313954,0.7434835218722591,0.563171378925213,False,False,False,False,False
N03_ADX_GC,30m,4,53,337,0.0006553017214549001,0.0021320983913951366,0.911476002811134,-0.08137543286719674,0.18102231200688035,0.5324283069824709,True,False,False,False,False
N03_ADX_GC,30m,4,54,337,-0.00029201507540504973,0.0021320983913951366,-0.42940040491612536,0.4405319615638757,0.6661840704150244,0.3297759343747083,True,False,False,False,False
N03_ADX_GC,30m,4,55,337,-0.0028650682505886437,0.0021320983913951366,-3.906538170294443,-3.032557960369654,0.9999531860705483,0.9987875473783385,False,False,False,False,False
N03_ADX_GC,30m,4,56,337,0.00015565966283595382,0.0021320983913951366,0.1984921538886136,-0.6060287821111385,0.4213300114593129,0.7277521795796013,False,False,False,False,False
N03_ADX_GC,30m,4,57,337,-0.0009551990926078064,0.0021320983913951366,-1.331386657442475,-0.05168305341500073,0.9084690913099627,0.5206093796963973,False,False,False,False,False
N03_ADX_GC,30m,4,58,337,0.0018189845007790272,0.0021320983913951366,2.569615537844502,0.7968867108295307,0.005090571769010316,0.212758414772943,True,False,False,False,False
N03_ADX_GC,30m,4,59,337,0.0007628230961226585,0.0021320983913951366,1.008047437029102,-0.07480942804355363,0.15671584484098355,0.529816829826786,True,False,False,False,False
N03_ADX_GC,30m,4,60,337,-0.0019702234990482894,0.0021320983913951366,-2.753919498906315,-1.2354225091694868,0.9970556874840445,0.8916633500916498,False,False,False,False,False
N03_ADX_GC,30m,4,61,337,-0.0009617720680968124,0.0021320983913951366,-1.282460519565184,-0.18328522423993232,0.9001594270184379,0.5727128863180853,True,False,False,False,False
N03_ADX_GC,30m,4,62,337,-0.0009067671565460381,0.0021320983913951366,-1.2732895360961163,0.20516128435676667,0.898542340765268,0.4187230583101436,False,False,False,False,False
N03_ADX_GC,30m,4,63,337,-0.00037896850202974794,0.0021320983913951366,-0.4539161128197931,0.7427005078822151,0.6750553970687244,0.22883151110172856,False,False,False,False,False
N03_ADX_GC,30m,4,64,337,-0.000363737132870382,0.0021320983913951366,-0.619800491592115,0.6111991516551848,0.732305427501531,0.27053387247463534,True,False,False,False,False
N03_ADX_GC,30m,4,65,337,-0.0007792322107539335,0.0021320983913951366,-1.1260625426571886,0.018966946212744678,0.8699304762941213,0.49243373688263825,False,False,False,False,False
N03_ADX_GC,30m,4,66,337,-0.00037008072686870597,0.0021320983913951366,-0.48653360443754384,0.7886933531649833,0.6867055572343947,0.21514562686261768,True,False,False,False,False
N03_ADX_GC,30m,4,67,337,0.0009942410402880198,0.0021320983913951366,1.4492250292257005,1.543326687588539,0.07363737494650605,0.06137576577206129,True,False,False,False,False
N03_ADX_GC,30m,4,68,337,0.0020384661636900256,0.0021320983913951366,2.924232846261671,1.7598974193224795,0.0017265317078499006,0.03921260048912952,True,False,False,False,False
N03_ADX_GC,30m,4,69,337,0.0010917911330393139,0.0021320983913951366,1.5467677558713107,0.6375376968669658,0.06095962901799551,0.2618873317120275,True,False,False,False,False
N03_ADX_GC,30m,4,70,337,0.0008035508791189524,0.0021320983913951366,1.1718024974736367,0.07551755253327978,0.12063817988515951,0.46990146625553275,False,False,False,False,False
N03_ADX_GC,30m,4,71,337,0.0007794009899425752,0.0021320983913951366,1.1368750413164188,-0.7950774958458411,0.1277952636110975,0.7867157878194442,True,False,False,False,False
N03_ADX_GC,30m,4,72,337,0.0007638370083601347,0.0021320983913951366,1.1620668436778216,-0.0624448761882587,0.12260415709312422,0.5248957206819715,True,False,False,False,False
N03_ADX_GC,30m,4,73,337,0.0019438872145059634,0.0021320983913951366,2.7898879896999302,1.6511185965527129,0.0026363139628579574,0.049357180367332575,True,False,False,False,False
N03_ADX_GC,30m,4,74,337,9.857945913421043e-05,0.0021320983913951366,0.14154041465245504,0.556840871845162,0.44372151755859635,0.2888180779967627,False,False,False,False,False
N03_ADX_GC,30m,4,75,337,-0.0012977762491290972,0.0021320983913951366,-1.886708002009458,-1.8507025895813372,0.9704001946001696,0.9678938243388444,False,False,False,False,False
N03_ADX_GC,30m,4,76,337,5.671252489009691e-05,0.0021320983913951366,0.14395321049644738,0.643828786639075,0.4427687086592029,0.25984323232100215,True,False,False,False,False
N03_ADX_GC,30m,4,77,337,-0.00024336963240068627,0.0021320983913951366,-0.3356834181037279,0.4435391084936917,0.6314451942941762,0.32868791906264694,True,False,False,False,False
N03_ADX_GC,30m,4,78,337,0.00028608193566673895,0.0021320983913951366,0.5568618303746433,1.4658496703591444,0.28881091759958033,0.0713446229245449,True,False,False,False,False
N03_ADX_GC,30m,4,79,337,0.00017342526965302465,0.0021320983913951366,0.16745000690338877,0.8405667779975063,0.43350799037799304,0.20029533838312397,True,False,False,False,False
N03_ADX_GC,30m,4,80,337,-0.00024468959779665184,0.0021320983913951366,-0.37597579392334946,1.070893611446703,0.6465325541759671,0.14210863436771243,True,False,False,False,False
N03_ADX_GC,30m,4,81,337,0.0012642822051718845,0.0021320983913951366,1.8698558342950191,1.0837793135264202,0.030751920181144504,0.1392313296838557,True,False,False,False,False
N03_ADX_GC,30m,4,82,337,-0.0009773732064439242,0.0021320983913951366,-1.5221188079219068,0.06437300128618154,0.9360103429145242,0.47433661363974183,False,False,False,False,False
N03_ADX_GC,30m,4,83,337,0.0008548120552381137,0.0021320983913951366,1.1534448039920853,1.8384856834644112,0.12436393027447418,0.03299543477715894,True,False,False,False,False
N03_ADX_GC,30m,4,84,337,-0.0010111858320713465,0.0021320983913951366,-1.461165888931912,-0.48167640354513724,0.9280150391407835,0.6849820794610884,False,False,False,False,False
N03_ADX_GC,30m,4,85,337,-0.0005676327100832238,0.0021320983913951366,-0.9202675725548829,0.3105070912394406,0.8212835248235482,0.3780876838866077,False,False,False,False,False
N03_ADX_GC,30m,4,86,337,0.0010475917578088106,0.0021320983913951366,1.4914997600550273,0.321036312970908,0.06791516708034717,0.37409143621839236,True,False,False,False,False
N03_ADX_GC,30m,4,87,337,0.001007106631196125,0.0021320983913951366,1.508302104355777,0.35854659067840705,0.06573861244901454,0.359967153947383,True,False,False,False,False
N03_ADX_GC,30m,4,88,337,-0.0002403580000131145,0.0021320983913951366,-0.33335976234159814,1.542470172543364,0.6305686336387458,0.06147969036931058,True,False,False,False,False
N03_ADX_GC,30m,4,89,337,-0.0009838056927766404,0.0021320983913951366,-1.452396899297157,-0.7253640347932568,0.9268043610116214,0.765885634503229,False,False,False,False,False
N03_ADX_GC,30m,4,90,337,-0.0008807780168503981,0.0021320983913951366,-1.2582136938233057,-1.3322324625550588,0.8958427580621475,0.9086080938362229,False,False,False,False,False
N03_ADX_GC,30m,4,91,337,-0.0017805801980239177,0.0021320983913951366,-2.7492308093810887,-2.0407859635327488,0.9970132346796124,0.9793639468208473,False,False,False,False,False
N03_ADX_GC,30m,4,92,337,-0.000521530616149636,0.0021320983913951366,-0.8248108767118205,0.46163425521377643,0.7952605146886352,0.32217181258649596,True,False,False,False,False
N03_ADX_GC,30m,4,93,337,-0.000587532567576419,0.0021320983913951366,-0.8360495048744393,0.33345140483848634,0.7984364731673083,0.3693967828529849,False,False,False,False,False
N03_ADX_GC,30m,4,94,337,-0.0003877976888496308,0.0021320983913951366,-0.5661334368638572,-0.4351096352744303,0.7143484626422814,0.668258575034161,False,False,False,False,False
N03_ADX_GC,30m,4,95,337,-0.0002581429936735557,0.0021320983913951366,-0.3982514839817128,1.557857242665148,0.6547775904636562,0.0596335464397123,True,False,False,False,False
N03_ADX_GC,30m,4,96,337,0.0006269479644771019,0.0021320983913951366,0.8970021914662923,-0.14322598411535306,0.18485887382225114,0.5569441454896498,False,False,False,False,False
N03_ADX_GC,30m,4,97,337,0.0001149730057312054,0.0021320983913951366,0.23462322381143413,-0.9646338385953195,0.4072505913223351,0.832635877832625,True,False,False,False,False
N03_ADX_GC,30m,4,98,337,0.0008521745940226125,0.0021320983913951366,1.11829775907831,-0.2793615262774525,0.1317199218487482,0.6100163031410667,True,False,False,False,False
N03_ADX_GC,30m,4,99,337,0.00029047118890258123,0.0021320983913951366,0.3938153736461459,0.035021918592686455,0.3468586766201386,0.48603113154146016,False,False,False,False,False
N03_ADX_GC,30m,4,100,337,0.0002988694596096914,0.0021320983913951366,0.4360510782730435,0.3069286799720364,0.33139983533171935,0.3794488292707379,True,False,False,False,False
N03_ADX_GC,30m,4,101,337,0.0010152343404503058,0.0021320983913951366,1.488501875873258,-0.6037059565434346,0.0683092939063881,0.7269804233790843,False,False,False,False,False
N03_ADX_GC,30m,4,102,337,0.00016599302294845961,0.0021320983913951366,0.23061188327837764,1.2193218032666266,0.40880816745605403,0.11136103818341808,True,False,False,False,False
N03_ADX_GC,30m,4,103,337,6.522664199421512e-05,0.0021320983913951366,0.16754502818648676,0.7043971420539781,0.4334706104208182,0.24059274265405262,True,False,False,False,False
N03_ADX_GC,30m,4,104,337,0.0018007215350372206,0.0021320983913951366,2.6155686812215686,0.6016651275227548,0.004453950203325001,0.2736985336309955,True,False,False,False,False
N03_ADX_GC,30m,4,105,337,0.0002775137620573125,0.0021320983913951366,0.33920526103428056,0.9016553025581856,0.367227553120846,0.18362000187625271,True,False,False,False,False
N03_ADX_GC,30m,4,106,337,-0.0011917217448146195,0.0021320983913951366,-1.6287729326999532,-0.2474944901001309,0.9483194516487372,0.5977372224215476,False,False,False,False,False
N03_ADX_GC,30m,4,107,337,-0.0012760690522309749,0.0021320983913951366,-1.7757988420571302,-0.8618608703524602,0.9621169606755143,0.8056179580948718,False,False,False,False,False
N03_ADX_GC,30m,4,108,337,0.0012582553347147071,0.0021320983913951366,1.8074825532306227,-1.5884537129566452,0.035343536285497835,0.9439081100865158,True,False,False,False,False
N03_ADX_GC,30m,4,109,337,-0.0014640338381226644,0.0021320983913951366,-2.1395345904306473,-0.7617923421591294,0.9838038011979358,0.7769080242071597,False,False,False,False,False
N03_ADX_GC,30m,4,110,337,0.00015972478320561468,0.0021320983913951366,0.193743767172283,-1.2530070202959138,0.4231882599231139,0.8948984240914687,False,False,False,False,False
N03_ADX_GC,30m,4,111,337,4.807367163371298e-05,0.0021320983913951366,0.1134522593586985,0.6446035281695897,0.45483600507079097,0.25959207395305905,True,False,False,False,False
N03_ADX_GC,30m,4,112,337,0.0008119404215636576,0.0021320983913951366,1.0587569218087294,-0.015478019552492263,0.14485524850500092,0.5061745898752394,True,False,False,False,False
N03_ADX_GC,30m,4,113,337,0.0007552221069018849,0.0021320983913951366,1.1391971693589227,-0.0660279657477181,0.12731046297418752,0.5263222197079238,False,False,False,False,False
N03_ADX_GC,30m,4,114,337,-0.0008124260864966121,0.0021320983913951366,-1.110828004184189,1.0837499705857256,0.8666788050389862,0.1392378364368707,False,False,False,False,False
N03_ADX_GC,30m,4,115,337,0.0008882769697549775,0.0021320983913951366,1.2518620031448806,0.22042726797139217,0.10531007616884108,0.41276920542227435,True,False,False,False,False
N03_ADX_GC,30m,4,116,337,0.0012704298894536971,0.0021320983913951366,1.9270391740329873,0.5883721672690172,0.02698737405183111,0.27814125765122993,True,False,False,False,False
N03_ADX_GC,30m,4,117,337,-0.001660494810298652,0.0021320983913951366,-2.483592659163659,0.07786653746868641,0.9934967754088575,0.46896710889802573,False,False,False,False,False
N03_ADX_GC,30m,4,118,337,0.0006077425661022556,0.0021320983913951366,0.9042650781006392,0.9034313725004458,0.18292742976854892,0.1831484979123486,True,False,False,False,False
N03_ADX_GC,30m,4,119,337,0.00013271793971384875,0.0021320983913951366,0.18851508898029068,0.42870966809766303,0.4252364441353623,0.3340672619481001,False,False,False,False,False
N03_ADX_GC,30m,4,120,337,-0.0011256241347226614,0.0021320983913951366,-1.553360507673111,0.08454491894647201,0.939831483901924,0.4663115952510987,True,False,False,False,False
N03_ADX_GC,30m,4,121,337,0.0002941994515021895,0.0021320983913951366,0.4179249027438564,-0.5575601301765752,0.33800101226425683,0.7114276059249293,False,False,False,False,False
N03_ADX_GC,30m,4,122,337,0.0012032028754640801,0.0021320983913951366,1.7536199091927598,-0.4647482275953229,0.03974782863384361,0.6789441164679307,True,False,False,False,False
N03_ADX_GC,30m,4,123,337,0.0005561814094476088,0.0021320983913951366,0.7150805033223105,-0.4581876969302889,0.23727965023757225,0.6765912009409003,True,False,False,False,False
N03_ADX_GC,30m,4,124,337,-0.0019275448135297956,0.0021320983913951366,-2.771200821272357,-1.0593143589433862,0.9972075015060635,0.8552716811402561,False,False,False,False,False
N03_ADX_GC,30m,4,125,337,0.0005976262731558424,0.0021320983913951366,0.8699514810602483,-1.1028464839129848,0.19216345991358386,0.8649530811204964,True,False,False,False,False
N03_ADX_GC,30m,4,126,337,0.0008303721977408823,0.0021320983913951366,1.1343238525225736,0.24981135331959986,0.12832936368012626,0.4013666196933944,True,False,False,False,False
N03_ADX_GC,30m,4,127,337,-0.000909171916439517,0.0021320983913951366,-1.2554166845852612,0.5508608373564715,0.8953362321701364,0.29086453781944005,False,False,False,False,False
N03_ADX_GC,30m,4,128,337,0.0019778751277345417,0.0021320983913951366,2.9300541649417915,1.2480597450882487,0.0016945146219673544,0.10600458932601275,True,False,False,False,False
N03_ADX_GC,30m,4,129,337,0.0009265003435532497,0.0021320983913951366,1.2955502409504087,-0.7898685940471396,0.09756524081385753,0.7851977428098544,False,False,False,False,False
N03_ADX_GC,30m,4,130,337,0.000943938031352617,0.0021320983913951366,1.300442200903461,1.0864443873682215,0.09672472701897944,0.13864121629700749,True,False,False,False,False
N03_ADX_GC,30m,4,131,337,0.0012966668831951571,0.0021320983913951366,1.927604207079525,0.4631030356058289,0.026952187594546373,0.32164525711545094,True,False,False,False,False
N03_ADX_GC,30m,4,132,337,0.0009299924609386725,0.0021320983913951366,1.2740434511407839,0.8285045821153121,0.10132400875903486,0.2036924005190437,True,False,False,False,False
N03_ADX_GC,30m,4,133,337,0.0010070261273922698,0.0021320983913951366,1.437393415579087,0.8962308986179204,0.07530311932941151,0.1850647281924972,False,False,False,False,False
N03_ADX_GC,30m,4,134,337,-0.000301393757992265,0.0021320983913951366,-0.4293694732781162,0.7951621859001343,0.6661728171839089,0.2132595825094653,True,False,False,False,False
N03_ADX_GC,30m,4,135,337,2.0266844715993566e-05,0.0021320983913951366,0.06030026110872406,0.2634990849097436,0.47595824699572686,0.3960829643866632,True,False,False,False,False
N03_ADX_GC,30m,4,136,337,-0.0007187187792772618,0.0021320983913951366,-1.0617253856021291,-0.11442555599755697,0.8558198142905964,0.5455497718575559,False,False,False,False,False
N03_ADX_GC,30m,4,137,337,0.0011289437088006587,0.0021320983913951366,1.6235320192272402,0.6349619993091272,0.052237862175582385,0.26272659967592493,True,False,False,False,False
N03_ADX_GC,30m,4,138,337,0.0009000241437699882,0.0021320983913951366,1.2272374086912639,-0.4856402187813757,0.10986668651410281,0.6863888621120146,True,False,False,False,False
N03_ADX_GC,30m,4,139,337,0.0012853361343056235,0.0021320983913951366,1.8721148485154897,-0.7349142378076665,0.030595358081189555,0.7688041366627495,True,False,False,False,False
N03_ADX_GC,30m,4,140,337,2.4391989259174215e-06,0.0021320983913951366,0.05438332703240569,2.404332340941923,0.4783148811480499,0.008101018133953348,True,False,False,False,False
N03_ADX_GC,30m,4,141,337,-0.0009995285930897153,0.0021320983913951366,-1.3918469878423156,-0.339871856478625,0.9180156311381952,0.6330234841871843,False,False,False,False,False
N03_ADX_GC,30m,4,142,337,0.0006219641369847754,0.0021320983913951366,0.8958340875211289,1.0308463903231033,0.18517069063251956,0.15130642992230092,True,False,False,False,False
N03_ADX_GC,30m,4,143,337,-0.00046543741080715335,0.0021320983913951366,-0.6695813547860302,1.1199102601843829,0.7484376484151674,0.13137600278958428,True,False,False,False,False
N03_ADX_GC,30m,4,144,337,-0.00029449078027122963,0.0021320983913951366,-0.5078080999993083,-0.36729575113817003,0.6942060356363513,0.6433007884728141,True,False,False,False,False
N03_ADX_GC,30m,4,145,337,0.0015719559007122844,0.0021320983913951366,2.0553857796022856,0.009504550768039464,0.01992087895695602,0.4962082899307866,True,False,False,False,False
N03_ADX_GC,30m,4,146,337,0.0008353043924507379,0.0021320983913951366,1.2068913249000486,0.7787625486223512,0.11373699951050603,0.21805980147324933,False,False,False,False,False
N03_ADX_GC,30m,4,147,337,-0.0006944286929434607,0.0021320983913951366,-1.0104707525172454,0.22548546077286058,0.8438650974524505,0.4108008173917593,False,False,False,False,False
N03_ADX_GC,30m,4,148,337,0.000518913774125637,0.0021320983913951366,0.7454307584513519,0.6058866784849701,0.2280056776156787,0.272295003041794,False,False,False,False,False
N03_ADX_GC,30m,4,149,337,0.001769161405411316,0.0021320983913951366,2.606616496613426,0.449750498465186,0.0045720856136272185,0.3264451773673649,True,False,False,False,False
N03_ADX_GC,30m,4,150,337,-0.0001883392925584013,0.0021320983913951366,-0.25502570100728267,-0.17571020239146892,0.6006483755734382,0.5697391901678807,False,False,False,False,False
N03_ADX_GC,30m,4,151,337,1.1361281846952673e-05,0.0021320983913951366,-0.018703464857910895,0.02312937525147249,0.5074611679088277,0.49077353694399817,True,False,False,False,False
N03_ADX_GC,30m,4,152,337,0.001346807370032047,0.0021320983913951366,1.8076625033820308,1.2684912133594748,0.03532952193103336,0.10231129328604993,True,False,False,False,False
N03_ADX_GC,30m,4,153,337,0.001036831793484906,0.0021320983913951366,1.5100324386822948,0.6331820869784223,0.06551757356747556,0.26330737100605894,True,False,False,False,False
N03_ADX_GC,30m,4,154,337,-0.0013001156089769831,0.0021320983913951366,-1.8568035639038494,-0.48817228707751126,0.9683304467496406,0.6872860938437302,False,False,False,False,False
N03_ADX_GC,30m,4,155,337,-0.0012788154367061857,0.0021320983913951366,-1.806651743381811,-0.5662260086458691,0.9645917018681397,0.7143799241899944,False,False,False,False,False
N03_ADX_GC,30m,4,156,337,0.0009583857302558618,0.0021320983913951366,1.389048477376095,0.2877724411821387,0.08240900467908946,0.38676046707664963,True,False,False,False,False
N03_ADX_GC,30m,4,157,337,0.000358280956775945,0.0021320983913951366,0.45349420715995076,1.3022896026460247,0.3250964568517106,0.09640870230235932,True,False,False,False,False
N03_ADX_GC,30m,4,158,337,-0.0010944669521719373,0.0021320983913951366,-1.4804418760665763,0.6782287905547757,0.9306223192563648,0.24881332033550335,False,False,False,False,False
N03_ADX_GC,30m,4,159,337,-0.0004828286198313247,0.0021320983913951366,-0.675425804881076,-0.6386188243629626,0.7502973623250997,0.7384645338786163,False,False,False,False,False
N03_ADX_GC,30m,4,160,337,-0.0017954595973436386,0.0021320983913951366,-2.723334177602573,-1.0103943713733756,0.9967686675138933,0.8438468082593693,False,False,False,False,False
N03_ADX_GC,30m,4,161,337,-0.0021695402556997116,0.0021320983913951366,-3.0972301084034126,-1.649361988519378,0.9990233091031199,0.9504632514198377,False,False,False,False,False
N03_ADX_GC,30m,4,162,337,-0.0002528316069415299,0.0021320983913951366,-0.34737488158996715,1.4608219120493133,0.6358451492983519,0.07203216040820042,True,False,False,False,False
N03_ADX_GC,30m,4,163,337,-0.0008504447050428699,0.0021320983913951366,-1.2065328451098574,-0.3901211337399884,0.8861939487047674,0.6517765119751378,False,False,False,False,False
N03_ADX_GC,30m,4,164,337,0.00018392860163436928,0.0021320983913951366,0.3091885586692443,-1.6228234472693457,0.37858904833170054,0.9476864240471732,False,False,False,False,False
N03_ADX_GC,30m,4,165,337,0.0003764188481493839,0.0021320983913951366,0.5218179593891857,1.5645811404165249,0.30089854202319477,0.05884057692300685,True,False,False,False,False
N03_ADX_GC,30m,4,166,337,0.0006482688017982838,0.0021320983913951366,0.8721080976261754,0.9393955651042031,0.19157470449961406,0.17376384457646477,True,False,False,False,False
N03_ADX_GC,30m,4,167,337,-0.00011834103035770239,0.0021320983913951366,-0.17595158616421566,0.56488060436535,0.5698340112052409,0.2860774884755144,True,False,False,False,False
N03_ADX_GC,30m,4,168,337,0.002050061624835619,0.0021320983913951366,2.9318424459264047,0.486874220569255,0.001684788224406258,0.31317373442307433,True,False,False,False,False
N03_ADX_GC,30m,4,169,337,0.00026841524186398146,0.0021320983913951366,0.41842527631180104,-0.10145201709689779,0.33781810464532835,0.5404041771163164,True,False,False,False,False
N03_ADX_GC,30m,4,170,337,-0.0011808230825213542,0.0021320983913951366,-1.8034898755830062,-1.1059480878709842,0.9643443429723485,0.8656255054169321,False,False,False,False,False
N03_ADX_GC,30m,4,171,337,0.0009057011487141604,0.0021320983913951366,1.2079072290259407,0.24062049840230754,0.11354147431685879,0.40492463073509166,True,False,False,False,False
N03_ADX_GC,30m,4,172,337,0.0014056368399661043,0.0021320983913951366,2.0991543671485546,0.9932673711129091,0.01790164757668949,0.16028983703949456,True,False,False,False,False
N03_ADX_GC,30m,4,173,337,-0.001005539257712743,0.0021320983913951366,-1.3855161964622305,-0.8317425646646928,0.9170526582451828,0.7972228652694594,False,False,False,False,False
N03_ADX_GC,30m,4,174,337,-0.0002875645121252933,0.0021320983913951366,-0.524215693619929,-0.8002987965312311,0.6999357366543397,0.7882311499018406,False,False,False,False,False
N03_ADX_GC,30m,4,175,337,0.0005886913474485984,0.0021320983913951366,0.7866121635249617,0.5535511380608351,0.21575446832902784,0.2899430368924115,True,False,False,False,False
N03_ADX_GC,30m,4,176,337,-0.0007805326514512598,0.0021320983913951366,-1.114725916885865,-0.3092803094420883,0.867516054292295,0.6214458460002995,False,False,False,False,False
N03_ADX_GC,30m,4,177,337,0.001035695183298515,0.0021320983913951366,1.5004410076128238,0.2430828077350373,0.06675010191304606,0.4039706246407586,True,False,False,False,False
N03_ADX_GC,30m,4,178,337,-0.0006604289664486912,0.0021320983913951366,-0.890983953675862,-0.4511151432361996,0.813531110611351,0.6740467179747716,True,False,False,False,False
N03_ADX_GC,30m,4,179,337,5.4430549556616474e-05,0.0021320983913951366,0.12900487232722935,0.8138988673606466,0.4486768967438769,0.20785144480830364,True,False,False,False,False
N03_ADX_GC,30m,4,180,337,0.00029437261803351477,0.0021320983913951366,0.3781489450975651,-0.9840315193212552,0.35265997507531555,0.8374499921996057,False,False,False,False,False
N03_ADX_GC,30m,4,181,337,0.00013438190012671444,0.0021320983913951366,0.2100575510039826,0.6943324852599916,0.4168113778414347,0.2437368615754908,True,False,False,False,False
N03_ADX_GC,30m,4,182,337,0.0005952828467638598,0.0021320983913951366,0.8870667321856158,-0.9119883803279515,0.18752148687042597,0.8191125828127943,True,False,False,False,False
N03_ADX_GC,30m,4,183,337,4.922771672774032e-05,0.0021320983913951366,0.056319716631303,-1.3358874979712116,0.47754355608092747,0.9092069760539432,True,False,False,False,False
N03_ADX_GC,30m,4,184,337,0.0004795817141696853,0.0021320983913951366,0.7485779077283259,1.0929672454307284,0.22705582590518225,0.13720409063748296,True,False,False,False,False
N03_ADX_GC,30m,4,185,337,-0.0003765169556682722,0.0021320983913951366,-0.5658430752653337,1.2924030913259648,0.7142497693336495,0.09810879335834966,False,False,False,False,False
N03_ADX_GC,30m,4,186,337,-0.0021224119195772996,0.0021320983913951366,-3.244721541979494,-0.9247175287999304,0.9994121723683442,0.8224435704695889,False,False,False,False,False
N03_ADX_GC,30m,4,187,337,0.0011797034870376123,0.0021320983913951366,1.7836015970630157,0.03735042467733589,0.0372442129613394,0.4851028002193461,True,False,False,False,False
N03_ADX_GC,30m,4,188,337,0.0012643908801861902,0.0021320983913951366,1.9143382543232093,1.4667534969222151,0.027788474754387407,0.07122156208964035,True,False,False,False,False
N03_ADX_GC,30m,4,189,337,0.0008402062226986937,0.0021320983913951366,1.2945208319447998,0.6375225319880532,0.09774278918973672,0.26189226902524343,True,False,False,False,False
N03_ADX_GC,30m,4,190,337,-0.00038999147803188313,0.0021320983913951366,-0.5457850038078161,0.6619537943938677,0.7073931336388977,0.2540004171914608,False,False,False,False,False
N03_ADX_GC,30m,4,191,337,0.0013131519657922737,0.0021320983913951366,1.9427281374032608,0.6588382098777421,0.026024507333321945,0.2549998339407952,True,False,False,False,False
N03_ADX_GC,30m,4,192,337,-0.001479048086727615,0.0021320983913951366,-2.1182323378009804,-0.6257084157229945,0.9829223021246423,0.7342468938640899,False,False,False,False,False
N03_ADX_GC,30m,4,193,337,0.0004888788826122254,0.0021320983913951366,0.7074438235359365,-0.05776788903070539,0.2396453556742542,0.523033241855415,False,False,False,False,False
N03_ADX_GC,30m,4,194,337,0.0010380806741486345,0.0021320983913951366,1.4026654825127371,0.2702848923935812,0.08035830748658224,0.39347054355182187,True,False,False,False,False
N03_ADX_GC,30m,4,195,337,0.0013204609368442975,0.0021320983913951366,1.887877212228485,-0.039736621245865585,0.029521218211039892,0.5158484474049443,False,False,False,False,False
N03_ADX_GC,30m,4,196,337,0.0010220921355642222,0.0021320983913951366,1.4935153005792403,-0.6040844263166343,0.06765117608363681,0.7271062434618724,True,False,False,False,False
N03_ADX_GC,30m,4,197,337,0.0012252024470707772,0.0021320983913951366,1.84209731317031,1.627270926225356,0.032730458379632184,0.05183978493804849,True,False,False,False,False
N03_ADX_GC,30m,4,198,337,0.0007485357124822621,0.0021320983913951366,1.1262438870040241,-0.36006818590690276,0.1300311509153636,0.6406019283387847,False,False,False,False,False
N03_ADX_GC,30m,4,199,337,0.00019400262249432603,0.0021320983913951366,0.248395339746918,0.9461495966288566,0.4019142694811648,0.17203614504093356,True,False,False,False,False
N03_ADX_GC,30m,4,200,337,0.0015766360819515785,0.0021320983913951366,2.5050638626892088,1.1082054555639194,0.006121464272545887,0.13388654762802926,True,False,False,False,False
N03_ADX_GC,30m,4,201,337,0.0008690138319320236,0.0021320983913951366,1.2339609140992347,0.7966777616952341,0.1086087345864265,0.21281910127766646,False,False,False,False,False
N03_ADX_GC,30m,4,202,337,0.0016611351032241872,0.0021320983913951366,2.485848014622763,0.7890404919998995,0.006462157468810604,0.2150441702997667,True,False,False,False,False
N03_ADX_GC,30m,4,203,337,-0.0015747927257275035,0.0021320983913951366,-2.2054560400801946,-1.3026567357648062,0.9862889453460594,0.9036540106370317,False,False,False,False,False
N03_ADX_GC,30m,4,204,337,0.0011065926759818894,0.0021320983913951366,1.5351871255349687,1.2560398795350216,0.06236893492050168,0.10455075581856427,True,False,False,False,False
N03_ADX_GC,30m,4,205,337,-0.0016601723616809355,0.0021320983913951366,-2.4763495538388205,-0.7732540856044223,0.9933633223648023,0.780313988533599,False,False,False,False,False
N03_ADX_GC,30m,4,206,337,0.0003392190570574587,0.0021320983913951366,0.408288947847227,-1.3889785627503644,0.341530776204958,0.9175803655668813,True,False,False,False,False
N03_ADX_GC,30m,4,207,337,0.0012531048555993536,0.0021320983913951366,1.7667920094570564,0.8182106880693666,0.03863153370423552,0.20661844661236506,False,False,False,False,False
N03_ADX_GC,30m,4,208,337,0.0006241677016447172,0.0021320983913951366,0.8824083480369066,0.674084247517895,0.18877801146505718,0.25012887687134233,True,False,False,False,False
N03_ADX_GC,30m,4,209,337,-0.001065031420489957,0.0021320983913951366,-1.5649947936702453,0.04121291465274306,0.941207934963848,0.4835630790083638,False,False,False,False,False
N03_ADX_GC,30m,4,210,337,-4.5784655667073966e-05,0.0021320983913951366,-0.00553390804903623,1.0267586029233409,0.5022076986284639,0.15226707339458667,True,False,False,False,False
N03_ADX_GC,30m,4,211,337,-0.00016374366840049147,0.0021320983913951366,-0.23443526587919702,-1.3265954251413572,0.5926764584310799,0.9076787249945012,False,False,False,False,False
N03_ADX_GC,30m,4,212,337,0.0009796828491405115,0.0021320983913951366,1.3560065588966066,0.4437905167090902,0.08754854059757511,0.3285970226799639,True,False,False,False,False
N03_ADX_GC,30m,4,213,337,0.0007385392710692926,0.0021320983913951366,1.1277152622610835,-0.39840879368119875,0.1297200949646658,0.654835561556478,True,False,False,False,False
N03_ADX_GC,30m,4,214,337,0.00010677288288058593,0.0021320983913951366,0.08315578297974856,-0.37723845075519497,0.466863835493011,0.6470017960339408,True,False,False,False,False
N03_ADX_GC,30m,4,215,337,0.0016434632845680763,0.0021320983913951366,2.368633843921853,1.345147638637148,0.008926959549310158,0.08928878080088704,True,False,False,False,False
N03_ADX_GC,30m,4,216,337,3.6231305507950446e-05,0.0021320983913951366,-0.01607688754162803,-1.2220981501082147,0.506413473898599,0.8891647437004976,False,False,False,False,False
N03_ADX_GC,30m,4,217,337,0.000634097152753098,0.0021320983913951366,0.9069795359075331,1.2294719770781184,0.1822088095288576,0.10944744912533355,True,False,False,False,False
N03_ADX_GC,30m,4,218,337,-0.0005839549282852063,0.0021320983913951366,-0.7405522382292996,-1.78940346677197,0.7705175117584258,0.9632250692890254,False,False,False,False,False
N03_ADX_GC,30m,4,219,337,-0.0015875276664352154,0.0021320983913951366,-2.4123124300773933,-1.0672771241202526,0.992074154279228,0.8570766425617045,False,False,False,False,False
N03_ADX_GC,30m,4,220,337,-0.0025142979653608863,0.0021320983913951366,-3.5186341003946713,-2.3459675877962263,0.9997831127371591,0.9905111211424134,False,False,False,False,False
N03_ADX_GC,30m,4,221,337,-0.0013256768627843525,0.0021320983913951366,-2.0203226518933506,-0.5059587126046401,0.9783250346612495,0.6935571829584495,False,False,False,False,False
N03_ADX_GC,30m,4,222,337,0.0006529680070977713,0.0021320983913951366,0.9060830766879864,0.7622262479217824,0.18244594100990913,0.22296249147780056,True,False,False,False,False
N03_ADX_GC,30m,4,223,337,-0.0010706750307515993,0.0021320983913951366,-1.5130272702606602,-0.3940493678454296,0.9348636339801104,0.6532277042666983,True,False,False,False,False
N03_ADX_GC,30m,4,224,337,-0.0017015774201965877,0.0021320983913951366,-2.51695492955411,-1.146130141550496,0.9940813014713908,0.8741293461802639,False,False,False,False,False
N03_ADX_GC,30m,4,225,337,-0.001389340079807277,0.0021320983913951366,-2.07374231733173,-2.164413526931515,0.9809483755751777,0.9847836867012054,False,False,False,False,False
N03_ADX_GC,30m,4,226,337,0.000559490405048497,0.0021320983913951366,0.8005182039141122,-1.081214114843398,0.21170531040625035,0.8601990596078124,False,False,False,False,False
N03_ADX_GC,30m,4,227,337,0.000772077271411361,0.0021320983913951366,1.0774633103848428,0.6511363359067298,0.14063666668076297,0.2574792413006127,True,False,False,False,False
N03_ADX_GC,30m,4,228,337,-0.0009990558164364753,0.0021320983913951366,-1.449072137959205,-0.02338785742554106,0.9263412810111963,0.5093295546355324,False,False,False,False,False
N03_ADX_GC,30m,4,229,337,-0.0017992007620915799,0.0021320983913951366,-2.6076424174106023,-0.3798831441835744,0.9954415931638874,0.6479839199716951,False,False,False,False,False
N03_ADX_GC,30m,4,230,337,-0.0013373046883386032,0.0021320983913951366,-1.89945085539129,-0.9684955987685018,0.9712473888106041,0.8336015419895968,False,False,False,False,False
N03_ADX_GC,30m,4,231,337,0.0004582409580221886,0.0021320983913951366,0.7205189787887444,-0.25027672733568535,0.23560275935831582,0.598813323618116,True,False,False,False,False
N03_ADX_GC,30m,4,232,337,3.754764711477254e-05,0.0021320983913951366,0.05706999541823433,-0.3395539534960187,0.47724471882117975,0.6329037702207687,True,False,False,False,False
N03_ADX_GC,30m,4,233,337,0.00024663216623695085,0.0021320983913951366,0.31739795303364776,-0.03363932826851727,0.375470830112962,0.5134176197099709,False,False,False,False,False
N03_ADX_GC,30m,4,234,337,0.0021385864790042313,0.0021320983913951366,3.056422855534932,3.871511838295727,0.0011199755635082416,5.408120158785377e-05,True,False,True,False,False
N03_ADX_GC,30m,4,235,337,0.0019190494925439726,0.0021320983913951366,2.7543222320953187,2.0298967161214523,0.0029406915351819812,0.02118351948267009,True,False,False,False,False
N03_ADX_GC,30m,4,236,337,-7.419476136360378e-05,0.0021320983913951366,-0.11440765357167013,-1.0617145213190966,0.5455426764190393,0.8558173475012143,False,False,False,False,False
N03_ADX_GC,30m,4,237,337,-0.000546237054169111,0.0021320983913951366,-0.7742224678462479,0.12043322282480198,0.7806003780638209,0.4520699874567326,False,False,False,False,False
N03_ADX_GC,30m,4,238,337,0.0004828373479746241,0.0021320983913951366,0.6585729465814969,1.761706473030588,0.25508502000452404,0.039059451814261896,True,False,False,False,False
N03_ADX_GC,30m,4,239,337,-0.0005771187184678477,0.0021320983913951366,-0.8210733822096171,0.3056499620495659,0.7941977647054377,0.37993558774931824,True,False,False,False,False
N03_ADX_GC,30m,4,240,337,0.0014510975465618539,0.0021320983913951366,2.1998833395776125,1.5535765976439682,0.013907586525596751,0.060142722558663514,True,False,False,False,False
N03_ADX_GC,30m,4,241,337,0.0015573025426724714,0.0021320983913951366,2.1956587157310836,0.04728472499410733,0.014058190103917702,0.4811431510769725,True,False,False,False,False
N03_ADX_GC,30m,4,242,337,-0.00041887168003690447,0.0021320983913951366,-0.6320604664755697,-1.1421649829199825,0.7363263166414359,0.8733072758197296,False,False,False,False,False
N03_ADX_GC,30m,4,243,337,-0.001529467807161603,0.0021320983913951366,-2.189514148475767,-1.1231372170064522,0.9857202543295756,0.8693103890382696,False,False,False,False,False
N03_ADX_GC,30m,4,244,337,-0.0010547823065638535,0.0021320983913951366,-1.6011445060271579,-0.07030802261020674,0.9453275416718784,0.5280257514041445,True,False,False,False,False
N03_ADX_GC,30m,4,245,337,-0.002185058512490585,0.0021320983913951366,-3.2088701530151162,-1.747269141670309,0.9993337117107489,0.9597046684043298,False,False,False,False,False
N03_ADX_GC,30m,4,246,337,0.0003403978722568041,0.0021320983913951366,0.49813160808338847,-0.40118729492207117,0.30919564170453756,0.6558588829637823,True,False,False,False,False
N03_ADX_GC,30m,4,247,337,0.0020246392971994295,0.0021320983913951366,2.9033494740689236,2.034541231575875,0.0018459720045574726,0.02094852791495114,True,False,False,False,False
N03_ADX_GC,30m,4,248,337,0.0006233306762762639,0.0021320983913951366,0.9004865797866693,0.011697329928519018,0.18393068199283874,0.49533354694049037,False,False,False,False,False
N03_ADX_GC,30m,4,249,337,0.0012571163532321002,0.0021320983913951366,1.8881113893663695,0.5545601482295204,0.029505499087024798,0.289597776909176,True,False,False,False,False
N03_ADX_GC,30m,4,250,337,-0.0018138521973351937,0.0021320983913951366,-2.7194222147286315,-1.709415205281433,0.9967301962931349,0.9563129668223662,False,False,False,False,False
N03_ADX_GC,30m,4,251,337,-0.0005040663812669689,0.0021320983913951366,-0.7042820879066785,2.324302931003778,0.759371440541418,0.010054631920378627,False,False,False,False,False
N03_ADX_GC,30m,4,252,337,9.836769828836478e-05,0.0021320983913951366,0.10031664960234964,-0.2887864527472884,0.46004646984880165,0.6136276001143466,False,False,False,False,False
N03_ADX_GC,30m,4,253,337,-0.00019075919329790186,0.0021320983913951366,-0.32508228838524117,1.9966459680510262,0.6274406032937718,0.0229318277669776,True,False,False,False,False
N03_ADX_GC,30m,4,254,337,0.0015701803639615378,0.0021320983913951366,2.2507050689938604,0.5260359194845082,0.012202111753927778,0.2994316251523098,True,False,False,False,False
N03_ADX_GC,30m,4,255,337,-0.0006626487026021904,0.0021320983913951366,-0.9062374550967391,0.6890927142747975,0.8175949089173656,0.24538246230407262,True,False,False,False,False
N03_ADX_GC,30m,4,256,337,0.0012835515803185748,0.0021320983913951366,1.7657030477375866,0.05778633238681447,0.03872284060568989,0.47695941258073876,False,False,False,False,False
N03_ADX_GC,30m,4,257,337,-0.002392181551223078,0.0021320983913951366,-3.4124783607822113,-1.9481602222759236,0.999678124811476,0.9743021026200634,False,False,False,False,False
N03_ADX_GC,30m,4,258,337,-0.000893486128240708,0.0021320983913951366,-1.3030611519036241,0.1513121946441149,0.9037230574796085,0.4398647250524195,False,False,False,False,False
N03_ADX_GC,30m,4,259,337,-0.00207769107517989,0.0021320983913951366,-2.967835710124134,-1.4772122455096781,0.9985004770906031,0.9301906238439194,False,False,False,False,False
N03_ADX_GC,30m,4,260,337,0.000658501329580626,0.0021320983913951366,0.9023571671328042,-0.5687501949458801,0.18343358334556215,0.7152371607784063,True,False,False,False,False
N03_ADX_GC,30m,4,261,337,-0.00042699909463514175,0.0021320983913951366,-0.5677437671995232,-0.9511338122127816,0.7148955159862336,0.829231773811256,False,False,False,False,False
N03_ADX_GC,30m,4,262,337,0.0006538051861552617,0.0021320983913951366,1.0125311641631178,0.29228186607573986,0.15564207690441834,0.3850355612716558,True,False,False,False,False
N03_ADX_GC,30m,4,263,337,-0.0013814342065684379,0.0021320983913951366,-2.008134858724657,-0.5118804144902585,0.9776855185473275,0.695632646892349,False,False,False,False,False
N03_ADX_GC,30m,4,264,337,0.0005093273025619034,0.0021320983913951366,0.7290656034987467,0.3533656206663695,0.23298076686153535,0.36190717808533274,True,False,False,False,False
N03_ADX_GC,30m,4,265,337,0.00022533363024967605,0.0021320983913951366,0.38681296188688863,0.9404578315105568,0.3494473402951027,0.17349138496562821,True,False,False,False,False
N03_ADX_GC,30m,4,266,337,-0.00022386998127268463,0.0021320983913951366,-0.25021322300027976,0.21731558201142498,0.598788770020878,0.41398120728065,False,False,False,False,False
N03_ADX_GC,30m,4,267,337,-0.001182937999895171,0.0021320983913951366,-1.679589202238837,0.40310096055546335,0.9534813650056354,0.3434369770005339,False,False,False,False,False
N03_ADX_GC,30m,4,268,337,0.0013435537834240925,0.0021320983913951366,2.0047953093312683,0.13683207375964881,0.022492467110118996,0.4455817654422566,True,False,False,False,False
N03_ADX_GC,30m,4,269,337,0.00046382425480112605,0.0021320983913951366,0.64229223669607,1.0251699861145764,0.26034172698424174,0.15264149374225167,True,False,False,False,False
N03_ADX_GC,30m,4,270,337,-0.0004910045374981185,0.0021320983913951366,-0.699902919550872,0.8325143926815058,0.7580060329948526,0.20255932882912375,False,False,False,False,False
N03_ADX_GC,30m,4,271,337,0.00013503049068397223,0.0021320983913951366,0.23105903522813723,-0.2851361589882494,0.4086344695838252,0.6122300857451429,False,False,False,False,False
N03_ADX_GC,30m,4,272,337,-0.0010021937718141442,0.0021320983913951366,-1.4703318793728184,0.5529251831120622,0.9292640545077411,0.2901573211898364,False,False,False,False,False
N03_ADX_GC,30m,4,273,337,-0.0003467329581118264,0.0021320983913951366,-0.4667809764728422,0.4823506632754585,0.6796717061622537,0.3147784313388132,True,False,False,False,False
N03_ADX_GC,30m,4,274,337,0.0016092006004936612,0.0021320983913951366,2.408531516839316,0.6121516001820874,0.008008421643334417,0.2702187302240877,True,False,False,False,False
N03_ADX_GC,30m,4,275,337,0.0009625554496404104,0.0021320983913951366,1.2863519927545384,0.09013379361930678,0.09916012237314353,0.464090447538822,True,False,False,False,False
N03_ADX_GC,30m,4,276,337,0.0010200018767391184,0.0021320983913951366,1.3609306208024003,0.5765435796385319,0.0867678078289863,0.28212391116713154,True,False,False,False,False
N03_ADX_GC,30m,4,277,337,7.810284832323125e-05,0.0021320983913951366,0.13543701475935016,-0.7477803914010162,0.4461331800926137,0.7727036842790012,False,False,False,False,False
N03_ADX_GC,30m,4,278,337,0.0015692417560454626,0.0021320983913951366,2.3500009349396427,0.8555944749422402,0.009386681957350956,0.19611106354750824,True,False,False,False,False
N03_ADX_GC,30m,4,279,337,-0.0010344550102684945,0.0021320983913951366,-1.6103343274690893,-0.6528275839989875,0.9463375554679736,0.7430662807415392,True,False,False,False,False
N03_ADX_GC,30m,4,280,337,-0.0010233156972477618,0.0021320983913951366,-1.536546364035224,-0.8270232928662657,0.9377977821418509,0.7958880703474398,False,False,False,False,False
N03_ADX_GC,30m,4,281,337,0.0014826548709426085,0.0021320983913951366,2.188782360969101,1.4082429919287314,0.014306331190013713,0.07952956494734975,True,False,False,False,False
N03_ADX_GC,30m,4,282,337,0.001729462260797309,0.0021320983913951366,2.443732657154045,2.160431215160742,0.007268096841199499,0.015369651572031493,True,False,False,False,False
N03_ADX_GC,30m,4,283,337,-0.0005989581816999633,0.0021320983913951366,-0.8280361809585582,-0.3543978969817225,0.7961749950288347,0.6384796448032293,False,False,False,False,False
N03_ADX_GC,30m,4,284,337,0.00022336285670323782,0.0021320983913951366,0.3573405463745415,1.42901726540221,0.3604184396959223,0.07649963554048718,True,False,False,False,False
N03_ADX_GC,30m,4,285,337,0.0005212022254503042,0.0021320983913951366,0.7458171397862388,-0.6999007270048634,0.22788894234547658,0.7580053483166886,False,False,False,False,False
N03_ADX_GC,30m,4,286,337,0.0006809979401031098,0.0021320983913951366,1.0512729770120646,-0.5725125784361738,0.14656661725871084,0.7165126166267932,True,False,False,False,False
N03_ADX_GC,30m,4,287,337,-0.00028470439457719957,0.0021320983913951366,-0.3964530183984239,1.5348561739537185,0.6541145698546666,0.062409580408149555,True,False,False,False,False
N03_ADX_GC,30m,4,288,337,0.0003381729538476819,0.0021320983913951366,0.4614660421291994,1.3406173549742024,0.32223213952421303,0.09002235979673268,True,False,False,False,False
N03_ADX_GC,30m,4,289,337,-0.0018710190998310638,0.0021320983913951366,-2.8152459962481595,-1.1574205772525177,0.9975630045328832,0.8764497144995969,False,False,False,False,False
N03_ADX_GC,30m,4,290,337,0.0005320263569875068,0.0021320983913951366,0.8575396554503993,0.2651214682207428,0.19557335433641032,0.39545794483596325,True,False,False,False,False
N03_ADX_GC,30m,4,291,337,-0.0007050928110438113,0.0021320983913951366,-1.0274382208486252,0.2179968347061975,0.8478929190607027,0.41371578883058013,False,False,False,False,False
N03_ADX_GC,30m,4,292,337,0.001253049362847892,0.0021320983913951366,1.7712471224187103,0.807690517092804,0.03825980815495563,0.20963438198453704,True,False,False,False,False
N03_ADX_GC,30m,4,293,337,0.0013426908566607151,0.0021320983913951366,1.84320961007341,0.4933199961200176,0.032649206160045484,0.31089325082132735,True,False,False,False,False
N03_ADX_GC,30m,4,294,337,0.0012035595744186928,0.0021320983913951366,1.6367287929718117,1.1086246132760302,0.050843574986778245,0.13379607776640412,True,False,False,False,False
N03_ADX_GC,30m,4,295,337,-0.0006326127112437137,0.0021320983913951366,-0.9255672298707639,-0.040300179598631906,0.8226645349259631,0.5160730947011078,True,False,False,False,False
N03_ADX_GC,30m,4,296,337,-0.0012571805984730165,0.0021320983913951366,-1.770318879803108,-0.8721517325120234,0.9616629826572523,0.8084371963897874,True,False,False,False,False
N03_ADX_GC,30m,4,297,337,-0.0006536614849888237,0.0021320983913951366,-0.9283719564107957,0.9320235294944793,0.8233926698967062,0.17566218278567408,True,False,False,False,False
N03_ADX_GC,30m,4,298,337,0.00012574421453557624,0.0021320983913951366,0.11785576912310117,0.02403057937131951,0.45309097002181975,0.4904141084672417,True,False,False,False,False
N03_ADX_GC,30m,4,299,337,0.0016048718830627626,0.0021320983913951366,2.1578437986606587,1.6951577514655751,0.015469989148738024,0.0450227495518928,True,False,False,False,False
N03_ADX_GC,30m,4,300,337,-0.00226997270310455,0.0021320983913951366,-3.364997157121444,-2.350761247188565,0.9996172777614407,0.990632474601235,False,False,False,False,False
N03_ADX_GC,30m,4,301,337,0.0001081096629862638,0.0021320983913951366,0.1315268305681675,-0.6964745471842406,0.4476792816058194,0.756934154103307,True,False,False,False,False
N03_ADX_GC,30m,4,302,337,-0.0016812893474723873,0.0021320983913951366,-2.437778575296906,-0.7230039063064114,0.992611088564736,0.7651612578582847,False,False,False,False,False
N03_ADX_GC,30m,4,303,337,-0.001583402647598486,0.0021320983913951366,-2.223991103913021,-1.649964808728593,0.9869254786069962,0.9505249330291506,False,False,False,False,False
N03_ADX_GC,30m,4,304,337,-0.0005636271154353929,0.0021320983913951366,-0.8093488246479983,0.14123576856853728,0.7908427352398943,0.44384184502213625,True,False,False,False,False
N03_ADX_GC,30m,4,305,337,-0.000816713775848231,0.0021320983913951366,-1.1711089874125984,-0.4015453199889231,0.8792225141161059,0.6559906607424564,False,False,False,False,False
N03_ADX_GC,30m,4,306,337,0.0019329740986152838,0.0021320983913951366,2.8681739758551656,0.5700820335802756,0.0020642422311276045,0.2843110301151844,True,False,False,False,False
N03_ADX_GC,30m,4,307,337,-0.002108185756339819,0.0021320983913951366,-3.17306304299743,-1.6206169350927606,0.9992458011651267,0.9474500910169251,False,False,False,False,False
N03_ADX_GC,30m,4,308,337,-8.555188218538711e-05,0.0021320983913951366,-0.1204023387387618,-0.8786404838704076,0.5479177805822443,0.8102018810315967,False,False,False,False,False
N03_ADX_GC,30m,4,309,337,-0.0016064525523458448,0.0021320983913951366,-2.399516365052122,-0.8815095589892592,0.9917916270101308,0.8109789587479159,False,False,False,False,False
N03_ADX_GC,30m,4,310,337,-0.0017490038852666216,0.0021320983913951366,-2.710813046099501,-1.9001852606796295,0.9966440770998596,0.9712955940751865,False,False,False,False,False
N03_ADX_GC,30m,4,311,337,-0.0013936806357240032,0.0021320983913951366,-1.9966459279494266,-1.0394499319303694,0.9770681700533378,0.8507022339541503,False,False,False,False,False
N03_ADX_GC,30m,4,312,337,0.00016987239121388887,0.0021320983913951366,0.21921004793431773,0.37717552612900623,0.41324321435472566,0.35302158339454115,True,False,False,False,False
N03_ADX_GC,30m,4,313,337,0.0006635048712893075,0.0021320983913951366,1.0156366081764916,0.5667341597346287,0.1549012326666795,0.28544740439749894,False,False,False,False,False
N03_ADX_GC,30m,4,314,337,-0.0010696180092255694,0.0021320983913951366,-1.564457616742811,0.41106668396626916,0.9411449305396287,0.3405118192681375,True,False,False,False,False
N03_ADX_GC,30m,4,315,337,0.00070519015217695,0.0021320983913951366,0.9294999637677749,0.12566929742156144,0.17631502199693694,0.4499968531285696,True,False,False,False,False
N03_ADX_GC,30m,4,316,337,-3.6849876736325337e-05,0.0021320983913951366,-0.07596876582390016,0.732927682355217,0.5302780261864671,0.23180126908617738,False,False,False,False,False
N03_ADX_GC,30m,4,317,337,-0.0013239205662677867,0.0021320983913951366,-1.9274288839702258,-1.6741276512144871,0.9730368985615745,0.9529472427660667,False,False,False,False,False
N03_ADX_GC,30m,4,318,337,0.0005848003160773113,0.0021320983913951366,0.8679924287850055,-0.5705844468726848,0.1926992387196565,0.7158593180766899,False,False,False,False,False
N03_ADX_GC,30m,4,319,337,0.001936789489324298,0.0021320983913951366,2.768271777090182,0.9342137778589458,0.00281772198383659,0.1750968150071361,True,False,False,False,False
N03_ADX_GC,30m,4,320,337,-0.0008485418891939854,0.0021320983913951366,-1.3099178913680496,0.5122818699106985,0.9048881930486785,0.3042268760185701,False,False,False,False,False
N03_ADX_GC,30m,4,321,337,0.001386181811797879,0.0021320983913951366,2.180271251672873,1.3155735675208455,0.01461868037154515,0.09415860508387408,True,False,False,False,False
N03_ADX_GC,30m,4,322,337,0.00019496654538190368,0.0021320983913951366,0.2859481298423108,1.1524784807469575,0.3874589248856596,0.12456225378834263,False,False,False,False,False
N03_ADX_GC,30m,4,323,337,-0.00030838588129760287,0.0021320983913951366,-0.4034442649605362,0.7592349372295939,0.6566892856915574,0.22385601505472746,True,False,False,False,False
N03_ADX_GC,30m,4,324,337,5.2197880904319767e-05,0.0021320983913951366,0.11846548864303982,-0.49325468288910806,0.45284941928715433,0.6890836778676164,False,False,False,False,False
N03_ADX_GC,30m,4,325,337,-0.0006101215408392055,0.0021320983913951366,-0.9216874288609906,0.013879317901764953,0.821654180163589,0.49446313103264594,False,False,False,False,False
N03_ADX_GC,30m,4,326,337,-0.00013096028925151898,0.0021320983913951366,-0.22316231552942892,1.0055626652077387,0.5882954098955802,0.1573129954612083,True,False,False,False,False
N03_ADX_GC,30m,4,327,337,-0.00090084197346966,0.0021320983913951366,-1.3537182045293965,-0.9097582312964565,0.91208685102693,0.8185249865792575,False,False,False,False,False
N03_ADX_GC,30m,4,328,337,-0.00015503894309728148,0.0021320983913951366,-0.2714956494247968,-0.9668805149831914,0.6069950773228592,0.8331981158240569,False,False,False,False,False
N03_ADX_GC,30m,4,329,337,-0.0009498072942580186,0.0021320983913951366,-1.4537605324417644,0.28645551663381935,0.92699364538822,0.3872646295538817,False,False,False,False,False
N03_ADX_GC,30m,4,330,337,-0.0018239584341895598,0.0021320983913951366,-2.638680535134017,-1.6205130457708332,0.9958385314324003,0.947438942882769,False,False,False,False,False
N03_ADX_GC,30m,4,331,337,-0.00017666951390451347,0.0021320983913951366,-0.2325367941855215,0.6214531986914752,0.5919394436620178,0.2671507393730145,False,False,False,False,False
N03_ADX_GC,30m,4,332,337,-0.0006313935839554175,0.0021320983913951366,-0.8664306926179478,-0.8216935095524597,0.8068729907511367,0.7943743229690989,True,False,False,False,False
N03_ADX_GC,30m,4,333,337,0.001587654371846593,0.0021320983913951366,2.452521986384857,2.014843492010722,0.007092935495443987,0.021960525190016806,True,False,False,False,False
N03_ADX_GC,30m,4,334,337,0.0014075108982611387,0.0021320983913951366,1.94722443139547,0.8937084569754443,0.025753916939177543,0.18573894967710314,True,False,False,False,False
N03_ADX_GC,30m,4,335,337,0.0012860037926954383,0.0021320983913951366,1.8147139468979332,0.21510237844112562,0.03478394030643046,0.4148437497908532,True,False,False,False,False
N03_ADX_GC,30m,4,336,337,0.00033251794672500357,0.0021320983913951366,0.4528027023782748,-0.353031476204535,0.3253454087643655,0.6379675783604452,True,False,False,False,False
N03_ADX_GC,30m,4,337,337,-0.0009995573030701927,0.0021320983913951366,-1.4795763339216739,-4.5712191311037645e-06,0.9305068269292053,0.5000018236525844,True,False,False,False,False
N03_ADX_GC,30m,4,338,337,0.0016296574430910617,0.0021320983913951366,2.3649089845869917,-0.02312601056441598,0.009017251203318626,0.5092251210990225,True,False,False,False,False
N03_ADX_GC,30m,4,339,337,-0.00036907317459038846,0.0021320983913951366,-0.6098804890241528,-0.5180897084168067,0.7290295109845463,0.6978021597866187,False,False,False,False,False
N03_ADX_GC,30m,4,340,337,-0.00023651002682423164,0.0021320983913951366,-0.32927261128893076,0.5553437522408121,0.6290251780328964,0.2893297789352063,True,False,False,False,False
N03_ADX_GC,30m,4,341,337,0.000812698315816528,0.0021320983913951366,1.1605125384983082,0.24038734137531037,0.12292009589296227,0.4050149953315962,True,False,False,False,False
N03_ADX_GC,30m,4,342,337,-0.0005413723564043555,0.0021320983913951366,-0.7859973435189173,1.0679381667283536,0.7840654782788246,0.14277420233520027,False,False,False,False,False
N03_ADX_GC,30m,4,343,337,-0.0021586943608474995,0.0021320983913951366,-3.0758772105416647,-2.315599416128421,0.9989505787039689,0.9897099246181401,False,False,False,False,False
N03_ADX_GC,30m,4,344,337,0.0008499840531695682,0.0021320983913951366,1.1555894940945368,1.3977454866274515,0.12392455365279986,0.08109475480910855,True,False,False,False,False
N03_ADX_GC,30m,4,345,337,-0.001020430262564435,0.0021320983913951366,-1.4397302523135078,-2.136255905929713,0.9250281345557455,0.9836707195845992,False,False,False,False,False
N03_ADX_GC,30m,4,346,337,0.001081491856217256,0.0021320983913951366,1.566467634050213,0.48258588390624224,0.058619589996617795,0.31469490202986716,True,False,False,False,False
N03_ADX_GC,30m,4,347,337,-0.0012776569130974645,0.0021320983913951366,-1.7718951077143636,0.789530005224909,0.9617940146574949,0.21490114989079157,False,False,False,False,False
N03_ADX_GC,30m,4,348,337,0.0009351396968415124,0.0021320983913951366,1.4119795282937593,-0.02039830384687322,0.07897799452962179,0.5081371815480169,False,False,False,False,False
N03_ADX_GC,30m,4,349,337,-0.0008042100443800093,0.0021320983913951366,-1.2442306744380331,0.6322640502141248,0.8932926613377246,0.2636071752204896,False,False,False,False,False
N03_ADX_GC,30m,4,350,337,-0.0013083690284631045,0.0021320983913951366,-1.9266318640344224,-2.2495308230516375,0.9729872376468583,0.9877606279696463,False,False,False,False,False
N03_ADX_GC,30m,4,351,337,7.315927466950213e-05,0.0021320983913951366,0.16645122639392856,-0.7473888106144257,0.43390093166997784,0.7725855511805557,False,False,False,False,False
N03_ADX_GC,30m,4,352,337,0.0004920377611309111,0.0021320983913951366,0.7355827263145409,0.24052104400780672,0.23099233901914373,0.4049631756241162,False,False,False,False,False
N03_ADX_GC,30m,4,353,337,-0.0003563316577602861,0.0021320983913951366,-0.5250960637144717,-1.2695996321497436,0.7002417938287331,0.8978863597441944,True,False,False,False,False
N03_ADX_GC,30m,4,354,337,0.0014544720959972926,0.0021320983913951366,1.9505724571856227,1.3994975997272934,0.025553963140078555,0.08083190881085645,True,False,False,False,False
N03_ADX_GC,30m,4,355,337,0.00038142981488176913,0.0021320983913951366,0.5306669807546844,-0.23527898851903417,0.29782478557703435,0.5930038989177508,False,False,False,False,False
N03_ADX_GC,30m,4,356,337,-0.0011811321342284136,0.0021320983913951366,-1.7140555958694894,-0.34039349287928833,0.9567407420881793,0.633219890813318,True,False,False,False,False
N03_ADX_GC,30m,4,357,337,-0.0008204018076572768,0.0021320983913951366,-1.171364934420842,-0.4933995241927398,0.8792739396019185,0.6891348407510358,False,False,False,False,False
N03_ADX_GC,30m,4,358,337,0.0015024555031469353,0.0021320983913951366,2.157260442029321,1.0889036838577846,0.015492688688727623,0.13809818078511904,True,False,False,False,False
N03_ADX_GC,30m,4,359,337,0.002193766842448749,0.0021320983913951366,3.1733777799991194,1.3205465739561828,0.0007533816296390317,0.0933262984658097,True,False,False,False,False
N03_ADX_GC,30m,4,360,337,0.00031209388807664,0.0021320983913951366,0.45202207078879647,0.3107541850978548,0.32562654131961266,0.37799375067397445,True,False,False,False,False
N03_ADX_GC,30m,4,361,337,-1.4801863022428984e-05,0.0021320983913951366,-0.08687580437424175,0.10356558796877442,0.5346148839488398,0.45875704879492185,True,False,False,False,False
N03_ADX_GC,30m,4,362,337,0.0009545126999108142,0.0021320983913951366,1.270231887586822,-0.5708379455354403,0.10200102108652415,0.715945250772083,True,False,False,False,False
N03_ADX_GC,30m,4,363,337,0.0008553221494263553,0.0021320983913951366,1.2583586764418362,0.252239436798803,0.10413103476179758,0.40042799858193096,True,False,False,False,False
N03_ADX_GC,30m,4,364,337,-0.0017371815685470946,0.0021320983913951366,-2.383270266580326,0.11765640828499765,0.9914202044358473,0.4531699539709699,False,False,False,False,False
N03_ADX_GC,30m,4,365,337,-0.0005873648504026953,0.0021320983913951366,-0.7452623729606577,-0.35651913068991103,0.7719434384799427,0.639274086072563,False,False,False,False,False
N03_ADX_GC,30m,4,366,337,0.0008537850861525501,0.0021320983913951366,1.2133050480955416,1.966578891644386,0.11250660679881846,0.024615889475859735,True,False,False,False,False
N03_ADX_GC,30m,4,367,337,-0.0008191405659684894,0.0021320983913951366,-1.2342875243085498,-0.6975462010678175,0.8914521084645904,0.7572694817591863,False,False,False,False,False
N03_ADX_GC,30m,4,368,337,-0.001065281880577001,0.0021320983913951366,-1.43567405508389,-0.3551682705586835,0.924452444379458,0.6387682332140515,False,False,False,False,False
N03_ADX_GC,30m,4,369,337,-0.0010925979413062763,0.0021320983913951366,-1.7344471257867096,-1.056704688640713,0.9585806101925856,0.8546768077484768,False,False,False,False,False
N03_ADX_GC,30m,4,370,337,-0.0013735588279473277,0.0021320983913951366,-2.052439937587736,-0.46339634839408433,0.979936536717385,0.6784598521993275,False,False,False,False,False
N03_ADX_GC,30m,4,371,337,-0.001666418698332349,0.0021320983913951366,-2.422298247181292,-1.3515808121427886,0.9922886565051657,0.9117452740258433,False,False,False,False,False
N03_ADX_GC,30m,4,372,337,0.0010511169711133292,0.0021320983913951366,1.5832989353350413,0.44963661524453086,0.05667667274113656,0.3264862409992979,False,False,False,False,False
N03_ADX_GC,30m,4,373,337,0.00011769931810241215,0.0021320983913951366,0.215489945198037,-0.941976570629549,0.4146926752516633,0.8268976823158057,False,False,False,False,False
N03_ADX_GC,30m,4,374,337,0.0010198715098258088,0.0021320983913951366,1.4360253613040759,-0.08359944963394335,0.07549756239308958,0.5333125477327187,True,False,False,False,False
N03_ADX_GC,30m,4,375,337,-0.001648870696985593,0.0021320983913951366,-2.4758904099600594,0.33840602322633373,0.99335478168974,0.36752861786700064,False,False,False,False,False
N03_ADX_GC,30m,4,376,337,-0.00014284135059143015,0.0021320983913951366,-0.15809471084812915,0.20749750705855524,0.5628089158340125,0.41781066969412406,True,False,False,False,False
N03_ADX_GC,30m,4,377,337,-0.001053708883135969,0.0021320983913951366,-1.4654468471070734,0.3727619718095946,0.9286004779756896,0.35466280413828066,False,False,False,False,False
N03_ADX_GC,30m,4,378,337,-0.0003921923661954525,0.0021320983913951366,-0.5574527356009698,-0.7821008997560238,0.7113909283904007,0.782922360992814,False,False,False,False,False
N03_ADX_GC,30m,4,379,337,0.0016158439224822573,0.0021320983913951366,2.3287947348798395,0.6388149139886028,0.00993497123750602,0.2614716724701631,True,False,False,False,False
N03_ADX_GC,30m,4,380,337,-0.001224109557769856,0.0021320983913951366,-1.8064371366964944,-0.6953725142290438,0.9645749574150201,0.7565890595128923,False,False,False,False,False
N03_ADX_GC,30m,4,381,337,-0.0002126127138537861,0.0021320983913951366,-0.3539771767863769,0.7841346801950294,0.6383220062068542,0.21648054397177652,True,False,False,False,False
N03_ADX_GC,30m,4,382,337,-0.0020553864052149473,0.0021320983913951366,-2.958110773725366,-1.1137440516304955,0.9984523456538914,0.8673054974269339,False,False,False,False,False
N03_ADX_GC,30m,4,383,337,-0.00120844832312267,0.0021320983913951366,-1.7680134963687437,-0.7287412923574728,0.9614706762966505,0.7669200354498165,False,False,False,False,False
N03_ADX_GC,30m,4,384,337,-0.0004135694619717601,0.0021320983913951366,-0.6079458423297539,-0.7915422978818687,0.728388303079667,0.785686198219223,False,False,False,False,False
N03_ADX_GC,30m,4,385,337,0.0003032696287498374,0.0021320983913951366,0.4188948857430118,-0.13050435714916672,0.33764647744590276,0.5519162964405646,True,False,False,False,False
N03_ADX_GC,30m,4,386,337,0.0008943161916886223,0.0021320983913951366,1.2936941344323616,0.856372502772486,0.09788554610067107,0.19589588462311452,True,False,False,False,False
N03_ADX_GC,30m,4,387,337,-0.00016802394624460313,0.0021320983913951366,-0.2964470057709112,-0.6104536753876546,0.6165556338955094,0.7292193393700195,True,False,False,False,False
N03_ADX_GC,30m,4,388,337,-0.0008109530383968625,0.0021320983913951366,-1.2136741794831,0.6355683617381191,0.887563915968093,0.2625288981580516,False,False,False,False,False
N03_ADX_GC,30m,4,389,337,-0.0005794461942762951,0.0021320983913951366,-0.8635778645941895,0.35280883829434306,0.8060900858370079,0.3621158786685829,True,False,False,False,False
N03_ADX_GC,30m,4,390,337,0.001480439776866173,0.0021320983913951366,2.0876967375336557,1.829989008385813,0.018412599665166576,0.03362579122980397,True,False,False,False,False
N03_ADX_GC,30m,4,391,337,-0.00043441313999093706,0.0021320983913951366,-0.6015429527241363,-0.3457528810584718,0.7262607939356137,0.6352357804962587,False,False,False,False,False
N03_ADX_GC,30m,4,392,337,-0.0008133953571065489,0.0021320983913951366,-1.2384335339139028,0.6009590061575538,0.8922223235258433,0.27393364527466424,True,False,False,False,False
N03_ADX_GC,30m,4,393,337,0.0027827090486905416,0.0021320983913951366,3.9141300745375194,2.532570983974857,4.5365359196576654e-05,0.005661472066077135,True,True,False,True,False
N03_ADX_GC,30m,4,394,337,0.0006381308681914782,0.0021320983913951366,0.9836692492952881,-0.09634040793668423,0.16263908207244276,0.538374890284151,True,False,False,False,False
N03_ADX_GC,30m,4,395,337,0.00036281615318143283,0.0021320983913951366,0.5792115162803411,-1.2935028481320636,0.28122323056840126,0.9020814001765861,False,False,False,False,False
N03_ADX_GC,30m,4,396,337,-0.000812724107371124,0.0021320983913951366,-1.1642208723477592,0.3801370593609734,0.8778327431469815,0.35192183878716843,True,False,False,False,False
N03_ADX_GC,30m,4,397,337,-0.0010288466651158007,0.0021320983913951366,-1.5438958924082848,1.1255405613361764,0.9386932223200714,0.13018001963793746,False,False,False,False,False
N03_ADX_GC,30m,4,398,337,-0.0009266598127914704,0.0021320983913951366,-1.346913005537847,-0.5471319930113453,0.910995873817978,0.7078559730407709,False,False,False,False,False
N03_ADX_GC,30m,4,399,337,0.0008151530252811132,0.0021320983913951366,1.1085902433961767,0.6428100755074561,0.13380349448592932,0.26017367229039445,True,False,False,False,False
N03_ADX_GC,30m,4,400,337,-0.0010426775619541426,0.0021320983913951366,-1.5014235943234218,-1.3052618429889822,0.9333769824606981,0.9040981488768439,False,False,False,False,False
N03_ADX_GC,30m,4,401,337,-0.0012712423820763308,0.0021320983913951366,-1.834647057741168,-0.9280596471128553,0.966720999306907,0.8233116849564016,False,False,False,False,False
N03_ADX_GC,30m,4,402,337,-0.0008538075436398706,0.0021320983913951366,-1.1751111102916831,-0.35355177737667776,0.8800248668617038,0.6381625904961981,False,False,False,False,False
N03_ADX_GC,30m,4,403,337,-0.0015140821382058028,0.0021320983913951366,-2.1811051692079073,-0.747287775025726,0.985412180699677,0.7725550648921278,False,False,False,False,False
N03_ADX_GC,30m,4,404,337,0.000512241408794135,0.0021320983913951366,0.7496448343911143,0.9728523840663397,0.22673432028018164,0.16531333658810882,True,False,False,False,False
N03_ADX_GC,30m,4,405,337,-0.0018294091513007757,0.0021320983913951366,-2.6464847655635544,-1.1466787947185921,0.9959333415706523,0.8742428011888517,False,False,False,False,False
N03_ADX_GC,30m,4,406,337,-0.0008332677364157878,0.0021320983913951366,-1.290201083015826,-0.9414554536474854,0.9015095748862154,0.8267642463785374,True,False,False,False,False
N03_ADX_GC,30m,4,407,337,-0.0017927669414016594,0.0021320983913951366,-2.530109855571313,-1.6240727775221317,0.9942986590608646,0.9478198614633552,False,False,False,False,False
N03_ADX_GC,30m,4,408,337,0.00025863525908008096,0.0021320983913951366,0.32669320258109924,-0.5587426505733069,0.37194997098131816,0.7118313165345361,False,False,False,False,False
N03_ADX_GC,30m,4,409,337,-0.0023780331547299683,0.0021320983913951366,-3.424010303565442,-2.7559775612163775,0.9996914785930491,0.9970741494389141,False,False,False,False,False
N03_ADX_GC,30m,4,410,337,0.001855893110872338,0.0021320983913951366,2.7158165137002506,1.033609364234548,0.0033056273791654935,0.15065940994225824,True,False,False,False,False
N03_ADX_GC,30m,4,411,337,0.0009271783213453832,0.0021320983913951366,1.3877378075177798,-0.5946882445023031,0.08260844945826967,0.7239740594237053,True,False,False,False,False
N03_ADX_GC,30m,4,412,337,-9.203965168960773e-05,0.0021320983913951366,-0.141629114018143,-1.0396200287492816,0.5563135154626824,0.8507417660453369,True,False,False,False,False
N03_ADX_GC,30m,4,413,337,-0.0005585814828690971,0.0021320983913951366,-0.7726454593840978,-0.8344314757660758,0.7801338835172842,0.797981056759115,False,False,False,False,False
N03_ADX_GC,30m,4,414,337,-0.0011446791513068603,0.0021320983913951366,-1.5763607324805735,0.05008523852798921,0.9425286537255639,0.48002723146131826,False,False,False,False,False
N03_ADX_GC,30m,4,415,337,0.002139695745604743,0.0021320983913951366,3.024826125537351,0.6708078724706056,0.0012438805067070604,0.25117146584002015,True,False,False,False,False
N03_ADX_GC,30m,4,416,337,-0.0013240004241763259,0.0021320983913951366,-1.9460829327513385,0.6996849983048825,0.9741776108064573,0.2420620235848664,True,False,False,False,False
N03_ADX_GC,30m,4,417,337,0.0011579319830651513,0.0021320983913951366,1.6182431852735994,1.1189645673213227,0.05280509969965388,0.13157762773421683,True,False,False,False,False
N03_ADX_GC,30m,4,418,337,-0.0010040828954516008,0.0021320983913951366,-1.5185392507496907,0.3819651572470067,0.9355607437838416,0.35124360457569764,False,False,False,False,False
N03_ADX_GC,30m,4,419,337,-0.002042949715750665,0.0021320983913951366,-3.056522684826162,-1.3372884215493142,0.9988803973197877,0.909435745529771,False,False,False,False,False
N03_ADX_GC,30m,4,420,337,0.0010321674484827716,0.0021320983913951366,1.453974169883974,-0.3258217339108679,0.07297673381482378,0.6277203830073456,True,False,False,False,False
N03_ADX_GC,30m,4,421,337,0.0011307933495748339,0.0021320983913951366,1.6748761115392543,0.09057177082098064,0.046979270754966156,0.4639164316684153,True,False,False,False,False
N03_ADX_GC,30m,4,422,337,0.001172241040515136,0.0021320983913951366,1.7182155205754328,0.37046146939067576,0.04287865580294697,0.35551934023588827,True,False,False,False,False
N03_ADX_GC,30m,4,423,337,-0.0008123196130067962,0.0021320983913951366,-1.1773217594734353,0.7281549552364788,0.8804664474307822,0.23325936815470194,False,False,False,False,False
N03_ADX_GC,30m,4,424,337,-0.0011721934613241488,0.0021320983913951366,-1.6799666138704483,0.5876340522886222,0.9535180941667473,0.27838897471818724,True,False,False,False,False
N03_ADX_GC,30m,4,425,337,-0.0005947485719975145,0.0021320983913951366,-0.8009660841433041,-0.11803252677512448,0.7884243596667204,0.5469790573121598,False,False,False,False,False
N03_ADX_GC,30m,4,426,337,0.0005989108801264671,0.0021320983913951366,0.8959186797637553,-0.23842225516582466,0.1851480983856843,0.5942231960385249,False,False,False,False,False
N03_ADX_GC,30m,4,427,337,0.0016271935936893799,0.0021320983913951366,2.5071164653576736,0.08391972072063031,0.006086029900885705,0.46656012999980034,True,False,False,False,False
N03_ADX_GC,30m,4,428,337,-0.0013663548289544675,0.0021320983913951366,-1.781416494544386,-2.4335795869983903,0.962577782210132,0.9925248258302495,False,False,False,False,False
N03_ADX_GC,30m,4,429,337,0.000861674122881366,0.0021320983913951366,1.2664442836738647,0.5140899212681408,0.10267703250430454,0.3035945618132281,True,False,False,False,False
N03_ADX_GC,30m,4,430,337,-0.0003882338850145807,0.0021320983913951366,-0.5551828866438812,-0.38146924918913383,0.7106152134292445,0.6485724575632728,False,False,False,False,False
N03_ADX_GC,30m,4,431,337,7.2949368786326264e-06,0.0021320983913951366,-0.02555583924667849,-1.360534401395617,0.5101941951348631,0.91316956287824,False,False,False,False,False
N03_ADX_GC,30m,4,432,337,9.893833567850835e-05,0.0021320983913951366,0.18098249348914278,1.3276087135364645,0.42819065863440375,0.09215370223528552,True,False,False,False,False
N03_ADX_GC,30m,4,433,337,-0.0012883333896414673,0.0021320983913951366,-1.8737182290796761,-0.5785399833178386,0.9695153639776478,0.7185501944374595,False,False,False,False,False
N03_ADX_GC,30m,4,434,337,5.454945941583048e-05,0.0021320983913951366,0.07168403745020015,-1.4698328170574708,0.47142667987384107,0.9291964806362458,False,False,False,False,False
N03_ADX_GC,30m,4,435,337,-0.00010613567008000891,0.0021320983913951366,-0.12360786165428483,1.3559324107675739,0.5491871162356206,0.08756033705987187,True,False,False,False,False
N03_ADX_GC,30m,4,436,337,0.0010604628584156874,0.0021320983913951366,1.4494042849370967,0.1286551466013374,0.07361235637717563,0.4488152640908515,True,False,False,False,False
N03_ADX_GC,30m,4,437,337,0.0004831019781297741,0.0021320983913951366,0.7152743535685986,-1.093232655475246,0.23721976631745817,0.8628541686594915,True,False,False,False,False
N03_ADX_GC,30m,4,438,337,-3.0806529806087005e-05,0.0021320983913951366,-0.0214504691983198,-0.1781336612444008,0.5085568428931191,0.5706909965381571,True,False,False,False,False
N03_ADX_GC,30m,4,439,337,-0.0015713390049436164,0.0021320983913951366,-2.3203040543242994,-0.6142287773453772,0.989837782522805,0.7304679202344316,False,False,False,False,False
N03_ADX_GC,30m,4,440,337,-0.0007892025876415243,0.0021320983913951366,-1.123775128749327,-0.06920317523256399,0.8694457824260768,0.5275860521503871,True,False,False,False,False
N03_ADX_GC,30m,4,441,337,-0.0022629638462020344,0.0021320983913951366,-3.2417735720367244,-2.0081750351862095,0.9994060581947682,0.9776876525504417,False,False,False,False,False
N03_ADX_GC,30m,4,442,337,-0.0001954629156148273,0.0021320983913951366,-0.2442821939781989,1.0655342046562715,0.5964938635204261,0.14331712776126276,True,False,False,False,False
N03_ADX_GC,30m,4,443,337,0.0018133782232566669,0.0021320983913951366,2.6654541996063923,2.03132196262279,0.003844220183255825,0.021111172434877576,True,False,False,False,False
N03_ADX_GC,30m,4,444,337,-0.00042831749059468407,0.0021320983913951366,-0.5919335489114919,-0.1689228050659673,0.723052456397141,0.5670713194410152,True,False,False,False,False
N03_ADX_GC,30m,4,445,337,0.0020448377302850975,0.0021320983913951366,3.161459349244222,1.5002379621684938,0.0007849036395419021,0.06677638648111864,True,False,False,False,False
N03_ADX_GC,30m,4,446,337,-0.0015158740471600486,0.0021320983913951366,-2.194846192594428,-0.842374855272222,0.9859126836617126,0.8002109184621639,False,False,False,False,False
N03_ADX_GC,30m,4,447,337,-0.0005827570430925132,0.0021320983913951366,-0.8303199366776718,-0.019520594259236638,0.7968210404962057,0.5077870958352799,True,False,False,False,False
N03_ADX_GC,30m,4,448,337,0.00020217244162469623,0.0021320983913951366,0.24169388308580522,1.2419110254069683,0.4045086848296745,0.10713469586060304,True,False,False,False,False
N03_ADX_GC,30m,4,449,337,-0.0005589755379311127,0.0021320983913951366,-0.7474316082929251,1.0558602353608986,0.7725984641774662,0.14551603682820158,True,False,False,False,False
N03_ADX_GC,30m,4,450,337,0.0016128733931658214,0.0021320983913951366,2.3718273035632533,1.1190365465529097,0.008850180863130986,0.1315622740114391,True,False,False,False,False
N03_ADX_GC,30m,4,451,337,-0.0001412217641464665,0.0021320983913951366,-0.23906188489196775,-1.2340443757538768,0.594471201810192,0.891406815520325,False,False,False,False,False
N03_ADX_GC,30m,4,452,337,0.0009302822238190614,0.0021320983913951366,1.3657258474294063,0.024435160174170963,0.08601251418814976,0.49025275146419767,True,False,False,False,False
N03_ADX_GC,30m,4,453,337,0.0008998388708199823,0.0021320983913951366,1.3397562068614555,0.4832776997244501,0.09016230874505277,0.31444928595261296,False,False,False,False,False
N03_ADX_GC,30m,4,454,337,0.001767620756651735,0.0021320983913951366,2.52329276763007,0.8206615043588809,0.0058130781524926055,0.2059195519354166,True,False,False,False,False
N03_ADX_GC,30m,4,455,337,0.0015355311926740823,0.0021320983913951366,2.110066544640359,1.57516773365515,0.017426312233014916,0.057608866435623345,True,False,False,False,False
N03_ADX_GC,30m,4,456,337,0.0008577615143785202,0.0021320983913951366,1.3168570619122872,-0.024096658405663877,0.0939432707696583,0.509612245622027,True,False,False,False,False
N03_ADX_GC,30m,4,457,337,0.0002024018487076972,0.0021320983913951366,0.2949253325283587,-0.8969578755040164,0.3840254598229563,0.8151293023143538,False,False,False,False,False
N03_ADX_GC,30m,4,458,337,0.0010375547436136143,0.0021320983913951366,1.4485008857380193,0.05744028613508287,0.07373850922422062,0.47709723613252175,True,False,False,False,False
N03_ADX_GC,30m,4,459,337,-0.0005264606841520899,0.0021320983913951366,-0.8166635404344436,-0.09886737694338975,0.7929396337744605,0.539378214303319,False,False,False,False,False
N03_ADX_GC,30m,4,460,337,0.0002066122528072598,0.0021320983913951366,0.3631962105611314,0.7756218415112527,0.3582291590863199,0.2189861501441091,True,False,False,False,False
N03_ADX_GC,30m,4,461,337,0.0017831900303565827,0.0021320983913951366,2.509333809530077,2.228061180678765,0.006047955912834262,0.01293821773948642,True,False,False,False,False
N03_ADX_GC,30m,4,462,337,0.00043934370235329046,0.0021320983913951366,0.6165639244926601,-0.0019622725184085263,0.26876119787068675,0.5007828329708781,False,False,False,False,False
N03_ADX_GC,30m,4,463,337,-0.0012440913347234474,0.0021320983913951366,-1.7842222058913784,-1.1309843138232765,0.9628062173113391,0.8709691531380641,False,False,False,False,False
N03_ADX_GC,30m,4,464,337,-0.0020745666452020883,0.0021320983913951366,-2.949302931056828,-2.1411108961767664,0.9984075418893424,0.9838674519008093,False,False,False,False,False
N03_ADX_GC,30m,4,465,337,-0.0006765279442904623,0.0021320983913951366,-1.0496956044438661,0.7805117201093862,0.8530709573393769,0.21754486584199778,True,False,False,False,False
N03_ADX_GC,30m,4,466,337,0.0008127782693264475,0.0021320983913951366,1.1938812929805434,-1.0967643660357278,0.11626220306982271,0.8636277944729491,True,False,False,False,False
N03_ADX_GC,30m,4,467,337,-0.0005015570175056995,0.0021320983913951366,-0.72695424610745,-0.3189496527515951,0.7663730076558128,0.6251176542136221,True,False,False,False,False
N03_ADX_GC,30m,4,468,337,7.041603494870544e-05,0.0021320983913951366,0.04543532473574776,0.8045667613296268,0.481880162491194,0.21053486469099458,True,False,False,False,False
N03_ADX_GC,30m,4,469,337,-0.0004938439789276034,0.0021320983913951366,-0.664648082469838,0.6434861071910696,0.7468621961180539,0.25995436329656396,False,False,False,False,False
N03_ADX_GC,30m,4,470,337,-0.00043230267231577,0.0021320983913951366,-0.6300576463201302,0.4297825913935233,0.7356715655541994,0.3336768987581297,True,False,False,False,False
N03_ADX_GC,30m,4,471,337,-0.0005697288545311351,0.0021320983913951366,-0.8031143289845026,0.13684788326863806,0.7890456718004866,0.44557551713573373,False,False,False,False,False
N03_ADX_GC,30m,4,472,337,0.0003923654029302515,0.0021320983913951366,0.5403117257599077,0.8475076166892969,0.2944910366102877,0.1983561217184837,False,False,False,False,False
N03_ADX_GC,30m,4,473,337,5.5042006560824786e-05,0.0021320983913951366,0.08780235145338391,-0.8375264259213683,0.4650168843979886,0.7988516353377755,False,False,False,False,False
N03_ADX_GC,30m,4,474,337,0.0006386437911328566,0.0021320983913951366,0.872608763093351,0.6928237815133179,0.19143818124048562,0.24421007297366237,False,False,False,False,False
N03_ADX_GC,30m,4,475,337,0.0007691635558216665,0.0021320983913951366,1.0901650235359512,-0.3019416229480036,0.1378202287406211,0.6186517174312662,False,False,False,False,False
N03_ADX_GC,30m,4,476,337,-0.001096708640182863,0.0021320983913951366,-1.544296342031371,-0.03692955089889087,0.9387417208283331,0.5147294111988701,False,False,False,False,False
N03_ADX_GC,30m,4,477,337,2.275275751105349e-05,0.0021320983913951366,0.0017365374394973782,-0.1251673593932249,0.49930722214207024,0.5498044712919684,True,False,False,False,False
N03_ADX_GC,30m,4,478,337,0.00019391664252603688,0.0021320983913951366,0.2901174853164181,-0.05653982826707855,0.38586317972141543,0.522544116057595,True,False,False,False,False
N03_ADX_GC,30m,4,479,337,0.0008507299214765746,0.0021320983913951366,1.1468993176744446,-0.1690667953813542,0.12571161736753617,0.567127948818521,True,False,False,False,False
N03_ADX_GC,30m,4,480,337,0.0015815486391596734,0.0021320983913951366,2.2565383510208155,0.7171877138639434,0.012018468154502871,0.23662913958124293,True,False,False,False,False
N03_ADX_GC,30m,4,481,337,0.0005009698955082763,0.0021320983913951366,0.6496413501820915,0.3961227432232879,0.257961958284161,0.34600724052758,False,False,False,False,False
N03_ADX_GC,30m,4,482,337,0.00019038963103025725,0.0021320983913951366,0.2726256512409912,-0.8929236818348792,0.3925704958872419,0.8140509779943033,True,False,False,False,False
N03_ADX_GC,30m,4,483,337,-0.0007340246333184252,0.0021320983913951366,-0.9930282508846348,-0.23584131231693853,0.8396519064035345,0.5932220951921389,True,False,False,False,False
N03_ADX_GC,30m,4,484,337,-0.0017790479888598089,0.0021320983913951366,-2.591272622775522,-1.112044358252324,0.9952189146316178,0.8669404607300972,False,False,False,False,False
N03_ADX_GC,30m,4,485,337,0.0009338672871021154,0.0021320983913951366,1.383885125775493,1.419316143809368,0.08319681596634176,0.07790343379872716,True,False,False,False,False
N03_ADX_GC,30m,4,486,337,-0.00015824551028635272,0.0021320983913951366,-0.20309828726382223,-0.7315380013598515,0.5804708948006119,0.7677746991096868,False,False,False,False,False
N03_ADX_GC,30m,4,487,337,0.0015502839688031518,0.0021320983913951366,2.340071317825315,0.5411951478732127,0.009640028916963275,0.2941865407673506,True,False,False,False,False
N03_ADX_GC,30m,4,488,337,0.0006273559174950826,0.0021320983913951366,0.911804712865773,1.5768799328076406,0.1809357645009817,0.057411577375429526,True,False,False,False,False
N03_ADX_GC,30m,4,489,337,-0.002445155330676724,0.0021320983913951366,-3.437356910852734,-2.1399606748608297,0.9997062895003302,0.9838210275282877,False,False,False,False,False
N03_ADX_GC,30m,4,490,337,-0.0009804552054147296,0.0021320983913951366,-1.4665426452572083,-0.41520966325370995,0.9287497439097331,0.6610057872916608,False,False,False,False,False
N03_ADX_GC,30m,4,491,337,-0.001664680812190046,0.0021320983913951366,-2.343811398756187,-0.9492135464551651,0.9904560895966867,0.8287439934074943,False,False,False,False,False
N03_ADX_GC,30m,4,492,337,0.002045686750158599,0.0021320983913951366,2.9815048520924967,0.4743149794090006,0.0014341775066995688,0.31763765561062907,True,False,False,False,False
N03_ADX_GC,30m,4,493,337,0.00044713834645643616,0.0021320983913951366,0.6198529086277457,-0.693998853235237,0.26767731579726584,0.7561585359571833,False,False,False,False,False
N03_ADX_GC,30m,4,494,337,-0.0017611779088530463,0.0021320983913951366,-2.4805105827669434,-1.339582168879593,0.9934402815359371,0.9098093879589757,False,False,False,False,False
N03_ADX_GC,30m,4,495,337,-0.0015070127493647949,0.0021320983913951366,-2.269033391972816,-0.9191696467495021,0.9883668523395078,0.8209965775893588,False,False,False,False,False
N03_ADX_GC,30m,4,496,337,0.00037254150353195685,0.0021320983913951366,0.582080958732698,0.1395165576789455,0.2802560751205389,0.4445209863804324,True,False,False,False,False
N03_ADX_GC,30m,4,497,337,-0.00042899756746581986,0.0021320983913951366,-0.5830897548379633,0.5458097750696819,0.7200835598801894,0.2925983516255485,True,False,False,False,False
N03_ADX_GC,30m,4,498,337,-0.0015738660425520135,0.0021320983913951366,-2.233393516202327,-0.8834897940839536,0.9872384973075727,0.8115141528252281,False,False,False,False,False
N03_ADX_GC,30m,4,499,337,-0.0015885167330787007,0.0021320983913951366,-2.278720093931229,-1.1329069678886443,0.9886581452548177,0.8713733382130235,False,False,False,False,False
N11_BREAKAWAY,30m,16,0,157,0.0017497803357630984,0.0029356983831170212,0.8279163068158797,0.3982078880582113,0.20385894963002027,0.3452384759610681,False,False,False,False,False
N11_BREAKAWAY,30m,16,1,157,-0.0007597662978490331,0.0029356983831170212,-0.3581195200708428,0.38814740720494817,0.6398730641897818,0.34895347541908994,False,False,False,False,False
N11_BREAKAWAY,30m,16,2,157,0.0016910025701952613,0.0029356983831170212,0.9613971121058642,0.7405939177976069,0.16817626789169354,0.22946984847065716,True,False,False,False,False
N11_BREAKAWAY,30m,16,3,157,-0.0007322536736436084,0.0029356983831170212,-0.5193898768302296,-0.4831983449652745,0.698255555377262,0.6855225448132127,False,False,False,False,False
N11_BREAKAWAY,30m,16,4,157,-0.00412743331578708,0.0029356983831170212,-2.194707979387116,-1.8709717774512464,0.9859077240090297,0.9693255035161398,False,False,False,False,False
N11_BREAKAWAY,30m,16,5,157,0.0045307761928483825,0.0029356983831170212,2.4371411077778085,1.731135679527129,0.0074019506278483966,0.04171378400241276,True,False,False,False,False
N11_BREAKAWAY,30m,16,6,157,0.0023210801480420666,0.0029356983831170212,1.1706564008769946,1.069998363007142,0.12086845838834764,0.1423100227777686,True,False,False,False,False
N11_BREAKAWAY,30m,16,7,157,-0.0038555633830222764,0.0029356983831170212,-1.9772929207116667,-2.176626867089727,0.9759957352875197,0.9852457905553443,False,False,False,False,False
N11_BREAKAWAY,30m,16,8,157,7.632011257753986e-05,0.0029356983831170212,-0.04825085331085441,-2.1117786990418663,0.5192418388636197,0.9826472824271987,True,False,False,False,False
N11_BREAKAWAY,30m,16,9,157,0.002186577957204832,0.0029356983831170212,1.1014975478388114,0.3805196899179937,0.13534008557513488,0.3517798416998043,True,False,False,False,False
N11_BREAKAWAY,30m,16,10,157,-0.0029140868319117723,0.0029356983831170212,-1.5756643688657916,-0.8654781869670103,0.9424484134421456,0.8066118083674991,False,False,False,False,False
N11_BREAKAWAY,30m,16,11,157,0.0037796188311460767,0.0029356983831170212,1.7790599447188147,0.4160890250182559,0.03761496736331282,0.33867243028016014,True,False,False,False,False
N11_BREAKAWAY,30m,16,12,157,-0.000736859784941054,0.0029356983831170212,-0.4023377012798601,0.48981525870023146,0.6562822440224916,0.31213231613277737,False,False,False,False,False
N11_BREAKAWAY,30m,16,13,157,-0.0036160622907903247,0.0029356983831170212,-1.7755846862497118,-0.3759302613485356,0.9620993020445131,0.6465156287137694,False,False,False,False,False
N11_BREAKAWAY,30m,16,14,157,0.001930469238642985,0.0029356983831170212,1.0709016942959586,0.5908665944072978,0.14210681698932476,0.277304905156638,True,False,False,False,False
N11_BREAKAWAY,30m,16,15,157,0.0023651676755727723,0.0029356983831170212,1.261057201692977,1.386534147427798,0.10364411940702523,0.08279193037779536,True,False,False,False,False
N11_BREAKAWAY,30m,16,16,157,-0.0027324457742388176,0.0029356983831170212,-1.4093023399718587,0.29460880049577537,0.9206271063941422,0.38414636929449664,False,False,False,False,False
N11_BREAKAWAY,30m,16,17,157,-0.005210201608102419,0.0029356983831170212,-2.5139076928360673,-1.4076447576362976,0.9940299159394977,0.9203818563923005,False,False,False,False,False
N11_BREAKAWAY,30m,16,18,157,-0.0018611209480661492,0.0029356983831170212,-1.0013810648125732,-0.4259417317443003,0.8416786925616997,0.6649248474612685,False,False,False,False,False
N11_BREAKAWAY,30m,16,19,157,0.0010957751279222967,0.0029356983831170212,0.47062329478949727,0.9149150019807959,0.31895488472337186,0.18011812686612483,True,False,False,False,False
N11_BREAKAWAY,30m,16,20,157,0.0031682820310305186,0.0029356983831170212,1.6589957534318536,-0.2954587367717662,0.04855832400908015,0.6161782653419016,True,False,False,False,False
N11_BREAKAWAY,30m,16,21,157,0.004287335862720256,0.0029356983831170212,2.354539561167041,1.5430610706182795,0.009272834740117057,0.0614079795132405,True,False,False,False,False
N11_BREAKAWAY,30m,16,22,157,-0.0008701228590880764,0.0029356983831170212,-0.46838645421762864,-1.5289767819985882,0.6802458734345547,0.9368649000661878,False,False,False,False,False
N11_BREAKAWAY,30m,16,23,157,-0.003221616407739788,0.0029356983831170212,-1.630070384527319,-0.972126162376524,0.948456688956278,0.834506105945868,False,False,False,False,False
N11_BREAKAWAY,30m,16,24,157,-0.00248885634138451,0.0029356983831170212,-1.3540353986256695,-1.2962499177377975,0.9121374577356522,0.9025553015753758,True,False,False,False,False
N11_BREAKAWAY,30m,16,25,157,-0.0010672110929512476,0.0029356983831170212,-0.4942692175109481,0.0003272977383559452,0.6894419691481347,0.4998694270962213,True,False,False,False,False
N11_BREAKAWAY,30m,16,26,157,0.000269297584142692,0.0029356983831170212,0.20616118552354235,0.1286225266407613,0.4183325030009952,0.44882817034330447,False,False,False,False,False
N11_BREAKAWAY,30m,16,27,157,0.003321423234711519,0.0029356983831170212,1.6134304478217125,0.7828889808930677,0.053325511296397135,0.21684615440888533,True,False,False,False,False
N11_BREAKAWAY,30m,16,28,157,-0.0022051793375180728,0.0029356983831170212,-1.080691945392791,-2.269470363405931,0.8600829164098152,0.9883801312523994,False,False,False,False,False
N11_BREAKAWAY,30m,16,29,157,0.0006030194009263074,0.0029356983831170212,0.31416316942700334,0.5718329825581897,0.3766985570331138,0.2837175650584445,False,False,False,False,False
N11_BREAKAWAY,30m,16,30,157,0.001243093920886634,0.0029356983831170212,0.643130338189376,1.4510435779161694,0.2600697651456948,0.07338386301000444,True,False,False,False,False
N11_BREAKAWAY,30m,16,31,157,-0.0013465070556595703,0.0029356983831170212,-0.6951354738628714,-1.1197713724975313,0.7565147972548525,0.8685943992534274,False,False,False,False,False
N11_BREAKAWAY,30m,16,32,157,-0.0013585447683679348,0.0029356983831170212,-0.6599039207124944,0.4107653585902839,0.7453422559855887,0.3406222983434818,False,False,False,False,False
N11_BREAKAWAY,30m,16,33,157,0.004980766159863766,0.0029356983831170212,2.464282114034847,2.373738819472932,0.006864400286251361,0.00880450069164402,True,False,False,False,False
N11_BREAKAWAY,30m,16,34,157,0.0016964908311381175,0.0029356983831170212,0.8448665847050192,0.42397182392694466,0.1990926665480724,0.33579318101600897,True,False,False,False,False
N11_BREAKAWAY,30m,16,35,157,-0.0019602972135967216,0.0029356983831170212,-1.035662311711444,-0.23263831304724347,0.8498201446084495,0.5919788630427584,False,False,False,False,False
N11_BREAKAWAY,30m,16,36,157,0.005571065898211756,0.0029356983831170212,2.929099948699193,1.9123077400453588,0.0016997254626578667,0.027918366822057183,True,False,False,False,False
N11_BREAKAWAY,30m,16,37,157,-0.001989481326753735,0.0029356983831170212,-1.063925356368326,-1.5592608766676868,0.8563187423717857,0.9405326762313654,False,False,False,False,False
N11_BREAKAWAY,30m,16,38,157,0.0027262915997109103,0.0029356983831170212,1.5302104548940982,1.7441732730739843,0.06298232217239035,0.040564440139885576,True,False,False,False,False
N11_BREAKAWAY,30m,16,39,157,-0.0016461051757699031,0.0029356983831170212,-0.7523172151740014,-0.04876316219330821,0.7740698412203577,0.5194459802287468,False,False,False,False,False
N11_BREAKAWAY,30m,16,40,157,0.003980847932109448,0.0029356983831170212,1.962823970478707,1.1746659236680501,0.024833315757889968,0.12006419876970059,True,False,False,False,False
N11_BREAKAWAY,30m,16,41,157,-0.0006467016992883244,0.0029356983831170212,-0.3714778572998752,-0.20251205201311778,0.6448591773522424,0.580241781270501,False,False,False,False,False
N11_BREAKAWAY,30m,16,42,157,-0.0006103153284090622,0.0029356983831170212,-0.32903302084349406,-0.7614837162724064,0.6289346353236458,0.7768158993276915,True,False,False,False,False
N11_BREAKAWAY,30m,16,43,157,0.001689261919277708,0.0029356983831170212,0.8754474705917962,0.49018356342172753,0.19066524007451602,0.3120020053291539,True,False,False,False,False
N11_BREAKAWAY,30m,16,44,157,0.004197713917647504,0.0029356983831170212,2.2225162847090267,1.5936051985823048,0.013124217371645958,0.0555122446981986,True,False,False,False,False
N11_BREAKAWAY,30m,16,45,157,0.00040143386231834187,0.0029356983831170212,0.20908083049938608,0.32601139664200635,0.41719256951998274,0.372207866260615,True,False,False,False,False
N11_BREAKAWAY,30m,16,46,157,0.0007155636162064759,0.0029356983831170212,0.3801957816124411,0.03646087961040838,0.35190004517430296,0.4854574357513132,True,False,False,False,False
N11_BREAKAWAY,30m,16,47,157,-0.004414545656039965,0.0029356983831170212,-2.0558209773595992,-1.7197111056116456,0.9801001123712472,0.9572575159462786,False,False,False,False,False
N11_BREAKAWAY,30m,16,48,157,-0.002840325432902823,0.0029356983831170212,-1.3820375506643523,-0.3252205020243789,0.9165199142131887,0.6274929035018151,True,False,False,False,False
N11_BREAKAWAY,30m,16,49,157,-0.0006310359743871282,0.0029356983831170212,-0.3140625259259602,-0.7396094848732992,0.6232632247376847,0.7702315076130144,False,False,False,False,False
N11_BREAKAWAY,30m,16,50,157,0.00185110935125512,0.0029356983831170212,0.9326447454941393,-0.9994953220235382,0.17550171120816466,0.8412225979579762,True,False,False,False,False
N11_BREAKAWAY,30m,16,51,157,-0.00014883697614231564,0.0029356983831170212,-0.1030424109535106,-0.5229471726833679,0.5410353444965469,0.6994944919779058,False,False,False,False,False
N11_BREAKAWAY,30m,16,52,157,0.0013616897188229741,0.0029356983831170212,0.7104434632048482,-0.7782200427553565,0.23871458941121165,0.7817803485047202,True,False,False,False,False
N11_BREAKAWAY,30m,16,53,157,0.005718832589104986,0.0029356983831170212,3.1483406252468633,1.6176983172043493,0.0008210011718445406,0.05286381442197051,True,False,False,False,False
N11_BREAKAWAY,30m,16,54,157,-0.00017149775029038638,0.0029356983831170212,-0.11926886891265565,-1.1222230499404373,0.5474688267865456,0.8691161927437095,False,False,False,False,False
N11_BREAKAWAY,30m,16,55,157,0.00039114995858036903,0.0029356983831170212,0.19670509021761345,-0.053789926675737315,0.42202916325218054,0.521448732375074,False,False,False,False,False
N11_BREAKAWAY,30m,16,56,157,-0.0015770540199909408,0.0029356983831170212,-0.7944282408061959,0.036195976227636636,0.7865269155408023,0.4855630471970154,False,False,False,False,False
N11_BREAKAWAY,30m,16,57,157,-0.0012656048216269466,0.0029356983831170212,-0.6561582658572088,-0.7062262115760618,0.744138850865617,0.7599762637987519,True,False,False,False,False
N11_BREAKAWAY,30m,16,58,157,0.0016494700930331234,0.0029356983831170212,0.8275375602243619,0.8347243305147884,0.20396622111717427,0.20193646965463385,True,False,False,False,False
N11_BREAKAWAY,30m,16,59,157,-0.0037321616292037172,0.0029356983831170212,-1.8076108427293012,-0.6418334568007344,0.9646664552506979,0.7395093380593829,False,False,False,False,False
N11_BREAKAWAY,30m,16,60,157,-0.0021301412413560327,0.0029356983831170212,-1.1365127536814812,-0.530939169871991,0.872128984496366,0.7022695334198665,False,False,False,False,False
N11_BREAKAWAY,30m,16,61,157,0.0030151528853062447,0.0029356983831170212,1.5337372176742756,0.7272391794905297,0.06254715689060374,0.23353972449985955,True,False,False,False,False
N11_BREAKAWAY,30m,16,62,157,0.0005409807206499857,0.0029356983831170212,0.27563377646339887,1.190450446450506,0.3914146821814585,0.11693469778596827,True,False,False,False,False
N11_BREAKAWAY,30m,16,63,157,0.006120033593274019,0.0029356983831170212,2.8064818527934925,2.339908801845044,0.002504286677239151,0.009644224620644602,True,False,False,False,False
N11_BREAKAWAY,30m,16,64,157,0.0003996298417437452,0.0029356983831170212,0.28157005463170737,0.07471274992098328,0.3891366022227948,0.4702216315290557,False,False,False,False,False
N11_BREAKAWAY,30m,16,65,157,0.0010470397010649524,0.0029356983831170212,0.4979856566688115,-0.1043086405228335,0.30924707594229495,0.5415377894125512,True,False,False,False,False
N11_BREAKAWAY,30m,16,66,157,-0.0007011663314447949,0.0029356983831170212,-0.3859395535503411,-0.07872887189448644,0.650229281898337,0.5313758598505915,False,False,False,False,False
N11_BREAKAWAY,30m,16,67,157,0.005344956914912649,0.0029356983831170212,2.914641451545814,1.871608109451578,0.001780486972022773,0.03063042032931251,True,False,False,False,False
N11_BREAKAWAY,30m,16,68,157,0.0010855492097622003,0.0029356983831170212,0.49287782420561416,0.35234854485848377,0.3110494585860183,0.3622884429447172,True,False,False,False,False
N11_BREAKAWAY,30m,16,69,157,-0.0008198958240655243,0.0029356983831170212,-0.44298659503815807,0.9124748682660417,0.6711122846537014,0.18075939670030317,False,False,False,False,False
N11_BREAKAWAY,30m,16,70,157,-0.0014425194684316613,0.0029356983831170212,-0.7099192516783168,-0.7704113531684469,0.7611228943447083,0.7794720395260811,False,False,False,False,False
N11_BREAKAWAY,30m,16,71,157,-0.0005425199778295639,0.0029356983831170212,-0.3264673757097751,0.9113001506342053,0.6279646156379228,0.18106862354306397,False,False,False,False,False
N11_BREAKAWAY,30m,16,72,157,-0.002702885836393401,0.0029356983831170212,-1.3630482547847091,-1.3530844625965794,0.913566348425227,0.9119856756191285,False,False,False,False,False
N11_BREAKAWAY,30m,16,73,157,0.006636540615532126,0.0029356983831170212,3.1365292406424654,1.7738693764689861,0.0008548019404792964,0.03804237961207426,True,False,False,False,False
N11_BREAKAWAY,30m,16,74,157,-0.00037601926439578544,0.0029356983831170212,-0.21239565483871345,-0.3392505249245036,0.5841008123057917,0.6327894948856243,False,False,False,False,False
N11_BREAKAWAY,30m,16,75,157,0.00448042007396525,0.0029356983831170212,2.2415440591580555,2.039096799426903,0.012495427461349358,0.02072018379118135,True,False,False,False,False
N11_BREAKAWAY,30m,16,76,157,-0.0021940423684934946,0.0029356983831170212,-1.0891969526163552,-1.2867677094004206,0.861966478752607,0.9009123675263472,False,False,False,False,False
N11_BREAKAWAY,30m,16,77,157,0.002971147699036297,0.0029356983831170212,1.4138081232528679,1.7153748897490715,0.07870912391074586,0.043138258055485455,True,False,False,False,False
N11_BREAKAWAY,30m,16,78,157,-0.0023469498899210983,0.0029356983831170212,-1.2993688136320045,-0.10524103557862691,0.903091305513042,0.5419077250923355,False,False,False,False,False
N11_BREAKAWAY,30m,16,79,157,-0.0006239857050743255,0.0029356983831170212,-0.3505505813761037,-0.2619700265348449,0.6370372316067332,0.6033277246259978,False,False,False,False,False
N11_BREAKAWAY,30m,16,80,157,-0.001595630184980648,0.0029356983831170212,-0.8155112107724629,-0.8975948682272016,0.7926101249578135,0.8152992120368203,False,False,False,False,False
N11_BREAKAWAY,30m,16,81,157,0.004563335717927656,0.0029356983831170212,2.3623454018587338,2.8825950041493895,0.009079856947302215,0.0019720708964196328,True,False,False,False,False
N11_BREAKAWAY,30m,16,82,157,0.0002983325460902246,0.0029356983831170212,0.1360911275882102,0.4428344513285775,0.445874620715685,0.3289427411444301,False,False,False,False,False
N11_BREAKAWAY,30m,16,83,157,0.0019063145289575075,0.0029356983831170212,0.9849359528337294,1.1137576655556964,0.16232776596288823,0.1326915815492989,True,False,False,False,False
N11_BREAKAWAY,30m,16,84,157,0.0021910992575935317,0.0029356983831170212,1.1537383247911384,1.5599437294287126,0.12430373323206934,0.059386589665114675,True,False,False,False,False
N11_BREAKAWAY,30m,16,85,157,-0.0013043282570467476,0.0029356983831170212,-0.7221778623545664,0.5347767947896007,0.7649074339777686,0.29640210554630675,False,False,False,False,False
N11_BREAKAWAY,30m,16,86,157,-0.004372847353729557,0.0029356983831170212,-2.282712286702754,-1.834722502356318,0.9887763392158201,0.9667265918054797,False,False,False,False,False
N11_BREAKAWAY,30m,16,87,157,0.0038511439919448314,0.0029356983831170212,1.9086106716058426,1.430811336147937,0.02815616712502497,0.07624214663605612,True,False,False,False,False
N11_BREAKAWAY,30m,16,88,157,0.005337333732663791,0.0029356983831170212,2.8458950243866545,2.5219311416194925,0.0022143395919046165,0.0058356276144327385,True,False,False,False,False
N11_BREAKAWAY,30m,16,89,157,0.0019846139715883585,0.0029356983831170212,0.9561054308564033,0.8566827326926553,0.16950948564563878,0.19581012439250794,True,False,False,False,False
N11_BREAKAWAY,30m,16,90,157,0.0006983258628869356,0.0029356983831170212,0.4049235322570578,0.09474898107224522,0.3427668600776649,0.4622571058389024,True,False,False,False,False
N11_BREAKAWAY,30m,16,91,157,0.0024916971588428163,0.0029356983831170212,1.2997135004281644,2.488503661429463,0.0968495907574019,0.006414095812724052,True,False,False,False,False
N11_BREAKAWAY,30m,16,92,157,0.0031994162471795833,0.0029356983831170212,1.6510803781863488,2.506901370636532,0.049361081679318596,0.006089734566914771,True,False,False,False,False
N11_BREAKAWAY,30m,16,93,157,0.0009362207383902597,0.0029356983831170212,0.45308025995109424,0.3895851839908659,0.3252454745760138,0.34842165482855786,False,False,False,False,False
N11_BREAKAWAY,30m,16,94,157,-0.0007659976277815972,0.0029356983831170212,-0.37415061246950215,-0.6101960623243439,0.6458538673233096,0.729134031053517,True,False,False,False,False
N11_BREAKAWAY,30m,16,95,157,-0.0018281194481507691,0.0029356983831170212,-1.0174560311516676,0.1490136797045148,0.845531730623655,0.440771419320341,False,False,False,False,False
N11_BREAKAWAY,30m,16,96,157,-0.003739832487073621,0.0029356983831170212,-1.8754385316650732,-0.8920853175975049,0.9696337907957212,0.8138263979975506,False,False,False,False,False
N11_BREAKAWAY,30m,16,97,157,-0.0007647435642303629,0.0029356983831170212,-0.4838694024561148,-0.6621174867885549,0.6857607217338542,0.7460520351458195,True,False,False,False,False
N11_BREAKAWAY,30m,16,98,157,0.002227866647701074,0.0029356983831170212,1.0416701505710677,1.1618959457996214,0.1487823162853555,0.12263886707337723,True,False,False,False,False
N11_BREAKAWAY,30m,16,99,157,0.00044994166800114315,0.0029356983831170212,0.2555710027128463,0.16366607566590766,0.39914105570656,0.43499701253366085,True,False,False,False,False
N11_BREAKAWAY,30m,16,100,157,0.0013494288738106865,0.0029356983831170212,0.6789657574756875,-0.18806051538212293,0.24857977940985643,0.5745853935271655,True,False,False,False,False
N11_BREAKAWAY,30m,16,101,157,-0.0019021219831042004,0.0029356983831170212,-0.9033863179760989,-0.8949833815483003,0.8168395505361296,0.8146020141657212,False,False,False,False,False
N11_BREAKAWAY,30m,16,102,157,0.0033103802380328564,0.0029356983831170212,1.625358347366031,0.46284847149192293,0.052043112821828705,0.3217364923271535,True,False,False,False,False
N11_BREAKAWAY,30m,16,103,157,0.0002533433275034667,0.0029356983831170212,0.07729371773206041,-0.3719357356158119,0.46919494424064456,0.6450296512088157,False,False,False,False,False
N11_BREAKAWAY,30m,16,104,157,-0.0019714686024699967,0.0029356983831170212,-0.9965671072730737,-1.1617139874778801,0.8405126607484672,0.8773241689535906,False,False,False,False,False
N11_BREAKAWAY,30m,16,105,157,0.001738456870370057,0.0029356983831170212,0.8552385751584204,1.6904866094984488,0.19620954241036004,0.04546744895217306,True,False,False,False,False
N11_BREAKAWAY,30m,16,106,157,0.004113702924096298,0.0029356983831170212,2.0900507344207857,0.6811409700517359,0.01830662124750897,0.24789114759855846,True,False,False,False,False
N11_BREAKAWAY,30m,16,107,157,-0.0008054344536165783,0.0029356983831170212,-0.37947026976340525,-1.5080852029106426,0.6478306612110116,0.9342336390865958,False,False,False,False,False
N11_BREAKAWAY,30m,16,108,157,0.004509019922245002,0.0029356983831170212,2.4990356907110254,1.5982769338827,0.00622658841681201,0.05499067923433914,True,False,False,False,False
N11_BREAKAWAY,30m,16,109,157,-0.0001564851486032736,0.0029356983831170212,-0.0975712048268236,0.2266404293836436,0.5388636047022568,0.4103516760492281,False,False,False,False,False
N11_BREAKAWAY,30m,16,110,157,-0.0005388024379840184,0.0029356983831170212,-0.2479855458962717,0.511596450867521,0.5979272048637074,0.3044667349568721,False,False,False,False,False
N11_BREAKAWAY,30m,16,111,157,0.003767498496346501,0.0029356983831170212,1.9111711868975017,2.036013182058751,0.02799129266890607,0.02087451580294617,True,False,False,False,False
N11_BREAKAWAY,30m,16,112,157,-0.005013288029181246,0.0029356983831170212,-2.4495243305621823,-0.7280636116491848,0.9928477477414127,0.7667126762328281,False,False,False,False,False
N11_BREAKAWAY,30m,16,113,157,0.000271475672153296,0.0029356983831170212,0.17655788348266038,0.6608346139986361,0.4299278391879009,0.25435919102405713,False,False,False,False,False
N11_BREAKAWAY,30m,16,114,157,-0.0033103804849154727,0.0029356983831170212,-1.6924536139632305,-1.1059253368479944,0.9547202413518748,0.8656205814052939,False,False,False,False,False
N11_BREAKAWAY,30m,16,115,157,0.0054413528187053474,0.0029356983831170212,2.595947725717292,1.9333458456281922,0.004716520768233521,0.026596803838500754,True,False,False,False,False
N11_BREAKAWAY,30m,16,116,157,0.004970276476840084,0.0029356983831170212,2.4936053175613653,1.2594437960634812,0.006322653219889094,0.10393503942944282,True,False,False,False,False
N11_BREAKAWAY,30m,16,117,157,0.004871705871551573,0.0029356983831170212,2.3386227581125634,1.1540624949660017,0.009677482958263017,0.12423727411356716,True,False,False,False,False
N11_BREAKAWAY,30m,16,118,157,0.0008117609879953161,0.0029356983831170212,0.4492521877814212,0.44831653351175527,0.32662487209890756,0.32696238501338987,True,False,False,False,False
N11_BREAKAWAY,30m,16,119,157,0.00012267419460108744,0.0029356983831170212,0.1222674665335891,0.1027232623138798,0.4513435982974142,0.4590913053256782,True,False,False,False,False
N11_BREAKAWAY,30m,16,120,157,-0.007436063660851655,0.0029356983831170212,-3.7313880617753648,-3.7353654439999002,0.999904786189029,0.999906278607822,False,False,False,False,False
N11_BREAKAWAY,30m,16,121,157,0.0005799469869771999,0.0029356983831170212,0.3620507725601608,0.9215944787084865,0.35865704469800375,0.17837006976803538,True,False,False,False,False
N11_BREAKAWAY,30m,16,122,157,0.0011178157758491192,0.0029356983831170212,0.492407338317933,-0.9701265921237755,0.31121570632305745,0.8340083022572,True,False,False,False,False
N11_BREAKAWAY,30m,16,123,157,0.0016127535519340484,0.0029356983831170212,0.7511748613755165,0.6723311951040487,0.22627371354708653,0.2506864372849896,True,False,False,False,False
N11_BREAKAWAY,30m,16,124,157,0.0011863813344730318,0.0029356983831170212,0.6186605638469564,0.6032222077939069,0.2680699973672794,0.2731804379478989,False,False,False,False,False
N11_BREAKAWAY,30m,16,125,157,-0.0015212527290405892,0.0029356983831170212,-0.78085336917151,-0.2875008319348458,0.7825556296552739,0.6131355674882386,False,False,False,False,False
N11_BREAKAWAY,30m,16,126,157,0.0016948945506510282,0.0029356983831170212,0.845641787269641,-0.3651750869020785,0.19887630334114242,0.6425096430869375,True,False,False,False,False
N11_BREAKAWAY,30m,16,127,157,0.0025357238285521016,0.0029356983831170212,1.3012521802234758,0.7904056755660367,0.09658607483889181,0.21464544434836935,True,False,False,False,False
N11_BREAKAWAY,30m,16,128,157,0.00037230756088946497,0.0029356983831170212,0.14876927292024864,-0.5714957606370682,0.44086784871840323,0.7161681833888617,True,False,False,False,False
N11_BREAKAWAY,30m,16,129,157,0.0016927235815471437,0.0029356983831170212,0.8249309700375055,-0.3587303417451045,0.20470539120276426,0.6401015861462861,False,False,False,False,False
N11_BREAKAWAY,30m,16,130,157,-0.00335355959679558,0.0029356983831170212,-1.8014152514042006,-1.7773359612102193,0.9641812729740755,0.962243509864267,False,False,False,False,False
N11_BREAKAWAY,30m,16,131,157,0.0009581496001082718,0.0029356983831170212,0.5337053222644295,-0.4111893528929819,0.2967727131576099,0.6595331526123378,False,False,False,False,False
N11_BREAKAWAY,30m,16,132,157,0.00402526542979318,0.0029356983831170212,2.146581203163057,1.3992614523066416,0.015913318840885465,0.08086729728627151,True,False,False,False,False
N11_BREAKAWAY,30m,16,133,157,0.0049012962740566214,0.0029356983831170212,2.3573197542029996,1.8094801596755195,0.009203694542134417,0.03518821987390415,True,False,False,False,False
N11_BREAKAWAY,30m,16,134,157,0.001424527596849777,0.0029356983831170212,0.6520563050629373,-0.45537042610620393,0.25718242521468676,0.6755786161374092,True,False,False,False,False
N11_BREAKAWAY,30m,16,135,157,0.0021428451515735185,0.0029356983831170212,1.1381908606146134,0.6165184847565162,0.12752039707081791,0.2687761879245584,True,False,False,False,False
N11_BREAKAWAY,30m,16,136,157,-0.004113945891915281,0.0029356983831170212,-2.0128610760481145,-0.7789327962509565,0.9779353767833272,0.7819903482819951,True,False,False,False,False
N11_BREAKAWAY,30m,16,137,157,0.0023846710604224445,0.0029356983831170212,1.227233246658957,-0.13192934878997906,0.10986746844546241,0.5524799127282518,True,False,False,False,False
N11_BREAKAWAY,30m,16,138,157,-0.0006957011036785347,0.0029356983831170212,-0.35487621657955676,0.10171447239023203,0.6386588366248503,0.45949165721054763,False,False,False,False,False
N11_BREAKAWAY,30m,16,139,157,-0.0004193716389319989,0.0029356983831170212,-0.26900082980492934,-1.5312305837142401,0.6060354779477024,0.9371437926856517,False,False,False,False,False
N11_BREAKAWAY,30m,16,140,157,-0.0032933414630680843,0.0029356983831170212,-1.6655987828614625,-1.0198968554457863,0.9521033231313519,0.846111309471155,False,False,False,False,False
N11_BREAKAWAY,30m,16,141,157,-0.0020247804052328884,0.0029356983831170212,-1.1140659629771381,-1.170504556524032,0.8673745553399637,0.87910100922001,False,False,False,False,False
N11_BREAKAWAY,30m,16,142,157,-0.0013647393480798772,0.0029356983831170212,-0.6949854370365669,-0.4742474477371876,0.7564677859679094,0.6823382690794257,False,False,False,False,False
N11_BREAKAWAY,30m,16,143,157,0.004360237763141144,0.0029356983831170212,2.409464105650885,0.328509277439606,0.007987983747820405,0.37126331539411106,True,False,False,False,False
N11_BREAKAWAY,30m,16,144,157,0.001561169693927306,0.0029356983831170212,0.8154051540164351,0.25916261197722124,0.2074202175560853,0.397754888555277,True,False,False,False,False
N11_BREAKAWAY,30m,16,145,157,0.00047588196914542384,0.0029356983831170212,0.26933789849723055,0.853388077561253,0.3938348352755649,0.19672206544303117,True,False,False,False,False
N11_BREAKAWAY,30m,16,146,157,-0.0017829750708567007,0.0029356983831170212,-0.9890865064264598,-1.4213675672029975,0.8386895905262248,0.9223950349764186,False,False,False,False,False
N11_BREAKAWAY,30m,16,147,157,-0.0006112873428104534,0.0029356983831170212,-0.2443140426710902,-0.6160547131238654,0.5965061957610638,0.7310707950587706,True,False,False,False,False
N11_BREAKAWAY,30m,16,148,157,-0.0030131002771572137,0.0029356983831170212,-1.46929803155128,-0.26089631636017035,0.9291240147471469,0.6029137671915712,False,False,False,False,False
N11_BREAKAWAY,30m,16,149,157,-0.0034534738286977873,0.0029356983831170212,-1.780615480005707,-2.171070250387464,0.9625123554305121,0.9850370687736952,False,False,False,False,False
N11_BREAKAWAY,30m,16,150,157,0.0029357775930918713,0.0029356983831170212,1.461318437580944,2.221313757100152,0.07196403615055526,0.013164858862427912,True,False,False,False,False
N11_BREAKAWAY,30m,16,151,157,-0.0013569018690476327,0.0029356983831170212,-0.6446098524825263,-0.6377155023737547,0.7404099757685353,0.7381705538457841,False,False,False,False,False
N11_BREAKAWAY,30m,16,152,157,0.005472679965679632,0.0029356983831170212,2.801805177244115,1.9316100006358274,0.0025408775956455064,0.02670383028308014,True,False,False,False,False
N11_BREAKAWAY,30m,16,153,157,0.002030774924985804,0.0029356983831170212,1.0219168255491693,0.4860403678246298,0.15341013412732052,0.31346927256863677,True,False,False,False,False
N11_BREAKAWAY,30m,16,154,157,0.004951980197084614,0.0029356983831170212,2.623652636788192,1.2861383789414944,0.004349622805630036,0.09919738600753492,True,False,False,False,False
N11_BREAKAWAY,30m,16,155,157,-0.0007291982774458174,0.0029356983831170212,-0.3347273753124595,-2.0167187620935745,0.6310846254969791,0.9781375645831223,True,False,False,False,False
N11_BREAKAWAY,30m,16,156,157,0.0005849991032617775,0.0029356983831170212,0.31051991710455784,0.9621012850916423,0.37808280793155763,0.16799936432747897,False,False,False,False,False
N11_BREAKAWAY,30m,16,157,157,0.0024729516445483484,0.0029356983831170212,1.1930606798605572,0.7075680180689204,0.11642280466742178,0.2396067797521106,True,False,False,False,False
N11_BREAKAWAY,30m,16,158,157,-0.0005048855516764008,0.0029356983831170212,-0.2860509056701702,0.17255986152116673,0.6125804336863834,0.43149870218854647,True,False,False,False,False
N11_BREAKAWAY,30m,16,159,157,-0.0016758818982060557,0.0029356983831170212,-0.8661891494716918,-0.5907064084538652,0.8068067786566044,0.7226414233253318,False,False,False,False,False
N11_BREAKAWAY,30m,16,160,157,0.00040517279618844355,0.0029356983831170212,0.22919728944404524,-0.16825860738647955,0.4093577896127997,0.5668100819682308,True,False,False,False,False
N11_BREAKAWAY,30m,16,161,157,-0.0038497846439783908,0.0029356983831170212,-1.854420992578997,-2.4258537470687234,0.9681605231107434,0.9923637882193949,False,False,False,False,False
N11_BREAKAWAY,30m,16,162,157,0.0032172661300556883,0.0029356983831170212,1.6231420667081873,0.4916984967117541,0.052279519403180034,0.311466250562913,True,False,False,False,False
N11_BREAKAWAY,30m,16,163,157,-0.0017290447458853037,0.0029356983831170212,-0.9524356984874585,0.4899409117701302,0.8295619689542876,0.3120878558667103,False,False,False,False,False
N11_BREAKAWAY,30m,16,164,157,-0.00020662253045732306,0.0029356983831170212,-0.07563505789844538,0.06838282276427327,0.5301452779158097,0.4727404476338285,True,False,False,False,False
N11_BREAKAWAY,30m,16,165,157,0.000600169067471894,0.0029356983831170212,0.27379416382593336,0.8658808144205201,0.39212140445088733,0.1932777626449737,False,False,False,False,False
N11_BREAKAWAY,30m,16,166,157,-0.0007675835014402912,0.0029356983831170212,-0.3914505201528278,0.42052595098649886,0.6522678721409596,0.33705063781106825,True,False,False,False,False
N11_BREAKAWAY,30m,16,167,157,-0.0032764144388553727,0.0029356983831170212,-1.5949672454888344,-0.7651020116662546,0.9446402197180355,0.7778945989586443,False,False,False,False,False
N11_BREAKAWAY,30m,16,168,157,0.0010425882095573408,0.0029356983831170212,0.45414222125262876,-0.508569696319461,0.3248632330741894,0.6944730627286393,False,False,False,False,False
N11_BREAKAWAY,30m,16,169,157,-0.004057124217424383,0.0029356983831170212,-1.992563243552263,-1.020071036138849,0.9768453532776282,0.8461526139552691,False,False,False,False,False
N11_BREAKAWAY,30m,16,170,157,-0.001358111694827103,0.0029356983831170212,-0.7191072742393669,-0.7373649418583539,0.7639625871635078,0.7695497754131924,False,False,False,False,False
N11_BREAKAWAY,30m,16,171,157,0.00030811125631572604,0.0029356983831170212,0.2282713461662171,0.5901909338007079,0.40971764948673006,0.2775313248285219,False,False,False,False,False
N11_BREAKAWAY,30m,16,172,157,-0.007176136896878844,0.0029356983831170212,-3.5732444786107274,-2.025647209140048,0.9998237073553206,0.9785995249675477,False,False,False,False,False
N11_BREAKAWAY,30m,16,173,157,-0.0013076580724059276,0.0029356983831170212,-0.6834838073333565,-0.7178352208951913,0.7528494106072803,0.763570553133349,False,False,False,False,False
N11_BREAKAWAY,30m,16,174,157,-0.0008398914787026531,0.0029356983831170212,-0.3674823347742357,-0.4886132624804358,0.6433703668398386,0.6874422391161853,False,False,False,False,False
N11_BREAKAWAY,30m,16,175,157,-0.0026359353736546414,0.0029356983831170212,-1.239660557414841,-0.7044389645714244,0.8924495141246236,0.7594202761393414,False,False,False,False,False
N11_BREAKAWAY,30m,16,176,157,-0.001113808033135437,0.0029356983831170212,-0.49605696207790645,-0.23454662291702907,0.6900728886041537,0.5927196787210884,False,False,False,False,False
N11_BREAKAWAY,30m,16,177,157,0.003815151420576702,0.0029356983831170212,2.018624932284845,0.14204603940148194,0.02176310881165715,0.4435218200852306,True,False,False,False,False
N11_BREAKAWAY,30m,16,178,157,0.0005397496692471929,0.0029356983831170212,0.18775661313885855,-0.0032268354443747947,0.4255337242503058,0.5012873188566311,True,False,False,False,False
N11_BREAKAWAY,30m,16,179,157,0.005905912328951479,0.0029356983831170212,3.0400610614728087,3.4453928442482638,0.001182650943152785,0.00028511500186239805,True,False,False,False,False
N11_BREAKAWAY,30m,16,180,157,0.0013921315266357205,0.0029356983831170212,0.6800280025268255,0.3773074576185831,0.24824336513658646,0.3529725653412843,True,False,False,False,False
N11_BREAKAWAY,30m,16,181,157,0.0010472331696846787,0.0029356983831170212,0.421522061783432,0.35052896649049514,0.336686952370739,0.3629708776371093,False,False,False,False,False
N11_BREAKAWAY,30m,16,182,157,-0.0017246833593768552,0.0029356983831170212,-0.8571574931229996,-0.8948120386674858,0.8043210746717075,0.8145562131068365,False,False,False,False,False
N11_BREAKAWAY,30m,16,183,157,0.002779445585466597,0.0029356983831170212,1.3671353117661216,1.0219449086947274,0.085791448413012,0.15340348783128466,True,False,False,False,False
N11_BREAKAWAY,30m,16,184,157,-0.001716905254197921,0.0029356983831170212,-0.7405056765590935,0.4758424968773287,0.7705033909769861,0.3170932957075353,False,False,False,False,False
N11_BREAKAWAY,30m,16,185,157,0.0009025888810549166,0.0029356983831170212,0.4397541599543176,0.787878623402291,0.33005758573092825,0.21538385303710916,False,False,False,False,False
N11_BREAKAWAY,30m,16,186,157,0.0015791836003221627,0.0029356983831170212,0.7662329402719092,1.450186701721104,0.22176885584538414,0.07350323120640075,False,False,False,False,False
N11_BREAKAWAY,30m,16,187,157,4.109754797748914e-06,0.0029356983831170212,-0.0691693559753565,-0.09723082480692222,0.5275725924713642,0.5387284553226639,True,False,False,False,False
N11_BREAKAWAY,30m,16,188,157,-0.0016851053619928403,0.0029356983831170212,-0.8553337693405245,-0.45612089036335535,0.8038168011294401,0.6758484756285235,False,False,False,False,False
N11_BREAKAWAY,30m,16,189,157,-0.0008865135784150741,0.0029356983831170212,-0.4972710314320463,-0.09997675002355426,0.6905010314775814,0.539818608128922,False,False,False,False,False
N11_BREAKAWAY,30m,16,190,157,-0.0018166806926831537,0.0029356983831170212,-0.9694247012765114,0.011190162567656703,0.8338333335806403,0.49553586419371026,False,False,False,False,False
N11_BREAKAWAY,30m,16,191,157,0.0012755010165810775,0.0029356983831170212,0.5802345085708047,0.6488173583131064,0.28087824268977524,0.25822821814047164,True,False,False,False,False
N11_BREAKAWAY,30m,16,192,157,-0.00387920404902837,0.0029356983831170212,-1.9824357086201674,-0.9255334216464696,0.976284751833304,0.8226557464276278,False,False,False,False,False
N11_BREAKAWAY,30m,16,193,157,0.002294609509479925,0.0029356983831170212,1.0893393338010677,0.8558920908977391,0.13800213666444355,0.19602873506756996,True,False,False,False,False
N11_BREAKAWAY,30m,16,194,157,0.0013637327572628445,0.0029356983831170212,0.6627663782550159,0.16713433607077188,0.25374009498172423,0.433632174848956,False,False,False,False,False
N11_BREAKAWAY,30m,16,195,157,0.0007562264356393176,0.0029356983831170212,0.3331939225023145,0.23931438792297932,0.36949395271342844,0.40543090477971444,True,False,False,False,False
N11_BREAKAWAY,30m,16,196,157,0.0015265767351251532,0.0029356983831170212,0.7490575081260533,0.941366169113225,0.22691127225283275,0.1732586221712108,True,False,False,False,False
N11_BREAKAWAY,30m,16,197,157,-0.002999100805312401,0.0029356983831170212,-1.4895790875629653,-1.0436698348244684,0.931832527981602,0.8516809146444683,False,False,False,False,False
N11_BREAKAWAY,30m,16,198,157,0.00033710299192139527,0.0029356983831170212,0.1730540024416749,0.3416366715143282,0.4313044900460271,0.36631216802703925,True,False,False,False,False
N11_BREAKAWAY,30m,16,199,157,-0.00045533041523662296,0.0029356983831170212,-0.2320202511358781,-0.31201288620206447,0.5917388575914853,0.6224846349503061,True,False,False,False,False
N11_BREAKAWAY,30m,16,200,157,-0.0018708473076013146,0.0029356983831170212,-0.9536985218958941,0.25451018714622997,0.8298818657069758,0.3995507174749796,False,False,False,False,False
N11_BREAKAWAY,30m,16,201,157,-0.0003145571767902645,0.0029356983831170212,-0.04717441125846793,0.31951536919912427,0.5188128891661683,0.3746678693811536,False,False,False,False,False
N11_BREAKAWAY,30m,16,202,157,-0.0015886048282962456,0.0029356983831170212,-0.8179828619726628,0.0346164899117787,0.7933165133591239,0.4861927761660386,True,False,False,False,False
N11_BREAKAWAY,30m,16,203,157,0.005383632181402155,0.0029356983831170212,2.8337629156480144,1.7850893185563539,0.0023001724019227287,0.03712341512898991,True,False,False,False,False
N11_BREAKAWAY,30m,16,204,157,9.855514601902648e-05,0.0029356983831170212,0.02779248306110159,1.1498530398374633,0.4889138306483513,0.1251022026221162,True,False,False,False,False
N11_BREAKAWAY,30m,16,205,157,0.0009225127848617476,0.0029356983831170212,0.5964474699992465,1.00776251393892,0.27543816818700734,0.15678424290578735,False,False,False,False,False
N11_BREAKAWAY,30m,16,206,157,-0.0037344399226803466,0.0029356983831170212,-1.9634139216850768,-1.5526458756567694,0.9752009512609716,0.9397461203012836,False,False,False,False,False
N11_BREAKAWAY,30m,16,207,157,0.0069025363975738566,0.0029356983831170212,3.4062403099918357,2.4545081526678714,0.0003293208848581541,0.00705387327533003,True,False,False,False,False
N11_BREAKAWAY,30m,16,208,157,0.0003931738009285832,0.0029356983831170212,0.21135734297704395,-0.6103715444595338,0.4163042200933818,0.7291921432491576,False,False,False,False,False
N11_BREAKAWAY,30m,16,209,157,-0.0004726046674591898,0.0029356983831170212,-0.22990360961374737,-0.20890390823656646,0.590916664306518,0.5827383734280326,True,False,False,False,False
N11_BREAKAWAY,30m,16,210,157,0.003042425820485128,0.0029356983831170212,1.599716631371264,1.9880171657424597,0.054830730310392956,0.02340489576381501,True,False,False,False,False
N11_BREAKAWAY,30m,16,211,157,0.0015412763853089992,0.0029356983831170212,0.8507608015260788,0.4422488599321542,0.19745112018649363,0.3291545665056717,True,False,False,False,False
N11_BREAKAWAY,30m,16,212,157,0.004220819230035915,0.0029356983831170212,2.2628577326471313,1.6205879763153377,0.011822230329293928,0.05255301629698249,True,False,False,False,False
N11_BREAKAWAY,30m,16,213,157,4.88827828835562e-05,0.0029356983831170212,0.049624330720282626,1.5231711446348248,0.4802108787021152,0.06385794661907304,True,False,False,False,False
N11_BREAKAWAY,30m,16,214,157,-0.003140462350193826,0.0029356983831170212,-1.5944506494212578,-0.9257348429810451,0.9445824321053727,0.8227081021425608,False,False,False,False,False
N11_BREAKAWAY,30m,16,215,157,0.000962410657032964,0.0029356983831170212,0.4205788765968959,0.7137766821495442,0.3370313105488276,0.23768264030726854,False,False,False,False,False
N11_BREAKAWAY,30m,16,216,157,0.0010571509238953777,0.0029356983831170212,0.5293695455824234,-0.12862257225396642,0.2982745600954188,0.5511718477038288,False,False,False,False,False
N11_BREAKAWAY,30m,16,217,157,-0.0018838158093444056,0.0029356983831170212,-1.0068131281083312,0.06374845320636642,0.842987707671542,0.47458526154933983,False,False,False,False,False
N11_BREAKAWAY,30m,16,218,157,0.0017666255188563702,0.0029356983831170212,0.8984863326692677,-0.4205506337197139,0.1844631642105775,0.6629583758306674,True,False,False,False,False
N11_BREAKAWAY,30m,16,219,157,-0.002421366643414015,0.0029356983831170212,-1.25235244312157,-1.4145836496325277,0.8947792664048387,0.9214046972541425,False,False,False,False,False
N11_BREAKAWAY,30m,16,220,157,-0.002738877776121035,0.0029356983831170212,-1.338566389299257,-2.3857492130690523,0.9096440629654257,0.9914778151328852,False,False,False,False,False
N11_BREAKAWAY,30m,16,221,157,0.0032939546220220814,0.0029356983831170212,1.6398643135709443,2.098749106904204,0.050516691153448985,0.017919511652035792,True,False,False,False,False
N11_BREAKAWAY,30m,16,222,157,-0.0001999766904207402,0.0029356983831170212,-0.10513144140890682,-1.1655492286841458,0.5418642445484505,0.8781016272713098,True,False,False,False,False
N11_BREAKAWAY,30m,16,223,157,-0.0015798439793217615,0.0029356983831170212,-0.7559508406241028,-0.8990543592219538,0.7751606648778528,0.8156881465232305,False,False,False,False,False
N11_BREAKAWAY,30m,16,224,157,0.003498386603122749,0.0029356983831170212,1.7454790311380277,1.0103613261693671,0.04045075968280003,0.15616110473457,True,False,False,False,False
N11_BREAKAWAY,30m,16,225,157,-0.00327716874250093,0.0029356983831170212,-1.6538515021993487,-1.256600756060998,0.9509211556969093,0.8955508795803446,False,False,False,False,False
N11_BREAKAWAY,30m,16,226,157,-0.0013053778279956331,0.0029356983831170212,-0.5969964197623598,-1.3475002183560498,0.7247451145277501,0.9110904084229163,False,False,False,False,False
N11_BREAKAWAY,30m,16,227,157,-0.0011109027664385988,0.0029356983831170212,-0.66623928294347,0.6976079628850417,0.7473709161276305,0.24271120019059533,True,False,False,False,False
N11_BREAKAWAY,30m,16,228,157,-0.002792347809805427,0.0029356983831170212,-1.4282921534175115,-1.5614920183139744,0.9233961073083281,0.9407961471820728,False,False,False,False,False
N11_BREAKAWAY,30m,16,229,157,0.0016795629237893518,0.0029356983831170212,0.8209138099100136,0.6673454278353433,0.20584768213644283,0.2522757577129542,True,False,False,False,False
N11_BREAKAWAY,30m,16,230,157,-0.00575740204533976,0.0029356983831170212,-2.8300113548045984,-1.9368156814003659,0.9976726823917788,0.9736160608304754,False,False,False,False,False
N11_BREAKAWAY,30m,16,231,157,-0.0008229606974576015,0.0029356983831170212,-0.37019316631970317,-0.17406196011003186,0.6443807160162393,0.569091615890269,True,False,False,False,False
N11_BREAKAWAY,30m,16,232,157,0.002668343341066843,0.0029356983831170212,1.4205089346836253,0.46236208249290317,0.07772978465811525,0.32191084295098327,True,False,False,False,False
N11_BREAKAWAY,30m,16,233,157,0.0006574408223726144,0.0029356983831170212,0.33035037443096543,-0.516841995490195,0.3705676170173454,0.697366769229365,False,False,False,False,False
N11_BREAKAWAY,30m,16,234,157,-0.0021230287799837203,0.0029356983831170212,-1.1302853798773205,0.43595384206932497,0.8708220034825158,0.3314351096616579,False,False,False,False,False
N11_BREAKAWAY,30m,16,235,157,0.0009079223859284263,0.0029356983831170212,0.4908628865595551,1.0496781038538754,0.3117617140496699,0.1469330670565328,True,False,False,False,False
N11_BREAKAWAY,30m,16,236,157,9.789217882287193e-05,0.0029356983831170212,-0.023902908695572326,0.5818161349390673,0.5095349729283161,0.2803452673644743,False,False,False,False,False
N11_BREAKAWAY,30m,16,237,157,-0.0006742830926011683,0.0029356983831170212,-0.3766619562429287,-0.37653800912008906,0.6467875807417526,0.6467415180773661,True,False,False,False,False
N11_BREAKAWAY,30m,16,238,157,0.0033565270456812177,0.0029356983831170212,1.6631580660593512,1.3440944356359645,0.048140399587941515,0.08945892561371221,False,False,False,False,False
N11_BREAKAWAY,30m,16,239,157,-0.004242075891824488,0.0029356983831170212,-2.094948483005562,-0.942361258736582,0.9819122138448909,0.8269961425968348,False,False,False,False,False
N11_BREAKAWAY,30m,16,240,157,0.0009326021206194808,0.0029356983831170212,0.5029135485426138,-0.014453107651889724,0.30751252754322794,0.5057657549878434,True,False,False,False,False
N11_BREAKAWAY,30m,16,241,157,0.0013890368241849353,0.0029356983831170212,0.7248367081635063,0.15278103406439594,0.23427610650386793,0.4392854773768698,True,False,False,False,False
N11_BREAKAWAY,30m,16,242,157,-0.0037956442347242413,0.0029356983831170212,-1.795506187009357,-1.066072211170582,0.9637134560519093,0.8568044998363591,False,False,False,False,False
N11_BREAKAWAY,30m,16,243,157,0.002106313153662696,0.0029356983831170212,1.0514234564290768,0.1506916352584299,0.14653207369508442,0.4401094859897561,True,False,False,False,False
N11_BREAKAWAY,30m,16,244,157,0.0003135396497838608,0.0029356983831170212,0.1002857982024366,0.7196063493285193,0.4600587160211448,0.23588370080690502,False,False,False,False,False
N11_BREAKAWAY,30m,16,245,157,0.0003626769011486124,0.0029356983831170212,0.19742060927646016,0.6813101067501686,0.4217492015548229,0.24783764476567977,True,False,False,False,False
N11_BREAKAWAY,30m,16,246,157,-0.0011688126733004037,0.0029356983831170212,-0.5628533018696045,0.6593345174799579,0.7132326093936738,0.2548404908081554,True,False,False,False,False
N11_BREAKAWAY,30m,16,247,157,-0.0007375211696870786,0.0029356983831170212,-0.3465102553351095,-0.412586711870766,0.6355203607972202,0.6600452807247094,False,False,False,False,False
N11_BREAKAWAY,30m,16,248,157,-0.0024202678745197477,0.0029356983831170212,-1.3300281626090633,-0.10725670112649496,0.9082455037630317,0.5427073330902408,False,False,False,False,False
N11_BREAKAWAY,30m,16,249,157,0.001461906241184819,0.0029356983831170212,0.8487314554246587,0.62761203492188,0.19801536943299175,0.2651290614044315,False,False,False,False,False
N11_BREAKAWAY,30m,16,250,157,0.0012693515073024526,0.0029356983831170212,0.6555145675868125,1.8745975684874643,0.25606825515650133,0.030424053975927366,True,False,False,False,False
N11_BREAKAWAY,30m,16,251,157,-0.0023148619267527475,0.0029356983831170212,-1.2972222271013518,-0.4898241291834931,0.9027226324775313,0.6878708226311794,False,False,False,False,False
N11_BREAKAWAY,30m,16,252,157,0.0012997537421042006,0.0029356983831170212,0.5988091839371527,1.0595515977253973,0.27465006865770253,0.1446743218050563,True,False,False,False,False
N11_BREAKAWAY,30m,16,253,157,-0.0007957436263450256,0.0029356983831170212,-0.3799843044304853,-1.0554416960017736,0.6480214669352764,0.8543883191760705,True,False,False,False,False
N11_BREAKAWAY,30m,16,254,157,-0.0015450195758826822,0.0029356983831170212,-0.7413626606524464,-1.0580342612494462,0.770763210978519,0.8549800885745411,False,False,False,False,False
N11_BREAKAWAY,30m,16,255,157,0.0019447285906410148,0.0029356983831170212,0.982370174449335,0.513661574937854,0.16295875718941438,0.30374431063518115,True,False,False,False,False
N11_BREAKAWAY,30m,16,256,157,0.0027133868734597498,0.0029356983831170212,1.360872392765505,-0.5905870496832898,0.086777009655364,0.7226014279622919,True,False,False,False,False
N11_BREAKAWAY,30m,16,257,157,0.0012160942803016463,0.0029356983831170212,0.5655417850083715,-0.436596561230865,0.28585265574695695,0.668798021516874,True,False,False,False,False
N11_BREAKAWAY,30m,16,258,157,0.001250884400393104,0.0029356983831170212,0.6127579931921089,0.6220262678054357,0.27001818509072245,0.2669622978685426,True,False,False,False,False
N11_BREAKAWAY,30m,16,259,157,0.0013364193707376027,0.0029356983831170212,0.6343586851526292,0.8883358348960335,0.2629233828794461,0.18718006458982456,True,False,False,False,False
N11_BREAKAWAY,30m,16,260,157,-0.0006460200932281409,0.0029356983831170212,-0.3836533449279197,-0.6176310264468212,0.6493823017737825,0.7315907061919789,False,False,False,False,False
N11_BREAKAWAY,30m,16,261,157,0.0006694490240768501,0.0029356983831170212,0.3202344615118185,-0.21920425443424227,0.3743953005410064,0.5867545292417344,False,False,False,False,False
N11_BREAKAWAY,30m,16,262,157,0.0018434164330378374,0.0029356983831170212,0.9041160473453907,0.6349880686347295,0.18296693503044031,0.2627180983326889,True,False,False,False,False
N11_BREAKAWAY,30m,16,263,157,-0.0024901953858868287,0.0029356983831170212,-1.2365558056987678,0.5190454225902809,0.8918739821566626,0.3018645331539166,False,False,False,False,False
N11_BREAKAWAY,30m,16,264,157,-0.00030166634469527636,0.0029356983831170212,-0.2002918327189196,-0.49519150402991086,0.5793738251597772,0.6897675263913077,False,False,False,False,False
N11_BREAKAWAY,30m,16,265,157,0.002079855779235842,0.0029356983831170212,1.0131794426200151,-0.0536544089799137,0.1554872289252736,0.5213947465961485,True,False,False,False,False
N11_BREAKAWAY,30m,16,266,157,0.0008463946962136729,0.0029356983831170212,0.3956304653591663,0.5256734969603811,0.3461888294813238,0.29955754059610207,True,False,False,False,False
N11_BREAKAWAY,30m,16,267,157,-0.0010174170347970837,0.0029356983831170212,-0.4945667424064446,-1.0903154171810194,0.6895470084725601,0.8622128869019181,False,False,False,False,False
N11_BREAKAWAY,30m,16,268,157,7.987750997422806e-05,0.0029356983831170212,-0.0677722693000844,-1.5558696131139784,0.5270165405570559,0.9401304497708101,False,False,False,False,False
N11_BREAKAWAY,30m,16,269,157,0.00320716932392399,0.0029356983831170212,1.735780819011232,0.023835938370738545,0.04130129844287728,0.4904917367557905,True,False,False,False,False
N11_BREAKAWAY,30m,16,270,157,0.00016496791811448423,0.0029356983831170212,0.14360731968393434,0.039993105303417674,0.4429052801519747,0.4840493115339366,False,False,False,False,False
N11_BREAKAWAY,30m,16,271,157,-0.002684543176104185,0.0029356983831170212,-1.444199059207259,-0.6845885942126336,0.9256585052616725,0.7531982167851528,False,False,False,False,False
N11_BREAKAWAY,30m,16,272,157,-0.0015709708169745337,0.0029356983831170212,-0.762738188214587,-0.13460851469994076,0.7771902245086171,0.5535392954360921,False,False,False,False,False
N11_BREAKAWAY,30m,16,273,157,0.0031103746102519323,0.0029356983831170212,1.525308769682703,0.572749748581175,0.0635910507186616,0.2834070740245771,True,False,False,False,False
N11_BREAKAWAY,30m,16,274,157,0.0017502688527333277,0.0029356983831170212,0.8790958676259677,-0.1943213778828936,0.18967464907948123,0.5770378762298289,True,False,False,False,False
N11_BREAKAWAY,30m,16,275,157,-0.003151766839904592,0.0029356983831170212,-1.601317248943202,-1.0902938992108848,0.9453466647476626,0.8622081491262881,False,False,False,False,False
N11_BREAKAWAY,30m,16,276,157,-0.0012769769493933248,0.0029356983831170212,-0.580034712009467,-0.4920557172021373,0.7190543951770161,0.6886600220456491,False,False,False,False,False
N11_BREAKAWAY,30m,16,277,157,0.0009621349830994573,0.0029356983831170212,0.4329995357393666,-0.5840693120880093,0.3325075535522275,0.7204131598110948,True,False,False,False,False
N11_BREAKAWAY,30m,16,278,157,-0.0029820928156485548,0.0029356983831170212,-1.428086525309541,-1.7912862128200624,0.9233665222836507,0.9633763112770539,False,False,False,False,False
N11_BREAKAWAY,30m,16,279,157,0.0003228451406948384,0.0029356983831170212,0.17035684607958848,-0.13764858750322118,0.43236475392019685,0.5547409231443282,True,False,False,False,False
N11_BREAKAWAY,30m,16,280,157,0.0013151189477744571,0.0029356983831170212,0.6321492056013696,0.6594076330458449,0.2636446923973429,0.2548170209341166,True,False,False,False,False
N11_BREAKAWAY,30m,16,281,157,0.0008802734123781989,0.0029356983831170212,0.581685905953679,1.3340473765127816,0.28038913332657056,0.09109416519080382,True,False,False,False,False
N11_BREAKAWAY,30m,16,282,157,-0.006728519659893772,0.0029356983831170212,-3.415986091593768,-2.5175177679005007,0.999682242535948,0.9940907495800303,False,False,False,False,False
N11_BREAKAWAY,30m,16,283,157,0.004363796293705125,0.0029356983831170212,2.143653025376264,1.1795120706574425,0.016030349346115816,0.11909716654097618,True,False,False,False,False
N11_BREAKAWAY,30m,16,284,157,0.0019989742904022193,0.0029356983831170212,1.0198519078640151,0.4074397235798712,0.1538993504023346,0.34184252823294764,True,False,False,False,False
N11_BREAKAWAY,30m,16,285,157,-0.0029059270153771978,0.0029356983831170212,-1.3942378451753878,-2.0299465282697753,0.9183771034337118,0.9788190125678773,False,False,False,False,False
N11_BREAKAWAY,30m,16,286,157,-0.005946688687827957,0.0029356983831170212,-2.8635980100773106,-2.6341573079134237,0.9979057039555463,0.9957826799995964,False,False,False,False,False
N11_BREAKAWAY,30m,16,287,157,0.004506380363174567,0.0029356983831170212,2.305596294050393,0.9936509056136733,0.010566600279768188,0.16019642590822986,True,False,False,False,False
N11_BREAKAWAY,30m,16,288,157,-0.00035462793608193505,0.0029356983831170212,-0.1673624173284157,0.691558422802555,0.5664575526612738,0.24460733977469762,True,False,False,False,False
N11_BREAKAWAY,30m,16,289,157,0.00021662474255321567,0.0029356983831170212,0.09639480711219053,-0.5038720480882064,0.4616035081218894,0.6928243529917608,True,False,False,False,False
N11_BREAKAWAY,30m,16,290,157,0.002187765014294452,0.0029356983831170212,1.1225279426617383,1.3257809702970234,0.13081901681563363,0.09245612903178396,True,False,False,False,False
N11_BREAKAWAY,30m,16,291,157,-0.002396796788119434,0.0029356983831170212,-1.1855201750848154,-1.804095240073375,0.8820940786883286,0.9643918110979305,False,False,False,False,False
N11_BREAKAWAY,30m,16,292,157,0.0009236696375076284,0.0029356983831170212,0.4972104422643262,0.6329406797947155,0.3095203292359401,0.26338619072252395,True,False,False,False,False
N11_BREAKAWAY,30m,16,293,157,-0.0010658769515008847,0.0029356983831170212,-0.5334986273790304,-1.3330325332668898,0.7031557695226811,0.9087394361390315,False,False,False,False,False
N11_BREAKAWAY,30m,16,294,157,-0.0005426609127211498,0.0029356983831170212,-0.3163460501959931,-1.2431482698314742,0.6241300692844163,0.8930933994307887,True,False,False,False,False
N11_BREAKAWAY,30m,16,295,157,7.289141674395985e-05,0.0029356983831170212,-0.017816442746979005,0.04479484343592705,0.507107356286622,0.4821354176554583,True,False,False,False,False
N11_BREAKAWAY,30m,16,296,157,0.0013065934393446384,0.0029356983831170212,0.6268257344707836,-0.18328239750430586,0.26538673629061094,0.5727117773970014,True,False,False,False,False
N11_BREAKAWAY,30m,16,297,157,0.002707509058865738,0.0029356983831170212,1.46877402319473,0.4342603688746344,0.07094704604136763,0.33204968966744397,True,False,False,False,False
N11_BREAKAWAY,30m,16,298,157,-0.00011407833239845425,0.0029356983831170212,-0.05026132676961801,-0.4564906240688234,0.5200429292178745,0.6759813942432827,True,False,False,False,False
N11_BREAKAWAY,30m,16,299,157,0.0006316828202546738,0.0029356983831170212,0.26343849062381797,0.10846052300900129,0.39610631338680136,0.45681519690350353,False,False,False,False,False
N11_BREAKAWAY,30m,16,300,157,0.0020574883768169597,0.0029356983831170212,1.0424121139769247,1.1574082510127162,0.14861032625161108,0.12355280229903837,True,False,False,False,False
N11_BREAKAWAY,30m,16,301,157,-0.0025514862822243914,0.0029356983831170212,-1.2291339696023147,-1.383203349468177,0.8904892096369282,0.9166987384960144,True,False,False,False,False
N11_BREAKAWAY,30m,16,302,157,0.0007539403636851631,0.0029356983831170212,0.36467386042076033,0.5371885615499219,0.35767743658503337,0.29556868578374695,True,False,False,False,False
N11_BREAKAWAY,30m,16,303,157,-0.00404163206305822,0.0029356983831170212,-1.9464104063266594,-1.985048585656333,0.9741972697189152,0.976430466890912,False,False,False,False,False
N11_BREAKAWAY,30m,16,304,157,0.003047424139660837,0.0029356983831170212,1.5450121436029423,1.692316608732502,0.061171663035738295,0.045292811372695294,True,False,False,False,False
N11_BREAKAWAY,30m,16,305,157,-0.0027899843684866307,0.0029356983831170212,-1.3883002412521988,-1.00697776393775,0.9174771806021513,0.8430272700325806,False,False,False,False,False
N11_BREAKAWAY,30m,16,306,157,-0.003025967255920534,0.0029356983831170212,-1.5510384840561986,-0.25725294801899584,0.9395537691598952,0.6015082438190968,True,False,False,False,False
N11_BREAKAWAY,30m,16,307,157,0.0027597076885986904,0.0029356983831170212,1.3666390113595404,1.2676774932833017,0.08586924150391012,0.10245657270859848,True,False,False,False,False
N11_BREAKAWAY,30m,16,308,157,0.00019853903347399467,0.0029356983831170212,0.055760668612174956,1.0177091656816175,0.4777662340345542,0.1544080950745359,True,False,False,False,False
N11_BREAKAWAY,30m,16,309,157,0.003944701882002044,0.0029356983831170212,2.0022139698366157,0.6683557406255043,0.022630861929511446,0.25195327017389124,True,False,False,False,False
N11_BREAKAWAY,30m,16,310,157,0.0026970754520204226,0.0029356983831170212,1.3769262465012395,3.1590222698543404,0.08426752577627217,0.0007914969682345387,True,False,False,False,False
N11_BREAKAWAY,30m,16,311,157,-0.0016838348130742942,0.0029356983831170212,-0.8629601899738152,-0.9346731537337368,0.8059203222897164,0.8250216168730539,False,False,False,False,False
N11_BREAKAWAY,30m,16,312,157,0.0024276296431323045,0.0029356983831170212,1.2107518430499027,1.7666871947327125,0.1129952633274931,0.038640314537591855,True,False,False,False,False
N11_BREAKAWAY,30m,16,313,157,-0.000585162511311421,0.0029356983831170212,-0.32769404475678143,-0.9739993608467807,0.6284284967049416,0.8349715717114417,False,False,False,False,False
N11_BREAKAWAY,30m,16,314,157,-0.004511530579009676,0.0029356983831170212,-2.2384767740701026,-0.986844739222517,0.9874050098162312,0.838140620858475,False,False,False,False,False
N11_BREAKAWAY,30m,16,315,157,-0.00038537978549819013,0.0029356983831170212,-0.15199221637608368,-1.3183019364083266,0.560403462620813,0.9062987035020711,False,False,False,False,False
N11_BREAKAWAY,30m,16,316,157,-0.000837241602142938,0.0029356983831170212,-0.45408744200405715,1.08473512564518,0.6751170542322172,0.1390194929235291,True,False,False,False,False
N11_BREAKAWAY,30m,16,317,157,-0.0017946847331339864,0.0029356983831170212,-0.8398724930054283,-0.03551850195879319,0.7995100590285196,0.5141668533732825,True,False,False,False,False
N11_BREAKAWAY,30m,16,318,157,-0.0004054810335979565,0.0029356983831170212,-0.16143932255332516,0.23195316800640856,0.5641263010400137,0.40828719416357206,True,False,False,False,False
N11_BREAKAWAY,30m,16,319,157,0.0009223705545903782,0.0029356983831170212,0.45336856736406933,0.23132715261134412,0.3251416832298981,0.4085303269725292,True,False,False,False,False
N11_BREAKAWAY,30m,16,320,157,-0.002516956293850036,0.0029356983831170212,-1.3090148562723596,-0.6418458361845318,0.9047353407912233,0.7395133573880597,False,False,False,False,False
N11_BREAKAWAY,30m,16,321,157,-0.004366544266106567,0.0029356983831170212,-2.1605331407180244,-0.8800556754701034,0.9846342895385776,0.8105854253328204,False,False,False,False,False
N11_BREAKAWAY,30m,16,322,157,0.0015150915473392758,0.0029356983831170212,0.748811504650785,0.5557657696998557,0.22698541228867763,0.28918549435500357,True,False,False,False,False
N11_BREAKAWAY,30m,16,323,157,0.004700862035057307,0.0029356983831170212,2.426393442570196,1.9688774223633743,0.007624863925236404,0.024483584401010363,True,False,False,False,False
N11_BREAKAWAY,30m,16,324,157,-0.005253599079500911,0.0029356983831170212,-2.6456754345763844,-1.1711970692378195,0.9959236000264517,0.8792402134671291,False,False,False,False,False
N11_BREAKAWAY,30m,16,325,157,0.000636053757345156,0.0029356983831170212,0.3438183994081703,0.7820336203509797,0.3654914310708822,0.21709740773013592,True,False,False,False,False
N11_BREAKAWAY,30m,16,326,157,0.0024700895838337938,0.0029356983831170212,1.2270269953695605,-0.5374972662285682,0.10990622239125641,0.704537913612477,True,False,False,False,False
N11_BREAKAWAY,30m,16,327,157,-0.0023321257154686192,0.0029356983831170212,-1.2386056369221217,0.22593636652480598,0.8922542102345583,0.4106254563240488,False,False,False,False,False
N11_BREAKAWAY,30m,16,328,157,-0.001590173991427932,0.0029356983831170212,-0.838499165765889,-0.10256752677880251,0.7991247919778754,0.5408468916248196,False,False,False,False,False
N11_BREAKAWAY,30m,16,329,157,-0.0002708045465281942,0.0029356983831170212,-0.05819563743280086,0.7023994819666545,0.5232036021703889,0.24121503413906364,False,False,False,False,False
N11_BREAKAWAY,30m,16,330,157,0.0015014770127255218,0.0029356983831170212,0.7170587026694496,0.7063747228513588,0.23666893802453098,0.23997756795853215,False,False,False,False,False
N11_BREAKAWAY,30m,16,331,157,-0.0017023654634739766,0.0029356983831170212,-0.8609848791377628,0.2736459222279115,0.8053768144395732,0.39217836981846677,False,False,False,False,False
N11_BREAKAWAY,30m,16,332,157,-0.0021611566826584376,0.0029356983831170212,-1.1014439719528704,0.0844571791574944,0.8646482616815842,0.46634647361681497,True,False,False,False,False
N11_BREAKAWAY,30m,16,333,157,-0.0017122197535208179,0.0029356983831170212,-0.8556176745699979,-0.8724878253396999,0.8038953548393813,0.8085288464803089,False,False,False,False,False
N11_BREAKAWAY,30m,16,334,157,0.0002585911255233693,0.0029356983831170212,0.19745664076599406,-0.8265726311019993,0.42173510453060387,0.795760332369448,True,False,False,False,False
N11_BREAKAWAY,30m,16,335,157,-0.002508584060986379,0.0029356983831170212,-1.283986964842806,-1.244888304160415,0.9004267417961044,0.8934135946622179,False,False,False,False,False
N11_BREAKAWAY,30m,16,336,157,-0.004589988292909341,0.0029356983831170212,-2.34347016194147,-1.8829552242316308,0.9904473548220564,0.970146781884903,False,False,False,False,False
N11_BREAKAWAY,30m,16,337,157,0.0041590276666071705,0.0029356983831170212,2.0327527182012335,1.6033990203889896,0.021038756105523297,0.05442329359281978,True,False,False,False,False
N11_BREAKAWAY,30m,16,338,157,-0.005852136282979341,0.0029356983831170212,-2.7686326168421656,-0.9122047536816098,0.9971853964524281,0.8191695290033956,False,False,False,False,False
N11_BREAKAWAY,30m,16,339,157,0.0015489817847807816,0.0029356983831170212,0.774198711202103,0.553180900332605,0.21940664516243547,0.29006977208289525,True,False,False,False,False
N11_BREAKAWAY,30m,16,340,157,0.003528089220077497,0.0029356983831170212,1.7809569206268552,1.6468431556834193,0.03745974432312402,0.0497951441918906,True,False,False,False,False
N11_BREAKAWAY,30m,16,341,157,-0.0002562702992315833,0.0029356983831170212,-0.1684637577018271,0.27186853363670993,0.5668907733420204,0.3928615533755848,False,False,False,False,False
N11_BREAKAWAY,30m,16,342,157,0.0009146428205476431,0.0029356983831170212,0.49715818512762816,0.2608044431539614,0.3095387530084482,0.39712165892977763,True,False,False,False,False
N11_BREAKAWAY,30m,16,343,157,0.0010324307974858467,0.0029356983831170212,0.5300533522066159,0.16678998503567982,0.29803747016848237,0.4337676495437215,True,False,False,False,False
N11_BREAKAWAY,30m,16,344,157,-0.0024253813682475985,0.0029356983831170212,-1.2415326303034986,-0.30542216729340965,0.8927954741323241,0.619977679604685,False,False,False,False,False
N11_BREAKAWAY,30m,16,345,157,-0.000797422118655331,0.0029356983831170212,-0.336296971453359,-1.1660677336951393,0.6316765332479096,0.8782064694810441,False,False,False,False,False
N11_BREAKAWAY,30m,16,346,157,-0.00402436554081055,0.0029356983831170212,-2.1156434616202966,-0.5314729088053813,0.9828124287506858,0.7024544451100578,False,False,False,False,False
N11_BREAKAWAY,30m,16,347,157,-0.004795509738029671,0.0029356983831170212,-2.438779719755663,-0.3243179888224653,0.9926315257930698,0.6271513490130907,False,False,False,False,False
N11_BREAKAWAY,30m,16,348,157,-0.0025997651337317496,0.0029356983831170212,-1.4720404550412212,-2.3436132846449724,0.929495023299108,0.9904510192414185,False,False,False,False,False
N11_BREAKAWAY,30m,16,349,157,0.003906391159183398,0.0029356983831170212,1.97110867361338,1.0254248909236021,0.02435572342284584,0.1525813742435987,True,False,False,False,False
N11_BREAKAWAY,30m,16,350,157,8.933080844860458e-05,0.0029356983831170212,0.1382273376627562,-0.29716389560923195,0.4450303750735498,0.6168293076981247,True,False,False,False,False
N11_BREAKAWAY,30m,16,351,157,0.0018979635853604406,0.0029356983831170212,1.041231773905221,0.330848252619573,0.14888399621374437,0.37037955553361945,True,False,False,False,False
N11_BREAKAWAY,30m,16,352,157,-0.0015598898143035591,0.0029356983831170212,-0.7694384226217563,-0.0164239570447517,0.7791834567443245,0.5065519163160559,False,False,False,False,False
N11_BREAKAWAY,30m,16,353,157,0.0030182331287978833,0.0029356983831170212,1.5370486319773273,0.25794608404903224,0.06214070034304661,0.3982242590169485,True,False,False,False,False
N11_BREAKAWAY,30m,16,354,157,0.004091544886975209,0.0029356983831170212,2.1137537980354857,0.9778416811405106,0.01726815047984838,0.16407631625313235,True,False,False,False,False
N11_BREAKAWAY,30m,16,355,157,0.002604356562745933,0.0029356983831170212,1.4716910182721985,0.6141958419811264,0.07055216706522538,0.26954296035121517,True,False,False,False,False
N11_BREAKAWAY,30m,16,356,157,0.002531771465397505,0.0029356983831170212,1.3209220801310573,-0.6588247034032376,0.09326367332515861,0.744995828979745,True,False,False,False,False
N11_BREAKAWAY,30m,16,357,157,-0.001241157777214602,0.0029356983831170212,-0.6165111643557774,-1.4700168536653153,0.7312213971189414,0.9292214052707303,True,False,False,False,False
N11_BREAKAWAY,30m,16,358,157,-0.0018682103664765094,0.0029356983831170212,-0.9553376996240523,-0.7146717972832016,0.8302965257681135,0.7625940657199617,False,False,False,False,False
N11_BREAKAWAY,30m,16,359,157,-0.0029521634622622236,0.0029356983831170212,-1.4937924022594895,-0.8827516011295108,0.9323850560020915,0.8113147522734256,False,False,False,False,False
N11_BREAKAWAY,30m,16,360,157,0.0021515077007442846,0.0029356983831170212,1.1362637561546458,1.0690006659459377,0.12792309729004608,0.14253468466563024,False,False,False,False,False
N11_BREAKAWAY,30m,16,361,157,-0.002502124022151094,0.0029356983831170212,-1.29077006209185,-0.4553987183454102,0.9016082890687516,0.6755887914194151,False,False,False,False,False
N11_BREAKAWAY,30m,16,362,157,-0.0022855800930553596,0.0029356983831170212,-1.130925126869213,0.45969958886530415,0.870956696753297,0.32286593233803496,False,False,False,False,False
N11_BREAKAWAY,30m,16,363,157,-0.0012797615476611477,0.0029356983831170212,-0.6105250110229363,-0.5830781180584498,0.7292429597251004,0.7200796432221145,False,False,False,False,False
N11_BREAKAWAY,30m,16,364,157,0.0007762600124424696,0.0029356983831170212,0.454070873379793,1.1884849836119915,0.32488890819904825,0.11732119623254494,True,False,False,False,False
N11_BREAKAWAY,30m,16,365,157,-0.0017439280777309866,0.0029356983831170212,-0.8269132801181681,-1.2507491154219719,0.7958568921377301,0.8944869875258323,False,False,False,False,False
N11_BREAKAWAY,30m,16,366,157,-0.0013843175417803518,0.0029356983831170212,-0.6617633165792535,-0.4206624986774187,0.745938540401422,0.6629992255084574,False,False,False,False,False
N11_BREAKAWAY,30m,16,367,157,0.0042244825513600565,0.0029356983831170212,2.1279765400202657,2.107967698881839,0.016669514363550672,0.01751689176973528,True,False,False,False,False
N11_BREAKAWAY,30m,16,368,157,0.00014572696632913663,0.0029356983831170212,0.1407022804411812,0.6352141951387682,0.4440525717443134,0.26264436320350415,False,False,False,False,False
N11_BREAKAWAY,30m,16,369,157,0.0013372213066181204,0.0029356983831170212,0.7133573532407752,0.6321014009064451,0.23781232785985867,0.2636603099292292,True,False,False,False,False
N11_BREAKAWAY,30m,16,370,157,-0.0025950099119891874,0.0029356983831170212,-1.3856662601601315,-0.8295488971014993,0.9170755823690098,0.7966030599995018,False,False,False,False,False
N11_BREAKAWAY,30m,16,371,157,0.0007584242479925451,0.0029356983831170212,0.3717113414592555,0.11269041260019001,0.3550538899329351,0.45513800123335535,True,False,False,False,False
N11_BREAKAWAY,30m,16,372,157,0.0020177196101754643,0.0029356983831170212,1.0840585978462587,-0.8806646616031368,0.13916940916265552,0.810750325451214,True,False,False,False,False
N11_BREAKAWAY,30m,16,373,157,0.000307210900903509,0.0029356983831170212,0.14912082445347552,-0.16377120165055695,0.4407291470358726,0.5650443683511531,True,False,False,False,False
N11_BREAKAWAY,30m,16,374,157,-0.0033322646188555546,0.0029356983831170212,-1.71895032897223,-2.32598549170178,0.9571882916251877,0.9899903376623433,False,False,False,False,False
N11_BREAKAWAY,30m,16,375,157,-0.00018958431231238957,0.0029356983831170212,-0.09732318174274274,-0.6904244813683837,0.5387651264918738,0.7550363571574168,False,False,False,False,False
N11_BREAKAWAY,30m,16,376,157,-0.0006103132558558997,0.0029356983831170212,-0.34287395441122076,0.16055557489602265,0.6341533566480639,0.43622172347133215,True,False,False,False,False
N11_BREAKAWAY,30m,16,377,157,-0.0003757623604994692,0.0029356983831170212,-0.24118572880109695,0.1565140226039272,0.595294414384182,0.4378139335075162,True,False,False,False,False
N11_BREAKAWAY,30m,16,378,157,0.00416661257133715,0.0029356983831170212,1.9009559084102299,1.100733999760036,0.028653894041192823,0.13550622205069696,True,False,False,False,False
N11_BREAKAWAY,30m,16,379,157,0.0031425159536476754,0.0029356983831170212,1.4859093716958733,0.2871965520313312,0.06865154719532653,0.38698091312403443,True,False,False,False,False
N11_BREAKAWAY,30m,16,380,157,0.004215317693505134,0.0029356983831170212,2.265586810800126,1.7149022178605398,0.011738346684480648,0.04318157798614739,True,False,False,False,False
N11_BREAKAWAY,30m,16,381,157,0.0006261696559576349,0.0029356983831170212,0.2834833049131287,0.2640436703296481,0.38840318887391334,0.3958731341948431,True,False,False,False,False
N11_BREAKAWAY,30m,16,382,157,-0.0020765743428515465,0.0029356983831170212,-1.0022913289884012,-0.8917679452472174,0.8418985454085721,0.8137413368314259,False,False,False,False,False
N11_BREAKAWAY,30m,16,383,157,-0.0031787390718231987,0.0029356983831170212,-1.5818176794215868,-0.8999448632601191,0.9431544010808008,0.8159252032160202,False,False,False,False,False
N11_BREAKAWAY,30m,16,384,157,0.0001409869768349389,0.0029356983831170212,0.026862285939309727,1.7448803406564766,0.48928478705759376,0.040502850056642545,True,False,False,False,False
N11_BREAKAWAY,30m,16,385,157,-0.0050089849235682845,0.0029356983831170212,-2.581446345256967,-1.3699896655258381,0.9950806358062165,0.9146549361650333,False,False,False,False,False
N11_BREAKAWAY,30m,16,386,157,0.000399221158103737,0.0029356983831170212,0.22912899362592606,0.34992534150625004,0.4093843295889553,0.3631973640694741,True,False,False,False,False
N11_BREAKAWAY,30m,16,387,157,-0.0014300030926779664,0.0029356983831170212,-0.7252196067121355,0.15458758879727433,0.7658413418408341,0.43857322753731903,False,False,False,False,False
N11_BREAKAWAY,30m,16,388,157,-0.0005971322322454871,0.0029356983831170212,-0.307784827967181,-0.8144044748222543,0.6208769664641078,0.7922933620136938,False,False,False,False,False
N11_BREAKAWAY,30m,16,389,157,-8.012407135235208e-05,0.0029356983831170212,-0.022135975130824305,0.728617988193992,0.5088302552521466,0.23311768599022237,True,False,False,False,False
N11_BREAKAWAY,30m,16,390,157,0.0009703030597777518,0.0029356983831170212,0.5229236721762568,0.18450967137076996,0.30051368524617733,0.4268068203765535,True,False,False,False,False
N11_BREAKAWAY,30m,16,391,157,-0.007983994623732933,0.0029356983831170212,-4.274142332947033,-3.627085535737368,0.9999904062779545,0.999856680819845,False,False,False,False,False
N11_BREAKAWAY,30m,16,392,157,0.00348876381839314,0.0029356983831170212,1.9196642335192573,2.346477509099785,0.027450162396683297,0.009475904981559738,True,False,False,False,False
N11_BREAKAWAY,30m,16,393,157,0.004393476611946237,0.0029356983831170212,2.1879421022063408,0.9148557701903287,0.014336909986553618,0.18013367611340175,True,False,False,False,False
N11_BREAKAWAY,30m,16,394,157,0.00018244540083215332,0.0029356983831170212,0.08839512102757617,-0.38164627484257596,0.4647813194870753,0.6486381223597469,True,False,False,False,False
N11_BREAKAWAY,30m,16,395,157,-0.0006352932536494323,0.0029356983831170212,-0.3594083221937141,0.43233160337083837,0.6403551750605653,0.3327502104804665,False,False,False,False,False
N11_BREAKAWAY,30m,16,396,157,-0.0006991022121591465,0.0029356983831170212,-0.3830331118492488,0.1521939719508858,0.6491523934175217,0.4395169741334306,False,False,False,False,False
N11_BREAKAWAY,30m,16,397,157,-0.0008652189357948449,0.0029356983831170212,-0.40989483736447874,0.5502781863862107,0.6590584536699113,0.2910642917759002,False,False,False,False,False
N11_BREAKAWAY,30m,16,398,157,0.0007018860446703224,0.0029356983831170212,0.4339156026495146,0.46447392318031555,0.33217486455401934,0.32115411908853964,False,False,False,False,False
N11_BREAKAWAY,30m,16,399,157,-0.005278282046917204,0.0029356983831170212,-2.537630665850851,-1.5658881283129475,0.9944197151704427,0.9413125952025503,False,False,False,False,False
N11_BREAKAWAY,30m,16,400,157,-0.0005405115242376134,0.0029356983831170212,-0.2926806570717704,0.24856891815013918,0.615116871899295,0.40184712685063917,True,False,False,False,False
N11_BREAKAWAY,30m,16,401,157,0.003914201295306666,0.0029356983831170212,1.9382899275601486,0.591431858318491,0.026293930288713234,0.27711554979390157,True,False,False,False,False
N11_BREAKAWAY,30m,16,402,157,0.00018727576658249018,0.0029356983831170212,0.059336804618097344,0.5708806568349455,0.4763419234494614,0.2840402718859179,True,False,False,False,False
N11_BREAKAWAY,30m,16,403,157,0.0014353720371425285,0.0029356983831170212,0.6968276107323664,1.035251531794023,0.24295534228947124,0.15027572926786004,True,False,False,False,False
N11_BREAKAWAY,30m,16,404,157,0.00365827256362167,0.0029356983831170212,1.7941268349250983,0.852252564939417,0.03639646337916171,0.19703696372715096,False,False,False,False,False
N11_BREAKAWAY,30m,16,405,157,0.0007621250392553929,0.0029356983831170212,0.3405693978824658,0.6197233463598392,0.36671388526496074,0.26771997121969504,True,False,False,False,False
N11_BREAKAWAY,30m,16,406,157,0.0008005080157663792,0.0029356983831170212,0.42343549819735643,1.176420173004264,0.33598877494939516,0.11971350720564639,True,False,False,False,False
N11_BREAKAWAY,30m,16,407,157,-0.0019934962278096535,0.0029356983831170212,-0.9596475878259227,-0.8915422976771726,0.8313836950026203,0.8136808448150217,False,False,False,False,False
N11_BREAKAWAY,30m,16,408,157,-0.0019051966032999658,0.0029356983831170212,-0.8998464965747939,-1.1637726655532499,0.8158990268345836,0.8777419238348647,False,False,False,False,False
N11_BREAKAWAY,30m,16,409,157,-0.0015247261326710294,0.0029356983831170212,-0.7603318053198951,0.12854179164180574,0.7764718625122088,0.44886011378698343,False,False,False,False,False
N11_BREAKAWAY,30m,16,410,157,0.0005675617340061918,0.0029356983831170212,0.30058991516616146,1.5117305686523883,0.38186361127482954,0.06530120937397892,True,False,False,False,False
N11_BREAKAWAY,30m,16,411,157,0.00445763849020785,0.0029356983831170212,2.132586527437631,1.729006504986447,0.016479329740645664,0.04190396542934714,True,False,False,False,False
N11_BREAKAWAY,30m,16,412,157,0.001303724536361703,0.0029356983831170212,0.6928238348990431,0.5363893916790888,0.2442100562202419,0.295844730749712,True,False,False,False,False
N11_BREAKAWAY,30m,16,413,157,-0.0043211054025548016,0.0029356983831170212,-2.2041432483989447,-2.3062643095969286,0.9862428642772139,0.9894520659447481,False,False,False,False,False
N11_BREAKAWAY,30m,16,414,157,0.0003751077358453491,0.0029356983831170212,0.19871800673627962,0.00435735128345284,0.42124166879667835,0.4982616738432622,False,False,False,False,False
N11_BREAKAWAY,30m,16,415,157,0.0007042732622256115,0.0029356983831170212,0.4130682872200346,0.9257049988301636,0.33977829162231277,0.17729965467119235,True,False,False,False,False
N11_BREAKAWAY,30m,16,416,157,-0.0026131338148861955,0.0029356983831170212,-1.2643576170447846,-1.5544618665736798,0.896949151027319,0.9399628570338988,False,False,False,False,False
N11_BREAKAWAY,30m,16,417,157,-0.002884421571218844,0.0029356983831170212,-1.322921116332432,-1.2965160376727463,0.9070691938973956,0.9026011208179667,False,False,False,False,False
N11_BREAKAWAY,30m,16,418,157,-0.005309023451855895,0.0029356983831170212,-2.535541609729269,-2.0436695249138075,0.994386320528567,0.97950689710199,False,False,False,False,False
N11_BREAKAWAY,30m,16,419,157,-0.0023570925369290003,0.0029356983831170212,-1.2640963060467931,-1.0675540548280193,0.8969022688389452,0.8571391409500128,False,False,False,False,False
N11_BREAKAWAY,30m,16,420,157,-0.004293676078056582,0.0029356983831170212,-2.1781482079985475,-1.2098404572465864,0.9853024977439035,0.8868299407040388,False,False,False,False,False
N11_BREAKAWAY,30m,16,421,157,-0.0019872805346711525,0.0029356983831170212,-1.0793186338244154,-1.0284943054698632,0.8597771455270515,0.84814131592966,False,False,False,False,False
N11_BREAKAWAY,30m,16,422,157,-0.0019190747007493468,0.0029356983831170212,-0.870607486171626,0.2873654681155448,0.8080157462425348,0.3869162495319085,False,False,False,False,False
N11_BREAKAWAY,30m,16,423,157,0.0023694183291829082,0.0029356983831170212,1.1773919757898454,0.12506647470791257,0.11951954556393923,0.45023546208460835,True,False,False,False,False
N11_BREAKAWAY,30m,16,424,157,-0.0014289550456535567,0.0029356983831170212,-0.7279422465508325,0.615648567961479,0.7666755296910623,0.26906324456814334,False,False,False,False,False
N11_BREAKAWAY,30m,16,425,157,-0.00023145027598012833,0.0029356983831170212,-0.17464581592087763,-0.4589480586505054,0.5693210270536727,0.6768642669250624,False,False,False,False,False
N11_BREAKAWAY,30m,16,426,157,2.73414122813201e-05,0.0029356983831170212,0.07237692606295865,-0.20412095812704265,0.47115097348082563,0.5808705115507459,True,False,False,False,False
N11_BREAKAWAY,30m,16,427,157,-8.363824515615987e-05,0.0029356983831170212,-0.07416148719151748,-0.12666418093856002,0.5295590549013445,0.5503969015472376,False,False,False,False,False
N11_BREAKAWAY,30m,16,428,157,-0.0003700981875435167,0.0029356983831170212,-0.20439551151754295,0.26860674076550656,0.5809777812796619,0.3941161622501577,True,False,False,False,False
N11_BREAKAWAY,30m,16,429,157,-0.0048624434663303295,0.0029356983831170212,-2.45994745902002,-0.813544717912142,0.9930521321479012,0.7920470907019974,False,False,False,False,False
N11_BREAKAWAY,30m,16,430,157,-0.0005694100037829748,0.0029356983831170212,-0.23957779055863912,-1.3137773439972302,0.594671208016222,0.9055394279930313,False,False,False,False,False
N11_BREAKAWAY,30m,16,431,157,0.0013187558246297224,0.0029356983831170212,0.6442473244994817,-0.08809103967194021,0.25970753371328625,0.5350978410000702,True,False,False,False,False
N11_BREAKAWAY,30m,16,432,157,-0.004085873755481341,0.0029356983831170212,-1.9852950397375217,-0.9947390852416608,0.9764441722044097,0.8400684101893133,False,False,False,False,False
N11_BREAKAWAY,30m,16,433,157,-0.0017857629767923872,0.0029356983831170212,-0.8645489362560249,-0.07052553134568999,0.8063567950418742,0.5281123099673781,False,False,False,False,False
N11_BREAKAWAY,30m,16,434,157,-0.003305897448821473,0.0029356983831170212,-1.648294831074199,-1.6845804557357709,0.9503539075391213,0.9539652276330628,False,False,False,False,False
N11_BREAKAWAY,30m,16,435,157,-3.01042940996438e-05,0.0029356983831170212,-0.046374815690773355,0.2700551850652555,0.5184942454608207,0.39355889932605087,True,False,False,False,False
N11_BREAKAWAY,30m,16,436,157,-0.0004786944270026197,0.0029356983831170212,-0.23940189265725484,0.33173384129499073,0.594603018727585,0.37004512233560194,False,False,False,False,False
N11_BREAKAWAY,30m,16,437,157,0.0019521853251413623,0.0029356983831170212,1.0341589970868545,0.5332279441092596,0.15053091960151282,0.2969378999800477,True,False,False,False,False
N11_BREAKAWAY,30m,16,438,157,-0.00405148455486007,0.0029356983831170212,-2.0997032090909613,-0.6006124508436391,0.9821225214370936,0.7259509284335582,False,False,False,False,False
N11_BREAKAWAY,30m,16,439,157,0.001227739268587077,0.0029356983831170212,0.615554693370398,0.5941976592383666,0.26909423066256505,0.2761899590954865,False,False,False,False,False
N11_BREAKAWAY,30m,16,440,157,0.0018953687514629144,0.0029356983831170212,1.0431182466116693,0.7731046772731242,0.1484467654255892,0.2197302166175742,True,False,False,False,False
N11_BREAKAWAY,30m,16,441,157,-0.005083509042343783,0.0029356983831170212,-2.548061359550657,-2.408344768254757,0.9945838291821388,0.9919874801987856,False,False,False,False,False
N11_BREAKAWAY,30m,16,442,157,-0.00045460534123703864,0.0029356983831170212,-0.2692174537436164,1.2704448885629098,0.6061188251004656,0.10196310109681062,False,False,False,False,False
N11_BREAKAWAY,30m,16,443,157,-0.0044003804046192745,0.0029356983831170212,-2.3971526593314203,-2.5875536061152093,0.9917384809356864,0.9951669922890768,False,False,False,False,False
N11_BREAKAWAY,30m,16,444,157,-0.0016337686523624868,0.0029356983831170212,-0.8911440261672557,-1.3332133588226287,0.8135740457568674,0.9087691016718076,False,False,False,False,False
N11_BREAKAWAY,30m,16,445,157,-0.0004831822696902849,0.0029356983831170212,-0.2358483653595756,0.39545123918879627,0.5932248317727153,0.34625495030384146,False,False,False,False,False
N11_BREAKAWAY,30m,16,446,157,0.004594585289760608,0.0029356983831170212,2.3051413006886694,1.3188112494388773,0.010579330537868076,0.09361611122642782,True,False,False,False,False
N11_BREAKAWAY,30m,16,447,157,-0.00024236378069970716,0.0029356983831170212,-0.0997840933655217,1.0055406013171275,0.5397421316639043,0.15731830463796304,True,False,False,False,False
N11_BREAKAWAY,30m,16,448,157,0.0018217727515165653,0.0029356983831170212,0.994090323665379,0.6951162556583242,0.16008944789718305,0.24349122414319502,False,False,False,False,False
N11_BREAKAWAY,30m,16,449,157,0.0034192129618638165,0.0029356983831170212,1.6674225630444093,1.4261649344459613,0.047715205217186744,0.07691036940072486,True,False,False,False,False
N11_BREAKAWAY,30m,16,450,157,-0.005466130265506931,0.0029356983831170212,-2.566244373122786,-2.0110088379179007,0.9948596814595355,0.9778377383935569,False,False,False,False,False
N11_BREAKAWAY,30m,16,451,157,-0.0026436762301857973,0.0029356983831170212,-1.387511734038431,-1.4460458492911985,0.9173571122081294,0.9259178288062299,False,False,False,False,False
N11_BREAKAWAY,30m,16,452,157,0.002668255860266736,0.0029356983831170212,1.2506756925836595,2.2761597798962443,0.10552641114813033,0.011418224098191687,True,False,False,False,False
N11_BREAKAWAY,30m,16,453,157,-0.0021246998368202024,0.0029356983831170212,-1.0921710968551692,-1.1855034071510384,0.8626210479736979,0.8820907658321137,False,False,False,False,False
N11_BREAKAWAY,30m,16,454,157,0.002415377853064258,0.0029356983831170212,1.2258051105055647,0.8387330228733322,0.11013601179341537,0.2008095714353189,True,False,False,False,False
N11_BREAKAWAY,30m,16,455,157,-0.0022352123263134284,0.0029356983831170212,-1.0850345162636545,-0.48829146337972834,0.8610468159062279,0.6873282963754377,False,False,False,False,False
N11_BREAKAWAY,30m,16,456,157,-0.00476974898987255,0.0029356983831170212,-2.3281937521191516,-1.1900213054120978,0.9900490910993065,0.8829809908740285,False,False,False,False,False
N11_BREAKAWAY,30m,16,457,157,-0.0017218288650008924,0.0029356983831170212,-0.7934454268467618,-0.8868811888969911,0.7862408235377314,0.8124285648390968,False,False,False,False,False
N11_BREAKAWAY,30m,16,458,157,0.0006602112730072563,0.0029356983831170212,0.3881662512314582,1.4594509283145836,0.3489465032626034,0.07222051874366947,True,False,False,False,False
N11_BREAKAWAY,30m,16,459,157,0.0010008793043095048,0.0029356983831170212,0.5020524132559158,1.0604945558368672,0.30781532632251674,0.144459832715857,True,False,False,False,False
N11_BREAKAWAY,30m,16,460,157,-0.0053933010737233795,0.0029356983831170212,-2.9054768192429616,-1.5622630175251158,0.9981665299511643,0.9408869797739297,False,False,False,False,False
N11_BREAKAWAY,30m,16,461,157,-0.0031872773672139173,0.0029356983831170212,-1.5075360274254372,-0.320746451749836,0.9341633418075755,0.6257987289084929,False,False,False,False,False
N11_BREAKAWAY,30m,16,462,157,0.005128870881593541,0.0029356983831170212,2.5617960453610573,1.1255038325873579,0.005206622509923678,0.13018779703064032,True,False,False,False,False
N11_BREAKAWAY,30m,16,463,157,0.005321600387137058,0.0029356983831170212,2.738775270257884,2.457211121465971,0.003083425550149082,0.007001018623777232,True,False,False,False,False
N11_BREAKAWAY,30m,16,464,157,-7.788283541449141e-05,0.0029356983831170212,-0.04363547757637362,-0.19969462782539724,0.5174025141984756,0.5791402922365052,True,False,False,False,False
N11_BREAKAWAY,30m,16,465,157,-0.005331928519884941,0.0029356983831170212,-2.7360081615182787,-1.4803663691635902,0.9968905258214815,0.9306122499948758,False,False,False,False,False
N11_BREAKAWAY,30m,16,466,157,0.0002609305901594712,0.0029356983831170212,0.04570186963069362,-0.09144422070905224,0.48177393680922,0.5364301870651162,False,False,False,False,False
N11_BREAKAWAY,30m,16,467,157,0.0008808951900556532,0.0029356983831170212,0.408064805824963,-0.7446832310726217,0.3416130487258635,0.7717683805885264,False,False,False,False,False
N11_BREAKAWAY,30m,16,468,157,-0.0007241354013247064,0.0029356983831170212,-0.40335236506466604,-0.8158581161897113,0.6566554878729385,0.7927093552070889,False,False,False,False,False
N11_BREAKAWAY,30m,16,469,157,0.0005181134683349163,0.0029356983831170212,0.34140036196546414,0.18174141811813843,0.36640110132337855,0.42789283012963125,False,False,False,False,False
N11_BREAKAWAY,30m,16,470,157,-0.0009855719258066312,0.0029356983831170212,-0.48008853016953756,-0.15695628516600327,0.684417778170006,0.5623603498109673,False,False,False,False,False
N11_BREAKAWAY,30m,16,471,157,0.0011394824941882023,0.0029356983831170212,0.566824911441276,0.5143801028767432,0.2854165719007018,0.303493133770956,True,False,False,False,False
N11_BREAKAWAY,30m,16,472,157,-0.0007420628425891868,0.0029356983831170212,-0.33874521512892336,0.12822461417081535,0.6325991622267869,0.4489856107804567,False,False,False,False,False
N11_BREAKAWAY,30m,16,473,157,0.0016581921509238016,0.0029356983831170212,0.7650875855088811,0.3556224780067637,0.22210969590361296,0.3610616538490745,True,False,False,False,False
N11_BREAKAWAY,30m,16,474,157,0.0013684034844105583,0.0029356983831170212,0.6316439876005405,0.7058305511949626,0.26380976820800583,0.24014676022429926,True,False,False,False,False
N11_BREAKAWAY,30m,16,475,157,-0.0019054000053882465,0.0029356983831170212,-0.9099541851159461,-0.8781681629749731,0.8185766640192933,0.8100737667097468,False,False,False,False,False
N11_BREAKAWAY,30m,16,476,157,0.004547794223698885,0.0029356983831170212,2.3408121996889646,1.3804932070012488,0.009620921646016585,0.08371741987876752,True,False,False,False,False
N11_BREAKAWAY,30m,16,477,157,-0.0030767242953917487,0.0029356983831170212,-1.6291729184106598,-0.7956482901981502,0.9483617908713502,0.7868817548881224,False,False,False,False,False
N11_BREAKAWAY,30m,16,478,157,7.09186365370564e-05,0.0029356983831170212,0.013709148411131376,-0.018075700814328247,0.49453101237864416,0.5072107686370243,True,False,False,False,False
N11_BREAKAWAY,30m,16,479,157,-0.0026331198303644436,0.0029356983831170212,-1.3356110438375939,-0.8111773808882086,0.909161780743188,0.7913680934136884,False,False,False,False,False
N11_BREAKAWAY,30m,16,480,157,0.004460105862379218,0.0029356983831170212,2.25231203521975,0.006275918811461738,0.012151280069306058,0.49749628707344096,True,False,False,False,False
N11_BREAKAWAY,30m,16,481,157,-0.0037863093533020697,0.0029356983831170212,-1.8756944750023403,-0.8944098093897073,0.9696513774916072,0.8144486670295643,False,False,False,False,False
N11_BREAKAWAY,30m,16,482,157,0.0031065199340230354,0.0029356983831170212,1.6213905410695042,1.6152519453742196,0.05246695403899947,0.053128072782843566,True,False,False,False,False
N11_BREAKAWAY,30m,16,483,157,-0.0014460410969757988,0.0029356983831170212,-0.7428196896736093,-1.0224277646505422,0.7712045734617914,0.8467107574120228,False,False,False,False,False
N11_BREAKAWAY,30m,16,484,157,0.0017187248330567907,0.0029356983831170212,0.87305378235898,0.3627439454790299,0.19131688184597323,0.35839808433361675,True,False,False,False,False
N11_BREAKAWAY,30m,16,485,157,0.0009104212012024954,0.0029356983831170212,0.4137097699409784,1.0876125285550695,0.3395433355767711,0.1383830987529872,True,False,False,False,False
N11_BREAKAWAY,30m,16,486,157,0.003156363815859606,0.0029356983831170212,1.5668555304559821,0.335376817191525,0.0585742320437422,0.3686704267722377,True,False,False,False,False
N11_BREAKAWAY,30m,16,487,157,0.0019171364215322608,0.0029356983831170212,1.0073887350268504,1.217727801409072,0.1568740013066378,0.11166371426495703,False,False,False,False,False
N11_BREAKAWAY,30m,16,488,157,0.0038158072589600483,0.0029356983831170212,1.8154206310808456,0.7260900577955409,0.03472964646795519,0.23389178178101105,True,False,False,False,False
N11_BREAKAWAY,30m,16,489,157,-0.0011805944909921975,0.0029356983831170212,-0.6518585500571328,-0.7768962699440396,0.7427537867178621,0.7813900139422821,True,False,False,False,False
N11_BREAKAWAY,30m,16,490,157,-0.002403963826899993,0.0029356983831170212,-1.1191025460833326,-0.3088912751264283,0.8684518031083488,0.6212978830358286,True,False,False,False,False
N11_BREAKAWAY,30m,16,491,157,-0.002960576574099164,0.0029356983831170212,-1.5716211960686721,-0.5231788649520583,0.9419807861110902,0.699575106117833,False,False,False,False,False
N11_BREAKAWAY,30m,16,492,157,0.004603856532724832,0.0029356983831170212,2.2501443002959816,1.1502318099313047,0.012219893357339846,0.12502420392774877,True,False,False,False,False
N11_BREAKAWAY,30m,16,493,157,-0.00344330081752926,0.0029356983831170212,-1.7774611097484523,-0.7873956020837709,0.9622537979862982,0.7844748397771608,False,False,False,False,False
N11_BREAKAWAY,30m,16,494,157,0.0011881145940763746,0.0029356983831170212,0.5596921074829755,0.4446966789214499,0.2878447333466796,0.3282694848418621,True,False,False,False,False
N11_BREAKAWAY,30m,16,495,157,-0.0016925745098776484,0.0029356983831170212,-0.8126202476701322,-0.718403062156882,0.7917820904558281,0.7637456003628517,False,False,False,False,False
N11_BREAKAWAY,30m,16,496,157,0.0015662270538764705,0.0029356983831170212,0.74314793105119,-0.28213765212227754,0.22869606170717172,0.6110810183775621,True,False,False,False,False
N11_BREAKAWAY,30m,16,497,157,0.002589360042922979,0.0029356983831170212,1.3012659899238304,0.45263323251681037,0.09658371216228201,0.32540643231034516,True,False,False,False,False
N11_BREAKAWAY,30m,16,498,157,0.001209411778083631,0.0029356983831170212,0.6221571992835727,0.6595586578928618,0.26691925327994437,0.2547685460005948,True,False,False,False,False
N11_BREAKAWAY,30m,16,499,157,0.0001228604602470789,0.0029356983831170212,0.09765555398937091,-0.33962645440740574,0.4611029047861992,0.6329310733097675,False,False,False,False,False
