
=== 15m P0|A|10
 edge_pct  trades_per_30d  mean_N  mean_L  liq_share  tp_share  drift_H_pct  gross_pct  net_notional_pct  eq_ret_pct  30d_median_mult  30d_p_loss  30d_mdd_median  1y_median_mult  1y_p_below50  1y_p_ruin  IS_median_mult
        0            79.3       1       1          0  0.002848     0.002441   0.002975           -0.1419     -0.1419           0.8863       0.786           0.181          0.2199         0.961     0.0975          0.0125
    0.025            79.3       1       1          0  0.002883      0.02731    0.02775           -0.1171     -0.1171           0.9039      0.7502          0.1706          0.2772        0.9142      0.042         0.02509
     0.05            79.3       1       1          0  0.002913      0.05207    0.05254          -0.09231    -0.09231           0.9234      0.7042          0.1614          0.3536         0.822      0.016         0.05094
    0.075            79.3       1       1          0  0.003007      0.07866    0.07917          -0.06567    -0.06567           0.9405      0.6572           0.152          0.4588         0.684   0.006167          0.1033
      0.1           79.31       1       1          0  0.003078       0.1042     0.1048          -0.04004    -0.04004           0.9597      0.6102          0.1444          0.5873        0.5272   0.001333          0.2035
     0.15           79.31       1       1          0  0.003209       0.1533     0.1536            0.0088      0.0088            0.998      0.5063          0.1288          0.9399         0.239  0.0003333          0.8569
      0.2           79.31       1       1          0  0.003309       0.2035     0.2036           0.05881     0.05881            1.034       0.414           0.117           1.539       0.06617          0           3.168
      0.3           79.31       1       1          0  0.003605       0.3025     0.3026            0.1578      0.1578            1.115      0.2302         0.09466           3.955      0.001333          0           50.31
      0.4           79.32       1       1          0  0.003806       0.4048     0.4045            0.2597      0.2597            1.203      0.1067         0.07887           10.52             0          0            1024
      0.6           79.32       1       1          0  0.004344       0.6068     0.6064            0.4616      0.4616            1.404     0.01167         0.05361           73.57             0          0       3.557e+05

=== 15m P0|B|10
 edge_pct  trades_per_30d  mean_N  mean_L  liq_share  tp_share  drift_H_pct  gross_pct  net_notional_pct  eq_ret_pct  30d_median_mult  30d_p_loss  30d_mdd_median  1y_median_mult  1y_p_below50  1y_p_ruin  IS_median_mult
        0           88.78       1       1          0  0.002755     0.004997    0.07125           -0.0724     -0.0724           0.9279      0.7203          0.1427          0.4069        0.7623  0.0008333         0.07509
    0.025           88.62       1       1          0  0.002781      0.03011    0.08985          -0.05382    -0.05382           0.9437      0.6767          0.1347          0.5008        0.6122          0           0.136
     0.05           88.47       1       1          0  0.002823      0.05449     0.1075           -0.0362     -0.0362            0.959      0.6307          0.1277          0.6028        0.4575          0           0.238
    0.075           88.32       1       1          0  0.002897      0.08065     0.1264          -0.01731    -0.01731           0.9743      0.5842           0.121          0.7383        0.2885          0          0.4091
      0.1           88.15       1       1          0  0.002961       0.1068     0.1457          0.001966    0.001966           0.9905      0.5323          0.1128          0.9081         0.158          0          0.7393
     0.15           87.86       1       1          0  0.003051       0.1562      0.182           0.03824     0.03824            1.021       0.431          0.1027           1.341         0.037          0           2.304
      0.2           87.56       1       1          0  0.003142       0.2069     0.2195           0.07578     0.07578            1.053      0.3347         0.09281           1.994         0.004          0           7.583
      0.3              87       1       1          0    0.0034        0.307     0.2932            0.1494      0.1494            1.118      0.1787         0.07617           4.316             0          0           80.57
      0.4           86.41       1       1          0  0.003608       0.4086     0.3672            0.2233      0.2233             1.19     0.08517         0.06381           9.234             0          0             794
      0.6           85.29       1       1          0  0.004084       0.6118     0.5182            0.3742      0.3742             1.34       0.009         0.04416           42.29             0          0       6.482e+04

=== 15m P1|B|10
 edge_pct  trades_per_30d  mean_N  mean_L  liq_share  tp_share  drift_H_pct  gross_pct  net_notional_pct  eq_ret_pct  30d_median_mult  30d_p_loss  30d_mdd_median  1y_median_mult  1y_p_below50  1y_p_ruin  IS_median_mult
        0            91.8    1.25       5          0    0.1423     0.005065    0.03224           -0.1041     -0.1301           0.8804      0.8347          0.1772           0.209        0.9825    0.06667          0.0112
    0.025           91.69    1.25       5          0    0.1449      0.03024    0.04869          -0.08753     -0.1094           0.8994      0.7978           0.167          0.2631        0.9483     0.0225         0.02027
     0.05            91.6    1.25       5          0    0.1474      0.05551    0.06465          -0.07146    -0.08932           0.9169      0.7542          0.1575          0.3282        0.8772     0.0075         0.04097
    0.075           91.48    1.25       5          0      0.15      0.08167    0.08098          -0.05501    -0.06876           0.9336       0.708          0.1484          0.4143        0.7515      0.002         0.08239
      0.1           91.36    1.25       5          0    0.1528       0.1083    0.09815          -0.03771    -0.04714           0.9513      0.6437          0.1393          0.5279        0.5712          0          0.1604
     0.15           91.16    1.25       5          0     0.158       0.1583      0.131         -0.004624    -0.00578           0.9865        0.54           0.125          0.8381        0.2232          0          0.5538
      0.2           90.94    1.25       5          0    0.1633       0.2096     0.1642           0.02884     0.03605            1.022      0.4298          0.1123           1.329       0.04467          0           2.302
      0.3           90.56    1.25       5          0    0.1738       0.3119     0.2297           0.09477      0.1185            1.102      0.2388         0.09176           3.292     0.0003333          0           31.09
      0.4           90.14    1.25       5          0    0.1846       0.4162     0.2964             0.162      0.2025            1.181      0.1023         0.07598           8.167             0          0             442
      0.6           89.37    1.25       5          0    0.2058       0.6207     0.4291            0.2957      0.3696            1.367    0.009167         0.05351           49.28             0          0       7.996e+04

=== 15m P2|B|10
 edge_pct  trades_per_30d  mean_N  mean_L  liq_share  tp_share  drift_H_pct  gross_pct  net_notional_pct  eq_ret_pct  30d_median_mult  30d_p_loss  30d_mdd_median  1y_median_mult  1y_p_below50  1y_p_ruin  IS_median_mult
        0              98     2.5      10  3.353e-05    0.3375     0.005873   0.003512           -0.1225     -0.3062           0.7266      0.9287          0.3323         0.01856             1     0.9893       7.963e-06
    0.025           97.97     2.5      10  3.355e-05    0.3426       0.0313      0.016           -0.1097     -0.2743           0.7513      0.9037          0.3161          0.0273             1     0.9628        2.72e-05
     0.05           97.93     2.5      10  3.356e-05    0.3475      0.05701    0.02837          -0.09711     -0.2428           0.7767      0.8773          0.3008         0.04006             1     0.9045        9.16e-05
    0.075           97.91     2.5      10  3.357e-05    0.3528       0.0843    0.04103          -0.08419     -0.2105           0.7993       0.846          0.2849          0.0589        0.9992     0.7917       0.0002853
      0.1           97.88     2.5      10  3.358e-05    0.3582       0.1109    0.05437          -0.07058     -0.1764            0.826      0.8048          0.2699         0.08959         0.995     0.6183        0.001005
     0.15           97.81     2.5      10   3.36e-05    0.3685        0.161    0.07981          -0.04463     -0.1116           0.8799      0.7222           0.241          0.1927        0.9427     0.2463        0.009519
      0.2           97.72     2.5      10  3.363e-05    0.3786       0.2117     0.1047          -0.01924     -0.0481           0.9351      0.6195          0.2161          0.4115        0.7628    0.04883         0.08018
      0.3            97.6     2.5      10  3.367e-05    0.3991       0.3156     0.1552           0.03229     0.08072            1.055      0.4008          0.1763           1.911        0.1392  0.0003333           6.012
      0.4           97.45     2.5      10  3.854e-05    0.4197       0.4206     0.2064            0.0845      0.2113            1.198      0.2017          0.1433           8.981      0.007333          0           683.6
      0.6           97.21     2.5      10  2.415e-05    0.4607       0.6267     0.3076            0.1877      0.4693            1.535     0.02217          0.1019           193.1             0          0       6.299e+06

=== 15m P2|C|10
 edge_pct  trades_per_30d  mean_N  mean_L  liq_share  tp_share  drift_H_pct  gross_pct  net_notional_pct  eq_ret_pct  30d_median_mult  30d_p_loss  30d_mdd_median  1y_median_mult  1y_p_below50  1y_p_ruin  IS_median_mult
        0           87.78     2.5      10          0    0.3649     0.003353   -0.05352           -0.1792     -0.4479           0.6577      0.9415          0.4051        0.004852             1      0.999       2.324e-07
    0.025           87.88     2.5      10          0    0.3705      0.02848   -0.03571           -0.1611     -0.4027           0.6838      0.9218          0.3871        0.007858             1     0.9957        1.08e-06
     0.05           87.99     2.5      10          0    0.3763      0.05501   -0.01719           -0.1423     -0.3556           0.7136      0.9003          0.3691         0.01306             1     0.9838       4.094e-06
    0.075           88.12     2.5      10          0    0.3821      0.08308   0.001572           -0.1232      -0.308           0.7452      0.8705          0.3491         0.02165        0.9998     0.9522       1.836e-05
      0.1           88.26     2.5      10          0    0.3878       0.1091    0.01981           -0.1047     -0.2616           0.7757      0.8368          0.3344         0.03602        0.9993     0.8895       7.702e-05
     0.15           88.49     2.5      10          0    0.3993       0.1596    0.05574          -0.06812     -0.1703           0.8393        0.75          0.3014         0.09583        0.9798     0.5945        0.001511
      0.2           88.71     2.5      10          0    0.4104       0.2095    0.09093          -0.03235    -0.08086           0.9078      0.6515          0.2708           0.255         0.876     0.2323         0.01918
      0.3           89.15     2.5      10          0    0.4327        0.313     0.1623           0.04015      0.1004            1.063      0.4095          0.2191           1.861        0.2657   0.002833           5.108
      0.4           89.61     2.5      10          0    0.4553       0.4183     0.2353            0.1144      0.2859            1.256      0.2053          0.1794           14.62       0.01633          0            2038
      0.6           90.56     2.5      10          0       0.5       0.6248      0.379            0.2604       0.651            1.747      0.0175           0.126             901     0.0001667          0       4.032e+08

=== 15m P3|A|10
 edge_pct  trades_per_30d  mean_N  mean_L  liq_share  tp_share  drift_H_pct  gross_pct  net_notional_pct  eq_ret_pct  30d_median_mult  30d_p_loss  30d_mdd_median  1y_median_mult  1y_p_below50  1y_p_ruin  IS_median_mult
        0           97.31       4      20    0.01763    0.5993     0.002803   -0.06008           -0.1806     -0.7223           0.4631       0.975          0.5834       6.019e-05             1          1       7.252e-13
    0.025            97.5       4      20    0.01729    0.6058      0.02769   -0.04804           -0.1681     -0.6723           0.4863       0.969          0.5655       0.0001085             1          1       4.455e-12
     0.05           97.68       4      20     0.0169    0.6123      0.05437   -0.03567           -0.1552     -0.6207            0.512      0.9585          0.5469       0.0002014             1          1       2.056e-11
    0.075           97.87       4      20     0.0165    0.6186      0.08198    -0.0236           -0.1426     -0.5704           0.5393       0.942          0.5268        0.000364             1          1       1.377e-10
      0.1            98.1       4      20    0.01615    0.6252       0.1083   -0.01129           -0.1298     -0.5192           0.5646        0.93          0.5119       0.0006714             1          1       8.895e-10
     0.15           98.49       4      20    0.01545    0.6379       0.1588    0.01252            -0.105       -0.42           0.6213      0.8885          0.4737        0.002223             1     0.9983       2.593e-08
      0.2           98.87       4      20    0.01479    0.6502       0.2088    0.03566          -0.08094     -0.3238           0.6861      0.8348          0.4366        0.007502        0.9997      0.982       7.061e-07
      0.3           99.61       4      20    0.01345    0.6751       0.3105    0.08207          -0.03264     -0.1306           0.8292      0.6902          0.3659          0.0821        0.9712     0.6478       0.0006314
      0.4           100.4       4      20    0.01174    0.7002       0.4168     0.1305            0.0179     0.07158            1.018      0.4802          0.3015           1.052        0.5725      0.076          0.8818
      0.6             102       4      20   0.008674    0.7501       0.6232     0.2258            0.1171      0.4683            1.547      0.1125           0.212           175.9       0.01567          0       4.685e+06

=== 15m P3|B|10
 edge_pct  trades_per_30d  mean_N  mean_L  liq_share  tp_share  drift_H_pct  gross_pct  net_notional_pct  eq_ret_pct  30d_median_mult  30d_p_loss  30d_mdd_median  1y_median_mult  1y_p_below50  1y_p_ruin  IS_median_mult
        0           107.9       4      20  0.0003351     0.554     0.005329   -0.01198           -0.1264     -0.5056           0.5622      0.9782          0.4814       0.0007619             1          1       5.661e-10
    0.025           107.9       4      20  0.0003263    0.5596      0.03091  -0.004155           -0.1183     -0.4732           0.5831      0.9725          0.4642        0.001173             1          1       2.479e-09
     0.05           107.9       4      20  0.0003175    0.5652      0.05683   0.003492           -0.1104     -0.4415           0.6013      0.9625          0.4489        0.001782             1          1       7.018e-09
    0.075             108       4      20  0.0003174    0.5708      0.08377    0.01122           -0.1024     -0.4094           0.6237       0.951          0.4313        0.002705             1          1       2.986e-08
      0.1             108       4      20  0.0003172    0.5767       0.1102     0.0195          -0.09378     -0.3751           0.6474      0.9368          0.4157        0.004288             1     0.9997       1.166e-07
     0.15           108.1       4      20   0.000317    0.5881       0.1605    0.03523          -0.07747     -0.3099           0.6942      0.9035           0.383         0.01019             1     0.9935       1.668e-06
      0.2           108.2       4      20  0.0003124    0.5992       0.2111    0.05056          -0.06157     -0.2463           0.7453      0.8558          0.3505         0.02384        0.9998     0.9527       1.966e-05
      0.3           108.3       4      20  0.0002861    0.6215       0.3138    0.08141          -0.02959     -0.1183           0.8559      0.7265          0.2917          0.1303        0.9672     0.4653        0.001963
      0.4           108.5       4      20    0.00029    0.6443       0.4192     0.1128          0.002932     0.01173           0.9823      0.5262          0.2398          0.7419        0.5635    0.03267          0.4455
      0.6           108.8       4      20  0.0002374    0.6889       0.6247     0.1749           0.06733      0.2693            1.306       0.148          0.1665           23.65      0.007667          0       1.306e+04

=== 15m P3|C|10
 edge_pct  trades_per_30d  mean_N  mean_L  liq_share  tp_share  drift_H_pct  gross_pct  net_notional_pct  eq_ret_pct  30d_median_mult  30d_p_loss  30d_mdd_median  1y_median_mult  1y_p_below50  1y_p_ruin  IS_median_mult
        0           99.17       4      20          0     0.595     0.003792   -0.04369           -0.1567     -0.6267           0.5118      0.9748          0.5356       0.0002292             1          1        2.61e-11
    0.025           99.33       4      20          0    0.6013      0.02909   -0.03244           -0.1451     -0.5803            0.533      0.9658          0.5182       0.0004083             1          1       1.496e-10
     0.05           99.47       4      20          0    0.6076      0.05571   -0.02126           -0.1336     -0.5343           0.5608       0.953          0.5002       0.0007093             1          1       6.813e-10
    0.075           99.63       4      20          0    0.6138      0.08338   -0.01018           -0.1222     -0.4887           0.5878      0.9378          0.4805        0.001236             1     0.9998       3.561e-09
      0.1           99.82       4      20          0    0.6203       0.1099   0.001394           -0.1103      -0.441            0.617      0.9215          0.4599        0.002223             1     0.9997       2.072e-08
     0.15           100.2       4      20          0    0.6328       0.1602    0.02353          -0.08746     -0.3499           0.6743      0.8785          0.4249        0.006749             1     0.9942       5.637e-07
      0.2           100.5       4      20          0    0.6449       0.2105    0.04497          -0.06539     -0.2615           0.7393      0.8192          0.3856         0.02029        0.9987     0.9387       1.289e-05
      0.3           101.1       4      20          0    0.6695       0.3124    0.08811          -0.02096    -0.08386           0.8801      0.6522          0.3169          0.1844        0.9175     0.3783        0.007939
      0.4           101.7       4      20          0    0.6943       0.4182     0.1326           0.02486     0.09943            1.063      0.4255          0.2556           1.862        0.3555    0.01517           6.053
      0.6           103.1       4      20          0    0.7437       0.6254     0.2206            0.1154      0.4617            1.555      0.0695          0.1716           202.3      0.003333          0       6.334e+06

=== 15m P3|B|30
 edge_pct  trades_per_30d  mean_N  mean_L  liq_share  tp_share  drift_H_pct  gross_pct  net_notional_pct  eq_ret_pct  30d_median_mult  30d_p_loss  30d_mdd_median  1y_median_mult  1y_p_below50  1y_p_ruin  IS_median_mult
        0           93.89       4      20  0.0008101    0.2148     0.005598    0.02023           -0.1126     -0.4505           0.6112      0.8937          0.4842        0.002076             1     0.9987       1.386e-08
    0.025           93.81       4      20  0.0007958    0.2185      0.03076    0.03534          -0.09733     -0.3893           0.6516      0.8668          0.4616        0.004229             1      0.993        1.32e-07
     0.05           93.72       4      20  0.0007915     0.222      0.05598    0.04993          -0.08257     -0.3303           0.6891      0.8368            0.44        0.008325        0.9993     0.9773       9.582e-07
    0.075           93.64       4      20  0.0007871     0.226        0.083    0.06538          -0.06692     -0.2677           0.7305      0.7925          0.4212         0.01705        0.9975     0.9305       9.759e-06
      0.1           93.56       4      20  0.0007828      0.23       0.1096    0.08129          -0.05082     -0.2033            0.775      0.7433          0.4011         0.03598        0.9903     0.8353       8.501e-05
     0.15           93.41       4      20   0.000779    0.2374       0.1596     0.1115          -0.02028     -0.0811           0.8658      0.6455          0.3633          0.1445          0.93     0.5118        0.005272
      0.2           93.26       4      20  0.0007652    0.2448         0.21     0.1416           0.01017     0.04069           0.9665      0.5362          0.3307          0.5782          0.73     0.1663          0.2208
      0.3           92.97       4      20  0.0007322    0.2596       0.3129     0.2017             0.071       0.284            1.209      0.3202          0.2734           9.106        0.1883   0.004167           591.4
      0.4           92.65       4      20  0.0007398     0.275       0.4179     0.2633            0.1333      0.5333            1.502      0.1475          0.2268           152.1        0.0275          0        2.55e+06
      0.6           92.07       4      20  0.0005915    0.3054       0.6242     0.3852            0.2568       1.027            2.354     0.01633          0.1636       3.793e+04     0.0008333          0        1.96e+13

=== 15m P3|B|100
 edge_pct  trades_per_30d  mean_N  mean_L  liq_share  tp_share  drift_H_pct  gross_pct  net_notional_pct  eq_ret_pct  30d_median_mult  30d_p_loss  30d_mdd_median  1y_median_mult  1y_p_below50  1y_p_ruin  IS_median_mult
        0            89.1       4      20   0.001323   0.02029     0.005579    0.06334          -0.07997     -0.3199           0.6653      0.7978          0.4831        0.007016        0.9987     0.9683       7.323e-07
    0.025           88.95       4      20   0.001304    0.0206      0.03059    0.08186          -0.06144     -0.2458           0.7142      0.7618          0.4603         0.01554        0.9963     0.9148       6.979e-06
     0.05           88.81       4      20   0.001306   0.02096      0.05521    0.09914          -0.04416     -0.1766            0.759      0.7182          0.4418         0.03252         0.986     0.8268       7.163e-05
    0.075           88.66       4      20   0.001297   0.02137      0.08115     0.1173          -0.02596     -0.1038           0.8095      0.6745          0.4249         0.07171        0.9602     0.6988       0.0005782
      0.1            88.5       4      20   0.001294   0.02182       0.1073     0.1361         -0.007163    -0.02865           0.8622      0.6227          0.4017          0.1607        0.9105     0.5267        0.006226
     0.15           88.22       4      20   0.001283   0.02255       0.1569      0.172           0.02873      0.1149           0.9794      0.5147          0.3673          0.7278        0.7252      0.202           0.515
      0.2           87.93       4      20    0.00126    0.0234       0.2079      0.209           0.06572      0.2629            1.108      0.4103          0.3376           3.511        0.4528    0.04417           49.47
      0.3           87.38       4      20   0.001204   0.02497       0.3086     0.2815            0.1383      0.5532            1.403      0.2355          0.2829           73.71        0.1118     0.0005       3.515e+05
      0.4           86.81       4      20   0.001217   0.02663       0.4105     0.3543            0.2111      0.8443            1.782      0.1117          0.2409            1467       0.02233          0       3.342e+09
      0.6           85.74       4      20   0.001018   0.03002       0.6151     0.5035            0.3604       1.442            2.885     0.01217          0.1714       6.304e+05      0.001167          0       1.258e+17

=== 15m P4|A|10
 edge_pct  trades_per_30d  mean_N  mean_L  liq_share  tp_share  drift_H_pct  gross_pct  net_notional_pct  eq_ret_pct  30d_median_mult  30d_p_loss  30d_mdd_median  1y_median_mult  1y_p_below50  1y_p_ruin  IS_median_mult
        0           115.9      20      50    0.09155    0.8035     0.004511   -0.02418           -0.1648      -3.296         0.006002      0.9997           0.995       1.584e-28             1          1       1.446e-81
    0.025             116      20      50     0.0898    0.8074      0.02923    -0.0196           -0.1592      -3.185         0.007032      0.9997          0.9942       1.037e-27             1          1       3.393e-79
     0.05           116.2      20      50    0.08805    0.8115      0.05515   -0.01495           -0.1536      -3.073         0.008066      0.9997          0.9933       6.781e-27             1          1       4.046e-77
    0.075           116.3      20      50    0.08629    0.8154      0.08173   -0.01032            -0.148      -2.961         0.009429      0.9997          0.9923       4.231e-26             1          1       5.835e-75
      0.1           116.5      20      50    0.08449    0.8194       0.1072  -0.005601           -0.1423      -2.847          0.01105      0.9997          0.9911       2.945e-25             1          1         1.9e-72
     0.15           116.8      20      50    0.08105    0.8275       0.1572   0.003724           -0.1311      -2.622          0.01502       0.999          0.9883       1.237e-23             1          1       7.853e-68
      0.2             117      20      50     0.0778     0.835       0.2074    0.01238           -0.1207      -2.413          0.01999      0.9982          0.9845       4.211e-22             1          1       1.842e-63
      0.3           117.6      20      50    0.07116    0.8503       0.3091    0.03016          -0.09923      -1.985          0.03538      0.9917          0.9739       5.728e-19             1          1       5.571e-54
      0.4           118.2      20      50    0.06426    0.8661       0.4124    0.04835          -0.07724      -1.545          0.06524      0.9793           0.955       1.047e-15             1          1       5.171e-45
      0.6           119.3      20      50    0.05048    0.8972       0.6158     0.0849          -0.03313     -0.6627           0.2243      0.8822           0.874       3.951e-09        0.9998     0.9998       1.956e-25

=== 15m P4|B|10
 edge_pct  trades_per_30d  mean_N  mean_L  liq_share  tp_share  drift_H_pct  gross_pct  net_notional_pct  eq_ret_pct  30d_median_mult  30d_p_loss  30d_mdd_median  1y_median_mult  1y_p_below50  1y_p_ruin  IS_median_mult
        0           121.6      20      50    0.01429    0.7665     0.004968   -0.01091           -0.1198      -2.396          0.02999      0.9997          0.9739       1.018e-19             1          1       5.741e-56
    0.025           121.6      20      50    0.01418      0.77       0.0297  -0.007685           -0.1163      -2.327          0.03282      0.9998          0.9716       2.965e-19             1          1       1.519e-54
     0.05           121.7      20      50      0.014    0.7737      0.05533  -0.004473           -0.1129      -2.257           0.0359      0.9993          0.9691       9.029e-19             1          1       5.674e-53
    0.075           121.7      20      50    0.01386    0.7771      0.08168  -0.001334           -0.1095       -2.19          0.03964      0.9993          0.9659       2.591e-18             1          1       1.303e-51
      0.1           121.8      20      50    0.01368    0.7809       0.1072   0.002145           -0.1057      -2.115          0.04454      0.9993          0.9621       9.023e-18             1          1       1.829e-50
     0.15           121.9      20      50    0.01341    0.7882        0.157   0.008702          -0.09868      -1.974          0.05277      0.9983          0.9552       8.801e-17             1          1       1.954e-47
      0.2             122      20      50    0.01303    0.7951        0.207    0.01486          -0.09202       -1.84          0.06317       0.997          0.9478       7.826e-16             1          1       1.117e-44
      0.3           122.2      20      50    0.01243    0.8089       0.3085    0.02738          -0.07853      -1.571          0.09003      0.9922          0.9273       6.167e-14             1          1       3.105e-39
      0.4           122.5      20      50    0.01169    0.8235       0.4115    0.04053          -0.06432      -1.286           0.1315      0.9815          0.8984       6.506e-12             1          1       2.128e-33
      0.6           122.9      20      50    0.01044    0.8517       0.6143    0.06619          -0.03668     -0.7337           0.2772      0.9193          0.8104       6.316e-08             1          1        7.84e-22

=== 15m P4|C|10
 edge_pct  trades_per_30d  mean_N  mean_L  liq_share  tp_share  drift_H_pct  gross_pct  net_notional_pct  eq_ret_pct  30d_median_mult  30d_p_loss  30d_mdd_median  1y_median_mult  1y_p_below50  1y_p_ruin  IS_median_mult
        0           121.1      20      50          0     0.753     0.004409   -0.01012           -0.1135      -2.271          0.04109           1          0.9638       8.076e-18             1          1       3.686e-50
    0.025           121.2      20      50          0    0.7566      0.02915  -0.007041           -0.1103      -2.206          0.04478      0.9997          0.9608       2.231e-17             1          1       7.266e-49
     0.05           121.3      20      50          0    0.7604      0.05493  -0.003828           -0.1069      -2.138          0.04847      0.9997          0.9579       6.751e-17             1          1       1.076e-47
    0.075           121.3      20      50          0     0.764       0.0814 -0.0007395           -0.1036      -2.072          0.05274      0.9998          0.9541       1.898e-16             1          1       3.689e-46
      0.1           121.4      20      50          0    0.7678       0.1072   0.002541           -0.1001      -2.003           0.0576      0.9995          0.9504       5.699e-16             1          1       5.629e-45
     0.15           121.6      20      50          0    0.7752        0.157   0.008867          -0.09343      -1.869          0.06866      0.9992          0.9415       4.727e-15             1          1       3.066e-42
      0.2           121.7      20      50          0     0.782       0.2074    0.01458          -0.08736      -1.747          0.08033      0.9983          0.9316       2.988e-14             1          1       5.894e-40
      0.3           121.9      20      50          0     0.796       0.3092    0.02658          -0.07465      -1.493           0.1108      0.9943           0.908       1.786e-12             1          1       4.422e-35
      0.4           122.3      20      50          0    0.8107       0.4127    0.03898           -0.0615       -1.23           0.1551      0.9862           0.877       1.105e-10             1          1       4.544e-30
      0.6           122.7      20      50          0    0.8395       0.6164    0.06368          -0.03533     -0.7066           0.3159        0.92          0.7752       5.066e-07             1          1       2.758e-19

=== 15m P4|B|100
 edge_pct  trades_per_30d  mean_N  mean_L  liq_share  tp_share  drift_H_pct  gross_pct  net_notional_pct  eq_ret_pct  30d_median_mult  30d_p_loss  30d_mdd_median  1y_median_mult  1y_p_below50  1y_p_ruin  IS_median_mult
        0           92.29      20      50    0.05683    0.1385     0.005467    0.03448           -0.1264      -2.529          0.01052      0.9823          0.9937       1.072e-25             1          1       4.124e-74
    0.025           92.18      20      50    0.05626     0.141      0.03082    0.05043           -0.1101      -2.202          0.01453      0.9757          0.9917       4.877e-24             1          1       2.606e-69
     0.05           92.08      20      50    0.05554    0.1435      0.05626    0.06595          -0.09419      -1.884          0.02037      0.9655          0.9893       1.912e-22             1          1       1.235e-64
    0.075           91.95      20      50    0.05489     0.146      0.08268    0.08181          -0.07793      -1.559          0.02729      0.9528          0.9863       7.308e-21             1          1       7.618e-60
      0.1           91.83      20      50    0.05422    0.1488       0.1094    0.09832          -0.06101       -1.22          0.03713      0.9385          0.9822       3.503e-19             1          1       3.626e-55
     0.15           91.62      20      50    0.05302    0.1538       0.1595     0.1296            -0.029       -0.58          0.06701      0.8978          0.9725       5.503e-16             1          1       5.426e-46
      0.2            91.4      20      50    0.05154    0.1589       0.2109     0.1614          0.003675     0.07351           0.1222       0.834          0.9584       8.994e-13             1          1         7.9e-36
      0.3           91.01      20      50    0.04886    0.1692       0.3134     0.2244           0.06827       1.365           0.3979      0.6695          0.9185       1.587e-06        0.9958     0.9792       8.215e-18
      0.4           90.58      20      50    0.04618    0.1798        0.418     0.2885            0.1341       2.681            1.242       0.458            0.86           4.203        0.8862      0.698           76.71
      0.6           89.78      20      50    0.04111    0.2005       0.6234     0.4154            0.2641       5.282            12.58      0.1235          0.7263       1.107e+13        0.3902    0.08783       1.736e+38

=== 15m P5|A|10
 edge_pct  trades_per_30d  mean_N  mean_L  liq_share  tp_share  drift_H_pct  gross_pct  net_notional_pct  eq_ret_pct  30d_median_mult  30d_p_loss  30d_mdd_median  1y_median_mult  1y_p_below50  1y_p_ruin  IS_median_mult
        0           112.1   11.75   42.11    0.07209    0.7855     0.003999   -0.03411           -0.1675      -1.923          0.07645      0.9983          0.9332       1.168e-14             1          1       3.361e-41
    0.025           112.3   11.75   42.11    0.07055      0.79      0.02849   -0.02802           -0.1605      -1.844          0.08326      0.9977          0.9273       3.749e-14             1          1       7.585e-40
     0.05           112.4   11.75   42.11    0.06901    0.7947      0.05413   -0.02165           -0.1532      -1.764          0.09235      0.9965            0.92       1.254e-13             1          1       2.136e-38
    0.075           112.6   11.75   42.11    0.06746    0.7992      0.08084   -0.01539           -0.1461      -1.684           0.1028      0.9942          0.9124       4.216e-13             1          1       1.373e-36
      0.1           112.8   11.75   42.11    0.06593    0.8039       0.1062  -0.008881           -0.1387      -1.604           0.1126      0.9937          0.9041       1.389e-12             1          1       3.472e-35
     0.15           113.1   11.75   42.12     0.0628    0.8132       0.1558   0.003972            -0.124       -1.44           0.1369      0.9907          0.8862         1.5e-11             1          1       2.732e-32
      0.2           113.5   11.75   42.12    0.05987    0.8219       0.2055    0.01599           -0.1102      -1.288           0.1642      0.9858          0.8663        1.55e-10             1          1       6.546e-29
      0.3           114.1   11.76   42.13    0.05391    0.8395       0.3066    0.04039          -0.08235     -0.9797            0.242      0.9643          0.8111       1.613e-08             1          1       2.186e-23
      0.4           114.8   11.76   42.14    0.04766    0.8577       0.4099     0.0657           -0.0534     -0.6623           0.3533      0.9097          0.7402       2.048e-06             1          1       1.597e-17
      0.6           116.2   11.76   42.14    0.03535    0.8932        0.612     0.1157          0.003733    -0.03003           0.7984      0.6287          0.5488         0.03877        0.9613     0.7743       3.284e-05

=== 15m P5|B|10
 edge_pct  trades_per_30d  mean_N  mean_L  liq_share  tp_share  drift_H_pct  gross_pct  net_notional_pct  eq_ret_pct  30d_median_mult  30d_p_loss  30d_mdd_median  1y_median_mult  1y_p_below50  1y_p_ruin  IS_median_mult
        0           119.5   11.79   42.19  0.0002985    0.7387     0.004718   -0.01396           -0.1183       -1.37           0.1648      0.9988            0.85       2.427e-10             1          1       1.426e-28
    0.025           119.6   11.79   42.19  0.0002905    0.7427       0.0294  -0.009888           -0.1141      -1.322           0.1751      0.9987          0.8417       4.957e-10             1          1       1.122e-27
     0.05           119.7   11.79   42.19  0.0002825    0.7467      0.05486  -0.005871           -0.1098      -1.276           0.1839      0.9975          0.8336       1.007e-09             1          1       7.468e-27
    0.075           119.7   11.79   42.19  0.0002823    0.7507      0.08136  -0.001726           -0.1055      -1.229           0.1961      0.9967          0.8234       1.999e-09             1          1       4.546e-26
      0.1           119.8   11.79   42.19  0.0002821     0.755        0.107   0.002841           -0.1007      -1.179           0.2072      0.9962          0.8147       4.224e-09             1          1       3.718e-25
     0.15           119.9   11.79   42.19  0.0002818    0.7633       0.1566    0.01144          -0.09167      -1.082           0.2345      0.9933          0.7915       1.816e-08             1          1       3.031e-23
      0.2           120.1    11.8   42.19  0.0002776    0.7712       0.2063    0.01954          -0.08316     -0.9904           0.2626      0.9913          0.7687       7.327e-08             1          1       2.029e-21
      0.3           120.3    11.8   42.19  0.0002576    0.7868       0.3076    0.03578          -0.06612     -0.8065           0.3308      0.9785          0.7169       1.172e-06             1          1       5.413e-18
      0.4           120.6    11.8    42.2  0.0002608    0.8032       0.4105    0.05251          -0.04856     -0.6165           0.4193       0.951          0.6534        2.05e-05             1          1       2.323e-14
      0.6           121.1    11.8   42.19  0.0002133     0.835       0.6121    0.08557          -0.01385     -0.2439           0.6664      0.7905          0.5032        0.006411        0.9983     0.9627        2.98e-07

=== 15m P5|C|10
 edge_pct  trades_per_30d  mean_N  mean_L  liq_share  tp_share  drift_H_pct  gross_pct  net_notional_pct  eq_ret_pct  30d_median_mult  30d_p_loss  30d_mdd_median  1y_median_mult  1y_p_below50  1y_p_ruin  IS_median_mult
        0           117.6   11.73    42.1          0    0.7524     0.004831   -0.01648           -0.1202      -1.394           0.1619      0.9988          0.8544       1.657e-10             1          1        5.25e-29
    0.025           117.7   11.73    42.1          0    0.7566      0.02954   -0.01207           -0.1155      -1.341           0.1718      0.9983           0.845       3.684e-10             1          1       4.056e-28
     0.05           117.8   11.73    42.1          0    0.7608      0.05523   -0.00766           -0.1109      -1.287           0.1835      0.9977          0.8368       8.094e-10             1          1       3.835e-27
    0.075           117.9   11.73    42.1          0     0.765      0.08194  -0.003087           -0.1061      -1.233           0.1965       0.996          0.8251       1.858e-09             1          1       4.573e-26
      0.1             118   11.73    42.1          0    0.7695       0.1077   0.001792            -0.101      -1.177           0.2118      0.9945          0.8134        4.32e-09             1          1       4.163e-25
     0.15           118.2   11.73    42.1          0    0.7781       0.1574    0.01114          -0.09122      -1.067           0.2418      0.9917          0.7887       2.186e-08             1          1       5.312e-23
      0.2           118.4   11.74   42.11          0    0.7863       0.2073    0.01982          -0.08212     -0.9629            0.274      0.9883          0.7649       1.003e-07             1          1       5.325e-21
      0.3           118.7   11.74   42.11          0    0.8026       0.3085    0.03743          -0.06367     -0.7542           0.3556      0.9697          0.7035       2.346e-06             1          1        5.25e-17
      0.4           119.1   11.75   42.12          0    0.8196       0.4116    0.05566          -0.04457     -0.5383           0.4585      0.9242          0.6313        6.15e-05             1     0.9998       5.486e-13
      0.6           119.7   11.75   42.13          0    0.8527       0.6137    0.09133         -0.007202     -0.1136           0.7865      0.6847          0.4626         0.04215        0.9748      0.784         5.9e-05

=== 15m P5|B|100
 edge_pct  trades_per_30d  mean_N  mean_L  liq_share  tp_share  drift_H_pct  gross_pct  net_notional_pct  eq_ret_pct  30d_median_mult  30d_p_loss  30d_mdd_median  1y_median_mult  1y_p_below50  1y_p_ruin  IS_median_mult
        0           90.21   11.84   42.22   0.001317   0.08137     0.005788    0.04602           -0.0941      -1.163           0.2086      0.9237          0.8625       4.321e-09             1          1       4.077e-25
    0.025           90.09   11.84   42.22   0.001298   0.08317      0.03072    0.06386          -0.07618     -0.9821           0.2431      0.9035          0.8444       3.059e-08             1          1       8.682e-23
     0.05           89.98   11.84   42.22   0.001299   0.08479      0.05543    0.08078          -0.05919      -0.809           0.2864      0.8773          0.8264       2.008e-07             1          1       1.997e-20
    0.075           89.85   11.84   42.22   0.001291   0.08643      0.08138    0.09832          -0.04159     -0.6308           0.3329      0.8437          0.8064       1.359e-06             1          1        8.87e-18
      0.1            89.7   11.84   42.22   0.001287   0.08821       0.1075     0.1166          -0.02321     -0.4493           0.3894      0.8077          0.7834       1.023e-05             1     0.9983       1.586e-15
     0.15           89.47   11.84   42.22   0.001275   0.09162       0.1571     0.1516           0.01197    -0.09842            0.542      0.7195          0.7372        0.000454        0.9955      0.973       1.744e-10
      0.2           89.22   11.84   42.22   0.001252   0.09499       0.2079     0.1873           0.04774      0.2542           0.7303      0.6107          0.6905          0.0198        0.9653      0.845       6.077e-06
      0.3           88.75   11.84   42.22   0.001195    0.1017       0.3092     0.2572             0.118      0.9568            1.354      0.3912          0.5958            36.9        0.6472     0.2312       2.388e+04
      0.4           88.26   11.84   42.22   0.001202    0.1086        0.412     0.3281            0.1892       1.668            2.506       0.192           0.515       7.105e+04         0.286       0.02       5.158e+13
      0.6           87.33   11.84   42.21   0.001005    0.1225       0.6163     0.4721            0.3338       3.102            8.412     0.02033          0.3834       1.984e+11       0.04033          0       4.345e+32

=== 15m P5c|A|10
 edge_pct  trades_per_30d  mean_N  mean_L  liq_share  tp_share  drift_H_pct  gross_pct  net_notional_pct  eq_ret_pct  30d_median_mult  30d_p_loss  30d_mdd_median  1y_median_mult  1y_p_below50  1y_p_ruin  IS_median_mult
        0           112.1   8.421   42.11    0.07209    0.7855     0.003999   -0.03411           -0.1675      -1.399           0.1697      0.9982          0.8474       2.468e-10             1          1       9.992e-29
    0.025           112.3   8.625   42.11    0.07055      0.79      0.02849   -0.02802           -0.1605      -1.317           0.1851      0.9963          0.8355       7.645e-10             1          1       2.092e-27
     0.05           112.4   8.832   42.11    0.06901    0.7947      0.05413   -0.02165           -0.1532      -1.233           0.2053       0.994          0.8201       2.433e-09             1          1       9.062e-26
    0.075           112.6    9.03   42.11    0.06746    0.7992      0.08084   -0.01539           -0.1461      -1.151           0.2237      0.9898          0.8043       7.586e-09             1          1        3.34e-24
      0.1           112.8    9.23   42.11    0.06593    0.8039       0.1062  -0.008881           -0.1387      -1.067            0.247      0.9863          0.7882       2.419e-08             1          1       5.058e-23
     0.15           113.1   9.633   42.12     0.0628    0.8132       0.1558   0.003972            -0.124     -0.8982           0.2994      0.9703          0.7535       2.589e-07             1          1       6.076e-20
      0.2           113.5   10.03   42.12    0.05987    0.8219       0.2055    0.01599           -0.1102     -0.7392           0.3603      0.9457          0.7141       2.444e-06             1          1       6.248e-17
      0.3           114.1   10.83   42.13    0.05391    0.8395       0.3066    0.04039          -0.08235     -0.4163           0.5269      0.8448          0.6258       0.0002303             1     0.9975        1.98e-11
      0.4           114.8   11.63   42.14    0.04766    0.8577       0.4099     0.0657           -0.0534    -0.08489           0.7642      0.6578          0.5334         0.02645        0.9718     0.8255       2.516e-05
      0.6           116.2   13.25   42.14    0.03535    0.8932        0.612     0.1157          0.003733      0.5744            1.709      0.2175          0.3945             390          0.22    0.01117       2.237e+07

=== 15m P5c|B|10
 edge_pct  trades_per_30d  mean_N  mean_L  liq_share  tp_share  drift_H_pct  gross_pct  net_notional_pct  eq_ret_pct  30d_median_mult  30d_p_loss  30d_mdd_median  1y_median_mult  1y_p_below50  1y_p_ruin  IS_median_mult
        0           119.5   8.438   42.19  0.0002985    0.7387     0.004718   -0.01396           -0.1183     -0.9887           0.2784       0.998           0.741       1.634e-07             1          1       1.716e-20
    0.025           119.6   8.643   42.19  0.0002905    0.7427       0.0294  -0.009888           -0.1141     -0.9425           0.2939      0.9973          0.7297       3.082e-07             1          1       1.124e-19
     0.05           119.7   8.849   42.19  0.0002825    0.7467      0.05486  -0.005871           -0.1098     -0.8969           0.3104      0.9942          0.7162       5.787e-07             1          1       6.834e-19
    0.075           119.7   9.047   42.19  0.0002823    0.7507      0.08136  -0.001726           -0.1055     -0.8516           0.3274      0.9922          0.7027       1.066e-06             1          1       4.218e-18
      0.1           119.8   9.247   42.19  0.0002821     0.755        0.107   0.002841           -0.1007     -0.8023            0.348       0.989          0.6893       2.121e-06             1          1       3.259e-17
     0.15           119.9   9.648   42.19  0.0002818    0.7633       0.1566    0.01144          -0.09167      -0.707            0.387      0.9785          0.6602       8.108e-06             1          1       1.337e-15
      0.2           120.1   10.05   42.19  0.0002776    0.7712       0.2063    0.01954          -0.08316     -0.6169           0.4319       0.964          0.6301       2.923e-05             1          1       4.827e-14
      0.3           120.3   10.85   42.19  0.0002576    0.7868       0.3076    0.03578          -0.06612     -0.4353           0.5338       0.901          0.5714       0.0003742             1     0.9998       1.383e-10
      0.4           120.6   11.65    42.2  0.0002608    0.8032       0.4105    0.05251          -0.04856     -0.2486           0.6608       0.794          0.5115        0.005223        0.9995      0.972       1.701e-07
      0.6           121.1   13.26   42.19  0.0002133     0.835       0.6121    0.08557          -0.01385      0.1156            1.018      0.4883          0.4202          0.9801        0.7078     0.2412          0.9839

=== 15m P5c|C|10
 edge_pct  trades_per_30d  mean_N  mean_L  liq_share  tp_share  drift_H_pct  gross_pct  net_notional_pct  eq_ret_pct  30d_median_mult  30d_p_loss  30d_mdd_median  1y_median_mult  1y_p_below50  1y_p_ruin  IS_median_mult
        0           117.6   8.419    42.1          0    0.7524     0.004831   -0.01648           -0.1202      -1.005           0.2778      0.9982          0.7448       1.455e-07             1          1       1.457e-20
    0.025           117.7   8.624    42.1          0    0.7566      0.02954   -0.01207           -0.1155     -0.9511           0.2945      0.9967          0.7301        3.09e-07             1          1       1.028e-19
     0.05           117.8    8.83    42.1          0    0.7608      0.05523   -0.00766           -0.1109     -0.8985           0.3143      0.9932          0.7153       6.373e-07             1          1       9.386e-19
    0.075           117.9   9.027    42.1          0     0.765      0.08194  -0.003087           -0.1061     -0.8457           0.3345      0.9907          0.6992       1.313e-06             1          1       7.672e-18
      0.1             118   9.228    42.1          0    0.7695       0.1077   0.001792            -0.101     -0.7897           0.3584      0.9867          0.6827       2.872e-06             1          1       7.526e-17
     0.15           118.2   9.629    42.1          0    0.7781       0.1574    0.01114          -0.09122     -0.6804           0.4053      0.9728          0.6481       1.317e-05             1          1       4.242e-15
      0.2           118.4   10.03   42.11          0    0.7863       0.2073    0.01982          -0.08212      -0.577           0.4585      0.9532          0.6141       5.646e-05             1          1       3.299e-13
      0.3           118.7   10.83   42.11          0    0.8026       0.3085    0.03743          -0.06367     -0.3684           0.5834      0.8693          0.5452        0.001044        0.9998      0.998       2.436e-09
      0.4           119.1   11.63   42.12          0    0.8196       0.4116    0.05566          -0.04457     -0.1537           0.7492       0.713          0.4773         0.02258        0.9882     0.8685       2.199e-05
      0.6           119.7   13.24   42.13          0    0.8527       0.6137    0.09133         -0.007202       0.267            1.233      0.3505          0.3757           9.741        0.3932    0.04717           716.6

=== 15m P6|B|none
 edge_pct  trades_per_30d  mean_N  mean_L  liq_share  tp_share  drift_H_pct  gross_pct  net_notional_pct  eq_ret_pct  30d_median_mult  30d_p_loss  30d_mdd_median  1y_median_mult  1y_p_below50  1y_p_ruin  IS_median_mult
        0           88.72   1.128   9.993          0         0     0.005368    0.07093          -0.07286    -0.09036           0.9159      0.7765          0.1426           0.349         0.875  0.0008333         0.04182
    0.025           88.57   1.128   9.993          0         0      0.03031    0.08958          -0.05423    -0.07271           0.9306       0.733          0.1331          0.4222        0.7492  0.0003333         0.07845
     0.05           88.42   1.128   9.993          0         0      0.05465     0.1071          -0.03675    -0.05583           0.9456      0.6843          0.1259          0.5069        0.5923  0.0001667          0.1336
    0.075           88.27   1.128   9.993          0         0       0.0808      0.126          -0.01788    -0.03808           0.9595      0.6338          0.1187          0.6132        0.4015          0          0.2412
      0.1            88.1   1.128   9.993          0         0       0.1069     0.1452           0.00137    -0.01997           0.9765      0.5835          0.1118          0.7448        0.2347          0          0.4086
     0.15           87.81   1.128   9.993          0         0       0.1564     0.1819           0.03802     0.01469            1.004      0.4837          0.1001           1.077          0.05          0           1.254
      0.2           87.51   1.129   9.993          0         0       0.2069     0.2194           0.07549     0.04969            1.036      0.3805         0.08982           1.557         0.004          0           3.847
      0.3           86.94   1.129   9.993          0         0       0.3069     0.2927            0.1487      0.1192              1.1       0.196         0.07191           3.231             0          0           32.99
      0.4           86.34    1.13   9.993          0         0       0.4082     0.3671             0.223      0.1895            1.166     0.08933         0.05932           6.668             0          0           283.7
      0.6           85.22    1.13   9.993          0         0       0.6113      0.518            0.3738      0.3317            1.311    0.006333           0.041           28.32             0          0       1.809e+04

=== 15m P6h|B|none
 edge_pct  trades_per_30d  mean_N  mean_L  liq_share  tp_share  drift_H_pct  gross_pct  net_notional_pct  eq_ret_pct  30d_median_mult  30d_p_loss  30d_mdd_median  1y_median_mult  1y_p_below50  1y_p_ruin  IS_median_mult
        0           88.72  0.5639   9.993          0         0     0.005368    0.07093          -0.07286     -0.0452           0.9584      0.7682          0.0735          0.6017        0.2037          0          0.2152
    0.025           88.57   0.564   9.993          0         0      0.03031    0.08958          -0.05423    -0.03638           0.9662      0.7227         0.06828          0.6621       0.09667          0           0.296
     0.05           88.42  0.5641   9.993          0         0      0.05465     0.1071          -0.03675    -0.02793           0.9739      0.6748         0.06448          0.7256        0.0395          0          0.3869
    0.075           88.27  0.5642   9.993          0         0       0.0808      0.126          -0.01788    -0.01906           0.9811      0.6247         0.06073          0.7982       0.01117          0          0.5186
      0.1            88.1  0.5642   9.993          0         0       0.1069     0.1452           0.00137    -0.01001           0.9898       0.576         0.05699          0.8798      0.003167          0          0.6748
     0.15           87.81  0.5643   9.993          0         0       0.1564     0.1819           0.03802    0.007326            1.004       0.473         0.05093           1.058     0.0001667          0           1.184
      0.2           87.51  0.5644   9.993          0         0       0.2069     0.2194           0.07549     0.02483            1.019      0.3683         0.04548           1.272             0          0           2.081
      0.3           86.94  0.5647   9.993          0         0       0.3069     0.2927            0.1487     0.05958            1.051      0.1903         0.03635           1.835             0          0           6.088
      0.4           86.34  0.5649   9.993          0         0       0.4082     0.3671             0.223     0.09473            1.082     0.08633         0.02995           2.636             0          0           17.86
      0.6           85.22  0.5652   9.993          0         0       0.6113      0.518            0.3738      0.1658            1.147    0.006167         0.02062           5.438             0          0           143.5

=== 15m P6|B|10
 edge_pct  trades_per_30d  mean_N  mean_L  liq_share  tp_share  drift_H_pct  gross_pct  net_notional_pct  eq_ret_pct  30d_median_mult  30d_p_loss  30d_mdd_median  1y_median_mult  1y_p_below50  1y_p_ruin  IS_median_mult
        0           97.99   1.106   9.991          0    0.3372     0.005691   0.003486           -0.1225      -0.133           0.8763      0.9427          0.1521          0.1959        0.9998    0.01417         0.00816
    0.025           97.95   1.106   9.991          0    0.3423      0.03114    0.01601           -0.1097     -0.1199           0.8874      0.9223          0.1416           0.229        0.9972   0.003333         0.01263
     0.05           97.92   1.106   9.991          0    0.3473      0.05683    0.02834          -0.09714     -0.1069           0.8993      0.8943          0.1347          0.2671        0.9885  0.0008333         0.02113
    0.075            97.9   1.106   9.991          0    0.3525      0.08402    0.04097          -0.08425    -0.09355           0.9118      0.8612          0.1263          0.3126         0.958  0.0001667         0.03632
      0.1           97.87   1.105   9.991          0    0.3579       0.1106    0.05433          -0.07062    -0.08008           0.9224      0.8287          0.1186           0.369        0.8827          0         0.05709
     0.15           97.79   1.105   9.991          0    0.3682       0.1607    0.07985          -0.04459     -0.0537            0.947      0.7398           0.104          0.5026        0.5657          0          0.1347
      0.2           97.71   1.105   9.991          0    0.3784       0.2113     0.1048          -0.01919    -0.02785           0.9711      0.6372         0.09143          0.6869        0.1892          0          0.3456
      0.3           97.59   1.104   9.991          0    0.3988       0.3153     0.1553           0.03241     0.02461            1.021      0.4005         0.07158            1.28      0.001833          0           2.012
      0.4           97.43   1.104   9.991          0    0.4195       0.4203     0.2066           0.08464     0.07765            1.075      0.1855         0.05736           2.401             0          0           12.86
      0.6            97.2   1.102   9.991          0    0.4605       0.6263      0.308            0.1882      0.1826            1.191     0.01367         0.03939            8.31             0          0           482.2

=== 1h P0|A|10
 edge_pct  trades_per_30d  mean_N  mean_L  liq_share  tp_share  drift_H_pct  gross_pct  net_notional_pct  eq_ret_pct  30d_median_mult  30d_p_loss  30d_mdd_median  1y_median_mult  1y_p_below50  1y_p_ruin  IS_median_mult
        0           23.34       1       1  4.022e-05   0.01894    0.0009981   -0.01646           -0.1754     -0.1754           0.9512      0.6233          0.1455          0.5191        0.5945      0.018           0.161
    0.025           23.35       1       1  4.022e-05   0.01918      0.02218   0.004903            -0.154      -0.154           0.9562      0.6137          0.1431          0.5537        0.5538      0.017          0.1782
     0.05           23.35       1       1  4.022e-05   0.01939      0.05002    0.03236           -0.1265     -0.1265           0.9619      0.5985          0.1394          0.5954        0.5058    0.01567          0.2279
    0.075           23.35       1       1  4.022e-05   0.01961      0.07549    0.05724           -0.1016     -0.1016           0.9683      0.5847          0.1367          0.6393        0.4648      0.014          0.2779
      0.1           23.35       1       1  4.022e-05   0.01971       0.1001    0.08167          -0.07721     -0.0772            0.975       0.571          0.1336          0.6873        0.4255     0.0135           0.332
     0.15           23.35       1       1  4.022e-05   0.02009       0.1512     0.1323          -0.02652    -0.02652           0.9845      0.5413          0.1298          0.7951        0.3437    0.01217          0.4453
      0.2           23.35       1       1  4.021e-05   0.02057       0.2071     0.1875           0.02869     0.02869           0.9966      0.5078          0.1254          0.9377        0.2625      0.012          0.8344
      0.3           23.36       1       1   4.02e-05   0.02135       0.3113     0.2899            0.1311      0.1311            1.019       0.452          0.1168           1.256        0.1522    0.01167           1.689
      0.4           23.36       1       1   4.02e-05   0.02233       0.4184     0.3951            0.2364      0.2364            1.042      0.3927          0.1088           1.696         0.079    0.01167            4.05
      0.6           23.37       1       1  4.019e-05   0.02337       0.6119     0.5864            0.4277      0.4277             1.09      0.2908         0.09422           2.911         0.026     0.0115           20.09
      0.8           23.37       1       1  4.017e-05   0.02475       0.8046     0.7776             0.619       0.619            1.139      0.2008         0.08212           5.058        0.0145     0.0115           94.46
        1           23.38       1       1  4.016e-05   0.02625        1.008     0.9787            0.8202      0.8202            1.189      0.1252         0.07253           8.999        0.0125     0.0115           478.3
     1.25           23.38       1       1  2.008e-05   0.02781        1.265      1.232             1.073       1.073            1.256     0.05817         0.06061           18.21        0.0065   0.005667            5106
      1.5            23.4       1       1          0   0.02998         1.52      1.483             1.324       1.324            1.329     0.02483         0.04848           37.41     0.0006667          0       3.639e+04

=== 1h P0|B|10
 edge_pct  trades_per_30d  mean_N  mean_L  liq_share  tp_share  drift_H_pct  gross_pct  net_notional_pct  eq_ret_pct  30d_median_mult  30d_p_loss  30d_mdd_median  1y_median_mult  1y_p_below50  1y_p_ruin  IS_median_mult
        0           26.73       1       1          0   0.01798     0.004804     0.1506         -0.003475   -0.003475           0.9863      0.5447          0.1104          0.8741        0.1897  0.0001667           0.619
    0.025           26.71       1       1          0   0.01818      0.02563     0.1671             0.013       0.013           0.9906       0.531          0.1086          0.9214        0.1605  0.0001667          0.7247
     0.05           26.68       1       1          0   0.01835       0.0529     0.1871           0.03299     0.03299           0.9955      0.5148          0.1064          0.9762        0.1297          0          0.8518
    0.075           26.66       1       1          0   0.01856      0.07625     0.2049           0.05082     0.05082           0.9999      0.5005          0.1045            1.04        0.1075          0          0.9937
      0.1           26.63       1       1          0   0.01869       0.1018     0.2235           0.06937     0.06937            1.005      0.4848          0.1027           1.101       0.08367          0           1.205
     0.15           26.57       1       1          0   0.01906       0.1515     0.2606            0.1063      0.1063            1.015      0.4537          0.0999           1.248       0.05283          0           1.809
      0.2           26.52       1       1          0   0.01953       0.2093     0.3024            0.1482      0.1482            1.025       0.421         0.09664           1.426        0.0295          0           2.356
      0.3           26.42       1       1          0   0.02024       0.3104     0.3739            0.2196      0.2196            1.043      0.3673         0.09136           1.791      0.009333          0            4.73
      0.4           26.32       1       1          0   0.02115       0.4161     0.4506            0.2961      0.2961            1.063       0.318         0.08571           2.292         0.003          0           10.92
      0.6           26.11       1       1          0   0.02221       0.6086     0.5897             0.435       0.435            1.098       0.223          0.0755           3.499        0.0005          0           36.03
      0.8           25.93       1       1          0   0.02363       0.8064      0.735            0.5801      0.5801            1.139      0.1455          0.0667           5.489     0.0001667          0           135.6
        1            25.7       1       1          0    0.0251        1.014     0.8859            0.7309      0.7309             1.18     0.08967         0.05859           8.639             0          0           502.7
     1.25           25.44       1       1          0   0.02672        1.276      1.069            0.9139      0.9139            1.232     0.04167         0.05062           14.87             0          0            2499
      1.5           25.19       1       1          0   0.02859        1.536      1.255             1.099       1.099            1.286     0.01683         0.04364           25.39             0          0       1.198e+04

=== 1h P1|B|10
 edge_pct  trades_per_30d  mean_N  mean_L  liq_share  tp_share  drift_H_pct  gross_pct  net_notional_pct  eq_ret_pct  30d_median_mult  30d_p_loss  30d_mdd_median  1y_median_mult  1y_p_below50  1y_p_ruin  IS_median_mult
        0           30.17    1.25       5          0    0.3545    -0.005198    0.01501           -0.1184      -0.148           0.9521      0.6582          0.1285          0.5304        0.5518     0.0005          0.1442
    0.025           30.16    1.25       5          0     0.357      0.01661    0.02681           -0.1065     -0.1331           0.9568      0.6468          0.1267          0.5618        0.5027     0.0005          0.1825
     0.05           30.16    1.25       5          0    0.3602      0.04422    0.04147          -0.09164     -0.1145           0.9614      0.6292          0.1248          0.6024         0.448  0.0001667          0.2203
    0.075           30.16    1.25       5          0     0.363      0.06853    0.05433          -0.07866    -0.09832           0.9668      0.6127          0.1227          0.6398        0.3943  0.0001667          0.2519
      0.1           30.16    1.25       5          0    0.3656      0.09409    0.06649          -0.06637    -0.08296           0.9713       0.593          0.1206          0.6775        0.3483          0          0.2945
     0.15           30.15    1.25       5          0    0.3708       0.1472    0.09232          -0.04028    -0.05035           0.9808       0.564          0.1163          0.7596        0.2673          0          0.4138
      0.2           30.14    1.25       5          0    0.3765       0.2055     0.1201          -0.01226    -0.01532           0.9892      0.5298          0.1116          0.8683        0.1782          0          0.5863
      0.3           30.12    1.25       5          0    0.3873       0.3133     0.1716            0.0398     0.04974            1.009      0.4703          0.1056           1.102       0.07967          0           1.298
      0.4            30.1    1.25       5          0    0.3985       0.4217     0.2238           0.09255      0.1157            1.028      0.4072         0.09911           1.397       0.02817          0           2.528
      0.6           30.04    1.25       5          0    0.4191       0.6214     0.3226            0.1923      0.2404            1.067      0.2958         0.08779           2.203        0.0025          0           9.661
      0.8           30.01    1.25       5          0    0.4389       0.8178      0.418            0.2887      0.3609            1.106      0.1938         0.07809           3.417        0.0005          0           36.08
        1           29.95    1.25       5          0    0.4606        1.027     0.5227            0.3944       0.493            1.152      0.1153         0.06925           5.518             0          0           145.7
     1.25            29.9    1.25       5          0    0.4867        1.292     0.6466            0.5195      0.6494            1.206      0.0545         0.06101           9.784             0          0           805.7
      1.5           29.84    1.25       5          0    0.5137         1.56     0.7736            0.6479      0.8099            1.262     0.02133         0.05315           17.35             0          0            4310

=== 1h P2|B|10
 edge_pct  trades_per_30d  mean_N  mean_L  liq_share  tp_share  drift_H_pct  gross_pct  net_notional_pct  eq_ret_pct  30d_median_mult  30d_p_loss  30d_mdd_median  1y_median_mult  1y_p_below50  1y_p_ruin  IS_median_mult
        0           33.95     2.5      10  0.0002766    0.5651    -0.009015    -0.0238           -0.1435     -0.3587           0.8749      0.7513          0.2245          0.1784        0.9635     0.2572        0.007254
    0.025           33.95     2.5      10  0.0002766    0.5676      0.01251   -0.01663           -0.1362     -0.3404           0.8793      0.7402           0.222          0.1922        0.9537     0.2228        0.007582
     0.05           33.97     2.5      10  0.0002764    0.5708      0.03936  -0.007413           -0.1268      -0.317            0.888       0.726          0.2177          0.2122        0.9415     0.1863         0.01135
    0.075           33.98     2.5      10  0.0002763    0.5741      0.06311   0.001545           -0.1177     -0.2941           0.8948      0.7118          0.2142          0.2348        0.9247     0.1555         0.01425
      0.1           33.98     2.5      10  0.0002763    0.5766      0.08741   0.008218           -0.1109     -0.2771           0.9008      0.6993          0.2116          0.2521        0.9085     0.1333         0.01766
     0.15           33.99     2.5      10  0.0002762    0.5822       0.1405    0.02407           -0.0947     -0.2368           0.9124      0.6792          0.2046          0.2964        0.8645    0.08967          0.0287
      0.2           34.01     2.5      10  0.0002761    0.5883       0.1984    0.04082          -0.07764     -0.1941           0.9256       0.656          0.1991          0.3542        0.8115     0.0565         0.04691
      0.3           34.03     2.5      10  0.0002759    0.5992       0.3052    0.07146          -0.04644     -0.1161           0.9507      0.6033          0.1881          0.4914         0.666    0.01967          0.1204
      0.4           34.05     2.5      10  0.0002482    0.6103       0.4158     0.1021          -0.01524     -0.0381           0.9768      0.5463           0.178          0.6735        0.4982      0.006          0.3016
      0.6           34.12     2.5      10  0.0002477    0.6324       0.6202     0.1634           0.04723      0.1181            1.032      0.4338           0.158           1.285        0.1935          0           2.468
      0.8           34.18     2.5      10  0.0002061    0.6537       0.8157     0.2222            0.1072      0.2679            1.087      0.3315          0.1434           2.456        0.0545          0           13.67
        1           34.23     2.5      10  0.0002058     0.676        1.022     0.2842            0.1704      0.4259            1.152      0.2388          0.1289           4.826      0.009667          0           81.84
     1.25            34.3     2.5      10  0.0001779    0.7038        1.281     0.3594             0.247      0.6174            1.228      0.1407          0.1129           10.79      0.001333          0            1040
      1.5           34.35     2.5      10  0.0001777    0.7309        1.546     0.4336            0.3226      0.8065            1.305     0.07083          0.1006           24.34     0.0003333          0        1.03e+04

=== 1h P2|C|10
 edge_pct  trades_per_30d  mean_N  mean_L  liq_share  tp_share  drift_H_pct  gross_pct  net_notional_pct  eq_ret_pct  30d_median_mult  30d_p_loss  30d_mdd_median  1y_median_mult  1y_p_below50  1y_p_ruin  IS_median_mult
        0           30.53     2.5      10          0    0.6098     -0.01401    -0.1093           -0.2296      -0.574           0.8222      0.7855          0.2862         0.07977        0.9927     0.6602       0.0006004
    0.025           30.56     2.5      10          0    0.6124     0.007372   -0.09922           -0.2194     -0.5485           0.8288      0.7783           0.282          0.0878        0.9907     0.6217       0.0007307
     0.05           30.59     2.5      10          0    0.6159      0.03469   -0.08617           -0.2061     -0.5153           0.8385      0.7672          0.2776         0.09994        0.9853     0.5648        0.001119
    0.075           30.63     2.5      10          0    0.6197       0.0609   -0.07252           -0.1922     -0.4806           0.8485      0.7507          0.2723          0.1132         0.979     0.5093        0.001532
      0.1           30.66     2.5      10          0    0.6225      0.08471   -0.06256           -0.1821     -0.4553           0.8551      0.7398          0.2679          0.1248        0.9745     0.4665        0.002071
     0.15           30.73     2.5      10          0    0.6288       0.1381   -0.03953           -0.1587     -0.3968           0.8706       0.718          0.2601          0.1554        0.9573     0.3663        0.004411
      0.2           30.79     2.5      10          0    0.6354       0.1966    -0.0159           -0.1347     -0.3368           0.8857      0.6917          0.2509          0.1971        0.9282      0.277        0.006676
      0.3           30.89     2.5      10          0     0.648        0.307    0.03102          -0.08704     -0.2176           0.9197      0.6325          0.2359          0.3105        0.8363     0.1303         0.03358
      0.4           31.01     2.5      10          0    0.6602       0.4158    0.07592          -0.04143     -0.1036            0.952      0.5817           0.222          0.4844        0.6873      0.052          0.1172
      0.6           31.27     2.5      10          0     0.685       0.6222      0.166           0.05009      0.1252            1.024      0.4613           0.196           1.162        0.3205     0.0025           1.359
      0.8           31.51     2.5      10          0    0.7091       0.8171     0.2531            0.1386      0.3465            1.099       0.343          0.1728           2.806         0.094          0           17.68
        1           31.77     2.5      10          0    0.7338        1.022     0.3437            0.2307      0.5768            1.188       0.227          0.1506            7.16       0.01633          0           294.5
     1.25           32.08     2.5      10          0    0.7641        1.278     0.4534            0.3422      0.8555            1.298      0.1162          0.1247           22.44      0.001833          0            8042
      1.5           32.38     2.5      10          0    0.7944        1.539     0.5653            0.4559        1.14            1.432     0.04667          0.1225           73.14     0.0003333          0       2.457e+05

=== 1h P3|A|10
 edge_pct  trades_per_30d  mean_N  mean_L  liq_share  tp_share  drift_H_pct  gross_pct  net_notional_pct  eq_ret_pct  30d_median_mult  30d_p_loss  30d_mdd_median  1y_median_mult  1y_p_below50  1y_p_ruin  IS_median_mult
        0           34.96       4      20     0.0602    0.7777     -0.01932   -0.08966           -0.2237     -0.8949           0.7075      0.8407          0.3949        0.009871        0.9998     0.9765       9.251e-07
    0.025           34.99       4      20    0.05969    0.7796     0.001329   -0.08429            -0.218     -0.8721            0.712      0.8348          0.3919         0.01068        0.9998     0.9717       1.339e-06
     0.05           35.03       4      20    0.05899    0.7819      0.02807   -0.07721           -0.2105      -0.842           0.7202      0.8263           0.384         0.01242        0.9995      0.965       2.112e-06
    0.075           35.07       4      20    0.05835    0.7844      0.05261    -0.0702           -0.2031     -0.8123           0.7271      0.8178          0.3793         0.01411        0.9993      0.956       3.696e-06
      0.1           35.09       4      20    0.05773    0.7864      0.07692   -0.06414           -0.1966     -0.7865           0.7319      0.8112          0.3763         0.01588        0.9992     0.9492       5.774e-06
     0.15           35.17       4      20    0.05649     0.791       0.1308   -0.05119           -0.1829     -0.7314           0.7458       0.799          0.3695          0.0201        0.9988     0.9232       1.085e-05
      0.2           35.24       4      20    0.05513     0.796       0.1883   -0.03708           -0.1679     -0.6715           0.7627       0.782           0.361         0.02624         0.998     0.8902       2.248e-05
      0.3           35.37       4      20    0.05242    0.8054       0.2997   -0.01032           -0.1394     -0.5575           0.7994      0.7492          0.3433         0.04456         0.993     0.7942        0.000118
      0.4           35.51       4      20    0.05011     0.814       0.4058    0.01426           -0.1133     -0.4531           0.8338      0.7123          0.3227         0.07066        0.9807      0.678       0.0004835
      0.6           35.78       4      20    0.04507     0.832       0.6129    0.06574          -0.05853     -0.2341           0.9055      0.6208          0.2888          0.1958        0.9005     0.3675        0.006641
      0.8           36.05       4      20     0.0404      0.85       0.8117     0.1154         -0.005782    -0.02313           0.9764      0.5262          0.2549          0.5238        0.7013     0.1225          0.1037
        1           36.34       4      20    0.03554    0.8685        1.016     0.1678           0.04984      0.1993            1.061      0.4188          0.2237           1.488        0.3862    0.01633           3.245
     1.25           36.68       4      20    0.03019    0.8903        1.268     0.2281            0.1137       0.455            1.177       0.294          0.2033           4.993        0.1177  0.0001667           120.4
      1.5           37.05       4      20    0.02413    0.9126        1.529     0.2915            0.1811      0.7245            1.308      0.1732          0.2028           18.71       0.02367          0            3905

=== 1h P3|B|10
 edge_pct  trades_per_30d  mean_N  mean_L  liq_share  tp_share  drift_H_pct  gross_pct  net_notional_pct  eq_ret_pct  30d_median_mult  30d_p_loss  30d_mdd_median  1y_median_mult  1y_p_below50  1y_p_ruin  IS_median_mult
        0           38.13       4      20   0.002721    0.7292      -0.0151   -0.02837            -0.138      -0.552           0.7979      0.8243          0.2923         0.05346        0.9985     0.8002        0.000193
    0.025           38.14       4      20    0.00272     0.731     0.004852   -0.02482           -0.1343     -0.5373           0.8046      0.8197          0.2906         0.05745        0.9983     0.7787        0.000232
     0.05           38.16       4      20   0.002682    0.7332      0.03127   -0.01993           -0.1293     -0.5172           0.8118      0.8113          0.2868         0.06318        0.9975     0.7497       0.0003093
    0.075           38.18       4      20   0.002656    0.7355      0.05503   -0.01534           -0.1246     -0.4984           0.8174      0.8028           0.284         0.06827        0.9958     0.7125       0.0004393
      0.1           38.18       4      20   0.002656    0.7373      0.07926   -0.01174           -0.1209     -0.4836           0.8224      0.7965          0.2822          0.0737        0.9958     0.6858       0.0005523
     0.15           38.21       4      20   0.002629    0.7412       0.1314  -0.003594           -0.1125     -0.4501           0.8316      0.7833          0.2765         0.08653        0.9928      0.623       0.0008952
      0.2           38.23       4      20   0.002567    0.7455       0.1884   0.004869           -0.1038     -0.4152           0.8449      0.7678          0.2684          0.1021        0.9875     0.5478        0.001205
      0.3           38.27       4      20   0.002502    0.7538       0.2974     0.0217           -0.0865      -0.346           0.8661      0.7362          0.2565           0.141        0.9688     0.4087        0.002739
      0.4           38.32       4      20   0.002438    0.7616       0.4073    0.03714          -0.07062     -0.2825           0.8848         0.7          0.2441          0.1923        0.9382      0.282        0.007784
      0.6           38.41       4      20   0.002274    0.7777       0.6113    0.06945          -0.03738     -0.1495           0.9336       0.621          0.2225          0.3577         0.794    0.09317         0.04237
      0.8           38.51       4      20   0.002231    0.7932       0.8103     0.1001         -0.005829    -0.02332           0.9817      0.5358          0.2032           0.666        0.5513     0.0215          0.2163
        1            38.6       4      20   0.002104    0.8096        1.016      0.133           0.02792      0.1117            1.034      0.4473           0.187           1.286        0.2818   0.001333           2.113
     1.25            38.7       4      20   0.001917    0.8287         1.27       0.17           0.06606      0.2643              1.1      0.3368          0.1665           2.625          0.09          0           16.56
      1.5            38.8       4      20    0.00173    0.8483        1.533     0.2086            0.1058      0.4232            1.168      0.2312          0.1474            5.78        0.0175          0             123

=== 1h P3|C|10
 edge_pct  trades_per_30d  mean_N  mean_L  liq_share  tp_share  drift_H_pct  gross_pct  net_notional_pct  eq_ret_pct  30d_median_mult  30d_p_loss  30d_mdd_median  1y_median_mult  1y_p_below50  1y_p_ruin  IS_median_mult
        0           36.76       4      20          0    0.7485     -0.01876   -0.05141           -0.1598     -0.6391           0.7708      0.8425          0.3201         0.03754        0.9995     0.8893       5.962e-05
    0.025           36.78       4      20          0    0.7503     0.001489   -0.04745           -0.1557     -0.6229           0.7748      0.8377          0.3175         0.04037        0.9995      0.874       7.598e-05
     0.05            36.8       4      20          0    0.7526      0.02798   -0.04185             -0.15        -0.6           0.7811      0.8302          0.3132         0.04486         0.999     0.8457       0.0001214
    0.075           36.83       4      20          0    0.7549      0.05177   -0.03653           -0.1445     -0.5782           0.7894      0.8228          0.3095          0.0495        0.9983     0.8138       0.0001626
      0.1           36.84       4      20          0    0.7569      0.07626   -0.03185           -0.1398      -0.559           0.7964       0.817          0.3058         0.05397        0.9978     0.7918       0.0001999
     0.15           36.89       4      20          0    0.7614        0.129   -0.02171           -0.1294     -0.5175           0.8092      0.8022          0.2989         0.06512        0.9962     0.7277       0.0003462
      0.2           36.93       4      20          0     0.766       0.1864   -0.01159            -0.119     -0.4759           0.8208      0.7847           0.291         0.07904        0.9943      0.659       0.0005431
      0.3           37.01       4      20          0    0.7751       0.2963   0.008884          -0.09799      -0.392           0.8445      0.7523          0.2765          0.1164        0.9795     0.4945         0.00207
      0.4            37.1       4      20          0    0.7834       0.4061    0.02815          -0.07825      -0.313           0.8708      0.7113           0.264           0.169        0.9523     0.3385        0.005032
      0.6           37.27       4      20          0    0.8002       0.6123    0.06623          -0.03923     -0.1569           0.9251      0.6295           0.237          0.3445        0.8108     0.1117         0.04168
      0.8           37.45       4      20          0    0.8169       0.8122     0.1031         -0.001428   -0.005713           0.9807      0.5328          0.2138          0.7016        0.5365    0.02033          0.3192
        1           37.63       4      20          0    0.8344        1.019     0.1428           0.03931      0.1573            1.046      0.4235          0.1871           1.516        0.2388  0.0008333           3.148
     1.25           37.83       4      20          0    0.8547        1.273     0.1883           0.08587      0.3435            1.123      0.3017          0.1693           3.651        0.0585          0           43.92
      1.5           38.05       4      20          0    0.8758        1.536      0.236            0.1348      0.5394            1.217      0.1907          0.1483           9.422      0.006833          0           731.6

=== 1h P3|B|30
 edge_pct  trades_per_30d  mean_N  mean_L  liq_share  tp_share  drift_H_pct  gross_pct  net_notional_pct  eq_ret_pct  30d_median_mult  30d_p_loss  30d_mdd_median  1y_median_mult  1y_p_below50  1y_p_ruin  IS_median_mult
        0           31.66       4      20   0.007994     0.444     -0.00627  -0.006935           -0.1379     -0.5516           0.7964      0.7432          0.3662         0.05283        0.9865     0.7708       0.0001792
    0.025           31.66       4      20   0.007964    0.4466      0.01529   0.002511           -0.1283     -0.5132           0.8056      0.7307          0.3623         0.06089         0.981     0.7315       0.0002435
     0.05           31.66       4      20   0.007903    0.4499       0.0429    0.01459            -0.116     -0.4641           0.8174      0.7163          0.3571         0.07393        0.9747      0.681       0.0004745
    0.075           31.66       4      20   0.007844     0.453      0.06625     0.0255           -0.1049     -0.4198           0.8272      0.7002          0.3516         0.08917         0.968     0.6287       0.0008923
      0.1           31.66       4      20   0.007829    0.4558      0.09112    0.03525          -0.09504     -0.3802           0.8383      0.6883           0.347          0.1025        0.9572     0.5858        0.001503
     0.15           31.66       4      20   0.007666    0.4616       0.1439    0.05672          -0.07321     -0.2929           0.8618      0.6632          0.3367          0.1459         0.936      0.483        0.003914
      0.2           31.67       4      20   0.007575    0.4679        0.203    0.07979           -0.0498     -0.1992           0.8846      0.6263          0.3258          0.2132        0.8928      0.378         0.01228
      0.3           31.67       4      20   0.007338    0.4791       0.3119      0.122         -0.006942    -0.02777           0.9385      0.5633          0.3085           0.412        0.7808     0.2078         0.07484
      0.4           31.67       4      20   0.007131    0.4909       0.4208     0.1646           0.03641      0.1456            0.995      0.5057          0.2937          0.8063        0.6228    0.09633          0.6129
      0.6           31.65       4      20   0.006704    0.5133       0.6225     0.2465            0.1196      0.4784            1.101      0.3922          0.2623           2.896        0.3138     0.0135            19.3
      0.8           31.66       4      20   0.006348    0.5352        0.817     0.3262            0.2005      0.8021            1.224      0.2835          0.2354           10.51        0.1207   0.001667           692.3
        1           31.65       4      20   0.005994    0.5583        1.027     0.4108            0.2864       1.146            1.366       0.185          0.2116           40.12         0.038          0       4.515e+04
     1.25           31.65       4      20   0.005414    0.5868        1.289     0.5143            0.3916       1.566            1.561      0.1002           0.188           209.5      0.009833          0       4.904e+06
      1.5           31.66       4      20   0.004879    0.6156        1.558     0.6189            0.4979       1.992            1.781     0.04567          0.1658            1101        0.0025          0       8.226e+08

=== 1h P3|B|100
 edge_pct  trades_per_30d  mean_N  mean_L  liq_share  tp_share  drift_H_pct  gross_pct  net_notional_pct  eq_ret_pct  30d_median_mult  30d_p_loss  30d_mdd_median  1y_median_mult  1y_p_below50  1y_p_ruin  IS_median_mult
        0           27.36       4      20    0.01294     0.098   -2.993e-05     0.1066          -0.04822     -0.1929           0.8486      0.6408          0.3915          0.1232        0.9285     0.5768        0.001632
    0.025           27.33       4      20    0.01288   0.09873      0.02064     0.1223          -0.03255     -0.1302           0.8662      0.6265          0.3866          0.1482        0.9092      0.531        0.003336
     0.05           27.32       4      20     0.0128   0.09986       0.0469     0.1411          -0.01368    -0.05473           0.8843      0.6085          0.3807          0.1903        0.8853     0.4702        0.006002
    0.075           27.29       4      20     0.0127    0.1007      0.07063     0.1585          0.003827     0.01531           0.9013       0.591           0.374          0.2405        0.8618     0.4162         0.01357
      0.1           27.27       4      20     0.0126    0.1017      0.09662     0.1752           0.02061     0.08244           0.9187      0.5757          0.3675          0.2999        0.8358     0.3688         0.02528
     0.15           27.22       4      20     0.0124    0.1034       0.1464     0.2092           0.05467      0.2187            0.945       0.548          0.3584          0.4803         0.772     0.2777          0.0835
      0.2           27.18       4      20    0.01211    0.1057       0.2056     0.2483           0.09397      0.3759           0.9843      0.5145          0.3499          0.8098        0.6883     0.1887          0.3153
      0.3           27.11       4      20    0.01188    0.1095       0.3084     0.3154            0.1612       0.645            1.052      0.4532          0.3333           1.944        0.5277    0.09133           3.744
      0.4           27.02       4      20    0.01148    0.1137       0.4171     0.3872            0.2333      0.9332            1.131      0.3885          0.3142           4.986        0.3708    0.03033           56.17
      0.6           26.85       4      20    0.01096    0.1209       0.6129     0.5192            0.3657       1.463            1.296      0.2833          0.2822           26.68        0.1647   0.003333            9440
      0.8            26.7       4      20    0.01036    0.1286        0.808     0.6532            0.5002       2.001            1.487      0.1892          0.2523           148.4        0.0635  0.0003333       1.178e+06
        1           26.49       4      20   0.009835    0.1367        1.021     0.7958            0.6431       2.572            1.729      0.1172          0.2255           875.3       0.01867          0       2.221e+08
     1.25           26.29       4      20    0.00893    0.1457        1.281     0.9661             0.814       3.256             2.04      0.0575          0.2028            7193        0.0045          0       1.579e+11
      1.5           26.08       4      20   0.008028    0.1566        1.549      1.143            0.9916       3.966            2.398      0.0225          0.1735       6.205e+04         0.002          0       8.725e+13

=== 1h P4|A|10
 edge_pct  trades_per_30d  mean_N  mean_L  liq_share  tp_share  drift_H_pct  gross_pct  net_notional_pct  eq_ret_pct  30d_median_mult  30d_p_loss  30d_mdd_median  1y_median_mult  1y_p_below50  1y_p_ruin  IS_median_mult
        0           42.02      20      50     0.1164     0.867     -0.01725  -0.009701           -0.1591      -3.182           0.1514      0.9657          0.8803        5.01e-11             1          1       1.324e-30
    0.025           42.03      20      50     0.1156     0.868     0.004289  -0.008116           -0.1571      -3.142           0.1539       0.965          0.8777       6.515e-11             1          1        1.53e-30
     0.05           42.04      20      50     0.1148    0.8689      0.03082  -0.006789           -0.1554      -3.109           0.1554      0.9643          0.8758       8.289e-11             1          1       4.535e-30
    0.075           42.05      20      50     0.1139      0.87      0.05454  -0.005062           -0.1533      -3.065            0.158      0.9635          0.8728        1.07e-10             1          1       4.863e-30
      0.1           42.07      20      50     0.1132     0.871      0.07829   -0.00365           -0.1515      -3.029            0.161      0.9615          0.8713       1.331e-10             1          1       7.418e-30
     0.15           42.09      20      50     0.1116    0.8729         0.13 -0.0006669           -0.1477      -2.954           0.1662      0.9598          0.8677       2.176e-10             1          1       2.917e-29
      0.2            42.1      20      50     0.1101    0.8749       0.1845   0.002247            -0.144       -2.88           0.1752      0.9563          0.8629       3.531e-10             1          1       1.101e-28
      0.3           42.14      20      50     0.1071    0.8786        0.294    0.00792           -0.1369      -2.737           0.1922      0.9513          0.8532       9.269e-10             1          1       5.191e-27
      0.4           42.18      20      50     0.1039    0.8826       0.4039    0.01395           -0.1292      -2.584           0.2144      0.9415          0.8419       2.434e-09             1          1       5.614e-26
      0.6           42.26      20      50    0.09726    0.8907       0.6025    0.02625           -0.1136      -2.273           0.2474      0.9288          0.8195       1.689e-08             1          1       1.593e-23
      0.8           42.35      20      50    0.09138    0.8982       0.8025    0.03742          -0.09951       -1.99           0.2778      0.9028          0.7924       1.052e-07             1          1         3.7e-21
        1           42.42      20      50    0.08555    0.9054        1.005    0.04852          -0.08551       -1.71            0.322      0.8837          0.7667       6.373e-07             1          1       9.563e-19
     1.25           42.52      20      50    0.07799    0.9149         1.26     0.0628          -0.06746      -1.349           0.4166      0.8502          0.7248       6.676e-06             1     0.9995       4.364e-16
      1.5           42.63      20      50    0.07004    0.9247        1.522    0.07776          -0.04853     -0.9706           0.4811       0.796          0.6734       7.949e-05        0.9997     0.9955        7.98e-13

=== 1h P4|B|10
 edge_pct  trades_per_30d  mean_N  mean_L  liq_share  tp_share  drift_H_pct  gross_pct  net_notional_pct  eq_ret_pct  30d_median_mult  30d_p_loss  30d_mdd_median  1y_median_mult  1y_p_below50  1y_p_ruin  IS_median_mult
        0           42.51      20      50    0.06871    0.8568     -0.01736  -0.005004           -0.1342      -2.684           0.2178      0.9592          0.8257       3.265e-09             1          1        3.56e-25
    0.025           42.52      20      50    0.06833    0.8578      0.00393   -0.00356           -0.1325       -2.65           0.2205       0.958          0.8233        4.11e-09             1          1       4.363e-25
     0.05           42.52      20      50    0.06795    0.8587      0.03026  -0.002383           -0.1311      -2.623           0.2255      0.9562          0.8224       4.981e-09             1          1       6.194e-25
    0.075           42.53      20      50    0.06754    0.8599      0.05381 -0.0008103           -0.1293      -2.586           0.2284      0.9545          0.8202       6.132e-09             1          1       7.805e-25
      0.1           42.55      20      50    0.06724    0.8608      0.07765  0.0004199           -0.1279      -2.558           0.2329      0.9528          0.8181       7.218e-09             1          1       1.251e-24
     0.15           42.56      20      50    0.06651    0.8627       0.1291   0.003064           -0.1248      -2.497           0.2399      0.9513          0.8142       1.064e-08             1          1       7.762e-24
      0.2           42.57      20      50    0.06575    0.8645       0.1839    0.00551            -0.122      -2.439            0.246      0.9485          0.8077       1.531e-08             1          1         1.3e-23
      0.3            42.6      20      50    0.06441    0.8682       0.2931    0.01057           -0.1161      -2.323           0.2605      0.9432          0.7994       3.184e-08             1          1       7.501e-23
      0.4           42.61      20      50    0.06296    0.8719        0.403    0.01568           -0.1102      -2.204           0.2779      0.9323          0.7876       6.566e-08             1          1       1.416e-21
      0.6           42.67      20      50    0.06011    0.8798       0.6023     0.0264          -0.09784      -1.957           0.3114      0.9172          0.7647       2.957e-07             1          1       4.983e-20
      0.8           42.73      20      50    0.05734    0.8869       0.8015    0.03614          -0.08653      -1.731           0.3532      0.8942            0.74       1.268e-06             1          1       3.878e-18
        1           42.78      20      50    0.05514    0.8938        1.004    0.04545           -0.0759      -1.518           0.3943      0.8738          0.7152       4.484e-06             1     0.9997       1.327e-16
     1.25           42.85      20      50    0.05175    0.9029        1.258    0.05791           -0.0615       -1.23           0.4542      0.8368          0.6807       2.622e-05             1     0.9988       2.493e-14
      1.5           42.91      20      50    0.04836    0.9123        1.521     0.0707          -0.04674     -0.9349           0.5231      0.7843          0.6472       0.0001692        0.9995     0.9948         9.5e-12

=== 1h P4|C|10
 edge_pct  trades_per_30d  mean_N  mean_L  liq_share  tp_share  drift_H_pct  gross_pct  net_notional_pct  eq_ret_pct  30d_median_mult  30d_p_loss  30d_mdd_median  1y_median_mult  1y_p_below50  1y_p_ruin  IS_median_mult
        0           43.48      20      50          0    0.7886     -0.01837   0.001363           -0.1012      -2.024           0.3587      0.9712          0.6905       2.851e-06             1          1         2.6e-17
    0.025           43.48      20      50          0    0.7896      0.00298   0.002269           -0.1003      -2.005           0.3603      0.9697           0.689       3.132e-06             1          1        4.64e-17
     0.05           43.48      20      50          0    0.7902      0.02922   0.002851          -0.09964      -1.993           0.3616      0.9688          0.6881       3.319e-06             1          1       7.614e-17
    0.075           43.48      20      50          0    0.7912      0.05262   0.003802          -0.09863      -1.973           0.3671      0.9675          0.6832       3.669e-06             1          1       1.128e-16
      0.1           43.49      20      50          0    0.7921      0.07652   0.004613          -0.09777      -1.955           0.3698      0.9663          0.6818       4.035e-06             1          1       1.188e-16
     0.15            43.5      20      50          0    0.7939       0.1279   0.006282          -0.09601       -1.92           0.3767      0.9653          0.6778       5.021e-06             1          1       1.765e-16
      0.2            43.5      20      50          0    0.7955       0.1834   0.007742          -0.09447      -1.889           0.3829       0.964          0.6745       6.048e-06             1          1       3.884e-16
      0.3           43.51      20      50          0    0.7987       0.2927    0.01076          -0.09128      -1.826           0.3936       0.961          0.6679       8.648e-06             1          1       1.963e-15
      0.4           43.52      20      50          0     0.802       0.4023    0.01375          -0.08813      -1.763           0.4043      0.9543          0.6583        1.29e-05             1          1       3.076e-15
      0.6           43.55      20      50          0     0.809       0.6016    0.02015          -0.08136      -1.627           0.4282       0.942          0.6396       2.658e-05             1          1       2.663e-14
      0.8           43.59      20      50          0     0.815       0.8013    0.02572          -0.07548       -1.51           0.4503      0.9278          0.6223       5.193e-05             1          1       2.882e-13
        1           43.62      20      50          0    0.8209        1.004    0.03118           -0.0697      -1.394           0.4781      0.9142          0.6042       9.988e-05             1          1       3.628e-12
     1.25           43.65      20      50          0     0.828        1.258    0.03777          -0.06275      -1.255           0.5124      0.8965           0.583       0.0002179             1          1       2.246e-11
      1.5           43.68      20      50          0    0.8363        1.522    0.04554          -0.05455      -1.091           0.5547      0.8717          0.5598        0.000576             1     0.9992       3.148e-10

=== 1h P4|B|100
 edge_pct  trades_per_30d  mean_N  mean_L  liq_share  tp_share  drift_H_pct  gross_pct  net_notional_pct  eq_ret_pct  30d_median_mult  30d_p_loss  30d_mdd_median  1y_median_mult  1y_p_below50  1y_p_ruin  IS_median_mult
        0           31.56      20      50     0.3144    0.3184    -0.007895    0.03626           -0.2328      -4.656          0.03404      0.9522          0.9827       2.324e-19             1          1       7.919e-56
    0.025           31.55      20      50     0.3128    0.3207      0.01421    0.04598           -0.2223      -4.446          0.03602      0.9502          0.9817       5.357e-19             1          1       8.487e-55
     0.05           31.55      20      50     0.3105    0.3237      0.04249    0.05828           -0.2089      -4.178            0.039      0.9457          0.9801       1.703e-18             1          1       5.426e-53
    0.075           31.54      20      50     0.3088    0.3263      0.06754    0.06927            -0.197       -3.94          0.04204      0.9383           0.979       5.106e-18             1          1       9.565e-52
      0.1           31.53      20      50     0.3073    0.3287      0.09351    0.07912           -0.1864      -3.729          0.04601      0.9328          0.9776       1.089e-17             1          1       1.322e-50
     0.15           31.51      20      50     0.3039    0.3335       0.1468    0.09963           -0.1642      -3.284          0.05342       0.924          0.9748       6.528e-17             1          1       1.084e-48
      0.2           31.49      20      50     0.3002    0.3383       0.2051     0.1209           -0.1412      -2.824          0.06153      0.9138          0.9717       4.771e-16             1          1       6.757e-46
      0.3           31.47      20      50     0.2933    0.3483       0.3149     0.1628          -0.09579      -1.916          0.08238      0.8893           0.965        1.73e-14             1          1        2.15e-41
      0.4           31.43      20      50     0.2862    0.3586       0.4251      0.205          -0.05008      -1.002           0.1123      0.8582          0.9558       7.159e-13             1          1       2.633e-36
      0.6           31.35      20      50     0.2731    0.3776       0.6275     0.2851           0.03656      0.7313           0.2013       0.781          0.9349       8.025e-10             1     0.9997       1.626e-27
      0.8           31.29      20      50     0.2596    0.3962       0.8295     0.3651            0.1231       2.463           0.3519      0.6885          0.9061        8.76e-07         0.994     0.9838        5.88e-19
        1            31.2      20      50     0.2459     0.416        1.042     0.4485            0.2134       4.268           0.6361      0.5898          0.8774        0.001388        0.9693      0.904       7.086e-10
     1.25            31.1      20      50     0.2301    0.4396        1.306     0.5492             0.322        6.44            1.258      0.4562          0.8274           6.804        0.8473       0.64           18.35
      1.5           30.99      20      50     0.2129    0.4645        1.575     0.6525            0.4338       8.676            2.637      0.3127          0.7798       4.763e+04        0.6383     0.3167       2.887e+13

=== 1h P5|A|10
 edge_pct  trades_per_30d  mean_N  mean_L  liq_share  tp_share  drift_H_pct  gross_pct  net_notional_pct  eq_ret_pct  30d_median_mult  30d_p_loss  30d_mdd_median  1y_median_mult  1y_p_below50  1y_p_ruin  IS_median_mult
        0           37.72   6.253   28.28    0.08869    0.8325     -0.01582   -0.06148           -0.2032      -1.268           0.5716      0.9003          0.5188       0.0007776             1     0.9993       8.512e-10
    0.025           37.74   6.253   28.28    0.08783    0.8341     0.005645   -0.05729           -0.1985      -1.241           0.5786      0.8973          0.5151       0.0008676             1     0.9992       1.291e-09
     0.05           37.77   6.253   28.28    0.08682    0.8358      0.03204   -0.05229            -0.193       -1.21           0.5852      0.8902          0.5088        0.001027             1      0.999       1.448e-09
    0.075            37.8   6.254   28.28    0.08575    0.8377      0.05647   -0.04703           -0.1871      -1.176           0.5956      0.8822          0.5026        0.001202             1     0.9983       2.315e-09
      0.1           37.82   6.254   28.28    0.08484    0.8393      0.08064    -0.0428           -0.1824      -1.146           0.6033      0.8772           0.497        0.001396             1     0.9985       3.281e-09
     0.15           37.88   6.254   28.28    0.08302     0.843       0.1327   -0.03327           -0.1719      -1.086           0.6168      0.8665          0.4853        0.001868             1     0.9965       9.046e-09
      0.2           37.93   6.255   28.28    0.08119    0.8466       0.1876   -0.02368           -0.1613      -1.024           0.6297      0.8537          0.4769        0.002564             1     0.9942       2.466e-08
      0.3           38.04   6.256   28.29    0.07762    0.8539       0.2964  -0.004694           -0.1403     -0.9027           0.6622      0.8317           0.457        0.004668             1     0.9855       1.483e-07
      0.4           38.15   6.256   28.29    0.07387     0.861       0.4036    0.01405           -0.1196     -0.7803           0.6972      0.8045          0.4374        0.008704        0.9995     0.9642       7.496e-07
      0.6           38.37   6.258   28.29    0.06703    0.8747       0.6042    0.04952          -0.08032     -0.5497           0.7688      0.7447          0.3965         0.02765        0.9927     0.8527       1.993e-05
      0.8            38.6   6.261    28.3    0.06042    0.8882       0.7992    0.08385          -0.04234     -0.3266           0.8362       0.673          0.3646          0.0859        0.9567     0.6315       0.0006305
        1           38.82   6.262   28.31    0.05297    0.9027        1.002     0.1214        -0.0007498    -0.07828           0.9324      0.5685          0.3231          0.3108        0.8228     0.2883         0.02408
     1.25            39.1   6.263   28.31    0.04479    0.9198        1.253     0.1648           0.04716      0.2047            1.056      0.4405          0.2674            1.32        0.4818       0.05            2.63
      1.5           39.36   6.267   28.32    0.03577    0.9369        1.513     0.2095           0.09682       0.501            1.209       0.299          0.2245           6.389        0.1578     0.0025             175

=== 1h P5|B|10
 edge_pct  trades_per_30d  mean_N  mean_L  liq_share  tp_share  drift_H_pct  gross_pct  net_notional_pct  eq_ret_pct  30d_median_mult  30d_p_loss  30d_mdd_median  1y_median_mult  1y_p_below50  1y_p_ruin  IS_median_mult
        0           39.97   6.268   28.33   0.002631    0.7933     -0.01562   -0.02544           -0.1307     -0.8109           0.6972      0.8773          0.3915         0.01045        0.9998     0.9873        1.58e-06
    0.025           39.98   6.269   28.33    0.00263    0.7948     0.005307    -0.0225           -0.1277     -0.7938            0.702      0.8725          0.3877         0.01148        0.9998     0.9842       2.178e-06
     0.05              40   6.269   28.33   0.002594    0.7966      0.03145    -0.0186           -0.1237     -0.7725           0.7087      0.8678          0.3822         0.01288        0.9998     0.9822       2.175e-06
    0.075           40.02   6.269   28.33   0.002569    0.7984      0.05507   -0.01507             -0.12     -0.7505           0.7164      0.8612           0.378         0.01437        0.9998     0.9768       2.972e-06
      0.1           40.03   6.269   28.33   0.002569    0.7999      0.07905   -0.01243           -0.1173     -0.7338           0.7219      0.8585          0.3744         0.01562        0.9998     0.9717       4.057e-06
     0.15           40.05   6.269   28.33   0.002532    0.8031       0.1309  -0.005946           -0.1107     -0.6969            0.734      0.8508          0.3687         0.01864        0.9998     0.9597       7.254e-06
      0.2           40.07    6.27   28.33   0.002472    0.8062       0.1862  0.0002721           -0.1042     -0.6612           0.7446      0.8355          0.3596         0.02244        0.9995     0.9393       1.533e-05
      0.3           40.11    6.27   28.34   0.002411    0.8127       0.2939    0.01326          -0.09086     -0.5859           0.7703      0.8147          0.3443         0.03291        0.9995     0.8825       4.048e-05
      0.4           40.15    6.27   28.33    0.00235    0.8189       0.4023    0.02534          -0.07843     -0.5153           0.7921      0.7848          0.3328         0.04704        0.9975     0.8078       0.0001069
      0.6           40.24   6.271   28.34   0.002193    0.8317       0.6039    0.05008          -0.05293     -0.3687           0.8426      0.7265          0.3039         0.09983        0.9802     0.5708       0.0009357
      0.8           40.35   6.273   28.34   0.002164    0.8435       0.8007    0.07287          -0.02948     -0.2352           0.8874      0.6632          0.2798          0.1949        0.9167     0.3218        0.007345
        1           40.44   6.274   28.35   0.002043    0.8565        1.004    0.09772         -0.003877    -0.08799           0.9419       0.584          0.2564          0.4171         0.752     0.1082         0.07696
     1.25           40.57   6.275   28.35   0.001863    0.8715        1.257      0.126           0.02532     0.08071            1.012      0.4803           0.227          0.9852        0.4455     0.0155           1.076
      1.5           40.66   6.277   28.35   0.001674    0.8868        1.519     0.1554           0.05563      0.2555             1.09      0.3705          0.1981           2.436        0.1595  0.0008333              12

=== 1h P5|C|10
 edge_pct  trades_per_30d  mean_N  mean_L  liq_share  tp_share  drift_H_pct  gross_pct  net_notional_pct  eq_ret_pct  30d_median_mult  30d_p_loss  30d_mdd_median  1y_median_mult  1y_p_below50  1y_p_ruin  IS_median_mult
        0           40.08   6.254   28.28          0    0.7874     -0.01563   -0.02562             -0.13     -0.8049            0.701      0.8823          0.3855         0.01105        0.9998     0.9868        1.89e-06
    0.025           40.09   6.254   28.28          0    0.7888     0.005332   -0.02295           -0.1272     -0.7888           0.7061      0.8782          0.3817         0.01197        0.9998     0.9847       2.284e-06
     0.05           40.11   6.255   28.29          0    0.7906      0.03169   -0.01932           -0.1235     -0.7688           0.7125      0.8723          0.3783         0.01345        0.9997     0.9817       2.937e-06
    0.075           40.13   6.255   28.29          0    0.7925      0.05532   -0.01599           -0.1201     -0.7476           0.7191      0.8648          0.3752         0.01497        0.9995     0.9783        3.88e-06
      0.1           40.14   6.255   28.29          0     0.794      0.07947   -0.01339           -0.1174     -0.7309           0.7244      0.8602          0.3712         0.01608        0.9997     0.9735       5.482e-06
     0.15           40.16   6.255   28.29          0    0.7973        0.131  -0.006975           -0.1108     -0.6937           0.7363      0.8535           0.365         0.01939        0.9995     0.9582       8.418e-06
      0.2           40.18   6.256   28.29          0    0.8003       0.1864  -0.001275            -0.105     -0.6593           0.7458      0.8418          0.3569         0.02308        0.9993      0.942       1.617e-05
      0.3           40.22   6.257   28.29          0     0.807       0.2941    0.01133          -0.09199     -0.5843           0.7664      0.8198           0.343         0.03377        0.9987     0.8872       4.951e-05
      0.4           40.26   6.256   28.29          0    0.8132       0.4025    0.02275          -0.08023     -0.5155           0.7915      0.7907          0.3293         0.04866        0.9972     0.8163       0.0001424
      0.6           40.35   6.258    28.3          0    0.8258       0.6046     0.0458          -0.05649     -0.3744           0.8382       0.732          0.3034         0.09921        0.9808      0.576        0.000982
      0.8           40.46   6.261   28.31          0    0.8378       0.8024    0.06756          -0.03409     -0.2439           0.8832       0.671          0.2779          0.1932        0.9237     0.3183         0.00636
        1           40.54   6.263   28.31          0    0.8504        1.006    0.09069          -0.01027      -0.103           0.9348       0.594          0.2535          0.3962        0.7665     0.1098         0.06347
     1.25           40.67   6.264   28.31          0    0.8655         1.26      0.118           0.01782     0.06364             1.01      0.4852          0.2251          0.9037        0.4555     0.0175          0.8198
      1.5           40.76   6.266   28.32          0    0.8808        1.522     0.1462            0.0469      0.2352            1.081      0.3738          0.1957           2.239        0.1625  0.0003333           9.086

=== 1h P5|B|100
 edge_pct  trades_per_30d  mean_N  mean_L  liq_share  tp_share  drift_H_pct  gross_pct  net_notional_pct  eq_ret_pct  30d_median_mult  30d_p_loss  30d_mdd_median  1y_median_mult  1y_p_below50  1y_p_ruin  IS_median_mult
        0           27.74   6.243   28.23     0.0128    0.1472     0.003131    0.08535          -0.06652     -0.4012           0.7473       0.686          0.5025         0.02692        0.9752     0.8328       2.119e-05
    0.025           27.72   6.243   28.23    0.01274    0.1486       0.0239     0.1007          -0.05114     -0.3142           0.7648      0.6705          0.4954          0.0355        0.9685     0.7985       6.436e-05
     0.05            27.7   6.242   28.23    0.01266    0.1502      0.05052     0.1186          -0.03315     -0.2156           0.7875      0.6543          0.4874          0.0488        0.9592      0.753       0.0001275
    0.075           27.68   6.243   28.23    0.01253    0.1517      0.07461     0.1356            -0.016     -0.1197            0.809      0.6348          0.4809          0.0675        0.9462     0.7028        0.000328
      0.1           27.67   6.243   28.23    0.01244    0.1533       0.1001     0.1516         0.0001125     -0.0289           0.8332      0.6208           0.474         0.09233          0.93     0.6545       0.0007984
     0.15           27.63   6.243   28.23    0.01224    0.1561       0.1501     0.1845           0.03322      0.1527           0.8693       0.594          0.4625          0.1722         0.891     0.5527        0.004876
      0.2           27.58   6.244   28.23    0.01195    0.1594       0.2087     0.2217           0.07062      0.3604           0.9169      0.5588           0.447          0.3525         0.833     0.4235         0.06197
      0.3           27.53   6.244   28.23    0.01172     0.165       0.3107     0.2856            0.1349      0.7164            1.014      0.4902          0.4249           1.119        0.7033       0.24           1.211
      0.4           27.46   6.244   28.23    0.01132    0.1712       0.4176     0.3554             0.205       1.099             1.12      0.4227          0.4015           3.968        0.5342     0.1023           40.33
      0.6           27.32   6.242   28.23    0.01079     0.183       0.6133     0.4845            0.3348       1.829            1.355      0.3055          0.3574            42.8        0.2655     0.0145        3.77e+04
      0.8           27.19   6.242   28.23    0.01019     0.194       0.8081     0.6135            0.4644       2.539            1.643       0.198          0.3211           436.9        0.1132     0.0015       3.214e+07
        1           27.01   6.243   28.23   0.009646    0.2061        1.018     0.7507            0.6023       3.305            1.991      0.1162           0.284            4926         0.041  0.0001667       4.342e+10
     1.25           26.84   6.244   28.23   0.008729    0.2206        1.279     0.9153            0.7677       4.234            2.549     0.05667          0.2512       9.157e+04         0.012          0       2.213e+14
      1.5           26.66   6.243   28.23   0.007819    0.2366        1.546      1.085            0.9389       5.176            3.233        0.02          0.2124       1.719e+06         0.004          0        1.34e+18

=== 1h P5c|A|10
 edge_pct  trades_per_30d  mean_N  mean_L  liq_share  tp_share  drift_H_pct  gross_pct  net_notional_pct  eq_ret_pct  30d_median_mult  30d_p_loss  30d_mdd_median  1y_median_mult  1y_p_below50  1y_p_ruin  IS_median_mult
        0           37.72   5.656   28.28    0.08869    0.8325     -0.01582   -0.06148           -0.2032      -1.152           0.6079      0.8968           0.486        0.001625             1     0.9983       7.567e-09
    0.025           37.74   5.711   28.28    0.08783    0.8341     0.005645   -0.05729           -0.1985      -1.115           0.6143      0.8888           0.482        0.001907             1     0.9978       1.299e-08
     0.05           37.77   5.777   28.28    0.08682    0.8358      0.03204   -0.05229            -0.193      -1.072           0.6281      0.8778          0.4728        0.002379             1     0.9968       1.772e-08
    0.075            37.8   5.841   28.28    0.08575    0.8377      0.05647   -0.04703           -0.1871      -1.026           0.6384      0.8647          0.4653        0.002974             1     0.9943        2.77e-08
      0.1           37.82   5.907   28.28    0.08484    0.8393      0.08064    -0.0428           -0.1824     -0.9861           0.6496      0.8563          0.4602        0.003582             1     0.9927       4.972e-08
     0.15           37.88   6.034   28.28    0.08302     0.843       0.1327   -0.03327           -0.1719     -0.9049           0.6681      0.8392          0.4493        0.005189        0.9995     0.9863       1.888e-07
      0.2           37.93   6.169   28.28    0.08119    0.8466       0.1876   -0.02368           -0.1613     -0.8212           0.6864      0.8162           0.438        0.007617        0.9993      0.973       6.361e-07
      0.3           38.04   6.439   28.29    0.07762    0.8539       0.2964  -0.004694           -0.1403     -0.6534           0.7363      0.7707          0.4157         0.01689        0.9975     0.9182         6.4e-06
      0.4           38.15     6.7   28.29    0.07387     0.861       0.4036    0.01405           -0.1196     -0.4891           0.7798      0.7183          0.3944         0.03674        0.9888     0.8037       4.669e-05
      0.6           38.37   7.224   28.29    0.06703    0.8747       0.6042    0.04952          -0.08032     -0.1691           0.8924      0.6078          0.3597           0.167        0.9007      0.472        0.004118
      0.8            38.6   7.749    28.3    0.06042    0.8882       0.7992    0.08385          -0.04234      0.1373           0.9997      0.5005          0.3326          0.7074        0.6888       0.18          0.2465
        1           38.82   8.289   28.31    0.05297    0.9027        1.002     0.1214        -0.0007498      0.4758            1.147      0.3783          0.2915           3.689         0.379    0.03533           34.88
     1.25            39.1   8.945   28.31    0.04479    0.9198        1.253     0.1648           0.04716      0.8692            1.357      0.2552           0.247           24.07        0.1617   0.005333            6149
      1.5           39.36   9.609   28.32    0.03577    0.9369        1.513     0.2095           0.09682       1.278            1.612      0.1572          0.2064           188.5       0.07433     0.0005       3.992e+06

=== 1h P5c|B|10
 edge_pct  trades_per_30d  mean_N  mean_L  liq_share  tp_share  drift_H_pct  gross_pct  net_notional_pct  eq_ret_pct  30d_median_mult  30d_p_loss  30d_mdd_median  1y_median_mult  1y_p_below50  1y_p_ruin  IS_median_mult
        0           39.97   5.666   28.33   0.002631    0.7933     -0.01562   -0.02544           -0.1307     -0.7353           0.7239      0.8692          0.3636         0.01645        0.9998     0.9752       5.524e-06
    0.025           39.98   5.723   28.33    0.00263    0.7948     0.005307    -0.0225           -0.1277     -0.7126           0.7293      0.8608          0.3595         0.01848        0.9998     0.9663       7.185e-06
     0.05              40    5.79   28.33   0.002594    0.7966      0.03145    -0.0186           -0.1237     -0.6815           0.7389      0.8508          0.3539         0.02129        0.9998     0.9537       1.133e-05
    0.075           40.02   5.854   28.33   0.002569    0.7984      0.05507   -0.01507             -0.12     -0.6536           0.7476      0.8387          0.3499          0.0243        0.9995     0.9382       1.465e-05
      0.1           40.03    5.92   28.33   0.002569    0.7999      0.07905   -0.01243           -0.1173     -0.6297           0.7549       0.833           0.347         0.02716        0.9995     0.9217       2.052e-05
     0.15           40.05   6.048   28.33   0.002532    0.8031       0.1309  -0.005946           -0.1107     -0.5817             0.77       0.815          0.3424         0.03439        0.9988     0.8837       4.327e-05
      0.2           40.07   6.182   28.33   0.002472    0.8062       0.1862  0.0002721           -0.1042     -0.5351           0.7833        0.79          0.3357         0.04219        0.9975     0.8348       8.081e-05
      0.3           40.11   6.453   28.34   0.002411    0.8127       0.2939    0.01326          -0.09086      -0.433           0.8172       0.747          0.3244         0.06829        0.9893     0.7022       0.0003578
      0.4           40.15   6.713   28.33    0.00235    0.8189       0.4023    0.02534          -0.07843     -0.3387            0.847      0.7003           0.313          0.1058        0.9703     0.5532        0.001223
      0.6           40.24   7.239   28.34   0.002193    0.8317       0.6039    0.05008          -0.05293     -0.1376           0.9136      0.6032          0.2945          0.2714        0.8508     0.2672         0.01525
      0.8           40.35   7.766   28.34   0.002164    0.8435       0.8007    0.07287          -0.02948     0.04347           0.9774      0.5253          0.2862          0.6465        0.6597     0.1053          0.2333
        1           40.44   8.304   28.35   0.002043    0.8565        1.004    0.09772         -0.003877      0.2495             1.06       0.435          0.2718           1.728        0.4225     0.0245           3.072
     1.25           40.57    8.96   28.35   0.001863    0.8715        1.257      0.126           0.02532      0.4793            1.163      0.3453          0.2615           5.041        0.2318      0.006           97.67
      1.5           40.66   9.623   28.35   0.001674    0.8868        1.519     0.1554           0.05563      0.7215            1.287      0.2617          0.2568           15.78        0.1243  0.0006667            2863

=== 1h P5c|C|10
 edge_pct  trades_per_30d  mean_N  mean_L  liq_share  tp_share  drift_H_pct  gross_pct  net_notional_pct  eq_ret_pct  30d_median_mult  30d_p_loss  30d_mdd_median  1y_median_mult  1y_p_below50  1y_p_ruin  IS_median_mult
        0           40.08   5.657   28.28          0    0.7874     -0.01563   -0.02562             -0.13     -0.7315           0.7254      0.8765          0.3603         0.01726        0.9998     0.9762       6.283e-06
    0.025           40.09   5.714   28.28          0    0.7888     0.005332   -0.02295           -0.1272     -0.7099           0.7306      0.8695          0.3585         0.01924        0.9998     0.9678        8.72e-06
     0.05           40.11   5.781   28.29          0    0.7906      0.03169   -0.01932           -0.1235     -0.6809           0.7381      0.8578           0.353         0.02214        0.9997     0.9567       1.412e-05
    0.075           40.13   5.845   28.29          0    0.7925      0.05532   -0.01599           -0.1201     -0.6536           0.7462      0.8488          0.3488         0.02513        0.9992       0.94       1.556e-05
      0.1           40.14   5.911   28.29          0     0.794      0.07947   -0.01339           -0.1174     -0.6297           0.7535      0.8412          0.3448         0.02806         0.999     0.9248       2.697e-05
     0.15           40.16   6.038   28.29          0    0.7973        0.131  -0.006975           -0.1108     -0.5824           0.7691       0.825          0.3391         0.03449        0.9987     0.8902       4.536e-05
      0.2           40.18   6.172   28.29          0    0.8003       0.1864  -0.001275            -0.105     -0.5388           0.7827      0.7997          0.3324         0.04195         0.997     0.8405       9.055e-05
      0.3           40.22   6.442   28.29          0     0.807       0.2941    0.01133          -0.09199     -0.4373           0.8116      0.7537          0.3214         0.06807         0.992     0.7072       0.0004164
      0.4           40.26   6.703   28.29          0    0.8132       0.4025    0.02275          -0.08023     -0.3482           0.8394       0.713          0.3102          0.1042         0.973     0.5578        0.001488
      0.6           40.35   7.229    28.3          0    0.8258       0.6046     0.0458          -0.05649      -0.156            0.904      0.6203          0.2936          0.2557        0.8662     0.2757         0.01408
      0.8           40.46   7.755   28.31          0    0.8378       0.8024    0.06756          -0.03409     0.01861           0.9669      0.5388          0.2847           0.587        0.6783     0.1137          0.1853
        1           40.54   8.295   28.31          0    0.8504        1.006    0.09069          -0.01027       0.211            1.041      0.4522          0.2715            1.46        0.4477    0.03117           3.005
     1.25           40.67    8.95   28.31          0    0.8655         1.26      0.118           0.01782      0.4348            1.144      0.3575           0.263           4.052        0.2482   0.007333           73.29
      1.5           40.76   9.611   28.32          0    0.8808        1.522     0.1462            0.0469      0.6674            1.262      0.2742          0.2578           12.47        0.1322      0.001            1825

=== 1h P6|B|none
 edge_pct  trades_per_30d  mean_N  mean_L  liq_share  tp_share  drift_H_pct  gross_pct  net_notional_pct  eq_ret_pct  30d_median_mult  30d_p_loss  30d_mdd_median  1y_median_mult  1y_p_below50  1y_p_ruin  IS_median_mult
        0            26.6  0.6026   9.946          0         0     0.006819      0.168           0.01295     0.01081           0.9968      0.5243         0.05762          0.9892         0.002          0          0.9907
    0.025           26.57  0.6026   9.946          0         0      0.02753     0.1842           0.02911     0.01967           0.9988      0.5095         0.05645           1.018         0.001          0           1.086
     0.05           26.55  0.6027   9.946          0         0      0.05411     0.2039           0.04872     0.02956            1.001      0.4905         0.05516           1.052         0.001          0           1.204
    0.075           26.52  0.6027   9.946          0         0      0.07666     0.2216           0.06642     0.03878            1.004       0.477         0.05399           1.079        0.0005          0           1.318
      0.1           26.49  0.6028   9.946          0         0       0.1024     0.2408           0.08552     0.04843            1.006      0.4617         0.05306           1.116     0.0003333          0           1.454
     0.15           26.43  0.6029   9.946          0         0       0.1528     0.2785            0.1232     0.06758            1.011      0.4323         0.05118           1.189     0.0001667          0           1.733
      0.2           26.38   0.603   9.946          0         0       0.2107     0.3216            0.1662     0.08885            1.017      0.4017         0.04933           1.274             0          0           2.077
      0.3           26.28  0.6032   9.946          0         0       0.3106     0.3932            0.2377      0.1261            1.027      0.3433         0.04633            1.43             0          0           2.813
      0.4           26.17  0.6033   9.946          0         0       0.4166     0.4717             0.316      0.1654            1.037      0.2877         0.04313           1.619             0          0           4.177
      0.6           25.96  0.6034   9.946          0         0       0.6097     0.6114            0.4554      0.2401            1.057      0.1963         0.03755           2.044             0          0           7.945
      0.8           25.78  0.6036   9.946          0         0       0.8039     0.7566            0.6004      0.3145            1.076       0.127         0.03215           2.565             0          0           15.43
        1           25.54  0.6038   9.946          0         0        1.013     0.9113            0.7548      0.3955            1.097     0.07333         0.02964           3.261             0          0           29.98
     1.25           25.28  0.6042   9.946          0         0        1.273        1.1            0.9433      0.4948            1.124     0.02983         0.02361           4.368             0          0           74.25
      1.5           25.01  0.6045   9.946          0         0        1.531      1.287              1.13      0.5927            1.149     0.01183         0.02005           5.758             0          0           164.5

=== 1h P6h|B|none
 edge_pct  trades_per_30d  mean_N  mean_L  liq_share  tp_share  drift_H_pct  gross_pct  net_notional_pct  eq_ret_pct  30d_median_mult  30d_p_loss  30d_mdd_median  1y_median_mult  1y_p_below50  1y_p_ruin  IS_median_mult
        0            26.6  0.3013   9.946          0         0     0.006819      0.168           0.01295    0.005405           0.9989      0.5155          0.0291           1.001             0          0           1.017
    0.025           26.57  0.3013   9.946          0         0      0.02753     0.1842           0.02911    0.009833           0.9999      0.5015         0.02853           1.016             0          0           1.064
     0.05           26.55  0.3013   9.946          0         0      0.05411     0.2039           0.04872     0.01478            1.001      0.4832         0.02786           1.033             0          0            1.12
    0.075           26.52  0.3013   9.946          0         0      0.07666     0.2216           0.06642     0.01939            1.002      0.4695         0.02723           1.046             0          0           1.173
      0.1           26.49  0.3014   9.946          0         0       0.1024     0.2408           0.08552     0.02422            1.004      0.4543         0.02676           1.064             0          0            1.23
     0.15           26.43  0.3014   9.946          0         0       0.1528     0.2785            0.1232     0.03379            1.006       0.426          0.0258           1.098             0          0           1.344
      0.2           26.38  0.3015   9.946          0         0       0.2107     0.3216            0.1662     0.04443            1.009       0.395         0.02488           1.137             0          0           1.473
      0.3           26.28  0.3016   9.946          0         0       0.3106     0.3932            0.2377     0.06304            1.014      0.3375         0.02335           1.205             0          0           1.712
      0.4           26.17  0.3017   9.946          0         0       0.4166     0.4717             0.316     0.08271            1.019      0.2833          0.0217           1.282             0          0           2.087
      0.6           25.96  0.3017   9.946          0         0       0.6097     0.6114            0.4554      0.1201            1.028      0.1928         0.01888            1.44             0          0            2.88
      0.8           25.78  0.3018   9.946          0         0       0.8039     0.7566            0.6004      0.1573            1.038       0.125         0.01615           1.614             0          0           4.018
        1           25.54  0.3019   9.946          0         0        1.013     0.9113            0.7548      0.1977            1.048     0.07167         0.01487           1.821             0          0           5.611
     1.25           25.28  0.3021   9.946          0         0        1.273        1.1            0.9433      0.2474            1.061     0.02917         0.01183           2.107             0          0           8.839
      1.5           25.01  0.3022   9.946          0         0        1.531      1.287              1.13      0.2963            1.073      0.0115         0.01005           2.421             0          0           13.17

=== 1h P6|B|10
 edge_pct  trades_per_30d  mean_N  mean_L  liq_share  tp_share  drift_H_pct  gross_pct  net_notional_pct  eq_ret_pct  30d_median_mult  30d_p_loss  30d_mdd_median  1y_median_mult  1y_p_below50  1y_p_ruin  IS_median_mult
        0           33.91   0.588   9.937          0    0.5631     -0.01048   -0.02856           -0.1482    -0.08128           0.9727       0.747         0.05209          0.7085       0.01017          0          0.3644
    0.025           33.92   0.588   9.937          0    0.5657      0.01107   -0.02137           -0.1409    -0.07691           0.9739      0.7367         0.05145          0.7206         0.008          0          0.3786
     0.05           33.93   0.588   9.937          0    0.5689      0.03804   -0.01202           -0.1314    -0.07174           0.9756       0.722         0.05047          0.7361         0.005          0          0.4174
    0.075           33.94   0.588   9.937          0    0.5722      0.06182  -0.003044           -0.1222    -0.06645           0.9776      0.7062         0.04934           0.752      0.003167          0          0.4382
      0.1           33.94  0.5879   9.937          0    0.5747      0.08614   0.003827           -0.1152    -0.06233           0.9793      0.6953         0.04837          0.7652        0.0025          0          0.4576
     0.15           33.96  0.5878   9.937          0    0.5803        0.139    0.01964          -0.09913    -0.05331           0.9821       0.671          0.0468          0.7939      0.001333          0          0.5163
      0.2           33.97  0.5878   9.936          0    0.5865       0.1971    0.03706           -0.0814    -0.04331           0.9858      0.6392         0.04507          0.8283        0.0005          0          0.5846
      0.3           33.99  0.5878   9.936          0    0.5975       0.3038    0.06844          -0.04945    -0.02547            0.991       0.585         0.04206          0.8899             0          0          0.7114
      0.4           34.02  0.5877   9.936          0    0.6087       0.4143     0.1003          -0.01701   -0.007287            0.997      0.5263         0.03948          0.9591             0          0           0.878
      0.6           34.09  0.5874   9.936          0     0.631       0.6187     0.1627           0.04659     0.02914             1.01      0.4055         0.03412           1.116             0          0           1.386
      0.8           34.14  0.5873   9.936          0    0.6523        0.814     0.2223            0.1073     0.06351            1.023       0.292          0.0302           1.288             0          0           2.135
        1            34.2  0.5871   9.936          0    0.6748        1.021     0.2854            0.1715     0.09994            1.035       0.198          0.0264           1.499             0          0           3.221
     1.25           34.28  0.5868   9.936          0    0.7027         1.28     0.3622            0.2498      0.1448            1.051      0.1008         0.02263           1.811             0          0            5.66
      1.5           34.32  0.5865   9.936          0    0.7301        1.545      0.438             0.327      0.1891            1.067     0.04517         0.02001           2.185             0          0           10.04

=== 4h P0|A|10
 edge_pct  trades_per_30d  mean_N  mean_L  liq_share  tp_share  drift_H_pct  gross_pct  net_notional_pct  eq_ret_pct  30d_median_mult  30d_p_loss  30d_mdd_median  1y_median_mult  1y_p_below50  1y_p_ruin  IS_median_mult
        0           10.67       1       1    4.4e-05   0.01654     -0.02604   -0.04287            -0.202      -0.202           0.9777      0.5915         0.08294          0.7239         0.241      0.005          0.3696
    0.025           10.67       1       1    4.4e-05   0.01676    -0.001074   -0.01747           -0.1766     -0.1766           0.9798      0.5813         0.08179          0.7474        0.2197      0.005          0.4022
     0.05           10.67       1       1  4.399e-05   0.01685      0.02195   0.005699           -0.1534     -0.1534           0.9824      0.5723         0.08094          0.7713        0.1985      0.005          0.4572
    0.075           10.67       1       1  4.399e-05    0.0172      0.04892    0.03217           -0.1269     -0.1269           0.9848      0.5627         0.07938           0.795        0.1752      0.005          0.4791
      0.1           10.67       1       1  4.399e-05   0.01733      0.07008    0.05294           -0.1061     -0.1061           0.9865      0.5568         0.07852          0.8185        0.1562      0.005          0.5039
     0.15           10.67       1       1  4.399e-05   0.01773       0.1249     0.1084          -0.05065    -0.05064           0.9912      0.5367         0.07642          0.8816        0.1223      0.005          0.6583
      0.2           10.67       1       1  4.399e-05   0.01799        0.174     0.1572         -0.001775   -0.001771           0.9958      0.5158          0.0736          0.9406       0.09417      0.005          0.7861
      0.3           10.67       1       1  4.398e-05   0.01869       0.2698     0.2523           0.09328     0.09328            1.006      0.4745         0.06931           1.061         0.059      0.005           1.051
      0.4           10.67       1       1  4.398e-05   0.01944       0.3591     0.3409            0.1819      0.1819            1.016       0.437         0.06526           1.192       0.03533      0.005           1.474
      0.6           10.68       1       1  4.397e-05   0.02084        0.566     0.5448            0.3859      0.3859            1.037       0.355         0.05692           1.541       0.01267      0.005           3.235
      0.8           10.68       1       1  4.397e-05   0.02234       0.7735     0.7503            0.5915      0.5915            1.059      0.2785         0.04949           2.017        0.0075      0.005           7.452
        1           10.68       1       1  4.396e-05   0.02352       0.9748     0.9499            0.7912      0.7912             1.08      0.2103         0.04222           2.611         0.005      0.005           14.68
     1.25           10.68       1       1  4.396e-05   0.02532        1.237      1.207             1.048       1.048            1.109      0.1357         0.03374           3.668         0.005      0.005           39.34
      1.5           10.68       1       1  4.395e-05    0.0276         1.51      1.476             1.317       1.317            1.137     0.07517         0.02446           5.174         0.005      0.005           124.9

=== 4h P0|B|10
 edge_pct  trades_per_30d  mean_N  mean_L  liq_share  tp_share  drift_H_pct  gross_pct  net_notional_pct  eq_ret_pct  30d_median_mult  30d_p_loss  30d_mdd_median  1y_median_mult  1y_p_below50  1y_p_ruin  IS_median_mult
        0           10.83       1       1          0   0.01639     -0.02856    0.08458          -0.07332    -0.07332           0.9862      0.5603         0.07338           0.857        0.0845          0           0.627
    0.025           10.82       1       1          0   0.01657    -0.004174      0.108          -0.04993    -0.04993           0.9887        0.55         0.07195          0.8832       0.06983          0          0.6757
     0.05           10.82       1       1          0   0.01666      0.01902     0.1294           -0.0285     -0.0285           0.9909      0.5387         0.07133          0.9077       0.05967          0          0.7307
    0.075           10.82       1       1          0   0.01701      0.04665     0.1545         -0.003426   -0.003426           0.9932      0.5295         0.07015          0.9375       0.04867          0          0.8236
      0.1           10.82       1       1          0   0.01714      0.06858     0.1753           0.01734     0.01734           0.9954      0.5212         0.06946          0.9687       0.04267          0           0.932
     0.15           10.82       1       1          0   0.01758       0.1243     0.2273            0.0694      0.0694            1.001      0.4968         0.06718           1.034       0.02533          0             1.1
      0.2           10.81       1       1          0   0.01785       0.1744     0.2738            0.1159      0.1159            1.006      0.4727         0.06508           1.104       0.01533          0           1.293
      0.3           10.81       1       1          0   0.01855       0.2727     0.3628            0.2048      0.2048            1.015      0.4297         0.06162           1.236      0.006667          0           1.773
      0.4            10.8       1       1          0    0.0193        0.362     0.4463            0.2884      0.2884            1.023      0.3937         0.05849           1.376      0.002167          0           2.647
      0.6           10.79       1       1          0   0.02067       0.5686     0.6329             0.475       0.475            1.044      0.3122         0.05235           1.754     0.0001667          0           5.026
      0.8           10.78       1       1          0   0.02213       0.7767     0.8239            0.6659      0.6659            1.063      0.2342         0.04556           2.243             0          0           11.13
        1           10.76       1       1          0   0.02334       0.9783      1.005            0.8473      0.8473            1.084      0.1788         0.04069           2.846             0          0           20.91
     1.25           10.75       1       1          0   0.02506        1.238      1.238              1.08        1.08             1.11      0.1148          0.0344           3.862             0          0           48.74
      1.5           10.74       1       1          0   0.02741        1.513      1.483             1.325       1.325            1.137     0.05933         0.02697           5.277             0          0           124.5

=== 4h P1|B|10
 edge_pct  trades_per_30d  mean_N  mean_L  liq_share  tp_share  drift_H_pct  gross_pct  net_notional_pct  eq_ret_pct  30d_median_mult  30d_p_loss  30d_mdd_median  1y_median_mult  1y_p_below50  1y_p_ruin  IS_median_mult
        0           11.27    1.25       5   0.000125    0.3579     -0.02353    -0.0761           -0.2136      -0.267           0.9723      0.6258          0.0833          0.6655         0.251          0           0.279
    0.025           11.27    1.25       5  0.0001249    0.3609      0.00223   -0.05873           -0.1961     -0.2451           0.9749      0.6163         0.08219          0.6841        0.2185          0           0.316
     0.05           11.28    1.25       5  0.0001249    0.3636       0.0254    -0.0429           -0.1801     -0.2252           0.9774      0.6082         0.08127          0.7049        0.1975          0          0.3341
    0.075           11.28    1.25       5  0.0001249     0.367      0.05391   -0.02331           -0.1603     -0.2004           0.9796       0.596            0.08          0.7274        0.1708          0          0.3492
      0.1           11.28    1.25       5  0.0001249    0.3697      0.07498  -0.007384           -0.1443     -0.1803           0.9813      0.5868          0.0793          0.7508        0.1517          0          0.3749
     0.15           11.29    1.25       5  0.0001248    0.3763        0.131    0.03023           -0.1063     -0.1329           0.9868      0.5632         0.07712          0.8007        0.1105          0          0.4561
      0.2           11.29    1.25       5  0.0001248    0.3819       0.1813    0.06294          -0.07329    -0.09162            0.992      0.5402          0.0751          0.8517       0.07817          0          0.5628
      0.3            11.3    1.25       5  0.0001247    0.3931       0.2799     0.1289          -0.00668    -0.00835                1      0.4978         0.07047          0.9531         0.037          0          0.7496
      0.4            11.3    1.25       5  0.0001246    0.4035       0.3685     0.1908           0.05572     0.06965            1.009      0.4593         0.06695           1.061         0.016          0           1.061
      0.6           11.32    1.25       5  0.0001245    0.4271       0.5758     0.3273            0.1935      0.2419             1.03       0.365         0.05947           1.345      0.003167          0           2.189
      0.8           11.33    1.25       5  0.0001243    0.4517       0.7851     0.4688            0.3364      0.4204            1.051      0.2778         0.05276           1.715     0.0001667          0            4.59
        1           11.34    1.25       5  0.0001242    0.4744       0.9824     0.6004            0.4692      0.5865            1.068      0.2087         0.04733           2.174             0          0           9.689
     1.25           11.36    1.25       5  0.0001239    0.5033        1.243     0.7691            0.6394      0.7993            1.097       0.133         0.04111           2.919             0          0           21.32
      1.5           11.39    1.25       5  8.247e-05    0.5335        1.514     0.9441            0.8161        1.02            1.123       0.071         0.03223           3.989             0          0            54.1

=== 4h P2|B|10
 edge_pct  trades_per_30d  mean_N  mean_L  liq_share  tp_share  drift_H_pct  gross_pct  net_notional_pct  eq_ret_pct  30d_median_mult  30d_p_loss  30d_mdd_median  1y_median_mult  1y_p_below50  1y_p_ruin  IS_median_mult
        0           11.75     2.5      10  0.0008789    0.5873     -0.02471   -0.09665           -0.2197     -0.5492           0.9396      0.6715          0.1404          0.4011        0.7505   0.009167         0.06856
    0.025           11.76     2.5      10  0.0008786    0.5905    -0.001327    -0.0857           -0.2086     -0.5214           0.9436      0.6613          0.1387          0.4182        0.7225   0.007167         0.07648
     0.05           11.76     2.5      10  0.0008782    0.5933      0.02173   -0.07582           -0.1985     -0.4963           0.9465      0.6555          0.1375          0.4331           0.7   0.006333         0.08175
    0.075           11.76     2.5      10  0.0008381    0.5973      0.04944   -0.06307           -0.1855     -0.4638           0.9504      0.6462          0.1355          0.4545        0.6705   0.004667         0.09291
      0.1           11.77     2.5      10  0.0008378    0.6004      0.07042   -0.05179           -0.1741     -0.4352           0.9533      0.6385          0.1337          0.4754        0.6425   0.003333          0.1005
     0.15           11.78     2.5      10  0.0007974    0.6069       0.1259   -0.02885           -0.1508     -0.3769           0.9591      0.6175          0.1299          0.5157        0.5827      0.002          0.1312
      0.2           11.78     2.5      10   0.000797    0.6131       0.1765  -0.006374           -0.1279     -0.3198           0.9663       0.598          0.1269          0.5593         0.531     0.0015          0.1624
      0.3            11.8     2.5      10  0.0007956    0.6257       0.2744    0.03523          -0.08561      -0.214           0.9781      0.5628          0.1214           0.662        0.4133  0.0006667          0.2833
      0.4           11.81     2.5      10  0.0007155    0.6377       0.3636    0.07396          -0.04616     -0.1154           0.9906      0.5292          0.1162          0.7618        0.3092          0          0.4439
      0.6           11.84     2.5      10  0.0007138    0.6635       0.5699     0.1621           0.04342      0.1085            1.017      0.4532          0.1044           1.055        0.1353          0           1.218
      0.8           11.87     2.5      10  0.0005935    0.6901       0.7792     0.2544            0.1373      0.3432            1.049      0.3667         0.09289           1.477       0.03683          0            3.42
        1           11.89     2.5      10  0.0005921    0.7163       0.9811     0.3419            0.2262      0.5656            1.075      0.2933         0.08272           2.085          0.01          0           9.735
     1.25           11.94     2.5      10  0.0005898    0.7474        1.238     0.4471            0.3332       0.833            1.109       0.211         0.07061           3.111      0.001833          0           28.24
      1.5           11.99     2.5      10  0.0005092     0.781        1.507     0.5613            0.4494       1.123            1.149      0.1278         0.05417            4.82     0.0001667          0           100.8

=== 4h P2|C|10
 edge_pct  trades_per_30d  mean_N  mean_L  liq_share  tp_share  drift_H_pct  gross_pct  net_notional_pct  eq_ret_pct  30d_median_mult  30d_p_loss  30d_mdd_median  1y_median_mult  1y_p_below50  1y_p_ruin  IS_median_mult
        0           11.69     2.5      10          0    0.5886     -0.02318    -0.1269           -0.2499     -0.6248           0.9311       0.686          0.1472          0.3584        0.8017    0.01683         0.04301
    0.025            11.7     2.5      10          0    0.5918    0.0001406    -0.1161           -0.2389     -0.5973           0.9339      0.6772          0.1452          0.3743         0.781    0.01483         0.05088
     0.05           11.71     2.5      10          0    0.5948       0.0233    -0.1053           -0.2279     -0.5699           0.9375      0.6713          0.1434          0.3885        0.7622      0.012         0.06269
    0.075           11.71     2.5      10          0    0.5987      0.05059   -0.09222           -0.2147     -0.5367           0.9407      0.6625          0.1414          0.4067        0.7335   0.009333         0.07367
      0.1           11.71     2.5      10          0    0.6018      0.07158   -0.08076            -0.203     -0.5076           0.9435      0.6553            0.14          0.4275        0.7087     0.0065         0.07696
     0.15           11.72     2.5      10          0    0.6083        0.127   -0.05748           -0.1794     -0.4485            0.951      0.6397          0.1366          0.4661        0.6517   0.004667         0.09635
      0.2           11.73     2.5      10          0    0.6146       0.1778   -0.03392           -0.1555     -0.3886           0.9569      0.6188          0.1327          0.5089        0.5968   0.002667          0.1231
      0.3           11.76     2.5      10          0    0.6271       0.2737   0.008695           -0.1121     -0.2803           0.9693      0.5837          0.1255          0.5981        0.4825   0.001167          0.2077
      0.4           11.77     2.5      10          0    0.6391       0.3628     0.0485          -0.07161      -0.179           0.9814      0.5482          0.1228          0.6939        0.3775  0.0006667          0.3141
      0.6            11.8     2.5      10          0    0.6646       0.5701     0.1387            0.0201     0.05026            1.008      0.4767          0.1225          0.9637         0.177          0          0.8133
      0.8           11.83     2.5      10          0    0.6911       0.7798      0.234            0.1169      0.2922             1.04      0.3893          0.1159           1.381       0.04967          0           2.425
        1           11.87     2.5      10          0    0.7173       0.9816     0.3266            0.2111      0.5277            1.068       0.311         0.09518           1.966       0.01083          0            6.89
     1.25           11.92     2.5      10          0    0.7484        1.239      0.437            0.3233      0.8083            1.103      0.2225         0.07487           2.981      0.001667          0           21.41
      1.5           11.97     2.5      10          0    0.7819        1.508     0.5566            0.4449       1.112            1.147      0.1303         0.05093           4.728             0          0           95.71

=== 4h P3|A|10
 edge_pct  trades_per_30d  mean_N  mean_L  liq_share  tp_share  drift_H_pct  gross_pct  net_notional_pct  eq_ret_pct  30d_median_mult  30d_p_loss  30d_mdd_median  1y_median_mult  1y_p_below50  1y_p_ruin  IS_median_mult
        0           12.23       4      20    0.05079    0.7729     -0.03196   -0.06782           -0.2002     -0.8009           0.9066      0.6757           0.203          0.2399        0.9005      0.149         0.01443
    0.025           12.24       4      20    0.05034     0.775    -0.006031    -0.0623           -0.1944     -0.7775           0.9091      0.6678           0.203          0.2486        0.8918     0.1382         0.01675
     0.05           12.24       4      20    0.04987    0.7772      0.01781   -0.05648           -0.1882     -0.7529           0.9121      0.6625           0.203          0.2588        0.8823     0.1288         0.01964
    0.075           12.24       4      20    0.04916    0.7795      0.04459   -0.04975           -0.1811     -0.7242           0.9159      0.6555          0.1968          0.2713        0.8698      0.117         0.02136
      0.1           12.25       4      20    0.04858    0.7818      0.06518   -0.04357           -0.1745     -0.6979             0.92        0.65          0.1907          0.2843         0.857     0.1055         0.02307
     0.15           12.25       4      20    0.04752    0.7862       0.1204   -0.03118           -0.1614     -0.6455           0.9247        0.64          0.1901          0.3059        0.8285    0.08767         0.03179
      0.2           12.26       4      20    0.04654    0.7905       0.1714   -0.01954           -0.1491     -0.5963           0.9322      0.6267          0.1845          0.3302           0.8    0.06883         0.03714
      0.3           12.27       4      20    0.04511       0.8       0.2686   0.003881           -0.1245     -0.4978           0.9442      0.6027          0.1719          0.3848        0.7397      0.044         0.06418
      0.4           12.28       4      20    0.04365    0.8082       0.3584     0.0241           -0.1031     -0.4125           0.9527      0.5822          0.1618          0.4424        0.6788       0.03         0.08952
      0.6           12.31       4      20    0.03926    0.8259       0.5645    0.07344          -0.05083     -0.2033           0.9817      0.5348          0.1372          0.6246        0.5108     0.0095          0.1842
      0.8           12.34       4      20     0.0349     0.845       0.7749     0.1246          0.003321     0.01328            1.013      0.4768          0.1158          0.8695        0.3147   0.001333          0.5677
        1           12.37       4      20    0.03112    0.8635       0.9793     0.1726           0.05407      0.2163            1.043        0.42         0.09704           1.213        0.1722  0.0003333           1.812
     1.25           12.41       4      20    0.02641    0.8852        1.236     0.2319            0.1167      0.4668            1.089      0.3417         0.06944           1.824       0.05767  0.0001667           5.727
      1.5           12.44       4      20    0.02079    0.9097        1.503     0.2976            0.1863      0.7452            1.131      0.2582          0.0342           2.866       0.01083          0           19.31

=== 4h P3|B|10
 edge_pct  trades_per_30d  mean_N  mean_L  liq_share  tp_share  drift_H_pct  gross_pct  net_notional_pct  eq_ret_pct  30d_median_mult  30d_p_loss  30d_mdd_median  1y_median_mult  1y_p_below50  1y_p_ruin  IS_median_mult
        0           12.29       4      20     0.0186    0.7702     -0.03159    -0.0403           -0.1586     -0.6344           0.9278       0.663          0.1637           0.323        0.8262    0.05667         0.02927
    0.025            12.3       4      20    0.01848    0.7722    -0.005933   -0.03536           -0.1535      -0.614           0.9298      0.6553          0.1612          0.3315        0.8133     0.0525         0.03276
     0.05            12.3       4      20    0.01836    0.7744      0.01779   -0.03002            -0.148     -0.5919           0.9313      0.6498          0.1601          0.3445        0.8003      0.046         0.04137
    0.075            12.3       4      20    0.01809    0.7767      0.04497   -0.02367           -0.1414     -0.5655           0.9343      0.6433          0.1585          0.3567        0.7837    0.03983         0.04739
      0.1            12.3       4      20    0.01782    0.7791      0.06547   -0.01747           -0.1349     -0.5397           0.9361      0.6368          0.1565          0.3743        0.7672     0.0335         0.05063
     0.15           12.31       4      20    0.01755    0.7834       0.1206  -0.005812           -0.1229     -0.4916           0.9427      0.6257          0.1533          0.4033        0.7265      0.025         0.06894
      0.2           12.31       4      20    0.01731    0.7877       0.1718   0.004829           -0.1119     -0.4477           0.9489      0.6092          0.1502          0.4306        0.6862      0.019         0.08138
      0.3           12.32       4      20    0.01703    0.7973       0.2717    0.02693          -0.08915     -0.3566           0.9587      0.5858          0.1446          0.4993         0.616    0.01033          0.1268
      0.4           12.33       4      20    0.01675    0.8055       0.3609    0.04601          -0.06946     -0.2779           0.9694      0.5642          0.1383          0.5664        0.5425   0.006667          0.1711
      0.6           12.35       4      20    0.01585    0.8231        0.567    0.09161          -0.02246    -0.08983           0.9969      0.5093          0.1269          0.7628        0.3657   0.001333          0.3805
      0.8           12.38       4      20     0.0143    0.8422       0.7766     0.1396           0.02734      0.1093            1.023      0.4467          0.1117           1.039        0.1968     0.0005          0.9936
        1            12.4       4      20    0.01332    0.8605       0.9806     0.1833           0.07247      0.2899            1.048      0.3903         0.09816           1.403       0.09233          0           2.601
     1.25           12.43       4      20    0.01205    0.8821        1.237     0.2368            0.1278      0.5111            1.085      0.3143          0.0768           1.989         0.028          0           7.273
      1.5           12.46       4      20    0.01021    0.9065        1.503     0.2976            0.1908      0.7631            1.121       0.233         0.04252           2.959         0.006          0           23.86

=== 4h P3|C|10
 edge_pct  trades_per_30d  mean_N  mean_L  liq_share  tp_share  drift_H_pct  gross_pct  net_notional_pct  eq_ret_pct  30d_median_mult  30d_p_loss  30d_mdd_median  1y_median_mult  1y_p_below50  1y_p_ruin  IS_median_mult
        0           12.39       4      20          0    0.7513     -0.02512   -0.02354           -0.1342     -0.5367           0.9377      0.6747          0.1441          0.3956        0.7575   0.006833         0.06491
    0.025           12.39       4      20          0    0.7531    0.0001109    -0.0195             -0.13     -0.5202           0.9394      0.6693           0.143          0.4062        0.7432   0.006167         0.07005
     0.05            12.4       4      20          0    0.7551      0.02363   -0.01526           -0.1257     -0.5027           0.9423      0.6647          0.1426          0.4171        0.7277   0.004667          0.0754
    0.075            12.4       4      20          0    0.7575      0.05044  -0.009832           -0.1201     -0.4805           0.9437      0.6583          0.1422          0.4314        0.7087     0.0035         0.08787
      0.1            12.4       4      20          0    0.7597      0.07092  -0.004937           -0.1151     -0.4604           0.9442      0.6528          0.1406          0.4438        0.6898     0.0025         0.08964
     0.15            12.4       4      20          0    0.7641       0.1259    0.00496            -0.105     -0.4199           0.9475      0.6403          0.1347          0.4715        0.6447   0.001833          0.1178
      0.2            12.4       4      20          0    0.7682       0.1765    0.01406          -0.09564     -0.3826           0.9549      0.6247          0.1294          0.4986        0.6088   0.001667          0.1442
      0.3           12.41       4      20          0    0.7777       0.2761    0.03436          -0.07481     -0.2992           0.9612      0.6007           0.125          0.5694        0.5098  0.0006667          0.2031
      0.4           12.42       4      20          0    0.7857        0.365    0.05081           -0.0579     -0.2316           0.9742      0.5758          0.1172          0.6316        0.4293  0.0001667          0.2685
      0.6           12.44       4      20          0    0.8027       0.5696    0.08879          -0.01897    -0.07589           0.9917      0.5208          0.1022          0.8041        0.2517  0.0001667          0.5191
      0.8           12.46       4      20          0     0.821        0.778     0.1291            0.0224     0.08961            1.015      0.4567          0.0962           1.045        0.1143          0            1.09
        1           12.48       4      20          0    0.8387       0.9834     0.1674           0.06164      0.2465            1.036      0.3957           0.096           1.337       0.04267          0           2.431
     1.25            12.5       4      20          0    0.8597        1.241     0.2138            0.1093      0.4371            1.061      0.3177          0.0958           1.815      0.009833          0           5.296
      1.5           12.53       4      20          0    0.8834        1.508      0.266            0.1628      0.6511            1.095      0.2335          0.0958           2.542     0.0006667          0           14.44

=== 4h P3|B|30
 edge_pct  trades_per_30d  mean_N  mean_L  liq_share  tp_share  drift_H_pct  gross_pct  net_notional_pct  eq_ret_pct  30d_median_mult  30d_p_loss  30d_mdd_median  1y_median_mult  1y_p_below50  1y_p_ruin  IS_median_mult
        0           11.48       4      20    0.04238    0.4506     -0.02058    -0.0902           -0.2398     -0.9592           0.8815      0.6852          0.2475          0.1721        0.9347     0.3458         0.00592
    0.025           11.48       4      20    0.04192    0.4539     0.003894   -0.07661           -0.2258     -0.9033            0.886      0.6778           0.245          0.1854        0.9217      0.316        0.007425
     0.05           11.48       4      20    0.04145     0.457      0.02716   -0.06244           -0.2113     -0.8451           0.8934      0.6705          0.2425          0.2002        0.9097     0.2852        0.009393
    0.075           11.49       4      20    0.04099    0.4609      0.05488   -0.04616           -0.1946     -0.7783           0.8989      0.6583          0.2387          0.2204        0.8972     0.2577          0.0107
      0.1           11.49       4      20    0.04065    0.4637      0.07626   -0.03209           -0.1802     -0.7209            0.904      0.6498          0.2352          0.2399        0.8788     0.2283         0.01492
     0.15            11.5       4      20    0.04001    0.4708        0.132  -0.001373           -0.1488     -0.5954           0.9176      0.6267          0.2284          0.2859        0.8372      0.171         0.02652
      0.2           11.51       4      20    0.03921     0.477       0.1825    0.02574            -0.121     -0.4842           0.9287       0.607          0.2221          0.3381        0.7978     0.1333          0.0379
      0.3           11.52       4      20    0.03814    0.4893        0.282     0.0803          -0.06533     -0.2613           0.9534      0.5703          0.2131          0.4715        0.7025    0.07933          0.1057
      0.4           11.53       4      20     0.0371    0.5011       0.3707     0.1314          -0.01311    -0.05245           0.9755       0.535          0.2036          0.6373         0.596     0.0425          0.2577
      0.6           11.55       4      20    0.03475    0.5271       0.5809      0.245            0.1029      0.4115            1.031      0.4522          0.1991           1.234        0.3415   0.006333           1.484
      0.8           11.57       4      20    0.03149    0.5532       0.7904     0.3615            0.2223      0.8891            1.094        0.36          0.1736           2.457        0.1405  0.0006667           10.41
        1           11.59       4      20    0.02885    0.5788       0.9905     0.4734            0.3367       1.347            1.153      0.2768          0.1573           4.848       0.04433  0.0001667           100.4
     1.25           11.62       4      20    0.02591     0.611        1.248      0.612            0.4783       1.913            1.236      0.1882          0.1356           11.09        0.0095          0           933.7
      1.5           11.65       4      20    0.02196    0.6444        1.517     0.7587            0.6286       2.514            1.327       0.112          0.1063           26.95      0.001667          0       1.469e+04

=== 4h P3|B|100
 edge_pct  trades_per_30d  mean_N  mean_L  liq_share  tp_share  drift_H_pct  gross_pct  net_notional_pct  eq_ret_pct  30d_median_mult  30d_p_loss  30d_mdd_median  1y_median_mult  1y_p_below50  1y_p_ruin  IS_median_mult
        0           10.94       4      20    0.05804   0.09368     -0.02468    0.04358           -0.1346     -0.5384           0.8994      0.6245          0.2788          0.2319         0.865     0.3167         0.01515
    0.025           10.93       4      20    0.05741   0.09464    0.0002671    0.06461           -0.1133     -0.4531           0.9063      0.6148          0.2751          0.2614        0.8477     0.2888         0.02704
     0.05           10.93       4      20    0.05694   0.09554      0.02361    0.08462          -0.09301      -0.372           0.9173      0.6057          0.2718          0.2894        0.8293      0.259         0.02884
    0.075           10.93       4      20    0.05647   0.09645      0.05093     0.1065          -0.07085     -0.2834           0.9251      0.5962          0.2682          0.3282        0.8085     0.2285         0.03396
      0.1           10.93       4      20    0.05609   0.09737      0.07246     0.1269          -0.05027     -0.2011            0.932      0.5872          0.2652          0.3691        0.7852     0.2027         0.04469
     0.15           10.93       4      20    0.05528   0.09939       0.1284     0.1733         -0.003457    -0.01383           0.9485      0.5657          0.2577          0.4664        0.7252     0.1515         0.07585
      0.2           10.93       4      20    0.05422    0.1016       0.1777     0.2151           0.03891      0.1557           0.9642      0.5437          0.2504          0.5978        0.6673     0.1077          0.1986
      0.3           10.92       4      20    0.05265    0.1048       0.2769      0.297            0.1216      0.4862           0.9995      0.5003           0.238          0.9391        0.5458    0.05533           0.508
      0.4           10.92       4      20     0.0509    0.1084       0.3659     0.3743            0.1998      0.7994            1.037      0.4603          0.2265             1.4        0.4293    0.02533           2.111
      0.6           10.91       4      20    0.04689    0.1162       0.5719     0.5461            0.3737       1.495            1.114      0.3743          0.2036           3.484        0.2143      0.003            40.7
      0.8            10.9       4      20    0.04228    0.1242       0.7812     0.7244            0.5543       2.217            1.205      0.2853          0.2005            9.12       0.07917  0.0001667           744.3
        1           10.89       4      20    0.03835    0.1312       0.9835     0.8931             0.725         2.9            1.294      0.2147           0.174           23.04         0.027          0            6945
     1.25           10.89       4      20    0.03398    0.1401        1.243      1.104            0.9379       3.751            1.409      0.1405          0.1473           70.79         0.006          0       2.033e+05
      1.5           10.88       4      20    0.02835    0.1508        1.515      1.326             1.163       4.652            1.549       0.074          0.1209           232.6      0.001167          0       7.748e+06

=== 4h P4|A|10
 edge_pct  trades_per_30d  mean_N  mean_L  liq_share  tp_share  drift_H_pct  gross_pct  net_notional_pct  eq_ret_pct  30d_median_mult  30d_p_loss  30d_mdd_median  1y_median_mult  1y_p_below50  1y_p_ruin  IS_median_mult
        0           12.82      20      50     0.1077    0.8753       -0.025   0.005262           -0.1431      -2.862           0.6908      0.7685           0.416        0.001542        0.9998     0.9875       1.249e-08
    0.025           12.82      20      50     0.1072    0.8761   -0.0005481   0.006431           -0.1416      -2.833           0.6908      0.7657           0.416        0.001614        0.9997      0.987       1.286e-08
     0.05           12.82      20      50     0.1066    0.8768      0.02329   0.007456           -0.1403      -2.807           0.6908      0.7625           0.416        0.001715        0.9997     0.9867       1.783e-08
    0.075           12.82      20      50     0.1059    0.8777      0.04962    0.00878           -0.1386      -2.773           0.6908      0.7597           0.416        0.001849        0.9997      0.986       2.579e-08
      0.1           12.82      20      50     0.1054    0.8785      0.07131   0.009912           -0.1372      -2.745           0.6964      0.7573           0.416         0.00193        0.9997     0.9853       2.674e-08
     0.15           12.82      20      50     0.1037    0.8805       0.1264    0.01295           -0.1334      -2.668           0.7034      0.7528           0.416        0.002241        0.9997     0.9838       3.144e-08
      0.2           12.82      20      50     0.1023    0.8825       0.1783    0.01574           -0.1299      -2.597           0.7046       0.748           0.416        0.002591        0.9993     0.9797       4.045e-08
      0.3           12.82      20      50        0.1    0.8855       0.2766       0.02           -0.1245       -2.49           0.7162      0.7377           0.415        0.003071        0.9992     0.9728       6.309e-08
      0.4           12.82      20      50     0.0977    0.8886       0.3662     0.0246           -0.1187      -2.374           0.7194       0.726           0.415        0.003855         0.999      0.965       1.148e-07
      0.6           12.83      20      50    0.09241    0.8956       0.5708    0.03479           -0.1058      -2.117            0.732      0.7013           0.415        0.006484        0.9963     0.9488       4.131e-07
      0.8           12.83      20      50    0.08708    0.9025        0.778    0.04517          -0.09281      -1.856           0.7353      0.6695           0.415         0.01097        0.9935     0.9113        1.79e-06
        1           12.84      20      50    0.08279     0.909       0.9817    0.05397          -0.08181      -1.636             0.75      0.6518           0.415          0.0166        0.9882     0.8753        5.23e-06
     1.25           12.84      20      50    0.07626    0.9172        1.239    0.06621          -0.06631      -1.326           0.7665      0.6115           0.415         0.03079        0.9775     0.8027       2.841e-05
      1.5           12.85      20      50     0.0685    0.9269        1.506    0.08096           -0.0477      -0.954           0.7982      0.5675           0.415         0.06126        0.9505     0.6818       0.0002913

=== 4h P4|B|10
 edge_pct  trades_per_30d  mean_N  mean_L  liq_share  tp_share  drift_H_pct  gross_pct  net_notional_pct  eq_ret_pct  30d_median_mult  30d_p_loss  30d_mdd_median  1y_median_mult  1y_p_below50  1y_p_ruin  IS_median_mult
        0           12.82      20      50     0.1055    0.8753     -0.02502   0.005462           -0.1419      -2.839           0.6908      0.7687           0.416        0.001619        0.9995      0.987       1.237e-08
    0.025           12.82      20      50     0.1051     0.876   -0.0005695    0.00662           -0.1405       -2.81           0.6908      0.7662           0.416        0.001715        0.9995     0.9863       1.237e-08
     0.05           12.82      20      50     0.1045    0.8768      0.02327   0.007645           -0.1392      -2.785           0.6908      0.7628           0.416        0.001798        0.9995     0.9857       1.761e-08
    0.075           12.82      20      50     0.1039    0.8776       0.0496   0.008952           -0.1376      -2.752           0.6964        0.76           0.416         0.00193        0.9995      0.985       2.674e-08
      0.1           12.82      20      50     0.1034    0.8784      0.07129    0.01012           -0.1362      -2.724           0.7007      0.7573           0.416        0.002031        0.9995     0.9845       2.884e-08
     0.15           12.82      20      50     0.1018    0.8804       0.1264    0.01315           -0.1324      -2.647           0.7039      0.7528          0.4155        0.002342        0.9997      0.983       3.302e-08
      0.2           12.82      20      50     0.1004    0.8824       0.1783    0.01593           -0.1289      -2.578           0.7053       0.748           0.415        0.002735        0.9993     0.9783       4.857e-08
      0.3           12.82      20      50    0.09823    0.8854       0.2766    0.02018           -0.1235       -2.47           0.7175      0.7377           0.415        0.003237        0.9992      0.972       6.029e-08
      0.4           12.82      20      50    0.09593    0.8886       0.3662    0.02472           -0.1178      -2.356           0.7201      0.7267           0.415        0.004012        0.9988     0.9637       1.385e-07
      0.6           12.83      20      50     0.0909    0.8956       0.5708    0.03482           -0.1052      -2.104           0.7327      0.7025           0.415        0.006707        0.9962     0.9473       4.348e-07
      0.8           12.83      20      50    0.08568    0.9024        0.778    0.04523          -0.09215      -1.843           0.7427        0.67           0.415         0.01116        0.9932      0.909        1.95e-06
        1           12.84      20      50    0.08173    0.9089       0.9817    0.05398          -0.08133      -1.627           0.7507      0.6522           0.415         0.01699        0.9877     0.8725       5.611e-06
     1.25           12.84      20      50    0.07545    0.9171        1.239    0.06618          -0.06599       -1.32           0.7665       0.612           0.415         0.03127         0.976     0.8017       2.818e-05
      1.5           12.85      20      50     0.0678    0.9268        1.506    0.08085          -0.04751     -0.9502           0.7982      0.5685           0.415         0.06248          0.95       0.68       0.0002837

=== 4h P4|C|10
 edge_pct  trades_per_30d  mean_N  mean_L  liq_share  tp_share  drift_H_pct  gross_pct  net_notional_pct  eq_ret_pct  30d_median_mult  30d_p_loss  30d_mdd_median  1y_median_mult  1y_p_below50  1y_p_ruin  IS_median_mult
        0            12.9      20      50          0    0.7704     -0.02332   -0.01563           -0.1224      -2.448           0.7076       0.864          0.3606         0.01148             1     0.9802       1.789e-06
    0.025            12.9      20      50          0    0.7708     0.001191   -0.01525            -0.122       -2.44           0.7085      0.8618            0.36         0.01169             1     0.9795       1.834e-06
     0.05            12.9      20      50          0    0.7709      0.02478   -0.01518           -0.1219      -2.439           0.7087      0.8618            0.36         0.01179             1      0.979       1.813e-06
    0.075            12.9      20      50          0    0.7713      0.05088   -0.01485           -0.1216      -2.432           0.7087      0.8612            0.36         0.01186             1     0.9788       1.799e-06
      0.1            12.9      20      50          0    0.7721      0.07243   -0.01404           -0.1207      -2.415           0.7094      0.8588            0.36         0.01211             1     0.9765       1.913e-06
     0.15            12.9      20      50          0    0.7735       0.1272   -0.01286           -0.1195       -2.39           0.7098      0.8568            0.36         0.01269        0.9998     0.9742       2.659e-06
      0.2            12.9      20      50          0    0.7751       0.1788   -0.01147            -0.118       -2.36           0.7101      0.8533            0.36         0.01324        0.9998     0.9718       2.594e-06
      0.3            12.9      20      50          0    0.7772       0.2767  -0.009523           -0.1159      -2.319           0.7157      0.8475          0.3478         0.01425        0.9998     0.9652       3.405e-06
      0.4            12.9      20      50          0    0.7797       0.3652  -0.007186           -0.1135       -2.27           0.7244      0.8415          0.3465          0.0155        0.9998     0.9605       4.711e-06
      0.6            12.9      20      50          0    0.7837         0.57   -0.00369           -0.1098      -2.196           0.7325      0.8355          0.3328         0.01738        0.9998     0.9478       5.959e-06
      0.8            12.9      20      50          0     0.789       0.7769   0.001224           -0.1046      -2.092           0.7479      0.8238           0.326         0.02058        0.9995     0.9345       9.717e-06
        1            12.9      20      50          0    0.7933       0.9813   0.005014           -0.1006      -2.012            0.762      0.8147           0.326         0.02374        0.9995     0.9168       1.065e-05
     1.25            12.9      20      50          0    0.7976        1.239   0.008917          -0.09645      -1.929           0.7796      0.7978          0.3126         0.02741         0.998      0.897       1.897e-05
      1.5            12.9      20      50          0    0.8043        1.505     0.0151          -0.08992      -1.798            0.796      0.7765          0.3118         0.03378        0.9968     0.8672       4.451e-05

=== 4h P4|B|100
 edge_pct  trades_per_30d  mean_N  mean_L  liq_share  tp_share  drift_H_pct  gross_pct  net_notional_pct  eq_ret_pct  30d_median_mult  30d_p_loss  30d_mdd_median  1y_median_mult  1y_p_below50  1y_p_ruin  IS_median_mult
        0           11.76      20      50     0.4182    0.3061    -0.008204    0.02496           -0.2918      -5.835           0.2342      0.8693          0.8593       1.011e-08             1     0.9998       3.812e-24
    0.025           11.76      20      50     0.4154    0.3085       0.0163    0.03547             -0.28      -5.599           0.2403       0.864          0.8555       1.484e-08             1     0.9997       9.776e-24
     0.05           11.76      20      50     0.4126    0.3107      0.03992      0.046           -0.2681      -5.363           0.2481        0.86          0.8525       2.163e-08             1     0.9997       2.521e-23
    0.075           11.76      20      50     0.4091    0.3138      0.06717    0.05996           -0.2525       -5.05           0.2557      0.8538          0.8465       3.378e-08             1     0.9997       1.847e-22
      0.1           11.76      20      50     0.4064    0.3164      0.08959    0.07119             -0.24        -4.8           0.2621       0.848          0.8409       4.862e-08        0.9998     0.9997       5.919e-22
     0.15           11.76      20      50     0.3996    0.3224       0.1468    0.09702           -0.2109      -4.218           0.2804      0.8378          0.8383       1.197e-07        0.9998     0.9997       7.662e-21
      0.2           11.75      20      50      0.394    0.3275       0.1983     0.1189           -0.1864      -3.728           0.2992      0.8258          0.8301        2.61e-07        0.9998     0.9993       8.448e-20
      0.3           11.75      20      50     0.3821    0.3376       0.2976     0.1651           -0.1346      -2.691           0.3384      0.8023          0.8116       1.337e-06        0.9998     0.9975        3.47e-18
      0.4           11.74      20      50     0.3711    0.3466       0.3868     0.2074          -0.08713      -1.743           0.3945      0.7762          0.8001       5.844e-06        0.9987     0.9943        2.67e-16
      0.6           11.73      20      50     0.3477    0.3664       0.5906     0.2976           0.01404      0.2808           0.5051      0.7112           0.758        0.000128         0.995     0.9738       5.269e-12
      0.8           11.73      20      50     0.3244    0.3863       0.7976     0.3876             0.115         2.3           0.6517      0.6368          0.7237        0.003049        0.9752     0.8988       2.929e-08
        1           11.72      20      50     0.3013    0.4061       0.9995     0.4786             0.217       4.339           0.8352       0.564           0.673         0.07216        0.9222      0.754       0.0001274
     1.25            11.7      20      50     0.2716    0.4311        1.258     0.5923            0.3446       6.891            1.161      0.4557          0.6578           3.504        0.7833     0.4675           18.91
      1.5           11.69      20      50     0.2413    0.4575        1.529     0.7104             0.477        9.54            1.602      0.3417          0.5997             206        0.5667     0.2002       2.889e+06

=== 4h P5|A|10
 edge_pct  trades_per_30d  mean_N  mean_L  liq_share  tp_share  drift_H_pct  gross_pct  net_notional_pct  eq_ret_pct  30d_median_mult  30d_p_loss  30d_mdd_median  1y_median_mult  1y_p_below50  1y_p_ruin  IS_median_mult
        0           12.26   4.188   20.72    0.05291    0.7826     -0.03538    -0.0645           -0.1971     -0.8306           0.9049      0.6828           0.203           0.228        0.9142     0.1757         0.01132
    0.025           12.27   4.188   20.72    0.05242    0.7846    -0.009515   -0.05918           -0.1915     -0.8067           0.9061      0.6753           0.203          0.2356         0.907     0.1663          0.0133
     0.05           12.27   4.188   20.72    0.05198    0.7867      0.01419   -0.05373           -0.1857      -0.783           0.9089      0.6705           0.203          0.2452         0.897      0.152         0.01662
    0.075           12.28   4.188   20.72    0.05117    0.7891       0.0409   -0.04711           -0.1786     -0.7528           0.9137      0.6635           0.203          0.2565        0.8832     0.1378          0.0182
      0.1           12.28   4.188   20.72    0.05058    0.7912       0.0616   -0.04114           -0.1723     -0.7264           0.9179      0.6585           0.203          0.2684        0.8732     0.1253         0.02032
     0.15           12.28   4.188   20.72    0.04949    0.7956       0.1168   -0.02907           -0.1595     -0.6735           0.9208      0.6472          0.1966          0.2901        0.8463     0.1062         0.02655
      0.2           12.29   4.188   20.72     0.0484    0.7998       0.1682   -0.01771           -0.1474     -0.6222           0.9286      0.6335          0.1904          0.3121        0.8172    0.08483         0.03244
      0.3            12.3   4.188   20.72    0.04697    0.8093        0.268   0.005181           -0.1233     -0.5224           0.9391      0.6092          0.1813          0.3654        0.7572    0.05317         0.06125
      0.4           12.32   4.188   20.72    0.04544    0.8173       0.3576     0.0249           -0.1024      -0.435           0.9505      0.5873          0.1703          0.4233        0.6993    0.03667         0.07909
      0.6           12.34   4.188   20.72    0.04079    0.8349       0.5642    0.07326          -0.05105     -0.2205           0.9796      0.5403          0.1434          0.5985         0.536    0.01117          0.1613
      0.8           12.37   4.188   20.72    0.03622    0.8533       0.7743     0.1227          0.001502   -0.002241            1.011      0.4832          0.1198          0.8538        0.3373   0.001667          0.5127
        1            12.4   4.188   20.72    0.03222    0.8712       0.9786     0.1687            0.0503      0.2036             1.04      0.4263         0.09854            1.19        0.1882     0.0005            1.63
     1.25           12.43   4.188   20.72    0.02708    0.8923        1.234      0.226             0.111      0.4586            1.088      0.3448         0.07124           1.793       0.06383  0.0001667           5.798
      1.5           12.47   4.188   20.72    0.02116    0.9162        1.502     0.2901            0.1791      0.7427            1.132      0.2587         0.03722           2.858         0.011          0            19.7

=== 4h P5|B|10
 edge_pct  trades_per_30d  mean_N  mean_L  liq_share  tp_share  drift_H_pct  gross_pct  net_notional_pct  eq_ret_pct  30d_median_mult  30d_p_loss  30d_mdd_median  1y_median_mult  1y_p_below50  1y_p_ruin  IS_median_mult
        0           12.32   4.188   20.72    0.01855    0.7798     -0.03369   -0.03978           -0.1574     -0.6582           0.9221       0.666          0.1711          0.3081        0.8418      0.068         0.03088
    0.025           12.33   4.188   20.72    0.01843    0.7818    -0.008101   -0.03497           -0.1524     -0.6374           0.9241      0.6593          0.1685          0.3173        0.8287    0.06217         0.03163
     0.05           12.33   4.188   20.72    0.01831    0.7838       0.0155   -0.02988           -0.1472     -0.6159           0.9264      0.6542          0.1674          0.3281        0.8158     0.0545         0.03497
    0.075           12.33   4.188   20.72    0.01804    0.7862      0.04261   -0.02367           -0.1407     -0.5887           0.9297      0.6477          0.1635          0.3412        0.7982    0.04783         0.04134
      0.1           12.33   4.188   20.72    0.01778    0.7884      0.06323    -0.0177           -0.1345     -0.5626           0.9327      0.6418          0.1609          0.3565        0.7823    0.04117         0.04584
     0.15           12.34   4.188   20.72     0.0175    0.7928       0.1183  -0.006247           -0.1227     -0.5137           0.9389      0.6315          0.1574          0.3849        0.7433    0.03183         0.05871
      0.2           12.34   4.188   20.72    0.01727     0.797       0.1699   0.004128            -0.112      -0.468           0.9471       0.616          0.1541          0.4126        0.7042     0.0225          0.0735
      0.3           12.35   4.188   20.72    0.01699    0.8065         0.27     0.0258          -0.08963     -0.3753           0.9576      0.5915          0.1473          0.4791        0.6345    0.01333          0.1103
      0.4           12.36   4.188   20.72    0.01671    0.8145       0.3591    0.04441          -0.07043     -0.2952           0.9687      0.5703          0.1419          0.5451        0.5642   0.007833          0.1627
      0.6           12.38   4.188   20.72    0.01581    0.8321       0.5656     0.0892          -0.02424     -0.1033           0.9938      0.5162          0.1295          0.7448        0.3857     0.0015          0.3438
      0.8            12.4   4.188   20.72    0.01427    0.8505        0.775     0.1359           0.02416     0.09713             1.02      0.4542           0.114           1.019        0.2112     0.0005          0.8782
        1           12.43   4.188   20.73    0.01329    0.8682       0.9789     0.1781           0.06786      0.2803            1.046       0.396         0.09997           1.371         0.101          0           2.553
     1.25           12.46   4.188   20.72    0.01202    0.8893        1.235     0.2303            0.1218      0.5046            1.084      0.3203         0.08269           1.969       0.02983          0           7.381
      1.5           12.49   4.188   20.72    0.01019    0.9131        1.503     0.2898            0.1835      0.7607             1.12      0.2347         0.04455           2.952        0.0055          0           23.38

=== 4h P5|C|10
 edge_pct  trades_per_30d  mean_N  mean_L  liq_share  tp_share  drift_H_pct  gross_pct  net_notional_pct  eq_ret_pct  30d_median_mult  30d_p_loss  30d_mdd_median  1y_median_mult  1y_p_below50  1y_p_ruin  IS_median_mult
        0           12.43   4.187   20.72          0    0.7603     -0.02735   -0.02004             -0.13     -0.5486           0.9349       0.679          0.1478          0.3865        0.7712   0.008667         0.06463
    0.025           12.43   4.187   20.72          0    0.7621     -0.00225   -0.01628           -0.1262     -0.5323           0.9369      0.6732          0.1463          0.3952        0.7583   0.007667         0.06592
     0.05           12.43   4.187   20.72          0    0.7639      0.02113   -0.01231           -0.1221     -0.5155           0.9393      0.6683          0.1449          0.4058        0.7423   0.006167         0.07144
    0.075           12.43   4.187   20.72          0    0.7664      0.04786  -0.007114           -0.1168     -0.4928            0.942      0.6623          0.1427          0.4193        0.7203   0.004833         0.08602
      0.1           12.44   4.187   20.72          0    0.7686      0.06845   -0.00242           -0.1119     -0.4723           0.9433       0.657          0.1423          0.4325        0.6978      0.004         0.09154
     0.15           12.44   4.187   20.72          0     0.773       0.1234   0.007334           -0.1019     -0.4307           0.9449       0.644          0.1385          0.4633        0.6575     0.0025          0.1274
      0.2           12.44   4.187   20.72          0     0.777       0.1744    0.01598          -0.09309     -0.3924           0.9528      0.6292          0.1332          0.4884        0.6197      0.002          0.1415
      0.3           12.45   4.187   20.72          0    0.7865       0.2744    0.03575          -0.07278     -0.3079           0.9599      0.6052          0.1281           0.557        0.5227   0.001167          0.1949
      0.4           12.46   4.187   20.72          0    0.7943       0.3632    0.05164          -0.05644     -0.2392            0.973      0.5798          0.1197           0.619        0.4453  0.0001667          0.2473
      0.6           12.47   4.188   20.72          0    0.8112       0.5682    0.08832          -0.01882    -0.08166           0.9906      0.5267          0.1042          0.7912        0.2675  0.0001667          0.5081
      0.8           12.49   4.187   20.72          0    0.8288       0.7764      0.127           0.02087      0.0839            1.012       0.464         0.09657           1.038        0.1253          0           1.033
        1           12.51   4.188   20.72          0     0.846       0.9816     0.1634           0.05818      0.2415            1.035      0.4025          0.0962           1.329       0.04617          0           2.377
     1.25           12.53   4.188   20.72          0    0.8663        1.239     0.2077            0.1036      0.4321            1.061      0.3253          0.0958           1.803      0.009833          0           5.137
      1.5           12.55   4.188   20.72          0    0.8894        1.507     0.2578             0.155      0.6469            1.094      0.2372          0.0958           2.537         0.001          0           14.22

=== 4h P5|B|100
 edge_pct  trades_per_30d  mean_N  mean_L  liq_share  tp_share  drift_H_pct  gross_pct  net_notional_pct  eq_ret_pct  30d_median_mult  30d_p_loss  30d_mdd_median  1y_median_mult  1y_p_below50  1y_p_ruin  IS_median_mult
        0           10.94    4.19   20.73    0.05804   0.09599      -0.0246     0.0413           -0.1368     -0.5553           0.8942      0.6267          0.2841          0.2247        0.8708     0.3317         0.01391
    0.025           10.93    4.19   20.73     0.0574   0.09695    0.0003507    0.06226           -0.1155      -0.468           0.9036      0.6165          0.2811          0.2522        0.8533     0.3037         0.02394
     0.05           10.93    4.19   20.73    0.05693   0.09785      0.02369    0.08225          -0.09525     -0.3856           0.9113       0.608           0.279          0.2789         0.835     0.2742         0.02685
    0.075           10.93    4.19   20.73    0.05647   0.09876      0.05101     0.1042          -0.07311     -0.2932           0.9215       0.598           0.275          0.3155        0.8148     0.2435         0.03341
      0.1           10.93    4.19   20.73    0.05609   0.09968      0.07253     0.1245          -0.05255     -0.2078           0.9293      0.5893          0.2713          0.3612        0.7917     0.2153         0.04043
     0.15           10.93    4.19   20.73    0.05528    0.1018       0.1285     0.1709         -0.005736    -0.01678           0.9464      0.5678          0.2634          0.4589        0.7345     0.1617         0.07079
      0.2           10.93    4.19   20.73    0.05421     0.104       0.1778     0.2127            0.0366      0.1594            0.965      0.5463          0.2551          0.5833        0.6712     0.1142          0.2013
      0.3           10.92    4.19   20.73    0.05264    0.1073       0.2769     0.2944            0.1192      0.4966           0.9984      0.5018          0.2423           0.936        0.5505    0.05817          0.5081
      0.4           10.92    4.19   20.73     0.0509    0.1109       0.3659     0.3718            0.1974      0.8166            1.038      0.4595            0.23           1.414        0.4333    0.02717           2.101
      0.6           10.92    4.19   20.73    0.04688    0.1191       0.5719     0.5435            0.3713       1.531            1.117      0.3722          0.2052           3.613        0.2142   0.003167           46.01
      0.8           10.91    4.19   20.73    0.04228    0.1275       0.7812     0.7218            0.5519        2.27            1.213      0.2853           0.203           9.617       0.08033  0.0001667           829.9
        1            10.9    4.19   20.73    0.03835     0.135       0.9835     0.8903            0.7223       2.975            1.305      0.2135          0.1765           25.06       0.02683          0            9649
     1.25           10.89    4.19   20.73    0.03398    0.1442        1.245      1.101            0.9353       3.846            1.423      0.1388           0.149            78.8      0.006167          0       2.856e+05
      1.5           10.88    4.19   20.73    0.02835    0.1551        1.516      1.323              1.16       4.769            1.569      0.0715          0.1223           269.6      0.001333          0       1.267e+07

=== 4h P5c|A|10
 edge_pct  trades_per_30d  mean_N  mean_L  liq_share  tp_share  drift_H_pct  gross_pct  net_notional_pct  eq_ret_pct  30d_median_mult  30d_p_loss  30d_mdd_median  1y_median_mult  1y_p_below50  1y_p_ruin  IS_median_mult
        0           12.26   4.145   20.72    0.05291    0.7826     -0.03538    -0.0645           -0.1971     -0.8206           0.9056      0.6808           0.203          0.2317        0.9115     0.1672         0.01194
    0.025           12.27   4.194   20.72    0.05242    0.7846    -0.009515   -0.05918           -0.1915     -0.7808           0.9088      0.6703           0.203          0.2447        0.8957     0.1527         0.01498
     0.05           12.27   4.237   20.72    0.05198    0.7867      0.01419   -0.05373           -0.1857      -0.741           0.9128      0.6633           0.203           0.261        0.8785     0.1338         0.02099
    0.075           12.28   4.287   20.72    0.05117    0.7891       0.0409   -0.04711           -0.1786     -0.6923             0.92      0.6545           0.203          0.2814        0.8575     0.1163         0.02474
      0.1           12.28   4.338   20.72    0.05058    0.7912       0.0616   -0.04114           -0.1723     -0.6472           0.9247       0.647          0.2008          0.3024        0.8342     0.1008         0.03313
     0.15           12.28   4.432   20.72    0.04949    0.7956       0.1168   -0.02907           -0.1595     -0.5621           0.9343      0.6275          0.1921          0.3427        0.7873    0.07583         0.04555
      0.2           12.29   4.526   20.72     0.0484    0.7998       0.1682   -0.01771           -0.1474     -0.4803           0.9452      0.6075          0.1901          0.3866        0.7348     0.0555         0.06499
      0.3            12.3   4.717   20.72    0.04697    0.8093        0.268   0.005181           -0.1233     -0.3137           0.9648      0.5662           0.176          0.4974        0.6297    0.02633          0.1485
      0.4           12.32   4.902   20.72    0.04544    0.8173       0.3576     0.0249           -0.1024     -0.1592           0.9852      0.5295          0.1638          0.6332         0.518     0.0135          0.2668
      0.6           12.34   5.279   20.72    0.04079    0.8349       0.5642    0.07326          -0.05105      0.1803            1.027       0.451           0.139            1.06        0.2907     0.0035          0.8635
      0.8           12.37   5.653   20.72    0.03622    0.8533       0.7743     0.1227          0.001502       0.528            1.079      0.3603          0.1158           1.829        0.1308     0.0005            5.54
        1            12.4    6.03   20.72    0.03222    0.8712       0.9786     0.1687            0.0503       0.861            1.127      0.2815         0.09704           3.044        0.0575          0           28.29
     1.25           12.43   6.516   20.72    0.02708    0.8923        1.234      0.226             0.111       1.282            1.192      0.1948         0.07001           5.899       0.02017          0           166.7
      1.5           12.47   6.996   20.72    0.02116    0.9162        1.502     0.2901            0.1791       1.736            1.262      0.1268         0.03532           11.88      0.008167          0            1341

=== 4h P5c|B|10
 edge_pct  trades_per_30d  mean_N  mean_L  liq_share  tp_share  drift_H_pct  gross_pct  net_notional_pct  eq_ret_pct  30d_median_mult  30d_p_loss  30d_mdd_median  1y_median_mult  1y_p_below50  1y_p_ruin  IS_median_mult
        0           12.32   4.145   20.72    0.01855    0.7798     -0.03369   -0.03978           -0.1574     -0.6513           0.9234       0.665          0.1692          0.3127         0.838    0.06483         0.03154
    0.025           12.33   4.194   20.72    0.01843    0.7818    -0.008101   -0.03497           -0.1524     -0.6152           0.9279      0.6542          0.1667          0.3274        0.8143    0.05683         0.03368
     0.05           12.33   4.237   20.72    0.01831    0.7838       0.0155   -0.02988           -0.1472      -0.579            0.932      0.6465          0.1648          0.3467        0.7918      0.049         0.04065
    0.075           12.33   4.287   20.72    0.01804    0.7862      0.04261   -0.02367           -0.1407     -0.5332           0.9367      0.6355          0.1611          0.3705        0.7637     0.0395         0.05192
      0.1           12.33   4.338   20.72    0.01778    0.7884      0.06323    -0.0177           -0.1345      -0.489           0.9413       0.628           0.159          0.3978        0.7322       0.03         0.06347
     0.15           12.34   4.431   20.72     0.0175    0.7928       0.1183  -0.006247           -0.1227     -0.4085           0.9504      0.6067          0.1552          0.4483        0.6717       0.02           0.096
      0.2           12.34   4.526   20.72    0.01727     0.797       0.1699   0.004128            -0.112     -0.3343           0.9621      0.5823          0.1515          0.5026        0.6168     0.0145          0.1318
      0.3           12.35   4.717   20.72    0.01699    0.8065         0.27     0.0258          -0.08963      -0.175           0.9823      0.5407          0.1441          0.6403        0.4907   0.005667          0.2514
      0.4           12.36   4.903   20.72    0.01671    0.8145       0.3591    0.04441          -0.07043    -0.02891           0.9994      0.5008          0.1385          0.8018        0.3748   0.002333          0.4633
      0.6           12.38   5.279   20.72    0.01581    0.8321       0.5656     0.0892          -0.02424      0.2854            1.043      0.4207          0.1266           1.298        0.1913   0.001167           1.962
      0.8            12.4   5.653   20.72    0.01427    0.8505        0.775     0.1359           0.02416      0.6098            1.088      0.3295           0.112           2.136       0.07833  0.0003333           8.079
        1           12.43    6.03   20.73    0.01329    0.8682       0.9789     0.1781           0.06786      0.9176            1.133      0.2568         0.09865           3.436        0.0365          0           36.63
     1.25           12.46   6.516   20.72    0.01202    0.8893        1.235     0.2303            0.1218       1.302            1.192      0.1788         0.08128           6.163         0.014          0             234
      1.5           12.49   6.996   20.72    0.01019    0.9131        1.503     0.2898            0.1835       1.723            1.255      0.1175         0.04365           11.83        0.0065          0            1351

=== 4h P5c|C|10
 edge_pct  trades_per_30d  mean_N  mean_L  liq_share  tp_share  drift_H_pct  gross_pct  net_notional_pct  eq_ret_pct  30d_median_mult  30d_p_loss  30d_mdd_median  1y_median_mult  1y_p_below50  1y_p_ruin  IS_median_mult
        0           12.43   4.144   20.72          0    0.7603     -0.02735   -0.02004             -0.13     -0.5418           0.9364      0.6778           0.146          0.3915        0.7647   0.007667         0.06794
    0.025           12.43   4.193   20.72          0    0.7621     -0.00225   -0.01628           -0.1262     -0.5126           0.9389       0.668          0.1442          0.4071        0.7428   0.006167         0.07324
     0.05           12.43   4.235   20.72          0    0.7639      0.02113   -0.01231           -0.1221     -0.4836           0.9425      0.6572           0.143          0.4248        0.7172      0.005         0.08263
    0.075           12.43   4.285   20.72          0    0.7664      0.04786  -0.007114           -0.1168     -0.4451           0.9442      0.6475          0.1424           0.449        0.6788   0.002833          0.0994
      0.1           12.44   4.337   20.72          0    0.7686      0.06845   -0.00242           -0.1119     -0.4082           0.9483       0.639          0.1415          0.4741         0.641   0.002333           0.114
     0.15           12.44    4.43   20.72          0     0.773       0.1234   0.007334           -0.1019     -0.3397           0.9575      0.6132          0.1342          0.5254         0.576      0.002          0.1613
      0.2           12.44   4.525   20.72          0     0.777       0.1744    0.01598          -0.09309     -0.2771           0.9638      0.5903          0.1301           0.576        0.5105   0.001167          0.2086
      0.3           12.45   4.717   20.72          0    0.7865       0.2744    0.03575          -0.07278      -0.134           0.9826       0.546          0.1243           0.718        0.3718  0.0006667          0.3821
      0.4           12.46   4.902   20.72          0    0.7943       0.3632    0.05164          -0.05644    -0.01103           0.9982      0.5027          0.1157          0.8613        0.2668  0.0001667           0.578
      0.6           12.47   5.277   20.72          0    0.8112       0.5682    0.08832          -0.01882      0.2454            1.032      0.4257          0.1022           1.255        0.1178  0.0001667           1.902
      0.8           12.49   5.651   20.72          0    0.8288       0.7764      0.127           0.02087      0.5108            1.065      0.3468          0.0962           1.876         0.047          0           5.511
        1           12.51    6.03   20.72          0     0.846       0.9816     0.1634           0.05818      0.7726            1.103       0.279          0.0962           2.806        0.0195          0           22.35
     1.25           12.53   6.517   20.72          0    0.8663        1.239     0.2077            0.1036       1.092            1.155      0.2147           0.096           4.566         0.006          0           79.86
      1.5           12.55   6.997   20.72          0    0.8894        1.507     0.2578             0.155       1.447            1.206      0.1547          0.0958           7.851         0.003          0           353.1

=== 4h P6|B|none
 edge_pct  trades_per_30d  mean_N  mean_L  liq_share  tp_share  drift_H_pct  gross_pct  net_notional_pct  eq_ret_pct  30d_median_mult  30d_p_loss  30d_mdd_median  1y_median_mult  1y_p_below50  1y_p_ruin  IS_median_mult
        0           10.82  0.3027   9.408          0         0     -0.03004    0.09883          -0.05999    -0.01385           0.9968      0.5535         0.01995          0.9749             0          0          0.9442
    0.025           10.82  0.3027   9.408          0         0    -0.006297      0.121          -0.03782   -0.008238           0.9974      0.5438         0.01974          0.9826             0          0           0.959
     0.05           10.81  0.3027   9.408          0         0      0.01601     0.1416          -0.01723    -0.00261           0.9979      0.5345         0.01947          0.9902             0          0          0.9732
    0.075           10.81  0.3027   9.408          0         0      0.04372     0.1673          0.008454    0.004049           0.9985      0.5238         0.01913          0.9987             0          0          0.9861
      0.1           10.81  0.3027   9.408          0         0      0.06566     0.1885           0.02962     0.01022           0.9994      0.5117         0.01872           1.007             0          0           1.006
     0.15           10.81  0.3027   9.409          0         0       0.1213     0.2399           0.08101     0.02369            1.001       0.487         0.01801           1.025             0          0           1.058
      0.2            10.8  0.3028   9.409          0         0       0.1714     0.2867            0.1278     0.03645            1.002      0.4617         0.01723           1.043             0          0           1.103
      0.3           10.79  0.3028   9.409          0         0       0.2695     0.3772            0.2182      0.0604            1.005      0.4187         0.01628           1.076             0          0           1.219
      0.4           10.79  0.3028   9.409          0         0       0.3594     0.4615            0.3025     0.08251            1.007      0.3758         0.01519           1.108             0          0            1.32
      0.6           10.78  0.3028   9.409          0         0        0.566     0.6507            0.4916      0.1328            1.013       0.291         0.01312           1.183             0          0           1.607
      0.8           10.76  0.3029   9.409          0         0       0.7741     0.8439            0.6847      0.1837            1.018      0.2118         0.01106           1.264             0          0           1.985
        1           10.75  0.3029   9.409          0         0        0.976      1.027             0.868      0.2339            1.023      0.1532         0.01006           1.348             0          0           2.422
     1.25           10.73  0.3029   9.409          0         0        1.235      1.264             1.105      0.2964             1.03     0.09333         0.01003           1.463             0          0            3.07
      1.5           10.72  0.3029    9.41          0         0         1.51      1.513             1.353      0.3628            1.037       0.044        0.007869           1.592             0          0           3.874

=== 4h P6h|B|none
 edge_pct  trades_per_30d  mean_N  mean_L  liq_share  tp_share  drift_H_pct  gross_pct  net_notional_pct  eq_ret_pct  30d_median_mult  30d_p_loss  30d_mdd_median  1y_median_mult  1y_p_below50  1y_p_ruin  IS_median_mult
        0           10.82  0.1514   9.408          0         0     -0.03004    0.09883          -0.05999   -0.006926           0.9985       0.552            0.01          0.9882             0          0          0.9741
    0.025           10.82  0.1514   9.408          0         0    -0.006297      0.121          -0.03782   -0.004119           0.9988       0.542        0.009897          0.9922             0          0          0.9819
     0.05           10.81  0.1514   9.408          0         0      0.01601     0.1416          -0.01723   -0.001305            0.999      0.5328        0.009765          0.9959             0          0          0.9891
    0.075           10.81  0.1514   9.408          0         0      0.04372     0.1673          0.008454    0.002025           0.9993      0.5218        0.009585               1             0          0          0.9955
      0.1           10.81  0.1514   9.408          0         0      0.06566     0.1885           0.02962    0.005112           0.9998      0.5098        0.009382           1.004             0          0           1.006
     0.15           10.81  0.1514   9.409          0         0       0.1213     0.2399           0.08101     0.01184                1      0.4847        0.009029           1.013             0          0           1.032
      0.2            10.8  0.1514   9.409          0         0       0.1714     0.2867            0.1278     0.01823            1.001      0.4595        0.008625           1.022             0          0           1.053
      0.3           10.79  0.1514   9.409          0         0       0.2695     0.3772            0.2182      0.0302            1.003      0.4163        0.008154           1.038             0          0           1.107
      0.4           10.79  0.1514   9.409          0         0       0.3594     0.4615            0.3025     0.04125            1.004      0.3738        0.007594           1.054             0          0           1.152
      0.6           10.78  0.1514   9.409          0         0        0.566     0.6507            0.4916      0.0664            1.006      0.2888        0.006568           1.089             0          0           1.271
      0.8           10.76  0.1514   9.409          0         0       0.7741     0.8439            0.6847     0.09185            1.009        0.21        0.005534           1.125             0          0           1.413
        1           10.75  0.1515   9.409          0         0        0.976      1.027             0.868      0.1169            1.012       0.152        0.005031           1.162             0          0           1.561
     1.25           10.73  0.1515   9.409          0         0        1.235      1.264             1.105      0.1482            1.015      0.0925        0.005013           1.211             0          0           1.757
      1.5           10.72  0.1515    9.41          0         0         1.51      1.513             1.353      0.1814            1.018       0.044        0.003935           1.263             0          0           1.975

=== 4h P6|B|10
 edge_pct  trades_per_30d  mean_N  mean_L  liq_share  tp_share  drift_H_pct  gross_pct  net_notional_pct  eq_ret_pct  30d_median_mult  30d_p_loss  30d_mdd_median  1y_median_mult  1y_p_below50  1y_p_ruin  IS_median_mult
        0            11.7  0.3011   9.398          0    0.5665     -0.02411   -0.09894            -0.223    -0.06704            0.993      0.6728         0.01676          0.9089             0          0          0.7432
    0.025            11.7  0.3011   9.399          0    0.5699   -0.0006481   -0.08681           -0.2107    -0.06371           0.9934      0.6638         0.01658          0.9134             0          0          0.7539
     0.05           11.71   0.301   9.398          0    0.5729       0.0223   -0.07638           -0.2001    -0.06065           0.9939      0.6568         0.01641          0.9175             0          0          0.7579
    0.075           11.71   0.301   9.398          0    0.5771       0.0508   -0.06234           -0.1858    -0.05658           0.9942       0.648         0.01608          0.9228             0          0          0.7791
      0.1           11.71   0.301   9.398          0    0.5802      0.07188   -0.05056           -0.1739    -0.05295           0.9945      0.6383         0.01586          0.9278             0          0          0.7874
     0.15           11.72   0.301   9.398          0    0.5869       0.1272   -0.02561           -0.1485    -0.04598           0.9953      0.6192         0.01546          0.9371             0          0          0.8126
      0.2           11.73   0.301   9.398          0    0.5935       0.1781 -0.0007137           -0.1233    -0.03846           0.9962      0.5972         0.01485          0.9468             0          0          0.8437
      0.3           11.75   0.301   9.398          0    0.6062       0.2752    0.04329          -0.07854    -0.02545           0.9978      0.5593         0.01401          0.9642             0          0          0.8905
      0.4           11.76   0.301   9.398          0    0.6186       0.3644    0.08537          -0.03576    -0.01309           0.9991      0.5217          0.0132          0.9817             0          0          0.9424
      0.6           11.79  0.3009   9.398          0    0.6454       0.5711     0.1829           0.06328     0.01512            1.003      0.4352         0.01127           1.022             0          0           1.062
      0.8           11.82  0.3009   9.398          0    0.6735       0.7792     0.2844            0.1664     0.04429            1.006      0.3385         0.01006           1.065             0          0           1.199
        1           11.84  0.3009   9.398          0    0.7002       0.9809     0.3772            0.2607     0.07218            1.009      0.2567         0.01003           1.109             0          0           1.345
     1.25           11.89  0.3008   9.398          0    0.7326        1.238     0.4922            0.3775      0.1054            1.013      0.1675         0.01001           1.165             0          0           1.554
      1.5           11.93  0.3009   9.399          0    0.7672        1.507      0.618            0.5052      0.1418            1.018     0.08733        0.006612            1.23             0          0           1.825

=== 1d P0|A|10
 edge_pct  trades_per_30d  mean_N  mean_L  liq_share  tp_share  drift_H_pct  gross_pct  net_notional_pct  eq_ret_pct  30d_median_mult  30d_p_loss  30d_mdd_median  1y_median_mult  1y_p_below50  1y_p_ruin  IS_median_mult
        0           3.934       1       1          0    0.1534     0.003379    -0.2128           -0.4582     -0.4582            0.983       0.553         0.08288           0.722        0.3483     0.0015          0.3227
    0.025           3.934       1       1          0    0.1538      0.02164    -0.1962           -0.4416     -0.4416            0.984      0.5502         0.08239          0.7265        0.3457   0.001333          0.3227
     0.05           3.935       1       1          0    0.1551      0.06306    -0.1581           -0.4034     -0.4034           0.9857      0.5448         0.08148          0.7406         0.335   0.001333          0.3396
    0.075           3.936       1       1          0    0.1559       0.1058    -0.1213           -0.3665     -0.3665           0.9866      0.5422         0.08102          0.7539         0.324   0.001167          0.3605
      0.1           3.937       1       1          0    0.1569       0.1429   -0.08659           -0.3316     -0.3316           0.9874       0.539         0.08066          0.7651        0.3135   0.001167          0.3684
     0.15           3.937       1       1          0    0.1578       0.1818   -0.04667           -0.2916     -0.2916            0.989       0.534         0.08002          0.7802        0.3025   0.001167          0.3684
      0.2           3.937       1       1          0    0.1594        0.233   0.004448           -0.2404     -0.2404           0.9915      0.5273         0.07901          0.8006        0.2898      0.001          0.4432
      0.3           3.939       1       1          0    0.1619       0.3278    0.09475           -0.1498     -0.1498           0.9952      0.5142         0.07708          0.8378        0.2648  0.0008333          0.5372
      0.4           3.939       1       1          0    0.1644       0.4404     0.2025          -0.04186    -0.04186                1      0.4998         0.07458          0.8839        0.2375     0.0005          0.5776
      0.6           3.943       1       1          0    0.1697       0.6345       0.39            0.1461      0.1461            1.006       0.478         0.07168          0.9627        0.1922     0.0005          0.7517
      0.8           3.948       1       1          0    0.1741       0.8421      0.576            0.3325      0.3325            1.013       0.459         0.06804           1.055        0.1538  0.0001667          0.9521
        1           3.953       1       1          0    0.1795        1.028     0.7547            0.5117      0.5117            1.021      0.4375          0.0629           1.159        0.1247  0.0001667           1.295
     1.25           3.957       1       1          0    0.1845        1.267     0.9691            0.7266      0.7266            1.029       0.415         0.05915            1.28       0.09117          0             1.9
      1.5           3.962       1       1          0    0.1908        1.518      1.193             0.951       0.951            1.037      0.3872          0.0549            1.43         0.067          0           2.719
        2            3.97       1       1          0    0.2029        2.018      1.659             1.418       1.418            1.058       0.327         0.04464             1.8       0.03667          0           4.853
      2.5           3.978       1       1          0    0.2134        2.503      2.105             1.865       1.865            1.076      0.2745         0.03586           2.243       0.02083          0           10.68
        3           3.985       1       1          0    0.2239        2.974      2.558             2.319       2.319            1.095       0.225         0.02409           2.806        0.0125          0           20.73

=== 1d P0|B|10
 edge_pct  trades_per_30d  mean_N  mean_L  liq_share  tp_share  drift_H_pct  gross_pct  net_notional_pct  eq_ret_pct  30d_median_mult  30d_p_loss  30d_mdd_median  1y_median_mult  1y_p_below50  1y_p_ruin  IS_median_mult
        0           4.056       1       1          0    0.1539     0.004872       0.12           -0.1185     -0.1185           0.9878       0.539         0.08297          0.8612        0.1853          0          0.5887
    0.025           4.056       1       1          0    0.1546      0.03174     0.1446          -0.09385    -0.09385           0.9891      0.5353         0.08271          0.8723        0.1783          0          0.5997
     0.05           4.056       1       1          0    0.1558      0.07044     0.1765          -0.06192    -0.06192           0.9906        0.53         0.08203          0.8888        0.1683          0           0.608
    0.075           4.056       1       1          0    0.1566        0.111     0.2048          -0.03358    -0.03358           0.9915       0.527         0.08127          0.9018        0.1607          0          0.7068
      0.1           4.056       1       1          0    0.1575        0.145     0.2343         -0.004013   -0.004013           0.9921      0.5242         0.08093          0.9154        0.1522          0          0.7068
     0.15           4.055       1       1          0    0.1584       0.1849     0.2766           0.03835     0.03835           0.9936      0.5193         0.08058          0.9365        0.1417          0          0.7455
      0.2           4.055       1       1          0    0.1599        0.233     0.3211           0.08294     0.08294           0.9957      0.5125          0.0799          0.9546         0.133          0          0.7889
      0.3           4.057       1       1          0    0.1624       0.3319      0.408            0.1699      0.1699                1       0.498         0.07828          0.9942        0.1155          0          0.9744
      0.4           4.056       1       1          0    0.1648       0.4434     0.5113            0.2734      0.2734            1.005      0.4828         0.07638           1.043       0.09633          0            1.11
      0.6           4.057       1       1          0    0.1702       0.6376     0.6918            0.4541      0.4541            1.012      0.4587         0.07375           1.142       0.07117          0           1.429
      0.8           4.056       1       1          0    0.1748        0.847     0.8528            0.6153      0.6153            1.019      0.4397         0.07114           1.243        0.0485          0           1.743
        1           4.057       1       1          0    0.1801        1.028      1.025            0.7877      0.7877            1.025      0.4188         0.06763            1.35         0.031          0           2.354
     1.25           4.056       1       1          0    0.1851        1.267      1.216            0.9794      0.9794            1.032      0.3945         0.06454           1.487        0.0215          0           3.155
      1.5           4.056       1       1          0    0.1911        1.513      1.424             1.188       1.188            1.041      0.3655         0.05954           1.639       0.01283          0           4.309
        2           4.056       1       1          0    0.2034        2.014      1.848             1.612       1.612            1.059      0.3103         0.04986           2.024      0.003833          0           7.551
      2.5           4.053       1       1          0    0.2137        2.491      2.254             2.018       2.018            1.077      0.2572         0.03988           2.484        0.0005          0           13.26
        3           4.052       1       1          0    0.2242        2.965      2.684             2.448       2.448            1.094      0.2128          0.0274           3.056     0.0001667          0           25.12

=== 1d P1|B|10
 edge_pct  trades_per_30d  mean_N  mean_L  liq_share  tp_share  drift_H_pct  gross_pct  net_notional_pct  eq_ret_pct  30d_median_mult  30d_p_loss  30d_mdd_median  1y_median_mult  1y_p_below50  1y_p_ruin  IS_median_mult
        0            5.06    1.25       5  0.0009278    0.6715     -0.03261    -0.2253           -0.3958     -0.4948           0.9851      0.5537         0.08181          0.6929        0.2848          0           0.316
    0.025           5.065    1.25       5   0.000927     0.673    -0.007677    -0.2139           -0.3843     -0.4804           0.9856      0.5513         0.08154          0.6997        0.2785          0           0.316
     0.05           5.067    1.25       5  0.0009266    0.6742      0.03013    -0.2054           -0.3756     -0.4695           0.9864      0.5473         0.08105          0.7033        0.2732          0          0.3355
    0.075           5.067    1.25       5  0.0009266    0.6758      0.06727    -0.1921           -0.3621     -0.4527           0.9874      0.5435         0.08053          0.7135        0.2628          0          0.3491
      0.1           5.069    1.25       5  0.0008335     0.677       0.1009    -0.1824           -0.3523     -0.4403           0.9881      0.5418         0.08014          0.7204        0.2573          0          0.3534
     0.15           5.074    1.25       5  0.0008328    0.6797       0.1378    -0.1629           -0.3325     -0.4156           0.9894      0.5382         0.07945          0.7309         0.243          0          0.3732
      0.2           5.076    1.25       5  0.0008324    0.6818       0.1792    -0.1465            -0.316      -0.395           0.9909      0.5327         0.07875          0.7393        0.2328          0          0.3856
      0.3           5.085    1.25       5  0.0008309     0.686       0.2628    -0.1164           -0.2854     -0.3567           0.9928      0.5267         0.07617          0.7553        0.2198          0          0.4162
      0.4           5.089    1.25       5  0.0008303    0.6914        0.383   -0.07401           -0.2425     -0.3032           0.9953      0.5155         0.07364           0.778        0.1968          0          0.4872
      0.6           5.104    1.25       5  0.0008279    0.7009       0.5786   0.004736           -0.1629     -0.2036            1.001       0.496         0.07037          0.8319        0.1582          0          0.5403
      0.8           5.111    1.25       5  0.0007348    0.7094       0.7688    0.07367          -0.09316     -0.1164            1.006       0.481         0.06601          0.8819        0.1287          0          0.6985
        1           5.128    1.25       5  0.0007324    0.7211       0.9611     0.1652        -0.0004644  -0.0005805            1.013      0.4583         0.06232          0.9476          0.09          0          0.8295
     1.25           5.144    1.25       5  0.0007301    0.7345        1.211     0.2609           0.09651      0.1206            1.021      0.4337         0.05821           1.021       0.06467          0           1.083
      1.5           5.155    1.25       5  0.0007286    0.7452        1.469     0.3491            0.1858      0.2322            1.026      0.4107          0.0539           1.094       0.04583          0           1.319
        2           5.187    1.25       5  0.0006336    0.7681        1.973     0.5282            0.3671      0.4588            1.041       0.364         0.04235           1.278       0.01883          0           1.904
      2.5           5.222    1.25       5  0.0005394    0.7901        2.428     0.6858            0.5267      0.6584            1.048      0.3195         0.03155           1.464      0.008833          0           3.071
        3           5.254    1.25       5  0.0005361    0.8153        2.921     0.8743            0.7177      0.8972            1.068        0.27         0.01433           1.723      0.003667          0           4.705

=== 1d P2|B|10
 edge_pct  trades_per_30d  mean_N  mean_L  liq_share  tp_share  drift_H_pct  gross_pct  net_notional_pct  eq_ret_pct  30d_median_mult  30d_p_loss  30d_mdd_median  1y_median_mult  1y_p_below50  1y_p_ruin  IS_median_mult
        0           5.605     2.5      10    0.03393    0.8239      0.01949    -0.1076           -0.2673     -0.6682           0.9943      0.5107         0.09427          0.5308         0.571    0.01333          0.1626
    0.025           5.608     2.5      10    0.03349    0.8254      0.04954    -0.0968           -0.2562     -0.6404           0.9963      0.5068         0.09078          0.5444         0.559    0.01217          0.1764
     0.05           5.609     2.5      10    0.03331    0.8262      0.08721   -0.09058           -0.2498     -0.6244           0.9977      0.5045         0.08922          0.5504        0.5508      0.012          0.1908
    0.075           5.611     2.5      10    0.03297     0.827       0.1241   -0.08501            -0.244     -0.6099           0.9987      0.5025         0.08807          0.5573        0.5435      0.012          0.1989
      0.1           5.611     2.5      10    0.03271    0.8276       0.1553   -0.08046           -0.2393     -0.5982           0.9997      0.5003         0.08794           0.563         0.537    0.01183           0.199
     0.15           5.615     2.5      10    0.03253    0.8292       0.1895   -0.07216           -0.2307     -0.5768            1.001      0.4982          0.0877          0.5694        0.5298    0.01117          0.2052
      0.2           5.618     2.5      10    0.03201    0.8307       0.2373   -0.06063           -0.2188      -0.547            1.003      0.4933         0.08519          0.5815        0.5165     0.0105          0.2332
      0.3           5.624     2.5      10    0.03164    0.8328        0.326   -0.04814           -0.2059     -0.5148            1.005      0.4895         0.08311          0.5968        0.5038   0.009333          0.2509
      0.4           5.631     2.5      10    0.03118    0.8368       0.4551   -0.02223           -0.1794     -0.4486            1.013      0.4793         0.07784          0.6252        0.4787      0.008          0.2717
      0.6           5.645     2.5      10    0.02977    0.8424       0.6489    0.01678           -0.1393     -0.3483            1.022      0.4657         0.07142          0.6759        0.4358   0.006333          0.3313
      0.8           5.654     2.5      10    0.02865    0.8481       0.8402    0.05416           -0.1009     -0.2524            1.028      0.4508         0.06114          0.7275         0.389   0.005167          0.3803
        1           5.666     2.5      10    0.02768     0.854        1.017    0.09278          -0.06132     -0.1533             1.04      0.4352         0.05412          0.7902        0.3447     0.0045          0.5301
     1.25           5.684     2.5      10    0.02643    0.8631        1.266     0.1461         -0.006518    -0.01629            1.044      0.4102         0.03362          0.8677        0.2892   0.003333          0.7416
      1.5             5.7     2.5      10     0.0252    0.8706        1.515     0.1929           0.04159       0.104            1.055       0.395         0.02268          0.9513        0.2433      0.002          0.8787
        2           5.723     2.5      10    0.02232    0.8843        2.009     0.2849            0.1362      0.3405            1.067      0.3507               0           1.141        0.1625  0.0008333           1.501
      2.5           5.746     2.5      10    0.02075    0.8981        2.444     0.3627             0.216      0.5399            1.072      0.3172               0           1.323        0.1108  0.0003333           2.453
        3           5.774     2.5      10    0.01846    0.9128         2.93     0.4525            0.3083      0.7708             1.09      0.2733               0           1.585       0.06083  0.0001667           4.153

=== 1d P2|C|10
 edge_pct  trades_per_30d  mean_N  mean_L  liq_share  tp_share  drift_H_pct  gross_pct  net_notional_pct  eq_ret_pct  30d_median_mult  30d_p_loss  30d_mdd_median  1y_median_mult  1y_p_below50  1y_p_ruin  IS_median_mult
        0            5.79     2.5      10          0    0.7973      0.03946   -0.02207           -0.1635     -0.4088           0.9772      0.5743           0.123          0.6811        0.3532          0          0.3562
    0.025            5.79     2.5      10          0    0.7987      0.06647   -0.01421           -0.1556      -0.389           0.9778      0.5707           0.123          0.6921        0.3425          0          0.3562
     0.05           5.792     2.5      10          0    0.7995       0.1052  -0.009327           -0.1507     -0.3767           0.9778      0.5697           0.123          0.6985        0.3355          0          0.3616
    0.075           5.793     2.5      10          0    0.8002       0.1416  -0.006099           -0.1474     -0.3684           0.9778      0.5687           0.123          0.7037        0.3335          0          0.3614
      0.1           5.793     2.5      10          0    0.8007       0.1715  -0.003502           -0.1447     -0.3619           0.9778      0.5675           0.123          0.7062        0.3277          0          0.3815
     0.15           5.797     2.5      10          0    0.8023       0.2046   0.003409           -0.1377     -0.3442           0.9778      0.5647           0.123          0.7138        0.3182          0          0.4167
      0.2             5.8     2.5      10          0    0.8036       0.2551    0.01067           -0.1303     -0.3258           0.9778      0.5617           0.123          0.7237        0.3092          0          0.4265
      0.3           5.803     2.5      10          0    0.8058       0.3445    0.02197           -0.1188     -0.2971            0.983      0.5563           0.123          0.7408        0.2962          0          0.4186
      0.4           5.808     2.5      10          0    0.8097       0.4766    0.04173          -0.09873     -0.2468            0.996      0.5473           0.123          0.7661         0.271          0          0.4774
      0.6           5.817     2.5      10          0    0.8149       0.6682    0.06866          -0.07143     -0.1786           0.9976      0.5337           0.123          0.8054         0.237          0          0.5509
      0.8           5.822     2.5      10          0    0.8205       0.8587    0.09703          -0.04269     -0.1067           0.9986      0.5215           0.123          0.8488        0.2048          0          0.6059
        1           5.831     2.5      10          0    0.8259        1.034     0.1248          -0.01451    -0.03627           0.9993       0.508           0.123          0.8966        0.1727          0          0.7385
     1.25           5.841     2.5      10          0     0.834        1.282     0.1639           0.02536      0.0634            1.018      0.4832           0.123          0.9637        0.1355          0           0.939
      1.5           5.848     2.5      10          0    0.8419        1.539      0.202           0.06411      0.1603            1.021      0.4672           0.123           1.035         0.104          0           1.124
        2           5.861     2.5      10          0    0.8551        2.032       0.27            0.1331      0.3328            1.042      0.4308         0.08066           1.179         0.062          0           1.554
      2.5           5.874     2.5      10          0    0.8678         2.47     0.3307            0.1949      0.4873            1.044      0.3988         0.04413           1.332       0.03567          0           2.254
        3           5.889     2.5      10          0    0.8812         2.94     0.3974            0.2627      0.6567            1.066      0.3632               0           1.511        0.0155          0            3.29

=== 1d P3|A|10
 edge_pct  trades_per_30d  mean_N  mean_L  liq_share  tp_share  drift_H_pct  gross_pct  net_notional_pct  eq_ret_pct  30d_median_mult  30d_p_loss  30d_mdd_median  1y_median_mult  1y_p_below50  1y_p_ruin  IS_median_mult
        0           6.061       4      20    0.08909     0.896      0.04157    0.02102           -0.1469     -0.5876            1.031       0.455               0          0.5633        0.5287   0.008833          0.1838
    0.025            6.06       4      20    0.08863    0.8965      0.06698    0.02342           -0.1443     -0.5772            1.033      0.4538               0          0.5687        0.5215   0.008333          0.2077
     0.05            6.06       4      20    0.08825    0.8969       0.1029    0.02539           -0.1421     -0.5686            1.036      0.4528               0           0.571        0.5183      0.008          0.2152
    0.075            6.06       4      20    0.08801    0.8974       0.1424    0.02702           -0.1404     -0.5615            1.039      0.4515               0          0.5742        0.5145   0.007833           0.209
      0.1            6.06       4      20    0.08785    0.8976       0.1721    0.02787           -0.1394     -0.5577            1.039      0.4513               0          0.5751        0.5127   0.007667           0.209
     0.15           6.061       4      20    0.08753     0.898       0.2049     0.0296           -0.1375     -0.5501            1.042      0.4502               0          0.5785        0.5088     0.0075           0.209
      0.2           6.062       4      20    0.08681    0.8989       0.2543    0.03359           -0.1331     -0.5326            1.044      0.4475               0          0.5875        0.4992      0.007            0.22
      0.3           6.065       4      20    0.08585    0.9001        0.345    0.03937           -0.1268     -0.5074            1.045      0.4422               0          0.5993        0.4868     0.0065          0.2294
      0.4           6.067       4      20     0.0842     0.902       0.4696    0.04814           -0.1172     -0.4688            1.046      0.4353               0          0.6137        0.4688   0.005333          0.2323
      0.6           6.073       4      20    0.08233    0.9046        0.661    0.05891           -0.1054     -0.4217            1.046      0.4262               0          0.6408        0.4445   0.004167          0.2671
      0.8           6.078       4      20    0.08017    0.9075       0.8524    0.07176          -0.09141     -0.3657            1.046      0.4148               0          0.6798        0.4093   0.002667           0.281
        1            6.08       4      20    0.07783    0.9103         1.03    0.08438          -0.07756     -0.3103            1.046      0.4078               0          0.7136        0.3792   0.001833          0.3059
     1.25           6.085       4      20    0.07539    0.9136        1.275    0.09813          -0.06246     -0.2498            1.046      0.3942               0          0.7469        0.3482   0.001333          0.4203
      1.5           6.083       4      20    0.07262    0.9172        1.519     0.1139          -0.04522     -0.1809             1.06      0.3817               0          0.7865        0.3125     0.0005          0.4778
        2            6.09       4      20    0.06761    0.9238        2.007      0.143          -0.01343    -0.05371            1.062      0.3518               0           0.863        0.2472  0.0003333          0.6214
      2.5           6.098       4      20    0.06298    0.9299        2.461     0.1693           0.01536     0.06144            1.062      0.3297               0          0.9573        0.1953          0          0.8844
        3           6.098       4      20     0.0589    0.9353         2.93     0.1933           0.04155      0.1662            1.062      0.3047               0           1.043        0.1495          0           1.187

=== 1d P3|B|10
 edge_pct  trades_per_30d  mean_N  mean_L  liq_share  tp_share  drift_H_pct  gross_pct  net_notional_pct  eq_ret_pct  30d_median_mult  30d_p_loss  30d_mdd_median  1y_median_mult  1y_p_below50  1y_p_ruin  IS_median_mult
        0           6.062       4      20    0.08682    0.8958      0.03981    0.02137           -0.1456     -0.5823            1.031      0.4558               0          0.5676        0.5242   0.008833          0.1833
    0.025           6.061       4      20    0.08637    0.8964      0.06521    0.02377            -0.143     -0.5719            1.031      0.4547               0          0.5709        0.5168   0.008333          0.1969
     0.05           6.061       4      20    0.08598    0.8967       0.1011    0.02574           -0.1408     -0.5632            1.036      0.4537               0          0.5742        0.5138      0.008          0.2115
    0.075           6.062       4      20    0.08574    0.8972       0.1406    0.02736            -0.139     -0.5561            1.038      0.4523               0          0.5775        0.5103   0.007833          0.2029
      0.1           6.062       4      20    0.08559    0.8975       0.1703    0.02822           -0.1381     -0.5523            1.039      0.4522               0          0.5783        0.5085     0.0075          0.2029
     0.15           6.062       4      20    0.08526    0.8979       0.2031    0.02994           -0.1362     -0.5447            1.041       0.451               0          0.5821        0.5045   0.007333          0.2029
      0.2           6.064       4      20    0.08455    0.8987       0.2525    0.03394           -0.1318     -0.5272            1.044      0.4485               0          0.5911        0.4955   0.006833          0.2331
      0.3           6.066       4      20    0.08366       0.9       0.3432     0.0397           -0.1256     -0.5022            1.045      0.4432               0          0.6023        0.4833   0.006167          0.2371
      0.4           6.068       4      20    0.08201    0.9019       0.4677     0.0485           -0.1159     -0.4635            1.046      0.4365               0          0.6165        0.4647   0.004833          0.2377
      0.6           6.074       4      20    0.08015    0.9045       0.6591    0.05929           -0.1041     -0.4163            1.046      0.4273               0          0.6427        0.4408     0.0035          0.2664
      0.8            6.08       4      20     0.0783    0.9074       0.8505    0.07219          -0.09016     -0.3607            1.046      0.4157               0          0.6813        0.4057   0.002667          0.3007
        1           6.082       4      20    0.07604    0.9101        1.028    0.08478          -0.07638     -0.3055            1.046      0.4085               0          0.7163        0.3757   0.001833          0.3126
     1.25           6.085       4      20    0.07383    0.9135        1.273    0.09855          -0.06135     -0.2454            1.046      0.3945               0          0.7493        0.3448   0.001333          0.4166
      1.5           6.084       4      20    0.07115    0.9171        1.517     0.1144           -0.0441     -0.1764             1.06      0.3817               0          0.7906        0.3095     0.0005          0.4809
        2           6.091       4      20    0.06636    0.9238        2.005     0.1433           -0.0126    -0.05039            1.062       0.352               0          0.8676        0.2458  0.0003333          0.6243
      2.5           6.099       4      20    0.06204    0.9298        2.459     0.1696           0.01604     0.06417            1.062      0.3298               0          0.9594        0.1932          0          0.8952
        3           6.099       4      20    0.05804    0.9352        2.929     0.1936           0.04216      0.1686            1.062      0.3048               0           1.045         0.148          0           1.186

=== 1d P3|C|10
 edge_pct  trades_per_30d  mean_N  mean_L  liq_share  tp_share  drift_H_pct  gross_pct  net_notional_pct  eq_ret_pct  30d_median_mult  30d_p_loss  30d_mdd_median  1y_median_mult  1y_p_below50  1y_p_ruin  IS_median_mult
        0            6.18       4      20          0    0.8112      0.03286   -0.01556           -0.1467     -0.5868            0.974      0.6007          0.0968          0.6074        0.3945  0.0001667          0.2096
    0.025           6.179       4      20          0    0.8117      0.05649   -0.01414           -0.1453      -0.581            0.974      0.5998          0.0968          0.6089        0.3913  0.0001667          0.2143
     0.05           6.179       4      20          0    0.8121      0.09198   -0.01309           -0.1442     -0.5768            0.974      0.5987          0.0968          0.6096        0.3898  0.0001667          0.2186
    0.075            6.18       4      20          0    0.8126       0.1308   -0.01185           -0.1429     -0.5717            0.974      0.5978          0.0968          0.6126        0.3875  0.0001667          0.2212
      0.1            6.18       4      20          0    0.8125       0.1605   -0.01206           -0.1431     -0.5725            0.974      0.5978          0.0968           0.612        0.3882  0.0001667          0.2212
     0.15            6.18       4      20          0    0.8129       0.1928   -0.01102           -0.1421     -0.5682            0.974      0.5972          0.0968           0.615        0.3832  0.0001667          0.2265
      0.2           6.181       4      20          0    0.8139       0.2419  -0.008367           -0.1393     -0.5573            0.974      0.5947          0.0968          0.6202        0.3748  0.0001667          0.2278
      0.3           6.182       4      20          0    0.8152       0.3341  -0.004964           -0.1359     -0.5434            0.974      0.5933          0.0968          0.6266        0.3663  0.0001667          0.2376
      0.4           6.183       4      20          0    0.8167       0.4572 -0.0008741           -0.1317     -0.5267            0.974      0.5887          0.0968          0.6343        0.3518  0.0001667          0.2376
      0.6           6.184       4      20          0    0.8183       0.6511   0.003624           -0.1271     -0.5083            0.974      0.5828          0.0968           0.646        0.3325          0          0.2581
      0.8           6.186       4      20          0    0.8208       0.8418    0.01045           -0.1201     -0.4803            0.974       0.576          0.0968          0.6619         0.313          0          0.2673
        1           6.186       4      20          0    0.8236        1.022    0.01815           -0.1122     -0.4489            0.974      0.5683          0.0968          0.6757        0.2928          0          0.2778
     1.25           6.187       4      20          0    0.8263        1.269    0.02512           -0.1051     -0.4203            0.974      0.5628          0.0968          0.6889        0.2713          0           0.332
      1.5           6.186       4      20          0    0.8293        1.512    0.03339          -0.09664     -0.3866           0.9875       0.556          0.0968          0.7097        0.2518          0          0.3378
        2           6.187       4      20          0    0.8331        1.998    0.04367          -0.08612     -0.3445           0.9888      0.5402          0.0968          0.7319        0.2193          0          0.3781
      2.5           6.189       4      20          0    0.8371         2.46    0.05409          -0.07544     -0.3018           0.9888      0.5323          0.0968          0.7556        0.2033          0          0.4321
        3           6.187       4      20          0    0.8413        2.927    0.06623          -0.06305     -0.2522           0.9888      0.5162          0.0968          0.7859        0.1738          0          0.4985

=== 1d P3|B|30
 edge_pct  trades_per_30d  mean_N  mean_L  liq_share  tp_share  drift_H_pct  gross_pct  net_notional_pct  eq_ret_pct  30d_median_mult  30d_p_loss  30d_mdd_median  1y_median_mult  1y_p_below50  1y_p_ruin  IS_median_mult
        0           5.581       4      20     0.2261    0.7012      0.02389   -0.07328           -0.3223      -1.289           0.9299      0.6287          0.2052           0.274        0.8492     0.2077         0.02079
    0.025           5.582       4      20     0.2247    0.7028      0.04891   -0.06406           -0.3124      -1.249            0.931      0.6248          0.2052          0.2808        0.8437     0.1995         0.02079
     0.05           5.583       4      20     0.2235    0.7041      0.08903   -0.05624           -0.3039      -1.216           0.9313      0.6222          0.2052          0.2866        0.8378     0.1943         0.02396
    0.075           5.583       4      20     0.2224    0.7055       0.1255   -0.04887            -0.296      -1.184           0.9324      0.6192          0.2052          0.2958        0.8317     0.1873         0.02841
      0.1           5.583       4      20     0.2219    0.7062        0.156   -0.04522           -0.2921      -1.168           0.9324      0.6185          0.2052          0.2977        0.8283     0.1845         0.02841
     0.15           5.586       4      20     0.2202    0.7083       0.1901   -0.03347           -0.2794      -1.118           0.9328      0.6158          0.2052          0.3084        0.8205     0.1752         0.03495
      0.2           5.588       4      20     0.2191    0.7099       0.2387   -0.02548           -0.2708      -1.083           0.9331      0.6138          0.2052          0.3172        0.8143     0.1675         0.03785
      0.3           5.593       4      20     0.2157    0.7145       0.3281  -0.001272           -0.2448     -0.9792           0.9342      0.6043          0.2052          0.3416        0.7953     0.1498         0.04716
      0.4           5.595       4      20      0.212    0.7188       0.4573     0.0236           -0.2181     -0.8722           0.9352      0.5958          0.2052          0.3682        0.7757     0.1292          0.0548
      0.6           5.601       4      20     0.2066    0.7256       0.6521    0.06215           -0.1768      -0.707           0.9499       0.579          0.2052          0.4159        0.7408     0.1067         0.07472
      0.8           5.609       4      20     0.2012    0.7333       0.8503     0.1038           -0.1323     -0.5291           0.9758      0.5637          0.2052          0.4725        0.6938    0.08083          0.0997
        1           5.619       4      20     0.1946     0.742        1.027     0.1509          -0.08164     -0.3266           0.9831      0.5463           0.204          0.5439         0.639    0.05883          0.1452
     1.25           5.625       4      20     0.1869    0.7525        1.274     0.2073           -0.0212    -0.08481           0.9857      0.5238           0.204          0.6517         0.576    0.04217          0.2534
      1.5            5.63       4      20     0.1801    0.7619        1.525     0.2594           0.03453      0.1381           0.9869      0.5058           0.204           0.761        0.5083    0.02817          0.4922
        2           5.644       4      20     0.1654    0.7801        2.026     0.3622            0.1449      0.5797            1.038      0.4585           0.204           1.068        0.3818     0.0115           1.107
      2.5           5.664       4      20     0.1535    0.7971        2.475      0.454            0.2432      0.9728            1.055      0.4172           0.204             1.4         0.277      0.004           2.786
        3           5.685       4      20     0.1397    0.8163        2.944     0.5557            0.3523       1.409            1.096      0.3737           0.204           1.941        0.1743      0.001           5.735

=== 1d P3|B|100
 edge_pct  trades_per_30d  mean_N  mean_L  liq_share  tp_share  drift_H_pct  gross_pct  net_notional_pct  eq_ret_pct  30d_median_mult  30d_p_loss  30d_mdd_median  1y_median_mult  1y_p_below50  1y_p_ruin  IS_median_mult
        0           4.727       4      20     0.3792    0.3402      0.04524    0.02712           -0.3341      -1.337           0.8874      0.6303          0.2772          0.1959        0.8923     0.3983          0.0108
    0.025           4.726       4      20     0.3778    0.3413      0.06932    0.04182           -0.3188      -1.275           0.8922      0.6277          0.2752          0.2025        0.8878     0.3868           0.011
     0.05           4.726       4      20     0.3757    0.3431       0.1115     0.0629           -0.2968      -1.187            0.897      0.6217          0.2722          0.2112         0.882     0.3737         0.01209
    0.075           4.726       4      20     0.3738     0.345       0.1535     0.0838            -0.275        -1.1           0.8992      0.6168          0.2695          0.2213        0.8727     0.3625         0.01323
      0.1           4.725       4      20     0.3727    0.3462       0.1835    0.09687           -0.2614      -1.045           0.9006      0.6138          0.2675          0.2309        0.8687     0.3553         0.01373
     0.15           4.725       4      20     0.3704    0.3484       0.2181     0.1237           -0.2335     -0.9339           0.9019      0.6085          0.2639          0.2494        0.8585     0.3362         0.01642
      0.2           4.725       4      20     0.3681    0.3507       0.2637      0.149           -0.2071     -0.8283           0.9038      0.6033          0.2593           0.266        0.8478     0.3188         0.01741
      0.3           4.725       4      20     0.3632    0.3554       0.3692     0.2055           -0.1482     -0.5927           0.9133      0.5933          0.2495          0.3049        0.8257     0.2863         0.03328
      0.4           4.724       4      20     0.3571    0.3612       0.4951     0.2727          -0.07811     -0.3124           0.9282      0.5787          0.2473          0.3509        0.7975     0.2457          0.0468
      0.6           4.723       4      20      0.348    0.3694       0.6952     0.3701           0.02353     0.09411           0.9474      0.5573           0.245           0.449         0.753     0.2028          0.1088
      0.8           4.723       4      20      0.339    0.3784       0.8976     0.4709            0.1286      0.5146           0.9581      0.5352          0.2388          0.5699        0.6963      0.154          0.1747
        1           4.719       4      20     0.3295    0.3869        1.081     0.5724            0.2346      0.9384           0.9829      0.5128          0.2228          0.7194        0.6365      0.114          0.3833
     1.25           4.716       4      20     0.3167    0.3995         1.34     0.7159            0.3842       1.537            1.018      0.4813          0.2076           1.029        0.5515    0.07217           1.036
      1.5           4.713       4      20      0.305    0.4104        1.604     0.8444            0.5181       2.072            1.041      0.4552          0.2076           1.386        0.4763    0.04533           3.045
        2           4.712       4      20     0.2816    0.4325        2.091      1.105              0.79        3.16              1.1      0.3972          0.2064           2.627        0.3263      0.016           14.04
      2.5            4.71       4      20     0.2611    0.4519        2.563      1.343             1.038       4.151            1.141      0.3537          0.2052           4.665        0.2145     0.0045           91.29
        3           4.709       4      20     0.2386    0.4736        3.021       1.59             1.295        5.18            1.207      0.3078           0.204           8.544        0.1287     0.0015             525

=== 1d P4|A|10
 edge_pct  trades_per_30d  mean_N  mean_L  liq_share  tp_share  drift_H_pct  gross_pct  net_notional_pct  eq_ret_pct  30d_median_mult  30d_p_loss  30d_mdd_median  1y_median_mult  1y_p_below50  1y_p_ruin  IS_median_mult
        0           6.239      20      50     0.1919    0.8081      0.03061    -0.1263           -0.3386      -6.772           0.6279      0.6972            0.42        0.001167        0.9997     0.9938       1.748e-09
    0.025           6.239      20      50     0.1917    0.8083      0.05446    -0.1259           -0.3381      -6.762           0.6279      0.6967            0.42        0.001172        0.9997     0.9937       1.748e-09
     0.05           6.239      20      50     0.1915    0.8085      0.08962    -0.1255           -0.3376      -6.752           0.6279      0.6962            0.42        0.001186        0.9997     0.9933       1.858e-09
    0.075           6.239      20      50     0.1917    0.8083       0.1279    -0.1259           -0.3381      -6.762           0.6279       0.698            0.42        0.001172        0.9997     0.9932       1.442e-09
      0.1           6.239      20      50     0.1919    0.8081       0.1573    -0.1262           -0.3384      -6.769           0.6279      0.6985            0.42        0.001167        0.9997     0.9932       1.858e-09
     0.15           6.239      20      50     0.1918    0.8082       0.1894    -0.1261           -0.3383      -6.765           0.6279      0.6983            0.42        0.001167        0.9997     0.9933       1.585e-09
      0.2           6.239      20      50     0.1914    0.8086       0.2386    -0.1254           -0.3374      -6.749           0.6279      0.6968            0.42        0.001179        0.9997     0.9935       1.442e-09
      0.3            6.24      20      50     0.1913    0.8087       0.3303    -0.1252           -0.3372      -6.744           0.6279      0.6972            0.42        0.001186        0.9997     0.9935       1.477e-09
      0.4            6.24      20      50      0.191     0.809        0.452    -0.1247           -0.3366      -6.731           0.6279      0.6955            0.42        0.001199        0.9997     0.9938       1.919e-09
      0.6            6.24      20      50     0.1922    0.8078       0.6437    -0.1268           -0.3392      -6.784           0.6279      0.6977            0.42        0.001167        0.9998     0.9947       1.903e-09
      0.8           6.241      20      50     0.1928    0.8072       0.8346    -0.1278           -0.3405      -6.809           0.6279      0.6968            0.42        0.001133        0.9998     0.9947       1.744e-09
        1           6.241      20      50      0.192     0.808        1.012    -0.1263           -0.3386      -6.772           0.6279      0.6952            0.42        0.001167        0.9998     0.9947       1.781e-09
     1.25           6.241      20      50     0.1924    0.8076        1.258    -0.1271           -0.3396      -6.792           0.6279       0.698            0.42        0.001167        0.9998     0.9945       1.781e-09
      1.5           6.241      20      50     0.1921    0.8079        1.502    -0.1266           -0.3389      -6.778           0.6279      0.6967            0.42        0.001167        0.9998     0.9943       2.023e-09
        2           6.242      20      50     0.1931    0.8069        1.987    -0.1282            -0.341       -6.82           0.6279      0.6962            0.42        0.001095             1     0.9937       1.641e-09
      2.5           6.242      20      50     0.1936    0.8064        2.449    -0.1291           -0.3422      -6.843           0.6279      0.6988            0.42        0.001095             1      0.994       1.544e-09
        3           6.242      20      50     0.1937    0.8063        2.919    -0.1293           -0.3423      -6.846           0.6279      0.6992            0.42        0.001095             1     0.9937       1.553e-09

=== 1d P4|B|10
 edge_pct  trades_per_30d  mean_N  mean_L  liq_share  tp_share  drift_H_pct  gross_pct  net_notional_pct  eq_ret_pct  30d_median_mult  30d_p_loss  30d_mdd_median  1y_median_mult  1y_p_below50  1y_p_ruin  IS_median_mult
        0           6.239      20      50     0.1919    0.8081      0.03061    -0.1263           -0.3386      -6.772           0.6279      0.6972            0.42        0.001167        0.9997     0.9938       1.748e-09
    0.025           6.239      20      50     0.1917    0.8083      0.05446    -0.1259           -0.3381      -6.762           0.6279      0.6967            0.42        0.001172        0.9997     0.9937       1.748e-09
     0.05           6.239      20      50     0.1915    0.8085      0.08962    -0.1255           -0.3376      -6.752           0.6279      0.6962            0.42        0.001186        0.9997     0.9933       1.858e-09
    0.075           6.239      20      50     0.1917    0.8083       0.1279    -0.1259           -0.3381      -6.762           0.6279       0.698            0.42        0.001172        0.9997     0.9932       1.442e-09
      0.1           6.239      20      50     0.1919    0.8081       0.1573    -0.1262           -0.3384      -6.769           0.6279      0.6985            0.42        0.001167        0.9997     0.9932       1.858e-09
     0.15           6.239      20      50     0.1918    0.8082       0.1894    -0.1261           -0.3383      -6.765           0.6279      0.6983            0.42        0.001167        0.9997     0.9933       1.585e-09
      0.2           6.239      20      50     0.1914    0.8086       0.2386    -0.1254           -0.3374      -6.749           0.6279      0.6968            0.42        0.001179        0.9997     0.9935       1.442e-09
      0.3            6.24      20      50     0.1913    0.8087       0.3303    -0.1252           -0.3372      -6.744           0.6279      0.6972            0.42        0.001186        0.9997     0.9935       1.477e-09
      0.4            6.24      20      50      0.191     0.809        0.452    -0.1247           -0.3366      -6.731           0.6279      0.6955            0.42        0.001199        0.9997     0.9938       1.919e-09
      0.6            6.24      20      50     0.1922    0.8078       0.6437    -0.1268           -0.3392      -6.784           0.6279      0.6977            0.42        0.001167        0.9998     0.9947       1.903e-09
      0.8           6.241      20      50     0.1928    0.8072       0.8346    -0.1278           -0.3405      -6.809           0.6279      0.6968            0.42        0.001133        0.9998     0.9947       1.744e-09
        1           6.241      20      50      0.192     0.808        1.012    -0.1263           -0.3386      -6.772           0.6279      0.6952            0.42        0.001167        0.9998     0.9947       1.781e-09
     1.25           6.241      20      50     0.1924    0.8076        1.258    -0.1271           -0.3396      -6.792           0.6279       0.698            0.42        0.001167        0.9998     0.9945       1.781e-09
      1.5           6.241      20      50     0.1921    0.8079        1.502    -0.1266           -0.3389      -6.778           0.6279      0.6967            0.42        0.001167        0.9998     0.9943       2.023e-09
        2           6.242      20      50     0.1931    0.8069        1.987    -0.1282            -0.341       -6.82           0.6279      0.6962            0.42        0.001095             1     0.9937       1.641e-09
      2.5           6.242      20      50     0.1936    0.8064        2.449    -0.1291           -0.3422      -6.843           0.6279      0.6988            0.42        0.001095             1      0.994       1.544e-09
        3           6.242      20      50     0.1937    0.8063        2.919    -0.1293           -0.3423      -6.846           0.6279      0.6992            0.42        0.001095             1     0.9937       1.553e-09

=== 1d P4|C|10
 edge_pct  trades_per_30d  mean_N  mean_L  liq_share  tp_share  drift_H_pct  gross_pct  net_notional_pct  eq_ret_pct  30d_median_mult  30d_p_loss  30d_mdd_median  1y_median_mult  1y_p_below50  1y_p_ruin  IS_median_mult
        0           6.246      20      50          0    0.6543      0.02958    -0.1284           -0.2657      -5.314           0.7095      0.8908          0.3235          0.0113             1     0.9898       1.913e-06
    0.025           6.246      20      50          0    0.6539      0.05341    -0.1288           -0.2662      -5.323           0.7095      0.8907          0.3235         0.01118             1       0.99       1.856e-06
     0.05           6.246      20      50          0     0.654      0.08852    -0.1287            -0.266       -5.32           0.7095      0.8897          0.3235         0.01118             1     0.9898       2.033e-06
    0.075           6.246      20      50          0    0.6531       0.1268    -0.1295           -0.2669      -5.338           0.7095      0.8912          0.3235         0.01101             1     0.9897       1.982e-06
      0.1           6.246      20      50          0    0.6529       0.1562    -0.1298           -0.2671      -5.343           0.7095      0.8917          0.3235         0.01098             1     0.9902       1.796e-06
     0.15           6.246      20      50          0    0.6524       0.1882    -0.1303           -0.2677      -5.353           0.7095       0.892          0.3235         0.01084             1      0.991       1.796e-06
      0.2           6.246      20      50          0    0.6527       0.2374      -0.13           -0.2674      -5.347           0.7095      0.8925          0.3235         0.01084             1     0.9913       1.685e-06
      0.3           6.246      20      50          0    0.6513       0.3294    -0.1313           -0.2687      -5.374           0.7095      0.8932          0.3235         0.01066             1      0.992       1.586e-06
      0.4           6.246      20      50          0    0.6505        0.451     -0.132           -0.2695      -5.391           0.7095      0.8933          0.3235         0.01053             1     0.9918       1.863e-06
      0.6           6.246      20      50          0    0.6474       0.6426     -0.135           -0.2726      -5.452           0.7095      0.8957          0.3235        0.009881             1     0.9928       1.433e-06
      0.8           6.246      20      50          0    0.6454       0.8334    -0.1368           -0.2746      -5.491           0.7095      0.8943          0.3235        0.009543             1     0.9938       1.175e-06
        1           6.246      20      50          0    0.6438        1.012    -0.1384           -0.2762      -5.524           0.7095       0.894          0.3235        0.009245             1     0.9942       9.377e-07
     1.25           6.246      20      50          0    0.6405        1.258    -0.1415           -0.2795      -5.591           0.7095      0.8987          0.3235        0.008842             1     0.9945       8.458e-07
      1.5           6.246      20      50          0    0.6385        1.503    -0.1435           -0.2816      -5.631           0.7095      0.9022          0.3235        0.008456             1     0.9952       7.949e-07
        2           6.246      20      50          0    0.6331        1.988    -0.1485           -0.2869      -5.738           0.6983      0.9005          0.3235        0.007888             1     0.9952       7.343e-07
      2.5           6.246      20      50          0    0.6304        2.449    -0.1511           -0.2896      -5.792           0.6983       0.903          0.3341        0.007665             1     0.9962       6.385e-07
        3           6.246      20      50          0    0.6252        2.919     -0.156           -0.2948      -5.896           0.6983      0.9042          0.3341        0.006989             1     0.9973       4.112e-07

=== 1d P4|B|100
 edge_pct  trades_per_30d  mean_N  mean_L  liq_share  tp_share  drift_H_pct  gross_pct  net_notional_pct  eq_ret_pct  30d_median_mult  30d_p_loss  30d_mdd_median  1y_median_mult  1y_p_below50  1y_p_ruin  IS_median_mult
        0           5.963      20      50     0.5554    0.4293       0.0202    0.02943           -0.3648      -7.295           0.3973      0.8187          0.7315       6.107e-06        0.9998     0.9988       5.328e-16
    0.025           5.963      20      50     0.5541    0.4306      0.04155    0.03412           -0.3594      -7.188           0.3997      0.8178          0.7315       6.438e-06        0.9998     0.9988       7.548e-16
     0.05           5.962      20      50     0.5533    0.4313      0.07786    0.03672           -0.3565      -7.129           0.4015      0.8168          0.7315       6.789e-06        0.9998     0.9987        9.44e-16
    0.075           5.962      20      50     0.5521    0.4325       0.1138    0.04085           -0.3518      -7.035           0.4015      0.8147          0.7315       7.115e-06        0.9998     0.9983        1.31e-15
      0.1           5.962      20      50     0.5517     0.433       0.1439     0.0426           -0.3498      -6.996           0.4015      0.8148          0.7315       7.424e-06        0.9998     0.9983       2.008e-15
     0.15           5.962      20      50       0.55    0.4346       0.1762     0.0484           -0.3432      -6.864           0.4039      0.8122          0.7315       8.419e-06             1     0.9978       3.193e-15
      0.2           5.962      20      50     0.5486    0.4359       0.2262    0.05311           -0.3378      -6.757           0.4039      0.8097          0.7315       9.367e-06             1     0.9977       2.611e-15
      0.3           5.962      20      50     0.5447    0.4398       0.3215    0.06681           -0.3223      -6.446           0.4057      0.8033          0.7315       1.214e-05             1     0.9972       5.227e-15
      0.4           5.961      20      50     0.5417    0.4427       0.4394    0.07709           -0.3106      -6.212           0.4417      0.7987          0.7315       1.434e-05        0.9998      0.997        6.03e-15
      0.6           5.959      20      50      0.537    0.4474       0.6294    0.09384           -0.2916      -5.832           0.4581      0.7918          0.7315       1.927e-05        0.9998      0.997       1.394e-14
      0.8           5.956      20      50     0.5313    0.4531       0.8212      0.114           -0.2687      -5.375           0.4629      0.7857          0.7082       2.958e-05        0.9997     0.9952        3.21e-14
        1           5.953      20      50     0.5235    0.4608        1.002     0.1413           -0.2377      -4.755           0.4629      0.7747           0.674       4.531e-05        0.9995     0.9937       8.161e-14
     1.25           5.955      20      50     0.5157    0.4686        1.254     0.1688           -0.2066      -4.131           0.5017      0.7603          0.6671       7.028e-05        0.9987     0.9875       3.163e-13
      1.5           5.954      20      50      0.508     0.476        1.507     0.1956            -0.176      -3.521           0.5061      0.7453          0.6671       0.0001162        0.9977      0.984       1.237e-12
        2           5.954      20      50     0.4953    0.4888        1.999     0.2409           -0.1247      -2.494           0.5267      0.7223          0.6636       0.0002611        0.9955     0.9765       2.329e-11
      2.5           5.951      20      50     0.4837    0.5001        2.472     0.2819          -0.07818      -1.564           0.5707      0.7008          0.6636       0.0005134        0.9927     0.9637       1.802e-10
        3           5.949      20      50     0.4688    0.5146         2.95     0.3344           -0.0187      -0.374           0.6342      0.6797          0.6636        0.001304         0.985     0.9357       1.514e-09

=== 1d P5|A|10
 edge_pct  trades_per_30d  mean_N  mean_L  liq_share  tp_share  drift_H_pct  gross_pct  net_notional_pct  eq_ret_pct  30d_median_mult  30d_p_loss  30d_mdd_median  1y_median_mult  1y_p_below50  1y_p_ruin  IS_median_mult
        0           6.061       4      20    0.08909     0.896      0.04157    0.02102           -0.1469     -0.5876            1.031       0.455               0          0.5633        0.5287   0.008833          0.1838
    0.025            6.06       4      20    0.08863    0.8965      0.06698    0.02342           -0.1443     -0.5772            1.033      0.4538               0          0.5687        0.5215   0.008333          0.2077
     0.05            6.06       4      20    0.08825    0.8969       0.1029    0.02539           -0.1421     -0.5686            1.036      0.4528               0           0.571        0.5183      0.008          0.2152
    0.075            6.06       4      20    0.08801    0.8974       0.1424    0.02702           -0.1404     -0.5615            1.039      0.4515               0          0.5742        0.5145   0.007833           0.209
      0.1            6.06       4      20    0.08785    0.8976       0.1721    0.02787           -0.1394     -0.5577            1.039      0.4513               0          0.5751        0.5127   0.007667           0.209
     0.15           6.061       4      20    0.08753     0.898       0.2049     0.0296           -0.1375     -0.5501            1.042      0.4502               0          0.5785        0.5088     0.0075           0.209
      0.2           6.062       4      20    0.08681    0.8989       0.2543    0.03359           -0.1331     -0.5326            1.044      0.4475               0          0.5875        0.4992      0.007            0.22
      0.3           6.065       4      20    0.08585    0.9001        0.345    0.03937           -0.1268     -0.5074            1.045      0.4422               0          0.5993        0.4868     0.0065          0.2294
      0.4           6.067       4      20     0.0842     0.902       0.4696    0.04814           -0.1172     -0.4688            1.046      0.4353               0          0.6137        0.4688   0.005333          0.2323
      0.6           6.073       4      20    0.08233    0.9046        0.661    0.05891           -0.1054     -0.4217            1.046      0.4262               0          0.6408        0.4445   0.004167          0.2671
      0.8           6.078       4      20    0.08017    0.9075       0.8524    0.07176          -0.09141     -0.3657            1.046      0.4148               0          0.6798        0.4093   0.002667           0.281
        1            6.08       4      20    0.07783    0.9103         1.03    0.08438          -0.07756     -0.3103            1.046      0.4078               0          0.7136        0.3792   0.001833          0.3059
     1.25           6.085       4      20    0.07539    0.9136        1.275    0.09813          -0.06246     -0.2498            1.046      0.3942               0          0.7469        0.3482   0.001333          0.4203
      1.5           6.083       4      20    0.07262    0.9172        1.519     0.1139          -0.04522     -0.1809             1.06      0.3817               0          0.7865        0.3125     0.0005          0.4778
        2            6.09       4      20    0.06761    0.9238        2.007      0.143          -0.01343    -0.05371            1.062      0.3518               0           0.863        0.2472  0.0003333          0.6214
      2.5           6.098       4      20    0.06298    0.9299        2.461     0.1693           0.01536     0.06144            1.062      0.3297               0          0.9573        0.1953          0          0.8844
        3           6.098       4      20     0.0589    0.9353         2.93     0.1933           0.04155      0.1662            1.062      0.3047               0           1.043        0.1495          0           1.187

=== 1d P5|B|10
 edge_pct  trades_per_30d  mean_N  mean_L  liq_share  tp_share  drift_H_pct  gross_pct  net_notional_pct  eq_ret_pct  30d_median_mult  30d_p_loss  30d_mdd_median  1y_median_mult  1y_p_below50  1y_p_ruin  IS_median_mult
        0           6.062       4      20    0.08682    0.8958      0.03981    0.02137           -0.1456     -0.5823            1.031      0.4558               0          0.5676        0.5242   0.008833          0.1833
    0.025           6.061       4      20    0.08637    0.8964      0.06521    0.02377            -0.143     -0.5719            1.031      0.4547               0          0.5709        0.5168   0.008333          0.1969
     0.05           6.061       4      20    0.08598    0.8967       0.1011    0.02574           -0.1408     -0.5632            1.036      0.4537               0          0.5742        0.5138      0.008          0.2115
    0.075           6.062       4      20    0.08574    0.8972       0.1406    0.02736            -0.139     -0.5561            1.038      0.4523               0          0.5775        0.5103   0.007833          0.2029
      0.1           6.062       4      20    0.08559    0.8975       0.1703    0.02822           -0.1381     -0.5523            1.039      0.4522               0          0.5783        0.5085     0.0075          0.2029
     0.15           6.062       4      20    0.08526    0.8979       0.2031    0.02994           -0.1362     -0.5447            1.041       0.451               0          0.5821        0.5045   0.007333          0.2029
      0.2           6.064       4      20    0.08455    0.8987       0.2525    0.03394           -0.1318     -0.5272            1.044      0.4485               0          0.5911        0.4955   0.006833          0.2331
      0.3           6.066       4      20    0.08366       0.9       0.3432     0.0397           -0.1256     -0.5022            1.045      0.4432               0          0.6023        0.4833   0.006167          0.2371
      0.4           6.068       4      20    0.08201    0.9019       0.4677     0.0485           -0.1159     -0.4635            1.046      0.4365               0          0.6165        0.4647   0.004833          0.2377
      0.6           6.074       4      20    0.08015    0.9045       0.6591    0.05929           -0.1041     -0.4163            1.046      0.4273               0          0.6427        0.4408     0.0035          0.2664
      0.8            6.08       4      20     0.0783    0.9074       0.8505    0.07219          -0.09016     -0.3607            1.046      0.4157               0          0.6813        0.4057   0.002667          0.3007
        1           6.082       4      20    0.07604    0.9101        1.028    0.08478          -0.07638     -0.3055            1.046      0.4085               0          0.7163        0.3757   0.001833          0.3126
     1.25           6.085       4      20    0.07383    0.9135        1.273    0.09855          -0.06135     -0.2454            1.046      0.3945               0          0.7493        0.3448   0.001333          0.4166
      1.5           6.084       4      20    0.07115    0.9171        1.517     0.1144           -0.0441     -0.1764             1.06      0.3817               0          0.7906        0.3095     0.0005          0.4809
        2           6.091       4      20    0.06636    0.9238        2.005     0.1433           -0.0126    -0.05039            1.062       0.352               0          0.8676        0.2458  0.0003333          0.6243
      2.5           6.099       4      20    0.06204    0.9298        2.459     0.1696           0.01604     0.06417            1.062      0.3298               0          0.9594        0.1932          0          0.8952
        3           6.099       4      20    0.05804    0.9352        2.929     0.1936           0.04216      0.1686            1.062      0.3048               0           1.045         0.148          0           1.186

=== 1d P5|C|10
 edge_pct  trades_per_30d  mean_N  mean_L  liq_share  tp_share  drift_H_pct  gross_pct  net_notional_pct  eq_ret_pct  30d_median_mult  30d_p_loss  30d_mdd_median  1y_median_mult  1y_p_below50  1y_p_ruin  IS_median_mult
        0            6.18       4      20          0    0.8112      0.03286   -0.01556           -0.1467     -0.5868            0.974      0.6007          0.0968          0.6074        0.3945  0.0001667          0.2096
    0.025           6.179       4      20          0    0.8117      0.05649   -0.01414           -0.1453      -0.581            0.974      0.5998          0.0968          0.6089        0.3913  0.0001667          0.2143
     0.05           6.179       4      20          0    0.8121      0.09198   -0.01309           -0.1442     -0.5768            0.974      0.5987          0.0968          0.6096        0.3898  0.0001667          0.2186
    0.075            6.18       4      20          0    0.8126       0.1308   -0.01185           -0.1429     -0.5717            0.974      0.5978          0.0968          0.6126        0.3875  0.0001667          0.2212
      0.1            6.18       4      20          0    0.8125       0.1605   -0.01206           -0.1431     -0.5725            0.974      0.5978          0.0968           0.612        0.3882  0.0001667          0.2212
     0.15            6.18       4      20          0    0.8129       0.1928   -0.01102           -0.1421     -0.5682            0.974      0.5972          0.0968           0.615        0.3832  0.0001667          0.2265
      0.2           6.181       4      20          0    0.8139       0.2419  -0.008367           -0.1393     -0.5573            0.974      0.5947          0.0968          0.6202        0.3748  0.0001667          0.2278
      0.3           6.182       4      20          0    0.8152       0.3341  -0.004964           -0.1359     -0.5434            0.974      0.5933          0.0968          0.6266        0.3663  0.0001667          0.2376
      0.4           6.183       4      20          0    0.8167       0.4572 -0.0008741           -0.1317     -0.5267            0.974      0.5887          0.0968          0.6343        0.3518  0.0001667          0.2376
      0.6           6.184       4      20          0    0.8183       0.6511   0.003624           -0.1271     -0.5083            0.974      0.5828          0.0968           0.646        0.3325          0          0.2581
      0.8           6.186       4      20          0    0.8208       0.8418    0.01045           -0.1201     -0.4803            0.974       0.576          0.0968          0.6619         0.313          0          0.2673
        1           6.186       4      20          0    0.8236        1.022    0.01815           -0.1122     -0.4489            0.974      0.5683          0.0968          0.6757        0.2928          0          0.2778
     1.25           6.187       4      20          0    0.8263        1.269    0.02512           -0.1051     -0.4203            0.974      0.5628          0.0968          0.6889        0.2713          0           0.332
      1.5           6.186       4      20          0    0.8293        1.512    0.03339          -0.09664     -0.3866           0.9875       0.556          0.0968          0.7097        0.2518          0          0.3378
        2           6.187       4      20          0    0.8331        1.998    0.04367          -0.08612     -0.3445           0.9888      0.5402          0.0968          0.7319        0.2193          0          0.3781
      2.5           6.189       4      20          0    0.8371         2.46    0.05409          -0.07544     -0.3018           0.9888      0.5323          0.0968          0.7556        0.2033          0          0.4321
        3           6.187       4      20          0    0.8413        2.927    0.06623          -0.06305     -0.2522           0.9888      0.5162          0.0968          0.7859        0.1738          0          0.4985

=== 1d P5|B|100
 edge_pct  trades_per_30d  mean_N  mean_L  liq_share  tp_share  drift_H_pct  gross_pct  net_notional_pct  eq_ret_pct  30d_median_mult  30d_p_loss  30d_mdd_median  1y_median_mult  1y_p_below50  1y_p_ruin  IS_median_mult
        0           4.727       4      20     0.3792    0.3402      0.04524    0.02712           -0.3341      -1.337           0.8874      0.6303          0.2772          0.1959        0.8923     0.3983          0.0108
    0.025           4.726       4      20     0.3778    0.3413      0.06932    0.04182           -0.3188      -1.275           0.8922      0.6277          0.2752          0.2025        0.8878     0.3868           0.011
     0.05           4.726       4      20     0.3757    0.3431       0.1115     0.0629           -0.2968      -1.187            0.897      0.6217          0.2722          0.2112         0.882     0.3737         0.01209
    0.075           4.726       4      20     0.3738     0.345       0.1535     0.0838            -0.275        -1.1           0.8992      0.6168          0.2695          0.2213        0.8727     0.3625         0.01323
      0.1           4.725       4      20     0.3727    0.3462       0.1835    0.09687           -0.2614      -1.045           0.9006      0.6138          0.2675          0.2309        0.8687     0.3553         0.01373
     0.15           4.725       4      20     0.3704    0.3484       0.2181     0.1237           -0.2335     -0.9339           0.9019      0.6085          0.2639          0.2494        0.8585     0.3362         0.01642
      0.2           4.725       4      20     0.3681    0.3507       0.2637      0.149           -0.2071     -0.8283           0.9038      0.6033          0.2593           0.266        0.8478     0.3188         0.01741
      0.3           4.725       4      20     0.3632    0.3554       0.3692     0.2055           -0.1482     -0.5927           0.9133      0.5933          0.2495          0.3049        0.8257     0.2863         0.03328
      0.4           4.724       4      20     0.3571    0.3612       0.4951     0.2727          -0.07811     -0.3124           0.9282      0.5787          0.2473          0.3509        0.7975     0.2457          0.0468
      0.6           4.723       4      20      0.348    0.3694       0.6952     0.3701           0.02353     0.09411           0.9474      0.5573           0.245           0.449         0.753     0.2028          0.1088
      0.8           4.723       4      20      0.339    0.3784       0.8976     0.4709            0.1286      0.5146           0.9581      0.5352          0.2388          0.5699        0.6963      0.154          0.1747
        1           4.719       4      20     0.3295    0.3869        1.081     0.5724            0.2346      0.9384           0.9829      0.5128          0.2228          0.7194        0.6365      0.114          0.3833
     1.25           4.716       4      20     0.3167    0.3995         1.34     0.7159            0.3842       1.537            1.018      0.4813          0.2076           1.029        0.5515    0.07217           1.036
      1.5           4.713       4      20      0.305    0.4104        1.604     0.8444            0.5181       2.072            1.041      0.4552          0.2076           1.386        0.4763    0.04533           3.045
        2           4.712       4      20     0.2816    0.4325        2.091      1.105              0.79        3.16              1.1      0.3972          0.2064           2.627        0.3263      0.016           14.04
      2.5            4.71       4      20     0.2611    0.4519        2.563      1.343             1.038       4.151            1.141      0.3537          0.2052           4.665        0.2145     0.0045           91.29
        3           4.709       4      20     0.2386    0.4736        3.021       1.59             1.295        5.18            1.207      0.3078           0.204           8.544        0.1287     0.0015             525

=== 1d P5c|A|10
 edge_pct  trades_per_30d  mean_N  mean_L  liq_share  tp_share  drift_H_pct  gross_pct  net_notional_pct  eq_ret_pct  30d_median_mult  30d_p_loss  30d_mdd_median  1y_median_mult  1y_p_below50  1y_p_ruin  IS_median_mult
        0           6.061       4      20    0.08909     0.896      0.04157    0.02102           -0.1469     -0.5876            1.031       0.455               0          0.5633        0.5287   0.008833          0.1838
    0.025            6.06   4.019      20    0.08863    0.8965      0.06698    0.02342           -0.1443     -0.5736            1.033      0.4538               0          0.5687        0.5218   0.008667          0.2108
     0.05            6.06   4.038      20    0.08825    0.8969       0.1029    0.02539           -0.1421     -0.5627            1.037      0.4528               0           0.573        0.5185   0.008667          0.2141
    0.075            6.06    4.06      20    0.08801    0.8974       0.1424    0.02702           -0.1404     -0.5524            1.041      0.4513               0          0.5775        0.5138   0.008667          0.1895
      0.1            6.06    4.08      20    0.08785    0.8976       0.1721    0.02787           -0.1394     -0.5447            1.042       0.451               0          0.5803        0.5115   0.008333          0.1854
     0.15           6.061   4.113      20    0.08753     0.898       0.2049     0.0296           -0.1375     -0.5246            1.044      0.4493               0          0.5877        0.5032   0.008167          0.1903
      0.2           6.062   4.154      20    0.08681    0.8989       0.2543    0.03359           -0.1331     -0.4982            1.045      0.4463               0          0.5982        0.4928     0.0075          0.2004
      0.3           6.065   4.229      20    0.08585    0.9001        0.345    0.03937           -0.1268     -0.4601            1.046       0.441               0           0.611        0.4842   0.008667          0.2172
      0.4           6.067   4.304      20     0.0842     0.902       0.4696    0.04814           -0.1172     -0.4049            1.046      0.4327               0          0.6364        0.4623   0.006833          0.2466
      0.6           6.073   4.441      20    0.08233    0.9046        0.661    0.05891           -0.1054     -0.3216            1.046      0.4213               0           0.677         0.429   0.006333          0.3393
      0.8           6.078    4.58      20    0.08017    0.9075       0.8524    0.07176          -0.09141     -0.2314            1.058        0.41               0          0.7317        0.3907   0.004833          0.3644
        1            6.08   4.726      20    0.07783    0.9103         1.03    0.08438          -0.07756     -0.1411            1.062      0.4018               0          0.7838        0.3605   0.004333           0.428
     1.25           6.085   4.904      20    0.07539    0.9136        1.275    0.09813          -0.06246    -0.03707            1.062      0.3882               0          0.8472        0.3345     0.0045          0.6106
      1.5           6.083   5.073      20    0.07262    0.9172        1.519     0.1139          -0.04522     0.08207            1.074      0.3737               0          0.9276        0.3005     0.0025          0.7532
        2            6.09   5.424      20    0.06761    0.9238        2.007      0.143          -0.01343      0.2856            1.078      0.3422               0           1.059        0.2597   0.002833           1.142
      2.5           6.098   5.783      20    0.06298    0.9299        2.461     0.1693           0.01536      0.4725            1.094      0.3202               0           1.225        0.2312   0.002833           1.837
        3           6.098   6.136      20     0.0589    0.9353         2.93     0.1933           0.04155      0.6492            1.103      0.2933               0           1.391        0.2075   0.003333           2.868

=== 1d P5c|B|10
 edge_pct  trades_per_30d  mean_N  mean_L  liq_share  tp_share  drift_H_pct  gross_pct  net_notional_pct  eq_ret_pct  30d_median_mult  30d_p_loss  30d_mdd_median  1y_median_mult  1y_p_below50  1y_p_ruin  IS_median_mult
        0           6.062       4      20    0.08682    0.8958      0.03981    0.02137           -0.1456     -0.5823            1.031      0.4558               0          0.5676        0.5242   0.008833          0.1833
    0.025           6.061   4.019      20    0.08637    0.8964      0.06521    0.02377            -0.143     -0.5682            1.031      0.4547               0          0.5723         0.517     0.0085          0.1999
     0.05           6.061   4.038      20    0.08598    0.8967       0.1011    0.02574           -0.1408     -0.5573            1.036      0.4537               0          0.5764        0.5138     0.0085          0.2059
    0.075           6.062    4.06      20    0.08574    0.8972       0.1406    0.02736            -0.139      -0.547             1.04      0.4523               0          0.5809          0.51   0.008333          0.1902
      0.1           6.062    4.08      20    0.08559    0.8975       0.1703    0.02822           -0.1381     -0.5393            1.042       0.452               0          0.5827        0.5078   0.008167          0.1843
     0.15           6.062   4.113      20    0.08526    0.8979       0.2031    0.02994           -0.1362     -0.5192            1.044      0.4503               0          0.5911        0.4995      0.008          0.1943
      0.2           6.064   4.154      20    0.08455    0.8987       0.2525    0.03394           -0.1318     -0.4929            1.045      0.4472               0          0.6023        0.4888   0.007167          0.2034
      0.3           6.066   4.229      20    0.08366       0.9       0.3432     0.0397           -0.1256      -0.455            1.046      0.4417               0          0.6151        0.4783      0.008          0.2125
      0.4           6.068   4.304      20    0.08201    0.9019       0.4677     0.0485           -0.1159     -0.3996            1.046      0.4333               0          0.6425         0.456     0.0065          0.2466
      0.6           6.074   4.441      20    0.08015    0.9045       0.6591    0.05929           -0.1041     -0.3162            1.046      0.4218               0          0.6836        0.4233   0.006167          0.3415
      0.8            6.08    4.58      20     0.0783    0.9074       0.8505    0.07219          -0.09016     -0.2264            1.058        0.41               0          0.7343         0.387   0.004667          0.3644
        1           6.082   4.726      20    0.07604    0.9101        1.028    0.08478          -0.07638     -0.1364            1.062      0.4017               0          0.7875        0.3582   0.004333           0.434
     1.25           6.085   4.904      20    0.07383    0.9135        1.273    0.09855          -0.06135    -0.03265            1.062      0.3877               0          0.8476         0.332   0.004333          0.6007
      1.5           6.084   5.073      20    0.07115    0.9171        1.517     0.1144           -0.0441     0.08651            1.074      0.3728               0          0.9301        0.2985   0.002333          0.7532
        2           6.091   5.424      20    0.06636    0.9238        2.005     0.1433           -0.0126      0.2889            1.078      0.3422               0           1.063        0.2582   0.002833           1.196
      2.5           6.099   5.783      20    0.06204    0.9298        2.459     0.1696           0.01604      0.4738            1.094        0.32               0           1.227        0.2292   0.002667           1.832
        3           6.099   6.136      20    0.05804    0.9352        2.929     0.1936           0.04216      0.6504            1.103      0.2933               0           1.392         0.207   0.003333           2.868

=== 1d P5c|C|10
 edge_pct  trades_per_30d  mean_N  mean_L  liq_share  tp_share  drift_H_pct  gross_pct  net_notional_pct  eq_ret_pct  30d_median_mult  30d_p_loss  30d_mdd_median  1y_median_mult  1y_p_below50  1y_p_ruin  IS_median_mult
        0            6.18       4      20          0    0.8112      0.03286   -0.01556           -0.1467     -0.5868            0.974      0.6007          0.0968          0.6074        0.3945  0.0001667          0.2096
    0.025           6.179   4.019      20          0    0.8117      0.05649   -0.01414           -0.1453     -0.5842            0.974      0.5987          0.0968          0.6071        0.3957  0.0001667          0.2089
     0.05           6.179   4.038      20          0    0.8121      0.09198   -0.01309           -0.1442     -0.5794            0.974      0.5955          0.0968          0.6088        0.3953  0.0001667          0.2074
    0.075            6.18    4.06      20          0    0.8126       0.1308   -0.01185           -0.1429      -0.572            0.974       0.593          0.0968          0.6113        0.3932  0.0001667          0.2147
      0.1            6.18    4.08      20          0    0.8125       0.1605   -0.01206           -0.1431      -0.573            0.974      0.5915          0.0968          0.6102        0.3962  0.0001667          0.2111
     0.15            6.18   4.113      20          0    0.8129       0.1928   -0.01102           -0.1421      -0.568            0.974      0.5883          0.0968          0.6118        0.3933  0.0001667           0.213
      0.2           6.181   4.154      20          0    0.8139       0.2419  -0.008367           -0.1393     -0.5517            0.974      0.5825          0.0968          0.6192         0.385  0.0001667          0.2226
      0.3           6.182   4.229      20          0    0.8152       0.3341  -0.004964           -0.1359     -0.5349            0.974      0.5767          0.0968          0.6245        0.3828  0.0003333          0.2248
      0.4           6.183   4.304      20          0    0.8167       0.4572 -0.0008741           -0.1317     -0.5111            0.974      0.5665          0.0968          0.6341        0.3715  0.0003333          0.2546
      0.6           6.184   4.441      20          0    0.8183       0.6511   0.003624           -0.1271     -0.4908           0.9859      0.5537          0.0968          0.6468         0.367  0.0003333          0.2462
      0.8           6.186    4.58      20          0    0.8208       0.8418    0.01045           -0.1201     -0.4554           0.9885      0.5397          0.0968          0.6607        0.3597  0.0003333          0.2636
        1           6.186   4.727      20          0    0.8236        1.022    0.01815           -0.1122     -0.4107           0.9885      0.5233          0.0968          0.6808        0.3433     0.0005          0.2884
     1.25           6.187   4.906      20          0    0.8263        1.269    0.02512           -0.1051     -0.3847           0.9888       0.509          0.0968          0.6909        0.3427     0.0005           0.335
      1.5           6.186   5.076      20          0    0.8293        1.512    0.03339          -0.09664     -0.3378            1.001      0.4962          0.0968          0.7102        0.3413     0.0005          0.3516
        2           6.187   5.427      20          0    0.8331        1.998    0.04367          -0.08612     -0.2972            1.003      0.4832          0.0968          0.7223        0.3413  0.0006667          0.3532
      2.5           6.189   5.786      20          0    0.8371         2.46    0.05409          -0.07544     -0.2528            1.004      0.4727          0.0968          0.7345        0.3522   0.001333          0.3856
        3           6.187   6.139      20          0    0.8413        2.927    0.06623          -0.06305      -0.191            1.017      0.4653          0.0968          0.7584        0.3548      0.003          0.4021

=== 1d P6|B|none
 edge_pct  trades_per_30d  mean_N  mean_L  liq_share  tp_share  drift_H_pct  gross_pct  net_notional_pct  eq_ret_pct  30d_median_mult  30d_p_loss  30d_mdd_median  1y_median_mult  1y_p_below50  1y_p_ruin  IS_median_mult
        0           3.929  0.1151   5.136          0         0    0.0005937     0.3428           0.08961     0.01375           0.9991      0.5272         0.01005           1.002             0          0           1.003
    0.025           3.927  0.1151   5.136          0         0       0.0306     0.3656            0.1124     0.01651           0.9992      0.5232         0.01005           1.004             0          0           1.003
     0.05           3.926  0.1151   5.136          0         0      0.07162     0.4031            0.1498     0.02032           0.9994      0.5167         0.01005           1.006             0          0           1.007
    0.075           3.925  0.1151   5.136          0         0       0.1051     0.4326            0.1793     0.02398           0.9995      0.5128         0.01005           1.008             0          0           1.015
      0.1           3.924  0.1151   5.137          0         0       0.1377     0.4627            0.2094     0.02692           0.9996      0.5092         0.01004           1.009             0          0           1.015
     0.15           3.924  0.1151   5.136          0         0       0.1758     0.5012            0.2478     0.03094           0.9998      0.5053         0.01004           1.012             0          0           1.017
      0.2           3.923  0.1151   5.136          0         0       0.2232     0.5453            0.2919     0.03546                1      0.4998         0.01004           1.014             0          0           1.023
      0.3           3.923  0.1151   5.136          0         0       0.3255       0.64            0.3865     0.04547                1      0.4865         0.01003            1.02             0          0           1.046
      0.4           3.922  0.1151   5.136          0         0       0.4258     0.7392            0.4856     0.05633            1.001      0.4747        0.009631           1.025             0          0           1.069
      0.6           3.918  0.1151   5.136          0         0       0.6224     0.9265            0.6726     0.07625            1.001       0.451        0.008713           1.034             0          0           1.094
      0.8           3.913  0.1151   5.136          0         0       0.8213      1.108             0.854     0.09576            1.002      0.4328        0.008073           1.044             0          0           1.115
        1           3.909  0.1151   5.137          0         0       0.9998      1.285             1.031      0.1154            1.003      0.4142        0.007432           1.053             0          0           1.154
     1.25           3.903  0.1151   5.137          0         0        1.228      1.486             1.232      0.1389            1.004      0.3873        0.006752           1.066             0          0           1.189
      1.5           3.899  0.1151   5.136          0         0        1.478      1.714             1.459       0.164            1.005      0.3602        0.006239           1.079             0          0           1.243
        2           3.891  0.1151   5.137          0         0        1.954       2.15             1.895      0.2122            1.006       0.305        0.005198           1.103             0          0            1.34
      2.5           3.881  0.1151   5.137          0         0        2.404      2.569             2.313      0.2586            1.008      0.2522        0.004064           1.127             0          0           1.424
        3           3.872  0.1152   5.139          0         0        2.874      3.013             2.756      0.3077             1.01       0.207          0.0027           1.153             0          0           1.524

=== 1d P6h|B|none
 edge_pct  trades_per_30d  mean_N  mean_L  liq_share  tp_share  drift_H_pct  gross_pct  net_notional_pct  eq_ret_pct  30d_median_mult  30d_p_loss  30d_mdd_median  1y_median_mult  1y_p_below50  1y_p_ruin  IS_median_mult
        0           3.929 0.05754   5.136          0         0    0.0005937     0.3428           0.08961    0.006876           0.9996      0.5262        0.005027           1.002             0          0           1.002
    0.025           3.927 0.05754   5.136          0         0       0.0306     0.3656            0.1124    0.008256           0.9996      0.5222        0.005025           1.003             0          0           1.002
     0.05           3.926 0.05754   5.136          0         0      0.07162     0.4031            0.1498     0.01016           0.9997      0.5157        0.005024           1.003             0          0           1.004
    0.075           3.925 0.05754   5.136          0         0       0.1051     0.4326            0.1793     0.01199           0.9998      0.5118        0.005023           1.004             0          0           1.009
      0.1           3.924 0.05755   5.137          0         0       0.1377     0.4627            0.2094     0.01346           0.9998      0.5082        0.005022           1.005             0          0           1.009
     0.15           3.924 0.05754   5.136          0         0       0.1758     0.5012            0.2478     0.01547           0.9999      0.5043         0.00502           1.006             0          0            1.01
      0.2           3.923 0.05754   5.136          0         0       0.2232     0.5453            0.2919     0.01773                1      0.4988        0.005018           1.007             0          0           1.012
      0.3           3.923 0.05753   5.136          0         0       0.3255       0.64            0.3865     0.02273                1      0.4855        0.005013            1.01             0          0           1.023
      0.4           3.922 0.05753   5.136          0         0       0.4258     0.7392            0.4856     0.02817                1      0.4738         0.00482           1.013             0          0           1.035
      0.6           3.918 0.05754   5.136          0         0       0.6224     0.9265            0.6726     0.03813            1.001      0.4502        0.004356           1.017             0          0           1.047
      0.8           3.913 0.05754   5.136          0         0       0.8213      1.108             0.854     0.04788            1.001       0.432        0.004038           1.022             0          0           1.057
        1           3.909 0.05755   5.137          0         0       0.9998      1.285             1.031     0.05771            1.001      0.4132        0.003717           1.026             0          0           1.075
     1.25           3.903 0.05754   5.137          0         0        1.228      1.486             1.232     0.06947            1.002      0.3862        0.003376           1.033             0          0           1.091
      1.5           3.899 0.05754   5.136          0         0        1.478      1.714             1.459     0.08199            1.002      0.3593        0.003122           1.039             0          0           1.116
        2           3.891 0.05755   5.137          0         0        1.954       2.15             1.895      0.1061            1.003      0.3042        0.002599           1.051             0          0           1.159
      2.5           3.881 0.05756   5.137          0         0        2.404      2.569             2.313      0.1293            1.004      0.2512        0.002032           1.062             0          0           1.195
        3           3.872 0.05758   5.139          0         0        2.874      3.013             2.756      0.1539            1.005      0.2058         0.00135           1.074             0          0           1.236

=== 1d P6|B|10
 edge_pct  trades_per_30d  mean_N  mean_L  liq_share  tp_share  drift_H_pct  gross_pct  net_notional_pct  eq_ret_pct  30d_median_mult  30d_p_loss  30d_mdd_median  1y_median_mult  1y_p_below50  1y_p_ruin  IS_median_mult
        0           4.994  0.1147   5.116          0    0.6504     -0.03122    -0.2855           -0.4587    -0.05785            0.998      0.5843         0.01002          0.9659             0          0          0.9055
    0.025           4.996  0.1148   5.116          0    0.6515    -0.008592    -0.2754           -0.4485    -0.05669           0.9981      0.5822         0.01002          0.9667             0          0          0.9101
     0.05           4.999  0.1147   5.115          0    0.6532      0.02815    -0.2602           -0.4331     -0.0553           0.9981      0.5783        0.009765          0.9675             0          0          0.9101
    0.075               5  0.1147   5.116          0     0.655      0.06892    -0.2457           -0.4185    -0.05372           0.9982      0.5757        0.009538          0.9683             0          0          0.9122
      0.1           5.002  0.1148   5.116          0    0.6563       0.1016     -0.233           -0.4056     -0.0526           0.9982      0.5737         0.00941          0.9691             0          0          0.9122
     0.15           5.006  0.1148   5.117          0    0.6594       0.1406    -0.2104           -0.3827    -0.04996           0.9983      0.5688        0.009252          0.9706             0          0          0.9159
      0.2            5.01  0.1148   5.116          0    0.6618       0.1825    -0.1898           -0.3619      -0.048           0.9984      0.5628         0.00912          0.9715             0          0          0.9154
      0.3            5.02  0.1148   5.116          0    0.6666       0.2657    -0.1516           -0.3231    -0.04389           0.9986       0.555        0.008852          0.9735             0          0          0.9227
      0.4           5.026  0.1148   5.117          0    0.6721       0.3901    -0.1036           -0.2747    -0.03849           0.9988      0.5445        0.008363          0.9763             0          0          0.9303
      0.6           5.043  0.1148   5.117          0    0.6824       0.5871   -0.01334           -0.1835     -0.0288           0.9994       0.523        0.007651          0.9823             0          0          0.9464
      0.8           5.051  0.1148   5.119          0    0.6915       0.7754    0.06393           -0.1053    -0.02041           0.9999      0.5053        0.007105          0.9879             0          0          0.9562
        1           5.069  0.1148   5.118          0    0.7031       0.9701     0.1587         -0.009374    -0.01012                1      0.4828        0.006563          0.9938             0          0          0.9751
     1.25           5.083  0.1148   5.119          0     0.717        1.227      0.261           0.09421    0.001441            1.001       0.456        0.006017           1.001             0          0          0.9989
      1.5           5.098  0.1148   5.117          0    0.7289        1.482     0.3642            0.1985     0.01224            1.002      0.4315        0.005673           1.008             0          0           1.016
        2           5.133  0.1148   5.117          0    0.7533        1.974     0.5721            0.4089     0.03405            1.003      0.3787        0.004534           1.022             0          0           1.049
      2.5           5.169  0.1148   5.119          0     0.776        2.419      0.748            0.5869      0.0539            1.004      0.3282        0.003479           1.035             0          0           1.094
        3             5.2  0.1148   5.119          0     0.801        2.896     0.9422            0.7836      0.0754            1.005      0.2782        0.002053           1.049             0          0           1.148
