strategy,tf,set,period,lev,sizing,mode,minorder,signals,final,mult,max_dd,worst_streak,longest_recovery_days,ruin,ruin_day,trades,skipped_busy,skipped_check,skipped_margin,skipped_min,liquidations
S2_ST_ROC,15m,default,SEARCH,20,owner,house,False,63759,80.421,0.080421,0.92099,7,14.792,True,2021-01-15,297,123,412,14,0,0
S2_ST_ROC,15m,default,SEARCH,20,owner,house,True,63759,80.995,0.080995,0.92042,7,14.792,True,2021-01-15,297,123,412,14,0,0
S2_ST_ROC,15m,default,SEARCH,20,owner,forced,False,63759,70.745,0.070745,0.94981,7,6.2083,True,2021-01-08,299,107,0,23,0,14
S2_ST_ROC,15m,default,SEARCH,20,owner,forced,True,63759,74.413,0.074413,0.94724,7,6.2083,True,2021-01-08,300,107,0,22,0,14
S2_ST_ROC,15m,default,SEARCH,20,risk1,house,False,63759,97.959,0.097959,0.90217,11,87.448,True,2021-03-29,2602,1270,989,0,0,0
S2_ST_ROC,15m,default,SEARCH,20,risk1,house,True,63759,96.707,0.096707,0.90342,11,95.146,True,2021-04-06,2820,1431,1001,0,59,0
S2_ST_ROC,15m,default,SEARCH,20,risk1,forced,False,63759,100.47,0.10047,0.90076,7,82.604,True,2021-03-24,3235,1354,0,0,0,77
S2_ST_ROC,15m,default,SEARCH,20,risk1,forced,True,63759,98.791,0.098791,0.90181,11,85.823,True,2021-03-27,3283,1397,0,0,84,76
S2_ST_ROC,15m,default,SEARCH,30,owner,house,False,63759,94.619,0.094619,0.90538,5,35.219,True,2021-02-05,197,71,1675,13,0,0
S2_ST_ROC,15m,default,SEARCH,30,owner,house,True,63759,92.48,0.09248,0.90752,5,31.229,True,2021-02-01,158,60,1495,13,0,0
S2_ST_ROC,15m,default,SEARCH,30,owner,forced,False,63759,79.235,0.079235,0.93929,5,1.8958,True,2021-01-06,191,47,0,62,0,17
S2_ST_ROC,15m,default,SEARCH,30,owner,forced,True,63759,79.463,0.079463,0.93917,5,1.8958,True,2021-01-06,191,47,0,62,0,17
S2_ST_ROC,15m,default,SEARCH,30,risk1,house,False,63759,99.57,0.09957,0.90043,10,108.28,True,2021-04-19,2017,897,3124,0,0,0
S2_ST_ROC,15m,default,SEARCH,30,risk1,house,True,63759,99.65,0.09965,0.90065,10,119.42,True,2021-04-30,2079,901,3453,0,231,0
S2_ST_ROC,15m,default,SEARCH,30,risk1,forced,False,63759,97.101,0.097101,0.90342,11,77.812,True,2021-03-20,3322,1004,0,0,0,239
S2_ST_ROC,15m,default,SEARCH,30,risk1,forced,True,63759,97.951,0.097951,0.90257,11,81.354,True,2021-03-23,3363,1025,0,0,129,236
S2_ST_ROC,15m,default,SEARCH,40,owner,house,False,63759,93.419,0.093419,0.94005,6,31.531,True,2021-05-02,85,50,6659,3,0,0
S2_ST_ROC,15m,default,SEARCH,40,owner,house,True,63759,98.93,0.09893,0.93649,6,32.177,True,2021-05-03,91,52,6686,3,0,0
S2_ST_ROC,15m,default,SEARCH,40,owner,forced,False,63759,87.301,0.087301,0.99346,4,2.1667,True,2021-01-05,117,25,0,80,0,15
S2_ST_ROC,15m,default,SEARCH,40,owner,forced,True,63759,87.514,0.087514,0.99345,4,2.1667,True,2021-01-05,117,25,0,80,0,15
S2_ST_ROC,15m,default,SEARCH,40,risk1,house,False,63759,100.04,0.10004,0.90033,14,236.78,True,2021-08-26,2271,1043,9919,0,0,0
S2_ST_ROC,15m,default,SEARCH,40,risk1,house,True,63759,98.62,0.09862,0.90196,14,241.25,True,2021-08-30,2241,1026,9663,0,583,0
S2_ST_ROC,15m,default,SEARCH,40,risk1,forced,False,63759,101.25,0.10125,0.9017,10,71.25,True,2021-03-13,3268,679,0,0,0,503
S2_ST_ROC,15m,default,SEARCH,40,risk1,forced,True,63759,100.27,0.10027,0.90198,10,77.146,True,2021-03-19,3375,729,0,0,176,498
S2_ST_ROC,15m,default,SEARCH,50,owner,house,False,63759,87.898,0.087898,0.92073,4,111.88,True,2022-05-29,45,43,29183,7,0,0
S2_ST_ROC,15m,default,SEARCH,50,owner,house,True,63759,88.457,0.088457,0.92022,4,111.88,True,2022-05-29,45,45,29181,7,0,0
S2_ST_ROC,15m,default,SEARCH,50,owner,forced,False,63759,128.54,0.12854,0.97861,4,1.4583,True,2021-01-03,81,15,0,58,0,10
S2_ST_ROC,15m,default,SEARCH,50,owner,forced,True,63759,128.91,0.12891,0.97858,4,1.4583,True,2021-01-03,81,15,0,58,0,10
S2_ST_ROC,15m,default,SEARCH,50,risk1,house,False,63759,98.924,0.098924,0.90108,12,345.75,True,2021-12-13,1797,976,16987,0,0,0
S2_ST_ROC,15m,default,SEARCH,50,risk1,house,True,63759,99.982,0.099982,0.90021,12,358.68,True,2021-12-25,1883,1037,16468,0,1167,0
S2_ST_ROC,15m,default,SEARCH,50,risk1,forced,False,63759,99.701,0.099701,0.90194,11,57.083,True,2021-02-27,2822,350,0,0,0,699
S2_ST_ROC,15m,default,SEARCH,50,risk1,forced,True,63759,99.407,0.099407,0.90223,11,60.854,True,2021-03-02,2886,360,0,0,126,712
S2_ST_ROC,15m,default,TEST,20,owner,house,False,58099,97.111,0.097111,0.92302,9,13.646,True,2024-01-14,360,315,19,125,0,0
S2_ST_ROC,15m,default,TEST,20,owner,house,True,58099,98.999,0.098999,0.91643,9,13.521,True,2024-01-14,347,307,19,119,0,0
S2_ST_ROC,15m,default,TEST,20,owner,forced,False,58099,109.9,0.1099,0.91859,9,7.2396,True,2024-01-10,255,225,0,93,0,0
S2_ST_ROC,15m,default,TEST,20,owner,forced,True,58099,111.43,0.11143,0.91733,9,7.2396,True,2024-01-10,257,229,0,87,0,0
S2_ST_ROC,15m,default,TEST,20,risk1,house,False,58099,97.923,0.097923,0.91069,15,71.094,True,2024-03-13,2111,1957,122,0,0,0
S2_ST_ROC,15m,default,TEST,20,risk1,house,True,58099,97.882,0.097882,0.91094,15,87.031,True,2024-03-29,2381,2120,157,0,410,0
S2_ST_ROC,15m,default,TEST,20,risk1,forced,False,58099,107.72,0.10772,0.90939,15,69.375,True,2024-03-11,2136,1950,0,0,0,4
S2_ST_ROC,15m,default,TEST,20,risk1,forced,True,58099,99.243,0.099243,0.9097,15,81.906,True,2024-03-24,2369,2062,0,0,349,3
S2_ST_ROC,15m,default,TEST,30,owner,house,False,58099,80.816,0.080816,0.9621,6,10.396,True,2024-01-14,197,175,226,180,0,0
S2_ST_ROC,15m,default,TEST,30,owner,house,True,58099,85.491,0.085491,0.95976,6,10.26,True,2024-01-14,197,174,219,172,0,0
S2_ST_ROC,15m,default,TEST,30,owner,forced,False,58099,106.24,0.10624,0.95909,6,5.1146,True,2024-01-08,158,119,0,170,0,0
S2_ST_ROC,15m,default,TEST,30,owner,forced,True,58099,106.5,0.1065,0.95904,6,5.1146,True,2024-01-08,158,119,0,170,0,0
S2_ST_ROC,15m,default,TEST,30,risk1,house,False,58099,99.62,0.09962,0.90813,14,81.573,True,2024-03-24,2278,1703,782,0,0,0
S2_ST_ROC,15m,default,TEST,30,risk1,house,True,58099,99.729,0.099729,0.9082,14,86.885,True,2024-03-29,2247,1703,701,0,414,0
S2_ST_ROC,15m,default,TEST,30,risk1,forced,False,58099,100.62,0.10062,0.90807,14,64.615,True,2024-03-06,2187,1610,0,0,0,19
S2_ST_ROC,15m,default,TEST,30,risk1,forced,True,58099,98.825,0.098825,0.90903,14,67.781,True,2024-03-10,2192,1651,0,0,155,21
S2_ST_ROC,15m,default,TEST,40,owner,house,False,58099,89.397,0.089397,0.95085,7,19.365,True,2024-01-21,151,144,768,151,0,0
S2_ST_ROC,15m,default,TEST,40,owner,house,True,58099,86.477,0.086477,0.95244,7,19.365,True,2024-01-21,151,144,765,154,0,0
S2_ST_ROC,15m,default,TEST,40,owner,forced,False,58099,90.563,0.090563,0.96712,6,2.0521,True,2024-01-05,72,33,0,132,0,1
S2_ST_ROC,15m,default,TEST,40,owner,forced,True,58099,91.43,0.09143,0.96687,6,2.0521,True,2024-01-05,72,33,0,132,0,1
S2_ST_ROC,15m,default,TEST,40,risk1,house,False,58099,98.461,0.098461,0.90856,15,81,True,2024-03-23,1866,1340,1528,0,0,0
S2_ST_ROC,15m,default,TEST,40,risk1,house,True,58099,98.693,0.098693,0.90827,15,81.729,True,2024-03-24,1812,1301,1290,0,377,0
S2_ST_ROC,15m,default,TEST,40,risk1,forced,False,58099,100.28,0.10028,0.90581,11,53.146,True,2024-02-24,1869,1262,0,0,0,33
S2_ST_ROC,15m,default,TEST,40,risk1,forced,True,58099,98.676,0.098676,0.90684,15,58.75,True,2024-03-01,2036,1348,0,0,87,43
S2_ST_ROC,15m,default,TEST,50,owner,house,False,58099,82.546,0.082546,0.91745,3,33.844,True,2024-02-04,61,54,1828,57,0,0
S2_ST_ROC,15m,default,TEST,50,owner,house,True,58099,82.666,0.082666,0.91733,3,33.844,True,2024-02-04,61,54,1828,57,0,0
S2_ST_ROC,15m,default,TEST,50,owner,forced,False,58099,91.757,0.091757,0.93385,4,3,True,2024-01-04,60,21,0,112,0,3
S2_ST_ROC,15m,default,TEST,50,owner,forced,True,58099,92.091,0.092091,0.93359,4,3,True,2024-01-04,60,21,0,112,0,3
S2_ST_ROC,15m,default,TEST,50,risk1,house,False,58099,99.826,0.099826,0.90353,11,88.198,True,2024-03-30,1540,1063,2535,0,0,0
S2_ST_ROC,15m,default,TEST,50,risk1,house,True,58099,98.259,0.098259,0.90452,11,89.604,True,2024-04-01,1538,1071,2199,0,412,0
S2_ST_ROC,15m,default,TEST,50,risk1,forced,False,58099,97.688,0.097688,0.90492,9,51.979,True,2024-02-22,1879,1102,0,0,0,71
S2_ST_ROC,15m,default,TEST,50,risk1,forced,True,58099,98.811,0.098811,0.9038,10,52.635,True,2024-02-22,1863,1094,0,0,53,69
S2_ST_ROC,15m,default,EXTRA,20,owner,house,False,18289,94.354,0.094354,0.90934,9,10.958,True,2020-01-17,199,182,20,5,0,0
S2_ST_ROC,15m,default,EXTRA,20,owner,house,True,18289,94.721,0.094721,0.90899,9,10.958,True,2020-01-17,199,182,20,5,0,0
S2_ST_ROC,15m,default,EXTRA,20,owner,forced,False,18289,96.543,0.096543,0.90724,9,10.562,True,2020-01-17,195,188,0,6,0,1
S2_ST_ROC,15m,default,EXTRA,20,owner,forced,True,18289,94.871,0.094871,0.90884,9,10.562,True,2020-01-17,196,188,0,5,0,1
S2_ST_ROC,15m,default,EXTRA,20,risk1,house,False,18289,97.199,0.097199,0.90432,13,119.66,True,2020-05-04,2598,2229,250,0,0,0
S2_ST_ROC,15m,default,EXTRA,20,risk1,house,True,18289,99.296,0.099296,0.90162,12,119.86,True,2020-05-05,2559,2211,209,0,127,0
S2_ST_ROC,15m,default,EXTRA,20,risk1,forced,False,18289,104.64,0.10464,0.90172,12,112.85,True,2020-04-28,2611,2175,0,0,0,12
S2_ST_ROC,15m,default,EXTRA,20,risk1,forced,True,18289,99.686,0.099686,0.90123,12,118.97,True,2020-05-04,2671,2243,0,0,139,6
S2_ST_ROC,15m,default,EXTRA,30,owner,house,False,18289,75.187,0.075187,0.93603,8,7.2812,True,2020-01-13,107,96,30,7,0,0
S2_ST_ROC,15m,default,EXTRA,30,owner,house,True,18289,75.238,0.075238,0.93598,8,7.2812,True,2020-01-13,107,96,30,7,0,0
S2_ST_ROC,15m,default,EXTRA,30,owner,forced,False,18289,91.746,0.091746,0.92194,6,7.2812,True,2020-01-13,123,96,0,13,0,0
S2_ST_ROC,15m,default,EXTRA,30,owner,forced,True,18289,91.841,0.091841,0.92186,6,7.2812,True,2020-01-13,123,96,0,13,0,0
S2_ST_ROC,15m,default,EXTRA,30,risk1,house,False,18289,99.763,0.099763,0.90189,14,117.18,True,2020-05-02,2340,1699,944,0,0,0
S2_ST_ROC,15m,default,EXTRA,30,risk1,house,True,18289,98.371,0.098371,0.90325,14,117.73,True,2020-05-03,2341,1697,856,0,110,0
S2_ST_ROC,15m,default,EXTRA,30,risk1,forced,False,18289,99.592,0.099592,0.90272,11,107.93,True,2020-04-23,2804,1768,0,0,0,52
S2_ST_ROC,15m,default,EXTRA,30,risk1,forced,True,18289,100.45,0.10045,0.90165,11,109.66,True,2020-04-25,2727,1734,0,0,187,42
S2_ST_ROC,15m,default,EXTRA,40,owner,house,False,18289,87.051,0.087051,0.94035,6,19.115,True,2020-01-31,104,94,801,15,0,0
S2_ST_ROC,15m,default,EXTRA,40,owner,house,True,18289,98.612,0.098612,0.93243,6,18.438,True,2020-01-30,103,95,774,15,0,0
S2_ST_ROC,15m,default,EXTRA,40,owner,forced,False,18289,75.614,0.075614,0.93582,3,4.875,True,2020-01-11,77,51,0,23,0,2
S2_ST_ROC,15m,default,EXTRA,40,owner,forced,True,18289,75.772,0.075772,0.93569,3,4.875,True,2020-01-11,77,51,0,23,0,2
S2_ST_ROC,15m,default,EXTRA,40,risk1,house,False,18289,99.706,0.099706,0.90184,14,132.49,True,2020-05-19,2054,1337,2298,0,0,0
S2_ST_ROC,15m,default,EXTRA,40,risk1,house,True,18289,95.176,0.095176,0.90613,14,136.41,True,2020-05-23,2107,1378,2198,0,173,0
S2_ST_ROC,15m,default,EXTRA,40,risk1,forced,False,18289,98.916,0.098916,0.90193,12,80.302,True,2020-03-26,2300,1063,0,0,1,125
S2_ST_ROC,15m,default,EXTRA,40,risk1,forced,True,18289,99.49,0.09949,0.90136,12,82.771,True,2020-03-29,2221,1078,0,0,182,103
S2_ST_ROC,15m,default,EXTRA,50,owner,house,False,18289,91.262,0.091262,0.90984,5,149.68,True,2020-06-11,43,22,6741,10,0,0
S2_ST_ROC,15m,default,EXTRA,50,owner,house,True,18289,91.286,0.091286,0.90981,5,149.68,True,2020-06-11,43,22,6741,10,0,0
S2_ST_ROC,15m,default,EXTRA,50,owner,forced,False,18289,73.24,0.07324,0.94718,3,2.3646,True,2020-01-08,29,23,0,27,0,3
S2_ST_ROC,15m,default,EXTRA,50,owner,forced,True,18289,73.236,0.073236,0.94719,3,2.3646,True,2020-01-08,29,23,0,27,0,3
S2_ST_ROC,15m,default,EXTRA,50,risk1,house,False,18289,99.741,0.099741,0.90068,12,152.94,True,2020-06-07,1547,941,4111,0,0,0
S2_ST_ROC,15m,default,EXTRA,50,risk1,house,True,18289,96.798,0.096798,0.90361,12,153.24,True,2020-06-07,1554,942,4088,0,25,0
S2_ST_ROC,15m,default,EXTRA,50,risk1,forced,False,18289,99.982,0.099982,0.90115,13,67.531,True,2020-03-14,1982,859,0,0,2,184
S2_ST_ROC,15m,default,EXTRA,50,risk1,forced,True,18289,99.402,0.099402,0.90172,11,70.958,True,2020-03-17,2013,858,0,0,117,184
S2_ST_ROC,15m,friend,SEARCH,20,owner,house,False,38687,68.312,0.068312,0.93201,7,13.792,True,2021-01-15,186,63,238,1,0,0
S2_ST_ROC,15m,friend,SEARCH,20,owner,house,True,38687,69.415,0.069415,0.93091,7,13.792,True,2021-01-15,186,63,238,1,0,0
S2_ST_ROC,15m,friend,SEARCH,20,owner,forced,False,38687,96.758,0.096758,0.9037,6,4.3542,True,2021-01-05,123,38,0,20,0,3
S2_ST_ROC,15m,friend,SEARCH,20,owner,forced,True,38687,96.828,0.096828,0.90363,6,4.3542,True,2021-01-05,123,38,0,20,0,3
S2_ST_ROC,15m,friend,SEARCH,20,risk1,house,False,38687,98.405,0.098405,0.90181,10,183.97,True,2021-07-04,3487,1215,1406,0,0,0
S2_ST_ROC,15m,friend,SEARCH,20,risk1,house,True,38687,98.727,0.098727,0.90149,10,197.43,True,2021-07-17,3615,1289,1326,0,329,0
S2_ST_ROC,15m,friend,SEARCH,20,risk1,forced,False,38687,96.926,0.096926,0.90329,10,149.75,True,2021-05-31,3822,1204,0,0,0,75
S2_ST_ROC,15m,friend,SEARCH,20,risk1,forced,True,38687,102.27,0.10227,0.90058,10,165.34,True,2021-06-15,3913,1226,0,0,390,65
S2_ST_ROC,15m,friend,SEARCH,30,owner,house,False,38687,76.277,0.076277,0.92372,5,17.958,True,2021-01-18,52,14,571,4,0,0
S2_ST_ROC,15m,friend,SEARCH,30,owner,house,True,38687,77.255,0.077255,0.92274,5,17.958,True,2021-01-18,52,14,571,4,0,0
S2_ST_ROC,15m,friend,SEARCH,30,owner,forced,False,38687,76.15,0.07615,0.92385,4,1.4167,True,2021-01-02,36,10,0,11,0,2
S2_ST_ROC,15m,friend,SEARCH,30,owner,forced,True,38687,76.343,0.076343,0.92366,4,1.4167,True,2021-01-02,36,10,0,11,0,2
S2_ST_ROC,15m,friend,SEARCH,30,risk1,house,False,38687,99.317,0.099317,0.90133,8,217.61,True,2021-08-06,2892,962,3449,0,0,0
S2_ST_ROC,15m,friend,SEARCH,30,risk1,house,True,38687,99.333,0.099333,0.90106,8,235.42,True,2021-08-24,3076,998,3497,0,318,0
S2_ST_ROC,15m,friend,SEARCH,30,risk1,forced,False,38687,100.2,0.1002,0.90022,9,130.61,True,2021-05-11,3596,875,0,0,0,225
S2_ST_ROC,15m,friend,SEARCH,30,risk1,forced,True,38687,98.644,0.098644,0.90136,10,153.66,True,2021-06-03,3875,899,0,0,381,260
S2_ST_ROC,15m,friend,SEARCH,40,owner,house,False,38687,99.906,0.099906,0.90602,5,162.96,True,2021-08-29,150,68,7852,7,0,0
S2_ST_ROC,15m,friend,SEARCH,40,owner,house,True,38687,96.387,0.096387,0.90932,5,168.59,True,2021-09-04,164,70,7993,7,0,0
S2_ST_ROC,15m,friend,SEARCH,40,owner,forced,False,38687,85.592,0.085592,0.92482,3,0.77083,True,2021-01-02,24,4,0,12,0,3
S2_ST_ROC,15m,friend,SEARCH,40,owner,forced,True,38687,85.715,0.085715,0.92471,3,0.77083,True,2021-01-02,24,4,0,12,0,3
S2_ST_ROC,15m,friend,SEARCH,40,risk1,house,False,38687,99.812,0.099812,0.90054,10,277.89,True,2021-11-05,2513,916,7018,0,0,0
S2_ST_ROC,15m,friend,SEARCH,40,risk1,house,True,38687,100.37,0.10037,0.90117,10,293.39,True,2021-11-20,2654,981,6845,0,463,0
S2_ST_ROC,15m,friend,SEARCH,40,risk1,forced,False,38687,100.08,0.10008,0.90049,11,100.99,True,2021-04-12,2904,571,0,0,0,351
S2_ST_ROC,15m,friend,SEARCH,40,risk1,forced,True,38687,99.875,0.099875,0.90023,11,104.59,True,2021-04-15,2945,574,0,0,75,365
S2_ST_ROC,15m,friend,SEARCH,50,owner,house,False,38687,86.649,0.086649,0.91335,6,272.14,True,2022-06-05,51,26,17803,6,0,0
S2_ST_ROC,15m,friend,SEARCH,50,owner,house,True,38687,87.134,0.087134,0.91287,6,272.14,True,2022-06-05,51,26,17803,6,0,0
S2_ST_ROC,15m,friend,SEARCH,50,owner,forced,False,38687,94.809,0.094809,0.92161,3,0.26042,True,2021-01-01,10,3,0,11,0,2
S2_ST_ROC,15m,friend,SEARCH,50,owner,forced,True,38687,94.796,0.094796,0.9216,3,0.26042,True,2021-01-01,10,3,0,11,0,2
S2_ST_ROC,15m,friend,SEARCH,50,risk1,house,False,38687,99.399,0.099399,0.90126,10,340.35,True,2022-01-08,1612,611,10591,0,0,0
S2_ST_ROC,15m,friend,SEARCH,50,risk1,house,True,38687,100.56,0.10056,0.9004,10,347.07,True,2022-01-15,1628,618,10269,0,531,0
S2_ST_ROC,15m,friend,SEARCH,50,risk1,forced,False,38687,99.813,0.099813,0.90048,12,75.26,True,2021-03-17,2323,272,0,0,0,541
S2_ST_ROC,15m,friend,SEARCH,50,risk1,forced,True,38687,99.929,0.099929,0.90039,12,80.667,True,2021-03-22,2347,289,0,0,148,534
S2_ST_ROC,15m,friend,TEST,20,owner,house,False,34582,93.266,0.093266,0.90673,8,8.8125,True,2024-01-09,151,90,2,44,0,0
S2_ST_ROC,15m,friend,TEST,20,owner,house,True,34582,94.569,0.094569,0.90543,8,8.8125,True,2024-01-09,153,90,3,44,0,0
S2_ST_ROC,15m,friend,TEST,20,owner,forced,False,34582,99.024,0.099024,0.90098,8,8.4896,True,2024-01-09,147,86,0,44,0,0
S2_ST_ROC,15m,friend,TEST,20,owner,forced,True,34582,89.54,0.08954,0.91046,8,8.8125,True,2024-01-09,151,89,0,44,0,0
S2_ST_ROC,15m,friend,TEST,20,risk1,house,False,34582,99.777,0.099777,0.90103,10,56,True,2024-02-25,1160,884,12,0,0,0
S2_ST_ROC,15m,friend,TEST,20,risk1,house,True,34582,99.538,0.099538,0.90046,10,62.115,True,2024-03-02,1230,932,25,0,59,0
S2_ST_ROC,15m,friend,TEST,20,risk1,forced,False,34582,98.063,0.098063,0.90194,10,56,True,2024-02-25,1164,886,0,0,0,0
S2_ST_ROC,15m,friend,TEST,20,risk1,forced,True,34582,99.875,0.099875,0.90013,10,60.99,True,2024-03-02,1236,936,0,0,54,1
S2_ST_ROC,15m,friend,TEST,30,owner,house,False,34582,92.184,0.092184,0.91148,6,4.9062,True,2024-01-05,69,33,26,37,0,0
S2_ST_ROC,15m,friend,TEST,30,owner,house,True,34582,93.303,0.093303,0.9104,6,4.9062,True,2024-01-05,69,33,25,38,0,0
S2_ST_ROC,15m,friend,TEST,30,owner,forced,False,34582,90.197,0.090197,0.91339,5,4.9062,True,2024-01-05,76,34,0,55,0,0
S2_ST_ROC,15m,friend,TEST,30,owner,forced,True,34582,99.196,0.099196,0.9008,4,4.3854,True,2024-01-05,65,25,0,48,0,0
S2_ST_ROC,15m,friend,TEST,30,risk1,house,False,34582,98.297,0.098297,0.9017,8,52.219,True,2024-02-22,1118,692,88,0,0,0
S2_ST_ROC,15m,friend,TEST,30,risk1,house,True,34582,99.905,0.099905,0.90009,8,53.635,True,2024-02-23,1141,716,87,0,31,0
S2_ST_ROC,15m,friend,TEST,30,risk1,forced,False,34582,99.472,0.099472,0.9012,11,49.646,True,2024-02-19,1114,691,0,0,0,6
S2_ST_ROC,15m,friend,TEST,30,risk1,forced,True,34582,99.705,0.099705,0.90029,11,52.094,True,2024-02-22,1161,704,0,0,32,6
S2_ST_ROC,15m,friend,TEST,40,owner,house,False,34582,91.734,0.091734,0.90827,7,14.646,True,2024-01-15,71,39,376,44,0,0
S2_ST_ROC,15m,friend,TEST,40,owner,house,True,34582,92.367,0.092367,0.90763,7,14.646,True,2024-01-15,71,40,375,44,0,0
S2_ST_ROC,15m,friend,TEST,40,owner,forced,False,34582,45.622,0.045622,0.95438,5,3.2708,True,2024-01-04,35,14,0,48,0,2
S2_ST_ROC,15m,friend,TEST,40,owner,forced,True,34582,46.83,0.04683,0.95317,5,3.2708,True,2024-01-04,35,14,0,48,0,2
S2_ST_ROC,15m,friend,TEST,40,risk1,house,False,34582,97.497,0.097497,0.9025,9,54.094,True,2024-02-24,1085,617,292,0,0,0
S2_ST_ROC,15m,friend,TEST,40,risk1,house,True,34582,100.22,0.10022,0.9002,9,56.052,True,2024-02-26,1106,648,282,0,34,0
S2_ST_ROC,15m,friend,TEST,40,risk1,forced,False,34582,96.865,0.096865,0.90313,11,48.615,True,2024-02-18,1144,612,0,0,0,22
S2_ST_ROC,15m,friend,TEST,40,risk1,forced,True,34582,96.674,0.096674,0.90333,11,51.896,True,2024-02-21,1200,633,0,0,46,22
S2_ST_ROC,15m,friend,TEST,50,owner,house,False,34582,80.859,0.080859,0.94962,9,20.677,True,2024-02-03,56,32,1132,30,0,0
S2_ST_ROC,15m,friend,TEST,50,owner,house,True,34582,81.148,0.081148,0.94942,9,20.677,True,2024-02-03,56,32,1132,30,0,0
S2_ST_ROC,15m,friend,TEST,50,owner,forced,False,34582,75.098,0.075098,0.9249,4,1.4896,True,2024-01-02,16,5,0,12,0,1
S2_ST_ROC,15m,friend,TEST,50,owner,forced,True,34582,75.574,0.075574,0.92443,4,1.4896,True,2024-01-02,16,5,0,12,0,1
S2_ST_ROC,15m,friend,TEST,50,risk1,house,False,34582,99.91,0.09991,0.90022,10,73.458,True,2024-03-14,1032,566,1044,0,0,0
S2_ST_ROC,15m,friend,TEST,50,risk1,house,True,34582,99.668,0.099668,0.90033,10,100.2,True,2024-04-10,1157,618,1408,0,349,0
S2_ST_ROC,15m,friend,TEST,50,risk1,forced,False,34582,99.446,0.099446,0.90055,10,46.365,True,2024-02-16,1130,548,0,0,0,51
S2_ST_ROC,15m,friend,TEST,50,risk1,forced,True,34582,99.558,0.099558,0.90044,10,49.375,True,2024-02-19,1179,560,0,0,48,50
S2_ST_ROC,15m,friend,EXTRA,20,owner,house,False,11034,126.9,0.1269,0.90985,8,12.917,True,2020-01-19,184,91,14,1,0,0
S2_ST_ROC,15m,friend,EXTRA,20,owner,house,True,11034,126.83,0.12683,0.90966,8,12.917,True,2020-01-19,184,91,14,1,0,0
S2_ST_ROC,15m,friend,EXTRA,20,owner,forced,False,11034,106.61,0.10661,0.9047,8,12.667,True,2020-01-19,192,89,0,3,0,0
S2_ST_ROC,15m,friend,EXTRA,20,owner,forced,True,11034,106.74,0.10674,0.90458,8,12.667,True,2020-01-19,192,89,0,3,0,0
S2_ST_ROC,15m,friend,EXTRA,20,risk1,house,False,11034,98.769,0.098769,0.90123,11,131.5,True,2020-05-16,2048,1241,180,0,0,0
S2_ST_ROC,15m,friend,EXTRA,20,risk1,house,True,11034,99.952,0.099952,0.90062,11,133.47,True,2020-05-19,2044,1236,154,0,78,0
S2_ST_ROC,15m,friend,EXTRA,20,risk1,forced,False,11034,98.573,0.098573,0.90143,11,128.81,True,2020-05-14,2129,1248,0,0,0,15
S2_ST_ROC,15m,friend,EXTRA,20,risk1,forced,True,11034,98.58,0.09858,0.90142,11,130.1,True,2020-05-15,2087,1236,0,0,102,11
S2_ST_ROC,15m,friend,EXTRA,30,owner,house,False,11034,104.39,0.10439,0.91136,4,12.479,True,2020-01-19,116,60,91,12,0,0
S2_ST_ROC,15m,friend,EXTRA,30,owner,house,True,11034,104.66,0.10466,0.9111,4,12.479,True,2020-01-19,116,60,91,12,0,0
S2_ST_ROC,15m,friend,EXTRA,30,owner,forced,False,11034,105.69,0.10569,0.90325,4,7.4583,True,2020-01-13,92,51,0,12,0,0
S2_ST_ROC,15m,friend,EXTRA,30,owner,forced,True,11034,105.66,0.10566,0.90327,4,7.4583,True,2020-01-13,92,51,0,12,0,0
S2_ST_ROC,15m,friend,EXTRA,30,risk1,house,False,11034,97.718,0.097718,0.90258,10,133.43,True,2020-05-18,1901,1018,591,0,0,0
S2_ST_ROC,15m,friend,EXTRA,30,risk1,house,True,11034,99.141,0.099141,0.90155,10,134.45,True,2020-05-19,1891,1018,562,0,73,0
S2_ST_ROC,15m,friend,EXTRA,30,risk1,forced,False,11034,103.39,0.10339,0.90043,11,112.83,True,2020-04-28,2028,937,0,0,0,46
S2_ST_ROC,15m,friend,EXTRA,30,risk1,forced,True,11034,97.888,0.097888,0.90241,10,121.24,True,2020-05-06,2084,983,0,0,80,38
S2_ST_ROC,15m,friend,EXTRA,40,owner,house,False,11034,88.101,0.088101,0.9119,7,31.406,True,2020-02-06,95,65,619,15,0,0
S2_ST_ROC,15m,friend,EXTRA,40,owner,house,True,11034,88.404,0.088404,0.9116,7,31.406,True,2020-02-06,95,65,619,15,0,0
S2_ST_ROC,15m,friend,EXTRA,40,owner,forced,False,11034,86.818,0.086818,0.91774,3,5.2812,True,2020-01-11,53,19,0,9,0,1
S2_ST_ROC,15m,friend,EXTRA,40,owner,forced,True,11034,86.87,0.08687,0.91769,3,5.2812,True,2020-01-11,53,19,0,9,0,1
S2_ST_ROC,15m,friend,EXTRA,40,risk1,house,False,11034,96.682,0.096682,0.90398,8,142.77,True,2020-05-28,1596,817,1355,0,0,0
S2_ST_ROC,15m,friend,EXTRA,40,risk1,house,True,11034,99.856,0.099856,0.90045,8,142.83,True,2020-05-28,1584,809,1324,0,54,0
S2_ST_ROC,15m,friend,EXTRA,40,risk1,forced,False,11034,98.656,0.098656,0.90164,11,109.02,True,2020-04-24,2077,761,0,0,0,117
S2_ST_ROC,15m,friend,EXTRA,40,risk1,forced,True,11034,99.118,0.099118,0.90118,11,110.84,True,2020-04-26,2056,780,0,0,71,101
S2_ST_ROC,15m,friend,EXTRA,50,owner,house,False,11034,83.773,0.083773,0.96137,6,118.76,True,2020-06-20,57,28,4309,9,0,0
S2_ST_ROC,15m,friend,EXTRA,50,owner,house,True,11034,83.857,0.083857,0.96132,6,118.76,True,2020-06-20,57,28,4309,9,0,0
S2_ST_ROC,15m,friend,EXTRA,50,owner,forced,False,11034,92.552,0.092552,0.91493,2,2.4271,True,2020-01-09,24,5,0,6,0,2
S2_ST_ROC,15m,friend,EXTRA,50,owner,forced,True,11034,92.567,0.092567,0.91491,2,2.4271,True,2020-01-09,24,5,0,6,0,2
S2_ST_ROC,15m,friend,EXTRA,50,risk1,house,False,11034,96.185,0.096185,0.90393,10,166.23,True,2020-06-21,1317,652,2463,0,0,0
S2_ST_ROC,15m,friend,EXTRA,50,risk1,house,True,11034,96.908,0.096908,0.9032,10,166.23,True,2020-06-21,1317,652,2452,0,11,0
S2_ST_ROC,15m,friend,EXTRA,50,risk1,forced,False,11034,98.957,0.098957,0.90135,15,99.875,True,2020-04-15,2018,590,0,0,0,233
S2_ST_ROC,15m,friend,EXTRA,50,risk1,forced,True,11034,100.5,0.1005,0.90038,13,106.04,True,2020-04-21,2051,622,0,0,82,210
S2_ST_ROC,15m,pick1,SEARCH,20,owner,house,False,83676,90.937,0.090937,0.92618,7,7.25,True,2021-01-08,190,87,267,9,0,0
S2_ST_ROC,15m,pick1,SEARCH,20,owner,house,True,83676,95.674,0.095674,0.92231,7,7.25,True,2021-01-08,191,87,267,8,0,0
S2_ST_ROC,15m,pick1,SEARCH,20,owner,forced,False,83676,89.899,0.089899,0.95583,9,1.5417,True,2021-01-05,215,65,0,20,0,14
S2_ST_ROC,15m,pick1,SEARCH,20,owner,forced,True,83676,99.467,0.099467,0.95408,9,1.4479,True,2021-01-05,213,65,0,19,0,13
S2_ST_ROC,15m,pick1,SEARCH,20,risk1,house,False,83676,100.52,0.10052,0.90343,12,99.865,True,2021-04-10,3717,2227,1443,0,0,0
S2_ST_ROC,15m,pick1,SEARCH,20,risk1,house,True,83676,99.309,0.099309,0.90327,12,104.52,True,2021-04-15,3846,2266,1504,0,91,0
S2_ST_ROC,15m,pick1,SEARCH,20,risk1,forced,False,83676,99.243,0.099243,0.90557,12,90.281,True,2021-04-01,4418,2214,0,0,0,83
S2_ST_ROC,15m,pick1,SEARCH,20,risk1,forced,True,83676,98.199,0.098199,0.90502,10,91.656,True,2021-04-02,4418,2233,0,0,115,84
S2_ST_ROC,15m,pick1,SEARCH,30,owner,house,False,83676,74.546,0.074546,0.92808,6,23.229,True,2021-01-24,98,40,1572,10,0,0
S2_ST_ROC,15m,pick1,SEARCH,30,owner,house,True,83676,100.75,0.10075,0.91029,6,22.844,True,2021-01-24,89,34,1565,8,0,0
S2_ST_ROC,15m,pick1,SEARCH,30,owner,forced,False,83676,110.26,0.11026,0.95214,4,0.89583,True,2021-01-03,91,29,0,42,0,5
S2_ST_ROC,15m,pick1,SEARCH,30,owner,forced,True,83676,111.51,0.11151,0.95162,4,0.89583,True,2021-01-03,91,29,0,42,0,5
S2_ST_ROC,15m,pick1,SEARCH,30,risk1,house,False,83676,100.1,0.1001,0.90055,8,102.82,True,2021-04-13,2433,1267,3887,0,0,0
S2_ST_ROC,15m,pick1,SEARCH,30,risk1,house,True,83676,99.462,0.099462,0.90096,8,114.56,True,2021-04-25,2483,1263,4431,0,257,0
S2_ST_ROC,15m,pick1,SEARCH,30,risk1,forced,False,83676,100.39,0.10039,0.90342,11,81.625,True,2021-03-23,4454,1554,0,0,0,272
S2_ST_ROC,15m,pick1,SEARCH,30,risk1,forced,True,83676,96.105,0.096105,0.90656,11,86.812,True,2021-03-28,4589,1659,0,0,158,273
S2_ST_ROC,15m,pick1,SEARCH,40,owner,house,False,83676,93.504,0.093504,0.95422,4,34.875,True,2021-05-02,101,66,8713,6,0,0
S2_ST_ROC,15m,pick1,SEARCH,40,owner,house,True,83676,95.096,0.095096,0.95344,4,33.094,True,2021-04-30,102,69,8584,6,0,0
S2_ST_ROC,15m,pick1,SEARCH,40,owner,forced,False,83676,52.93,0.05293,0.97975,4,0.65625,True,2021-01-02,68,21,0,56,0,5
S2_ST_ROC,15m,pick1,SEARCH,40,owner,forced,True,83676,52.989,0.052989,0.97973,4,0.65625,True,2021-01-02,68,21,0,56,0,5
S2_ST_ROC,15m,pick1,SEARCH,40,risk1,house,False,83676,100.17,0.10017,0.90176,11,216.1,True,2021-08-05,2427,1266,12072,0,0,0
S2_ST_ROC,15m,pick1,SEARCH,40,risk1,house,True,83676,99.49,0.09949,0.90178,11,236.76,True,2021-08-26,2655,1393,12458,0,713,0
S2_ST_ROC,15m,pick1,SEARCH,40,risk1,forced,False,83676,98.682,0.098682,0.90513,14,71.115,True,2021-03-13,4198,1004,0,0,0,601
S2_ST_ROC,15m,pick1,SEARCH,40,risk1,forced,True,83676,99.782,0.099782,0.90406,14,72.51,True,2021-03-14,4135,987,0,0,198,599
S2_ST_ROC,15m,pick1,SEARCH,50,owner,house,False,83676,91.999,0.091999,0.91083,6,223.19,True,2022-04-17,38,25,35164,5,0,0
S2_ST_ROC,15m,pick1,SEARCH,50,owner,house,True,83676,95.682,0.095682,0.90725,6,223.19,True,2022-04-17,39,26,35162,5,0,0
S2_ST_ROC,15m,pick1,SEARCH,50,owner,forced,False,83676,0,0,1,3,1.0625,True,2021-01-02,41,12,0,44,0,6
S2_ST_ROC,15m,pick1,SEARCH,50,owner,forced,True,83676,0.0010308,1.0308e-06,1,3,1.0625,True,2021-01-02,41,12,0,44,0,6
S2_ST_ROC,15m,pick1,SEARCH,50,risk1,house,False,83676,98.87,0.09887,0.90113,9,317.66,True,2021-11-14,1942,1094,20490,0,0,0
S2_ST_ROC,15m,pick1,SEARCH,50,risk1,house,True,83676,99.567,0.099567,0.90043,9,348.23,True,2021-12-15,2095,1201,21186,0,1428,0
S2_ST_ROC,15m,pick1,SEARCH,50,risk1,forced,False,83676,98.947,0.098947,0.90487,16,50.906,True,2021-02-21,3286,490,0,0,0,751
S2_ST_ROC,15m,pick1,SEARCH,50,risk1,forced,True,83676,98.741,0.098741,0.90506,16,51.5,True,2021-02-21,3193,451,0,0,179,748
S2_ST_ROC,15m,pick1,TEST,20,owner,house,False,76543,94.353,0.094353,0.91826,8,8.7083,True,2024-01-09,238,294,13,165,0,0
S2_ST_ROC,15m,pick1,TEST,20,owner,house,True,76543,94.999,0.094999,0.91746,8,8.7083,True,2024-01-09,240,300,13,157,0,0
S2_ST_ROC,15m,pick1,TEST,20,owner,forced,False,76543,104.25,0.10425,0.90298,8,7.3333,True,2024-01-08,202,253,0,144,0,1
S2_ST_ROC,15m,pick1,TEST,20,owner,forced,True,76543,90.569,0.090569,0.91904,8,8.7083,True,2024-01-09,242,302,0,157,0,1
S2_ST_ROC,15m,pick1,TEST,20,risk1,house,False,76543,98.346,0.098346,0.90443,14,52.167,True,2024-02-23,1828,2215,24,0,0,0
S2_ST_ROC,15m,pick1,TEST,20,risk1,house,True,76543,99.16,0.09916,0.90452,14,54.896,True,2024-02-26,1870,2334,24,0,59,0
S2_ST_ROC,15m,pick1,TEST,20,risk1,forced,False,76543,99.46,0.09946,0.90395,14,51.906,True,2024-02-23,1833,2216,0,0,0,1
S2_ST_ROC,15m,pick1,TEST,20,risk1,forced,True,76543,96.742,0.096742,0.90607,14,54.573,True,2024-02-24,1856,2268,0,0,51,1
S2_ST_ROC,15m,pick1,TEST,30,owner,house,False,76543,98.226,0.098226,0.90462,7,4.7292,True,2024-01-05,97,90,83,116,0,0
S2_ST_ROC,15m,pick1,TEST,30,owner,house,True,76543,98.991,0.098991,0.90387,7,4.7292,True,2024-01-05,97,90,83,116,0,0
S2_ST_ROC,15m,pick1,TEST,30,owner,forced,False,76543,83.482,0.083482,0.91894,5,3.9062,True,2024-01-04,80,77,0,155,0,1
S2_ST_ROC,15m,pick1,TEST,30,owner,forced,True,76543,84.181,0.084181,0.91825,5,3.9062,True,2024-01-04,80,77,0,155,0,1
S2_ST_ROC,15m,pick1,TEST,30,risk1,house,False,76543,97.6,0.0976,0.9054,12,47.104,True,2024-02-16,1677,1709,228,0,0,0
S2_ST_ROC,15m,pick1,TEST,30,risk1,house,True,76543,97.335,0.097335,0.90495,12,49.302,True,2024-02-19,1720,1757,226,0,91,0
S2_ST_ROC,15m,pick1,TEST,30,risk1,forced,False,76543,100.17,0.10017,0.90315,14,41.74,True,2024-02-11,1606,1633,0,0,0,7
S2_ST_ROC,15m,pick1,TEST,30,risk1,forced,True,76543,100.52,0.10052,0.90255,14,46.208,True,2024-02-16,1732,1745,0,0,96,7
S2_ST_ROC,15m,pick1,TEST,40,owner,house,False,76543,93.45,0.09345,0.92119,5,7.9062,True,2024-01-09,65,64,456,68,0,0
S2_ST_ROC,15m,pick1,TEST,40,owner,house,True,76543,90.805,0.090805,0.92342,5,7.9062,True,2024-01-09,65,65,455,68,0,0
S2_ST_ROC,15m,pick1,TEST,40,owner,forced,False,76543,38.118,0.038118,0.9638,4,3.5104,True,2024-01-04,61,50,0,168,0,3
S2_ST_ROC,15m,pick1,TEST,40,owner,forced,True,76543,41.264,0.041264,0.96082,4,3.5104,True,2024-01-04,62,51,0,166,0,3
S2_ST_ROC,15m,pick1,TEST,40,risk1,house,False,76543,104.09,0.10409,0.90322,12,41.833,True,2024-02-12,1301,1306,649,0,0,0
S2_ST_ROC,15m,pick1,TEST,40,risk1,house,True,76543,98.055,0.098055,0.90509,12,47.094,True,2024-02-16,1431,1400,676,0,107,0
S2_ST_ROC,15m,pick1,TEST,40,risk1,forced,False,76543,94.259,0.094259,0.90789,14,37.406,True,2024-02-07,1546,1321,0,0,0,37
S2_ST_ROC,15m,pick1,TEST,40,risk1,forced,True,76543,99.359,0.099359,0.90289,14,41.583,True,2024-02-11,1678,1501,0,0,60,37
S2_ST_ROC,15m,pick1,TEST,50,owner,house,False,76543,84.813,0.084813,0.92766,6,27.5,True,2024-02-04,63,90,2411,71,0,0
S2_ST_ROC,15m,pick1,TEST,50,owner,house,True,76543,104.77,0.10477,0.91817,5,26.75,True,2024-02-03,57,77,2382,45,0,0
S2_ST_ROC,15m,pick1,TEST,50,owner,forced,False,76543,71.877,0.071877,0.94881,3,1.2292,True,2024-01-02,27,20,0,68,0,1
S2_ST_ROC,15m,pick1,TEST,50,owner,forced,True,76543,73.989,0.073989,0.9473,3,1.2292,True,2024-01-02,27,20,0,68,0,1
S2_ST_ROC,15m,pick1,TEST,50,risk1,house,False,76543,99.241,0.099241,0.90292,15,50.135,True,2024-02-20,1336,1215,1323,0,0,0
S2_ST_ROC,15m,pick1,TEST,50,risk1,house,True,76543,99.114,0.099114,0.90303,15,52.021,True,2024-02-22,1377,1228,1317,0,75,0
S2_ST_ROC,15m,pick1,TEST,50,risk1,forced,False,76543,97.177,0.097177,0.90598,15,33.938,True,2024-02-04,1532,1108,0,0,0,89
S2_ST_ROC,15m,pick1,TEST,50,risk1,forced,True,76543,100.92,0.10092,0.90372,15,34.521,True,2024-02-04,1532,1122,0,0,32,87
S2_ST_ROC,15m,pick1,EXTRA,20,owner,house,False,23629,103.96,0.10396,0.90685,8,15.271,True,2020-01-21,327,367,44,15,0,0
S2_ST_ROC,15m,pick1,EXTRA,20,owner,house,True,23629,103.8,0.1038,0.90698,8,15.271,True,2020-01-21,327,367,44,15,0,0
S2_ST_ROC,15m,pick1,EXTRA,20,owner,forced,False,23629,104.54,0.10454,0.90851,8,11.99,True,2020-01-18,268,278,0,9,0,1
S2_ST_ROC,15m,pick1,EXTRA,20,owner,forced,True,23629,104.54,0.10454,0.90849,8,11.99,True,2020-01-18,268,278,0,9,0,1
S2_ST_ROC,15m,pick1,EXTRA,20,risk1,house,False,23629,100.53,0.10053,0.90156,13,84.812,True,2020-03-31,2272,2017,356,0,1,0
S2_ST_ROC,15m,pick1,EXTRA,20,risk1,house,True,23629,101.24,0.10124,0.90183,13,86.396,True,2020-04-01,2216,1997,282,0,251,0
S2_ST_ROC,15m,pick1,EXTRA,20,risk1,forced,False,23629,96.76,0.09676,0.90453,13,83.125,True,2020-03-29,2463,2078,0,0,1,20
S2_ST_ROC,15m,pick1,EXTRA,20,risk1,forced,True,23629,100.31,0.10031,0.90226,13,83.667,True,2020-03-30,2332,2021,0,0,232,11
S2_ST_ROC,15m,pick1,EXTRA,30,owner,house,False,23629,97.659,0.097659,0.91518,5,6.0208,True,2020-01-12,92,102,46,5,0,0
S2_ST_ROC,15m,pick1,EXTRA,30,owner,house,True,23629,97.861,0.097861,0.91501,5,6.0208,True,2020-01-12,92,102,46,5,0,0
S2_ST_ROC,15m,pick1,EXTRA,30,owner,forced,False,23629,103.6,0.1036,0.91643,5,2.6771,True,2020-01-09,49,46,0,4,0,0
S2_ST_ROC,15m,pick1,EXTRA,30,owner,forced,True,23629,103.68,0.10368,0.91636,5,2.6771,True,2020-01-09,49,46,0,4,0,0
S2_ST_ROC,15m,pick1,EXTRA,30,risk1,house,False,23629,100.93,0.10093,0.90307,11,96.042,True,2020-04-11,2296,1728,1246,0,0,0
S2_ST_ROC,15m,pick1,EXTRA,30,risk1,house,True,23629,101.1,0.1011,0.90288,11,96.042,True,2020-04-11,2224,1680,1095,0,271,0
S2_ST_ROC,15m,pick1,EXTRA,30,risk1,forced,False,23629,97.935,0.097935,0.90362,11,74.219,True,2020-03-20,2442,1581,0,0,1,68
S2_ST_ROC,15m,pick1,EXTRA,30,risk1,forced,True,23629,98.992,0.098992,0.90258,11,75.312,True,2020-03-21,2340,1565,0,0,185,53
S2_ST_ROC,15m,pick1,EXTRA,40,owner,house,False,23629,97.58,0.09758,0.93718,5,15.115,True,2020-01-27,109,112,828,25,0,0
S2_ST_ROC,15m,pick1,EXTRA,40,owner,house,True,23629,97.773,0.097773,0.93706,5,15.115,True,2020-01-27,109,112,828,25,0,0
S2_ST_ROC,15m,pick1,EXTRA,40,owner,forced,False,23629,65.045,0.065045,0.95109,4,1.7917,True,2020-01-08,35,38,0,23,0,1
S2_ST_ROC,15m,pick1,EXTRA,40,owner,forced,True,23629,65.123,0.065123,0.95103,4,1.7917,True,2020-01-08,35,38,0,23,0,1
S2_ST_ROC,15m,pick1,EXTRA,40,risk1,house,False,23629,99.665,0.099665,0.90153,12,107.31,True,2020-04-23,1860,1338,2773,0,0,0
S2_ST_ROC,15m,pick1,EXTRA,40,risk1,house,True,23629,99.46,0.09946,0.90173,12,107.4,True,2020-04-23,1861,1337,2649,0,128,0
S2_ST_ROC,15m,pick1,EXTRA,40,risk1,forced,False,23629,97.847,0.097847,0.9032,11,56.708,True,2020-03-03,1921,1149,0,0,0,79
S2_ST_ROC,15m,pick1,EXTRA,40,risk1,forced,True,23629,97.908,0.097908,0.90314,11,56.708,True,2020-03-03,1905,1141,0,0,24,79
S2_ST_ROC,15m,pick1,EXTRA,50,owner,house,False,23629,79.722,0.079722,0.92161,7,129.35,True,2020-06-10,42,34,8690,6,0,0
S2_ST_ROC,15m,pick1,EXTRA,50,owner,house,True,23629,79.782,0.079782,0.92155,7,129.35,True,2020-06-10,42,34,8690,6,0,0
S2_ST_ROC,15m,pick1,EXTRA,50,owner,forced,False,23629,22.619,0.022619,0.98471,2,1.4375,True,2020-01-08,25,29,0,15,0,2
S2_ST_ROC,15m,pick1,EXTRA,50,owner,forced,True,23629,22.624,0.022624,0.98471,2,1.4375,True,2020-01-08,25,29,0,15,0,2
S2_ST_ROC,15m,pick1,EXTRA,50,risk1,house,False,23629,98.606,0.098606,0.90296,12,137.94,True,2020-05-24,1487,1021,5264,0,0,0
S2_ST_ROC,15m,pick1,EXTRA,50,risk1,house,True,23629,99.668,0.099668,0.9019,12,137.94,True,2020-05-24,1487,1020,5166,0,99,0
S2_ST_ROC,15m,pick1,EXTRA,50,risk1,forced,False,23629,98.993,0.098993,0.90305,14,47.583,True,2020-02-23,1697,890,0,0,0,161
S2_ST_ROC,15m,pick1,EXTRA,50,risk1,forced,True,23629,99.108,0.099108,0.90193,14,47.469,True,2020-02-22,1679,872,0,0,20,160
S2_ST_ROC,15m,pick2,SEARCH,20,owner,house,False,46118,73.86,0.07386,0.92905,5,13.896,True,2021-01-15,227,76,307,8,0,0
S2_ST_ROC,15m,pick2,SEARCH,20,owner,house,True,46118,74.734,0.074734,0.92821,5,13.896,True,2021-01-15,227,76,307,8,0,0
S2_ST_ROC,15m,pick2,SEARCH,20,owner,forced,False,46118,68.289,0.068289,0.9344,7,3.4062,True,2021-01-04,111,38,0,9,0,5
S2_ST_ROC,15m,pick2,SEARCH,20,owner,forced,True,46118,68.398,0.068398,0.9343,7,3.4062,True,2021-01-04,111,38,0,9,0,5
S2_ST_ROC,15m,pick2,SEARCH,20,risk1,house,False,46118,100.22,0.10022,0.90143,14,189.29,True,2021-07-09,4290,1571,1782,0,0,0
S2_ST_ROC,15m,pick2,SEARCH,20,risk1,house,True,46118,99.283,0.099283,0.90101,14,197.43,True,2021-07-17,4381,1612,1702,0,286,0
S2_ST_ROC,15m,pick2,SEARCH,20,risk1,forced,False,46118,98.343,0.098343,0.90194,9,121.74,True,2021-05-02,3811,1268,0,0,0,86
S2_ST_ROC,15m,pick2,SEARCH,20,risk1,forced,True,46118,99.92,0.09992,0.90131,10,162.89,True,2021-06-13,4660,1467,0,0,504,99
S2_ST_ROC,15m,pick2,SEARCH,30,owner,house,False,46118,88.032,0.088032,0.91197,4,32.031,True,2021-02-02,141,45,1119,12,0,0
S2_ST_ROC,15m,pick2,SEARCH,30,owner,house,True,46118,92.329,0.092329,0.90767,4,32.031,True,2021-02-02,142,45,1118,12,0,0
S2_ST_ROC,15m,pick2,SEARCH,30,owner,forced,False,46118,71.906,0.071906,0.92809,4,1.4792,True,2021-01-02,46,14,0,17,0,3
S2_ST_ROC,15m,pick2,SEARCH,30,owner,forced,True,46118,71.969,0.071969,0.92803,4,1.4792,True,2021-01-02,46,14,0,17,0,3
S2_ST_ROC,15m,pick2,SEARCH,30,risk1,house,False,46118,97.689,0.097689,0.90342,10,190.32,True,2021-07-19,2918,1014,4132,0,0,0
S2_ST_ROC,15m,pick2,SEARCH,30,risk1,house,True,46118,98.619,0.098619,0.90227,10,196.41,True,2021-07-25,3029,1058,4101,0,145,0
S2_ST_ROC,15m,pick2,SEARCH,30,risk1,forced,False,46118,97.732,0.097732,0.9026,10,117.38,True,2021-04-28,3938,964,0,0,0,255
S2_ST_ROC,15m,pick2,SEARCH,30,risk1,forced,True,46118,99.97,0.09997,0.90025,10,132.1,True,2021-05-13,4217,1002,0,0,259,275
S2_ST_ROC,15m,pick2,SEARCH,40,owner,house,False,46118,91.802,0.091802,0.93705,3,125.24,True,2021-07-23,124,67,8039,6,0,0
S2_ST_ROC,15m,pick2,SEARCH,40,owner,house,True,46118,99.826,0.099826,0.93155,3,125.24,True,2021-07-23,127,68,8035,6,0,0
S2_ST_ROC,15m,pick2,SEARCH,40,owner,forced,False,46118,84.14,0.08414,0.93699,3,1.1667,True,2021-01-02,36,7,0,29,0,5
S2_ST_ROC,15m,pick2,SEARCH,40,owner,forced,True,46118,84.298,0.084298,0.93687,3,1.1667,True,2021-01-02,36,7,0,29,0,5
S2_ST_ROC,15m,pick2,SEARCH,40,risk1,house,False,46118,99.355,0.099355,0.90228,8,196.46,True,2021-10-10,2490,923,8135,0,0,0
S2_ST_ROC,15m,pick2,SEARCH,40,risk1,house,True,46118,100.14,0.10014,0.90195,10,205.78,True,2021-10-19,2563,951,7960,0,449,0
S2_ST_ROC,15m,pick2,SEARCH,40,risk1,forced,False,46118,101.05,0.10105,0.9014,11,95.083,True,2021-04-06,3297,620,0,0,0,432
S2_ST_ROC,15m,pick2,SEARCH,40,risk1,forced,True,46118,100.09,0.10009,0.90154,10,96.74,True,2021-04-08,3243,591,0,0,176,436
S2_ST_ROC,15m,pick2,SEARCH,50,owner,house,False,46118,86.001,0.086001,0.914,6,264.54,True,2022-05-29,42,33,21019,3,0,0
S2_ST_ROC,15m,pick2,SEARCH,50,owner,house,True,46118,94.158,0.094158,0.9116,6,257.9,True,2022-05-22,40,34,20719,3,0,0
S2_ST_ROC,15m,pick2,SEARCH,50,owner,forced,False,46118,94.534,0.094534,0.95183,6,0.51042,True,2021-01-01,17,4,0,18,0,2
S2_ST_ROC,15m,pick2,SEARCH,50,owner,forced,True,46118,94.585,0.094585,0.9518,6,0.51042,True,2021-01-01,17,4,0,18,0,2
S2_ST_ROC,15m,pick2,SEARCH,50,risk1,house,False,46118,100.38,0.10038,0.90835,8,293.43,True,2022-01-15,1870,810,13001,0,0,0
S2_ST_ROC,15m,pick2,SEARCH,50,risk1,house,True,46118,99.329,0.099329,0.90817,8,294.83,True,2022-01-16,1863,813,12507,0,570,0
S2_ST_ROC,15m,pick2,SEARCH,50,risk1,forced,False,46118,98.721,0.098721,0.90262,11,55.083,True,2021-02-25,2112,207,0,0,0,595
S2_ST_ROC,15m,pick2,SEARCH,50,risk1,forced,True,46118,98.703,0.098703,0.90264,14,59.083,True,2021-03-01,2168,196,0,0,119,610
S2_ST_ROC,15m,pick2,TEST,20,owner,house,False,41516,95.109,0.095109,0.91493,6,11.552,True,2024-01-15,263,239,13,103,0,0
S2_ST_ROC,15m,pick2,TEST,20,owner,house,True,41516,94.222,0.094222,0.91589,6,11.552,True,2024-01-15,264,242,13,99,0,0
S2_ST_ROC,15m,pick2,TEST,20,owner,forced,False,41516,86.983,0.086983,0.92132,6,11.552,True,2024-01-15,267,242,0,104,0,0
S2_ST_ROC,15m,pick2,TEST,20,owner,forced,True,41516,96.014,0.096014,0.91333,6,11.656,True,2024-01-15,275,249,0,95,0,0
S2_ST_ROC,15m,pick2,TEST,20,risk1,house,False,41516,102.48,0.10248,0.90848,11,59.281,True,2024-03-03,1474,1211,38,0,0,0
S2_ST_ROC,15m,pick2,TEST,20,risk1,house,True,41516,96.629,0.096629,0.91022,11,103.54,True,2024-04-16,2291,1619,109,0,457,0
S2_ST_ROC,15m,pick2,TEST,20,risk1,forced,False,41516,98.589,0.098589,0.90814,11,59.271,True,2024-03-03,1501,1216,0,0,0,1
S2_ST_ROC,15m,pick2,TEST,20,risk1,forced,True,41516,96.661,0.096661,0.91024,11,101.69,True,2024-04-14,2327,1605,0,0,477,3
S2_ST_ROC,15m,pick2,TEST,30,owner,house,False,41516,90.439,0.090439,0.93493,6,7.6771,True,2024-01-10,123,93,88,77,0,0
S2_ST_ROC,15m,pick2,TEST,30,owner,house,True,41516,90.405,0.090405,0.93492,6,7.6771,True,2024-01-10,123,93,88,77,0,0
S2_ST_ROC,15m,pick2,TEST,30,owner,forced,False,41516,88.158,0.088158,0.92843,6,7.3646,True,2024-01-08,119,85,0,102,0,0
S2_ST_ROC,15m,pick2,TEST,30,owner,forced,True,41516,88.339,0.088339,0.9282,6,7.3646,True,2024-01-08,119,85,0,102,0,0
S2_ST_ROC,15m,pick2,TEST,30,risk1,house,False,41516,98.85,0.09885,0.90635,11,53.896,True,2024-02-25,1380,927,102,0,0,0
S2_ST_ROC,15m,pick2,TEST,30,risk1,house,True,41516,98.698,0.098698,0.90632,11,54.49,True,2024-02-25,1390,940,101,0,20,0
S2_ST_ROC,15m,pick2,TEST,30,risk1,forced,False,41516,97.796,0.097796,0.90707,11,52.917,True,2024-02-24,1444,928,0,0,0,4
S2_ST_ROC,15m,pick2,TEST,30,risk1,forced,True,41516,97.924,0.097924,0.90705,11,54.208,True,2024-02-25,1460,950,0,0,26,4
S2_ST_ROC,15m,pick2,TEST,40,owner,house,False,41516,87.31,0.08731,0.92155,16,13.229,True,2024-01-15,71,53,443,53,0,0
S2_ST_ROC,15m,pick2,TEST,40,owner,house,True,41516,87.739,0.087739,0.92116,16,13.229,True,2024-01-15,71,54,442,53,0,0
S2_ST_ROC,15m,pick2,TEST,40,owner,forced,False,41516,84.856,0.084856,0.92043,4,5.9688,True,2024-01-07,71,49,0,114,0,0
S2_ST_ROC,15m,pick2,TEST,40,owner,forced,True,41516,85.081,0.085081,0.92022,4,5.9688,True,2024-01-07,71,49,0,114,0,0
S2_ST_ROC,15m,pick2,TEST,40,risk1,house,False,41516,96.209,0.096209,0.90808,11,54.208,True,2024-02-25,1304,777,353,0,0,0
S2_ST_ROC,15m,pick2,TEST,40,risk1,house,True,41516,100,0.1,0.90454,8,79.875,True,2024-03-22,1522,871,822,0,265,0
S2_ST_ROC,15m,pick2,TEST,40,risk1,forced,False,41516,97.63,0.09763,0.90551,11,49.208,True,2024-02-22,1452,801,0,0,0,18
S2_ST_ROC,15m,pick2,TEST,40,risk1,forced,True,41516,98.815,0.098815,0.90449,11,51.448,True,2024-02-24,1491,834,0,0,47,18
S2_ST_ROC,15m,pick2,TEST,50,owner,house,False,41516,90.309,0.090309,0.93698,7,23.115,True,2024-01-30,47,31,1205,20,0,0
S2_ST_ROC,15m,pick2,TEST,50,owner,house,True,41516,90.373,0.090373,0.93693,7,23.115,True,2024-01-30,47,31,1205,20,0,0
S2_ST_ROC,15m,pick2,TEST,50,owner,forced,False,41516,95.467,0.095467,0.92532,4,3.3021,True,2024-01-04,37,20,0,65,0,3
S2_ST_ROC,15m,pick2,TEST,50,owner,forced,True,41516,95.225,0.095225,0.92528,4,3.3021,True,2024-01-04,37,20,0,65,0,3
S2_ST_ROC,15m,pick2,TEST,50,risk1,house,False,41516,98.913,0.098913,0.9049,9,95.573,True,2024-04-07,1388,762,1962,0,0,0
S2_ST_ROC,15m,pick2,TEST,50,risk1,house,True,41516,99.623,0.099623,0.9042,9,110.58,True,2024-04-22,1434,798,2008,0,509,0
S2_ST_ROC,15m,pick2,TEST,50,risk1,forced,False,41516,100.03,0.10003,0.90224,10,47.958,True,2024-02-19,1423,696,0,0,0,63
S2_ST_ROC,15m,pick2,TEST,50,risk1,forced,True,41516,98.86,0.09886,0.90319,10,50.219,True,2024-02-21,1464,710,0,0,51,61
S2_ST_ROC,15m,pick2,EXTRA,20,owner,house,False,12991,136.9,0.1369,0.90763,11,8.3229,True,2020-01-19,221,102,19,4,0,0
S2_ST_ROC,15m,pick2,EXTRA,20,owner,house,True,12991,136.7,0.1367,0.90752,11,8.3229,True,2020-01-19,221,102,19,4,0,0
S2_ST_ROC,15m,pick2,EXTRA,20,owner,forced,False,12991,99.601,0.099601,0.91432,11,9.375,True,2020-01-20,249,116,0,10,0,0
S2_ST_ROC,15m,pick2,EXTRA,20,owner,forced,True,12991,99.827,0.099827,0.91411,11,9.375,True,2020-01-20,249,116,0,10,0,0
S2_ST_ROC,15m,pick2,EXTRA,20,risk1,house,False,12991,95.698,0.095698,0.9043,11,138.7,True,2020-05-24,2431,1619,199,0,0,0
S2_ST_ROC,15m,pick2,EXTRA,20,risk1,house,True,12991,99.711,0.099711,0.90029,11,138.7,True,2020-05-24,2389,1594,172,0,98,0
S2_ST_ROC,15m,pick2,EXTRA,20,risk1,forced,False,12991,98.475,0.098475,0.90152,11,131.5,True,2020-05-16,2472,1552,0,0,0,15
S2_ST_ROC,15m,pick2,EXTRA,20,risk1,forced,True,12991,97.645,0.097645,0.90235,11,138.7,True,2020-05-23,2498,1608,0,0,133,12
S2_ST_ROC,15m,pick2,EXTRA,30,owner,house,False,12991,91.863,0.091863,0.91408,10,7.3021,True,2020-01-13,89,58,17,10,0,0
S2_ST_ROC,15m,pick2,EXTRA,30,owner,house,True,12991,92.006,0.092006,0.91394,10,7.3021,True,2020-01-13,89,58,17,10,0,0
S2_ST_ROC,15m,pick2,EXTRA,30,owner,forced,False,12991,74.915,0.074915,0.92735,10,6.4167,True,2020-01-12,84,33,0,6,0,0
S2_ST_ROC,15m,pick2,EXTRA,30,owner,forced,True,12991,74.938,0.074938,0.92733,10,6.4167,True,2020-01-12,84,33,0,6,0,0
S2_ST_ROC,15m,pick2,EXTRA,30,risk1,house,False,12991,98.253,0.098253,0.90238,10,150.41,True,2020-06-04,2458,1416,711,0,0,0
S2_ST_ROC,15m,pick2,EXTRA,30,risk1,house,True,12991,99.482,0.099482,0.90125,10,150.5,True,2020-06-05,2452,1417,682,0,42,0
S2_ST_ROC,15m,pick2,EXTRA,30,risk1,forced,False,12991,96.526,0.096526,0.90377,10,118.45,True,2020-05-04,2431,1161,0,0,0,50
S2_ST_ROC,15m,pick2,EXTRA,30,risk1,forced,True,12991,103.24,0.10324,0.90089,10,135.07,True,2020-05-20,2653,1345,0,0,144,40
S2_ST_ROC,15m,pick2,EXTRA,40,owner,house,False,12991,92.034,0.092034,0.90797,4,32.042,True,2020-02-07,108,85,748,18,0,0
S2_ST_ROC,15m,pick2,EXTRA,40,owner,house,True,12991,92.237,0.092237,0.90776,4,32.042,True,2020-02-07,108,85,748,18,0,0
S2_ST_ROC,15m,pick2,EXTRA,40,owner,forced,False,12991,89.575,0.089575,0.91513,3,5.3333,True,2020-01-11,65,18,0,14,0,2
S2_ST_ROC,15m,pick2,EXTRA,40,owner,forced,True,12991,89.627,0.089627,0.91508,3,5.3333,True,2020-01-11,65,18,0,14,0,2
S2_ST_ROC,15m,pick2,EXTRA,40,risk1,house,False,12991,99.144,0.099144,0.90148,11,150.41,True,2020-06-04,1935,1025,1617,0,0,0
S2_ST_ROC,15m,pick2,EXTRA,40,risk1,house,True,12991,98.696,0.098696,0.90194,11,150.41,True,2020-06-04,1934,1027,1576,0,49,0
S2_ST_ROC,15m,pick2,EXTRA,40,risk1,forced,False,12991,99.683,0.099683,0.90062,10,106.17,True,2020-04-21,2344,876,0,0,0,147
S2_ST_ROC,15m,pick2,EXTRA,40,risk1,forced,True,12991,96.694,0.096694,0.9036,10,109.43,True,2020-04-24,2323,880,0,0,111,125
S2_ST_ROC,15m,pick2,EXTRA,50,owner,house,False,12991,93.005,0.093005,0.91726,8,159.81,True,2020-06-21,62,40,5035,11,0,0
S2_ST_ROC,15m,pick2,EXTRA,50,owner,house,True,12991,93.087,0.093087,0.91718,8,159.81,True,2020-06-21,62,40,5035,11,0,0
S2_ST_ROC,15m,pick2,EXTRA,50,owner,forced,False,12991,73.356,0.073356,0.93257,3,1.625,True,2020-01-08,20,5,0,8,0,2
S2_ST_ROC,15m,pick2,EXTRA,50,owner,forced,True,12991,73.357,0.073357,0.93257,3,1.625,True,2020-01-08,20,5,0,8,0,2
S2_ST_ROC,15m,pick2,EXTRA,50,risk1,house,False,12991,99.996,0.099996,0.90001,9,165.41,True,2020-06-19,1442,777,2874,0,0,0
S2_ST_ROC,15m,pick2,EXTRA,50,risk1,house,True,12991,99.111,0.099111,0.90106,9,165.81,True,2020-06-20,1446,779,2860,0,14,0
S2_ST_ROC,15m,pick2,EXTRA,50,risk1,forced,False,12991,99.847,0.099847,0.90132,13,87.75,True,2020-04-03,2034,611,0,0,0,260
S2_ST_ROC,15m,pick2,EXTRA,50,risk1,forced,True,12991,99.151,0.099151,0.90116,11,92.094,True,2020-04-07,2012,631,0,0,139,224
S2_ST_ROC,15m,pick3,SEARCH,20,owner,house,False,96595,94.558,0.094558,0.90764,9,6.3854,True,2021-01-07,189,112,252,12,0,0
S2_ST_ROC,15m,pick3,SEARCH,20,owner,house,True,96595,96.422,0.096422,0.90571,9,6.3854,True,2021-01-07,189,112,252,12,0,0
S2_ST_ROC,15m,pick3,SEARCH,20,owner,forced,False,96595,74.503,0.074503,0.9255,9,2.1771,True,2021-01-03,106,61,0,29,0,3
S2_ST_ROC,15m,pick3,SEARCH,20,owner,forced,True,96595,74.448,0.074448,0.92555,9,2.1771,True,2021-01-03,106,61,0,29,0,3
S2_ST_ROC,15m,pick3,SEARCH,20,risk1,house,False,96595,99.671,0.099671,0.90131,12,100.18,True,2021-04-11,4296,2609,1723,0,0,0
S2_ST_ROC,15m,pick3,SEARCH,20,risk1,house,True,96595,97.243,0.097243,0.90276,12,101.97,True,2021-04-12,4349,2620,1735,0,58,0
S2_ST_ROC,15m,pick3,SEARCH,20,risk1,forced,False,96595,100.58,0.10058,0.90106,12,87.073,True,2021-03-29,4982,2485,0,0,0,126
S2_ST_ROC,15m,pick3,SEARCH,20,risk1,forced,True,96595,100.06,0.10006,0.90051,11,88.156,True,2021-03-30,4926,2472,0,0,174,125
S2_ST_ROC,15m,pick3,SEARCH,30,owner,house,False,96595,87.872,0.087872,0.91712,3,17.094,True,2021-01-31,176,85,2270,29,0,0
S2_ST_ROC,15m,pick3,SEARCH,30,owner,house,True,96595,88.427,0.088427,0.91758,4,17.094,True,2021-01-30,172,84,2264,28,0,0
S2_ST_ROC,15m,pick3,SEARCH,30,owner,forced,False,96595,95.462,0.095462,0.90454,7,0.72917,True,2021-01-01,29,14,0,30,0,2
S2_ST_ROC,15m,pick3,SEARCH,30,owner,forced,True,96595,95.665,0.095665,0.90433,7,0.72917,True,2021-01-01,29,14,0,30,0,2
S2_ST_ROC,15m,pick3,SEARCH,30,risk1,house,False,96595,96.343,0.096343,0.90366,10,97.844,True,2021-04-08,2620,1388,4411,0,0,0
S2_ST_ROC,15m,pick3,SEARCH,30,risk1,house,True,96595,99.637,0.099637,0.90061,10,97.948,True,2021-04-08,2611,1382,4398,0,40,0
S2_ST_ROC,15m,pick3,SEARCH,30,risk1,forced,False,96595,98.986,0.098986,0.9013,14,70.271,True,2021-03-12,4550,1455,0,0,0,358
S2_ST_ROC,15m,pick3,SEARCH,30,risk1,forced,True,96595,98.731,0.098731,0.90127,14,73.094,True,2021-03-15,4579,1488,0,0,191,359
S2_ST_ROC,15m,pick3,SEARCH,40,owner,house,False,96595,90.349,0.090349,0.95158,6,19.781,True,2021-04-17,106,82,8906,7,0,0
S2_ST_ROC,15m,pick3,SEARCH,40,owner,house,True,96595,94.601,0.094601,0.94929,4,118.17,True,2021-07-24,189,131,17070,11,0,0
S2_ST_ROC,15m,pick3,SEARCH,40,owner,forced,False,96595,76.867,0.076867,0.92313,5,0.5,True,2021-01-01,18,6,0,21,0,1
S2_ST_ROC,15m,pick3,SEARCH,40,owner,forced,True,96595,77.167,0.077167,0.92283,5,0.5,True,2021-01-01,18,6,0,21,0,1
S2_ST_ROC,15m,pick3,SEARCH,40,risk1,house,False,96595,97.225,0.097225,0.90334,9,193.25,True,2021-07-13,2245,1169,13076,0,0,0
S2_ST_ROC,15m,pick3,SEARCH,40,risk1,house,True,96595,99.573,0.099573,0.90071,9,196.79,True,2021-07-17,2239,1164,12727,0,660,0
S2_ST_ROC,15m,pick3,SEARCH,40,risk1,forced,False,96595,98.543,0.098543,0.90352,14,54.542,True,2021-02-24,3933,806,0,0,0,669
S2_ST_ROC,15m,pick3,SEARCH,40,risk1,forced,True,96595,99.339,0.099339,0.90271,16,58.073,True,2021-02-28,4005,796,0,0,215,698
S2_ST_ROC,15m,pick3,SEARCH,50,owner,house,False,96595,97.426,0.097426,0.91205,7,117,True,2022-04-23,44,44,41233,6,0,0
S2_ST_ROC,15m,pick3,SEARCH,50,owner,house,True,96595,96.146,0.096146,0.91321,7,117.45,True,2022-04-23,48,52,41263,6,0,0
S2_ST_ROC,15m,pick3,SEARCH,50,owner,forced,False,96595,95.558,0.095558,0.90444,2,0.26042,True,2021-01-01,8,3,0,15,0,1
S2_ST_ROC,15m,pick3,SEARCH,50,owner,forced,True,96595,95.768,0.095768,0.90423,2,0.26042,True,2021-01-01,8,3,0,15,0,1
S2_ST_ROC,15m,pick3,SEARCH,50,risk1,house,False,96595,99.564,0.099564,0.90918,10,219.48,True,2021-11-02,1945,1081,23163,0,0,0
S2_ST_ROC,15m,pick3,SEARCH,50,risk1,house,True,96595,99.576,0.099576,0.90921,10,226.07,True,2021-11-08,2074,1189,22457,0,1099,0
S2_ST_ROC,15m,pick3,SEARCH,50,risk1,forced,False,96595,99.886,0.099886,0.90187,14,41.625,True,2021-02-11,3195,410,0,0,0,805
S2_ST_ROC,15m,pick3,SEARCH,50,risk1,forced,True,96595,100,0.1,0.90158,17,41.188,True,2021-02-11,3050,382,0,0,141,791
S2_ST_ROC,15m,pick3,TEST,20,owner,house,False,88781,93.226,0.093226,0.92593,7,13.281,True,2024-01-16,473,565,26,321,0,0
S2_ST_ROC,15m,pick3,TEST,20,owner,house,True,88781,101.92,0.10192,0.92317,7,12.844,True,2024-01-15,472,562,26,291,0,0
S2_ST_ROC,15m,pick3,TEST,20,owner,forced,False,88781,104.61,0.10461,0.92209,7,13.823,True,2024-01-16,484,601,0,349,0,1
S2_ST_ROC,15m,pick3,TEST,20,owner,forced,True,88781,91.362,0.091362,0.92899,7,14.635,True,2024-01-17,521,644,0,345,0,1
S2_ST_ROC,15m,pick3,TEST,20,risk1,house,False,88781,101.63,0.10163,0.91138,11,38.385,True,2024-02-10,1513,2045,26,0,0,0
S2_ST_ROC,15m,pick3,TEST,20,risk1,house,True,88781,101.59,0.10159,0.91105,11,46.854,True,2024-02-18,1767,2403,26,0,115,0
S2_ST_ROC,15m,pick3,TEST,20,risk1,forced,False,88781,119.47,0.11947,0.91093,11,39.083,True,2024-02-10,1531,2084,0,0,0,1
S2_ST_ROC,15m,pick3,TEST,20,risk1,forced,True,88781,101.86,0.10186,0.91081,11,46.854,True,2024-02-18,1775,2421,0,0,115,1
S2_ST_ROC,15m,pick3,TEST,30,owner,house,False,88781,94.367,0.094367,0.91403,5,4.1042,True,2024-01-06,117,110,97,141,0,0
S2_ST_ROC,15m,pick3,TEST,30,owner,house,True,88781,92.512,0.092512,0.91158,5,3.3229,True,2024-01-05,95,93,86,122,0,0
S2_ST_ROC,15m,pick3,TEST,30,owner,forced,False,88781,79.087,0.079087,0.9382,7,4.7604,True,2024-01-07,181,158,0,265,0,2
S2_ST_ROC,15m,pick3,TEST,30,owner,forced,True,88781,100.36,0.10036,0.92721,7,3.7292,True,2024-01-06,156,124,0,216,0,2
S2_ST_ROC,15m,pick3,TEST,30,risk1,house,False,88781,95.2,0.0952,0.91436,10,32.729,True,2024-02-04,1387,1457,249,0,0,0
S2_ST_ROC,15m,pick3,TEST,30,risk1,house,True,88781,100.68,0.10068,0.91004,10,32.729,True,2024-02-04,1377,1453,239,0,39,0
S2_ST_ROC,15m,pick3,TEST,30,risk1,forced,False,88781,98.075,0.098075,0.91188,10,32.406,True,2024-02-04,1537,1519,0,0,0,9
S2_ST_ROC,15m,pick3,TEST,30,risk1,forced,True,88781,96.831,0.096831,0.91282,10,32.729,True,2024-02-04,1526,1522,0,0,45,9
S2_ST_ROC,15m,pick3,TEST,40,owner,house,False,88781,89.055,0.089055,0.91544,5,6.4062,True,2024-01-07,62,73,395,67,0,0
S2_ST_ROC,15m,pick3,TEST,40,owner,house,True,88781,89.71,0.08971,0.91481,5,6.4062,True,2024-01-07,62,73,395,67,0,0
S2_ST_ROC,15m,pick3,TEST,40,owner,forced,False,88781,87.802,0.087802,0.92287,3,3.6667,True,2024-01-04,73,55,0,200,0,3
S2_ST_ROC,15m,pick3,TEST,40,owner,forced,True,88781,87.512,0.087512,0.9169,3,3.4688,True,2024-01-04,73,55,0,187,0,3
S2_ST_ROC,15m,pick3,TEST,40,risk1,house,False,88781,99.636,0.099636,0.90469,12,31.219,True,2024-02-03,1148,1103,707,0,0,0
S2_ST_ROC,15m,pick3,TEST,40,risk1,house,True,88781,97.331,0.097331,0.90694,12,31.573,True,2024-02-03,1144,1115,659,0,71,0
S2_ST_ROC,15m,pick3,TEST,40,risk1,forced,False,88781,98.582,0.098582,0.9105,12,26.312,True,2024-01-29,1426,1119,0,0,0,42
S2_ST_ROC,15m,pick3,TEST,40,risk1,forced,True,88781,98.02,0.09802,0.90957,12,26.479,True,2024-01-29,1420,1124,0,0,22,42
S2_ST_ROC,15m,pick3,TEST,50,owner,house,False,88781,89.589,0.089589,0.91252,6,14.906,True,2024-01-21,37,33,1757,8,0,0
S2_ST_ROC,15m,pick3,TEST,50,owner,house,True,88781,89.869,0.089869,0.91223,6,14.906,True,2024-01-21,37,33,1757,8,0,0
S2_ST_ROC,15m,pick3,TEST,50,owner,forced,False,88781,96.458,0.096458,0.93109,4,2.4479,True,2024-01-03,64,33,0,142,0,3
S2_ST_ROC,15m,pick3,TEST,50,owner,forced,True,88781,110.07,0.11007,0.93117,4,2.4583,True,2024-01-03,65,33,0,141,0,3
S2_ST_ROC,15m,pick3,TEST,50,risk1,house,False,88781,95.904,0.095904,0.91063,11,35.323,True,2024-02-06,1081,939,1232,0,0,0
S2_ST_ROC,15m,pick3,TEST,50,risk1,house,True,88781,100.29,0.10029,0.90789,11,35.344,True,2024-02-06,1085,943,1188,0,45,0
S2_ST_ROC,15m,pick3,TEST,50,risk1,forced,False,88781,97.069,0.097069,0.91163,13,24.948,True,2024-01-27,1429,927,0,0,0,97
S2_ST_ROC,15m,pick3,TEST,50,risk1,forced,True,88781,97.622,0.097622,0.91102,12,25.677,True,2024-01-27,1422,965,0,0,41,91
S2_ST_ROC,15m,pick3,EXTRA,20,owner,house,False,27090,69.922,0.069922,0.94649,7,8.375,True,2020-01-18,282,300,40,11,0,0
S2_ST_ROC,15m,pick3,EXTRA,20,owner,house,True,27090,70.016,0.070016,0.94641,7,8.375,True,2020-01-18,282,300,40,11,0,0
S2_ST_ROC,15m,pick3,EXTRA,20,owner,forced,False,27090,80.517,0.080517,0.93839,6,8.7188,True,2020-01-18,315,316,0,16,0,1
S2_ST_ROC,15m,pick3,EXTRA,20,owner,forced,True,27090,80.599,0.080599,0.93831,6,8.7188,True,2020-01-18,315,316,0,16,0,1
S2_ST_ROC,15m,pick3,EXTRA,20,risk1,house,False,27090,99.806,0.099806,0.90564,13,86.906,True,2020-04-05,2644,2560,413,0,1,0
S2_ST_ROC,15m,pick3,EXTRA,20,risk1,house,True,27090,97.369,0.097369,0.90833,19,99.167,True,2020-04-17,2890,2894,347,0,299,0
S2_ST_ROC,15m,pick3,EXTRA,20,risk1,forced,False,27090,100.83,0.10083,0.90508,13,86.375,True,2020-04-04,2942,2661,0,0,1,22
S2_ST_ROC,15m,pick3,EXTRA,20,risk1,forced,True,27090,97.262,0.097262,0.90843,19,99.167,True,2020-04-17,3132,2988,0,0,310,13
S2_ST_ROC,15m,pick3,EXTRA,30,owner,house,False,27090,80.086,0.080086,0.92925,5,7.1875,True,2020-01-13,137,145,54,13,0,0
S2_ST_ROC,15m,pick3,EXTRA,30,owner,house,True,27090,80.12,0.08012,0.92922,5,7.1875,True,2020-01-13,137,145,54,13,0,0
S2_ST_ROC,15m,pick3,EXTRA,30,owner,forced,False,27090,89.443,0.089443,0.92099,5,6.1667,True,2020-01-12,137,128,0,20,0,0
S2_ST_ROC,15m,pick3,EXTRA,30,owner,forced,True,27090,89.502,0.089502,0.92093,5,6.1667,True,2020-01-12,137,128,0,20,0,0
S2_ST_ROC,15m,pick3,EXTRA,30,risk1,house,False,27090,98.842,0.098842,0.90256,10,89.167,True,2020-04-04,2304,1865,1405,0,1,0
S2_ST_ROC,15m,pick3,EXTRA,30,risk1,house,True,27090,100.28,0.10028,0.90168,10,89.667,True,2020-04-05,2244,1836,1229,0,309,0
S2_ST_ROC,15m,pick3,EXTRA,30,risk1,forced,False,27090,97.966,0.097966,0.90343,10,63.917,True,2020-03-10,2261,1698,0,0,0,20
S2_ST_ROC,15m,pick3,EXTRA,30,risk1,forced,True,27090,98.036,0.098036,0.90431,10,63.938,True,2020-03-10,2249,1696,0,0,23,20
S2_ST_ROC,15m,pick3,EXTRA,40,owner,house,False,27090,94.381,0.094381,0.93926,9,6.4479,True,2020-01-19,61,55,557,11,0,0
S2_ST_ROC,15m,pick3,EXTRA,40,owner,house,True,27090,94.63,0.09463,0.9391,9,6.4479,True,2020-01-19,61,55,557,11,0,0
S2_ST_ROC,15m,pick3,EXTRA,40,owner,forced,False,27090,70.451,0.070451,0.94188,4,4.25,True,2020-01-10,81,61,0,42,0,3
S2_ST_ROC,15m,pick3,EXTRA,40,owner,forced,True,27090,70.449,0.070449,0.94187,4,4.25,True,2020-01-10,81,61,0,42,0,3
S2_ST_ROC,15m,pick3,EXTRA,40,risk1,house,False,27090,99.584,0.099584,0.90245,10,110.94,True,2020-04-26,2162,1657,3178,0,0,0
S2_ST_ROC,15m,pick3,EXTRA,40,risk1,house,True,27090,101.18,0.10118,0.90087,10,110.94,True,2020-04-26,2160,1654,3014,0,169,0
S2_ST_ROC,15m,pick3,EXTRA,40,risk1,forced,False,27090,99.879,0.099879,0.9011,11,54.469,True,2020-02-29,2058,1280,0,0,0,76
S2_ST_ROC,15m,pick3,EXTRA,40,risk1,forced,True,27090,98.677,0.098677,0.90201,11,54.75,True,2020-03-01,2047,1281,0,0,45,76
S2_ST_ROC,15m,pick3,EXTRA,50,owner,house,False,27090,97.081,0.097081,0.90292,6,95.719,True,2020-04-18,29,22,6421,0,0,0
S2_ST_ROC,15m,pick3,EXTRA,50,owner,house,True,27090,97.201,0.097201,0.9028,6,95.719,True,2020-04-18,29,22,6421,0,0,0
S2_ST_ROC,15m,pick3,EXTRA,50,owner,forced,False,27090,96.956,0.096956,0.91272,6,0.98958,True,2020-01-07,18,18,0,13,0,0
S2_ST_ROC,15m,pick3,EXTRA,50,owner,forced,True,27090,96.99,0.09699,0.91269,6,0.98958,True,2020-01-07,18,18,0,13,0,0
S2_ST_ROC,15m,pick3,EXTRA,50,risk1,house,False,27090,99.875,0.099875,0.90042,11,147.1,True,2020-06-01,1914,1370,6114,0,0,0
S2_ST_ROC,15m,pick3,EXTRA,50,risk1,house,True,27090,99.974,0.099974,0.90032,11,147.1,True,2020-06-01,1911,1366,6022,0,99,0
S2_ST_ROC,15m,pick3,EXTRA,50,risk1,forced,False,27090,102.62,0.10262,0.90115,11,40.146,True,2020-02-15,1604,917,0,0,0,147
S2_ST_ROC,15m,pick3,EXTRA,50,risk1,forced,True,27090,98.28,0.09828,0.90239,11,46.469,True,2020-02-21,1863,986,0,0,32,174
S2_ST_ROC,15m,coinpicks,SEARCH,20,owner,house,False,62155,99.286,0.099286,0.90071,5,16.229,True,2021-01-17,325,131,462,5,0,0
S2_ST_ROC,15m,coinpicks,SEARCH,20,owner,house,True,62155,90.212,0.090212,0.90979,5,17.281,True,2021-01-18,359,146,469,5,0,0
S2_ST_ROC,15m,coinpicks,SEARCH,20,owner,forced,False,62155,58.049,0.058049,0.94195,4,4.4271,True,2021-01-05,170,69,0,8,0,10
S2_ST_ROC,15m,coinpicks,SEARCH,20,owner,forced,True,62155,59.098,0.059098,0.9409,4,4.4271,True,2021-01-05,170,69,0,8,0,10
S2_ST_ROC,15m,coinpicks,SEARCH,20,risk1,house,False,62155,101.84,0.10184,0.9003,9,126.49,True,2021-05-07,3364,1712,1872,0,0,0
S2_ST_ROC,15m,coinpicks,SEARCH,20,risk1,house,True,62155,97.954,0.097954,0.90205,9,134.17,True,2021-05-15,3338,1650,1925,0,435,0
S2_ST_ROC,15m,coinpicks,SEARCH,20,risk1,forced,False,62155,96.791,0.096791,0.90321,9,86.75,True,2021-03-28,3290,1423,0,0,0,99
S2_ST_ROC,15m,coinpicks,SEARCH,20,risk1,forced,True,62155,101.58,0.10158,0.90006,10,89.115,True,2021-03-31,3193,1391,0,0,266,99
S2_ST_ROC,15m,coinpicks,SEARCH,30,owner,house,False,62155,113.23,0.11323,0.90245,5,26.469,True,2021-01-27,124,50,1263,6,0,0
S2_ST_ROC,15m,coinpicks,SEARCH,30,owner,house,True,62155,107.23,0.10723,0.90463,5,26.333,True,2021-01-27,125,48,1259,5,0,0
S2_ST_ROC,15m,coinpicks,SEARCH,30,owner,forced,False,62155,85.801,0.085801,0.9142,7,0.72917,True,2021-01-01,28,10,0,10,0,2
S2_ST_ROC,15m,coinpicks,SEARCH,30,owner,forced,True,62155,86.095,0.086095,0.9139,7,0.72917,True,2021-01-01,28,10,0,10,0,2
S2_ST_ROC,15m,coinpicks,SEARCH,30,risk1,house,False,62155,100.25,0.10025,0.90008,7,157.69,True,2021-06-07,2333,1072,5187,0,0,0
S2_ST_ROC,15m,coinpicks,SEARCH,30,risk1,house,True,62155,99.535,0.099535,0.90046,7,164.38,True,2021-06-14,2255,1056,5016,0,612,0
S2_ST_ROC,15m,coinpicks,SEARCH,30,risk1,forced,False,62155,98.996,0.098996,0.9014,9,75.729,True,2021-03-17,3194,919,0,0,0,294
S2_ST_ROC,15m,coinpicks,SEARCH,30,risk1,forced,True,62155,99.921,0.099921,0.9004,9,78.833,True,2021-03-20,3096,907,0,0,286,293
S2_ST_ROC,15m,coinpicks,SEARCH,40,owner,house,False,62155,96.921,0.096921,0.94926,3,102.75,True,2021-07-11,117,80,10164,3,0,0
S2_ST_ROC,15m,coinpicks,SEARCH,40,owner,house,True,62155,90.096,0.090096,0.95282,3,33.042,True,2021-05-02,96,63,6523,2,0,0
S2_ST_ROC,15m,coinpicks,SEARCH,40,owner,forced,False,62155,50.931,0.050931,0.94907,5,0.70833,True,2021-01-01,24,9,0,14,0,3
S2_ST_ROC,15m,coinpicks,SEARCH,40,owner,forced,True,62155,51.212,0.051212,0.94879,5,0.70833,True,2021-01-01,24,9,0,14,0,3
S2_ST_ROC,15m,coinpicks,SEARCH,40,risk1,house,False,62155,98.197,0.098197,0.90325,8,256.58,True,2021-09-15,2435,1183,10364,0,0,0
S2_ST_ROC,15m,coinpicks,SEARCH,40,risk1,house,True,62155,100.21,0.10021,0.90159,8,260.56,True,2021-09-19,2378,1152,9976,0,696,0
S2_ST_ROC,15m,coinpicks,SEARCH,40,risk1,forced,False,62155,99.992,0.099992,0.90114,10,61.969,True,2021-03-04,2874,505,0,0,0,567
S2_ST_ROC,15m,coinpicks,SEARCH,40,risk1,forced,True,62155,98.758,0.098758,0.90182,13,64.177,True,2021-03-06,2806,479,0,0,206,568
S2_ST_ROC,15m,coinpicks,SEARCH,50,owner,house,False,62155,93.585,0.093585,0.90641,7,229.19,True,2022-04-23,37,33,26374,0,0,0
S2_ST_ROC,15m,coinpicks,SEARCH,50,owner,house,True,62155,97.227,0.097227,0.90277,7,229.19,True,2022-04-23,38,35,26371,0,0,0
S2_ST_ROC,15m,coinpicks,SEARCH,50,owner,forced,False,62155,0,0,1,2,0,True,2021-01-01,2,0,0,1,0,2
S2_ST_ROC,15m,coinpicks,SEARCH,50,owner,forced,True,62155,0.024831,2.4831e-05,0.99998,2,0,True,2021-01-01,2,0,0,1,0,2
S2_ST_ROC,15m,coinpicks,SEARCH,50,risk1,house,False,62155,99.689,0.099689,0.90053,6,369.33,True,2022-01-05,1999,1116,17359,0,0,0
S2_ST_ROC,15m,coinpicks,SEARCH,50,risk1,house,True,62155,100.52,0.10052,0.90026,6,396.09,True,2022-02-01,2157,1199,17344,0,1259,0
S2_ST_ROC,15m,coinpicks,SEARCH,50,risk1,forced,False,62155,99.73,0.09973,0.90083,12,46.854,True,2021-02-17,2324,237,0,0,0,684
S2_ST_ROC,15m,coinpicks,SEARCH,50,risk1,forced,True,62155,99.569,0.099569,0.90097,12,47.073,True,2021-02-17,2214,206,0,0,153,678
S2_ST_ROC,15m,coinpicks,TEST,20,owner,house,False,57022,107.16,0.10716,0.90244,6,10.083,True,2024-01-11,260,256,16,68,0,0
S2_ST_ROC,15m,coinpicks,TEST,20,owner,house,True,57022,98.703,0.098703,0.90961,6,10.083,True,2024-01-11,261,257,16,66,0,0
S2_ST_ROC,15m,coinpicks,TEST,20,owner,forced,False,57022,106.14,0.10614,0.90521,8,8.7188,True,2024-01-09,223,236,0,66,0,1
S2_ST_ROC,15m,coinpicks,TEST,20,owner,forced,True,57022,104.2,0.1042,0.90692,6,8.7188,True,2024-01-09,226,237,0,62,0,1
S2_ST_ROC,15m,coinpicks,TEST,20,risk1,house,False,57022,97.175,0.097175,0.90839,9,50.562,True,2024-02-23,1450,1635,17,0,0,0
S2_ST_ROC,15m,coinpicks,TEST,20,risk1,house,True,57022,98.215,0.098215,0.90745,9,51.406,True,2024-02-24,1438,1637,17,0,51,0
S2_ST_ROC,15m,coinpicks,TEST,20,risk1,forced,False,57022,96.997,0.096997,0.90851,9,51.01,True,2024-02-23,1457,1645,0,0,0,1
S2_ST_ROC,15m,coinpicks,TEST,20,risk1,forced,True,57022,98.599,0.098599,0.90704,9,51.854,True,2024-02-24,1445,1647,0,0,51,1
S2_ST_ROC,15m,coinpicks,TEST,30,owner,house,False,57022,113.5,0.1135,0.91683,9,2.1146,True,2024-01-06,99,91,55,44,0,0
S2_ST_ROC,15m,coinpicks,TEST,30,owner,house,True,57022,98.97,0.09897,0.92797,9,3.4479,True,2024-01-07,116,123,64,69,0,0
S2_ST_ROC,15m,coinpicks,TEST,30,owner,forced,False,57022,81.815,0.081815,0.92056,4,3.8958,True,2024-01-05,88,81,0,53,0,2
S2_ST_ROC,15m,coinpicks,TEST,30,owner,forced,True,57022,82.851,0.082851,0.91955,4,3.8958,True,2024-01-05,88,81,0,53,0,2
S2_ST_ROC,15m,coinpicks,TEST,30,risk1,house,False,57022,98.916,0.098916,0.90594,7,42.958,True,2024-02-15,1281,1244,144,0,0,0
S2_ST_ROC,15m,coinpicks,TEST,30,risk1,house,True,57022,101.29,0.10129,0.90494,7,45.635,True,2024-02-18,1320,1299,142,0,64,0
S2_ST_ROC,15m,coinpicks,TEST,30,risk1,forced,False,57022,98.067,0.098067,0.90586,7,42.958,True,2024-02-15,1372,1297,0,0,0,6
S2_ST_ROC,15m,coinpicks,TEST,30,risk1,forced,True,57022,99.435,0.099435,0.90479,7,45.583,True,2024-02-18,1404,1351,0,0,67,6
S2_ST_ROC,15m,coinpicks,TEST,40,owner,house,False,57022,98.855,0.098855,0.92122,6,11.823,True,2024-01-14,72,98,560,44,0,0
S2_ST_ROC,15m,coinpicks,TEST,40,owner,house,True,57022,103.17,0.10317,0.92753,6,11.927,True,2024-01-14,75,99,560,44,0,0
S2_ST_ROC,15m,coinpicks,TEST,40,owner,forced,False,57022,54.099,0.054099,0.9562,4,3.7708,True,2024-01-05,74,55,0,91,0,2
S2_ST_ROC,15m,coinpicks,TEST,40,owner,forced,True,57022,54.552,0.054552,0.95583,4,3.7708,True,2024-01-05,74,55,0,91,0,2
S2_ST_ROC,15m,coinpicks,TEST,40,risk1,house,False,57022,99.236,0.099236,0.90662,9,48.354,True,2024-02-19,1286,1130,475,0,0,0
S2_ST_ROC,15m,coinpicks,TEST,40,risk1,house,True,57022,99.392,0.099392,0.90627,9,49.021,True,2024-02-20,1284,1126,475,0,54,0
S2_ST_ROC,15m,coinpicks,TEST,40,risk1,forced,False,57022,97.912,0.097912,0.90645,8,39.635,True,2024-02-12,1371,1117,0,0,0,18
S2_ST_ROC,15m,coinpicks,TEST,40,risk1,forced,True,57022,102.5,0.1025,0.90541,8,40.917,True,2024-02-13,1385,1130,0,0,40,18
S2_ST_ROC,15m,coinpicks,TEST,50,owner,house,False,57022,95.073,0.095073,0.91581,5,29.969,True,2024-02-06,74,93,1927,49,0,0
S2_ST_ROC,15m,coinpicks,TEST,50,owner,house,True,57022,92.398,0.092398,0.91818,5,29.969,True,2024-02-06,74,94,1927,48,0,0
S2_ST_ROC,15m,coinpicks,TEST,50,owner,forced,False,57022,69.488,0.069488,0.96717,5,2.0104,True,2024-01-04,61,40,0,106,0,2
S2_ST_ROC,15m,coinpicks,TEST,50,owner,forced,True,57022,69.491,0.069491,0.96714,5,2.0104,True,2024-01-04,61,40,0,106,0,2
S2_ST_ROC,15m,coinpicks,TEST,50,risk1,house,False,57022,99.945,0.099945,0.90485,7,48.354,True,2024-02-19,1060,884,947,0,0,0
S2_ST_ROC,15m,coinpicks,TEST,50,risk1,house,True,57022,99.835,0.099835,0.90477,7,49.052,True,2024-02-20,1076,889,916,0,61,0
S2_ST_ROC,15m,coinpicks,TEST,50,risk1,forced,False,57022,99.269,0.099269,0.90355,10,35.083,True,2024-02-06,1288,867,0,0,0,66
S2_ST_ROC,15m,coinpicks,TEST,50,risk1,forced,True,57022,98.704,0.098704,0.9042,10,35.76,True,2024-02-06,1293,877,0,0,16,65
S2_ST_ROC,15m,coinpicks,EXTRA,20,owner,house,False,16901,100.32,0.10032,0.93044,9,17.479,True,2020-01-26,310,329,16,2,0,0
S2_ST_ROC,15m,coinpicks,EXTRA,20,owner,house,True,16901,100.59,0.10059,0.93026,9,17.479,True,2020-01-26,310,329,16,2,0,0
S2_ST_ROC,15m,coinpicks,EXTRA,20,owner,forced,False,16901,101.33,0.10133,0.93015,9,16.833,True,2020-01-25,309,319,0,2,0,1
S2_ST_ROC,15m,coinpicks,EXTRA,20,owner,forced,True,16901,101.41,0.10141,0.93009,9,16.833,True,2020-01-25,309,319,0,2,0,1
S2_ST_ROC,15m,coinpicks,EXTRA,20,risk1,house,False,16901,99.015,0.099015,0.90827,9,129.3,True,2020-05-20,2579,2321,195,0,0,0
S2_ST_ROC,15m,coinpicks,EXTRA,20,risk1,house,True,16901,99.656,0.099656,0.90802,9,135.03,True,2020-05-25,2561,2360,142,0,270,0
S2_ST_ROC,15m,coinpicks,EXTRA,20,risk1,forced,False,16901,99.988,0.099988,0.90737,10,129.3,True,2020-05-20,2728,2367,0,0,0,18
S2_ST_ROC,15m,coinpicks,EXTRA,20,risk1,forced,True,16901,99.998,0.099998,0.90721,9,134.74,True,2020-05-25,2671,2391,0,0,263,10
S2_ST_ROC,15m,coinpicks,EXTRA,30,owner,house,False,16901,85.209,0.085209,0.93983,8,11.406,True,2020-01-19,163,131,109,10,0,0
S2_ST_ROC,15m,coinpicks,EXTRA,30,owner,house,True,16901,85.268,0.085268,0.93979,8,11.406,True,2020-01-19,163,131,109,10,0,0
S2_ST_ROC,15m,coinpicks,EXTRA,30,owner,forced,False,16901,96.611,0.096611,0.95643,8,7.0521,True,2020-01-15,150,97,0,15,0,2
S2_ST_ROC,15m,coinpicks,EXTRA,30,owner,forced,True,16901,96.562,0.096562,0.95645,8,7.0521,True,2020-01-15,150,97,0,15,0,2
S2_ST_ROC,15m,coinpicks,EXTRA,30,risk1,house,False,16901,100.22,0.10022,0.90581,9,121.96,True,2020-05-09,2209,1669,745,0,0,0
S2_ST_ROC,15m,coinpicks,EXTRA,30,risk1,house,True,16901,98.948,0.098948,0.9066,9,135.48,True,2020-05-22,2432,1832,662,0,276,0
S2_ST_ROC,15m,coinpicks,EXTRA,30,risk1,forced,False,16901,99.714,0.099714,0.90591,11,109.77,True,2020-04-27,2534,1638,0,0,0,38
S2_ST_ROC,15m,coinpicks,EXTRA,30,risk1,forced,True,16901,99.903,0.099903,0.90573,9,110.02,True,2020-04-27,2409,1573,0,0,201,26
S2_ST_ROC,15m,coinpicks,EXTRA,40,owner,house,False,16901,91.046,0.091046,0.92204,5,7.6354,True,2020-01-19,55,43,310,5,0,0
S2_ST_ROC,15m,coinpicks,EXTRA,40,owner,house,True,16901,91.129,0.091129,0.92196,5,7.6354,True,2020-01-19,55,43,310,5,0,0
S2_ST_ROC,15m,coinpicks,EXTRA,40,owner,forced,False,16901,64.199,0.064199,0.97072,4,4.4583,True,2020-01-12,87,47,0,35,0,2
S2_ST_ROC,15m,coinpicks,EXTRA,40,owner,forced,True,16901,64.261,0.064261,0.97069,4,4.4583,True,2020-01-12,87,47,0,35,0,2
S2_ST_ROC,15m,coinpicks,EXTRA,40,risk1,house,False,16901,98.719,0.098719,0.90385,7,142.6,True,2020-05-29,2098,1554,1824,0,0,0
S2_ST_ROC,15m,coinpicks,EXTRA,40,risk1,house,True,16901,99.557,0.099557,0.90303,7,142.1,True,2020-05-29,2095,1547,1757,0,72,0
S2_ST_ROC,15m,coinpicks,EXTRA,40,risk1,forced,False,16901,98.451,0.098451,0.90517,10,97.958,True,2020-04-15,2427,1252,0,0,0,129
S2_ST_ROC,15m,coinpicks,EXTRA,40,risk1,forced,True,16901,103.02,0.10302,0.90442,9,105.07,True,2020-04-22,2413,1298,0,0,255,101
S2_ST_ROC,15m,coinpicks,EXTRA,50,owner,house,False,16901,85.788,0.085788,0.91421,7,148.6,True,2020-06-10,45,39,5859,5,0,0
S2_ST_ROC,15m,coinpicks,EXTRA,50,owner,house,True,16901,85.892,0.085892,0.91411,7,148.6,True,2020-06-10,45,39,5859,5,0,0
S2_ST_ROC,15m,coinpicks,EXTRA,50,owner,forced,False,16901,98.972,0.098972,0.9424,3,0.89583,True,2020-01-09,38,18,0,7,0,2
S2_ST_ROC,15m,coinpicks,EXTRA,50,owner,forced,True,16901,99.001,0.099001,0.94239,3,0.89583,True,2020-01-09,38,18,0,7,0,2
S2_ST_ROC,15m,coinpicks,EXTRA,50,risk1,house,False,16901,99.3,0.0993,0.90148,8,152.7,True,2020-06-08,1470,1027,3353,0,0,0
S2_ST_ROC,15m,coinpicks,EXTRA,50,risk1,house,True,16901,97.984,0.097984,0.90279,8,152.94,True,2020-06-08,1473,1027,3301,0,55,0
S2_ST_ROC,15m,coinpicks,EXTRA,50,risk1,forced,False,16901,99.079,0.099079,0.90422,10,65.719,True,2020-03-14,1687,791,0,0,0,180
S2_ST_ROC,15m,coinpicks,EXTRA,50,risk1,forced,True,16901,99.783,0.099783,0.90354,9,66.135,True,2020-03-14,1624,777,0,0,94,162
S2_ST_ROC,30m,default,SEARCH,20,owner,house,False,32360,97.871,0.097871,0.923,5,22.635,True,2021-02-01,244,77,586,2,0,0
S2_ST_ROC,30m,default,SEARCH,20,owner,house,True,32360,99.285,0.099285,0.92184,5,22.635,True,2021-02-01,244,77,586,2,0,0
S2_ST_ROC,30m,default,SEARCH,20,owner,forced,False,32360,26.768,0.026768,0.99559,6,3.6875,True,2021-01-10,236,45,0,9,0,21
S2_ST_ROC,30m,default,SEARCH,20,owner,forced,True,32360,27.032,0.027032,0.99555,6,3.6875,True,2021-01-10,236,45,0,9,0,21
S2_ST_ROC,30m,default,SEARCH,20,risk1,house,False,32360,98.871,0.098871,0.90394,13,248.84,True,2021-09-15,3153,1297,2856,0,0,0
S2_ST_ROC,30m,default,SEARCH,20,risk1,house,True,32360,97.824,0.097824,0.90423,17,250.22,True,2021-09-16,2938,1194,2642,0,570,0
S2_ST_ROC,30m,default,SEARCH,20,risk1,forced,False,32360,100.76,0.10076,0.90932,8,175.12,True,2021-07-01,3940,1173,0,0,0,158
S2_ST_ROC,30m,default,SEARCH,20,risk1,forced,True,32360,94.996,0.094996,0.91345,11,177.3,True,2021-07-02,3609,1073,0,0,483,142
S2_ST_ROC,30m,default,SEARCH,30,owner,house,False,32360,81.646,0.081646,0.91835,4,86.354,True,2021-03-28,97,29,2329,7,0,0
S2_ST_ROC,30m,default,SEARCH,30,owner,house,True,32360,89.489,0.089489,0.91257,4,86.375,True,2021-03-28,98,29,2328,8,0,0
S2_ST_ROC,30m,default,SEARCH,30,owner,forced,False,32360,68.289,0.068289,0.97245,5,3.0417,True,2021-01-08,169,17,0,28,0,18
S2_ST_ROC,30m,default,SEARCH,30,owner,forced,True,32360,68.606,0.068606,0.97237,5,3.0417,True,2021-01-08,169,17,0,28,0,18
S2_ST_ROC,30m,default,SEARCH,30,risk1,house,False,32360,98.994,0.098994,0.9032,12,334.18,True,2022-01-05,2670,1115,6954,0,0,0
S2_ST_ROC,30m,default,SEARCH,30,risk1,house,True,32360,98.418,0.098418,0.90346,12,376.24,True,2022-02-16,2907,1201,6901,0,891,0
S2_ST_ROC,30m,default,SEARCH,30,risk1,forced,False,32360,100.16,0.10016,0.90416,10,113.16,True,2021-04-29,2844,552,0,0,0,331
S2_ST_ROC,30m,default,SEARCH,30,risk1,forced,True,32360,99.606,0.099606,0.90414,10,145.79,True,2021-06-01,3192,562,0,0,509,398
S2_ST_ROC,30m,default,SEARCH,40,owner,house,False,32360,81.816,0.081816,0.93526,4,167.15,True,2022-04-24,49,30,13741,7,0,0
S2_ST_ROC,30m,default,SEARCH,40,owner,house,True,32360,95.554,0.095554,0.92436,4,166.65,True,2022-04-23,48,29,13728,4,0,0
S2_ST_ROC,30m,default,SEARCH,40,owner,forced,False,32360,96.736,0.096736,0.96983,4,2.6979,True,2021-01-06,119,10,0,43,0,17
S2_ST_ROC,30m,default,SEARCH,40,owner,forced,True,32360,96.9,0.0969,0.96978,4,2.6979,True,2021-01-06,119,10,0,43,0,17
S2_ST_ROC,30m,default,SEARCH,40,risk1,house,False,32360,99.793,0.099793,0.90112,10,497.81,True,2022-07-30,1749,771,14129,0,0,0
S2_ST_ROC,30m,default,SEARCH,40,risk1,house,True,32360,98.668,0.098668,0.90299,10,547.42,True,2022-09-18,1865,836,14312,0,1131,0
S2_ST_ROC,30m,default,SEARCH,40,risk1,forced,False,32360,99.514,0.099514,0.90241,11,88.76,True,2021-04-04,2361,302,0,0,0,483
S2_ST_ROC,30m,default,SEARCH,40,risk1,forced,True,32360,99.421,0.099421,0.90242,11,96.667,True,2021-04-12,2430,299,0,0,183,498
S2_ST_ROC,30m,default,SEARCH,50,owner,house,False,32360,89.225,0.089225,0.9209,6,77.073,True,2023-01-01,45,54,21238,14,0,0
S2_ST_ROC,30m,default,SEARCH,50,owner,house,True,32360,89.495,0.089495,0.92066,6,77.073,True,2023-01-01,45,54,21237,15,0,0
S2_ST_ROC,30m,default,SEARCH,50,owner,forced,False,32360,99.814,0.099814,0.96563,3,2.25,True,2021-01-04,65,5,0,21,0,10
S2_ST_ROC,30m,default,SEARCH,50,owner,forced,True,32360,99.775,0.099775,0.96564,3,2.25,True,2021-01-04,65,5,0,21,0,10
S2_ST_ROC,30m,default,SEARCH,50,risk1,house,False,32360,99.49,0.09949,0.90157,9,533.82,True,2023-02-07,1279,746,20511,0,0,0
S2_ST_ROC,30m,default,SEARCH,50,risk1,house,True,32360,98.502,0.098502,0.90284,9,538.93,True,2023-02-12,1292,756,20469,0,183,0
S2_ST_ROC,30m,default,SEARCH,50,risk1,forced,False,32360,98.894,0.098894,0.90407,12,83.927,True,2021-03-30,2342,152,0,0,0,617
S2_ST_ROC,30m,default,SEARCH,50,risk1,forced,True,32360,99.463,0.099463,0.90276,12,88.292,True,2021-04-03,2331,157,0,0,146,624
S2_ST_ROC,30m,default,TEST,20,owner,house,False,29026,97.485,0.097485,0.95573,7,11.333,True,2024-01-15,208,143,45,38,0,0
S2_ST_ROC,30m,default,TEST,20,owner,house,True,29026,99.239,0.099239,0.95494,7,11.333,True,2024-01-15,208,143,45,38,0,0
S2_ST_ROC,30m,default,TEST,20,owner,forced,False,29026,84.284,0.084284,0.95716,5,8.5833,True,2024-01-12,175,120,0,53,0,1
S2_ST_ROC,30m,default,TEST,20,owner,forced,True,29026,89.199,0.089199,0.9547,5,8.5833,True,2024-01-12,175,120,0,53,0,1
S2_ST_ROC,30m,default,TEST,20,risk1,house,False,29026,100.73,0.10073,0.91186,13,133.72,True,2024-05-17,2190,1439,458,0,0,0
S2_ST_ROC,30m,default,TEST,20,risk1,house,True,29026,99.365,0.099365,0.91087,13,145.73,True,2024-05-29,2079,1412,384,0,591,0
S2_ST_ROC,30m,default,TEST,20,risk1,forced,False,29026,98.077,0.098077,0.91226,13,88.406,True,2024-04-01,1685,1054,0,0,0,16
S2_ST_ROC,30m,default,TEST,20,risk1,forced,True,29026,98.1,0.0981,0.91212,13,131.77,True,2024-05-14,2093,1285,0,0,614,18
S2_ST_ROC,30m,default,TEST,30,owner,house,False,29026,94.475,0.094475,0.94862,4,10.99,True,2024-01-17,128,73,241,48,0,0
S2_ST_ROC,30m,default,TEST,30,owner,house,True,29026,95.451,0.095451,0.94807,4,10.99,True,2024-01-17,128,73,241,48,0,0
S2_ST_ROC,30m,default,TEST,30,owner,forced,False,29026,99.162,0.099162,0.97229,3,6.6771,True,2024-01-10,126,71,0,85,0,4
S2_ST_ROC,30m,default,TEST,30,owner,forced,True,29026,95.817,0.095817,0.97329,3,6.6771,True,2024-01-10,127,71,0,84,0,4
S2_ST_ROC,30m,default,TEST,30,risk1,house,False,29026,97.033,0.097033,0.91115,10,143.94,True,2024-05-27,1880,1081,1452,0,0,0
S2_ST_ROC,30m,default,TEST,30,risk1,house,True,29026,97.9,0.0979,0.9103,10,146.28,True,2024-05-31,1784,1043,1171,0,535,0
S2_ST_ROC,30m,default,TEST,30,risk1,forced,False,29026,99.28,0.09928,0.91024,14,84.833,True,2024-03-28,1811,820,0,0,0,78
S2_ST_ROC,30m,default,TEST,30,risk1,forced,True,29026,99.829,0.099829,0.90981,10,107.09,True,2024-04-19,1979,873,0,0,419,85
S2_ST_ROC,30m,default,TEST,40,owner,house,False,29026,87.574,0.087574,0.94768,5,27.365,True,2024-02-03,69,41,865,36,0,0
S2_ST_ROC,30m,default,TEST,40,owner,house,True,29026,87.747,0.087747,0.94756,6,27.365,True,2024-02-03,70,41,863,37,0,0
S2_ST_ROC,30m,default,TEST,40,owner,forced,False,29026,89.231,0.089231,0.92079,4,4.1979,True,2024-01-08,74,43,0,103,0,4
S2_ST_ROC,30m,default,TEST,40,owner,forced,True,29026,89.985,0.089985,0.92033,4,4.1979,True,2024-01-08,74,43,0,103,0,4
S2_ST_ROC,30m,default,TEST,40,risk1,house,False,29026,98.511,0.098511,0.90392,9,148.45,True,2024-06-02,1320,753,2532,0,0,0
S2_ST_ROC,30m,default,TEST,40,risk1,house,True,29026,100.47,0.10047,0.9025,8,153.41,True,2024-06-07,1362,775,2065,0,551,0
S2_ST_ROC,30m,default,TEST,40,risk1,forced,False,29026,97.759,0.097759,0.91401,9,73.229,True,2024-03-17,1654,647,0,0,0,148
S2_ST_ROC,30m,default,TEST,40,risk1,forced,True,29026,98.957,0.098957,0.91291,9,84.823,True,2024-03-28,1710,651,0,0,264,157
S2_ST_ROC,30m,default,TEST,50,owner,house,False,29026,94.859,0.094859,0.90514,4,140.82,True,2024-06-10,24,22,4791,3,0,0
S2_ST_ROC,30m,default,TEST,50,owner,house,True,29026,95.382,0.095382,0.90462,4,140.82,True,2024-06-10,24,22,4791,3,0,0
S2_ST_ROC,30m,default,TEST,50,owner,forced,False,29026,0,0,1,2,2.2292,True,2024-01-04,40,12,0,45,0,4
S2_ST_ROC,30m,default,TEST,50,owner,forced,True,29026,0.0036256,3.6256e-06,1,2,2.2292,True,2024-01-04,40,12,0,45,0,4
S2_ST_ROC,30m,default,TEST,50,risk1,house,False,29026,99.521,0.099521,0.9008,8,225.24,True,2024-08-18,1120,617,5039,0,0,0
S2_ST_ROC,30m,default,TEST,50,risk1,house,True,29026,97.552,0.097552,0.90279,8,252.7,True,2024-09-15,1194,667,4804,0,908,0
S2_ST_ROC,30m,default,TEST,50,risk1,forced,False,29026,100.11,0.10011,0.91032,12,65.573,True,2024-03-09,1537,511,0,0,0,180
S2_ST_ROC,30m,default,TEST,50,risk1,forced,True,29026,98.021,0.098021,0.91196,11,75.104,True,2024-03-18,1624,528,0,0,205,206
S2_ST_ROC,30m,default,EXTRA,20,owner,house,False,8892,97.238,0.097238,0.9516,9,43.979,True,2020-03-03,572,333,113,18,0,0
S2_ST_ROC,30m,default,EXTRA,20,owner,house,True,8892,97.693,0.097693,0.95137,9,43.979,True,2020-03-03,572,333,113,18,0,0
S2_ST_ROC,30m,default,EXTRA,20,owner,forced,False,8892,91.125,0.091125,0.96662,8,34.708,True,2020-02-23,522,305,0,20,0,1
S2_ST_ROC,30m,default,EXTRA,20,owner,forced,True,8892,91.381,0.091381,0.96652,8,34.708,True,2020-02-23,522,305,0,20,0,1
S2_ST_ROC,30m,default,EXTRA,20,risk1,house,False,8892,96.663,0.096663,0.9127,18,210.04,True,2020-08-16,2513,1908,411,0,0,0
S2_ST_ROC,30m,default,EXTRA,20,risk1,house,True,8892,99.298,0.099298,0.9103,18,209.58,True,2020-08-16,2471,1882,405,0,74,0
S2_ST_ROC,30m,default,EXTRA,20,risk1,forced,False,8892,101.25,0.10125,0.91195,18,193.34,True,2020-07-30,2553,1859,0,0,0,7
S2_ST_ROC,30m,default,EXTRA,20,risk1,forced,True,8892,99.343,0.099343,0.9128,18,199.47,True,2020-08-05,2639,1889,0,0,44,9
S2_ST_ROC,30m,default,EXTRA,30,owner,house,False,8892,96.695,0.096695,0.94479,4,15.281,True,2020-02-05,141,72,219,8,0,0
S2_ST_ROC,30m,default,EXTRA,30,owner,house,True,8892,96.814,0.096814,0.94471,4,15.281,True,2020-02-05,141,72,219,8,0,0
S2_ST_ROC,30m,default,EXTRA,30,owner,forced,False,8892,88.313,0.088313,0.96372,4,13.948,True,2020-01-30,185,78,0,52,0,5
S2_ST_ROC,30m,default,EXTRA,30,owner,forced,True,8892,88.334,0.088334,0.96371,4,13.948,True,2020-01-30,185,78,0,52,0,5
S2_ST_ROC,30m,default,EXTRA,30,risk1,house,False,8892,101.63,0.10163,0.90599,14,217.99,True,2020-08-24,2181,1418,1461,0,0,0
S2_ST_ROC,30m,default,EXTRA,30,risk1,house,True,8892,98.27,0.09827,0.90766,14,222.97,True,2020-08-29,2228,1432,1461,0,66,0
S2_ST_ROC,30m,default,EXTRA,30,risk1,forced,False,8892,98.881,0.098881,0.90792,14,180.92,True,2020-07-18,2658,1441,0,0,0,66
S2_ST_ROC,30m,default,EXTRA,30,risk1,forced,True,8892,98.5,0.0985,0.90827,14,180.92,True,2020-07-18,2648,1439,0,0,12,66
S2_ST_ROC,30m,default,EXTRA,40,owner,house,False,8892,96.528,0.096528,0.93599,8,167.52,True,2020-07-07,136,119,3546,57,0,0
S2_ST_ROC,30m,default,EXTRA,40,owner,house,True,8892,96.62,0.09662,0.93592,8,167.52,True,2020-07-07,136,119,3546,57,0,0
S2_ST_ROC,30m,default,EXTRA,40,owner,forced,False,8892,91.543,0.091543,0.92933,8,3.9688,True,2020-01-19,71,16,0,23,0,7
S2_ST_ROC,30m,default,EXTRA,40,owner,forced,True,8892,91.555,0.091555,0.92931,8,3.9688,True,2020-01-19,71,16,0,23,0,7
S2_ST_ROC,30m,default,EXTRA,40,risk1,house,False,8892,96.596,0.096596,0.9092,14,270.29,True,2020-10-18,1805,1130,3714,0,0,0
S2_ST_ROC,30m,default,EXTRA,40,risk1,house,True,8892,97.41,0.09741,0.90842,14,270.29,True,2020-10-18,1804,1127,3702,0,16,0
S2_ST_ROC,30m,default,EXTRA,40,risk1,forced,False,8892,97.917,0.097917,0.90835,11,167.78,True,2020-07-05,2692,1105,0,0,0,176
S2_ST_ROC,30m,default,EXTRA,40,risk1,forced,True,8892,100.13,0.10013,0.90724,14,168.44,True,2020-07-05,2663,1100,0,0,43,171
S2_ST_ROC,30m,default,EXTRA,50,owner,house,False,8892,99.244,0.099244,0.90427,6,92.021,True,2020-10-04,24,27,6139,0,0,0
S2_ST_ROC,30m,default,EXTRA,50,owner,house,True,8892,99.448,0.099448,0.90408,6,92.021,True,2020-10-04,24,27,6139,0,0,0
S2_ST_ROC,30m,default,EXTRA,50,owner,forced,False,8892,27.972,0.027972,0.97953,3,5.6562,True,2020-01-17,46,11,0,14,0,5
S2_ST_ROC,30m,default,EXTRA,50,owner,forced,True,8892,28.097,0.028097,0.97944,3,5.6562,True,2020-01-17,46,11,0,14,0,5
S2_ST_ROC,30m,default,EXTRA,50,risk1,house,False,8892,215.93,0.21593,0.79098,15,329.12,False,,1025,682,7185,0,0,0
S2_ST_ROC,30m,default,EXTRA,50,risk1,house,True,8892,217.58,0.21758,0.7891,15,329.12,False,,1025,682,7111,0,74,0
S2_ST_ROC,30m,default,EXTRA,50,risk1,forced,False,8892,99.776,0.099776,0.90368,10,127.61,True,2020-05-24,2298,569,0,0,0,360
S2_ST_ROC,30m,default,EXTRA,50,risk1,forced,True,8892,100.47,0.10047,0.90372,11,128.83,True,2020-05-25,2217,561,0,0,121,348
S2_ST_ROC,30m,friend,SEARCH,20,owner,house,False,18282,100.01,0.10001,0.91505,6,23.406,True,2021-01-24,110,37,279,0,0,0
S2_ST_ROC,30m,friend,SEARCH,20,owner,house,True,18282,100.89,0.10089,0.91433,6,23.406,True,2021-01-24,110,37,279,0,0,0
S2_ST_ROC,30m,friend,SEARCH,20,owner,forced,False,18282,74.957,0.074957,0.9357,3,4.3333,True,2021-01-05,71,10,0,0,0,7
S2_ST_ROC,30m,friend,SEARCH,20,owner,forced,True,18282,76.108,0.076108,0.93474,3,4.3333,True,2021-01-05,71,10,0,0,0,7
S2_ST_ROC,30m,friend,SEARCH,20,risk1,house,False,18282,99.253,0.099253,0.90281,8,369.46,True,2022-01-05,3280,1105,1626,0,0,0
S2_ST_ROC,30m,friend,SEARCH,20,risk1,house,True,18282,97.038,0.097038,0.90469,9,430.52,True,2022-03-07,3489,1166,1536,0,798,0
S2_ST_ROC,30m,friend,SEARCH,20,risk1,forced,False,18282,97.73,0.09773,0.9038,8,307.34,True,2021-11-04,3970,1070,0,0,0,99
S2_ST_ROC,30m,friend,SEARCH,20,risk1,forced,True,18282,98.775,0.098775,0.90283,10,324.79,True,2021-11-21,3759,1033,0,0,523,88
S2_ST_ROC,30m,friend,SEARCH,30,owner,house,False,18282,95.077,0.095077,0.90908,6,118.67,True,2021-05-01,130,37,1797,7,0,0
S2_ST_ROC,30m,friend,SEARCH,30,owner,house,True,18282,93.776,0.093776,0.91032,6,116.05,True,2021-04-28,126,33,1744,7,0,0
S2_ST_ROC,30m,friend,SEARCH,30,owner,forced,False,18282,34.489,0.034489,0.97154,3,3.1562,True,2021-01-04,46,6,0,1,0,9
S2_ST_ROC,30m,friend,SEARCH,30,owner,forced,True,18282,34.553,0.034553,0.9715,3,3.1562,True,2021-01-04,46,6,0,1,0,9
S2_ST_ROC,30m,friend,SEARCH,30,risk1,house,False,18282,98.884,0.098884,0.90112,11,467.53,True,2022-04-13,2507,797,4374,0,0,0
S2_ST_ROC,30m,friend,SEARCH,30,risk1,house,True,18282,98.543,0.098543,0.90146,11,470.58,True,2022-04-16,2407,767,4027,0,530,0
S2_ST_ROC,30m,friend,SEARCH,30,risk1,forced,False,18282,99.074,0.099074,0.90166,10,286.84,True,2021-10-15,3936,717,0,0,0,301
S2_ST_ROC,30m,friend,SEARCH,30,risk1,forced,True,18282,98.495,0.098495,0.90218,10,303.18,True,2021-10-31,3737,691,0,0,518,273
S2_ST_ROC,30m,friend,SEARCH,40,owner,house,False,18282,93.56,0.09356,0.94117,4,207.6,True,2022-10-20,107,46,10628,6,0,0
S2_ST_ROC,30m,friend,SEARCH,40,owner,house,True,18282,92.238,0.092238,0.94199,4,207.76,True,2022-10-20,109,46,10632,6,0,0
S2_ST_ROC,30m,friend,SEARCH,40,owner,forced,False,18282,65.046,0.065046,0.94808,3,2.25,True,2021-01-03,32,5,0,2,0,6
S2_ST_ROC,30m,friend,SEARCH,40,owner,forced,True,18282,65.122,0.065122,0.94803,3,2.25,True,2021-01-03,32,5,0,2,0,6
S2_ST_ROC,30m,friend,SEARCH,40,risk1,house,False,18282,99.953,0.099953,0.9032,11,685.57,True,2023-02-04,2071,763,9769,0,0,0
S2_ST_ROC,30m,friend,SEARCH,40,risk1,house,True,18282,98.107,0.098107,0.90458,11,693.91,True,2023-02-12,2118,787,9721,0,111,0
S2_ST_ROC,30m,friend,SEARCH,40,risk1,forced,False,18282,99.654,0.099654,0.90073,8,255.66,True,2021-09-13,3661,423,0,0,0,535
S2_ST_ROC,30m,friend,SEARCH,40,risk1,forced,True,18282,100.13,0.10013,0.90096,8,271.86,True,2021-09-30,3520,425,0,0,419,514
S2_ST_ROC,30m,friend,SEARCH,50,owner,house,False,18282,96.742,0.096742,0.90326,6,78.5,True,2023-01-03,45,40,11918,10,0,0
S2_ST_ROC,30m,friend,SEARCH,50,owner,house,True,18282,96.959,0.096959,0.90304,6,78.5,True,2023-01-03,45,40,11918,10,0,0
S2_ST_ROC,30m,friend,SEARCH,50,owner,forced,False,18282,95.435,0.095435,0.92859,2,1.1562,True,2021-01-02,22,4,0,2,0,4
S2_ST_ROC,30m,friend,SEARCH,50,owner,forced,True,18282,95.496,0.095496,0.92857,2,1.1562,True,2021-01-02,22,4,0,2,0,4
S2_ST_ROC,30m,friend,SEARCH,50,risk1,house,False,18282,97.16,0.09716,0.90432,8,782.74,True,2023-06-03,1375,561,12556,0,0,0
S2_ST_ROC,30m,friend,SEARCH,50,risk1,house,True,18282,97.921,0.097921,0.90349,8,783.03,True,2023-06-04,1379,561,12528,0,31,0
S2_ST_ROC,30m,friend,SEARCH,50,risk1,forced,False,18282,98.911,0.098911,0.90143,14,169.35,True,2021-06-19,2570,144,0,0,0,619
S2_ST_ROC,30m,friend,SEARCH,50,risk1,forced,True,18282,99.262,0.099262,0.90253,14,205.82,True,2021-07-26,2732,172,0,0,320,636
S2_ST_ROC,30m,friend,TEST,20,owner,house,False,16870,92.316,0.092316,0.90768,11,18.562,True,2024-01-19,189,107,21,20,0,0
S2_ST_ROC,30m,friend,TEST,20,owner,house,True,16870,92.504,0.092504,0.9075,11,18.562,True,2024-01-19,190,108,21,18,0,0
S2_ST_ROC,30m,friend,TEST,20,owner,forced,False,16870,101.38,0.10138,0.90391,9,15.552,True,2024-01-16,179,84,0,22,0,0
S2_ST_ROC,30m,friend,TEST,20,owner,forced,True,16870,104.32,0.10432,0.90106,9,15.552,True,2024-01-16,179,84,0,22,0,0
S2_ST_ROC,30m,friend,TEST,20,risk1,house,False,16870,99.804,0.099804,0.9002,13,268.24,True,2024-09-25,2865,1403,276,0,0,0
S2_ST_ROC,30m,friend,TEST,20,risk1,house,True,16870,99.136,0.099136,0.90096,13,297.55,True,2024-10-24,2987,1472,239,0,337,0
S2_ST_ROC,30m,friend,TEST,20,risk1,forced,False,16870,99.935,0.099935,0.90114,13,261.48,True,2024-09-21,3058,1413,0,0,0,9
S2_ST_ROC,30m,friend,TEST,20,risk1,forced,True,16870,98.713,0.098713,0.90149,13,285.96,True,2024-10-16,3089,1452,0,0,359,6
S2_ST_ROC,30m,friend,TEST,30,owner,house,False,16870,79.691,0.079691,0.93013,5,22.698,True,2024-01-24,138,57,171,37,0,0
S2_ST_ROC,30m,friend,TEST,30,owner,house,True,16870,79.72,0.07972,0.93009,5,22.698,True,2024-01-24,138,57,170,38,0,0
S2_ST_ROC,30m,friend,TEST,30,owner,forced,False,16870,69.339,0.069339,0.93066,5,9.5625,True,2024-01-10,97,32,0,43,0,3
S2_ST_ROC,30m,friend,TEST,30,owner,forced,True,16870,70.459,0.070459,0.92954,5,9.5625,True,2024-01-10,97,32,0,43,0,3
S2_ST_ROC,30m,friend,TEST,30,risk1,house,False,16870,97.238,0.097238,0.90413,10,251.28,True,2024-09-08,2210,953,1096,0,0,0
S2_ST_ROC,30m,friend,TEST,30,risk1,house,True,16870,98.883,0.098883,0.9025,10,280.29,True,2024-10-07,2356,1035,991,0,383,0
S2_ST_ROC,30m,friend,TEST,30,risk1,forced,False,16870,99.488,0.099488,0.90125,10,221.08,True,2024-08-12,2780,984,0,0,0,48
S2_ST_ROC,30m,friend,TEST,30,risk1,forced,True,16870,100.03,0.10003,0.9013,10,231.58,True,2024-08-23,2636,958,0,0,368,40
S2_ST_ROC,30m,friend,TEST,40,owner,house,False,16870,83.706,0.083706,0.91629,3,33.823,True,2024-02-04,62,38,497,19,0,0
S2_ST_ROC,30m,friend,TEST,40,owner,house,True,16870,84.833,0.084833,0.91517,3,33.823,True,2024-02-04,62,38,497,19,0,0
S2_ST_ROC,30m,friend,TEST,40,owner,forced,False,16870,99.996,0.099996,0.90603,5,6.875,True,2024-01-07,51,10,0,64,0,2
S2_ST_ROC,30m,friend,TEST,40,owner,forced,True,16870,99.708,0.099708,0.9063,5,6.875,True,2024-01-07,51,10,0,64,0,2
S2_ST_ROC,30m,friend,TEST,40,risk1,house,False,16870,96.192,0.096192,0.90496,10,278.1,True,2024-10-05,1696,714,2297,0,0,0
S2_ST_ROC,30m,friend,TEST,40,risk1,house,True,16870,99.668,0.099668,0.90152,10,284.83,True,2024-10-12,1689,723,2059,0,361,0
S2_ST_ROC,30m,friend,TEST,40,risk1,forced,False,16870,99.826,0.099826,0.90045,14,191.82,True,2024-07-11,2495,756,0,0,0,142
S2_ST_ROC,30m,friend,TEST,40,risk1,forced,True,16870,100.37,0.10037,0.90038,12,202.16,True,2024-07-21,2392,750,0,0,266,127
S2_ST_ROC,30m,friend,TEST,50,owner,house,False,16870,96.093,0.096093,0.90391,4,349.91,True,2025-01-05,46,42,6166,6,0,0
S2_ST_ROC,30m,friend,TEST,50,owner,house,True,16870,94.164,0.094164,0.90584,4,357.06,True,2025-01-12,49,43,6307,6,0,0
S2_ST_ROC,30m,friend,TEST,50,owner,forced,False,16870,87.577,0.087577,0.92063,3,2.0417,True,2024-01-03,17,2,0,11,0,2
S2_ST_ROC,30m,friend,TEST,50,owner,forced,True,16870,87.533,0.087533,0.92065,3,2.0417,True,2024-01-03,17,2,0,11,0,2
S2_ST_ROC,30m,friend,TEST,50,risk1,house,False,16870,99.464,0.099464,0.90129,9,490.42,True,2025-05-06,1403,571,6309,0,0,0
S2_ST_ROC,30m,friend,TEST,50,risk1,house,True,16870,99.028,0.099028,0.90172,9,531.27,True,2025-06-15,1371,564,5903,0,1051,0
S2_ST_ROC,30m,friend,TEST,50,risk1,forced,False,16870,99.637,0.099637,0.90142,10,156.4,True,2024-06-05,2225,490,0,0,0,256
S2_ST_ROC,30m,friend,TEST,50,risk1,forced,True,16870,98.332,0.098332,0.90269,10,161.11,True,2024-06-10,2048,485,0,0,284,218
S2_ST_ROC,30m,friend,EXTRA,20,owner,house,False,5136,75.211,0.075211,0.93846,7,37.375,True,2020-02-18,271,125,37,4,0,0
S2_ST_ROC,30m,friend,EXTRA,20,owner,house,True,5136,75.165,0.075165,0.93849,7,37.375,True,2020-02-18,271,125,37,4,0,0
S2_ST_ROC,30m,friend,EXTRA,20,owner,forced,False,5136,99.196,0.099196,0.91883,7,23.135,True,2020-02-04,185,89,0,3,0,0
S2_ST_ROC,30m,friend,EXTRA,20,owner,forced,True,5136,99.397,0.099397,0.91866,7,23.135,True,2020-02-04,185,89,0,3,0,0
S2_ST_ROC,30m,friend,EXTRA,20,risk1,house,False,5136,98.986,0.098986,0.90412,14,228.32,True,2020-08-27,1809,926,205,0,0,0
S2_ST_ROC,30m,friend,EXTRA,20,risk1,house,True,5136,99.313,0.099313,0.9038,14,230.81,True,2020-08-30,1819,924,200,0,28,0
S2_ST_ROC,30m,friend,EXTRA,20,risk1,forced,False,5136,97.409,0.097409,0.90565,14,228.26,True,2020-08-27,1978,957,0,0,0,10
S2_ST_ROC,30m,friend,EXTRA,20,risk1,forced,True,5136,99.028,0.099028,0.90407,14,228.32,True,2020-08-27,1961,947,0,0,32,8
S2_ST_ROC,30m,friend,EXTRA,30,owner,house,False,5136,107.31,0.10731,0.93096,6,20.427,True,2020-02-02,81,38,117,5,0,0
S2_ST_ROC,30m,friend,EXTRA,30,owner,house,True,5136,107.39,0.10739,0.93088,6,20.427,True,2020-02-02,81,38,117,5,0,0
S2_ST_ROC,30m,friend,EXTRA,30,owner,forced,False,5136,69.875,0.069875,0.95308,5,9.5625,True,2020-01-21,76,28,0,9,0,1
S2_ST_ROC,30m,friend,EXTRA,30,owner,forced,True,5136,69.982,0.069982,0.95301,5,9.5625,True,2020-01-21,76,28,0,9,0,1
S2_ST_ROC,30m,friend,EXTRA,30,risk1,house,False,5136,99.673,0.099673,0.90304,16,255.06,True,2020-09-23,1697,779,880,0,0,0
S2_ST_ROC,30m,friend,EXTRA,30,risk1,house,True,5136,97.794,0.097794,0.90469,16,255.27,True,2020-09-23,1694,777,872,0,20,0
S2_ST_ROC,30m,friend,EXTRA,30,risk1,forced,False,5136,99.528,0.099528,0.90332,14,227.33,True,2020-08-26,2112,794,0,0,0,40
S2_ST_ROC,30m,friend,EXTRA,30,risk1,forced,True,5136,98.607,0.098607,0.90421,14,228.26,True,2020-08-27,2099,798,0,0,38,38
S2_ST_ROC,30m,friend,EXTRA,40,owner,house,False,5136,82.953,0.082953,0.91705,3,159.92,True,2020-06-21,62,39,1890,21,0,0
S2_ST_ROC,30m,friend,EXTRA,40,owner,house,True,5136,83.111,0.083111,0.91689,3,159.92,True,2020-06-21,62,39,1890,21,0,0
S2_ST_ROC,30m,friend,EXTRA,40,owner,forced,False,5136,102.31,0.10231,0.94757,4,4.9896,True,2020-01-17,40,8,0,7,0,1
S2_ST_ROC,30m,friend,EXTRA,40,owner,forced,True,5136,102.34,0.10234,0.94754,4,4.9896,True,2020-01-17,40,8,0,7,0,1
S2_ST_ROC,30m,friend,EXTRA,40,risk1,house,False,5136,140.28,0.14028,0.86278,15,341.67,False,,1438,640,3058,0,0,0
S2_ST_ROC,30m,friend,EXTRA,40,risk1,house,True,5136,145.37,0.14537,0.85778,15,338.8,False,,1429,638,2970,0,99,0
S2_ST_ROC,30m,friend,EXTRA,40,risk1,forced,False,5136,96.741,0.096741,0.90559,14,211.19,True,2020-08-10,2034,637,0,0,0,128
S2_ST_ROC,30m,friend,EXTRA,40,risk1,forced,True,5136,99.542,0.099542,0.90285,14,213.99,True,2020-08-13,2022,635,0,0,47,124
S2_ST_ROC,30m,friend,EXTRA,50,owner,house,False,5136,449.67,0.44967,0.64672,3,97.729,False,,25,14,5097,0,0,0
S2_ST_ROC,30m,friend,EXTRA,50,owner,house,True,5136,449.82,0.44982,0.64659,3,97.729,False,,25,14,5097,0,0,0
S2_ST_ROC,30m,friend,EXTRA,50,owner,forced,False,5136,51.408,0.051408,0.97715,4,0.86458,True,2020-01-13,12,4,0,10,0,2
S2_ST_ROC,30m,friend,EXTRA,50,owner,forced,True,5136,51.418,0.051418,0.97715,4,0.86458,True,2020-01-13,12,4,0,10,0,2
S2_ST_ROC,30m,friend,EXTRA,50,risk1,house,False,5136,286.85,0.28685,0.71467,15,337.6,False,,724,335,4077,0,0,0
S2_ST_ROC,30m,friend,EXTRA,50,risk1,house,True,5136,288.4,0.2884,0.71312,15,337.6,False,,724,335,4069,0,8,0
S2_ST_ROC,30m,friend,EXTRA,50,risk1,forced,False,5136,97.584,0.097584,0.90478,12,182.3,True,2020-07-12,1821,461,0,0,0,224
S2_ST_ROC,30m,friend,EXTRA,50,risk1,forced,True,5136,98.941,0.098941,0.90344,12,182.3,True,2020-07-12,1783,459,0,0,40,219
S2_ST_ROC,30m,pick1,SEARCH,20,owner,house,False,19737,99.146,0.099146,0.90858,4,22.958,True,2021-01-24,93,31,282,4,0,0
S2_ST_ROC,30m,pick1,SEARCH,20,owner,house,True,19737,87.224,0.087224,0.91958,4,22.958,True,2021-01-24,93,32,282,3,0,0
S2_ST_ROC,30m,pick1,SEARCH,20,owner,forced,False,19737,102.92,0.10292,0.92328,5,16.854,True,2021-01-18,271,25,0,10,0,18
S2_ST_ROC,30m,pick1,SEARCH,20,owner,forced,True,19737,103.83,0.10383,0.92224,5,16.854,True,2021-01-18,271,25,0,10,0,18
S2_ST_ROC,30m,pick1,SEARCH,20,risk1,house,False,19737,102.34,0.10234,0.90096,10,380.27,True,2022-01-16,3695,1137,1866,0,0,0
S2_ST_ROC,30m,pick1,SEARCH,20,risk1,house,True,19737,97.723,0.097723,0.90323,10,448.39,True,2022-03-25,4068,1211,1795,0,786,0
S2_ST_ROC,30m,pick1,SEARCH,20,risk1,forced,False,19737,99.624,0.099624,0.9024,11,307.2,True,2021-11-12,4491,989,0,0,0,119
S2_ST_ROC,30m,pick1,SEARCH,20,risk1,forced,True,19737,97.813,0.097813,0.90458,11,352.7,True,2021-12-27,4595,1051,0,0,652,108
S2_ST_ROC,30m,pick1,SEARCH,30,owner,house,False,19737,78.033,0.078033,0.95163,9,112.39,True,2021-07-18,236,54,3145,4,0,0
S2_ST_ROC,30m,pick1,SEARCH,30,owner,house,True,19737,78.192,0.078192,0.95143,10,112.39,True,2021-07-18,237,57,3141,4,0,0
S2_ST_ROC,30m,pick1,SEARCH,30,owner,forced,False,19737,83.883,0.083883,0.92542,5,4.2917,True,2021-01-05,69,1,0,2,0,9
S2_ST_ROC,30m,pick1,SEARCH,30,owner,forced,True,19737,83.738,0.083738,0.92555,5,4.2917,True,2021-01-05,69,1,0,2,0,9
S2_ST_ROC,30m,pick1,SEARCH,30,risk1,house,False,19737,97.119,0.097119,0.90288,12,471.28,True,2022-04-17,2704,771,4822,0,0,0
S2_ST_ROC,30m,pick1,SEARCH,30,risk1,house,True,19737,99.747,0.099747,0.90025,12,487.71,True,2022-05-04,2716,771,4445,0,652,0
S2_ST_ROC,30m,pick1,SEARCH,30,risk1,forced,False,19737,94.471,0.094471,0.9061,12,233.32,True,2021-08-22,3548,463,0,0,0,342
S2_ST_ROC,30m,pick1,SEARCH,30,risk1,forced,True,19737,97.866,0.097866,0.90273,11,260.41,True,2021-09-18,3615,501,0,0,396,327
S2_ST_ROC,30m,pick1,SEARCH,40,owner,house,False,19737,81.111,0.081111,0.94272,4,132.86,True,2022-08-06,49,25,10169,5,0,0
S2_ST_ROC,30m,pick1,SEARCH,40,owner,house,True,19737,81.72,0.08172,0.94226,4,132.86,True,2022-08-06,49,25,10169,5,0,0
S2_ST_ROC,30m,pick1,SEARCH,40,owner,forced,False,19737,85.202,0.085202,0.92892,5,4.3125,True,2021-01-05,65,0,0,8,0,9
S2_ST_ROC,30m,pick1,SEARCH,40,owner,forced,True,19737,84.967,0.084967,0.92912,5,4.3125,True,2021-01-05,65,0,0,8,0,9
S2_ST_ROC,30m,pick1,SEARCH,40,risk1,house,False,19737,99.807,0.099807,0.90107,16,632.21,True,2022-12-20,1887,633,10148,0,0,0
S2_ST_ROC,30m,pick1,SEARCH,40,risk1,house,True,19737,97.798,0.097798,0.90303,16,642.14,True,2022-12-22,1904,645,9988,0,172,0
S2_ST_ROC,30m,pick1,SEARCH,40,risk1,forced,False,19737,99.902,0.099902,0.90252,12,184.4,True,2021-07-10,3048,244,0,0,0,571
S2_ST_ROC,30m,pick1,SEARCH,40,risk1,forced,True,19737,99.866,0.099866,0.9027,10,202.26,True,2021-07-28,3047,252,0,0,270,547
S2_ST_ROC,30m,pick1,SEARCH,50,owner,house,False,19737,104.7,0.1047,0.93613,5,44.708,True,2023-01-03,48,48,12821,14,0,0
S2_ST_ROC,30m,pick1,SEARCH,50,owner,house,True,19737,104.98,0.10498,0.93595,5,44.708,True,2023-01-03,48,48,12821,14,0,0
S2_ST_ROC,30m,pick1,SEARCH,50,owner,forced,False,19737,107.84,0.10784,0.93359,2,1.0312,True,2021-01-02,14,0,0,3,0,3
S2_ST_ROC,30m,pick1,SEARCH,50,owner,forced,True,19737,107.85,0.10785,0.93358,2,1.0312,True,2021-01-02,14,0,0,3,0,3
S2_ST_ROC,30m,pick1,SEARCH,50,risk1,house,False,19737,99.933,0.099933,0.90008,15,800.4,True,2023-06-12,1434,637,13719,0,0,0
S2_ST_ROC,30m,pick1,SEARCH,50,risk1,house,True,19737,99.296,0.099296,0.90072,15,820.46,True,2023-07-02,1501,669,13908,0,83,0
S2_ST_ROC,30m,pick1,SEARCH,50,risk1,forced,False,19737,100.23,0.10023,0.90229,12,143.79,True,2021-05-30,2523,116,0,0,0,689
S2_ST_ROC,30m,pick1,SEARCH,50,risk1,forced,True,19737,96.006,0.096006,0.90596,10,162.38,True,2021-06-18,2535,116,0,0,304,675
S2_ST_ROC,30m,pick1,TEST,20,owner,house,False,18212,84.4,0.0844,0.9156,5,14.469,True,2024-01-15,168,75,23,21,0,0
S2_ST_ROC,30m,pick1,TEST,20,owner,house,True,18212,92.916,0.092916,0.91121,5,14.479,True,2024-01-15,170,76,23,21,0,0
S2_ST_ROC,30m,pick1,TEST,20,owner,forced,False,18212,101.83,0.10183,0.90109,5,13.667,True,2024-01-14,170,64,0,25,0,0
S2_ST_ROC,30m,pick1,TEST,20,owner,forced,True,18212,94.644,0.094644,0.90536,5,13.677,True,2024-01-14,172,66,0,25,0,0
S2_ST_ROC,30m,pick1,TEST,20,risk1,house,False,18212,98.841,0.098841,0.90198,9,153.26,True,2024-06-02,1776,863,275,0,0,0
S2_ST_ROC,30m,pick1,TEST,20,risk1,house,True,18212,98.069,0.098069,0.90272,10,183.47,True,2024-07-02,1852,958,216,0,430,0
S2_ST_ROC,30m,pick1,TEST,20,risk1,forced,False,18212,99.704,0.099704,0.9003,9,144.45,True,2024-05-24,1887,835,0,0,0,10
S2_ST_ROC,30m,pick1,TEST,20,risk1,forced,True,18212,101.01,0.10101,0.90006,10,153.61,True,2024-06-02,1742,814,0,0,368,8
S2_ST_ROC,30m,pick1,TEST,30,owner,house,False,18212,92.482,0.092482,0.90752,4,6.4375,True,2024-01-07,49,26,50,12,0,0
S2_ST_ROC,30m,pick1,TEST,30,owner,house,True,18212,84.883,0.084883,0.91512,4,6.4896,True,2024-01-07,50,26,50,11,0,0
S2_ST_ROC,30m,pick1,TEST,30,owner,forced,False,18212,88.601,0.088601,0.9114,3,8.5833,True,2024-01-09,97,37,0,42,0,2
S2_ST_ROC,30m,pick1,TEST,30,owner,forced,True,18212,88.502,0.088502,0.9115,3,8.5833,True,2024-01-09,97,37,0,42,0,2
S2_ST_ROC,30m,pick1,TEST,30,risk1,house,False,18212,97.393,0.097393,0.90292,12,183.45,True,2024-07-02,1727,780,949,0,0,0
S2_ST_ROC,30m,pick1,TEST,30,risk1,house,True,18212,98.327,0.098327,0.90167,8,199.46,True,2024-07-18,1719,756,801,0,421,0
S2_ST_ROC,30m,pick1,TEST,30,risk1,forced,False,18212,100.29,0.10029,0.9006,12,143.43,True,2024-05-23,2010,692,0,0,0,57
S2_ST_ROC,30m,pick1,TEST,30,risk1,forced,True,18212,97.589,0.097589,0.90286,10,157.66,True,2024-06-06,1919,708,0,0,375,47
S2_ST_ROC,30m,pick1,TEST,40,owner,house,False,18212,83.645,0.083645,0.91954,8,27.885,True,2024-02-03,55,38,553,17,0,0
S2_ST_ROC,30m,pick1,TEST,40,owner,house,True,18212,89.24,0.08924,0.91417,9,27.312,True,2024-02-03,53,38,550,17,0,0
S2_ST_ROC,30m,pick1,TEST,40,owner,forced,False,18212,45.639,0.045639,0.95521,3,2.8229,True,2024-01-06,55,18,0,42,0,2
S2_ST_ROC,30m,pick1,TEST,40,owner,forced,True,18212,46.427,0.046427,0.95441,3,2.8229,True,2024-01-06,55,18,0,42,0,2
S2_ST_ROC,30m,pick1,TEST,40,risk1,house,False,18212,99.604,0.099604,0.9004,8,266.89,True,2024-09-23,1757,665,2494,0,0,0
S2_ST_ROC,30m,pick1,TEST,40,risk1,house,True,18212,99.317,0.099317,0.90068,8,279.39,True,2024-10-05,1750,678,2162,0,550,0
S2_ST_ROC,30m,pick1,TEST,40,risk1,forced,False,18212,100.49,0.10049,0.90002,9,112.59,True,2024-04-22,1692,485,0,0,0,141
S2_ST_ROC,30m,pick1,TEST,40,risk1,forced,True,18212,100.03,0.10003,0.90015,8,140.64,True,2024-05-20,1760,527,0,0,368,118
S2_ST_ROC,30m,pick1,TEST,50,owner,house,False,18212,76.013,0.076013,0.92672,6,153.79,True,2024-06-23,29,21,3246,5,0,0
S2_ST_ROC,30m,pick1,TEST,50,owner,house,True,18212,76.522,0.076522,0.92623,6,153.79,True,2024-06-23,29,21,3246,5,0,0
S2_ST_ROC,30m,pick1,TEST,50,owner,forced,False,18212,96.5,0.0965,0.9035,2,3.5938,True,2024-01-04,33,8,0,24,0,2
S2_ST_ROC,30m,pick1,TEST,50,owner,forced,True,18212,98.795,0.098795,0.90121,2,3.5938,True,2024-01-04,33,8,0,24,0,2
S2_ST_ROC,30m,pick1,TEST,50,risk1,house,False,18212,99.077,0.099077,0.90092,8,489.78,True,2025-05-04,1466,594,6977,0,0,0
S2_ST_ROC,30m,pick1,TEST,50,risk1,house,True,18212,98.056,0.098056,0.90194,8,552.16,True,2025-07-06,1539,651,6770,0,1240,0
S2_ST_ROC,30m,pick1,TEST,50,risk1,forced,False,18212,99.506,0.099506,0.90049,9,86.188,True,2024-03-27,1360,313,0,0,0,182
S2_ST_ROC,30m,pick1,TEST,50,risk1,forced,True,18212,99.449,0.099449,0.90093,8,102.1,True,2024-04-12,1412,339,0,0,227,190
S2_ST_ROC,30m,pick1,EXTRA,20,owner,house,False,5489,92.858,0.092858,0.91493,12,47.396,True,2020-02-28,353,142,57,5,0,0
S2_ST_ROC,30m,pick1,EXTRA,20,owner,house,True,5489,92.84,0.09284,0.91493,12,47.396,True,2020-02-28,353,142,57,5,0,0
S2_ST_ROC,30m,pick1,EXTRA,20,owner,forced,False,5489,97.874,0.097874,0.90596,12,21.167,True,2020-02-02,175,73,0,3,0,1
S2_ST_ROC,30m,pick1,EXTRA,20,owner,forced,True,5489,97.964,0.097964,0.90587,12,21.167,True,2020-02-02,175,73,0,3,0,1
S2_ST_ROC,30m,pick1,EXTRA,20,risk1,house,False,5489,99.644,0.099644,0.90171,13,183.01,True,2020-07-12,1497,744,212,0,0,0
S2_ST_ROC,30m,pick1,EXTRA,20,risk1,house,True,5489,99.489,0.099489,0.90185,13,183.01,True,2020-07-12,1495,743,204,0,11,0
S2_ST_ROC,30m,pick1,EXTRA,20,risk1,forced,False,5489,98.801,0.098801,0.90254,13,183.01,True,2020-07-12,1681,772,0,0,0,6
S2_ST_ROC,30m,pick1,EXTRA,20,risk1,forced,True,5489,96.459,0.096459,0.9042,13,185.43,True,2020-07-15,1695,783,0,0,11,6
S2_ST_ROC,30m,pick1,EXTRA,30,owner,house,False,5489,86.96,0.08696,0.92034,6,29.115,True,2020-02-10,114,54,197,1,0,0
S2_ST_ROC,30m,pick1,EXTRA,30,owner,house,True,5489,87.11,0.08711,0.9202,6,29.115,True,2020-02-10,114,54,197,1,0,0
S2_ST_ROC,30m,pick1,EXTRA,30,owner,forced,False,5489,91.701,0.091701,0.916,5,7.1042,True,2020-01-19,47,23,0,4,0,3
S2_ST_ROC,30m,pick1,EXTRA,30,owner,forced,True,5489,91.776,0.091776,0.91593,5,7.1042,True,2020-01-19,47,23,0,4,0,3
S2_ST_ROC,30m,pick1,EXTRA,30,risk1,house,False,5489,101.72,0.10172,0.90091,11,252.52,True,2020-09-20,1822,828,941,0,0,0
S2_ST_ROC,30m,pick1,EXTRA,30,risk1,house,True,5489,97.925,0.097925,0.9029,11,255.53,True,2020-09-23,1834,840,932,0,26,0
S2_ST_ROC,30m,pick1,EXTRA,30,risk1,forced,False,5489,96.543,0.096543,0.90412,11,210.49,True,2020-08-09,2072,769,0,0,0,43
S2_ST_ROC,30m,pick1,EXTRA,30,risk1,forced,True,5489,97.334,0.097334,0.90334,11,211.53,True,2020-08-10,2062,779,0,0,36,37
S2_ST_ROC,30m,pick1,EXTRA,40,owner,house,False,5489,111.25,0.11125,0.93969,7,113.28,True,2020-06-26,92,63,2044,31,0,0
S2_ST_ROC,30m,pick1,EXTRA,40,owner,house,True,5489,111.42,0.11142,0.93959,7,113.28,True,2020-06-26,92,63,2044,31,0,0
S2_ST_ROC,30m,pick1,EXTRA,40,owner,forced,False,5489,96.238,0.096238,0.9076,2,2.1562,True,2020-01-14,13,10,0,8,0,1
S2_ST_ROC,30m,pick1,EXTRA,40,owner,forced,True,5489,96.27,0.09627,0.90757,2,2.1562,True,2020-01-14,13,10,0,8,0,1
S2_ST_ROC,30m,pick1,EXTRA,40,risk1,house,False,5489,108.71,0.10871,0.89325,10,341.17,False,,1599,670,3220,0,0,0
S2_ST_ROC,30m,pick1,EXTRA,40,risk1,house,True,5489,114.47,0.11447,0.88838,10,341.17,False,,1540,654,3116,0,179,0
S2_ST_ROC,30m,pick1,EXTRA,40,risk1,forced,False,5489,99.711,0.099711,0.90072,12,175.4,True,2020-07-05,1818,531,0,0,0,120
S2_ST_ROC,30m,pick1,EXTRA,40,risk1,forced,True,5489,98.324,0.098324,0.90185,12,182.71,True,2020-07-12,1865,563,0,0,15,117
S2_ST_ROC,30m,pick1,EXTRA,50,owner,house,False,5489,294.04,0.29404,0.73502,5,106.76,False,,24,9,5456,0,0,0
S2_ST_ROC,30m,pick1,EXTRA,50,owner,house,True,5489,294.14,0.29414,0.73485,5,106.76,False,,24,9,5456,0,0,0
S2_ST_ROC,30m,pick1,EXTRA,50,owner,forced,False,5489,81.024,0.081024,0.92319,2,1.6042,True,2020-01-13,9,7,0,6,0,3
S2_ST_ROC,30m,pick1,EXTRA,50,owner,forced,True,5489,81.072,0.081072,0.92314,2,1.6042,True,2020-01-13,9,7,0,6,0,3
S2_ST_ROC,30m,pick1,EXTRA,50,risk1,house,False,5489,288.69,0.28869,0.72341,10,338.09,False,,803,364,4322,0,0,0
S2_ST_ROC,30m,pick1,EXTRA,50,risk1,house,True,5489,289.22,0.28922,0.72259,10,338.09,False,,803,364,4308,0,14,0
S2_ST_ROC,30m,pick1,EXTRA,50,risk1,forced,False,5489,99.289,0.099289,0.90128,12,171.6,True,2020-07-01,1857,433,0,0,0,246
S2_ST_ROC,30m,pick1,EXTRA,50,risk1,forced,True,5489,98.801,0.098801,0.90135,12,174.23,True,2020-07-03,1849,446,0,0,37,239
S2_ST_ROC,30m,pick2,SEARCH,20,owner,house,False,19639,86.371,0.086371,0.92036,4,22.927,True,2021-01-24,93,30,277,3,0,0
S2_ST_ROC,30m,pick2,SEARCH,20,owner,house,True,19639,77.07,0.07707,0.93283,4,22.938,True,2021-01-24,93,30,277,3,0,0
S2_ST_ROC,30m,pick2,SEARCH,20,owner,forced,False,19639,81.804,0.081804,0.95672,5,13.281,True,2021-01-25,373,58,0,12,0,17
S2_ST_ROC,30m,pick2,SEARCH,20,owner,forced,True,19639,82.555,0.082555,0.95647,5,13.281,True,2021-01-25,373,58,0,12,0,17
S2_ST_ROC,30m,pick2,SEARCH,20,risk1,house,False,19639,99.2,0.0992,0.90218,10,389.96,True,2022-01-26,3803,1171,1870,0,0,0
S2_ST_ROC,30m,pick2,SEARCH,20,risk1,house,True,19639,99.502,0.099502,0.90138,10,447.32,True,2022-03-24,4051,1214,1763,0,786,0
S2_ST_ROC,30m,pick2,SEARCH,20,risk1,forced,False,19639,100.16,0.10016,0.90495,11,319.38,True,2021-11-25,4648,1047,0,0,0,106
S2_ST_ROC,30m,pick2,SEARCH,20,risk1,forced,True,19639,100.31,0.10031,0.90513,11,360.71,True,2022-01-05,4727,1128,0,0,610,96
S2_ST_ROC,30m,pick2,SEARCH,30,owner,house,False,19639,96.759,0.096759,0.94342,5,71.167,True,2021-06-07,162,38,2573,1,0,0
S2_ST_ROC,30m,pick2,SEARCH,30,owner,house,True,19639,99.805,0.099805,0.93643,5,70.698,True,2021-06-07,158,37,2565,1,0,0
S2_ST_ROC,30m,pick2,SEARCH,30,owner,forced,False,19639,96.457,0.096457,0.92729,5,8.4167,True,2021-01-09,132,3,0,3,0,16
S2_ST_ROC,30m,pick2,SEARCH,30,owner,forced,True,19639,96.71,0.09671,0.92708,5,8.4167,True,2021-01-09,132,3,0,3,0,16
S2_ST_ROC,30m,pick2,SEARCH,30,risk1,house,False,19639,98.304,0.098304,0.90174,12,431,True,2022-03-30,2537,703,4705,0,0,0
S2_ST_ROC,30m,pick2,SEARCH,30,risk1,house,True,19639,98.51,0.09851,0.90152,12,458.52,True,2022-04-28,2632,748,4377,0,680,0
S2_ST_ROC,30m,pick2,SEARCH,30,risk1,forced,False,19639,94.87,0.09487,0.90673,12,225.96,True,2021-08-22,3526,460,0,0,0,333
S2_ST_ROC,30m,pick2,SEARCH,30,risk1,forced,True,19639,98.707,0.098707,0.90303,11,256.05,True,2021-09-21,3614,506,0,0,397,317
S2_ST_ROC,30m,pick2,SEARCH,40,owner,house,False,19639,83.703,0.083703,0.93931,5,117.62,True,2022-04-24,38,14,8328,3,0,0
S2_ST_ROC,30m,pick2,SEARCH,40,owner,house,True,19639,84.38,0.08438,0.93879,5,117.62,True,2022-04-24,38,14,8328,3,0,0
S2_ST_ROC,30m,pick2,SEARCH,40,owner,forced,False,19639,105.19,0.10519,0.92528,5,2.625,True,2021-01-05,64,1,0,9,0,8
S2_ST_ROC,30m,pick2,SEARCH,40,owner,forced,True,19639,105.15,0.10515,0.92529,5,2.625,True,2021-01-05,64,1,0,9,0,8
S2_ST_ROC,30m,pick2,SEARCH,40,risk1,house,False,19639,97.886,0.097886,0.90297,16,642.09,True,2022-12-22,1904,650,10100,0,0,0
S2_ST_ROC,30m,pick2,SEARCH,40,risk1,house,True,19639,96.962,0.096962,0.90415,16,645.15,True,2022-12-25,1931,680,9949,0,163,0
S2_ST_ROC,30m,pick2,SEARCH,40,risk1,forced,False,19639,99.776,0.099776,0.90425,12,183.06,True,2021-07-10,3038,245,0,0,0,564
S2_ST_ROC,30m,pick2,SEARCH,40,risk1,forced,True,19639,99.02,0.09902,0.90519,10,225.96,True,2021-08-22,3333,292,0,0,365,566
S2_ST_ROC,30m,pick2,SEARCH,50,owner,house,False,19639,95.92,0.09592,0.93456,5,49.938,True,2023-01-08,58,63,12858,17,0,0
S2_ST_ROC,30m,pick2,SEARCH,50,owner,house,True,19639,96.139,0.096139,0.9344,5,49.938,True,2023-01-08,58,63,12858,17,0,0
S2_ST_ROC,30m,pick2,SEARCH,50,owner,forced,False,19639,96.708,0.096708,0.92495,2,1.0521,True,2021-01-02,14,0,0,3,0,3
S2_ST_ROC,30m,pick2,SEARCH,50,owner,forced,True,19639,96.715,0.096715,0.92494,2,1.0521,True,2021-01-02,14,0,0,3,0,3
S2_ST_ROC,30m,pick2,SEARCH,50,risk1,house,False,19639,98.568,0.098568,0.90148,15,802.54,True,2023-06-14,1450,661,13669,0,0,0
S2_ST_ROC,30m,pick2,SEARCH,50,risk1,house,True,19639,98.868,0.098868,0.90115,15,820.71,True,2023-07-02,1508,679,13823,0,85,0
S2_ST_ROC,30m,pick2,SEARCH,50,risk1,forced,False,19639,99.233,0.099233,0.90449,12,148.3,True,2021-06-04,2572,124,0,0,0,697
S2_ST_ROC,30m,pick2,SEARCH,50,risk1,forced,True,19639,99.739,0.099739,0.90396,11,163.48,True,2021-06-19,2550,127,0,0,270,676
S2_ST_ROC,30m,pick2,TEST,20,owner,house,False,18154,88.244,0.088244,0.91641,5,15.25,True,2024-01-16,176,89,23,19,0,0
S2_ST_ROC,30m,pick2,TEST,20,owner,house,True,18154,91.988,0.091988,0.91278,5,15.25,True,2024-01-16,177,89,23,18,0,0
S2_ST_ROC,30m,pick2,TEST,20,owner,forced,False,18154,97.368,0.097368,0.90263,5,14.792,True,2024-01-15,185,89,0,25,0,0
S2_ST_ROC,30m,pick2,TEST,20,owner,forced,True,18154,98.936,0.098936,0.90106,5,14.792,True,2024-01-15,186,89,0,24,0,0
S2_ST_ROC,30m,pick2,TEST,20,risk1,house,False,18154,96.995,0.096995,0.90301,9,151.49,True,2024-05-31,1745,845,273,0,0,0
S2_ST_ROC,30m,pick2,TEST,20,risk1,house,True,18154,97.478,0.097478,0.90252,10,174.56,True,2024-06-23,1768,915,217,0,406,0
S2_ST_ROC,30m,pick2,TEST,20,risk1,forced,False,18154,97.516,0.097516,0.90248,9,144.46,True,2024-05-24,1873,830,0,0,0,11
S2_ST_ROC,30m,pick2,TEST,20,risk1,forced,True,18154,99.777,0.099777,0.90104,9,153.27,True,2024-06-02,1714,802,0,0,383,9
S2_ST_ROC,30m,pick2,TEST,30,owner,house,False,18154,97.394,0.097394,0.90261,8,9.25,True,2024-01-10,57,32,82,16,0,0
S2_ST_ROC,30m,pick2,TEST,30,owner,house,True,18154,97.418,0.097418,0.90258,8,9.25,True,2024-01-10,57,32,82,16,0,0
S2_ST_ROC,30m,pick2,TEST,30,owner,forced,False,18154,80.907,0.080907,0.91909,4,8.8125,True,2024-01-09,105,36,0,40,0,3
S2_ST_ROC,30m,pick2,TEST,30,owner,forced,True,18154,81.719,0.081719,0.91828,4,8.8125,True,2024-01-09,105,36,0,40,0,3
S2_ST_ROC,30m,pick2,TEST,30,risk1,house,False,18154,98.889,0.098889,0.90111,8,160.66,True,2024-06-09,1493,661,894,0,0,0
S2_ST_ROC,30m,pick2,TEST,30,risk1,house,True,18154,100.53,0.10053,0.90004,8,177.52,True,2024-06-26,1532,698,745,0,363,0
S2_ST_ROC,30m,pick2,TEST,30,risk1,forced,False,18154,100.26,0.10026,0.90068,11,132.95,True,2024-05-13,1856,648,0,0,0,58
S2_ST_ROC,30m,pick2,TEST,30,risk1,forced,True,18154,97.414,0.097414,0.90259,10,149.17,True,2024-05-29,1793,657,0,0,350,51
S2_ST_ROC,30m,pick2,TEST,40,owner,house,False,18154,86.947,0.086947,0.91637,7,27.885,True,2024-02-03,52,43,544,18,0,0
S2_ST_ROC,30m,pick2,TEST,40,owner,house,True,18154,74.467,0.074467,0.92838,7,27.885,True,2024-02-03,53,43,543,18,0,0
S2_ST_ROC,30m,pick2,TEST,40,owner,forced,False,18154,90.394,0.090394,0.91068,5,6.4375,True,2024-01-07,57,21,0,45,0,2
S2_ST_ROC,30m,pick2,TEST,40,owner,forced,True,18154,91.854,0.091854,0.90924,5,6.4375,True,2024-01-07,57,21,0,45,0,2
S2_ST_ROC,30m,pick2,TEST,40,risk1,house,False,18154,98.104,0.098104,0.9019,9,250.61,True,2024-09-07,1589,634,2383,0,0,0
S2_ST_ROC,30m,pick2,TEST,40,risk1,house,True,18154,99.872,0.099872,0.90013,8,267.59,True,2024-09-24,1636,655,2078,0,565,0
S2_ST_ROC,30m,pick2,TEST,40,risk1,forced,False,18154,97.312,0.097312,0.90269,8,112,True,2024-04-21,1655,480,0,0,0,137
S2_ST_ROC,30m,pick2,TEST,40,risk1,forced,True,18154,99.283,0.099283,0.90072,8,140.29,True,2024-05-20,1729,526,0,0,367,117
S2_ST_ROC,30m,pick2,TEST,50,owner,house,False,18154,89.894,0.089894,0.91334,6,251.97,True,2024-09-29,46,29,4940,9,0,0
S2_ST_ROC,30m,pick2,TEST,50,owner,house,True,18154,91.423,0.091423,0.91186,6,251.97,True,2024-09-29,46,29,4940,9,0,0
S2_ST_ROC,30m,pick2,TEST,50,owner,forced,False,18154,64.266,0.064266,0.93573,4,3.9167,True,2024-01-05,32,6,0,24,0,2
S2_ST_ROC,30m,pick2,TEST,50,owner,forced,True,18154,64.647,0.064647,0.93535,4,3.9167,True,2024-01-05,32,6,0,24,0,2
S2_ST_ROC,30m,pick2,TEST,50,risk1,house,False,18154,99.381,0.099381,0.90124,7,475.89,True,2025-04-20,1424,593,6696,0,0,0
S2_ST_ROC,30m,pick2,TEST,50,risk1,house,True,18154,99.29,0.09929,0.90071,7,543.6,True,2025-06-27,1486,639,6646,0,1235,0
S2_ST_ROC,30m,pick2,TEST,50,risk1,forced,False,18154,100.33,0.10033,0.90032,9,87.573,True,2024-03-28,1365,314,0,0,0,182
S2_ST_ROC,30m,pick2,TEST,50,risk1,forced,True,18154,98.951,0.098951,0.90105,9,101.68,True,2024-04-11,1391,339,0,0,223,187
S2_ST_ROC,30m,pick2,EXTRA,20,owner,house,False,5468,109.84,0.10984,0.9086,12,26.094,True,2020-02-07,213,88,15,5,0,0
S2_ST_ROC,30m,pick2,EXTRA,20,owner,house,True,5468,110.05,0.11005,0.90842,12,26.094,True,2020-02-07,213,88,15,5,0,0
S2_ST_ROC,30m,pick2,EXTRA,20,owner,forced,False,5468,85.044,0.085044,0.91976,9,21.083,True,2020-02-01,173,69,0,3,0,2
S2_ST_ROC,30m,pick2,EXTRA,20,owner,forced,True,5468,85.212,0.085212,0.9196,9,21.083,True,2020-02-01,173,69,0,3,0,2
S2_ST_ROC,30m,pick2,EXTRA,20,risk1,house,False,5468,99.03,0.09903,0.90248,13,185.71,True,2020-07-15,1509,763,208,0,0,0
S2_ST_ROC,30m,pick2,EXTRA,20,risk1,house,True,5468,98.358,0.098358,0.90277,13,185.71,True,2020-07-15,1506,762,201,0,10,0
S2_ST_ROC,30m,pick2,EXTRA,20,risk1,forced,False,5468,103.42,0.10342,0.90099,13,190.82,True,2020-07-20,1722,831,0,0,0,7
S2_ST_ROC,30m,pick2,EXTRA,20,risk1,forced,True,5468,96.803,0.096803,0.90402,13,211.51,True,2020-08-10,1920,910,0,0,31,8
S2_ST_ROC,30m,pick2,EXTRA,30,owner,house,False,5468,77.204,0.077204,0.92928,6,29.115,True,2020-02-10,118,53,192,2,0,0
S2_ST_ROC,30m,pick2,EXTRA,30,owner,house,True,5468,77.306,0.077306,0.92918,6,29.115,True,2020-02-10,118,53,192,2,0,0
S2_ST_ROC,30m,pick2,EXTRA,30,owner,forced,False,5468,66.49,0.06649,0.94141,5,7.0208,True,2020-01-18,48,19,0,3,0,3
S2_ST_ROC,30m,pick2,EXTRA,30,owner,forced,True,5468,66.508,0.066508,0.94139,5,7.0208,True,2020-01-18,48,19,0,3,0,3
S2_ST_ROC,30m,pick2,EXTRA,30,risk1,house,False,5468,97.355,0.097355,0.90332,11,251.76,True,2020-09-19,1802,819,922,0,0,0
S2_ST_ROC,30m,pick2,EXTRA,30,risk1,house,True,5468,99.92,0.09992,0.90133,11,252.09,True,2020-09-20,1788,818,911,0,33,0
S2_ST_ROC,30m,pick2,EXTRA,30,risk1,forced,False,5468,98.269,0.098269,0.90257,11,209.67,True,2020-08-08,2040,772,0,0,0,36
S2_ST_ROC,30m,pick2,EXTRA,30,risk1,forced,True,5468,97.699,0.097699,0.90313,11,210.57,True,2020-08-09,2024,773,0,0,31,32
S2_ST_ROC,30m,pick2,EXTRA,40,owner,house,False,5468,77.23,0.07723,0.9434,7,108.75,True,2020-06-21,79,54,2004,24,0,0
S2_ST_ROC,30m,pick2,EXTRA,40,owner,house,True,5468,77.359,0.077359,0.94331,7,108.75,True,2020-06-21,79,54,2004,24,0,0
S2_ST_ROC,30m,pick2,EXTRA,40,owner,forced,False,5468,93.744,0.093744,0.90626,2,2.3438,True,2020-01-14,13,10,0,8,0,1
S2_ST_ROC,30m,pick2,EXTRA,40,owner,forced,True,5468,93.779,0.093779,0.90622,2,2.3438,True,2020-01-14,13,10,0,8,0,1
S2_ST_ROC,30m,pick2,EXTRA,40,risk1,house,False,5468,107.87,0.10787,0.89528,10,341.17,False,,1594,681,3193,0,0,0
S2_ST_ROC,30m,pick2,EXTRA,40,risk1,house,True,5468,117,0.117,0.88647,10,341.17,False,,1538,663,3090,0,177,0
S2_ST_ROC,30m,pick2,EXTRA,40,risk1,forced,False,5468,100.18,0.10018,0.90076,12,175.07,True,2020-07-04,1799,531,0,0,0,117
S2_ST_ROC,30m,pick2,EXTRA,40,risk1,forced,True,5468,99.243,0.099243,0.90101,12,175.58,True,2020-07-05,1789,531,0,0,15,115
S2_ST_ROC,30m,pick2,EXTRA,50,owner,house,False,5468,263.31,0.26331,0.73764,5,106.76,False,,26,9,5433,0,0,0
S2_ST_ROC,30m,pick2,EXTRA,50,owner,house,True,5468,263.43,0.26343,0.73752,5,106.76,False,,26,9,5433,0,0,0
S2_ST_ROC,30m,pick2,EXTRA,50,owner,forced,False,5468,77.018,0.077018,0.92298,2,1.7396,True,2020-01-13,9,7,0,6,0,3
S2_ST_ROC,30m,pick2,EXTRA,50,owner,forced,True,5468,77.1,0.0771,0.9229,2,1.7396,True,2020-01-13,9,7,0,6,0,3
S2_ST_ROC,30m,pick2,EXTRA,50,risk1,house,False,5468,297.98,0.29798,0.71601,10,325.58,False,,802,367,4299,0,0,0
S2_ST_ROC,30m,pick2,EXTRA,50,risk1,house,True,5468,298.55,0.29855,0.71495,10,325.58,False,,802,367,4287,0,12,0
S2_ST_ROC,30m,pick2,EXTRA,50,risk1,forced,False,5468,99.291,0.099291,0.90114,12,171.74,True,2020-07-01,1844,433,0,0,0,239
S2_ST_ROC,30m,pick2,EXTRA,50,risk1,forced,True,5468,97.888,0.097888,0.90211,12,174.36,True,2020-07-03,1836,446,0,0,36,234
S2_ST_ROC,30m,pick3,SEARCH,20,owner,house,False,23318,93.671,0.093671,0.90831,5,23.219,True,2021-01-24,116,36,337,7,0,0
S2_ST_ROC,30m,pick3,SEARCH,20,owner,house,True,23318,69.675,0.069675,0.935,6,23.188,True,2021-01-24,113,35,337,5,0,0
S2_ST_ROC,30m,pick3,SEARCH,20,owner,forced,False,23318,78.817,0.078817,0.92118,6,9.8333,True,2021-01-10,195,12,0,0,0,14
S2_ST_ROC,30m,pick3,SEARCH,20,owner,forced,True,23318,80.012,0.080012,0.91999,6,9.8333,True,2021-01-10,195,12,0,0,0,14
S2_ST_ROC,30m,pick3,SEARCH,20,risk1,house,False,23318,99.982,0.099982,0.90062,9,281.65,True,2021-10-09,2923,882,2063,0,0,0
S2_ST_ROC,30m,pick3,SEARCH,20,risk1,house,True,23318,100.2,0.1002,0.90098,9,296.47,True,2021-10-24,2918,886,1924,0,461,0
S2_ST_ROC,30m,pick3,SEARCH,20,risk1,forced,False,23318,97.99,0.09799,0.90201,9,245.15,True,2021-09-03,4198,874,0,0,0,138
S2_ST_ROC,30m,pick3,SEARCH,20,risk1,forced,True,23318,98.917,0.098917,0.90108,8,254.31,True,2021-09-11,4031,860,0,0,387,130
S2_ST_ROC,30m,pick3,SEARCH,30,owner,house,False,23318,99.101,0.099101,0.95429,7,127.86,True,2021-07-13,249,66,3677,17,0,0
S2_ST_ROC,30m,pick3,SEARCH,30,owner,house,True,23318,96.485,0.096485,0.95642,7,126.73,True,2021-07-12,244,68,3664,13,0,0
S2_ST_ROC,30m,pick3,SEARCH,30,owner,forced,False,23318,33.05,0.03305,0.96695,4,3.2708,True,2021-01-04,58,2,0,8,0,7
S2_ST_ROC,30m,pick3,SEARCH,30,owner,forced,True,23318,33.973,0.033973,0.96603,4,3.2708,True,2021-01-04,58,2,0,8,0,7
S2_ST_ROC,30m,pick3,SEARCH,30,risk1,house,False,23318,98.456,0.098456,0.90191,12,436.11,True,2022-03-13,2710,803,5563,0,0,0
S2_ST_ROC,30m,pick3,SEARCH,30,risk1,house,True,23318,96.971,0.096971,0.90303,12,471.44,True,2022-04-17,2830,868,5188,0,965,0
S2_ST_ROC,30m,pick3,SEARCH,30,risk1,forced,False,23318,98.836,0.098836,0.90116,14,171.11,True,2021-06-21,3182,417,0,0,0,357
S2_ST_ROC,30m,pick3,SEARCH,30,risk1,forced,True,23318,100.12,0.10012,0.90017,10,205.52,True,2021-07-25,3436,465,0,0,346,358
S2_ST_ROC,30m,pick3,SEARCH,40,owner,house,False,23318,86.183,0.086183,0.94036,7,42.073,True,2022-04-24,43,22,9930,7,0,0
S2_ST_ROC,30m,pick3,SEARCH,40,owner,house,True,23318,86.64,0.08664,0.94001,7,42.073,True,2022-04-24,43,22,9930,7,0,0
S2_ST_ROC,30m,pick3,SEARCH,40,owner,forced,False,23318,79.868,0.079868,0.92986,3,1.0938,True,2021-01-02,21,1,0,6,0,2
S2_ST_ROC,30m,pick3,SEARCH,40,owner,forced,True,23318,80.093,0.080093,0.92966,3,1.0938,True,2021-01-02,21,1,0,6,0,2
S2_ST_ROC,30m,pick3,SEARCH,40,risk1,house,False,23318,93.306,0.093306,0.90827,9,582.32,True,2022-10-23,1853,634,11364,0,0,0
S2_ST_ROC,30m,pick3,SEARCH,40,risk1,house,True,23318,102.55,0.10255,0.90387,9,582.56,True,2022-10-23,1856,640,11131,0,241,0
S2_ST_ROC,30m,pick3,SEARCH,40,risk1,forced,False,23318,98.588,0.098588,0.90141,14,150.24,True,2021-05-31,2925,237,0,0,0,585
S2_ST_ROC,30m,pick3,SEARCH,40,risk1,forced,True,23318,98.536,0.098536,0.90146,13,167.05,True,2021-06-17,2940,250,0,0,326,570
S2_ST_ROC,30m,pick3,SEARCH,50,owner,house,False,23318,86.982,0.086982,0.91302,4,77.281,True,2023-01-01,51,53,15212,12,0,0
S2_ST_ROC,30m,pick3,SEARCH,50,owner,house,True,23318,91.974,0.091974,0.90803,4,77.281,True,2023-01-01,52,53,15211,12,0,0
S2_ST_ROC,30m,pick3,SEARCH,50,owner,forced,False,23318,0,0,1,2,0.010417,True,2021-01-01,2,0,0,2,0,2
S2_ST_ROC,30m,pick3,SEARCH,50,owner,forced,True,23318,0.026869,2.6869e-05,0.99997,2,0.010417,True,2021-01-01,2,0,0,2,0,2
S2_ST_ROC,30m,pick3,SEARCH,50,risk1,house,False,23318,97.952,0.097952,0.90229,12,760.09,True,2023-05-03,1337,649,15908,0,0,0
S2_ST_ROC,30m,pick3,SEARCH,50,risk1,house,True,23318,98.684,0.098684,0.90162,12,764.41,True,2023-05-07,1361,655,15825,0,135,0
S2_ST_ROC,30m,pick3,SEARCH,50,risk1,forced,False,23318,99.914,0.099914,0.90009,13,125.51,True,2021-05-06,2499,125,0,0,0,669
S2_ST_ROC,30m,pick3,SEARCH,50,risk1,forced,True,23318,99.922,0.099922,0.90008,13,136.94,True,2021-05-17,2488,116,0,0,277,686
S2_ST_ROC,30m,pick3,TEST,20,owner,house,False,21528,104.03,0.10403,0.90328,7,21.271,True,2024-01-22,265,170,25,49,0,0
S2_ST_ROC,30m,pick3,TEST,20,owner,house,True,21528,105.18,0.10518,0.9022,7,21.271,True,2024-01-22,267,170,25,47,0,0
S2_ST_ROC,30m,pick3,TEST,20,owner,forced,False,21528,95.819,0.095819,0.91051,8,15.469,True,2024-01-16,202,113,0,42,0,0
S2_ST_ROC,30m,pick3,TEST,20,owner,forced,True,21528,96.513,0.096513,0.90986,8,15.469,True,2024-01-16,202,113,0,42,0,0
S2_ST_ROC,30m,pick3,TEST,20,risk1,house,False,21528,99.589,0.099589,0.90145,9,149.2,True,2024-05-29,1997,1032,315,0,0,0
S2_ST_ROC,30m,pick3,TEST,20,risk1,house,True,21528,99.408,0.099408,0.90217,12,183.47,True,2024-07-02,2153,1211,251,0,492,0
S2_ST_ROC,30m,pick3,TEST,20,risk1,forced,False,21528,97.17,0.09717,0.90322,9,140.28,True,2024-05-20,2125,1009,0,0,0,9
S2_ST_ROC,30m,pick3,TEST,20,risk1,forced,True,21528,100.25,0.10025,0.90081,12,174.12,True,2024-06-26,2258,1184,0,0,519,9
S2_ST_ROC,30m,pick3,TEST,30,owner,house,False,21528,88.416,0.088416,0.91466,4,15.021,True,2024-01-16,94,59,167,37,0,0
S2_ST_ROC,30m,pick3,TEST,30,owner,house,True,21528,88.671,0.088671,0.91441,4,15.021,True,2024-01-16,94,59,167,37,0,0
S2_ST_ROC,30m,pick3,TEST,30,owner,forced,False,21528,103.36,0.10336,0.90618,4,6.4167,True,2024-01-07,68,38,0,30,0,2
S2_ST_ROC,30m,pick3,TEST,30,owner,forced,True,21528,87.298,0.087298,0.9217,4,6.4167,True,2024-01-07,70,38,0,33,0,2
S2_ST_ROC,30m,pick3,TEST,30,risk1,house,False,21528,99.358,0.099358,0.9023,9,182.11,True,2024-07-02,2020,967,1120,0,0,0
S2_ST_ROC,30m,pick3,TEST,30,risk1,house,True,21528,99.01,0.09901,0.9018,8,234.14,True,2024-08-23,2341,1047,1196,0,593,0
S2_ST_ROC,30m,pick3,TEST,30,risk1,forced,False,21528,99.252,0.099252,0.90166,11,143.43,True,2024-05-23,2356,843,0,0,0,67
S2_ST_ROC,30m,pick3,TEST,30,risk1,forced,True,21528,100.83,0.10083,0.90083,10,153.25,True,2024-06-01,2218,845,0,0,371,55
S2_ST_ROC,30m,pick3,TEST,40,owner,house,False,21528,101.12,0.10112,0.91504,6,30.948,True,2024-02-06,79,73,677,34,0,0
S2_ST_ROC,30m,pick3,TEST,40,owner,house,True,21528,101.71,0.10171,0.91454,6,30.948,True,2024-02-06,79,73,677,34,0,0
S2_ST_ROC,30m,pick3,TEST,40,owner,forced,False,21528,98.214,0.098214,0.93567,5,3.8229,True,2024-01-07,70,25,0,73,0,4
S2_ST_ROC,30m,pick3,TEST,40,owner,forced,True,21528,99.222,0.099222,0.93502,5,3.8229,True,2024-01-07,70,25,0,73,0,4
S2_ST_ROC,30m,pick3,TEST,40,risk1,house,False,21528,98.787,0.098787,0.90178,8,235.47,True,2024-08-23,1752,745,2680,0,0,0
S2_ST_ROC,30m,pick3,TEST,40,risk1,house,True,21528,99.984,0.099984,0.901,8,257.61,True,2024-09-14,1820,757,2423,0,649,0
S2_ST_ROC,30m,pick3,TEST,40,risk1,forced,False,21528,99.098,0.099098,0.9026,9,109.04,True,2024-04-22,1982,575,0,0,0,164
S2_ST_ROC,30m,pick3,TEST,40,risk1,forced,True,21528,99.814,0.099814,0.90174,11,124.23,True,2024-05-07,1929,588,0,0,351,141
S2_ST_ROC,30m,pick3,TEST,50,owner,house,False,21528,89.124,0.089124,0.91088,7,419.97,True,2025-03-16,66,63,9439,10,0,0
S2_ST_ROC,30m,pick3,TEST,50,owner,house,True,21528,92.277,0.092277,0.90772,7,419.72,True,2025-03-16,68,65,9428,10,0,0
S2_ST_ROC,30m,pick3,TEST,50,owner,forced,False,21528,86.054,0.086054,0.93992,3,2.3542,True,2024-01-05,54,14,0,30,0,5
S2_ST_ROC,30m,pick3,TEST,50,owner,forced,True,21528,85.993,0.085993,0.93979,3,2.3542,True,2024-01-05,54,14,0,30,0,5
S2_ST_ROC,30m,pick3,TEST,50,risk1,house,False,21528,99.604,0.099604,0.9008,7,482.79,True,2025-04-27,1714,722,8077,0,0,0
S2_ST_ROC,30m,pick3,TEST,50,risk1,house,True,21528,99.245,0.099245,0.90114,7,535.81,True,2025-06-19,1734,763,7757,0,1429,0
S2_ST_ROC,30m,pick3,TEST,50,risk1,forced,False,21528,98.551,0.098551,0.90301,9,84.896,True,2024-03-28,1624,395,0,0,0,213
S2_ST_ROC,30m,pick3,TEST,50,risk1,forced,True,21528,99.993,0.099993,0.90112,10,105.21,True,2024-04-17,1738,423,0,0,293,234
S2_ST_ROC,30m,pick3,EXTRA,20,owner,house,False,6393,98.492,0.098492,0.91486,7,48.812,True,2020-03-01,415,193,72,12,0,0
S2_ST_ROC,30m,pick3,EXTRA,20,owner,house,True,6393,98.798,0.098798,0.91459,7,48.812,True,2020-03-01,415,193,72,12,0,0
S2_ST_ROC,30m,pick3,EXTRA,20,owner,forced,False,6393,92.903,0.092903,0.92469,7,48.208,True,2020-02-29,471,189,0,12,0,1
S2_ST_ROC,30m,pick3,EXTRA,20,owner,forced,True,6393,92.884,0.092884,0.92469,7,48.208,True,2020-02-29,471,189,0,12,0,1
S2_ST_ROC,30m,pick3,EXTRA,20,risk1,house,False,6393,97.873,0.097873,0.90425,13,223.89,True,2020-08-22,2112,1165,286,0,0,0
S2_ST_ROC,30m,pick3,EXTRA,20,risk1,house,True,6393,97.917,0.097917,0.90421,13,223.89,True,2020-08-22,2082,1154,276,0,51,0
S2_ST_ROC,30m,pick3,EXTRA,20,risk1,forced,False,6393,99.403,0.099403,0.90276,13,222.18,True,2020-08-21,2348,1198,0,0,0,17
S2_ST_ROC,30m,pick3,EXTRA,20,risk1,forced,True,6393,98.611,0.098611,0.90353,13,223.89,True,2020-08-22,2324,1185,0,0,54,15
S2_ST_ROC,30m,pick3,EXTRA,30,owner,house,False,6393,94.218,0.094218,0.9314,5,23.219,True,2020-02-05,118,51,185,1,0,0
S2_ST_ROC,30m,pick3,EXTRA,30,owner,house,True,6393,94.247,0.094247,0.93138,5,23.219,True,2020-02-05,118,51,185,1,0,0
S2_ST_ROC,30m,pick3,EXTRA,30,owner,forced,False,6393,63.816,0.063816,0.9521,6,6.7708,True,2020-01-18,59,23,0,4,0,4
S2_ST_ROC,30m,pick3,EXTRA,30,owner,forced,True,6393,63.935,0.063935,0.95201,6,6.7708,True,2020-01-18,59,23,0,4,0,4
S2_ST_ROC,30m,pick3,EXTRA,30,risk1,house,False,6393,96.836,0.096836,0.90474,10,250.39,True,2020-09-18,2004,992,1117,0,0,0
S2_ST_ROC,30m,pick3,EXTRA,30,risk1,house,True,6393,99.749,0.099749,0.90249,10,251.22,True,2020-09-18,1993,990,1107,0,36,0
S2_ST_ROC,30m,pick3,EXTRA,30,risk1,forced,False,6393,99.673,0.099673,0.90227,12,217.8,True,2020-08-17,2466,998,0,0,0,51
S2_ST_ROC,30m,pick3,EXTRA,30,risk1,forced,True,6393,97.388,0.097388,0.90451,12,218.19,True,2020-08-17,2436,993,0,0,47,50
S2_ST_ROC,30m,pick3,EXTRA,40,owner,house,False,6393,97.691,0.097691,0.95066,9,128.05,True,2020-07-01,104,86,2443,35,0,0
S2_ST_ROC,30m,pick3,EXTRA,40,owner,house,True,6393,97.884,0.097884,0.95055,9,128.05,True,2020-07-01,104,86,2443,35,0,0
S2_ST_ROC,30m,pick3,EXTRA,40,owner,forced,False,6393,47.573,0.047573,0.96635,3,3.6979,True,2020-01-15,25,11,0,17,0,4
S2_ST_ROC,30m,pick3,EXTRA,40,owner,forced,True,6393,47.7,0.0477,0.96626,3,3.6979,True,2020-01-15,25,11,0,17,0,4
S2_ST_ROC,30m,pick3,EXTRA,40,risk1,house,False,6393,99.963,0.099963,0.90216,13,296.43,True,2020-11-04,1621,795,2771,0,0,0
S2_ST_ROC,30m,pick3,EXTRA,40,risk1,house,True,6393,99.849,0.099849,0.90227,13,301.01,True,2020-11-09,1614,791,2811,0,52,0
S2_ST_ROC,30m,pick3,EXTRA,40,risk1,forced,False,6393,99.365,0.099365,0.90263,14,185.45,True,2020-07-15,2195,718,0,0,0,119
S2_ST_ROC,30m,pick3,EXTRA,40,risk1,forced,True,6393,99.479,0.099479,0.90253,14,185.45,True,2020-07-15,2188,723,0,0,10,117
S2_ST_ROC,30m,pick3,EXTRA,50,owner,house,False,6393,196.57,0.19657,0.81343,4,119.73,False,,29,12,6352,0,0,0
S2_ST_ROC,30m,pick3,EXTRA,50,owner,house,True,6393,196.66,0.19666,0.81333,4,119.73,False,,29,12,6352,0,0,0
S2_ST_ROC,30m,pick3,EXTRA,50,owner,forced,False,6393,9.2032,0.0092032,0.99452,3,3.6771,True,2020-01-15,31,8,0,11,0,6
S2_ST_ROC,30m,pick3,EXTRA,50,owner,forced,True,6393,9.3251,0.0093251,0.99445,3,3.6771,True,2020-01-15,31,8,0,11,0,6
S2_ST_ROC,30m,pick3,EXTRA,50,risk1,house,False,6393,201.6,0.2016,0.80007,10,338.3,False,,863,441,5089,0,0,0
S2_ST_ROC,30m,pick3,EXTRA,50,risk1,house,True,6393,202.81,0.20281,0.79887,10,338.3,False,,863,441,5025,0,64,0
S2_ST_ROC,30m,pick3,EXTRA,50,risk1,forced,False,6393,99.755,0.099755,0.90238,11,167.34,True,2020-06-27,2117,502,0,0,0,269
S2_ST_ROC,30m,pick3,EXTRA,50,risk1,forced,True,6393,100.59,0.10059,0.90184,9,169.03,True,2020-06-29,2092,502,0,0,35,265
S2_ST_ROC,30m,coinpicks,SEARCH,20,owner,house,False,28969,89.026,0.089026,0.92415,5,14.344,True,2021-01-30,202,76,469,7,0,0
S2_ST_ROC,30m,coinpicks,SEARCH,20,owner,house,True,28969,89.82,0.08982,0.92352,5,14.344,True,2021-01-30,202,76,469,7,0,0
S2_ST_ROC,30m,coinpicks,SEARCH,20,owner,forced,False,28969,92.784,0.092784,0.91429,5,3.9167,True,2021-01-06,124,24,0,1,0,8
S2_ST_ROC,30m,coinpicks,SEARCH,20,owner,forced,True,28969,93.356,0.093356,0.91379,5,3.9167,True,2021-01-06,124,24,0,1,0,8
S2_ST_ROC,30m,coinpicks,SEARCH,20,risk1,house,False,28969,99.455,0.099455,0.90304,8,301.48,True,2021-11-14,3880,1696,2655,0,0,0
S2_ST_ROC,30m,coinpicks,SEARCH,20,risk1,house,True,28969,98.975,0.098975,0.90355,8,352.31,True,2022-01-04,4145,1791,2522,0,1061,0
S2_ST_ROC,30m,coinpicks,SEARCH,20,risk1,forced,False,28969,99.659,0.099659,0.90169,9,259.61,True,2021-09-19,5083,1578,0,0,0,163
S2_ST_ROC,30m,coinpicks,SEARCH,20,risk1,forced,True,28969,98.981,0.098981,0.9012,9,291.52,True,2021-10-21,5079,1584,0,0,868,149
S2_ST_ROC,30m,coinpicks,SEARCH,30,owner,house,False,28969,90.746,0.090746,0.94224,3,108.01,True,2021-07-14,317,129,4426,9,0,0
S2_ST_ROC,30m,coinpicks,SEARCH,30,owner,house,True,28969,98.947,0.098947,0.937,4,106.4,True,2021-07-12,307,128,4402,9,0,0
S2_ST_ROC,30m,coinpicks,SEARCH,30,owner,forced,False,28969,100.08,0.10008,0.90953,5,1.7292,True,2021-01-04,58,8,0,6,0,9
S2_ST_ROC,30m,coinpicks,SEARCH,30,owner,forced,True,28969,100.15,0.10015,0.90946,5,1.7292,True,2021-01-04,58,8,0,6,0,9
S2_ST_ROC,30m,coinpicks,SEARCH,30,risk1,house,False,28969,98.731,0.098731,0.90127,9,446.83,True,2022-03-23,3252,1348,6933,0,0,0
S2_ST_ROC,30m,coinpicks,SEARCH,30,risk1,house,True,28969,98.54,0.09854,0.90146,9,478.71,True,2022-04-24,3355,1443,6407,0,1215,0
S2_ST_ROC,30m,coinpicks,SEARCH,30,risk1,forced,False,28969,97.882,0.097882,0.90212,10,210.79,True,2021-07-30,4475,841,0,0,0,430
S2_ST_ROC,30m,coinpicks,SEARCH,30,risk1,forced,True,28969,98.271,0.098271,0.90173,10,239.99,True,2021-08-28,4495,840,0,0,745,437
S2_ST_ROC,30m,coinpicks,SEARCH,40,owner,house,False,28969,92.231,0.092231,0.92249,6,252.97,True,2022-09-04,97,65,15747,11,0,0
S2_ST_ROC,30m,coinpicks,SEARCH,40,owner,house,True,28969,94.879,0.094879,0.92027,6,252.97,True,2022-09-04,98,67,15744,11,0,0
S2_ST_ROC,30m,coinpicks,SEARCH,40,owner,forced,False,28969,59.333,0.059333,0.96191,5,1.3958,True,2021-01-03,39,3,0,11,0,8
S2_ST_ROC,30m,coinpicks,SEARCH,40,owner,forced,True,28969,59.364,0.059364,0.96189,5,1.3958,True,2021-01-03,39,3,0,11,0,8
S2_ST_ROC,30m,coinpicks,SEARCH,40,risk1,house,False,28969,99.203,0.099203,0.90191,6,573.45,True,2022-10-08,2053,1012,13770,0,0,0
S2_ST_ROC,30m,coinpicks,SEARCH,40,risk1,house,True,28969,98.464,0.098464,0.90189,6,577.46,True,2022-10-12,2037,990,13189,0,721,0
S2_ST_ROC,30m,coinpicks,SEARCH,40,risk1,forced,False,28969,98.915,0.098915,0.90113,9,169.73,True,2021-06-19,3879,420,0,0,0,678
S2_ST_ROC,30m,coinpicks,SEARCH,40,risk1,forced,True,28969,99.399,0.099399,0.9006,9,193.99,True,2021-07-14,3891,436,0,0,554,677
S2_ST_ROC,30m,coinpicks,SEARCH,50,owner,house,False,28969,75.782,0.075782,0.93374,6,77.229,True,2023-01-02,58,71,18980,12,0,0
S2_ST_ROC,30m,coinpicks,SEARCH,50,owner,house,True,28969,81.181,0.081181,0.92901,6,77.229,True,2023-01-02,57,73,18979,12,0,0
S2_ST_ROC,30m,coinpicks,SEARCH,50,owner,forced,False,28969,84.419,0.084419,0.95893,3,1.3021,True,2021-01-03,39,0,0,12,0,11
S2_ST_ROC,30m,coinpicks,SEARCH,50,owner,forced,True,28969,84.532,0.084532,0.95887,3,1.3021,True,2021-01-03,39,0,0,12,0,11
S2_ST_ROC,30m,coinpicks,SEARCH,50,risk1,house,False,28969,98.449,0.098449,0.90349,12,700.43,True,2023-03-04,1304,862,18617,0,0,0
S2_ST_ROC,30m,coinpicks,SEARCH,50,risk1,house,True,28969,99.479,0.099479,0.90241,12,703.28,True,2023-03-07,1317,880,18517,0,169,0
S2_ST_ROC,30m,coinpicks,SEARCH,50,risk1,forced,False,28969,99.407,0.099407,0.90063,10,119.89,True,2021-04-30,2867,201,0,0,0,730
S2_ST_ROC,30m,coinpicks,SEARCH,50,risk1,forced,True,28969,99.816,0.099816,0.90018,9,146.3,True,2021-05-27,3054,185,0,0,498,792
S2_ST_ROC,30m,coinpicks,TEST,20,owner,house,False,26463,90.026,0.090026,0.92161,6,17.531,True,2024-01-21,272,227,26,43,0,0
S2_ST_ROC,30m,coinpicks,TEST,20,owner,house,True,26463,90.524,0.090524,0.92115,6,17.531,True,2024-01-21,272,227,26,43,0,0
S2_ST_ROC,30m,coinpicks,TEST,20,owner,forced,False,26463,95.922,0.095922,0.9236,6,12.552,True,2024-01-16,228,167,0,37,0,0
S2_ST_ROC,30m,coinpicks,TEST,20,owner,forced,True,26463,96.188,0.096188,0.92688,6,12.26,True,2024-01-16,223,164,0,37,0,0
S2_ST_ROC,30m,coinpicks,TEST,20,risk1,house,False,26463,99.904,0.099904,0.90458,8,175.55,True,2024-06-25,2580,1856,306,0,0,0
S2_ST_ROC,30m,coinpicks,TEST,20,risk1,house,True,26463,101.35,0.10135,0.90502,8,208.9,True,2024-07-29,2798,2003,248,0,575,0
S2_ST_ROC,30m,coinpicks,TEST,20,risk1,forced,False,26463,98.468,0.098468,0.90645,8,170.22,True,2024-06-20,2729,1876,0,0,0,5
S2_ST_ROC,30m,coinpicks,TEST,20,risk1,forced,True,26463,98.212,0.098212,0.90628,8,201.39,True,2024-07-21,2814,1988,0,0,600,3
S2_ST_ROC,30m,coinpicks,TEST,30,owner,house,False,26463,99.332,0.099332,0.92024,6,15.479,True,2024-01-17,129,87,203,41,0,0
S2_ST_ROC,30m,coinpicks,TEST,30,owner,house,True,26463,96.131,0.096131,0.92091,6,15.396,True,2024-01-17,128,88,202,41,0,0
S2_ST_ROC,30m,coinpicks,TEST,30,owner,forced,False,26463,87.422,0.087422,0.94412,5,3.7708,True,2024-01-08,95,49,0,39,0,2
S2_ST_ROC,30m,coinpicks,TEST,30,owner,forced,True,26463,89.791,0.089791,0.94244,5,3.7708,True,2024-01-08,95,49,0,39,0,2
S2_ST_ROC,30m,coinpicks,TEST,30,risk1,house,False,26463,98.013,0.098013,0.90493,8,176.1,True,2024-06-26,2199,1363,1195,0,0,0
S2_ST_ROC,30m,coinpicks,TEST,30,risk1,house,True,26463,99.736,0.099736,0.9032,8,182.84,True,2024-07-03,2188,1362,1011,0,386,0
S2_ST_ROC,30m,coinpicks,TEST,30,risk1,forced,False,26463,100.51,0.10051,0.90282,8,143.05,True,2024-05-24,2627,1246,0,0,0,70
S2_ST_ROC,30m,coinpicks,TEST,30,risk1,forced,True,26463,100.56,0.10056,0.90276,9,171.09,True,2024-06-21,2644,1407,0,0,580,55
S2_ST_ROC,30m,coinpicks,TEST,40,owner,house,False,26463,93.061,0.093061,0.91241,5,48.781,True,2024-02-20,126,108,1049,56,0,0
S2_ST_ROC,30m,coinpicks,TEST,40,owner,house,True,26463,76.808,0.076808,0.92769,5,54.594,True,2024-02-25,136,121,1178,59,0,0
S2_ST_ROC,30m,coinpicks,TEST,40,owner,forced,False,26463,83.877,0.083877,0.93839,4,4.3125,True,2024-01-05,52,21,0,28,0,4
S2_ST_ROC,30m,coinpicks,TEST,40,owner,forced,True,26463,86.269,0.086269,0.93639,4,4.3125,True,2024-01-05,52,21,0,28,0,4
S2_ST_ROC,30m,coinpicks,TEST,40,risk1,house,False,26463,98.942,0.098942,0.90312,8,178.35,True,2024-06-28,1599,981,2244,0,0,0
S2_ST_ROC,30m,coinpicks,TEST,40,risk1,house,True,26463,99.386,0.099386,0.90263,8,194.35,True,2024-07-14,1659,1019,2131,0,410,0
S2_ST_ROC,30m,coinpicks,TEST,40,risk1,forced,False,26463,100.7,0.1007,0.90112,8,116.89,True,2024-04-26,2314,842,0,0,0,178
S2_ST_ROC,30m,coinpicks,TEST,40,risk1,forced,True,26463,99.693,0.099693,0.90108,8,143.43,True,2024-05-23,2334,938,0,0,574,154
S2_ST_ROC,30m,coinpicks,TEST,50,owner,house,False,26463,90.673,0.090673,0.91259,5,147.41,True,2024-06-17,35,32,4452,7,0,0
S2_ST_ROC,30m,coinpicks,TEST,50,owner,house,True,26463,91.379,0.091379,0.9119,5,147.41,True,2024-06-17,35,32,4452,7,0,0
S2_ST_ROC,30m,coinpicks,TEST,50,owner,forced,False,26463,0,0,1,3,3.4479,True,2024-01-04,45,11,0,25,0,4
S2_ST_ROC,30m,coinpicks,TEST,50,owner,forced,True,26463,1.0801,0.0010801,0.99911,3,3.4479,True,2024-01-04,45,11,0,25,0,4
S2_ST_ROC,30m,coinpicks,TEST,50,risk1,house,False,26463,99.904,0.099904,0.90327,8,297.42,True,2024-10-25,1524,883,5590,0,0,0
S2_ST_ROC,30m,coinpicks,TEST,50,risk1,house,True,26463,100.77,0.10077,0.90341,8,390.69,True,2025-01-26,1594,913,6448,0,1537,0
S2_ST_ROC,30m,coinpicks,TEST,50,risk1,forced,False,26463,99.403,0.099403,0.90138,12,88.823,True,2024-03-29,1849,560,0,0,0,238
S2_ST_ROC,30m,coinpicks,TEST,50,risk1,forced,True,26463,99.714,0.099714,0.9013,9,115.59,True,2024-04-26,2035,627,0,0,492,262
S2_ST_ROC,30m,coinpicks,EXTRA,20,owner,house,False,8420,85.339,0.085339,0.92044,7,41.333,True,2020-02-22,451,294,63,4,0,0
S2_ST_ROC,30m,coinpicks,EXTRA,20,owner,house,True,8420,85.596,0.085596,0.92019,7,41.333,True,2020-02-22,451,294,63,4,0,0
S2_ST_ROC,30m,coinpicks,EXTRA,20,owner,forced,False,8420,96.021,0.096021,0.91048,8,36.552,True,2020-02-17,435,277,0,4,0,3
S2_ST_ROC,30m,coinpicks,EXTRA,20,owner,forced,True,8420,96.402,0.096402,0.91012,8,36.552,True,2020-02-17,435,277,0,4,0,3
S2_ST_ROC,30m,coinpicks,EXTRA,20,risk1,house,False,8420,97.622,0.097622,0.90361,13,182.64,True,2020-07-12,2022,1598,331,0,0,0
S2_ST_ROC,30m,coinpicks,EXTRA,20,risk1,house,True,8420,98.292,0.098292,0.90295,13,182.64,True,2020-07-12,2021,1596,310,0,28,0
S2_ST_ROC,30m,coinpicks,EXTRA,20,risk1,forced,False,8420,100.63,0.10063,0.90147,13,175.33,True,2020-07-05,2198,1582,0,0,0,13
S2_ST_ROC,30m,coinpicks,EXTRA,20,risk1,forced,True,8420,99.846,0.099846,0.90183,13,182.09,True,2020-07-11,2254,1653,0,0,35,13
S2_ST_ROC,30m,coinpicks,EXTRA,30,owner,house,False,8420,90.819,0.090819,0.93018,6,20.427,True,2020-02-02,129,77,168,5,0,0
S2_ST_ROC,30m,coinpicks,EXTRA,30,owner,house,True,8420,90.993,0.090993,0.93004,6,20.427,True,2020-02-02,129,77,168,5,0,0
S2_ST_ROC,30m,coinpicks,EXTRA,30,owner,forced,False,8420,72.306,0.072306,0.93598,5,6.625,True,2020-01-18,57,28,0,2,0,6
S2_ST_ROC,30m,coinpicks,EXTRA,30,owner,forced,True,8420,72.303,0.072303,0.93598,5,6.625,True,2020-01-18,57,28,0,2,0,6
S2_ST_ROC,30m,coinpicks,EXTRA,30,risk1,house,False,8420,99.879,0.099879,0.90115,8,182.3,True,2020-07-12,1707,1194,1054,0,0,0
S2_ST_ROC,30m,coinpicks,EXTRA,30,risk1,house,True,8420,99.369,0.099369,0.90165,8,182.67,True,2020-07-12,1712,1198,1036,0,19,0
S2_ST_ROC,30m,coinpicks,EXTRA,30,risk1,forced,False,8420,99.995,0.099995,0.90103,13,159.85,True,2020-06-19,2254,1176,0,0,0,59
S2_ST_ROC,30m,coinpicks,EXTRA,30,risk1,forced,True,8420,99.888,0.099888,0.9018,13,160.94,True,2020-06-20,2211,1174,0,0,76,55
S2_ST_ROC,30m,coinpicks,EXTRA,40,owner,house,False,8420,93.819,0.093819,0.9404,5,143.14,True,2020-06-13,75,42,3176,13,0,0
S2_ST_ROC,30m,coinpicks,EXTRA,40,owner,house,True,8420,93.919,0.093919,0.94033,5,143.14,True,2020-06-13,75,42,3176,13,0,0
S2_ST_ROC,30m,coinpicks,EXTRA,40,owner,forced,False,8420,83.209,0.083209,0.91933,3,1.1354,True,2020-01-13,13,5,0,3,0,3
S2_ST_ROC,30m,coinpicks,EXTRA,40,owner,forced,True,8420,83.191,0.083191,0.91934,3,1.1354,True,2020-01-13,13,5,0,3,0,3
S2_ST_ROC,30m,coinpicks,EXTRA,40,risk1,house,False,8420,98.583,0.098583,0.90416,8,269.96,True,2020-10-15,1787,1174,3374,0,0,0
S2_ST_ROC,30m,coinpicks,EXTRA,40,risk1,house,True,8420,99.987,0.099987,0.90276,8,270.39,True,2020-10-15,1792,1170,3337,0,56,0
S2_ST_ROC,30m,coinpicks,EXTRA,40,risk1,forced,False,8420,99.532,0.099532,0.9011,9,136.09,True,2020-05-27,2134,770,0,0,0,174
S2_ST_ROC,30m,coinpicks,EXTRA,40,risk1,forced,True,8420,99.392,0.099392,0.90183,9,145.75,True,2020-06-05,2129,787,0,0,206,163
S2_ST_ROC,30m,coinpicks,EXTRA,50,owner,house,False,8420,115.72,0.11572,0.89488,8,106.27,False,,35,45,8340,0,0,0
S2_ST_ROC,30m,coinpicks,EXTRA,50,owner,house,True,8420,115.92,0.11592,0.89469,8,106.27,False,,35,45,8340,0,0,0
S2_ST_ROC,30m,coinpicks,EXTRA,50,owner,forced,False,8420,15.304,0.015304,0.98496,2,0.51042,True,2020-01-12,10,1,0,1,0,4
S2_ST_ROC,30m,coinpicks,EXTRA,50,owner,forced,True,8420,15.299,0.015299,0.98497,2,0.51042,True,2020-01-12,10,1,0,1,0,4
S2_ST_ROC,30m,coinpicks,EXTRA,50,risk1,house,False,8420,188.17,0.18817,0.82103,8,332.07,False,,1049,703,6668,0,0,0
S2_ST_ROC,30m,coinpicks,EXTRA,50,risk1,house,True,8420,189.4,0.1894,0.81983,8,332.07,False,,1049,703,6516,0,152,0
S2_ST_ROC,30m,coinpicks,EXTRA,50,risk1,forced,False,8420,99.651,0.099651,0.90067,10,115.7,True,2020-05-06,1929,497,0,0,0,316
S2_ST_ROC,30m,coinpicks,EXTRA,50,risk1,forced,True,8420,99.691,0.099691,0.90035,10,119.73,True,2020-05-10,1876,494,0,0,138,307
N02_ST_KST,15m,default,SEARCH,20,owner,house,False,19365,88.512,0.088512,0.91149,7,18.948,True,2021-01-19,199,10,126,3,0,0
N02_ST_KST,15m,default,SEARCH,20,owner,house,True,19365,90.936,0.090936,0.90906,7,18.948,True,2021-01-19,200,10,126,2,0,0
N02_ST_KST,15m,default,SEARCH,20,owner,forced,False,19365,98.344,0.098344,0.90166,8,5.4167,True,2021-01-06,99,5,0,3,0,4
N02_ST_KST,15m,default,SEARCH,20,owner,forced,True,19365,99.277,0.099277,0.90072,8,5.4167,True,2021-01-06,99,5,0,3,0,4
N02_ST_KST,15m,default,SEARCH,20,risk1,house,False,19365,96.693,0.096693,0.90331,12,157.54,True,2021-06-07,2030,127,736,0,0,0
N02_ST_KST,15m,default,SEARCH,20,risk1,house,True,19365,98.339,0.098339,0.90166,12,164.38,True,2021-06-14,2044,124,661,0,181,0
N02_ST_KST,15m,default,SEARCH,20,risk1,forced,False,19365,100.01,0.10001,0.9005,10,131,True,2021-05-12,2264,128,0,0,0,39
N02_ST_KST,15m,default,SEARCH,20,risk1,forced,True,19365,99.978,0.099978,0.90002,10,156.96,True,2021-06-07,2550,138,0,0,197,48
N02_ST_KST,15m,default,SEARCH,30,owner,house,False,19365,77.621,0.077621,0.92238,5,38.417,True,2021-02-08,110,4,585,1,0,0
N02_ST_KST,15m,default,SEARCH,30,owner,house,True,19365,81.291,0.081291,0.91871,5,38.417,True,2021-02-08,111,4,584,1,0,0
N02_ST_KST,15m,default,SEARCH,30,owner,forced,False,19365,54.525,0.054525,0.94548,5,3.9271,True,2021-01-04,72,1,0,8,0,7
N02_ST_KST,15m,default,SEARCH,30,owner,forced,True,19365,55.06,0.05506,0.94494,5,3.9271,True,2021-01-04,72,1,0,8,0,7
N02_ST_KST,15m,default,SEARCH,30,risk1,house,False,19365,99.168,0.099168,0.90143,14,183.42,True,2021-07-12,1543,81,1889,0,0,0
N02_ST_KST,15m,default,SEARCH,30,risk1,house,True,19365,99.205,0.099205,0.90143,13,190.21,True,2021-07-19,1591,78,1834,0,137,0
N02_ST_KST,15m,default,SEARCH,30,risk1,forced,False,19365,100.93,0.10093,0.90007,10,153.94,True,2021-06-03,2714,105,0,0,0,171
N02_ST_KST,15m,default,SEARCH,30,risk1,forced,True,19365,100.18,0.10018,0.90018,10,164.49,True,2021-06-14,2713,107,0,0,192,152
N02_ST_KST,15m,default,SEARCH,40,owner,house,False,19365,98.635,0.098635,0.90136,5,23.417,True,2021-04-12,38,2,1800,1,0,0
N02_ST_KST,15m,default,SEARCH,40,owner,house,True,19365,99.596,0.099596,0.9004,5,23.26,True,2021-04-12,38,2,1796,1,0,0
N02_ST_KST,15m,default,SEARCH,40,owner,forced,False,19365,99.123,0.099123,0.90088,3,0.48958,True,2021-01-01,10,0,0,4,0,2
N02_ST_KST,15m,default,SEARCH,40,owner,forced,True,19365,99.16,0.09916,0.90084,3,0.48958,True,2021-01-01,10,0,0,4,0,2
N02_ST_KST,15m,default,SEARCH,40,risk1,house,False,19365,99.892,0.099892,0.90345,9,293.36,True,2021-11-20,1832,98,3963,0,0,0
N02_ST_KST,15m,default,SEARCH,40,risk1,house,True,19365,99.988,0.099988,0.90288,9,303.36,True,2021-11-30,1862,100,3793,0,306,0
N02_ST_KST,15m,default,SEARCH,40,risk1,forced,False,19365,101.43,0.10143,0.90005,11,128.12,True,2021-05-09,2265,74,0,0,0,281
N02_ST_KST,15m,default,SEARCH,40,risk1,forced,True,19365,99.8,0.0998,0.90086,11,150.94,True,2021-05-31,2500,73,0,0,184,337
N02_ST_KST,15m,default,SEARCH,50,owner,house,False,19365,87.467,0.087467,0.94185,7,197.95,True,2022-10-23,82,4,11624,6,0,0
N02_ST_KST,15m,default,SEARCH,50,owner,house,True,19365,87.555,0.087555,0.94177,7,197.95,True,2022-10-23,82,4,11624,6,0,0
N02_ST_KST,15m,default,SEARCH,50,owner,forced,False,19365,26.66,0.02666,0.97334,3,0.48958,True,2021-01-01,10,0,0,4,0,2
N02_ST_KST,15m,default,SEARCH,50,owner,forced,True,19365,26.683,0.026683,0.97332,3,0.48958,True,2021-01-01,10,0,0,4,0,2
N02_ST_KST,15m,default,SEARCH,50,risk1,house,False,19365,99.55,0.09955,0.9014,9,515.71,True,2022-08-06,1960,148,8203,0,0,0
N02_ST_KST,15m,default,SEARCH,50,risk1,house,True,19365,99.416,0.099416,0.90159,9,542.68,True,2022-09-02,2091,155,8166,0,364,0
N02_ST_KST,15m,default,SEARCH,50,risk1,forced,False,19365,100.21,0.10021,0.90014,11,109.56,True,2021-04-20,1953,46,0,0,0,378
N02_ST_KST,15m,default,SEARCH,50,risk1,forced,True,19365,99.75,0.09975,0.90025,11,115.3,True,2021-04-26,1982,44,0,0,70,395
N02_ST_KST,15m,default,TEST,20,owner,house,False,17475,99.057,0.099057,0.90507,8,20.927,True,2024-01-21,312,52,1,34,0,0
N02_ST_KST,15m,default,TEST,20,owner,house,True,17475,101.87,0.10187,0.90125,8,20.906,True,2024-01-21,308,50,1,33,0,0
N02_ST_KST,15m,default,TEST,20,owner,forced,False,17475,100.59,0.10059,0.9036,8,20.927,True,2024-01-21,313,52,0,34,0,0
N02_ST_KST,15m,default,TEST,20,owner,forced,True,17475,96.383,0.096383,0.90362,8,20.906,True,2024-01-21,312,52,0,33,0,0
N02_ST_KST,15m,default,TEST,20,risk1,house,False,17475,99.412,0.099412,0.90133,14,90.656,True,2024-03-31,1417,204,51,0,0,0
N02_ST_KST,15m,default,TEST,20,risk1,house,True,17475,98.87,0.09887,0.90143,14,120.96,True,2024-05-01,1664,231,53,0,238,0
N02_ST_KST,15m,default,TEST,20,risk1,forced,False,17475,99.76,0.09976,0.90186,14,89.479,True,2024-03-30,1449,208,0,0,0,1
N02_ST_KST,15m,default,TEST,20,risk1,forced,True,17475,98.107,0.098107,0.90189,14,120.8,True,2024-04-30,1706,236,0,0,239,1
N02_ST_KST,15m,default,TEST,30,owner,house,False,17475,100.74,0.10074,0.90959,7,7.6458,True,2024-01-08,86,6,23,21,0,0
N02_ST_KST,15m,default,TEST,30,owner,house,True,17475,103.68,0.10368,0.90695,7,7.6458,True,2024-01-08,87,6,22,21,0,0
N02_ST_KST,15m,default,TEST,30,owner,forced,False,17475,99.915,0.099915,0.90009,7,6.1146,True,2024-01-07,73,4,0,22,0,0
N02_ST_KST,15m,default,TEST,30,owner,forced,True,17475,92.958,0.092958,0.90704,7,6.9167,True,2024-01-08,88,5,0,28,0,0
N02_ST_KST,15m,default,TEST,30,risk1,house,False,17475,98.516,0.098516,0.90148,11,121.02,True,2024-05-01,1695,164,329,0,0,0
N02_ST_KST,15m,default,TEST,30,risk1,house,True,17475,98.186,0.098186,0.90181,11,131.49,True,2024-05-11,1696,173,270,0,242,0
N02_ST_KST,15m,default,TEST,30,risk1,forced,False,17475,99.023,0.099023,0.90098,11,89.562,True,2024-03-30,1518,142,0,0,0,11
N02_ST_KST,15m,default,TEST,30,risk1,forced,True,17475,99.911,0.099911,0.90009,11,104.78,True,2024-04-14,1586,149,0,0,183,12
N02_ST_KST,15m,default,TEST,40,owner,house,False,17475,101.45,0.10145,0.90639,5,18.469,True,2024-01-19,85,12,225,33,0,0
N02_ST_KST,15m,default,TEST,40,owner,house,True,17475,101.62,0.10162,0.90622,5,18.469,True,2024-01-19,85,12,225,33,0,0
N02_ST_KST,15m,default,TEST,40,owner,forced,False,17475,70.541,0.070541,0.92946,8,3.9167,True,2024-01-05,43,1,0,23,0,0
N02_ST_KST,15m,default,TEST,40,owner,forced,True,17475,71.16,0.07116,0.92884,8,3.9167,True,2024-01-05,43,1,0,23,0,0
N02_ST_KST,15m,default,TEST,40,risk1,house,False,17475,100.95,0.10095,0.90018,12,132.47,True,2024-05-12,1506,130,762,0,0,0
N02_ST_KST,15m,default,TEST,40,risk1,house,True,17475,98.528,0.098528,0.90147,12,135.27,True,2024-05-15,1475,130,630,0,217,0
N02_ST_KST,15m,default,TEST,40,risk1,forced,False,17475,99.266,0.099266,0.90073,12,91,True,2024-04-01,1566,119,0,0,0,52
N02_ST_KST,15m,default,TEST,40,risk1,forced,True,17475,99.667,0.099667,0.90033,12,103.51,True,2024-04-13,1601,123,0,0,172,47
N02_ST_KST,15m,default,TEST,50,owner,house,False,17475,90.978,0.090978,0.90902,8,37.833,True,2024-02-08,58,8,649,21,0,0
N02_ST_KST,15m,default,TEST,50,owner,house,True,17475,91.08,0.09108,0.90892,8,37.833,True,2024-02-08,58,8,649,21,0,0
N02_ST_KST,15m,default,TEST,50,owner,forced,False,17475,83.244,0.083244,0.91676,5,3.6562,True,2024-01-04,38,1,0,24,0,0
N02_ST_KST,15m,default,TEST,50,owner,forced,True,17475,83.286,0.083286,0.91671,5,3.6562,True,2024-01-04,38,1,0,24,0,0
N02_ST_KST,15m,default,TEST,50,risk1,house,False,17475,100.26,0.10026,0.90018,9,146.77,True,2024-05-26,1230,97,1330,0,0,0
N02_ST_KST,15m,default,TEST,50,risk1,house,True,17475,97.02,0.09702,0.90298,9,152.42,True,2024-06-01,1281,102,1192,0,175,0
N02_ST_KST,15m,default,TEST,50,risk1,forced,False,17475,99.689,0.099689,0.90031,10,88,True,2024-03-29,1536,94,0,0,0,103
N02_ST_KST,15m,default,TEST,50,risk1,forced,True,17475,99.727,0.099727,0.90057,10,95.062,True,2024-04-05,1506,93,0,0,153,96
N02_ST_KST,15m,default,EXTRA,20,owner,house,False,5248,95.043,0.095043,0.90748,9,28.542,True,2020-02-04,278,36,7,3,0,0
N02_ST_KST,15m,default,EXTRA,20,owner,house,True,5248,95.389,0.095389,0.90714,9,28.542,True,2020-02-04,278,36,7,3,0,0
N02_ST_KST,15m,default,EXTRA,20,owner,forced,False,5248,100.08,0.10008,0.90366,9,28.333,True,2020-02-03,283,35,0,3,0,0
N02_ST_KST,15m,default,EXTRA,20,owner,forced,True,5248,100.22,0.10022,0.90353,9,28.333,True,2020-02-03,283,35,0,3,0,0
N02_ST_KST,15m,default,EXTRA,20,risk1,house,False,5248,98.723,0.098723,0.90257,15,188.97,True,2020-07-14,2020,273,58,0,0,0
N02_ST_KST,15m,default,EXTRA,20,risk1,house,True,5248,99.479,0.099479,0.90182,15,188.97,True,2020-07-14,2020,273,56,0,2,0
N02_ST_KST,15m,default,EXTRA,20,risk1,forced,False,5248,97.106,0.097106,0.90416,15,188.97,True,2020-07-14,2077,274,0,0,0,4
N02_ST_KST,15m,default,EXTRA,20,risk1,forced,True,5248,98.937,0.098937,0.90236,15,188.97,True,2020-07-14,2075,274,0,0,2,3
N02_ST_KST,15m,default,EXTRA,30,owner,house,False,5248,91.902,0.091902,0.91341,7,19.208,True,2020-01-25,128,19,51,10,0,0
N02_ST_KST,15m,default,EXTRA,30,owner,house,True,5248,92.054,0.092054,0.91327,7,19.208,True,2020-01-25,128,19,51,10,0,0
N02_ST_KST,15m,default,EXTRA,30,owner,forced,False,5248,61.015,0.061015,0.94251,6,8.5,True,2020-01-15,69,7,0,3,0,2
N02_ST_KST,15m,default,EXTRA,30,owner,forced,True,5248,61.062,0.061062,0.94247,6,8.5,True,2020-01-15,69,7,0,3,0,2
N02_ST_KST,15m,default,EXTRA,30,risk1,house,False,5248,98.034,0.098034,0.90303,11,188.97,True,2020-07-14,1893,205,253,0,0,0
N02_ST_KST,15m,default,EXTRA,30,risk1,house,True,5248,98.797,0.098797,0.90227,11,188.97,True,2020-07-14,1893,205,251,0,2,0
N02_ST_KST,15m,default,EXTRA,30,risk1,forced,False,5248,97.711,0.097711,0.90334,11,188.97,True,2020-07-14,2138,213,0,0,0,19
N02_ST_KST,15m,default,EXTRA,30,risk1,forced,True,5248,99.351,0.099351,0.90172,11,188.97,True,2020-07-14,2136,213,0,0,2,18
N02_ST_KST,15m,default,EXTRA,40,owner,house,False,5248,94.432,0.094432,0.90852,6,28.698,True,2020-02-05,61,8,272,4,0,0
N02_ST_KST,15m,default,EXTRA,40,owner,house,True,5248,94.657,0.094657,0.9083,6,28.698,True,2020-02-05,61,8,272,4,0,0
N02_ST_KST,15m,default,EXTRA,40,owner,forced,False,5248,86.864,0.086864,0.91314,3,6.5625,True,2020-01-13,39,5,0,7,0,0
N02_ST_KST,15m,default,EXTRA,40,owner,forced,True,5248,86.896,0.086896,0.9131,3,6.5625,True,2020-01-13,39,5,0,7,0,0
N02_ST_KST,15m,default,EXTRA,40,risk1,house,False,5248,99.118,0.099118,0.9021,11,186.48,True,2020-07-11,1530,150,652,0,0,0
N02_ST_KST,15m,default,EXTRA,40,risk1,house,True,5248,99.626,0.099626,0.9016,11,186.48,True,2020-07-11,1530,150,650,0,2,0
N02_ST_KST,15m,default,EXTRA,40,risk1,forced,False,5248,98.77,0.09877,0.90146,14,175.23,True,2020-06-30,2025,150,0,0,0,37
N02_ST_KST,15m,default,EXTRA,40,risk1,forced,True,5248,97.119,0.097119,0.9031,14,175.84,True,2020-07-01,2027,151,0,0,3,36
N02_ST_KST,15m,default,EXTRA,50,owner,house,False,5248,88.322,0.088322,0.92359,5,170.93,True,2020-07-14,88,13,2249,6,0,0
N02_ST_KST,15m,default,EXTRA,50,owner,house,True,5248,88.501,0.088501,0.92343,5,170.93,True,2020-07-14,88,13,2249,6,0,0
N02_ST_KST,15m,default,EXTRA,50,owner,forced,False,5248,87.547,0.087547,0.91245,3,3.125,True,2020-01-09,17,3,0,3,0,1
N02_ST_KST,15m,default,EXTRA,50,owner,forced,True,5248,87.594,0.087594,0.91241,3,3.125,True,2020-01-09,17,3,0,3,0,1
N02_ST_KST,15m,default,EXTRA,50,risk1,house,False,5248,100.04,0.10004,0.90125,11,192.59,True,2020-07-18,1108,110,1196,0,0,0
N02_ST_KST,15m,default,EXTRA,50,risk1,house,True,5248,98.783,0.098783,0.90196,11,192.86,True,2020-07-18,1110,110,1194,0,2,0
N02_ST_KST,15m,default,EXTRA,50,risk1,forced,False,5248,98.863,0.098863,0.90116,13,156.03,True,2020-06-11,1812,114,0,0,0,103
N02_ST_KST,15m,default,EXTRA,50,risk1,forced,True,5248,99.673,0.099673,0.90092,12,157.08,True,2020-06-12,1815,114,0,0,10,99
N02_ST_KST,15m,pick1,SEARCH,20,owner,house,False,19219,96.657,0.096657,0.90334,7,16.948,True,2021-01-18,158,4,147,0,0,0
N02_ST_KST,15m,pick1,SEARCH,20,owner,house,True,19219,97.355,0.097355,0.90265,7,16.948,True,2021-01-18,158,4,147,0,0,0
N02_ST_KST,15m,pick1,SEARCH,20,owner,forced,False,19219,96.285,0.096285,0.90371,5,3.9375,True,2021-01-04,80,2,0,0,0,7
N02_ST_KST,15m,pick1,SEARCH,20,owner,forced,True,19219,96.494,0.096494,0.90351,5,3.9375,True,2021-01-04,80,2,0,0,0,7
N02_ST_KST,15m,pick1,SEARCH,20,risk1,house,False,19219,96.103,0.096103,0.9039,10,193.47,True,2021-07-13,2550,103,912,0,0,0
N02_ST_KST,15m,pick1,SEARCH,20,risk1,house,True,19219,99.888,0.099888,0.90011,10,197.99,True,2021-07-18,2537,101,873,0,130,0
N02_ST_KST,15m,pick1,SEARCH,20,risk1,forced,False,19219,99.901,0.099901,0.9001,10,175.15,True,2021-06-25,3128,100,0,0,0,79
N02_ST_KST,15m,pick1,SEARCH,20,risk1,forced,True,19219,98.878,0.098878,0.90112,10,193.25,True,2021-07-13,3275,108,0,0,175,70
N02_ST_KST,15m,pick1,SEARCH,30,owner,house,False,19219,78.47,0.07847,0.92153,5,57.885,True,2021-02-27,125,3,902,1,0,0
N02_ST_KST,15m,pick1,SEARCH,30,owner,house,True,19219,79.357,0.079357,0.92064,5,57.885,True,2021-02-27,127,3,900,1,0,0
N02_ST_KST,15m,pick1,SEARCH,30,owner,forced,False,19219,86.808,0.086808,0.91319,3,2.1667,True,2021-01-03,39,1,0,8,0,5
N02_ST_KST,15m,pick1,SEARCH,30,owner,forced,True,19219,86.702,0.086702,0.9133,3,2.1667,True,2021-01-03,39,1,0,8,0,5
N02_ST_KST,15m,pick1,SEARCH,30,risk1,house,False,19219,99.033,0.099033,0.90097,11,238.26,True,2021-08-27,2022,65,2279,0,0,0
N02_ST_KST,15m,pick1,SEARCH,30,risk1,house,True,19219,99.895,0.099895,0.90011,11,240.66,True,2021-08-29,1991,66,2213,0,145,0
N02_ST_KST,15m,pick1,SEARCH,30,risk1,forced,False,19219,99.599,0.099599,0.9004,10,169.45,True,2021-06-19,3051,68,0,0,0,222
N02_ST_KST,15m,pick1,SEARCH,30,risk1,forced,True,19219,99.299,0.099299,0.9007,12,191.21,True,2021-07-11,3246,75,0,0,201,212
N02_ST_KST,15m,pick1,SEARCH,40,owner,house,False,19219,100.04,0.10004,0.90464,4,196.81,True,2021-10-02,107,5,4922,2,0,0
N02_ST_KST,15m,pick1,SEARCH,40,owner,house,True,19219,97.225,0.097225,0.90277,4,190.27,True,2021-09-26,104,6,4810,2,0,0
N02_ST_KST,15m,pick1,SEARCH,40,owner,forced,False,19219,98.312,0.098312,0.90169,5,0.73958,True,2021-01-01,13,0,0,10,0,3
N02_ST_KST,15m,pick1,SEARCH,40,owner,forced,True,19219,98.309,0.098309,0.90169,5,0.73958,True,2021-01-01,13,0,0,10,0,3
N02_ST_KST,15m,pick1,SEARCH,40,risk1,house,False,19219,98.26,0.09826,0.90174,10,289.96,True,2021-12-22,1812,62,4543,0,0,0
N02_ST_KST,15m,pick1,SEARCH,40,risk1,house,True,19219,97.92,0.09792,0.90208,10,363.55,True,2021-12-30,1829,64,4286,0,375,0
N02_ST_KST,15m,pick1,SEARCH,40,risk1,forced,False,19219,98.032,0.098032,0.90197,10,152.23,True,2021-06-02,2760,48,0,0,0,425
N02_ST_KST,15m,pick1,SEARCH,40,risk1,forced,True,19219,99.922,0.099922,0.90008,10,161.1,True,2021-06-11,2731,47,0,0,192,401
N02_ST_KST,15m,pick1,SEARCH,50,owner,house,False,19219,90.94,0.09094,0.92899,8,243.74,True,2022-12-16,107,18,12341,16,0,0
N02_ST_KST,15m,pick1,SEARCH,50,owner,house,True,19219,91.219,0.091219,0.92877,8,243.74,True,2022-12-16,107,18,12341,16,0,0
N02_ST_KST,15m,pick1,SEARCH,50,owner,forced,False,19219,88.296,0.088296,0.91931,3,0.072917,True,2021-01-01,4,0,0,2,0,2
N02_ST_KST,15m,pick1,SEARCH,50,owner,forced,True,19219,88.331,0.088331,0.91927,3,0.072917,True,2021-01-01,4,0,0,2,0,2
N02_ST_KST,15m,pick1,SEARCH,50,risk1,house,False,19219,99.015,0.099015,0.90343,10,559.83,True,2022-10-03,1964,101,9164,0,0,0
N02_ST_KST,15m,pick1,SEARCH,50,risk1,house,True,19219,99.295,0.099295,0.90314,10,568.36,True,2022-10-11,2059,103,9007,0,212,0
N02_ST_KST,15m,pick1,SEARCH,50,risk1,forced,False,19219,99.699,0.099699,0.9003,14,114.67,True,2021-04-25,2063,29,0,0,1,458
N02_ST_KST,15m,pick1,SEARCH,50,risk1,forced,True,19219,99.755,0.099755,0.90025,14,118.62,True,2021-04-29,2078,28,0,0,82,460
N02_ST_KST,15m,pick1,TEST,20,owner,house,False,18040,93.629,0.093629,0.90829,12,24.427,True,2024-01-25,395,41,7,33,0,0
N02_ST_KST,15m,pick1,TEST,20,owner,house,True,18040,101.41,0.10141,0.90145,12,21.708,True,2024-01-22,355,37,7,27,0,0
N02_ST_KST,15m,pick1,TEST,20,owner,forced,False,18040,97.726,0.097726,0.90227,12,21.281,True,2024-01-22,348,37,0,29,0,1
N02_ST_KST,15m,pick1,TEST,20,owner,forced,True,18040,96.218,0.096218,0.90378,12,20.927,True,2024-01-21,332,33,0,26,0,1
N02_ST_KST,15m,pick1,TEST,20,risk1,house,False,18040,96.731,0.096731,0.90339,17,104.8,True,2024-04-14,1665,178,88,0,0,0
N02_ST_KST,15m,pick1,TEST,20,risk1,house,True,18040,98.701,0.098701,0.90139,17,132.95,True,2024-05-13,1838,207,73,0,296,0
N02_ST_KST,15m,pick1,TEST,20,risk1,forced,False,18040,98.866,0.098866,0.90125,17,104.8,True,2024-04-14,1750,178,0,0,0,1
N02_ST_KST,15m,pick1,TEST,20,risk1,forced,True,18040,98.758,0.098758,0.90134,17,132.95,True,2024-05-13,1910,207,0,0,297,1
N02_ST_KST,15m,pick1,TEST,30,owner,house,False,18040,88.271,0.088271,0.91173,6,9.375,True,2024-01-10,97,4,38,28,0,0
N02_ST_KST,15m,pick1,TEST,30,owner,house,True,18040,94.526,0.094526,0.90547,6,9.4896,True,2024-01-10,101,4,40,28,0,0
N02_ST_KST,15m,pick1,TEST,30,owner,forced,False,18040,87.447,0.087447,0.91255,7,6,True,2024-01-07,61,2,0,24,0,0
N02_ST_KST,15m,pick1,TEST,30,owner,forced,True,18040,88.8,0.0888,0.9112,7,6,True,2024-01-07,61,2,0,24,0,0
N02_ST_KST,15m,pick1,TEST,30,risk1,house,False,18040,100.15,0.10015,0.90019,14,103.57,True,2024-04-13,1461,115,337,0,0,0
N02_ST_KST,15m,pick1,TEST,30,risk1,house,True,18040,99.186,0.099186,0.90091,14,128.48,True,2024-05-08,1587,125,332,0,296,0
N02_ST_KST,15m,pick1,TEST,30,risk1,forced,False,18040,99.105,0.099105,0.90101,14,104.78,True,2024-04-14,1803,125,0,0,0,14
N02_ST_KST,15m,pick1,TEST,30,risk1,forced,True,18040,101.09,0.10109,0.90047,14,132.6,True,2024-05-12,1962,140,0,0,300,14
N02_ST_KST,15m,pick1,TEST,40,owner,house,False,18040,90.17,0.09017,0.90983,5,17.542,True,2024-01-18,81,4,233,26,0,0
N02_ST_KST,15m,pick1,TEST,40,owner,house,True,18040,90.5,0.0905,0.9095,5,17.542,True,2024-01-18,81,4,233,26,0,0
N02_ST_KST,15m,pick1,TEST,40,owner,forced,False,18040,83.574,0.083574,0.92799,6,3.1979,True,2024-01-04,34,0,0,25,0,1
N02_ST_KST,15m,pick1,TEST,40,owner,forced,True,18040,86.738,0.086738,0.92493,6,3.1979,True,2024-01-04,34,0,0,25,0,1
N02_ST_KST,15m,pick1,TEST,40,risk1,house,False,18040,101.26,0.10126,0.9004,15,128.2,True,2024-05-08,1373,100,861,0,0,0
N02_ST_KST,15m,pick1,TEST,40,risk1,house,True,18040,100.75,0.10075,0.90008,15,132.55,True,2024-05-12,1319,96,702,0,285,0
N02_ST_KST,15m,pick1,TEST,40,risk1,forced,False,18040,99.887,0.099887,0.90023,15,90.344,True,2024-03-31,1606,100,0,0,0,42
N02_ST_KST,15m,pick1,TEST,40,risk1,forced,True,18040,97.399,0.097399,0.9027,15,116.66,True,2024-04-26,1775,105,0,0,254,43
N02_ST_KST,15m,pick1,TEST,50,owner,house,False,18040,96.927,0.096927,0.90307,5,27.396,True,2024-02-03,34,3,619,7,0,0
N02_ST_KST,15m,pick1,TEST,50,owner,house,True,18040,97.123,0.097123,0.90288,5,27.396,True,2024-02-03,34,3,619,7,0,0
N02_ST_KST,15m,pick1,TEST,50,owner,forced,False,18040,95.189,0.095189,0.9084,4,2.9792,True,2024-01-04,32,0,0,23,0,0
N02_ST_KST,15m,pick1,TEST,50,owner,forced,True,18040,95.564,0.095564,0.90804,4,2.9792,True,2024-01-04,32,0,0,23,0,0
N02_ST_KST,15m,pick1,TEST,50,risk1,house,False,18040,99.788,0.099788,0.90038,10,147.21,True,2024-05-27,1184,68,1436,0,0,0
N02_ST_KST,15m,pick1,TEST,50,risk1,house,True,18040,99.992,0.099992,0.90056,10,152.8,True,2024-06-01,1236,74,1224,0,257,0
N02_ST_KST,15m,pick1,TEST,50,risk1,forced,False,18040,96.105,0.096105,0.90417,15,69.802,True,2024-03-10,1281,72,0,0,0,66
N02_ST_KST,15m,pick1,TEST,50,risk1,forced,True,18040,99.481,0.099481,0.90079,15,88,True,2024-03-29,1435,72,0,0,159,83
N02_ST_KST,15m,pick1,EXTRA,20,owner,house,False,5089,96.121,0.096121,0.91357,8,27.5,True,2020-02-04,306,26,8,1,0,0
N02_ST_KST,15m,pick1,EXTRA,20,owner,house,True,5089,96.203,0.096203,0.91349,8,27.5,True,2020-02-04,306,26,8,1,0,0
N02_ST_KST,15m,pick1,EXTRA,20,owner,forced,False,5089,84.048,0.084048,0.92442,8,29.594,True,2020-02-06,341,30,0,1,0,0
N02_ST_KST,15m,pick1,EXTRA,20,owner,forced,True,5089,84.155,0.084155,0.92433,8,29.594,True,2020-02-06,341,30,0,1,0,0
N02_ST_KST,15m,pick1,EXTRA,20,risk1,house,False,5089,98.826,0.098826,0.90459,18,179.31,True,2020-07-05,1884,203,84,0,0,0
N02_ST_KST,15m,pick1,EXTRA,20,risk1,house,True,5089,99.333,0.099333,0.90409,18,179.31,True,2020-07-05,1884,203,83,0,1,0
N02_ST_KST,15m,pick1,EXTRA,20,risk1,forced,False,5089,97.775,0.097775,0.90459,18,186.06,True,2020-07-11,2032,216,0,0,0,8
N02_ST_KST,15m,pick1,EXTRA,20,risk1,forced,True,5089,101.1,0.1011,0.90329,18,186.09,True,2020-07-11,2034,216,0,0,1,8
N02_ST_KST,15m,pick1,EXTRA,30,owner,house,False,5089,107.29,0.10729,0.91223,7,20.615,True,2020-01-28,165,11,68,13,0,0
N02_ST_KST,15m,pick1,EXTRA,30,owner,house,True,5089,107.4,0.1074,0.91211,7,20.615,True,2020-01-28,165,11,68,13,0,0
N02_ST_KST,15m,pick1,EXTRA,30,owner,forced,False,5089,84.923,0.084923,0.93083,7,10.198,True,2020-01-18,112,4,0,5,0,0
N02_ST_KST,15m,pick1,EXTRA,30,owner,forced,True,5089,85.131,0.085131,0.93066,7,10.198,True,2020-01-18,112,4,0,5,0,0
N02_ST_KST,15m,pick1,EXTRA,30,risk1,house,False,5089,99.306,0.099306,0.90287,12,195.97,True,2020-07-21,1868,168,332,0,0,0
N02_ST_KST,15m,pick1,EXTRA,30,risk1,house,True,5089,99.914,0.099914,0.90227,12,195.97,True,2020-07-21,1868,168,331,0,1,0
N02_ST_KST,15m,pick1,EXTRA,30,risk1,forced,False,5089,97.44,0.09744,0.90472,13,193.8,True,2020-07-19,2177,168,0,0,0,20
N02_ST_KST,15m,pick1,EXTRA,30,risk1,forced,True,5089,98.362,0.098362,0.90381,12,193.8,True,2020-07-19,2176,168,0,0,1,19
N02_ST_KST,15m,pick1,EXTRA,40,owner,house,False,5089,75.997,0.075997,0.92744,6,133.56,True,2020-05-19,176,21,1406,9,0,0
N02_ST_KST,15m,pick1,EXTRA,40,owner,house,True,5089,76.59,0.07659,0.92687,6,133.56,True,2020-05-19,177,21,1405,9,0,0
N02_ST_KST,15m,pick1,EXTRA,40,owner,forced,False,5089,98.161,0.098161,0.90926,5,1.6979,True,2020-01-08,18,0,0,2,0,1
N02_ST_KST,15m,pick1,EXTRA,40,owner,forced,True,5089,98.255,0.098255,0.90917,5,1.6979,True,2020-01-08,18,0,0,2,0,1
N02_ST_KST,15m,pick1,EXTRA,40,risk1,house,False,5089,98.527,0.098527,0.9044,12,245.26,True,2020-09-24,2059,143,1126,0,0,0
N02_ST_KST,15m,pick1,EXTRA,40,risk1,house,True,5089,99.869,0.099869,0.90312,12,245.26,True,2020-09-24,2052,143,1110,0,23,0
N02_ST_KST,15m,pick1,EXTRA,40,risk1,forced,False,5089,100.62,0.10062,0.90137,16,195.07,True,2020-07-21,2229,132,0,0,0,68
N02_ST_KST,15m,pick1,EXTRA,40,risk1,forced,True,5089,99.892,0.099892,0.9012,14,195.51,True,2020-07-21,2230,132,0,0,2,66
N02_ST_KST,15m,pick1,EXTRA,50,owner,house,False,5089,96.376,0.096376,0.95459,10,131.15,True,2020-07-04,60,4,2089,1,0,0
N02_ST_KST,15m,pick1,EXTRA,50,owner,house,True,5089,96.491,0.096491,0.95454,10,131.15,True,2020-07-04,60,4,2089,1,0,0
N02_ST_KST,15m,pick1,EXTRA,50,owner,forced,False,5089,5.6843e-14,5.6843e-17,1,4,1.1354,True,2020-01-08,12,0,0,3,0,2
N02_ST_KST,15m,pick1,EXTRA,50,owner,forced,True,5089,0.072961,7.2961e-05,0.99994,4,1.1354,True,2020-01-08,12,0,0,3,0,2
N02_ST_KST,15m,pick1,EXTRA,50,risk1,house,False,5089,99.535,0.099535,0.90157,11,292.1,True,2020-10-26,1656,121,2108,0,0,0
N02_ST_KST,15m,pick1,EXTRA,50,risk1,house,True,5089,99.463,0.099463,0.90164,11,292.66,True,2020-10-27,1655,121,2098,0,17,0
N02_ST_KST,15m,pick1,EXTRA,50,risk1,forced,False,5089,99.153,0.099153,0.90188,16,191.38,True,2020-07-17,2197,112,0,0,0,139
N02_ST_KST,15m,pick1,EXTRA,50,risk1,forced,True,5089,99.998,0.099998,0.90191,14,191.54,True,2020-07-17,2196,112,0,0,3,136
N02_ST_KST,15m,pick2,SEARCH,20,owner,house,False,18961,98.606,0.098606,0.90139,7,18.479,True,2021-01-19,174,6,148,0,0,0
N02_ST_KST,15m,pick2,SEARCH,20,owner,house,True,18961,99.008,0.099008,0.90099,7,18.479,True,2021-01-19,174,6,148,0,0,0
N02_ST_KST,15m,pick2,SEARCH,20,owner,forced,False,18961,98.027,0.098027,0.90549,7,3.9375,True,2021-01-04,79,3,0,0,0,7
N02_ST_KST,15m,pick2,SEARCH,20,owner,forced,True,18961,98.308,0.098308,0.9051,7,3.9375,True,2021-01-04,79,3,0,0,0,7
N02_ST_KST,15m,pick2,SEARCH,20,risk1,house,False,18961,98.773,0.098773,0.9017,11,193.99,True,2021-07-13,2553,109,890,0,0,0
N02_ST_KST,15m,pick2,SEARCH,20,risk1,house,True,18961,98.23,0.09823,0.90177,10,205.29,True,2021-07-25,2653,109,862,0,135,0
N02_ST_KST,15m,pick2,SEARCH,20,risk1,forced,False,18961,97.762,0.097762,0.90224,11,186.88,True,2021-07-06,3292,114,0,0,0,74
N02_ST_KST,15m,pick2,SEARCH,20,risk1,forced,True,18961,100.03,0.10003,0.90043,10,193.99,True,2021-07-14,3284,114,0,0,154,67
N02_ST_KST,15m,pick2,SEARCH,30,owner,house,False,18961,92.629,0.092629,0.90737,5,65.896,True,2021-03-07,160,5,997,5,0,0
N02_ST_KST,15m,pick2,SEARCH,30,owner,house,True,18961,95.666,0.095666,0.90433,5,48.969,True,2021-02-19,118,2,742,1,0,0
N02_ST_KST,15m,pick2,SEARCH,30,owner,forced,False,18961,87.69,0.08769,0.91231,4,1.9583,True,2021-01-03,35,2,0,7,0,5
N02_ST_KST,15m,pick2,SEARCH,30,owner,forced,True,18961,87.759,0.087759,0.91224,4,1.9583,True,2021-01-03,35,2,0,7,0,5
N02_ST_KST,15m,pick2,SEARCH,30,risk1,house,False,18961,96.57,0.09657,0.90343,10,239.96,True,2021-08-28,2048,68,2246,0,0,0
N02_ST_KST,15m,pick2,SEARCH,30,risk1,house,True,18961,99.734,0.099734,0.90084,10,253.39,True,2021-09-11,2129,71,2234,0,189,0
N02_ST_KST,15m,pick2,SEARCH,30,risk1,forced,False,18961,99.394,0.099394,0.90061,9,169.89,True,2021-06-19,3034,72,0,0,0,214
N02_ST_KST,15m,pick2,SEARCH,30,risk1,forced,True,18961,100.14,0.10014,0.9002,12,192.15,True,2021-07-11,3246,77,0,0,183,207
N02_ST_KST,15m,pick2,SEARCH,40,owner,house,False,18961,97.898,0.097898,0.91863,6,221.2,True,2021-11-06,148,8,5388,7,0,0
N02_ST_KST,15m,pick2,SEARCH,40,owner,house,True,18961,97.099,0.097099,0.91931,4,201.31,True,2021-10-17,119,7,5121,5,0,0
N02_ST_KST,15m,pick2,SEARCH,40,owner,forced,False,18961,72.676,0.072676,0.92785,7,0.72917,True,2021-01-01,13,0,0,8,0,3
N02_ST_KST,15m,pick2,SEARCH,40,owner,forced,True,18961,72.667,0.072667,0.92785,7,0.72917,True,2021-01-01,13,0,0,8,0,3
N02_ST_KST,15m,pick2,SEARCH,40,risk1,house,False,18961,99.939,0.099939,0.90006,9,355.06,True,2021-12-22,1810,63,4474,0,0,0
N02_ST_KST,15m,pick2,SEARCH,40,risk1,house,True,18961,99.037,0.099037,0.90096,9,362.83,True,2021-12-29,1828,66,4224,0,362,0
N02_ST_KST,15m,pick2,SEARCH,40,risk1,forced,False,18961,99.886,0.099886,0.90011,10,152.51,True,2021-06-02,2741,50,0,0,0,414
N02_ST_KST,15m,pick2,SEARCH,40,risk1,forced,True,18961,98.296,0.098296,0.9017,10,165.34,True,2021-06-15,2777,49,0,0,190,391
N02_ST_KST,15m,pick2,SEARCH,50,owner,house,False,18961,92.377,0.092377,0.92757,8,237.79,True,2022-12-10,86,16,12133,11,0,0
N02_ST_KST,15m,pick2,SEARCH,50,owner,house,True,18961,97.012,0.097012,0.92395,6,237.68,True,2022-12-10,85,16,12130,10,0,0
N02_ST_KST,15m,pick2,SEARCH,50,owner,forced,False,18961,88.296,0.088296,0.91931,3,0.072917,True,2021-01-01,4,0,0,2,0,2
N02_ST_KST,15m,pick2,SEARCH,50,owner,forced,True,18961,88.331,0.088331,0.91927,3,0.072917,True,2021-01-01,4,0,0,2,0,2
N02_ST_KST,15m,pick2,SEARCH,50,risk1,house,False,18961,99.17,0.09917,0.90694,9,559.83,True,2022-10-03,1968,106,9043,0,0,0
N02_ST_KST,15m,pick2,SEARCH,50,risk1,house,True,18961,99.341,0.099341,0.90703,9,568.61,True,2022-10-12,2066,109,8906,0,187,0
N02_ST_KST,15m,pick2,SEARCH,50,risk1,forced,False,18961,99.861,0.099861,0.90014,21,118.03,True,2021-04-29,2118,33,0,0,0,463
N02_ST_KST,15m,pick2,SEARCH,50,risk1,forced,True,18961,99.528,0.099528,0.90047,21,127.05,True,2021-05-08,2185,32,0,0,94,484
N02_ST_KST,15m,pick2,TEST,20,owner,house,False,17889,99.761,0.099761,0.90024,12,21.281,True,2024-01-22,347,35,4,31,0,0
N02_ST_KST,15m,pick2,TEST,20,owner,house,True,17889,99.805,0.099805,0.90134,12,21.708,True,2024-01-22,357,35,4,29,0,0
N02_ST_KST,15m,pick2,TEST,20,owner,forced,False,17889,98.445,0.098445,0.90155,12,21.219,True,2024-01-22,347,34,0,31,0,1
N02_ST_KST,15m,pick2,TEST,20,owner,forced,True,17889,98.532,0.098532,0.90147,12,21.219,True,2024-01-22,351,34,0,27,0,1
N02_ST_KST,15m,pick2,TEST,20,risk1,house,False,17889,97.644,0.097644,0.90247,17,104.8,True,2024-04-14,1668,183,80,0,0,0
N02_ST_KST,15m,pick2,TEST,20,risk1,house,True,17889,100.71,0.10071,0.90013,17,137.2,True,2024-05-17,1897,216,63,0,305,0
N02_ST_KST,15m,pick2,TEST,20,risk1,forced,False,17889,102.37,0.10237,0.90048,17,95.115,True,2024-04-05,1612,178,0,0,0,1
N02_ST_KST,15m,pick2,TEST,20,risk1,forced,True,17889,99.817,0.099817,0.90028,17,135.41,True,2024-05-15,1938,215,0,0,302,1
N02_ST_KST,15m,pick2,TEST,30,owner,house,False,17889,93.131,0.093131,0.90687,6,13.698,True,2024-01-14,135,7,62,34,0,0
N02_ST_KST,15m,pick2,TEST,30,owner,house,True,17889,84.293,0.084293,0.91571,6,13.844,True,2024-01-14,147,7,61,36,0,0
N02_ST_KST,15m,pick2,TEST,30,owner,forced,False,17889,107.7,0.1077,0.90278,6,6.8229,True,2024-01-07,83,3,0,28,0,0
N02_ST_KST,15m,pick2,TEST,30,owner,forced,True,17889,109.41,0.10941,0.90123,6,6.8229,True,2024-01-07,83,3,0,28,0,0
N02_ST_KST,15m,pick2,TEST,30,risk1,house,False,17889,100.73,0.10073,0.90045,14,116.82,True,2024-04-26,1620,130,382,0,0,0
N02_ST_KST,15m,pick2,TEST,30,risk1,house,True,17889,99.409,0.099409,0.90069,14,139.27,True,2024-05-19,1737,150,320,0,318,0
N02_ST_KST,15m,pick2,TEST,30,risk1,forced,False,17889,98.351,0.098351,0.90177,14,104.8,True,2024-04-14,1801,130,0,0,0,16
N02_ST_KST,15m,pick2,TEST,30,risk1,forced,True,17889,99.79,0.09979,0.90031,14,139.33,True,2024-05-19,2061,157,0,0,308,15
N02_ST_KST,15m,pick2,TEST,40,owner,house,False,17889,79.665,0.079665,0.92033,5,18.281,True,2024-01-19,80,4,246,30,0,0
N02_ST_KST,15m,pick2,TEST,40,owner,house,True,17889,80.331,0.080331,0.91967,5,18.281,True,2024-01-19,81,4,245,30,0,0
N02_ST_KST,15m,pick2,TEST,40,owner,forced,False,17889,88.645,0.088645,0.92337,6,3.1979,True,2024-01-04,34,0,0,22,0,1
N02_ST_KST,15m,pick2,TEST,40,owner,forced,True,17889,91.431,0.091431,0.92065,6,3.1979,True,2024-01-04,34,0,0,22,0,1
N02_ST_KST,15m,pick2,TEST,40,risk1,house,False,17889,99.472,0.099472,0.90053,15,132.17,True,2024-05-12,1441,106,845,0,0,0
N02_ST_KST,15m,pick2,TEST,40,risk1,house,True,17889,100.02,0.10002,0.9004,15,135.34,True,2024-05-15,1385,100,680,0,294,0
N02_ST_KST,15m,pick2,TEST,40,risk1,forced,False,17889,100.87,0.10087,0.90029,15,88.844,True,2024-03-29,1578,99,0,0,0,42
N02_ST_KST,15m,pick2,TEST,40,risk1,forced,True,17889,99.807,0.099807,0.90029,15,118.35,True,2024-04-28,1794,110,0,0,255,44
N02_ST_KST,15m,pick2,TEST,50,owner,house,False,17889,93.681,0.093681,0.90632,7,20.677,True,2024-01-28,25,1,503,4,0,0
N02_ST_KST,15m,pick2,TEST,50,owner,house,True,17889,94.093,0.094093,0.90591,7,20.677,True,2024-01-28,25,1,503,4,0,0
N02_ST_KST,15m,pick2,TEST,50,owner,forced,False,17889,95.489,0.095489,0.90811,4,2.9792,True,2024-01-04,32,0,0,20,0,0
N02_ST_KST,15m,pick2,TEST,50,owner,forced,True,17889,95.664,0.095664,0.90795,4,2.9792,True,2024-01-04,32,0,0,20,0,0
N02_ST_KST,15m,pick2,TEST,50,risk1,house,False,17889,97.297,0.097297,0.90287,11,150.11,True,2024-05-30,1232,72,1426,0,0,0
N02_ST_KST,15m,pick2,TEST,50,risk1,house,True,17889,100.32,0.10032,0.90023,11,152.8,True,2024-06-01,1251,77,1196,0,261,0
N02_ST_KST,15m,pick2,TEST,50,risk1,forced,False,17889,99.986,0.099986,0.90079,15,69.281,True,2024-03-10,1271,71,0,0,0,62
N02_ST_KST,15m,pick2,TEST,50,risk1,forced,True,17889,99.942,0.099942,0.90066,15,89.167,True,2024-03-30,1449,72,0,0,161,83
N02_ST_KST,15m,pick2,EXTRA,20,owner,house,False,5018,88.136,0.088136,0.92075,8,29.594,True,2020-02-06,329,27,6,1,0,0
N02_ST_KST,15m,pick2,EXTRA,20,owner,house,True,5018,88.264,0.088264,0.92063,8,29.594,True,2020-02-06,329,27,6,1,0,0
N02_ST_KST,15m,pick2,EXTRA,20,owner,forced,False,5018,98.399,0.098399,0.91152,8,29.594,True,2020-02-06,335,27,0,1,0,0
N02_ST_KST,15m,pick2,EXTRA,20,owner,forced,True,5018,98.538,0.098538,0.91139,8,29.594,True,2020-02-06,335,27,0,1,0,0
N02_ST_KST,15m,pick2,EXTRA,20,risk1,house,False,5018,96.517,0.096517,0.90582,15,178.75,True,2020-07-04,1852,201,79,0,0,0
N02_ST_KST,15m,pick2,EXTRA,20,risk1,house,True,5018,96.817,0.096817,0.90552,15,178.75,True,2020-07-04,1851,201,77,0,3,0
N02_ST_KST,15m,pick2,EXTRA,20,risk1,forced,False,5018,99.022,0.099022,0.90338,15,178.75,True,2020-07-04,1930,202,0,0,0,8
N02_ST_KST,15m,pick2,EXTRA,20,risk1,forced,True,5018,99.406,0.099406,0.903,15,178.75,True,2020-07-04,1928,202,0,0,2,8
N02_ST_KST,15m,pick2,EXTRA,30,owner,house,False,5018,100.23,0.10023,0.91534,7,21.729,True,2020-01-29,168,10,73,12,0,0
N02_ST_KST,15m,pick2,EXTRA,30,owner,house,True,5018,100.32,0.10032,0.91526,7,21.729,True,2020-01-29,168,10,73,12,0,0
N02_ST_KST,15m,pick2,EXTRA,30,owner,forced,False,5018,71.67,0.07167,0.94162,7,10.938,True,2020-01-18,113,4,0,5,0,0
N02_ST_KST,15m,pick2,EXTRA,30,owner,forced,True,5018,71.839,0.071839,0.94148,7,10.938,True,2020-01-18,113,4,0,5,0,0
N02_ST_KST,15m,pick2,EXTRA,30,risk1,house,False,5018,98.859,0.098859,0.9033,11,195.94,True,2020-07-21,1842,157,325,0,0,0
N02_ST_KST,15m,pick2,EXTRA,30,risk1,house,True,5018,98.421,0.098421,0.90373,11,195.97,True,2020-07-21,1843,158,323,0,2,0
N02_ST_KST,15m,pick2,EXTRA,30,risk1,forced,False,5018,99.378,0.099378,0.90282,11,193.8,True,2020-07-19,2146,161,0,0,0,18
N02_ST_KST,15m,pick2,EXTRA,30,risk1,forced,True,5018,100.11,0.10011,0.90307,12,194.46,True,2020-07-20,2146,161,0,0,2,17
N02_ST_KST,15m,pick2,EXTRA,40,owner,house,False,5018,91.253,0.091253,0.91287,5,112.54,True,2020-04-29,161,16,1143,5,0,0
N02_ST_KST,15m,pick2,EXTRA,40,owner,house,True,5018,91.947,0.091947,0.91221,5,112.54,True,2020-04-29,162,16,1142,5,0,0
N02_ST_KST,15m,pick2,EXTRA,40,owner,forced,False,5018,89.554,0.089554,0.91722,8,1.6979,True,2020-01-08,17,0,0,2,0,1
N02_ST_KST,15m,pick2,EXTRA,40,owner,forced,True,5018,89.65,0.08965,0.91713,8,1.6979,True,2020-01-08,17,0,0,2,0,1
N02_ST_KST,15m,pick2,EXTRA,40,risk1,house,False,5018,99.324,0.099324,0.90296,11,235.23,True,2020-09-15,1948,138,1064,0,0,0
N02_ST_KST,15m,pick2,EXTRA,40,risk1,house,True,5018,99.297,0.099297,0.90301,11,235.23,True,2020-09-15,1934,138,1046,0,32,0
N02_ST_KST,15m,pick2,EXTRA,40,risk1,forced,False,5018,99.387,0.099387,0.9017,17,192.39,True,2020-07-18,2159,129,0,0,0,64
N02_ST_KST,15m,pick2,EXTRA,40,risk1,forced,True,5018,99.839,0.099839,0.90125,14,194.45,True,2020-07-20,2176,130,0,0,4,60
N02_ST_KST,15m,pick2,EXTRA,50,owner,house,False,5018,93.242,0.093242,0.95607,9,130.8,True,2020-07-03,56,4,2054,1,0,0
N02_ST_KST,15m,pick2,EXTRA,50,owner,house,True,5018,93.38,0.09338,0.956,9,130.8,True,2020-07-03,56,4,2054,1,0,0
N02_ST_KST,15m,pick2,EXTRA,50,owner,forced,False,5018,5.6843e-14,5.6843e-17,1,4,1.1354,True,2020-01-08,12,0,0,3,0,2
N02_ST_KST,15m,pick2,EXTRA,50,owner,forced,True,5018,0.072961,7.2961e-05,0.99994,4,1.1354,True,2020-01-08,12,0,0,3,0,2
N02_ST_KST,15m,pick2,EXTRA,50,risk1,house,False,5018,100.47,0.10047,0.90128,11,285.71,True,2020-10-20,1579,116,1999,0,0,0
N02_ST_KST,15m,pick2,EXTRA,50,risk1,house,True,5018,99.728,0.099728,0.90138,11,289.81,True,2020-10-24,1612,119,2019,0,17,0
N02_ST_KST,15m,pick2,EXTRA,50,risk1,forced,False,5018,98.34,0.09834,0.90268,17,189.65,True,2020-07-15,2144,109,0,0,0,131
N02_ST_KST,15m,pick2,EXTRA,50,risk1,forced,True,5018,99.398,0.099398,0.90164,14,189.73,True,2020-07-15,2143,109,0,0,5,126
N02_ST_KST,15m,pick3,SEARCH,20,owner,house,False,19379,84.122,0.084122,0.91588,8,24.562,True,2021-01-25,270,6,195,0,0,0
N02_ST_KST,15m,pick3,SEARCH,20,owner,house,True,19379,84.157,0.084157,0.91584,8,24.562,True,2021-01-25,270,6,195,0,0,0
N02_ST_KST,15m,pick3,SEARCH,20,owner,forced,False,19379,35.396,0.035396,0.9646,7,9.9583,True,2021-01-11,203,8,0,1,0,7
N02_ST_KST,15m,pick3,SEARCH,20,owner,forced,True,19379,35.668,0.035668,0.96433,7,9.9583,True,2021-01-11,203,8,0,1,0,7
N02_ST_KST,15m,pick3,SEARCH,20,risk1,house,False,19379,100.86,0.10086,0.90038,10,192.36,True,2021-07-12,2487,126,966,0,0,0
N02_ST_KST,15m,pick3,SEARCH,20,risk1,house,True,19379,99.941,0.099941,0.90006,12,195.01,True,2021-07-15,2439,124,920,0,138,0
N02_ST_KST,15m,pick3,SEARCH,20,risk1,forced,False,19379,96.288,0.096288,0.90371,10,156.77,True,2021-06-06,2834,116,0,0,0,66
N02_ST_KST,15m,pick3,SEARCH,20,risk1,forced,True,19379,99.575,0.099575,0.9006,10,179.3,True,2021-06-29,3013,129,0,0,223,57
N02_ST_KST,15m,pick3,SEARCH,30,owner,house,False,19379,88.321,0.088321,0.91168,6,51.802,True,2021-02-21,115,4,858,0,0,0
N02_ST_KST,15m,pick3,SEARCH,30,owner,house,True,19379,99.462,0.099462,0.90054,5,48.708,True,2021-02-18,106,4,799,0,0,0
N02_ST_KST,15m,pick3,SEARCH,30,owner,forced,False,19379,97.665,0.097665,0.91251,5,1.5104,True,2021-01-03,56,1,0,3,0,6
N02_ST_KST,15m,pick3,SEARCH,30,owner,forced,True,19379,97.452,0.097452,0.91273,5,1.5104,True,2021-01-03,56,1,0,3,0,6
N02_ST_KST,15m,pick3,SEARCH,30,risk1,house,False,19379,98.634,0.098634,0.90137,12,270.96,True,2021-09-29,2301,100,2556,0,0,0
N02_ST_KST,15m,pick3,SEARCH,30,risk1,house,True,19379,99.902,0.099902,0.9001,12,290.27,True,2021-10-18,2440,110,2445,0,281,0
N02_ST_KST,15m,pick3,SEARCH,30,risk1,forced,False,19379,99.616,0.099616,0.90038,9,141.86,True,2021-05-22,2614,76,0,0,1,218
N02_ST_KST,15m,pick3,SEARCH,30,risk1,forced,True,19379,99.401,0.099401,0.9006,9,152.47,True,2021-06-02,2615,78,0,0,186,219
N02_ST_KST,15m,pick3,SEARCH,40,owner,house,False,19379,97.81,0.09781,0.90219,6,161.93,True,2021-08-28,72,3,4314,1,0,0
N02_ST_KST,15m,pick3,SEARCH,40,owner,house,True,19379,96.394,0.096394,0.90361,6,162.5,True,2021-08-29,76,3,4319,1,0,0
N02_ST_KST,15m,pick3,SEARCH,40,owner,forced,False,19379,81.168,0.081168,0.91883,6,1.375,True,2021-01-02,26,1,0,5,0,3
N02_ST_KST,15m,pick3,SEARCH,40,owner,forced,True,19379,81.203,0.081203,0.9188,6,1.375,True,2021-01-02,26,1,0,5,0,3
N02_ST_KST,15m,pick3,SEARCH,40,risk1,house,False,19379,99.946,0.099946,0.90033,10,367.41,True,2022-01-03,1933,91,4607,0,0,0
N02_ST_KST,15m,pick3,SEARCH,40,risk1,house,True,19379,99.276,0.099276,0.90072,10,380.77,True,2022-01-17,1980,95,4390,0,386,0
N02_ST_KST,15m,pick3,SEARCH,40,risk1,forced,False,19379,99.898,0.099898,0.9001,12,115.61,True,2021-04-26,2122,47,0,0,0,335
N02_ST_KST,15m,pick3,SEARCH,40,risk1,forced,True,19379,99.888,0.099888,0.90011,12,121.95,True,2021-05-03,2167,49,0,0,69,334
N02_ST_KST,15m,pick3,SEARCH,50,owner,house,False,19379,98.911,0.098911,0.92195,6,248.88,True,2022-12-01,77,17,12320,10,0,0
N02_ST_KST,15m,pick3,SEARCH,50,owner,house,True,19379,85.38,0.08538,0.93262,6,245.26,True,2022-11-27,76,17,12254,10,0,0
N02_ST_KST,15m,pick3,SEARCH,50,owner,forced,False,19379,87.65,0.08765,0.91235,5,0.95833,True,2021-01-02,15,1,0,6,0,3
N02_ST_KST,15m,pick3,SEARCH,50,owner,forced,True,19379,87.621,0.087621,0.91238,5,0.95833,True,2021-01-02,15,1,0,6,0,3
N02_ST_KST,15m,pick3,SEARCH,50,risk1,house,False,19379,101.19,0.10119,0.90515,10,559.06,True,2022-10-02,1923,101,9296,0,0,0
N02_ST_KST,15m,pick3,SEARCH,50,risk1,house,True,19379,99.996,0.099996,0.90431,10,563.18,True,2022-10-06,1964,108,9179,0,148,0
N02_ST_KST,15m,pick3,SEARCH,50,risk1,forced,False,19379,99.207,0.099207,0.90079,14,95.26,True,2021-04-06,1749,38,0,0,0,420
N02_ST_KST,15m,pick3,SEARCH,50,risk1,forced,True,19379,99.471,0.099471,0.90053,13,97.125,True,2021-04-08,1771,36,0,0,25,429
N02_ST_KST,15m,pick3,TEST,20,owner,house,False,18263,89.987,0.089987,0.91001,11,20.927,True,2024-01-20,295,42,7,32,0,0
N02_ST_KST,15m,pick3,TEST,20,owner,house,True,18263,91.346,0.091346,0.90865,11,20.927,True,2024-01-20,299,42,7,29,0,0
N02_ST_KST,15m,pick3,TEST,20,owner,forced,False,18263,90.983,0.090983,0.90902,11,20.927,True,2024-01-20,309,47,0,33,0,0
N02_ST_KST,15m,pick3,TEST,20,owner,forced,True,18263,93.399,0.093399,0.9066,11,20.927,True,2024-01-20,310,46,0,31,0,0
N02_ST_KST,15m,pick3,TEST,20,risk1,house,False,18263,99.601,0.099601,0.90119,12,62.198,True,2024-03-03,1040,148,22,0,0,0
N02_ST_KST,15m,pick3,TEST,20,risk1,house,True,18263,99.784,0.099784,0.90031,12,83.062,True,2024-03-24,1248,154,58,0,135,0
N02_ST_KST,15m,pick3,TEST,20,risk1,forced,False,18263,99.853,0.099853,0.90175,12,62.198,True,2024-03-03,1060,149,0,0,0,0
N02_ST_KST,15m,pick3,TEST,20,risk1,forced,True,18263,98.054,0.098054,0.90204,12,83.438,True,2024-03-24,1304,158,0,0,136,0
N02_ST_KST,15m,pick3,TEST,30,owner,house,False,18263,99.308,0.099308,0.9064,5,12.135,True,2024-01-14,136,9,67,28,0,0
N02_ST_KST,15m,pick3,TEST,30,owner,house,True,18263,99.979,0.099979,0.91281,5,12.781,True,2024-01-14,140,9,65,30,0,0
N02_ST_KST,15m,pick3,TEST,30,owner,forced,False,18263,88.761,0.088761,0.91913,5,6.1458,True,2024-01-07,76,6,0,22,0,1
N02_ST_KST,15m,pick3,TEST,30,owner,forced,True,18263,92.517,0.092517,0.91554,5,6.1458,True,2024-01-07,76,6,0,22,0,1
N02_ST_KST,15m,pick3,TEST,30,risk1,house,False,18263,99.432,0.099432,0.90069,10,83.219,True,2024-03-24,1225,95,276,0,0,0
N02_ST_KST,15m,pick3,TEST,30,risk1,house,True,18263,98.84,0.09884,0.90126,10,116.91,True,2024-04-26,1445,115,327,0,251,0
N02_ST_KST,15m,pick3,TEST,30,risk1,forced,False,18263,99.474,0.099474,0.90122,10,69.812,True,2024-03-10,1247,102,0,0,0,8
N02_ST_KST,15m,pick3,TEST,30,risk1,forced,True,18263,100.2,0.1002,0.90018,10,84.365,True,2024-03-25,1382,107,0,0,133,11
N02_ST_KST,15m,pick3,TEST,40,owner,house,False,18263,91.791,0.091791,0.91113,4,13.125,True,2024-01-14,43,2,183,14,0,0
N02_ST_KST,15m,pick3,TEST,40,owner,house,True,18263,94.966,0.094966,0.90806,4,13.125,True,2024-01-14,44,2,182,14,0,0
N02_ST_KST,15m,pick3,TEST,40,owner,forced,False,18263,98.73,0.09873,0.91152,4,1.75,True,2024-01-03,35,0,0,17,0,1
N02_ST_KST,15m,pick3,TEST,40,owner,forced,True,18263,98.901,0.098901,0.91146,4,1.75,True,2024-01-03,35,0,0,17,0,1
N02_ST_KST,15m,pick3,TEST,40,risk1,house,False,18263,99.891,0.099891,0.90034,10,89.656,True,2024-03-30,1021,76,601,0,0,0
N02_ST_KST,15m,pick3,TEST,40,risk1,house,True,18263,99.792,0.099792,0.90044,10,117.42,True,2024-04-27,1141,88,675,0,249,0
N02_ST_KST,15m,pick3,TEST,40,risk1,forced,False,18263,100.7,0.1007,0.9007,10,68.938,True,2024-03-10,1251,87,0,0,0,27
N02_ST_KST,15m,pick3,TEST,40,risk1,forced,True,18263,99.786,0.099786,0.90054,10,79.042,True,2024-03-20,1319,87,0,0,119,44
N02_ST_KST,15m,pick3,TEST,50,owner,house,False,18263,90.536,0.090536,0.9229,8,70.188,True,2024-03-31,75,13,1609,14,0,0
N02_ST_KST,15m,pick3,TEST,50,owner,house,True,18263,90.454,0.090454,0.92297,8,70.188,True,2024-03-31,75,13,1609,14,0,0
N02_ST_KST,15m,pick3,TEST,50,owner,forced,False,18263,0,0,1,4,2.6458,True,2024-01-03,32,0,0,20,0,2
N02_ST_KST,15m,pick3,TEST,50,owner,forced,True,18263,0.67301,0.00067301,0.99936,4,2.6458,True,2024-01-03,32,0,0,20,0,2
N02_ST_KST,15m,pick3,TEST,50,risk1,house,False,18263,99.116,0.099116,0.90112,12,137.61,True,2024-05-17,1060,69,1355,0,0,0
N02_ST_KST,15m,pick3,TEST,50,risk1,house,True,18263,99.387,0.099387,0.90085,12,139.25,True,2024-05-19,1044,71,1123,0,274,0
N02_ST_KST,15m,pick3,TEST,50,risk1,forced,False,18263,98.426,0.098426,0.90192,10,57.448,True,2024-02-27,1068,57,0,0,0,36
N02_ST_KST,15m,pick3,TEST,50,risk1,forced,True,18263,99.343,0.099343,0.90099,10,63.104,True,2024-03-04,1123,61,0,0,53,51
N02_ST_KST,15m,pick3,EXTRA,20,owner,house,False,5255,94.407,0.094407,0.9115,7,17.906,True,2020-01-25,187,18,11,0,0,0
N02_ST_KST,15m,pick3,EXTRA,20,owner,house,True,5255,94.539,0.094539,0.91137,7,17.906,True,2020-01-25,187,18,11,0,0,0
N02_ST_KST,15m,pick3,EXTRA,20,owner,forced,False,5255,98.797,0.098797,0.90605,7,18.177,True,2020-01-26,205,18,0,0,0,0
N02_ST_KST,15m,pick3,EXTRA,20,owner,forced,True,5255,98.925,0.098925,0.90593,7,18.177,True,2020-01-26,205,18,0,0,0,0
N02_ST_KST,15m,pick3,EXTRA,20,risk1,house,False,5255,100.63,0.10063,0.90172,10,158.64,True,2020-06-14,1682,173,90,0,0,0
N02_ST_KST,15m,pick3,EXTRA,20,risk1,house,True,5255,100.58,0.10058,0.90112,10,158.31,True,2020-06-14,1670,173,81,0,18,0
N02_ST_KST,15m,pick3,EXTRA,20,risk1,forced,False,5255,98.914,0.098914,0.90216,10,157.41,True,2020-06-13,1755,175,0,0,0,13
N02_ST_KST,15m,pick3,EXTRA,20,risk1,forced,True,5255,101.67,0.10167,0.90136,10,155.29,True,2020-06-11,1724,168,0,0,22,10
N02_ST_KST,15m,pick3,EXTRA,30,owner,house,False,5255,106,0.106,0.91775,7,16.417,True,2020-01-24,122,9,54,8,0,0
N02_ST_KST,15m,pick3,EXTRA,30,owner,house,True,5255,106.14,0.10614,0.91764,7,16.417,True,2020-01-24,122,9,54,8,0,0
N02_ST_KST,15m,pick3,EXTRA,30,owner,forced,False,5255,55.281,0.055281,0.95769,6,10.052,True,2020-01-17,108,7,0,2,0,1
N02_ST_KST,15m,pick3,EXTRA,30,owner,forced,True,5255,55.325,0.055325,0.95766,6,10.052,True,2020-01-17,108,7,0,2,0,1
N02_ST_KST,15m,pick3,EXTRA,30,risk1,house,False,5255,99.026,0.099026,0.90372,9,168.28,True,2020-06-24,1582,140,346,0,0,0
N02_ST_KST,15m,pick3,EXTRA,30,risk1,house,True,5255,99.216,0.099216,0.90286,9,168.14,True,2020-06-23,1578,140,339,0,9,0
N02_ST_KST,15m,pick3,EXTRA,30,risk1,forced,False,5255,99.805,0.099805,0.9041,11,161.3,True,2020-06-16,1836,137,0,0,0,26
N02_ST_KST,15m,pick3,EXTRA,30,risk1,forced,True,5255,99.644,0.099644,0.90283,11,158.31,True,2020-06-14,1787,135,0,0,20,23
N02_ST_KST,15m,pick3,EXTRA,40,owner,house,False,5255,91.648,0.091648,0.90835,3,90.531,True,2020-04-05,117,9,963,6,0,0
N02_ST_KST,15m,pick3,EXTRA,40,owner,house,True,5255,92.381,0.092381,0.90762,3,90.531,True,2020-04-05,118,9,962,6,0,0
N02_ST_KST,15m,pick3,EXTRA,40,owner,forced,False,5255,92.761,0.092761,0.91165,3,7.0208,True,2020-01-15,62,6,0,11,0,1
N02_ST_KST,15m,pick3,EXTRA,40,owner,forced,True,5255,92.801,0.092801,0.91161,3,7.0208,True,2020-01-15,62,6,0,11,0,1
N02_ST_KST,15m,pick3,EXTRA,40,risk1,house,False,5255,98.44,0.09844,0.90156,10,186.95,True,2020-07-11,1421,110,775,0,0,0
N02_ST_KST,15m,pick3,EXTRA,40,risk1,house,True,5255,99.16,0.09916,0.90084,10,186.95,True,2020-07-11,1421,110,772,0,3,0
N02_ST_KST,15m,pick3,EXTRA,40,risk1,forced,False,5255,98.242,0.098242,0.90182,10,154.8,True,2020-06-10,1815,94,0,0,0,68
N02_ST_KST,15m,pick3,EXTRA,40,risk1,forced,True,5255,98.928,0.098928,0.90114,10,153.94,True,2020-06-09,1782,90,0,0,23,63
N02_ST_KST,15m,pick3,EXTRA,50,owner,house,False,5255,77.057,0.077057,0.94506,7,153.79,True,2020-07-04,53,6,2152,3,0,0
N02_ST_KST,15m,pick3,EXTRA,50,owner,house,True,5255,77.151,0.077151,0.94499,7,153.79,True,2020-07-04,53,6,2152,3,0,0
N02_ST_KST,15m,pick3,EXTRA,50,owner,forced,False,5255,81.082,0.081082,0.92397,2,4.5833,True,2020-01-12,39,4,0,6,0,1
N02_ST_KST,15m,pick3,EXTRA,50,owner,forced,True,5255,81.072,0.081072,0.92398,2,4.5833,True,2020-01-12,39,4,0,6,0,1
N02_ST_KST,15m,pick3,EXTRA,50,risk1,house,False,5255,98.592,0.098592,0.9022,9,255.59,True,2020-09-23,1360,92,1930,0,0,0
N02_ST_KST,15m,pick3,EXTRA,50,risk1,house,True,5255,101.79,0.10179,0.90142,9,256.21,True,2020-09-23,1363,94,1907,0,33,0
N02_ST_KST,15m,pick3,EXTRA,50,risk1,forced,False,5255,97.584,0.097584,0.90245,13,144.08,True,2020-05-30,1703,68,0,0,0,151
N02_ST_KST,15m,pick3,EXTRA,50,risk1,forced,True,5255,99.728,0.099728,0.90031,13,144.08,True,2020-05-31,1664,67,0,0,40,145
N02_ST_KST,15m,coinpicks,SEARCH,20,owner,house,False,21946,99.99,0.09999,0.91072,6,25.979,True,2021-01-28,361,30,178,1,0,0
N02_ST_KST,15m,coinpicks,SEARCH,20,owner,house,True,21946,99.127,0.099127,0.91392,6,26.167,True,2021-01-28,365,30,179,1,0,0
N02_ST_KST,15m,coinpicks,SEARCH,20,owner,forced,False,21946,97.788,0.097788,0.90559,6,7.5833,True,2021-01-10,178,13,0,2,0,7
N02_ST_KST,15m,coinpicks,SEARCH,20,owner,forced,True,21946,97.958,0.097958,0.90544,6,7.5833,True,2021-01-10,178,13,0,2,0,7
N02_ST_KST,15m,coinpicks,SEARCH,20,risk1,house,False,21946,100.39,0.10039,0.9025,10,197.19,True,2021-07-18,2930,249,927,0,0,0
N02_ST_KST,15m,coinpicks,SEARCH,20,risk1,house,True,21946,100.01,0.10001,0.90151,10,208.07,True,2021-07-29,3027,252,904,0,136,0
N02_ST_KST,15m,coinpicks,SEARCH,20,risk1,forced,False,21946,100.14,0.10014,0.90172,11,190.85,True,2021-07-12,3716,267,0,0,0,85
N02_ST_KST,15m,coinpicks,SEARCH,20,risk1,forced,True,21946,100.84,0.10084,0.90092,10,194.1,True,2021-07-15,3635,252,0,0,163,77
N02_ST_KST,15m,coinpicks,SEARCH,30,owner,house,False,21946,96.431,0.096431,0.90357,5,63.417,True,2021-03-05,190,16,1090,0,0,0
N02_ST_KST,15m,coinpicks,SEARCH,30,owner,house,True,21946,109.7,0.1097,0.90549,5,65.906,True,2021-03-07,223,18,1104,2,0,0
N02_ST_KST,15m,coinpicks,SEARCH,30,owner,forced,False,21946,68.295,0.068295,0.9317,7,2.1562,True,2021-01-03,45,4,0,7,0,5
N02_ST_KST,15m,coinpicks,SEARCH,30,owner,forced,True,21946,68.27,0.06827,0.93173,7,2.1562,True,2021-01-03,45,4,0,7,0,5
N02_ST_KST,15m,coinpicks,SEARCH,30,risk1,house,False,21946,99.788,0.099788,0.90541,9,217.01,True,2021-08-26,2323,183,2362,0,0,0
N02_ST_KST,15m,coinpicks,SEARCH,30,risk1,house,True,21946,100.16,0.10016,0.9052,10,237.45,True,2021-09-15,2473,190,2406,0,241,0
N02_ST_KST,15m,coinpicks,SEARCH,30,risk1,forced,False,21946,98.855,0.098855,0.9014,11,186.97,True,2021-07-06,3677,182,0,0,0,257
N02_ST_KST,15m,coinpicks,SEARCH,30,risk1,forced,True,21946,99.674,0.099674,0.90033,10,192.18,True,2021-07-12,3565,180,0,0,236,238
N02_ST_KST,15m,coinpicks,SEARCH,40,owner,house,False,21946,94.428,0.094428,0.90865,4,121.17,True,2021-07-18,72,11,4031,0,0,0
N02_ST_KST,15m,coinpicks,SEARCH,40,owner,house,True,21946,93.965,0.093965,0.90909,4,120.86,True,2021-07-18,73,11,4022,0,0,0
N02_ST_KST,15m,coinpicks,SEARCH,40,owner,forced,False,21946,90.106,0.090106,0.90989,4,1.3958,True,2021-01-02,24,2,0,14,0,2
N02_ST_KST,15m,coinpicks,SEARCH,40,owner,forced,True,21946,90.156,0.090156,0.90984,4,1.3958,True,2021-01-02,24,2,0,14,0,2
N02_ST_KST,15m,coinpicks,SEARCH,40,risk1,house,False,21946,99.322,0.099322,0.90068,9,336.53,True,2021-12-03,2141,207,4538,0,0,0
N02_ST_KST,15m,coinpicks,SEARCH,40,risk1,house,True,21946,99.738,0.099738,0.90026,9,358.9,True,2021-12-25,2205,217,4508,0,426,0
N02_ST_KST,15m,coinpicks,SEARCH,40,risk1,forced,False,21946,99.413,0.099413,0.90059,13,143.02,True,2021-05-24,2868,99,0,0,1,407
N02_ST_KST,15m,coinpicks,SEARCH,40,risk1,forced,True,21946,99.649,0.099649,0.90035,13,155.95,True,2021-06-06,2927,96,0,0,209,419
N02_ST_KST,15m,coinpicks,SEARCH,50,owner,house,False,21946,111.23,0.11123,0.9086,6,211.04,True,2022-10-09,70,24,12892,1,0,0
N02_ST_KST,15m,coinpicks,SEARCH,50,owner,house,True,21946,91.502,0.091502,0.91166,6,211.04,True,2022-10-09,69,21,12889,1,0,0
N02_ST_KST,15m,coinpicks,SEARCH,50,owner,forced,False,21946,71.73,0.07173,0.92827,4,0.25,True,2021-01-01,4,0,0,5,0,0
N02_ST_KST,15m,coinpicks,SEARCH,50,owner,forced,True,21946,72.137,0.072137,0.92786,4,0.25,True,2021-01-01,4,0,0,5,0,0
N02_ST_KST,15m,coinpicks,SEARCH,50,risk1,house,False,21946,98.667,0.098667,0.90273,7,468.96,True,2022-05-29,1987,284,8081,0,0,0
N02_ST_KST,15m,coinpicks,SEARCH,50,risk1,house,True,21946,99.621,0.099621,0.90178,7,481.06,True,2022-06-10,2046,286,7880,0,363,0
N02_ST_KST,15m,coinpicks,SEARCH,50,risk1,forced,False,21946,99.792,0.099792,0.90021,13,118.68,True,2021-04-29,2374,71,0,0,0,501
N02_ST_KST,15m,coinpicks,SEARCH,50,risk1,forced,True,21946,100.5,0.1005,0.90012,13,121.11,True,2021-05-02,2355,70,0,0,69,497
N02_ST_KST,15m,coinpicks,TEST,20,owner,house,False,20423,99.705,0.099705,0.90467,8,17.406,True,2024-01-18,274,58,6,15,0,0
N02_ST_KST,15m,coinpicks,TEST,20,owner,house,True,20423,98.351,0.098351,0.90594,8,17.406,True,2024-01-18,274,58,6,15,0,0
N02_ST_KST,15m,coinpicks,TEST,20,owner,forced,False,20423,95.338,0.095338,0.90866,8,17.406,True,2024-01-18,277,57,0,14,0,0
N02_ST_KST,15m,coinpicks,TEST,20,owner,forced,True,20423,98.061,0.098061,0.90588,8,17.406,True,2024-01-18,278,57,0,13,0,0
N02_ST_KST,15m,coinpicks,TEST,20,risk1,house,False,20423,99.984,0.099984,0.90245,16,74.417,True,2024-03-16,1239,264,50,0,0,0
N02_ST_KST,15m,coinpicks,TEST,20,risk1,house,True,20423,97.803,0.097803,0.90438,16,105.57,True,2024-04-16,1545,293,63,0,245,0
N02_ST_KST,15m,coinpicks,TEST,20,risk1,forced,False,20423,99.712,0.099712,0.90215,16,74,True,2024-03-16,1281,264,0,0,0,1
N02_ST_KST,15m,coinpicks,TEST,20,risk1,forced,True,20423,100.01,0.10001,0.90242,16,104.2,True,2024-04-15,1587,289,0,0,238,1
N02_ST_KST,15m,coinpicks,TEST,30,owner,house,False,20423,93.4,0.0934,0.93697,7,8.4271,True,2024-01-10,111,17,35,15,0,0
N02_ST_KST,15m,coinpicks,TEST,30,owner,house,True,20423,91.371,0.091371,0.9415,7,7.8958,True,2024-01-10,113,17,34,16,0,0
N02_ST_KST,15m,coinpicks,TEST,30,owner,forced,False,20423,87.677,0.087677,0.93461,7,4.5,True,2024-01-07,83,10,0,12,0,0
N02_ST_KST,15m,coinpicks,TEST,30,owner,forced,True,20423,90.321,0.090321,0.93257,7,4.5,True,2024-01-07,83,10,0,12,0,0
N02_ST_KST,15m,coinpicks,TEST,30,risk1,house,False,20423,98.333,0.098333,0.90521,14,95.604,True,2024-04-06,1457,226,291,0,0,0
N02_ST_KST,15m,coinpicks,TEST,30,risk1,house,True,20423,100.19,0.10019,0.90425,14,112.52,True,2024-04-23,1507,233,296,0,248,0
N02_ST_KST,15m,coinpicks,TEST,30,risk1,forced,False,20423,99.369,0.099369,0.90421,14,81.906,True,2024-03-23,1508,208,0,0,0,12
N02_ST_KST,15m,coinpicks,TEST,30,risk1,forced,True,20423,99.687,0.099687,0.9038,14,102.95,True,2024-04-14,1647,223,0,0,222,14
N02_ST_KST,15m,coinpicks,TEST,40,owner,house,False,20423,82.342,0.082342,0.95069,6,15.375,True,2024-01-18,87,14,233,18,0,0
N02_ST_KST,15m,coinpicks,TEST,40,owner,house,True,20423,96.418,0.096418,0.94224,6,14.583,True,2024-01-17,83,14,227,16,0,0
N02_ST_KST,15m,coinpicks,TEST,40,owner,forced,False,20423,65.404,0.065404,0.95546,6,2.2604,True,2024-01-04,44,4,0,15,0,1
N02_ST_KST,15m,coinpicks,TEST,40,owner,forced,True,20423,68.138,0.068138,0.95361,6,2.2604,True,2024-01-04,44,4,0,15,0,1
N02_ST_KST,15m,coinpicks,TEST,40,risk1,house,False,20423,99.201,0.099201,0.90446,15,115.54,True,2024-04-26,1411,186,743,0,0,0
N02_ST_KST,15m,coinpicks,TEST,40,risk1,house,True,20423,98.643,0.098643,0.90498,15,118.74,True,2024-04-29,1360,181,605,0,245,0
N02_ST_KST,15m,coinpicks,TEST,40,risk1,forced,False,20423,98.728,0.098728,0.90468,15,82.26,True,2024-03-24,1554,168,0,0,0,42
N02_ST_KST,15m,coinpicks,TEST,40,risk1,forced,True,20423,99.518,0.099518,0.90384,15,99.333,True,2024-04-10,1659,180,0,0,203,40
N02_ST_KST,15m,coinpicks,TEST,50,owner,house,False,20423,98.261,0.098261,0.90174,4,31.875,True,2024-02-04,43,17,637,14,0,0
N02_ST_KST,15m,coinpicks,TEST,50,owner,house,True,20423,98.403,0.098403,0.9016,4,31.875,True,2024-02-04,43,17,637,14,0,0
N02_ST_KST,15m,coinpicks,TEST,50,owner,forced,False,20423,93.87,0.09387,0.92528,5,1.375,True,2024-01-03,33,1,0,13,0,0
N02_ST_KST,15m,coinpicks,TEST,50,owner,forced,True,20423,94.408,0.094408,0.92488,5,1.375,True,2024-01-03,33,1,0,13,0,0
N02_ST_KST,15m,coinpicks,TEST,50,risk1,house,False,20423,99.269,0.099269,0.90411,9,135.68,True,2024-05-17,1262,167,1316,0,0,0
N02_ST_KST,15m,coinpicks,TEST,50,risk1,house,True,20423,99.732,0.099732,0.90363,9,137.9,True,2024-05-19,1272,174,1101,0,252,0
N02_ST_KST,15m,coinpicks,TEST,50,risk1,forced,False,20423,99.646,0.099646,0.90314,10,71.208,True,2024-03-13,1356,133,0,0,0,66
N02_ST_KST,15m,coinpicks,TEST,50,risk1,forced,True,20423,99.506,0.099506,0.90313,10,82.208,True,2024-03-24,1453,128,0,0,143,77
N02_ST_KST,15m,coinpicks,EXTRA,20,owner,house,False,6194,97.158,0.097158,0.9173,6,25.667,True,2020-02-02,311,70,7,0,0,0
N02_ST_KST,15m,coinpicks,EXTRA,20,owner,house,True,6194,94.263,0.094263,0.91705,6,25.885,True,2020-02-02,312,70,7,0,0,0
N02_ST_KST,15m,coinpicks,EXTRA,20,owner,forced,False,6194,93.664,0.093664,0.91751,7,26.031,True,2020-02-03,324,71,0,0,0,0
N02_ST_KST,15m,coinpicks,EXTRA,20,owner,forced,True,6194,94.038,0.094038,0.91718,7,26.031,True,2020-02-03,324,71,0,0,0,0
N02_ST_KST,15m,coinpicks,EXTRA,20,risk1,house,False,6194,99.302,0.099302,0.90387,10,165.75,True,2020-06-21,1985,403,94,0,0,0
N02_ST_KST,15m,coinpicks,EXTRA,20,risk1,house,True,6194,100.29,0.10029,0.90291,10,165.75,True,2020-06-21,1984,403,84,0,11,0
N02_ST_KST,15m,coinpicks,EXTRA,20,risk1,forced,False,6194,99.959,0.099959,0.90327,10,165.75,True,2020-06-21,2081,406,0,0,0,8
N02_ST_KST,15m,coinpicks,EXTRA,20,risk1,forced,True,6194,101.36,0.10136,0.90271,10,165.91,True,2020-06-21,2074,407,0,0,10,6
N02_ST_KST,15m,coinpicks,EXTRA,30,owner,house,False,6194,93.88,0.09388,0.91058,7,10.146,True,2020-01-16,75,17,32,1,0,0
N02_ST_KST,15m,coinpicks,EXTRA,30,owner,house,True,6194,94.033,0.094033,0.91043,7,10.146,True,2020-01-16,75,17,32,1,0,0
N02_ST_KST,15m,coinpicks,EXTRA,30,owner,forced,False,6194,90.511,0.090511,0.91638,6,5.8854,True,2020-01-13,67,16,0,1,0,0
N02_ST_KST,15m,coinpicks,EXTRA,30,owner,forced,True,6194,90.654,0.090654,0.91625,6,5.8854,True,2020-01-13,67,16,0,1,0,0
N02_ST_KST,15m,coinpicks,EXTRA,30,risk1,house,False,6194,99.418,0.099418,0.90195,11,175.59,True,2020-07-01,1936,337,377,0,0,0
N02_ST_KST,15m,coinpicks,EXTRA,30,risk1,house,True,6194,98.587,0.098587,0.90229,11,176.65,True,2020-07-02,1946,339,367,0,11,0
N02_ST_KST,15m,coinpicks,EXTRA,30,risk1,forced,False,6194,99.911,0.099911,0.90098,11,166.22,True,2020-06-22,2172,325,0,0,0,28
N02_ST_KST,15m,coinpicks,EXTRA,30,risk1,forced,True,6194,98.751,0.098751,0.9027,11,167.68,True,2020-06-23,2176,328,0,0,13,24
N02_ST_KST,15m,coinpicks,EXTRA,40,owner,house,False,6194,93.651,0.093651,0.93568,6,22.938,True,2020-02-04,85,27,307,4,0,0
N02_ST_KST,15m,coinpicks,EXTRA,40,owner,house,True,6194,93.787,0.093787,0.93558,6,22.938,True,2020-02-04,85,27,307,4,0,0
N02_ST_KST,15m,coinpicks,EXTRA,40,owner,forced,False,6194,92.846,0.092846,0.92101,5,3.6771,True,2020-01-10,30,3,0,1,0,1
N02_ST_KST,15m,coinpicks,EXTRA,40,owner,forced,True,6194,93.009,0.093009,0.92087,5,3.6771,True,2020-01-10,30,3,0,1,0,1
N02_ST_KST,15m,coinpicks,EXTRA,40,risk1,house,False,6194,99.564,0.099564,0.90112,11,186.4,True,2020-07-10,1697,288,823,0,0,0
N02_ST_KST,15m,coinpicks,EXTRA,40,risk1,house,True,6194,99.917,0.099917,0.90077,11,186.8,True,2020-07-11,1700,289,815,0,8,0
N02_ST_KST,15m,coinpicks,EXTRA,40,risk1,forced,False,6194,99.975,0.099975,0.90151,11,165.91,True,2020-06-20,2208,268,0,0,0,72
N02_ST_KST,15m,coinpicks,EXTRA,40,risk1,forced,True,6194,98.789,0.098789,0.90189,15,166.06,True,2020-06-20,2195,268,0,0,15,67
N02_ST_KST,15m,coinpicks,EXTRA,50,owner,house,False,6194,97.798,0.097798,0.91702,7,149.54,True,2020-06-23,59,14,2434,7,0,0
N02_ST_KST,15m,coinpicks,EXTRA,50,owner,house,True,6194,97.868,0.097868,0.91695,7,149.54,True,2020-06-23,59,14,2434,7,0,0
N02_ST_KST,15m,coinpicks,EXTRA,50,owner,forced,False,6194,82.993,0.082993,0.9271,2,1.9896,True,2020-01-08,19,2,0,1,0,3
N02_ST_KST,15m,coinpicks,EXTRA,50,owner,forced,True,6194,82.989,0.082989,0.92711,2,1.9896,True,2020-01-08,19,2,0,1,0,3
N02_ST_KST,15m,coinpicks,EXTRA,50,risk1,house,False,6194,100.74,0.10074,0.90105,11,189.61,True,2020-07-14,1217,210,1417,0,0,0
N02_ST_KST,15m,coinpicks,EXTRA,50,risk1,house,True,6194,98.839,0.098839,0.90184,11,190.16,True,2020-07-14,1223,211,1408,0,10,0
N02_ST_KST,15m,coinpicks,EXTRA,50,risk1,forced,False,6194,99.555,0.099555,0.90113,11,155.74,True,2020-06-10,2126,198,0,0,0,155
N02_ST_KST,15m,coinpicks,EXTRA,50,risk1,forced,True,6194,99.647,0.099647,0.90104,15,156.92,True,2020-06-11,2105,203,0,0,33,144
N02_ST_KST,30m,default,SEARCH,20,owner,house,False,9637,91.446,0.091446,0.93341,7,75.562,True,2021-04-09,461,17,368,1,0,0
N02_ST_KST,30m,default,SEARCH,20,owner,house,True,9637,94.444,0.094444,0.93131,7,75.562,True,2021-04-09,461,17,368,1,0,0
N02_ST_KST,30m,default,SEARCH,20,owner,forced,False,9637,56.517,0.056517,0.97153,6,47.021,True,2021-02-28,497,16,0,3,0,19
N02_ST_KST,30m,default,SEARCH,20,owner,forced,True,9637,57.663,0.057663,0.97092,6,47.021,True,2021-02-28,497,16,0,3,0,19
N02_ST_KST,30m,default,SEARCH,20,risk1,house,False,9637,98.727,0.098727,0.9043,12,459.75,True,2022-04-28,2963,178,989,0,0,0
N02_ST_KST,30m,default,SEARCH,20,risk1,house,True,9637,98.836,0.098836,0.90393,11,483.59,True,2022-05-21,2904,163,957,0,318,0
N02_ST_KST,30m,default,SEARCH,20,risk1,forced,False,9637,97.737,0.097737,0.90552,10,379.05,True,2022-03-02,3468,162,0,0,0,63
N02_ST_KST,30m,default,SEARCH,20,risk1,forced,True,9637,100.33,0.10033,0.90384,11,412.23,True,2022-04-04,3379,155,0,0,395,61
N02_ST_KST,30m,default,SEARCH,30,owner,house,False,9637,96.454,0.096454,0.94551,7,106.02,True,2021-07-06,113,1,1461,3,0,0
N02_ST_KST,30m,default,SEARCH,30,owner,house,True,9637,89.203,0.089203,0.9496,7,113.51,True,2021-07-13,138,1,1501,4,0,0
N02_ST_KST,30m,default,SEARCH,30,owner,forced,False,9637,53.628,0.053628,0.94637,4,9.25,True,2021-01-10,92,0,0,3,0,14
N02_ST_KST,30m,default,SEARCH,30,owner,forced,True,9637,53.791,0.053791,0.94621,4,9.25,True,2021-01-10,92,0,0,3,0,14
N02_ST_KST,30m,default,SEARCH,30,risk1,house,False,9637,99.393,0.099393,0.90061,9,585.62,True,2022-08-10,2042,102,2951,0,0,0
N02_ST_KST,30m,default,SEARCH,30,risk1,house,True,9637,99.872,0.099872,0.90013,9,631.78,True,2022-09-25,2161,106,2867,0,352,0
N02_ST_KST,30m,default,SEARCH,30,risk1,forced,False,9637,97.127,0.097127,0.90287,12,398.53,True,2022-02-03,3326,100,0,0,0,214
N02_ST_KST,30m,default,SEARCH,30,risk1,forced,True,9637,98.793,0.098793,0.90121,12,426.06,True,2022-03-03,3186,99,0,0,353,201
N02_ST_KST,30m,default,SEARCH,40,owner,house,False,9637,94.73,0.09473,0.92825,4,410.19,True,2022-12-22,130,11,6137,22,0,0
N02_ST_KST,30m,default,SEARCH,40,owner,house,True,9637,97.815,0.097815,0.9259,4,410.19,True,2022-12-22,131,11,6136,22,0,0
N02_ST_KST,30m,default,SEARCH,40,owner,forced,False,9637,97.747,0.097747,0.90225,5,5.9062,True,2021-01-07,53,0,0,7,0,8
N02_ST_KST,30m,default,SEARCH,40,owner,forced,True,9637,97.768,0.097768,0.90223,5,5.9062,True,2021-01-07,53,0,0,7,0,8
N02_ST_KST,30m,default,SEARCH,40,risk1,house,False,9637,99.559,0.099559,0.90145,7,696.16,True,2023-02-14,1412,85,5290,0,0,0
N02_ST_KST,30m,default,SEARCH,40,risk1,house,True,9637,98.435,0.098435,0.90255,10,712.1,True,2023-03-02,1479,88,5313,0,51,0
N02_ST_KST,30m,default,SEARCH,40,risk1,forced,False,9637,97.132,0.097132,0.90287,12,344.78,True,2021-12-11,2896,52,0,0,0,428
N02_ST_KST,30m,default,SEARCH,40,risk1,forced,True,9637,99.745,0.099745,0.9009,11,369.56,True,2022-01-05,2829,54,0,0,300,405
N02_ST_KST,30m,default,SEARCH,50,owner,house,False,9637,97.658,0.097658,0.90234,5,83.854,True,2023-01-08,36,4,6405,1,0,0
N02_ST_KST,30m,default,SEARCH,50,owner,house,True,9637,97.908,0.097908,0.90209,5,83.854,True,2023-01-08,36,4,6405,1,0,0
N02_ST_KST,30m,default,SEARCH,50,owner,forced,False,9637,81.082,0.081082,0.91892,3,0.5625,True,2021-01-01,3,0,0,4,0,1
N02_ST_KST,30m,default,SEARCH,50,owner,forced,True,9637,81.263,0.081263,0.91874,3,0.5625,True,2021-01-01,3,0,0,4,0,1
N02_ST_KST,30m,default,SEARCH,50,risk1,house,False,9637,113.63,0.11363,0.89002,8,999.06,False,,1611,148,7878,0,0,0
N02_ST_KST,30m,default,SEARCH,50,risk1,house,True,9637,116.65,0.11665,0.8871,8,784.54,False,,1601,148,7803,0,85,0
N02_ST_KST,30m,default,SEARCH,50,risk1,forced,False,9637,98.587,0.098587,0.90141,14,260.34,True,2021-09-18,2200,16,0,0,0,555
N02_ST_KST,30m,default,SEARCH,50,risk1,forced,True,9637,99.856,0.099856,0.90014,12,283.39,True,2021-10-11,2227,15,0,0,170,561
N02_ST_KST,30m,default,TEST,20,owner,house,False,8516,97.718,0.097718,0.95984,10,31.188,True,2024-02-04,248,32,7,7,0,0
N02_ST_KST,30m,default,TEST,20,owner,house,True,8516,85.533,0.085533,0.96403,10,34.094,True,2024-02-06,265,32,7,6,0,0
N02_ST_KST,30m,default,TEST,20,owner,forced,False,8516,95.248,0.095248,0.95903,10,26.833,True,2024-01-31,220,26,0,9,0,0
N02_ST_KST,30m,default,TEST,20,owner,forced,True,8516,97.379,0.097379,0.9581,10,26.833,True,2024-01-31,220,26,0,9,0,0
N02_ST_KST,30m,default,TEST,20,risk1,house,False,8516,96.828,0.096828,0.92581,11,277.17,True,2024-10-07,2097,176,150,0,0,0
N02_ST_KST,30m,default,TEST,20,risk1,house,True,8516,98.538,0.098538,0.92434,9,304.09,True,2024-11-03,2107,184,126,0,255,0
N02_ST_KST,30m,default,TEST,20,risk1,forced,False,8516,99.803,0.099803,0.9254,11,263.8,True,2024-09-24,2115,168,0,0,0,7
N02_ST_KST,30m,default,TEST,20,risk1,forced,True,8516,99.705,0.099705,0.925,9,296.98,True,2024-10-27,2165,183,0,0,256,4
N02_ST_KST,30m,default,TEST,30,owner,house,False,8516,96.727,0.096727,0.95512,6,25.917,True,2024-01-30,135,17,77,16,0,0
N02_ST_KST,30m,default,TEST,30,owner,house,True,8516,97.04,0.09704,0.95498,6,25.917,True,2024-01-30,135,17,77,16,0,0
N02_ST_KST,30m,default,TEST,30,owner,forced,False,8516,98.136,0.098136,0.95218,4,11.052,True,2024-01-15,95,6,0,18,0,2
N02_ST_KST,30m,default,TEST,30,owner,forced,True,8516,100.32,0.10032,0.95096,4,11.052,True,2024-01-15,95,6,0,18,0,2
N02_ST_KST,30m,default,TEST,30,risk1,house,False,8516,101.09,0.10109,0.92152,13,273.99,True,2024-10-04,1659,116,608,0,0,0
N02_ST_KST,30m,default,TEST,30,risk1,house,True,8516,99.186,0.099186,0.92213,10,305.09,True,2024-11-04,1760,129,570,0,223,0
N02_ST_KST,30m,default,TEST,30,risk1,forced,False,8516,97.48,0.09748,0.92664,15,257.02,True,2024-09-17,2112,123,0,0,0,38
N02_ST_KST,30m,default,TEST,30,risk1,forced,True,8516,98.844,0.098844,0.92545,13,277.21,True,2024-10-07,2052,119,0,0,252,30
N02_ST_KST,30m,default,TEST,40,owner,house,False,8516,94.343,0.094343,0.91431,4,41.521,True,2024-02-17,54,5,321,13,0,0
N02_ST_KST,30m,default,TEST,40,owner,house,True,8516,94.788,0.094788,0.91389,4,41.521,True,2024-02-17,54,5,321,13,0,0
N02_ST_KST,30m,default,TEST,40,owner,forced,False,8516,45.016,0.045016,0.97958,4,7.1458,True,2024-01-11,58,1,0,29,0,7
N02_ST_KST,30m,default,TEST,40,owner,forced,True,8516,45.868,0.045868,0.97919,4,7.1458,True,2024-01-11,58,1,0,29,0,7
N02_ST_KST,30m,default,TEST,40,risk1,house,False,8516,99.665,0.099665,0.90981,15,493.71,True,2025-05-12,1691,111,2441,0,0,0
N02_ST_KST,30m,default,TEST,40,risk1,house,True,8516,99.938,0.099938,0.90956,15,549.27,True,2025-07-06,1718,111,2267,0,602,0
N02_ST_KST,30m,default,TEST,40,risk1,forced,False,8516,99.588,0.099588,0.92705,15,246.03,True,2024-09-06,2029,95,0,0,0,114
N02_ST_KST,30m,default,TEST,40,risk1,forced,True,8516,98.359,0.098359,0.92729,13,277.28,True,2024-10-07,2044,101,0,0,278,100
N02_ST_KST,30m,default,TEST,50,owner,house,False,8516,72.515,0.072515,0.92931,5,803.73,True,2026-04-04,83,14,6896,1,0,0
N02_ST_KST,30m,default,TEST,50,owner,house,True,8516,96.214,0.096214,0.90621,5,720.78,True,2026-01-11,81,12,6169,1,0,0
N02_ST_KST,30m,default,TEST,50,owner,forced,False,8516,80.85,0.08085,0.96637,4,4.8333,True,2024-01-09,47,0,0,23,0,4
N02_ST_KST,30m,default,TEST,50,owner,forced,True,8516,81.844,0.081844,0.96594,4,4.8333,True,2024-01-09,47,0,0,23,0,4
N02_ST_KST,30m,default,TEST,50,risk1,house,False,8516,98.524,0.098524,0.90159,8,850.78,True,2026-05-01,1574,103,5491,0,0,0
N02_ST_KST,30m,default,TEST,50,risk1,house,True,8516,100.37,0.10037,0.90032,8,871.04,True,2026-05-21,1647,106,5049,0,552,0
N02_ST_KST,30m,default,TEST,50,risk1,forced,False,8516,98.441,0.098441,0.92677,15,252.75,True,2024-09-13,2107,90,0,0,0,215
N02_ST_KST,30m,default,TEST,50,risk1,forced,True,8516,99.256,0.099256,0.92607,13,275.25,True,2024-10-05,2027,89,0,0,283,194
N02_ST_KST,30m,default,EXTRA,20,owner,house,False,2586,93.843,0.093843,0.92622,6,114.93,True,2020-05-09,567,49,110,4,0,0
N02_ST_KST,30m,default,EXTRA,20,owner,house,True,2586,94.026,0.094026,0.92607,6,114.93,True,2020-05-09,567,49,110,4,0,0
N02_ST_KST,30m,default,EXTRA,20,owner,forced,False,2586,96.504,0.096504,0.93968,6,56.99,True,2020-03-13,350,22,0,1,0,4
N02_ST_KST,30m,default,EXTRA,20,owner,forced,True,2586,96.5,0.0965,0.93965,6,56.99,True,2020-03-13,350,22,0,1,0,4
N02_ST_KST,30m,default,EXTRA,20,risk1,house,False,2586,394.91,0.39491,0.70889,15,345.82,False,,2096,171,319,0,0,0
N02_ST_KST,30m,default,EXTRA,20,risk1,house,True,2586,394.72,0.39472,0.70856,15,345.82,False,,2096,171,316,0,3,0
N02_ST_KST,30m,default,EXTRA,20,risk1,forced,False,2586,336.55,0.33655,0.74708,15,350.92,False,,2409,177,0,0,0,18
N02_ST_KST,30m,default,EXTRA,20,risk1,forced,True,2586,338.5,0.3385,0.7456,15,350.92,False,,2406,177,0,0,3,17
N02_ST_KST,30m,default,EXTRA,30,owner,house,False,2586,80.263,0.080263,0.93405,5,50.552,True,2020-03-03,102,6,207,1,0,0
N02_ST_KST,30m,default,EXTRA,30,owner,house,True,2586,85.569,0.085569,0.92968,5,50.552,True,2020-03-03,103,6,206,1,0,0
N02_ST_KST,30m,default,EXTRA,30,owner,forced,False,2586,73.272,0.073272,0.9732,3,17.115,True,2020-02-02,110,7,0,11,0,1
N02_ST_KST,30m,default,EXTRA,30,owner,forced,True,2586,73.23,0.07323,0.97321,3,17.115,True,2020-02-02,110,7,0,11,0,1
N02_ST_KST,30m,default,EXTRA,30,risk1,house,False,2586,373.16,0.37316,0.67464,12,345.76,False,,1591,97,898,0,0,0
N02_ST_KST,30m,default,EXTRA,30,risk1,house,True,2586,373.42,0.37342,0.6746,12,345.76,False,,1591,97,895,0,3,0
N02_ST_KST,30m,default,EXTRA,30,risk1,forced,False,2586,265.98,0.26598,0.76989,12,350.96,False,,2471,115,0,0,0,67
N02_ST_KST,30m,default,EXTRA,30,risk1,forced,True,2586,265.06,0.26506,0.76908,12,350.96,False,,2463,115,0,0,8,65
N02_ST_KST,30m,default,EXTRA,40,owner,house,False,2586,78.047,0.078047,0.9361,5,178.06,True,2020-07-18,86,4,1053,13,0,0
N02_ST_KST,30m,default,EXTRA,40,owner,house,True,2586,78.216,0.078216,0.93596,5,178.06,True,2020-07-18,86,4,1053,13,0,0
N02_ST_KST,30m,default,EXTRA,40,owner,forced,False,2586,101.85,0.10185,0.96601,3,7.7292,True,2020-01-23,57,5,0,8,0,4
N02_ST_KST,30m,default,EXTRA,40,owner,forced,True,2586,101.89,0.10189,0.966,3,7.7292,True,2020-01-23,57,5,0,8,0,4
N02_ST_KST,30m,default,EXTRA,40,risk1,house,False,2586,351.87,0.35187,0.68124,11,338.18,False,,912,57,1617,0,0,0
N02_ST_KST,30m,default,EXTRA,40,risk1,house,True,2586,352.61,0.35261,0.68017,11,338.18,False,,912,57,1614,0,3,0
N02_ST_KST,30m,default,EXTRA,40,risk1,forced,False,2586,167.18,0.16718,0.8394,12,350.96,False,,2501,85,0,0,0,161
N02_ST_KST,30m,default,EXTRA,40,risk1,forced,True,2586,169.04,0.16904,0.8368,12,350.96,False,,2456,84,0,0,46,158
N02_ST_KST,30m,default,EXTRA,50,owner,house,False,2586,202.3,0.2023,0.80893,7,106.76,False,,19,0,2567,0,0,0
N02_ST_KST,30m,default,EXTRA,50,owner,house,True,2586,202.48,0.20248,0.80877,7,106.76,False,,19,0,2567,0,0,0
N02_ST_KST,30m,default,EXTRA,50,owner,forced,False,2586,0,0,1,2,2.0625,True,2020-01-18,35,1,0,2,0,3
N02_ST_KST,30m,default,EXTRA,50,owner,forced,True,2586,0.0033343,3.3343e-06,1,2,2.0625,True,2020-01-18,35,1,0,2,0,3
N02_ST_KST,30m,default,EXTRA,50,risk1,house,False,2586,588.25,0.58825,0.44986,9,329.12,False,,438,30,2118,0,0,0
N02_ST_KST,30m,default,EXTRA,50,risk1,house,True,2586,589.32,0.58932,0.44904,9,329.12,False,,438,30,2115,0,3,0
N02_ST_KST,30m,default,EXTRA,50,risk1,forced,False,2586,109.92,0.10992,0.89361,10,350.95,False,,2524,62,0,0,0,305
N02_ST_KST,30m,default,EXTRA,50,risk1,forced,True,2586,116.2,0.1162,0.88667,10,350.95,False,,2449,60,0,0,77,294
N02_ST_KST,30m,pick1,SEARCH,20,owner,house,False,8193,93.475,0.093475,0.91575,5,50.458,True,2021-03-06,203,5,297,1,0,0
N02_ST_KST,30m,pick1,SEARCH,20,owner,house,True,8193,94.126,0.094126,0.91518,5,50.458,True,2021-03-06,203,5,297,1,0,0
N02_ST_KST,30m,pick1,SEARCH,20,owner,forced,False,8193,85.985,0.085985,0.94353,6,16.49,True,2021-01-19,159,2,0,1,0,12
N02_ST_KST,30m,pick1,SEARCH,20,owner,forced,True,8193,87.288,0.087288,0.94268,6,16.49,True,2021-01-19,159,2,0,1,0,12
N02_ST_KST,30m,pick1,SEARCH,20,risk1,house,False,8193,98.185,0.098185,0.90248,11,738.9,True,2023-01-23,4185,168,1176,0,0,0
N02_ST_KST,30m,pick1,SEARCH,20,risk1,house,True,8193,96.938,0.096938,0.9038,11,738.9,True,2023-01-23,4135,167,1113,0,114,0
N02_ST_KST,30m,pick1,SEARCH,20,risk1,forced,False,8193,99.341,0.099341,0.90435,9,600.04,True,2022-09-01,4342,111,0,0,0,76
N02_ST_KST,30m,pick1,SEARCH,20,risk1,forced,True,8193,98.936,0.098936,0.904,9,602.5,True,2022-09-04,4043,105,0,0,327,75
N02_ST_KST,30m,pick1,SEARCH,30,owner,house,False,8193,79.465,0.079465,0.95109,4,208.16,True,2021-10-26,243,7,1868,6,0,0
N02_ST_KST,30m,pick1,SEARCH,30,owner,house,True,8193,78.173,0.078173,0.95184,4,208.18,True,2021-10-26,248,7,1864,6,0,0
N02_ST_KST,30m,pick1,SEARCH,30,owner,forced,False,8193,91.635,0.091635,0.97954,6,6.2083,True,2021-01-10,82,1,0,1,0,16
N02_ST_KST,30m,pick1,SEARCH,30,owner,forced,True,8193,92.346,0.092346,0.97938,6,6.2083,True,2021-01-10,82,1,0,1,0,16
N02_ST_KST,30m,pick1,SEARCH,30,risk1,house,False,8193,97.861,0.097861,0.90546,9,772.84,True,2023-04-04,2818,99,3125,0,0,0
N02_ST_KST,30m,pick1,SEARCH,30,risk1,house,True,8193,99.497,0.099497,0.90461,9,777.65,True,2023-04-09,2824,97,3086,0,71,0
N02_ST_KST,30m,pick1,SEARCH,30,risk1,forced,False,8193,100.41,0.10041,0.90488,7,503.02,True,2022-05-23,3585,58,0,0,0,223
N02_ST_KST,30m,pick1,SEARCH,30,risk1,forced,True,8193,99.471,0.099471,0.9051,8,578.69,True,2022-08-06,3779,60,0,0,426,223
N02_ST_KST,30m,pick1,SEARCH,40,owner,house,False,8193,96.366,0.096366,0.94299,5,241.51,True,2022-12-08,88,4,5067,2,0,0
N02_ST_KST,30m,pick1,SEARCH,40,owner,house,True,8193,96.578,0.096578,0.94282,5,238.22,True,2022-12-04,89,4,5040,2,0,0
N02_ST_KST,30m,pick1,SEARCH,40,owner,forced,False,8193,95.731,0.095731,0.94702,4,3.1771,True,2021-01-05,41,0,0,3,0,9
N02_ST_KST,30m,pick1,SEARCH,40,owner,forced,True,8193,95.545,0.095545,0.94712,4,3.1771,True,2021-01-05,41,0,0,3,0,9
N02_ST_KST,30m,pick1,SEARCH,40,risk1,house,False,8193,100.06,0.10006,0.90343,12,885.78,True,2023-09-04,1924,124,5178,0,0,0
N02_ST_KST,30m,pick1,SEARCH,40,risk1,house,True,8193,99.503,0.099503,0.90319,12,887.82,True,2023-09-06,1926,124,5161,0,23,0
N02_ST_KST,30m,pick1,SEARCH,40,risk1,forced,False,8193,99.31,0.09931,0.9033,11,455.78,True,2022-04-10,3306,41,0,0,0,410
N02_ST_KST,30m,pick1,SEARCH,40,risk1,forced,True,8193,99.006,0.099006,0.90354,11,478.66,True,2022-05-03,3113,38,0,0,371,381
N02_ST_KST,30m,pick1,SEARCH,50,owner,house,False,8193,83.95,0.08395,0.91605,4,281.07,True,2023-07-31,68,11,6847,3,0,0
N02_ST_KST,30m,pick1,SEARCH,50,owner,house,True,8193,86.263,0.086263,0.91374,4,281.07,True,2023-07-31,69,11,6846,3,0,0
N02_ST_KST,30m,pick1,SEARCH,50,owner,forced,False,8193,0,0,1,4,0.89583,True,2021-01-03,22,0,0,2,0,7
N02_ST_KST,30m,pick1,SEARCH,50,owner,forced,True,8193,0.0012739,1.2739e-06,1,4,0.89583,True,2021-01-03,22,0,0,2,0,7
N02_ST_KST,30m,pick1,SEARCH,50,risk1,house,False,8193,135.95,0.13595,0.86628,10,697.41,False,,1300,110,6783,0,0,0
N02_ST_KST,30m,pick1,SEARCH,50,risk1,house,True,8193,141.59,0.14159,0.86069,10,697.41,False,,1300,110,6727,0,56,0
N02_ST_KST,30m,pick1,SEARCH,50,risk1,forced,False,8193,99.976,0.099976,0.90182,11,368.2,True,2022-01-05,2641,18,0,0,0,558
N02_ST_KST,30m,pick1,SEARCH,50,risk1,forced,True,8193,98.113,0.098113,0.90364,10,446.1,True,2022-03-24,2801,20,0,0,406,579
N02_ST_KST,30m,pick1,TEST,20,owner,house,False,7719,98.701,0.098701,0.97764,8,78.375,True,2024-04-02,562,24,92,3,0,0
N02_ST_KST,30m,pick1,TEST,20,owner,house,True,7719,99.335,0.099335,0.97648,8,77.708,True,2024-04-01,559,24,91,2,0,0
N02_ST_KST,30m,pick1,TEST,20,owner,forced,False,7719,86.589,0.086589,0.97363,8,57.146,True,2024-03-03,443,21,0,3,0,1
N02_ST_KST,30m,pick1,TEST,20,owner,forced,True,7719,90.242,0.090242,0.97245,8,57.146,True,2024-03-03,443,21,0,3,0,1
N02_ST_KST,30m,pick1,TEST,20,risk1,house,False,7719,97.991,0.097991,0.92683,8,449.94,True,2025-04-08,2965,151,389,0,0,0
N02_ST_KST,30m,pick1,TEST,20,risk1,house,True,7719,97.88,0.09788,0.9269,8,489.15,True,2025-05-17,2910,147,357,0,400,0
N02_ST_KST,30m,pick1,TEST,20,risk1,forced,False,7719,99.616,0.099616,0.92521,8,450.88,True,2025-04-09,3354,161,0,0,0,11
N02_ST_KST,30m,pick1,TEST,20,risk1,forced,True,7719,99.467,0.099467,0.92528,8,493.43,True,2025-05-22,3274,156,0,0,425,8
N02_ST_KST,30m,pick1,TEST,30,owner,house,False,7719,93.702,0.093702,0.97514,10,43.667,True,2024-03-03,282,8,158,19,0,0
N02_ST_KST,30m,pick1,TEST,30,owner,house,True,7719,99.648,0.099648,0.97355,7,43.667,True,2024-03-03,284,8,156,19,0,0
N02_ST_KST,30m,pick1,TEST,30,owner,forced,False,7719,83.883,0.083883,0.98156,5,40.885,True,2024-02-16,307,8,0,32,0,4
N02_ST_KST,30m,pick1,TEST,30,owner,forced,True,7719,83.298,0.083298,0.98166,5,40.885,True,2024-02-16,307,8,0,32,0,4
N02_ST_KST,30m,pick1,TEST,30,risk1,house,False,7719,99.409,0.099409,0.9211,13,506.81,True,2025-06-05,2522,108,1344,0,0,0
N02_ST_KST,30m,pick1,TEST,30,risk1,house,True,7719,99.97,0.09997,0.92058,9,580.82,True,2025-08-18,2659,111,1305,0,454,0
N02_ST_KST,30m,pick1,TEST,30,risk1,forced,False,7719,99.754,0.099754,0.9243,11,381.85,True,2025-01-31,2930,98,0,0,0,67
N02_ST_KST,30m,pick1,TEST,30,risk1,forced,True,7719,100.66,0.10066,0.92389,11,475.19,True,2025-05-04,3176,104,0,0,429,73
N02_ST_KST,30m,pick1,TEST,40,owner,house,False,7719,94.715,0.094715,0.92391,6,31.167,True,2024-02-07,46,2,225,6,0,0
N02_ST_KST,30m,pick1,TEST,40,owner,house,True,7719,95.111,0.095111,0.92358,6,31.167,True,2024-02-07,46,2,225,6,0,0
N02_ST_KST,30m,pick1,TEST,40,owner,forced,False,7719,76.51,0.07651,0.97563,5,10.26,True,2024-01-16,82,1,0,28,0,6
N02_ST_KST,30m,pick1,TEST,40,owner,forced,True,7719,77.546,0.077546,0.97525,5,10.26,True,2024-01-16,82,1,0,28,0,6
N02_ST_KST,30m,pick1,TEST,40,risk1,house,False,7719,99.605,0.099605,0.90723,9,660.27,True,2025-10-28,1986,74,2995,0,0,0
N02_ST_KST,30m,pick1,TEST,40,risk1,house,True,7719,99.674,0.099674,0.90715,8,720.6,True,2025-12-27,2038,78,2858,0,570,0
N02_ST_KST,30m,pick1,TEST,40,risk1,forced,False,7719,99.787,0.099787,0.92207,9,361.67,True,2025-01-02,2743,65,0,0,0,162
N02_ST_KST,30m,pick1,TEST,40,risk1,forced,True,7719,98.865,0.098865,0.92217,10,461.71,True,2025-04-11,3044,64,0,0,419,190
N02_ST_KST,30m,pick1,TEST,50,owner,house,False,7719,95.852,0.095852,0.90415,4,602.53,True,2025-09-15,61,8,4661,2,0,0
N02_ST_KST,30m,pick1,TEST,50,owner,house,True,7719,98.43,0.09843,0.90157,5,602.21,True,2025-09-14,62,8,4658,2,0,0
N02_ST_KST,30m,pick1,TEST,50,owner,forced,False,7719,85.176,0.085176,0.98088,4,5.9688,True,2024-01-12,57,0,0,19,0,5
N02_ST_KST,30m,pick1,TEST,50,owner,forced,True,7719,84.605,0.084605,0.98092,4,5.9688,True,2024-01-12,57,0,0,19,0,5
N02_ST_KST,30m,pick1,TEST,50,risk1,house,False,7719,99.718,0.099718,0.90067,8,925.48,True,2026-07-16,1548,73,5517,0,0,0
N02_ST_KST,30m,pick1,TEST,50,risk1,house,True,7719,99.647,0.099647,0.90074,8,950.41,True,2026-08-09,1620,76,5125,0,484,0
N02_ST_KST,30m,pick1,TEST,50,risk1,forced,False,7719,98.785,0.098785,0.92282,9,304.68,True,2024-11-06,2306,46,0,0,0,243
N02_ST_KST,30m,pick1,TEST,50,risk1,forced,True,7719,99.711,0.099711,0.92147,8,342.65,True,2024-12-14,2336,44,0,0,260,263
N02_ST_KST,30m,pick1,EXTRA,20,owner,house,False,2148,94,0.094,0.90791,8,34.76,True,2020-02-15,158,6,7,0,0,0
N02_ST_KST,30m,pick1,EXTRA,20,owner,house,True,2148,94.121,0.094121,0.90779,8,34.76,True,2020-02-15,158,6,7,0,0,0
N02_ST_KST,30m,pick1,EXTRA,20,owner,forced,False,2148,92.841,0.092841,0.90905,6,35.542,True,2020-02-16,168,6,0,0,0,0
N02_ST_KST,30m,pick1,EXTRA,20,owner,forced,True,2148,93.069,0.093069,0.90882,6,35.542,True,2020-02-16,168,6,0,0,0,0
N02_ST_KST,30m,pick1,EXTRA,20,risk1,house,False,2148,228.88,0.22888,0.77192,11,354.62,False,,1761,111,276,0,0,0
N02_ST_KST,30m,pick1,EXTRA,20,risk1,house,True,2148,238.42,0.23842,0.76241,11,354.62,False,,1754,111,272,0,11,0
N02_ST_KST,30m,pick1,EXTRA,20,risk1,forced,False,2148,195.49,0.19549,0.8058,11,354.88,False,,2031,117,0,0,0,18
N02_ST_KST,30m,pick1,EXTRA,20,risk1,forced,True,2148,212.77,0.21277,0.78862,11,354.88,False,,2015,116,0,0,17,18
N02_ST_KST,30m,pick1,EXTRA,30,owner,house,False,2148,98.342,0.098342,0.91022,6,53.854,True,2020-03-06,78,4,189,0,0,0
N02_ST_KST,30m,pick1,EXTRA,30,owner,house,True,2148,98.561,0.098561,0.91002,6,53.854,True,2020-03-06,78,4,189,0,0,0
N02_ST_KST,30m,pick1,EXTRA,30,owner,forced,False,2148,84.472,0.084472,0.92044,5,9.8646,True,2020-01-21,33,0,0,1,0,0
N02_ST_KST,30m,pick1,EXTRA,30,owner,forced,True,2148,84.513,0.084513,0.9204,5,9.8646,True,2020-01-21,33,0,0,1,0,0
N02_ST_KST,30m,pick1,EXTRA,30,risk1,house,False,2148,362.18,0.36218,0.63949,7,354.62,False,,1276,71,801,0,0,0
N02_ST_KST,30m,pick1,EXTRA,30,risk1,house,True,2148,363.63,0.36363,0.63804,7,354.62,False,,1276,71,797,0,4,0
N02_ST_KST,30m,pick1,EXTRA,30,risk1,forced,False,2148,211.35,0.21135,0.79027,8,354.88,False,,2064,84,0,0,0,51
N02_ST_KST,30m,pick1,EXTRA,30,risk1,forced,True,2148,224.74,0.22474,0.77697,8,354.88,False,,2048,84,0,0,16,50
N02_ST_KST,30m,pick1,EXTRA,40,owner,house,False,2148,226.21,0.22621,0.87458,5,147.8,False,,141,10,1986,11,0,0
N02_ST_KST,30m,pick1,EXTRA,40,owner,house,True,2148,226.26,0.22626,0.87456,5,147.8,False,,141,10,1986,11,0,0
N02_ST_KST,30m,pick1,EXTRA,40,owner,forced,False,2148,74.455,0.074455,0.9325,3,5.7812,True,2020-01-17,14,0,0,1,0,2
N02_ST_KST,30m,pick1,EXTRA,40,owner,forced,True,2148,74.497,0.074497,0.93246,3,5.7812,True,2020-01-17,14,0,0,1,0,2
N02_ST_KST,30m,pick1,EXTRA,40,risk1,house,False,2148,600.82,0.60082,0.43772,7,347.62,False,,751,39,1358,0,0,0
N02_ST_KST,30m,pick1,EXTRA,40,risk1,house,True,2148,601.34,0.60134,0.43722,7,347.62,False,,751,39,1357,0,1,0
N02_ST_KST,30m,pick1,EXTRA,40,risk1,forced,False,2148,157.57,0.15757,0.8436,13,354.88,False,,2084,64,0,0,0,149
N02_ST_KST,30m,pick1,EXTRA,40,risk1,forced,True,2148,171.04,0.17104,0.83022,13,354.88,False,,2057,64,0,0,27,145
N02_ST_KST,30m,pick1,EXTRA,50,owner,house,False,2148,892.02,0.89202,0.41919,2,97.729,False,,12,1,2135,0,0,0
N02_ST_KST,30m,pick1,EXTRA,50,owner,house,True,2148,892.01,0.89201,0.41913,2,97.729,False,,12,1,2135,0,0,0
N02_ST_KST,30m,pick1,EXTRA,50,owner,forced,False,2148,22.199,0.022199,0.98118,5,5.7812,True,2020-01-17,14,0,0,1,0,2
N02_ST_KST,30m,pick1,EXTRA,50,owner,forced,True,2148,22.236,0.022236,0.98115,5,5.7812,True,2020-01-17,14,0,0,1,0,2
N02_ST_KST,30m,pick1,EXTRA,50,risk1,house,False,2148,750.26,0.75026,0.25486,6,338.95,False,,317,21,1810,0,0,0
N02_ST_KST,30m,pick1,EXTRA,50,risk1,house,True,2148,750.98,0.75098,0.25414,6,338.95,False,,317,21,1809,0,1,0
N02_ST_KST,30m,pick1,EXTRA,50,risk1,forced,False,2148,106.1,0.1061,0.89474,13,354.88,False,,2098,50,0,0,0,296
N02_ST_KST,30m,pick1,EXTRA,50,risk1,forced,True,2148,122.5,0.1225,0.87846,13,354.88,False,,2037,49,0,0,62,280
N02_ST_KST,30m,pick2,SEARCH,20,owner,house,False,8058,96.44,0.09644,0.91051,5,50.76,True,2021-03-06,203,7,290,1,0,0
N02_ST_KST,30m,pick2,SEARCH,20,owner,house,True,8058,96.878,0.096878,0.91009,5,50.76,True,2021-03-06,203,7,290,1,0,0
N02_ST_KST,30m,pick2,SEARCH,20,owner,forced,False,8058,89.901,0.089901,0.94096,3,27.052,True,2021-01-29,233,4,0,2,0,13
N02_ST_KST,30m,pick2,SEARCH,20,owner,forced,True,8058,90.898,0.090898,0.94031,3,27.052,True,2021-01-29,233,4,0,2,0,13
N02_ST_KST,30m,pick2,SEARCH,20,risk1,house,False,8058,99.288,0.099288,0.9011,11,757.36,True,2023-01-29,4172,171,1143,0,0,0
N02_ST_KST,30m,pick2,SEARCH,20,risk1,house,True,8058,99.348,0.099348,0.90105,11,744.32,True,2023-01-29,4134,171,1086,0,95,0
N02_ST_KST,30m,pick2,SEARCH,20,risk1,forced,False,8058,99.614,0.099614,0.9035,9,614.32,True,2022-09-16,4396,116,0,0,0,75
N02_ST_KST,30m,pick2,SEARCH,20,risk1,forced,True,8058,102.31,0.10231,0.90321,9,625.74,True,2022-10-02,4230,117,0,0,267,74
N02_ST_KST,30m,pick2,SEARCH,30,owner,house,False,8058,92.524,0.092524,0.93658,5,162.94,True,2021-09-10,169,5,1590,3,0,0
N02_ST_KST,30m,pick2,SEARCH,30,owner,house,True,8058,90.887,0.090887,0.93824,5,163.2,True,2021-09-10,174,6,1590,3,0,0
N02_ST_KST,30m,pick2,SEARCH,30,owner,forced,False,8058,74.841,0.074841,0.98411,5,10.875,True,2021-01-15,116,1,0,5,0,20
N02_ST_KST,30m,pick2,SEARCH,30,owner,forced,True,8058,75.175,0.075175,0.98404,5,10.875,True,2021-01-15,116,1,0,5,0,20
N02_ST_KST,30m,pick2,SEARCH,30,risk1,house,False,8058,97.493,0.097493,0.90624,8,777.65,True,2023-04-09,2825,100,3072,0,0,0
N02_ST_KST,30m,pick2,SEARCH,30,risk1,house,True,8058,99.96,0.09996,0.90299,8,780.09,True,2023-04-11,2820,99,3030,0,68,0
N02_ST_KST,30m,pick2,SEARCH,30,risk1,forced,False,8058,99.517,0.099517,0.90627,8,556.84,True,2022-07-20,4020,65,0,0,0,233
N02_ST_KST,30m,pick2,SEARCH,30,risk1,forced,True,8058,99.637,0.099637,0.90628,8,588.12,True,2022-08-20,3870,61,0,0,370,214
N02_ST_KST,30m,pick2,SEARCH,40,owner,house,False,8058,90.19,0.09019,0.94664,5,255.85,True,2022-12-22,108,8,5086,8,0,0
N02_ST_KST,30m,pick2,SEARCH,40,owner,house,True,8058,97.499,0.097499,0.94227,5,255.85,True,2022-12-22,110,8,5084,8,0,0
N02_ST_KST,30m,pick2,SEARCH,40,owner,forced,False,8058,84.943,0.084943,0.95299,4,3.3021,True,2021-01-05,43,0,0,3,0,10
N02_ST_KST,30m,pick2,SEARCH,40,owner,forced,True,8058,84.759,0.084759,0.95309,4,3.3021,True,2021-01-05,43,0,0,3,0,10
N02_ST_KST,30m,pick2,SEARCH,40,risk1,house,False,8058,99.569,0.099569,0.90321,10,879.04,True,2023-08-28,1861,119,5071,0,0,0
N02_ST_KST,30m,pick2,SEARCH,40,risk1,house,True,8058,99.469,0.099469,0.90347,10,885.78,True,2023-09-04,1894,122,5072,0,21,0
N02_ST_KST,30m,pick2,SEARCH,40,risk1,forced,False,8058,99.799,0.099799,0.90381,11,465.64,True,2022-04-20,3328,44,0,0,0,399
N02_ST_KST,30m,pick2,SEARCH,40,risk1,forced,True,8058,99.677,0.099677,0.90386,11,515.55,True,2022-06-09,3322,45,0,0,359,386
N02_ST_KST,30m,pick2,SEARCH,50,owner,house,False,8058,98.037,0.098037,0.90196,4,281.07,True,2023-07-31,64,11,6754,2,0,0
N02_ST_KST,30m,pick2,SEARCH,50,owner,house,True,8058,92.351,0.092351,0.90765,4,285.25,True,2023-08-04,69,11,6776,2,0,0
N02_ST_KST,30m,pick2,SEARCH,50,owner,forced,False,8058,0,0,1,4,0.89583,True,2021-01-03,22,0,0,2,0,7
N02_ST_KST,30m,pick2,SEARCH,50,owner,forced,True,8058,0.0023836,2.3836e-06,1,4,0.89583,True,2021-01-03,22,0,0,2,0,7
N02_ST_KST,30m,pick2,SEARCH,50,risk1,house,False,8058,125.43,0.12543,0.87596,10,896.96,False,,1302,108,6648,0,0,0
N02_ST_KST,30m,pick2,SEARCH,50,risk1,house,True,8058,131.01,0.13101,0.87039,10,896.96,False,,1301,108,6590,0,59,0
N02_ST_KST,30m,pick2,SEARCH,50,risk1,forced,False,8058,99.659,0.099659,0.90213,11,400.01,True,2022-02-06,2836,22,0,0,0,572
N02_ST_KST,30m,pick2,SEARCH,50,risk1,forced,True,8058,99.392,0.099392,0.90238,10,450.25,True,2022-03-28,2797,22,0,0,388,567
N02_ST_KST,30m,pick2,TEST,20,owner,house,False,7640,97.236,0.097236,0.97749,8,63.323,True,2024-03-18,492,24,55,4,0,0
N02_ST_KST,30m,pick2,TEST,20,owner,house,True,7640,100.79,0.10079,0.97711,8,63.625,True,2024-03-18,494,24,55,4,0,0
N02_ST_KST,30m,pick2,TEST,20,owner,forced,False,7640,99.849,0.099849,0.9693,8,52.156,True,2024-03-02,428,20,0,4,0,1
N02_ST_KST,30m,pick2,TEST,20,owner,forced,True,7640,99.548,0.099548,0.96932,8,52.927,True,2024-03-02,431,20,0,4,0,1
N02_ST_KST,30m,pick2,TEST,20,risk1,house,False,7640,100.96,0.10096,0.92689,8,364.3,True,2025-01-11,2443,125,273,0,0,0
N02_ST_KST,30m,pick2,TEST,20,risk1,house,True,7640,98.952,0.098952,0.92738,8,459.07,True,2025-04-17,2697,130,325,0,381,0
N02_ST_KST,30m,pick2,TEST,20,risk1,forced,False,7640,101.13,0.10113,0.92623,8,364.3,True,2025-01-11,2713,128,0,0,0,10
N02_ST_KST,30m,pick2,TEST,20,risk1,forced,True,7640,98.243,0.098243,0.9273,8,460.97,True,2025-04-19,3019,141,0,0,394,8
N02_ST_KST,30m,pick2,TEST,30,owner,house,False,7640,88.177,0.088177,0.97455,10,35.594,True,2024-02-24,252,7,127,19,0,0
N02_ST_KST,30m,pick2,TEST,30,owner,house,True,7640,90.545,0.090545,0.97386,7,35.594,True,2024-02-24,253,7,126,19,0,0
N02_ST_KST,30m,pick2,TEST,30,owner,forced,False,7640,85.602,0.085602,0.97839,5,23.969,True,2024-02-06,242,4,0,25,0,4
N02_ST_KST,30m,pick2,TEST,30,owner,forced,True,7640,86.634,0.086634,0.97808,5,23.969,True,2024-02-06,242,4,0,25,0,4
N02_ST_KST,30m,pick2,TEST,30,risk1,house,False,7640,101.54,0.10154,0.92124,9,476.22,True,2025-05-04,2322,99,1241,0,0,0
N02_ST_KST,30m,pick2,TEST,30,risk1,house,True,7640,100.44,0.10044,0.92129,8,518.35,True,2025-06-16,2329,94,1172,0,418,0
N02_ST_KST,30m,pick2,TEST,30,risk1,forced,False,7640,99.85,0.09985,0.92434,11,351,True,2024-12-30,2657,91,0,0,0,58
N02_ST_KST,30m,pick2,TEST,30,risk1,forced,True,7640,99.059,0.099059,0.92439,10,390.99,True,2025-02-08,2675,83,0,0,301,64
N02_ST_KST,30m,pick2,TEST,40,owner,house,False,7640,81.981,0.081981,0.92825,6,31.052,True,2024-02-06,44,1,220,6,0,0
N02_ST_KST,30m,pick2,TEST,40,owner,house,True,7640,82.281,0.082281,0.92798,6,31.052,True,2024-02-06,44,1,220,6,0,0
N02_ST_KST,30m,pick2,TEST,40,owner,forced,False,7640,116.66,0.11666,0.95889,3,10.271,True,2024-01-16,80,1,0,25,0,6
N02_ST_KST,30m,pick2,TEST,40,owner,forced,True,7640,118.23,0.11823,0.95826,3,10.271,True,2024-01-16,80,1,0,25,0,6
N02_ST_KST,30m,pick2,TEST,40,risk1,house,False,7640,99.383,0.099383,0.90744,7,629.39,True,2025-09-27,1874,66,2805,0,0,0
N02_ST_KST,30m,pick2,TEST,40,risk1,house,True,7640,98.07,0.09807,0.90865,7,714.64,True,2025-12-21,1982,73,2774,0,596,0
N02_ST_KST,30m,pick2,TEST,40,risk1,forced,False,7640,98.975,0.098975,0.92239,8,339.23,True,2024-12-15,2555,64,0,0,0,146
N02_ST_KST,30m,pick2,TEST,40,risk1,forced,True,7640,98.041,0.098041,0.92252,9,381.19,True,2025-01-26,2595,58,0,0,299,160
N02_ST_KST,30m,pick2,TEST,50,owner,house,False,7640,99.204,0.099204,0.9008,5,602.31,True,2025-09-14,63,10,4601,2,0,0
N02_ST_KST,30m,pick2,TEST,50,owner,house,True,7640,89.393,0.089393,0.91061,4,602.31,True,2025-09-14,65,10,4599,2,0,0
N02_ST_KST,30m,pick2,TEST,50,owner,forced,False,7640,74.29,0.07429,0.97414,2,5.9688,True,2024-01-12,54,0,0,18,0,6
N02_ST_KST,30m,pick2,TEST,50,owner,forced,True,7640,73.851,0.073851,0.97418,2,5.9688,True,2024-01-12,54,0,0,18,0,6
N02_ST_KST,30m,pick2,TEST,50,risk1,house,False,7640,98.054,0.098054,0.90233,9,926.44,True,2026-07-16,1546,76,5447,0,0,0
N02_ST_KST,30m,pick2,TEST,50,risk1,house,True,7640,99.346,0.099346,0.90104,8,950.39,True,2026-08-08,1595,76,5017,0,534,0
N02_ST_KST,30m,pick2,TEST,50,risk1,forced,False,7640,98.546,0.098546,0.92267,10,278.72,True,2024-10-16,2112,40,0,0,0,236
N02_ST_KST,30m,pick2,TEST,50,risk1,forced,True,7640,99.296,0.099296,0.92148,10,324.33,True,2024-12-01,2204,41,0,0,256,248
N02_ST_KST,30m,pick2,EXTRA,20,owner,house,False,2134,98.598,0.098598,0.90341,7,36.177,True,2020-02-17,161,6,10,0,0,0
N02_ST_KST,30m,pick2,EXTRA,20,owner,house,True,2134,98.949,0.098949,0.90306,7,36.177,True,2020-02-17,161,6,10,0,0,0
N02_ST_KST,30m,pick2,EXTRA,20,owner,forced,False,2134,92.383,0.092383,0.9095,6,36.75,True,2020-02-17,178,6,0,0,0,0
N02_ST_KST,30m,pick2,EXTRA,20,owner,forced,True,2134,92.726,0.092726,0.90916,6,36.75,True,2020-02-17,178,6,0,0,0,0
N02_ST_KST,30m,pick2,EXTRA,20,risk1,house,False,2134,180.36,0.18036,0.82028,11,354.62,False,,1756,108,270,0,0,0
N02_ST_KST,30m,pick2,EXTRA,20,risk1,house,True,2134,193.89,0.19389,0.80994,11,354.62,False,,1736,108,266,0,24,0
N02_ST_KST,30m,pick2,EXTRA,20,risk1,forced,False,2134,156.94,0.15694,0.84408,11,354.88,False,,2021,113,0,0,0,18
N02_ST_KST,30m,pick2,EXTRA,20,risk1,forced,True,2134,166.26,0.16626,0.83481,11,354.88,False,,1996,112,0,0,26,18
N02_ST_KST,30m,pick2,EXTRA,30,owner,house,False,2134,96.02,0.09602,0.90956,5,87.771,True,2020-04-09,108,6,318,0,0,0
N02_ST_KST,30m,pick2,EXTRA,30,owner,house,True,2134,96.097,0.096097,0.90949,5,87.771,True,2020-04-09,108,6,318,0,0,0
N02_ST_KST,30m,pick2,EXTRA,30,owner,forced,False,2134,89.639,0.089639,0.91557,5,10.802,True,2020-01-22,41,0,0,1,0,0
N02_ST_KST,30m,pick2,EXTRA,30,owner,forced,True,2134,89.641,0.089641,0.91557,5,10.802,True,2020-01-22,41,0,0,1,0,0
N02_ST_KST,30m,pick2,EXTRA,30,risk1,house,False,2134,312.41,0.31241,0.69623,8,354.62,False,,1282,67,785,0,0,0
N02_ST_KST,30m,pick2,EXTRA,30,risk1,house,True,2134,313.44,0.31344,0.69552,8,354.62,False,,1282,67,782,0,3,0
N02_ST_KST,30m,pick2,EXTRA,30,risk1,forced,False,2134,173.55,0.17355,0.82778,9,354.88,False,,2054,80,0,0,0,46
N02_ST_KST,30m,pick2,EXTRA,30,risk1,forced,True,2134,187.18,0.18718,0.81425,9,354.88,False,,2030,80,0,0,24,45
N02_ST_KST,30m,pick2,EXTRA,40,owner,house,False,2134,132.81,0.13281,0.90908,6,147.8,False,,141,12,1969,12,0,0
N02_ST_KST,30m,pick2,EXTRA,40,owner,house,True,2134,132.99,0.13299,0.90898,6,147.8,False,,141,12,1969,12,0,0
N02_ST_KST,30m,pick2,EXTRA,40,owner,forced,False,2134,72.31,0.07231,0.93445,4,5.7708,True,2020-01-17,12,0,0,0,0,2
N02_ST_KST,30m,pick2,EXTRA,40,owner,forced,True,2134,72.363,0.072363,0.9344,4,5.7708,True,2020-01-17,12,0,0,0,0,2
N02_ST_KST,30m,pick2,EXTRA,40,risk1,house,False,2134,553.91,0.55391,0.468,8,347.62,False,,754,38,1342,0,0,0
N02_ST_KST,30m,pick2,EXTRA,40,risk1,house,True,2134,554.22,0.55422,0.46758,8,347.62,False,,754,38,1341,0,1,0
N02_ST_KST,30m,pick2,EXTRA,40,risk1,forced,False,2134,128.45,0.12845,0.8725,9,354.88,False,,2072,62,0,0,0,149
N02_ST_KST,30m,pick2,EXTRA,40,risk1,forced,True,2134,136.89,0.13689,0.86411,9,354.88,False,,2038,59,0,0,37,145
N02_ST_KST,30m,pick2,EXTRA,50,owner,house,False,2134,706.29,0.70629,0.42042,4,106.29,False,,12,1,2121,0,0,0
N02_ST_KST,30m,pick2,EXTRA,50,owner,house,True,2134,706.29,0.70629,0.42037,4,106.29,False,,12,1,2121,0,0,0
N02_ST_KST,30m,pick2,EXTRA,50,owner,forced,False,2134,71.813,0.071813,0.93913,5,5.7604,True,2020-01-17,12,0,0,0,0,2
N02_ST_KST,30m,pick2,EXTRA,50,owner,forced,True,2134,71.81,0.07181,0.93913,5,5.7604,True,2020-01-17,12,0,0,0,0,2
N02_ST_KST,30m,pick2,EXTRA,50,risk1,house,False,2134,665.08,0.66508,0.33621,6,325.14,False,,322,20,1792,0,0,0
N02_ST_KST,30m,pick2,EXTRA,50,risk1,house,True,2134,665.97,0.66597,0.33533,6,325.14,False,,322,20,1791,0,1,0
N02_ST_KST,30m,pick2,EXTRA,50,risk1,forced,False,2134,100.16,0.10016,0.90117,13,331.24,True,2020-12-07,1905,44,0,0,0,269
N02_ST_KST,30m,pick2,EXTRA,50,risk1,forced,True,2134,101.49,0.10149,0.8993,13,354.88,False,,2014,45,0,0,75,280
N02_ST_KST,30m,pick3,SEARCH,20,owner,house,False,8008,93.717,0.093717,0.92761,5,51.062,True,2021-03-06,208,6,286,1,0,0
N02_ST_KST,30m,pick3,SEARCH,20,owner,house,True,8008,95.077,0.095077,0.92654,5,51.062,True,2021-03-06,208,6,286,1,0,0
N02_ST_KST,30m,pick3,SEARCH,20,owner,forced,False,8008,92.818,0.092818,0.94153,3,24.104,True,2021-01-29,226,3,0,2,0,12
N02_ST_KST,30m,pick3,SEARCH,20,owner,forced,True,8008,93.589,0.093589,0.94111,3,24.104,True,2021-01-29,226,3,0,2,0,12
N02_ST_KST,30m,pick3,SEARCH,20,risk1,house,False,8008,98.328,0.098328,0.90347,11,754.07,True,2023-02-07,4218,174,1130,0,0,0
N02_ST_KST,30m,pick3,SEARCH,20,risk1,house,True,8008,99.076,0.099076,0.90273,11,754.07,True,2023-02-07,4180,171,1075,0,96,0
N02_ST_KST,30m,pick3,SEARCH,20,risk1,forced,False,8008,99.705,0.099705,0.90565,9,629.06,True,2022-09-30,4459,119,0,0,0,70
N02_ST_KST,30m,pick3,SEARCH,20,risk1,forced,True,8008,100.35,0.10035,0.9046,11,644.55,True,2022-10-16,4314,119,0,0,252,69
N02_ST_KST,30m,pick3,SEARCH,30,owner,house,False,8008,98.051,0.098051,0.93279,5,159.66,True,2021-09-06,166,5,1574,3,0,0
N02_ST_KST,30m,pick3,SEARCH,30,owner,house,True,8008,98.168,0.098168,0.93267,5,159.88,True,2021-09-07,171,5,1571,3,0,0
N02_ST_KST,30m,pick3,SEARCH,30,owner,forced,False,8008,98.19,0.09819,0.97907,5,9.5417,True,2021-01-13,101,1,0,4,0,18
N02_ST_KST,30m,pick3,SEARCH,30,owner,forced,True,8008,98.552,0.098552,0.97899,5,9.5417,True,2021-01-13,101,1,0,4,0,18
N02_ST_KST,30m,pick3,SEARCH,30,risk1,house,False,8008,97.875,0.097875,0.90587,8,777.65,True,2023-04-09,2820,100,3044,0,0,0
N02_ST_KST,30m,pick3,SEARCH,30,risk1,house,True,8008,99.781,0.099781,0.90329,8,781.73,True,2023-04-12,2820,99,3002,0,69,0
N02_ST_KST,30m,pick3,SEARCH,30,risk1,forced,False,8008,98.652,0.098652,0.9071,8,575.41,True,2022-08-08,4137,68,0,0,0,230
N02_ST_KST,30m,pick3,SEARCH,30,risk1,forced,True,8008,98.99,0.09899,0.90655,8,599.99,True,2022-09-01,3944,63,0,0,372,209
N02_ST_KST,30m,pick3,SEARCH,40,owner,house,False,8008,91.511,0.091511,0.94586,5,258.9,True,2022-12-25,115,10,5077,9,0,0
N02_ST_KST,30m,pick3,SEARCH,40,owner,house,True,8008,98.926,0.098926,0.94143,5,258.9,True,2022-12-25,117,10,5075,9,0,0
N02_ST_KST,30m,pick3,SEARCH,40,owner,forced,False,8008,79.618,0.079618,0.95594,5,4.3646,True,2021-01-06,48,0,0,3,0,11
N02_ST_KST,30m,pick3,SEARCH,40,owner,forced,True,8008,79.589,0.079589,0.95595,5,4.3646,True,2021-01-06,48,0,0,3,0,11
N02_ST_KST,30m,pick3,SEARCH,40,risk1,house,False,8008,98.228,0.098228,0.90451,10,877.83,True,2023-08-27,1845,111,5040,0,0,0
N02_ST_KST,30m,pick3,SEARCH,40,risk1,house,True,8008,99.659,0.099659,0.90304,10,877.97,True,2023-08-27,1846,114,5021,0,21,0
N02_ST_KST,30m,pick3,SEARCH,40,risk1,forced,False,8008,99.263,0.099263,0.90424,11,473.79,True,2022-04-28,3380,47,0,0,0,393
N02_ST_KST,30m,pick3,SEARCH,40,risk1,forced,True,8008,99.913,0.099913,0.90375,11,545.81,True,2022-07-09,3487,48,0,0,439,399
N02_ST_KST,30m,pick3,SEARCH,50,owner,house,False,8008,86.844,0.086844,0.91316,4,287.75,True,2023-08-07,72,11,6758,3,0,0
N02_ST_KST,30m,pick3,SEARCH,50,owner,house,True,8008,88.926,0.088926,0.91107,4,287.75,True,2023-08-07,73,11,6757,3,0,0
N02_ST_KST,30m,pick3,SEARCH,50,owner,forced,False,8008,54.592,0.054592,0.97236,4,1.0104,True,2021-01-03,21,0,0,2,0,7
N02_ST_KST,30m,pick3,SEARCH,50,owner,forced,True,8008,54.519,0.054519,0.97239,4,1.0104,True,2021-01-03,21,0,0,2,0,7
N02_ST_KST,30m,pick3,SEARCH,50,risk1,house,False,8008,128.6,0.1286,0.87415,10,641.25,False,,1301,103,6604,0,0,0
N02_ST_KST,30m,pick3,SEARCH,50,risk1,house,True,8008,134.27,0.13427,0.86848,10,641.25,False,,1300,103,6547,0,58,0
N02_ST_KST,30m,pick3,SEARCH,50,risk1,forced,False,8008,99.601,0.099601,0.90218,11,398.23,True,2022-02-04,2820,22,0,0,0,565
N02_ST_KST,30m,pick3,SEARCH,50,risk1,forced,True,8008,98.845,0.098845,0.90292,10,446.1,True,2022-03-24,2771,21,0,0,379,562
N02_ST_KST,30m,pick3,TEST,20,owner,house,False,7570,94.224,0.094224,0.97988,8,73.531,True,2024-03-28,528,25,83,3,0,0
N02_ST_KST,30m,pick3,TEST,20,owner,house,True,7570,95.051,0.095051,0.97967,8,74.552,True,2024-03-29,532,27,84,3,0,0
N02_ST_KST,30m,pick3,TEST,20,owner,forced,False,7570,88.995,0.088995,0.97663,8,52.833,True,2024-03-07,457,21,0,3,0,3
N02_ST_KST,30m,pick3,TEST,20,owner,forced,True,7570,93.077,0.093077,0.97552,8,52.833,True,2024-03-07,457,21,0,3,0,3
N02_ST_KST,30m,pick3,TEST,20,risk1,house,False,7570,99.577,0.099577,0.92776,8,429.65,True,2025-03-19,2781,142,356,0,0,0
N02_ST_KST,30m,pick3,TEST,20,risk1,house,True,7570,99.944,0.099944,0.92754,8,471.07,True,2025-04-29,2752,140,326,0,370,0
N02_ST_KST,30m,pick3,TEST,20,risk1,forced,False,7570,99.91,0.09991,0.92775,8,430.46,True,2025-03-20,3134,147,0,0,0,9
N02_ST_KST,30m,pick3,TEST,20,risk1,forced,True,7570,98.522,0.098522,0.92861,8,489.06,True,2025-05-17,3166,151,0,0,411,7
N02_ST_KST,30m,pick3,TEST,30,owner,house,False,7570,108.89,0.10889,0.97548,7,44.896,True,2024-02-24,255,6,121,19,0,0
N02_ST_KST,30m,pick3,TEST,30,owner,house,True,7570,109.33,0.10933,0.97537,7,44.896,True,2024-02-24,255,6,121,19,0,0
N02_ST_KST,30m,pick3,TEST,30,owner,forced,False,7570,87.284,0.087284,0.98478,5,32.688,True,2024-02-16,297,7,0,30,0,3
N02_ST_KST,30m,pick3,TEST,30,owner,forced,True,7570,86.954,0.086954,0.98483,5,32.688,True,2024-02-16,297,7,0,30,0,3
N02_ST_KST,30m,pick3,TEST,30,risk1,house,False,7570,100.67,0.10067,0.92315,9,493.74,True,2025-05-23,2410,104,1270,0,0,0
N02_ST_KST,30m,pick3,TEST,30,risk1,house,True,7570,99.677,0.099677,0.92269,8,529.9,True,2025-06-28,2428,101,1171,0,386,0
N02_ST_KST,30m,pick3,TEST,30,risk1,forced,False,7570,98.564,0.098564,0.92756,11,364.26,True,2025-01-13,2735,94,0,0,0,56
N02_ST_KST,30m,pick3,TEST,30,risk1,forced,True,7570,98.756,0.098756,0.92724,11,458.98,True,2025-04-17,3004,100,0,0,394,71
N02_ST_KST,30m,pick3,TEST,40,owner,house,False,7570,83.144,0.083144,0.92723,6,49.01,True,2024-02-25,60,3,334,7,0,0
N02_ST_KST,30m,pick3,TEST,40,owner,house,True,7570,83.588,0.083588,0.92683,6,49.01,True,2024-02-25,60,3,334,7,0,0
N02_ST_KST,30m,pick3,TEST,40,owner,forced,False,7570,80.265,0.080265,0.97475,7,11.292,True,2024-01-17,89,1,0,21,0,7
N02_ST_KST,30m,pick3,TEST,40,owner,forced,True,7570,82.006,0.082006,0.97415,7,11.292,True,2024-01-17,89,1,0,21,0,7
N02_ST_KST,30m,pick3,TEST,40,risk1,house,False,7570,100.18,0.10018,0.90861,7,664.88,True,2025-11-02,1990,73,2926,0,0,0
N02_ST_KST,30m,pick3,TEST,40,risk1,house,True,7570,99.503,0.099503,0.90861,7,717.93,True,2025-12-25,2013,73,2776,0,539,0
N02_ST_KST,30m,pick3,TEST,40,risk1,forced,False,7570,97.065,0.097065,0.92483,8,353.06,True,2024-12-30,2662,66,0,0,0,162
N02_ST_KST,30m,pick3,TEST,40,risk1,forced,True,7570,99.924,0.099924,0.92261,10,396.78,True,2025-02-12,2691,59,0,0,303,170
N02_ST_KST,30m,pick3,TEST,50,owner,house,False,7570,96.892,0.096892,0.90311,5,602.53,True,2025-09-15,63,9,4562,2,0,0
N02_ST_KST,30m,pick3,TEST,50,owner,house,True,7570,87.359,0.087359,0.91264,4,602.53,True,2025-09-15,65,9,4560,2,0,0
N02_ST_KST,30m,pick3,TEST,50,owner,forced,False,7570,94.393,0.094393,0.98011,2,5.9688,True,2024-01-12,54,0,0,15,0,6
N02_ST_KST,30m,pick3,TEST,50,owner,forced,True,7570,93.935,0.093935,0.98014,2,5.9688,True,2024-01-12,54,0,0,15,0,6
N02_ST_KST,30m,pick3,TEST,50,risk1,house,False,7570,100.44,0.10044,0.90055,8,880.07,True,2026-05-31,1456,72,5079,0,0,0
N02_ST_KST,30m,pick3,TEST,50,risk1,house,True,7570,98.037,0.098037,0.90234,8,950.39,True,2026-08-08,1584,73,4966,0,533,0
N02_ST_KST,30m,pick3,TEST,50,risk1,forced,False,7570,100.1,0.1001,0.92294,8,302.55,True,2024-11-09,2279,46,0,0,0,238
N02_ST_KST,30m,pick3,TEST,50,risk1,forced,True,7570,99.48,0.09948,0.92317,8,340.09,True,2024-12-16,2311,44,0,0,255,262
N02_ST_KST,30m,pick3,EXTRA,20,owner,house,False,2114,104.19,0.10419,0.90397,7,49.792,True,2020-03-01,207,9,29,0,0,0
N02_ST_KST,30m,pick3,EXTRA,20,owner,house,True,2114,104.62,0.10462,0.90357,7,49.792,True,2020-03-01,207,9,29,0,0,0
N02_ST_KST,30m,pick3,EXTRA,20,owner,forced,False,2114,93.31,0.09331,0.90859,6,44.99,True,2020-02-25,207,6,0,0,0,0
N02_ST_KST,30m,pick3,EXTRA,20,owner,forced,True,2114,93.504,0.093504,0.9084,6,44.99,True,2020-02-25,207,6,0,0,0,0
N02_ST_KST,30m,pick3,EXTRA,20,risk1,house,False,2114,210.9,0.2109,0.79057,14,354.62,False,,1744,105,265,0,0,0
N02_ST_KST,30m,pick3,EXTRA,20,risk1,house,True,2114,217.61,0.21761,0.78548,14,354.62,False,,1733,105,262,0,14,0
N02_ST_KST,30m,pick3,EXTRA,20,risk1,forced,False,2114,184.53,0.18453,0.81668,14,354.88,False,,2005,109,0,0,0,18
N02_ST_KST,30m,pick3,EXTRA,20,risk1,forced,True,2114,189.25,0.18925,0.81198,14,354.88,False,,1985,109,0,0,20,18
N02_ST_KST,30m,pick3,EXTRA,30,owner,house,False,2114,98.12,0.09812,0.9102,5,84,True,2020-04-05,100,6,298,0,0,0
N02_ST_KST,30m,pick3,EXTRA,30,owner,house,True,2114,98.291,0.098291,0.91004,5,84,True,2020-04-05,100,6,298,0,0,0
N02_ST_KST,30m,pick3,EXTRA,30,owner,forced,False,2114,98.224,0.098224,0.90749,5,10.896,True,2020-01-22,41,0,0,1,0,0
N02_ST_KST,30m,pick3,EXTRA,30,owner,forced,True,2114,98.234,0.098234,0.90748,5,10.896,True,2020-01-22,41,0,0,1,0,0
N02_ST_KST,30m,pick3,EXTRA,30,risk1,house,False,2114,316.98,0.31698,0.69415,8,354.62,False,,1276,63,775,0,0,0
N02_ST_KST,30m,pick3,EXTRA,30,risk1,house,True,2114,318.07,0.31807,0.69318,8,354.62,False,,1276,63,772,0,3,0
N02_ST_KST,30m,pick3,EXTRA,30,risk1,forced,False,2114,192.82,0.19282,0.80866,8,354.88,False,,2038,76,0,0,0,47
N02_ST_KST,30m,pick3,EXTRA,30,risk1,forced,True,2114,198.7,0.1987,0.8028,8,354.88,False,,2019,76,0,0,19,46
N02_ST_KST,30m,pick3,EXTRA,40,owner,house,False,2114,91.568,0.091568,0.91426,6,148.46,True,2020-10-25,134,11,1426,16,0,0
N02_ST_KST,30m,pick3,EXTRA,40,owner,house,True,2114,91.69,0.09169,0.91414,6,148.46,True,2020-10-25,134,11,1426,16,0,0
N02_ST_KST,30m,pick3,EXTRA,40,owner,forced,False,2114,91.803,0.091803,0.91677,2,8.6979,True,2020-01-20,22,0,0,4,0,2
N02_ST_KST,30m,pick3,EXTRA,40,owner,forced,True,2114,91.85,0.09185,0.91673,2,8.6979,True,2020-01-20,22,0,0,4,0,2
N02_ST_KST,30m,pick3,EXTRA,40,risk1,house,False,2114,552.51,0.55251,0.47913,8,347.62,False,,750,36,1328,0,0,0
N02_ST_KST,30m,pick3,EXTRA,40,risk1,house,True,2114,553.71,0.55371,0.47806,8,347.62,False,,750,36,1327,0,1,0
N02_ST_KST,30m,pick3,EXTRA,40,risk1,forced,False,2114,151.96,0.15196,0.84917,9,354.88,False,,2056,58,0,0,0,143
N02_ST_KST,30m,pick3,EXTRA,40,risk1,forced,True,2114,157.86,0.15786,0.8433,9,354.88,False,,2030,58,0,0,26,140
N02_ST_KST,30m,pick3,EXTRA,50,owner,house,False,2114,839.64,0.83964,0.31099,3,106.29,False,,12,1,2101,0,0,0
N02_ST_KST,30m,pick3,EXTRA,50,owner,house,True,2114,839.7,0.8397,0.31092,3,106.29,False,,12,1,2101,0,0,0
N02_ST_KST,30m,pick3,EXTRA,50,owner,forced,False,2114,28.941,0.028941,0.97547,2,8.6979,True,2020-01-20,22,0,0,2,0,3
N02_ST_KST,30m,pick3,EXTRA,50,owner,forced,True,2114,29.001,0.029001,0.97542,2,8.6979,True,2020-01-20,22,0,0,2,0,3
N02_ST_KST,30m,pick3,EXTRA,50,risk1,house,False,2114,647.19,0.64719,0.35422,6,325.14,False,,323,18,1773,0,0,0
N02_ST_KST,30m,pick3,EXTRA,50,risk1,house,True,2114,647.96,0.64796,0.35344,6,325.14,False,,323,18,1772,0,1,0
N02_ST_KST,30m,pick3,EXTRA,50,risk1,forced,False,2114,100.63,0.10063,0.90016,13,354.88,False,,2072,42,0,0,0,285
N02_ST_KST,30m,pick3,EXTRA,50,risk1,forced,True,2114,110.23,0.11023,0.89063,13,354.88,False,,2005,41,0,0,68,270
N02_ST_KST,30m,coinpicks,SEARCH,20,owner,house,False,11117,91.433,0.091433,0.94858,4,44.938,True,2021-03-02,237,17,371,0,0,0
N02_ST_KST,30m,coinpicks,SEARCH,20,owner,house,True,11117,91.882,0.091882,0.94831,4,44.938,True,2021-03-02,237,17,371,0,0,0
N02_ST_KST,30m,coinpicks,SEARCH,20,owner,forced,False,11117,96.462,0.096462,0.95788,4,12.302,True,2021-01-24,239,13,0,2,0,12
N02_ST_KST,30m,coinpicks,SEARCH,20,owner,forced,True,11117,97.424,0.097424,0.95981,4,12.823,True,2021-01-24,248,13,0,1,0,12
N02_ST_KST,30m,coinpicks,SEARCH,20,risk1,house,False,11117,101.01,0.10101,0.90554,11,639.16,True,2022-10-17,4652,400,1455,0,0,0
N02_ST_KST,30m,coinpicks,SEARCH,20,risk1,house,True,11117,99.41,0.09941,0.90575,11,639.03,True,2022-10-17,4503,397,1397,0,208,0
N02_ST_KST,30m,coinpicks,SEARCH,20,risk1,forced,False,11117,100.75,0.10075,0.90688,11,532.51,True,2022-06-28,5036,367,0,0,0,93
N02_ST_KST,30m,coinpicks,SEARCH,20,risk1,forced,True,11117,101.15,0.10115,0.90754,11,569.74,True,2022-08-04,5026,374,0,0,392,90
N02_ST_KST,30m,coinpicks,SEARCH,30,owner,house,False,11117,96.439,0.096439,0.94931,4,104.11,True,2021-09-06,239,14,2199,2,0,0
N02_ST_KST,30m,coinpicks,SEARCH,30,owner,house,True,11117,89.02,0.08902,0.95324,4,104.11,True,2021-09-06,242,14,2201,2,0,0
N02_ST_KST,30m,coinpicks,SEARCH,30,owner,forced,False,11117,108.95,0.10895,0.98328,6,8.5,True,2021-01-13,134,1,0,2,0,25
N02_ST_KST,30m,coinpicks,SEARCH,30,owner,forced,True,11117,109.34,0.10934,0.98321,6,8.5,True,2021-01-13,134,1,0,2,0,25
N02_ST_KST,30m,coinpicks,SEARCH,30,risk1,house,False,11117,98.935,0.098935,0.90286,7,724.45,True,2023-02-07,3369,246,4062,0,0,0
N02_ST_KST,30m,coinpicks,SEARCH,30,risk1,house,True,11117,99.233,0.099233,0.9026,7,724.45,True,2023-02-07,3345,243,4009,0,80,0
N02_ST_KST,30m,coinpicks,SEARCH,30,risk1,forced,False,11117,99.027,0.099027,0.90724,11,463.75,True,2022-04-20,4483,206,0,0,0,275
N02_ST_KST,30m,coinpicks,SEARCH,30,risk1,forced,True,11117,99.189,0.099189,0.90709,11,492.31,True,2022-05-19,4329,208,0,0,426,271
N02_ST_KST,30m,coinpicks,SEARCH,40,owner,house,False,11117,80.1,0.0801,0.95993,6,244.15,True,2022-12-10,116,12,6941,8,0,0
N02_ST_KST,30m,coinpicks,SEARCH,40,owner,house,True,11117,81.761,0.081761,0.9591,6,244.15,True,2022-12-10,117,12,6940,8,0,0
N02_ST_KST,30m,coinpicks,SEARCH,40,owner,forced,False,11117,112.44,0.11244,0.97569,5,1.9792,True,2021-01-06,61,0,0,2,0,14
N02_ST_KST,30m,coinpicks,SEARCH,40,owner,forced,True,11117,112.89,0.11289,0.97556,5,1.9792,True,2021-01-06,61,0,0,2,0,14
N02_ST_KST,30m,coinpicks,SEARCH,40,risk1,house,False,11117,99.118,0.099118,0.9059,11,776.01,True,2023-05-27,1932,165,6684,0,0,0
N02_ST_KST,30m,coinpicks,SEARCH,40,risk1,house,True,11117,99.015,0.099015,0.90589,11,779.05,True,2023-05-30,1940,165,6655,0,51,0
N02_ST_KST,30m,coinpicks,SEARCH,40,risk1,forced,False,11117,99.73,0.09973,0.90523,12,392.1,True,2022-02-01,3849,116,0,0,0,537
N02_ST_KST,30m,coinpicks,SEARCH,40,risk1,forced,True,11117,98.747,0.098747,0.90603,12,443.02,True,2022-03-24,3852,124,0,0,448,526
N02_ST_KST,30m,coinpicks,SEARCH,50,owner,house,False,11117,91.519,0.091519,0.92114,6,140.33,True,2023-04-09,47,6,8235,4,0,0
N02_ST_KST,30m,coinpicks,SEARCH,50,owner,house,True,11117,91.815,0.091815,0.92089,6,140.33,True,2023-04-09,47,6,8235,4,0,0
N02_ST_KST,30m,coinpicks,SEARCH,50,owner,forced,False,11117,104.93,0.10493,0.90108,2,1.5,True,2021-01-02,18,0,0,0,0,6
N02_ST_KST,30m,coinpicks,SEARCH,50,owner,forced,True,11117,104.9,0.1049,0.90111,2,1.5,True,2021-01-02,18,0,0,0,0,6
N02_ST_KST,30m,coinpicks,SEARCH,50,risk1,house,False,11117,99.932,0.099932,0.90149,11,840.65,True,2023-11-06,1515,217,8808,0,0,0
N02_ST_KST,30m,coinpicks,SEARCH,50,risk1,house,True,11117,99.865,0.099865,0.90152,11,825.81,True,2023-11-26,1544,220,8929,0,46,0
N02_ST_KST,30m,coinpicks,SEARCH,50,risk1,forced,False,11117,99.286,0.099286,0.90344,14,266.9,True,2021-09-29,2620,44,0,0,0,647
N02_ST_KST,30m,coinpicks,SEARCH,50,risk1,forced,True,11117,99.563,0.099563,0.9031,14,281.22,True,2021-10-13,2598,45,0,0,183,647
N02_ST_KST,30m,coinpicks,TEST,20,owner,house,False,10159,80.767,0.080767,0.96053,14,47.625,True,2024-02-22,445,67,16,14,0,0
N02_ST_KST,30m,coinpicks,TEST,20,owner,house,True,10159,81.775,0.081775,0.96001,14,47.708,True,2024-02-22,447,67,16,14,0,0
N02_ST_KST,30m,coinpicks,TEST,20,owner,forced,False,10159,95.633,0.095633,0.96144,14,46.167,True,2024-02-21,447,67,0,13,0,0
N02_ST_KST,30m,coinpicks,TEST,20,owner,forced,True,10159,84.389,0.084389,0.96587,14,47.625,True,2024-02-22,459,70,0,13,0,0
N02_ST_KST,30m,coinpicks,TEST,20,risk1,house,False,10159,97.56,0.09756,0.91631,14,298.88,True,2024-10-31,2538,306,234,0,0,0
N02_ST_KST,30m,coinpicks,TEST,20,risk1,house,True,10159,99.11,0.09911,0.91494,14,341.58,True,2024-12-13,2595,318,343,0,284,0
N02_ST_KST,30m,coinpicks,TEST,20,risk1,forced,False,10159,102.46,0.10246,0.91653,14,288,True,2024-10-20,2647,316,0,0,0,8
N02_ST_KST,30m,coinpicks,TEST,20,risk1,forced,True,10159,99.55,0.09955,0.91673,14,329.33,True,2024-12-01,2803,332,0,0,273,10
N02_ST_KST,30m,coinpicks,TEST,30,owner,house,False,10159,97.364,0.097364,0.95334,8,28.062,True,2024-02-04,184,22,116,23,0,0
N02_ST_KST,30m,coinpicks,TEST,30,owner,house,True,10159,96.187,0.096187,0.95411,8,28.448,True,2024-02-04,188,22,115,24,0,0
N02_ST_KST,30m,coinpicks,TEST,30,owner,forced,False,10159,76.744,0.076744,0.97749,7,9.9375,True,2024-01-16,112,12,0,11,0,2
N02_ST_KST,30m,coinpicks,TEST,30,owner,forced,True,10159,77.099,0.077099,0.97734,7,9.9375,True,2024-01-16,112,12,0,11,0,2
N02_ST_KST,30m,coinpicks,TEST,30,risk1,house,False,10159,99.912,0.099912,0.91369,10,342.2,True,2024-12-14,2232,207,1111,0,0,0
N02_ST_KST,30m,coinpicks,TEST,30,risk1,house,True,10159,100.25,0.10025,0.91412,10,385.59,True,2025-01-26,2222,206,1218,0,353,0
N02_ST_KST,30m,coinpicks,TEST,30,risk1,forced,False,10159,100.22,0.10022,0.91465,10,280.81,True,2024-10-14,2676,223,0,0,0,55
N02_ST_KST,30m,coinpicks,TEST,30,risk1,forced,True,10159,99.915,0.099915,0.91363,10,316.31,True,2024-11-18,2771,234,0,0,280,64
N02_ST_KST,30m,coinpicks,TEST,40,owner,house,False,10159,98.121,0.098121,0.91037,5,33.01,True,2024-02-03,41,9,283,7,0,0
N02_ST_KST,30m,coinpicks,TEST,40,owner,house,True,10159,98.654,0.098654,0.90987,5,33.01,True,2024-02-03,41,9,283,7,0,0
N02_ST_KST,30m,coinpicks,TEST,40,owner,forced,False,10159,93.453,0.093453,0.96485,2,6.25,True,2024-01-09,57,4,0,7,0,6
N02_ST_KST,30m,coinpicks,TEST,40,owner,forced,True,10159,93.439,0.093439,0.96479,2,6.25,True,2024-01-09,57,4,0,7,0,6
N02_ST_KST,30m,coinpicks,TEST,40,risk1,house,False,10159,99.98,0.09998,0.90024,8,440.76,True,2025-03-23,1660,130,2734,0,0,0
N02_ST_KST,30m,coinpicks,TEST,40,risk1,house,True,10159,99.032,0.099032,0.90117,8,514.21,True,2025-06-04,1721,136,2865,0,568,0
N02_ST_KST,30m,coinpicks,TEST,40,risk1,forced,False,10159,99.64,0.09964,0.91425,8,250.15,True,2024-09-09,2399,156,0,0,0,133
N02_ST_KST,30m,coinpicks,TEST,40,risk1,forced,True,10159,99.862,0.099862,0.91404,8,283.51,True,2024-10-13,2489,171,0,0,226,126
N02_ST_KST,30m,coinpicks,TEST,50,owner,house,False,10159,97.131,0.097131,0.90287,5,510.97,True,2025-06-15,44,2,5355,2,0,0
N02_ST_KST,30m,coinpicks,TEST,50,owner,house,True,10159,99.084,0.099084,0.90092,4,525.28,True,2025-06-29,49,4,5517,2,0,0
N02_ST_KST,30m,coinpicks,TEST,50,owner,forced,False,10159,103.96,0.10396,0.95731,2,4.7812,True,2024-01-08,49,4,0,6,0,6
N02_ST_KST,30m,coinpicks,TEST,50,owner,forced,True,10159,103.86,0.10386,0.95733,2,4.7812,True,2024-01-08,49,4,0,6,0,6
N02_ST_KST,30m,coinpicks,TEST,50,risk1,house,False,10159,96.508,0.096508,0.90399,8,747.99,True,2026-01-18,1520,129,5945,0,0,0
N02_ST_KST,30m,coinpicks,TEST,50,risk1,house,True,10159,98.65,0.09865,0.90185,7,845.24,True,2026-04-25,1642,137,6025,0,718,0
N02_ST_KST,30m,coinpicks,TEST,50,risk1,forced,False,10159,99.824,0.099824,0.91371,7,197.51,True,2024-07-19,1924,105,0,0,0,219
N02_ST_KST,30m,coinpicks,TEST,50,risk1,forced,True,10159,99.938,0.099938,0.91359,8,225.25,True,2024-08-15,2000,109,0,0,187,230
N02_ST_KST,30m,coinpicks,EXTRA,20,owner,house,False,2881,92.045,0.092045,0.90983,7,26.594,True,2020-02-07,141,9,7,1,0,0
N02_ST_KST,30m,coinpicks,EXTRA,20,owner,house,True,2881,92.274,0.092274,0.9096,7,26.594,True,2020-02-07,141,9,7,1,0,0
N02_ST_KST,30m,coinpicks,EXTRA,20,owner,forced,False,2881,98.779,0.098779,0.90323,7,26.594,True,2020-02-07,147,10,0,1,0,0
N02_ST_KST,30m,coinpicks,EXTRA,20,owner,forced,True,2881,99.051,0.099051,0.90296,7,26.594,True,2020-02-07,147,10,0,1,0,0
N02_ST_KST,30m,coinpicks,EXTRA,20,risk1,house,False,2881,138.19,0.13819,0.8706,8,355.15,False,,2240,286,355,0,0,0
N02_ST_KST,30m,coinpicks,EXTRA,20,risk1,house,True,2881,141.44,0.14144,0.86626,8,355.02,False,,2164,278,349,0,90,0
N02_ST_KST,30m,coinpicks,EXTRA,20,risk1,forced,False,2881,112.73,0.11273,0.88981,10,355.15,False,,2587,294,0,0,0,29
N02_ST_KST,30m,coinpicks,EXTRA,20,risk1,forced,True,2881,115.37,0.11537,0.8868,10,355.02,False,,2492,284,0,0,105,27
N02_ST_KST,30m,coinpicks,EXTRA,30,owner,house,False,2881,89.755,0.089755,0.91806,5,25.229,True,2020-02-06,61,6,85,0,0,0
N02_ST_KST,30m,coinpicks,EXTRA,30,owner,house,True,2881,89.933,0.089933,0.9179,5,25.229,True,2020-02-06,61,6,85,0,0,0
N02_ST_KST,30m,coinpicks,EXTRA,30,owner,forced,False,2881,87.661,0.087661,0.91743,5,9.8646,True,2020-01-21,42,2,0,0,0,0
N02_ST_KST,30m,coinpicks,EXTRA,30,owner,forced,True,2881,87.728,0.087728,0.91737,5,9.8646,True,2020-01-21,42,2,0,0,0,0
N02_ST_KST,30m,coinpicks,EXTRA,30,risk1,house,False,2881,218.45,0.21845,0.78347,9,355.15,False,,1681,188,1012,0,0,0
N02_ST_KST,30m,coinpicks,EXTRA,30,risk1,house,True,2881,219.95,0.21995,0.78106,9,354.62,False,,1677,188,988,0,28,0
N02_ST_KST,30m,coinpicks,EXTRA,30,risk1,forced,False,2881,109.14,0.10914,0.89322,9,355.15,False,,2660,221,0,0,0,79
N02_ST_KST,30m,coinpicks,EXTRA,30,risk1,forced,True,2881,115.16,0.11516,0.88684,9,355.01,False,,2561,215,0,0,105,75
N02_ST_KST,30m,coinpicks,EXTRA,40,owner,house,False,2881,97.429,0.097429,0.9065,5,278.75,True,2020-10-18,165,21,1885,9,0,0
N02_ST_KST,30m,coinpicks,EXTRA,40,owner,house,True,2881,97.485,0.097485,0.90645,5,278.75,True,2020-10-18,165,21,1885,9,0,0
N02_ST_KST,30m,coinpicks,EXTRA,40,owner,forced,False,2881,91.25,0.09125,0.91728,3,8.6979,True,2020-01-20,30,0,0,3,0,3
N02_ST_KST,30m,coinpicks,EXTRA,40,owner,forced,True,2881,91.319,0.091319,0.91721,3,8.6979,True,2020-01-20,30,0,0,3,0,3
N02_ST_KST,30m,coinpicks,EXTRA,40,risk1,house,False,2881,386.36,0.38636,0.6258,8,347.62,False,,972,97,1812,0,0,0
N02_ST_KST,30m,coinpicks,EXTRA,40,risk1,house,True,2881,386.56,0.38656,0.62548,8,347.62,False,,972,97,1810,0,2,0
N02_ST_KST,30m,coinpicks,EXTRA,40,risk1,forced,False,2881,99.769,0.099769,0.90066,9,340.68,True,2020-12-17,2541,174,0,0,0,145
N02_ST_KST,30m,coinpicks,EXTRA,40,risk1,forced,True,2881,99.95,0.09995,0.90108,9,354.64,True,2020-12-31,2590,172,0,0,115,164
N02_ST_KST,30m,coinpicks,EXTRA,50,owner,house,False,2881,657.89,0.65789,0.47879,2,107.51,False,,18,4,2859,0,0,0
N02_ST_KST,30m,coinpicks,EXTRA,50,owner,house,True,2881,658.02,0.65802,0.47867,2,107.51,False,,18,4,2859,0,0,0
N02_ST_KST,30m,coinpicks,EXTRA,50,owner,forced,False,2881,83.681,0.083681,0.92907,5,7.5208,True,2020-01-19,22,0,0,3,0,2
N02_ST_KST,30m,coinpicks,EXTRA,50,owner,forced,True,2881,83.745,0.083745,0.92901,5,7.5208,True,2020-01-19,22,0,0,3,0,2
N02_ST_KST,30m,coinpicks,EXTRA,50,risk1,house,False,2881,584.35,0.58435,0.41565,6,338.95,False,,434,36,2411,0,0,0
N02_ST_KST,30m,coinpicks,EXTRA,50,risk1,house,True,2881,584.87,0.58487,0.41513,6,338.95,False,,434,36,2410,0,1,0
N02_ST_KST,30m,coinpicks,EXTRA,50,risk1,forced,False,2881,99.032,0.099032,0.90145,9,282.42,True,2020-10-20,1975,122,0,0,0,237
N02_ST_KST,30m,coinpicks,EXTRA,50,risk1,forced,True,2881,101.19,0.10119,0.90074,9,281.58,True,2020-10-19,1953,121,0,0,15,234
N04_ST_KLINGER,15m,default,SEARCH,20,owner,house,False,67046,80.088,0.080088,0.94969,10,12.188,True,2021-01-13,261,78,425,5,0,0
N04_ST_KLINGER,15m,default,SEARCH,20,owner,house,True,67046,81.117,0.081117,0.94905,10,12.188,True,2021-01-13,261,79,425,4,0,0
N04_ST_KLINGER,15m,default,SEARCH,20,owner,forced,False,67046,86.9,0.0869,0.94688,11,3.5729,True,2021-01-05,232,37,0,7,0,8
N04_ST_KLINGER,15m,default,SEARCH,20,owner,forced,True,67046,87.712,0.087712,0.94639,11,3.5729,True,2021-01-05,232,37,0,7,0,8
N04_ST_KLINGER,15m,default,SEARCH,20,risk1,house,False,67046,97.858,0.097858,0.90774,10,91.552,True,2021-04-02,3277,1337,1101,0,0,0
N04_ST_KLINGER,15m,default,SEARCH,20,risk1,house,True,67046,96.711,0.096711,0.90836,10,92.365,True,2021-04-03,3294,1333,1089,0,54,0
N04_ST_KLINGER,15m,default,SEARCH,20,risk1,forced,False,67046,97.838,0.097838,0.9076,11,88.99,True,2021-03-31,4155,1421,0,0,0,56
N04_ST_KLINGER,15m,default,SEARCH,20,risk1,forced,True,67046,97.852,0.097852,0.90776,11,91.125,True,2021-04-02,4190,1441,0,0,84,54
N04_ST_KLINGER,15m,default,SEARCH,30,owner,house,False,67046,97.629,0.097629,0.91208,4,23.625,True,2021-01-24,97,34,1350,6,0,0
N04_ST_KLINGER,15m,default,SEARCH,30,owner,house,True,67046,98.565,0.098565,0.91113,4,23.625,True,2021-01-24,101,33,1346,7,0,0
N04_ST_KLINGER,15m,default,SEARCH,30,owner,forced,False,67046,60.078,0.060078,0.96775,3,1.5625,True,2021-01-03,119,17,0,34,0,13
N04_ST_KLINGER,15m,default,SEARCH,30,owner,forced,True,67046,60.644,0.060644,0.96746,3,1.5625,True,2021-01-03,119,17,0,34,0,13
N04_ST_KLINGER,15m,default,SEARCH,30,risk1,house,False,67046,100.02,0.10002,0.90125,8,94.312,True,2021-04-05,2130,773,2984,0,0,0
N04_ST_KLINGER,15m,default,SEARCH,30,risk1,house,True,67046,98.762,0.098762,0.90214,8,100.52,True,2021-04-11,2257,802,3140,0,52,0
N04_ST_KLINGER,15m,default,SEARCH,30,risk1,forced,False,67046,98.811,0.098811,0.90418,11,76.219,True,2021-03-18,3894,873,0,0,0,237
N04_ST_KLINGER,15m,default,SEARCH,30,risk1,forced,True,67046,98.686,0.098686,0.90459,11,77.635,True,2021-03-19,3823,874,0,0,156,233
N04_ST_KLINGER,15m,default,SEARCH,40,owner,house,False,67046,79.337,0.079337,0.93882,5,111.17,True,2021-07-11,112,56,11780,3,0,0
N04_ST_KLINGER,15m,default,SEARCH,40,owner,house,True,67046,99.358,0.099358,0.91385,5,107.47,True,2021-07-07,106,53,11569,3,0,0
N04_ST_KLINGER,15m,default,SEARCH,40,owner,forced,False,67046,126,0.126,0.96824,3,2.3229,True,2021-01-03,91,14,0,51,0,10
N04_ST_KLINGER,15m,default,SEARCH,40,owner,forced,True,67046,126.33,0.12633,0.96815,3,2.3229,True,2021-01-03,91,14,0,51,0,10
N04_ST_KLINGER,15m,default,SEARCH,40,risk1,house,False,67046,98.177,0.098177,0.90231,10,204.71,True,2021-07-25,2054,785,9952,0,0,0
N04_ST_KLINGER,15m,default,SEARCH,40,risk1,house,True,67046,99.685,0.099685,0.90133,10,208.8,True,2021-07-29,2063,782,9806,0,362,0
N04_ST_KLINGER,15m,default,SEARCH,40,risk1,forced,False,67046,99.386,0.099386,0.90444,11,63.198,True,2021-03-05,3464,488,0,0,0,533
N04_ST_KLINGER,15m,default,SEARCH,40,risk1,forced,True,67046,99.823,0.099823,0.90405,11,67.458,True,2021-03-10,3511,512,0,0,224,520
N04_ST_KLINGER,15m,default,SEARCH,50,owner,house,False,67046,86.218,0.086218,0.92175,3,132.97,True,2022-05-29,51,27,31314,3,0,0
N04_ST_KLINGER,15m,default,SEARCH,50,owner,house,True,67046,86.672,0.086672,0.92134,3,132.97,True,2022-05-29,51,27,31314,3,0,0
N04_ST_KLINGER,15m,default,SEARCH,50,owner,forced,False,67046,93.052,0.093052,0.97413,4,0.71875,True,2021-01-02,30,3,0,25,0,4
N04_ST_KLINGER,15m,default,SEARCH,50,owner,forced,True,67046,93.187,0.093187,0.97409,4,0.71875,True,2021-01-02,30,3,0,25,0,4
N04_ST_KLINGER,15m,default,SEARCH,50,risk1,house,False,67046,99.922,0.099922,0.90008,8,345.74,True,2021-12-13,1968,759,18577,0,0,0
N04_ST_KLINGER,15m,default,SEARCH,50,risk1,house,True,67046,98.943,0.098943,0.90106,8,355.1,True,2021-12-22,1971,773,17846,0,1276,0
N04_ST_KLINGER,15m,default,SEARCH,50,risk1,forced,False,67046,98.932,0.098932,0.90466,11,46.583,True,2021-02-17,2715,242,0,0,1,640
N04_ST_KLINGER,15m,default,SEARCH,50,risk1,forced,True,67046,99.425,0.099425,0.90421,11,53.615,True,2021-02-24,2875,249,0,0,254,687
N04_ST_KLINGER,15m,default,TEST,20,owner,house,False,58719,84.436,0.084436,0.92126,10,19.271,True,2024-01-20,538,363,13,170,0,0
N04_ST_KLINGER,15m,default,TEST,20,owner,house,True,58719,108.64,0.10864,0.90752,10,15.323,True,2024-01-16,461,293,13,119,0,0
N04_ST_KLINGER,15m,default,TEST,20,owner,forced,False,58719,104.98,0.10498,0.91095,10,17.406,True,2024-01-18,504,355,0,164,0,1
N04_ST_KLINGER,15m,default,TEST,20,owner,forced,True,58719,92.177,0.092177,0.91403,6,8.2396,True,2024-01-09,253,166,0,76,0,1
N04_ST_KLINGER,15m,default,TEST,20,risk1,house,False,58719,102.36,0.10236,0.90252,22,52.385,True,2024-02-22,1628,1414,13,0,0,0
N04_ST_KLINGER,15m,default,TEST,20,risk1,house,True,58719,101.83,0.10183,0.90232,22,53.5,True,2024-02-23,1635,1441,13,0,62,0
N04_ST_KLINGER,15m,default,TEST,20,risk1,forced,False,58719,103.06,0.10306,0.90186,22,52.385,True,2024-02-22,1638,1417,0,0,0,1
N04_ST_KLINGER,15m,default,TEST,20,risk1,forced,True,58719,102.05,0.10205,0.90212,22,53.5,True,2024-02-23,1645,1444,0,0,62,1
N04_ST_KLINGER,15m,default,TEST,30,owner,house,False,58719,78.837,0.078837,0.92182,6,8.3542,True,2024-01-09,180,108,97,101,0,0
N04_ST_KLINGER,15m,default,TEST,30,owner,house,True,58719,94.57,0.09457,0.90623,6,7.8438,True,2024-01-09,174,102,94,98,0,0
N04_ST_KLINGER,15m,default,TEST,30,owner,forced,False,58719,84.31,0.08431,0.91639,7,3.4375,True,2024-01-04,85,47,0,76,0,1
N04_ST_KLINGER,15m,default,TEST,30,owner,forced,True,58719,86.47,0.08647,0.91427,7,3.4375,True,2024-01-04,85,47,0,76,0,1
N04_ST_KLINGER,15m,default,TEST,30,risk1,house,False,58719,99.228,0.099228,0.90193,12,48.552,True,2024-02-18,1569,1100,155,0,0,0
N04_ST_KLINGER,15m,default,TEST,30,risk1,house,True,58719,97.163,0.097163,0.90408,12,50.344,True,2024-02-20,1607,1124,155,0,58,0
N04_ST_KLINGER,15m,default,TEST,30,risk1,forced,False,58719,94.425,0.094425,0.90667,12,48.552,True,2024-02-18,1701,1113,0,0,0,3
N04_ST_KLINGER,15m,default,TEST,30,risk1,forced,True,58719,99.318,0.099318,0.90184,12,48.667,True,2024-02-18,1679,1113,0,0,49,3
N04_ST_KLINGER,15m,default,TEST,40,owner,house,False,58719,103.64,0.10364,0.90522,6,15.448,True,2024-01-16,110,70,629,76,0,0
N04_ST_KLINGER,15m,default,TEST,40,owner,house,True,58719,97.223,0.097223,0.91243,6,16.583,True,2024-01-17,127,75,645,97,0,0
N04_ST_KLINGER,15m,default,TEST,40,owner,forced,False,58719,76.259,0.076259,0.93375,4,3.7812,True,2024-01-05,82,30,0,113,0,1
N04_ST_KLINGER,15m,default,TEST,40,owner,forced,True,58719,77.293,0.077293,0.93285,4,3.7812,True,2024-01-05,82,30,0,113,0,1
N04_ST_KLINGER,15m,default,TEST,40,risk1,house,False,58719,99.478,0.099478,0.90114,11,48.667,True,2024-02-18,1458,899,483,0,0,0
N04_ST_KLINGER,15m,default,TEST,40,risk1,house,True,58719,99.932,0.099932,0.90069,11,50.208,True,2024-02-20,1496,916,469,0,57,0
N04_ST_KLINGER,15m,default,TEST,40,risk1,forced,False,58719,98.879,0.098879,0.90218,11,44.188,True,2024-02-14,1672,879,0,0,0,26
N04_ST_KLINGER,15m,default,TEST,40,risk1,forced,True,58719,99.309,0.099309,0.90178,11,46.448,True,2024-02-16,1738,906,0,0,47,26
N04_ST_KLINGER,15m,default,TEST,50,owner,house,False,58719,85.034,0.085034,0.92176,3,19.688,True,2024-02-10,86,99,2072,79,0,0
N04_ST_KLINGER,15m,default,TEST,50,owner,house,True,58719,85.166,0.085166,0.9216,3,19.688,True,2024-02-10,86,99,2072,79,0,0
N04_ST_KLINGER,15m,default,TEST,50,owner,forced,False,58719,95.212,0.095212,0.91792,5,1.5938,True,2024-01-02,40,16,0,68,0,2
N04_ST_KLINGER,15m,default,TEST,50,owner,forced,True,58719,96.544,0.096544,0.91677,5,1.5938,True,2024-01-02,40,16,0,68,0,2
N04_ST_KLINGER,15m,default,TEST,50,risk1,house,False,58719,100.19,0.10019,0.90091,11,51.896,True,2024-02-21,1251,731,1038,0,0,0
N04_ST_KLINGER,15m,default,TEST,50,risk1,house,True,58719,96.427,0.096427,0.90398,11,52.323,True,2024-02-22,1268,738,981,0,61,0
N04_ST_KLINGER,15m,default,TEST,50,risk1,forced,False,58719,99.791,0.099791,0.90084,11,43.385,True,2024-02-13,1714,786,0,0,0,71
N04_ST_KLINGER,15m,default,TEST,50,risk1,forced,True,58719,98.428,0.098428,0.9022,11,46.25,True,2024-02-16,1796,825,0,0,53,70
N04_ST_KLINGER,15m,default,EXTRA,20,owner,house,False,17973,96.423,0.096423,0.93671,9,16.531,True,2020-01-31,575,411,29,20,0,0
N04_ST_KLINGER,15m,default,EXTRA,20,owner,house,True,17973,96.425,0.096425,0.93673,9,16.531,True,2020-01-31,575,411,29,20,0,0
N04_ST_KLINGER,15m,default,EXTRA,20,owner,forced,False,17973,86.514,0.086514,0.94282,8,11.104,True,2020-01-25,453,299,0,10,0,1
N04_ST_KLINGER,15m,default,EXTRA,20,owner,forced,True,17973,86.765,0.086765,0.9427,8,11.104,True,2020-01-25,453,299,0,10,0,1
N04_ST_KLINGER,15m,default,EXTRA,20,risk1,house,False,17973,99.29,0.09929,0.90803,13,103.29,True,2020-04-27,2900,1696,303,0,0,0
N04_ST_KLINGER,15m,default,EXTRA,20,risk1,house,True,17973,100.72,0.10072,0.9075,13,103.97,True,2020-04-27,2873,1679,256,0,102,0
N04_ST_KLINGER,15m,default,EXTRA,20,risk1,forced,False,17973,98.161,0.098161,0.91025,13,99.729,True,2020-04-23,3069,1637,0,0,0,15
N04_ST_KLINGER,15m,default,EXTRA,20,risk1,forced,True,17973,98.54,0.09854,0.90949,13,104.19,True,2020-04-27,3092,1725,0,0,110,11
N04_ST_KLINGER,15m,default,EXTRA,30,owner,house,False,17973,87.39,0.08739,0.93426,8,11.021,True,2020-01-18,178,93,150,13,0,0
N04_ST_KLINGER,15m,default,EXTRA,30,owner,house,True,17973,87.584,0.087584,0.93412,8,11.021,True,2020-01-18,178,93,150,13,0,0
N04_ST_KLINGER,15m,default,EXTRA,30,owner,forced,False,17973,37.555,0.037555,0.97163,8,7.7917,True,2020-01-14,175,79,0,16,0,4
N04_ST_KLINGER,15m,default,EXTRA,30,owner,forced,True,17973,37.612,0.037612,0.97159,8,7.7917,True,2020-01-14,175,79,0,16,0,4
N04_ST_KLINGER,15m,default,EXTRA,30,risk1,house,False,17973,102.56,0.10256,0.90389,13,106.58,True,2020-04-22,2476,1107,1065,0,0,0
N04_ST_KLINGER,15m,default,EXTRA,30,risk1,house,True,17973,99.793,0.099793,0.90304,13,107.38,True,2020-04-23,2486,1113,954,0,144,0
N04_ST_KLINGER,15m,default,EXTRA,30,risk1,forced,False,17973,99.071,0.099071,0.90374,11,96.677,True,2020-04-12,3099,1116,0,0,0,56
N04_ST_KLINGER,15m,default,EXTRA,30,risk1,forced,True,17973,98.874,0.098874,0.90394,11,99.469,True,2020-04-15,3046,1115,0,0,163,43
N04_ST_KLINGER,15m,default,EXTRA,40,owner,house,False,17973,97.582,0.097582,0.93602,5,18.469,True,2020-01-31,106,68,868,7,0,0
N04_ST_KLINGER,15m,default,EXTRA,40,owner,house,True,17973,90.115,0.090115,0.94091,5,18,True,2020-01-31,104,69,853,7,0,0
N04_ST_KLINGER,15m,default,EXTRA,40,owner,forced,False,17973,91.455,0.091455,0.91998,4,6.0104,True,2020-01-13,114,46,0,36,0,2
N04_ST_KLINGER,15m,default,EXTRA,40,owner,forced,True,17973,91.6,0.0916,0.91986,4,6.0104,True,2020-01-13,114,46,0,36,0,2
N04_ST_KLINGER,15m,default,EXTRA,40,risk1,house,False,17973,99.728,0.099728,0.90402,11,134.08,True,2020-05-20,2333,1014,2555,0,0,0
N04_ST_KLINGER,15m,default,EXTRA,40,risk1,house,True,17973,97.883,0.097883,0.90577,11,137,True,2020-05-23,2359,1040,2484,0,145,0
N04_ST_KLINGER,15m,default,EXTRA,40,risk1,forced,False,17973,99.225,0.099225,0.90393,9,75.479,True,2020-03-26,2703,764,0,0,1,177
N04_ST_KLINGER,15m,default,EXTRA,40,risk1,forced,True,17973,98.906,0.098906,0.90424,9,86.115,True,2020-04-06,2824,838,0,0,228,142
N04_ST_KLINGER,15m,default,EXTRA,50,owner,house,False,17973,98.261,0.098261,0.9065,6,152.68,True,2020-06-14,52,41,6857,8,0,0
N04_ST_KLINGER,15m,default,EXTRA,50,owner,house,True,17973,98.322,0.098322,0.90644,6,152.68,True,2020-06-14,52,41,6857,8,0,0
N04_ST_KLINGER,15m,default,EXTRA,50,owner,forced,False,17973,82.283,0.082283,0.9265,5,1.9896,True,2020-01-08,37,17,0,13,0,1
N04_ST_KLINGER,15m,default,EXTRA,50,owner,forced,True,17973,82.44,0.08244,0.92636,5,1.9896,True,2020-01-08,37,17,0,13,0,1
N04_ST_KLINGER,15m,default,EXTRA,50,risk1,house,False,17973,98.329,0.098329,0.90207,11,160.08,True,2020-06-14,1793,862,4316,0,0,0
N04_ST_KLINGER,15m,default,EXTRA,50,risk1,house,True,17973,99.272,0.099272,0.90113,11,160.08,True,2020-06-14,1793,862,4288,0,28,0
N04_ST_KLINGER,15m,default,EXTRA,50,risk1,forced,False,17973,98.951,0.098951,0.90369,12,72.323,True,2020-03-19,2506,599,0,0,1,294
N04_ST_KLINGER,15m,default,EXTRA,50,risk1,forced,True,17973,98.563,0.098563,0.90381,9,77.177,True,2020-03-24,2575,605,0,0,168,298
N04_ST_KLINGER,15m,friend,SEARCH,20,owner,house,False,68085,79.743,0.079743,0.94429,11,9.7396,True,2021-01-15,325,95,444,10,0,0
N04_ST_KLINGER,15m,friend,SEARCH,20,owner,house,True,68085,90.147,0.090147,0.94125,11,9.75,True,2021-01-15,328,96,445,8,0,0
N04_ST_KLINGER,15m,friend,SEARCH,20,owner,forced,False,68085,94.037,0.094037,0.92226,11,7.3438,True,2021-01-08,392,71,0,10,0,11
N04_ST_KLINGER,15m,friend,SEARCH,20,owner,forced,True,68085,94.172,0.094172,0.92215,11,7.3438,True,2021-01-08,392,71,0,10,0,11
N04_ST_KLINGER,15m,friend,SEARCH,20,risk1,house,False,68085,99.116,0.099116,0.90326,11,105.84,True,2021-04-21,3832,1642,1484,0,0,0
N04_ST_KLINGER,15m,friend,SEARCH,20,risk1,house,True,68085,99.338,0.099338,0.90287,11,114.95,True,2021-04-30,3980,1657,1602,0,307,0
N04_ST_KLINGER,15m,friend,SEARCH,20,risk1,forced,False,68085,99.01,0.09901,0.90247,11,93.792,True,2021-04-05,4378,1573,0,0,0,60
N04_ST_KLINGER,15m,friend,SEARCH,20,risk1,forced,True,68085,99.373,0.099373,0.90211,11,95.76,True,2021-04-07,4395,1574,0,0,102,59
N04_ST_KLINGER,15m,friend,SEARCH,30,owner,house,False,68085,76.167,0.076167,0.92383,7,17.948,True,2021-01-18,57,21,1070,4,0,0
N04_ST_KLINGER,15m,friend,SEARCH,30,owner,house,True,68085,65.101,0.065101,0.9349,7,17.948,True,2021-01-18,58,21,1069,4,0,0
N04_ST_KLINGER,15m,friend,SEARCH,30,owner,forced,False,68085,58.85,0.05885,0.96788,5,0.86458,True,2021-01-03,103,17,0,32,0,10
N04_ST_KLINGER,15m,friend,SEARCH,30,owner,forced,True,68085,59.16,0.05916,0.96775,5,0.86458,True,2021-01-03,103,17,0,32,0,10
N04_ST_KLINGER,15m,friend,SEARCH,30,risk1,house,False,68085,98.577,0.098577,0.90142,10,153.18,True,2021-06-03,2874,1104,5714,0,2,0
N04_ST_KLINGER,15m,friend,SEARCH,30,risk1,house,True,68085,97.717,0.097717,0.90228,10,156.05,True,2021-06-06,2766,1035,5403,0,653,0
N04_ST_KLINGER,15m,friend,SEARCH,30,risk1,forced,False,68085,99.178,0.099178,0.90119,11,86.135,True,2021-03-28,4355,1100,0,0,0,231
N04_ST_KLINGER,15m,friend,SEARCH,30,risk1,forced,True,68085,97.408,0.097408,0.90308,11,86.719,True,2021-03-29,4185,1048,0,0,263,228
N04_ST_KLINGER,15m,friend,SEARCH,40,owner,house,False,68085,72.442,0.072442,0.92992,5,161.93,True,2021-08-28,185,96,14857,6,0,0
N04_ST_KLINGER,15m,friend,SEARCH,40,owner,house,True,68085,79.49,0.07949,0.9231,5,161.93,True,2021-08-28,187,103,14848,6,0,0
N04_ST_KLINGER,15m,friend,SEARCH,40,owner,forced,False,68085,34.548,0.034548,0.97514,6,1.7292,True,2021-01-03,71,13,0,38,0,8
N04_ST_KLINGER,15m,friend,SEARCH,40,owner,forced,True,68085,34.574,0.034574,0.97512,6,1.7292,True,2021-01-03,71,13,0,38,0,8
N04_ST_KLINGER,15m,friend,SEARCH,40,risk1,house,False,68085,99.198,0.099198,0.90094,10,235.49,True,2021-08-24,2642,1051,11188,0,0,0
N04_ST_KLINGER,15m,friend,SEARCH,40,risk1,house,True,68085,99.704,0.099704,0.9003,10,241.84,True,2021-08-30,2629,1051,11138,0,483,0
N04_ST_KLINGER,15m,friend,SEARCH,40,risk1,forced,False,68085,99.533,0.099533,0.90084,13,62.344,True,2021-03-04,3418,508,0,0,0,521
N04_ST_KLINGER,15m,friend,SEARCH,40,risk1,forced,True,68085,99.979,0.099979,0.90022,13,65.479,True,2021-03-07,3416,521,0,0,196,508
N04_ST_KLINGER,15m,friend,SEARCH,50,owner,house,False,68085,92.814,0.092814,0.91576,4,112.04,True,2022-04-17,31,20,29198,3,0,0
N04_ST_KLINGER,15m,friend,SEARCH,50,owner,house,True,68085,93.343,0.093343,0.91528,4,112.04,True,2022-04-17,31,20,29198,3,0,0
N04_ST_KLINGER,15m,friend,SEARCH,50,owner,forced,False,68085,43.165,0.043165,0.95683,3,0.4375,True,2021-01-01,11,5,0,7,0,3
N04_ST_KLINGER,15m,friend,SEARCH,50,owner,forced,True,68085,43.184,0.043184,0.95682,3,0.4375,True,2021-01-01,11,5,0,7,0,3
N04_ST_KLINGER,15m,friend,SEARCH,50,risk1,house,False,68085,99.559,0.099559,0.90161,8,302.19,True,2021-11-29,1903,780,18136,0,0,0
N04_ST_KLINGER,15m,friend,SEARCH,50,risk1,house,True,68085,99.212,0.099212,0.90143,8,324.88,True,2021-12-22,1992,819,18202,0,1184,0
N04_ST_KLINGER,15m,friend,SEARCH,50,risk1,forced,False,68085,99.928,0.099928,0.90068,14,43.99,True,2021-02-14,2514,255,0,0,2,615
N04_ST_KLINGER,15m,friend,SEARCH,50,risk1,forced,True,68085,99.722,0.099722,0.90028,14,47.635,True,2021-02-17,2587,247,0,0,204,642
N04_ST_KLINGER,15m,friend,TEST,20,owner,house,False,59800,91.456,0.091456,0.92016,8,5.1771,True,2024-01-07,165,152,8,63,0,0
N04_ST_KLINGER,15m,friend,TEST,20,owner,house,True,59800,94.898,0.094898,0.91704,8,5.25,True,2024-01-07,166,153,8,62,0,0
N04_ST_KLINGER,15m,friend,TEST,20,owner,forced,False,59800,88.033,0.088033,0.92462,8,5.1667,True,2024-01-07,154,136,0,54,0,1
N04_ST_KLINGER,15m,friend,TEST,20,owner,forced,True,59800,92.613,0.092613,0.92055,8,5.1667,True,2024-01-07,155,137,0,52,0,1
N04_ST_KLINGER,15m,friend,TEST,20,risk1,house,False,59800,102.42,0.10242,0.90713,11,46.031,True,2024-02-17,1439,1335,14,0,0,0
N04_ST_KLINGER,15m,friend,TEST,20,risk1,house,True,59800,98.648,0.098648,0.90886,11,47.531,True,2024-02-18,1455,1372,14,0,48,0
N04_ST_KLINGER,15m,friend,TEST,20,risk1,forced,False,59800,99.038,0.099038,0.90794,11,46.802,True,2024-02-18,1476,1373,0,0,0,1
N04_ST_KLINGER,15m,friend,TEST,20,risk1,forced,True,59800,103.05,0.10305,0.90723,11,47.531,True,2024-02-18,1473,1386,0,0,48,1
N04_ST_KLINGER,15m,friend,TEST,30,owner,house,False,59800,104.09,0.10409,0.91763,7,3.0417,True,2024-01-05,89,59,41,67,0,0
N04_ST_KLINGER,15m,friend,TEST,30,owner,house,True,59800,104.57,0.10457,0.91707,7,3.0417,True,2024-01-05,89,59,41,67,0,0
N04_ST_KLINGER,15m,friend,TEST,30,owner,forced,False,59800,90.121,0.090121,0.91312,5,3.5625,True,2024-01-04,79,50,0,82,0,1
N04_ST_KLINGER,15m,friend,TEST,30,owner,forced,True,59800,91.21,0.09121,0.91202,5,3.5625,True,2024-01-04,79,50,0,82,0,1
N04_ST_KLINGER,15m,friend,TEST,30,risk1,house,False,59800,99.09,0.09909,0.90817,12,39.75,True,2024-02-10,1299,950,160,0,0,0
N04_ST_KLINGER,15m,friend,TEST,30,risk1,house,True,59800,99.044,0.099044,0.90754,12,45.115,True,2024-02-16,1445,1055,161,0,65,0
N04_ST_KLINGER,15m,friend,TEST,30,risk1,forced,False,59800,101.37,0.10137,0.90725,13,39.469,True,2024-02-10,1428,975,0,0,0,2
N04_ST_KLINGER,15m,friend,TEST,30,risk1,forced,True,59800,99.242,0.099242,0.90748,13,45.115,True,2024-02-16,1575,1081,0,0,70,2
N04_ST_KLINGER,15m,friend,TEST,40,owner,house,False,59800,79.276,0.079276,0.92072,4,15.188,True,2024-01-16,101,70,617,68,0,0
N04_ST_KLINGER,15m,friend,TEST,40,owner,house,True,59800,82.978,0.082978,0.91702,4,15.188,True,2024-01-16,102,70,616,68,0,0
N04_ST_KLINGER,15m,friend,TEST,40,owner,forced,False,59800,95.039,0.095039,0.90496,5,2.4479,True,2024-01-03,49,20,0,82,0,1
N04_ST_KLINGER,15m,friend,TEST,40,owner,forced,True,59800,97.836,0.097836,0.90216,5,2.4479,True,2024-01-03,49,20,0,82,0,1
N04_ST_KLINGER,15m,friend,TEST,40,risk1,house,False,59800,98.469,0.098469,0.90502,11,46.823,True,2024-02-18,1436,917,490,0,0,0
N04_ST_KLINGER,15m,friend,TEST,40,risk1,house,True,59800,98.96,0.09896,0.90455,11,47.146,True,2024-02-18,1441,927,468,0,43,0
N04_ST_KLINGER,15m,friend,TEST,40,risk1,forced,False,59800,100.77,0.10077,0.90735,11,39.49,True,2024-02-10,1548,855,0,0,0,25
N04_ST_KLINGER,15m,friend,TEST,40,risk1,forced,True,59800,97.589,0.097589,0.90882,11,45,True,2024-02-16,1693,943,0,0,81,25
N04_ST_KLINGER,15m,friend,TEST,50,owner,house,False,59800,95.917,0.095917,0.92385,4,28.219,True,2024-02-04,53,65,1816,56,0,0
N04_ST_KLINGER,15m,friend,TEST,50,owner,house,True,59800,96.17,0.09617,0.92363,4,28.219,True,2024-02-04,53,65,1816,56,0,0
N04_ST_KLINGER,15m,friend,TEST,50,owner,forced,False,59800,97.022,0.097022,0.90298,4,2.0104,True,2024-01-03,38,19,0,73,0,1
N04_ST_KLINGER,15m,friend,TEST,50,owner,forced,True,59800,96.782,0.096782,0.90322,4,2.0104,True,2024-01-03,38,19,0,73,0,1
N04_ST_KLINGER,15m,friend,TEST,50,risk1,house,False,59800,97.038,0.097038,0.90499,12,51.25,True,2024-02-22,1278,770,1048,0,0,0
N04_ST_KLINGER,15m,friend,TEST,50,risk1,house,True,59800,99.375,0.099375,0.9027,12,51.844,True,2024-02-22,1296,789,993,0,73,0
N04_ST_KLINGER,15m,friend,TEST,50,risk1,forced,False,59800,98.323,0.098323,0.90516,13,36.635,True,2024-02-07,1510,697,0,0,0,73
N04_ST_KLINGER,15m,friend,TEST,50,risk1,forced,True,59800,99.685,0.099685,0.90469,12,39.406,True,2024-02-10,1580,759,0,0,42,72
N04_ST_KLINGER,15m,friend,EXTRA,20,owner,house,False,18158,111.78,0.11178,0.9167,5,7.6875,True,2020-01-19,284,176,25,4,0,0
N04_ST_KLINGER,15m,friend,EXTRA,20,owner,house,True,18158,112.09,0.11209,0.91649,5,7.6875,True,2020-01-19,284,176,25,4,0,0
N04_ST_KLINGER,15m,friend,EXTRA,20,owner,forced,False,18158,92.577,0.092577,0.91616,5,7.6875,True,2020-01-17,260,153,0,4,0,2
N04_ST_KLINGER,15m,friend,EXTRA,20,owner,forced,True,18158,92.679,0.092679,0.91608,5,7.6875,True,2020-01-17,260,153,0,4,0,2
N04_ST_KLINGER,15m,friend,EXTRA,20,risk1,house,False,18158,99.086,0.099086,0.90625,18,103.07,True,2020-04-27,2856,1768,299,0,0,0
N04_ST_KLINGER,15m,friend,EXTRA,20,risk1,house,True,18158,98.686,0.098686,0.9066,18,103.3,True,2020-04-27,2849,1768,251,0,73,0
N04_ST_KLINGER,15m,friend,EXTRA,20,risk1,forced,False,18158,98.633,0.098633,0.90778,18,102.69,True,2020-04-26,3095,1774,0,0,0,20
N04_ST_KLINGER,15m,friend,EXTRA,20,risk1,forced,True,18158,96.127,0.096127,0.909,18,103.51,True,2020-04-27,3059,1793,0,0,85,16
N04_ST_KLINGER,15m,friend,EXTRA,30,owner,house,False,18158,82.734,0.082734,0.92753,4,10.844,True,2020-01-17,165,92,124,17,0,0
N04_ST_KLINGER,15m,friend,EXTRA,30,owner,house,True,18158,83.029,0.083029,0.92727,4,10.844,True,2020-01-17,165,92,124,17,0,0
N04_ST_KLINGER,15m,friend,EXTRA,30,owner,forced,False,18158,30.885,0.030885,0.97294,3,8.1042,True,2020-01-14,173,81,0,19,0,4
N04_ST_KLINGER,15m,friend,EXTRA,30,owner,forced,True,18158,30.868,0.030868,0.97296,3,8.1042,True,2020-01-14,173,81,0,19,0,4
N04_ST_KLINGER,15m,friend,EXTRA,30,risk1,house,False,18158,99.373,0.099373,0.9017,12,111.43,True,2020-04-26,2549,1304,1065,0,0,0
N04_ST_KLINGER,15m,friend,EXTRA,30,risk1,house,True,18158,100.12,0.10012,0.90099,12,111.48,True,2020-04-27,2544,1300,981,0,98,0
N04_ST_KLINGER,15m,friend,EXTRA,30,risk1,forced,False,18158,98.84,0.09884,0.90196,11,89.604,True,2020-04-05,2773,1104,0,0,0,73
N04_ST_KLINGER,15m,friend,EXTRA,30,risk1,forced,True,18158,98.895,0.098895,0.90193,11,99.812,True,2020-04-15,2953,1196,0,0,201,53
N04_ST_KLINGER,15m,friend,EXTRA,40,owner,house,False,18158,78.518,0.078518,0.93718,6,22.146,True,2020-02-01,113,69,887,6,0,0
N04_ST_KLINGER,15m,friend,EXTRA,40,owner,house,True,18158,93.26,0.09326,0.92538,6,20.104,True,2020-01-30,105,67,807,6,0,0
N04_ST_KLINGER,15m,friend,EXTRA,40,owner,forced,False,18158,61.317,0.061317,0.94302,6,2.8229,True,2020-01-09,48,27,0,13,0,0
N04_ST_KLINGER,15m,friend,EXTRA,40,owner,forced,True,18158,61.389,0.061389,0.94295,6,2.8229,True,2020-01-09,48,27,0,13,0,0
N04_ST_KLINGER,15m,friend,EXTRA,40,risk1,house,False,18158,97.184,0.097184,0.90427,12,127.32,True,2020-05-13,2094,996,2547,0,0,0
N04_ST_KLINGER,15m,friend,EXTRA,40,risk1,house,True,18158,100.68,0.10068,0.90182,12,127.33,True,2020-05-13,2068,987,2480,0,107,0
N04_ST_KLINGER,15m,friend,EXTRA,40,risk1,forced,False,18158,99.816,0.099816,0.90117,12,76.792,True,2020-03-23,2530,798,0,0,1,183
N04_ST_KLINGER,15m,friend,EXTRA,40,risk1,forced,True,18158,98.957,0.098957,0.90171,12,79.375,True,2020-03-25,2495,800,0,0,168,158
N04_ST_KLINGER,15m,friend,EXTRA,50,owner,house,False,18158,90.07,0.09007,0.95373,12,55.667,True,2020-06-20,62,51,7141,12,0,0
N04_ST_KLINGER,15m,friend,EXTRA,50,owner,house,True,18158,90.13,0.09013,0.9537,12,55.667,True,2020-06-20,62,51,7141,12,0,0
N04_ST_KLINGER,15m,friend,EXTRA,50,owner,forced,False,18158,94.445,0.094445,0.91564,3,1.9896,True,2020-01-08,40,17,0,11,0,1
N04_ST_KLINGER,15m,friend,EXTRA,50,owner,forced,True,18158,94.531,0.094531,0.91557,3,1.9896,True,2020-01-08,40,17,0,11,0,1
N04_ST_KLINGER,15m,friend,EXTRA,50,risk1,house,False,18158,97.995,0.097995,0.90241,9,163.84,True,2020-06-18,1833,943,4383,0,0,0
N04_ST_KLINGER,15m,friend,EXTRA,50,risk1,house,True,18158,99.496,0.099496,0.90122,9,163.84,True,2020-06-18,1831,952,4356,0,34,0
N04_ST_KLINGER,15m,friend,EXTRA,50,risk1,forced,False,18158,99.697,0.099697,0.90192,19,68.271,True,2020-03-15,2355,633,0,0,1,266
N04_ST_KLINGER,15m,friend,EXTRA,50,risk1,forced,True,18158,99.982,0.099982,0.90165,12,71.396,True,2020-03-18,2346,637,0,0,117,252
N04_ST_KLINGER,15m,pick1,SEARCH,20,owner,house,False,52431,87.001,0.087001,0.93139,6,12.312,True,2021-01-13,181,61,313,0,0,0
N04_ST_KLINGER,15m,pick1,SEARCH,20,owner,house,True,52431,87.488,0.087488,0.931,6,12.312,True,2021-01-13,181,61,313,0,0,0
N04_ST_KLINGER,15m,pick1,SEARCH,20,owner,forced,False,52431,87.026,0.087026,0.93182,10,3.1979,True,2021-01-04,145,29,0,4,0,8
N04_ST_KLINGER,15m,pick1,SEARCH,20,owner,forced,True,52431,87.347,0.087347,0.93157,10,3.1979,True,2021-01-04,145,29,0,4,0,8
N04_ST_KLINGER,15m,pick1,SEARCH,20,risk1,house,False,52431,99.082,0.099082,0.90381,11,121.65,True,2021-05-02,3331,1295,1264,0,0,0
N04_ST_KLINGER,15m,pick1,SEARCH,20,risk1,house,True,52431,99.777,0.099777,0.90379,11,134,True,2021-05-15,3508,1339,1405,0,286,0
N04_ST_KLINGER,15m,pick1,SEARCH,20,risk1,forced,False,52431,98.548,0.098548,0.90433,11,99.167,True,2021-04-10,3661,1198,0,0,0,53
N04_ST_KLINGER,15m,pick1,SEARCH,20,risk1,forced,True,52431,97.581,0.097581,0.90526,11,99.969,True,2021-04-11,3639,1186,0,0,77,52
N04_ST_KLINGER,15m,pick1,SEARCH,30,owner,house,False,52431,97.911,0.097911,0.90209,7,24.552,True,2021-01-25,107,43,1067,6,0,0
N04_ST_KLINGER,15m,pick1,SEARCH,30,owner,house,True,52431,92.877,0.092877,0.90712,7,24.552,True,2021-01-25,109,43,1065,6,0,0
N04_ST_KLINGER,15m,pick1,SEARCH,30,owner,forced,False,52431,92.146,0.092146,0.92578,5,2.3542,True,2021-01-03,78,20,0,18,0,6
N04_ST_KLINGER,15m,pick1,SEARCH,30,owner,forced,True,52431,92.643,0.092643,0.92538,5,2.3542,True,2021-01-03,78,20,0,18,0,6
N04_ST_KLINGER,15m,pick1,SEARCH,30,risk1,house,False,52431,99.417,0.099417,0.90542,8,173.32,True,2021-07-10,3219,1082,4982,0,0,0
N04_ST_KLINGER,15m,pick1,SEARCH,30,risk1,house,True,52431,98.895,0.098895,0.9059,9,176.16,True,2021-07-13,3231,1117,4809,0,277,0
N04_ST_KLINGER,15m,pick1,SEARCH,30,risk1,forced,False,52431,99.441,0.099441,0.90242,10,85.417,True,2021-03-27,3420,749,0,0,0,212
N04_ST_KLINGER,15m,pick1,SEARCH,30,risk1,forced,True,52431,100.44,0.10044,0.90235,10,86.51,True,2021-03-28,3306,735,0,0,204,210
N04_ST_KLINGER,15m,pick1,SEARCH,40,owner,house,False,52431,88.762,0.088762,0.93499,7,77.312,True,2021-08-24,160,62,11217,1,0,0
N04_ST_KLINGER,15m,pick1,SEARCH,40,owner,house,True,52431,95.185,0.095185,0.91801,7,105.36,True,2021-08-23,157,60,11175,1,0,0
N04_ST_KLINGER,15m,pick1,SEARCH,40,owner,forced,False,52431,65.726,0.065726,0.94142,3,1.1458,True,2021-01-02,28,11,0,24,0,3
N04_ST_KLINGER,15m,pick1,SEARCH,40,owner,forced,True,52431,65.744,0.065744,0.9414,3,1.1458,True,2021-01-02,28,11,0,24,0,3
N04_ST_KLINGER,15m,pick1,SEARCH,40,risk1,house,False,52431,98.505,0.098505,0.90176,10,239.81,True,2021-08-29,2237,818,8625,0,0,0
N04_ST_KLINGER,15m,pick1,SEARCH,40,risk1,house,True,52431,100.35,0.10035,0.90065,10,240.75,True,2021-08-30,2180,805,8482,0,265,0
N04_ST_KLINGER,15m,pick1,SEARCH,40,risk1,forced,False,52431,99.45,0.09945,0.90145,11,68.573,True,2021-03-10,2906,421,0,0,0,445
N04_ST_KLINGER,15m,pick1,SEARCH,40,risk1,forced,True,52431,98.947,0.098947,0.90148,11,74.802,True,2021-03-17,3009,439,0,0,180,450
N04_ST_KLINGER,15m,pick1,SEARCH,50,owner,house,False,52431,90.507,0.090507,0.90949,5,265.02,True,2022-05-29,43,25,24356,4,0,0
N04_ST_KLINGER,15m,pick1,SEARCH,50,owner,house,True,52431,91.153,0.091153,0.90885,5,265.02,True,2022-05-29,43,25,24356,4,0,0
N04_ST_KLINGER,15m,pick1,SEARCH,50,owner,forced,False,52431,80.347,0.080347,0.95265,2,1.1458,True,2021-01-02,27,7,0,29,0,4
N04_ST_KLINGER,15m,pick1,SEARCH,50,owner,forced,True,52431,80.383,0.080383,0.95263,2,1.1458,True,2021-01-02,27,7,0,29,0,4
N04_ST_KLINGER,15m,pick1,SEARCH,50,risk1,house,False,52431,99.609,0.099609,0.90254,7,327.15,True,2021-12-24,1719,675,14819,0,0,0
N04_ST_KLINGER,15m,pick1,SEARCH,50,risk1,house,True,52431,99.929,0.099929,0.90226,7,329.99,True,2021-12-27,1744,692,14038,0,887,0
N04_ST_KLINGER,15m,pick1,SEARCH,50,risk1,forced,False,52431,99.403,0.099403,0.90189,12,55.406,True,2021-02-25,2412,218,0,0,1,634
N04_ST_KLINGER,15m,pick1,SEARCH,50,risk1,forced,True,52431,99.564,0.099564,0.90203,13,62.594,True,2021-03-04,2567,228,0,0,202,671
N04_ST_KLINGER,15m,pick1,TEST,20,owner,house,False,44703,84.119,0.084119,0.91588,11,9.3542,True,2024-01-10,232,141,7,55,0,0
N04_ST_KLINGER,15m,pick1,TEST,20,owner,house,True,44703,81.821,0.081821,0.91818,11,9.3542,True,2024-01-10,234,141,7,53,0,0
N04_ST_KLINGER,15m,pick1,TEST,20,owner,forced,False,44703,91.592,0.091592,0.90841,11,9.3646,True,2024-01-10,240,141,0,55,0,0
N04_ST_KLINGER,15m,pick1,TEST,20,owner,forced,True,44703,93.679,0.093679,0.90632,11,9.3646,True,2024-01-10,241,142,0,53,0,0
N04_ST_KLINGER,15m,pick1,TEST,20,risk1,house,False,44703,100.56,0.10056,0.90351,15,45.365,True,2024-02-17,1231,850,9,0,0,0
N04_ST_KLINGER,15m,pick1,TEST,20,risk1,house,True,44703,98.679,0.098679,0.90411,15,47.333,True,2024-02-19,1252,884,9,0,45,0
N04_ST_KLINGER,15m,pick1,TEST,20,risk1,forced,False,44703,100.64,0.10064,0.90343,15,45.365,True,2024-02-17,1240,850,0,0,0,0
N04_ST_KLINGER,15m,pick1,TEST,20,risk1,forced,True,44703,98.711,0.098711,0.90408,15,47.333,True,2024-02-19,1261,884,0,0,45,0
N04_ST_KLINGER,15m,pick1,TEST,30,owner,house,False,44703,82.448,0.082448,0.92248,5,4.7396,True,2024-01-05,95,64,34,41,0,0
N04_ST_KLINGER,15m,pick1,TEST,30,owner,house,True,44703,87.005,0.087005,0.91761,5,4.7396,True,2024-01-05,93,64,31,44,0,0
N04_ST_KLINGER,15m,pick1,TEST,30,owner,forced,False,44703,45.462,0.045462,0.95454,6,4.7292,True,2024-01-05,100,62,0,70,0,0
N04_ST_KLINGER,15m,pick1,TEST,30,owner,forced,True,44703,46.416,0.046416,0.95358,6,4.7292,True,2024-01-05,100,62,0,70,0,0
N04_ST_KLINGER,15m,pick1,TEST,30,risk1,house,False,44703,99.118,0.099118,0.902,11,44.771,True,2024-02-16,1222,709,119,0,0,0
N04_ST_KLINGER,15m,pick1,TEST,30,risk1,house,True,44703,99.561,0.099561,0.90155,11,46.292,True,2024-02-18,1225,727,119,0,53,0
N04_ST_KLINGER,15m,pick1,TEST,30,risk1,forced,False,44703,98.858,0.098858,0.90194,11,44.781,True,2024-02-16,1325,725,0,0,0,1
N04_ST_KLINGER,15m,pick1,TEST,30,risk1,forced,True,44703,98.513,0.098513,0.9023,11,46.302,True,2024-02-18,1328,743,0,0,53,1
N04_ST_KLINGER,15m,pick1,TEST,40,owner,house,False,44703,70.954,0.070954,0.92905,6,14.458,True,2024-01-15,89,52,474,33,0,0
N04_ST_KLINGER,15m,pick1,TEST,40,owner,house,True,44703,76.388,0.076388,0.92361,6,14.458,True,2024-01-15,88,49,471,40,0,0
N04_ST_KLINGER,15m,pick1,TEST,40,owner,forced,False,44703,70.705,0.070705,0.92929,5,3.4688,True,2024-01-04,52,25,0,81,0,1
N04_ST_KLINGER,15m,pick1,TEST,40,owner,forced,True,44703,71.322,0.071322,0.92868,5,3.4688,True,2024-01-04,52,25,0,81,0,1
N04_ST_KLINGER,15m,pick1,TEST,40,risk1,house,False,44703,98.092,0.098092,0.90191,11,48.24,True,2024-02-18,1152,607,377,0,0,0
N04_ST_KLINGER,15m,pick1,TEST,40,risk1,house,True,44703,99.518,0.099518,0.90048,11,49.552,True,2024-02-19,1182,619,355,0,46,0
N04_ST_KLINGER,15m,pick1,TEST,40,risk1,forced,False,44703,99.365,0.099365,0.90081,10,46.854,True,2024-02-16,1420,633,0,0,0,16
N04_ST_KLINGER,15m,pick1,TEST,40,risk1,forced,True,44703,98.889,0.098889,0.90192,10,48.333,True,2024-02-18,1435,656,0,0,52,16
N04_ST_KLINGER,15m,pick1,TEST,50,owner,house,False,44703,97.292,0.097292,0.92174,4,28,True,2024-02-04,60,44,1395,18,0,0
N04_ST_KLINGER,15m,pick1,TEST,50,owner,house,True,44703,97.374,0.097374,0.92166,4,28,True,2024-02-04,60,44,1395,18,0,0
N04_ST_KLINGER,15m,pick1,TEST,50,owner,forced,False,44703,65.876,0.065876,0.93905,4,1.3438,True,2024-01-02,26,13,0,30,0,1
N04_ST_KLINGER,15m,pick1,TEST,50,owner,forced,True,44703,66.277,0.066277,0.93868,4,1.3438,True,2024-01-02,26,13,0,30,0,1
N04_ST_KLINGER,15m,pick1,TEST,50,risk1,house,False,44703,98.451,0.098451,0.90258,15,53.042,True,2024-02-25,1127,526,813,0,0,0
N04_ST_KLINGER,15m,pick1,TEST,50,risk1,house,True,44703,98.169,0.098169,0.90282,15,53.792,True,2024-02-26,1145,538,765,0,57,0
N04_ST_KLINGER,15m,pick1,TEST,50,risk1,forced,False,44703,99.088,0.099088,0.90124,13,45.385,True,2024-02-15,1437,562,0,0,0,54
N04_ST_KLINGER,15m,pick1,TEST,50,risk1,forced,True,44703,97.839,0.097839,0.90248,13,46.938,True,2024-02-17,1453,570,0,0,52,52
N04_ST_KLINGER,15m,pick1,EXTRA,20,owner,house,False,14170,91.377,0.091377,0.9299,7,11.938,True,2020-01-23,315,187,23,1,0,0
N04_ST_KLINGER,15m,pick1,EXTRA,20,owner,house,True,14170,91.537,0.091537,0.92976,7,11.938,True,2020-01-23,315,187,23,1,0,0
N04_ST_KLINGER,15m,pick1,EXTRA,20,owner,forced,False,14170,87.528,0.087528,0.93285,7,8.375,True,2020-01-20,259,133,0,1,0,0
N04_ST_KLINGER,15m,pick1,EXTRA,20,owner,forced,True,14170,87.769,0.087769,0.93265,7,8.375,True,2020-01-20,259,133,0,1,0,0
N04_ST_KLINGER,15m,pick1,EXTRA,20,risk1,house,False,14170,96.469,0.096469,0.91234,12,107.96,True,2020-04-28,2472,1294,212,0,0,0
N04_ST_KLINGER,15m,pick1,EXTRA,20,risk1,house,True,14170,99.146,0.099146,0.91135,12,107.98,True,2020-04-28,2468,1292,193,0,28,0
N04_ST_KLINGER,15m,pick1,EXTRA,20,risk1,forced,False,14170,96.283,0.096283,0.91251,12,105.99,True,2020-04-26,2605,1296,0,0,0,12
N04_ST_KLINGER,15m,pick1,EXTRA,20,risk1,forced,True,14170,99.35,0.09935,0.91004,12,106.03,True,2020-04-26,2563,1285,0,0,58,12
N04_ST_KLINGER,15m,pick1,EXTRA,30,owner,house,False,14170,90.475,0.090475,0.91654,8,12,True,2020-01-18,151,74,107,11,0,0
N04_ST_KLINGER,15m,pick1,EXTRA,30,owner,house,True,14170,90.735,0.090735,0.9163,8,12,True,2020-01-18,151,74,107,11,0,0
N04_ST_KLINGER,15m,pick1,EXTRA,30,owner,forced,False,14170,97.462,0.097462,0.9217,8,7.0208,True,2020-01-15,161,74,0,12,0,4
N04_ST_KLINGER,15m,pick1,EXTRA,30,owner,forced,True,14170,97.641,0.097641,0.92157,8,7.0208,True,2020-01-15,161,74,0,12,0,4
N04_ST_KLINGER,15m,pick1,EXTRA,30,risk1,house,False,14170,95.608,0.095608,0.90803,12,105.5,True,2020-04-26,2141,940,805,0,0,0
N04_ST_KLINGER,15m,pick1,EXTRA,30,risk1,house,True,14170,98.508,0.098508,0.90524,12,105.31,True,2020-04-26,2123,928,745,0,80,0
N04_ST_KLINGER,15m,pick1,EXTRA,30,risk1,forced,False,14170,96.079,0.096079,0.90648,12,93.646,True,2020-04-14,2534,873,0,0,0,59
N04_ST_KLINGER,15m,pick1,EXTRA,30,risk1,forced,True,14170,98.973,0.098973,0.90366,11,93.427,True,2020-04-14,2401,844,0,0,157,50
N04_ST_KLINGER,15m,pick1,EXTRA,40,owner,house,False,14170,97.495,0.097495,0.90805,6,27.771,True,2020-02-04,112,65,785,7,0,0
N04_ST_KLINGER,15m,pick1,EXTRA,40,owner,house,True,14170,97.821,0.097821,0.90774,6,27.771,True,2020-02-04,112,65,785,7,0,0
N04_ST_KLINGER,15m,pick1,EXTRA,40,owner,forced,False,14170,102.06,0.10206,0.92876,4,3.7292,True,2020-01-12,88,35,0,25,0,1
N04_ST_KLINGER,15m,pick1,EXTRA,40,owner,forced,True,14170,102.16,0.10216,0.92869,4,3.7292,True,2020-01-12,88,35,0,25,0,1
N04_ST_KLINGER,15m,pick1,EXTRA,40,risk1,house,False,14170,98.772,0.098772,0.90238,10,150.81,True,2020-06-08,2292,984,2039,0,0,0
N04_ST_KLINGER,15m,pick1,EXTRA,40,risk1,house,True,14170,98.502,0.098502,0.90264,10,150.81,True,2020-06-08,2288,981,2011,0,35,0
N04_ST_KLINGER,15m,pick1,EXTRA,40,risk1,forced,False,14170,99.528,0.099528,0.9014,12,93.49,True,2020-04-09,2533,679,0,0,0,148
N04_ST_KLINGER,15m,pick1,EXTRA,40,risk1,forced,True,14170,99.465,0.099465,0.90147,10,93.49,True,2020-04-09,2386,655,0,0,171,131
N04_ST_KLINGER,15m,pick1,EXTRA,50,owner,house,False,14170,91.825,0.091825,0.93722,4,106.72,True,2020-06-21,56,25,5642,11,0,0
N04_ST_KLINGER,15m,pick1,EXTRA,50,owner,house,True,14170,91.94,0.09194,0.93713,4,106.72,True,2020-06-21,56,25,5642,11,0,0
N04_ST_KLINGER,15m,pick1,EXTRA,50,owner,forced,False,14170,97.795,0.097795,0.92369,4,1.4375,True,2020-01-08,28,7,0,10,0,1
N04_ST_KLINGER,15m,pick1,EXTRA,50,owner,forced,True,14170,97.868,0.097868,0.92363,4,1.4375,True,2020-01-08,28,7,0,10,0,1
N04_ST_KLINGER,15m,pick1,EXTRA,50,risk1,house,False,14170,101.07,0.10107,0.90349,11,182.07,True,2020-07-11,1950,890,3546,0,0,0
N04_ST_KLINGER,15m,pick1,EXTRA,50,risk1,house,True,14170,97.272,0.097272,0.90578,11,182.65,True,2020-07-12,1962,896,3538,0,10,0
N04_ST_KLINGER,15m,pick1,EXTRA,50,risk1,forced,False,14170,98.848,0.098848,0.90227,12,79.365,True,2020-03-25,2248,487,0,0,1,287
N04_ST_KLINGER,15m,pick1,EXTRA,50,risk1,forced,True,14170,99.901,0.099901,0.90122,10,81.406,True,2020-03-27,2189,488,0,0,129,260
N04_ST_KLINGER,15m,pick2,SEARCH,20,owner,house,False,52390,97.947,0.097947,0.92276,6,12.312,True,2021-01-13,181,60,312,0,0,0
N04_ST_KLINGER,15m,pick2,SEARCH,20,owner,house,True,52390,98.478,0.098478,0.92233,6,12.312,True,2021-01-13,181,60,312,0,0,0
N04_ST_KLINGER,15m,pick2,SEARCH,20,owner,forced,False,52390,84.035,0.084035,0.93511,9,2.375,True,2021-01-05,162,27,0,3,0,10
N04_ST_KLINGER,15m,pick2,SEARCH,20,owner,forced,True,52390,84.265,0.084265,0.93492,9,2.375,True,2021-01-05,162,27,0,3,0,10
N04_ST_KLINGER,15m,pick2,SEARCH,20,risk1,house,False,52390,97.469,0.097469,0.90595,11,124.66,True,2021-05-09,3514,1345,1394,0,0,0
N04_ST_KLINGER,15m,pick2,SEARCH,20,risk1,house,True,52390,99.309,0.099309,0.90383,11,152.47,True,2021-06-06,3869,1435,1796,0,484,0
N04_ST_KLINGER,15m,pick2,SEARCH,20,risk1,forced,False,52390,97.542,0.097542,0.90563,11,102.94,True,2021-04-15,3836,1265,0,0,0,66
N04_ST_KLINGER,15m,pick2,SEARCH,20,risk1,forced,True,52390,101.1,0.1011,0.90338,11,117.55,True,2021-04-30,4221,1318,0,0,225,83
N04_ST_KLINGER,15m,pick2,SEARCH,30,owner,house,False,52390,99.147,0.099147,0.90085,7,24.552,True,2021-01-25,108,42,1063,6,0,0
N04_ST_KLINGER,15m,pick2,SEARCH,30,owner,house,True,52390,94.003,0.094003,0.906,7,24.552,True,2021-01-25,110,42,1061,6,0,0
N04_ST_KLINGER,15m,pick2,SEARCH,30,owner,forced,False,52390,99.431,0.099431,0.91992,4,2.0104,True,2021-01-03,69,18,0,18,0,5
N04_ST_KLINGER,15m,pick2,SEARCH,30,owner,forced,True,52390,99.692,0.099692,0.91971,4,2.0104,True,2021-01-03,69,18,0,18,0,5
N04_ST_KLINGER,15m,pick2,SEARCH,30,risk1,house,False,52390,98.376,0.098376,0.90615,8,173.97,True,2021-07-11,3228,1091,4987,0,0,0
N04_ST_KLINGER,15m,pick2,SEARCH,30,risk1,house,True,52390,98.606,0.098606,0.90593,9,176.16,True,2021-07-13,3232,1112,4819,0,271,0
N04_ST_KLINGER,15m,pick2,SEARCH,30,risk1,forced,False,52390,98.187,0.098187,0.90341,10,86.854,True,2021-03-29,3484,769,0,0,0,212
N04_ST_KLINGER,15m,pick2,SEARCH,30,risk1,forced,True,52390,99.733,0.099733,0.90222,10,89.042,True,2021-03-31,3415,766,0,0,194,210
N04_ST_KLINGER,15m,pick2,SEARCH,40,owner,house,False,52390,94.727,0.094727,0.95154,5,76.896,True,2021-08-29,168,68,11436,5,0,0
N04_ST_KLINGER,15m,pick2,SEARCH,40,owner,house,True,52390,94.799,0.094799,0.9515,5,76.896,True,2021-08-29,168,69,11435,5,0,0
N04_ST_KLINGER,15m,pick2,SEARCH,40,owner,forced,False,52390,65.726,0.065726,0.94142,3,1.1458,True,2021-01-02,28,10,0,23,0,3
N04_ST_KLINGER,15m,pick2,SEARCH,40,owner,forced,True,52390,65.744,0.065744,0.9414,3,1.1458,True,2021-01-02,28,10,0,23,0,3
N04_ST_KLINGER,15m,pick2,SEARCH,40,risk1,house,False,52390,100.05,0.10005,0.9004,10,243.01,True,2021-09-01,2297,846,8694,0,0,0
N04_ST_KLINGER,15m,pick2,SEARCH,40,risk1,house,True,52390,98.39,0.09839,0.90188,10,266,True,2021-09-24,2514,949,8932,0,496,0
N04_ST_KLINGER,15m,pick2,SEARCH,40,risk1,forced,False,52390,99.686,0.099686,0.90168,9,69.052,True,2021-03-11,2922,418,0,0,0,442
N04_ST_KLINGER,15m,pick2,SEARCH,40,risk1,forced,True,52390,99.381,0.099381,0.90105,9,81.51,True,2021-03-23,3259,506,0,0,226,448
N04_ST_KLINGER,15m,pick2,SEARCH,50,owner,house,False,52390,95.54,0.09554,0.90446,4,265.02,True,2022-05-29,41,26,24333,4,0,0
N04_ST_KLINGER,15m,pick2,SEARCH,50,owner,house,True,52390,96.326,0.096326,0.90367,4,265.02,True,2022-05-29,41,26,24333,4,0,0
N04_ST_KLINGER,15m,pick2,SEARCH,50,owner,forced,False,52390,82.441,0.082441,0.95142,3,1.1458,True,2021-01-02,27,7,0,27,0,4
N04_ST_KLINGER,15m,pick2,SEARCH,50,owner,forced,True,52390,82.484,0.082484,0.95139,3,1.1458,True,2021-01-02,27,7,0,27,0,4
N04_ST_KLINGER,15m,pick2,SEARCH,50,risk1,house,False,52390,99.979,0.099979,0.90217,8,328.17,True,2021-12-25,1735,688,14826,0,0,0
N04_ST_KLINGER,15m,pick2,SEARCH,50,risk1,house,True,52390,98.639,0.098639,0.90345,7,330,True,2021-12-27,1747,695,14116,0,787,0
N04_ST_KLINGER,15m,pick2,SEARCH,50,risk1,forced,False,52390,99.748,0.099748,0.90155,9,55.406,True,2021-02-25,2408,217,0,0,1,633
N04_ST_KLINGER,15m,pick2,SEARCH,50,risk1,forced,True,52390,99.383,0.099383,0.90283,13,62.969,True,2021-03-04,2579,230,0,0,204,673
N04_ST_KLINGER,15m,pick2,TEST,20,owner,house,False,44688,98.273,0.098273,0.90173,11,9.6979,True,2024-01-10,244,146,8,53,0,0
N04_ST_KLINGER,15m,pick2,TEST,20,owner,house,True,44688,99.468,0.099468,0.90053,11,9.6979,True,2024-01-10,244,149,8,50,0,0
N04_ST_KLINGER,15m,pick2,TEST,20,owner,forced,False,44688,114.36,0.11436,0.90643,11,9.75,True,2024-01-10,257,146,0,53,0,0
N04_ST_KLINGER,15m,pick2,TEST,20,owner,forced,True,44688,98.092,0.098092,0.90191,11,15.469,True,2024-01-16,391,242,0,75,0,0
N04_ST_KLINGER,15m,pick2,TEST,20,risk1,house,False,44688,99.807,0.099807,0.90362,15,47.688,True,2024-02-19,1282,892,10,0,0,0
N04_ST_KLINGER,15m,pick2,TEST,20,risk1,house,True,44688,95.526,0.095526,0.90669,15,50.448,True,2024-02-22,1345,921,10,0,55,0
N04_ST_KLINGER,15m,pick2,TEST,20,risk1,forced,False,44688,99.866,0.099866,0.90356,15,47.688,True,2024-02-19,1292,892,0,0,0,0
N04_ST_KLINGER,15m,pick2,TEST,20,risk1,forced,True,44688,95.832,0.095832,0.90639,15,50.448,True,2024-02-22,1355,922,0,0,54,0
N04_ST_KLINGER,15m,pick2,TEST,30,owner,house,False,44688,90.46,0.09046,0.91494,5,4.7396,True,2024-01-05,91,62,35,44,0,0
N04_ST_KLINGER,15m,pick2,TEST,30,owner,house,True,44688,85.08,0.08508,0.91999,5,4.7396,True,2024-01-05,90,62,33,47,0,0
N04_ST_KLINGER,15m,pick2,TEST,30,owner,forced,False,44688,61.152,0.061152,0.93885,5,4.7292,True,2024-01-05,105,59,0,68,0,0
N04_ST_KLINGER,15m,pick2,TEST,30,owner,forced,True,44688,61.539,0.061539,0.93846,5,4.7292,True,2024-01-05,105,59,0,68,0,0
N04_ST_KLINGER,15m,pick2,TEST,30,risk1,house,False,44688,98.567,0.098567,0.90257,14,45.562,True,2024-02-17,1239,716,122,0,0,0
N04_ST_KLINGER,15m,pick2,TEST,30,risk1,house,True,44688,101.57,0.10157,0.90177,14,47.083,True,2024-02-18,1248,734,122,0,40,0
N04_ST_KLINGER,15m,pick2,TEST,30,risk1,forced,False,44688,98.121,0.098121,0.9027,14,46.302,True,2024-02-18,1365,744,0,0,0,1
N04_ST_KLINGER,15m,pick2,TEST,30,risk1,forced,True,44688,102.06,0.10206,0.90099,14,47.094,True,2024-02-18,1356,750,0,0,38,1
N04_ST_KLINGER,15m,pick2,TEST,40,owner,house,False,44688,93.284,0.093284,0.90672,7,6.2708,True,2024-01-07,54,32,198,17,0,0
N04_ST_KLINGER,15m,pick2,TEST,40,owner,house,True,44688,94.556,0.094556,0.91039,7,6.0521,True,2024-01-07,50,24,188,14,0,0
N04_ST_KLINGER,15m,pick2,TEST,40,owner,forced,False,44688,86.501,0.086501,0.9135,6,2.3229,True,2024-01-03,42,21,0,61,0,0
N04_ST_KLINGER,15m,pick2,TEST,40,owner,forced,True,44688,86.811,0.086811,0.91319,6,2.3229,True,2024-01-03,42,21,0,61,0,0
N04_ST_KLINGER,15m,pick2,TEST,40,risk1,house,False,44688,98.561,0.098561,0.90144,11,50.177,True,2024-02-20,1210,629,384,0,0,0
N04_ST_KLINGER,15m,pick2,TEST,40,risk1,house,True,44688,96.346,0.096346,0.90365,11,52.167,True,2024-02-22,1245,633,378,0,54,0
N04_ST_KLINGER,15m,pick2,TEST,40,risk1,forced,False,44688,99.079,0.099079,0.90092,10,47.271,True,2024-02-17,1439,638,0,0,0,15
N04_ST_KLINGER,15m,pick2,TEST,40,risk1,forced,True,44688,102.12,0.10212,0.90026,10,48.792,True,2024-02-18,1451,656,0,0,37,15
N04_ST_KLINGER,15m,pick2,TEST,50,owner,house,False,44688,85.023,0.085023,0.93267,4,28.229,True,2024-02-04,63,43,1395,17,0,0
N04_ST_KLINGER,15m,pick2,TEST,50,owner,house,True,44688,85.059,0.085059,0.93263,4,28.229,True,2024-02-04,63,43,1395,17,0,0
N04_ST_KLINGER,15m,pick2,TEST,50,owner,forced,False,44688,92.389,0.092389,0.91128,6,0.47917,True,2024-01-01,11,4,0,11,0,1
N04_ST_KLINGER,15m,pick2,TEST,50,owner,forced,True,44688,92.437,0.092437,0.91123,6,0.47917,True,2024-01-01,11,4,0,11,0,1
N04_ST_KLINGER,15m,pick2,TEST,50,risk1,house,False,44688,100.58,0.10058,0.90093,12,54.542,True,2024-02-26,1149,542,817,0,0,0
N04_ST_KLINGER,15m,pick2,TEST,50,risk1,house,True,44688,97.373,0.097373,0.90338,12,66.562,True,2024-03-09,1213,561,1148,0,201,0
N04_ST_KLINGER,15m,pick2,TEST,50,risk1,forced,False,44688,96.776,0.096776,0.90339,13,46.458,True,2024-02-16,1473,562,0,0,0,54
N04_ST_KLINGER,15m,pick2,TEST,50,risk1,forced,True,44688,98.445,0.098445,0.90183,13,48.156,True,2024-02-18,1488,580,0,0,54,52
N04_ST_KLINGER,15m,pick2,EXTRA,20,owner,house,False,14146,93.107,0.093107,0.91992,7,13.885,True,2020-01-25,354,209,23,3,0,0
N04_ST_KLINGER,15m,pick2,EXTRA,20,owner,house,True,14146,93.393,0.093393,0.91966,7,13.885,True,2020-01-25,354,209,23,3,0,0
N04_ST_KLINGER,15m,pick2,EXTRA,20,owner,forced,False,14146,96.447,0.096447,0.91705,7,8.5312,True,2020-01-20,265,142,0,1,0,0
N04_ST_KLINGER,15m,pick2,EXTRA,20,owner,forced,True,14146,96.625,0.096625,0.91688,7,8.5312,True,2020-01-20,265,142,0,1,0,0
N04_ST_KLINGER,15m,pick2,EXTRA,20,risk1,house,False,14146,95.247,0.095247,0.91279,12,107.98,True,2020-04-28,2459,1303,213,0,0,0
N04_ST_KLINGER,15m,pick2,EXTRA,20,risk1,house,True,14146,95.757,0.095757,0.91231,12,107.98,True,2020-04-28,2451,1298,194,0,32,0
N04_ST_KLINGER,15m,pick2,EXTRA,20,risk1,forced,False,14146,100.48,0.10048,0.90856,12,105.43,True,2020-04-26,2578,1303,0,0,0,12
N04_ST_KLINGER,15m,pick2,EXTRA,20,risk1,forced,True,14146,98.273,0.098273,0.91012,12,106.31,True,2020-04-27,2556,1300,0,0,61,12
N04_ST_KLINGER,15m,pick2,EXTRA,30,owner,house,False,14146,72.864,0.072864,0.93279,8,12,True,2020-01-18,150,72,108,10,0,0
N04_ST_KLINGER,15m,pick2,EXTRA,30,owner,house,True,14146,73.102,0.073102,0.93257,8,12,True,2020-01-18,150,72,108,10,0,0
N04_ST_KLINGER,15m,pick2,EXTRA,30,owner,forced,False,14146,63.307,0.063307,0.9416,8,9.3333,True,2020-01-15,161,72,0,13,0,4
N04_ST_KLINGER,15m,pick2,EXTRA,30,owner,forced,True,14146,63.487,0.063487,0.94144,8,9.3333,True,2020-01-15,161,72,0,13,0,4
N04_ST_KLINGER,15m,pick2,EXTRA,30,risk1,house,False,14146,97.409,0.097409,0.90667,12,105.51,True,2020-04-26,2145,935,801,0,0,0
N04_ST_KLINGER,15m,pick2,EXTRA,30,risk1,house,True,14146,97.342,0.097342,0.90671,12,105.51,True,2020-04-26,2132,928,740,0,81,0
N04_ST_KLINGER,15m,pick2,EXTRA,30,risk1,forced,False,14146,98.116,0.098116,0.90406,12,93.688,True,2020-04-14,2534,868,0,0,0,60
N04_ST_KLINGER,15m,pick2,EXTRA,30,risk1,forced,True,14146,99.897,0.099897,0.90245,12,93.688,True,2020-04-14,2416,845,0,0,144,51
N04_ST_KLINGER,15m,pick2,EXTRA,40,owner,house,False,14146,101.84,0.10184,0.90973,6,24.896,True,2020-02-01,100,53,703,7,0,0
N04_ST_KLINGER,15m,pick2,EXTRA,40,owner,house,True,14146,97.547,0.097547,0.908,6,25,True,2020-02-01,102,55,703,7,0,0
N04_ST_KLINGER,15m,pick2,EXTRA,40,owner,forced,False,14146,92.169,0.092169,0.93385,4,3.8229,True,2020-01-12,89,35,0,28,0,1
N04_ST_KLINGER,15m,pick2,EXTRA,40,owner,forced,True,14146,92.247,0.092247,0.9338,4,3.8229,True,2020-01-12,89,35,0,28,0,1
N04_ST_KLINGER,15m,pick2,EXTRA,40,risk1,house,False,14146,97.96,0.09796,0.90339,10,149.1,True,2020-06-06,2271,956,2034,0,0,0
N04_ST_KLINGER,15m,pick2,EXTRA,40,risk1,house,True,14146,99.54,0.09954,0.90183,10,149.1,True,2020-06-06,2264,957,2008,0,33,0
N04_ST_KLINGER,15m,pick2,EXTRA,40,risk1,forced,False,14146,99.27,0.09927,0.90291,11,92.542,True,2020-04-08,2499,666,0,0,0,149
N04_ST_KLINGER,15m,pick2,EXTRA,40,risk1,forced,True,14146,99.068,0.099068,0.90186,11,93.115,True,2020-04-08,2373,642,0,0,171,133
N04_ST_KLINGER,15m,pick2,EXTRA,50,owner,house,False,14146,98.183,0.098183,0.93288,4,106.72,True,2020-06-21,55,26,5639,10,0,0
N04_ST_KLINGER,15m,pick2,EXTRA,50,owner,house,True,14146,98.294,0.098294,0.93279,4,106.72,True,2020-06-21,55,26,5639,10,0,0
N04_ST_KLINGER,15m,pick2,EXTRA,50,owner,forced,False,14146,101.57,0.10157,0.92075,4,1.4375,True,2020-01-08,27,7,0,11,0,1
N04_ST_KLINGER,15m,pick2,EXTRA,50,owner,forced,True,14146,101.6,0.1016,0.92072,4,1.4375,True,2020-01-08,27,7,0,11,0,1
N04_ST_KLINGER,15m,pick2,EXTRA,50,risk1,house,False,14146,99.301,0.099301,0.90372,11,174.82,True,2020-07-04,1826,798,3506,0,0,0
N04_ST_KLINGER,15m,pick2,EXTRA,50,risk1,house,True,14146,97.21,0.09721,0.90574,11,181.47,True,2020-07-11,1942,880,3530,0,11,0
N04_ST_KLINGER,15m,pick2,EXTRA,50,risk1,forced,False,14146,99.638,0.099638,0.90148,12,79.667,True,2020-03-26,2252,477,0,0,1,288
N04_ST_KLINGER,15m,pick2,EXTRA,50,risk1,forced,True,14146,98.446,0.098446,0.90266,11,82.927,True,2020-03-29,2201,485,0,0,137,262
N04_ST_KLINGER,15m,pick3,SEARCH,20,owner,house,False,63253,97.574,0.097574,0.91788,6,11.979,True,2021-01-13,209,61,378,1,0,0
N04_ST_KLINGER,15m,pick3,SEARCH,20,owner,house,True,63253,99.183,0.099183,0.91652,6,11.979,True,2021-01-13,209,61,378,1,0,0
N04_ST_KLINGER,15m,pick3,SEARCH,20,owner,forced,False,63253,106.63,0.10663,0.91892,6,2.4167,True,2021-01-03,112,26,0,8,0,6
N04_ST_KLINGER,15m,pick3,SEARCH,20,owner,forced,True,63253,106.39,0.10639,0.91867,6,2.4167,True,2021-01-03,112,26,0,8,0,6
N04_ST_KLINGER,15m,pick3,SEARCH,20,risk1,house,False,63253,102.22,0.10222,0.90229,11,120.86,True,2021-05-02,3911,1642,1545,0,0,0
N04_ST_KLINGER,15m,pick3,SEARCH,20,risk1,house,True,63253,99.959,0.099959,0.90252,11,126.24,True,2021-05-07,3953,1658,1578,0,225,0
N04_ST_KLINGER,15m,pick3,SEARCH,20,risk1,forced,False,63253,98.533,0.098533,0.90359,15,100.07,True,2021-04-11,4331,1584,0,0,0,63
N04_ST_KLINGER,15m,pick3,SEARCH,20,risk1,forced,True,63253,98.808,0.098808,0.90331,15,109.76,True,2021-04-21,4660,1653,0,0,184,88
N04_ST_KLINGER,15m,pick3,SEARCH,30,owner,house,False,63253,93.71,0.09371,0.90629,4,24.354,True,2021-01-25,111,48,1290,11,0,0
N04_ST_KLINGER,15m,pick3,SEARCH,30,owner,house,True,63253,99.875,0.099875,0.90012,4,23.115,True,2021-01-24,74,35,1259,4,0,0
N04_ST_KLINGER,15m,pick3,SEARCH,30,owner,forced,False,63253,49.05,0.04905,0.96049,4,2.0104,True,2021-01-03,73,17,0,26,0,6
N04_ST_KLINGER,15m,pick3,SEARCH,30,owner,forced,True,63253,49.373,0.049373,0.96023,4,2.0104,True,2021-01-03,73,17,0,26,0,6
N04_ST_KLINGER,15m,pick3,SEARCH,30,risk1,house,False,63253,100.44,0.10044,0.90319,10,178.25,True,2021-07-11,3762,1436,6071,0,0,0
N04_ST_KLINGER,15m,pick3,SEARCH,30,risk1,house,True,63253,99.903,0.099903,0.90255,9,180.3,True,2021-07-13,3753,1436,5875,0,324,0
N04_ST_KLINGER,15m,pick3,SEARCH,30,risk1,forced,False,63253,99.972,0.099972,0.90223,19,89.292,True,2021-03-31,4205,1073,0,0,0,236
N04_ST_KLINGER,15m,pick3,SEARCH,30,risk1,forced,True,63253,99.633,0.099633,0.90161,19,89.625,True,2021-03-31,4036,1017,0,0,250,232
N04_ST_KLINGER,15m,pick3,SEARCH,40,owner,house,False,63253,89.571,0.089571,0.91814,4,123.44,True,2021-07-21,151,57,11593,3,0,0
N04_ST_KLINGER,15m,pick3,SEARCH,40,owner,house,True,63253,87.912,0.087912,0.91209,4,198.38,True,2021-07-19,150,57,11497,3,0,0
N04_ST_KLINGER,15m,pick3,SEARCH,40,owner,forced,False,63253,103.06,0.10306,0.91196,3,1.25,True,2021-01-02,35,10,0,25,0,3
N04_ST_KLINGER,15m,pick3,SEARCH,40,owner,forced,True,63253,103.18,0.10318,0.91181,3,1.25,True,2021-01-02,35,10,0,25,0,3
N04_ST_KLINGER,15m,pick3,SEARCH,40,risk1,house,False,63253,100.72,0.10072,0.90044,12,217.04,True,2021-08-30,2629,1008,10527,0,0,0
N04_ST_KLINGER,15m,pick3,SEARCH,40,risk1,house,True,63253,98.6,0.0986,0.90174,12,248.02,True,2021-09-29,2951,1160,11046,0,726,0
N04_ST_KLINGER,15m,pick3,SEARCH,40,risk1,forced,False,63253,98.115,0.098115,0.90224,21,65.927,True,2021-03-07,3347,515,0,0,0,509
N04_ST_KLINGER,15m,pick3,SEARCH,40,risk1,forced,True,63253,100.92,0.10092,0.90048,21,69.302,True,2021-03-11,3364,517,0,0,189,508
N04_ST_KLINGER,15m,pick3,SEARCH,50,owner,house,False,63253,91.342,0.091342,0.92018,5,111.99,True,2022-05-29,53,32,29356,1,0,0
N04_ST_KLINGER,15m,pick3,SEARCH,50,owner,house,True,63253,92.088,0.092088,0.91953,5,111.99,True,2022-05-29,53,32,29356,1,0,0
N04_ST_KLINGER,15m,pick3,SEARCH,50,owner,forced,False,63253,62.501,0.062501,0.96955,3,0.59375,True,2021-01-01,24,4,0,21,0,4
N04_ST_KLINGER,15m,pick3,SEARCH,50,owner,forced,True,63253,62.551,0.062551,0.96953,3,0.59375,True,2021-01-01,24,4,0,21,0,4
N04_ST_KLINGER,15m,pick3,SEARCH,50,risk1,house,False,63253,99.764,0.099764,0.90298,8,275.84,True,2021-12-22,1958,801,17881,0,0,0
N04_ST_KLINGER,15m,pick3,SEARCH,50,risk1,house,True,63253,97.611,0.097611,0.90502,8,280.49,True,2021-12-27,1996,819,17110,0,978,0
N04_ST_KLINGER,15m,pick3,SEARCH,50,risk1,forced,False,63253,98.811,0.098811,0.90248,23,49.344,True,2021-02-19,2611,279,0,0,1,640
N04_ST_KLINGER,15m,pick3,SEARCH,50,risk1,forced,True,63253,99.951,0.099951,0.90135,23,56.802,True,2021-02-26,2807,260,0,0,245,706
N04_ST_KLINGER,15m,pick3,TEST,20,owner,house,False,55181,91.192,0.091192,0.91766,7,7.6458,True,2024-01-09,243,169,10,70,0,0
N04_ST_KLINGER,15m,pick3,TEST,20,owner,house,True,55181,89.779,0.089779,0.91891,7,7.6458,True,2024-01-09,243,170,10,69,0,0
N04_ST_KLINGER,15m,pick3,TEST,20,owner,forced,False,55181,100.85,0.10085,0.91373,7,5.4271,True,2024-01-07,166,148,0,61,0,0
N04_ST_KLINGER,15m,pick3,TEST,20,owner,forced,True,55181,99.734,0.099734,0.91461,7,5.4271,True,2024-01-07,166,149,0,60,0,0
N04_ST_KLINGER,15m,pick3,TEST,20,risk1,house,False,55181,97.256,0.097256,0.90534,13,46.031,True,2024-02-17,1382,1153,16,0,0,0
N04_ST_KLINGER,15m,pick3,TEST,20,risk1,house,True,55181,96.132,0.096132,0.90583,13,46.969,True,2024-02-18,1386,1177,16,0,48,0
N04_ST_KLINGER,15m,pick3,TEST,20,risk1,forced,False,55181,96.948,0.096948,0.90564,13,46.031,True,2024-02-17,1388,1163,0,0,0,0
N04_ST_KLINGER,15m,pick3,TEST,20,risk1,forced,True,55181,97.064,0.097064,0.90492,13,46.969,True,2024-02-18,1390,1187,0,0,50,0
N04_ST_KLINGER,15m,pick3,TEST,30,owner,house,False,55181,78.129,0.078129,0.92558,5,4.7292,True,2024-01-05,105,69,43,56,0,0
N04_ST_KLINGER,15m,pick3,TEST,30,owner,house,True,55181,80.778,0.080778,0.92304,5,4.7292,True,2024-01-05,106,69,41,57,0,0
N04_ST_KLINGER,15m,pick3,TEST,30,owner,forced,False,55181,87,0.087,0.913,4,2.6458,True,2024-01-03,62,44,0,47,0,2
N04_ST_KLINGER,15m,pick3,TEST,30,owner,forced,True,55181,86.864,0.086864,0.91314,4,2.6458,True,2024-01-03,62,44,0,47,0,2
N04_ST_KLINGER,15m,pick3,TEST,30,risk1,house,False,55181,98.623,0.098623,0.90347,16,42.094,True,2024-02-13,1317,873,148,0,0,0
N04_ST_KLINGER,15m,pick3,TEST,30,risk1,house,True,55181,98.829,0.098829,0.9024,16,45.667,True,2024-02-16,1393,928,150,0,56,0
N04_ST_KLINGER,15m,pick3,TEST,30,risk1,forced,False,55181,98.931,0.098931,0.90305,16,42.094,True,2024-02-13,1441,897,0,0,0,4
N04_ST_KLINGER,15m,pick3,TEST,30,risk1,forced,True,55181,99.524,0.099524,0.90163,16,44.729,True,2024-02-16,1518,951,0,0,55,4
N04_ST_KLINGER,15m,pick3,TEST,40,owner,house,False,55181,94.02,0.09402,0.93241,5,12.938,True,2024-01-16,110,79,579,57,0,0
N04_ST_KLINGER,15m,pick3,TEST,40,owner,house,True,55181,91.628,0.091628,0.90837,5,14.604,True,2024-01-15,100,67,558,52,0,0
N04_ST_KLINGER,15m,pick3,TEST,40,owner,forced,False,55181,32.218,0.032218,0.96778,3,2.5,True,2024-01-03,43,26,0,77,0,3
N04_ST_KLINGER,15m,pick3,TEST,40,owner,forced,True,55181,32.487,0.032487,0.96751,3,2.5,True,2024-01-03,43,26,0,77,0,3
N04_ST_KLINGER,15m,pick3,TEST,40,risk1,house,False,55181,98.296,0.098296,0.90193,9,46.948,True,2024-02-17,1321,782,447,0,0,0
N04_ST_KLINGER,15m,pick3,TEST,40,risk1,house,True,55181,96.502,0.096502,0.9035,9,48.24,True,2024-02-18,1343,804,426,0,54,0
N04_ST_KLINGER,15m,pick3,TEST,40,risk1,forced,False,55181,100.06,0.10006,0.90358,9,39.771,True,2024-02-11,1471,762,0,0,0,22
N04_ST_KLINGER,15m,pick3,TEST,40,risk1,forced,True,55181,99.074,0.099074,0.90295,9,44.979,True,2024-02-16,1599,830,0,0,66,22
N04_ST_KLINGER,15m,pick3,TEST,50,owner,house,False,55181,99.304,0.099304,0.9247,6,27.667,True,2024-02-04,55,54,1693,33,0,0
N04_ST_KLINGER,15m,pick3,TEST,50,owner,house,True,55181,99.686,0.099686,0.9244,6,27.667,True,2024-02-04,55,54,1693,33,0,0
N04_ST_KLINGER,15m,pick3,TEST,50,owner,forced,False,55181,-1.4211e-14,-1.4211e-17,1,3,2.4896,True,2024-01-03,45,19,0,81,0,4
N04_ST_KLINGER,15m,pick3,TEST,50,owner,forced,True,55181,0.0007154,7.154e-07,1,3,2.4896,True,2024-01-03,45,19,0,81,0,4
N04_ST_KLINGER,15m,pick3,TEST,50,risk1,house,False,55181,98.963,0.098963,0.90162,9,51.021,True,2024-02-22,1220,667,954,0,0,0
N04_ST_KLINGER,15m,pick3,TEST,50,risk1,house,True,55181,99.984,0.099984,0.90121,9,51.365,True,2024-02-22,1223,667,897,0,67,0
N04_ST_KLINGER,15m,pick3,TEST,50,risk1,forced,False,55181,99.343,0.099343,0.90214,10,38.448,True,2024-02-09,1499,638,0,0,0,68
N04_ST_KLINGER,15m,pick3,TEST,50,risk1,forced,True,55181,99.174,0.099174,0.90153,10,39.865,True,2024-02-10,1522,663,0,0,33,66
N04_ST_KLINGER,15m,pick3,EXTRA,20,owner,house,False,17020,69.921,0.069921,0.9468,9,8.9271,True,2020-01-20,266,161,30,2,0,0
N04_ST_KLINGER,15m,pick3,EXTRA,20,owner,house,True,17020,69.958,0.069958,0.94676,9,8.9271,True,2020-01-20,266,161,30,2,0,0
N04_ST_KLINGER,15m,pick3,EXTRA,20,owner,forced,False,17020,88.921,0.088921,0.93432,8,6.6979,True,2020-01-17,231,132,0,1,0,2
N04_ST_KLINGER,15m,pick3,EXTRA,20,owner,forced,True,17020,89.096,0.089096,0.93417,8,6.6979,True,2020-01-17,231,132,0,1,0,2
N04_ST_KLINGER,15m,pick3,EXTRA,20,risk1,house,False,17020,98.876,0.098876,0.90888,10,99.354,True,2020-04-20,2556,1530,271,0,0,0
N04_ST_KLINGER,15m,pick3,EXTRA,20,risk1,house,True,17020,98.954,0.098954,0.90842,10,104.22,True,2020-04-25,2597,1585,227,0,163,0
N04_ST_KLINGER,15m,pick3,EXTRA,20,risk1,forced,False,17020,97.729,0.097729,0.90977,10,93.865,True,2020-04-14,2635,1451,0,0,0,16
N04_ST_KLINGER,15m,pick3,EXTRA,20,risk1,forced,True,17020,98.159,0.098159,0.90934,10,98.99,True,2020-04-19,2637,1501,0,0,192,12
N04_ST_KLINGER,15m,pick3,EXTRA,30,owner,house,False,17020,92.264,0.092264,0.91846,6,11.677,True,2020-01-18,153,84,132,14,0,0
N04_ST_KLINGER,15m,pick3,EXTRA,30,owner,house,True,17020,92.516,0.092516,0.91824,6,11.677,True,2020-01-18,153,84,132,14,0,0
N04_ST_KLINGER,15m,pick3,EXTRA,30,owner,forced,False,17020,38.759,0.038759,0.96483,6,8.8438,True,2020-01-15,160,79,0,18,0,5
N04_ST_KLINGER,15m,pick3,EXTRA,30,owner,forced,True,17020,38.787,0.038787,0.9648,6,8.8438,True,2020-01-15,160,79,0,18,0,5
N04_ST_KLINGER,15m,pick3,EXTRA,30,risk1,house,False,17020,99.065,0.099065,0.90289,10,104.59,True,2020-04-25,2425,1193,981,0,0,0
N04_ST_KLINGER,15m,pick3,EXTRA,30,risk1,house,True,17020,97.102,0.097102,0.90482,10,104.59,True,2020-04-25,2407,1179,878,0,135,0
N04_ST_KLINGER,15m,pick3,EXTRA,30,risk1,forced,False,17020,101.19,0.10119,0.90283,11,86.25,True,2020-04-06,2642,1058,0,0,0,64
N04_ST_KLINGER,15m,pick3,EXTRA,30,risk1,forced,True,17020,100.3,0.1003,0.90215,11,93.156,True,2020-04-12,2690,1091,0,0,240,50
N04_ST_KLINGER,15m,pick3,EXTRA,40,owner,house,False,17020,99.806,0.099806,0.91451,5,22.667,True,2020-02-02,108,66,851,12,0,0
N04_ST_KLINGER,15m,pick3,EXTRA,40,owner,house,True,17020,99.958,0.099958,0.91437,5,22.667,True,2020-02-02,108,66,851,12,0,0
N04_ST_KLINGER,15m,pick3,EXTRA,40,owner,forced,False,17020,81.917,0.081917,0.9653,9,4.1771,True,2020-01-12,95,40,0,29,0,1
N04_ST_KLINGER,15m,pick3,EXTRA,40,owner,forced,True,17020,81.963,0.081963,0.96528,9,4.1771,True,2020-01-12,95,40,0,29,0,1
N04_ST_KLINGER,15m,pick3,EXTRA,40,risk1,house,False,17020,97.238,0.097238,0.90554,10,131.32,True,2020-05-21,2207,1044,2422,0,0,0
N04_ST_KLINGER,15m,pick3,EXTRA,40,risk1,house,True,17020,98.855,0.098855,0.90369,10,133.21,True,2020-05-23,2235,1046,2374,0,88,0
N04_ST_KLINGER,15m,pick3,EXTRA,40,risk1,forced,False,17020,99.857,0.099857,0.90119,11,85.438,True,2020-04-01,2688,817,0,0,0,160
N04_ST_KLINGER,15m,pick3,EXTRA,40,risk1,forced,True,17020,98.79,0.09879,0.90224,9,89.271,True,2020-04-04,2621,809,0,0,215,138
N04_ST_KLINGER,15m,pick3,EXTRA,50,owner,house,False,17020,90.155,0.090155,0.95606,5,117.98,True,2020-06-20,57,37,6726,16,0,0
N04_ST_KLINGER,15m,pick3,EXTRA,50,owner,house,True,17020,90.221,0.090221,0.95602,5,117.98,True,2020-06-20,57,37,6726,16,0,0
N04_ST_KLINGER,15m,pick3,EXTRA,50,owner,forced,False,17020,67.905,0.067905,0.9458,2,1.9688,True,2020-01-08,35,11,0,15,0,2
N04_ST_KLINGER,15m,pick3,EXTRA,50,owner,forced,True,17020,68.018,0.068018,0.94571,2,1.9688,True,2020-01-08,35,11,0,15,0,2
N04_ST_KLINGER,15m,pick3,EXTRA,50,risk1,house,False,17020,98.539,0.098539,0.90622,10,125.84,True,2020-06-20,1812,852,4167,0,0,0
N04_ST_KLINGER,15m,pick3,EXTRA,50,risk1,house,True,17020,98.36,0.09836,0.9064,10,125.86,True,2020-06-20,1813,852,4156,0,11,0
N04_ST_KLINGER,15m,pick3,EXTRA,50,risk1,forced,False,17020,99.024,0.099024,0.90227,15,75.833,True,2020-03-22,2490,599,0,0,1,307
N04_ST_KLINGER,15m,pick3,EXTRA,50,risk1,forced,True,17020,98.874,0.098874,0.90216,11,78.344,True,2020-03-24,2478,600,0,0,144,297
N04_ST_KLINGER,15m,coinpicks,SEARCH,20,owner,house,False,79317,85.761,0.085761,0.91424,7,8.6354,True,2021-01-09,195,69,347,3,0,0
N04_ST_KLINGER,15m,coinpicks,SEARCH,20,owner,house,True,79317,85.861,0.085861,0.91414,7,8.6354,True,2021-01-09,195,69,347,3,0,0
N04_ST_KLINGER,15m,coinpicks,SEARCH,20,owner,forced,False,79317,85.119,0.085119,0.91488,7,1.8542,True,2021-01-02,95,30,0,11,0,4
N04_ST_KLINGER,15m,coinpicks,SEARCH,20,owner,forced,True,79317,85.184,0.085184,0.91482,7,1.8542,True,2021-01-02,95,30,0,11,0,4
N04_ST_KLINGER,15m,coinpicks,SEARCH,20,risk1,house,False,79317,97.027,0.097027,0.90297,7,92.615,True,2021-04-03,3599,1777,1381,0,0,0
N04_ST_KLINGER,15m,coinpicks,SEARCH,20,risk1,house,True,79317,99.132,0.099132,0.90087,7,92.625,True,2021-04-03,3557,1764,1369,0,91,0
N04_ST_KLINGER,15m,coinpicks,SEARCH,20,risk1,forced,False,79317,97.863,0.097863,0.90214,10,82.656,True,2021-03-24,4318,1714,0,0,0,82
N04_ST_KLINGER,15m,coinpicks,SEARCH,20,risk1,forced,True,79317,98.033,0.098033,0.90271,10,87.604,True,2021-03-29,4392,1820,0,0,190,81
N04_ST_KLINGER,15m,coinpicks,SEARCH,30,owner,house,False,79317,79.215,0.079215,0.92078,4,23.979,True,2021-01-25,113,52,1591,13,0,0
N04_ST_KLINGER,15m,coinpicks,SEARCH,30,owner,house,True,79317,93.484,0.093484,0.9097,4,23.979,True,2021-01-25,116,53,1590,15,0,0
N04_ST_KLINGER,15m,coinpicks,SEARCH,30,owner,forced,False,79317,82.452,0.082452,0.91755,6,1.2708,True,2021-01-02,51,16,0,26,0,4
N04_ST_KLINGER,15m,coinpicks,SEARCH,30,owner,forced,True,79317,82.602,0.082602,0.9174,6,1.2708,True,2021-01-02,51,16,0,26,0,4
N04_ST_KLINGER,15m,coinpicks,SEARCH,30,risk1,house,False,79317,99.822,0.099822,0.90026,7,103.45,True,2021-04-14,2494,1158,3906,0,0,0
N04_ST_KLINGER,15m,coinpicks,SEARCH,30,risk1,house,True,79317,99.205,0.099205,0.9008,7,119.42,True,2021-04-30,2646,1185,4592,0,323,0
N04_ST_KLINGER,15m,coinpicks,SEARCH,30,risk1,forced,False,79317,97.037,0.097037,0.90296,12,55.677,True,2021-02-25,3312,758,0,0,0,298
N04_ST_KLINGER,15m,coinpicks,SEARCH,30,risk1,forced,True,79317,97.982,0.097982,0.90202,12,63.635,True,2021-03-05,3617,829,0,0,187,310
N04_ST_KLINGER,15m,coinpicks,SEARCH,40,owner,house,False,79317,97.692,0.097692,0.90231,8,198.15,True,2021-07-19,146,61,14461,5,0,0
N04_ST_KLINGER,15m,coinpicks,SEARCH,40,owner,house,True,79317,97.201,0.097201,0.9028,8,198.15,True,2021-07-19,146,62,14460,5,0,0
N04_ST_KLINGER,15m,coinpicks,SEARCH,40,owner,forced,False,79317,64.681,0.064681,0.93645,4,0.60417,True,2021-01-01,21,6,0,15,0,2
N04_ST_KLINGER,15m,coinpicks,SEARCH,40,owner,forced,True,79317,64.757,0.064757,0.93638,4,0.60417,True,2021-01-01,21,6,0,15,0,2
N04_ST_KLINGER,15m,coinpicks,SEARCH,40,risk1,house,False,79317,98.618,0.098618,0.90238,10,189.66,True,2021-08-01,2363,1038,12205,0,0,0
N04_ST_KLINGER,15m,coinpicks,SEARCH,40,risk1,house,True,79317,99.709,0.099709,0.90131,10,200.28,True,2021-08-12,2503,1099,12489,0,300,0
N04_ST_KLINGER,15m,coinpicks,SEARCH,40,risk1,forced,False,79317,99.623,0.099623,0.90038,12,46.542,True,2021-02-16,2945,466,0,0,2,521
N04_ST_KLINGER,15m,coinpicks,SEARCH,40,risk1,forced,True,79317,99.755,0.099755,0.90043,12,50.833,True,2021-02-20,3051,499,0,0,171,540
N04_ST_KLINGER,15m,coinpicks,SEARCH,50,owner,house,False,79317,89.41,0.08941,0.91221,4,201.72,True,2022-10-12,87,84,46871,19,0,0
N04_ST_KLINGER,15m,coinpicks,SEARCH,50,owner,house,True,79317,91.421,0.091421,0.91167,4,201.72,True,2022-10-12,87,85,46869,20,0,0
N04_ST_KLINGER,15m,coinpicks,SEARCH,50,owner,forced,False,79317,84.89,0.08489,0.91511,2,0.14583,True,2021-01-01,6,0,0,1,0,2
N04_ST_KLINGER,15m,coinpicks,SEARCH,50,owner,forced,True,79317,84.9,0.0849,0.9151,2,0.14583,True,2021-01-01,6,0,0,1,0,2
N04_ST_KLINGER,15m,coinpicks,SEARCH,50,risk1,house,False,79317,102.35,0.10235,0.90193,9,316.14,True,2021-11-14,1766,821,20601,0,0,0
N04_ST_KLINGER,15m,coinpicks,SEARCH,50,risk1,house,True,79317,98.021,0.098021,0.90287,9,322.4,True,2021-11-20,1815,837,19916,0,1045,0
N04_ST_KLINGER,15m,coinpicks,SEARCH,50,risk1,forced,False,79317,99.747,0.099747,0.90025,16,31.021,True,2021-02-01,2087,198,0,0,9,570
N04_ST_KLINGER,15m,coinpicks,SEARCH,50,risk1,forced,True,79317,99.557,0.099557,0.90044,16,34.677,True,2021-02-04,2218,213,0,0,113,605
N04_ST_KLINGER,15m,coinpicks,TEST,20,owner,house,False,69868,91.823,0.091823,0.90818,17,8.75,True,2024-01-09,247,245,8,127,0,0
N04_ST_KLINGER,15m,coinpicks,TEST,20,owner,house,True,69868,80.736,0.080736,0.91926,17,14.771,True,2024-01-15,440,376,13,181,0,0
N04_ST_KLINGER,15m,coinpicks,TEST,20,owner,forced,False,69868,99.751,0.099751,0.90376,17,8.2812,True,2024-01-09,234,227,0,115,0,0
N04_ST_KLINGER,15m,coinpicks,TEST,20,owner,forced,True,69868,108.05,0.10805,0.90925,17,8.4062,True,2024-01-09,246,237,0,117,0,0
N04_ST_KLINGER,15m,coinpicks,TEST,20,risk1,house,False,69868,96.714,0.096714,0.905,14,42.5,True,2024-02-15,1509,1644,13,0,0,0
N04_ST_KLINGER,15m,coinpicks,TEST,20,risk1,house,True,69868,98.638,0.098638,0.90281,14,44.302,True,2024-02-17,1529,1658,13,0,80,0
N04_ST_KLINGER,15m,coinpicks,TEST,20,risk1,forced,False,69868,95.844,0.095844,0.90482,14,42.469,True,2024-02-15,1520,1641,0,0,0,0
N04_ST_KLINGER,15m,coinpicks,TEST,20,risk1,forced,True,69868,98.377,0.098377,0.90285,14,44.302,True,2024-02-17,1541,1658,0,0,81,0
N04_ST_KLINGER,15m,coinpicks,TEST,30,owner,house,False,69868,91.983,0.091983,0.9119,4,6.2812,True,2024-01-07,143,112,72,108,0,0
N04_ST_KLINGER,15m,coinpicks,TEST,30,owner,house,True,69868,91.663,0.091663,0.91219,4,6.2812,True,2024-01-07,143,113,72,107,0,0
N04_ST_KLINGER,15m,coinpicks,TEST,30,owner,forced,False,69868,79.402,0.079402,0.92141,4,3.3229,True,2024-01-04,80,76,0,84,0,1
N04_ST_KLINGER,15m,coinpicks,TEST,30,owner,forced,True,69868,82.32,0.08232,0.91852,4,3.3229,True,2024-01-04,80,76,0,84,0,1
N04_ST_KLINGER,15m,coinpicks,TEST,30,risk1,house,False,69868,99.062,0.099062,0.90407,15,37.938,True,2024-02-09,1328,1221,198,0,0,0
N04_ST_KLINGER,15m,coinpicks,TEST,30,risk1,house,True,69868,97.78,0.09778,0.90542,15,38.792,True,2024-02-10,1331,1235,190,0,46,0
N04_ST_KLINGER,15m,coinpicks,TEST,30,risk1,forced,False,69868,102.65,0.10265,0.90318,15,37.417,True,2024-02-08,1449,1250,0,0,0,4
N04_ST_KLINGER,15m,coinpicks,TEST,30,risk1,forced,True,69868,98.644,0.098644,0.90458,15,38.792,True,2024-02-09,1459,1258,0,0,45,4
N04_ST_KLINGER,15m,coinpicks,TEST,40,owner,house,False,69868,84.603,0.084603,0.94013,4,10.135,True,2024-01-15,93,87,742,71,0,0
N04_ST_KLINGER,15m,coinpicks,TEST,40,owner,house,True,69868,101.48,0.10148,0.93257,4,9.0208,True,2024-01-14,84,73,684,57,0,0
N04_ST_KLINGER,15m,coinpicks,TEST,40,owner,forced,False,69868,93.571,0.093571,0.92261,4,3.4792,True,2024-01-04,68,53,0,123,0,1
N04_ST_KLINGER,15m,coinpicks,TEST,40,owner,forced,True,69868,93.947,0.093947,0.9223,4,3.4792,True,2024-01-04,68,53,0,123,0,1
N04_ST_KLINGER,15m,coinpicks,TEST,40,risk1,house,False,69868,105.36,0.10536,0.90682,12,37.667,True,2024-02-11,1252,1042,565,0,0,0
N04_ST_KLINGER,15m,coinpicks,TEST,40,risk1,house,True,69868,100.31,0.10031,0.90748,12,39.844,True,2024-02-13,1307,1069,567,0,48,0
N04_ST_KLINGER,15m,coinpicks,TEST,40,risk1,forced,False,69868,99.169,0.099169,0.90771,10,34.208,True,2024-02-07,1539,1061,0,0,0,26
N04_ST_KLINGER,15m,coinpicks,TEST,40,risk1,forced,True,69868,100.8,0.1008,0.90668,10,35.135,True,2024-02-08,1553,1093,0,0,31,26
N04_ST_KLINGER,15m,coinpicks,TEST,50,owner,house,False,69868,82.39,0.08239,0.935,4,26.792,True,2024-02-02,49,56,2093,25,0,0
N04_ST_KLINGER,15m,coinpicks,TEST,50,owner,house,True,69868,82.686,0.082686,0.93476,4,26.792,True,2024-02-02,49,56,2093,25,0,0
N04_ST_KLINGER,15m,coinpicks,TEST,50,owner,forced,False,69868,66.587,0.066587,0.93688,4,2.3646,True,2024-01-03,49,35,0,99,0,2
N04_ST_KLINGER,15m,coinpicks,TEST,50,owner,forced,True,69868,69.526,0.069526,0.9341,4,2.3646,True,2024-01-03,49,35,0,99,0,2
N04_ST_KLINGER,15m,coinpicks,TEST,50,risk1,house,False,69868,100.19,0.10019,0.90583,6,40.292,True,2024-02-12,1084,826,1055,0,0,0
N04_ST_KLINGER,15m,coinpicks,TEST,50,risk1,house,True,69868,98.117,0.098117,0.90738,6,41.146,True,2024-02-13,1098,832,1027,0,51,0
N04_ST_KLINGER,15m,coinpicks,TEST,50,risk1,forced,False,69868,98.884,0.098884,0.90147,9,32.479,True,2024-02-04,1518,819,0,0,0,80
N04_ST_KLINGER,15m,coinpicks,TEST,50,risk1,forced,True,69868,99.727,0.099727,0.9007,9,34.719,True,2024-02-06,1578,878,0,0,34,76
N04_ST_KLINGER,15m,coinpicks,EXTRA,20,owner,house,False,20436,92.936,0.092936,0.91638,13,9.0833,True,2020-01-16,213,157,23,3,0,0
N04_ST_KLINGER,15m,coinpicks,EXTRA,20,owner,house,True,20436,93.087,0.093087,0.91624,13,9.0833,True,2020-01-16,213,157,23,3,0,0
N04_ST_KLINGER,15m,coinpicks,EXTRA,20,owner,forced,False,20436,90.35,0.09035,0.92495,13,5.4792,True,2020-01-16,220,148,0,0,0,1
N04_ST_KLINGER,15m,coinpicks,EXTRA,20,owner,forced,True,20436,90.407,0.090407,0.92484,13,5.4792,True,2020-01-16,220,148,0,0,0,1
N04_ST_KLINGER,15m,coinpicks,EXTRA,20,risk1,house,False,20436,101.66,0.10166,0.90243,13,89.292,True,2020-04-06,2379,1605,310,0,2,0
N04_ST_KLINGER,15m,coinpicks,EXTRA,20,risk1,house,True,20436,101.19,0.10119,0.90266,13,89.115,True,2020-04-06,2281,1557,257,0,189,0
N04_ST_KLINGER,15m,coinpicks,EXTRA,20,risk1,forced,False,20436,101.23,0.10123,0.90288,13,86.104,True,2020-04-06,2643,1640,0,0,1,14
N04_ST_KLINGER,15m,coinpicks,EXTRA,20,risk1,forced,True,20436,99.866,0.099866,0.90318,13,93.01,True,2020-04-12,2702,1729,0,0,227,9
N04_ST_KLINGER,15m,coinpicks,EXTRA,30,owner,house,False,20436,88.236,0.088236,0.94393,11,8.25,True,2020-01-16,156,95,137,14,0,0
N04_ST_KLINGER,15m,coinpicks,EXTRA,30,owner,house,True,20436,88.462,0.088462,0.94379,11,8.25,True,2020-01-16,156,95,137,14,0,0
N04_ST_KLINGER,15m,coinpicks,EXTRA,30,owner,forced,False,20436,104.33,0.10433,0.9379,7,4.9688,True,2020-01-13,134,75,0,10,0,0
N04_ST_KLINGER,15m,coinpicks,EXTRA,30,owner,forced,True,20436,104.45,0.10445,0.93783,7,4.9688,True,2020-01-13,134,75,0,10,0,0
N04_ST_KLINGER,15m,coinpicks,EXTRA,30,risk1,house,False,20436,99.849,0.099849,0.90431,9,97.979,True,2020-04-15,2333,1261,1166,0,1,0
N04_ST_KLINGER,15m,coinpicks,EXTRA,30,risk1,house,True,20436,99.888,0.099888,0.90461,9,98.062,True,2020-04-15,2267,1244,1064,0,194,0
N04_ST_KLINGER,15m,coinpicks,EXTRA,30,risk1,forced,False,20436,97.312,0.097312,0.90601,9,76.479,True,2020-03-24,2559,1123,0,0,2,65
N04_ST_KLINGER,15m,coinpicks,EXTRA,30,risk1,forced,True,20436,100.26,0.10026,0.90342,9,76.688,True,2020-03-24,2432,1109,0,0,152,53
N04_ST_KLINGER,15m,coinpicks,EXTRA,40,owner,house,False,20436,85.629,0.085629,0.92676,8,10.49,True,2020-01-20,52,31,527,3,0,0
N04_ST_KLINGER,15m,coinpicks,EXTRA,40,owner,house,True,20436,85.762,0.085762,0.92665,8,10.49,True,2020-01-20,52,31,527,3,0,0
N04_ST_KLINGER,15m,coinpicks,EXTRA,40,owner,forced,False,20436,70.851,0.070851,0.94282,3,5.5208,True,2020-01-12,116,55,0,19,0,1
N04_ST_KLINGER,15m,coinpicks,EXTRA,40,owner,forced,True,20436,70.914,0.070914,0.94277,3,5.5208,True,2020-01-12,116,55,0,19,0,1
N04_ST_KLINGER,15m,coinpicks,EXTRA,40,risk1,house,False,20436,98.143,0.098143,0.90359,10,119.62,True,2020-05-05,2042,970,2778,0,0,0
N04_ST_KLINGER,15m,coinpicks,EXTRA,40,risk1,house,True,20436,100.78,0.10078,0.9034,10,119.85,True,2020-05-05,2037,968,2713,0,89,0
N04_ST_KLINGER,15m,coinpicks,EXTRA,40,risk1,forced,False,20436,97.678,0.097678,0.90405,10,57.469,True,2020-03-03,1955,765,0,0,0,85
N04_ST_KLINGER,15m,coinpicks,EXTRA,40,risk1,forced,True,20436,97.377,0.097377,0.90434,10,60.938,True,2020-03-07,2041,818,0,0,26,85
N04_ST_KLINGER,15m,coinpicks,EXTRA,50,owner,house,False,20436,100.12,0.10012,0.91976,6,111.77,True,2020-06-13,38,29,7513,5,0,0
N04_ST_KLINGER,15m,coinpicks,EXTRA,50,owner,house,True,20436,100.12,0.10012,0.91975,6,111.77,True,2020-06-13,38,29,7513,5,0,0
N04_ST_KLINGER,15m,coinpicks,EXTRA,50,owner,forced,False,20436,80.865,0.080865,0.94052,3,1.4375,True,2020-01-08,38,15,0,19,0,1
N04_ST_KLINGER,15m,coinpicks,EXTRA,50,owner,forced,True,20436,80.905,0.080905,0.9405,3,1.4375,True,2020-01-08,38,15,0,19,0,1
N04_ST_KLINGER,15m,coinpicks,EXTRA,50,risk1,house,False,20436,99.661,0.099661,0.90171,12,152.3,True,2020-06-06,1606,732,4951,0,0,0
N04_ST_KLINGER,15m,coinpicks,EXTRA,50,risk1,house,True,20436,100.4,0.1004,0.90155,12,152.68,True,2020-06-07,1611,740,4925,0,29,0
N04_ST_KLINGER,15m,coinpicks,EXTRA,50,risk1,forced,False,20436,99.889,0.099889,0.90232,8,48.469,True,2020-02-24,1705,570,0,0,0,177
N04_ST_KLINGER,15m,coinpicks,EXTRA,50,risk1,forced,True,20436,99.691,0.099691,0.90251,8,48.531,True,2020-02-24,1704,571,0,0,3,177
N04_ST_KLINGER,30m,default,SEARCH,20,owner,house,False,34465,87.853,0.087853,0.92673,7,20.219,True,2021-01-24,171,33,583,2,0,0
N04_ST_KLINGER,30m,default,SEARCH,20,owner,house,True,34465,88.73,0.08873,0.92602,7,20.219,True,2021-01-24,171,33,583,2,0,0
N04_ST_KLINGER,30m,default,SEARCH,20,owner,forced,False,34465,91.999,0.091999,0.96275,7,5.1562,True,2021-01-09,245,29,0,0,0,23
N04_ST_KLINGER,30m,default,SEARCH,20,owner,forced,True,34465,92.008,0.092008,0.96273,7,5.1562,True,2021-01-09,245,29,0,0,0,23
N04_ST_KLINGER,30m,default,SEARCH,20,risk1,house,False,34465,99.385,0.099385,0.90287,8,280.17,True,2021-10-11,4336,1361,3548,0,0,0
N04_ST_KLINGER,30m,default,SEARCH,20,risk1,house,True,34465,101.06,0.10106,0.90144,8,288.3,True,2021-10-19,4215,1303,3243,0,728,0
N04_ST_KLINGER,30m,default,SEARCH,20,risk1,forced,False,34465,99.524,0.099524,0.9053,10,154.58,True,2021-06-07,4375,866,0,0,2,220
N04_ST_KLINGER,30m,default,SEARCH,20,risk1,forced,True,34465,99.945,0.099945,0.90507,10,164.49,True,2021-06-17,3975,778,0,0,776,184
N04_ST_KLINGER,30m,default,SEARCH,30,owner,house,False,34465,93.903,0.093903,0.91347,3,86.646,True,2021-03-29,123,32,2699,7,0,0
N04_ST_KLINGER,30m,default,SEARCH,30,owner,house,True,34465,106.24,0.10624,0.9021,3,86.646,True,2021-03-29,126,32,2696,7,0,0
N04_ST_KLINGER,30m,default,SEARCH,30,owner,forced,False,34465,82.877,0.082877,0.92863,7,3.1458,True,2021-01-04,89,7,0,5,0,14
N04_ST_KLINGER,30m,default,SEARCH,30,owner,forced,True,34465,83.5,0.0835,0.9281,7,3.1458,True,2021-01-04,89,7,0,5,0,14
N04_ST_KLINGER,30m,default,SEARCH,30,risk1,house,False,34465,99.812,0.099812,0.90045,8,355.69,True,2021-12-22,2791,785,7932,0,0,0
N04_ST_KLINGER,30m,default,SEARCH,30,risk1,house,True,34465,98.282,0.098282,0.90198,8,366.48,True,2022-01-02,2834,808,7472,0,746,0
N04_ST_KLINGER,30m,default,SEARCH,30,risk1,forced,False,34465,99.584,0.099584,0.90425,11,127.12,True,2021-05-11,3792,500,0,0,0,437
N04_ST_KLINGER,30m,default,SEARCH,30,risk1,forced,True,34465,98.461,0.098461,0.90526,11,148.06,True,2021-06-01,3747,443,0,0,822,463
N04_ST_KLINGER,30m,default,SEARCH,40,owner,house,False,34465,93.388,0.093388,0.93499,6,162.5,True,2022-09-06,85,49,19351,6,0,0
N04_ST_KLINGER,30m,default,SEARCH,40,owner,house,True,34465,110.76,0.11076,0.92914,7,203.8,True,2022-08-08,67,39,18429,6,0,0
N04_ST_KLINGER,30m,default,SEARCH,40,owner,forced,False,34465,36.09,0.03609,0.96993,4,1.6042,True,2021-01-02,34,4,0,12,0,7
N04_ST_KLINGER,30m,default,SEARCH,40,owner,forced,True,34465,36.121,0.036121,0.96991,4,1.6042,True,2021-01-02,34,4,0,12,0,7
N04_ST_KLINGER,30m,default,SEARCH,40,risk1,house,False,34465,98.141,0.098141,0.90186,8,579.72,True,2022-08-05,1800,548,16095,0,0,0
N04_ST_KLINGER,30m,default,SEARCH,40,risk1,house,True,34465,98.873,0.098873,0.90113,8,589.28,True,2022-08-14,1781,541,15206,0,1213,0
N04_ST_KLINGER,30m,default,SEARCH,40,risk1,forced,False,34465,98.887,0.098887,0.90475,11,101.53,True,2021-04-15,3152,280,0,0,0,559
N04_ST_KLINGER,30m,default,SEARCH,40,risk1,forced,True,34465,99.974,0.099974,0.90365,11,128.58,True,2021-05-12,3529,265,0,0,538,673
N04_ST_KLINGER,30m,default,SEARCH,50,owner,house,False,34465,98.559,0.098559,0.91263,3,84.312,True,2023-01-01,47,51,23114,14,0,0
N04_ST_KLINGER,30m,default,SEARCH,50,owner,house,True,34465,98.768,0.098768,0.91244,3,84.312,True,2023-01-01,47,51,23114,14,0,0
N04_ST_KLINGER,30m,default,SEARCH,50,owner,forced,False,34465,76.579,0.076579,0.94202,2,0.14583,True,2021-01-01,4,0,0,3,0,2
N04_ST_KLINGER,30m,default,SEARCH,50,owner,forced,True,34465,76.79,0.07679,0.94186,2,0.14583,True,2021-01-01,4,0,0,3,0,2
N04_ST_KLINGER,30m,default,SEARCH,50,risk1,house,False,34465,98.826,0.098826,0.90617,9,525.11,True,2023-01-31,1299,546,22258,0,0,0
N04_ST_KLINGER,30m,default,SEARCH,50,risk1,house,True,34465,99.066,0.099066,0.90582,9,526.34,True,2023-02-01,1282,544,22188,0,140,0
N04_ST_KLINGER,30m,default,SEARCH,50,risk1,forced,False,34465,98.757,0.098757,0.90466,16,80.146,True,2021-03-24,2611,108,0,0,0,694
N04_ST_KLINGER,30m,default,SEARCH,50,risk1,forced,True,34465,99.288,0.099288,0.90411,16,86.438,True,2021-03-31,2584,113,0,0,214,683
N04_ST_KLINGER,30m,default,TEST,20,owner,house,False,29159,86.253,0.086253,0.92022,7,13.448,True,2024-01-14,199,78,52,22,0,0
N04_ST_KLINGER,30m,default,TEST,20,owner,house,True,29159,86.411,0.086411,0.92083,7,13.448,True,2024-01-14,201,80,52,22,0,0
N04_ST_KLINGER,30m,default,TEST,20,owner,forced,False,29159,97.049,0.097049,0.91024,7,7.6771,True,2024-01-09,141,50,0,23,0,2
N04_ST_KLINGER,30m,default,TEST,20,owner,forced,True,29159,99.356,0.099356,0.90805,7,7.6771,True,2024-01-09,142,50,0,22,0,2
N04_ST_KLINGER,30m,default,TEST,20,risk1,house,False,29159,98.47,0.09847,0.90258,11,98.938,True,2024-04-09,1694,850,400,0,0,0
N04_ST_KLINGER,30m,default,TEST,20,risk1,house,True,29159,100.03,0.10003,0.90191,11,140.42,True,2024-05-20,2046,1043,388,0,688,0
N04_ST_KLINGER,30m,default,TEST,20,risk1,forced,False,29159,101.45,0.10145,0.90142,11,86.167,True,2024-03-27,1744,782,0,0,0,13
N04_ST_KLINGER,30m,default,TEST,20,risk1,forced,True,29159,98.645,0.098645,0.90236,11,139.11,True,2024-05-19,2349,1082,0,0,687,9
N04_ST_KLINGER,30m,default,TEST,30,owner,house,False,29159,97.826,0.097826,0.90811,5,11.24,True,2024-01-12,81,30,179,25,0,0
N04_ST_KLINGER,30m,default,TEST,30,owner,house,True,29159,98.424,0.098424,0.90754,5,11.24,True,2024-01-12,81,30,179,25,0,0
N04_ST_KLINGER,30m,default,TEST,30,owner,forced,False,29159,80.204,0.080204,0.92996,4,3.25,True,2024-01-04,59,20,0,26,0,3
N04_ST_KLINGER,30m,default,TEST,30,owner,forced,True,29159,82.849,0.082849,0.92763,3,3.25,True,2024-01-04,60,20,0,25,0,3
N04_ST_KLINGER,30m,default,TEST,30,risk1,house,False,29159,100.16,0.10016,0.9007,12,144.19,True,2024-05-24,1923,815,1514,0,0,0
N04_ST_KLINGER,30m,default,TEST,30,risk1,house,True,29159,97.743,0.097743,0.90328,10,153,True,2024-06-01,1873,823,1177,0,628,0
N04_ST_KLINGER,30m,default,TEST,30,risk1,forced,False,29159,99.903,0.099903,0.90129,10,74.062,True,2024-03-15,1573,555,0,0,0,62
N04_ST_KLINGER,30m,default,TEST,30,risk1,forced,True,29159,100.24,0.10024,0.90146,10,110.01,True,2024-04-20,2072,689,0,0,492,84
N04_ST_KLINGER,30m,default,TEST,40,owner,house,False,29159,99.855,0.099855,0.90777,3,32.115,True,2024-02-02,67,32,782,17,0,0
N04_ST_KLINGER,30m,default,TEST,40,owner,house,True,29159,99.936,0.099936,0.90769,3,32.115,True,2024-02-02,67,32,782,17,0,0
N04_ST_KLINGER,30m,default,TEST,40,owner,forced,False,29159,89.017,0.089017,0.93006,2,2.5729,True,2024-01-04,44,11,0,37,0,3
N04_ST_KLINGER,30m,default,TEST,40,owner,forced,True,29159,90.322,0.090322,0.92903,2,2.5729,True,2024-01-04,44,11,0,37,0,3
N04_ST_KLINGER,30m,default,TEST,40,risk1,house,False,29159,99.54,0.09954,0.90128,8,153.12,True,2024-06-02,1347,569,2617,0,0,0
N04_ST_KLINGER,30m,default,TEST,40,risk1,house,True,29159,99.17,0.09917,0.90165,8,157.42,True,2024-06-06,1377,599,2101,0,612,0
N04_ST_KLINGER,30m,default,TEST,40,risk1,forced,False,29159,99.124,0.099124,0.90225,10,71.198,True,2024-03-12,1583,452,0,0,0,118
N04_ST_KLINGER,30m,default,TEST,40,risk1,forced,True,29159,99.259,0.099259,0.9021,12,82.969,True,2024-03-24,1708,461,0,0,262,142
N04_ST_KLINGER,30m,default,TEST,50,owner,house,False,29159,93.216,0.093216,0.91356,5,357.62,True,2025-01-26,43,39,11488,15,0,0
N04_ST_KLINGER,30m,default,TEST,50,owner,house,True,29159,98.35,0.09835,0.90879,5,265.88,True,2024-10-27,39,41,8893,15,0,0
N04_ST_KLINGER,30m,default,TEST,50,owner,forced,False,29159,103.81,0.10381,0.93579,4,1.4375,True,2024-01-02,28,8,0,26,0,0
N04_ST_KLINGER,30m,default,TEST,50,owner,forced,True,29159,104.4,0.1044,0.9354,4,1.4375,True,2024-01-02,28,8,0,26,0,0
N04_ST_KLINGER,30m,default,TEST,50,risk1,house,False,29159,96.897,0.096897,0.90333,7,257.35,True,2024-09-14,1269,528,5815,0,0,0
N04_ST_KLINGER,30m,default,TEST,50,risk1,house,True,29159,99.667,0.099667,0.90056,7,279.99,True,2024-10-07,1382,595,5509,0,881,0
N04_ST_KLINGER,30m,default,TEST,50,risk1,forced,False,29159,99.61,0.09961,0.90161,12,66.198,True,2024-03-07,1540,363,0,0,0,178
N04_ST_KLINGER,30m,default,TEST,50,risk1,forced,True,29159,99.51,0.09951,0.9017,11,77.521,True,2024-03-18,1657,376,0,0,210,202
N04_ST_KLINGER,30m,default,EXTRA,20,owner,house,False,9247,91.113,0.091113,0.96006,7,23.177,True,2020-02-11,439,191,36,5,0,0
N04_ST_KLINGER,30m,default,EXTRA,20,owner,house,True,9247,91.32,0.09132,0.95997,7,23.177,True,2020-02-11,439,191,36,5,0,0
N04_ST_KLINGER,30m,default,EXTRA,20,owner,forced,False,9247,91.722,0.091722,0.96332,7,23.177,True,2020-02-11,469,197,0,5,0,0
N04_ST_KLINGER,30m,default,EXTRA,20,owner,forced,True,9247,91.889,0.091889,0.96326,7,23.177,True,2020-02-11,469,197,0,5,0,0
N04_ST_KLINGER,30m,default,EXTRA,20,risk1,house,False,9247,97.48,0.09748,0.91554,10,239.9,True,2020-09-15,3576,1790,554,0,0,0
N04_ST_KLINGER,30m,default,EXTRA,20,risk1,house,True,9247,99.709,0.099709,0.91443,10,239.91,True,2020-09-15,3520,1763,534,0,112,0
N04_ST_KLINGER,30m,default,EXTRA,20,risk1,forced,False,9247,98.018,0.098018,0.91644,10,239.91,True,2020-09-15,4052,1877,0,0,0,20
N04_ST_KLINGER,30m,default,EXTRA,20,risk1,forced,True,9247,98.176,0.098176,0.91544,10,240.16,True,2020-09-15,3977,1846,0,0,114,18
N04_ST_KLINGER,30m,default,EXTRA,30,owner,house,False,9247,74.779,0.074779,0.96876,4,18,True,2020-02-08,173,75,327,7,0,0
N04_ST_KLINGER,30m,default,EXTRA,30,owner,house,True,9247,74.857,0.074857,0.96872,4,18,True,2020-02-08,173,75,327,7,0,0
N04_ST_KLINGER,30m,default,EXTRA,30,owner,forced,False,9247,89.266,0.089266,0.96766,4,11.469,True,2020-01-26,199,50,0,21,0,5
N04_ST_KLINGER,30m,default,EXTRA,30,owner,forced,True,9247,89.304,0.089304,0.96764,4,11.469,True,2020-01-26,199,50,0,21,0,5
N04_ST_KLINGER,30m,default,EXTRA,30,risk1,house,False,9247,100.73,0.10073,0.90812,10,187.67,True,2020-07-20,2110,931,1371,0,0,0
N04_ST_KLINGER,30m,default,EXTRA,30,risk1,house,True,9247,100.89,0.10089,0.90834,10,187.67,True,2020-07-21,2114,932,1359,0,15,0
N04_ST_KLINGER,30m,default,EXTRA,30,risk1,forced,False,9247,100.39,0.10039,0.91008,10,174.77,True,2020-07-12,3183,1030,0,0,0,64
N04_ST_KLINGER,30m,default,EXTRA,30,risk1,forced,True,9247,98.431,0.098431,0.91129,10,175.09,True,2020-07-12,3153,1034,0,0,40,61
N04_ST_KLINGER,30m,default,EXTRA,40,owner,house,False,9247,92.238,0.092238,0.94352,4,150.38,True,2020-06-21,83,42,3598,22,0,0
N04_ST_KLINGER,30m,default,EXTRA,40,owner,house,True,9247,96.506,0.096506,0.9409,4,150.38,True,2020-06-21,84,42,3596,23,0,0
N04_ST_KLINGER,30m,default,EXTRA,40,owner,forced,False,9247,69.279,0.069279,0.96789,5,2.7188,True,2020-01-15,47,8,0,10,0,5
N04_ST_KLINGER,30m,default,EXTRA,40,owner,forced,True,9247,69.311,0.069311,0.96788,5,2.7188,True,2020-01-15,47,8,0,10,0,5
N04_ST_KLINGER,30m,default,EXTRA,40,risk1,house,False,9247,115.71,0.11571,0.90028,8,338.03,False,,2365,931,5951,0,0,0
N04_ST_KLINGER,30m,default,EXTRA,40,risk1,house,True,9247,123.23,0.12323,0.89143,8,332.28,False,,2270,907,5750,0,320,0
N04_ST_KLINGER,30m,default,EXTRA,40,risk1,forced,False,9247,99.147,0.099147,0.90797,10,158.05,True,2020-06-20,3041,698,0,0,0,202
N04_ST_KLINGER,30m,default,EXTRA,40,risk1,forced,True,9247,99.352,0.099352,0.90832,11,158.67,True,2020-06-21,2926,677,0,0,142,194
N04_ST_KLINGER,30m,default,EXTRA,50,owner,house,False,9247,227.03,0.22703,0.80936,3,99.479,False,,27,25,9195,0,0,0
N04_ST_KLINGER,30m,default,EXTRA,50,owner,house,True,9247,227.11,0.22711,0.80926,3,99.479,False,,27,25,9195,0,0,0
N04_ST_KLINGER,30m,default,EXTRA,50,owner,forced,False,9247,0,0,1,4,3.1146,True,2020-01-15,45,7,0,12,0,6
N04_ST_KLINGER,30m,default,EXTRA,50,owner,forced,True,9247,0.0048139,4.8139e-06,1,4,3.1146,True,2020-01-15,45,7,0,12,0,6
N04_ST_KLINGER,30m,default,EXTRA,50,risk1,house,False,9247,245.92,0.24592,0.77462,10,328.74,False,,1085,449,7713,0,0,0
N04_ST_KLINGER,30m,default,EXTRA,50,risk1,house,True,9247,247.79,0.24779,0.77281,10,328.74,False,,1085,449,7652,0,61,0
N04_ST_KLINGER,30m,default,EXTRA,50,risk1,forced,False,9247,100.48,0.10048,0.90612,10,130.65,True,2020-05-24,2739,401,0,0,0,394
N04_ST_KLINGER,30m,default,EXTRA,50,risk1,forced,True,9247,99.616,0.099616,0.90672,13,130.07,True,2020-05-23,2564,367,0,0,173,373
N04_ST_KLINGER,30m,friend,SEARCH,20,owner,house,False,34783,100.09,0.10009,0.92044,6,15.698,True,2021-01-25,204,41,593,2,0,0
N04_ST_KLINGER,30m,friend,SEARCH,20,owner,house,True,34783,101.96,0.10196,0.919,6,15.698,True,2021-01-25,204,41,593,2,0,0
N04_ST_KLINGER,30m,friend,SEARCH,20,owner,forced,False,34783,85.842,0.085842,0.97336,4,4.2708,True,2021-01-08,234,26,0,1,0,21
N04_ST_KLINGER,30m,friend,SEARCH,20,owner,forced,True,34783,85.734,0.085734,0.97337,4,4.2708,True,2021-01-08,234,26,0,1,0,21
N04_ST_KLINGER,30m,friend,SEARCH,20,risk1,house,False,34783,98.82,0.09882,0.90295,8,232.29,True,2021-08-30,3542,1156,3287,0,0,0
N04_ST_KLINGER,30m,friend,SEARCH,20,risk1,house,True,34783,97.551,0.097551,0.90419,7,269.67,True,2021-10-06,3892,1281,3233,0,780,0
N04_ST_KLINGER,30m,friend,SEARCH,20,risk1,forced,False,34783,98.821,0.098821,0.90771,15,127.08,True,2021-05-11,3538,811,0,0,0,166
N04_ST_KLINGER,30m,friend,SEARCH,20,risk1,forced,True,34783,100.23,0.10023,0.90654,15,149.59,True,2021-06-03,3724,802,0,0,631,177
N04_ST_KLINGER,30m,friend,SEARCH,30,owner,house,False,34783,92.537,0.092537,0.91642,4,86.219,True,2021-03-29,131,33,2735,13,0,0
N04_ST_KLINGER,30m,friend,SEARCH,30,owner,house,True,34783,98.334,0.098334,0.91465,4,78.104,True,2021-03-29,133,33,2732,14,0,0
N04_ST_KLINGER,30m,friend,SEARCH,30,owner,forced,False,34783,36.347,0.036347,0.98395,3,2.5312,True,2021-01-05,122,15,0,9,0,19
N04_ST_KLINGER,30m,friend,SEARCH,30,owner,forced,True,34783,37.006,0.037006,0.98366,3,2.5312,True,2021-01-05,122,15,0,9,0,19
N04_ST_KLINGER,30m,friend,SEARCH,30,risk1,house,False,34783,99.99,0.09999,0.90119,12,325.06,True,2021-12-15,2661,814,7905,0,0,0
N04_ST_KLINGER,30m,friend,SEARCH,30,risk1,house,True,34783,100.18,0.10018,0.90152,10,345.31,True,2022-01-04,2779,851,7460,0,953,0
N04_ST_KLINGER,30m,friend,SEARCH,30,risk1,forced,False,34783,100.14,0.10014,0.90773,10,111.88,True,2021-04-28,3414,488,0,0,1,389
N04_ST_KLINGER,30m,friend,SEARCH,30,risk1,forced,True,34783,98.659,0.098659,0.90882,9,131.78,True,2021-05-18,3570,481,0,0,525,419
N04_ST_KLINGER,30m,friend,SEARCH,40,owner,house,False,34783,90.834,0.090834,0.9168,7,249.97,True,2022-05-05,51,26,15630,5,0,0
N04_ST_KLINGER,30m,friend,SEARCH,40,owner,house,True,34783,92.313,0.092313,0.91543,8,232.22,True,2022-04-17,43,22,15082,1,0,0
N04_ST_KLINGER,30m,friend,SEARCH,40,owner,forced,False,34783,37.332,0.037332,0.9628,3,1.6875,True,2021-01-02,33,4,0,11,0,6
N04_ST_KLINGER,30m,friend,SEARCH,40,owner,forced,True,34783,37.356,0.037356,0.96278,3,1.6875,True,2021-01-02,33,4,0,11,0,6
N04_ST_KLINGER,30m,friend,SEARCH,40,risk1,house,False,34783,98.302,0.098302,0.90262,10,557.53,True,2022-09-30,2164,738,17598,0,0,0
N04_ST_KLINGER,30m,friend,SEARCH,40,risk1,house,True,34783,100.66,0.10066,0.9011,8,567.39,True,2022-10-10,2220,766,16949,0,914,0
N04_ST_KLINGER,30m,friend,SEARCH,40,risk1,forced,False,34783,99.142,0.099142,0.90525,12,98.458,True,2021-04-13,3067,320,0,0,0,541
N04_ST_KLINGER,30m,friend,SEARCH,40,risk1,forced,True,34783,99.022,0.099022,0.90474,12,114.02,True,2021-04-28,3229,289,0,0,382,612
N04_ST_KLINGER,30m,friend,SEARCH,50,owner,house,False,34783,87.647,0.087647,0.9223,9,81.802,True,2022-12-30,42,53,23311,6,0,0
N04_ST_KLINGER,30m,friend,SEARCH,50,owner,house,True,34783,91.567,0.091567,0.91883,9,81.802,True,2022-12-30,43,53,23310,6,0,0
N04_ST_KLINGER,30m,friend,SEARCH,50,owner,forced,False,34783,2.8472,0.0028472,0.99717,2,0.14583,True,2021-01-01,3,1,0,3,0,2
N04_ST_KLINGER,30m,friend,SEARCH,50,owner,forced,True,34783,2.851,0.002851,0.99717,2,0.14583,True,2021-01-01,3,1,0,3,0,2
N04_ST_KLINGER,30m,friend,SEARCH,50,risk1,house,False,34783,99.94,0.09994,0.90084,7,704.04,True,2023-03-07,1489,680,23298,0,0,0
N04_ST_KLINGER,30m,friend,SEARCH,50,risk1,house,True,34783,99.929,0.099929,0.90081,7,708.94,True,2023-03-12,1474,667,23274,0,196,0
N04_ST_KLINGER,30m,friend,SEARCH,50,risk1,forced,False,34783,99.759,0.099759,0.90254,14,80.188,True,2021-03-25,2638,126,0,0,0,687
N04_ST_KLINGER,30m,friend,SEARCH,50,risk1,forced,True,34783,98.14,0.09814,0.90413,14,87.229,True,2021-04-01,2656,138,0,0,195,687
N04_ST_KLINGER,30m,friend,TEST,20,owner,house,False,29745,93.881,0.093881,0.91645,5,26.781,True,2024-01-27,407,182,51,83,0,0
N04_ST_KLINGER,30m,friend,TEST,20,owner,house,True,29745,91.94,0.09194,0.91823,5,26.781,True,2024-01-27,413,184,51,82,0,0
N04_ST_KLINGER,30m,friend,TEST,20,owner,forced,False,29745,105.8,0.1058,0.90941,6,17.125,True,2024-01-17,303,126,0,58,0,2
N04_ST_KLINGER,30m,friend,TEST,20,owner,forced,True,29745,86.789,0.086789,0.92124,6,23.844,True,2024-01-24,400,160,0,63,0,2
N04_ST_KLINGER,30m,friend,TEST,20,risk1,house,False,29745,97.781,0.097781,0.9042,12,132.32,True,2024-05-12,2356,1133,504,0,0,0
N04_ST_KLINGER,30m,friend,TEST,20,risk1,house,True,29745,98.942,0.098942,0.90256,11,147.43,True,2024-05-27,2288,1159,399,0,601,0
N04_ST_KLINGER,30m,friend,TEST,20,risk1,forced,False,29745,98.183,0.098183,0.90336,11,108.89,True,2024-04-19,2289,1000,0,0,0,18
N04_ST_KLINGER,30m,friend,TEST,20,risk1,forced,True,29745,99.486,0.099486,0.90202,15,133.67,True,2024-05-14,2375,1096,0,0,573,14
N04_ST_KLINGER,30m,friend,TEST,30,owner,house,False,29745,89.123,0.089123,0.91737,4,14.365,True,2024-01-15,115,44,224,32,0,0
N04_ST_KLINGER,30m,friend,TEST,30,owner,house,True,29745,89.279,0.089279,0.91723,4,14.365,True,2024-01-15,115,44,224,32,0,0
N04_ST_KLINGER,30m,friend,TEST,30,owner,forced,False,29745,56.646,0.056646,0.95256,4,4.4688,True,2024-01-05,74,20,0,39,0,4
N04_ST_KLINGER,30m,friend,TEST,30,owner,forced,True,29745,60.915,0.060915,0.94898,4,4.4688,True,2024-01-05,75,20,0,38,0,4
N04_ST_KLINGER,30m,friend,TEST,30,risk1,house,False,29745,102.58,0.10258,0.90232,9,135.14,True,2024-05-15,1836,768,1484,0,0,0
N04_ST_KLINGER,30m,friend,TEST,30,risk1,house,True,29745,98.555,0.098555,0.90221,8,150.27,True,2024-05-30,1917,832,1205,0,590,0
N04_ST_KLINGER,30m,friend,TEST,30,risk1,forced,False,29745,96.751,0.096751,0.90454,11,90.385,True,2024-03-31,2045,645,0,0,0,86
N04_ST_KLINGER,30m,friend,TEST,30,risk1,forced,True,29745,97.739,0.097739,0.90354,12,119.97,True,2024-04-30,2344,757,0,0,522,84
N04_ST_KLINGER,30m,friend,TEST,40,owner,house,False,29745,91.11,0.09111,0.90889,9,33.094,True,2024-02-03,64,37,830,27,0,0
N04_ST_KLINGER,30m,friend,TEST,40,owner,house,True,29745,91.504,0.091504,0.9085,9,33.094,True,2024-02-03,64,37,830,27,0,0
N04_ST_KLINGER,30m,friend,TEST,40,owner,forced,False,29745,68.547,0.068547,0.95355,6,1.4062,True,2024-01-04,34,15,0,49,0,3
N04_ST_KLINGER,30m,friend,TEST,40,owner,forced,True,29745,71.094,0.071094,0.95182,6,1.4062,True,2024-01-04,34,15,0,49,0,3
N04_ST_KLINGER,30m,friend,TEST,40,risk1,house,False,29745,94.902,0.094902,0.90586,9,161.26,True,2024-06-10,1549,657,2679,0,0,0
N04_ST_KLINGER,30m,friend,TEST,40,risk1,house,True,29745,99.619,0.099619,0.90118,9,178.93,True,2024-06-28,1671,717,2433,0,583,0
N04_ST_KLINGER,30m,friend,TEST,40,risk1,forced,False,29745,97.558,0.097558,0.90378,12,85.198,True,2024-03-26,2037,509,0,0,0,177
N04_ST_KLINGER,30m,friend,TEST,40,risk1,forced,True,29745,98.817,0.098817,0.90251,10,108.66,True,2024-04-19,2255,574,0,0,454,189
N04_ST_KLINGER,30m,friend,TEST,50,owner,house,False,29745,97.963,0.097963,0.90916,7,405.78,True,2025-03-16,55,40,13080,15,0,0
N04_ST_KLINGER,30m,friend,TEST,50,owner,house,True,29745,98.686,0.098686,0.90848,7,412.82,True,2025-03-23,57,44,13302,15,0,0
N04_ST_KLINGER,30m,friend,TEST,50,owner,forced,False,29745,0,0,1,3,2.1979,True,2024-01-03,33,10,0,47,0,2
N04_ST_KLINGER,30m,friend,TEST,50,owner,forced,True,29745,1.6882,0.0016882,0.99877,3,2.1979,True,2024-01-03,33,10,0,47,0,2
N04_ST_KLINGER,30m,friend,TEST,50,risk1,house,False,29745,100.4,0.1004,0.90066,8,294.17,True,2024-10-21,1619,678,6711,0,0,0
N04_ST_KLINGER,30m,friend,TEST,50,risk1,house,True,29745,99.681,0.099681,0.90118,8,390.79,True,2025-01-26,1739,722,7795,0,1518,0
N04_ST_KLINGER,30m,friend,TEST,50,risk1,forced,False,29745,99.746,0.099746,0.9022,9,72.177,True,2024-03-13,1717,393,0,0,0,212
N04_ST_KLINGER,30m,friend,TEST,50,risk1,forced,True,29745,100.14,0.10014,0.90162,10,85.812,True,2024-03-27,1896,400,0,0,277,253
N04_ST_KLINGER,30m,friend,EXTRA,20,owner,house,False,9345,92.129,0.092129,0.90787,9,22.552,True,2020-02-03,282,130,36,1,0,0
N04_ST_KLINGER,30m,friend,EXTRA,20,owner,house,True,9345,92.338,0.092338,0.90766,9,22.552,True,2020-02-03,282,130,36,1,0,0
N04_ST_KLINGER,30m,friend,EXTRA,20,owner,forced,False,9345,99.904,0.099904,0.90406,9,23.948,True,2020-02-04,329,150,0,3,0,0
N04_ST_KLINGER,30m,friend,EXTRA,20,owner,forced,True,9345,100.04,0.10004,0.90392,9,23.948,True,2020-02-04,329,150,0,3,0,0
N04_ST_KLINGER,30m,friend,EXTRA,20,risk1,house,False,9345,102.46,0.10246,0.90115,9,174.21,True,2020-07-20,2559,1443,448,0,0,0
N04_ST_KLINGER,30m,friend,EXTRA,20,risk1,house,True,9345,99.048,0.099048,0.90154,9,174.62,True,2020-07-21,2564,1444,433,0,17,0
N04_ST_KLINGER,30m,friend,EXTRA,20,risk1,forced,False,9345,98.704,0.098704,0.9024,11,169.04,True,2020-07-15,2888,1441,0,0,0,26
N04_ST_KLINGER,30m,friend,EXTRA,20,risk1,forced,True,9345,98.838,0.098838,0.90231,11,169.04,True,2020-07-15,2868,1439,0,0,22,22
N04_ST_KLINGER,30m,friend,EXTRA,30,owner,house,False,9345,98.54,0.09854,0.90857,5,30.635,True,2020-02-11,193,84,387,6,0,0
N04_ST_KLINGER,30m,friend,EXTRA,30,owner,house,True,9345,98.871,0.098871,0.90826,5,30.635,True,2020-02-11,193,84,387,6,0,0
N04_ST_KLINGER,30m,friend,EXTRA,30,owner,forced,False,9345,82.6,0.0826,0.9174,4,4.6146,True,2020-01-16,56,15,0,0,0,3
N04_ST_KLINGER,30m,friend,EXTRA,30,owner,forced,True,9345,82.728,0.082728,0.91727,4,4.6146,True,2020-01-16,56,15,0,0,0,3
N04_ST_KLINGER,30m,friend,EXTRA,30,risk1,house,False,9345,100.49,0.10049,0.90064,12,201.04,True,2020-07-30,2227,1030,1480,0,0,0
N04_ST_KLINGER,30m,friend,EXTRA,30,risk1,house,True,9345,101.41,0.10141,0.90104,12,201.9,True,2020-07-31,2221,1027,1470,0,37,0
N04_ST_KLINGER,30m,friend,EXTRA,30,risk1,forced,False,9345,99.592,0.099592,0.90061,12,168.24,True,2020-06-27,2920,1003,0,0,0,75
N04_ST_KLINGER,30m,friend,EXTRA,30,risk1,forced,True,9345,99.094,0.099094,0.90118,11,170.42,True,2020-06-29,2881,996,0,0,90,68
N04_ST_KLINGER,30m,friend,EXTRA,40,owner,house,False,9345,79.164,0.079164,0.92726,4,152.66,True,2020-06-14,57,37,3513,8,0,0
N04_ST_KLINGER,30m,friend,EXTRA,40,owner,house,True,9345,79.293,0.079293,0.92713,4,152.66,True,2020-06-14,57,37,3513,8,0,0
N04_ST_KLINGER,30m,friend,EXTRA,40,owner,forced,False,9345,61.355,0.061355,0.93865,2,1.5521,True,2020-01-13,16,5,0,3,0,3
N04_ST_KLINGER,30m,friend,EXTRA,40,owner,forced,True,9345,61.391,0.061391,0.93861,2,1.5521,True,2020-01-13,16,5,0,3,0,3
N04_ST_KLINGER,30m,friend,EXTRA,40,risk1,house,False,9345,98.048,0.098048,0.90723,10,251.72,True,2020-10-06,1804,809,4014,0,0,0
N04_ST_KLINGER,30m,friend,EXTRA,40,risk1,house,True,9345,97.641,0.097641,0.90762,10,251.72,True,2020-10-06,1802,809,3975,0,45,0
N04_ST_KLINGER,30m,friend,EXTRA,40,risk1,forced,False,9345,97.79,0.09779,0.90237,10,133.81,True,2020-05-24,2566,586,0,0,0,241
N04_ST_KLINGER,30m,friend,EXTRA,40,risk1,forced,True,9345,100.11,0.10011,0.90044,10,134.03,True,2020-05-24,2448,570,0,0,143,226
N04_ST_KLINGER,30m,friend,EXTRA,50,owner,house,False,9345,112.91,0.11291,0.89195,6,119.7,False,,33,24,9288,0,0,0
N04_ST_KLINGER,30m,friend,EXTRA,50,owner,house,True,9345,113.02,0.11302,0.89183,6,119.7,False,,33,24,9288,0,0,0
N04_ST_KLINGER,30m,friend,EXTRA,50,owner,forced,False,9345,77.411,0.077411,0.92259,2,1.2292,True,2020-01-12,15,2,0,3,0,3
N04_ST_KLINGER,30m,friend,EXTRA,50,owner,forced,True,9345,77.475,0.077475,0.92252,2,1.2292,True,2020-01-12,15,2,0,3,0,3
N04_ST_KLINGER,30m,friend,EXTRA,50,risk1,house,False,9345,178.79,0.17879,0.82662,7,325.55,False,,1052,487,7806,0,0,0
N04_ST_KLINGER,30m,friend,EXTRA,50,risk1,house,True,9345,180.52,0.18052,0.82483,7,325.55,False,,1052,487,7653,0,153,0
N04_ST_KLINGER,30m,friend,EXTRA,50,risk1,forced,False,9345,98.645,0.098645,0.90136,10,117.1,True,2020-05-07,2375,349,0,0,0,389
N04_ST_KLINGER,30m,friend,EXTRA,50,risk1,forced,True,9345,99.207,0.099207,0.90079,11,121.09,True,2020-05-11,2347,351,0,0,130,374
N04_ST_KLINGER,30m,pick1,SEARCH,20,owner,house,False,26886,99.38,0.09938,0.93001,5,41.75,True,2021-02-15,363,113,697,6,0,0
N04_ST_KLINGER,30m,pick1,SEARCH,20,owner,house,True,26886,100.24,0.10024,0.92939,5,41.75,True,2021-02-15,363,113,697,6,0,0
N04_ST_KLINGER,30m,pick1,SEARCH,20,owner,forced,False,26886,69.902,0.069902,0.97252,4,7.9479,True,2021-01-12,303,26,0,3,0,26
N04_ST_KLINGER,30m,pick1,SEARCH,20,owner,forced,True,26886,70.706,0.070706,0.97227,4,7.9479,True,2021-01-12,303,26,0,3,0,26
N04_ST_KLINGER,30m,pick1,SEARCH,20,risk1,house,False,26886,97.723,0.097723,0.90574,11,343.43,True,2021-12-12,4479,1434,2931,0,0,0
N04_ST_KLINGER,30m,pick1,SEARCH,20,risk1,house,True,26886,97.009,0.097009,0.90648,11,357.85,True,2021-12-26,4403,1417,2697,0,662,0
N04_ST_KLINGER,30m,pick1,SEARCH,20,risk1,forced,False,26886,99.963,0.099963,0.90606,9,241.23,True,2021-09-03,5248,1145,0,0,0,173
N04_ST_KLINGER,30m,pick1,SEARCH,20,risk1,forced,True,26886,98.507,0.098507,0.90747,9,301.38,True,2021-11-02,5653,1291,0,0,892,166
N04_ST_KLINGER,30m,pick1,SEARCH,30,owner,house,False,26886,95.775,0.095775,0.93026,5,47.094,True,2021-04-07,144,42,2316,3,0,0
N04_ST_KLINGER,30m,pick1,SEARCH,30,owner,house,True,26886,97.59,0.09759,0.92884,5,47.094,True,2021-04-07,144,42,2316,3,0,0
N04_ST_KLINGER,30m,pick1,SEARCH,30,owner,forced,False,26886,109.08,0.10908,0.97762,4,2.5,True,2021-01-07,160,10,0,9,0,20
N04_ST_KLINGER,30m,pick1,SEARCH,30,owner,forced,True,26886,109.24,0.10924,0.97759,4,2.5,True,2021-01-07,160,10,0,9,0,20
N04_ST_KLINGER,30m,pick1,SEARCH,30,risk1,house,False,26886,98.897,0.098897,0.90305,10,411.09,True,2022-03-11,2990,859,7113,0,0,0
N04_ST_KLINGER,30m,pick1,SEARCH,30,risk1,house,True,26886,98.904,0.098904,0.90308,10,421.88,True,2022-03-22,2975,858,6540,0,853,0
N04_ST_KLINGER,30m,pick1,SEARCH,30,risk1,forced,False,26886,99.852,0.099852,0.90903,13,207.78,True,2021-08-01,4871,655,0,0,0,435
N04_ST_KLINGER,30m,pick1,SEARCH,30,risk1,forced,True,26886,99.632,0.099632,0.90921,13,222.09,True,2021-08-15,4807,660,0,0,452,419
N04_ST_KLINGER,30m,pick1,SEARCH,40,owner,house,False,26886,90.981,0.090981,0.952,4,204.86,True,2022-10-18,122,54,16113,35,0,0
N04_ST_KLINGER,30m,pick1,SEARCH,40,owner,house,True,26886,95.131,0.095131,0.94978,4,204.86,True,2022-10-18,122,53,16111,38,0,0
N04_ST_KLINGER,30m,pick1,SEARCH,40,owner,forced,False,26886,85.046,0.085046,0.95448,3,0.6875,True,2021-01-02,31,1,0,17,0,8
N04_ST_KLINGER,30m,pick1,SEARCH,40,owner,forced,True,26886,85.075,0.085075,0.95448,3,0.6875,True,2021-01-02,31,1,0,17,0,8
N04_ST_KLINGER,30m,pick1,SEARCH,40,risk1,house,False,26886,99.805,0.099805,0.90199,7,638.84,True,2022-12-19,2346,793,14745,0,1,0
N04_ST_KLINGER,30m,pick1,SEARCH,40,risk1,house,True,26886,98.778,0.098778,0.90299,7,641.76,True,2022-12-22,2373,800,14535,0,248,0
N04_ST_KLINGER,30m,pick1,SEARCH,40,risk1,forced,False,26886,98.716,0.098716,0.90766,13,144.29,True,2021-05-30,3693,292,0,0,1,676
N04_ST_KLINGER,30m,pick1,SEARCH,40,risk1,forced,True,26886,98.486,0.098486,0.90778,11,172.96,True,2021-06-28,3782,313,0,0,596,663
N04_ST_KLINGER,30m,pick1,SEARCH,50,owner,house,False,26886,99.353,0.099353,0.90096,8,81.802,True,2022-12-30,34,28,18046,11,0,0
N04_ST_KLINGER,30m,pick1,SEARCH,50,owner,house,True,26886,99.617,0.099617,0.9007,8,81.802,True,2022-12-30,34,28,18046,11,0,0
N04_ST_KLINGER,30m,pick1,SEARCH,50,owner,forced,False,26886,61.32,0.06132,0.96332,2,0.3125,True,2021-01-01,9,0,0,6,0,3
N04_ST_KLINGER,30m,pick1,SEARCH,50,owner,forced,True,26886,61.332,0.061332,0.96331,2,0.3125,True,2021-01-01,9,0,0,6,0,3
N04_ST_KLINGER,30m,pick1,SEARCH,50,risk1,house,False,26886,99.883,0.099883,0.90119,10,803.02,True,2023-06-09,1732,684,19509,0,0,0
N04_ST_KLINGER,30m,pick1,SEARCH,50,risk1,house,True,26886,98.681,0.098681,0.90195,10,808.26,True,2023-06-14,1744,689,19502,0,83,0
N04_ST_KLINGER,30m,pick1,SEARCH,50,risk1,forced,False,26886,99.984,0.099984,0.90137,14,115.64,True,2021-04-26,2835,171,0,0,1,720
N04_ST_KLINGER,30m,pick1,SEARCH,50,risk1,forced,True,26886,100.34,0.10034,0.90152,13,122.8,True,2021-05-04,2748,167,0,0,284,708
N04_ST_KLINGER,30m,pick1,TEST,20,owner,house,False,22557,78.373,0.078373,0.93816,7,23.688,True,2024-01-25,273,117,48,22,0,0
N04_ST_KLINGER,30m,pick1,TEST,20,owner,house,True,22557,75.846,0.075846,0.94002,7,23.688,True,2024-01-25,274,117,48,21,0,0
N04_ST_KLINGER,30m,pick1,TEST,20,owner,forced,False,22557,72.74,0.07274,0.9426,7,23.688,True,2024-01-25,311,123,0,26,0,1
N04_ST_KLINGER,30m,pick1,TEST,20,owner,forced,True,22557,95.535,0.095535,0.92496,7,23.198,True,2024-01-25,304,121,0,26,0,1
N04_ST_KLINGER,30m,pick1,TEST,20,risk1,house,False,22557,101.22,0.10122,0.90603,9,145.6,True,2024-05-26,1986,813,379,0,0,0
N04_ST_KLINGER,30m,pick1,TEST,20,risk1,house,True,22557,99.818,0.099818,0.90612,9,152.35,True,2024-06-02,1844,809,300,0,399,0
N04_ST_KLINGER,30m,pick1,TEST,20,risk1,forced,False,22557,99.696,0.099696,0.90677,9,138.93,True,2024-05-20,2216,829,0,0,0,15
N04_ST_KLINGER,30m,pick1,TEST,20,risk1,forced,True,22557,98.541,0.098541,0.90733,9,152.35,True,2024-06-02,2108,839,0,0,405,12
N04_ST_KLINGER,30m,pick1,TEST,30,owner,house,False,22557,102.84,0.10284,0.91764,5,14.979,True,2024-01-16,94,33,149,28,0,0
N04_ST_KLINGER,30m,pick1,TEST,30,owner,house,True,22557,95.436,0.095436,0.92643,5,14.979,True,2024-01-16,97,35,148,29,0,0
N04_ST_KLINGER,30m,pick1,TEST,30,owner,forced,False,22557,62.826,0.062826,0.9515,4,9.2812,True,2024-01-11,138,25,0,40,0,3
N04_ST_KLINGER,30m,pick1,TEST,30,owner,forced,True,22557,67.131,0.067131,0.94815,4,9.2812,True,2024-01-11,139,25,0,39,0,3
N04_ST_KLINGER,30m,pick1,TEST,30,risk1,house,False,22557,99.059,0.099059,0.90465,8,147.25,True,2024-05-28,1580,527,1128,0,0,0
N04_ST_KLINGER,30m,pick1,TEST,30,risk1,house,True,22557,98.967,0.098967,0.90498,8,152.03,True,2024-06-02,1519,534,900,0,394,0
N04_ST_KLINGER,30m,pick1,TEST,30,risk1,forced,False,22557,99.276,0.099276,0.90435,9,108.99,True,2024-04-20,1894,497,0,0,0,83
N04_ST_KLINGER,30m,pick1,TEST,30,risk1,forced,True,22557,99.956,0.099956,0.90363,7,124.19,True,2024-05-05,1854,499,0,0,371,60
N04_ST_KLINGER,30m,pick1,TEST,40,owner,house,False,22557,102.66,0.10266,0.92935,9,33.396,True,2024-02-04,68,24,581,13,0,0
N04_ST_KLINGER,30m,pick1,TEST,40,owner,house,True,22557,102.8,0.1028,0.92917,9,33.396,True,2024-02-04,68,24,581,13,0,0
N04_ST_KLINGER,30m,pick1,TEST,40,owner,forced,False,22557,72.763,0.072763,0.93614,5,1.3125,True,2024-01-03,30,7,0,24,0,2
N04_ST_KLINGER,30m,pick1,TEST,40,owner,forced,True,22557,73.65,0.07365,0.93533,5,1.3125,True,2024-01-03,30,7,0,24,0,2
N04_ST_KLINGER,30m,pick1,TEST,40,risk1,house,False,22557,100.72,0.10072,0.90333,10,160.3,True,2024-06-10,1218,408,1930,0,0,0
N04_ST_KLINGER,30m,pick1,TEST,40,risk1,house,True,22557,99.19,0.09919,0.90439,10,182.25,True,2024-07-02,1370,469,1781,0,437,0
N04_ST_KLINGER,30m,pick1,TEST,40,risk1,forced,False,22557,98.406,0.098406,0.90492,11,107.68,True,2024-04-18,1976,404,0,0,0,176
N04_ST_KLINGER,30m,pick1,TEST,40,risk1,forced,True,22557,98.07,0.09807,0.90543,9,124.18,True,2024-05-05,1936,416,0,0,371,152
N04_ST_KLINGER,30m,pick1,TEST,50,owner,house,False,22557,91.855,0.091855,0.91292,5,454.32,True,2025-05-03,46,29,10820,6,0,0
N04_ST_KLINGER,30m,pick1,TEST,50,owner,house,True,22557,97.563,0.097563,0.90751,5,441.03,True,2025-04-20,47,30,10498,6,0,0
N04_ST_KLINGER,30m,pick1,TEST,50,owner,forced,False,22557,21.239,0.021239,0.97876,3,2.2604,True,2024-01-03,27,7,0,19,0,2
N04_ST_KLINGER,30m,pick1,TEST,50,owner,forced,True,22557,21.296,0.021296,0.9787,3,2.2604,True,2024-01-03,27,7,0,19,0,2
N04_ST_KLINGER,30m,pick1,TEST,50,risk1,house,False,22557,98.847,0.098847,0.90337,10,348.25,True,2024-12-15,1348,457,6071,0,0,0
N04_ST_KLINGER,30m,pick1,TEST,50,risk1,house,True,22557,99.965,0.099965,0.90257,10,446.41,True,2025-03-23,1352,470,6687,0,1450,0
N04_ST_KLINGER,30m,pick1,TEST,50,risk1,forced,False,22557,99.989,0.099989,0.90045,14,86.208,True,2024-03-28,1624,286,0,0,0,220
N04_ST_KLINGER,30m,pick1,TEST,50,risk1,forced,True,22557,97.976,0.097976,0.90241,10,107.39,True,2024-04-18,1770,306,0,0,304,238
N04_ST_KLINGER,30m,pick1,EXTRA,20,owner,house,False,7246,96.906,0.096906,0.93223,5,23.062,True,2020-02-06,292,115,24,3,0,0
N04_ST_KLINGER,30m,pick1,EXTRA,20,owner,house,True,7246,97.166,0.097166,0.93206,5,23.062,True,2020-02-06,292,115,24,3,0,0
N04_ST_KLINGER,30m,pick1,EXTRA,20,owner,forced,False,7246,83.987,0.083987,0.94591,5,21.031,True,2020-02-04,283,109,0,5,0,1
N04_ST_KLINGER,30m,pick1,EXTRA,20,owner,forced,True,7246,84.298,0.084298,0.94572,5,21.031,True,2020-02-04,283,109,0,5,0,1
N04_ST_KLINGER,30m,pick1,EXTRA,20,risk1,house,False,7246,99.257,0.099257,0.90563,11,212.25,True,2020-08-23,2591,1226,372,0,0,0
N04_ST_KLINGER,30m,pick1,EXTRA,20,risk1,house,True,7246,99.199,0.099199,0.90574,11,220.43,True,2020-08-31,2639,1225,366,0,84,0
N04_ST_KLINGER,30m,pick1,EXTRA,20,risk1,forced,False,7246,99.323,0.099323,0.90624,13,199.56,True,2020-08-10,2740,1194,0,0,0,11
N04_ST_KLINGER,30m,pick1,EXTRA,20,risk1,forced,True,7246,101.27,0.10127,0.90565,13,213.42,True,2020-08-24,2873,1232,0,0,94,11
N04_ST_KLINGER,30m,pick1,EXTRA,30,owner,house,False,7246,90.708,0.090708,0.957,5,47.115,True,2020-03-07,265,87,638,3,0,0
N04_ST_KLINGER,30m,pick1,EXTRA,30,owner,house,True,7246,86.975,0.086975,0.95877,5,47.115,True,2020-03-07,268,93,638,4,0,0
N04_ST_KLINGER,30m,pick1,EXTRA,30,owner,forced,False,7246,93.379,0.093379,0.95062,4,14.312,True,2020-01-29,203,54,0,24,0,5
N04_ST_KLINGER,30m,pick1,EXTRA,30,owner,forced,True,7246,93.515,0.093515,0.95055,4,14.312,True,2020-01-29,203,54,0,24,0,5
N04_ST_KLINGER,30m,pick1,EXTRA,30,risk1,house,False,7246,102.24,0.10224,0.90719,11,228.18,True,2020-09-12,2193,857,1536,0,0,0
N04_ST_KLINGER,30m,pick1,EXTRA,30,risk1,house,True,7246,98.754,0.098754,0.90768,11,234.05,True,2020-09-18,2236,872,1527,0,82,0
N04_ST_KLINGER,30m,pick1,EXTRA,30,risk1,forced,False,7246,99.024,0.099024,0.90476,11,174.72,True,2020-07-21,2625,857,0,0,0,49
N04_ST_KLINGER,30m,pick1,EXTRA,30,risk1,forced,True,7246,99.73,0.09973,0.90408,11,174.72,True,2020-07-21,2622,854,0,0,6,48
N04_ST_KLINGER,30m,pick1,EXTRA,40,owner,house,False,7246,84.848,0.084848,0.91515,6,156.93,True,2020-06-18,62,40,2780,9,0,0
N04_ST_KLINGER,30m,pick1,EXTRA,40,owner,house,True,7246,84.936,0.084936,0.91506,6,156.93,True,2020-06-18,62,40,2780,9,0,0
N04_ST_KLINGER,30m,pick1,EXTRA,40,owner,forced,False,7246,73.101,0.073101,0.95357,4,3.1042,True,2020-01-16,41,14,0,8,0,2
N04_ST_KLINGER,30m,pick1,EXTRA,40,owner,forced,True,7246,73.236,0.073236,0.95348,4,3.1042,True,2020-01-16,41,14,0,8,0,2
N04_ST_KLINGER,30m,pick1,EXTRA,40,risk1,house,False,7246,100.32,0.10032,0.91298,12,278.35,True,2020-11-01,1662,663,3440,0,0,0
N04_ST_KLINGER,30m,pick1,EXTRA,40,risk1,house,True,7246,109.01,0.10901,0.90942,12,322.81,False,,1764,688,4527,0,267,0
N04_ST_KLINGER,30m,pick1,EXTRA,40,risk1,forced,False,7246,100.71,0.10071,0.90348,11,161.18,True,2020-06-23,2431,551,0,0,0,176
N04_ST_KLINGER,30m,pick1,EXTRA,40,risk1,forced,True,7246,99.132,0.099132,0.90439,11,167.52,True,2020-06-30,2463,574,0,0,56,170
N04_ST_KLINGER,30m,pick1,EXTRA,50,owner,house,False,7246,332.14,0.33214,0.66786,5,119.83,False,,26,19,7201,0,0,0
N04_ST_KLINGER,30m,pick1,EXTRA,50,owner,house,True,7246,332.22,0.33222,0.66778,5,119.83,False,,26,19,7201,0,0,0
N04_ST_KLINGER,30m,pick1,EXTRA,50,owner,forced,False,7246,-5.6843e-14,-5.6843e-17,1,4,3.6146,True,2020-01-15,34,8,0,8,0,4
N04_ST_KLINGER,30m,pick1,EXTRA,50,owner,forced,True,7246,0.0021721,2.1721e-06,1,4,3.6146,True,2020-01-15,34,8,0,8,0,4
N04_ST_KLINGER,30m,pick1,EXTRA,50,risk1,house,False,7246,297.94,0.29794,0.72307,8,304.22,False,,845,350,6051,0,0,0
N04_ST_KLINGER,30m,pick1,EXTRA,50,risk1,house,True,7246,299.94,0.29994,0.72118,8,304.22,False,,845,350,6036,0,15,0
N04_ST_KLINGER,30m,pick1,EXTRA,50,risk1,forced,False,7246,99.687,0.099687,0.90271,13,132.24,True,2020-05-26,2180,310,0,0,0,345
N04_ST_KLINGER,30m,pick1,EXTRA,50,risk1,forced,True,7246,101.5,0.1015,0.90276,13,147.75,True,2020-06-10,2293,347,0,0,111,335
N04_ST_KLINGER,30m,pick2,SEARCH,20,owner,house,False,27342,99.172,0.099172,0.92233,4,14.844,True,2021-01-31,225,55,532,3,0,0
N04_ST_KLINGER,30m,pick2,SEARCH,20,owner,house,True,27342,94.643,0.094643,0.92757,4,14.927,True,2021-01-31,227,56,533,3,0,0
N04_ST_KLINGER,30m,pick2,SEARCH,20,owner,forced,False,27342,93.796,0.093796,0.94203,5,6.4479,True,2021-01-11,254,34,0,5,0,20
N04_ST_KLINGER,30m,pick2,SEARCH,20,owner,forced,True,27342,94.159,0.094159,0.94195,5,6.4479,True,2021-01-11,254,34,0,5,0,20
N04_ST_KLINGER,30m,pick2,SEARCH,20,risk1,house,False,27342,99.44,0.09944,0.90284,8,326.56,True,2021-12-09,4401,1570,2964,0,0,0
N04_ST_KLINGER,30m,pick2,SEARCH,20,risk1,house,True,27342,99.134,0.099134,0.90313,8,342.03,True,2021-12-24,4322,1519,2724,0,721,0
N04_ST_KLINGER,30m,pick2,SEARCH,20,risk1,forced,False,27342,99.798,0.099798,0.90221,9,212.45,True,2021-08-05,4666,1067,0,0,0,172
N04_ST_KLINGER,30m,pick2,SEARCH,20,risk1,forced,True,27342,98.596,0.098596,0.90361,9,245.7,True,2021-09-06,4829,1169,0,0,613,159
N04_ST_KLINGER,30m,pick2,SEARCH,30,owner,house,False,27342,93.062,0.093062,0.93222,5,51.854,True,2021-04-28,176,65,2887,6,0,0
N04_ST_KLINGER,30m,pick2,SEARCH,30,owner,house,True,27342,96.17,0.09617,0.93144,5,53.562,True,2021-04-30,185,69,2926,6,0,0
N04_ST_KLINGER,30m,pick2,SEARCH,30,owner,forced,False,27342,91.605,0.091605,0.9084,5,4.5104,True,2021-01-05,100,8,0,17,0,14
N04_ST_KLINGER,30m,pick2,SEARCH,30,owner,forced,True,27342,92.244,0.092244,0.90776,5,4.5104,True,2021-01-05,100,8,0,17,0,14
N04_ST_KLINGER,30m,pick2,SEARCH,30,risk1,house,False,27342,99.217,0.099217,0.90078,10,426.54,True,2022-03-03,2876,936,7156,0,0,0
N04_ST_KLINGER,30m,pick2,SEARCH,30,risk1,house,True,27342,98.598,0.098598,0.9014,10,441.53,True,2022-03-18,2885,949,6619,0,895,0
N04_ST_KLINGER,30m,pick2,SEARCH,30,risk1,forced,False,27342,99.189,0.099189,0.90496,13,191.34,True,2021-07-17,4576,670,0,0,0,441
N04_ST_KLINGER,30m,pick2,SEARCH,30,risk1,forced,True,27342,98.571,0.098571,0.90571,11,196.83,True,2021-07-22,4282,639,0,0,471,409
N04_ST_KLINGER,30m,pick2,SEARCH,40,owner,house,False,27342,80.232,0.080232,0.95076,4,223.62,True,2022-08-07,55,25,14686,4,0,0
N04_ST_KLINGER,30m,pick2,SEARCH,40,owner,house,True,27342,90.133,0.090133,0.94465,4,222.83,True,2022-08-06,54,24,14672,4,0,0
N04_ST_KLINGER,30m,pick2,SEARCH,40,owner,forced,False,27342,93.878,0.093878,0.90612,3,0.35417,True,2021-01-01,5,0,0,5,0,1
N04_ST_KLINGER,30m,pick2,SEARCH,40,owner,forced,True,27342,94.039,0.094039,0.90596,3,0.35417,True,2021-01-01,5,0,0,5,0,1
N04_ST_KLINGER,30m,pick2,SEARCH,40,risk1,house,False,27342,100.3,0.1003,0.9025,7,624.19,True,2022-12-04,2138,766,14875,0,1,0
N04_ST_KLINGER,30m,pick2,SEARCH,40,risk1,house,True,27342,99.452,0.099452,0.90237,7,630.15,True,2022-12-10,2195,808,14633,0,303,0
N04_ST_KLINGER,30m,pick2,SEARCH,40,risk1,forced,False,27342,99.457,0.099457,0.90153,13,148.38,True,2021-06-04,3833,344,0,0,1,712
N04_ST_KLINGER,30m,pick2,SEARCH,40,risk1,forced,True,27342,100.06,0.10006,0.90112,12,174.71,True,2021-06-30,3874,359,0,0,597,697
N04_ST_KLINGER,30m,pick2,SEARCH,50,owner,house,False,27342,99.209,0.099209,0.91252,7,68.375,True,2022-12-30,34,34,18317,7,0,0
N04_ST_KLINGER,30m,pick2,SEARCH,50,owner,house,True,27342,99.515,0.099515,0.91224,7,68.375,True,2022-12-30,34,34,18317,7,0,0
N04_ST_KLINGER,30m,pick2,SEARCH,50,owner,forced,False,27342,0,0,1,2,0.22917,True,2021-01-01,2,0,0,6,0,2
N04_ST_KLINGER,30m,pick2,SEARCH,50,owner,forced,True,27342,0.010642,1.0642e-05,0.99999,2,0.22917,True,2021-01-01,2,0,0,6,0,2
N04_ST_KLINGER,30m,pick2,SEARCH,50,risk1,house,False,27342,98.39,0.09839,0.9025,8,722.39,True,2023-06-27,1789,776,20113,0,0,0
N04_ST_KLINGER,30m,pick2,SEARCH,50,risk1,house,True,27342,98.628,0.098628,0.90224,8,746.73,True,2023-07-21,1901,838,20406,0,155,0
N04_ST_KLINGER,30m,pick2,SEARCH,50,risk1,forced,False,27342,99.38,0.09938,0.90062,14,117.17,True,2021-04-28,2931,184,0,0,0,745
N04_ST_KLINGER,30m,pick2,SEARCH,50,risk1,forced,True,27342,99.953,0.099953,0.90005,13,123.85,True,2021-05-04,2825,188,0,0,306,732
N04_ST_KLINGER,30m,pick2,TEST,20,owner,house,False,22811,87.865,0.087865,0.92046,7,23.198,True,2024-01-25,273,124,49,20,0,0
N04_ST_KLINGER,30m,pick2,TEST,20,owner,house,True,22811,85.757,0.085757,0.92241,7,23.198,True,2024-01-25,274,124,49,20,0,0
N04_ST_KLINGER,30m,pick2,TEST,20,owner,forced,False,22811,87.13,0.08713,0.92113,7,23.198,True,2024-01-25,306,131,0,29,0,1
N04_ST_KLINGER,30m,pick2,TEST,20,owner,forced,True,22811,87.752,0.087752,0.92058,7,23.198,True,2024-01-25,306,131,0,29,0,1
N04_ST_KLINGER,30m,pick2,TEST,20,risk1,house,False,22811,98.084,0.098084,0.90535,10,126.51,True,2024-05-07,1721,735,378,0,0,0
N04_ST_KLINGER,30m,pick2,TEST,20,risk1,house,True,22811,99.271,0.099271,0.90459,10,137.21,True,2024-05-18,1639,741,304,0,383,0
N04_ST_KLINGER,30m,pick2,TEST,20,risk1,forced,False,22811,98.993,0.098993,0.90447,10,126.51,True,2024-05-07,2051,783,0,0,0,15
N04_ST_KLINGER,30m,pick2,TEST,20,risk1,forced,True,22811,100.02,0.10002,0.90477,10,145.52,True,2024-05-26,2007,810,0,0,427,12
N04_ST_KLINGER,30m,pick2,TEST,30,owner,house,False,22811,89.75,0.08975,0.92855,5,16.156,True,2024-01-18,105,48,156,47,0,0
N04_ST_KLINGER,30m,pick2,TEST,30,owner,house,True,22811,83.506,0.083506,0.93353,6,16.156,True,2024-01-18,107,48,155,46,0,0
N04_ST_KLINGER,30m,pick2,TEST,30,owner,forced,False,22811,95.579,0.095579,0.9073,7,4.6771,True,2024-01-07,67,24,0,48,0,2
N04_ST_KLINGER,30m,pick2,TEST,30,owner,forced,True,22811,82.358,0.082358,0.92043,7,4.6771,True,2024-01-07,67,20,0,30,0,2
N04_ST_KLINGER,30m,pick2,TEST,30,risk1,house,False,22811,98.764,0.098764,0.90376,8,145.99,True,2024-05-27,1528,575,1159,0,0,0
N04_ST_KLINGER,30m,pick2,TEST,30,risk1,house,True,22811,99.621,0.099621,0.90298,8,152.03,True,2024-06-01,1486,573,925,0,416,0
N04_ST_KLINGER,30m,pick2,TEST,30,risk1,forced,False,22811,98.029,0.098029,0.90299,8,106.07,True,2024-04-17,1863,533,0,0,0,72
N04_ST_KLINGER,30m,pick2,TEST,30,risk1,forced,True,22811,100.1,0.1001,0.90171,8,128.58,True,2024-05-09,1909,565,0,0,412,55
N04_ST_KLINGER,30m,pick2,TEST,40,owner,house,False,22811,82.504,0.082504,0.93959,7,32.812,True,2024-02-04,64,28,580,14,0,0
N04_ST_KLINGER,30m,pick2,TEST,40,owner,house,True,22811,82.798,0.082798,0.93937,7,32.812,True,2024-02-04,64,28,580,14,0,0
N04_ST_KLINGER,30m,pick2,TEST,40,owner,forced,False,22811,94.132,0.094132,0.92093,4,1.3125,True,2024-01-03,31,8,0,25,0,2
N04_ST_KLINGER,30m,pick2,TEST,40,owner,forced,True,22811,94.566,0.094566,0.92056,4,1.3125,True,2024-01-03,31,8,0,25,0,2
N04_ST_KLINGER,30m,pick2,TEST,40,risk1,house,False,22811,98.008,0.098008,0.9037,9,160.28,True,2024-06-09,1183,440,1982,0,0,0
N04_ST_KLINGER,30m,pick2,TEST,40,risk1,house,True,22811,97.489,0.097489,0.9042,9,179.75,True,2024-06-29,1304,499,1817,0,451,0
N04_ST_KLINGER,30m,pick2,TEST,40,risk1,forced,False,22811,100.8,0.1008,0.90169,8,96.958,True,2024-04-08,1801,420,0,0,0,148
N04_ST_KLINGER,30m,pick2,TEST,40,risk1,forced,True,22811,98.991,0.098991,0.90225,9,119.93,True,2024-05-01,1890,439,0,0,376,148
N04_ST_KLINGER,30m,pick2,TEST,50,owner,house,False,22811,97.616,0.097616,0.9181,4,517.98,True,2025-07-09,70,47,12519,7,0,0
N04_ST_KLINGER,30m,pick2,TEST,50,owner,house,True,22811,98.848,0.098848,0.91706,4,493.27,True,2025-06-14,58,33,11986,7,0,0
N04_ST_KLINGER,30m,pick2,TEST,50,owner,forced,False,22811,24.857,0.024857,0.97514,2,2.2604,True,2024-01-03,27,7,0,21,0,2
N04_ST_KLINGER,30m,pick2,TEST,50,owner,forced,True,22811,24.805,0.024805,0.97519,2,2.2604,True,2024-01-03,27,7,0,21,0,2
N04_ST_KLINGER,30m,pick2,TEST,50,risk1,house,False,22811,99.1,0.0991,0.9019,11,284.89,True,2024-10-13,1153,442,5011,0,0,0
N04_ST_KLINGER,30m,pick2,TEST,50,risk1,house,True,22811,99.771,0.099771,0.90123,11,376.14,True,2025-01-12,1252,488,5708,0,1204,0
N04_ST_KLINGER,30m,pick2,TEST,50,risk1,forced,False,22811,98.95,0.09895,0.90124,9,86.104,True,2024-03-27,1594,309,0,0,0,216
N04_ST_KLINGER,30m,pick2,TEST,50,risk1,forced,True,22811,99.729,0.099729,0.90039,12,102.25,True,2024-04-12,1685,326,0,0,283,217
N04_ST_KLINGER,30m,pick2,EXTRA,20,owner,house,False,7474,70.331,0.070331,0.94335,5,35.104,True,2020-02-18,436,178,54,5,0,0
N04_ST_KLINGER,30m,pick2,EXTRA,20,owner,house,True,7474,69.694,0.069694,0.94387,5,35.104,True,2020-02-18,436,178,54,5,0,0
N04_ST_KLINGER,30m,pick2,EXTRA,20,owner,forced,False,7474,88.441,0.088441,0.93229,5,30.448,True,2020-02-14,425,168,0,5,0,1
N04_ST_KLINGER,30m,pick2,EXTRA,20,owner,forced,True,7474,87.577,0.087577,0.93296,5,30.448,True,2020-02-14,425,168,0,5,0,1
N04_ST_KLINGER,30m,pick2,EXTRA,20,risk1,house,False,7474,98.692,0.098692,0.90769,9,221.5,True,2020-08-29,2693,1340,390,0,0,0
N04_ST_KLINGER,30m,pick2,EXTRA,20,risk1,house,True,7474,100.12,0.10012,0.90664,9,223.29,True,2020-08-31,2685,1325,384,0,65,0
N04_ST_KLINGER,30m,pick2,EXTRA,20,risk1,forced,False,7474,96.062,0.096062,0.90956,9,212.92,True,2020-08-21,2926,1355,0,0,0,14
N04_ST_KLINGER,30m,pick2,EXTRA,20,risk1,forced,True,7474,99.857,0.099857,0.90597,9,218.1,True,2020-08-26,2943,1352,0,0,85,14
N04_ST_KLINGER,30m,pick2,EXTRA,30,owner,house,False,7474,104.35,0.10435,0.96194,4,75.906,True,2020-04-05,321,123,1095,9,0,0
N04_ST_KLINGER,30m,pick2,EXTRA,30,owner,house,True,7474,97.854,0.097854,0.96459,4,75.906,True,2020-04-06,323,124,1094,10,0,0
N04_ST_KLINGER,30m,pick2,EXTRA,30,owner,forced,False,7474,85.334,0.085334,0.94722,4,9.1354,True,2020-01-24,138,41,0,10,0,4
N04_ST_KLINGER,30m,pick2,EXTRA,30,owner,forced,True,7474,85.322,0.085322,0.94723,4,9.1354,True,2020-01-24,138,41,0,10,0,4
N04_ST_KLINGER,30m,pick2,EXTRA,30,risk1,house,False,7474,98.875,0.098875,0.91267,9,253.74,True,2020-09-29,2470,1036,1654,0,0,0
N04_ST_KLINGER,30m,pick2,EXTRA,30,risk1,house,True,7474,99.757,0.099757,0.91237,9,254.03,True,2020-09-29,2464,1033,1639,0,35,0
N04_ST_KLINGER,30m,pick2,EXTRA,30,risk1,forced,False,7474,98.586,0.098586,0.90833,9,193.12,True,2020-08-01,2841,982,0,0,0,52
N04_ST_KLINGER,30m,pick2,EXTRA,30,risk1,forced,True,7474,98.912,0.098912,0.908,9,193.12,True,2020-08-01,2822,977,0,0,24,52
N04_ST_KLINGER,30m,pick2,EXTRA,40,owner,house,False,7474,80.202,0.080202,0.95558,5,139.52,True,2020-07-12,145,88,3142,26,0,0
N04_ST_KLINGER,30m,pick2,EXTRA,40,owner,house,True,7474,80.251,0.080251,0.95555,5,139.52,True,2020-07-12,145,88,3142,26,0,0
N04_ST_KLINGER,30m,pick2,EXTRA,40,owner,forced,False,7474,89.635,0.089635,0.93087,5,3.4062,True,2020-01-15,35,10,0,6,0,4
N04_ST_KLINGER,30m,pick2,EXTRA,40,owner,forced,True,7474,89.682,0.089682,0.93083,5,3.4062,True,2020-01-15,35,10,0,6,0,4
N04_ST_KLINGER,30m,pick2,EXTRA,40,risk1,house,False,7474,148.1,0.1481,0.87551,9,338.56,False,,1876,756,4842,0,0,0
N04_ST_KLINGER,30m,pick2,EXTRA,40,risk1,house,True,7474,150.91,0.15091,0.87442,9,329.62,False,,1855,755,4693,0,171,0
N04_ST_KLINGER,30m,pick2,EXTRA,40,risk1,forced,False,7474,98.495,0.098495,0.9057,9,162.02,True,2020-07-01,2577,622,0,0,0,179
N04_ST_KLINGER,30m,pick2,EXTRA,40,risk1,forced,True,7474,99.956,0.099956,0.90506,9,165.41,True,2020-07-04,2579,636,0,0,39,176
N04_ST_KLINGER,30m,pick2,EXTRA,50,owner,house,False,7474,384.85,0.38485,0.61515,5,119.83,False,,25,21,7428,0,0,0
N04_ST_KLINGER,30m,pick2,EXTRA,50,owner,house,True,7474,385.05,0.38505,0.61495,5,119.83,False,,25,21,7428,0,0,0
N04_ST_KLINGER,30m,pick2,EXTRA,50,owner,forced,False,7474,0,0,1,5,3.2708,True,2020-01-15,36,7,0,6,0,4
N04_ST_KLINGER,30m,pick2,EXTRA,50,owner,forced,True,7474,0.0079972,7.9972e-06,0.99999,5,3.2708,True,2020-01-15,36,7,0,6,0,4
N04_ST_KLINGER,30m,pick2,EXTRA,50,risk1,house,False,7474,355.72,0.35572,0.67955,8,329.62,False,,873,363,6238,0,0,0
N04_ST_KLINGER,30m,pick2,EXTRA,50,risk1,house,True,7474,356.96,0.35696,0.67827,8,329.62,False,,873,363,6227,0,11,0
N04_ST_KLINGER,30m,pick2,EXTRA,50,risk1,forced,False,7474,99.942,0.099942,0.90284,11,154.07,True,2020-06-16,2519,406,0,0,0,358
N04_ST_KLINGER,30m,pick2,EXTRA,50,risk1,forced,True,7474,99.333,0.099333,0.90344,13,156.85,True,2020-06-19,2485,419,0,0,78,347
N04_ST_KLINGER,30m,pick3,SEARCH,20,owner,house,False,26846,91.611,0.091611,0.93656,5,41.75,True,2021-02-15,366,109,693,7,0,0
N04_ST_KLINGER,30m,pick3,SEARCH,20,owner,house,True,26846,92.9,0.0929,0.9356,5,41.75,True,2021-02-15,366,109,693,7,0,0
N04_ST_KLINGER,30m,pick3,SEARCH,20,owner,forced,False,26846,77.427,0.077427,0.96666,4,7.9479,True,2021-01-12,300,26,0,3,0,26
N04_ST_KLINGER,30m,pick3,SEARCH,20,owner,forced,True,26846,77.963,0.077963,0.96647,4,7.9479,True,2021-01-12,300,26,0,3,0,26
N04_ST_KLINGER,30m,pick3,SEARCH,20,risk1,house,False,26846,97.659,0.097659,0.90596,11,350.34,True,2021-12-19,4602,1468,2940,0,0,0
N04_ST_KLINGER,30m,pick3,SEARCH,20,risk1,house,True,26846,98.884,0.098884,0.90483,11,358.32,True,2021-12-27,4408,1433,2691,0,658,0
N04_ST_KLINGER,30m,pick3,SEARCH,20,risk1,forced,False,26846,98.821,0.098821,0.90724,9,247.52,True,2021-09-09,5361,1189,0,0,0,178
N04_ST_KLINGER,30m,pick3,SEARCH,20,risk1,forced,True,26846,99.565,0.099565,0.90634,8,320.58,True,2021-11-21,5880,1389,0,0,1040,164
N04_ST_KLINGER,30m,pick3,SEARCH,30,owner,house,False,26846,96.714,0.096714,0.93279,5,47.094,True,2021-04-08,147,42,2336,3,0,0
N04_ST_KLINGER,30m,pick3,SEARCH,30,owner,house,True,26846,98.441,0.098441,0.93151,5,47.094,True,2021-04-08,147,43,2332,3,0,0
N04_ST_KLINGER,30m,pick3,SEARCH,30,owner,forced,False,26846,79.505,0.079505,0.96876,4,4.7188,True,2021-01-07,156,8,0,8,0,18
N04_ST_KLINGER,30m,pick3,SEARCH,30,owner,forced,True,26846,79.572,0.079572,0.96874,4,4.7188,True,2021-01-07,156,8,0,8,0,18
N04_ST_KLINGER,30m,pick3,SEARCH,30,risk1,house,False,26846,99.14,0.09914,0.9026,10,407.29,True,2022-03-07,2954,850,7063,0,0,0
N04_ST_KLINGER,30m,pick3,SEARCH,30,risk1,house,True,26846,97.815,0.097815,0.9039,10,418.36,True,2022-03-18,2922,844,6527,0,848,0
N04_ST_KLINGER,30m,pick3,SEARCH,30,risk1,forced,False,26846,100.58,0.10058,0.90842,12,200.3,True,2021-07-25,4743,644,0,0,0,421
N04_ST_KLINGER,30m,pick3,SEARCH,30,risk1,forced,True,26846,99.652,0.099652,0.90842,12,216.36,True,2021-08-11,4658,646,0,0,491,401
N04_ST_KLINGER,30m,pick3,SEARCH,40,owner,house,False,26846,79.494,0.079494,0.94619,4,273.08,True,2022-08-07,60,21,14432,7,0,0
N04_ST_KLINGER,30m,pick3,SEARCH,40,owner,house,True,26846,104.27,0.10427,0.93251,4,195.96,True,2022-05-22,53,15,12513,7,0,0
N04_ST_KLINGER,30m,pick3,SEARCH,40,owner,forced,False,26846,68.736,0.068736,0.96321,3,0.66667,True,2021-01-02,30,0,0,16,0,8
N04_ST_KLINGER,30m,pick3,SEARCH,40,owner,forced,True,26846,68.76,0.06876,0.96321,3,0.66667,True,2021-01-02,30,0,0,16,0,8
N04_ST_KLINGER,30m,pick3,SEARCH,40,risk1,house,False,26846,98.501,0.098501,0.90327,7,641.76,True,2022-12-22,2380,793,14762,0,0,0
N04_ST_KLINGER,30m,pick3,SEARCH,40,risk1,house,True,26846,99.218,0.099218,0.90275,7,642.73,True,2022-12-23,2387,789,14512,0,264,0
N04_ST_KLINGER,30m,pick3,SEARCH,40,risk1,forced,False,26846,99.269,0.099269,0.90662,12,142.31,True,2021-05-28,3619,293,0,0,2,655
N04_ST_KLINGER,30m,pick3,SEARCH,40,risk1,forced,True,26846,99.99,0.09999,0.90596,10,169.42,True,2021-06-25,3677,315,0,0,596,641
N04_ST_KLINGER,30m,pick3,SEARCH,50,owner,house,False,26846,99.353,0.099353,0.90096,8,81.802,True,2022-12-30,34,29,18021,12,0,0
N04_ST_KLINGER,30m,pick3,SEARCH,50,owner,house,True,26846,99.617,0.099617,0.9007,8,81.802,True,2022-12-30,34,29,18021,12,0,0
N04_ST_KLINGER,30m,pick3,SEARCH,50,owner,forced,False,26846,61.32,0.06132,0.96332,2,0.3125,True,2021-01-01,9,0,0,6,0,3
N04_ST_KLINGER,30m,pick3,SEARCH,50,owner,forced,True,26846,61.332,0.061332,0.96331,2,0.3125,True,2021-01-01,9,0,0,6,0,3
N04_ST_KLINGER,30m,pick3,SEARCH,50,risk1,house,False,26846,98.323,0.098323,0.90208,10,797.8,True,2023-06-04,1694,664,19393,0,0,0
N04_ST_KLINGER,30m,pick3,SEARCH,50,risk1,house,True,26846,98.866,0.098866,0.90154,10,802.59,True,2023-06-09,1726,678,19387,0,92,0
N04_ST_KLINGER,30m,pick3,SEARCH,50,risk1,forced,False,26846,99.112,0.099112,0.90223,13,104.85,True,2021-04-16,2576,171,0,0,0,645
N04_ST_KLINGER,30m,pick3,SEARCH,50,risk1,forced,True,26846,99.904,0.099904,0.90145,12,115.68,True,2021-04-26,2599,159,0,0,255,684
N04_ST_KLINGER,30m,pick3,TEST,20,owner,house,False,22555,81.471,0.081471,0.93571,7,27.146,True,2024-01-29,306,144,48,37,0,0
N04_ST_KLINGER,30m,pick3,TEST,20,owner,house,True,22555,82.321,0.082321,0.9349,7,27.146,True,2024-01-29,306,144,48,37,0,0
N04_ST_KLINGER,30m,pick3,TEST,20,owner,forced,False,22555,94.53,0.09453,0.92724,7,23.698,True,2024-01-25,318,117,0,29,0,1
N04_ST_KLINGER,30m,pick3,TEST,20,owner,forced,True,22555,107.22,0.10722,0.92445,7,24.094,True,2024-01-26,321,119,0,29,0,1
N04_ST_KLINGER,30m,pick3,TEST,20,risk1,house,False,22555,99.093,0.099093,0.90746,9,147.98,True,2024-05-29,2049,826,381,0,0,0
N04_ST_KLINGER,30m,pick3,TEST,20,risk1,house,True,22555,98.53,0.09853,0.90734,9,152.69,True,2024-06-03,1862,799,303,0,398,0
N04_ST_KLINGER,30m,pick3,TEST,20,risk1,forced,False,22555,99.011,0.099011,0.90693,9,138.92,True,2024-05-20,2225,824,0,0,0,16
N04_ST_KLINGER,30m,pick3,TEST,20,risk1,forced,True,22555,99.042,0.099042,0.90685,9,152.16,True,2024-06-02,2119,834,0,0,398,12
N04_ST_KLINGER,30m,pick3,TEST,30,owner,house,False,22555,86.159,0.086159,0.9329,5,16.156,True,2024-01-18,109,42,150,41,0,0
N04_ST_KLINGER,30m,pick3,TEST,30,owner,house,True,22555,89.002,0.089002,0.93067,5,16.156,True,2024-01-18,110,42,149,41,0,0
N04_ST_KLINGER,30m,pick3,TEST,30,owner,forced,False,22555,55.642,0.055642,0.95705,4,9.2812,True,2024-01-11,139,24,0,40,0,3
N04_ST_KLINGER,30m,pick3,TEST,30,owner,forced,True,22555,58.786,0.058786,0.9546,4,9.2812,True,2024-01-11,140,24,0,39,0,3
N04_ST_KLINGER,30m,pick3,TEST,30,risk1,house,False,22555,94.579,0.094579,0.90881,9,148.96,True,2024-05-30,1606,541,1141,0,0,0
N04_ST_KLINGER,30m,pick3,TEST,30,risk1,house,True,22555,99.62,0.09962,0.90394,9,152.35,True,2024-06-02,1531,534,909,0,380,0
N04_ST_KLINGER,30m,pick3,TEST,30,risk1,forced,False,22555,99.373,0.099373,0.90406,9,111.81,True,2024-04-23,1952,508,0,0,0,85
N04_ST_KLINGER,30m,pick3,TEST,30,risk1,forced,True,22555,100.12,0.10012,0.9041,9,128.58,True,2024-05-09,1922,507,0,0,394,62
N04_ST_KLINGER,30m,pick3,TEST,40,owner,house,False,22555,94.645,0.094645,0.9307,8,33.917,True,2024-02-05,71,24,594,13,0,0
N04_ST_KLINGER,30m,pick3,TEST,40,owner,house,True,22555,94.653,0.094653,0.93069,8,33.917,True,2024-02-05,71,24,594,13,0,0
N04_ST_KLINGER,30m,pick3,TEST,40,owner,forced,False,22555,72.763,0.072763,0.93614,5,1.3125,True,2024-01-03,30,7,0,24,0,2
N04_ST_KLINGER,30m,pick3,TEST,40,owner,forced,True,22555,73.65,0.07365,0.93533,5,1.3125,True,2024-01-03,30,7,0,24,0,2
N04_ST_KLINGER,30m,pick3,TEST,40,risk1,house,False,22555,96.107,0.096107,0.9068,8,181.39,True,2024-07-01,1415,481,2138,0,0,0
N04_ST_KLINGER,30m,pick3,TEST,40,risk1,house,True,22555,100.36,0.10036,0.90353,8,182.77,True,2024-07-02,1374,473,1797,0,426,0
N04_ST_KLINGER,30m,pick3,TEST,40,risk1,forced,False,22555,99.155,0.099155,0.9042,11,107.69,True,2024-04-19,1983,403,0,0,0,178
N04_ST_KLINGER,30m,pick3,TEST,40,risk1,forced,True,22555,99.203,0.099203,0.90414,9,126.56,True,2024-05-07,1990,422,0,0,371,159
N04_ST_KLINGER,30m,pick3,TEST,50,owner,house,False,22555,94.249,0.094249,0.91065,6,503.33,True,2025-06-21,57,32,11990,4,0,0
N04_ST_KLINGER,30m,pick3,TEST,50,owner,house,True,22555,94.329,0.094329,0.91058,7,490.68,True,2025-06-08,57,31,11715,4,0,0
N04_ST_KLINGER,30m,pick3,TEST,50,owner,forced,False,22555,21.239,0.021239,0.97876,3,2.2604,True,2024-01-03,27,7,0,19,0,2
N04_ST_KLINGER,30m,pick3,TEST,50,owner,forced,True,22555,21.296,0.021296,0.9787,3,2.2604,True,2024-01-03,27,7,0,19,0,2
N04_ST_KLINGER,30m,pick3,TEST,50,risk1,house,False,22555,99.704,0.099704,0.90253,10,362.35,True,2024-12-29,1363,461,6380,0,0,0
N04_ST_KLINGER,30m,pick3,TEST,50,risk1,house,True,22555,99.8,0.0998,0.90243,10,472.88,True,2025-04-19,1379,469,7120,0,1587,0
N04_ST_KLINGER,30m,pick3,TEST,50,risk1,forced,False,22555,99.387,0.099387,0.90119,14,88,True,2024-03-30,1659,287,0,0,0,233
N04_ST_KLINGER,30m,pick3,TEST,50,risk1,forced,True,22555,99.402,0.099402,0.90099,10,107.57,True,2024-04-18,1778,303,0,0,302,243
N04_ST_KLINGER,30m,pick3,EXTRA,20,owner,house,False,7253,93.143,0.093143,0.93357,4,23.062,True,2020-02-06,286,118,24,3,0,0
N04_ST_KLINGER,30m,pick3,EXTRA,20,owner,house,True,7253,93.439,0.093439,0.93336,4,23.062,True,2020-02-06,286,118,24,3,0,0
N04_ST_KLINGER,30m,pick3,EXTRA,20,owner,forced,False,7253,91.349,0.091349,0.94,4,20.375,True,2020-02-04,269,109,0,5,0,1
N04_ST_KLINGER,30m,pick3,EXTRA,20,owner,forced,True,7253,91.629,0.091629,0.93982,4,20.375,True,2020-02-04,269,109,0,5,0,1
N04_ST_KLINGER,30m,pick3,EXTRA,20,risk1,house,False,7253,98.745,0.098745,0.90526,11,209.09,True,2020-08-10,2422,1157,366,0,0,0
N04_ST_KLINGER,30m,pick3,EXTRA,20,risk1,house,True,7253,101.09,0.10109,0.90523,11,226.03,True,2020-08-27,2597,1215,369,0,86,0
N04_ST_KLINGER,30m,pick3,EXTRA,20,risk1,forced,False,7253,100.8,0.1008,0.90422,11,208.06,True,2020-08-09,2727,1184,0,0,0,12
N04_ST_KLINGER,30m,pick3,EXTRA,20,risk1,forced,True,7253,99.568,0.099568,0.90477,11,221.47,True,2020-08-22,2866,1231,0,0,94,12
N04_ST_KLINGER,30m,pick3,EXTRA,30,owner,house,False,7253,89.243,0.089243,0.96227,5,46.354,True,2020-03-07,266,98,637,4,0,0
N04_ST_KLINGER,30m,pick3,EXTRA,30,owner,house,True,7253,89.379,0.089379,0.96221,5,46.354,True,2020-03-07,266,98,637,4,0,0
N04_ST_KLINGER,30m,pick3,EXTRA,30,owner,forced,False,7253,93.065,0.093065,0.95699,3,13.781,True,2020-01-28,190,58,0,20,0,5
N04_ST_KLINGER,30m,pick3,EXTRA,30,owner,forced,True,7253,93.055,0.093055,0.957,3,13.781,True,2020-01-28,190,58,0,20,0,5
N04_ST_KLINGER,30m,pick3,EXTRA,30,risk1,house,False,7253,102.09,0.10209,0.90895,11,228.18,True,2020-09-12,2190,869,1530,0,0,0
N04_ST_KLINGER,30m,pick3,EXTRA,30,risk1,house,True,7253,99.835,0.099835,0.90815,11,232.49,True,2020-09-17,2219,880,1518,0,83,0
N04_ST_KLINGER,30m,pick3,EXTRA,30,risk1,forced,False,7253,98.077,0.098077,0.90577,11,181.12,True,2020-07-27,2723,890,0,0,0,45
N04_ST_KLINGER,30m,pick3,EXTRA,30,risk1,forced,True,7253,98.405,0.098405,0.90549,11,181.12,True,2020-07-27,2714,890,0,0,9,45
N04_ST_KLINGER,30m,pick3,EXTRA,40,owner,house,False,7253,107.27,0.10727,0.92115,6,146.59,True,2020-06-21,71,43,2816,15,0,0
N04_ST_KLINGER,30m,pick3,EXTRA,40,owner,house,True,7253,107.39,0.10739,0.92106,6,146.59,True,2020-06-21,71,43,2816,15,0,0
N04_ST_KLINGER,30m,pick3,EXTRA,40,owner,forced,False,7253,84.476,0.084476,0.95357,4,2.7812,True,2020-01-16,41,14,0,8,0,2
N04_ST_KLINGER,30m,pick3,EXTRA,40,owner,forced,True,7253,84.649,0.084649,0.95348,4,2.7812,True,2020-01-16,41,14,0,8,0,2
N04_ST_KLINGER,30m,pick3,EXTRA,40,risk1,house,False,7253,111.57,0.11157,0.91285,12,331.8,False,,1844,724,4685,0,0,0
N04_ST_KLINGER,30m,pick3,EXTRA,40,risk1,house,True,7253,114.12,0.11412,0.90967,12,322.81,False,,1773,696,4525,0,259,0
N04_ST_KLINGER,30m,pick3,EXTRA,40,risk1,forced,False,7253,95.924,0.095924,0.90691,11,167.49,True,2020-06-30,2515,574,0,0,0,171
N04_ST_KLINGER,30m,pick3,EXTRA,40,risk1,forced,True,7253,98.405,0.098405,0.90478,11,168.28,True,2020-07-01,2485,579,0,0,48,169
N04_ST_KLINGER,30m,pick3,EXTRA,50,owner,house,False,7253,332.14,0.33214,0.66786,5,119.83,False,,26,19,7208,0,0,0
N04_ST_KLINGER,30m,pick3,EXTRA,50,owner,house,True,7253,332.22,0.33222,0.66778,5,119.83,False,,26,19,7208,0,0,0
N04_ST_KLINGER,30m,pick3,EXTRA,50,owner,forced,False,7253,0,0,1,4,2.8854,True,2020-01-15,34,8,0,8,0,3
N04_ST_KLINGER,30m,pick3,EXTRA,50,owner,forced,True,7253,0.0060106,6.0106e-06,1,4,2.8854,True,2020-01-15,34,8,0,8,0,3
N04_ST_KLINGER,30m,pick3,EXTRA,50,risk1,house,False,7253,292.53,0.29253,0.7307,10,325.12,False,,844,355,6054,0,0,0
N04_ST_KLINGER,30m,pick3,EXTRA,50,risk1,house,True,7253,294.54,0.29454,0.72871,10,325.12,False,,844,355,6038,0,16,0
N04_ST_KLINGER,30m,pick3,EXTRA,50,risk1,forced,False,7253,99.373,0.099373,0.904,13,145.96,True,2020-06-08,2370,356,0,0,0,343
N04_ST_KLINGER,30m,pick3,EXTRA,50,risk1,forced,True,7253,99.443,0.099443,0.90338,13,150.77,True,2020-06-13,2329,368,0,0,106,333
N04_ST_KLINGER,30m,coinpicks,SEARCH,20,owner,house,False,31850,95.362,0.095362,0.91482,4,15.219,True,2021-01-29,223,70,589,6,0,0
N04_ST_KLINGER,30m,coinpicks,SEARCH,20,owner,house,True,31850,96.588,0.096588,0.91386,4,15.219,True,2021-01-29,223,70,589,6,0,0
N04_ST_KLINGER,30m,coinpicks,SEARCH,20,owner,forced,False,31850,75.307,0.075307,0.9297,5,5.7188,True,2021-01-06,160,21,0,2,0,14
N04_ST_KLINGER,30m,coinpicks,SEARCH,20,owner,forced,True,31850,76.013,0.076013,0.92904,5,5.7188,True,2021-01-06,160,21,0,2,0,14
N04_ST_KLINGER,30m,coinpicks,SEARCH,20,risk1,house,False,31850,99.39,0.09939,0.90192,7,290.22,True,2021-11-03,4233,1503,3462,0,0,0
N04_ST_KLINGER,30m,coinpicks,SEARCH,20,risk1,house,True,31850,100.17,0.10017,0.90099,7,325.05,True,2021-12-09,4488,1624,3282,0,855,0
N04_ST_KLINGER,30m,coinpicks,SEARCH,20,risk1,forced,False,31850,98.137,0.098137,0.90231,10,227.28,True,2021-08-16,5574,1332,0,0,0,217
N04_ST_KLINGER,30m,coinpicks,SEARCH,20,risk1,forced,True,31850,99.811,0.099811,0.90064,10,255.28,True,2021-09-13,5696,1427,0,0,619,205
N04_ST_KLINGER,30m,coinpicks,SEARCH,30,owner,house,False,31850,111.59,0.11159,0.92113,5,63.979,True,2021-04-09,146,49,2785,4,0,0
N04_ST_KLINGER,30m,coinpicks,SEARCH,30,owner,house,True,31850,109.5,0.1095,0.92222,5,63.979,True,2021-04-09,147,49,2785,3,0,0
N04_ST_KLINGER,30m,coinpicks,SEARCH,30,owner,forced,False,31850,57.147,0.057147,0.94677,4,2.75,True,2021-01-04,78,7,0,8,0,10
N04_ST_KLINGER,30m,coinpicks,SEARCH,30,owner,forced,True,31850,58.315,0.058315,0.94568,4,2.75,True,2021-01-04,78,7,0,8,0,10
N04_ST_KLINGER,30m,coinpicks,SEARCH,30,risk1,house,False,31850,99.508,0.099508,0.90049,8,433.01,True,2022-03-10,3208,1028,8587,0,0,0
N04_ST_KLINGER,30m,coinpicks,SEARCH,30,risk1,house,True,31850,99.839,0.099839,0.90016,8,438.78,True,2022-03-15,3095,999,7776,0,1127,0
N04_ST_KLINGER,30m,coinpicks,SEARCH,30,risk1,forced,False,31850,99.31,0.09931,0.90193,11,190.83,True,2021-07-14,5165,770,0,0,0,507
N04_ST_KLINGER,30m,coinpicks,SEARCH,30,risk1,forced,True,31850,98.632,0.098632,0.90264,11,204.03,True,2021-07-27,5045,792,0,0,463,473
N04_ST_KLINGER,30m,coinpicks,SEARCH,40,owner,house,False,31850,95.445,0.095445,0.93894,6,265.95,True,2022-09-17,82,31,18195,8,0,0
N04_ST_KLINGER,30m,coinpicks,SEARCH,40,owner,house,True,31850,104.71,0.10471,0.93602,6,225.04,True,2022-08-07,60,21,17023,8,0,0
N04_ST_KLINGER,30m,coinpicks,SEARCH,40,owner,forced,False,31850,21.908,0.021908,0.98021,4,0.45833,True,2021-01-01,9,2,0,6,0,3
N04_ST_KLINGER,30m,coinpicks,SEARCH,40,owner,forced,True,31850,21.983,0.021983,0.98015,4,0.45833,True,2021-01-01,9,2,0,6,0,3
N04_ST_KLINGER,30m,coinpicks,SEARCH,40,risk1,house,False,31850,98.956,0.098956,0.90271,6,592.49,True,2022-11-04,2238,741,16823,0,0,0
N04_ST_KLINGER,30m,coinpicks,SEARCH,40,risk1,house,True,31850,99.797,0.099797,0.90187,6,595.06,True,2022-11-07,2225,736,16366,0,535,0
N04_ST_KLINGER,30m,coinpicks,SEARCH,40,risk1,forced,False,31850,99.913,0.099913,0.90039,12,129.99,True,2021-05-11,3647,349,0,0,0,667
N04_ST_KLINGER,30m,coinpicks,SEARCH,40,risk1,forced,True,31850,99.953,0.099953,0.90035,12,146.5,True,2021-05-27,3626,327,0,0,559,695
N04_ST_KLINGER,30m,coinpicks,SEARCH,50,owner,house,False,31850,95.293,0.095293,0.90501,5,81.115,True,2022-12-29,29,29,21281,11,0,0
N04_ST_KLINGER,30m,coinpicks,SEARCH,50,owner,house,True,31850,95.509,0.095509,0.90479,5,81.115,True,2022-12-29,29,29,21281,11,0,0
N04_ST_KLINGER,30m,coinpicks,SEARCH,50,owner,forced,False,31850,83.823,0.083823,0.92821,2,0.22917,True,2021-01-01,3,0,0,6,0,2
N04_ST_KLINGER,30m,coinpicks,SEARCH,50,owner,forced,True,31850,84.029,0.084029,0.92804,2,0.22917,True,2021-01-01,3,0,0,6,0,2
N04_ST_KLINGER,30m,coinpicks,SEARCH,50,risk1,house,False,31850,99.555,0.099555,0.90489,8,718.85,True,2023-07-12,2039,857,23958,0,0,0
N04_ST_KLINGER,30m,coinpicks,SEARCH,50,risk1,house,True,31850,100.19,0.10019,0.9044,8,723.76,True,2023-07-17,2047,864,23980,0,84,0
N04_ST_KLINGER,30m,coinpicks,SEARCH,50,risk1,forced,False,31850,99.593,0.099593,0.90055,11,96.188,True,2021-04-07,2747,168,0,0,0,686
N04_ST_KLINGER,30m,coinpicks,SEARCH,50,risk1,forced,True,31850,98.1,0.0981,0.90204,10,102.22,True,2021-04-13,2760,165,0,0,185,707
N04_ST_KLINGER,30m,coinpicks,TEST,20,owner,house,False,26883,84.484,0.084484,0.93722,7,23.635,True,2024-01-25,341,149,56,37,0,0
N04_ST_KLINGER,30m,coinpicks,TEST,20,owner,house,True,26883,91.852,0.091852,0.93449,7,23.969,True,2024-01-25,342,150,56,36,0,0
N04_ST_KLINGER,30m,coinpicks,TEST,20,owner,forced,False,26883,107.36,0.10736,0.92293,4,12.365,True,2024-01-14,217,79,0,33,0,1
N04_ST_KLINGER,30m,coinpicks,TEST,20,owner,forced,True,26883,104.66,0.10466,0.92544,5,12.365,True,2024-01-14,220,80,0,29,0,1
N04_ST_KLINGER,30m,coinpicks,TEST,20,risk1,house,False,26883,98.382,0.098382,0.90852,8,126.07,True,2024-05-07,2051,938,432,0,0,0
N04_ST_KLINGER,30m,coinpicks,TEST,20,risk1,house,True,26883,98.301,0.098301,0.9085,8,135.27,True,2024-05-16,1898,921,327,0,519,0
N04_ST_KLINGER,30m,coinpicks,TEST,20,risk1,forced,False,26883,97.075,0.097075,0.90974,8,117.53,True,2024-04-28,2241,954,0,0,0,16
N04_ST_KLINGER,30m,coinpicks,TEST,20,risk1,forced,True,26883,97.405,0.097405,0.90933,8,135.89,True,2024-05-17,2171,968,0,0,541,12
N04_ST_KLINGER,30m,coinpicks,TEST,30,owner,house,False,26883,100.28,0.10028,0.92582,7,5.3021,True,2024-01-07,56,22,60,20,0,0
N04_ST_KLINGER,30m,coinpicks,TEST,30,owner,house,True,26883,100.86,0.10086,0.92537,7,5.3021,True,2024-01-07,56,22,60,20,0,0
N04_ST_KLINGER,30m,coinpicks,TEST,30,owner,forced,False,26883,54.631,0.054631,0.95921,3,3.4583,True,2024-01-05,68,18,0,27,0,5
N04_ST_KLINGER,30m,coinpicks,TEST,30,owner,forced,True,26883,55.218,0.055218,0.95873,3,3.4583,True,2024-01-05,68,18,0,27,0,5
N04_ST_KLINGER,30m,coinpicks,TEST,30,risk1,house,False,26883,98.513,0.098513,0.90451,9,131.24,True,2024-05-11,1598,626,1316,0,0,0
N04_ST_KLINGER,30m,coinpicks,TEST,30,risk1,house,True,26883,97.383,0.097383,0.90559,9,137.16,True,2024-05-18,1538,624,1015,0,537,0
N04_ST_KLINGER,30m,coinpicks,TEST,30,risk1,forced,False,26883,98.706,0.098706,0.90532,12,85.156,True,2024-03-27,1762,567,0,0,0,65
N04_ST_KLINGER,30m,coinpicks,TEST,30,risk1,forced,True,26883,98.872,0.098872,0.90512,9,114.26,True,2024-04-25,2012,641,0,0,467,64
N04_ST_KLINGER,30m,coinpicks,TEST,40,owner,house,False,26883,81,0.081,0.94367,5,33.385,True,2024-02-04,76,31,744,20,0,0
N04_ST_KLINGER,30m,coinpicks,TEST,40,owner,house,True,26883,81.156,0.081156,0.94355,5,33.385,True,2024-02-04,76,31,744,20,0,0
N04_ST_KLINGER,30m,coinpicks,TEST,40,owner,forced,False,26883,33.033,0.033033,0.97219,4,2.5625,True,2024-01-03,40,7,0,33,0,4
N04_ST_KLINGER,30m,coinpicks,TEST,40,owner,forced,True,26883,33.209,0.033209,0.97203,4,2.5625,True,2024-01-03,40,7,0,33,0,4
N04_ST_KLINGER,30m,coinpicks,TEST,40,risk1,house,False,26883,98.624,0.098624,0.90267,8,152.14,True,2024-06-02,1212,487,2439,0,0,0
N04_ST_KLINGER,30m,coinpicks,TEST,40,risk1,house,True,26883,99.1,0.0991,0.90219,8,154.41,True,2024-06-04,1208,483,1954,0,564,0
N04_ST_KLINGER,30m,coinpicks,TEST,40,risk1,forced,False,26883,99.41,0.09941,0.9027,14,84.156,True,2024-03-26,1842,444,0,0,0,164
N04_ST_KLINGER,30m,coinpicks,TEST,40,risk1,forced,True,26883,99.743,0.099743,0.90235,11,107.65,True,2024-04-19,2030,498,0,0,423,168
N04_ST_KLINGER,30m,coinpicks,TEST,50,owner,house,False,26883,98.588,0.098588,0.90654,5,336.07,True,2025-01-05,43,35,10032,4,0,0
N04_ST_KLINGER,30m,coinpicks,TEST,50,owner,house,True,26883,92.192,0.092192,0.9126,5,378.06,True,2025-02-16,45,37,11002,4,0,0
N04_ST_KLINGER,30m,coinpicks,TEST,50,owner,forced,False,26883,105.83,0.10583,0.90083,3,1.5104,True,2024-01-02,22,3,0,23,0,1
N04_ST_KLINGER,30m,coinpicks,TEST,50,owner,forced,True,26883,105.87,0.10587,0.90079,3,1.5104,True,2024-01-02,22,3,0,23,0,1
N04_ST_KLINGER,30m,coinpicks,TEST,50,risk1,house,False,26883,99.832,0.099832,0.9004,10,268.11,True,2024-09-25,1196,472,5684,0,0,0
N04_ST_KLINGER,30m,coinpicks,TEST,50,risk1,house,True,26883,99.142,0.099142,0.90109,10,278.31,True,2024-10-05,1207,471,5031,0,936,0
N04_ST_KLINGER,30m,coinpicks,TEST,50,risk1,forced,False,26883,99.582,0.099582,0.90042,9,74,True,2024-03-15,1611,351,0,0,0,205
N04_ST_KLINGER,30m,coinpicks,TEST,50,risk1,forced,True,26883,99.763,0.099763,0.90024,13,85.396,True,2024-03-26,1677,353,0,0,255,216
N04_ST_KLINGER,30m,coinpicks,EXTRA,20,owner,house,False,8432,83.377,0.083377,0.94354,5,34.469,True,2020-02-18,478,213,65,6,0,0
N04_ST_KLINGER,30m,coinpicks,EXTRA,20,owner,house,True,8432,83.399,0.083399,0.94352,5,34.469,True,2020-02-18,478,213,65,6,0,0
N04_ST_KLINGER,30m,coinpicks,EXTRA,20,owner,forced,False,8432,86.459,0.086459,0.94557,5,32.948,True,2020-02-16,504,215,0,6,0,2
N04_ST_KLINGER,30m,coinpicks,EXTRA,20,owner,forced,True,8432,86.758,0.086758,0.94538,5,32.948,True,2020-02-16,504,215,0,6,0,2
N04_ST_KLINGER,30m,coinpicks,EXTRA,20,risk1,house,False,8432,98.91,0.09891,0.90767,10,199.74,True,2020-08-10,2668,1417,441,0,0,0
N04_ST_KLINGER,30m,coinpicks,EXTRA,20,risk1,house,True,8432,101.25,0.10125,0.90667,10,202.59,True,2020-08-13,2678,1411,431,0,65,0
N04_ST_KLINGER,30m,coinpicks,EXTRA,20,risk1,forced,False,8432,100.7,0.1007,0.90927,10,198.71,True,2020-08-09,3025,1461,0,0,0,20
N04_ST_KLINGER,30m,coinpicks,EXTRA,20,risk1,forced,True,8432,98.745,0.098745,0.90905,10,200.48,True,2020-08-11,3011,1460,0,0,70,20
N04_ST_KLINGER,30m,coinpicks,EXTRA,30,owner,house,False,8432,92.706,0.092706,0.97224,5,33.844,True,2020-02-24,244,91,554,4,0,0
N04_ST_KLINGER,30m,coinpicks,EXTRA,30,owner,house,True,8432,92.816,0.092816,0.9722,5,33.844,True,2020-02-24,244,91,554,4,0,0
N04_ST_KLINGER,30m,coinpicks,EXTRA,30,owner,forced,False,8432,91.861,0.091861,0.96291,5,9.5,True,2020-01-24,154,44,0,12,0,5
N04_ST_KLINGER,30m,coinpicks,EXTRA,30,owner,forced,True,8432,91.874,0.091874,0.9629,5,9.5,True,2020-01-24,154,44,0,12,0,5
N04_ST_KLINGER,30m,coinpicks,EXTRA,30,risk1,house,False,8432,103.17,0.10317,0.91099,11,235.21,True,2020-09-12,2404,1063,1822,0,0,0
N04_ST_KLINGER,30m,coinpicks,EXTRA,30,risk1,house,True,8432,100.53,0.10053,0.91107,11,239.33,True,2020-09-16,2425,1075,1808,0,86,0
N04_ST_KLINGER,30m,coinpicks,EXTRA,30,risk1,forced,False,8432,97.909,0.097909,0.90847,11,197.77,True,2020-07-30,3102,1126,0,0,0,58
N04_ST_KLINGER,30m,coinpicks,EXTRA,30,risk1,forced,True,8432,98.854,0.098854,0.90757,11,197.77,True,2020-07-30,3079,1121,0,0,35,57
N04_ST_KLINGER,30m,coinpicks,EXTRA,40,owner,house,False,8432,80.604,0.080604,0.94827,7,153.24,True,2020-06-23,95,55,3251,24,0,0
N04_ST_KLINGER,30m,coinpicks,EXTRA,40,owner,house,True,8432,80.746,0.080746,0.94818,7,153.24,True,2020-06-23,95,55,3251,24,0,0
N04_ST_KLINGER,30m,coinpicks,EXTRA,40,owner,forced,False,8432,99.413,0.099413,0.95405,6,2.3958,True,2020-01-15,43,9,0,6,0,4
N04_ST_KLINGER,30m,coinpicks,EXTRA,40,owner,forced,True,8432,99.416,0.099416,0.95404,6,2.3958,True,2020-01-15,43,9,0,6,0,4
N04_ST_KLINGER,30m,coinpicks,EXTRA,40,risk1,house,False,8432,119.99,0.11999,0.89447,10,325.98,False,,2021,845,5566,0,0,0
N04_ST_KLINGER,30m,coinpicks,EXTRA,40,risk1,house,True,8432,124.03,0.12403,0.88858,10,322.81,False,,1963,832,5425,0,212,0
N04_ST_KLINGER,30m,coinpicks,EXTRA,40,risk1,forced,False,8432,99.165,0.099165,0.90611,11,163,True,2020-06-25,2789,689,0,0,0,200
N04_ST_KLINGER,30m,coinpicks,EXTRA,40,risk1,forced,True,8432,98.338,0.098338,0.907,11,167.59,True,2020-06-30,2789,711,0,0,66,193
N04_ST_KLINGER,30m,coinpicks,EXTRA,50,owner,house,False,8432,646.24,0.64624,0.44368,2,119.84,False,,21,24,8387,0,0,0
N04_ST_KLINGER,30m,coinpicks,EXTRA,50,owner,house,True,8432,646.26,0.64626,0.44362,2,119.84,False,,21,24,8387,0,0,0
N04_ST_KLINGER,30m,coinpicks,EXTRA,50,owner,forced,False,8432,0,0,1,5,2.3958,True,2020-01-15,38,5,0,6,0,4
N04_ST_KLINGER,30m,coinpicks,EXTRA,50,owner,forced,True,8432,0.0026212,2.6212e-06,1,5,2.3958,True,2020-01-15,38,5,0,6,0,4
N04_ST_KLINGER,30m,coinpicks,EXTRA,50,risk1,house,False,8432,316.85,0.31685,0.70065,10,310.38,False,,913,377,7142,0,0,0
N04_ST_KLINGER,30m,coinpicks,EXTRA,50,risk1,house,True,8432,317.82,0.31782,0.69954,10,310.38,False,,913,377,7129,0,13,0
N04_ST_KLINGER,30m,coinpicks,EXTRA,50,risk1,forced,False,8432,99.051,0.099051,0.90578,12,122.77,True,2020-05-16,2340,310,0,0,0,390
N04_ST_KLINGER,30m,coinpicks,EXTRA,50,risk1,forced,True,8432,99.787,0.099787,0.90509,12,125.43,True,2020-05-19,2300,319,0,0,91,374
