strategy,family,combo,held_tf,blocked_tf,n,sumR
C:DOGE,core,ALLINF|FC,0,0,7111,-1033.955507655628
C:DOGE,core,ALLINF|FC,0,1,5181,-549.186551088831
C:DOGE,core,ALLINF|FC,0,2,2103,-101.00581483572023
C:DOGE,core,ALLINF|FC,1,0,2614,-342.83845221454976
C:DOGE,core,ALLINF|FC,1,1,2118,-141.18861464899965
C:DOGE,core,ALLINF|FC,1,2,1368,-78.5982934741769
C:DOGE,core,ALLINF|FC,2,0,2114,-287.20626931183506
C:DOGE,core,ALLINF|FC,2,1,1247,-72.15040469961241
C:DOGE,core,ALLINF|FC,2,2,996,-56.469814619078534
C:DOGE,core,ALLINF|FC,2,3,1,0.08441031724214554
C:DOGE,core,ALLINF|SWH,0,0,3241,-387.5419609459932
C:DOGE,core,ALLINF|SWH,0,1,837,-97.77671680855565
C:DOGE,core,ALLINF|SWH,0,2,214,-5.704615035327151
C:DOGE,core,ALLINF|SWH,1,0,3743,-516.5983815232757
C:DOGE,core,ALLINF|SWH,1,1,2715,-222.04734518087935
C:DOGE,core,ALLINF|SWH,1,2,427,-18.78395916800946
C:DOGE,core,ALLINF|SWH,2,0,5695,-869.1219070818624
C:DOGE,core,ALLINF|SWH,2,1,3958,-376.0371655676863
C:DOGE,core,ALLINF|SWH,2,2,2443,-106.33581585189677
C:DOGE,core,ALLINF|SWH,3,0,3,2.1627056896686554
C:DOGE,core,ALLINF|SWH,3,1,2,0.6548349559307098
C:DOGE,core,ALLINF|SWH,3,2,4,0.39520806632936
C:DOGE,core,ALL|FC,0,0,7085,-1050.3133088168688
C:DOGE,core,ALL|FC,0,1,4912,-550.9988509172108
C:DOGE,core,ALL|FC,0,2,1645,-95.06555357016623
C:DOGE,core,ALL|FC,1,0,2435,-334.7051977030351
C:DOGE,core,ALL|FC,1,1,1873,-139.94933878048323
C:DOGE,core,ALL|FC,1,2,1041,-67.33064491214463
C:DOGE,core,ALL|FC,2,0,1695,-255.27690819336567
C:DOGE,core,ALL|FC,2,1,948,-60.06456080498174
C:DOGE,core,ALL|FC,2,2,609,-47.049310408270685
C:DOGE,core,ALL|LTF,0,0,6431,-961.5810968847945
C:DOGE,core,ALL|LTF,0,1,4245,-479.0221472259145
C:DOGE,core,ALL|LTF,0,2,1398,-79.54845591075718
C:DOGE,core,ALL|LTF,1,0,3049,-424.46344926045276
C:DOGE,core,ALL|LTF,1,1,1986,-158.1950126683805
C:DOGE,core,ALL|LTF,1,2,991,-48.84629302989924
C:DOGE,core,ALL|LTF,2,0,2173,-339.0663104545092
C:DOGE,core,ALL|LTF,2,1,1360,-114.67240612325259
C:DOGE,core,ALL|LTF,2,2,741,-55.04919651450473
C:DOGE,core,ALL|SW,0,0,4176,-539.5066460286034
C:DOGE,core,ALL|SW,0,1,2661,-297.58697394118644
C:DOGE,core,ALL|SW,0,2,711,-58.40753869316541
C:DOGE,core,ALL|SW,1,0,948,-161.20921953464858
C:DOGE,core,ALL|SW,1,1,1996,-174.79383839375805
C:DOGE,core,ALL|SW,1,2,817,-49.54223875980824
C:DOGE,core,ALL|SW,2,0,424,-39.90834338881541
C:DOGE,core,ALL|SW,2,1,260,-7.7962670074775815
C:DOGE,core,ALL|SW,2,2,667,-23.591311873373343
C:DOGE,core,ALL|SWH,0,0,3386,-426.0334069238743
C:DOGE,core,ALL|SWH,0,1,824,-109.26741712051444
C:DOGE,core,ALL|SWH,0,2,183,-1.4972531122621149
C:DOGE,core,ALL|SWH,1,0,3880,-577.0357153465156
C:DOGE,core,ALL|SWH,1,1,2620,-245.83975602255668
C:DOGE,core,ALL|SWH,1,2,362,-14.903189407661557
C:DOGE,core,ALL|SWH,2,0,4775,-735.8919538901537
C:DOGE,core,ALL|SWH,2,1,3211,-335.26961933565326
C:DOGE,core,ALL|SWH,2,2,1660,-94.91974833727
C:DOGE,core,A|FC,0,0,7844,-1162.2611531526782
C:DOGE,core,A|FC,0,1,5431,-580.0039361852687
C:DOGE,core,A|FC,1,0,2721,-378.1766918444773
C:DOGE,core,A|FC,1,1,2060,-157.37509255087934
C:DOGE,core,A|LTF,0,0,7259,-1078.7528352579102
C:DOGE,core,A|LTF,0,1,4751,-492.55371474078856
C:DOGE,core,A|LTF,1,0,3691,-530.5895526785753
C:DOGE,core,A|LTF,1,1,2421,-207.74157511838712
C:DOGE,core,A|SW,0,0,4319,-552.8958061008598
C:DOGE,core,A|SW,0,1,2742,-309.2717371194158
C:DOGE,core,A|SW,1,0,1052,-171.23504713573493
C:DOGE,core,A|SW,1,1,2067,-163.92056128091644
C:DOGE,core,A|SWH,0,0,4335,-626.931439074222
C:DOGE,core,A|SWH,0,1,1042,-138.76673883665353
C:DOGE,core,A|SWH,1,0,6865,-981.8277627592324
C:DOGE,core,A|SWH,1,1,4719,-450.70414426003117
C:DOGE,core,HI|FC,2,2,1879,-119.14263596993987
C:DOGE,core,HI|LTF,2,2,1879,-119.14263596993987
C:DOGE,core,HI|SW,2,2,1090,-53.455930367606925
C:DOGE,core,HI|SWH,2,2,1879,-119.14263596993987
C:DOGE,core,T15|FC,0,0,9421,-1361.4215695211897
C:DOGE,core,T1h|FC,2,2,1879,-119.14263596993987
C:DOGE,core,T30|FC,1,1,5284,-484.0607056369772
C:N01_ST_EMA,core,ALLINF|FC,0,0,12349,-1988.619247510589
C:N01_ST_EMA,core,ALLINF|FC,0,1,5828,-738.2905382758909
C:N01_ST_EMA,core,ALLINF|FC,0,2,1791,-200.47611851803958
C:N01_ST_EMA,core,ALLINF|FC,0,3,313,11.181509059853852
C:N01_ST_EMA,core,ALLINF|FC,1,0,5662,-1042.5774288608955
C:N01_ST_EMA,core,ALLINF|FC,1,1,3263,-347.2149031312729
C:N01_ST_EMA,core,ALLINF|FC,1,2,2030,-153.3890557482955
C:N01_ST_EMA,core,ALLINF|FC,1,3,182,-7.181843318510801
C:N01_ST_EMA,core,ALLINF|FC,2,0,5074,-989.7311871738639
C:N01_ST_EMA,core,ALLINF|FC,2,1,2518,-370.6174918269098
C:N01_ST_EMA,core,ALLINF|FC,2,2,1590,-114.3503167863546
C:N01_ST_EMA,core,ALLINF|FC,2,3,346,-24.685199732426554
C:N01_ST_EMA,core,ALLINF|FC,3,0,4051,-819.0743323281349
C:N01_ST_EMA,core,ALLINF|FC,3,1,1725,-263.15101026542834
C:N01_ST_EMA,core,ALLINF|FC,3,2,929,-59.69497098797001
C:N01_ST_EMA,core,ALLINF|FC,3,3,435,-10.147313177527394
C:N01_ST_EMA,core,ALLINF|SWH,0,0,5172,-689.9429488149581
C:N01_ST_EMA,core,ALLINF|SWH,0,1,517,-58.844985383795574
C:N01_ST_EMA,core,ALLINF|SWH,0,2,119,-9.589367852546275
C:N01_ST_EMA,core,ALLINF|SWH,0,3,7,1.0519223287701607
C:N01_ST_EMA,core,ALLINF|SWH,1,0,6769,-1130.9980451569863
C:N01_ST_EMA,core,ALLINF|SWH,1,1,2929,-312.008463534803
C:N01_ST_EMA,core,ALLINF|SWH,1,2,306,-19.081745928619057
C:N01_ST_EMA,core,ALLINF|SWH,1,3,14,0.8041782453656197
C:N01_ST_EMA,core,ALLINF|SWH,2,0,8535,-1516.6546921494191
C:N01_ST_EMA,core,ALLINF|SWH,2,1,5291,-738.4819656372711
C:N01_ST_EMA,core,ALLINF|SWH,2,2,2696,-266.7801339609432
C:N01_ST_EMA,core,ALLINF|SWH,2,3,57,2.0845326888374984
C:N01_ST_EMA,core,ALLINF|SWH,3,0,8142,-1717.336404045429
C:N01_ST_EMA,core,ALLINF|SWH,3,1,3816,-556.8245473924035
C:N01_ST_EMA,core,ALLINF|SWH,3,2,2180,-164.87306429297496
C:N01_ST_EMA,core,ALLINF|SWH,3,3,717,-17.719037375354674
C:N01_ST_EMA,core,ALL|FC,0,0,13948,-2228.614530792136
C:N01_ST_EMA,core,ALL|FC,0,1,6152,-790.0107102433394
C:N01_ST_EMA,core,ALL|FC,0,2,1640,-198.76715297345072
C:N01_ST_EMA,core,ALL|FC,0,3,76,4.193117514252663
C:N01_ST_EMA,core,ALL|FC,1,0,6091,-1172.045620394536
C:N01_ST_EMA,core,ALL|FC,1,1,3369,-384.6737083106127
C:N01_ST_EMA,core,ALL|FC,1,2,1804,-171.3254520824994
C:N01_ST_EMA,core,ALL|FC,1,3,56,1.6056900545954704
C:N01_ST_EMA,core,ALL|FC,2,0,4700,-934.8879211984167
C:N01_ST_EMA,core,ALL|FC,2,1,2260,-352.5496257461491
C:N01_ST_EMA,core,ALL|FC,2,2,1271,-72.7360351420084
C:N01_ST_EMA,core,ALL|FC,2,3,87,-9.549158805981278
C:N01_ST_EMA,core,ALL|FC,3,0,1271,-395.6868293057196
C:N01_ST_EMA,core,ALL|FC,3,1,569,-119.88389113006997
C:N01_ST_EMA,core,ALL|FC,3,2,335,-15.574040275998414
C:N01_ST_EMA,core,ALL|FC,3,3,56,-0.8864912986755371
C:N01_ST_EMA,core,ALL|LTF,0,0,12154,-2009.2413647940084
C:N01_ST_EMA,core,ALL|LTF,0,1,4742,-647.2120289937302
C:N01_ST_EMA,core,ALL|LTF,0,2,1263,-159.62577361799777
C:N01_ST_EMA,core,ALL|LTF,0,3,62,3.667157158255577
C:N01_ST_EMA,core,ALL|LTF,1,0,7264,-1212.3612204575438
C:N01_ST_EMA,core,ALL|LTF,1,1,3518,-364.00562884731335
C:N01_ST_EMA,core,ALL|LTF,1,2,1489,-148.65812717337394
C:N01_ST_EMA,core,ALL|LTF,1,3,56,3.324984021484852
C:N01_ST_EMA,core,ALL|LTF,2,0,5856,-1162.78380128551
C:N01_ST_EMA,core,ALL|LTF,2,1,3164,-517.8500242960872
C:N01_ST_EMA,core,ALL|LTF,2,2,1587,-113.63748679557648
C:N01_ST_EMA,core,ALL|LTF,2,3,71,-7.436150783672929
C:N01_ST_EMA,core,ALL|LTF,3,0,1509,-457.0983980144374
C:N01_ST_EMA,core,ALL|LTF,3,1,714,-109.5638568943541
C:N01_ST_EMA,core,ALL|LTF,3,2,443,-32.91087813908234
C:N01_ST_EMA,core,ALL|LTF,3,3,66,-0.30738797783851624
C:N01_ST_EMA,core,ALL|SW,0,0,7405,-1057.707804564412
C:N01_ST_EMA,core,ALL|SW,0,1,5029,-623.0483423083497
C:N01_ST_EMA,core,ALL|SW,0,2,949,-100.35476540483069
C:N01_ST_EMA,core,ALL|SW,0,3,30,-0.692962609231472
C:N01_ST_EMA,core,ALL|SW,1,0,1589,-259.3126226158929
C:N01_ST_EMA,core,ALL|SW,1,1,1799,-208.299530361488
C:N01_ST_EMA,core,ALL|SW,1,2,1286,-132.8232011193486
C:N01_ST_EMA,core,ALL|SW,1,3,23,0.10871191322803497
C:N01_ST_EMA,core,ALL|SW,2,0,313,-61.27697585429996
C:N01_ST_EMA,core,ALL|SW,2,1,485,-72.51682417478878
C:N01_ST_EMA,core,ALL|SW,2,2,789,-54.0596049905289
C:N01_ST_EMA,core,ALL|SW,2,3,41,-1.1750531196594238
C:N01_ST_EMA,core,ALL|SW,3,0,44,8.893948212265968
C:N01_ST_EMA,core,ALL|SW,3,1,14,0.08173508942127228
C:N01_ST_EMA,core,ALL|SW,3,2,21,-5.261203311383724
C:N01_ST_EMA,core,ALL|SW,3,3,28,-7.495494162663817
C:N01_ST_EMA,core,ALL|SWH,0,0,6463,-864.0062397488036
C:N01_ST_EMA,core,ALL|SWH,0,1,607,-67.09123083902523
C:N01_ST_EMA,core,ALL|SWH,0,2,121,-8.249926663935184
C:N01_ST_EMA,core,ALL|SWH,0,3,2,0.3446274921298027
C:N01_ST_EMA,core,ALL|SWH,1,0,8452,-1456.8272683045761
C:N01_ST_EMA,core,ALL|SWH,1,1,3598,-424.379076938465
C:N01_ST_EMA,core,ALL|SWH,1,2,341,-26.703890374395996
C:N01_ST_EMA,core,ALL|SWH,1,3,6,0.5593818947672844
C:N01_ST_EMA,core,ALL|SWH,2,0,9626,-1732.1600180636924
C:N01_ST_EMA,core,ALL|SWH,2,1,5586,-746.6643416633306
C:N01_ST_EMA,core,ALL|SWH,2,2,2659,-248.3020960420563
C:N01_ST_EMA,core,ALL|SWH,2,3,17,3.587444916367531
C:N01_ST_EMA,core,ALL|SWH,3,0,2907,-887.7833276583115
C:N01_ST_EMA,core,ALL|SWH,3,1,1428,-291.8537401872163
C:N01_ST_EMA,core,ALL|SWH,3,2,800,-94.32396616181359
C:N01_ST_EMA,core,ALL|SWH,3,3,113,-1.7587232012301683
C:N01_ST_EMA,core,A|FC,0,0,17164,-2978.58196577086
C:N01_ST_EMA,core,A|FC,0,1,7622,-1082.7558784896682
C:N01_ST_EMA,core,A|FC,1,0,7600,-1478.1657647477841
C:N01_ST_EMA,core,A|FC,1,1,4201,-494.5005530285707
C:N01_ST_EMA,core,A|LTF,0,0,15406,-2748.226548746996
C:N01_ST_EMA,core,A|LTF,0,1,6144,-886.0994323757768
C:N01_ST_EMA,core,A|LTF,1,0,10086,-1868.250859159627
C:N01_ST_EMA,core,A|LTF,1,1,5047,-622.2751327443111
C:N01_ST_EMA,core,A|SW,0,0,7564,-1077.7701335950078
C:N01_ST_EMA,core,A|SW,0,1,5211,-626.0790772908076
C:N01_ST_EMA,core,A|SW,1,0,1649,-255.89148189296247
C:N01_ST_EMA,core,A|SW,1,1,1859,-230.7497370361234
C:N01_ST_EMA,core,A|SWH,0,0,8809,-1317.5184953840326
C:N01_ST_EMA,core,A|SWH,0,1,938,-120.12239145650528
C:N01_ST_EMA,core,A|SWH,1,0,17089,-3363.3381692635703
C:N01_ST_EMA,core,A|SWH,1,1,8476,-1206.799135823996
C:N01_ST_EMA,core,HI|FC,2,2,3164,-296.1024549731246
C:N01_ST_EMA,core,HI|FC,2,3,141,-5.874629093334079
C:N01_ST_EMA,core,HI|FC,3,2,465,-52.040906050242484
C:N01_ST_EMA,core,HI|FC,3,3,78,1.8124212995171547
C:N01_ST_EMA,core,HI|LTF,2,2,3093,-280.9766415797367
C:N01_ST_EMA,core,HI|LTF,2,3,111,-4.7780314311385155
C:N01_ST_EMA,core,HI|LTF,3,2,580,-63.43420975236222
C:N01_ST_EMA,core,HI|LTF,3,3,89,3.877744572237134
C:N01_ST_EMA,core,HI|SW,2,2,1466,-106.5486918416882
C:N01_ST_EMA,core,HI|SW,2,3,66,-2.001813307404518
C:N01_ST_EMA,core,HI|SW,3,2,24,-0.5662173852324486
C:N01_ST_EMA,core,HI|SW,3,3,29,-5.308153634890914
C:N01_ST_EMA,core,HI|SWH,2,2,2890,-247.41244615914366
C:N01_ST_EMA,core,HI|SWH,2,3,19,4.842599183320999
C:N01_ST_EMA,core,HI|SWH,3,2,825,-100.57882129540667
C:N01_ST_EMA,core,HI|SWH,3,3,117,-1.0892293620854616
C:N01_ST_EMA,core,T15|FC,0,0,22552,-4100.257836663684
C:N01_ST_EMA,core,T1h|FC,2,2,3451,-327.2014489497251
C:N01_ST_EMA,core,T30|FC,1,1,9041,-1278.5254477814597
C:N01_ST_EMA,core,T4h|FC,3,3,121,-3.4735538978129625
C:N02_ST_KST,core,ALLINF|FC,0,0,10035,-1420.877612422999
C:N02_ST_KST,core,ALLINF|FC,0,1,3659,-409.6827493934252
C:N02_ST_KST,core,ALLINF|FC,0,2,1416,-133.26862582023023
C:N02_ST_KST,core,ALLINF|FC,0,3,429,7.806977380765602
C:N02_ST_KST,core,ALLINF|FC,1,0,5056,-841.2978002065211
C:N02_ST_KST,core,ALLINF|FC,1,1,4022,-468.4878044536672
C:N02_ST_KST,core,ALLINF|FC,1,2,1424,-86.3883258929709
C:N02_ST_KST,core,ALLINF|FC,1,3,312,-6.1283931829966605
C:N02_ST_KST,core,ALLINF|FC,2,0,4979,-897.1186032130099
C:N02_ST_KST,core,ALLINF|FC,2,1,2052,-323.28972321469337
C:N02_ST_KST,core,ALLINF|FC,2,2,1854,-124.1260676982638
C:N02_ST_KST,core,ALLINF|FC,2,3,279,-4.020159536055871
C:N02_ST_KST,core,ALLINF|FC,3,0,2497,-489.49209337213324
C:N02_ST_KST,core,ALLINF|FC,3,1,1157,-230.02524665312376
C:N02_ST_KST,core,ALLINF|FC,3,2,583,-69.16595876496285
C:N02_ST_KST,core,ALLINF|FC,3,3,265,-1.1504159985342994
C:N02_ST_KST,core,ALLINF|SWH,0,0,5686,-698.2008362684355
C:N02_ST_KST,core,ALLINF|SWH,0,1,191,-41.79190820758231
C:N02_ST_KST,core,ALLINF|SWH,0,2,42,-1.3724670577794313
C:N02_ST_KST,core,ALLINF|SWH,0,3,24,2.178195470944047
C:N02_ST_KST,core,ALLINF|SWH,1,0,4633,-704.4713684333838
C:N02_ST_KST,core,ALLINF|SWH,1,1,3828,-453.05540879985347
C:N02_ST_KST,core,ALLINF|SWH,1,2,81,-9.773381310515106
C:N02_ST_KST,core,ALLINF|SWH,1,3,29,-3.393025506986305
C:N02_ST_KST,core,ALLINF|SWH,2,0,7220,-1246.1791185706134
C:N02_ST_KST,core,ALLINF|SWH,2,1,3377,-412.65244451118633
C:N02_ST_KST,core,ALLINF|SWH,2,2,2587,-180.80596365573
C:N02_ST_KST,core,ALLINF|SWH,2,3,21,1.2366716684773564
C:N02_ST_KST,core,ALLINF|SWH,3,0,6182,-1173.5798305205135
C:N02_ST_KST,core,ALLINF|SWH,3,1,2886,-431.3767684205668
C:N02_ST_KST,core,ALLINF|SWH,3,2,1537,-140.60890681127785
C:N02_ST_KST,core,ALLINF|SWH,3,3,604,11.443051632799325
C:N02_ST_KST,core,ALL|FC,0,0,10759,-1560.6903208859367
C:N02_ST_KST,core,ALL|FC,0,1,3823,-457.79694085508527
C:N02_ST_KST,core,ALL|FC,0,2,1281,-124.76233725837665
C:N02_ST_KST,core,ALL|FC,0,3,90,0.8474558182060719
C:N02_ST_KST,core,ALL|FC,1,0,5416,-906.9124955196748
C:N02_ST_KST,core,ALL|FC,1,1,3991,-538.5583414717912
C:N02_ST_KST,core,ALL|FC,1,2,1218,-104.28484956838656
C:N02_ST_KST,core,ALL|FC,1,3,75,-4.050574004650116
C:N02_ST_KST,core,ALL|FC,2,0,4579,-860.0662899062918
C:N02_ST_KST,core,ALL|FC,2,1,1810,-292.49519210262224
C:N02_ST_KST,core,ALL|FC,2,2,1400,-111.88930445539881
C:N02_ST_KST,core,ALL|FC,2,3,78,-3.189719509333372
C:N02_ST_KST,core,ALL|FC,3,0,788,-214.01708112293636
C:N02_ST_KST,core,ALL|FC,3,1,317,-91.58535850094631
C:N02_ST_KST,core,ALL|FC,3,2,165,-21.73881580447778
C:N02_ST_KST,core,ALL|FC,3,3,20,-0.4214955270290375
C:N02_ST_KST,core,ALL|LTF,0,0,9894,-1436.7510223534991
C:N02_ST_KST,core,ALL|LTF,0,1,3236,-389.2454920332966
C:N02_ST_KST,core,ALL|LTF,0,2,1054,-111.30330788373249
C:N02_ST_KST,core,ALL|LTF,0,3,81,3.3524058051407337
C:N02_ST_KST,core,ALL|LTF,1,0,5854,-915.3470527503523
C:N02_ST_KST,core,ALL|LTF,1,1,3988,-558.686873837687
C:N02_ST_KST,core,ALL|LTF,1,2,1068,-90.31562108418439
C:N02_ST_KST,core,ALL|LTF,1,3,65,-7.783122792840004
C:N02_ST_KST,core,ALL|LTF,2,0,5319,-1026.474261277257
C:N02_ST_KST,core,ALL|LTF,2,1,2286,-335.57351821428165
C:N02_ST_KST,core,ALL|LTF,2,2,1584,-133.5433977698267
C:N02_ST_KST,core,ALL|LTF,2,3,79,0.08956249430775642
C:N02_ST_KST,core,ALL|LTF,3,0,881,-231.2699767761842
C:N02_ST_KST,core,ALL|LTF,3,1,367,-88.51291329460219
C:N02_ST_KST,core,ALL|LTF,3,2,185,-20.109937970992178
C:N02_ST_KST,core,ALL|LTF,3,3,23,-1.2428223304450512
C:N02_ST_KST,core,ALL|SW,0,0,5157,-698.6214269243246
C:N02_ST_KST,core,ALL|SW,0,1,1358,-161.3492400860414
C:N02_ST_KST,core,ALL|SW,0,2,457,-57.79133185883984
C:N02_ST_KST,core,ALL|SW,0,3,24,-0.025149371474981308
C:N02_ST_KST,core,ALL|SW,1,0,764,-142.80986329210646
C:N02_ST_KST,core,ALL|SW,1,1,2128,-202.26077872775204
C:N02_ST_KST,core,ALL|SW,1,2,428,-46.36912031547399
C:N02_ST_KST,core,ALL|SW,1,3,29,1.3888998106122017
C:N02_ST_KST,core,ALL|SW,2,0,379,-52.540741686243564
C:N02_ST_KST,core,ALL|SW,2,1,323,-60.67337793856859
C:N02_ST_KST,core,ALL|SW,2,2,810,-54.101063792040804
C:N02_ST_KST,core,ALL|SW,2,3,17,-0.33481671661138535
C:N02_ST_KST,core,ALL|SW,3,0,33,-14.533074840903282
C:N02_ST_KST,core,ALL|SW,3,1,23,-1.8438681662082672
C:N02_ST_KST,core,ALL|SW,3,2,28,-2.1694177221506834
C:N02_ST_KST,core,ALL|SW,3,3,19,0.5478890277445316
C:N02_ST_KST,core,ALL|SWH,0,0,6744,-900.7666274102594
C:N02_ST_KST,core,ALL|SWH,0,1,233,-63.045162056805566
C:N02_ST_KST,core,ALL|SWH,0,2,42,-0.7195790577679873
C:N02_ST_KST,core,ALL|SWH,0,3,5,2.2782811671495438
C:N02_ST_KST,core,ALL|SWH,1,0,5672,-826.1842203428387
C:N02_ST_KST,core,ALL|SWH,1,1,4324,-562.4607359404399
C:N02_ST_KST,core,ALL|SWH,1,2,102,-19.45736381225288
C:N02_ST_KST,core,ALL|SWH,1,3,12,0.04234021157026291
C:N02_ST_KST,core,ALL|SWH,2,0,7825,-1414.0692784419116
C:N02_ST_KST,core,ALL|SWH,2,1,3556,-450.7354837653693
C:N02_ST_KST,core,ALL|SWH,2,2,2355,-188.3952506216301
C:N02_ST_KST,core,ALL|SWH,2,3,10,2.159795045852661
C:N02_ST_KST,core,ALL|SWH,3,0,2242,-549.6686793268636
C:N02_ST_KST,core,ALL|SWH,3,1,986,-218.10646635759622
C:N02_ST_KST,core,ALL|SWH,3,2,514,-61.8012896371074
C:N02_ST_KST,core,ALL|SWH,3,3,74,-0.8006953038275242
C:N02_ST_KST,core,A|FC,0,0,13712,-2321.587971196972
C:N02_ST_KST,core,A|FC,0,1,4823,-656.7000944620086
C:N02_ST_KST,core,A|FC,1,0,6428,-965.1994145625686
C:N02_ST_KST,core,A|FC,1,1,4567,-622.2117199020795
C:N02_ST_KST,core,A|LTF,0,0,13047,-2256.056703115344
C:N02_ST_KST,core,A|LTF,0,1,4252,-609.0737587500917
C:N02_ST_KST,core,A|LTF,1,0,7398,-1075.3342792979856
C:N02_ST_KST,core,A|LTF,1,1,4851,-636.9640998643226
C:N02_ST_KST,core,A|SW,0,0,5244,-713.2126074109292
C:N02_ST_KST,core,A|SW,0,1,1425,-174.2187445210293
C:N02_ST_KST,core,A|SW,1,0,796,-151.9511137124682
C:N02_ST_KST,core,A|SW,1,1,2159,-207.130628290397
C:N02_ST_KST,core,A|SWH,0,0,9820,-1553.4044259218463
C:N02_ST_KST,core,A|SWH,0,1,355,-83.96701715700328
C:N02_ST_KST,core,A|SWH,1,0,10961,-1836.7179457979692
C:N02_ST_KST,core,A|SWH,1,1,7271,-1017.8738259216261
C:N02_ST_KST,core,HI|FC,2,2,2557,-219.55871161902905
C:N02_ST_KST,core,HI|FC,2,3,136,4.010349120944738
C:N02_ST_KST,core,HI|FC,3,2,355,-44.36902197357267
C:N02_ST_KST,core,HI|FC,3,3,41,-0.20936168357729912
C:N02_ST_KST,core,HI|LTF,2,2,2548,-217.9389379330969
C:N02_ST_KST,core,HI|LTF,2,3,128,4.428596917539835
C:N02_ST_KST,core,HI|LTF,3,2,375,-43.638549654744565
C:N02_ST_KST,core,HI|LTF,3,3,42,0.023024577647447586
C:N02_ST_KST,core,HI|SW,2,2,985,-78.70107979272143
C:N02_ST_KST,core,HI|SW,2,3,25,0.8948168531060219
C:N02_ST_KST,core,HI|SW,3,2,37,-3.9636110346764326
C:N02_ST_KST,core,HI|SW,3,3,23,0.06290432065725327
C:N02_ST_KST,core,HI|SWH,2,2,2399,-190.10404990185634
C:N02_ST_KST,core,HI|SWH,2,3,9,1.8623683452606201
C:N02_ST_KST,core,HI|SWH,3,2,560,-76.26201436342672
C:N02_ST_KST,core,HI|SWH,3,3,75,-0.5348551012575626
C:N02_ST_KST,core,T15|FC,0,0,17830,-2905.3733598734216
C:N02_ST_KST,core,T1h|FC,2,2,2753,-252.67106788410456
C:N02_ST_KST,core,T30|FC,1,1,7484,-1036.6643480970015
C:N02_ST_KST,core,T4h|FC,3,3,78,1.749755885452032
C:N03_ADX_GC,core,ALLINF|FC,0,0,123,-41.501089142402634
C:N03_ADX_GC,core,ALLINF|FC,0,1,81,-9.125072555616498
C:N03_ADX_GC,core,ALLINF|FC,0,2,16,-2.1821335554122925
C:N03_ADX_GC,core,ALLINF|FC,0,3,1,0.009365072473883629
C:N03_ADX_GC,core,ALLINF|FC,1,0,28,3.046689980314113
C:N03_ADX_GC,core,ALLINF|FC,1,1,39,-4.572431451990269
C:N03_ADX_GC,core,ALLINF|FC,1,2,28,-4.6830982230603695
C:N03_ADX_GC,core,ALLINF|FC,1,3,5,0.6728896424174309
C:N03_ADX_GC,core,ALLINF|FC,2,0,13,1.0492905601859093
C:N03_ADX_GC,core,ALLINF|FC,2,1,10,2.103265702724457
C:N03_ADX_GC,core,ALLINF|FC,2,2,20,0.12601802498102188
C:N03_ADX_GC,core,ALLINF|FC,2,3,4,0.5888138934969902
C:N03_ADX_GC,core,ALLINF|FC,3,0,5,3.133223159238696
C:N03_ADX_GC,core,ALLINF|FC,3,1,4,0.4592943638563156
C:N03_ADX_GC,core,ALLINF|FC,3,2,4,-1.5820368379354477
C:N03_ADX_GC,core,ALLINF|FC,3,3,2,-0.03969097137451172
C:N03_ADX_GC,core,ALLINF|SWH,0,0,114,-42.41638156562112
C:N03_ADX_GC,core,ALLINF|SWH,0,1,20,-3.9361972510814667
C:N03_ADX_GC,core,ALLINF|SWH,1,0,46,1.880454812780954
C:N03_ADX_GC,core,ALLINF|SWH,1,1,47,-5.886260968982242
C:N03_ADX_GC,core,ALLINF|SWH,1,2,4,0.08312058448791504
C:N03_ADX_GC,core,ALLINF|SWH,2,0,16,4.2327461168169975
C:N03_ADX_GC,core,ALLINF|SWH,2,1,19,2.019916109740734
C:N03_ADX_GC,core,ALLINF|SWH,2,2,25,1.9691767916083336
C:N03_ADX_GC,core,ALLINF|SWH,3,0,5,3.133223159238696
C:N03_ADX_GC,core,ALLINF|SWH,3,1,4,0.4592943638563156
C:N03_ADX_GC,core,ALLINF|SWH,3,2,5,-1.535767588764429
C:N03_ADX_GC,core,ALLINF|SWH,3,3,2,-0.03969097137451172
C:N03_ADX_GC,core,ALL|FC,0,0,119,-39.59606813057326
C:N03_ADX_GC,core,ALL|FC,0,1,75,-9.29341902025044
C:N03_ADX_GC,core,ALL|FC,0,2,16,-2.1821335554122925
C:N03_ADX_GC,core,ALL|FC,1,0,27,2.797303699539043
C:N03_ADX_GC,core,ALL|FC,1,1,32,-6.111579395248555
C:N03_ADX_GC,core,ALL|FC,1,2,22,-5.942566599696875
C:N03_ADX_GC,core,ALL|FC,2,0,13,1.0492905601859093
C:N03_ADX_GC,core,ALL|FC,2,1,10,2.103265702724457
C:N03_ADX_GC,core,ALL|FC,2,2,17,-0.8835602030158043
C:N03_ADX_GC,core,ALL|FC,2,3,1,0.37549322843551636
C:N03_ADX_GC,core,ALL|FC,3,0,1,-1.1017855405807495
C:N03_ADX_GC,core,ALL|FC,3,2,3,-1.988933727145195
C:N03_ADX_GC,core,ALL|LTF,0,0,116,-39.715863508870825
C:N03_ADX_GC,core,ALL|LTF,0,1,65,-10.115104945376515
C:N03_ADX_GC,core,ALL|LTF,0,2,15,-2.4941503703594208
C:N03_ADX_GC,core,ALL|LTF,1,0,37,2.8689409835496917
C:N03_ADX_GC,core,ALL|LTF,1,1,32,-7.524402863695286
C:N03_ADX_GC,core,ALL|LTF,1,2,21,-6.204285349696875
C:N03_ADX_GC,core,ALL|LTF,2,0,15,3.8691559061408043
C:N03_ADX_GC,core,ALL|LTF,2,1,13,3.6769438982009888
C:N03_ADX_GC,core,ALL|LTF,2,2,17,-0.8835602030158043
C:N03_ADX_GC,core,ALL|LTF,2,3,1,0.37549322843551636
C:N03_ADX_GC,core,ALL|LTF,3,0,1,-1.1017855405807495
C:N03_ADX_GC,core,ALL|LTF,3,2,3,-1.988933727145195
C:N03_ADX_GC,core,ALL|SW,0,0,26,-9.514929089695215
C:N03_ADX_GC,core,ALL|SW,0,1,29,-2.4527038037776947
C:N03_ADX_GC,core,ALL|SW,0,2,1,0.3120168149471283
C:N03_ADX_GC,core,ALL|SW,1,0,13,-0.9053847150644287
C:N03_ADX_GC,core,ALL|SW,1,1,11,-1.5692301839590073
C:N03_ADX_GC,core,ALL|SW,1,2,5,-0.36168158426880836
C:N03_ADX_GC,core,ALL|SW,2,0,4,-1.35252645611763
C:N03_ADX_GC,core,ALL|SW,2,1,1,1.3000305891036987
C:N03_ADX_GC,core,ALL|SW,2,2,4,-0.3158349245786667
C:N03_ADX_GC,core,ALL|SWH,0,0,111,-40.39658213942312
C:N03_ADX_GC,core,ALL|SWH,0,1,19,-4.944046124815941
C:N03_ADX_GC,core,ALL|SWH,1,0,42,1.999667320982553
C:N03_ADX_GC,core,ALL|SWH,1,1,36,-6.339443809702061
C:N03_ADX_GC,core,ALL|SWH,1,2,4,-0.5521229989826679
C:N03_ADX_GC,core,ALL|SWH,2,0,16,4.2327461168169975
C:N03_ADX_GC,core,ALL|SWH,2,1,18,1.8759242072701454
C:N03_ADX_GC,core,ALL|SWH,2,2,20,0.622984804213047
C:N03_ADX_GC,core,ALL|SWH,3,0,1,-1.1017855405807495
C:N03_ADX_GC,core,ALL|SWH,3,2,3,-1.988933727145195
C:N03_ADX_GC,core,A|FC,0,0,120,-38.95258121355437
C:N03_ADX_GC,core,A|FC,0,1,76,-8.845710771158338
C:N03_ADX_GC,core,A|FC,1,0,27,2.797303699539043
C:N03_ADX_GC,core,A|FC,1,1,32,-6.111579395248555
C:N03_ADX_GC,core,A|LTF,0,0,118,-37.887984139611945
C:N03_ADX_GC,core,A|LTF,0,1,67,-8.771289737895131
C:N03_ADX_GC,core,A|LTF,1,0,37,2.8689409835496917
C:N03_ADX_GC,core,A|LTF,1,1,33,-7.193582988693379
C:N03_ADX_GC,core,A|SW,0,0,26,-9.514929089695215
C:N03_ADX_GC,core,A|SW,0,1,30,-3.6356352269649506
C:N03_ADX_GC,core,A|SW,1,0,13,-0.9053847150644287
C:N03_ADX_GC,core,A|SW,1,1,11,-1.5692301839590073
C:N03_ADX_GC,core,A|SWH,0,0,113,-38.568702770164236
C:N03_ADX_GC,core,A|SWH,0,1,21,-5.679269298911095
C:N03_ADX_GC,core,A|SWH,1,0,43,2.3632575316587463
C:N03_ADX_GC,core,A|SWH,1,1,37,-6.008623934700154
C:N03_ADX_GC,core,HI|FC,2,2,21,0.8793672695755959
C:N03_ADX_GC,core,HI|FC,2,3,1,0.37549322843551636
C:N03_ADX_GC,core,HI|FC,3,2,3,-1.988933727145195
C:N03_ADX_GC,core,HI|LTF,2,2,21,0.8793672695755959
C:N03_ADX_GC,core,HI|LTF,2,3,1,0.37549322843551636
C:N03_ADX_GC,core,HI|LTF,3,2,3,-1.988933727145195
C:N03_ADX_GC,core,HI|SW,2,2,4,-0.3158349245786667
C:N03_ADX_GC,core,HI|SWH,2,2,21,0.8793672695755959
C:N03_ADX_GC,core,HI|SWH,3,2,3,-1.988933727145195
C:N03_ADX_GC,core,T15|FC,0,0,124,-37.730493360897526
C:N03_ADX_GC,core,T1h|FC,2,2,21,0.8793672695755959
C:N03_ADX_GC,core,T30|FC,1,1,39,-7.52706923277583
C:N04_ST_KLINGER,core,ALLINF|FC,0,0,39270,-6573.727391782482
C:N04_ST_KLINGER,core,ALLINF|FC,0,1,19681,-2443.757544331678
C:N04_ST_KLINGER,core,ALLINF|FC,0,2,9389,-617.4465245499159
C:N04_ST_KLINGER,core,ALLINF|FC,0,3,2729,-80.8149514918914
C:N04_ST_KLINGER,core,ALLINF|FC,1,0,23520,-4001.2557964196894
C:N04_ST_KLINGER,core,ALLINF|FC,1,1,12699,-1354.424641162179
C:N04_ST_KLINGER,core,ALLINF|FC,1,2,6768,-521.214371637514
C:N04_ST_KLINGER,core,ALLINF|FC,1,3,1630,-0.9247650671677548
C:N04_ST_KLINGER,core,ALLINF|FC,2,0,17779,-2848.430301642885
C:N04_ST_KLINGER,core,ALLINF|FC,2,1,8868,-869.1663977003191
C:N04_ST_KLINGER,core,ALLINF|FC,2,2,4959,-379.24798711836047
C:N04_ST_KLINGER,core,ALLINF|FC,2,3,1187,-57.99306029264699
C:N04_ST_KLINGER,core,ALLINF|FC,3,0,7033,-1098.2751573181192
C:N04_ST_KLINGER,core,ALLINF|FC,3,1,3345,-509.1456952258304
C:N04_ST_KLINGER,core,ALLINF|FC,3,2,1794,-227.41804922022857
C:N04_ST_KLINGER,core,ALLINF|FC,3,3,617,-18.695515893632546
C:N04_ST_KLINGER,core,ALLINF|SWH,0,0,5165,-599.4383141814324
C:N04_ST_KLINGER,core,ALLINF|SWH,0,1,308,-19.607545716688037
C:N04_ST_KLINGER,core,ALLINF|SWH,0,2,145,5.944753487594426
C:N04_ST_KLINGER,core,ALLINF|SWH,0,3,32,0.8745320658199489
C:N04_ST_KLINGER,core,ALLINF|SWH,1,0,10171,-1240.8094657028923
C:N04_ST_KLINGER,core,ALLINF|SWH,1,1,5126,-433.9586646609896
C:N04_ST_KLINGER,core,ALLINF|SWH,1,2,299,1.0894647815730423
C:N04_ST_KLINGER,core,ALLINF|SWH,1,3,65,5.171009368263185
C:N04_ST_KLINGER,core,ALLINF|SWH,2,0,25758,-3539.7377954008152
C:N04_ST_KLINGER,core,ALLINF|SWH,2,1,13526,-1394.5514367168034
C:N04_ST_KLINGER,core,ALLINF|SWH,2,2,6857,-435.88703113274823
C:N04_ST_KLINGER,core,ALLINF|SWH,2,3,163,-1.315086699090898
C:N04_ST_KLINGER,core,ALLINF|SWH,3,0,51289,-9940.180832775019
C:N04_ST_KLINGER,core,ALLINF|SWH,3,1,25516,-3396.416403082927
C:N04_ST_KLINGER,core,ALLINF|SWH,3,2,13124,-1185.1901024668914
C:N04_ST_KLINGER,core,ALLINF|SWH,3,3,3782,-107.74447343787324
C:N04_ST_KLINGER,core,ALL|FC,0,0,41934,-6912.3572276474115
C:N04_ST_KLINGER,core,ALL|FC,0,1,19594,-2683.6171450357106
C:N04_ST_KLINGER,core,ALL|FC,0,2,7743,-676.6988942477619
C:N04_ST_KLINGER,core,ALL|FC,0,3,514,-47.803976773517206
C:N04_ST_KLINGER,core,ALL|FC,1,0,23770,-4190.437530918065
C:N04_ST_KLINGER,core,ALL|FC,1,1,12191,-1301.3221802496773
C:N04_ST_KLINGER,core,ALL|FC,1,2,5420,-425.34579086910526
C:N04_ST_KLINGER,core,ALL|FC,1,3,338,-15.592782729538158
C:N04_ST_KLINGER,core,ALL|FC,2,0,16287,-2753.151904354406
C:N04_ST_KLINGER,core,ALL|FC,2,1,7913,-883.9048663363064
C:N04_ST_KLINGER,core,ALL|FC,2,2,3671,-332.19599630137964
C:N04_ST_KLINGER,core,ALL|FC,2,3,199,-8.154267394915223
C:N04_ST_KLINGER,core,ALL|FC,3,0,2507,-469.2839694605209
C:N04_ST_KLINGER,core,ALL|FC,3,1,1150,-191.78397940041032
C:N04_ST_KLINGER,core,ALL|FC,3,2,560,-104.06447025388479
C:N04_ST_KLINGER,core,ALL|FC,3,3,50,-6.759667620062828
C:N04_ST_KLINGER,core,ALL|LTF,0,0,30606,-4715.992194847782
C:N04_ST_KLINGER,core,ALL|LTF,0,1,13037,-1694.507239744351
C:N04_ST_KLINGER,core,ALL|LTF,0,2,5179,-497.0868010384147
C:N04_ST_KLINGER,core,ALL|LTF,0,3,354,-41.22368542244658
C:N04_ST_KLINGER,core,ALL|LTF,1,0,27239,-4960.597587350454
C:N04_ST_KLINGER,core,ALL|LTF,1,1,12858,-1537.8179156298938
C:N04_ST_KLINGER,core,ALL|LTF,1,2,5131,-385.7554065874574
C:N04_ST_KLINGER,core,ALL|LTF,1,3,318,-7.876741790212691
C:N04_ST_KLINGER,core,ALL|LTF,2,0,24411,-4162.603154342151
C:N04_ST_KLINGER,core,ALL|LTF,2,1,12445,-1439.8196648796402
C:N04_ST_KLINGER,core,ALL|LTF,2,2,5281,-407.2937981888681
C:N04_ST_KLINGER,core,ALL|LTF,2,3,272,-14.182500870898366
C:N04_ST_KLINGER,core,ALL|LTF,3,0,4391,-796.3312614553142
C:N04_ST_KLINGER,core,ALL|LTF,3,1,2175,-335.5227379691787
C:N04_ST_KLINGER,core,ALL|LTF,3,2,992,-175.31822245096555
C:N04_ST_KLINGER,core,ALL|LTF,3,3,93,-12.480937706306577
C:N04_ST_KLINGER,core,ALL|SW,0,0,27076,-4136.94143641309
C:N04_ST_KLINGER,core,ALL|SW,0,1,12853,-1570.85362428987
C:N04_ST_KLINGER,core,ALL|SW,0,2,3999,-306.3127444992424
C:N04_ST_KLINGER,core,ALL|SW,0,3,221,-11.924692822620273
C:N04_ST_KLINGER,core,ALL|SW,1,0,6966,-1092.577117651541
C:N04_ST_KLINGER,core,ALL|SW,1,1,8937,-955.7803030747054
C:N04_ST_KLINGER,core,ALL|SW,1,2,3602,-312.0683467226336
C:N04_ST_KLINGER,core,ALL|SW,1,3,149,-3.643116470426321
C:N04_ST_KLINGER,core,ALL|SW,2,0,2443,-335.68965799728176
C:N04_ST_KLINGER,core,ALL|SW,2,1,2301,-283.32431171096687
C:N04_ST_KLINGER,core,ALL|SW,2,2,3078,-309.1010586327757
C:N04_ST_KLINGER,core,ALL|SW,2,3,132,0.4118251232430339
C:N04_ST_KLINGER,core,ALL|SW,3,0,255,-53.20689181238413
C:N04_ST_KLINGER,core,ALL|SW,3,1,209,-19.81973910483066
C:N04_ST_KLINGER,core,ALL|SW,3,2,184,-11.105624241754413
C:N04_ST_KLINGER,core,ALL|SW,3,3,81,-0.5627542159054428
C:N04_ST_KLINGER,core,ALL|SWH,0,0,8070,-995.3851758330129
C:N04_ST_KLINGER,core,ALL|SWH,0,1,481,-57.852689454331994
C:N04_ST_KLINGER,core,ALL|SWH,0,2,150,-1.5517656095325947
C:N04_ST_KLINGER,core,ALL|SWH,0,3,12,0.6560191214084625
C:N04_ST_KLINGER,core,ALL|SWH,1,0,16838,-2067.359036346097
C:N04_ST_KLINGER,core,ALL|SWH,1,1,7663,-632.1855763365747
C:N04_ST_KLINGER,core,ALL|SWH,1,2,397,-20.80801919894293
C:N04_ST_KLINGER,core,ALL|SWH,1,3,18,2.773123691789806
C:N04_ST_KLINGER,core,ALL|SWH,2,0,43409,-6776.232392518697
C:N04_ST_KLINGER,core,ALL|SWH,2,1,21345,-2750.8016989366406
C:N04_ST_KLINGER,core,ALL|SWH,2,2,9006,-691.0732593730645
C:N04_ST_KLINGER,core,ALL|SWH,2,3,55,3.070415899157524
C:N04_ST_KLINGER,core,ALL|SWH,3,0,20405,-5163.742433296705
C:N04_ST_KLINGER,core,ALL|SWH,3,1,10119,-1555.7654744514293
C:N04_ST_KLINGER,core,ALL|SWH,3,2,4821,-613.7587006829417
C:N04_ST_KLINGER,core,ALL|SWH,3,3,467,-34.77552948636003
C:N04_ST_KLINGER,core,A|FC,0,0,52066,-8582.111603305497
C:N04_ST_KLINGER,core,A|FC,0,1,24435,-3048.479588460763
C:N04_ST_KLINGER,core,A|FC,1,0,30401,-5450.777917706407
C:N04_ST_KLINGER,core,A|FC,1,1,15455,-1912.3929567491941
C:N04_ST_KLINGER,core,A|LTF,0,0,41814,-6749.366205206341
C:N04_ST_KLINGER,core,A|LTF,0,1,18010,-2262.6360006858085
C:N04_ST_KLINGER,core,A|LTF,1,0,42582,-7641.01541863862
C:N04_ST_KLINGER,core,A|LTF,1,1,20320,-2521.613256337416
C:N04_ST_KLINGER,core,A|SW,0,0,27990,-4362.6194132438495
C:N04_ST_KLINGER,core,A|SW,0,1,13606,-1655.5776555072662
C:N04_ST_KLINGER,core,A|SW,1,0,7351,-1158.3657117923285
C:N04_ST_KLINGER,core,A|SW,1,1,9378,-1013.1266846839026
C:N04_ST_KLINGER,core,A|SWH,0,0,15166,-2147.707162195089
C:N04_ST_KLINGER,core,A|SWH,0,1,943,-102.87857233558316
C:N04_ST_KLINGER,core,A|SWH,1,0,70465,-12421.99417461627
C:N04_ST_KLINGER,core,A|SWH,1,1,33538,-4284.337953409278
C:N04_ST_KLINGER,core,HI|FC,2,2,11784,-1014.7877451579989
C:N04_ST_KLINGER,core,HI|FC,2,3,696,-34.63538564089686
C:N04_ST_KLINGER,core,HI|FC,3,2,2057,-284.6196144441492
C:N04_ST_KLINGER,core,HI|FC,3,3,197,-21.258800477022305
C:N04_ST_KLINGER,core,HI|LTF,2,2,11385,-955.5061699809594
C:N04_ST_KLINGER,core,HI|LTF,2,3,588,-35.47045638971031
C:N04_ST_KLINGER,core,HI|LTF,3,2,2535,-351.0470251380466
C:N04_ST_KLINGER,core,HI|LTF,3,3,249,-24.399380560265854
C:N04_ST_KLINGER,core,HI|SW,2,2,5428,-528.9771694770752
C:N04_ST_KLINGER,core,HI|SW,2,3,273,5.193488881923258
C:N04_ST_KLINGER,core,HI|SW,3,2,306,-31.561057136394083
C:N04_ST_KLINGER,core,HI|SW,3,3,110,-9.793663749704137
C:N04_ST_KLINGER,core,HI|SWH,2,2,9347,-704.7600746328098
C:N04_ST_KLINGER,core,HI|SWH,2,3,67,0.3116706535220146
C:N04_ST_KLINGER,core,HI|SWH,3,2,4866,-622.3925776511169
C:N04_ST_KLINGER,core,HI|SWH,3,3,472,-34.150273074628785
C:N04_ST_KLINGER,core,T15|FC,0,0,77013,-13082.356539007767
C:N04_ST_KLINGER,core,T1h|FC,2,2,13305,-1219.06505000194
C:N04_ST_KLINGER,core,T30|FC,1,1,34340,-4311.613855779153
C:N04_ST_KLINGER,core,T4h|FC,3,3,498,-37.674365545855835
C:N05_PSAR_POC,core,ALLINF|FC,0,0,2229,-443.97466253495077
C:N05_PSAR_POC,core,ALLINF|FC,0,1,935,-125.99250376992859
C:N05_PSAR_POC,core,ALLINF|FC,0,2,405,-44.92633223335724
C:N05_PSAR_POC,core,ALLINF|FC,0,3,88,-0.6463512278860435
C:N05_PSAR_POC,core,ALLINF|FC,1,0,1173,-278.00788722073776
C:N05_PSAR_POC,core,ALLINF|FC,1,1,773,-105.88501184535562
C:N05_PSAR_POC,core,ALLINF|FC,1,2,340,-14.224335981532931
C:N05_PSAR_POC,core,ALLINF|FC,1,3,80,-6.594256108626723
C:N05_PSAR_POC,core,ALLINF|FC,2,0,866,-148.32569483009866
C:N05_PSAR_POC,core,ALLINF|FC,2,1,468,-63.256624235771596
C:N05_PSAR_POC,core,ALLINF|FC,2,2,313,-11.229044503066689
C:N05_PSAR_POC,core,ALLINF|FC,2,3,50,2.3369049734901637
C:N05_PSAR_POC,core,ALLINF|FC,3,0,410,-98.27093589119613
C:N05_PSAR_POC,core,ALLINF|FC,3,1,207,-20.743615198880434
C:N05_PSAR_POC,core,ALLINF|FC,3,2,115,-4.525289038196206
C:N05_PSAR_POC,core,ALLINF|FC,3,3,51,2.7757265197578818
C:N05_PSAR_POC,core,ALLINF|SWH,0,0,1518,-281.9027352563571
C:N05_PSAR_POC,core,ALLINF|SWH,0,1,118,-18.853090800344944
C:N05_PSAR_POC,core,ALLINF|SWH,0,2,20,-3.9091765005141497
C:N05_PSAR_POC,core,ALLINF|SWH,0,3,6,-1.3737473636865616
C:N05_PSAR_POC,core,ALLINF|SWH,1,0,1180,-248.74618836076115
C:N05_PSAR_POC,core,ALLINF|SWH,1,1,736,-67.01582269801293
C:N05_PSAR_POC,core,ALLINF|SWH,1,2,80,-6.080298859626055
C:N05_PSAR_POC,core,ALLINF|SWH,1,3,5,-0.7064172700047493
C:N05_PSAR_POC,core,ALLINF|SWH,2,0,1267,-270.1793164694682
C:N05_PSAR_POC,core,ALLINF|SWH,2,1,706,-100.29058539145626
C:N05_PSAR_POC,core,ALLINF|SWH,2,2,435,-29.176052792929113
C:N05_PSAR_POC,core,ALLINF|SWH,2,3,6,-0.3472253531217575
C:N05_PSAR_POC,core,ALLINF|SWH,3,0,999,-220.0368541572243
C:N05_PSAR_POC,core,ALLINF|SWH,3,1,526,-61.13605462943087
C:N05_PSAR_POC,core,ALLINF|SWH,3,2,310,-15.257187461829744
C:N05_PSAR_POC,core,ALLINF|SWH,3,3,105,5.688950527459383
C:N05_PSAR_POC,core,ALL|FC,0,0,2332,-477.30520150909433
C:N05_PSAR_POC,core,ALL|FC,0,1,947,-130.4069817897398
C:N05_PSAR_POC,core,ALL|FC,0,2,352,-42.880239934660494
C:N05_PSAR_POC,core,ALL|FC,0,3,28,-1.6235399171710014
C:N05_PSAR_POC,core,ALL|FC,1,0,1219,-281.24907074382645
C:N05_PSAR_POC,core,ALL|FC,1,1,770,-118.67255576277967
C:N05_PSAR_POC,core,ALL|FC,1,2,322,-14.24890775885433
C:N05_PSAR_POC,core,ALL|FC,1,3,18,0.028843002393841743
C:N05_PSAR_POC,core,ALL|FC,2,0,765,-137.67086679994827
C:N05_PSAR_POC,core,ALL|FC,2,1,407,-52.50296126212925
C:N05_PSAR_POC,core,ALL|FC,2,2,246,-5.284314025659114
C:N05_PSAR_POC,core,ALL|FC,2,3,9,3.558088317513466
C:N05_PSAR_POC,core,ALL|FC,3,0,90,-26.97125344723463
C:N05_PSAR_POC,core,ALL|FC,3,1,32,-1.1194025725126266
C:N05_PSAR_POC,core,ALL|FC,3,2,18,1.315930649638176
C:N05_PSAR_POC,core,ALL|FC,3,3,4,-1.7246691137552261
C:N05_PSAR_POC,core,ALL|LTF,0,0,2262,-449.8604680179269
C:N05_PSAR_POC,core,ALL|LTF,0,1,878,-120.95848604803905
C:N05_PSAR_POC,core,ALL|LTF,0,2,323,-34.74020540062338
C:N05_PSAR_POC,core,ALL|LTF,0,3,25,-1.2039774656295776
C:N05_PSAR_POC,core,ALL|LTF,1,0,1245,-276.83546602985007
C:N05_PSAR_POC,core,ALL|LTF,1,1,767,-107.46657721186057
C:N05_PSAR_POC,core,ALL|LTF,1,2,310,-9.316257736645639
C:N05_PSAR_POC,core,ALL|LTF,1,3,17,-1.0115833673626184
C:N05_PSAR_POC,core,ALL|LTF,2,0,862,-186.78489296830958
C:N05_PSAR_POC,core,ALL|LTF,2,1,466,-74.44049270238611
C:N05_PSAR_POC,core,ALL|LTF,2,2,258,-10.759348500985652
C:N05_PSAR_POC,core,ALL|LTF,2,3,10,3.136367369443178
C:N05_PSAR_POC,core,ALL|LTF,3,0,93,-26.59275997430086
C:N05_PSAR_POC,core,ALL|LTF,3,1,36,-1.0629919543862343
C:N05_PSAR_POC,core,ALL|LTF,3,2,20,-0.8942150622606277
C:N05_PSAR_POC,core,ALL|LTF,3,3,4,-1.7246691137552261
C:N05_PSAR_POC,core,ALL|SW,0,0,1043,-191.4478112848592
C:N05_PSAR_POC,core,ALL|SW,0,1,303,-39.84747125743888
C:N05_PSAR_POC,core,ALL|SW,0,2,86,-12.004621032625437
C:N05_PSAR_POC,core,ALL|SW,0,3,7,0.37572651728987694
C:N05_PSAR_POC,core,ALL|SW,1,0,179,-40.06311065610498
C:N05_PSAR_POC,core,ALL|SW,1,1,377,-44.36497929086909
C:N05_PSAR_POC,core,ALL|SW,1,2,119,-5.963900128379464
C:N05_PSAR_POC,core,ALL|SW,1,3,3,-0.5215931832790375
C:N05_PSAR_POC,core,ALL|SW,2,0,77,-22.258457027375698
C:N05_PSAR_POC,core,ALL|SW,2,1,46,6.471528418362141
C:N05_PSAR_POC,core,ALL|SW,2,2,122,10.151930953143165
C:N05_PSAR_POC,core,ALL|SW,2,3,1,0.4864627718925476
C:N05_PSAR_POC,core,ALL|SW,3,0,5,2.975575715303421
C:N05_PSAR_POC,core,ALL|SW,3,1,9,2.8792054653167725
C:N05_PSAR_POC,core,ALL|SW,3,2,4,2.422132223844528
C:N05_PSAR_POC,core,ALL|SW,3,3,3,0.7650221735239029
C:N05_PSAR_POC,core,ALL|SWH,0,0,1680,-287.2578505903948
C:N05_PSAR_POC,core,ALL|SWH,0,1,144,-22.903748333454132
C:N05_PSAR_POC,core,ALL|SWH,0,2,25,-3.1732690054923296
C:N05_PSAR_POC,core,ALL|SWH,0,3,2,-0.7158316075801849
C:N05_PSAR_POC,core,ALL|SWH,1,0,1358,-291.2170555992343
C:N05_PSAR_POC,core,ALL|SWH,1,1,792,-79.00591106992215
C:N05_PSAR_POC,core,ALL|SWH,1,2,81,-5.028914591297507
C:N05_PSAR_POC,core,ALL|SWH,1,3,1,-1.077715277671814
C:N05_PSAR_POC,core,ALL|SWH,2,0,1316,-325.0409888806753
C:N05_PSAR_POC,core,ALL|SWH,2,1,719,-103.17621050332673
C:N05_PSAR_POC,core,ALL|SWH,2,2,416,-36.79201117018238
C:N05_PSAR_POC,core,ALL|SWH,2,3,3,-0.6972656846046448
C:N05_PSAR_POC,core,ALL|SWH,3,0,230,-67.0081167370081
C:N05_PSAR_POC,core,ALL|SWH,3,1,126,-5.34916953460197
C:N05_PSAR_POC,core,ALL|SWH,3,2,64,1.6189112961292267
C:N05_PSAR_POC,core,ALL|SWH,3,3,12,-1.0578551031649113
C:N05_PSAR_POC,core,A|FC,0,0,2573,-541.3230572315515
C:N05_PSAR_POC,core,A|FC,0,1,1059,-138.54465715331025
C:N05_PSAR_POC,core,A|FC,1,0,1422,-329.7136080141936
C:N05_PSAR_POC,core,A|FC,1,1,896,-149.03887001468684
C:N05_PSAR_POC,core,A|LTF,0,0,2531,-523.5696987538249
C:N05_PSAR_POC,core,A|LTF,0,1,999,-136.62546242540702
C:N05_PSAR_POC,core,A|LTF,1,0,1496,-352.0386794496153
C:N05_PSAR_POC,core,A|LTF,1,1,914,-146.40361023365404
C:N05_PSAR_POC,core,A|SW,0,0,1063,-197.45819101744564
C:N05_PSAR_POC,core,A|SW,0,1,313,-40.57284661917947
C:N05_PSAR_POC,core,A|SW,1,0,191,-44.30168671067804
C:N05_PSAR_POC,core,A|SW,1,1,390,-43.84049289813265
C:N05_PSAR_POC,core,A|SWH,0,0,2029,-353.92132610903354
C:N05_PSAR_POC,core,A|SWH,0,1,179,-20.38769030943513
C:N05_PSAR_POC,core,A|SWH,1,0,2046,-532.2232476983045
C:N05_PSAR_POC,core,A|SWH,1,1,1192,-174.59873783352668
C:N05_PSAR_POC,core,HI|FC,2,2,453,-28.902429728303105
C:N05_PSAR_POC,core,HI|FC,2,3,22,0.6557026002556086
C:N05_PSAR_POC,core,HI|FC,3,2,47,-1.693297639489174
C:N05_PSAR_POC,core,HI|FC,3,3,8,0.7059456706047058
C:N05_PSAR_POC,core,HI|LTF,2,2,453,-28.902429728303105
C:N05_PSAR_POC,core,HI|LTF,2,3,21,0.16923982836306095
C:N05_PSAR_POC,core,HI|LTF,3,2,48,-2.8213285356760025
C:N05_PSAR_POC,core,HI|LTF,3,3,8,0.7059456706047058
C:N05_PSAR_POC,core,HI|SW,2,2,196,-2.282397871138528
C:N05_PSAR_POC,core,HI|SW,2,3,4,-0.21080291271209717
C:N05_PSAR_POC,core,HI|SW,3,2,9,0.6830999553203583
C:N05_PSAR_POC,core,HI|SW,3,3,4,1.1221555918455124
C:N05_PSAR_POC,core,HI|SWH,2,2,440,-31.808734549675137
C:N05_PSAR_POC,core,HI|SWH,2,3,3,-0.6972656846046448
C:N05_PSAR_POC,core,HI|SWH,3,2,69,-4.069383829832077
C:N05_PSAR_POC,core,HI|SWH,3,3,12,-1.0578551031649113
C:N05_PSAR_POC,core,T15|FC,0,0,3185,-672.0866612599639
C:N05_PSAR_POC,core,T1h|FC,2,2,466,-26.51188815990463
C:N05_PSAR_POC,core,T30|FC,1,1,1244,-188.14710392194684
C:N05_PSAR_POC,core,T4h|FC,3,3,12,-1.0578551031649113
C:N06_MACD_ORB,core,ALLINF|FC,0,0,2019,-363.414651188883
C:N06_MACD_ORB,core,ALLINF|FC,0,1,1335,-156.95004665781744
C:N06_MACD_ORB,core,ALLINF|FC,0,2,458,-51.00912285968661
C:N06_MACD_ORB,core,ALLINF|FC,0,3,67,-5.405387870967388
C:N06_MACD_ORB,core,ALLINF|FC,1,0,928,-127.07041501562344
C:N06_MACD_ORB,core,ALLINF|FC,1,1,1022,-101.21713311516214
C:N06_MACD_ORB,core,ALLINF|FC,1,2,739,-89.72088546291343
C:N06_MACD_ORB,core,ALLINF|FC,1,3,79,-0.7347511816769838
C:N06_MACD_ORB,core,ALLINF|FC,2,0,800,-155.54976799036376
C:N06_MACD_ORB,core,ALLINF|FC,2,1,628,-111.83474627148826
C:N06_MACD_ORB,core,ALLINF|FC,2,2,776,-53.289988642791286
C:N06_MACD_ORB,core,ALLINF|FC,2,3,133,0.9304528622888029
C:N06_MACD_ORB,core,ALLINF|FC,3,0,818,-113.09021453605965
C:N06_MACD_ORB,core,ALLINF|FC,3,1,525,-35.46134369308129
C:N06_MACD_ORB,core,ALLINF|FC,3,2,375,-19.10937020042911
C:N06_MACD_ORB,core,ALLINF|FC,3,3,265,-1.784831173310522
C:N06_MACD_ORB,core,ALLINF|SWH,0,0,1309,-245.8924270256539
C:N06_MACD_ORB,core,ALLINF|SWH,0,1,250,-35.2472356739454
C:N06_MACD_ORB,core,ALLINF|SWH,0,2,61,-12.175609131343663
C:N06_MACD_ORB,core,ALLINF|SWH,0,3,2,-1.0770846121013165
C:N06_MACD_ORB,core,ALLINF|SWH,1,0,1364,-187.55318166909274
C:N06_MACD_ORB,core,ALLINF|SWH,1,1,1004,-90.1365841308143
C:N06_MACD_ORB,core,ALLINF|SWH,1,2,143,-24.71657465773751
C:N06_MACD_ORB,core,ALLINF|SWH,1,3,12,0.31592201441526413
C:N06_MACD_ORB,core,ALLINF|SWH,2,0,1269,-244.95410510152578
C:N06_MACD_ORB,core,ALLINF|SWH,2,1,1316,-190.6659722944023
C:N06_MACD_ORB,core,ALLINF|SWH,2,2,1089,-96.12493696535239
C:N06_MACD_ORB,core,ALLINF|SWH,2,3,17,-0.35028220782987773
C:N06_MACD_ORB,core,ALLINF|SWH,3,0,994,-143.27752171317115
C:N06_MACD_ORB,core,ALLINF|SWH,3,1,681,-71.63408692413941
C:N06_MACD_ORB,core,ALLINF|SWH,3,2,549,-34.784200539812446
C:N06_MACD_ORB,core,ALLINF|SWH,3,3,338,-10.543647696787957
C:N06_MACD_ORB,core,ALL|FC,0,0,2224,-392.893156121776
C:N06_MACD_ORB,core,ALL|FC,0,1,1381,-157.91596706747077
C:N06_MACD_ORB,core,ALL|FC,0,2,403,-51.03196381079033
C:N06_MACD_ORB,core,ALL|FC,0,3,15,0.21280020847916603
C:N06_MACD_ORB,core,ALL|FC,1,0,962,-140.1499722682056
C:N06_MACD_ORB,core,ALL|FC,1,1,1019,-95.74542943807319
C:N06_MACD_ORB,core,ALL|FC,1,2,632,-87.98155705450336
C:N06_MACD_ORB,core,ALL|FC,1,3,15,-1.4188225865364075
C:N06_MACD_ORB,core,ALL|FC,2,0,777,-170.84910881263204
C:N06_MACD_ORB,core,ALL|FC,2,1,610,-115.39107175415847
C:N06_MACD_ORB,core,ALL|FC,2,2,638,-39.45492301299237
C:N06_MACD_ORB,core,ALL|FC,2,3,39,1.836211800808087
C:N06_MACD_ORB,core,ALL|FC,3,0,287,-56.9749468062073
C:N06_MACD_ORB,core,ALL|FC,3,1,172,-31.03088209591806
C:N06_MACD_ORB,core,ALL|FC,3,2,110,0.06015573628246784
C:N06_MACD_ORB,core,ALL|FC,3,3,39,1.2730069812387228
C:N06_MACD_ORB,core,ALL|LTF,0,0,1982,-347.31059276807355
C:N06_MACD_ORB,core,ALL|LTF,0,1,1068,-106.68638750072569
C:N06_MACD_ORB,core,ALL|LTF,0,2,313,-37.498968347441405
C:N06_MACD_ORB,core,ALL|LTF,0,3,13,1.0854066349565983
C:N06_MACD_ORB,core,ALL|LTF,1,0,1302,-195.1013161377632
C:N06_MACD_ORB,core,ALL|LTF,1,1,1033,-98.01236296305433
C:N06_MACD_ORB,core,ALL|LTF,1,2,486,-75.59188547410304
C:N06_MACD_ORB,core,ALL|LTF,1,3,13,-1.7287228852510452
C:N06_MACD_ORB,core,ALL|LTF,2,0,922,-206.74152001854964
C:N06_MACD_ORB,core,ALL|LTF,2,1,873,-160.25826061377302
C:N06_MACD_ORB,core,ALL|LTF,2,2,711,-45.7491977175232
C:N06_MACD_ORB,core,ALL|LTF,2,3,39,1.7149678694549948
C:N06_MACD_ORB,core,ALL|LTF,3,0,294,-59.89598664827645
C:N06_MACD_ORB,core,ALL|LTF,3,1,177,-30.72529456578195
C:N06_MACD_ORB,core,ALL|LTF,3,2,120,1.3453343268483877
C:N06_MACD_ORB,core,ALL|LTF,3,3,39,1.2730069812387228
C:N06_MACD_ORB,core,ALL|SW,0,0,1212,-132.98097924189642
C:N06_MACD_ORB,core,ALL|SW,0,1,1044,-111.99387919367291
C:N06_MACD_ORB,core,ALL|SW,0,2,206,-20.446005563251674
C:N06_MACD_ORB,core,ALL|SW,0,3,3,-2.0233681350946426
C:N06_MACD_ORB,core,ALL|SW,1,0,270,-74.66340451524593
C:N06_MACD_ORB,core,ALL|SW,1,1,601,-72.66203667363152
C:N06_MACD_ORB,core,ALL|SW,1,2,480,-58.76431869203225
C:N06_MACD_ORB,core,ALL|SW,1,3,7,2.271367773413658
C:N06_MACD_ORB,core,ALL|SW,2,0,79,-0.8920663185417652
C:N06_MACD_ORB,core,ALL|SW,2,1,162,-19.52460697677452
C:N06_MACD_ORB,core,ALL|SW,2,2,355,-14.923173229733948
C:N06_MACD_ORB,core,ALL|SW,2,3,13,-1.0703492388129234
C:N06_MACD_ORB,core,ALL|SW,3,0,10,1.6921947747468948
C:N06_MACD_ORB,core,ALL|SW,3,1,5,3.2631425857543945
C:N06_MACD_ORB,core,ALL|SW,3,2,13,0.5850456580519676
C:N06_MACD_ORB,core,ALL|SW,3,3,27,1.028545681387186
C:N06_MACD_ORB,core,ALL|SWH,0,0,1494,-241.4695405100938
C:N06_MACD_ORB,core,ALL|SWH,0,1,267,-26.733268378302455
C:N06_MACD_ORB,core,ALL|SWH,0,2,53,-11.714852499775589
C:N06_MACD_ORB,core,ALL|SWH,0,3,1,-1.0981533527374268
C:N06_MACD_ORB,core,ALL|SWH,1,0,1489,-248.84929738228675
C:N06_MACD_ORB,core,ALL|SWH,1,1,1101,-81.26513159414753
C:N06_MACD_ORB,core,ALL|SWH,1,2,134,-25.20806944789365
C:N06_MACD_ORB,core,ALL|SWH,1,3,3,-0.5245850533246994
C:N06_MACD_ORB,core,ALL|SWH,2,0,1286,-266.094697968103
C:N06_MACD_ORB,core,ALL|SWH,2,1,1255,-204.97471811971627
C:N06_MACD_ORB,core,ALL|SWH,2,2,932,-70.91809800901683
C:N06_MACD_ORB,core,ALL|SWH,2,3,5,-2.6063151955604553
C:N06_MACD_ORB,core,ALL|SWH,3,0,364,-68.17512427456677
C:N06_MACD_ORB,core,ALL|SWH,3,1,245,-56.63211158104241
C:N06_MACD_ORB,core,ALL|SWH,3,2,183,-8.591823460534215
C:N06_MACD_ORB,core,ALL|SWH,3,3,52,-0.6213962975889444
C:N06_MACD_ORB,core,A|FC,0,0,2599,-484.126734437712
C:N06_MACD_ORB,core,A|FC,0,1,1656,-194.37533623655327
C:N06_MACD_ORB,core,A|FC,1,0,1194,-200.27181124786148
C:N06_MACD_ORB,core,A|FC,1,1,1223,-121.98453430552036
C:N06_MACD_ORB,core,A|LTF,0,0,2348,-432.38200148782926
C:N06_MACD_ORB,core,A|LTF,0,1,1286,-152.13278586277738
C:N06_MACD_ORB,core,A|LTF,1,0,1707,-298.2779400058207
C:N06_MACD_ORB,core,A|LTF,1,1,1376,-141.51577399112284
C:N06_MACD_ORB,core,A|SW,0,0,1254,-150.90670162485912
C:N06_MACD_ORB,core,A|SW,0,1,1082,-105.93574398220517
C:N06_MACD_ORB,core,A|SW,1,0,291,-75.8561533598695
C:N06_MACD_ORB,core,A|SW,1,1,635,-77.81252559414133
C:N06_MACD_ORB,core,A|SWH,0,0,1858,-320.0335545807611
C:N06_MACD_ORB,core,A|SWH,0,1,345,-42.28239779919386
C:N06_MACD_ORB,core,A|SWH,1,0,2276,-413.1338944848394
C:N06_MACD_ORB,core,A|SWH,1,1,1830,-178.72905315551907
C:N06_MACD_ORB,core,HI|FC,2,2,1041,-76.60048733168514
C:N06_MACD_ORB,core,HI|FC,2,3,53,2.6256421285215765
C:N06_MACD_ORB,core,HI|FC,3,2,130,-3.1110571082681417
C:N06_MACD_ORB,core,HI|FC,3,3,44,-1.0854256935417652
C:N06_MACD_ORB,core,HI|LTF,2,2,1034,-73.80763186776312
C:N06_MACD_ORB,core,HI|LTF,2,3,46,1.831656530732289
C:N06_MACD_ORB,core,HI|LTF,3,2,146,-4.143444502726197
C:N06_MACD_ORB,core,HI|LTF,3,3,45,-0.6881511397659779
C:N06_MACD_ORB,core,HI|SW,2,2,502,-35.76282276731217
C:N06_MACD_ORB,core,HI|SW,2,3,22,0.2558469921350479
C:N06_MACD_ORB,core,HI|SW,3,2,19,1.3289743140339851
C:N06_MACD_ORB,core,HI|SW,3,3,27,1.028545681387186
C:N06_MACD_ORB,core,HI|SWH,2,2,1000,-72.71760870033177
C:N06_MACD_ORB,core,HI|SWH,2,3,5,-2.6063151955604553
C:N06_MACD_ORB,core,HI|SWH,3,2,191,-8.519817577674985
C:N06_MACD_ORB,core,HI|SWH,3,3,52,-0.6213962975889444
C:N06_MACD_ORB,core,T15|FC,0,0,3111,-565.8112123406609
C:N06_MACD_ORB,core,T1h|FC,2,2,1096,-73.58331717777764
C:N06_MACD_ORB,core,T30|FC,1,1,1962,-214.3561265990138
C:N06_MACD_ORB,core,T4h|FC,3,3,54,-1.2012764159590006
C:N07_ICHI_CMO,core,ALLINF|FC,0,0,4325,-637.6564660077784
C:N07_ICHI_CMO,core,ALLINF|FC,0,1,1575,-179.92542432970367
C:N07_ICHI_CMO,core,ALLINF|FC,0,2,551,-59.718229801161215
C:N07_ICHI_CMO,core,ALLINF|FC,0,3,150,-2.68804160063155
C:N07_ICHI_CMO,core,ALLINF|FC,1,0,2226,-393.1711597375106
C:N07_ICHI_CMO,core,ALLINF|FC,1,1,1615,-164.81626861944096
C:N07_ICHI_CMO,core,ALLINF|FC,1,2,583,-73.46438119222876
C:N07_ICHI_CMO,core,ALLINF|FC,1,3,123,10.100256776553579
C:N07_ICHI_CMO,core,ALLINF|FC,2,0,1606,-295.6043883682578
C:N07_ICHI_CMO,core,ALLINF|FC,2,1,810,-114.05971033195965
C:N07_ICHI_CMO,core,ALLINF|FC,2,2,708,-30.345385353663005
C:N07_ICHI_CMO,core,ALLINF|FC,2,3,77,-5.4109782092273235
C:N07_ICHI_CMO,core,ALLINF|FC,3,0,1072,-210.5626583280973
C:N07_ICHI_CMO,core,ALLINF|FC,3,1,500,-56.58654639334418
C:N07_ICHI_CMO,core,ALLINF|FC,3,2,228,-13.866052168421447
C:N07_ICHI_CMO,core,ALLINF|FC,3,3,134,-6.5875227969372645
C:N07_ICHI_CMO,core,ALLINF|SWH,0,0,3011,-348.6037530676331
C:N07_ICHI_CMO,core,ALLINF|SWH,0,1,119,-14.166485653375275
C:N07_ICHI_CMO,core,ALLINF|SWH,0,2,22,-6.4644247107207775
C:N07_ICHI_CMO,core,ALLINF|SWH,0,3,12,1.902687780559063
C:N07_ICHI_CMO,core,ALLINF|SWH,1,0,2269,-427.8199214260094
C:N07_ICHI_CMO,core,ALLINF|SWH,1,1,1729,-141.57996371533955
C:N07_ICHI_CMO,core,ALLINF|SWH,1,2,58,-6.393330877646804
C:N07_ICHI_CMO,core,ALLINF|SWH,1,3,10,0.6376737067475915
C:N07_ICHI_CMO,core,ALLINF|SWH,2,0,2500,-467.7654895148589
C:N07_ICHI_CMO,core,ALLINF|SWH,2,1,1276,-149.52177886257414
C:N07_ICHI_CMO,core,ALLINF|SWH,2,2,1010,-63.38721174316015
C:N07_ICHI_CMO,core,ALLINF|SWH,2,3,4,-0.11359068751335144
C:N07_ICHI_CMO,core,ALLINF|SWH,3,0,1865,-366.3397166549694
C:N07_ICHI_CMO,core,ALLINF|SWH,3,1,993,-123.53713703283574
C:N07_ICHI_CMO,core,ALLINF|SWH,3,2,470,-30.497928063967265
C:N07_ICHI_CMO,core,ALLINF|SWH,3,3,232,-8.742717457469553
C:N07_ICHI_CMO,core,ALL|FC,0,0,4697,-770.259465131523
C:N07_ICHI_CMO,core,ALL|FC,0,1,1629,-184.89659419551026
C:N07_ICHI_CMO,core,ALL|FC,0,2,482,-68.12006770685548
C:N07_ICHI_CMO,core,ALL|FC,0,3,50,0.4915059069171548
C:N07_ICHI_CMO,core,ALL|FC,1,0,2335,-435.84175437293015
C:N07_ICHI_CMO,core,ALL|FC,1,1,1612,-164.230613315769
C:N07_ICHI_CMO,core,ALL|FC,1,2,536,-77.40217266359832
C:N07_ICHI_CMO,core,ALL|FC,1,3,22,1.8684343844652176
C:N07_ICHI_CMO,core,ALL|FC,2,0,1398,-258.31063908565557
C:N07_ICHI_CMO,core,ALL|FC,2,1,731,-108.26187552511692
C:N07_ICHI_CMO,core,ALL|FC,2,2,524,-20.16140652715694
C:N07_ICHI_CMO,core,ALL|FC,2,3,25,-1.3066436313092709
C:N07_ICHI_CMO,core,ALL|FC,3,0,316,-47.91469546966255
C:N07_ICHI_CMO,core,ALL|FC,3,1,150,-16.34550530463457
C:N07_ICHI_CMO,core,ALL|FC,3,2,75,-11.634243039414287
C:N07_ICHI_CMO,core,ALL|FC,3,3,12,-1.0780853927135468
C:N07_ICHI_CMO,core,ALL|LTF,0,0,4511,-737.9468334182966
C:N07_ICHI_CMO,core,ALL|LTF,0,1,1452,-172.22386543860193
C:N07_ICHI_CMO,core,ALL|LTF,0,2,430,-69.37895887024933
C:N07_ICHI_CMO,core,ALL|LTF,0,3,46,3.4019428053870797
C:N07_ICHI_CMO,core,ALL|LTF,1,0,2443,-446.24441582127474
C:N07_ICHI_CMO,core,ALL|LTF,1,1,1626,-158.10418988979654
C:N07_ICHI_CMO,core,ALL|LTF,1,2,464,-63.79051702225115
C:N07_ICHI_CMO,core,ALL|LTF,1,3,19,2.2476335763931274
C:N07_ICHI_CMO,core,ALL|LTF,2,0,1587,-273.13880106288707
C:N07_ICHI_CMO,core,ALL|LTF,2,1,850,-125.80446005705744
C:N07_ICHI_CMO,core,ALL|LTF,2,2,550,-28.280579347512685
C:N07_ICHI_CMO,core,ALL|LTF,2,3,25,-1.6408045254647732
C:N07_ICHI_CMO,core,ALL|LTF,3,0,361,-64.50857579521835
C:N07_ICHI_CMO,core,ALL|LTF,3,1,176,-26.270148769021034
C:N07_ICHI_CMO,core,ALL|LTF,3,2,92,-7.815610021352768
C:N07_ICHI_CMO,core,ALL|LTF,3,3,13,-2.1342566907405853
C:N07_ICHI_CMO,core,ALL|SW,0,0,2418,-346.17220128527697
C:N07_ICHI_CMO,core,ALL|SW,0,1,481,-41.13020433031488
C:N07_ICHI_CMO,core,ALL|SW,0,2,129,-18.066537158563733
C:N07_ICHI_CMO,core,ALL|SW,0,3,11,-0.8169263452291489
C:N07_ICHI_CMO,core,ALL|SW,1,0,197,-38.16145997401327
C:N07_ICHI_CMO,core,ALL|SW,1,1,1001,-79.55315429059556
C:N07_ICHI_CMO,core,ALL|SW,1,2,155,-15.77880528382957
C:N07_ICHI_CMO,core,ALL|SW,1,3,7,-0.6200148165225983
C:N07_ICHI_CMO,core,ALL|SW,2,0,128,-29.631203826516867
C:N07_ICHI_CMO,core,ALL|SW,2,1,68,-6.302265512757003
C:N07_ICHI_CMO,core,ALL|SW,2,2,366,-17.029056775616482
C:N07_ICHI_CMO,core,ALL|SW,2,3,8,2.372564308345318
C:N07_ICHI_CMO,core,ALL|SW,3,0,16,-6.510350629687309
C:N07_ICHI_CMO,core,ALL|SW,3,1,12,-1.55071559548378
C:N07_ICHI_CMO,core,ALL|SW,3,2,7,1.5352060314035043
C:N07_ICHI_CMO,core,ALL|SW,3,3,6,-5.253342106938362
C:N07_ICHI_CMO,core,ALL|SWH,0,0,3375,-443.3106217874083
C:N07_ICHI_CMO,core,ALL|SWH,0,1,129,-11.32023452327121
C:N07_ICHI_CMO,core,ALL|SWH,0,2,22,-5.112787526100874
C:N07_ICHI_CMO,core,ALL|SWH,0,3,2,0.6324300616979599
C:N07_ICHI_CMO,core,ALL|SWH,1,0,2615,-530.1267456349451
C:N07_ICHI_CMO,core,ALL|SWH,1,1,1854,-161.49404710967792
C:N07_ICHI_CMO,core,ALL|SWH,1,2,63,-14.334114229306579
C:N07_ICHI_CMO,core,ALL|SWH,1,3,3,-0.3873050808906555
C:N07_ICHI_CMO,core,ALL|SWH,2,0,2468,-479.65820780949434
C:N07_ICHI_CMO,core,ALL|SWH,2,1,1284,-162.6068706709193
C:N07_ICHI_CMO,core,ALL|SWH,2,2,850,-50.02794006303884
C:N07_ICHI_CMO,core,ALL|SWH,2,3,2,0.5828305184841156
C:N07_ICHI_CMO,core,ALL|SWH,3,0,664,-145.55954149737954
C:N07_ICHI_CMO,core,ALL|SWH,3,1,364,-52.94683671370149
C:N07_ICHI_CMO,core,ALL|SWH,3,2,181,-27.306634828448296
C:N07_ICHI_CMO,core,ALL|SWH,3,3,32,-3.4759983271360397
C:N07_ICHI_CMO,core,A|FC,0,0,5390,-863.8724517254377
C:N07_ICHI_CMO,core,A|FC,0,1,1915,-203.8006151736481
C:N07_ICHI_CMO,core,A|FC,1,0,2737,-532.7719454381149
C:N07_ICHI_CMO,core,A|FC,1,1,1879,-227.33878242067294
C:N07_ICHI_CMO,core,A|LTF,0,0,5262,-817.5046485821003
C:N07_ICHI_CMO,core,A|LTF,0,1,1758,-197.46314259094652
C:N07_ICHI_CMO,core,A|LTF,1,0,2970,-559.8172291151714
C:N07_ICHI_CMO,core,A|LTF,1,1,1946,-234.96844697586494
C:N07_ICHI_CMO,core,A|SW,0,0,2468,-359.97393565079983
C:N07_ICHI_CMO,core,A|SW,0,1,509,-40.54352537798695
C:N07_ICHI_CMO,core,A|SW,1,0,201,-40.481515920720994
C:N07_ICHI_CMO,core,A|SW,1,1,1008,-81.01519452122739
C:N07_ICHI_CMO,core,A|SWH,0,0,4248,-572.2334175114738
C:N07_ICHI_CMO,core,A|SWH,0,1,193,-25.1386236428516
C:N07_ICHI_CMO,core,A|SWH,1,0,4069,-850.7310711138416
C:N07_ICHI_CMO,core,A|SWH,1,1,2754,-310.2484798586811
C:N07_ICHI_CMO,core,HI|FC,2,2,911,-60.260947933304124
C:N07_ICHI_CMO,core,HI|FC,2,3,41,-3.834316972643137
C:N07_ICHI_CMO,core,HI|FC,3,2,152,-34.76990381628275
C:N07_ICHI_CMO,core,HI|FC,3,3,27,-2.3703169524669647
C:N07_ICHI_CMO,core,HI|LTF,2,2,908,-62.39716997172218
C:N07_ICHI_CMO,core,HI|LTF,2,3,39,-3.5648378171026707
C:N07_ICHI_CMO,core,HI|LTF,3,2,157,-30.716330651193857
C:N07_ICHI_CMO,core,HI|LTF,3,3,28,-3.4264882504940033
C:N07_ICHI_CMO,core,HI|SW,2,2,444,-34.407029437599704
C:N07_ICHI_CMO,core,HI|SW,2,3,11,0.5999126955866814
C:N07_ICHI_CMO,core,HI|SW,3,2,12,-0.7867386225843802
C:N07_ICHI_CMO,core,HI|SW,3,3,9,-4.696822315454483
C:N07_ICHI_CMO,core,HI|SWH,2,2,876,-62.6755632890854
C:N07_ICHI_CMO,core,HI|SWH,2,3,3,-0.4714163839817047
C:N07_ICHI_CMO,core,HI|SWH,3,2,193,-30.725031163543463
C:N07_ICHI_CMO,core,HI|SWH,3,3,32,-3.4759983271360397
C:N07_ICHI_CMO,core,T15|FC,0,0,6894,-1159.9105839173062
C:N07_ICHI_CMO,core,T1h|FC,2,2,983,-77.00129827659111
C:N07_ICHI_CMO,core,T30|FC,1,1,2844,-331.4904992773081
C:N07_ICHI_CMO,core,T4h|FC,3,3,33,-2.5197878926992416
C:N08_ICHI_WR,core,ALLINF|FC,0,0,397,-134.44191645737737
C:N08_ICHI_WR,core,ALLINF|FC,0,1,113,-21.96287468355149
C:N08_ICHI_WR,core,ALLINF|FC,0,2,32,-8.548034746199846
C:N08_ICHI_WR,core,ALLINF|FC,0,3,7,-1.1199669502675533
C:N08_ICHI_WR,core,ALLINF|FC,1,0,87,-15.73097413033247
C:N08_ICHI_WR,core,ALLINF|FC,1,1,123,-11.587522115558386
C:N08_ICHI_WR,core,ALLINF|FC,1,2,34,1.0310046579688787
C:N08_ICHI_WR,core,ALLINF|FC,1,3,3,0.4420321062207222
C:N08_ICHI_WR,core,ALLINF|FC,2,0,85,-21.219907756894827
C:N08_ICHI_WR,core,ALLINF|FC,2,1,37,-10.25179835408926
C:N08_ICHI_WR,core,ALLINF|FC,2,2,53,-0.06422065943479538
C:N08_ICHI_WR,core,ALLINF|FC,3,0,22,-0.17338719964027405
C:N08_ICHI_WR,core,ALLINF|FC,3,1,20,-5.845527537167072
C:N08_ICHI_WR,core,ALLINF|FC,3,2,10,-0.4960560202598572
C:N08_ICHI_WR,core,ALLINF|FC,3,3,8,3.467129942844622
C:N08_ICHI_WR,core,ALLINF|SWH,0,0,378,-128.65061777736992
C:N08_ICHI_WR,core,ALLINF|SWH,0,1,22,-7.9108069986104965
C:N08_ICHI_WR,core,ALLINF|SWH,0,2,3,-2.742630362510681
C:N08_ICHI_WR,core,ALLINF|SWH,1,0,100,-30.967866107821465
C:N08_ICHI_WR,core,ALLINF|SWH,1,1,128,-13.8804965429008
C:N08_ICHI_WR,core,ALLINF|SWH,1,2,3,-0.8376457244157791
C:N08_ICHI_WR,core,ALLINF|SWH,2,0,97,-12.536208774894476
C:N08_ICHI_WR,core,ALLINF|SWH,2,1,55,-16.073579244315624
C:N08_ICHI_WR,core,ALLINF|SWH,2,2,62,0.8193057402968407
C:N08_ICHI_WR,core,ALLINF|SWH,3,0,30,2.923545405268669
C:N08_ICHI_WR,core,ALLINF|SWH,3,1,24,-5.940085511654615
C:N08_ICHI_WR,core,ALLINF|SWH,3,2,11,-0.5722449645400047
C:N08_ICHI_WR,core,ALLINF|SWH,3,3,9,3.520904973964207
C:N08_ICHI_WR,core,ALL|FC,0,0,402,-135.6619554189965
C:N08_ICHI_WR,core,ALL|FC,0,1,114,-28.74551889486611
C:N08_ICHI_WR,core,ALL|FC,0,2,30,-7.085480567067862
C:N08_ICHI_WR,core,ALL|FC,0,3,1,0.19964289665222168
C:N08_ICHI_WR,core,ALL|FC,1,0,85,-15.189885310828686
C:N08_ICHI_WR,core,ALL|FC,1,1,112,-12.040516141802073
C:N08_ICHI_WR,core,ALL|FC,1,2,32,3.742491996847093
C:N08_ICHI_WR,core,ALL|FC,2,0,75,-18.26174110919237
C:N08_ICHI_WR,core,ALL|FC,2,1,33,-11.41216154396534
C:N08_ICHI_WR,core,ALL|FC,2,2,37,-0.8685493096709251
C:N08_ICHI_WR,core,ALL|FC,3,0,7,-3.433344542980194
C:N08_ICHI_WR,core,ALL|FC,3,1,7,4.276234917342663
C:N08_ICHI_WR,core,ALL|FC,3,2,3,-0.5098109841346741
C:N08_ICHI_WR,core,ALL|FC,3,3,2,0.6730042099952698
C:N08_ICHI_WR,core,ALL|LTF,0,0,400,-136.62756129633635
C:N08_ICHI_WR,core,ALL|LTF,0,1,107,-27.975811840966344
C:N08_ICHI_WR,core,ALL|LTF,0,2,27,-8.375850260257721
C:N08_ICHI_WR,core,ALL|LTF,0,3,1,0.19964289665222168
C:N08_ICHI_WR,core,ALL|LTF,1,0,93,-10.54274933040142
C:N08_ICHI_WR,core,ALL|LTF,1,1,111,-12.311831835657358
C:N08_ICHI_WR,core,ALL|LTF,1,2,25,3.3886574273929
C:N08_ICHI_WR,core,ALL|LTF,2,0,78,-18.298391558229923
C:N08_ICHI_WR,core,ALL|LTF,2,1,41,-9.68580935895443
C:N08_ICHI_WR,core,ALL|LTF,2,2,38,-0.5738157257437706
C:N08_ICHI_WR,core,ALL|LTF,3,0,7,-3.433344542980194
C:N08_ICHI_WR,core,ALL|LTF,3,1,7,4.276234917342663
C:N08_ICHI_WR,core,ALL|LTF,3,2,3,-0.5098109841346741
C:N08_ICHI_WR,core,ALL|LTF,3,3,2,0.6730042099952698
C:N08_ICHI_WR,core,ALL|SW,0,0,208,-53.87558577861637
C:N08_ICHI_WR,core,ALL|SW,0,1,35,-8.549559265375137
C:N08_ICHI_WR,core,ALL|SW,0,2,6,0.9572899974882603
C:N08_ICHI_WR,core,ALL|SW,1,0,19,-8.207750227302313
C:N08_ICHI_WR,core,ALL|SW,1,1,71,-10.225065510720015
C:N08_ICHI_WR,core,ALL|SW,1,2,13,2.768839806318283
C:N08_ICHI_WR,core,ALL|SW,2,0,3,-0.31464889273047447
C:N08_ICHI_WR,core,ALL|SW,2,1,4,-1.6547665297985077
C:N08_ICHI_WR,core,ALL|SW,2,2,25,-0.3620866984128952
C:N08_ICHI_WR,core,ALL|SW,3,3,1,0.3495773673057556
C:N08_ICHI_WR,core,ALL|SWH,0,0,386,-129.6200570119545
C:N08_ICHI_WR,core,ALL|SWH,0,1,23,-9.100375041365623
C:N08_ICHI_WR,core,ALL|SWH,0,2,3,-2.742630362510681
C:N08_ICHI_WR,core,ALL|SWH,1,0,100,-26.00085835158825
C:N08_ICHI_WR,core,ALL|SWH,1,1,123,-19.49415998533368
C:N08_ICHI_WR,core,ALL|SWH,1,2,5,-0.10745316743850708
C:N08_ICHI_WR,core,ALL|SWH,2,0,87,-10.046891935169697
C:N08_ICHI_WR,core,ALL|SWH,2,1,49,-18.0128822773695
C:N08_ICHI_WR,core,ALL|SWH,2,2,47,0.26229963451623917
C:N08_ICHI_WR,core,ALL|SWH,3,0,8,-2.7230533957481384
C:N08_ICHI_WR,core,ALL|SWH,3,1,7,4.276234917342663
C:N08_ICHI_WR,core,ALL|SWH,3,2,3,-0.5098109841346741
C:N08_ICHI_WR,core,ALL|SWH,3,3,2,0.6730042099952698
C:N08_ICHI_WR,core,A|FC,0,0,419,-134.85630650725216
C:N08_ICHI_WR,core,A|FC,0,1,120,-29.751837523654103
C:N08_ICHI_WR,core,A|FC,1,0,92,-21.612754456698895
C:N08_ICHI_WR,core,A|FC,1,1,118,-14.167850892990828
C:N08_ICHI_WR,core,A|LTF,0,0,415,-137.98904362972826
C:N08_ICHI_WR,core,A|LTF,0,1,111,-29.219783367589116
C:N08_ICHI_WR,core,A|LTF,1,0,103,-13.440456554293633
C:N08_ICHI_WR,core,A|LTF,1,1,120,-12.514055740088224
C:N08_ICHI_WR,core,A|SW,0,0,208,-53.87558577861637
C:N08_ICHI_WR,core,A|SW,0,1,36,-9.782305270433426
C:N08_ICHI_WR,core,A|SW,1,0,19,-8.207750227302313
C:N08_ICHI_WR,core,A|SW,1,1,71,-10.225065510720015
C:N08_ICHI_WR,core,A|SWH,0,0,404,-131.65951809938997
C:N08_ICHI_WR,core,A|SWH,0,1,24,-10.208891615271568
C:N08_ICHI_WR,core,A|SWH,1,0,114,-22.231599614024162
C:N08_ICHI_WR,core,A|SWH,1,1,136,-22.881820794194937
C:N08_ICHI_WR,core,HI|FC,2,2,49,0.6356226280331612
C:N08_ICHI_WR,core,HI|FC,2,3,1,0.19964289665222168
C:N08_ICHI_WR,core,HI|FC,3,2,3,-0.5098109841346741
C:N08_ICHI_WR,core,HI|FC,3,3,2,0.6730042099952698
C:N08_ICHI_WR,core,HI|LTF,2,2,49,0.6356226280331612
C:N08_ICHI_WR,core,HI|LTF,2,3,1,0.19964289665222168
C:N08_ICHI_WR,core,HI|LTF,3,2,3,-0.5098109841346741
C:N08_ICHI_WR,core,HI|LTF,3,3,2,0.6730042099952698
C:N08_ICHI_WR,core,HI|SW,2,2,31,-0.025875166058540344
C:N08_ICHI_WR,core,HI|SW,3,2,1,0.3186381459236145
C:N08_ICHI_WR,core,HI|SW,3,3,1,0.3495773673057556
C:N08_ICHI_WR,core,HI|SWH,2,2,49,0.6356226280331612
C:N08_ICHI_WR,core,HI|SWH,3,2,3,-0.5098109841346741
C:N08_ICHI_WR,core,HI|SWH,3,3,2,0.6730042099952698
C:N08_ICHI_WR,core,T15|FC,0,0,429,-130.8201753636822
C:N08_ICHI_WR,core,T1h|FC,2,2,50,0.8967502191662788
C:N08_ICHI_WR,core,T30|FC,1,1,142,-29.171127315610647
C:N08_ICHI_WR,core,T4h|FC,3,3,2,0.6730042099952698
C:N09_ALLIG_AROON,core,ALLINF|FC,0,0,5268,-749.5087108034131
C:N09_ALLIG_AROON,core,ALLINF|FC,0,1,2288,-276.13101543311495
C:N09_ALLIG_AROON,core,ALLINF|FC,0,2,674,-55.95775493726251
C:N09_ALLIG_AROON,core,ALLINF|FC,0,3,130,-5.322662313934416
C:N09_ALLIG_AROON,core,ALLINF|FC,1,0,2238,-434.32568054343574
C:N09_ALLIG_AROON,core,ALLINF|FC,1,1,1853,-185.24507753073703
C:N09_ALLIG_AROON,core,ALLINF|FC,1,2,802,-77.91810357943177
C:N09_ALLIG_AROON,core,ALLINF|FC,1,3,106,-8.439156392589211
C:N09_ALLIG_AROON,core,ALLINF|FC,2,0,1875,-427.89107974409126
C:N09_ALLIG_AROON,core,ALLINF|FC,2,1,868,-61.74559698118537
C:N09_ALLIG_AROON,core,ALLINF|FC,2,2,849,-36.482500255689956
C:N09_ALLIG_AROON,core,ALLINF|FC,2,3,143,7.64881109225098
C:N09_ALLIG_AROON,core,ALLINF|FC,3,0,1128,-236.77540597765255
C:N09_ALLIG_AROON,core,ALLINF|FC,3,1,490,-79.04822803847492
C:N09_ALLIG_AROON,core,ALLINF|FC,3,2,224,-31.346674731001258
C:N09_ALLIG_AROON,core,ALLINF|FC,3,3,157,3.891633001738228
C:N09_ALLIG_AROON,core,ALLINF|SWH,0,0,3691,-486.2291132163664
C:N09_ALLIG_AROON,core,ALLINF|SWH,0,1,301,-45.393165761604905
C:N09_ALLIG_AROON,core,ALLINF|SWH,0,2,47,2.0587694831192493
C:N09_ALLIG_AROON,core,ALLINF|SWH,0,3,4,0.5088160187005997
C:N09_ALLIG_AROON,core,ALLINF|SWH,1,0,2679,-460.4448515343611
C:N09_ALLIG_AROON,core,ALLINF|SWH,1,1,2127,-239.5967650776147
C:N09_ALLIG_AROON,core,ALLINF|SWH,1,2,131,-9.81754657952115
C:N09_ALLIG_AROON,core,ALLINF|SWH,1,3,6,-1.7558894790709019
C:N09_ALLIG_AROON,core,ALLINF|SWH,2,0,2727,-512.3291969344136
C:N09_ALLIG_AROON,core,ALLINF|SWH,2,1,1556,-98.3489630130207
C:N09_ALLIG_AROON,core,ALLINF|SWH,2,2,1272,-102.7089097450953
C:N09_ALLIG_AROON,core,ALLINF|SWH,2,3,19,2.812403917312622
C:N09_ALLIG_AROON,core,ALLINF|SWH,3,0,1965,-433.89421509314343
C:N09_ALLIG_AROON,core,ALLINF|SWH,3,1,911,-122.50445492379367
C:N09_ALLIG_AROON,core,ALLINF|SWH,3,2,448,-40.83069052780047
C:N09_ALLIG_AROON,core,ALLINF|SWH,3,3,248,-1.475214203237556
C:N09_ALLIG_AROON,core,ALL|FC,0,0,5531,-835.1578813360029
C:N09_ALLIG_AROON,core,ALL|FC,0,1,2279,-290.8667024266906
C:N09_ALLIG_AROON,core,ALL|FC,0,2,559,-53.37013443605974
C:N09_ALLIG_AROON,core,ALL|FC,0,3,31,-5.887554508633912
C:N09_ALLIG_AROON,core,ALL|FC,1,0,2273,-441.40351504436694
C:N09_ALLIG_AROON,core,ALL|FC,1,1,1731,-194.51230810245033
C:N09_ALLIG_AROON,core,ALL|FC,1,2,712,-79.72169733978808
C:N09_ALLIG_AROON,core,ALL|FC,1,3,25,-0.539450392127037
C:N09_ALLIG_AROON,core,ALL|FC,2,0,1688,-421.11407212971244
C:N09_ALLIG_AROON,core,ALL|FC,2,1,782,-63.814528748436715
C:N09_ALLIG_AROON,core,ALL|FC,2,2,594,-30.899741476401687
C:N09_ALLIG_AROON,core,ALL|FC,2,3,33,4.310429267585278
C:N09_ALLIG_AROON,core,ALL|FC,3,0,429,-109.22806726512499
C:N09_ALLIG_AROON,core,ALL|FC,3,1,180,-18.669262594543397
C:N09_ALLIG_AROON,core,ALL|FC,3,2,97,-17.665203154087067
C:N09_ALLIG_AROON,core,ALL|FC,3,3,18,0.208512544631958
C:N09_ALLIG_AROON,core,ALL|LTF,0,0,5171,-792.4713377151129
C:N09_ALLIG_AROON,core,ALL|LTF,0,1,1943,-240.34796737716533
C:N09_ALLIG_AROON,core,ALL|LTF,0,2,482,-42.035593905020505
C:N09_ALLIG_AROON,core,ALL|LTF,0,3,30,-3.6442282618954778
C:N09_ALLIG_AROON,core,ALL|LTF,1,0,2645,-505.71132219966967
C:N09_ALLIG_AROON,core,ALL|LTF,1,1,1749,-213.67166333261412
C:N09_ALLIG_AROON,core,ALL|LTF,1,2,612,-49.599333885125816
C:N09_ALLIG_AROON,core,ALL|LTF,1,3,22,-2.3089865148067474
C:N09_ALLIG_AROON,core,ALL|LTF,2,0,1901,-444.6653539125109
C:N09_ALLIG_AROON,core,ALL|LTF,2,1,1018,-94.02433968945115
C:N09_ALLIG_AROON,core,ALL|LTF,2,2,656,-51.45628553722054
C:N09_ALLIG_AROON,core,ALL|LTF,2,3,29,3.0202843993902206
C:N09_ALLIG_AROON,core,ALL|LTF,3,0,445,-105.5966933487216
C:N09_ALLIG_AROON,core,ALL|LTF,3,1,202,-12.646151377819479
C:N09_ALLIG_AROON,core,ALL|LTF,3,2,110,-15.562093757092953
C:N09_ALLIG_AROON,core,ALL|LTF,3,3,19,0.3620385527610779
C:N09_ALLIG_AROON,core,ALL|SW,0,0,2934,-390.4979277831153
C:N09_ALLIG_AROON,core,ALL|SW,0,1,1086,-168.32633767840161
C:N09_ALLIG_AROON,core,ALL|SW,0,2,170,-20.304549641441554
C:N09_ALLIG_AROON,core,ALL|SW,0,3,3,-0.7085635587573051
C:N09_ALLIG_AROON,core,ALL|SW,1,0,396,-43.770244074788934
C:N09_ALLIG_AROON,core,ALL|SW,1,1,1248,-111.71524185710587
C:N09_ALLIG_AROON,core,ALL|SW,1,2,324,-39.11158315674402
C:N09_ALLIG_AROON,core,ALL|SW,1,3,7,1.624475933611393
C:N09_ALLIG_AROON,core,ALL|SW,2,0,75,-2.6083261519670486
C:N09_ALLIG_AROON,core,ALL|SW,2,1,156,10.928828096017241
C:N09_ALLIG_AROON,core,ALL|SW,2,2,471,-19.381193094421178
C:N09_ALLIG_AROON,core,ALL|SW,2,3,7,0.3696807846426964
C:N09_ALLIG_AROON,core,ALL|SW,3,0,11,-4.959499122574925
C:N09_ALLIG_AROON,core,ALL|SW,3,1,4,1.7663837671279907
C:N09_ALLIG_AROON,core,ALL|SW,3,2,7,-1.6808567196130753
C:N09_ALLIG_AROON,core,ALL|SW,3,3,13,-0.32553696632385254
C:N09_ALLIG_AROON,core,ALL|SWH,0,0,4074,-560.3071860495547
C:N09_ALLIG_AROON,core,ALL|SWH,0,1,320,-39.98826332204044
C:N09_ALLIG_AROON,core,ALL|SWH,0,2,43,0.6226895935833454
C:N09_ALLIG_AROON,core,ALL|SWH,1,0,2853,-515.6602620727863
C:N09_ALLIG_AROON,core,ALL|SWH,1,1,2056,-237.1160598253482
C:N09_ALLIG_AROON,core,ALL|SWH,1,2,136,-8.108122631441802
C:N09_ALLIG_AROON,core,ALL|SWH,1,3,1,0.060921743512153625
C:N09_ALLIG_AROON,core,ALL|SWH,2,0,2775,-603.9238289684872
C:N09_ALLIG_AROON,core,ALL|SWH,2,1,1567,-135.27044764217862
C:N09_ALLIG_AROON,core,ALL|SWH,2,2,1009,-109.80129447684158
C:N09_ALLIG_AROON,core,ALL|SWH,2,3,9,0.967842772603035
C:N09_ALLIG_AROON,core,ALL|SWH,3,0,692,-176.43306454329286
C:N09_ALLIG_AROON,core,ALL|SWH,3,1,341,-48.94990384299308
C:N09_ALLIG_AROON,core,ALL|SWH,3,2,165,-1.3316978141665459
C:N09_ALLIG_AROON,core,ALL|SWH,3,3,31,-0.16752156615257263
C:N09_ALLIG_AROON,core,A|FC,0,0,6494,-1088.7983232438055
C:N09_ALLIG_AROON,core,A|FC,0,1,2672,-364.1226231488836
C:N09_ALLIG_AROON,core,A|FC,1,0,2612,-541.7664645842742
C:N09_ALLIG_AROON,core,A|FC,1,1,1991,-221.20606060128193
C:N09_ALLIG_AROON,core,A|LTF,0,0,6188,-1022.9040799291761
C:N09_ALLIG_AROON,core,A|LTF,0,1,2317,-305.9282690820255
C:N09_ALLIG_AROON,core,A|LTF,1,0,3146,-652.9263298349688
C:N09_ALLIG_AROON,core,A|LTF,1,1,2155,-253.31696447345894
C:N09_ALLIG_AROON,core,A|SW,0,0,2946,-380.5766109880642
C:N09_ALLIG_AROON,core,A|SW,0,1,1118,-171.35243229386106
C:N09_ALLIG_AROON,core,A|SW,1,0,412,-38.53863310607994
C:N09_ALLIG_AROON,core,A|SW,1,1,1269,-112.62198965274729
C:N09_ALLIG_AROON,core,A|SWH,0,0,5106,-806.751040352945
C:N09_ALLIG_AROON,core,A|SWH,0,1,407,-64.50474741593644
C:N09_ALLIG_AROON,core,A|SWH,1,0,4420,-885.9073793179487
C:N09_ALLIG_AROON,core,A|SWH,1,1,3076,-334.0555504175136
C:N09_ALLIG_AROON,core,HI|FC,2,2,1093,-118.43215957854409
C:N09_ALLIG_AROON,core,HI|FC,2,3,49,3.0050752013921738
C:N09_ALLIG_AROON,core,HI|FC,3,2,140,-8.20591115951538
C:N09_ALLIG_AROON,core,HI|FC,3,3,27,0.1255830079317093
C:N09_ALLIG_AROON,core,HI|LTF,2,2,1087,-118.26259805832524
C:N09_ALLIG_AROON,core,HI|LTF,2,3,43,2.3031502589583397
C:N09_ALLIG_AROON,core,HI|LTF,3,2,152,-5.138538457453251
C:N09_ALLIG_AROON,core,HI|LTF,3,3,28,0.27910901606082916
C:N09_ALLIG_AROON,core,HI|SW,2,2,546,-28.38350360142067
C:N09_ALLIG_AROON,core,HI|SW,2,3,14,1.3484040200710297
C:N09_ALLIG_AROON,core,HI|SW,3,2,9,-0.8133698552846909
C:N09_ALLIG_AROON,core,HI|SW,3,3,13,-0.32553696632385254
C:N09_ALLIG_AROON,core,HI|SWH,2,2,1070,-120.33358869527001
C:N09_ALLIG_AROON,core,HI|SWH,2,3,11,1.9150906130671501
C:N09_ALLIG_AROON,core,HI|SWH,3,2,173,-4.191071525216103
C:N09_ALLIG_AROON,core,HI|SWH,3,3,31,-0.16752156615257263
C:N09_ALLIG_AROON,core,T15|FC,0,0,7821,-1374.2593526016062
C:N09_ALLIG_AROON,core,T1h|FC,2,2,1156,-121.0985331517877
C:N09_ALLIG_AROON,core,T30|FC,1,1,3272,-358.2142694721697
C:N09_ALLIG_AROON,core,T4h|FC,3,3,32,-0.03450430929660797
C:N10_HA_PSAR,core,ALLINF|FC,0,0,17841,-3009.2441049641784
C:N10_HA_PSAR,core,ALLINF|FC,0,1,8078,-912.0377817038825
C:N10_HA_PSAR,core,ALLINF|FC,0,2,2321,-227.48552316668793
C:N10_HA_PSAR,core,ALLINF|FC,0,3,884,-26.071729336457793
C:N10_HA_PSAR,core,ALLINF|FC,1,0,8316,-1379.5534126499842
C:N10_HA_PSAR,core,ALLINF|FC,1,1,4795,-466.92637459156686
C:N10_HA_PSAR,core,ALLINF|FC,1,2,2402,-173.26990302358172
C:N10_HA_PSAR,core,ALLINF|FC,1,3,386,-8.553181535302429
C:N10_HA_PSAR,core,ALLINF|FC,2,0,9559,-1775.8771324867666
C:N10_HA_PSAR,core,ALLINF|FC,2,1,3910,-495.8263824337628
C:N10_HA_PSAR,core,ALLINF|FC,2,2,2881,-182.36238314100774
C:N10_HA_PSAR,core,ALLINF|FC,2,3,347,-11.002672544389497
C:N10_HA_PSAR,core,ALLINF|FC,3,0,3627,-696.5654242741875
C:N10_HA_PSAR,core,ALLINF|FC,3,1,1680,-153.89349390321877
C:N10_HA_PSAR,core,ALLINF|FC,3,2,744,-54.934358856175095
C:N10_HA_PSAR,core,ALLINF|FC,3,3,344,-14.421409045928158
C:N10_HA_PSAR,core,ALLINF|SWH,0,0,7322,-964.7329975209905
C:N10_HA_PSAR,core,ALLINF|SWH,0,1,519,-33.69811104075052
C:N10_HA_PSAR,core,ALLINF|SWH,0,2,38,-9.971507631242275
C:N10_HA_PSAR,core,ALLINF|SWH,0,3,15,-1.4986552577465773
C:N10_HA_PSAR,core,ALLINF|SWH,1,0,7040,-1065.1986414680723
C:N10_HA_PSAR,core,ALLINF|SWH,1,1,4693,-477.59339288587216
C:N10_HA_PSAR,core,ALLINF|SWH,1,2,324,-27.332219168543816
C:N10_HA_PSAR,core,ALLINF|SWH,1,3,19,-1.2708433903753757
C:N10_HA_PSAR,core,ALLINF|SWH,2,0,13324,-2399.124769420894
C:N10_HA_PSAR,core,ALLINF|SWH,2,1,5822,-627.4492143946991
C:N10_HA_PSAR,core,ALLINF|SWH,2,2,3937,-254.8973363379191
C:N10_HA_PSAR,core,ALLINF|SWH,2,3,22,2.780343323945999
C:N10_HA_PSAR,core,ALLINF|SWH,3,0,13541,-2823.0845277641783
C:N10_HA_PSAR,core,ALLINF|SWH,3,1,6225,-733.7942495887837
C:N10_HA_PSAR,core,ALLINF|SWH,3,2,2826,-228.51873401456396
C:N10_HA_PSAR,core,ALLINF|SWH,3,3,990,-29.657433019106975
C:N10_HA_PSAR,core,ALL|FC,0,0,19040,-3152.6973677731003
C:N10_HA_PSAR,core,ALL|FC,0,1,8087,-953.1554264759325
C:N10_HA_PSAR,core,ALL|FC,0,2,1997,-225.11107378196903
C:N10_HA_PSAR,core,ALL|FC,0,3,163,-13.63607727829367
C:N10_HA_PSAR,core,ALL|FC,1,0,8543,-1460.2050957500214
C:N10_HA_PSAR,core,ALL|FC,1,1,4685,-489.1910461363441
C:N10_HA_PSAR,core,ALL|FC,1,2,1975,-130.3668542377127
C:N10_HA_PSAR,core,ALL|FC,1,3,56,-3.5635533556342125
C:N10_HA_PSAR,core,ALL|FC,2,0,8670,-1675.1068650141897
C:N10_HA_PSAR,core,ALL|FC,2,1,3424,-437.26370112167206
C:N10_HA_PSAR,core,ALL|FC,2,2,2053,-159.6908775237389
C:N10_HA_PSAR,core,ALL|FC,2,3,58,0.7948737572878599
C:N10_HA_PSAR,core,ALL|FC,3,0,1460,-454.2256473256275
C:N10_HA_PSAR,core,ALL|FC,3,1,665,-75.7550724162138
C:N10_HA_PSAR,core,ALL|FC,3,2,320,-43.13002053834498
C:N10_HA_PSAR,core,ALL|FC,3,3,36,-11.479971185326576
C:N10_HA_PSAR,core,ALL|LTF,0,0,18237,-3058.348972216656
C:N10_HA_PSAR,core,ALL|LTF,0,1,7542,-921.7488566486136
C:N10_HA_PSAR,core,ALL|LTF,0,2,1817,-221.5505035375245
C:N10_HA_PSAR,core,ALL|LTF,0,3,163,-13.631511225365102
C:N10_HA_PSAR,core,ALL|LTF,1,0,8872,-1548.801738202932
C:N10_HA_PSAR,core,ALL|LTF,1,1,4669,-470.35018607912934
C:N10_HA_PSAR,core,ALL|LTF,1,2,1852,-102.29388489606208
C:N10_HA_PSAR,core,ALL|LTF,1,3,48,-3.0053132995963097
C:N10_HA_PSAR,core,ALL|LTF,2,0,9301,-1707.4070132358174
C:N10_HA_PSAR,core,ALL|LTF,2,1,3841,-448.5914263885061
C:N10_HA_PSAR,core,ALL|LTF,2,2,2183,-154.50650791684166
C:N10_HA_PSAR,core,ALL|LTF,2,3,52,-1.9214276187121868
C:N10_HA_PSAR,core,ALL|LTF,3,0,1629,-524.0116133005358
C:N10_HA_PSAR,core,ALL|LTF,3,1,748,-94.4358523353003
C:N10_HA_PSAR,core,ALL|LTF,3,2,352,-55.83817935921252
C:N10_HA_PSAR,core,ALL|LTF,3,3,33,-6.899362295866013
C:N10_HA_PSAR,core,ALL|SW,0,0,13238,-2143.5972470723245
C:N10_HA_PSAR,core,ALL|SW,0,1,3810,-507.45404172467533
C:N10_HA_PSAR,core,ALL|SW,0,2,559,-66.9285804766696
C:N10_HA_PSAR,core,ALL|SW,0,3,32,1.1740208268165588
C:N10_HA_PSAR,core,ALL|SW,1,0,1188,-160.25407848507166
C:N10_HA_PSAR,core,ALL|SW,1,1,4362,-354.3148419589852
C:N10_HA_PSAR,core,ALL|SW,1,2,988,-96.2957666805014
C:N10_HA_PSAR,core,ALL|SW,1,3,22,-5.711097665131092
C:N10_HA_PSAR,core,ALL|SW,2,0,563,-95.11716509074904
C:N10_HA_PSAR,core,ALL|SW,2,1,407,-57.7648730406072
C:N10_HA_PSAR,core,ALL|SW,2,2,1717,-108.32321226433851
C:N10_HA_PSAR,core,ALL|SW,2,3,14,2.267476759850979
C:N10_HA_PSAR,core,ALL|SW,3,0,48,-20.74028842523694
C:N10_HA_PSAR,core,ALL|SW,3,1,53,-1.3365355506539345
C:N10_HA_PSAR,core,ALL|SW,3,2,32,-0.8387426324188709
C:N10_HA_PSAR,core,ALL|SW,3,3,48,-6.754061369225383
C:N10_HA_PSAR,core,ALL|SWH,0,0,9296,-1354.9438945404254
C:N10_HA_PSAR,core,ALL|SWH,0,1,623,-46.5453729564033
C:N10_HA_PSAR,core,ALL|SWH,0,2,47,-11.706922627985477
C:N10_HA_PSAR,core,ALL|SWH,0,3,3,1.5561922490596771
C:N10_HA_PSAR,core,ALL|SWH,1,0,9426,-1420.5558668312478
C:N10_HA_PSAR,core,ALL|SWH,1,1,5579,-525.5974028560304
C:N10_HA_PSAR,core,ALL|SWH,1,2,368,-33.61126775480807
C:N10_HA_PSAR,core,ALL|SWH,1,3,8,-4.69926218688488
C:N10_HA_PSAR,core,ALL|SWH,2,0,15879,-2981.3046392334
C:N10_HA_PSAR,core,ALL|SWH,2,1,6820,-859.0859809449466
C:N10_HA_PSAR,core,ALL|SWH,2,2,3592,-254.47150082149892
C:N10_HA_PSAR,core,ALL|SWH,2,3,13,-0.8591740056872368
C:N10_HA_PSAR,core,ALL|SWH,3,0,4614,-1274.5994291841052
C:N10_HA_PSAR,core,ALL|SWH,3,1,2108,-287.4998591786134
C:N10_HA_PSAR,core,ALL|SWH,3,2,948,-110.74224854935892
C:N10_HA_PSAR,core,ALL|SWH,3,3,105,-15.435252510011196
C:N10_HA_PSAR,core,A|FC,0,0,24693,-4368.087754536391
C:N10_HA_PSAR,core,A|FC,0,1,10285,-1241.2170902890066
C:N10_HA_PSAR,core,A|FC,1,0,11016,-2016.4679761524058
C:N10_HA_PSAR,core,A|FC,1,1,5836,-608.1338886894227
C:N10_HA_PSAR,core,A|LTF,0,0,24064,-4296.306390962127
C:N10_HA_PSAR,core,A|LTF,0,1,9775,-1207.5326755740825
C:N10_HA_PSAR,core,A|LTF,1,0,11902,-2152.411216559911
C:N10_HA_PSAR,core,A|LTF,1,1,6115,-605.7887661131972
C:N10_HA_PSAR,core,A|SW,0,0,13423,-2185.3195814039245
C:N10_HA_PSAR,core,A|SW,0,1,3921,-509.42070216464344
C:N10_HA_PSAR,core,A|SW,1,0,1286,-204.78305833414197
C:N10_HA_PSAR,core,A|SW,1,1,4430,-365.8223725493881
C:N10_HA_PSAR,core,A|SWH,0,0,13949,-2115.733933235635
C:N10_HA_PSAR,core,A|SWH,0,1,933,-75.95188278096612
C:N10_HA_PSAR,core,A|SWH,1,0,22925,-4488.1242440950045
C:N10_HA_PSAR,core,A|SWH,1,1,11895,-1358.7885427484434
C:N10_HA_PSAR,core,HI|FC,2,2,4066,-312.66055749505176
C:N10_HA_PSAR,core,HI|FC,2,3,121,-7.958581922575831
C:N10_HA_PSAR,core,HI|FC,3,2,618,-51.016337191918865
C:N10_HA_PSAR,core,HI|FC,3,3,76,-11.343679942190647
C:N10_HA_PSAR,core,HI|LTF,2,2,4044,-300.05104606001987
C:N10_HA_PSAR,core,HI|LTF,2,3,113,-8.547507164999843
C:N10_HA_PSAR,core,HI|LTF,3,2,651,-68.10730732069351
C:N10_HA_PSAR,core,HI|LTF,3,3,77,-11.094979517161846
C:N10_HA_PSAR,core,HI|SW,2,2,2150,-143.09241874306463
C:N10_HA_PSAR,core,HI|SW,2,3,31,3.452558346092701
C:N10_HA_PSAR,core,HI|SW,3,2,48,3.8208970315754414
C:N10_HA_PSAR,core,HI|SW,3,3,50,-6.192010812461376
C:N10_HA_PSAR,core,HI|SWH,2,2,3825,-278.0271593775542
C:N10_HA_PSAR,core,HI|SWH,2,3,15,-1.5496939197182655
C:N10_HA_PSAR,core,HI|SWH,3,2,938,-99.35891666286625
C:N10_HA_PSAR,core,HI|SWH,3,3,110,-14.344099013134837
C:N10_HA_PSAR,core,T15|FC,0,0,32670,-5886.55153805955
C:N10_HA_PSAR,core,T1h|FC,2,2,4450,-341.7456569907663
C:N10_HA_PSAR,core,T30|FC,1,1,12566,-1410.9516721070831
C:N10_HA_PSAR,core,T4h|FC,3,3,113,-15.971748245880008
C:N11_BREAKAWAY,core,ALLINF|FC,0,0,98,-23.457038258668035
C:N11_BREAKAWAY,core,ALLINF|FC,0,1,7,-1.8137747645378113
C:N11_BREAKAWAY,core,ALLINF|FC,0,2,2,0.7953523695468903
C:N11_BREAKAWAY,core,ALLINF|FC,1,0,18,-3.8697229772806168
C:N11_BREAKAWAY,core,ALLINF|FC,1,1,43,-3.5583599098026752
C:N11_BREAKAWAY,core,ALLINF|FC,1,2,2,-2.1529557704925537
C:N11_BREAKAWAY,core,ALLINF|FC,1,3,1,0.14567887783050537
C:N11_BREAKAWAY,core,ALLINF|FC,2,0,11,1.9652483779937029
C:N11_BREAKAWAY,core,ALLINF|FC,2,2,27,-3.9117737961933017
C:N11_BREAKAWAY,core,ALLINF|FC,3,0,1,0.9283959865570068
C:N11_BREAKAWAY,core,ALLINF|FC,3,1,4,-3.4410936757922173
C:N11_BREAKAWAY,core,ALLINF|FC,3,2,2,1.8039390444755554
C:N11_BREAKAWAY,core,ALLINF|FC,3,3,4,0.25119269639253616
C:N11_BREAKAWAY,core,ALLINF|SWH,0,0,98,-23.457038258668035
C:N11_BREAKAWAY,core,ALLINF|SWH,1,0,18,-3.8697229772806168
C:N11_BREAKAWAY,core,ALLINF|SWH,1,1,44,-4.6208904273808
C:N11_BREAKAWAY,core,ALLINF|SWH,2,0,12,0.8096450883895159
C:N11_BREAKAWAY,core,ALLINF|SWH,2,1,1,0.2082769274711609
C:N11_BREAKAWAY,core,ALLINF|SWH,2,2,27,-3.9117737961933017
C:N11_BREAKAWAY,core,ALLINF|SWH,3,0,1,0.9283959865570068
C:N11_BREAKAWAY,core,ALLINF|SWH,3,1,4,-3.4410936757922173
C:N11_BREAKAWAY,core,ALLINF|SWH,3,2,2,1.8039390444755554
C:N11_BREAKAWAY,core,ALLINF|SWH,3,3,4,0.25119269639253616
C:N11_BREAKAWAY,core,ALL|FC,0,0,93,-22.927800079341978
C:N11_BREAKAWAY,core,ALL|FC,0,1,6,-1.9152216017246246
C:N11_BREAKAWAY,core,ALL|FC,0,2,2,0.7953523695468903
C:N11_BREAKAWAY,core,ALL|FC,1,0,18,-3.8697229772806168
C:N11_BREAKAWAY,core,ALL|FC,1,1,36,-3.562390185892582
C:N11_BREAKAWAY,core,ALL|FC,1,2,1,-1.1186084747314453
C:N11_BREAKAWAY,core,ALL|FC,2,0,7,0.0578895378857851
C:N11_BREAKAWAY,core,ALL|FC,2,2,11,-2.848046652972698
C:N11_BREAKAWAY,core,ALL|FC,3,0,1,0.9283959865570068
C:N11_BREAKAWAY,core,ALL|FC,3,1,4,-3.4410936757922173
C:N11_BREAKAWAY,core,ALL|FC,3,3,1,0.11670475453138351
C:N11_BREAKAWAY,core,ALL|LTF,0,0,93,-22.927800079341978
C:N11_BREAKAWAY,core,ALL|LTF,0,1,6,-1.9152216017246246
C:N11_BREAKAWAY,core,ALL|LTF,0,2,2,0.7953523695468903
C:N11_BREAKAWAY,core,ALL|LTF,1,0,18,-3.8697229772806168
C:N11_BREAKAWAY,core,ALL|LTF,1,1,36,-3.562390185892582
C:N11_BREAKAWAY,core,ALL|LTF,1,2,1,-1.1186084747314453
C:N11_BREAKAWAY,core,ALL|LTF,2,0,7,0.0578895378857851
C:N11_BREAKAWAY,core,ALL|LTF,2,2,11,-2.848046652972698
C:N11_BREAKAWAY,core,ALL|LTF,3,0,1,0.9283959865570068
C:N11_BREAKAWAY,core,ALL|LTF,3,1,4,-3.4410936757922173
C:N11_BREAKAWAY,core,ALL|LTF,3,3,1,0.11670475453138351
C:N11_BREAKAWAY,core,ALL|SW,0,0,87,-21.441645791288465
C:N11_BREAKAWAY,core,ALL|SW,1,0,1,-1.0717461109161377
C:N11_BREAKAWAY,core,ALL|SW,1,1,37,-6.017091907560825
C:N11_BREAKAWAY,core,ALL|SW,2,2,11,-2.848046652972698
C:N11_BREAKAWAY,core,ALL|SW,3,3,1,0.11670475453138351
C:N11_BREAKAWAY,core,ALL|SWH,0,0,93,-22.927800079341978
C:N11_BREAKAWAY,core,ALL|SWH,1,0,18,-3.8697229772806168
C:N11_BREAKAWAY,core,ALL|SWH,1,1,37,-4.624920703470707
C:N11_BREAKAWAY,core,ALL|SWH,2,0,8,-1.097713751718402
C:N11_BREAKAWAY,core,ALL|SWH,2,2,11,-2.848046652972698
C:N11_BREAKAWAY,core,ALL|SWH,3,0,1,0.9283959865570068
C:N11_BREAKAWAY,core,ALL|SWH,3,1,4,-3.4410936757922173
C:N11_BREAKAWAY,core,ALL|SWH,3,3,1,0.11670475453138351
C:N11_BREAKAWAY,core,A|FC,0,0,93,-22.927800079341978
C:N11_BREAKAWAY,core,A|FC,0,1,6,-1.9152216017246246
C:N11_BREAKAWAY,core,A|FC,1,0,18,-3.8697229772806168
C:N11_BREAKAWAY,core,A|FC,1,1,38,-4.693071573972702
C:N11_BREAKAWAY,core,A|LTF,0,0,93,-22.927800079341978
C:N11_BREAKAWAY,core,A|LTF,0,1,6,-1.9152216017246246
C:N11_BREAKAWAY,core,A|LTF,1,0,18,-3.8697229772806168
C:N11_BREAKAWAY,core,A|LTF,1,1,38,-4.693071573972702
C:N11_BREAKAWAY,core,A|SW,0,0,87,-21.441645791288465
C:N11_BREAKAWAY,core,A|SW,1,0,1,-1.0717461109161377
C:N11_BREAKAWAY,core,A|SW,1,1,37,-6.017091907560825
C:N11_BREAKAWAY,core,A|SWH,0,0,93,-22.927800079341978
C:N11_BREAKAWAY,core,A|SWH,1,0,18,-3.8697229772806168
C:N11_BREAKAWAY,core,A|SWH,1,1,39,-5.755602091550827
C:N11_BREAKAWAY,core,HI|FC,2,2,11,-2.848046652972698
C:N11_BREAKAWAY,core,HI|FC,3,3,1,0.11670475453138351
C:N11_BREAKAWAY,core,HI|LTF,2,2,11,-2.848046652972698
C:N11_BREAKAWAY,core,HI|LTF,3,3,1,0.11670475453138351
C:N11_BREAKAWAY,core,HI|SW,2,2,11,-2.848046652972698
C:N11_BREAKAWAY,core,HI|SW,3,3,1,0.11670475453138351
C:N11_BREAKAWAY,core,HI|SWH,2,2,11,-2.848046652972698
C:N11_BREAKAWAY,core,HI|SWH,3,3,1,0.11670475453138351
C:N11_BREAKAWAY,core,T15|FC,0,0,95,-25.487631698604673
C:N11_BREAKAWAY,core,T1h|FC,2,2,11,-2.848046652972698
C:N11_BREAKAWAY,core,T30|FC,1,1,39,-5.755602091550827
C:N11_BREAKAWAY,core,T4h|FC,3,3,1,0.11670475453138351
C:N12_ICHI_AO,core,ALLINF|FC,0,0,4925,-844.3283274515052
C:N12_ICHI_AO,core,ALLINF|FC,0,1,1635,-175.82000652921852
C:N12_ICHI_AO,core,ALLINF|FC,0,2,577,-32.788068644702435
C:N12_ICHI_AO,core,ALLINF|FC,0,3,146,-18.593169349012896
C:N12_ICHI_AO,core,ALLINF|FC,1,0,2468,-499.688573873369
C:N12_ICHI_AO,core,ALLINF|FC,1,1,1945,-228.26211823138874
C:N12_ICHI_AO,core,ALLINF|FC,1,2,634,-67.25625382934231
C:N12_ICHI_AO,core,ALLINF|FC,1,3,128,-10.897642759606242
C:N12_ICHI_AO,core,ALLINF|FC,2,0,2194,-359.4790518048685
C:N12_ICHI_AO,core,ALLINF|FC,2,1,1053,-118.11252477159724
C:N12_ICHI_AO,core,ALLINF|FC,2,2,943,-76.26159975066548
C:N12_ICHI_AO,core,ALLINF|FC,2,3,101,-5.254136975156143
C:N12_ICHI_AO,core,ALLINF|FC,3,0,926,-109.0366443763487
C:N12_ICHI_AO,core,ALLINF|FC,3,1,347,-34.53058729600161
C:N12_ICHI_AO,core,ALLINF|FC,3,2,204,-3.266215492039919
C:N12_ICHI_AO,core,ALLINF|FC,3,3,143,-11.723344328813255
C:N12_ICHI_AO,core,ALLINF|SWH,0,0,3426,-516.4386056150761
C:N12_ICHI_AO,core,ALLINF|SWH,0,1,189,-21.00076691620052
C:N12_ICHI_AO,core,ALLINF|SWH,0,2,31,-1.1554231122136116
C:N12_ICHI_AO,core,ALLINF|SWH,0,3,16,0.2405590945854783
C:N12_ICHI_AO,core,ALLINF|SWH,1,0,2560,-454.4302605034318
C:N12_ICHI_AO,core,ALLINF|SWH,1,1,1940,-219.25140523089794
C:N12_ICHI_AO,core,ALLINF|SWH,1,2,70,-4.682662721723318
C:N12_ICHI_AO,core,ALLINF|SWH,1,3,14,-3.6514956951141357
C:N12_ICHI_AO,core,ALLINF|SWH,2,0,3061,-582.3758803850506
C:N12_ICHI_AO,core,ALLINF|SWH,2,1,1665,-189.09121117863106
C:N12_ICHI_AO,core,ALLINF|SWH,2,2,1218,-109.638088766078
C:N12_ICHI_AO,core,ALLINF|SWH,2,3,16,1.6462556645274162
C:N12_ICHI_AO,core,ALLINF|SWH,3,0,1968,-332.7113466761075
C:N12_ICHI_AO,core,ALLINF|SWH,3,1,798,-69.7605345104821
C:N12_ICHI_AO,core,ALLINF|SWH,3,2,464,-28.341470274492167
C:N12_ICHI_AO,core,ALLINF|SWH,3,3,228,-16.36739499401301
C:N12_ICHI_AO,core,ALL|FC,0,0,5154,-847.8858296169419
C:N12_ICHI_AO,core,ALL|FC,0,1,1643,-194.67273933289107
C:N12_ICHI_AO,core,ALL|FC,0,2,485,-31.26989586511627
C:N12_ICHI_AO,core,ALL|FC,0,3,37,-5.026343517005444
C:N12_ICHI_AO,core,ALL|FC,1,0,2526,-530.6406468080822
C:N12_ICHI_AO,core,ALL|FC,1,1,1877,-238.98354058235418
C:N12_ICHI_AO,core,ALL|FC,1,2,529,-49.43436144303996
C:N12_ICHI_AO,core,ALL|FC,1,3,21,0.38590487092733383
C:N12_ICHI_AO,core,ALL|FC,2,0,2000,-328.53311032499187
C:N12_ICHI_AO,core,ALL|FC,2,1,942,-105.5356993288733
C:N12_ICHI_AO,core,ALL|FC,2,2,744,-69.64363386691548
C:N12_ICHI_AO,core,ALL|FC,2,3,35,-1.664541281759739
C:N12_ICHI_AO,core,ALL|FC,3,0,315,-48.28698577731848
C:N12_ICHI_AO,core,ALL|FC,3,1,141,-8.829261500854045
C:N12_ICHI_AO,core,ALL|FC,3,2,80,-8.858415571972728
C:N12_ICHI_AO,core,ALL|FC,3,3,21,-1.91905512008816
C:N12_ICHI_AO,core,ALL|LTF,0,0,4906,-810.015144932222
C:N12_ICHI_AO,core,ALL|LTF,0,1,1415,-187.69290237303358
C:N12_ICHI_AO,core,ALL|LTF,0,2,416,-32.94447440234944
C:N12_ICHI_AO,core,ALL|LTF,0,3,31,-4.553550481796265
C:N12_ICHI_AO,core,ALL|LTF,1,0,2756,-551.3725358431693
C:N12_ICHI_AO,core,ALL|LTF,1,1,1894,-237.99134330207016
C:N12_ICHI_AO,core,ALL|LTF,1,2,444,-40.80255763384048
C:N12_ICHI_AO,core,ALL|LTF,1,3,26,0.8447330296039581
C:N12_ICHI_AO,core,ALL|LTF,2,0,2189,-368.78945053438656
C:N12_ICHI_AO,core,ALL|LTF,2,1,1113,-117.39919559750706
C:N12_ICHI_AO,core,ALL|LTF,2,2,776,-66.08956970158033
C:N12_ICHI_AO,core,ALL|LTF,2,3,33,-0.5324148125946522
C:N12_ICHI_AO,core,ALL|LTF,3,0,337,-57.980194948613644
C:N12_ICHI_AO,core,ALL|LTF,3,1,151,-6.878654558677226
C:N12_ICHI_AO,core,ALL|LTF,3,2,89,-11.591686261817813
C:N12_ICHI_AO,core,ALL|LTF,3,3,21,-1.91905512008816
C:N12_ICHI_AO,core,ALL|SW,0,0,2405,-281.3824108935878
C:N12_ICHI_AO,core,ALL|SW,0,1,689,-85.00450842315331
C:N12_ICHI_AO,core,ALL|SW,0,2,169,-5.600128480233252
C:N12_ICHI_AO,core,ALL|SW,0,3,16,-1.038288176059723
C:N12_ICHI_AO,core,ALL|SW,1,0,274,-17.28325787174981
C:N12_ICHI_AO,core,ALL|SW,1,1,1014,-97.8385020417627
C:N12_ICHI_AO,core,ALL|SW,1,2,188,-6.519105908926576
C:N12_ICHI_AO,core,ALL|SW,1,3,9,2.536321684718132
C:N12_ICHI_AO,core,ALL|SW,2,0,148,-20.57786713913083
C:N12_ICHI_AO,core,ALL|SW,2,1,76,-7.006560583715327
C:N12_ICHI_AO,core,ALL|SW,2,2,401,-49.02674901089631
C:N12_ICHI_AO,core,ALL|SW,2,3,8,-2.356965124607086
C:N12_ICHI_AO,core,ALL|SW,3,0,15,-8.196569785475731
C:N12_ICHI_AO,core,ALL|SW,3,1,8,-2.8543401658535004
C:N12_ICHI_AO,core,ALL|SW,3,2,5,1.3039276897907257
C:N12_ICHI_AO,core,ALL|SW,3,3,11,-0.9123952062800527
C:N12_ICHI_AO,core,ALL|SWH,0,0,3758,-524.0991337617379
C:N12_ICHI_AO,core,ALL|SWH,0,1,189,-32.92794739641249
C:N12_ICHI_AO,core,ALL|SWH,0,2,24,-4.74127833545208
C:N12_ICHI_AO,core,ALL|SWH,0,3,6,-1.2939629405736923
C:N12_ICHI_AO,core,ALL|SWH,1,0,2934,-541.3391062223818
C:N12_ICHI_AO,core,ALL|SWH,1,1,2057,-234.15625959838508
C:N12_ICHI_AO,core,ALL|SWH,1,2,76,-0.6716599650681019
C:N12_ICHI_AO,core,ALL|SWH,1,3,6,-2.143369048833847
C:N12_ICHI_AO,core,ALL|SWH,2,0,3095,-608.3169880665373
C:N12_ICHI_AO,core,ALL|SWH,2,1,1591,-183.18200620432617
C:N12_ICHI_AO,core,ALL|SWH,2,2,1015,-92.46680993458722
C:N12_ICHI_AO,core,ALL|SWH,2,3,6,0.925196573138237
C:N12_ICHI_AO,core,ALL|SWH,3,0,648,-164.8696036376059
C:N12_ICHI_AO,core,ALL|SWH,3,1,286,-30.32856533350423
C:N12_ICHI_AO,core,ALL|SWH,3,2,177,-22.147948667407036
C:N12_ICHI_AO,core,ALL|SWH,3,3,34,-1.363474235869944
C:N12_ICHI_AO,core,A|FC,0,0,6077,-931.5477751369108
C:N12_ICHI_AO,core,A|FC,0,1,1933,-241.26219038234558
C:N12_ICHI_AO,core,A|FC,1,0,3120,-680.9222570892889
C:N12_ICHI_AO,core,A|FC,1,1,2235,-269.1100530914264
C:N12_ICHI_AO,core,A|LTF,0,0,5913,-919.4702022738275
C:N12_ICHI_AO,core,A|LTF,0,1,1723,-236.32801957603078
C:N12_ICHI_AO,core,A|LTF,1,0,3421,-712.6186174738687
C:N12_ICHI_AO,core,A|LTF,1,1,2325,-263.0024843533756
C:N12_ICHI_AO,core,A|SW,0,0,2433,-277.1356963388607
C:N12_ICHI_AO,core,A|SW,0,1,709,-93.82727046916261
C:N12_ICHI_AO,core,A|SW,1,0,281,-18.57228066015523
C:N12_ICHI_AO,core,A|SW,1,1,1025,-100.40595488040708
C:N12_ICHI_AO,core,A|SWH,0,0,4826,-691.5825779723455
C:N12_ICHI_AO,core,A|SWH,0,1,247,-42.71497994847596
C:N12_ICHI_AO,core,A|SWH,1,0,4608,-915.455872617662
C:N12_ICHI_AO,core,A|SWH,1,1,3024,-375.3339776765788
C:N12_ICHI_AO,core,HI|FC,2,2,1099,-103.28593133448157
C:N12_ICHI_AO,core,HI|FC,2,3,54,2.0192168094217777
C:N12_ICHI_AO,core,HI|FC,3,2,112,-7.993002837523818
C:N12_ICHI_AO,core,HI|FC,3,3,25,-2.8645334290340543
C:N12_ICHI_AO,core,HI|LTF,2,2,1090,-105.63353440223727
C:N12_ICHI_AO,core,HI|LTF,2,3,50,2.5738393142819405
C:N12_ICHI_AO,core,HI|LTF,3,2,124,-5.739779761061072
C:N12_ICHI_AO,core,HI|LTF,3,3,25,-2.8645334290340543
C:N12_ICHI_AO,core,HI|SW,2,2,460,-48.67585633858107
C:N12_ICHI_AO,core,HI|SW,2,3,15,-3.3817028254270554
C:N12_ICHI_AO,core,HI|SW,3,2,12,3.289890542626381
C:N12_ICHI_AO,core,HI|SW,3,3,14,-0.4182696985080838
C:N12_ICHI_AO,core,HI|SWH,2,2,1043,-93.65418121276889
C:N12_ICHI_AO,core,HI|SWH,2,3,6,0.925196573138237
C:N12_ICHI_AO,core,HI|SWH,3,2,196,-22.531856082379818
C:N12_ICHI_AO,core,HI|SWH,3,3,36,-1.4141396069899201
C:N12_ICHI_AO,core,T15|FC,0,0,7774,-1309.790699099678
C:N12_ICHI_AO,core,T1h|FC,2,2,1142,-105.76361090654973
C:N12_ICHI_AO,core,T30|FC,1,1,3131,-396.02075014368165
C:N12_ICHI_AO,core,T4h|FC,3,3,37,-1.3932025516405702
C:N13_3OUTSIDE,core,ALLINF|FC,0,0,3745,-623.2627262847091
C:N13_3OUTSIDE,core,ALLINF|FC,0,1,1419,-171.65606985846534
C:N13_3OUTSIDE,core,ALLINF|FC,0,2,420,-39.86296958941966
C:N13_3OUTSIDE,core,ALLINF|FC,0,3,114,-0.20966334640979767
C:N13_3OUTSIDE,core,ALLINF|FC,1,0,1496,-290.5037807963672
C:N13_3OUTSIDE,core,ALLINF|FC,1,1,1208,-171.7829260566432
C:N13_3OUTSIDE,core,ALLINF|FC,1,2,309,-23.371004197746515
C:N13_3OUTSIDE,core,ALLINF|FC,1,3,64,-4.025614376878366
C:N13_3OUTSIDE,core,ALLINF|FC,2,0,1165,-195.92407121439464
C:N13_3OUTSIDE,core,ALLINF|FC,2,1,452,-64.34133522107732
C:N13_3OUTSIDE,core,ALLINF|FC,2,2,482,-37.32674452837091
C:N13_3OUTSIDE,core,ALLINF|FC,2,3,47,-4.652305204886943
C:N13_3OUTSIDE,core,ALLINF|FC,3,0,537,-123.12809197080787
C:N13_3OUTSIDE,core,ALLINF|FC,3,1,250,-33.52431853185408
C:N13_3OUTSIDE,core,ALLINF|FC,3,2,97,-3.6881593195721507
C:N13_3OUTSIDE,core,ALLINF|FC,3,3,78,-3.6545270816423
C:N13_3OUTSIDE,core,ALLINF|SWH,0,0,2860,-387.41653203280293
C:N13_3OUTSIDE,core,ALLINF|SWH,0,1,209,-36.904163631785195
C:N13_3OUTSIDE,core,ALLINF|SWH,0,2,30,1.8007730711251497
C:N13_3OUTSIDE,core,ALLINF|SWH,0,3,11,-0.6994779109954834
C:N13_3OUTSIDE,core,ALLINF|SWH,1,0,1797,-424.9142778731766
C:N13_3OUTSIDE,core,ALLINF|SWH,1,1,1500,-202.63138581031671
C:N13_3OUTSIDE,core,ALLINF|SWH,1,2,56,-5.842471717391163
C:N13_3OUTSIDE,core,ALLINF|SWH,1,3,5,-2.575460571795702
C:N13_3OUTSIDE,core,ALLINF|SWH,2,0,1725,-282.1137970816344
C:N13_3OUTSIDE,core,ALLINF|SWH,2,1,663,-118.313823765493
C:N13_3OUTSIDE,core,ALLINF|SWH,2,2,637,-36.59813063533511
C:N13_3OUTSIDE,core,ALLINF|SWH,2,3,4,0.9773103669285774
C:N13_3OUTSIDE,core,ALLINF|SWH,3,0,899,-156.5365265357541
C:N13_3OUTSIDE,core,ALLINF|SWH,3,1,434,-70.08048913511448
C:N13_3OUTSIDE,core,ALLINF|SWH,3,2,200,-8.154280359158292
C:N13_3OUTSIDE,core,ALLINF|SWH,3,3,122,-4.9713333011604846
C:N13_3OUTSIDE,core,ALL|FC,0,0,3799,-649.9957239868527
C:N13_3OUTSIDE,core,ALL|FC,0,1,1406,-180.47467798931757
C:N13_3OUTSIDE,core,ALL|FC,0,2,363,-41.36055587697774
C:N13_3OUTSIDE,core,ALL|FC,0,3,20,-2.652512039989233
C:N13_3OUTSIDE,core,ALL|FC,1,0,1487,-298.2226551884669
C:N13_3OUTSIDE,core,ALL|FC,1,1,1101,-183.1884937841678
C:N13_3OUTSIDE,core,ALL|FC,1,2,259,-14.206610983703285
C:N13_3OUTSIDE,core,ALL|FC,1,3,7,0.32896342128515244
C:N13_3OUTSIDE,core,ALL|FC,2,0,1024,-169.894790969498
C:N13_3OUTSIDE,core,ALL|FC,2,1,374,-42.975701773539186
C:N13_3OUTSIDE,core,ALL|FC,2,2,333,-31.696977119892836
C:N13_3OUTSIDE,core,ALL|FC,2,3,6,-1.1765403151512146
C:N13_3OUTSIDE,core,ALL|FC,3,0,189,-56.4732863252284
C:N13_3OUTSIDE,core,ALL|FC,3,1,98,-21.088580342940986
C:N13_3OUTSIDE,core,ALL|FC,3,2,38,-2.8367989808321
C:N13_3OUTSIDE,core,ALL|FC,3,3,2,0.2724376767873764
C:N13_3OUTSIDE,core,ALL|LTF,0,0,3742,-638.4990657510643
C:N13_3OUTSIDE,core,ALL|LTF,0,1,1364,-173.78396195737878
C:N13_3OUTSIDE,core,ALL|LTF,0,2,339,-33.98653505835682
C:N13_3OUTSIDE,core,ALL|LTF,0,3,20,-2.652512039989233
C:N13_3OUTSIDE,core,ALL|LTF,1,0,1520,-308.1722540279734
C:N13_3OUTSIDE,core,ALL|LTF,1,1,1102,-181.77943721751217
C:N13_3OUTSIDE,core,ALL|LTF,1,2,243,-16.80325754592195
C:N13_3OUTSIDE,core,ALL|LTF,1,3,7,0.32896342128515244
C:N13_3OUTSIDE,core,ALL|LTF,2,0,1091,-180.9751145967166
C:N13_3OUTSIDE,core,ALL|LTF,2,1,402,-58.573133097961545
C:N13_3OUTSIDE,core,ALL|LTF,2,2,335,-32.21700368449092
C:N13_3OUTSIDE,core,ALL|LTF,2,3,5,-0.10555130243301392
C:N13_3OUTSIDE,core,ALL|LTF,3,0,203,-59.16004162479658
C:N13_3OUTSIDE,core,ALL|LTF,3,1,109,-22.80896637868136
C:N13_3OUTSIDE,core,ALL|LTF,3,2,41,-3.1477624475955963
C:N13_3OUTSIDE,core,ALL|LTF,3,3,2,0.2724376767873764
C:N13_3OUTSIDE,core,ALL|SW,0,0,2188,-343.2922672922141
C:N13_3OUTSIDE,core,ALL|SW,0,1,474,-69.34633033507271
C:N13_3OUTSIDE,core,ALL|SW,0,2,94,-19.695526853203773
C:N13_3OUTSIDE,core,ALL|SW,0,3,4,-1.5357902646064758
C:N13_3OUTSIDE,core,ALL|SW,1,0,122,-25.798742247046903
C:N13_3OUTSIDE,core,ALL|SW,1,1,852,-119.91060532815754
C:N13_3OUTSIDE,core,ALL|SW,1,2,98,13.06939022615552
C:N13_3OUTSIDE,core,ALL|SW,1,3,2,-0.9208333343267441
C:N13_3OUTSIDE,core,ALL|SW,2,0,71,-11.496749148704112
C:N13_3OUTSIDE,core,ALL|SW,2,1,33,-6.676133114844561
C:N13_3OUTSIDE,core,ALL|SW,2,2,282,-9.37369751301594
C:N13_3OUTSIDE,core,ALL|SW,2,3,2,-0.9847146570682526
C:N13_3OUTSIDE,core,ALL|SW,3,0,1,0.2231890708208084
C:N13_3OUTSIDE,core,ALL|SW,3,1,1,0.4258711040019989
C:N13_3OUTSIDE,core,ALL|SW,3,2,4,0.1675759255886078
C:N13_3OUTSIDE,core,ALL|SW,3,3,4,-0.5139997601509094
C:N13_3OUTSIDE,core,ALL|SWH,0,0,3007,-405.89533267761
C:N13_3OUTSIDE,core,ALL|SWH,0,1,219,-35.73879001400201
C:N13_3OUTSIDE,core,ALL|SWH,0,2,34,2.5843546632677317
C:N13_3OUTSIDE,core,ALL|SWH,0,3,3,-0.48323243856430054
C:N13_3OUTSIDE,core,ALL|SWH,1,0,1871,-473.93791615235386
C:N13_3OUTSIDE,core,ALL|SWH,1,1,1441,-227.90272529853974
C:N13_3OUTSIDE,core,ALL|SWH,1,2,59,-0.8857433907687664
C:N13_3OUTSIDE,core,ALL|SWH,1,3,1,-1.0579215288162231
C:N13_3OUTSIDE,core,ALL|SWH,2,0,1632,-287.22964548057644
C:N13_3OUTSIDE,core,ALL|SWH,2,1,613,-99.48639217857271
C:N13_3OUTSIDE,core,ALL|SWH,2,2,483,-28.8829766002018
C:N13_3OUTSIDE,core,ALL|SWH,2,3,1,0.37711799144744873
C:N13_3OUTSIDE,core,ALL|SWH,3,0,271,-53.573360430891626
C:N13_3OUTSIDE,core,ALL|SWH,3,1,126,-26.12536325585097
C:N13_3OUTSIDE,core,ALL|SWH,3,2,53,-6.9021796733140945
C:N13_3OUTSIDE,core,ALL|SWH,3,3,5,-0.4277254045009613
C:N13_3OUTSIDE,core,A|FC,0,0,4252,-756.553576979757
C:N13_3OUTSIDE,core,A|FC,0,1,1574,-216.55489253724227
C:N13_3OUTSIDE,core,A|FC,1,0,1698,-323.49746912712
C:N13_3OUTSIDE,core,A|FC,1,1,1191,-186.18775404582266
C:N13_3OUTSIDE,core,A|LTF,0,0,4231,-753.9599477015145
C:N13_3OUTSIDE,core,A|LTF,0,1,1532,-213.37461719015846
C:N13_3OUTSIDE,core,A|LTF,1,0,1750,-336.49151732580503
C:N13_3OUTSIDE,core,A|LTF,1,1,1200,-185.54652346263174
C:N13_3OUTSIDE,core,A|SW,0,0,2203,-347.1438297028071
C:N13_3OUTSIDE,core,A|SW,0,1,482,-71.73049957462354
C:N13_3OUTSIDE,core,A|SW,1,0,129,-29.445972216548398
C:N13_3OUTSIDE,core,A|SW,1,1,852,-118.42793156392872
C:N13_3OUTSIDE,core,A|SWH,0,0,3580,-547.1473751030571
C:N13_3OUTSIDE,core,A|SWH,0,1,264,-49.53369546419708
C:N13_3OUTSIDE,core,A|SWH,1,0,2517,-574.3509270895156
C:N13_3OUTSIDE,core,A|SWH,1,1,1726,-253.95215894898865
C:N13_3OUTSIDE,core,HI|FC,2,2,515,-36.53225414943881
C:N13_3OUTSIDE,core,HI|FC,2,3,8,-2.115142174065113
C:N13_3OUTSIDE,core,HI|FC,3,2,44,-3.510711580514908
C:N13_3OUTSIDE,core,HI|FC,3,3,6,-0.1975218951702118
C:N13_3OUTSIDE,core,HI|LTF,2,2,514,-36.76939192903228
C:N13_3OUTSIDE,core,HI|LTF,2,3,7,-1.0441531613469124
C:N13_3OUTSIDE,core,HI|LTF,3,2,47,-3.8216750472784042
C:N13_3OUTSIDE,core,HI|LTF,3,3,6,-0.1975218951702118
C:N13_3OUTSIDE,core,HI|SW,2,2,314,-12.863153044367209
C:N13_3OUTSIDE,core,HI|SW,2,3,3,-0.6075966656208038
C:N13_3OUTSIDE,core,HI|SW,3,2,3,-0.15062201023101807
C:N13_3OUTSIDE,core,HI|SW,3,3,4,-0.5139997601509094
C:N13_3OUTSIDE,core,HI|SWH,2,2,511,-35.580274616600946
C:N13_3OUTSIDE,core,HI|SWH,2,3,1,0.37711799144744873
C:N13_3OUTSIDE,core,HI|SWH,3,2,53,-6.9021796733140945
C:N13_3OUTSIDE,core,HI|SWH,3,3,6,-0.1975218951702118
C:N13_3OUTSIDE,core,T15|FC,0,0,5010,-899.8730933295155
C:N13_3OUTSIDE,core,T1h|FC,2,2,526,-37.788446572842076
C:N13_3OUTSIDE,core,T30|FC,1,1,1833,-254.87070935184602
C:N13_3OUTSIDE,core,T4h|FC,3,3,6,-0.1975218951702118
C:N14_ICHI_RSI,core,ALLINF|FC,2,2,1,0.27334290742874146
C:N14_ICHI_RSI,core,ALLINF|FC,3,3,1,0.178250253200531
C:N14_ICHI_RSI,core,ALLINF|SWH,2,2,1,0.27334290742874146
C:N14_ICHI_RSI,core,ALLINF|SWH,3,3,1,0.178250253200531
C:N14_ICHI_RSI,core,ALL|FC,3,3,1,0.178250253200531
C:N14_ICHI_RSI,core,ALL|LTF,3,3,1,0.178250253200531
C:N14_ICHI_RSI,core,ALL|SW,3,3,1,0.178250253200531
C:N14_ICHI_RSI,core,ALL|SWH,3,3,1,0.178250253200531
C:N14_ICHI_RSI,core,HI|FC,3,3,1,0.178250253200531
C:N14_ICHI_RSI,core,HI|LTF,3,3,1,0.178250253200531
C:N14_ICHI_RSI,core,HI|SW,3,3,1,0.178250253200531
C:N14_ICHI_RSI,core,HI|SWH,3,3,1,0.178250253200531
C:N14_ICHI_RSI,core,T4h|FC,3,3,1,0.178250253200531
C:N15_KC_AO,core,ALLINF|FC,0,0,18,-3.76190502056852
C:N15_KC_AO,core,ALLINF|FC,0,1,14,1.6195916831493378
C:N15_KC_AO,core,ALLINF|FC,1,1,9,-2.5682260617613792
C:N15_KC_AO,core,ALLINF|FC,1,2,6,2.8074133098125458
C:N15_KC_AO,core,ALLINF|FC,2,2,4,0.4237598516047001
C:N15_KC_AO,core,ALLINF|SWH,0,0,18,-3.76190502056852
C:N15_KC_AO,core,ALLINF|SWH,0,1,7,0.6049111038446426
C:N15_KC_AO,core,ALLINF|SWH,1,1,10,-2.239672563970089
C:N15_KC_AO,core,ALLINF|SWH,1,2,1,0.359303742647171
C:N15_KC_AO,core,ALLINF|SWH,2,2,5,0.7572553493082523
C:N15_KC_AO,core,ALL|FC,0,0,18,-3.76190502056852
C:N15_KC_AO,core,ALL|FC,0,1,13,1.4750657826662064
C:N15_KC_AO,core,ALL|FC,1,1,4,-0.10748349130153656
C:N15_KC_AO,core,ALL|FC,1,2,5,2.4819726645946503
C:N15_KC_AO,core,ALL|FC,2,2,2,0.14804043248295784
C:N15_KC_AO,core,ALL|LTF,0,0,18,-3.76190502056852
C:N15_KC_AO,core,ALL|LTF,0,1,13,1.4750657826662064
C:N15_KC_AO,core,ALL|LTF,1,1,4,-0.10748349130153656
C:N15_KC_AO,core,ALL|LTF,1,2,5,2.4819726645946503
C:N15_KC_AO,core,ALL|LTF,2,2,2,0.14804043248295784
C:N15_KC_AO,core,ALL|SW,0,0,17,-3.9713133932091296
C:N15_KC_AO,core,ALL|SW,0,1,7,0.6049111038446426
C:N15_KC_AO,core,ALL|SW,1,1,4,1.4858541041612625
C:N15_KC_AO,core,ALL|SW,1,2,1,0.359303742647171
C:N15_KC_AO,core,ALL|SW,2,2,3,0.4815359301865101
C:N15_KC_AO,core,ALL|SWH,0,0,18,-3.76190502056852
C:N15_KC_AO,core,ALL|SWH,0,1,7,0.6049111038446426
C:N15_KC_AO,core,ALL|SWH,1,1,5,0.22107000648975372
C:N15_KC_AO,core,ALL|SWH,1,2,1,0.359303742647171
C:N15_KC_AO,core,ALL|SWH,2,2,3,0.4815359301865101
C:N15_KC_AO,core,A|FC,0,0,18,-3.76190502056852
C:N15_KC_AO,core,A|FC,0,1,13,1.4750657826662064
C:N15_KC_AO,core,A|FC,1,1,4,-0.10748349130153656
C:N15_KC_AO,core,A|LTF,0,0,18,-3.76190502056852
C:N15_KC_AO,core,A|LTF,0,1,13,1.4750657826662064
C:N15_KC_AO,core,A|LTF,1,1,4,-0.10748349130153656
C:N15_KC_AO,core,A|SW,0,0,17,-3.9713133932091296
C:N15_KC_AO,core,A|SW,0,1,7,0.6049111038446426
C:N15_KC_AO,core,A|SW,1,1,4,1.4858541041612625
C:N15_KC_AO,core,A|SWH,0,0,18,-3.76190502056852
C:N15_KC_AO,core,A|SWH,0,1,7,0.6049111038446426
C:N15_KC_AO,core,A|SWH,1,1,5,0.22107000648975372
C:N15_KC_AO,core,HI|FC,2,2,3,0.4815359301865101
C:N15_KC_AO,core,HI|LTF,2,2,3,0.4815359301865101
C:N15_KC_AO,core,HI|SW,2,2,3,0.4815359301865101
C:N15_KC_AO,core,HI|SWH,2,2,3,0.4815359301865101
C:N15_KC_AO,core,T15|FC,0,0,18,-3.76190502056852
C:N15_KC_AO,core,T1h|FC,2,2,3,0.4815359301865101
C:N15_KC_AO,core,T30|FC,1,1,7,0.9486536830663681
C:N16_BBRSI,core,ALLINF|FC,0,0,4060,-694.1054471120297
C:N16_BBRSI,core,ALLINF|FC,0,1,2056,-259.0451338699204
C:N16_BBRSI,core,ALLINF|FC,0,2,693,-43.34942110616248
C:N16_BBRSI,core,ALLINF|FC,0,3,180,-10.730576567118987
C:N16_BBRSI,core,ALLINF|FC,1,0,1501,-334.2402958823368
C:N16_BBRSI,core,ALLINF|FC,1,1,1309,-118.49793902887177
C:N16_BBRSI,core,ALLINF|FC,1,2,590,-65.64546553883702
C:N16_BBRSI,core,ALLINF|FC,1,3,109,6.106547760777175
C:N16_BBRSI,core,ALLINF|FC,2,0,1456,-301.3893198329897
C:N16_BBRSI,core,ALLINF|FC,2,1,659,-58.49939429090591
C:N16_BBRSI,core,ALLINF|FC,2,2,735,-72.4955282045994
C:N16_BBRSI,core,ALLINF|FC,2,3,121,-11.48002455662936
C:N16_BBRSI,core,ALLINF|FC,3,0,729,-147.57967450423166
C:N16_BBRSI,core,ALLINF|FC,3,1,360,-44.548862260300666
C:N16_BBRSI,core,ALLINF|FC,3,2,190,-27.711329308804125
C:N16_BBRSI,core,ALLINF|FC,3,3,128,-7.2078842064365745
C:N16_BBRSI,core,ALLINF|SWH,0,0,2946,-487.96886335816816
C:N16_BBRSI,core,ALLINF|SWH,0,1,317,-55.335483056958765
C:N16_BBRSI,core,ALLINF|SWH,0,2,40,-2.5927728414535522
C:N16_BBRSI,core,ALLINF|SWH,0,3,4,0.809479720890522
C:N16_BBRSI,core,ALLINF|SWH,1,0,1807,-363.5870096096769
C:N16_BBRSI,core,ALLINF|SWH,1,1,1678,-124.15321979168948
C:N16_BBRSI,core,ALLINF|SWH,1,2,127,-23.504533694125712
C:N16_BBRSI,core,ALLINF|SWH,1,3,5,0.9127248665317893
C:N16_BBRSI,core,ALLINF|SWH,2,0,2066,-420.521807262121
C:N16_BBRSI,core,ALLINF|SWH,2,1,1057,-120.50397824385436
C:N16_BBRSI,core,ALLINF|SWH,2,2,1062,-107.64423136750702
C:N16_BBRSI,core,ALLINF|SWH,2,3,9,0.015312254428863525
C:N16_BBRSI,core,ALLINF|SWH,3,0,1374,-281.6132189906202
C:N16_BBRSI,core,ALLINF|SWH,3,1,712,-119.13434889819473
C:N16_BBRSI,core,ALLINF|SWH,3,2,379,-33.712506456300616
C:N16_BBRSI,core,ALLINF|SWH,3,3,226,-9.367619612952694
C:N16_BBRSI,core,ALL|FC,0,0,4093,-715.5068977744377
C:N16_BBRSI,core,ALL|FC,0,1,1951,-288.4803100748104
C:N16_BBRSI,core,ALL|FC,0,2,568,-44.34930440958124
C:N16_BBRSI,core,ALL|FC,0,3,33,-6.512299224734306
C:N16_BBRSI,core,ALL|FC,1,0,1501,-350.4332052236423
C:N16_BBRSI,core,ALL|FC,1,1,1187,-113.86589702996571
C:N16_BBRSI,core,ALL|FC,1,2,472,-59.8048006426543
C:N16_BBRSI,core,ALL|FC,1,3,29,4.331277089193463
C:N16_BBRSI,core,ALL|FC,2,0,1319,-278.89516147688846
C:N16_BBRSI,core,ALL|FC,2,1,553,-47.15979384054663
C:N16_BBRSI,core,ALL|FC,2,2,472,-57.147756431717426
C:N16_BBRSI,core,ALL|FC,2,3,24,-2.782442405819893
C:N16_BBRSI,core,ALL|FC,3,0,222,-65.06697614863515
C:N16_BBRSI,core,ALL|FC,3,1,117,-13.88336722040549
C:N16_BBRSI,core,ALL|FC,3,2,60,-13.528477259445935
C:N16_BBRSI,core,ALL|FC,3,3,2,-0.8857792168855667
C:N16_BBRSI,core,ALL|LTF,0,0,3974,-689.7059620832151
C:N16_BBRSI,core,ALL|LTF,0,1,1817,-282.94443576113554
C:N16_BBRSI,core,ALL|LTF,0,2,513,-39.77592966880184
C:N16_BBRSI,core,ALL|LTF,0,3,29,-4.875627279281616
C:N16_BBRSI,core,ALL|LTF,1,0,1651,-379.9062946578488
C:N16_BBRSI,core,ALL|LTF,1,1,1217,-112.80411611693125
C:N16_BBRSI,core,ALL|LTF,1,2,454,-58.27701413538307
C:N16_BBRSI,core,ALL|LTF,1,3,30,2.257190214470029
C:N16_BBRSI,core,ALL|LTF,2,0,1400,-286.9125322115433
C:N16_BBRSI,core,ALL|LTF,2,1,615,-50.39508190826746
C:N16_BBRSI,core,ALL|LTF,2,2,487,-59.773119260091335
C:N16_BBRSI,core,ALL|LTF,2,3,21,-3.518220439553261
C:N16_BBRSI,core,ALL|LTF,3,0,227,-65.4670555125922
C:N16_BBRSI,core,ALL|LTF,3,1,126,-20.889855454210192
C:N16_BBRSI,core,ALL|LTF,3,2,62,-12.79429165320471
C:N16_BBRSI,core,ALL|LTF,3,3,3,-1.9358843117952347
C:N16_BBRSI,core,ALL|SW,0,0,2473,-397.3233166154823
C:N16_BBRSI,core,ALL|SW,0,1,651,-99.91859657759778
C:N16_BBRSI,core,ALL|SW,0,2,108,-13.752857277402654
C:N16_BBRSI,core,ALL|SW,0,3,6,-1.113810047507286
C:N16_BBRSI,core,ALL|SW,1,0,159,-14.480052025988698
C:N16_BBRSI,core,ALL|SW,1,1,1051,-104.56988139343594
C:N16_BBRSI,core,ALL|SW,1,2,169,-25.6475189817138
C:N16_BBRSI,core,ALL|SW,1,3,3,1.2193893939256668
C:N16_BBRSI,core,ALL|SW,2,0,86,-26.87533945031464
C:N16_BBRSI,core,ALL|SW,2,1,52,-5.116420865058899
C:N16_BBRSI,core,ALL|SW,2,2,417,-51.02172805729788
C:N16_BBRSI,core,ALL|SW,2,3,5,0.11278906464576721
C:N16_BBRSI,core,ALL|SW,3,0,16,-5.665193405002356
C:N16_BBRSI,core,ALL|SW,3,1,9,1.1305987536907196
C:N16_BBRSI,core,ALL|SW,3,2,10,-4.580499116331339
C:N16_BBRSI,core,ALL|SW,3,3,7,-1.0725314021110535
C:N16_BBRSI,core,ALL|SWH,0,0,3114,-538.8179252053669
C:N16_BBRSI,core,ALL|SWH,0,1,333,-63.95117471460253
C:N16_BBRSI,core,ALL|SWH,0,2,36,-1.8382342010736465
C:N16_BBRSI,core,ALL|SWH,0,3,1,0.39970412850379944
C:N16_BBRSI,core,ALL|SWH,1,0,1898,-406.0633756974712
C:N16_BBRSI,core,ALL|SWH,1,1,1586,-164.31932318941836
C:N16_BBRSI,core,ALL|SWH,1,2,114,-26.10279095824808
C:N16_BBRSI,core,ALL|SWH,1,3,2,-0.9112493246793747
C:N16_BBRSI,core,ALL|SWH,2,0,2067,-409.93703522279975
C:N16_BBRSI,core,ALL|SWH,2,1,991,-130.87842496862868
C:N16_BBRSI,core,ALL|SWH,2,2,758,-74.37747595866676
C:N16_BBRSI,core,ALL|SWH,2,3,7,-1.5033058822154999
C:N16_BBRSI,core,ALL|SWH,3,0,412,-126.70117006264627
C:N16_BBRSI,core,ALL|SWH,3,1,220,-38.34999434882775
C:N16_BBRSI,core,ALL|SWH,3,2,108,-18.151738030370325
C:N16_BBRSI,core,ALL|SWH,3,3,13,-1.7523818463087082
C:N16_BBRSI,core,A|FC,0,0,4662,-866.5739815546258
C:N16_BBRSI,core,A|FC,0,1,2209,-304.93502588180127
C:N16_BBRSI,core,A|FC,1,0,1749,-398.7403944360558
C:N16_BBRSI,core,A|FC,1,1,1316,-133.0678347602152
C:N16_BBRSI,core,A|LTF,0,0,4567,-845.8358901491447
C:N16_BBRSI,core,A|LTF,0,1,2071,-303.7438708486152
C:N16_BBRSI,core,A|LTF,1,0,1937,-428.64225048874505
C:N16_BBRSI,core,A|LTF,1,1,1374,-133.23780220087065
C:N16_BBRSI,core,A|SW,0,0,2508,-405.44250730838394
C:N16_BBRSI,core,A|SW,0,1,682,-111.42005154187791
C:N16_BBRSI,core,A|SW,1,0,164,-18.628039941191673
C:N16_BBRSI,core,A|SW,1,1,1055,-102.99254409116838
C:N16_BBRSI,core,A|SWH,0,0,3814,-685.7844122074603
C:N16_BBRSI,core,A|SWH,0,1,389,-74.94299293635413
C:N16_BBRSI,core,A|SWH,1,0,2823,-632.0715880875941
C:N16_BBRSI,core,A|SWH,1,1,2108,-232.72035281398712
C:N16_BBRSI,core,HI|FC,2,2,839,-73.37049177323934
C:N16_BBRSI,core,HI|FC,2,3,35,-4.465361461043358
C:N16_BBRSI,core,HI|FC,3,2,88,-15.526973394211382
C:N16_BBRSI,core,HI|FC,3,3,12,-3.185684397816658
C:N16_BBRSI,core,HI|LTF,2,2,837,-74.47893756662961
C:N16_BBRSI,core,HI|LTF,2,3,31,-4.405940845608711
C:N16_BBRSI,core,HI|LTF,3,2,96,-13.933172983583063
C:N16_BBRSI,core,HI|LTF,3,3,12,-3.185684397816658
C:N16_BBRSI,core,HI|SW,2,2,482,-55.440677430829965
C:N16_BBRSI,core,HI|SW,2,3,8,-0.5782142877578735
C:N16_BBRSI,core,HI|SW,3,2,15,-3.3268632628023624
C:N16_BBRSI,core,HI|SW,3,3,9,-1.935095563530922
C:N16_BBRSI,core,HI|SWH,2,2,823,-72.64418497716542
C:N16_BBRSI,core,HI|SWH,2,3,7,-1.5033058822154999
C:N16_BBRSI,core,HI|SWH,3,2,109,-18.05532328551635
C:N16_BBRSI,core,HI|SWH,3,3,14,-2.80823116004467
C:N16_BBRSI,core,T15|FC,0,0,5414,-1048.614834443346
C:N16_BBRSI,core,T1h|FC,2,2,861,-83.28794204897713
C:N16_BBRSI,core,T30|FC,1,1,2296,-265.1255431700629
C:N16_BBRSI,core,T4h|FC,3,3,14,-2.80823116004467
C:N17_KC_RSI,core,ALLINF|FC,0,0,100563,-15952.377415918018
C:N17_KC_RSI,core,ALLINF|FC,0,1,54821,-7200.761973068416
C:N17_KC_RSI,core,ALLINF|FC,0,2,24037,-2585.3104877615297
C:N17_KC_RSI,core,ALLINF|FC,0,3,4302,-249.7669812218519
C:N17_KC_RSI,core,ALLINF|FC,1,0,7515,-939.0325947786041
C:N17_KC_RSI,core,ALLINF|FC,1,1,8980,-817.073027047285
C:N17_KC_RSI,core,ALLINF|FC,1,2,7606,-656.4339311519916
C:N17_KC_RSI,core,ALLINF|FC,1,3,1512,-65.90501641840092
C:N17_KC_RSI,core,ALLINF|FC,2,0,6460,-763.3327989951649
C:N17_KC_RSI,core,ALLINF|FC,2,1,3680,-266.4946316310379
C:N17_KC_RSI,core,ALLINF|FC,2,2,4829,-360.68301303184853
C:N17_KC_RSI,core,ALLINF|FC,2,3,1990,-97.15141842115554
C:N17_KC_RSI,core,ALLINF|FC,3,0,8972,-1029.7324900402527
C:N17_KC_RSI,core,ALLINF|FC,3,1,3714,-191.40566284882516
C:N17_KC_RSI,core,ALLINF|FC,3,2,2062,-58.063823714077444
C:N17_KC_RSI,core,ALLINF|FC,3,3,2346,-27.46691529880627
C:N17_KC_RSI,core,ALLINF|SWH,0,0,16913,-2927.0139829943946
C:N17_KC_RSI,core,ALLINF|SWH,0,1,1922,-243.92206467536744
C:N17_KC_RSI,core,ALLINF|SWH,0,2,658,-84.30239155277377
C:N17_KC_RSI,core,ALLINF|SWH,0,3,84,-6.901796539314091
C:N17_KC_RSI,core,ALLINF|SWH,1,0,28225,-4322.796458815006
C:N17_KC_RSI,core,ALLINF|SWH,1,1,11049,-1151.206013968127
C:N17_KC_RSI,core,ALLINF|SWH,1,2,1319,-92.94227805105038
C:N17_KC_RSI,core,ALLINF|SWH,1,3,119,-9.801783642004011
C:N17_KC_RSI,core,ALLINF|SWH,2,0,44335,-6425.515188237817
C:N17_KC_RSI,core,ALLINF|SWH,2,1,31218,-3826.7379240422306
C:N17_KC_RSI,core,ALLINF|SWH,2,2,15500,-1544.549948840614
C:N17_KC_RSI,core,ALLINF|SWH,2,3,498,-48.94831820810214
C:N17_KC_RSI,core,ALLINF|SWH,3,0,39228,-5872.755123115976
C:N17_KC_RSI,core,ALLINF|SWH,3,1,25176,-2992.1287029939267
C:N17_KC_RSI,core,ALLINF|SWH,3,2,18468,-1759.964708358897
C:N17_KC_RSI,core,ALLINF|SWH,3,3,7998,-310.9294282924966
C:N17_KC_RSI,core,ALL|FC,0,0,101651,-16817.308772826596
C:N17_KC_RSI,core,ALL|FC,0,1,50776,-7241.96505576685
C:N17_KC_RSI,core,ALL|FC,0,2,17966,-2410.084625544492
C:N17_KC_RSI,core,ALL|FC,0,3,700,-127.31810044730082
C:N17_KC_RSI,core,ALL|FC,1,0,7302,-804.574231566774
C:N17_KC_RSI,core,ALL|FC,1,1,7997,-726.3472079941421
C:N17_KC_RSI,core,ALL|FC,1,2,5372,-549.1745987139775
C:N17_KC_RSI,core,ALL|FC,1,3,248,-26.20362999755889
C:N17_KC_RSI,core,ALL|FC,2,0,5326,-595.9879771352571
C:N17_KC_RSI,core,ALL|FC,2,1,2812,-221.33216871958575
C:N17_KC_RSI,core,ALL|FC,2,2,3056,-292.6158417155202
C:N17_KC_RSI,core,ALL|FC,2,3,273,-47.43156001600437
C:N17_KC_RSI,core,ALL|FC,3,0,2472,-408.65761792252306
C:N17_KC_RSI,core,ALL|FC,3,1,983,-101.17163632810116
C:N17_KC_RSI,core,ALL|FC,3,2,436,-23.237686775624752
C:N17_KC_RSI,core,ALL|FC,3,3,205,-14.850994911044836
C:N17_KC_RSI,core,ALL|LTF,0,0,56917,-9745.16404651386
C:N17_KC_RSI,core,ALL|LTF,0,1,22816,-3243.490112112544
C:N17_KC_RSI,core,ALL|LTF,0,2,7914,-1066.4599442462204
C:N17_KC_RSI,core,ALL|LTF,0,3,327,-52.93189649749547
C:N17_KC_RSI,core,ALL|LTF,1,0,34484,-5492.86610532947
C:N17_KC_RSI,core,ALL|LTF,1,1,19282,-2462.665596010076
C:N17_KC_RSI,core,ALL|LTF,1,2,6981,-757.8500884100213
C:N17_KC_RSI,core,ALL|LTF,1,3,287,-19.72900519100949
C:N17_KC_RSI,core,ALL|LTF,2,0,24827,-3391.394401320702
C:N17_KC_RSI,core,ALL|LTF,2,1,16842,-2135.357513772571
C:N17_KC_RSI,core,ALL|LTF,2,2,9558,-1159.409842255439
C:N17_KC_RSI,core,ALL|LTF,2,3,407,-80.97194167017005
C:N17_KC_RSI,core,ALL|LTF,3,0,4239,-648.9793382526841
C:N17_KC_RSI,core,ALL|LTF,3,1,2225,-274.6525322737871
C:N17_KC_RSI,core,ALL|LTF,3,2,1333,-159.72439220617525
C:N17_KC_RSI,core,ALL|LTF,3,3,344,-51.98246267717332
C:N17_KC_RSI,core,ALL|SW,0,0,81744,-12683.092062657131
C:N17_KC_RSI,core,ALL|SW,0,1,40034,-5418.244559763232
C:N17_KC_RSI,core,ALL|SW,0,2,10840,-1386.7921218365664
C:N17_KC_RSI,core,ALL|SW,0,3,331,-55.11936712497845
C:N17_KC_RSI,core,ALL|SW,1,0,5635,-637.0491162903636
C:N17_KC_RSI,core,ALL|SW,1,1,13023,-1514.1062370650325
C:N17_KC_RSI,core,ALL|SW,1,2,7636,-971.7819535477902
C:N17_KC_RSI,core,ALL|SW,1,3,182,-32.719359528273344
C:N17_KC_RSI,core,ALL|SW,2,0,1446,-168.7731827213429
C:N17_KC_RSI,core,ALL|SW,2,1,2480,-312.79177867411636
C:N17_KC_RSI,core,ALL|SW,2,2,5058,-559.392735734903
C:N17_KC_RSI,core,ALL|SW,2,3,322,-46.181709663011134
C:N17_KC_RSI,core,ALL|SW,3,0,249,-53.58919485285878
C:N17_KC_RSI,core,ALL|SW,3,1,230,-16.200628244085237
C:N17_KC_RSI,core,ALL|SW,3,2,256,-27.794686186593026
C:N17_KC_RSI,core,ALL|SW,3,3,212,-24.97600454557687
C:N17_KC_RSI,core,ALL|SWH,0,0,22387,-3452.8651489235635
C:N17_KC_RSI,core,ALL|SWH,0,1,2341,-297.1924324389547
C:N17_KC_RSI,core,ALL|SWH,0,2,644,-81.94987336517079
C:N17_KC_RSI,core,ALL|SWH,0,3,19,-10.304421663284302
C:N17_KC_RSI,core,ALL|SWH,1,0,35497,-5250.034949064211
C:N17_KC_RSI,core,ALL|SWH,1,1,13816,-1231.0329099052178
C:N17_KC_RSI,core,ALL|SWH,1,2,1421,-98.11596935382113
C:N17_KC_RSI,core,ALL|SWH,1,3,42,-1.765705432742834
C:N17_KC_RSI,core,ALL|SWH,2,0,51851,-8438.064586523513
C:N17_KC_RSI,core,ALL|SWH,2,1,36364,-5069.98974467309
C:N17_KC_RSI,core,ALL|SWH,2,2,17200,-1924.2122099355047
C:N17_KC_RSI,core,ALL|SWH,2,3,206,-49.57108292076737
C:N17_KC_RSI,core,ALL|SWH,3,0,11730,-2346.8814288350404
C:N17_KC_RSI,core,ALL|SWH,3,1,7671,-1384.1643334734254
C:N17_KC_RSI,core,ALL|SWH,3,2,5085,-938.5085725191748
C:N17_KC_RSI,core,ALL|SWH,3,3,853,-108.01407969836146
C:N17_KC_RSI,core,A|FC,0,0,107381,-17586.018797987315
C:N17_KC_RSI,core,A|FC,0,1,53243,-7336.7463456897385
C:N17_KC_RSI,core,A|FC,1,0,8188,-879.8882670966268
C:N17_KC_RSI,core,A|FC,1,1,8998,-901.9272706188785
C:N17_KC_RSI,core,A|LTF,0,0,62638,-10685.98995300666
C:N17_KC_RSI,core,A|LTF,0,1,24711,-3281.2828348244802
C:N17_KC_RSI,core,A|LTF,1,0,56821,-8433.746610917908
C:N17_KC_RSI,core,A|LTF,1,1,34431,-4560.99034150262
C:N17_KC_RSI,core,A|SW,0,0,82960,-12868.540178061274
C:N17_KC_RSI,core,A|SW,0,1,41221,-5575.513221843168
C:N17_KC_RSI,core,A|SW,1,0,5977,-646.3857657871267
C:N17_KC_RSI,core,A|SW,1,1,14212,-1647.741024950854
C:N17_KC_RSI,core,A|SWH,0,0,27542,-4383.051488291792
C:N17_KC_RSI,core,A|SWH,0,1,3534,-580.2053533870494
C:N17_KC_RSI,core,A|SWH,1,0,92445,-14834.738298396886
C:N17_KC_RSI,core,A|SWH,1,1,53368,-6973.466886230031
C:N17_KC_RSI,core,HI|FC,2,2,23122,-2857.254557483976
C:N17_KC_RSI,core,HI|FC,2,3,1118,-183.3577507857699
C:N17_KC_RSI,core,HI|FC,3,2,526,-49.73880329646636
C:N17_KC_RSI,core,HI|FC,3,3,261,-28.167989627458155
C:N17_KC_RSI,core,HI|LTF,2,2,21203,-2563.195248032601
C:N17_KC_RSI,core,HI|LTF,2,3,745,-133.28090113797225
C:N17_KC_RSI,core,HI|LTF,3,2,2647,-394.0662099047331
C:N17_KC_RSI,core,HI|LTF,3,3,510,-55.895110845100135
C:N17_KC_RSI,core,HI|SW,2,2,17714,-2135.124354520405
C:N17_KC_RSI,core,HI|SW,2,3,801,-140.39695128565654
C:N17_KC_RSI,core,HI|SW,3,2,297,-23.248300108592957
C:N17_KC_RSI,core,HI|SW,3,3,312,-41.21756800962612
C:N17_KC_RSI,core,HI|SWH,2,2,19386,-2192.1589322971713
C:N17_KC_RSI,core,HI|SWH,2,3,333,-87.00701729301363
C:N17_KC_RSI,core,HI|SWH,3,2,4538,-775.0780132067157
C:N17_KC_RSI,core,HI|SWH,3,3,801,-92.04050956992432
C:N17_KC_RSI,core,T15|FC,0,0,114187,-18333.73516583597
C:N17_KC_RSI,core,T1h|FC,2,2,23496,-2897.2312114949173
C:N17_KC_RSI,core,T30|FC,1,1,56286,-7455.347370366086
C:N17_KC_RSI,core,T4h|FC,3,3,1022,-154.65297044068575
C:N18_VWMA_MACD,core,ALLINF|FC,0,0,46609,-6739.553423737994
C:N18_VWMA_MACD,core,ALLINF|FC,0,1,18228,-1865.3126351577048
C:N18_VWMA_MACD,core,ALLINF|FC,0,2,5578,-469.2877636468911
C:N18_VWMA_MACD,core,ALLINF|FC,0,3,1744,-49.8598483967653
C:N18_VWMA_MACD,core,ALLINF|FC,1,0,17838,-3195.5803628676586
C:N18_VWMA_MACD,core,ALLINF|FC,1,1,14561,-1682.1475703531542
C:N18_VWMA_MACD,core,ALLINF|FC,1,2,6804,-594.4242918177115
C:N18_VWMA_MACD,core,ALLINF|FC,1,3,982,-49.389386539987754
C:N18_VWMA_MACD,core,ALLINF|FC,2,0,16811,-3070.676773949919
C:N18_VWMA_MACD,core,ALLINF|FC,2,1,7739,-853.1370508409673
C:N18_VWMA_MACD,core,ALLINF|FC,2,2,7300,-628.9554853815062
C:N18_VWMA_MACD,core,ALLINF|FC,2,3,1087,-47.69527876723441
C:N18_VWMA_MACD,core,ALLINF|FC,3,0,14058,-2400.574930688512
C:N18_VWMA_MACD,core,ALLINF|FC,3,1,6167,-697.2111508764465
C:N18_VWMA_MACD,core,ALLINF|FC,3,2,2669,-255.939344434737
C:N18_VWMA_MACD,core,ALLINF|FC,3,3,1634,-36.6601754915755
C:N18_VWMA_MACD,core,ALLINF|SWH,0,0,14972,-2159.150983739921
C:N18_VWMA_MACD,core,ALLINF|SWH,0,1,580,-66.23810823040549
C:N18_VWMA_MACD,core,ALLINF|SWH,0,2,140,-11.97857781779021
C:N18_VWMA_MACD,core,ALLINF|SWH,0,3,82,-3.5660596154630184
C:N18_VWMA_MACD,core,ALLINF|SWH,1,0,18601,-2683.3514825420934
C:N18_VWMA_MACD,core,ALLINF|SWH,1,1,11137,-1258.1445991610672
C:N18_VWMA_MACD,core,ALLINF|SWH,1,2,420,-55.27791323745623
C:N18_VWMA_MACD,core,ALLINF|SWH,1,3,60,-2.434654962271452
C:N18_VWMA_MACD,core,ALLINF|SWH,2,0,27663,-4969.63385527693
C:N18_VWMA_MACD,core,ALLINF|SWH,2,1,17464,-2118.5774647592334
C:N18_VWMA_MACD,core,ALLINF|SWH,2,2,11720,-1141.5722662717817
C:N18_VWMA_MACD,core,ALLINF|SWH,2,3,88,-4.61967524047941
C:N18_VWMA_MACD,core,ALLINF|SWH,3,0,36992,-6056.68115198598
C:N18_VWMA_MACD,core,ALLINF|SWH,3,1,16881,-1517.6958173203711
C:N18_VWMA_MACD,core,ALLINF|SWH,3,2,8335,-686.395880395954
C:N18_VWMA_MACD,core,ALLINF|SWH,3,3,4001,-137.28183670032013
C:N18_VWMA_MACD,core,ALL|FC,0,0,51213,-7621.118910934212
C:N18_VWMA_MACD,core,ALL|FC,0,1,18667,-1899.7559091690637
C:N18_VWMA_MACD,core,ALL|FC,0,2,4673,-497.9728120667278
C:N18_VWMA_MACD,core,ALL|FC,0,3,397,-38.55400573275983
C:N18_VWMA_MACD,core,ALL|FC,1,0,19709,-3631.9327286287516
C:N18_VWMA_MACD,core,ALL|FC,1,1,14894,-1799.0570634261967
C:N18_VWMA_MACD,core,ALL|FC,1,2,5824,-576.5323571772678
C:N18_VWMA_MACD,core,ALL|FC,1,3,199,-11.3114660193678
C:N18_VWMA_MACD,core,ALL|FC,2,0,16486,-2996.987395041433
C:N18_VWMA_MACD,core,ALL|FC,2,1,7318,-859.6394232587991
C:N18_VWMA_MACD,core,ALL|FC,2,2,5743,-554.1736982884468
C:N18_VWMA_MACD,core,ALL|FC,2,3,199,-3.7332346392795444
C:N18_VWMA_MACD,core,ALL|FC,3,0,5091,-988.2165274475701
C:N18_VWMA_MACD,core,ALL|FC,3,1,2171,-350.0534725289763
C:N18_VWMA_MACD,core,ALL|FC,3,2,898,-89.98752886755392
C:N18_VWMA_MACD,core,ALL|FC,3,3,253,-13.278184426017106
C:N18_VWMA_MACD,core,ALL|LTF,0,0,40315,-6205.08232364072
C:N18_VWMA_MACD,core,ALL|LTF,0,1,12142,-1289.0976857544083
C:N18_VWMA_MACD,core,ALL|LTF,0,2,3088,-345.13439376140013
C:N18_VWMA_MACD,core,ALL|LTF,0,3,284,-15.467630222439766
C:N18_VWMA_MACD,core,ALL|LTF,1,0,25322,-4210.024808960989
C:N18_VWMA_MACD,core,ALL|LTF,1,1,15594,-1809.3977049204877
C:N18_VWMA_MACD,core,ALL|LTF,1,2,4251,-429.1269632199401
C:N18_VWMA_MACD,core,ALL|LTF,1,3,205,-14.742632740875706
C:N18_VWMA_MACD,core,ALL|LTF,2,0,22931,-4060.4379242439973
C:N18_VWMA_MACD,core,ALL|LTF,2,1,12533,-1427.0028945833037
C:N18_VWMA_MACD,core,ALL|LTF,2,2,8055,-779.4448621813135
C:N18_VWMA_MACD,core,ALL|LTF,2,3,242,-4.491687009111047
C:N18_VWMA_MACD,core,ALL|LTF,3,0,5512,-1029.3619241509587
C:N18_VWMA_MACD,core,ALL|LTF,3,1,2497,-359.16535826474137
C:N18_VWMA_MACD,core,ALL|LTF,3,2,1053,-126.40426681615645
C:N18_VWMA_MACD,core,ALL|LTF,3,3,285,-25.707353493198752
C:N18_VWMA_MACD,core,ALL|SW,0,0,52291,-8204.018162124528
C:N18_VWMA_MACD,core,ALL|SW,0,1,13003,-1367.0663276395608
C:N18_VWMA_MACD,core,ALL|SW,0,2,2192,-230.53204994948464
C:N18_VWMA_MACD,core,ALL|SW,0,3,180,-10.587895307689905
C:N18_VWMA_MACD,core,ALL|SW,1,0,6354,-1040.9786263310816
C:N18_VWMA_MACD,core,ALL|SW,1,1,15934,-1721.594479487816
C:N18_VWMA_MACD,core,ALL|SW,1,2,4318,-376.5294854199092
C:N18_VWMA_MACD,core,ALL|SW,1,3,101,-3.4310501338914037
C:N18_VWMA_MACD,core,ALL|SW,2,0,2043,-349.15830771566834
C:N18_VWMA_MACD,core,ALL|SW,2,1,2151,-285.98980873196706
C:N18_VWMA_MACD,core,ALL|SW,2,2,5630,-581.0584820501681
C:N18_VWMA_MACD,core,ALL|SW,2,3,120,-8.628029972314835
C:N18_VWMA_MACD,core,ALL|SW,3,0,231,-31.813927641138434
C:N18_VWMA_MACD,core,ALL|SW,3,1,162,-9.229557302547619
C:N18_VWMA_MACD,core,ALL|SW,3,2,141,-7.080474963411689
C:N18_VWMA_MACD,core,ALL|SW,3,3,190,-12.385900227585807
C:N18_VWMA_MACD,core,ALL|SWH,0,0,20720,-2862.4079463576927
C:N18_VWMA_MACD,core,ALL|SWH,0,1,779,-67.85832697921433
C:N18_VWMA_MACD,core,ALL|SWH,0,2,152,-8.740999318659306
C:N18_VWMA_MACD,core,ALL|SWH,0,3,23,0.015526585280895233
C:N18_VWMA_MACD,core,ALL|SWH,1,0,26176,-3663.659768691432
C:N18_VWMA_MACD,core,ALL|SWH,1,1,14618,-1457.673685736987
C:N18_VWMA_MACD,core,ALL|SWH,1,2,530,-80.04184650012758
C:N18_VWMA_MACD,core,ALL|SWH,1,3,25,-6.392620213329792
C:N18_VWMA_MACD,core,ALL|SWH,2,0,34576,-6336.773624299658
C:N18_VWMA_MACD,core,ALL|SWH,2,1,20368,-2420.396526116856
C:N18_VWMA_MACD,core,ALL|SWH,2,2,11879,-1283.666657316884
C:N18_VWMA_MACD,core,ALL|SWH,2,3,59,-10.386410281993449
C:N18_VWMA_MACD,core,ALL|SWH,3,0,13662,-2835.715863197809
C:N18_VWMA_MACD,core,ALL|SWH,3,1,6165,-804.2171117323887
C:N18_VWMA_MACD,core,ALL|SWH,3,2,2754,-230.10139880731003
C:N18_VWMA_MACD,core,ALL|SWH,3,3,685,-35.3714370559901
C:N18_VWMA_MACD,core,A|FC,0,0,64781,-10346.075091283481
C:N18_VWMA_MACD,core,A|FC,0,1,23257,-2372.7910463735534
C:N18_VWMA_MACD,core,A|FC,1,0,25839,-4529.900944585395
C:N18_VWMA_MACD,core,A|FC,1,1,18918,-2401.460383070851
C:N18_VWMA_MACD,core,A|LTF,0,0,52914,-8532.504106047465
C:N18_VWMA_MACD,core,A|LTF,0,1,15784,-1655.8418026558575
C:N18_VWMA_MACD,core,A|LTF,1,0,39380,-6676.2509938315925
C:N18_VWMA_MACD,core,A|LTF,1,1,25084,-3008.856486475259
C:N18_VWMA_MACD,core,A|SW,0,0,53963,-8450.1266581534
C:N18_VWMA_MACD,core,A|SW,0,1,13723,-1463.311333919486
C:N18_VWMA_MACD,core,A|SW,1,0,6806,-1150.9693331363378
C:N18_VWMA_MACD,core,A|SW,1,1,16978,-1843.8964596419391
C:N18_VWMA_MACD,core,A|SWH,0,0,31931,-5007.565704965997
C:N18_VWMA_MACD,core,A|SWH,0,1,1430,-120.5451087494148
C:N18_VWMA_MACD,core,A|SWH,1,0,60955,-10291.473420635382
C:N18_VWMA_MACD,core,A|SWH,1,1,37290,-4226.027810255258
C:N18_VWMA_MACD,core,HI|FC,2,2,13239,-1443.8012149244678
C:N18_VWMA_MACD,core,HI|FC,2,3,401,-18.62891557137482
C:N18_VWMA_MACD,core,HI|FC,3,2,1814,-134.39509286428802
C:N18_VWMA_MACD,core,HI|FC,3,3,499,-36.331666653975844
C:N18_VWMA_MACD,core,HI|LTF,2,2,13017,-1422.6002928329763
C:N18_VWMA_MACD,core,HI|LTF,2,3,319,-17.836570419138297
C:N18_VWMA_MACD,core,HI|LTF,3,2,2091,-150.47736835083924
C:N18_VWMA_MACD,core,HI|LTF,3,3,544,-39.93561468180269
C:N18_VWMA_MACD,core,HI|SW,2,2,10232,-1060.6206727739118
C:N18_VWMA_MACD,core,HI|SW,2,3,193,-12.809856836684048
C:N18_VWMA_MACD,core,HI|SW,3,2,214,-30.03385336510837
C:N18_VWMA_MACD,core,HI|SW,3,3,367,-37.780922003788874
C:N18_VWMA_MACD,core,HI|SWH,2,2,12354,-1319.5492488284144
C:N18_VWMA_MACD,core,HI|SWH,2,3,56,-11.751895488239825
C:N18_VWMA_MACD,core,HI|SWH,3,2,2803,-265.8210487163742
C:N18_VWMA_MACD,core,HI|SWH,3,3,715,-44.15964997163974
C:N18_VWMA_MACD,core,T15|FC,0,0,87321,-14329.056119973433
C:N18_VWMA_MACD,core,T1h|FC,2,2,14700,-1556.852394065856
C:N18_VWMA_MACD,core,T30|FC,1,1,38528,-4343.726279914885
C:N18_VWMA_MACD,core,T4h|FC,3,3,749,-51.65545001975261
C:N19_FIB_CHOP,core,ALLINF|FC,0,0,4045,-510.9264005991281
C:N19_FIB_CHOP,core,ALLINF|FC,0,1,1408,-44.34817632113118
C:N19_FIB_CHOP,core,ALLINF|FC,0,2,356,-19.99030956882052
C:N19_FIB_CHOP,core,ALLINF|FC,0,3,76,-3.4276718040928245
C:N19_FIB_CHOP,core,ALLINF|FC,1,0,831,-154.82831149268895
C:N19_FIB_CHOP,core,ALLINF|FC,1,1,1170,-129.6692547446455
C:N19_FIB_CHOP,core,ALLINF|FC,1,2,376,-35.948317039525136
C:N19_FIB_CHOP,core,ALLINF|FC,1,3,49,0.38347241620067507
C:N19_FIB_CHOP,core,ALLINF|FC,2,0,713,-101.62391225993633
C:N19_FIB_CHOP,core,ALLINF|FC,2,1,368,-33.96996028389549
C:N19_FIB_CHOP,core,ALLINF|FC,2,2,535,-44.54058656399138
C:N19_FIB_CHOP,core,ALLINF|FC,2,3,50,5.357558650895953
C:N19_FIB_CHOP,core,ALLINF|FC,3,0,467,-112.87289053760469
C:N19_FIB_CHOP,core,ALLINF|FC,3,1,187,-39.4970514010638
C:N19_FIB_CHOP,core,ALLINF|FC,3,2,113,-6.229378277668729
C:N19_FIB_CHOP,core,ALLINF|FC,3,3,107,-10.202602110803127
C:N19_FIB_CHOP,core,ALLINF|SWH,0,0,3176,-470.3847948050243
C:N19_FIB_CHOP,core,ALLINF|SWH,0,1,273,2.500132206361741
C:N19_FIB_CHOP,core,ALLINF|SWH,0,2,39,-0.889437597244978
C:N19_FIB_CHOP,core,ALLINF|SWH,0,3,7,0.022145560011267662
C:N19_FIB_CHOP,core,ALLINF|SWH,1,0,1401,-90.15929883066565
C:N19_FIB_CHOP,core,ALLINF|SWH,1,1,1363,-91.33073800498278
C:N19_FIB_CHOP,core,ALLINF|SWH,1,2,111,-13.873894086340442
C:N19_FIB_CHOP,core,ALLINF|SWH,1,3,5,-2.7809595465660095
C:N19_FIB_CHOP,core,ALLINF|SWH,2,0,1018,-177.12984793749638
C:N19_FIB_CHOP,core,ALLINF|SWH,2,1,741,-61.3204136894783
C:N19_FIB_CHOP,core,ALLINF|SWH,2,2,735,-79.6846350459382
C:N19_FIB_CHOP,core,ALLINF|SWH,2,3,9,0.66156405210495
C:N19_FIB_CHOP,core,ALLINF|SWH,3,0,726,-174.45660157920793
C:N19_FIB_CHOP,core,ALLINF|SWH,3,1,377,-77.60469988890691
C:N19_FIB_CHOP,core,ALLINF|SWH,3,2,239,-9.745189051376656
C:N19_FIB_CHOP,core,ALLINF|SWH,3,3,160,-5.8488574284128845
C:N19_FIB_CHOP,core,ALL|FC,0,0,4034,-517.6595901251421
C:N19_FIB_CHOP,core,ALL|FC,0,1,1280,-61.430063025443815
C:N19_FIB_CHOP,core,ALL|FC,0,2,275,-18.49763324786909
C:N19_FIB_CHOP,core,ALL|FC,0,3,13,0.4165128953754902
C:N19_FIB_CHOP,core,ALL|FC,1,0,742,-155.36020357906818
C:N19_FIB_CHOP,core,ALL|FC,1,1,1047,-120.21947532355443
C:N19_FIB_CHOP,core,ALL|FC,1,2,264,-17.98490012716502
C:N19_FIB_CHOP,core,ALL|FC,1,3,11,-2.9204651936888695
C:N19_FIB_CHOP,core,ALL|FC,2,0,604,-93.27364346245304
C:N19_FIB_CHOP,core,ALL|FC,2,1,283,-38.389493706810754
C:N19_FIB_CHOP,core,ALL|FC,2,2,396,-39.44507653475739
C:N19_FIB_CHOP,core,ALL|FC,2,3,8,1.9938696175813675
C:N19_FIB_CHOP,core,ALL|FC,3,0,149,-76.52685727644712
C:N19_FIB_CHOP,core,ALL|FC,3,1,64,-10.836401768028736
C:N19_FIB_CHOP,core,ALL|FC,3,2,28,-0.9871233515441418
C:N19_FIB_CHOP,core,ALL|FC,3,3,19,-1.889493439346552
C:N19_FIB_CHOP,core,ALL|LTF,0,0,3859,-530.7499335064203
C:N19_FIB_CHOP,core,ALL|LTF,0,1,1032,-80.58033822837751
C:N19_FIB_CHOP,core,ALL|LTF,0,2,229,-23.38423417066224
C:N19_FIB_CHOP,core,ALL|LTF,0,3,13,0.4165128953754902
C:N19_FIB_CHOP,core,ALL|LTF,1,0,1010,-145.93971781758592
C:N19_FIB_CHOP,core,ALL|LTF,1,1,1126,-97.41000945282758
C:N19_FIB_CHOP,core,ALL|LTF,1,2,214,-12.858880817890167
C:N19_FIB_CHOP,core,ALL|LTF,1,3,10,-2.826333835721016
C:N19_FIB_CHOP,core,ALL|LTF,2,0,668,-112.67526947753504
C:N19_FIB_CHOP,core,ALL|LTF,2,1,384,-47.033969348471146
C:N19_FIB_CHOP,core,ALL|LTF,2,2,440,-44.26284841657616
C:N19_FIB_CHOP,core,ALL|LTF,2,3,9,0.8887851983308792
C:N19_FIB_CHOP,core,ALL|LTF,3,0,132,-59.76702704001218
C:N19_FIB_CHOP,core,ALL|LTF,3,1,61,-8.81596402078867
C:N19_FIB_CHOP,core,ALL|LTF,3,2,27,-1.3916089944541454
C:N19_FIB_CHOP,core,ALL|LTF,3,3,19,-1.889493439346552
C:N19_FIB_CHOP,core,ALL|SW,0,0,2786,-367.7620844898047
C:N19_FIB_CHOP,core,ALL|SW,0,1,737,-0.02708480495493859
C:N19_FIB_CHOP,core,ALL|SW,0,2,92,-0.43850893154740334
C:N19_FIB_CHOP,core,ALL|SW,0,3,4,1.1094468086957932
C:N19_FIB_CHOP,core,ALL|SW,1,0,283,-63.48312283027917
C:N19_FIB_CHOP,core,ALL|SW,1,1,877,-88.21840333065484
C:N19_FIB_CHOP,core,ALL|SW,1,2,193,-17.47750040818937
C:N19_FIB_CHOP,core,ALL|SW,1,3,4,-1.1391479671001434
C:N19_FIB_CHOP,core,ALL|SW,2,0,109,-25.30052601918578
C:N19_FIB_CHOP,core,ALL|SW,2,1,94,-13.306089310906827
C:N19_FIB_CHOP,core,ALL|SW,2,2,298,-29.112817502580583
C:N19_FIB_CHOP,core,ALL|SW,2,3,7,-0.21271202713251114
C:N19_FIB_CHOP,core,ALL|SW,3,0,9,-5.117784813046455
C:N19_FIB_CHOP,core,ALL|SW,3,2,3,-0.6631883233785629
C:N19_FIB_CHOP,core,ALL|SW,3,3,9,-1.728916373103857
C:N19_FIB_CHOP,core,ALL|SWH,0,0,3269,-507.94684906612383
C:N19_FIB_CHOP,core,ALL|SWH,0,1,254,3.197928241454065
C:N19_FIB_CHOP,core,ALL|SWH,0,2,33,-0.699075372889638
C:N19_FIB_CHOP,core,ALL|SWH,0,3,2,-0.85233935713768
C:N19_FIB_CHOP,core,ALL|SWH,1,0,1370,-97.79071252932772
C:N19_FIB_CHOP,core,ALL|SWH,1,1,1315,-111.47418266929344
C:N19_FIB_CHOP,core,ALL|SWH,1,2,89,-13.376694380538538
C:N19_FIB_CHOP,core,ALL|SWH,1,3,4,-2.935857445001602
C:N19_FIB_CHOP,core,ALL|SWH,2,0,901,-173.38160772365518
C:N19_FIB_CHOP,core,ALL|SWH,2,1,596,-59.775232999410946
C:N19_FIB_CHOP,core,ALL|SWH,2,2,572,-55.29560585319996
C:N19_FIB_CHOP,core,ALL|SWH,2,3,2,-0.7355484962463379
C:N19_FIB_CHOP,core,ALL|SWH,3,0,213,-89.10143323708326
C:N19_FIB_CHOP,core,ALL|SWH,3,1,122,-26.443943317979574
C:N19_FIB_CHOP,core,ALL|SWH,3,2,51,-5.790943684289232
C:N19_FIB_CHOP,core,ALL|SWH,3,3,28,-0.17732413485646248
C:N19_FIB_CHOP,core,A|FC,0,0,4397,-607.5316541796201
C:N19_FIB_CHOP,core,A|FC,0,1,1430,-78.96656105236616
C:N19_FIB_CHOP,core,A|FC,1,0,801,-161.02556744217873
C:N19_FIB_CHOP,core,A|FC,1,1,1129,-131.94280723690645
C:N19_FIB_CHOP,core,A|LTF,0,0,4185,-608.5660378276953
C:N19_FIB_CHOP,core,A|LTF,0,1,1147,-98.73249714251142
C:N19_FIB_CHOP,core,A|LTF,1,0,1162,-162.79611957399175
C:N19_FIB_CHOP,core,A|LTF,1,1,1282,-117.3147392326373
C:N19_FIB_CHOP,core,A|SW,0,0,2863,-367.51027791772503
C:N19_FIB_CHOP,core,A|SW,0,1,769,3.77957749099005
C:N19_FIB_CHOP,core,A|SW,1,0,289,-68.26765101123601
C:N19_FIB_CHOP,core,A|SW,1,1,914,-93.19421845918987
C:N19_FIB_CHOP,core,A|SWH,0,0,3663,-624.9247148798895
C:N19_FIB_CHOP,core,A|SWH,0,1,299,-1.6210961723700166
C:N19_FIB_CHOP,core,A|SWH,1,0,1740,-143.24112498783506
C:N19_FIB_CHOP,core,A|SWH,1,1,1735,-180.55443574323908
C:N19_FIB_CHOP,core,HI|FC,2,2,632,-60.26147445314564
C:N19_FIB_CHOP,core,HI|FC,2,3,16,-0.5382736548781395
C:N19_FIB_CHOP,core,HI|FC,3,2,30,-0.6698481701314449
C:N19_FIB_CHOP,core,HI|FC,3,3,25,-1.7025440372526646
C:N19_FIB_CHOP,core,HI|LTF,2,2,626,-58.919380985433236
C:N19_FIB_CHOP,core,HI|LTF,2,3,13,0.4300791025161743
C:N19_FIB_CHOP,core,HI|LTF,3,2,39,-2.3880026005208492
C:N19_FIB_CHOP,core,HI|LTF,3,3,25,-1.7025440372526646
C:N19_FIB_CHOP,core,HI|SW,2,2,428,-35.07764935027808
C:N19_FIB_CHOP,core,HI|SW,2,3,8,-1.2683828845620155
C:N19_FIB_CHOP,core,HI|SW,3,2,6,-3.161916568875313
C:N19_FIB_CHOP,core,HI|SW,3,3,17,-1.5127943865954876
C:N19_FIB_CHOP,core,HI|SWH,2,2,616,-54.35215231962502
C:N19_FIB_CHOP,core,HI|SWH,2,3,2,-0.7355484962463379
C:N19_FIB_CHOP,core,HI|SWH,3,2,56,-7.525307389209047
C:N19_FIB_CHOP,core,HI|SWH,3,3,29,-1.2323354072868824
C:N19_FIB_CHOP,core,T15|FC,0,0,4798,-696.0104419035488
C:N19_FIB_CHOP,core,T1h|FC,2,2,642,-59.69376715668477
C:N19_FIB_CHOP,core,T30|FC,1,1,1853,-177.1096945518966
C:N19_FIB_CHOP,core,T4h|FC,3,3,29,-1.2323354072868824
C:N20_EMA9_CHOP,core,ALLINF|FC,0,0,22708,-4642.509130709128
C:N20_EMA9_CHOP,core,ALLINF|FC,0,1,10464,-1657.663049695373
C:N20_EMA9_CHOP,core,ALLINF|FC,0,2,3592,-454.9640821800567
C:N20_EMA9_CHOP,core,ALLINF|FC,0,3,436,-27.10678278771229
C:N20_EMA9_CHOP,core,ALLINF|FC,1,0,5859,-1024.5647934134759
C:N20_EMA9_CHOP,core,ALLINF|FC,1,1,3586,-472.1741296930777
C:N20_EMA9_CHOP,core,ALLINF|FC,1,2,1911,-165.4250358308782
C:N20_EMA9_CHOP,core,ALLINF|FC,1,3,228,-9.2166378099937
C:N20_EMA9_CHOP,core,ALLINF|FC,2,0,6637,-1462.6266910611594
C:N20_EMA9_CHOP,core,ALLINF|FC,2,1,3277,-531.1216902161341
C:N20_EMA9_CHOP,core,ALLINF|FC,2,2,2146,-193.27805194759276
C:N20_EMA9_CHOP,core,ALLINF|FC,2,3,438,-25.296070427191808
C:N20_EMA9_CHOP,core,ALLINF|FC,3,0,5645,-1134.2121593623888
C:N20_EMA9_CHOP,core,ALLINF|FC,3,1,3081,-381.3955170856789
C:N20_EMA9_CHOP,core,ALLINF|FC,3,2,1643,-51.69798514593276
C:N20_EMA9_CHOP,core,ALLINF|FC,3,3,767,-24.796512057248037
C:N20_EMA9_CHOP,core,ALLINF|SWH,0,0,8306,-1217.8632085526115
C:N20_EMA9_CHOP,core,ALLINF|SWH,0,1,906,-120.76680922228843
C:N20_EMA9_CHOP,core,ALLINF|SWH,0,2,223,-34.78316772822291
C:N20_EMA9_CHOP,core,ALLINF|SWH,0,3,21,-0.8409860914107412
C:N20_EMA9_CHOP,core,ALLINF|SWH,1,0,9294,-1855.3265698952018
C:N20_EMA9_CHOP,core,ALLINF|SWH,1,1,4073,-516.332353610429
C:N20_EMA9_CHOP,core,ALLINF|SWH,1,2,491,-57.02141907159239
C:N20_EMA9_CHOP,core,ALLINF|SWH,1,3,28,1.0587470550090075
C:N20_EMA9_CHOP,core,ALLINF|SWH,2,0,13074,-2603.448455260863
C:N20_EMA9_CHOP,core,ALLINF|SWH,2,1,7640,-1168.5031318110578
C:N20_EMA9_CHOP,core,ALLINF|SWH,2,2,3917,-398.92968207853846
C:N20_EMA9_CHOP,core,ALLINF|SWH,2,3,113,4.623744097763847
C:N20_EMA9_CHOP,core,ALLINF|SWH,3,0,11905,-2925.0059431291593
C:N20_EMA9_CHOP,core,ALLINF|SWH,3,1,6581,-1064.4892034134828
C:N20_EMA9_CHOP,core,ALLINF|SWH,3,2,3611,-296.04441208197386
C:N20_EMA9_CHOP,core,ALLINF|SWH,3,3,1274,-77.42750828753924
C:N20_EMA9_CHOP,core,ALL|FC,0,0,24882,-5138.488709142162
C:N20_EMA9_CHOP,core,ALL|FC,0,1,11211,-1866.6052046895202
C:N20_EMA9_CHOP,core,ALL|FC,0,2,3426,-405.7147404293064
C:N20_EMA9_CHOP,core,ALL|FC,0,3,123,-15.933911911211908
C:N20_EMA9_CHOP,core,ALL|FC,1,0,6334,-1007.7672703959688
C:N20_EMA9_CHOP,core,ALL|FC,1,1,3839,-445.02818632243
C:N20_EMA9_CHOP,core,ALL|FC,1,2,1804,-113.84515809523873
C:N20_EMA9_CHOP,core,ALL|FC,1,3,61,6.241183485835791
C:N20_EMA9_CHOP,core,ALL|FC,2,0,6536,-1367.9505321475153
C:N20_EMA9_CHOP,core,ALL|FC,2,1,3180,-485.1743393392044
C:N20_EMA9_CHOP,core,ALL|FC,2,2,1927,-169.68291522091022
C:N20_EMA9_CHOP,core,ALL|FC,2,3,114,-3.6721702087670565
C:N20_EMA9_CHOP,core,ALL|FC,3,0,1976,-634.1619727560319
C:N20_EMA9_CHOP,core,ALL|FC,3,1,1094,-201.84047892663511
C:N20_EMA9_CHOP,core,ALL|FC,3,2,575,-88.53387504478451
C:N20_EMA9_CHOP,core,ALL|FC,3,3,143,-13.974692679941654
C:N20_EMA9_CHOP,core,ALL|LTF,0,0,20626,-4096.420796388375
C:N20_EMA9_CHOP,core,ALL|LTF,0,1,8276,-1359.7151733468927
C:N20_EMA9_CHOP,core,ALL|LTF,0,2,2486,-313.9921065957751
C:N20_EMA9_CHOP,core,ALL|LTF,0,3,76,-9.5641606785357
C:N20_EMA9_CHOP,core,ALL|LTF,1,0,9479,-1638.3636599813472
C:N20_EMA9_CHOP,core,ALL|LTF,1,1,4954,-554.3075037331146
C:N20_EMA9_CHOP,core,ALL|LTF,1,2,1910,-90.58577471971512
C:N20_EMA9_CHOP,core,ALL|LTF,1,3,74,2.5316868582740426
C:N20_EMA9_CHOP,core,ALL|LTF,2,0,8463,-1959.8194853486493
C:N20_EMA9_CHOP,core,ALL|LTF,2,1,4527,-834.5339926745673
C:N20_EMA9_CHOP,core,ALL|LTF,2,2,2445,-266.36019249999663
C:N20_EMA9_CHOP,core,ALL|LTF,2,3,127,-8.871593900024891
C:N20_EMA9_CHOP,core,ALL|LTF,3,0,2128,-656.878829496447
C:N20_EMA9_CHOP,core,ALL|LTF,3,1,1193,-222.95940457482357
C:N20_EMA9_CHOP,core,ALL|LTF,3,2,625,-76.73714683332946
C:N20_EMA9_CHOP,core,ALL|LTF,3,3,150,-12.60738823749125
C:N20_EMA9_CHOP,core,ALL|SW,0,0,18057,-3209.6487530195373
C:N20_EMA9_CHOP,core,ALL|SW,0,1,9888,-1550.3093332352
C:N20_EMA9_CHOP,core,ALL|SW,0,2,2075,-244.8830520423362
C:N20_EMA9_CHOP,core,ALL|SW,0,3,66,-7.700627286918461
C:N20_EMA9_CHOP,core,ALL|SW,1,0,2176,-491.0463163066015
C:N20_EMA9_CHOP,core,ALL|SW,1,1,3761,-481.55075094636413
C:N20_EMA9_CHOP,core,ALL|SW,1,2,2019,-185.59166756726336
C:N20_EMA9_CHOP,core,ALL|SW,1,3,38,-5.547474931518082
C:N20_EMA9_CHOP,core,ALL|SW,2,0,897,-157.68793987180106
C:N20_EMA9_CHOP,core,ALL|SW,2,1,849,-120.6947275158982
C:N20_EMA9_CHOP,core,ALL|SW,2,2,1513,-102.82343292963924
C:N20_EMA9_CHOP,core,ALL|SW,2,3,82,-3.808525089174509
C:N20_EMA9_CHOP,core,ALL|SW,3,0,69,-15.485696567222476
C:N20_EMA9_CHOP,core,ALL|SW,3,1,47,-0.9469990395009518
C:N20_EMA9_CHOP,core,ALL|SW,3,2,65,-4.790946952998638
C:N20_EMA9_CHOP,core,ALL|SW,3,3,88,0.49579625017941
C:N20_EMA9_CHOP,core,ALL|SWH,0,0,9617,-1453.1159163669436
C:N20_EMA9_CHOP,core,ALL|SWH,0,1,1045,-153.6558097358211
C:N20_EMA9_CHOP,core,ALL|SWH,0,2,202,-26.518398665823042
C:N20_EMA9_CHOP,core,ALL|SWH,0,3,4,0.5830211937427521
C:N20_EMA9_CHOP,core,ALL|SWH,1,0,11629,-2257.4577947736834
C:N20_EMA9_CHOP,core,ALL|SWH,1,1,5236,-570.9689031244488
C:N20_EMA9_CHOP,core,ALL|SWH,1,2,550,-48.28568736463785
C:N20_EMA9_CHOP,core,ALL|SWH,1,3,12,2.210160493850708
C:N20_EMA9_CHOP,core,ALL|SWH,2,0,16180,-3499.4662639611925
C:N20_EMA9_CHOP,core,ALL|SWH,2,1,9260,-1522.775200956954
C:N20_EMA9_CHOP,core,ALL|SWH,2,2,4545,-414.1213195770397
C:N20_EMA9_CHOP,core,ALL|SWH,2,3,58,0.1784161515533924
C:N20_EMA9_CHOP,core,ALL|SWH,3,0,4047,-1315.6666849826288
C:N20_EMA9_CHOP,core,ALL|SWH,3,1,2270,-532.9066942699137
C:N20_EMA9_CHOP,core,ALL|SWH,3,2,1254,-179.66336243331898
C:N20_EMA9_CHOP,core,ALL|SWH,3,3,247,-27.41175819374621
C:N20_EMA9_CHOP,core,A|FC,0,0,30677,-6677.715014626847
C:N20_EMA9_CHOP,core,A|FC,0,1,14240,-2417.9832400012237
C:N20_EMA9_CHOP,core,A|FC,1,0,7823,-1200.6072729986336
C:N20_EMA9_CHOP,core,A|FC,1,1,4775,-544.3954184734102
C:N20_EMA9_CHOP,core,A|LTF,0,0,25560,-5476.311779046424
C:N20_EMA9_CHOP,core,A|LTF,0,1,10679,-1858.5305763707438
C:N20_EMA9_CHOP,core,A|LTF,1,0,14049,-2656.9707228807674
C:N20_EMA9_CHOP,core,A|LTF,1,1,7501,-1000.3707612914804
C:N20_EMA9_CHOP,core,A|SW,0,0,18557,-3286.483690877467
C:N20_EMA9_CHOP,core,A|SW,0,1,10233,-1626.3733623057487
C:N20_EMA9_CHOP,core,A|SW,1,0,2380,-523.7044505612284
C:N20_EMA9_CHOP,core,A|SW,1,1,3991,-503.51527404991793
C:N20_EMA9_CHOP,core,A|SWH,0,0,12463,-2008.7960585409528
C:N20_EMA9_CHOP,core,A|SWH,0,1,1538,-230.40299025108106
C:N20_EMA9_CHOP,core,A|SWH,1,0,27684,-6280.602538206091
C:N20_EMA9_CHOP,core,A|SWH,1,1,14512,-2303.658402765701
C:N20_EMA9_CHOP,core,HI|FC,2,2,5471,-527.2303590252413
C:N20_EMA9_CHOP,core,HI|FC,2,3,252,-6.670046814309899
C:N20_EMA9_CHOP,core,HI|FC,3,2,696,-125.81821229623165
C:N20_EMA9_CHOP,core,HI|FC,3,3,155,-21.85461793653667
C:N20_EMA9_CHOP,core,HI|LTF,2,2,5411,-546.0670464215218
C:N20_EMA9_CHOP,core,HI|LTF,2,3,225,-11.704971714469139
C:N20_EMA9_CHOP,core,HI|LTF,3,2,776,-101.00064582412597
C:N20_EMA9_CHOP,core,HI|LTF,3,3,165,-21.131883807480335
C:N20_EMA9_CHOP,core,HI|SW,2,2,3422,-322.9643791108974
C:N20_EMA9_CHOP,core,HI|SW,2,3,156,-7.9851484494283795
C:N20_EMA9_CHOP,core,HI|SW,3,2,109,-11.852133937180042
C:N20_EMA9_CHOP,core,HI|SW,3,3,94,-1.2701042499393225
C:N20_EMA9_CHOP,core,HI|SWH,2,2,4987,-481.07263760356
C:N20_EMA9_CHOP,core,HI|SWH,2,3,71,-2.6613138457760215
C:N20_EMA9_CHOP,core,HI|SWH,3,2,1265,-168.1972125583561
C:N20_EMA9_CHOP,core,HI|SWH,3,3,245,-20.878226378932595
C:N20_EMA9_CHOP,core,T15|FC,0,0,36948,-7633.469509316223
C:N20_EMA9_CHOP,core,T1h|FC,2,2,5963,-630.0271704721381
C:N20_EMA9_CHOP,core,T30|FC,1,1,15573,-2491.977884591797
C:N20_EMA9_CHOP,core,T4h|FC,3,3,282,-29.812739809975028
C:N22_VORTEX_PSAR,core,ALLINF|FC,0,0,29461,-4705.243795441871
C:N22_VORTEX_PSAR,core,ALLINF|FC,0,1,13686,-1674.241182974957
C:N22_VORTEX_PSAR,core,ALLINF|FC,0,2,5166,-462.792479271262
C:N22_VORTEX_PSAR,core,ALLINF|FC,0,3,1398,0.07725548832968343
C:N22_VORTEX_PSAR,core,ALLINF|FC,1,0,17724,-3344.51574700122
C:N22_VORTEX_PSAR,core,ALLINF|FC,1,1,10445,-1076.8643486116052
C:N22_VORTEX_PSAR,core,ALLINF|FC,1,2,5001,-449.94280687259743
C:N22_VORTEX_PSAR,core,ALLINF|FC,1,3,927,-11.799156063585542
C:N22_VORTEX_PSAR,core,ALLINF|FC,2,0,15847,-2838.09866920075
C:N22_VORTEX_PSAR,core,ALLINF|FC,2,1,7213,-773.3748029012204
C:N22_VORTEX_PSAR,core,ALLINF|FC,2,2,4872,-163.5554917876143
C:N22_VORTEX_PSAR,core,ALLINF|FC,2,3,979,-40.70178479666356
C:N22_VORTEX_PSAR,core,ALLINF|FC,3,0,9510,-1789.837654362058
C:N22_VORTEX_PSAR,core,ALLINF|FC,3,1,4552,-639.8629946522124
C:N22_VORTEX_PSAR,core,ALLINF|FC,3,2,2189,-213.34198583528632
C:N22_VORTEX_PSAR,core,ALLINF|FC,3,3,867,-6.645451499614865
C:N22_VORTEX_PSAR,core,ALLINF|SWH,0,0,7928,-1116.766417705825
C:N22_VORTEX_PSAR,core,ALLINF|SWH,0,1,357,-47.89407454803586
C:N22_VORTEX_PSAR,core,ALLINF|SWH,0,2,95,2.0464918706566095
C:N22_VORTEX_PSAR,core,ALLINF|SWH,0,3,15,2.2439320105477236
C:N22_VORTEX_PSAR,core,ALLINF|SWH,1,0,10837,-1801.9022191092226
C:N22_VORTEX_PSAR,core,ALLINF|SWH,1,1,6525,-686.0872083858121
C:N22_VORTEX_PSAR,core,ALLINF|SWH,1,2,266,-14.55325077730231
C:N22_VORTEX_PSAR,core,ALLINF|SWH,1,3,33,-0.5549443159252405
C:N22_VORTEX_PSAR,core,ALLINF|SWH,2,0,21195,-3373.684383258573
C:N22_VORTEX_PSAR,core,ALLINF|SWH,2,1,11014,-1009.2563968656468
C:N22_VORTEX_PSAR,core,ALLINF|SWH,2,2,6551,-413.2909037094396
C:N22_VORTEX_PSAR,core,ALLINF|SWH,2,3,84,-4.0831561759114265
C:N22_VORTEX_PSAR,core,ALLINF|SWH,3,0,35188,-6751.751964912157
C:N22_VORTEX_PSAR,core,ALLINF|SWH,3,1,17690,-2433.5040494985105
C:N22_VORTEX_PSAR,core,ALLINF|SWH,3,2,8885,-781.7519037367892
C:N22_VORTEX_PSAR,core,ALLINF|SWH,3,3,2707,-31.248070250454475
C:N22_VORTEX_PSAR,core,ALL|FC,0,0,32868,-5317.892853591307
C:N22_VORTEX_PSAR,core,ALL|FC,0,1,14324,-1815.1681377648008
C:N22_VORTEX_PSAR,core,ALL|FC,0,2,4497,-472.93276570981834
C:N22_VORTEX_PSAR,core,ALL|FC,0,3,304,12.709752927752561
C:N22_VORTEX_PSAR,core,ALL|FC,1,0,18547,-3461.9842705115443
C:N22_VORTEX_PSAR,core,ALL|FC,1,1,10372,-1146.4764057490393
C:N22_VORTEX_PSAR,core,ALL|FC,1,2,4259,-460.2951466795057
C:N22_VORTEX_PSAR,core,ALL|FC,1,3,178,-2.995496890274808
C:N22_VORTEX_PSAR,core,ALL|FC,2,0,14873,-2837.5077488964525
C:N22_VORTEX_PSAR,core,ALL|FC,2,1,6549,-799.0916449899814
C:N22_VORTEX_PSAR,core,ALL|FC,2,2,3781,-132.14296544331592
C:N22_VORTEX_PSAR,core,ALL|FC,2,3,207,-9.28816953394562
C:N22_VORTEX_PSAR,core,ALL|FC,3,0,3851,-925.6325633166125
C:N22_VORTEX_PSAR,core,ALL|FC,3,1,1786,-279.70955404650886
C:N22_VORTEX_PSAR,core,ALL|FC,3,2,837,-105.38883780495962
C:N22_VORTEX_PSAR,core,ALL|FC,3,3,113,-5.254895489662886
C:N22_VORTEX_PSAR,core,ALL|LTF,0,0,27335,-4367.75116563042
C:N22_VORTEX_PSAR,core,ALL|LTF,0,1,10907,-1442.1421158390294
C:N22_VORTEX_PSAR,core,ALL|LTF,0,2,3220,-287.5333352420712
C:N22_VORTEX_PSAR,core,ALL|LTF,0,3,214,15.136077418923378
C:N22_VORTEX_PSAR,core,ALL|LTF,1,0,20002,-3788.0661156347487
C:N22_VORTEX_PSAR,core,ALL|LTF,1,1,10594,-1245.2027909596025
C:N22_VORTEX_PSAR,core,ALL|LTF,1,2,3762,-365.372247813968
C:N22_VORTEX_PSAR,core,ALL|LTF,1,3,186,0.3630027323961258
C:N22_VORTEX_PSAR,core,ALL|LTF,2,0,19202,-3501.6301369141074
C:N22_VORTEX_PSAR,core,ALL|LTF,2,1,9155,-1018.6479260149208
C:N22_VORTEX_PSAR,core,ALL|LTF,2,2,4775,-277.80357609142084
C:N22_VORTEX_PSAR,core,ALL|LTF,2,3,216,-15.177494551768177
C:N22_VORTEX_PSAR,core,ALL|LTF,3,0,4812,-1103.977406660444
C:N22_VORTEX_PSAR,core,ALL|LTF,3,1,2251,-324.7915093606571
C:N22_VORTEX_PSAR,core,ALL|LTF,3,2,1110,-160.19236061064294
C:N22_VORTEX_PSAR,core,ALL|LTF,3,3,147,-9.527974904282019
C:N22_VORTEX_PSAR,core,ALL|SW,0,0,24686,-3823.84361871874
C:N22_VORTEX_PSAR,core,ALL|SW,0,1,8669,-1049.0845215764082
C:N22_VORTEX_PSAR,core,ALL|SW,0,2,2521,-263.5610865043709
C:N22_VORTEX_PSAR,core,ALL|SW,0,3,109,-4.795351030305028
C:N22_VORTEX_PSAR,core,ALL|SW,1,0,4267,-776.3015637790086
C:N22_VORTEX_PSAR,core,ALL|SW,1,1,8699,-908.2638890078815
C:N22_VORTEX_PSAR,core,ALL|SW,1,2,2451,-224.77539474703372
C:N22_VORTEX_PSAR,core,ALL|SW,1,3,71,3.589235408231616
C:N22_VORTEX_PSAR,core,ALL|SW,2,0,1464,-279.833546331618
C:N22_VORTEX_PSAR,core,ALL|SW,2,1,1568,-167.0001722148154
C:N22_VORTEX_PSAR,core,ALL|SW,2,2,3189,-176.28290111513343
C:N22_VORTEX_PSAR,core,ALL|SW,2,3,100,3.0395118065644056
C:N22_VORTEX_PSAR,core,ALL|SW,3,0,157,-57.06533062085509
C:N22_VORTEX_PSAR,core,ALL|SW,3,1,133,-16.626756752375513
C:N22_VORTEX_PSAR,core,ALL|SW,3,2,124,-13.449288145639002
C:N22_VORTEX_PSAR,core,ALL|SW,3,3,107,-1.1446757348167012
C:N22_VORTEX_PSAR,core,ALL|SWH,0,0,11088,-1540.727920018544
C:N22_VORTEX_PSAR,core,ALL|SWH,0,1,531,-65.5474261182826
C:N22_VORTEX_PSAR,core,ALL|SWH,0,2,110,-13.650039680302143
C:N22_VORTEX_PSAR,core,ALL|SWH,0,3,4,0.29026830196380615
C:N22_VORTEX_PSAR,core,ALL|SWH,1,0,16493,-2620.1594798917504
C:N22_VORTEX_PSAR,core,ALL|SWH,1,1,9051,-1053.4382984462718
C:N22_VORTEX_PSAR,core,ALL|SWH,1,2,372,-37.04020432266407
C:N22_VORTEX_PSAR,core,ALL|SWH,1,3,10,-1.8978913128376007
C:N22_VORTEX_PSAR,core,ALL|SWH,2,0,31360,-5389.720437436059
C:N22_VORTEX_PSAR,core,ALL|SWH,2,1,15605,-1652.359042814016
C:N22_VORTEX_PSAR,core,ALL|SWH,2,2,7686,-609.167991770315
C:N22_VORTEX_PSAR,core,ALL|SWH,2,3,58,4.767170902341604
C:N22_VORTEX_PSAR,core,ALL|SWH,3,0,13602,-3395.5692967333016
C:N22_VORTEX_PSAR,core,ALL|SWH,3,1,6838,-1153.6723875337436
C:N22_VORTEX_PSAR,core,ALL|SWH,3,2,3236,-314.32809149549576
C:N22_VORTEX_PSAR,core,ALL|SWH,3,3,407,0.8121753879677271
C:N22_VORTEX_PSAR,core,A|FC,0,0,43619,-7596.520749008487
C:N22_VORTEX_PSAR,core,A|FC,0,1,18548,-2483.156931380853
C:N22_VORTEX_PSAR,core,A|FC,1,0,24450,-4594.006438901473
C:N22_VORTEX_PSAR,core,A|FC,1,1,13516,-1455.3857037140115
C:N22_VORTEX_PSAR,core,A|LTF,0,0,38617,-6836.522248905996
C:N22_VORTEX_PSAR,core,A|LTF,0,1,15194,-2028.3288784151227
C:N22_VORTEX_PSAR,core,A|LTF,1,0,30543,-5555.028781755711
C:N22_VORTEX_PSAR,core,A|LTF,1,1,15990,-1801.031833402764
C:N22_VORTEX_PSAR,core,A|SW,0,0,25215,-3911.558112470033
C:N22_VORTEX_PSAR,core,A|SW,0,1,9095,-1113.1926164297572
C:N22_VORTEX_PSAR,core,A|SW,1,0,4475,-811.0903726636898
C:N22_VORTEX_PSAR,core,A|SW,1,1,9048,-905.6191497454711
C:N22_VORTEX_PSAR,core,A|SWH,0,0,18888,-2941.8708666748134
C:N22_VORTEX_PSAR,core,A|SWH,0,1,1106,-171.20893909025472
C:N22_VORTEX_PSAR,core,A|SWH,1,0,51043,-9529.133069830743
C:N22_VORTEX_PSAR,core,A|SWH,1,1,27201,-3337.8375424068317
C:N22_VORTEX_PSAR,core,HI|FC,2,2,9391,-736.3323654125561
C:N22_VORTEX_PSAR,core,HI|FC,2,3,469,-7.145083637689822
C:N22_VORTEX_PSAR,core,HI|FC,3,2,1668,-198.34147721761838
C:N22_VORTEX_PSAR,core,HI|FC,3,3,204,-0.013264291686937213
C:N22_VORTEX_PSAR,core,HI|LTF,2,2,9258,-726.004433259659
C:N22_VORTEX_PSAR,core,HI|LTF,2,3,417,-7.773059492712491
C:N22_VORTEX_PSAR,core,HI|LTF,3,2,1845,-226.06510585034266
C:N22_VORTEX_PSAR,core,HI|LTF,3,3,223,-2.0746866583358496
C:N22_VORTEX_PSAR,core,HI|SW,2,2,4776,-339.4812396464404
C:N22_VORTEX_PSAR,core,HI|SW,2,3,160,6.899095776723698
C:N22_VORTEX_PSAR,core,HI|SW,3,2,174,-21.706767764873803
C:N22_VORTEX_PSAR,core,HI|SW,3,3,124,-1.4019994990812847
C:N22_VORTEX_PSAR,core,HI|SWH,2,2,8049,-634.4551249206997
C:N22_VORTEX_PSAR,core,HI|SWH,2,3,60,2.862327866256237
C:N22_VORTEX_PSAR,core,HI|SWH,3,2,3194,-320.0392848905758
C:N22_VORTEX_PSAR,core,HI|SWH,3,3,405,0.5309767522703623
C:N22_VORTEX_PSAR,core,T15|FC,0,0,63792,-11536.651427090546
C:N22_VORTEX_PSAR,core,T1h|FC,2,2,10634,-870.4755476450664
C:N22_VORTEX_PSAR,core,T30|FC,1,1,28072,-3494.9226417696
C:N22_VORTEX_PSAR,core,T4h|FC,3,3,431,1.5122665189992404
C:N23_HA_ST,core,ALLINF|FC,0,0,51513,-8674.896987354969
C:N23_HA_ST,core,ALLINF|FC,0,1,24321,-3103.214428407613
C:N23_HA_ST,core,ALLINF|FC,0,2,10202,-881.5729891819356
C:N23_HA_ST,core,ALLINF|FC,0,3,2888,-54.48905463515257
C:N23_HA_ST,core,ALLINF|FC,1,0,30857,-4858.163326272224
C:N23_HA_ST,core,ALLINF|FC,1,1,16826,-1820.1420244641868
C:N23_HA_ST,core,ALLINF|FC,1,2,8829,-636.276880559948
C:N23_HA_ST,core,ALLINF|FC,1,3,1939,-7.108664022249286
C:N23_HA_ST,core,ALLINF|FC,2,0,25514,-4463.817590495586
C:N23_HA_ST,core,ALLINF|FC,2,1,11548,-1171.033357845903
C:N23_HA_ST,core,ALLINF|FC,2,2,6804,-527.5034912134124
C:N23_HA_ST,core,ALLINF|FC,2,3,1429,-18.768482399260392
C:N23_HA_ST,core,ALLINF|FC,3,0,7385,-1244.8504262070928
C:N23_HA_ST,core,ALLINF|FC,3,1,3320,-411.58184179483214
C:N23_HA_ST,core,ALLINF|FC,3,2,1582,-63.8172676586546
C:N23_HA_ST,core,ALLINF|FC,3,3,602,-19.351847174752038
C:N23_HA_ST,core,ALLINF|SWH,0,0,8363,-1147.2376572261496
C:N23_HA_ST,core,ALLINF|SWH,0,1,702,-76.6798764381092
C:N23_HA_ST,core,ALLINF|SWH,0,2,166,-12.381296097300947
C:N23_HA_ST,core,ALLINF|SWH,0,3,71,2.0538043938577175
C:N23_HA_ST,core,ALLINF|SWH,1,0,12674,-1746.5900467622378
C:N23_HA_ST,core,ALLINF|SWH,1,1,7993,-713.4431500761348
C:N23_HA_ST,core,ALLINF|SWH,1,2,635,-42.769950029673055
C:N23_HA_ST,core,ALLINF|SWH,1,3,92,-1.437865803949535
C:N23_HA_ST,core,ALLINF|SWH,2,0,35832,-5301.681129288252
C:N23_HA_ST,core,ALLINF|SWH,2,1,17032,-1999.5978347248474
C:N23_HA_ST,core,ALLINF|SWH,2,2,9712,-644.4127436898034
C:N23_HA_ST,core,ALLINF|SWH,2,3,209,-1.2851359751075506
C:N23_HA_ST,core,ALLINF|SWH,3,0,62799,-11827.028242548873
C:N23_HA_ST,core,ALLINF|SWH,3,1,29933,-3683.335322869898
C:N23_HA_ST,core,ALLINF|SWH,3,2,14443,-1159.777244317891
C:N23_HA_ST,core,ALLINF|SWH,3,3,4529,-79.08573819950107
C:N23_HA_ST,core,ALL|FC,0,0,54322,-9030.002101262962
C:N23_HA_ST,core,ALL|FC,0,1,24040,-3239.528932348141
C:N23_HA_ST,core,ALL|FC,0,2,8395,-844.3146249472338
C:N23_HA_ST,core,ALL|FC,0,3,560,11.205524102319032
C:N23_HA_ST,core,ALL|FC,1,0,30625,-4910.64116226785
C:N23_HA_ST,core,ALL|FC,1,1,15704,-1810.9089634687207
C:N23_HA_ST,core,ALL|FC,1,2,6982,-560.2257077335962
C:N23_HA_ST,core,ALL|FC,1,3,394,1.065007796511054
C:N23_HA_ST,core,ALL|FC,2,0,24216,-4457.540590903736
C:N23_HA_ST,core,ALL|FC,2,1,10638,-1152.7515701038647
C:N23_HA_ST,core,ALL|FC,2,2,5153,-410.9102244397727
C:N23_HA_ST,core,ALL|FC,2,3,295,-3.4780789148062468
C:N23_HA_ST,core,ALL|FC,3,0,2622,-628.5935157587228
C:N23_HA_ST,core,ALL|FC,3,1,1202,-136.55500635283533
C:N23_HA_ST,core,ALL|FC,3,2,581,-24.296832841355354
C:N23_HA_ST,core,ALL|FC,3,3,58,3.841497859917581
C:N23_HA_ST,core,ALL|LTF,0,0,43267,-7267.466713301506
C:N23_HA_ST,core,ALL|LTF,0,1,18359,-2548.6659334039214
C:N23_HA_ST,core,ALL|LTF,0,2,6016,-669.4041220944782
C:N23_HA_ST,core,ALL|LTF,0,3,445,23.73115967446938
C:N23_HA_ST,core,ALL|LTF,1,0,32570,-5251.172276079204
C:N23_HA_ST,core,ALL|LTF,1,1,15802,-1912.7619402573346
C:N23_HA_ST,core,ALL|LTF,1,2,6496,-504.51286744192475
C:N23_HA_ST,core,ALL|LTF,1,3,346,-18.971530663780868
C:N23_HA_ST,core,ALL|LTF,2,0,33660,-6007.588234787858
C:N23_HA_ST,core,ALL|LTF,2,1,15413,-1662.2999938867579
C:N23_HA_ST,core,ALL|LTF,2,2,6982,-598.5400090877301
C:N23_HA_ST,core,ALL|LTF,2,3,390,5.149543096194975
C:N23_HA_ST,core,ALL|LTF,3,0,3902,-776.9092695506115
C:N23_HA_ST,core,ALL|LTF,3,1,1825,-208.60032218147535
C:N23_HA_ST,core,ALL|LTF,3,2,879,-9.46236987132579
C:N23_HA_ST,core,ALL|LTF,3,3,82,1.3519348176196218
C:N23_HA_ST,core,ALL|SW,0,0,51621,-7893.096505730526
C:N23_HA_ST,core,ALL|SW,0,1,17838,-2162.690652929312
C:N23_HA_ST,core,ALL|SW,0,2,5125,-476.86966280452907
C:N23_HA_ST,core,ALL|SW,0,3,336,-9.592644759919494
C:N23_HA_ST,core,ALL|SW,1,0,6400,-977.6839499606867
C:N23_HA_ST,core,ALL|SW,1,1,15792,-1754.0600185378808
C:N23_HA_ST,core,ALL|SW,1,2,3566,-298.72389913070947
C:N23_HA_ST,core,ALL|SW,1,3,178,-8.993525360710919
C:N23_HA_ST,core,ALL|SW,2,0,3239,-516.7785613382293
C:N23_HA_ST,core,ALL|SW,2,1,2709,-326.81934015494335
C:N23_HA_ST,core,ALL|SW,2,2,5876,-435.9807176544491
C:N23_HA_ST,core,ALL|SW,2,3,121,15.070386440493166
C:N23_HA_ST,core,ALL|SW,3,0,297,-30.835776903666556
C:N23_HA_ST,core,ALL|SW,3,1,244,-16.973912270739675
C:N23_HA_ST,core,ALL|SW,3,2,207,-13.974426230881363
C:N23_HA_ST,core,ALL|SW,3,3,189,0.362411193549633
C:N23_HA_ST,core,ALL|SWH,0,0,11974,-1797.6193957465953
C:N23_HA_ST,core,ALL|SWH,0,1,929,-97.80761074170005
C:N23_HA_ST,core,ALL|SWH,0,2,179,-20.081903837621212
C:N23_HA_ST,core,ALL|SWH,0,3,19,2.9174554366618395
C:N23_HA_ST,core,ALL|SWH,1,0,20935,-2729.138650999459
C:N23_HA_ST,core,ALL|SWH,1,1,11080,-1248.8503574482384
C:N23_HA_ST,core,ALL|SWH,1,2,809,-61.49719315674156
C:N23_HA_ST,core,ALL|SWH,1,3,44,8.65793861914426
C:N23_HA_ST,core,ALL|SWH,2,0,57737,-9358.901556478926
C:N23_HA_ST,core,ALL|SWH,2,1,26362,-3224.662098564333
C:N23_HA_ST,core,ALL|SWH,2,2,11605,-948.1760583315863
C:N23_HA_ST,core,ALL|SWH,2,3,111,8.140845714136958
C:N23_HA_ST,core,ALL|SWH,3,0,24951,-5849.93420515877
C:N23_HA_ST,core,ALL|SWH,3,1,11832,-1664.6329400468821
C:N23_HA_ST,core,ALL|SWH,3,2,5575,-534.5159723468241
C:N23_HA_ST,core,ALL|SWH,3,3,597,-2.5966237189713866
C:N23_HA_ST,core,A|FC,0,0,71692,-12181.52311794236
C:N23_HA_ST,core,A|FC,0,1,31596,-3937.7070955769595
C:N23_HA_ST,core,A|FC,1,0,37842,-6569.860774653462
C:N23_HA_ST,core,A|FC,1,1,19128,-2322.250017563836
C:N23_HA_ST,core,A|LTF,0,0,62790,-10829.830131381848
C:N23_HA_ST,core,A|LTF,0,1,26498,-3496.9560281200756
C:N23_HA_ST,core,A|LTF,1,0,48034,-8130.883194034759
C:N23_HA_ST,core,A|LTF,1,1,23151,-2649.501830973315
C:N23_HA_ST,core,A|SW,0,0,53102,-8133.480593888609
C:N23_HA_ST,core,A|SW,0,1,18909,-2268.5851114022735
C:N23_HA_ST,core,A|SW,1,0,6772,-1063.918280926824
C:N23_HA_ST,core,A|SW,1,1,16386,-1830.7041802275435
C:N23_HA_ST,core,A|SWH,0,0,22307,-3168.1762120718636
C:N23_HA_ST,core,A|SWH,0,1,1935,-187.86571569176158
C:N23_HA_ST,core,A|SWH,1,0,89815,-15878.25508844874
C:N23_HA_ST,core,A|SWH,1,1,43481,-5457.574453238647
C:N23_HA_ST,core,HI|FC,2,2,15588,-1360.4532041277507
C:N23_HA_ST,core,HI|FC,2,3,908,17.283083239221014
C:N23_HA_ST,core,HI|FC,3,2,1945,-130.23410482425243
C:N23_HA_ST,core,HI|FC,3,3,203,-3.9421468852087855
C:N23_HA_ST,core,HI|LTF,2,2,15295,-1366.892620176799
C:N23_HA_ST,core,HI|LTF,2,3,824,1.9466677081072703
C:N23_HA_ST,core,HI|LTF,3,2,2330,-120.28988413210027
C:N23_HA_ST,core,HI|LTF,3,3,231,1.6253268336877227
C:N23_HA_ST,core,HI|SW,2,2,9088,-725.0568108427033
C:N23_HA_ST,core,HI|SW,2,3,330,19.82173162791878
C:N23_HA_ST,core,HI|SW,3,2,366,-30.49414476705715
C:N23_HA_ST,core,HI|SW,3,3,255,-4.495485502295196
C:N23_HA_ST,core,HI|SWH,2,2,12217,-967.3289974762829
C:N23_HA_ST,core,HI|SWH,2,3,143,10.531692801043391
C:N23_HA_ST,core,HI|SWH,3,2,5781,-567.6889877549838
C:N23_HA_ST,core,HI|SWH,3,3,599,-0.952269388595596
C:N23_HA_ST,core,T15|FC,0,0,104457,-17944.677869754374
C:N23_HA_ST,core,T1h|FC,2,2,17075,-1478.7848197680669
C:N23_HA_ST,core,T30|FC,1,1,45274,-5632.0977598142945
C:N23_HA_ST,core,T4h|FC,3,3,670,1.2454151769634336
C:N24_DMI,core,ALLINF|FC,0,0,17547,-3174.462396587427
C:N24_DMI,core,ALLINF|FC,0,1,7730,-1004.7207326087591
C:N24_DMI,core,ALLINF|FC,0,2,2636,-217.8328803155182
C:N24_DMI,core,ALLINF|FC,0,3,458,-5.412353326100856
C:N24_DMI,core,ALLINF|FC,1,0,7335,-1327.0645225101362
C:N24_DMI,core,ALLINF|FC,1,1,4611,-479.50368412039825
C:N24_DMI,core,ALLINF|FC,1,2,2475,-137.99599785350438
C:N24_DMI,core,ALLINF|FC,1,3,323,-37.416378508438356
C:N24_DMI,core,ALLINF|FC,2,0,7824,-1437.908101778652
C:N24_DMI,core,ALLINF|FC,2,1,4006,-538.3407836335045
C:N24_DMI,core,ALLINF|FC,2,2,2638,-203.0221898186428
C:N24_DMI,core,ALLINF|FC,2,3,489,-4.600730447680689
C:N24_DMI,core,ALLINF|FC,3,0,5937,-1163.4287718284177
C:N24_DMI,core,ALLINF|FC,3,1,2757,-369.4335166767705
C:N24_DMI,core,ALLINF|FC,3,2,1397,-77.7252732423367
C:N24_DMI,core,ALLINF|FC,3,3,668,-13.18805748783052
C:N24_DMI,core,ALLINF|SWH,0,0,6606,-1036.8368095991464
C:N24_DMI,core,ALLINF|SWH,0,1,600,-59.28224467718974
C:N24_DMI,core,ALLINF|SWH,0,2,133,-0.21200706029776484
C:N24_DMI,core,ALLINF|SWH,0,3,4,1.0473511293530464
C:N24_DMI,core,ALLINF|SWH,1,0,8183,-1353.9655023938067
C:N24_DMI,core,ALLINF|SWH,1,1,3925,-393.22793033827475
C:N24_DMI,core,ALLINF|SWH,1,2,362,-28.25838347384706
C:N24_DMI,core,ALLINF|SWH,1,3,21,0.3278993982821703
C:N24_DMI,core,ALLINF|SWH,2,0,12275,-2332.6222005168092
C:N24_DMI,core,ALLINF|SWH,2,1,7252,-1046.5975347187868
C:N24_DMI,core,ALLINF|SWH,2,2,3962,-286.2746524903632
C:N24_DMI,core,ALLINF|SWH,2,3,58,-4.487886097515002
C:N24_DMI,core,ALLINF|SWH,3,0,13383,-2677.5979350668495
C:N24_DMI,core,ALLINF|SWH,3,1,6544,-805.4238348196959
C:N24_DMI,core,ALLINF|SWH,3,2,3465,-252.93811158972858
C:N24_DMI,core,ALLINF|SWH,3,3,1198,-37.29888013377786
C:N24_DMI,core,ALL|FC,0,0,19743,-3645.189884545671
C:N24_DMI,core,ALL|FC,0,1,8287,-1081.9386046152213
C:N24_DMI,core,ALL|FC,0,2,2455,-236.93646227327008
C:N24_DMI,core,ALL|FC,0,3,104,0.9890702031552792
C:N24_DMI,core,ALL|FC,1,0,7960,-1437.7653021090664
C:N24_DMI,core,ALL|FC,1,1,4766,-526.2589961679569
C:N24_DMI,core,ALL|FC,1,2,2147,-146.14698512718314
C:N24_DMI,core,ALL|FC,1,3,65,-7.648976265452802
C:N24_DMI,core,ALL|FC,2,0,7391,-1400.2122587941703
C:N24_DMI,core,ALL|FC,2,1,3660,-516.1165395732387
C:N24_DMI,core,ALL|FC,2,2,2149,-159.92909171656356
C:N24_DMI,core,ALL|FC,2,3,119,-10.476085223257542
C:N24_DMI,core,ALL|FC,3,0,2033,-467.6453624293208
C:N24_DMI,core,ALL|FC,3,1,969,-152.15516197425313
C:N24_DMI,core,ALL|FC,3,2,453,-37.301111117354594
C:N24_DMI,core,ALL|FC,3,3,77,-3.137662708759308
C:N24_DMI,core,ALL|LTF,0,0,16647,-3067.474281897408
C:N24_DMI,core,ALL|LTF,0,1,6220,-790.9013055321993
C:N24_DMI,core,ALL|LTF,0,2,1794,-171.2608604434954
C:N24_DMI,core,ALL|LTF,0,3,69,1.665582600980997
C:N24_DMI,core,ALL|LTF,1,0,9643,-1613.8823344387856
C:N24_DMI,core,ALL|LTF,1,1,4931,-608.125797603434
C:N24_DMI,core,ALL|LTF,1,2,1852,-113.0625237346976
C:N24_DMI,core,ALL|LTF,1,3,61,-7.8246943121775985
C:N24_DMI,core,ALL|LTF,2,0,9278,-1910.8486358688097
C:N24_DMI,core,ALL|LTF,2,1,5097,-675.8012261581025
C:N24_DMI,core,ALL|LTF,2,2,2631,-239.72945175136556
C:N24_DMI,core,ALL|LTF,2,3,112,-6.501385383307934
C:N24_DMI,core,ALL|LTF,3,0,2514,-541.6630213838071
C:N24_DMI,core,ALL|LTF,3,1,1272,-164.37711242749356
C:N24_DMI,core,ALL|LTF,3,2,613,-44.75594225747045
C:N24_DMI,core,ALL|LTF,3,3,95,-5.727561954408884
C:N24_DMI,core,ALL|SW,0,0,13118,-2161.6994780997156
C:N24_DMI,core,ALL|SW,0,1,7442,-1044.4527331393328
C:N24_DMI,core,ALL|SW,0,2,1478,-161.34189469920238
C:N24_DMI,core,ALL|SW,0,3,28,-0.8435644321143627
C:N24_DMI,core,ALL|SW,1,0,2122,-377.2834731955081
C:N24_DMI,core,ALL|SW,1,1,3297,-339.5979577365215
C:N24_DMI,core,ALL|SW,1,2,1738,-147.69142702256795
C:N24_DMI,core,ALL|SW,1,3,30,-5.352898117154837
C:N24_DMI,core,ALL|SW,2,0,590,-138.07009554933757
C:N24_DMI,core,ALL|SW,2,1,769,-103.26226421957836
C:N24_DMI,core,ALL|SW,2,2,1420,-95.64591292929254
C:N24_DMI,core,ALL|SW,2,3,58,-1.6237196680158377
C:N24_DMI,core,ALL|SW,3,0,50,-9.860914180520922
C:N24_DMI,core,ALL|SW,3,1,30,4.595327585935593
C:N24_DMI,core,ALL|SW,3,2,37,-6.003634184598923
C:N24_DMI,core,ALL|SW,3,3,59,-2.999157954007387
C:N24_DMI,core,ALL|SWH,0,0,8416,-1322.8820328516194
C:N24_DMI,core,ALL|SWH,0,1,728,-78.22423576470464
C:N24_DMI,core,ALL|SWH,0,2,128,-17.83713768760208
C:N24_DMI,core,ALL|SWH,0,3,2,0.7095098197460175
C:N24_DMI,core,ALL|SWH,1,0,10820,-1825.612576852429
C:N24_DMI,core,ALL|SWH,1,1,4946,-571.6151566974459
C:N24_DMI,core,ALL|SWH,1,2,413,-33.46222222503275
C:N24_DMI,core,ALL|SWH,1,3,8,1.0180764943361282
C:N24_DMI,core,ALL|SWH,2,0,15109,-2929.2012918582186
C:N24_DMI,core,ALL|SWH,2,1,8566,-1195.1634561981773
C:N24_DMI,core,ALL|SWH,2,2,4165,-334.4575476413611
C:N24_DMI,core,ALL|SWH,2,3,22,3.5136625096201897
C:N24_DMI,core,ALL|SWH,3,0,4499,-1181.6635105556343
C:N24_DMI,core,ALL|SWH,3,1,2232,-304.2850389876403
C:N24_DMI,core,ALL|SWH,3,2,1093,-118.56987761252094
C:N24_DMI,core,ALL|SWH,3,3,171,-16.602347088977695
C:N24_DMI,core,A|FC,0,0,25106,-4855.982889002986
C:N24_DMI,core,A|FC,0,1,10918,-1496.1998409135267
C:N24_DMI,core,A|FC,1,0,10426,-1780.0306212328142
C:N24_DMI,core,A|FC,1,1,6110,-675.8391167435711
C:N24_DMI,core,A|LTF,0,0,21919,-4320.579442819686
C:N24_DMI,core,A|LTF,0,1,8656,-1196.185390933475
C:N24_DMI,core,A|LTF,1,0,14561,-2477.569162223481
C:N24_DMI,core,A|LTF,1,1,7647,-890.8408375123199
C:N24_DMI,core,A|SW,0,0,13402,-2251.6157092686153
C:N24_DMI,core,A|SW,0,1,7725,-1085.1616500757227
C:N24_DMI,core,A|SW,1,0,2290,-407.24487459100783
C:N24_DMI,core,A|SW,1,1,3453,-361.8298135478399
C:N24_DMI,core,A|SWH,0,0,11736,-2052.5169983963606
C:N24_DMI,core,A|SWH,0,1,1187,-155.07538478495553
C:N24_DMI,core,A|SWH,1,0,25272,-4870.713075785017
C:N24_DMI,core,A|SWH,1,1,12912,-1674.1727058915294
C:N24_DMI,core,HI|FC,2,2,4877,-376.4621278352588
C:N24_DMI,core,HI|FC,2,3,222,-9.09824631921947
C:N24_DMI,core,HI|FC,3,2,618,-68.88112201669719
C:N24_DMI,core,HI|FC,3,3,103,-6.235403399914503
C:N24_DMI,core,HI|LTF,2,2,4791,-370.81086304481323
C:N24_DMI,core,HI|LTF,2,3,180,-8.76453460752964
C:N24_DMI,core,HI|LTF,3,2,738,-68.6125646935543
C:N24_DMI,core,HI|LTF,3,3,114,-8.534792421385646
C:N24_DMI,core,HI|SW,2,2,2667,-193.896253815823
C:N24_DMI,core,HI|SW,2,3,109,-3.7603458892554045
C:N24_DMI,core,HI|SW,3,2,66,-10.35071238130331
C:N24_DMI,core,HI|SW,3,3,60,-5.933914590626955
C:N24_DMI,core,HI|SWH,2,2,4503,-330.97148426249805
C:N24_DMI,core,HI|SWH,2,3,31,4.487957768142223
C:N24_DMI,core,HI|SWH,3,2,1104,-119.12901501741726
C:N24_DMI,core,HI|SWH,3,3,171,-16.539936555549502
C:N24_DMI,core,T15|FC,0,0,33066,-6160.962628707679
C:N24_DMI,core,T1h|FC,2,2,5271,-417.2575529001206
C:N24_DMI,core,T30|FC,1,1,13679,-1758.9306620326697
C:N24_DMI,core,T4h|FC,3,3,180,-18.387138282880187
C:N25_DST_CCI,core,ALLINF|FC,0,0,23093,-3815.943665756275
C:N25_DST_CCI,core,ALLINF|FC,0,1,11660,-1558.2434034514808
C:N25_DST_CCI,core,ALLINF|FC,0,2,3713,-233.8499117937754
C:N25_DST_CCI,core,ALLINF|FC,0,3,1145,-2.5247682320768945
C:N25_DST_CCI,core,ALLINF|FC,1,0,6477,-1221.653257801896
C:N25_DST_CCI,core,ALLINF|FC,1,1,4696,-518.3681009900465
C:N25_DST_CCI,core,ALLINF|FC,1,2,3062,-279.4379346098867
C:N25_DST_CCI,core,ALLINF|FC,1,3,336,-3.9271918332669884
C:N25_DST_CCI,core,ALLINF|FC,2,0,7533,-1463.871716932932
C:N25_DST_CCI,core,ALLINF|FC,2,1,3180,-394.6589334773016
C:N25_DST_CCI,core,ALLINF|FC,2,2,2564,-195.71070014348334
C:N25_DST_CCI,core,ALLINF|FC,2,3,391,-13.533682025619783
C:N25_DST_CCI,core,ALLINF|FC,3,0,3527,-816.1802223183768
C:N25_DST_CCI,core,ALLINF|FC,3,1,1795,-462.99161945283413
C:N25_DST_CCI,core,ALLINF|FC,3,2,847,-124.68635717214784
C:N25_DST_CCI,core,ALLINF|FC,3,3,384,-3.8540641932049766
C:N25_DST_CCI,core,ALLINF|SWH,0,0,8561,-1141.9108433849615
C:N25_DST_CCI,core,ALLINF|SWH,0,1,823,-117.13899585045874
C:N25_DST_CCI,core,ALLINF|SWH,0,2,82,-12.299985475838184
C:N25_DST_CCI,core,ALLINF|SWH,1,0,7246,-1176.3690109819859
C:N25_DST_CCI,core,ALLINF|SWH,1,1,5468,-663.4989473749229
C:N25_DST_CCI,core,ALLINF|SWH,1,2,492,-42.08949180145282
C:N25_DST_CCI,core,ALLINF|SWH,1,3,1,0.22600887715816498
C:N25_DST_CCI,core,ALLINF|SWH,2,0,12561,-2475.9205505407735
C:N25_DST_CCI,core,ALLINF|SWH,2,1,6262,-814.6390000153333
C:N25_DST_CCI,core,ALLINF|SWH,2,2,4777,-320.15089761565287
C:N25_DST_CCI,core,ALLINF|SWH,2,3,42,0.06919272150844336
C:N25_DST_CCI,core,ALLINF|SWH,3,0,14360,-2929.1459989208233
C:N25_DST_CCI,core,ALLINF|SWH,3,1,7592,-1235.7105647700664
C:N25_DST_CCI,core,ALLINF|SWH,3,2,3562,-366.04162207379704
C:N25_DST_CCI,core,ALLINF|SWH,3,3,1376,-14.348985061107669
C:N25_DST_CCI,core,ALL|FC,0,0,24405,-4053.3682583067844
C:N25_DST_CCI,core,ALL|FC,0,1,11791,-1605.7826874355305
C:N25_DST_CCI,core,ALL|FC,0,2,3228,-265.6774559188052
C:N25_DST_CCI,core,ALL|FC,0,3,287,-9.34828363917768
C:N25_DST_CCI,core,ALL|FC,1,0,6633,-1216.2004133702721
C:N25_DST_CCI,core,ALL|FC,1,1,4474,-569.9700137446343
C:N25_DST_CCI,core,ALL|FC,1,2,2503,-282.8552235440002
C:N25_DST_CCI,core,ALL|FC,1,3,57,-2.56056409701705
C:N25_DST_CCI,core,ALL|FC,2,0,7197,-1572.4264411034092
C:N25_DST_CCI,core,ALL|FC,2,1,2979,-474.54425763268955
C:N25_DST_CCI,core,ALL|FC,2,2,2071,-190.82396967494242
C:N25_DST_CCI,core,ALL|FC,2,3,80,-13.019840806722641
C:N25_DST_CCI,core,ALL|FC,3,0,1133,-341.907076084055
C:N25_DST_CCI,core,ALL|FC,3,1,624,-169.72222635149956
C:N25_DST_CCI,core,ALL|FC,3,2,320,-60.83846018835902
C:N25_DST_CCI,core,ALL|FC,3,3,47,-2.746904717758298
C:N25_DST_CCI,core,ALL|LTF,0,0,21866,-3639.121628397696
C:N25_DST_CCI,core,ALL|LTF,0,1,10067,-1403.7355683187416
C:N25_DST_CCI,core,ALL|LTF,0,2,2597,-205.96831125434255
C:N25_DST_CCI,core,ALL|LTF,0,3,240,-11.581458203494549
C:N25_DST_CCI,core,ALL|LTF,1,0,8155,-1420.9850583250518
C:N25_DST_CCI,core,ALL|LTF,1,1,5008,-604.6725298323436
C:N25_DST_CCI,core,ALL|LTF,1,2,2395,-270.59360968280816
C:N25_DST_CCI,core,ALL|LTF,1,3,75,-1.606187492609024
C:N25_DST_CCI,core,ALL|LTF,2,0,8760,-1932.356034225275
C:N25_DST_CCI,core,ALL|LTF,2,1,3900,-611.532249995973
C:N25_DST_CCI,core,ALL|LTF,2,2,2510,-229.11495346174888
C:N25_DST_CCI,core,ALL|LTF,2,3,96,-14.421666145324707
C:N25_DST_CCI,core,ALL|LTF,3,0,1285,-370.89426724333316
C:N25_DST_CCI,core,ALL|LTF,3,1,706,-190.6616106890142
C:N25_DST_CCI,core,ALL|LTF,3,2,378,-56.9988788664341
C:N25_DST_CCI,core,ALL|LTF,3,3,49,-2.6389184314757586
C:N25_DST_CCI,core,ALL|SW,0,0,15179,-2250.497714610056
C:N25_DST_CCI,core,ALL|SW,0,1,6387,-850.8074554986597
C:N25_DST_CCI,core,ALL|SW,0,2,981,-90.27291518542916
C:N25_DST_CCI,core,ALL|SW,0,3,50,-6.460559098049998
C:N25_DST_CCI,core,ALL|SW,1,0,1606,-239.5454627401632
C:N25_DST_CCI,core,ALL|SW,1,1,4787,-666.6591257893306
C:N25_DST_CCI,core,ALL|SW,1,2,1794,-239.28282446973026
C:N25_DST_CCI,core,ALL|SW,1,3,44,-0.5638801977038383
C:N25_DST_CCI,core,ALL|SW,2,0,516,-124.24752927849477
C:N25_DST_CCI,core,ALL|SW,2,1,721,-119.4063978025224
C:N25_DST_CCI,core,ALL|SW,2,2,1902,-113.59034491051534
C:N25_DST_CCI,core,ALL|SW,2,3,18,-3.720008946955204
C:N25_DST_CCI,core,ALL|SW,3,0,66,-0.3507764860987663
C:N25_DST_CCI,core,ALL|SW,3,1,87,-4.61781133338809
C:N25_DST_CCI,core,ALL|SW,3,2,38,-2.203083246946335
C:N25_DST_CCI,core,ALL|SW,3,3,69,-1.362184014171362
C:N25_DST_CCI,core,ALL|SWH,0,0,10515,-1491.3037459653715
C:N25_DST_CCI,core,ALL|SWH,0,1,984,-130.53052549099084
C:N25_DST_CCI,core,ALL|SWH,0,2,94,-19.60724524408579
C:N25_DST_CCI,core,ALL|SWH,1,0,9660,-1618.7635397801773
C:N25_DST_CCI,core,ALL|SWH,1,1,6849,-868.3611811987867
C:N25_DST_CCI,core,ALL|SWH,1,2,532,-60.60860283311922
C:N25_DST_CCI,core,ALL|SWH,1,3,1,0.2017015516757965
C:N25_DST_CCI,core,ALL|SWH,2,0,15469,-2917.8925998091727
C:N25_DST_CCI,core,ALL|SWH,2,1,7502,-1176.7406280461582
C:N25_DST_CCI,core,ALL|SWH,2,2,4755,-412.7206836126916
C:N25_DST_CCI,core,ALL|SWH,2,3,20,-1.4261230379343033
C:N25_DST_CCI,core,ALL|SWH,3,0,5499,-1553.7346685777884
C:N25_DST_CCI,core,ALL|SWH,3,1,2904,-502.9347680612991
C:N25_DST_CCI,core,ALL|SWH,3,2,1360,-155.43656657496467
C:N25_DST_CCI,core,ALL|SWH,3,3,212,-17.02838052250445
C:N25_DST_CCI,core,A|FC,0,0,29580,-5161.212077184127
C:N25_DST_CCI,core,A|FC,0,1,14074,-2053.96479350709
C:N25_DST_CCI,core,A|FC,1,0,8237,-1640.9191415914975
C:N25_DST_CCI,core,A|FC,1,1,5352,-707.4699339766812
C:N25_DST_CCI,core,A|LTF,0,0,27238,-4766.275079887082
C:N25_DST_CCI,core,A|LTF,0,1,12210,-1817.8160234798488
C:N25_DST_CCI,core,A|LTF,1,0,11236,-2206.543733902072
C:N25_DST_CCI,core,A|LTF,1,1,6714,-880.2726684687077
C:N25_DST_CCI,core,A|SW,0,0,15491,-2361.761313612775
C:N25_DST_CCI,core,A|SW,0,1,6593,-905.7114064213165
C:N25_DST_CCI,core,A|SW,1,0,1678,-246.78610810595274
C:N25_DST_CCI,core,A|SW,1,1,4984,-678.6039596826595
C:N25_DST_CCI,core,A|SWH,0,0,15780,-2457.8175983400433
C:N25_DST_CCI,core,A|SWH,0,1,1416,-168.76668382727075
C:N25_DST_CCI,core,A|SWH,1,0,23216,-4624.759507993744
C:N25_DST_CCI,core,A|SWH,1,1,14769,-2135.6040894023827
C:N25_DST_CCI,core,HI|FC,2,2,5617,-512.9764268545605
C:N25_DST_CCI,core,HI|FC,2,3,206,-7.821819517761469
C:N25_DST_CCI,core,HI|FC,3,2,810,-88.93598638102412
C:N25_DST_CCI,core,HI|FC,3,3,134,-11.91232618317008
C:N25_DST_CCI,core,HI|LTF,2,2,5555,-530.6576263083316
C:N25_DST_CCI,core,HI|LTF,2,3,176,-7.0737058855593204
C:N25_DST_CCI,core,HI|LTF,3,2,908,-73.4613374476321
C:N25_DST_CCI,core,HI|LTF,3,3,146,-10.571946445852518
C:N25_DST_CCI,core,HI|SW,2,2,2988,-232.41560330568427
C:N25_DST_CCI,core,HI|SW,2,3,59,-8.79299871623516
C:N25_DST_CCI,core,HI|SW,3,2,45,-7.313938841223717
C:N25_DST_CCI,core,HI|SW,3,3,85,-0.6126747615635395
C:N25_DST_CCI,core,HI|SWH,2,2,5174,-467.97457055358063
C:N25_DST_CCI,core,HI|SWH,2,3,24,-0.46086157858371735
C:N25_DST_CCI,core,HI|SWH,3,2,1358,-156.2820667461492
C:N25_DST_CCI,core,HI|SWH,3,3,212,-17.02838052250445
C:N25_DST_CCI,core,T15|FC,0,0,35810,-6510.2429449263855
C:N25_DST_CCI,core,T1h|FC,2,2,6160,-571.8161773847587
C:N25_DST_CCI,core,T30|FC,1,1,15835,-2265.118726484674
C:N25_DST_CCI,core,T4h|FC,3,3,218,-16.566625142470002
C:OBV_B,core,ALLINF|FC,0,0,14596,-2593.6439773950115
C:OBV_B,core,ALLINF|FC,0,1,7200,-1151.7425884988043
C:OBV_B,core,ALLINF|FC,0,2,2438,-231.56615767418407
C:OBV_B,core,ALLINF|FC,0,3,694,-38.50487185420934
C:OBV_B,core,ALLINF|FC,1,0,6558,-1057.1378882279969
C:OBV_B,core,ALLINF|FC,1,1,4547,-616.6603705958405
C:OBV_B,core,ALLINF|FC,1,2,2261,-231.33101060806075
C:OBV_B,core,ALLINF|FC,1,3,401,-7.887618653825484
C:OBV_B,core,ALLINF|FC,2,0,7075,-1323.0295169905294
C:OBV_B,core,ALLINF|FC,2,1,3094,-410.1606372271781
C:OBV_B,core,ALLINF|FC,2,2,2417,-254.29372882316238
C:OBV_B,core,ALLINF|FC,2,3,362,-14.25525476661278
C:OBV_B,core,ALLINF|FC,3,0,4079,-839.9747421155334
C:OBV_B,core,ALLINF|FC,3,1,2157,-192.4723161009606
C:OBV_B,core,ALLINF|FC,3,2,1016,-65.12098026496824
C:OBV_B,core,ALLINF|FC,3,3,402,-21.15754134207964
C:OBV_B,core,ALLINF|SWH,0,0,6858,-1080.1227831278811
C:OBV_B,core,ALLINF|SWH,0,1,336,-45.94456612231443
C:OBV_B,core,ALLINF|SWH,0,2,40,-6.35310036316514
C:OBV_B,core,ALLINF|SWH,0,3,3,-0.3504736125469208
C:OBV_B,core,ALLINF|SWH,1,0,5062,-815.2582537564449
C:OBV_B,core,ALLINF|SWH,1,1,4785,-659.2858542084869
C:OBV_B,core,ALLINF|SWH,1,2,241,-22.922605197876692
C:OBV_B,core,ALLINF|SWH,1,3,17,-1.8960666777566075
C:OBV_B,core,ALLINF|SWH,2,0,10354,-1878.4357178428909
C:OBV_B,core,ALLINF|SWH,2,1,4825,-655.5405621865939
C:OBV_B,core,ALLINF|SWH,2,2,3683,-385.77031895003165
C:OBV_B,core,ALLINF|SWH,2,3,28,-3.5227413326501846
C:OBV_B,core,ALLINF|SWH,3,0,11480,-2408.68814727664
C:OBV_B,core,ALLINF|SWH,3,1,6303,-917.131394527154
C:OBV_B,core,ALLINF|SWH,3,2,3012,-247.3107733782963
C:OBV_B,core,ALLINF|SWH,3,3,1020,-37.87672137882328
C:OBV_B,core,ALL|FC,0,0,16145,-2969.1971934687317
C:OBV_B,core,ALL|FC,0,1,7669,-1214.8082103901543
C:OBV_B,core,ALL|FC,0,2,2203,-245.66004861542024
C:OBV_B,core,ALL|FC,0,3,157,-20.541022753342986
C:OBV_B,core,ALL|FC,1,0,6766,-1173.7528801029548
C:OBV_B,core,ALL|FC,1,1,4357,-608.3312231047603
C:OBV_B,core,ALL|FC,1,2,1881,-188.9068675673916
C:OBV_B,core,ALL|FC,1,3,52,-4.304566986858845
C:OBV_B,core,ALL|FC,2,0,6702,-1292.8490715345833
C:OBV_B,core,ALL|FC,2,1,2904,-424.3427145977621
C:OBV_B,core,ALL|FC,2,2,1929,-228.11157332069706
C:OBV_B,core,ALL|FC,2,3,91,-3.6524961702525616
C:OBV_B,core,ALL|FC,3,0,1088,-212.3210043348372
C:OBV_B,core,ALL|FC,3,1,600,-60.666314826346934
C:OBV_B,core,ALL|FC,3,2,276,-15.678444270044565
C:OBV_B,core,ALL|FC,3,3,38,-6.5916184931993484
C:OBV_B,core,ALL|LTF,0,0,15308,-2864.801142891796
C:OBV_B,core,ALL|LTF,0,1,6941,-1124.589994834736
C:OBV_B,core,ALL|LTF,0,2,1950,-210.38852870743722
C:OBV_B,core,ALL|LTF,0,3,137,-23.46491522528231
C:OBV_B,core,ALL|LTF,1,0,7053,-1166.746613199124
C:OBV_B,core,ALL|LTF,1,1,4430,-635.9012747990491
C:OBV_B,core,ALL|LTF,1,2,1768,-205.58288398967125
C:OBV_B,core,ALL|LTF,1,3,51,-0.7296649031341076
C:OBV_B,core,ALL|LTF,2,0,7414,-1391.3248537450563
C:OBV_B,core,ALL|LTF,2,1,3395,-471.2728060486843
C:OBV_B,core,ALL|LTF,2,2,2075,-232.88374777126592
C:OBV_B,core,ALL|LTF,2,3,100,-3.3036353066563606
C:OBV_B,core,ALL|LTF,3,0,1280,-283.41953651432414
C:OBV_B,core,ALL|LTF,3,1,721,-88.48050232743844
C:OBV_B,core,ALL|LTF,3,2,326,-14.292134476825595
C:OBV_B,core,ALL|LTF,3,3,38,-7.773793041706085
C:OBV_B,core,ALL|SW,0,0,9746,-1608.9837656996679
C:OBV_B,core,ALL|SW,0,1,2478,-338.47864680161
C:OBV_B,core,ALL|SW,0,2,459,-53.342293007997796
C:OBV_B,core,ALL|SW,0,3,48,0.38599005714058876
C:OBV_B,core,ALL|SW,1,0,1108,-156.9755052663386
C:OBV_B,core,ALL|SW,1,1,4064,-545.8649348345643
C:OBV_B,core,ALL|SW,1,2,768,-70.53151841764338
C:OBV_B,core,ALL|SW,1,3,20,-5.112298801541328
C:OBV_B,core,ALL|SW,2,0,393,-56.29811468720436
C:OBV_B,core,ALL|SW,2,1,450,-46.129100786318304
C:OBV_B,core,ALL|SW,2,2,1666,-171.59641355276108
C:OBV_B,core,ALL|SW,2,3,18,-9.9322146512568
C:OBV_B,core,ALL|SW,3,0,39,-10.147399265319109
C:OBV_B,core,ALL|SW,3,1,33,-5.25430928170681
C:OBV_B,core,ALL|SW,3,2,31,-0.031917838379740715
C:OBV_B,core,ALL|SW,3,3,36,-1.3690697494894266
C:OBV_B,core,ALL|SWH,0,0,8557,-1321.2868645198178
C:OBV_B,core,ALL|SWH,0,1,490,-58.14812095701927
C:OBV_B,core,ALL|SWH,0,2,44,-3.5664998861029744
C:OBV_B,core,ALL|SWH,0,3,2,0.7724366188049316
C:OBV_B,core,ALL|SWH,1,0,6996,-1072.4685429077945
C:OBV_B,core,ALL|SWH,1,1,5843,-800.8507404399861
C:OBV_B,core,ALL|SWH,1,2,294,-8.10550192114897
C:OBV_B,core,ALL|SWH,1,3,4,-0.5136685967445374
C:OBV_B,core,ALL|SWH,2,0,12500,-2589.655744098476
C:OBV_B,core,ALL|SWH,2,1,5738,-801.365987316618
C:OBV_B,core,ALL|SWH,2,2,3614,-379.184618868283
C:OBV_B,core,ALL|SWH,2,3,13,-0.44325442612171173
C:OBV_B,core,ALL|SWH,3,0,3960,-1050.8278137469315
C:OBV_B,core,ALL|SWH,3,1,2189,-463.7180476700887
C:OBV_B,core,ALL|SWH,3,2,1016,-147.84770592860878
C:OBV_B,core,ALL|SWH,3,3,116,-13.606577763333917
C:OBV_B,core,A|FC,0,0,20459,-3863.84235527947
C:OBV_B,core,A|FC,0,1,9499,-1477.2076337413164
C:OBV_B,core,A|FC,1,0,8581,-1555.0966440663324
C:OBV_B,core,A|FC,1,1,5361,-774.3505414835236
C:OBV_B,core,A|LTF,0,0,19684,-3716.71163263997
C:OBV_B,core,A|LTF,0,1,8816,-1406.2593038232299
C:OBV_B,core,A|LTF,1,0,9635,-1733.2067979392014
C:OBV_B,core,A|LTF,1,1,5797,-825.4934642593435
C:OBV_B,core,A|SW,0,0,9896,-1652.6640366546344
C:OBV_B,core,A|SW,0,1,2624,-355.37357150466414
C:OBV_B,core,A|SW,1,0,1124,-162.86958212032914
C:OBV_B,core,A|SW,1,1,4134,-564.0296131958603
C:OBV_B,core,A|SWH,0,0,12832,-2177.3307940064115
C:OBV_B,core,A|SWH,0,1,760,-134.0809220118099
C:OBV_B,core,A|SWH,1,0,17014,-3486.052965510171
C:OBV_B,core,A|SWH,1,1,11406,-1769.136277214886
C:OBV_B,core,HI|FC,2,2,4175,-437.87252304085996
C:OBV_B,core,HI|FC,2,3,171,-11.803535286337137
C:OBV_B,core,HI|FC,3,2,589,-72.92789443209767
C:OBV_B,core,HI|FC,3,3,71,-12.432980256155133
C:OBV_B,core,HI|LTF,2,2,4166,-434.1994924409082
C:OBV_B,core,HI|LTF,2,3,163,-9.277500689029694
C:OBV_B,core,HI|LTF,3,2,608,-79.82172193750739
C:OBV_B,core,HI|LTF,3,3,71,-12.432980256155133
C:OBV_B,core,HI|SW,2,2,2122,-217.66086487402208
C:OBV_B,core,HI|SW,2,3,27,-7.940907869488001
C:OBV_B,core,HI|SW,3,2,42,-1.3666031192988157
C:OBV_B,core,HI|SW,3,3,44,-3.990482682362199
C:OBV_B,core,HI|SWH,2,2,3830,-381.0433815525612
C:OBV_B,core,HI|SWH,2,3,12,-0.8609687238931656
C:OBV_B,core,HI|SWH,3,2,1016,-141.06232569552958
C:OBV_B,core,HI|SWH,3,3,116,-13.582734594121575
C:OBV_B,core,T15|FC,0,0,26344,-4975.800980374668
C:OBV_B,core,T1h|FC,2,2,4526,-479.93636677914765
C:OBV_B,core,T30|FC,1,1,11986,-1846.8768725202244
C:OBV_B,core,T4h|FC,3,3,122,-14.631791049614549
C:OBV_S,core,ALLINF|FC,0,0,4558,-947.0739920948981
C:OBV_S,core,ALLINF|FC,0,1,1646,-256.96586206513166
C:OBV_S,core,ALLINF|FC,0,2,591,-36.706611254950985
C:OBV_S,core,ALLINF|FC,0,3,102,-3.3843412086134776
C:OBV_S,core,ALLINF|FC,1,0,1829,-276.7064422039548
C:OBV_S,core,ALLINF|FC,1,1,1571,-223.6914913674118
C:OBV_S,core,ALLINF|FC,1,2,629,-39.48510383703979
C:OBV_S,core,ALLINF|FC,1,3,79,-2.671743920072913
C:OBV_S,core,ALLINF|FC,2,0,1386,-225.5139608012978
C:OBV_S,core,ALLINF|FC,2,1,767,-137.37766247531727
C:OBV_S,core,ALLINF|FC,2,2,768,-61.22769970641821
C:OBV_S,core,ALLINF|FC,2,3,73,-1.7762435438344255
C:OBV_S,core,ALLINF|FC,3,0,906,-182.37277460226323
C:OBV_S,core,ALLINF|FC,3,1,453,-32.48720991797745
C:OBV_S,core,ALLINF|FC,3,2,281,-22.32330906460993
C:OBV_S,core,ALLINF|FC,3,3,157,-4.96155905816704
C:OBV_S,core,ALLINF|SWH,0,0,3244,-671.9626805305597
C:OBV_S,core,ALLINF|SWH,0,1,181,-21.497660983353853
C:OBV_S,core,ALLINF|SWH,0,2,44,-8.303018748760223
C:OBV_S,core,ALLINF|SWH,0,3,1,0.10312878340482712
C:OBV_S,core,ALLINF|SWH,1,0,2080,-356.3609909035731
C:OBV_S,core,ALLINF|SWH,1,1,1717,-225.7511711070547
C:OBV_S,core,ALLINF|SWH,1,2,66,-0.3988967575132847
C:OBV_S,core,ALLINF|SWH,1,3,6,2.2688917368650436
C:OBV_S,core,ALLINF|SWH,2,0,2296,-394.2090229790192
C:OBV_S,core,ALLINF|SWH,2,1,1340,-198.9449487008187
C:OBV_S,core,ALLINF|SWH,2,2,1154,-81.35242933078553
C:OBV_S,core,ALLINF|SWH,2,3,16,-7.52018777676858
C:OBV_S,core,ALLINF|SWH,3,0,1464,-319.893528248067
C:OBV_S,core,ALLINF|SWH,3,1,765,-88.29315513931215
C:OBV_S,core,ALLINF|SWH,3,2,482,-25.357088535558432
C:OBV_S,core,ALLINF|SWH,3,3,234,-4.491275015636347
C:OBV_S,core,ALL|FC,0,0,4869,-991.1415434377268
C:OBV_S,core,ALL|FC,0,1,1676,-273.277422898027
C:OBV_S,core,ALL|FC,0,2,523,-33.829870973480865
C:OBV_S,core,ALL|FC,0,3,31,-2.7385714513948187
C:OBV_S,core,ALL|FC,1,0,1873,-310.345929419389
C:OBV_S,core,ALL|FC,1,1,1562,-226.52026900125202
C:OBV_S,core,ALL|FC,1,2,561,-33.5551758017391
C:OBV_S,core,ALL|FC,1,3,20,-0.40763718634843826
C:OBV_S,core,ALL|FC,2,0,1201,-219.4118008245714
C:OBV_S,core,ALL|FC,2,1,651,-123.28062984822645
C:OBV_S,core,ALL|FC,2,2,582,-64.36002793241641
C:OBV_S,core,ALL|FC,2,3,20,-0.16918374598026276
C:OBV_S,core,ALL|FC,3,0,278,-72.06365170050412
C:OBV_S,core,ALL|FC,3,1,163,-2.328133314847946
C:OBV_S,core,ALL|FC,3,2,97,-12.275011990219355
C:OBV_S,core,ALL|FC,3,3,23,-7.2864111587405205
C:OBV_S,core,ALL|LTF,0,0,4670,-944.944989701733
C:OBV_S,core,ALL|LTF,0,1,1466,-248.83496260507673
C:OBV_S,core,ALL|LTF,0,2,452,-26.8232131365221
C:OBV_S,core,ALL|LTF,0,3,30,-3.0935155315091833
C:OBV_S,core,ALL|LTF,1,0,2055,-346.4754035768565
C:OBV_S,core,ALL|LTF,1,1,1595,-221.21724620496389
C:OBV_S,core,ALL|LTF,1,2,514,-18.6116754245013
C:OBV_S,core,ALL|LTF,1,3,20,-0.34003131836652756
C:OBV_S,core,ALL|LTF,2,0,1351,-264.7081574485637
C:OBV_S,core,ALL|LTF,2,1,794,-141.88375823116257
C:OBV_S,core,ALL|LTF,2,2,637,-84.02334957089624
C:OBV_S,core,ALL|LTF,2,3,20,-0.8055766969919205
C:OBV_S,core,ALL|LTF,3,0,280,-71.55263753701001
C:OBV_S,core,ALL|LTF,3,1,163,-2.328133314847946
C:OBV_S,core,ALL|LTF,3,2,99,-11.897225011140108
C:OBV_S,core,ALL|LTF,3,3,24,-6.939481519162655
C:OBV_S,core,ALL|SW,0,0,2984,-535.1810681206407
C:OBV_S,core,ALL|SW,0,1,619,-97.0176951517351
C:OBV_S,core,ALL|SW,0,2,167,-17.286795306950808
C:OBV_S,core,ALL|SW,0,3,3,-0.43916890025138855
C:OBV_S,core,ALL|SW,1,0,291,-50.657294340082444
C:OBV_S,core,ALL|SW,1,1,1073,-152.73397314012982
C:OBV_S,core,ALL|SW,1,2,213,-2.263389981118962
C:OBV_S,core,ALL|SW,1,3,7,0.8294366151094437
C:OBV_S,core,ALL|SW,2,0,104,-16.88698422210291
C:OBV_S,core,ALL|SW,2,1,99,-11.551187356584705
C:OBV_S,core,ALL|SW,2,2,429,-12.983811565529322
C:OBV_S,core,ALL|SW,2,3,2,1.0201203674077988
C:OBV_S,core,ALL|SW,3,0,13,4.115916088223457
C:OBV_S,core,ALL|SW,3,1,9,-5.219612643122673
C:OBV_S,core,ALL|SW,3,2,11,-2.8204651176929474
C:OBV_S,core,ALL|SW,3,3,15,-2.9744313433766365
C:OBV_S,core,ALL|SWH,0,0,3589,-687.0497917634202
C:OBV_S,core,ALL|SWH,0,1,193,-18.219398371875286
C:OBV_S,core,ALL|SWH,0,2,44,-11.159607902169228
C:OBV_S,core,ALL|SWH,1,0,2288,-432.0298995602643
C:OBV_S,core,ALL|SWH,1,1,1786,-248.01361418364104
C:OBV_S,core,ALL|SWH,1,2,80,3.293432515114546
C:OBV_S,core,ALL|SWH,1,3,3,0.6270640194416046
C:OBV_S,core,ALL|SWH,2,0,2173,-433.33867232408375
C:OBV_S,core,ALL|SWH,2,1,1278,-216.6708397954735
C:OBV_S,core,ALL|SWH,2,2,968,-85.05254218154005
C:OBV_S,core,ALL|SWH,2,3,7,-3.884900353848934
C:OBV_S,core,ALL|SWH,3,0,519,-133.4977563925786
C:OBV_S,core,ALL|SWH,3,1,279,-27.543874331284314
C:OBV_S,core,ALL|SWH,3,2,170,-7.592623773962259
C:OBV_S,core,ALL|SWH,3,3,42,-8.236627820297144
C:OBV_S,core,A|FC,0,0,5523,-1129.6344558293931
C:OBV_S,core,A|FC,0,1,1979,-334.5477070367051
C:OBV_S,core,A|FC,1,0,2124,-328.04109409148805
C:OBV_S,core,A|FC,1,1,1787,-258.2610142453341
C:OBV_S,core,A|LTF,0,0,5368,-1099.061408857815
C:OBV_S,core,A|LTF,0,1,1755,-303.6558226268826
C:OBV_S,core,A|LTF,1,0,2411,-396.4872687391471
C:OBV_S,core,A|LTF,1,1,1900,-266.87410357862245
C:OBV_S,core,A|SW,0,0,3040,-542.9495436946163
C:OBV_S,core,A|SW,0,1,645,-102.94549286004622
C:OBV_S,core,A|SW,1,0,304,-49.462335817166604
C:OBV_S,core,A|SW,1,1,1106,-159.81483089388348
C:OBV_S,core,A|SWH,0,0,4379,-861.0972482244251
C:OBV_S,core,A|SWH,0,1,246,-29.0644493434811
C:OBV_S,core,A|SWH,1,0,3483,-672.8959576179041
C:OBV_S,core,A|SWH,1,1,2659,-405.06456006958615
C:OBV_S,core,HI|FC,2,2,1053,-101.36695431158296
C:OBV_S,core,HI|FC,2,3,42,-3.4220777874579653
C:OBV_S,core,HI|FC,3,2,144,4.30804206058383
C:OBV_S,core,HI|FC,3,3,32,-8.08936259150505
C:OBV_S,core,HI|LTF,2,2,1053,-101.36695431158296
C:OBV_S,core,HI|LTF,2,3,41,-4.199558210908435
C:OBV_S,core,HI|LTF,3,2,145,5.968859922140837
C:OBV_S,core,HI|LTF,3,3,32,-8.08936259150505
C:OBV_S,core,HI|SW,2,2,591,-28.37442874055705
C:OBV_S,core,HI|SW,2,3,11,-3.790087938308716
C:OBV_S,core,HI|SW,3,2,20,-7.46095210313797
C:OBV_S,core,HI|SW,3,3,17,-3.412892572581768
C:OBV_S,core,HI|SWH,2,2,1022,-90.71769751035026
C:OBV_S,core,HI|SWH,2,3,8,-3.694754905998707
C:OBV_S,core,HI|SWH,3,2,175,-6.738548848778009
C:OBV_S,core,HI|SWH,3,3,43,-7.792378547950648
C:OBV_S,core,T15|FC,0,0,6637,-1319.1832660572836
C:OBV_S,core,T1h|FC,2,2,1120,-97.45158774391166
C:OBV_S,core,T30|FC,1,1,2782,-437.01491869881283
C:OBV_S,core,T4h|FC,3,3,47,-7.903372097178362
C:S1_EMA_RSI_CHOP,core,ALLINF|FC,0,0,55,-5.187445828691125
C:S1_EMA_RSI_CHOP,core,ALLINF|FC,0,1,37,-0.5598479583859444
C:S1_EMA_RSI_CHOP,core,ALLINF|FC,1,1,15,-6.588719114661217
C:S1_EMA_RSI_CHOP,core,ALLINF|FC,1,2,8,-1.1253668069839478
C:S1_EMA_RSI_CHOP,core,ALLINF|FC,2,2,10,1.1583191454410553
C:S1_EMA_RSI_CHOP,core,ALLINF|FC,3,3,2,-1.1068240366876125
C:S1_EMA_RSI_CHOP,core,ALLINF|SWH,0,0,52,-5.49100792221725
C:S1_EMA_RSI_CHOP,core,ALLINF|SWH,0,1,16,-1.9368645697832108
C:S1_EMA_RSI_CHOP,core,ALLINF|SWH,1,0,6,-0.5898415185511112
C:S1_EMA_RSI_CHOP,core,ALLINF|SWH,1,1,19,-6.76467527449131
C:S1_EMA_RSI_CHOP,core,ALLINF|SWH,1,2,3,-0.36301952600479126
C:S1_EMA_RSI_CHOP,core,ALLINF|SWH,2,1,2,-0.15572603046894073
C:S1_EMA_RSI_CHOP,core,ALLINF|SWH,2,2,11,1.4143061637878418
C:S1_EMA_RSI_CHOP,core,ALLINF|SWH,3,3,2,-1.1068240366876125
C:S1_EMA_RSI_CHOP,core,ALL|FC,0,0,49,-3.530460575595498
C:S1_EMA_RSI_CHOP,core,ALL|FC,0,1,30,-1.417436596006155
C:S1_EMA_RSI_CHOP,core,ALL|FC,1,1,10,-6.181368961930275
C:S1_EMA_RSI_CHOP,core,ALL|FC,1,2,3,-0.36301952600479126
C:S1_EMA_RSI_CHOP,core,ALL|FC,2,2,6,0.5971782207489014
C:S1_EMA_RSI_CHOP,core,ALL|FC,3,3,1,-1.0525400638580322
C:S1_EMA_RSI_CHOP,core,ALL|LTF,0,0,49,-3.530460575595498
C:S1_EMA_RSI_CHOP,core,ALL|LTF,0,1,28,-0.30381764099001884
C:S1_EMA_RSI_CHOP,core,ALL|LTF,1,0,2,-0.9400195926427841
C:S1_EMA_RSI_CHOP,core,ALL|LTF,1,1,10,-6.181368961930275
C:S1_EMA_RSI_CHOP,core,ALL|LTF,1,2,3,-0.36301952600479126
C:S1_EMA_RSI_CHOP,core,ALL|LTF,2,2,6,0.5971782207489014
C:S1_EMA_RSI_CHOP,core,ALL|LTF,3,3,1,-1.0525400638580322
C:S1_EMA_RSI_CHOP,core,ALL|SW,0,0,34,0.01710980199277401
C:S1_EMA_RSI_CHOP,core,ALL|SW,0,1,17,-4.866126209497452
C:S1_EMA_RSI_CHOP,core,ALL|SW,1,1,13,-3.6128325909376144
C:S1_EMA_RSI_CHOP,core,ALL|SW,1,2,3,-0.36301952600479126
C:S1_EMA_RSI_CHOP,core,ALL|SW,2,2,5,0.25852593779563904
C:S1_EMA_RSI_CHOP,core,ALL|SW,3,3,1,-1.0525400638580322
C:S1_EMA_RSI_CHOP,core,ALL|SWH,0,0,49,-3.530460575595498
C:S1_EMA_RSI_CHOP,core,ALL|SWH,0,1,16,-1.9368645697832108
C:S1_EMA_RSI_CHOP,core,ALL|SWH,1,0,2,-0.9400195926427841
C:S1_EMA_RSI_CHOP,core,ALL|SWH,1,1,12,-5.621972933411598
C:S1_EMA_RSI_CHOP,core,ALL|SWH,1,2,3,-0.36301952600479126
C:S1_EMA_RSI_CHOP,core,ALL|SWH,2,2,6,0.5971782207489014
C:S1_EMA_RSI_CHOP,core,ALL|SWH,3,3,1,-1.0525400638580322
C:S1_EMA_RSI_CHOP,core,A|FC,0,0,49,-3.530460575595498
C:S1_EMA_RSI_CHOP,core,A|FC,0,1,30,-1.417436596006155
C:S1_EMA_RSI_CHOP,core,A|FC,1,1,10,-6.181368961930275
C:S1_EMA_RSI_CHOP,core,A|LTF,0,0,49,-3.530460575595498
C:S1_EMA_RSI_CHOP,core,A|LTF,0,1,28,-0.30381764099001884
C:S1_EMA_RSI_CHOP,core,A|LTF,1,0,2,-0.9400195926427841
C:S1_EMA_RSI_CHOP,core,A|LTF,1,1,10,-6.181368961930275
C:S1_EMA_RSI_CHOP,core,A|SW,0,0,34,0.01710980199277401
C:S1_EMA_RSI_CHOP,core,A|SW,0,1,17,-4.866126209497452
C:S1_EMA_RSI_CHOP,core,A|SW,1,1,13,-3.6128325909376144
C:S1_EMA_RSI_CHOP,core,A|SWH,0,0,49,-3.530460575595498
C:S1_EMA_RSI_CHOP,core,A|SWH,0,1,16,-1.9368645697832108
C:S1_EMA_RSI_CHOP,core,A|SWH,1,0,2,-0.9400195926427841
C:S1_EMA_RSI_CHOP,core,A|SWH,1,1,12,-5.621972933411598
C:S1_EMA_RSI_CHOP,core,HI|FC,2,2,6,0.5971782207489014
C:S1_EMA_RSI_CHOP,core,HI|FC,3,3,1,-1.0525400638580322
C:S1_EMA_RSI_CHOP,core,HI|LTF,2,2,6,0.5971782207489014
C:S1_EMA_RSI_CHOP,core,HI|LTF,3,3,1,-1.0525400638580322
C:S1_EMA_RSI_CHOP,core,HI|SW,2,2,5,0.25852593779563904
C:S1_EMA_RSI_CHOP,core,HI|SW,3,3,1,-1.0525400638580322
C:S1_EMA_RSI_CHOP,core,HI|SWH,2,2,6,0.5971782207489014
C:S1_EMA_RSI_CHOP,core,HI|SWH,3,3,1,-1.0525400638580322
C:S1_EMA_RSI_CHOP,core,T15|FC,0,0,49,-3.530460575595498
C:S1_EMA_RSI_CHOP,core,T1h|FC,2,2,6,0.5971782207489014
C:S1_EMA_RSI_CHOP,core,T30|FC,1,1,18,-4.912752017378807
C:S1_EMA_RSI_CHOP,core,T4h|FC,3,3,1,-1.0525400638580322
C:S2_ST_ROC,core,ALLINF|FC,0,0,36777,-6325.068236120038
C:S2_ST_ROC,core,ALLINF|FC,0,1,17798,-2254.809394287091
C:S2_ST_ROC,core,ALLINF|FC,0,2,7290,-622.6456882968778
C:S2_ST_ROC,core,ALLINF|FC,0,3,1853,-18.18726823560428
C:S2_ST_ROC,core,ALLINF|FC,1,0,22557,-3241.867692057993
C:S2_ST_ROC,core,ALLINF|FC,1,1,12689,-1397.1982238931814
C:S2_ST_ROC,core,ALLINF|FC,1,2,6197,-408.6478703521643
C:S2_ST_ROC,core,ALLINF|FC,1,3,1410,-16.19318153851782
C:S2_ST_ROC,core,ALLINF|FC,2,0,19291,-3617.498646692751
C:S2_ST_ROC,core,ALLINF|FC,2,1,9458,-1324.5172026620803
C:S2_ST_ROC,core,ALLINF|FC,2,2,5808,-464.4636428079102
C:S2_ST_ROC,core,ALLINF|FC,2,3,1174,-64.21291767299408
C:S2_ST_ROC,core,ALLINF|FC,3,0,8789,-1579.8974240488387
C:S2_ST_ROC,core,ALLINF|FC,3,1,4186,-555.240652713168
C:S2_ST_ROC,core,ALLINF|FC,3,2,2034,-189.59451638063183
C:S2_ST_ROC,core,ALLINF|FC,3,3,822,-7.159752308973111
C:S2_ST_ROC,core,ALLINF|SWH,0,0,7149,-914.566686900449
C:S2_ST_ROC,core,ALLINF|SWH,0,1,369,-44.02745487401262
C:S2_ST_ROC,core,ALLINF|SWH,0,2,113,-9.474004849325866
C:S2_ST_ROC,core,ALLINF|SWH,0,3,27,3.4809218836016953
C:S2_ST_ROC,core,ALLINF|SWH,1,0,12485,-1757.4853727812297
C:S2_ST_ROC,core,ALLINF|SWH,1,1,6870,-667.4284600020037
C:S2_ST_ROC,core,ALLINF|SWH,1,2,315,-25.934507532045245
C:S2_ST_ROC,core,ALLINF|SWH,1,3,63,11.027175362687558
C:S2_ST_ROC,core,ALLINF|SWH,2,0,26702,-4222.72691386419
C:S2_ST_ROC,core,ALLINF|SWH,2,1,14452,-1655.1119748527944
C:S2_ST_ROC,core,ALLINF|SWH,2,2,7737,-522.349528752151
C:S2_ST_ROC,core,ALLINF|SWH,2,3,85,-0.5430577032966539
C:S2_ST_ROC,core,ALLINF|SWH,3,0,44356,-8305.955343891663
C:S2_ST_ROC,core,ALLINF|SWH,3,1,22323,-3150.2338152296725
C:S2_ST_ROC,core,ALLINF|SWH,3,2,11404,-999.0388800564397
C:S2_ST_ROC,core,ALLINF|SWH,3,3,3563,-78.01508367893985
C:S2_ST_ROC,core,ALL|FC,0,0,40006,-6662.522693874504
C:S2_ST_ROC,core,ALL|FC,0,1,18127,-2462.4807555016014
C:S2_ST_ROC,core,ALL|FC,0,2,6270,-647.3113507706439
C:S2_ST_ROC,core,ALL|FC,0,3,464,1.2145651644095778
C:S2_ST_ROC,core,ALL|FC,1,0,22980,-3424.505653722994
C:S2_ST_ROC,core,ALL|FC,1,1,12350,-1387.0930517309607
C:S2_ST_ROC,core,ALL|FC,1,2,5159,-408.09824481327087
C:S2_ST_ROC,core,ALL|FC,1,3,312,-35.9920635689341
C:S2_ST_ROC,core,ALL|FC,2,0,18330,-3639.4229843414214
C:S2_ST_ROC,core,ALL|FC,2,1,8749,-1174.9053024739205
C:S2_ST_ROC,core,ALL|FC,2,2,4599,-377.7404499364711
C:S2_ST_ROC,core,ALL|FC,2,3,276,-23.0565810771659
C:S2_ST_ROC,core,ALL|FC,3,0,3482,-867.5112306793817
C:S2_ST_ROC,core,ALL|FC,3,1,1705,-275.18071325073834
C:S2_ST_ROC,core,ALL|FC,3,2,820,-85.35950782237342
C:S2_ST_ROC,core,ALL|FC,3,3,94,-0.05260505899786949
C:S2_ST_ROC,core,ALL|LTF,0,0,32289,-5231.527243529927
C:S2_ST_ROC,core,ALL|LTF,0,1,13639,-1877.8054488370544
C:S2_ST_ROC,core,ALL|LTF,0,2,4590,-504.6931935081957
C:S2_ST_ROC,core,ALL|LTF,0,3,350,-11.539502237923443
C:S2_ST_ROC,core,ALL|LTF,1,0,24477,-3497.0713956681684
C:S2_ST_ROC,core,ALL|LTF,1,1,12289,-1241.4157909779606
C:S2_ST_ROC,core,ALL|LTF,1,2,4554,-331.1038410359761
C:S2_ST_ROC,core,ALL|LTF,1,3,278,-14.308799300342798
C:S2_ST_ROC,core,ALL|LTF,2,0,25078,-4969.292965719738
C:S2_ST_ROC,core,ALL|LTF,2,1,12731,-1892.6813573363415
C:S2_ST_ROC,core,ALL|LTF,2,2,6109,-538.2610704678737
C:S2_ST_ROC,core,ALL|LTF,2,3,343,-24.350926029525
C:S2_ST_ROC,core,ALL|LTF,3,0,4354,-1130.8055225835778
C:S2_ST_ROC,core,ALL|LTF,3,1,2156,-290.3062276933051
C:S2_ST_ROC,core,ALL|LTF,3,2,1054,-81.34333267918555
C:S2_ST_ROC,core,ALL|LTF,3,3,132,-3.5516604017466307
C:S2_ST_ROC,core,ALL|SW,0,0,33034,-4882.059795400077
C:S2_ST_ROC,core,ALL|SW,0,1,11857,-1322.5191834949364
C:S2_ST_ROC,core,ALL|SW,0,2,3618,-377.4462472295854
C:S2_ST_ROC,core,ALL|SW,0,3,205,4.4610969591885805
C:S2_ST_ROC,core,ALL|SW,1,0,6345,-928.4305097861215
C:S2_ST_ROC,core,ALL|SW,1,1,11608,-1370.1147865897892
C:S2_ST_ROC,core,ALL|SW,1,2,3402,-333.95702740572597
C:S2_ST_ROC,core,ALL|SW,1,3,165,-6.889272002037615
C:S2_ST_ROC,core,ALL|SW,2,0,2279,-425.73165990097914
C:S2_ST_ROC,core,ALL|SW,2,1,2084,-306.7921246881888
C:S2_ST_ROC,core,ALL|SW,2,2,4029,-300.3788970402675
C:S2_ST_ROC,core,ALL|SW,2,3,159,-17.575126715004444
C:S2_ST_ROC,core,ALL|SW,3,0,231,-38.619434972759336
C:S2_ST_ROC,core,ALL|SW,3,1,204,-26.347913251491264
C:S2_ST_ROC,core,ALL|SW,3,2,166,-10.910437569953501
C:S2_ST_ROC,core,ALL|SW,3,3,133,-7.054914124310017
C:S2_ST_ROC,core,ALL|SWH,0,0,10231,-1181.4399763989131
C:S2_ST_ROC,core,ALL|SWH,0,1,503,-37.64723693020642
C:S2_ST_ROC,core,ALL|SWH,0,2,125,-10.979942948091775
C:S2_ST_ROC,core,ALL|SWH,0,3,15,2.407145284116268
C:S2_ST_ROC,core,ALL|SWH,1,0,19422,-2469.884031459638
C:S2_ST_ROC,core,ALL|SWH,1,1,9504,-882.7163913357072
C:S2_ST_ROC,core,ALL|SWH,1,2,449,-49.54347463976592
C:S2_ST_ROC,core,ALL|SWH,1,3,28,8.79134120279923
C:S2_ST_ROC,core,ALL|SWH,2,0,40348,-7323.718987902033
C:S2_ST_ROC,core,ALL|SWH,2,1,20967,-2793.2114403827236
C:S2_ST_ROC,core,ALL|SWH,2,2,9579,-810.3217029855514
C:S2_ST_ROC,core,ALL|SWH,2,3,62,2.9650998264551163
C:S2_ST_ROC,core,ALL|SWH,3,0,17741,-4160.845849018282
C:S2_ST_ROC,core,ALL|SWH,3,1,8996,-1484.2805942577688
C:S2_ST_ROC,core,ALL|SWH,3,2,4522,-482.2593304158072
C:S2_ST_ROC,core,ALL|SWH,3,3,588,-47.91493096202612
C:S2_ST_ROC,core,A|FC,0,0,52055,-9075.871013134158
C:S2_ST_ROC,core,A|FC,0,1,23611,-3150.217790547438
C:S2_ST_ROC,core,A|FC,1,0,30636,-5185.725076042665
C:S2_ST_ROC,core,A|FC,1,1,16312,-2053.287877230434
C:S2_ST_ROC,core,A|LTF,0,0,45289,-7984.275694797041
C:S2_ST_ROC,core,A|LTF,0,1,19196,-2761.440467524255
C:S2_ST_ROC,core,A|LTF,1,0,38640,-6426.5998729234525
C:S2_ST_ROC,core,A|LTF,1,1,19735,-2363.7496839521864
C:S2_ST_ROC,core,A|SW,0,0,33959,-5049.12052674959
C:S2_ST_ROC,core,A|SW,0,1,12510,-1465.280934649607
C:S2_ST_ROC,core,A|SW,1,0,6737,-997.8020696188323
C:S2_ST_ROC,core,A|SW,1,1,12070,-1431.5116058278745
C:S2_ST_ROC,core,A|SWH,0,0,18326,-2493.6893474656317
C:S2_ST_ROC,core,A|SWH,0,1,1033,-67.08800521236844
C:S2_ST_ROC,core,A|SWH,1,0,66569,-12073.08336516938
C:S2_ST_ROC,core,A|SWH,1,1,34738,-4617.004616998218
C:S2_ST_ROC,core,HI|FC,2,2,12137,-1128.6726336824868
C:S2_ST_ROC,core,HI|FC,2,3,688,-51.93376759393141
C:S2_ST_ROC,core,HI|FC,3,2,2113,-186.75134045007871
C:S2_ST_ROC,core,HI|FC,3,3,295,-0.7009526304900646
C:S2_ST_ROC,core,HI|LTF,2,2,11802,-1097.6228443587825
C:S2_ST_ROC,core,HI|LTF,2,3,589,-39.28653662651777
C:S2_ST_ROC,core,HI|LTF,3,2,2551,-228.8474770268076
C:S2_ST_ROC,core,HI|LTF,3,3,346,-10.946463396772742
C:S2_ST_ROC,core,HI|SW,2,2,6695,-503.9285358705092
C:S2_ST_ROC,core,HI|SW,2,3,299,-23.291683164890856
C:S2_ST_ROC,core,HI|SW,3,2,255,-6.25352076429408
C:S2_ST_ROC,core,HI|SW,3,3,179,1.2442605439573526
C:S2_ST_ROC,core,HI|SWH,2,2,9922,-862.7178164492288
C:S2_ST_ROC,core,HI|SWH,2,3,80,2.6324246153235435
C:S2_ST_ROC,core,HI|SWH,3,2,4618,-484.1110812527477
C:S2_ST_ROC,core,HI|SWH,3,3,601,-41.48772029206157
C:S2_ST_ROC,core,T15|FC,0,0,77986,-13481.089848975058
C:S2_ST_ROC,core,T1h|FC,2,2,13769,-1266.493620200541
C:S2_ST_ROC,core,T30|FC,1,1,35606,-4674.544035380963
C:S2_ST_ROC,core,T4h|FC,3,3,652,-41.34601999633014
C:S3_CMO_SANDWICH,core,ALLINF|FC,0,0,2597,-552.3246167696198
C:S3_CMO_SANDWICH,core,ALLINF|FC,0,1,911,-120.88968384446343
C:S3_CMO_SANDWICH,core,ALLINF|FC,0,2,379,-29.816202610265464
C:S3_CMO_SANDWICH,core,ALLINF|FC,0,3,57,-6.329281420912594
C:S3_CMO_SANDWICH,core,ALLINF|FC,1,0,1063,-246.97559514362365
C:S3_CMO_SANDWICH,core,ALLINF|FC,1,1,899,-166.81620057042164
C:S3_CMO_SANDWICH,core,ALLINF|FC,1,2,281,-53.83689245022833
C:S3_CMO_SANDWICH,core,ALLINF|FC,1,3,58,-4.646708634682
C:S3_CMO_SANDWICH,core,ALLINF|FC,2,0,775,-187.67766356971697
C:S3_CMO_SANDWICH,core,ALLINF|FC,2,1,335,-28.73560733953491
C:S3_CMO_SANDWICH,core,ALLINF|FC,2,2,362,-46.32577699399553
C:S3_CMO_SANDWICH,core,ALLINF|FC,2,3,40,-4.885292265564203
C:S3_CMO_SANDWICH,core,ALLINF|FC,3,0,393,-54.65080295316875
C:S3_CMO_SANDWICH,core,ALLINF|FC,3,1,175,-20.20587345981039
C:S3_CMO_SANDWICH,core,ALLINF|FC,3,2,107,-25.569314098684117
C:S3_CMO_SANDWICH,core,ALLINF|FC,3,3,62,-13.345222678035498
C:S3_CMO_SANDWICH,core,ALLINF|SWH,0,0,1977,-396.6676273465273
C:S3_CMO_SANDWICH,core,ALLINF|SWH,0,1,73,-6.185368850827217
C:S3_CMO_SANDWICH,core,ALLINF|SWH,0,2,29,-6.71546583622694
C:S3_CMO_SANDWICH,core,ALLINF|SWH,0,3,2,0.4322846531867981
C:S3_CMO_SANDWICH,core,ALLINF|SWH,1,0,1285,-266.5280459355563
C:S3_CMO_SANDWICH,core,ALLINF|SWH,1,1,1038,-169.7967365252407
C:S3_CMO_SANDWICH,core,ALLINF|SWH,1,2,26,-9.179701801389456
C:S3_CMO_SANDWICH,core,ALLINF|SWH,1,3,7,-0.1503354273736477
C:S3_CMO_SANDWICH,core,ALLINF|SWH,2,0,1119,-333.87358775446774
C:S3_CMO_SANDWICH,core,ALLINF|SWH,2,1,553,-97.65884484129492
C:S3_CMO_SANDWICH,core,ALLINF|SWH,2,2,554,-54.560319158481434
C:S3_CMO_SANDWICH,core,ALLINF|SWH,3,0,622,-109.56445029936731
C:S3_CMO_SANDWICH,core,ALLINF|SWH,3,1,284,-41.74947124742903
C:S3_CMO_SANDWICH,core,ALLINF|SWH,3,2,183,-34.77849717694335
C:S3_CMO_SANDWICH,core,ALLINF|SWH,3,3,101,-15.344226117944345
C:S3_CMO_SANDWICH,core,ALL|FC,0,0,2725,-577.5686215556343
C:S3_CMO_SANDWICH,core,ALL|FC,0,1,932,-125.11916524445405
C:S3_CMO_SANDWICH,core,ALL|FC,0,2,341,-29.620030547026545
C:S3_CMO_SANDWICH,core,ALL|FC,0,3,11,-1.620711350813508
C:S3_CMO_SANDWICH,core,ALL|FC,1,0,1069,-235.97362680919468
C:S3_CMO_SANDWICH,core,ALL|FC,1,1,855,-171.84826754753885
C:S3_CMO_SANDWICH,core,ALL|FC,1,2,257,-44.249154260382056
C:S3_CMO_SANDWICH,core,ALL|FC,1,3,13,0.5544595196843147
C:S3_CMO_SANDWICH,core,ALL|FC,2,0,660,-155.49697461203323
C:S3_CMO_SANDWICH,core,ALL|FC,2,1,290,-30.214512737467885
C:S3_CMO_SANDWICH,core,ALL|FC,2,2,271,-48.167454165406525
C:S3_CMO_SANDWICH,core,ALL|FC,2,3,9,-1.8926879167556763
C:S3_CMO_SANDWICH,core,ALL|FC,3,0,95,-10.889159977436066
C:S3_CMO_SANDWICH,core,ALL|FC,3,1,41,-11.275084786117077
C:S3_CMO_SANDWICH,core,ALL|FC,3,2,28,-14.021212118444964
C:S3_CMO_SANDWICH,core,ALL|FC,3,3,6,-3.740757182240486
C:S3_CMO_SANDWICH,core,ALL|LTF,0,0,2664,-567.6612658131053
C:S3_CMO_SANDWICH,core,ALL|LTF,0,1,871,-115.63023502653232
C:S3_CMO_SANDWICH,core,ALL|LTF,0,2,309,-28.475574573967606
C:S3_CMO_SANDWICH,core,ALL|LTF,0,3,11,-1.620711350813508
C:S3_CMO_SANDWICH,core,ALL|LTF,1,0,1151,-250.46782409772277
C:S3_CMO_SANDWICH,core,ALL|LTF,1,1,869,-174.77552128558455
C:S3_CMO_SANDWICH,core,ALL|LTF,1,2,249,-44.41227333806455
C:S3_CMO_SANDWICH,core,ALL|LTF,1,3,12,1.60756666213274
C:S3_CMO_SANDWICH,core,ALL|LTF,2,0,702,-155.04494382851408
C:S3_CMO_SANDWICH,core,ALL|LTF,2,1,310,-43.594482120126486
C:S3_CMO_SANDWICH,core,ALL|LTF,2,2,286,-45.521186080761254
C:S3_CMO_SANDWICH,core,ALL|LTF,2,3,8,-0.8384689092636108
C:S3_CMO_SANDWICH,core,ALL|LTF,3,0,96,-12.694913446903229
C:S3_CMO_SANDWICH,core,ALL|LTF,3,1,45,-12.819826744496822
C:S3_CMO_SANDWICH,core,ALL|LTF,3,2,31,-14.065079527674243
C:S3_CMO_SANDWICH,core,ALL|LTF,3,3,6,-3.740757182240486
C:S3_CMO_SANDWICH,core,ALL|SW,0,0,1217,-223.05765864625573
C:S3_CMO_SANDWICH,core,ALL|SW,0,1,179,-24.27738168905489
C:S3_CMO_SANDWICH,core,ALL|SW,0,2,91,-12.804201047867537
C:S3_CMO_SANDWICH,core,ALL|SW,0,3,3,-0.6886987835168839
C:S3_CMO_SANDWICH,core,ALL|SW,1,0,130,-28.480794940143824
C:S3_CMO_SANDWICH,core,ALL|SW,1,1,510,-80.98084094152728
C:S3_CMO_SANDWICH,core,ALL|SW,1,2,38,-6.277240626513958
C:S3_CMO_SANDWICH,core,ALL|SW,1,3,5,-4.094798982143402
C:S3_CMO_SANDWICH,core,ALL|SW,2,0,57,-7.123055070638657
C:S3_CMO_SANDWICH,core,ALL|SW,2,1,32,3.8997197709977627
C:S3_CMO_SANDWICH,core,ALL|SW,2,2,186,-20.311904979404062
C:S3_CMO_SANDWICH,core,ALL|SW,2,3,1,-1.0542190074920654
C:S3_CMO_SANDWICH,core,ALL|SW,3,0,6,0.11867564171552658
C:S3_CMO_SANDWICH,core,ALL|SW,3,1,2,-0.5974955558776855
C:S3_CMO_SANDWICH,core,ALL|SW,3,2,4,0.7962312400341034
C:S3_CMO_SANDWICH,core,ALL|SW,3,3,2,-2.1433069705963135
C:S3_CMO_SANDWICH,core,ALL|SWH,0,0,2134,-429.17934800015064
C:S3_CMO_SANDWICH,core,ALL|SWH,0,1,74,-5.705958053469658
C:S3_CMO_SANDWICH,core,ALL|SWH,0,2,27,-8.083076126873493
C:S3_CMO_SANDWICH,core,ALL|SWH,0,3,1,0.17288166284561157
C:S3_CMO_SANDWICH,core,ALL|SWH,1,0,1360,-282.4055944811553
C:S3_CMO_SANDWICH,core,ALL|SWH,1,1,1059,-178.73340174868645
C:S3_CMO_SANDWICH,core,ALL|SWH,1,2,27,-8.157167807221413
C:S3_CMO_SANDWICH,core,ALL|SWH,1,3,3,-0.49383482336997986
C:S3_CMO_SANDWICH,core,ALL|SWH,2,0,1044,-310.0929260616249
C:S3_CMO_SANDWICH,core,ALL|SWH,2,1,511,-93.79198954941239
C:S3_CMO_SANDWICH,core,ALL|SWH,2,2,467,-59.21973544405773
C:S3_CMO_SANDWICH,core,ALL|SWH,3,0,162,-3.613363638520241
C:S3_CMO_SANDWICH,core,ALL|SWH,3,1,72,-20.31138115376234
C:S3_CMO_SANDWICH,core,ALL|SWH,3,2,45,-16.211931126890704
C:S3_CMO_SANDWICH,core,ALL|SWH,3,3,9,-4.193076282739639
C:S3_CMO_SANDWICH,core,A|FC,0,0,3006,-653.3112870709156
C:S3_CMO_SANDWICH,core,A|FC,0,1,1037,-152.41819914331427
C:S3_CMO_SANDWICH,core,A|FC,1,0,1175,-256.8920278903097
C:S3_CMO_SANDWICH,core,A|FC,1,1,927,-175.1983398010343
C:S3_CMO_SANDWICH,core,A|LTF,0,0,2959,-642.9229867563699
C:S3_CMO_SANDWICH,core,A|LTF,0,1,975,-144.62960013648262
C:S3_CMO_SANDWICH,core,A|LTF,1,0,1265,-271.4119406044483
C:S3_CMO_SANDWICH,core,A|LTF,1,1,950,-184.92876851161418
C:S3_CMO_SANDWICH,core,A|SW,0,0,1237,-224.4349751221016
C:S3_CMO_SANDWICH,core,A|SW,0,1,191,-24.865220297826454
C:S3_CMO_SANDWICH,core,A|SW,1,0,139,-35.13065468147397
C:S3_CMO_SANDWICH,core,A|SW,1,1,519,-79.91028125361481
C:S3_CMO_SANDWICH,core,A|SWH,0,0,2498,-530.0262762068887
C:S3_CMO_SANDWICH,core,A|SWH,0,1,88,-10.613105971366167
C:S3_CMO_SANDWICH,core,A|SWH,1,0,1776,-385.3037381041795
C:S3_CMO_SANDWICH,core,A|SWH,1,1,1335,-241.71520833273826
C:S3_CMO_SANDWICH,core,HI|FC,2,2,501,-64.72665734635666
C:S3_CMO_SANDWICH,core,HI|FC,2,3,15,-0.7103729043155909
C:S3_CMO_SANDWICH,core,HI|FC,3,2,35,-13.60243799048476
C:S3_CMO_SANDWICH,core,HI|FC,3,3,8,-5.6911459267139435
C:S3_CMO_SANDWICH,core,HI|LTF,2,2,500,-65.36726076947525
C:S3_CMO_SANDWICH,core,HI|LTF,2,3,13,0.170964440330863
C:S3_CMO_SANDWICH,core,HI|LTF,3,2,38,-11.873555141268298
C:S3_CMO_SANDWICH,core,HI|LTF,3,3,8,-5.6911459267139435
C:S3_CMO_SANDWICH,core,HI|SW,2,2,226,-25.91013779817149
C:S3_CMO_SANDWICH,core,HI|SW,2,3,3,-0.47998031973838806
C:S3_CMO_SANDWICH,core,HI|SW,3,2,5,1.4153506457805634
C:S3_CMO_SANDWICH,core,HI|SW,3,3,5,-4.081042483448982
C:S3_CMO_SANDWICH,core,HI|SWH,2,2,494,-61.203405991662294
C:S3_CMO_SANDWICH,core,HI|SWH,2,3,1,0.4013570249080658
C:S3_CMO_SANDWICH,core,HI|SWH,3,2,46,-15.797660845099017
C:S3_CMO_SANDWICH,core,HI|SWH,3,3,10,-5.289202004671097
C:S3_CMO_SANDWICH,core,T15|FC,0,0,3520,-758.3041248203372
C:S3_CMO_SANDWICH,core,T1h|FC,2,2,518,-73.1452974260319
C:S3_CMO_SANDWICH,core,T30|FC,1,1,1365,-244.6562903968006
C:S3_CMO_SANDWICH,core,T4h|FC,3,3,10,-5.289202004671097
C:S4_BB_BBP,core,ALLINF|FC,0,0,14901,-3185.8390753023377
C:S4_BB_BBP,core,ALLINF|FC,0,1,7092,-932.2990476271953
C:S4_BB_BBP,core,ALLINF|FC,0,2,2104,-127.7264890524093
C:S4_BB_BBP,core,ALLINF|FC,0,3,330,-14.119497447623871
C:S4_BB_BBP,core,ALLINF|FC,1,0,4863,-980.9523188203311
C:S4_BB_BBP,core,ALLINF|FC,1,1,3840,-595.6752973004623
C:S4_BB_BBP,core,ALLINF|FC,1,2,2091,-173.6096775357728
C:S4_BB_BBP,core,ALLINF|FC,1,3,261,-19.6594158008229
C:S4_BB_BBP,core,ALLINF|FC,2,0,4364,-928.0364381242834
C:S4_BB_BBP,core,ALLINF|FC,2,1,2129,-301.9695347356901
C:S4_BB_BBP,core,ALLINF|FC,2,2,1988,-151.85635100019863
C:S4_BB_BBP,core,ALLINF|FC,2,3,382,-16.85385706787929
C:S4_BB_BBP,core,ALLINF|FC,3,0,4290,-808.8169074780308
C:S4_BB_BBP,core,ALLINF|FC,3,1,1768,-152.73609049839433
C:S4_BB_BBP,core,ALLINF|FC,3,2,705,-45.958672530716285
C:S4_BB_BBP,core,ALLINF|FC,3,3,613,-15.66743038938148
C:S4_BB_BBP,core,ALLINF|SWH,0,0,6782,-1352.440464868152
C:S4_BB_BBP,core,ALLINF|SWH,0,1,499,-63.80124554701615
C:S4_BB_BBP,core,ALLINF|SWH,0,2,121,-12.895742389373481
C:S4_BB_BBP,core,ALLINF|SWH,0,3,16,-0.13624505698680878
C:S4_BB_BBP,core,ALLINF|SWH,1,0,7650,-1554.93716443011
C:S4_BB_BBP,core,ALLINF|SWH,1,1,4391,-555.5147421152942
C:S4_BB_BBP,core,ALLINF|SWH,1,2,266,-6.624923475086689
C:S4_BB_BBP,core,ALLINF|SWH,1,3,24,-3.3462842158041894
C:S4_BB_BBP,core,ALLINF|SWH,2,0,8066,-1900.6243974686658
C:S4_BB_BBP,core,ALLINF|SWH,2,1,5483,-789.2030440944072
C:S4_BB_BBP,core,ALLINF|SWH,2,2,3495,-222.1834217379801
C:S4_BB_BBP,core,ALLINF|SWH,2,3,35,-1.8347840588539839
C:S4_BB_BBP,core,ALLINF|SWH,3,0,7805,-1387.7315367991541
C:S4_BB_BBP,core,ALLINF|SWH,3,1,3593,-445.00238764018286
C:S4_BB_BBP,core,ALLINF|SWH,3,2,1876,-145.62087940739002
C:S4_BB_BBP,core,ALLINF|SWH,3,3,991,-22.010563927178737
C:S4_BB_BBP,core,ALL|FC,0,0,16835,-3533.602978588995
C:S4_BB_BBP,core,ALL|FC,0,1,7635,-987.5290755687747
C:S4_BB_BBP,core,ALL|FC,0,2,1962,-140.9501958269393
C:S4_BB_BBP,core,ALL|FC,0,3,100,-11.327179752290249
C:S4_BB_BBP,core,ALL|FC,1,0,5044,-968.3738754767692
C:S4_BB_BBP,core,ALL|FC,1,1,3843,-541.8270541245147
C:S4_BB_BBP,core,ALL|FC,1,2,1917,-154.5523475171649
C:S4_BB_BBP,core,ALL|FC,1,3,73,-3.0096442624926567
C:S4_BB_BBP,core,ALL|FC,2,0,4127,-965.2198550752073
C:S4_BB_BBP,core,ALL|FC,2,1,2004,-292.2413503318385
C:S4_BB_BBP,core,ALL|FC,2,2,1664,-153.37914710765472
C:S4_BB_BBP,core,ALL|FC,2,3,101,-11.785942539572716
C:S4_BB_BBP,core,ALL|FC,3,0,1249,-271.83787596272305
C:S4_BB_BBP,core,ALL|FC,3,1,482,-77.75886603491381
C:S4_BB_BBP,core,ALL|FC,3,2,191,-11.232845310121775
C:S4_BB_BBP,core,ALL|FC,3,3,85,-11.120386160444468
C:S4_BB_BBP,core,ALL|LTF,0,0,13934,-2885.621014988439
C:S4_BB_BBP,core,ALL|LTF,0,1,5233,-712.3691896604141
C:S4_BB_BBP,core,ALL|LTF,0,2,1294,-49.73443193821004
C:S4_BB_BBP,core,ALL|LTF,0,3,87,-9.135448768734932
C:S4_BB_BBP,core,ALL|LTF,1,0,7122,-1452.7575762940687
C:S4_BB_BBP,core,ALL|LTF,1,1,4357,-491.754111388771
C:S4_BB_BBP,core,ALL|LTF,1,2,1522,-132.4683888980071
C:S4_BB_BBP,core,ALL|LTF,1,3,70,-0.04233545809984207
C:S4_BB_BBP,core,ALL|LTF,2,0,6045,-1438.6652430473769
C:S4_BB_BBP,core,ALL|LTF,2,1,3638,-616.052304817742
C:S4_BB_BBP,core,ALL|LTF,2,2,2249,-220.9929504407919
C:S4_BB_BBP,core,ALL|LTF,2,3,100,-14.912180252373219
C:S4_BB_BBP,core,ALL|LTF,3,0,1321,-233.23231416707858
C:S4_BB_BBP,core,ALL|LTF,3,1,527,-67.30393086792901
C:S4_BB_BBP,core,ALL|LTF,3,2,242,-8.388748620636761
C:S4_BB_BBP,core,ALL|LTF,3,3,84,-6.778056330513209
C:S4_BB_BBP,core,ALL|SW,0,0,12043,-2331.3677799114375
C:S4_BB_BBP,core,ALL|SW,0,1,6179,-928.9474476717005
C:S4_BB_BBP,core,ALL|SW,0,2,1135,-92.28609292698093
C:S4_BB_BBP,core,ALL|SW,0,3,26,-2.6693439334630966
C:S4_BB_BBP,core,ALL|SW,1,0,1211,-263.96655495424056
C:S4_BB_BBP,core,ALL|SW,1,1,3394,-368.87228778041026
C:S4_BB_BBP,core,ALL|SW,1,2,1660,-161.8781400877633
C:S4_BB_BBP,core,ALL|SW,1,3,20,-1.6132845729589462
C:S4_BB_BBP,core,ALL|SW,2,0,285,-42.38746372613241
C:S4_BB_BBP,core,ALL|SW,2,1,549,-75.27969601715449
C:S4_BB_BBP,core,ALL|SW,2,2,1414,-66.39520042570075
C:S4_BB_BBP,core,ALL|SW,2,3,49,-1.9919429048895836
C:S4_BB_BBP,core,ALL|SW,3,0,26,-7.715553365647793
C:S4_BB_BBP,core,ALL|SW,3,1,32,10.835682455450296
C:S4_BB_BBP,core,ALL|SW,3,2,58,7.654480637982488
C:S4_BB_BBP,core,ALL|SW,3,3,92,-10.089831359218806
C:S4_BB_BBP,core,ALL|SWH,0,0,8374,-1609.137430282295
C:S4_BB_BBP,core,ALL|SWH,0,1,574,-78.0779893992003
C:S4_BB_BBP,core,ALL|SWH,0,2,111,-12.388417808339
C:S4_BB_BBP,core,ALL|SWH,0,3,5,0.124248206615448
C:S4_BB_BBP,core,ALL|SWH,1,0,9068,-1766.8898608944983
C:S4_BB_BBP,core,ALL|SWH,1,1,5051,-616.5941655752395
C:S4_BB_BBP,core,ALL|SWH,1,2,310,-15.70810507144779
C:S4_BB_BBP,core,ALL|SWH,1,3,13,0.33366623520851135
C:S4_BB_BBP,core,ALL|SWH,2,0,9000,-2029.3485806839599
C:S4_BB_BBP,core,ALL|SWH,2,1,5996,-807.845344504196
C:S4_BB_BBP,core,ALL|SWH,2,2,3388,-256.4960382699501
C:S4_BB_BBP,core,ALL|SWH,2,3,13,-0.48472490534186363
C:S4_BB_BBP,core,ALL|SWH,3,0,2630,-701.7115346729988
C:S4_BB_BBP,core,ALL|SWH,3,1,1176,-241.4395880852826
C:S4_BB_BBP,core,ALL|SWH,3,2,617,-52.05430538672954
C:S4_BB_BBP,core,ALL|SWH,3,3,158,-19.061908859293908
C:S4_BB_BBP,core,A|FC,0,0,20034,-4398.654288415895
C:S4_BB_BBP,core,A|FC,0,1,8957,-1285.4359574420669
C:S4_BB_BBP,core,A|FC,1,0,5954,-1109.9702628881787
C:S4_BB_BBP,core,A|FC,1,1,4510,-572.6598936093069
C:S4_BB_BBP,core,A|LTF,0,0,17304,-3778.6882777190003
C:S4_BB_BBP,core,A|LTF,0,1,6470,-985.0886865628418
C:S4_BB_BBP,core,A|LTF,1,0,9775,-1978.969611315435
C:S4_BB_BBP,core,A|LTF,1,1,6172,-753.6554263812577
C:S4_BB_BBP,core,A|SW,0,0,12188,-2348.063552020176
C:S4_BB_BBP,core,A|SW,0,1,6360,-958.5298425165529
C:S4_BB_BBP,core,A|SW,1,0,1251,-265.9262334849336
C:S4_BB_BBP,core,A|SW,1,1,3541,-378.1532026541099
C:S4_BB_BBP,core,A|SWH,0,0,11296,-2391.7329246686277
C:S4_BB_BBP,core,A|SWH,0,1,899,-128.70287162426393
C:S4_BB_BBP,core,A|SWH,1,0,16228,-3394.7122551698085
C:S4_BB_BBP,core,A|SWH,1,1,9949,-1350.5689740202943
C:S4_BB_BBP,core,HI|FC,2,2,3888,-311.12160514318384
C:S4_BB_BBP,core,HI|FC,2,3,173,-9.677488051354885
C:S4_BB_BBP,core,HI|FC,3,2,333,-19.978017232380807
C:S4_BB_BBP,core,HI|FC,3,3,113,-17.130569908302277
C:S4_BB_BBP,core,HI|LTF,2,2,3841,-305.926660068566
C:S4_BB_BBP,core,HI|LTF,2,3,140,-8.601724468171597
C:S4_BB_BBP,core,HI|LTF,3,2,415,-26.201388812623918
C:S4_BB_BBP,core,HI|LTF,3,3,118,-18.17844784585759
C:S4_BB_BBP,core,HI|SW,2,2,2493,-153.62281690980308
C:S4_BB_BBP,core,HI|SW,2,3,75,-4.63893773034215
C:S4_BB_BBP,core,HI|SW,3,2,55,3.1517479438334703
C:S4_BB_BBP,core,HI|SW,3,3,98,-10.217786337714642
C:S4_BB_BBP,core,HI|SWH,2,2,3647,-278.320977244759
C:S4_BB_BBP,core,HI|SWH,2,3,16,0.361951295286417
C:S4_BB_BBP,core,HI|SWH,3,2,634,-48.60850329045206
C:S4_BB_BBP,core,HI|SWH,3,3,160,-19.631759229581803
C:S4_BB_BBP,core,T15|FC,0,0,24173,-5122.503154322487
C:S4_BB_BBP,core,T1h|FC,2,2,4053,-306.2994698660914
C:S4_BB_BBP,core,T30|FC,1,1,10568,-1468.8405293788383
C:S4_BB_BBP,core,T4h|FC,3,3,166,-18.876972425263375
C:S5_DONCHIAN_MFI,core,ALLINF|FC,0,0,367,-60.36736037535593
C:S5_DONCHIAN_MFI,core,ALLINF|FC,0,1,239,-40.88426848873496
C:S5_DONCHIAN_MFI,core,ALLINF|FC,0,2,33,-5.375845884904265
C:S5_DONCHIAN_MFI,core,ALLINF|FC,0,3,1,0.2810527980327606
C:S5_DONCHIAN_MFI,core,ALLINF|FC,1,0,72,-20.8693353603594
C:S5_DONCHIAN_MFI,core,ALLINF|FC,1,1,152,-1.7225859322934411
C:S5_DONCHIAN_MFI,core,ALLINF|FC,1,2,67,-2.1662535248324275
C:S5_DONCHIAN_MFI,core,ALLINF|FC,1,3,1,-0.18702423572540283
C:S5_DONCHIAN_MFI,core,ALLINF|FC,2,0,37,-0.6246525542810559
C:S5_DONCHIAN_MFI,core,ALLINF|FC,2,1,26,-2.8985097894910723
C:S5_DONCHIAN_MFI,core,ALLINF|FC,2,2,60,-6.831093928776681
C:S5_DONCHIAN_MFI,core,ALLINF|FC,2,3,5,-0.9551268853247166
C:S5_DONCHIAN_MFI,core,ALLINF|FC,3,0,18,0.85951017588377
C:S5_DONCHIAN_MFI,core,ALLINF|FC,3,1,7,-3.115229457616806
C:S5_DONCHIAN_MFI,core,ALLINF|FC,3,2,6,-1.4037586860358715
C:S5_DONCHIAN_MFI,core,ALLINF|FC,3,3,10,-1.9419824783690274
C:S5_DONCHIAN_MFI,core,ALLINF|SWH,0,0,308,-43.72343484638259
C:S5_DONCHIAN_MFI,core,ALLINF|SWH,0,1,45,-8.352289408445358
C:S5_DONCHIAN_MFI,core,ALLINF|SWH,0,2,11,-5.446128295734525
C:S5_DONCHIAN_MFI,core,ALLINF|SWH,0,3,1,0.2810527980327606
C:S5_DONCHIAN_MFI,core,ALLINF|SWH,1,0,168,-39.96261698147282
C:S5_DONCHIAN_MFI,core,ALLINF|SWH,1,1,176,-16.5883724479354
C:S5_DONCHIAN_MFI,core,ALLINF|SWH,1,2,10,-0.5107923001050949
C:S5_DONCHIAN_MFI,core,ALLINF|SWH,2,0,51,-1.5650079073384404
C:S5_DONCHIAN_MFI,core,ALLINF|SWH,2,1,83,-1.4393446000758559
C:S5_DONCHIAN_MFI,core,ALLINF|SWH,2,2,71,-0.8606513692066073
C:S5_DONCHIAN_MFI,core,ALLINF|SWH,3,0,20,1.9036803767085075
C:S5_DONCHIAN_MFI,core,ALLINF|SWH,3,1,8,-3.4572350084781647
C:S5_DONCHIAN_MFI,core,ALLINF|SWH,3,2,13,-5.270968269556761
C:S5_DONCHIAN_MFI,core,ALLINF|SWH,3,3,10,-1.9419824783690274
C:S5_DONCHIAN_MFI,core,ALL|FC,0,0,365,-62.29057780792937
C:S5_DONCHIAN_MFI,core,ALL|FC,0,1,224,-39.20603423193097
C:S5_DONCHIAN_MFI,core,ALL|FC,0,2,25,-4.014718530699611
C:S5_DONCHIAN_MFI,core,ALL|FC,0,3,1,0.2810527980327606
C:S5_DONCHIAN_MFI,core,ALL|FC,1,0,70,-21.50557330949232
C:S5_DONCHIAN_MFI,core,ALL|FC,1,1,126,-5.909371570625808
C:S5_DONCHIAN_MFI,core,ALL|FC,1,2,56,-5.925242941826582
C:S5_DONCHIAN_MFI,core,ALL|FC,2,0,35,0.10429326724261045
C:S5_DONCHIAN_MFI,core,ALL|FC,2,1,21,-3.452554421732202
C:S5_DONCHIAN_MFI,core,ALL|FC,2,2,40,-1.6148534314706922
C:S5_DONCHIAN_MFI,core,ALL|FC,2,3,1,0.06445372849702835
C:S5_DONCHIAN_MFI,core,ALL|FC,3,0,10,1.366593986749649
C:S5_DONCHIAN_MFI,core,ALL|FC,3,1,4,-2.965726315975189
C:S5_DONCHIAN_MFI,core,ALL|FC,3,2,4,-1.8643587045371532
C:S5_DONCHIAN_MFI,core,ALL|FC,3,3,1,-1.052875280380249
C:S5_DONCHIAN_MFI,core,ALL|LTF,0,0,329,-58.37734785443172
C:S5_DONCHIAN_MFI,core,ALL|LTF,0,1,160,-33.832397820428014
C:S5_DONCHIAN_MFI,core,ALL|LTF,0,2,22,-3.438745679333806
C:S5_DONCHIAN_MFI,core,ALL|LTF,0,3,1,0.2810527980327606
C:S5_DONCHIAN_MFI,core,ALL|LTF,1,0,145,-27.015924103092402
C:S5_DONCHIAN_MFI,core,ALL|LTF,1,1,126,-13.709027682372835
C:S5_DONCHIAN_MFI,core,ALL|LTF,1,2,24,-4.04268042743206
C:S5_DONCHIAN_MFI,core,ALL|LTF,1,3,1,-1.05747389793396
C:S5_DONCHIAN_MFI,core,ALL|LTF,2,0,44,2.277658383361995
C:S5_DONCHIAN_MFI,core,ALL|LTF,2,1,60,-5.3949733229819685
C:S5_DONCHIAN_MFI,core,ALL|LTF,2,2,51,0.24242303427308798
C:S5_DONCHIAN_MFI,core,ALL|LTF,3,0,10,1.366593986749649
C:S5_DONCHIAN_MFI,core,ALL|LTF,3,1,4,-2.965726315975189
C:S5_DONCHIAN_MFI,core,ALL|LTF,3,2,6,-1.2729593329131603
C:S5_DONCHIAN_MFI,core,ALL|LTF,3,3,1,-1.052875280380249
C:S5_DONCHIAN_MFI,core,ALL|SW,0,0,257,-34.11678720032796
C:S5_DONCHIAN_MFI,core,ALL|SW,0,1,123,-17.670034566894174
C:S5_DONCHIAN_MFI,core,ALL|SW,0,2,12,-5.135520277544856
C:S5_DONCHIAN_MFI,core,ALL|SW,0,3,1,0.2810527980327606
C:S5_DONCHIAN_MFI,core,ALL|SW,1,0,45,-9.145108970813453
C:S5_DONCHIAN_MFI,core,ALL|SW,1,1,127,-6.679993699712213
C:S5_DONCHIAN_MFI,core,ALL|SW,1,2,46,-3.404332395642996
C:S5_DONCHIAN_MFI,core,ALL|SW,2,0,5,-1.811346672475338
C:S5_DONCHIAN_MFI,core,ALL|SW,2,1,13,-2.7237040512263775
C:S5_DONCHIAN_MFI,core,ALL|SW,2,2,37,-0.8427243055775762
C:S5_DONCHIAN_MFI,core,ALL|SW,2,3,1,0.06445372849702835
C:S5_DONCHIAN_MFI,core,ALL|SW,3,0,1,1.1227145195007324
C:S5_DONCHIAN_MFI,core,ALL|SW,3,3,1,-1.052875280380249
C:S5_DONCHIAN_MFI,core,ALL|SWH,0,0,307,-45.32707148557529
C:S5_DONCHIAN_MFI,core,ALL|SWH,0,1,42,-7.547876805067062
C:S5_DONCHIAN_MFI,core,ALL|SWH,0,2,9,-4.559547426179051
C:S5_DONCHIAN_MFI,core,ALL|SWH,0,3,1,0.2810527980327606
C:S5_DONCHIAN_MFI,core,ALL|SWH,1,0,165,-41.34255312336609
C:S5_DONCHIAN_MFI,core,ALL|SWH,1,1,152,-18.453834618849214
C:S5_DONCHIAN_MFI,core,ALL|SWH,1,2,9,-1.0419122874736786
C:S5_DONCHIAN_MFI,core,ALL|SWH,2,0,48,-1.220404696650803
C:S5_DONCHIAN_MFI,core,ALL|SWH,2,1,68,-4.226832334185019
C:S5_DONCHIAN_MFI,core,ALL|SWH,2,2,52,0.7561799651011825
C:S5_DONCHIAN_MFI,core,ALL|SWH,3,0,10,1.366593986749649
C:S5_DONCHIAN_MFI,core,ALL|SWH,3,1,4,-2.965726315975189
C:S5_DONCHIAN_MFI,core,ALL|SWH,3,2,6,-1.2729593329131603
C:S5_DONCHIAN_MFI,core,ALL|SWH,3,3,1,-1.052875280380249
C:S5_DONCHIAN_MFI,core,A|FC,0,0,369,-65.1612308411859
C:S5_DONCHIAN_MFI,core,A|FC,0,1,230,-39.138514606514946
C:S5_DONCHIAN_MFI,core,A|FC,1,0,73,-18.090777553152293
C:S5_DONCHIAN_MFI,core,A|FC,1,1,129,-6.29650186834624
C:S5_DONCHIAN_MFI,core,A|LTF,0,0,332,-60.131032136734575
C:S5_DONCHIAN_MFI,core,A|LTF,0,1,165,-32.64672784158029
C:S5_DONCHIAN_MFI,core,A|LTF,1,0,159,-24.23234199685976
C:S5_DONCHIAN_MFI,core,A|LTF,1,1,146,-14.887081063294318
C:S5_DONCHIAN_MFI,core,A|SW,0,0,257,-34.11678720032796
C:S5_DONCHIAN_MFI,core,A|SW,0,1,124,-18.74263028241694
C:S5_DONCHIAN_MFI,core,A|SW,1,0,45,-9.145108970813453
C:S5_DONCHIAN_MFI,core,A|SW,1,1,129,-6.003661263210233
C:S5_DONCHIAN_MFI,core,A|SWH,0,0,311,-47.12984793400392
C:S5_DONCHIAN_MFI,core,A|SWH,0,1,45,-5.028214618563652
C:S5_DONCHIAN_MFI,core,A|SWH,1,0,179,-38.558971017133445
C:S5_DONCHIAN_MFI,core,A|SWH,1,1,177,-19.710553569195326
C:S5_DONCHIAN_MFI,core,HI|FC,2,2,56,0.81112155970186
C:S5_DONCHIAN_MFI,core,HI|FC,2,3,1,0.06445372849702835
C:S5_DONCHIAN_MFI,core,HI|FC,3,2,5,-2.00924975797534
C:S5_DONCHIAN_MFI,core,HI|FC,3,3,1,-1.052875280380249
C:S5_DONCHIAN_MFI,core,HI|LTF,2,2,55,0.5016804402694106
C:S5_DONCHIAN_MFI,core,HI|LTF,3,2,7,-1.417850386351347
C:S5_DONCHIAN_MFI,core,HI|LTF,3,3,1,-1.052875280380249
C:S5_DONCHIAN_MFI,core,HI|SW,2,2,49,1.6994436075910926
C:S5_DONCHIAN_MFI,core,HI|SW,2,3,1,0.06445372849702835
C:S5_DONCHIAN_MFI,core,HI|SW,3,2,2,-1.2589856684207916
C:S5_DONCHIAN_MFI,core,HI|SW,3,3,1,-1.052875280380249
C:S5_DONCHIAN_MFI,core,HI|SWH,2,2,55,0.5016804402694106
C:S5_DONCHIAN_MFI,core,HI|SWH,3,2,7,-1.417850386351347
C:S5_DONCHIAN_MFI,core,HI|SWH,3,3,1,-1.052875280380249
C:S5_DONCHIAN_MFI,core,T15|FC,0,0,382,-65.41484514949843
C:S5_DONCHIAN_MFI,core,T1h|FC,2,2,56,0.81112155970186
C:S5_DONCHIAN_MFI,core,T30|FC,1,1,183,-22.27367081254488
C:S5_DONCHIAN_MFI,core,T4h|FC,3,3,1,-1.052875280380249
C:S6_EMA_DMI_ADX,core,ALLINF|FC,0,0,3395,-496.0082000171242
C:S6_EMA_DMI_ADX,core,ALLINF|FC,0,1,1646,-224.12810829642694
C:S6_EMA_DMI_ADX,core,ALLINF|FC,0,2,408,-34.52765316537989
C:S6_EMA_DMI_ADX,core,ALLINF|FC,0,3,51,-2.7483543509151787
C:S6_EMA_DMI_ADX,core,ALLINF|FC,1,0,831,-138.63042233110173
C:S6_EMA_DMI_ADX,core,ALLINF|FC,1,1,1144,-84.32875950739253
C:S6_EMA_DMI_ADX,core,ALLINF|FC,1,2,541,-6.573936530854553
C:S6_EMA_DMI_ADX,core,ALLINF|FC,1,3,29,1.6446790060726926
C:S6_EMA_DMI_ADX,core,ALLINF|FC,2,0,667,-151.2906951949917
C:S6_EMA_DMI_ADX,core,ALLINF|FC,2,1,411,-42.84012728193193
C:S6_EMA_DMI_ADX,core,ALLINF|FC,2,2,603,-53.62801181449322
C:S6_EMA_DMI_ADX,core,ALLINF|FC,2,3,73,6.122208883753046
C:S6_EMA_DMI_ADX,core,ALLINF|FC,3,0,699,-80.83629314112477
C:S6_EMA_DMI_ADX,core,ALLINF|FC,3,1,365,-16.001734857913107
C:S6_EMA_DMI_ADX,core,ALLINF|FC,3,2,142,-17.89529996411875
C:S6_EMA_DMI_ADX,core,ALLINF|FC,3,3,174,-0.41192877443972975
C:S6_EMA_DMI_ADX,core,ALLINF|SWH,0,0,2595,-365.51874183272594
C:S6_EMA_DMI_ADX,core,ALLINF|SWH,0,1,216,-10.779480008408427
C:S6_EMA_DMI_ADX,core,ALLINF|SWH,0,2,35,-5.032631192356348
C:S6_EMA_DMI_ADX,core,ALLINF|SWH,1,0,1372,-200.76022232009564
C:S6_EMA_DMI_ADX,core,ALLINF|SWH,1,1,1480,-123.59317502894555
C:S6_EMA_DMI_ADX,core,ALLINF|SWH,1,2,97,-12.188631787663326
C:S6_EMA_DMI_ADX,core,ALLINF|SWH,2,0,1080,-219.30802150922682
C:S6_EMA_DMI_ADX,core,ALLINF|SWH,2,1,1004,-113.38466482318472
C:S6_EMA_DMI_ADX,core,ALLINF|SWH,2,2,894,-61.32062036631396
C:S6_EMA_DMI_ADX,core,ALLINF|SWH,2,3,5,-0.135233785957098
C:S6_EMA_DMI_ADX,core,ALLINF|SWH,3,0,918,-134.7167213021312
C:S6_EMA_DMI_ADX,core,ALLINF|SWH,3,1,453,-23.32128235278651
C:S6_EMA_DMI_ADX,core,ALLINF|SWH,3,2,226,-17.83698481367901
C:S6_EMA_DMI_ADX,core,ALLINF|SWH,3,3,207,1.4300925437128171
C:S6_EMA_DMI_ADX,core,ALL|FC,0,0,3491,-508.2216893582081
C:S6_EMA_DMI_ADX,core,ALL|FC,0,1,1620,-199.92272705386858
C:S6_EMA_DMI_ADX,core,ALL|FC,0,2,294,-33.4067687173374
C:S6_EMA_DMI_ADX,core,ALL|FC,0,3,8,-1.663953721523285
C:S6_EMA_DMI_ADX,core,ALL|FC,1,0,797,-143.16980406705989
C:S6_EMA_DMI_ADX,core,ALL|FC,1,1,1029,-82.40450998395681
C:S6_EMA_DMI_ADX,core,ALL|FC,1,2,405,-12.767886357847601
C:S6_EMA_DMI_ADX,core,ALL|FC,1,3,3,0.7098697125911713
C:S6_EMA_DMI_ADX,core,ALL|FC,2,0,587,-142.71904158489633
C:S6_EMA_DMI_ADX,core,ALL|FC,2,1,340,-49.29367580646067
C:S6_EMA_DMI_ADX,core,ALL|FC,2,2,372,-44.404476643074304
C:S6_EMA_DMI_ADX,core,ALL|FC,2,3,11,3.1950682513415813
C:S6_EMA_DMI_ADX,core,ALL|FC,3,0,252,-25.06469125766307
C:S6_EMA_DMI_ADX,core,ALL|FC,3,1,125,-2.437150254379958
C:S6_EMA_DMI_ADX,core,ALL|FC,3,2,53,-3.0780726303346455
C:S6_EMA_DMI_ADX,core,ALL|FC,3,3,13,-1.808800369501114
C:S6_EMA_DMI_ADX,core,ALL|LTF,0,0,3182,-485.1212895795179
C:S6_EMA_DMI_ADX,core,ALL|LTF,0,1,1270,-163.43266109458636
C:S6_EMA_DMI_ADX,core,ALL|LTF,0,2,240,-28.34866937296465
C:S6_EMA_DMI_ADX,core,ALL|LTF,0,3,5,0.3178563266992569
C:S6_EMA_DMI_ADX,core,ALL|LTF,1,0,1184,-190.7261529454845
C:S6_EMA_DMI_ADX,core,ALL|LTF,1,1,1080,-90.5650714659132
C:S6_EMA_DMI_ADX,core,ALL|LTF,1,2,289,-13.848933047614992
C:S6_EMA_DMI_ADX,core,ALL|LTF,1,3,5,-0.18454144895076752
C:S6_EMA_DMI_ADX,core,ALL|LTF,2,0,723,-159.93248648373265
C:S6_EMA_DMI_ADX,core,ALL|LTF,2,1,556,-60.11839542732923
C:S6_EMA_DMI_ADX,core,ALL|LTF,2,2,434,-47.52846116106957
C:S6_EMA_DMI_ADX,core,ALL|LTF,2,3,9,2.7945973612368107
C:S6_EMA_DMI_ADX,core,ALL|LTF,3,0,259,-24.31488160509616
C:S6_EMA_DMI_ADX,core,ALL|LTF,3,1,127,-3.256195321213454
C:S6_EMA_DMI_ADX,core,ALL|LTF,3,2,55,-2.618380539584905
C:S6_EMA_DMI_ADX,core,ALL|LTF,3,3,13,-1.808800369501114
C:S6_EMA_DMI_ADX,core,ALL|SW,0,0,1749,-187.2600492859783
C:S6_EMA_DMI_ADX,core,ALL|SW,0,1,889,-91.29552971723024
C:S6_EMA_DMI_ADX,core,ALL|SW,0,2,116,1.242358811199665
C:S6_EMA_DMI_ADX,core,ALL|SW,0,3,1,-1.1043672561645508
C:S6_EMA_DMI_ADX,core,ALL|SW,1,0,223,-45.647106826421805
C:S6_EMA_DMI_ADX,core,ALL|SW,1,1,717,-69.74324865103699
C:S6_EMA_DMI_ADX,core,ALL|SW,1,2,275,-17.36710609542206
C:S6_EMA_DMI_ADX,core,ALL|SW,2,0,29,-8.46330800652504
C:S6_EMA_DMI_ADX,core,ALL|SW,2,1,116,-24.244927406311035
C:S6_EMA_DMI_ADX,core,ALL|SW,2,2,256,-26.376575372647494
C:S6_EMA_DMI_ADX,core,ALL|SW,2,3,4,0.7918436788022518
C:S6_EMA_DMI_ADX,core,ALL|SW,3,0,1,1.0112794637680054
C:S6_EMA_DMI_ADX,core,ALL|SW,3,1,4,-1.3923814594745636
C:S6_EMA_DMI_ADX,core,ALL|SW,3,2,5,-0.05718257278203964
C:S6_EMA_DMI_ADX,core,ALL|SW,3,3,5,0.0976509153842926
C:S6_EMA_DMI_ADX,core,ALL|SWH,0,0,2753,-402.306564882776
C:S6_EMA_DMI_ADX,core,ALL|SWH,0,1,235,-15.169995939359069
C:S6_EMA_DMI_ADX,core,ALL|SWH,0,2,29,-5.204609751701355
C:S6_EMA_DMI_ADX,core,ALL|SWH,1,0,1438,-205.83457305200864
C:S6_EMA_DMI_ADX,core,ALL|SWH,1,1,1450,-113.34355285670608
C:S6_EMA_DMI_ADX,core,ALL|SWH,1,2,87,-12.69608654291369
C:S6_EMA_DMI_ADX,core,ALL|SWH,2,0,946,-206.08324287542928
C:S6_EMA_DMI_ADX,core,ALL|SWH,2,1,790,-110.71519822414848
C:S6_EMA_DMI_ADX,core,ALL|SWH,2,2,577,-48.1367566594854
C:S6_EMA_DMI_ADX,core,ALL|SWH,2,3,2,0.39137278869748116
C:S6_EMA_DMI_ADX,core,ALL|SWH,3,0,302,-35.84910732228309
C:S6_EMA_DMI_ADX,core,ALL|SWH,3,1,147,-5.719249739777297
C:S6_EMA_DMI_ADX,core,ALL|SWH,3,2,63,-2.9217778970487416
C:S6_EMA_DMI_ADX,core,ALL|SWH,3,3,16,-2.3842177242040634
C:S6_EMA_DMI_ADX,core,A|FC,0,0,3862,-585.4065223083308
C:S6_EMA_DMI_ADX,core,A|FC,0,1,1797,-222.57867909397464
C:S6_EMA_DMI_ADX,core,A|FC,1,0,859,-159.90849673718913
C:S6_EMA_DMI_ADX,core,A|FC,1,1,1119,-102.02838388783857
C:S6_EMA_DMI_ADX,core,A|LTF,0,0,3532,-567.454132682964
C:S6_EMA_DMI_ADX,core,A|LTF,0,1,1414,-180.49147139571141
C:S6_EMA_DMI_ADX,core,A|LTF,1,0,1430,-230.08034892853902
C:S6_EMA_DMI_ADX,core,A|LTF,1,1,1279,-114.14534703735262
C:S6_EMA_DMI_ADX,core,A|SW,0,0,1754,-188.0504899645748
C:S6_EMA_DMI_ADX,core,A|SW,0,1,909,-93.693910019123
C:S6_EMA_DMI_ADX,core,A|SW,1,0,224,-45.36614093196113
C:S6_EMA_DMI_ADX,core,A|SW,1,1,733,-76.07213735044934
C:S6_EMA_DMI_ADX,core,A|SWH,0,0,3109,-480.9729664431943
C:S6_EMA_DMI_ADX,core,A|SWH,0,1,300,-21.77844307757914
C:S6_EMA_DMI_ADX,core,A|SWH,1,0,1923,-316.47855960021116
C:S6_EMA_DMI_ADX,core,A|SWH,1,1,1872,-171.77488220320083
C:S6_EMA_DMI_ADX,core,HI|FC,2,2,629,-58.94142511673272
C:S6_EMA_DMI_ADX,core,HI|FC,2,3,16,1.7401783429086208
C:S6_EMA_DMI_ADX,core,HI|FC,3,2,58,-3.995711945462972
C:S6_EMA_DMI_ADX,core,HI|FC,3,3,14,-1.5898474007844925
C:S6_EMA_DMI_ADX,core,HI|LTF,2,2,629,-58.94142511673272
C:S6_EMA_DMI_ADX,core,HI|LTF,2,3,15,1.64970438554883
C:S6_EMA_DMI_ADX,core,HI|LTF,3,2,59,-3.859001271892339
C:S6_EMA_DMI_ADX,core,HI|LTF,3,3,14,-1.5898474007844925
C:S6_EMA_DMI_ADX,core,HI|SW,2,2,343,-34.05232774652541
C:S6_EMA_DMI_ADX,core,HI|SW,2,3,6,2.067581918090582
C:S6_EMA_DMI_ADX,core,HI|SW,3,2,5,-0.05718257278203964
C:S6_EMA_DMI_ADX,core,HI|SW,3,3,5,0.0976509153842926
C:S6_EMA_DMI_ADX,core,HI|SWH,2,2,627,-60.44003996439278
C:S6_EMA_DMI_ADX,core,HI|SWH,2,3,3,2.7209519036114216
C:S6_EMA_DMI_ADX,core,HI|SWH,3,2,63,-2.9217778970487416
C:S6_EMA_DMI_ADX,core,HI|SWH,3,3,15,-1.2798504680395126
C:S6_EMA_DMI_ADX,core,T15|FC,0,0,4205,-632.6574138289725
C:S6_EMA_DMI_ADX,core,T1h|FC,2,2,651,-59.349606508389115
C:S6_EMA_DMI_ADX,core,T30|FC,1,1,1999,-180.0394617895363
C:S6_EMA_DMI_ADX,core,T4h|FC,3,3,16,-2.3842177242040634
C:V39_ALL,core,ALLINF|FC,0,0,17334,-2550.8989435716503
C:V39_ALL,core,ALLINF|FC,0,1,7940,-840.3352837496204
C:V39_ALL,core,ALLINF|FC,0,2,2254,-249.9285483052954
C:V39_ALL,core,ALLINF|FC,0,3,557,-0.35884547396562994
C:V39_ALL,core,ALLINF|FC,1,0,5047,-910.0597911414807
C:V39_ALL,core,ALLINF|FC,1,1,4056,-441.1533446997346
C:V39_ALL,core,ALLINF|FC,1,2,2331,-179.95918725837691
C:V39_ALL,core,ALLINF|FC,1,3,393,-10.290406589629129
C:V39_ALL,core,ALLINF|FC,2,0,5154,-928.2152161839767
C:V39_ALL,core,ALLINF|FC,2,1,2241,-231.80948473455646
C:V39_ALL,core,ALLINF|FC,2,2,2016,-152.2249873676392
C:V39_ALL,core,ALLINF|FC,2,3,295,-28.25081655778922
C:V39_ALL,core,ALLINF|FC,3,0,3334,-684.8473862305982
C:V39_ALL,core,ALLINF|FC,3,1,1483,-222.02837842068402
C:V39_ALL,core,ALLINF|FC,3,2,721,-98.74548032903112
C:V39_ALL,core,ALLINF|FC,3,3,525,10.06193628507026
C:V39_ALL,core,ALLINF|SWH,0,0,9207,-1132.8744334095827
C:V39_ALL,core,ALLINF|SWH,0,1,435,-48.34817349445075
C:V39_ALL,core,ALLINF|SWH,0,2,16,-1.8702631890773773
C:V39_ALL,core,ALLINF|SWH,0,3,5,-0.18727000057697296
C:V39_ALL,core,ALLINF|SWH,1,0,6110,-761.6668823451619
C:V39_ALL,core,ALLINF|SWH,1,1,5581,-445.4890729668259
C:V39_ALL,core,ALLINF|SWH,1,2,231,-35.945939189288765
C:V39_ALL,core,ALLINF|SWH,2,0,8567,-1657.9228246542043
C:V39_ALL,core,ALLINF|SWH,2,1,4503,-486.2015421221731
C:V39_ALL,core,ALLINF|SWH,2,2,3784,-299.22476206731335
C:V39_ALL,core,ALLINF|SWH,2,3,21,-0.6060333061031997
C:V39_ALL,core,ALLINF|SWH,3,0,8299,-1648.4110565056053
C:V39_ALL,core,ALLINF|SWH,3,1,4290,-637.1257221841952
C:V39_ALL,core,ALLINF|SWH,3,2,2189,-307.3484519328922
C:V39_ALL,core,ALLINF|SWH,3,3,1091,-10.962767651115428
C:V39_ALL,core,ALL|FC,0,0,18537,-2785.5256528459577
C:V39_ALL,core,ALL|FC,0,1,8095,-908.1615110371495
C:V39_ALL,core,ALL|FC,0,2,1965,-266.00493617681786
C:V39_ALL,core,ALL|FC,0,3,117,-6.5192839447408915
C:V39_ALL,core,ALL|FC,1,0,5297,-974.7608991432353
C:V39_ALL,core,ALL|FC,1,1,3997,-435.0204079944233
C:V39_ALL,core,ALL|FC,1,2,1938,-193.9659142649616
C:V39_ALL,core,ALL|FC,1,3,92,-6.941377059556544
C:V39_ALL,core,ALL|FC,2,0,4815,-966.9788653430878
C:V39_ALL,core,ALL|FC,2,1,2028,-266.30396302475856
C:V39_ALL,core,ALL|FC,2,2,1549,-151.16168658482457
C:V39_ALL,core,ALL|FC,2,3,50,-13.50183479860425
C:V39_ALL,core,ALL|FC,3,0,870,-178.35349566233344
C:V39_ALL,core,ALL|FC,3,1,362,-85.54813106078655
C:V39_ALL,core,ALL|FC,3,2,210,-38.92500224150717
C:V39_ALL,core,ALL|FC,3,3,49,4.41733646672219
C:V39_ALL,core,ALL|LTF,0,0,17697,-2591.5582139195612
C:V39_ALL,core,ALL|LTF,0,1,7425,-849.6681354540633
C:V39_ALL,core,ALL|LTF,0,2,1715,-240.095338891726
C:V39_ALL,core,ALL|LTF,0,3,106,-2.0068510342389345
C:V39_ALL,core,ALL|LTF,1,0,5613,-1002.5725660272292
C:V39_ALL,core,ALL|LTF,1,1,4111,-402.0505775339261
C:V39_ALL,core,ALL|LTF,1,2,1747,-228.50146604463225
C:V39_ALL,core,ALL|LTF,1,3,82,-12.208582011051476
C:V39_ALL,core,ALL|LTF,2,0,5600,-1136.7503714876948
C:V39_ALL,core,ALL|LTF,2,1,2486,-327.730802783517
C:V39_ALL,core,ALL|LTF,2,2,1805,-131.86183903203892
C:V39_ALL,core,ALL|LTF,2,3,53,-9.758052468299866
C:V39_ALL,core,ALL|LTF,3,0,960,-195.11034577921964
C:V39_ALL,core,ALL|LTF,3,1,406,-102.00661506038159
C:V39_ALL,core,ALL|LTF,3,2,247,-45.37572884373367
C:V39_ALL,core,ALL|LTF,3,3,54,3.0922711370512843
C:V39_ALL,core,ALL|SW,0,0,10154,-1347.8637963524816
C:V39_ALL,core,ALL|SW,0,1,2862,-283.465733204619
C:V39_ALL,core,ALL|SW,0,2,447,-48.29621315235272
C:V39_ALL,core,ALL|SW,0,3,23,1.0785226598381996
C:V39_ALL,core,ALL|SW,1,0,1135,-164.91378099861322
C:V39_ALL,core,ALL|SW,1,1,3660,-355.033319811977
C:V39_ALL,core,ALL|SW,1,2,879,-66.9350293520256
C:V39_ALL,core,ALL|SW,1,3,30,-3.659653965383768
C:V39_ALL,core,ALL|SW,2,0,390,-84.05614743172191
C:V39_ALL,core,ALL|SW,2,1,430,-37.04016221011989
C:V39_ALL,core,ALL|SW,2,2,1283,-106.91544532660009
C:V39_ALL,core,ALL|SW,2,3,15,0.20555948838591576
C:V39_ALL,core,ALL|SW,3,0,38,-20.548058539628983
C:V39_ALL,core,ALL|SW,3,1,53,-6.4419924803078175
C:V39_ALL,core,ALL|SW,3,2,26,-6.39591914974153
C:V39_ALL,core,ALL|SW,3,3,43,0.08272896986454725
C:V39_ALL,core,ALL|SWH,0,0,10897,-1393.7288407531887
C:V39_ALL,core,ALL|SWH,0,1,516,-46.70790997054428
C:V39_ALL,core,ALL|SWH,0,2,22,-6.416461236774921
C:V39_ALL,core,ALL|SWH,0,3,3,0.5281237065792084
C:V39_ALL,core,ALL|SWH,1,0,7474,-1076.1234985277988
C:V39_ALL,core,ALL|SWH,1,1,6497,-581.8634354534734
C:V39_ALL,core,ALL|SWH,1,2,289,-53.91487734206021
C:V39_ALL,core,ALL|SWH,2,0,9822,-2057.777288209938
C:V39_ALL,core,ALL|SWH,2,1,4918,-613.0755194736412
C:V39_ALL,core,ALL|SWH,2,2,3468,-332.69161641382925
C:V39_ALL,core,ALL|SWH,2,3,10,-0.7237291932106018
C:V39_ALL,core,ALL|SWH,3,0,2393,-550.157873642107
C:V39_ALL,core,ALL|SWH,3,1,1258,-301.3261744752526
C:V39_ALL,core,ALL|SWH,3,2,661,-129.77805138286203
C:V39_ALL,core,ALL|SWH,3,3,128,-8.185495214536786
C:V39_ALL,core,A|FC,0,0,21734,-3430.516738904218
C:V39_ALL,core,A|FC,0,1,9236,-1083.384817033948
C:V39_ALL,core,A|FC,1,0,6510,-1217.6383737916476
C:V39_ALL,core,A|FC,1,1,4710,-551.6756659914099
C:V39_ALL,core,A|LTF,0,0,21187,-3317.4277868976787
C:V39_ALL,core,A|LTF,0,1,8593,-1031.165188910847
C:V39_ALL,core,A|LTF,1,0,7300,-1366.0511966824415
C:V39_ALL,core,A|LTF,1,1,5133,-578.8065445865795
C:V39_ALL,core,A|SW,0,0,10378,-1398.0858231732418
C:V39_ALL,core,A|SW,0,1,2968,-302.1793840514729
C:V39_ALL,core,A|SW,1,0,1176,-158.85641102091176
C:V39_ALL,core,A|SW,1,1,3773,-367.7543791264179
C:V39_ALL,core,A|SWH,0,0,14787,-2118.767155834983
C:V39_ALL,core,A|SWH,0,1,776,-64.55762972135562
C:V39_ALL,core,A|SWH,1,0,14011,-2608.2313192616566
C:V39_ALL,core,A|SWH,1,1,10809,-1267.1056203306362
C:V39_ALL,core,HI|FC,2,2,3851,-396.34183524334185
C:V39_ALL,core,HI|FC,2,3,144,-15.856872602365911
C:V39_ALL,core,HI|FC,3,2,430,-69.83092555589974
C:V39_ALL,core,HI|FC,3,3,85,-0.07872916478663683
C:V39_ALL,core,HI|LTF,2,2,3845,-390.66737346136324
C:V39_ALL,core,HI|LTF,2,3,138,-13.075254778377712
C:V39_ALL,core,HI|LTF,3,2,443,-77.13709716685116
C:V39_ALL,core,HI|LTF,3,3,85,-0.07872916478663683
C:V39_ALL,core,HI|SW,2,2,1872,-163.7941117782666
C:V39_ALL,core,HI|SW,2,3,29,-4.741233919747174
C:V39_ALL,core,HI|SW,3,2,38,-6.322730407118797
C:V39_ALL,core,HI|SW,3,3,51,-1.3100370736792684
C:V39_ALL,core,HI|SWH,2,2,3641,-356.50636894972376
C:V39_ALL,core,HI|SWH,2,3,11,-0.5121386349201202
C:V39_ALL,core,HI|SWH,3,2,675,-135.0676958328113
C:V39_ALL,core,HI|SWH,3,3,128,-8.439991297200322
C:V39_ALL,core,T15|FC,0,0,26096,-4264.771805868993
C:V39_ALL,core,T1h|FC,2,2,4092,-442.73308914405607
C:V39_ALL,core,T30|FC,1,1,11382,-1297.2539010451583
C:V39_ALL,core,T4h|FC,3,3,135,-7.647590653970838
C:V45_AMB,core,ALLINF|FC,0,0,6302,-1251.630429573037
C:V45_AMB,core,ALLINF|FC,0,1,2017,-260.0772954444401
C:V45_AMB,core,ALLINF|FC,0,2,451,-28.28004728956148
C:V45_AMB,core,ALLINF|FC,0,3,122,-6.533500826219097
C:V45_AMB,core,ALLINF|FC,1,0,1348,-268.5673313823063
C:V45_AMB,core,ALLINF|FC,1,1,2139,-270.90260599979956
C:V45_AMB,core,ALLINF|FC,1,2,858,-79.67258670798037
C:V45_AMB,core,ALLINF|FC,1,3,42,1.1018275636597537
C:V45_AMB,core,ALLINF|FC,2,0,899,-154.09270011936314
C:V45_AMB,core,ALLINF|FC,2,1,626,-86.85521791712381
C:V45_AMB,core,ALLINF|FC,2,2,1063,-66.17397715355037
C:V45_AMB,core,ALLINF|FC,2,3,42,-6.505798522382975
C:V45_AMB,core,ALLINF|FC,3,0,619,-147.61075393878855
C:V45_AMB,core,ALLINF|FC,3,1,308,-40.635906958952546
C:V45_AMB,core,ALLINF|FC,3,2,103,-6.072243079543114
C:V45_AMB,core,ALLINF|FC,3,3,117,-11.320207902230322
C:V45_AMB,core,ALLINF|SWH,0,0,4696,-911.8788335082645
C:V45_AMB,core,ALLINF|SWH,0,1,230,-28.081253627315164
C:V45_AMB,core,ALLINF|SWH,0,2,18,1.8433057144284248
C:V45_AMB,core,ALLINF|SWH,1,0,2121,-388.9506060357671
C:V45_AMB,core,ALLINF|SWH,1,1,2533,-321.59285644099873
C:V45_AMB,core,ALLINF|SWH,1,2,160,-15.102705903816968
C:V45_AMB,core,ALLINF|SWH,2,0,1381,-249.15376630576793
C:V45_AMB,core,ALLINF|SWH,2,1,1321,-155.6414498174563
C:V45_AMB,core,ALLINF|SWH,2,2,1702,-111.73370274511399
C:V45_AMB,core,ALLINF|SWH,3,0,1279,-297.72043272526935
C:V45_AMB,core,ALLINF|SWH,3,1,612,-128.21199073642492
C:V45_AMB,core,ALLINF|SWH,3,2,204,-26.06072416063398
C:V45_AMB,core,ALLINF|SWH,3,3,191,-14.98225890105823
C:V45_AMB,core,ALL|FC,0,0,6417,-1311.0615408913582
C:V45_AMB,core,ALL|FC,0,1,1940,-254.79152878560126
C:V45_AMB,core,ALL|FC,0,2,402,-22.614386725705117
C:V45_AMB,core,ALL|FC,0,3,34,0.3100035488605499
C:V45_AMB,core,ALL|FC,1,0,1363,-262.05312472663354
C:V45_AMB,core,ALL|FC,1,1,2127,-295.70390838966705
C:V45_AMB,core,ALL|FC,1,2,729,-71.58508663217071
C:V45_AMB,core,ALL|FC,1,3,10,-1.4406430795788765
C:V45_AMB,core,ALL|FC,2,0,816,-158.88562404294498
C:V45_AMB,core,ALL|FC,2,1,552,-91.32417613384314
C:V45_AMB,core,ALL|FC,2,2,800,-55.831543093081564
C:V45_AMB,core,ALL|FC,2,3,8,-4.840622056275606
C:V45_AMB,core,ALL|FC,3,0,236,-61.45915910229087
C:V45_AMB,core,ALL|FC,3,1,107,-12.593447150662541
C:V45_AMB,core,ALL|FC,3,2,13,-3.144149586558342
C:V45_AMB,core,ALL|FC,3,3,19,-2.0274487268179655
C:V45_AMB,core,ALL|LTF,0,0,6261,-1279.6401120279334
C:V45_AMB,core,ALL|LTF,0,1,1727,-191.17666057310998
C:V45_AMB,core,ALL|LTF,0,2,369,-16.486543499864638
C:V45_AMB,core,ALL|LTF,0,3,33,0.09353677928447723
C:V45_AMB,core,ALL|LTF,1,0,1525,-277.2246831402881
C:V45_AMB,core,ALL|LTF,1,1,2181,-321.5635574220214
C:V45_AMB,core,ALL|LTF,1,2,649,-53.17382994212676
C:V45_AMB,core,ALL|LTF,1,3,10,-1.4406430795788765
C:V45_AMB,core,ALL|LTF,2,0,897,-183.41971420426853
C:V45_AMB,core,ALL|LTF,2,1,693,-131.36758834705688
C:V45_AMB,core,ALL|LTF,2,2,867,-69.74793876009062
C:V45_AMB,core,ALL|LTF,2,3,7,-3.79026173427701
C:V45_AMB,core,ALL|LTF,3,0,245,-72.18429573997855
C:V45_AMB,core,ALL|LTF,3,1,107,-12.593447150662541
C:V45_AMB,core,ALL|LTF,3,2,14,-4.32183663547039
C:V45_AMB,core,ALL|LTF,3,3,19,-2.0274487268179655
C:V45_AMB,core,ALL|SW,0,0,4364,-785.907299478713
C:V45_AMB,core,ALL|SW,0,1,748,-111.37643166724592
C:V45_AMB,core,ALL|SW,0,2,71,-10.848766057752073
C:V45_AMB,core,ALL|SW,0,3,6,1.519799828529358
C:V45_AMB,core,ALL|SW,1,0,336,-77.69213053397834
C:V45_AMB,core,ALL|SW,1,1,1733,-244.53432867955416
C:V45_AMB,core,ALL|SW,1,2,325,-41.632931606378406
C:V45_AMB,core,ALL|SW,1,3,2,-0.8638475388288498
C:V45_AMB,core,ALL|SW,2,0,46,-14.023250068537891
C:V45_AMB,core,ALL|SW,2,1,138,-7.225026655942202
C:V45_AMB,core,ALL|SW,2,2,662,-42.4529999285005
C:V45_AMB,core,ALL|SW,2,3,2,-0.8135916888713837
C:V45_AMB,core,ALL|SW,3,0,6,-0.00115145742893219
C:V45_AMB,core,ALL|SW,3,1,3,0.776905968785286
C:V45_AMB,core,ALL|SW,3,2,2,0.5000669732689857
C:V45_AMB,core,ALL|SW,3,3,6,0.6203282475471497
C:V45_AMB,core,ALL|SWH,0,0,5058,-1013.3491433723248
C:V45_AMB,core,ALL|SWH,0,1,240,-26.054002391174436
C:V45_AMB,core,ALL|SWH,0,2,20,2.2637521103024483
C:V45_AMB,core,ALL|SWH,1,0,2223,-430.3928104049992
C:V45_AMB,core,ALL|SWH,1,1,2639,-398.2415387760848
C:V45_AMB,core,ALL|SWH,1,2,162,-15.683359843795188
C:V45_AMB,core,ALL|SWH,2,0,1349,-285.3600574078737
C:V45_AMB,core,ALL|SWH,2,1,1188,-161.9765270827338
C:V45_AMB,core,ALL|SWH,2,2,1362,-99.51756265433505
C:V45_AMB,core,ALL|SWH,3,0,456,-103.14977062493563
C:V45_AMB,core,ALL|SWH,3,1,226,-30.556672167032957
C:V45_AMB,core,ALL|SWH,3,2,40,-8.420636765658855
C:V45_AMB,core,ALL|SWH,3,3,40,-5.228517508134246
C:V45_AMB,core,A|FC,0,0,6933,-1389.5116852039355
C:V45_AMB,core,A|FC,0,1,2138,-280.3878050958738
C:V45_AMB,core,A|FC,1,0,1530,-336.2236155391438
C:V45_AMB,core,A|FC,1,1,2369,-347.98340112133883
C:V45_AMB,core,A|LTF,0,0,6797,-1360.7797546756337
C:V45_AMB,core,A|LTF,0,1,1921,-209.35773146618158
C:V45_AMB,core,A|LTF,1,0,1757,-395.0610139676137
C:V45_AMB,core,A|LTF,1,1,2508,-395.3314789792057
C:V45_AMB,core,A|SW,0,0,4412,-820.4979492623243
C:V45_AMB,core,A|SW,0,1,776,-128.31678801123053
C:V45_AMB,core,A|SW,1,0,350,-64.82693169824779
C:V45_AMB,core,A|SW,1,1,1807,-240.39390738215297
C:V45_AMB,core,A|SWH,0,0,5709,-1124.468388969719
C:V45_AMB,core,A|SWH,0,1,294,-32.82146584428847
C:V45_AMB,core,A|SWH,1,0,2925,-655.5662837935379
C:V45_AMB,core,A|SWH,1,1,3554,-512.0297518714797
C:V45_AMB,core,HI|FC,2,2,1478,-99.72102871083189
C:V45_AMB,core,HI|FC,2,3,14,-7.082511443644762
C:V45_AMB,core,HI|FC,3,2,32,-6.492014594376087
C:V45_AMB,core,HI|FC,3,3,35,-2.320343842729926
C:V45_AMB,core,HI|LTF,2,2,1478,-99.72102871083189
C:V45_AMB,core,HI|LTF,2,3,14,-7.082511443644762
C:V45_AMB,core,HI|LTF,3,2,32,-6.492014594376087
C:V45_AMB,core,HI|LTF,3,3,35,-2.320343842729926
C:V45_AMB,core,HI|SW,2,2,943,-87.74607724801172
C:V45_AMB,core,HI|SW,2,3,4,-2.971037834882736
C:V45_AMB,core,HI|SW,3,2,6,-2.533560238778591
C:V45_AMB,core,HI|SW,3,3,26,-0.36139642260968685
C:V45_AMB,core,HI|SWH,2,2,1471,-99.11127446137834
C:V45_AMB,core,HI|SWH,3,2,40,-8.420636765658855
C:V45_AMB,core,HI|SWH,3,3,40,-5.228517508134246
C:V45_AMB,core,T15|FC,0,0,7814,-1572.422064431652
C:V45_AMB,core,T1h|FC,2,2,1487,-103.22256504290272
C:V45_AMB,core,T30|FC,1,1,3712,-528.2013382546138
C:V45_AMB,core,T4h|FC,3,3,40,-5.228517508134246
D:F10_M2022,F10,ALLINF|FC,0,0,432,-45.57807842659531
D:F10_M2022,F10,ALLINF|FC,0,1,322,-43.428872056472756
D:F10_M2022,F10,ALLINF|FC,0,2,93,-10.45661768130958
D:F10_M2022,F10,ALLINF|FC,0,3,13,-0.13599497685208917
D:F10_M2022,F10,ALLINF|FC,1,0,158,-27.833901390898973
D:F10_M2022,F10,ALLINF|FC,1,1,175,-17.54669880773872
D:F10_M2022,F10,ALLINF|FC,1,2,150,-13.827839275356382
D:F10_M2022,F10,ALLINF|FC,1,3,12,-0.27439096942543983
D:F10_M2022,F10,ALLINF|FC,2,0,116,-5.024789742077701
D:F10_M2022,F10,ALLINF|FC,2,1,72,-4.197583742439747
D:F10_M2022,F10,ALLINF|FC,2,2,112,3.6874592565000057
D:F10_M2022,F10,ALLINF|FC,2,3,18,0.39977038907818496
D:F10_M2022,F10,ALLINF|FC,3,0,78,-9.716852623969316
D:F10_M2022,F10,ALLINF|FC,3,1,48,-4.935562945902348
D:F10_M2022,F10,ALLINF|FC,3,2,27,-6.365988276782446
D:F10_M2022,F10,ALLINF|FC,3,3,20,-3.8298490648157895
D:F10_M2022,F10,ALLINF|SWH,0,0,367,-35.06125421321485
D:F10_M2022,F10,ALLINF|SWH,0,1,81,-8.321385592222214
D:F10_M2022,F10,ALLINF|SWH,0,2,11,-3.008186074439436
D:F10_M2022,F10,ALLINF|SWH,1,0,231,-24.577285083069
D:F10_M2022,F10,ALLINF|SWH,1,1,203,-27.884434481151402
D:F10_M2022,F10,ALLINF|SWH,1,2,47,-5.670631622429937
D:F10_M2022,F10,ALLINF|SWH,2,0,174,-21.288152835215442
D:F10_M2022,F10,ALLINF|SWH,2,1,152,-2.695454191416502
D:F10_M2022,F10,ALLINF|SWH,2,2,138,-0.8474002368748188
D:F10_M2022,F10,ALLINF|SWH,2,3,4,-0.2328907996416092
D:F10_M2022,F10,ALLINF|SWH,3,0,90,-16.6590165682137
D:F10_M2022,F10,ALLINF|SWH,3,1,58,-5.586031898856163
D:F10_M2022,F10,ALLINF|SWH,3,2,41,-11.33426665503066
D:F10_M2022,F10,ALLINF|SWH,3,3,28,-3.5686734756454825
D:F10_M2022,F10,ALL|FC,0,0,430,-49.06945594045101
D:F10_M2022,F10,ALL|FC,0,1,314,-41.27143148326286
D:F10_M2022,F10,ALL|FC,0,2,63,-9.585523928515613
D:F10_M2022,F10,ALL|FC,0,3,2,0.646515816450119
D:F10_M2022,F10,ALL|FC,1,0,151,-24.1230615680106
D:F10_M2022,F10,ALL|FC,1,1,157,-13.604594430886209
D:F10_M2022,F10,ALL|FC,1,2,106,-13.711440064013004
D:F10_M2022,F10,ALL|FC,1,3,4,-0.2825751304626465
D:F10_M2022,F10,ALL|FC,2,0,109,-8.455813788692467
D:F10_M2022,F10,ALL|FC,2,1,70,-7.51586901396513
D:F10_M2022,F10,ALL|FC,2,2,84,1.0184961697086692
D:F10_M2022,F10,ALL|FC,2,3,4,-0.13335973024368286
D:F10_M2022,F10,ALL|FC,3,0,12,-1.4776070713996887
D:F10_M2022,F10,ALL|FC,3,1,8,-5.147544011473656
D:F10_M2022,F10,ALL|FC,3,2,2,-0.9650945514440536
D:F10_M2022,F10,ALL|FC,3,3,4,-1.8058425337076187
D:F10_M2022,F10,ALL|LTF,0,0,408,-51.27319032343803
D:F10_M2022,F10,ALL|LTF,0,1,258,-35.77562511892029
D:F10_M2022,F10,ALL|LTF,0,2,49,-7.477027895860374
D:F10_M2022,F10,ALL|LTF,0,3,2,0.646515816450119
D:F10_M2022,F10,ALL|LTF,1,0,207,-23.956150891724974
D:F10_M2022,F10,ALL|LTF,1,1,167,-15.445189422927797
D:F10_M2022,F10,ALL|LTF,1,2,87,-12.433753244578838
D:F10_M2022,F10,ALL|LTF,1,3,4,-0.2825751304626465
D:F10_M2022,F10,ALL|LTF,2,0,122,-8.944386326591484
D:F10_M2022,F10,ALL|LTF,2,1,103,-8.069542445242405
D:F10_M2022,F10,ALL|LTF,2,2,89,-1.5843865731731057
D:F10_M2022,F10,ALL|LTF,2,3,4,-0.13335973024368286
D:F10_M2022,F10,ALL|LTF,3,0,12,-1.4776070713996887
D:F10_M2022,F10,ALL|LTF,3,1,8,-5.147544011473656
D:F10_M2022,F10,ALL|LTF,3,2,2,-0.9650945514440536
D:F10_M2022,F10,ALL|LTF,3,3,4,-1.8058425337076187
D:F10_M2022,F10,ALL|SW,0,0,243,-25.550908486940898
D:F10_M2022,F10,ALL|SW,0,1,175,-22.57057011307188
D:F10_M2022,F10,ALL|SW,0,2,20,-3.4343024296686053
D:F10_M2022,F10,ALL|SW,1,0,53,-10.036506358534098
D:F10_M2022,F10,ALL|SW,1,1,111,-8.603416570462286
D:F10_M2022,F10,ALL|SW,1,2,78,-6.451310083270073
D:F10_M2022,F10,ALL|SW,2,0,12,-1.3653371491236612
D:F10_M2022,F10,ALL|SW,2,1,16,3.507491037249565
D:F10_M2022,F10,ALL|SW,2,2,57,-5.526796334423125
D:F10_M2022,F10,ALL|SW,2,3,2,0.5382342040538788
D:F10_M2022,F10,ALL|SW,3,2,1,-1.1536402702331543
D:F10_M2022,F10,ALL|SW,3,3,3,-0.7372154146432877
D:F10_M2022,F10,ALL|SWH,0,0,366,-39.52712445578072
D:F10_M2022,F10,ALL|SWH,0,1,77,-7.551446683704853
D:F10_M2022,F10,ALL|SWH,0,2,7,-1.1866991547867656
D:F10_M2022,F10,ALL|SWH,1,0,231,-22.160064384399448
D:F10_M2022,F10,ALL|SWH,1,1,196,-20.790731045417488
D:F10_M2022,F10,ALL|SWH,1,2,39,-8.587706103920937
D:F10_M2022,F10,ALL|SWH,2,0,157,-22.506354906479828
D:F10_M2022,F10,ALL|SWH,2,1,130,-3.820706680417061
D:F10_M2022,F10,ALL|SWH,2,2,104,-6.202605553902686
D:F10_M2022,F10,ALL|SWH,2,3,2,0.5382342040538788
D:F10_M2022,F10,ALL|SWH,3,0,16,-2.62348273396492
D:F10_M2022,F10,ALL|SWH,3,1,12,-5.319615304470062
D:F10_M2022,F10,ALL|SWH,3,2,6,-2.8527831062674522
D:F10_M2022,F10,ALL|SWH,3,3,4,-1.8058425337076187
D:F10_M2022,F10,A|FC,0,0,452,-53.10021336207865
D:F10_M2022,F10,A|FC,0,1,330,-44.82554195069679
D:F10_M2022,F10,A|FC,1,0,170,-22.153604086954147
D:F10_M2022,F10,A|FC,1,1,166,-12.189776084385812
D:F10_M2022,F10,A|LTF,0,0,431,-54.88265949318884
D:F10_M2022,F10,A|LTF,0,1,269,-39.5318296197147
D:F10_M2022,F10,A|LTF,1,0,238,-23.20668432721868
D:F10_M2022,F10,A|LTF,1,1,181,-11.718296102248132
D:F10_M2022,F10,A|SW,0,0,244,-27.516367774107493
D:F10_M2022,F10,A|SW,0,1,180,-24.04975462139555
D:F10_M2022,F10,A|SW,1,0,52,-8.973152223974466
D:F10_M2022,F10,A|SW,1,1,112,-8.46386227849871
D:F10_M2022,F10,A|SWH,0,0,396,-46.966327921138145
D:F10_M2022,F10,A|SWH,0,1,83,-9.9179203286767
D:F10_M2022,F10,A|SWH,1,0,279,-28.326014462916646
D:F10_M2022,F10,A|SWH,1,1,227,-16.46077416371554
D:F10_M2022,F10,HI|FC,2,2,110,-6.742643901146948
D:F10_M2022,F10,HI|FC,2,3,4,-0.13335973024368286
D:F10_M2022,F10,HI|FC,3,2,5,-2.93731389939785
D:F10_M2022,F10,HI|FC,3,3,4,-1.8058425337076187
D:F10_M2022,F10,HI|LTF,2,2,110,-6.742643901146948
D:F10_M2022,F10,HI|LTF,2,3,4,-0.13335973024368286
D:F10_M2022,F10,HI|LTF,3,2,5,-2.93731389939785
D:F10_M2022,F10,HI|LTF,3,3,4,-1.8058425337076187
D:F10_M2022,F10,HI|SW,2,2,68,-5.818473764695227
D:F10_M2022,F10,HI|SW,2,3,2,0.5382342040538788
D:F10_M2022,F10,HI|SW,3,2,1,-1.1536402702331543
D:F10_M2022,F10,HI|SW,3,3,3,-0.7372154146432877
D:F10_M2022,F10,HI|SWH,2,2,110,-6.742643901146948
D:F10_M2022,F10,HI|SWH,2,3,2,0.5382342040538788
D:F10_M2022,F10,HI|SWH,3,2,6,-2.8527831062674522
D:F10_M2022,F10,HI|SWH,3,3,4,-1.8058425337076187
D:F10_M2022,F10,T15|FC,0,0,489,-55.53200374933658
D:F10_M2022,F10,T1h|FC,2,2,110,-6.742643901146948
D:F10_M2022,F10,T30|FC,1,1,240,-15.703493095003068
D:F10_M2022,F10,T4h|FC,3,3,4,-1.8058425337076187
D:F10_OTE,F10,ALLINF|FC,0,0,14823,-2487.15643375579
D:F10_OTE,F10,ALLINF|FC,0,1,8247,-981.3294148145942
D:F10_OTE,F10,ALLINF|FC,0,2,2733,-283.60831747442717
D:F10_OTE,F10,ALLINF|FC,0,3,706,-23.34671371371951
D:F10_OTE,F10,ALLINF|FC,1,0,6490,-1104.0933881417004
D:F10_OTE,F10,ALLINF|FC,1,1,3780,-515.131898271964
D:F10_OTE,F10,ALLINF|FC,1,2,2609,-217.51082915609004
D:F10_OTE,F10,ALLINF|FC,1,3,384,-11.408929291879758
D:F10_OTE,F10,ALLINF|FC,2,0,5415,-925.1436680889456
D:F10_OTE,F10,ALLINF|FC,2,1,2346,-354.9820025123954
D:F10_OTE,F10,ALLINF|FC,2,2,1486,-120.39225416566478
D:F10_OTE,F10,ALLINF|FC,2,3,357,-14.999139778316021
D:F10_OTE,F10,ALLINF|FC,3,0,4084,-799.7506252048188
D:F10_OTE,F10,ALLINF|FC,3,1,1833,-320.52912841027137
D:F10_OTE,F10,ALLINF|FC,3,2,778,-57.41339515033178
D:F10_OTE,F10,ALLINF|FC,3,3,395,-23.437189320335165
D:F10_OTE,F10,ALLINF|SWH,0,0,5735,-860.3749500401573
D:F10_OTE,F10,ALLINF|SWH,0,1,719,-59.73447973077418
D:F10_OTE,F10,ALLINF|SWH,0,2,113,-7.014398397877812
D:F10_OTE,F10,ALLINF|SWH,0,3,12,0.5095035620033741
D:F10_OTE,F10,ALLINF|SWH,1,0,6788,-1156.777479164055
D:F10_OTE,F10,ALLINF|SWH,1,1,3811,-449.25493204779923
D:F10_OTE,F10,ALLINF|SWH,1,2,536,-32.561939214589074
D:F10_OTE,F10,ALLINF|SWH,1,3,13,-0.11914510559290648
D:F10_OTE,F10,ALLINF|SWH,2,0,9819,-1650.4388617316727
D:F10_OTE,F10,ALLINF|SWH,2,1,5453,-754.3899123179908
D:F10_OTE,F10,ALLINF|SWH,2,2,3096,-250.8801910484326
D:F10_OTE,F10,ALLINF|SWH,2,3,82,-5.870933226309717
D:F10_OTE,F10,ALLINF|SWH,3,0,10708,-2009.5628176160972
D:F10_OTE,F10,ALLINF|SWH,3,1,5152,-763.1016523644466
D:F10_OTE,F10,ALLINF|SWH,3,2,2260,-257.26447760360315
D:F10_OTE,F10,ALLINF|SWH,3,3,913,-48.36605147051159
D:F10_OTE,F10,ALL|FC,0,0,16205,-2684.5188040270586
D:F10_OTE,F10,ALL|FC,0,1,8359,-1023.1323018886033
D:F10_OTE,F10,ALL|FC,0,2,2215,-242.1807566890493
D:F10_OTE,F10,ALL|FC,0,3,124,-13.76191084086895
D:F10_OTE,F10,ALL|FC,1,0,6672,-1193.640592396012
D:F10_OTE,F10,ALL|FC,1,1,3642,-562.9234904478035
D:F10_OTE,F10,ALL|FC,1,2,2192,-217.5146594630205
D:F10_OTE,F10,ALL|FC,1,3,80,-10.339451483916491
D:F10_OTE,F10,ALL|FC,2,0,4967,-957.3671637781663
D:F10_OTE,F10,ALL|FC,2,1,2118,-367.1202636929229
D:F10_OTE,F10,ALL|FC,2,2,1112,-114.73157876980258
D:F10_OTE,F10,ALL|FC,2,3,86,-2.319983633235097
D:F10_OTE,F10,ALL|FC,3,0,1398,-358.27861449320335
D:F10_OTE,F10,ALL|FC,3,1,644,-129.06652685045265
D:F10_OTE,F10,ALL|FC,3,2,252,-17.923826003447175
D:F10_OTE,F10,ALL|FC,3,3,31,-2.9632056802511215
D:F10_OTE,F10,ALL|LTF,0,0,14091,-2260.856403419806
D:F10_OTE,F10,ALL|LTF,0,1,6483,-811.7030871423776
D:F10_OTE,F10,ALL|LTF,0,2,1624,-182.6486165332608
D:F10_OTE,F10,ALL|LTF,0,3,103,-13.947201497852802
D:F10_OTE,F10,ALL|LTF,1,0,7883,-1449.4506433603674
D:F10_OTE,F10,ALL|LTF,1,1,3884,-569.9779473521012
D:F10_OTE,F10,ALL|LTF,1,2,1854,-205.63503596402006
D:F10_OTE,F10,ALL|LTF,1,3,65,-8.857655703555793
D:F10_OTE,F10,ALL|LTF,2,0,6798,-1320.945724900579
D:F10_OTE,F10,ALL|LTF,2,1,3542,-588.1328202255536
D:F10_OTE,F10,ALL|LTF,2,2,1583,-151.05943133233814
D:F10_OTE,F10,ALL|LTF,2,3,98,-5.221676329150796
D:F10_OTE,F10,ALL|LTF,3,0,1528,-372.7597216909053
D:F10_OTE,F10,ALL|LTF,3,1,699,-135.16767617850564
D:F10_OTE,F10,ALL|LTF,3,2,291,-21.361904906108975
D:F10_OTE,F10,ALL|LTF,3,3,39,-2.1554552167654037
D:F10_OTE,F10,ALL|SW,0,0,8734,-1256.8606156806345
D:F10_OTE,F10,ALL|SW,0,1,6761,-977.6118304009433
D:F10_OTE,F10,ALL|SW,0,2,998,-88.5091560925357
D:F10_OTE,F10,ALL|SW,0,3,31,-1.7539771124720573
D:F10_OTE,F10,ALL|SW,1,0,892,-116.84048432763666
D:F10_OTE,F10,ALL|SW,1,1,2475,-355.6609219277743
D:F10_OTE,F10,ALL|SW,1,2,1680,-146.53585724480217
D:F10_OTE,F10,ALL|SW,1,3,25,-3.773517083376646
D:F10_OTE,F10,ALL|SW,2,0,255,-31.237270804820582
D:F10_OTE,F10,ALL|SW,2,1,449,-45.54779282119125
D:F10_OTE,F10,ALL|SW,2,2,963,-78.98907882440835
D:F10_OTE,F10,ALL|SW,2,3,26,2.264894977211952
D:F10_OTE,F10,ALL|SW,3,0,49,-2.3406890854239464
D:F10_OTE,F10,ALL|SW,3,1,59,-16.86943580210209
D:F10_OTE,F10,ALL|SW,3,2,30,-3.4839053079485893
D:F10_OTE,F10,ALL|SW,3,3,36,-4.661357223987579
D:F10_OTE,F10,ALL|SWH,0,0,7325,-1095.1098173919017
D:F10_OTE,F10,ALL|SWH,0,1,870,-94.94803176209098
D:F10_OTE,F10,ALL|SWH,0,2,108,-13.861134005710483
D:F10_OTE,F10,ALL|SWH,0,3,2,0.44480159133672714
D:F10_OTE,F10,ALL|SWH,1,0,8536,-1423.703431078975
D:F10_OTE,F10,ALL|SWH,1,1,4406,-524.4535687335301
D:F10_OTE,F10,ALL|SWH,1,2,509,-47.88017106265761
D:F10_OTE,F10,ALL|SWH,1,3,4,-0.34891144931316376
D:F10_OTE,F10,ALL|SWH,2,0,11664,-2148.646028819727
D:F10_OTE,F10,ALL|SWH,2,1,6064,-911.7464762249147
D:F10_OTE,F10,ALL|SWH,2,2,2827,-303.6685728902812
D:F10_OTE,F10,ALL|SWH,2,3,29,-1.6173566319048405
D:F10_OTE,F10,ALL|SWH,3,0,3660,-898.0241289598634
D:F10_OTE,F10,ALL|SWH,3,1,1852,-399.430415138253
D:F10_OTE,F10,ALL|SWH,3,2,743,-90.1211542757228
D:F10_OTE,F10,ALL|SWH,3,3,102,-18.495858006179333
D:F10_OTE,F10,A|FC,0,0,19933,-3492.1536714591202
D:F10_OTE,F10,A|FC,0,1,10204,-1395.7935527983936
D:F10_OTE,F10,A|FC,1,0,7727,-1427.256775750764
D:F10_OTE,F10,A|FC,1,1,4182,-640.2676902817293
D:F10_OTE,F10,A|LTF,0,0,17755,-3110.21132419107
D:F10_OTE,F10,A|LTF,0,1,8149,-1164.1960296767647
D:F10_OTE,F10,A|LTF,1,0,10955,-2039.646585852417
D:F10_OTE,F10,A|LTF,1,1,5382,-803.2758516472495
D:F10_OTE,F10,A|SW,0,0,8800,-1265.6498144517536
D:F10_OTE,F10,A|SW,0,1,6990,-999.1033662061091
D:F10_OTE,F10,A|SW,1,0,904,-127.06623301189393
D:F10_OTE,F10,A|SW,1,1,2532,-364.35501048644073
D:F10_OTE,F10,A|SWH,0,0,10368,-1584.175168953254
D:F10_OTE,F10,A|SWH,0,1,1274,-165.75565356988227
D:F10_OTE,F10,A|SWH,1,0,18799,-3646.3771269586723
D:F10_OTE,F10,A|SWH,1,1,9712,-1394.7380856798227
D:F10_OTE,F10,HI|FC,2,2,3406,-359.6477838382125
D:F10_OTE,F10,HI|FC,2,3,183,-15.401020802557468
D:F10_OTE,F10,HI|FC,3,2,444,-28.419321215245873
D:F10_OTE,F10,HI|FC,3,3,58,-9.742642417550087
D:F10_OTE,F10,HI|LTF,2,2,3378,-354.64767125993967
D:F10_OTE,F10,HI|LTF,2,3,160,-16.390950947999954
D:F10_OTE,F10,HI|LTF,3,2,500,-43.70192079106346
D:F10_OTE,F10,HI|LTF,3,3,65,-10.650931909680367
D:F10_OTE,F10,HI|SW,2,2,1580,-131.7904103740584
D:F10_OTE,F10,HI|SW,2,3,64,3.163357589393854
D:F10_OTE,F10,HI|SW,3,2,29,-0.35245947539806366
D:F10_OTE,F10,HI|SW,3,3,41,-9.081584587693214
D:F10_OTE,F10,HI|SWH,2,2,3171,-317.4569782773033
D:F10_OTE,F10,HI|SWH,2,3,33,-0.5185188911855221
D:F10_OTE,F10,HI|SWH,3,2,749,-91.90623790910468
D:F10_OTE,F10,HI|SWH,3,3,103,-19.678242795169353
D:F10_OTE,F10,T15|FC,0,0,25254,-4507.241209254746
D:F10_OTE,F10,T1h|FC,2,2,3656,-383.89569648588076
D:F10_OTE,F10,T30|FC,1,1,10531,-1492.1691482333663
D:F10_OTE,F10,T4h|FC,3,3,111,-20.296230353415012
D:F11_PO3,F11,ALLINF|FC,0,0,3389,-664.9478878233931
D:F11_PO3,F11,ALLINF|FC,0,1,5882,-911.460973247129
D:F11_PO3,F11,ALLINF|FC,0,2,4762,-602.4847658233266
D:F11_PO3,F11,ALLINF|FC,0,3,2073,-133.2472825916484
D:F11_PO3,F11,ALLINF|FC,1,0,206,-44.763096023583785
D:F11_PO3,F11,ALLINF|FC,1,1,282,-42.87162889848696
D:F11_PO3,F11,ALLINF|FC,1,2,664,-48.0896994593204
D:F11_PO3,F11,ALLINF|FC,1,3,420,-20.581336898816517
D:F11_PO3,F11,ALLINF|FC,2,0,608,-111.56254156399518
D:F11_PO3,F11,ALLINF|FC,2,1,615,-96.81328033981845
D:F11_PO3,F11,ALLINF|FC,2,2,831,-69.74167801870499
D:F11_PO3,F11,ALLINF|FC,2,3,1074,-11.774357598042116
D:F11_PO3,F11,ALLINF|FC,3,0,2292,-515.180303348694
D:F11_PO3,F11,ALLINF|FC,3,1,2165,-378.60959533427376
D:F11_PO3,F11,ALLINF|FC,3,2,2060,-212.9740017701988
D:F11_PO3,F11,ALLINF|FC,3,3,2565,-87.52916457070387
D:F11_PO3,F11,ALLINF|SWH,0,0,696,-122.2717941282317
D:F11_PO3,F11,ALLINF|SWH,0,1,777,-139.55996854044497
D:F11_PO3,F11,ALLINF|SWH,0,2,497,-83.63677587732673
D:F11_PO3,F11,ALLINF|SWH,0,3,107,-0.5713208299130201
D:F11_PO3,F11,ALLINF|SWH,1,0,1569,-219.4034797953209
D:F11_PO3,F11,ALLINF|SWH,1,1,707,-69.82082861466915
D:F11_PO3,F11,ALLINF|SWH,1,2,470,-77.17137471765454
D:F11_PO3,F11,ALLINF|SWH,1,3,104,4.291010172397364
D:F11_PO3,F11,ALLINF|SWH,2,0,2003,-338.63759358390234
D:F11_PO3,F11,ALLINF|SWH,2,1,2640,-391.43349436757853
D:F11_PO3,F11,ALLINF|SWH,2,2,1967,-222.2508020043315
D:F11_PO3,F11,ALLINF|SWH,2,3,368,-30.261015919968486
D:F11_PO3,F11,ALLINF|SWH,3,0,4019,-977.4569125393755
D:F11_PO3,F11,ALLINF|SWH,3,1,4039,-721.1743239898351
D:F11_PO3,F11,ALLINF|SWH,3,2,4330,-448.7923897976143
D:F11_PO3,F11,ALLINF|SWH,3,3,4674,-176.38200619455893
D:F11_PO3,F11,ALL|FC,0,0,3988,-745.9796397444443
D:F11_PO3,F11,ALL|FC,0,1,6706,-1027.866344808077
D:F11_PO3,F11,ALL|FC,0,2,4679,-617.3921499936914
D:F11_PO3,F11,ALL|FC,0,3,550,-69.15640412457287
D:F11_PO3,F11,ALL|FC,1,0,198,-36.67814273783006
D:F11_PO3,F11,ALL|FC,1,1,260,-45.03627718781354
D:F11_PO3,F11,ALL|FC,1,2,528,-43.52915418660268
D:F11_PO3,F11,ALL|FC,1,3,72,-7.234765741974115
D:F11_PO3,F11,ALL|FC,2,0,581,-130.5986546811182
D:F11_PO3,F11,ALL|FC,2,1,558,-123.38641017023474
D:F11_PO3,F11,ALL|FC,2,2,617,-61.42239199054893
D:F11_PO3,F11,ALL|FC,2,3,210,5.799702110234648
D:F11_PO3,F11,ALL|FC,3,0,852,-289.4646747363731
D:F11_PO3,F11,ALL|FC,3,1,818,-216.83552500791848
D:F11_PO3,F11,ALL|FC,3,2,752,-150.6193403173238
D:F11_PO3,F11,ALL|FC,3,3,352,-59.940429852111265
D:F11_PO3,F11,ALL|LTF,0,0,2276,-442.1253302372643
D:F11_PO3,F11,ALL|LTF,0,1,3493,-619.2880649607105
D:F11_PO3,F11,ALL|LTF,0,2,2411,-336.3751390662146
D:F11_PO3,F11,ALL|LTF,0,3,254,-16.932359140366316
D:F11_PO3,F11,ALL|LTF,1,0,2275,-369.6734407876502
D:F11_PO3,F11,ALL|LTF,1,1,1235,-166.2539803875843
D:F11_PO3,F11,ALL|LTF,1,2,1521,-191.79792536962486
D:F11_PO3,F11,ALL|LTF,1,3,207,-36.7455049790442
D:F11_PO3,F11,ALL|LTF,2,0,1974,-417.4818126328755
D:F11_PO3,F11,ALL|LTF,2,1,2035,-320.0030824293499
D:F11_PO3,F11,ALL|LTF,2,2,1280,-127.84596219181549
D:F11_PO3,F11,ALL|LTF,2,3,367,-32.69980645691976
D:F11_PO3,F11,ALL|LTF,3,0,854,-297.6110352836549
D:F11_PO3,F11,ALL|LTF,3,1,832,-222.6223112307489
D:F11_PO3,F11,ALL|LTF,3,2,798,-130.59793808776885
D:F11_PO3,F11,ALL|LTF,3,3,351,-53.20934265921824
D:F11_PO3,F11,ALL|SW,0,0,1821,-299.7104085892788
D:F11_PO3,F11,ALL|SW,0,1,6856,-1146.2156083868467
D:F11_PO3,F11,ALL|SW,0,2,3814,-554.1546224977792
D:F11_PO3,F11,ALL|SW,0,3,310,-36.66981991636567
D:F11_PO3,F11,ALL|SW,1,0,93,-20.648050129413605
D:F11_PO3,F11,ALL|SW,1,1,386,-68.16162366198841
D:F11_PO3,F11,ALL|SW,1,2,789,-94.78496118984185
D:F11_PO3,F11,ALL|SW,1,3,37,-2.4722614916972816
D:F11_PO3,F11,ALL|SW,2,0,92,-10.9661993032787
D:F11_PO3,F11,ALL|SW,2,1,337,-45.12846377916867
D:F11_PO3,F11,ALL|SW,2,2,881,-77.48075456556398
D:F11_PO3,F11,ALL|SW,2,3,200,-12.646320240572095
D:F11_PO3,F11,ALL|SW,3,0,35,-13.84241246059537
D:F11_PO3,F11,ALL|SW,3,1,66,-11.648749538697302
D:F11_PO3,F11,ALL|SW,3,2,157,-21.793469972908497
D:F11_PO3,F11,ALL|SW,3,3,245,-26.53025244921446
D:F11_PO3,F11,ALL|SWH,0,0,945,-137.82142308773473
D:F11_PO3,F11,ALL|SWH,0,1,1015,-175.52259622933343
D:F11_PO3,F11,ALL|SWH,0,2,592,-87.31391812139191
D:F11_PO3,F11,ALL|SWH,0,3,33,-1.1620224192738533
D:F11_PO3,F11,ALL|SWH,1,0,2213,-285.950184613117
D:F11_PO3,F11,ALL|SWH,1,1,927,-90.36589328854461
D:F11_PO3,F11,ALL|SWH,1,2,579,-92.24207124001987
D:F11_PO3,F11,ALL|SWH,1,3,49,-10.283404383808374
D:F11_PO3,F11,ALL|SWH,2,0,2934,-613.1850128151709
D:F11_PO3,F11,ALL|SWH,2,1,3665,-564.498114640126
D:F11_PO3,F11,ALL|SWH,2,2,2408,-230.9004198199109
D:F11_PO3,F11,ALL|SWH,2,3,185,-19.75575252721319
D:F11_PO3,F11,ALL|SWH,3,0,1575,-558.5265407301486
D:F11_PO3,F11,ALL|SWH,3,1,1570,-427.2316026312765
D:F11_PO3,F11,ALL|SWH,3,2,1586,-322.4494313285686
D:F11_PO3,F11,ALL|SWH,3,3,628,-77.73540473193862
D:F11_PO3,F11,A|FC,0,0,4652,-950.9290563827963
D:F11_PO3,F11,A|FC,0,1,7955,-1321.8842616523034
D:F11_PO3,F11,A|FC,1,0,243,-57.76900467672385
D:F11_PO3,F11,A|FC,1,1,303,-70.36664864589693
D:F11_PO3,F11,A|LTF,0,0,2690,-608.9643212291994
D:F11_PO3,F11,A|LTF,0,1,4220,-803.7943778492918
D:F11_PO3,F11,A|LTF,1,0,4263,-802.2759330577101
D:F11_PO3,F11,A|LTF,1,1,2273,-341.5492645284976
D:F11_PO3,F11,A|SW,0,0,1839,-302.1826577010215
D:F11_PO3,F11,A|SW,0,1,7200,-1204.7039224469336
D:F11_PO3,F11,A|SW,1,0,95,-18.979234404861927
D:F11_PO3,F11,A|SW,1,1,390,-63.34636599349324
D:F11_PO3,F11,A|SWH,0,0,1178,-206.3093685139902
D:F11_PO3,F11,A|SWH,0,1,1557,-292.4716601097607
D:F11_PO3,F11,A|SWH,1,0,5930,-1233.4275863638613
D:F11_PO3,F11,A|SWH,1,1,3902,-668.7842843057297
D:F11_PO3,F11,HI|FC,2,2,3936,-497.09183918537747
D:F11_PO3,F11,HI|FC,2,3,1036,-112.92283301596763
D:F11_PO3,F11,HI|FC,3,2,484,-93.9306107275188
D:F11_PO3,F11,HI|FC,3,3,234,-40.46137673780322
D:F11_PO3,F11,HI|LTF,2,2,3770,-478.49642580251384
D:F11_PO3,F11,HI|LTF,2,3,884,-105.69503755663754
D:F11_PO3,F11,HI|LTF,3,2,793,-122.54547310597263
D:F11_PO3,F11,HI|LTF,3,3,290,-49.350889544934034
D:F11_PO3,F11,HI|SW,2,2,2121,-224.4404418162303
D:F11_PO3,F11,HI|SW,2,3,745,-71.29741866723634
D:F11_PO3,F11,HI|SW,3,2,112,-24.833824660629034
D:F11_PO3,F11,HI|SW,3,3,188,-18.577194713056087
D:F11_PO3,F11,HI|SWH,2,2,3118,-310.3760800370219
D:F11_PO3,F11,HI|SWH,2,3,275,-40.32280067913234
D:F11_PO3,F11,HI|SWH,3,2,1605,-324.87820660742
D:F11_PO3,F11,HI|SWH,3,3,619,-73.20154279307462
D:F11_PO3,F11,T15|FC,0,0,4732,-976.5245995605947
D:F11_PO3,F11,T1h|FC,2,2,4222,-556.1614201389457
D:F11_PO3,F11,T30|FC,1,1,4808,-843.5327756390034
D:F11_PO3,F11,T4h|FC,3,3,750,-87.27403551549651
D:F11_RAID,F11,ALLINF|FC,0,0,18649,-3577.5219644123717
D:F11_RAID,F11,ALLINF|FC,0,1,11284,-1312.564041435282
D:F11_RAID,F11,ALLINF|FC,0,2,4226,-410.93471178837353
D:F11_RAID,F11,ALLINF|FC,0,3,919,-34.60309499701543
D:F11_RAID,F11,ALLINF|FC,1,0,8660,-1829.1434218945215
D:F11_RAID,F11,ALLINF|FC,1,1,4952,-677.0585074578412
D:F11_RAID,F11,ALLINF|FC,1,2,3684,-454.6211622017436
D:F11_RAID,F11,ALLINF|FC,1,3,475,-25.279542029369622
D:F11_RAID,F11,ALLINF|FC,2,0,6793,-1309.183401833885
D:F11_RAID,F11,ALLINF|FC,2,1,3393,-519.3696241145826
D:F11_RAID,F11,ALLINF|FC,2,2,2104,-210.315509192641
D:F11_RAID,F11,ALLINF|FC,2,3,553,4.270340269082226
D:F11_RAID,F11,ALLINF|FC,3,0,6959,-1390.5656402458699
D:F11_RAID,F11,ALLINF|FC,3,1,3576,-521.4799842516659
D:F11_RAID,F11,ALLINF|FC,3,2,1756,-148.51280280039646
D:F11_RAID,F11,ALLINF|FC,3,3,686,-29.771539469104027
D:F11_RAID,F11,ALLINF|SWH,0,0,4914,-734.276600062396
D:F11_RAID,F11,ALLINF|SWH,0,1,739,-77.04062897199765
D:F11_RAID,F11,ALLINF|SWH,0,2,173,-3.600983578711748
D:F11_RAID,F11,ALLINF|SWH,0,3,18,-0.05972850834950805
D:F11_RAID,F11,ALLINF|SWH,1,0,8110,-1338.9583527138457
D:F11_RAID,F11,ALLINF|SWH,1,1,3623,-366.9374717337778
D:F11_RAID,F11,ALLINF|SWH,1,2,624,-82.29654707049485
D:F11_RAID,F11,ALLINF|SWH,1,3,29,0.6118824556469917
D:F11_RAID,F11,ALLINF|SWH,2,0,14766,-2952.4425914196763
D:F11_RAID,F11,ALLINF|SWH,2,1,9191,-1195.870511548419
D:F11_RAID,F11,ALLINF|SWH,2,2,4499,-505.1384246996022
D:F11_RAID,F11,ALLINF|SWH,2,3,157,0.7731254880782217
D:F11_RAID,F11,ALLINF|SWH,3,0,16457,-3586.3541564862535
D:F11_RAID,F11,ALLINF|SWH,3,1,8541,-1354.1112487593655
D:F11_RAID,F11,ALLINF|SWH,3,2,4337,-459.579600304477
D:F11_RAID,F11,ALLINF|SWH,3,3,1425,-56.108499840222066
D:F11_RAID,F11,ALL|FC,0,0,20760,-3870.5501643987373
D:F11_RAID,F11,ALL|FC,0,1,11754,-1421.724041788635
D:F11_RAID,F11,ALL|FC,0,2,3774,-384.39558594579285
D:F11_RAID,F11,ALL|FC,0,3,180,-3.6025757705792785
D:F11_RAID,F11,ALL|FC,1,0,9178,-1950.227169116144
D:F11_RAID,F11,ALL|FC,1,1,5079,-707.5814658896998
D:F11_RAID,F11,ALL|FC,1,2,3166,-416.06726344756316
D:F11_RAID,F11,ALL|FC,1,3,124,-16.947960707824677
D:F11_RAID,F11,ALL|FC,2,0,6589,-1344.608762012489
D:F11_RAID,F11,ALL|FC,2,1,3320,-567.2489957643429
D:F11_RAID,F11,ALL|FC,2,2,1699,-224.93324272118753
D:F11_RAID,F11,ALL|FC,2,3,124,-8.823440873995423
D:F11_RAID,F11,ALL|FC,3,0,2705,-762.2913282626541
D:F11_RAID,F11,ALL|FC,3,1,1351,-280.98139589704806
D:F11_RAID,F11,ALL|FC,3,2,669,-77.27489763684571
D:F11_RAID,F11,ALL|FC,3,3,88,-14.124014169443399
D:F11_RAID,F11,ALL|LTF,0,0,15767,-2837.284866321541
D:F11_RAID,F11,ALL|LTF,0,1,7900,-960.1473028656619
D:F11_RAID,F11,ALL|LTF,0,2,2552,-261.8850077048264
D:F11_RAID,F11,ALL|LTF,0,3,131,0.32773176953196526
D:F11_RAID,F11,ALL|LTF,1,0,12185,-2338.03718218999
D:F11_RAID,F11,ALL|LTF,1,1,5599,-796.8795073682268
D:F11_RAID,F11,ALL|LTF,1,2,2648,-359.07648290891666
D:F11_RAID,F11,ALL|LTF,1,3,105,-13.093573540449142
D:F11_RAID,F11,ALL|LTF,2,0,10407,-2228.6596806562593
D:F11_RAID,F11,ALL|LTF,2,1,6175,-843.9599215028156
D:F11_RAID,F11,ALL|LTF,2,2,2688,-330.12636460939666
D:F11_RAID,F11,ALL|LTF,2,3,186,-10.599766566883773
D:F11_RAID,F11,ALL|LTF,3,0,2755,-829.7227195390733
D:F11_RAID,F11,ALL|LTF,3,1,1382,-300.12467859272147
D:F11_RAID,F11,ALL|LTF,3,2,681,-93.5167631264776
D:F11_RAID,F11,ALL|LTF,3,3,93,-14.200615272391587
D:F11_RAID,F11,ALL|SW,0,0,11345,-1958.1149176806503
D:F11_RAID,F11,ALL|SW,0,1,11946,-1623.3750671307662
D:F11_RAID,F11,ALL|SW,0,2,2032,-221.38082869453774
D:F11_RAID,F11,ALL|SW,0,3,52,-2.404842126648873
D:F11_RAID,F11,ALL|SW,1,0,1517,-278.06111641577445
D:F11_RAID,F11,ALL|SW,1,1,3148,-394.15366645064205
D:F11_RAID,F11,ALL|SW,1,2,3244,-409.07624315237626
D:F11_RAID,F11,ALL|SW,1,3,28,-5.034526042640209
D:F11_RAID,F11,ALL|SW,2,0,538,-95.63743710517883
D:F11_RAID,F11,ALL|SW,2,1,745,-81.59484820620855
D:F11_RAID,F11,ALL|SW,2,2,1393,-158.26599170948612
D:F11_RAID,F11,ALL|SW,2,3,58,-9.373086770996451
D:F11_RAID,F11,ALL|SW,3,0,87,-23.132373770698905
D:F11_RAID,F11,ALL|SW,3,1,69,-6.89166564354673
D:F11_RAID,F11,ALL|SW,3,2,67,-6.7939109252765775
D:F11_RAID,F11,ALL|SW,3,3,71,-4.8300702422857285
D:F11_RAID,F11,ALL|SWH,0,0,6220,-884.3686773456284
D:F11_RAID,F11,ALL|SWH,0,1,881,-69.39470682526007
D:F11_RAID,F11,ALL|SWH,0,2,161,-6.117491031065583
D:F11_RAID,F11,ALL|SWH,0,3,5,1.1897615492343903
D:F11_RAID,F11,ALL|SWH,1,0,11543,-1918.6083828672854
D:F11_RAID,F11,ALL|SWH,1,1,4812,-540.3388154486893
D:F11_RAID,F11,ALL|SWH,1,2,642,-99.81341035407968
D:F11_RAID,F11,ALL|SWH,1,3,10,1.147596187889576
D:F11_RAID,F11,ALL|SWH,2,0,18447,-3893.9166831220937
D:F11_RAID,F11,ALL|SWH,2,1,10925,-1563.7000701882225
D:F11_RAID,F11,ALL|SWH,2,2,4640,-556.9159806190246
D:F11_RAID,F11,ALL|SWH,2,3,57,-5.878990707919002
D:F11_RAID,F11,ALL|SWH,3,0,6168,-1833.0337215971667
D:F11_RAID,F11,ALL|SWH,3,1,3184,-687.0122995267739
D:F11_RAID,F11,ALL|SWH,3,2,1577,-263.3919167877175
D:F11_RAID,F11,ALL|SWH,3,3,198,-12.300819082651287
D:F11_RAID,F11,A|FC,0,0,26286,-5152.672120135161
D:F11_RAID,F11,A|FC,0,1,14915,-2056.873614337108
D:F11_RAID,F11,A|FC,1,0,10909,-2278.366885956377
D:F11_RAID,F11,A|FC,1,1,6018,-848.1757725084608
D:F11_RAID,F11,A|LTF,0,0,20869,-3992.9816320540267
D:F11_RAID,F11,A|LTF,0,1,10520,-1469.4427990861004
D:F11_RAID,F11,A|LTF,1,0,18391,-3813.815092830322
D:F11_RAID,F11,A|LTF,1,1,8807,-1238.7623410678643
D:F11_RAID,F11,A|SW,0,0,11525,-1975.2749183234118
D:F11_RAID,F11,A|SW,0,1,12338,-1662.2571324772307
D:F11_RAID,F11,A|SW,1,0,1595,-303.28426578990184
D:F11_RAID,F11,A|SW,1,1,3242,-416.996301813866
D:F11_RAID,F11,A|SWH,0,0,9232,-1451.8109570278903
D:F11_RAID,F11,A|SWH,0,1,1409,-139.1888883188367
D:F11_RAID,F11,A|SWH,1,0,30879,-6533.682387376466
D:F11_RAID,F11,A|SWH,1,1,14892,-2210.633259357319
D:F11_RAID,F11,HI|FC,2,2,5679,-693.6209935770557
D:F11_RAID,F11,HI|FC,2,3,373,-36.99390833219513
D:F11_RAID,F11,HI|FC,3,2,788,-110.54146538069472
D:F11_RAID,F11,HI|FC,3,3,102,-9.132286467123777
D:F11_RAID,F11,HI|LTF,2,2,5611,-678.0889068619535
D:F11_RAID,F11,HI|LTF,2,3,336,-27.138483862858266
D:F11_RAID,F11,HI|LTF,3,2,906,-149.49250384187326
D:F11_RAID,F11,HI|LTF,3,3,114,-12.27901089983061
D:F11_RAID,F11,HI|SW,2,2,2696,-323.796584579919
D:F11_RAID,F11,HI|SW,2,3,150,-13.228792805224657
D:F11_RAID,F11,HI|SW,3,2,103,-16.06446692813188
D:F11_RAID,F11,HI|SW,3,3,67,-3.4106214493513107
D:F11_RAID,F11,HI|SWH,2,2,5088,-586.0372110124399
D:F11_RAID,F11,HI|SWH,2,3,61,-5.694100907072425
D:F11_RAID,F11,HI|SWH,3,2,1595,-273.5713781551458
D:F11_RAID,F11,HI|SWH,3,3,199,-11.91405618051067
D:F11_RAID,F11,T15|FC,0,0,34218,-6926.259867119836
D:F11_RAID,F11,T1h|FC,2,2,6210,-762.019280579053
D:F11_RAID,F11,T30|FC,1,1,15873,-2331.792406967159
D:F11_RAID,F11,T4h|FC,3,3,219,-19.32372092315927
D:F11_TSOUP,F11,ALLINF|FC,0,0,14315,-2747.945096025185
D:F11_TSOUP,F11,ALLINF|FC,0,1,9205,-1158.0205509862571
D:F11_TSOUP,F11,ALLINF|FC,0,2,3356,-361.9403198904329
D:F11_TSOUP,F11,ALLINF|FC,0,3,635,-30.860624161490705
D:F11_TSOUP,F11,ALLINF|FC,1,0,5626,-1012.5126513043651
D:F11_TSOUP,F11,ALLINF|FC,1,1,3453,-403.7246010118397
D:F11_TSOUP,F11,ALLINF|FC,1,2,2473,-192.42805173504166
D:F11_TSOUP,F11,ALLINF|FC,1,3,346,-1.483084522653371
D:F11_TSOUP,F11,ALLINF|FC,2,0,4738,-1075.5667697523022
D:F11_TSOUP,F11,ALLINF|FC,2,1,2230,-305.8375884546258
D:F11_TSOUP,F11,ALLINF|FC,2,2,1511,-123.20962510281242
D:F11_TSOUP,F11,ALLINF|FC,2,3,391,-14.761045679682866
D:F11_TSOUP,F11,ALLINF|FC,3,0,3995,-843.0946034432418
D:F11_TSOUP,F11,ALLINF|FC,3,1,1882,-347.89649174560327
D:F11_TSOUP,F11,ALLINF|FC,3,2,935,-74.95636007597204
D:F11_TSOUP,F11,ALLINF|FC,3,3,435,-22.115490346914157
D:F11_TSOUP,F11,ALLINF|SWH,0,0,4962,-845.6280902287835
D:F11_TSOUP,F11,ALLINF|SWH,0,1,777,-56.649460073094815
D:F11_TSOUP,F11,ALLINF|SWH,0,2,208,-20.86419299703266
D:F11_TSOUP,F11,ALLINF|SWH,0,3,16,-0.9733865112066269
D:F11_TSOUP,F11,ALLINF|SWH,1,0,7064,-1343.303663890576
D:F11_TSOUP,F11,ALLINF|SWH,1,1,3496,-385.2675916015287
D:F11_TSOUP,F11,ALLINF|SWH,1,2,555,-77.3502540437039
D:F11_TSOUP,F11,ALLINF|SWH,1,3,29,-0.6852967329323292
D:F11_TSOUP,F11,ALLINF|SWH,2,0,10289,-1968.008060544831
D:F11_TSOUP,F11,ALLINF|SWH,2,1,6437,-853.8018464299676
D:F11_TSOUP,F11,ALLINF|SWH,2,2,3190,-202.3978222590231
D:F11_TSOUP,F11,ALLINF|SWH,2,3,95,-1.277195424772799
D:F11_TSOUP,F11,ALLINF|SWH,3,0,9186,-2002.0269524111209
D:F11_TSOUP,F11,ALLINF|SWH,3,1,4643,-691.5958148006175
D:F11_TSOUP,F11,ALLINF|SWH,3,2,2434,-238.47550698928535
D:F11_TSOUP,F11,ALLINF|SWH,3,3,893,-41.99135392787866
D:F11_TSOUP,F11,ALL|FC,0,0,15447,-3019.060427974153
D:F11_TSOUP,F11,ALL|FC,0,1,9284,-1221.4881553126907
D:F11_TSOUP,F11,ALL|FC,0,2,2941,-337.7464336076955
D:F11_TSOUP,F11,ALL|FC,0,3,126,-9.513048702850938
D:F11_TSOUP,F11,ALL|FC,1,0,5842,-1063.3136154984822
D:F11_TSOUP,F11,ALL|FC,1,1,3437,-459.1418136874563
D:F11_TSOUP,F11,ALL|FC,1,2,2093,-190.8646691457252
D:F11_TSOUP,F11,ALL|FC,1,3,83,-2.989646788686514
D:F11_TSOUP,F11,ALL|FC,2,0,4325,-1037.766685027047
D:F11_TSOUP,F11,ALL|FC,2,1,2016,-302.666285079933
D:F11_TSOUP,F11,ALL|FC,2,2,1154,-108.31615108792903
D:F11_TSOUP,F11,ALL|FC,2,3,79,-3.948285210877657
D:F11_TSOUP,F11,ALL|FC,3,0,1680,-467.1599965458154
D:F11_TSOUP,F11,ALL|FC,3,1,770,-182.3020020534168
D:F11_TSOUP,F11,ALL|FC,3,2,365,-55.848943795543164
D:F11_TSOUP,F11,ALL|FC,3,3,40,-8.38653526455164
D:F11_TSOUP,F11,ALL|LTF,0,0,12329,-2428.633291406557
D:F11_TSOUP,F11,ALL|LTF,0,1,6406,-850.9329100398754
D:F11_TSOUP,F11,ALL|LTF,0,2,2101,-278.22625469339255
D:F11_TSOUP,F11,ALL|LTF,0,3,95,-6.018952403217554
D:F11_TSOUP,F11,ALL|LTF,1,0,8326,-1510.5723513470148
D:F11_TSOUP,F11,ALL|LTF,1,1,3865,-582.8122683103429
D:F11_TSOUP,F11,ALL|LTF,1,2,1744,-216.42317083402304
D:F11_TSOUP,F11,ALL|LTF,1,3,84,-5.8839960638433695
D:F11_TSOUP,F11,ALL|LTF,2,0,6548,-1429.1419461817713
D:F11_TSOUP,F11,ALL|LTF,2,1,3854,-432.7450457555533
D:F11_TSOUP,F11,ALL|LTF,2,2,1719,-111.70986978110159
D:F11_TSOUP,F11,ALL|LTF,2,3,97,-5.558462206274271
D:F11_TSOUP,F11,ALL|LTF,3,0,1798,-505.81486206914997
D:F11_TSOUP,F11,ALL|LTF,3,1,845,-206.88887780503137
D:F11_TSOUP,F11,ALL|LTF,3,2,407,-75.58896084083244
D:F11_TSOUP,F11,ALL|LTF,3,3,45,-9.33684891462326
D:F11_TSOUP,F11,ALL|SW,0,0,8343,-1445.241085365211
D:F11_TSOUP,F11,ALL|SW,0,1,8361,-1117.165916084312
D:F11_TSOUP,F11,ALL|SW,0,2,1616,-139.158945875708
D:F11_TSOUP,F11,ALL|SW,0,3,29,0.44882314652204514
D:F11_TSOUP,F11,ALL|SW,1,0,1184,-211.69465822936036
D:F11_TSOUP,F11,ALL|SW,1,1,2489,-253.21411666163476
D:F11_TSOUP,F11,ALL|SW,1,2,2087,-234.5183987569617
D:F11_TSOUP,F11,ALL|SW,1,3,18,-4.513269677758217
D:F11_TSOUP,F11,ALL|SW,2,0,420,-107.81500970898196
D:F11_TSOUP,F11,ALL|SW,2,1,529,-92.23246023704996
D:F11_TSOUP,F11,ALL|SW,2,2,972,-81.61694773571799
D:F11_TSOUP,F11,ALL|SW,2,3,38,-4.30127240344882
D:F11_TSOUP,F11,ALL|SW,3,0,49,-15.716978082433343
D:F11_TSOUP,F11,ALL|SW,3,1,40,-7.786115787923336
D:F11_TSOUP,F11,ALL|SW,3,2,49,-7.0724532678723335
D:F11_TSOUP,F11,ALL|SW,3,3,39,-2.356667250394821
D:F11_TSOUP,F11,ALL|SWH,0,0,5943,-973.6407414559653
D:F11_TSOUP,F11,ALL|SWH,0,1,929,-107.26636006729677
D:F11_TSOUP,F11,ALL|SWH,0,2,209,-26.32527933914389
D:F11_TSOUP,F11,ALL|SWH,0,3,6,-0.8513015359640121
D:F11_TSOUP,F11,ALL|SWH,1,0,8675,-1529.451663882297
D:F11_TSOUP,F11,ALL|SWH,1,1,4040,-482.5147083399934
D:F11_TSOUP,F11,ALL|SWH,1,2,569,-89.65754549700068
D:F11_TSOUP,F11,ALL|SWH,1,3,8,1.3932788968086243
D:F11_TSOUP,F11,ALL|SWH,2,0,11301,-2331.699117843513
D:F11_TSOUP,F11,ALL|SWH,2,1,6746,-955.5383925233909
D:F11_TSOUP,F11,ALL|SWH,2,2,2937,-229.09700240861275
D:F11_TSOUP,F11,ALL|SWH,2,3,27,-0.18323124945163727
D:F11_TSOUP,F11,ALL|SWH,3,0,4049,-1118.1323976048734
D:F11_TSOUP,F11,ALL|SWH,3,1,1959,-381.81724460440455
D:F11_TSOUP,F11,ALL|SWH,3,2,994,-160.07613150775433
D:F11_TSOUP,F11,ALL|SWH,3,3,110,-15.744086772203445
D:F11_TSOUP,F11,A|FC,0,0,18849,-3851.7033437031205
D:F11_TSOUP,F11,A|FC,0,1,11251,-1554.1969586616033
D:F11_TSOUP,F11,A|FC,1,0,6719,-1318.2944041345036
D:F11_TSOUP,F11,A|FC,1,1,3872,-540.2602978764917
D:F11_TSOUP,F11,A|LTF,0,0,15294,-3156.7765447116108
D:F11_TSOUP,F11,A|LTF,0,1,7822,-1108.842887563922
D:F11_TSOUP,F11,A|LTF,1,0,12222,-2383.6176067507477
D:F11_TSOUP,F11,A|LTF,1,1,5779,-803.0430206122692
D:F11_TSOUP,F11,A|SW,0,0,8500,-1493.7522754723032
D:F11_TSOUP,F11,A|SW,0,1,8617,-1171.1334591349587
D:F11_TSOUP,F11,A|SW,1,0,1260,-217.76776670315303
D:F11_TSOUP,F11,A|SW,1,1,2567,-263.42405117553426
D:F11_TSOUP,F11,A|SWH,0,0,8325,-1513.2082918631058
D:F11_TSOUP,F11,A|SWH,0,1,1382,-173.68331408599624
D:F11_TSOUP,F11,A|SWH,1,0,19819,-4117.459693031153
D:F11_TSOUP,F11,A|SWH,1,1,9685,-1388.4371899579419
D:F11_TSOUP,F11,HI|FC,2,2,3646,-347.70639148767805
D:F11_TSOUP,F11,HI|FC,2,3,207,-8.304683165624738
D:F11_TSOUP,F11,HI|FC,3,2,542,-82.62946490198374
D:F11_TSOUP,F11,HI|FC,3,3,62,-14.430891528725624
D:F11_TSOUP,F11,HI|LTF,2,2,3583,-335.47022844146704
D:F11_TSOUP,F11,HI|LTF,2,3,170,-1.9179844576865435
D:F11_TSOUP,F11,HI|LTF,3,2,650,-106.13790966197848
D:F11_TSOUP,F11,HI|LTF,3,3,74,-15.439269490540028
D:F11_TSOUP,F11,HI|SW,2,2,1854,-161.4270405533607
D:F11_TSOUP,F11,HI|SW,2,3,87,-8.120652187615633
D:F11_TSOUP,F11,HI|SW,3,2,70,-6.220209337770939
D:F11_TSOUP,F11,HI|SW,3,3,41,-4.669229708611965
D:F11_TSOUP,F11,HI|SWH,2,2,3327,-296.8519346601679
D:F11_TSOUP,F11,HI|SWH,2,3,33,-0.20232457667589188
D:F11_TSOUP,F11,HI|SWH,3,2,1000,-162.1772047355771
D:F11_TSOUP,F11,HI|SWH,3,3,112,-15.465106524527073
D:F11_TSOUP,F11,T15|FC,0,0,23299,-4729.89660812245
D:F11_TSOUP,F11,T1h|FC,2,2,3947,-392.62205196585273
D:F11_TSOUP,F11,T30|FC,1,1,10520,-1537.5602032980241
D:F11_TSOUP,F11,T4h|FC,3,3,116,-15.229760190472007
D:F12_MSS,F12,ALLINF|FC,0,0,15175,-2469.326687222674
D:F12_MSS,F12,ALLINF|FC,0,1,8625,-1036.9128283020837
D:F12_MSS,F12,ALLINF|FC,0,2,2814,-221.5289671221908
D:F12_MSS,F12,ALLINF|FC,0,3,439,-8.223671758023556
D:F12_MSS,F12,ALLINF|FC,1,0,5498,-1146.7368015489774
D:F12_MSS,F12,ALLINF|FC,1,1,3183,-407.72456866758876
D:F12_MSS,F12,ALLINF|FC,1,2,2237,-150.07633630227065
D:F12_MSS,F12,ALLINF|FC,1,3,289,-13.700859633274376
D:F12_MSS,F12,ALLINF|FC,2,0,5298,-846.2882895380608
D:F12_MSS,F12,ALLINF|FC,2,1,2453,-263.0364039922133
D:F12_MSS,F12,ALLINF|FC,2,2,1646,-102.84912281512516
D:F12_MSS,F12,ALLINF|FC,2,3,432,-17.770058915717527
D:F12_MSS,F12,ALLINF|FC,3,0,5072,-914.0274482600216
D:F12_MSS,F12,ALLINF|FC,3,1,2304,-273.45275525932084
D:F12_MSS,F12,ALLINF|FC,3,2,1122,-83.24918252800126
D:F12_MSS,F12,ALLINF|FC,3,3,570,-9.516755918273702
D:F12_MSS,F12,ALLINF|SWH,0,0,5345,-732.9841193383327
D:F12_MSS,F12,ALLINF|SWH,0,1,551,-52.5876887239865
D:F12_MSS,F12,ALLINF|SWH,0,2,136,-7.994051588932052
D:F12_MSS,F12,ALLINF|SWH,0,3,5,0.5598340854048729
D:F12_MSS,F12,ALLINF|SWH,1,0,7688,-1366.2905865373323
D:F12_MSS,F12,ALLINF|SWH,1,1,3493,-431.5758529614541
D:F12_MSS,F12,ALLINF|SWH,1,2,353,-10.984658151166514
D:F12_MSS,F12,ALLINF|SWH,1,3,16,-0.1794152744114399
D:F12_MSS,F12,ALLINF|SWH,2,0,9671,-1757.969176267834
D:F12_MSS,F12,ALLINF|SWH,2,1,6047,-707.9093585031751
D:F12_MSS,F12,ALLINF|SWH,2,2,3099,-226.21267130207707
D:F12_MSS,F12,ALLINF|SWH,2,3,51,2.542367128538899
D:F12_MSS,F12,ALLINF|SWH,3,0,11149,-2078.936189425207
D:F12_MSS,F12,ALLINF|SWH,3,1,5393,-661.6995419508021
D:F12_MSS,F12,ALLINF|SWH,3,2,2793,-205.3246276040445
D:F12_MSS,F12,ALLINF|SWH,3,3,985,-23.923070139833726
D:F12_MSS,F12,ALL|FC,0,0,17168,-2918.630513865741
D:F12_MSS,F12,ALL|FC,0,1,8984,-1151.1359958550165
D:F12_MSS,F12,ALL|FC,0,2,2459,-234.608772004598
D:F12_MSS,F12,ALL|FC,0,3,95,3.0984784439206123
D:F12_MSS,F12,ALL|FC,1,0,5741,-1202.8274196850834
D:F12_MSS,F12,ALL|FC,1,1,3177,-411.17062612995505
D:F12_MSS,F12,ALL|FC,1,2,1879,-155.40288232278544
D:F12_MSS,F12,ALL|FC,1,3,66,-2.8557439632713795
D:F12_MSS,F12,ALL|FC,2,0,4796,-800.9773598870379
D:F12_MSS,F12,ALL|FC,2,1,2222,-222.1566682831617
D:F12_MSS,F12,ALL|FC,2,2,1254,-96.53873279225081
D:F12_MSS,F12,ALL|FC,2,3,84,-9.225005764514208
D:F12_MSS,F12,ALL|FC,3,0,1618,-258.1899160244502
D:F12_MSS,F12,ALL|FC,3,1,774,-89.94964469503611
D:F12_MSS,F12,ALL|FC,3,2,357,-25.20577400084585
D:F12_MSS,F12,ALL|FC,3,3,45,-3.880732126533985
D:F12_MSS,F12,ALL|LTF,0,0,13608,-2289.55504323644
D:F12_MSS,F12,ALL|LTF,0,1,6142,-804.5092589395063
D:F12_MSS,F12,ALL|LTF,0,2,1703,-193.10475001647137
D:F12_MSS,F12,ALL|LTF,0,3,63,4.043182075023651
D:F12_MSS,F12,ALL|LTF,1,0,8493,-1694.486717653228
D:F12_MSS,F12,ALL|LTF,1,1,3785,-558.4786408133805
D:F12_MSS,F12,ALL|LTF,1,2,1561,-130.70629442174686
D:F12_MSS,F12,ALL|LTF,1,3,66,-8.017143160104752
D:F12_MSS,F12,ALL|LTF,2,0,7020,-1199.8547968840357
D:F12_MSS,F12,ALL|LTF,2,1,3892,-351.4392085488216
D:F12_MSS,F12,ALL|LTF,2,2,1741,-120.7031369889155
D:F12_MSS,F12,ALL|LTF,2,3,88,-3.497599482536316
D:F12_MSS,F12,ALL|LTF,3,0,1802,-320.3784297523089
D:F12_MSS,F12,ALL|LTF,3,1,856,-84.72995181847364
D:F12_MSS,F12,ALL|LTF,3,2,434,-30.51733513828367
D:F12_MSS,F12,ALL|LTF,3,3,52,-7.602521292865276
D:F12_MSS,F12,ALL|SW,0,0,10128,-1369.8731086168918
D:F12_MSS,F12,ALL|SW,0,1,8093,-1114.6404798242675
D:F12_MSS,F12,ALL|SW,0,2,1317,-115.8175974810656
D:F12_MSS,F12,ALL|SW,0,3,21,6.68535253405571
D:F12_MSS,F12,ALL|SW,1,0,1078,-197.83218640100677
D:F12_MSS,F12,ALL|SW,1,1,2452,-256.86859084514435
D:F12_MSS,F12,ALL|SW,1,2,1832,-122.53115561290178
D:F12_MSS,F12,ALL|SW,1,3,24,-1.5559424310922623
D:F12_MSS,F12,ALL|SW,2,0,246,-38.054623731644824
D:F12_MSS,F12,ALL|SW,2,1,562,-41.742150991922244
D:F12_MSS,F12,ALL|SW,2,2,1104,-87.75935210473835
D:F12_MSS,F12,ALL|SW,2,3,34,-1.2030516900122166
D:F12_MSS,F12,ALL|SW,3,0,22,-4.775827530771494
D:F12_MSS,F12,ALL|SW,3,1,26,-0.30340491281822324
D:F12_MSS,F12,ALL|SW,3,2,47,-3.7178298588842154
D:F12_MSS,F12,ALL|SW,3,3,44,-5.7334777265787125
D:F12_MSS,F12,ALL|SWH,0,0,6904,-984.600895653246
D:F12_MSS,F12,ALL|SWH,0,1,710,-72.21035210689297
D:F12_MSS,F12,ALL|SWH,0,2,146,-10.632070166291669
D:F12_MSS,F12,ALL|SWH,0,3,2,0.4889056384563446
D:F12_MSS,F12,ALL|SWH,1,0,9988,-1823.7693616928009
D:F12_MSS,F12,ALL|SWH,1,1,4329,-568.8392837693682
D:F12_MSS,F12,ALL|SWH,1,2,390,-29.150155139621347
D:F12_MSS,F12,ALL|SWH,1,3,8,-1.0251110456883907
D:F12_MSS,F12,ALL|SWH,2,0,11557,-2206.998723196484
D:F12_MSS,F12,ALL|SWH,2,1,6691,-792.7024414724383
D:F12_MSS,F12,ALL|SWH,2,2,2929,-261.5321103417591
D:F12_MSS,F12,ALL|SWH,2,3,25,-0.0668669193983078
D:F12_MSS,F12,ALL|SWH,3,0,3571,-723.0151794184931
D:F12_MSS,F12,ALL|SWH,3,1,1768,-207.58040782355238
D:F12_MSS,F12,ALL|SWH,3,2,878,-81.07995304232463
D:F12_MSS,F12,ALL|SWH,3,3,96,-6.493510715663433
D:F12_MSS,F12,A|FC,0,0,21017,-3573.767590038835
D:F12_MSS,F12,A|FC,0,1,10966,-1371.9933370058861
D:F12_MSS,F12,A|FC,1,0,6738,-1381.4810583117069
D:F12_MSS,F12,A|FC,1,1,3722,-450.2783594354987
D:F12_MSS,F12,A|LTF,0,0,17205,-3040.8493080075423
D:F12_MSS,F12,A|LTF,0,1,7795,-1042.2056774501398
D:F12_MSS,F12,A|LTF,1,0,12209,-2202.577072260996
D:F12_MSS,F12,A|LTF,1,1,5588,-631.5416098413989
D:F12_MSS,F12,A|SW,0,0,10162,-1380.2427101180438
D:F12_MSS,F12,A|SW,0,1,8335,-1126.655570151046
D:F12_MSS,F12,A|SW,1,0,1103,-197.11475053441245
D:F12_MSS,F12,A|SW,1,1,2526,-264.36361903173383
D:F12_MSS,F12,A|SWH,0,0,9870,-1578.2491358977277
D:F12_MSS,F12,A|SWH,0,1,1145,-127.12480282358592
D:F12_MSS,F12,A|SWH,1,0,20311,-3839.752197815462
D:F12_MSS,F12,A|SWH,1,1,9872,-1234.3431603402132
D:F12_MSS,F12,HI|FC,2,2,3399,-296.2708373735004
D:F12_MSS,F12,HI|FC,2,3,159,-8.590803984552622
D:F12_MSS,F12,HI|FC,3,2,598,-64.60047899372876
D:F12_MSS,F12,HI|FC,3,3,67,-8.301680751144886
D:F12_MSS,F12,HI|LTF,2,2,3343,-297.77523219532304
D:F12_MSS,F12,HI|LTF,2,3,131,-9.421704173088074
D:F12_MSS,F12,HI|LTF,3,2,693,-58.515675473958254
D:F12_MSS,F12,HI|LTF,3,3,71,-9.886388145387173
D:F12_MSS,F12,HI|SW,2,2,1901,-154.9419977790676
D:F12_MSS,F12,HI|SW,2,3,71,-4.911012154072523
D:F12_MSS,F12,HI|SW,3,2,52,-5.474818455055356
D:F12_MSS,F12,HI|SW,3,3,44,-4.692226096987724
D:F12_MSS,F12,HI|SWH,2,2,3193,-277.91945935872354
D:F12_MSS,F12,HI|SWH,2,3,28,-4.1054685190320015
D:F12_MSS,F12,HI|SWH,3,2,891,-75.73985071247444
D:F12_MSS,F12,HI|SWH,3,3,99,-7.2945714965462685
D:F12_MSS,F12,T15|FC,0,0,25629,-4511.255918971503
D:F12_MSS,F12,T1h|FC,2,2,3755,-331.8852271814176
D:F12_MSS,F12,T30|FC,1,1,10645,-1325.0974165977677
D:F12_MSS,F12,T4h|FC,3,3,105,-7.453935854136944
D:F12_MSS_DISP,F12,ALLINF|FC,0,0,3983,-575.6565840699477
D:F12_MSS_DISP,F12,ALLINF|FC,0,1,3047,-309.3773740971228
D:F12_MSS_DISP,F12,ALLINF|FC,0,2,914,-52.016125125628605
D:F12_MSS_DISP,F12,ALLINF|FC,0,3,68,-7.261469373945147
D:F12_MSS_DISP,F12,ALLINF|FC,1,0,882,-141.36600196076324
D:F12_MSS_DISP,F12,ALLINF|FC,1,1,805,-53.76098169933539
D:F12_MSS_DISP,F12,ALLINF|FC,1,2,641,-60.504209524719045
D:F12_MSS_DISP,F12,ALLINF|FC,1,3,72,4.035488270223141
D:F12_MSS_DISP,F12,ALLINF|FC,2,0,591,-90.74183288775384
D:F12_MSS_DISP,F12,ALLINF|FC,2,1,361,-7.379464323516004
D:F12_MSS_DISP,F12,ALLINF|FC,2,2,507,11.901322229183279
D:F12_MSS_DISP,F12,ALLINF|FC,2,3,116,-2.900840893853456
D:F12_MSS_DISP,F12,ALLINF|FC,3,0,526,-121.52831881656311
D:F12_MSS_DISP,F12,ALLINF|FC,3,1,221,-18.565022852504626
D:F12_MSS_DISP,F12,ALLINF|FC,3,2,132,-4.273681469261646
D:F12_MSS_DISP,F12,ALLINF|FC,3,3,199,-11.538716136012226
D:F12_MSS_DISP,F12,ALLINF|SWH,0,0,2569,-374.6283625490032
D:F12_MSS_DISP,F12,ALLINF|SWH,0,1,387,-59.02819614321925
D:F12_MSS_DISP,F12,ALLINF|SWH,0,2,121,-4.9656069066841155
D:F12_MSS_DISP,F12,ALLINF|SWH,0,3,1,0.9629026055335999
D:F12_MSS_DISP,F12,ALLINF|SWH,1,0,2301,-386.90754519216716
D:F12_MSS_DISP,F12,ALLINF|SWH,1,1,1356,-119.37397303874604
D:F12_MSS_DISP,F12,ALLINF|SWH,1,2,142,-9.638991036452353
D:F12_MSS_DISP,F12,ALLINF|SWH,1,3,4,0.38758793473243713
D:F12_MSS_DISP,F12,ALLINF|SWH,2,0,1276,-194.32858561431203
D:F12_MSS_DISP,F12,ALLINF|SWH,2,1,1419,-97.75247414200567
D:F12_MSS_DISP,F12,ALLINF|SWH,2,2,949,-16.94636500708293
D:F12_MSS_DISP,F12,ALLINF|SWH,2,3,21,-1.127974033355713
D:F12_MSS_DISP,F12,ALLINF|SWH,3,0,810,-164.24530932470225
D:F12_MSS_DISP,F12,ALLINF|SWH,3,1,386,-39.11738066095859
D:F12_MSS_DISP,F12,ALLINF|SWH,3,2,296,-8.108958311844617
D:F12_MSS_DISP,F12,ALLINF|SWH,3,3,268,-10.598070089705288
D:F12_MSS_DISP,F12,ALL|FC,0,0,4024,-605.5461862996453
D:F12_MSS_DISP,F12,ALL|FC,0,1,2931,-313.74677507113665
D:F12_MSS_DISP,F12,ALL|FC,0,2,740,-38.647741617918655
D:F12_MSS_DISP,F12,ALL|FC,0,3,20,-1.0803373456001282
D:F12_MSS_DISP,F12,ALL|FC,1,0,877,-141.75903588993242
D:F12_MSS_DISP,F12,ALL|FC,1,1,729,-52.817476240801625
D:F12_MSS_DISP,F12,ALL|FC,1,2,493,-49.434505864745006
D:F12_MSS_DISP,F12,ALL|FC,1,3,18,-0.07393720746040344
D:F12_MSS_DISP,F12,ALL|FC,2,0,511,-89.3112387699075
D:F12_MSS_DISP,F12,ALL|FC,2,1,303,-15.681541946483776
D:F12_MSS_DISP,F12,ALL|FC,2,2,342,-11.882799655664712
D:F12_MSS_DISP,F12,ALL|FC,2,3,17,-0.19645513594150543
D:F12_MSS_DISP,F12,ALL|FC,3,0,206,-40.57890856638551
D:F12_MSS_DISP,F12,ALL|FC,3,1,74,3.913666835986078
D:F12_MSS_DISP,F12,ALL|FC,3,2,46,-4.940231707878411
D:F12_MSS_DISP,F12,ALL|FC,3,3,15,-6.006352163851261
D:F12_MSS_DISP,F12,ALL|LTF,0,0,3223,-525.3013525647111
D:F12_MSS_DISP,F12,ALL|LTF,0,1,1876,-152.85173657350242
D:F12_MSS_DISP,F12,ALL|LTF,0,2,503,-18.37823461223161
D:F12_MSS_DISP,F12,ALL|LTF,0,3,11,-1.819806843996048
D:F12_MSS_DISP,F12,ALL|LTF,1,0,2023,-319.94841870869277
D:F12_MSS_DISP,F12,ALL|LTF,1,1,936,-111.07125289796386
D:F12_MSS_DISP,F12,ALL|LTF,1,2,348,-25.82612109440379
D:F12_MSS_DISP,F12,ALL|LTF,1,3,12,0.5279491096735001
D:F12_MSS_DISP,F12,ALL|LTF,2,0,892,-157.44259208199946
D:F12_MSS_DISP,F12,ALL|LTF,2,1,782,-73.89685346395709
D:F12_MSS_DISP,F12,ALL|LTF,2,2,460,-31.14838946191594
D:F12_MSS_DISP,F12,ALL|LTF,2,3,20,-2.394858255982399
D:F12_MSS_DISP,F12,ALL|LTF,3,0,211,-31.590242002159357
D:F12_MSS_DISP,F12,ALL|LTF,3,1,88,3.669374077580869
D:F12_MSS_DISP,F12,ALL|LTF,3,2,63,2.6806885842233896
D:F12_MSS_DISP,F12,ALL|LTF,3,3,17,-5.812885247170925
D:F12_MSS_DISP,F12,ALL|SW,0,0,3093,-354.7767619198421
D:F12_MSS_DISP,F12,ALL|SW,0,1,2006,-258.0517433293862
D:F12_MSS_DISP,F12,ALL|SW,0,2,351,-17.26968045823014
D:F12_MSS_DISP,F12,ALL|SW,0,3,3,1.4248510003089905
D:F12_MSS_DISP,F12,ALL|SW,1,0,360,-47.2646824940457
D:F12_MSS_DISP,F12,ALL|SW,1,1,975,-67.03997215034906
D:F12_MSS_DISP,F12,ALL|SW,1,2,493,-47.66464855725644
D:F12_MSS_DISP,F12,ALL|SW,1,3,7,1.3594567030668259
D:F12_MSS_DISP,F12,ALL|SW,2,0,67,-15.23446375131607
D:F12_MSS_DISP,F12,ALL|SW,2,1,164,7.801222346024588
D:F12_MSS_DISP,F12,ALL|SW,2,2,439,-11.525485908612609
D:F12_MSS_DISP,F12,ALL|SW,2,3,12,0.8604175895452499
D:F12_MSS_DISP,F12,ALL|SW,3,0,10,-0.33589522540569305
D:F12_MSS_DISP,F12,ALL|SW,3,1,3,-1.5698688626289368
D:F12_MSS_DISP,F12,ALL|SW,3,2,13,-1.2511283960193396
D:F12_MSS_DISP,F12,ALL|SW,3,3,17,-6.93732325732708
D:F12_MSS_DISP,F12,ALL|SWH,0,0,2654,-385.85394761012867
D:F12_MSS_DISP,F12,ALL|SWH,0,1,402,-57.26697495044209
D:F12_MSS_DISP,F12,ALL|SWH,0,2,110,-4.6101122193504125
D:F12_MSS_DISP,F12,ALL|SWH,0,3,1,0.9629026055335999
D:F12_MSS_DISP,F12,ALL|SWH,1,0,2379,-432.5698732213932
D:F12_MSS_DISP,F12,ALL|SWH,1,1,1339,-139.26249689166434
D:F12_MSS_DISP,F12,ALL|SWH,1,2,124,-11.832687863148749
D:F12_MSS_DISP,F12,ALL|SWH,1,3,1,0.147377610206604
D:F12_MSS_DISP,F12,ALL|SWH,2,0,1165,-202.63339657747565
D:F12_MSS_DISP,F12,ALL|SWH,2,1,1212,-102.65563413919881
D:F12_MSS_DISP,F12,ALL|SWH,2,2,668,-32.61379038495943
D:F12_MSS_DISP,F12,ALL|SWH,2,3,3,0.7915425598621368
D:F12_MSS_DISP,F12,ALL|SWH,3,0,315,-41.188315223902464
D:F12_MSS_DISP,F12,ALL|SWH,3,1,139,3.940283698029816
D:F12_MSS_DISP,F12,ALL|SWH,3,2,104,1.4404880721122026
D:F12_MSS_DISP,F12,ALL|SWH,3,3,22,-8.406489998102188
D:F12_MSS_DISP,F12,A|FC,0,0,4310,-637.6979870988289
D:F12_MSS_DISP,F12,A|FC,0,1,3139,-321.91132345283404
D:F12_MSS_DISP,F12,A|FC,1,0,937,-144.3581378152012
D:F12_MSS_DISP,F12,A|FC,1,1,779,-64.70400301541667
D:F12_MSS_DISP,F12,A|LTF,0,0,3516,-549.2673537475057
D:F12_MSS_DISP,F12,A|LTF,0,1,2037,-159.4133361801505
D:F12_MSS_DISP,F12,A|LTF,1,0,2456,-383.6845167708598
D:F12_MSS_DISP,F12,A|LTF,1,1,1235,-131.50910741242114
D:F12_MSS_DISP,F12,A|SW,0,0,3109,-360.8936211062828
D:F12_MSS_DISP,F12,A|SW,0,1,2051,-248.50315155496355
D:F12_MSS_DISP,F12,A|SW,1,0,370,-48.681795798183884
D:F12_MSS_DISP,F12,A|SW,1,1,1005,-68.9645999573404
D:F12_MSS_DISP,F12,A|SWH,0,0,2948,-462.14443611865863
D:F12_MSS_DISP,F12,A|SWH,0,1,494,-76.21854863048065
D:F12_MSS_DISP,F12,A|SWH,1,0,3127,-521.0778109404273
D:F12_MSS_DISP,F12,A|SWH,1,1,1955,-161.91469885315746
D:F12_MSS_DISP,F12,HI|FC,2,2,774,-23.69518310809508
D:F12_MSS_DISP,F12,HI|FC,2,3,40,-1.209040306508541
D:F12_MSS_DISP,F12,HI|FC,3,2,59,-2.069538524374366
D:F12_MSS_DISP,F12,HI|FC,3,3,15,-6.054137870669365
D:F12_MSS_DISP,F12,HI|LTF,2,2,759,-29.93190654600039
D:F12_MSS_DISP,F12,HI|LTF,2,3,27,-2.267832063138485
D:F12_MSS_DISP,F12,HI|LTF,3,2,88,4.927860157564282
D:F12_MSS_DISP,F12,HI|LTF,3,3,17,-5.67605984210968
D:F12_MSS_DISP,F12,HI|SW,2,2,680,-28.542215629015118
D:F12_MSS_DISP,F12,HI|SW,2,3,19,1.1145523935556412
D:F12_MSS_DISP,F12,HI|SW,3,2,16,0.3750786576420069
D:F12_MSS_DISP,F12,HI|SW,3,3,18,-7.988651916384697
D:F12_MSS_DISP,F12,HI|SWH,2,2,746,-29.29992281878367
D:F12_MSS_DISP,F12,HI|SWH,2,3,5,-0.00458034873008728
D:F12_MSS_DISP,F12,HI|SWH,3,2,109,2.987286077812314
D:F12_MSS_DISP,F12,HI|SWH,3,3,22,-8.406489998102188
D:F12_MSS_DISP,F12,T15|FC,0,0,4708,-694.922313693969
D:F12_MSS_DISP,F12,T1h|FC,2,2,796,-22.688679369632155
D:F12_MSS_DISP,F12,T30|FC,1,1,2177,-186.31158407765906
D:F12_MSS_DISP,F12,T4h|FC,3,3,25,-7.768211878836155
D:F13_FVG_PD,F13,ALLINF|FC,0,0,2400,-360.755453019985
D:F13_FVG_PD,F13,ALLINF|FC,0,1,1491,-172.47744173521642
D:F13_FVG_PD,F13,ALLINF|FC,0,2,441,-32.71850087959319
D:F13_FVG_PD,F13,ALLINF|FC,0,3,85,-0.8879387537017465
D:F13_FVG_PD,F13,ALLINF|FC,1,0,966,-185.15572431497276
D:F13_FVG_PD,F13,ALLINF|FC,1,1,694,-59.58444550191052
D:F13_FVG_PD,F13,ALLINF|FC,1,2,520,-40.092927657824475
D:F13_FVG_PD,F13,ALLINF|FC,1,3,45,3.255995951592922
D:F13_FVG_PD,F13,ALLINF|FC,2,0,645,-122.69464566744864
D:F13_FVG_PD,F13,ALLINF|FC,2,1,300,-35.35026688314974
D:F13_FVG_PD,F13,ALLINF|FC,2,2,234,-11.937487748451531
D:F13_FVG_PD,F13,ALLINF|FC,2,3,65,0.7921279892325401
D:F13_FVG_PD,F13,ALLINF|FC,3,0,379,-63.979440953116864
D:F13_FVG_PD,F13,ALLINF|FC,3,1,213,-20.816096338901957
D:F13_FVG_PD,F13,ALLINF|FC,3,2,100,-12.812155788298696
D:F13_FVG_PD,F13,ALLINF|FC,3,3,68,0.16779175377450883
D:F13_FVG_PD,F13,ALLINF|SWH,0,0,1487,-226.1599730021553
D:F13_FVG_PD,F13,ALLINF|SWH,0,1,226,-28.05238937214017
D:F13_FVG_PD,F13,ALLINF|SWH,0,2,44,-0.5228068344295025
D:F13_FVG_PD,F13,ALLINF|SWH,0,3,3,-1.9724744856357574
D:F13_FVG_PD,F13,ALLINF|SWH,1,0,1563,-242.2292735078372
D:F13_FVG_PD,F13,ALLINF|SWH,1,1,721,-51.3017685089726
D:F13_FVG_PD,F13,ALLINF|SWH,1,2,134,-11.9239452322945
D:F13_FVG_PD,F13,ALLINF|SWH,1,3,4,0.39600931853055954
D:F13_FVG_PD,F13,ALLINF|SWH,2,0,1224,-245.4958714976092
D:F13_FVG_PD,F13,ALLINF|SWH,2,1,917,-126.13550719665363
D:F13_FVG_PD,F13,ALLINF|SWH,2,2,429,-6.807183471508324
D:F13_FVG_PD,F13,ALLINF|SWH,2,3,16,-2.579485995694995
D:F13_FVG_PD,F13,ALLINF|SWH,3,0,642,-100.73827573657036
D:F13_FVG_PD,F13,ALLINF|SWH,3,1,334,-18.68742809583648
D:F13_FVG_PD,F13,ALLINF|SWH,3,2,182,-15.246182107366621
D:F13_FVG_PD,F13,ALLINF|SWH,3,3,93,0.53685826738365
D:F13_FVG_PD,F13,ALL|FC,0,0,2434,-353.7003085614415
D:F13_FVG_PD,F13,ALL|FC,0,1,1413,-187.04312557599042
D:F13_FVG_PD,F13,ALL|FC,0,2,351,-33.08454282861203
D:F13_FVG_PD,F13,ALL|FC,0,3,11,0.6074152067303658
D:F13_FVG_PD,F13,ALL|FC,1,0,960,-179.06790224090219
D:F13_FVG_PD,F13,ALL|FC,1,1,643,-60.78948375023185
D:F13_FVG_PD,F13,ALL|FC,1,2,409,-35.35126658063382
D:F13_FVG_PD,F13,ALL|FC,1,3,10,2.084285371005535
D:F13_FVG_PD,F13,ALL|FC,2,0,557,-132.02645697724074
D:F13_FVG_PD,F13,ALL|FC,2,1,254,-40.24412281066179
D:F13_FVG_PD,F13,ALL|FC,2,2,149,-16.37573557626456
D:F13_FVG_PD,F13,ALL|FC,2,3,8,-2.169510643929243
D:F13_FVG_PD,F13,ALL|FC,3,0,65,-31.795753717422485
D:F13_FVG_PD,F13,ALL|FC,3,1,21,0.6177750378847122
D:F13_FVG_PD,F13,ALL|FC,3,2,7,-1.9156793504953384
D:F13_FVG_PD,F13,ALL|FC,3,3,4,0.3775104731321335
D:F13_FVG_PD,F13,ALL|LTF,0,0,2191,-312.02564272203017
D:F13_FVG_PD,F13,ALL|LTF,0,1,1027,-127.5605494879419
D:F13_FVG_PD,F13,ALL|LTF,0,2,273,-33.04079934861511
D:F13_FVG_PD,F13,ALL|LTF,0,3,11,0.6074152067303658
D:F13_FVG_PD,F13,ALL|LTF,1,0,1353,-255.5889017037116
D:F13_FVG_PD,F13,ALL|LTF,1,1,663,-65.57753503880679
D:F13_FVG_PD,F13,ALL|LTF,1,2,278,-11.167351555079222
D:F13_FVG_PD,F13,ALL|LTF,1,3,8,1.732897087931633
D:F13_FVG_PD,F13,ALL|LTF,2,0,746,-162.66953482758254
D:F13_FVG_PD,F13,ALL|LTF,2,1,519,-91.33601228147745
D:F13_FVG_PD,F13,ALL|LTF,2,2,220,-16.144465344958007
D:F13_FVG_PD,F13,ALL|LTF,2,3,9,-1.9032755009829998
D:F13_FVG_PD,F13,ALL|LTF,3,0,66,-32.88214910030365
D:F13_FVG_PD,F13,ALL|LTF,3,1,22,1.2638394981622696
D:F13_FVG_PD,F13,ALL|LTF,3,2,8,-2.9743338972330093
D:F13_FVG_PD,F13,ALL|LTF,3,3,4,0.3775104731321335
D:F13_FVG_PD,F13,ALL|SW,0,0,899,-129.48824106249958
D:F13_FVG_PD,F13,ALL|SW,0,1,941,-134.00406852632295
D:F13_FVG_PD,F13,ALL|SW,0,2,130,-18.975407905876637
D:F13_FVG_PD,F13,ALL|SW,0,3,2,0.27928052842617035
D:F13_FVG_PD,F13,ALL|SW,1,0,231,-34.45967774884775
D:F13_FVG_PD,F13,ALL|SW,1,1,347,-21.262809857253274
D:F13_FVG_PD,F13,ALL|SW,1,2,355,-37.27789509203285
D:F13_FVG_PD,F13,ALL|SW,1,3,4,0.7310031577944756
D:F13_FVG_PD,F13,ALL|SW,2,0,72,-12.086360136047006
D:F13_FVG_PD,F13,ALL|SW,2,1,74,-6.840712212957442
D:F13_FVG_PD,F13,ALL|SW,2,2,103,-10.62787164747715
D:F13_FVG_PD,F13,ALL|SW,2,3,2,-2.1050862073898315
D:F13_FVG_PD,F13,ALL|SW,3,0,3,0.40479254722595215
D:F13_FVG_PD,F13,ALL|SW,3,1,3,1.1430978775024414
D:F13_FVG_PD,F13,ALL|SW,3,2,1,0.271679162979126
D:F13_FVG_PD,F13,ALL|SW,3,3,1,0.18690715730190277
D:F13_FVG_PD,F13,ALL|SWH,0,0,1594,-224.8827817599522
D:F13_FVG_PD,F13,ALL|SWH,0,1,223,-28.732463276013732
D:F13_FVG_PD,F13,ALL|SWH,0,2,27,-1.1619499996304512
D:F13_FVG_PD,F13,ALL|SWH,1,0,1610,-254.69681382505223
D:F13_FVG_PD,F13,ALL|SWH,1,1,722,-54.672803483896246
D:F13_FVG_PD,F13,ALL|SWH,1,2,113,-16.26539210230112
D:F13_FVG_PD,F13,ALL|SWH,1,3,1,0.049686238169670105
D:F13_FVG_PD,F13,ALL|SWH,2,0,1154,-263.84834593656706
D:F13_FVG_PD,F13,ALL|SWH,2,1,798,-122.68949213554151
D:F13_FVG_PD,F13,ALL|SWH,2,2,332,-16.02841802407056
D:F13_FVG_PD,F13,ALL|SWH,2,3,2,-2.1050862073898315
D:F13_FVG_PD,F13,ALL|SWH,3,0,143,-34.612457402050495
D:F13_FVG_PD,F13,ALL|SWH,3,1,62,-7.1663797199726105
D:F13_FVG_PD,F13,ALL|SWH,3,2,18,-4.381866171956062
D:F13_FVG_PD,F13,ALL|SWH,3,3,4,0.3775104731321335
D:F13_FVG_PD,F13,A|FC,0,0,2630,-443.7253583717393
D:F13_FVG_PD,F13,A|FC,0,1,1518,-218.45162161125336
D:F13_FVG_PD,F13,A|FC,1,0,1053,-187.88965413346887
D:F13_FVG_PD,F13,A|FC,1,1,688,-61.65309284812986
D:F13_FVG_PD,F13,A|LTF,0,0,2382,-391.2830210534157
D:F13_FVG_PD,F13,A|LTF,0,1,1110,-154.53601994144265
D:F13_FVG_PD,F13,A|LTF,1,0,1626,-309.30399179970846
D:F13_FVG_PD,F13,A|LTF,1,1,813,-78.21822566910862
D:F13_FVG_PD,F13,A|SW,0,0,903,-130.92553453240544
D:F13_FVG_PD,F13,A|SW,0,1,959,-135.29207187134307
D:F13_FVG_PD,F13,A|SW,1,0,233,-33.483966641593724
D:F13_FVG_PD,F13,A|SW,1,1,351,-21.5228913421671
D:F13_FVG_PD,F13,A|SWH,0,0,1842,-295.37993486982305
D:F13_FVG_PD,F13,A|SWH,0,1,249,-40.44175336416811
D:F13_FVG_PD,F13,A|SWH,1,0,2258,-410.051410781045
D:F13_FVG_PD,F13,A|SWH,1,1,1106,-93.11786479152954
D:F13_FVG_PD,F13,HI|FC,2,2,363,-10.740955756045878
D:F13_FVG_PD,F13,HI|FC,2,3,10,-1.8535892628133297
D:F13_FVG_PD,F13,HI|FC,3,2,11,-3.5550679117441177
D:F13_FVG_PD,F13,HI|FC,3,3,4,0.3775104731321335
D:F13_FVG_PD,F13,HI|LTF,2,2,363,-10.740955756045878
D:F13_FVG_PD,F13,HI|LTF,2,3,10,-1.8535892628133297
D:F13_FVG_PD,F13,HI|LTF,3,2,11,-3.5550679117441177
D:F13_FVG_PD,F13,HI|LTF,3,3,4,0.3775104731321335
D:F13_FVG_PD,F13,HI|SW,2,2,156,-13.243072334676981
D:F13_FVG_PD,F13,HI|SW,2,3,5,-3.126631297171116
D:F13_FVG_PD,F13,HI|SW,3,2,2,-0.8654241561889648
D:F13_FVG_PD,F13,HI|SW,3,3,1,0.18690715730190277
D:F13_FVG_PD,F13,HI|SWH,2,2,360,-10.154893727041781
D:F13_FVG_PD,F13,HI|SWH,2,3,3,-2.0553999692201614
D:F13_FVG_PD,F13,HI|SWH,3,2,18,-4.381866171956062
D:F13_FVG_PD,F13,HI|SWH,3,3,4,0.3775104731321335
D:F13_FVG_PD,F13,T15|FC,0,0,3014,-497.3087892617332
D:F13_FVG_PD,F13,T1h|FC,2,2,363,-10.740955756045878
D:F13_FVG_PD,F13,T30|FC,1,1,1169,-99.01113925524271
D:F13_FVG_PD,F13,T4h|FC,3,3,4,0.3775104731321335
D:F13_RAID_PD,F13,ALLINF|FC,0,0,17467,-3222.531416323749
D:F13_RAID_PD,F13,ALLINF|FC,0,1,10602,-1185.5702548027912
D:F13_RAID_PD,F13,ALLINF|FC,0,2,3938,-398.46465612271277
D:F13_RAID_PD,F13,ALLINF|FC,0,3,830,-37.273423752063536
D:F13_RAID_PD,F13,ALLINF|FC,1,0,8315,-1757.045700956427
D:F13_RAID_PD,F13,ALLINF|FC,1,1,4753,-652.1178935032221
D:F13_RAID_PD,F13,ALLINF|FC,1,2,3534,-416.05925244046375
D:F13_RAID_PD,F13,ALLINF|FC,1,3,452,-31.425386872608215
D:F13_RAID_PD,F13,ALLINF|FC,2,0,6290,-1171.4395727024094
D:F13_RAID_PD,F13,ALLINF|FC,2,1,3107,-474.65796074042925
D:F13_RAID_PD,F13,ALLINF|FC,2,2,1948,-158.97261188691027
D:F13_RAID_PD,F13,ALLINF|FC,2,3,508,-2.1570186259923503
D:F13_RAID_PD,F13,ALLINF|FC,3,0,6454,-1364.7665471469663
D:F13_RAID_PD,F13,ALLINF|FC,3,1,3310,-505.2794512375258
D:F13_RAID_PD,F13,ALLINF|FC,3,2,1602,-119.8022697630804
D:F13_RAID_PD,F13,ALLINF|FC,3,3,651,-14.025643382308772
D:F13_RAID_PD,F13,ALLINF|SWH,0,0,4784,-693.6747688428877
D:F13_RAID_PD,F13,ALLINF|SWH,0,1,710,-74.87209726730362
D:F13_RAID_PD,F13,ALLINF|SWH,0,2,175,-10.242440899834037
D:F13_RAID_PD,F13,ALLINF|SWH,0,3,17,-0.21949267154559493
D:F13_RAID_PD,F13,ALLINF|SWH,1,0,7821,-1248.9941399481613
D:F13_RAID_PD,F13,ALLINF|SWH,1,1,3488,-335.43170751805883
D:F13_RAID_PD,F13,ALLINF|SWH,1,2,592,-59.70354197162669
D:F13_RAID_PD,F13,ALLINF|SWH,1,3,31,1.0268802270293236
D:F13_RAID_PD,F13,ALLINF|SWH,2,0,14002,-2821.5851880519185
D:F13_RAID_PD,F13,ALLINF|SWH,2,1,8666,-1154.9849174586125
D:F13_RAID_PD,F13,ALLINF|SWH,2,2,4162,-459.5469254028867
D:F13_RAID_PD,F13,ALLINF|SWH,2,3,147,-2.6220932642463595
D:F13_RAID_PD,F13,ALLINF|SWH,3,0,15038,-3205.4834587776277
D:F13_RAID_PD,F13,ALLINF|SWH,3,1,7793,-1193.0006737915555
D:F13_RAID_PD,F13,ALLINF|SWH,3,2,3971,-396.81219802854594
D:F13_RAID_PD,F13,ALLINF|SWH,3,3,1290,-44.62855365136056
D:F13_RAID_PD,F13,ALL|FC,0,0,19315,-3511.1973305030842
D:F13_RAID_PD,F13,ALL|FC,0,1,10977,-1273.9004440626886
D:F13_RAID_PD,F13,ALL|FC,0,2,3459,-342.0735991634283
D:F13_RAID_PD,F13,ALL|FC,0,3,156,-5.601895882748067
D:F13_RAID_PD,F13,ALL|FC,1,0,8666,-1856.3469373740372
D:F13_RAID_PD,F13,ALL|FC,1,1,4758,-668.6700719163637
D:F13_RAID_PD,F13,ALL|FC,1,2,2990,-376.5920487419935
D:F13_RAID_PD,F13,ALL|FC,1,3,111,-14.098716433625668
D:F13_RAID_PD,F13,ALL|FC,2,0,6172,-1205.1116131849558
D:F13_RAID_PD,F13,ALL|FC,2,1,3076,-520.2158669219807
D:F13_RAID_PD,F13,ALL|FC,2,2,1583,-178.26822251913381
D:F13_RAID_PD,F13,ALL|FC,2,3,110,-11.340108389034867
D:F13_RAID_PD,F13,ALL|FC,3,0,2685,-787.7795440045302
D:F13_RAID_PD,F13,ALL|FC,3,1,1379,-308.53738559089834
D:F13_RAID_PD,F13,ALL|FC,3,2,658,-80.77585303178057
D:F13_RAID_PD,F13,ALL|FC,3,3,87,-11.770949930418283
D:F13_RAID_PD,F13,ALL|LTF,0,0,14932,-2626.2344757586834
D:F13_RAID_PD,F13,ALL|LTF,0,1,7482,-857.7232887675054
D:F13_RAID_PD,F13,ALL|LTF,0,2,2408,-238.78284121233446
D:F13_RAID_PD,F13,ALL|LTF,0,3,119,0.9188107363879681
D:F13_RAID_PD,F13,ALL|LTF,1,0,11503,-2219.89684654912
D:F13_RAID_PD,F13,ALL|LTF,1,1,5265,-738.9979854029662
D:F13_RAID_PD,F13,ALL|LTF,1,2,2495,-294.3111688819481
D:F13_RAID_PD,F13,ALL|LTF,1,3,97,-13.780179319903255
D:F13_RAID_PD,F13,ALL|LTF,2,0,9511,-1954.8213193124247
D:F13_RAID_PD,F13,ALL|LTF,2,1,5655,-784.8721337200132
D:F13_RAID_PD,F13,ALL|LTF,2,2,2411,-308.1199836171536
D:F13_RAID_PD,F13,ALL|LTF,2,3,163,-13.981483408715576
D:F13_RAID_PD,F13,ALL|LTF,3,0,2705,-837.0503111996804
D:F13_RAID_PD,F13,ALL|LTF,3,1,1376,-320.48470757209
D:F13_RAID_PD,F13,ALL|LTF,3,2,673,-86.72732791816816
D:F13_RAID_PD,F13,ALL|LTF,3,3,87,-11.640135109890252
D:F13_RAID_PD,F13,ALL|SW,0,0,10153,-1682.1042962958745
D:F13_RAID_PD,F13,ALL|SW,0,1,10964,-1469.2800925175998
D:F13_RAID_PD,F13,ALL|SW,0,2,1827,-187.97793492521578
D:F13_RAID_PD,F13,ALL|SW,0,3,47,0.34025583835318685
D:F13_RAID_PD,F13,ALL|SW,1,0,1460,-287.9069534537848
D:F13_RAID_PD,F13,ALL|SW,1,1,2887,-342.9890993057634
D:F13_RAID_PD,F13,ALL|SW,1,2,3076,-366.1341348725837
D:F13_RAID_PD,F13,ALL|SW,1,3,28,-5.055428318679333
D:F13_RAID_PD,F13,ALL|SW,2,0,517,-80.43674455583096
D:F13_RAID_PD,F13,ALL|SW,2,1,673,-97.73491338506574
D:F13_RAID_PD,F13,ALL|SW,2,2,1262,-113.03025227907347
D:F13_RAID_PD,F13,ALL|SW,2,3,54,-11.177136993035674
D:F13_RAID_PD,F13,ALL|SW,3,0,83,-20.632599933072925
D:F13_RAID_PD,F13,ALL|SW,3,1,54,-1.3251645327545702
D:F13_RAID_PD,F13,ALL|SW,3,2,50,-6.837796204723418
D:F13_RAID_PD,F13,ALL|SW,3,3,59,0.05212447792291641
D:F13_RAID_PD,F13,ALL|SWH,0,0,6017,-841.7135400629486
D:F13_RAID_PD,F13,ALL|SWH,0,1,845,-81.84780114376917
D:F13_RAID_PD,F13,ALL|SWH,0,2,156,-9.749319376423955
D:F13_RAID_PD,F13,ALL|SWH,0,3,6,0.11947622895240784
D:F13_RAID_PD,F13,ALL|SWH,1,0,11034,-1773.3204993213149
D:F13_RAID_PD,F13,ALL|SWH,1,1,4590,-461.12278885242995
D:F13_RAID_PD,F13,ALL|SWH,1,2,590,-74.60914670489728
D:F13_RAID_PD,F13,ALL|SWH,1,3,9,0.8229232802987099
D:F13_RAID_PD,F13,ALL|SWH,2,0,17302,-3658.1026291379676
D:F13_RAID_PD,F13,ALL|SWH,2,1,10201,-1467.5023355148605
D:F13_RAID_PD,F13,ALL|SWH,2,2,4298,-484.21196563785907
D:F13_RAID_PD,F13,ALL|SWH,2,3,52,-7.58113950304687
D:F13_RAID_PD,F13,ALL|SWH,3,0,5492,-1600.1059812702588
D:F13_RAID_PD,F13,ALL|SWH,3,1,2835,-620.6788437525393
D:F13_RAID_PD,F13,ALL|SWH,3,2,1406,-242.04017409286462
D:F13_RAID_PD,F13,ALL|SWH,3,3,177,-8.975681096781045
D:F13_RAID_PD,F13,A|FC,0,0,24426,-4734.24423836288
D:F13_RAID_PD,F13,A|FC,0,1,13931,-1856.1960302073148
D:F13_RAID_PD,F13,A|FC,1,0,10407,-2168.4069728094037
D:F13_RAID_PD,F13,A|FC,1,1,5680,-835.9369573850709
D:F13_RAID_PD,F13,A|LTF,0,0,19569,-3692.641534721246
D:F13_RAID_PD,F13,A|LTF,0,1,9898,-1353.4673562839162
D:F13_RAID_PD,F13,A|LTF,1,0,17265,-3535.727272248696
D:F13_RAID_PD,F13,A|LTF,1,1,8170,-1177.5508181742916
D:F13_RAID_PD,F13,A|SW,0,0,10318,-1696.6922141844116
D:F13_RAID_PD,F13,A|SW,0,1,11301,-1505.1051939155313
D:F13_RAID_PD,F13,A|SW,1,0,1535,-310.25069467700087
D:F13_RAID_PD,F13,A|SW,1,1,2971,-367.3823033335502
D:F13_RAID_PD,F13,A|SWH,0,0,8774,-1373.5627721390338
D:F13_RAID_PD,F13,A|SWH,0,1,1283,-140.12779094977304
D:F13_RAID_PD,F13,A|SWH,1,0,28867,-6028.676276753045
D:F13_RAID_PD,F13,A|SWH,1,1,13874,-2041.8910567633156
D:F13_RAID_PD,F13,HI|FC,2,2,5190,-599.9220671352186
D:F13_RAID_PD,F13,HI|FC,2,3,335,-35.44204887887463
D:F13_RAID_PD,F13,HI|FC,3,2,748,-97.77686813985929
D:F13_RAID_PD,F13,HI|FC,3,3,95,-9.993921250570565
D:F13_RAID_PD,F13,HI|LTF,2,2,5127,-585.9325500276127
D:F13_RAID_PD,F13,HI|LTF,2,3,304,-26.450769390445203
D:F13_RAID_PD,F13,HI|LTF,3,2,856,-129.97839002450928
D:F13_RAID_PD,F13,HI|LTF,3,3,103,-11.43768532620743
D:F13_RAID_PD,F13,HI|SW,2,2,2392,-259.4715317746741
D:F13_RAID_PD,F13,HI|SW,2,3,134,-14.16345014050603
D:F13_RAID_PD,F13,HI|SW,3,2,89,-15.291747340001166
D:F13_RAID_PD,F13,HI|SW,3,3,56,0.4117460623383522
D:F13_RAID_PD,F13,HI|SWH,2,2,4679,-502.5555429247861
D:F13_RAID_PD,F13,HI|SWH,2,3,56,-5.903861155733466
D:F13_RAID_PD,F13,HI|SWH,3,2,1440,-251.25789268664084
D:F13_RAID_PD,F13,HI|SWH,3,3,180,-7.687734870705754
D:F13_RAID_PD,F13,T15|FC,0,0,31882,-6367.242482339323
D:F13_RAID_PD,F13,T1h|FC,2,2,5680,-655.1621239498445
D:F13_RAID_PD,F13,T30|FC,1,1,14723,-2143.2480718411553
D:F13_RAID_PD,F13,T4h|FC,3,3,198,-12.936363196466118
D:F14_SMT,F14,ALLINF|FC,0,0,52697,-8082.807605843504
D:F14_SMT,F14,ALLINF|FC,0,1,25990,-3083.475115543115
D:F14_SMT,F14,ALLINF|FC,0,2,9991,-772.9937579940452
D:F14_SMT,F14,ALLINF|FC,0,3,1358,-85.62538026936818
D:F14_SMT,F14,ALLINF|FC,1,0,5377,-830.3768241878133
D:F14_SMT,F14,ALLINF|FC,1,1,4821,-475.22551866894355
D:F14_SMT,F14,ALLINF|FC,1,2,2827,-127.85802666115342
D:F14_SMT,F14,ALLINF|FC,1,3,515,-39.405102352728136
D:F14_SMT,F14,ALLINF|FC,2,0,5592,-1008.798291860061
D:F14_SMT,F14,ALLINF|FC,2,1,2854,-399.8238447640324
D:F14_SMT,F14,ALLINF|FC,2,2,3487,-347.39781491615577
D:F14_SMT,F14,ALLINF|FC,2,3,742,-6.353618759283563
D:F14_SMT,F14,ALLINF|FC,3,0,8488,-1304.4919717417215
D:F14_SMT,F14,ALLINF|FC,3,1,3713,-377.29237451920926
D:F14_SMT,F14,ALLINF|FC,3,2,1948,-164.5010550085717
D:F14_SMT,F14,ALLINF|FC,3,3,1807,-74.84772809871356
D:F14_SMT,F14,ALLINF|SWH,0,0,23778,-3049.174782075912
D:F14_SMT,F14,ALLINF|SWH,0,1,1524,-185.80298638693057
D:F14_SMT,F14,ALLINF|SWH,0,2,384,-28.392526883166283
D:F14_SMT,F14,ALLINF|SWH,0,3,21,0.7071353336796165
D:F14_SMT,F14,ALLINF|SWH,1,0,17671,-3137.232944388583
D:F14_SMT,F14,ALLINF|SWH,1,1,12860,-1422.9763659802265
D:F14_SMT,F14,ALLINF|SWH,1,2,701,-59.80955164118495
D:F14_SMT,F14,ALLINF|SWH,1,3,61,0.3648808989673853
D:F14_SMT,F14,ALLINF|SWH,2,0,17561,-2970.291944349723
D:F14_SMT,F14,ALLINF|SWH,2,1,12767,-1551.458218075626
D:F14_SMT,F14,ALLINF|SWH,2,2,10376,-842.6089379835757
D:F14_SMT,F14,ALLINF|SWH,2,3,200,-2.50351061031688
D:F14_SMT,F14,ALLINF|SWH,3,0,16347,-2591.536397310527
D:F14_SMT,F14,ALLINF|SWH,3,1,7725,-847.5695771246537
D:F14_SMT,F14,ALLINF|SWH,3,2,4779,-383.67870521459554
D:F14_SMT,F14,ALLINF|SWH,3,3,3548,-161.84208537641098
D:F14_SMT,F14,ALL|FC,0,0,56349,-8626.040438413409
D:F14_SMT,F14,ALL|FC,0,1,25640,-3194.211520887373
D:F14_SMT,F14,ALL|FC,0,2,8046,-824.5729711580789
D:F14_SMT,F14,ALL|FC,0,3,196,-41.04171115066856
D:F14_SMT,F14,ALL|FC,1,0,5554,-884.6754522008123
D:F14_SMT,F14,ALL|FC,1,1,4576,-489.54706095787697
D:F14_SMT,F14,ALL|FC,1,2,2161,-126.63652600126807
D:F14_SMT,F14,ALL|FC,1,3,85,-15.35567164234817
D:F14_SMT,F14,ALL|FC,2,0,5259,-1010.2471270877577
D:F14_SMT,F14,ALL|FC,2,1,2559,-342.4160804612329
D:F14_SMT,F14,ALL|FC,2,2,2369,-266.50305404904066
D:F14_SMT,F14,ALL|FC,2,3,81,-1.118086002767086
D:F14_SMT,F14,ALL|FC,3,0,1800,-508.4226093883626
D:F14_SMT,F14,ALL|FC,3,1,798,-201.52475188765675
D:F14_SMT,F14,ALL|FC,3,2,414,-107.93862830335274
D:F14_SMT,F14,ALL|FC,3,3,117,-34.582450369372964
D:F14_SMT,F14,ALL|LTF,0,0,43238,-6769.2714501871305
D:F14_SMT,F14,ALL|LTF,0,1,15575,-2044.2062964827637
D:F14_SMT,F14,ALL|LTF,0,2,4541,-528.7379501324613
D:F14_SMT,F14,ALL|LTF,0,3,106,-22.905823062174022
D:F14_SMT,F14,ALL|LTF,1,0,15337,-2320.9451787651633
D:F14_SMT,F14,ALL|LTF,1,1,9612,-1121.879409787347
D:F14_SMT,F14,ALL|LTF,1,2,3131,-290.16193282511085
D:F14_SMT,F14,ALL|LTF,1,3,109,-16.420072481036186
D:F14_SMT,F14,ALL|LTF,2,0,10437,-1755.48792564217
D:F14_SMT,F14,ALL|LTF,2,1,6296,-748.8142116128001
D:F14_SMT,F14,ALL|LTF,2,2,4178,-342.0915512231295
D:F14_SMT,F14,ALL|LTF,2,3,108,-9.516694009304047
D:F14_SMT,F14,ALL|LTF,3,0,2253,-501.4751763250679
D:F14_SMT,F14,ALL|LTF,3,1,1042,-184.0891047124751
D:F14_SMT,F14,ALL|LTF,3,2,563,-120.99521573027596
D:F14_SMT,F14,ALL|LTF,3,3,138,-37.38363139517605
D:F14_SMT,F14,ALL|SW,0,0,51591,-7988.551951256311
D:F14_SMT,F14,ALL|SW,0,1,18769,-2321.997068792043
D:F14_SMT,F14,ALL|SW,0,2,4210,-397.0585598159232
D:F14_SMT,F14,ALL|SW,0,3,83,-13.117126535624266
D:F14_SMT,F14,ALL|SW,1,0,2121,-383.37359460711014
D:F14_SMT,F14,ALL|SW,1,1,9651,-1177.7224334185012
D:F14_SMT,F14,ALL|SW,1,2,3047,-314.77041130210273
D:F14_SMT,F14,ALL|SW,1,3,48,-11.322706136852503
D:F14_SMT,F14,ALL|SW,2,0,677,-147.06069660533103
D:F14_SMT,F14,ALL|SW,2,1,854,-119.78361478913575
D:F14_SMT,F14,ALL|SW,2,2,3954,-426.6016417310457
D:F14_SMT,F14,ALL|SW,2,3,96,-21.112404864281416
D:F14_SMT,F14,ALL|SW,3,0,73,-19.019932748749852
D:F14_SMT,F14,ALL|SW,3,1,46,-8.623958513140678
D:F14_SMT,F14,ALL|SW,3,2,43,-14.658639885485172
D:F14_SMT,F14,ALL|SW,3,3,139,-29.419449265114963
D:F14_SMT,F14,ALL|SWH,0,0,26584,-3470.098117855865
D:F14_SMT,F14,ALL|SWH,0,1,1661,-204.54949558223598
D:F14_SMT,F14,ALL|SWH,0,2,364,-34.6086039734073
D:F14_SMT,F14,ALL|SWH,0,3,5,0.93946897611022
D:F14_SMT,F14,ALL|SWH,1,0,19985,-3327.688360231783
D:F14_SMT,F14,ALL|SWH,1,1,13360,-1489.6024864035862
D:F14_SMT,F14,ALL|SWH,1,2,650,-65.78335243230686
D:F14_SMT,F14,ALL|SWH,1,3,10,-2.2363688852638006
D:F14_SMT,F14,ALL|SWH,2,0,21028,-3674.4350456349785
D:F14_SMT,F14,ALL|SWH,2,1,13665,-1891.433555308322
D:F14_SMT,F14,ALL|SWH,2,2,8798,-890.2198320744792
D:F14_SMT,F14,ALL|SWH,2,3,39,-4.529698859900236
D:F14_SMT,F14,ALL|SWH,3,0,4567,-1084.9144400120713
D:F14_SMT,F14,ALL|SWH,3,1,2094,-327.34203580301255
D:F14_SMT,F14,ALL|SWH,3,2,1162,-160.92603450501338
D:F14_SMT,F14,ALL|SWH,3,3,311,-77.80629793088883
D:F14_SMT,F14,A|FC,0,0,62018,-9850.562019738361
D:F14_SMT,F14,A|FC,0,1,28506,-3653.6421128085785
D:F14_SMT,F14,A|FC,1,0,6034,-990.0746763601201
D:F14_SMT,F14,A|FC,1,1,4964,-562.2962452799547
D:F14_SMT,F14,A|LTF,0,0,48057,-7582.85340670836
D:F14_SMT,F14,A|LTF,0,1,17387,-2285.4623848210904
D:F14_SMT,F14,A|LTF,1,0,22449,-3647.27067562539
D:F14_SMT,F14,A|LTF,1,1,14107,-1670.3939311512368
D:F14_SMT,F14,A|SW,0,0,52039,-8067.841126108389
D:F14_SMT,F14,A|SW,0,1,19328,-2382.239902632704
D:F14_SMT,F14,A|SW,1,0,2201,-403.42598122439813
D:F14_SMT,F14,A|SW,1,1,9812,-1231.3236128450371
D:F14_SMT,F14,A|SWH,0,0,31525,-4478.8147884579885
D:F14_SMT,F14,A|SWH,0,1,2420,-281.708265617257
D:F14_SMT,F14,A|SWH,1,0,39536,-6872.241001198592
D:F14_SMT,F14,A|SWH,1,1,26290,-3298.1469609519554
D:F14_SMT,F14,HI|FC,2,2,10260,-1005.9508716354612
D:F14_SMT,F14,HI|FC,2,3,331,-47.058014530688524
D:F14_SMT,F14,HI|FC,3,2,487,-84.61757451621816
D:F14_SMT,F14,HI|FC,3,3,142,-47.00482855644077
D:F14_SMT,F14,HI|LTF,2,2,10019,-946.4867463179398
D:F14_SMT,F14,HI|LTF,2,3,229,-18.918062146753073
D:F14_SMT,F14,HI|LTF,3,2,786,-161.117216153536
D:F14_SMT,F14,HI|LTF,3,3,208,-61.232499218545854
D:F14_SMT,F14,HI|SW,2,2,8655,-890.1665673461976
D:F14_SMT,F14,HI|SW,2,3,202,-44.66662050411105
D:F14_SMT,F14,HI|SW,3,2,74,-13.967978291213512
D:F14_SMT,F14,HI|SW,3,3,159,-34.40973938535899
D:F14_SMT,F14,HI|SWH,2,2,9631,-924.5384677064139
D:F14_SMT,F14,HI|SWH,2,3,46,-5.409408573061228
D:F14_SMT,F14,HI|SWH,3,2,1196,-181.73614448169246
D:F14_SMT,F14,HI|SWH,3,3,313,-74.75650206487626
D:F14_SMT,F14,T15|FC,0,0,67055,-10673.059786838356
D:F14_SMT,F14,T1h|FC,2,2,10659,-1084.475153123727
D:F14_SMT,F14,T30|FC,1,1,28463,-3518.9095889629534
D:F14_SMT,F14,T4h|FC,3,3,336,-72.28372288774699
D:F15_ASIA_BRK,F15,ALLINF|FC,0,0,5273,-810.6416749344826
D:F15_ASIA_BRK,F15,ALLINF|FC,0,1,7315,-734.9629074301993
D:F15_ASIA_BRK,F15,ALLINF|FC,0,2,5728,-438.77381219798554
D:F15_ASIA_BRK,F15,ALLINF|FC,1,0,342,-46.63733004630194
D:F15_ASIA_BRK,F15,ALLINF|FC,1,1,528,-47.38346692820778
D:F15_ASIA_BRK,F15,ALLINF|FC,1,2,922,-67.69225150536295
D:F15_ASIA_BRK,F15,ALLINF|FC,2,0,467,-126.30900685209781
D:F15_ASIA_BRK,F15,ALLINF|FC,2,1,486,-51.99251703824848
D:F15_ASIA_BRK,F15,ALLINF|FC,2,2,973,-56.01928454521112
D:F15_ASIA_BRK,F15,ALLINF|SWH,0,0,1097,-137.60293932794593
D:F15_ASIA_BRK,F15,ALLINF|SWH,0,1,719,-48.13922687518061
D:F15_ASIA_BRK,F15,ALLINF|SWH,0,2,492,-17.630000050528906
D:F15_ASIA_BRK,F15,ALLINF|SWH,1,0,2407,-440.0426922290062
D:F15_ASIA_BRK,F15,ALLINF|SWH,1,1,1387,-138.64723421112285
D:F15_ASIA_BRK,F15,ALLINF|SWH,1,2,584,-58.73612287929063
D:F15_ASIA_BRK,F15,ALLINF|SWH,2,0,4263,-738.1846837847297
D:F15_ASIA_BRK,F15,ALLINF|SWH,2,1,5300,-568.0837071133501
D:F15_ASIA_BRK,F15,ALLINF|SWH,2,2,4789,-330.5469281047335
D:F15_ASIA_BRK,F15,ALL|FC,0,0,5195,-839.9478294444889
D:F15_ASIA_BRK,F15,ALL|FC,0,1,6897,-710.3373272558165
D:F15_ASIA_BRK,F15,ALL|FC,0,2,4607,-385.50273565819225
D:F15_ASIA_BRK,F15,ALL|FC,1,0,314,-44.63892380744801
D:F15_ASIA_BRK,F15,ALL|FC,1,1,467,-39.60066441161325
D:F15_ASIA_BRK,F15,ALL|FC,1,2,722,-65.16948399841567
D:F15_ASIA_BRK,F15,ALL|FC,2,0,378,-97.1795690851286
D:F15_ASIA_BRK,F15,ALL|FC,2,1,386,-38.57695952896029
D:F15_ASIA_BRK,F15,ALL|FC,2,2,679,-32.24511125870049
D:F15_ASIA_BRK,F15,ALL|LTF,0,0,2851,-416.75973942142446
D:F15_ASIA_BRK,F15,ALL|LTF,0,1,3511,-295.3782348825189
D:F15_ASIA_BRK,F15,ALL|LTF,0,2,2284,-160.39110087417066
D:F15_ASIA_BRK,F15,ALL|LTF,1,0,2682,-486.33782721241005
D:F15_ASIA_BRK,F15,ALL|LTF,1,1,1686,-181.0042135368858
D:F15_ASIA_BRK,F15,ALL|LTF,1,2,1670,-158.16125841252506
D:F15_ASIA_BRK,F15,ALL|LTF,2,0,1832,-365.99623939916273
D:F15_ASIA_BRK,F15,ALL|LTF,2,1,1967,-249.55966103630635
D:F15_ASIA_BRK,F15,ALL|LTF,2,2,1524,-99.4685295327472
D:F15_ASIA_BRK,F15,ALL|SW,0,0,2509,-336.28336529721855
D:F15_ASIA_BRK,F15,ALL|SW,0,1,6146,-681.5787697750566
D:F15_ASIA_BRK,F15,ALL|SW,0,2,3239,-285.05340665566473
D:F15_ASIA_BRK,F15,ALL|SW,1,0,132,-34.644802906317636
D:F15_ASIA_BRK,F15,ALL|SW,1,1,550,-50.1007122976589
D:F15_ASIA_BRK,F15,ALL|SW,1,2,811,-52.705486090504564
D:F15_ASIA_BRK,F15,ALL|SW,2,0,120,-27.06642682608799
D:F15_ASIA_BRK,F15,ALL|SW,2,1,387,-18.26532006356865
D:F15_ASIA_BRK,F15,ALL|SW,2,2,1096,-87.90515235252678
D:F15_ASIA_BRK,F15,ALL|SWH,0,0,1157,-169.604673495749
D:F15_ASIA_BRK,F15,ALL|SWH,0,1,725,-58.58914690618985
D:F15_ASIA_BRK,F15,ALL|SWH,0,2,417,-14.559546669595875
D:F15_ASIA_BRK,F15,ALL|SWH,1,0,2615,-458.7896459683252
D:F15_ASIA_BRK,F15,ALL|SWH,1,1,1398,-132.3331254601071
D:F15_ASIA_BRK,F15,ALL|SWH,1,2,519,-49.065456200482004
D:F15_ASIA_BRK,F15,ALL|SWH,2,0,3756,-682.3784359901947
D:F15_ASIA_BRK,F15,ALL|SWH,2,1,4597,-496.3051007101967
D:F15_ASIA_BRK,F15,ALL|SWH,2,2,3547,-279.2192858812559
D:F15_ASIA_BRK,F15,A|FC,0,0,5345,-874.5722533786357
D:F15_ASIA_BRK,F15,A|FC,0,1,7195,-751.0802878653121
D:F15_ASIA_BRK,F15,A|FC,1,0,336,-58.28849677593098
D:F15_ASIA_BRK,F15,A|FC,1,1,500,-43.893817385600414
D:F15_ASIA_BRK,F15,A|LTF,0,0,2968,-467.4988420569571
D:F15_ASIA_BRK,F15,A|LTF,0,1,3700,-340.6480848553183
D:F15_ASIA_BRK,F15,A|LTF,1,0,4260,-763.5474743487757
D:F15_ASIA_BRK,F15,A|LTF,1,1,2684,-283.0823931797422
D:F15_ASIA_BRK,F15,A|SW,0,0,2530,-342.028689044615
D:F15_ASIA_BRK,F15,A|SW,0,1,6451,-699.8402746160937
D:F15_ASIA_BRK,F15,A|SW,1,0,136,-38.072548125637695
D:F15_ASIA_BRK,F15,A|SW,1,1,573,-54.68400906602619
D:F15_ASIA_BRK,F15,A|SWH,0,0,1263,-172.37209946964867
D:F15_ASIA_BRK,F15,A|SWH,0,1,945,-55.31931254584924
D:F15_ASIA_BRK,F15,A|SWH,1,0,6066,-1097.2147304115097
D:F15_ASIA_BRK,F15,A|SWH,1,1,4593,-489.8862131669666
D:F15_ASIA_BRK,F15,HI|FC,2,2,4214,-331.76671686232294
D:F15_ASIA_BRK,F15,HI|LTF,2,2,4214,-331.76671686232294
D:F15_ASIA_BRK,F15,HI|SW,2,2,2522,-182.29481442341785
D:F15_ASIA_BRK,F15,HI|SWH,2,2,4214,-331.76671686232294
D:F15_ASIA_BRK,F15,T15|FC,0,0,5489,-921.8179377150409
D:F15_ASIA_BRK,F15,T1h|FC,2,2,4214,-331.76671686232294
D:F15_ASIA_BRK,F15,T30|FC,1,1,5225,-532.3923290631283
D:F15_ASIA_SWEEP,F15,ALLINF|FC,0,0,5012,-1122.5988791167038
D:F15_ASIA_SWEEP,F15,ALLINF|FC,0,1,7553,-1154.08661574102
D:F15_ASIA_SWEEP,F15,ALLINF|FC,0,2,6385,-751.2490578622601
D:F15_ASIA_SWEEP,F15,ALLINF|FC,1,0,187,-28.206990014761686
D:F15_ASIA_SWEEP,F15,ALLINF|FC,1,1,235,-27.44523183396086
D:F15_ASIA_SWEEP,F15,ALLINF|FC,1,2,519,-55.016771109134424
D:F15_ASIA_SWEEP,F15,ALLINF|FC,2,0,435,-95.94356992968824
D:F15_ASIA_SWEEP,F15,ALLINF|FC,2,1,478,-95.89868184481747
D:F15_ASIA_SWEEP,F15,ALLINF|FC,2,2,634,-97.93910322635202
D:F15_ASIA_SWEEP,F15,ALLINF|SWH,0,0,1023,-170.19338214257732
D:F15_ASIA_SWEEP,F15,ALLINF|SWH,0,1,968,-137.41218877211213
D:F15_ASIA_SWEEP,F15,ALLINF|SWH,0,2,615,-78.90964613109827
D:F15_ASIA_SWEEP,F15,ALLINF|SWH,1,0,2164,-527.0382690086844
D:F15_ASIA_SWEEP,F15,ALLINF|SWH,1,1,1032,-120.73349559039343
D:F15_ASIA_SWEEP,F15,ALLINF|SWH,1,2,681,-135.17693583178334
D:F15_ASIA_SWEEP,F15,ALLINF|SWH,2,0,4174,-941.7652102846769
D:F15_ASIA_SWEEP,F15,ALLINF|SWH,2,1,5138,-808.0123765874305
D:F15_ASIA_SWEEP,F15,ALLINF|SWH,2,2,4411,-512.0541871908063
D:F15_ASIA_SWEEP,F15,ALL|FC,0,0,4963,-1102.810145677242
D:F15_ASIA_SWEEP,F15,ALL|FC,0,1,7146,-1138.0340367426397
D:F15_ASIA_SWEEP,F15,ALL|FC,0,2,5203,-718.8168801609936
D:F15_ASIA_SWEEP,F15,ALL|FC,1,0,189,-45.62876093760133
D:F15_ASIA_SWEEP,F15,ALL|FC,1,1,218,-41.680503538344055
D:F15_ASIA_SWEEP,F15,ALL|FC,1,2,418,-56.925830852705985
D:F15_ASIA_SWEEP,F15,ALL|FC,2,0,325,-94.77482630626764
D:F15_ASIA_SWEEP,F15,ALL|FC,2,1,364,-91.02998134517111
D:F15_ASIA_SWEEP,F15,ALL|FC,2,2,402,-85.61016973957885
D:F15_ASIA_SWEEP,F15,ALL|LTF,0,0,2998,-626.298734194308
D:F15_ASIA_SWEEP,F15,ALL|LTF,0,1,4011,-623.4829155766347
D:F15_ASIA_SWEEP,F15,ALL|LTF,0,2,2873,-400.2641892784377
D:F15_ASIA_SWEEP,F15,ALL|LTF,1,0,2407,-576.5365263079293
D:F15_ASIA_SWEEP,F15,ALL|LTF,1,1,1397,-245.90019938655314
D:F15_ASIA_SWEEP,F15,ALL|LTF,1,2,1673,-245.29084806036553
D:F15_ASIA_SWEEP,F15,ALL|LTF,2,0,1523,-367.0356263978174
D:F15_ASIA_SWEEP,F15,ALL|LTF,2,1,1654,-272.2875215036329
D:F15_ASIA_SWEEP,F15,ALL|LTF,2,2,1002,-171.5983495261753
D:F15_ASIA_SWEEP,F15,ALL|SW,0,0,1798,-333.8053841488436
D:F15_ASIA_SWEEP,F15,ALL|SW,0,1,6336,-1083.7359000483702
D:F15_ASIA_SWEEP,F15,ALL|SW,0,2,3556,-505.88471951596875
D:F15_ASIA_SWEEP,F15,ALL|SW,1,0,84,-23.69613291695714
D:F15_ASIA_SWEEP,F15,ALL|SW,1,1,380,-51.05062311142683
D:F15_ASIA_SWEEP,F15,ALL|SW,1,2,644,-78.09936412423849
D:F15_ASIA_SWEEP,F15,ALL|SW,2,0,109,-10.581852013827302
D:F15_ASIA_SWEEP,F15,ALL|SW,2,1,344,-42.72334995795973
D:F15_ASIA_SWEEP,F15,ALL|SW,2,2,880,-145.819753042073
D:F15_ASIA_SWEEP,F15,ALL|SWH,0,0,1077,-167.47929110378027
D:F15_ASIA_SWEEP,F15,ALL|SWH,0,1,951,-138.0448641832918
D:F15_ASIA_SWEEP,F15,ALL|SWH,0,2,516,-78.29849602980539
D:F15_ASIA_SWEEP,F15,ALL|SWH,1,0,2433,-568.8881827117293
D:F15_ASIA_SWEEP,F15,ALL|SWH,1,1,1102,-134.32305923954118
D:F15_ASIA_SWEEP,F15,ALL|SWH,1,2,601,-123.71750310086645
D:F15_ASIA_SWEEP,F15,ALL|SWH,2,0,3646,-898.8605073072249
D:F15_ASIA_SWEEP,F15,ALL|SWH,2,1,4430,-777.2872993096244
D:F15_ASIA_SWEEP,F15,ALL|SWH,2,2,3327,-491.24722855116124
D:F15_ASIA_SWEEP,F15,A|FC,0,0,5075,-1131.2190146555076
D:F15_ASIA_SWEEP,F15,A|FC,0,1,7418,-1193.2087651829934
D:F15_ASIA_SWEEP,F15,A|FC,1,0,229,-62.31407264620066
D:F15_ASIA_SWEEP,F15,A|FC,1,1,262,-59.03528456343338
D:F15_ASIA_SWEEP,F15,A|LTF,0,0,3088,-656.7227403732832
D:F15_ASIA_SWEEP,F15,A|LTF,0,1,4177,-650.2807299486303
D:F15_ASIA_SWEEP,F15,A|LTF,1,0,3744,-898.9840144865448
D:F15_ASIA_SWEEP,F15,A|LTF,1,1,2199,-385.5059707679611
D:F15_ASIA_SWEEP,F15,A|SW,0,0,1806,-333.294305217918
D:F15_ASIA_SWEEP,F15,A|SW,0,1,6625,-1119.7379380552738
D:F15_ASIA_SWEEP,F15,A|SW,1,0,87,-23.815244991332293
D:F15_ASIA_SWEEP,F15,A|SW,1,1,394,-50.42472288198769
D:F15_ASIA_SWEEP,F15,A|SWH,0,0,1158,-196.4609251623042
D:F15_ASIA_SWEEP,F15,A|SWH,0,1,1198,-192.8775567295961
D:F15_ASIA_SWEEP,F15,A|SWH,1,0,5780,-1392.2050440870808
D:F15_ASIA_SWEEP,F15,A|SWH,1,1,4197,-694.4762827867235
D:F15_ASIA_SWEEP,F15,HI|FC,2,2,4112,-622.809987165936
D:F15_ASIA_SWEEP,F15,HI|LTF,2,2,4112,-622.809987165936
D:F15_ASIA_SWEEP,F15,HI|SW,2,2,2092,-284.99878864127095
D:F15_ASIA_SWEEP,F15,HI|SWH,2,2,4112,-622.809987165936
D:F15_ASIA_SWEEP,F15,T15|FC,0,0,5155,-1144.4430679582874
D:F15_ASIA_SWEEP,F15,T1h|FC,2,2,4112,-622.809987165936
D:F15_ASIA_SWEEP,F15,T30|FC,1,1,5018,-841.6589396175696
D:F15_LON_BRK,F15,ALLINF|FC,0,0,6101,-1225.8389309373779
D:F15_LON_BRK,F15,ALLINF|FC,0,1,8143,-1144.7385716343706
D:F15_LON_BRK,F15,ALLINF|FC,0,2,6228,-621.3867293749972
D:F15_LON_BRK,F15,ALLINF|FC,1,0,372,-67.69489641545806
D:F15_LON_BRK,F15,ALLINF|FC,1,1,650,-89.38424534129445
D:F15_LON_BRK,F15,ALLINF|FC,1,2,1169,-75.59794014709769
D:F15_LON_BRK,F15,ALLINF|FC,2,0,679,-86.29155677108793
D:F15_LON_BRK,F15,ALLINF|FC,2,1,753,-69.63613675453234
D:F15_LON_BRK,F15,ALLINF|FC,2,2,1385,-53.88784259161184
D:F15_LON_BRK,F15,ALLINF|SWH,0,0,1408,-207.60688316257438
D:F15_LON_BRK,F15,ALLINF|SWH,0,1,702,-109.09944471297786
D:F15_LON_BRK,F15,ALLINF|SWH,0,2,469,-59.76210882875603
D:F15_LON_BRK,F15,ALLINF|SWH,1,0,2686,-477.6132372749016
D:F15_LON_BRK,F15,ALLINF|SWH,1,1,1679,-161.60087813832797
D:F15_LON_BRK,F15,ALLINF|SWH,1,2,559,-36.082294401945546
D:F15_LON_BRK,F15,ALLINF|SWH,2,0,4781,-1051.238344429701
D:F15_LON_BRK,F15,ALLINF|SWH,2,1,6257,-893.7294383354892
D:F15_LON_BRK,F15,ALLINF|SWH,2,2,5877,-443.71449953148476
D:F15_LON_BRK,F15,ALL|FC,0,0,6047,-1239.8523128805427
D:F15_LON_BRK,F15,ALL|FC,0,1,7755,-1143.3835101214645
D:F15_LON_BRK,F15,ALL|FC,0,2,5193,-591.7683279069352
D:F15_LON_BRK,F15,ALL|FC,1,0,353,-65.90742501674686
D:F15_LON_BRK,F15,ALL|FC,1,1,578,-80.23198461066931
D:F15_LON_BRK,F15,ALL|FC,1,2,916,-63.1143435825943
D:F15_LON_BRK,F15,ALL|FC,2,0,555,-52.6343185310252
D:F15_LON_BRK,F15,ALL|FC,2,1,622,-36.898025316768326
D:F15_LON_BRK,F15,ALL|FC,2,2,951,-18.662380084504548
D:F15_LON_BRK,F15,ALL|LTF,0,0,3545,-678.8470831683953
D:F15_LON_BRK,F15,ALL|LTF,0,1,4352,-698.2720728278509
D:F15_LON_BRK,F15,ALL|LTF,0,2,2931,-345.18047284090426
D:F15_LON_BRK,F15,ALL|LTF,1,0,2780,-574.8295544201137
D:F15_LON_BRK,F15,ALL|LTF,1,1,1767,-241.20642568074982
D:F15_LON_BRK,F15,ALL|LTF,1,2,1753,-164.41019892529584
D:F15_LON_BRK,F15,ALL|LTF,2,0,2044,-404.6744114678586
D:F15_LON_BRK,F15,ALL|LTF,2,1,2336,-244.92824727814877
D:F15_LON_BRK,F15,ALL|LTF,2,2,1829,-81.5772515153767
D:F15_LON_BRK,F15,ALL|SW,0,0,3133,-554.6933356706031
D:F15_LON_BRK,F15,ALL|SW,0,1,6645,-901.8538670405687
D:F15_LON_BRK,F15,ALL|SW,0,2,3278,-423.79631210747175
D:F15_LON_BRK,F15,ALL|SW,1,0,203,-38.53058475686703
D:F15_LON_BRK,F15,ALL|SW,1,1,836,-128.29911120142788
D:F15_LON_BRK,F15,ALL|SW,1,2,1222,-89.88689245382557
D:F15_LON_BRK,F15,ALL|SW,2,0,199,-45.54023706680164
D:F15_LON_BRK,F15,ALL|SW,2,1,590,-107.04370467178524
D:F15_LON_BRK,F15,ALL|SW,2,2,1575,-72.7171648067233
D:F15_LON_BRK,F15,ALL|SWH,0,0,1446,-199.15611156076193
D:F15_LON_BRK,F15,ALL|SWH,0,1,699,-117.78662636945955
D:F15_LON_BRK,F15,ALL|SWH,0,2,397,-60.31366919667926
D:F15_LON_BRK,F15,ALL|SWH,1,0,2898,-523.6723920166587
D:F15_LON_BRK,F15,ALL|SWH,1,1,1690,-177.13533009690582
D:F15_LON_BRK,F15,ALL|SWH,1,2,519,-34.26306175504578
D:F15_LON_BRK,F15,ALL|SWH,2,0,4282,-1007.0512460332247
D:F15_LON_BRK,F15,ALL|SWH,2,1,5552,-806.5386337876553
D:F15_LON_BRK,F15,ALL|SWH,2,2,4481,-367.60322862708927
D:F15_LON_BRK,F15,A|FC,0,0,6289,-1251.993118436516
D:F15_LON_BRK,F15,A|FC,0,1,8211,-1156.4738806176174
D:F15_LON_BRK,F15,A|FC,1,0,396,-73.8182351855794
D:F15_LON_BRK,F15,A|FC,1,1,648,-96.11935685481876
D:F15_LON_BRK,F15,A|LTF,0,0,3700,-675.8823131218669
D:F15_LON_BRK,F15,A|LTF,0,1,4624,-717.1600613722694
D:F15_LON_BRK,F15,A|LTF,1,0,4504,-949.5040430168483
D:F15_LON_BRK,F15,A|LTF,1,1,2955,-363.65491787085193
D:F15_LON_BRK,F15,A|SW,0,0,3169,-567.5455102693268
D:F15_LON_BRK,F15,A|SW,0,1,7089,-975.2506486136408
D:F15_LON_BRK,F15,A|SW,1,0,214,-38.66006288176868
D:F15_LON_BRK,F15,A|SW,1,1,886,-140.90974428504705
D:F15_LON_BRK,F15,A|SWH,0,0,1572,-228.27595360949636
D:F15_LON_BRK,F15,A|SWH,0,1,1033,-172.41200314543676
D:F15_LON_BRK,F15,A|SWH,1,0,6803,-1471.6523833024294
D:F15_LON_BRK,F15,A|SWH,1,1,5477,-720.9504985699605
D:F15_LON_BRK,F15,HI|FC,2,2,5151,-442.26808053985224
D:F15_LON_BRK,F15,HI|LTF,2,2,5151,-442.26808053985224
D:F15_LON_BRK,F15,HI|SW,2,2,3385,-274.63982021051197
D:F15_LON_BRK,F15,HI|SWH,2,2,5151,-442.26808053985224
D:F15_LON_BRK,F15,T15|FC,0,0,6429,-1289.3798556179718
D:F15_LON_BRK,F15,T1h|FC,2,2,5151,-442.26808053985224
D:F15_LON_BRK,F15,T30|FC,1,1,6192,-870.256766892242
D:F15_OPEN0000,F15,ALLINF|FC,0,0,9382,-1624.9335096650757
D:F15_OPEN0000,F15,ALLINF|FC,0,1,11255,-1465.995826396771
D:F15_OPEN0000,F15,ALLINF|FC,0,2,11255,-1006.9170012693648
D:F15_OPEN0000,F15,ALLINF|SWH,2,0,11255,-2172.317336366512
D:F15_OPEN0000,F15,ALLINF|SWH,2,1,11255,-1465.995826396771
D:F15_OPEN0000,F15,ALLINF|SWH,2,2,9447,-762.9015576722595
D:F15_OPEN0000,F15,ALL|FC,0,0,9149,-1604.1179206878878
D:F15_OPEN0000,F15,ALL|FC,0,1,10457,-1442.0690528009145
D:F15_OPEN0000,F15,ALL|FC,0,2,8769,-858.6418235310994
D:F15_OPEN0000,F15,ALL|LTF,0,0,21,-5.618440121412277
D:F15_OPEN0000,F15,ALL|LTF,1,0,185,-7.0559236474800855
D:F15_OPEN0000,F15,ALL|LTF,1,1,48,-1.2834316808730364
D:F15_OPEN0000,F15,ALL|LTF,1,2,3,-0.34911835193634033
D:F15_OPEN0000,F15,ALL|LTF,2,0,10800,-2137.2193014097866
D:F15_OPEN0000,F15,ALL|LTF,2,1,10371,-1439.6295181348978
D:F15_OPEN0000,F15,ALL|LTF,2,2,7010,-615.5252606420254
D:F15_OPEN0000,F15,ALL|SW,0,0,9136,-1587.3883122713305
D:F15_OPEN0000,F15,ALL|SW,0,1,10457,-1442.0690528009145
D:F15_OPEN0000,F15,ALL|SW,0,2,8769,-858.6418235310994
D:F15_OPEN0000,F15,ALL|SWH,0,0,21,-5.618440121412277
D:F15_OPEN0000,F15,ALL|SWH,1,0,179,-6.084905966417864
D:F15_OPEN0000,F15,ALL|SWH,1,1,44,-0.4995461720973253
D:F15_OPEN0000,F15,ALL|SWH,1,2,1,0.4840163588523865
D:F15_OPEN0000,F15,ALL|SWH,2,0,10806,-2138.190319090849
D:F15_OPEN0000,F15,ALL|SWH,2,1,10375,-1440.4134036436735
D:F15_OPEN0000,F15,ALL|SWH,2,2,7011,-616.5832620410656
D:F15_OPEN0000,F15,A|FC,0,0,9149,-1604.1179206878878
D:F15_OPEN0000,F15,A|FC,0,1,10457,-1442.0690528009145
D:F15_OPEN0000,F15,A|LTF,0,0,21,-5.618440121412277
D:F15_OPEN0000,F15,A|LTF,1,0,10985,-2144.2752250572667
D:F15_OPEN0000,F15,A|LTF,1,1,8616,-1062.1568606490328
D:F15_OPEN0000,F15,A|SW,0,0,9136,-1587.3883122713305
D:F15_OPEN0000,F15,A|SW,0,1,10457,-1442.0690528009145
D:F15_OPEN0000,F15,A|SWH,0,0,21,-5.618440121412277
D:F15_OPEN0000,F15,A|SWH,1,0,10985,-2144.2752250572667
D:F15_OPEN0000,F15,A|SWH,1,1,8616,-1062.1568606490328
D:F15_OPEN0000,F15,HI|FC,2,2,7012,-616.3583953528141
D:F15_OPEN0000,F15,HI|LTF,2,2,7012,-616.3583953528141
D:F15_OPEN0000,F15,HI|SW,2,2,6938,-602.2047845831548
D:F15_OPEN0000,F15,HI|SWH,2,2,7012,-616.3583953528141
D:F15_OPEN0000,F15,T15|FC,0,0,9149,-1604.1179206878878
D:F15_OPEN0000,F15,T1h|FC,2,2,7012,-616.3583953528141
D:F15_OPEN0000,F15,T30|FC,1,1,8616,-1062.1568606490328
D:F15_OPEN0930,F15,ALLINF|FC,0,0,9323,-1218.147846138323
D:F15_OPEN0930,F15,ALLINF|FC,0,1,11186,-1240.2688511599044
D:F15_OPEN0930,F15,ALLINF|FC,0,2,8832,-762.9591713284171
D:F15_OPEN0930,F15,ALLINF|FC,2,0,96,-21.68331281025894
D:F15_OPEN0930,F15,ALLINF|FC,2,1,96,-24.608081304701045
D:F15_OPEN0930,F15,ALLINF|FC,2,2,2056,-74.70230915315915
D:F15_OPEN0930,F15,ALLINF|SWH,1,0,10955,-1587.6289473320903
D:F15_OPEN0930,F15,ALLINF|SWH,1,1,9124,-875.4569658985929
D:F15_OPEN0930,F15,ALLINF|SWH,1,2,1166,-165.74072339755367
D:F15_OPEN0930,F15,ALLINF|SWH,2,0,327,-80.4988543929212
D:F15_OPEN0930,F15,ALLINF|SWH,2,1,327,-58.776910681022855
D:F15_OPEN0930,F15,ALLINF|SWH,2,2,8281,-525.633957020982
D:F15_OPEN0930,F15,ALL|FC,0,0,9018,-1189.3025006762327
D:F15_OPEN0930,F15,ALL|FC,0,1,10271,-1201.914337604896
D:F15_OPEN0930,F15,ALL|FC,0,2,6967,-731.546856130255
D:F15_OPEN0930,F15,ALL|FC,2,0,84,-22.273362598614767
D:F15_OPEN0930,F15,ALL|FC,2,1,80,-25.840448506874964
D:F15_OPEN0930,F15,ALL|FC,2,2,1338,-75.45360782672651
D:F15_OPEN0930,F15,ALL|LTF,0,0,8,2.071559723932296
D:F15_OPEN0930,F15,ALL|LTF,1,0,10878,-1622.3121442258816
D:F15_OPEN0930,F15,ALL|LTF,1,1,8452,-864.2247819115873
D:F15_OPEN0930,F15,ALL|LTF,1,2,7438,-774.1958185916446
D:F15_OPEN0930,F15,ALL|LTF,2,0,66,-19.404445678927004
D:F15_OPEN0930,F15,ALL|LTF,2,1,62,-22.146401792764664
D:F15_OPEN0930,F15,ALL|LTF,2,2,961,-43.00301625416614
D:F15_OPEN0930,F15,ALL|SW,0,0,9068,-1187.9485824227886
D:F15_OPEN0930,F15,ALL|SW,0,1,10338,-1223.2783676761974
D:F15_OPEN0930,F15,ALL|SW,0,2,1120,-178.63144893196295
D:F15_OPEN0930,F15,ALL|SW,2,0,13,-7.3081135749816895
D:F15_OPEN0930,F15,ALL|SW,2,1,13,-4.476418435573578
D:F15_OPEN0930,F15,ALL|SW,2,2,5780,-474.4084291478939
D:F15_OPEN0930,F15,ALL|SWH,0,0,8,2.071559723932296
D:F15_OPEN0930,F15,ALL|SWH,1,0,10635,-1561.1623796799067
D:F15_OPEN0930,F15,ALL|SWH,1,1,8227,-834.1714064090265
D:F15_OPEN0930,F15,ALL|SWH,1,2,1134,-166.83729200434755
D:F15_OPEN0930,F15,ALL|SWH,2,0,309,-80.55421022490191
D:F15_OPEN0930,F15,ALL|SWH,2,1,305,-62.216739396775665
D:F15_OPEN0930,F15,ALL|SWH,2,2,5816,-493.91385915152205
D:F15_OPEN0930,F15,A|FC,0,0,9088,-1208.599240791853
D:F15_OPEN0930,F15,A|FC,0,1,10351,-1227.754786111771
D:F15_OPEN0930,F15,A|LTF,0,0,8,2.071559723932296
D:F15_OPEN0930,F15,A|LTF,1,0,10944,-1641.7165899048086
D:F15_OPEN0930,F15,A|LTF,1,1,8503,-883.6509931494948
D:F15_OPEN0930,F15,A|SW,0,0,9081,-1199.6629073143558
D:F15_OPEN0930,F15,A|SW,0,1,10351,-1227.754786111771
D:F15_OPEN0930,F15,A|SWH,0,0,8,2.071559723932296
D:F15_OPEN0930,F15,A|SWH,1,0,10944,-1641.7165899048086
D:F15_OPEN0930,F15,A|SWH,1,1,8503,-883.6509931494948
D:F15_OPEN0930,F15,HI|FC,2,2,6928,-612.9863904659142
D:F15_OPEN0930,F15,HI|LTF,2,2,6928,-612.9863904659142
D:F15_OPEN0930,F15,HI|SW,2,2,6856,-596.2432260234345
D:F15_OPEN0930,F15,HI|SWH,2,2,6928,-612.9863904659142
D:F15_OPEN0930,F15,T15|FC,0,0,9088,-1208.599240791853
D:F15_OPEN0930,F15,T1h|FC,2,2,6928,-612.9863904659142
D:F15_OPEN0930,F15,T30|FC,1,1,8503,-883.6509931494948
D:F15_ORB,F15,ALLINF|FC,0,0,3797,-701.3841220993345
D:F15_ORB,F15,ALLINF|FC,0,1,3303,-479.1675317225454
D:F15_ORB,F15,ALLINF|FC,0,2,1398,-139.527210635948
D:F15_ORB,F15,ALLINF|FC,0,3,101,-1.3897112719714642
D:F15_ORB,F15,ALLINF|FC,1,0,255,-51.654015133855864
D:F15_ORB,F15,ALLINF|FC,1,1,1487,-147.97444898006506
D:F15_ORB,F15,ALLINF|FC,1,2,1850,-122.16213119942404
D:F15_ORB,F15,ALLINF|FC,1,3,276,-15.589422594406642
D:F15_ORB,F15,ALLINF|FC,2,0,551,-73.21706402674317
D:F15_ORB,F15,ALLINF|FC,2,1,774,-62.78173408078146
D:F15_ORB,F15,ALLINF|FC,2,2,2311,-111.32115191805133
D:F15_ORB,F15,ALLINF|FC,2,3,1220,-10.792639871622669
D:F15_ORB,F15,ALLINF|FC,3,0,5566,-1391.112842425704
D:F15_ORB,F15,ALLINF|FC,3,1,4892,-733.3034082603117
D:F15_ORB,F15,ALLINF|FC,3,2,4192,-490.1858014067984
D:F15_ORB,F15,ALLINF|FC,3,3,5232,-109.40780669647211
D:F15_ORB,F15,ALLINF|SWH,0,0,2742,-485.08584730491566
D:F15_ORB,F15,ALLINF|SWH,0,1,179,-7.547578947618604
D:F15_ORB,F15,ALLINF|SWH,0,2,17,-0.3659493252635002
D:F15_ORB,F15,ALLINF|SWH,0,3,1,0.16001275181770325
D:F15_ORB,F15,ALLINF|SWH,1,0,997,-139.891621707764
D:F15_ORB,F15,ALLINF|SWH,1,1,2684,-329.8448298937583
D:F15_ORB,F15,ALLINF|SWH,1,2,212,-10.345314880134538
D:F15_ORB,F15,ALLINF|SWH,1,3,10,-0.16471324488520622
D:F15_ORB,F15,ALLINF|SWH,2,0,392,-83.89134995546192
D:F15_ORB,F15,ALLINF|SWH,2,1,1665,-244.108588370058
D:F15_ORB,F15,ALLINF|SWH,2,2,3913,-244.37913687640685
D:F15_ORB,F15,ALLINF|SWH,2,3,94,-5.9696894264779985
D:F15_ORB,F15,ALLINF|SWH,3,0,6233,-1534.777124178363
D:F15_ORB,F15,ALLINF|SWH,3,1,5534,-802.3664519533922
D:F15_ORB,F15,ALLINF|SWH,3,2,4959,-553.5279303107272
D:F15_ORB,F15,ALLINF|SWH,3,3,6286,-114.35478644906834
D:F15_ORB,F15,ALL|FC,0,0,5921,-1137.6955200128432
D:F15_ORB,F15,ALL|FC,0,1,4651,-732.821026867925
D:F15_ORB,F15,ALL|FC,0,2,1672,-233.08233800379094
D:F15_ORB,F15,ALL|FC,0,3,29,-4.1972807152196765
D:F15_ORB,F15,ALL|FC,1,0,295,-53.74695786135271
D:F15_ORB,F15,ALL|FC,1,1,1703,-183.94881053478457
D:F15_ORB,F15,ALL|FC,1,2,1822,-138.01240789114672
D:F15_ORB,F15,ALL|FC,1,3,59,-4.472605887800455
D:F15_ORB,F15,ALL|FC,2,0,630,-123.10642491816543
D:F15_ORB,F15,ALL|FC,2,1,809,-64.14874826560845
D:F15_ORB,F15,ALL|FC,2,2,1916,-118.10342186651906
D:F15_ORB,F15,ALL|FC,2,3,275,-19.707294237799942
D:F15_ORB,F15,ALL|FC,3,0,2439,-778.9103786544292
D:F15_ORB,F15,ALL|FC,3,1,2201,-364.2152304155461
D:F15_ORB,F15,ALL|FC,3,2,1840,-231.08308977558045
D:F15_ORB,F15,ALL|FC,3,3,718,-24.98162984661758
D:F15_ORB,F15,ALL|LTF,0,0,5612,-1104.2126400025736
D:F15_ORB,F15,ALL|LTF,0,1,4086,-675.8477816779341
D:F15_ORB,F15,ALL|LTF,0,2,1371,-218.67255284427665
D:F15_ORB,F15,ALL|LTF,0,3,31,-3.7705676509067416
D:F15_ORB,F15,ALL|LTF,1,0,605,-90.7896323944442
D:F15_ORB,F15,ALL|LTF,1,1,1745,-203.06730808713473
D:F15_ORB,F15,ALL|LTF,1,2,1499,-135.08691669807013
D:F15_ORB,F15,ALL|LTF,1,3,45,1.5578119494020939
D:F15_ORB,F15,ALL|LTF,2,0,769,-165.2080194177106
D:F15_ORB,F15,ALL|LTF,2,1,1417,-155.33104542669025
D:F15_ORB,F15,ALL|LTF,2,2,2293,-105.84793420855203
D:F15_ORB,F15,ALL|LTF,2,3,283,-23.997607943601906
D:F15_ORB,F15,ALL|LTF,3,0,2488,-751.9966771506588
D:F15_ORB,F15,ALL|LTF,3,1,2249,-351.63076051228563
D:F15_ORB,F15,ALL|LTF,3,2,1904,-230.30565840093186
D:F15_ORB,F15,ALL|LTF,3,3,709,-16.860596043989062
D:F15_ORB,F15,ALL|SW,0,0,5102,-1055.704881132202
D:F15_ORB,F15,ALL|SW,0,1,2679,-344.239325708244
D:F15_ORB,F15,ALL|SW,0,2,428,-48.671349202108104
D:F15_ORB,F15,ALL|SW,0,3,2,-0.9500508457422256
D:F15_ORB,F15,ALL|SW,1,0,417,-82.2133386330679
D:F15_ORB,F15,ALL|SW,1,1,3169,-469.5593919896928
D:F15_ORB,F15,ALL|SW,1,2,2000,-230.4147925474681
D:F15_ORB,F15,ALL|SW,1,3,30,2.623539984226227
D:F15_ORB,F15,ALL|SW,2,0,49,-22.07808005809784
D:F15_ORB,F15,ALL|SW,2,1,373,-39.20664698423934
D:F15_ORB,F15,ALL|SW,2,2,2379,-212.45924024323176
D:F15_ORB,F15,ALL|SW,2,3,154,-12.153495052829385
D:F15_ORB,F15,ALL|SW,3,0,85,-34.626984637230635
D:F15_ORB,F15,ALL|SW,3,1,4,2.037003993988037
D:F15_ORB,F15,ALL|SW,3,2,59,-3.2971914624795318
D:F15_ORB,F15,ALL|SW,3,3,439,-14.091540379449725
D:F15_ORB,F15,ALL|SWH,0,0,4372,-832.796562429081
D:F15_ORB,F15,ALL|SWH,0,1,277,-45.141660733148456
D:F15_ORB,F15,ALL|SWH,0,2,18,-0.9808701649308205
D:F15_ORB,F15,ALL|SWH,1,0,1543,-252.61608372273622
D:F15_ORB,F15,ALL|SWH,1,1,3567,-474.49009834459866
D:F15_ORB,F15,ALL|SWH,1,2,278,-33.069918462540954
D:F15_ORB,F15,ALL|SWH,1,3,2,0.3768394887447357
D:F15_ORB,F15,ALL|SWH,2,0,821,-173.45156584354118
D:F15_ORB,F15,ALL|SWH,2,1,2320,-288.8560401595023
D:F15_ORB,F15,ALL|SWH,2,2,3930,-317.38902601939117
D:F15_ORB,F15,ALL|SWH,2,3,60,0.1368148922920227
D:F15_ORB,F15,ALL|SWH,3,0,2807,-873.5767074392061
D:F15_ORB,F15,ALL|SWH,3,1,2549,-450.40712992471526
D:F15_ORB,F15,ALL|SWH,3,2,2209,-253.78076042881003
D:F15_ORB,F15,ALL|SWH,3,3,885,-47.161788035184145
D:F15_ORB,F15,A|FC,0,0,8163,-1733.8357517528639
D:F15_ORB,F15,A|FC,0,1,6617,-1103.333156238019
D:F15_ORB,F15,A|FC,1,0,471,-137.71544977324083
D:F15_ORB,F15,A|FC,1,1,2254,-216.8544819066592
D:F15_ORB,F15,A|LTF,0,0,7832,-1679.627868272859
D:F15_ORB,F15,A|LTF,0,1,5928,-1024.6397434572573
D:F15_ORB,F15,A|LTF,1,0,1041,-235.28062926931307
D:F15_ORB,F15,A|LTF,1,1,2729,-269.4619833850593
D:F15_ORB,F15,A|SW,0,0,5186,-1066.8461829094158
D:F15_ORB,F15,A|SW,0,1,2785,-367.03141741314903
D:F15_ORB,F15,A|SW,1,0,420,-87.6166943507269
D:F15_ORB,F15,A|SW,1,1,3224,-472.6762359990971
D:F15_ORB,F15,A|SWH,0,0,6113,-1278.396946171153
D:F15_ORB,F15,A|SWH,0,1,430,-72.08280770631973
D:F15_ORB,F15,A|SWH,1,0,2834,-651.1062965725432
D:F15_ORB,F15,A|SWH,1,1,7107,-1016.0906823255064
D:F15_ORB,F15,HI|FC,2,2,4540,-364.42807060167615
D:F15_ORB,F15,HI|FC,2,3,435,-21.53717735502869
D:F15_ORB,F15,HI|FC,3,2,1726,-210.4409285701695
D:F15_ORB,F15,HI|FC,3,3,676,-24.027459944598377
D:F15_ORB,F15,HI|LTF,2,2,4495,-368.15388820752923
D:F15_ORB,F15,HI|LTF,2,3,399,-14.743278400041163
D:F15_ORB,F15,HI|LTF,3,2,1804,-213.9993203386548
D:F15_ORB,F15,HI|LTF,3,3,690,-26.763799640350044
D:F15_ORB,F15,HI|SW,2,2,3329,-322.5984117754706
D:F15_ORB,F15,HI|SW,2,3,210,-20.818793701007962
D:F15_ORB,F15,HI|SW,3,2,92,-5.000200594775379
D:F15_ORB,F15,HI|SW,3,3,432,-13.062055436894298
D:F15_ORB,F15,HI|SWH,2,2,4167,-343.9883057285515
D:F15_ORB,F15,HI|SWH,2,3,70,0.12321341037750244
D:F15_ORB,F15,HI|SWH,3,2,2202,-255.0617779669701
D:F15_ORB,F15,HI|SWH,3,3,882,-47.193321000784636
D:F15_ORB,F15,T15|FC,0,0,8370,-1801.263228091906
D:F15_ORB,F15,T1h|FC,2,2,5808,-502.30727455592205
D:F15_ORB,F15,T30|FC,1,1,7481,-1078.357724973088
D:F15_ORB,F15,T4h|FC,3,3,914,-47.45956439524889
D:F16_FIB382,F16,ALLINF|FC,0,0,7869,-967.7902317317921
D:F16_FIB382,F16,ALLINF|FC,0,1,4547,-541.5721879771081
D:F16_FIB382,F16,ALLINF|FC,0,2,1878,-124.94355620643546
D:F16_FIB382,F16,ALLINF|FC,0,3,417,-2.704109899525065
D:F16_FIB382,F16,ALLINF|FC,1,0,3111,-579.3544875210791
D:F16_FIB382,F16,ALLINF|FC,1,1,2001,-184.29184957931284
D:F16_FIB382,F16,ALLINF|FC,1,2,1298,-52.933865270388196
D:F16_FIB382,F16,ALLINF|FC,1,3,204,-0.7880756594240665
D:F16_FIB382,F16,ALLINF|FC,2,0,2751,-483.7219566608255
D:F16_FIB382,F16,ALLINF|FC,2,1,1312,-192.83365124929696
D:F16_FIB382,F16,ALLINF|FC,2,2,927,-67.41881385541637
D:F16_FIB382,F16,ALLINF|FC,2,3,231,-2.917170361150056
D:F16_FIB382,F16,ALLINF|FC,3,0,1948,-295.4759213058278
D:F16_FIB382,F16,ALLINF|FC,3,1,1051,-178.28327742754482
D:F16_FIB382,F16,ALLINF|FC,3,2,489,-35.37855506502092
D:F16_FIB382,F16,ALLINF|FC,3,3,202,-13.437804385102936
D:F16_FIB382,F16,ALLINF|SWH,0,0,4127,-391.87865874731415
D:F16_FIB382,F16,ALLINF|SWH,0,1,463,-38.44008938362822
D:F16_FIB382,F16,ALLINF|SWH,0,2,80,-10.937835656106472
D:F16_FIB382,F16,ALLINF|SWH,0,3,10,0.5034963339567184
D:F16_FIB382,F16,ALLINF|SWH,1,0,3415,-531.1355428521929
D:F16_FIB382,F16,ALLINF|SWH,1,1,2310,-229.89090984826908
D:F16_FIB382,F16,ALLINF|SWH,1,2,292,-29.365894639515318
D:F16_FIB382,F16,ALLINF|SWH,1,3,8,0.8714562971144915
D:F16_FIB382,F16,ALLINF|SWH,2,0,4861,-755.3968490604602
D:F16_FIB382,F16,ALLINF|SWH,2,1,2779,-330.16068344318774
D:F16_FIB382,F16,ALLINF|SWH,2,2,1787,-82.18869154524873
D:F16_FIB382,F16,ALLINF|SWH,2,3,38,-4.61065775481984
D:F16_FIB382,F16,ALLINF|SWH,3,0,4368,-786.6482298710616
D:F16_FIB382,F16,ALLINF|SWH,3,1,2349,-425.75615288794506
D:F16_FIB382,F16,ALLINF|SWH,3,2,1235,-123.70393853157293
D:F16_FIB382,F16,ALLINF|SWH,3,3,478,-19.732422686429345
D:F16_FIB382,F16,ALL|FC,0,0,8370,-1089.7918359125752
D:F16_FIB382,F16,ALL|FC,0,1,4628,-548.6507517465725
D:F16_FIB382,F16,ALL|FC,0,2,1609,-129.3010039362125
D:F16_FIB382,F16,ALL|FC,0,3,83,-3.9405201226472855
D:F16_FIB382,F16,ALL|FC,1,0,3129,-604.1897793213429
D:F16_FIB382,F16,ALL|FC,1,1,1910,-241.28385319845984
D:F16_FIB382,F16,ALL|FC,1,2,1016,-50.32608786433411
D:F16_FIB382,F16,ALL|FC,1,3,36,-5.95656549744308
D:F16_FIB382,F16,ALL|FC,2,0,2514,-433.26526557738543
D:F16_FIB382,F16,ALL|FC,2,1,1152,-176.73784360755235
D:F16_FIB382,F16,ALL|FC,2,2,700,-70.86745107884053
D:F16_FIB382,F16,ALL|FC,2,3,44,-1.9495366383343935
D:F16_FIB382,F16,ALL|FC,3,0,660,-124.4728386476636
D:F16_FIB382,F16,ALL|FC,3,1,352,-65.06069090473466
D:F16_FIB382,F16,ALL|FC,3,2,169,-19.713054564781487
D:F16_FIB382,F16,ALL|FC,3,3,20,-5.294047303497791
D:F16_FIB382,F16,ALL|LTF,0,0,7881,-1032.2602471574928
D:F16_FIB382,F16,ALL|LTF,0,1,4083,-524.1931217970196
D:F16_FIB382,F16,ALL|LTF,0,2,1407,-130.5259824236855
D:F16_FIB382,F16,ALL|LTF,0,3,78,-1.3993799090385437
D:F16_FIB382,F16,ALL|LTF,1,0,3603,-668.032499664143
D:F16_FIB382,F16,ALL|LTF,1,1,2035,-259.4121673768386
D:F16_FIB382,F16,ALL|LTF,1,2,971,-48.28842044573685
D:F16_FIB382,F16,ALL|LTF,1,3,33,-5.743078796193004
D:F16_FIB382,F16,ALL|LTF,2,0,2893,-453.2143393474689
D:F16_FIB382,F16,ALL|LTF,2,1,1464,-196.56313925498398
D:F16_FIB382,F16,ALL|LTF,2,2,787,-62.14674184762407
D:F16_FIB382,F16,ALL|LTF,2,3,47,-4.136704589240253
D:F16_FIB382,F16,ALL|LTF,3,0,671,-127.57237227261066
D:F16_FIB382,F16,ALL|LTF,3,1,363,-62.22518259542994
D:F16_FIB382,F16,ALL|LTF,3,2,180,-18.87167797703296
D:F16_FIB382,F16,ALL|LTF,3,3,22,-4.024480231106281
D:F16_FIB382,F16,ALL|SW,0,0,3931,-530.8311797700726
D:F16_FIB382,F16,ALL|SW,0,1,2233,-259.7054052540843
D:F16_FIB382,F16,ALL|SW,0,2,389,-37.063454639632255
D:F16_FIB382,F16,ALL|SW,0,3,21,-4.7757806442677975
D:F16_FIB382,F16,ALL|SW,1,0,418,-76.48485781007912
D:F16_FIB382,F16,ALL|SW,1,1,1420,-178.387557072856
D:F16_FIB382,F16,ALL|SW,1,2,694,-59.513886170694605
D:F16_FIB382,F16,ALL|SW,1,3,12,0.6187859363853931
D:F16_FIB382,F16,ALL|SW,2,0,156,-43.39086087635951
D:F16_FIB382,F16,ALL|SW,2,1,162,-15.011809311807156
D:F16_FIB382,F16,ALL|SW,2,2,562,-40.14199874561746
D:F16_FIB382,F16,ALL|SW,2,3,13,-0.8604104071855545
D:F16_FIB382,F16,ALL|SW,3,0,31,-8.093623168766499
D:F16_FIB382,F16,ALL|SW,3,1,18,-1.3529114462435246
D:F16_FIB382,F16,ALL|SW,3,2,10,-3.2803595392033458
D:F16_FIB382,F16,ALL|SW,3,3,13,-2.8566991314291954
D:F16_FIB382,F16,ALL|SWH,0,0,4642,-529.9963441128048
D:F16_FIB382,F16,ALL|SWH,0,1,514,-63.92526780581102
D:F16_FIB382,F16,ALL|SWH,0,2,75,-8.683802790939808
D:F16_FIB382,F16,ALL|SWH,0,3,2,0.8147179670631886
D:F16_FIB382,F16,ALL|SWH,1,0,4142,-645.369277947204
D:F16_FIB382,F16,ALL|SWH,1,1,2613,-344.20585322217084
D:F16_FIB382,F16,ALL|SWH,1,2,285,-31.710596484714188
D:F16_FIB382,F16,ALL|SWH,1,3,4,0.6526793092489243
D:F16_FIB382,F16,ALL|SWH,2,0,5309,-839.0504645466281
D:F16_FIB382,F16,ALL|SWH,2,1,2806,-334.52182830212405
D:F16_FIB382,F16,ALL|SWH,2,2,1588,-134.89486324519385
D:F16_FIB382,F16,ALL|SWH,2,3,15,-3.7253397703170776
D:F16_FIB382,F16,ALL|SWH,3,0,1600,-340.1132865520776
D:F16_FIB382,F16,ALL|SWH,3,1,842,-180.88717079430353
D:F16_FIB382,F16,ALL|SWH,3,2,426,-40.1060116882436
D:F16_FIB382,F16,ALL|SWH,3,3,51,-10.210602594539523
D:F16_FIB382,F16,A|FC,0,0,9903,-1363.6139007066222
D:F16_FIB382,F16,A|FC,0,1,5481,-669.2476899785324
D:F16_FIB382,F16,A|FC,1,0,3688,-702.7420766294526
D:F16_FIB382,F16,A|FC,1,1,2216,-291.9767792067141
D:F16_FIB382,F16,A|LTF,0,0,9403,-1306.4494460904816
D:F16_FIB382,F16,A|LTF,0,1,4869,-626.0309755435082
D:F16_FIB382,F16,A|LTF,1,0,4567,-789.7120308723825
D:F16_FIB382,F16,A|LTF,1,1,2532,-317.2664549067267
D:F16_FIB382,F16,A|SW,0,0,3978,-535.8425818805254
D:F16_FIB382,F16,A|SW,0,1,2325,-260.5148139523153
D:F16_FIB382,F16,A|SW,1,0,424,-74.38062773877755
D:F16_FIB382,F16,A|SW,1,1,1427,-185.98499368532794
D:F16_FIB382,F16,A|SWH,0,0,6228,-754.1028639638525
D:F16_FIB382,F16,A|SWH,0,1,709,-80.68077465286478
D:F16_FIB382,F16,A|SWH,1,0,8088,-1397.2092404842551
D:F16_FIB382,F16,A|SWH,1,1,4753,-619.0286623432185
D:F16_FIB382,F16,HI|FC,2,2,1888,-160.91023237454647
D:F16_FIB382,F16,HI|FC,2,3,112,-11.602829470299184
D:F16_FIB382,F16,HI|FC,3,2,263,-17.254221140872687
D:F16_FIB382,F16,HI|FC,3,3,30,-6.816160453483462
D:F16_FIB382,F16,HI|LTF,2,2,1875,-162.88400318670028
D:F16_FIB382,F16,HI|LTF,2,3,104,-11.959693788550794
D:F16_FIB382,F16,HI|LTF,3,2,286,-18.709925338160247
D:F16_FIB382,F16,HI|LTF,3,3,32,-5.9966278951615095
D:F16_FIB382,F16,HI|SW,2,2,789,-61.57865476200823
D:F16_FIB382,F16,HI|SW,2,3,26,-3.9075950235128403
D:F16_FIB382,F16,HI|SW,3,2,18,2.8757024193182588
D:F16_FIB382,F16,HI|SW,3,3,17,-4.3483869060873985
D:F16_FIB382,F16,HI|SWH,2,2,1774,-143.46507103378826
D:F16_FIB382,F16,HI|SWH,2,3,16,-4.777241379022598
D:F16_FIB382,F16,HI|SWH,3,2,425,-44.37317797495052
D:F16_FIB382,F16,HI|SWH,3,3,53,-9.734776077792048
D:F16_FIB382,F16,T15|FC,0,0,11895,-1756.610746178906
D:F16_FIB382,F16,T1h|FC,2,2,2006,-165.33599937763938
D:F16_FIB382,F16,T30|FC,1,1,5177,-675.4637685641064
D:F16_FIB382,F16,T4h|FC,3,3,59,-13.45703218691051
D:F16_FIB500,F16,ALLINF|FC,0,0,7857,-1174.9032123730285
D:F16_FIB500,F16,ALLINF|FC,0,1,4733,-452.0109968835168
D:F16_FIB500,F16,ALLINF|FC,0,2,1615,-143.13139169337228
D:F16_FIB500,F16,ALLINF|FC,0,3,437,-10.427999929524958
D:F16_FIB500,F16,ALLINF|FC,1,0,3771,-534.7595443254686
D:F16_FIB500,F16,ALLINF|FC,1,1,2136,-204.87298146786634
D:F16_FIB500,F16,ALLINF|FC,1,2,1454,-145.52365768747404
D:F16_FIB500,F16,ALLINF|FC,1,3,215,-11.001219294965267
D:F16_FIB500,F16,ALLINF|FC,2,0,3265,-575.1542218380637
D:F16_FIB500,F16,ALLINF|FC,2,1,1520,-194.61295225680806
D:F16_FIB500,F16,ALLINF|FC,2,2,906,-52.17928201731411
D:F16_FIB500,F16,ALLINF|FC,2,3,201,-2.75040606840048
D:F16_FIB500,F16,ALLINF|FC,3,0,1950,-284.186125656066
D:F16_FIB500,F16,ALLINF|FC,3,1,973,-148.5509348155465
D:F16_FIB500,F16,ALLINF|FC,3,2,443,-60.89011738728732
D:F16_FIB500,F16,ALLINF|FC,3,3,192,-6.686661462299526
D:F16_FIB500,F16,ALLINF|SWH,0,0,3724,-379.6887689643481
D:F16_FIB500,F16,ALLINF|SWH,0,1,491,-42.585679994896054
D:F16_FIB500,F16,ALLINF|SWH,0,2,73,2.9071749355643988
D:F16_FIB500,F16,ALLINF|SWH,0,3,7,-1.1067257076501846
D:F16_FIB500,F16,ALLINF|SWH,1,0,4029,-665.2087838141306
D:F16_FIB500,F16,ALLINF|SWH,1,1,2155,-177.98677144467365
D:F16_FIB500,F16,ALLINF|SWH,1,2,330,-14.437186631374061
D:F16_FIB500,F16,ALLINF|SWH,1,3,9,-1.988372914493084
D:F16_FIB500,F16,ALLINF|SWH,2,0,5580,-875.5674635137111
D:F16_FIB500,F16,ALLINF|SWH,2,1,3223,-371.67406761753955
D:F16_FIB500,F16,ALLINF|SWH,2,2,1710,-169.8140803417482
D:F16_FIB500,F16,ALLINF|SWH,2,3,43,0.8414262626320124
D:F16_FIB500,F16,ALLINF|SWH,3,0,4899,-877.1278472734848
D:F16_FIB500,F16,ALLINF|SWH,3,1,2562,-347.56713640270755
D:F16_FIB500,F16,ALLINF|SWH,3,2,1191,-119.55895103776129
D:F16_FIB500,F16,ALLINF|SWH,3,3,459,-15.428626346751116
D:F16_FIB500,F16,ALL|FC,0,0,8456,-1259.9244939367782
D:F16_FIB500,F16,ALL|FC,0,1,4791,-485.10726401070133
D:F16_FIB500,F16,ALL|FC,0,2,1373,-127.83891765447333
D:F16_FIB500,F16,ALL|FC,0,3,82,-2.8077359795570374
D:F16_FIB500,F16,ALL|FC,1,0,3882,-585.104278800718
D:F16_FIB500,F16,ALL|FC,1,1,2026,-224.8054875251837
D:F16_FIB500,F16,ALL|FC,1,2,1186,-143.4053143953206
D:F16_FIB500,F16,ALL|FC,1,3,39,-6.834311164915562
D:F16_FIB500,F16,ALL|FC,2,0,2940,-562.5118691419048
D:F16_FIB500,F16,ALL|FC,2,1,1372,-215.9050068364013
D:F16_FIB500,F16,ALL|FC,2,2,666,-58.26439692568965
D:F16_FIB500,F16,ALL|FC,2,3,46,-6.3295415714383125
D:F16_FIB500,F16,ALL|FC,3,0,576,-102.26602090988308
D:F16_FIB500,F16,ALL|FC,3,1,280,-49.91909015341662
D:F16_FIB500,F16,ALL|FC,3,2,126,-22.62697765044868
D:F16_FIB500,F16,ALL|FC,3,3,16,-1.4869237903039902
D:F16_FIB500,F16,ALL|LTF,0,0,7559,-1092.8880603322323
D:F16_FIB500,F16,ALL|LTF,0,1,3852,-398.07160199814825
D:F16_FIB500,F16,ALL|LTF,0,2,1081,-125.09563538432121
D:F16_FIB500,F16,ALL|LTF,0,3,69,-0.7937218248844147
D:F16_FIB500,F16,ALL|LTF,1,0,4484,-677.3969962261617
D:F16_FIB500,F16,ALL|LTF,1,1,2138,-229.92977523477748
D:F16_FIB500,F16,ALL|LTF,1,2,1022,-106.24937096447684
D:F16_FIB500,F16,ALL|LTF,1,3,29,-3.3776823431253433
D:F16_FIB500,F16,ALL|LTF,2,0,3675,-681.4910539311386
D:F16_FIB500,F16,ALL|LTF,2,1,1980,-268.4358339521568
D:F16_FIB500,F16,ALL|LTF,2,2,844,-84.70132527092937
D:F16_FIB500,F16,ALL|LTF,2,3,53,-6.378383785486221
D:F16_FIB500,F16,ALL|LTF,3,0,730,-169.6443740176037
D:F16_FIB500,F16,ALL|LTF,3,1,362,-70.62683001789264
D:F16_FIB500,F16,ALL|LTF,3,2,170,-26.19567438773811
D:F16_FIB500,F16,ALL|LTF,3,3,22,-3.9519612703006715
D:F16_FIB500,F16,ALL|SW,0,0,3791,-492.62959580947063
D:F16_FIB500,F16,ALL|SW,0,1,3067,-305.1967416794505
D:F16_FIB500,F16,ALL|SW,0,2,448,-4.418952747713774
D:F16_FIB500,F16,ALL|SW,0,3,24,-3.139911226928234
D:F16_FIB500,F16,ALL|SW,1,0,450,-61.93121624365449
D:F16_FIB500,F16,ALL|SW,1,1,1310,-148.77239363268018
D:F16_FIB500,F16,ALL|SW,1,2,877,-89.51868756208569
D:F16_FIB500,F16,ALL|SW,1,3,10,-1.2635715305805206
D:F16_FIB500,F16,ALL|SW,2,0,137,-20.297227571718395
D:F16_FIB500,F16,ALL|SW,2,1,193,-27.5561828489881
D:F16_FIB500,F16,ALL|SW,2,2,452,-45.1519492669031
D:F16_FIB500,F16,ALL|SW,2,3,10,0.18627798557281494
D:F16_FIB500,F16,ALL|SW,3,0,24,-1.4926575273275375
D:F16_FIB500,F16,ALL|SW,3,1,17,1.3025980591773987
D:F16_FIB500,F16,ALL|SW,3,2,16,-2.675255708396435
D:F16_FIB500,F16,ALL|SW,3,3,11,-1.8751889436971396
D:F16_FIB500,F16,ALL|SWH,0,0,4398,-509.06121360913676
D:F16_FIB500,F16,ALL|SWH,0,1,535,-35.75205273949541
D:F16_FIB500,F16,ALL|SWH,0,2,66,4.165138961747289
D:F16_FIB500,F16,ALL|SWH,1,0,4889,-793.0553617628757
D:F16_FIB500,F16,ALL|SWH,1,1,2451,-219.06976002105512
D:F16_FIB500,F16,ALL|SWH,1,2,323,-27.308664943324402
D:F16_FIB500,F16,ALL|SWH,1,3,3,-0.20417430996894836
D:F16_FIB500,F16,ALL|SWH,2,0,6164,-1041.5765605380439
D:F16_FIB500,F16,ALL|SWH,2,1,3397,-459.5144219986687
D:F16_FIB500,F16,ALL|SWH,2,2,1530,-179.77547970658634
D:F16_FIB500,F16,ALL|SWH,2,3,19,-1.2359464839100838
D:F16_FIB500,F16,ALL|SWH,3,0,1613,-376.92845388985006
D:F16_FIB500,F16,ALL|SWH,3,1,871,-164.85526904603466
D:F16_FIB500,F16,ALL|SWH,3,2,384,-54.51917514950037
D:F16_FIB500,F16,ALL|SWH,3,3,54,-1.83251345413737
D:F16_FIB500,F16,A|FC,0,0,10135,-1527.3416093854175
D:F16_FIB500,F16,A|FC,0,1,5785,-647.4898589262739
D:F16_FIB500,F16,A|FC,1,0,4527,-746.5726393043296
D:F16_FIB500,F16,A|FC,1,1,2351,-273.9918491584249
D:F16_FIB500,F16,A|LTF,0,0,9302,-1406.9630836342403
D:F16_FIB500,F16,A|LTF,0,1,4778,-558.2730756388919
D:F16_FIB500,F16,A|LTF,1,0,5985,-1002.7308632177883
D:F16_FIB500,F16,A|LTF,1,1,2859,-318.6528688375838
D:F16_FIB500,F16,A|SW,0,0,3825,-499.5836845867743
D:F16_FIB500,F16,A|SW,0,1,3177,-320.9679245536681
D:F16_FIB500,F16,A|SW,1,0,454,-59.03114402666688
D:F16_FIB500,F16,A|SW,1,1,1336,-156.18452828098089
D:F16_FIB500,F16,A|SWH,0,0,5928,-750.3755720590998
D:F16_FIB500,F16,A|SWH,0,1,759,-69.47717934497632
D:F16_FIB500,F16,A|SWH,1,0,9765,-1785.1679093685234
D:F16_FIB500,F16,A|SWH,1,1,5031,-609.6210348522291
D:F16_FIB500,F16,HI|FC,2,2,1785,-210.97443987301085
D:F16_FIB500,F16,HI|FC,2,3,97,-9.20847238972783
D:F16_FIB500,F16,HI|FC,3,2,260,-19.701475156471133
D:F16_FIB500,F16,HI|FC,3,3,33,-1.0565079662483186
D:F16_FIB500,F16,HI|LTF,2,2,1776,-207.65222350752447
D:F16_FIB500,F16,HI|LTF,2,3,94,-8.922610227018595
D:F16_FIB500,F16,HI|LTF,3,2,273,-22.03551368229091
D:F16_FIB500,F16,HI|LTF,3,3,33,-1.0565079662483186
D:F16_FIB500,F16,HI|SW,2,2,666,-63.12987234198954
D:F16_FIB500,F16,HI|SW,2,3,28,-1.9002890437841415
D:F16_FIB500,F16,HI|SW,3,2,17,-3.6766124442219734
D:F16_FIB500,F16,HI|SW,3,3,13,-1.5181802182924002
D:F16_FIB500,F16,HI|SWH,2,2,1708,-186.9297638820717
D:F16_FIB500,F16,HI|SWH,2,3,25,0.453099362552166
D:F16_FIB500,F16,HI|SWH,3,2,382,-51.036597304046154
D:F16_FIB500,F16,HI|SWH,3,3,52,-2.1962549712043256
D:F16_FIB500,F16,T15|FC,0,0,12739,-2000.0450938761642
D:F16_FIB500,F16,T1h|FC,2,2,1913,-221.08674457354937
D:F16_FIB500,F16,T30|FC,1,1,5479,-640.14009317616
D:F16_FIB500,F16,T4h|FC,3,3,56,-3.930301907239482
D:F16_FIB618,F16,ALLINF|FC,0,0,7450,-1333.5935187952418
D:F16_FIB618,F16,ALLINF|FC,0,1,4569,-603.8574327173592
D:F16_FIB618,F16,ALLINF|FC,0,2,1427,-150.53626136027742
D:F16_FIB618,F16,ALLINF|FC,0,3,371,-10.737005936098285
D:F16_FIB618,F16,ALLINF|FC,1,0,3343,-523.8066655547591
D:F16_FIB618,F16,ALLINF|FC,1,1,1916,-278.27015185658456
D:F16_FIB618,F16,ALLINF|FC,1,2,1401,-98.75291262828978
D:F16_FIB618,F16,ALLINF|FC,1,3,190,-2.29209806304425
D:F16_FIB618,F16,ALLINF|FC,2,0,2972,-532.8672602997976
D:F16_FIB618,F16,ALLINF|FC,2,1,1393,-237.0210857912898
D:F16_FIB618,F16,ALLINF|FC,2,2,835,-90.54875470750267
D:F16_FIB618,F16,ALLINF|FC,2,3,210,3.490688427351415
D:F16_FIB618,F16,ALLINF|FC,3,0,1940,-398.1827190882177
D:F16_FIB618,F16,ALLINF|FC,3,1,904,-127.3009977232432
D:F16_FIB618,F16,ALLINF|FC,3,2,410,-52.59513452718966
D:F16_FIB618,F16,ALLINF|FC,3,3,164,-5.135554945562035
D:F16_FIB618,F16,ALLINF|SWH,0,0,3427,-559.2684911008109
D:F16_FIB618,F16,ALLINF|SWH,0,1,550,-52.97833851072937
D:F16_FIB618,F16,ALLINF|SWH,0,2,84,-5.184000970795751
D:F16_FIB618,F16,ALLINF|SWH,0,3,4,-1.480759158730507
D:F16_FIB618,F16,ALLINF|SWH,1,0,4123,-740.864832653635
D:F16_FIB618,F16,ALLINF|SWH,1,1,2066,-222.5345020648856
D:F16_FIB618,F16,ALLINF|SWH,1,2,332,-24.79641233442817
D:F16_FIB618,F16,ALLINF|SWH,1,3,6,-0.23397502675652504
D:F16_FIB618,F16,ALLINF|SWH,2,0,4926,-840.6044039992266
D:F16_FIB618,F16,ALLINF|SWH,2,1,2893,-446.9231027381611
D:F16_FIB618,F16,ALLINF|SWH,2,2,1503,-159.22579698247137
D:F16_FIB618,F16,ALLINF|SWH,2,3,47,1.4449484627693892
D:F16_FIB618,F16,ALLINF|SWH,3,0,4699,-833.9675445239409
D:F16_FIB618,F16,ALLINF|SWH,3,1,2381,-354.9940856172434
D:F16_FIB618,F16,ALLINF|SWH,3,2,1085,-123.76478008111008
D:F16_FIB618,F16,ALLINF|SWH,3,3,365,-4.317138311918825
D:F16_FIB618,F16,ALL|FC,0,0,8024,-1455.7265902108338
D:F16_FIB618,F16,ALL|FC,0,1,4630,-630.8819244760089
D:F16_FIB618,F16,ALL|FC,0,2,1146,-144.78426809352823
D:F16_FIB618,F16,ALL|FC,0,3,70,-6.505887325853109
D:F16_FIB618,F16,ALL|FC,1,0,3413,-546.7030449224403
D:F16_FIB618,F16,ALL|FC,1,1,1806,-289.4993421642539
D:F16_FIB618,F16,ALL|FC,1,2,1182,-99.70275177201256
D:F16_FIB618,F16,ALL|FC,1,3,38,-5.536463625729084
D:F16_FIB618,F16,ALL|FC,2,0,2741,-496.83679230854614
D:F16_FIB618,F16,ALL|FC,2,1,1282,-244.72522248886526
D:F16_FIB618,F16,ALL|FC,2,2,630,-82.67643703334033
D:F16_FIB618,F16,ALL|FC,2,3,44,2.6455581560730934
D:F16_FIB618,F16,ALL|FC,3,0,557,-166.42891911428887
D:F16_FIB618,F16,ALL|FC,3,1,286,-59.903206247719936
D:F16_FIB618,F16,ALL|FC,3,2,123,-8.469068504869938
D:F16_FIB618,F16,ALL|FC,3,3,11,0.48962239921092987
D:F16_FIB618,F16,ALL|LTF,0,0,7038,-1248.798875687935
D:F16_FIB618,F16,ALL|LTF,0,1,3548,-466.6445327368565
D:F16_FIB618,F16,ALL|LTF,0,2,868,-108.71204836783
D:F16_FIB618,F16,ALL|LTF,0,3,60,-6.700803376734257
D:F16_FIB618,F16,ALL|LTF,1,0,4288,-780.232952730119
D:F16_FIB618,F16,ALL|LTF,1,1,1948,-283.84890106995226
D:F16_FIB618,F16,ALL|LTF,1,2,974,-93.09927533613518
D:F16_FIB618,F16,ALL|LTF,1,3,32,-2.44340880215168
D:F16_FIB618,F16,ALL|LTF,2,0,3543,-644.8996410274995
D:F16_FIB618,F16,ALL|LTF,2,1,2008,-373.48361663986
D:F16_FIB618,F16,ALL|LTF,2,2,805,-100.72851395048201
D:F16_FIB618,F16,ALL|LTF,2,3,43,0.806322205811739
D:F16_FIB618,F16,ALL|LTF,3,0,615,-182.355522744474
D:F16_FIB618,F16,ALL|LTF,3,1,323,-67.43520456168335
D:F16_FIB618,F16,ALL|LTF,3,2,159,-20.36571740359068
D:F16_FIB618,F16,ALL|LTF,3,3,16,-0.9545724838972092
D:F16_FIB618,F16,ALL|SW,0,0,3340,-466.714887692302
D:F16_FIB618,F16,ALL|SW,0,1,3521,-508.32328995887656
D:F16_FIB618,F16,ALL|SW,0,2,504,-56.21361767407507
D:F16_FIB618,F16,ALL|SW,0,3,11,0.6206514686346054
D:F16_FIB618,F16,ALL|SW,1,0,409,-75.12626722734421
D:F16_FIB618,F16,ALL|SW,1,1,1079,-153.90756493317895
D:F16_FIB618,F16,ALL|SW,1,2,963,-87.3151872374583
D:F16_FIB618,F16,ALL|SW,1,3,9,0.9520791433751583
D:F16_FIB618,F16,ALL|SW,2,0,113,-17.710862156003714
D:F16_FIB618,F16,ALL|SW,2,1,194,-34.388865910470486
D:F16_FIB618,F16,ALL|SW,2,2,382,-43.628330073319376
D:F16_FIB618,F16,ALL|SW,2,3,18,-3.398550294339657
D:F16_FIB618,F16,ALL|SW,3,0,26,-6.27780644595623
D:F16_FIB618,F16,ALL|SW,3,1,19,-5.671353653073311
D:F16_FIB618,F16,ALL|SW,3,2,11,-0.12899645417928696
D:F16_FIB618,F16,ALL|SW,3,3,12,0.31253375113010406
D:F16_FIB618,F16,ALL|SWH,0,0,4148,-637.3035224923515
D:F16_FIB618,F16,ALL|SWH,0,1,631,-62.77994545735419
D:F16_FIB618,F16,ALL|SWH,0,2,66,-7.421785149723291
D:F16_FIB618,F16,ALL|SWH,1,0,4957,-897.6210493683175
D:F16_FIB618,F16,ALL|SWH,1,1,2327,-276.72652116440804
D:F16_FIB618,F16,ALL|SWH,1,2,310,-33.572052157483995
D:F16_FIB618,F16,ALL|SWH,1,3,1,0.24603763222694397
D:F16_FIB618,F16,ALL|SWH,2,0,5502,-1062.1849046797142
D:F16_FIB618,F16,ALL|SWH,2,1,3087,-507.08500391989946
D:F16_FIB618,F16,ALL|SWH,2,2,1331,-158.2855237829499
D:F16_FIB618,F16,ALL|SWH,2,3,18,4.515300180763006
D:F16_FIB618,F16,ALL|SWH,3,0,1403,-331.5809570407728
D:F16_FIB618,F16,ALL|SWH,3,1,755,-164.47267450077925
D:F16_FIB618,F16,ALL|SWH,3,2,347,-49.83469308633357
D:F16_FIB618,F16,ALL|SWH,3,3,42,-1.9458988532423973
D:F16_FIB618,F16,A|FC,0,0,9591,-1755.7833151702362
D:F16_FIB618,F16,A|FC,0,1,5489,-827.8626790834824
D:F16_FIB618,F16,A|FC,1,0,4036,-702.2185248106834
D:F16_FIB618,F16,A|FC,1,1,2170,-334.0726206495856
D:F16_FIB618,F16,A|LTF,0,0,8632,-1595.2879015600192
D:F16_FIB618,F16,A|LTF,0,1,4321,-648.2246825970942
D:F16_FIB618,F16,A|LTF,1,0,5751,-1057.059309932316
D:F16_FIB618,F16,A|LTF,1,1,2739,-422.11587494681226
D:F16_FIB618,F16,A|SW,0,0,3368,-463.3771113890107
D:F16_FIB618,F16,A|SW,0,1,3605,-530.0433641803684
D:F16_FIB618,F16,A|SW,1,0,416,-78.70312482398003
D:F16_FIB618,F16,A|SW,1,1,1101,-153.06577655184083
D:F16_FIB618,F16,A|SWH,0,0,5598,-937.3788462957018
D:F16_FIB618,F16,A|SWH,0,1,800,-104.16336128627881
D:F16_FIB618,F16,A|SWH,1,0,9099,-1752.772514521348
D:F16_FIB618,F16,A|SWH,1,1,4594,-675.9720986783468
D:F16_FIB618,F16,HI|FC,2,2,1572,-197.94565071118996
D:F16_FIB618,F16,HI|FC,2,3,92,-6.977255616337061
D:F16_FIB618,F16,HI|FC,3,2,204,-18.468046471476555
D:F16_FIB618,F16,HI|FC,3,3,27,1.5008947551250458
D:F16_FIB618,F16,HI|LTF,2,2,1548,-186.52123658312485
D:F16_FIB618,F16,HI|LTF,2,3,76,-4.323628272861242
D:F16_FIB618,F16,HI|LTF,3,2,254,-34.87533259391785
D:F16_FIB618,F16,HI|LTF,3,3,32,0.4469987154006958
D:F16_FIB618,F16,HI|SW,2,2,610,-77.70513088884763
D:F16_FIB618,F16,HI|SW,2,3,37,-0.2706865184009075
D:F16_FIB618,F16,HI|SW,3,2,11,0.46659327298402786
D:F16_FIB618,F16,HI|SW,3,3,11,-1.1559112668037415
D:F16_FIB618,F16,HI|SWH,2,2,1481,-172.51943104946986
D:F16_FIB618,F16,HI|SWH,2,3,20,5.1309292279183865
D:F16_FIB618,F16,HI|SWH,3,2,347,-49.83469308633357
D:F16_FIB618,F16,HI|SWH,3,3,42,-1.9458988532423973
D:F16_FIB618,F16,T15|FC,0,0,11881,-2178.5267141736404
D:F16_FIB618,F16,T1h|FC,2,2,1671,-212.49247985659167
D:F16_FIB618,F16,T30|FC,1,1,4986,-727.5100226633913
D:F16_FIB618,F16,T4h|FC,3,3,47,-2.1779536083340645
D:F16_FIB764,F16,ALLINF|FC,0,0,6373,-1195.192395532009
D:F16_FIB764,F16,ALLINF|FC,0,1,4146,-619.1010439438396
D:F16_FIB764,F16,ALLINF|FC,0,2,1302,-141.26469463156536
D:F16_FIB764,F16,ALLINF|FC,0,3,286,-13.526664132165024
D:F16_FIB764,F16,ALLINF|FC,1,0,2569,-580.7329030802939
D:F16_FIB764,F16,ALLINF|FC,1,1,1578,-257.3474090966629
D:F16_FIB764,F16,ALLINF|FC,1,2,1346,-99.53165881114546
D:F16_FIB764,F16,ALLINF|FC,1,3,156,1.3918584394268692
D:F16_FIB764,F16,ALLINF|FC,2,0,2241,-457.44090220169164
D:F16_FIB764,F16,ALLINF|FC,2,1,968,-131.87649627332576
D:F16_FIB764,F16,ALLINF|FC,2,2,659,-65.06601181416772
D:F16_FIB764,F16,ALLINF|FC,2,3,172,-8.341570551274344
D:F16_FIB764,F16,ALLINF|FC,3,0,1947,-358.4011533409066
D:F16_FIB764,F16,ALLINF|FC,3,1,856,-88.37129082903266
D:F16_FIB764,F16,ALLINF|FC,3,2,333,-26.6673537036404
D:F16_FIB764,F16,ALLINF|FC,3,3,173,-2.5613474776037037
D:F16_FIB764,F16,ALLINF|SWH,0,0,3159,-542.5581998077396
D:F16_FIB764,F16,ALLINF|SWH,0,1,589,-74.11487471719738
D:F16_FIB764,F16,ALLINF|SWH,0,2,100,-21.07219899771735
D:F16_FIB764,F16,ALLINF|SWH,0,3,4,1.1863907724618912
D:F16_FIB764,F16,ALLINF|SWH,1,0,3677,-779.834052831633
D:F16_FIB764,F16,ALLINF|SWH,1,1,1758,-244.02427668636665
D:F16_FIB764,F16,ALLINF|SWH,1,2,376,-14.758335112594068
D:F16_FIB764,F16,ALLINF|SWH,1,3,6,-0.5260035023093224
D:F16_FIB764,F16,ALLINF|SWH,2,0,4019,-724.6518072132021
D:F16_FIB764,F16,ALLINF|SWH,2,1,2512,-367.93634684337303
D:F16_FIB764,F16,ALLINF|SWH,2,2,1264,-122.05983055650722
D:F16_FIB764,F16,ALLINF|SWH,2,3,42,-7.516714590601623
D:F16_FIB764,F16,ALLINF|SWH,3,0,3833,-755.0206372234679
D:F16_FIB764,F16,ALLINF|SWH,3,1,1805,-290.20661212081905
D:F16_FIB764,F16,ALLINF|SWH,3,2,785,-45.45952966553159
D:F16_FIB764,F16,ALLINF|SWH,3,3,336,-13.56608473137021
D:F16_FIB764,F16,ALL|FC,0,0,6934,-1342.9493893067993
D:F16_FIB764,F16,ALL|FC,0,1,4160,-643.1424505896866
D:F16_FIB764,F16,ALL|FC,0,2,1094,-129.57570531684905
D:F16_FIB764,F16,ALL|FC,0,3,68,-8.197762630879879
D:F16_FIB764,F16,ALL|FC,1,0,2617,-605.8608600760344
D:F16_FIB764,F16,ALL|FC,1,1,1551,-253.53819776989985
D:F16_FIB764,F16,ALL|FC,1,2,1081,-100.76584258349612
D:F16_FIB764,F16,ALL|FC,1,3,32,1.8072438687086105
D:F16_FIB764,F16,ALL|FC,2,0,2117,-433.32433236413635
D:F16_FIB764,F16,ALL|FC,2,1,915,-142.15685754665174
D:F16_FIB764,F16,ALL|FC,2,2,530,-70.20576288551092
D:F16_FIB764,F16,ALL|FC,2,3,35,-2.574515998363495
D:F16_FIB764,F16,ALL|FC,3,0,554,-129.07714009005576
D:F16_FIB764,F16,ALL|FC,3,1,246,-11.558549467474222
D:F16_FIB764,F16,ALL|FC,3,2,85,-6.120645524933934
D:F16_FIB764,F16,ALL|FC,3,3,15,-1.2942048013210297
D:F16_FIB764,F16,ALL|LTF,0,0,5890,-1145.6507974626438
D:F16_FIB764,F16,ALL|LTF,0,1,2854,-416.94172581867315
D:F16_FIB764,F16,ALL|LTF,0,2,771,-90.75572037138045
D:F16_FIB764,F16,ALL|LTF,0,3,58,-7.633575275540352
D:F16_FIB764,F16,ALL|LTF,1,0,3908,-825.2408317193622
D:F16_FIB764,F16,ALL|LTF,1,1,1826,-271.41394701448735
D:F16_FIB764,F16,ALL|LTF,1,2,902,-92.1781108880532
D:F16_FIB764,F16,ALL|LTF,1,3,33,0.7313037812709808
D:F16_FIB764,F16,ALL|LTF,2,0,2731,-564.8525217550341
D:F16_FIB764,F16,ALL|LTF,2,1,1580,-269.640511081554
D:F16_FIB764,F16,ALL|LTF,2,2,693,-91.98748586809961
D:F16_FIB764,F16,ALL|LTF,2,3,34,-2.0251078102737665
D:F16_FIB764,F16,ALL|LTF,3,0,625,-146.419071811717
D:F16_FIB764,F16,ALL|LTF,3,1,289,-23.361909460276365
D:F16_FIB764,F16,ALL|LTF,3,2,105,-10.565932469442487
D:F16_FIB764,F16,ALL|LTF,3,3,16,-2.358948916196823
D:F16_FIB764,F16,ALL|SW,0,0,2922,-475.9467510001268
D:F16_FIB764,F16,ALL|SW,0,1,3480,-501.7973141957773
D:F16_FIB764,F16,ALL|SW,0,2,488,-57.760416897945106
D:F16_FIB764,F16,ALL|SW,0,3,9,2.5091501399874687
D:F16_FIB764,F16,ALL|SW,1,0,353,-68.89331234060228
D:F16_FIB764,F16,ALL|SW,1,1,863,-137.42160395439714
D:F16_FIB764,F16,ALL|SW,1,2,988,-82.52011623670114
D:F16_FIB764,F16,ALL|SW,1,3,13,-2.271590828895569
D:F16_FIB764,F16,ALL|SW,2,0,105,-28.022728053852916
D:F16_FIB764,F16,ALL|SW,2,1,157,-21.327072866261005
D:F16_FIB764,F16,ALL|SW,2,2,342,-39.585067208856344
D:F16_FIB764,F16,ALL|SW,2,3,13,-0.6024707704782486
D:F16_FIB764,F16,ALL|SW,3,0,27,-10.639612473547459
D:F16_FIB764,F16,ALL|SW,3,1,20,-0.591441348195076
D:F16_FIB764,F16,ALL|SW,3,2,5,-0.37142300605773926
D:F16_FIB764,F16,ALL|SW,3,3,16,-4.127275951206684
D:F16_FIB764,F16,ALL|SWH,0,0,3783,-683.8985335400503
D:F16_FIB764,F16,ALL|SWH,0,1,617,-89.70987279794645
D:F16_FIB764,F16,ALL|SWH,0,2,98,-19.17515846528113
D:F16_FIB764,F16,ALL|SWH,0,3,1,0.2204587161540985
D:F16_FIB764,F16,ALL|SWH,1,0,4312,-891.7833030982874
D:F16_FIB764,F16,ALL|SWH,1,1,1965,-304.6991752120666
D:F16_FIB764,F16,ALL|SWH,1,2,339,-15.935857574921101
D:F16_FIB764,F16,ALL|SWH,2,0,4196,-829.0139583752025
D:F16_FIB764,F16,ALL|SWH,2,1,2446,-404.2491574282758
D:F16_FIB764,F16,ALL|SWH,2,2,1081,-133.0223525633919
D:F16_FIB764,F16,ALL|SWH,2,3,9,-2.5839415192604065
D:F16_FIB764,F16,ALL|SWH,3,0,1297,-336.0268551572226
D:F16_FIB764,F16,ALL|SWH,3,1,665,-129.1619585606968
D:F16_FIB764,F16,ALL|SWH,3,2,253,-18.695836244150996
D:F16_FIB764,F16,ALL|SWH,3,3,40,-6.782497428357601
D:F16_FIB764,F16,A|FC,0,0,8161,-1622.948712232028
D:F16_FIB764,F16,A|FC,0,1,4872,-779.0945530921454
D:F16_FIB764,F16,A|FC,1,0,3036,-693.648834009422
D:F16_FIB764,F16,A|FC,1,1,1718,-255.51958816382103
D:F16_FIB764,F16,A|LTF,0,0,7099,-1391.445539007982
D:F16_FIB764,F16,A|LTF,0,1,3444,-511.5568475496257
D:F16_FIB764,F16,A|LTF,1,0,5053,-1106.3135500013595
D:F16_FIB764,F16,A|LTF,1,1,2360,-400.7728794941213
D:F16_FIB764,F16,A|SW,0,0,2941,-484.49867668165825
D:F16_FIB764,F16,A|SW,0,1,3563,-514.8861984804971
D:F16_FIB764,F16,A|SW,1,0,365,-72.67805059812963
D:F16_FIB764,F16,A|SW,1,1,877,-137.24063938762993
D:F16_FIB764,F16,A|SWH,0,0,4913,-880.4850267699221
D:F16_FIB764,F16,A|SWH,0,1,805,-115.43091055273544
D:F16_FIB764,F16,A|SWH,1,0,7469,-1651.2770799993013
D:F16_FIB764,F16,A|SWH,1,1,3568,-637.2839029605966
D:F16_FIB764,F16,HI|FC,2,2,1281,-151.12286586035043
D:F16_FIB764,F16,HI|FC,2,3,70,-0.4202475193887949
D:F16_FIB764,F16,HI|FC,3,2,182,-13.973030993714929
D:F16_FIB764,F16,HI|FC,3,3,28,-8.754109613597393
D:F16_FIB764,F16,HI|LTF,2,2,1261,-154.85283919144422
D:F16_FIB764,F16,HI|LTF,2,3,57,-1.4956678245216608
D:F16_FIB764,F16,HI|LTF,3,2,208,-13.85118737258017
D:F16_FIB764,F16,HI|LTF,3,3,31,-7.685867510735989
D:F16_FIB764,F16,HI|SW,2,2,555,-52.383465806022286
D:F16_FIB764,F16,HI|SW,2,3,25,-2.141888365149498
D:F16_FIB764,F16,HI|SW,3,2,10,-0.8896035254001617
D:F16_FIB764,F16,HI|SW,3,3,19,-3.2513813599944115
D:F16_FIB764,F16,HI|SWH,2,2,1230,-148.6813489953056
D:F16_FIB764,F16,HI|SWH,2,3,12,-1.7603535950183868
D:F16_FIB764,F16,HI|SWH,3,2,251,-17.961309162899852
D:F16_FIB764,F16,HI|SWH,3,3,39,-6.970604412257671
D:F16_FIB764,F16,T15|FC,0,0,9752,-1968.9941558332357
D:F16_FIB764,F16,T1h|FC,2,2,1345,-153.82700949627906
D:F16_FIB764,F16,T30|FC,1,1,3931,-684.3655474354746
D:F16_FIB764,F16,T4h|FC,3,3,41,-7.860551975667477
D:F17_Z,F17,ALLINF|FC,0,0,35586,-6233.86703328984
D:F17_Z,F17,ALLINF|FC,0,1,19003,-2332.5967031471737
D:F17_Z,F17,ALLINF|FC,0,2,8045,-775.4241021710914
D:F17_Z,F17,ALLINF|FC,0,3,1580,-88.64792804379249
D:F17_Z,F17,ALLINF|FC,1,0,9202,-1694.8780994272256
D:F17_Z,F17,ALLINF|FC,1,1,6480,-830.3441935798037
D:F17_Z,F17,ALLINF|FC,1,2,3788,-357.7509180819616
D:F17_Z,F17,ALLINF|FC,1,3,730,-34.67908474220894
D:F17_Z,F17,ALLINF|FC,2,0,6086,-1136.2857630463259
D:F17_Z,F17,ALLINF|FC,2,1,2962,-367.3739697127239
D:F17_Z,F17,ALLINF|FC,2,2,2506,-309.50038176815724
D:F17_Z,F17,ALLINF|FC,2,3,640,-49.50159265997354
D:F17_Z,F17,ALLINF|FC,3,0,5493,-1041.0513390400301
D:F17_Z,F17,ALLINF|FC,3,1,2548,-249.7807634048513
D:F17_Z,F17,ALLINF|FC,3,2,1148,-124.97608412289992
D:F17_Z,F17,ALLINF|FC,3,3,739,-31.12683101836592
D:F17_Z,F17,ALLINF|SWH,0,0,11397,-1708.8056385429227
D:F17_Z,F17,ALLINF|SWH,0,1,1017,-120.79226257884875
D:F17_Z,F17,ALLINF|SWH,0,2,422,-52.432986731640995
D:F17_Z,F17,ALLINF|SWH,0,3,51,-5.617102993186563
D:F17_Z,F17,ALLINF|SWH,1,0,14583,-2522.700751630351
D:F17_Z,F17,ALLINF|SWH,1,1,7640,-804.0429713073754
D:F17_Z,F17,ALLINF|SWH,1,2,708,-58.26662590896012
D:F17_Z,F17,ALLINF|SWH,1,3,109,-1.3337357584387064
D:F17_Z,F17,ALLINF|SWH,2,0,18050,-3590.8845019707223
D:F17_Z,F17,ALLINF|SWH,2,1,11985,-1632.3735662435647
D:F17_Z,F17,ALLINF|SWH,2,2,6768,-694.0490466921183
D:F17_Z,F17,ALLINF|SWH,2,3,230,-13.837845662608743
D:F17_Z,F17,ALLINF|SWH,3,0,16762,-3101.1219517037243
D:F17_Z,F17,ALLINF|SWH,3,1,8198,-996.6314385771038
D:F17_Z,F17,ALLINF|SWH,3,2,4750,-574.6401950647705
D:F17_Z,F17,ALLINF|SWH,3,3,2141,-126.58678761211922
D:F17_Z,F17,ALL|FC,0,0,36889,-6505.816787840602
D:F17_Z,F17,ALL|FC,0,1,18597,-2396.518386639953
D:F17_Z,F17,ALL|FC,0,2,6584,-755.9856849378557
D:F17_Z,F17,ALL|FC,0,3,324,-48.31397620216012
D:F17_Z,F17,ALL|FC,1,0,9385,-1813.785125304612
D:F17_Z,F17,ALL|FC,1,1,6238,-847.32346694835
D:F17_Z,F17,ALL|FC,1,2,3124,-331.9850477250584
D:F17_Z,F17,ALL|FC,1,3,163,-23.915641764178872
D:F17_Z,F17,ALL|FC,2,0,5699,-1175.8881158310396
D:F17_Z,F17,ALL|FC,2,1,2655,-366.95334311617626
D:F17_Z,F17,ALL|FC,2,2,1834,-267.32015932997456
D:F17_Z,F17,ALL|FC,2,3,121,-21.132693456485868
D:F17_Z,F17,ALL|FC,3,0,2317,-495.6315763443563
D:F17_Z,F17,ALL|FC,3,1,1103,-128.96890168241225
D:F17_Z,F17,ALL|FC,3,2,454,-65.28583576343954
D:F17_Z,F17,ALL|FC,3,3,78,-4.192680011037737
D:F17_Z,F17,ALL|LTF,0,0,26212,-4623.045844855515
D:F17_Z,F17,ALL|LTF,0,1,10944,-1443.039101096314
D:F17_Z,F17,ALL|LTF,0,2,3657,-439.50050383555936
D:F17_Z,F17,ALL|LTF,0,3,182,-22.462854083627462
D:F17_Z,F17,ALL|LTF,1,0,15611,-2819.9555421997156
D:F17_Z,F17,ALL|LTF,1,1,7997,-1047.7734415863815
D:F17_Z,F17,ALL|LTF,1,2,3121,-359.69982840225566
D:F17_Z,F17,ALL|LTF,1,3,188,-29.419700073078275
D:F17_Z,F17,ALL|LTF,2,0,12578,-2558.888154270535
D:F17_Z,F17,ALL|LTF,2,1,7268,-942.7354229822158
D:F17_Z,F17,ALL|LTF,2,2,3555,-419.27568794830586
D:F17_Z,F17,ALL|LTF,2,3,180,-21.159342305734754
D:F17_Z,F17,ALL|LTF,3,0,2859,-591.3691379641969
D:F17_Z,F17,ALL|LTF,3,1,1389,-205.0097500582924
D:F17_Z,F17,ALL|LTF,3,2,678,-109.25953034730628
D:F17_Z,F17,ALL|LTF,3,3,91,-10.607515050563961
D:F17_Z,F17,ALL|SW,0,0,27700,-4488.347944917123
D:F17_Z,F17,ALL|SW,0,1,15958,-2117.9522403041337
D:F17_Z,F17,ALL|SW,0,2,4242,-536.022993648483
D:F17_Z,F17,ALL|SW,0,3,127,-15.124968197196722
D:F17_Z,F17,ALL|SW,1,0,3037,-605.6446122259367
D:F17_Z,F17,ALL|SW,1,1,6007,-742.7718172135355
D:F17_Z,F17,ALL|SW,1,2,3063,-303.03769335590187
D:F17_Z,F17,ALL|SW,1,3,98,-13.299178402870893
D:F17_Z,F17,ALL|SW,2,0,970,-191.8343105595559
D:F17_Z,F17,ALL|SW,2,1,1212,-175.34058849187568
D:F17_Z,F17,ALL|SW,2,2,2285,-316.9177858468611
D:F17_Z,F17,ALL|SW,2,3,137,-34.71694271080196
D:F17_Z,F17,ALL|SW,3,0,100,-26.086887560784817
D:F17_Z,F17,ALL|SW,3,1,78,-10.235010473057628
D:F17_Z,F17,ALL|SW,3,2,107,-8.794868413358927
D:F17_Z,F17,ALL|SW,3,3,97,-11.219745977316052
D:F17_Z,F17,ALL|SWH,0,0,12933,-1917.9303987263702
D:F17_Z,F17,ALL|SWH,0,1,1153,-135.24831369984895
D:F17_Z,F17,ALL|SWH,0,2,378,-48.9675540169701
D:F17_Z,F17,ALL|SWH,0,3,18,-1.1166631430387497
D:F17_Z,F17,ALL|SWH,1,0,16915,-2751.3953444315066
D:F17_Z,F17,ALL|SWH,1,1,8348,-831.6887717191348
D:F17_Z,F17,ALL|SWH,1,2,726,-78.04435202293098
D:F17_Z,F17,ALL|SWH,1,3,44,-4.318633813410997
D:F17_Z,F17,ALL|SWH,2,0,22028,-4429.430788681086
D:F17_Z,F17,ALL|SWH,2,1,13296,-1936.521319824351
D:F17_Z,F17,ALL|SWH,2,2,6393,-707.1763305045024
D:F17_Z,F17,ALL|SWH,2,3,91,-11.064443938434124
D:F17_Z,F17,ALL|SWH,3,0,6630,-1677.9992155526852
D:F17_Z,F17,ALL|SWH,3,1,3182,-595.3573715985985
D:F17_Z,F17,ALL|SWH,3,2,1628,-323.22105611115694
D:F17_Z,F17,ALL|SWH,3,3,254,-39.036307093221694
D:F17_Z,F17,A|FC,0,0,42005,-7666.302031605177
D:F17_Z,F17,A|FC,0,1,21090,-2789.6238138470508
D:F17_Z,F17,A|FC,1,0,10772,-2009.6706276288187
D:F17_Z,F17,A|FC,1,1,7066,-909.9790809734841
D:F17_Z,F17,A|LTF,0,0,31716,-5824.41872249094
D:F17_Z,F17,A|LTF,0,1,13042,-1788.6370848670267
D:F17_Z,F17,A|LTF,1,0,23932,-4466.063275353221
D:F17_Z,F17,A|LTF,1,1,12704,-1601.5899154047875
D:F17_Z,F17,A|SW,0,0,28114,-4585.5513334069055
D:F17_Z,F17,A|SW,0,1,16487,-2175.1623288523842
D:F17_Z,F17,A|SW,1,0,3174,-634.5628002651501
D:F17_Z,F17,A|SW,1,1,6276,-790.8603675716149
D:F17_Z,F17,A|SWH,0,0,17629,-2750.5938240313553
D:F17_Z,F17,A|SWH,0,1,1811,-252.25687491311692
D:F17_Z,F17,A|SWH,1,0,38649,-7622.3376595033715
D:F17_Z,F17,A|SWH,1,1,20578,-2673.193645802079
D:F17_Z,F17,HI|FC,2,2,7769,-914.7580184690014
D:F17_Z,F17,HI|FC,2,3,501,-60.28405170887709
D:F17_Z,F17,HI|FC,3,2,751,-138.6870942208916
D:F17_Z,F17,HI|FC,3,3,121,-22.062695196364075
D:F17_Z,F17,HI|LTF,2,2,7413,-882.3826178023883
D:F17_Z,F17,HI|LTF,2,3,360,-42.6575775295496
D:F17_Z,F17,HI|LTF,3,2,1265,-201.05467552365735
D:F17_Z,F17,HI|LTF,3,3,169,-27.597834097687155
D:F17_Z,F17,HI|SW,2,2,5407,-675.307575255225
D:F17_Z,F17,HI|SW,2,3,335,-48.06772154197097
D:F17_Z,F17,HI|SW,3,2,174,-24.022010745480657
D:F17_Z,F17,HI|SW,3,3,113,-21.825748743955046
D:F17_Z,F17,HI|SWH,2,2,6951,-781.2642799173773
D:F17_Z,F17,HI|SWH,2,3,106,-10.077979262918234
D:F17_Z,F17,HI|SWH,3,2,1808,-336.35179841145873
D:F17_Z,F17,HI|SWH,3,3,267,-40.54556712554768
D:F17_Z,F17,T15|FC,0,0,50045,-9255.317123764378
D:F17_Z,F17,T1h|FC,2,2,8255,-1010.7325224220112
D:F17_Z,F17,T30|FC,1,1,21935,-2901.2502201250754
D:F17_Z,F17,T4h|FC,3,3,306,-42.9985403646715
D:F17_Z_HL,F17,ALLINF|FC,0,0,23928,-4997.858840254099
D:F17_Z_HL,F17,ALLINF|FC,0,1,12103,-1714.8250443471334
D:F17_Z_HL,F17,ALLINF|FC,0,2,4828,-506.4895720302593
D:F17_Z_HL,F17,ALLINF|FC,0,3,673,-60.85043574456358
D:F17_Z_HL,F17,ALLINF|FC,1,0,6136,-1116.585085017041
D:F17_Z_HL,F17,ALLINF|FC,1,1,4720,-557.9371421496617
D:F17_Z_HL,F17,ALLINF|FC,1,2,2652,-271.70636719217873
D:F17_Z_HL,F17,ALLINF|FC,1,3,426,-19.714583871653304
D:F17_Z_HL,F17,ALLINF|FC,2,0,3892,-875.5108226650627
D:F17_Z_HL,F17,ALLINF|FC,2,1,2072,-317.51476238516625
D:F17_Z_HL,F17,ALLINF|FC,2,2,1841,-248.6480579894851
D:F17_Z_HL,F17,ALLINF|FC,2,3,489,-25.242619480617577
D:F17_Z_HL,F17,ALLINF|FC,3,0,3076,-664.0963009356055
D:F17_Z_HL,F17,ALLINF|FC,3,1,1201,-141.30911104590632
D:F17_Z_HL,F17,ALLINF|FC,3,2,703,-110.67210207832977
D:F17_Z_HL,F17,ALLINF|FC,3,3,581,-50.55981667677406
D:F17_Z_HL,F17,ALLINF|SWH,0,0,9372,-1614.3099750884357
D:F17_Z_HL,F17,ALLINF|SWH,0,1,757,-91.7406532636378
D:F17_Z_HL,F17,ALLINF|SWH,0,2,261,-31.831641528755426
D:F17_Z_HL,F17,ALLINF|SWH,0,3,13,-4.1514119282364845
D:F17_Z_HL,F17,ALLINF|SWH,1,0,11168,-2133.158063730125
D:F17_Z_HL,F17,ALLINF|SWH,1,1,5787,-623.5239036667626
D:F17_Z_HL,F17,ALLINF|SWH,1,2,542,-41.51987738610478
D:F17_Z_HL,F17,ALLINF|SWH,1,3,37,2.7350584752857685
D:F17_Z_HL,F17,ALLINF|SWH,2,0,12022,-2869.916053255525
D:F17_Z_HL,F17,ALLINF|SWH,2,1,8216,-1304.4008907169336
D:F17_Z_HL,F17,ALLINF|SWH,2,2,4719,-533.5052587482496
D:F17_Z_HL,F17,ALLINF|SWH,2,3,144,-8.711261900141835
D:F17_Z_HL,F17,ALLINF|SWH,3,0,7518,-1640.8795974762033
D:F17_Z_HL,F17,ALLINF|SWH,3,1,3541,-540.3254376545083
D:F17_Z_HL,F17,ALLINF|SWH,3,2,2417,-374.5138278026716
D:F17_Z_HL,F17,ALLINF|SWH,3,3,1262,-104.15053992456524
D:F17_Z_HL,F17,ALL|FC,0,0,24670,-5168.522901036973
D:F17_Z_HL,F17,ALL|FC,0,1,11853,-1767.336203087165
D:F17_Z_HL,F17,ALL|FC,0,2,4135,-510.1603258960531
D:F17_Z_HL,F17,ALL|FC,0,3,156,-29.652916718274355
D:F17_Z_HL,F17,ALL|FC,1,0,6138,-1179.8670668773284
D:F17_Z_HL,F17,ALL|FC,1,1,4522,-567.7501480419887
D:F17_Z_HL,F17,ALL|FC,1,2,2263,-256.83723594111507
D:F17_Z_HL,F17,ALL|FC,1,3,129,-15.618142262101173
D:F17_Z_HL,F17,ALL|FC,2,0,3681,-847.6529560763156
D:F17_Z_HL,F17,ALL|FC,2,1,1886,-291.8688237153692
D:F17_Z_HL,F17,ALL|FC,2,2,1461,-205.62222258740803
D:F17_Z_HL,F17,ALL|FC,2,3,119,-1.412333881482482
D:F17_Z_HL,F17,ALL|FC,3,0,1488,-342.4687035162933
D:F17_Z_HL,F17,ALL|FC,3,1,626,-79.50645561353303
D:F17_Z_HL,F17,ALL|FC,3,2,347,-79.1507082208991
D:F17_Z_HL,F17,ALL|FC,3,3,78,-12.26007972843945
D:F17_Z_HL,F17,ALL|LTF,0,0,18828,-3910.627272313832
D:F17_Z_HL,F17,ALL|LTF,0,1,7482,-1117.3105981246772
D:F17_Z_HL,F17,ALL|LTF,0,2,2543,-309.1247444926412
D:F17_Z_HL,F17,ALL|LTF,0,3,113,-14.997829001396894
D:F17_Z_HL,F17,ALL|LTF,1,0,10452,-2163.6278098536586
D:F17_Z_HL,F17,ALL|LTF,1,1,5612,-735.4912746824557
D:F17_Z_HL,F17,ALL|LTF,1,2,2185,-272.96127344400156
D:F17_Z_HL,F17,ALL|LTF,1,3,125,-13.345895573496819
D:F17_Z_HL,F17,ALL|LTF,2,0,7174,-1565.1520755781094
D:F17_Z_HL,F17,ALL|LTF,2,1,4457,-686.8593356666388
D:F17_Z_HL,F17,ALL|LTF,2,2,2391,-310.2050313584914
D:F17_Z_HL,F17,ALL|LTF,2,3,143,-8.341720456257463
D:F17_Z_HL,F17,ALL|LTF,3,0,1518,-341.1102917850949
D:F17_Z_HL,F17,ALL|LTF,3,1,664,-89.03627693955787
D:F17_Z_HL,F17,ALL|LTF,3,2,397,-87.96261770930141
D:F17_Z_HL,F17,ALL|LTF,3,3,78,-15.46125234104693
D:F17_Z_HL,F17,ALL|SW,0,0,17411,-3293.981565213553
D:F17_Z_HL,F17,ALL|SW,0,1,9468,-1443.0032548758027
D:F17_Z_HL,F17,ALL|SW,0,2,2417,-335.8369707323145
D:F17_Z_HL,F17,ALL|SW,0,3,38,-5.100512098520994
D:F17_Z_HL,F17,ALL|SW,1,0,2031,-422.08432422811165
D:F17_Z_HL,F17,ALL|SW,1,1,4253,-512.6894225513679
D:F17_Z_HL,F17,ALL|SW,1,2,2154,-260.87036484197597
D:F17_Z_HL,F17,ALL|SW,1,3,57,-16.158511713147163
D:F17_Z_HL,F17,ALL|SW,2,0,603,-118.84521566145122
D:F17_Z_HL,F17,ALL|SW,2,1,905,-113.97503934707493
D:F17_Z_HL,F17,ALL|SW,2,2,1732,-240.4955631850753
D:F17_Z_HL,F17,ALL|SW,2,3,106,-24.26007536239922
D:F17_Z_HL,F17,ALL|SW,3,0,36,-2.721842609345913
D:F17_Z_HL,F17,ALL|SW,3,1,47,-9.423819975927472
D:F17_Z_HL,F17,ALL|SW,3,2,90,-17.061362172476947
D:F17_Z_HL,F17,ALL|SW,3,3,89,-11.31423955410719
D:F17_Z_HL,F17,ALL|SWH,0,0,10293,-1688.4437596933349
D:F17_Z_HL,F17,ALL|SWH,0,1,830,-112.46017119870521
D:F17_Z_HL,F17,ALL|SWH,0,2,230,-23.28101946413517
D:F17_Z_HL,F17,ALL|SWH,0,3,7,-3.834388494491577
D:F17_Z_HL,F17,ALL|SWH,1,0,12232,-2386.5044986787125
D:F17_Z_HL,F17,ALL|SWH,1,1,6114,-655.3412669327809
D:F17_Z_HL,F17,ALL|SWH,1,2,529,-57.80193745158613
D:F17_Z_HL,F17,ALL|SWH,1,3,18,-2.629380166530609
D:F17_Z_HL,F17,ALL|SWH,2,0,12955,-3151.816973522975
D:F17_Z_HL,F17,ALL|SWH,2,1,8411,-1438.845157554024
D:F17_Z_HL,F17,ALL|SWH,2,2,4355,-550.5383814805245
D:F17_Z_HL,F17,ALL|SWH,2,3,48,0.57331801392138
D:F17_Z_HL,F17,ALL|SWH,3,0,3347,-903.275362741857
D:F17_Z_HL,F17,ALL|SWH,3,1,1560,-285.4418102942873
D:F17_Z_HL,F17,ALL|SWH,3,2,987,-229.03901602700353
D:F17_Z_HL,F17,ALL|SWH,3,3,199,-29.615536181256175
D:F17_Z_HL,F17,A|FC,0,0,27797,-5934.468794287524
D:F17_Z_HL,F17,A|FC,0,1,13369,-2014.7256985202985
D:F17_Z_HL,F17,A|FC,1,0,6965,-1368.4263386818511
D:F17_Z_HL,F17,A|FC,1,1,5117,-636.255259772588
D:F17_Z_HL,F17,A|LTF,0,0,21963,-4669.184257780718
D:F17_Z_HL,F17,A|LTF,0,1,8642,-1369.41809655026
D:F17_Z_HL,F17,A|LTF,1,0,14747,-3065.9034295211477
D:F17_Z_HL,F17,A|LTF,1,1,8234,-1055.5318330453592
D:F17_Z_HL,F17,A|SW,0,0,17676,-3345.334924190096
D:F17_Z_HL,F17,A|SW,0,1,9775,-1483.6704605678387
D:F17_Z_HL,F17,A|SW,1,0,2116,-445.8925431002863
D:F17_Z_HL,F17,A|SW,1,1,4494,-526.837463350792
D:F17_Z_HL,F17,A|SWH,0,0,13230,-2429.8520358228925
D:F17_Z_HL,F17,A|SWH,0,1,1215,-161.86998029286042
D:F17_Z_HL,F17,A|SWH,1,0,23952,-5425.253180806978
D:F17_Z_HL,F17,A|SWH,1,1,13234,-1878.9714910093462
D:F17_Z_HL,F17,HI|FC,2,2,5257,-706.4777604051924
D:F17_Z_HL,F17,HI|FC,2,3,349,-44.84885776415467
D:F17_Z_HL,F17,HI|FC,3,2,415,-85.94471175130457
D:F17_Z_HL,F17,HI|FC,3,3,101,-17.024586852639914
D:F17_Z_HL,F17,HI|LTF,2,2,5091,-677.7495674755482
D:F17_Z_HL,F17,HI|LTF,2,3,260,-23.25415877252817
D:F17_Z_HL,F17,HI|LTF,3,2,658,-131.2394986837171
D:F17_Z_HL,F17,HI|LTF,3,3,132,-22.128595490008593
D:F17_Z_HL,F17,HI|SW,2,2,3564,-494.3728433367214
D:F17_Z_HL,F17,HI|SW,2,3,215,-37.81546411663294
D:F17_Z_HL,F17,HI|SW,3,2,99,-21.33429168444127
D:F17_Z_HL,F17,HI|SW,3,3,95,-18.384509570896626
D:F17_Z_HL,F17,HI|SWH,2,2,4803,-594.0629100626393
D:F17_Z_HL,F17,HI|SWH,2,3,62,0.3801873680204153
D:F17_Z_HL,F17,HI|SWH,3,2,998,-232.32607107795775
D:F17_Z_HL,F17,HI|SWH,3,3,205,-31.038121657446027
D:F17_Z_HL,F17,T15|FC,0,0,32671,-6922.102412520917
D:F17_Z_HL,F17,T1h|FC,2,2,5480,-760.6415986231586
D:F17_Z_HL,F17,T30|FC,1,1,14046,-1987.4522276859498
D:F17_Z_HL,F17,T4h|FC,3,3,230,-33.7729029674083
D:F1_MOM_DIV,F1,ALLINF|FC,0,0,10455,-1943.9879539450922
D:F1_MOM_DIV,F1,ALLINF|FC,0,1,5029,-694.4155123627133
D:F1_MOM_DIV,F1,ALLINF|FC,0,2,1684,-177.365744787734
D:F1_MOM_DIV,F1,ALLINF|FC,0,3,584,-1.2393496001441235
D:F1_MOM_DIV,F1,ALLINF|FC,1,0,4466,-747.1436872642153
D:F1_MOM_DIV,F1,ALLINF|FC,1,1,3609,-431.1428683674312
D:F1_MOM_DIV,F1,ALLINF|FC,1,2,1810,-125.70980930398218
D:F1_MOM_DIV,F1,ALLINF|FC,1,3,362,-5.2656205564017
D:F1_MOM_DIV,F1,ALLINF|FC,2,0,4379,-902.2716966839507
D:F1_MOM_DIV,F1,ALLINF|FC,2,1,1962,-213.4362500278512
D:F1_MOM_DIV,F1,ALLINF|FC,2,2,1868,-139.0221371400403
D:F1_MOM_DIV,F1,ALLINF|FC,2,3,224,-14.641595907742158
D:F1_MOM_DIV,F1,ALLINF|FC,3,0,1742,-395.2429415266379
D:F1_MOM_DIV,F1,ALLINF|FC,3,1,803,-108.49836814438459
D:F1_MOM_DIV,F1,ALLINF|FC,3,2,407,-42.83874114067294
D:F1_MOM_DIV,F1,ALLINF|FC,3,3,256,7.991238482820336
D:F1_MOM_DIV,F1,ALLINF|SWH,0,0,6177,-1022.4305123435624
D:F1_MOM_DIV,F1,ALLINF|SWH,0,1,532,-63.2024356869515
D:F1_MOM_DIV,F1,ALLINF|SWH,0,2,37,-3.0772642996162176
D:F1_MOM_DIV,F1,ALLINF|SWH,0,3,10,1.392941303551197
D:F1_MOM_DIV,F1,ALLINF|SWH,1,0,3886,-591.0585195604726
D:F1_MOM_DIV,F1,ALLINF|SWH,1,1,3910,-405.1046116927173
D:F1_MOM_DIV,F1,ALLINF|SWH,1,2,290,-21.022334570530802
D:F1_MOM_DIV,F1,ALLINF|SWH,1,3,4,-1.9733021603897214
D:F1_MOM_DIV,F1,ALLINF|SWH,2,0,6580,-1287.1429169414587
D:F1_MOM_DIV,F1,ALLINF|SWH,2,1,3183,-346.02708750044985
D:F1_MOM_DIV,F1,ALLINF|SWH,2,2,2947,-236.5689654374728
D:F1_MOM_DIV,F1,ALLINF|SWH,2,3,26,-2.617681964300573
D:F1_MOM_DIV,F1,ALLINF|SWH,3,0,5512,-1225.5918888736633
D:F1_MOM_DIV,F1,ALLINF|SWH,3,1,2908,-471.5362135795003
D:F1_MOM_DIV,F1,ALLINF|SWH,3,2,1420,-133.93416357587557
D:F1_MOM_DIV,F1,ALLINF|SWH,3,3,712,-4.648268679564353
D:F1_MOM_DIV,F1,ALL|FC,0,0,10901,-1981.516901852534
D:F1_MOM_DIV,F1,ALL|FC,0,1,5014,-724.3476011771563
D:F1_MOM_DIV,F1,ALL|FC,0,2,1428,-147.78319816535804
D:F1_MOM_DIV,F1,ALL|FC,0,3,112,-4.326417528092861
D:F1_MOM_DIV,F1,ALL|FC,1,0,4494,-760.6804077795023
D:F1_MOM_DIV,F1,ALL|FC,1,1,3367,-397.72063278293354
D:F1_MOM_DIV,F1,ALL|FC,1,2,1458,-127.4942112036515
D:F1_MOM_DIV,F1,ALL|FC,1,3,72,-2.0998502392321825
D:F1_MOM_DIV,F1,ALL|FC,2,0,4079,-963.8284244013485
D:F1_MOM_DIV,F1,ALL|FC,2,1,1757,-205.185355373309
D:F1_MOM_DIV,F1,ALL|FC,2,2,1351,-90.70512057456654
D:F1_MOM_DIV,F1,ALL|FC,2,3,44,-8.461918832734227
D:F1_MOM_DIV,F1,ALL|FC,3,0,651,-199.36340448411647
D:F1_MOM_DIV,F1,ALL|FC,3,1,295,-43.37748537759762
D:F1_MOM_DIV,F1,ALL|FC,3,2,118,-21.702042700722814
D:F1_MOM_DIV,F1,ALL|FC,3,3,24,2.7800260558724403
D:F1_MOM_DIV,F1,ALL|LTF,0,0,10539,-1889.0991730550013
D:F1_MOM_DIV,F1,ALL|LTF,0,1,4682,-685.112574892104
D:F1_MOM_DIV,F1,ALL|LTF,0,2,1282,-115.20788787363563
D:F1_MOM_DIV,F1,ALL|LTF,0,3,103,-2.8212869688868523
D:F1_MOM_DIV,F1,ALL|LTF,1,0,4592,-790.0482179378196
D:F1_MOM_DIV,F1,ALL|LTF,1,1,3393,-395.695073607174
D:F1_MOM_DIV,F1,ALL|LTF,1,2,1386,-121.12236356106587
D:F1_MOM_DIV,F1,ALL|LTF,1,3,64,-3.591432439163327
D:F1_MOM_DIV,F1,ALL|LTF,2,0,4490,-1037.0480986719485
D:F1_MOM_DIV,F1,ALL|LTF,2,1,1966,-220.5463320283452
D:F1_MOM_DIV,F1,ALL|LTF,2,2,1452,-99.34489241603296
D:F1_MOM_DIV,F1,ALL|LTF,2,3,45,-8.333215342834592
D:F1_MOM_DIV,F1,ALL|LTF,3,0,744,-215.30479714705143
D:F1_MOM_DIV,F1,ALL|LTF,3,1,366,-64.53480804886203
D:F1_MOM_DIV,F1,ALL|LTF,3,2,155,-16.629539320245385
D:F1_MOM_DIV,F1,ALL|LTF,3,3,26,3.357637070119381
D:F1_MOM_DIV,F1,ALL|SW,0,0,7575,-1373.4593027933151
D:F1_MOM_DIV,F1,ALL|SW,0,1,1788,-255.15530404797755
D:F1_MOM_DIV,F1,ALL|SW,0,2,299,-24.314129455946386
D:F1_MOM_DIV,F1,ALL|SW,0,3,27,-0.6222457401454449
D:F1_MOM_DIV,F1,ALL|SW,1,0,528,-83.8351874074433
D:F1_MOM_DIV,F1,ALL|SW,1,1,3318,-355.54880028252956
D:F1_MOM_DIV,F1,ALL|SW,1,2,430,-52.14546395139769
D:F1_MOM_DIV,F1,ALL|SW,1,3,14,1.9442816525697708
D:F1_MOM_DIV,F1,ALL|SW,2,0,333,-16.834993472672068
D:F1_MOM_DIV,F1,ALL|SW,2,1,207,-18.705100319581106
D:F1_MOM_DIV,F1,ALL|SW,2,2,1389,-96.61543244787026
D:F1_MOM_DIV,F1,ALL|SW,2,3,11,-3.988402381539345
D:F1_MOM_DIV,F1,ALL|SW,3,0,47,-9.81409539654851
D:F1_MOM_DIV,F1,ALL|SW,3,1,22,-6.833656180649996
D:F1_MOM_DIV,F1,ALL|SW,3,2,23,-4.412080148234963
D:F1_MOM_DIV,F1,ALL|SW,3,3,36,1.1479338258504868
D:F1_MOM_DIV,F1,ALL|SWH,0,0,7003,-1174.815542031225
D:F1_MOM_DIV,F1,ALL|SWH,0,1,625,-79.74461414548568
D:F1_MOM_DIV,F1,ALL|SWH,0,2,43,-7.171219520270824
D:F1_MOM_DIV,F1,ALL|SWH,0,3,4,1.5825461149215698
D:F1_MOM_DIV,F1,ALL|SWH,1,0,4775,-766.8134392515421
D:F1_MOM_DIV,F1,ALL|SWH,1,1,4250,-453.75282394865644
D:F1_MOM_DIV,F1,ALL|SWH,1,2,313,-21.37528039049357
D:F1_MOM_DIV,F1,ALL|SWH,2,0,7150,-1487.1697144579048
D:F1_MOM_DIV,F1,ALL|SWH,2,1,3335,-451.65767124037666
D:F1_MOM_DIV,F1,ALL|SWH,2,2,2437,-198.7498125344282
D:F1_MOM_DIV,F1,ALL|SWH,2,3,17,-0.09323541820049286
D:F1_MOM_DIV,F1,ALL|SWH,3,0,2122,-573.3125895729754
D:F1_MOM_DIV,F1,ALL|SWH,3,1,1080,-211.70549818116706
D:F1_MOM_DIV,F1,ALL|SWH,3,2,517,-67.43498190306127
D:F1_MOM_DIV,F1,ALL|SWH,3,3,68,-1.8936347104609013
D:F1_MOM_DIV,F1,A|FC,0,0,13286,-2606.7485774731904
D:F1_MOM_DIV,F1,A|FC,0,1,6061,-848.9103140799125
D:F1_MOM_DIV,F1,A|FC,1,0,5456,-1005.5182172275963
D:F1_MOM_DIV,F1,A|FC,1,1,3875,-457.62407376721967
D:F1_MOM_DIV,F1,A|LTF,0,0,13056,-2551.3549502775713
D:F1_MOM_DIV,F1,A|LTF,0,1,5764,-813.5991917928477
D:F1_MOM_DIV,F1,A|LTF,1,0,5858,-1098.941868579448
D:F1_MOM_DIV,F1,A|LTF,1,1,4051,-480.06412270024884
D:F1_MOM_DIV,F1,A|SW,0,0,7672,-1385.5528016416938
D:F1_MOM_DIV,F1,A|SW,0,1,1915,-284.2759661283344
D:F1_MOM_DIV,F1,A|SW,1,0,576,-86.64128231315408
D:F1_MOM_DIV,F1,A|SW,1,1,3328,-348.21466846379917
D:F1_MOM_DIV,F1,A|SWH,0,0,9602,-1776.3767256975698
D:F1_MOM_DIV,F1,A|SWH,0,1,922,-139.89837451126368
D:F1_MOM_DIV,F1,A|SWH,1,0,9627,-1845.0512860112904
D:F1_MOM_DIV,F1,A|SWH,1,1,6931,-918.5586778273864
D:F1_MOM_DIV,F1,HI|FC,2,2,2756,-230.8799416119
D:F1_MOM_DIV,F1,HI|FC,2,3,101,-13.701644597575068
D:F1_MOM_DIV,F1,HI|FC,3,2,360,-44.68069709837437
D:F1_MOM_DIV,F1,HI|FC,3,3,53,5.041269093751907
D:F1_MOM_DIV,F1,HI|LTF,2,2,2743,-227.82251313549932
D:F1_MOM_DIV,F1,HI|LTF,2,3,95,-8.033875910565257
D:F1_MOM_DIV,F1,HI|LTF,3,2,385,-41.74570603389293
D:F1_MOM_DIV,F1,HI|LTF,3,3,51,4.293007254600525
D:F1_MOM_DIV,F1,HI|SW,2,2,1598,-127.15520132996608
D:F1_MOM_DIV,F1,HI|SW,2,3,22,-2.7193932235240936
D:F1_MOM_DIV,F1,HI|SW,3,2,37,-2.528891960158944
D:F1_MOM_DIV,F1,HI|SW,3,3,39,0.40928852558135986
D:F1_MOM_DIV,F1,HI|SWH,2,2,2638,-203.17066801467445
D:F1_MOM_DIV,F1,HI|SWH,2,3,18,0.7225967198610306
D:F1_MOM_DIV,F1,HI|SWH,3,2,519,-66.52234890125692
D:F1_MOM_DIV,F1,HI|SWH,3,3,68,-1.8936347104609013
D:F1_MOM_DIV,F1,T15|FC,0,0,16685,-3274.009485752351
D:F1_MOM_DIV,F1,T1h|FC,2,2,2936,-250.64721217320766
D:F1_MOM_DIV,F1,T30|FC,1,1,7528,-938.600991580548
D:F1_MOM_DIV,F1,T4h|FC,3,3,70,-1.3968049325048923
D:F1_PVT_DIV,F1,ALLINF|FC,0,0,5861,-1234.9923481213045
D:F1_PVT_DIV,F1,ALLINF|FC,0,1,3227,-544.1674166530138
D:F1_PVT_DIV,F1,ALLINF|FC,0,2,1082,-91.18691617669538
D:F1_PVT_DIV,F1,ALLINF|FC,0,3,298,-18.683022310608067
D:F1_PVT_DIV,F1,ALLINF|FC,1,0,2310,-540.4458598801866
D:F1_PVT_DIV,F1,ALLINF|FC,1,1,1569,-179.88241756714706
D:F1_PVT_DIV,F1,ALLINF|FC,1,2,874,-43.987420006422326
D:F1_PVT_DIV,F1,ALLINF|FC,1,3,120,2.672433650121093
D:F1_PVT_DIV,F1,ALLINF|FC,2,0,2335,-490.9752009699587
D:F1_PVT_DIV,F1,ALLINF|FC,2,1,1053,-146.23270273506205
D:F1_PVT_DIV,F1,ALLINF|FC,2,2,859,-73.99768132413737
D:F1_PVT_DIV,F1,ALLINF|FC,2,3,181,2.8178200190886855
D:F1_PVT_DIV,F1,ALLINF|FC,3,0,1073,-196.0092576421448
D:F1_PVT_DIV,F1,ALLINF|FC,3,1,499,-63.39715856825933
D:F1_PVT_DIV,F1,ALLINF|FC,3,2,248,-40.488978379406035
D:F1_PVT_DIV,F1,ALLINF|FC,3,3,139,-4.598735326901078
D:F1_PVT_DIV,F1,ALLINF|SWH,0,0,3729,-688.2230178800528
D:F1_PVT_DIV,F1,ALLINF|SWH,0,1,636,-64.2552712445613
D:F1_PVT_DIV,F1,ALLINF|SWH,0,2,39,-5.058199238032103
D:F1_PVT_DIV,F1,ALLINF|SWH,0,3,18,-5.117925681173801
D:F1_PVT_DIV,F1,ALLINF|SWH,1,0,2377,-502.6341448519379
D:F1_PVT_DIV,F1,ALLINF|SWH,1,1,1951,-260.58149423512805
D:F1_PVT_DIV,F1,ALLINF|SWH,1,2,285,-27.88537680823356
D:F1_PVT_DIV,F1,ALLINF|SWH,1,3,10,0.8413524823263288
D:F1_PVT_DIV,F1,ALLINF|SWH,2,0,3577,-777.575762572349
D:F1_PVT_DIV,F1,ALLINF|SWH,2,1,1627,-275.0048678019157
D:F1_PVT_DIV,F1,ALLINF|SWH,2,2,1314,-99.29814621258993
D:F1_PVT_DIV,F1,ALLINF|SWH,2,3,24,-1.291509635746479
D:F1_PVT_DIV,F1,ALLINF|SWH,3,0,2574,-610.2789627671591
D:F1_PVT_DIV,F1,ALLINF|SWH,3,1,1329,-232.42663165536942
D:F1_PVT_DIV,F1,ALLINF|SWH,3,2,674,-85.29608290398028
D:F1_PVT_DIV,F1,ALLINF|SWH,3,3,328,-8.319754571188241
D:F1_PVT_DIV,F1,ALL|FC,0,0,6145,-1276.6749518011347
D:F1_PVT_DIV,F1,ALL|FC,0,1,3239,-523.4184564869502
D:F1_PVT_DIV,F1,ALL|FC,0,2,930,-82.83747665118426
D:F1_PVT_DIV,F1,ALL|FC,0,3,68,-8.057777032256126
D:F1_PVT_DIV,F1,ALL|FC,1,0,2268,-537.5248867886257
D:F1_PVT_DIV,F1,ALL|FC,1,1,1456,-183.53318874620163
D:F1_PVT_DIV,F1,ALL|FC,1,2,710,-37.093380064936355
D:F1_PVT_DIV,F1,ALL|FC,1,3,34,-0.2637794129550457
D:F1_PVT_DIV,F1,ALL|FC,2,0,2110,-472.6889290090767
D:F1_PVT_DIV,F1,ALL|FC,2,1,934,-137.3840662065195
D:F1_PVT_DIV,F1,ALL|FC,2,2,613,-57.798250291496515
D:F1_PVT_DIV,F1,ALL|FC,2,3,28,1.1941547840833664
D:F1_PVT_DIV,F1,ALL|FC,3,0,432,-114.14184617437422
D:F1_PVT_DIV,F1,ALL|FC,3,1,198,-58.20013440772891
D:F1_PVT_DIV,F1,ALL|FC,3,2,116,-34.65197850950062
D:F1_PVT_DIV,F1,ALL|FC,3,3,23,-4.392939092591405
D:F1_PVT_DIV,F1,ALL|LTF,0,0,6016,-1245.8632515040808
D:F1_PVT_DIV,F1,ALL|LTF,0,1,3084,-471.544788062165
D:F1_PVT_DIV,F1,ALL|LTF,0,2,866,-76.46130822878331
D:F1_PVT_DIV,F1,ALL|LTF,0,3,64,-8.299001023173332
D:F1_PVT_DIV,F1,ALL|LTF,1,0,2394,-563.3056240210426
D:F1_PVT_DIV,F1,ALL|LTF,1,1,1491,-196.305713363814
D:F1_PVT_DIV,F1,ALL|LTF,1,2,693,-46.23420412209816
D:F1_PVT_DIV,F1,ALL|LTF,1,3,33,-1.6249636076390743
D:F1_PVT_DIV,F1,ALL|LTF,2,0,2237,-504.50678296462866
D:F1_PVT_DIV,F1,ALL|LTF,2,1,1011,-154.27122252539266
D:F1_PVT_DIV,F1,ALL|LTF,2,2,629,-51.83961831405759
D:F1_PVT_DIV,F1,ALL|LTF,2,3,29,1.0426839739084244
D:F1_PVT_DIV,F1,ALL|LTF,3,0,452,-113.15807707048953
D:F1_PVT_DIV,F1,ALL|LTF,3,1,210,-58.09180016443133
D:F1_PVT_DIV,F1,ALL|LTF,3,2,126,-32.899814592674375
D:F1_PVT_DIV,F1,ALL|LTF,3,3,24,-4.20807789452374
D:F1_PVT_DIV,F1,ALL|SW,0,0,3711,-673.1857651135651
D:F1_PVT_DIV,F1,ALL|SW,0,1,1603,-247.87572317023296
D:F1_PVT_DIV,F1,ALL|SW,0,2,206,2.7471448546275496
D:F1_PVT_DIV,F1,ALL|SW,0,3,11,-2.7987726777791977
D:F1_PVT_DIV,F1,ALL|SW,1,0,217,-71.35163150937296
D:F1_PVT_DIV,F1,ALL|SW,1,1,1445,-205.01544871915394
D:F1_PVT_DIV,F1,ALL|SW,1,2,326,-56.14098456699867
D:F1_PVT_DIV,F1,ALL|SW,1,3,8,-2.213473856449127
D:F1_PVT_DIV,F1,ALL|SW,2,0,199,-50.934210892766714
D:F1_PVT_DIV,F1,ALL|SW,2,1,86,-18.143717415630817
D:F1_PVT_DIV,F1,ALL|SW,2,2,581,-56.96388921607286
D:F1_PVT_DIV,F1,ALL|SW,2,3,4,-3.126337379217148
D:F1_PVT_DIV,F1,ALL|SW,3,0,18,-5.415885873138905
D:F1_PVT_DIV,F1,ALL|SW,3,1,10,-1.2057685581967235
D:F1_PVT_DIV,F1,ALL|SW,3,2,18,-4.9043105859309435
D:F1_PVT_DIV,F1,ALL|SW,3,3,31,0.589201083406806
D:F1_PVT_DIV,F1,ALL|SWH,0,0,4182,-809.3038661864703
D:F1_PVT_DIV,F1,ALL|SWH,0,1,700,-60.12917646556161
D:F1_PVT_DIV,F1,ALL|SWH,0,2,47,-5.292626071721315
D:F1_PVT_DIV,F1,ALL|SWH,0,3,7,-3.6538477912545204
D:F1_PVT_DIV,F1,ALL|SWH,1,0,2711,-565.7405146775418
D:F1_PVT_DIV,F1,ALL|SWH,1,1,2041,-310.42283222001424
D:F1_PVT_DIV,F1,ALL|SWH,1,2,283,-33.66455995198339
D:F1_PVT_DIV,F1,ALL|SWH,1,3,1,0.27596011757850647
D:F1_PVT_DIV,F1,ALL|SWH,2,0,3717,-863.3979334553587
D:F1_PVT_DIV,F1,ALL|SWH,2,1,1660,-295.02352458122186
D:F1_PVT_DIV,F1,ALL|SWH,2,2,1055,-94.54553871974349
D:F1_PVT_DIV,F1,ALL|SWH,2,3,15,2.811590254306793
D:F1_PVT_DIV,F1,ALL|SWH,3,0,912,-281.09956630598754
D:F1_PVT_DIV,F1,ALL|SWH,3,1,443,-113.53059727419168
D:F1_PVT_DIV,F1,ALL|SWH,3,2,262,-62.82463391683996
D:F1_PVT_DIV,F1,ALL|SWH,3,3,46,-4.008554236963391
D:F1_PVT_DIV,F1,A|FC,0,0,7271,-1530.4522124012583
D:F1_PVT_DIV,F1,A|FC,0,1,3813,-648.7425174522796
D:F1_PVT_DIV,F1,A|FC,1,0,2723,-658.2029502445948
D:F1_PVT_DIV,F1,A|FC,1,1,1694,-211.13003111340367
D:F1_PVT_DIV,F1,A|LTF,0,0,7146,-1492.5377408159547
D:F1_PVT_DIV,F1,A|LTF,0,1,3636,-585.4415810513892
D:F1_PVT_DIV,F1,A|LTF,1,0,2974,-733.1953281404567
D:F1_PVT_DIV,F1,A|LTF,1,1,1785,-249.94233214564883
D:F1_PVT_DIV,F1,A|SW,0,0,3770,-686.9019347111462
D:F1_PVT_DIV,F1,A|SW,0,1,1691,-260.66014220484067
D:F1_PVT_DIV,F1,A|SW,1,0,228,-73.23109641880728
D:F1_PVT_DIV,F1,A|SW,1,1,1445,-202.38751791034156
D:F1_PVT_DIV,F1,A|SWH,0,0,5441,-1040.0457190813613
D:F1_PVT_DIV,F1,A|SWH,0,1,932,-113.17348586837761
D:F1_PVT_DIV,F1,A|SWH,1,0,4851,-1198.6808490814292
D:F1_PVT_DIV,F1,A|SWH,1,1,3097,-522.1592558515622
D:F1_PVT_DIV,F1,HI|FC,2,2,1241,-119.13064636965282
D:F1_PVT_DIV,F1,HI|FC,2,3,63,0.4657486751675606
D:F1_PVT_DIV,F1,HI|FC,3,2,197,-46.401868311688304
D:F1_PVT_DIV,F1,HI|FC,3,3,39,-5.599666120484471
D:F1_PVT_DIV,F1,HI|LTF,2,2,1232,-119.22416066308506
D:F1_PVT_DIV,F1,HI|LTF,2,3,58,2.01132383197546
D:F1_PVT_DIV,F1,HI|LTF,3,2,212,-47.358627593144774
D:F1_PVT_DIV,F1,HI|LTF,3,3,39,-5.599666120484471
D:F1_PVT_DIV,F1,HI|SW,2,2,675,-65.8348251869902
D:F1_PVT_DIV,F1,HI|SW,2,3,17,0.5929974317550659
D:F1_PVT_DIV,F1,HI|SW,3,2,26,-3.6452976632863283
D:F1_PVT_DIV,F1,HI|SW,3,3,33,1.1209483202546835
D:F1_PVT_DIV,F1,HI|SWH,2,2,1191,-108.64937511761673
D:F1_PVT_DIV,F1,HI|SWH,2,3,14,2.5911623686552048
D:F1_PVT_DIV,F1,HI|SWH,3,2,270,-64.22255300544202
D:F1_PVT_DIV,F1,HI|SWH,3,3,48,-3.5401870328933
D:F1_PVT_DIV,F1,T15|FC,0,0,8734,-1887.0803235182539
D:F1_PVT_DIV,F1,T1h|FC,2,2,1337,-144.72826684103347
D:F1_PVT_DIV,F1,T30|FC,1,1,3546,-534.8586434009849
D:F1_PVT_DIV,F1,T4h|FC,3,3,52,-2.203694583848119
D:F1_RSI_DIV,F1,ALLINF|FC,0,0,8062,-1464.434191465305
D:F1_RSI_DIV,F1,ALLINF|FC,0,1,4405,-611.697799640926
D:F1_RSI_DIV,F1,ALLINF|FC,0,2,1387,-104.03688112628879
D:F1_RSI_DIV,F1,ALLINF|FC,0,3,486,7.146396001102403
D:F1_RSI_DIV,F1,ALLINF|FC,1,0,2871,-536.6421858709073
D:F1_RSI_DIV,F1,ALLINF|FC,1,1,2321,-244.53864800455642
D:F1_RSI_DIV,F1,ALLINF|FC,1,2,1395,-134.04574223514646
D:F1_RSI_DIV,F1,ALLINF|FC,1,3,210,-5.7340828339183645
D:F1_RSI_DIV,F1,ALLINF|FC,2,0,2860,-523.6037868754938
D:F1_RSI_DIV,F1,ALLINF|FC,2,1,1221,-160.87027100403793
D:F1_RSI_DIV,F1,ALLINF|FC,2,2,1257,-93.67699128459208
D:F1_RSI_DIV,F1,ALLINF|FC,2,3,220,-28.391884750220925
D:F1_RSI_DIV,F1,ALLINF|FC,3,0,1476,-323.8335780928028
D:F1_RSI_DIV,F1,ALLINF|FC,3,1,688,-102.18899273034185
D:F1_RSI_DIV,F1,ALLINF|FC,3,2,351,-45.04810309968889
D:F1_RSI_DIV,F1,ALLINF|FC,3,3,213,-8.1970029566437
D:F1_RSI_DIV,F1,ALLINF|SWH,0,0,5011,-808.594453116646
D:F1_RSI_DIV,F1,ALLINF|SWH,0,1,727,-105.07148791849613
D:F1_RSI_DIV,F1,ALLINF|SWH,0,2,41,-0.5694364048540592
D:F1_RSI_DIV,F1,ALLINF|SWH,0,3,4,-0.6483973786234856
D:F1_RSI_DIV,F1,ALLINF|SWH,1,0,2876,-517.6243177071447
D:F1_RSI_DIV,F1,ALLINF|SWH,1,1,2915,-324.9148166996748
D:F1_RSI_DIV,F1,ALLINF|SWH,1,2,366,-26.217687197960913
D:F1_RSI_DIV,F1,ALLINF|SWH,1,3,7,-0.07652608305215836
D:F1_RSI_DIV,F1,ALLINF|SWH,2,0,4324,-822.4279712925454
D:F1_RSI_DIV,F1,ALLINF|SWH,2,1,2098,-283.28175528277643
D:F1_RSI_DIV,F1,ALLINF|SWH,2,2,2066,-168.26975973777007
D:F1_RSI_DIV,F1,ALLINF|SWH,2,3,33,-8.15473098307848
D:F1_RSI_DIV,F1,ALLINF|SWH,3,0,3954,-879.8251065299992
D:F1_RSI_DIV,F1,ALLINF|SWH,3,1,1968,-304.8441863564367
D:F1_RSI_DIV,F1,ALLINF|SWH,3,2,961,-100.13339868187904
D:F1_RSI_DIV,F1,ALLINF|SWH,3,3,534,-11.711997334263287
D:F1_RSI_DIV,F1,ALL|FC,0,0,8386,-1528.4861929537
D:F1_RSI_DIV,F1,ALL|FC,0,1,4415,-643.5117915286537
D:F1_RSI_DIV,F1,ALL|FC,0,2,1189,-91.4061798635521
D:F1_RSI_DIV,F1,ALL|FC,0,3,98,2.368367724120617
D:F1_RSI_DIV,F1,ALL|FC,1,0,2887,-565.3232884101453
D:F1_RSI_DIV,F1,ALL|FC,1,1,2132,-234.17268778468144
D:F1_RSI_DIV,F1,ALL|FC,1,2,1106,-120.87349149468355
D:F1_RSI_DIV,F1,ALL|FC,1,3,43,-3.4666470466181636
D:F1_RSI_DIV,F1,ALL|FC,2,0,2571,-520.620762818493
D:F1_RSI_DIV,F1,ALL|FC,2,1,1076,-147.68137100257445
D:F1_RSI_DIV,F1,ALL|FC,2,2,827,-60.20134805236012
D:F1_RSI_DIV,F1,ALL|FC,2,3,38,-7.856965959072113
D:F1_RSI_DIV,F1,ALL|FC,3,0,553,-173.88540417980403
D:F1_RSI_DIV,F1,ALL|FC,3,1,247,-74.25101799890399
D:F1_RSI_DIV,F1,ALL|FC,3,2,140,-25.845266418531537
D:F1_RSI_DIV,F1,ALL|FC,3,3,27,-4.316001303493977
D:F1_RSI_DIV,F1,ALL|LTF,0,0,8155,-1486.742893395989
D:F1_RSI_DIV,F1,ALL|LTF,0,1,4183,-595.0358907338086
D:F1_RSI_DIV,F1,ALL|LTF,0,2,1103,-92.82924263208406
D:F1_RSI_DIV,F1,ALL|LTF,0,3,97,3.4340860173106194
D:F1_RSI_DIV,F1,ALL|LTF,1,0,3086,-597.8084914072788
D:F1_RSI_DIV,F1,ALL|LTF,1,1,2192,-245.0801005465038
D:F1_RSI_DIV,F1,ALL|LTF,1,2,1072,-114.19393833423965
D:F1_RSI_DIV,F1,ALL|LTF,1,3,42,-2.2507673827931285
D:F1_RSI_DIV,F1,ALL|LTF,2,0,2750,-566.309085229761
D:F1_RSI_DIV,F1,ALL|LTF,2,1,1187,-165.47556771861855
D:F1_RSI_DIV,F1,ALL|LTF,2,2,872,-69.47292819153517
D:F1_RSI_DIV,F1,ALL|LTF,2,3,36,-6.90529491007328
D:F1_RSI_DIV,F1,ALL|LTF,3,0,586,-181.69709361344576
D:F1_RSI_DIV,F1,ALL|LTF,3,1,271,-79.40277652814984
D:F1_RSI_DIV,F1,ALL|LTF,3,2,159,-22.599569829180837
D:F1_RSI_DIV,F1,ALL|LTF,3,3,26,-5.585607655346394
D:F1_RSI_DIV,F1,ALL|SW,0,0,5341,-951.9671194440598
D:F1_RSI_DIV,F1,ALL|SW,0,1,1978,-312.09627899038605
D:F1_RSI_DIV,F1,ALL|SW,0,2,221,-2.1743521216558293
D:F1_RSI_DIV,F1,ALL|SW,0,3,12,-0.14682354032993317
D:F1_RSI_DIV,F1,ALL|SW,1,0,385,-55.141982845263556
D:F1_RSI_DIV,F1,ALL|SW,1,1,2218,-263.5279010522572
D:F1_RSI_DIV,F1,ALL|SW,1,2,424,-61.82234524842352
D:F1_RSI_DIV,F1,ALL|SW,1,3,10,-1.8939244747161865
D:F1_RSI_DIV,F1,ALL|SW,2,0,243,-32.902408841997385
D:F1_RSI_DIV,F1,ALL|SW,2,1,141,-14.952380746603012
D:F1_RSI_DIV,F1,ALL|SW,2,2,964,-93.19738789414987
D:F1_RSI_DIV,F1,ALL|SW,2,3,6,-1.1423102617263794
D:F1_RSI_DIV,F1,ALL|SW,3,0,27,-11.04177225381136
D:F1_RSI_DIV,F1,ALL|SW,3,1,27,-8.024318567477167
D:F1_RSI_DIV,F1,ALL|SW,3,2,20,0.055997930467128754
D:F1_RSI_DIV,F1,ALL|SW,3,3,34,-0.2797660445794463
D:F1_RSI_DIV,F1,ALL|SWH,0,0,5637,-907.933476040067
D:F1_RSI_DIV,F1,ALL|SWH,0,1,834,-130.94128705887124
D:F1_RSI_DIV,F1,ALL|SWH,0,2,47,-1.7072750143706799
D:F1_RSI_DIV,F1,ALL|SWH,0,3,3,-0.5393401086330414
D:F1_RSI_DIV,F1,ALL|SWH,1,0,3411,-635.1576642938307
D:F1_RSI_DIV,F1,ALL|SWH,1,1,2976,-371.16826642981334
D:F1_RSI_DIV,F1,ALL|SWH,1,2,356,-31.95475139375776
D:F1_RSI_DIV,F1,ALL|SWH,1,3,3,-0.08797681331634521
D:F1_RSI_DIV,F1,ALL|SWH,2,0,4626,-981.6955226320679
D:F1_RSI_DIV,F1,ALL|SWH,2,1,2198,-320.8077193875797
D:F1_RSI_DIV,F1,ALL|SWH,2,2,1623,-139.76918453921098
D:F1_RSI_DIV,F1,ALL|SWH,2,3,19,-3.27947935461998
D:F1_RSI_DIV,F1,ALL|SWH,3,0,1462,-406.6255794559838
D:F1_RSI_DIV,F1,ALL|SWH,3,1,701,-151.51978635624982
D:F1_RSI_DIV,F1,ALL|SWH,3,2,332,-46.343956975732
D:F1_RSI_DIV,F1,ALL|SWH,3,3,56,-4.831917165778577
D:F1_RSI_DIV,F1,A|FC,0,0,9985,-1913.2684654795303
D:F1_RSI_DIV,F1,A|FC,0,1,5225,-796.9851244013844
D:F1_RSI_DIV,F1,A|FC,1,0,3266,-664.0314163178555
D:F1_RSI_DIV,F1,A|FC,1,1,2323,-272.8593049141638
D:F1_RSI_DIV,F1,A|LTF,0,0,9821,-1872.8467870473833
D:F1_RSI_DIV,F1,A|LTF,0,1,4967,-747.565678954692
D:F1_RSI_DIV,F1,A|LTF,1,0,3576,-732.4786244794632
D:F1_RSI_DIV,F1,A|LTF,1,1,2475,-298.0284394993506
D:F1_RSI_DIV,F1,A|SW,0,0,5413,-966.5124194658274
D:F1_RSI_DIV,F1,A|SW,0,1,2099,-327.29749153531156
D:F1_RSI_DIV,F1,A|SW,1,0,412,-53.32061361451633
D:F1_RSI_DIV,F1,A|SW,1,1,2219,-256.61619297297875
D:F1_RSI_DIV,F1,A|SWH,0,0,7493,-1335.515406518054
D:F1_RSI_DIV,F1,A|SWH,0,1,1173,-201.68041960988194
D:F1_RSI_DIV,F1,A|SWH,1,0,6159,-1285.7770164599606
D:F1_RSI_DIV,F1,A|SWH,1,1,4505,-622.8998517280125
D:F1_RSI_DIV,F1,HI|FC,2,2,1886,-162.37564404367004
D:F1_RSI_DIV,F1,HI|FC,2,3,85,-11.153966888785362
D:F1_RSI_DIV,F1,HI|FC,3,2,237,-41.05857112258673
D:F1_RSI_DIV,F1,HI|FC,3,3,48,-3.0722832372412086
D:F1_RSI_DIV,F1,HI|LTF,2,2,1877,-163.19019559083972
D:F1_RSI_DIV,F1,HI|LTF,2,3,81,-9.274529755115509
D:F1_RSI_DIV,F1,HI|LTF,3,2,256,-33.50930131971836
D:F1_RSI_DIV,F1,HI|LTF,3,3,48,-3.0722832372412086
D:F1_RSI_DIV,F1,HI|SW,2,2,1121,-95.96483307378367
D:F1_RSI_DIV,F1,HI|SW,2,3,27,-6.9355054050683975
D:F1_RSI_DIV,F1,HI|SW,3,2,28,-3.6791018173098564
D:F1_RSI_DIV,F1,HI|SW,3,3,33,-1.9984460389241576
D:F1_RSI_DIV,F1,HI|SWH,2,2,1823,-151.39461629663128
D:F1_RSI_DIV,F1,HI|SWH,2,3,24,-3.233762636780739
D:F1_RSI_DIV,F1,HI|SWH,3,2,333,-51.3456956432201
D:F1_RSI_DIV,F1,HI|SWH,3,3,56,-3.779430671595037
D:F1_RSI_DIV,F1,T15|FC,0,0,11780,-2355.08176647003
D:F1_RSI_DIV,F1,T1h|FC,2,2,1995,-184.81413710361812
D:F1_RSI_DIV,F1,T30|FC,1,1,5188,-754.5248751616019
D:F1_RSI_DIV,F1,T4h|FC,3,3,59,-3.1617982080206275
D:F2_DEMARK,F2,ALLINF|FC,0,0,21653,-4092.185687037265
D:F2_DEMARK,F2,ALLINF|FC,0,1,19911,-2664.875491429506
D:F2_DEMARK,F2,ALLINF|FC,0,2,13309,-1347.6540305155613
D:F2_DEMARK,F2,ALLINF|FC,0,3,5400,-219.76706481722795
D:F2_DEMARK,F2,ALLINF|FC,1,0,2196,-472.7052492837829
D:F2_DEMARK,F2,ALLINF|FC,1,1,1677,-208.36823903978802
D:F2_DEMARK,F2,ALLINF|FC,1,2,1715,-154.36992613071925
D:F2_DEMARK,F2,ALLINF|FC,1,3,850,-41.27750247970107
D:F2_DEMARK,F2,ALLINF|FC,2,0,4608,-790.3742669523344
D:F2_DEMARK,F2,ALLINF|FC,2,1,3313,-435.3792225586167
D:F2_DEMARK,F2,ALLINF|FC,2,2,2580,-222.49474249105515
D:F2_DEMARK,F2,ALLINF|FC,2,3,1689,-23.705663897038903
D:F2_DEMARK,F2,ALLINF|FC,3,0,10633,-1954.714625809458
D:F2_DEMARK,F2,ALLINF|FC,3,1,7563,-1000.0406280300231
D:F2_DEMARK,F2,ALLINF|FC,3,2,5447,-507.4125226624892
D:F2_DEMARK,F2,ALLINF|FC,3,3,3155,-102.28053833077138
D:F2_DEMARK,F2,ALLINF|SWH,0,0,2187,-388.69150181359146
D:F2_DEMARK,F2,ALLINF|SWH,0,1,1728,-151.87135708989808
D:F2_DEMARK,F2,ALLINF|SWH,0,2,1175,-79.39199405454565
D:F2_DEMARK,F2,ALLINF|SWH,0,3,355,-13.058042032644153
D:F2_DEMARK,F2,ALLINF|SWH,1,0,4136,-694.4374583297758
D:F2_DEMARK,F2,ALLINF|SWH,1,1,1546,-200.906735539902
D:F2_DEMARK,F2,ALLINF|SWH,1,2,947,-141.83307271642843
D:F2_DEMARK,F2,ALLINF|SWH,1,3,295,-18.53856872790493
D:F2_DEMARK,F2,ALLINF|SWH,2,0,8661,-1407.470061694119
D:F2_DEMARK,F2,ALLINF|SWH,2,1,6891,-863.2474058597945
D:F2_DEMARK,F2,ALLINF|SWH,2,2,3421,-277.8275566461489
D:F2_DEMARK,F2,ALLINF|SWH,2,3,581,-42.59487172734225
D:F2_DEMARK,F2,ALLINF|SWH,3,0,28863,-5633.045520557527
D:F2_DEMARK,F2,ALLINF|SWH,3,1,21141,-2983.1554464388846
D:F2_DEMARK,F2,ALLINF|SWH,3,2,16027,-1596.7622452641426
D:F2_DEMARK,F2,ALLINF|SWH,3,3,8141,-262.44564735837776
D:F2_DEMARK,F2,ALL|FC,0,0,26425,-4875.824230827246
D:F2_DEMARK,F2,ALL|FC,0,1,22919,-3097.0478022909174
D:F2_DEMARK,F2,ALL|FC,0,2,13003,-1482.5248957588683
D:F2_DEMARK,F2,ALL|FC,0,3,1361,-87.28683955362067
D:F2_DEMARK,F2,ALL|FC,1,0,2426,-574.9873062614643
D:F2_DEMARK,F2,ALL|FC,1,1,1798,-258.2531206085114
D:F2_DEMARK,F2,ALL|FC,1,2,1473,-167.81257440970512
D:F2_DEMARK,F2,ALL|FC,1,3,176,-20.095513954991475
D:F2_DEMARK,F2,ALL|FC,2,0,4463,-769.651935796428
D:F2_DEMARK,F2,ALL|FC,2,1,3134,-398.83425192092545
D:F2_DEMARK,F2,ALL|FC,2,2,2066,-169.66709613334388
D:F2_DEMARK,F2,ALL|FC,2,3,278,-7.9528996562585235
D:F2_DEMARK,F2,ALL|FC,3,0,2876,-746.1395351083484
D:F2_DEMARK,F2,ALL|FC,3,1,2031,-396.86425818502903
D:F2_DEMARK,F2,ALL|FC,3,2,1433,-207.65684876177693
D:F2_DEMARK,F2,ALL|FC,3,3,353,-3.0919602210633457
D:F2_DEMARK,F2,ALL|LTF,0,0,12358,-2395.2910073315434
D:F2_DEMARK,F2,ALL|LTF,0,1,9459,-1298.257313197808
D:F2_DEMARK,F2,ALL|LTF,0,2,5376,-578.6154396980473
D:F2_DEMARK,F2,ALL|LTF,0,3,566,-23.74374807951972
D:F2_DEMARK,F2,ALL|LTF,1,0,11229,-1880.1150621688867
D:F2_DEMARK,F2,ALL|LTF,1,1,6285,-771.9505280777521
D:F2_DEMARK,F2,ALL|LTF,1,2,4054,-487.38575791506446
D:F2_DEMARK,F2,ALL|LTF,1,3,496,-40.78453715052456
D:F2_DEMARK,F2,ALL|LTF,2,0,13301,-2605.5057755397866
D:F2_DEMARK,F2,ALL|LTF,2,1,9800,-1426.6773221558542
D:F2_DEMARK,F2,ALL|LTF,2,2,5411,-541.9836081981775
D:F2_DEMARK,F2,ALL|LTF,2,3,615,-55.474689638242126
D:F2_DEMARK,F2,ALL|LTF,3,0,3717,-835.1230334338034
D:F2_DEMARK,F2,ALL|LTF,3,1,2643,-456.46651949279476
D:F2_DEMARK,F2,ALL|LTF,3,2,1908,-257.4776866378379
D:F2_DEMARK,F2,ALL|LTF,3,3,433,2.61298385146074
D:F2_DEMARK,F2,ALL|SW,0,0,19920,-3760.7749068171834
D:F2_DEMARK,F2,ALL|SW,0,1,25622,-3638.861217312631
D:F2_DEMARK,F2,ALL|SW,0,2,12703,-1509.257376764639
D:F2_DEMARK,F2,ALL|SW,0,3,912,-33.54227087413892
D:F2_DEMARK,F2,ALL|SW,1,0,967,-187.4356170054525
D:F2_DEMARK,F2,ALL|SW,1,1,1235,-138.60329998005182
D:F2_DEMARK,F2,ALL|SW,1,2,1462,-140.3564530061558
D:F2_DEMARK,F2,ALL|SW,1,3,81,-15.368595758918673
D:F2_DEMARK,F2,ALL|SW,2,0,1407,-312.80660845834063
D:F2_DEMARK,F2,ALL|SW,2,1,1430,-221.85050469244925
D:F2_DEMARK,F2,ALL|SW,2,2,1739,-212.75181586243525
D:F2_DEMARK,F2,ALL|SW,2,3,308,-23.600704881595448
D:F2_DEMARK,F2,ALL|SW,3,0,362,-50.24425491318107
D:F2_DEMARK,F2,ALL|SW,3,1,396,-33.915776086971164
D:F2_DEMARK,F2,ALL|SW,3,2,449,-18.13698646053672
D:F2_DEMARK,F2,ALL|SW,3,3,298,-14.319566426798701
D:F2_DEMARK,F2,ALL|SWH,0,0,3931,-639.9815425246488
D:F2_DEMARK,F2,ALL|SWH,0,1,2608,-267.63212080602534
D:F2_DEMARK,F2,ALL|SWH,0,2,1436,-146.11129561276175
D:F2_DEMARK,F2,ALL|SWH,0,3,95,-0.09262353600934148
D:F2_DEMARK,F2,ALL|SWH,1,0,7650,-1093.4076215699897
D:F2_DEMARK,F2,ALL|SWH,1,1,2997,-354.3480919790454
D:F2_DEMARK,F2,ALL|SWH,1,2,1313,-168.17009882605635
D:F2_DEMARK,F2,ALL|SWH,1,3,96,4.209428715519607
D:F2_DEMARK,F2,ALL|SWH,2,0,18992,-3400.319737590209
D:F2_DEMARK,F2,ALL|SWH,2,1,14313,-1786.4447748937037
D:F2_DEMARK,F2,ALL|SWH,2,2,7156,-624.7547143384054
D:F2_DEMARK,F2,ALL|SWH,2,3,259,-32.32633609417826
D:F2_DEMARK,F2,ALL|SWH,3,0,10826,-2753.251278656884
D:F2_DEMARK,F2,ALL|SWH,3,1,7927,-1562.9113370035775
D:F2_DEMARK,F2,ALL|SWH,3,2,5790,-869.14777252567
D:F2_DEMARK,F2,ALL|SWH,3,3,1207,-70.03581258212216
D:F2_DEMARK,F2,A|FC,0,0,31846,-6079.272292146488
D:F2_DEMARK,F2,A|FC,0,1,27743,-3885.984822611479
D:F2_DEMARK,F2,A|FC,1,0,2768,-526.2196187493682
D:F2_DEMARK,F2,A|FC,1,1,2045,-251.21460729721002
D:F2_DEMARK,F2,A|LTF,0,0,15180,-3053.7341866108472
D:F2_DEMARK,F2,A|LTF,0,1,11842,-1720.0163137390427
D:F2_DEMARK,F2,A|LTF,1,0,24491,-4451.025926635193
D:F2_DEMARK,F2,A|LTF,1,1,13923,-1888.5803939457692
D:F2_DEMARK,F2,A|SW,0,0,21455,-4116.376745830581
D:F2_DEMARK,F2,A|SW,0,1,27231,-3832.0621589884777
D:F2_DEMARK,F2,A|SW,1,0,1106,-224.93135116435587
D:F2_DEMARK,F2,A|SW,1,1,1358,-169.8412260557525
D:F2_DEMARK,F2,A|SWH,0,0,5729,-1058.090137911844
D:F2_DEMARK,F2,A|SWH,0,1,4313,-669.4644220847986
D:F2_DEMARK,F2,A|SWH,1,0,34288,-6527.317219884018
D:F2_DEMARK,F2,A|SWH,1,1,19796,-2773.2990937926897
D:F2_DEMARK,F2,HI|FC,2,2,12822,-1419.8504049888343
D:F2_DEMARK,F2,HI|FC,2,3,1873,-112.82173389405943
D:F2_DEMARK,F2,HI|FC,3,2,1359,-206.84779631136917
D:F2_DEMARK,F2,HI|FC,3,3,294,-7.12056490033865
D:F2_DEMARK,F2,HI|LTF,2,2,11273,-1211.1546304515268
D:F2_DEMARK,F2,HI|LTF,2,3,1266,-86.93030815105885
D:F2_DEMARK,F2,HI|LTF,3,2,3326,-511.67880724932184
D:F2_DEMARK,F2,HI|LTF,3,3,679,-9.957802231190726
D:F2_DEMARK,F2,HI|SW,2,2,8247,-931.9583477175674
D:F2_DEMARK,F2,HI|SW,2,3,1592,-55.930197175825015
D:F2_DEMARK,F2,HI|SW,3,2,365,-37.302604131400585
D:F2_DEMARK,F2,HI|SW,3,3,222,-21.170730479061604
D:F2_DEMARK,F2,HI|SWH,2,2,8740,-763.8232130269225
D:F2_DEMARK,F2,HI|SWH,2,3,369,-32.815066675655544
D:F2_DEMARK,F2,HI|SWH,3,2,6104,-957.1824070243456
D:F2_DEMARK,F2,HI|SWH,3,3,1285,-56.894323223037645
D:F2_DEMARK,F2,T15|FC,0,0,33994,-6529.2623157429625
D:F2_DEMARK,F2,T1h|FC,2,2,13840,-1576.7638465785767
D:F2_DEMARK,F2,T30|FC,1,1,22796,-3217.6605642726154
D:F2_DEMARK,F2,T4h|FC,3,3,1502,-73.15518964617513
D:F3_BOS,F3,ALLINF|FC,0,0,14716,-2532.9297296321347
D:F3_BOS,F3,ALLINF|FC,0,1,8086,-1014.9086342827068
D:F3_BOS,F3,ALLINF|FC,0,2,2843,-214.2333457894565
D:F3_BOS,F3,ALLINF|FC,0,3,606,-8.730783041799441
D:F3_BOS,F3,ALLINF|FC,1,0,5389,-1067.344510366267
D:F3_BOS,F3,ALLINF|FC,1,1,3583,-391.0621196806096
D:F3_BOS,F3,ALLINF|FC,1,2,2552,-248.25785839682067
D:F3_BOS,F3,ALLINF|FC,1,3,354,-18.671527680999134
D:F3_BOS,F3,ALLINF|FC,2,0,4590,-761.6943352262606
D:F3_BOS,F3,ALLINF|FC,2,1,2043,-263.8922164746109
D:F3_BOS,F3,ALLINF|FC,2,2,1578,-83.598109782557
D:F3_BOS,F3,ALLINF|FC,2,3,416,-4.041887594561558
D:F3_BOS,F3,ALLINF|FC,3,0,3302,-605.7903879736332
D:F3_BOS,F3,ALLINF|FC,3,1,1524,-109.36999935601489
D:F3_BOS,F3,ALLINF|FC,3,2,691,-63.56801638612524
D:F3_BOS,F3,ALLINF|FC,3,3,386,-19.731133235734887
D:F3_BOS,F3,ALLINF|SWH,0,0,5251,-776.8351300050272
D:F3_BOS,F3,ALLINF|SWH,0,1,656,-109.32114878413267
D:F3_BOS,F3,ALLINF|SWH,0,2,182,-10.950863587670028
D:F3_BOS,F3,ALLINF|SWH,0,3,35,-5.440109435468912
D:F3_BOS,F3,ALLINF|SWH,1,0,7475,-1258.1954164419149
D:F3_BOS,F3,ALLINF|SWH,1,1,3565,-403.75537779027945
D:F3_BOS,F3,ALLINF|SWH,1,2,443,-46.614360196108464
D:F3_BOS,F3,ALLINF|SWH,1,3,41,-2.0772341564297676
D:F3_BOS,F3,ALLINF|SWH,2,0,9520,-1866.7563353498408
D:F3_BOS,F3,ALLINF|SWH,2,1,5975,-800.3619553627286
D:F3_BOS,F3,ALLINF|SWH,2,2,3171,-229.94651234475168
D:F3_BOS,F3,ALLINF|SWH,2,3,90,3.0891439327970147
D:F3_BOS,F3,ALLINF|SWH,3,0,8392,-1559.9837079933313
D:F3_BOS,F3,ALLINF|SWH,3,1,3983,-370.6550032942614
D:F3_BOS,F3,ALLINF|SWH,3,2,2147,-144.65341959887883
D:F3_BOS,F3,ALLINF|SWH,3,3,856,-25.557721057499293
D:F3_BOS,F3,ALL|FC,0,0,15825,-2769.312241417447
D:F3_BOS,F3,ALL|FC,0,1,8186,-1041.3975789092656
D:F3_BOS,F3,ALL|FC,0,2,2397,-213.7473544155946
D:F3_BOS,F3,ALL|FC,0,3,129,1.7888437574729323
D:F3_BOS,F3,ALL|FC,1,0,5474,-1116.5064101511962
D:F3_BOS,F3,ALL|FC,1,1,3405,-340.84251703057816
D:F3_BOS,F3,ALL|FC,1,2,2069,-198.66710707276798
D:F3_BOS,F3,ALL|FC,1,3,78,-7.367691908031702
D:F3_BOS,F3,ALL|FC,2,0,4125,-732.6601471494068
D:F3_BOS,F3,ALL|FC,2,1,1817,-219.19416935262416
D:F3_BOS,F3,ALL|FC,2,2,1148,-85.47270940081216
D:F3_BOS,F3,ALL|FC,2,3,92,-3.654737408272922
D:F3_BOS,F3,ALL|FC,3,0,1076,-232.8855873228531
D:F3_BOS,F3,ALL|FC,3,1,499,-66.68493534903973
D:F3_BOS,F3,ALL|FC,3,2,214,-27.49815319944173
D:F3_BOS,F3,ALL|FC,3,3,31,-1.5312584517523646
D:F3_BOS,F3,ALL|LTF,0,0,12436,-2205.733661764916
D:F3_BOS,F3,ALL|LTF,0,1,5575,-717.2651141660754
D:F3_BOS,F3,ALL|LTF,0,2,1651,-156.92913885880262
D:F3_BOS,F3,ALL|LTF,0,3,101,0.8457630900666118
D:F3_BOS,F3,ALL|LTF,1,0,7829,-1497.8890109771455
D:F3_BOS,F3,ALL|LTF,1,1,3668,-416.81663611123804
D:F3_BOS,F3,ALL|LTF,1,2,1519,-146.69093337410595
D:F3_BOS,F3,ALL|LTF,1,3,65,-6.836729623377323
D:F3_BOS,F3,ALL|LTF,2,0,6446,-1118.699045973568
D:F3_BOS,F3,ALL|LTF,2,1,3667,-415.4438957649836
D:F3_BOS,F3,ALL|LTF,2,2,1756,-109.2437233400924
D:F3_BOS,F3,ALL|LTF,2,3,83,-5.669692388735712
D:F3_BOS,F3,ALL|LTF,3,0,1391,-277.6984483784545
D:F3_BOS,F3,ALL|LTF,3,1,660,-62.50209567602724
D:F3_BOS,F3,ALL|LTF,3,2,322,-32.440374130383134
D:F3_BOS,F3,ALL|LTF,3,3,44,0.43953308183699846
D:F3_BOS,F3,ALL|SW,0,0,9668,-1624.3932206420286
D:F3_BOS,F3,ALL|SW,0,1,7773,-1040.2630543039704
D:F3_BOS,F3,ALL|SW,0,2,1587,-149.12700229941402
D:F3_BOS,F3,ALL|SW,0,3,58,-2.9549571499228477
D:F3_BOS,F3,ALL|SW,1,0,1327,-258.5707189349341
D:F3_BOS,F3,ALL|SW,1,1,2357,-196.59878408080112
D:F3_BOS,F3,ALL|SW,1,2,1908,-200.2531334005689
D:F3_BOS,F3,ALL|SW,1,3,25,1.1840745620429516
D:F3_BOS,F3,ALL|SW,2,0,491,-51.99755612985609
D:F3_BOS,F3,ALL|SW,2,1,536,-32.040070145973004
D:F3_BOS,F3,ALL|SW,2,2,961,-27.815203699516132
D:F3_BOS,F3,ALL|SW,2,3,47,6.32198216766119
D:F3_BOS,F3,ALL|SW,3,0,70,-10.493455073330551
D:F3_BOS,F3,ALL|SW,3,1,40,-0.8615323763806373
D:F3_BOS,F3,ALL|SW,3,2,44,4.791343957185745
D:F3_BOS,F3,ALL|SW,3,3,52,-3.839331429451704
D:F3_BOS,F3,ALL|SWH,0,0,6360,-935.2279865437886
D:F3_BOS,F3,ALL|SWH,0,1,738,-118.5959819003474
D:F3_BOS,F3,ALL|SWH,0,2,179,-21.03648224682547
D:F3_BOS,F3,ALL|SWH,0,3,12,-0.7841869294643402
D:F3_BOS,F3,ALL|SWH,1,0,9153,-1719.112427265325
D:F3_BOS,F3,ALL|SWH,1,1,4032,-473.27240367163904
D:F3_BOS,F3,ALL|SWH,1,2,453,-57.42313889390789
D:F3_BOS,F3,ALL|SWH,1,3,11,-0.9292107820510864
D:F3_BOS,F3,ALL|SWH,2,0,10549,-2053.809598976375
D:F3_BOS,F3,ALL|SWH,2,1,6228,-786.6110661297644
D:F3_BOS,F3,ALL|SWH,2,2,2780,-223.54148127580265
D:F3_BOS,F3,ALL|SWH,2,3,26,1.6081270426511765
D:F3_BOS,F3,ALL|SWH,3,0,3037,-632.1581494440652
D:F3_BOS,F3,ALL|SWH,3,1,1394,-124.09164807968773
D:F3_BOS,F3,ALL|SWH,3,2,696,-70.02768061310053
D:F3_BOS,F3,ALL|SWH,3,3,92,-4.372732158750296
D:F3_BOS,F3,A|FC,0,0,18887,-3368.585222202153
D:F3_BOS,F3,A|FC,0,1,9761,-1166.3589375441734
D:F3_BOS,F3,A|FC,1,0,6257,-1253.7901215547245
D:F3_BOS,F3,A|FC,1,1,3801,-434.2548878652524
D:F3_BOS,F3,A|LTF,0,0,15459,-2772.455403581178
D:F3_BOS,F3,A|LTF,0,1,6927,-836.9765037832913
D:F3_BOS,F3,A|LTF,1,0,11301,-2098.044413203199
D:F3_BOS,F3,A|LTF,1,1,5361,-629.8627967504508
D:F3_BOS,F3,A|SW,0,0,9869,-1673.0433343156765
D:F3_BOS,F3,A|SW,0,1,8078,-1039.0560036229726
D:F3_BOS,F3,A|SW,1,0,1369,-261.4840620282921
D:F3_BOS,F3,A|SW,1,1,2423,-213.9764649692006
D:F3_BOS,F3,A|SWH,0,0,9076,-1414.5559266132514
D:F3_BOS,F3,A|SWH,0,1,1142,-178.80510629934724
D:F3_BOS,F3,A|SWH,1,0,18205,-3528.19728708826
D:F3_BOS,F3,A|SWH,1,1,8886,-1056.884659709649
D:F3_BOS,F3,HI|FC,2,2,3281,-254.32317000370676
D:F3_BOS,F3,HI|FC,2,3,186,2.7990090819075704
D:F3_BOS,F3,HI|FC,3,2,438,-63.28747296426445
D:F3_BOS,F3,HI|FC,3,3,62,-4.707412961870432
D:F3_BOS,F3,HI|LTF,2,2,3215,-249.79078434057737
D:F3_BOS,F3,HI|LTF,2,3,141,3.0336177656427026
D:F3_BOS,F3,HI|LTF,3,2,558,-75.36614401871338
D:F3_BOS,F3,HI|LTF,3,3,73,-3.0342529602348804
D:F3_BOS,F3,HI|SW,2,2,1917,-107.79074716008472
D:F3_BOS,F3,HI|SW,2,3,97,-0.43406296893954277
D:F3_BOS,F3,HI|SW,3,2,76,-1.2380754500627518
D:F3_BOS,F3,HI|SW,3,3,59,1.1912842132151127
D:F3_BOS,F3,HI|SWH,2,2,3070,-255.3416811951829
D:F3_BOS,F3,HI|SWH,2,3,28,2.6056019067764282
D:F3_BOS,F3,HI|SWH,3,2,739,-67.4846141366288
D:F3_BOS,F3,HI|SWH,3,3,98,-6.135353732854128
D:F3_BOS,F3,T15|FC,0,0,22979,-4277.581396694211
D:F3_BOS,F3,T1h|FC,2,2,3482,-276.3530420905372
D:F3_BOS,F3,T30|FC,1,1,9616,-1164.1739915320723
D:F3_BOS,F3,T4h|FC,3,3,104,-4.403366554528475
D:F3_BOS_ZONE,F3,ALLINF|FC,0,0,3608,-652.2098557539648
D:F3_BOS_ZONE,F3,ALLINF|FC,0,1,2386,-359.5310872436967
D:F3_BOS_ZONE,F3,ALLINF|FC,0,2,703,-94.6543651430984
D:F3_BOS_ZONE,F3,ALLINF|FC,0,3,139,-1.2641834249370731
D:F3_BOS_ZONE,F3,ALLINF|FC,1,0,1684,-359.9266593151842
D:F3_BOS_ZONE,F3,ALLINF|FC,1,1,945,-163.53507970747887
D:F3_BOS_ZONE,F3,ALLINF|FC,1,2,656,-89.15371471829712
D:F3_BOS_ZONE,F3,ALLINF|FC,1,3,93,-9.52598864864558
D:F3_BOS_ZONE,F3,ALLINF|FC,2,0,1716,-281.85779809209635
D:F3_BOS_ZONE,F3,ALLINF|FC,2,1,820,-80.35704998520669
D:F3_BOS_ZONE,F3,ALLINF|FC,2,2,503,-57.856687633437105
D:F3_BOS_ZONE,F3,ALLINF|FC,2,3,111,-15.627251737751067
D:F3_BOS_ZONE,F3,ALLINF|FC,3,0,939,-198.81365966866724
D:F3_BOS_ZONE,F3,ALLINF|FC,3,1,505,-57.22472391152405
D:F3_BOS_ZONE,F3,ALLINF|FC,3,2,267,-45.35627756710164
D:F3_BOS_ZONE,F3,ALLINF|FC,3,3,108,0.13963494263589382
D:F3_BOS_ZONE,F3,ALLINF|SWH,0,0,2188,-322.9680353161639
D:F3_BOS_ZONE,F3,ALLINF|SWH,0,1,422,-42.98871141159907
D:F3_BOS_ZONE,F3,ALLINF|SWH,0,2,63,-4.706970841158181
D:F3_BOS_ZONE,F3,ALLINF|SWH,0,3,6,-0.5220796093344688
D:F3_BOS_ZONE,F3,ALLINF|SWH,1,0,2125,-424.2008255785586
D:F3_BOS_ZONE,F3,ALLINF|SWH,1,1,1169,-163.29243103702902
D:F3_BOS_ZONE,F3,ALLINF|SWH,1,2,175,-32.03355826612096
D:F3_BOS_ZONE,F3,ALLINF|SWH,1,3,3,-1.7821477428078651
D:F3_BOS_ZONE,F3,ALLINF|SWH,2,0,2567,-511.9274368098413
D:F3_BOS_ZONE,F3,ALLINF|SWH,2,1,1382,-221.64330403688655
D:F3_BOS_ZONE,F3,ALLINF|SWH,2,2,772,-108.74876166507602
D:F3_BOS_ZONE,F3,ALLINF|SWH,2,3,25,-4.3940966203808784
D:F3_BOS_ZONE,F3,ALLINF|SWH,3,0,1811,-381.89108721673256
D:F3_BOS_ZONE,F3,ALLINF|SWH,3,1,999,-142.34296481465572
D:F3_BOS_ZONE,F3,ALLINF|SWH,3,2,528,-69.64264640025795
D:F3_BOS_ZONE,F3,ALLINF|SWH,3,3,196,-6.155859222635627
D:F3_BOS_ZONE,F3,ALL|FC,0,0,3764,-705.6198549974142
D:F3_BOS_ZONE,F3,ALL|FC,0,1,2391,-397.2201137228403
D:F3_BOS_ZONE,F3,ALL|FC,0,2,642,-105.09504261804977
D:F3_BOS_ZONE,F3,ALL|FC,0,3,30,-0.9745423570275307
D:F3_BOS_ZONE,F3,ALL|FC,1,0,1709,-379.19377451838227
D:F3_BOS_ZONE,F3,ALL|FC,1,1,927,-162.70744395718793
D:F3_BOS_ZONE,F3,ALL|FC,1,2,568,-86.69112187460996
D:F3_BOS_ZONE,F3,ALL|FC,1,3,29,-5.955075193196535
D:F3_BOS_ZONE,F3,ALL|FC,2,0,1606,-251.48832133974065
D:F3_BOS_ZONE,F3,ALL|FC,2,1,757,-70.34864469990134
D:F3_BOS_ZONE,F3,ALL|FC,2,2,374,-38.650430771522224
D:F3_BOS_ZONE,F3,ALL|FC,2,3,30,-10.396570406854153
D:F3_BOS_ZONE,F3,ALL|FC,3,0,363,-102.85479950951412
D:F3_BOS_ZONE,F3,ALL|FC,3,1,191,-11.23072905340814
D:F3_BOS_ZONE,F3,ALL|FC,3,2,117,-14.598648111335933
D:F3_BOS_ZONE,F3,ALL|FC,3,3,14,6.509096558205783
D:F3_BOS_ZONE,F3,ALL|LTF,0,0,3525,-649.2852884626845
D:F3_BOS_ZONE,F3,ALL|LTF,0,1,2054,-317.95396929909475
D:F3_BOS_ZONE,F3,ALL|LTF,0,2,573,-87.26477221219102
D:F3_BOS_ZONE,F3,ALL|LTF,0,3,27,-0.3628246858716011
D:F3_BOS_ZONE,F3,ALL|LTF,1,0,2022,-436.56797429552535
D:F3_BOS_ZONE,F3,ALL|LTF,1,1,993,-182.1188878453977
D:F3_BOS_ZONE,F3,ALL|LTF,1,2,503,-76.00143109005876
D:F3_BOS_ZONE,F3,ALL|LTF,1,3,28,-4.742609646171331
D:F3_BOS_ZONE,F3,ALL|LTF,2,0,1797,-312.5860047824972
D:F3_BOS_ZONE,F3,ALL|LTF,2,1,929,-108.01855447515845
D:F3_BOS_ZONE,F3,ALL|LTF,2,2,398,-44.71037563960999
D:F3_BOS_ZONE,F3,ALL|LTF,2,3,30,-12.02796246856451
D:F3_BOS_ZONE,F3,ALL|LTF,3,0,366,-106.26394486473873
D:F3_BOS_ZONE,F3,ALL|LTF,3,1,198,-10.130783997155959
D:F3_BOS_ZONE,F3,ALL|LTF,3,2,124,-13.439700479619205
D:F3_BOS_ZONE,F3,ALL|LTF,3,3,15,5.429874951951206
D:F3_BOS_ZONE,F3,ALL|SW,0,0,1741,-331.9346986224409
D:F3_BOS_ZONE,F3,ALL|SW,0,1,1376,-243.3206669371575
D:F3_BOS_ZONE,F3,ALL|SW,0,2,190,-27.594170846801717
D:F3_BOS_ZONE,F3,ALL|SW,0,3,2,-0.9741442129015923
D:F3_BOS_ZONE,F3,ALL|SW,1,0,347,-38.13334776114425
D:F3_BOS_ZONE,F3,ALL|SW,1,1,578,-82.59333251480712
D:F3_BOS_ZONE,F3,ALL|SW,1,2,402,-61.72378886677325
D:F3_BOS_ZONE,F3,ALL|SW,1,3,4,1.0863991305232048
D:F3_BOS_ZONE,F3,ALL|SW,2,0,118,-4.211886388715357
D:F3_BOS_ZONE,F3,ALL|SW,2,1,147,-17.841730376705527
D:F3_BOS_ZONE,F3,ALL|SW,2,2,231,-18.20428378204815
D:F3_BOS_ZONE,F3,ALL|SW,2,3,6,-1.0489594414830208
D:F3_BOS_ZONE,F3,ALL|SW,3,0,7,0.662861630320549
D:F3_BOS_ZONE,F3,ALL|SW,3,1,5,0.016474440693855286
D:F3_BOS_ZONE,F3,ALL|SW,3,2,13,-7.3359528966248035
D:F3_BOS_ZONE,F3,ALL|SW,3,3,17,-0.5571020552888513
D:F3_BOS_ZONE,F3,ALL|SWH,0,0,2390,-354.77067372297097
D:F3_BOS_ZONE,F3,ALL|SWH,0,1,434,-56.64741346426308
D:F3_BOS_ZONE,F3,ALL|SWH,0,2,62,-5.243074241094291
D:F3_BOS_ZONE,F3,ALL|SWH,0,3,2,0.28157416731119156
D:F3_BOS_ZONE,F3,ALL|SWH,1,0,2388,-480.2912419082968
D:F3_BOS_ZONE,F3,ALL|SWH,1,1,1243,-193.35515855436097
D:F3_BOS_ZONE,F3,ALL|SWH,1,2,173,-37.683548704721034
D:F3_BOS_ZONE,F3,ALL|SWH,1,3,1,-1.049007773399353
D:F3_BOS_ZONE,F3,ALL|SWH,2,0,2615,-539.8578980975144
D:F3_BOS_ZONE,F3,ALL|SWH,2,1,1379,-230.96485617826693
D:F3_BOS_ZONE,F3,ALL|SWH,2,2,644,-78.05724478047341
D:F3_BOS_ZONE,F3,ALL|SWH,2,3,9,-0.4954545721411705
D:F3_BOS_ZONE,F3,ALL|SWH,3,0,699,-200.28607323067263
D:F3_BOS_ZONE,F3,ALL|SWH,3,1,379,-45.28026680616313
D:F3_BOS_ZONE,F3,ALL|SWH,3,2,212,-30.094938095891848
D:F3_BOS_ZONE,F3,ALL|SWH,3,3,34,0.5099810129031539
D:F3_BOS_ZONE,F3,A|FC,0,0,4575,-853.9051288948758
D:F3_BOS_ZONE,F3,A|FC,0,1,2839,-463.89911805209704
D:F3_BOS_ZONE,F3,A|FC,1,0,2050,-392.888647324231
D:F3_BOS_ZONE,F3,A|FC,1,1,1135,-163.53707988091628
D:F3_BOS_ZONE,F3,A|LTF,0,0,4322,-825.8114026107723
D:F3_BOS_ZONE,F3,A|LTF,0,1,2450,-376.52607006416656
D:F3_BOS_ZONE,F3,A|LTF,1,0,2591,-494.3747342462302
D:F3_BOS_ZONE,F3,A|LTF,1,1,1287,-200.34749304314028
D:F3_BOS_ZONE,F3,A|SW,0,0,1773,-339.32543027517386
D:F3_BOS_ZONE,F3,A|SW,0,1,1419,-241.93133088946342
D:F3_BOS_ZONE,F3,A|SW,1,0,380,-42.814982336272806
D:F3_BOS_ZONE,F3,A|SW,1,1,600,-86.86523140658392
D:F3_BOS_ZONE,F3,A|SWH,0,0,3157,-518.5314694522058
D:F3_BOS_ZONE,F3,A|SWH,0,1,570,-96.0278016505763
D:F3_BOS_ZONE,F3,A|SWH,1,0,3959,-847.4961059254965
D:F3_BOS_ZONE,F3,A|SWH,1,1,2028,-329.92479747949983
D:F3_BOS_ZONE,F3,HI|FC,2,2,762,-88.628138945729
D:F3_BOS_ZONE,F3,HI|FC,2,3,44,-12.21006315201521
D:F3_BOS_ZONE,F3,HI|FC,3,2,165,-21.595744725549594
D:F3_BOS_ZONE,F3,HI|FC,3,3,21,4.058029874227941
D:F3_BOS_ZONE,F3,HI|LTF,2,2,758,-88.00501608970808
D:F3_BOS_ZONE,F3,HI|LTF,2,3,42,-12.975123189389706
D:F3_BOS_ZONE,F3,HI|LTF,3,2,172,-20.436797093832865
D:F3_BOS_ZONE,F3,HI|LTF,3,3,22,2.9788082679733634
D:F3_BOS_ZONE,F3,HI|SW,2,2,313,-33.67209791368805
D:F3_BOS_ZONE,F3,HI|SW,2,3,13,-1.8021700754761696
D:F3_BOS_ZONE,F3,HI|SW,3,2,28,-7.217939663678408
D:F3_BOS_ZONE,F3,HI|SW,3,3,17,-1.6874439911916852
D:F3_BOS_ZONE,F3,HI|SWH,2,2,731,-84.36414726200746
D:F3_BOS_ZONE,F3,HI|SWH,2,3,10,-0.18082507699728012
D:F3_BOS_ZONE,F3,HI|SWH,3,2,209,-28.210458632791415
D:F3_BOS_ZONE,F3,HI|SWH,3,3,34,0.5099810129031539
D:F3_BOS_ZONE,F3,T15|FC,0,0,5496,-1042.2496041600025
D:F3_BOS_ZONE,F3,T1h|FC,2,2,824,-96.85043973248685
D:F3_BOS_ZONE,F3,T30|FC,1,1,2284,-385.4663137313619
D:F3_BOS_ZONE,F3,T4h|FC,3,3,34,0.5099810129031539
D:F3_HHHL,F3,ALLINF|FC,0,0,22726,-4196.526911053446
D:F3_HHHL,F3,ALLINF|FC,0,1,11390,-1356.058306534047
D:F3_HHHL,F3,ALLINF|FC,0,2,5371,-597.9419373999699
D:F3_HHHL,F3,ALLINF|FC,0,3,1289,0.74036116185016
D:F3_HHHL,F3,ALLINF|FC,1,0,13837,-2542.3444258519157
D:F3_HHHL,F3,ALLINF|FC,1,1,7853,-866.1138029374706
D:F3_HHHL,F3,ALLINF|FC,1,2,3852,-314.83191096095834
D:F3_HHHL,F3,ALLINF|FC,1,3,948,-42.35321881646814
D:F3_HHHL,F3,ALLINF|FC,2,0,10747,-1819.8289311303524
D:F3_HHHL,F3,ALLINF|FC,2,1,5244,-676.3714238182292
D:F3_HHHL,F3,ALLINF|FC,2,2,3234,-265.1581824819441
D:F3_HHHL,F3,ALLINF|FC,2,3,736,-31.201785809797002
D:F3_HHHL,F3,ALLINF|FC,3,0,5023,-1073.1955702931737
D:F3_HHHL,F3,ALLINF|FC,3,1,2396,-275.1726940408698
D:F3_HHHL,F3,ALLINF|FC,3,2,1244,-32.304219619880314
D:F3_HHHL,F3,ALLINF|FC,3,3,520,-11.427720425184816
D:F3_HHHL,F3,ALLINF|SWH,0,0,7076,-878.1791273649612
D:F3_HHHL,F3,ALLINF|SWH,0,1,374,-16.829171877296176
D:F3_HHHL,F3,ALLINF|SWH,0,2,78,-6.431759999948554
D:F3_HHHL,F3,ALLINF|SWH,0,3,23,2.517899574711919
D:F3_HHHL,F3,ALLINF|SWH,1,0,8731,-1305.4219609588617
D:F3_HHHL,F3,ALLINF|SWH,1,1,5804,-465.39317636640044
D:F3_HHHL,F3,ALLINF|SWH,1,2,296,-11.723009983485099
D:F3_HHHL,F3,ALLINF|SWH,1,3,50,-8.516521295532584
D:F3_HHHL,F3,ALLINF|SWH,2,0,16629,-3055.6588072314917
D:F3_HHHL,F3,ALLINF|SWH,2,1,8579,-1122.0266210101254
D:F3_HHHL,F3,ALLINF|SWH,2,2,5628,-423.442141370615
D:F3_HHHL,F3,ALLINF|SWH,2,3,67,3.949182415381074
D:F3_HHHL,F3,ALLINF|SWH,3,0,22258,-4837.783676324325
D:F3_HHHL,F3,ALLINF|SWH,3,1,11447,-1457.2062815771642
D:F3_HHHL,F3,ALLINF|SWH,3,2,5905,-581.4684577664448
D:F3_HHHL,F3,ALLINF|SWH,3,3,2160,-38.593299368963926
D:F3_HHHL,F3,ALL|FC,0,0,24778,-4549.467387091416
D:F3_HHHL,F3,ALL|FC,0,1,11673,-1458.4739694443415
D:F3_HHHL,F3,ALL|FC,0,2,4680,-543.7632677765796
D:F3_HHHL,F3,ALL|FC,0,3,302,-4.49988010386005
D:F3_HHHL,F3,ALL|FC,1,0,14014,-2703.894139363052
D:F3_HHHL,F3,ALL|FC,1,1,7517,-865.0220151733665
D:F3_HHHL,F3,ALL|FC,1,2,3145,-259.47644932882395
D:F3_HHHL,F3,ALL|FC,1,3,212,-19.951331522781402
D:F3_HHHL,F3,ALL|FC,2,0,10167,-1906.1931420365
D:F3_HHHL,F3,ALL|FC,2,1,4839,-703.5544690860552
D:F3_HHHL,F3,ALL|FC,2,2,2417,-240.63588733854704
D:F3_HHHL,F3,ALL|FC,2,3,134,-12.667006231844425
D:F3_HHHL,F3,ALL|FC,3,0,1277,-244.1192469294183
D:F3_HHHL,F3,ALL|FC,3,1,632,-88.2167782264296
D:F3_HHHL,F3,ALL|FC,3,2,320,-16.538974742914434
D:F3_HHHL,F3,ALL|FC,3,3,48,3.6829491816461086
D:F3_HHHL,F3,ALL|LTF,0,0,22486,-4061.2645387527773
D:F3_HHHL,F3,ALL|LTF,0,1,10237,-1332.665698363504
D:F3_HHHL,F3,ALL|LTF,0,2,3974,-448.1803585534217
D:F3_HHHL,F3,ALL|LTF,0,3,264,-3.641034842003137
D:F3_HHHL,F3,ALL|LTF,1,0,14849,-2803.0529733232397
D:F3_HHHL,F3,ALL|LTF,1,1,7720,-828.7625273872691
D:F3_HHHL,F3,ALL|LTF,1,2,3103,-280.5081083563855
D:F3_HHHL,F3,ALL|LTF,1,3,206,-21.52345041790977
D:F3_HHHL,F3,ALL|LTF,2,0,12067,-2428.095445230603
D:F3_HHHL,F3,ALL|LTF,2,1,5775,-829.7973089006846
D:F3_HHHL,F3,ALL|LTF,2,2,2832,-285.7025245556142
D:F3_HHHL,F3,ALL|LTF,2,3,161,-13.03813772648573
D:F3_HHHL,F3,ALL|LTF,3,0,1511,-261.9423405448906
D:F3_HHHL,F3,ALL|LTF,3,1,780,-105.30960911815055
D:F3_HHHL,F3,ALL|LTF,3,2,392,-24.859518614175613
D:F3_HHHL,F3,ALL|LTF,3,3,56,7.2515577636659145
D:F3_HHHL,F3,ALL|SW,0,0,18385,-3043.458842572756
D:F3_HHHL,F3,ALL|SW,0,1,4545,-610.3868146777968
D:F3_HHHL,F3,ALL|SW,0,2,1725,-171.2950274971081
D:F3_HHHL,F3,ALL|SW,0,3,103,-11.165485917124897
D:F3_HHHL,F3,ALL|SW,1,0,2750,-469.76515247585485
D:F3_HHHL,F3,ALL|SW,1,1,7698,-707.2732355021581
D:F3_HHHL,F3,ALL|SW,1,2,1125,-130.3614244889468
D:F3_HHHL,F3,ALL|SW,1,3,83,-3.4010455198585987
D:F3_HHHL,F3,ALL|SW,2,0,1427,-311.7045588307665
D:F3_HHHL,F3,ALL|SW,2,1,910,-138.55575323407538
D:F3_HHHL,F3,ALL|SW,2,2,3050,-263.7212223636452
D:F3_HHHL,F3,ALL|SW,2,3,39,-2.4084439910948277
D:F3_HHHL,F3,ALL|SW,3,0,142,-24.090633450075984
D:F3_HHHL,F3,ALL|SW,3,1,119,-13.184676237404346
D:F3_HHHL,F3,ALL|SW,3,2,84,-2.112134282127954
D:F3_HHHL,F3,ALL|SW,3,3,117,4.6292915139347315
D:F3_HHHL,F3,ALL|SWH,0,0,9002,-1090.425634287432
D:F3_HHHL,F3,ALL|SWH,0,1,503,-27.381759933719877
D:F3_HHHL,F3,ALL|SWH,0,2,81,-10.981610400485806
D:F3_HHHL,F3,ALL|SWH,0,3,6,0.9330160692334175
D:F3_HHHL,F3,ALL|SWH,1,0,11862,-1886.4604346532142
D:F3_HHHL,F3,ALL|SWH,1,1,6967,-564.4960428011545
D:F3_HHHL,F3,ALL|SWH,1,2,416,-28.53544465638697
D:F3_HHHL,F3,ALL|SWH,1,3,16,-3.603264771401882
D:F3_HHHL,F3,ALL|SWH,2,0,22683,-4543.891768445843
D:F3_HHHL,F3,ALL|SWH,2,1,11487,-1676.0063149373746
D:F3_HHHL,F3,ALL|SWH,2,2,5859,-507.61046259489376
D:F3_HHHL,F3,ALL|SWH,2,3,33,1.9769939379766583
D:F3_HHHL,F3,ALL|SWH,3,0,8834,-2399.7667878305074
D:F3_HHHL,F3,ALL|SWH,3,1,4502,-646.5521324307338
D:F3_HHHL,F3,ALL|SWH,3,2,2214,-328.9081132897845
D:F3_HHHL,F3,ALL|SWH,3,3,304,-6.441238157916814
D:F3_HHHL,F3,A|FC,0,0,31061,-5680.637869578193
D:F3_HHHL,F3,A|FC,0,1,14859,-1877.755591738969
D:F3_HHHL,F3,A|FC,1,0,17413,-3386.864692916017
D:F3_HHHL,F3,A|FC,1,1,9113,-1146.712256756
D:F3_HHHL,F3,A|LTF,0,0,29164,-5373.337451317686
D:F3_HHHL,F3,A|LTF,0,1,13450,-1766.976724812761
D:F3_HHHL,F3,A|LTF,1,0,19861,-3788.6566983525117
D:F3_HHHL,F3,A|LTF,1,1,10083,-1252.2458667662868
D:F3_HHHL,F3,A|SW,0,0,18847,-3126.8699560372625
D:F3_HHHL,F3,A|SW,0,1,4922,-660.7701024967828
D:F3_HHHL,F3,A|SW,1,0,2886,-532.2493348122225
D:F3_HHHL,F3,A|SW,1,1,7808,-704.472386458976
D:F3_HHHL,F3,A|SWH,0,0,14495,-2166.06516180166
D:F3_HHHL,F3,A|SWH,0,1,927,-103.15983529709047
D:F3_HHHL,F3,A|SWH,1,0,35395,-7143.875427380612
D:F3_HHHL,F3,A|SWH,1,1,19525,-2452.678995263501
D:F3_HHHL,F3,HI|FC,2,2,7319,-689.6070048098918
D:F3_HHHL,F3,HI|FC,2,3,450,-28.15536121884361
D:F3_HHHL,F3,HI|FC,3,2,968,-137.73004532279447
D:F3_HHHL,F3,HI|FC,3,3,123,-6.202294677961618
D:F3_HHHL,F3,HI|LTF,2,2,7274,-683.2577892353293
D:F3_HHHL,F3,HI|LTF,2,3,427,-26.614395203534514
D:F3_HHHL,F3,HI|LTF,3,2,1035,-145.9742114362307
D:F3_HHHL,F3,HI|LTF,3,3,132,-6.677474976051599
D:F3_HHHL,F3,HI|SW,2,2,3882,-355.25823036697693
D:F3_HHHL,F3,HI|SW,2,3,97,-2.37517805211246
D:F3_HHHL,F3,HI|SW,3,2,154,-15.551614030846395
D:F3_HHHL,F3,HI|SW,3,3,142,4.585068246349692
D:F3_HHHL,F3,HI|SWH,2,2,6257,-529.123801408452
D:F3_HHHL,F3,HI|SWH,2,3,41,2.099817861802876
D:F3_HHHL,F3,HI|SWH,3,2,2226,-322.64668160692963
D:F3_HHHL,F3,HI|SWH,3,3,304,-5.920141049195081
D:F3_HHHL,F3,T15|FC,0,0,44675,-8327.544457234053
D:F3_HHHL,F3,T1h|FC,2,2,7970,-793.5839677026961
D:F3_HHHL,F3,T30|FC,1,1,20289,-2558.606603467808
D:F3_HHHL,F3,T4h|FC,3,3,318,-7.499467581976205
D:F4_FAN,F4,ALLINF|FC,0,0,14375,-2243.251230860482
D:F4_FAN,F4,ALLINF|FC,0,1,7818,-851.852276270627
D:F4_FAN,F4,ALLINF|FC,0,2,3258,-276.82151552604046
D:F4_FAN,F4,ALLINF|FC,0,3,656,-20.699499613489024
D:F4_FAN,F4,ALLINF|FC,1,0,7929,-1448.1917933693912
D:F4_FAN,F4,ALLINF|FC,1,1,3841,-482.48832864149153
D:F4_FAN,F4,ALLINF|FC,1,2,2215,-187.20705346233444
D:F4_FAN,F4,ALLINF|FC,1,3,412,-6.936028286378132
D:F4_FAN,F4,ALLINF|FC,2,0,6907,-1390.314099240517
D:F4_FAN,F4,ALLINF|FC,2,1,3335,-437.8396125338186
D:F4_FAN,F4,ALLINF|FC,2,2,1683,-119.45754918620514
D:F4_FAN,F4,ALLINF|FC,2,3,496,-19.711473105518962
D:F4_FAN,F4,ALLINF|FC,3,0,4314,-662.674573076365
D:F4_FAN,F4,ALLINF|FC,3,1,2058,-246.93607498740312
D:F4_FAN,F4,ALLINF|FC,3,2,993,-24.325660527218133
D:F4_FAN,F4,ALLINF|FC,3,3,298,6.064744753937703
D:F4_FAN,F4,ALLINF|SWH,0,0,4362,-604.2389832712943
D:F4_FAN,F4,ALLINF|SWH,0,1,466,-37.816653752001
D:F4_FAN,F4,ALLINF|SWH,0,2,191,-15.306267483625561
D:F4_FAN,F4,ALLINF|SWH,0,3,28,-2.1793605219572783
D:F4_FAN,F4,ALLINF|SWH,1,0,7149,-1077.9200729617733
D:F4_FAN,F4,ALLINF|SWH,1,1,2814,-301.0495628659046
D:F4_FAN,F4,ALLINF|SWH,1,2,321,-23.681020495132543
D:F4_FAN,F4,ALLINF|SWH,1,3,50,6.416823701001704
D:F4_FAN,F4,ALLINF|SWH,2,0,12311,-2219.2298698115446
D:F4_FAN,F4,ALLINF|SWH,2,1,6843,-845.1913663893502
D:F4_FAN,F4,ALLINF|SWH,2,2,2896,-268.0409446371632
D:F4_FAN,F4,ALLINF|SWH,2,3,133,1.7434708039072575
D:F4_FAN,F4,ALLINF|SWH,3,0,12356,-2266.294933326004
D:F4_FAN,F4,ALLINF|SWH,3,1,6138,-790.310389916529
D:F4_FAN,F4,ALLINF|SWH,3,2,3187,-210.8599750137073
D:F4_FAN,F4,ALLINF|SWH,3,3,834,-21.851093216624577
D:F4_FAN,F4,ALL|FC,0,0,16092,-2557.839383081551
D:F4_FAN,F4,ALL|FC,0,1,8250,-1001.4753767444636
D:F4_FAN,F4,ALL|FC,0,2,2966,-269.4603148669703
D:F4_FAN,F4,ALL|FC,0,3,155,-2.164779237471521
D:F4_FAN,F4,ALL|FC,1,0,8333,-1560.365592506394
D:F4_FAN,F4,ALL|FC,1,1,3932,-479.4607395106359
D:F4_FAN,F4,ALL|FC,1,2,1930,-207.07245835254434
D:F4_FAN,F4,ALL|FC,1,3,104,-1.9303758442401886
D:F4_FAN,F4,ALL|FC,2,0,6340,-1206.4179467341528
D:F4_FAN,F4,ALL|FC,2,1,2970,-397.9148340109532
D:F4_FAN,F4,ALL|FC,2,2,1322,-86.5761137392401
D:F4_FAN,F4,ALL|FC,2,3,117,-3.3652037978172302
D:F4_FAN,F4,ALL|FC,3,0,1314,-263.1895575769595
D:F4_FAN,F4,ALL|FC,3,1,653,-66.74226196389645
D:F4_FAN,F4,ALL|FC,3,2,303,0.16170130437240005
D:F4_FAN,F4,ALL|FC,3,3,29,-3.7176073491573334
D:F4_FAN,F4,ALL|LTF,0,0,12791,-2076.67121796681
D:F4_FAN,F4,ALL|LTF,0,1,5551,-652.0935557511984
D:F4_FAN,F4,ALL|LTF,0,2,2005,-211.8129777467111
D:F4_FAN,F4,ALL|LTF,0,3,122,0.1616536034271121
D:F4_FAN,F4,ALL|LTF,1,0,10317,-1800.8834261373886
D:F4_FAN,F4,ALL|LTF,1,1,4440,-558.4363344348749
D:F4_FAN,F4,ALL|LTF,1,2,1785,-219.80003332986962
D:F4_FAN,F4,ALL|LTF,1,3,99,3.0539623834192753
D:F4_FAN,F4,ALL|LTF,2,0,8776,-1603.9004428653643
D:F4_FAN,F4,ALL|LTF,2,1,4559,-559.3004418850323
D:F4_FAN,F4,ALL|LTF,2,2,1861,-115.79824129068584
D:F4_FAN,F4,ALL|LTF,2,3,122,-8.822105986997485
D:F4_FAN,F4,ALL|LTF,3,0,1664,-330.7708769480814
D:F4_FAN,F4,ALL|LTF,3,1,830,-99.12319454271346
D:F4_FAN,F4,ALL|LTF,3,2,420,-19.357391285244375
D:F4_FAN,F4,ALL|LTF,3,3,38,-6.644374996423721
D:F4_FAN,F4,ALL|SW,0,0,6632,-924.7180795439053
D:F4_FAN,F4,ALL|SW,0,1,7672,-868.3016719531879
D:F4_FAN,F4,ALL|SW,0,2,1997,-136.108423713129
D:F4_FAN,F4,ALL|SW,0,3,67,-7.255721255205572
D:F4_FAN,F4,ALL|SW,1,0,3318,-605.4647815571952
D:F4_FAN,F4,ALL|SW,1,1,1453,-147.93988222890766
D:F4_FAN,F4,ALL|SW,1,2,1431,-176.14252722624224
D:F4_FAN,F4,ALL|SW,1,3,36,-1.2208391651511192
D:F4_FAN,F4,ALL|SW,2,0,1018,-168.0360845098039
D:F4_FAN,F4,ALL|SW,2,1,1031,-149.00547857495258
D:F4_FAN,F4,ALL|SW,2,2,585,-59.367769441290875
D:F4_FAN,F4,ALL|SW,2,3,71,4.330941140651703
D:F4_FAN,F4,ALL|SW,3,0,62,-14.70055990666151
D:F4_FAN,F4,ALL|SW,3,1,78,-12.015139194205403
D:F4_FAN,F4,ALL|SW,3,2,90,7.724204128608108
D:F4_FAN,F4,ALL|SW,3,3,25,-3.486932933330536
D:F4_FAN,F4,ALL|SWH,0,0,5696,-754.2576888145704
D:F4_FAN,F4,ALL|SWH,0,1,554,-37.0213468358852
D:F4_FAN,F4,ALL|SWH,0,2,199,1.4179614600725472
D:F4_FAN,F4,ALL|SWH,0,3,5,0.010000534355640411
D:F4_FAN,F4,ALL|SWH,1,0,9311,-1427.231634016749
D:F4_FAN,F4,ALL|SWH,1,1,3606,-362.8804000834716
D:F4_FAN,F4,ALL|SWH,1,2,338,-31.138312264694832
D:F4_FAN,F4,ALL|SWH,1,3,14,-0.3220701366662979
D:F4_FAN,F4,ALL|SWH,2,0,15356,-2738.5254880264183
D:F4_FAN,F4,ALL|SWH,2,1,8201,-1064.0399448351964
D:F4_FAN,F4,ALL|SWH,2,2,3146,-298.6011411912041
D:F4_FAN,F4,ALL|SWH,2,3,41,7.605233862996101
D:F4_FAN,F4,ALL|SWH,3,0,4237,-1127.7006265726523
D:F4_FAN,F4,ALL|SWH,3,1,2120,-336.288971060887
D:F4_FAN,F4,ALL|SWH,3,2,1150,-95.40507775191509
D:F4_FAN,F4,ALL|SWH,3,3,134,-13.140100594609976
D:F4_FAN,F4,A|FC,0,0,20226,-3238.3555673582778
D:F4_FAN,F4,A|FC,0,1,10513,-1196.8563151206035
D:F4_FAN,F4,A|FC,1,0,10233,-2063.6948445497837
D:F4_FAN,F4,A|FC,1,1,4773,-659.8390249519507
D:F4_FAN,F4,A|LTF,0,0,16581,-2643.9241192248737
D:F4_FAN,F4,A|LTF,0,1,7310,-835.3774528032518
D:F4_FAN,F4,A|LTF,1,0,15481,-2935.723985412955
D:F4_FAN,F4,A|LTF,1,1,6739,-871.9387048252756
D:F4_FAN,F4,A|SW,0,0,6826,-936.0463638326619
D:F4_FAN,F4,A|SW,0,1,8382,-967.4104441002273
D:F4_FAN,F4,A|SW,1,0,3510,-627.184638136052
D:F4_FAN,F4,A|SW,1,1,1487,-163.4737101996434
D:F4_FAN,F4,A|SWH,0,0,8291,-1147.484197440237
D:F4_FAN,F4,A|SWH,0,1,998,-68.32416415947955
D:F4_FAN,F4,A|SWH,1,0,24344,-4538.422991668162
D:F4_FAN,F4,A|SWH,1,1,10718,-1401.966250387697
D:F4_FAN,F4,HI|FC,2,2,3874,-384.35297117994924
D:F4_FAN,F4,HI|FC,2,3,271,-12.24778516869992
D:F4_FAN,F4,HI|FC,3,2,572,-35.47927460214123
D:F4_FAN,F4,HI|FC,3,3,55,-13.305661752820015
D:F4_FAN,F4,HI|LTF,2,2,3764,-364.16526917049487
D:F4_FAN,F4,HI|LTF,2,3,220,-10.058805878274143
D:F4_FAN,F4,HI|LTF,3,2,746,-63.77071306435391
D:F4_FAN,F4,HI|LTF,3,3,78,-13.057784646749496
D:F4_FAN,F4,HI|SW,2,2,1287,-125.01912514930882
D:F4_FAN,F4,HI|SW,2,3,140,4.718445036560297
D:F4_FAN,F4,HI|SW,3,2,143,-16.418133990839124
D:F4_FAN,F4,HI|SW,3,3,25,-4.842332154512405
D:F4_FAN,F4,HI|SWH,2,2,3407,-332.286941545899
D:F4_FAN,F4,HI|SWH,2,3,41,3.2895922549068928
D:F4_FAN,F4,HI|SWH,3,2,1187,-101.75103170257353
D:F4_FAN,F4,HI|SWH,3,3,144,-12.30731987580657
D:F4_FAN,F4,T15|FC,0,0,27472,-4832.352800617478
D:F4_FAN,F4,T1h|FC,2,2,4202,-419.77087554901664
D:F4_FAN,F4,T30|FC,1,1,11302,-1450.7745637559347
D:F4_FAN,F4,T4h|FC,3,3,151,-11.467300903052092
D:F4_PULL,F4,ALLINF|FC,0,0,30729,-5384.79061335689
D:F4_PULL,F4,ALLINF|FC,0,1,12197,-1867.9052333146246
D:F4_PULL,F4,ALLINF|FC,0,2,4219,-466.69589180215553
D:F4_PULL,F4,ALLINF|FC,0,3,1034,-27.17564472752565
D:F4_PULL,F4,ALLINF|FC,1,0,10971,-1672.6316651356174
D:F4_PULL,F4,ALLINF|FC,1,1,9586,-1265.8241546479549
D:F4_PULL,F4,ALLINF|FC,1,2,4197,-385.39946302448516
D:F4_PULL,F4,ALLINF|FC,1,3,695,-47.52943429767038
D:F4_PULL,F4,ALLINF|FC,2,0,11415,-2036.2420053431124
D:F4_PULL,F4,ALLINF|FC,2,1,5707,-654.0423979569459
D:F4_PULL,F4,ALLINF|FC,2,2,5504,-490.0680510375587
D:F4_PULL,F4,ALLINF|FC,2,3,793,-27.140678944822866
D:F4_PULL,F4,ALLINF|FC,3,0,8848,-1831.9114320714943
D:F4_PULL,F4,ALLINF|FC,3,1,4094,-711.6788307308161
D:F4_PULL,F4,ALLINF|FC,3,2,1738,-268.2117084905767
D:F4_PULL,F4,ALLINF|FC,3,3,1098,-32.06531210243702
D:F4_PULL,F4,ALLINF|SWH,0,0,10745,-1353.56761406039
D:F4_PULL,F4,ALLINF|SWH,0,1,652,-83.93458649129025
D:F4_PULL,F4,ALLINF|SWH,0,2,113,-4.656893834471703
D:F4_PULL,F4,ALLINF|SWH,0,3,2,0.18084456399083138
D:F4_PULL,F4,ALLINF|SWH,1,0,10888,-1936.0679481546103
D:F4_PULL,F4,ALLINF|SWH,1,1,6641,-728.8189480773945
D:F4_PULL,F4,ALLINF|SWH,1,2,478,-43.15536188799888
D:F4_PULL,F4,ALLINF|SWH,1,3,10,-0.9175798655196559
D:F4_PULL,F4,ALLINF|SWH,2,0,16705,-3436.3074859560875
D:F4_PULL,F4,ALLINF|SWH,2,1,10912,-1603.3702728334465
D:F4_PULL,F4,ALLINF|SWH,2,2,7646,-759.9275793822217
D:F4_PULL,F4,ALLINF|SWH,2,3,107,-6.5365324397571385
D:F4_PULL,F4,ALLINF|SWH,3,0,25616,-4610.389251762179
D:F4_PULL,F4,ALLINF|SWH,3,1,12842,-1997.7518499010694
D:F4_PULL,F4,ALLINF|SWH,3,2,6247,-692.171148463487
D:F4_PULL,F4,ALLINF|SWH,3,3,2574,-89.68711600841198
D:F4_PULL,F4,ALL|FC,0,0,34626,-5884.994362263918
D:F4_PULL,F4,ALL|FC,0,1,12871,-1991.5082569704537
D:F4_PULL,F4,ALL|FC,0,2,3621,-451.5999457763537
D:F4_PULL,F4,ALL|FC,0,3,268,-16.41343850339763
D:F4_PULL,F4,ALL|FC,1,0,11569,-1884.2043476859108
D:F4_PULL,F4,ALL|FC,1,1,9603,-1399.669365469439
D:F4_PULL,F4,ALL|FC,1,2,3532,-414.77226991043426
D:F4_PULL,F4,ALL|FC,1,3,163,-27.391530578956008
D:F4_PULL,F4,ALL|FC,2,0,10920,-2151.9928723275953
D:F4_PULL,F4,ALL|FC,2,1,5320,-649.1863129852572
D:F4_PULL,F4,ALL|FC,2,2,4624,-460.8369100039763
D:F4_PULL,F4,ALL|FC,2,3,160,-20.798920711502433
D:F4_PULL,F4,ALL|FC,3,0,2947,-851.5506254734937
D:F4_PULL,F4,ALL|FC,3,1,1449,-282.89688377734274
D:F4_PULL,F4,ALL|FC,3,2,593,-113.6287824511528
D:F4_PULL,F4,ALL|FC,3,3,179,-18.094747208990157
D:F4_PULL,F4,ALL|LTF,0,0,29456,-4643.716597911531
D:F4_PULL,F4,ALL|LTF,0,1,9513,-1427.7829218709303
D:F4_PULL,F4,ALL|LTF,0,2,2590,-286.4408654520521
D:F4_PULL,F4,ALL|LTF,0,3,192,-14.668197036487982
D:F4_PULL,F4,ALL|LTF,1,0,14689,-2891.6680761183234
D:F4_PULL,F4,ALL|LTF,1,1,10430,-1749.4488364863864
D:F4_PULL,F4,ALL|LTF,1,2,3273,-522.4886717807967
D:F4_PULL,F4,ALL|LTF,1,3,173,-22.040971452370286
D:F4_PULL,F4,ALL|LTF,2,0,13391,-2537.652411473944
D:F4_PULL,F4,ALL|LTF,2,1,7320,-758.4587713070796
D:F4_PULL,F4,ALL|LTF,2,2,5392,-478.5409751823663
D:F4_PULL,F4,ALL|LTF,2,3,173,-23.70739253796637
D:F4_PULL,F4,ALL|LTF,3,0,3502,-908.0809032751713
D:F4_PULL,F4,ALL|LTF,3,1,1713,-339.6768273767084
D:F4_PULL,F4,ALL|LTF,3,2,731,-127.53918690475984
D:F4_PULL,F4,ALL|LTF,3,3,200,-13.53975932020694
D:F4_PULL,F4,ALL|SW,0,0,26792,-4400.978129520052
D:F4_PULL,F4,ALL|SW,0,1,8244,-1089.160327911959
D:F4_PULL,F4,ALL|SW,0,2,1799,-217.56736721575726
D:F4_PULL,F4,ALL|SW,0,3,69,-8.035751942545176
D:F4_PULL,F4,ALL|SW,1,0,4971,-793.1091844365874
D:F4_PULL,F4,ALL|SW,1,1,8060,-1143.0259468170698
D:F4_PULL,F4,ALL|SW,1,2,2608,-354.4770619609044
D:F4_PULL,F4,ALL|SW,1,3,72,-10.934374898672104
D:F4_PULL,F4,ALL|SW,2,0,1580,-308.833108691033
D:F4_PULL,F4,ALL|SW,2,1,2054,-262.80187811900396
D:F4_PULL,F4,ALL|SW,2,2,2993,-325.0154710269471
D:F4_PULL,F4,ALL|SW,2,3,90,-7.574136836454272
D:F4_PULL,F4,ALL|SW,3,0,142,-39.05017116153613
D:F4_PULL,F4,ALL|SW,3,1,142,-30.944847624748945
D:F4_PULL,F4,ALL|SW,3,2,156,-24.55003814958036
D:F4_PULL,F4,ALL|SW,3,3,104,-4.132672036765143
D:F4_PULL,F4,ALL|SWH,0,0,15236,-2057.708773498569
D:F4_PULL,F4,ALL|SWH,0,1,920,-123.2085809384007
D:F4_PULL,F4,ALL|SWH,0,2,112,-12.385390117764473
D:F4_PULL,F4,ALL|SWH,1,0,15910,-2808.616386839203
D:F4_PULL,F4,ALL|SWH,1,1,9426,-1180.338465490735
D:F4_PULL,F4,ALL|SWH,1,2,589,-56.93395005678758
D:F4_PULL,F4,ALL|SWH,1,3,5,1.1871569901704788
D:F4_PULL,F4,ALL|SWH,2,0,21656,-4213.879884154427
D:F4_PULL,F4,ALL|SWH,2,1,13281,-2150.8676275966573
D:F4_PULL,F4,ALL|SWH,2,2,8197,-981.5680042204822
D:F4_PULL,F4,ALL|SWH,2,3,32,-4.365346327424049
D:F4_PULL,F4,ALL|SWH,3,0,8914,-2010.2972619381617
D:F4_PULL,F4,ALL|SWH,3,1,4460,-756.3411011287753
D:F4_PULL,F4,ALL|SWH,3,2,2090,-214.04921931333956
D:F4_PULL,F4,ALL|SWH,3,3,499,-51.83765200502239
D:F4_PULL,F4,A|FC,0,0,43458,-7889.452019019438
D:F4_PULL,F4,A|FC,0,1,16131,-2447.2857009141153
D:F4_PULL,F4,A|FC,1,0,14798,-2546.847358088009
D:F4_PULL,F4,A|FC,1,1,12319,-1721.438184263723
D:F4_PULL,F4,A|LTF,0,0,37376,-6265.420794036974
D:F4_PULL,F4,A|LTF,0,1,12074,-1694.3424610766742
D:F4_PULL,F4,A|LTF,1,0,21998,-4419.998451925916
D:F4_PULL,F4,A|LTF,1,1,15482,-2347.7017033723023
D:F4_PULL,F4,A|SW,0,0,28135,-4734.485131886759
D:F4_PULL,F4,A|SW,0,1,8876,-1162.4351624413684
D:F4_PULL,F4,A|SW,1,0,5342,-841.0385569884384
D:F4_PULL,F4,A|SW,1,1,9034,-1296.422666258004
D:F4_PULL,F4,A|SWH,0,0,22081,-3083.1371987569146
D:F4_PULL,F4,A|SWH,0,1,1517,-237.38280413812026
D:F4_PULL,F4,A|SWH,1,0,37644,-7726.8694276508395
D:F4_PULL,F4,A|SWH,1,1,24079,-3625.1285868356936
D:F4_PULL,F4,HI|FC,2,2,9401,-1103.0356787391847
D:F4_PULL,F4,HI|FC,2,3,325,-36.05208305455744
D:F4_PULL,F4,HI|FC,3,2,1295,-149.62521204867517
D:F4_PULL,F4,HI|FC,3,3,329,-39.73971964768134
D:F4_PULL,F4,HI|LTF,2,2,9241,-1101.0265796212389
D:F4_PULL,F4,HI|LTF,2,3,274,-34.33405586332083
D:F4_PULL,F4,HI|LTF,3,2,1482,-148.50940967074712
D:F4_PULL,F4,HI|LTF,3,3,367,-32.64218992157839
D:F4_PULL,F4,HI|SW,2,2,6208,-701.445908902946
D:F4_PULL,F4,HI|SW,2,3,122,-16.237075684592128
D:F4_PULL,F4,HI|SW,3,2,205,-22.082700960338116
D:F4_PULL,F4,HI|SW,3,3,212,-13.705240218667313
D:F4_PULL,F4,HI|SWH,2,2,8679,-1031.5749134484122
D:F4_PULL,F4,HI|SWH,2,3,39,-4.9643770679831505
D:F4_PULL,F4,HI|SWH,3,2,2098,-216.8609389171761
D:F4_PULL,F4,HI|SWH,3,3,501,-51.4001118761953
D:F4_PULL,F4,T15|FC,0,0,55638,-9975.293173515856
D:F4_PULL,F4,T1h|FC,2,2,10387,-1228.1184330131127
D:F4_PULL,F4,T30|FC,1,1,25220,-3790.9962076313095
D:F4_PULL,F4,T4h|FC,3,3,523,-53.66088933474384
D:F4_PULL_RSI,F4,ALLINF|FC,0,0,486,-99.12659937338321
D:F4_PULL_RSI,F4,ALLINF|FC,0,1,155,-25.875565274618566
D:F4_PULL_RSI,F4,ALLINF|FC,0,2,20,-6.351890929043293
D:F4_PULL_RSI,F4,ALLINF|FC,0,3,12,1.6428959891200066
D:F4_PULL_RSI,F4,ALLINF|FC,1,0,62,-25.420054752379656
D:F4_PULL_RSI,F4,ALLINF|FC,1,1,195,-10.424975825473666
D:F4_PULL_RSI,F4,ALLINF|FC,1,2,61,-6.080229099839926
D:F4_PULL_RSI,F4,ALLINF|FC,1,3,2,0.08334045112133026
D:F4_PULL_RSI,F4,ALLINF|FC,2,0,85,-11.01871838606894
D:F4_PULL_RSI,F4,ALLINF|FC,2,1,33,-11.167073658667505
D:F4_PULL_RSI,F4,ALLINF|FC,2,2,123,-8.511193992919289
D:F4_PULL_RSI,F4,ALLINF|FC,2,3,2,-1.0111168250441551
D:F4_PULL_RSI,F4,ALLINF|FC,3,0,34,-4.399989786732476
D:F4_PULL_RSI,F4,ALLINF|FC,3,1,20,-8.130541438236833
D:F4_PULL_RSI,F4,ALLINF|FC,3,2,10,-0.7430641353130341
D:F4_PULL_RSI,F4,ALLINF|FC,3,3,20,2.220308401854709
D:F4_PULL_RSI,F4,ALLINF|SWH,0,0,451,-77.03019710452645
D:F4_PULL_RSI,F4,ALLINF|SWH,0,1,6,0.1613425761461258
D:F4_PULL_RSI,F4,ALLINF|SWH,1,0,102,-48.07471990585327
D:F4_PULL_RSI,F4,ALLINF|SWH,1,1,230,-18.026269160211086
D:F4_PULL_RSI,F4,ALLINF|SWH,1,2,3,1.378946766257286
D:F4_PULL_RSI,F4,ALLINF|SWH,2,0,88,-13.379104370251298
D:F4_PULL_RSI,F4,ALLINF|SWH,2,1,62,-12.994502534158528
D:F4_PULL_RSI,F4,ALLINF|SWH,2,2,136,-9.364568168646656
D:F4_PULL_RSI,F4,ALLINF|SWH,3,0,45,-9.882085646677297
D:F4_PULL_RSI,F4,ALLINF|SWH,3,1,21,-7.904803106561303
D:F4_PULL_RSI,F4,ALLINF|SWH,3,2,15,-2.0754572600126266
D:F4_PULL_RSI,F4,ALLINF|SWH,3,3,24,2.6733743001241237
D:F4_PULL_RSI,F4,ALL|FC,0,0,479,-96.75791500211926
D:F4_PULL_RSI,F4,ALL|FC,0,1,151,-27.509501448832452
D:F4_PULL_RSI,F4,ALL|FC,0,2,16,-5.32325304299593
D:F4_PULL_RSI,F4,ALL|FC,1,0,60,-23.31748052313924
D:F4_PULL_RSI,F4,ALL|FC,1,1,175,-12.2663599755615
D:F4_PULL_RSI,F4,ALL|FC,1,2,52,-5.34541143104434
D:F4_PULL_RSI,F4,ALL|FC,2,0,64,-15.606384292244911
D:F4_PULL_RSI,F4,ALL|FC,2,1,28,-9.69237793982029
D:F4_PULL_RSI,F4,ALL|FC,2,2,85,-9.029218953102827
D:F4_PULL_RSI,F4,ALL|FC,3,0,12,-3.50690133869648
D:F4_PULL_RSI,F4,ALL|FC,3,1,4,-1.077025592327118
D:F4_PULL_RSI,F4,ALL|FC,3,2,4,1.6039861589670181
D:F4_PULL_RSI,F4,ALL|LTF,0,0,465,-89.4664462179062
D:F4_PULL_RSI,F4,ALL|LTF,0,1,131,-19.248399688862264
D:F4_PULL_RSI,F4,ALL|LTF,0,2,15,-4.248053200542927
D:F4_PULL_RSI,F4,ALL|LTF,1,0,85,-37.41217540577054
D:F4_PULL_RSI,F4,ALL|LTF,1,1,175,-14.185281574726105
D:F4_PULL_RSI,F4,ALL|LTF,1,2,40,-1.6835732981562614
D:F4_PULL_RSI,F4,ALL|LTF,2,0,68,-13.87579046189785
D:F4_PULL_RSI,F4,ALL|LTF,2,1,50,-14.822897529229522
D:F4_PULL_RSI,F4,ALL|LTF,2,2,85,-9.029218953102827
D:F4_PULL_RSI,F4,ALL|LTF,3,0,12,-3.50690133869648
D:F4_PULL_RSI,F4,ALL|LTF,3,1,4,-1.077025592327118
D:F4_PULL_RSI,F4,ALL|LTF,3,2,4,1.6039861589670181
D:F4_PULL_RSI,F4,ALL|SW,0,0,339,-70.24492381309392
D:F4_PULL_RSI,F4,ALL|SW,0,1,31,-12.299784488976002
D:F4_PULL_RSI,F4,ALL|SW,0,2,1,-1.075199842453003
D:F4_PULL_RSI,F4,ALL|SW,1,0,21,-2.553196582943201
D:F4_PULL_RSI,F4,ALL|SW,1,1,154,-9.324017876759171
D:F4_PULL_RSI,F4,ALL|SW,1,2,18,-2.745372522622347
D:F4_PULL_RSI,F4,ALL|SW,2,0,5,-1.126797467470169
D:F4_PULL_RSI,F4,ALL|SW,2,1,7,-3.570789158344269
D:F4_PULL_RSI,F4,ALL|SW,2,2,72,-5.904010448604822
D:F4_PULL_RSI,F4,ALL|SWH,0,0,452,-82.60383566544624
D:F4_PULL_RSI,F4,ALL|SWH,0,1,5,0.07609300315380096
D:F4_PULL_RSI,F4,ALL|SWH,1,0,98,-43.678613387048244
D:F4_PULL_RSI,F4,ALL|SWH,1,1,206,-19.92656695842743
D:F4_PULL_RSI,F4,ALL|SWH,1,2,2,1.6083002090454102
D:F4_PULL_RSI,F4,ALL|SWH,2,0,69,-15.2386205047369
D:F4_PULL_RSI,F4,ALL|SWH,2,1,58,-12.880114933475852
D:F4_PULL_RSI,F4,ALL|SWH,2,2,98,-11.232336778193712
D:F4_PULL_RSI,F4,ALL|SWH,3,0,12,-3.50690133869648
D:F4_PULL_RSI,F4,ALL|SWH,3,1,4,-1.077025592327118
D:F4_PULL_RSI,F4,ALL|SWH,3,2,4,1.6039861589670181
D:F4_PULL_RSI,F4,A|FC,0,0,498,-101.1782248437521
D:F4_PULL_RSI,F4,A|FC,0,1,157,-26.551009408198297
D:F4_PULL_RSI,F4,A|FC,1,0,62,-24.20810093358159
D:F4_PULL_RSI,F4,A|FC,1,1,178,-15.48637025617063
D:F4_PULL_RSI,F4,A|LTF,0,0,484,-93.31877377332421
D:F4_PULL_RSI,F4,A|LTF,0,1,135,-16.04105646815151
D:F4_PULL_RSI,F4,A|LTF,1,0,92,-38.904084119945765
D:F4_PULL_RSI,F4,A|LTF,1,1,185,-19.258795274421573
D:F4_PULL_RSI,F4,A|SW,0,0,341,-70.76602642034413
D:F4_PULL_RSI,F4,A|SW,0,1,31,-12.299784488976002
D:F4_PULL_RSI,F4,A|SW,1,0,21,-2.553196582943201
D:F4_PULL_RSI,F4,A|SW,1,1,156,-11.609950060024858
D:F4_PULL_RSI,F4,A|SWH,0,0,471,-86.6115685038385
D:F4_PULL_RSI,F4,A|SWH,0,1,5,0.07609300315380096
D:F4_PULL_RSI,F4,A|SWH,1,0,108,-47.23097752779722
D:F4_PULL_RSI,F4,A|SWH,1,1,223,-24.8638499956578
D:F4_PULL_RSI,F4,HI|FC,2,2,98,-11.232336778193712
D:F4_PULL_RSI,F4,HI|FC,3,2,4,1.6039861589670181
D:F4_PULL_RSI,F4,HI|LTF,2,2,98,-11.232336778193712
D:F4_PULL_RSI,F4,HI|LTF,3,2,4,1.6039861589670181
D:F4_PULL_RSI,F4,HI|SW,2,2,74,-5.462797004729509
D:F4_PULL_RSI,F4,HI|SWH,2,2,98,-11.232336778193712
D:F4_PULL_RSI,F4,HI|SWH,3,2,4,1.6039861589670181
D:F4_PULL_RSI,F4,T15|FC,0,0,506,-109.02202860714169
D:F4_PULL_RSI,F4,T1h|FC,2,2,98,-11.232336778193712
D:F4_PULL_RSI,F4,T30|FC,1,1,223,-24.8638499956578
D:F5_BOX,F5,ALLINF|FC,0,0,4740,-1053.8979477365501
D:F5_BOX,F5,ALLINF|FC,0,1,1596,-197.66356631671079
D:F5_BOX,F5,ALLINF|FC,0,2,427,-27.282255481695756
D:F5_BOX,F5,ALLINF|FC,0,3,55,3.654247172176838
D:F5_BOX,F5,ALLINF|FC,1,0,698,-125.77625196706504
D:F5_BOX,F5,ALLINF|FC,1,1,1052,-175.6244851347874
D:F5_BOX,F5,ALLINF|FC,1,2,483,-12.780688169179484
D:F5_BOX,F5,ALLINF|FC,1,3,23,-2.4728555125184357
D:F5_BOX,F5,ALLINF|FC,2,0,564,-129.6779055800289
D:F5_BOX,F5,ALLINF|FC,2,1,273,-6.917509465478361
D:F5_BOX,F5,ALLINF|FC,2,2,539,-7.980190217087511
D:F5_BOX,F5,ALLINF|FC,2,3,42,-4.214308092836291
D:F5_BOX,F5,ALLINF|FC,3,0,455,-97.9618966691196
D:F5_BOX,F5,ALLINF|FC,3,1,165,-32.571191960945725
D:F5_BOX,F5,ALLINF|FC,3,2,113,-12.492244678549469
D:F5_BOX,F5,ALLINF|FC,3,3,162,-14.757499466300942
D:F5_BOX,F5,ALLINF|SWH,0,0,3742,-721.9657029160298
D:F5_BOX,F5,ALLINF|SWH,0,1,363,-25.81751930527389
D:F5_BOX,F5,ALLINF|SWH,0,2,56,-3.0987807491328567
D:F5_BOX,F5,ALLINF|SWH,0,3,1,0.07687434554100037
D:F5_BOX,F5,ALLINF|SWH,1,0,1272,-261.35650594811887
D:F5_BOX,F5,ALLINF|SWH,1,1,1447,-159.22530797467334
D:F5_BOX,F5,ALLINF|SWH,1,2,211,-20.34639990516007
D:F5_BOX,F5,ALLINF|SWH,1,3,4,0.6644655466079712
D:F5_BOX,F5,ALLINF|SWH,2,0,998,-309.89194318652153
D:F5_BOX,F5,ALLINF|SWH,2,1,683,-112.08542059513275
D:F5_BOX,F5,ALLINF|SWH,2,2,895,1.0502981298486702
D:F5_BOX,F5,ALLINF|SWH,2,3,11,-3.175494495779276
D:F5_BOX,F5,ALLINF|SWH,3,0,585,-156.64834579080343
D:F5_BOX,F5,ALLINF|SWH,3,1,234,-52.70148562011309
D:F5_BOX,F5,ALLINF|SWH,3,2,174,-25.522498014383018
D:F5_BOX,F5,ALLINF|SWH,3,3,181,-19.595011087716557
D:F5_BOX,F5,ALL|FC,0,0,4907,-1076.6669096634723
D:F5_BOX,F5,ALL|FC,0,1,1553,-198.4311773639638
D:F5_BOX,F5,ALL|FC,0,2,385,-22.895956804975867
D:F5_BOX,F5,ALL|FC,0,3,9,1.277413547039032
D:F5_BOX,F5,ALL|FC,1,0,713,-138.88738993089646
D:F5_BOX,F5,ALL|FC,1,1,1032,-179.7642018251936
D:F5_BOX,F5,ALL|FC,1,2,432,-12.408695540390909
D:F5_BOX,F5,ALL|FC,1,3,4,-0.24153903871774673
D:F5_BOX,F5,ALL|FC,2,0,519,-146.6963145043701
D:F5_BOX,F5,ALL|FC,2,1,259,-19.67568796221167
D:F5_BOX,F5,ALL|FC,2,2,476,-10.303115439193789
D:F5_BOX,F5,ALL|FC,2,3,10,-4.1778257340192795
D:F5_BOX,F5,ALL|FC,3,0,112,-10.546431165188551
D:F5_BOX,F5,ALL|FC,3,1,37,-5.772309649735689
D:F5_BOX,F5,ALL|FC,3,2,22,-7.248979888856411
D:F5_BOX,F5,ALL|FC,3,3,29,-6.329716093838215
D:F5_BOX,F5,ALL|LTF,0,0,4805,-1040.538521330338
D:F5_BOX,F5,ALL|LTF,0,1,1424,-178.8973629924003
D:F5_BOX,F5,ALL|LTF,0,2,363,-16.066344251856208
D:F5_BOX,F5,ALL|LTF,0,3,7,2.231762334704399
D:F5_BOX,F5,ALL|LTF,1,0,863,-169.27883353456855
D:F5_BOX,F5,ALL|LTF,1,1,1090,-180.8385419488768
D:F5_BOX,F5,ALL|LTF,1,2,429,-21.17854323517531
D:F5_BOX,F5,ALL|LTF,1,3,5,-1.2870870009064674
D:F5_BOX,F5,ALL|LTF,2,0,549,-172.60602637939155
D:F5_BOX,F5,ALL|LTF,2,1,300,-36.59088128153235
D:F5_BOX,F5,ALL|LTF,2,2,483,-8.700471949356142
D:F5_BOX,F5,ALL|LTF,2,3,12,-5.100898057222366
D:F5_BOX,F5,ALL|LTF,3,0,106,-7.736024301499128
D:F5_BOX,F5,ALL|LTF,3,1,33,-5.826922882348299
D:F5_BOX,F5,ALL|LTF,3,2,21,-7.415545158088207
D:F5_BOX,F5,ALL|LTF,3,3,29,-6.361610896885395
D:F5_BOX,F5,ALL|SW,0,0,3372,-698.4204434570856
D:F5_BOX,F5,ALL|SW,0,1,802,-110.83718283288181
D:F5_BOX,F5,ALL|SW,0,2,133,-20.496445796452463
D:F5_BOX,F5,ALL|SW,0,3,4,-0.21515409648418427
D:F5_BOX,F5,ALL|SW,1,0,242,-41.23958485759795
D:F5_BOX,F5,ALL|SW,1,1,942,-134.98971016163705
D:F5_BOX,F5,ALL|SW,1,2,275,-11.019923727959394
D:F5_BOX,F5,ALL|SW,1,3,1,0.19356296956539154
D:F5_BOX,F5,ALL|SW,2,0,84,-23.02016319334507
D:F5_BOX,F5,ALL|SW,2,1,99,-12.853852603584528
D:F5_BOX,F5,ALL|SW,2,2,403,-3.6869704302516766
D:F5_BOX,F5,ALL|SW,2,3,2,-2.0973583459854126
D:F5_BOX,F5,ALL|SW,3,0,7,-3.669303685426712
D:F5_BOX,F5,ALL|SW,3,1,4,0.4414830803871155
D:F5_BOX,F5,ALL|SW,3,2,1,-1.0757291316986084
D:F5_BOX,F5,ALL|SW,3,3,15,-6.084380157291889
D:F5_BOX,F5,ALL|SWH,0,0,3931,-746.69998504268
D:F5_BOX,F5,ALL|SWH,0,1,354,-18.49533029086888
D:F5_BOX,F5,ALL|SWH,0,2,48,0.3504200726747513
D:F5_BOX,F5,ALL|SWH,1,0,1307,-283.2140859020874
D:F5_BOX,F5,ALL|SWH,1,1,1461,-164.99100089847343
D:F5_BOX,F5,ALL|SWH,1,2,196,-18.90745281148702
D:F5_BOX,F5,ALL|SWH,2,0,995,-342.55879861675203
D:F5_BOX,F5,ALL|SWH,2,1,636,-127.87561197672039
D:F5_BOX,F5,ALL|SWH,2,2,810,-8.440294391068164
D:F5_BOX,F5,ALL|SWH,2,3,2,-2.113017439842224
D:F5_BOX,F5,ALL|SWH,3,0,162,-43.89740638062358
D:F5_BOX,F5,ALL|SWH,3,1,69,-24.985043364809826
D:F5_BOX,F5,ALL|SWH,3,2,49,-12.283067017793655
D:F5_BOX,F5,ALL|SWH,3,3,34,-7.866898246109486
D:F5_BOX,F5,A|FC,0,0,5267,-1168.5929051325656
D:F5_BOX,F5,A|FC,0,1,1689,-193.47056931932457
D:F5_BOX,F5,A|FC,1,0,756,-152.94517896976322
D:F5_BOX,F5,A|FC,1,1,1105,-200.03798995603574
D:F5_BOX,F5,A|LTF,0,0,5171,-1141.2843350530602
D:F5_BOX,F5,A|LTF,0,1,1563,-184.55678600654937
D:F5_BOX,F5,A|LTF,1,0,921,-195.94476011116058
D:F5_BOX,F5,A|LTF,1,1,1177,-203.08913756598486
D:F5_BOX,F5,A|SW,0,0,3459,-718.6689741057344
D:F5_BOX,F5,A|SW,0,1,838,-115.61464499123394
D:F5_BOX,F5,A|SW,1,0,260,-56.81068097986281
D:F5_BOX,F5,A|SW,1,1,992,-145.10241696069716
D:F5_BOX,F5,A|SWH,0,0,4410,-896.6029970259406
D:F5_BOX,F5,A|SWH,0,1,449,-50.48104021139443
D:F5_BOX,F5,A|SWH,1,0,1713,-442.89705125335604
D:F5_BOX,F5,A|SWH,1,1,1884,-272.1180212335312
D:F5_BOX,F5,HI|FC,2,2,941,-18.219164753856603
D:F5_BOX,F5,HI|FC,2,3,18,-6.008806198835373
D:F5_BOX,F5,HI|FC,3,2,22,-8.533939428627491
D:F5_BOX,F5,HI|FC,3,3,25,-4.638770736753941
D:F5_BOX,F5,HI|LTF,2,2,941,-18.219164753856603
D:F5_BOX,F5,HI|LTF,2,3,18,-6.008806198835373
D:F5_BOX,F5,HI|LTF,3,2,22,-8.533939428627491
D:F5_BOX,F5,HI|LTF,3,3,25,-4.638770736753941
D:F5_BOX,F5,HI|SW,2,2,680,-18.913194886001293
D:F5_BOX,F5,HI|SW,2,3,5,-1.5110854655504227
D:F5_BOX,F5,HI|SW,3,2,2,-0.12392193078994751
D:F5_BOX,F5,HI|SW,3,3,22,-7.1803293004632
D:F5_BOX,F5,HI|SWH,2,2,919,-15.678179862501565
D:F5_BOX,F5,HI|SWH,2,3,4,-1.7203075289726257
D:F5_BOX,F5,HI|SWH,3,2,49,-12.283067017793655
D:F5_BOX,F5,HI|SWH,3,3,33,-8.043923191726208
D:F5_BOX,F5,T15|FC,0,0,5668,-1260.6014703302644
D:F5_BOX,F5,T1h|FC,2,2,948,-23.56538170814747
D:F5_BOX,F5,T30|FC,1,1,2122,-303.70298401877517
D:F5_BOX,F5,T4h|FC,3,3,35,-8.938059993088245
D:F5_BOX_HTF,F5,ALLINF|FC,0,0,1627,-415.5498630760703
D:F5_BOX_HTF,F5,ALLINF|FC,0,1,550,-77.07299449830316
D:F5_BOX_HTF,F5,ALLINF|FC,0,2,152,-16.23688201792538
D:F5_BOX_HTF,F5,ALLINF|FC,0,3,8,0.33492332696914673
D:F5_BOX_HTF,F5,ALLINF|FC,1,0,257,-41.02248430810869
D:F5_BOX_HTF,F5,ALLINF|FC,1,1,398,-50.905742968432605
D:F5_BOX_HTF,F5,ALLINF|FC,1,2,167,-5.222092244774103
D:F5_BOX_HTF,F5,ALLINF|FC,1,3,7,0.20251797884702682
D:F5_BOX_HTF,F5,ALLINF|FC,2,0,178,-62.81822446733713
D:F5_BOX_HTF,F5,ALLINF|FC,2,1,81,-15.443258354440331
D:F5_BOX_HTF,F5,ALLINF|FC,2,2,206,-14.466585929796565
D:F5_BOX_HTF,F5,ALLINF|FC,2,3,13,-4.932842127978802
D:F5_BOX_HTF,F5,ALLINF|FC,3,0,103,-25.885773979127407
D:F5_BOX_HTF,F5,ALLINF|FC,3,1,40,-5.674607394263148
D:F5_BOX_HTF,F5,ALLINF|FC,3,2,27,2.538435947149992
D:F5_BOX_HTF,F5,ALLINF|FC,3,3,45,-8.700149590149522
D:F5_BOX_HTF,F5,ALLINF|SWH,0,0,1394,-324.1502636282239
D:F5_BOX_HTF,F5,ALLINF|SWH,0,1,189,-17.96854704990983
D:F5_BOX_HTF,F5,ALLINF|SWH,0,2,30,-9.325573697686195
D:F5_BOX_HTF,F5,ALLINF|SWH,1,0,419,-101.90885182842612
D:F5_BOX_HTF,F5,ALLINF|SWH,1,1,515,-54.714260454755276
D:F5_BOX_HTF,F5,ALLINF|SWH,1,2,88,-7.689132127910852
D:F5_BOX_HTF,F5,ALLINF|SWH,2,0,281,-94.88101854547858
D:F5_BOX_HTF,F5,ALLINF|SWH,2,1,196,-46.50693475571461
D:F5_BOX_HTF,F5,ALLINF|SWH,2,2,310,-5.291873087466229
D:F5_BOX_HTF,F5,ALLINF|SWH,2,3,3,-1.8442639708518982
D:F5_BOX_HTF,F5,ALLINF|SWH,3,0,121,-30.553017117083073
D:F5_BOX_HTF,F5,ALLINF|SWH,3,1,53,-10.139729684218764
D:F5_BOX_HTF,F5,ALLINF|SWH,3,2,39,-5.2189151383936405
D:F5_BOX_HTF,F5,ALLINF|SWH,3,3,57,-11.240391792729497
D:F5_BOX_HTF,F5,ALL|FC,0,0,1663,-423.13782330066897
D:F5_BOX_HTF,F5,ALL|FC,0,1,538,-74.28518295451067
D:F5_BOX_HTF,F5,ALL|FC,0,2,148,-13.215257974341512
D:F5_BOX_HTF,F5,ALL|FC,0,3,6,0.26631423085927963
D:F5_BOX_HTF,F5,ALL|FC,1,0,255,-45.08718114160001
D:F5_BOX_HTF,F5,ALL|FC,1,1,398,-54.47391527052969
D:F5_BOX_HTF,F5,ALL|FC,1,2,164,-1.9938725605607033
D:F5_BOX_HTF,F5,ALL|FC,1,3,1,0.5587754845619202
D:F5_BOX_HTF,F5,ALL|FC,2,0,175,-66.12774691730738
D:F5_BOX_HTF,F5,ALL|FC,2,1,79,-16.966712633147836
D:F5_BOX_HTF,F5,ALL|FC,2,2,200,-15.87977028201567
D:F5_BOX_HTF,F5,ALL|FC,2,3,9,-4.34840901196003
D:F5_BOX_HTF,F5,ALL|FC,3,0,31,-5.598185908049345
D:F5_BOX_HTF,F5,ALL|FC,3,1,10,-0.50151302292943
D:F5_BOX_HTF,F5,ALL|FC,3,2,6,-0.3126051425933838
D:F5_BOX_HTF,F5,ALL|FC,3,3,17,-6.13684469461441
D:F5_BOX_HTF,F5,ALL|LTF,0,0,1636,-415.74288599402644
D:F5_BOX_HTF,F5,ALL|LTF,0,1,500,-73.37086613546126
D:F5_BOX_HTF,F5,ALL|LTF,0,2,147,-14.305701272562146
D:F5_BOX_HTF,F5,ALL|LTF,0,3,5,1.365918479859829
D:F5_BOX_HTF,F5,ALL|LTF,1,0,306,-58.04213234782219
D:F5_BOX_HTF,F5,ALL|LTF,1,1,417,-54.725061415694654
D:F5_BOX_HTF,F5,ALL|LTF,1,2,160,-2.9777812268584967
D:F5_BOX_HTF,F5,ALL|LTF,1,3,1,0.5587754845619202
D:F5_BOX_HTF,F5,ALL|LTF,2,0,176,-63.13709307461977
D:F5_BOX_HTF,F5,ALL|LTF,2,1,85,-15.022324891760945
D:F5_BOX_HTF,F5,ALL|LTF,2,2,197,-14.262489992484916
D:F5_BOX_HTF,F5,ALL|LTF,2,3,9,-4.34840901196003
D:F5_BOX_HTF,F5,ALL|LTF,3,0,33,-2.6160321347415447
D:F5_BOX_HTF,F5,ALL|LTF,3,1,11,-1.7158622927963734
D:F5_BOX_HTF,F5,ALL|LTF,3,2,7,0.2338225245475769
D:F5_BOX_HTF,F5,ALL|LTF,3,3,18,-5.78128445148468
D:F5_BOX_HTF,F5,ALL|SW,0,0,1296,-303.30026492034085
D:F5_BOX_HTF,F5,ALL|SW,0,1,315,-45.302633065963164
D:F5_BOX_HTF,F5,ALL|SW,0,2,54,-14.03325904905796
D:F5_BOX_HTF,F5,ALL|SW,0,3,3,-0.48090197145938873
D:F5_BOX_HTF,F5,ALL|SW,1,0,65,-4.353759566321969
D:F5_BOX_HTF,F5,ALL|SW,1,1,355,-59.45324929011986
D:F5_BOX_HTF,F5,ALL|SW,1,2,118,-7.810728866606951
D:F5_BOX_HTF,F5,ALL|SW,1,3,1,0.19356296956539154
D:F5_BOX_HTF,F5,ALL|SW,2,0,35,-9.042788535356522
D:F5_BOX_HTF,F5,ALL|SW,2,1,27,-1.877593755722046
D:F5_BOX_HTF,F5,ALL|SW,2,2,159,-3.00729706074344
D:F5_BOX_HTF,F5,ALL|SW,2,3,2,-2.0973583459854126
D:F5_BOX_HTF,F5,ALL|SW,3,1,2,1.220310777425766
D:F5_BOX_HTF,F5,ALL|SW,3,2,1,0.9518072009086609
D:F5_BOX_HTF,F5,ALL|SW,3,3,10,-5.534754440188408
D:F5_BOX_HTF,F5,ALL|SWH,0,0,1432,-333.74282938451506
D:F5_BOX_HTF,F5,ALL|SWH,0,1,187,-14.361259583383799
D:F5_BOX_HTF,F5,ALL|SWH,0,2,30,-9.325573697686195
D:F5_BOX_HTF,F5,ALL|SWH,0,3,1,0.42149415612220764
D:F5_BOX_HTF,F5,ALL|SWH,1,0,415,-104.70874498412013
D:F5_BOX_HTF,F5,ALL|SWH,1,1,522,-59.95016795350239
D:F5_BOX_HTF,F5,ALL|SWH,1,2,89,-6.629258669912815
D:F5_BOX_HTF,F5,ALL|SWH,2,0,280,-99.97359446436167
D:F5_BOX_HTF,F5,ALL|SWH,2,1,181,-44.70656574633904
D:F5_BOX_HTF,F5,ALL|SWH,2,2,298,-5.906759043515194
D:F5_BOX_HTF,F5,ALL|SWH,2,3,1,-1.0400071144104004
D:F5_BOX_HTF,F5,ALL|SWH,3,0,43,-5.096995126456022
D:F5_BOX_HTF,F5,ALL|SWH,3,1,17,-5.474297571927309
D:F5_BOX_HTF,F5,ALL|SWH,3,2,18,-3.3368820026516914
D:F5_BOX_HTF,F5,ALL|SWH,3,3,25,-8.145447477698326
D:F5_BOX_HTF,F5,A|FC,0,0,1763,-461.77720708888955
D:F5_BOX_HTF,F5,A|FC,0,1,569,-93.98413684009574
D:F5_BOX_HTF,F5,A|FC,1,0,275,-50.57291599549353
D:F5_BOX_HTF,F5,A|FC,1,1,419,-52.43451123032719
D:F5_BOX_HTF,F5,A|LTF,0,0,1737,-453.4600816194434
D:F5_BOX_HTF,F5,A|LTF,0,1,524,-87.68754801596515
D:F5_BOX_HTF,F5,A|LTF,1,0,327,-64.677441123873
D:F5_BOX_HTF,F5,A|LTF,1,1,443,-56.976151623763144
D:F5_BOX_HTF,F5,A|SW,0,0,1321,-311.1861577362288
D:F5_BOX_HTF,F5,A|SW,0,1,324,-45.81258628168143
D:F5_BOX_HTF,F5,A|SW,1,0,68,-11.31484098173678
D:F5_BOX_HTF,F5,A|SW,1,1,372,-62.006416379939765
D:F5_BOX_HTF,F5,A|SWH,0,0,1567,-371.55404942226596
D:F5_BOX_HTF,F5,A|SWH,0,1,208,-21.497647497802973
D:F5_BOX_HTF,F5,A|SWH,1,0,509,-161.68941200524569
D:F5_BOX_HTF,F5,A|SWH,1,1,627,-91.43296803231351
D:F5_BOX_HTF,F5,HI|FC,2,2,372,-14.039598175615538
D:F5_BOX_HTF,F5,HI|FC,2,3,9,-5.602816805243492
D:F5_BOX_HTF,F5,HI|FC,3,2,7,0.2338225245475769
D:F5_BOX_HTF,F5,HI|FC,3,3,18,-4.539567291736603
D:F5_BOX_HTF,F5,HI|LTF,2,2,372,-14.039598175615538
D:F5_BOX_HTF,F5,HI|LTF,2,3,9,-5.602816805243492
D:F5_BOX_HTF,F5,HI|LTF,3,2,7,0.2338225245475769
D:F5_BOX_HTF,F5,HI|LTF,3,3,18,-4.539567291736603
D:F5_BOX_HTF,F5,HI|SW,2,2,270,-12.09073668468045
D:F5_BOX_HTF,F5,HI|SW,2,3,2,-0.8464441448450089
D:F5_BOX_HTF,F5,HI|SW,3,2,3,-1.3431395888328552
D:F5_BOX_HTF,F5,HI|SW,3,3,18,-8.95673480629921
D:F5_BOX_HTF,F5,HI|SWH,2,2,364,-10.822858290106524
D:F5_BOX_HTF,F5,HI|SWH,2,3,1,-1.0400071144104004
D:F5_BOX_HTF,F5,HI|SWH,3,2,18,-3.3368820026516914
D:F5_BOX_HTF,F5,HI|SWH,3,3,25,-8.145447477698326
D:F5_BOX_HTF,F5,T15|FC,0,0,1902,-497.58365366538055
D:F5_BOX_HTF,F5,T1h|FC,2,2,372,-14.039598175615538
D:F5_BOX_HTF,F5,T30|FC,1,1,726,-105.36055844719522
D:F5_BOX_HTF,F5,T4h|FC,3,3,25,-8.145447477698326
D:F5_BOX_RSI,F5,ALLINF|FC,0,0,182,-30.28285443317145
D:F5_BOX_RSI,F5,ALLINF|FC,0,1,73,-4.535990197211504
D:F5_BOX_RSI,F5,ALLINF|FC,0,2,22,-13.452441208064556
D:F5_BOX_RSI,F5,ALLINF|FC,1,0,35,-14.852067023515701
D:F5_BOX_RSI,F5,ALLINF|FC,1,1,105,-10.013676829636097
D:F5_BOX_RSI,F5,ALLINF|FC,1,2,43,-9.716781947761774
D:F5_BOX_RSI,F5,ALLINF|FC,1,3,5,-1.1955285221338272
D:F5_BOX_RSI,F5,ALLINF|FC,2,0,8,0.6583163142204285
D:F5_BOX_RSI,F5,ALLINF|FC,2,1,9,-1.0364283826202154
D:F5_BOX_RSI,F5,ALLINF|FC,2,2,56,-6.015451177954674
D:F5_BOX_RSI,F5,ALLINF|FC,2,3,13,-0.03345469105988741
D:F5_BOX_RSI,F5,ALLINF|FC,3,0,6,-1.8266267776489258
D:F5_BOX_RSI,F5,ALLINF|FC,3,1,4,1.2073231786489487
D:F5_BOX_RSI,F5,ALLINF|FC,3,2,2,0.6157246232032776
D:F5_BOX_RSI,F5,ALLINF|FC,3,3,27,1.7785573643632233
D:F5_BOX_RSI,F5,ALLINF|SWH,0,0,180,-33.213340188376606
D:F5_BOX_RSI,F5,ALLINF|SWH,0,1,25,-5.773958720266819
D:F5_BOX_RSI,F5,ALLINF|SWH,0,2,4,-3.296475052833557
D:F5_BOX_RSI,F5,ALLINF|SWH,1,0,42,-11.133948802947998
D:F5_BOX_RSI,F5,ALLINF|SWH,1,1,112,-10.795465100556612
D:F5_BOX_RSI,F5,ALLINF|SWH,1,2,16,-0.035663262009620667
D:F5_BOX_RSI,F5,ALLINF|SWH,1,3,2,0.1655302494764328
D:F5_BOX_RSI,F5,ALLINF|SWH,2,0,9,2.8780857920646667
D:F5_BOX_RSI,F5,ALLINF|SWH,2,1,17,-2.8584126960486174
D:F5_BOX_RSI,F5,ALLINF|SWH,2,2,75,-15.506328109651804
D:F5_BOX_RSI,F5,ALLINF|SWH,2,3,2,0.3212944269180298
D:F5_BOX_RSI,F5,ALLINF|SWH,3,0,6,-1.8266267776489258
D:F5_BOX_RSI,F5,ALLINF|SWH,3,1,4,1.2073231786489487
D:F5_BOX_RSI,F5,ALLINF|SWH,3,2,2,0.6157246232032776
D:F5_BOX_RSI,F5,ALLINF|SWH,3,3,35,0.7204549279995263
D:F5_BOX_RSI,F5,ALL|FC,0,0,177,-31.44559561740607
D:F5_BOX_RSI,F5,ALL|FC,0,1,70,-3.857017192989588
D:F5_BOX_RSI,F5,ALL|FC,0,2,21,-13.625791274011135
D:F5_BOX_RSI,F5,ALL|FC,1,0,34,-13.802463918924332
D:F5_BOX_RSI,F5,ALL|FC,1,1,98,-7.119928315281868
D:F5_BOX_RSI,F5,ALL|FC,1,2,35,-7.801431119441986
D:F5_BOX_RSI,F5,ALL|FC,1,3,2,-0.3226497769355774
D:F5_BOX_RSI,F5,ALL|FC,2,0,8,0.6583163142204285
D:F5_BOX_RSI,F5,ALL|FC,2,1,8,-1.0580908954143524
D:F5_BOX_RSI,F5,ALL|FC,2,2,44,-9.619416050612926
D:F5_BOX_RSI,F5,ALL|FC,2,3,5,-0.23579341173171997
D:F5_BOX_RSI,F5,ALL|FC,3,1,1,0.31675100326538086
D:F5_BOX_RSI,F5,ALL|FC,3,3,4,-0.7499302327632904
D:F5_BOX_RSI,F5,ALL|LTF,0,0,177,-31.44559561740607
D:F5_BOX_RSI,F5,ALL|LTF,0,1,64,-5.496566686779261
D:F5_BOX_RSI,F5,ALL|LTF,0,2,20,-13.715581879019737
D:F5_BOX_RSI,F5,ALL|LTF,1,0,39,-11.454155772924423
D:F5_BOX_RSI,F5,ALL|LTF,1,1,99,-6.777562007308006
D:F5_BOX_RSI,F5,ALL|LTF,1,2,29,-7.013254947960377
D:F5_BOX_RSI,F5,ALL|LTF,1,3,2,-0.3226497769355774
D:F5_BOX_RSI,F5,ALL|LTF,2,0,8,0.6583163142204285
D:F5_BOX_RSI,F5,ALL|LTF,2,1,11,-1.9335386212915182
D:F5_BOX_RSI,F5,ALL|LTF,2,2,48,-9.8361871317029
D:F5_BOX_RSI,F5,ALL|LTF,2,3,7,-2.367575466632843
D:F5_BOX_RSI,F5,ALL|LTF,3,3,3,0.31280115246772766
D:F5_BOX_RSI,F5,ALL|SW,0,0,142,-28.489323223941028
D:F5_BOX_RSI,F5,ALL|SW,0,1,30,-2.025558687746525
D:F5_BOX_RSI,F5,ALL|SW,0,2,6,-2.4881832376122475
D:F5_BOX_RSI,F5,ALL|SW,1,0,8,-0.7765621244907379
D:F5_BOX_RSI,F5,ALL|SW,1,1,88,-8.907391343265772
D:F5_BOX_RSI,F5,ALL|SW,1,2,15,-5.346899747848511
D:F5_BOX_RSI,F5,ALL|SW,2,0,2,-0.916360542178154
D:F5_BOX_RSI,F5,ALL|SW,2,1,6,-1.6055960655212402
D:F5_BOX_RSI,F5,ALL|SW,2,2,44,-13.22505634278059
D:F5_BOX_RSI,F5,ALL|SW,2,3,2,0.3212944269180298
D:F5_BOX_RSI,F5,ALL|SW,3,3,5,-0.49795687198638916
D:F5_BOX_RSI,F5,ALL|SWH,0,0,175,-34.376081372611225
D:F5_BOX_RSI,F5,ALL|SWH,0,1,24,-5.96708620339632
D:F5_BOX_RSI,F5,ALL|SWH,0,2,4,-3.296475052833557
D:F5_BOX_RSI,F5,ALL|SWH,1,0,40,-9.034001469612122
D:F5_BOX_RSI,F5,ALL|SWH,1,1,107,-9.058460835367441
D:F5_BOX_RSI,F5,ALL|SWH,1,2,10,0.05152585357427597
D:F5_BOX_RSI,F5,ALL|SWH,2,0,9,2.8780857920646667
D:F5_BOX_RSI,F5,ALL|SWH,2,1,14,-1.8608463313430548
D:F5_BOX_RSI,F5,ALL|SWH,2,2,61,-18.871660448610783
D:F5_BOX_RSI,F5,ALL|SWH,2,3,2,0.3212944269180298
D:F5_BOX_RSI,F5,ALL|SWH,3,1,1,0.31675100326538086
D:F5_BOX_RSI,F5,ALL|SWH,3,3,6,-1.5606882572174072
D:F5_BOX_RSI,F5,A|FC,0,0,178,-31.22450391482562
D:F5_BOX_RSI,F5,A|FC,0,1,71,-3.7277883775532246
D:F5_BOX_RSI,F5,A|FC,1,0,35,-13.410850942134857
D:F5_BOX_RSI,F5,A|FC,1,1,98,-7.119928315281868
D:F5_BOX_RSI,F5,A|LTF,0,0,178,-31.22450391482562
D:F5_BOX_RSI,F5,A|LTF,0,1,65,-5.367337871342897
D:F5_BOX_RSI,F5,A|LTF,1,0,40,-11.062542796134949
D:F5_BOX_RSI,F5,A|LTF,1,1,99,-6.777562007308006
D:F5_BOX_RSI,F5,A|SW,0,0,142,-28.489323223941028
D:F5_BOX_RSI,F5,A|SW,0,1,30,-2.025558687746525
D:F5_BOX_RSI,F5,A|SW,1,0,8,-0.7765621244907379
D:F5_BOX_RSI,F5,A|SW,1,1,89,-8.67932440713048
D:F5_BOX_RSI,F5,A|SWH,0,0,174,-31.587146352045238
D:F5_BOX_RSI,F5,A|SWH,0,1,24,-5.96708620339632
D:F5_BOX_RSI,F5,A|SWH,1,0,45,-10.267244845628738
D:F5_BOX_RSI,F5,A|SWH,1,1,109,-8.322177518159151
D:F5_BOX_RSI,F5,HI|FC,2,2,65,-20.39366874843836
D:F5_BOX_RSI,F5,HI|FC,2,3,7,-2.367575466632843
D:F5_BOX_RSI,F5,HI|FC,3,3,3,0.31280115246772766
D:F5_BOX_RSI,F5,HI|LTF,2,2,65,-20.39366874843836
D:F5_BOX_RSI,F5,HI|LTF,2,3,7,-2.367575466632843
D:F5_BOX_RSI,F5,HI|LTF,3,3,3,0.31280115246772766
D:F5_BOX_RSI,F5,HI|SW,2,2,52,-16.5943059399724
D:F5_BOX_RSI,F5,HI|SW,2,3,2,0.3212944269180298
D:F5_BOX_RSI,F5,HI|SW,3,3,5,-0.49795687198638916
D:F5_BOX_RSI,F5,HI|SWH,2,2,65,-20.39366874843836
D:F5_BOX_RSI,F5,HI|SWH,2,3,2,0.3212944269180298
D:F5_BOX_RSI,F5,HI|SWH,3,3,6,-1.5606882572174072
D:F5_BOX_RSI,F5,T15|FC,0,0,187,-32.054833750240505
D:F5_BOX_RSI,F5,T1h|FC,2,2,65,-20.39366874843836
D:F5_BOX_RSI,F5,T30|FC,1,1,122,-8.249924074858427
D:F5_BOX_RSI,F5,T4h|FC,3,3,7,-1.4010769724845886
D:F6_VWAP_CROSS,F6,ALLINF|FC,0,0,51807,-9228.160581832239
D:F6_VWAP_CROSS,F6,ALLINF|FC,0,1,36677,-4590.635909945035
D:F6_VWAP_CROSS,F6,ALLINF|FC,0,2,21552,-1823.003468972116
D:F6_VWAP_CROSS,F6,ALLINF|FC,0,3,6350,-213.8005260541031
D:F6_VWAP_CROSS,F6,ALLINF|FC,1,0,11955,-2035.941455202381
D:F6_VWAP_CROSS,F6,ALLINF|FC,1,1,8763,-996.81152340687
D:F6_VWAP_CROSS,F6,ALLINF|FC,1,2,6433,-511.152916750023
D:F6_VWAP_CROSS,F6,ALLINF|FC,1,3,1997,-48.31241170031717
D:F6_VWAP_CROSS,F6,ALLINF|FC,2,0,16665,-2825.2584945908493
D:F6_VWAP_CROSS,F6,ALLINF|FC,2,1,11053,-1300.508112359552
D:F6_VWAP_CROSS,F6,ALLINF|FC,2,2,8299,-552.9488957393623
D:F6_VWAP_CROSS,F6,ALLINF|FC,2,3,3001,-121.10922851825308
D:F6_VWAP_CROSS,F6,ALLINF|FC,3,0,26829,-4494.940907666037
D:F6_VWAP_CROSS,F6,ALLINF|FC,3,1,17459,-2040.8993274807453
D:F6_VWAP_CROSS,F6,ALLINF|FC,3,2,11246,-978.4261278704653
D:F6_VWAP_CROSS,F6,ALLINF|FC,3,3,5584,-125.34039034671696
D:F6_VWAP_CROSS,F6,ALLINF|SWH,0,0,4421,-581.2821769153816
D:F6_VWAP_CROSS,F6,ALLINF|SWH,0,1,772,-80.30484471647651
D:F6_VWAP_CROSS,F6,ALLINF|SWH,0,2,460,-40.478680338244885
D:F6_VWAP_CROSS,F6,ALLINF|SWH,0,3,85,-5.436709000496194
D:F6_VWAP_CROSS,F6,ALLINF|SWH,1,0,8476,-1045.8636250930576
D:F6_VWAP_CROSS,F6,ALLINF|SWH,1,1,4808,-421.4831415836834
D:F6_VWAP_CROSS,F6,ALLINF|SWH,1,2,611,-50.54749979695771
D:F6_VWAP_CROSS,F6,ALLINF|SWH,1,3,106,1.6512566390447319
D:F6_VWAP_CROSS,F6,ALLINF|SWH,2,0,24339,-3535.0272936919355
D:F6_VWAP_CROSS,F6,ALLINF|SWH,2,1,17958,-1738.2453608882206
D:F6_VWAP_CROSS,F6,ALLINF|SWH,2,2,11532,-685.097311439622
D:F6_VWAP_CROSS,F6,ALLINF|SWH,2,3,401,-19.964566878516052
D:F6_VWAP_CROSS,F6,ALLINF|SWH,3,0,74404,-14108.718323456167
D:F6_VWAP_CROSS,F6,ALLINF|SWH,3,1,49481,-6619.7173425608435
D:F6_VWAP_CROSS,F6,ALLINF|SWH,3,2,33070,-2988.6000309253304
D:F6_VWAP_CROSS,F6,ALLINF|SWH,3,3,14583,-452.4033698199255
D:F6_VWAP_CROSS,F6,ALL|FC,0,0,61744,-10908.211851922719
D:F6_VWAP_CROSS,F6,ALL|FC,0,1,40719,-5280.1097128535475
D:F6_VWAP_CROSS,F6,ALL|FC,0,2,19934,-2007.678208074316
D:F6_VWAP_CROSS,F6,ALL|FC,0,3,1501,-140.5119946053601
D:F6_VWAP_CROSS,F6,ALL|FC,1,0,13392,-2255.9505845751555
D:F6_VWAP_CROSS,F6,ALL|FC,1,1,9317,-1042.0164953336225
D:F6_VWAP_CROSS,F6,ALL|FC,1,2,5709,-509.43612754961214
D:F6_VWAP_CROSS,F6,ALL|FC,1,3,377,-18.292087175883353
D:F6_VWAP_CROSS,F6,ALL|FC,2,0,16962,-3038.6188912028483
D:F6_VWAP_CROSS,F6,ALL|FC,2,1,11024,-1439.736858306911
D:F6_VWAP_CROSS,F6,ALL|FC,2,2,7050,-580.676604364824
D:F6_VWAP_CROSS,F6,ALL|FC,2,3,558,-20.52415567440039
D:F6_VWAP_CROSS,F6,ALL|FC,3,0,11411,-2183.9840509397463
D:F6_VWAP_CROSS,F6,ALL|FC,3,1,7392,-949.0824821120641
D:F6_VWAP_CROSS,F6,ALL|FC,3,2,4456,-459.51024634201895
D:F6_VWAP_CROSS,F6,ALL|FC,3,3,792,-37.182571042416384
D:F6_VWAP_CROSS,F6,ALL|LTF,0,0,34975,-5527.6438976802565
D:F6_VWAP_CROSS,F6,ALL|LTF,0,1,21241,-2492.1686323526083
D:F6_VWAP_CROSS,F6,ALL|LTF,0,2,10186,-937.1838083958737
D:F6_VWAP_CROSS,F6,ALL|LTF,0,3,692,-60.74140531843295
D:F6_VWAP_CROSS,F6,ALL|LTF,1,0,26506,-4768.68515080362
D:F6_VWAP_CROSS,F6,ALL|LTF,1,1,16077,-2123.256387242116
D:F6_VWAP_CROSS,F6,ALL|LTF,1,2,8402,-794.4077540141589
D:F6_VWAP_CROSS,F6,ALL|LTF,1,3,640,-52.74165003467351
D:F6_VWAP_CROSS,F6,ALL|LTF,2,0,32213,-5879.391518327033
D:F6_VWAP_CROSS,F6,ALL|LTF,2,1,21518,-2699.5687941439774
D:F6_VWAP_CROSS,F6,ALL|LTF,2,2,12173,-1157.3441801968438
D:F6_VWAP_CROSS,F6,ALL|LTF,2,3,882,-46.70377488237864
D:F6_VWAP_CROSS,F6,ALL|LTF,3,0,13237,-2697.53256718775
D:F6_VWAP_CROSS,F6,ALL|LTF,3,1,8611,-1247.2770470196137
D:F6_VWAP_CROSS,F6,ALL|LTF,3,2,5384,-569.8786959516437
D:F6_VWAP_CROSS,F6,ALL|LTF,3,3,967,-49.14368163709878
D:F6_VWAP_CROSS,F6,ALL|SW,0,0,42715,-6100.537743552446
D:F6_VWAP_CROSS,F6,ALL|SW,0,1,52273,-7055.5973191751345
D:F6_VWAP_CROSS,F6,ALL|SW,0,2,19624,-2100.351570092629
D:F6_VWAP_CROSS,F6,ALL|SW,0,3,961,-82.74178991286317
D:F6_VWAP_CROSS,F6,ALL|SW,1,0,2902,-460.8789379585205
D:F6_VWAP_CROSS,F6,ALL|SW,1,1,6094,-560.464006775992
D:F6_VWAP_CROSS,F6,ALL|SW,1,2,3424,-285.36801805495816
D:F6_VWAP_CROSS,F6,ALL|SW,1,3,74,-4.083735060878098
D:F6_VWAP_CROSS,F6,ALL|SW,2,0,2876,-490.8763816149294
D:F6_VWAP_CROSS,F6,ALL|SW,2,1,4227,-410.77693763561547
D:F6_VWAP_CROSS,F6,ALL|SW,2,2,7686,-588.6167798706447
D:F6_VWAP_CROSS,F6,ALL|SW,2,3,471,-30.031097658444196
D:F6_VWAP_CROSS,F6,ALL|SW,3,0,479,-123.54088502936065
D:F6_VWAP_CROSS,F6,ALL|SW,3,1,630,-86.0454142295057
D:F6_VWAP_CROSS,F6,ALL|SW,3,2,825,-115.93130193238903
D:F6_VWAP_CROSS,F6,ALL|SW,3,3,712,-29.075133642545552
D:F6_VWAP_CROSS,F6,ALL|SWH,0,0,6842,-839.0149908145686
D:F6_VWAP_CROSS,F6,ALL|SWH,0,1,1046,-93.954084850644
D:F6_VWAP_CROSS,F6,ALL|SWH,0,2,472,-37.87575291376561
D:F6_VWAP_CROSS,F6,ALL|SWH,0,3,22,2.3457885310053825
D:F6_VWAP_CROSS,F6,ALL|SWH,1,0,14462,-1746.6609328627383
D:F6_VWAP_CROSS,F6,ALL|SWH,1,1,7322,-580.6674135167268
D:F6_VWAP_CROSS,F6,ALL|SWH,1,2,735,-62.07160181470681
D:F6_VWAP_CROSS,F6,ALL|SWH,1,3,30,-2.836569081991911
D:F6_VWAP_CROSS,F6,ALL|SWH,2,0,51750,-8515.570238867887
D:F6_VWAP_CROSS,F6,ALL|SWH,2,1,35171,-4071.1808332997043
D:F6_VWAP_CROSS,F6,ALL|SWH,2,2,18612,-1570.8658804750903
D:F6_VWAP_CROSS,F6,ALL|SWH,2,3,206,-18.824385790154338
D:F6_VWAP_CROSS,F6,ALL|SWH,3,0,35336,-8054.353609857938
D:F6_VWAP_CROSS,F6,ALL|SWH,3,1,23351,-3763.1247387595595
D:F6_VWAP_CROSS,F6,ALL|SWH,3,2,14800,-1703.441457272551
D:F6_VWAP_CROSS,F6,ALL|SWH,3,3,2409,-121.39190121546562
D:F6_VWAP_CROSS,F6,A|FC,0,0,82122,-14734.73946852656
D:F6_VWAP_CROSS,F6,A|FC,0,1,54682,-7079.018081654918
D:F6_VWAP_CROSS,F6,A|FC,1,0,18878,-3269.45740624862
D:F6_VWAP_CROSS,F6,A|FC,1,1,13189,-1565.2563166782238
D:F6_VWAP_CROSS,F6,A|LTF,0,0,48578,-8334.051827770978
D:F6_VWAP_CROSS,F6,A|LTF,0,1,29797,-3584.4763621534876
D:F6_VWAP_CROSS,F6,A|LTF,1,0,56713,-10242.890748329912
D:F6_VWAP_CROSS,F6,A|LTF,1,1,34849,-4692.169717904999
D:F6_VWAP_CROSS,F6,A|SW,0,0,43535,-6257.297435511227
D:F6_VWAP_CROSS,F6,A|SW,0,1,56107,-7485.154852119851
D:F6_VWAP_CROSS,F6,A|SW,1,0,3070,-482.26229670063094
D:F6_VWAP_CROSS,F6,A|SW,1,1,6372,-570.9462435054611
D:F6_VWAP_CROSS,F6,A|SWH,0,0,11171,-1435.4366846214543
D:F6_VWAP_CROSS,F6,A|SWH,0,1,2401,-251.63866681663785
D:F6_VWAP_CROSS,F6,A|SWH,1,0,95010,-17257.3384840191
D:F6_VWAP_CROSS,F6,A|SWH,1,1,59375,-7662.049765612235
D:F6_VWAP_CROSS,F6,HI|FC,2,2,28589,-2610.0668464052087
D:F6_VWAP_CROSS,F6,HI|FC,2,3,2261,-162.37971689197002
D:F6_VWAP_CROSS,F6,HI|FC,3,2,5261,-640.9190456332435
D:F6_VWAP_CROSS,F6,HI|FC,3,3,928,-45.87971220629697
D:F6_VWAP_CROSS,F6,HI|LTF,2,2,26452,-2365.885274250404
D:F6_VWAP_CROSS,F6,HI|LTF,2,3,1735,-110.25374627765268
D:F6_VWAP_CROSS,F6,HI|LTF,3,2,7666,-910.4540310523153
D:F6_VWAP_CROSS,F6,HI|LTF,3,3,1323,-73.3880937005597
D:F6_VWAP_CROSS,F6,HI|SW,2,2,17854,-1481.2692612679093
D:F6_VWAP_CROSS,F6,HI|SW,2,3,1858,-139.951797610207
D:F6_VWAP_CROSS,F6,HI|SW,3,2,716,-91.21588054353197
D:F6_VWAP_CROSS,F6,HI|SW,3,3,573,-20.973350827014656
D:F6_VWAP_CROSS,F6,HI|SWH,2,2,19639,-1583.7928860486081
D:F6_VWAP_CROSS,F6,HI|SWH,2,3,256,-32.8356012031436
D:F6_VWAP_CROSS,F6,HI|SWH,3,2,14815,-1708.0559099101665
D:F6_VWAP_CROSS,F6,HI|SWH,3,3,2417,-117.41427233435388
D:F6_VWAP_CROSS,F6,T15|FC,0,0,98605,-17539.906215583687
D:F6_VWAP_CROSS,F6,T1h|FC,2,2,33197,-3158.7769113396735
D:F6_VWAP_CROSS,F6,T30|FC,1,1,61398,-7935.221798007846
D:F6_VWAP_CROSS,F6,T4h|FC,3,3,2606,-135.5193344498257
D:F6_VWAP_FAIL,F6,ALLINF|FC,0,0,11700,-1884.666249969392
D:F6_VWAP_FAIL,F6,ALLINF|FC,0,1,9286,-1238.6837417738716
D:F6_VWAP_FAIL,F6,ALLINF|FC,0,2,5084,-437.92962232351783
D:F6_VWAP_FAIL,F6,ALLINF|FC,0,3,1121,-29.725551994459238
D:F6_VWAP_FAIL,F6,ALLINF|FC,1,0,5705,-1133.2641451436793
D:F6_VWAP_FAIL,F6,ALLINF|FC,1,1,4444,-585.9204419772432
D:F6_VWAP_FAIL,F6,ALLINF|FC,1,2,3800,-306.43577618585914
D:F6_VWAP_FAIL,F6,ALLINF|FC,1,3,758,16.26767344563268
D:F6_VWAP_FAIL,F6,ALLINF|FC,2,0,7083,-1235.5945672473536
D:F6_VWAP_FAIL,F6,ALLINF|FC,2,1,5065,-619.7382876097108
D:F6_VWAP_FAIL,F6,ALLINF|FC,2,2,4205,-342.07907296768826
D:F6_VWAP_FAIL,F6,ALLINF|FC,2,3,1376,-75.30160194967175
D:F6_VWAP_FAIL,F6,ALLINF|FC,3,0,9732,-1822.4581803005422
D:F6_VWAP_FAIL,F6,ALLINF|FC,3,1,6781,-801.3817970221862
D:F6_VWAP_FAIL,F6,ALLINF|FC,3,2,4538,-403.9698422761285
D:F6_VWAP_FAIL,F6,ALLINF|FC,3,3,2220,-21.71934251660423
D:F6_VWAP_FAIL,F6,ALLINF|SWH,0,0,2967,-294.66151356638875
D:F6_VWAP_FAIL,F6,ALLINF|SWH,0,1,770,-78.93000493966974
D:F6_VWAP_FAIL,F6,ALLINF|SWH,0,2,230,-12.712416380178183
D:F6_VWAP_FAIL,F6,ALLINF|SWH,0,3,32,-1.7718787733465433
D:F6_VWAP_FAIL,F6,ALLINF|SWH,1,0,4053,-578.8885391944204
D:F6_VWAP_FAIL,F6,ALLINF|SWH,1,1,2973,-281.51139019968105
D:F6_VWAP_FAIL,F6,ALLINF|SWH,1,2,533,-52.76176327676512
D:F6_VWAP_FAIL,F6,ALLINF|SWH,1,3,23,2.957554961554706
D:F6_VWAP_FAIL,F6,ALLINF|SWH,2,0,9673,-1686.4778799777632
D:F6_VWAP_FAIL,F6,ALLINF|SWH,2,1,7682,-980.1968460695498
D:F6_VWAP_FAIL,F6,ALLINF|SWH,2,2,6080,-456.38859442984904
D:F6_VWAP_FAIL,F6,ALLINF|SWH,2,3,117,-5.2486284007900394
D:F6_VWAP_FAIL,F6,ALLINF|SWH,3,0,19242,-3833.8202567602275
D:F6_VWAP_FAIL,F6,ALLINF|SWH,3,1,13628,-1878.2098960937
D:F6_VWAP_FAIL,F6,ALLINF|SWH,3,2,9560,-841.9324515294356
D:F6_VWAP_FAIL,F6,ALLINF|SWH,3,3,4260,-87.5271734634589
D:F6_VWAP_FAIL,F6,ALL|FC,0,0,14797,-2462.3605568035273
D:F6_VWAP_FAIL,F6,ALL|FC,0,1,10929,-1530.4804495252465
D:F6_VWAP_FAIL,F6,ALL|FC,0,2,4964,-478.7066366017971
D:F6_VWAP_FAIL,F6,ALL|FC,0,3,275,-25.50848658103496
D:F6_VWAP_FAIL,F6,ALL|FC,1,0,6826,-1351.8712658750592
D:F6_VWAP_FAIL,F6,ALL|FC,1,1,4974,-680.3303046152432
D:F6_VWAP_FAIL,F6,ALL|FC,1,2,3592,-376.031381653127
D:F6_VWAP_FAIL,F6,ALL|FC,1,3,183,6.384996808599681
D:F6_VWAP_FAIL,F6,ALL|FC,2,0,7482,-1411.0789284741986
D:F6_VWAP_FAIL,F6,ALL|FC,2,1,5242,-658.4114529135986
D:F6_VWAP_FAIL,F6,ALL|FC,2,2,3691,-336.6923756559263
D:F6_VWAP_FAIL,F6,ALL|FC,2,3,288,-47.918884354643524
D:F6_VWAP_FAIL,F6,ALL|FC,3,0,3216,-648.9191413380904
D:F6_VWAP_FAIL,F6,ALL|FC,3,1,2305,-283.9883101658197
D:F6_VWAP_FAIL,F6,ALL|FC,3,2,1524,-137.21616951725446
D:F6_VWAP_FAIL,F6,ALL|FC,3,3,262,4.150776928290725
D:F6_VWAP_FAIL,F6,ALL|LTF,0,0,13105,-2123.1451019273372
D:F6_VWAP_FAIL,F6,ALL|LTF,0,1,9275,-1318.582760907666
D:F6_VWAP_FAIL,F6,ALL|LTF,0,2,4123,-398.40500166869606
D:F6_VWAP_FAIL,F6,ALL|LTF,0,3,228,-10.943483595736325
D:F6_VWAP_FAIL,F6,ALL|LTF,1,0,7830,-1580.6656343609793
D:F6_VWAP_FAIL,F6,ALL|LTF,1,1,5316,-745.9087187197729
D:F6_VWAP_FAIL,F6,ALL|LTF,1,2,3508,-401.87316216083127
D:F6_VWAP_FAIL,F6,ALL|LTF,1,3,166,-2.6929758680053055
D:F6_VWAP_FAIL,F6,ALL|LTF,2,0,8754,-1623.8785225542742
D:F6_VWAP_FAIL,F6,ALL|LTF,2,1,6385,-783.6106209311984
D:F6_VWAP_FAIL,F6,ALL|LTF,2,2,4256,-363.82002688286593
D:F6_VWAP_FAIL,F6,ALL|LTF,2,3,329,-47.44661549758166
D:F6_VWAP_FAIL,F6,ALL|LTF,3,0,3314,-658.6561977601377
D:F6_VWAP_FAIL,F6,ALL|LTF,3,1,2374,-304.9762153165648
D:F6_VWAP_FAIL,F6,ALL|LTF,3,2,1570,-134.4707190839108
D:F6_VWAP_FAIL,F6,ALL|LTF,3,3,272,3.1298135984688997
D:F6_VWAP_FAIL,F6,ALL|SW,0,0,7979,-1204.2513896074088
D:F6_VWAP_FAIL,F6,ALL|SW,0,1,10677,-1450.8249243440223
D:F6_VWAP_FAIL,F6,ALL|SW,0,2,3020,-330.7425412736484
D:F6_VWAP_FAIL,F6,ALL|SW,0,3,79,-11.968365347012877
D:F6_VWAP_FAIL,F6,ALL|SW,1,0,2207,-352.68036066996865
D:F6_VWAP_FAIL,F6,ALL|SW,1,1,3645,-397.85857700451743
D:F6_VWAP_FAIL,F6,ALL|SW,1,2,2828,-276.4107954490464
D:F6_VWAP_FAIL,F6,ALL|SW,1,3,56,-2.3019547322764993
D:F6_VWAP_FAIL,F6,ALL|SW,2,0,1127,-233.32449022800574
D:F6_VWAP_FAIL,F6,ALL|SW,2,1,1573,-216.91868344927207
D:F6_VWAP_FAIL,F6,ALL|SW,2,2,2986,-205.63409653885174
D:F6_VWAP_FAIL,F6,ALL|SW,2,3,98,-2.225211516022682
D:F6_VWAP_FAIL,F6,ALL|SW,3,0,112,-27.372571209445596
D:F6_VWAP_FAIL,F6,ALL|SW,3,1,146,-17.021896744146943
D:F6_VWAP_FAIL,F6,ALL|SW,3,2,178,-8.743540897965431
D:F6_VWAP_FAIL,F6,ALL|SW,3,3,236,-5.570361423771828
D:F6_VWAP_FAIL,F6,ALL|SWH,0,0,4606,-565.103459050646
D:F6_VWAP_FAIL,F6,ALL|SWH,0,1,1052,-122.10226644290378
D:F6_VWAP_FAIL,F6,ALL|SWH,0,2,244,-23.22984755784273
D:F6_VWAP_FAIL,F6,ALL|SWH,0,3,11,1.3604838848114014
D:F6_VWAP_FAIL,F6,ALL|SWH,1,0,6470,-955.4973807156202
D:F6_VWAP_FAIL,F6,ALL|SWH,1,1,4290,-426.38384751776175
D:F6_VWAP_FAIL,F6,ALL|SWH,1,2,659,-47.70659541711211
D:F6_VWAP_FAIL,F6,ALL|SWH,1,3,9,1.3446564227342606
D:F6_VWAP_FAIL,F6,ALL|SWH,2,0,15186,-2753.840526129854
D:F6_VWAP_FAIL,F6,ALL|SWH,2,1,11447,-1591.3147020181787
D:F6_VWAP_FAIL,F6,ALL|SWH,2,2,7400,-659.8982649290992
D:F6_VWAP_FAIL,F6,ALL|SWH,2,3,58,2.7375983968377113
D:F6_VWAP_FAIL,F6,ALL|SWH,3,0,7801,-1857.4646615620004
D:F6_VWAP_FAIL,F6,ALL|SWH,3,1,5613,-942.0447556348518
D:F6_VWAP_FAIL,F6,ALL|SWH,3,2,3830,-491.4632708571735
D:F6_VWAP_FAIL,F6,ALL|SWH,3,3,598,-33.34524808684364
D:F6_VWAP_FAIL,F6,A|FC,0,0,20681,-3555.1317618183966
D:F6_VWAP_FAIL,F6,A|FC,0,1,15755,-2117.1197061743733
D:F6_VWAP_FAIL,F6,A|FC,1,0,9440,-1969.171789599728
D:F6_VWAP_FAIL,F6,A|FC,1,1,6820,-934.6876630850456
D:F6_VWAP_FAIL,F6,A|LTF,0,0,18632,-3219.517397631833
D:F6_VWAP_FAIL,F6,A|LTF,0,1,13632,-1938.613648157232
D:F6_VWAP_FAIL,F6,A|LTF,1,0,12270,-2447.2189824596644
D:F6_VWAP_FAIL,F6,A|LTF,1,1,8328,-1063.9953860589158
D:F6_VWAP_FAIL,F6,A|SW,0,0,8244,-1237.9728283543081
D:F6_VWAP_FAIL,F6,A|SW,0,1,11660,-1607.9405485869502
D:F6_VWAP_FAIL,F6,A|SW,1,0,2404,-424.0886448461097
D:F6_VWAP_FAIL,F6,A|SW,1,1,3765,-423.90364339842927
D:F6_VWAP_FAIL,F6,A|SWH,0,0,7503,-1067.9070471333107
D:F6_VWAP_FAIL,F6,A|SWH,0,1,2040,-262.68446396657964
D:F6_VWAP_FAIL,F6,A|SWH,1,0,24153,-4698.456196355495
D:F6_VWAP_FAIL,F6,A|SWH,1,1,17262,-2416.2283140538493
D:F6_VWAP_FAIL,F6,HI|FC,2,2,9601,-957.8127912267519
D:F6_VWAP_FAIL,F6,HI|FC,2,3,614,-40.85584888746962
D:F6_VWAP_FAIL,F6,HI|FC,3,2,1978,-191.87405370629858
D:F6_VWAP_FAIL,F6,HI|FC,3,3,332,-4.175222659949213
D:F6_VWAP_FAIL,F6,HI|LTF,2,2,9462,-951.985324336536
D:F6_VWAP_FAIL,F6,HI|LTF,2,3,557,-45.32540473854169
D:F6_VWAP_FAIL,F6,HI|LTF,3,2,2164,-209.0537925286917
D:F6_VWAP_FAIL,F6,HI|LTF,3,3,358,-3.8164060399867594
D:F6_VWAP_FAIL,F6,HI|SW,2,2,4548,-362.5265618005942
D:F6_VWAP_FAIL,F6,HI|SW,2,3,255,-22.73906287830323
D:F6_VWAP_FAIL,F6,HI|SW,3,2,223,-23.91874482203275
D:F6_VWAP_FAIL,F6,HI|SW,3,3,237,-4.746107603888959
D:F6_VWAP_FAIL,F6,HI|SWH,2,2,7939,-715.6835114783898
D:F6_VWAP_FAIL,F6,HI|SWH,2,3,69,0.6855048164725304
D:F6_VWAP_FAIL,F6,HI|SWH,3,2,3884,-478.105215576652
D:F6_VWAP_FAIL,F6,HI|SWH,3,3,607,-32.594482919666916
D:F6_VWAP_FAIL,F6,T15|FC,0,0,27449,-5067.97089775253
D:F6_VWAP_FAIL,F6,T1h|FC,2,2,11070,-1109.0338639367546
D:F6_VWAP_FAIL,F6,T30|FC,1,1,18552,-2594.728082339163
D:F6_VWAP_FAIL,F6,T4h|FC,3,3,631,-37.55751623073593
D:F7_RF_ONLY,F7,ALLINF|FC,0,0,12702,-1701.7971491881253
D:F7_RF_ONLY,F7,ALLINF|FC,0,1,6553,-627.228022897325
D:F7_RF_ONLY,F7,ALLINF|FC,0,2,1896,-111.13814203761285
D:F7_RF_ONLY,F7,ALLINF|FC,0,3,526,5.233989927335642
D:F7_RF_ONLY,F7,ALLINF|FC,1,0,4393,-623.1462475472945
D:F7_RF_ONLY,F7,ALLINF|FC,1,1,3194,-226.24195561528904
D:F7_RF_ONLY,F7,ALLINF|FC,1,2,1833,-96.09866152203176
D:F7_RF_ONLY,F7,ALLINF|FC,1,3,251,3.3932679359568283
D:F7_RF_ONLY,F7,ALLINF|FC,2,0,4494,-663.5185627297105
D:F7_RF_ONLY,F7,ALLINF|FC,2,1,1970,-163.1526258377853
D:F7_RF_ONLY,F7,ALLINF|FC,2,2,1824,-114.19339493224106
D:F7_RF_ONLY,F7,ALLINF|FC,2,3,271,-8.432779198425123
D:F7_RF_ONLY,F7,ALLINF|FC,3,0,2765,-558.8690192299255
D:F7_RF_ONLY,F7,ALLINF|FC,3,1,1243,-96.5739701022394
D:F7_RF_ONLY,F7,ALLINF|FC,3,2,585,6.821496703429148
D:F7_RF_ONLY,F7,ALLINF|FC,3,3,418,-6.679122854664456
D:F7_RF_ONLY,F7,ALLINF|SWH,0,0,6185,-971.8259714721935
D:F7_RF_ONLY,F7,ALLINF|SWH,0,1,593,-72.68973669351544
D:F7_RF_ONLY,F7,ALLINF|SWH,0,2,89,-11.628460844513029
D:F7_RF_ONLY,F7,ALLINF|SWH,0,3,20,-1.305295180529356
D:F7_RF_ONLY,F7,ALLINF|SWH,1,0,6198,-724.8013981633485
D:F7_RF_ONLY,F7,ALLINF|SWH,1,1,3824,-356.93336121423636
D:F7_RF_ONLY,F7,ALLINF|SWH,1,2,237,-26.23657842562534
D:F7_RF_ONLY,F7,ALLINF|SWH,1,3,14,1.7942907260730863
D:F7_RF_ONLY,F7,ALLINF|SWH,2,0,7533,-979.2725493320031
D:F7_RF_ONLY,F7,ALLINF|SWH,2,1,4401,-377.3391909707134
D:F7_RF_ONLY,F7,ALLINF|SWH,2,2,2911,-200.90068677828822
D:F7_RF_ONLY,F7,ALLINF|SWH,2,3,20,-1.566060047596693
D:F7_RF_ONLY,F7,ALLINF|SWH,3,0,6301,-1080.355080540532
D:F7_RF_ONLY,F7,ALLINF|SWH,3,1,3074,-255.33189731376478
D:F7_RF_ONLY,F7,ALLINF|SWH,3,2,1586,-7.750620083534159
D:F7_RF_ONLY,F7,ALLINF|SWH,3,3,750,-5.301334085233975
D:F7_RF_ONLY,F7,ALL|FC,0,0,13246,-1919.816674632144
D:F7_RF_ONLY,F7,ALL|FC,0,1,6073,-565.5656768442132
D:F7_RF_ONLY,F7,ALL|FC,0,2,1338,-103.13310187566094
D:F7_RF_ONLY,F7,ALL|FC,0,3,105,6.639339680783451
D:F7_RF_ONLY,F7,ALL|FC,1,0,4198,-620.1940834987909
D:F7_RF_ONLY,F7,ALL|FC,1,1,2864,-217.80698803893756
D:F7_RF_ONLY,F7,ALL|FC,1,2,1320,-90.89852639671881
D:F7_RF_ONLY,F7,ALL|FC,1,3,34,1.6412692330777645
D:F7_RF_ONLY,F7,ALL|FC,2,0,3893,-583.8158716501275
D:F7_RF_ONLY,F7,ALL|FC,2,1,1566,-123.73946142190835
D:F7_RF_ONLY,F7,ALL|FC,2,2,1112,-63.85229798487853
D:F7_RF_ONLY,F7,ALL|FC,2,3,30,0.43334537744522095
D:F7_RF_ONLY,F7,ALL|FC,3,0,809,-214.1898230316583
D:F7_RF_ONLY,F7,ALL|FC,3,1,342,-69.8982826275751
D:F7_RF_ONLY,F7,ALL|FC,3,2,135,10.102587110362947
D:F7_RF_ONLY,F7,ALL|FC,3,3,16,-6.301170932594687
D:F7_RF_ONLY,F7,ALL|LTF,0,0,11515,-1658.0853239056378
D:F7_RF_ONLY,F7,ALL|LTF,0,1,4808,-424.51091813476523
D:F7_RF_ONLY,F7,ALL|LTF,0,2,1024,-70.62720416090451
D:F7_RF_ONLY,F7,ALL|LTF,0,3,88,5.615972752682865
D:F7_RF_ONLY,F7,ALL|LTF,1,0,5612,-823.2529413478915
D:F7_RF_ONLY,F7,ALL|LTF,1,1,3026,-277.7126864158781
D:F7_RF_ONLY,F7,ALL|LTF,1,2,1103,-61.67290547955781
D:F7_RF_ONLY,F7,ALL|LTF,1,3,36,2.602073173969984
D:F7_RF_ONLY,F7,ALL|LTF,2,0,4888,-744.7878869885535
D:F7_RF_ONLY,F7,ALL|LTF,2,1,2385,-214.23106923879823
D:F7_RF_ONLY,F7,ALL|LTF,2,2,1337,-93.73559094988741
D:F7_RF_ONLY,F7,ALL|LTF,2,3,30,-4.075239531695843
D:F7_RF_ONLY,F7,ALL|LTF,3,0,903,-237.50896333833225
D:F7_RF_ONLY,F7,ALL|LTF,3,1,393,-70.36930783372372
D:F7_RF_ONLY,F7,ALL|LTF,3,2,161,16.81276886817068
D:F7_RF_ONLY,F7,ALL|LTF,3,3,19,-5.25413058931008
D:F7_RF_ONLY,F7,ALL|SW,0,0,8109,-1161.0588854474336
D:F7_RF_ONLY,F7,ALL|SW,0,1,3572,-378.90717955387663
D:F7_RF_ONLY,F7,ALL|SW,0,2,492,-43.807070928043686
D:F7_RF_ONLY,F7,ALL|SW,0,3,25,0.6618744283914566
D:F7_RF_ONLY,F7,ALL|SW,1,0,1101,-116.7515305892448
D:F7_RF_ONLY,F7,ALL|SW,1,1,2624,-211.88240606838372
D:F7_RF_ONLY,F7,ALL|SW,1,2,796,-69.1197415816132
D:F7_RF_ONLY,F7,ALL|SW,1,3,13,3.6780616752803326
D:F7_RF_ONLY,F7,ALL|SW,2,0,215,-18.64069247280713
D:F7_RF_ONLY,F7,ALL|SW,2,1,638,-27.86638321308419
D:F7_RF_ONLY,F7,ALL|SW,2,2,1011,-34.24663646018598
D:F7_RF_ONLY,F7,ALL|SW,2,3,17,3.9542953819036484
D:F7_RF_ONLY,F7,ALL|SW,3,0,24,-2.8213483560830355
D:F7_RF_ONLY,F7,ALL|SW,3,1,19,3.702503152191639
D:F7_RF_ONLY,F7,ALL|SW,3,2,37,7.3140487894415855
D:F7_RF_ONLY,F7,ALL|SW,3,3,18,-3.147275643888861
D:F7_RF_ONLY,F7,ALL|SWH,0,0,7549,-1119.450156638748
D:F7_RF_ONLY,F7,ALL|SWH,0,1,685,-73.05639230122324
D:F7_RF_ONLY,F7,ALL|SWH,0,2,78,-14.058185838162899
D:F7_RF_ONLY,F7,ALL|SWH,0,3,7,-0.8916635140776634
D:F7_RF_ONLY,F7,ALL|SWH,1,0,6987,-923.0491897063694
D:F7_RF_ONLY,F7,ALL|SWH,1,1,4103,-374.48828697163844
D:F7_RF_ONLY,F7,ALL|SWH,1,2,259,-38.48478161962703
D:F7_RF_ONLY,F7,ALL|SWH,1,3,4,0.987535398453474
D:F7_RF_ONLY,F7,ALL|SWH,2,0,7485,-1094.848579208112
D:F7_RF_ONLY,F7,ALL|SWH,2,1,3802,-330.93621002248256
D:F7_RF_ONLY,F7,ALL|SWH,2,2,2001,-143.1890910512302
D:F7_RF_ONLY,F7,ALL|SWH,2,3,4,-0.3676792234182358
D:F7_RF_ONLY,F7,ALL|SWH,3,0,1747,-416.33564404025674
D:F7_RF_ONLY,F7,ALL|SWH,3,1,805,-129.14121518447064
D:F7_RF_ONLY,F7,ALL|SWH,3,2,333,27.295991296647117
D:F7_RF_ONLY,F7,ALL|SWH,3,3,36,-2.6837690719403327
D:F7_RF_ONLY,F7,A|FC,0,0,15683,-2286.401046561703
D:F7_RF_ONLY,F7,A|FC,0,1,7032,-715.9399219677434
D:F7_RF_ONLY,F7,A|FC,1,0,5040,-813.3689918291057
D:F7_RF_ONLY,F7,A|FC,1,1,3319,-265.29335727216676
D:F7_RF_ONLY,F7,A|LTF,0,0,14083,-2059.1978312146457
D:F7_RF_ONLY,F7,A|LTF,0,1,5754,-555.6804981243913
D:F7_RF_ONLY,F7,A|LTF,1,0,7380,-1131.2596804146087
D:F7_RF_ONLY,F7,A|LTF,1,1,3972,-367.5165600592736
D:F7_RF_ONLY,F7,A|SW,0,0,8153,-1164.9430041124433
D:F7_RF_ONLY,F7,A|SW,0,1,3727,-384.259104783996
D:F7_RF_ONLY,F7,A|SW,1,0,1133,-120.46908055996755
D:F7_RF_ONLY,F7,A|SW,1,1,2769,-208.8867290749913
D:F7_RF_ONLY,F7,A|SWH,0,0,10238,-1504.0102385539794
D:F7_RF_ONLY,F7,A|SWH,0,1,1029,-108.120074778446
D:F7_RF_ONLY,F7,A|SWH,1,0,11771,-1759.698950855105
D:F7_RF_ONLY,F7,A|SWH,1,1,6740,-612.5519665571628
D:F7_RF_ONLY,F7,HI|FC,2,2,2199,-129.27538664266467
D:F7_RF_ONLY,F7,HI|FC,2,3,75,7.509973011910915
D:F7_RF_ONLY,F7,HI|FC,3,2,268,0.03612638404592872
D:F7_RF_ONLY,F7,HI|FC,3,3,25,-5.759999374393374
D:F7_RF_ONLY,F7,HI|LTF,2,2,2184,-135.2842020355165
D:F7_RF_ONLY,F7,HI|LTF,2,3,58,3.922423832118511
D:F7_RF_ONLY,F7,HI|LTF,3,2,296,11.413060655351728
D:F7_RF_ONLY,F7,HI|LTF,3,3,29,-4.093574205879122
D:F7_RF_ONLY,F7,HI|SW,2,2,1334,-57.543858243734576
D:F7_RF_ONLY,F7,HI|SW,2,3,25,4.682866886258125
D:F7_RF_ONLY,F7,HI|SW,3,2,41,9.778987854719162
D:F7_RF_ONLY,F7,HI|SW,3,3,18,-3.2411220357753336
D:F7_RF_ONLY,F7,HI|SWH,2,2,2131,-145.4450268477667
D:F7_RF_ONLY,F7,HI|SWH,2,3,5,-0.16803476214408875
D:F7_RF_ONLY,F7,HI|SWH,3,2,362,16.922281640348956
D:F7_RF_ONLY,F7,HI|SWH,3,3,37,-2.4701563813723624
D:F7_RF_ONLY,F7,T15|FC,0,0,18678,-2777.9866376106365
D:F7_RF_ONLY,F7,T1h|FC,2,2,2315,-121.26414723857306
D:F7_RF_ONLY,F7,T30|FC,1,1,7366,-672.2269588604104
D:F7_RF_ONLY,F7,T4h|FC,3,3,38,-2.3371391245163977
D:F7_RF_TRIPLE,F7,ALLINF|FC,0,0,57878,-9600.048155850782
D:F7_RF_TRIPLE,F7,ALLINF|FC,0,1,29116,-3231.115502000961
D:F7_RF_TRIPLE,F7,ALLINF|FC,0,2,14425,-1008.9431633685017
D:F7_RF_TRIPLE,F7,ALLINF|FC,0,3,3357,-55.079216149271815
D:F7_RF_TRIPLE,F7,ALLINF|FC,1,0,31451,-4831.692497115068
D:F7_RF_TRIPLE,F7,ALLINF|FC,1,1,17449,-1593.4924763637755
D:F7_RF_TRIPLE,F7,ALLINF|FC,1,2,8943,-549.5707203272468
D:F7_RF_TRIPLE,F7,ALLINF|FC,1,3,2119,-58.1813168587978
D:F7_RF_TRIPLE,F7,ALLINF|FC,2,0,17358,-2560.843829967307
D:F7_RF_TRIPLE,F7,ALLINF|FC,2,1,8478,-787.4307660668419
D:F7_RF_TRIPLE,F7,ALLINF|FC,2,2,4848,-333.9724463254097
D:F7_RF_TRIPLE,F7,ALLINF|FC,2,3,1285,-20.267786569776945
D:F7_RF_TRIPLE,F7,ALLINF|FC,3,0,6248,-970.8250698138072
D:F7_RF_TRIPLE,F7,ALLINF|FC,3,1,3050,-300.43426073592855
D:F7_RF_TRIPLE,F7,ALLINF|FC,3,2,1536,-96.5732301613316
D:F7_RF_TRIPLE,F7,ALLINF|FC,3,3,504,-20.472822293115314
D:F7_RF_TRIPLE,F7,ALLINF|SWH,0,0,7051,-744.3239720731071
D:F7_RF_TRIPLE,F7,ALLINF|SWH,0,1,430,-42.92881764890626
D:F7_RF_TRIPLE,F7,ALLINF|SWH,0,2,48,5.766249035485089
D:F7_RF_TRIPLE,F7,ALLINF|SWH,0,3,52,1.4881892246194184
D:F7_RF_TRIPLE,F7,ALLINF|SWH,1,0,12820,-1634.884289745005
D:F7_RF_TRIPLE,F7,ALLINF|SWH,1,1,7344,-555.2381484073412
D:F7_RF_TRIPLE,F7,ALLINF|SWH,1,2,421,-36.82796223211335
D:F7_RF_TRIPLE,F7,ALLINF|SWH,1,3,98,0.0188834210857749
D:F7_RF_TRIPLE,F7,ALLINF|SWH,2,0,34538,-5440.99952282328
D:F7_RF_TRIPLE,F7,ALLINF|SWH,2,1,17170,-1871.676112921341
D:F7_RF_TRIPLE,F7,ALLINF|SWH,2,2,8832,-471.2228940464702
D:F7_RF_TRIPLE,F7,ALLINF|SWH,2,3,59,-5.84612812101841
D:F7_RF_TRIPLE,F7,ALLINF|SWH,3,0,64110,-11029.09819839269
D:F7_RF_TRIPLE,F7,ALLINF|SWH,3,1,33171,-3493.386593223513
D:F7_RF_TRIPLE,F7,ALLINF|SWH,3,2,17853,-1299.7240559743368
D:F7_RF_TRIPLE,F7,ALLINF|SWH,3,3,4983,-100.27921071894525
D:F7_RF_TRIPLE,F7,ALL|FC,0,0,60074,-9738.641967342952
D:F7_RF_TRIPLE,F7,ALL|FC,0,1,28419,-3154.4652304321644
D:F7_RF_TRIPLE,F7,ALL|FC,0,2,11517,-950.3703083037617
D:F7_RF_TRIPLE,F7,ALL|FC,0,3,676,-19.185941798146814
D:F7_RF_TRIPLE,F7,ALL|FC,1,0,30350,-4780.906085315567
D:F7_RF_TRIPLE,F7,ALL|FC,1,1,15883,-1623.122408948373
D:F7_RF_TRIPLE,F7,ALL|FC,1,2,6913,-547.5690084246598
D:F7_RF_TRIPLE,F7,ALL|FC,1,3,385,-15.243336369749159
D:F7_RF_TRIPLE,F7,ALL|FC,2,0,16510,-2778.6884028839195
D:F7_RF_TRIPLE,F7,ALL|FC,2,1,7869,-818.3007104758435
D:F7_RF_TRIPLE,F7,ALL|FC,2,2,3796,-327.32640535535756
D:F7_RF_TRIPLE,F7,ALL|FC,2,3,252,-3.4547854403499514
D:F7_RF_TRIPLE,F7,ALL|FC,3,0,2542,-529.8720366668422
D:F7_RF_TRIPLE,F7,ALL|FC,3,1,1233,-150.6311656938633
D:F7_RF_TRIPLE,F7,ALL|FC,3,2,600,-28.301815900777
D:F7_RF_TRIPLE,F7,ALL|FC,3,3,49,-10.50053034350276
D:F7_RF_TRIPLE,F7,ALL|LTF,0,0,38197,-5881.8037184575405
D:F7_RF_TRIPLE,F7,ALL|LTF,0,1,17396,-1786.9911566570809
D:F7_RF_TRIPLE,F7,ALL|LTF,0,2,5974,-372.0908704997273
D:F7_RF_TRIPLE,F7,ALL|LTF,0,3,384,-9.597391025163233
D:F7_RF_TRIPLE,F7,ALL|LTF,1,0,31020,-5030.064967609199
D:F7_RF_TRIPLE,F7,ALL|LTF,1,1,14895,-1601.419348679774
D:F7_RF_TRIPLE,F7,ALL|LTF,1,2,5733,-559.5136141588009
D:F7_RF_TRIPLE,F7,ALL|LTF,1,3,330,-6.593259078683332
D:F7_RF_TRIPLE,F7,ALL|LTF,2,0,36265,-5857.969275403724
D:F7_RF_TRIPLE,F7,ALL|LTF,2,1,17480,-1900.8653371128166
D:F7_RF_TRIPLE,F7,ALL|LTF,2,2,7802,-648.9357394999752
D:F7_RF_TRIPLE,F7,ALL|LTF,2,3,326,-0.33509157318621874
D:F7_RF_TRIPLE,F7,ALL|LTF,3,0,7217,-1700.6981570921198
D:F7_RF_TRIPLE,F7,ALL|LTF,3,1,3626,-422.22003628491075
D:F7_RF_TRIPLE,F7,ALL|LTF,3,2,1871,-121.96706487436313
D:F7_RF_TRIPLE,F7,ALL|LTF,3,3,185,-21.384288356639445
D:F7_RF_TRIPLE,F7,ALL|SW,0,0,46236,-6559.981396964275
D:F7_RF_TRIPLE,F7,ALL|SW,0,1,19829,-2216.826980037542
D:F7_RF_TRIPLE,F7,ALL|SW,0,2,10139,-733.8887921430796
D:F7_RF_TRIPLE,F7,ALL|SW,0,3,416,-6.71973599633202
D:F7_RF_TRIPLE,F7,ALL|SW,1,0,8718,-1415.3567416649958
D:F7_RF_TRIPLE,F7,ALL|SW,1,1,15320,-1284.3043063153455
D:F7_RF_TRIPLE,F7,ALL|SW,1,2,4569,-372.73995356481464
D:F7_RF_TRIPLE,F7,ALL|SW,1,3,260,-0.9258182451594621
D:F7_RF_TRIPLE,F7,ALL|SW,2,0,3934,-601.2223369205603
D:F7_RF_TRIPLE,F7,ALL|SW,2,1,2222,-228.13204563269392
D:F7_RF_TRIPLE,F7,ALL|SW,2,2,3659,-300.7384872621624
D:F7_RF_TRIPLE,F7,ALL|SW,2,3,337,-16.816553051117808
D:F7_RF_TRIPLE,F7,ALL|SW,3,0,281,-49.06083126552403
D:F7_RF_TRIPLE,F7,ALL|SW,3,1,234,-32.11433317512274
D:F7_RF_TRIPLE,F7,ALL|SW,3,2,244,-30.17422974575311
D:F7_RF_TRIPLE,F7,ALL|SW,3,3,71,-3.6584074264392257
D:F7_RF_TRIPLE,F7,ALL|SWH,0,0,10018,-1137.0596243394793
D:F7_RF_TRIPLE,F7,ALL|SWH,0,1,615,-49.828460128832376
D:F7_RF_TRIPLE,F7,ALL|SWH,0,2,92,5.090385013259947
D:F7_RF_TRIPLE,F7,ALL|SWH,0,3,24,2.082157598808408
D:F7_RF_TRIPLE,F7,ALL|SWH,1,0,19644,-2313.7184038390105
D:F7_RF_TRIPLE,F7,ALL|SWH,1,1,10055,-701.8016681792215
D:F7_RF_TRIPLE,F7,ALL|SWH,1,2,611,-31.99958392517874
D:F7_RF_TRIPLE,F7,ALL|SWH,1,3,29,5.019435010617599
D:F7_RF_TRIPLE,F7,ALL|SWH,2,0,58189,-9465.414930124993
D:F7_RF_TRIPLE,F7,ALL|SWH,2,1,28326,-2919.584186809734
D:F7_RF_TRIPLE,F7,ALL|SWH,2,2,12095,-892.1794047129442
D:F7_RF_TRIPLE,F7,ALL|SWH,2,3,58,-5.027945280075073
D:F7_RF_TRIPLE,F7,ALL|SWH,3,0,26653,-5724.251441596105
D:F7_RF_TRIPLE,F7,ALL|SWH,3,1,13342,-2064.932996636984
D:F7_RF_TRIPLE,F7,ALL|SWH,3,2,6713,-626.7994963322562
D:F7_RF_TRIPLE,F7,ALL|SWH,3,3,671,-26.445405746344477
D:F7_RF_TRIPLE,F7,A|FC,0,0,71921,-11685.629101390212
D:F7_RF_TRIPLE,F7,A|FC,0,1,34135,-3739.1050549703796
D:F7_RF_TRIPLE,F7,A|FC,1,0,35638,-5822.156257591304
D:F7_RF_TRIPLE,F7,A|FC,1,1,18668,-1978.4402740454534
D:F7_RF_TRIPLE,F7,A|LTF,0,0,56917,-9466.87940036348
D:F7_RF_TRIPLE,F7,A|LTF,0,1,25545,-2711.0320148692845
D:F7_RF_TRIPLE,F7,A|LTF,1,0,52911,-8383.484230149414
D:F7_RF_TRIPLE,F7,A|LTF,1,1,25457,-2750.762883731397
D:F7_RF_TRIPLE,F7,A|SW,0,0,47791,-6808.058911940363
D:F7_RF_TRIPLE,F7,A|SW,0,1,20946,-2375.4273898610118
D:F7_RF_TRIPLE,F7,A|SW,1,0,9205,-1480.9796897401748
D:F7_RF_TRIPLE,F7,A|SW,1,1,15723,-1289.9681738960498
D:F7_RF_TRIPLE,F7,A|SWH,0,0,19366,-2578.8893114443817
D:F7_RF_TRIPLE,F7,A|SWH,0,1,1283,-133.05509906829684
D:F7_RF_TRIPLE,F7,A|SWH,1,0,91789,-15505.334213398513
D:F7_RF_TRIPLE,F7,A|SWH,1,1,45725,-4952.302225279491
D:F7_RF_TRIPLE,F7,HI|FC,2,2,16766,-1336.3030959870448
D:F7_RF_TRIPLE,F7,HI|FC,2,3,1012,-3.6776445095892996
D:F7_RF_TRIPLE,F7,HI|FC,3,2,2046,-165.0271939036902
D:F7_RF_TRIPLE,F7,HI|FC,3,3,199,-31.078313041012734
D:F7_RF_TRIPLE,F7,HI|LTF,2,2,15362,-1246.6257461296846
D:F7_RF_TRIPLE,F7,HI|LTF,2,3,692,-8.270600809715688
D:F7_RF_TRIPLE,F7,HI|LTF,3,2,3767,-276.49308550132264
D:F7_RF_TRIPLE,F7,HI|LTF,3,3,347,-18.48702326370403
D:F7_RF_TRIPLE,F7,HI|SW,2,2,9461,-654.1371180776696
D:F7_RF_TRIPLE,F7,HI|SW,2,3,685,-19.012011767132208
D:F7_RF_TRIPLE,F7,HI|SW,3,2,562,-55.1034162575379
D:F7_RF_TRIPLE,F7,HI|SW,3,3,132,-1.7816844917833805
D:F7_RF_TRIPLE,F7,HI|SWH,2,2,12497,-949.3806054644738
D:F7_RF_TRIPLE,F7,HI|SWH,2,3,65,-4.275640711188316
D:F7_RF_TRIPLE,F7,HI|SWH,3,2,6955,-632.3987895590981
D:F7_RF_TRIPLE,F7,HI|SWH,3,3,687,-22.614245938602835
D:F7_RF_TRIPLE,F7,T15|FC,0,0,102773,-16799.2938066842
D:F7_RF_TRIPLE,F7,T1h|FC,2,2,18417,-1468.5275688420297
D:F7_RF_TRIPLE,F7,T30|FC,1,1,46932,-5041.733383384868
D:F7_RF_TRIPLE,F7,T4h|FC,3,3,723,-23.44059388199821
D:F8_VWICK,F8,ALLINF|FC,0,0,3746,-652.1863368708873
D:F8_VWICK,F8,ALLINF|FC,0,1,2453,-298.95647666975856
D:F8_VWICK,F8,ALLINF|FC,0,2,835,-114.7477183637966
D:F8_VWICK,F8,ALLINF|FC,0,3,191,-3.987398980651051
D:F8_VWICK,F8,ALLINF|FC,1,0,1405,-252.24454260861967
D:F8_VWICK,F8,ALLINF|FC,1,1,916,-81.89567798865028
D:F8_VWICK,F8,ALLINF|FC,1,2,750,-52.81318578374339
D:F8_VWICK,F8,ALLINF|FC,1,3,107,-4.5955382995307446
D:F8_VWICK,F8,ALLINF|FC,2,0,1141,-182.84699345892295
D:F8_VWICK,F8,ALLINF|FC,2,1,481,-28.924146997742355
D:F8_VWICK,F8,ALLINF|FC,2,2,428,-52.08180732931942
D:F8_VWICK,F8,ALLINF|FC,2,3,113,-1.5733350603841245
D:F8_VWICK,F8,ALLINF|FC,3,0,748,-109.65339680900797
D:F8_VWICK,F8,ALLINF|FC,3,1,316,-36.062453584745526
D:F8_VWICK,F8,ALLINF|FC,3,2,175,-11.29171106684953
D:F8_VWICK,F8,ALLINF|FC,3,3,102,-5.954228098737076
D:F8_VWICK,F8,ALLINF|SWH,0,0,2268,-413.1737116066506
D:F8_VWICK,F8,ALLINF|SWH,0,1,380,-19.737144642625935
D:F8_VWICK,F8,ALLINF|SWH,0,2,115,-8.501776723074727
D:F8_VWICK,F8,ALLINF|SWH,0,3,2,1.1217547357082367
D:F8_VWICK,F8,ALLINF|SWH,1,0,2284,-419.0484925635392
D:F8_VWICK,F8,ALLINF|SWH,1,1,1133,-110.38939646084327
D:F8_VWICK,F8,ALLINF|SWH,1,2,221,-25.421168972039595
D:F8_VWICK,F8,ALLINF|SWH,1,3,12,-0.8996472023427486
D:F8_VWICK,F8,ALLINF|SWH,2,0,1916,-243.26186132943258
D:F8_VWICK,F8,ALLINF|SWH,2,1,1281,-114.04057254153304
D:F8_VWICK,F8,ALLINF|SWH,2,2,742,-85.63945330432034
D:F8_VWICK,F8,ALLINF|SWH,2,3,39,0.9161642268300056
D:F8_VWICK,F8,ALLINF|SWH,3,0,1484,-281.35490744840354
D:F8_VWICK,F8,ALLINF|SWH,3,1,696,-73.85006220312789
D:F8_VWICK,F8,ALLINF|SWH,3,2,419,-30.58688691398129
D:F8_VWICK,F8,ALLINF|SWH,3,3,192,-7.444729079725221
D:F8_VWICK,F8,ALL|FC,0,0,3849,-686.0894710762659
D:F8_VWICK,F8,ALL|FC,0,1,2330,-283.70438882836606
D:F8_VWICK,F8,ALL|FC,0,2,667,-101.6967566004023
D:F8_VWICK,F8,ALL|FC,0,3,33,2.123161976225674
D:F8_VWICK,F8,ALL|FC,1,0,1351,-253.99960249348078
D:F8_VWICK,F8,ALL|FC,1,1,828,-97.33782857051119
D:F8_VWICK,F8,ALL|FC,1,2,580,-60.361825056839734
D:F8_VWICK,F8,ALL|FC,1,3,18,-4.737634766846895
D:F8_VWICK,F8,ALL|FC,2,0,1005,-166.47959674103186
D:F8_VWICK,F8,ALL|FC,2,1,410,-36.58773530088365
D:F8_VWICK,F8,ALL|FC,2,2,290,-37.397441644687206
D:F8_VWICK,F8,ALL|FC,2,3,18,1.649415485560894
D:F8_VWICK,F8,ALL|FC,3,0,237,-23.212653763592243
D:F8_VWICK,F8,ALL|FC,3,1,105,-9.872692666947842
D:F8_VWICK,F8,ALL|FC,3,2,48,-1.756861187517643
D:F8_VWICK,F8,ALL|FC,3,3,7,-0.5060712844133377
D:F8_VWICK,F8,ALL|LTF,0,0,3387,-633.7063246703474
D:F8_VWICK,F8,ALL|LTF,0,1,1641,-216.37495315959677
D:F8_VWICK,F8,ALL|LTF,0,2,499,-73.66074050869793
D:F8_VWICK,F8,ALL|LTF,0,3,24,2.7836181446909904
D:F8_VWICK,F8,ALL|LTF,1,0,2044,-354.80071023933124
D:F8_VWICK,F8,ALL|LTF,1,1,910,-91.93121792410966
D:F8_VWICK,F8,ALL|LTF,1,2,459,-55.90098395617679
D:F8_VWICK,F8,ALL|LTF,1,3,19,-6.008652955293655
D:F8_VWICK,F8,ALL|LTF,2,0,1319,-201.75008012074977
D:F8_VWICK,F8,ALL|LTF,2,1,792,-80.23718556016684
D:F8_VWICK,F8,ALL|LTF,2,2,373,-43.305393625516444
D:F8_VWICK,F8,ALL|LTF,2,3,17,3.1216080635786057
D:F8_VWICK,F8,ALL|LTF,3,0,251,-33.66364362090826
D:F8_VWICK,F8,ALL|LTF,3,1,113,-16.457476399838924
D:F8_VWICK,F8,ALL|LTF,3,2,56,-3.50456708855927
D:F8_VWICK,F8,ALL|LTF,3,3,8,-0.2174772024154663
D:F8_VWICK,F8,ALL|SW,0,0,1684,-194.25376771576703
D:F8_VWICK,F8,ALL|SW,0,1,1682,-147.15123386855703
D:F8_VWICK,F8,ALL|SW,0,2,340,-51.194919591769576
D:F8_VWICK,F8,ALL|SW,0,3,11,2.17442683596164
D:F8_VWICK,F8,ALL|SW,1,0,241,-35.306389989331365
D:F8_VWICK,F8,ALL|SW,1,1,542,-74.99368966883048
D:F8_VWICK,F8,ALL|SW,1,2,464,-55.261423059972
D:F8_VWICK,F8,ALL|SW,1,3,1,0.25482669472694397
D:F8_VWICK,F8,ALL|SW,2,0,89,-3.2087848149240017
D:F8_VWICK,F8,ALL|SW,2,1,94,-15.0794009687379
D:F8_VWICK,F8,ALL|SW,2,2,195,-26.233450443018228
D:F8_VWICK,F8,ALL|SW,2,3,13,-0.9900032132863998
D:F8_VWICK,F8,ALL|SW,3,0,8,2.7115123122930527
D:F8_VWICK,F8,ALL|SW,3,1,4,-1.7606523111462593
D:F8_VWICK,F8,ALL|SW,3,2,5,-0.9627964794635773
D:F8_VWICK,F8,ALL|SW,3,3,4,0.5433967262506485
D:F8_VWICK,F8,ALL|SWH,0,0,2499,-446.78509090829175
D:F8_VWICK,F8,ALL|SWH,0,1,390,-17.249786754138768
D:F8_VWICK,F8,ALL|SWH,0,2,95,-10.655031435191631
D:F8_VWICK,F8,ALL|SWH,0,3,2,1.1314540207386017
D:F8_VWICK,F8,ALL|SWH,1,0,2393,-443.6692016032757
D:F8_VWICK,F8,ALL|SWH,1,1,1128,-106.79938876105007
D:F8_VWICK,F8,ALL|SWH,1,2,181,-20.766597376437858
D:F8_VWICK,F8,ALL|SWH,1,3,2,-0.8438770473003387
D:F8_VWICK,F8,ALL|SWH,2,0,1936,-287.6544100753963
D:F8_VWICK,F8,ALL|SWH,2,1,1179,-151.31119320727885
D:F8_VWICK,F8,ALL|SWH,2,2,588,-72.59368856670335
D:F8_VWICK,F8,ALL|SWH,2,3,11,1.6678107380867004
D:F8_VWICK,F8,ALL|SWH,3,0,400,-96.41363666392863
D:F8_VWICK,F8,ALL|SWH,3,1,187,-30.042629275470972
D:F8_VWICK,F8,ALL|SWH,3,2,87,-7.459015542641282
D:F8_VWICK,F8,ALL|SWH,3,3,15,0.18133552372455597
D:F8_VWICK,F8,A|FC,0,0,4328,-759.9042554848129
D:F8_VWICK,F8,A|FC,0,1,2623,-315.10264631768223
D:F8_VWICK,F8,A|FC,1,0,1501,-256.8792035958031
D:F8_VWICK,F8,A|FC,1,1,884,-98.54556471528485
D:F8_VWICK,F8,A|LTF,0,0,3830,-690.7558707267744
D:F8_VWICK,F8,A|LTF,0,1,1857,-251.40600490244105
D:F8_VWICK,F8,A|LTF,1,0,2589,-407.74704103858676
D:F8_VWICK,F8,A|LTF,1,1,1154,-109.85540660598781
D:F8_VWICK,F8,A|SW,0,0,1703,-204.42348269559443
D:F8_VWICK,F8,A|SW,0,1,1718,-154.660416195984
D:F8_VWICK,F8,A|SW,1,0,246,-38.49934840388596
D:F8_VWICK,F8,A|SW,1,1,552,-76.74184668203816
D:F8_VWICK,F8,A|SWH,0,0,3045,-565.9134034150047
D:F8_VWICK,F8,A|SWH,0,1,490,-45.61276865564287
D:F8_VWICK,F8,A|SWH,1,0,3447,-567.2602692904184
D:F8_VWICK,F8,A|SWH,1,1,1669,-185.78223511984106
D:F8_VWICK,F8,HI|FC,2,2,675,-90.71319491392933
D:F8_VWICK,F8,HI|FC,2,3,44,2.9347321735695004
D:F8_VWICK,F8,HI|FC,3,2,58,5.096531718969345
D:F8_VWICK,F8,HI|FC,3,3,9,-1.4069412499666214
D:F8_VWICK,F8,HI|LTF,2,2,668,-84.33882357901894
D:F8_VWICK,F8,HI|LTF,2,3,34,5.016888663172722
D:F8_VWICK,F8,HI|LTF,3,2,84,-4.903996968641877
D:F8_VWICK,F8,HI|LTF,3,3,10,-1.1246160119771957
D:F8_VWICK,F8,HI|SW,2,2,304,-39.21432622196153
D:F8_VWICK,F8,HI|SW,2,3,21,0.8909561680629849
D:F8_VWICK,F8,HI|SW,3,2,7,2.535936176776886
D:F8_VWICK,F8,HI|SW,3,3,5,0.9284436255693436
D:F8_VWICK,F8,HI|SWH,2,2,660,-81.97441085847095
D:F8_VWICK,F8,HI|SWH,2,3,12,2.071867346763611
D:F8_VWICK,F8,HI|SWH,3,2,95,-4.854745263233781
D:F8_VWICK,F8,HI|SWH,3,3,15,0.3334957957267761
D:F8_VWICK,F8,T15|FC,0,0,4928,-908.0139378530439
D:F8_VWICK,F8,T1h|FC,2,2,688,-87.3924734739121
D:F8_VWICK,F8,T30|FC,1,1,1852,-204.7608742940938
D:F8_VWICK,F8,T4h|FC,3,3,17,0.5142387077212334
D:F9_BREAKER,F9,ALLINF|FC,0,0,9028,-1450.003355774592
D:F9_BREAKER,F9,ALLINF|FC,0,1,4623,-564.2047466746008
D:F9_BREAKER,F9,ALLINF|FC,0,2,1728,-151.3482684036062
D:F9_BREAKER,F9,ALLINF|FC,0,3,433,-10.030020613223314
D:F9_BREAKER,F9,ALLINF|FC,1,0,4612,-897.2854468878359
D:F9_BREAKER,F9,ALLINF|FC,1,1,2550,-290.2360636575031
D:F9_BREAKER,F9,ALLINF|FC,1,2,1384,-93.33807649149094
D:F9_BREAKER,F9,ALLINF|FC,1,3,327,-32.966520516201854
D:F9_BREAKER,F9,ALLINF|FC,2,0,3193,-621.6067772302194
D:F9_BREAKER,F9,ALLINF|FC,2,1,1481,-187.20310133349267
D:F9_BREAKER,F9,ALLINF|FC,2,2,832,-139.0941008622758
D:F9_BREAKER,F9,ALLINF|FC,2,3,235,-10.6844331540633
D:F9_BREAKER,F9,ALLINF|FC,3,0,2360,-523.097360836342
D:F9_BREAKER,F9,ALLINF|FC,3,1,1067,-158.87353917502332
D:F9_BREAKER,F9,ALLINF|FC,3,2,487,-50.92896157922223
D:F9_BREAKER,F9,ALLINF|FC,3,3,202,-0.8083306215703487
D:F9_BREAKER,F9,ALLINF|SWH,0,0,3982,-601.5734999902706
D:F9_BREAKER,F9,ALLINF|SWH,0,1,436,-30.098694431362674
D:F9_BREAKER,F9,ALLINF|SWH,0,2,99,-6.747383093461394
D:F9_BREAKER,F9,ALLINF|SWH,0,3,15,0.009981797076761723
D:F9_BREAKER,F9,ALLINF|SWH,1,0,4816,-790.9307648420508
D:F9_BREAKER,F9,ALLINF|SWH,1,1,2404,-229.73842371604405
D:F9_BREAKER,F9,ALLINF|SWH,1,2,281,-0.14357055816799402
D:F9_BREAKER,F9,ALLINF|SWH,1,3,20,-2.9462717110291123
D:F9_BREAKER,F9,ALLINF|SWH,2,0,6116,-1194.4582920779721
D:F9_BREAKER,F9,ALLINF|SWH,2,1,3125,-460.9046891334874
D:F9_BREAKER,F9,ALLINF|SWH,2,2,1475,-196.59511404277146
D:F9_BREAKER,F9,ALLINF|SWH,2,3,50,0.08920887927524745
D:F9_BREAKER,F9,ALLINF|SWH,3,0,5949,-1287.1041880473495
D:F9_BREAKER,F9,ALLINF|SWH,3,1,2826,-351.90978623135015
D:F9_BREAKER,F9,ALLINF|SWH,3,2,1349,-168.44425804459024
D:F9_BREAKER,F9,ALLINF|SWH,3,3,465,-30.807325270958245
D:F9_BREAKER,F9,ALL|FC,0,0,9632,-1573.0831517746265
D:F9_BREAKER,F9,ALL|FC,0,1,4660,-591.5232004070713
D:F9_BREAKER,F9,ALL|FC,0,2,1448,-134.87463598048635
D:F9_BREAKER,F9,ALL|FC,0,3,86,-4.2233611065894365
D:F9_BREAKER,F9,ALL|FC,1,0,4665,-892.1758959320141
D:F9_BREAKER,F9,ALL|FC,1,1,2440,-251.36490149569
D:F9_BREAKER,F9,ALL|FC,1,2,1158,-85.68065158801619
D:F9_BREAKER,F9,ALL|FC,1,3,61,-6.008886881172657
D:F9_BREAKER,F9,ALL|FC,2,0,2998,-621.420320366451
D:F9_BREAKER,F9,ALL|FC,2,1,1302,-180.07739711087197
D:F9_BREAKER,F9,ALL|FC,2,2,634,-128.67889022501186
D:F9_BREAKER,F9,ALL|FC,2,3,39,-0.4105631969869137
D:F9_BREAKER,F9,ALL|FC,3,0,795,-226.97039242996834
D:F9_BREAKER,F9,ALL|FC,3,1,340,-76.38239334663376
D:F9_BREAKER,F9,ALL|FC,3,2,152,-30.34316777251661
D:F9_BREAKER,F9,ALL|FC,3,3,25,2.3873098716139793
D:F9_BREAKER,F9,ALL|LTF,0,0,8688,-1435.3823075327382
D:F9_BREAKER,F9,ALL|LTF,0,1,3749,-444.0517064865271
D:F9_BREAKER,F9,ALL|LTF,0,2,1197,-110.51249453800119
D:F9_BREAKER,F9,ALL|LTF,0,3,76,-2.5032411832362413
D:F9_BREAKER,F9,ALL|LTF,1,0,5626,-1055.3724863982352
D:F9_BREAKER,F9,ALL|LTF,1,1,2708,-309.05687874142313
D:F9_BREAKER,F9,ALL|LTF,1,2,1063,-83.18471905554179
D:F9_BREAKER,F9,ALL|LTF,1,3,58,-4.2258783504366875
D:F9_BREAKER,F9,ALL|LTF,2,0,3557,-753.5753758110222
D:F9_BREAKER,F9,ALL|LTF,2,1,1666,-246.60822271974757
D:F9_BREAKER,F9,ALL|LTF,2,2,755,-134.48319360474125
D:F9_BREAKER,F9,ALL|LTF,2,3,40,-2.6331014931201935
D:F9_BREAKER,F9,ALL|LTF,3,0,849,-242.3639517815318
D:F9_BREAKER,F9,ALL|LTF,3,1,358,-75.89145314088091
D:F9_BREAKER,F9,ALL|LTF,3,2,160,-23.065820967778563
D:F9_BREAKER,F9,ALL|LTF,3,3,28,2.9889715276658535
D:F9_BREAKER,F9,ALL|SW,0,0,3928,-502.49685683253483
D:F9_BREAKER,F9,ALL|SW,0,1,2720,-384.1732069996651
D:F9_BREAKER,F9,ALL|SW,0,2,585,-59.985015433630906
D:F9_BREAKER,F9,ALL|SW,0,3,17,-0.7376654222607613
D:F9_BREAKER,F9,ALL|SW,1,0,835,-112.42929298523813
D:F9_BREAKER,F9,ALL|SW,1,1,1227,-111.50173504368286
D:F9_BREAKER,F9,ALL|SW,1,2,765,-69.73576548858546
D:F9_BREAKER,F9,ALL|SW,1,3,9,-0.8641566205769777
D:F9_BREAKER,F9,ALL|SW,2,0,339,-57.174011881055776
D:F9_BREAKER,F9,ALL|SW,2,1,294,-40.980128588096704
D:F9_BREAKER,F9,ALL|SW,2,2,327,-62.90462610034592
D:F9_BREAKER,F9,ALL|SW,2,3,16,-1.5643930435180664
D:F9_BREAKER,F9,ALL|SW,3,0,35,-7.471338704228401
D:F9_BREAKER,F9,ALL|SW,3,1,17,-2.2817923575639725
D:F9_BREAKER,F9,ALL|SW,3,2,23,-3.7147821970283985
D:F9_BREAKER,F9,ALL|SW,3,3,9,-0.40558411180973053
D:F9_BREAKER,F9,ALL|SWH,0,0,4898,-815.9155347390843
D:F9_BREAKER,F9,ALL|SWH,0,1,474,-36.06336463813204
D:F9_BREAKER,F9,ALL|SWH,0,2,101,-7.594562021433376
D:F9_BREAKER,F9,ALL|SWH,0,3,6,0.2883950173854828
D:F9_BREAKER,F9,ALL|SWH,1,0,5971,-986.42132901281
D:F9_BREAKER,F9,ALL|SWH,1,1,2848,-282.42408138219616
D:F9_BREAKER,F9,ALL|SWH,1,2,275,-12.56427606381476
D:F9_BREAKER,F9,ALL|SWH,1,3,3,0.9530906528234482
D:F9_BREAKER,F9,ALL|SWH,2,0,6742,-1339.361940524519
D:F9_BREAKER,F9,ALL|SWH,2,1,3218,-497.8715863022953
D:F9_BREAKER,F9,ALL|SWH,2,2,1374,-205.65307569040306
D:F9_BREAKER,F9,ALL|SWH,2,3,16,3.3406191244721413
D:F9_BREAKER,F9,ALL|SWH,3,0,1945,-528.2022628805134
D:F9_BREAKER,F9,ALL|SWH,3,1,873,-150.3130450914614
D:F9_BREAKER,F9,ALL|SWH,3,2,392,-68.63337914459407
D:F9_BREAKER,F9,ALL|SWH,3,3,58,-3.369051441550255
D:F9_BREAKER,F9,A|FC,0,0,11271,-1926.1574982712336
D:F9_BREAKER,F9,A|FC,0,1,5474,-667.1386458986963
D:F9_BREAKER,F9,A|FC,1,0,5598,-1165.1168590579764
D:F9_BREAKER,F9,A|FC,1,1,2858,-370.84873319935286
D:F9_BREAKER,F9,A|LTF,0,0,10374,-1826.9977163549338
D:F9_BREAKER,F9,A|LTF,0,1,4475,-526.9244611455651
D:F9_BREAKER,F9,A|LTF,1,0,7086,-1416.2828159456549
D:F9_BREAKER,F9,A|LTF,1,1,3351,-436.76257508952403
D:F9_BREAKER,F9,A|SW,0,0,4004,-519.9200584382124
D:F9_BREAKER,F9,A|SW,0,1,2831,-402.038193292683
D:F9_BREAKER,F9,A|SW,1,0,868,-114.64234290458262
D:F9_BREAKER,F9,A|SW,1,1,1264,-117.91771034008707
D:F9_BREAKER,F9,A|SWH,0,0,6779,-1116.3239782448218
D:F9_BREAKER,F9,A|SWH,0,1,665,-61.84213560272474
D:F9_BREAKER,F9,A|SWH,1,0,11132,-2220.994816084829
D:F9_BREAKER,F9,A|SWH,1,1,5146,-639.2226031772152
D:F9_BREAKER,F9,HI|FC,2,2,1577,-232.64697908798553
D:F9_BREAKER,F9,HI|FC,2,3,89,-5.561114178970456
D:F9_BREAKER,F9,HI|FC,3,2,323,-49.20597902871668
D:F9_BREAKER,F9,HI|FC,3,3,50,2.8668379560112953
D:F9_BREAKER,F9,HI|LTF,2,2,1573,-233.62847181598045
D:F9_BREAKER,F9,HI|LTF,2,3,78,-3.8877480532974005
D:F9_BREAKER,F9,HI|LTF,3,2,336,-50.269757909700274
D:F9_BREAKER,F9,HI|LTF,3,3,53,2.144217576831579
D:F9_BREAKER,F9,HI|SW,2,2,529,-84.15324051587231
D:F9_BREAKER,F9,HI|SW,2,3,41,1.2019939664751291
D:F9_BREAKER,F9,HI|SW,3,2,37,-5.7448663003742695
D:F9_BREAKER,F9,HI|SW,3,3,15,-6.77762508392334
D:F9_BREAKER,F9,HI|SWH,2,2,1521,-209.42323739270068
D:F9_BREAKER,F9,HI|SWH,2,3,18,3.533240055665374
D:F9_BREAKER,F9,HI|SWH,3,2,402,-70.50275205634534
D:F9_BREAKER,F9,HI|SWH,3,3,59,-3.1462450176477432
D:F9_BREAKER,F9,T15|FC,0,0,14528,-2586.8863026397594
D:F9_BREAKER,F9,T1h|FC,2,2,1705,-247.80488496648468
D:F9_BREAKER,F9,T30|FC,1,1,5489,-664.1641940786794
D:F9_BREAKER,F9,T4h|FC,3,3,61,-3.0735484659671783
D:F9_FVG,F9,ALLINF|FC,0,0,15171,-2004.7090881085023
D:F9_FVG,F9,ALLINF|FC,0,1,8834,-915.1366422863066
D:F9_FVG,F9,ALLINF|FC,0,2,3804,-307.2973708327627
D:F9_FVG,F9,ALLINF|FC,0,3,912,-26.936714442213997
D:F9_FVG,F9,ALLINF|FC,1,0,5179,-733.3224946793634
D:F9_FVG,F9,ALLINF|FC,1,1,3071,-312.03878668125253
D:F9_FVG,F9,ALLINF|FC,1,2,2095,-186.10122049303027
D:F9_FVG,F9,ALLINF|FC,1,3,447,-9.054075104300864
D:F9_FVG,F9,ALLINF|FC,2,0,3684,-716.7828850254591
D:F9_FVG,F9,ALLINF|FC,2,1,1825,-231.41414848004933
D:F9_FVG,F9,ALLINF|FC,2,2,1204,-64.40607570135035
D:F9_FVG,F9,ALLINF|FC,2,3,379,5.633425271254964
D:F9_FVG,F9,ALLINF|FC,3,0,3065,-621.6271821027767
D:F9_FVG,F9,ALLINF|FC,3,1,1487,-181.68330958793024
D:F9_FVG,F9,ALLINF|FC,3,2,727,-57.07295640375378
D:F9_FVG,F9,ALLINF|FC,3,3,378,-14.439056184026413
D:F9_FVG,F9,ALLINF|SWH,0,0,6014,-847.3586881414813
D:F9_FVG,F9,ALLINF|SWH,0,1,772,-60.5340181956999
D:F9_FVG,F9,ALLINF|SWH,0,2,172,1.0056624105200171
D:F9_FVG,F9,ALLINF|SWH,0,3,21,1.142478883266449
D:F9_FVG,F9,ALLINF|SWH,1,0,5992,-774.9696576231509
D:F9_FVG,F9,ALLINF|SWH,1,1,3471,-390.3762000237475
D:F9_FVG,F9,ALLINF|SWH,1,2,521,-49.2372204879066
D:F9_FVG,F9,ALLINF|SWH,1,3,34,-3.035596458008513
D:F9_FVG,F9,ALLINF|SWH,2,0,8803,-1313.9105835902737
D:F9_FVG,F9,ALLINF|SWH,2,1,5003,-580.3835306619294
D:F9_FVG,F9,ALLINF|SWH,2,2,2956,-199.6216854901868
D:F9_FVG,F9,ALLINF|SWH,2,3,109,-2.163034613302443
D:F9_FVG,F9,ALLINF|SWH,3,0,8809,-1599.5541308313404
D:F9_FVG,F9,ALLINF|SWH,3,1,4562,-499.46420998340557
D:F9_FVG,F9,ALLINF|SWH,3,2,2405,-183.02335146006226
D:F9_FVG,F9,ALLINF|SWH,3,3,1097,-38.04263614618685
D:F9_FVG,F9,ALL|FC,0,0,16040,-2129.0985780641204
D:F9_FVG,F9,ALL|FC,0,1,8629,-972.8775241409676
D:F9_FVG,F9,ALL|FC,0,2,3081,-310.2599176077347
D:F9_FVG,F9,ALL|FC,0,3,168,-4.185945771634579
D:F9_FVG,F9,ALL|FC,1,0,5142,-732.1569860609015
D:F9_FVG,F9,ALL|FC,1,1,2863,-261.16238892392005
D:F9_FVG,F9,ALL|FC,1,2,1592,-164.4700792124495
D:F9_FVG,F9,ALL|FC,1,3,82,-6.740981479175389
D:F9_FVG,F9,ALL|FC,2,0,3348,-714.8500625717861
D:F9_FVG,F9,ALL|FC,2,1,1622,-237.07927272247616
D:F9_FVG,F9,ALL|FC,2,2,855,-74.86707772593945
D:F9_FVG,F9,ALL|FC,2,3,61,-1.9205499328672886
D:F9_FVG,F9,ALL|FC,3,0,1053,-311.2930242992006
D:F9_FVG,F9,ALL|FC,3,1,465,-67.49864292517668
D:F9_FVG,F9,ALL|FC,3,2,204,-17.196486316621304
D:F9_FVG,F9,ALL|FC,3,3,23,-2.2370232827961445
D:F9_FVG,F9,ALL|LTF,0,0,13822,-1888.6891446818481
D:F9_FVG,F9,ALL|LTF,0,1,6875,-716.2184704751489
D:F9_FVG,F9,ALL|LTF,0,2,2353,-233.79833983528079
D:F9_FVG,F9,ALL|LTF,0,3,150,0.929163258522749
D:F9_FVG,F9,ALL|LTF,1,0,6631,-918.3135821836768
D:F9_FVG,F9,ALL|LTF,1,1,3224,-329.12830830620817
D:F9_FVG,F9,ALL|LTF,1,2,1581,-160.49898240464972
D:F9_FVG,F9,ALL|LTF,1,3,80,-4.44359462428838
D:F9_FVG,F9,ALL|LTF,2,0,5077,-991.8353443151864
D:F9_FVG,F9,ALL|LTF,2,1,2707,-394.86612912325654
D:F9_FVG,F9,ALL|LTF,2,2,1198,-97.91186677850783
D:F9_FVG,F9,ALL|LTF,2,3,72,-4.756733540445566
D:F9_FVG,F9,ALL|LTF,3,0,1087,-282.1324983811937
D:F9_FVG,F9,ALL|LTF,3,1,494,-63.11611252278453
D:F9_FVG,F9,ALL|LTF,3,2,230,-10.14910290390253
D:F9_FVG,F9,ALL|LTF,3,3,26,-5.4031753577291965
D:F9_FVG,F9,ALL|SW,0,0,8843,-1271.6657387153828
D:F9_FVG,F9,ALL|SW,0,1,5803,-728.8997890605788
D:F9_FVG,F9,ALL|SW,0,2,1272,-140.53958209673874
D:F9_FVG,F9,ALL|SW,0,3,42,-3.3738691322505474
D:F9_FVG,F9,ALL|SW,1,0,1351,-186.82760862802388
D:F9_FVG,F9,ALL|SW,1,1,2616,-287.223983753349
D:F9_FVG,F9,ALL|SW,1,2,1361,-122.09468913031742
D:F9_FVG,F9,ALL|SW,1,3,24,-1.579290747642517
D:F9_FVG,F9,ALL|SW,2,0,490,-83.06766748474911
D:F9_FVG,F9,ALL|SW,2,1,535,-46.67046858929098
D:F9_FVG,F9,ALL|SW,2,2,1039,-72.55536487302743
D:F9_FVG,F9,ALL|SW,2,3,34,0.8818540424108505
D:F9_FVG,F9,ALL|SW,3,0,51,-8.12701003625989
D:F9_FVG,F9,ALL|SW,3,1,45,-1.6183337774127722
D:F9_FVG,F9,ALL|SW,3,2,40,-4.717645838856697
D:F9_FVG,F9,ALL|SW,3,3,43,-6.099250420928001
D:F9_FVG,F9,ALL|SWH,0,0,7050,-892.4403452005936
D:F9_FVG,F9,ALL|SWH,0,1,891,-79.46659981482662
D:F9_FVG,F9,ALL|SWH,0,2,152,-11.775720147415996
D:F9_FVG,F9,ALL|SWH,0,3,9,-0.4059467017650604
D:F9_FVG,F9,ALL|SWH,1,0,7428,-968.5807255666587
D:F9_FVG,F9,ALL|SWH,1,1,3951,-406.4562241773093
D:F9_FVG,F9,ALL|SWH,1,2,492,-59.324703568039695
D:F9_FVG,F9,ALL|SWH,1,3,12,-1.0209041088819504
D:F9_FVG,F9,ALL|SWH,2,0,10378,-1724.2986237960577
D:F9_FVG,F9,ALL|SWH,2,1,5495,-715.0630301564233
D:F9_FVG,F9,ALL|SWH,2,2,2687,-249.76890576514415
D:F9_FVG,F9,ALL|SWH,2,3,41,-4.285392954945564
D:F9_FVG,F9,ALL|SWH,3,0,3013,-744.1580608405638
D:F9_FVG,F9,ALL|SWH,3,1,1457,-185.79283920280068
D:F9_FVG,F9,ALL|SWH,3,2,673,-36.5329025273968
D:F9_FVG,F9,ALL|SWH,3,3,97,-9.395714975893497
D:F9_FVG,F9,A|FC,0,0,18475,-2762.693578802311
D:F9_FVG,F9,A|FC,0,1,9960,-1176.4047970316424
D:F9_FVG,F9,A|FC,1,0,5956,-942.4540014337399
D:F9_FVG,F9,A|FC,1,1,3298,-355.7798334661567
D:F9_FVG,F9,A|LTF,0,0,16373,-2528.459559482202
D:F9_FVG,F9,A|LTF,0,1,8139,-925.9053406810635
D:F9_FVG,F9,A|LTF,1,0,9066,-1347.0627143509337
D:F9_FVG,F9,A|LTF,1,1,4351,-476.3070727908017
D:F9_FVG,F9,A|SW,0,0,8962,-1288.565844638797
D:F9_FVG,F9,A|SW,0,1,6059,-755.0897480986278
D:F9_FVG,F9,A|SW,1,0,1430,-203.47541256045224
D:F9_FVG,F9,A|SW,1,1,2674,-298.7948855570213
D:F9_FVG,F9,A|SWH,0,0,9668,-1315.9950453464699
D:F9_FVG,F9,A|SWH,0,1,1232,-138.85753191658296
D:F9_FVG,F9,A|SWH,1,0,16406,-2638.665023487527
D:F9_FVG,F9,A|SWH,1,1,8517,-944.9758557641654
D:F9_FVG,F9,HI|FC,2,2,3289,-278.15087259584107
D:F9_FVG,F9,HI|FC,2,3,230,-3.8589093880727887
D:F9_FVG,F9,HI|FC,3,2,311,-27.918148547410965
D:F9_FVG,F9,HI|FC,3,3,46,-4.9768760949373245
D:F9_FVG,F9,HI|LTF,2,2,3255,-277.61588116013445
D:F9_FVG,F9,HI|LTF,2,3,209,-4.910507989116013
D:F9_FVG,F9,HI|LTF,3,2,368,-29.7013787580363
D:F9_FVG,F9,HI|LTF,3,3,54,-7.947361916303635
D:F9_FVG,F9,HI|SW,2,2,1668,-120.2648262581788
D:F9_FVG,F9,HI|SW,2,3,108,-2.9832550920546055
D:F9_FVG,F9,HI|SW,3,2,59,-8.213925406336784
D:F9_FVG,F9,HI|SW,3,3,44,-4.168406613171101
D:F9_FVG,F9,HI|SWH,2,2,2998,-267.1218443471007
D:F9_FVG,F9,HI|SWH,2,3,44,-2.7677611336112022
D:F9_FVG,F9,HI|SWH,3,2,710,-50.57926536703599
D:F9_FVG,F9,HI|SWH,3,3,103,-8.183667831122875
D:F9_FVG,F9,T15|FC,0,0,22337,-3409.5107489574293
D:F9_FVG,F9,T1h|FC,2,2,3455,-295.5050436446909
D:F9_FVG,F9,T30|FC,1,1,9308,-1031.1421452871036
D:F9_FVG,F9,T4h|FC,3,3,118,-11.430155850946903
D:F9_IFVG,F9,ALLINF|FC,0,0,8131,-1279.1199138401207
D:F9_IFVG,F9,ALLINF|FC,0,1,4703,-514.8967845589505
D:F9_IFVG,F9,ALLINF|FC,0,2,1733,-132.70738335102214
D:F9_IFVG,F9,ALLINF|FC,0,3,448,-8.033705692345393
D:F9_IFVG,F9,ALLINF|FC,1,0,3354,-575.421670054151
D:F9_IFVG,F9,ALLINF|FC,1,1,1912,-204.2458806335344
D:F9_IFVG,F9,ALLINF|FC,1,2,1313,-68.4367012482835
D:F9_IFVG,F9,ALLINF|FC,1,3,254,-4.278907422034536
D:F9_IFVG,F9,ALLINF|FC,2,0,2743,-493.76933928381186
D:F9_IFVG,F9,ALLINF|FC,2,1,1322,-138.54656016093213
D:F9_IFVG,F9,ALLINF|FC,2,2,840,-41.541186968563125
D:F9_IFVG,F9,ALLINF|FC,2,3,264,-0.3496596612385474
D:F9_IFVG,F9,ALLINF|FC,3,0,2050,-302.61361493964796
D:F9_IFVG,F9,ALLINF|FC,3,1,948,-158.91153842327185
D:F9_IFVG,F9,ALLINF|FC,3,2,506,-57.88811028783675
D:F9_IFVG,F9,ALLINF|FC,3,3,259,-11.692769997520372
D:F9_IFVG,F9,ALLINF|SWH,0,0,3642,-531.0141059696107
D:F9_IFVG,F9,ALLINF|SWH,0,1,685,-55.02129033394158
D:F9_IFVG,F9,ALLINF|SWH,0,2,126,-16.735067006200552
D:F9_IFVG,F9,ALLINF|SWH,0,3,12,-0.2205677293241024
D:F9_IFVG,F9,ALLINF|SWH,1,0,4185,-667.2772327264902
D:F9_IFVG,F9,ALLINF|SWH,1,1,1911,-191.2750180948642
D:F9_IFVG,F9,ALLINF|SWH,1,2,355,-12.989338918880094
D:F9_IFVG,F9,ALLINF|SWH,1,3,15,-0.04952733078971505
D:F9_IFVG,F9,ALLINF|SWH,2,0,5200,-914.4768070331775
D:F9_IFVG,F9,ALLINF|SWH,2,1,2913,-377.207183205348
D:F9_IFVG,F9,ALLINF|SWH,2,2,1430,-79.59952174130012
D:F9_IFVG,F9,ALLINF|SWH,2,3,65,4.478485652623931
D:F9_IFVG,F9,ALLINF|SWH,3,0,4949,-825.1220273686631
D:F9_IFVG,F9,ALLINF|SWH,3,1,2511,-301.65964916418307
D:F9_IFVG,F9,ALLINF|SWH,3,2,1358,-118.79572412278503
D:F9_IFVG,F9,ALLINF|SWH,3,3,528,-16.256500214105472
D:F9_IFVG,F9,ALL|FC,0,0,8744,-1346.7732212228657
D:F9_IFVG,F9,ALL|FC,0,1,4703,-550.4092751721037
D:F9_IFVG,F9,ALL|FC,0,2,1454,-121.16831209114753
D:F9_IFVG,F9,ALL|FC,0,3,72,-0.49518129602074623
D:F9_IFVG,F9,ALL|FC,1,0,3410,-580.3158635269574
D:F9_IFVG,F9,ALL|FC,1,1,1837,-225.34120638802415
D:F9_IFVG,F9,ALL|FC,1,2,1098,-78.83484816225246
D:F9_IFVG,F9,ALL|FC,1,3,47,-0.5194276347756386
D:F9_IFVG,F9,ALL|FC,2,0,2373,-465.5961777486373
D:F9_IFVG,F9,ALL|FC,2,1,1152,-145.39886485552415
D:F9_IFVG,F9,ALL|FC,2,2,602,-47.36750018550083
D:F9_IFVG,F9,ALL|FC,2,3,53,1.7539167180657387
D:F9_IFVG,F9,ALL|FC,3,0,607,-147.94624169217423
D:F9_IFVG,F9,ALL|FC,3,1,260,-56.95242580398917
D:F9_IFVG,F9,ALL|FC,3,2,136,-13.09478572383523
D:F9_IFVG,F9,ALL|FC,3,3,19,2.6982595920562744
D:F9_IFVG,F9,ALL|LTF,0,0,7645,-1197.1858731285392
D:F9_IFVG,F9,ALL|LTF,0,1,3776,-462.7351908798446
D:F9_IFVG,F9,ALL|LTF,0,2,1125,-97.32619880884886
D:F9_IFVG,F9,ALL|LTF,0,3,61,-0.25287117063999176
D:F9_IFVG,F9,ALL|LTF,1,0,4392,-742.5393336748602
D:F9_IFVG,F9,ALL|LTF,1,1,1986,-209.4625825448311
D:F9_IFVG,F9,ALL|LTF,1,2,1027,-61.06890644039959
D:F9_IFVG,F9,ALL|LTF,1,3,46,3.3852133080363274
D:F9_IFVG,F9,ALL|LTF,2,0,3133,-591.0326706226915
D:F9_IFVG,F9,ALL|LTF,2,1,1677,-228.32867341209203
D:F9_IFVG,F9,ALL|LTF,2,2,751,-57.968905036570504
D:F9_IFVG,F9,ALL|LTF,2,3,54,-0.9830436632037163
D:F9_IFVG,F9,ALL|LTF,3,0,639,-131.0606675525196
D:F9_IFVG,F9,ALL|LTF,3,1,278,-50.59145475551486
D:F9_IFVG,F9,ALL|LTF,3,2,154,-12.925148600712419
D:F9_IFVG,F9,ALL|LTF,3,3,23,3.299565088003874
D:F9_IFVG,F9,ALL|SW,0,0,3163,-407.8343573976308
D:F9_IFVG,F9,ALL|SW,0,1,3494,-405.9249937032
D:F9_IFVG,F9,ALL|SW,0,2,646,-78.59249674528837
D:F9_IFVG,F9,ALL|SW,0,3,17,-0.79611000046134
D:F9_IFVG,F9,ALL|SW,1,0,722,-124.41873289360228
D:F9_IFVG,F9,ALL|SW,1,1,829,-100.9607653041021
D:F9_IFVG,F9,ALL|SW,1,2,878,-73.41480767214671
D:F9_IFVG,F9,ALL|SW,1,3,8,0.0849161446094513
D:F9_IFVG,F9,ALL|SW,2,0,230,-42.04142786655575
D:F9_IFVG,F9,ALL|SW,2,1,266,-25.646468746475875
D:F9_IFVG,F9,ALL|SW,2,2,330,-24.972084530629218
D:F9_IFVG,F9,ALL|SW,2,3,19,1.1717982217669487
D:F9_IFVG,F9,ALL|SW,3,0,22,-6.648517670109868
D:F9_IFVG,F9,ALL|SW,3,1,22,-3.5098901838064194
D:F9_IFVG,F9,ALL|SW,3,2,26,1.2109681367874146
D:F9_IFVG,F9,ALL|SW,3,3,16,1.4586940631270409
D:F9_IFVG,F9,ALL|SWH,0,0,4411,-657.7227331169706
D:F9_IFVG,F9,ALL|SWH,0,1,748,-56.72735402395483
D:F9_IFVG,F9,ALL|SWH,0,2,111,-12.943249508738518
D:F9_IFVG,F9,ALL|SWH,0,3,3,-0.6112114489078522
D:F9_IFVG,F9,ALL|SWH,1,0,5136,-830.7195542849731
D:F9_IFVG,F9,ALL|SWH,1,1,2228,-215.16027658747043
D:F9_IFVG,F9,ALL|SWH,1,2,380,-6.750298790633678
D:F9_IFVG,F9,ALL|SWH,1,3,4,0.8459369838237762
D:F9_IFVG,F9,ALL|SWH,2,0,5705,-1038.4010882256553
D:F9_IFVG,F9,ALL|SWH,2,1,3092,-449.4891425515525
D:F9_IFVG,F9,ALL|SWH,2,2,1316,-130.0276709040627
D:F9_IFVG,F9,ALL|SWH,2,3,12,1.6652172803878784
D:F9_IFVG,F9,ALL|SWH,3,0,1298,-271.19709659868386
D:F9_IFVG,F9,ALL|SWH,3,1,610,-102.82386991847306
D:F9_IFVG,F9,ALL|SWH,3,2,338,-23.033378201536834
D:F9_IFVG,F9,ALL|SWH,3,3,52,-0.12491685524582863
D:F9_IFVG,F9,A|FC,0,0,10087,-1648.6822099866768
D:F9_IFVG,F9,A|FC,0,1,5439,-631.5826331016724
D:F9_IFVG,F9,A|FC,1,0,4070,-721.9760393198303
D:F9_IFVG,F9,A|FC,1,1,2150,-298.2986249499372
D:F9_IFVG,F9,A|LTF,0,0,9080,-1505.5937169625613
D:F9_IFVG,F9,A|LTF,0,1,4449,-542.8593785099802
D:F9_IFVG,F9,A|LTF,1,0,5709,-982.1060098753442
D:F9_IFVG,F9,A|LTF,1,1,2639,-314.25942638650304
D:F9_IFVG,F9,A|SW,0,0,3201,-424.0496266204864
D:F9_IFVG,F9,A|SW,0,1,3608,-417.4412451098324
D:F9_IFVG,F9,A|SW,1,0,759,-146.48165199621144
D:F9_IFVG,F9,A|SW,1,1,861,-105.60467687441269
D:F9_IFVG,F9,A|SWH,0,0,5806,-846.6236661177318
D:F9_IFVG,F9,A|SWH,0,1,1004,-88.97527524677571
D:F9_IFVG,F9,A|SWH,1,0,9402,-1780.1904739080128
D:F9_IFVG,F9,A|SWH,1,1,4330,-570.0624308352126
D:F9_IFVG,F9,HI|FC,2,2,1597,-148.3329710494727
D:F9_IFVG,F9,HI|FC,2,3,109,2.0477540716528893
D:F9_IFVG,F9,HI|FC,3,2,206,-11.001250711269677
D:F9_IFVG,F9,HI|FC,3,3,32,0.969431709498167
D:F9_IFVG,F9,HI|LTF,2,2,1579,-144.62166466377676
D:F9_IFVG,F9,HI|LTF,2,3,96,2.6526181399822235
D:F9_IFVG,F9,HI|LTF,3,2,230,-14.535046909935772
D:F9_IFVG,F9,HI|LTF,3,3,34,0.15956969186663628
D:F9_IFVG,F9,HI|SW,2,2,519,-41.63556113350205
D:F9_IFVG,F9,HI|SW,2,3,39,1.8438447639346123
D:F9_IFVG,F9,HI|SW,3,2,31,0.7188990563154221
D:F9_IFVG,F9,HI|SW,3,3,20,2.127631861716509
D:F9_IFVG,F9,HI|SWH,2,2,1487,-144.27128688246012
D:F9_IFVG,F9,HI|SWH,2,3,13,1.7507885843515396
D:F9_IFVG,F9,HI|SWH,3,2,346,-27.49475115071982
D:F9_IFVG,F9,HI|SWH,3,3,53,0.28625449165701866
D:F9_IFVG,F9,T15|FC,0,0,12376,-2072.4375925171844
D:F9_IFVG,F9,T1h|FC,2,2,1678,-151.8539663478732
D:F9_IFVG,F9,T30|FC,1,1,4799,-628.5120686447481
D:F9_IFVG,F9,T4h|FC,3,3,55,0.3841163255274296
D:F9_OB,F9,ALLINF|FC,0,0,14768,-2949.708119048297
D:F9_OB,F9,ALLINF|FC,0,1,6865,-925.658368929835
D:F9_OB,F9,ALLINF|FC,0,2,2914,-266.2493869143145
D:F9_OB,F9,ALLINF|FC,0,3,655,-32.57279974211997
D:F9_OB,F9,ALLINF|FC,1,0,9381,-1733.5277396140154
D:F9_OB,F9,ALLINF|FC,1,1,5154,-591.9130222250533
D:F9_OB,F9,ALLINF|FC,1,2,2356,-282.639623658848
D:F9_OB,F9,ALLINF|FC,1,3,548,-28.069690768257715
D:F9_OB,F9,ALLINF|FC,2,0,6068,-917.7195476411434
D:F9_OB,F9,ALLINF|FC,2,1,2973,-370.0060941017764
D:F9_OB,F9,ALLINF|FC,2,2,1629,-129.59881331105134
D:F9_OB,F9,ALLINF|FC,2,3,412,-20.570052599869086
D:F9_OB,F9,ALLINF|FC,3,0,4343,-850.7930389127578
D:F9_OB,F9,ALLINF|FC,3,1,2109,-315.460365887644
D:F9_OB,F9,ALLINF|FC,3,2,950,-113.24614971375559
D:F9_OB,F9,ALLINF|FC,3,3,371,-17.369962823577225
D:F9_OB,F9,ALLINF|SWH,0,0,4439,-642.2691609475296
D:F9_OB,F9,ALLINF|SWH,0,1,224,-29.75209204852581
D:F9_OB,F9,ALLINF|SWH,0,2,109,-4.881255054147914
D:F9_OB,F9,ALLINF|SWH,0,3,15,0.7656698133796453
D:F9_OB,F9,ALLINF|SWH,1,0,7947,-1263.2714823178794
D:F9_OB,F9,ALLINF|SWH,1,1,3819,-388.32424685533624
D:F9_OB,F9,ALLINF|SWH,1,2,173,-18.421507955063134
D:F9_OB,F9,ALLINF|SWH,1,3,42,-9.45956261549145
D:F9_OB,F9,ALLINF|SWH,2,0,11538,-2172.2983878140076
D:F9_OB,F9,ALLINF|SWH,2,1,6107,-778.890408972009
D:F9_OB,F9,ALLINF|SWH,2,2,2839,-215.34028961630975
D:F9_OB,F9,ALLINF|SWH,2,3,75,-2.6153481770306826
D:F9_OB,F9,ALLINF|SWH,3,0,12918,-2735.936262646661
D:F9_OB,F9,ALLINF|SWH,3,1,6309,-930.1408036030662
D:F9_OB,F9,ALLINF|SWH,3,2,2956,-387.32919345556
D:F9_OB,F9,ALLINF|SWH,3,3,911,-53.06322708725929
D:F9_OB,F9,ALL|FC,0,0,16230,-3234.2550175865763
D:F9_OB,F9,ALL|FC,0,1,7149,-1017.7160236024283
D:F9_OB,F9,ALL|FC,0,2,2534,-311.45625309126626
D:F9_OB,F9,ALL|FC,0,3,133,-10.846209201961756
D:F9_OB,F9,ALL|FC,1,0,9927,-1843.5987398202997
D:F9_OB,F9,ALL|FC,1,1,5193,-610.3275449059729
D:F9_OB,F9,ALL|FC,1,2,1971,-279.1924549305113
D:F9_OB,F9,ALL|FC,1,3,112,-10.502642694860697
D:F9_OB,F9,ALL|FC,2,0,5582,-863.5431820423983
D:F9_OB,F9,ALL|FC,2,1,2591,-373.2312254827302
D:F9_OB,F9,ALL|FC,2,2,1255,-108.06550268351566
D:F9_OB,F9,ALL|FC,2,3,88,-12.735417120158672
D:F9_OB,F9,ALL|FC,3,0,1230,-338.07033777050674
D:F9_OB,F9,ALL|FC,3,1,636,-102.7507646959275
D:F9_OB,F9,ALL|FC,3,2,260,-36.4825332473265
D:F9_OB,F9,ALL|FC,3,3,25,-1.5380079448223114
D:F9_OB,F9,ALL|LTF,0,0,14030,-2723.9642348770576
D:F9_OB,F9,ALL|LTF,0,1,5623,-805.0197009710464
D:F9_OB,F9,ALL|LTF,0,2,1929,-248.1205363674526
D:F9_OB,F9,ALL|LTF,0,3,101,-10.793926630169153
D:F9_OB,F9,ALL|LTF,1,0,10954,-2039.1059000134119
D:F9_OB,F9,ALL|LTF,1,1,5263,-643.4005620258686
D:F9_OB,F9,ALL|LTF,1,2,1799,-259.00450736971106
D:F9_OB,F9,ALL|LTF,1,3,102,-8.69071475788951
D:F9_OB,F9,ALL|LTF,2,0,7289,-1247.643757250742
D:F9_OB,F9,ALL|LTF,2,1,3730,-533.8555325489324
D:F9_OB,F9,ALL|LTF,2,2,1536,-130.13113608467393
D:F9_OB,F9,ALL|LTF,2,3,98,-10.06890607625246
D:F9_OB,F9,ALL|LTF,3,0,1603,-430.1053059268743
D:F9_OB,F9,ALL|LTF,3,1,812,-110.90131099708378
D:F9_OB,F9,ALL|LTF,3,2,354,-64.05341749370564
D:F9_OB,F9,ALL|LTF,3,3,35,-4.482295826077461
D:F9_OB,F9,ALL|SW,0,0,7399,-1198.8045568889938
D:F9_OB,F9,ALL|SW,0,1,4218,-575.7653135466971
D:F9_OB,F9,ALL|SW,0,2,1145,-114.70293503080029
D:F9_OB,F9,ALL|SW,0,3,43,-3.2255348935723305
D:F9_OB,F9,ALL|SW,1,0,1996,-402.53938403492793
D:F9_OB,F9,ALL|SW,1,1,2623,-307.0545838070866
D:F9_OB,F9,ALL|SW,1,2,1312,-155.96064466633834
D:F9_OB,F9,ALL|SW,1,3,37,-8.910181805491447
D:F9_OB,F9,ALL|SW,2,0,674,-123.89184946939349
D:F9_OB,F9,ALL|SW,2,1,598,-65.06437015940901
D:F9_OB,F9,ALL|SW,2,2,794,-95.68662730813958
D:F9_OB,F9,ALL|SW,2,3,35,-5.073004357516766
D:F9_OB,F9,ALL|SW,3,0,44,-3.437876835465431
D:F9_OB,F9,ALL|SW,3,1,42,-13.194236118346453
D:F9_OB,F9,ALL|SW,3,2,38,-6.01718077622354
D:F9_OB,F9,ALL|SW,3,3,24,-3.845473900437355
D:F9_OB,F9,ALL|SWH,0,0,5973,-825.7525368941133
D:F9_OB,F9,ALL|SWH,0,1,286,-34.26903552096337
D:F9_OB,F9,ALL|SWH,0,2,90,-4.420589908957481
D:F9_OB,F9,ALL|SWH,0,3,6,-0.11495921015739441
D:F9_OB,F9,ALL|SWH,1,0,10336,-1750.0499102057656
D:F9_OB,F9,ALL|SWH,1,1,4646,-470.6397474562109
D:F9_OB,F9,ALL|SWH,1,2,184,-29.655843144049868
D:F9_OB,F9,ALL|SWH,1,3,10,-1.6803868636488914
D:F9_OB,F9,ALL|SWH,2,0,14152,-2781.534830148361
D:F9_OB,F9,ALL|SWH,2,1,7263,-1085.3161022910317
D:F9_OB,F9,ALL|SWH,2,2,2920,-300.09088004613295
D:F9_OB,F9,ALL|SWH,2,3,23,0.127480398863554
D:F9_OB,F9,ALL|SWH,3,0,4546,-1352.1228794385388
D:F9_OB,F9,ALL|SWH,3,1,2212,-397.6081603029743
D:F9_OB,F9,ALL|SWH,3,2,1006,-179.87013200884394
D:F9_OB,F9,ALL|SWH,3,3,96,-18.285576298832893
D:F9_OB,F9,A|FC,0,0,19733,-3873.009452795377
D:F9_OB,F9,A|FC,0,1,8760,-1305.8202225167988
D:F9_OB,F9,A|FC,1,0,11761,-2119.5799335466872
D:F9_OB,F9,A|FC,1,1,6182,-691.5172382945784
D:F9_OB,F9,A|LTF,0,0,17562,-3382.9481056620134
D:F9_OB,F9,A|LTF,0,1,7053,-1043.2412518057608
D:F9_OB,F9,A|LTF,1,0,14793,-2776.805674130708
D:F9_OB,F9,A|LTF,1,1,7205,-889.9290924676352
D:F9_OB,F9,A|SW,0,0,7519,-1216.1903223318513
D:F9_OB,F9,A|SW,0,1,4365,-585.9554315093555
D:F9_OB,F9,A|SW,1,0,2094,-426.08478881651536
D:F9_OB,F9,A|SW,1,1,2699,-313.87103422319706
D:F9_OB,F9,A|SWH,0,0,8952,-1381.022430764453
D:F9_OB,F9,A|SWH,0,1,422,-83.95669290982187
D:F9_OB,F9,A|SWH,1,0,24128,-4930.27479575976
D:F9_OB,F9,A|SWH,1,1,11411,-1547.8675163030384
D:F9_OB,F9,HI|FC,2,2,3365,-380.35266665555537
D:F9_OB,F9,HI|FC,2,3,199,-20.72390181198716
D:F9_OB,F9,HI|FC,3,2,613,-93.31015557632782
D:F9_OB,F9,HI|FC,3,3,57,-6.635538920760155
D:F9_OB,F9,HI|LTF,2,2,3315,-364.24467029236257
D:F9_OB,F9,HI|LTF,2,3,174,-14.66213858500123
D:F9_OB,F9,HI|LTF,3,2,692,-119.362173527712
D:F9_OB,F9,HI|LTF,3,3,65,-11.470961540937424
D:F9_OB,F9,HI|SW,2,2,1230,-143.4977990022162
D:F9_OB,F9,HI|SW,2,3,70,-7.608282011002302
D:F9_OB,F9,HI|SW,3,2,62,-2.9888731576502323
D:F9_OB,F9,HI|SW,3,3,30,-3.717851370573044
D:F9_OB,F9,HI|SWH,2,2,3038,-299.8261646279134
D:F9_OB,F9,HI|SWH,2,3,27,0.02354755625128746
D:F9_OB,F9,HI|SWH,3,2,1033,-191.14755720859102
D:F9_OB,F9,HI|SWH,3,3,98,-20.420779302716255
D:F9_OB,F9,T15|FC,0,0,27948,-5445.945098811411
D:F9_OB,F9,T1h|FC,2,2,3740,-454.7043619499309
D:F9_OB,F9,T30|FC,1,1,11647,-1576.4779553819208
D:F9_OB,F9,T4h|FC,3,3,105,-19.010181099176407
