strategy,tf,n_signals_p1,n_sized_p1,n_trades_p1,n_open_excluded_p1,n_unsized_p1,mean_roe_p1,share_tl_break_now_p1,share_tl_against_p1,share_tl_support_p1,share_tl_aligned_p1,share_live_ahead_p1,share_live_behind_p1,share_lock_reached_p1,share_long_p1,mean_tl_ahead_p1,mean_tl_behind_p1,n_signals_p2,n_sized_p2,n_trades_p2,n_open_excluded_p2,n_unsized_p2,mean_roe_p2,share_tl_break_now_p2,share_tl_against_p2,share_tl_support_p2,share_tl_aligned_p2,share_live_ahead_p2,share_live_behind_p2,share_lock_reached_p2,share_long_p2,mean_tl_ahead_p2,mean_tl_behind_p2,n_signals_p3,n_sized_p3,n_trades_p3,n_open_excluded_p3,n_unsized_p3,mean_roe_p3,share_tl_break_now_p3,share_tl_against_p3,share_tl_support_p3,share_tl_aligned_p3,share_live_ahead_p3,share_live_behind_p3,share_lock_reached_p3,share_long_p3,mean_tl_ahead_p3,mean_tl_behind_p3,tested,not_tested_reason,T1_n0_p1,T1_n1_p1,T1_mean0_p1,T1_mean1_p1,T1_diff_p1,T1_p_p1,T1_status_p1,T1_weeks_p1,T1_undefined_resamples_p1,random_T1_diff_p1,random_T1_p_p1,T1_n0_p2,T1_n1_p2,T1_mean0_p2,T1_mean1_p2,T1_diff_p2,T1_p_p2,T1_status_p2,T1_weeks_p2,T1_undefined_resamples_p2,random_T1_diff_p2,random_T1_p_p2,T1_n0_p3,T1_n1_p3,T1_mean0_p3,T1_mean1_p3,T1_diff_p3,T1_p_p3,T1_status_p3,T1_weeks_p3,T1_undefined_resamples_p3,random_T1_diff_p3,random_T1_p_p3,T2_n0_p1,T2_n1_p1,T2_mean0_p1,T2_mean1_p1,T2_diff_p1,T2_p_p1,T2_status_p1,T2_weeks_p1,T2_undefined_resamples_p1,random_T2_diff_p1,random_T2_p_p1,T2_n0_p2,T2_n1_p2,T2_mean0_p2,T2_mean1_p2,T2_diff_p2,T2_p_p2,T2_status_p2,T2_weeks_p2,T2_undefined_resamples_p2,random_T2_diff_p2,random_T2_p_p2,T2_n0_p3,T2_n1_p3,T2_mean0_p3,T2_mean1_p3,T2_diff_p3,T2_p_p3,T2_status_p3,T2_weeks_p3,T2_undefined_resamples_p3,random_T2_diff_p3,random_T2_p_p3,T3_n0_p1,T3_n1_p1,T3_mean0_p1,T3_mean1_p1,T3_diff_p1,T3_p_p1,T3_status_p1,T3_weeks_p1,T3_undefined_resamples_p1,random_T3_diff_p1,random_T3_p_p1,T3_n0_p2,T3_n1_p2,T3_mean0_p2,T3_mean1_p2,T3_diff_p2,T3_p_p2,T3_status_p2,T3_weeks_p2,T3_undefined_resamples_p2,random_T3_diff_p2,random_T3_p_p2,T3_n0_p3,T3_n1_p3,T3_mean0_p3,T3_mean1_p3,T3_diff_p3,T3_p_p3,T3_status_p3,T3_weeks_p3,T3_undefined_resamples_p3,random_T3_diff_p3,random_T3_p_p3,T4_n0_p1,T4_n1_p1,T4_mean0_p1,T4_mean1_p1,T4_diff_p1,T4_p_p1,T4_status_p1,T4_weeks_p1,T4_undefined_resamples_p1,random_T4_diff_p1,random_T4_p_p1,T4_n0_p2,T4_n1_p2,T4_mean0_p2,T4_mean1_p2,T4_diff_p2,T4_p_p2,T4_status_p2,T4_weeks_p2,T4_undefined_resamples_p2,random_T4_diff_p2,random_T4_p_p2,T4_n0_p3,T4_n1_p3,T4_mean0_p3,T4_mean1_p3,T4_diff_p3,T4_p_p3,T4_status_p3,T4_weeks_p3,T4_undefined_resamples_p3,random_T4_diff_p3,random_T4_p_p3,T1_p_for_bh,T1_bh_rank,T1_bh_qvalue,T1_pass_p1_bh,T1_pass_p2,T1_verdict_p3,T1_pass_p3,T1_candidate,T1_random_same_effect_p1,T2_p_for_bh,T2_bh_rank,T2_bh_qvalue,T2_pass_p1_bh,T2_pass_p2,T2_verdict_p3,T2_pass_p3,T2_candidate,T2_random_same_effect_p1,T3_p_for_bh,T3_bh_rank,T3_bh_qvalue,T3_pass_p1_bh,T3_pass_p2,T3_verdict_p3,T3_pass_p3,T3_candidate,T3_random_same_effect_p1,T4_p_for_bh,T4_bh_rank,T4_bh_qvalue,T4_pass_p1_bh,T4_pass_p2,T4_verdict_p3,T4_pass_p3,T4_candidate,T4_random_same_effect_p1
S2_ST_ROC,5m,158690,157832,157832,0,858,-0.06340489304758797,0.09169876831060875,0.4597546758578742,0.4801941304678392,0.3163046783922145,0.571899234629226,0.7305489381114096,0.5613373713822292,0.4799470322874956,4.981551778074399,4.09199113722926,120754,120503,120500,3,251,-0.06442966296518049,0.08204149377593362,0.4820746887966805,0.5052365145228216,0.3164979253112033,0.5770124481327801,0.7349792531120332,0.5730705394190871,0.4798921161825726,4.883277722998809,3.9933935582710207,71439,69743,69743,0,1696,-0.050883743499934034,0.09896333682233342,0.4214759904219778,0.4311830577979152,0.32525127969832096,0.5503348006251524,0.7115839582467057,0.5898799879557806,0.5035774199561246,5.242349072360229,4.375998674168234,True,,143359,14473,-0.06354502281250626,-0.062016869626809905,0.0015281531856963584,0.23777622237776222,ok,153,0,0.0011849921836956656,0.38096190380961903,110614,9886,-0.0645652073389874,-0.06291306319133078,0.0016521441476566173,0.255872063968016,ok,118,0,0.0013760361033146457,0.37681159420289856,62841,6902,-0.0506567897729351,-0.052950100955503496,-0.002293311182568397,0.7396301849075462,ok,79,0,0.004301800877892281,0.16041979010494753,85268,72564,-0.06382137329985801,-0.06291549833188097,-0.0009058749679770467,0.6968303169683032,ok,153,0,0.0005069392753097729,0.37196280371962803,62410,58090,-0.06514085037944395,-0.06366558641974783,-0.0014752639596961187,0.7936031984007996,ok,118,0,0.0038269698774358596,0.0024987506246876563,40348,29395,-0.05306854816843303,-0.04788484917217091,-0.005183698996262122,0.9835082458770614,ok,79,0,-0.0014143883825450052,0.7521239380309845,82042,75790,-0.059536029448314924,-0.06759290343697388,-0.00805687398865896,1.0,ok,153,0,-0.008358487785678013,1.0,59619,60881,-0.06005982959858149,-0.06870891421734887,-0.008649084618767379,1.0,ok,118,0,-0.007818024480691688,1.0,39671,30072,-0.04829107661885612,-0.05430399116684153,-0.006012914547985408,0.9880059970014993,ok,79,0,-0.005758733441308124,1.0,107909,49923,-0.06252864657437446,-0.06529890744331733,-0.0027702608689428726,0.9501049895010499,ok,153,0,-0.002864664691653189,0.9302069793020697,82362,38138,-0.06305216618056397,-0.0674044752304955,-0.00435230904993153,0.992503748125937,ok,118,0,0.0003611309442502486,0.408295852073963,47059,22684,-0.05043058593889125,-0.05182383967631882,-0.0013932537374275675,0.7226386806596702,ok,79,0,0.002003895635624149,0.22588705647176413,0.23777622237776222,75.0,1.0,False,False,opposite sign,False,False,False,0.6968303169683032,272.0,1.0,False,False,same sign,False,False,False,1.0,556.0,1.0,False,False,same sign,False,False,False,0.9501049895010499,460.0,1.0,False,False,same sign,False,False,False
S2_ST_ROC,15m,53578,52061,52061,0,1517,-0.044470517042572676,0.09467739766812008,0.443767887670233,0.4637828700946966,0.31597549029023647,0.5630702445208505,0.7198094542940012,0.6551545302625766,0.47498127196942047,5.088203997046322,4.2242859872083764,40703,40147,40142,5,556,-0.05237276923550052,0.0847491405510438,0.4615365452643117,0.485401823526481,0.32133426336505405,0.5636988690149968,0.7261970006477007,0.6448856559214787,0.46973244980319867,5.029825479760706,4.112255827326716,23936,21441,21441,0,2495,-0.04165619418249998,0.0948649783125787,0.4318362016696982,0.42903782472832425,0.3137446947437153,0.5642927102280677,0.7112541392658924,0.6556597173639289,0.5122895387342008,5.126494298392974,4.385789599194937,True,,47132,4929,-0.04502580168957815,-0.039160783631604544,0.005865018057973605,0.06769323067693231,ok,153,0,-0.0047455316419545285,0.8665133486651335,36740,3402,-0.05210954391681001,-0.055215478879442115,-0.0031059349626321037,0.760119940029985,ok,118,0,0.0012366761336688736,0.40929535232383807,19407,2034,-0.042014496353805435,-0.03823752641528021,0.003776969938525228,0.2848575712143928,ok,79,0,-0.0022732292771020166,0.6786606696651675,28958,23103,-0.04520596802202204,-0.043548680507798185,-0.0016572875142238583,0.726027397260274,ok,153,0,-0.0023889796741096286,0.9211078892110789,21615,18527,-0.05220618656096758,-0.05256711718768,0.00036093062671242043,0.46526736631684157,ok,118,0,0.002500904127473502,0.12693653173413294,12182,9259,-0.04286890126729039,-0.04006064415475218,-0.0028082571125382094,0.7246376811594203,ok,79,0,-0.003685220480004109,0.9070464767616192,27916,24145,-0.03950961807461991,-0.05020621617652875,-0.010696598101908837,0.9997000299970003,ok,153,0,-0.007927745541616002,1.0,20657,19485,-0.04842063230647066,-0.05656262258643558,-0.008141990279964921,0.9945027486256871,ok,118,0,-0.009639461603640882,1.0,12242,9199,-0.036573587117789526,-0.04842011153071015,-0.011846524412920625,0.9970014992503748,ok,79,0,-0.009875791482492936,1.0,35611,16450,-0.04349723395605353,-0.046577482634915124,-0.0030802486788615926,0.8456154384561544,ok,153,0,-0.003785893589146369,0.9462053794620537,27243,12899,-0.051892917986693016,-0.05338622667958633,-0.001493308692893311,0.6646676661669165,ok,118,0,-0.000501696013396967,0.5677161419290355,14714,6727,-0.040235629574406934,-0.04476340209739236,-0.004527772522985425,0.8335832083958021,ok,79,0,-0.0016105893487045678,0.670664667666167,0.06769323067693231,13.0,1.0,False,False,same sign,False,False,False,0.726027397260274,287.0,1.0,False,False,same sign,False,False,False,0.9997000299970003,551.0,1.0,False,False,same sign,False,False,False,0.8456154384561544,367.0,1.0,False,False,same sign,False,False,False
S2_ST_ROC,30m,27312,24985,24985,0,2327,-0.0434985099187361,0.09341604962977787,0.45235141084650793,0.46451871122673605,0.3015009005403242,0.5783870322193316,0.7213528116870122,0.6820892535521312,0.48561136682009204,4.977084460566026,4.227391760697899,20359,19381,19381,0,978,-0.043844171605706646,0.09230689850884888,0.4526082245498168,0.4691192404932666,0.3175274753624684,0.5651411175893917,0.7195707135854703,0.6830400908105877,0.4690676435684433,5.064684090970597,4.210131695787773,12002,9168,9168,0,2834,-0.032011049801631566,0.09707678883071554,0.4512434554973822,0.4481893542757417,0.30715532286212915,0.5815881326352531,0.7222949389179756,0.7004799301919721,0.5214877835951134,4.958950198557897,4.262820714702416,True,,22651,2334,-0.0433266068887084,-0.045166794208863596,-0.001840187320155194,0.5964403559644036,ok,153,0,-0.0014321698491517182,0.6224377562243776,17592,1789,-0.045328440040955924,-0.02924872704846514,0.016079712992490783,0.013493253373313344,ok,118,0,-0.006338796181296985,0.9095452273863068,8278,890,-0.03117248409283546,-0.03981065310209685,-0.008638169009261395,0.7681159420289855,ok,79,0,-0.0026254732972140343,0.6736631684157921,13683,11302,-0.04688991556505952,-0.039392634546355706,-0.007497281018703811,0.936906309369063,ok,153,0,-0.0007101234829941724,0.6244375562443756,10609,8772,-0.04381901650163738,-0.0438745945992168,5.557809757941734e-05,0.47626186906546725,ok,118,0,0.000732652860884829,0.3893053473263368,5031,4137,-0.03609933442320218,-0.027039292506218997,-0.009060041916983182,0.8920539730134932,ok,79,0,-0.0036108595968234493,0.8085957021489255,13379,11606,-0.036114355937814965,-0.05201071016953257,-0.015896354231717605,0.9996000399960004,ok,153,0,-0.010937194944315609,1.0,10289,9092,-0.037976018695653424,-0.050484891501388296,-0.012508872805734872,0.9960019990004998,ok,118,0,-0.0037867120198740653,0.9515242378810594,5059,4109,-0.026623890554653255,-0.038643719217660584,-0.01201982866300733,0.9535232383808095,ok,79,0,-0.013903275165194521,1.0,17452,7533,-0.04101747337135421,-0.049246425732476805,-0.008228952361122595,0.9406059394060594,ok,153,0,-0.001340681180744402,0.6561343865613438,13227,6154,-0.042546093461334554,-0.046634174793163514,-0.0040880813318289605,0.7901049475262368,ok,118,0,-0.004023747616625883,0.8750624687656172,6352,2816,-0.03128049340615972,-0.03365895258005383,-0.002378459173894107,0.6256871564217891,ok,79,0,0.007091831958621751,0.05847076461769116,0.5964403559644036,221.0,1.0,False,False,same sign,False,False,False,0.936906309369063,444.0,1.0,False,False,same sign,False,False,False,0.9996000399960004,550.0,1.0,False,False,same sign,False,False,False,0.9406059394060594,450.0,1.0,False,False,same sign,False,False,False
S2_ST_ROC,1h,13404,10241,10241,0,3163,-0.04187602736961074,0.09784200761644371,0.4524948735475051,0.4640171858216971,0.2998730592715555,0.5884190996972952,0.7322527096963187,0.706571623864857,0.46391953910750905,4.909143121675867,4.12939860149841,9802,8246,8246,0,1556,-0.03374190063169537,0.09240844045597865,0.44870240116420085,0.46616541353383456,0.31008974048023286,0.5782197429056513,0.7218045112781954,0.7197429056512248,0.49345137036138736,4.992703745693444,4.218851440470909,5864,3225,3225,0,2639,-0.031205137175601864,0.10418604651162791,0.4551937984496124,0.47255813953488374,0.3063565891472868,0.5928682170542635,0.7435658914728682,0.7286821705426356,0.49643410852713177,4.885168699492305,4.049394338645097,True,,9239,1002,-0.04091442333670845,-0.050742553976381416,-0.009828130639672965,0.8583141685831417,ok,152,0,0.004583280603203805,0.23257674232576742,7484,762,-0.033617542316829487,-0.034963288595548654,-0.0013457462787191676,0.5492253873063468,ok,118,0,-0.0029401843281673043,0.6681659170414792,2889,336,-0.03153099311929505,-0.028403357945454153,0.0031276351738409,0.42528735632183906,ok,73,0,0.01282193987355051,0.0864567716141929,5607,4634,-0.04759135904738875,-0.034960648708130086,-0.012630710339258666,0.955004499550045,ok,152,0,-0.004403780857371184,0.9101089891010898,4546,3700,-0.03110067577680481,-0.03698703798043388,0.005886362203629071,0.22188905547226387,ok,118,0,-0.0027782823291678735,0.7851074462768616,1757,1468,-0.03295806960434768,-0.02910711110114245,-0.0038509585032052325,0.616191904047976,ok,73,0,-0.0072832704579966,0.8845577211394303,5489,4752,-0.03619623794299033,-0.0484367100637857,-0.012240472120795369,0.9434056594340566,ok,152,0,-0.012497077107289235,0.9999000099990001,4402,3844,-0.0331110248201768,-0.03446435519004726,-0.0013533303698704605,0.5867066466766616,ok,118,0,-0.0032872420924423967,0.8100949525237381,1701,1524,-0.024085350866986276,-0.03915182779958815,-0.015066476932601876,0.9065467266366817,ok,73,0,-0.015653490876620692,0.9975012493753124,7170,3071,-0.04035455014634404,-0.045428287770399506,-0.005073737624055469,0.7437256274372562,ok,152,0,-0.0006718536017158577,0.5652434756524347,5689,2557,-0.03609979043828375,-0.028495895504717945,0.0076038949335658045,0.16541729135432284,ok,118,0,0.004184077942409298,0.18940529735132433,2237,988,-0.028410794364102758,-0.037532004452245075,-0.009121210088142317,0.7701149425287356,ok,73,0,0.004264030689985137,0.30184907546226886,0.8583141685831417,378.0,1.0,False,False,opposite sign,False,False,False,0.955004499550045,467.0,1.0,False,False,same sign,False,False,False,0.9434056594340566,456.0,1.0,False,False,same sign,False,False,False,0.7437256274372562,293.0,1.0,False,False,same sign,False,False,False
S2_ST_ROC,4h,3264,622,622,0,2642,-0.011480061469513716,0.1045016077170418,0.49356913183279744,0.5160771704180064,0.2958199356913183,0.6012861736334405,0.7427652733118971,0.7765273311897106,0.4887459807073955,4.7529092882292145,3.9089082398478583,2417,538,537,1,1879,-0.022692430364746673,0.08007448789571694,0.4972067039106145,0.49162011173184356,0.24581005586592178,0.6815642458100558,0.7337057728119181,0.7541899441340782,0.5549348230912476,4.140404035206588,4.0427194125060115,1373,119,119,0,1254,-0.016572727861415604,0.04201680672268908,0.453781512605042,0.5378151260504201,0.29411764705882354,0.6386554621848739,0.7815126050420168,0.7478991596638656,0.5714285714285714,4.467509471148703,3.5970579037776567,True,,557,65,-0.010250133351715308,-0.0220195993404939,-0.011769465988778594,0.5886411358864113,ok,85,0,0.05763643810056719,0.0015998400159984002,494,43,-0.024021517673517134,-0.007423380817476873,0.01659813685604026,0.37031484257871067,ok,94,0,-0.010029116923339174,0.6336831584207896,114,5,-0.015519060682645316,-0.04059633953737804,-0.025077278854732724,,insufficient,24,0,0.05536243173724527,0.1889055472263868,315,307,-0.012124630229929738,-0.01081869612902172,-0.001305934100908018,0.5268473152684732,ok,85,0,-0.012760416278983208,0.8824117588241176,270,267,-0.005139106561496419,-0.04044298252533683,0.035303875963840416,0.175912043978011,ok,94,0,0.0011712290754151526,0.4682658670664668,65,54,-0.07527223025342544,0.05408408057341104,-0.1293563108268365,0.9250374812593704,ok,24,0,-0.06230229427764466,0.984007996001999,301,321,0.003382326583573118,-0.025416444036426924,-0.028798770620000042,0.8613138686131386,ok,85,0,-0.005119546356125694,0.6737326267373263,273,264,-0.026385675198989517,-0.01887327945660921,0.007512395742380308,0.38980509745127434,ok,94,0,0.00019581846093073493,0.504247876061969,55,64,-0.03461778541259003,-0.0010652565283750847,0.03355252888421494,0.32033983008495753,ok,24,0,-0.031677646497275155,0.8195902048975512,438,184,-0.0027577803565333433,-0.032242882814543086,-0.029485102458009744,0.8018198180181981,ok,85,0,0.012735496657857136,0.24807519248075194,405,132,-0.032381146674433925,0.007034312858157344,0.03941545953259127,0.16691654172913542,ok,94,0,0.007998923172499516,0.3918040979510245,84,35,-0.01777511372379262,-0.013687001791710784,0.004088111932081837,0.4942528735632184,ok,24,0,0.003913320455397971,0.4497751124437781,0.5886411358864113,217.0,1.0,False,False,no data,False,False,False,0.5268473152684732,188.0,1.0,False,False,same sign,False,False,False,0.8613138686131386,384.0,1.0,False,False,opposite sign,False,False,False,0.8018198180181981,334.0,1.0,False,False,opposite sign,False,False,False
S5_DONCHIAN_MFI,5m,5044,5030,5030,0,14,-0.06888465960895153,0.4286282306163022,0.07117296222664016,0.08210735586481113,0.6387673956262425,0.08131212723658052,0.6986083499005964,0.5443339960238569,0.5165009940357853,9.24921580057523,5.331683468677864,4372,4370,4370,0,2,-0.07316129164616697,0.4107551487414188,0.08009153318077804,0.1,0.651487414187643,0.08947368421052632,0.7118993135011442,0.5352402745995424,0.4768878718535469,9.16465910565195,5.184479766935626,1452,1430,1430,0,22,-0.04721534776457543,0.486013986013986,0.062237762237762236,0.03566433566433566,0.5286713286713287,0.06503496503496503,0.5636363636363636,0.5916083916083916,0.5832167832167832,9.383345307236082,6.363275472552032,True,,2874,2156,-0.06882988058656224,-0.06895768136699734,-0.0001278007804351028,0.5047495250474953,ok,153,0,0.0011849921836956656,0.38096190380961903,2575,1795,-0.07766811346325779,-0.0666960737191425,0.010972039744115286,0.041979010494752625,ok,118,0,0.0013760361033146457,0.37681159420289856,735,695,-0.05527020043222034,-0.03869690645418838,0.016573293978031964,0.12443778110944528,ok,79,0,0.004301800877892281,0.16041979010494753,4672,358,-0.06819860927489899,-0.07783780810250872,0.009639198827609732,0.25277472252774724,ok,153,0,0.0005069392753097729,0.37196280371962803,4020,350,-0.07308876245055874,-0.07399434126429592,0.000905578813737179,0.4732633683158421,ok,118,0,0.0038269698774358596,0.0024987506246876563,1341,89,-0.049310863645247636,-0.015641338820964124,-0.03366952482428351,0.8535732133933034,ok,79,0,-0.0014143883825450052,0.7521239380309845,4617,413,-0.06855940766089817,-0.07252070862629377,-0.003961300965395598,0.6364363563643636,ok,153,0,-0.008358487785678013,1.0,3933,437,-0.07152043116515235,-0.0879290359752986,-0.01640860481014625,0.9000499750124937,ok,118,0,-0.007818024480691688,1.0,1379,51,-0.0473836018544144,-0.04266588913932202,0.00471771271509238,0.4367816091954023,ok,79,0,-0.005758733441308124,1.0,1817,3213,-0.07096133851408779,-0.06771026634078078,0.0032510721733070014,0.33136686331366866,ok,153,0,-0.002864664691653189,0.9302069793020697,1523,2847,-0.07330108906240126,-0.07308650714847646,0.0002145819139248023,0.5072463768115942,ok,118,0,0.0003611309442502486,0.408295852073963,674,756,-0.044665743621892254,-0.04948840754257605,-0.004822663920683798,0.6316841579210395,ok,79,0,0.002003895635624149,0.22588705647176413,0.5047495250474953,178.0,1.0,False,False,opposite sign,False,False,False,0.25277472252774724,83.0,1.0,False,False,opposite sign,False,False,False,0.6364363563643636,242.0,1.0,False,False,opposite sign,False,False,False,0.33136686331366866,108.0,1.0,False,False,opposite sign,False,False,False
S5_DONCHIAN_MFI,15m,1334,1297,1297,0,37,-0.054471903456813416,0.4772552043176561,0.07401696222050887,0.06476484194294525,0.5767154973014649,0.08481110254433308,0.6391673091750193,0.6507324595219738,0.4926754047802621,9.216822409158079,5.752068821087403,1193,1183,1183,0,10,-0.05024579719810635,0.4513947590870668,0.08030431107354184,0.08114961961115807,0.591715976331361,0.08960270498732037,0.650887573964497,0.6635672020287405,0.4818258664412511,9.162843121935593,5.571068146227597,448,398,398,0,50,-0.03248522544892428,0.5,0.05025125628140704,0.04773869346733668,0.5527638190954773,0.05778894472361809,0.5904522613065326,0.6482412060301508,0.5979899497487438,9.464413287065966,6.156057125440842,True,,678,619,-0.05439537684945151,-0.05455572419961046,-0.00016034735015894863,0.5018498150184981,ok,153,0,-0.0047455316419545285,0.8665133486651335,649,534,-0.0504927463912621,-0.04994566606260434,0.0005470803286577591,0.4827586206896552,ok,118,0,0.0012366761336688736,0.40929535232383807,199,199,-0.024067378212674004,-0.04090307268517456,-0.016835694472500558,0.7561219390304847,ok,74,0,-0.0022732292771020166,0.6786606696651675,1201,96,-0.058941248356796365,0.0014414634690148125,-0.060382711825811175,0.9781021897810219,ok,153,0,-0.0023889796741096286,0.9211078892110789,1088,95,-0.04830286091893117,-0.07249753058487052,0.024194669665939347,0.2048975512243878,ok,118,0,0.002500904127473502,0.12693653173413294,378,20,-0.0320233775707894,-0.041214150345673474,0.009190772774884073,,insufficient,74,0,-0.003685220480004109,0.9070464767616192,1213,84,-0.05074070873922364,-0.10835213193819906,-0.05761142319897542,0.9749025097490251,ok,153,0,-0.007927745541616002,1.0,1087,96,-0.04955583806089806,-0.05805814701212108,-0.008502308951223017,0.6241879060469765,ok,118,0,-0.009639461603640882,1.0,379,19,-0.03356876461150803,-0.010871470574227195,0.022697294037280838,,insufficient,74,0,-0.009875791482492936,1.0,549,748,-0.040529067637686454,-0.06470534846309778,-0.024176280825411324,0.9379062093790621,ok,153,0,-0.003785893589146369,0.9462053794620537,483,700,-0.06118737068203667,-0.04269611149419444,0.01849125918784223,0.12493753123438281,ok,118,0,-0.000501696013396967,0.5677161419290355,178,220,-0.03377283650396732,-0.031443431049844,0.002329405454123322,0.4547726136931534,ok,74,0,-0.0016105893487045678,0.670664667666167,0.5018498150184981,177.0,1.0,False,False,same sign,False,False,False,0.9781021897810219,501.0,1.0,False,False,no data,False,False,False,0.9749025097490251,496.0,1.0,False,False,no data,False,False,False,0.9379062093790621,446.0,1.0,False,False,opposite sign,False,False,False
S5_DONCHIAN_MFI,30m,663,601,601,0,62,-0.03838589847963017,0.5374376039933444,0.06988352745424292,0.051580698835274545,0.5640599001663894,0.08818635607321132,0.6206322795341098,0.6888519134775375,0.5224625623960066,9.189704290478055,5.9340779842957065,566,542,542,0,24,-0.044964757520407926,0.477859778597786,0.08118081180811808,0.06826568265682657,0.5571955719557196,0.0940959409594096,0.6143911439114391,0.6734317343173432,0.44095940959409596,9.141705062125894,5.786857985983171,192,145,145,0,47,-0.06400337396928624,0.5586206896551724,0.04827586206896552,0.020689655172413793,0.5655172413793104,0.06206896551724138,0.6068965517241379,0.6689655172413793,0.593103448275862,9.423996837397288,6.124789796908331,True,,278,323,-0.024421519975990163,-0.05040477533415626,-0.025983255358166094,0.8609139086091391,ok,149,0,-0.0014321698491517182,0.6224377562243776,283,259,-0.05822537183459822,-0.0304753604126247,0.02775001142197352,0.13843078460769614,ok,114,0,-0.006338796181296985,0.9095452273863068,64,81,-0.09358425153796116,-0.04063082872983934,0.05295342280812181,0.10294852573713144,ok,58,0,-0.0026254732972140343,0.6736631684157921,559,42,-0.04276388349489958,0.019882997318836432,-0.06264688081373601,0.9197080291970803,ok,149,0,-0.0007101234829941724,0.6244375562443756,498,44,-0.0441823012088847,-0.05382074031901167,0.009638439110126969,0.4147926036981509,ok,114,0,0.000732652860884829,0.3893053473263368,138,7,-0.0662391702454955,-0.01992624738116035,-0.04631292286433515,,insufficient,58,0,-0.0036108595968234493,0.8085957021489255,570,31,-0.03388621152668425,-0.12112207793702305,-0.0872358664103388,0.9424057594240576,ok,149,0,-0.010937194944315609,1.0,505,37,-0.04489852040053289,-0.04586880469708064,-0.0009702842965477534,0.5122438780609695,ok,114,0,-0.0037867120198740653,0.9515242378810594,142,3,-0.06408681188988316,-0.06005397906103058,0.004032832828852584,,insufficient,58,0,-0.013903275165194521,1.0,262,339,-0.03740011906178079,-0.03914776929814504,-0.001747650236364251,0.5357464253574643,ok,149,0,-0.001340681180744402,0.6561343865613438,240,302,-0.04138760232566084,-0.047807529860604284,-0.006419927534943443,0.5982008995502249,ok,114,0,-0.004023747616625883,0.8750624687656172,63,82,-0.0310978144657342,-0.08928447456347864,-0.05818666009774444,0.9580209895052474,ok,58,0,0.007091831958621751,0.05847076461769116,0.8609139086091391,382.0,1.0,False,False,opposite sign,False,False,False,0.9197080291970803,425.0,1.0,False,False,no data,False,False,False,0.9424057594240576,453.0,1.0,False,False,no data,False,False,False,0.5357464253574643,193.0,1.0,False,False,same sign,False,False,False
S5_DONCHIAN_MFI,1h,297,219,219,0,78,-0.02392868150038784,0.5342465753424658,0.0684931506849315,0.0593607305936073,0.5753424657534246,0.0776255707762557,0.634703196347032,0.7853881278538812,0.4840182648401826,9.275123605683396,5.779948676871765,237,191,191,0,46,-0.026322333871200185,0.5392670157068062,0.10471204188481675,0.09947643979057591,0.5287958115183246,0.12041884816753927,0.6387434554973822,0.7329842931937173,0.4397905759162304,8.915899780547926,5.632434043465618,85,51,51,0,34,0.010741128125828276,0.6862745098039216,0.058823529411764705,0.0196078431372549,0.6274509803921569,0.058823529411764705,0.6666666666666666,0.7647058823529411,0.6666666666666666,9.42515776842266,5.833949482157752,False,period-1 signals 297 < 300,102,117,-0.024199987368522045,-0.023692158435860602,0.000507828932661443,0.49075092490750927,ok,107,0,0.004583280603203805,0.23257674232576742,88,103,-0.05349691465174558,-0.003105216311122565,0.050391698340623015,0.10444777611194403,ok,85,0,-0.0029401843281673043,0.6681659170414792,16,35,0.06922767671459272,-0.01599557980046403,-0.08522325651505674,,insufficient,29,0,0.01282193987355051,0.0864567716141929,204,15,-0.03112364374730201,0.07392280505764472,-0.10504644880494673,,insufficient,107,0,-0.004403780857371184,0.9101089891010898,171,20,-0.019315497094587755,-0.08623078831123643,0.06691529121664867,,insufficient,85,0,-0.0027782823291678735,0.7851074462768616,48,3,0.0009238422663349968,0.1678177018777206,-0.16689385961138561,,insufficient,29,0,-0.0072832704579966,0.8845577211394303,206,13,-0.018598935756692102,-0.10838465251587429,-0.08978571675918218,,insufficient,107,0,-0.012497077107289235,0.9999000099990001,172,19,-0.02714130607122929,-0.01890848027093663,0.008232825800292661,,insufficient,85,0,-0.0032872420924423967,0.8100949525237381,50,1,0.018376220378734865,-0.3710134845195019,-0.38938970489823677,,insufficient,29,0,-0.015653490876620692,0.9975012493753124,93,126,0.014546655575537507,-0.05232714458023751,-0.06687380015577502,0.9524047595240476,ok,107,0,-0.0006718536017158577,0.5652434756524347,90,101,-0.0318228717193524,-0.021420864501559597,0.010402007217792802,0.39430284857571213,ok,85,0,0.004184077942409298,0.18940529735132433,19,32,-0.11787524431447967,0.08710709926226111,0.20498234357674078,,insufficient,29,0,0.004264030689985137,0.30184907546226886,,,,,,,,,,,,,,,,,,,,,,,,,,,,,,,,,,,,
S5_DONCHIAN_MFI,4h,57,11,11,0,46,-0.04232622394321701,0.6363636363636364,0.0,0.09090909090909091,0.7272727272727273,0.0,0.7272727272727273,0.7272727272727273,0.8181818181818182,10.0,4.727826528340118,44,10,10,0,34,-0.049841708323467064,0.5,0.0,0.0,0.7,0.0,0.7,0.8,0.7,10.0,5.209485115652326,19,2,2,0,17,0.3681659363095012,0.5,0.0,0.0,1.0,0.0,1.0,1.0,0.5,10.0,3.2344343914164786,False,period-1 signals 57 < 300,4,7,-0.15733673912237744,0.023394070444874664,0.1807308095672521,,insufficient,10,0,0.05763643810056719,0.0015998400159984002,5,5,0.10260872959922615,-0.2022921462461603,-0.30490087584538644,,insufficient,9,0,-0.010029116923339174,0.6336831584207896,1,1,0.4828325584621561,0.25349931415684623,-0.22933324430530988,,insufficient,2,0,0.05536243173724527,0.1889055472263868,11,0,-0.04232622394321701,,,,insufficient,10,0,-0.012760416278983208,0.8824117588241176,10,0,-0.04984170832346707,,,,insufficient,9,0,0.0011712290754151526,0.4682658670664668,2,0,0.3681659363095012,,,,insufficient,2,0,-0.06230229427764466,0.984007996001999,10,1,-0.04206845431639562,-0.04490392021143082,-0.002835465895035194,,insufficient,10,0,-0.005119546356125694,0.6737326267373263,10,0,-0.04984170832346707,,,,insufficient,9,0,0.00019581846093073493,0.504247876061969,2,0,0.3681659363095012,,,,insufficient,2,0,-0.031677646497275155,0.8195902048975512,3,8,-0.22309128939266054,0.02546067560032432,0.24855196499298488,,insufficient,10,0,0.012735496657857136,0.24807519248075194,3,7,0.10271534246428882,-0.11522330151821959,-0.2179386439825084,,insufficient,9,0,0.007998923172499516,0.3918040979510245,0,2,,0.3681659363095012,,,insufficient,2,0,0.003913320455397971,0.4497751124437781,,,,,,,,,,,,,,,,,,,,,,,,,,,,,,,,,,,,
S6_EMA_DMI_ADX,5m,12679,12574,12574,0,105,-0.06411665432837346,0.1756799745506601,0.34253220932082074,0.16605694289804357,0.30809607125815175,0.4667567997455066,0.5387307141721012,0.5773023699697789,0.4797995864482265,6.009947307837874,6.009435515089926,10353,10327,10327,0,26,-0.06355076753493795,0.15532100319550693,0.35228042994093156,0.1889222426648591,0.2967948097220877,0.4782608695652174,0.5205771279171105,0.5874891062263968,0.48833155805170914,5.908241308070591,6.074101603427978,5778,5560,5560,0,218,-0.05479574466656993,0.17841726618705037,0.30485611510791366,0.1251798561151079,0.3158273381294964,0.43219424460431655,0.5169064748201438,0.6030575539568346,0.46618705035971225,6.361343262405249,6.2667193688730265,True,,10365,2209,-0.06533689929770074,-0.05839105944060649,0.006945839857094252,0.11638836116388361,ok,153,0,0.0011849921836956656,0.38096190380961903,8723,1604,-0.06476049542416698,-0.05697192939419926,0.0077885660299677195,0.12993503248375812,ok,118,0,0.0013760361033146457,0.37681159420289856,4568,992,-0.05312837283198301,-0.06247372303390169,-0.009345350201918678,0.8110944527736131,ok,79,0,0.004301800877892281,0.16041979010494753,8267,4307,-0.06919490251022352,-0.05436929474644767,-0.014825607763775846,0.9993000699930007,ok,153,0,0.0005069392753097729,0.37196280371962803,6689,3638,-0.06465051730101701,-0.061528715257504495,-0.003121802043512513,0.7381309345327336,ok,118,0,0.0038269698774358596,0.0024987506246876563,3865,1695,-0.06099028917315083,-0.040670721352153924,-0.020319567820996906,0.9835082458770614,ok,79,0,-0.0014143883825450052,0.7521239380309845,10486,2088,-0.06180130013980197,-0.07574443403209022,-0.013943133892288247,0.993000699930007,ok,153,0,-0.008358487785678013,1.0,8376,1951,-0.0635091727196083,-0.06372934168829571,-0.00022016896868740088,0.5112443778110944,ok,118,0,-0.007818024480691688,1.0,4864,696,-0.05631031210624447,-0.04421118140999388,0.012099130696250592,0.11944027986006997,ok,79,0,-0.005758733441308124,1.0,8700,3874,-0.06093447853065557,-0.07126299646573682,-0.010328517935081251,0.9753024697530247,ok,153,0,-0.002864664691653189,0.9302069793020697,7262,3065,-0.058799415530578936,-0.07480829388262311,-0.016008878352044176,0.999000499750125,ok,118,0,0.0003611309442502486,0.408295852073963,3804,1756,-0.04701312337020579,-0.0716551361309032,-0.024642012760697413,0.9995002498750625,ok,79,0,0.002003895635624149,0.22588705647176413,0.11638836116388361,26.0,1.0,False,False,opposite sign,False,False,False,0.9993000699930007,547.0,1.0,False,False,same sign,False,False,False,0.993000699930007,525.0,1.0,False,False,opposite sign,False,False,False,0.9753024697530247,497.0,1.0,False,False,same sign,False,False,False
S6_EMA_DMI_ADX,15m,4795,4558,4558,0,237,-0.04343750060022683,0.1917507678806494,0.32558139534883723,0.15247915752523036,0.3189995612110575,0.44427380430013164,0.5434401053093462,0.6733216322948662,0.47696358051777094,6.19011977296293,6.029729791565232,4025,3937,3937,0,88,-0.04592656932082648,0.1521463042926086,0.3571247142494285,0.18338836677673356,0.30734061468122936,0.4775209550419101,0.5336550673101346,0.667005334010668,0.4792989585979172,5.921164612179433,5.996989421046319,2077,1798,1798,0,279,-0.03670779078397052,0.1807563959955506,0.29588431590656283,0.11790878754171301,0.3186874304783092,0.42269187986651835,0.5222469410456062,0.6824249165739711,0.4599555061179088,6.444130594096259,6.236214049865031,True,,3684,874,-0.04553592353864493,-0.0345924318300526,0.01094349170859233,0.14258574142585742,ok,153,0,-0.0047455316419545285,0.8665133486651335,3338,599,-0.04282691103235702,-0.06319979030064454,-0.02037287926828752,0.9620189905047476,ok,118,0,0.0012366761336688736,0.40929535232383807,1473,325,-0.03610495396765667,-0.039440032723756034,-0.003335078756099362,0.5662168915542228,ok,79,0,-0.0022732292771020166,0.6786606696651675,3074,1484,-0.04513918269948595,-0.039912587680332935,-0.005226595019153013,0.7150284971502849,ok,153,0,-0.0023889796741096286,0.9211078892110789,2531,1406,-0.04440271658612186,-0.04866972100755292,0.0042670044214310615,0.34332833583208394,ok,118,0,0.002500904127473502,0.12693653173413294,1266,532,-0.03999084279914192,-0.028895114371927304,-0.011095728427214614,0.7406296851574213,ok,79,0,-0.003685220480004109,0.9070464767616192,3863,695,-0.04236651913762124,-0.04939030835568785,-0.007023789218066609,0.7379262073792621,ok,153,0,-0.007927745541616002,1.0,3215,722,-0.04264728988152574,-0.06052890089610602,-0.01788161101458028,0.9185407296351824,ok,118,0,-0.009639461603640882,1.0,1586,212,-0.040069602277751845,-0.01155763498615362,0.028511967291598224,0.08245877061469266,ok,79,0,-0.009875791482492936,1.0,3104,1454,-0.04313079540800516,-0.04409225501333282,-0.0009614596053276608,0.545045495450455,ok,153,0,-0.003785893589146369,0.9462053794620537,2727,1210,-0.04954558024114723,-0.03777033561858291,0.011775244622564324,0.14142928535732133,ok,118,0,-0.000501696013396967,0.5677161419290355,1225,573,-0.032576536011495974,-0.04553987995723635,-0.012963343945740377,0.8175912043978011,ok,79,0,-0.0016105893487045678,0.670664667666167,0.14258574142585742,36.0,1.0,False,False,opposite sign,False,False,False,0.7150284971502849,283.0,1.0,False,False,same sign,False,False,False,0.7379262073792621,291.0,1.0,False,False,opposite sign,False,False,False,0.545045495450455,197.0,1.0,False,False,same sign,False,False,False
S6_EMA_DMI_ADX,30m,2786,2400,2400,0,386,-0.043381951217770505,0.20291666666666666,0.3458333333333333,0.14208333333333334,0.30916666666666665,0.45708333333333334,0.5516666666666666,0.6925,0.4866666666666667,6.062653309446297,5.988730773788552,2197,2019,2019,0,178,-0.0471033175751849,0.1743437345220406,0.3516592372461615,0.1644378405151065,0.31005448241703815,0.46706290242694404,0.5373947498761763,0.6884596334819217,0.478949975235265,5.988928517936841,5.99059226578436,1214,868,868,0,346,-0.06389959911747656,0.18778801843317972,0.29377880184331795,0.16359447004608296,0.36059907834101385,0.4216589861751152,0.5610599078341014,0.6670506912442397,0.4216589861751152,6.428681653827164,5.90575460703584,True,,1913,487,-0.04182630673527474,-0.04949272718289249,-0.0076664204476177555,0.6995300469953005,ok,152,0,-0.0014321698491517182,0.6224377562243776,1667,352,-0.04895912291967709,-0.038314603060217674,0.010644519859459418,0.26686656671664166,ok,118,0,-0.006338796181296985,0.9095452273863068,705,163,-0.06577468629874444,-0.05578955946843447,0.009985126830309977,0.33183408295852074,ok,75,0,-0.0026254732972140343,0.6736631684157921,1570,830,-0.05351213217036382,-0.024220042668889188,-0.02929208950147463,0.99000099990001,ok,152,0,-0.0007101234829941724,0.6244375562443756,1309,710,-0.04412153828507931,-0.052600710660745766,0.008479172375666456,0.2478760619690155,ok,118,0,0.000732652860884829,0.3893053473263368,613,255,-0.07484476248652891,-0.03758828482246052,-0.03725647766406839,0.9245377311344328,ok,75,0,-0.0036108595968234493,0.8085957021489255,2059,341,-0.041310011336683744,-0.055892579414713775,-0.014582568078030031,0.8186181381861813,ok,152,0,-0.010937194944315609,1.0,1687,332,-0.04999252490452372,-0.03242231527218913,0.01757020963233459,0.12593703148425786,ok,118,0,-0.0037867120198740653,0.9515242378810594,726,142,-0.07204187689373559,-0.022270770486743703,0.04977110640699189,0.022988505747126436,ok,75,0,-0.013903275165194521,1.0,1658,742,-0.03920959882793389,-0.05270507825597684,-0.013495479428042946,0.8327167283271673,ok,152,0,-0.001340681180744402,0.6561343865613438,1393,626,-0.053366933106448654,-0.03316527215178169,0.020201660954666967,0.07646176911544228,ok,118,0,-0.004023747616625883,0.8750624687656172,555,313,-0.06081626037449977,-0.06936686110582196,-0.008550600731322196,0.6591704147926037,ok,75,0,0.007091831958621751,0.05847076461769116,0.6995300469953005,274.0,1.0,False,False,opposite sign,False,False,False,0.99000099990001,517.0,1.0,False,False,same sign,False,False,False,0.8186181381861813,347.0,1.0,False,False,opposite sign,False,False,False,0.8327167283271673,355.0,1.0,False,False,same sign,False,False,False
S6_EMA_DMI_ADX,1h,1574,1017,1017,0,557,-0.03621231181487786,0.19075712881022616,0.34021632251720746,0.15634218289085547,0.3470993117010816,0.4503441494591937,0.576204523107178,0.7168141592920354,0.471976401179941,6.138463758401233,5.793938447601513,1089,846,846,0,243,-0.028591351332253483,0.19148936170212766,0.34988179669030733,0.15011820330969267,0.30969267139479906,0.4787234042553192,0.5721040189125296,0.735224586288416,0.46335697399527187,5.91615920596104,5.783285396947875,635,270,270,0,365,-0.04193318758126269,0.21851851851851853,0.3,0.16296296296296298,0.4074074074074074,0.4,0.6518518518518519,0.7185185185185186,0.4444444444444444,6.558338843422108,5.2797470849599195,True,,823,194,-0.039028849938626944,-0.02426380214557115,0.014765047793055795,0.2558744125587441,ok,148,0,0.004583280603203805,0.23257674232576742,684,162,-0.030535507424374376,-0.02038269227663195,0.010152815147742425,0.367816091954023,ok,113,0,-0.0029401843281673043,0.6681659170414792,211,59,-0.04520827440494814,-0.03022058894062491,0.014987685464323226,0.3893053473263368,ok,63,0,0.01282193987355051,0.0864567716141929,671,346,-0.03899035365230238,-0.030824837615710643,-0.008165516036591734,0.6495350464953504,ok,148,0,-0.004403780857371184,0.9101089891010898,550,296,-0.021158475315100095,-0.04240243852628851,0.02124396321118842,0.1729135432283858,ok,113,0,-0.0027782823291678735,0.7851074462768616,189,81,-0.04942980263112256,-0.024441085798256337,-0.02498871683286622,0.7091454272863568,ok,63,0,-0.0072832704579966,0.8845577211394303,858,159,-0.03355957708969633,-0.05052706901114044,-0.01696749192144411,0.7478252174782521,ok,148,0,-0.012497077107289235,0.9999000099990001,719,127,-0.02892144104872835,-0.026722575693313134,0.002198865355415216,0.4572713643178411,ok,113,0,-0.0032872420924423967,0.8100949525237381,226,44,-0.0328748817614813,-0.08845994020104893,-0.055585058439567625,0.8895552223888056,ok,63,0,-0.015653490876620692,0.9975012493753124,664,353,-0.04023407158542363,-0.028647301934871052,0.011586769650552577,0.2582741725827417,ok,148,0,-0.0006718536017158577,0.5652434756524347,584,262,-0.02679969244940791,-0.032584972658901645,-0.005785280209493735,0.6126936531734133,ok,113,0,0.004184077942409298,0.18940529735132433,160,110,-0.02717342969518083,-0.0634019263246545,-0.03622849662947367,0.8135932033983009,ok,63,0,0.004264030689985137,0.30184907546226886,0.2558744125587441,84.0,1.0,False,False,same sign,False,False,False,0.6495350464953504,246.0,1.0,False,False,same sign,False,False,False,0.7478252174782521,298.0,1.0,False,False,same sign,False,False,False,0.2582741725827417,86.0,1.0,False,False,opposite sign,False,False,False
S6_EMA_DMI_ADX,4h,396,42,42,0,354,-0.08394382257181046,0.3333333333333333,0.2857142857142857,0.16666666666666666,0.5,0.40476190476190477,0.6666666666666666,0.7142857142857143,0.5714285714285714,6.464002967460329,5.216521607507896,294,51,51,0,243,0.008514497451885972,0.1568627450980392,0.2549019607843137,0.23529411764705882,0.37254901960784315,0.47058823529411764,0.5882352941176471,0.8627450980392157,0.5294117647058824,6.117152555687573,5.547082136960118,139,7,7,0,132,-0.09054474405437052,0.14285714285714285,0.42857142857142855,0.14285714285714285,0.42857142857142855,0.42857142857142855,0.5714285714285714,0.7142857142857143,0.5714285714285714,6.100475684312479,6.078410197981918,True,,28,14,-0.06841436641710366,-0.11500273488122402,-0.04658836846412036,,insufficient,28,0,0.05763643810056719,0.0015998400159984002,43,8,-0.0019758735125220287,0.06490024138557897,0.066876114898101,,insufficient,36,0,-0.010029116923339174,0.6336831584207896,6,1,-0.12985928676439826,0.1453425122057961,0.27520179897019437,,insufficient,6,0,0.05536243173724527,0.1889055472263868,30,12,-0.09085067743664464,-0.066676685409725,-0.02417399202691964,,insufficient,28,0,-0.012760416278983208,0.8824117588241176,38,13,0.04517610472162184,-0.09865020072118814,0.14382630544281,,insufficient,36,0,0.0011712290754151526,0.4682658670664668,4,3,-0.09485483470140871,-0.08479795652498627,-0.010056878176422437,,insufficient,6,0,-0.06230229427764466,0.984007996001999,35,7,-0.08107428501334009,-0.09829151036416227,-0.01721722535082218,,insufficient,28,0,-0.005119546356125694,0.6737326267373263,39,12,0.04294049621445904,-0.1033699985264765,-0.14631049474093555,,insufficient,36,0,0.00019581846093073493,0.504247876061969,6,1,-0.12695106572966688,0.12789318599740782,0.2548442517270747,,insufficient,6,0,-0.031677646497275155,0.8195902048975512,21,21,-0.03923618567621746,-0.12865145946740345,-0.089415273791186,,insufficient,28,0,0.012735496657857136,0.24807519248075194,32,19,-0.004503172128868622,0.030438993587893703,0.03494216571676233,,insufficient,36,0,0.007998923172499516,0.3918040979510245,4,3,-0.09710254184955919,-0.08180101366078564,0.015301528188773547,,insufficient,6,0,0.003913320455397971,0.4497751124437781,1.0,557.0,1.0,False,False,no data,False,False,False,1.0,558.0,1.0,False,False,no data,False,False,False,1.0,559.0,1.0,False,False,no data,False,False,False,1.0,560.0,1.0,False,False,no data,False,False,False
N01_ST_EMA,5m,58129,57910,57910,0,219,-0.06238156320786808,0.1383353479537213,0.4769297185287515,0.42351925401485063,0.3421516145743395,0.5528406147470213,0.7626662061820065,0.5580037989984459,0.4761871870143326,5.029021005123617,3.8982024268820523,43375,43327,43325,2,48,-0.065286968242715,0.12505481823427583,0.5122908251586844,0.45689555683785343,0.33167916907097517,0.5717714945181765,0.7657241777264858,0.5695095210617427,0.4748066935949221,4.807047058047025,3.814716443218523,24938,24430,24430,0,508,-0.05033504344143681,0.14564060581252558,0.44891526811297583,0.3492427343430209,0.34703233729021693,0.5395006139991814,0.7435530085959885,0.5840769545640606,0.5052394596807204,5.205350689511311,4.179555615333433,True,,49899,8011,-0.06308081871484342,-0.05802603324374851,0.005054785471094905,0.047795220477952205,ok,153,0,0.0011849921836956656,0.38096190380961903,37907,5418,-0.06520884367334084,-0.06583356625882174,-0.0006247225854808941,0.5897051474262869,ok,118,0,0.0013760361033146457,0.37681159420289856,20872,3558,-0.050701984463961396,-0.048182487785974934,0.0025194966779864617,0.2848575712143928,ok,79,0,0.004301800877892281,0.16041979010494753,30291,27619,-0.06437841396245805,-0.060191527138231796,-0.0041868868242262575,0.9631036896310369,ok,153,0,0.0005069392753097729,0.37196280371962803,21130,22195,-0.06872536808032081,-0.062013555826918164,-0.006711812253402651,0.9975012493753124,ok,118,0,0.0038269698774358596,0.0024987506246876563,13463,10967,-0.05278313577852935,-0.047329785199959916,-0.005453350578569431,0.9370314842578711,ok,79,0,-0.0014143883825450052,0.7521239380309845,33384,24526,-0.0597918876105107,-0.06590654608898115,-0.006114658478470453,0.9968003199680032,ok,153,0,-0.008358487785678013,1.0,23530,19795,-0.0622989652215675,-0.06883875965911312,-0.006539794437545626,0.991504247876062,ok,118,0,-0.007818024480691688,1.0,15898,8532,-0.05019508441577687,-0.05059583441541027,-0.00040074999963339575,0.5357321339330335,ok,79,0,-0.005758733441308124,1.0,38096,19814,-0.06238219035829148,-0.06238035739770711,1.8329605843692143e-06,0.5052494750524947,ok,153,0,-0.002864664691653189,0.9302069793020697,28955,14370,-0.06301552552737559,-0.0698638383765113,-0.006848312849135715,0.9940029985007496,ok,118,0,0.0003611309442502486,0.408295852073963,15952,8478,-0.04970180561762483,-0.05152652843382283,-0.001824722816197999,0.6991504247876063,ok,79,0,0.002003895635624149,0.22588705647176413,0.047795220477952205,12.0,1.0,False,False,same sign,False,False,False,0.9631036896310369,477.0,1.0,False,False,same sign,False,False,False,0.9968003199680032,534.0,1.0,False,False,same sign,False,False,False,0.5052494750524947,179.0,1.0,False,False,opposite sign,False,False,False
N01_ST_EMA,15m,19158,18720,18720,0,438,-0.04834589114652926,0.14615384615384616,0.4601495726495726,0.41463675213675216,0.3467948717948718,0.5434829059829059,0.759508547008547,0.6442307692307693,0.4689102564102564,5.134091026076003,3.940853013512459,14029,13920,13920,0,109,-0.050756466930955056,0.13347701149425287,0.4795258620689655,0.4255747126436782,0.33814655172413793,0.5491379310344827,0.7481321839080459,0.6454022988505748,0.4678879310344828,5.053026399225395,3.9996491075861194,8216,7465,7465,0,751,-0.04168787464416165,0.1481580709979906,0.44594775619557936,0.3580709979906229,0.34588077695914266,0.5326188881446752,0.7494976557267247,0.6563965170797053,0.5050234427327528,5.264448577267736,4.1210414143246235,True,,15984,2736,-0.04996005664229553,-0.03891576640810526,0.01104429023419027,0.022297770222977704,ok,153,0,-0.0047455316419545285,0.8665133486651335,12062,1858,-0.04954943101859925,-0.05859245572257814,-0.009043024703978886,0.9155422288855573,ok,118,0,0.0012366761336688736,0.40929535232383807,6359,1106,-0.041484672710004826,-0.04285619390212119,-0.001371521192116365,0.5592203898050975,ok,79,0,-0.0022732292771020166,0.6786606696651675,10106,8614,-0.051503409000552655,-0.04464147096626917,-0.006861938034283484,0.9408059194080592,ok,153,0,-0.0023889796741096286,0.9211078892110789,7245,6675,-0.05202244522152325,-0.049382382629057454,-0.0026400625924657972,0.6841579210394803,ok,118,0,0.002500904127473502,0.12693653173413294,4136,3329,-0.04456995745412844,-0.03810713132724288,-0.0064628261268855555,0.816591704147926,ok,79,0,-0.003685220480004109,0.9070464767616192,10958,7762,-0.04420535737980375,-0.05419128782467641,-0.009985930444872657,0.9881011898810119,ok,153,0,-0.007927745541616002,1.0,7996,5924,-0.04871714624981268,-0.053509067904353856,-0.004791921654541176,0.8140929535232384,ok,118,0,-0.009639461603640882,1.0,4792,2673,-0.039472785753180355,-0.04565895805814681,-0.0061861723049664585,0.8135932033983009,ok,79,0,-0.009875791482492936,1.0,12228,6492,-0.04781978759490715,-0.04933683295633136,-0.0015170453614242116,0.6268373162683731,ok,153,0,-0.003785893589146369,0.9462053794620537,9213,4707,-0.05163824185248837,-0.04903057095643065,0.0026076708960577205,0.2848575712143928,ok,118,0,-0.000501696013396967,0.5677161419290355,4883,2582,-0.039773824434680805,-0.0453076682819986,-0.005533843847317796,0.7681159420289855,ok,79,0,-0.0016105893487045678,0.670664667666167,0.022297770222977704,5.0,1.0,False,False,opposite sign,False,False,False,0.9408059194080592,452.0,1.0,False,False,same sign,False,False,False,0.9881011898810119,514.0,1.0,False,False,same sign,False,False,False,0.6268373162683731,237.0,1.0,False,False,same sign,False,False,False
N01_ST_EMA,30m,9000,8349,8349,0,651,-0.046424163872124974,0.14971852916516948,0.45670140136543297,0.407234399329261,0.349862258953168,0.5385076057012816,0.7611690022757216,0.6703796861899629,0.4826925380285064,5.186515944077073,3.9416886068315136,6569,6309,6309,0,260,-0.03655654119198082,0.14582342685053098,0.47456015216357583,0.4003804089396101,0.34569662387066097,0.5392296718972895,0.7479790775083215,0.6861626248216833,0.46378189887462357,5.15410272359028,4.029057534000569,3990,3113,3113,0,877,-0.024989145910526624,0.15130099582396403,0.4693221972373916,0.36877610022486346,0.3446835849662705,0.5525216832637327,0.768390619980726,0.713459685191134,0.5097976228718278,5.0583846708917,3.9754976669245226,True,,7099,1250,-0.04549226583845959,-0.05171659918491746,-0.006224333346457868,0.7456254374562544,ok,153,0,-0.0014321698491517182,0.6224377562243776,5389,920,-0.038788913090637825,-0.023480180146478034,0.01530873294415979,0.06046976511744128,ok,118,0,-0.006338796181296985,0.9095452273863068,2642,471,-0.025056217811452775,-0.02461291669131876,0.00044330112013401396,0.4987506246876562,ok,79,0,-0.0026254732972140343,0.6736631684157921,4536,3813,-0.04891622206983341,-0.043459575363128,-0.005456646706705412,0.8035196480351965,ok,153,0,-0.0007101234829941724,0.6244375562443756,3315,2994,-0.0320138630758285,-0.04158625994784087,0.009572396872012369,0.12593703148425786,ok,118,0,0.000732652860884829,0.3893053473263368,1652,1461,-0.03422653544006598,-0.014544130508200118,-0.019682404931865863,0.9640179910044977,ok,79,0,-0.0036108595968234493,0.8085957021489255,4949,3400,-0.04450623577493715,-0.04921587744653162,-0.004709641671594475,0.7438256174382561,ok,153,0,-0.010937194944315609,1.0,3783,2526,-0.029182172252601668,-0.047600578285279055,-0.018418406032677387,0.9855072463768116,ok,118,0,-0.0037867120198740653,0.9515242378810594,1965,1148,-0.020140095184289494,-0.03328913256301438,-0.013149037378724884,0.8690654672663668,ok,79,0,-0.013903275165194521,1.0,5428,2921,-0.04446595154538692,-0.05006304662102404,-0.005597095075637118,0.797020297970203,ok,153,0,-0.001340681180744402,0.6561343865613438,4128,2181,-0.03700194812535108,-0.035713515139274565,0.0012884329860765181,0.44127936031984005,ok,118,0,-0.004023747616625883,0.8750624687656172,2040,1073,-0.01912708692567256,-0.036134160196735654,-0.017007073271063093,0.9490254872563718,ok,79,0,0.007091831958621751,0.05847076461769116,0.7456254374562544,296.0,1.0,False,False,opposite sign,False,False,False,0.8035196480351965,336.0,1.0,False,False,same sign,False,False,False,0.7438256174382561,294.0,1.0,False,False,same sign,False,False,False,0.797020297970203,331.0,1.0,False,False,same sign,False,False,False
N01_ST_EMA,1h,4463,3489,3489,0,974,-0.03600924905531326,0.14875322441960448,0.45514474061335625,0.4058469475494411,0.36027515047291486,0.5339638865004299,0.7695614789337919,0.710232158211522,0.4605904270564632,5.21101478345021,3.878744034083611,3316,2800,2800,0,516,-0.03488526239371597,0.1432142857142857,0.47535714285714287,0.3975,0.34714285714285714,0.5514285714285714,0.7585714285714286,0.7164285714285714,0.4757142857142857,5.060006497486187,3.9605509651096877,1986,1149,1149,0,837,-0.013388657891165405,0.15317667536988686,0.46649260226283723,0.40644038294168844,0.3437771975630983,0.5509138381201044,0.7693646649260226,0.7502175805047868,0.48825065274151436,5.08279750775076,3.908574239651649,True,,2970,519,-0.035828928358993546,-0.03704114205737409,-0.0012122136983805445,0.5316468353164684,ok,150,0,0.004583280603203805,0.23257674232576742,2399,401,-0.03695447064388075,-0.02250613373499949,0.014448336908881261,0.1794102948525737,ok,118,0,-0.0029401843281673043,0.6681659170414792,973,176,-0.020209730880874747,0.02432102403489816,0.04453075491577291,0.031984007996002,ok,73,0,0.01282193987355051,0.0864567716141929,1901,1588,-0.04420998310020526,-0.026192123476383996,-0.018017859623821266,0.9406059394060594,ok,150,0,-0.004403780857371184,0.9101089891010898,1469,1331,-0.029701432045416823,-0.04060655975032863,0.01090512770491181,0.1729135432283858,ok,118,0,-0.0027782823291678735,0.7851074462768616,613,536,-0.01529932505505776,-0.011203510556340756,-0.004095814498717003,0.5612193903048476,ok,73,0,-0.0072832704579966,0.8845577211394303,2073,1416,-0.03127354858220448,-0.042942234281834815,-0.011668685699630338,0.8604139586041396,ok,150,0,-0.012497077107289235,0.9999000099990001,1687,1113,-0.029531706557486107,-0.04299977155429079,-0.013468064996804686,0.856071964017991,ok,118,0,-0.0032872420924423967,0.8100949525237381,682,467,-0.01494271216256129,-0.011119139661846368,0.0038235725007149217,0.44177911044477763,ok,73,0,-0.015653490876620692,0.9975012493753124,2232,1257,-0.030943610395577643,-0.045004082379521616,-0.014060471983943973,0.8964103589641036,ok,150,0,-0.0006718536017158577,0.5652434756524347,1828,972,-0.0350244750358812,-0.0346234509638003,0.00040102407208090357,0.4827586206896552,ok,118,0,0.004184077942409298,0.18940529735132433,754,395,-0.014286243091836542,-0.011675292723302035,0.0026109503685345075,0.4622688655672164,ok,73,0,0.004264030689985137,0.30184907546226886,0.5316468353164684,192.0,1.0,False,False,opposite sign,False,False,False,0.9406059394060594,451.0,1.0,False,False,same sign,False,False,False,0.8604139586041396,381.0,1.0,False,False,opposite sign,False,False,False,0.8964103589641036,410.0,1.0,False,False,opposite sign,False,False,False
N01_ST_EMA,4h,1043,197,197,0,846,-0.03291783631748081,0.15228426395939088,0.4720812182741117,0.4467005076142132,0.3553299492385787,0.5583756345177665,0.7715736040609137,0.7411167512690355,0.47715736040609136,4.998461947973712,3.811487792949454,804,185,184,1,619,-0.027888411354036486,0.1358695652173913,0.45108695652173914,0.358695652173913,0.30434782608695654,0.6086956521739131,0.7663043478260869,0.7391304347826086,0.5543478260869565,4.67644253905687,3.95482279937625,407,45,45,0,362,-0.10414793404523277,0.2,0.4444444444444444,0.4444444444444444,0.37777777777777777,0.5111111111111111,0.7555555555555555,0.6888888888888889,0.4888888888888889,5.279648461436474,3.9431256875100846,True,,167,30,-0.04185687179021366,0.016842794480732056,0.05869966627094572,0.21647835216478353,ok,65,0,0.05763643810056719,0.0015998400159984002,159,25,-0.023865259795015574,-0.05347565526940942,-0.02961039547439385,,insufficient,70,0,-0.010029116923339174,0.6336831584207896,36,9,-0.13799524210348627,0.03124129818778117,0.16923654029126745,,insufficient,16,0,0.05536243173724527,0.1889055472263868,104,93,-0.04395544792966093,-0.02057470075117187,-0.023380747178489064,0.6684331566843316,ok,65,0,-0.012760416278983208,0.8824117588241176,101,83,-0.013281497489782858,-0.045663089670778846,0.03238159218099599,0.2688655672163918,ok,70,0,0.0011712290754151526,0.4682658670664668,25,20,-0.013530525346167301,-0.2174196949190646,0.2038891695728973,,insufficient,16,0,-0.06230229427764466,0.984007996001999,109,88,-0.02054661853868191,-0.048241276520765826,-0.027694657982083915,0.6976302369763023,ok,65,0,-0.005119546356125694,0.6737326267373263,118,66,-0.04468865916547635,0.0021483953391438736,0.046837054504620224,0.16991504247876063,ok,70,0,0.00019581846093073493,0.504247876061969,25,20,-0.10011470442728276,-0.10918947106767027,-0.009074766640387505,,insufficient,16,0,-0.031677646497275155,0.8195902048975512,127,70,-0.030207882016534383,-0.03783446769205504,-0.0076265856755206585,0.5397460253974603,ok,65,0,0.012735496657857136,0.24807519248075194,128,56,-0.03255807734082435,-0.017214889098521365,0.015343188242302987,0.3963018490754623,ok,70,0,0.007998923172499516,0.3918040979510245,28,17,-0.16335637770131575,-0.006628144494037243,0.15672823320727852,,insufficient,16,0,0.003913320455397971,0.4497751124437781,0.21647835216478353,63.0,1.0,False,False,no data,False,False,True,0.6684331566843316,259.0,1.0,False,False,no data,False,False,False,0.6976302369763023,273.0,1.0,False,False,no data,False,False,False,0.5397460253974603,195.0,1.0,False,False,no data,False,False,False
N02_ST_KST,5m,48928,48706,48706,0,222,-0.06297130601499287,0.1052847698435511,0.3364061922555743,0.44183468155874017,0.5106352400114975,0.40966205395639144,0.8708372685090132,0.5611423643904242,0.4773128567322301,6.367694166697774,3.1460808698521117,37623,37569,37569,0,54,-0.06583849237428546,0.10218531235859352,0.3601639649711198,0.47422076712182915,0.5051771407277277,0.42407303894168064,0.8783571561659879,0.5717479837099736,0.47725518379515025,6.200818442470693,3.0227234998384493,21355,20905,20905,0,450,-0.047170244046942277,0.11059555130351591,0.29672327194451087,0.36268835206888306,0.5409232241090648,0.3709638842382205,0.8647691939727338,0.5956948098541018,0.49763214541975603,6.747073811035549,3.3918024246971905,True,,43578,5128,-0.0633327544922438,-0.059899698811084735,0.003433055681159071,0.16818318168183183,ok,153,0,0.0011849921836956656,0.38096190380961903,33730,3839,-0.06617959217593644,-0.06284154100421817,0.003338051171718273,0.18590704647676162,ok,118,0,0.0013760361033146457,0.37681159420289856,18593,2312,-0.048245437392100333,-0.03852358753027977,0.009721849861820564,0.0814592703648176,ok,79,0,0.004301800877892281,0.16041979010494753,32321,16385,-0.06371161498650106,-0.06151097484208372,-0.002200640144417343,0.824017598240176,ok,153,0,0.0005069392753097729,0.37196280371962803,24038,13531,-0.06687444727825002,-0.0639981048211482,-0.0028763424571018187,0.8505747126436781,ok,118,0,0.0038269698774358596,0.0024987506246876563,14702,6203,-0.051476231153192734,-0.036964436786569195,-0.014511794366623539,1.0,ok,79,0,-0.0014143883825450052,0.7521239380309845,27186,21520,-0.05929275640289457,-0.06761838081771149,-0.00832562441481692,0.9994000599940006,ok,153,0,-0.008358487785678013,1.0,19753,17816,-0.06264694435299599,-0.06937703346457123,-0.006730089111575244,0.9825087456271864,ok,118,0,-0.007818024480691688,1.0,13323,7582,-0.044741753347470374,-0.05143755894921929,-0.006695805601748914,0.9660169915042479,ok,79,0,-0.005758733441308124,1.0,23835,24871,-0.06327598399868084,-0.06267931937427869,0.0005966646244021517,0.40415958404159585,ok,153,0,-0.002864664691653189,0.9302069793020697,18590,18979,-0.06462608425606499,-0.06702605056585077,-0.0023999663097857837,0.8175912043978011,ok,118,0,0.0003611309442502486,0.408295852073963,9597,11308,-0.04318069374735353,-0.05055614024654903,-0.007375446499195498,0.9795102448775612,ok,79,0,0.002003895635624149,0.22588705647176413,0.16818318168183183,46.0,1.0,False,False,same sign,False,False,False,0.824017598240176,353.0,1.0,False,False,same sign,False,False,False,0.9994000599940006,548.0,1.0,False,False,same sign,False,False,False,0.40415958404159585,135.0,1.0,False,False,opposite sign,False,False,False
N02_ST_KST,15m,16322,15882,15882,0,440,-0.0430258642199525,0.11031356252361163,0.3217478906938673,0.4347689207908324,0.5188893086513033,0.39806069764513285,0.8735045963984385,0.6543256516811484,0.4680141040171263,6.497944421224528,3.134609547762256,12324,12177,12177,0,147,-0.04707580304418231,0.10059949084339329,0.32076866223207684,0.45282089184528207,0.5161369795516138,0.39582820070624947,0.8650734992198407,0.6554980701322165,0.4683419561468342,6.5059864942558345,3.1630804789266196,7246,6459,6459,0,787,-0.04287622311585563,0.11224647778293853,0.30190431955411057,0.3743613562470971,0.5253135160241523,0.3864375290292615,0.8714971357795325,0.6598544666357021,0.508283015946741,6.634240068476266,3.3123696303555485,True,,14130,1752,-0.04314388714745975,-0.04207400122584429,0.001069885921615464,0.45395460453954606,ok,153,0,-0.0047455316419545285,0.8665133486651335,10952,1225,-0.047373543956498086,-0.044413877761176355,0.0029596661953217307,0.34632683658170915,ok,118,0,0.0012366761336688736,0.40929535232383807,5734,725,-0.04578955257658552,-0.01983480087057952,0.025954751706006,0.004997501249375313,ok,79,0,-0.0022732292771020166,0.6786606696651675,10772,5110,-0.04497942148091411,-0.03890771963774535,-0.006071701843168763,0.8756124387561244,ok,153,0,-0.0023889796741096286,0.9211078892110789,8271,3906,-0.047235741416350736,-0.04673713169850769,-0.000498609717843046,0.5467266366816592,ok,118,0,0.002500904127473502,0.12693653173413294,4509,1950,-0.043908122675691344,-0.040490153825958594,-0.00341796884973275,0.6871564217891054,ok,79,0,-0.003685220480004109,0.9070464767616192,8977,6905,-0.039569820266972866,-0.047518971615448234,-0.007949151348475368,0.9371062893710629,ok,153,0,-0.007927745541616002,1.0,6663,5514,-0.04370490629102522,-0.05114912278779595,-0.007444216496770732,0.9550224887556222,ok,118,0,-0.009639461603640882,1.0,4041,2418,-0.04123303055083266,-0.04562235262588781,-0.004389322075055151,0.7151424287856072,ok,79,0,-0.009875791482492936,1.0,7641,8241,-0.04292526782565102,-0.04311913652293241,-0.00019386869728138523,0.5218478152184781,ok,153,0,-0.003785893589146369,0.9462053794620537,5892,6285,-0.04617594780741675,-0.04791939048332672,-0.0017434426759099647,0.6601699150424788,ok,118,0,-0.000501696013396967,0.5677161419290355,3066,3393,-0.04312997222769783,-0.04264692904662248,0.0004830431810753516,0.512743628185907,ok,79,0,-0.0016105893487045678,0.670664667666167,0.45395460453954606,156.0,1.0,False,False,same sign,False,False,False,0.8756124387561244,394.0,1.0,False,False,same sign,False,False,False,0.9371062893710629,445.0,1.0,False,False,same sign,False,False,False,0.5218478152184781,186.0,1.0,False,False,opposite sign,False,False,False
N02_ST_KST,30m,8021,7346,7346,0,675,-0.04714588068323534,0.11298665940647971,0.3175878028859243,0.4232235230057174,0.5083038388238497,0.40076231962973047,0.8627824666485162,0.6768309283964062,0.4816226517832834,6.495290613492904,3.252160452182408,6081,5781,5781,0,300,-0.040932422703983715,0.09496626881162429,0.3046185781006746,0.4272617194257049,0.5263795191143401,0.3831517038574641,0.8590209306348383,0.6870783601453035,0.4777720117626708,6.650870405596892,3.2662291454361974,3518,2652,2652,0,866,-0.018649070021222992,0.09389140271493213,0.3273001508295626,0.38122171945701355,0.5199849170437406,0.4110105580693816,0.889894419306184,0.7187028657616893,0.5154600301659125,6.397904661842655,3.1595421836052275,True,,6516,830,-0.0485803215692772,-0.03588465560679105,0.012695665962486148,0.1294870512948705,ok,153,0,-0.0014321698491517182,0.6224377562243776,5232,549,-0.04052729051243687,-0.04479335462779627,-0.004266064115359396,0.6301849075462269,ok,118,0,-0.006338796181296985,0.9095452273863068,2403,249,-0.023316516408698997,0.026394599332611682,0.04971111574131068,0.015992003998001,ok,79,0,-0.0026254732972140343,0.6736631684157921,5013,2333,-0.04448653095456591,-0.052860119941623616,0.008373588987057708,0.1346865313468653,ok,153,0,-0.0007101234829941724,0.6244375562443756,4020,1761,-0.040917809388346445,-0.04096578189129876,4.7972502952312035e-05,0.5077461269365318,ok,118,0,0.000732652860884829,0.3893053473263368,1784,868,-0.02041622998743407,-0.015017026957028806,-0.005399203030405263,0.6501749125437282,ok,79,0,-0.0036108595968234493,0.8085957021489255,4237,3109,-0.04090491323493788,-0.055651181126605026,-0.014746267891667143,0.9696030396960303,ok,153,0,-0.010937194944315609,1.0,3311,2470,-0.037071477806962516,-0.04610796462869511,-0.009036486821732595,0.8645677161419291,ok,118,0,-0.0037867120198740653,0.9515242378810594,1641,1011,-0.010201088449809381,-0.03236137245316141,-0.02216028400335203,0.9665167416291854,ok,79,0,-0.013903275165194521,1.0,3612,3734,-0.04712722146690338,-0.04716393025189925,-3.670878499587027e-05,0.5089491050894911,ok,153,0,-0.001340681180744402,0.6561343865613438,2738,3043,-0.04130184564390801,-0.04060002703868213,0.0007018186052258762,0.4832583708145927,ok,118,0,-0.004023747616625883,0.8750624687656172,1273,1379,-0.019553987900008635,-0.017813710732104707,0.0017402771679039288,0.4307846076961519,ok,79,0,0.007091831958621751,0.05847076461769116,0.1294870512948705,32.0,1.0,False,False,same sign,False,False,False,0.1346865313468653,34.0,1.0,False,False,opposite sign,False,False,False,0.9696030396960303,489.0,1.0,False,False,same sign,False,False,False,0.5089491050894911,183.0,1.0,False,False,opposite sign,False,False,False
N02_ST_KST,1h,3950,2971,2971,0,979,-0.0336893666629763,0.12150790979468193,0.3194210703466846,0.41467519353752946,0.5106024907438573,0.4002019522046449,0.8653651969033995,0.7165937394816561,0.47290474587680914,6.491671590996467,3.248782925335888,3054,2522,2521,1,532,-0.03954559184188847,0.09163030543435145,0.2971043236810789,0.42007140023800077,0.5224117413724713,0.38159460531535105,0.8540261800872669,0.7056723522411741,0.49147163823879414,6.6886650085681145,3.29816361583345,1728,957,957,0,771,-0.004289698595661036,0.10031347962382445,0.31974921630094044,0.41901776384535006,0.5339602925809822,0.3897596656217346,0.8808777429467085,0.7774294670846394,0.5047021943573667,6.568799068013298,3.126912196474525,True,,2610,361,-0.03311411901945943,-0.037848359321089924,-0.004734240301630492,0.6042395760423958,ok,152,0,0.004583280603203805,0.23257674232576742,2290,231,-0.039913315578257724,-0.035900192031128236,0.004013123547129488,0.43478260869565216,ok,118,0,-0.0029401843281673043,0.6681659170414792,861,96,-0.0048928982379031,0.0011202481956974694,0.006013146433600569,0.4257871064467766,ok,72,0,0.01282193987355051,0.0864567716141929,2022,949,-0.036654910209926075,-0.027370790212046414,-0.009284119997879661,0.7807219278072193,ok,152,0,-0.004403780857371184,0.9101089891010898,1772,749,-0.03842172518286177,-0.042204459291548424,0.003782734108686653,0.3803098450774613,ok,118,0,-0.0027782823291678735,0.7851074462768616,651,306,-0.01918364210826234,0.027396436132128013,-0.04658007824039036,0.984007996001999,ok,72,0,-0.0072832704579966,0.8845577211394303,1739,1232,-0.03227668151547226,-0.035683408441798965,-0.0034067269263267086,0.6084391560843916,ok,152,0,-0.012497077107289235,0.9999000099990001,1462,1059,-0.02894620724393801,-0.05417854772687765,-0.02523234048293964,0.9835082458770614,ok,118,0,-0.0032872420924423967,0.8100949525237381,556,401,0.012696451653666138,-0.02784156776929173,-0.040538019422957865,0.9780109945027486,ok,72,0,-0.015653490876620692,0.9975012493753124,1454,1517,-0.03150354522655389,-0.035784412390437205,-0.004280867163883317,0.6543345665433457,ok,152,0,-0.0006718536017158577,0.5652434756524347,1204,1317,-0.04363512853838894,-0.03580694174121528,0.007828186797173661,0.26636681659170414,ok,118,0,0.004184077942409298,0.18940529735132433,446,511,0.012518526818639127,-0.018959891423014987,-0.031478418241654114,0.9435282358820589,ok,72,0,0.004264030689985137,0.30184907546226886,0.6042395760423958,224.0,1.0,False,False,opposite sign,False,False,False,0.7807219278072193,321.0,1.0,False,False,same sign,False,False,False,0.6084391560843916,227.0,1.0,False,False,same sign,False,False,False,0.6543345665433457,250.0,1.0,False,False,same sign,False,False,False
N02_ST_KST,4h,972,169,169,0,803,-0.030037686016416435,0.10059171597633136,0.33727810650887574,0.4378698224852071,0.4970414201183432,0.4260355029585799,0.8816568047337278,0.7869822485207101,0.47928994082840237,6.299718895154291,3.0316811759752857,714,158,158,0,556,0.022024901117777003,0.13924050632911392,0.3037974683544304,0.3924050632911392,0.47468354430379744,0.4620253164556962,0.8734177215189873,0.8037974683544303,0.5189873417721519,6.181959600697778,3.089974579774741,431,32,32,0,399,-0.06801364748344553,0.03125,0.34375,0.4375,0.4375,0.46875,0.84375,0.75,0.5,5.972488433546494,3.168642816896841,True,,152,17,-0.04072729595115211,0.06554000281180848,0.1062672987629606,,insufficient,67,0,0.05763643810056719,0.0015998400159984002,136,22,0.010861820434575986,0.09103303625029234,0.08017121581571636,,insufficient,70,0,-0.010029116923339174,0.6336831584207896,31,1,-0.07352734620871804,0.10291101300000202,0.17643835920872006,,insufficient,16,0,0.05536243173724527,0.1889055472263868,112,57,-0.05131934204315682,0.01177890126419627,-0.06309824330735309,0.8715128487151285,ok,67,0,-0.012760416278983208,0.8824117588241176,110,48,0.013564285874366394,0.04141381105059299,-0.027849525176226596,0.6561719140429785,ok,70,0,0.0011712290754151526,0.4682658670664668,21,11,-0.0011421028732092238,-0.19567750537571482,0.1945354025025056,,insufficient,16,0,-0.06230229427764466,0.984007996001999,95,74,-0.02238828419126741,-0.03985786403518883,-0.01746957984392142,0.6447355264473552,ok,67,0,-0.005119546356125694,0.6737326267373263,96,62,0.042910404032987536,-0.010313942105774793,-0.05322434613876233,0.8705647176411794,ok,70,0,0.00019581846093073493,0.504247876061969,18,14,-0.07258944902822553,-0.06213047406872839,0.010458974959497144,,insufficient,16,0,-0.031677646497275155,0.8195902048975512,85,84,0.006676702250904211,-0.06718915033453851,-0.07386585258544272,0.958004199580042,ok,67,0,0.012735496657857136,0.24807519248075194,83,75,0.017738520042136437,0.026768496174819235,0.009029976132682797,0.4012993503248376,ok,70,0,0.007998923172499516,0.3918040979510245,18,14,-0.1773409634830193,0.07255004451600645,0.24989100799902575,,insufficient,16,0,0.003913320455397971,0.4497751124437781,1.0,561.0,1.0,False,False,no data,False,False,True,0.8715128487151285,392.0,1.0,False,False,no data,False,False,False,0.6447355264473552,244.0,1.0,False,False,no data,False,False,False,0.958004199580042,473.0,1.0,False,False,no data,False,False,False
N03_ADX_GC,5m,1891,1880,1880,0,11,-0.06374787074266856,0.03776595744680851,0.12446808510638298,0.14148936170212767,0.8090425531914893,0.1345744680851064,0.9313829787234043,0.574468085106383,0.5122340425531915,8.7645980208231,4.212200192249957,1343,1340,1340,0,3,-0.05557690582849108,0.03955223880597015,0.13955223880597015,0.17686567164179104,0.8014925373134328,0.14477611940298507,0.932089552238806,0.6007462686567164,0.5044776119402985,8.65583625345667,4.007597329521696,879,862,862,0,17,-0.055579522803804925,0.05336426914153132,0.1148491879350348,0.11948955916473318,0.8248259860788864,0.12412993039443156,0.9280742459396751,0.5939675174013921,0.494199535962877,8.861556293435864,4.512137813766943,True,,1809,71,-0.06278518529103708,-0.0882760113342368,-0.02549082604319973,0.7837216278372163,ok,153,0,0.0011849921836956656,0.38096190380961903,1287,53,-0.05565917021547458,-0.05357927816721267,0.002079892048261908,0.47726136931534235,ok,118,0,0.0013760361033146457,0.37681159420289856,816,46,-0.053516608437743904,-0.09217382981914808,-0.03865722138140418,0.9020489755122438,ok,79,0,0.004301800877892281,0.16041979010494753,1646,234,-0.0611679358906036,-0.08189561760804859,0.02072768171744499,0.12538746125387462,ok,153,0,0.0005069392753097729,0.37196280371962803,1153,187,-0.057547573851065126,-0.04342620941122975,-0.014121364439835374,0.841079460269865,ok,118,0,0.0038269698774358596,0.0024987506246876563,763,99,-0.054178105562913345,-0.06638034456946425,0.012202239006550902,0.30184907546226886,ok,79,0,-0.0014143883825450052,0.7521239380309845,1614,266,-0.058351589065481865,-0.09649072272379385,-0.03813913365831198,0.9939006099390061,ok,153,0,-0.008358487785678013,1.0,1103,237,-0.05301482423753927,-0.06750085517372252,-0.014486030936183253,0.7871064467766117,ok,118,0,-0.007818024480691688,1.0,759,103,-0.05377545041374704,-0.0688736096392799,-0.015098159225532856,0.7316341829085458,ok,79,0,-0.005758733441308124,1.0,359,1521,-0.061875188023539994,-0.06418987803797899,-0.002314690014438993,0.5623437656234377,ok,153,0,-0.002864664691653189,0.9302069793020697,266,1074,-0.03772775000018591,-0.059997646471255675,-0.022269896471069764,0.9340329835082459,ok,118,0,0.0003611309442502486,0.408295852073963,151,711,-0.05488365540264145,-0.05572730898886214,-0.0008436535862206898,0.5077461269365318,ok,79,0,0.002003895635624149,0.22588705647176413,0.7837216278372163,323.0,1.0,False,False,same sign,False,False,False,0.12538746125387462,30.0,1.0,False,False,same sign,False,False,False,0.9939006099390061,528.0,1.0,False,False,same sign,False,False,False,0.5623437656234377,203.0,1.0,False,False,same sign,False,False,False
N03_ADX_GC,15m,620,606,606,0,14,-0.02995747770344214,0.039603960396039604,0.1254125412541254,0.1419141914191419,0.8151815181518152,0.13366336633663367,0.9356435643564357,0.66996699669967,0.4768976897689769,8.777094084992626,4.170252240117182,510,504,504,0,6,-0.039921195565275354,0.06349206349206349,0.13293650793650794,0.1527777777777778,0.8055555555555556,0.14087301587301587,0.9404761904761905,0.6626984126984127,0.5138888888888888,8.691316386210124,4.16460911148123,242,223,223,0,19,-0.012309206173868246,0.04932735426008968,0.12556053811659193,0.14798206278026907,0.8026905829596412,0.12556053811659193,0.9192825112107623,0.7354260089686099,0.5336322869955157,8.843155428757791,4.429130688417839,True,,582,24,-0.030824422455426683,-0.008934067467817008,0.021890354987609675,,insufficient,148,0,-0.0047455316419545285,0.8665133486651335,472,32,-0.038556141678247426,-0.060055740398937275,-0.02149959872068985,0.68015992003998,ok,116,0,0.0012366761336688736,0.40929535232383807,212,11,-0.00854420464903611,-0.08487105374336038,-0.07632684909432427,,insufficient,72,0,-0.0022732292771020166,0.6786606696651675,530,76,-0.033798993273493914,-0.003167961228081101,-0.030631032045412815,0.8128187181281872,ok,148,0,-0.0023889796741096286,0.9211078892110789,437,67,-0.04507380526293082,-0.006313875596985224,-0.038759929665945596,0.8545727136431784,ok,116,0,0.002500904127473502,0.12693653173413294,195,28,-0.009665778883190207,-0.03071878909109031,0.021053010207900104,,insufficient,72,0,-0.003685220480004109,0.9070464767616192,520,86,-0.02324813596045036,-0.07052559056804358,-0.04727745460759322,0.9346065393460654,ok,148,0,-0.007927745541616002,1.0,427,77,-0.04450820652667748,-0.014484134779318049,0.03002407174735943,0.19440279860069964,ok,116,0,-0.009639461603640882,1.0,190,33,-0.008800604450870084,-0.032510246397191016,-0.02370964194632093,0.7031484257871065,ok,72,0,-0.009875791482492936,1.0,112,494,-0.031027406346477212,-0.02971490278842204,0.001312503558055171,0.48495150484951505,ok,148,0,-0.003785893589146369,0.9462053794620537,98,406,-0.018125964942776573,-0.04518211330174057,-0.027056148358964,0.8035982008995503,ok,116,0,-0.000501696013396967,0.5677161419290355,44,179,-0.032219275691950294,-0.007415110873334113,0.024804164818616182,0.2868565717141429,ok,72,0,-0.0016105893487045678,0.670664667666167,1.0,562.0,1.0,False,False,no data,False,False,False,0.8128187181281872,344.0,1.0,False,False,no data,False,False,False,0.9346065393460654,439.0,1.0,False,False,same sign,False,False,False,0.48495150484951505,166.0,1.0,False,False,same sign,False,False,False
N03_ADX_GC,30m,282,258,258,0,24,-0.02357345070599048,0.05813953488372093,0.1124031007751938,0.10465116279069768,0.8255813953488372,0.11627906976744186,0.9341085271317829,0.7209302325581395,0.5155038759689923,8.919581125860217,4.311597411266406,239,219,219,0,20,-0.04124259631828046,0.0319634703196347,0.1415525114155251,0.1095890410958904,0.8082191780821918,0.1506849315068493,0.9497716894977168,0.6986301369863014,0.4794520547945205,8.605262469436358,4.154572360628355,105,87,87,0,18,-0.002281950281794195,0.04597701149425287,0.11494252873563218,0.14942528735632185,0.8160919540229885,0.12643678160919541,0.9195402298850575,0.735632183908046,0.5517241379310345,8.88871755378885,4.215324734230207,False,period-1 signals 282 < 300,243,15,-0.026944001093581606,0.03102946557298581,0.057973466666567414,,insufficient,121,0,-0.0014321698491517182,0.6224377562243776,212,7,-0.04805711977560708,0.16514011410361165,0.21319723387921874,,insufficient,91,0,-0.006338796181296985,0.9095452273863068,83,4,-0.0019582887611066225,-0.008997926836061307,-0.007039638074954684,,insufficient,48,0,-0.0026254732972140343,0.6736631684157921,229,29,-0.028150710378092515,0.012571117049573848,-0.04072182742766636,,insufficient,121,0,-0.0007101234829941724,0.6244375562443756,188,31,-0.04242547094897099,-0.03406903404183464,-0.008356436907136354,0.5347326336831584,ok,91,0,0.000732652860884829,0.3893053473263368,77,10,0.00532481195001622,-0.06085401946673437,0.06617883141675059,,insufficient,48,0,-0.0036108595968234493,0.8085957021489255,231,27,-0.022384201155536954,-0.03374814130431504,-0.011363940148778087,,insufficient,121,0,-0.010937194944315609,1.0,195,24,-0.039128613345959164,-0.058418707968390965,-0.0192900946224318,,insufficient,91,0,-0.0037867120198740653,0.9515242378810594,74,13,-0.0033508969500577377,0.003802823060629068,0.007153720010686806,,insufficient,48,0,-0.013903275165194521,1.0,45,213,-0.0009699462733019162,-0.02834883896641765,-0.027378892693115733,0.7416258374162584,ok,121,0,-0.001340681180744402,0.6561343865613438,42,177,-0.05683338019804238,-0.037543088279014925,0.019290291919027452,0.3523238380809595,ok,91,0,-0.004023747616625883,0.8750624687656172,16,71,-0.07240207103329825,0.013519767070657428,0.08592183810395568,,insufficient,48,0,0.007091831958621751,0.05847076461769116,,,,,,,,,,,,,,,,,,,,,,,,,,,,,,,,,,,,
N03_ADX_GC,1h,156,132,132,0,24,0.013773109796477518,0.045454545454545456,0.14393939393939395,0.14393939393939395,0.7954545454545454,0.1590909090909091,0.9242424242424242,0.7575757575757576,0.553030303030303,8.544997556089315,4.367071775432162,129,114,114,0,15,-0.0217590312882493,0.043859649122807015,0.09649122807017543,0.11403508771929824,0.8421052631578947,0.10526315789473684,0.9122807017543859,0.7192982456140351,0.5526315789473685,9.027692877611747,4.462655854113319,59,35,35,0,24,0.027705076018285864,0.05714285714285714,0.17142857142857143,0.14285714285714285,0.7714285714285715,0.2,0.9428571428571428,0.8,0.5714285714285714,8.211188744802072,4.32752292788483,False,period-1 signals 156 < 300,126,6,0.001329975439889962,0.27507893128481614,0.2737489558449262,,insufficient,79,0,0.004583280603203805,0.23257674232576742,109,5,-0.037485019209238066,0.3210675053893055,0.3585525245985436,,insufficient,68,0,-0.0029401843281673043,0.6681659170414792,33,2,0.02123080271687039,0.13453058549164112,0.11329978277477074,,insufficient,26,0,0.01282193987355051,0.0864567716141929,113,19,0.003812917538421668,0.0730100426996518,-0.06919712516123014,,insufficient,79,0,-0.004403780857371184,0.9101089891010898,103,11,-0.014633731365563089,-0.08847774874612922,0.07384401738056613,,insufficient,68,0,-0.0027782823291678735,0.7851074462768616,29,6,0.06498919505981166,-0.15250149934908877,0.21749069440890043,,insufficient,26,0,-0.0072832704579966,0.8845577211394303,113,19,0.013042901647405437,0.018115926683064047,0.00507302503565861,,insufficient,79,0,-0.012497077107289235,0.9999000099990001,101,13,-0.035109902506716986,0.08196696817830726,0.11707687068502425,,insufficient,68,0,-0.0032872420924423967,0.8100949525237381,30,5,0.08822579564460162,-0.33541924173960863,-0.4236450373842102,,insufficient,26,0,-0.015653490876620692,0.9975012493753124,27,105,0.016777245081920335,0.01300061786593507,-0.0037766272159852655,,insufficient,79,0,-0.0006718536017158577,0.5652434756524347,18,96,-0.15775851063435267,0.0037408710891450856,0.16149938172349776,,insufficient,68,0,0.004184077942409298,0.18940529735132433,8,27,-0.14079975561684005,0.07763243353980463,0.2184321891566447,,insufficient,26,0,0.004264030689985137,0.30184907546226886,,,,,,,,,,,,,,,,,,,,,,,,,,,,,,,,,,,,
N03_ADX_GC,4h,25,3,3,0,22,0.06956953231969895,0.0,0.3333333333333333,0.0,0.6666666666666666,0.3333333333333333,1.0,1.0,0.6666666666666666,7.000975675860651,4.002148301652146,32,7,7,0,25,-0.05522992537972822,0.0,0.0,0.14285714285714285,0.7142857142857143,0.0,0.7142857142857143,0.7142857142857143,0.42857142857142855,10.0,5.567818184076953,13,2,2,0,11,0.34523097050966106,0.0,0.0,0.5,1.0,0.0,1.0,1.0,1.0,10.0,2.8244731668022807,False,period-1 signals 25 < 300,3,0,0.06956953231969894,,,,insufficient,2,0,0.05763643810056719,0.0015998400159984002,7,0,-0.05522992537972821,,,,insufficient,7,0,-0.010029116923339174,0.6336831584207896,2,0,0.34523097050966106,,,,insufficient,2,0,0.05536243173724527,0.1889055472263868,2,1,0.029026879388928964,0.1506548381812389,-0.12162795879230993,,insufficient,2,0,-0.012760416278983208,0.8824117588241176,7,0,-0.05522992537972821,,,,insufficient,7,0,0.0011712290754151526,0.4682658670664668,2,0,0.34523097050966106,,,,insufficient,2,0,-0.06230229427764466,0.984007996001999,3,0,0.06956953231969894,,,,insufficient,2,0,-0.005119546356125694,0.6737326267373263,6,1,-0.06254236538588613,-0.011355285342780708,0.051187080043105425,,insufficient,7,0,0.00019581846093073493,0.504247876061969,1,1,0.6271240206140782,0.06333792040524391,-0.5637861002088344,,insufficient,2,0,-0.031677646497275155,0.8195902048975512,1,2,0.1506548381812389,0.029026879388928964,-0.12162795879230993,,insufficient,2,0,0.012735496657857136,0.24807519248075194,2,5,-0.19977212393482294,0.0025869540423096526,0.2023590779771326,,insufficient,7,0,0.007998923172499516,0.3918040979510245,0,2,,0.34523097050966106,,,insufficient,2,0,0.003913320455397971,0.4497751124437781,,,,,,,,,,,,,,,,,,,,,,,,,,,,,,,,,,,,
N07_ICHI_CMO,5m,22152,22063,22063,0,89,-0.0635771679012699,0.1216063092054571,0.43652268503829944,0.43144631283143725,0.4491682908036079,0.4853827675293478,0.8651588632552237,0.5565879526809591,0.5215972442550877,5.596548150672407,3.176331018689608,16560,16529,16529,0,31,-0.06256655556741128,0.1194869623086696,0.4669973985117067,0.4743178655696049,0.4422530098614556,0.5059592231834956,0.8835985238066428,0.5740819166313752,0.5255006352471414,5.371348502058259,2.954551069294392,9699,9492,9492,0,207,-0.046606684624678305,0.13116308470290772,0.39654445849136116,0.34871470712178676,0.4839865149599663,0.4495364517488411,0.8656763590391909,0.5915507796038769,0.5563632532659082,5.943330761753367,3.384366916098503,True,,19380,2683,-0.06343921739312157,-0.06457361995043673,-0.001134402557315159,0.5858414158584142,ok,153,0,0.0011849921836956656,0.38096190380961903,14554,1975,-0.062295832301533224,-0.06456154615555772,-0.0022657138540244925,0.6776611694152923,ok,118,0,0.0013760361033146457,0.37681159420289856,8247,1245,-0.04900359319954794,-0.030729331197409313,0.018274262002138626,0.02048975512243878,ok,79,0,0.004301800877892281,0.16041979010494753,12432,9631,-0.06453823557234846,-0.062336591295844845,-0.0022016442765036143,0.7134286571342866,ok,153,0,0.0005069392753097729,0.37196280371962803,8810,7719,-0.0639688371448167,-0.0609660761404205,-0.0030027610043961983,0.7926036981509246,ok,118,0,0.0038269698774358596,0.0024987506246876563,5728,3764,-0.04637743748560073,-0.046955549558960044,0.0005781120733593173,0.45377311344327836,ok,79,0,-0.0014143883825450052,0.7521239380309845,12544,9519,-0.061629112448175406,-0.06614428709484248,-0.004515174646667071,0.8969103089691031,ok,153,0,-0.008358487785678013,1.0,8689,7840,-0.06154996899902658,-0.06369322912515296,-0.002143260126126381,0.7081459270364817,ok,118,0,-0.007818024480691688,1.0,6182,3310,-0.04563085618184478,-0.04842921375869548,-0.0027983575768507005,0.6956521739130435,ok,79,0,-0.005758733441308124,1.0,12153,9910,-0.06287528307839527,-0.06443791525267206,-0.0015626321742767957,0.6657334266573343,ok,153,0,-0.002864664691653189,0.9302069793020697,9219,7310,-0.06303964244478881,-0.061969922472672107,0.0010697199721167033,0.39430284857571213,ok,118,0,0.0003611309442502486,0.408295852073963,4898,4594,-0.05023838751244941,-0.0427346600830364,0.007503727429413014,0.10344827586206896,ok,79,0,0.002003895635624149,0.22588705647176413,0.5858414158584142,215.0,1.0,False,False,opposite sign,False,False,False,0.7134286571342866,280.0,1.0,False,False,opposite sign,False,False,False,0.8969103089691031,411.0,1.0,False,False,same sign,False,False,False,0.6657334266573343,257.0,1.0,False,False,opposite sign,False,False,False
N07_ICHI_CMO,15m,7759,7581,7581,0,178,-0.04546679376904891,0.1297981796596755,0.4247460757156048,0.41960163566811765,0.4566679857538583,0.4742118454029811,0.8621553884711779,0.6475399023875478,0.5209075319878644,5.707481418634423,3.216519117261859,5498,5452,5452,0,46,-0.04522982583759479,0.12215700660308144,0.44845928099779897,0.44387380777696256,0.4436903888481291,0.49229640498899485,0.8681217901687455,0.6608584005869406,0.5152237710931769,5.514524544144905,3.108236495709034,3353,3032,3032,0,321,-0.020192513115080614,0.13258575197889183,0.404023746701847,0.3575197889182058,0.4825197889182058,0.45316622691292874,0.8713720316622692,0.6850263852242744,0.5699208443271768,5.909802068573815,3.296497515385674,True,,6597,984,-0.04545574926382494,-0.04554083909523038,-8.508983140544102e-05,0.5011498850114988,ok,153,0,-0.0047455316419545285,0.8665133486651335,4786,666,-0.04458999043478758,-0.049827802170680925,-0.005237811735893348,0.6841579210394803,ok,118,0,0.0012366761336688736,0.40929535232383807,2630,402,-0.023438017477029175,0.0010405129344833789,0.024478530411512555,0.051974012993503245,ok,79,0,-0.0022732292771020166,0.6786606696651675,4361,3220,-0.05240249318346176,-0.03607344434474629,-0.01632904883871547,0.9815018498150185,ok,153,0,-0.0023889796741096286,0.9211078892110789,3007,2445,-0.049818030994658896,-0.0395869902926902,-0.010231040701968695,0.936031984007996,ok,118,0,0.002500904127473502,0.12693653173413294,1807,1225,-0.021160608408328507,-0.018764473772305966,-0.0023961346360225413,0.5792103948025987,ok,79,0,-0.003685220480004109,0.9070464767616192,4400,3181,-0.04194313201986599,-0.05034076789555154,-0.008397635875685545,0.8923107689231077,ok,153,0,-0.007927745541616002,1.0,3032,2420,-0.03496865683527015,-0.058085968157862704,-0.02311731132259255,0.9985007496251874,ok,118,0,-0.009639461603640882,1.0,1948,1084,-0.015762508193437108,-0.02815344446873518,-0.01239093627529807,0.8605697151424287,ok,79,0,-0.009875791482492936,1.0,4119,3462,-0.04009136595779522,-0.05186234176285421,-0.011770975805058988,0.9504049595040496,ok,153,0,-0.003785893589146369,0.9462053794620537,3033,2419,-0.04114441730339015,-0.050352208675231304,-0.009207791371841155,0.9105447276361819,ok,118,0,-0.000501696013396967,0.5677161419290355,1569,1463,-0.018032914963994867,-0.022508582492424115,-0.004475667528429247,0.663168415792104,ok,79,0,-0.0016105893487045678,0.670664667666167,0.5011498850114988,175.0,1.0,False,False,opposite sign,False,False,False,0.9815018498150185,506.0,1.0,False,False,same sign,False,False,False,0.8923107689231077,405.0,1.0,False,False,same sign,False,False,False,0.9504049595040496,461.0,1.0,False,False,same sign,False,False,False
N07_ICHI_CMO,30m,3916,3645,3645,0,271,-0.03946114284612555,0.14348422496570645,0.43731138545953363,0.40301783264746227,0.4392318244170096,0.4806584362139918,0.8559670781893004,0.679835390946502,0.5300411522633744,5.635081777113141,3.2967122285775883,2650,2532,2532,0,118,-0.0392038439578293,0.13230647709320695,0.4609004739336493,0.4158767772511848,0.43285939968404424,0.5059241706161137,0.8708530805687204,0.6907582938388626,0.5343601895734598,5.387634074868618,3.132533159262139,1753,1400,1400,0,353,-0.044929730175970246,0.16,0.4064285714285714,0.37714285714285717,0.495,0.44642857142857145,0.8871428571428571,0.675,0.5964285714285714,5.954876445823879,3.1158103087327067,True,,3122,523,-0.03902748361250752,-0.042049831426155204,-0.0030223478136476856,0.5886411358864113,ok,153,0,-0.0014321698491517182,0.6224377562243776,2197,335,-0.04312728293326406,-0.01347311133385856,0.029654171599405497,0.03398300849575212,ok,118,0,-0.006338796181296985,0.9095452273863068,1176,224,-0.04207485510605564,-0.0599178242930219,-0.017842969186966262,0.8140929535232384,ok,79,0,-0.0026254732972140343,0.6736631684157921,2051,1594,-0.04225713599206714,-0.03586353811442782,-0.006393597877639316,0.7472252774722528,ok,153,0,-0.0007101234829941724,0.6244375562443756,1365,1167,-0.03801561606893181,-0.04059367349368624,0.0025780574247544347,0.41879060469765117,ok,118,0,0.000732652860884829,0.3893053473263368,831,569,-0.046577385894848645,-0.04252339994330249,-0.004053985951546157,0.5882058970514743,ok,79,0,-0.0036108595968234493,0.8085957021489255,2176,1469,-0.03598639372077868,-0.04460821847359647,-0.008621824752817794,0.8037196280371963,ok,153,0,-0.010937194944315609,1.0,1479,1053,-0.03746284461019837,-0.04164917922387501,-0.004186334613676637,0.6331834082958521,ok,118,0,-0.0037867120198740653,0.9515242378810594,872,528,-0.0458702316228835,-0.04337647778637108,0.0024937538365124162,0.4492753623188406,ok,79,0,-0.013903275165194521,1.0,2044,1601,-0.039638706638072785,-0.03923444678694995,0.00040425985112283597,0.4834516548345166,ok,153,0,-0.001340681180744402,0.6561343865613438,1436,1096,-0.03866878941266516,-0.03990488257722318,-0.0012360931645580206,0.5637181409295352,ok,118,0,-0.004023747616625883,0.8750624687656172,707,693,-0.03563813543695844,-0.05440903389960852,-0.01877089846265008,0.8530734632683659,ok,79,0,0.007091831958621751,0.05847076461769116,0.5886411358864113,218.0,1.0,False,False,same sign,False,False,False,0.7472252774722528,297.0,1.0,False,False,same sign,False,False,False,0.8037196280371963,337.0,1.0,False,False,opposite sign,False,False,False,0.4834516548345166,164.0,1.0,False,False,opposite sign,False,False,False
N07_ICHI_CMO,1h,1835,1399,1399,0,436,-0.020762840189059238,0.1501072194424589,0.4274481772694782,0.42101501072194425,0.45961401000714797,0.4653323802716226,0.8506075768406004,0.7262330235882773,0.5218012866333095,5.764780007725828,3.3162795620296333,1279,1062,1062,0,217,-0.05097944745786031,0.14124293785310735,0.4180790960451977,0.403954802259887,0.4689265536723164,0.4595103578154426,0.8681732580037664,0.67984934086629,0.5574387947269304,5.822943826439461,3.2153777509754367,869,526,526,0,343,0.002246591075655516,0.16730038022813687,0.4068441064638783,0.3935361216730038,0.5,0.44106463878326996,0.8935361216730038,0.7585551330798479,0.591254752851711,5.974429978180312,3.025160625916756,True,,1189,210,-0.018907317107935143,-0.03126863515789993,-0.012361318049964789,0.7135286471352865,ok,148,0,0.004583280603203805,0.23257674232576742,912,150,-0.05742188225320048,-0.011809443902192083,0.0456124383510084,0.063968015992004,ok,118,0,-0.0029401843281673043,0.6681659170414792,438,88,-0.007681732225301722,0.05166256386905633,0.059344296094358054,0.04597701149425287,ok,69,0,0.01282193987355051,0.0864567716141929,801,598,-0.03003108015094622,-0.008348358233421307,-0.021682721917524912,0.9216078392160784,ok,148,0,-0.004403780857371184,0.9101089891010898,618,444,-0.043072697352660366,-0.06198478882050348,0.01891209146784311,0.1839080459770115,ok,118,0,-0.0027782823291678735,0.7851074462768616,312,214,0.008360283539708102,-0.006666829713056667,0.015027113252764769,0.3308345827086457,ok,69,0,-0.0072832704579966,0.8845577211394303,810,589,-0.021877902061666996,-0.019229393471211543,0.0026485085904554527,0.4306569343065693,ok,148,0,-0.012497077107289235,0.9999000099990001,633,429,-0.04377408224966028,-0.06161114017765198,-0.0178370579279917,0.8185907046476761,ok,118,0,-0.0032872420924423967,0.8100949525237381,319,207,0.00844825201743896,-0.007310557911923798,-0.01575880992936276,0.6931534232883558,ok,69,0,-0.015653490876620692,0.9975012493753124,756,643,-0.01695977574613457,-0.02523425032724126,-0.008274474581106691,0.6885311468853115,ok,148,0,-0.0006718536017158577,0.5652434756524347,564,498,-0.05258819660345686,-0.049157490594172674,0.003430706009284183,0.4312843578210895,ok,118,0,0.004184077942409298,0.18940529735132433,263,263,-0.007183429423073882,0.011676611574384913,0.018860040997458794,0.2698650674662669,ok,69,0,0.004264030689985137,0.30184907546226886,0.7135286471352865,281.0,1.0,False,False,opposite sign,False,False,False,0.9216078392160784,427.0,1.0,False,False,opposite sign,False,False,False,0.4306569343065693,149.0,1.0,False,False,opposite sign,False,False,False,0.6885311468853115,270.0,1.0,False,False,opposite sign,False,False,False
N07_ICHI_CMO,4h,497,106,106,0,391,-0.017110264549561403,0.1509433962264151,0.3584905660377358,0.3867924528301887,0.4811320754716981,0.41509433962264153,0.8207547169811321,0.7735849056603774,0.49056603773584906,6.335485984351432,3.4092822621988303,293,67,67,0,226,-0.023711822729592963,0.16417910447761194,0.3880597014925373,0.40298507462686567,0.4925373134328358,0.4626865671641791,0.8656716417910447,0.7910447761194029,0.6119402985074627,5.82359460413348,3.185040339755723,179,17,17,0,162,-0.04242765466291127,0.23529411764705882,0.29411764705882354,0.4117647058823529,0.5882352941176471,0.35294117647058826,0.9411764705882353,0.7647058823529411,0.4117647058823529,6.899894420573994,2.33382132054507,True,,90,16,-0.010691602827070898,-0.05321523673857041,-0.04252363391149951,,insufficient,53,0,0.05763643810056719,0.0015998400159984002,56,11,-0.005101083499033488,-0.11845740426698663,-0.11335632076795314,,insufficient,43,0,-0.010029116923339174,0.6336831584207896,13,4,-0.07093162287794716,0.05021024203595536,0.12114186491390252,,insufficient,10,0,0.05536243173724527,0.1889055472263868,68,38,-0.028573417526249267,0.003402746040301124,-0.03197616356655039,0.664933506649335,ok,53,0,-0.012760416278983208,0.8824117588241176,41,26,-0.036382719844099784,-0.0037307926644091324,-0.03265192717969065,,insufficient,43,0,0.0011712290754151526,0.4682658670664668,12,5,-0.07237882458315914,0.029455153145683616,-0.10183397772884276,,insufficient,10,0,-0.06230229427764466,0.984007996001999,65,41,-0.02729005200234028,-0.0009715771244241389,0.02631847487791614,0.3611638836116388,ok,53,0,-0.005119546356125694,0.6737326267373263,40,27,-0.0839099831072864,0.06547063708921214,0.14938062019649853,,insufficient,43,0,0.00019581846093073493,0.504247876061969,10,7,-0.04138451866401105,-0.04391784894705443,-0.0025333302830433807,,insufficient,10,0,-0.031677646497275155,0.8195902048975512,55,51,-0.012188678669676795,-0.022417857165123217,-0.010229178495446422,0.5624437556244376,ok,53,0,0.012735496657857136,0.24807519248075194,34,33,-0.03592366897729437,-0.011129920534991507,0.024793748442302862,0.3453273363318341,ok,43,0,0.007998923172499516,0.3918040979510245,7,10,-0.03782567887745796,-0.04564903771272859,-0.007823358835270626,,insufficient,10,0,0.003913320455397971,0.4497751124437781,1.0,563.0,1.0,False,False,no data,False,False,False,0.664933506649335,255.0,1.0,False,False,no data,False,False,False,0.3611638836116388,114.0,1.0,False,False,no data,False,False,False,0.5624437556244376,204.0,1.0,False,False,no data,False,False,False
N08_ICHI_WR,5m,3154,3141,3141,0,13,-0.06410920057708519,0.09169054441260745,0.5447309773957338,0.43807704552690224,0.19325055714740527,0.6717605858007004,0.5600127347978351,0.5584208850684496,0.5256287806431073,4.137076737106647,5.143727711010942,2186,2180,2180,0,6,-0.06149907491902526,0.08669724770642202,0.5848623853211009,0.5064220183486239,0.19541284403669726,0.686697247706422,0.6064220183486239,0.5807339449541284,0.5876146788990826,3.9533639440465884,4.670631670623004,1412,1384,1384,0,28,-0.04780103188324057,0.10115606936416185,0.5115606936416185,0.41690751445086704,0.19869942196531792,0.648121387283237,0.5585260115606936,0.5960982658959537,0.49783236994219654,4.376070449703541,5.223416037172932,True,,2853,288,-0.06486177248712739,-0.056654035093229735,0.008207737393897657,0.287971202879712,ok,153,0,0.0011849921836956656,0.38096190380961903,1991,189,-0.059694534407295115,-0.08050881120926175,-0.02081427680196663,0.8820589705147426,ok,118,0,0.0013760361033146457,0.37681159420289856,1244,140,-0.05207538241624991,-0.009820374289928917,0.04225500812632099,0.021989005497251374,ok,79,0,0.004301800877892281,0.16041979010494753,1430,1711,-0.059584490357892074,-0.0678908111051075,0.008306320747215427,0.1705829417058294,ok,153,0,0.0005069392753097729,0.37196280371962803,905,1275,-0.05642958397761165,-0.06509741946959727,0.008667835491985618,0.20589705147426288,ok,118,0,0.0038269698774358596,0.0024987506246876563,676,708,-0.03870039276651395,-0.05649034267830722,0.017789949911793272,0.11094452773613193,ok,79,0,-0.0014143883825450052,0.7521239380309845,1765,1376,-0.06303781778555714,-0.06548346702116006,-0.0024456492356029202,0.6062393760623938,ok,153,0,-0.008358487785678013,1.0,1076,1104,-0.06319731721537934,-0.059843903985259864,0.0033534132301194786,0.3598200899550225,ok,118,0,-0.007818024480691688,1.0,807,577,-0.03855085081062166,-0.06073846017718071,-0.02218760936655905,0.9325337331334332,ok,79,0,-0.005758733441308124,1.0,2534,607,-0.0645994719548443,-0.062062499306505994,0.002536972648338312,0.39816018398160186,ok,153,0,-0.002864664691653189,0.9302069793020697,1754,426,-0.06445118478968434,-0.04934414366753226,0.015107041122152082,0.09945027486256872,ok,118,0,0.0003611309442502486,0.408295852073963,1109,275,-0.05378236690847863,-0.023679938999644205,0.030102427908834425,0.019490254872563718,ok,79,0,0.002003895635624149,0.22588705647176413,0.287971202879712,96.0,1.0,False,False,same sign,False,False,False,0.1705829417058294,49.0,1.0,False,False,same sign,False,False,False,0.6062393760623938,226.0,1.0,False,False,same sign,False,False,False,0.39816018398160186,133.0,1.0,False,False,same sign,False,False,False
N08_ICHI_WR,15m,1124,1099,1099,0,25,-0.055603691008801616,0.09645131938125569,0.5222929936305732,0.4021838034576888,0.18835304822565968,0.6533212010919017,0.5195632393084623,0.6342129208371247,0.49772520473157417,4.308073243538796,5.510633603515272,793,783,783,0,10,-0.05664362266011948,0.10855683269476372,0.5389527458492975,0.438058748403576,0.19157088122605365,0.6590038314176245,0.558109833971903,0.6462324393358876,0.5440613026819924,4.230608974588226,5.182286674372801,461,426,426,0,35,-0.025411600852831288,0.09389671361502347,0.528169014084507,0.392018779342723,0.18544600938967137,0.6525821596244131,0.5258215962441315,0.6784037558685446,0.5164319248826291,4.315148888171224,5.496146903566507,True,,993,106,-0.05592361670869602,-0.05260665119752669,0.003316965511169334,0.45125487451254875,ok,151,0,-0.0047455316419545285,0.8665133486651335,698,85,-0.057655989170034866,-0.04833030708457902,0.009325682085455846,0.35582208895552225,ok,118,0,0.0012366761336688736,0.40929535232383807,386,40,-0.030327604113133205,0.022027830609082207,0.05235543472221541,0.13193403298350825,ok,78,0,-0.0022732292771020166,0.6786606696651675,525,574,-0.053989824383736965,-0.05707978853172661,0.003089964147989642,0.41675832416758324,ok,151,0,-0.0023889796741096286,0.9211078892110789,361,422,-0.05482385352842493,-0.0582003445950525,0.003376491066627574,0.40229885057471265,ok,118,0,0.002500904127473502,0.12693653173413294,201,225,-0.03519199155101866,-0.016674451829117233,-0.018517539721901427,0.7631184407796102,ok,78,0,-0.003685220480004109,0.9070464767616192,657,442,-0.047236188041577906,-0.06804135944650745,-0.020805171404929546,0.8973102689731027,ok,151,0,-0.007927745541616002,1.0,440,343,-0.053283918767732745,-0.06095344689525115,-0.007669528127518407,0.6821589205397302,ok,118,0,-0.009639461603640882,1.0,259,167,-0.026952367580701027,-0.023022028502422534,0.003930339078278493,0.4482758620689655,ok,78,0,-0.009875791482492936,1.0,892,207,-0.0553079789150597,-0.05687796727748657,-0.0015699883624268676,0.5315468453154685,ok,151,0,-0.003785893589146369,0.9462053794620537,633,150,-0.0571395944328995,-0.05455062177898777,0.002588972653911732,0.440279860069965,ok,118,0,-0.000501696013396967,0.5677161419290355,347,79,-0.02477893690495589,-0.028190517180840913,-0.003411580275885024,0.5467266366816592,ok,78,0,-0.0016105893487045678,0.670664667666167,0.45125487451254875,155.0,1.0,False,False,same sign,False,False,False,0.41675832416758324,141.0,1.0,False,False,opposite sign,False,False,False,0.8973102689731027,413.0,1.0,False,False,opposite sign,False,False,False,0.5315468453154685,190.0,1.0,False,False,same sign,False,False,False
N08_ICHI_WR,30m,509,452,452,0,57,-0.029801626921221184,0.10398230088495575,0.5221238938053098,0.39601769911504425,0.17699115044247787,0.6703539823008849,0.5176991150442478,0.6924778761061947,0.5707964601769911,4.2220869170551705,5.5692078607146875,365,350,350,0,15,-0.05829445758825752,0.09714285714285714,0.5057142857142857,0.4,0.2057142857142857,0.6371428571428571,0.5571428571428572,0.6628571428571428,0.5142857142857142,4.365020790454487,5.243856444320283,230,182,182,0,48,-0.03683872831456349,0.14285714285714285,0.4725274725274725,0.3901098901098901,0.23076923076923078,0.5714285714285714,0.521978021978022,0.7087912087912088,0.510989010989011,5.028545703326705,5.528617324080625,True,,405,47,-0.03610741742939807,0.024535504053494608,0.06064292148289267,0.10108989101089891,ok,141,0,-0.0014321698491517182,0.6224377562243776,316,34,-0.058886874265470394,-0.05278846729416141,0.006098406971308985,0.4492753623188406,ok,110,0,-0.006338796181296985,0.9095452273863068,156,26,-0.032908720845382884,-0.060418773129647135,-0.02751005228426425,,insufficient,63,0,-0.0026254732972140343,0.6736631684157921,216,236,-0.020857266724762007,-0.037987990490861795,0.017130723766099788,0.2628737126287371,ok,141,0,-0.0007101234829941724,0.6244375562443756,173,177,-0.03365536843343564,-0.08237673116895913,0.048721362735523494,0.029985007496251874,ok,110,0,0.000732652860884829,0.3893053473263368,96,86,-0.05791587159557862,-0.013310754419476835,-0.044605117176101786,0.8845577211394303,ok,63,0,-0.0036108595968234493,0.8085957021489255,273,179,-0.012201690365154177,-0.05664398826092114,-0.04444229789576696,0.9653034696530347,ok,141,0,-0.010937194944315609,1.0,210,140,-0.05567088100707887,-0.062229822460025515,-0.006558941452946644,0.568215892053973,ok,110,0,-0.0037867120198740653,0.9515242378810594,111,71,-0.01230773888788131,-0.07518999347458773,-0.06288225458670642,0.9560219890054973,ok,63,0,-0.013903275165194521,1.0,372,80,-0.03173269148414784,-0.020822176703612225,0.010910514780535615,0.41535846415358463,ok,141,0,-0.001340681180744402,0.6561343865613438,278,72,-0.06062288235492019,-0.04930415085031001,0.011318731504610186,0.37881059470264866,ok,110,0,-0.004023747616625883,0.8750624687656172,140,42,-0.01289610328836069,-0.11664747840190616,-0.10375137511354547,0.968015992003998,ok,63,0,0.007091831958621751,0.05847076461769116,0.10108989101089891,23.0,1.0,False,False,no data,False,False,False,0.2628737126287371,88.0,1.0,False,False,opposite sign,False,False,False,0.9653034696530347,481.0,1.0,False,False,same sign,False,False,False,0.41535846415358463,139.0,1.0,False,False,opposite sign,False,False,False
N08_ICHI_WR,1h,256,180,180,0,76,-0.01678494573738137,0.1111111111111111,0.4888888888888889,0.39444444444444443,0.17222222222222222,0.6555555555555556,0.5055555555555555,0.7333333333333333,0.48333333333333334,4.378918459641575,5.58832260217567,196,165,165,0,31,-0.030376017799368302,0.10909090909090909,0.4909090909090909,0.3575757575757576,0.18181818181818182,0.6484848484848484,0.503030303030303,0.7333333333333333,0.47878787878787876,4.412257138222662,5.697424086550491,82,47,47,0,35,-0.07076431545925298,0.0851063829787234,0.5319148936170213,0.48936170212765956,0.10638297872340426,0.6595744680851063,0.5106382978723404,0.6170212765957447,0.574468085106383,4.29238334341623,5.397158016235396,False,period-1 signals 256 < 300,160,20,-0.021995617705982372,0.024900430011426684,0.04689604771740906,,insufficient,97,0,0.004583280603203805,0.23257674232576742,147,18,-0.03237654215225635,-0.014038402250782579,0.018338139901473767,,insufficient,86,0,-0.0029401843281673043,0.6681659170414792,43,4,-0.08819866050329421,0.11665489376419053,0.20485355426748475,,insufficient,32,0,0.01282193987355051,0.0864567716141929,92,88,-0.0006035694135470574,-0.0337018391668445,0.033098269753297445,0.24787521247875213,ok,97,0,-0.004403780857371184,0.9101089891010898,84,81,-0.015045670068090525,-0.04627415618736006,0.03122848611926954,0.23088455772113944,ok,86,0,-0.0027782823291678735,0.7851074462768616,22,25,-0.043976754445110774,-0.0943373691516981,0.05036061470658733,,insufficient,32,0,-0.0072832704579966,0.8845577211394303,109,71,0.03466517731071361,-0.09577175436051309,-0.13043693167122672,0.9986001399860014,ok,97,0,-0.012497077107289235,0.9999000099990001,106,59,-0.03877336286495496,-0.015289262257805818,0.023484100607149144,0.26686656671664166,ok,86,0,-0.0032872420924423967,0.8100949525237381,24,23,0.027641863163078904,-0.17344902358690364,-0.20109088674998254,,insufficient,32,0,-0.015653490876620692,0.9975012493753124,149,31,-0.006398423935461711,-0.0667072602046726,-0.060308836269210894,0.8569143085691431,ok,97,0,-0.0006718536017158577,0.5652434756524347,135,30,-0.017237035380793443,-0.08950143868295515,-0.07226440330216172,0.9330334832583708,ok,86,0,0.004184077942409298,0.18940529735132433,42,5,-0.06206637587595552,-0.14382700795895148,-0.08176063208299596,,insufficient,32,0,0.004264030689985137,0.30184907546226886,,,,,,,,,,,,,,,,,,,,,,,,,,,,,,,,,,,,
N08_ICHI_WR,4h,56,13,13,0,43,-0.04620190046342197,0.07692307692307693,0.38461538461538464,0.46153846153846156,0.15384615384615385,0.5384615384615384,0.46153846153846156,0.7692307692307693,0.46153846153846156,5.303016816335037,6.050233898070014,37,4,4,0,33,0.0851535487652915,0.25,0.5,0.0,0.0,0.75,0.0,1.0,0.75,4.023743669595071,10.0,16,0,0,0,16,,,,,,,,,,,,False,period-1 signals 56 < 300,12,1,-0.07241867977861016,0.2683994513188363,0.34081813109744646,,insufficient,10,0,0.05763643810056719,0.0015998400159984002,3,1,0.17941424023198746,-0.19762852563479635,-0.3770427658667838,,insufficient,4,0,-0.010029116923339174,0.6336831584207896,0,0,,,,,insufficient,0,0,0.05536243173724527,0.1889055472263868,8,5,-0.15825855324736668,0.1330887439908896,-0.29134729723825625,,insufficient,10,0,-0.012760416278983208,0.8824117588241176,2,2,0.03829954534786188,0.13200755218272112,-0.09370800683485923,,insufficient,4,0,0.0011712290754151526,0.4682658670664668,0,0,,,,,insufficient,0,0,-0.06230229427764466,0.984007996001999,7,6,-0.151490198820071,0.07663444761933526,0.22812464643940628,,insufficient,10,0,-0.005119546356125694,0.6737326267373263,4,0,0.08515354876529149,,,,insufficient,4,0,0.00019581846093073493,0.504247876061969,0,0,,,,,insufficient,0,0,-0.031677646497275155,0.8195902048975512,11,2,-0.04615002486229218,-0.04648721626963577,-0.00033719140734359,,insufficient,10,0,0.012735496657857136,0.24807519248075194,4,0,0.08515354876529149,,,,insufficient,4,0,0.007998923172499516,0.3918040979510245,0,0,,,,,insufficient,0,0,0.003913320455397971,0.4497751124437781,,,,,,,,,,,,,,,,,,,,,,,,,,,,,,,,,,,,
N09_ALLIG_AROON,5m,24303,24187,24187,0,116,-0.06306311315408135,0.2474883201719932,0.2672923471286228,0.30123620126514244,0.5393806590317113,0.2776698226319924,0.7632199115227188,0.5664613221978749,0.49849092487700003,7.371636924046262,4.199738546487851,18442,18406,18405,1,36,-0.06560498874957407,0.24009779951100244,0.3113284433577832,0.3333333333333333,0.5043738114642761,0.32045639771801143,0.7571855474055963,0.5737027981526759,0.5054061396359685,6.950415437759602,4.15055789106456,10781,10567,10567,0,214,-0.048055994205144434,0.24690072868363774,0.20308507618056212,0.22645973313144696,0.5799186145547459,0.21510362449134096,0.7475158512349768,0.5969527775149049,0.49891170625532316,7.981736533690215,4.517410296806174,True,,18201,5986,-0.0647579201034708,-0.05790989209062708,0.006848028012843718,0.030996900309969003,ok,153,0,0.0011849921836956656,0.38096190380961903,13986,4419,-0.0656521119751776,-0.06545584518014862,0.00019626679502898758,0.4687656171914043,ok,118,0,0.0013760361033146457,0.37681159420289856,7958,2609,-0.0483610634342022,-0.04712546874525878,0.0012355946889434158,0.4147926036981509,ok,79,0,0.004301800877892281,0.16041979010494753,17722,6465,-0.0635577971237744,-0.061707074590910405,-0.001850722532864002,0.6747325267473253,ok,153,0,0.0005069392753097729,0.37196280371962803,12675,5730,-0.06717193104127388,-0.06213884676924334,-0.005033084272030537,0.8850574712643678,ok,118,0,0.0038269698774358596,0.0024987506246876563,8421,2146,-0.04899742720101256,-0.044361769014927485,-0.004635658186085072,0.7946026986506747,ok,79,0,-0.0014143883825450052,0.7521239380309845,16901,7286,-0.06148201352722452,-0.06673071743537523,-0.005248703908150708,0.9512048795120488,ok,153,0,-0.008358487785678013,1.0,12270,6135,-0.06527082133822765,-0.06627332357226694,-0.0010025022340392903,0.6336831584207896,ok,118,0,-0.007818024480691688,1.0,8174,2393,-0.047404771623979096,-0.05028043773980611,-0.0028756661158270136,0.6781609195402298,ok,79,0,-0.005758733441308124,1.0,11141,13046,-0.06444772210293333,-0.061880687253486534,0.0025670348494467934,0.2111788821117888,ok,153,0,-0.002864664691653189,0.9302069793020697,9122,9283,-0.06300651369793567,-0.06815839706811826,-0.005151883370182589,0.9155422288855573,ok,118,0,0.0003611309442502486,0.408295852073963,4439,6128,-0.050718967709508955,-0.04612698973617019,0.004591977973338768,0.16941529235382308,ok,79,0,0.002003895635624149,0.22588705647176413,0.030996900309969003,8.0,1.0,False,False,same sign,False,False,False,0.6747325267473253,262.0,1.0,False,False,same sign,False,False,False,0.9512048795120488,462.0,1.0,False,False,same sign,False,False,False,0.2111788821117888,62.0,1.0,False,False,same sign,False,False,False
N09_ALLIG_AROON,15m,8817,8556,8556,0,261,-0.04510108920586809,0.2591164095371669,0.25303880317905564,0.2923094904160823,0.5376344086021505,0.26297335203366057,0.7466105656848995,0.6573165030388032,0.5026881720430108,7.51238269411096,4.33585760526729,6578,6500,6500,0,78,-0.04714144343567336,0.24446153846153845,0.2784615384615385,0.3009230769230769,0.5156923076923077,0.28784615384615386,0.7403076923076923,0.6596923076923077,0.4869230769230769,7.268840765625201,4.322898005428043,3696,3339,3339,0,357,-0.031011490315837473,0.255465708295897,0.20904462413896377,0.25097334531296794,0.5630428271937706,0.2168313866427074,0.7352500748727164,0.6855345911949685,0.4968553459119497,7.963241256351398,4.541865021967903,True,,6339,2217,-0.04568155635712574,-0.04344137731059417,0.002240179046531565,0.384961503849615,ok,153,0,-0.0047455316419545285,0.8665133486651335,4911,1589,-0.047669701350968714,-0.04550879735510979,0.002160903995858922,0.3803098450774613,ok,118,0,0.0012366761336688736,0.40929535232383807,2486,853,-0.03630423231029983,-0.01558621880559896,0.020718013504700872,0.04297851074462768,ok,79,0,-0.0022732292771020166,0.6786606696651675,6391,2165,-0.045257635668077764,-0.04463896983405193,-0.0006186658340258319,0.5227477252274773,ok,153,0,-0.0023889796741096286,0.9211078892110789,4690,1810,-0.049777131142149905,-0.040311954295687145,-0.00946517684646276,0.9175412293853074,ok,118,0,0.002500904127473502,0.12693653173413294,2641,698,-0.03432045161180695,-0.01849148059856617,-0.015828971013240777,0.9140429785107447,ok,79,0,-0.003685220480004109,0.9070464767616192,6055,2501,-0.04088008479585189,-0.0553202742129245,-0.014440189417072612,0.9775022497750225,ok,153,0,-0.007927745541616002,1.0,4544,1956,-0.044099802476515376,-0.05420750505040436,-0.010107702573888981,0.9345327336331835,ok,118,0,-0.009639461603640882,1.0,2501,838,-0.034540258008859584,-0.020479929456352616,0.014060328552506968,0.11144427786106946,ok,79,0,-0.009875791482492936,1.0,3956,4600,-0.043542353319793455,-0.046441602067892274,-0.002899248748098819,0.664933506649335,ok,153,0,-0.003785893589146369,0.9462053794620537,3148,3352,-0.04513624944343322,-0.04902460294867216,-0.003888353505238945,0.7146426786606697,ok,118,0,-0.000501696013396967,0.5677161419290355,1459,1880,-0.0325332754543081,-0.02983048791316265,0.0027027875411454495,0.40679660169915044,ok,79,0,-0.0016105893487045678,0.670664667666167,0.384961503849615,124.0,1.0,False,False,same sign,False,False,False,0.5227477252274773,187.0,1.0,False,False,same sign,False,False,False,0.9775022497750225,500.0,1.0,False,False,opposite sign,False,False,False,0.664933506649335,256.0,1.0,False,False,opposite sign,False,False,False
N09_ALLIG_AROON,30m,4529,4144,4144,0,385,-0.036502561560463685,0.2557915057915058,0.25386100386100385,0.27557915057915056,0.5333011583011583,0.26375482625482627,0.742519305019305,0.6954633204633205,0.4980694980694981,7.507894885386408,4.392323248435107,3318,3149,3149,0,169,-0.03581341197376849,0.2489679263258177,0.24706255954271197,0.2810416005080978,0.5354080660527152,0.2591298825023817,0.7307081613210543,0.7043505874880914,0.5046046363925055,7.5599392552296845,4.444086240951266,1795,1381,1381,0,414,-0.03667329555380723,0.27516292541636495,0.21506154960173787,0.2614047791455467,0.6053584359160029,0.22447501810282405,0.7871107892831282,0.6980448950036205,0.4945691527878349,7.902267758194715,4.184045508655621,True,,3084,1060,-0.03382631032786085,-0.04428893778814966,-0.01046262746028881,0.8480151984801519,ok,153,0,-0.0014321698491517182,0.6224377562243776,2365,784,-0.04119360922492551,-0.019583607765877756,0.02161000145904775,0.017991004497751123,ok,118,0,-0.006338796181296985,0.9095452273863068,1001,380,-0.03496927875132822,-0.04116203455191639,-0.006192755800588166,0.6436781609195402,ok,77,0,-0.0026254732972140343,0.6736631684157921,3092,1052,-0.034206003452509216,-0.043252521322626414,0.009046517870117197,0.16428357164283572,ok,153,0,-0.0007101234829941724,0.6244375562443756,2371,778,-0.034594222626377444,-0.039528962028606764,0.00493473940222932,0.31334332833583206,ok,118,0,0.000732652860884829,0.3893053473263368,1084,297,-0.0397978842540157,-0.02526907282308001,-0.014528811430935692,0.7811094452773614,ok,77,0,-0.0036108595968234493,0.8085957021489255,3002,1142,-0.03315821643226932,-0.04529391364000789,-0.01213569720773857,0.8978102189781022,ok,153,0,-0.010937194944315609,1.0,2264,885,-0.03175150042705605,-0.046204561964454334,-0.014453061537398282,0.9370314842578711,ok,118,0,-0.0037867120198740653,0.9515242378810594,1020,361,-0.031128192665873643,-0.05234089928148663,-0.021212706615612986,0.8445777111444278,ok,77,0,-0.013903275165194521,1.0,1934,2210,-0.03884340591510651,-0.034454057948753634,0.0043893479663528745,0.30216978302169784,ok,153,0,-0.001340681180744402,0.6561343865613438,1463,1686,-0.03619294839085424,-0.03548407521327236,0.0007088731775818785,0.4852573713143428,ok,118,0,-0.004023747616625883,0.8750624687656172,545,836,-0.03483255232516222,-0.03787330160597414,-0.0030407492808119177,0.5732133933033483,ok,77,0,0.007091831958621751,0.05847076461769116,0.8480151984801519,370.0,1.0,False,False,same sign,False,False,False,0.16428357164283572,45.0,1.0,False,False,opposite sign,False,False,False,0.8978102189781022,414.0,1.0,False,False,same sign,False,False,False,0.30216978302169784,100.0,1.0,False,False,opposite sign,False,False,False
N09_ALLIG_AROON,1h,2258,1702,1702,0,556,-0.022312884372422417,0.25323149236192716,0.25499412455934195,0.282021151586369,0.54524089306698,0.26498237367802585,0.7591069330199764,0.7309048178613397,0.490599294947121,7.498934509254017,4.294278529318251,1564,1303,1303,0,261,-0.04080363090934912,0.2624712202609363,0.2555640828856485,0.261703760552571,0.5211051419800461,0.26554105909439757,0.7344589409056025,0.7206446661550269,0.47735993860322334,7.48427263870503,4.480665265140153,903,493,493,0,410,-0.042554464701085155,0.24543610547667344,0.23935091277890466,0.3002028397565923,0.5436105476673428,0.25963488843813387,0.768762677484787,0.7302231237322515,0.5233265720081136,7.579201939374712,4.206264482135659,True,,1271,431,-0.013199889976790405,-0.04918670311220964,-0.03598681313541924,0.9704029597040296,ok,150,0,0.004583280603203805,0.23257674232576742,961,342,-0.04803407539511211,-0.02048650473736596,0.027547570657746153,0.07646176911544228,ok,114,0,-0.0029401843281673043,0.6681659170414792,372,121,-0.046622474202951174,-0.03004785697634003,0.016574617226611143,0.2978510744627686,ok,69,0,0.01282193987355051,0.0864567716141929,1268,434,-0.027535068220915938,-0.007055444004012776,-0.02047962421690316,0.8667133286671332,ok,150,0,-0.004403780857371184,0.9101089891010898,970,333,-0.03520518646971251,-0.05711141200979208,0.021906225540079566,0.12193903048475763,ok,114,0,-0.0027782823291678735,0.7851074462768616,375,118,-0.03662597936233977,-0.06139499014201331,0.024769010779673535,0.18640679660169915,ok,69,0,-0.0072832704579966,0.8845577211394303,1222,480,-0.018689380393173353,-0.031537721586260656,-0.012848341193087302,0.7876212378762124,ok,150,0,-0.012497077107289235,0.9999000099990001,962,341,-0.03568301443444181,-0.05524947562741608,-0.01956646119297427,0.8385807096451774,ok,114,0,-0.0032872420924423967,0.8100949525237381,345,148,-0.03280262614405275,-0.06528679106714044,-0.03248416492308769,0.88055972013993,ok,69,0,-0.015653490876620692,0.9975012493753124,774,928,-0.008875379245425686,-0.03352045869170633,-0.02464507944628064,0.9513048695130487,ok,150,0,-0.0006718536017158577,0.5652434756524347,624,679,-0.0431410818072637,-0.03865551697665591,0.004485564830607788,0.40729635182408797,ok,114,0,0.004184077942409298,0.18940529735132433,225,268,-0.03759300588184849,-0.046719868560518914,-0.009126862678670425,0.6306846576711644,ok,69,0,0.004264030689985137,0.30184907546226886,0.9704029597040296,490.0,1.0,False,False,opposite sign,False,False,False,0.8667133286671332,388.0,1.0,False,False,opposite sign,False,False,False,0.7876212378762124,326.0,1.0,False,False,same sign,False,False,False,0.9513048695130487,463.0,1.0,False,False,same sign,False,False,False
N09_ALLIG_AROON,4h,528,105,105,0,423,-0.022239249646371525,0.3142857142857143,0.20952380952380953,0.2857142857142857,0.6,0.23809523809523808,0.7904761904761904,0.7523809523809524,0.6285714285714286,7.812900310686592,4.020779963559265,385,73,72,1,312,0.005061173406682156,0.16666666666666666,0.2916666666666667,0.3472222222222222,0.5,0.3472222222222222,0.8055555555555556,0.8194444444444444,0.5833333333333334,6.823165215932225,3.885538961760543,210,25,25,0,185,-0.16768504541577664,0.16,0.16,0.2,0.64,0.16,0.76,0.6,0.64,8.450030668119888,4.42181998547112,True,,72,33,-0.03889418993402339,0.014098801890323453,0.052992991824346844,0.21927807219278073,ok,56,0,0.05763643810056719,0.0015998400159984002,60,12,-0.02367302730264128,0.14873217695329935,0.17240520425594064,,insufficient,39,0,-0.010029116923339174,0.6336831584207896,21,4,-0.16751099613331513,-0.16859880414869938,-0.001087808015384245,,insufficient,13,0,0.05536243173724527,0.1889055472263868,83,22,-0.030612728208198218,0.00935160129142914,-0.03996432949962736,,insufficient,56,0,-0.012760416278983208,0.8824117588241176,51,21,0.03891667908447178,-0.07715934038223547,0.11607601946670726,,insufficient,39,0,0.0011712290754151526,0.4682658670664668,21,4,-0.11796064028634005,-0.4287381723453188,0.31077753205897873,,insufficient,13,0,-0.06230229427764466,0.984007996001999,75,30,-0.04324260382343566,0.030269135796288774,0.07351173961972443,0.12988701129887012,ok,56,0,-0.005119546356125694,0.6737326267373263,47,25,0.004038018736563856,0.006984704186504582,0.0029466854499407263,,insufficient,39,0,0.00019581846093073493,0.504247876061969,20,5,-0.11579290198455301,-0.3752536191406711,-0.2594607171561181,,insufficient,13,0,-0.031677646497275155,0.8195902048975512,42,63,0.020558016176748645,-0.05077076019511831,-0.07132877637186695,0.8784121587841216,ok,56,0,0.012735496657857136,0.24807519248075194,36,36,-0.005672869764240574,0.015795216577604895,0.02146808634184547,0.41629185407296354,ok,39,0,0.007998923172499516,0.3918040979510245,9,16,-0.16155603665882629,-0.17113261284156117,-0.009576576182734886,,insufficient,13,0,0.003913320455397971,0.4497751124437781,0.21927807219278073,65.0,1.0,False,False,no data,False,False,True,1.0,564.0,1.0,False,False,no data,False,False,False,0.12988701129887012,33.0,1.0,False,False,no data,False,False,False,0.8784121587841216,396.0,1.0,False,False,no data,False,False,False
N10_HA_PSAR,5m,69403,68989,68989,0,414,-0.05909596255256136,0.14697995332589253,0.4283871341808114,0.26307092435025875,0.29043760599515867,0.5636405803823799,0.5814695096319703,0.5743669280609952,0.5146617576715129,5.1254923941546995,5.599622034495711,51189,51056,51054,2,133,-0.061595788499367164,0.13377991930113214,0.4401026364241783,0.26428879225917656,0.2852078191718572,0.5716496258863164,0.5722176518979903,0.5754691111372272,0.5360598581893681,5.044119196658507,5.671294336993359,35570,34566,34566,0,1004,-0.049827154465771316,0.16209570097783949,0.4077706416710062,0.23922351443615114,0.3123589654573859,0.5372041890875426,0.6022391945842736,0.5949777237748076,0.520048602673147,5.370160782283824,5.53541958346821,True,,58849,10140,-0.05898148577344251,-0.05976034558750862,-0.000778859814066106,0.6203379662033797,ok,153,0,0.0011849921836956656,0.38096190380961903,44224,6830,-0.06218914502883092,-0.057753826689849616,0.004435318338981302,0.09495252373813093,ok,118,0,0.0013760361033146457,0.37681159420289856,28963,5603,-0.0498960998981958,-0.049470762076103174,0.00042533782209262794,0.43928035982008995,ok,79,0,0.004301800877892281,0.16041979010494753,39435,29554,-0.060080675081891,-0.05778202404697448,-0.00229865103491652,0.8482151784821518,ok,153,0,0.0005069392753097729,0.37196280371962803,28585,22469,-0.06303198618669119,-0.05976866175175234,-0.003263324434938847,0.8975512243878061,ok,118,0,0.0038269698774358596,0.0024987506246876563,20471,14095,-0.05329369449988672,-0.044792493874187274,-0.008501200625699444,0.9970014992503748,ok,79,0,-0.0014143883825450052,0.7521239380309845,50840,18149,-0.0581994076540047,-0.06160744258135745,-0.0034080349273527474,0.963003699630037,ok,153,0,-0.008358487785678013,1.0,37561,13493,-0.06089038277496163,-0.06355945443091657,-0.0026690716559549382,0.856071964017991,ok,118,0,-0.007818024480691688,1.0,26297,8269,-0.04853610422954898,-0.053932940904511,-0.005396836674962019,0.9635182408795602,ok,79,0,-0.005758733441308124,1.0,48952,20037,-0.05877447958503735,-0.05988137125776851,-0.0011068916727311612,0.679032096790321,ok,153,0,-0.002864664691653189,0.9302069793020697,36493,14561,-0.06014904280211085,-0.06522164460334175,-0.005072601801230897,0.9685157421289355,ok,118,0,0.0003611309442502486,0.408295852073963,23769,10797,-0.04961095358608315,-0.050303108778016185,-0.0006921551919330388,0.5827086456771614,ok,79,0,0.002003895635624149,0.22588705647176413,0.6203379662033797,233.0,1.0,False,False,opposite sign,False,False,False,0.8482151784821518,371.0,1.0,False,False,same sign,False,False,False,0.963003699630037,476.0,1.0,False,False,same sign,False,False,False,0.679032096790321,266.0,1.0,False,False,same sign,False,False,False
N10_HA_PSAR,15m,22496,21696,21696,0,800,-0.04285595653832949,0.1559273598820059,0.42136799410029496,0.26189159292035397,0.300101401179941,0.5482116519174042,0.5920907079646017,0.6631637168141593,0.521570796460177,5.258783017217314,5.525338122291198,16911,16634,16632,2,277,-0.04832961365172483,0.1412938912938913,0.43434343434343436,0.27116402116402116,0.2908249158249158,0.5631914381914382,0.576960076960077,0.6562650312650312,0.5419071669071669,5.125782180609947,5.609131910043962,11590,10255,10255,0,1335,-0.03828473549593201,0.15933690882496343,0.40331545587518286,0.2597757191613847,0.31701608971233547,0.529205265724037,0.6196001950268162,0.668259385665529,0.5250121891760117,5.436246842720454,5.388568295802837,True,,18313,3383,-0.04283470332635824,-0.04297100533254454,-0.00013630200618629934,0.5085491450854914,ok,153,0,-0.0047455316419545285,0.8665133486651335,14282,2350,-0.048272712011744275,-0.048675430342023596,-0.0004027183302793211,0.5272363818090955,ok,118,0,0.0012366761336688736,0.40929535232383807,8621,1634,-0.03781078742364317,-0.040785290166190355,-0.0029745027425471873,0.6326836581709145,ok,79,0,-0.0022732292771020166,0.6786606696651675,12554,9142,-0.046252282930222474,-0.03819204475493151,-0.008060238175290967,0.9785021497850215,ok,153,0,-0.0023889796741096286,0.9211078892110789,9408,7224,-0.04998405696927519,-0.046174989796310385,-0.0038090671729648015,0.8235882058970515,ok,118,0,0.002500904127473502,0.12693653173413294,6119,4136,-0.038440241169670056,-0.038054672822430295,-0.0003855683472397606,0.5247376311844077,ok,79,0,-0.003685220480004109,0.9070464767616192,16014,5682,-0.04202600165194555,-0.045195079655287004,-0.003169078003341451,0.7612238776122388,ok,153,0,-0.007927745541616002,1.0,12122,4510,-0.04741071480359944,-0.050799434458149634,-0.003388719654550197,0.7571214392803598,ok,118,0,-0.009639461603640882,1.0,7591,2664,-0.040209927094179546,-0.03279895117825293,0.0074109759159266125,0.10844577711144428,ok,79,0,-0.009875791482492936,1.0,15185,6511,-0.04037286293609895,-0.04864704490415209,-0.008274181968053136,0.9647035296470353,ok,153,0,-0.003785893589146369,0.9462053794620537,11795,4837,-0.048220492391307816,-0.048595705292539086,-0.00037521290123126994,0.5367316341829086,ok,118,0,-0.000501696013396967,0.5677161419290355,7004,3251,-0.040471470409669794,-0.033573603125639985,0.006897867284029809,0.16741629185407297,ok,79,0,-0.0016105893487045678,0.670664667666167,0.5085491450854914,182.0,1.0,False,False,same sign,False,False,False,0.9785021497850215,502.0,1.0,False,False,same sign,False,False,False,0.7612238776122388,309.0,1.0,False,False,opposite sign,False,False,False,0.9647035296470353,480.0,1.0,False,False,opposite sign,False,False,False
N10_HA_PSAR,30m,10820,9643,9643,0,1177,-0.038751466257870085,0.1558643575650731,0.4295343772684849,0.2756403608835425,0.2950326661827232,0.5513844239344602,0.611116872342632,0.6961526495903765,0.526599605931764,5.228575174464329,5.405029154902085,8346,7849,7849,0,497,-0.03805542900359556,0.14027264619696778,0.42757039113262835,0.2709899350235699,0.2959612689514588,0.5542107274812078,0.5909032997834119,0.6956300165626195,0.5278379411389986,5.20613468184503,5.521309134566411,5219,3841,3841,0,1378,-0.03482411388982362,0.17183025253840145,0.405363186670138,0.27206456651913563,0.32647747982296277,0.5193959906274408,0.640458214006769,0.6998177557927623,0.5308513407966675,5.4862258177614285,5.211403514689576,True,,8140,1503,-0.0389764923815125,-0.03753276190228182,0.0014437304792306732,0.43775622437756223,ok,153,0,-0.0014321698491517182,0.6224377562243776,6748,1101,-0.03705701678624064,-0.044174671185894396,-0.007117654399653756,0.750624687656172,ok,118,0,-0.006338796181296985,0.9095452273863068,3181,660,-0.031825253587897485,-0.049277711799561585,-0.0174524582116641,0.9025487256371814,ok,79,0,-0.0026254732972140343,0.6736631684157921,5501,4142,-0.045866798075828316,-0.029301577235516588,-0.01656522084031173,0.9976002399760024,ok,153,0,-0.0007101234829941724,0.6244375562443756,4493,3356,-0.040917675306480016,-0.034223464570085474,-0.006694210736394542,0.8525737131434283,ok,118,0,0.000732652860884829,0.3893053473263368,2284,1557,-0.03710448700049685,-0.031478980823171326,-0.005625506177325525,0.697151424287856,ok,79,0,-0.0036108595968234493,0.8085957021489255,6985,2658,-0.03794668222593884,-0.04086637087150429,-0.002919688645565452,0.6785321467853215,ok,153,0,-0.010937194944315609,1.0,5722,2127,-0.03627845645187466,-0.04283579427907607,-0.006557337827201408,0.8320839580209896,ok,118,0,-0.0037867120198740653,0.9515242378810594,2796,1045,-0.03572361047219285,-0.03241742255556109,0.0033061879166317587,0.33883058470764615,ok,79,0,-0.013903275165194521,1.0,6798,2845,-0.035528605749887046,-0.046452347007700914,-0.010923741257813868,0.9671032896710329,ok,153,0,-0.001340681180744402,0.6561343865613438,5526,2323,-0.03510266928686615,-0.04507951432199708,-0.009976845035130931,0.9035482258870565,ok,118,0,-0.004023747616625883,0.8750624687656172,2587,1254,-0.02925034017794908,-0.04632280016782956,-0.01707245998988048,0.9335332333833083,ok,79,0,0.007091831958621751,0.05847076461769116,0.43775622437756223,151.0,1.0,False,False,opposite sign,False,False,False,0.9976002399760024,537.0,1.0,False,False,same sign,False,False,False,0.6785321467853215,264.0,1.0,False,False,opposite sign,False,False,False,0.9671032896710329,483.0,1.0,False,False,same sign,False,False,False
N10_HA_PSAR,1h,5217,3758,3758,0,1459,-0.029547735742162233,0.16631186801490155,0.41511442256519426,0.2927088877062267,0.3065460351250665,0.5380521554018095,0.6314529004789782,0.7301756253326237,0.5250133049494412,5.339565844993577,5.2058200542292665,4290,3462,3462,0,828,-0.036726479542807576,0.15655690352397458,0.42345465049104564,0.2703639514731369,0.30444829578278454,0.548526863084922,0.6045638359329867,0.7241478913922588,0.5395725014442518,5.269650275372452,5.445834263148316,2679,1341,1341,0,1338,-0.003103499413168444,0.17225950782997762,0.4079045488441462,0.3117076808351976,0.32736763609246833,0.5316927665920954,0.668903803131991,0.7636092468307233,0.5272184936614467,5.398834485923477,4.953045512255938,True,,3133,625,-0.026312763478943447,-0.04576400470322535,-0.019451241224281903,0.922107789221078,ok,152,0,0.004583280603203805,0.23257674232576742,2920,542,-0.04105768493400051,-0.013392310276602091,0.02766537465739842,0.02948525737131434,ok,118,0,-0.0029401843281673043,0.6681659170414792,1110,231,-0.005769351534772388,0.009706439352980384,0.01547579088775277,0.2563718140929535,ok,73,0,0.01282193987355051,0.0864567716141929,2198,1560,-0.042411218072609204,-0.011423418971442723,-0.03098779910116648,0.9985001499850015,ok,152,0,-0.004403780857371184,0.9101089891010898,1996,1466,-0.03487559647839739,-0.039246508599125936,0.004370912120728543,0.3313343328335832,ok,118,0,-0.0027782823291678735,0.7851074462768616,794,547,-0.0041572010161935865,-0.0015739947096913684,-0.002583206306502218,0.56071964017991,ok,73,0,-0.0072832704579966,0.8845577211394303,2658,1100,-0.03146789702070998,-0.024907927852725963,0.006559969167984014,0.294970502949705,ok,152,0,-0.012497077107289235,0.9999000099990001,2526,936,-0.028236555276896707,-0.05963839054247727,-0.03140183526558056,0.9980009995002499,ok,118,0,-0.0032872420924423967,0.8100949525237381,923,418,-0.016979954930350323,0.0275375734154413,0.04451752834579162,0.010994502748625687,ok,73,0,-0.015653490876620692,0.9975012493753124,2606,1152,-0.019754282916757133,-0.051702022255188,-0.03194773933843087,0.9981001899810019,ok,152,0,-0.0006718536017158577,0.5652434756524347,2408,1054,-0.03955195137619617,-0.030271321881707263,0.00928062949448891,0.19590204897551225,ok,118,0,0.004184077942409298,0.18940529735132433,902,439,-0.0014068899664854103,-0.00658947144257186,-0.005182581476086449,0.5912043978010995,ok,73,0,0.004264030689985137,0.30184907546226886,0.922107789221078,429.0,1.0,False,False,opposite sign,False,False,False,0.9985001499850015,541.0,1.0,False,False,same sign,False,False,False,0.294970502949705,99.0,1.0,False,False,same sign,False,False,False,0.9981001899810019,539.0,1.0,False,False,same sign,False,False,False
N10_HA_PSAR,4h,1278,193,193,0,1085,-0.014348811635702502,0.18652849740932642,0.47150259067357514,0.3160621761658031,0.3160621761658031,0.5492227979274611,0.6735751295336787,0.7772020725388601,0.5958549222797928,5.089656110284749,4.8493129748773365,961,165,165,0,796,-0.005037879847458177,0.19393939393939394,0.3939393939393939,0.2909090909090909,0.2909090909090909,0.503030303030303,0.5393939393939394,0.7575757575757576,0.48484848484848486,5.657330862651336,5.821169207192848,529,33,33,0,496,-0.007119557001006918,0.3333333333333333,0.2727272727272727,0.2727272727272727,0.45454545454545453,0.36363636363636365,0.6666666666666666,0.7878787878787878,0.5151515151515151,6.763063110040323,5.089708950558125,True,,157,36,-0.03760380742270969,0.08706880887985655,0.12467261630256624,0.0301969803019698,ok,59,0,0.05763643810056719,0.0015998400159984002,133,32,0.008032644999459769,-0.05936224874246091,-0.06739489374192068,0.8365817091454273,ok,75,0,-0.010029116923339174,0.6336831584207896,22,11,-0.0786070821479011,0.13585549329278146,0.21446257544068256,,insufficient,16,0,0.05536243173724527,0.1889055472263868,102,91,-0.009023397600800925,-0.020317957037460303,0.011294559436659378,0.42195780421957807,ok,59,0,-0.012760416278983208,0.8824117588241176,100,65,0.002996607999268408,-0.017398630380883694,0.020395238380152104,0.36281859070464767,ok,75,0,0.0011712290754151526,0.4682658670664668,24,9,0.019318818890833218,-0.07762189271258063,0.09694071160341385,,insufficient,16,0,-0.06230229427764466,0.984007996001999,132,61,-0.014504465459794237,-0.014011986967176114,0.0004924784926181227,0.49835016498350165,ok,59,0,-0.005119546356125694,0.6737326267373263,117,48,-0.024302228940895506,0.041918971067795324,0.06622120000869083,0.13243378310844578,ok,75,0,0.00019581846093073493,0.504247876061969,24,9,-0.05194450236860352,0.11241363064591736,0.16435813301452087,,insufficient,16,0,-0.031677646497275155,0.8195902048975512,132,61,-0.014553484696034695,-0.013905912554327944,0.0006475721417067513,0.49325067493250674,ok,59,0,0.012735496657857136,0.24807519248075194,117,48,-0.003556846396201592,-0.008647898884896123,-0.005091052488694531,0.49825087456271866,ok,75,0,0.007998923172499516,0.3918040979510245,18,15,-0.12410159269562965,0.13325888583254036,0.25736047852817,,insufficient,16,0,0.003913320455397971,0.4497751124437781,0.0301969803019698,7.0,1.0,False,False,no data,False,False,True,0.42195780421957807,146.0,1.0,False,False,no data,False,False,False,0.49835016498350165,171.0,1.0,False,False,no data,False,False,False,0.49325067493250674,170.0,1.0,False,False,no data,False,False,False
N12_ICHI_AO,5m,25280,25192,25192,0,88,-0.06308002242934847,0.09733248650365195,0.3017227691330581,0.34820577961257543,0.6018180374722134,0.3399491902191172,0.912035566846618,0.5606144807875516,0.5055176246427437,6.908956070343377,3.1007091170240053,19181,19155,19155,0,26,-0.06378976879405822,0.09903419472722527,0.33103628295484205,0.3759331767162621,0.5839206473505613,0.36345601670582095,0.9128164969981728,0.5731662751239885,0.5152179587575045,6.666136321895559,3.0221903280706894,10927,10684,10684,0,243,-0.04780772541783277,0.11025833021340321,0.2539311119430925,0.25580307001123176,0.6467615125421191,0.29436540621490076,0.9129539498315238,0.5957506551853239,0.5294833395731936,7.346674173614196,3.3506583483377397,True,,22740,2452,-0.06367800417597065,-0.057534302642159064,0.006143701533811587,0.11798820117988201,ok,153,0,0.0011849921836956656,0.38096190380961903,17258,1897,-0.06457027827516038,-0.056689066303356565,0.00788121197180381,0.08895552223888056,ok,118,0,0.0013760361033146457,0.37681159420289856,9506,1178,-0.04823171332978891,-0.04438630853238694,0.0038454047974019676,0.31334332833583206,ok,79,0,0.004301800877892281,0.16041979010494753,17591,7601,-0.06278232488524957,-0.06376898407890033,0.000986659193650763,0.38936106389361064,ok,153,0,0.0005069392753097729,0.37196280371962803,12814,6341,-0.06369808263776988,-0.06397504972871818,0.0002769670909482935,0.4567716141929036,ok,118,0,0.0038269698774358596,0.0024987506246876563,7971,2713,-0.04665842895651274,-0.051184445688080456,0.004526016731567717,0.19590204897551225,ok,79,0,-0.0014143883825450052,0.7521239380309845,16420,8772,-0.061713832913024104,-0.06563734480258673,-0.0039235118895626295,0.8657134286571343,ok,153,0,-0.008358487785678013,1.0,11954,7201,-0.06094101392062604,-0.06851883638980999,-0.007577822469183947,0.9880059970014993,ok,118,0,-0.007818024480691688,1.0,7951,2733,-0.0479622534751344,-0.047358163550432375,0.0006040899247020254,0.44627686156921537,ok,79,0,-0.005758733441308124,1.0,10031,15161,-0.06369507251514264,-0.06267308572262718,0.0010219867925154585,0.3762623737626237,ok,153,0,-0.002864664691653189,0.9302069793020697,7970,11185,-0.06384300556977804,-0.06375183431909294,9.117125068509868e-05,0.48375812093953025,ok,118,0,0.0003611309442502486,0.408295852073963,3774,6910,-0.04934116934619819,-0.04697021204798454,0.002370957298213655,0.3233383308345827,ok,79,0,0.002003895635624149,0.22588705647176413,0.11798820117988201,27.0,1.0,False,False,same sign,False,False,False,0.38936106389361064,127.0,1.0,False,False,same sign,False,False,False,0.8657134286571343,386.0,1.0,False,False,opposite sign,False,False,False,0.3762623737626237,119.0,1.0,False,False,same sign,False,False,False
N12_ICHI_AO,15m,8502,8288,8288,0,214,-0.046467156954787626,0.10533301158301159,0.28957528957528955,0.3467664092664093,0.6078667953667953,0.3292712355212355,0.9044401544401545,0.6450289575289575,0.5067567567567568,7.016751613688117,3.148215470660896,6327,6252,6252,0,75,-0.04414417866359817,0.10204734484964811,0.3112603966730646,0.3568458093410109,0.5865323096609085,0.3498080614203455,0.9009916826615483,0.6652271273192578,0.5107165706973769,6.82389997000401,3.130765996530098,3811,3439,3439,0,372,-0.03973388529300682,0.1116603663855772,0.2660657167781332,0.27769700494329747,0.631578947368421,0.3102646118057575,0.9165455074149462,0.6597848211689444,0.5553940098865949,7.213628574316095,3.2267253957479998,True,,7415,873,-0.04651017365417036,-0.04610178602016791,0.00040838763400245087,0.47875212478752127,ok,153,0,-0.0047455316419545285,0.8665133486651335,5614,638,-0.043721576804678475,-0.04786281006794794,-0.004141233263269463,0.6336831584207896,ok,118,0,0.0012366761336688736,0.40929535232383807,3055,384,-0.04271041791073286,-0.016053397930629053,0.026657019980103804,0.08295852073963018,ok,79,0,-0.0022732292771020166,0.6786606696651675,5888,2400,-0.04964484934842527,-0.038671218282396586,-0.010973631066028687,0.9267073292670733,ok,153,0,-0.0023889796741096286,0.9211078892110789,4306,1946,-0.04398927634245871,-0.04448693785929525,0.0004976615168365423,0.46676661669165415,ok,118,0,0.002500904127473502,0.12693653173413294,2524,915,-0.046529005915228676,-0.02098974928154456,-0.025539256633684115,0.9890054972513743,ok,79,0,-0.003685220480004109,0.9070464767616192,5414,2874,-0.0438167344556348,-0.05145998486376933,-0.00764325040813453,0.8798120187981202,ok,153,0,-0.007927745541616002,1.0,4021,2231,-0.041394702914125114,-0.049099643472487076,-0.007704940558361961,0.8755622188905547,ok,118,0,-0.009639461603640882,1.0,2484,955,-0.04006486698769121,-0.03887298630913662,0.0011918806785545938,0.47176411794102946,ok,79,0,-0.009875791482492936,1.0,3250,5038,-0.04544591235036036,-0.04712595905172859,-0.0016800467013682319,0.5972402759724028,ok,153,0,-0.003785893589146369,0.9462053794620537,2585,3667,-0.043178130381583385,-0.04482518079313409,-0.0016470504115507073,0.6021989005497251,ok,118,0,-0.000501696013396967,0.5677161419290355,1267,2172,-0.027249938707917157,-0.047016187467642453,-0.019766248759725297,0.9785107446276862,ok,79,0,-0.0016105893487045678,0.670664667666167,0.47875212478752127,162.0,1.0,False,False,same sign,False,False,False,0.9267073292670733,432.0,1.0,False,False,same sign,False,False,False,0.8798120187981202,398.0,1.0,False,False,opposite sign,False,False,False,0.5972402759724028,222.0,1.0,False,False,same sign,False,False,False
N12_ICHI_AO,30m,4182,3857,3857,0,325,-0.03843459227563018,0.1164117189525538,0.31319678506611354,0.33679025149079594,0.5846512833808659,0.3466424682395644,0.8973295307233601,0.6865439460720767,0.5107596577651025,6.845603730170429,3.2443251310350365,3138,3005,3005,0,133,-0.041500928920004405,0.10848585690515807,0.3231281198003328,0.33377703826955074,0.5876871880199668,0.3584026622296173,0.9091514143094842,0.6861896838602329,0.5158069883527454,6.728790100456952,3.13401811593618,1688,1348,1348,0,340,-0.03617670276918519,0.1172106824925816,0.2707715133531157,0.2841246290801187,0.6416913946587537,0.30489614243323443,0.9146884272997032,0.6817507418397626,0.5771513353115727,7.217567237545138,3.2207363864946115,True,,3408,449,-0.037157853706417464,-0.04812529393237164,-0.010967440225954174,0.7532246775322468,ok,153,0,-0.0014321698491517182,0.6224377562243776,2679,326,-0.04281802181102462,-0.030677334272632736,0.012140687538391884,0.2028985507246377,ok,118,0,-0.006338796181296985,0.9095452273863068,1190,158,-0.03692118532055957,-0.03056952405946677,0.006351661261092798,0.3888055972013993,ok,79,0,-0.0026254732972140343,0.6736631684157921,2649,1208,-0.043273485276003894,-0.027823476747492776,-0.015450008528511118,0.9362063793620637,ok,153,0,-0.0007101234829941724,0.6244375562443756,2034,971,-0.037909048793185636,-0.049025011492557835,0.011115962699372199,0.13943028485757122,ok,118,0,0.000732652860884829,0.3893053473263368,983,365,-0.04577839533217247,-0.010317897866674237,-0.03546049746549823,0.9615192403798101,ok,79,0,-0.0036108595968234493,0.8085957021489255,2558,1299,-0.0328245210361693,-0.049481984292982686,-0.016657463256813387,0.9566043395660434,ok,153,0,-0.010937194944315609,1.0,2002,1003,-0.03989060993762243,-0.04471514487486852,-0.004824534937246092,0.6506746626686657,ok,118,0,-0.0037867120198740653,0.9515242378810594,965,383,-0.027404130455183105,-0.05827992021830275,-0.030875789763119645,0.952023988005997,ok,79,0,-0.013903275165194521,1.0,1602,2255,-0.03257444590431551,-0.04259776499706968,-0.010023319092754168,0.8463153684631537,ok,153,0,-0.001340681180744402,0.6561343865613438,1239,1766,-0.04051672608724626,-0.04219143136042758,-0.0016747052731813164,0.5702148925537232,ok,118,0,-0.004023747616625883,0.8750624687656172,483,865,-0.026303307792871187,-0.04168982389468769,-0.015386516101816506,0.8170914542728636,ok,79,0,0.007091831958621751,0.05847076461769116,0.7532246775322468,304.0,1.0,False,False,opposite sign,False,False,False,0.9362063793620637,443.0,1.0,False,False,same sign,False,False,False,0.9566043395660434,470.0,1.0,False,False,same sign,False,False,False,0.8463153684631537,368.0,1.0,False,False,same sign,False,False,False
N12_ICHI_AO,1h,2116,1632,1632,0,484,-0.030445727391526522,0.10723039215686274,0.29534313725490197,0.3431372549019608,0.6047794117647058,0.33578431372549017,0.9068627450980392,0.7242647058823529,0.5153186274509803,6.960380415762529,3.1968433463897945,1559,1287,1287,0,272,-0.0386492669353441,0.10411810411810411,0.2999222999222999,0.33255633255633255,0.5912975912975913,0.34965034965034963,0.916083916083916,0.7132867132867133,0.5446775446775447,6.859045502236687,3.1249452955655928,941,533,533,0,408,-0.01910603837979086,0.13883677298311445,0.2776735459662289,0.324577861163227,0.6285178236397748,0.3133208255159475,0.9118198874296435,0.7317073170731707,0.5609756097560976,7.1603447686654516,3.139382952166911,True,,1457,175,-0.03080954311111095,-0.027416701657614995,0.003392841453495953,0.45425457454254575,ok,148,0,0.004583280603203805,0.23257674232576742,1153,134,-0.04031522158893437,-0.024314597416018862,0.01600062417291551,0.2653673163418291,ok,118,0,-0.0029401843281673043,0.6681659170414792,459,74,-0.029318360638355835,0.0442379604942811,0.07355632113263694,0.047976011994003,ok,70,0,0.01282193987355051,0.0864567716141929,1150,482,-0.028366608838435257,-0.0354062799559559,0.00703967111752064,0.3090690930906909,ok,148,0,-0.004403780857371184,0.9101089891010898,901,386,-0.033747419286616995,-0.050091144478098336,0.01634372519148134,0.21489255372313842,ok,118,0,-0.0027782823291678735,0.7851074462768616,385,148,-0.014270887972522971,-0.031683963425724215,0.017413075453201244,0.3188405797101449,ok,70,0,-0.0072832704579966,0.8845577211394303,1072,560,-0.030338632295350058,-0.030650738004207184,-0.0003121057088571258,0.5070492950704929,ok,148,0,-0.012497077107289235,0.9999000099990001,859,428,-0.0339928158872195,-0.04799480770716428,-0.014001991819944777,0.783608195902049,ok,118,0,-0.0032872420924423967,0.8100949525237381,360,173,-0.016783875709328246,-0.023938284399250633,-0.007154408689922388,0.5867066466766616,ok,70,0,-0.015653490876620692,0.9975012493753124,645,987,-0.03729530464924572,-0.02596955988268267,0.011325744766563051,0.22047795220477953,ok,148,0,-0.0006718536017158577,0.5652434756524347,526,761,-0.03419841337978657,-0.04172567819713553,-0.007527264817348965,0.6496751624187906,ok,118,0,0.004184077942409298,0.18940529735132433,198,335,-0.03470397975030873,-0.009886956614529551,0.024817023135779177,0.23488255872063968,ok,70,0,0.004264030689985137,0.30184907546226886,0.45425457454254575,158.0,1.0,False,False,same sign,False,False,False,0.3090690930906909,102.0,1.0,False,False,same sign,False,False,False,0.5070492950704929,181.0,1.0,False,False,same sign,False,False,False,0.22047795220477953,66.0,1.0,False,False,same sign,False,False,False
N12_ICHI_AO,4h,501,103,103,0,398,-0.022724619400920836,0.0970873786407767,0.27184466019417475,0.33980582524271846,0.6310679611650486,0.2912621359223301,0.8932038834951457,0.7669902912621359,0.5922330097087378,7.306878684237686,3.155781874190575,381,83,83,0,298,-0.09425564840287447,0.13253012048192772,0.27710843373493976,0.20481927710843373,0.6385542168674698,0.3373493975903614,0.927710843373494,0.7228915662650602,0.6024096385542169,6.949523305444697,3.2648462033695362,202,18,18,0,184,-0.07078543634852255,0.05555555555555555,0.3888888888888889,0.5,0.5,0.3888888888888889,0.8333333333333334,0.6666666666666666,0.4444444444444444,6.348626193026356,3.2081495433866567,True,,93,10,-0.019921292527856387,-0.048795559320420095,-0.028874266792563708,,insufficient,55,0,0.05763643810056719,0.0015998400159984002,72,11,-0.09773853015585533,-0.07145860420154519,0.02627992595431014,,insufficient,48,0,-0.010029116923339174,0.6336831584207896,17,1,-0.04376140577108939,-0.5301939561648861,-0.4864325503937967,,insufficient,11,0,0.05536243173724527,0.1889055472263868,75,28,-0.029771073867587188,-0.00385018779377879,-0.025920886073808398,,insufficient,55,0,-0.012760416278983208,0.8824117588241176,60,23,-0.09912972256823564,-0.08154067231932359,-0.017589050248912053,,insufficient,48,0,0.0011712290754151526,0.4682658670664668,11,7,-0.06980715222548473,-0.07232273997043911,0.0025155877449543895,,insufficient,11,0,-0.06230229427764466,0.984007996001999,68,35,-0.03293294562439845,-0.0028912998810214524,0.030041645743376994,0.3163683631636836,ok,55,0,-0.005119546356125694,0.6737326267373263,66,17,-0.10485861800566182,-0.05309117818028827,0.051767439825373546,,insufficient,48,0,0.00019581846093073493,0.504247876061969,9,9,-0.10517878580434373,-0.03639208689270136,0.06878669891164237,,insufficient,11,0,-0.031677646497275155,0.8195902048975512,38,65,0.0035324572955486035,-0.03807491039270295,-0.04160736768825155,0.7242275772422758,ok,55,0,0.012735496657857136,0.24807519248075194,30,53,-0.10889981300258318,-0.08596649862945445,0.022933314373128733,0.383808095952024,ok,48,0,0.007998923172499516,0.3918040979510245,9,9,-0.05582222163111344,-0.08574865106593164,-0.029926429434818207,,insufficient,11,0,0.003913320455397971,0.4497751124437781,1.0,565.0,1.0,False,False,no data,False,False,False,1.0,566.0,1.0,False,False,no data,False,False,False,0.3163683631636836,104.0,1.0,False,False,no data,False,False,False,0.7242275772422758,286.0,1.0,False,False,no data,False,False,False
N14_ICHI_RSI,5m,3,3,3,0,0,0.1145473035197382,0.0,0.0,0.0,0.0,1.0,0.0,1.0,0.6666666666666666,3.9713083418008712,10.0,4,4,4,0,0,-0.024212909770930893,0.0,0.0,0.0,0.0,1.0,0.0,0.75,1.0,5.264506584977263,10.0,3,2,2,0,1,-0.08430330304577688,0.0,0.0,0.0,0.0,1.0,0.0,0.5,1.0,3.3638795656137157,10.0,False,period-1 signals 3 < 300,3,0,0.1145473035197382,,,,insufficient,3,0,0.0011849921836956656,0.38096190380961903,4,0,-0.024212909770930893,,,,insufficient,3,0,0.0013760361033146457,0.37681159420289856,2,0,-0.08430330304577688,,,,insufficient,2,0,0.004301800877892281,0.16041979010494753,3,0,0.1145473035197382,,,,insufficient,3,0,0.0005069392753097729,0.37196280371962803,4,0,-0.024212909770930893,,,,insufficient,3,0,0.0038269698774358596,0.0024987506246876563,2,0,-0.08430330304577688,,,,insufficient,2,0,-0.0014143883825450052,0.7521239380309845,3,0,0.1145473035197382,,,,insufficient,3,0,-0.008358487785678013,1.0,4,0,-0.024212909770930893,,,,insufficient,3,0,-0.007818024480691688,1.0,2,0,-0.08430330304577688,,,,insufficient,2,0,-0.005758733441308124,1.0,3,0,0.1145473035197382,,,,insufficient,3,0,-0.002864664691653189,0.9302069793020697,4,0,-0.024212909770930893,,,,insufficient,3,0,0.0003611309442502486,0.408295852073963,2,0,-0.08430330304577688,,,,insufficient,2,0,0.002003895635624149,0.22588705647176413,,,,,,,,,,,,,,,,,,,,,,,,,,,,,,,,,,,,
N14_ICHI_RSI,15m,2,0,0,0,2,,,,,,,,,,,,3,3,3,0,0,0.07878584392253758,0.0,0.0,0.0,0.0,0.6666666666666666,0.0,1.0,0.6666666666666666,7.00811581299872,10.0,2,1,1,0,1,0.16402031060923825,0.0,0.0,0.0,0.0,1.0,0.0,1.0,1.0,4.051332084796295,10.0,False,period-1 signals 2 < 300,0,0,,,,,insufficient,0,0,-0.0047455316419545285,0.8665133486651335,3,0,0.07878584392253758,,,,insufficient,3,0,0.0012366761336688736,0.40929535232383807,1,0,0.16402031060923825,,,,insufficient,1,0,-0.0022732292771020166,0.6786606696651675,0,0,,,,,insufficient,0,0,-0.0023889796741096286,0.9211078892110789,3,0,0.07878584392253758,,,,insufficient,3,0,0.002500904127473502,0.12693653173413294,1,0,0.16402031060923825,,,,insufficient,1,0,-0.003685220480004109,0.9070464767616192,0,0,,,,,insufficient,0,0,-0.007927745541616002,1.0,3,0,0.07878584392253758,,,,insufficient,3,0,-0.009639461603640882,1.0,1,0,0.16402031060923825,,,,insufficient,1,0,-0.009875791482492936,1.0,0,0,,,,,insufficient,0,0,-0.003785893589146369,0.9462053794620537,3,0,0.07878584392253758,,,,insufficient,3,0,-0.000501696013396967,0.5677161419290355,1,0,0.16402031060923825,,,,insufficient,1,0,-0.0016105893487045678,0.670664667666167,,,,,,,,,,,,,,,,,,,,,,,,,,,,,,,,,,,,
N14_ICHI_RSI,30m,5,5,5,0,0,-0.07275322512405606,0.0,0.0,0.0,0.0,1.0,0.0,0.6,1.0,4.381348350727948,10.0,3,2,2,0,1,0.11995355191573215,0.0,0.0,0.0,0.0,1.0,0.0,1.0,0.5,4.3781452439201445,10.0,0,0,0,0,0,,,,,,,,,,,,False,period-1 signals 5 < 300,5,0,-0.07275322512405606,,,,insufficient,3,0,-0.0014321698491517182,0.6224377562243776,2,0,0.11995355191573215,,,,insufficient,2,0,-0.006338796181296985,0.9095452273863068,0,0,,,,,insufficient,0,0,-0.0026254732972140343,0.6736631684157921,5,0,-0.07275322512405606,,,,insufficient,3,0,-0.0007101234829941724,0.6244375562443756,2,0,0.11995355191573215,,,,insufficient,2,0,0.000732652860884829,0.3893053473263368,0,0,,,,,insufficient,0,0,-0.0036108595968234493,0.8085957021489255,5,0,-0.07275322512405606,,,,insufficient,3,0,-0.010937194944315609,1.0,2,0,0.11995355191573215,,,,insufficient,2,0,-0.0037867120198740653,0.9515242378810594,0,0,,,,,insufficient,0,0,-0.013903275165194521,1.0,5,0,-0.07275322512405606,,,,insufficient,3,0,-0.001340681180744402,0.6561343865613438,2,0,0.11995355191573215,,,,insufficient,2,0,-0.004023747616625883,0.8750624687656172,0,0,,,,,insufficient,0,0,0.007091831958621751,0.05847076461769116,,,,,,,,,,,,,,,,,,,,,,,,,,,,,,,,,,,,
N14_ICHI_RSI,1h,3,1,1,0,2,0.6611859224431329,0.0,0.0,0.0,0.0,1.0,0.0,1.0,0.0,3.7664759836016937,10.0,4,2,2,0,2,0.02861210728008775,0.0,0.0,0.0,0.0,1.0,0.0,1.0,1.0,6.591322891856912,10.0,0,0,0,0,0,,,,,,,,,,,,False,period-1 signals 3 < 300,1,0,0.6611859224431329,,,,insufficient,1,0,0.004583280603203805,0.23257674232576742,2,0,0.02861210728008775,,,,insufficient,1,0,-0.0029401843281673043,0.6681659170414792,0,0,,,,,insufficient,0,0,0.01282193987355051,0.0864567716141929,1,0,0.6611859224431329,,,,insufficient,1,0,-0.004403780857371184,0.9101089891010898,2,0,0.02861210728008775,,,,insufficient,1,0,-0.0027782823291678735,0.7851074462768616,0,0,,,,,insufficient,0,0,-0.0072832704579966,0.8845577211394303,1,0,0.6611859224431329,,,,insufficient,1,0,-0.012497077107289235,0.9999000099990001,2,0,0.02861210728008775,,,,insufficient,1,0,-0.0032872420924423967,0.8100949525237381,0,0,,,,,insufficient,0,0,-0.015653490876620692,0.9975012493753124,1,0,0.6611859224431329,,,,insufficient,1,0,-0.0006718536017158577,0.5652434756524347,2,0,0.02861210728008775,,,,insufficient,1,0,0.004184077942409298,0.18940529735132433,0,0,,,,,insufficient,0,0,0.004264030689985137,0.30184907546226886,,,,,,,,,,,,,,,,,,,,,,,,,,,,,,,,,,,,
N14_ICHI_RSI,4h,2,2,2,0,0,0.07702631416004328,0.0,0.0,0.0,0.0,1.0,0.0,1.0,0.0,3.57992407813711,10.0,1,0,0,0,1,,,,,,,,,,,,0,0,0,0,0,,,,,,,,,,,,False,period-1 signals 2 < 300,2,0,0.07702631416004328,,,,insufficient,1,0,0.05763643810056719,0.0015998400159984002,0,0,,,,,insufficient,0,0,-0.010029116923339174,0.6336831584207896,0,0,,,,,insufficient,0,0,0.05536243173724527,0.1889055472263868,2,0,0.07702631416004328,,,,insufficient,1,0,-0.012760416278983208,0.8824117588241176,0,0,,,,,insufficient,0,0,0.0011712290754151526,0.4682658670664668,0,0,,,,,insufficient,0,0,-0.06230229427764466,0.984007996001999,2,0,0.07702631416004328,,,,insufficient,1,0,-0.005119546356125694,0.6737326267373263,0,0,,,,,insufficient,0,0,0.00019581846093073493,0.504247876061969,0,0,,,,,insufficient,0,0,-0.031677646497275155,0.8195902048975512,2,0,0.07702631416004328,,,,insufficient,1,0,0.012735496657857136,0.24807519248075194,0,0,,,,,insufficient,0,0,0.007998923172499516,0.3918040979510245,0,0,,,,,insufficient,0,0,0.003913320455397971,0.4497751124437781,,,,,,,,,,,,,,,,,,,,,,,,,,,,,,,,,,,,
N17_KC_RSI,5m,196088,193662,193662,0,2426,-0.05559051369267243,0.0033202176988774254,0.09724674949138189,0.03189577717879605,0.005721308258718799,0.8832140533506831,0.03556195846371513,0.611266020179488,0.49154196486662327,4.882685796000448,9.677779455396472,148628,147847,147843,4,781,-0.06113958494043037,0.003483424984612055,0.11065116373450214,0.030755598844720414,0.005485548859262866,0.8866770831219605,0.03448252538165486,0.5989529433250137,0.4966619995535805,4.808776423903696,9.687595114418809,91135,87055,87055,0,4080,-0.05438288856208748,0.003917063925104818,0.07928321176267876,0.03032565619435989,0.00564011257251163,0.8824191603009591,0.034954913560392854,0.6197461374992821,0.45189822525989315,5.176960106571829,9.687485391768135,True,,193019,643,-0.05559726202401468,-0.05356476537642044,0.002032496647594244,0.41945805419458054,ok,153,0,0.0011849921836956656,0.38096190380961903,147328,515,-0.06112651718263872,-0.0648779278917414,-0.003751410709102683,0.6381809095452274,ok,118,0,0.0013760361033146457,0.37681159420289856,86714,341,-0.05446256122161303,-0.034122668626313746,0.020339892595299287,0.1024487756121939,ok,79,0,0.004301800877892281,0.16041979010494753,174829,18833,-0.055269304265008444,-0.058572339372546425,0.0033030351075379813,0.12088791120887911,ok,153,0,0.0005069392753097729,0.37196280371962803,131484,16359,-0.06057829069796358,-0.06565093723436653,0.00507264653640295,0.06196901549225387,ok,118,0,0.0038269698774358596,0.0024987506246876563,80153,6902,-0.05510926328432554,-0.045947491124888294,-0.009161772159437247,0.9750124937531235,ok,79,0,-0.0014143883825450052,0.7521239380309845,187485,6177,-0.05535122448555825,-0.06285344666916606,-0.007502222183607812,0.9075092490750925,ok,153,0,-0.008358487785678013,1.0,143296,4547,-0.0608402393206663,-0.07057328406726361,-0.009733044746597308,0.9290354822588706,ok,118,0,-0.007818024480691688,1.0,84415,2640,-0.05400836835840718,-0.0663583139384786,-0.012349945580071423,0.9345327336331835,ok,79,0,-0.005758733441308124,1.0,192554,1108,-0.05552385693763224,-0.06717447110242748,-0.011650614164795244,0.8406159384061593,ok,153,0,-0.002864664691653189,0.9302069793020697,147032,811,-0.06098973359246244,-0.08830720934785256,-0.027317475755390126,0.9810094952523738,ok,118,0,0.0003611309442502486,0.408295852073963,86564,491,-0.054107086643190874,-0.10300716006384886,-0.04890007342065798,0.9910044977511244,ok,79,0,0.002003895635624149,0.22588705647176413,0.41945805419458054,142.0,1.0,False,False,same sign,False,False,False,0.12088791120887911,28.0,1.0,False,False,opposite sign,False,False,False,0.9075092490750925,419.0,1.0,False,False,same sign,False,False,False,0.8406159384061593,362.0,1.0,False,False,same sign,False,False,False
N17_KC_RSI,15m,72618,68151,68151,0,4467,-0.04778797980306201,0.003594958254464351,0.09129726636439671,0.04341829173453068,0.008158354242784405,0.8734574694428549,0.049111531745682384,0.6747076345174685,0.48821000425525674,5.008917456919501,9.560284799346938,55228,53502,53492,10,1726,-0.047730151399532565,0.0035893217677409705,0.0937149480296119,0.04013684289239512,0.009104165108801316,0.8654191280939206,0.043109249981305615,0.675334629477305,0.4977379795109549,5.074178279884649,9.60629652504198,33213,28169,28169,0,5044,-0.05084195909112769,0.0037630018815009406,0.07770953885476943,0.04224502112251056,0.00883950441975221,0.8779864389932195,0.04696652348326174,0.6742518371259185,0.4164507082253541,5.170080778029403,9.577688965018027,True,,67906,245,-0.04779586380872339,-0.0456027908706478,0.0021930729380755867,0.45525447455254475,ok,153,0,-0.0047455316419545285,0.8665133486651335,53300,192,-0.047665094604610256,-0.06579018873994398,-0.018125094135333725,0.8110944527736131,ok,118,0,0.0012366761336688736,0.40929535232383807,28063,106,-0.050888353268307374,-0.03855931952326553,0.012329033745041844,0.3288355822088955,ok,79,0,-0.0022732292771020166,0.6786606696651675,61929,6222,-0.048534133396242955,-0.0403613411222355,-0.008172792274007454,0.9475052494750525,ok,153,0,-0.0023889796741096286,0.9211078892110789,48479,5013,-0.04770670335746947,-0.04795690935508354,0.0002502059976140711,0.4767616191904048,ok,118,0,0.002500904127473502,0.12693653173413294,25980,2189,-0.052974373959956814,-0.02553353593343892,-0.027440838026517894,0.999000499750125,ok,79,0,-0.003685220480004109,0.9070464767616192,65192,2959,-0.04739790761184805,-0.056381959623819165,-0.008984052011971118,0.8357164283571643,ok,153,0,-0.007927745541616002,1.0,51345,2147,-0.04755431987243439,-0.05193512101241365,-0.004380801139979254,0.6456771614192903,ok,118,0,-0.009639461603640882,1.0,26979,1190,-0.04956802763053512,-0.07972380520484791,-0.030155777574312793,0.9880059970014993,ok,79,0,-0.009875791482492936,1.0,67595,556,-0.04779280236565371,-0.047201682827547456,0.0005911195381062551,0.48275172482751727,ok,153,0,-0.003785893589146369,0.9462053794620537,53005,487,-0.047901717720514936,-0.029056901207190382,0.018844816513324553,0.13393303348325838,ok,118,0,-0.000501696013396967,0.5677161419290355,27920,249,-0.050776473570426923,-0.0581847532195023,-0.0074082796490753736,0.607696151924038,ok,79,0,-0.0016105893487045678,0.670664667666167,0.45525447455254475,159.0,1.0,False,False,same sign,False,False,False,0.9475052494750525,459.0,1.0,False,False,same sign,False,False,False,0.8357164283571643,359.0,1.0,False,False,same sign,False,False,False,0.48275172482751727,163.0,1.0,False,False,opposite sign,False,False,False
N17_KC_RSI,30m,39698,33870,33870,0,5828,-0.04637661291176157,0.0033953351048125187,0.08328904635370535,0.053616770002952466,0.008916445231768527,0.8615293770298199,0.06126365515205196,0.6992028343666962,0.47735459108355477,5.160550264612755,9.452245197316751,30978,28056,28055,1,2922,-0.04002386240184297,0.004134735341293887,0.09274639101764391,0.054108002138656214,0.013081447157369452,0.8581001603992158,0.05927642131527357,0.7086793797896989,0.4862591338442345,5.116788212417038,9.463594094706547,17922,12429,12429,0,5493,-0.04822246491898336,0.0037814787995816236,0.07514683401721779,0.055434870061951885,0.010781237428594416,0.8695792099123019,0.06348056963552981,0.6974012390377343,0.3783892509453697,5.1793558814301095,9.435010289151867,True,,33755,115,-0.046296903925389,-0.06977293321615964,-0.02347602929077064,0.8224177582241776,ok,153,0,-0.0014321698491517182,0.6224377562243776,27939,116,-0.04003148924639309,-0.03818691059247881,0.0018445786539142833,0.4642678660669665,ok,118,0,-0.006338796181296985,0.9095452273863068,12382,47,-0.04804181415541863,-0.09581433203512423,-0.047772517879705594,0.8750624687656172,ok,78,0,-0.0026254732972140343,0.6736631684157921,31049,2821,-0.048182930437910144,-0.026495594524881955,-0.02168733591302819,0.9976002399760024,ok,153,0,-0.0007101234829941724,0.6244375562443756,25453,2602,-0.039953119192543365,-0.04071587889158263,0.0007627596990392657,0.4522738630684658,ok,118,0,0.000732652860884829,0.3893053473263368,11495,934,-0.04881118827183972,-0.04097688147028541,-0.007834306801554315,0.712143928035982,ok,78,0,-0.0036108595968234493,0.8085957021489255,32054,1816,-0.04696625293218817,-0.035968947044606105,0.010997305887582062,0.16868313168683133,ok,153,0,-0.010937194944315609,1.0,26537,1518,-0.040119775754114274,-0.03834714788983797,0.0017726278642763021,0.43928035982008995,ok,118,0,-0.0037867120198740653,0.9515242378810594,11740,689,-0.0473446646972118,-0.06317946724641181,-0.015834802549200014,0.8350824587706147,ok,78,0,-0.013903275165194521,1.0,33568,302,-0.04644665318877585,-0.03859147377661153,0.007855179412164313,0.3608639136086391,ok,153,0,-0.001340681180744402,0.6561343865613438,27688,367,-0.040409703896296445,-0.010914382024655361,0.029495321871641084,0.14392803598200898,ok,118,0,-0.004023747616625883,0.8750624687656172,12295,134,-0.04782671901567062,-0.08453362821174622,-0.036706909196075596,0.7681159420289855,ok,78,0,0.007091831958621751,0.05847076461769116,0.8224177582241776,350.0,1.0,False,False,same sign,False,False,False,0.9976002399760024,538.0,1.0,False,False,same sign,False,False,False,0.16868313168683133,47.0,1.0,False,False,opposite sign,False,False,False,0.3608639136086391,113.0,1.0,False,False,opposite sign,False,False,False
N17_KC_RSI,1h,21916,14142,14142,0,7774,-0.048103455367165364,0.0036769905246782633,0.08223730731155424,0.06576156130674586,0.012869466836373921,0.8604157827747136,0.07382265591854052,0.7221750813180596,0.4618865789845849,5.098440974147287,9.342460642275455,16998,12703,12703,0,4295,-0.05460896947673847,0.0037786349681177673,0.08501928678264976,0.0579390695111391,0.01338266551208376,0.8505077540738408,0.06533889632370306,0.7110918680626623,0.4467448634180902,5.21669025800812,9.412664374326262,10012,4618,4618,0,5394,-0.048980113654921546,0.0030316154179298397,0.06777825898657427,0.05262018189692508,0.008878302295365958,0.8744045041143352,0.06323083585967952,0.7243395409268082,0.30879168471199653,5.172011468415229,9.445823854237553,True,,14090,52,-0.04820040328869989,-0.02183429739752476,0.026366105891175134,0.20027997200279973,ok,151,0,0.004583280603203805,0.23257674232576742,12655,48,-0.054791020605426434,-0.006611947944525027,0.048179072660901406,0.09095452273863068,ok,117,0,-0.0029401843281673043,0.6681659170414792,4604,14,-0.04915851225656683,0.009687540771857192,0.05884605302842402,,insufficient,70,0,0.01282193987355051,0.0864567716141929,12979,1163,-0.050470504800464354,-0.02168734651524139,-0.028783158285222963,0.9885011498850115,ok,151,0,-0.004403780857371184,0.9101089891010898,11623,1080,-0.05612277730620146,-0.03831731354910119,-0.017805463757100272,0.8835582208895553,ok,117,0,-0.0027782823291678735,0.7851074462768616,4305,313,-0.05327470207869348,0.01008762808417789,-0.06336233016287138,0.9855072463768116,ok,70,0,-0.0072832704579966,0.8845577211394303,13212,930,-0.047156386466506314,-0.0615579438784636,-0.014401557411957283,0.7807219278072193,ok,151,0,-0.012497077107289235,0.9999000099990001,11967,736,-0.05357683254980162,-0.07139101105914772,-0.0178141785093461,0.7936031984007996,ok,117,0,-0.0032872420924423967,0.8100949525237381,4375,243,-0.05050068636784119,-0.021603547321491952,0.02889713904634924,0.1714142928535732,ok,70,0,-0.015653490876620692,0.9975012493753124,13960,182,-0.047743453916722675,-0.07571675343408842,-0.02797329951736574,0.8238176182381762,ok,151,0,-0.0006718536017158577,0.5652434756524347,12533,170,-0.05453384899543324,-0.06014711648967091,-0.00561326749423767,0.5347326336831584,ok,117,0,0.004184077942409298,0.18940529735132433,4577,41,-0.04946231754971885,0.004850306503304102,0.05431262405302295,0.20389805097451275,ok,70,0,0.004264030689985137,0.30184907546226886,0.20027997200279973,55.0,1.0,False,False,no data,False,False,False,0.9885011498850115,515.0,1.0,False,False,same sign,False,False,False,0.7807219278072193,322.0,1.0,False,False,opposite sign,False,False,False,0.8238176182381762,352.0,1.0,False,False,opposite sign,False,False,False
N17_KC_RSI,4h,6068,745,745,0,5323,-0.07779265524609504,0.0026845637583892616,0.0953020134228188,0.05503355704697987,0.013422818791946308,0.8684563758389262,0.06308724832214765,0.7127516778523489,0.3422818791946309,4.745734232892773,9.443589611516071,4614,590,590,0,4024,-0.06984807055735984,0.00847457627118644,0.10338983050847457,0.03559322033898305,0.006779661016949152,0.8932203389830509,0.03559322033898305,0.7169491525423729,0.2559322033898305,5.052114676535581,9.655589637897819,2580,131,131,0,2449,-0.05629465811792312,0.007633587786259542,0.12213740458015267,0.15267175572519084,0.04580152671755725,0.7633587786259542,0.15267175572519084,0.7404580152671756,0.11450381679389313,5.355860638179265,8.58800395865842,True,,743,2,-0.0772846456372313,-0.26651822493897415,-0.18923357930174284,,insufficient,64,0,0.05763643810056719,0.0015998400159984002,585,5,-0.07044752822686783,0.0002884767750744643,0.07073600500194228,,insufficient,65,0,-0.010029116923339174,0.6336831584207896,130,1,-0.05828260916238196,0.2021389776617276,0.26042158682410954,,insufficient,14,0,0.05536243173724527,0.1889055472263868,674,71,-0.08625290594386066,0.0025201471524125053,-0.08877305309627316,0.9579042095790421,ok,64,0,-0.012760416278983208,0.8824117588241176,529,61,-0.08063805074047091,0.02372405266994769,-0.1043621034104186,0.9685157421289355,ok,65,0,0.0011712290754151526,0.4682658670664668,115,16,-0.06999890714784153,0.04220463178461556,-0.11220353893245709,,insufficient,14,0,-0.06230229427764466,0.984007996001999,704,41,-0.07703532614204675,-0.090796550105851,-0.013761223963804248,0.6000399960003999,ok,64,0,-0.005119546356125694,0.6737326267373263,569,21,-0.06901488868674559,-0.09242333171828845,-0.023408443031542867,,insufficient,65,0,0.00019581846093073493,0.504247876061969,111,20,-0.07349600332198263,0.03917280776460717,0.1126688110865898,,insufficient,14,0,-0.031677646497275155,0.8195902048975512,735,10,-0.07735795699801908,-0.10974297647967737,-0.0323850194816583,,insufficient,64,0,0.012735496657857136,0.24807519248075194,586,4,-0.06958357283190907,-0.10859698733589765,-0.03901341450398858,,insufficient,65,0,0.007998923172499516,0.3918040979510245,125,6,-0.055650279792486185,-0.06971920656452578,-0.014068926772039594,,insufficient,14,0,0.003913320455397971,0.4497751124437781,1.0,567.0,1.0,False,False,no data,False,False,False,0.9579042095790421,472.0,1.0,False,False,no data,False,False,False,0.6000399960003999,223.0,1.0,False,False,no data,False,False,False,1.0,568.0,1.0,False,False,no data,False,False,False
N18_VWMA_MACD,5m,174922,174109,174109,0,813,-0.06522113288755745,0.10645055683508607,0.4221435996990391,0.4568000505430506,0.44054586494667136,0.4526130182816511,0.8193717728549357,0.5564387826017035,0.5155793210000632,5.834970656285059,3.470151725814491,135279,135047,135047,0,232,-0.06613236405247407,0.09975786207764704,0.4421497700800462,0.491539982376506,0.4404910882877813,0.4641050893392671,0.8344650380978474,0.5710900649403541,0.5173384081097692,5.693586816739275,3.288384980582708,77933,76256,76256,0,1677,-0.051599277150789484,0.11449590851867394,0.38579259336970206,0.37784567771716326,0.45602968946705835,0.42184221569450275,0.8018254301300881,0.5849375786823332,0.5265815148971884,6.146915472092031,3.7981843669056192,True,,155575,18534,-0.06550790492159295,-0.06281395908831978,0.002693945833273162,0.07999200079992001,ok,153,0,0.0011849921836956656,0.38096190380961903,121575,13472,-0.066590437070891,-0.061998588279460386,0.004591848791430618,0.01999000499750125,ok,118,0,0.0013760361033146457,0.37681159420289856,67525,8731,-0.05199998772237121,-0.04850020701609057,0.003499780706280639,0.13543228385807096,ok,79,0,0.004301800877892281,0.16041979010494753,100610,73499,-0.06598813709219262,-0.06417120985420537,-0.0018169272379872509,0.8114188581141886,ok,153,0,0.0005069392753097729,0.37196280371962803,75336,59711,-0.06613757499771829,-0.06612578952230512,-1.1785475413167434e-05,0.5142428785607196,ok,118,0,0.0038269698774358596,0.0024987506246876563,46837,29419,-0.05358998448264775,-0.04842993899170026,-0.005160045490947486,0.9715142428785607,ok,79,0,-0.0014143883825450052,0.7521239380309845,94576,79533,-0.06228846524418681,-0.06870849002282736,-0.006420024778640551,0.9997000299970003,ok,153,0,-0.008358487785678013,1.0,68666,66381,-0.06188519491729024,-0.07052573136897326,-0.008640536451683022,1.0,ok,118,0,-0.007818024480691688,1.0,47443,28813,-0.05046619663280248,-0.053464988427465186,-0.0029987917946627043,0.8500749625187406,ok,79,0,-0.005758733441308124,1.0,97406,76703,-0.0642995207149171,-0.06639149852238536,-0.0020919778074682677,0.8602139786021398,ok,153,0,-0.002864664691653189,0.9302069793020697,75560,59487,-0.06612451890055569,-0.06614232891335044,-1.781001279474448e-05,0.5157421289355323,ok,118,0,0.0003611309442502486,0.408295852073963,41481,34775,-0.051964005071197215,-0.05116421521358077,0.0007997898576164453,0.3818090954522739,ok,79,0,0.002003895635624149,0.22588705647176413,0.07999200079992001,15.0,1.0,False,False,same sign,False,False,False,0.8114188581141886,342.0,1.0,False,False,same sign,False,False,False,0.9997000299970003,552.0,1.0,False,False,same sign,False,False,False,0.8602139786021398,380.0,1.0,False,False,opposite sign,False,False,False
N18_VWMA_MACD,15m,58034,56516,56516,0,1518,-0.04574689727094198,0.1097034468115224,0.3990374407247505,0.4389376459763607,0.44520135890721213,0.4315415103687451,0.8023391605916909,0.6495151815415103,0.509147851935735,6.044893710757378,3.6323450783254323,44785,44137,44137,0,648,-0.04829608238877596,0.10272560436821714,0.4117180596778213,0.4584135759113669,0.44892040691483337,0.4357115345401817,0.8161179962389832,0.6556177356866122,0.5146249178693613,5.9767899759815455,3.4987776735352827,25637,22783,22783,0,2854,-0.041122808977034804,0.11271562129658079,0.3794934819821797,0.38717464776368343,0.4567440635561603,0.4187332660316903,0.8072246850722029,0.6630382302594039,0.5436948602027828,6.1935122889963425,3.740341864016041,True,,50316,6200,-0.045307228662296105,-0.04931502077297832,-0.0040077921106822165,0.8427157284271573,ok,153,0,-0.0047455316419545285,0.8665133486651335,39603,4534,-0.048611633526031525,-0.045539846903832705,0.00307178662219882,0.19390304847576212,ok,118,0,0.0012366761336688736,0.40929535232383807,20215,2568,-0.04205433266784271,-0.03378996185488454,0.008264370812958173,0.07496251874062969,ok,79,0,-0.0022732292771020166,0.6786606696651675,33964,22552,-0.046843426888004226,-0.04409549021551886,-0.0027479366724853654,0.7592240775922408,ok,153,0,-0.0023889796741096286,0.9211078892110789,25965,18172,-0.046876371166363034,-0.05032463190946446,0.0034482607431014223,0.1969015492253873,ok,118,0,0.002500904127473502,0.12693653173413294,14137,8646,-0.045631863351725414,-0.033750093074305085,-0.01188177027742033,0.9710144927536232,ok,79,0,-0.003685220480004109,0.9070464767616192,31709,24807,-0.042229052705836254,-0.05024350441065808,-0.008014451704821825,0.9873012698730127,ok,153,0,-0.007927745541616002,1.0,23904,20233,-0.044282464762215,-0.05303791581660737,-0.00875545105439237,0.9945027486256871,ok,118,0,-0.009639461603640882,1.0,13962,8821,-0.03896866271145669,-0.044532421284029684,-0.005563758572572991,0.8460769615192404,ok,79,0,-0.009875791482492936,1.0,31355,25161,-0.04712757146257261,-0.04402633611365179,0.0031012353489208236,0.21737826217378262,ok,153,0,-0.003785893589146369,0.9462053794620537,24323,19814,-0.04697486357794968,-0.049917966164678224,-0.0029431025867285437,0.7806096951524237,ok,118,0,-0.000501696013396967,0.5677161419290355,12377,10406,-0.037642141597376,-0.045262749411210966,-0.007620607813834966,0.9250374812593704,ok,79,0,-0.0016105893487045678,0.670664667666167,0.8427157284271573,363.0,1.0,False,False,opposite sign,False,False,False,0.7592240775922408,308.0,1.0,False,False,same sign,False,False,False,0.9873012698730127,512.0,1.0,False,False,same sign,False,False,False,0.21737826217378262,64.0,1.0,False,False,opposite sign,False,False,False
N18_VWMA_MACD,30m,28276,25709,25709,0,2567,-0.0436456214164649,0.11225640826169823,0.3978373332296083,0.41755805359990666,0.4369675988953285,0.43179431327550666,0.7907347621455522,0.6778560037341009,0.49994165467346063,6.052074934981512,3.771816585484178,21440,20345,20345,0,1095,-0.0322128715339347,0.10995330548046203,0.4003440648808061,0.42550995330548047,0.4531334480216269,0.4214303268616368,0.7970508724502334,0.7029737036126813,0.5189481445072499,6.110769755760069,3.7032545711842526,12677,9534,9534,0,3143,-0.04176954623423088,0.11275435284245856,0.37707153345919864,0.38902873924900355,0.45322005454164044,0.41409691629955947,0.7989301447451227,0.6768407803650094,0.5808684707363121,6.236483174553998,3.803611108922842,True,,22823,2886,-0.04471099870916708,-0.03522042877913227,0.00949056993003481,0.0822917708229177,ok,153,0,-0.0014321698491517182,0.6224377562243776,18108,2237,-0.03262106051159512,-0.028908675732649533,0.0037123847789455877,0.2768615692153923,ok,118,0,-0.006338796181296985,0.9095452273863068,8459,1075,-0.04498256601536163,-0.016486816626244852,0.028495749389116778,0.0009995002498750624,ok,79,0,-0.0026254732972140343,0.6736631684157921,15481,10228,-0.04504168476003578,-0.04153255369825794,-0.0035091310617778454,0.7450254974502549,ok,153,0,-0.0007101234829941724,0.6244375562443756,12200,8145,-0.02788361239151277,-0.03869745858581286,0.010813846194300092,0.041979010494752625,ok,118,0,0.000732652860884829,0.3893053473263368,5939,3595,-0.042269515107347555,-0.040943589311438135,-0.0013259257959094203,0.5582208895552224,ok,79,0,-0.0036108595968234493,0.8085957021489255,14974,10735,-0.039516349927460226,-0.04940544547574351,-0.009889095548283287,0.9681031896810319,ok,153,0,-0.010937194944315609,1.0,11688,8657,-0.029610253596235144,-0.035726721419094956,-0.006116467822859812,0.8460769615192404,ok,118,0,-0.0037867120198740653,0.9515242378810594,5825,3709,-0.040149126362619615,-0.04431442241436988,-0.004165296051750263,0.6991504247876063,ok,79,0,-0.013903275165194521,1.0,14475,11234,-0.0421442664942968,-0.04558011603088391,-0.003435849536587113,0.764023597640236,ok,153,0,-0.001340681180744402,0.6561343865613438,11126,9219,-0.03532724165380851,-0.02845427711439722,0.006872964539411289,0.1184407796101949,ok,118,0,-0.004023747616625883,0.8750624687656172,5213,4321,-0.04821393047226512,-0.03399482394011551,0.014219106532149611,0.03948025987006497,ok,79,0,0.007091831958621751,0.05847076461769116,0.0822917708229177,16.0,1.0,False,False,same sign,False,False,False,0.7450254974502549,295.0,1.0,False,False,same sign,False,False,False,0.9681031896810319,486.0,1.0,False,False,same sign,False,False,False,0.764023597640236,311.0,1.0,False,False,opposite sign,False,False,False
N18_VWMA_MACD,1h,13632,10019,10019,0,3613,-0.030739938394170652,0.11767641481185748,0.39654656153308715,0.4119173570216588,0.43667032637987824,0.428885118275277,0.784808863159996,0.7109491965265995,0.5171174767940913,6.0777741676110075,3.834111351710492,10514,8591,8586,5,1923,-0.045452611680016866,0.1199627300256231,0.3723503377591428,0.412066154204519,0.46668996040065225,0.39284882366643376,0.7966457023060797,0.7041695783834149,0.5292336361518751,6.370496895603304,3.761415309184906,6286,3414,3414,0,2872,-0.02189241533119424,0.11628588166373754,0.36174575278265964,0.4256004686584651,0.48271821909783247,0.3933801991798477,0.8107791446983011,0.7343292325717633,0.6057410661980082,6.404762321281932,3.651974080385138,True,,8840,1179,-0.031048488910994817,-0.02842646378117186,0.002622025129822958,0.4096590340965903,ok,152,0,0.004583280603203805,0.23257674232576742,7556,1030,-0.04477542948435901,-0.05042036767068758,-0.005644938186328573,0.6951524237881059,ok,118,0,-0.0029401843281673043,0.6681659170414792,3017,397,-0.02672662739820748,0.014845161006787986,0.041571788404995466,0.013993003498250875,ok,70,0,0.01282193987355051,0.0864567716141929,6046,3973,-0.03495240413254204,-0.024329526147960363,-0.010622877984581676,0.8735126487351265,ok,152,0,-0.004403780857371184,0.9101089891010898,5389,3197,-0.05048971513190016,-0.03696185456328269,-0.013527860568617475,0.9245377311344328,ok,118,0,-0.0027782823291678735,0.7851074462768616,2179,1235,-0.01997214188440273,-0.025280492934885497,0.005308351050482767,0.3698150924537731,ok,70,0,-0.0072832704579966,0.8845577211394303,5892,4127,-0.030717990065875615,-0.03077127339545835,-5.3283329582733824e-05,0.5056494350564944,ok,152,0,-0.012497077107289235,0.9999000099990001,5048,3538,-0.04291408143928542,-0.04907457342541321,-0.006160491986127788,0.760119940029985,ok,118,0,-0.0032872420924423967,0.8100949525237381,1961,1453,-0.024422969140508503,-0.01847712557203027,0.0059458435684782325,0.28585707146426786,ok,70,0,-0.015653490876620692,0.9975012493753124,5644,4375,-0.029332919156655,-0.03255507361166512,-0.0032221544550101178,0.6496350364963503,ok,152,0,-0.0006718536017158577,0.5652434756524347,4579,4007,-0.041054049099590394,-0.050479069892088946,-0.009425020792498552,0.8500749625187406,ok,118,0,0.004184077942409298,0.18940529735132433,1766,1648,-0.02734285799085106,-0.016051710393722197,0.011291147597128862,0.272863568215892,ok,70,0,0.004264030689985137,0.30184907546226886,0.4096590340965903,136.0,1.0,False,False,same sign,False,False,False,0.8735126487351265,393.0,1.0,False,False,opposite sign,False,False,False,0.5056494350564944,180.0,1.0,False,False,opposite sign,False,False,False,0.6496350364963503,247.0,1.0,False,False,opposite sign,False,False,False
N18_VWMA_MACD,4h,3469,616,616,0,2853,-0.024657370771427805,0.125,0.42045454545454547,0.37337662337662336,0.40584415584415584,0.45292207792207795,0.7646103896103896,0.7451298701298701,0.4577922077922078,5.847246638366603,3.970176085765895,2549,512,512,0,2037,-0.03411608545255364,0.12890625,0.455078125,0.40625,0.423828125,0.484375,0.83203125,0.763671875,0.607421875,5.565910477013775,3.536649641995941,1478,86,86,0,1392,-0.0023872039381282167,0.09302325581395349,0.3023255813953488,0.38372093023255816,0.46511627906976744,0.3488372093023256,0.7209302325581395,0.7790697674418605,0.5232558139534884,6.887992512377202,4.258035498595219,True,,539,77,-0.02358000136102792,-0.032198956644227,-0.00861895528319908,0.5758424157584242,ok,75,0,0.05763643810056719,0.0015998400159984002,446,66,-0.03266418514065324,-0.04392741180266853,-0.011263226662015291,0.6031984007996002,ok,76,0,-0.010029116923339174,0.6336831584207896,78,8,-0.029085287217963895,0.2579191080402697,0.28700439525823357,,insufficient,18,0,0.05536243173724527,0.1889055472263868,357,259,-0.022024430922580256,-0.028286558130650074,0.006262127208069818,0.45415458454154584,ok,75,0,-0.012760416278983208,0.8824117588241176,279,233,-0.029246101400230685,-0.03994752558387597,0.010701424183645288,0.39730134932533734,ok,76,0,0.0011712290754151526,0.4682658670664668,60,26,-0.0069424428801220205,0.008124885928011305,-0.015067328808133326,,insufficient,18,0,-0.06230229427764466,0.984007996001999,386,230,-0.015039834576109946,-0.04079810542965689,-0.02575827085354694,0.7563243675632437,ok,75,0,-0.005119546356125694,0.6737326267373263,304,208,-0.04414561028124086,-0.019457549164472294,0.024688061116768564,0.25787106446776614,ok,76,0,0.00019581846093073493,0.504247876061969,53,33,0.07833084608050507,-0.13202528427108476,-0.21035613035158984,0.9970014992503748,ok,18,0,-0.031677646497275155,0.8195902048975512,366,250,-0.008534069203991402,-0.048261884266154687,-0.03972781506216329,0.8027197280271973,ok,75,0,0.012735496657857136,0.24807519248075194,295,217,-0.03212957241450584,-0.036816644651743016,-0.004687072237237175,0.5452273863068465,ok,76,0,0.007998923172499516,0.3918040979510245,46,40,0.07361481823078916,-0.08978952943238323,-0.1634043476631724,0.9710144927536232,ok,18,0,0.003913320455397971,0.4497751124437781,0.5758424157584242,207.0,1.0,False,False,no data,False,False,False,0.45415458454154584,157.0,1.0,False,False,no data,False,False,False,0.7563243675632437,307.0,1.0,False,False,same sign,False,False,False,0.8027197280271973,335.0,1.0,False,False,same sign,False,False,False
N21_ST_RSI_ADX,5m,0,0,0,0,0,,,,,,,,,,,,2,2,2,0,0,-0.16853625191588287,0.0,0.5,0.0,0.0,1.0,0.0,0.5,1.0,2.1678732784795627,10.0,0,0,0,0,0,,,,,,,,,,,,False,period-1 signals 0 < 300,0,0,,,,,insufficient,0,0,0.0011849921836956656,0.38096190380961903,2,0,-0.16853625191588287,,,,insufficient,2,0,0.0013760361033146457,0.37681159420289856,0,0,,,,,insufficient,0,0,0.004301800877892281,0.16041979010494753,0,0,,,,,insufficient,0,0,0.0005069392753097729,0.37196280371962803,1,1,0.020702988398222856,-0.3577754922299886,0.3784784806282115,,insufficient,2,0,0.0038269698774358596,0.0024987506246876563,0,0,,,,,insufficient,0,0,-0.0014143883825450052,0.7521239380309845,0,0,,,,,insufficient,0,0,-0.008358487785678013,1.0,2,0,-0.16853625191588287,,,,insufficient,2,0,-0.007818024480691688,1.0,0,0,,,,,insufficient,0,0,-0.005758733441308124,1.0,0,0,,,,,insufficient,0,0,-0.002864664691653189,0.9302069793020697,2,0,-0.16853625191588287,,,,insufficient,2,0,0.0003611309442502486,0.408295852073963,0,0,,,,,insufficient,0,0,0.002003895635624149,0.22588705647176413,,,,,,,,,,,,,,,,,,,,,,,,,,,,,,,,,,,,
N21_ST_RSI_ADX,15m,0,0,0,0,0,,,,,,,,,,,,0,0,0,0,0,,,,,,,,,,,,0,0,0,0,0,,,,,,,,,,,,False,period-1 signals 0 < 300,0,0,,,,,insufficient,0,0,-0.0047455316419545285,0.8665133486651335,0,0,,,,,insufficient,0,0,0.0012366761336688736,0.40929535232383807,0,0,,,,,insufficient,0,0,-0.0022732292771020166,0.6786606696651675,0,0,,,,,insufficient,0,0,-0.0023889796741096286,0.9211078892110789,0,0,,,,,insufficient,0,0,0.002500904127473502,0.12693653173413294,0,0,,,,,insufficient,0,0,-0.003685220480004109,0.9070464767616192,0,0,,,,,insufficient,0,0,-0.007927745541616002,1.0,0,0,,,,,insufficient,0,0,-0.009639461603640882,1.0,0,0,,,,,insufficient,0,0,-0.009875791482492936,1.0,0,0,,,,,insufficient,0,0,-0.003785893589146369,0.9462053794620537,0,0,,,,,insufficient,0,0,-0.000501696013396967,0.5677161419290355,0,0,,,,,insufficient,0,0,-0.0016105893487045678,0.670664667666167,,,,,,,,,,,,,,,,,,,,,,,,,,,,,,,,,,,,
N21_ST_RSI_ADX,30m,0,0,0,0,0,,,,,,,,,,,,0,0,0,0,0,,,,,,,,,,,,0,0,0,0,0,,,,,,,,,,,,False,period-1 signals 0 < 300,0,0,,,,,insufficient,0,0,-0.0014321698491517182,0.6224377562243776,0,0,,,,,insufficient,0,0,-0.006338796181296985,0.9095452273863068,0,0,,,,,insufficient,0,0,-0.0026254732972140343,0.6736631684157921,0,0,,,,,insufficient,0,0,-0.0007101234829941724,0.6244375562443756,0,0,,,,,insufficient,0,0,0.000732652860884829,0.3893053473263368,0,0,,,,,insufficient,0,0,-0.0036108595968234493,0.8085957021489255,0,0,,,,,insufficient,0,0,-0.010937194944315609,1.0,0,0,,,,,insufficient,0,0,-0.0037867120198740653,0.9515242378810594,0,0,,,,,insufficient,0,0,-0.013903275165194521,1.0,0,0,,,,,insufficient,0,0,-0.001340681180744402,0.6561343865613438,0,0,,,,,insufficient,0,0,-0.004023747616625883,0.8750624687656172,0,0,,,,,insufficient,0,0,0.007091831958621751,0.05847076461769116,,,,,,,,,,,,,,,,,,,,,,,,,,,,,,,,,,,,
N21_ST_RSI_ADX,1h,1,1,1,0,0,0.07484822561864493,0.0,0.0,0.0,0.0,0.0,0.0,1.0,1.0,10.0,10.0,0,0,0,0,0,,,,,,,,,,,,0,0,0,0,0,,,,,,,,,,,,False,period-1 signals 1 < 300,1,0,0.07484822561864493,,,,insufficient,1,0,0.004583280603203805,0.23257674232576742,0,0,,,,,insufficient,0,0,-0.0029401843281673043,0.6681659170414792,0,0,,,,,insufficient,0,0,0.01282193987355051,0.0864567716141929,1,0,0.07484822561864493,,,,insufficient,1,0,-0.004403780857371184,0.9101089891010898,0,0,,,,,insufficient,0,0,-0.0027782823291678735,0.7851074462768616,0,0,,,,,insufficient,0,0,-0.0072832704579966,0.8845577211394303,1,0,0.07484822561864493,,,,insufficient,1,0,-0.012497077107289235,0.9999000099990001,0,0,,,,,insufficient,0,0,-0.0032872420924423967,0.8100949525237381,0,0,,,,,insufficient,0,0,-0.015653490876620692,0.9975012493753124,1,0,0.07484822561864493,,,,insufficient,1,0,-0.0006718536017158577,0.5652434756524347,0,0,,,,,insufficient,0,0,0.004184077942409298,0.18940529735132433,0,0,,,,,insufficient,0,0,0.004264030689985137,0.30184907546226886,,,,,,,,,,,,,,,,,,,,,,,,,,,,,,,,,,,,
N21_ST_RSI_ADX,4h,0,0,0,0,0,,,,,,,,,,,,0,0,0,0,0,,,,,,,,,,,,0,0,0,0,0,,,,,,,,,,,,False,period-1 signals 0 < 300,0,0,,,,,insufficient,0,0,0.05763643810056719,0.0015998400159984002,0,0,,,,,insufficient,0,0,-0.010029116923339174,0.6336831584207896,0,0,,,,,insufficient,0,0,0.05536243173724527,0.1889055472263868,0,0,,,,,insufficient,0,0,-0.012760416278983208,0.8824117588241176,0,0,,,,,insufficient,0,0,0.0011712290754151526,0.4682658670664668,0,0,,,,,insufficient,0,0,-0.06230229427764466,0.984007996001999,0,0,,,,,insufficient,0,0,-0.005119546356125694,0.6737326267373263,0,0,,,,,insufficient,0,0,0.00019581846093073493,0.504247876061969,0,0,,,,,insufficient,0,0,-0.031677646497275155,0.8195902048975512,0,0,,,,,insufficient,0,0,0.012735496657857136,0.24807519248075194,0,0,,,,,insufficient,0,0,0.007998923172499516,0.3918040979510245,0,0,,,,,insufficient,0,0,0.003913320455397971,0.4497751124437781,,,,,,,,,,,,,,,,,,,,,,,,,,,,,,,,,,,,
N22_VORTEX_PSAR,5m,133678,132921,132921,0,757,-0.061843361939322355,0.1274140278812227,0.44759669277239866,0.4074074074074074,0.32687837136344144,0.5444060757893786,0.721676785459032,0.5672090941235771,0.5035923593713559,5.196005161143883,4.180623590190379,102568,102355,102348,7,213,-0.06508974651638233,0.11944542150310705,0.47586665103372805,0.4388458983077344,0.3135088130691367,0.5634013366162505,0.7163012467268535,0.5736311408136945,0.5049439168327666,4.982276015173239,4.159256486633205,58594,57120,57120,0,1474,-0.048564595664642184,0.13837535014005603,0.40481442577030813,0.33585434173669465,0.34501050420168067,0.5105042016806722,0.7081057422969188,0.5952556022408964,0.5075980392156862,5.553513527982287,4.4334255337208095,True,,115985,16936,-0.06196345819812081,-0.06102089119199483,0.00094256700612598,0.31466853314668536,ok,153,0,0.0011849921836956656,0.38096190380961903,90123,12225,-0.06563516666131157,-0.061068895823420746,0.0045662708378908234,0.033483258370814596,ok,118,0,0.0013760361033146457,0.37681159420289856,49216,7904,-0.04876404165963212,-0.04732270116952258,0.0014413404901095425,0.3308345827086457,ok,79,0,0.004301800877892281,0.16041979010494753,73426,59495,-0.0628854788156749,-0.06055722909180473,-0.0023282497238701697,0.932906709329067,ok,153,0,0.0005069392753097729,0.37196280371962803,53644,48704,-0.06619685029397541,-0.06387035026463295,-0.002326500029342468,0.9160419790104948,ok,118,0,0.0038269698774358596,0.0024987506246876563,33997,23123,-0.05272955803370928,-0.042440986026568664,-0.010288572007140617,1.0,ok,79,0,-0.0014143883825450052,0.7521239380309845,78768,54153,-0.05827996067672202,-0.0670264910485592,-0.008746530371837188,1.0,ok,153,0,-0.008358487785678013,1.0,57433,44915,-0.06145793200331658,-0.06973376305715726,-0.008275831053840672,1.0,ok,118,0,-0.007818024480691688,1.0,37936,19184,-0.047230360004097645,-0.051203021645585545,-0.0039726616414879,0.9620189905047476,ok,79,0,-0.005758733441308124,1.0,89472,43449,-0.060928995481765356,-0.06372626363304466,-0.002797268151279307,0.9611038896110389,ok,153,0,-0.002864664691653189,0.9302069793020697,70261,32087,-0.06327973603918052,-0.06905313187926068,-0.005773395840080159,0.9985007496251874,ok,118,0,0.0003611309442502486,0.408295852073963,37413,19707,-0.047475652166236344,-0.050631914034046856,-0.0031562618678105114,0.8875562218890555,ok,79,0,0.002003895635624149,0.22588705647176413,0.31466853314668536,103.0,1.0,False,False,same sign,False,False,False,0.932906709329067,437.0,1.0,False,False,same sign,False,False,False,1.0,569.0,1.0,False,False,same sign,False,False,False,0.9611038896110389,475.0,1.0,False,False,same sign,False,False,False
N22_VORTEX_PSAR,15m,44971,43687,43687,0,1284,-0.046892570555577356,0.13562386980108498,0.4308146588229908,0.3933435575800581,0.32886213289994737,0.5330647561059354,0.7107377480715087,0.6511090255682469,0.5028269279190606,5.339722021999765,4.293539112963158,34553,34082,34082,0,471,-0.052708821909341536,0.12634235080100933,0.4478903820198345,0.41898949592160084,0.3186726131095593,0.5459186667449093,0.7031864327210845,0.6472624845959745,0.5065430432486356,5.203395395717155,4.283015024655659,19763,17690,17690,0,2073,-0.03453481269130548,0.13900508762012437,0.411984171848502,0.3529112492933861,0.3355568117580554,0.5182023742227247,0.7118145845110232,0.6745618993781798,0.49994347088750707,5.501939702076442,4.372605530342733,True,,37762,5925,-0.04706902560126991,-0.04576796373103015,0.0013010618702397614,0.37916208379162086,ok,153,0,-0.0047455316419545285,0.8665133486651335,29776,4306,-0.05250768690109634,-0.05409967095846114,-0.001591984057364798,0.6371814092953523,ok,118,0,0.0012366761336688736,0.40929535232383807,15231,2459,-0.03564571121570701,-0.027653928012509457,0.007991783203197555,0.12143928035982009,ok,79,0,-0.0022732292771020166,0.6786606696651675,24866,18821,-0.05009377946599038,-0.042663185253716124,-0.007430594212274259,0.9986001399860014,ok,153,0,-0.0023889796741096286,0.9211078892110789,18817,15265,-0.055876160838952756,-0.048804477550449,-0.007071683288503758,0.984007996001999,ok,118,0,0.002500904127473502,0.12693653173413294,10402,7288,-0.0365375449667172,-0.031676357541904746,-0.004861187424812452,0.816591704147926,ok,79,0,-0.003685220480004109,0.9070464767616192,26503,17184,-0.04377941273032416,-0.05169401502966287,-0.007914602299338713,0.9957004299570043,ok,153,0,-0.007927745541616002,1.0,19802,14280,-0.047795043400184596,-0.05952273241622707,-0.011727689016042472,1.0,ok,118,0,-0.009639461603640882,1.0,11447,6243,-0.03386032457044418,-0.03577153630487258,-0.001911211734428396,0.679160419790105,ok,79,0,-0.009875791482492936,1.0,29320,14367,-0.044270040001577346,-0.0522445992214979,-0.007974559219920553,0.9974002599740026,ok,153,0,-0.003785893589146369,0.9462053794620537,23221,10861,-0.05176996194025825,-0.05471612025591027,-0.0029461583156520227,0.7986006996501749,ok,118,0,-0.000501696013396967,0.5677161419290355,11754,5936,-0.0358228467443922,-0.03198434903564828,0.003838497708743921,0.21639180409795103,ok,79,0,-0.0016105893487045678,0.670664667666167,0.37916208379162086,121.0,1.0,False,False,same sign,False,False,False,0.9986001399860014,542.0,1.0,False,False,same sign,False,False,False,0.9957004299570043,532.0,1.0,False,False,same sign,False,False,False,0.9974002599740026,536.0,1.0,False,False,opposite sign,False,False,False
N22_VORTEX_PSAR,30m,22608,20573,20573,0,2035,-0.03985496699219436,0.12914985660817577,0.4444660477324649,0.39576143489039034,0.3196908569484275,0.5489719535313274,0.7190978466922666,0.6892042968939872,0.5053225100860351,5.214730966375638,4.235682618841487,16803,15958,15957,1,845,-0.04031657529233856,0.13028764805414553,0.445321802343799,0.4101648179482359,0.31515949113241837,0.549288713417309,0.7036410352823212,0.6927367299617723,0.5054834868709657,5.192188816263396,4.301808878236395,9705,7410,7410,0,2295,-0.03283429651292488,0.14035087719298245,0.4234817813765182,0.3697705802968961,0.33643724696356275,0.5309041835357625,0.7323886639676114,0.7036437246963563,0.5072874493927125,5.393297096772061,4.181702316450979,True,,17916,2657,-0.03994062710685222,-0.03927736570720747,0.0006632613996447531,0.46125387461253875,ok,153,0,-0.0014321698491517182,0.6224377562243776,13878,2079,-0.04080847281935916,-0.03703299959248674,0.003775473226872425,0.2908545727136432,ok,118,0,-0.006338796181296985,0.9095452273863068,6370,1040,-0.03407375597402011,-0.025242607313716574,0.008831148660303538,0.18790604697651175,ok,79,0,-0.0026254732972140343,0.6736631684157921,11429,9144,-0.04431747894865272,-0.034277315072863364,-0.010040163875789355,0.9879012098790121,ok,153,0,-0.0007101234829941724,0.6244375562443756,8851,7106,-0.037985427666567144,-0.04322017614171977,0.005234748475152623,0.1634182908545727,ok,118,0,0.000732652860884829,0.3893053473263368,4272,3138,-0.03390865025288327,-0.03137169639275209,-0.002536953860131176,0.616191904047976,ok,79,0,-0.0036108595968234493,0.8085957021489255,12431,8142,-0.03463828947248898,-0.04781965849888283,-0.01318136902639385,0.9984001599840016,ok,153,0,-0.010937194944315609,1.0,9412,6545,-0.038202159281382285,-0.04335719920297575,-0.005155039921593468,0.8620689655172413,ok,118,0,-0.0037867120198740653,0.9515242378810594,4670,2740,-0.030550102110214247,-0.03672743076863973,-0.00617732865842548,0.8255872063968016,ok,79,0,-0.013903275165194521,1.0,13996,6577,-0.04020827394466999,-0.039103122061853936,0.001105151882816055,0.41105889411058893,ok,153,0,-0.001340681180744402,0.6561343865613438,10928,5029,-0.043030239861962645,-0.03441979135580009,0.008610448506162556,0.05347326336831584,ok,118,0,-0.004023747616625883,0.8750624687656172,4917,2493,-0.034595145258482056,-0.0293613349076683,0.005233810350813755,0.2868565717141429,ok,79,0,0.007091831958621751,0.05847076461769116,0.46125387461253875,160.0,1.0,False,False,same sign,False,False,False,0.9879012098790121,513.0,1.0,False,False,same sign,False,False,False,0.9984001599840016,540.0,1.0,False,False,same sign,False,False,False,0.41105889411058893,137.0,1.0,False,False,same sign,False,False,False
N22_VORTEX_PSAR,1h,11035,8266,8266,0,2769,-0.027892423772283813,0.13513186547302203,0.4367287684490685,0.39402371158964433,0.33026857004597143,0.5402855068957174,0.7178804742317929,0.7332446165013308,0.511492862327607,5.271197854662591,4.231335091727881,8281,6879,6876,3,1402,-0.03913719098594302,0.13554392088423503,0.44502617801047123,0.3865619546247818,0.32431646305991857,0.5426119837114601,0.7011343804537522,0.7220767888307156,0.5101803374054683,5.239183812311914,4.379455311445521,4697,2537,2537,0,2160,-0.02059245531979841,0.1411115490737091,0.43437130469057944,0.40047299960583366,0.3429247142294048,0.5376428852975956,0.7489160425699646,0.7489160425699646,0.5100512416239653,5.31558793843367,4.011834843387688,True,,7149,1117,-0.030751527474766786,-0.009593648150931295,0.02115787932383549,0.015898410158984102,ok,152,0,0.004583280603203805,0.23257674232576742,5944,932,-0.03890529961397563,-0.04061612050844744,-0.001710820894471811,0.551224387806097,ok,118,0,-0.0029401843281673043,0.6681659170414792,2179,358,-0.02411468922616721,0.000845946026507799,0.02496063525267501,0.06896551724137931,ok,74,0,0.01282193987355051,0.0864567716141929,4656,3610,-0.030658341659734623,-0.024325079261488528,-0.006333262398246095,0.8181181881811819,ok,152,0,-0.004403780857371184,0.9101089891010898,3816,3060,-0.04363661267431336,-0.03352614746868118,-0.010110465205632177,0.8960519740129935,ok,118,0,-0.0027782823291678735,0.7851074462768616,1435,1102,-0.026846122309605217,-0.012449068631619854,-0.014397053677985362,0.8385807096451774,ok,74,0,-0.0072832704579966,0.8845577211394303,5009,3257,-0.027995858744722817,-0.02773334923223254,0.00026250951249027696,0.4914508549145086,ok,152,0,-0.012497077107289235,0.9999000099990001,4218,2658,-0.03542047257952176,-0.04503527911170858,-0.009614806532186819,0.9025487256371814,ok,118,0,-0.0032872420924423967,0.8100949525237381,1521,1016,-0.02437160573623511,-0.014934888603853313,0.009436717132381795,0.23888055972013994,ok,74,0,-0.015653490876620692,0.9975012493753124,5536,2730,-0.026525536757487377,-0.030664250334156724,-0.004138713576669346,0.7003299670032996,ok,152,0,-0.0006718536017158577,0.5652434756524347,4646,2230,-0.03737596744045471,-0.04280653833676753,-0.005430570896312818,0.7571214392803598,ok,118,0,0.004184077942409298,0.18940529735132433,1667,870,-0.019476092263553423,-0.022731509589637947,-0.003255417326084524,0.5702148925537232,ok,74,0,0.004264030689985137,0.30184907546226886,0.015898410158984102,4.0,1.0,False,False,same sign,False,False,False,0.8181181881811819,346.0,1.0,False,False,same sign,False,False,False,0.4914508549145086,169.0,1.0,False,False,same sign,False,False,False,0.7003299670032996,276.0,1.0,False,False,same sign,False,False,False
N22_VORTEX_PSAR,4h,2722,490,490,0,2232,-0.032472504891445333,0.14489795918367346,0.42448979591836733,0.46122448979591835,0.3489795918367347,0.5448979591836735,0.7653061224489796,0.7408163265306122,0.5265306122448979,5.257594829857255,3.787287063305751,2022,403,402,1,1619,-0.000409019350530024,0.14925373134328357,0.44776119402985076,0.40298507462686567,0.3283582089552239,0.5522388059701493,0.7437810945273632,0.7860696517412935,0.4701492537313433,5.16420610923754,4.017508625378097,1059,84,84,0,975,-0.014938345689366386,0.19047619047619047,0.42857142857142855,0.39285714285714285,0.35714285714285715,0.5119047619047619,0.6785714285714286,0.7619047619047619,0.5119047619047619,5.472189282597292,4.488215521897407,True,,419,71,-0.028287443259910866,-0.057170262970500825,-0.02888281971058996,0.7042295770422957,ok,82,0,0.05763643810056719,0.0015998400159984002,342,60,-0.0002650122615498214,-0.0012298597577171703,-0.0009648474961673489,0.5167416291854073,ok,92,0,-0.010029116923339174,0.6336831584207896,68,16,-0.021452738793495203,0.012747825003181132,0.03420056379667633,,insufficient,20,0,0.05536243173724527,0.1889055472263868,282,208,-0.06251577495186568,0.008259236248163018,-0.0707750112000287,0.9909009099090091,ok,82,0,-0.012760416278983208,0.8824117588241176,222,180,0.004007697376728692,-0.005856303314149095,0.009864000690877787,0.3853073463268366,ok,92,0,0.0011712290754151526,0.4682658670664668,48,36,0.023799783790342154,-0.06658918499564442,0.09038896878598658,0.11944027986006997,ok,20,0,-0.06230229427764466,0.984007996001999,264,226,-0.012703977370231245,-0.055564944119766216,-0.04286096674953497,0.8555144485551445,ok,82,0,-0.005119546356125694,0.6737326267373263,240,162,0.004923352701148621,-0.008308829797461342,-0.013232182498609963,0.6376811594202898,ok,92,0,0.00019581846093073493,0.504247876061969,51,33,-0.006185532080222505,-0.028465421267134177,-0.02227988918691167,0.6291854072963519,ok,20,0,-0.031677646497275155,0.8195902048975512,319,171,-0.008039028119786145,-0.07805308436606101,-0.07001405624627487,0.9745025497450255,ok,82,0,0.012735496657857136,0.24807519248075194,270,132,-0.0005986392771954818,-2.116040962340093e-05,0.0005774788675720809,0.5052473763118441,ok,92,0,0.007998923172499516,0.3918040979510245,54,30,-0.07691902740282369,0.0966268813948568,0.1735459087976805,0.0034982508745627187,ok,20,0,0.003913320455397971,0.4497751124437781,0.7042295770422957,278.0,1.0,False,False,no data,False,False,False,0.9909009099090091,520.0,1.0,False,False,opposite sign,False,False,False,0.8555144485551445,374.0,1.0,False,False,same sign,False,False,False,0.9745025497450255,495.0,1.0,False,False,opposite sign,False,False,False
N23_HA_ST,5m,189269,188104,188104,0,1165,-0.06224676970553069,0.08904116871517884,0.3506783481478331,0.3083081699485391,0.4496980393824693,0.44357908391102796,0.7423978224811806,0.5675105260919492,0.48860204992982603,6.109554380219718,4.560339013035585,136648,136299,136297,2,349,-0.06324744558068311,0.08375826320461932,0.3492006427140729,0.31583967365385884,0.46416282089847904,0.4316309236446877,0.7499504757991738,0.5725657938179124,0.5044131565625068,6.188512945830468,4.504456279821077,94026,91359,91359,0,2667,-0.050724670377149304,0.09417791350605852,0.3493689729528563,0.28284022373274664,0.437548572116595,0.4543723114307293,0.7292549174137195,0.5939863614969516,0.5072187742860583,6.049417445567623,4.762961640211923,True,,171355,16749,-0.06236243279342555,-0.06106344840717109,0.001298984386254462,0.27617238276172384,ok,153,0,0.0011849921836956656,0.38096190380961903,124881,11416,-0.06337165139773454,-0.06188874317710937,0.001482908220625169,0.2928535732133933,ok,118,0,0.0013760361033146457,0.37681159420289856,82755,8604,-0.05089811134836259,-0.049056480282686755,0.0018416310656758361,0.2513743128435782,ok,79,0,0.004301800877892281,0.16041979010494753,122140,65964,-0.06300031161734414,-0.06085149942008869,-0.002148812197255448,0.9104089591040896,ok,153,0,0.0005069392753097729,0.37196280371962803,88702,47595,-0.0644406677700712,-0.061023657480187295,-0.0034170102898838997,0.9760119940029985,ok,118,0,0.0038269698774358596,0.0024987506246876563,59441,31918,-0.052685848228792256,-0.04707236219118812,-0.005613486037604136,0.9940029985007496,ok,79,0,-0.0014143883825450052,0.7521239380309845,130110,57994,-0.06069058487911858,-0.06573808273385223,-0.00504749785473365,0.9992000799920008,ok,153,0,-0.008358487785678013,1.0,93249,43048,-0.06207837290910272,-0.06577984795831278,-0.0037014750492100554,0.9910044977511244,ok,118,0,-0.007818024480691688,1.0,65519,25840,-0.04955244848338833,-0.05369691520134922,-0.0041444667179608916,0.9560219890054973,ok,79,0,-0.005758733441308124,1.0,103514,84590,-0.06204228911748059,-0.06249699554299867,-0.0004547064255180852,0.6274372562743725,ok,153,0,-0.002864664691653189,0.9302069793020697,73033,63264,-0.061359702398741986,-0.06542668729487616,-0.0040669848961341765,0.992503748125937,ok,118,0,0.0003611309442502486,0.408295852073963,51385,39974,-0.05069895497590144,-0.05075772651096433,-5.877153506288896e-05,0.5302348825587206,ok,79,0,0.002003895635624149,0.22588705647176413,0.27617238276172384,92.0,1.0,False,False,same sign,False,False,False,0.9104089591040896,421.0,1.0,False,False,same sign,False,False,False,0.9992000799920008,546.0,1.0,False,False,same sign,False,False,False,0.6274372562743725,238.0,1.0,False,False,same sign,False,False,False
N23_HA_ST,15m,64038,61757,61757,0,2281,-0.04545056750184761,0.09373836164321453,0.34640607542464824,0.3087099438120375,0.44827307025924185,0.44053305698139483,0.7428793497093447,0.6542740094240329,0.49683436695435335,6.146057861814363,4.575444348363803,46635,45825,45820,5,810,-0.046864592028030276,0.08649061545176778,0.34175032736796157,0.307900480139677,0.46403317328677435,0.425927542557835,0.7484504583151462,0.657158446093409,0.5096682671322567,6.245683759326739,4.541246127614049,30818,27203,27203,0,3615,-0.0444760914489302,0.09366613976399661,0.3546667646950704,0.29165900819762525,0.43223173914641766,0.45781715251994265,0.7389258537661287,0.657427489615116,0.5273315443149652,6.013350562135784,4.668758008837763,True,,55968,5789,-0.04498693427036235,-0.04993296941923699,-0.004946035148874643,0.88001199880012,ok,153,0,-0.0047455316419545285,0.8665133486651335,41857,3963,-0.047158234713496054,-0.04376315324792908,0.003395081465566975,0.18990504747626186,ok,118,0,0.0012366761336688736,0.40929535232383807,24655,2548,-0.04482694398245083,-0.04108116632571538,0.0037457776567354495,0.272863568215892,ok,79,0,-0.0022732292771020166,0.6786606696651675,40364,21393,-0.04813234268700201,-0.040390633244213235,-0.007741709442788777,0.9936006399360064,ok,153,0,-0.0023889796741096286,0.9211078892110789,30161,15659,-0.048064552115642555,-0.04455333356947775,-0.0035112185461648043,0.8495752123938031,ok,118,0,0.002500904127473502,0.12693653173413294,17555,9648,-0.04421787314769642,-0.044945932066483986,0.0007280589187875636,0.4382808595702149,ok,79,0,-0.003685220480004109,0.9070464767616192,42692,19065,-0.043092699442819515,-0.05073050997108587,-0.007637810528266356,0.9972002799720028,ok,153,0,-0.007927745541616002,1.0,31712,14108,-0.044385902576206906,-0.05243619678392923,-0.008050294207722325,0.993503248375812,ok,118,0,-0.009639461603640882,1.0,19269,7934,-0.04264026722230108,-0.048934686990008656,-0.006294419767707574,0.9355322338830585,ok,79,0,-0.009875791482492936,1.0,34073,27684,-0.044085929186171345,-0.04713014131090834,-0.003044212124736996,0.859014098590141,ok,153,0,-0.003785893589146369,0.9462053794620537,24558,21262,-0.04536910260521717,-0.0485919097425183,-0.00322280713730113,0.8540729635182409,ok,118,0,-0.000501696013396967,0.5677161419290355,15445,11758,-0.04577087508805033,-0.04277529766544571,0.002995577422604624,0.26686656671664166,ok,79,0,-0.0016105893487045678,0.670664667666167,0.88001199880012,399.0,1.0,False,False,opposite sign,False,False,False,0.9936006399360064,526.0,1.0,False,False,opposite sign,False,False,False,0.9972002799720028,535.0,1.0,False,False,same sign,False,False,False,0.859014098590141,379.0,1.0,False,False,opposite sign,False,False,False
N23_HA_ST,30m,31607,28353,28353,0,3254,-0.04114091374744093,0.0923006383804183,0.35636440588297535,0.30987902514725074,0.43018375480548793,0.4571297569922054,0.7420378795894614,0.6880047966705464,0.5034387895460798,6.016847788409546,4.59823752445218,23590,22207,22207,0,1383,-0.04001323928453729,0.09127752510469672,0.34322510919980187,0.30963209798712116,0.45755842752285314,0.4301346422299275,0.7470617372900437,0.6910433647048227,0.5139820777232404,6.225206696526955,4.555956506879857,15355,11393,11393,0,3962,-0.03168159729091741,0.09997366804178004,0.3625032914947775,0.31510576669885015,0.4328096199420697,0.46335469147722286,0.7520407267620469,0.7071008513999825,0.5380496796278417,5.951498116233765,4.514987784623556,True,,25736,2617,-0.04065104443484716,-0.0459583675605526,-0.005307323125705435,0.8382161783821618,ok,153,0,-0.0014321698491517182,0.6224377562243776,20180,2027,-0.04047548178011678,-0.03541133816919736,0.005064143610919419,0.21989005497251374,ok,118,0,-0.006338796181296985,0.9095452273863068,10254,1139,-0.0289369972881179,-0.0563902262889034,-0.027453229000785503,0.9985007496251874,ok,79,0,-0.0026254732972140343,0.6736631684157921,18249,10104,-0.04256297979203437,-0.038572496957280024,-0.0039904828347543456,0.8236176382361764,ok,153,0,-0.0007101234829941724,0.6244375562443756,14585,7622,-0.04078528027210496,-0.03853590816361438,-0.002249372108490577,0.6891554222888556,ok,118,0,0.000732652860884829,0.3893053473263368,7263,4130,-0.04075549194902401,-0.015724285692411775,-0.025031206256612235,1.0,ok,79,0,-0.0036108595968234493,0.8085957021489255,19567,8786,-0.03502382086646395,-0.05476408201537589,-0.019740261148911933,1.0,ok,153,0,-0.010937194944315609,1.0,15331,6876,-0.0382195360997227,-0.044012550443116756,-0.005793014343394055,0.9000499750124937,ok,118,0,-0.0037867120198740653,0.9515242378810594,7803,3590,-0.032530455356672316,-0.029836572364152627,0.0026938829925196896,0.3378310844577711,ok,79,0,-0.013903275165194521,1.0,16156,12197,-0.03967688934432402,-0.04308014292320191,-0.003403253578877892,0.8052194780521947,ok,153,0,-0.001340681180744402,0.6561343865613438,12046,10161,-0.038773248059063986,-0.04148326529595854,-0.0027100172368945546,0.7486256871564217,ok,118,0,-0.004023747616625883,0.8750624687656172,6462,4931,-0.025510283358045966,-0.03976900970913182,-0.01425872635108585,0.9885057471264368,ok,79,0,0.007091831958621751,0.05847076461769116,0.8382161783821618,360.0,1.0,False,False,same sign,False,False,False,0.8236176382361764,351.0,1.0,False,False,same sign,False,False,False,1.0,570.0,1.0,False,False,opposite sign,False,False,False,0.8052194780521947,339.0,1.0,False,False,same sign,False,False,False
N23_HA_ST,1h,15760,11445,11445,0,4315,-0.03448810140258733,0.10301441677588466,0.36592398427260814,0.31900393184796855,0.4255133245958934,0.46771515945827874,0.7468763652249891,0.7190039318479685,0.4917431192660551,5.917568220089078,4.530200118996755,11812,9644,9644,0,2168,-0.033242864509843206,0.0941518042306097,0.3503732890916632,0.30599336374948155,0.45022812111157196,0.4397552882621319,0.7467855661551224,0.725114060555786,0.5328701783492327,6.139539173658165,4.585091409445137,7607,3908,3908,0,3699,-0.02075200037930118,0.09160696008188332,0.3733367451381781,0.34390992835209827,0.4242579324462641,0.47620266120777893,0.7587001023541453,0.7425793244626407,0.5422210849539406,5.839339605152508,4.398974894937055,True,,10266,1179,-0.03225775174685559,-0.05390860145834825,-0.021650849711492656,0.9823017698230176,ok,152,0,0.004583280603203805,0.23257674232576742,8736,908,-0.03226520108853755,-0.04264910641350641,-0.010383905324968856,0.816591704147926,ok,118,0,-0.0029401843281673043,0.6681659170414792,3550,358,-0.022727804814919664,-0.0011595262272185124,0.02156827858770115,0.08195902048975512,ok,73,0,0.01282193987355051,0.0864567716141929,7257,4188,-0.03603547409937285,-0.03180680157914596,-0.004228672520226885,0.748025197480252,ok,152,0,-0.004403780857371184,0.9101089891010898,6265,3379,-0.033958442513604026,-0.031916112158981554,-0.002042330354622472,0.5992003998001,ok,118,0,-0.0027782823291678735,0.7851074462768616,2449,1459,-0.02965255460498314,-0.005812002230778149,-0.02384055237420499,0.9850074962518741,ok,73,0,-0.0072832704579966,0.8845577211394303,7794,3651,-0.030378423442577396,-0.043261267663972564,-0.012882844221395167,0.9675032496750325,ok,152,0,-0.012497077107289235,0.9999000099990001,6693,2951,-0.03009747248689099,-0.040376754313170615,-0.010279281826279626,0.9255372313843079,ok,118,0,-0.0032872420924423967,0.8100949525237381,2564,1344,-0.018916496339396703,-0.02425366136019039,-0.005337165020793688,0.6731634182908546,ok,73,0,-0.015653490876620692,0.9975012493753124,6575,4870,-0.030923898495732464,-0.03930014126143144,-0.008376242765698979,0.8905109489051095,ok,152,0,-0.0006718536017158577,0.5652434756524347,5302,4342,-0.03405443373504891,-0.03225186035690892,0.0018025733781399933,0.384807596201899,ok,118,0,0.004184077942409298,0.18940529735132433,2250,1658,-0.014513047064042574,-0.02921861374439881,-0.014705566680356236,0.9340329835082459,ok,73,0,0.004264030689985137,0.30184907546226886,0.9823017698230176,508.0,1.0,False,False,opposite sign,False,False,False,0.748025197480252,299.0,1.0,False,False,same sign,False,False,False,0.9675032496750325,484.0,1.0,False,False,same sign,False,False,False,0.8905109489051095,403.0,1.0,False,False,same sign,False,False,False
N23_HA_ST,4h,3992,645,645,0,3347,0.01045006904513682,0.08527131782945736,0.4248062015503876,0.3364341085271318,0.39689922480620154,0.5054263565891473,0.765891472868217,0.8155038759689922,0.5038759689922481,5.496133090214282,4.258132361533898,2998,561,561,0,2437,0.006259692578842325,0.10695187165775401,0.38146167557932265,0.3155080213903743,0.41354723707664887,0.5026737967914439,0.7433155080213903,0.803921568627451,0.6274509803921569,5.6473466452039105,4.497905417489875,1809,133,133,0,1676,-0.09345758375406595,0.20300751879699247,0.3007518796992481,0.3609022556390977,0.42105263157894735,0.41353383458646614,0.7142857142857143,0.6917293233082706,0.6015037593984962,6.391269339467121,4.709064856218868,True,,590,55,0.006741099799309402,0.050237193682194606,0.0434960938828852,0.20037996200379962,ok,89,0,0.05763643810056719,0.0015998400159984002,501,60,0.0030560378220713335,0.03301020979788014,0.02995417197580881,0.25737131434282856,ok,93,0,-0.010029116923339174,0.6336831584207896,106,27,-0.11688952043318175,-0.0014655360508706264,0.11542398438231112,,insufficient,25,0,0.05536243173724527,0.1889055472263868,371,274,0.013710787432379141,0.006035008747082434,0.007675778685296708,0.39536046395360464,ok,89,0,-0.012760416278983208,0.8824117588241176,347,214,0.0026128964229919444,0.012172955504450196,-0.009560059081458253,0.6526736631684158,ok,93,0,0.0011712290754151526,0.4682658670664668,93,40,-0.09538471621411918,-0.08897700078444222,-0.006407715429676955,0.552223888055972,ok,25,0,-0.06230229427764466,0.984007996001999,428,217,0.013239737973479576,0.004947864891539119,-0.008291873081940456,0.617038296170383,ok,89,0,-0.005119546356125694,0.6737326267373263,384,177,-0.0047986442977442706,0.03025066071787766,0.03504930501562193,0.13143428285857073,ok,93,0,0.00019581846093073493,0.504247876061969,85,48,-0.0793235404343286,-0.11848661879943412,-0.03916307836510552,0.712143928035982,ok,25,0,-0.031677646497275155,0.8195902048975512,389,256,0.00766325030016955,0.014684727216200361,0.0070214769160308116,0.39076092390760925,ok,89,0,0.012735496657857136,0.24807519248075194,329,232,-0.002385629493999557,0.01851965362179484,0.020905283115794395,0.2653673163418291,ok,93,0,0.007998923172499516,0.3918040979510245,77,56,-0.12874970674562392,-0.04493091464067373,0.08381879210495019,0.14642678660669664,ok,25,0,0.003913320455397971,0.4497751124437781,0.20037996200379962,56.0,1.0,False,False,no data,False,False,True,0.39536046395360464,130.0,1.0,False,False,opposite sign,False,False,False,0.617038296170383,232.0,1.0,False,False,same sign,False,False,False,0.39076092390760925,128.0,1.0,False,False,same sign,False,False,False
N24_DMI,5m,76583,76250,76250,0,333,-0.06294686215957646,0.127527868852459,0.4794622950819672,0.35211803278688525,0.28316065573770494,0.6016655737704918,0.6600524590163934,0.5595934426229509,0.15308852459016392,4.719752166226407,4.740270768978735,59026,58956,58951,5,70,-0.06739924279372499,0.12099879560991332,0.4978880765381418,0.3905616528981697,0.27904530881579614,0.6059778460077013,0.6682329392207087,0.559345897440247,0.15490831368424623,4.639081100817848,4.601391751120413,34428,33665,33665,0,763,-0.051011165952618606,0.13521461458488043,0.4529333135303728,0.30506460715877026,0.27726125055695827,0.6005940888162781,0.6387048863805139,0.5887717213723451,0.14739343531858012,4.809622732288648,4.998142819851296,True,,66526,9724,-0.06332320035070885,-0.060372173296631804,0.0029510270540770434,0.13928607139286073,ok,153,0,0.0011849921836956656,0.38096190380961903,51818,7133,-0.06832543998255841,-0.06067084156970003,0.007654598412858378,0.0029985007496251873,ok,118,0,0.0013760361033146457,0.37681159420289856,29113,4552,-0.05052659440443559,-0.05411031610249827,-0.003583721698062682,0.7951024487756122,ok,79,0,0.004301800877892281,0.16041979010494753,39691,36559,-0.06471348319126002,-0.061028895164621656,-0.0036845880266383677,0.9643035696430357,ok,153,0,0.0005069392753097729,0.37196280371962803,29600,29351,-0.06875074859205926,-0.06603627145950489,-0.002714477132554377,0.894552723638181,ok,118,0,0.0038269698774358596,0.0024987506246876563,18417,15248,-0.053032907870541816,-0.048569244329953874,-0.004463663540587942,0.904047976011994,ok,79,0,-0.0014143883825450052,0.7521239380309845,49401,26849,-0.0613204315763003,-0.06593942416354032,-0.004618992587240016,0.979002099790021,ok,153,0,-0.008358487785678013,1.0,35927,23024,-0.06409849176810256,-0.0725497849279127,-0.008451293159810136,0.999000499750125,ok,118,0,-0.007818024480691688,1.0,23395,10270,-0.04960223983615496,-0.05422069141461149,-0.004618451578456535,0.9030484757621189,ok,79,0,-0.005758733441308124,1.0,54659,21591,-0.06121230903828546,-0.06733799453216897,-0.006125685493883516,0.9953004699530047,ok,153,0,-0.002864664691653189,0.9302069793020697,42501,16450,-0.06564948672020914,-0.0719199955524179,-0.006270508832208768,0.9970014992503748,ok,118,0,0.0003611309442502486,0.408295852073963,24331,9334,-0.050542709806352365,-0.05223229371079344,-0.001689583904441072,0.6761619190404797,ok,79,0,0.002003895635624149,0.22588705647176413,0.13928607139286073,35.0,1.0,False,False,opposite sign,False,False,False,0.9643035696430357,479.0,1.0,False,False,same sign,False,False,False,0.979002099790021,505.0,1.0,False,False,same sign,False,False,False,0.9953004699530047,531.0,1.0,False,False,same sign,False,False,False
N24_DMI,15m,25156,24529,24529,0,627,-0.05015876335956328,0.13376003913734763,0.4648375392392678,0.3569244567654613,0.28627339068041907,0.5907293407803008,0.6589750907089568,0.6443801214888499,0.16784214603122835,4.836275487946861,4.738776153051524,19355,19172,19172,0,183,-0.05245728961714314,0.12147924055914876,0.4897245983726268,0.3790945128312122,0.27587106196536615,0.6034842478614646,0.6572605883580221,0.6390569580638431,0.1692050907573545,4.681608476308995,4.690139046089739,11147,10095,10095,0,1052,-0.03562614624092596,0.1352154531946508,0.45487865279841505,0.3224368499257058,0.27429420505200597,0.6014858841010401,0.6465577018325904,0.6771669143140169,0.1586924219910847,4.786627592071148,4.902869155950927,True,,21248,3281,-0.04994374669230799,-0.05155122728697578,-0.0016074805946677886,0.6375362463753624,ok,153,0,-0.0047455316419545285,0.8665133486651335,16843,2329,-0.05166306562832784,-0.058201005651327804,-0.006537940022999962,0.8580709645177411,ok,118,0,0.0012366761336688736,0.40929535232383807,8730,1365,-0.03628984350070156,-0.03138140112895453,0.004908442371747028,0.28585707146426786,ok,79,0,-0.0022732292771020166,0.6786606696651675,13127,11402,-0.049530270798593866,-0.05088234008714139,0.0013520692885475236,0.35176482351764826,ok,153,0,-0.0023889796741096286,0.9211078892110789,9783,9389,-0.05089034808435197,-0.05408998628508393,0.0031996382007319565,0.2513743128435782,ok,118,0,0.002500904127473502,0.12693653173413294,5503,4592,-0.03393206864790724,-0.037656309349458614,0.003724240701551376,0.26436781609195403,ok,79,0,-0.003685220480004109,0.9070464767616192,15774,8755,-0.04768600228343875,-0.05461396989466189,-0.006927967611223142,0.9575042495750425,ok,153,0,-0.007927745541616002,1.0,11904,7268,-0.048994075052920166,-0.05812956619563936,-0.009135491142719193,0.9805097451274363,ok,118,0,-0.009639461603640882,1.0,6840,3255,-0.033487142416001855,-0.04012101142141162,-0.0066338690054097635,0.8050974512743628,ok,79,0,-0.009875791482492936,1.0,17507,7022,-0.048100600532979536,-0.055290101526040296,-0.00718950099306076,0.9641035896410359,ok,153,0,-0.003785893589146369,0.9462053794620537,13883,5289,-0.05190336796909926,-0.05391126848645558,-0.0020079005173563244,0.6416791604197901,ok,118,0,-0.000501696013396967,0.5677161419290355,7326,2769,-0.03660290462266535,-0.03304191658956345,0.0035609880331018973,0.3268365817091454,ok,79,0,-0.0016105893487045678,0.670664667666167,0.6375362463753624,243.0,1.0,False,False,opposite sign,False,False,False,0.35176482351764826,111.0,1.0,False,False,same sign,False,False,False,0.9575042495750425,471.0,1.0,False,False,same sign,False,False,False,0.9641035896410359,478.0,1.0,False,False,opposite sign,False,False,False
N24_DMI,30m,12081,11071,11071,0,1010,-0.042972140237810326,0.13711498509619727,0.4743925571312438,0.3504651792972631,0.28127540420919517,0.5947972179568242,0.6582964501851685,0.6828651431668322,0.18842019691084816,4.794596919735584,4.777089530477005,9368,8972,8971,1,396,-0.04424250415828327,0.12205997101772377,0.4832237208783859,0.35235759670047934,0.2757775052948389,0.6069557462936127,0.6471965221268532,0.676736149816074,0.1842603946048378,4.6864819162243085,4.8158396416231355,5391,4175,4175,0,1216,-0.04085037684845343,0.14347305389221557,0.47760479041916165,0.354251497005988,0.277125748502994,0.610059880239521,0.6605988023952096,0.697245508982036,0.1674251497005988,4.688839680374055,4.742060411275896,True,,9553,1518,-0.04195443724869113,-0.04937669666406573,-0.007422259415374603,0.832016798320168,ok,153,0,-0.0014321698491517182,0.6224377562243776,7876,1095,-0.04437145816404061,-0.04331497744655285,0.0010564807174877622,0.47626186906546725,ok,118,0,-0.006338796181296985,0.9095452273863068,3576,599,-0.042422073262211,-0.031467427974334855,0.010954645287876145,0.19290354822588707,ok,79,0,-0.0026254732972140343,0.6736631684157921,5819,5252,-0.046329103595547906,-0.039252762899905744,-0.007076340695642162,0.8817118288171183,ok,153,0,-0.0007101234829941724,0.6244375562443756,4636,4335,-0.041872710908053085,-0.04677684360651099,0.004904132698457908,0.2193903048475762,ok,118,0,0.000732652860884829,0.3893053473263368,2181,1994,-0.038788808367490664,-0.043105281992375115,0.004316473624884451,0.36031984007996004,ok,79,0,-0.0036108595968234493,0.8085957021489255,7191,3880,-0.039043046980976666,-0.0502541272506688,-0.011211080269692135,0.9677032296770323,ok,153,0,-0.010937194944315609,1.0,5810,3161,-0.040933587910320764,-0.050324378059157134,-0.00939079014883637,0.9025487256371814,ok,118,0,-0.0037867120198740653,0.9515242378810594,2696,1479,-0.037104120258570544,-0.047679252958206145,-0.0105751326996356,0.8440779610194903,ok,79,0,-0.013903275165194521,1.0,7957,3114,-0.0391786334195843,-0.052665439451883685,-0.013486806032299382,0.9756024397560243,ok,153,0,-0.001340681180744402,0.6561343865613438,6497,2474,-0.04451685438396626,-0.04352202985906647,0.0009948245248997956,0.4567716141929036,ok,118,0,-0.004023747616625883,0.8750624687656172,3018,1157,-0.042281635292886206,-0.03711698187412489,0.0051646534187613155,0.32983508245877063,ok,79,0,0.007091831958621751,0.05847076461769116,0.832016798320168,354.0,1.0,False,False,opposite sign,False,False,False,0.8817118288171183,400.0,1.0,False,False,opposite sign,False,False,False,0.9677032296770323,485.0,1.0,False,False,same sign,False,False,False,0.9756024397560243,498.0,1.0,False,False,opposite sign,False,False,False
N24_DMI,1h,6130,4692,4692,0,1438,-0.03303091022525557,0.1285166240409207,0.46334185848252346,0.3582693947144075,0.2898550724637681,0.5937766410912191,0.6649616368286445,0.7244245524296675,0.18861892583120204,4.816041363103403,4.688887964040178,4750,3993,3993,0,757,-0.026767844996378243,0.13398447282744805,0.473328324567994,0.34510393188079136,0.2664663160530929,0.613824192336589,0.6496368645128976,0.72702228900576,0.1730528424743301,4.648512499210129,4.8233366977887,2574,1384,1384,0,1190,-0.06111989887476247,0.15823699421965318,0.4718208092485549,0.36416184971098264,0.28395953757225434,0.6141618497109826,0.6705202312138728,0.7044797687861272,0.17702312138728324,4.682921799655488,4.668440453998686,True,,4089,603,-0.033439504913800065,-0.030260191018856825,0.0031793138949432406,0.39956004399560047,ok,151,0,0.004583280603203805,0.23257674232576742,3458,535,-0.030658701265915068,-0.0016190955009420542,0.029039605764973015,0.03948025987006497,ok,118,0,-0.0029401843281673043,0.6681659170414792,1165,219,-0.06578161154624665,-0.03632129037120503,0.029460321175041618,0.0814592703648176,ok,72,0,0.01282193987355051,0.0864567716141929,2518,2174,-0.03404543441031097,-0.03185585415443244,-0.00218958025587853,0.5922407759224078,ok,151,0,-0.004403780857371184,0.9101089891010898,2103,1890,-0.018601680502958094,-0.03585432326604099,0.017252642763082894,0.035982008995502246,ok,118,0,-0.0027782823291678735,0.7851074462768616,731,653,-0.055700750303356805,-0.06718635768900066,0.011485607385643859,0.2753623188405797,ok,72,0,-0.0072832704579966,0.8845577211394303,3011,1681,-0.03346680838946873,-0.03225013130054063,0.0012166770889281003,0.44665533446655337,ok,151,0,-0.012497077107289235,0.9999000099990001,2615,1378,-0.020483243232834996,-0.03869399420658548,-0.018210750973750484,0.9460269865067467,ok,118,0,-0.0032872420924423967,0.8100949525237381,880,504,-0.05690671110808423,-0.06847625846737525,-0.01156954735929102,0.7806096951524237,ok,72,0,-0.015653490876620692,0.9975012493753124,3332,1360,-0.03556943485883055,-0.026811524872996872,0.00875790998583368,0.17548245175482452,ok,151,0,-0.0006718536017158577,0.5652434756524347,2929,1064,-0.024533245681128756,-0.032919293675293414,-0.008386047994164657,0.7471264367816092,ok,118,0,0.004184077942409298,0.18940529735132433,991,393,-0.06779395390906959,-0.044290411498176335,0.023503542410893252,0.09745127436281859,ok,72,0,0.004264030689985137,0.30184907546226886,0.39956004399560047,134.0,1.0,False,False,same sign,False,False,False,0.5922407759224078,219.0,1.0,False,False,opposite sign,False,False,False,0.44665533446655337,153.0,1.0,False,False,opposite sign,False,False,False,0.17548245175482452,50.0,1.0,False,False,same sign,False,False,False
N24_DMI,4h,1449,249,249,0,1200,-0.01726347087294967,0.11646586345381527,0.5100401606425703,0.37751004016064255,0.2289156626506024,0.6506024096385542,0.6265060240963856,0.7590361445783133,0.14457831325301204,4.354190383668403,4.911866541985129,1200,245,244,1,955,-0.05132955235486477,0.10655737704918032,0.47540983606557374,0.29508196721311475,0.29508196721311475,0.6065573770491803,0.6721311475409836,0.7336065573770492,0.1721311475409836,4.68422687076869,4.774940403372058,607,46,46,0,561,-0.021725280546893492,0.10869565217391304,0.4782608695652174,0.41304347826086957,0.32608695652173914,0.5652173913043478,0.6086956521739131,0.717391304347826,0.17391304347826086,4.959567402762501,5.015711577668663,True,,220,29,-0.021807120960167146,0.017205598754217365,0.03901271971438451,,insufficient,66,0,0.05763643810056719,0.0015998400159984002,218,26,-0.05754006705394504,0.0007432247374236944,0.058283291791368735,,insufficient,72,0,-0.010029116923339174,0.6336831584207896,41,5,-0.02310448244206074,-0.010415825006522028,0.012688657435538713,,insufficient,19,0,0.05536243173724527,0.1889055472263868,122,127,0.03555613314854325,-0.06800356292509249,0.10355969607363574,0.035596440355964404,ok,66,0,-0.012760416278983208,0.8824117588241176,128,116,0.007162145168730571,-0.1158721151395217,0.12303426030825226,0.001999000499750125,ok,72,0,0.0011712290754151526,0.4682658670664668,24,22,-0.021186771116134744,-0.022312745380448463,0.0011259742643137186,,insufficient,19,0,-0.06230229427764466,0.984007996001999,155,94,-0.006702072672293142,-0.03467854237403226,-0.027976469701739122,0.7392260773922608,ok,66,0,-0.005119546356125694,0.6737326267373263,172,72,-0.03229469084856633,-0.09680172150879995,-0.06450703066023362,0.9385307346326837,ok,72,0,0.00019581846093073493,0.504247876061969,27,19,0.020182265398187918,-0.08127810899516705,-0.10146037439335497,,insufficient,19,0,-0.031677646497275155,0.8195902048975512,192,57,-0.036586562664324064,0.04782483831904825,0.08441140098337231,0.0324967503249675,ok,66,0,0.012735496657857136,0.24807519248075194,172,72,-0.0662723491922339,-0.015632871021149606,0.0506394781710843,0.1374312843578211,ok,72,0,0.007998923172499516,0.3918040979510245,31,15,-0.04978098068366869,0.036256499735775265,0.08603748041944395,,insufficient,19,0,0.003913320455397971,0.4497751124437781,1.0,571.0,1.0,False,False,no data,False,False,True,0.035596440355964404,11.0,1.0,False,False,no data,False,False,False,0.7392260773922608,292.0,1.0,False,False,no data,False,False,False,0.0324967503249675,9.0,1.0,False,False,no data,False,False,False
N25_DST_CCI,5m,85064,84712,84712,0,352,-0.062427465061804126,0.03418641986967608,0.49333034280857496,0.3002172065350836,0.07508971574275192,0.795082160732836,0.348817168760034,0.5633794503730286,0.47559967891207855,3.4775233386788367,6.935063246667364,63873,63800,63797,3,73,-0.06581945839517835,0.028324215872219696,0.5086602818314341,0.31595529570355974,0.0792670501747731,0.7866984340956471,0.3588256501089393,0.5706851419345738,0.47303164725614055,3.496863232574784,6.819032932468639,36820,36036,36036,0,784,-0.05611904711508482,0.03724053724053724,0.4443889443889444,0.2612110112110112,0.06826506826506827,0.7958985458985459,0.3096625596625597,0.5808358308358308,0.49253524253524256,3.6128881944957416,7.303727781846836,True,,81816,2896,-0.06240948471550915,-0.06293543467936946,-0.0005259499638603088,0.5471452854714528,ok,153,0,0.0011849921836956656,0.38096190380961903,61990,1807,-0.06586687564038499,-0.06419278710001508,0.0016740885403699057,0.4007996001999001,ok,118,0,0.0013760361033146457,0.37681159420289856,34694,1342,-0.05622253912927663,-0.053443524059666916,0.0027790150696097166,0.31984007996002,ok,79,0,0.004301800877892281,0.16041979010494753,42921,41791,-0.06104351884060551,-0.06384883224038483,0.0028053133997793245,0.08639136086391361,ok,153,0,0.0005069392753097729,0.37196280371962803,31346,32451,-0.06534157350639558,-0.06628107066363799,0.000939497157242411,0.344327836081959,ok,118,0,0.0038269698774358596,0.0024987506246876563,20022,16014,-0.057293135704736264,-0.054651106454287925,-0.0026420292504483397,0.8180909545227386,ok,79,0,-0.0014143883825450052,0.7521239380309845,59280,25432,-0.06001973336283052,-0.06803969906287187,-0.008019965700041348,1.0,ok,153,0,-0.008358487785678013,1.0,43640,20157,-0.06255094677815475,-0.07289580145053921,-0.010344854672384468,1.0,ok,118,0,-0.007818024480691688,1.0,26623,9413,-0.05521516822498465,-0.058675508146757704,-0.0034603399217730535,0.8430784607696152,ok,79,0,-0.005758733441308124,1.0,78351,6361,-0.062027320731473046,-0.06735620400627346,-0.005328883274800411,0.9337066293370663,ok,153,0,-0.002864664691653189,0.9302069793020697,58740,5057,-0.06523555864627661,-0.0726017940191624,-0.0073662353728857904,0.9665167416291854,ok,118,0,0.0003611309442502486,0.408295852073963,33576,2460,-0.05681928662193144,-0.046561631797246684,0.010257654824684756,0.034482758620689655,ok,79,0,0.002003895635624149,0.22588705647176413,0.5471452854714528,198.0,1.0,False,False,opposite sign,False,False,False,0.08639136086391361,18.0,1.0,False,False,opposite sign,False,False,False,1.0,572.0,1.0,False,False,same sign,False,False,False,0.9337066293370663,438.0,1.0,False,False,opposite sign,False,False,False
N25_DST_CCI,15m,27412,26688,26688,0,724,-0.04425864328868519,0.03608363309352518,0.48355065947242204,0.30227068345323743,0.07538968824940048,0.784884592326139,0.35626498800959233,0.6585731414868106,0.46968675059952036,3.5738139425952298,6.888008117250536,21063,20845,20837,8,218,-0.053141450857232944,0.03220233238949945,0.4858184959447137,0.3138647598022748,0.08561693142007007,0.7747756394874502,0.3642078994097039,0.6439506646830158,0.4686375197965158,3.6335109466606896,6.807430565326382,12439,11261,11261,0,1178,-0.04336060078290716,0.03543202202291093,0.45884024509368615,0.2822129473403783,0.06926560696208152,0.7976201047864311,0.3407335050173164,0.6566912352366575,0.47677826125566114,3.5500182614392495,7.057037541887715,True,,25725,963,-0.044106185756684596,-0.04833130165910618,-0.004225115902421583,0.6764323567643236,ok,153,0,-0.0047455316419545285,0.8665133486651335,20166,671,-0.053389793657974395,-0.04567784292913701,0.007711950728837388,0.21389305347326337,ok,118,0,0.0012366761336688736,0.40929535232383807,10862,399,-0.04330554869255096,-0.04485928701210273,-0.0015537383195517729,0.5352323838080959,ok,79,0,-0.0022732292771020166,0.6786606696651675,13783,12905,-0.04561686109402283,-0.042808018258776726,-0.0028088428352461073,0.7533246675332467,ok,153,0,-0.0023889796741096286,0.9211078892110789,10714,10123,-0.05131490861208973,-0.05507463011382333,0.0037597215017335997,0.1889055472263868,ok,118,0,0.002500904127473502,0.12693653173413294,6094,5167,-0.04189413898551029,-0.045090157236039846,0.0031960182505295573,0.3058470764617691,ok,79,0,-0.003685220480004109,0.9070464767616192,18621,8067,-0.04289382550240266,-0.047409042693466026,-0.0045152171910633684,0.8793120687931207,ok,153,0,-0.007927745541616002,1.0,14297,6540,-0.05220261691773353,-0.05519382223842914,-0.0029912053206956127,0.7486256871564217,ok,118,0,-0.009639461603640882,1.0,8083,3178,-0.04045445135243958,-0.05075216964586168,-0.010297718293422103,0.968015992003998,ok,79,0,-0.009875791482492936,1.0,24676,2012,-0.04410772078144128,-0.04610961932683159,-0.0020018985453903043,0.6123387661233877,ok,153,0,-0.003785893589146369,0.9462053794620537,19053,1784,-0.05358131213231281,-0.04844376202646109,0.005137550105851721,0.22988505747126436,ok,118,0,-0.000501696013396967,0.5677161419290355,10481,780,-0.044542584686726124,-0.02747807091633468,0.017064513770391445,0.062468765617191405,ok,79,0,-0.0016105893487045678,0.670664667666167,0.6764323567643236,263.0,1.0,False,False,same sign,False,False,False,0.7533246675332467,305.0,1.0,False,False,opposite sign,False,False,False,0.8793120687931207,397.0,1.0,False,False,same sign,False,False,False,0.6123387661233877,229.0,1.0,False,False,opposite sign,False,False,False
N25_DST_CCI,30m,13575,12554,12554,0,1021,-0.0421213958620893,0.03903138441930859,0.4676597100525729,0.3210132228771706,0.08435558387764856,0.7812649354787319,0.37868408475386334,0.6854389039350008,0.48056396367691573,3.64877570169813,6.705384488478759,10566,10076,10072,4,490,-0.04726098287472365,0.03733121525019857,0.4583995234312947,0.3214853057982526,0.0932287529785544,0.7664813343923749,0.37569499602859413,0.6793089753772835,0.4609809372517871,3.7651866122955453,6.71866904403126,5699,4359,4359,0,1340,-0.02710059943125322,0.035329203945859144,0.47786189493002984,0.2927276898371186,0.07387015370497821,0.8075246616196375,0.35214498738242717,0.7061252580867171,0.47166781371874283,3.4513086991533632,6.955734318719929,True,,12064,490,-0.042047777166378315,-0.04393391819894115,-0.0018861410325628353,0.5558444155584441,ok,153,0,-0.0014321698491517182,0.6224377562243776,9696,376,-0.04658415758954118,-0.06471443490964184,-0.018130277320100655,0.856071964017991,ok,118,0,-0.006338796181296985,0.9095452273863068,4205,154,-0.027110128542198807,-0.02684040520056363,0.00026972334163517797,0.49325337331334335,ok,79,0,-0.0026254732972140343,0.6736631684157921,6683,5871,-0.04108052642960126,-0.04330622475279236,0.002225698323191097,0.3561643835616438,ok,153,0,-0.0007101234829941724,0.6244375562443756,5455,4617,-0.048272709892555506,-0.04606562422575835,-0.0022070856667971567,0.6336831584207896,ok,118,0,0.000732652860884829,0.3893053473263368,2276,2083,-0.030137221910955015,-0.023782619227796065,-0.00635460268315895,0.7496251874062968,ok,79,0,-0.0036108595968234493,0.8085957021489255,8524,4030,-0.04138065390739915,-0.043688166190074124,-0.0023075122826749714,0.6786321367863214,ok,153,0,-0.010937194944315609,1.0,6834,3238,-0.04817021349936607,-0.04534199520060186,0.002828218298764215,0.3408295852073963,ok,118,0,-0.0037867120198740653,0.9515242378810594,3083,1276,-0.020269278927674977,-0.04360605484859786,-0.02333677592092288,0.9920039980009995,ok,79,0,-0.013903275165194521,1.0,11495,1059,-0.04195858170213726,-0.0438886751525981,-0.001930093450460843,0.5772422757724227,ok,153,0,-0.001340681180744402,0.6561343865613438,9133,939,-0.04663471563772588,-0.05335224876982555,-0.006717533132099669,0.7381309345327336,ok,118,0,-0.004023747616625883,0.8750624687656172,4037,322,-0.02565150382279174,-0.04526829810006995,-0.01961679427727821,0.8950524737631185,ok,79,0,0.007091831958621751,0.05847076461769116,0.5558444155584441,201.0,1.0,False,False,opposite sign,False,False,False,0.3561643835616438,112.0,1.0,False,False,opposite sign,False,False,False,0.6786321367863214,265.0,1.0,False,False,same sign,False,False,False,0.5772422757724227,209.0,1.0,False,False,same sign,False,False,False
N25_DST_CCI,1h,6680,5164,5164,0,1516,-0.03207205028653229,0.04047250193648334,0.4713400464756003,0.3270720371804802,0.08346243222308287,0.7935708752904725,0.3867157242447715,0.7269558481797056,0.45875290472501934,3.547203620096568,6.620883191314746,5172,4383,4382,1,789,-0.04256807758519131,0.02921040620721132,0.44637151985394796,0.3226837060702875,0.0807850296668188,0.7884527612962118,0.37015061615700595,0.7122318575992698,0.4591510725696029,3.6559857982317188,6.728517597834447,2749,1501,1501,0,1248,-0.025363254279101004,0.04063957361758828,0.4630246502331779,0.2971352431712192,0.06928714190539641,0.7994670219853431,0.3624250499666889,0.7521652231845436,0.41305796135909395,3.5773075764697464,6.857441193844126,True,,4955,209,-0.032739883251845577,-0.016238976874439873,0.016500906377405703,0.207979202079792,ok,152,0,0.004583280603203805,0.23257674232576742,4254,128,-0.0430373137466602,-0.026973307031373298,0.0160640067152869,0.30184907546226886,ok,118,0,-0.0029401843281673043,0.6681659170414792,1440,61,-0.027444731488706416,0.02377325689846936,0.05121798838717578,0.038980509745127435,ok,72,0,0.01282193987355051,0.0864567716141929,2730,2434,-0.028811902430385,-0.03572866641113464,0.006916763980749641,0.24857514248575144,ok,152,0,-0.004403780857371184,0.9101089891010898,2426,1956,-0.04587343714429052,-0.0384684854121981,-0.007404951732092421,0.7691154422788605,ok,118,0,-0.0027782823291678735,0.7851074462768616,806,695,-0.021834999074324967,-0.029455014991402417,0.0076200159170774495,0.3503248375812094,ok,72,0,-0.0072832704579966,0.8845577211394303,3475,1689,-0.02999502084383187,-0.036345393870537014,-0.0063503730267051445,0.7726227377262274,ok,152,0,-0.012497077107289235,0.9999000099990001,2968,1414,-0.042987685780561426,-0.04168731582857285,0.001300369951988574,0.4257871064467766,ok,118,0,-0.0032872420924423967,0.8100949525237381,1055,446,-0.020293897833113448,-0.03735466919057381,-0.01706077135746036,0.8220889555222389,ok,72,0,-0.015653490876620692,0.9975012493753124,4733,431,-0.03295553634321042,-0.022370102476189885,0.010585433867020533,0.22847715228477153,ok,152,0,-0.0006718536017158577,0.5652434756524347,4028,354,-0.04202520354089591,-0.04874518676717391,-0.006719983226278002,0.6301849075462269,ok,118,0,0.004184077942409298,0.18940529735132433,1397,104,-0.025376697170008313,-0.02518268006181718,0.00019401710819113432,0.49075462268865566,ok,72,0,0.004264030689985137,0.30184907546226886,0.207979202079792,60.0,1.0,False,False,same sign,False,False,False,0.24857514248575144,81.0,1.0,False,False,same sign,False,False,False,0.7726227377262274,318.0,1.0,False,False,same sign,False,False,False,0.22847715228477153,71.0,1.0,False,False,same sign,False,False,False
N25_DST_CCI,4h,1485,266,266,0,1219,-0.0033399303070887998,0.06390977443609022,0.45864661654135336,0.3157894736842105,0.11654135338345864,0.7556390977443609,0.39849624060150374,0.7857142857142857,0.462406015037594,3.8629850725678936,6.534010281923887,1160,252,251,1,908,-0.007067909140103709,0.035856573705179286,0.4581673306772908,0.26693227091633465,0.06374501992031872,0.8286852589641435,0.3147410358565737,0.8087649402390438,0.50199203187251,3.464422088107887,7.199980634860715,642,59,59,0,583,-0.05121536971651579,0.05084745762711865,0.4915254237288136,0.4067796610169492,0.0847457627118644,0.8305084745762712,0.423728813559322,0.7627118644067796,0.3728813559322034,3.221641733421877,6.201197803930425,True,,249,17,-0.013831798803158503,0.15033508472357915,0.16416688352673764,,insufficient,62,0,0.05763643810056719,0.0015998400159984002,242,9,-0.010664132044732405,0.08963052896213441,0.10029466100686682,,insufficient,80,0,-0.010029116923339174,0.6336831584207896,56,3,-0.0515821017391198,-0.044369705294574124,0.007212396444545674,,insufficient,17,0,0.05536243173724527,0.1889055472263868,144,122,-0.022354294865651363,0.01910325408990308,-0.041457548955554445,0.8465153484651535,ok,62,0,-0.012760416278983208,0.8824117588241176,136,115,6.0288205403161645e-05,-0.015497777305224891,0.015558065510628053,0.3818090954522739,ok,80,0,0.0011712290754151526,0.4682658670664668,30,29,-0.05316509874934141,-0.04919840864807548,-0.003966690101265928,,insufficient,17,0,-0.06230229427764466,0.984007996001999,182,84,-0.006701751358216356,0.003944015303687601,0.010645766661903956,0.38806119388061194,ok,62,0,-0.005119546356125694,0.6737326267373263,184,67,-0.004306604919362807,-0.01465119237318322,-0.010344587453820414,0.5992003998001,ok,80,0,0.00019581846093073493,0.504247876061969,35,24,-0.03331274165804356,-0.07732336896845443,-0.044010627310410874,,insufficient,17,0,-0.031677646497275155,0.8195902048975512,235,31,-0.0016157331703532014,-0.016410456988794134,-0.014794723818440932,0.6279372062793721,ok,62,0,0.012735496657857136,0.24807519248075194,235,16,-0.015165984582716716,0.11187257392327482,0.12703855850599155,,insufficient,80,0,0.007998923172499516,0.3918040979510245,54,5,-0.05999923372520354,0.04365036157731197,0.10364959530251551,,insufficient,17,0,0.003913320455397971,0.4497751124437781,1.0,573.0,1.0,False,False,no data,False,False,True,0.8465153484651535,369.0,1.0,False,False,no data,False,False,False,0.38806119388061194,126.0,1.0,False,False,no data,False,False,False,0.6279372062793721,239.0,1.0,False,False,no data,False,False,False
S1_EMA_RSI_CHOP,5m,235,231,231,0,4,-0.08005698134313151,0.3203463203463203,0.27705627705627706,0.004329004329004329,0.047619047619047616,0.31601731601731603,0.05627705627705628,0.5800865800865801,0.3939393939393939,7.117686041189203,9.633400395088755,162,162,162,0,0,-0.018762794332038882,0.25308641975308643,0.35185185185185186,0.030864197530864196,0.05555555555555555,0.37037037037037035,0.1111111111111111,0.691358024691358,0.5246913580246914,6.492817815778519,9.203196748004244,157,152,152,0,5,-0.039604070384640665,0.28289473684210525,0.18421052631578946,0.0,0.046052631578947366,0.2236842105263158,0.05263157894736842,0.6578947368421053,0.4473684210526316,8.004371545326416,9.674065293285466,False,period-1 signals 235 < 300,157,74,-0.05843604677810527,-0.12592842359595746,-0.0674923768178522,0.9714028597140286,ok,100,0,0.0011849921836956656,0.38096190380961903,121,41,-0.014310302550710308,-0.0319030749549842,-0.01759277240427389,0.6471764117941029,ok,79,0,0.0013760361033146457,0.37681159420289856,109,43,-0.021868761078686214,-0.08456101722996705,-0.06269225615128084,0.8750624687656172,ok,58,0,0.004301800877892281,0.16041979010494753,167,64,-0.09125487771516846,-0.05083747049734763,-0.04041740721782083,0.847015298470153,ok,100,0,0.0005069392753097729,0.37196280371962803,105,57,-0.026705922602026397,-0.004130715939956628,-0.022575206662069768,0.7081459270364817,ok,79,0,0.0038269698774358596,0.0024987506246876563,124,28,-0.05064841929793659,0.009306617659955623,-0.05995503695789221,,insufficient,58,0,-0.0014143883825450052,0.7521239380309845,230,1,-0.08068530997026811,0.06445860289829218,0.1451439128685603,,insufficient,100,0,-0.008358487785678013,1.0,157,5,-0.01731864989938201,-0.06410892951746512,-0.04679027961808312,,insufficient,79,0,-0.007818024480691688,1.0,152,0,-0.03960407038464066,,,,insufficient,58,0,-0.005758733441308124,1.0,220,11,-0.082413537418603,-0.03292585983370146,0.04948767758490154,,insufficient,100,0,-0.002864664691653189,0.9302069793020697,153,9,-0.015589073203209272,-0.07271605352214248,-0.057126980318933214,,insufficient,79,0,0.0003611309442502486,0.408295852073963,145,7,-0.036852377285349756,-0.09660342744138074,-0.05975105015603099,,insufficient,58,0,0.002003895635624149,0.22588705647176413,,,,,,,,,,,,,,,,,,,,,,,,,,,,,,,,,,,,
S1_EMA_RSI_CHOP,15m,103,91,91,0,12,-0.03156384227625192,0.45054945054945056,0.23076923076923078,0.0,0.08791208791208792,0.24175824175824176,0.14285714285714285,0.7252747252747253,0.31868131868131866,7.740571511758679,9.127895896454325,77,75,75,0,2,-0.04625343899551357,0.3333333333333333,0.36,0.0,0.05333333333333334,0.38666666666666666,0.08,0.6933333333333334,0.36,6.343731758063518,9.587950002002843,50,40,40,0,10,-0.0301830265475722,0.425,0.15,0.0,0.075,0.15,0.1,0.7,0.35,8.536747392304004,9.410233580934115,False,period-1 signals 103 < 300,50,41,-0.008925457733951831,-0.059171628303447146,-0.05024617056949532,0.8156184381561844,ok,59,0,-0.0047455316419545285,0.8665133486651335,50,25,-0.019218738234909324,-0.10032284051672204,-0.08110410228181271,,insufficient,41,0,0.0012366761336688736,0.40929535232383807,23,17,-0.057490987171129194,0.006763037825475516,0.06425402499660471,,insufficient,25,0,-0.0022732292771020166,0.6786606696651675,70,21,-0.04188047737711754,0.0028249413933001295,-0.04470541877041767,,insufficient,59,0,-0.0023889796741096286,0.9211078892110789,48,27,-0.08368632131091713,0.020293907342981667,-0.1039802286538988,,insufficient,41,0,0.002500904127473502,0.12693653173413294,34,6,-0.009888820059304724,-0.14518352998108783,0.1352947099217831,,insufficient,25,0,-0.003685220480004109,0.9070464767616192,91,0,-0.03156384227625191,,,,insufficient,59,0,-0.007927745541616002,1.0,75,0,-0.04625343899551357,,,,insufficient,41,0,-0.009639461603640882,1.0,40,0,-0.030183026547572194,,,,insufficient,25,0,-0.009875791482492936,1.0,83,8,-0.029661950797195608,-0.05129596637146108,-0.021634015574265475,,insufficient,59,0,-0.003785893589146369,0.9462053794620537,71,4,-0.04259309563646259,-0.1112245336186683,-0.06863143798220571,,insufficient,41,0,-0.000501696013396967,0.5677161419290355,37,3,-0.04449298394832755,0.14630644806174384,0.19079943201007138,,insufficient,25,0,-0.0016105893487045678,0.670664667666167,,,,,,,,,,,,,,,,,,,,,,,,,,,,,,,,,,,,
S1_EMA_RSI_CHOP,30m,68,50,50,0,18,-0.14986955566360058,0.4,0.34,0.0,0.12,0.36,0.24,0.56,0.38,6.635782292706494,8.576303930870495,37,34,34,0,3,-0.13520366354379507,0.38235294117647056,0.3235294117647059,0.0,0.058823529411764705,0.3235294117647059,0.11764705882352941,0.5294117647058824,0.2647058823529412,6.995824221828231,9.314893084293981,30,19,19,0,11,0.06041569344083118,0.42105263157894735,0.05263157894736842,0.0,0.10526315789473684,0.05263157894736842,0.10526315789473684,0.8421052631578947,0.47368421052631576,9.488431808934036,9.448290099389615,False,period-1 signals 68 < 300,30,20,-0.17596261795623658,-0.1107299622246466,0.06523265573158998,,insufficient,40,0,-0.0014321698491517182,0.6224377562243776,21,13,-0.17284608480205627,-0.07439667535737314,0.09844940944468313,,insufficient,23,0,-0.006338796181296985,0.9095452273863068,11,8,0.013570292439904562,0.12482811981710527,0.11125782737720072,,insufficient,15,0,-0.0026254732972140343,0.6736631684157921,33,17,-0.15616824344699323,-0.13764269114289718,-0.018525552304096055,,insufficient,40,0,-0.0007101234829941724,0.6244375562443756,23,11,-0.11632903013197456,-0.1746688061321471,0.05833977600017255,,insufficient,23,0,0.000732652860884829,0.3893053473263368,18,1,0.05883162837696083,0.08892886459049737,-0.030097236213536542,,insufficient,15,0,-0.0036108595968234493,0.8085957021489255,50,0,-0.1498695556636006,,,,insufficient,40,0,-0.010937194944315609,1.0,34,0,-0.1352036635437951,,,,insufficient,23,0,-0.0037867120198740653,0.9515242378810594,19,0,0.06041569344083117,,,,insufficient,15,0,-0.013903275165194521,1.0,44,6,-0.12422889718300736,-0.33790105118795094,-0.21367215400494358,,insufficient,40,0,-0.001340681180744402,0.6561343865613438,32,2,-0.12597816712063162,-0.2828116063144109,-0.15683343919377926,,insufficient,23,0,-0.004023747616625883,0.8750624687656172,17,2,0.08012865998956263,-0.10714452222338627,-0.18727318221294892,,insufficient,15,0,0.007091831958621751,0.05847076461769116,,,,,,,,,,,,,,,,,,,,,,,,,,,,,,,,,,,,
S1_EMA_RSI_CHOP,1h,42,23,23,0,19,-0.012718541665763018,0.43478260869565216,0.21739130434782608,0.0,0.17391304347826086,0.21739130434782608,0.21739130434782608,0.8260869565217391,0.43478260869565216,7.961155338548122,8.759066782359044,21,18,18,0,3,0.04230908605666153,0.2777777777777778,0.2222222222222222,0.0,0.2777777777777778,0.2222222222222222,0.2777777777777778,0.8888888888888888,0.5,7.883475207799344,8.252557754094655,17,6,6,0,11,0.0005902719240270249,0.6666666666666666,0.0,0.0,0.5,0.0,0.5,0.8333333333333334,0.16666666666666666,10.0,6.904748337809131,False,period-1 signals 42 < 300,13,10,0.07184524098279695,-0.12265145910889094,-0.1944967000916879,,insufficient,20,0,0.004583280603203805,0.23257674232576742,13,5,0.041820797644625686,0.04357863592795472,0.0017578382833290315,,insufficient,11,0,-0.0029401843281673043,0.6681659170414792,2,4,-0.19099133761713705,0.09638107669460907,0.2873724143117461,,insufficient,6,0,0.01282193987355051,0.0864567716141929,18,5,-0.06809778420614597,0.1866467314796156,-0.25474451568576156,,insufficient,20,0,-0.004403780857371184,0.9101089891010898,14,4,0.015822123352007517,0.13501345552295058,-0.11919133217094306,,insufficient,11,0,-0.0027782823291678735,0.7851074462768616,6,0,0.0005902719240270295,,,,insufficient,6,0,-0.0072832704579966,0.8845577211394303,23,0,-0.012718541665763018,,,,insufficient,20,0,-0.012497077107289235,0.9999000099990001,18,0,0.04230908605666153,,,,insufficient,11,0,-0.0032872420924423967,0.8100949525237381,6,0,0.0005902719240270295,,,,insufficient,6,0,-0.015653490876620692,0.9975012493753124,19,4,0.02695461195024276,-0.2011660213417904,-0.22812063329203316,,insufficient,20,0,-0.0006718536017158577,0.5652434756524347,13,5,0.1180318945663151,-0.15457021606843777,-0.27260211063475287,,insufficient,11,0,0.004184077942409298,0.18940529735132433,3,3,-0.05489413223946616,0.05607467608752021,0.11096880832698637,,insufficient,6,0,0.004264030689985137,0.30184907546226886,,,,,,,,,,,,,,,,,,,,,,,,,,,,,,,,,,,,
S1_EMA_RSI_CHOP,4h,10,3,3,0,7,-0.24104551772235386,0.0,0.6666666666666666,0.0,0.0,0.6666666666666666,0.3333333333333333,0.3333333333333333,1.0,3.7900963734408992,8.123132346233335,4,1,1,0,3,0.13010223538402652,0.0,0.0,0.0,0.0,0.0,0.0,1.0,0.0,10.0,10.0,5,0,0,0,5,,,,,,,,,,,,False,period-1 signals 10 < 300,3,0,-0.24104551772235383,,,,insufficient,2,0,0.05763643810056719,0.0015998400159984002,1,0,0.13010223538402652,,,,insufficient,1,0,-0.010029116923339174,0.6336831584207896,0,0,,,,,insufficient,0,0,0.05536243173724527,0.1889055472263868,1,2,0.4247161019938,-0.5739263275804307,0.9986424295742307,,insufficient,2,0,-0.012760416278983208,0.8824117588241176,1,0,0.13010223538402652,,,,insufficient,1,0,0.0011712290754151526,0.4682658670664668,0,0,,,,,insufficient,0,0,-0.06230229427764466,0.984007996001999,3,0,-0.24104551772235383,,,,insufficient,2,0,-0.005119546356125694,0.6737326267373263,1,0,0.13010223538402652,,,,insufficient,1,0,0.00019581846093073493,0.504247876061969,0,0,,,,,insufficient,0,0,-0.031677646497275155,0.8195902048975512,3,0,-0.24104551772235383,,,,insufficient,2,0,0.012735496657857136,0.24807519248075194,1,0,0.13010223538402652,,,,insufficient,1,0,0.007998923172499516,0.3918040979510245,0,0,,,,,insufficient,0,0,0.003913320455397971,0.4497751124437781,,,,,,,,,,,,,,,,,,,,,,,,,,,,,,,,,,,,
S3_CMO_SANDWICH,5m,13162,13087,13087,0,75,-0.05886877925934053,0.06273401085046229,0.6193168793459158,0.4946893864139986,0.14999617941468632,0.7520440131428134,0.6171009398639872,0.5712539160999465,0.48743027431802555,3.434283002258458,4.6711636999162875,9995,9977,9976,1,18,-0.06335105646211127,0.05503207698476343,0.653167602245389,0.531776263031275,0.14945870088211707,0.7634322373696872,0.6315156375300722,0.580793905372895,0.4878708901363272,3.269106274031262,4.472884591588266,5982,5825,5825,0,157,-0.05709685815260422,0.06866952789699571,0.5701287553648069,0.45356223175965665,0.14506437768240343,0.7433476394849785,0.5893562231759657,0.5763090128755365,0.49648068669527895,3.5945858190618707,4.96973127210459,True,,12266,821,-0.05905402045673897,-0.056101217106734845,0.0029528033500041267,0.37276272372762725,ok,153,0,0.0011849921836956656,0.38096190380961903,9427,549,-0.06282838802667413,-0.07232591136350629,-0.009497523336832153,0.8270864567716142,ok,118,0,0.0013760361033146457,0.37681159420289856,5425,400,-0.05821284171948485,-0.04196133102678577,0.016251510692699075,0.10994502748625687,ok,79,0,0.004301800877892281,0.16041979010494753,4982,8105,-0.05942409613103671,-0.05852743581026091,-0.0008966603207758023,0.5851414858514149,ok,153,0,0.0005069392753097729,0.37196280371962803,3460,6516,-0.0676555221246957,-0.06106538255288135,-0.006590139571814341,0.9315342328835582,ok,118,0,0.0038269698774358596,0.0024987506246876563,2504,3321,-0.058857132588334825,-0.05576962924954205,-0.003087503338792777,0.6686656671664168,ok,79,0,-0.0014143883825450052,0.7521239380309845,6613,6474,-0.0563070678087558,-0.06148549192889828,-0.00517842412014248,0.8653134686531346,ok,153,0,-0.008358487785678013,1.0,4671,5305,-0.05401618282493837,-0.0715703203187059,-0.01755413749376753,0.9995002498750625,ok,118,0,-0.007818024480691688,1.0,3183,2642,-0.05366385784089641,-0.061232830897557274,-0.007568973056660863,0.8420789605197402,ok,79,0,-0.005758733441308124,1.0,11124,1963,-0.05801195136080206,-0.0637242828473904,-0.00571233148658834,0.8403159684031597,ok,153,0,-0.002864664691653189,0.9302069793020697,8485,1491,-0.06003750403717196,-0.08220785882670548,-0.022170354789533518,1.0,ok,118,0,0.0003611309442502486,0.408295852073963,4980,845,-0.058530729339603425,-0.048646351038691776,0.009884378300911649,0.1409295352323838,ok,79,0,0.002003895635624149,0.22588705647176413,0.37276272372762725,118.0,1.0,False,False,same sign,False,False,False,0.5851414858514149,213.0,1.0,False,False,same sign,False,False,False,0.8653134686531346,385.0,1.0,False,False,same sign,False,False,False,0.8403159684031597,361.0,1.0,False,False,opposite sign,False,False,False
S3_CMO_SANDWICH,15m,4612,4510,4510,0,102,-0.04691357311897665,0.06696230598669622,0.6126385809312639,0.4842572062084257,0.14900221729490024,0.7501108647450111,0.6121951219512195,0.6536585365853659,0.46430155210643015,3.4777684577880885,4.737736896605434,3648,3599,3599,0,49,-0.05506484813978737,0.06335093081411503,0.6332314531814393,0.5018060572381217,0.15226451792164492,0.7460405668241178,0.6118366212836899,0.6460127813281467,0.46762989719366493,3.4537500501461387,4.709588640018867,1864,1686,1686,0,178,-0.04134244962411805,0.0771055753262159,0.5480427046263345,0.4555160142348754,0.1553973902728351,0.7123368920521945,0.5954922894424673,0.6589561091340451,0.4851720047449585,3.86873891458949,4.922095582897712,True,,4208,302,-0.047153500617611165,-0.04357047737641353,0.003583023241197636,0.3975602439756024,ok,153,0,-0.0047455316419545285,0.8665133486651335,3371,228,-0.055321565715403316,-0.05126925626521981,0.0040523094501835055,0.41529235382308843,ok,118,0,0.0012366761336688736,0.40929535232383807,1556,130,-0.0454819198719848,0.008203825034963877,0.053685744906948676,0.008995502248875561,ok,79,0,-0.0022732292771020166,0.6786606696651675,1747,2763,-0.041802656149786406,-0.050145122863882674,0.008342466714096268,0.14578542145785423,ok,153,0,-0.0023889796741096286,0.9211078892110789,1320,2279,-0.046317116340774594,-0.06013154668068112,0.013814430339906522,0.079960019990005,ok,118,0,0.002500904127473502,0.12693653173413294,762,924,-0.04181253883993969,-0.040954778647433986,-0.0008577601925057049,0.5212393803098451,ok,79,0,-0.003685220480004109,0.9070464767616192,2326,2184,-0.045974925233031136,-0.04791325030886186,-0.0019383250758307213,0.5951404859514049,ok,153,0,-0.007927745541616002,1.0,1793,1806,-0.05110054746687006,-0.059000612872091206,-0.007900065405221146,0.8455772113943029,ok,118,0,-0.009639461603640882,1.0,918,768,-0.030539363992656315,-0.05425551291797465,-0.02371614892531834,0.9640179910044977,ok,79,0,-0.009875791482492936,1.0,3838,672,-0.04687636055932129,-0.04712610556534168,-0.0002497450060203882,0.5114488551144886,ok,153,0,-0.003785893589146369,0.9462053794620537,3051,548,-0.05825633476102012,-0.037296188137267004,0.020960146623753118,0.06596701649175413,ok,118,0,-0.000501696013396967,0.5677161419290355,1424,262,-0.04202350630521375,-0.0376408285787735,0.00438267772644025,0.39780109945027486,ok,79,0,-0.0016105893487045678,0.670664667666167,0.3975602439756024,131.0,1.0,False,False,same sign,False,False,False,0.14578542145785423,37.0,1.0,False,False,opposite sign,False,False,False,0.5951404859514049,220.0,1.0,False,False,same sign,False,False,False,0.5114488551144886,184.0,1.0,False,False,opposite sign,False,False,False
S3_CMO_SANDWICH,30m,2322,2139,2139,0,183,-0.036054499636622536,0.0546984572230014,0.592332865825152,0.48106591865357645,0.1514726507713885,0.7442730247779337,0.6250584385226742,0.6989247311827957,0.4726507713884993,3.5510099401725848,4.6449294628014,1681,1597,1597,0,84,-0.05160524469058481,0.07514088916718847,0.63055729492799,0.4978083907326237,0.15403882279273637,0.7463994990607389,0.6242955541640576,0.6756418284283031,0.47276142767689416,3.45407978907803,4.645873161795643,1001,747,747,0,254,-0.02116362163646579,0.06157965194109773,0.6224899598393574,0.4926372155287818,0.1111111111111111,0.7831325301204819,0.6171352074966533,0.6961178045515395,0.46586345381526106,3.2035255372782525,4.672101241262914,True,,2022,117,-0.03652177168255086,-0.027979080176220392,0.008542691506330465,0.34336566343365665,ok,153,0,-0.0014321698491517182,0.6224377562243776,1477,120,-0.0522193026103148,-0.04404721512857502,0.008172087481739782,0.4017991004497751,ok,118,0,-0.006338796181296985,0.9095452273863068,701,46,-0.01749564903083557,-0.07706033460487416,-0.05956468557403859,0.9025487256371814,ok,76,0,-0.0026254732972140343,0.6736631684157921,872,1267,-0.038289820631849145,-0.03451606245600883,-0.0037737581758403166,0.6344365563443656,ok,153,0,-0.0007101234829941724,0.6244375562443756,590,1007,-0.03829045630429256,-0.05940636201721086,0.021115905712918305,0.06846576711644178,ok,118,0,0.000732652860884829,0.3893053473263368,282,465,-0.043950565221660846,-0.007344442946089435,-0.03660612227557141,0.960519740129935,ok,76,0,-0.0036108595968234493,0.8085957021489255,1110,1029,-0.027680896593643967,-0.045087249274821016,-0.01740635268117705,0.9346065393460654,ok,153,0,-0.010937194944315609,1.0,802,795,-0.0481863781567059,-0.05505421445180606,-0.006867836295100162,0.6541729135432284,ok,118,0,-0.0037867120198740653,0.9515242378810594,379,368,-0.03169107118342694,-0.010321492891090045,0.021369578292336898,0.1729135432283858,ok,76,0,-0.013903275165194521,1.0,1815,324,-0.0341951370701368,-0.046470373272954696,-0.012275236202817896,0.7641235876412359,ok,153,0,-0.001340681180744402,0.6561343865613438,1351,246,-0.052184049433979356,-0.04842652433153592,0.0037575251024434334,0.4527736131934033,ok,118,0,-0.004023747616625883,0.8750624687656172,664,83,-0.018374639554905182,-0.04347547828895063,-0.02510083873404545,0.7426286856571714,ok,76,0,0.007091831958621751,0.05847076461769116,0.34336566343365665,109.0,1.0,False,False,opposite sign,False,False,False,0.6344365563443656,241.0,1.0,False,False,same sign,False,False,False,0.9346065393460654,440.0,1.0,False,False,opposite sign,False,False,False,0.7641235876412359,312.0,1.0,False,False,same sign,False,False,False
S3_CMO_SANDWICH,1h,1123,871,871,0,252,-0.033827627918865844,0.0677382319173364,0.6016073478760046,0.4730195177956372,0.1515499425947187,0.748564867967853,0.6268656716417911,0.7129735935706085,0.5109070034443168,3.5108601951582292,4.657258261841145,791,662,662,0,129,-0.0277497016313242,0.0649546827794562,0.6072507552870091,0.49697885196374625,0.16314199395770393,0.7477341389728097,0.6178247734138973,0.7341389728096677,0.44410876132930516,3.449110865191092,4.668731524724046,448,272,272,0,176,-0.01768613144079101,0.05514705882352941,0.625,0.4852941176470588,0.15073529411764705,0.7757352941176471,0.6580882352941176,0.7463235294117647,0.4411764705882353,3.2290525585826058,4.4512222355351225,True,,812,59,-0.031591541114917056,-0.06460224630541524,-0.03301070519049818,0.8044195580441956,ok,144,0,0.004583280603203805,0.23257674232576742,619,43,-0.025008755319707324,-0.06720657993111127,-0.04219782461140395,0.8160919540229885,ok,115,0,-0.0029401843281673043,0.6681659170414792,257,15,-0.019082424515090936,0.006237023232214467,0.025319447747305403,,insufficient,65,0,0.01282193987355051,0.0864567716141929,347,524,-0.04480833185561727,-0.026556054892047626,-0.018252276963569646,0.7858214178582141,ok,144,0,-0.004403780857371184,0.9101089891010898,260,402,-0.00634420030242141,-0.041594055724644405,0.035249855422222996,0.04447776111944028,ok,115,0,-0.0027782823291678735,0.7851074462768616,102,170,0.01515126309614816,-0.037388568162954515,0.05253983125910268,0.09945027486256872,ok,65,0,-0.0072832704579966,0.8845577211394303,459,412,-0.03289038572429721,-0.034871788519125556,-0.001981402794828349,0.5397460253974603,ok,144,0,-0.012497077107289235,0.9999000099990001,333,329,-0.03545897717093507,-0.01994669629791867,0.015512280873016399,0.24037981009495252,ok,115,0,-0.0032872420924423967,0.8100949525237381,140,132,0.001281917763002733,-0.037803759384208616,-0.039085677147211347,0.8670664667666167,ok,65,0,-0.015653490876620692,0.9975012493753124,739,132,-0.029066564643259477,-0.0604823685300257,-0.03141580388676622,0.8557144285571443,ok,144,0,-0.0006718536017158577,0.5652434756524347,554,108,-0.03144095515978902,-0.008814938161236099,0.022626016998552923,0.23438280859570215,ok,115,0,0.004184077942409298,0.18940529735132433,231,41,-0.02529842613604334,0.025202650866606217,0.05050107700264955,0.12293853073463268,ok,65,0,0.004264030689985137,0.30184907546226886,0.8044195580441956,338.0,1.0,False,False,no data,False,False,False,0.7858214178582141,324.0,1.0,False,False,opposite sign,False,False,False,0.5397460253974603,196.0,1.0,False,False,same sign,False,False,False,0.8557144285571443,375.0,1.0,False,False,opposite sign,False,False,False
S3_CMO_SANDWICH,4h,239,40,40,0,199,-0.07013444651905988,0.1,0.6,0.45,0.175,0.7,0.6,0.7,0.575,3.816360848523478,4.897161710010492,206,37,37,0,169,-0.17411301111190663,0.02702702702702703,0.7297297297297297,0.40540540540540543,0.08108108108108109,0.8378378378378378,0.5405405405405406,0.5675675675675675,0.43243243243243246,2.662293385908502,5.4031978214199805,114,8,8,0,106,-0.14528185742295802,0.125,0.375,0.625,0.5,0.5,0.75,0.625,0.625,5.626375016135034,3.2304312506271695,False,period-1 signals 239 < 300,36,4,-0.05612406622673533,-0.19622786914998072,-0.1401038029232454,,insufficient,29,0,0.05763643810056719,0.0015998400159984002,36,1,-0.18010285198968445,0.04152126048809512,0.22162411247777958,,insufficient,25,0,-0.010029116923339174,0.6336831584207896,7,1,-0.1237667902327003,-0.295887327754762,-0.1721205375220617,,insufficient,6,0,0.05536243173724527,0.1889055472263868,16,24,-0.1365102275951032,-0.025883925801697658,-0.11062630179340555,,insufficient,29,0,-0.012760416278983208,0.8824117588241176,10,27,-0.12087848130337386,-0.1938295036335854,0.07295102233021153,,insufficient,25,0,0.0011712290754151526,0.4682658670664668,5,3,-0.2304000782489674,-0.0034181560462756,-0.2269819222026918,,insufficient,6,0,-0.06230229427764466,0.984007996001999,22,18,0.022861225359111538,-0.1837958232590472,-0.20665704861815873,,insufficient,29,0,-0.005119546356125694,0.6737326267373263,22,15,-0.15537042078045932,-0.2016021435980293,-0.04623172281756999,,insufficient,25,0,0.00019581846093073493,0.504247876061969,3,5,0.19804910907175566,-0.3512804373197862,-0.5493295463915419,,insufficient,6,0,-0.031677646497275155,0.8195902048975512,33,7,-0.020471431013660207,-0.3042600910445155,-0.2837886600308553,,insufficient,29,0,0.012735496657857136,0.24807519248075194,34,3,-0.1945465018771421,0.0574665508940956,0.2520130527712377,,insufficient,25,0,0.007998923172499516,0.3918040979510245,4,4,0.023164311190294086,-0.3137280260362101,-0.3368923372265042,,insufficient,6,0,0.003913320455397971,0.4497751124437781,,,,,,,,,,,,,,,,,,,,,,,,,,,,,,,,,,,,
S4_BB_BBP,5m,56326,56162,56162,0,164,-0.06749403001469123,0.2958940208682027,0.1476087033937538,0.2660517787828069,0.7064207115131228,0.15980556247996866,0.8379509276735159,0.5470246786083117,0.4958512873473167,8.492184246979425,3.731143411301499,42792,42766,42762,4,26,-0.06935396796412423,0.2888312052757121,0.17227912632711287,0.3113511996632524,0.6823347832187456,0.1832935784107385,0.8322809971469997,0.5569430803049437,0.49211917122679016,8.255818974030523,3.6756433177976144,25719,25285,25285,0,434,-0.05774235831640074,0.3210599169468064,0.10492386790587305,0.1721178564366225,0.7295234328653352,0.1171445521059917,0.8224243622701206,0.5744512556851888,0.5016017401621514,8.907165809371287,4.1060574886504035,True,,39544,16618,-0.06877799488712295,-0.06443872210065583,0.004339272786467119,0.025997400259974,ok,153,0,0.0011849921836956656,0.38096190380961903,30411,12351,-0.0710313523241465,-0.06522386224210681,0.005807490082039679,0.009495252373813094,ok,118,0,0.0013760361033146457,0.37681159420289856,17167,8118,-0.06021075893707794,-0.052522472451019424,0.007688286486058515,0.01699150424787606,ok,79,0,0.004301800877892281,0.16041979010494753,47872,8290,-0.06888192185706167,-0.05947941502338146,-0.009402506833680213,0.9997000299970003,ok,153,0,0.0005069392753097729,0.37196280371962803,35395,7367,-0.06999553750062547,-0.06627152548489769,-0.003724012015727779,0.8765617191404298,ok,118,0,0.0038269698774358596,0.0024987506246876563,22632,2653,-0.05842633727581725,-0.05190752536897723,-0.006518811906840026,0.8775612193903048,ok,79,0,-0.0014143883825450052,0.7521239380309845,41220,14942,-0.06629833889562221,-0.07079254346188871,-0.004494204566266494,0.9561043895610439,ok,153,0,-0.008358487785678013,1.0,29448,13314,-0.06871612626024808,-0.07076475078639738,-0.0020486245261493036,0.7546226886556722,ok,118,0,-0.007818024480691688,1.0,20933,4352,-0.05769425125615139,-0.0579737519497186,-0.0002795006935672126,0.5182408795602199,ok,79,0,-0.005758733441308124,1.0,16488,39674,-0.06497103276719636,-0.06854255495839984,-0.0035715221912034772,0.922107789221078,ok,153,0,-0.002864664691653189,0.9302069793020697,13584,29178,-0.06625389025298536,-0.07079722849014075,-0.0045433382371553865,0.9505247376311844,ok,118,0,0.0003611309442502486,0.408295852073963,6839,18446,-0.05901448353132383,-0.05727070785858555,0.0017437756727382847,0.33983008495752126,ok,79,0,0.002003895635624149,0.22588705647176413,0.025997400259974,6.0,1.0,False,False,same sign,False,False,False,0.9997000299970003,553.0,1.0,False,False,same sign,False,False,False,0.9561043895610439,469.0,1.0,False,False,same sign,False,False,False,0.922107789221078,430.0,1.0,False,False,opposite sign,False,False,False
S4_BB_BBP,15m,19444,19125,19125,0,319,-0.05517184129077858,0.3091764705882353,0.14635294117647057,0.26023529411764706,0.6836078431372549,0.16073202614379084,0.8109281045751634,0.6329411764705882,0.4915032679738562,8.49397552060754,3.921035615669452,14712,14606,14606,0,106,-0.05389983310764489,0.2917978912775572,0.15158154183212377,0.2919348213063125,0.6725318362316856,0.16705463508147336,0.8037792687936465,0.6395316993016569,0.486375462138847,8.434496436315657,3.887282542039488,8942,8211,8211,0,731,-0.03986386127520045,0.31920594324686397,0.11898672512483255,0.19011082693947143,0.7100231396906589,0.13262696382900988,0.8153696261113141,0.6681281208135428,0.5020094994519547,8.772033767117602,4.084819143816742,True,,13212,5913,-0.05420597036424123,-0.057329982112935135,-0.0031240117486939084,0.7530246975302469,ok,153,0,-0.0047455316419545285,0.8665133486651335,10344,4262,-0.05463317116789694,-0.05211999995531097,0.002513171212585971,0.2863568215892054,ok,118,0,0.0012366761336688736,0.40929535232383807,5590,2621,-0.04432022320450525,-0.030359449529754508,0.013960773674750744,0.014492753623188406,ok,79,0,-0.0022732292771020166,0.6786606696651675,16326,2799,-0.056093963385638476,-0.04979328990789811,-0.006300673477740368,0.8705129487051295,ok,153,0,-0.0023889796741096286,0.9211078892110789,12392,2214,-0.05399987963724436,-0.05333986174594813,-0.0006600178912962301,0.5132433783108445,ok,118,0,0.002500904127473502,0.12693653173413294,7234,977,-0.0414992176513146,-0.027755193900778966,-0.013744023750535631,0.9030484757621189,ok,79,0,-0.003685220480004109,0.9070464767616192,14148,4977,-0.05336160505679867,-0.0603177569504828,-0.006956151893684127,0.9351064893510649,ok,153,0,-0.007927745541616002,1.0,10342,4264,-0.05111751585442555,-0.06064812697087058,-0.009530611116445029,0.9800099950024987,ok,118,0,-0.009639461603640882,1.0,6650,1561,-0.03712540046320655,-0.051529949936161,-0.014404549472954449,0.9475262368815592,ok,79,0,-0.009875791482492936,1.0,6051,13074,-0.05449734013331933,-0.055484018627766946,-0.0009866784944476126,0.5853414658534146,ok,153,0,-0.003785893589146369,0.9462053794620537,4783,9823,-0.051657755949310755,-0.0549915418573458,-0.0033337859080350488,0.7406296851574213,ok,118,0,-0.000501696013396967,0.5677161419290355,2381,5830,-0.03235649803835439,-0.04292990447707532,-0.010573406438720935,0.9030484757621189,ok,79,0,-0.0016105893487045678,0.670664667666167,0.7530246975302469,302.0,1.0,False,False,opposite sign,False,False,False,0.8705129487051295,391.0,1.0,False,False,same sign,False,False,False,0.9351064893510649,441.0,1.0,False,False,same sign,False,False,False,0.5853414658534146,214.0,1.0,False,False,same sign,False,False,False
S4_BB_BBP,30m,9664,9074,9074,0,590,-0.04271497902765755,0.3119903019616487,0.15197266916464625,0.2579898611417236,0.6648666519726691,0.16729116156050253,0.7943575049592242,0.6778708397619573,0.4836896627727573,8.434776944442252,4.044793116907041,7414,7201,7201,0,213,-0.039680271893589025,0.28954311901124846,0.15345090959588947,0.2692681572003888,0.6599083460630468,0.17080960977641993,0.7919733370365227,0.6878211359533398,0.49868073878627966,8.408454879406278,4.012414614758669,4428,3591,3591,0,837,-0.044299841798582935,0.34001670843776105,0.13227513227513227,0.20105820105820105,0.7048175995544417,0.14564188248398774,0.8259537733221943,0.6819827346143136,0.5123920913394597,8.636337994859542,3.979836767726577,True,,6243,2831,-0.043159893428767304,-0.041733841406277034,0.0014260520224902706,0.41315868413158685,ok,153,0,-0.0014321698491517182,0.6224377562243776,5116,2085,-0.03621219275319329,-0.04818995672920753,-0.011977763976014237,0.9495252373813093,ok,118,0,-0.006338796181296985,0.9095452273863068,2370,1221,-0.04757002462054937,-0.037952312488132106,0.009617712132417265,0.21239380309845077,ok,79,0,-0.0026254732972140343,0.6736631684157921,7695,1379,-0.04448661183633905,-0.03282903670510194,-0.011657575131237108,0.8962103789621038,ok,153,0,-0.0007101234829941724,0.6244375562443756,6096,1105,-0.04183395492993025,-0.027798958056904747,-0.014034996873025504,0.9415292353823088,ok,118,0,0.000732652860884829,0.3893053473263368,3116,475,-0.05148162340231464,0.0028126455218970216,-0.05429426892421166,0.9950024987506247,ok,79,0,-0.0036108595968234493,0.8085957021489255,6733,2341,-0.03972054340341443,-0.051327339154965894,-0.011606795751551463,0.9356064393560644,ok,153,0,-0.010937194944315609,1.0,5262,1939,-0.03667752291252826,-0.04782904194946405,-0.011151519036935793,0.9370314842578711,ok,118,0,-0.0037867120198740653,0.9515242378810594,2869,722,-0.04219122744127173,-0.05267880937631959,-0.010487581935047854,0.7651174412793603,ok,79,0,-0.013903275165194521,1.0,3041,6033,-0.03870344879168239,-0.04473703496128932,-0.006033586169606933,0.7715228477152285,ok,153,0,-0.001340681180744402,0.6561343865613438,2449,4752,-0.027808008268234992,-0.045798784860443406,-0.017990776592208414,0.984007996001999,ok,118,0,-0.004023747616625883,0.8750624687656172,1060,2531,-0.03285380674357597,-0.04909351906381698,-0.01623971232024101,0.9055472263868066,ok,79,0,0.007091831958621751,0.05847076461769116,0.41315868413158685,138.0,1.0,False,False,same sign,False,False,False,0.8962103789621038,409.0,1.0,False,False,same sign,False,False,False,0.9356064393560644,442.0,1.0,False,False,same sign,False,False,False,0.7715228477152285,316.0,1.0,False,False,same sign,False,False,False
S4_BB_BBP,1h,4795,3875,3875,0,920,-0.025703089984075486,0.32825806451612904,0.15483870967741936,0.2513548387096774,0.6676129032258065,0.16696774193548386,0.7943225806451613,0.720516129032258,0.4949677419354839,8.428599552750052,4.07347400226744,3639,3169,3169,0,470,-0.036793373817413,0.31713474282107923,0.14484064373619437,0.25244556642473964,0.6617229409908488,0.16219627642789525,0.7901546229094352,0.7122120542757968,0.5089933733038814,8.482932139299285,4.093305569968654,2173,1287,1287,0,886,-0.025862334355138378,0.34887334887334887,0.12198912198912198,0.22533022533022534,0.7086247086247086,0.13986013986013987,0.811965811965812,0.7397047397047397,0.5415695415695416,8.708484869509265,4.017328550021425,True,,2603,1272,-0.029636517713236447,-0.01765378779932236,0.011982729913914088,0.14758524147585242,ok,152,0,0.004583280603203805,0.23257674232576742,2164,1005,-0.038316955226487474,-0.033512746783346176,0.004804208443141299,0.34382808595702147,ok,118,0,-0.0029401843281673043,0.6681659170414792,838,449,-0.038106609426211635,-0.003009990235852423,0.03509661919035921,0.04297851074462768,ok,71,0,0.01282193987355051,0.0864567716141929,3275,600,-0.02930918612142062,-0.006019815234399958,-0.023289370887020662,0.9522047795220479,ok,152,0,-0.004403780857371184,0.9101089891010898,2710,459,-0.03849728625160216,-0.026733237223398577,-0.011764049028203584,0.7971014492753623,ok,118,0,-0.0027782823291678735,0.7851074462768616,1130,157,-0.028196550841985198,-0.00906192269821543,-0.019134628143769768,0.7296351824087957,ok,71,0,-0.0072832704579966,0.8845577211394303,2901,974,-0.02247821364703794,-0.035308188807223244,-0.012829975160185303,0.8431156884311569,ok,152,0,-0.012497077107289235,0.9999000099990001,2369,800,-0.036545085027156525,-0.037528618997560007,-0.0009835339704034815,0.5232383808095952,ok,118,0,-0.0032872420924423967,0.8100949525237381,997,290,-0.03118565936589858,-0.007561110094007569,0.02362454927189101,0.12043978010994502,ok,71,0,-0.015653490876620692,0.9975012493753124,1288,2587,-0.020607181978640067,-0.028240210011520713,-0.007633028032880646,0.7494250574942506,ok,152,0,-0.0006718536017158577,0.5652434756524347,1072,2097,-0.0349414258313868,-0.03774010163859568,-0.0027986758072088835,0.6026986506746627,ok,118,0,0.004184077942409298,0.18940529735132433,375,912,-0.015909774712650513,-0.029954669734450816,-0.014044895021800303,0.7806096951524237,ok,71,0,0.004264030689985137,0.30184907546226886,0.14758524147585242,38.0,1.0,False,False,same sign,False,False,False,0.9522047795220479,464.0,1.0,False,False,same sign,False,False,False,0.8431156884311569,364.0,1.0,False,False,opposite sign,False,False,False,0.7494250574942506,300.0,1.0,False,False,same sign,False,False,False
S4_BB_BBP,4h,1251,259,259,0,992,0.006519281244184306,0.3667953667953668,0.18532818532818532,0.2548262548262548,0.6293436293436293,0.20463320463320464,0.7799227799227799,0.7799227799227799,0.5366795366795367,8.069077435165896,4.112824374958657,933,240,240,0,693,-0.03768314444375205,0.31666666666666665,0.1875,0.225,0.6208333333333333,0.2125,0.8083333333333333,0.7541666666666667,0.6041666666666666,8.046101035599785,4.048301420389267,537,58,58,0,479,0.0010826692719001457,0.4827586206896552,0.1206896551724138,0.29310344827586204,0.7241379310344828,0.1206896551724138,0.8103448275862069,0.7931034482758621,0.7068965517241379,8.856138578530178,3.971073323633375,True,,164,95,0.0070739725470860375,0.005561708889701322,-0.001512263657384716,0.5015498450154985,ok,73,0,0.05763643810056719,0.0015998400159984002,164,76,-0.01720964309129325,-0.0818628052569526,-0.06465316216565935,0.9270364817591205,ok,73,0,-0.010029116923339174,0.6336831584207896,30,28,0.019655228602277353,-0.018816501439218297,-0.03847173004149565,,insufficient,22,0,0.05536243173724527,0.1889055472263868,211,48,0.018954999464779288,-0.04814606343384781,0.06710106289862709,0.12168783121687832,ok,73,0,-0.012760416278983208,0.8824117588241176,195,45,-0.035513756128569635,-0.04708382714287583,0.011570071014306196,0.4147926036981509,ok,73,0,0.0011712290754151526,0.4682658670664668,51,7,0.009077837315131405,-0.057167840757356224,0.06624567807248763,,insufficient,22,0,-0.06230229427764466,0.984007996001999,193,66,0.0179166578351958,-0.026809410908318985,-0.044726068743514785,0.81001899810019,ok,73,0,-0.005119546356125694,0.6737326267373263,186,54,-0.048492517833971766,-0.0004508583218841104,0.04804165951208766,0.16691654172913542,ok,73,0,0.00019581846093073493,0.504247876061969,41,17,-0.008224550453369464,0.02352949331519744,0.0317540437685669,,insufficient,22,0,-0.031677646497275155,0.8195902048975512,96,163,-0.01278893521819059,0.017890991553313088,0.030679926771503677,0.24867513248675133,ok,73,0,0.012735496657857136,0.24807519248075194,91,149,-0.05019761140340031,-0.030040080730141364,0.020157530673258945,0.2938530734632684,ok,73,0,0.007998923172499516,0.3918040979510245,16,42,-0.10331899640515828,0.04085473238697002,0.1441737287921283,,insufficient,22,0,0.003913320455397971,0.4497751124437781,0.5015498450154985,176.0,1.0,False,False,no data,False,False,False,0.12168783121687832,29.0,1.0,False,False,no data,False,False,False,0.81001899810019,340.0,1.0,False,False,no data,False,False,False,0.24867513248675133,82.0,1.0,False,False,no data,False,False,False
N04_ST_KLINGER,5m,152048,151047,151047,0,1001,-0.062492495905954286,0.03645885055644932,0.31844392804888544,0.3831787456884281,0.3846352459830384,0.5191827709256059,0.699749084721974,0.5691936946778156,0.4803670380742418,5.740899973053205,4.525654487936103,112112,111826,111822,4,286,-0.06392220911715793,0.03263221906243852,0.3329219652662267,0.4146590116435049,0.3961742769759081,0.5095240650319257,0.7132317433063261,0.5769079429808088,0.4828387973743986,5.7689828913938905,4.3486700086982015,72177,70095,70095,0,2082,-0.05068947964215099,0.0452956701619231,0.276667379984307,0.3239032741279692,0.3848206006134532,0.5108067622512305,0.6738426421285398,0.5978600470789642,0.4989656894214994,5.9135016826715265,4.88915911045463,True,,145540,5507,-0.06262693011677073,-0.058939644073336586,0.003687286043434143,0.16058394160583941,ok,153,0,0.0011849921836956656,0.38096190380961903,108173,3649,-0.06377778605004622,-0.06820356741769934,-0.00442578136765312,0.8205897051474262,ok,118,0,0.0013760361033146457,0.37681159420289856,66920,3175,-0.050482977918724664,-0.055041950612761924,-0.00455897269403726,0.8285857071464268,ok,79,0,0.004301800877892281,0.16041979010494753,102947,48100,-0.06127481528444323,-0.06509866153885861,0.0038238462544153834,0.013098690130986902,ok,153,0,0.0005069392753097729,0.37196280371962803,74594,37228,-0.06300694462076017,-0.0657561308922814,0.002749186271521223,0.10394802598700649,ok,118,0,0.0038269698774358596,0.0024987506246876563,50702,19393,-0.05179525759280058,-0.04779848012408596,-0.003996777468714616,0.9435282358820589,ok,79,0,-0.0014143883825450052,0.7521239380309845,93169,57878,-0.0584690294983514,-0.06896926327403806,-0.010500233775686658,1.0,ok,153,0,-0.008358487785678013,1.0,65454,46368,-0.060479476019214225,-0.06878204029798972,-0.008302564278775494,1.0,ok,118,0,-0.007818024480691688,1.0,47391,22704,-0.048631571755966205,-0.05498503604781446,-0.006353464291848257,0.9995002498750625,ok,79,0,-0.005758733441308124,1.0,92949,58098,-0.062243695624954985,-0.06289054295264444,-0.0006468473276894579,0.6677332266773323,ok,153,0,-0.002864664691653189,0.9302069793020697,67521,44301,-0.06432086001288034,-0.06331460867630848,0.0010062513365718673,0.2848575712143928,ok,118,0,0.0003611309442502486,0.408295852073963,43121,26974,-0.05062323267455815,-0.05079538293753066,-0.00017215026297250774,0.5487256371814093,ok,79,0,0.002003895635624149,0.22588705647176413,0.16058394160583941,42.0,1.0,False,False,opposite sign,False,False,False,0.013098690130986902,3.0,1.0,False,False,opposite sign,False,False,False,1.0,574.0,1.0,False,False,same sign,False,False,False,0.6677332266773323,258.0,1.0,False,False,same sign,False,False,False
N04_ST_KLINGER,15m,51963,50158,50158,0,1805,-0.04580781150498165,0.03879740021531959,0.3195900952988556,0.37220383587862355,0.37349974081901194,0.5233462259260736,0.6923122931536345,0.6549902308704494,0.4753977431317038,5.715343313360518,4.618870269692891,37925,37313,37310,3,612,-0.04891131781014375,0.03503082283570089,0.31637630662020905,0.38429375502546237,0.39171803805950145,0.5037523452157598,0.6995175556151166,0.6541945859019029,0.48131868131868133,5.849674273589376,4.5480378578340295,24812,21946,21946,0,2866,-0.03967900711043607,0.04652328442540782,0.2901212065980133,0.32388590175886267,0.3674473708192837,0.5235578237492026,0.6671830857559464,0.669324706096783,0.5121662261915612,5.7868362219213605,4.931432070729831,True,,48212,1946,-0.04577024224554935,-0.046738587011533765,-0.0009683447659844177,0.5484451554844516,ok,153,0,-0.0047455316419545285,0.8665133486651335,36003,1307,-0.048902798191409365,-0.04914600169177678,-0.0002432035003674185,0.5217391304347826,ok,118,0,0.0012366761336688736,0.40929535232383807,20925,1021,-0.03944942252309412,-0.044384254407331555,-0.004934831884237434,0.7231384307846077,ok,79,0,-0.0022732292771020166,0.6786606696651675,34128,16030,-0.04506587263824506,-0.04738740536923531,0.0023215327309902486,0.23427657234276572,ok,153,0,-0.0023889796741096286,0.9211078892110789,25506,11804,-0.047111719087875564,-0.052799878044824555,0.005688158956948991,0.06696651674162919,ok,118,0,0.002500904127473502,0.12693653173413294,15579,6367,-0.04043518419666688,-0.03782876636496888,-0.002606417831698002,0.6776611694152923,ok,79,0,-0.003685220480004109,0.9070464767616192,31489,18669,-0.041886323750169256,-0.05242218441790079,-0.01053586066773153,0.9997000299970003,ok,153,0,-0.007927745541616002,1.0,22972,14338,-0.044523571661628354,-0.05594125954007089,-0.011417687878442537,1.0,ok,118,0,-0.009639461603640882,1.0,14838,7108,-0.03565714204886409,-0.048074678717583634,-0.012417536668719545,0.993503248375812,ok,79,0,-0.009875791482492936,1.0,31424,18734,-0.04646967665725522,-0.04469761344023068,0.0017720632170245346,0.2770722927707229,ok,153,0,-0.003785893589146369,0.9462053794620537,22695,14615,-0.05080527381871823,-0.04597027561961361,0.004834998199104622,0.08195902048975512,ok,118,0,-0.000501696013396967,0.5677161419290355,13882,8064,-0.03897161442155699,-0.04089676818521528,-0.0019251537636582883,0.670664667666167,ok,79,0,-0.0016105893487045678,0.670664667666167,0.5484451554844516,199.0,1.0,False,False,same sign,False,False,False,0.23427657234276572,74.0,1.0,False,False,opposite sign,False,False,False,0.9997000299970003,554.0,1.0,False,False,same sign,False,False,False,0.2770722927707229,93.0,1.0,False,False,opposite sign,False,False,False
N04_ST_KLINGER,30m,26547,23810,23810,0,2737,-0.040078206617042575,0.04225115497690046,0.323267534649307,0.3635027299454011,0.35678286434271317,0.5404031919361613,0.6856362872742545,0.6892062158756825,0.48609827803443934,5.601336025217712,4.702740619375521,18966,17803,17802,1,1163,-0.04035667382272418,0.037804741040332546,0.31603190652735647,0.3723738905740928,0.38636108302437927,0.5110099988765308,0.7011009998876531,0.6917762049207954,0.49084372542410964,5.812424852445215,4.572305353809988,13115,9686,9686,0,3429,-0.026632645812380288,0.04976254387776172,0.3116869708858146,0.3420400578154037,0.36692132975428454,0.5311790212678092,0.6827379723311997,0.7169110055750568,0.5265331406153211,5.683901065538506,4.77385654754246,True,,22804,1006,-0.039814254205865124,-0.04606147777458799,-0.006247223568722864,0.7293270672932707,ok,153,0,-0.0014321698491517182,0.6224377562243776,17129,673,-0.04031523159406433,-0.04141144935721819,-0.001096217763153856,0.5427286356821589,ok,118,0,-0.006338796181296985,0.9095452273863068,9204,482,-0.027821881310635007,-0.0039236758415578665,0.02389820546907714,0.04697651174412794,ok,79,0,-0.0026254732972140343,0.6736631684157921,16113,7697,-0.04143649480710247,-0.037234748437695434,-0.004201746369407039,0.8202179782021798,ok,153,0,-0.0007101234829941724,0.6244375562443756,12176,5626,-0.03978699663837489,-0.04158959053026717,0.0018025938918922804,0.35782108945527236,ok,118,0,0.000732652860884829,0.3893053473263368,6667,3019,-0.03070959084362684,-0.01762933593383745,-0.01308025490978939,0.9455272363818091,ok,79,0,-0.0036108595968234493,0.8085957021489255,15155,8655,-0.036959551849928995,-0.04553900534559327,-0.008579453495664274,0.9863013698630136,ok,153,0,-0.010937194944315609,1.0,11173,6629,-0.037947339709271145,-0.04441754123102269,-0.0064702015217515466,0.9235382308845578,ok,118,0,-0.0037867120198740653,0.9515242378810594,6373,3313,-0.01930863384442645,-0.04072136548390755,-0.021412731639481097,0.9995002498750625,ok,79,0,-0.013903275165194521,1.0,15315,8495,-0.038753493793630134,-0.042466432266314094,-0.0037129384726839604,0.7733226677332267,ok,153,0,-0.001340681180744402,0.6561343865613438,10924,6878,-0.04044324638214635,-0.04021917474753841,0.00022407163460794188,0.4827586206896552,ok,118,0,-0.004023747616625883,0.8750624687656172,6132,3554,-0.023534038276899663,-0.03197892082857815,-0.008444882551678488,0.8290854572713643,ok,79,0,0.007091831958621751,0.05847076461769116,0.7293270672932707,288.0,1.0,False,False,opposite sign,False,False,False,0.8202179782021798,348.0,1.0,False,False,same sign,False,False,False,0.9863013698630136,511.0,1.0,False,False,same sign,False,False,False,0.7733226677332267,319.0,1.0,False,False,same sign,False,False,False
N04_ST_KLINGER,1h,13946,10126,10126,0,3820,-0.03432785910301389,0.04760023701362828,0.3250049377839226,0.3610507604187241,0.355816709460794,0.5419711633418921,0.6820067153861347,0.7171637369148726,0.46642306932648625,5.5850162157206045,4.715056926483831,9853,7940,7937,3,1913,-0.030130020451747636,0.039561547184074584,0.3065389945823359,0.35114022930578304,0.36751921380874386,0.5219856368905128,0.6767040443492504,0.7315106463399269,0.5057326445760363,5.7634399426834015,4.796179282892651,6852,3484,3484,0,3368,-0.023651386113787053,0.05855338691159587,0.3315154994259472,0.3559127439724455,0.35964408725602753,0.549081515499426,0.6897244546498278,0.743398392652124,0.5043053960964409,5.523806712936323,4.716250525646514,True,,9644,482,-0.0336612456801214,-0.04766565962246425,-0.01400441394234285,0.8355164483551645,ok,152,0,0.004583280603203805,0.23257674232576742,7623,314,-0.030483768465418767,-0.021542055138960823,0.008941713326457944,0.30434782608695654,ok,118,0,-0.0029401843281673043,0.6681659170414792,3280,204,-0.026113584899145476,0.015936908082171925,0.0420504929813174,0.07296351824087956,ok,74,0,0.01282193987355051,0.0864567716141929,6835,3291,-0.03540260038333443,-0.032095754377705184,-0.0033068460056292492,0.660933906609339,ok,152,0,-0.004403780857371184,0.9101089891010898,5504,2433,-0.030654935706615566,-0.02894254262075993,-0.0017123930858556347,0.5802098950524738,ok,118,0,-0.0027782823291678735,0.7851074462768616,2329,1155,-0.024668954069680997,-0.021599510988871896,-0.0030694430808091006,0.6096951524237881,ok,74,0,-0.0072832704579966,0.8845577211394303,6470,3656,-0.03149175626780651,-0.039346892293328925,-0.007855136025522416,0.8763123687631237,ok,152,0,-0.012497077107289235,0.9999000099990001,5150,2787,-0.028874688816550947,-0.03244970395417425,-0.0035750151376233025,0.6991504247876063,ok,118,0,-0.0032872420924423967,0.8100949525237381,2244,1240,-0.012477788291675616,-0.04387199378541452,-0.031394205493738905,0.9905047476261869,ok,74,0,-0.015653490876620692,0.9975012493753124,6523,3603,-0.029214723486965646,-0.04358486260661718,-0.014370139119651536,0.9724027597240276,ok,152,0,-0.0006718536017158577,0.5652434756524347,5020,2917,-0.031465167031511074,-0.02783230504879514,0.003632861982715934,0.3168415792103948,ok,118,0,0.004184077942409298,0.18940529735132433,2231,1253,-0.025900645027111636,-0.01964652048279971,0.006254124544311925,0.3103448275862069,ok,74,0,0.004264030689985137,0.30184907546226886,0.8355164483551645,358.0,1.0,False,False,opposite sign,False,False,False,0.660933906609339,252.0,1.0,False,False,same sign,False,False,False,0.8763123687631237,395.0,1.0,False,False,same sign,False,False,False,0.9724027597240276,493.0,1.0,False,False,opposite sign,False,False,False
N04_ST_KLINGER,4h,3697,572,572,0,3125,-0.034108091423677815,0.06118881118881119,0.34615384615384615,0.3811188811188811,0.36363636363636365,0.527972027972028,0.6923076923076923,0.7465034965034965,0.4772727272727273,5.649799209829648,4.548297898009491,2581,481,481,0,2100,-0.009623554145825637,0.05405405405405406,0.30145530145530147,0.3804573804573805,0.3367983367983368,0.5571725571725572,0.6673596673596673,0.7983367983367984,0.577962577962578,5.511569953315674,4.687975254838679,1665,143,143,0,1522,-0.03901081434810295,0.06293706293706294,0.43356643356643354,0.36363636363636365,0.27972027972027974,0.6433566433566433,0.6363636363636364,0.7272727272727273,0.5734265734265734,4.607332420026431,5.0329459558492875,True,,537,35,-0.037081765995913625,0.011516572727483085,0.04859833872339671,0.22277772222777723,ok,87,0,0.05763643810056719,0.0015998400159984002,455,26,-0.013053706126687664,0.050404105519259924,0.06345781164594759,,insufficient,90,0,-0.010029116923339174,0.6336831584207896,134,9,-0.03898239789302358,-0.03943390379039581,-0.00045150589737222996,,insufficient,25,0,0.05536243173724527,0.1889055472263868,374,198,-0.04534329761323554,-0.012886035287846546,-0.032457262325388994,0.8331166883311669,ok,87,0,-0.012760416278983208,0.8824117588241176,336,145,0.0011500685534211676,-0.03458863846959755,0.03573870702301872,0.14392803598200898,ok,90,0,0.0011712290754151526,0.4682658670664668,81,62,-0.02840253498750206,-0.05287001802888797,0.024467483041385914,0.37031484257871067,ok,25,0,-0.06230229427764466,0.984007996001999,354,218,-0.0496091445136252,-0.008936656589543093,0.04067248792408211,0.09379062093790622,ok,87,0,-0.005119546356125694,0.6737326267373263,298,183,-0.012742498123590608,-0.004544618050885961,0.008197880072704647,0.3868065967016492,ok,90,0,0.00019581846093073493,0.504247876061969,91,52,-0.014787614695040405,-0.08140141374096241,-0.066613799045922,0.7791104447776112,ok,25,0,-0.031677646497275155,0.8195902048975512,364,208,-0.03992620892809383,-0.023926385790949793,0.015999823137144036,0.3310668933106689,ok,87,0,0.012735496657857136,0.24807519248075194,319,162,-0.02464876777727232,0.01996313195560332,0.044611899732875646,0.1199400299850075,ok,90,0,0.007998923172499516,0.3918040979510245,103,40,-0.038954131740554655,-0.03915677206253985,-0.00020264032198519244,0.4942528735632184,ok,25,0,0.003913320455397971,0.4497751124437781,0.22277772222777723,68.0,1.0,False,False,no data,False,False,True,0.8331166883311669,356.0,1.0,False,False,opposite sign,False,False,False,0.09379062093790622,22.0,1.0,False,False,opposite sign,False,False,False,0.3310668933106689,107.0,1.0,False,False,opposite sign,False,False,False
N05_PSAR_POC,5m,13604,13528,13528,0,76,-0.06695317445439755,0.014118864577173271,0.47464518036664693,0.5174452986398581,0.3775872264931993,0.539695446481372,0.8174157303370787,0.5528533412182141,0.48824659964518036,5.154549212826416,3.3169179394610446,10677,10656,10655,1,21,-0.0662367774939178,0.01332707648991084,0.4826841858282496,0.5529798216799625,0.38273111215391836,0.5407789770061004,0.8213045518535899,0.5727827311121539,0.47846081651806666,5.121170954861425,3.230313141926735,5995,5858,5858,0,137,-0.04900137507642845,0.009730283373164903,0.4463980880846705,0.4313758962103107,0.39313758962103107,0.5223625810856948,0.8098327074086719,0.5891089108910891,0.5075110959371799,5.370532146121825,3.57708298643122,True,,13337,191,-0.06711175207452957,-0.05588013927271761,0.011231612801811966,0.2385761423857614,ok,153,0,0.0011849921836956656,0.38096190380961903,10513,142,-0.06612033176856778,-0.07485786137141726,-0.008737529602849473,0.6916541729135433,ok,118,0,0.0013760361033146457,0.37681159420289856,5801,57,-0.04910975773715989,-0.037971062534267755,0.011138695202892138,0.3618190904547726,ok,79,0,0.004301800877892281,0.16041979010494753,7107,6421,-0.06859587466775015,-0.06513497317479981,-0.0034609014929503357,0.7938206179382061,ok,153,0,0.0005069392753097729,0.37196280371962803,5512,5143,-0.06841334679736473,-0.06390404368085163,-0.004509303116513097,0.8430784607696152,ok,118,0,0.0038269698774358596,0.0024987506246876563,3243,2615,-0.050440263672241754,-0.04721693311993798,-0.0032233305523037756,0.7266366816591704,ok,79,0,-0.0014143883825450052,0.7521239380309845,6528,7000,-0.06224764070733717,-0.0713414207830847,-0.009093780075747529,0.9786021397860214,ok,153,0,-0.008358487785678013,1.0,4763,5892,-0.0622268428561119,-0.06947834549796898,-0.007251502641857081,0.9220389805097451,ok,118,0,-0.007818024480691688,1.0,3331,2527,-0.052472458943196354,-0.04442591787017439,0.00804654107302196,0.09245377311344327,ok,79,0,-0.005758733441308124,1.0,8420,5108,-0.06460194695845499,-0.07082892533846888,-0.0062269783800138895,0.928007199280072,ok,153,0,-0.002864664691653189,0.9302069793020697,6577,4078,-0.0651944511840318,-0.06791784177545784,-0.0027233905914260392,0.7226386806596702,ok,118,0,0.0003611309442502486,0.408295852073963,3555,2303,-0.048649566881157666,-0.049544439832914615,-0.000894872951756949,0.5642178910544727,ok,79,0,0.002003895635624149,0.22588705647176413,0.2385761423857614,77.0,1.0,False,False,same sign,False,False,False,0.7938206179382061,329.0,1.0,False,False,same sign,False,False,False,0.9786021397860214,504.0,1.0,False,False,opposite sign,False,False,False,0.928007199280072,433.0,1.0,False,False,same sign,False,False,False
N05_PSAR_POC,15m,4757,4629,4629,0,128,-0.046521631421434714,0.01447396845971052,0.47461654785050766,0.5109094836897818,0.38258803197234825,0.5392093324692158,0.8165910563836681,0.6394469647872111,0.5024843378699503,5.173985595068219,3.3412002313218223,3601,3561,3561,0,40,-0.05288854856003744,0.012356079752878404,0.462791350744173,0.513338949733221,0.39399045212019096,0.5214827295703454,0.8098848638023027,0.6394271272114574,0.4931199101376018,5.319490057893237,3.3607526321460024,1989,1809,1809,0,180,-0.03480533760408999,0.011608623548922056,0.4715312327252626,0.4720840243228303,0.38916528468767275,0.5439469320066335,0.8297401879491432,0.6533996683250415,0.5196241017136539,5.16449135200622,3.3251938502188887,True,,4562,67,-0.046845610466314094,-0.024462043320841467,0.022383567145472627,0.24277572242775722,ok,153,0,-0.0047455316419545285,0.8665133486651335,3517,44,-0.05321022805404394,-0.027176121732290927,0.026034106321753014,0.26486756621689156,ok,118,0,0.0012366761336688736,0.40929535232383807,1788,21,-0.034968385855237566,-0.02092294364923899,0.014045442205998578,,insufficient,79,0,-0.0022732292771020166,0.6786606696651675,2432,2197,-0.044113464054939,-0.049187386102962964,0.005073922048023961,0.2616738326167383,ok,153,0,-0.0023889796741096286,0.9211078892110789,1913,1648,-0.05048768748171388,-0.0556754704306885,0.005187782948974623,0.2813593203398301,ok,118,0,0.002500904127473502,0.12693653173413294,956,853,-0.037637308713972605,-0.031631405152685796,-0.006005903561286809,0.6811594202898551,ok,79,0,-0.003685220480004109,0.9070464767616192,2264,2365,-0.04319368425225636,-0.049707454842584736,-0.0065137705903283785,0.7993200679932007,ok,153,0,-0.007927745541616002,1.0,1733,1828,-0.04366332864292316,-0.06163433965213759,-0.01797101100921443,0.9940029985007496,ok,118,0,-0.009639461603640882,1.0,955,854,-0.027608641806434218,-0.04285316487196031,-0.015244523065526091,0.872063968015992,ok,79,0,-0.009875791482492936,1.0,2858,1771,-0.04691518687481875,-0.04588652047520567,0.0010286663996130832,0.44865513448655137,ok,153,0,-0.003785893589146369,0.9462053794620537,2158,1403,-0.05345341419871483,-0.05201971032178668,0.0014337038769281496,0.44377811094452774,ok,118,0,-0.000501696013396967,0.5677161419290355,1105,704,-0.034681834238196194,-0.03499918876788638,-0.0003173545296901864,0.5007496251874063,ok,79,0,-0.0016105893487045678,0.670664667666167,0.24277572242775722,79.0,1.0,False,False,no data,False,False,False,0.2616738326167383,87.0,1.0,False,False,opposite sign,False,False,False,0.7993200679932007,332.0,1.0,False,False,same sign,False,False,False,0.44865513448655137,154.0,1.0,False,False,opposite sign,False,False,False
N05_PSAR_POC,30m,2367,2179,2179,0,188,-0.039529581008585085,0.011473152822395595,0.5020651675080312,0.4887563102340523,0.35016062413951354,0.572739788893988,0.8145938503900872,0.6773749426342359,0.49701698026617713,4.895382555806683,3.3974599721970606,1845,1762,1762,0,83,-0.04845923115116578,0.012485811577752554,0.4948921679909194,0.4960272417707151,0.3711691259931896,0.5550510783200908,0.8087400681044268,0.6782065834279228,0.5198637911464246,5.0328247873231025,3.3845709767664944,1019,750,750,0,269,-0.014782314359578292,0.013333333333333334,0.4826666666666667,0.5626666666666666,0.39466666666666667,0.5586666666666666,0.8613333333333333,0.72,0.5133333333333333,4.998933718307124,2.9452007141952476,True,,2154,25,-0.03877418384046279,-0.10461460101400175,-0.06584041717353895,,insufficient,152,0,-0.0014321698491517182,0.6224377562243776,1740,22,-0.04774609777798461,-0.10486159793913222,-0.05711550016114761,,insufficient,118,0,-0.006338796181296985,0.9095452273863068,740,10,-0.013148343524746562,-0.13569615613712654,-0.12254781261237999,,insufficient,78,0,-0.0026254732972140343,0.6736631684157921,1085,1094,-0.051445863304847,-0.02771133028514433,-0.023734533019702672,0.9861013898610139,ok,152,0,-0.0007101234829941724,0.6244375562443756,890,872,-0.05410563955280854,-0.04269626844765428,-0.011409371105154262,0.7936031984007996,ok,118,0,0.000732652860884829,0.3893053473263368,388,362,-0.016535556938871165,-0.012903148280115207,-0.003632408658755958,0.5627186406796602,ok,78,0,-0.0036108595968234493,0.8085957021489255,1114,1065,-0.02825130572201716,-0.0513267628576336,-0.023075457135616442,0.9785021497850215,ok,152,0,-0.010937194944315609,1.0,888,874,-0.03332447796871259,-0.06383641745095806,-0.030511939482245468,0.992503748125937,ok,118,0,-0.0037867120198740653,0.9515242378810594,328,422,8.772032044408909e-05,-0.026340066433150188,-0.026427786753594276,0.8985507246376812,ok,78,0,-0.013903275165194521,1.0,1416,763,-0.030520456752495352,-0.05624900426759303,-0.025728547515097677,0.9937006299370063,ok,152,0,-0.001340681180744402,0.6561343865613438,1108,654,-0.04359317470178182,-0.05670325339262977,-0.013110078690847952,0.8000999500249875,ok,118,0,-0.004023747616625883,0.8750624687656172,454,296,-0.022555453068373293,-0.0028600002589265045,0.01969545280944679,0.19590204897551225,ok,78,0,0.007091831958621751,0.05847076461769116,1.0,575.0,1.0,False,False,no data,False,False,False,0.9861013898610139,510.0,1.0,False,False,same sign,False,False,False,0.9785021497850215,503.0,1.0,False,False,same sign,False,False,False,0.9937006299370063,527.0,1.0,False,False,opposite sign,False,False,False
N05_PSAR_POC,1h,1177,934,934,0,243,-0.027119160155603502,0.013918629550321198,0.5074946466809421,0.4817987152034261,0.3436830835117773,0.5952890792291221,0.8222698072805139,0.7355460385438972,0.512847965738758,4.71048645377467,3.344775596418641,919,792,792,0,127,-0.006155409090108351,0.015151515151515152,0.4797979797979798,0.44696969696969696,0.37626262626262624,0.5404040404040404,0.821969696969697,0.7664141414141414,0.5214646464646465,5.142177872715447,3.440532378016119,482,260,260,0,222,-0.0262391118522223,0.011538461538461539,0.5076923076923077,0.5076923076923077,0.38461538461538464,0.5769230769230769,0.8615384615384616,0.7115384615384616,0.5423076923076923,4.855106063623369,3.057199456601379,True,,921,13,-0.02696535899120669,-0.03801538111017743,-0.011050022118970739,,insufficient,148,0,0.004583280603203805,0.23257674232576742,780,12,-0.005873645135711873,-0.02447006612587963,-0.018596420990167756,,insufficient,115,0,-0.0029401843281673043,0.6681659170414792,257,3,-0.02633078872530529,-0.0183854597247796,0.007945329000525688,,insufficient,62,0,0.01282193987355051,0.0864567716141929,460,474,-0.021416008749906245,-0.03265386405142783,0.011237855301521587,0.29117088291170884,ok,148,0,-0.004403780857371184,0.9101089891010898,412,380,-0.0005539070159069866,-0.012228616602137199,0.011674709586230212,0.2683658170914543,ok,115,0,-0.0027782823291678735,0.7851074462768616,128,132,-0.025906845108302618,-0.026561309906932288,0.0006544647986296698,0.49225387306346824,ok,62,0,-0.0072832704579966,0.8845577211394303,484,450,-0.013531649734475031,-0.04173328247521724,-0.028201632740742208,0.9426057394260574,ok,148,0,-0.012497077107289235,0.9999000099990001,438,354,-0.016232191035997833,0.0063124736565006645,0.0225446646924985,0.1519240379810095,ok,115,0,-0.0032872420924423967,0.8100949525237381,128,132,0.01076484323250124,-0.062121734964681485,-0.07288657819718272,0.975512243878061,ok,62,0,-0.015653490876620692,0.9975012493753124,613,321,-0.03540740284790528,-0.011291456821083281,0.024115946026821995,0.15008499150084992,ok,148,0,-0.0006718536017158577,0.5652434756524347,494,298,-0.0028985526192918977,-0.011554359078643005,-0.008655806459351108,0.6781609195402298,ok,115,0,0.004184077942409298,0.18940529735132433,160,100,-0.02952712195339825,-0.020978295690340768,0.008548826263057481,0.4122938530734633,ok,62,0,0.004264030689985137,0.30184907546226886,1.0,576.0,1.0,False,False,no data,False,False,False,0.29117088291170884,97.0,1.0,False,False,same sign,False,False,False,0.9426057394260574,454.0,1.0,False,False,same sign,False,False,False,0.15008499150084992,39.0,1.0,False,False,same sign,False,False,False
N05_PSAR_POC,4h,268,49,49,0,219,-0.03608365681785736,0.04081632653061224,0.6530612244897959,0.5306122448979592,0.24489795918367346,0.673469387755102,0.7755102040816326,0.7142857142857143,0.4897959183673469,3.906116060778207,3.5823223960510484,187,43,43,0,144,0.05761916857229079,0.023255813953488372,0.5116279069767442,0.5116279069767442,0.4418604651162791,0.5348837209302325,0.8372093023255814,0.8372093023255814,0.5116279069767442,5.096832562853939,3.094153915298591,105,11,11,0,94,0.11348069378660113,0.0,0.7272727272727273,0.5454545454545454,0.18181818181818182,0.7272727272727273,0.7272727272727273,0.7272727272727273,0.6363636363636364,3.245154697918703,4.057885435234694,False,period-1 signals 268 < 300,47,2,-0.04135232546977771,0.08773005650227109,0.1290823819720488,,insufficient,30,0,0.05763643810056719,0.0015998400159984002,42,1,0.043681275904181256,0.6430106606328916,0.5993293847287103,,insufficient,31,0,-0.010029116923339174,0.6336831584207896,11,0,0.11348069378660113,,,,insufficient,9,0,0.05536243173724527,0.1889055472263868,17,32,0.014877699095826076,-0.06315687714700169,0.07803457624282777,,insufficient,30,0,-0.012760416278983208,0.8824117588241176,21,22,0.08371127759445246,0.032713064505681955,0.050998213088770505,,insufficient,31,0,0.0011712290754151526,0.4682658670664668,3,8,-0.3354923121490117,0.28184557101245594,-0.6173378831614676,,insufficient,9,0,-0.06230229427764466,0.984007996001999,23,26,-0.09558564947910131,0.01655272130555074,0.11213837078465205,,insufficient,30,0,-0.005119546356125694,0.6737326267373263,21,22,-0.037949500824904704,0.14884380754234106,0.18679330836724575,,insufficient,31,0,0.00019581846093073493,0.504247876061969,5,6,0.23523500302722286,0.01201876941941632,-0.22321623360780654,,insufficient,9,0,-0.031677646497275155,0.8195902048975512,37,12,-0.09175369977461298,0.13556564229880583,0.2273193420734188,,insufficient,30,0,0.012735496657857136,0.24807519248075194,24,19,0.019052469088258264,0.1063349994994898,0.08728253041123153,,insufficient,31,0,0.007998923172499516,0.3918040979510245,9,2,0.18842589682171246,-0.22377271987139985,-0.4121986166931123,,insufficient,9,0,0.003913320455397971,0.4497751124437781,,,,,,,,,,,,,,,,,,,,,,,,,,,,,,,,,,,,
N06_MACD_ORB,5m,6991,6971,6971,0,20,-0.060874807604632035,0.24845789700186488,0.49763305121216467,0.3534643523167408,0.36063692440109024,0.5106871324056806,0.7766461052933582,0.5620427485296228,0.5155644814230383,5.171073410423618,4.012654032164332,5642,5635,5635,0,7,-0.06677487709645967,0.23265306122448978,0.5307897071872227,0.39574090505767523,0.3430346051464064,0.5423247559893523,0.7881100266193434,0.5661047027506655,0.5018633540372671,4.848474840989716,3.8360668718652526,2480,2432,2432,0,48,-0.04712692624824902,0.27837171052631576,0.4453125,0.2643914473684211,0.40213815789473684,0.4588815789473684,0.7693256578947368,0.5962171052631579,0.5230263157894737,5.692809867597095,4.314327281313431,True,,5239,1732,-0.06135185525572399,-0.05943182108957959,0.0019200341661443979,0.4303569643035696,ok,153,0,0.0011849921836956656,0.38096190380961903,4324,1311,-0.06571810702681852,-0.07026036434369724,-0.004542257316878726,0.703648175912044,ok,118,0,0.0013760361033146457,0.37681159420289856,1755,677,-0.04494203501562225,-0.052790861422931414,-0.007848826407309162,0.7611194402798601,ok,79,0,0.004301800877892281,0.16041979010494753,3502,3469,-0.06338929835979511,-0.05833639693164813,-0.005052901428146975,0.7936206379362064,ok,153,0,0.0005069392753097729,0.37196280371962803,2644,2991,-0.06702610649176127,-0.0665527940067982,-0.0004733124849630732,0.5342328835582209,ok,118,0,0.0038269698774358596,0.0024987506246876563,1349,1083,-0.054199526255979624,-0.03831719641405827,-0.015882329841921353,0.9460269865067467,ok,79,0,-0.0014143883825450052,0.7521239380309845,4507,2464,-0.05802511481544291,-0.06608729356277948,-0.00806217874733657,0.898010198980102,ok,153,0,-0.008358487785678013,1.0,3405,2230,-0.060200402807084455,-0.07681348021543845,-0.016613077408353993,0.9980009995002499,ok,118,0,-0.007818024480691688,1.0,1789,643,-0.04501584859952763,-0.05300051553839298,-0.007984666938865348,0.7856071964017991,ok,79,0,-0.005758733441308124,1.0,4457,2514,-0.05995795879508853,-0.06250026311144799,-0.0025423043163594616,0.653034696530347,ok,153,0,-0.002864664691653189,0.9302069793020697,3702,1933,-0.06646237788454055,-0.06737336239523077,-0.0009109845106902159,0.5492253873063468,ok,118,0,0.0003611309442502486,0.408295852073963,1454,978,-0.04155604666519574,-0.055409195076223945,-0.013853148411028207,0.9180409795102449,ok,79,0,0.002003895635624149,0.22588705647176413,0.4303569643035696,148.0,1.0,False,False,opposite sign,False,False,False,0.7936206379362064,328.0,1.0,False,False,same sign,False,False,False,0.898010198980102,415.0,1.0,False,False,same sign,False,False,False,0.653034696530347,249.0,1.0,False,False,same sign,False,False,False
N06_MACD_ORB,15m,4124,4052,4052,0,72,-0.04597898005468079,0.25049358341559724,0.47630799605133267,0.3484698914116486,0.36747285291214216,0.49851924975320827,0.7596248766041461,0.6406712734452122,0.5086377097729516,5.322522582913502,4.103140681864089,3286,3240,3240,0,46,-0.05135662714811898,0.21728395061728395,0.5188271604938272,0.3925925925925926,0.34814814814814815,0.528395061728395,0.7669753086419753,0.6410493827160494,0.5157407407407407,4.998511789396679,3.9554011917484724,1575,1424,1424,0,151,-0.04857287791469954,0.27036516853932585,0.4410112359550562,0.2984550561797753,0.4058988764044944,0.4571629213483146,0.7731741573033708,0.6453651685393258,0.5182584269662921,5.711504374206625,4.147118667993943,True,,3037,1015,-0.04462211402452984,-0.05003888363455116,-0.00541676961002132,0.7022297770222977,ok,153,0,-0.0047455316419545285,0.8665133486651335,2536,704,-0.0531259558515295,-0.04498302261424238,0.008142933237287125,0.239880059970015,ok,118,0,0.0012366761336688736,0.40929535232383807,1039,385,-0.05790173329878531,-0.02339708377427066,0.03450464952451465,0.03548225887056472,ok,79,0,-0.0022732292771020166,0.6786606696651675,2122,1930,-0.04691050663248864,-0.04495478347535009,-0.0019557231571385517,0.5873412658734126,ok,153,0,-0.0023889796741096286,0.9211078892110789,1559,1681,-0.0514992229352545,-0.051224380371114625,-0.000274842564139878,0.5107446276861569,ok,118,0,0.002500904127473502,0.12693653173413294,796,628,-0.057683395064365935,-0.03702515235556826,-0.020658242708797674,0.8940529735132434,ok,79,0,-0.003685220480004109,0.9070464767616192,2640,1412,-0.041733845535948444,-0.053916058758259694,-0.01218221322231125,0.8949105089491051,ok,153,0,-0.007927745541616002,1.0,1968,1272,-0.04595970349981007,-0.05970658449078559,-0.01374688099097552,0.9340329835082459,ok,118,0,-0.009639461603640882,1.0,999,425,-0.046108830253836476,-0.054364839357528255,-0.008256009103691779,0.6541729135432284,ok,79,0,-0.009875791482492936,1.0,2563,1489,-0.05005833774452508,-0.03895722467585547,0.011101113068669614,0.11528847115288471,ok,153,0,-0.003785893589146369,0.9462053794620537,2112,1128,-0.050437747005042874,-0.05307708358621894,-0.0026393365811760647,0.6006996501749126,ok,118,0,-0.000501696013396967,0.5677161419290355,846,578,-0.03935941239742959,-0.062058330903644834,-0.022698918506215242,0.9155422288855573,ok,79,0,-0.0016105893487045678,0.670664667666167,0.7022297770222977,277.0,1.0,False,False,opposite sign,False,False,False,0.5873412658734126,216.0,1.0,False,False,same sign,False,False,False,0.8949105089491051,408.0,1.0,False,False,same sign,False,False,False,0.11528847115288471,25.0,1.0,False,False,opposite sign,False,False,False
N06_MACD_ORB,30m,2906,2694,2694,0,212,-0.042030405819962424,0.26169265033407574,0.4357832219747587,0.3500371195248701,0.3897550111358575,0.4573125463994061,0.7564959168522642,0.6863400148478099,0.5022271714922049,5.725438522108357,4.13769492344528,2306,2195,2195,0,111,-0.04253996549628347,0.2378132118451025,0.4856492027334852,0.3763097949886105,0.36993166287015944,0.4924829157175399,0.7480637813211846,0.6788154897494305,0.5093394077448747,5.3478306585260365,4.113070098174759,1128,890,890,0,238,-0.045871116810291844,0.2348314606741573,0.4449438202247191,0.298876404494382,0.40786516853932586,0.45280898876404496,0.7629213483146068,0.6797752808988764,0.5876404494382023,5.738610902981483,4.17259027917598,True,,1989,705,-0.042247561497759156,-0.04141774958856146,0.000829811909197696,0.47585241475852413,ok,153,0,-0.0014321698491517182,0.6224377562243776,1673,522,-0.043440293085537394,-0.039654432820379636,0.003785860265157759,0.38580709645177413,ok,118,0,-0.006338796181296985,0.9095452273863068,681,209,-0.05247963552444252,-0.024338096502461194,0.028141539021981327,0.11094452773613193,ok,78,0,-0.0026254732972140343,0.6736631684157921,1520,1174,-0.0385746624239411,-0.046504622141898044,0.007929959717956944,0.23987601239876014,ok,153,0,-0.0007101234829941724,0.6244375562443756,1129,1066,-0.04358630899348091,-0.041431783687337964,-0.0021545253061429487,0.5747126436781609,ok,118,0,0.000732652860884829,0.3893053473263368,494,396,-0.03643439673389013,-0.05764318680459093,0.021208790070700798,0.15992003998001,ok,78,0,-0.0036108595968234493,0.8085957021489255,1751,943,-0.030740769659123687,-0.06299345239220912,-0.03225268273308543,0.9961003899610039,ok,153,0,-0.010937194944315609,1.0,1369,826,-0.043066027337324765,-0.041668078498238045,0.0013979488390867198,0.45527236381809094,ok,118,0,-0.0037867120198740653,0.9515242378810594,624,266,-0.04498357831406133,-0.04795316200445668,-0.00296958369039535,0.567216391804098,ok,78,0,-0.013903275165194521,1.0,1644,1050,-0.04278101791608575,-0.040855161738032185,0.0019258561780535685,0.42615738426157385,ok,153,0,-0.001340681180744402,0.6561343865613438,1383,812,-0.04126745499784444,-0.04470730788463467,-0.0034398528867902317,0.6231884057971014,ok,118,0,-0.004023747616625883,0.8750624687656172,527,363,-0.05294702473396526,-0.035598379962424376,0.017348644771540883,0.20939530234882558,ok,78,0,0.007091831958621751,0.05847076461769116,0.47585241475852413,161.0,1.0,False,False,same sign,False,False,False,0.23987601239876014,78.0,1.0,False,False,same sign,False,False,False,0.9961003899610039,533.0,1.0,False,False,same sign,False,False,False,0.42615738426157385,147.0,1.0,False,False,same sign,False,False,False
N06_MACD_ORB,1h,2019,1526,1526,0,493,-0.032449543189926336,0.2699868938401048,0.43119266055045874,0.35910878112712974,0.39580602883355176,0.44626474442988207,0.7352555701179554,0.709043250327654,0.5111402359108781,5.7951195695381985,4.266007998281208,1629,1372,1371,1,257,-0.046621710401101725,0.27716994894237784,0.43034281546316555,0.3588621444201313,0.40700218818380746,0.4390955506929249,0.7556528081692195,0.7031363967906638,0.5076586433260394,5.839507229740971,4.147901910912193,887,502,502,0,385,-0.014605256816016468,0.26294820717131473,0.38247011952191234,0.3426294820717131,0.4541832669322709,0.39641434262948205,0.750996015936255,0.7470119521912351,0.6055776892430279,6.275396601164788,4.243451701940801,True,,1114,412,-0.03876912603938375,-0.015362127427073026,0.02340699861231072,0.12768723127687232,ok,151,0,0.004583280603203805,0.23257674232576742,991,380,-0.03849990067276247,-0.06780253524527066,-0.029302634572508195,0.974512743628186,ok,117,0,-0.0029401843281673043,0.6681659170414792,370,132,-0.029103819491815845,0.026034653714633295,0.05513847320644914,0.051974012993503245,ok,67,0,0.01282193987355051,0.0864567716141929,868,658,-0.03482486993435575,-0.029316133441955605,-0.005508736492400142,0.6303369663033697,ok,151,0,-0.004403780857371184,0.9101089891010898,781,590,-0.057397490823083853,-0.03235749936793557,-0.025039991455148285,0.920039980009995,ok,117,0,-0.0027782823291678735,0.7851074462768616,310,192,0.004957943632681779,-0.04619167420714385,0.051149617839825634,0.07146426786606697,ok,67,0,-0.0072832704579966,0.8845577211394303,978,548,-0.02762684417580118,-0.041056476831923414,-0.013429632656122233,0.7545245475452454,ok,151,0,-0.012497077107289235,0.9999000099990001,879,492,-0.05347525905136359,-0.034377260678377784,0.019097998372985807,0.11244377811094453,ok,117,0,-0.0032872420924423967,0.8100949525237381,330,172,-0.02044526367852062,-0.0034005924867933886,0.017044671191727232,0.29535232383808097,ok,67,0,-0.015653490876620692,0.9975012493753124,922,604,-0.026282313929225257,-0.041863757392519706,-0.015581443463294448,0.8118188181181882,ok,151,0,-0.0006718536017158577,0.5652434756524347,813,558,-0.04331631812029531,-0.051437631412384194,-0.008121313292088886,0.664167916041979,ok,117,0,0.004184077942409298,0.18940529735132433,274,228,-0.029837358500216918,0.0036999881904349616,0.03353734669065188,0.1629185407296352,ok,67,0,0.004264030689985137,0.30184907546226886,0.12768723127687232,31.0,1.0,False,False,same sign,False,False,False,0.6303369663033697,240.0,1.0,False,False,opposite sign,False,False,False,0.7545245475452454,306.0,1.0,False,False,opposite sign,False,False,False,0.8118188181181882,343.0,1.0,False,False,opposite sign,False,False,False
N06_MACD_ORB,4h,579,109,109,0,470,0.03400196252856453,0.26605504587155965,0.48623853211009177,0.3119266055045872,0.3486238532110092,0.5045871559633027,0.7247706422018348,0.8256880733944955,0.4036697247706422,5.264773991288676,4.467071332705458,446,85,85,0,361,-0.05568878094180551,0.25882352941176473,0.5529411764705883,0.36470588235294116,0.3411764705882353,0.5647058823529412,0.8,0.6941176470588235,0.6470588235294118,4.702295873686502,3.8664101492700786,235,21,21,0,214,-0.01710064232902364,0.2857142857142857,0.3333333333333333,0.2857142857142857,0.3333333333333333,0.42857142857142855,0.6666666666666666,0.7619047619047619,0.5714285714285714,6.319580833111584,4.928376859821468,True,,80,29,0.06824264660039672,-0.060455096979938054,-0.12869774358033478,,insufficient,46,0,0.05763643810056719,0.0015998400159984002,63,22,-0.04835789246686205,-0.07668177975641631,-0.02832388728955426,,insufficient,49,0,-0.010029116923339174,0.6336831584207896,15,6,-0.13930231552419772,0.28840354065891155,0.4277058561831093,,insufficient,13,0,0.05536243173724527,0.1889055472263868,56,53,0.03462483686276593,0.03334383115657816,0.0012810057061877697,0.5004499550044995,ok,46,0,-0.012760416278983208,0.8824117588241176,38,47,-0.10426327423785345,-0.01641578636202207,-0.08784748787583138,0.8195902048975512,ok,49,0,0.0011712290754151526,0.4682658670664668,14,7,0.030064846784753026,-0.11143162055657697,0.14149646734133,,insufficient,13,0,-0.06230229427764466,0.984007996001999,75,34,0.026554238932434155,0.050430764578852136,0.02387652564641798,0.3792620737926207,ok,46,0,-0.005119546356125694,0.6737326267373263,54,31,-0.05206672809458072,-0.06199816332084222,-0.009931435226261505,0.5177411294352824,ok,49,0,0.00019581846093073493,0.504247876061969,15,6,0.027416740895860384,-0.1283941003912337,-0.15581084128709408,,insufficient,13,0,-0.031677646497275155,0.8195902048975512,71,38,0.01430668743049808,0.07080102915916239,0.05649434172866431,0.22147785221477853,ok,46,0,0.012735496657857136,0.24807519248075194,56,29,-0.0374753187072092,-0.09085960456723287,-0.05338428586002367,,insufficient,49,0,0.007998923172499516,0.3918040979510245,14,7,0.01033866287356656,-0.07197925273420405,-0.08231791560777062,,insufficient,13,0,0.003913320455397971,0.4497751124437781,1.0,577.0,1.0,False,False,no data,False,False,False,0.5004499550044995,173.0,1.0,False,False,no data,False,False,False,0.3792620737926207,122.0,1.0,False,False,no data,False,False,False,0.22147785221477853,67.0,1.0,False,False,no data,False,False,False
N11_BREAKAWAY,5m,671,668,668,0,3,-0.042658813082439545,0.03592814371257485,0.4221556886227545,0.07634730538922156,0.02844311377245509,0.8652694610778443,0.1631736526946108,0.624251497005988,0.47754491017964074,3.36008786070611,8.734853711089118,622,621,621,0,1,-0.040447212907075314,0.027375201288244767,0.42028985507246375,0.06602254428341385,0.040257648953301126,0.8615136876006442,0.1723027375201288,0.6231884057971014,0.5442834138486312,3.3581989667192733,8.745616016085142,503,487,487,0,16,-0.04891580049683026,0.04722792607802875,0.4517453798767967,0.08829568788501027,0.039014373716632446,0.8809034907597536,0.18480492813141683,0.6057494866529775,0.5030800821355236,3.2436834437932545,8.562482285919613,True,,644,24,-0.04155942021372145,-0.07215918839304158,-0.030599768179320135,,insufficient,144,0,0.0011849921836956656,0.38096190380961903,604,17,-0.03991818485710676,-0.05924326832948738,-0.019325083472380614,,insufficient,114,0,0.0013760361033146457,0.37681159420289856,464,23,-0.050712055102231784,-0.01267831628351229,0.03803373881871949,,insufficient,79,0,0.004301800877892281,0.16041979010494753,386,282,-0.05588505134739944,-0.024554813187849044,-0.0313302381595504,0.9396060393960604,ok,144,0,0.0005069392753097729,0.37196280371962803,360,261,-0.04397836384219304,-0.03557665989311983,-0.008401703949073205,0.671664167916042,ok,114,0,0.0038269698774358596,0.0024987506246876563,267,220,-0.03034340591746384,-0.07145593391815223,0.04111252800068839,0.02948525737131434,ok,79,0,-0.0014143883825450052,0.7521239380309845,617,51,-0.04617936421362138,-6.704743657301176e-05,0.046112316777048364,0.09349065093490651,ok,144,0,-0.008358487785678013,1.0,580,41,-0.041639147129592526,-0.02358570439341721,0.018053442736175315,0.2978510744627686,ok,114,0,-0.007818024480691688,1.0,444,43,-0.047285482240635605,-0.06574978435149136,-0.01846430211085575,0.6776611694152923,ok,79,0,-0.005758733441308124,1.0,649,19,-0.04091348404393406,-0.10227557866086351,-0.06136209461692945,,insufficient,144,0,-0.002864664691653189,0.9302069793020697,596,25,-0.03833063597249824,-0.09090640702739249,-0.05257577105489424,,insufficient,114,0,0.0003611309442502486,0.408295852073963,468,19,-0.04637197191256469,-0.11157431509874015,-0.06520234318617546,,insufficient,79,0,0.002003895635624149,0.22588705647176413,1.0,578.0,1.0,False,False,no data,False,False,False,0.9396060393960604,448.0,1.0,False,False,opposite sign,False,False,False,0.09349065093490651,21.0,1.0,False,False,opposite sign,False,False,False,1.0,579.0,1.0,False,False,no data,False,False,False
N11_BREAKAWAY,15m,241,228,228,0,13,-0.06328471909301854,0.043859649122807015,0.3991228070175439,0.06578947368421052,0.03070175438596491,0.8508771929824561,0.14473684210526316,0.6491228070175439,0.43859649122807015,3.6265793490307527,8.901855411970518,193,190,190,0,3,-0.05822217683837882,0.015789473684210527,0.3736842105263158,0.08947368421052632,0.021052631578947368,0.8578947368421053,0.12105263157894737,0.6684210526315789,0.4368421052631579,3.6322435206250683,8.997126380622053,126,110,110,0,16,-0.03735337184856615,0.05454545454545454,0.5363636363636364,0.14545454545454545,0.045454545454545456,0.8454545454545455,0.2636363636363636,0.6454545454545455,0.43636363636363634,3.0395257872708066,7.895404897328898,False,period-1 signals 241 < 300,218,10,-0.06028458500397888,-0.1286876422340832,-0.06840305723010431,,insufficient,109,0,-0.0047455316419545285,0.8665133486651335,187,3,-0.06026340890321353,0.06901462186965261,0.12927803077286615,,insufficient,94,0,0.0012366761336688736,0.40929535232383807,104,6,-0.03437918970612093,-0.08890586231761682,-0.054526672611495894,,insufficient,58,0,-0.0022732292771020166,0.6786606696651675,137,91,-0.047615823988374766,-0.08687415458022951,0.03925833059185475,0.1468853114688531,ok,109,0,-0.0023889796741096286,0.9211078892110789,119,71,-0.06539734326553322,-0.046196193671739744,-0.019201149593793473,0.6996501749125438,ok,94,0,0.002500904127473502,0.12693653173413294,51,59,0.027280811603680188,-0.09322359822254181,0.120504409826222,0.01699150424787606,ok,58,0,-0.003685220480004109,0.9070464767616192,213,15,-0.06546494054353548,-0.03232557449567795,0.03313936604785753,,insufficient,109,0,-0.007927745541616002,1.0,173,17,-0.06322858972179664,-0.007274563377715136,0.0559540263440815,,insufficient,94,0,-0.009639461603640882,1.0,94,16,-0.029289763413494523,-0.08472707140461201,-0.055437307991117485,,insufficient,58,0,-0.009875791482492936,1.0,221,7,-0.06031092962066283,-0.1571715010059631,-0.09686057138530027,,insufficient,109,0,-0.003785893589146369,0.9462053794620537,186,4,-0.060342013630144846,0.040350233978741934,0.10069224760888679,,insufficient,94,0,-0.000501696013396967,0.5677161419290355,105,5,-0.039143186680884005,0.00023273963010868315,0.03937592631099269,,insufficient,58,0,-0.0016105893487045678,0.670664667666167,,,,,,,,,,,,,,,,,,,,,,,,,,,,,,,,,,,,
N11_BREAKAWAY,30m,145,129,129,0,16,-0.012856836611300972,0.05426356589147287,0.34108527131782945,0.10077519379844961,0.023255813953488372,0.8294573643410853,0.15503875968992248,0.7286821705426356,0.3875968992248062,3.916258760831464,8.776412750943832,90,77,77,0,13,-0.038277033051888475,0.012987012987012988,0.3246753246753247,0.1038961038961039,0.03896103896103896,0.8181818181818182,0.16883116883116883,0.7402597402597403,0.45454545454545453,3.7340356562278236,8.658140410816598,86,70,70,0,16,-0.05748758578019276,0.04285714285714286,0.4142857142857143,0.02857142857142857,0.08571428571428572,0.8,0.11428571428571428,0.6285714285714286,0.4142857142857143,3.792719215661251,9.26325159637186,False,period-1 signals 145 < 300,122,7,-0.0176888233320652,0.071357789093447,0.0890466124255122,,insufficient,76,0,-0.0014321698491517182,0.6224377562243776,76,1,-0.03912336943983956,0.026044532432394647,0.0651679018722342,,insufficient,55,0,-0.006338796181296985,0.9095452273863068,67,3,-0.06298591171496946,0.06530836009648729,0.12829427181145675,,insufficient,40,0,-0.0026254732972140343,0.6736631684157921,85,44,-0.008283278579201449,-0.021692119173311417,0.013408840594109968,0.38786121387861217,ok,76,0,-0.0007101234829941724,0.6244375562443756,52,25,-0.04382237516189816,-0.026742721463068313,-0.017079653698829845,,insufficient,55,0,0.000732652860884829,0.3893053473263368,41,29,-0.06972286046349457,-0.040189438814145335,-0.029533421649349238,,insufficient,40,0,-0.0036108595968234493,0.8085957021489255,116,13,0.0012843652100191715,-0.13903986824769612,-0.1403242334577153,,insufficient,76,0,-0.010937194944315609,1.0,69,8,-0.044893391824363874,0.0187890613607119,0.06368245318507577,,insufficient,55,0,-0.0037867120198740653,0.9515242378810594,68,2,-0.06716147605227606,0.27142468347063925,0.3385861595229153,,insufficient,40,0,-0.013903275165194521,1.0,126,3,-0.017277324437629388,0.17280365209449244,0.19008097653212183,,insufficient,76,0,-0.001340681180744402,0.6561343865613438,74,3,-0.033898393679417826,-0.1462834709061642,-0.11238507722674637,,insufficient,55,0,-0.004023747616625883,0.8750624687656172,64,6,-0.05754610893671671,-0.05686333877727059,0.0006827701594461222,,insufficient,40,0,0.007091831958621751,0.05847076461769116,,,,,,,,,,,,,,,,,,,,,,,,,,,,,,,,,,,,
N11_BREAKAWAY,1h,65,39,39,0,26,-0.01662313240950195,0.10256410256410256,0.3333333333333333,0.05128205128205128,0.0,0.7948717948717948,0.10256410256410256,0.7692307692307693,0.5384615384615384,4.1812076537442735,9.154364668476314,68,48,48,0,20,-0.049052004754125876,0.041666666666666664,0.5625,0.10416666666666667,0.0625,0.8958333333333334,0.3333333333333333,0.6875,0.5,2.704381633766998,7.42458893479463,33,14,14,0,19,-0.02185138058145241,0.07142857142857142,0.7142857142857143,0.0,0.0,0.9285714285714286,0.07142857142857142,0.7857142857142857,0.7142857142857143,2.000569674679657,9.488586444224948,False,period-1 signals 65 < 300,35,4,-0.02938574072424131,0.09504969034446743,0.12443543106870875,,insufficient,30,0,0.004583280603203805,0.23257674232576742,46,2,-0.05835596539800167,0.16493909005501722,0.2232950554530189,,insufficient,38,0,-0.0029401843281673043,0.6681659170414792,13,1,0.007426083583064949,-0.4024584147201781,-0.4098844983032431,,insufficient,13,0,0.01282193987355051,0.0864567716141929,26,13,-0.0011020873709449682,-0.04766522248661588,0.04656313511567091,,insufficient,30,0,-0.004403780857371184,0.9101089891010898,21,27,-0.03463372026264829,-0.0602662260252751,0.02563250576262681,,insufficient,38,0,-0.0027782823291678735,0.7851074462768616,4,10,-0.05130417916261458,-0.010070261148987543,-0.04123391801362704,,insufficient,13,0,-0.0072832704579966,0.8845577211394303,37,2,-0.02540282279097685,0.1458011396477837,0.17120396243876057,,insufficient,30,0,-0.012497077107289235,0.9999000099990001,43,5,-0.026774956344806224,-0.24063462107427486,-0.21385966472946863,,insufficient,38,0,-0.0032872420924423967,0.8100949525237381,14,0,-0.021851380581452414,,,,insufficient,13,0,-0.015653490876620692,0.9975012493753124,39,0,-0.016623132409501952,,,,insufficient,30,0,-0.0006718536017158577,0.5652434756524347,45,3,-0.060634503017810745,0.12468546920114713,0.18531997221895788,,insufficient,38,0,0.004184077942409298,0.18940529735132433,14,0,-0.021851380581452414,,,,insufficient,13,0,0.004264030689985137,0.30184907546226886,,,,,,,,,,,,,,,,,,,,,,,,,,,,,,,,,,,,
N11_BREAKAWAY,4h,19,1,1,0,18,0.16352764406198605,0.0,1.0,0.0,0.0,1.0,0.0,1.0,1.0,1.252907730400463,10.0,11,1,1,0,10,-0.5843487246888694,0.0,0.0,0.0,0.0,1.0,0.0,0.0,0.0,3.7735526562312107,10.0,14,0,0,0,14,,,,,,,,,,,,False,period-1 signals 19 < 300,1,0,0.16352764406198605,,,,insufficient,1,0,0.05763643810056719,0.0015998400159984002,1,0,-0.5843487246888694,,,,insufficient,1,0,-0.010029116923339174,0.6336831584207896,0,0,,,,,insufficient,0,0,0.05536243173724527,0.1889055472263868,0,1,,0.16352764406198605,,,insufficient,1,0,-0.012760416278983208,0.8824117588241176,1,0,-0.5843487246888694,,,,insufficient,1,0,0.0011712290754151526,0.4682658670664668,0,0,,,,,insufficient,0,0,-0.06230229427764466,0.984007996001999,1,0,0.16352764406198605,,,,insufficient,1,0,-0.005119546356125694,0.6737326267373263,1,0,-0.5843487246888694,,,,insufficient,1,0,0.00019581846093073493,0.504247876061969,0,0,,,,,insufficient,0,0,-0.031677646497275155,0.8195902048975512,1,0,0.16352764406198605,,,,insufficient,1,0,0.012735496657857136,0.24807519248075194,1,0,-0.5843487246888694,,,,insufficient,1,0,0.007998923172499516,0.3918040979510245,0,0,,,,,insufficient,0,0,0.003913320455397971,0.4497751124437781,,,,,,,,,,,,,,,,,,,,,,,,,,,,,,,,,,,,
N13_3OUTSIDE,5m,13438,13366,13366,0,72,-0.05960133980835863,0.16325003740834954,0.3855304503965285,0.17110579081250935,0.3083196169385007,0.5124195720484812,0.5344904982792159,0.5749663324854107,0.5261110279814455,5.565612512353605,6.125430016042415,9562,9537,9537,0,25,-0.05857306330765656,0.16766278703994966,0.39236657229736815,0.18339100346020762,0.32284785571982805,0.5072874069413862,0.5491244626192723,0.5785886547132222,0.5054000209709553,5.581139128686044,6.0072704680568165,8774,8532,8532,0,242,-0.0485921665970274,0.18342709798406,0.37412095639943743,0.1484997655883732,0.32946554149085794,0.48370839193624005,0.5480543834974215,0.5959915611814346,0.5223863103609939,5.785794093793246,6.116297211560317,True,,11184,2182,-0.059007964538143824,-0.06264272799446423,-0.0036347634563204043,0.7619238076192381,ok,153,0,0.0011849921836956656,0.38096190380961903,7938,1599,-0.05659095323916145,-0.06841295681842219,-0.011822003579260741,0.9615192403798101,ok,118,0,0.0013760361033146457,0.37681159420289856,6967,1565,-0.048396601064548496,-0.0494627768620629,-0.0010661757975144043,0.559720139930035,ok,79,0,0.004301800877892281,0.16041979010494753,8213,5153,-0.06200223687953643,-0.05577472082027726,-0.006227516059259169,0.9143085691430857,ok,153,0,0.0005069392753097729,0.37196280371962803,5795,3742,-0.06197124598547264,-0.053310511565822234,-0.008660734419650408,0.9800099950024987,ok,118,0,0.0038269698774358596,0.0024987506246876563,5340,3192,-0.05053965716490366,-0.04533414666204644,-0.005205510502857225,0.8420789605197402,ok,79,0,-0.0014143883825450052,0.7521239380309845,11079,2287,-0.05916347092505158,-0.061722524486171826,-0.002559053561120246,0.6746325367463254,ok,153,0,-0.008358487785678013,1.0,7788,1749,-0.05514296884387992,-0.07384669148598275,-0.018703722642102828,1.0,ok,118,0,-0.007818024480691688,1.0,7265,1267,-0.047923735549932935,-0.05242496182760456,-0.004501226277671626,0.7416291854072964,ok,79,0,-0.005758733441308124,1.0,9245,4121,-0.05721202989380986,-0.06496148786950967,-0.007749457975699814,0.955004499550045,ok,153,0,-0.002864664691653189,0.9302069793020697,6458,3079,-0.056763434600806975,-0.062368640504420036,-0.005605205903613061,0.8770614692653673,ok,118,0,0.0003611309442502486,0.408295852073963,5721,2811,-0.04913543758753388,-0.04748649127269883,0.0016489463148350522,0.3743128435782109,ok,79,0,0.002003895635624149,0.22588705647176413,0.7619238076192381,310.0,1.0,False,False,same sign,False,False,False,0.9143085691430857,422.0,1.0,False,False,same sign,False,False,False,0.6746325367463254,261.0,1.0,False,False,same sign,False,False,False,0.955004499550045,468.0,1.0,False,False,opposite sign,False,False,False
N13_3OUTSIDE,15m,4439,4275,4275,0,164,-0.04301336468472551,0.1745029239766082,0.3719298245614035,0.17660818713450294,0.32210526315789473,0.487953216374269,0.551812865497076,0.6577777777777778,0.5401169590643274,5.786040773031644,6.008086323751446,3156,3091,3091,0,65,-0.04819117848904239,0.16758330637334196,0.37043028146230994,0.16661274668392106,0.31899061792300226,0.49466192170818507,0.5396311873180201,0.6486573924296344,0.5059851180847622,5.737369457288405,6.109899978725845,2577,2279,2279,0,298,-0.04078779724812395,0.17507678806494076,0.35761298815269854,0.1636682755594559,0.33962264150943394,0.47345326897762174,0.5695480473892058,0.6713470820535322,0.5476086002632734,5.90441651384537,5.927403367166272,True,,3529,746,-0.0445439185207206,-0.03577298333455575,0.008770935186164848,0.1907809219078092,ok,153,0,-0.0047455316419545285,0.8665133486651335,2573,518,-0.04900873797256352,-0.04413021217417781,0.004878525798385706,0.35782108945527236,ok,118,0,0.0012366761336688736,0.40929535232383807,1880,399,-0.043473632744987695,-0.02813273275162319,0.015340899993364503,0.13843078460769614,ok,79,0,-0.0022732292771020166,0.6786606696651675,2685,1590,-0.048633947886395884,-0.03352200248567836,-0.015111945400717523,0.9597040295970403,ok,153,0,-0.0023889796741096286,0.9211078892110789,1946,1145,-0.046414117374206115,-0.051211406375043574,0.004797289000837458,0.335832083958021,ok,118,0,0.002500904127473502,0.12693653173413294,1464,815,-0.03690051823011873,-0.04777059047801308,0.010870072247894352,0.18140929535232383,ok,79,0,-0.003685220480004109,0.9070464767616192,3520,755,-0.03864313778685938,-0.06338846227477692,-0.02474532448791754,0.9858014198580142,ok,153,0,-0.007927745541616002,1.0,2576,515,-0.04683230529984017,-0.05498818302377042,-0.008155877723930248,0.7411294352823589,ok,118,0,-0.009639461603640882,1.0,1906,373,-0.040473101922104245,-0.0423958650534686,-0.0019227631313643578,0.5552223888055972,ok,79,0,-0.009875791482492936,1.0,2898,1377,-0.03954846830232328,-0.050305499554879236,-0.010757031252555956,0.8691130886911309,ok,153,0,-0.003785893589146369,0.9462053794620537,2105,986,-0.04695936249303226,-0.05082096821683281,-0.0038616057238005513,0.6416791604197901,ok,118,0,-0.000501696013396967,0.5677161419290355,1505,774,-0.03640257871279257,-0.04931461106682388,-0.012912032354031308,0.8375812093953023,ok,79,0,-0.0016105893487045678,0.670664667666167,0.1907809219078092,54.0,1.0,False,False,same sign,False,False,False,0.9597040295970403,474.0,1.0,False,False,opposite sign,False,False,False,0.9858014198580142,509.0,1.0,False,False,same sign,False,False,False,0.8691130886911309,390.0,1.0,False,False,same sign,False,False,False
N13_3OUTSIDE,30m,2109,1880,1880,0,229,-0.04377371607700858,0.1819148936170213,0.3537234042553192,0.16436170212765958,0.32978723404255317,0.4819148936170213,0.548936170212766,0.6952127659574469,0.5372340425531915,5.862999149855336,6.092303730902669,1681,1562,1562,0,119,-0.03443502043724003,0.1702944942381562,0.3738796414852753,0.16709346991037133,0.31882202304737517,0.49615877080665816,0.5403329065300896,0.6978233034571063,0.49871959026888607,5.7014955388849495,6.119459827200024,1156,859,859,0,297,-0.0445157847001092,0.17578579743888242,0.37718277066356226,0.15832363213038417,0.3178114086146682,0.4831199068684517,0.5576251455180442,0.6856810244470314,0.5587892898719441,5.78372485715429,5.99152300167033,True,,1538,342,-0.04912414557642908,-0.019712427860316375,0.029411717716112704,0.0354964503549645,ok,152,0,-0.0014321698491517182,0.6224377562243776,1296,266,-0.03676510657383707,-0.02308242031306805,0.013682686260769017,0.24887556221889057,ok,118,0,-0.006338796181296985,0.9095452273863068,708,151,-0.051898495150352,-0.009900162191686102,0.041998332958665896,0.06946526736631684,ok,76,0,-0.0026254732972140343,0.6736631684157921,1215,665,-0.04290950771099149,-0.045352683241987164,0.002443175530995677,0.42005799420057993,ok,152,0,-0.0007101234829941724,0.6244375562443756,978,584,-0.03055778632695904,-0.04092805975205993,0.010370273425100891,0.2383808095952024,ok,118,0,0.000732652860884829,0.3893053473263368,535,324,-0.04398433058114425,-0.04539334011259763,0.001409009531453377,0.463768115942029,ok,76,0,-0.0036108595968234493,0.8085957021489255,1571,309,-0.039788062351114394,-0.06403734715590749,-0.024249284804793096,0.9165083491650835,ok,152,0,-0.010937194944315609,1.0,1301,261,-0.034121421117828975,-0.03599821091445765,-0.0018767897966286765,0.5402298850574713,ok,118,0,-0.0037867120198740653,0.9515242378810594,723,136,-0.04379600486108883,-0.04834226134431306,-0.00454625648322423,0.5687156421789106,ok,76,0,-0.013903275165194521,1.0,1260,620,-0.04687763128492858,-0.03746575936413891,0.009411871920789669,0.2636736326367363,ok,152,0,-0.001340681180744402,0.6561343865613438,1064,498,-0.03655199613927119,-0.02991200407788029,0.006639992061390897,0.3308345827086457,ok,118,0,-0.004023747616625883,0.8750624687656172,586,273,-0.04333853001105249,-0.047042785607754746,-0.0037042555967022536,0.5462268865567217,ok,76,0,0.007091831958621751,0.05847076461769116,0.0354964503549645,10.0,1.0,False,False,same sign,False,False,False,0.42005799420057993,144.0,1.0,False,False,same sign,False,False,False,0.9165083491650835,423.0,1.0,False,False,same sign,False,False,False,0.2636736326367363,89.0,1.0,False,False,opposite sign,False,False,False
N13_3OUTSIDE,1h,975,718,718,0,257,-0.020728097022919584,0.19080779944289694,0.3746518105849582,0.1935933147632312,0.3593314763231198,0.4860724233983287,0.5974930362116991,0.7298050139275766,0.5376044568245125,5.7744349098292345,5.659813561200708,768,605,605,0,163,-0.04699796717526232,0.15206611570247933,0.4,0.15206611570247933,0.3322314049586777,0.5140495867768595,0.5735537190082645,0.7024793388429752,0.5057851239669422,5.538512967392504,5.89877309661062,543,257,257,0,286,0.0016330516796493081,0.17120622568093385,0.3540856031128405,0.14785992217898833,0.377431906614786,0.45525291828793774,0.6381322957198443,0.7626459143968871,0.5953307392996109,6.0130886819843745,5.402240521149726,True,,581,137,-0.020961657706603364,-0.019737595145399318,0.0012240625612040465,0.48685131486851313,ok,147,0,0.004583280603203805,0.23257674232576742,513,92,-0.04005986132995155,-0.08568544868226692,-0.045625587352315373,0.9415292353823088,ok,117,0,-0.0029401843281673043,0.6681659170414792,213,44,0.0036669374809223778,-0.008212804585604382,-0.011879742066526758,0.6046976511744128,ok,65,0,0.01282193987355051,0.0864567716141929,449,269,-0.03040440740874175,-0.004576932103833513,-0.025827475304908237,0.8579142085791421,ok,147,0,-0.004403780857371184,0.9101089891010898,363,242,-0.05738763255869236,-0.03141346910011728,-0.025974163458575075,0.8675662168915542,ok,117,0,-0.0027782823291678735,0.7851074462768616,166,91,-0.01865253612920405,0.038637530539755445,-0.0572900666689595,0.9400299850074962,ok,65,0,-0.0072832704579966,0.8845577211394303,579,139,-0.01680055800729701,-0.03708813364195174,-0.020287575634654727,0.7344265573442655,ok,147,0,-0.012497077107289235,0.9999000099990001,513,92,-0.03746678466219298,-0.10014466966661635,-0.06267788500442337,0.9590204897551224,ok,117,0,-0.0032872420924423967,0.8100949525237381,219,38,-0.012318382149051994,0.08203736769242782,0.09435574984147982,0.057971014492753624,ok,65,0,-0.015653490876620692,0.9975012493753124,460,258,-0.028553560698612777,-0.006775719926722407,0.02177784077189037,0.20237976202379762,ok,147,0,-0.0006718536017158577,0.5652434756524347,404,201,-0.02799511226734838,-0.08519276012450226,-0.05719764785715388,0.9820089955022488,ok,117,0,0.004184077942409298,0.18940529735132433,160,97,0.007092060996534898,-0.0073714997708836175,-0.014463560767418514,0.6546726636681659,ok,65,0,0.004264030689985137,0.30184907546226886,0.48685131486851313,167.0,1.0,False,False,opposite sign,False,False,False,0.8579142085791421,377.0,1.0,False,False,same sign,False,False,False,0.7344265573442655,290.0,1.0,False,False,opposite sign,False,False,False,0.20237976202379762,57.0,1.0,False,False,opposite sign,False,False,False
N13_3OUTSIDE,4h,226,30,30,0,196,-0.09477068031721794,0.06666666666666667,0.16666666666666666,0.1,0.5666666666666667,0.26666666666666666,0.7,0.7,0.6333333333333333,7.718902663274974,5.498874400070649,198,28,28,0,170,0.013254005489841196,0.21428571428571427,0.32142857142857145,0.2857142857142857,0.5,0.35714285714285715,0.7142857142857143,0.8214285714285714,0.42857142857142855,6.802433563625597,4.80590429323143,137,6,6,0,131,-0.07999716676105233,0.5,0.16666666666666666,0.3333333333333333,0.6666666666666666,0.16666666666666666,0.8333333333333334,0.6666666666666666,1.0,8.397159563056883,4.070907697107811,False,period-1 signals 226 < 300,28,2,-0.07909343312678067,-0.31425214098333965,-0.23515870785655896,,insufficient,25,0,0.05763643810056719,0.0015998400159984002,22,6,0.021665611865134007,-0.017588551219565818,-0.039254163084699825,,insufficient,22,0,-0.010029116923339174,0.6336831584207896,3,3,-0.032905120958558354,-0.12708921256354633,-0.09418409160498797,,insufficient,5,0,0.05536243173724527,0.1889055472263868,25,5,-0.10387876064156355,-0.049230278695489904,-0.05464848194607365,,insufficient,25,0,-0.012760416278983208,0.8824117588241176,19,9,0.07926931184790782,-0.12611164126607727,0.20538095311398508,,insufficient,22,0,0.0011712290754151526,0.4682658670664668,5,1,-0.11657838277326253,0.10290891329999868,-0.21948729607326123,,insufficient,5,0,-0.06230229427764466,0.984007996001999,27,3,-0.07168896392706607,-0.30250612782858455,-0.23081716390151846,,insufficient,25,0,-0.005119546356125694,0.6737326267373263,20,8,0.0729615193505844,-0.13601477916201685,-0.20897629851260124,,insufficient,22,0,0.00019581846093073493,0.504247876061969,4,2,-0.06249531203766355,-0.1150008762078299,-0.052505564170166344,,insufficient,5,0,-0.031677646497275155,0.8195902048975512,13,17,-0.06883748765097499,-0.11460194529728608,-0.045764457646311096,,insufficient,25,0,0.012735496657857136,0.24807519248075194,14,14,-0.043323213823833244,0.06983122480351564,0.11315443862734889,,insufficient,22,0,0.007998923172499516,0.3918040979510245,2,4,-0.19440941248699223,-0.02279104389808237,0.17161836858890986,,insufficient,5,0,0.003913320455397971,0.4497751124437781,,,,,,,,,,,,,,,,,,,,,,,,,,,,,,,,,,,,
N15_KC_AO,5m,123,121,121,0,2,-0.06504615721634145,0.17355371900826447,0.256198347107438,0.12396694214876033,0.33884297520661155,0.2727272727272727,0.47107438016528924,0.6033057851239669,0.512396694214876,7.479420950294499,6.602622356192173,78,77,77,0,1,-0.058119625759820194,0.09090909090909091,0.2987012987012987,0.22077922077922077,0.45454545454545453,0.2987012987012987,0.6103896103896104,0.6103896103896104,0.4675324675324675,7.219787224055224,5.4905662886463285,45,43,43,0,2,-0.0646373484537652,0.23255813953488372,0.20930232558139536,0.2558139534883721,0.5116279069767442,0.20930232558139536,0.6511627906976745,0.6511627906976745,0.4418604651162791,8.003491903928339,4.948893099607723,False,period-1 signals 123 < 300,100,21,-0.05856846065181906,-0.09589233133311477,-0.03732387068129571,,insufficient,71,0,0.0011849921836956656,0.38096190380961903,70,7,-0.07556580563111179,0.11634217295309561,0.19190797858420738,,insufficient,47,0,0.0013760361033146457,0.37681159420289856,33,10,-0.071814513513432,-0.04095270375686478,0.030861809756567223,,insufficient,26,0,0.004301800877892281,0.16041979010494753,90,31,-0.0638983310596854,-0.0683785557356655,0.004480224675980096,0.4757524247575243,ok,71,0,0.0005069392753097729,0.37196280371962803,54,23,-0.07642101961410465,-0.0151511358410654,-0.06126988377303925,,insufficient,47,0,0.0038269698774358596,0.0024987506246876563,34,9,-0.0699407468988853,-0.0446022876610893,-0.025338459237796,,insufficient,26,0,-0.0014143883825450052,0.7521239380309845,106,15,-0.0508499114812286,-0.1653662937444723,-0.11451638226324368,,insufficient,71,0,-0.008358487785678013,1.0,60,17,-0.04942899956098028,-0.08879242410866701,-0.03936342454768674,,insufficient,47,0,-0.007818024480691688,1.0,32,11,-0.04939713659770159,-0.10897251021685932,-0.059575373619157726,,insufficient,26,0,-0.005758733441308124,1.0,80,41,-0.0594803881905969,-0.07590619433974548,-0.016425806149148577,0.6285371462853715,ok,71,0,-0.002864664691653189,0.9302069793020697,42,35,-0.05632635729288384,-0.06027154792014382,-0.003945190627259974,0.5402298850574713,ok,47,0,0.0003611309442502486,0.408295852073963,21,22,-0.08779215517912926,-0.042535032943190415,0.04525712223593885,,insufficient,26,0,0.002003895635624149,0.22588705647176413,,,,,,,,,,,,,,,,,,,,,,,,,,,,,,,,,,,,
N15_KC_AO,15m,63,56,56,0,7,-0.10651484681509414,0.14285714285714285,0.21428571428571427,0.4107142857142857,0.5357142857142857,0.23214285714285715,0.6964285714285714,0.5892857142857143,0.5357142857142857,7.810683322557908,4.402449085445432,19,17,17,0,2,-0.10019338798364705,0.11764705882352941,0.35294117647058826,0.47058823529411764,0.47058823529411764,0.35294117647058826,0.6470588235294118,0.47058823529411764,0.5294117647058824,6.696509936619351,4.661467706876758,25,22,22,0,3,-0.11134013462268745,0.13636363636363635,0.22727272727272727,0.3181818181818182,0.4090909090909091,0.2727272727272727,0.5,0.45454545454545453,0.6363636363636364,7.439516039713667,6.044114521251797,False,period-1 signals 63 < 300,48,8,-0.0999331760238758,-0.14600487156240413,-0.04607169553852833,,insufficient,45,0,-0.0047455316419545285,0.8665133486651335,15,2,-0.06008039194103533,-0.40104085830323477,-0.34096046636219945,,insufficient,16,0,0.0012366761336688736,0.40929535232383807,19,3,-0.10634132020312728,-0.14299929261323516,-0.036657972410107875,,insufficient,14,0,-0.0022732292771020166,0.6786606696651675,44,12,-0.10403830747028707,-0.11559549107938676,0.011557183609099686,,insufficient,45,0,-0.0023889796741096286,0.9211078892110789,11,6,-0.09532626262819396,-0.10911645113531099,0.013790188507117024,,insufficient,16,0,0.002500904127473502,0.12693653173413294,17,5,-0.17534053351825774,0.10626122162225152,-0.2816017551405092,,insufficient,14,0,-0.003685220480004109,0.9070464767616192,33,23,-0.09898408042599278,-0.11731985946032648,-0.0183357790343337,,insufficient,45,0,-0.007927745541616002,1.0,9,8,-0.06333727330205689,-0.14165651700043597,-0.07831924369837907,,insufficient,16,0,-0.009639461603640882,1.0,15,7,-0.08989298297606924,-0.15729831672258363,-0.06740533374651439,,insufficient,14,0,-0.009875791482492936,1.0,26,30,-0.10021279356006832,-0.11197662630278314,-0.011763832742714822,,insufficient,45,0,-0.003785893589146369,0.9462053794620537,9,8,-0.0744197752313917,-0.1291887023299343,-0.054768927098542586,,insufficient,16,0,-0.000501696013396967,0.5677161419290355,13,9,-0.026608201464740196,-0.23373070473972238,-0.2071225032749822,,insufficient,14,0,-0.0016105893487045678,0.670664667666167,,,,,,,,,,,,,,,,,,,,,,,,,,,,,,,,,,,,
N15_KC_AO,30m,45,33,33,0,12,0.00474821284319764,0.18181818181818182,0.3939393939393939,0.45454545454545453,0.36363636363636365,0.3939393939393939,0.6666666666666666,0.8484848484848485,0.36363636363636365,6.32622140093864,4.402559982902373,15,13,13,0,2,0.03818248088309222,0.07692307692307693,0.38461538461538464,0.46153846153846156,0.38461538461538464,0.46153846153846156,0.7692307692307693,0.7692307692307693,0.6923076923076923,5.827069914928443,3.629711153316001,14,13,13,0,1,-0.021969744429910787,0.38461538461538464,0.0,0.07692307692307693,0.5384615384615384,0.0,0.5384615384615384,0.6923076923076923,0.46153846153846156,10.0,6.37703390172518,False,period-1 signals 45 < 300,27,6,-0.014012615458785174,0.08917194020212031,0.10318455566090548,,insufficient,28,0,-0.0014321698491517182,0.6224377562243776,12,1,0.04073592419018168,0.007541161198018581,-0.033194762992163104,,insufficient,11,0,-0.006338796181296985,0.9095452273863068,8,5,0.050293412470075925,-0.13759079546988953,-0.18788420793996546,,insufficient,8,0,-0.0026254732972140343,0.6736631684157921,20,13,-0.014967968936240347,0.03508080019617917,-0.05004876913241952,,insufficient,28,0,-0.0007101234829941724,0.6244375562443756,8,5,0.06950922105515894,-0.011940303392214552,0.0814495244473735,,insufficient,11,0,0.000732652860884829,0.3893053473263368,13,0,-0.021969744429910794,,,,insufficient,8,0,-0.0036108595968234493,0.8085957021489255,18,15,0.06148244773350685,-0.0633328690251734,-0.12481531675868025,,insufficient,28,0,-0.010937194944315609,1.0,7,6,0.12329414709860294,-0.0611144630350036,-0.18440861013360654,,insufficient,11,0,-0.0037867120198740653,0.9515242378810594,12,1,-0.030957146143387935,0.0858790761318149,0.11683622227520284,,insufficient,8,0,-0.013903275165194521,1.0,21,12,0.023104539779715622,-0.027375359295708807,-0.050479899075424425,,insufficient,28,0,-0.001340681180744402,0.6561343865613438,8,5,0.06652089385789063,-0.007158979876585226,-0.07367987373447586,,insufficient,11,0,-0.004023747616625883,0.8750624687656172,6,7,0.1617834939479237,-0.17947252018234036,-0.3412560141302641,,insufficient,8,0,0.007091831958621751,0.05847076461769116,,,,,,,,,,,,,,,,,,,,,,,,,,,,,,,,,,,,
N15_KC_AO,1h,19,13,13,0,6,0.035049356829060574,0.15384615384615385,0.07692307692307693,0.38461538461538464,0.46153846153846156,0.07692307692307693,0.46153846153846156,0.9230769230769231,0.3076923076923077,9.335518129973774,5.985650050652985,9,7,7,0,2,-0.13846107657585743,0.2857142857142857,0.14285714285714285,0.2857142857142857,0.5714285714285714,0.14285714285714285,0.7142857142857143,0.7142857142857143,0.42857142857142855,8.599104374499023,4.913446405047779,7,5,5,0,2,0.056803793649851386,0.0,0.2,0.4,0.6,0.2,0.8,0.8,0.4,8.133840891426212,3.392369818272745,False,period-1 signals 19 < 300,11,2,0.034969711047374806,0.03548740862833227,0.0005176975809574672,,insufficient,11,0,0.004583280603203805,0.23257674232576742,5,2,-0.20295077842773196,0.022763178053828877,0.22571395648156084,,insufficient,6,0,-0.0029401843281673043,0.6681659170414792,5,0,0.0568037936498514,,,,insufficient,5,0,0.01282193987355051,0.0864567716141929,12,1,0.029316885481482174,0.1038390130000013,-0.07452212751851912,,insufficient,11,0,-0.004403780857371184,0.9101089891010898,6,1,-0.17732115563228223,0.0946993977626914,-0.27202055339497366,,insufficient,6,0,-0.0027782823291678735,0.7851074462768616,4,1,0.010118621231185301,0.24354448332451575,-0.23342586209333044,,insufficient,5,0,-0.0072832704579966,0.8845577211394303,8,5,-0.02762218965047458,0.1353238311963168,0.16294602084679138,,insufficient,11,0,-0.012497077107289235,0.9999000099990001,5,2,-0.21092387072676214,0.042695908801404295,0.25361977952816644,,insufficient,6,0,-0.0032872420924423967,0.8100949525237381,3,2,-0.07980718093590887,0.26172025552849176,0.34152743646440065,,insufficient,5,0,-0.015653490876620692,0.9975012493753124,7,6,-0.033532887091285456,0.11506197473613093,0.14859486182741638,,insufficient,11,0,-0.0006718536017158577,0.5652434756524347,3,4,0.04852918829014064,-0.278703775225356,-0.32723296351549663,,insufficient,6,0,0.004184077942409298,0.18940529735132433,2,3,0.1643622105377705,-0.01490181760876134,-0.17926402814653183,,insufficient,5,0,0.004264030689985137,0.30184907546226886,,,,,,,,,,,,,,,,,,,,,,,,,,,,,,,,,,,,
N15_KC_AO,4h,3,2,2,0,1,-0.20175262656245754,0.0,1.0,0.5,0.0,1.0,1.0,0.5,0.0,0.7139229389542429,1.2110267670810066,3,1,1,0,2,0.06466464684675959,0.0,0.0,0.0,1.0,0.0,1.0,1.0,0.0,10.0,2.364999322271524,2,0,0,0,2,,,,,,,,,,,,False,period-1 signals 3 < 300,2,0,-0.20175262656245754,,,,insufficient,2,0,0.05763643810056719,0.0015998400159984002,1,0,0.06466464684675959,,,,insufficient,1,0,-0.010029116923339174,0.6336831584207896,0,0,,,,,insufficient,0,0,0.05536243173724527,0.1889055472263868,0,2,,-0.20175262656245754,,,insufficient,2,0,-0.012760416278983208,0.8824117588241176,1,0,0.06466464684675959,,,,insufficient,1,0,0.0011712290754151526,0.4682658670664668,0,0,,,,,insufficient,0,0,-0.06230229427764466,0.984007996001999,1,1,0.047540323962264,-0.4510455770871791,-0.49858590104944306,,insufficient,2,0,-0.005119546356125694,0.6737326267373263,1,0,0.06466464684675959,,,,insufficient,1,0,0.00019581846093073493,0.504247876061969,0,0,,,,,insufficient,0,0,-0.031677646497275155,0.8195902048975512,2,0,-0.20175262656245754,,,,insufficient,2,0,0.012735496657857136,0.24807519248075194,0,1,,0.06466464684675959,,,insufficient,1,0,0.007998923172499516,0.3918040979510245,0,0,,,,,insufficient,0,0,0.003913320455397971,0.4497751124437781,,,,,,,,,,,,,,,,,,,,,,,,,,,,,,,,,,,,
N16_BBRSI,5m,20089,19905,19905,0,184,-0.06313118810995975,0.0666164280331575,0.4524993720170811,0.17020849032906304,0.1075106757096207,0.7247425270032655,0.3076613916101482,0.5745792514443607,0.4925898015573976,4.252008668916919,7.568820647072444,15407,15338,15337,1,69,-0.059723803798908265,0.05907283041011932,0.47356067027449955,0.19488817891373802,0.1090174088804851,0.73084697137641,0.3237269348634022,0.5907283041011931,0.5083784312447024,4.161442027716955,7.399556331162956,9137,8812,8812,0,325,-0.05951027469617082,0.06899682251475261,0.4155696777122106,0.13107126645483433,0.09679981842941443,0.7161824784384929,0.27190195188379485,0.5789832047208352,0.4783250113481616,4.44296267626454,7.93918339445812,True,,18579,1326,-0.06298815141660202,-0.06513531987910993,-0.002147168462507912,0.6151384861513849,ok,153,0,0.0011849921836956656,0.38096190380961903,14431,906,-0.059500211046339034,-0.06328524641737023,-0.003785035371031191,0.6806596701649176,ok,118,0,0.0013760361033146457,0.37681159420289856,8204,608,-0.05987210126227127,-0.05462799649174963,0.005244104770521639,0.3353323338330835,ok,79,0,0.004301800877892281,0.16041979010494753,10898,9007,-0.06674114387907824,-0.05876333000272612,-0.007977813876352123,0.994000599940006,ok,153,0,0.0005069392753097729,0.37196280371962803,8074,7263,-0.057651562478272696,-0.062027435414330485,0.00437587293605779,0.13093453273363317,ok,118,0,0.0038269698774358596,0.0024987506246876563,5150,3662,-0.06129855633117009,-0.05699535104236245,-0.004303205288807642,0.7536231884057971,ok,79,0,-0.0014143883825450052,0.7521239380309845,16517,3388,-0.06211836224241025,-0.06806886368679423,-0.005950501444383978,0.8971102889711029,ok,153,0,-0.008358487785678013,1.0,12348,2989,-0.057530722436377274,-0.06878374647690516,-0.011253024040527887,0.9905047476261869,ok,118,0,-0.007818024480691688,1.0,7657,1155,-0.05933713957355481,-0.06065806312376458,-0.0013209235502097683,0.568215892053973,ok,79,0,-0.005758733441308124,1.0,17765,2140,-0.06238721055553447,-0.06930724477087795,-0.006920034215343478,0.9013098690130987,ok,153,0,-0.002864664691653189,0.9302069793020697,13665,1672,-0.05908467428914654,-0.0649473114250411,-0.005862637135894556,0.8365817091454273,ok,118,0,0.0003611309442502486,0.408295852073963,7959,853,-0.059347244009439304,-0.061031448477760576,-0.0016842044683212723,0.5902048975512244,ok,79,0,0.002003895635624149,0.22588705647176413,0.6151384861513849,231.0,1.0,False,False,opposite sign,False,False,False,0.994000599940006,529.0,1.0,False,False,same sign,False,False,False,0.8971102889711029,412.0,1.0,False,False,same sign,False,False,False,0.9013098690130987,416.0,1.0,False,False,same sign,False,False,False
N16_BBRSI,15m,7000,6681,6681,0,319,-0.05385194454652295,0.07064810657087263,0.43212093997904505,0.17751833557850621,0.1168986678640922,0.6925609938631941,0.3090854662475677,0.6434665469241132,0.49678191887441997,4.5394312097692096,7.566291038893607,5315,5190,5190,0,125,-0.04753742895484983,0.07071290944123314,0.4421965317919075,0.18978805394990367,0.12157996146435453,0.6922928709055877,0.3263969171483622,0.666281310211946,0.5003853564547206,4.53315735694191,7.405760626314308,3102,2718,2718,0,384,-0.05051835516465295,0.06548933038999265,0.40765268579838115,0.1309786607799853,0.10191317144959529,0.6986754966887417,0.2788815305371597,0.6530537159676233,0.46541574687270054,4.6267833824552405,7.88279680340172,True,,6209,472,-0.05408537252432375,-0.05078127862668156,0.0033040938976421907,0.39766023397660233,ok,153,0,-0.0047455316419545285,0.8665133486651335,4823,367,-0.047513916690818093,-0.047846419825217965,-0.00033250313439987106,0.5007496251874063,ok,118,0,0.0012366761336688736,0.40929535232383807,2540,178,-0.05081715389171627,-0.04625459804813146,0.004562555843584809,0.391304347826087,ok,79,0,-0.0022732292771020166,0.6786606696651675,3794,2887,-0.05478420466656179,-0.05262679910300811,-0.002157405563553677,0.6228377162283771,ok,153,0,-0.0023889796741096286,0.9211078892110789,2895,2295,-0.05007587068312812,-0.04433534233028963,-0.005740528352838489,0.7586206896551724,ok,118,0,0.002500904127473502,0.12693653173413294,1610,1108,-0.059525939834705326,-0.03742971679029885,-0.022096223044406477,0.9825087456271864,ok,79,0,-0.003685220480004109,0.9070464767616192,5495,1186,-0.0536144371748423,-0.05495236866742111,-0.0013379314925788116,0.5586441355864413,ok,153,0,-0.007927745541616002,1.0,4205,985,-0.04508830699442398,-0.057992817628545947,-0.012904510634121964,0.9010494752623688,ok,118,0,-0.009639461603640882,1.0,2362,356,-0.05369447032030484,-0.0294453664072098,0.024249103913095038,0.05347326336831584,ok,79,0,-0.009875791482492936,1.0,5900,781,-0.05308735379882932,-0.05962798220515609,-0.0065406284063267706,0.7171282871712829,ok,153,0,-0.003785893589146369,0.9462053794620537,4559,631,-0.04484303760324782,-0.06700451322102029,-0.022161475617772465,0.9730134932533733,ok,118,0,-0.000501696013396967,0.5677161419290355,2441,277,-0.05362198763384807,-0.023168294307955258,0.03045369332589281,0.03248375812093953,ok,79,0,-0.0016105893487045678,0.670664667666167,0.39766023397660233,132.0,1.0,False,False,same sign,False,False,False,0.6228377162283771,235.0,1.0,False,False,same sign,False,False,False,0.5586441355864413,202.0,1.0,False,False,opposite sign,False,False,False,0.7171282871712829,284.0,1.0,False,False,opposite sign,False,False,False
N16_BBRSI,30m,3755,3348,3348,0,407,-0.04607621591493814,0.06869772998805257,0.41487455197132617,0.18966547192353644,0.12992831541218638,0.6720430107526881,0.3363201911589008,0.677120669056153,0.47939068100358423,4.712680111088722,7.377349579580241,2765,2531,2531,0,234,-0.03551429533981458,0.061240616357171075,0.4188067957329119,0.17819043856183328,0.1185302252074279,0.6930067167127617,0.32793362307388385,0.6989332279731332,0.49822204662188857,4.62799682018423,7.454249407446044,1570,1144,1144,0,426,-0.03642012638517918,0.06818181818181818,0.4256993006993007,0.14947552447552448,0.1048951048951049,0.7001748251748252,0.30506993006993005,0.6975524475524476,0.4781468531468531,4.530711849058614,7.66809377098593,True,,3118,230,-0.04607463934860023,-0.04609758867077118,-2.2949322170943975e-05,0.5008499150084992,ok,153,0,-0.0014321698491517182,0.6224377562243776,2376,155,-0.03613250010777096,-0.026037814509722035,0.010094685598048922,0.3468265867066467,ok,118,0,-0.006338796181296985,0.9095452273863068,1066,78,-0.03218041538494126,-0.09436284338843064,-0.06218242800348937,0.9795102448775612,ok,78,0,-0.0026254732972140343,0.6736631684157921,1959,1389,-0.05281772507513433,-0.03656821271492061,-0.01624951236021372,0.9387061293870613,ok,153,0,-0.0007101234829941724,0.6244375562443756,1471,1060,-0.031637679398471036,-0.04089401425464134,0.009256334856170306,0.23438280859570215,ok,118,0,0.000732652860884829,0.3893053473263368,657,487,-0.04674108172827654,-0.02249637348904989,-0.02424470823922665,0.8865567216391804,ok,78,0,-0.0036108595968234493,0.8085957021489255,2713,635,-0.045583218611049706,-0.04818251778178744,-0.002599299170737736,0.5828417158284172,ok,153,0,-0.010937194944315609,1.0,2080,451,-0.038713698706988826,-0.02075873213865621,0.017954966568332616,0.127936031984008,ok,118,0,-0.0037867120198740653,0.9515242378810594,973,171,-0.039394026184769254,-0.019498462613242715,0.01989556357152654,0.24387806096951525,ok,78,0,-0.013903275165194521,1.0,2913,435,-0.04732336965951463,-0.03772458635642938,0.009598783303085244,0.273972602739726,ok,153,0,-0.001340681180744402,0.6561343865613438,2231,300,-0.037012838037317294,-0.02437013281271941,0.012642705224597886,0.2273863068465767,ok,118,0,-0.004023747616625883,0.8750624687656172,1024,120,-0.03542662147792283,-0.04489803492709998,-0.009471413449177152,0.6256871564217891,ok,78,0,0.007091831958621751,0.05847076461769116,0.5008499150084992,174.0,1.0,False,False,same sign,False,False,False,0.9387061293870613,447.0,1.0,False,False,same sign,False,False,False,0.5828417158284172,212.0,1.0,False,False,opposite sign,False,False,False,0.273972602739726,91.0,1.0,False,False,opposite sign,False,False,False
N16_BBRSI,1h,1959,1375,1375,0,584,-0.04234532132918952,0.064,0.41745454545454547,0.17454545454545456,0.11781818181818182,0.6938181818181818,0.32,0.72,0.4894545454545455,4.567804560350795,7.488695720340825,1505,1149,1147,2,356,-0.05098310874154449,0.06974716652136007,0.4097646033129904,0.1952920662598082,0.11595466434176112,0.6774193548387096,0.33391455972101136,0.7061900610287707,0.47515257192676547,4.733400689603111,7.345983362445308,838,398,398,0,440,-0.04724491935570906,0.09296482412060302,0.44472361809045224,0.1507537688442211,0.11055276381909548,0.7311557788944724,0.2989949748743719,0.7085427135678392,0.4648241206030151,4.279738453432079,7.705293286224484,True,,1287,88,-0.037892999680084416,-0.10746052544735175,-0.06956752576726734,0.9911008899110089,ok,147,0,0.004583280603203805,0.23257674232576742,1067,80,-0.05302015783385258,-0.023813966472885233,0.02920619136096735,0.1724137931034483,ok,118,0,-0.0029401843281673043,0.6681659170414792,361,37,-0.03998094399733697,-0.11811776001442058,-0.07813681601708361,0.8985507246376812,ok,66,0,0.01282193987355051,0.0864567716141929,801,574,-0.047494835190914506,-0.03515932724688688,-0.012335507944027622,0.7716228377162284,ok,147,0,-0.004403780857371184,0.9101089891010898,677,470,-0.053509452746148156,-0.04734409833491324,-0.006165354411234919,0.617191404297851,ok,118,0,-0.0027782823291678735,0.7851074462768616,221,177,-0.06128660606695217,-0.02971264385749028,-0.03157396220946189,0.8100949525237381,ok,66,0,-0.0072832704579966,0.8845577211394303,1135,240,-0.03957297536263258,-0.05545620746269838,-0.0158832321000658,0.7657234276572342,ok,147,0,-0.012497077107289235,0.9999000099990001,923,224,-0.05107971776819881,-0.05058502779689291,0.0004946899713058964,0.5062468765617192,ok,118,0,-0.0032872420924423967,0.8100949525237381,338,60,-0.06153017143588086,0.03322866736259207,0.09475883879847294,0.02348825587206397,ok,66,0,-0.015653490876620692,0.9975012493753124,1213,162,-0.04563920370041911,-0.017681868759427267,0.02795733494099184,0.16278372162783722,ok,147,0,-0.0006718536017158577,0.5652434756524347,1014,133,-0.05123621894420565,-0.04905338133178193,0.002182837612423723,0.4572713643178411,ok,118,0,0.004184077942409298,0.18940529735132433,354,44,-0.046756673495776134,-0.05117307922880588,-0.004416405733029746,0.5262368815592204,ok,66,0,0.004264030689985137,0.30184907546226886,0.9911008899110089,521.0,1.0,False,False,same sign,False,False,False,0.7716228377162284,317.0,1.0,False,False,same sign,False,False,False,0.7657234276572342,314.0,1.0,False,False,opposite sign,False,False,False,0.16278372162783722,44.0,1.0,False,False,opposite sign,False,False,False
N16_BBRSI,4h,504,90,90,0,414,-0.06991346059501534,0.08888888888888889,0.45555555555555555,0.15555555555555556,0.08888888888888889,0.6333333333333333,0.3,0.7222222222222222,0.4444444444444444,4.812593075762628,7.685555720072976,370,58,58,0,312,-0.026264320566236014,0.1206896551724138,0.3620689655172414,0.1206896551724138,0.15517241379310345,0.6379310344827587,0.29310344827586204,0.7758620689655172,0.3793103448275862,5.269839457614052,7.711394720736798,212,13,13,0,199,0.20776234491957857,0.0,0.6923076923076923,0.23076923076923078,0.07692307692307693,0.7692307692307693,0.38461538461538464,1.0,0.5384615384615384,3.2541607560349415,6.820607567022393,True,,82,8,-0.06107751787206788,-0.1604818735052268,-0.09940435563315891,,insufficient,49,0,0.05763643810056719,0.0015998400159984002,51,7,-0.010286828590668746,-0.14267176210251184,-0.1323849335118431,,insufficient,41,0,-0.010029116923339174,0.6336831584207896,13,0,0.2077623449195786,,,,insufficient,8,0,0.05536243173724527,0.1889055472263868,49,41,-0.10306282217917187,-0.03029593089687705,-0.07276689128229483,0.8516148385161484,ok,49,0,-0.012760416278983208,0.8824117588241176,37,21,-0.04980271349370291,0.015208086020253274,-0.06501079951395619,,insufficient,41,0,0.0011712290754151526,0.4682658670664668,4,9,0.1778986973625701,0.2210350771671379,-0.043136379804567804,,insufficient,8,0,-0.06230229427764466,0.984007996001999,76,14,-0.08359301190887938,0.0043469608231037704,0.08793997273198316,,insufficient,49,0,-0.005119546356125694,0.6737326267373263,51,7,-0.010618605274879473,-0.14025453197469084,-0.12963592669981136,,insufficient,41,0,0.00019581846093073493,0.504247876061969,10,3,0.1648856153303833,0.35068477688356287,0.18579916155317958,,insufficient,8,0,-0.031677646497275155,0.8195902048975512,82,8,-0.07036697987878242,-0.06526488793640284,0.00510209194237958,,insufficient,49,0,0.012735496657857136,0.24807519248075194,49,9,-0.03281581923422459,0.009404949959479535,0.04222076919370412,,insufficient,41,0,0.007998923172499516,0.3918040979510245,12,1,0.18735364467121055,0.45266674789999484,0.2653131032287843,,insufficient,8,0,0.003913320455397971,0.4497751124437781,1.0,580.0,1.0,False,False,no data,False,False,False,0.8516148385161484,372.0,1.0,False,False,no data,False,False,False,1.0,581.0,1.0,False,False,no data,False,False,False,1.0,582.0,1.0,False,False,no data,False,False,False
N19_FIB_CHOP,5m,13220,13014,13014,0,206,-0.06274234883221193,0.05870600891347779,0.1459197786998617,0.23128938066697402,0.6968649147072383,0.21361610573228831,0.8877362840018441,0.5783002919932381,0.4218533886583679,8.184177518519464,3.509330486401098,7579,7487,7487,0,92,-0.057252120091978304,0.05836783758514759,0.14451716308267665,0.23293709095765994,0.7084279417657272,0.21290236409776947,0.8946173367169761,0.5892880993722452,0.4674769600641111,8.205260017830092,3.4754894858760754,6271,5898,5898,0,373,-0.05057412087184343,0.06358087487283826,0.15428958969142081,0.2302475415395049,0.6710749406578501,0.24092912851814174,0.8850457782299085,0.6059681247880637,0.3733468972533062,7.9784015947151525,3.546880753876256,True,,12250,764,-0.06417833929169277,-0.03971763269524829,0.024460706596444476,0.0110988901109889,ok,153,0,0.0011849921836956656,0.38096190380961903,7050,437,-0.05659172486237337,-0.06790609347576483,-0.011314368613391461,0.823088455772114,ok,118,0,0.0013760361033146457,0.37681159420289856,5523,375,-0.051591330978043,-0.03559265042773622,0.01599868055030678,0.13993003498250875,ok,79,0,0.004301800877892281,0.16041979010494753,11115,1899,-0.06255965655741709,-0.06381166143586901,0.0012520048784519233,0.43385661433856615,ok,153,0,0.0005069392753097729,0.37196280371962803,6405,1082,-0.05838545630606902,-0.05054323058065566,-0.007842225725413363,0.8460769615192404,ok,118,0,0.0038269698774358596,0.0024987506246876563,4988,910,-0.051614225542679776,-0.044872975709061305,-0.006741249833618471,0.7541229385307346,ok,79,0,-0.0014143883825450052,0.7521239380309845,10004,3010,-0.05942863209975304,-0.07375577813171982,-0.014327146031966782,0.9924007599240076,ok,153,0,-0.008358487785678013,1.0,5743,1744,-0.05444688660315824,-0.0664897668387063,-0.012042880235548066,0.9580209895052474,ok,118,0,-0.007818024480691688,1.0,4540,1358,-0.053167908132124894,-0.04190269659962114,0.011265211532503754,0.09495252373813093,ok,79,0,-0.005758733441308124,1.0,3945,9069,-0.06838475213509648,-0.06028791272791382,0.008096839407182664,0.09219078092190781,ok,153,0,-0.002864664691653189,0.9302069793020697,2183,5304,-0.05188831552221959,-0.059459734227684045,-0.007571418705464454,0.855072463768116,ok,118,0,0.0003611309442502486,0.408295852073963,1940,3958,-0.042642934189000156,-0.05446156457187271,-0.011818630382872557,0.9475262368815592,ok,79,0,0.002003895635624149,0.22588705647176413,0.0110988901109889,2.0,1.0,False,False,same sign,False,False,False,0.43385661433856615,150.0,1.0,False,False,opposite sign,False,False,False,0.9924007599240076,523.0,1.0,False,False,opposite sign,False,False,False,0.09219078092190781,20.0,1.0,False,False,opposite sign,False,False,False
N19_FIB_CHOP,15m,4905,4575,4575,0,330,-0.04732054478605446,0.07016393442622951,0.15650273224043715,0.2439344262295082,0.6546448087431694,0.23846994535519125,0.8594535519125683,0.6579234972677596,0.40415300546448085,7.984302633983518,3.682112740280073,2828,2686,2686,0,142,-0.027940629813259964,0.06440804169769174,0.14743112434847358,0.23678332092330603,0.6909903201787044,0.2137006701414743,0.8723008190618019,0.702903946388682,0.4612807148175726,8.184986192225756,3.604106546481075,2199,1727,1727,0,472,-0.045412830960967356,0.07353792704111176,0.1673422119281992,0.23335263462651998,0.631731325998842,0.2727272727272727,0.8697162709901564,0.6786334684423856,0.43427909669947884,7.72716464828335,3.6242559579273297,True,,4254,321,-0.04780291347608948,-0.040928032613440746,0.006874880862648737,0.3772622737726227,ok,153,0,-0.0047455316419545285,0.8665133486651335,2513,173,-0.026617005835325374,-0.047167607018749204,-0.02055060118342383,0.8675662168915542,ok,117,0,0.0012366761336688736,0.40929535232383807,1600,127,-0.04808531291522288,-0.011743766970346453,0.03634154594487643,0.08095952023988005,ok,78,0,-0.0022732292771020166,0.6786606696651675,3859,716,-0.05018689256356601,-0.031871891052231746,-0.018315001511334264,0.9472052794720528,ok,153,0,-0.0023889796741096286,0.9211078892110789,2290,396,-0.026282615182556965,-0.037528643713032404,0.01124602853047544,0.2063968015992004,ok,117,0,0.002500904127473502,0.12693653173413294,1438,289,-0.043101873957840084,-0.05691164123950383,0.013809767281663748,0.25237381309345325,ok,78,0,-0.003685220480004109,0.9070464767616192,3459,1116,-0.04246988104755275,-0.06235499449167941,-0.019885113444126662,0.9523047695230477,ok,153,0,-0.007927745541616002,1.0,2050,636,-0.0222504251839897,-0.04628169819376947,-0.02403127300977977,0.9730134932533733,ok,117,0,-0.009639461603640882,1.0,1324,403,-0.049766515725478425,-0.031109410047288295,0.01865710567819013,0.13943028485757122,ok,78,0,-0.009875791482492936,1.0,1580,2995,-0.04727950583673205,-0.04734219471591402,-6.268887918196853e-05,0.49855014498550143,ok,153,0,-0.003785893589146369,0.9462053794620537,830,1856,-0.030678091251593008,-0.026716441777798527,0.0039616494737944805,0.3543228385807096,ok,117,0,-0.000501696013396967,0.5677161419290355,636,1091,-0.04113133729493935,-0.04790873377636041,-0.006777396481421061,0.664167916041979,ok,78,0,-0.0016105893487045678,0.670664667666167,0.3772622737726227,120.0,1.0,False,False,same sign,False,False,False,0.9472052794720528,458.0,1.0,False,False,opposite sign,False,False,False,0.9523047695230477,465.0,1.0,False,False,opposite sign,False,False,False,0.49855014498550143,172.0,1.0,False,False,same sign,False,False,False
N19_FIB_CHOP,30m,2445,2093,2093,0,352,-0.04453123212807763,0.07692307692307693,0.16722408026755853,0.24701385570950787,0.6163401815575729,0.24653607262302915,0.8232202580028667,0.6923076923076923,0.387482083134257,7.909087797133157,3.9459010572697184,1483,1333,1333,0,150,-0.0399310262267194,0.0622655663915979,0.17854463615903976,0.24081020255063765,0.6519129782445612,0.24006001500375093,0.8589647411852963,0.6969242310577645,0.4816204051012753,7.948371347355483,3.659669203908158,951,575,575,0,376,-0.038449926301877144,0.08695652173913043,0.16,0.19304347826086957,0.648695652173913,0.2782608695652174,0.8782608695652174,0.6939130434782609,0.4052173913043478,7.741579021924674,3.727040228718182,True,,1932,161,-0.04621879240481449,-0.0242805088072354,0.02193828359757909,0.22877712228777122,ok,152,0,-0.0014321698491517182,0.6224377562243776,1250,83,-0.04253610449094445,-0.0006979198377878428,0.041838184653156606,0.11544227886056972,ok,116,0,-0.006338796181296985,0.9095452273863068,525,50,-0.041272702983846825,-0.00881077114119537,0.032461931842651455,0.19790104947526238,ok,76,0,-0.0026254732972140343,0.6736631684157921,1743,350,-0.04207406639425184,-0.056767917482530086,0.014693851088278247,0.204979502049795,ok,152,0,-0.0007101234829941724,0.6244375562443756,1095,238,-0.03861915449587847,-0.04596673860180686,0.007347584105928388,0.3683158420789605,ok,116,0,0.000732652860884829,0.3893053473263368,483,92,-0.03306856508844139,-0.06670207267241487,0.03363350758397349,0.20689655172413793,ok,76,0,-0.0036108595968234493,0.8085957021489255,1576,517,-0.04037903047557435,-0.05718862053106636,-0.016809590055492013,0.8433156684331566,ok,152,0,-0.010937194944315609,1.0,1012,321,-0.03698938132761524,-0.04920499706127833,-0.012215615733663088,0.7211394302848576,ok,116,0,-0.0037867120198740653,0.9515242378810594,464,111,-0.030610204438084904,-0.07122137625502664,-0.04061117181694174,0.8580709645177411,ok,76,0,-0.013903275165194521,1.0,803,1290,-0.04170658940758597,-0.0462895174804457,-0.004582928072859732,0.6102389761023898,ok,152,0,-0.001340681180744402,0.6561343865613438,464,869,-0.026447242132733865,-0.047130653176787635,-0.02068341104405377,0.8935532233883059,ok,116,0,-0.004023747616625883,0.8750624687656172,202,373,-0.05814102814581088,-0.02778611243465297,0.03035491571115791,0.18590704647676162,ok,76,0,0.007091831958621751,0.05847076461769116,0.22877712228777122,72.0,1.0,False,False,same sign,False,False,False,0.204979502049795,59.0,1.0,False,False,same sign,False,False,False,0.8433156684331566,365.0,1.0,False,False,same sign,False,False,False,0.6102389761023898,228.0,1.0,False,False,opposite sign,False,False,False
N19_FIB_CHOP,1h,1182,784,784,0,398,-0.04596246941264112,0.11096938775510204,0.17857142857142858,0.25255102040816324,0.6492346938775511,0.24744897959183673,0.8571428571428571,0.7321428571428571,0.39413265306122447,7.8800328467691365,3.7805863295068622,723,524,524,0,199,-0.038071262607058926,0.07442748091603053,0.17938931297709923,0.22709923664122136,0.6908396946564885,0.24236641221374045,0.8950381679389313,0.7213740458015268,0.5229007633587787,7.920184749818796,3.4413711793586224,526,214,214,0,312,-0.039453466391201175,0.10747663551401869,0.14953271028037382,0.26635514018691586,0.6355140186915887,0.3037383177570093,0.9112149532710281,0.7009345794392523,0.38317757009345793,7.486535475755307,3.2319648130039695,True,,697,87,-0.047361181893254924,-0.034756692412781044,0.01260448948047388,0.31996800319968005,ok,139,0,0.004583280603203805,0.23257674232576742,485,39,-0.037124775195647115,-0.04984168297974417,-0.012716907784097058,0.6051974012993503,ok,108,0,-0.0029401843281673043,0.6681659170414792,191,23,-0.05678247093435597,0.10445261481499739,0.16123508574935336,,insufficient,51,0,0.01282193987355051,0.0864567716141929,644,140,-0.05024364246574183,-0.026269073368377856,-0.023974569097363976,0.7961203879612039,ok,139,0,-0.004403780857371184,0.9101089891010898,430,94,-0.03192667923584547,-0.0661794631349502,0.03425278389910473,0.21839080459770116,ok,108,0,-0.0027782823291678735,0.7851074462768616,182,32,-0.04707182208562766,0.0038759316208495037,-0.05094775370647716,0.777111444277861,ok,51,0,-0.0072832704579966,0.8845577211394303,586,198,-0.04997928706232782,-0.034074312126194606,0.015904974936133215,0.29157084291570845,ok,139,0,-0.012497077107289235,0.9999000099990001,405,119,-0.0394614348278725,-0.03334000420849171,0.006121430619380794,0.4492753623188406,ok,108,0,-0.0032872420924423967,0.8100949525237381,157,57,-0.05502089030949831,0.00342522755919624,0.05844611786869455,0.14942528735632185,ok,51,0,-0.015653490876620692,0.9975012493753124,275,509,-0.0326671619946343,-0.05314559228091592,-0.020478430286281622,0.8006199380061993,ok,139,0,-0.0006718536017158577,0.5652434756524347,162,362,-0.06461242697748132,-0.026193724960626795,0.038418702016854524,0.127936031984008,ok,108,0,0.004184077942409298,0.18940529735132433,78,136,-0.0339876234919788,-0.04258828805399047,-0.008600664562011667,0.5592203898050975,ok,51,0,0.004264030689985137,0.30184907546226886,0.31996800319968005,106.0,1.0,False,False,no data,False,False,False,0.7961203879612039,330.0,1.0,False,False,same sign,False,False,False,0.29157084291570845,98.0,1.0,False,False,same sign,False,False,False,0.8006199380061993,333.0,1.0,False,False,same sign,False,False,False
N19_FIB_CHOP,4h,328,58,58,0,270,-0.015281897201404705,0.13793103448275862,0.1896551724137931,0.15517241379310345,0.603448275862069,0.3103448275862069,0.8793103448275862,0.8448275862068966,0.5,7.487039404174459,3.948750087857008,216,25,25,0,191,-0.0998652751137979,0.12,0.24,0.32,0.6,0.24,0.84,0.64,0.52,7.9382368847626505,3.53220642735491,138,2,2,0,136,-0.3037026921204897,0.0,0.0,0.0,1.0,0.0,1.0,0.5,0.5,10.0,2.1091838832836176,True,,50,8,-0.004178266514437725,-0.08467958899494829,-0.08050132248051056,,insufficient,21,0,0.05763643810056719,0.0015998400159984002,22,3,-0.12365433247638694,0.07458781221185509,0.19824214468824203,,insufficient,16,0,-0.010029116923339174,0.6336831584207896,2,0,-0.3037026921204897,,,,insufficient,2,0,0.05536243173724527,0.1889055472263868,47,11,-0.016617756801436498,-0.009574133455814298,-0.0070436233456222,,insufficient,21,0,-0.012760416278983208,0.8824117588241176,19,6,-0.17584580935946303,0.14073974999747504,-0.3165855593569381,,insufficient,16,0,0.0011712290754151526,0.4682658670664668,2,0,-0.3037026921204897,,,,insufficient,2,0,-0.06230229427764466,0.984007996001999,49,9,0.009599595455508146,-0.15074780166681911,-0.16034739712232726,,insufficient,21,0,-0.005119546356125694,0.6737326267373263,17,8,-0.08399346727992045,-0.13359286676078747,-0.049599399480867015,,insufficient,16,0,0.00019581846093073493,0.504247876061969,2,0,-0.3037026921204897,,,,insufficient,2,0,-0.031677646497275155,0.8195902048975512,23,35,0.0431221229859126,-0.053661681895927495,-0.0967838048818401,,insufficient,21,0,0.012735496657857136,0.24807519248075194,10,15,0.07483595794337591,-0.2163327638185804,-0.2911687217619563,,insufficient,16,0,0.007998923172499516,0.3918040979510245,0,2,,-0.3037026921204897,,,insufficient,2,0,0.003913320455397971,0.4497751124437781,1.0,583.0,1.0,False,False,no data,False,False,False,1.0,584.0,1.0,False,False,no data,False,False,False,1.0,585.0,1.0,False,False,no data,False,False,False,1.0,586.0,1.0,False,False,no data,False,False,False
N20_EMA9_CHOP,5m,82353,82116,82116,0,237,-0.06005230179423079,0.0709971260168542,0.6309123678698426,0.49755224316820107,0.1946758244434702,0.7400750158312631,0.6751424813678212,0.5562253397632617,0.0,3.428020522274431,4.320723581863159,61836,61796,61794,2,40,-0.06644679317046837,0.063371848399521,0.6473282195682428,0.5406835615108263,0.20181571026313233,0.7390037867754151,0.7010551186199308,0.5551024371298184,0.0,3.376223614608762,4.0553874111722195,37490,36868,36868,0,622,-0.05379701444713393,0.07594662037539329,0.6026364326787458,0.4511500488228274,0.18899858956276447,0.7403168059021373,0.64592600629272,0.5747802972767712,0.0,3.5159298447652874,4.62914293923289,True,,76286,5830,-0.0601063577228703,-0.059344975795569674,0.0007613819273006237,0.41995800419958,ok,153,0,0.0011849921836956656,0.38096190380961903,57878,3916,-0.06631824840174073,-0.06834666909600944,-0.002028420694268701,0.7006496751624188,ok,118,0,0.0013760361033146457,0.37681159420289856,34068,2800,-0.05429794540353444,-0.0477021159390437,0.006595829464490742,0.10294852573713144,ok,79,0,0.004301800877892281,0.16041979010494753,30308,51808,-0.061594113283314926,-0.05915033254988315,-0.002443780733431773,0.8453154684531546,ok,153,0,0.0005069392753097729,0.37196280371962803,21793,40001,-0.0674890541559649,-0.06587895752493636,-0.0016100966310285403,0.7816091954022989,ok,118,0,0.0038269698774358596,0.0024987506246876563,14650,22218,-0.0549088481525227,-0.053063898784880575,-0.0018449493676421236,0.6781609195402298,ok,79,0,-0.0014143883825450052,0.7521239380309845,41259,40857,-0.05624714239981109,-0.06389490089485889,-0.007647758495047799,0.9995000499950005,ok,153,0,-0.008358487785678013,1.0,28383,33411,-0.06061821838020774,-0.07139822947204474,-0.010780011091837002,1.0,ok,118,0,-0.007818024480691688,1.0,20235,16633,-0.049484430674593245,-0.05904352034729389,-0.009559089672700645,1.0,ok,79,0,-0.005758733441308124,1.0,66130,15986,-0.059307555522473014,-0.06313312695070153,-0.003825571428228515,0.9172082791720828,ok,153,0,-0.002864664691653189,0.9302069793020697,49323,12471,-0.06538237823462761,-0.0706565708852045,-0.005274192650576881,0.9775112443778111,ok,118,0,0.0003611309442502486,0.408295852073963,29900,6968,-0.053481928329372284,-0.05514906308678279,-0.001667134757410503,0.6606696651674163,ok,79,0,0.002003895635624149,0.22588705647176413,0.41995800419958,143.0,1.0,False,False,same sign,False,False,False,0.8453154684531546,366.0,1.0,False,False,same sign,False,False,False,0.9995000499950005,549.0,1.0,False,False,same sign,False,False,False,0.9172082791720828,424.0,1.0,False,False,same sign,False,False,False
N20_EMA9_CHOP,15m,27049,26563,26563,0,486,-0.051906867532264464,0.07322215111244965,0.6245905959417235,0.5005082257275157,0.1906787636938599,0.7393366713097165,0.6736061438843504,0.6341527688890563,0.0,3.4582541091651535,4.31587028150326,20203,20103,20099,4,100,-0.05630609792869983,0.06950594556943132,0.6380914473356883,0.5239564157420767,0.19448728792477238,0.7363052888203393,0.6808796457535201,0.6288870093039455,0.0,3.4205153781867534,4.214734016012018,11985,11095,11095,0,890,-0.04271691262101405,0.0757999098693105,0.6123479044614691,0.4746282109058134,0.18314556106354213,0.7495268138801262,0.657593510590356,0.6581342947273546,0.0,3.4208276352748888,4.494849251152726,True,,24618,1945,-0.051372109327057644,-0.058675339252460615,-0.007303229925402971,0.9017098290170983,ok,153,0,-0.0047455316419545285,0.8665133486651335,18702,1397,-0.05750945711500172,-0.04019641754056968,0.017313039574432046,0.006496751624187906,ok,118,0,0.0012366761336688736,0.40929535232383807,10254,841,-0.04238751699998061,-0.04673311083513643,-0.004345593835155814,0.6686656671664168,ok,79,0,-0.0022732292771020166,0.6786606696651675,9972,16591,-0.04922332362155287,-0.053519808275897515,0.004296484654344644,0.1503849615038496,ok,153,0,-0.0023889796741096286,0.9211078892110789,7274,12825,-0.05237817413210706,-0.058533912174034405,0.006155738041927344,0.09895052473763119,ok,118,0,0.002500904127473502,0.12693653173413294,4301,6794,-0.044241264966457895,-0.04175190828810944,-0.002489356678348452,0.655672163918041,ok,79,0,-0.003685220480004109,0.9070464767616192,13268,13295,-0.045679110573245696,-0.05812197692167861,-0.012442866348432911,0.9991000899910009,ok,153,0,-0.007927745541616002,1.0,9568,10531,-0.05075440406338823,-0.06135012099424934,-0.010595716930861108,0.9920039980009995,ok,118,0,-0.009639461603640882,1.0,5829,5266,-0.03908726990015545,-0.04673460867492306,-0.007647338774767608,0.9045477261369316,ok,79,0,-0.009875791482492936,1.0,21498,5065,-0.05246348130733613,-0.04954436349741931,0.00291911780991682,0.2665733426657334,ok,153,0,-0.003785893589146369,0.9462053794620537,16190,3909,-0.05648651469852274,-0.05555886142232153,0.0009276532762012082,0.43228385807096453,ok,118,0,-0.000501696013396967,0.5677161419290355,9063,2032,-0.041835922650685115,-0.04664624928493688,-0.004810326634251766,0.7271364317841079,ok,79,0,-0.0016105893487045678,0.670664667666167,0.9017098290170983,417.0,1.0,False,False,same sign,False,False,False,0.1503849615038496,40.0,1.0,False,False,opposite sign,False,False,False,0.9991000899910009,545.0,1.0,False,False,same sign,False,False,False,0.2665733426657334,90.0,1.0,False,False,opposite sign,False,False,False
N20_EMA9_CHOP,30m,12689,11919,11919,0,770,-0.04609005339033306,0.07853007802668009,0.6282406242134407,0.5070895209329642,0.19263361020219816,0.7381491735883883,0.6807618088765836,0.6717006460273512,0.0,3.464259537811865,4.254217219456364,9396,9136,9136,0,260,-0.04826880071208405,0.07399299474605954,0.6181042031523643,0.5073336252189142,0.19833625218914186,0.7331436077057794,0.6733800350262698,0.6687828371278459,0.0,3.5002982842215826,4.30398230110041,5699,4599,4599,0,1100,-0.04260940153223282,0.07262448358338769,0.6486192650576212,0.49706457925636005,0.17090671885192432,0.7682104805392477,0.6792781039356381,0.6868884540117417,0.0,3.220556531554366,4.284616985350406,True,,10983,936,-0.046335154059423164,-0.043214048423862415,0.003121105635560749,0.3678632136786321,ok,153,0,-0.0014321698491517182,0.6224377562243776,8460,676,-0.047433644182066546,-0.05872061172384158,-0.011286967541775036,0.792103948025987,ok,118,0,-0.006338796181296985,0.9095452273863068,4265,334,-0.04368720130872842,-0.028846479236562715,0.014840722072165705,0.16041979010494753,ok,79,0,-0.0026254732972140343,0.6736631684157921,4431,7488,-0.0463848361404031,-0.045915616642795636,-0.00046921949760746207,0.5315468453154685,ok,153,0,-0.0007101234829941724,0.6244375562443756,3489,5647,-0.049624150822368825,-0.047431397394431564,-0.0021927534279372607,0.6096951524237881,ok,118,0,0.000732652860884829,0.3893053473263368,1616,2983,-0.042871246335062965,-0.04246755064340494,-0.00040369569165802505,0.512743628185907,ok,79,0,-0.0036108595968234493,0.8085957021489255,5875,6044,-0.037364973784830856,-0.05457116568059208,-0.017206191895761225,0.9987001299870013,ok,153,0,-0.010937194944315609,1.0,4501,4635,-0.043958016876631464,-0.05245495778724524,-0.008496940910613773,0.8830584707646177,ok,118,0,-0.0037867120198740653,0.9515242378810594,2313,2286,-0.03601143861415664,-0.049285293146191775,-0.013273854532035133,0.9410294852573713,ok,79,0,-0.013903275165194521,1.0,9623,2296,-0.04551877627052284,-0.04848439124918931,-0.0029656149786664726,0.648035196480352,ok,153,0,-0.001340681180744402,0.6561343865613438,7324,1812,-0.04538099843229839,-0.0599411317811515,-0.014560133348853109,0.9490254872563718,ok,118,0,-0.004023747616625883,0.8750624687656172,3813,786,-0.04526238003480328,-0.029739418033121842,0.015522962001681441,0.04397801099450275,ok,79,0,0.007091831958621751,0.05847076461769116,0.3678632136786321,116.0,1.0,False,False,same sign,False,False,False,0.5315468453154685,191.0,1.0,False,False,same sign,False,False,False,0.9987001299870013,544.0,1.0,False,False,same sign,False,False,False,0.648035196480352,245.0,1.0,False,False,opposite sign,False,False,False
N20_EMA9_CHOP,1h,6099,4947,4947,0,1152,-0.03564738591322088,0.07883565797453002,0.617748130179907,0.5191024863553669,0.1877905801495856,0.7412573276733374,0.6870830806549424,0.71922377198302,0.0,3.453054723161156,4.1758476266198326,4535,3977,3977,0,558,-0.03427140947231473,0.07291928589388987,0.6178023635906462,0.49459391501131506,0.17827508171988937,0.7520744279607745,0.6703545385969324,0.7115916519989942,0.0,3.364182380556728,4.36594665959814,2575,1546,1546,0,1029,-0.05829400289534184,0.08990944372574386,0.6235446313065977,0.5071151358344114,0.18369987063389392,0.7561448900388098,0.6778783958602846,0.6934023285899095,0.0,3.364966810197897,4.240230022054763,True,,4557,390,-0.036619391597154397,-0.024289873344797645,0.012329518252356751,0.20257974202579743,ok,152,0,0.004583280603203805,0.23257674232576742,3687,290,-0.03648335166214496,-0.0061492341140248034,0.030334117548120158,0.06346826586706647,ok,118,0,-0.0029401843281673043,0.6681659170414792,1407,139,-0.05972695132727664,-0.04378926589007382,0.015937685437202816,0.28535732133933034,ok,72,0,0.01282193987355051,0.0864567716141929,1891,3056,-0.04349623667979588,-0.030790652667280653,-0.012705584012515227,0.9287071292870713,ok,152,0,-0.004403780857371184,0.9101089891010898,1520,2457,-0.0223413650487148,-0.04165181953494066,0.01931045448622586,0.0239880059970015,ok,118,0,-0.0027782823291678735,0.7851074462768616,582,964,-0.05814390347687546,-0.05838462308366906,0.00024071960679360183,0.5182408795602199,ok,72,0,-0.0072832704579966,0.8845577211394303,2379,2568,-0.023953278040971353,-0.046480829304218395,-0.022527551263247042,0.9952004799520048,ok,152,0,-0.012497077107289235,0.9999000099990001,2010,1967,-0.024859213463822027,-0.04388936268892396,-0.019030149225101933,0.9565217391304348,ok,118,0,-0.0032872420924423967,0.8100949525237381,762,784,-0.05606603908385601,-0.06045944731415843,-0.0043934082303024174,0.591704147926037,ok,72,0,-0.015653490876620692,0.9975012493753124,4018,929,-0.038279388735501185,-0.024263761220086045,0.01401562751541514,0.0846915308469153,ok,152,0,-0.0006718536017158577,0.5652434756524347,3268,709,-0.03464548393789178,-0.03254718471419657,0.002098299223695213,0.4017991004497751,ok,118,0,0.004184077942409298,0.18940529735132433,1262,284,-0.056518233397996116,-0.06618492228143447,-0.00966668888343835,0.6621689155422289,ok,72,0,0.004264030689985137,0.30184907546226886,0.20257974202579743,58.0,1.0,False,False,same sign,False,False,False,0.9287071292870713,434.0,1.0,False,False,opposite sign,False,False,False,0.9952004799520048,530.0,1.0,False,False,same sign,False,False,False,0.0846915308469153,17.0,1.0,False,False,opposite sign,False,False,False
N20_EMA9_CHOP,4h,1313,314,314,0,999,-0.01366185367900173,0.07643312101910828,0.6242038216560509,0.4968152866242038,0.17197452229299362,0.7388535031847133,0.6337579617834395,0.7611464968152867,0.0,3.4447854541117553,4.59823288913631,1108,269,268,1,839,-0.08237087421021559,0.08582089552238806,0.6305970149253731,0.3880597014925373,0.17164179104477612,0.7388059701492538,0.6343283582089553,0.6791044776119403,0.0,3.4832379049561832,4.825688786374682,589,70,70,0,519,-0.022388515036158893,0.05714285714285714,0.6428571428571429,0.5,0.2,0.7428571428571429,0.6,0.6857142857142857,0.0,3.3297834175787386,4.7702817478865045,True,,290,24,-0.01976599223858946,0.06009648724934999,0.07986247948793945,,insufficient,66,0,0.05763643810056719,0.0015998400159984002,245,23,-0.0925789535737642,0.02636736248845447,0.11894631606221867,,insufficient,70,0,-0.010029116923339174,0.6336831584207896,66,4,-0.01810451990164626,-0.09307443475561748,-0.07496991485397123,,insufficient,19,0,0.05536243173724527,0.1889055472263868,118,196,0.005904096363845423,-0.025441354215001558,0.03134545057884698,0.23787621237876214,ok,66,0,-0.012760416278983208,0.8824117588241176,99,169,-0.0385181745935596,-0.10805973374896674,0.06954155915540713,0.13093453273363317,ok,70,0,0.0011712290754151526,0.4682658670664668,25,45,-0.0021662373073403763,-0.03362311377439142,0.031456876467051045,,insufficient,19,0,-0.06230229427764466,0.984007996001999,158,156,-0.004998942935048032,-0.022435827381211238,-0.017436884446163207,0.6817318268173183,ok,66,0,-0.005119546356125694,0.6737326267373263,164,104,-0.08913111674023849,-0.07171049175902565,0.017420624981212843,0.3538230884557721,ok,70,0,0.00019581846093073493,0.504247876061969,35,35,0.01696665401935943,-0.06174368409167722,-0.07871033811103664,0.8305847076461769,ok,19,0,-0.031677646497275155,0.8195902048975512,260,54,-0.02111911135175403,0.02224346104165745,0.043362572393411486,0.2283771622837716,ok,66,0,0.012735496657857136,0.24807519248075194,222,46,-0.10817584424521827,0.04216615508914522,0.15034199933436349,0.0079960019990005,ok,70,0,0.007998923172499516,0.3918040979510245,56,14,-0.032665704103663505,0.018720241233859534,0.05138594533752304,,insufficient,19,0,0.003913320455397971,0.4497751124437781,1.0,587.0,1.0,False,False,no data,False,False,True,0.23787621237876214,76.0,1.0,False,False,no data,False,False,False,0.6817318268173183,268.0,1.0,False,False,same sign,False,False,False,0.2283771622837716,70.0,1.0,False,False,no data,False,False,False
V39_ALL,5m,58901,58511,58511,0,390,-0.06188374075625591,0.03235289090940165,0.4833279212455778,0.291945104339355,0.1523986942626173,0.6995949479585035,0.4588538907214028,0.5718411922544478,0.4781835894105382,4.086550713001427,6.350265756992782,44655,44550,44545,5,105,-0.0637109107321469,0.027545179032439106,0.49644180042653496,0.31163991469300706,0.16724660455718937,0.6891233584016163,0.4703558199573465,0.5827814569536424,0.4815130766640476,4.12702537410737,6.211621340140992,25688,24969,24969,0,719,-0.05306580281418592,0.03832752613240418,0.4711041691697705,0.2630061275982218,0.14706235732308062,0.7068364772317673,0.4521606792422604,0.5914534022187512,0.48628299090872684,4.058384064068626,6.523147321479651,True,,56618,1893,-0.06184709027805179,-0.06297992500082038,-0.0011328347227685873,0.5785421457854215,ok,153,0,0.0011849921836956656,0.38096190380961903,43318,1227,-0.06339567731213662,-0.0748399093368776,-0.011444232024740986,0.9620189905047476,ok,118,0,0.0013760361033146457,0.37681159420289856,24012,957,-0.05301491644008197,-0.05434258820079412,-0.0013276717607121485,0.5707146426786607,ok,79,0,0.004301800877892281,0.16041979010494753,30231,28280,-0.06373297819581804,-0.059906926858257215,-0.0038260513375608235,0.9544045595440456,ok,153,0,0.0005069392753097729,0.37196280371962803,22431,22114,-0.06491125679989215,-0.06249335793095336,-0.0024178988689387906,0.8320839580209896,ok,118,0,0.0038269698774358596,0.0024987506246876563,13206,11763,-0.05393037160115953,-0.05209517496408193,-0.0018351966370775963,0.6876561719140429,ok,79,0,-0.0014143883825450052,0.7521239380309845,41429,17082,-0.05780958184225948,-0.07176480442842298,-0.013955222586163496,1.0,ok,153,0,-0.008358487785678013,1.0,30663,13882,-0.06004886858295917,-0.07179974508026263,-0.011750876497303456,1.0,ok,118,0,-0.007818024480691688,1.0,18402,6567,-0.05140429088265424,-0.0577216795560842,-0.006317388673429958,0.9415292353823088,ok,79,0,-0.005758733441308124,1.0,49594,8917,-0.061078557508259974,-0.06636195742117804,-0.005283399912918062,0.9695030496950305,ok,153,0,-0.002864664691653189,0.9302069793020697,37095,7450,-0.06260040371492827,-0.06924034130982798,-0.006639937594899711,0.9760119940029985,ok,118,0,0.0003611309442502486,0.408295852073963,21297,3672,-0.05305516059471705,-0.0531275259481806,-7.236535346354794e-05,0.5102448775612194,ok,79,0,0.002003895635624149,0.22588705647176413,0.5785421457854215,211.0,1.0,False,False,same sign,False,False,False,0.9544045595440456,466.0,1.0,False,False,same sign,False,False,False,1.0,588.0,1.0,False,False,same sign,False,False,False,0.9695030496950305,488.0,1.0,False,False,same sign,False,False,False
V39_ALL,15m,21102,20475,20475,0,627,-0.04423042894958174,0.03736263736263736,0.4847863247863248,0.28547008547008546,0.14715506715506715,0.7036874236874237,0.45294261294261295,0.6607081807081807,0.4545054945054945,4.06359613402425,6.449930005582157,15793,15533,15533,0,260,-0.05246263080678176,0.030322539110281335,0.4968776153994721,0.29247408742676884,0.1608832807570978,0.6905942187600592,0.46533187407455096,0.6505504409965879,0.4600527908324213,4.10758440023842,6.360422923008408,8948,8015,8015,0,933,-0.041881835566806705,0.038053649407361195,0.4652526512788521,0.26699937616968183,0.14260761072988148,0.7050530255770431,0.44915782907049284,0.6598877105427324,0.49868995633187774,4.094990446232677,6.555304672348978,True,,19710,765,-0.044427252146329116,-0.03915933717456131,0.005267914971767804,0.27957204279572045,ok,153,0,-0.0047455316419545285,0.8665133486651335,15062,471,-0.05270074026826833,-0.04484818344179102,0.007852556826477307,0.263368315842079,ok,118,0,0.0012366761336688736,0.40929535232383807,7710,305,-0.04094651012900589,-0.06552563597809949,-0.0245791258490936,0.9425287356321839,ok,79,0,-0.0022732292771020166,0.6786606696651675,10549,9926,-0.045135805198214314,-0.04326822725233966,-0.0018675779458746516,0.6628337166283371,ok,153,0,-0.0023889796741096286,0.9211078892110789,7815,7718,-0.05536479342582384,-0.04952399374176312,-0.0058407996840607185,0.8605697151424287,ok,118,0,0.002500904127473502,0.12693653173413294,4286,3729,-0.047908195450054605,-0.03495531948753599,-0.012952875962518616,0.9715142428785607,ok,79,0,-0.003685220480004109,0.9070464767616192,14630,5845,-0.04279239066064266,-0.04782983017578856,-0.005037439515145903,0.8679132086791321,ok,153,0,-0.007927745541616002,1.0,10990,4543,-0.05019393100056469,-0.05795085684031152,-0.0077569258397468255,0.9175412293853074,ok,118,0,-0.009639461603640882,1.0,5875,2140,-0.03770712557002968,-0.05334278006730436,-0.015635654497274686,0.9850074962518741,ok,79,0,-0.009875791482492936,1.0,17462,3013,-0.04396763933930394,-0.0457534399600932,-0.0017858006207892574,0.6054394560543945,ok,153,0,-0.003785893589146369,0.9462053794620537,13034,2499,-0.05033492780344843,-0.06356006215750068,-0.013225134354052252,0.9835082458770614,ok,118,0,-0.000501696013396967,0.5677161419290355,6872,1143,-0.039328097285002965,-0.05723554464165813,-0.017907447356655164,0.9720139930034982,ok,79,0,-0.0016105893487045678,0.670664667666167,0.27957204279572045,95.0,1.0,False,False,opposite sign,False,False,False,0.6628337166283371,254.0,1.0,False,False,same sign,False,False,False,0.8679132086791321,389.0,1.0,False,False,same sign,False,False,False,0.6054394560543945,225.0,1.0,False,False,same sign,False,False,False
V39_ALL,30m,10452,9547,9547,0,905,-0.03940654021822391,0.03728920079606159,0.48905415313711115,0.2843825285429978,0.13889179847072378,0.7081805802870011,0.45469781083062744,0.6925735833246046,0.4533361265318948,4.030509546290697,6.469030315553207,7715,7303,7302,1,412,-0.037284402914690075,0.03834565872363736,0.4837030950424541,0.2818405916187346,0.15653245686113393,0.6877567789646672,0.4554916461243495,0.6966584497397973,0.45781977540399893,4.153384438525749,6.4473321524025,4489,3438,3438,0,1051,-0.03480715772130182,0.038976148923792905,0.4848749272833042,0.27835951134380454,0.13408958696916812,0.7230948225712623,0.4522978475858057,0.6916812100058173,0.49941826643397325,3.925968569535728,6.478129118210279,True,,9191,356,-0.038374199966848696,-0.06605889766313845,-0.027684697696289756,0.9716028397160283,ok,153,0,-0.0014321698491517182,0.6224377562243776,7022,280,-0.03727097192809929,-0.037621232871263455,-0.0003502609431641629,0.496751624187906,ok,118,0,-0.006338796181296985,0.9095452273863068,3304,134,-0.03500760981509671,-0.02986466728922492,0.005142942525871788,0.42478760619690153,ok,79,0,-0.0026254732972140343,0.6736631684157921,4878,4669,-0.04482975168653952,-0.03374056773108672,-0.011089183955452803,0.9689031096890312,ok,153,0,-0.0007101234829941724,0.6244375562443756,3770,3532,-0.033639466252144756,-0.04117494969209547,0.00753548343995071,0.14592703648175911,ok,118,0,0.000732652860884829,0.3893053473263368,1771,1667,-0.03878280603374547,-0.030583478560331386,-0.008199327473414082,0.7626186906546727,ok,79,0,-0.0036108595968234493,0.8085957021489255,6832,2715,-0.03715542025313547,-0.045071236940685856,-0.007915816687550384,0.8947105289471053,ok,153,0,-0.010937194944315609,1.0,5244,2058,-0.03735899336826322,-0.03709433861025005,0.0002646547580131692,0.4847576211894053,ok,118,0,-0.0037867120198740653,0.9515242378810594,2481,957,-0.03319668688827699,-0.03898226549218436,-0.005785578603907368,0.7096451774112944,ok,79,0,-0.013903275165194521,1.0,8221,1326,-0.03947968910654574,-0.038953028143643334,0.0005266609629024088,0.48865113488651135,ok,153,0,-0.001340681180744402,0.6561343865613438,6159,1143,-0.03965172379341345,-0.024528209308340758,0.015123514485072695,0.07496251874062969,ok,118,0,-0.004023747616625883,0.8750624687656172,2977,461,-0.03665280382590673,-0.02288852767052343,0.013764276155383299,0.1839080459770115,ok,79,0,0.007091831958621751,0.05847076461769116,0.9716028397160283,491.0,1.0,False,False,opposite sign,False,False,False,0.9689031096890312,487.0,1.0,False,False,same sign,False,False,False,0.8947105289471053,407.0,1.0,False,False,same sign,False,False,False,0.48865113488651135,168.0,1.0,False,False,same sign,False,False,False
V39_ALL,1h,5051,3785,3785,0,1266,-0.04273204748950294,0.035667107001321,0.5030383091149273,0.3035667107001321,0.13553500660501983,0.7291941875825627,0.4715984147952444,0.7019815059445178,0.44914134742404227,3.8449927714799546,6.251957521109369,3726,3095,3095,0,631,-0.0475824013427498,0.031017770597738286,0.4791599353796446,0.2959612277867528,0.15767366720516962,0.7037156704361874,0.4704361873990307,0.7069466882067852,0.4862681744749596,4.034658331148758,6.27220945819057,2271,1175,1175,0,1096,-0.028079341573321846,0.03914893617021276,0.5029787234042553,0.31148936170212765,0.13191489361702127,0.7319148936170212,0.4595744680851064,0.7412765957446809,0.4748936170212766,3.817573275242308,6.297842909979616,True,,3650,135,-0.042176608121658694,-0.057749482249736264,-0.01557287412807757,0.714928507149285,ok,151,0,0.004583280603203805,0.23257674232576742,2999,96,-0.04934070494765512,0.007346270647990899,0.05668697559564602,0.03948025987006497,ok,118,0,-0.0029401843281673043,0.6681659170414792,1129,46,-0.02829544694648123,-0.0227753640451271,0.005520082901354129,0.43478260869565216,ok,71,0,0.01282193987355051,0.0864567716141929,1881,1904,-0.048202463074427424,-0.03732771360544676,-0.010874749468980663,0.8335166483351665,ok,151,0,-0.004403780857371184,0.9101089891010898,1612,1483,-0.05105833508819179,-0.04380411058236374,-0.00725422450582805,0.6936531734132934,ok,118,0,-0.0027782823291678735,0.7851074462768616,584,591,-0.05334829876112328,-0.003109678294682176,-0.0502386204664411,0.9970014992503748,ok,71,0,-0.0072832704579966,0.8845577211394303,2636,1149,-0.03626894677021267,-0.057559491785455205,-0.021290545015242537,0.9764023597640236,ok,151,0,-0.012497077107289235,0.9999000099990001,2179,916,-0.04286861092262906,-0.05879566479847365,-0.015927053875844595,0.9110444777611194,ok,118,0,-0.0032872420924423967,0.8100949525237381,809,366,-0.02210423619620673,-0.041286610016180114,-0.019182373819973383,0.8290854572713643,ok,71,0,-0.015653490876620692,0.9975012493753124,3272,513,-0.03737699730285244,-0.07688745530767142,-0.039510458004818984,0.9928007199280072,ok,151,0,-0.0006718536017158577,0.5652434756524347,2607,488,-0.047604319722590376,-0.047465308686511186,0.00013901103607918963,0.496751624187906,ok,118,0,0.004184077942409298,0.18940529735132433,1020,155,-0.026793161342464823,-0.03654323728605834,-0.00975007594359352,0.632183908045977,ok,71,0,0.004264030689985137,0.30184907546226886,0.714928507149285,282.0,1.0,False,False,opposite sign,False,False,False,0.8335166483351665,357.0,1.0,False,False,same sign,False,False,False,0.9764023597640236,499.0,1.0,False,False,same sign,False,False,False,0.9928007199280072,524.0,1.0,False,False,same sign,False,False,False
V39_ALL,4h,1299,205,205,0,1094,-0.004865145364602461,0.05365853658536585,0.5853658536585366,0.3024390243902439,0.06341463414634146,0.8146341463414634,0.43414634146341463,0.8146341463414634,0.4585365853658537,3.111258071182141,6.445360331665883,978,184,184,0,794,-0.0017001083885565592,0.02717391304347826,0.5489130434782609,0.32065217391304346,0.09782608695652174,0.8043478260869565,0.44565217391304346,0.782608695652174,0.5108695652173914,3.2312181824833615,6.333182274744302,462,35,35,0,427,-0.006360421186898385,0.11428571428571428,0.5714285714285714,0.14285714285714285,0.05714285714285714,0.7714285714285715,0.2571428571428571,0.8285714285714286,0.4,3.4299061181379304,8.179127604816879,True,,194,11,-0.0096366988183961,0.07928770645684897,0.08892440527524507,,insufficient,69,0,0.05763643810056719,0.0015998400159984002,179,5,0.005413858949720611,-0.2563801390988792,-0.2617939980485998,,insufficient,70,0,-0.010029116923339174,0.6336831584207896,31,4,0.020997038249816993,-0.21838073182144238,-0.23937777007125938,,insufficient,13,0,0.05536243173724527,0.1889055472263868,85,120,-0.018211547117788152,0.004588555877237397,-0.02280010299502555,0.6904309569043096,ok,69,0,-0.012760416278983208,0.8824117588241176,83,101,-0.031082530929511736,0.022445842808466003,-0.05352837373797774,0.8730634682658671,ok,70,0,0.0011712290754151526,0.4682658670664668,15,20,-0.034556398175666116,0.014786561554677436,-0.049342959730343555,,insufficient,13,0,-0.06230229427764466,0.984007996001999,143,62,-0.00763919970135159,0.0015330767346737526,0.009172276436025343,0.4166583341665833,ok,69,0,-0.005119546356125694,0.6737326267373263,125,59,0.016552170802039603,-0.04037019141948063,-0.05692236222152024,0.8930534732633684,ok,70,0,0.00019581846093073493,0.504247876061969,30,5,-0.00013046520953244138,-0.04374015705109395,-0.04360969184156151,,insufficient,13,0,-0.031677646497275155,0.8195902048975512,192,13,0.0006934581329233925,-0.08696144317421504,-0.08765490130713843,,insufficient,69,0,0.012735496657857136,0.24807519248075194,166,18,0.0028259022296405947,-0.043439984089708096,-0.04626588631934869,,insufficient,70,0,0.007998923172499516,0.3918040979510245,33,2,-0.005608398968704013,-0.01876878778710521,-0.013160388818401196,,insufficient,13,0,0.003913320455397971,0.4497751124437781,1.0,589.0,1.0,False,False,no data,False,False,True,0.6904309569043096,271.0,1.0,False,False,no data,False,False,False,0.4166583341665833,140.0,1.0,False,False,no data,False,False,False,1.0,590.0,1.0,False,False,no data,False,False,False
OBV_S,5m,21891,21784,21784,0,107,-0.06477040420522866,0.13688946015424164,0.4976588321704003,0.575881380829967,0.28778002203452074,0.6216489166360631,0.7634502387073081,0.5571061329416085,0.4832904884318766,4.542571208171874,3.540845218305333,16584,16545,16544,1,39,-0.06719335623745896,0.12566489361702127,0.5281673114119922,0.5964700193423598,0.27375483558994196,0.6436170212765957,0.7563467117988395,0.5686653771760155,0.4708051257253385,4.303788707174524,3.5382118267878826,8753,8554,8554,0,199,-0.05063788359760666,0.16179565115735328,0.46095393967734394,0.5144961421557166,0.30640635959784895,0.591068505962123,0.7542670095861586,0.5896656534954408,0.4646948795884966,4.844160395128049,3.7625648758976684,True,,18802,2982,-0.06508324532736287,-0.06279788952435424,0.0022853558030086346,0.30216978302169784,ok,153,0,0.0011849921836956656,0.38096190380961903,14465,2079,-0.0670218691684873,-0.06838650700834648,-0.0013646378398591702,0.6196901549225388,ok,118,0,0.0013760361033146457,0.37681159420289856,7170,1384,-0.05475091093763527,-0.029329786756562563,0.025421124181072705,0.0004997501249375312,ok,79,0,0.004301800877892281,0.16041979010494753,10943,10841,-0.06426422016090401,-0.06528135079659889,0.0010171306356948767,0.3852614738526147,ok,153,0,0.0005069392753097729,0.37196280371962803,7806,8738,-0.06927377299775124,-0.0653348379002146,-0.003938935097536636,0.8425787106446777,ok,118,0,0.0038269698774358596,0.0024987506246876563,4611,3943,-0.049497278888410406,-0.05197172288599214,0.0024744439975817323,0.3748125937031484,ok,79,0,-0.0014143883825450052,0.7521239380309845,9239,12545,-0.06010212586691277,-0.06820844514326775,-0.008106319276354981,0.9887011298870113,ok,153,0,-0.008358487785678013,1.0,6676,9868,-0.06032684942527854,-0.07183875545494141,-0.011511906029662865,0.9970014992503748,ok,118,0,-0.007818024480691688,1.0,4153,4401,-0.046443880517540316,-0.0545955511257856,-0.008151670608245287,0.9320339830084957,ok,79,0,-0.005758733441308124,1.0,15515,6269,-0.06497589390183323,-0.06426184260962808,0.0007140512922051423,0.42155784421557846,ok,153,0,-0.002864664691653189,0.9302069793020697,12015,4529,-0.06669008035903276,-0.06852849858219094,-0.0018384182231581808,0.6401799100449775,ok,118,0,0.0003611309442502486,0.408295852073963,5933,2621,-0.0547959808535181,-0.04122544902327526,0.013570531830242837,0.043478260869565216,ok,79,0,0.002003895635624149,0.22588705647176413,0.30216978302169784,101.0,1.0,False,False,same sign,False,False,False,0.3852614738526147,125.0,1.0,False,False,same sign,False,False,False,0.9887011298870113,516.0,1.0,False,False,same sign,False,False,False,0.42155784421557846,145.0,1.0,False,False,same sign,False,False,False
OBV_S,15m,7519,7358,7358,0,161,-0.04816194019218154,0.14990486545256862,0.47499320467518347,0.5546344115248709,0.3071486817069856,0.5924164175047567,0.765017667844523,0.6485458004892634,0.4812449035063876,4.797071351425141,3.5907842642186045,5655,5586,5586,0,69,-0.04682451529582989,0.1389187253848908,0.49051199427139275,0.5787683494450412,0.2900107411385607,0.6063372717508055,0.7524167561761547,0.6595059076262084,0.45846759756534194,4.654490770368255,3.6073453497119328,3196,2834,2834,0,362,-0.031754033508360695,0.1683133380381087,0.45942131263232183,0.5063514467184191,0.305575158786168,0.5871559633027523,0.7526464361326747,0.6746647847565279,0.4696541990119972,4.8712706142799975,3.7657901863461736,True,,6255,1103,-0.048786160313615975,-0.044622051833548365,0.00416410848006761,0.31696830316968305,ok,153,0,-0.0047455316419545285,0.8665133486651335,4810,776,-0.04665523550658672,-0.04787378821626757,-0.0012185527096808466,0.5687156421789106,ok,118,0,0.0012366761336688736,0.40929535232383807,2357,477,-0.03192677212791251,-0.030900480203782842,0.0010262919241296707,0.4877561219390305,ok,79,0,-0.0022732292771020166,0.6786606696651675,3863,3495,-0.052499484703922183,-0.04336768140853229,-0.009131803295389894,0.9245075492450755,ok,153,0,-0.0023889796741096286,0.9211078892110789,2846,2740,-0.045305806199839316,-0.04840197737144638,0.0030961711716070636,0.3633183408295852,ok,118,0,0.002500904127473502,0.12693653173413294,1532,1302,-0.031600204391472105,-0.031935036739599805,0.00033483234812770046,0.4892553723138431,ok,79,0,-0.003685220480004109,0.9070464767616192,3277,4081,-0.0349034067032278,-0.05880840288350754,-0.02390499618027974,1.0,ok,153,0,-0.007927745541616002,1.0,2353,3233,-0.04170624718034829,-0.05054962660907709,-0.008843379428728801,0.8640679660169915,ok,118,0,-0.009639461603640882,1.0,1399,1435,-0.024843734948177335,-0.03849097266215618,-0.013647237713978848,0.8970514742628686,ok,79,0,-0.009875791482492936,1.0,5098,2260,-0.04554052908204697,-0.05407519410344969,-0.008534665021402724,0.8893110688931107,ok,153,0,-0.003785893589146369,0.9462053794620537,3966,1620,-0.04554702583374295,-0.049951998756716805,-0.004404972922973857,0.7261369315342329,ok,118,0,-0.000501696013396967,0.5677161419290355,1968,866,-0.029828168069426925,-0.0361305960762841,-0.006302428006857173,0.6691654172913544,ok,79,0,-0.0016105893487045678,0.670664667666167,0.31696830316968305,105.0,1.0,False,False,same sign,False,False,False,0.9245075492450755,431.0,1.0,False,False,opposite sign,False,False,False,1.0,591.0,1.0,False,False,same sign,False,False,False,0.8893110688931107,402.0,1.0,False,False,same sign,False,False,False
OBV_S,30m,3795,3482,3482,0,313,-0.04146420228121969,0.15709362435381966,0.4612291786329696,0.5442274554853532,0.29322228604250433,0.5976450315910397,0.758759333716255,0.6909821941412981,0.4816197587593337,4.801343155240154,3.645562307750811,2780,2666,2666,0,114,-0.0467774204450326,0.13465866466616655,0.44973743435858965,0.5611402850712678,0.31545386346586646,0.5855213803450863,0.7565641410352588,0.6852963240810203,0.4804951237809452,4.911533161693692,3.623074980498203,1758,1331,1331,0,427,-0.036842190312809275,0.15702479338842976,0.49586776859504134,0.5236664162283997,0.28625093914350114,0.6250939143501127,0.7693463561232157,0.6897069872276483,0.4800901577761082,4.512042444337171,3.6514460829353523,True,,2935,547,-0.04392726540523153,-0.028248315135013517,0.01567895027021801,0.10288971102889712,ok,153,0,-0.0014321698491517182,0.6224377562243776,2307,359,-0.045123502565216404,-0.057405800803628636,-0.012282298238412231,0.767616191904048,ok,118,0,-0.006338796181296985,0.9095452273863068,1122,209,-0.03882607896540818,-0.026191840704120464,0.012634238261287713,0.28285857071464265,ok,78,0,-0.0026254732972140343,0.6736631684157921,1876,1606,-0.04515303169245571,-0.03715520852313826,-0.00799782316931745,0.7897210278972103,ok,153,0,-0.0007101234829941724,0.6244375562443756,1467,1199,-0.049955952632866354,-0.04288842401504754,-0.0070675286178188135,0.7531234382808596,ok,118,0,0.000732652860884829,0.3893053473263368,671,660,-0.03563857350276669,-0.03806586740301923,0.002427293900252543,0.4522738630684658,ok,78,0,-0.0036108595968234493,0.8085957021489255,1587,1895,-0.04174874044093824,-0.04122591095695935,0.0005228294839788872,0.4834516548345166,ok,153,0,-0.010937194944315609,1.0,1170,1496,-0.03742250836001045,-0.05409376211580528,-0.016671253755794826,0.9375312343828086,ok,118,0,-0.0037867120198740653,0.9515242378810594,634,697,-0.035608892796426594,-0.037964013304755656,-0.0023551205083290616,0.5612193903048476,ok,78,0,-0.013903275165194521,1.0,2461,1021,-0.036499341627711394,-0.053431412925963956,-0.01693207129825256,0.9433056694330567,ok,153,0,-0.001340681180744402,0.6561343865613438,1825,841,-0.03952609306999998,-0.06251305951689291,-0.02298696644689293,0.9630184907546226,ok,118,0,-0.004023747616625883,0.8750624687656172,950,381,-0.037280255439017314,-0.03574990194037451,0.0015303534986428058,0.4642678660669665,ok,78,0,0.007091831958621751,0.05847076461769116,0.10288971102889712,24.0,1.0,False,False,same sign,False,False,False,0.7897210278972103,327.0,1.0,False,False,opposite sign,False,False,False,0.4834516548345166,165.0,1.0,False,False,opposite sign,False,False,False,0.9433056694330567,455.0,1.0,False,False,opposite sign,False,False,False
OBV_S,1h,1885,1473,1473,0,412,-0.03342276969058825,0.15885947046843177,0.4663951120162933,0.5648336727766463,0.31568228105906315,0.5831636116768499,0.769857433808554,0.7304820095044128,0.4623217922606925,4.876489355825086,3.512380297100017,1426,1205,1205,0,221,-0.03229678126346638,0.14605809128630706,0.43734439834024896,0.5161825726141079,0.3128630705394191,0.5701244813278008,0.7385892116182573,0.725311203319502,0.5045643153526971,5.0579456347436995,3.8585798588543447,798,456,456,0,342,-0.04517620099882168,0.20175438596491227,0.44956140350877194,0.5482456140350878,0.3157894736842105,0.5723684210526315,0.756578947368421,0.706140350877193,0.47149122807017546,4.994542391284936,3.6564494931915523,True,,1239,234,-0.03776268806039714,-0.010443458322241155,0.027319229738155988,0.0882911708829117,ok,151,0,0.004583280603203805,0.23257674232576742,1029,176,-0.03844663267979145,0.003658884119479661,0.04210551679927111,0.03798100949525238,ok,115,0,-0.0029401843281673043,0.6681659170414792,364,92,-0.04705337110047894,-0.037749136683569044,0.009304234416909897,0.3683158420789605,ok,69,0,0.01282193987355051,0.0864567716141929,786,687,-0.027158220629493503,-0.04059007036310713,0.013431849733613624,0.16868313168683133,ok,151,0,-0.004403780857371184,0.9101089891010898,678,527,-0.020888080413481048,-0.046974388808608776,0.026086308395127728,0.11094452773613193,ok,115,0,-0.0027782823291678735,0.7851074462768616,251,205,-0.05012941274123554,-0.039111536865427114,-0.01101787587580843,0.6441779110444777,ok,69,0,-0.0072832704579966,0.8845577211394303,641,832,-0.023047266898656965,-0.04141639624062184,-0.018369129341964878,0.894010598940106,ok,151,0,-0.012497077107289235,0.9999000099990001,583,622,-0.017253331829793387,-0.04639699190628204,-0.029143660076488654,0.9475262368815592,ok,115,0,-0.0032872420924423967,0.8100949525237381,206,250,-0.044497047223163055,-0.04573582370996438,-0.0012387764868013254,0.5272363818090955,ok,69,0,-0.015653490876620692,0.9975012493753124,1008,465,-0.03282014673540853,-0.03472910074181653,-0.0019089540064080035,0.5357464253574643,ok,151,0,-0.0006718536017158577,0.5652434756524347,828,377,-0.03479807031818184,-0.026803233949661585,0.007994836368520258,0.3238380809595202,ok,115,0,0.004184077942409298,0.18940529735132433,312,144,-0.04146596088654371,-0.05321505457542392,-0.011749093688880212,0.671664167916042,ok,69,0,0.004264030689985137,0.30184907546226886,0.0882911708829117,19.0,1.0,False,False,same sign,False,False,False,0.16868313168683133,48.0,1.0,False,False,opposite sign,False,False,False,0.894010598940106,406.0,1.0,False,False,same sign,False,False,False,0.5357464253574643,194.0,1.0,False,False,same sign,False,False,False
OBV_S,4h,447,91,91,0,356,-0.019039686518530153,0.14285714285714285,0.4945054945054945,0.5714285714285714,0.31868131868131866,0.5714285714285714,0.7802197802197802,0.7582417582417582,0.46153846153846156,4.8556414366630705,3.502235913819604,333,79,79,0,254,-0.04510973193195412,0.17721518987341772,0.5316455696202531,0.5189873417721519,0.3037974683544304,0.569620253164557,0.7215189873417721,0.7088607594936709,0.6075949367088608,4.861121920825127,4.0245315286632195,210,14,14,0,196,0.010828545047518099,0.42857142857142855,0.2857142857142857,0.6428571428571429,0.35714285714285715,0.5,0.8571428571428571,0.7857142857142857,0.42857142857142855,6.265242349661539,2.7828119370178426,True,,78,13,-0.018760218299323724,-0.02071649583376872,-0.0019562775344449945,,insufficient,48,0,0.05763643810056719,0.0015998400159984002,65,14,-0.0650475650745547,0.04745877908726282,0.11250634416181751,,insufficient,36,0,-0.010029116923339174,0.6336831584207896,8,6,-0.07308675449133588,0.12271561109932343,0.1958023655906593,,insufficient,8,0,0.05536243173724527,0.1889055472263868,46,45,-0.008710739771880749,-0.02959816541510509,0.02088742564322434,0.39306069393060694,ok,48,0,-0.012760416278983208,0.8824117588241176,37,42,-0.03762662323418631,-0.05170199435617816,0.01407537112199185,0.45077461269365315,ok,36,0,0.0011712290754151526,0.4682658670664668,10,4,0.12850444730396596,-0.28336121059360153,0.41186565789756746,,insufficient,8,0,-0.06230229427764466,0.984007996001999,39,52,-0.04691700293221432,0.0018683007917329785,0.0487853037239473,0.207979202079792,ok,48,0,-0.005119546356125694,0.6737326267373263,38,41,-0.0698959361897951,-0.022137152375906393,0.047758783813888706,0.2868565717141429,ok,36,0,0.00019581846093073493,0.504247876061969,5,9,0.0930064156736171,-0.0348258275225369,-0.127832243196154,,insufficient,8,0,-0.031677646497275155,0.8195902048975512,62,29,-0.050558757514348525,0.048345913541495346,0.09890467105584387,,insufficient,48,0,0.012735496657857136,0.24807519248075194,55,24,-0.07931313462094672,0.03327306589698723,0.11258620051793394,,insufficient,36,0,0.007998923172499516,0.3918040979510245,9,5,-0.04187804224953961,0.10570040218222201,0.14757844443176163,,insufficient,8,0,0.003913320455397971,0.4497751124437781,1.0,592.0,1.0,False,False,no data,False,False,False,0.39306069393060694,129.0,1.0,False,False,no data,False,False,False,0.207979202079792,61.0,1.0,False,False,no data,False,False,False,1.0,593.0,1.0,False,False,no data,False,False,False
OBV_B,5m,58956,58555,58555,0,401,-0.06108170399614183,0.0953120997352916,0.450226282981812,0.444590555887627,0.19248569720775338,0.7142003244812569,0.6232089488515071,0.5734266928528734,0.5012381521646315,4.178587523633482,4.796450931796086,43944,43820,43820,0,124,-0.06393510898658206,0.08865814696485623,0.4797124600638978,0.4525330899132816,0.1878366042902784,0.7257873117298037,0.6078959379278868,0.5808991328160658,0.4955271565495208,4.02369878527742,4.884049715239767,27285,26565,26565,0,720,-0.05519405757922764,0.10159984942593639,0.4112930547713156,0.40470543948804816,0.19491812535290795,0.7091661961227178,0.6155844155844156,0.5873517786561265,0.5036325992847732,4.373993891359884,4.938648765897651,True,,52974,5581,-0.0604418565109346,-0.06715503864609128,-0.006713182135156676,0.9739026097390261,ok,153,0,0.0011849921836956656,0.38096190380961903,39935,3885,-0.06397268681889035,-0.0635488359535753,0.00042385086531504523,0.46526736631684157,ok,118,0,0.0013760361033146457,0.37681159420289856,23866,2699,-0.05492716888281999,-0.057554030024009016,-0.002626861141189027,0.6941529235382309,ok,79,0,0.004301800877892281,0.16041979010494753,32192,26363,-0.060744338351852174,-0.06149366298491292,0.0007493246330607453,0.34766523347665235,ok,153,0,0.0005069392753097729,0.37196280371962803,22799,21021,-0.06364387379115138,-0.06425097746194593,0.0006071036707945426,0.3868065967016492,ok,118,0,0.0038269698774358596,0.0024987506246876563,15639,10926,-0.05947326186575615,-0.04906899114713727,-0.01040427071861888,0.999000499750125,ok,79,0,-0.0014143883825450052,0.7521239380309845,32522,26033,-0.05922188617369977,-0.06340510103918183,-0.004183214865482059,0.9717028297170283,ok,153,0,-0.008358487785678013,1.0,23990,19830,-0.060967691326539175,-0.06752504089099097,-0.006557349564451795,0.9960019990004998,ok,118,0,-0.007818024480691688,1.0,15814,10751,-0.05452755603856907,-0.056174436647590996,-0.0016468806090219265,0.7106446776611695,ok,79,0,-0.005758733441308124,1.0,47284,11271,-0.06155078152725904,-0.05911383406611376,0.0024369474611452835,0.18038196180381963,ok,153,0,-0.002864664691653189,0.9302069793020697,35589,8231,-0.06325895026156547,-0.06685866783296951,-0.0035997175714040375,0.8540729635182409,ok,118,0,0.0003611309442502486,0.408295852073963,21387,5178,-0.05563550477049892,-0.053370722106126284,0.002264782664372633,0.25787106446776614,ok,79,0,0.002003895635624149,0.22588705647176413,0.9739026097390261,494.0,1.0,False,False,same sign,False,False,False,0.34766523347665235,110.0,1.0,False,False,opposite sign,False,False,False,0.9717028297170283,492.0,1.0,False,False,same sign,False,False,False,0.18038196180381963,53.0,1.0,False,False,same sign,False,False,False
OBV_B,15m,20767,20043,20043,0,724,-0.05095115091073887,0.10337773786359328,0.4186499027091753,0.44878511200918025,0.20895075587486903,0.6930100284388565,0.6416205158908347,0.648854961832061,0.4959836351843536,4.449303725405043,4.665201222365188,15791,15544,15540,4,247,-0.05246984182878567,0.09131274131274131,0.4391891891891892,0.4629343629343629,0.19555984555984557,0.7095881595881596,0.6155083655083655,0.6504504504504505,0.4886100386100386,4.28676630527465,4.807091872373497,9160,8148,8148,0,1012,-0.04041634285825365,0.09879725085910653,0.4004663721158567,0.4367943053510064,0.19722631320569464,0.7087628865979382,0.6381934216985763,0.6694894452626411,0.4883406971035837,4.434879533829122,4.722108933666848,True,,17971,2072,-0.05164539247953626,-0.044929811512641395,0.0067155809668948685,0.15758424157584242,ok,153,0,-0.0047455316419545285,0.8665133486651335,14121,1419,-0.05329507105919532,-0.04425767695026927,0.009037394108926053,0.10594702648675662,ok,118,0,0.0012366761336688736,0.40929535232383807,7343,805,-0.039094725246657275,-0.05247179394142411,-0.013377068694766833,0.9045477261369316,ok,79,0,-0.0022732292771020166,0.6786606696651675,11652,8391,-0.05172558849282018,-0.04987574312782722,-0.0018498453649929622,0.680931906809319,ok,153,0,-0.0023889796741096286,0.9211078892110789,8715,6825,-0.05072720162813175,-0.0546950593157745,0.0039678576876427535,0.16441779110444776,ok,118,0,0.002500904127473502,0.12693653173413294,4885,3263,-0.04540677753540494,-0.03294522014973876,-0.012461557385666178,0.9805097451274363,ok,79,0,-0.003685220480004109,0.9070464767616192,11048,8995,-0.04784344786247173,-0.05476814960748766,-0.006924701745015929,0.9667033296670333,ok,153,0,-0.007927745541616002,1.0,8346,7194,-0.04752943247669377,-0.05820137594785143,-0.010671943471157658,0.9920039980009995,ok,118,0,-0.009639461603640882,1.0,4589,3559,-0.03853461884939693,-0.04284265122482953,-0.004308032375432605,0.7016491754122939,ok,79,0,-0.009875791482492936,1.0,15855,4188,-0.05069780680833053,-0.05191026522393949,-0.0012124584156089566,0.5761423857614238,ok,153,0,-0.003785893589146369,0.9462053794620537,12501,3039,-0.05348553040984922,-0.048291782285555813,0.005193748124293407,0.20339830084957522,ok,118,0,-0.000501696013396967,0.5677161419290355,6541,1607,-0.04016995368532076,-0.04141922498653869,-0.0012492713012179288,0.5747126436781609,ok,79,0,-0.0016105893487045678,0.670664667666167,0.15758424157584242,41.0,1.0,False,False,opposite sign,False,False,False,0.680931906809319,267.0,1.0,False,False,same sign,False,False,False,0.9667033296670333,482.0,1.0,False,False,same sign,False,False,False,0.5761423857614238,208.0,1.0,False,False,same sign,False,False,False
OBV_B,30m,11095,10061,10061,0,1034,-0.04981093876030942,0.0939270450253454,0.4084087068879833,0.46705098896729946,0.2100188848027035,0.6986383063313786,0.6589802206540105,0.6792565351356724,0.5019381771195707,4.475779086066297,4.504937506299329,8059,7639,7639,0,420,-0.046778470532333555,0.09084958764236156,0.40764497970938607,0.4670768425186543,0.19688440895405157,0.7075533446786229,0.6201073438931798,0.6837282366801938,0.49692368111009294,4.408476024113609,4.771492502796454,4789,3585,3585,0,1204,-0.031772551411279625,0.09483960948396095,0.4131101813110181,0.44574616457461647,0.20725244072524407,0.7138075313807531,0.6516039051603905,0.7096234309623431,0.4814504881450488,4.384231478326735,4.606848976705564,True,,9116,945,-0.05058571264824103,-0.0423370353080507,0.00824867734019033,0.22767723227677233,ok,153,0,-0.0014321698491517182,0.6224377562243776,6945,694,-0.04633756762964969,-0.05119067609305333,-0.004853108463403644,0.6821589205397302,ok,118,0,-0.006338796181296985,0.9095452273863068,3245,340,-0.029781780897609,-0.05077269940204786,-0.02099091850443886,0.9155422288855573,ok,79,0,-0.0026254732972140343,0.6736631684157921,5952,4109,-0.055956763238362815,-0.040908542242087516,-0.0150482209962753,0.9905009499050095,ok,153,0,-0.0007101234829941724,0.6244375562443756,4525,3114,-0.049710757418494206,-0.042517520577331346,-0.00719323684116286,0.8430784607696152,ok,118,0,0.000732652860884829,0.3893053473263368,2104,1481,-0.04167628499827875,-0.017702696268101944,-0.02397358873017681,0.9900049975012494,ok,79,0,-0.0036108595968234493,0.8085957021489255,5362,4699,-0.046238417695856064,-0.05388752057507828,-0.007649102879222214,0.907009299070093,ok,153,0,-0.010937194944315609,1.0,4071,3568,-0.04043921541816785,-0.05401140426825526,-0.013572188850087409,0.9795102448775612,ok,118,0,-0.0037867120198740653,0.9515242378810594,1987,1598,-0.03187229205868776,-0.03164853096922709,0.00022376108946067091,0.49075462268865566,ok,79,0,-0.013903275165194521,1.0,7948,2113,-0.04864952191191108,-0.0541795810277349,-0.00553005911582382,0.7673232676732327,ok,153,0,-0.001340681180744402,0.6561343865613438,6135,1504,-0.04227476991090976,-0.06514961635177176,-0.022874846440861997,0.9955022488755623,ok,118,0,-0.004023747616625883,0.8750624687656172,2842,743,-0.0291445552469967,-0.04182472516483558,-0.012680169917838883,0.8425787106446777,ok,79,0,0.007091831958621751,0.05847076461769116,0.22767723227677233,69.0,1.0,False,False,opposite sign,False,False,False,0.9905009499050095,518.0,1.0,False,False,same sign,False,False,False,0.907009299070093,418.0,1.0,False,False,opposite sign,False,False,False,0.7673232676732327,315.0,1.0,False,False,same sign,False,False,False
OBV_B,1h,5569,4159,4159,0,1410,-0.04446031996175244,0.10002404424140418,0.38398653522481363,0.4842510218802597,0.2190430391921135,0.6963212310651599,0.681413801394566,0.713873527290214,0.5025246453474392,4.54001427564467,4.30801426742176,4169,3440,3437,3,729,-0.048527001748567965,0.09194064591213268,0.4076229269711958,0.4757055571719523,0.1949374454466104,0.7154495199301717,0.6299098050625546,0.706430026185627,0.4885074192609834,4.386088774242926,4.690753127270552,2423,1322,1322,0,1101,-0.03483865065652566,0.11195158850226929,0.3812405446293495,0.4856278366111952,0.2254160363086233,0.6913767019667171,0.680786686838124,0.7261724659606656,0.4689863842662632,4.604752621101786,4.3449104827919145,True,,3743,416,-0.04670054845485322,-0.024303648688492347,0.022396899766360872,0.0786921307869213,ok,152,0,0.004583280603203805,0.23257674232576742,3121,316,-0.04950195330747472,-0.03889781245949213,0.010604140847982592,0.26436781609195403,ok,118,0,-0.0029401843281673043,0.6681659170414792,1174,148,-0.035870430366726186,-0.02665412782020527,0.009216302546520914,0.34382808595702147,ok,71,0,0.01282193987355051,0.0864567716141929,2562,1597,-0.04703832266247038,-0.04032453854707532,-0.006713784115395055,0.7530246975302469,ok,152,0,-0.004403780857371184,0.9101089891010898,2036,1401,-0.0493400946512134,-0.04734537637398832,-0.0019947182772250757,0.5637181409295352,ok,118,0,-0.0027782823291678735,0.7851074462768616,818,504,-0.04086235597056576,-0.02506208131746854,-0.01580027465309722,0.8530734632683659,ok,71,0,-0.0072832704579966,0.8845577211394303,2145,2014,-0.04233943796560572,-0.04671915406390472,-0.004379716098299,0.6834316568343166,ok,152,0,-0.012497077107289235,0.9999000099990001,1802,1635,-0.04385306292844167,-0.053678339824327966,-0.009825276895886297,0.8340829585207397,ok,118,0,-0.0032872420924423967,0.8100949525237381,680,642,-0.03158154609289039,-0.03828854334074994,-0.006706997247859552,0.6306846576711644,ok,71,0,-0.015653490876620692,0.9975012493753124,3248,911,-0.0461660319893099,-0.038378922963391675,0.007787109025918226,0.25637436256374363,ok,152,0,-0.0006718536017158577,0.5652434756524347,2767,670,-0.045710116712203396,-0.06016031651815117,-0.014450199805947778,0.862568715642179,ok,118,0,0.004184077942409298,0.18940529735132433,1024,298,-0.030765545270346736,-0.0488348248694358,-0.018069279599089064,0.7706146926536732,ok,71,0,0.004264030689985137,0.30184907546226886,0.0786921307869213,14.0,1.0,False,False,same sign,False,False,False,0.7530246975302469,303.0,1.0,False,False,same sign,False,False,False,0.6834316568343166,269.0,1.0,False,False,same sign,False,False,False,0.25637436256374363,85.0,1.0,False,False,opposite sign,False,False,False
OBV_B,4h,1351,229,229,0,1122,-0.031282543192215725,0.13973799126637554,0.4104803493449782,0.5283842794759825,0.25327510917030566,0.6943231441048034,0.7467248908296943,0.759825327510917,0.5109170305676856,4.484453971297836,3.751653599040452,957,192,192,0,765,-0.0028119746667914364,0.11979166666666667,0.4166666666666667,0.46875,0.22916666666666666,0.6875,0.6302083333333334,0.7916666666666666,0.5416666666666666,4.60121033985962,4.719079647569536,527,35,35,0,492,-0.003969191698772856,0.22857142857142856,0.3142857142857143,0.7428571428571429,0.34285714285714286,0.6,0.8857142857142857,0.7714285714285715,0.4,5.3179149800283305,2.4352030765459234,True,,197,32,-0.019026071695030882,-0.10673644584675995,-0.08771037415172907,0.8917108289171083,ok,64,0,0.05763643810056719,0.0015998400159984002,169,23,0.0013571516802799088,-0.03344598999962,-0.03480314167989991,,insufficient,72,0,-0.010029116923339174,0.6336831584207896,27,8,-0.020873883491369982,0.0530841431012425,0.07395802659261248,,insufficient,15,0,0.05536243173724527,0.1889055472263868,135,94,-0.033801758371341,-0.027664521392408162,-0.006137236978932838,0.5548445155484452,ok,64,0,-0.012760416278983208,0.8824117588241176,112,80,-0.021667441419291982,0.023585678786709335,-0.04525312020600132,0.8530734632683659,ok,72,0,0.0011712290754151526,0.4682658670664668,24,11,0.06697385372904623,-0.15875401808674178,0.22572787181578802,,insufficient,15,0,-0.06230229427764466,0.984007996001999,108,121,-0.004032572278200202,-0.055604831280758514,-0.05157225900255831,0.9292070792920708,ok,64,0,-0.005119546356125694,0.6737326267373263,102,90,-0.012631859201617355,0.008317227806011273,0.02094908700762863,0.31784107946026985,ok,72,0,0.00019581846093073493,0.504247876061969,9,26,0.03801406405937988,-0.018501857153518035,-0.05651592121289792,,insufficient,15,0,-0.031677646497275155,0.8195902048975512,171,58,-0.017946032459619777,-0.07060225586935204,-0.052656223409732264,0.8216178382161784,ok,64,0,0.012735496657857136,0.24807519248075194,148,44,0.0026495801601706783,-0.021182659084754904,-0.02383223924492558,0.7016491754122939,ok,72,0,0.007998923172499516,0.3918040979510245,23,12,-0.07817145175663033,0.13825180674545398,0.21642325850208433,,insufficient,15,0,0.003913320455397971,0.4497751124437781,0.8917108289171083,404.0,1.0,False,False,no data,False,False,False,0.5548445155484452,200.0,1.0,False,False,no data,False,False,False,0.9292070792920708,435.0,1.0,False,False,no data,False,False,False,0.8216178382161784,349.0,1.0,False,False,no data,False,False,False
V45_AMB,5m,26408,26298,26298,0,110,-0.05847473148973613,0.026694045174537988,0.4708723096813446,0.3622708951251046,0.07449235683321925,0.8187314624686288,0.3877861434329607,0.5737318427256826,0.4531523309757396,3.422429161812151,6.510088414008138,19973,19956,19956,0,17,-0.0664276495169287,0.02254960914010824,0.4763980757666867,0.35668470635397875,0.07020444978953698,0.8143415514131088,0.3761274804570054,0.572659851673682,0.46978352375225496,3.4198857066057093,6.588701892466671,11756,11461,11461,0,295,-0.05669967595975897,0.027048250588953843,0.4202949131838409,0.3401971904720356,0.07887618881423959,0.8035075473344385,0.36689643137597067,0.5856382514614781,0.45938399790594187,3.6662207176875365,6.714641976549628,True,,25596,702,-0.058302649946449,-0.06474908929882081,-0.0064464393523718105,0.7503249675032497,ok,153,0,0.0011849921836956656,0.38096190380961903,19506,450,-0.06653577209498604,-0.061740896166737384,0.0047948759282486555,0.3293353323338331,ok,118,0,0.0013760361033146457,0.37681159420289856,11151,310,-0.056818836604456815,-0.052413352253224556,0.00440548435123226,0.33933033483258374,ok,79,0,0.004301800877892281,0.16041979010494753,13915,12383,-0.060345795818474976,-0.05637218282346776,-0.003973612995007217,0.8577142285771423,ok,153,0,0.0005069392753097729,0.37196280371962803,10449,9507,-0.06468209328250014,-0.06834616398979547,0.003664070707295325,0.18290854572713644,ok,118,0,0.0038269698774358596,0.0024987506246876563,6644,4817,-0.05816052918526987,-0.05468474782392869,-0.0034757813613411834,0.7261369315342329,ok,79,0,-0.0014143883825450052,0.7521239380309845,16771,9527,-0.055803147385562336,-0.06317769538299724,-0.007374547997434901,0.9916008399160084,ok,153,0,-0.008358487785678013,1.0,12838,7118,-0.06504923098123908,-0.06891376038531638,-0.003864529404077305,0.8345827086456772,ok,118,0,-0.007818024480691688,1.0,7562,3899,-0.05356188749825735,-0.06278532775403321,-0.009223440255775865,0.9480259870064968,ok,79,0,-0.005758733441308124,1.0,24339,1959,-0.0577141071129777,-0.06792487784293845,-0.010210770729960753,0.9404059594040596,ok,153,0,-0.002864664691653189,0.9302069793020697,18555,1401,-0.06618584699934366,-0.0696301089843026,-0.003444261984958938,0.6621689155422289,ok,118,0,0.0003611309442502486,0.408295852073963,10557,904,-0.05597142765904711,-0.06520423050689966,-0.00923280284785255,0.8115942028985508,ok,79,0,0.002003895635624149,0.22588705647176413,0.7503249675032497,301.0,1.0,False,False,opposite sign,False,False,False,0.8577142285771423,376.0,1.0,False,False,same sign,False,False,False,0.9916008399160084,522.0,1.0,False,False,same sign,False,False,False,0.9404059594040596,449.0,1.0,False,False,same sign,False,False,False
V45_AMB,15m,7314,7092,7092,0,222,-0.04572015552551293,0.023970671178793007,0.4674280879864636,0.40595036661026507,0.08009024252679076,0.8238860688099267,0.44176536943034406,0.6610265087422448,0.4679921037789058,3.3819719602704463,6.061508071620127,5770,5689,5687,2,81,-0.051676513419011035,0.024793388429752067,0.4614032002813434,0.3981009319500615,0.07508352382627044,0.817830138913311,0.42096008440302446,0.6467381747845965,0.451556180763144,3.436633715801053,6.1902684794011344,3381,3031,3031,0,350,-0.034253396439525956,0.025404157043879907,0.43549983503794126,0.3797426591883867,0.08215110524579347,0.8234905971626526,0.42461233916199276,0.6875618607720224,0.44341801385681295,3.473702512533067,6.235385294284109,True,,6922,170,-0.04534289935990941,-0.06108113892732224,-0.015738239567412833,0.7861213878612139,ok,153,0,-0.0047455316419545285,0.8665133486651335,5546,141,-0.0523694908656306,-0.024419400518641655,0.027950090346988945,0.10844577711144428,ok,118,0,0.0012366761336688736,0.40929535232383807,2954,77,-0.034306358086389314,-0.032221595078040455,0.0020847630083488597,0.46676661669165415,ok,79,0,-0.0022732292771020166,0.6786606696651675,3777,3315,-0.04848956711936962,-0.04256478068690154,-0.0059247864324680835,0.7761223877612239,ok,153,0,-0.0023889796741096286,0.9211078892110789,3063,2624,-0.04663104115510933,-0.057566102422185905,0.010935061267076572,0.1184407796101949,ok,118,0,0.002500904127473502,0.12693653173413294,1711,1320,-0.029089428915577392,-0.04094699373761382,0.011857564822036426,0.18440779610194902,ok,79,0,-0.003685220480004109,0.9070464767616192,4213,2879,-0.03891490598237604,-0.05567865372809568,-0.01676374774571964,0.9905009499050095,ok,153,0,-0.007927745541616002,1.0,3423,2264,-0.0554665375896745,-0.04594627811151056,0.009520259478163942,0.12443778110944528,ok,118,0,-0.009639461603640882,1.0,1880,1151,-0.028648868998165787,-0.043407620236013446,-0.014758751237847659,0.9260369815092454,ok,79,0,-0.009875791482492936,1.0,6524,568,-0.04422153919807473,-0.06293313601883482,-0.018711596820760096,0.9218078192180782,ok,153,0,-0.003785893589146369,0.9462053794620537,5260,427,-0.053621891648933766,-0.027712369415747305,0.02590952223318646,0.04147926036981509,ok,118,0,-0.000501696013396967,0.5677161419290355,2782,249,-0.03389538736444181,-0.03825332112580739,-0.004357933761365583,0.5762118940529735,ok,79,0,-0.0016105893487045678,0.670664667666167,0.7861213878612139,325.0,1.0,False,False,opposite sign,False,False,False,0.7761223877612239,320.0,1.0,False,False,opposite sign,False,False,False,0.9905009499050095,519.0,1.0,False,False,same sign,False,False,False,0.9218078192180782,428.0,1.0,False,False,same sign,False,False,False
V45_AMB,30m,3774,3467,3467,0,307,-0.03447657542637477,0.02394000576867609,0.45659071243149696,0.42457456013844824,0.10614364003461206,0.8032881453706374,0.4727430054802423,0.7037784828381887,0.4963945774444765,3.5603377525743043,5.798877364183812,3006,2839,2839,0,167,-0.05959348360444441,0.028531172948221203,0.4378302219091229,0.4279675942233181,0.08876364917224375,0.787601268052131,0.44557942937654105,0.6629094751673125,0.4431137724550898,3.6817338671442137,5.97022602689094,1500,1098,1098,0,402,-0.030463963356802844,0.020947176684881604,0.4581056466302368,0.40528233151183973,0.07377049180327869,0.8451730418943534,0.4444444444444444,0.7058287795992714,0.4872495446265938,3.272132828504894,6.067885372907863,True,,3384,83,-0.03443755924742856,-0.036067307348711705,-0.001629748101283142,0.5289471052894711,ok,153,0,-0.0014321698491517182,0.6224377562243776,2758,81,-0.058332902006405986,-0.10251550888086382,-0.04418260687445783,0.9540229885057471,ok,118,0,-0.006338796181296985,0.9095452273863068,1075,23,-0.03142991699184066,0.014683869585181685,0.04611378657702234,,insufficient,78,0,-0.0026254732972140343,0.6736631684157921,1884,1583,-0.029472527021600553,-0.04043212008499424,0.01095959306339369,0.17678232176782321,ok,153,0,-0.0007101234829941724,0.6244375562443756,1596,1243,-0.057549745358981864,-0.06221762378124107,0.004667878422259207,0.35782108945527236,ok,118,0,0.000732652860884829,0.3893053473263368,595,503,-0.025443041435936075,-0.03640322487353391,0.010960183437597835,0.30684657671164417,ok,78,0,-0.0036108595968234493,0.8085957021489255,1995,1472,-0.03201093743161458,-0.037818251920631964,-0.005807314489017383,0.7050294970502949,ok,153,0,-0.010937194944315609,1.0,1624,1215,-0.05437531765915807,-0.0665682173453045,-0.012192899686146438,0.856071964017991,ok,118,0,-0.0037867120198740653,0.9515242378810594,653,445,-0.027645950213429627,-0.03459916017168533,-0.006953209958255702,0.6551724137931034,ok,78,0,-0.013903275165194521,1.0,3099,368,-0.03405195321438545,-0.03805240215179576,-0.004000448937410313,0.5778422157784222,ok,153,0,-0.001340681180744402,0.6561343865613438,2587,252,-0.05475529145743104,-0.10926174981207779,-0.05450645835464674,0.9960019990004998,ok,118,0,-0.004023747616625883,0.8750624687656172,1017,81,-0.030778759609898367,-0.026511521512381273,0.004267238097517095,0.45077461269365315,ok,78,0,0.007091831958621751,0.05847076461769116,0.5289471052894711,189.0,1.0,False,False,no data,False,False,False,0.17678232176782321,52.0,1.0,False,False,same sign,False,False,False,0.7050294970502949,279.0,1.0,False,False,same sign,False,False,False,0.5778422157784222,210.0,1.0,False,False,opposite sign,False,False,False
V45_AMB,1h,1967,1479,1479,0,488,-0.025260911325828337,0.02028397565922921,0.4570655848546315,0.45909398242055444,0.08519269776876268,0.8275862068965517,0.4976335361730899,0.7376605814739688,0.47802569303583503,3.4125147740009463,5.534302097033977,1452,1203,1203,0,249,-0.0461508554217011,0.020781379883624274,0.4314214463840399,0.41313383208645055,0.09891936824605153,0.7938487115544473,0.4314214463840399,0.714879467996675,0.47547797173732337,3.7619666869515704,6.093497818567944,740,400,400,0,340,-0.025896400830725676,0.0075,0.425,0.3925,0.0725,0.85,0.4525,0.7525,0.4025,3.374242326962888,6.037623048545404,True,,1449,30,-0.02459940165573325,-0.0572118283914211,-0.03261242673568786,0.6998300169983002,ok,148,0,0.004583280603203805,0.23257674232576742,1178,25,-0.0466720944142509,-0.021590074092754312,0.02508202032149659,,insufficient,114,0,-0.0029401843281673043,0.6681659170414792,397,3,-0.025596216808947535,-0.06562075304603375,-0.04002453623708621,,insufficient,59,0,0.01282193987355051,0.0864567716141929,803,676,-0.031624748207805684,-0.017701501538509093,-0.01392324666929659,0.7653234676532347,ok,148,0,-0.004403780857371184,0.9101089891010898,684,519,-0.043988949098964496,-0.0490000730031112,0.005011123904146701,0.4097951024487756,ok,114,0,-0.0027782823291678735,0.7851074462768616,230,170,-0.037289206148018686,-0.010482605401446889,-0.026806600746571797,0.7986006996501749,ok,59,0,-0.0072832704579966,0.8845577211394303,800,679,-0.020364464177598234,-0.03102992122065026,-0.010665457043052027,0.7310268973102689,ok,148,0,-0.012497077107289235,0.9999000099990001,706,497,-0.02992363309339466,-0.06920200021804786,-0.0392783671246532,0.9870064967516242,ok,114,0,-0.0032872420924423967,0.8100949525237381,243,157,-0.023779346819733625,-0.02917311500060509,-0.005393768180871464,0.5837081459270365,ok,59,0,-0.015653490876620692,0.9975012493753124,1353,126,-0.020018286428399396,-0.08155671677202955,-0.06153843034363016,0.9816018398160185,ok,148,0,-0.0006718536017158577,0.5652434756524347,1084,119,-0.0459781665326836,-0.04772392059560842,-0.0017457540629248203,0.5217391304347826,ok,114,0,0.004184077942409298,0.18940529735132433,371,29,-0.0302246378945022,0.029475183674829212,0.059699821569331415,,insufficient,59,0,0.004264030689985137,0.30184907546226886,0.6998300169983002,275.0,1.0,False,False,no data,False,False,False,0.7653234676532347,313.0,1.0,False,False,same sign,False,False,False,0.7310268973102689,289.0,1.0,False,False,same sign,False,False,False,0.9816018398160185,507.0,1.0,False,False,no data,False,False,False
V45_AMB,4h,319,60,60,0,259,-0.030024903141773095,0.03333333333333333,0.36666666666666664,0.5666666666666667,0.18333333333333332,0.75,0.65,0.7833333333333333,0.5833333333333334,4.1532710304627845,4.311801664424738,218,47,47,0,171,-0.07026136621153221,0.0425531914893617,0.2978723404255319,0.425531914893617,0.0425531914893617,0.8723404255319149,0.46808510638297873,0.723404255319149,0.46808510638297873,3.5552027123769654,5.889305735425695,143,8,8,0,135,-0.1098130067199114,0.0,0.25,0.375,0.0,1.0,0.75,0.75,0.875,2.723195853115745,3.859648503641119,True,,58,2,-0.039607309073276524,0.2478648688718263,0.2874721779451028,,insufficient,21,0,0.05763643810056719,0.0015998400159984002,45,2,-0.06872580600570255,-0.10481147084269982,-0.03608566483699727,,insufficient,23,0,-0.010029116923339174,0.6336831584207896,8,0,-0.10981300671991139,,,,insufficient,4,0,0.05536243173724527,0.1889055472263868,38,22,-0.03384522226556979,-0.023426170109760627,-0.010419052155809162,,insufficient,21,0,-0.012760416278983208,0.8824117588241176,33,14,-0.12009532040029174,0.04720438294768663,-0.16729970334797836,,insufficient,23,0,0.0011712290754151526,0.4682658670664668,6,2,-0.170327142832733,0.07172940161855342,-0.24205654445128644,,insufficient,4,0,-0.06230229427764466,0.984007996001999,26,34,0.006702819365365841,-0.05811080858840875,-0.0648136279537746,,insufficient,21,0,-0.005119546356125694,0.6737326267373263,27,20,-0.06665367730475946,-0.07513174623567545,-0.008478068930915988,,insufficient,23,0,0.00019581846093073493,0.504247876061969,5,3,-0.21465616195378492,0.06492558533654447,0.27958174729032936,,insufficient,4,0,-0.031677646497275155,0.8195902048975512,49,11,-0.022780392393318832,-0.06229590556670572,-0.03951551317338689,,insufficient,21,0,0.012735496657857136,0.24807519248075194,45,2,-0.06872580600570255,-0.10481147084269982,-0.03608566483699727,,insufficient,23,0,0.007998923172499516,0.3918040979510245,8,0,-0.10981300671991139,,,,insufficient,4,0,0.003913320455397971,0.4497751124437781,1.0,594.0,1.0,False,False,no data,False,False,True,1.0,595.0,1.0,False,False,no data,False,False,False,1.0,596.0,1.0,False,False,no data,False,False,False,1.0,597.0,1.0,False,False,no data,False,False,False
DOGE,5m,14769,14665,14665,0,104,-0.05786544350774394,0.12417320150017047,0.42577565632458236,0.32028639618138427,0.4009546539379475,0.47555404023184455,0.7424480054551653,0.5819297647459939,0.5103307193999318,5.696493618404895,4.275692146852475,10097,10040,10040,0,57,-0.06024984446438209,0.1196215139442231,0.4249003984063745,0.3065737051792829,0.4046812749003984,0.4684262948207171,0.7424302788844621,0.5815737051792829,0.4944223107569721,5.751725950540578,4.29398196368838,8189,7869,7869,0,320,-0.04675818908021897,0.14245774558393698,0.43258355572499685,0.2920320243995425,0.39280721819799214,0.4817638835938493,0.7276655229381116,0.5988054390646842,0.5868598297115263,5.636691892148246,4.450369790415976,True,,12844,1821,-0.0586256280048947,-0.05250365894903758,0.006121969055857122,0.17588241175882413,ok,153,0,0.0011849921836956656,0.38096190380961903,8839,1201,-0.058754722905933976,-0.07125349097156189,-0.012498768065627913,0.9590204897551224,ok,118,0,0.0013760361033146457,0.37681159420289856,6748,1121,-0.04928265067223127,-0.03156187612491214,0.01772077454731913,0.015992003998001,ok,79,0,0.004301800877892281,0.16041979010494753,8421,6244,-0.05907934924665417,-0.05622830381726299,-0.0028510454293911858,0.7212278772122788,ok,153,0,0.0005069392753097729,0.37196280371962803,5774,4266,-0.06208780927554013,-0.05776217244852966,-0.004325636827010475,0.8135932033983009,ok,118,0,0.0038269698774358596,0.0024987506246876563,4465,3404,-0.043983415216072665,-0.05039783811177397,0.006414422895701308,0.1549225387306347,ok,79,0,-0.0014143883825450052,0.7521239380309845,9968,4697,-0.056520144756653276,-0.06072044413599,-0.004200299379336726,0.8102189781021898,ok,153,0,-0.008358487785678013,1.0,6962,3078,-0.058556398538791805,-0.06408017927073673,-0.00552378073194492,0.8630684657671165,ok,118,0,-0.007818024480691688,1.0,5571,2298,-0.04907787360561667,-0.04113461967595849,0.007943253929658181,0.11444277861069466,ok,79,0,-0.005758733441308124,1.0,8785,5880,-0.05707367379760228,-0.059048385158015124,-0.0019747113604128425,0.6623337666233376,ok,153,0,-0.002864664691653189,0.9302069793020697,5977,4063,-0.05899977030259944,-0.062088804165335826,-0.0030890338627363872,0.7166416791604198,ok,118,0,0.0003611309442502486,0.408295852073963,4778,3091,-0.04956072967490615,-0.04242608330169574,0.0071346463732104085,0.12693653173413294,ok,79,0,0.002003895635624149,0.22588705647176413,0.17588241175882413,51.0,1.0,False,False,same sign,False,False,False,0.7212278772122788,285.0,1.0,False,False,opposite sign,False,False,False,0.8102189781021898,341.0,1.0,False,False,opposite sign,False,False,False,0.6623337666233376,253.0,1.0,False,False,opposite sign,False,False,False
DOGE,15m,8163,7778,7778,0,385,-0.042515970454903566,0.05129853432759064,0.3979172023656467,0.4071740807405503,0.34096168680894834,0.47197222936487526,0.6382103368475186,0.6689380303419902,0.5042427359218308,5.850014048343422,4.989407452992313,5715,5555,5555,0,160,-0.04617376221815606,0.04428442844284428,0.41692169216921693,0.41206120612061203,0.3576957695769577,0.46804680468046805,0.6491449144914492,0.6604860486048605,0.5092709270927093,5.823900375152747,4.884769604210221,4423,3794,3794,0,629,-0.03264880428853619,0.04507116499736426,0.4051133368476542,0.40643120716921455,0.33948339483394835,0.47812335266209804,0.6425935687928308,0.6784396415392725,0.5925144965735372,5.799402064582282,4.9402528893647215,True,,7379,399,-0.04295766041613129,-0.03434747365315072,0.008610186762980573,0.27777222277772223,ok,153,0,-0.0047455316419545285,0.8665133486651335,5309,246,-0.046494990912973475,-0.03924122912553203,0.007253761787441443,0.29685157421289354,ok,118,0,0.0012366761336688736,0.40929535232383807,3623,171,-0.0335605348410459,-0.01333184644208781,0.02022868839895809,0.16991504247876063,ok,79,0,-0.0022732292771020166,0.6786606696651675,4683,3095,-0.04499207344970128,-0.03876941461495599,-0.006222658834745286,0.8538146185381462,ok,153,0,-0.0023889796741096286,0.9211078892110789,3239,2316,-0.04498508922480091,-0.0478361593794157,0.0028510701546147904,0.344327836081959,ok,118,0,0.002500904127473502,0.12693653173413294,2257,1537,-0.03022418038639926,-0.036209231189722316,0.005985050803323056,0.2303848075962019,ok,79,0,-0.003685220480004109,0.9070464767616192,4611,3167,-0.04286361819047007,-0.04200981203725369,0.0008538061532163826,0.44615538446155384,ok,153,0,-0.007927745541616002,1.0,3266,2289,-0.05027049231228889,-0.04032844964173064,0.009942042670558246,0.09095452273863068,ok,118,0,-0.009639461603640882,1.0,2252,1542,-0.03235500954742819,-0.03307787416984307,-0.0007228646224148802,0.5177411294352824,ok,79,0,-0.009875791482492936,1.0,5126,2652,-0.04055273156086389,-0.04631067730665595,-0.0057579457457920605,0.8135186481351865,ok,153,0,-0.003785893589146369,0.9462053794620537,3568,1987,-0.04696382133109297,-0.04475507529568053,0.0022087460354124414,0.38980509745127434,ok,118,0,-0.000501696013396967,0.5677161419290355,2506,1288,-0.034061725664216815,-0.029899750742374994,0.0041619749218418205,0.3448275862068966,ok,79,0,-0.0016105893487045678,0.670664667666167,0.27777222277772223,94.0,1.0,False,False,same sign,False,False,False,0.8538146185381462,373.0,1.0,False,False,opposite sign,False,False,False,0.44615538446155384,152.0,1.0,False,False,opposite sign,False,False,False,0.8135186481351865,345.0,1.0,False,False,opposite sign,False,False,False
DOGE,30m,5599,4865,4865,0,734,-0.03213453721553071,0.02343268242548818,0.5175745118191162,0.268448098663926,0.3097636176772867,0.5673175745118191,0.7015416238437822,0.717163412127441,0.5066803699897225,4.925641632008733,5.218117530713042,4145,3880,3880,0,265,-0.03690339234798804,0.024484536082474227,0.5146907216494845,0.2706185567010309,0.3365979381443299,0.5463917525773195,0.7195876288659794,0.7067010309278351,0.5201030927835052,5.0455825031891,5.038329953399086,2781,1999,1999,0,782,-0.03981456522591789,0.027013506753376687,0.5007503751875938,0.2696348174087044,0.31765882941470736,0.5522761380690345,0.6928464232116058,0.6853426713356678,0.5777888944472236,5.0746221812323835,5.261627819557272,True,,4751,114,-0.03134476970045591,-0.06504844479553397,-0.03370367509507806,0.8611138886111389,ok,153,0,-0.0014321698491517182,0.6224377562243776,3785,95,-0.03754225457084716,-0.011449776416180455,0.026092478154666705,0.16841579210394803,ok,118,0,-0.006338796181296985,0.9095452273863068,1945,54,-0.04206294369607583,0.04116869633810425,0.08323164003418007,0.01899050474762619,ok,78,0,-0.0026254732972140343,0.6736631684157921,2347,2518,-0.033555676236512545,-0.03080990922417075,-0.002745767012341794,0.6145385461453855,ok,153,0,-0.0007101234829941724,0.6244375562443756,1883,1997,-0.026974952286637835,-0.04626506116898075,0.019290108882342914,0.03398300849575212,ok,118,0,0.000732652860884829,0.3893053473263368,998,1001,-0.041580595896397225,-0.03805382735465078,-0.003526768541746446,0.5947026486756621,ok,78,0,-0.0036108595968234493,0.8085957021489255,3559,1306,-0.025621823427410807,-0.04988243030275793,-0.02426060687534712,0.9986001399860014,ok,153,0,-0.010937194944315609,1.0,2830,1050,-0.03868483044018347,-0.03210199253759464,0.006582837902588831,0.24037981009495252,ok,118,0,-0.0037867120198740653,0.9515242378810594,1460,539,-0.037723429603323484,-0.045478865799179195,-0.007755436195855711,0.6856571714142928,ok,78,0,-0.013903275165194521,1.0,3358,1507,-0.03194163360824295,-0.0325643781666072,-0.0006227445583642452,0.5211478852114788,ok,153,0,-0.001340681180744402,0.6561343865613438,2574,1306,-0.04152782490506641,-0.027789081933041877,0.013738742972024532,0.1089455272363818,ok,118,0,-0.004023747616625883,0.8750624687656172,1364,635,-0.03700987913000452,-0.045839119296509766,-0.00882924016650525,0.6766616691654173,ok,78,0,0.007091831958621751,0.05847076461769116,0.8611138886111389,383.0,1.0,False,False,opposite sign,False,False,False,0.6145385461453855,230.0,1.0,False,False,same sign,False,False,False,0.9986001399860014,543.0,1.0,False,False,same sign,False,False,False,0.5211478852114788,185.0,1.0,False,False,same sign,False,False,False
DOGE,1h,2987,1973,1973,0,1014,-0.02494848875149243,0.02027369488089204,0.3816523061327927,0.22199695894576787,0.503294475418145,0.41003547896604153,0.8307146477445514,0.747592498732894,0.53522554485555,6.301270739434653,4.464895972332064,2346,1849,1849,0,497,-0.027076648123482604,0.024337479718766902,0.34505137912385075,0.20876149269875607,0.5457003785830179,0.366143861546782,0.8399134667387778,0.7409410492157923,0.531638723634397,6.659532757266927,4.40443819862212,1535,717,717,0,818,-0.00929856951268434,0.012552301255230125,0.36401673640167365,0.2580195258019526,0.5104602510460251,0.39330543933054396,0.8382147838214784,0.7503486750348675,0.6331938633193863,6.453209122512794,4.265240810734141,True,,1933,40,-0.024781795258065977,-0.03300395182132584,-0.00822215656325986,0.5648435156484352,ok,150,0,0.004583280603203805,0.23257674232576742,1804,45,-0.026604535195871422,-0.04600313082149546,-0.019398595625624036,0.6621689155422289,ok,118,0,-0.0029401843281673043,0.6681659170414792,708,9,-0.007910216662667698,-0.11851566038066018,-0.11060544371799248,,insufficient,71,0,0.01282193987355051,0.0864567716141929,1220,753,-0.02301269562256991,-0.028084833528763974,0.005072137906194065,0.3651634836516348,ok,150,0,-0.004403780857371184,0.9101089891010898,1211,638,-0.031907360597679325,-0.017907380402084137,-0.013999980195595188,0.8050974512743628,ok,118,0,-0.0027782823291678735,0.7851074462768616,456,261,-0.010908375314468257,-0.006486035238303248,-0.004422340076165009,0.5562218890554723,ok,71,0,-0.0072832704579966,0.8845577211394303,1535,438,-0.02836628545755398,-0.012970593902623761,0.015395691554930218,0.16078392160783922,ok,150,0,-0.012497077107289235,0.9999000099990001,1463,386,-0.022354682055424225,-0.04497363350578676,-0.022618951450362534,0.9330334832583708,ok,118,0,-0.0032872420924423967,0.8100949525237381,532,185,-0.01396699463457234,0.004126307054042236,0.018093301688614578,0.23638180909545228,ok,71,0,-0.015653490876620692,0.9975012493753124,980,993,-0.022062735738140982,-0.027796462520963145,-0.005733726782822163,0.6504349565043496,ok,150,0,-0.0006718536017158577,0.5652434756524347,840,1009,-0.019389173812787555,-0.033476527628917535,-0.01408735381612998,0.8290854572713643,ok,118,0,0.004184077942409298,0.18940529735132433,351,366,-0.005284084169913209,-0.013148526767636982,-0.007864442597723773,0.6116941529235382,ok,71,0,0.004264030689985137,0.30184907546226886,0.5648435156484352,205.0,1.0,False,False,no data,False,False,False,0.3651634836516348,115.0,1.0,False,False,opposite sign,False,False,False,0.16078392160783922,43.0,1.0,False,False,same sign,False,False,False,0.6504349565043496,248.0,1.0,False,False,same sign,False,False,False
DOGE,4h,0,0,0,0,0,,,,,,,,,,,,0,0,0,0,0,,,,,,,,,,,,0,0,0,0,0,,,,,,,,,,,,False,period-1 signals 0 < 300,0,0,,,,,insufficient,0,0,0.05763643810056719,0.0015998400159984002,0,0,,,,,insufficient,0,0,-0.010029116923339174,0.6336831584207896,0,0,,,,,insufficient,0,0,0.05536243173724527,0.1889055472263868,0,0,,,,,insufficient,0,0,-0.012760416278983208,0.8824117588241176,0,0,,,,,insufficient,0,0,0.0011712290754151526,0.4682658670664668,0,0,,,,,insufficient,0,0,-0.06230229427764466,0.984007996001999,0,0,,,,,insufficient,0,0,-0.005119546356125694,0.6737326267373263,0,0,,,,,insufficient,0,0,0.00019581846093073493,0.504247876061969,0,0,,,,,insufficient,0,0,-0.031677646497275155,0.8195902048975512,0,0,,,,,insufficient,0,0,0.012735496657857136,0.24807519248075194,0,0,,,,,insufficient,0,0,0.007998923172499516,0.3918040979510245,0,0,,,,,insufficient,0,0,0.003913320455397971,0.4497751124437781,,,,,,,,,,,,,,,,,,,,,,,,,,,,,,,,,,,,
