
=== 15m P0|A|10
 edge_pct  trades_per_30d  mean_N  mean_L  liq_share  tp_share  drift_H_pct  gross_pct  net_notional_pct  eq_ret_pct  30d_median_mult  30d_p_loss  30d_mdd_median  1y_median_mult  1y_p_below50  1y_p_ruin  IS_median_mult
        0           79.32       1       1          0   0.00422      0.00222   0.009637           -0.1351     -0.1351           0.8899      0.7765          0.1805          0.2334          0.95    0.08183         0.01546
    0.025           79.32       1       1          0  0.004273      0.02718    0.03459           -0.1102     -0.1102           0.9082      0.7405          0.1699          0.2955        0.8928      0.035         0.03012
     0.05           79.33       1       1          0  0.004326      0.05194    0.05946          -0.08532    -0.08532           0.9264      0.6933           0.161          0.3784        0.7957     0.0125          0.0594
    0.075           79.33       1       1          0  0.004468      0.07855    0.08635          -0.05841    -0.05841           0.9448      0.6465          0.1514          0.4882        0.6465   0.004167          0.1185
      0.1           79.33       1       1          0  0.004581       0.1041     0.1121          -0.03268    -0.03268           0.9641      0.5985          0.1439          0.6269        0.4875   0.001167          0.2484
     0.15           79.33       1       1          0  0.004746       0.1532     0.1611           0.01636     0.01636            1.001      0.4958          0.1283           1.006        0.2087  0.0003333           1.035
      0.2           79.34       1       1          0  0.004929       0.2035     0.2114            0.0667      0.0667             1.04      0.4005          0.1166           1.647        0.0555          0           4.028
      0.3           79.34       1       1          0  0.005343       0.3025      0.311            0.1663      0.1663            1.123      0.2225         0.09437           4.237      0.001333          0           74.85
      0.4           79.35       1       1          0   0.00565       0.4048     0.4131            0.2684      0.2684            1.209      0.1022         0.07879           11.41             0          0            1465
      0.6           79.36       1       1          0  0.006384       0.6067     0.6157             0.471       0.471            1.411     0.01083         0.05348           80.25             0          0       4.376e+05

=== 15m P0|B|10
 edge_pct  trades_per_30d  mean_N  mean_L  liq_share  tp_share  drift_H_pct  gross_pct  net_notional_pct  eq_ret_pct  30d_median_mult  30d_p_loss  30d_mdd_median  1y_median_mult  1y_p_below50  1y_p_ruin  IS_median_mult
        0           91.08       1       1          0  0.003737     0.005874  -0.008637            -0.152      -0.152           0.8639      0.8595          0.1856          0.1629        0.9955     0.1598        0.005734
    0.025           90.91       1       1          0  0.003791      0.03104   0.009213           -0.1341     -0.1341            0.878      0.8327           0.176           0.199        0.9842     0.0785         0.01026
     0.05           90.75       1       1          0  0.003854      0.05559    0.02604           -0.1173     -0.1173           0.8921      0.8065          0.1673           0.241        0.9608     0.0345         0.01826
    0.075           90.59       1       1          0  0.003949      0.08178    0.04412          -0.09927    -0.09927           0.9052       0.773          0.1596           0.295         0.912    0.01133         0.02746
      0.1           90.41       1       1          0  0.004061       0.1078    0.06246          -0.08094    -0.08094           0.9208      0.7325          0.1509           0.362         0.828     0.0035         0.05413
     0.15            90.1       1       1          0  0.004184       0.1571    0.09679          -0.04663    -0.04663            0.948      0.6623          0.1368          0.5265         0.578          0          0.1695
      0.2            89.8       1       1          0  0.004355       0.2074     0.1322           -0.0113     -0.0113           0.9767      0.5693          0.1243          0.7764        0.2757          0          0.5024
      0.3            89.2       1       1          0  0.004705       0.3079     0.2026           0.05909     0.05909            1.036      0.3922          0.1026            1.66       0.01717          0           4.581
      0.4           88.58       1       1          0  0.004993       0.4102      0.273            0.1294      0.1294              1.1      0.2288         0.08548           3.518             0          0           43.33
      0.6           87.39       1       1          0  0.005603       0.6138     0.4157            0.2721      0.2721            1.237     0.05083         0.06019           15.68             0          0            3754

=== 15m P1|B|10
 edge_pct  trades_per_30d  mean_N  mean_L  liq_share  tp_share  drift_H_pct  gross_pct  net_notional_pct  eq_ret_pct  30d_median_mult  30d_p_loss  30d_mdd_median  1y_median_mult  1y_p_below50  1y_p_ruin  IS_median_mult
        0           94.88    1.25       5          0    0.1641     0.005984 -3.593e-05            -0.135     -0.1687           0.8451       0.882          0.2057          0.1253        0.9997     0.3645        0.002624
    0.025           94.78    1.25       5          0    0.1669      0.03109    0.01571           -0.1191     -0.1489           0.8618      0.8537          0.1951          0.1567        0.9958     0.2053        0.005276
     0.05           94.67    1.25       5          0    0.1698      0.05628    0.03096           -0.1037     -0.1296           0.8764      0.8208          0.1853          0.1962        0.9827     0.1008         0.01008
    0.075           94.56    1.25       5          0    0.1726       0.0828    0.04668          -0.08786     -0.1098           0.8928      0.7828          0.1759          0.2478        0.9515    0.04017         0.01781
      0.1           94.43    1.25       5          0    0.1756       0.1092     0.0629          -0.07149    -0.08937           0.9102      0.7435          0.1671           0.314        0.8902      0.012         0.03719
     0.15           94.22    1.25       5          0     0.181       0.1588    0.09351          -0.04064     -0.0508           0.9445      0.6605          0.1501          0.4838        0.6373   0.001333          0.1223
      0.2           94.01    1.25       5          0    0.1865       0.2095     0.1244         -0.009493    -0.01187           0.9775      0.5622          0.1352          0.7617        0.3123          0          0.4092
      0.3           93.62    1.25       5          0     0.198       0.3121     0.1868           0.05346     0.06683            1.048      0.3667          0.1121           1.866       0.01817          0           6.251
      0.4           93.19    1.25       5          0    0.2099       0.4181     0.2509            0.1181      0.1477            1.128      0.1978         0.09389           4.672     0.0003333          0           91.41
      0.6            92.4    1.25       5          0     0.233       0.6232     0.3765            0.2447      0.3059            1.301     0.03417          0.0666           27.16             0          0       1.459e+04

=== 15m P2|B|10
 edge_pct  trades_per_30d  mean_N  mean_L  liq_share  tp_share  drift_H_pct  gross_pct  net_notional_pct  eq_ret_pct  30d_median_mult  30d_p_loss  30d_mdd_median  1y_median_mult  1y_p_below50  1y_p_ruin  IS_median_mult
        0             102     2.5      10  9.205e-06    0.3735     0.006369   0.006988           -0.1168      -0.292           0.7233       0.909          0.3421          0.0186             1     0.9838       9.229e-06
    0.025             102     2.5      10  9.209e-06    0.3782      0.03205    0.01813           -0.1054     -0.2636            0.745       0.891          0.3265         0.02681             1     0.9562       2.928e-05
     0.05           101.9     2.5      10  9.211e-06     0.383      0.05759    0.02894          -0.09439      -0.236           0.7667      0.8675           0.312         0.03774        0.9998     0.9028       6.577e-05
    0.075           101.9     2.5      10  9.214e-06    0.3879      0.08463    0.04026          -0.08282     -0.2071           0.7906      0.8422          0.2986         0.05388        0.9985     0.8198       0.0002074
      0.1           101.9     2.5      10  9.217e-06    0.3931        0.111    0.05214          -0.07068     -0.1767           0.8126      0.8128          0.2855         0.07893        0.9948     0.6705       0.0006042
     0.15           101.8     2.5      10  9.224e-06     0.403       0.1607    0.07501          -0.04733     -0.1183           0.8631       0.737          0.2583           0.162        0.9548     0.3355        0.006079
      0.2           101.7     2.5      10   9.23e-06    0.4126       0.2118    0.09716           -0.0247    -0.06176           0.9161      0.6513          0.2363          0.3285        0.8245    0.09983         0.04012
      0.3           101.6     2.5      10  9.243e-06    0.4319       0.3156     0.1423           0.02143     0.05356            1.027      0.4527          0.1954           1.376        0.2662   0.001667           2.963
      0.4           101.4     2.5      10  9.257e-06    0.4516       0.4215     0.1881           0.06817      0.1704            1.154      0.2598          0.1625            5.94         0.019          0           159.7
      0.6           101.2     2.5      10  9.278e-06     0.491       0.6274     0.2789            0.1609      0.4022            1.458     0.04933          0.1203           103.2     0.0001667          0       6.916e+05

=== 15m P2|C|10
 edge_pct  trades_per_30d  mean_N  mean_L  liq_share  tp_share  drift_H_pct  gross_pct  net_notional_pct  eq_ret_pct  30d_median_mult  30d_p_loss  30d_mdd_median  1y_median_mult  1y_p_below50  1y_p_ruin  IS_median_mult
        0            89.8     2.5      10          0    0.4266     0.003377    0.01704           -0.1053     -0.2632           0.7664      0.8228          0.3455         0.03223        0.9978      0.896        5.37e-05
    0.025           89.92     2.5      10          0    0.4322      0.02883    0.03416          -0.08789     -0.2197           0.7967       0.792          0.3298         0.05107        0.9947     0.7993       0.0001908
     0.05           90.03     2.5      10          0    0.4379      0.05515     0.0514          -0.07035     -0.1759           0.8285      0.7477           0.314          0.0833        0.9818     0.6477       0.0007727
    0.075           90.16     2.5      10          0    0.4437      0.08294    0.06903          -0.05242     -0.1311           0.8605      0.6985          0.2991           0.138        0.9528     0.4633        0.003828
      0.1           90.32     2.5      10          0    0.4496       0.1093    0.08667          -0.03446    -0.08616           0.8965        0.65          0.2851           0.224        0.8913     0.2943         0.01981
     0.15           90.57     2.5      10          0    0.4612       0.1595     0.1211         0.0005929    0.001482           0.9727      0.5408          0.2576          0.5923        0.6653      0.066          0.2698
      0.2            90.8     2.5      10          0    0.4722       0.2099     0.1541           0.03416     0.08541            1.047      0.4315          0.2333           1.542        0.3598     0.0085           4.018
      0.3           91.26     2.5      10          0    0.4947        0.314     0.2221            0.1033      0.2583            1.225      0.2337          0.1957           10.89       0.03867          0            1000
      0.4           91.73     2.5      10          0    0.5173       0.4195     0.2908            0.1732      0.4329             1.43     0.09833          0.1662           78.92      0.002833          0       3.442e+05
      0.6           92.76     2.5      10          0    0.5628       0.6258     0.4278            0.3126      0.7815            1.986       0.006          0.1231            4504             0          0       4.676e+10

=== 15m P3|A|10
 edge_pct  trades_per_30d  mean_N  mean_L  liq_share  tp_share  drift_H_pct  gross_pct  net_notional_pct  eq_ret_pct  30d_median_mult  30d_p_loss  30d_mdd_median  1y_median_mult  1y_p_below50  1y_p_ruin  IS_median_mult
        0           100.8       4      20    0.01933    0.6672     0.003924    0.01645           -0.1011     -0.4043           0.6265      0.8803          0.4788        0.002215             1     0.9965        2.26e-08
    0.025             101       4      20    0.01896    0.6729      0.02899    0.02688          -0.09019     -0.3608           0.6536       0.861          0.4639        0.003909        0.9998     0.9905       7.121e-08
     0.05           101.1       4      20    0.01853    0.6784      0.05541    0.03748          -0.07911     -0.3165           0.6856      0.8327          0.4464        0.006772        0.9995     0.9763        4.36e-07
    0.075           101.3       4      20    0.01816    0.6839      0.08262    0.04783          -0.06832     -0.2733           0.7162      0.7998          0.4303         0.01181        0.9992     0.9502       2.442e-06
      0.1           101.5       4      20    0.01777    0.6896       0.1089    0.05845          -0.05722     -0.2289           0.7483       0.765          0.4151         0.02029         0.997     0.9002       1.379e-05
     0.15           101.9       4      20    0.01705    0.7011       0.1589    0.07923          -0.03553     -0.1421           0.8176      0.6963          0.3843         0.06135        0.9755     0.7212       0.0003817
      0.2           102.3       4      20    0.01626    0.7118       0.2092    0.09948          -0.01436    -0.05746           0.8917      0.6163          0.3547          0.1844        0.9002     0.4433         0.00708
      0.3             103       4      20    0.01477    0.7336       0.3114     0.1394           0.02738      0.1095             1.06      0.4405          0.3039           1.596         0.496    0.05133           3.187
      0.4           103.7       4      20    0.01304    0.7557       0.4168     0.1815           0.07134      0.2853            1.278      0.2597          0.2621           16.04         0.122     0.0015            2488
      0.6           105.2       4      20   0.009806    0.8003       0.6237     0.2649            0.1585      0.6341            1.869     0.04517          0.2029            1761      0.005333          0       2.643e+09

=== 15m P3|B|10
 edge_pct  trades_per_30d  mean_N  mean_L  liq_share  tp_share  drift_H_pct  gross_pct  net_notional_pct  eq_ret_pct  30d_median_mult  30d_p_loss  30d_mdd_median  1y_median_mult  1y_p_below50  1y_p_ruin  IS_median_mult
        0           112.5       4      20  0.0002463    0.5912     0.005106    0.01161           -0.1006     -0.4023           0.6111      0.9542          0.4453        0.002352             1          1       2.369e-08
    0.025           112.5       4      20  0.0002379    0.5959      0.03066    0.01795            -0.094      -0.376           0.6299      0.9402          0.4331        0.003412             1     0.9998       7.491e-08
     0.05           112.5       4      20  0.0002336    0.6005      0.05645    0.02422          -0.08749       -0.35           0.6504      0.9263          0.4199        0.004871             1     0.9995         2.3e-07
    0.075           112.6       4      20  0.0002336    0.6052      0.08301    0.03049          -0.08099      -0.324           0.6685      0.9145          0.4048        0.006944             1     0.9973       5.236e-07
      0.1           112.6       4      20  0.0002335    0.6101       0.1091    0.03732          -0.07391     -0.2956           0.6916      0.8968          0.3923         0.01036             1     0.9928       1.506e-06
     0.15           112.7       4      20  0.0002375    0.6198       0.1589    0.05022          -0.06052     -0.2421           0.7331       0.858          0.3636         0.02159             1     0.9553       1.431e-05
      0.2           112.7       4      20  0.0002374     0.629       0.2096    0.06277          -0.04751     -0.1901           0.7799       0.806           0.336         0.04411        0.9977     0.8388       0.0001218
      0.3           112.8       4      20  0.0002206    0.6476       0.3125    0.08783          -0.02151    -0.08602           0.8801       0.684          0.2871           0.185        0.9295     0.3405         0.00798
      0.4           112.9       4      20  0.0002162    0.6669       0.4177     0.1141          0.005698     0.02279           0.9917      0.5135          0.2437          0.8574        0.5338    0.02767          0.6043
      0.6           113.1       4      20  0.0001826    0.7048        0.623     0.1655           0.05909      0.2364            1.267      0.1865          0.1791           16.94        0.0135          0            4109

=== 15m P3|C|10
 edge_pct  trades_per_30d  mean_N  mean_L  liq_share  tp_share  drift_H_pct  gross_pct  net_notional_pct  eq_ret_pct  30d_median_mult  30d_p_loss  30d_mdd_median  1y_median_mult  1y_p_below50  1y_p_ruin  IS_median_mult
        0           102.9       4      20          0    0.6589     0.004642    0.01372          -0.09573     -0.3829           0.6427      0.8922          0.4513        0.003628             1     0.9973       1.172e-07
    0.025             103       4      20          0    0.6644         0.03    0.02355          -0.08561     -0.3424           0.6691      0.8687          0.4355        0.006143        0.9998     0.9917        4.74e-07
     0.05           103.2       4      20          0    0.6698      0.05631    0.03323          -0.07565     -0.3026           0.6987      0.8405          0.4177         0.01027        0.9998      0.978       2.058e-06
    0.075           103.3       4      20          0    0.6752      0.08366    0.04302          -0.06558     -0.2623           0.7279      0.8097          0.4003         0.01689        0.9993     0.9457       1.049e-05
      0.1           103.5       4      20          0    0.6808         0.11    0.05301          -0.05529     -0.2212           0.7579      0.7785          0.3825         0.02892        0.9967     0.8835       4.295e-05
     0.15           103.8       4      20          0     0.692       0.1599     0.0724          -0.03532     -0.1413            0.824      0.7147           0.353         0.07973        0.9763     0.6628       0.0007661
      0.2           104.1       4      20          0    0.7026       0.2104    0.09107           -0.0161    -0.06439            0.893      0.6313          0.3229          0.2178        0.8942     0.3498         0.01502
      0.3           104.7       4      20          0    0.7241       0.3128     0.1286            0.0226     0.09042            1.051       0.441          0.2724           1.629        0.4222    0.02283           5.625
      0.4           105.3       4      20          0     0.746       0.4181     0.1681           0.06316      0.2526            1.258      0.2507            0.23           13.77       0.06333  0.0003333            3360
      0.6           106.5       4      20          0    0.7899       0.6256      0.246            0.1434      0.5734            1.779     0.03217          0.1677            1020         0.001          0       6.624e+08

=== 15m P3|B|30
 edge_pct  trades_per_30d  mean_N  mean_L  liq_share  tp_share  drift_H_pct  gross_pct  net_notional_pct  eq_ret_pct  30d_median_mult  30d_p_loss  30d_mdd_median  1y_median_mult  1y_p_below50  1y_p_ruin  IS_median_mult
        0           97.37       4      20  0.0007425    0.2443     0.007083   0.003166           -0.1278     -0.5113           0.5608      0.9135          0.5269       0.0007502             1          1       6.739e-10
    0.025            97.3       4      20  0.0007238    0.2483      0.03247     0.0174           -0.1134     -0.4536           0.5915       0.889          0.5066        0.001496             1     0.9988       6.521e-09
     0.05           97.21       4      20  0.0007196    0.2518       0.0575    0.03071          -0.09991     -0.3997           0.6243      0.8663          0.4874        0.002855             1     0.9952       4.939e-08
    0.075           97.14       4      20  0.0007201    0.2558      0.08433    0.04493          -0.08551      -0.342            0.662      0.8345          0.4688        0.005672             1      0.986       3.435e-07
      0.1           97.04       4      20  0.0007112      0.26       0.1108    0.05988          -0.07036     -0.2814           0.6994       0.796          0.4479         0.01176        0.9987     0.9575       2.617e-06
     0.15           96.89       4      20  0.0007123    0.2676       0.1606    0.08804          -0.04182     -0.1673            0.778      0.7213          0.4131          0.0439        0.9843     0.7925       0.0001225
      0.2           96.74       4      20  0.0007037    0.2751        0.211     0.1157          -0.01376    -0.05505           0.8661      0.6303           0.377          0.1664        0.9147      0.481        0.004315
      0.3           96.45       4      20  0.0006668    0.2905       0.3135     0.1722           0.04342      0.1737            1.078      0.4255          0.3174           2.429        0.4558      0.036            12.9
      0.4           96.13       4      20  0.0006691    0.3064       0.4192     0.2299            0.1019      0.4075            1.349      0.2448          0.2681           37.87        0.0985  0.0006667       2.966e+04
      0.6           95.52       4      20  0.0005505    0.3376        0.626     0.3432            0.2167      0.8669            2.067      0.0455          0.1975            7916         0.003          0       2.072e+11

=== 15m P3|B|100
 edge_pct  trades_per_30d  mean_N  mean_L  liq_share  tp_share  drift_H_pct  gross_pct  net_notional_pct  eq_ret_pct  30d_median_mult  30d_p_loss  30d_mdd_median  1y_median_mult  1y_p_below50  1y_p_ruin  IS_median_mult
        0           91.52       4      20    0.00137   0.02549      0.00621  -0.005383           -0.1482     -0.5927           0.5125      0.9027           0.578       0.0002586             1          1       3.976e-11
    0.025           91.36       4      20   0.001362   0.02594      0.03141    0.01251           -0.1303     -0.5211           0.5488      0.8792          0.5572       0.0005628             1     0.9998       4.547e-10
     0.05           91.21       4      20   0.001359   0.02639      0.05619     0.0291           -0.1137     -0.4547           0.5853      0.8542          0.5385          0.0012             1     0.9973       5.286e-09
    0.075           91.06       4      20   0.001356   0.02688      0.08214    0.04655          -0.09623     -0.3849           0.6212       0.828          0.5197        0.002613        0.9997     0.9892       3.092e-08
      0.1           90.88       4      20   0.001343   0.02736       0.1082    0.06427          -0.07849      -0.314           0.6634      0.7943          0.4986        0.005777        0.9985     0.9702        4.13e-07
     0.15           90.58       4      20   0.001348   0.02827       0.1579     0.0983          -0.04445     -0.1778           0.7463      0.7213          0.4617         0.02527         0.987     0.8627        3.36e-05
      0.2           90.29       4      20   0.001331   0.02923       0.2084     0.1333         -0.009387    -0.03755           0.8444      0.6313          0.4265          0.1201        0.9327     0.5905        0.002835
      0.3           89.71       4      20   0.001266   0.03109       0.3092     0.2027           0.05999        0.24             1.06      0.4563          0.3636           2.363        0.5515      0.091           20.19
      0.4           89.12       4      20   0.001254   0.03321       0.4125     0.2728            0.1302      0.5207            1.354       0.271           0.311           47.59         0.166   0.002667       1.344e+05
      0.6           87.98       4      20   0.001057   0.03733       0.6175     0.4151            0.2726        1.09            2.164       0.059           0.225       1.809e+04      0.008667          0       3.496e+12

=== 15m P4|A|10
 edge_pct  trades_per_30d  mean_N  mean_L  liq_share  tp_share  drift_H_pct  gross_pct  net_notional_pct  eq_ret_pct  30d_median_mult  30d_p_loss  30d_mdd_median  1y_median_mult  1y_p_below50  1y_p_ruin  IS_median_mult
        0           119.8      20      50    0.08401    0.8485     0.004885    0.01435           -0.1205       -2.41          0.01729      0.9977          0.9869       6.596e-23             1          1        1.39e-65
    0.025           119.9      20      50    0.08248    0.8514      0.02941     0.0179           -0.1161      -2.323          0.01939       0.997          0.9855       2.988e-22             1          1       3.044e-63
     0.05             120      20      50    0.08091    0.8544      0.05517     0.0216           -0.1116      -2.232          0.02232      0.9963          0.9834       1.523e-21             1          1       1.095e-61
    0.075           120.1      20      50    0.07951    0.8572       0.0816    0.02504           -0.1074      -2.148          0.02523       0.996          0.9813       6.213e-21             1          1       1.336e-59
      0.1           120.3      20      50    0.07793    0.8603       0.1072     0.0288           -0.1028      -2.056           0.0281       0.994          0.9794       3.062e-20             1          1       1.277e-57
     0.15           120.5      20      50    0.07492    0.8664       0.1571    0.03617          -0.09383      -1.877          0.03649        0.99          0.9743       6.875e-19             1          1       1.099e-53
      0.2           120.7      20      50    0.07215    0.8721       0.2076    0.04284          -0.08568      -1.714          0.04645      0.9857           0.968       1.135e-17             1          1       1.447e-50
      0.3           121.1      20      50    0.06635    0.8837       0.3093    0.05682           -0.0686      -1.372          0.07591      0.9722          0.9503        4.74e-15             1          1       9.477e-43
      0.4           121.6      20      50    0.06019    0.8958       0.4126     0.0715          -0.05064      -1.013           0.1265      0.9415          0.9226       2.899e-12             1          1       1.306e-34
      0.6           122.5      20      50    0.04848    0.9191       0.6151    0.09966          -0.01622     -0.3245           0.3468      0.7963          0.8331       7.236e-07             1      0.998       5.751e-19

=== 15m P4|B|10
 edge_pct  trades_per_30d  mean_N  mean_L  liq_share  tp_share  drift_H_pct  gross_pct  net_notional_pct  eq_ret_pct  30d_median_mult  30d_p_loss  30d_mdd_median  1y_median_mult  1y_p_below50  1y_p_ruin  IS_median_mult
        0           125.2      20      50    0.01208    0.7977      0.00471    0.01428          -0.09187      -1.837          0.05944       0.998          0.9505       3.975e-16             1          1       2.213e-45
    0.025           125.2      20      50      0.012    0.8002      0.02922    0.01658           -0.0894      -1.788          0.06326      0.9975          0.9479       9.144e-16             1          1       2.266e-44
     0.05           125.2      20      50    0.01185     0.803      0.05477    0.01906          -0.08672      -1.734          0.06759      0.9972          0.9437        2.13e-15             1          1       1.568e-43
    0.075           125.3      20      50    0.01174    0.8054      0.08094    0.02134          -0.08426      -1.685           0.0737      0.9968          0.9388       5.021e-15             1          1       2.907e-42
      0.1           125.3      20      50    0.01156    0.8082       0.1065    0.02397          -0.08141      -1.628          0.07945      0.9953          0.9358       1.268e-14             1          1       6.335e-41
     0.15           125.4      20      50    0.01139    0.8138       0.1562    0.02904          -0.07599       -1.52          0.09223      0.9928          0.9262        7.82e-14             1          1       1.162e-38
      0.2           125.5      20      50    0.01109    0.8187       0.2064    0.03352          -0.07113      -1.423           0.1053       0.991          0.9166       3.909e-13             1          1       5.216e-37
      0.3           125.6      20      50    0.01058    0.8289       0.3081    0.04283          -0.06108      -1.222           0.1361       0.982          0.8946       1.098e-11             1          1       9.876e-33
      0.4           125.8      20      50   0.009971    0.8402       0.4112    0.05313          -0.04995      -0.999           0.1849       0.964          0.8634       5.218e-10             1          1       7.641e-28
      0.6           126.1      20      50   0.009115    0.8612       0.6132    0.07225          -0.02939     -0.5878            0.324      0.8932          0.7852       5.407e-07             1          1       4.941e-19

=== 15m P4|C|10
 edge_pct  trades_per_30d  mean_N  mean_L  liq_share  tp_share  drift_H_pct  gross_pct  net_notional_pct  eq_ret_pct  30d_median_mult  30d_p_loss  30d_mdd_median  1y_median_mult  1y_p_below50  1y_p_ruin  IS_median_mult
        0           124.4      20      50          0    0.7922     0.004951    0.01736          -0.08391      -1.678          0.08273       0.997          0.9291       4.582e-14             1          1       1.133e-39
    0.025           124.4      20      50          0     0.795      0.02951     0.0198          -0.08133      -1.627          0.08856      0.9965          0.9251       1.024e-13             1          1       1.217e-38
     0.05           124.5      20      50          0     0.798      0.05515    0.02239          -0.07859      -1.572          0.09521       0.996          0.9197       2.559e-13             1          1       1.606e-37
    0.075           124.5      20      50          0    0.8006      0.08132    0.02468          -0.07616      -1.523           0.1019      0.9955          0.9148       5.557e-13             1          1       1.954e-36
      0.1           124.6      20      50          0    0.8035        0.107    0.02723          -0.07346      -1.469            0.109      0.9943            0.91        1.38e-12             1          1       2.681e-35
     0.15           124.7      20      50          0    0.8093       0.1567    0.03223          -0.06817      -1.363           0.1278       0.991          0.8962       7.503e-12             1          1       3.907e-33
      0.2           124.8      20      50          0    0.8143       0.2073    0.03655          -0.06359      -1.272           0.1429       0.988          0.8847       3.403e-11             1          1       2.371e-31
      0.3             125      20      50          0    0.8251        0.309    0.04587          -0.05372      -1.074            0.187       0.976          0.8559       7.995e-10             1          1       2.178e-27
      0.4           125.2      20      50          0    0.8365       0.4126    0.05573          -0.04328     -0.8655           0.2438      0.9557          0.8167       2.466e-08             1          1       5.139e-23
      0.6           125.6      20      50          0    0.8583       0.6157    0.07466          -0.02324     -0.4647           0.4204      0.8557          0.7199       1.842e-05             1     0.9995       1.205e-14

=== 15m P4|B|100
 edge_pct  trades_per_30d  mean_N  mean_L  liq_share  tp_share  drift_H_pct  gross_pct  net_notional_pct  eq_ret_pct  30d_median_mult  30d_p_loss  30d_mdd_median  1y_median_mult  1y_p_below50  1y_p_ruin  IS_median_mult
        0            95.4      20      50    0.06151    0.1587     0.005874 -9.013e-05           -0.1617      -3.234         0.003731      0.9927          0.9977       3.009e-31             1          1       2.371e-89
    0.025           95.29      20      50    0.06094    0.1616      0.03111    0.01514           -0.1461      -2.922         0.005098      0.9895          0.9969        1.16e-29             1          1       1.158e-84
     0.05           95.18      20      50    0.06028    0.1643      0.05648    0.02974           -0.1311      -2.621         0.006763      0.9848           0.996       4.536e-28             1          1       1.004e-80
    0.075           95.06      20      50    0.05967    0.1671      0.08333    0.04488           -0.1155      -2.311         0.009243      0.9773          0.9949       1.587e-26             1          1       2.523e-76
      0.1           94.93      20      50    0.05903      0.17       0.1101     0.0606          -0.09941      -1.988          0.01263      0.9708          0.9934       6.964e-25             1          1       2.108e-71
     0.15           94.71      20      50    0.05795    0.1752       0.1601    0.08972          -0.06959      -1.392          0.02205      0.9513          0.9896       8.404e-22             1          1       2.521e-62
      0.2            94.5      20      50    0.05672    0.1806       0.2114     0.1193          -0.03926     -0.7851          0.04003      0.9207          0.9832       9.301e-19             1          1       1.673e-53
      0.3            94.1      20      50    0.05419    0.1919       0.3144     0.1793            0.0224       0.448           0.1223      0.8165          0.9627       1.552e-12             1          1       2.315e-35
      0.4           93.67      20      50    0.05175    0.2035       0.4206      0.241           0.08567       1.713           0.3832      0.6632          0.9276       3.662e-06        0.9915     0.9752       9.394e-17
      0.6           92.86      20      50    0.04742     0.226       0.6265     0.3607            0.2083       4.165            3.657        0.28          0.8192       5.376e+06        0.6528     0.3053       3.442e+19

=== 15m P5|A|10
 edge_pct  trades_per_30d  mean_N  mean_L  liq_share  tp_share  drift_H_pct  gross_pct  net_notional_pct  eq_ret_pct  30d_median_mult  30d_p_loss  30d_mdd_median  1y_median_mult  1y_p_below50  1y_p_ruin  IS_median_mult
        0           116.6   11.76   42.13    0.06952    0.8392     0.004145    0.01916           -0.1101      -1.331           0.1441      0.9865          0.8833       2.367e-11             1          1       1.883e-31
    0.025           116.7   11.76   42.14    0.06805    0.8426      0.02875    0.02403           -0.1045      -1.267           0.1558      0.9838          0.8745       6.574e-11             1          1       4.126e-30
     0.05           116.8   11.76   42.14    0.06654     0.846      0.05431     0.0291          -0.09856        -1.2           0.1714      0.9797          0.8647       1.936e-10             1          1       5.928e-29
    0.075             117   11.76   42.14    0.06516    0.8493      0.08082    0.03399           -0.0929      -1.136           0.1849      0.9757          0.8545       5.186e-10             1          1       1.442e-27
      0.1           117.1   11.76   42.14    0.06371    0.8529       0.1063    0.03917          -0.08691      -1.071           0.1996      0.9713          0.8451       1.443e-09             1          1       2.102e-26
     0.15           117.4   11.77   42.14    0.06079      0.86        0.156    0.04936          -0.07509     -0.9363           0.2354      0.9567          0.8218       1.216e-08             1          1       1.512e-23
      0.2           117.7   11.77   42.15    0.05813    0.8665       0.2061    0.05864          -0.06432     -0.8162           0.2761      0.9373          0.7973       7.886e-08             1          1       3.902e-21
      0.3           118.2   11.77   42.16    0.05274    0.8797       0.3075    0.07763          -0.04232     -0.5685           0.3822      0.8847          0.7356       3.992e-06             1          1       2.563e-16
      0.4           118.8   11.78   42.16      0.047    0.8935       0.4109    0.09783          -0.01892      -0.309           0.5395      0.7895          0.6666       0.0002617        0.9993     0.9912        2.83e-11
      0.6           119.9   11.78   42.17    0.03571    0.9201       0.6123     0.1369           0.02642      0.2003            1.056      0.4722          0.5025           1.103        0.7523     0.3448          0.8836

=== 15m P5|B|10
 edge_pct  trades_per_30d  mean_N  mean_L  liq_share  tp_share  drift_H_pct  gross_pct  net_notional_pct  eq_ret_pct  30d_median_mult  30d_p_loss  30d_mdd_median  1y_median_mult  1y_p_below50  1y_p_ruin  IS_median_mult
        0           123.6   11.82   42.23  0.0002241    0.7731     0.004446    0.01579          -0.08657      -1.059           0.2341      0.9943          0.7943       1.478e-08             1          1       1.163e-23
    0.025           123.7   11.82   42.23  0.0002164    0.7761      0.02901    0.01881           -0.0834      -1.023           0.2414      0.9928          0.7866       2.557e-08             1          1       6.638e-23
     0.05           123.7   11.82   42.24  0.0002125    0.7791      0.05439    0.02189          -0.08017     -0.9876           0.2538      0.9922          0.7776       4.584e-08             1          1       4.261e-22
    0.075           123.8   11.82   42.24  0.0002124    0.7819      0.08077    0.02498          -0.07693     -0.9539           0.2675      0.9915          0.7685       7.738e-08             1          1       1.609e-21
      0.1           123.8   11.82   42.24  0.0002123    0.7851       0.1065    0.02833          -0.07342     -0.9169           0.2798      0.9888          0.7596       1.366e-07             1          1       1.105e-20
     0.15           123.9   11.82   42.24   0.000216    0.7915       0.1559    0.03501          -0.06641     -0.8407            0.307       0.983          0.7355       4.482e-07             1          1       2.819e-19
      0.2             124   11.82   42.24  0.0002158    0.7971        0.206    0.04091          -0.06023     -0.7744           0.3346      0.9767          0.7163       1.241e-06             1          1        6.14e-18
      0.3           124.2   11.82   42.24  0.0002004    0.8086       0.3076    0.05298          -0.04756     -0.6357           0.3964      0.9538          0.6718       1.128e-05             1          1       3.427e-15
      0.4           124.4   11.82   42.24  0.0001963    0.8212       0.4107    0.06602          -0.03388      -0.487           0.4802      0.9133          0.6145       0.0001153             1          1       1.929e-12
      0.6           124.7   11.82   42.24  0.0001657     0.845       0.6117    0.09095         -0.007732     -0.2029           0.7013      0.7697          0.5014         0.01037        0.9953     0.9332       1.409e-06

=== 15m P5|C|10
 edge_pct  trades_per_30d  mean_N  mean_L  liq_share  tp_share  drift_H_pct  gross_pct  net_notional_pct  eq_ret_pct  30d_median_mult  30d_p_loss  30d_mdd_median  1y_median_mult  1y_p_below50  1y_p_ruin  IS_median_mult
        0           121.8   11.75   42.14          0    0.7925     0.005503     0.0166          -0.08481      -1.025           0.2432        0.99          0.7904       2.188e-08             1          1       4.328e-23
    0.025           121.9   11.75   42.14          0    0.7956      0.03007    0.01993          -0.08132     -0.9834           0.2562      0.9873          0.7784        4.19e-08             1          1       3.871e-22
     0.05           121.9   11.75   42.15          0    0.7987      0.05558    0.02331          -0.07778     -0.9418             0.27      0.9845          0.7679       8.133e-08             1          1       2.659e-21
    0.075             122   11.76   42.15          0    0.8018      0.08208    0.02684          -0.07409     -0.9004           0.2856      0.9827           0.759       1.531e-07             1          1       1.504e-20
      0.1           122.1   11.76   42.15          0    0.8052       0.1078    0.03053          -0.07023     -0.8571           0.2996      0.9795          0.7472       3.022e-07             1          1       1.151e-19
     0.15           122.2   11.76   42.15          0    0.8119       0.1572    0.03794          -0.06248     -0.7685           0.3365      0.9707          0.7207       1.184e-06             1          1       6.001e-18
      0.2           122.3   11.76   42.15          0    0.8179       0.2075    0.04444          -0.05566     -0.6903           0.3675      0.9595          0.6987         3.9e-06             1          1       2.962e-16
      0.3           122.6   11.76   42.16          0    0.8302       0.3092     0.0578          -0.04168     -0.5276           0.4548      0.9243          0.6422       5.037e-05             1          1       2.907e-13
      0.4           122.9   11.77   42.17          0    0.8433       0.4124    0.07217          -0.02664     -0.3559            0.565      0.8568           0.577       0.0007466        0.9998     0.9965       9.123e-10
      0.6           123.3   11.77   42.17          0    0.8682       0.6138    0.09963          0.002097    -0.02474           0.8666       0.613           0.444          0.1451        0.9083     0.5615        0.003153

=== 15m P5|B|100
 edge_pct  trades_per_30d  mean_N  mean_L  liq_share  tp_share  drift_H_pct  gross_pct  net_notional_pct  eq_ret_pct  30d_median_mult  30d_p_loss  30d_mdd_median  1y_median_mult  1y_p_below50  1y_p_ruin  IS_median_mult
        0           92.94   11.83    42.2   0.001359   0.09699     0.006762  -0.004857           -0.1439       -1.68           0.1148      0.9682          0.9172       3.727e-12             1          1       5.975e-34
    0.025           92.82   11.83    42.2    0.00135   0.09908      0.03183    0.01244           -0.1265      -1.506           0.1369       0.958          0.9049        2.72e-11             1          1       1.127e-31
     0.05            92.7   11.83    42.2   0.001347    0.1009      0.05653    0.02846           -0.1104      -1.341           0.1603      0.9445           0.892       1.744e-10             1          1       3.618e-29
    0.075           92.57   11.83    42.2   0.001344    0.1028      0.08243    0.04532          -0.09349      -1.171           0.1884      0.9267          0.8765       1.153e-09             1          1       6.402e-27
      0.1           92.42   11.83    42.2   0.001331    0.1049       0.1086    0.06304          -0.07567     -0.9955           0.2194      0.9077          0.8616       8.258e-09             1          1       2.077e-24
     0.15           92.17   11.83    42.2   0.001329    0.1085        0.158    0.09619          -0.04237      -0.666           0.2988      0.8605          0.8279       3.248e-07             1     0.9998       1.088e-19
      0.2           91.93   11.83    42.2   0.001313    0.1123       0.2082     0.1303         -0.008085     -0.3297           0.4037       0.785          0.7888       1.415e-05        0.9998      0.997       3.564e-15
      0.3           91.46   11.83    42.2   0.001247    0.1204       0.3096     0.1985           0.06051      0.3498           0.7535      0.5997          0.7071          0.0257        0.9583     0.8275       1.028e-05
      0.4           90.95   11.83   42.19   0.001229    0.1285       0.4138     0.2674            0.1297       1.039             1.38       0.387          0.6227           49.96         0.658     0.2613       9.867e+04
      0.6           89.99   11.83   42.19   0.001028    0.1446       0.6188      0.406            0.2691       2.414            4.568     0.09217          0.4786       1.189e+08        0.1455   0.002167       9.557e+22

=== 15m P5c|A|10
 edge_pct  trades_per_30d  mean_N  mean_L  liq_share  tp_share  drift_H_pct  gross_pct  net_notional_pct  eq_ret_pct  30d_median_mult  30d_p_loss  30d_mdd_median  1y_median_mult  1y_p_below50  1y_p_ruin  IS_median_mult
        0           116.6   8.427   42.13    0.06952    0.8392     0.004145    0.01916           -0.1101      -0.951           0.2736      0.9793            0.77       7.858e-08             1          1       4.147e-21
    0.025           116.7   8.632   42.14    0.06805    0.8426      0.02875    0.02403           -0.1045     -0.8797            0.297      0.9725          0.7532       2.227e-07             1          1         5.5e-20
     0.05           116.8   8.839   42.14    0.06654     0.846      0.05431     0.0291          -0.09856     -0.8078           0.3239      0.9612          0.7361       6.276e-07             1          1       1.124e-18
    0.075             117   9.037   42.14    0.06516    0.8493      0.08082    0.03399           -0.0929     -0.7393           0.3517      0.9505          0.7188       1.711e-06             1          1       2.044e-17
      0.1           117.1   9.237   42.14    0.06371    0.8529       0.1063    0.03917          -0.08691      -0.668           0.3786      0.9372           0.701        4.68e-06             1          1       3.167e-16
     0.15           117.4   9.642   42.14    0.06079      0.86        0.156    0.04936          -0.07509     -0.5234             0.45       0.889          0.6643       3.772e-05             1     0.9998        1.16e-13
      0.2           117.7   10.04   42.15    0.05813    0.8665       0.2061    0.05864          -0.06432     -0.3905           0.5258      0.8375          0.6231       0.0002499             1     0.9965       3.986e-11
      0.3           118.2   10.84   42.16    0.05274    0.8797       0.3075    0.07763          -0.04232      -0.117           0.7314        0.68          0.5504         0.01333        0.9847     0.8827       3.471e-06
      0.4           118.8   11.64   42.16      0.047    0.8935       0.4109    0.09783          -0.01892       0.168            1.035      0.4783          0.4829          0.8751        0.7588     0.3447           0.727
      0.6           119.9   13.26   42.17    0.03571    0.9201       0.6123     0.1369           0.02642      0.7246            2.066      0.1537          0.4014            3696        0.1527   0.003833       2.223e+10

=== 15m P5c|B|10
 edge_pct  trades_per_30d  mean_N  mean_L  liq_share  tp_share  drift_H_pct  gross_pct  net_notional_pct  eq_ret_pct  30d_median_mult  30d_p_loss  30d_mdd_median  1y_median_mult  1y_p_below50  1y_p_ruin  IS_median_mult
        0           123.6   8.447   42.23  0.0002241    0.7731     0.004446    0.01579          -0.08657     -0.7453           0.3666      0.9898          0.6686        4.05e-06             1          1       2.293e-16
    0.025           123.7   8.653   42.23  0.0002164    0.7761      0.02901    0.01881           -0.0834     -0.7113           0.3804      0.9862          0.6586       6.595e-06             1          1       1.105e-15
     0.05           123.7   8.858   42.24  0.0002125    0.7791      0.05439    0.02189          -0.08017     -0.6765           0.3957      0.9813          0.6481       1.102e-05             1          1        3.95e-15
    0.075           123.8   9.057   42.24  0.0002124    0.7819      0.08077    0.02498          -0.07693     -0.6439           0.4129      0.9767          0.6377       1.735e-05             1          1       1.164e-14
      0.1           123.8   9.258   42.24  0.0002123    0.7851       0.1065    0.02833          -0.07342     -0.6085           0.4295      0.9688           0.628       2.866e-05             1          1       6.472e-14
     0.15           123.9    9.66   42.24   0.000216    0.7915       0.1559    0.03501          -0.06641     -0.5342           0.4687      0.9473          0.6042       8.125e-05             1          1       1.078e-12
      0.2             124   10.06   42.24  0.0002158    0.7971        0.206    0.04091          -0.06023      -0.469           0.5086       0.921          0.5845       0.0002025             1     0.9998       2.594e-11
      0.3           124.2   10.86   42.24  0.0002004    0.8086       0.3076    0.05298          -0.04756     -0.3345           0.5908      0.8562          0.5443        0.001323             1     0.9968       4.471e-09
      0.4           124.4   11.66   42.24  0.0001963    0.8212       0.4107    0.06602          -0.03388     -0.1887           0.7044      0.7595          0.5022         0.01082        0.9975     0.9288       1.175e-06
      0.6           124.7   13.28   42.24  0.0001657     0.845       0.6117    0.09095         -0.007732     0.08473           0.9741        0.52          0.4462          0.5449        0.7867     0.3432          0.1871

=== 15m P5c|C|10
 edge_pct  trades_per_30d  mean_N  mean_L  liq_share  tp_share  drift_H_pct  gross_pct  net_notional_pct  eq_ret_pct  30d_median_mult  30d_p_loss  30d_mdd_median  1y_median_mult  1y_p_below50  1y_p_ruin  IS_median_mult
        0           121.8   8.429   42.14          0    0.7925     0.005503     0.0166          -0.08481     -0.7277           0.3789      0.9872          0.6612       5.646e-06             1          1       5.319e-16
    0.025           121.9   8.634   42.14          0    0.7956      0.03007    0.01993          -0.08132     -0.6865           0.3984        0.98          0.6492       1.034e-05             1          1       4.101e-15
     0.05           121.9   8.839   42.15          0    0.7987      0.05558    0.02331          -0.07778     -0.6448           0.4167      0.9742          0.6382       1.877e-05             1          1       2.044e-14
    0.075             122   9.038   42.15          0    0.8018      0.08208    0.02684          -0.07409      -0.604           0.4396      0.9678          0.6222       3.249e-05             1          1        1.08e-13
      0.1           122.1   9.238   42.15          0    0.8052       0.1078    0.03053          -0.07023     -0.5613           0.4623      0.9575          0.6086       6.017e-05             1          1       7.414e-13
     0.15           122.2   9.639   42.15          0    0.8119       0.1572    0.03794          -0.06248     -0.4719           0.5135      0.9235          0.5787       0.0002179             1          1       2.239e-11
      0.2           122.3   10.04   42.15          0    0.8179       0.2075    0.04444          -0.05566     -0.3922           0.5591      0.8865          0.5547         0.00068        0.9998     0.9992       4.691e-10
      0.3           122.6   10.84   42.16          0    0.8302       0.3092     0.0578          -0.04168     -0.2273           0.6767      0.7845          0.5021        0.007089         0.998     0.9597       4.819e-07
      0.4           122.9   11.64   42.17          0    0.8433       0.4124    0.07217          -0.02664    -0.05378           0.8321      0.6383          0.4542         0.08494         0.945     0.6597       0.0008147
      0.6           123.3   13.26   42.17          0    0.8682       0.6138    0.09963          0.002097      0.2772             1.25      0.3538           0.392           10.48        0.4032     0.0515             530

=== 15m P6|B|none
 edge_pct  trades_per_30d  mean_N  mean_L  liq_share  tp_share  drift_H_pct  gross_pct  net_notional_pct  eq_ret_pct  30d_median_mult  30d_p_loss  30d_mdd_median  1y_median_mult  1y_p_below50  1y_p_ruin  IS_median_mult
        0              91   1.127   9.993          0         0     0.006196   -0.01442            -0.158     -0.1694           0.8504      0.9098          0.1876          0.1409        0.9998     0.2107        0.003234
    0.025           90.83   1.127   9.993          0         0      0.03116   0.003255           -0.1403     -0.1528           0.8642      0.8868          0.1773          0.1704        0.9977      0.097        0.005982
     0.05           90.67   1.128   9.993          0         0      0.05563    0.01986           -0.1237     -0.1368           0.8765      0.8605          0.1691           0.204        0.9918    0.04167        0.009742
    0.075           90.51   1.128   9.993          0         0       0.0818    0.03775           -0.1058     -0.1202           0.8893      0.8297          0.1604          0.2447        0.9737    0.01367          0.0175
      0.1           90.32   1.128   9.993          0         0       0.1078     0.0559          -0.08771     -0.1032           0.9045      0.7958          0.1511           0.295        0.9323      0.004         0.02791
     0.15           90.01   1.128   9.993          0         0       0.1572    0.09046          -0.05318    -0.07079           0.9315      0.7252           0.136          0.4219        0.7498  0.0003333         0.08643
      0.2           89.71   1.128   9.993          0         0       0.2072     0.1256          -0.01812    -0.03809           0.9586      0.6357           0.122          0.6016        0.4253          0          0.2213
      0.3           89.11   1.129   9.993          0         0       0.3075     0.1951            0.0513     0.02732            1.017      0.4463         0.09936           1.232          0.03          0           1.908
      0.4           88.48   1.129   9.993          0         0       0.4097     0.2661            0.1222     0.09413            1.076       0.259         0.08113           2.494     0.0001667          0           15.98
      0.6           87.28    1.13   9.993          0         0       0.6131     0.4086            0.2646      0.2277            1.204       0.054         0.05621           10.16             0          0           874.9

=== 15m P6h|B|none
 edge_pct  trades_per_30d  mean_N  mean_L  liq_share  tp_share  drift_H_pct  gross_pct  net_notional_pct  eq_ret_pct  30d_median_mult  30d_p_loss  30d_mdd_median  1y_median_mult  1y_p_below50  1y_p_ruin  IS_median_mult
        0              91  0.5638   9.993          0         0     0.006196   -0.01442            -0.158    -0.08471           0.9236      0.9048         0.09775          0.3827        0.9223          0         0.06008
    0.025           90.83  0.5638   9.993          0         0      0.03116   0.003255           -0.1403    -0.07641           0.9311      0.8805         0.09218          0.4209        0.8388          0         0.08186
     0.05           90.67  0.5639   9.993          0         0      0.05563    0.01986           -0.1237    -0.06845           0.9375      0.8518         0.08775          0.4604        0.7073          0          0.1044
    0.075           90.51   0.564   9.993          0         0       0.0818    0.03775           -0.1058     -0.0601           0.9445      0.8208         0.08298          0.5044        0.5375          0          0.1399
      0.1           90.32   0.564   9.993          0         0       0.1078     0.0559          -0.08771    -0.05161           0.9525      0.7872         0.07789          0.5539        0.3488          0          0.1765
     0.15           90.01  0.5641   9.993          0         0       0.1572    0.09046          -0.05318    -0.03542           0.9667       0.715          0.0698          0.6625        0.1035          0          0.3126
      0.2           89.71  0.5643   9.993          0         0       0.2072     0.1256          -0.01812    -0.01907           0.9807      0.6262         0.06244          0.7918        0.0145          0          0.4977
      0.3           89.11  0.5645   9.993          0         0       0.3075     0.1951            0.0513     0.01364             1.01       0.435         0.05047           1.134             0          0           1.478
      0.4           88.48  0.5647   9.993          0         0       0.4097     0.2661            0.1222     0.04705            1.039      0.2495         0.04112           1.614             0          0           4.276
      0.6           87.28   0.565   9.993          0         0       0.6131     0.4086            0.2646      0.1138            1.099       0.052         0.02837           3.258             0          0           31.56

=== 15m P6|B|10
 edge_pct  trades_per_30d  mean_N  mean_L  liq_share  tp_share  drift_H_pct  gross_pct  net_notional_pct  eq_ret_pct  30d_median_mult  30d_p_loss  30d_mdd_median  1y_median_mult  1y_p_below50  1y_p_ruin  IS_median_mult
        0             102   1.105   9.991          0    0.3732     0.006401   0.006678           -0.1171     -0.1363           0.8674      0.9398          0.1612          0.1752        0.9998     0.0455        0.006206
    0.025             102   1.105   9.991          0     0.378      0.03212    0.01786           -0.1057     -0.1245           0.8781      0.9232          0.1527          0.2029        0.9992    0.01317        0.009784
     0.05           101.9   1.105   9.991          0    0.3827      0.05764     0.0287          -0.09464     -0.1128           0.8898      0.9013          0.1457          0.2355        0.9945   0.003833         0.01457
    0.075           101.9   1.104   9.991          0    0.3877      0.08458    0.03999           -0.0831     -0.1007           0.9001      0.8722           0.138          0.2727        0.9792   0.001667         0.02358
      0.1           101.9   1.104   9.991          0    0.3928       0.1109    0.05188          -0.07096     -0.0884            0.911      0.8447          0.1303          0.3194        0.9408  0.0003333         0.03487
     0.15           101.8   1.104   9.991          0    0.4027       0.1606    0.07486          -0.04748    -0.06434           0.9337      0.7708           0.117          0.4291        0.7502          0         0.08556
      0.2           101.7   1.104   9.991          0    0.4123       0.2116    0.09702          -0.02485    -0.04069           0.9567      0.6848          0.1044          0.5738        0.4115          0          0.1955
      0.3           101.6   1.103   9.991          0    0.4317       0.3155     0.1423           0.02135    0.006949            1.004       0.481         0.08353           1.035       0.01717          0           1.108
      0.4           101.4   1.103   9.991          0    0.4514       0.4213      0.188            0.0681     0.05544            1.053      0.2773         0.06777           1.893             0          0           6.089
      0.6           101.2   1.101   9.991          0    0.4909        0.627     0.2792            0.1612      0.1514            1.159     0.04317         0.04789           6.186             0          0           196.9

=== 1h P0|A|10
 edge_pct  trades_per_30d  mean_N  mean_L  liq_share  tp_share  drift_H_pct  gross_pct  net_notional_pct  eq_ret_pct  30d_median_mult  30d_p_loss  30d_mdd_median  1y_median_mult  1y_p_below50  1y_p_ruin  IS_median_mult
        0           23.39       1       1  4.014e-05   0.02712     0.001951    0.02095           -0.1375     -0.1375           0.9583      0.6052          0.1448          0.5749        0.5385    0.01633          0.1832
    0.025           23.39       1       1  4.014e-05   0.02739      0.02298    0.04238           -0.1161     -0.1161           0.9629      0.5953          0.1424           0.612        0.4973    0.01517          0.2123
     0.05           23.39       1       1  4.014e-05   0.02769      0.05073    0.07008          -0.08833    -0.08833           0.9697      0.5793          0.1388          0.6563        0.4482    0.01467          0.2567
    0.075            23.4       1       1  4.013e-05   0.02797      0.07622    0.09518          -0.06321    -0.06321           0.9758      0.5663          0.1359          0.7074        0.4085    0.01317          0.3369
      0.1            23.4       1       1  4.013e-05   0.02821       0.1017     0.1207          -0.03765    -0.03765            0.981      0.5522           0.133          0.7617        0.3718     0.0125          0.3691
     0.15            23.4       1       1  4.013e-05   0.02871       0.1526     0.1712           0.01281     0.01281            0.991       0.524          0.1292          0.8854        0.2992      0.012          0.5854
      0.2            23.4       1       1  4.012e-05   0.02939       0.2087     0.2275           0.06917     0.06917            1.004      0.4903           0.125           1.038         0.225      0.012           1.037
      0.3           23.41       1       1  4.011e-05    0.0305       0.3123     0.3302             0.172       0.172            1.026      0.4367          0.1166           1.402         0.126    0.01167           2.221
      0.4           23.42       1       1  4.009e-05   0.03181        0.419     0.4361             0.278       0.278            1.049      0.3798          0.1085           1.891        0.0655    0.01167           6.134
      0.6           23.43       1       1  4.008e-05   0.03351       0.6123       0.63            0.4719      0.4719              1.1      0.2775         0.09425           3.298         0.022     0.0115           27.69
      0.8           23.44       1       1  4.006e-05   0.03548       0.8056     0.8237            0.6657      0.6657            1.148      0.1892         0.08223           5.715         0.014     0.0115           153.5
        1           23.44       1       1  4.005e-05   0.03749        1.009      1.026            0.8679      0.8679            1.202      0.1168         0.07269            10.2        0.0125     0.0115           648.4
     1.25           23.45       1       1  2.002e-05   0.03987        1.266      1.281             1.123       1.123            1.269     0.05383         0.06065           21.08        0.0065   0.005667            7556
      1.5           23.47       1       1          0   0.04271        1.521      1.534             1.377       1.377            1.345     0.02367         0.04856           43.23     0.0006667          0       5.811e+04

=== 1h P0|B|10
 edge_pct  trades_per_30d  mean_N  mean_L  liq_share  tp_share  drift_H_pct  gross_pct  net_notional_pct  eq_ret_pct  30d_median_mult  30d_p_loss  30d_mdd_median  1y_median_mult  1y_p_below50  1y_p_ruin  IS_median_mult
        0           27.73       1       1          0   0.02417     0.002832   -0.01098           -0.1635     -0.1635           0.9448      0.6668          0.1363          0.5053        0.6135      0.001          0.1458
    0.025           27.71       1       1          0   0.02438      0.02349   0.004023           -0.1485     -0.1485           0.9482      0.6577          0.1343          0.5283         0.576     0.0005          0.1668
     0.05           27.68       1       1          0   0.02468      0.05072    0.02339           -0.1292     -0.1292           0.9543      0.6408          0.1315          0.5618        0.5268  0.0001667             0.2
    0.075           27.65       1       1          0   0.02494      0.07375     0.0407           -0.1119     -0.1119           0.9589      0.6273          0.1297          0.5963          0.48  0.0001667          0.2315
      0.1           27.62       1       1          0   0.02517      0.09909    0.05901           -0.0936     -0.0936           0.9638      0.6115          0.1274          0.6385         0.431  0.0001667          0.2844
     0.15           27.56       1       1          0   0.02567       0.1503    0.09456          -0.05809    -0.05809           0.9713      0.5867          0.1236          0.7153        0.3428  0.0001667          0.3783
      0.2            27.5       1       1          0   0.02624       0.2073     0.1337          -0.01897    -0.01897           0.9816      0.5558          0.1194          0.8202        0.2557          0           0.529
      0.3           27.39       1       1          0   0.02728       0.3088      0.202            0.0492      0.0492           0.9988      0.5038          0.1132           1.025        0.1373          0           1.134
      0.4           27.28       1       1          0   0.02855       0.4143     0.2768            0.1239      0.1239            1.017      0.4533          0.1067           1.311        0.0575          0           2.219
      0.6           27.05       1       1          0   0.03007       0.6105     0.4096            0.2566      0.2566            1.052      0.3527         0.09413           2.013      0.008833          0           7.281
      0.8           26.86       1       1          0   0.03214       0.8067     0.5498            0.3966      0.3966            1.092      0.2563         0.08362           3.166     0.0008333          0           26.93
        1           26.62       1       1          0   0.03393        1.014     0.6915            0.5382      0.5382             1.13      0.1758          0.0743           4.954     0.0003333          0           96.39
     1.25           26.35       1       1          0   0.03622        1.273     0.8658            0.7122      0.7122            1.181       0.101         0.06393           8.516             0          0           482.3
      1.5           26.08       1       1          0   0.03853        1.534      1.041            0.8871      0.8871            1.231     0.04983         0.05577           14.43             0          0            2448

=== 1h P1|B|10
 edge_pct  trades_per_30d  mean_N  mean_L  liq_share  tp_share  drift_H_pct  gross_pct  net_notional_pct  eq_ret_pct  30d_median_mult  30d_p_loss  30d_mdd_median  1y_median_mult  1y_p_below50  1y_p_ruin  IS_median_mult
        0           31.98    1.25       5          0    0.3942    -0.004955     0.0212           -0.1085     -0.1357           0.9549      0.6472           0.134            0.53        0.5673  0.0001667           0.153
    0.025           31.97    1.25       5          0    0.3965      0.01634    0.03097          -0.09865     -0.1233           0.9583      0.6373          0.1323          0.5547         0.532  0.0001667          0.1798
     0.05           31.97    1.25       5          0    0.3999      0.04456    0.04497          -0.08449     -0.1056           0.9633      0.6227          0.1309          0.5921        0.4718          0          0.2152
    0.075           31.96    1.25       5          0    0.4026      0.06835    0.05676          -0.07258    -0.09072            0.968      0.6073          0.1287           0.631        0.4247          0          0.2537
      0.1           31.96    1.25       5          0    0.4051       0.0936    0.06767          -0.06154    -0.07693           0.9724      0.5922          0.1268          0.6631        0.3833          0          0.3014
     0.15           31.95    1.25       5          0    0.4102       0.1477    0.09075          -0.03822    -0.04777           0.9797      0.5648          0.1226          0.7467        0.3058          0          0.3885
      0.2           31.93    1.25       5          0    0.4151       0.2051     0.1131          -0.01563    -0.01954            0.989       0.534          0.1195          0.8374        0.2287          0          0.5691
      0.3           31.91    1.25       5          0    0.4251       0.3162     0.1582           0.02999     0.03749            1.006      0.4785          0.1136           1.043        0.1147          0           1.004
      0.4           31.88    1.25       5          0    0.4358       0.4247     0.2056           0.07785     0.09732            1.024      0.4212          0.1076           1.308        0.0425          0           2.144
      0.6           31.83    1.25       5          0    0.4558       0.6259     0.2935            0.1667      0.2084             1.06      0.3257         0.09596           2.028      0.007167          0           8.128
      0.8           31.79    1.25       5          0     0.475       0.8206     0.3785            0.2527      0.3158            1.097      0.2365         0.08567           3.078        0.0005          0           25.48
        1           31.73    1.25       5          0    0.4956        1.029     0.4705            0.3456       0.432             1.14      0.1558         0.07795           4.818             0          0              98
     1.25           31.68    1.25       5          0    0.5202        1.293     0.5798            0.4561      0.5702            1.189     0.08483         0.06912           8.101             0          0           430.6
      1.5           31.63    1.25       5          0    0.5461        1.559     0.6946            0.5722      0.7152            1.241        0.04         0.06211           14.32             0          0            2357

=== 1h P2|B|10
 edge_pct  trades_per_30d  mean_N  mean_L  liq_share  tp_share  drift_H_pct  gross_pct  net_notional_pct  eq_ret_pct  30d_median_mult  30d_p_loss  30d_mdd_median  1y_median_mult  1y_p_below50  1y_p_ruin  IS_median_mult
        0            36.1     2.5      10  0.0002081    0.6079     -0.01598    0.03291          -0.08301     -0.2075           0.9168      0.6695           0.208          0.3117        0.8517    0.08067         0.03323
    0.025            36.1     2.5      10  0.0002081    0.6101      0.00496    0.03884          -0.07697     -0.1924           0.9209      0.6595          0.2064          0.3338        0.8327     0.0665          0.0427
     0.05           36.11     2.5      10   0.000208    0.6128      0.03142    0.04641          -0.06925     -0.1731           0.9256      0.6467          0.2029           0.364        0.7952    0.05417         0.05094
    0.075           36.12     2.5      10   0.000208    0.6156      0.05518    0.05386          -0.06166     -0.1542           0.9326       0.631          0.1994          0.3975         0.764    0.04533         0.06162
      0.1           36.12     2.5      10   0.000208    0.6177      0.07992    0.05932           -0.0561     -0.1402           0.9385      0.6173          0.1977          0.4237        0.7383    0.03583         0.07593
     0.15           36.13     2.5      10  0.0002079    0.6224       0.1321    0.07216          -0.04301     -0.1075           0.9498      0.5975          0.1947          0.4865        0.6748     0.0225          0.1169
      0.2           36.13     2.5      10  0.0002079    0.6271       0.1891    0.08495          -0.02999    -0.07497           0.9614      0.5788          0.1904          0.5642        0.6023     0.0135          0.1712
      0.3           36.15     2.5      10  0.0002078    0.6361       0.2988     0.1093         -0.005148    -0.01287           0.9825      0.5372          0.1824          0.7481         0.464   0.004667          0.3835
      0.4           36.16     2.5      10  0.0001947    0.6454       0.4074     0.1339           0.01992     0.04981            1.005      0.4918          0.1738          0.9901        0.3322   0.002167          0.7607
      0.6           36.19     2.5      10  0.0001946    0.6638       0.6111     0.1828           0.06973      0.1743            1.051      0.4008          0.1589           1.725         0.128          0           5.027
      0.8           36.23     2.5      10  0.0001555    0.6813       0.8092     0.2302            0.1181      0.2952              1.1      0.3135          0.1475           2.957       0.04033          0           18.95
        1           36.26     2.5      10  0.0001554    0.6995        1.016     0.2797            0.1685      0.4213            1.152      0.2355           0.134           5.172       0.01083          0           122.9
     1.25           36.32     2.5      10  0.0001422    0.7215        1.274      0.339             0.229      0.5724            1.217       0.151           0.119            10.3      0.002167          0           854.2
      1.5           36.36     2.5      10   0.000142    0.7439        1.538     0.3994            0.2905      0.7263            1.286     0.09133          0.1078           20.52     0.0003333          0            6886

=== 1h P2|C|10
 edge_pct  trades_per_30d  mean_N  mean_L  liq_share  tp_share  drift_H_pct  gross_pct  net_notional_pct  eq_ret_pct  30d_median_mult  30d_p_loss  30d_mdd_median  1y_median_mult  1y_p_below50  1y_p_ruin  IS_median_mult
        0            32.2     2.5      10          0    0.6852     -0.01671    0.03448          -0.08055     -0.2014           0.9158      0.6317          0.2471           0.308        0.8412     0.1588          0.0311
    0.025           32.23     2.5      10          0    0.6877     0.004493    0.04381          -0.07107     -0.1777            0.923      0.6213          0.2442          0.3379        0.8162     0.1363         0.04359
     0.05           32.27     2.5      10          0    0.6907      0.03091    0.05466          -0.06004     -0.1501           0.9317      0.6067          0.2401          0.3788        0.7805     0.1157         0.05207
    0.075           32.31     2.5      10          0    0.6939      0.05667    0.06669          -0.04782     -0.1195           0.9481      0.5905          0.2353           0.427         0.747    0.09283         0.07766
      0.1           32.32     2.5      10          0    0.6964      0.08082    0.07574          -0.03862    -0.09656           0.9555      0.5798           0.232          0.4702        0.7132    0.07767          0.1043
     0.15           32.39     2.5      10          0    0.7017       0.1334     0.0953          -0.01874    -0.04686           0.9696      0.5538          0.2286          0.5767         0.636    0.04667          0.1888
      0.2           32.45     2.5      10          0    0.7074       0.1908     0.1164          0.002699    0.006747           0.9844      0.5255          0.2228          0.7185        0.5537     0.0275          0.3152
      0.3           32.55     2.5      10          0    0.7186       0.3016     0.1563           0.04325      0.1081            1.019       0.471          0.2124            1.08        0.3862   0.008833           1.213
      0.4           32.66     2.5      10          0    0.7292       0.4088     0.1953           0.08288      0.2072            1.056      0.4157          0.2012           1.626        0.2505   0.002667           3.345
      0.6           32.89     2.5      10          0    0.7504       0.6136     0.2712              0.16      0.4001            1.124      0.3208          0.1785           3.616       0.08483          0           39.78
      0.8           33.11     2.5      10          0    0.7715       0.8115     0.3483            0.2384       0.596            1.197      0.2253          0.1594           8.174       0.02067          0             382
        1           33.35     2.5      10          0    0.7932        1.015     0.4273            0.3186      0.7966            1.289      0.1457          0.1395           19.49      0.003333          0            4404
     1.25           33.64     2.5      10          0     0.819        1.273     0.5216            0.4145       1.036            1.406       0.072          0.1227            54.2        0.0005          0       1.045e+05
      1.5           33.94     2.5      10          0    0.8452        1.535     0.6184            0.5128       1.282            1.532      0.0285          0.1225           161.8             0          0       2.301e+06

=== 1h P3|A|10
 edge_pct  trades_per_30d  mean_N  mean_L  liq_share  tp_share  drift_H_pct  gross_pct  net_notional_pct  eq_ret_pct  30d_median_mult  30d_p_loss  30d_mdd_median  1y_median_mult  1y_p_below50  1y_p_ruin  IS_median_mult
        0           36.81       4      20    0.05762    0.8365     -0.02186    0.02487           -0.1038     -0.4153           0.8304      0.7132          0.3434          0.0739        0.9775     0.6733       0.0004064
    0.025           36.84       4      20    0.05709    0.8379    -0.000574    0.02926          -0.09913     -0.3965           0.8363      0.7065          0.3386         0.08113        0.9748     0.6445       0.0006733
     0.05           36.86       4      20    0.05643    0.8396      0.02589     0.0346           -0.0934     -0.3736           0.8433      0.6958          0.3334         0.09138        0.9712     0.6148       0.0007964
    0.075            36.9       4      20    0.05585    0.8415      0.05049    0.04016          -0.08747     -0.3499            0.852      0.6847          0.3301          0.1018        0.9647     0.5773        0.001076
      0.1           36.92       4      20    0.05527    0.8431      0.07521    0.04537          -0.08191     -0.3276           0.8607       0.675          0.3253           0.114        0.9582     0.5413        0.001327
     0.15           36.99       4      20    0.05401    0.8468       0.1294    0.05605          -0.07047     -0.2819           0.8758      0.6567          0.3202          0.1415         0.939     0.4718        0.002442
      0.2           37.05       4      20    0.05282    0.8504        0.185    0.06688          -0.05891     -0.2356           0.8904      0.6337          0.3115          0.1758         0.914     0.4062        0.004529
      0.3           37.14       4      20    0.05049    0.8571       0.2973    0.08662          -0.03776      -0.151           0.9231      0.5963          0.2968          0.2659         0.854     0.2883         0.01276
      0.4           37.26       4      20    0.04832    0.8634       0.4058     0.1058          -0.01726    -0.06906           0.9536      0.5572          0.2821          0.3839        0.7755     0.1843          0.0435
      0.6            37.5       4      20    0.04391    0.8771         0.61     0.1464           0.02604      0.1042            1.026        0.47          0.2536          0.8999        0.5545    0.06033          0.5259
      0.8           37.73       4      20    0.03973    0.8905       0.8083     0.1848           0.06712      0.2685            1.094      0.3922          0.2254           1.996        0.3237    0.01183           6.095
        1           37.98       4      20    0.03523    0.9043        1.013     0.2258            0.1109      0.4435            1.166      0.2987          0.2035           4.877        0.1398      0.001           77.17
     1.25           38.27       4      20    0.03026    0.9205        1.268     0.2727            0.1609      0.6435            1.274      0.2102          0.2032           13.41         0.045          0            1875
      1.5           38.57       4      20    0.02495     0.937        1.529     0.3213            0.2128      0.8511            1.391      0.1257          0.2029           39.15       0.01167          0       4.744e+04

=== 1h P3|B|10
 edge_pct  trades_per_30d  mean_N  mean_L  liq_share  tp_share  drift_H_pct  gross_pct  net_notional_pct  eq_ret_pct  30d_median_mult  30d_p_loss  30d_mdd_median  1y_median_mult  1y_p_below50  1y_p_ruin  IS_median_mult
        0           39.98       4      20   0.002196    0.7645     -0.01858    0.02912           -0.0774     -0.3096           0.8717      0.7263          0.2572          0.1566        0.9617     0.3585        0.004503
    0.025           39.99       4      20   0.002207    0.7659     0.002303    0.03179          -0.07466     -0.2986           0.8749      0.7212          0.2548          0.1644        0.9548     0.3362          0.0061
     0.05              40       4      20   0.002183    0.7676      0.02888    0.03532          -0.07103     -0.2841           0.8799      0.7117          0.2514          0.1769         0.947     0.3103        0.007114
    0.075           40.01       4      20   0.002159    0.7694       0.0526     0.0388          -0.06744     -0.2698           0.8863      0.7037          0.2487          0.1908        0.9373     0.2847        0.008144
      0.1           40.01       4      20   0.002159    0.7708      0.07686    0.04164          -0.06452     -0.2581           0.8916      0.6967          0.2472          0.2009        0.9292     0.2597         0.01001
     0.15           40.03       4      20   0.002123    0.7739       0.1297    0.04815          -0.05784     -0.2314           0.9009      0.6795           0.242          0.2298        0.9043      0.215         0.01468
      0.2           40.03       4      20   0.002088    0.7769       0.1856    0.05403          -0.05179     -0.2072            0.908      0.6627          0.2386          0.2587        0.8797     0.1768         0.02235
      0.3           40.06       4      20   0.002028    0.7829       0.2953    0.06631          -0.03916     -0.1567           0.9237       0.635          0.2305          0.3388        0.8173     0.1133         0.03751
      0.4           40.09       4      20   0.002026    0.7888       0.4051    0.07786          -0.02731     -0.1092            0.942       0.603          0.2238           0.429        0.7343    0.06867         0.08198
      0.6           40.14       4      20   0.001918    0.8008       0.6077      0.102         -0.002524    -0.01009           0.9849      0.5305           0.208          0.6989        0.5325    0.02167           0.335
      0.8           40.22       4      20   0.001879    0.8122       0.8064     0.1246           0.02074     0.08296            1.023      0.4583          0.1952           1.106        0.3452   0.003333           1.154
        1           40.27       4      20   0.001807    0.8238        1.012     0.1477           0.04448      0.1779            1.061      0.3905          0.1815           1.787        0.1778  0.0006667           4.465
     1.25           40.34       4      20   0.001653    0.8375        1.266      0.175           0.07261      0.2904             1.11      0.3198          0.1661           3.148       0.06917  0.0001667           31.57
      1.5           40.42       4      20   0.001545    0.8521         1.53     0.2039            0.1023      0.4094            1.168      0.2392          0.1514           5.814       0.01967          0             174

=== 1h P3|C|10
 edge_pct  trades_per_30d  mean_N  mean_L  liq_share  tp_share  drift_H_pct  gross_pct  net_notional_pct  eq_ret_pct  30d_median_mult  30d_p_loss  30d_mdd_median  1y_median_mult  1y_p_below50  1y_p_ruin  IS_median_mult
        0           38.55       4      20          0    0.7979     -0.02038    0.02521          -0.07954     -0.3181           0.8672      0.7172          0.2729          0.1501        0.9603      0.394        0.004009
    0.025           38.56       4      20          0    0.7992    0.0006429    0.02824          -0.07643     -0.3057           0.8698       0.711          0.2707          0.1595        0.9557      0.369        0.004749
     0.05           38.58       4      20          0    0.8009      0.02782    0.03256          -0.07202     -0.2881           0.8732      0.7005          0.2666          0.1734         0.947     0.3307         0.00683
    0.075            38.6       4      20          0    0.8027      0.05189    0.03698          -0.06749       -0.27           0.8795      0.6913          0.2636          0.1884        0.9363     0.2975        0.008699
      0.1            38.6       4      20          0    0.8043      0.07632    0.04089           -0.0635      -0.254           0.8862      0.6853           0.261          0.2034         0.924     0.2692         0.01002
     0.15           38.64       4      20          0    0.8079       0.1296    0.04913          -0.05506     -0.2202           0.8995      0.6657          0.2531          0.2416        0.8987     0.2113         0.01433
      0.2           38.67       4      20          0    0.8112       0.1859    0.05638          -0.04762     -0.1905           0.9121      0.6485          0.2496          0.2771        0.8658     0.1695         0.02658
      0.3           38.72       4      20          0    0.8177       0.2965    0.07168          -0.03196     -0.1278           0.9311      0.6098          0.2393          0.3797        0.7785    0.09733         0.06603
      0.4            38.8       4      20          0    0.8239       0.4071    0.08654          -0.01675    -0.06699           0.9568      0.5742          0.2302           0.508        0.6723     0.0505          0.1604
      0.6           38.93       4      20          0    0.8371       0.6113     0.1171           0.01459     0.05836            1.008      0.4903          0.2112          0.9391        0.4353    0.01067          0.8694
      0.8           39.07       4      20          0    0.8494       0.8112     0.1452           0.04337      0.1735            1.052      0.4145          0.1891           1.659        0.2248   0.001667           5.006
        1           39.21       4      20          0    0.8624        1.017     0.1758           0.07473      0.2989            1.107      0.3298          0.1792            3.11         0.082  0.0001667           28.57
     1.25           39.36       4      20          0    0.8776        1.272     0.2114            0.1111      0.4443            1.178      0.2398          0.1636            6.39       0.01933          0           240.1
      1.5           39.54       4      20          0    0.8937        1.535     0.2487            0.1494      0.5974            1.258      0.1557          0.1424           13.84      0.003667          0            2978

=== 1h P3|B|30
 edge_pct  trades_per_30d  mean_N  mean_L  liq_share  tp_share  drift_H_pct  gross_pct  net_notional_pct  eq_ret_pct  30d_median_mult  30d_p_loss  30d_mdd_median  1y_median_mult  1y_p_below50  1y_p_ruin  IS_median_mult
        0           33.65       4      20   0.007158    0.4872     -0.01052    0.02733          -0.09944     -0.3977           0.8225      0.7017           0.365         0.07625          0.97      0.669       0.0005332
    0.025           33.64       4      20   0.007159    0.4895      0.01021    0.03493          -0.09173     -0.3669             0.83       0.693          0.3616         0.08696        0.9642     0.6338       0.0006707
     0.05           33.65       4      20   0.007102    0.4926      0.03777    0.04602          -0.08045     -0.3218           0.8405      0.6783          0.3564          0.1052         0.951     0.5805        0.001481
    0.075           33.65       4      20   0.007032    0.4955      0.06131    0.05575          -0.07055     -0.2822           0.8541      0.6652          0.3522           0.125        0.9387     0.5353        0.002337
      0.1           33.65       4      20   0.007004     0.498      0.08628    0.06434          -0.06183     -0.2473           0.8657      0.6507          0.3485          0.1441        0.9262      0.495         0.00389
     0.15           33.64       4      20   0.006908    0.5032       0.1401    0.08294          -0.04292     -0.1717           0.8893      0.6285          0.3391          0.2018        0.8962     0.4092         0.01056
      0.2           33.64       4      20   0.006825    0.5084       0.1973      0.101          -0.02458    -0.09834           0.9095      0.5993          0.3311          0.2712        0.8525     0.3257         0.02242
      0.3           33.64       4      20   0.006671    0.5187       0.3084     0.1374           0.01241     0.04963            0.954      0.5497          0.3184          0.5085        0.7355     0.1852          0.1414
      0.4           33.63       4      20   0.006561    0.5293       0.4166     0.1744           0.05003      0.2001            1.007      0.4923          0.3027          0.9404        0.6038    0.08883          0.9539
      0.6           33.62       4      20   0.006214    0.5493         0.62     0.2441            0.1208      0.4832            1.102       0.395          0.2782           3.052          0.34    0.01667           26.77
      0.8           33.63       4      20   0.005947    0.5683        0.816     0.3108            0.1886      0.7545            1.216      0.3015          0.2528           9.409        0.1577   0.003167           685.7
        1           33.61       4      20   0.005629    0.5891        1.026     0.3835            0.2624        1.05            1.344      0.2173          0.2299           32.02       0.05683          0       3.028e+04
     1.25           33.62       4      20   0.005223    0.6144        1.285     0.4701            0.3505       1.402            1.513       0.131          0.2068           139.3       0.01817          0       1.783e+06
      1.5           33.62       4      20   0.004859    0.6406        1.552     0.5611             0.443       1.772            1.708      0.0735          0.1901           650.9      0.005833          0       1.945e+08

=== 1h P3|B|100
 edge_pct  trades_per_30d  mean_N  mean_L  liq_share  tp_share  drift_H_pct  gross_pct  net_notional_pct  eq_ret_pct  30d_median_mult  30d_p_loss  30d_mdd_median  1y_median_mult  1y_p_below50  1y_p_ruin  IS_median_mult
        0           28.54       4      20    0.01426    0.1187     0.001323    0.01008           -0.1429     -0.5717           0.7488      0.7257          0.4517         0.02694        0.9843     0.8503       1.615e-05
    0.025           28.52       4      20    0.01422    0.1195      0.02198    0.02435           -0.1286     -0.5145           0.7609      0.7137          0.4468         0.03274        0.9818     0.8245       2.868e-05
     0.05            28.5       4      20    0.01413    0.1208      0.04871    0.04326           -0.1096     -0.4385           0.7803      0.6967          0.4413         0.04165        0.9748     0.7865       6.233e-05
    0.075           28.47       4      20    0.01402    0.1219      0.07235    0.05996          -0.09286     -0.3714           0.7962      0.6817          0.4335          0.0528         0.968     0.7478       0.0001433
      0.1           28.45       4      20    0.01394    0.1229      0.09778    0.07586           -0.0769     -0.3076           0.8123      0.6687          0.4253          0.0658        0.9578      0.708       0.0002572
     0.15           28.39       4      20    0.01377    0.1249       0.1489     0.1088          -0.04386     -0.1754           0.8416      0.6407          0.4169          0.1027        0.9325     0.6142       0.0008669
      0.2           28.35       4      20    0.01357    0.1273       0.2059     0.1443         -0.008212    -0.03285           0.8744      0.6108          0.4063          0.1682        0.8975      0.515        0.003794
      0.3           28.27       4      20    0.01334    0.1315       0.3103     0.2077            0.0554      0.2216           0.9325      0.5547           0.387          0.4093        0.8017      0.338         0.04132
      0.4           28.18       4      20    0.01295    0.1363       0.4174     0.2765            0.1245       0.498            1.005      0.4975          0.3699           1.045         0.667     0.1835          0.7967
      0.6              28       4      20    0.01239    0.1445       0.6177     0.4031            0.2516       1.006            1.146      0.3885          0.3337            5.67        0.3933       0.04           143.8
      0.8           27.84       4      20    0.01182    0.1531       0.8135     0.5318            0.3807       1.523            1.317      0.2868          0.3016           32.13        0.1915   0.004667       2.009e+04
        1           27.64       4      20    0.01134    0.1621        1.026     0.6666             0.516       2.064            1.513      0.2002          0.2729           183.1        0.0785     0.0005       2.641e+06
     1.25           27.43       4      20    0.01039    0.1723        1.285     0.8253            0.6753       2.701            1.779      0.1143          0.2405            1453       0.02917          0       1.134e+09
      1.5           27.22       4      20   0.009555    0.1843        1.551     0.9923             0.843       3.372            2.103      0.0595          0.2125       1.208e+04       0.01133          0        8.07e+11

=== 1h P4|A|10
 edge_pct  trades_per_30d  mean_N  mean_L  liq_share  tp_share  drift_H_pct  gross_pct  net_notional_pct  eq_ret_pct  30d_median_mult  30d_p_loss  30d_mdd_median  1y_median_mult  1y_p_below50  1y_p_ruin  IS_median_mult
        0           43.03      20      50     0.0978    0.8953      -0.0174    0.02921           -0.1103      -2.206           0.2536      0.9253          0.8174       1.906e-08             1          1       9.327e-24
    0.025           43.04      20      50    0.09711    0.8961     0.004575    0.03046           -0.1087      -2.174           0.2549      0.9233          0.8157       2.396e-08             1          1       4.599e-23
     0.05           43.04      20      50     0.0965    0.8967      0.03092    0.03154           -0.1073      -2.146           0.2587       0.922          0.8122       2.896e-08             1          1       5.194e-23
    0.075           43.05      20      50    0.09582    0.8975      0.05404    0.03278           -0.1057      -2.115           0.2599      0.9202          0.8088       3.493e-08             1          1       6.975e-23
      0.1           43.06      20      50    0.09525    0.8982      0.07767    0.03386           -0.1044      -2.088           0.2642      0.9178          0.8067       4.216e-08             1          1       1.128e-22
     0.15           43.07      20      50    0.09402    0.8997        0.129    0.03609           -0.1015      -2.031           0.2693      0.9153          0.8025           6e-08             1          1       3.918e-22
      0.2           43.08      20      50    0.09288     0.901       0.1838    0.03812          -0.09896      -1.979           0.2751       0.911          0.7967       8.147e-08             1          1       1.085e-21
      0.3            43.1      20      50    0.09062    0.9036       0.2925    0.04223          -0.09372      -1.874           0.2867      0.9042          0.7871       1.662e-07             1          1       9.611e-21
      0.4           43.12      20      50    0.08852     0.906        0.402    0.04603           -0.0889      -1.778            0.299      0.8958          0.7772       3.202e-07             1     0.9998       8.655e-20
      0.6           43.17      20      50    0.08358    0.9117       0.6015    0.05489           -0.0776      -1.552           0.3427      0.8747          0.7578       1.345e-06             1          1       3.041e-18
      0.8           43.24      20      50     0.0793    0.9167       0.8007    0.06273          -0.06764      -1.353           0.4068      0.8542            0.74       4.878e-06             1     0.9995        2.94e-16
        1           43.29      20      50    0.07532    0.9214        1.003    0.06994          -0.05846      -1.169           0.4419      0.8342          0.7131       1.626e-05             1     0.9988       6.995e-15
     1.25           43.35      20      50    0.06988    0.9275        1.256    0.07968          -0.04604     -0.9208            0.485      0.8013          0.6717       8.186e-05         0.999      0.995       3.108e-13
      1.5           43.42      20      50    0.06382    0.9343        1.518    0.09051          -0.03224     -0.6448           0.5452      0.7543          0.6431       0.0005159        0.9972     0.9802       2.372e-10

=== 1h P4|B|10
 edge_pct  trades_per_30d  mean_N  mean_L  liq_share  tp_share  drift_H_pct  gross_pct  net_notional_pct  eq_ret_pct  30d_median_mult  30d_p_loss  30d_mdd_median  1y_median_mult  1y_p_below50  1y_p_ruin  IS_median_mult
        0           43.44      20      50    0.05549    0.8825       -0.017    0.03006           -0.0917      -1.834           0.3309      0.9053          0.7546       5.342e-07             1          1        4.12e-19
    0.025           43.44      20      50    0.05525    0.8833     0.004572    0.03122          -0.09039      -1.808           0.3348      0.9027          0.7527       6.301e-07             1          1       1.322e-18
     0.05           43.45      20      50    0.05492    0.8839      0.03063    0.03217          -0.08925      -1.785           0.3367       0.901          0.7508       7.407e-07             1          1       1.735e-18
    0.075           43.45      20      50    0.05467    0.8847       0.0538    0.03325          -0.08803      -1.761           0.3419      0.8983          0.7479       8.369e-07             1          1       2.959e-18
      0.1           43.46      20      50    0.05447    0.8855      0.07749    0.03424          -0.08691      -1.738           0.3459      0.8958          0.7459       9.677e-07             1          1       5.873e-18
     0.15           43.46      20      50    0.05387    0.8869       0.1288    0.03634          -0.08448       -1.69            0.355      0.8923          0.7401       1.313e-06             1          1       1.094e-17
      0.2           43.47      20      50    0.05329    0.8882       0.1836    0.03808          -0.08242      -1.648           0.3634        0.89          0.7354       1.754e-06             1          1       1.967e-17
      0.3           43.48      20      50    0.05226    0.8906        0.292    0.04156          -0.07837      -1.567           0.3731      0.8833          0.7276       2.819e-06             1          1       8.629e-17
      0.4           43.49      20      50    0.05148     0.893       0.4009    0.04484          -0.07462      -1.492           0.3884      0.8715          0.7168       4.818e-06             1     0.9998       2.886e-16
      0.6           43.52      20      50    0.04951    0.8985       0.6002    0.05243           -0.0659      -1.318           0.4278      0.8512          0.6937       1.384e-05             1     0.9995       3.222e-15
      0.8           43.57      20      50    0.04766    0.9035       0.7988    0.05937           -0.0579      -1.158           0.4688      0.8273           0.674       3.918e-05             1     0.9987       7.788e-14
        1           43.59      20      50    0.04635    0.9079        1.001    0.06539          -0.05108      -1.022           0.4966      0.8048          0.6578       8.848e-05             1     0.9968       1.009e-12
     1.25           43.63      20      50     0.0442    0.9137        1.253     0.0735          -0.04174     -0.8349           0.5479      0.7772          0.6343       0.0002967        0.9992      0.992       4.136e-11
      1.5           43.68      20      50    0.04165    0.9202        1.516    0.08265          -0.03115      -0.623           0.6137      0.7372          0.6084        0.001129        0.9972      0.972       2.369e-09

=== 1h P4|C|10
 edge_pct  trades_per_30d  mean_N  mean_L  liq_share  tp_share  drift_H_pct  gross_pct  net_notional_pct  eq_ret_pct  30d_median_mult  30d_p_loss  30d_mdd_median  1y_median_mult  1y_p_below50  1y_p_ruin  IS_median_mult
        0           44.06      20      50          0     0.836      -0.0181    0.04507          -0.05486      -1.097            0.553      0.8728          0.5592       0.0005118             1     0.9985       3.115e-10
    0.025           44.06      20      50          0    0.8368     0.003647    0.04584          -0.05405      -1.081           0.5588      0.8697          0.5581       0.0005702             1      0.998       4.181e-10
     0.05           44.06      20      50          0    0.8374      0.02964    0.04636          -0.05349       -1.07           0.5599       0.867          0.5567       0.0006003             1     0.9978       5.939e-10
    0.075           44.07      20      50          0    0.8381      0.05275    0.04703          -0.05279      -1.056           0.5689      0.8643          0.5554       0.0006481             1     0.9977       5.967e-10
      0.1           44.07      20      50          0    0.8388      0.07645    0.04772          -0.05206      -1.041           0.5709      0.8612          0.5519        0.000713             1     0.9973       7.193e-10
     0.15           44.07      20      50          0    0.8403       0.1275    0.04909          -0.05062      -1.012           0.5723      0.8587          0.5478       0.0008501             1     0.9973       7.873e-10
      0.2           44.07      20      50          0    0.8415       0.1826    0.05021          -0.04943     -0.9886           0.5824      0.8533          0.5405       0.0009744        0.9998     0.9965       1.654e-09
      0.3           44.08      20      50          0    0.8439       0.2917    0.05247          -0.04705      -0.941           0.5921       0.845          0.5355        0.001307        0.9997     0.9952       2.533e-09
      0.4           44.07      20      50          0    0.8464       0.4004    0.05476          -0.04464     -0.8927           0.5989      0.8348          0.5279        0.001749             1     0.9932       8.798e-09
      0.6           44.09      20      50          0    0.8517          0.6     0.0597          -0.03942     -0.7884           0.6356      0.8112          0.5142        0.003117        0.9997     0.9838       6.528e-08
      0.8           44.12      20      50          0    0.8566       0.7989    0.06429          -0.03457     -0.6914           0.6656      0.7902          0.4953        0.005592        0.9987     0.9693       1.868e-07
        1           44.14      20      50          0    0.8611        1.001    0.06854          -0.03009     -0.6018           0.6938      0.7653          0.4812        0.009432        0.9977     0.9473       1.351e-06
     1.25           44.16      20      50          0    0.8665        1.254    0.07356          -0.02479     -0.4958           0.7278      0.7378          0.4598         0.01704        0.9937     0.8988        5.91e-06
      1.5           44.19      20      50          0    0.8727        1.516    0.07943           -0.0186     -0.3721           0.7729       0.705          0.4366         0.03573        0.9832     0.8143       8.131e-05

=== 1h P4|B|100
 edge_pct  trades_per_30d  mean_N  mean_L  liq_share  tp_share  drift_H_pct  gross_pct  net_notional_pct  eq_ret_pct  30d_median_mult  30d_p_loss  30d_mdd_median  1y_median_mult  1y_p_below50  1y_p_ruin  IS_median_mult
        0           33.37      20      50     0.3318    0.3449    -0.009027    0.01629           -0.2574      -5.148          0.02149      0.9672          0.9889       5.876e-22             1          1       1.978e-63
    0.025           33.36      20      50     0.3306    0.3471      0.01303    0.02461           -0.2485       -4.97          0.02278      0.9652          0.9882       1.276e-21             1          1       4.385e-62
     0.05           33.35      20      50     0.3284    0.3502      0.04126    0.03653           -0.2355      -4.709          0.02439      0.9627          0.9873       3.692e-21             1          1       7.599e-61
    0.075           33.34      20      50     0.3269    0.3528      0.06544    0.04678           -0.2244      -4.488          0.02644      0.9572          0.9862       1.058e-20             1          1       2.106e-59
      0.1           33.33      20      50     0.3256     0.355      0.09076    0.05546           -0.2151      -4.302          0.02865      0.9538          0.9854       2.238e-20             1          1        1.43e-58
     0.15           33.31      20      50     0.3225    0.3598       0.1455    0.07426           -0.1948      -3.895          0.03323      0.9465          0.9837       1.352e-19             1          1       1.609e-56
      0.2           33.29      20      50     0.3199    0.3639       0.2036     0.0914           -0.1763      -3.526          0.03754      0.9397           0.982       6.731e-19             1          1       8.973e-54
      0.3           33.26      20      50     0.3137    0.3733       0.3141     0.1286            -0.136       -2.72          0.04884      0.9245          0.9788       1.946e-17             1          1       9.492e-50
      0.4           33.22      20      50      0.308    0.3827       0.4232     0.1652          -0.09644      -1.929          0.06412      0.9035          0.9732       5.611e-16             1          1       3.357e-45
      0.6           33.15      20      50     0.2969    0.4006       0.6262     0.2355          -0.02057     -0.4115           0.1086      0.8517          0.9617       3.694e-13             1          1       5.318e-37
      0.8            33.1      20      50     0.2857     0.418       0.8258     0.3041           0.05368       1.074           0.1767       0.777          0.9456       1.976e-10        0.9998     0.9988       5.333e-29
        1           33.02      20      50     0.2741    0.4362        1.035     0.3757            0.1311       2.623           0.3015      0.7028          0.9243       1.366e-07        0.9975     0.9893       6.902e-21
     1.25           32.94      20      50     0.2608    0.4579        1.298     0.4624            0.2245        4.49           0.5945      0.5973          0.8953       0.0004033        0.9773     0.9223       1.482e-10
      1.5           32.85      20      50     0.2453    0.4815        1.567     0.5547            0.3246       6.492            1.186      0.4663          0.8584           1.778        0.8833     0.7032           13.26

=== 1h P5|A|10
 edge_pct  trades_per_30d  mean_N  mean_L  liq_share  tp_share  drift_H_pct  gross_pct  net_notional_pct  eq_ret_pct  30d_median_mult  30d_p_loss  30d_mdd_median  1y_median_mult  1y_p_below50  1y_p_ruin  IS_median_mult
        0           39.64   6.262   28.31    0.08138    0.8787     -0.01793    0.02692           -0.1081     -0.7296           0.6932      0.7987          0.4522         0.00849        0.9985     0.9633       9.755e-07
    0.025           39.65   6.262   28.32    0.08059    0.8799     0.003784    0.03028           -0.1044     -0.7067           0.6991      0.7932          0.4476        0.009739        0.9985      0.957       1.351e-06
     0.05           39.68   6.263   28.32    0.07972    0.8812      0.03026    0.03418              -0.1      -0.682           0.7075      0.7858          0.4425         0.01113        0.9975     0.9477       2.113e-06
    0.075            39.7   6.263   28.32     0.0788    0.8827      0.05425    0.03826          -0.09545     -0.6549           0.7195      0.7773          0.4359           0.013        0.9968     0.9373       3.432e-06
      0.1           39.72   6.263   28.32    0.07804    0.8839      0.07818    0.04149          -0.09183     -0.6323           0.7248      0.7728          0.4331         0.01464        0.9967     0.9275       4.693e-06
     0.15           39.76   6.263   28.32     0.0766    0.8862       0.1306    0.04845           -0.0841     -0.5891           0.7391      0.7552          0.4243         0.01835        0.9953     0.9102       8.477e-06
      0.2            39.8   6.264   28.32     0.0752    0.8886       0.1846    0.05518          -0.07663     -0.5463           0.7513       0.737          0.4174          0.0232        0.9938     0.8813       1.465e-05
      0.3           39.87   6.265   28.32    0.07213    0.8936       0.2951    0.06959           -0.0606     -0.4545           0.7872      0.7098          0.4015         0.03779        0.9867     0.8063       5.191e-05
      0.4           39.95   6.266   28.32     0.0692    0.8982       0.4033    0.08259          -0.04607     -0.3683           0.8157      0.6805          0.3867         0.05828         0.973     0.7182       0.0001573
      0.6           40.08   6.268   28.33     0.0628    0.9081       0.6044     0.1104          -0.01494     -0.1833           0.8825      0.6143          0.3585          0.1548         0.906     0.4852        0.003506
      0.8           40.26   6.271   28.34    0.05739     0.917       0.8003      0.135           0.01248     -0.0205           0.9522       0.548          0.3343          0.3776        0.7842     0.2662         0.04902
        1           40.45   6.273   28.35    0.05116    0.9268        1.003     0.1625           0.04333      0.1628            1.034      0.4637          0.2958           1.012        0.5727    0.08583           1.024
     1.25           40.64   6.275   28.35    0.04413    0.9384        1.254     0.1946           0.07913      0.3742            1.127      0.3692          0.2458           3.268        0.2955    0.01217           30.17
      1.5           40.85   6.278   28.36    0.03666    0.9501        1.514     0.2275            0.1159      0.5951            1.251      0.2598          0.2237           10.98        0.1012      0.001           960.6

=== 1h P5|B|10
 edge_pct  trades_per_30d  mean_N  mean_L  liq_share  tp_share  drift_H_pct  gross_pct  net_notional_pct  eq_ret_pct  30d_median_mult  30d_p_loss  30d_mdd_median  1y_median_mult  1y_p_below50  1y_p_ruin  IS_median_mult
        0           41.62   6.284   28.38   0.002132    0.8259     -0.01839    0.02938          -0.07316     -0.4902           0.7913       0.786          0.3355         0.04791        0.9953     0.8047       0.0001676
    0.025           41.63   6.284   28.38   0.002143    0.8271      0.00312    0.03159          -0.07089     -0.4765           0.7957      0.7805          0.3333          0.0515        0.9948     0.7852        0.000219
     0.05           41.64   6.284   28.38    0.00212    0.8284      0.02954    0.03433          -0.06807     -0.4613           0.8023      0.7732          0.3291         0.05617        0.9938     0.7667       0.0003131
    0.075           41.65   6.284   28.38   0.002097    0.8298      0.05291    0.03688          -0.06543     -0.4452           0.8083       0.766          0.3254         0.06059        0.9925     0.7415       0.0004398
      0.1           41.65   6.284   28.38   0.002097    0.8309      0.07684    0.03907          -0.06319     -0.4318           0.8139      0.7605          0.3231         0.06578        0.9912      0.719       0.0004671
     0.15           41.66   6.283   28.38   0.002062    0.8332       0.1289    0.04402          -0.05809     -0.4034           0.8246      0.7495          0.3174         0.07568         0.987     0.6713       0.0007644
      0.2           41.67   6.284   28.38   0.002028    0.8352       0.1838    0.04816          -0.05383     -0.3798           0.8328      0.7347          0.3121         0.08673        0.9827     0.6233        0.001126
      0.3            41.7   6.285   28.38    0.00197    0.8396       0.2926    0.05734          -0.04439     -0.3277           0.8494      0.7133          0.3033           0.113        0.9695      0.526          0.0019
      0.4           41.72   6.284   28.38   0.001969    0.8439       0.4004    0.06555          -0.03595     -0.2784           0.8655      0.6878          0.2941          0.1482        0.9472     0.4297        0.004152
      0.6           41.75   6.285   28.39   0.001867     0.853       0.6018    0.08335          -0.01762     -0.1719           0.9032       0.636          0.2743          0.2593         0.863     0.2398         0.02064
      0.8           41.84   6.287   28.39   0.001829    0.8613       0.7985    0.09986        -0.0006512    -0.07388           0.9434      0.5792          0.2611          0.4285        0.7392     0.1093          0.1001
        1           41.89   6.289    28.4   0.001759    0.8699        1.002     0.1168           0.01679     0.02712           0.9835      0.5227          0.2436          0.7422        0.5635     0.0365           0.426
     1.25           41.98    6.29    28.4    0.00161    0.8802        1.254     0.1371           0.03768      0.1462            1.036      0.4465           0.223           1.401        0.3347      0.006           2.341
      1.5           42.05   6.292   28.41   0.001496     0.891        1.517     0.1586           0.05983      0.2736            1.097       0.361          0.1999           2.797        0.1455  0.0008333           19.87

=== 1h P5|C|10
 edge_pct  trades_per_30d  mean_N  mean_L  liq_share  tp_share  drift_H_pct  gross_pct  net_notional_pct  eq_ret_pct  30d_median_mult  30d_p_loss  30d_mdd_median  1y_median_mult  1y_p_below50  1y_p_ruin  IS_median_mult
        0           41.67   6.273   28.35          0    0.8214     -0.01858    0.02991          -0.07191     -0.4809           0.7971      0.7805          0.3285         0.05174        0.9955     0.7883       0.0002034
    0.025           41.67   6.273   28.35          0    0.8225       0.0031    0.03203          -0.06972     -0.4676           0.8004      0.7748          0.3254         0.05567         0.995      0.769         0.00026
     0.05           41.68   6.273   28.35          0    0.8239      0.02973    0.03478          -0.06691     -0.4523           0.8063      0.7683          0.3218         0.06029        0.9935     0.7508       0.0003437
    0.075           41.69   6.273   28.35          0    0.8253      0.05316    0.03732          -0.06429     -0.4363           0.8126      0.7612          0.3191         0.06542        0.9927      0.724       0.0004895
      0.1            41.7   6.273   28.35          0    0.8264       0.0771     0.0394          -0.06214     -0.4229           0.8179       0.755          0.3163          0.0704        0.9903     0.7017       0.0005942
     0.15           41.71   6.273   28.35          0    0.8288       0.1289    0.04405          -0.05737     -0.3956           0.8286      0.7463          0.3113         0.08069        0.9863     0.6507       0.0008871
      0.2           41.72   6.273   28.35          0    0.8307       0.1837    0.04773          -0.05358     -0.3731           0.8349      0.7325          0.3088          0.0915        0.9813     0.6045        0.001307
      0.3           41.75   6.274   28.35          0    0.8353       0.2924    0.05664          -0.04443     -0.3207           0.8515      0.7057          0.3002          0.1199        0.9697     0.4978        0.002541
      0.4           41.77   6.274   28.35          0    0.8395       0.4003    0.06457          -0.03628     -0.2719           0.8708      0.6877          0.2897          0.1575        0.9457     0.3955        0.005193
      0.6           41.81   6.275   28.35          0    0.8486       0.6019    0.08135          -0.01901     -0.1693           0.9066      0.6347          0.2703          0.2669        0.8615     0.2147         0.02015
      0.8           41.89   6.278   28.36          0     0.857       0.7992    0.09724         -0.002667    -0.07326           0.9472      0.5773          0.2562          0.4473        0.7285    0.09217         0.08587
        1           41.95    6.28   28.37          0    0.8655        1.003     0.1132           0.01371     0.02544           0.9874      0.5208           0.238          0.7558        0.5415     0.0255           0.386
     1.25           42.04   6.281   28.37          0    0.8759        1.256      0.133           0.03409      0.1442            1.037      0.4462          0.2162            1.42        0.3173   0.004333           2.567
      1.5           42.11   6.284   28.38          0    0.8869        1.519     0.1537           0.05541        0.27            1.099      0.3608          0.1932            2.83        0.1272     0.0005           18.93

=== 1h P5|B|100
 edge_pct  trades_per_30d  mean_N  mean_L  liq_share  tp_share  drift_H_pct  gross_pct  net_notional_pct  eq_ret_pct  30d_median_mult  30d_p_loss  30d_mdd_median  1y_median_mult  1y_p_below50  1y_p_ruin  IS_median_mult
        0           29.04   6.241   28.23      0.014    0.1747     0.005901   0.008206           -0.1414     -0.8395           0.6374      0.7598          0.5633        0.003911         0.997     0.9603       1.042e-07
    0.025           29.02   6.241   28.22    0.01396    0.1763      0.02669    0.02224           -0.1272     -0.7591           0.6563      0.7472          0.5578        0.005119        0.9953     0.9492       2.088e-07
     0.05           29.01    6.24   28.22    0.01387    0.1783       0.0535    0.04042           -0.1089     -0.6594            0.676      0.7333          0.5506        0.007244         0.994     0.9297       5.341e-07
    0.075           28.98    6.24   28.22    0.01375    0.1801      0.07742    0.05684          -0.09241     -0.5658           0.6925      0.7165          0.5429         0.01008          0.99     0.9103       1.204e-06
      0.1           28.97   6.241   28.22    0.01369    0.1817       0.1027    0.07188          -0.07728     -0.4814           0.7107      0.7012          0.5361         0.01371        0.9867     0.8907       2.988e-06
     0.15           28.93    6.24   28.22    0.01354    0.1847       0.1541     0.1034          -0.04561     -0.3081           0.7464      0.6753          0.5241          0.0245        0.9743     0.8345       1.992e-05
      0.2           28.89    6.24   28.23    0.01333    0.1882       0.2102      0.137          -0.01176     -0.1208            0.784      0.6468          0.5123         0.04817        0.9582     0.7588       0.0001192
      0.3           28.82   6.239   28.22     0.0131    0.1943       0.3137     0.1972           0.04878      0.2155           0.8636       0.593          0.4886           0.154         0.901     0.5835        0.005029
      0.4           28.75   6.239   28.22    0.01271    0.2013         0.42     0.2639            0.1159      0.5805           0.9562      0.5288          0.4657          0.5468         0.798     0.3778          0.1822
      0.6           28.61   6.237   28.21    0.01216    0.2142       0.6186      0.387            0.2397       1.274            1.152      0.4107          0.4213           5.811        0.5225     0.1068           115.7
      0.8           28.47   6.236   28.21    0.01159    0.2264       0.8141     0.5108            0.3642       1.955            1.391      0.3035          0.3825           59.22        0.2823    0.01633       8.913e+04
        1           28.31   6.236   28.21     0.0111      0.24        1.025     0.6414            0.4956       2.681            1.706      0.2047          0.3443           662.5        0.1272   0.001667       2.275e+08
     1.25           28.14   6.236   28.21    0.01014    0.2557        1.283     0.7953            0.6504       3.546            2.153      0.1137             0.3       1.178e+04       0.05233          0       6.381e+11
      1.5           27.96   6.237   28.21   0.009318    0.2726        1.547      0.956            0.8122       4.429            2.709      0.0585          0.2733        2.15e+05       0.02033          0       3.498e+15

=== 1h P5c|A|10
 edge_pct  trades_per_30d  mean_N  mean_L  liq_share  tp_share  drift_H_pct  gross_pct  net_notional_pct  eq_ret_pct  30d_median_mult  30d_p_loss  30d_mdd_median  1y_median_mult  1y_p_below50  1y_p_ruin  IS_median_mult
        0           39.64   5.663   28.31    0.08138    0.8787     -0.01793    0.02692           -0.1081     -0.6529           0.7225      0.7905          0.4181         0.01544        0.9975     0.9367       5.359e-06
    0.025           39.65    5.72   28.32    0.08059    0.8799     0.003784    0.03028           -0.1044     -0.6214           0.7346      0.7805          0.4136         0.01807        0.9973     0.9227       8.595e-06
     0.05           39.68   5.787   28.32    0.07972    0.8812      0.03026    0.03418              -0.1     -0.5836           0.7466      0.7687          0.4071         0.02215        0.9955     0.9028       1.214e-05
    0.075            39.7   5.851   28.32     0.0788    0.8827      0.05425    0.03826          -0.09545      -0.546           0.7604      0.7532          0.4011         0.02638        0.9943     0.8802       2.389e-05
      0.1           39.72   5.917   28.32    0.07804    0.8839      0.07818    0.04149          -0.09183     -0.5122           0.7678      0.7423          0.3968         0.03133        0.9922     0.8515       3.625e-05
     0.15           39.76   6.045   28.32     0.0766    0.8862       0.1306    0.04845           -0.0841     -0.4484           0.7899      0.7148          0.3865         0.04169        0.9875     0.7888       8.472e-05
      0.2            39.8    6.18   28.32     0.0752    0.8886       0.1846    0.05518          -0.07663     -0.3863             0.81      0.6868          0.3804         0.05681        0.9775     0.7313       0.0002101
      0.3           39.87    6.45   28.32    0.07213    0.8936       0.2951    0.06959           -0.0606     -0.2486           0.8579      0.6403           0.366          0.1109        0.9442      0.575        0.001502
      0.4           39.95    6.71   28.32     0.0692    0.8982       0.4033    0.08259          -0.04607     -0.1237           0.9015      0.5962          0.3557          0.2011        0.8785     0.4318        0.009544
      0.6           40.08   7.237   28.33     0.0628    0.9081       0.6044     0.1104          -0.01494      0.1472            1.008      0.4935          0.3347          0.7359        0.6782      0.179           0.445
      0.8           40.26   7.764   28.34    0.05739     0.917       0.8003      0.135           0.01248      0.3896             1.12       0.407          0.3141            2.38        0.4708     0.0645           11.67
        1           40.45   8.305   28.35    0.05116    0.9268        1.003     0.1625           0.04333      0.6608            1.257      0.3212          0.2911           9.025        0.2768    0.01617           454.2
     1.25           40.64   8.963   28.35    0.04413    0.9384        1.254     0.1946           0.07913      0.9792            1.427      0.2307          0.2537           43.97         0.149   0.003833       5.184e+04
      1.5           40.85   9.625   28.36    0.03666    0.9501        1.514     0.2275            0.1159       1.309            1.637      0.1647           0.208           228.7         0.093   0.001167        7.74e+06

=== 1h P5c|B|10
 edge_pct  trades_per_30d  mean_N  mean_L  liq_share  tp_share  drift_H_pct  gross_pct  net_notional_pct  eq_ret_pct  30d_median_mult  30d_p_loss  30d_mdd_median  1y_median_mult  1y_p_below50  1y_p_ruin  IS_median_mult
        0           41.62   5.677   28.38   0.002132    0.8259     -0.01839    0.02938          -0.07316     -0.4368            0.811      0.7762          0.3116         0.06747        0.9913      0.712       0.0004432
    0.025           41.63   5.734   28.38   0.002143    0.8271      0.00312    0.03159          -0.07089     -0.4187           0.8167      0.7647          0.3094         0.07338        0.9907     0.6775        0.000513
     0.05           41.64   5.802   28.38    0.00212    0.8284      0.02954    0.03433          -0.06807     -0.3947           0.8253      0.7538          0.3055         0.08263        0.9867     0.6347       0.0008333
    0.075           41.65   5.866   28.38   0.002097    0.8298      0.05291    0.03688          -0.06543     -0.3734           0.8336      0.7428          0.3014         0.09223        0.9803     0.5992        0.001305
      0.1           41.65   5.932   28.38   0.002097    0.8309      0.07684    0.03907          -0.06319     -0.3542           0.8411      0.7338          0.2996          0.1009        0.9787      0.564        0.001535
     0.15           41.66   6.061   28.38   0.002062    0.8332       0.1289    0.04402          -0.05809     -0.3151            0.855      0.7103          0.2954          0.1219        0.9662     0.4965        0.002405
      0.2           41.67   6.195   28.38   0.002028    0.8352       0.1838    0.04816          -0.05383     -0.2833           0.8666      0.6867          0.2934          0.1423        0.9505     0.4427        0.004123
      0.3            41.7   6.466   28.38    0.00197    0.8396       0.2926    0.05734          -0.04439     -0.2085           0.8927      0.6505          0.2885          0.1999        0.9053     0.3375        0.008124
      0.4           41.72   6.727   28.38   0.001969    0.8439       0.4004    0.06555          -0.03595     -0.1386           0.9185      0.6113          0.2868          0.2769        0.8482     0.2543         0.02432
      0.6           41.75   7.255   28.39   0.001867     0.853       0.6018    0.08335          -0.01762     0.01494            0.973      0.5365           0.278          0.5771         0.678      0.115           0.177
      0.8           41.84   7.782   28.39   0.001829    0.8613       0.7985    0.09986        -0.0006512      0.1553            1.023      0.4742          0.2783           1.124        0.5228     0.0605           1.378
        1           41.89   8.323    28.4   0.001759    0.8699        1.002     0.1168           0.01679      0.3051            1.091      0.4107          0.2736           2.288        0.3713     0.0225           8.799
     1.25           41.98   8.979    28.4    0.00161    0.8802        1.254     0.1371           0.03768      0.4779            1.167      0.3465          0.2741           5.103        0.2607     0.0085           86.74
      1.5           42.05   9.644   28.41   0.001496     0.891        1.517     0.1586           0.05983      0.6646            1.247      0.2873          0.2729           12.63         0.171   0.003667            1423

=== 1h P5c|C|10
 edge_pct  trades_per_30d  mean_N  mean_L  liq_share  tp_share  drift_H_pct  gross_pct  net_notional_pct  eq_ret_pct  30d_median_mult  30d_p_loss  30d_mdd_median  1y_median_mult  1y_p_below50  1y_p_ruin  IS_median_mult
        0           41.67    5.67   28.35          0    0.8214     -0.01858    0.02991          -0.07191     -0.4299           0.8163      0.7735          0.3048         0.07232        0.9913      0.697       0.0005201
    0.025           41.67   5.728   28.35          0    0.8225       0.0031    0.03203          -0.06972     -0.4121           0.8195      0.7638          0.3027         0.07911         0.989     0.6597       0.0006242
     0.05           41.68   5.795   28.35          0    0.8239      0.02973    0.03478          -0.06691     -0.3878           0.8281      0.7507          0.2984         0.08904         0.986      0.615       0.0009176
    0.075           41.69   5.859   28.35          0    0.8253      0.05316    0.03732          -0.06429     -0.3665           0.8366       0.738          0.2952         0.09792         0.981     0.5768        0.001479
      0.1            41.7   5.925   28.35          0    0.8264       0.0771     0.0394          -0.06214     -0.3473           0.8426      0.7265          0.2929          0.1078        0.9765     0.5388        0.001929
     0.15           41.71   6.053   28.35          0    0.8288       0.1289    0.04405          -0.05737     -0.3099           0.8557      0.7033          0.2909          0.1293        0.9647     0.4652        0.003005
      0.2           41.72   6.188   28.35          0    0.8307       0.1837    0.04773          -0.05358     -0.2809           0.8671      0.6827          0.2893          0.1486         0.949     0.4227        0.005158
      0.3           41.75   6.459   28.35          0    0.8353       0.2924    0.05664          -0.04443     -0.2058           0.8943        0.65          0.2844          0.2074        0.9025     0.3108          0.0118
      0.4           41.77   6.719   28.35          0    0.8395       0.4003    0.06457          -0.03628     -0.1379           0.9186       0.611          0.2821          0.2892         0.843     0.2268         0.02376
      0.6           41.81   7.246   28.35          0    0.8486       0.6019    0.08135          -0.01901    0.008999           0.9697      0.5353           0.275          0.5795        0.6717      0.109          0.1732
      0.8           41.89   7.773   28.36          0     0.857       0.7992    0.09724         -0.002667      0.1445            1.021      0.4753          0.2722             1.1         0.515    0.04933           1.072
        1           41.95   8.314   28.37          0    0.8655        1.003     0.1132           0.01371      0.2898            1.079      0.4137          0.2687           2.174        0.3617    0.01917           7.426
     1.25           42.04   8.971   28.37          0    0.8759        1.256      0.133           0.03409      0.4634            1.158      0.3547           0.268           4.887        0.2347     0.0055           97.05
      1.5           42.11   9.635   28.38          0    0.8869        1.519     0.1537           0.05541      0.6446            1.237      0.2868          0.2679           11.94        0.1497     0.0025            1132

=== 1h P6|B|none
 edge_pct  trades_per_30d  mean_N  mean_L  liq_share  tp_share  drift_H_pct  gross_pct  net_notional_pct  eq_ret_pct  30d_median_mult  30d_p_loss  30d_mdd_median  1y_median_mult  1y_p_below50  1y_p_ruin  IS_median_mult
        0           27.55  0.6028   9.946          0         0      0.00639   -0.02264           -0.1766    -0.08764           0.9713      0.6763         0.07168          0.7146         0.083          0          0.3942
    0.025           27.52  0.6028   9.946          0         0      0.02684  -0.007858           -0.1618    -0.07956           0.9731      0.6642          0.0703           0.735       0.06667          0          0.4182
     0.05           27.49  0.6029   9.946          0         0      0.05348    0.01098            -0.143    -0.07022           0.9755      0.6483         0.06896          0.7589         0.052          0          0.4579
    0.075           27.45  0.6029   9.946          0         0      0.07594    0.02801            -0.126    -0.06123           0.9783       0.634          0.0675          0.7814       0.03717          0          0.5162
      0.1           27.42   0.603   9.946          0         0       0.1017    0.04623           -0.1078    -0.05237            0.981      0.6193         0.06623          0.8044         0.028          0          0.5443
     0.15           27.36   0.603   9.946          0         0       0.1528    0.08174          -0.07242    -0.03423           0.9854      0.5945         0.06451          0.8549       0.01517          0          0.6438
      0.2           27.29  0.6032   9.946          0         0       0.2095     0.1213          -0.03297    -0.01481             0.99      0.5618         0.06171          0.9163      0.006333          0          0.7771
      0.3           27.19  0.6032   9.946          0         0       0.3099      0.189           0.03462     0.02016           0.9993       0.504         0.05833           1.031      0.001167          0           1.116
      0.4           27.06  0.6034   9.946          0         0       0.4157     0.2638            0.1093     0.05706            1.009      0.4457         0.05464           1.162        0.0005          0           1.671
      0.6           26.83  0.6034   9.945          0         0       0.6115     0.3954            0.2406      0.1271            1.027      0.3445          0.0483           1.457             0          0           3.169
      0.8           26.63  0.6036   9.946          0         0       0.8045      0.533             0.378       0.197            1.047      0.2437         0.04168           1.816             0          0           5.648
        1           26.38  0.6038   9.946          0         0        1.014     0.6778            0.5225      0.2718            1.066      0.1662         0.03639           2.296             0          0           12.03
     1.25            26.1  0.6042   9.946          0         0        1.271     0.8534            0.6977      0.3631            1.091     0.09383         0.03054           3.036             0          0           27.15
      1.5           25.82  0.6047   9.946          0         0        1.529      1.027            0.8712      0.4536            1.115     0.04567         0.02806           3.963             0          0           57.84

=== 1h P6h|B|none
 edge_pct  trades_per_30d  mean_N  mean_L  liq_share  tp_share  drift_H_pct  gross_pct  net_notional_pct  eq_ret_pct  30d_median_mult  30d_p_loss  30d_mdd_median  1y_median_mult  1y_p_below50  1y_p_ruin  IS_median_mult
        0           27.55  0.3014   9.946          0         0      0.00639   -0.02264           -0.1766    -0.04382            0.986      0.6697         0.03631          0.8512             0          0          0.6408
    0.025           27.52  0.3014   9.946          0         0      0.02684  -0.007858           -0.1618    -0.03978            0.987       0.657          0.0356          0.8632             0          0          0.6599
     0.05           27.49  0.3014   9.946          0         0      0.05348    0.01098            -0.143    -0.03511           0.9883      0.6422         0.03489          0.8773             0          0          0.6909
    0.075           27.45  0.3014   9.946          0         0      0.07594    0.02801            -0.126    -0.03062           0.9896      0.6273         0.03418          0.8902             0          0          0.7342
      0.1           27.42  0.3015   9.946          0         0       0.1017    0.04623           -0.1078    -0.02618           0.9909       0.613         0.03354          0.9035             0          0          0.7532
     0.15           27.36  0.3015   9.946          0         0       0.1528    0.08174          -0.07242    -0.01712           0.9932      0.5868         0.03262          0.9317             0          0           0.819
      0.2           27.29  0.3016   9.946          0         0       0.2095     0.1213          -0.03297   -0.007407           0.9955      0.5548         0.03117          0.9645             0          0          0.9008
      0.3           27.19  0.3016   9.946          0         0       0.3099      0.189           0.03462     0.01008                1      0.4973         0.02947           1.023             0          0           1.082
      0.4           27.06  0.3017   9.946          0         0       0.4157     0.2638            0.1093     0.02853            1.005       0.439         0.02757           1.086             0          0           1.321
      0.6           26.83  0.3017   9.945          0         0       0.6115     0.3954            0.2406     0.06354            1.014      0.3368         0.02433           1.216             0          0           1.821
      0.8           26.63  0.3018   9.946          0         0       0.8045      0.533             0.378      0.0985            1.024      0.2398         0.02096           1.358             0          0           2.432
        1           26.38  0.3019   9.946          0         0        1.014     0.6778            0.5225      0.1359            1.033      0.1632          0.0183           1.528             0          0           3.557
     1.25            26.1  0.3021   9.946          0         0        1.271     0.8534            0.6977      0.1816            1.045     0.09117         0.01534           1.758             0          0           5.345
      1.5           25.82  0.3023   9.946          0         0        1.529      1.027            0.8712      0.2268            1.057     0.04433         0.01408           2.009             0          0           7.808

=== 1h P6|B|10
 edge_pct  trades_per_30d  mean_N  mean_L  liq_share  tp_share  drift_H_pct  gross_pct  net_notional_pct  eq_ret_pct  30d_median_mult  30d_p_loss  30d_mdd_median  1y_median_mult  1y_p_below50  1y_p_ruin  IS_median_mult
        0           36.07  0.5893   9.938          0    0.6064     -0.01628    0.03021          -0.08571    -0.05633           0.9805      0.6828         0.04965          0.7734        0.0035          0          0.4779
    0.025           36.08  0.5893   9.938          0    0.6086     0.004679    0.03616          -0.07965    -0.05265           0.9815      0.6707         0.04915          0.7865        0.0025          0           0.502
     0.05           36.09  0.5893   9.938          0    0.6114      0.03116    0.04408          -0.07158    -0.04824           0.9828      0.6568         0.04866          0.8024      0.001667          0          0.5257
    0.075            36.1  0.5892   9.938          0    0.6142      0.05494    0.05154          -0.06398     -0.0437           0.9847      0.6425         0.04765          0.8179      0.001167          0          0.5541
      0.1           36.09  0.5892   9.938          0    0.6163       0.0797    0.05725          -0.05816    -0.04015           0.9863      0.6263         0.04711          0.8304         0.001          0          0.5867
     0.15           36.11  0.5892   9.938          0     0.621       0.1317    0.07012          -0.04505    -0.03265           0.9885      0.6043         0.04602          0.8597     0.0003333          0          0.6424
      0.2           36.11  0.5892   9.938          0    0.6257       0.1885    0.08277          -0.03216    -0.02493           0.9914      0.5767         0.04474          0.8879             0          0          0.7212
      0.3           36.12  0.5892   9.938          0    0.6347       0.2984     0.1074         -0.007074    -0.01039           0.9961      0.5357          0.0421          0.9498             0          0          0.8583
      0.4           36.14  0.5892   9.938          0     0.644       0.4066      0.133           0.01897    0.004645            1.001      0.4882         0.03967           1.012             0          0           1.009
      0.6           36.17  0.5889   9.938          0    0.6625       0.6102     0.1827           0.06968     0.03435            1.012      0.3865         0.03587           1.155             0          0           1.526
      0.8           36.21  0.5887   9.938          0    0.6801       0.8081     0.2304            0.1183     0.06286            1.023      0.2935         0.03235           1.309             0          0           2.141
        1           36.24  0.5885   9.938          0    0.6984        1.015      0.281            0.1699     0.09238            1.034      0.2135         0.02977            1.49             0          0           3.219
     1.25            36.3  0.5883   9.938          0    0.7206        1.274     0.3417            0.2317      0.1281            1.047      0.1345         0.02584           1.746             0          0           5.175
      1.5           36.35  0.5881   9.938          0    0.7431        1.538      0.403            0.2941      0.1645            1.061     0.07017         0.02228           2.051             0          0           8.162

=== 4h P0|A|10
 edge_pct  trades_per_30d  mean_N  mean_L  liq_share  tp_share  drift_H_pct  gross_pct  net_notional_pct  eq_ret_pct  30d_median_mult  30d_p_loss  30d_mdd_median  1y_median_mult  1y_p_below50  1y_p_ruin  IS_median_mult
        0           10.68       1       1  4.397e-05   0.02524     -0.02596  0.0009799           -0.1576     -0.1576           0.9806      0.5792         0.08266          0.7577        0.2125      0.005          0.4279
    0.025           10.68       1       1  4.397e-05    0.0255    -0.001008    0.02638           -0.1322     -0.1322           0.9827      0.5682         0.08139          0.7834         0.192      0.005          0.4851
     0.05           10.68       1       1  4.397e-05   0.02568        0.022    0.04963            -0.109     -0.1089           0.9849      0.5588         0.08078          0.8091        0.1743      0.005          0.5524
    0.075           10.68       1       1  4.396e-05   0.02607      0.04895    0.07628          -0.08228    -0.08227           0.9873      0.5502         0.07913          0.8391        0.1543      0.005          0.5979
      0.1           10.68       1       1  4.396e-05   0.02624      0.06995     0.0971          -0.06145    -0.06145            0.989      0.5443         0.07833          0.8627        0.1383      0.005          0.6483
     0.15           10.68       1       1  4.396e-05   0.02695       0.1248      0.153         -0.005477   -0.005473           0.9936      0.5235          0.0764           0.929        0.1052      0.005          0.7869
      0.2           10.68       1       1  4.396e-05   0.02734       0.1738     0.2022           0.04374     0.04375           0.9995      0.5027         0.07351          0.9923         0.081      0.005          0.9262
      0.3           10.68       1       1  4.395e-05   0.02839       0.2698     0.2989            0.1405      0.1405            1.009      0.4628          0.0693           1.124       0.05017      0.005           1.231
      0.4           10.68       1       1  4.395e-05    0.0294       0.3596     0.3889            0.2305      0.2305            1.019      0.4247         0.06522           1.265       0.02967      0.005           1.682
      0.6           10.68       1       1  4.394e-05   0.03159       0.5658     0.5953            0.4371      0.4371            1.041      0.3447         0.05689            1.64         0.011      0.005           3.804
      0.8           10.69       1       1  4.393e-05   0.03357       0.7733     0.8016            0.6435      0.6435            1.063       0.269          0.0494            2.14      0.007167      0.005           9.273
        1           10.69       1       1  4.392e-05    0.0354       0.9752      1.004            0.8456      0.8456            1.084      0.2037         0.04216           2.796         0.005      0.005           19.55
     1.25           10.69       1       1  4.391e-05   0.03785        1.237      1.263             1.105       1.105            1.115      0.1312         0.03373           3.911         0.005      0.005           52.14
      1.5           10.69       1       1  4.391e-05   0.04061         1.51      1.533             1.375       1.375            1.141       0.073         0.02445            5.54         0.005      0.005           168.9

=== 4h P0|B|10
 edge_pct  trades_per_30d  mean_N  mean_L  liq_share  tp_share  drift_H_pct  gross_pct  net_notional_pct  eq_ret_pct  30d_median_mult  30d_p_loss  30d_mdd_median  1y_median_mult  1y_p_below50  1y_p_ruin  IS_median_mult
        0           10.89       1       1          0   0.02484     -0.02542  -0.003141           -0.1602     -0.1602           0.9759      0.6037         0.08257          0.7548        0.1728          0          0.4432
    0.025           10.88       1       1          0   0.02506    -0.001172    0.02083           -0.1362     -0.1362            0.978      0.5913         0.08134          0.7785        0.1513          0          0.5041
     0.05           10.88       1       1          0   0.02524      0.02212    0.04299           -0.1141     -0.1141           0.9806      0.5805         0.08058          0.8018        0.1322          0          0.5229
    0.075           10.88       1       1          0   0.02563      0.04936    0.06809          -0.08895    -0.08895            0.983       0.571         0.07923           0.829        0.1142          0          0.5845
      0.1           10.88       1       1          0   0.02581      0.07141    0.08813          -0.06892    -0.06892           0.9851      0.5632         0.07835          0.8551       0.09967          0          0.6567
     0.15           10.88       1       1          0   0.02651       0.1273     0.1402          -0.01679    -0.01679           0.9905       0.541         0.07624          0.9163       0.06833          0          0.7765
      0.2           10.87       1       1          0   0.02695       0.1772     0.1869           0.02988     0.02988           0.9959       0.519         0.07375          0.9748       0.04733          0          0.8721
      0.3           10.86       1       1          0   0.02791       0.2758     0.2778            0.1208      0.1208            1.005      0.4777         0.06964           1.098       0.02317          0           1.295
      0.4           10.86       1       1          0   0.02884       0.3654     0.3627            0.2056      0.2056            1.014      0.4392         0.06576           1.229        0.0095          0           1.773
      0.6           10.85       1       1          0   0.03091       0.5707     0.5526            0.3955      0.3955            1.034       0.358         0.05921           1.575      0.001667          0           3.646
      0.8           10.83       1       1          0   0.03291       0.7783     0.7474            0.5904      0.5904            1.053      0.2757         0.05213           2.024             0          0           7.958
        1           10.81       1       1          0   0.03465       0.9801     0.9333            0.7762      0.7762            1.074       0.218         0.04674           2.589             0          0           15.49
     1.25            10.8       1       1          0   0.03695        1.239      1.171             1.014       1.014            1.102      0.1457         0.04051           3.532             0          0           40.03
      1.5           10.78       1       1          0    0.0398        1.513      1.418             1.261       1.261            1.129     0.08183         0.03431           4.861             0          0           95.83

=== 4h P1|B|10
 edge_pct  trades_per_30d  mean_N  mean_L  liq_share  tp_share  drift_H_pct  gross_pct  net_notional_pct  eq_ret_pct  30d_median_mult  30d_p_loss  30d_mdd_median  1y_median_mult  1y_p_below50  1y_p_ruin  IS_median_mult
        0           11.43    1.25       5  0.0001233    0.4376     -0.01874    0.04788          -0.08454     -0.1057           0.9879      0.5478         0.08168          0.8243        0.1113          0          0.5528
    0.025           11.43    1.25       5  0.0001232    0.4406     0.006565    0.06366          -0.06861    -0.08576           0.9902      0.5378         0.08081            0.85       0.09783          0          0.5858
     0.05           11.43    1.25       5  0.0001232    0.4431      0.02959    0.07866          -0.05346    -0.06683           0.9918      0.5305         0.07995          0.8713       0.08217          0          0.6557
    0.075           11.43    1.25       5  0.0001232    0.4462      0.05752    0.09599          -0.03596    -0.04495           0.9942      0.5222         0.07905          0.8955         0.072          0          0.7108
      0.1           11.44    1.25       5  0.0001232    0.4485      0.07866     0.1095          -0.02235    -0.02793           0.9968      0.5145         0.07829          0.9194         0.064          0          0.7686
     0.15           11.44    1.25       5  0.0001231    0.4547       0.1353     0.1431           0.01159     0.01448            1.002      0.4922         0.07589          0.9725        0.0465          0          0.9068
      0.2           11.44    1.25       5  0.0001231    0.4603       0.1851     0.1731           0.04188     0.05235            1.006      0.4722         0.07398           1.029       0.03383          0           1.034
      0.3           11.45    1.25       5   0.000123    0.4714       0.2835     0.2349            0.1043      0.1303            1.016      0.4323         0.07025           1.153       0.01583          0           1.306
      0.4           11.46    1.25       5  0.0001229    0.4816       0.3722     0.2915            0.1615      0.2018            1.024       0.397         0.06731           1.276      0.007167          0           1.784
      0.6           11.47    1.25       5  0.0001228     0.505       0.5773     0.4203            0.2915      0.3644            1.043      0.3207          0.0613           1.591      0.001167          0            3.36
      0.8           11.48    1.25       5  0.0001227    0.5291       0.7865     0.5518            0.4243      0.5304            1.063      0.2433         0.05486           2.014     0.0003333          0           7.175
        1           11.49    1.25       5  0.0001226     0.552       0.9833      0.677            0.5507      0.6884            1.081      0.1825         0.05019           2.516             0          0           14.32
     1.25           11.51    1.25       5  0.0001224    0.5809        1.244     0.8355            0.7108      0.8885            1.107      0.1208         0.04482            3.34             0          0           31.39
      1.5           11.53    1.25       5  8.145e-05    0.6109        1.514      1.003              0.88         1.1            1.133     0.06817         0.03744           4.514             0          0           77.11

=== 4h P2|B|10
 edge_pct  trades_per_30d  mean_N  mean_L  liq_share  tp_share  drift_H_pct  gross_pct  net_notional_pct  eq_ret_pct  30d_median_mult  30d_p_loss  30d_mdd_median  1y_median_mult  1y_p_below50  1y_p_ruin  IS_median_mult
        0           11.95     2.5      10  0.0005891    0.6733     -0.02714    0.05023          -0.06712     -0.1678           0.9797      0.5537          0.1261          0.6875        0.3988      0.001          0.2933
    0.025           11.96     2.5      10  0.0005888    0.6761    -0.004031    0.05992          -0.05727     -0.1432           0.9835      0.5445          0.1248          0.7151        0.3737      0.001          0.3165
     0.05           11.96     2.5      10  0.0005887    0.6784      0.01963     0.0679          -0.04916     -0.1229           0.9854      0.5395          0.1239          0.7346         0.352  0.0006667          0.3884
    0.075           11.96     2.5      10  0.0005886    0.6813      0.04696    0.07716          -0.03973    -0.09933           0.9883      0.5328          0.1222          0.7599        0.3283  0.0006667          0.4235
      0.1           11.97     2.5      10  0.0005884    0.6838      0.06782    0.08642          -0.03034    -0.07584           0.9909      0.5262          0.1212          0.7876        0.3055  0.0006667          0.4866
     0.15           11.97     2.5      10  0.0005489    0.6893       0.1238      0.105          -0.01145    -0.02863           0.9959      0.5108          0.1184          0.8394        0.2638     0.0005          0.6071
      0.2           11.98     2.5      10  0.0005879    0.6945        0.176     0.1232           0.00702     0.01755            1.002      0.4942          0.1164          0.9001        0.2243     0.0005          0.6725
      0.3           11.99     2.5      10  0.0005873    0.7053       0.2746     0.1592           0.04361       0.109            1.012      0.4657          0.1125           1.041         0.159          0           1.071
      0.4              12     2.5      10  0.0005478    0.7154       0.3629     0.1912           0.07621      0.1905            1.023      0.4378          0.1087           1.179        0.1115          0           1.503
      0.6           12.02     2.5      10  0.0005469     0.737       0.5711     0.2658             0.152      0.3801            1.047      0.3715         0.09944           1.566        0.0405          0           3.713
      0.8           12.04     2.5      10   0.000507    0.7597       0.7819     0.3422            0.2297      0.5744            1.076      0.3017          0.0908           2.081         0.011          0           9.884
        1           12.06     2.5      10   0.000506    0.7813       0.9832      0.414            0.3028       0.757              1.1      0.2452         0.08264           2.758         0.003          0              21
     1.25            12.1     2.5      10  0.0005044    0.8081        1.239     0.5042            0.3944      0.9861            1.131      0.1777         0.07206           3.944     0.0006667          0           50.77
      1.5           12.13     2.5      10   0.000503    0.8357        1.509     0.6007            0.4925       1.231            1.168      0.1153         0.05743           5.756             0          0           150.7

=== 4h P2|C|10
 edge_pct  trades_per_30d  mean_N  mean_L  liq_share  tp_share  drift_H_pct  gross_pct  net_notional_pct  eq_ret_pct  30d_median_mult  30d_p_loss  30d_mdd_median  1y_median_mult  1y_p_below50  1y_p_ruin  IS_median_mult
        0           11.89     2.5      10          0     0.678     -0.02374    0.04103          -0.07635     -0.1909            0.977      0.5608           0.128          0.6657        0.4297      0.001          0.2855
    0.025           11.89     2.5      10          0    0.6807   -0.0008702    0.05043          -0.06678      -0.167           0.9804      0.5518          0.1263          0.6846        0.4047     0.0005          0.3421
     0.05            11.9     2.5      10          0     0.683      0.02254    0.05916          -0.05791     -0.1448           0.9823      0.5458          0.1254          0.7094        0.3827  0.0001667          0.3654
    0.075            11.9     2.5      10          0    0.6861      0.04954    0.06936          -0.04754     -0.1188           0.9848      0.5392          0.1234          0.7334        0.3563  0.0001667          0.4216
      0.1            11.9     2.5      10          0    0.6886      0.07015    0.07865           -0.0381    -0.09525           0.9877      0.5318          0.1228          0.7646        0.3305          0          0.4574
     0.15           11.91     2.5      10          0    0.6942       0.1261    0.09869          -0.01774    -0.04434           0.9943      0.5153          0.1228          0.8222        0.2885          0          0.5525
      0.2           11.92     2.5      10          0    0.6995       0.1785     0.1174          0.001254    0.003134                1      0.4993          0.1226          0.8774        0.2462          0          0.7171
      0.3           11.93     2.5      10          0    0.7101       0.2744     0.1538           0.03831     0.09579            1.009      0.4727          0.1226           1.012        0.1732          0           1.153
      0.4           11.94     2.5      10          0    0.7203       0.3624      0.188           0.07314      0.1828            1.021      0.4425          0.1225           1.157         0.122          0           1.369
      0.6           11.97     2.5      10          0    0.7417       0.5707     0.2653            0.1516       0.379            1.047       0.376          0.1224           1.555       0.04917          0           3.459
      0.8           11.99     2.5      10          0    0.7643       0.7819     0.3444             0.232      0.5801            1.073       0.305          0.1143           2.102       0.01167          0           9.614
        1           12.02     2.5      10          0    0.7861       0.9829     0.4201             0.309      0.7725              1.1      0.2455         0.09485           2.806         0.003          0           19.76
     1.25           12.07     2.5      10          0    0.8126         1.24     0.5148            0.4053       1.013            1.133       0.171         0.07047            4.09     0.0003333          0           54.41
      1.5           12.11     2.5      10          0    0.8405        1.509     0.6161            0.5082       1.271             1.17      0.1055         0.04562           6.054             0          0           187.4

=== 4h P3|A|10
 edge_pct  trades_per_30d  mean_N  mean_L  liq_share  tp_share  drift_H_pct  gross_pct  net_notional_pct  eq_ret_pct  30d_median_mult  30d_p_loss  30d_mdd_median  1y_median_mult  1y_p_below50  1y_p_ruin  IS_median_mult
        0            12.4       4      20    0.05052    0.8393     -0.02908    0.05085          -0.07719     -0.3088           0.9652      0.5668          0.1834          0.5076         0.627      0.023          0.1775
    0.025            12.4       4      20    0.05013    0.8408    -0.003735    0.05506          -0.07272     -0.2909           0.9656      0.5622          0.1773          0.5256        0.6122     0.0205          0.1915
     0.05            12.4       4      20    0.04974    0.8423       0.0198    0.05903           -0.0685      -0.274           0.9661       0.557          0.1719          0.5399         0.598    0.01917          0.2063
    0.075            12.4       4      20    0.04913     0.844      0.04634    0.06407          -0.06309     -0.2524            0.971      0.5512          0.1642          0.5616        0.5792    0.01733          0.2635
      0.1           12.41       4      20    0.04862    0.8457      0.06679    0.06896          -0.05789     -0.2316           0.9753      0.5457           0.159          0.5778        0.5598      0.015          0.2696
     0.15           12.41       4      20    0.04755    0.8492       0.1224    0.07955          -0.04663     -0.1865           0.9812      0.5362          0.1522          0.6174        0.5242    0.01217          0.2506
      0.2           12.42       4      20    0.04666    0.8523       0.1739    0.08846          -0.03715     -0.1486           0.9859      0.5263          0.1461          0.6591        0.4908   0.009167          0.3051
      0.3           12.43       4      20    0.04496    0.8591       0.2708     0.1068          -0.01765     -0.0706           0.9976      0.5052          0.1311          0.7479        0.4292   0.005667          0.4002
      0.4           12.43       4      20    0.04346    0.8652       0.3606     0.1228        -0.0006933   -0.002773            1.009      0.4892          0.1255          0.8372        0.3667      0.003          0.5567
      0.6           12.45       4      20    0.03949    0.8781       0.5673     0.1601           0.03916      0.1566            1.033      0.4482          0.1057           1.076         0.243     0.0015           1.172
      0.8           12.47       4      20    0.03555    0.8913       0.7767     0.1978           0.07934      0.3174            1.063      0.3998           0.085           1.406        0.1358  0.0001667           2.553
        1           12.49       4      20    0.03213    0.9044       0.9805     0.2332             0.117      0.4678             1.09      0.3598         0.07385           1.795       0.07117          0           5.282
     1.25           12.52       4      20    0.02727    0.9205        1.237      0.281            0.1679      0.6714            1.119      0.2943         0.04308           2.508         0.023          0           13.15
      1.5           12.55       4      20    0.02189    0.9374        1.503     0.3307            0.2209      0.8834            1.154      0.2367         0.00337           3.543      0.005833          0           38.73

=== 4h P3|B|10
 edge_pct  trades_per_30d  mean_N  mean_L  liq_share  tp_share  drift_H_pct  gross_pct  net_notional_pct  eq_ret_pct  30d_median_mult  30d_p_loss  30d_mdd_median  1y_median_mult  1y_p_below50  1y_p_ruin  IS_median_mult
        0           12.46       4      20    0.01734    0.8324     -0.03019    0.05644          -0.05728     -0.2291           0.9745      0.5572          0.1451          0.5984         0.518      0.006          0.1999
    0.025           12.46       4      20    0.01726     0.834    -0.004925    0.06064          -0.05295     -0.2118            0.977      0.5517          0.1433          0.6124         0.501   0.005333          0.2278
     0.05           12.46       4      20    0.01718    0.8354       0.0188    0.06431          -0.04917     -0.1967           0.9797      0.5475          0.1418          0.6266        0.4888   0.004833          0.2455
    0.075           12.46       4      20    0.01695    0.8371      0.04573    0.06901          -0.04428     -0.1771           0.9819      0.5422          0.1399          0.6506        0.4695   0.003833          0.2731
      0.1           12.47       4      20     0.0168    0.8389      0.06624    0.07397          -0.03915     -0.1566           0.9845      0.5368          0.1382          0.6723        0.4543   0.003667          0.3289
     0.15           12.47       4      20    0.01649    0.8423       0.1218    0.08361          -0.02919     -0.1168           0.9904      0.5253          0.1355          0.7167        0.4132   0.003333          0.3742
      0.2           12.47       4      20    0.01626    0.8453       0.1733    0.09198          -0.02055    -0.08221           0.9954      0.5128          0.1331          0.7544        0.3855   0.002333          0.3948
      0.3           12.48       4      20    0.01592    0.8522        0.273     0.1095         -0.002455    -0.00982            1.004      0.4887          0.1284          0.8419        0.3215      0.002          0.4861
      0.4           12.48       4      20    0.01564    0.8582       0.3625     0.1244           0.01289     0.05157            1.012      0.4717          0.1244          0.9367        0.2698   0.001333          0.6758
      0.6            12.5       4      20    0.01495    0.8713       0.5687     0.1599           0.04944      0.1978            1.032      0.4238          0.1138            1.18         0.165  0.0001667           1.555
      0.8           12.51       4      20    0.01374    0.8845       0.7779     0.1957           0.08651       0.346            1.056      0.3753           0.101           1.494       0.08167          0           3.346
        1           12.53       4      20    0.01293    0.8975       0.9819      0.228            0.1199      0.4798            1.076      0.3368          0.0913            1.85       0.04133          0           6.382
     1.25           12.55       4      20    0.01171    0.9133        1.237     0.2706             0.164      0.6559            1.106      0.2733         0.07014            2.47         0.014          0           14.54
      1.5           12.57       4      20    0.01012    0.9301        1.504     0.3165            0.2115       0.846            1.137      0.2195         0.02182           3.345         0.003          0           35.38

=== 4h P3|C|10
 edge_pct  trades_per_30d  mean_N  mean_L  liq_share  tp_share  drift_H_pct  gross_pct  net_notional_pct  eq_ret_pct  30d_median_mult  30d_p_loss  30d_mdd_median  1y_median_mult  1y_p_below50  1y_p_ruin  IS_median_mult
        0           12.54       4      20          0    0.8122     -0.02544    0.06963          -0.03711     -0.1484           0.9848      0.5498          0.1146          0.7126        0.3528          0          0.3957
    0.025           12.54       4      20          0    0.8139   -0.0006149    0.07363          -0.03303     -0.1321           0.9886      0.5427          0.1142          0.7309        0.3335          0          0.4349
     0.05           12.55       4      20          0    0.8154      0.02294    0.07687          -0.02971     -0.1188           0.9901      0.5367          0.1132          0.7476        0.3192          0          0.4757
    0.075           12.55       4      20          0    0.8172      0.04953    0.08103          -0.02545     -0.1018           0.9907      0.5303          0.1096          0.7697         0.302          0           0.551
      0.1           12.55       4      20          0    0.8188         0.07    0.08481          -0.02158     -0.0863           0.9909      0.5273          0.1077           0.788         0.285          0          0.5974
     0.15           12.55       4      20          0    0.8222       0.1255    0.09275          -0.01345    -0.05381           0.9943      0.5155          0.1024          0.8275        0.2547          0          0.6619
      0.2           12.55       4      20          0    0.8252       0.1766    0.09973         -0.006313    -0.02525            0.997      0.5043             0.1          0.8646         0.225          0          0.7452
      0.3           12.56       4      20          0    0.8321       0.2757      0.115           0.00939     0.03756            1.007       0.479          0.0964          0.9554        0.1688          0          0.9496
      0.4           12.56       4      20          0     0.838       0.3647     0.1281           0.02283     0.09132            1.012      0.4602          0.0962           1.037        0.1338          0           1.159
      0.6           12.57       4      20          0    0.8509       0.5706     0.1582           0.05357      0.2143            1.028      0.4133           0.096           1.255       0.06733          0           1.846
      0.8           12.58       4      20          0    0.8645       0.7789     0.1897           0.08583      0.3433            1.045      0.3593           0.096           1.544         0.027          0           3.632
        1           12.59       4      20          0    0.8769       0.9841     0.2174            0.1142      0.4569            1.061       0.318          0.0958           1.839       0.01033          0           5.867
     1.25           12.61       4      20          0    0.8922         1.24     0.2534            0.1511      0.6043            1.083      0.2605          0.0958           2.343        0.0025          0           12.81
      1.5           12.62       4      20          0    0.9088        1.508     0.2929            0.1915      0.7661            1.113      0.2042          0.0958           3.037        0.0005          0           27.07

=== 4h P3|B|30
 edge_pct  trades_per_30d  mean_N  mean_L  liq_share  tp_share  drift_H_pct  gross_pct  net_notional_pct  eq_ret_pct  30d_median_mult  30d_p_loss  30d_mdd_median  1y_median_mult  1y_p_below50  1y_p_ruin  IS_median_mult
        0           11.66       4      20     0.0441    0.5365     -0.01984    0.04308           -0.1017      -0.407           0.9323      0.6038          0.2375          0.3614        0.7835     0.1448         0.04355
    0.025           11.66       4      20    0.04368    0.5393     0.004432    0.05504          -0.08945     -0.3578           0.9378      0.5967          0.2349           0.386        0.7633     0.1285         0.05706
     0.05           11.66       4      20    0.04323     0.542      0.02821    0.06741          -0.07673     -0.3069           0.9431        0.59          0.2328          0.4165         0.743     0.1097         0.07248
    0.075           11.67       4      20    0.04258    0.5456      0.05508    0.08172          -0.06195     -0.2478           0.9494      0.5802          0.2297           0.454        0.7148    0.09217         0.08541
      0.1           11.67       4      20    0.04229    0.5481      0.07652    0.09368          -0.04973     -0.1989           0.9532      0.5733          0.2273           0.491        0.6918    0.08017         0.09925
     0.15           11.67       4      20     0.0417    0.5547       0.1329     0.1207          -0.02212    -0.08849           0.9655      0.5535          0.2201          0.5767        0.6415    0.06017          0.1769
      0.2           11.68       4      20    0.04104    0.5607       0.1827     0.1452           0.00297     0.01188           0.9764      0.5328          0.2159          0.6661        0.5957    0.04367          0.2705
      0.3            11.7       4      20    0.03974    0.5723       0.2828     0.1961           0.05511      0.2204            1.001      0.4978          0.2053          0.9058        0.4807     0.0215          0.7302
      0.4            11.7       4      20    0.03876    0.5835        0.371     0.2419            0.1019      0.4077            1.024      0.4642          0.2034           1.196        0.3807   0.009167           1.275
      0.6           11.72       4      20    0.03658    0.6071       0.5804     0.3428            0.2051      0.8203            1.077      0.3888          0.2018           2.181        0.1993   0.001167           7.966
      0.8           11.74       4      20    0.03357    0.6318       0.7897     0.4486            0.3135       1.254            1.139      0.3092          0.1773           4.143       0.08083  0.0001667           47.39
        1           11.75       4      20    0.03133    0.6551        0.988     0.5474            0.4146       1.658            1.195      0.2435          0.1634           7.571         0.032  0.0001667           346.2
     1.25           11.78       4      20    0.02846    0.6845        1.244     0.6723            0.5423       2.169            1.271      0.1712          0.1475           16.18      0.006833          0            2951
      1.5           11.81       4      20    0.02465    0.7155        1.513     0.8063            0.6797       2.719            1.362       0.106          0.1243           36.76      0.001833          0       3.276e+04

=== 4h P3|B|100
 edge_pct  trades_per_30d  mean_N  mean_L  liq_share  tp_share  drift_H_pct  gross_pct  net_notional_pct  eq_ret_pct  30d_median_mult  30d_p_loss  30d_mdd_median  1y_median_mult  1y_p_below50  1y_p_ruin  IS_median_mult
        0           11.02       4      20    0.07132    0.1247     -0.02029    0.01669            -0.165       -0.66           0.8804      0.6333          0.3025          0.1752        0.9035     0.4272        0.006504
    0.025           11.02       4      20    0.07074    0.1258     0.004324    0.03674           -0.1446     -0.5786           0.8881      0.6262          0.2989          0.1945        0.8898     0.3945        0.009304
     0.05           11.02       4      20    0.07003     0.127      0.02889    0.05874           -0.1223     -0.4891           0.8958      0.6165          0.2955          0.2187        0.8748     0.3598         0.01427
    0.075           11.01       4      20    0.06923    0.1282      0.05599    0.08218          -0.09845     -0.3938           0.9042      0.6065          0.2915          0.2504        0.8573     0.3297         0.01825
      0.1           11.01       4      20    0.06885    0.1293      0.07761     0.1022          -0.07819     -0.3128            0.913      0.5987          0.2872          0.2774        0.8422      0.301           0.031
     0.15           11.01       4      20    0.06771    0.1317       0.1334     0.1492          -0.03059     -0.1224           0.9299      0.5763          0.2799          0.3594        0.7948     0.2345         0.04014
      0.2           11.01       4      20    0.06662    0.1341       0.1824      0.191           0.01175     0.04699           0.9462      0.5575          0.2717          0.4607        0.7458      0.184         0.07259
      0.3              11       4      20    0.06494     0.138       0.2817     0.2721           0.09369      0.3748           0.9843      0.5185          0.2594           0.721         0.642     0.1083          0.2666
      0.4              11       4      20    0.06296     0.142       0.3703     0.3494             0.172      0.6882            1.015      0.4838          0.2464           1.075        0.5403      0.059           1.074
      0.6           10.99       4      20    0.05893    0.1514       0.5763     0.5223             0.347       1.388            1.091      0.3965          0.2251           2.657        0.3083    0.01067           20.93
      0.8           10.98       4      20    0.05439    0.1603       0.7844     0.6978            0.5249         2.1            1.175      0.3108          0.2036           7.009        0.1388      0.001           466.4
        1           10.97       4      20    0.05024    0.1688       0.9861     0.8681            0.6973       2.789            1.268      0.2392           0.203           17.96       0.05517     0.0005            5870
     1.25           10.96       4      20    0.04532    0.1795        1.245      1.084            0.9155       3.662            1.391       0.165          0.1793            58.5        0.0165          0       1.378e+05
      1.5           10.95       4      20    0.03949    0.1916        1.517      1.306             1.141       4.565            1.529     0.09717          0.1516           191.7      0.006167          0        5.69e+06

=== 4h P4|A|10
 edge_pct  trades_per_30d  mean_N  mean_L  liq_share  tp_share  drift_H_pct  gross_pct  net_notional_pct  eq_ret_pct  30d_median_mult  30d_p_loss  30d_mdd_median  1y_median_mult  1y_p_below50  1y_p_ruin  IS_median_mult
        0           12.86      20      50    0.07884    0.9142     -0.02371    0.06147          -0.07225      -1.445           0.7507      0.6473           0.415         0.02543         0.983     0.8305        1.33e-05
    0.025           12.86      20      50    0.07825    0.9149    0.0007712     0.0626          -0.07083      -1.417           0.7507      0.6442           0.415         0.02681         0.982     0.8232       1.596e-05
     0.05           12.86      20      50    0.07806    0.9152      0.02426    0.06297          -0.07036      -1.407           0.7507      0.6428           0.415         0.02716        0.9805     0.8215       1.991e-05
    0.075           12.86      20      50    0.07748    0.9158       0.0505    0.06399          -0.06905      -1.381           0.7625      0.6402           0.415         0.02879        0.9798     0.8148       1.991e-05
      0.1           12.86      20      50    0.07712    0.9163      0.07212    0.06469          -0.06817      -1.363           0.7637      0.6383           0.415         0.02921        0.9798     0.8095       2.224e-05
     0.15           12.86      20      50    0.07613    0.9174        0.127    0.06643          -0.06595      -1.319            0.765      0.6327           0.415          0.0318        0.9773     0.7975       2.892e-05
      0.2           12.86      20      50    0.07496    0.9187        0.179    0.06854          -0.06326      -1.265           0.7652      0.6277           0.415         0.03474        0.9747     0.7785       5.117e-05
      0.3           12.86      20      50    0.07332    0.9208        0.277    0.07154          -0.05945      -1.189           0.7665       0.619           0.415         0.04005        0.9685     0.7587        8.41e-05
      0.4           12.86      20      50    0.07121    0.9232       0.3661    0.07539          -0.05455      -1.091           0.7782      0.6087           0.415         0.04991         0.963      0.725       0.0001409
      0.6           12.86      20      50    0.06638    0.9287       0.5703    0.08392          -0.04366     -0.8732           0.7826      0.5815           0.415         0.07559         0.945      0.643       0.0004802
      0.8           12.87      20      50    0.06134    0.9344        0.777    0.09295          -0.03215     -0.6431            0.815      0.5437          0.4027          0.1213         0.911       0.54         0.00265
        1           12.87      20      50     0.0576    0.9392       0.9819     0.1001          -0.02317     -0.4635           0.8481      0.5222          0.4027          0.1744        0.8782     0.4565        0.005974
     1.25           12.87      20      50    0.05237    0.9451        1.239     0.1094          -0.01127     -0.2254            1.133      0.4797               0            0.28        0.8162     0.3485         0.02918
      1.5           12.88      20      50    0.04576    0.9525        1.505     0.1212          0.003763     0.07526            1.181       0.435               0          0.4988         0.712     0.2167          0.1192

=== 4h P4|B|10
 edge_pct  trades_per_30d  mean_N  mean_L  liq_share  tp_share  drift_H_pct  gross_pct  net_notional_pct  eq_ret_pct  30d_median_mult  30d_p_loss  30d_mdd_median  1y_median_mult  1y_p_below50  1y_p_ruin  IS_median_mult
        0           12.86      20      50    0.07672    0.9141     -0.02373    0.06147          -0.07134      -1.427           0.7507       0.648           0.415         0.02673        0.9823     0.8248        1.71e-05
    0.025           12.86      20      50    0.07616    0.9149    0.0007498    0.06262          -0.06991      -1.398           0.7635       0.645           0.415          0.0282        0.9812     0.8173       1.907e-05
     0.05           12.86      20      50    0.07598    0.9151      0.02424    0.06299          -0.06944      -1.389           0.7638      0.6437           0.415         0.02857        0.9798      0.814       1.917e-05
    0.075           12.86      20      50    0.07554    0.9158      0.05048      0.064          -0.06821      -1.364            0.765       0.641           0.415         0.02983        0.9792     0.8072       2.068e-05
      0.1           12.86      20      50    0.07518    0.9162       0.0721    0.06475          -0.06728      -1.346            0.765       0.639           0.415         0.03065        0.9792     0.8018       2.255e-05
     0.15           12.86      20      50    0.07412    0.9173        0.127    0.06649          -0.06502        -1.3           0.7657      0.6333           0.415         0.03318        0.9765     0.7903       3.175e-05
      0.2           12.86      20      50    0.07302    0.9187       0.1789    0.06864          -0.06233      -1.247           0.7665       0.628           0.415         0.03589        0.9745     0.7703       5.538e-05
      0.3           12.86      20      50    0.07142    0.9207        0.277    0.07163          -0.05854      -1.171           0.7665      0.6193           0.415         0.04208         0.968     0.7495       7.739e-05
      0.4           12.86      20      50    0.06928    0.9232       0.3661    0.07549          -0.05362      -1.072           0.7805       0.609           0.415         0.05234        0.9622     0.7162       0.0001716
      0.6           12.86      20      50    0.06467    0.9287       0.5703    0.08394           -0.0429     -0.8579           0.7974      0.5827           0.415          0.0779        0.9423     0.6332       0.0004887
      0.8           12.87      20      50    0.05973    0.9344        0.777    0.09304          -0.03138     -0.6276           0.8294       0.544          0.4027          0.1258        0.9078     0.5295        0.002862
        1           12.87      20      50    0.05621    0.9392       0.9819     0.1001           -0.0225     -0.4499           0.8526      0.5225          0.4027          0.1797        0.8743      0.449        0.006715
     1.25           12.87      20      50     0.0512    0.9451        1.239     0.1095          -0.01071     -0.2142            1.132        0.48               0          0.2872        0.8118      0.342          0.0283
      1.5           12.88      20      50    0.04473    0.9525        1.505     0.1212           0.00425     0.08499            1.181      0.4348               0          0.5077        0.7047     0.2117          0.1213

=== 4h P4|C|10
 edge_pct  trades_per_30d  mean_N  mean_L  liq_share  tp_share  drift_H_pct  gross_pct  net_notional_pct  eq_ret_pct  30d_median_mult  30d_p_loss  30d_mdd_median  1y_median_mult  1y_p_below50  1y_p_ruin  IS_median_mult
        0           12.92      20      50          0     0.892     -0.02325     0.0983         -0.002288    -0.04577            1.008      0.4962           0.179          0.6901         0.532     0.0275          0.3172
    0.025           12.92      20      50          0    0.8927      0.00123    0.09896         -0.001597    -0.03195            1.009       0.493           0.179          0.7041         0.521    0.02633          0.3222
     0.05           12.92      20      50          0    0.8929      0.02479    0.09911         -0.001437    -0.02875             1.01      0.4923           0.179          0.7077        0.5198    0.02533          0.3128
    0.075           12.92      20      50          0    0.8936      0.05086    0.09976        -0.0007504    -0.01501             1.01        0.49           0.179          0.7222        0.5085    0.02383          0.3514
      0.1           12.91      20      50          0    0.8941      0.07238     0.1002        -0.0002457   -0.004914            1.011      0.4872           0.179           0.739        0.4995    0.02283          0.3514
     0.15           12.91      20      50          0    0.8949       0.1272      0.101         0.0005326     0.01065            1.011       0.483           0.179          0.7597         0.489    0.02167          0.4089
      0.2           12.91      20      50          0    0.8961       0.1787     0.1022          0.001783     0.03565            1.011      0.4783           0.179          0.7916        0.4707    0.02083          0.4551
      0.3           12.91      20      50          0     0.898       0.2763     0.1039          0.003604     0.07208            1.011      0.4663           0.179          0.8383        0.4458      0.017          0.4929
      0.4           12.92      20      50          0    0.9006       0.3647     0.1063          0.006153      0.1231            1.027      0.4547           0.179           0.916        0.4065    0.01383          0.7035
      0.6           12.92      20      50          0    0.9058       0.5694     0.1111            0.0112      0.2241            1.032       0.428           0.179           1.092        0.3333   0.006667           1.081
      0.8           12.92      20      50          0    0.9116       0.7762     0.1165           0.01691      0.3382            1.054      0.3958           0.179           1.337        0.2572      0.004            2.32
        1           12.92      20      50          0    0.9164       0.9815      0.121            0.0217      0.4341            1.054      0.3725           0.179            1.58        0.2027   0.002333           3.387
     1.25           12.92      20      50          0    0.9217        1.239     0.1259           0.02685      0.5371            1.076      0.3408           0.179           1.882        0.1465   0.001667           5.019
      1.5           12.92      20      50          0    0.9292        1.505     0.1331           0.03437      0.6875            1.098      0.2997           0.179           2.398        0.0905  0.0003333           11.82

=== 4h P4|B|100
 edge_pct  trades_per_30d  mean_N  mean_L  liq_share  tp_share  drift_H_pct  gross_pct  net_notional_pct  eq_ret_pct  30d_median_mult  30d_p_loss  30d_mdd_median  1y_median_mult  1y_p_below50  1y_p_ruin  IS_median_mult
        0           11.95      20      50     0.4437    0.3689     -0.01055    0.09345           -0.2299      -4.598           0.2466      0.8478          0.8645       1.907e-08        0.9998     0.9997       1.534e-23
    0.025           11.95      20      50     0.4413    0.3712      0.01483      0.103           -0.2192      -4.383           0.2511      0.8435          0.8612       2.664e-08        0.9998     0.9995       6.179e-23
     0.05           11.95      20      50     0.4388    0.3734      0.03851     0.1124           -0.2086      -4.172           0.2598       0.839          0.8563       3.842e-08        0.9998     0.9995       1.489e-22
    0.075           11.95      20      50     0.4354    0.3762      0.06535      0.125           -0.1944      -3.888           0.2687      0.8323          0.8541       6.061e-08        0.9998     0.9992       3.884e-22
      0.1           11.95      20      50      0.433    0.3783      0.08738     0.1343            -0.184      -3.681           0.2749      0.8273          0.8502       8.568e-08        0.9997      0.999        9.24e-22
     0.15           11.94      20      50     0.4273    0.3833       0.1435     0.1547           -0.1609      -3.218           0.2904      0.8162          0.8403       1.658e-07        0.9997     0.9987        8.79e-21
      0.2           11.94      20      50     0.4219    0.3882       0.1949     0.1751           -0.1379      -2.758           0.3075      0.8055          0.8387       3.335e-07        0.9997     0.9983       7.463e-20
      0.3           11.93      20      50     0.4108    0.3984       0.2942     0.2172           -0.0906      -1.812           0.3439      0.7802          0.8213       1.585e-06        0.9993     0.9972       5.353e-18
      0.4           11.93      20      50     0.4006    0.4068       0.3823     0.2542          -0.04879     -0.9758           0.3839      0.7587          0.8054       6.043e-06        0.9988      0.995       3.445e-16
      0.6           11.93      20      50     0.3794    0.4261       0.5838     0.3343           0.04131      0.8263           0.4718      0.7037          0.7943       9.925e-05        0.9963     0.9772       1.435e-12
      0.8           11.92      20      50     0.3577     0.445         0.79     0.4149            0.1322       2.644           0.6042       0.645          0.7505        0.001793        0.9808     0.9207       1.019e-08
        1           11.91      20      50     0.3371     0.464        0.995     0.4947            0.2218       4.435           0.7775      0.5777          0.7238         0.03099        0.9442     0.8117        5.14e-05
     1.25            11.9      20      50     0.3098    0.4887        1.258     0.5962            0.3362       6.723            1.041      0.4887          0.6607           1.095        0.8468     0.5758          0.8803
      1.5           11.89      20      50     0.2816    0.5142        1.526     0.7024            0.4558       9.115            1.391      0.3953          0.6578            50.4        0.6748      0.327       9.595e+04

=== 4h P5|A|10
 edge_pct  trades_per_30d  mean_N  mean_L  liq_share  tp_share  drift_H_pct  gross_pct  net_notional_pct  eq_ret_pct  30d_median_mult  30d_p_loss  30d_mdd_median  1y_median_mult  1y_p_below50  1y_p_ruin  IS_median_mult
        0           12.43   4.188   20.72    0.05217    0.8473     -0.03131    0.05117            -0.077     -0.3296           0.9628      0.5752          0.1902          0.4876        0.6462    0.02633          0.1799
    0.025           12.43   4.188   20.72    0.05178    0.8488    -0.006013    0.05518          -0.07274     -0.3119           0.9649      0.5708          0.1901          0.5047        0.6343    0.02417          0.1846
     0.05           12.43   4.188   20.72    0.05139    0.8501      0.01747    0.05896          -0.06871     -0.2952           0.9655      0.5667            0.19          0.5185        0.6195    0.02283          0.1988
    0.075           12.43   4.188   20.72    0.05067    0.8518      0.04394    0.06386           -0.0634     -0.2724           0.9664      0.5598          0.1782          0.5392        0.5992     0.0205          0.2247
      0.1           12.44   4.188   20.72    0.05017    0.8533      0.06438    0.06856          -0.05839     -0.2516           0.9719      0.5545           0.171          0.5583         0.582     0.0175          0.2248
     0.15           12.44   4.188   20.72    0.04902    0.8568       0.1199    0.07897          -0.04729      -0.206            0.979      0.5447          0.1615          0.5994        0.5435    0.01483          0.2127
      0.2           12.45   4.188   20.72    0.04802    0.8598       0.1719    0.08768          -0.03796     -0.1664           0.9818      0.5335          0.1534          0.6328        0.5105    0.01067           0.261
      0.3           12.45   4.188   20.72    0.04629    0.8665       0.2713     0.1055          -0.01896    -0.08729            0.996       0.511          0.1392          0.7195         0.447     0.0075           0.365
      0.4           12.46   4.188   20.72    0.04475    0.8724       0.3611      0.121         -0.002424    -0.01819            1.004      0.4942          0.1305          0.8095        0.3898   0.004333          0.5418
      0.6           12.48   4.189   20.73    0.04071    0.8852       0.5671     0.1572            0.0362      0.1428             1.03      0.4533          0.1109           1.045        0.2625     0.0025          0.9993
      0.8            12.5   4.189   20.73    0.03659     0.898       0.7764     0.1936           0.07514      0.3043            1.061       0.405         0.09002           1.375        0.1508  0.0001667           2.468
        1           12.52   4.189   20.73    0.03304    0.9105       0.9802     0.2272            0.1111      0.4559            1.088      0.3643         0.07533           1.755       0.08333          0           4.944
     1.25           12.54   4.188   20.72    0.02778    0.9259        1.235     0.2732            0.1603      0.6628             1.12      0.2983         0.04542           2.465       0.02617          0              14
      1.5           12.57   4.188   20.73    0.02208    0.9428        1.503     0.3227            0.2131      0.8835            1.154       0.236       0.0005665           3.543      0.006167          0           38.56

=== 4h P5|B|10
 edge_pct  trades_per_30d  mean_N  mean_L  liq_share  tp_share  drift_H_pct  gross_pct  net_notional_pct  eq_ret_pct  30d_median_mult  30d_p_loss  30d_mdd_median  1y_median_mult  1y_p_below50  1y_p_ruin  IS_median_mult
        0           12.48   4.188   20.72     0.0173    0.8407      -0.0306    0.05568          -0.05745     -0.2449           0.9714      0.5653          0.1489          0.5826        0.5382   0.008833          0.1856
    0.025           12.49   4.188   20.72    0.01722    0.8423    -0.005362    0.05977          -0.05325     -0.2276           0.9748        0.56          0.1476          0.6004         0.523     0.0075          0.1996
     0.05           12.49   4.188   20.72    0.01714    0.8436      0.01832    0.06326          -0.04965     -0.2127           0.9762      0.5553          0.1458          0.6121        0.5118   0.006333           0.234
    0.075           12.49   4.188   20.72    0.01692    0.8452      0.04519    0.06777          -0.04495     -0.1928           0.9788      0.5498          0.1444          0.6327        0.4943   0.005167          0.2471
      0.1           12.49   4.188   20.72    0.01677    0.8469       0.0657    0.07251          -0.04004      -0.172            0.981      0.5447          0.1422          0.6543        0.4763   0.004167          0.2934
     0.15           12.49   4.188   20.72    0.01646    0.8502       0.1211    0.08197          -0.03027     -0.1319           0.9862       0.534          0.1389          0.6984        0.4375   0.003333          0.3432
      0.2           12.49   4.188   20.72    0.01623    0.8533       0.1732    0.09013          -0.02184    -0.09599           0.9919      0.5217          0.1366          0.7377        0.4023   0.002333          0.3634
      0.3            12.5   4.188   20.72    0.01589      0.86       0.2728     0.1072          -0.00422    -0.02247            1.001      0.4962          0.1304          0.8286        0.3397   0.002167           0.462
      0.4           12.51   4.188   20.73    0.01562    0.8658       0.3622     0.1217           0.01069     0.03972            1.009      0.4798          0.1277          0.9175        0.2847   0.001167          0.6148
      0.6           12.52   4.189   20.73    0.01492    0.8789       0.5679     0.1564           0.04648      0.1884            1.029      0.4318          0.1154           1.154        0.1742  0.0003333           1.411
      0.8           12.53   4.189   20.73    0.01371    0.8917       0.7771      0.191           0.08237      0.3371            1.053       0.382           0.103            1.47       0.08933          0            3.07
        1           12.55   4.189   20.73    0.01291    0.9041       0.9811     0.2222            0.1146      0.4721            1.075      0.3402         0.09792           1.824       0.04483          0           6.531
     1.25           12.57   4.188   20.73    0.01169    0.9192        1.236     0.2635            0.1573      0.6497            1.105      0.2777         0.07807           2.445       0.01433          0           14.07
      1.5           12.59   4.189   20.73    0.01011    0.9359        1.504     0.3089            0.2043      0.8448            1.137      0.2207          0.0187           3.343        0.0025          0           35.27

=== 4h P5|C|10
 edge_pct  trades_per_30d  mean_N  mean_L  liq_share  tp_share  drift_H_pct  gross_pct  net_notional_pct  eq_ret_pct  30d_median_mult  30d_p_loss  30d_mdd_median  1y_median_mult  1y_p_below50  1y_p_ruin  IS_median_mult
        0           12.58   4.187   20.72          0    0.8191     -0.02618    0.06986          -0.03634     -0.1607           0.9797      0.5582          0.1186          0.7007        0.3723          0          0.3219
    0.025           12.58   4.187   20.72          0    0.8208    -0.001411     0.0737          -0.03241     -0.1445           0.9835      0.5505          0.1166          0.7189        0.3522          0          0.3917
     0.05           12.58   4.187   20.72          0    0.8221      0.02208    0.07663          -0.02941      -0.132           0.9869      0.5447          0.1147          0.7315        0.3385          0          0.4384
    0.075           12.58   4.187   20.72          0    0.8239      0.04859    0.08052          -0.02542      -0.115           0.9892      0.5382          0.1142          0.7558         0.323          0          0.4648
      0.1           12.58   4.187   20.72          0    0.8254      0.06904     0.0841          -0.02175    -0.09909           0.9902      0.5343          0.1129          0.7767        0.3072          0          0.5175
     0.15           12.58   4.187   20.72          0    0.8287       0.1244    0.09169          -0.01399    -0.06706           0.9911       0.523          0.1073          0.8103        0.2767  0.0001667           0.564
      0.2           12.58   4.187   20.72          0    0.8316        0.176    0.09828          -0.00725     -0.0379           0.9951      0.5115          0.1027          0.8468         0.243          0          0.6605
      0.3           12.59   4.187   20.72          0    0.8384       0.2754      0.113          0.007902     0.02568            1.007      0.4855          0.1004          0.9329        0.1858          0           0.888
      0.4           12.59   4.188   20.72          0    0.8441       0.3644     0.1255           0.02068     0.07942            1.011      0.4682         0.09945           1.018         0.148          0            1.16
      0.6            12.6   4.188   20.73          0    0.8571       0.5699     0.1544           0.05032      0.2035            1.028       0.422          0.0962            1.24       0.07283          0             1.8
      0.8           12.61   4.188   20.73          0    0.8702        0.778     0.1847           0.08131      0.3326            1.045      0.3662           0.096           1.522       0.03167          0           3.466
        1           12.62   4.188   20.73          0    0.8821       0.9832     0.2108             0.108      0.4458            1.061      0.3245           0.096           1.814       0.01217          0           5.508
     1.25           12.64   4.188   20.72          0    0.8967        1.239     0.2448            0.1429      0.5921            1.079      0.2692          0.0958           2.309      0.003333          0           12.12
      1.5           12.65   4.188   20.72          0     0.913        1.508     0.2826            0.1816       0.754            1.111      0.2118          0.0958            2.99     0.0006667          0           24.95

=== 4h P5|B|100
 edge_pct  trades_per_30d  mean_N  mean_L  liq_share  tp_share  drift_H_pct  gross_pct  net_notional_pct  eq_ret_pct  30d_median_mult  30d_p_loss  30d_mdd_median  1y_median_mult  1y_p_below50  1y_p_ruin  IS_median_mult
        0           11.02   4.189   20.73    0.07132    0.1277     -0.02011      0.015           -0.1665     -0.6833           0.8743      0.6365          0.3098           0.166        0.9093     0.4462        0.006185
    0.025           11.02    4.19   20.73    0.07073    0.1288     0.004505    0.03503           -0.1462     -0.5997           0.8813      0.6293          0.3065          0.1858        0.8963     0.4107        0.008203
     0.05           11.02    4.19   20.73    0.07002      0.13      0.02907      0.057           -0.1239     -0.5088            0.891      0.6202          0.3039          0.2105        0.8817     0.3777         0.01097
    0.075           11.01    4.19   20.73    0.06922    0.1313      0.05617    0.08044              -0.1     -0.4095           0.9004      0.6092          0.3002          0.2383        0.8658     0.3443         0.01584
      0.1           11.01    4.19   20.73    0.06885    0.1323      0.07779     0.1005          -0.07977     -0.3257           0.9078      0.6017          0.2956          0.2704         0.849     0.3128         0.02287
     0.15           11.01    4.19   20.73     0.0677    0.1348       0.1335     0.1475          -0.03217     -0.1317           0.9265      0.5795          0.2864          0.3464         0.803     0.2477         0.03421
      0.2           11.01    4.19   20.73    0.06661    0.1374       0.1826     0.1893           0.01021      0.0445           0.9432      0.5598            0.28          0.4525        0.7558     0.1945         0.07839
      0.3              11   4.189   20.73    0.06493    0.1413       0.2819     0.2702           0.09201      0.3787           0.9822        0.52          0.2663          0.7052        0.6508      0.114          0.2138
      0.4              11   4.189   20.73    0.06295    0.1454       0.3707     0.3477            0.1706      0.6999            1.014       0.484          0.2521           1.069         0.543      0.064          0.9789
      0.6           10.99   4.189   20.73    0.05893    0.1553       0.5766     0.5206            0.3456        1.42            1.094      0.3975          0.2286           2.718        0.3105    0.01183            19.7
      0.8           10.98   4.189   20.73    0.05438    0.1645       0.7846     0.6959            0.5232       2.148            1.183       0.311          0.2036           7.338        0.1383   0.001167           446.2
        1           10.97    4.19   20.73    0.05023    0.1734       0.9863     0.8658            0.6954       2.859            1.276      0.2402          0.2031            19.4       0.05583     0.0005            7449
     1.25           10.96   4.189   20.73    0.04531    0.1844        1.247      1.081            0.9133       3.751            1.406       0.163          0.1841           65.33        0.0165          0       1.795e+05
      1.5           10.95   4.189   20.73    0.03948    0.1968        1.518      1.304             1.139       4.675            1.544     0.09467          0.1543           221.4      0.005667          0       9.211e+06

=== 4h P5c|A|10
 edge_pct  trades_per_30d  mean_N  mean_L  liq_share  tp_share  drift_H_pct  gross_pct  net_notional_pct  eq_ret_pct  30d_median_mult  30d_p_loss  30d_mdd_median  1y_median_mult  1y_p_below50  1y_p_ruin  IS_median_mult
        0           12.43   4.145   20.72    0.05217    0.8473     -0.03131    0.05117            -0.077     -0.3243           0.9635      0.5738          0.1901          0.4926         0.641    0.02533          0.1849
    0.025           12.43   4.194   20.72    0.05178    0.8488    -0.006013    0.05518          -0.07274     -0.2922           0.9653      0.5658          0.1901          0.5171        0.6198      0.023          0.1878
     0.05           12.43   4.236   20.72    0.05139    0.8501      0.01747    0.05896          -0.06871     -0.2603           0.9693       0.559          0.1847          0.5425        0.5965    0.01967          0.2142
    0.075           12.43   4.287   20.72    0.05067    0.8518      0.04394    0.06386           -0.0634     -0.2204           0.9778      0.5493           0.177          0.5788        0.5647      0.017          0.2573
      0.1           12.44   4.338   20.72    0.05017    0.8533      0.06438    0.06856          -0.05839     -0.1817           0.9807      0.5395          0.1661          0.6107        0.5325      0.014          0.3043
     0.15           12.44   4.431   20.72    0.04902    0.8568       0.1199    0.07897          -0.04729     -0.1038           0.9918      0.5192          0.1577          0.6897         0.482    0.01183          0.3204
      0.2           12.45   4.526   20.72    0.04802    0.8598       0.1719    0.08768          -0.03796    -0.03359           0.9974      0.5027          0.1503          0.7664        0.4272   0.008333          0.4526
      0.3           12.45   4.717   20.72    0.04629    0.8665       0.2713     0.1055          -0.01896      0.1129            1.022       0.465           0.136          0.9546        0.3303      0.004          0.8207
      0.4           12.46   4.903   20.72    0.04475    0.8724       0.3611      0.121         -0.002424      0.2482            1.041      0.4328          0.1276           1.187        0.2513   0.001833           1.399
      0.6           12.48   5.279   20.73    0.04071    0.8852       0.5671     0.1572            0.0362      0.5346            1.084       0.362           0.109           1.832        0.1345     0.0005            4.76
      0.8            12.5   5.653   20.73    0.03659     0.898       0.7764     0.1936           0.07514      0.8281            1.133      0.2872         0.08693           2.912       0.06583          0           22.15
        1           12.52   6.031   20.73    0.03304    0.9105       0.9802     0.2272            0.1111       1.107            1.172      0.2315         0.07455           4.495       0.03633          0            67.1
     1.25           12.54   6.517   20.72    0.02778    0.9259        1.235     0.2732            0.1603        1.48             1.23      0.1635         0.04497           8.045        0.0165          0           325.6
      1.5           12.57   6.997   20.73    0.02208    0.9428        1.503     0.3227            0.2131       1.869            1.289      0.1165       8.749e-05           14.78        0.0105          0            2212

=== 4h P5c|B|10
 edge_pct  trades_per_30d  mean_N  mean_L  liq_share  tp_share  drift_H_pct  gross_pct  net_notional_pct  eq_ret_pct  30d_median_mult  30d_p_loss  30d_mdd_median  1y_median_mult  1y_p_below50  1y_p_ruin  IS_median_mult
        0           12.48   4.145   20.72     0.0173    0.8407      -0.0306    0.05568          -0.05745      -0.241           0.9722       0.564           0.148          0.5862        0.5328   0.008167          0.1876
    0.025           12.49   4.194   20.72    0.01722    0.8423    -0.005362    0.05977          -0.05325     -0.2101            0.977      0.5522          0.1457          0.6135        0.5067      0.007           0.216
     0.05           12.49   4.237   20.72    0.01714    0.8436      0.01832    0.06326          -0.04965     -0.1804             0.98      0.5447          0.1442           0.642        0.4853   0.005333          0.2599
    0.075           12.49   4.287   20.72    0.01692    0.8452      0.04519    0.06777          -0.04495     -0.1448            0.985      0.5353          0.1422          0.6783         0.453   0.004667          0.2937
      0.1           12.49   4.338   20.72    0.01677    0.8469       0.0657    0.07251          -0.04004     -0.1081           0.9897       0.526          0.1406           0.714        0.4267   0.004667          0.3607
     0.15           12.49   4.432   20.72    0.01646    0.8502       0.1211    0.08197          -0.03027    -0.03932           0.9973      0.5047           0.138          0.7943        0.3813   0.003167          0.4939
      0.2           12.49   4.526   20.72    0.01623    0.8533       0.1732    0.09013          -0.02184      0.0255            1.007      0.4855          0.1352          0.8736        0.3338   0.002667            0.56
      0.3            12.5   4.717   20.72    0.01589      0.86       0.2728     0.1072          -0.00422      0.1647            1.026      0.4467          0.1298           1.081          0.24   0.001667           1.013
      0.4           12.51   4.903   20.73    0.01562    0.8658       0.3622     0.1217           0.01069       0.289            1.042       0.414          0.1268           1.304        0.1778  0.0008333           1.945
      0.6           12.52   5.279   20.73    0.01492    0.8789       0.5679     0.1564           0.04648      0.5565            1.081      0.3478          0.1154           1.953       0.09317     0.0005           6.338
      0.8           12.53   5.654   20.73    0.01371    0.8917       0.7771      0.191           0.08237      0.8284            1.124      0.2787           0.103           2.976       0.04417          0           23.01
        1           12.55   6.032   20.73    0.01291    0.9041       0.9811     0.2222            0.1146       1.084            1.161       0.227         0.09487           4.409       0.02567          0           77.24
     1.25           12.57   6.519   20.73    0.01169    0.9192        1.236     0.2635            0.1573       1.417            1.211      0.1712         0.07619           7.327       0.01267          0             339
      1.5           12.59   6.998   20.73    0.01011    0.9359        1.504     0.3089            0.2043       1.769            1.269      0.1263          0.0196           12.69          0.01          0            1610

=== 4h P5c|C|10
 edge_pct  trades_per_30d  mean_N  mean_L  liq_share  tp_share  drift_H_pct  gross_pct  net_notional_pct  eq_ret_pct  30d_median_mult  30d_p_loss  30d_mdd_median  1y_median_mult  1y_p_below50  1y_p_ruin  IS_median_mult
        0           12.58   4.144   20.72          0    0.8191     -0.02618    0.06986          -0.03634     -0.1567           0.9798      0.5563           0.117          0.7065        0.3653          0           0.333
    0.025           12.58   4.193   20.72          0    0.8208    -0.001411     0.0737          -0.03241     -0.1259           0.9865      0.5425           0.115          0.7397        0.3335          0           0.422
     0.05           12.58   4.235   20.72          0    0.8221      0.02208    0.07663          -0.02941      -0.101           0.9897      0.5318          0.1144          0.7686        0.3137          0          0.4985
    0.075           12.58   4.286   20.72          0    0.8239      0.04859    0.08052          -0.02542    -0.06816           0.9913       0.521          0.1128          0.8085        0.2878          0          0.6071
      0.1           12.58   4.337   20.72          0    0.8254      0.06904     0.0841          -0.02175    -0.04099           0.9943      0.5132          0.1109          0.8459        0.2655          0          0.6398
     0.15           12.58   4.431   20.72          0    0.8287       0.1244    0.09169          -0.01399     0.01599            1.004       0.493          0.1056          0.9109        0.2258  0.0001667          0.8828
      0.2           12.58   4.525   20.72          0    0.8316        0.176    0.09828          -0.00725     0.06976            1.008      0.4755          0.1008          0.9859        0.1833  0.0001667            1.06
      0.3           12.59   4.717   20.72          0    0.8384       0.2754      0.113          0.007902      0.1883            1.027      0.4327          0.0964           1.174        0.1253  0.0001667           1.643
      0.4           12.59   4.902   20.72          0    0.8441       0.3644     0.1255           0.02068      0.2941             1.04      0.3975          0.0962            1.38       0.08983          0           2.558
      0.6            12.6   5.278   20.73          0    0.8571       0.5699     0.1544           0.05032      0.5256            1.071       0.333           0.096           1.947        0.0385          0           6.451
      0.8           12.61   5.653   20.73          0    0.8702        0.778     0.1847           0.08131      0.7578            1.107      0.2732           0.096           2.795         0.016          0           18.63
        1           12.62   6.032   20.73          0    0.8821       0.9832     0.2108             0.108       0.973            1.138      0.2303           0.096           3.827      0.008833          0           51.95
     1.25           12.64    6.52   20.72          0    0.8967        1.239     0.2448            0.1429       1.244            1.183      0.1843          0.0958            5.76      0.004167          0           174.6
      1.5           12.65   6.998   20.72          0     0.913        1.508     0.2826            0.1816       1.543            1.225      0.1493          0.0958           9.131      0.001667          0           688.8

=== 4h P6|B|none
 edge_pct  trades_per_30d  mean_N  mean_L  liq_share  tp_share  drift_H_pct  gross_pct  net_notional_pct  eq_ret_pct  30d_median_mult  30d_p_loss  30d_mdd_median  1y_median_mult  1y_p_below50  1y_p_ruin  IS_median_mult
        0           10.87  0.3026   9.407          0         0      -0.0266   -0.04281           -0.2012    -0.05139           0.9928      0.6152         0.02228          0.9278             0          0          0.8205
    0.025           10.87  0.3026   9.407          0         0    -0.002976    -0.0199           -0.1783    -0.04571           0.9934      0.6057         0.02198          0.9353             0          0          0.8386
     0.05           10.87  0.3026   9.406          0         0      0.01945   0.001339           -0.1571    -0.03988           0.9941      0.5972         0.02175          0.9425             0          0          0.8571
    0.075           10.86  0.3026   9.407          0         0      0.04677    0.02684           -0.1316    -0.03331           0.9948      0.5865         0.02125          0.9506             0          0          0.8824
      0.1           10.86  0.3026   9.407          0         0        0.069    0.04723           -0.1113    -0.02732           0.9953      0.5772         0.02095          0.9588             0          0          0.9056
     0.15           10.86  0.3027   9.408          0         0       0.1246    0.09836          -0.06016    -0.01404           0.9967      0.5547         0.02027          0.9753             0          0          0.9476
      0.2           10.85  0.3027   9.407          0         0       0.1746     0.1449          -0.01367   -0.001403           0.9983      0.5305         0.01998          0.9911             0          0          0.9871
      0.3           10.85  0.3027   9.408          0         0       0.2728     0.2357           0.07706     0.02265            1.001       0.488         0.01935           1.025             0          0           1.072
      0.4           10.84  0.3027   9.408          0         0       0.3625     0.3203            0.1616     0.04465            1.004      0.4465         0.01804           1.055             0          0           1.167
      0.6           10.82  0.3027   9.408          0         0       0.5684     0.5112            0.3524      0.0953            1.009      0.3597         0.01556           1.126             0          0           1.381
      0.8            10.8  0.3027   9.408          0         0       0.7761     0.7066            0.5477      0.1467            1.014      0.2735          0.0131           1.205             0          0           1.699
        1           10.79  0.3028   9.408          0         0       0.9774     0.8928            0.7339      0.1973             1.02      0.2075          0.0111           1.288             0          0           2.067
     1.25           10.77  0.3028   9.408          0         0        1.237      1.133             0.974      0.2608            1.026       0.135         0.01006           1.399             0          0           2.676
      1.5           10.75  0.3028   9.408          0         0        1.511      1.382             1.223      0.3267            1.033     0.07233         0.01003           1.522             0          0           3.468

=== 4h P6h|B|none
 edge_pct  trades_per_30d  mean_N  mean_L  liq_share  tp_share  drift_H_pct  gross_pct  net_notional_pct  eq_ret_pct  30d_median_mult  30d_p_loss  30d_mdd_median  1y_median_mult  1y_p_below50  1y_p_ruin  IS_median_mult
        0           10.87  0.1513   9.407          0         0      -0.0266   -0.04281           -0.2012    -0.02569           0.9965      0.6135         0.01118          0.9641             0          0          0.9085
    0.025           10.87  0.1513   9.407          0         0    -0.002976    -0.0199           -0.1783    -0.02285           0.9968      0.6035         0.01102           0.968             0          0          0.9181
     0.05           10.87  0.1513   9.406          0         0      0.01945   0.001339           -0.1571    -0.01994           0.9971      0.5945         0.01089          0.9716             0          0          0.9283
    0.075           10.86  0.1513   9.407          0         0      0.04677    0.02684           -0.1316    -0.01665           0.9974      0.5838         0.01066          0.9759             0          0          0.9422
      0.1           10.86  0.1513   9.407          0         0        0.069    0.04723           -0.1113    -0.01366           0.9977      0.5742          0.0105          0.9801             0          0          0.9543
     0.15           10.86  0.1513   9.408          0         0       0.1246    0.09836          -0.06016   -0.007019           0.9984      0.5517         0.01016          0.9885             0          0          0.9763
      0.2           10.85  0.1513   9.407          0         0       0.1746     0.1449          -0.01367  -0.0007015           0.9992      0.5272         0.01002          0.9965             0          0          0.9964
      0.3           10.85  0.1513   9.408          0         0       0.2728     0.2357           0.07706     0.01132                1      0.4847        0.009693           1.013             0          0           1.038
      0.4           10.84  0.1513   9.408          0         0       0.3625     0.3203            0.1616     0.02233            1.002       0.443        0.009036           1.028             0          0           1.084
      0.6           10.82  0.1514   9.408          0         0       0.5684     0.5112            0.3524     0.04765            1.004       0.357        0.007792           1.062             0          0           1.179
      0.8            10.8  0.1514   9.408          0         0       0.7761     0.7066            0.5477     0.07337            1.007      0.2703        0.006557           1.099             0          0           1.308
        1           10.79  0.1514   9.408          0         0       0.9774     0.8928            0.7339     0.09867             1.01       0.206        0.005549           1.136             0          0           1.442
     1.25           10.77  0.1514   9.408          0         0        1.237      1.133             0.974      0.1304            1.013       0.134        0.005031           1.184             0          0           1.641
      1.5           10.75  0.1514   9.408          0         0        1.511      1.382             1.223      0.1634            1.016     0.07233        0.005015           1.235             0          0           1.868

=== 4h P6|B|10
 edge_pct  trades_per_30d  mean_N  mean_L  liq_share  tp_share  drift_H_pct  gross_pct  net_notional_pct  eq_ret_pct  30d_median_mult  30d_p_loss  30d_mdd_median  1y_median_mult  1y_p_below50  1y_p_ruin  IS_median_mult
        0            11.9   0.301   9.396          0    0.6564     -0.02511    0.05655          -0.06172    -0.02704           0.9974       0.565          0.0152          0.9615             0          0          0.8846
    0.025           11.91   0.301   9.396          0    0.6593    -0.001951    0.06687          -0.05123     -0.0241           0.9977      0.5573         0.01485          0.9658             0          0          0.9065
     0.05           11.91   0.301   9.396          0    0.6618      0.02135    0.07574          -0.04222    -0.02144            0.998       0.551         0.01469          0.9686             0          0          0.9126
    0.075           11.91   0.301   9.395          0    0.6648      0.04916    0.08592          -0.03186    -0.01833           0.9983      0.5415         0.01447           0.973             0          0          0.9306
      0.1           11.92   0.301   9.395          0    0.6675      0.07021    0.09554           -0.0221    -0.01527           0.9986      0.5345         0.01427          0.9781             0          0          0.9356
     0.15           11.92   0.301   9.395          0    0.6732       0.1258      0.116         -0.001271   -0.009378           0.9994      0.5147         0.01384          0.9865             0          0          0.9604
      0.2           11.93   0.301   9.396          0    0.6788       0.1783     0.1366           0.01961   -0.002932                1      0.4935         0.01341          0.9957             0          0          0.9947
      0.3           11.94  0.3009   9.396          0    0.6898       0.2759     0.1753           0.05895    0.008644            1.002      0.4583         0.01259           1.013             0          0           1.044
      0.4           11.95  0.3009   9.396          0    0.7005       0.3642     0.2107           0.09493     0.01939            1.003      0.4235         0.01197           1.029             0          0           1.091
      0.6           11.97  0.3009   9.396          0    0.7232       0.5714     0.2939            0.1794       0.044            1.006      0.3523         0.01037           1.067             0          0           1.203
      0.8           11.99  0.3008   9.395          0    0.7471       0.7816     0.3792             0.266     0.06931            1.009      0.2753         0.01006           1.106             0          0           1.365
        1           12.01  0.3009   9.396          0    0.7697       0.9825     0.4578            0.3459     0.09341            1.012      0.2152         0.01003           1.145             0          0           1.486
     1.25           12.05  0.3008   9.396          0    0.7975        1.239     0.5567            0.4464      0.1225            1.015      0.1443         0.01002           1.196             0          0           1.664
      1.5           12.09  0.3008   9.396          0    0.8267         1.51      0.665            0.5563       0.154            1.019     0.08033        0.008749           1.253             0          0            1.91

=== 1d P0|A|10
 edge_pct  trades_per_30d  mean_N  mean_L  liq_share  tp_share  drift_H_pct  gross_pct  net_notional_pct  eq_ret_pct  30d_median_mult  30d_p_loss  30d_mdd_median  1y_median_mult  1y_p_below50  1y_p_ruin  IS_median_mult
        0           3.974       1       1  0.0004725    0.1973      -0.0202    0.05194           -0.1894     -0.1893           0.9929      0.5228         0.08152          0.8098        0.2928     0.0235          0.4865
    0.025           3.975       1       1  0.0004724    0.1979    -0.002891    0.06881           -0.1724     -0.1724           0.9936        0.52         0.08125          0.8161        0.2912     0.0235          0.4879
     0.05           3.976       1       1  0.0004723    0.1993      0.03811     0.1057           -0.1355     -0.1354           0.9949      0.5152         0.08057          0.8288        0.2823     0.0235          0.4955
    0.075           3.977       1       1  0.0004723    0.2002      0.07979     0.1417          -0.09937    -0.09931           0.9955      0.5127         0.08003          0.8438        0.2733    0.02333           0.538
      0.1           3.977       1       1  0.0004721    0.2017       0.1168     0.1795          -0.06139    -0.06133           0.9969      0.5088         0.07964          0.8598        0.2645    0.02333          0.5721
     0.15           3.977       1       1  0.0004721    0.2028       0.1575     0.2212          -0.01963    -0.01957           0.9989      0.5042         0.07903          0.8765         0.256    0.02333          0.6006
      0.2           3.978       1       1  0.0004721    0.2047         0.21     0.2747            0.0341     0.03416                1      0.4978         0.07766          0.9043        0.2457    0.02333          0.7108
      0.3           3.981       1       1  0.0004717     0.208       0.3067     0.3722            0.1319      0.1319            1.004      0.4855         0.07564          0.9488        0.2218    0.02333          0.8295
      0.4           3.982       1       1  0.0004716    0.2107       0.4223     0.4774            0.2373      0.2374            1.009      0.4723         0.07354           1.001        0.2012    0.02317          0.9489
      0.6           3.986       1       1  0.0004711    0.2171       0.6137     0.6667            0.4272      0.4272            1.017      0.4512         0.07051             1.1        0.1645      0.023           1.146
      0.8           3.991       1       1  0.0003529    0.2221       0.8245     0.8602            0.6212      0.6212            1.024      0.4318         0.06656           1.209        0.1313    0.01767           1.359
        1           3.995       1       1  0.0003525    0.2278        1.009      1.037            0.7985      0.7986            1.032      0.4112         0.06131           1.317        0.1068    0.01767           2.065
     1.25           4.001       1       1   0.000352     0.234        1.246      1.253             1.015       1.015            1.039      0.3905         0.05836           1.466       0.08183    0.01767           2.928
      1.5           4.007       1       1  0.0003515    0.2405        1.498      1.473             1.236       1.236            1.049      0.3642         0.05448           1.638       0.06217    0.01767             4.1
        2           4.016       1       1  0.0003507    0.2545        1.995      1.939             1.703       1.703            1.069      0.3062         0.04422           2.069       0.04317    0.01767           7.963
      2.5           4.026       1       1  0.0003499    0.2662        2.482      2.377             2.142       2.142            1.088      0.2558         0.03575           2.577       0.03133    0.01767            17.1
        3           4.035       1       1   0.000349      0.28        2.962      2.846             2.612       2.612            1.105      0.2082         0.02385           3.293       0.02583    0.01767           31.04

=== 1d P0|B|10
 edge_pct  trades_per_30d  mean_N  mean_L  liq_share  tp_share  drift_H_pct  gross_pct  net_notional_pct  eq_ret_pct  30d_median_mult  30d_p_loss  30d_mdd_median  1y_median_mult  1y_p_below50  1y_p_ruin  IS_median_mult
        0           4.138       1       1          0    0.1949    -0.006964     0.1308           -0.1017     -0.1017           0.9875      0.5395         0.09053          0.8416        0.2203          0          0.6367
    0.025           4.138       1       1          0    0.1957      0.01818     0.1552           -0.0772     -0.0772           0.9885      0.5355         0.09021          0.8557        0.2133          0          0.6459
     0.05           4.137       1       1          0    0.1971      0.05704     0.1914            -0.041      -0.041           0.9905      0.5298         0.08941          0.8738        0.2038          0          0.6911
    0.075           4.137       1       1          0    0.1981      0.09647     0.2204          -0.01194    -0.01194           0.9911      0.5267         0.08882          0.8876        0.1957          0          0.6911
      0.1           4.136       1       1          0    0.1994       0.1293     0.2536            0.0213      0.0213           0.9923       0.523         0.08809          0.9015         0.187          0          0.6927
     0.15           4.135       1       1          0    0.2004       0.1686     0.2967           0.06445     0.06445            0.994      0.5173         0.08744          0.9213         0.174          0          0.7756
      0.2           4.135       1       1          0     0.202       0.2175     0.3446            0.1125      0.1125           0.9963      0.5103         0.08681          0.9431        0.1638          0          0.8019
      0.3           4.138       1       1          0    0.2054       0.3188     0.4434            0.2115      0.2115            1.001      0.4963          0.0847          0.9847        0.1442          0          0.9984
      0.4           4.137       1       1          0    0.2078       0.4317     0.5436            0.3117      0.3117            1.005       0.483         0.08293           1.035        0.1217          0           1.114
      0.6           4.136       1       1          0    0.2141       0.6267     0.7301            0.4985      0.4985            1.013      0.4592         0.08065           1.141       0.08433          0           1.309
      0.8           4.135       1       1          0    0.2193       0.8399     0.8924            0.6611      0.6611             1.02      0.4407         0.07798            1.24       0.06233          0           1.818
        1           4.135       1       1          0    0.2247        1.016      1.059            0.8281      0.8281            1.028      0.4202         0.07521           1.353        0.0435          0           2.351
     1.25           4.133       1       1          0    0.2307        1.256      1.257             1.026       1.026            1.035      0.3968         0.07318           1.495       0.03083          0           3.196
      1.5           4.134       1       1          0    0.2369        1.506      1.461              1.23        1.23            1.044      0.3693         0.06913           1.648          0.02          0           4.099
        2           4.133       1       1          0    0.2507        2.004      1.886             1.656       1.656            1.062      0.3163         0.05948           2.055         0.006          0           7.515
      2.5            4.13       1       1          0    0.2624        2.481       2.28              2.05        2.05             1.08      0.2677         0.04969           2.504      0.002333          0           12.85
        3           4.131       1       1          0    0.2754        2.953       2.72             2.491       2.491            1.098      0.2243         0.03693            3.13         0.001          0           26.69

=== 1d P1|B|10
 edge_pct  trades_per_30d  mean_N  mean_L  liq_share  tp_share  drift_H_pct  gross_pct  net_notional_pct  eq_ret_pct  30d_median_mult  30d_p_loss  30d_mdd_median  1y_median_mult  1y_p_below50  1y_p_ruin  IS_median_mult
        0            5.28    1.25       5   0.001156    0.7559     -0.01087     0.1282           -0.0306    -0.03825            1.011      0.4645         0.07262           0.921         0.134          0          0.6402
    0.025           5.282    1.25       5   0.001155    0.7569      0.01442     0.1365          -0.02228    -0.02785            1.012       0.463         0.07246          0.9279        0.1305          0          0.6402
     0.05           5.285    1.25       5   0.001155    0.7583      0.05171      0.148          -0.01057    -0.01322            1.013      0.4593         0.07202          0.9339        0.1258          0          0.6402
    0.075           5.284    1.25       5   0.001155    0.7595      0.08664     0.1594         0.0008755    0.001094            1.014      0.4558         0.07134          0.9428        0.1205          0          0.6539
      0.1           5.285    1.25       5   0.001155    0.7603       0.1172     0.1666          0.008195     0.01024            1.014      0.4542         0.07103          0.9471        0.1173          0          0.6638
     0.15           5.287    1.25       5   0.001154    0.7617       0.1515     0.1757           0.01742     0.02178            1.015       0.453         0.07087          0.9506         0.116          0          0.7207
      0.2           5.291    1.25       5   0.001154     0.764       0.1968     0.1938           0.03569     0.04462            1.017      0.4468          0.0701          0.9638        0.1082          0          0.7718
      0.3           5.299    1.25       5   0.001152    0.7678       0.2816     0.2241           0.06643     0.08304            1.019      0.4408         0.06779          0.9881       0.09767          0          0.8894
      0.4             5.3    1.25       5   0.001152    0.7715       0.3978     0.2547           0.09729      0.1216            1.021       0.433          0.0649           1.014       0.08683          0           1.098
      0.6           5.309    1.25       5    0.00115    0.7787       0.5959     0.3178             0.161      0.2013            1.024       0.417         0.06128            1.07       0.07017          0           1.176
      0.8           5.315    1.25       5    0.00106    0.7856       0.7835      0.376            0.2199      0.2749            1.029       0.403         0.05809           1.129       0.05417          0           1.316
        1           5.329    1.25       5   0.001057    0.7948       0.9732     0.4516            0.2964      0.3705            1.037      0.3845         0.05426           1.201        0.0405          0           1.646
     1.25           5.342    1.25       5   0.001055    0.8063        1.227     0.5367            0.3826      0.4782            1.046      0.3625         0.04799           1.298         0.028          0           2.029
      1.5           5.354    1.25       5  0.0009647    0.8145        1.475     0.6082            0.4549      0.5686            1.048      0.3458         0.04313           1.379        0.0205          0           2.397
        2           5.384    1.25       5  0.0008721    0.8326        1.976     0.7602            0.6087      0.7608            1.061       0.305         0.02448           1.573         0.009          0            3.53
      2.5           5.411    1.25       5  0.0007809    0.8489         2.44     0.8839            0.7338      0.9173            1.071      0.2747        0.008703           1.769        0.0055          0           4.711
        3           5.432    1.25       5  0.0007778    0.8668        2.927      1.024            0.8755       1.094            1.072      0.2375               0           2.002      0.003333          0           7.062

=== 1d P2|B|10
 edge_pct  trades_per_30d  mean_N  mean_L  liq_share  tp_share  drift_H_pct  gross_pct  net_notional_pct  eq_ret_pct  30d_median_mult  30d_p_loss  30d_mdd_median  1y_median_mult  1y_p_below50  1y_p_ruin  IS_median_mult
        0           5.765     2.5      10    0.03176    0.8742      0.02667      0.105          -0.04679      -0.117            1.044      0.4298         0.03368          0.7835        0.3598      0.003          0.4386
    0.025           5.767     2.5      10    0.03151     0.875       0.0547     0.1116          -0.04012     -0.1003            1.044      0.4273         0.03267          0.7974        0.3493      0.003          0.4674
     0.05           5.769     2.5      10    0.03125    0.8759      0.09425     0.1184          -0.03303    -0.08257            1.044      0.4245         0.03024          0.8085        0.3402   0.002833          0.4774
    0.075           5.769     2.5      10    0.03093    0.8765       0.1312     0.1237          -0.02753    -0.06882            1.044       0.422         0.02866          0.8179         0.334   0.002833          0.4774
      0.1           5.769     2.5      10    0.03085    0.8769       0.1622     0.1259           -0.0253    -0.06324            1.044      0.4208         0.02596          0.8223        0.3318   0.002833          0.4892
     0.15           5.771     2.5      10    0.03067    0.8778       0.1952     0.1314          -0.01968    -0.04921            1.044      0.4197         0.02538          0.8289        0.3267   0.002667          0.4966
      0.2           5.772     2.5      10    0.03034    0.8789       0.2443     0.1401          -0.01072    -0.02679            1.044      0.4158         0.02216          0.8432        0.3175     0.0025          0.5727
      0.3           5.777     2.5      10    0.03007    0.8802       0.3308     0.1489         -0.001667   -0.004167            1.047      0.4135          0.0193          0.8577        0.3098   0.002167          0.6417
      0.4           5.783     2.5      10     0.0298    0.8829       0.4537     0.1672           0.01709     0.04272            1.058      0.4052         0.01466          0.8876        0.2923   0.002167          0.6837
      0.6           5.793     2.5      10    0.02844    0.8875        0.646     0.1995           0.05037      0.1259            1.066      0.3932               0           0.942        0.2643   0.001833          0.8071
      0.8           5.797     2.5      10    0.02729    0.8914       0.8334      0.228           0.07967      0.1992            1.067      0.3793               0           1.007        0.2337   0.001333          0.9584
        1           5.805     2.5      10    0.02628    0.8958        1.014     0.2598            0.1123      0.2807            1.067      0.3677               0            1.07        0.2033      0.001           1.363
     1.25           5.815     2.5      10    0.02478    0.9022        1.259     0.3024            0.1562      0.3905            1.067      0.3473               0           1.165        0.1627     0.0005           1.769
      1.5           5.827     2.5      10    0.02361    0.9072         1.51     0.3366            0.1914      0.4785            1.071      0.3337               0            1.25        0.1358     0.0005           1.907
        2           5.841     2.5      10    0.02082    0.9168        1.999     0.4091             0.266       0.665             1.09      0.2978               0           1.462       0.09067  0.0003333           2.872
      2.5           5.859     2.5      10    0.01963    0.9268        2.441     0.4711            0.3295      0.8236            1.091      0.2695               0           1.645         0.058  0.0003333            4.49
        3           5.873     2.5      10    0.01775    0.9361        2.919     0.5342            0.3944       0.986            1.091      0.2385               0            1.89       0.03633  0.0003333           6.756

=== 1d P2|C|10
 edge_pct  trades_per_30d  mean_N  mean_L  liq_share  tp_share  drift_H_pct  gross_pct  net_notional_pct  eq_ret_pct  30d_median_mult  30d_p_loss  30d_mdd_median  1y_median_mult  1y_p_below50  1y_p_ruin  IS_median_mult
        0           5.922     2.5      10          0    0.8455      0.04238     0.1687           0.03303     0.08257            1.009      0.4968           0.123           0.976         0.144          0          0.8426
    0.025           5.922     2.5      10          0    0.8464      0.06879     0.1738           0.03824     0.09561            1.014      0.4953           0.123          0.9845        0.1393          0          0.8715
     0.05           5.923     2.5      10          0    0.8472       0.1069     0.1785             0.043      0.1075            1.017      0.4935           0.123          0.9984        0.1337          0          0.8492
    0.075           5.924     2.5      10          0    0.8477        0.143     0.1808           0.04532      0.1133            1.018       0.492           0.123           1.002        0.1318          0          0.8492
      0.1           5.923     2.5      10          0    0.8481        0.173      0.183           0.04756      0.1189            1.018      0.4913           0.123           1.005        0.1303          0          0.8937
     0.15           5.926     2.5      10          0    0.8489       0.2065      0.187           0.05163      0.1291            1.018        0.49           0.123           1.013        0.1267          0          0.9038
      0.2           5.927     2.5      10          0    0.8499       0.2566     0.1923           0.05704      0.1426            1.019       0.487           0.123           1.027        0.1212          0          0.9199
      0.3            5.93     2.5      10          0    0.8519       0.3459      0.203           0.06788      0.1697             1.02       0.481           0.123           1.044        0.1133          0          0.9888
      0.4           5.932     2.5      10          0    0.8548       0.4726     0.2191           0.08415      0.2104            1.021      0.4722           0.123           1.072       0.09733          0           1.187
      0.6           5.938     2.5      10          0    0.8594       0.6655     0.2436             0.109      0.2724            1.021      0.4587           0.123           1.121       0.08083          0           1.318
      0.8            5.94     2.5      10          0    0.8632       0.8547     0.2633             0.129      0.3224            1.025      0.4488           0.123           1.169       0.06867          0           1.555
        1           5.945     2.5      10          0    0.8676        1.036     0.2874            0.1533      0.3833            1.042      0.4372           0.123           1.223       0.05683          0           1.856
     1.25            5.95     2.5      10          0    0.8736        1.282     0.3178            0.1842      0.4605            1.044      0.4195         0.07815           1.298       0.03983          0           2.344
      1.5           5.955     2.5      10          0    0.8788        1.536      0.345            0.2118      0.5296            1.044      0.4062         0.05178           1.378        0.0295          0           2.675
        2           5.964     2.5      10          0    0.8876        2.025     0.3937            0.2612      0.6531            1.066      0.3747               0           1.513       0.01867          0            3.09
      2.5           5.974     2.5      10          0    0.8972        2.472     0.4423            0.3106      0.7764            1.067      0.3465               0            1.66       0.01083          0            4.26
        3            5.98     2.5      10          0    0.9062        2.934      0.489             0.358       0.895            1.067       0.318               0           1.817      0.005333          0           5.488

=== 1d P3|A|10
 edge_pct  trades_per_30d  mean_N  mean_L  liq_share  tp_share  drift_H_pct  gross_pct  net_notional_pct  eq_ret_pct  30d_median_mult  30d_p_loss  30d_mdd_median  1y_median_mult  1y_p_below50  1y_p_ruin  IS_median_mult
        0           6.117       4      20    0.07061    0.9241      0.03985     0.1345          -0.02259    -0.09037            1.062      0.3665               0          0.8475        0.2728   0.001167          0.5629
    0.025           6.117       4      20     0.0703    0.9245      0.06383     0.1362           -0.0208    -0.08319            1.062      0.3658               0          0.8525        0.2702   0.001167          0.5384
     0.05           6.117       4      20    0.06992    0.9249      0.09969     0.1381          -0.01869    -0.07474            1.062       0.365               0          0.8575         0.266  0.0008333           0.515
    0.075           6.117       4      20    0.06969    0.9252       0.1388     0.1394          -0.01727    -0.06907            1.062       0.364               0          0.8592         0.262  0.0008333          0.5337
      0.1           6.117       4      20    0.06954    0.9253       0.1687     0.1402          -0.01642    -0.06568            1.062      0.3637               0          0.8595        0.2598  0.0006667           0.565
     0.15           6.117       4      20     0.0693    0.9256       0.2016     0.1413          -0.01512    -0.06048            1.062       0.363               0          0.8618        0.2572  0.0006667           0.565
      0.2           6.118       4      20    0.06883    0.9261       0.2507     0.1438          -0.01243    -0.04971            1.062      0.3613               0          0.8714        0.2527  0.0006667           0.565
      0.3            6.12       4      20    0.06797    0.9272       0.3421     0.1489          -0.00686    -0.02744            1.062      0.3577               0          0.8887         0.241  0.0006667          0.6666
      0.4           6.122       4      20     0.0668    0.9284       0.4649     0.1547        -0.0004273   -0.001709            1.062      0.3505               0           0.911        0.2282  0.0006667          0.6834
      0.6           6.126       4      20    0.06506    0.9304       0.6568     0.1642          0.009899      0.0396            1.062      0.3437               0           0.941        0.2115     0.0005          0.7494
      0.8           6.129       4      20    0.06335    0.9324       0.8473     0.1733           0.01992     0.07969            1.062      0.3357               0          0.9737         0.191  0.0003333          0.8232
        1            6.13       4      20    0.06112    0.9347        1.028     0.1846           0.03237      0.1295            1.062      0.3273               0           1.011        0.1673  0.0003333          0.8804
     1.25           6.132       4      20    0.05895    0.9371        1.273     0.1962           0.04508      0.1803            1.062       0.318               0           1.057        0.1455          0           1.091
      1.5           6.132       4      20    0.05696    0.9395        1.515     0.2073           0.05727      0.2291            1.062       0.305               0           1.109        0.1312          0           1.191
        2           6.137       4      20     0.0524    0.9445        1.999     0.2315           0.08377      0.3351            1.075      0.2783               0           1.198       0.09717          0           1.539
      2.5           6.145       4      20    0.04844    0.9492        2.454     0.2528            0.1071      0.4285            1.077      0.2578               0           1.298       0.06983          0           1.858
        3           6.146       4      20    0.04523     0.953        2.921     0.2702            0.1262      0.5047            1.078      0.2423               0           1.383       0.05117          0           2.391

=== 1d P3|B|10
 edge_pct  trades_per_30d  mean_N  mean_L  liq_share  tp_share  drift_H_pct  gross_pct  net_notional_pct  eq_ret_pct  30d_median_mult  30d_p_loss  30d_mdd_median  1y_median_mult  1y_p_below50  1y_p_ruin  IS_median_mult
        0           6.118       4      20    0.06791     0.924      0.03832     0.1358          -0.02012    -0.08048            1.062       0.367               0          0.8555        0.2647   0.001167           0.577
    0.025           6.118       4      20    0.06761    0.9244      0.06229     0.1375          -0.01832     -0.0733            1.062      0.3663               0          0.8597        0.2618   0.001167           0.577
     0.05           6.118       4      20    0.06722    0.9248      0.09815     0.1394          -0.01621    -0.06485            1.062      0.3655               0          0.8634        0.2582  0.0008333           0.577
    0.075           6.118       4      20    0.06699    0.9251       0.1372     0.1407          -0.01479    -0.05918            1.062      0.3645               0          0.8665        0.2543  0.0008333          0.5773
      0.1           6.118       4      20    0.06684    0.9253       0.1672     0.1415          -0.01395    -0.05578            1.062      0.3642               0          0.8692        0.2522  0.0006667          0.5773
     0.15           6.118       4      20    0.06661    0.9255          0.2     0.1426          -0.01265    -0.05059            1.062      0.3635               0          0.8714        0.2495  0.0006667          0.5773
      0.2           6.119       4      20    0.06613     0.926       0.2491     0.1451         -0.009957    -0.03983            1.062      0.3618               0          0.8819        0.2455  0.0006667          0.5773
      0.3           6.121       4      20    0.06535    0.9271       0.3405     0.1501         -0.004478    -0.01791            1.062      0.3582               0          0.8995        0.2343  0.0006667          0.6878
      0.4           6.123       4      20    0.06426    0.9283       0.4633     0.1559          0.001849    0.007394            1.062       0.351               0          0.9175        0.2212     0.0005          0.7035
      0.6           6.127       4      20    0.06252    0.9304       0.6552     0.1653           0.01219     0.04878            1.062      0.3442               0          0.9454        0.2048  0.0003333          0.7594
      0.8            6.13       4      20    0.06112    0.9323       0.8456     0.1743           0.02192     0.08769            1.062      0.3362               0          0.9801        0.1855  0.0001667          0.8534
        1           6.131       4      20    0.05904    0.9346        1.026     0.1856           0.03425       0.137            1.062      0.3277               0           1.017        0.1615  0.0001667           0.942
     1.25           6.133       4      20     0.0571    0.9371        1.271     0.1968           0.04652      0.1861            1.062      0.3183               0           1.065        0.1415          0           1.145
      1.5           6.133       4      20    0.05511    0.9395        1.513      0.208           0.05877      0.2351            1.062       0.305               0           1.114        0.1277          0           1.213
        2           6.138       4      20    0.05086    0.9445        1.998     0.2319           0.08483      0.3393            1.075      0.2785               0           1.202       0.09567          0           1.563
      2.5           6.146       4      20    0.04721    0.9492        2.452     0.2534            0.1083      0.4333            1.077       0.258               0           1.303        0.0685          0           1.872
        3           6.146       4      20    0.04407     0.953        2.919     0.2709            0.1274      0.5097            1.078      0.2423               0           1.395        0.0505          0           2.391

=== 1d P3|C|10
 edge_pct  trades_per_30d  mean_N  mean_L  liq_share  tp_share  drift_H_pct  gross_pct  net_notional_pct  eq_ret_pct  30d_median_mult  30d_p_loss  30d_mdd_median  1y_median_mult  1y_p_below50  1y_p_ruin  IS_median_mult
        0           6.207       4      20          0    0.8993      0.03318     0.2234           0.09739      0.3896            1.046      0.3532               0           1.304        0.0075          0           1.861
    0.025           6.207       4      20          0    0.8995      0.05669     0.2242           0.09821      0.3928            1.046      0.3517               0           1.306      0.006833          0           1.932
     0.05           6.207       4      20          0    0.9001      0.09204     0.2257           0.09969      0.3988            1.046      0.3498               0           1.311      0.006833          0           1.941
    0.075           6.207       4      20          0    0.9006       0.1306     0.2271            0.1012      0.4047            1.046       0.348               0           1.319        0.0065          0           1.941
      0.1           6.207       4      20          0    0.9008       0.1601     0.2276            0.1016      0.4064            1.046      0.3477               0            1.32      0.006833          0           1.941
     0.15           6.207       4      20          0    0.9011       0.1923     0.2284            0.1025      0.4098            1.046      0.3468               0           1.322      0.006667          0           2.022
      0.2           6.207       4      20          0    0.9018       0.2418     0.2303            0.1044      0.4178            1.046      0.3447               0            1.33         0.006          0           2.067
      0.3           6.207       4      20          0     0.903       0.3341     0.2337            0.1079      0.4314            1.046      0.3415               0           1.345      0.005333          0           2.174
      0.4           6.207       4      20          0    0.9045        0.456     0.2378            0.1121      0.4484            1.046      0.3355               0           1.363      0.004333          0           2.332
      0.6           6.208       4      20          0    0.9063       0.6492     0.2427             0.117      0.4682            1.046      0.3303               0           1.381      0.003833          0           2.374
      0.8           6.209       4      20          0    0.9082         0.84     0.2479            0.1224      0.4895            1.046      0.3252               0           1.405      0.003333          0           2.488
        1           6.209       4      20          0    0.9108        1.021      0.255            0.1296      0.5184            1.046      0.3175               0           1.437      0.002667          0           2.561
     1.25           6.208       4      20          0    0.9137        1.266     0.2631            0.1378      0.5513            1.051      0.3067               0           1.483      0.001167          0           2.752
      1.5           6.208       4      20          0     0.916         1.51     0.2695            0.1444      0.5775            1.062      0.2978               0           1.511     0.0008333          0           3.082
        2           6.208       4      20          0    0.9209        1.998     0.2828             0.158       0.632            1.062      0.2788               0           1.579     0.0001667          0           3.535
      2.5           6.212       4      20          0    0.9261        2.459     0.2971            0.1725      0.6902            1.062        0.26               0           1.652     0.0001667          0           4.449
        3            6.21       4      20          0    0.9302        2.925     0.3084            0.1841      0.7365            1.062       0.245               0           1.707             0          0           4.753

=== 1d P3|B|30
 edge_pct  trades_per_30d  mean_N  mean_L  liq_share  tp_share  drift_H_pct  gross_pct  net_notional_pct  eq_ret_pct  30d_median_mult  30d_p_loss  30d_mdd_median  1y_median_mult  1y_p_below50  1y_p_ruin  IS_median_mult
        0           5.769       4      20     0.1981    0.7681      0.05455     0.2027          -0.02588     -0.1035           0.9857      0.5325           0.204           0.613        0.5988    0.05383          0.1925
    0.025            5.77       4      20     0.1972    0.7691      0.07924     0.2089          -0.01919    -0.07675           0.9857      0.5302           0.204          0.6256        0.5917     0.0505          0.1925
     0.05           5.772       4      20     0.1959    0.7703       0.1172     0.2162          -0.01133    -0.04534           0.9857      0.5267           0.204          0.6412         0.583      0.048          0.1983
    0.075           5.771       4      20     0.1953    0.7711       0.1518     0.2204         -0.006728    -0.02691           0.9857      0.5247           0.204          0.6507        0.5782    0.04583          0.1983
      0.1           5.771       4      20     0.1947    0.7717        0.183     0.2244         -0.002395    -0.00958           0.9869      0.5225           0.204          0.6579        0.5733    0.04417          0.2425
     0.15           5.773       4      20     0.1937     0.773       0.2172     0.2309          0.004628     0.01851           0.9869       0.521           0.204          0.6804        0.5647     0.0425          0.2732
      0.2           5.774       4      20     0.1927    0.7743       0.2665     0.2377           0.01194     0.04775           0.9869      0.5175           0.204          0.6917        0.5573    0.04083          0.3262
      0.3           5.779       4      20     0.1898    0.7778       0.3553     0.2574           0.03314      0.1326           0.9869      0.5102           0.204          0.7393         0.533    0.03667          0.3387
      0.4           5.781       4      20      0.187    0.7811        0.479     0.2763           0.05346      0.2139           0.9906      0.5035           0.204           0.782        0.5087    0.02967          0.4149
      0.6           5.785       4      20     0.1824    0.7866        0.678     0.3076            0.0871      0.3484            1.024      0.4912           0.204          0.8673        0.4667    0.02283          0.5963
      0.8           5.791       4      20     0.1783    0.7923       0.8681     0.3379            0.1196      0.4782            1.036      0.4778           0.204          0.9688        0.4268    0.01533          0.9011
        1           5.798       4      20     0.1726    0.7989        1.047     0.3757            0.1602       0.641            1.039      0.4638           0.204           1.093        0.3757     0.0105           1.062
     1.25           5.801       4      20     0.1665    0.8072        1.293     0.4194            0.2071      0.8285             1.04      0.4453           0.204           1.268         0.326   0.006167           1.813
      1.5           5.806       4      20     0.1608    0.8141        1.542     0.4591            0.2498       0.999            1.041      0.4298           0.204           1.444          0.28      0.004           2.945
        2           5.815       4      20      0.149    0.8279        2.032     0.5374            0.3341       1.336            1.095       0.394           0.204           1.863         0.198   0.001833           5.352
      2.5           5.831       4      20     0.1395     0.841        2.479     0.6079            0.4096       1.638            1.099      0.3625           0.204           2.339         0.141      0.001           9.347
        3           5.841       4      20     0.1283    0.8542        2.942     0.6828            0.4904       1.962            1.113      0.3273           0.204           2.979       0.08783     0.0005           17.03

=== 1d P3|B|100
 edge_pct  trades_per_30d  mean_N  mean_L  liq_share  tp_share  drift_H_pct  gross_pct  net_notional_pct  eq_ret_pct  30d_median_mult  30d_p_loss  30d_mdd_median  1y_median_mult  1y_p_below50  1y_p_ruin  IS_median_mult
        0           4.955       4      20     0.4164    0.4029      0.03868     0.1559             -0.21     -0.8398           0.8936      0.6187          0.3153          0.2191        0.8735     0.3853         0.01567
    0.025           4.955       4      20     0.4151    0.4044      0.06416     0.1704           -0.1948     -0.7793           0.8965      0.6158          0.3128          0.2298        0.8672     0.3745         0.01434
     0.05           4.955       4      20      0.413    0.4062       0.1048     0.1894           -0.1749     -0.6995           0.8988       0.612          0.3066          0.2399          0.86     0.3628         0.01708
    0.075           4.955       4      20     0.4113    0.4078       0.1461     0.2075           -0.1559     -0.6238           0.8997      0.6077          0.3023           0.254        0.8525     0.3507         0.01748
      0.1           4.955       4      20       0.41    0.4091       0.1754     0.2203           -0.1426     -0.5703           0.9001      0.6048          0.2989          0.2633        0.8485      0.344         0.01785
     0.15           4.955       4      20     0.4083    0.4106       0.2101     0.2393           -0.1228     -0.4911           0.9008       0.601          0.2946          0.2783        0.8417     0.3312         0.02558
      0.2           4.956       4      20     0.4069     0.412       0.2567     0.2541           -0.1072      -0.429           0.9015      0.5973          0.2899           0.287        0.8357      0.322         0.02625
      0.3           4.956       4      20     0.4023    0.4168       0.3597     0.3071          -0.05207     -0.2083           0.9038      0.5885          0.2828          0.3268         0.814     0.2948         0.04638
      0.4           4.954       4      20     0.3967     0.422        0.488     0.3651           0.00857     0.03428           0.9207      0.5752          0.2705          0.3798        0.7867     0.2615         0.05424
      0.6           4.952       4      20     0.3884    0.4304       0.6805     0.4537            0.1011      0.4045            0.947      0.5555          0.2554           0.476        0.7492     0.2197           0.123
      0.8           4.951       4      20     0.3809    0.4382       0.8752     0.5363            0.1872       0.749           0.9504      0.5372          0.2472          0.5898        0.7072     0.1742          0.2077
        1           4.949       4      20     0.3716    0.4472        1.056      0.632            0.2873       1.149           0.9711      0.5187          0.2454          0.7468        0.6547     0.1398          0.5538
     1.25           4.946       4      20     0.3605    0.4585        1.315     0.7521            0.4128       1.651            1.012      0.4905          0.2438           1.003        0.5873      0.099           1.209
      1.5           4.943       4      20     0.3502    0.4684        1.576     0.8619            0.5275        2.11            1.036       0.467          0.2311           1.321        0.5202    0.07333           2.608
        2           4.941       4      20     0.3277    0.4899         2.06      1.101            0.7776        3.11            1.087      0.4155          0.2076           2.491         0.395    0.03183           15.33
      2.5           4.938       4      20     0.3086    0.5082        2.527      1.308            0.9928       3.971            1.133      0.3748          0.2064           4.243        0.2918    0.01333           54.98
        3           4.938       4      20     0.2869    0.5289        2.987       1.53             1.226       4.904            1.193      0.3323          0.2052           7.397        0.1992   0.005333           330.1

=== 1d P4|A|10
 edge_pct  trades_per_30d  mean_N  mean_L  liq_share  tp_share  drift_H_pct  gross_pct  net_notional_pct  eq_ret_pct  30d_median_mult  30d_p_loss  30d_mdd_median  1y_median_mult  1y_p_below50  1y_p_ruin  IS_median_mult
        0           6.243      20      50    0.04211    0.9579      0.03045     0.1284          -0.01186     -0.2372            1.083      0.2223               0          0.6216        0.5553    0.07383          0.2049
    0.025           6.243      20      50    0.04196     0.958      0.05428     0.1287          -0.01153     -0.2307            1.083      0.2215               0          0.6216        0.5513    0.07283          0.2049
     0.05           6.243      20      50    0.04151    0.9585      0.08942     0.1294          -0.01055      -0.211            1.083      0.2198               0          0.6316         0.546    0.07167          0.2303
    0.075           6.243      20      50    0.04136    0.9586       0.1277     0.1297          -0.01022     -0.2045            1.083      0.2197               0          0.6316         0.543     0.0695          0.2303
      0.1           6.243      20      50    0.04121    0.9588       0.1571     0.1299         -0.009897     -0.1979            1.083      0.2185               0          0.6316        0.5405    0.06867          0.2303
     0.15           6.243      20      50    0.04113    0.9589       0.1891     0.1301         -0.009733     -0.1947            1.083      0.2182               0          0.6365        0.5397    0.06717          0.2303
      0.2           6.243      20      50    0.04083    0.9592       0.2383     0.1306         -0.009077     -0.1815            1.083       0.216               0          0.6417        0.5342      0.065          0.2303
      0.3           6.244      20      50    0.04023    0.9598       0.3304     0.1316         -0.007757     -0.1551            1.083      0.2128               0          0.6519        0.5263    0.06183          0.2898
      0.4           6.244      20      50     0.0397    0.9603        0.452     0.1325         -0.006605     -0.1321            1.083      0.2093               0          0.6519        0.5197     0.0595          0.2898
      0.6           6.244      20      50    0.03933    0.9607       0.6436     0.1331         -0.005785     -0.1157            1.083      0.2083               0          0.6624         0.517     0.0585          0.2459
      0.8           6.244      20      50    0.03902     0.961       0.8344     0.1337         -0.005121     -0.1024            1.083      0.2058               0          0.6624         0.512     0.0575          0.2704
        1           6.245      20      50    0.03797     0.962        1.012     0.1355         -0.002816    -0.05631            1.083      0.2018               0          0.6837        0.4958      0.051          0.3506
     1.25           6.245      20      50    0.03654    0.9635        1.257     0.1379         0.0002985    0.005969            1.083      0.1968               0          0.7286        0.4717    0.04133          0.3695
      1.5           6.245      20      50    0.03556    0.9644        1.502     0.1395          0.002438     0.04876            1.083      0.1902               0          0.7679        0.4565    0.03767          0.4174
        2           6.245      20      50    0.03338    0.9666        1.988     0.1433          0.007193      0.1439            1.083      0.1773               0          0.9439         0.417    0.02817          0.4567
      2.5           6.245      20      50     0.0309    0.9691        2.449     0.1475            0.0126      0.2521            1.083       0.162               0           1.022        0.3727    0.02117          0.6475
        3           6.245      20      50    0.02917    0.9708        2.919     0.1504           0.01637      0.3275            1.083      0.1527               0           1.055        0.3373    0.01633          0.8797

=== 1d P4|B|10
 edge_pct  trades_per_30d  mean_N  mean_L  liq_share  tp_share  drift_H_pct  gross_pct  net_notional_pct  eq_ret_pct  30d_median_mult  30d_p_loss  30d_mdd_median  1y_median_mult  1y_p_below50  1y_p_ruin  IS_median_mult
        0           6.243      20      50    0.04211    0.9579      0.03045     0.1284          -0.01186     -0.2372            1.083      0.2223               0          0.6216        0.5553    0.07383          0.2049
    0.025           6.243      20      50    0.04196     0.958      0.05428     0.1287          -0.01153     -0.2307            1.083      0.2215               0          0.6216        0.5513    0.07283          0.2049
     0.05           6.243      20      50    0.04151    0.9585      0.08942     0.1294          -0.01055      -0.211            1.083      0.2198               0          0.6316         0.546    0.07167          0.2303
    0.075           6.243      20      50    0.04136    0.9586       0.1277     0.1297          -0.01022     -0.2045            1.083      0.2197               0          0.6316         0.543     0.0695          0.2303
      0.1           6.243      20      50    0.04121    0.9588       0.1571     0.1299         -0.009897     -0.1979            1.083      0.2185               0          0.6316        0.5405    0.06867          0.2303
     0.15           6.243      20      50    0.04113    0.9589       0.1891     0.1301         -0.009733     -0.1947            1.083      0.2182               0          0.6365        0.5397    0.06717          0.2303
      0.2           6.243      20      50    0.04083    0.9592       0.2383     0.1306         -0.009077     -0.1815            1.083       0.216               0          0.6417        0.5342      0.065          0.2303
      0.3           6.244      20      50    0.04023    0.9598       0.3304     0.1316         -0.007757     -0.1551            1.083      0.2128               0          0.6519        0.5263    0.06183          0.2898
      0.4           6.244      20      50     0.0397    0.9603        0.452     0.1325         -0.006605     -0.1321            1.083      0.2093               0          0.6519        0.5197     0.0595          0.2898
      0.6           6.244      20      50    0.03933    0.9607       0.6436     0.1331         -0.005785     -0.1157            1.083      0.2083               0          0.6624         0.517     0.0585          0.2459
      0.8           6.244      20      50    0.03902     0.961       0.8344     0.1337         -0.005121     -0.1024            1.083      0.2058               0          0.6624         0.512     0.0575          0.2704
        1           6.245      20      50    0.03797     0.962        1.012     0.1355         -0.002816    -0.05631            1.083      0.2018               0          0.6837        0.4958      0.051          0.3506
     1.25           6.245      20      50    0.03654    0.9635        1.257     0.1379         0.0002985    0.005969            1.083      0.1968               0          0.7286        0.4717    0.04133          0.3695
      1.5           6.245      20      50    0.03556    0.9644        1.502     0.1395          0.002438     0.04876            1.083      0.1902               0          0.7679        0.4565    0.03767          0.4174
        2           6.245      20      50    0.03338    0.9666        1.988     0.1433          0.007193      0.1439            1.083      0.1773               0          0.9439         0.417    0.02817          0.4567
      2.5           6.245      20      50     0.0309    0.9691        2.449     0.1475            0.0126      0.2521            1.083       0.162               0           1.022        0.3727    0.02117          0.6475
        3           6.245      20      50    0.02917    0.9708        2.919     0.1504           0.01637      0.3275            1.083      0.1527               0           1.055        0.3373    0.01633          0.8797

=== 1d P4|C|10
 edge_pct  trades_per_30d  mean_N  mean_L  liq_share  tp_share  drift_H_pct  gross_pct  net_notional_pct  eq_ret_pct  30d_median_mult  30d_p_loss  30d_mdd_median  1y_median_mult  1y_p_below50  1y_p_ruin  IS_median_mult
        0           6.246      20      50          0    0.9567      0.02958     0.1589           0.03669      0.7339            1.083      0.2277               0           1.694         0.018          0           4.369
    0.025           6.246      20      50          0    0.9569      0.05341      0.159           0.03684      0.7369            1.083      0.2268               0           1.704         0.018          0           4.369
     0.05           6.246      20      50          0    0.9573      0.08852     0.1594           0.03729      0.7459            1.083      0.2252               0           1.704       0.01733          0           4.369
    0.075           6.246      20      50          0    0.9575       0.1268     0.1596           0.03745      0.7489            1.083       0.225               0           1.726        0.0165          0           4.369
      0.1           6.246      20      50          0    0.9576       0.1562     0.1597            0.0376      0.7519            1.083      0.2238               0           1.726       0.01633          0           4.426
     0.15           6.246      20      50          0    0.9577       0.1882     0.1598           0.03767      0.7534            1.083      0.2237               0           1.726       0.01617          0           4.426
      0.2           6.246      20      50          0     0.958       0.2374     0.1601           0.03797      0.7594            1.083      0.2215               0           1.731       0.01483          0           4.426
      0.3           6.246      20      50          0    0.9587       0.3294     0.1607           0.03865       0.773            1.083      0.2178               0           1.756       0.01367          0           4.426
      0.4           6.246      20      50          0    0.9593        0.451     0.1613           0.03925       0.785            1.083      0.2137               0           1.759       0.01267          0           4.526
      0.6           6.246      20      50          0    0.9596       0.6426     0.1617           0.03963      0.7925            1.083      0.2127               0           1.759       0.01167          0           4.461
      0.8           6.246      20      50          0      0.96       0.8334      0.162              0.04      0.8001            1.083      0.2098               0           1.782         0.011          0           4.461
        1           6.246      20      50          0    0.9611        1.012      0.163           0.04106      0.8212            1.083      0.2058               0            1.81        0.0095          0           5.296
     1.25           6.246      20      50          0    0.9626        1.258     0.1644           0.04256      0.8512            1.083      0.2005               0           1.845      0.007833          0           5.511
      1.5           6.246      20      50          0    0.9638        1.503     0.1656           0.04376      0.8753            1.083       0.192               0           1.889      0.006833          0            5.91
        2           6.246      20      50          0    0.9659        1.988     0.1676           0.04587      0.9174            1.083      0.1795               0            1.96      0.005167          0            5.91
      2.5           6.246      20      50          0    0.9684        2.449       0.17           0.04843      0.9685            1.083      0.1642               0           2.029      0.003333          0           6.841
        3           6.246      20      50          0    0.9702        2.919     0.1717           0.05015       1.003            1.083      0.1548               0           2.088      0.002833          0            7.15

=== 1d P4|B|100
 edge_pct  trades_per_30d  mean_N  mean_L  liq_share  tp_share  drift_H_pct  gross_pct  net_notional_pct  eq_ret_pct  30d_median_mult  30d_p_loss  30d_mdd_median  1y_median_mult  1y_p_below50  1y_p_ruin  IS_median_mult
        0            6.07      20      50     0.4116    0.5842      0.02587     0.5522            0.2302       4.604           0.8688      0.5662          0.6382         0.06292         0.924     0.7412       0.0002224
    0.025            6.07      20      50     0.4105    0.5853      0.04899      0.556            0.2345        4.69           0.8688      0.5642          0.6376          0.0682         0.923     0.7355       0.0002224
     0.05           6.069      20      50     0.4096    0.5862       0.0849     0.5591            0.2381       4.761           0.8726       0.562          0.6344         0.07251        0.9198     0.7315       0.0004563
    0.075            6.07      20      50     0.4086    0.5871       0.1227     0.5624            0.2419       4.838           0.8764      0.5593          0.6344         0.07711         0.919     0.7267       0.0006105
      0.1            6.07      20      50     0.4078     0.588       0.1523     0.5655            0.2454       4.908           0.8764      0.5582          0.6344         0.08196        0.9177     0.7227       0.0006105
     0.15            6.07      20      50     0.4071    0.5887       0.1853      0.568            0.2481       4.963           0.8764      0.5568          0.6306         0.08716        0.9153     0.7215       0.0007946
      0.2            6.07      20      50      0.406    0.5897       0.2338     0.5717            0.2524       5.049           0.8764      0.5542          0.6306          0.0937        0.9158     0.7152       0.0008016
      0.3           6.069      20      50     0.4022    0.5934       0.3271     0.5848            0.2673       5.346           0.8764      0.5463          0.6306          0.1199        0.9075      0.695        0.001995
      0.4           6.068      20      50     0.3991    0.5965         0.45     0.5956            0.2795        5.59           0.8764      0.5398          0.6306          0.1414        0.9012     0.6768        0.002755
      0.6           6.067      20      50     0.3939    0.6017        0.643     0.6138            0.3002       6.005           0.8804      0.5285          0.5467          0.1903        0.8848     0.6505        0.004494
      0.8           6.066      20      50     0.3882    0.6075       0.8325     0.6339            0.3231       6.462           0.9582      0.5172          0.5419          0.2826         0.868     0.6177         0.02118
        1           6.065      20      50     0.3808    0.6148        1.012     0.6598            0.3525       7.051           0.9624       0.503          0.5371          0.4451        0.8475     0.5737         0.03733
     1.25           6.066      20      50     0.3734    0.6222        1.261     0.6859            0.3821       7.643            1.098      0.4825          0.5371          0.7257        0.8212     0.5302           0.329
      1.5           6.065      20      50     0.3663    0.6293        1.511     0.7106            0.4102       8.205            1.098      0.4673          0.5371           1.135        0.7935     0.4808           1.784
        2           6.067      20      50     0.3521    0.6434        2.002     0.7603            0.4667       9.335            1.201      0.4352          0.5371           2.913          0.74     0.4068            25.2
      2.5           6.062      20      50       0.34    0.6554        2.471     0.8028             0.515        10.3            1.206      0.4118           0.429           5.711        0.6863     0.3315           210.5
        3           6.063      20      50     0.3265     0.669        2.951     0.8506            0.5692       11.38            1.319      0.3872           0.426           13.83        0.6347     0.2657            1357

=== 1d P5|A|10
 edge_pct  trades_per_30d  mean_N  mean_L  liq_share  tp_share  drift_H_pct  gross_pct  net_notional_pct  eq_ret_pct  30d_median_mult  30d_p_loss  30d_mdd_median  1y_median_mult  1y_p_below50  1y_p_ruin  IS_median_mult
        0           6.117       4      20    0.07061    0.9241      0.03985     0.1345          -0.02259    -0.09037            1.062      0.3665               0          0.8475        0.2728   0.001167          0.5629
    0.025           6.117       4      20     0.0703    0.9245      0.06383     0.1362           -0.0208    -0.08319            1.062      0.3658               0          0.8525        0.2702   0.001167          0.5384
     0.05           6.117       4      20    0.06992    0.9249      0.09969     0.1381          -0.01869    -0.07474            1.062       0.365               0          0.8575         0.266  0.0008333           0.515
    0.075           6.117       4      20    0.06969    0.9252       0.1388     0.1394          -0.01727    -0.06907            1.062       0.364               0          0.8592         0.262  0.0008333          0.5337
      0.1           6.117       4      20    0.06954    0.9253       0.1687     0.1402          -0.01642    -0.06568            1.062      0.3637               0          0.8595        0.2598  0.0006667           0.565
     0.15           6.117       4      20     0.0693    0.9256       0.2016     0.1413          -0.01512    -0.06048            1.062       0.363               0          0.8618        0.2572  0.0006667           0.565
      0.2           6.118       4      20    0.06883    0.9261       0.2507     0.1438          -0.01243    -0.04971            1.062      0.3613               0          0.8714        0.2527  0.0006667           0.565
      0.3            6.12       4      20    0.06797    0.9272       0.3421     0.1489          -0.00686    -0.02744            1.062      0.3577               0          0.8887         0.241  0.0006667          0.6666
      0.4           6.122       4      20     0.0668    0.9284       0.4649     0.1547        -0.0004273   -0.001709            1.062      0.3505               0           0.911        0.2282  0.0006667          0.6834
      0.6           6.126       4      20    0.06506    0.9304       0.6568     0.1642          0.009899      0.0396            1.062      0.3437               0           0.941        0.2115     0.0005          0.7494
      0.8           6.129       4      20    0.06335    0.9324       0.8473     0.1733           0.01992     0.07969            1.062      0.3357               0          0.9737         0.191  0.0003333          0.8232
        1            6.13       4      20    0.06112    0.9347        1.028     0.1846           0.03237      0.1295            1.062      0.3273               0           1.011        0.1673  0.0003333          0.8804
     1.25           6.132       4      20    0.05895    0.9371        1.273     0.1962           0.04508      0.1803            1.062       0.318               0           1.057        0.1455          0           1.091
      1.5           6.132       4      20    0.05696    0.9395        1.515     0.2073           0.05727      0.2291            1.062       0.305               0           1.109        0.1312          0           1.191
        2           6.137       4      20     0.0524    0.9445        1.999     0.2315           0.08377      0.3351            1.075      0.2783               0           1.198       0.09717          0           1.539
      2.5           6.145       4      20    0.04844    0.9492        2.454     0.2528            0.1071      0.4285            1.077      0.2578               0           1.298       0.06983          0           1.858
        3           6.146       4      20    0.04523     0.953        2.921     0.2702            0.1262      0.5047            1.078      0.2423               0           1.383       0.05117          0           2.391

=== 1d P5|B|10
 edge_pct  trades_per_30d  mean_N  mean_L  liq_share  tp_share  drift_H_pct  gross_pct  net_notional_pct  eq_ret_pct  30d_median_mult  30d_p_loss  30d_mdd_median  1y_median_mult  1y_p_below50  1y_p_ruin  IS_median_mult
        0           6.118       4      20    0.06791     0.924      0.03832     0.1358          -0.02012    -0.08048            1.062       0.367               0          0.8555        0.2647   0.001167           0.577
    0.025           6.118       4      20    0.06761    0.9244      0.06229     0.1375          -0.01832     -0.0733            1.062      0.3663               0          0.8597        0.2618   0.001167           0.577
     0.05           6.118       4      20    0.06722    0.9248      0.09815     0.1394          -0.01621    -0.06485            1.062      0.3655               0          0.8634        0.2582  0.0008333           0.577
    0.075           6.118       4      20    0.06699    0.9251       0.1372     0.1407          -0.01479    -0.05918            1.062      0.3645               0          0.8665        0.2543  0.0008333          0.5773
      0.1           6.118       4      20    0.06684    0.9253       0.1672     0.1415          -0.01395    -0.05578            1.062      0.3642               0          0.8692        0.2522  0.0006667          0.5773
     0.15           6.118       4      20    0.06661    0.9255          0.2     0.1426          -0.01265    -0.05059            1.062      0.3635               0          0.8714        0.2495  0.0006667          0.5773
      0.2           6.119       4      20    0.06613     0.926       0.2491     0.1451         -0.009957    -0.03983            1.062      0.3618               0          0.8819        0.2455  0.0006667          0.5773
      0.3           6.121       4      20    0.06535    0.9271       0.3405     0.1501         -0.004478    -0.01791            1.062      0.3582               0          0.8995        0.2343  0.0006667          0.6878
      0.4           6.123       4      20    0.06426    0.9283       0.4633     0.1559          0.001849    0.007394            1.062       0.351               0          0.9175        0.2212     0.0005          0.7035
      0.6           6.127       4      20    0.06252    0.9304       0.6552     0.1653           0.01219     0.04878            1.062      0.3442               0          0.9454        0.2048  0.0003333          0.7594
      0.8            6.13       4      20    0.06112    0.9323       0.8456     0.1743           0.02192     0.08769            1.062      0.3362               0          0.9801        0.1855  0.0001667          0.8534
        1           6.131       4      20    0.05904    0.9346        1.026     0.1856           0.03425       0.137            1.062      0.3277               0           1.017        0.1615  0.0001667           0.942
     1.25           6.133       4      20     0.0571    0.9371        1.271     0.1968           0.04652      0.1861            1.062      0.3183               0           1.065        0.1415          0           1.145
      1.5           6.133       4      20    0.05511    0.9395        1.513      0.208           0.05877      0.2351            1.062       0.305               0           1.114        0.1277          0           1.213
        2           6.138       4      20    0.05086    0.9445        1.998     0.2319           0.08483      0.3393            1.075      0.2785               0           1.202       0.09567          0           1.563
      2.5           6.146       4      20    0.04721    0.9492        2.452     0.2534            0.1083      0.4333            1.077       0.258               0           1.303        0.0685          0           1.872
        3           6.146       4      20    0.04407     0.953        2.919     0.2709            0.1274      0.5097            1.078      0.2423               0           1.395        0.0505          0           2.391

=== 1d P5|C|10
 edge_pct  trades_per_30d  mean_N  mean_L  liq_share  tp_share  drift_H_pct  gross_pct  net_notional_pct  eq_ret_pct  30d_median_mult  30d_p_loss  30d_mdd_median  1y_median_mult  1y_p_below50  1y_p_ruin  IS_median_mult
        0           6.207       4      20          0    0.8993      0.03318     0.2234           0.09739      0.3896            1.046      0.3532               0           1.304        0.0075          0           1.861
    0.025           6.207       4      20          0    0.8995      0.05669     0.2242           0.09821      0.3928            1.046      0.3517               0           1.306      0.006833          0           1.932
     0.05           6.207       4      20          0    0.9001      0.09204     0.2257           0.09969      0.3988            1.046      0.3498               0           1.311      0.006833          0           1.941
    0.075           6.207       4      20          0    0.9006       0.1306     0.2271            0.1012      0.4047            1.046       0.348               0           1.319        0.0065          0           1.941
      0.1           6.207       4      20          0    0.9008       0.1601     0.2276            0.1016      0.4064            1.046      0.3477               0            1.32      0.006833          0           1.941
     0.15           6.207       4      20          0    0.9011       0.1923     0.2284            0.1025      0.4098            1.046      0.3468               0           1.322      0.006667          0           2.022
      0.2           6.207       4      20          0    0.9018       0.2418     0.2303            0.1044      0.4178            1.046      0.3447               0            1.33         0.006          0           2.067
      0.3           6.207       4      20          0     0.903       0.3341     0.2337            0.1079      0.4314            1.046      0.3415               0           1.345      0.005333          0           2.174
      0.4           6.207       4      20          0    0.9045        0.456     0.2378            0.1121      0.4484            1.046      0.3355               0           1.363      0.004333          0           2.332
      0.6           6.208       4      20          0    0.9063       0.6492     0.2427             0.117      0.4682            1.046      0.3303               0           1.381      0.003833          0           2.374
      0.8           6.209       4      20          0    0.9082         0.84     0.2479            0.1224      0.4895            1.046      0.3252               0           1.405      0.003333          0           2.488
        1           6.209       4      20          0    0.9108        1.021      0.255            0.1296      0.5184            1.046      0.3175               0           1.437      0.002667          0           2.561
     1.25           6.208       4      20          0    0.9137        1.266     0.2631            0.1378      0.5513            1.051      0.3067               0           1.483      0.001167          0           2.752
      1.5           6.208       4      20          0     0.916         1.51     0.2695            0.1444      0.5775            1.062      0.2978               0           1.511     0.0008333          0           3.082
        2           6.208       4      20          0    0.9209        1.998     0.2828             0.158       0.632            1.062      0.2788               0           1.579     0.0001667          0           3.535
      2.5           6.212       4      20          0    0.9261        2.459     0.2971            0.1725      0.6902            1.062        0.26               0           1.652     0.0001667          0           4.449
        3            6.21       4      20          0    0.9302        2.925     0.3084            0.1841      0.7365            1.062       0.245               0           1.707             0          0           4.753

=== 1d P5|B|100
 edge_pct  trades_per_30d  mean_N  mean_L  liq_share  tp_share  drift_H_pct  gross_pct  net_notional_pct  eq_ret_pct  30d_median_mult  30d_p_loss  30d_mdd_median  1y_median_mult  1y_p_below50  1y_p_ruin  IS_median_mult
        0           4.955       4      20     0.4164    0.4029      0.03868     0.1559             -0.21     -0.8398           0.8936      0.6187          0.3153          0.2191        0.8735     0.3853         0.01567
    0.025           4.955       4      20     0.4151    0.4044      0.06416     0.1704           -0.1948     -0.7793           0.8965      0.6158          0.3128          0.2298        0.8672     0.3745         0.01434
     0.05           4.955       4      20      0.413    0.4062       0.1048     0.1894           -0.1749     -0.6995           0.8988       0.612          0.3066          0.2399          0.86     0.3628         0.01708
    0.075           4.955       4      20     0.4113    0.4078       0.1461     0.2075           -0.1559     -0.6238           0.8997      0.6077          0.3023           0.254        0.8525     0.3507         0.01748
      0.1           4.955       4      20       0.41    0.4091       0.1754     0.2203           -0.1426     -0.5703           0.9001      0.6048          0.2989          0.2633        0.8485      0.344         0.01785
     0.15           4.955       4      20     0.4083    0.4106       0.2101     0.2393           -0.1228     -0.4911           0.9008       0.601          0.2946          0.2783        0.8417     0.3312         0.02558
      0.2           4.956       4      20     0.4069     0.412       0.2567     0.2541           -0.1072      -0.429           0.9015      0.5973          0.2899           0.287        0.8357      0.322         0.02625
      0.3           4.956       4      20     0.4023    0.4168       0.3597     0.3071          -0.05207     -0.2083           0.9038      0.5885          0.2828          0.3268         0.814     0.2948         0.04638
      0.4           4.954       4      20     0.3967     0.422        0.488     0.3651           0.00857     0.03428           0.9207      0.5752          0.2705          0.3798        0.7867     0.2615         0.05424
      0.6           4.952       4      20     0.3884    0.4304       0.6805     0.4537            0.1011      0.4045            0.947      0.5555          0.2554           0.476        0.7492     0.2197           0.123
      0.8           4.951       4      20     0.3809    0.4382       0.8752     0.5363            0.1872       0.749           0.9504      0.5372          0.2472          0.5898        0.7072     0.1742          0.2077
        1           4.949       4      20     0.3716    0.4472        1.056      0.632            0.2873       1.149           0.9711      0.5187          0.2454          0.7468        0.6547     0.1398          0.5538
     1.25           4.946       4      20     0.3605    0.4585        1.315     0.7521            0.4128       1.651            1.012      0.4905          0.2438           1.003        0.5873      0.099           1.209
      1.5           4.943       4      20     0.3502    0.4684        1.576     0.8619            0.5275        2.11            1.036       0.467          0.2311           1.321        0.5202    0.07333           2.608
        2           4.941       4      20     0.3277    0.4899         2.06      1.101            0.7776        3.11            1.087      0.4155          0.2076           2.491         0.395    0.03183           15.33
      2.5           4.938       4      20     0.3086    0.5082        2.527      1.308            0.9928       3.971            1.133      0.3748          0.2064           4.243        0.2918    0.01333           54.98
        3           4.938       4      20     0.2869    0.5289        2.987       1.53             1.226       4.904            1.193      0.3323          0.2052           7.397        0.1992   0.005333           330.1

=== 1d P5c|A|10
 edge_pct  trades_per_30d  mean_N  mean_L  liq_share  tp_share  drift_H_pct  gross_pct  net_notional_pct  eq_ret_pct  30d_median_mult  30d_p_loss  30d_mdd_median  1y_median_mult  1y_p_below50  1y_p_ruin  IS_median_mult
        0           6.117       4      20    0.07061    0.9241      0.03985     0.1345          -0.02259    -0.09037            1.062      0.3665               0          0.8475        0.2728   0.001167          0.5629
    0.025           6.117   4.019      20     0.0703    0.9245      0.06383     0.1362           -0.0208    -0.08123            1.062      0.3658               0           0.854        0.2715     0.0015          0.5505
     0.05           6.117   4.038      20    0.06992    0.9249      0.09969     0.1381          -0.01869    -0.06882            1.062       0.365               0          0.8607         0.268   0.001167           0.525
    0.075           6.117    4.06      20    0.06969    0.9252       0.1388     0.1394          -0.01727    -0.05972            1.062      0.3638               0           0.863        0.2675      0.001          0.5328
      0.1           6.117    4.08      20    0.06954    0.9253       0.1687     0.1402          -0.01642    -0.05228            1.062      0.3635               0          0.8655         0.267      0.001          0.5447
     0.15           6.117   4.113      20     0.0693    0.9256       0.2016     0.1413          -0.01512    -0.03626            1.062      0.3627               0          0.8747        0.2617   0.001333           0.557
      0.2           6.118   4.154      20    0.06883    0.9261       0.2507     0.1438          -0.01243    -0.01326            1.062      0.3607               0          0.8896         0.255   0.001333          0.5759
      0.3            6.12   4.229      20    0.06797    0.9272       0.3421     0.1489          -0.00686     0.03364            1.062       0.357               0          0.9257        0.2392      0.001          0.7323
      0.4           6.122   4.304      20     0.0668    0.9284       0.4649     0.1547        -0.0004273     0.08113            1.062       0.349               0          0.9642        0.2223      0.001          0.7887
      0.6           6.126    4.44      20    0.06506    0.9304       0.6568     0.1642          0.009899      0.1606            1.062      0.3412               0           1.013        0.2032      0.001          0.9428
      0.8           6.129    4.58      20    0.06335    0.9324       0.8473     0.1733           0.01992      0.2418            1.077      0.3327               0           1.076        0.1845      0.001           1.206
        1            6.13   4.726      20    0.06112    0.9347        1.028     0.1846           0.03237      0.3267            1.078      0.3235               0           1.146        0.1722      0.001           1.251
     1.25           6.132   4.904      20    0.05895    0.9371        1.273     0.1962           0.04508      0.4216            1.078      0.3135               0            1.24        0.1603   0.001167           1.407
      1.5           6.132   5.073      20    0.05696    0.9395        1.515     0.2073           0.05727      0.5191            1.078      0.2998               0           1.327        0.1445  0.0003333           1.764
        2           6.137   5.424      20     0.0524    0.9445        1.999     0.2315           0.08377      0.7188            1.094       0.272               0           1.538         0.119  0.0003333           2.544
      2.5           6.145   5.783      20    0.04844    0.9492        2.454     0.2528            0.1071      0.9031             1.11       0.251               0           1.774        0.1055  0.0008333           3.824
        3           6.146   6.135      20    0.04523     0.953        2.921     0.2702            0.1262       1.072            1.111      0.2342               0           2.006        0.0995  0.0006667           5.806

=== 1d P5c|B|10
 edge_pct  trades_per_30d  mean_N  mean_L  liq_share  tp_share  drift_H_pct  gross_pct  net_notional_pct  eq_ret_pct  30d_median_mult  30d_p_loss  30d_mdd_median  1y_median_mult  1y_p_below50  1y_p_ruin  IS_median_mult
        0           6.118       4      20    0.06791     0.924      0.03832     0.1358          -0.02012    -0.08048            1.062       0.367               0          0.8555        0.2647   0.001167           0.577
    0.025           6.118   4.019      20    0.06761    0.9244      0.06229     0.1375          -0.01832    -0.07133            1.062      0.3663               0          0.8597        0.2635   0.001333          0.5668
     0.05           6.118   4.038      20    0.06722    0.9248      0.09815     0.1394          -0.01621    -0.05893            1.062      0.3655               0          0.8692        0.2605      0.001          0.5493
    0.075           6.118    4.06      20    0.06699    0.9251       0.1372     0.1407          -0.01479    -0.04983            1.062      0.3643               0          0.8712        0.2605  0.0008333          0.5575
      0.1           6.118    4.08      20    0.06684    0.9253       0.1672     0.1415          -0.01395    -0.04239            1.062       0.364               0          0.8725        0.2597  0.0008333          0.6114
     0.15           6.118   4.113      20    0.06661    0.9255          0.2     0.1426          -0.01265    -0.02638            1.062      0.3632               0           0.883        0.2555   0.001167          0.6123
      0.2           6.119   4.154      20    0.06613     0.926       0.2491     0.1451         -0.009957   -0.003382            1.062      0.3608               0          0.8984        0.2483   0.001167           0.622
      0.3           6.121   4.229      20    0.06535    0.9271       0.3405     0.1501         -0.004478     0.04316            1.062      0.3572               0          0.9338        0.2325      0.001          0.7342
      0.4           6.123   4.304      20    0.06426    0.9283       0.4633     0.1559          0.001849     0.09022            1.062       0.349               0          0.9718        0.2148  0.0008333          0.8208
      0.6           6.127    4.44      20    0.06252    0.9304       0.6552     0.1653           0.01219      0.1697            1.062       0.341               0           1.021        0.1977  0.0008333          0.9857
      0.8            6.13    4.58      20    0.06112    0.9323       0.8456     0.1743           0.02192      0.2498            1.077      0.3325               0           1.081         0.181      0.001           1.248
        1           6.131   4.726      20    0.05904    0.9346        1.026     0.1856           0.03425      0.3342            1.078      0.3228               0           1.152        0.1685      0.001            1.31
     1.25           6.133   4.904      20     0.0571    0.9371        1.271     0.1968           0.04652      0.4273            1.078      0.3128               0           1.248        0.1582      0.001           1.473
      1.5           6.133   5.073      20    0.05511    0.9395        1.513      0.208           0.05877      0.5252            1.078      0.2988               0           1.333         0.142  0.0003333           1.813
        2           6.138   5.424      20    0.05086    0.9445        1.998     0.2319           0.08483      0.7232            1.094      0.2722               0           1.551        0.1163  0.0003333           2.577
      2.5           6.146   5.783      20    0.04721    0.9492        2.452     0.2534            0.1083      0.9084             1.11       0.251               0           1.784        0.1032  0.0006667           3.831
        3           6.146   6.135      20    0.04407     0.953        2.919     0.2709            0.1274       1.078            1.111      0.2338               0           2.017       0.09733  0.0006667           5.806

=== 1d P5c|C|10
 edge_pct  trades_per_30d  mean_N  mean_L  liq_share  tp_share  drift_H_pct  gross_pct  net_notional_pct  eq_ret_pct  30d_median_mult  30d_p_loss  30d_mdd_median  1y_median_mult  1y_p_below50  1y_p_ruin  IS_median_mult
        0           6.207       4      20          0    0.8993      0.03318     0.2234           0.09739      0.3896            1.046      0.3532               0           1.304        0.0075          0           1.861
    0.025           6.207   4.018      20          0    0.8995      0.05669     0.2242           0.09821      0.3948            1.046       0.352               0           1.307      0.007667          0           1.924
     0.05           6.207   4.038      20          0    0.9001      0.09204     0.2257           0.09969      0.4055            1.046      0.3483               0            1.32      0.007833          0           2.003
    0.075           6.207    4.06      20          0    0.9006       0.1306     0.2271            0.1012      0.4164            1.046       0.345               0           1.329         0.008          0           2.017
      0.1           6.207    4.08      20          0    0.9008       0.1601     0.2276            0.1016      0.4205            1.046      0.3432               0           1.331        0.0085          0           2.032
     0.15           6.207   4.113      20          0    0.9011       0.1923     0.2284            0.1025      0.4323            1.046      0.3398               0           1.343      0.007833          0           2.073
      0.2           6.207   4.154      20          0    0.9018       0.2418     0.2303            0.1044      0.4532            1.046      0.3338               0           1.363        0.0075          0           2.184
      0.3           6.207   4.228      20          0     0.903       0.3341     0.2337            0.1079      0.4858            1.046      0.3273               0           1.397         0.007          0           2.306
      0.4           6.207   4.303      20          0    0.9045        0.456     0.2378            0.1121      0.5259             1.05      0.3148               0           1.442      0.007667          0           2.627
      0.6           6.208    4.44      20          0    0.9063       0.6492     0.2427             0.117      0.5799            1.062      0.3042               0           1.495      0.005667          0           2.946
      0.8           6.209   4.579      20          0    0.9082         0.84     0.2479            0.1224      0.6373            1.062       0.293               0           1.564      0.005333          0           3.363
        1           6.209   4.727      20          0    0.9108        1.021      0.255            0.1296      0.7025            1.062      0.2778               0           1.639         0.006          0           3.681
     1.25           6.208   4.906      20          0    0.9137        1.266     0.2631            0.1378      0.7822            1.066      0.2573               0           1.731      0.003833          0           4.489
      1.5           6.208   5.075      20          0     0.916         1.51     0.2695            0.1444      0.8521            1.078      0.2457               0           1.817      0.004167          0           5.152
        2           6.208   5.427      20          0    0.9209        1.998     0.2828             0.158      0.9917            1.078      0.2277               0            2.02      0.004833          0           7.587
      2.5           6.212   5.786      20          0    0.9261        2.459     0.2971            0.1725       1.146            1.094      0.2085               0           2.263      0.003333          0           10.47
        3            6.21   6.138      20          0    0.9302        2.925     0.3084            0.1841       1.287            1.098      0.1975               0           2.495         0.003          0           16.78

=== 1d P6|B|none
 edge_pct  trades_per_30d  mean_N  mean_L  liq_share  tp_share  drift_H_pct  gross_pct  net_notional_pct  eq_ret_pct  30d_median_mult  30d_p_loss  30d_mdd_median  1y_median_mult  1y_p_below50  1y_p_ruin  IS_median_mult
        0           3.965  0.1151   5.137          0         0      0.01524    0.02863           -0.2225    -0.02136            0.998      0.5595         0.01011          0.9866             0          0          0.9511
    0.025           3.963  0.1151   5.137          0         0      0.04491    0.05205           -0.1991    -0.01855           0.9981       0.556         0.01011          0.9878             0          0          0.9511
     0.05           3.962  0.1151   5.137          0         0      0.08653    0.09268           -0.1586    -0.01447           0.9984      0.5495          0.0101          0.9896             0          0           0.953
    0.075           3.962  0.1151   5.137          0         0        0.119     0.1218           -0.1295    -0.01083           0.9985      0.5457          0.0101           0.991             0          0          0.9548
      0.1           3.961  0.1151   5.138          0         0       0.1527     0.1542          -0.09715   -0.007822           0.9986      0.5413          0.0101           0.993             0          0          0.9614
     0.15            3.96  0.1151   5.137          0         0       0.1886     0.1915           -0.0599   -0.003972           0.9987       0.537          0.0101           0.995             0          0          0.9702
      0.2           3.959  0.1151   5.137          0         0       0.2356     0.2373          -0.01413   0.0007212           0.9989      0.5318         0.01009          0.9971             0          0          0.9759
      0.3           3.958  0.1151   5.137          0         0       0.3385     0.3376            0.0861     0.01127           0.9993      0.5193         0.01008           1.003             0          0          0.9945
      0.4           3.957  0.1151   5.137          0         0       0.4379     0.4365            0.1848     0.02209           0.9997      0.5075         0.01008           1.008             0          0           1.006
      0.6           3.952  0.1151   5.138          0         0       0.6369     0.6345            0.3825     0.04269                1      0.4837         0.01006           1.018             0          0           1.039
      0.8           3.946  0.1151   5.137          0         0        0.833      0.815            0.5628     0.06222            1.001      0.4653         0.01005           1.028             0          0           1.066
        1           3.941  0.1151   5.138          0         0        1.012     0.9935             0.741     0.08216            1.002      0.4457         0.01004           1.037             0          0           1.103
     1.25           3.934  0.1151   5.137          0         0        1.231      1.192            0.9387      0.1056            1.003      0.4202         0.01003           1.049             0          0           1.125
      1.5            3.93  0.1151   5.135          0         0         1.49      1.424             1.171      0.1309            1.004      0.3923         0.00839           1.061             0          0           1.183
        2           3.922  0.1151   5.136          0         0        1.969      1.858             1.605       0.179            1.005      0.3385        0.006632           1.086             0          0           1.276
      2.5           3.908  0.1151   5.135          0         0        2.427      2.289             2.035      0.2264            1.007      0.2847        0.005254           1.111             0          0           1.356
        3           3.901  0.1151   5.137          0         0        2.887      2.726             2.472      0.2747            1.009      0.2397        0.003691           1.136             0          0           1.448

=== 1d P6h|B|none
 edge_pct  trades_per_30d  mean_N  mean_L  liq_share  tp_share  drift_H_pct  gross_pct  net_notional_pct  eq_ret_pct  30d_median_mult  30d_p_loss  30d_mdd_median  1y_median_mult  1y_p_below50  1y_p_ruin  IS_median_mult
        0           3.965 0.05755   5.137          0         0      0.01524    0.02863           -0.2225    -0.01068            0.999      0.5587        0.005054          0.9936             0          0          0.9761
    0.025           3.963 0.05755   5.137          0         0      0.04491    0.05205           -0.1991   -0.009277           0.9991      0.5552        0.005053          0.9943             0          0          0.9761
     0.05           3.962 0.05755   5.137          0         0      0.08653    0.09268           -0.1586   -0.007234           0.9992      0.5487        0.005052          0.9951             0          0          0.9772
    0.075           3.962 0.05755   5.137          0         0        0.119     0.1218           -0.1295   -0.005417           0.9993      0.5448         0.00505          0.9959             0          0           0.978
      0.1           3.961 0.05755   5.138          0         0       0.1527     0.1542          -0.09715   -0.003911           0.9993      0.5405        0.005049          0.9968             0          0          0.9814
     0.15            3.96 0.05755   5.137          0         0       0.1886     0.1915           -0.0599   -0.001986           0.9994      0.5362        0.005048          0.9978             0          0          0.9858
      0.2           3.959 0.05754   5.137          0         0       0.2356     0.2373          -0.01413   0.0003606           0.9995       0.531        0.005046          0.9989             0          0          0.9889
      0.3           3.958 0.05754   5.137          0         0       0.3385     0.3376            0.0861    0.005637           0.9996      0.5185        0.005042           1.002             0          0          0.9982
      0.4           3.957 0.05754   5.137          0         0       0.4379     0.4365            0.1848     0.01105           0.9999      0.5068        0.005038           1.004             0          0           1.004
      0.6           3.952 0.05755   5.138          0         0       0.6369     0.6345            0.3825     0.02135                1       0.483        0.005032           1.009             0          0            1.02
      0.8           3.946 0.05754   5.137          0         0        0.833      0.815            0.5628     0.03111            1.001      0.4647        0.005026           1.014             0          0           1.033
        1           3.941 0.05756   5.138          0         0        1.012     0.9935             0.741     0.04108            1.001       0.445         0.00502           1.019             0          0           1.052
     1.25           3.934 0.05754   5.137          0         0        1.231      1.192            0.9387      0.0528            1.001      0.4193        0.005013           1.025             0          0           1.062
      1.5            3.93 0.05754   5.135          0         0         1.49      1.424             1.171     0.06546            1.002      0.3917        0.004192           1.031             0          0           1.089
        2           3.922 0.05755   5.136          0         0        1.969      1.858             1.605     0.08948            1.003      0.3378        0.003316           1.043             0          0           1.131
      2.5           3.908 0.05754   5.135          0         0        2.427      2.289             2.035      0.1132            1.004       0.284        0.002627           1.054             0          0           1.166
        3           3.901 0.05756   5.137          0         0        2.887      2.726             2.472      0.1373            1.004      0.2388        0.001846           1.066             0          0           1.205

=== 1d P6|B|10
 edge_pct  trades_per_30d  mean_N  mean_L  liq_share  tp_share  drift_H_pct  gross_pct  net_notional_pct  eq_ret_pct  30d_median_mult  30d_p_loss  30d_mdd_median  1y_median_mult  1y_p_below50  1y_p_ruin  IS_median_mult
        0           5.228  0.1149   5.122          0    0.7423     -0.01644     0.1305          -0.03007    -0.01238                1      0.4828        0.009661          0.9927             0          0          0.9673
    0.025           5.231  0.1149   5.123          0    0.7436     0.008216      0.139          -0.02153    -0.01126                1       0.481        0.009444          0.9933             0          0          0.9761
     0.05           5.235  0.1149   5.122          0    0.7452      0.04408     0.1548         -0.005469   -0.009785                1      0.4773        0.009213          0.9943             0          0          0.9784
    0.075           5.235  0.1149   5.123          0    0.7466      0.08276     0.1672          0.007011   -0.008481                1      0.4747        0.009053          0.9952             0          0          0.9803
      0.1           5.236  0.1149   5.123          0    0.7476       0.1138     0.1793           0.01921   -0.007444            1.001       0.473        0.008995           0.996             0          0          0.9803
     0.15           5.238  0.1149   5.123          0    0.7492       0.1495     0.1911           0.03113   -0.005969            1.001      0.4703        0.008809           0.997             0          0           0.985
      0.2           5.241  0.1149   5.123          0    0.7514       0.1922     0.2088           0.04907   -0.004134            1.001      0.4657        0.008391          0.9983             0          0          0.9879
      0.3           5.252  0.1149   5.123          0    0.7552       0.2762     0.2428           0.08359  -0.0006549            1.001      0.4593        0.008132               1             0          0          0.9962
      0.4           5.257  0.1149   5.123          0    0.7592       0.3925     0.2769             0.118    0.003278            1.001      0.4513        0.007578           1.002             0          0           1.001
      0.6            5.27  0.1149   5.123          0    0.7675       0.5905     0.3495            0.1913     0.01082            1.002      0.4347        0.006768           1.007             0          0           1.018
      0.8           5.274  0.1149   5.123          0     0.774       0.7765     0.4111            0.2535     0.01725            1.002      0.4208        0.006241           1.012             0          0           1.033
        1           5.288  0.1149   5.123          0    0.7823       0.9674      0.484            0.3272     0.02525            1.002      0.4032        0.005827           1.017             0          0           1.044
     1.25           5.298  0.1149   5.123          0    0.7937        1.218       0.57            0.4142     0.03517            1.003       0.379        0.005166           1.024             0          0           1.065
      1.5            5.31  0.1149   5.122          0    0.8025        1.467       0.65            0.4951      0.0435            1.004      0.3613        0.004761           1.029             0          0           1.085
        2           5.341  0.1149    5.12          0    0.8216        1.969     0.8294            0.6763     0.06216            1.005      0.3185        0.003307           1.042             0          0           1.122
      2.5           5.375  0.1149   5.121          0    0.8394        2.424     0.9778            0.8264     0.07876            1.006      0.2792        0.001843           1.054             0          0           1.153
        3           5.397  0.1148   5.119          0    0.8573        2.903      1.132             0.982     0.09551            1.006      0.2388       0.0001428           1.066             0          0           1.206
