symbol,signal_ts,i,fill_j,exit_j,side,fill_px,exit_px,gross,fee,funding,net,exit_type
BTCUSD,2025-03-24 23:25:00+00:00,1338,1339,1403,1,87226.61,86463.0,-0.008754323938532038,0.0004,0.0,-0.009154323938532037,maker
BTCUSD,2025-03-25 22:30:00+00:00,1615,1616,1680,1,87456.11,87126.09,-0.003773549955514821,0.0004,0.0,-0.004173549955514821,maker
BTCUSD,2025-03-26 13:35:00+00:00,1796,1797,1861,1,87767.08,86201.6,-0.017836756104908535,0.0004,0.0,-0.018236756104908537,maker
BTCUSD,2025-03-26 21:00:00+00:00,1885,1886,1950,-1,87232.46,87539.02,-0.003514288144573774,0.0004,0.0,-0.003914288144573774,maker
BTCUSD,2025-03-27 02:35:00+00:00,1952,1953,2017,-1,87564.27,87411.3,0.0017469454150648156,0.0004,0.0,0.0013469454150648156,maker
BTCUSD,2025-03-27 18:50:00+00:00,2147,2148,2212,-1,87308.06,87051.62,0.002937185868063019,0.0004,0.0,0.002537185868063019,maker
BTCUSD,2025-03-30 01:40:00+00:00,2805,2806,2873,-1,82880.7,83261.929056,-0.004599732579478655,0.0007,0.0,-0.005299732579478655,fallback_taker
BTCUSD,2025-03-30 07:30:00+00:00,2875,2876,2940,-1,83225.7,83056.03,0.002038673150240866,0.0004,0.0,0.0016386731502408662,maker
BTCUSD,2025-04-01 00:50:00+00:00,3371,3372,3436,-1,82716.0,82975.32,-0.0031350645582475245,0.0004,0.0,-0.0035350645582475247,maker
BTCUSD,2025-04-01 11:40:00+00:00,3501,3502,3566,1,83965.4,85093.51,0.013435415063823841,0.0004,0.0,0.013035415063823842,maker
BTCUSD,2025-04-02 02:25:00+00:00,3678,3679,3743,1,84804.5,84252.11,-0.006513687363288501,0.0004,0.0,-0.006913687363288501,maker
BTCUSD,2025-04-02 18:30:00+00:00,3871,3872,3936,1,86349.62,82528.1,-0.044256361521915144,0.0004,0.0,-0.04465636152191514,maker
BTCUSD,2025-04-03 01:50:00+00:00,3959,3960,4024,-1,83763.46,83090.09,0.008038946815234316,0.0004,0.0,0.007638946815234316,maker
BTCUSD,2025-04-03 16:05:00+00:00,4130,4131,4195,-1,82053.86,82511.97,-0.0055830402128553835,0.0004,0.0,-0.005983040212855384,maker
BTCUSD,2025-04-03 22:05:00+00:00,4202,4203,4267,-1,82687.0,82942.73,-0.0030927473484343437,0.0004,0.0,-0.003492747348434344,maker
BTCUSD,2025-04-04 06:15:00+00:00,4300,4301,4365,-1,83172.84,82229.24,0.011345049658037287,0.0004,0.0,0.010945049658037288,maker
BTCUSD,2025-04-05 09:40:00+00:00,4629,4630,4694,-1,83755.03,82786.88,0.011559305751547067,0.0004,0.0,0.011159305751547067,maker
BTCUSD,2025-04-05 18:20:00+00:00,4733,4734,4798,-1,82972.08,83273.62,-0.0036342345521529484,0.0004,0.0,-0.004034234552152949,maker
BTCUSD,2025-04-07 02:05:00+00:00,5114,5115,5179,-1,79020.1,74983.48,0.05108345851245455,0.0004,0.0,0.05068345851245455,maker
BTCUSD,2025-04-07 08:35:00+00:00,5192,5193,5257,-1,76365.38,78306.19,-0.025414788743276073,0.0004,0.0,-0.025814788743276074,maker
BTCUSD,2025-04-07 17:05:00+00:00,5294,5295,5359,1,77968.46,79763.7,0.023025207885342125,0.0004,0.0,0.022625207885342124,maker
BTCUSD,2025-04-08 00:50:00+00:00,5387,5388,5452,1,79286.98,79459.32,0.00217362295801915,0.0004,0.0,0.0017736229580191502,maker
BTCUSD,2025-04-08 06:40:00+00:00,5457,5458,5522,1,79513.01,79834.68,0.004045501484599701,0.0004,0.0,0.0036455014845997004,maker
BTCUSD,2025-04-09 04:50:00+00:00,5723,5724,5788,-1,76485.84,77570.0,-0.01417464984368344,0.0004,0.0,-0.01457464984368344,maker
BTCUSD,2025-04-09 16:20:00+00:00,5861,5862,5926,-1,77528.4,82938.3,-0.06977959044685567,0.0004,0.0,-0.07017959044685566,maker
BTCUSD,2025-04-10 00:20:00+00:00,5957,5958,6022,1,82381.14,82157.9,-0.002709843539431489,0.0004,0.0,-0.003109843539431489,maker
BTCUSD,2025-04-10 21:10:00+00:00,6207,6208,6272,-1,79763.5,80585.33,-0.010303334231822836,0.0004,0.0,-0.010703334231822835,maker
BTCUSD,2025-04-11 13:25:00+00:00,6402,6403,6467,1,82084.59,83804.79,0.020956430433531903,0.0004,0.0,0.020556430433531902,maker
BTCUSD,2025-04-11 22:45:00+00:00,6514,6515,6579,1,83438.07,82886.19,-0.006614246949863567,0.0004,0.0,-0.007014246949863567,maker
BTCUSD,2025-04-12 09:30:00+00:00,6643,6644,6708,1,83461.5,84946.0,0.017786644141310592,0.0004,0.0,0.01738664414131059,maker
BTCUSD,2025-04-12 23:40:00+00:00,6813,6814,6878,1,85294.05,84660.07,-0.0074328748605558825,0.0004,0.0,-0.007832874860555882,maker
BTCUSD,2025-04-13 16:40:00+00:00,7017,7018,7082,-1,84144.68,83671.52,0.005623171898686774,0.0004,0.0,0.005223171898686774,maker
BTCUSD,2025-04-14 04:55:00+00:00,7164,7165,7229,-1,84857.2,84484.59,0.004391023979108399,0.0004,0.0,0.003991023979108399,maker
BTCUSD,2025-04-14 21:55:00+00:00,7368,7369,7433,1,84710.42,85125.1,0.004895265541122518,0.0004,0.0,0.0044952655411225175,maker
BTCUSD,2025-04-15 11:20:00+00:00,7529,7530,7594,1,85499.09,84992.36,-0.0059267297464803415,0.0004,0.0,-0.006326729746480342,maker
BTCUSD,2025-04-16 02:40:00+00:00,7713,7714,7778,-1,83727.0,83236.41,0.005859400193485964,0.0004,0.0,0.005459400193485964,maker
BTCUSD,2025-04-16 08:45:00+00:00,7786,7787,7851,-1,83812.23,84088.69,-0.0032985639446654336,0.0004,0.0,-0.0036985639446654337,maker
BTCUSD,2025-04-17 02:25:00+00:00,7998,7999,8063,1,84181.13,84683.93,0.005972835004709243,0.0004,0.0,0.0055728350047092425,maker
BTCUSD,2025-04-17 09:40:00+00:00,8085,8086,8150,1,84499.03,84145.45,-0.004184426732472546,0.0004,0.0,-0.004584426732472546,maker
BTCUSD,2025-04-18 01:00:00+00:00,8269,8270,8334,1,84870.0,84684.5,-0.0021856957700011614,0.0004,0.0,-0.0025856957700011616,maker
BTCUSD,2025-04-18 07:40:00+00:00,8349,8350,8414,1,84611.51,84595.32,-0.0001913451255034504,0.0004,0.0,-0.0005913451255034504,maker
BTCUSD,2025-04-18 14:30:00+00:00,8431,8432,8496,1,84470.81,84510.74,0.0004727076726269708,0.0004,0.0,7.270767262697076e-05,maker
BTCUSD,2025-04-18 23:25:00+00:00,8538,8539,8603,1,84434.63,85098.0,0.007856610492637861,0.0004,0.0,0.007456610492637861,maker
BTCUSD,2025-04-19 19:30:00+00:00,8779,8780,8844,1,85120.67,85174.41,0.0006313390155412435,0.0004,0.0,0.00023133901554124348,maker
BTCUSD,2025-04-20 21:00:00+00:00,9085,9086,9150,-1,85039.6,87466.17,-0.028534588591667687,0.0004,0.0,-0.028934588591667688,maker
BTCUSD,2025-04-21 17:55:00+00:00,9336,9337,9401,1,86857.7,87337.49,0.0055238625936446795,0.0004,0.0,0.005123862593644679,maker
BTCUSD,2025-04-23 10:15:00+00:00,9820,9821,9885,1,93545.3,92720.15,-0.008820860053899149,0.0004,0.0,-0.009220860053899148,maker
BTCUSD,2025-04-24 00:15:00+00:00,9988,9989,10053,1,93572.56,92749.67,-0.008794137939583946,0.0004,0.0,-0.009194137939583945,maker
BTCUSD,2025-04-24 10:05:00+00:00,10106,10107,10171,-1,92448.4,93176.52,-0.00787596107666566,0.0004,0.0,-0.00827596107666566,maker
BTCUSD,2025-04-25 21:55:00+00:00,10536,10537,10601,1,94685.5,94924.1,0.002519921212857268,0.0004,0.0,0.0021199212128572677,maker
BTCUSD,2025-04-26 08:10:00+00:00,10659,10660,10724,1,94638.65,94080.1,-0.005901922734527498,0.0004,0.0,-0.0063019227345274985,maker
BTCUSD,2025-04-27 01:40:00+00:00,10869,10870,10934,1,94571.26,94061.44,-0.005390855530527872,0.0004,0.0,-0.005790855530527872,maker
BTCUSD,2025-04-27 08:55:00+00:00,10956,10957,11021,-1,94239.16,94138.0,0.0010734391096015594,0.0004,0.0,0.0006734391096015595,maker
BTCUSD,2025-04-27 14:25:00+00:00,11022,11023,11087,-1,94082.72,94426.82,-0.003657419768476222,0.0004,0.0,-0.004057419768476222,maker
BTCUSD,2025-04-28 03:55:00+00:00,11184,11185,11249,-1,93884.88,94780.99,-0.009544774408829282,0.0004,0.0,-0.009944774408829281,maker
BTCUSD,2025-04-29 07:00:00+00:00,11509,11510,11574,-1,94763.06,94968.34,-0.0021662449481896218,0.0004,0.0,-0.002566244948189622,maker
BTCUSD,2025-04-30 02:55:00+00:00,11748,11749,11813,-1,94672.0,94711.92,-0.000421666384992303,0.0004,0.0,-0.000821666384992303,maker
BTCUSD,2025-04-30 10:30:00+00:00,11839,11840,11904,-1,94917.54,94026.07,0.009392047033667139,0.0004,0.0,0.00899204703366714,maker
BTCUSD,2025-04-30 20:55:00+00:00,11964,11965,12029,-1,94591.1,94783.19,-0.0020307407356505713,0.0004,0.0,-0.0024307407356505715,maker
BTCUSD,2025-05-01 02:45:00+00:00,12034,12035,12099,-1,94835.41,94946.8,-0.0011745612741063116,0.0004,0.0,-0.0015745612741063116,maker
BTCUSD,2025-05-01 08:35:00+00:00,12104,12105,12172,-1,95099.97,96340.10416799999,-0.013040321337640659,0.0007,0.0,-0.013740321337640658,fallback_taker
BTCUSD,2025-05-01 18:35:00+00:00,12224,12225,12289,1,96699.0,96524.98,-0.0017996049597204244,0.0004,0.0,-0.0021996049597204246,maker
BTCUSD,2025-05-02 05:25:00+00:00,12354,12355,12421,1,96854.8,96942.19,0.0009022784621928182,0.0004,0.0,0.0005022784621928182,maker
BTCUSD,2025-05-02 19:50:00+00:00,12527,12528,12592,1,96935.98,96612.65,-0.0033355003993357224,0.0004,0.0,-0.0037355003993357226,maker
BTCUSD,2025-05-06 17:45:00+00:00,13654,13655,13719,-1,94543.19,96163.79,-0.0171413721072875,0.0004,0.0,-0.0175413721072875,maker
BTCUSD,2025-05-07 02:50:00+00:00,13763,13764,13828,1,96612.58,96877.89,0.002746122709899712,0.0004,0.0,0.002346122709899712,maker
BTCUSD,2025-05-07 18:00:00+00:00,13945,13946,14010,1,96618.2,97242.59,0.006462447033788621,0.0004,0.0,0.006062447033788621,maker
BTCUSD,2025-05-08 12:05:00+00:00,14162,14163,14227,1,99447.23,101566.88,0.02131431916203197,0.0004,0.0,0.02091431916203197,maker
BTCUSD,2025-05-10 11:45:00+00:00,14734,14735,14799,1,103422.0,103482.86,0.0005884628028853811,0.0004,0.0,0.0001884628028853811,maker
BTCUSD,2025-05-10 18:05:00+00:00,14810,14811,14875,1,103289.98,104806.58,0.014682934394991687,0.0004,0.0,0.014282934394991688,maker
BTCUSD,2025-05-11 02:15:00+00:00,14908,14909,14973,1,104120.23,103581.44,-0.0051746908357770405,0.0004,0.0,-0.005574690835777041,maker
BTCUSD,2025-05-11 07:45:00+00:00,14974,14975,15039,1,103558.51,104665.32,0.010687774476477285,0.0004,0.0,0.010287774476477286,maker
BTCUSD,2025-05-11 16:55:00+00:00,15084,15085,15149,1,103988.3,104195.2,0.0019896469122007154,0.0004,0.0,0.0015896469122007155,maker
BTCUSD,2025-05-11 22:50:00+00:00,15155,15156,15220,1,103760.38,104067.05,0.0029555597232777675,0.0004,0.0,0.0025555597232777673,maker
BTCUSD,2025-05-12 10:25:00+00:00,15294,15295,15359,1,104327.63,102390.67,-0.018566126729803067,0.0004,0.0,-0.01896612672980307,maker
BTCUSD,2025-05-12 22:55:00+00:00,15444,15445,15509,-1,102865.6,102157.96,0.006879267704655412,0.0004,0.0,0.006479267704655412,maker
BTCUSD,2025-05-13 05:05:00+00:00,15518,15519,15583,-1,102600.03,103507.38,-0.008843564665624415,0.0004,0.0,-0.009243564665624414,maker
BTCUSD,2025-05-13 21:15:00+00:00,15712,15713,15777,1,104445.61,103706.42,-0.007077272084484942,0.0004,0.0,-0.0074772720844849426,maker
BTCUSD,2025-05-15 12:00:00+00:00,16177,16178,16242,-1,102355.36,104144.98,-0.017484379909366687,0.0004,0.0,-0.01788437990936669,maker
BTCUSD,2025-05-16 12:30:00+00:00,16471,16472,16536,1,103708.81,103833.29,0.0012002837560280977,0.0004,0.0,0.0008002837560280977,maker
BTCUSD,2025-05-16 19:25:00+00:00,16554,16555,16619,1,103699.42,103283.94,-0.00400657978607788,0.0004,0.0,-0.00440657978607788,maker
BTCUSD,2025-05-19 01:50:00+00:00,17207,17208,17272,1,105122.8,102638.87,-0.023628841697519554,0.0004,0.0,-0.024028841697519555,maker
BTCUSD,2025-05-19 08:30:00+00:00,17287,17288,17352,-1,103166.19,103372.19,-0.0019967782080543284,0.0004,0.0,-0.0023967782080543286,maker
BTCUSD,2025-05-20 03:50:00+00:00,17519,17520,17584,1,105703.52,105294.67,-0.003867893897951613,0.0004,0.0,-0.004267893897951613,maker
BTCUSD,2025-05-20 22:25:00+00:00,17742,17743,17807,1,106350.2,107092.03,0.006975351245225747,0.0004,0.0,0.006575351245225747,maker
BTCUSD,2025-05-22 06:00:00+00:00,18121,18122,18186,1,111118.9,110701.28,-0.0037583165420103093,0.0004,0.0,-0.0041583165420103095,maker
BTCUSD,2025-05-22 11:40:00+00:00,18189,18190,18254,1,110685.05,111299.9,0.005554950736345932,0.0004,0.0,0.0051549507363459314,maker
BTCUSD,2025-05-22 20:40:00+00:00,18297,18298,18362,1,111087.5,111460.7,0.0033595138967030813,0.0004,0.0,0.002959513896703081,maker
BTCUSD,2025-05-23 06:25:00+00:00,18414,18415,18479,1,110546.4,109746.56,-0.007235332855705767,0.0004,0.0,-0.007635332855705767,maker
BTCUSD,2025-05-24 04:10:00+00:00,18675,18676,18740,-1,108373.44,108401.1,-0.0002552285873733684,0.0004,0.0,-0.0006552285873733684,maker
BTCUSD,2025-05-26 16:35:00+00:00,19400,19401,19465,1,109470.9,109382.42,-0.0008082513252379853,0.0004,0.0,-0.0012082513252379852,maker
BTCUSD,2025-05-27 14:40:00+00:00,19665,19666,19730,1,109570.0,109790.0,0.0020078488637400582,0.0004,0.0,0.0016078488637400583,maker
BTCUSD,2025-05-27 21:50:00+00:00,19751,19752,19816,1,109119.85,108887.24,-0.0021316928129941903,0.0004,0.0,-0.0025316928129941905,maker
BTCUSD,2025-05-29 01:00:00+00:00,20077,20078,20142,-1,108080.26,107918.71,0.0014947225330508296,0.0004,0.0,0.0010947225330508296,maker
BTCUSD,2025-05-30 02:20:00+00:00,20381,20382,20446,-1,106075.49,105107.35,0.009126896326380418,0.0004,0.0,0.008726896326380419,maker
BTCUSD,2025-05-31 07:05:00+00:00,20726,20727,20791,-1,103815.22,103839.01,-0.00022915715056037733,0.0004,0.0,-0.0006291571505603773,maker
BTCUSD,2025-06-02 15:30:00+00:00,21403,21404,21468,-1,104301.02,104771.88,-0.004514433320019329,0.0004,0.0,-0.004914433320019329,maker
BTCUSD,2025-06-03 17:50:00+00:00,21719,21720,21787,1,105968.15,105532.129352,-0.004114638672091497,0.0007,0.0,-0.0048146386720914975,fallback_taker
BTCUSD,2025-06-04 05:00:00+00:00,21853,21854,21918,1,105468.58,105863.83,0.003747561596069593,0.0004,0.0,0.0033475615960695928,maker
BTCUSD,2025-06-05 02:50:00+00:00,22115,22116,22180,-1,105125.6,104618.84,0.004820519454823646,0.0004,0.0,0.004420519454823646,maker
BTCUSD,2025-06-05 12:30:00+00:00,22231,22232,22296,-1,105430.6,103264.3,0.02054716562364245,0.0004,0.0,0.02014716562364245,maker
BTCUSD,2025-06-06 03:40:00+00:00,22413,22414,22478,-1,102524.04,103652.0,-0.011001907455071125,0.0004,0.0,-0.011401907455071124,maker
BTCUSD,2025-06-06 19:10:00+00:00,22599,22600,22664,1,104646.58,104319.75,-0.0031231789897003814,0.0004,0.0,-0.0035231789897003816,maker
BTCUSD,2025-06-07 09:00:00+00:00,22765,22766,22830,1,104925.22,105517.26,0.005642494721478819,0.0004,0.0,0.005242494721478819,maker
BTCUSD,2025-06-07 23:40:00+00:00,22941,22942,23006,1,105672.61,105633.51,-0.000370010734096593,0.0004,0.0,-0.000770010734096593,maker
BTCUSD,2025-06-08 08:00:00+00:00,23041,23042,23106,1,105501.78,105693.29,0.0018152300368770025,0.0004,0.0,0.0014152300368770025,maker
BTCUSD,2025-06-08 22:15:00+00:00,23212,23213,23277,1,106108.4,105631.1,-0.004498230111847801,0.0004,0.0,-0.004898230111847801,maker
BTCUSD,2025-06-10 01:55:00+00:00,23544,23545,23609,1,109820.94,109409.1,-0.0037501044882697343,0.0004,0.0,-0.0041501044882697345,maker
BTCUSD,2025-06-10 07:50:00+00:00,23615,23616,23680,1,109310.13,109805.56,0.004532333828529911,0.0004,0.0,0.004132333828529911,maker
BTCUSD,2025-06-11 05:50:00+00:00,23879,23880,23944,1,109551.73,109315.73,-0.002154233438394826,0.0004,0.0,-0.002554233438394826,maker
BTCUSD,2025-06-11 11:50:00+00:00,23951,23952,24016,1,109218.2,109590.28,0.003406758214290262,0.0004,0.0,0.0030067582142902618,maker
BTCUSD,2025-06-13 03:45:00+00:00,24430,24431,24495,-1,104080.84,104757.27,-0.006499082828309355,0.0004,0.0,-0.006899082828309355,maker
BTCUSD,2025-06-13 21:10:00+00:00,24639,24640,24704,-1,105469.53,105394.47,0.0007116747367699183,0.0004,0.0,0.0003116747367699183,maker
BTCUSD,2025-06-14 19:45:00+00:00,24910,24911,24975,-1,104859.37,105644.7,-0.007489364088302253,0.0004,0.0,-0.007889364088302252,maker
BTCUSD,2025-06-15 07:10:00+00:00,25047,25048,25112,1,105479.19,105090.78,-0.0036823377198857976,0.0004,0.0,-0.004082337719885798,maker
BTCUSD,2025-06-15 18:50:00+00:00,25187,25188,25252,1,105570.26,105528.5,-0.00039556594821299473,0.0004,0.0,-0.0007955659482129947,maker
BTCUSD,2025-06-17 03:20:00+00:00,25577,25578,25642,-1,107493.47,106522.98,0.009028362374012167,0.0004,0.0,0.008628362374012167,maker
BTCUSD,2025-06-17 22:25:00+00:00,25806,25807,25871,-1,104638.1,105228.97,-0.005646795956730788,0.0004,0.0,-0.006046795956730788,maker
BTCUSD,2025-06-18 22:05:00+00:00,26090,26091,26155,-1,105064.47,105009.58,0.0005224411259105999,0.0004,0.0,0.00012244112591059986,maker
BTCUSD,2025-06-19 03:50:00+00:00,26159,26160,26224,-1,104964.76,104814.71,0.0014295273956705934,0.0004,0.0,0.0010295273956705934,maker
BTCUSD,2025-06-19 09:50:00+00:00,26231,26232,26296,-1,104991.65,104416.61,0.005477006981031263,0.0004,0.0,0.0050770069810312625,maker
BTCUSD,2025-06-19 18:20:00+00:00,26333,26334,26398,-1,104491.91,104748.62,-0.0024567452159691694,0.0004,0.0,-0.0028567452159691696,maker
BTCUSD,2025-06-20 02:15:00+00:00,26428,26429,26493,-1,104755.0,105392.67,-0.006087251205193045,0.0004,0.0,-0.006487251205193045,maker
BTCUSD,2025-06-20 20:50:00+00:00,26651,26652,26716,-1,103702.6,103443.29,0.002500515898347877,0.0004,0.0,0.002100515898347877,maker
BTCUSD,2025-06-21 06:35:00+00:00,26768,26769,26833,-1,103535.38,103894.7,-0.0034705044787588513,0.0004,0.0,-0.0038705044787588514,maker
BTCUSD,2025-06-22 11:55:00+00:00,27120,27121,27185,-1,102765.41,99679.55,0.0300281972309554,0.0004,0.0,0.0296281972309554,maker
BTCUSD,2025-06-22 22:20:00+00:00,27245,27246,27310,-1,100176.45,101145.29,-0.009671334929516773,0.0004,0.0,-0.010071334929516772,maker
BTCUSD,2025-06-24 08:25:00+00:00,27654,27655,27719,1,105141.62,105158.93,0.0001646350893205195,0.0004,0.0,-0.0002353649106794805,maker
BTCUSD,2025-06-25 04:45:00+00:00,27898,27899,27963,1,106177.18,106738.3,0.0052847513938494295,0.0004,0.0,0.004884751393849429,maker
BTCUSD,2025-06-25 21:55:00+00:00,28104,28105,28172,1,107616.9,107881.84931399999,0.002461967534838738,0.0007,0.0,0.001761967534838738,fallback_taker
BTCUSD,2025-06-26 05:55:00+00:00,28200,28201,28265,1,107610.0,107331.58,-0.002587306012452384,0.0004,0.0,-0.002987306012452384,maker
BTCUSD,2025-06-26 22:20:00+00:00,28397,28398,28462,1,107221.44,107512.23,0.0027120508734073123,0.0004,0.0,0.002312050873407312,maker
BTCUSD,2025-06-27 06:35:00+00:00,28496,28497,28561,1,107375.32,106975.3,-0.0037254370929931113,0.0004,0.0,-0.0041254370929931115,maker
BTCUSD,2025-06-29 12:50:00+00:00,29147,29148,29212,1,108151.9,107485.78,-0.006159115096452283,0.0004,0.0,-0.006559115096452284,maker
BTCUSD,2025-06-30 05:15:00+00:00,29344,29345,29409,1,108387.0,107579.7,-0.007448310221705556,0.0004,0.0,-0.007848310221705556,maker
BTCUSD,2025-06-30 17:10:00+00:00,29487,29488,29552,-1,107646.05,107297.92,0.0032340248434569174,0.0004,0.0,0.0028340248434569172,maker
BTCUSD,2025-07-02 05:35:00+00:00,29924,29925,29989,-1,106506.71,107800.0,-0.012142803021518489,0.0004,0.0,-0.012542803021518488,maker
BTCUSD,2025-07-02 23:45:00+00:00,30142,30143,30207,1,108880.39,109185.41,0.0028014227355357413,0.0004,0.0,0.002401422735535741,maker
BTCUSD,2025-07-03 16:05:00+00:00,30338,30339,30403,1,109140.92,109810.85,0.006138211039452557,0.0004,0.0,0.005738211039452557,maker
BTCUSD,2025-07-03 23:50:00+00:00,30431,30432,30496,1,109626.43,109149.79,-0.0043478566254506745,0.0004,0.0,-0.004747856625450675,maker
BTCUSD,2025-07-04 06:30:00+00:00,30511,30512,30576,1,109001.15,108906.15,-0.0008715504377706518,0.0004,0.0,-0.0012715504377706517,maker
BTCUSD,2025-07-04 22:45:00+00:00,30706,30707,30771,-1,108209.96,108083.26,0.0011708718864696932,0.0004,0.0,0.0007708718864696932,maker
BTCUSD,2025-07-05 04:40:00+00:00,30777,30778,30842,-1,108263.97,108130.98,0.00122838650753343,0.0004,0.0,0.00082838650753343,maker
BTCUSD,2025-07-05 13:30:00+00:00,30883,30884,30948,-1,108177.84,108042.38,0.0012521973076925486,0.0004,0.0,0.0008521973076925486,maker
BTCUSD,2025-07-05 21:25:00+00:00,30978,30979,31043,-1,108230.0,108185.51,0.0004110690196803546,0.0004,0.0,1.1069019680354567e-05,maker
BTCUSD,2025-07-06 19:45:00+00:00,31246,31247,31311,1,108457.63,108767.4,0.002856138383256157,0.0004,0.0,0.002456138383256157,maker
BTCUSD,2025-07-07 09:55:00+00:00,31416,31417,31481,1,108868.8,108334.55,-0.0049072828946401525,0.0004,0.0,-0.005307282894640153,maker
BTCUSD,2025-07-08 00:45:00+00:00,31594,31595,31659,-1,108301.08,108200.64,0.0009274145742591555,0.0004,0.0,0.0005274145742591556,maker
BTCUSD,2025-07-08 10:25:00+00:00,31710,31711,31775,-1,108554.1,108332.25,0.0020436814454728447,0.0004,0.0,0.0016436814454728447,maker
BTCUSD,2025-07-08 18:05:00+00:00,31802,31803,31867,-1,109045.12,108878.4,0.0015289084004860287,0.0004,0.0,0.0011289084004860288,maker
BTCUSD,2025-07-09 05:55:00+00:00,31944,31945,32009,-1,108790.2,109071.12,-0.0025822178835961385,0.0004,0.0,-0.0029822178835961386,maker
BTCUSD,2025-07-09 11:55:00+00:00,32016,32017,32081,-1,109068.9,109265.99,-0.0018070229002036253,0.0004,0.0,-0.0022070229002036255,maker
BTCUSD,2025-07-09 17:40:00+00:00,32085,32086,32150,1,109181.0,111337.02,0.019747208763429613,0.0004,0.0,0.019347208763429612,maker
BTCUSD,2025-07-10 00:45:00+00:00,32170,32171,32235,1,111111.11,111162.05,0.00045846000458471536,0.0004,0.0,5.8460004584715345e-05,maker
BTCUSD,2025-07-10 12:55:00+00:00,32316,32317,32381,1,110872.0,113592.04,0.024533155350313862,0.0004,0.0,0.02413315535031386,maker
BTCUSD,2025-07-11 11:25:00+00:00,32586,32587,32651,1,117712.62,117267.38,-0.003782432164027849,0.0004,0.0,-0.004182432164027849,maker
BTCUSD,2025-07-11 21:55:00+00:00,32712,32713,32777,1,117679.67,117822.2,0.0012111692699341425,0.0004,0.0,0.0008111692699341426,maker
BTCUSD,2025-07-12 11:50:00+00:00,32879,32880,32944,1,117880.02,117328.0,-0.00468289706771341,0.0004,0.0,-0.00508289706771341,maker
BTCUSD,2025-07-14 10:15:00+00:00,33436,33437,33501,1,121923.32,120111.15,-0.014863194342148889,0.0004,0.0,-0.015263194342148888,maker
BTCUSD,2025-07-14 22:35:00+00:00,33584,33585,33649,-1,120205.1,117200.1,0.0249989393128911,0.0004,0.0,0.0245989393128911,maker
BTCUSD,2025-07-16 13:10:00+00:00,34047,34048,34112,1,118716.78,119600.9,0.007447304416443812,0.0004,0.0,0.007047304416443812,maker
BTCUSD,2025-07-17 11:35:00+00:00,34316,34317,34381,1,118222.42,118615.13,0.0033217895556527655,0.0004,0.0,0.0029217895556527653,maker
BTCUSD,2025-07-17 23:40:00+00:00,34461,34462,34526,1,119449.94,120332.46,0.007388199608974411,0.0004,0.0,0.0069881996089744105,maker
BTCUSD,2025-07-18 21:50:00+00:00,34727,34728,34792,-1,117717.27,118274.9,-0.004737027965395324,0.0004,0.0,-0.005137027965395324,maker
BTCUSD,2025-07-20 03:15:00+00:00,35080,35081,35145,-1,118100.0,118281.45,-0.0015364098221846145,0.0004,0.0,-0.0019364098221846145,maker
BTCUSD,2025-07-21 02:15:00+00:00,35356,35357,35421,-1,117777.63,119440.46,-0.014118385639106501,0.0004,0.0,-0.0145183856391065,maker
BTCUSD,2025-07-21 08:45:00+00:00,35434,35435,35499,1,119116.9,118600.01,-0.0043393506714831664,0.0004,0.0,-0.004739350671483167,maker
BTCUSD,2025-07-21 22:45:00+00:00,35602,35603,35667,-1,117549.0,117260.0,0.0024585492007588305,0.0004,0.0,0.0020585492007588304,maker
BTCUSD,2025-07-22 09:05:00+00:00,35726,35727,35791,-1,118121.0,118452.0,-0.0028022112918109077,0.0004,0.0,-0.003202211291810908,maker
BTCUSD,2025-07-23 01:20:00+00:00,35921,35922,35986,1,119623.92,118486.88,-0.009505122386893827,0.0004,0.0,-0.009905122386893827,maker
BTCUSD,2025-07-23 11:35:00+00:00,36044,36045,36109,-1,118601.1,117770.9,0.006999935076487551,0.0004,0.0,0.006599935076487551,maker
BTCUSD,2025-07-23 19:25:00+00:00,36138,36139,36203,-1,118416.44,119094.99,-0.005730200975472721,0.0004,0.0,-0.006130200975472721,maker
BTCUSD,2025-07-24 08:00:00+00:00,36289,36290,36354,-1,118389.75,118743.15,-0.0029850557163944025,0.0004,0.0,-0.0033850557163944027,maker
BTCUSD,2025-07-25 09:45:00+00:00,36598,36599,36663,-1,115516.75,115263.21,0.002194833216827785,0.0004,0.0,0.0017948332168277851,maker
BTCUSD,2025-07-25 18:55:00+00:00,36708,36709,36773,-1,116529.1,117513.5,-0.00844767530170576,0.0004,0.0,-0.008847675301705759,maker
BTCUSD,2025-07-27 08:40:00+00:00,37161,37162,37226,1,118098.0,118262.6,0.0013937577266338597,0.0004,0.0,0.0009937577266338597,maker
BTCUSD,2025-07-28 04:30:00+00:00,37399,37400,37464,1,119201.88,118989.7,-0.001780005483135061,0.0004,0.0,-0.002180005483135061,maker
BTCUSD,2025-07-28 11:00:00+00:00,37477,37478,37542,1,118834.45,118129.74,-0.005930182703752895,0.0004,0.0,-0.0063301827037528955,maker
BTCUSD,2025-07-29 06:25:00+00:00,37710,37711,37775,-1,118931.35,118466.5,0.003908557331603557,0.0004,0.0,0.003508557331603557,maker
BTCUSD,2025-07-30 02:25:00+00:00,37950,37951,38015,-1,117928.34,118190.9,-0.0022264368344369068,0.0004,0.0,-0.002626436834436907,maker
BTCUSD,2025-07-30 08:55:00+00:00,38028,38029,38093,-1,118382.0,117890.04,0.004155699346184427,0.0004,0.0,0.003755699346184427,maker
BTCUSD,2025-07-30 15:00:00+00:00,38101,38102,38166,-1,118579.79,117179.3,0.011810528590074143,0.0004,0.0,0.011410528590074144,maker
BTCUSD,2025-07-30 22:55:00+00:00,38196,38197,38261,-1,117489.01,118395.43,-0.007714934358541203,0.0004,0.0,-0.008114934358541203,maker
BTCUSD,2025-07-31 16:40:00+00:00,38409,38410,38474,-1,118604.07,116358.13,0.01893644965134844,0.0004,0.0,0.01853644965134844,maker
BTCUSD,2025-08-01 13:00:00+00:00,38653,38654,38718,-1,115750.54,113857.15,0.01635750468205155,0.0004,0.0,0.015957504682051548,maker
BTCUSD,2025-08-03 02:55:00+00:00,39108,39109,39173,-1,113490.44,113793.09,-0.0026667444412058483,0.0004,0.0,-0.0030667444412058485,maker
BTCUSD,2025-08-03 17:15:00+00:00,39280,39281,39345,-1,114056.52,114212.38,-0.0013665154784663347,0.0004,0.0,-0.0017665154784663347,maker
BTCUSD,2025-08-04 20:25:00+00:00,39606,39607,39671,1,114701.27,114819.8,0.0010333800140138738,0.0004,0.0,0.0006333800140138738,maker
BTCUSD,2025-08-05 02:00:00+00:00,39673,39674,39738,1,114754.56,114329.61,-0.003703120817159622,0.0004,0.0,-0.004103120817159622,maker
BTCUSD,2025-08-05 19:10:00+00:00,39879,39880,39944,-1,113612.6,113865.71,-0.002227833884621999,0.0004,0.0,-0.0026278338846219993,maker
BTCUSD,2025-08-06 07:30:00+00:00,40027,40028,40092,-1,114214.84,113933.6,0.002462377043123243,0.0004,0.0,0.0020623770431232426,maker
BTCUSD,2025-08-06 21:55:00+00:00,40200,40201,40265,1,115103.83,114490.1,-0.005331968536581244,0.0004,0.0,-0.005731968536581244,maker
BTCUSD,2025-08-07 03:25:00+00:00,40266,40267,40331,1,114525.13,115031.2,0.0044188554948594305,0.0004,0.0,0.00401885549485943,maker
BTCUSD,2025-08-08 00:25:00+00:00,40518,40519,40583,1,117178.14,116593.88,-0.004986083581801082,0.0004,0.0,-0.005386083581801082,maker
BTCUSD,2025-08-08 15:15:00+00:00,40696,40697,40761,1,116320.17,116611.26,0.0025024894650687024,0.0004,0.0,0.0021024894650687022,maker
BTCUSD,2025-08-09 00:05:00+00:00,40802,40803,40867,1,116675.34,116975.94,0.002576379893129088,0.0004,0.0,0.002176379893129088,maker
BTCUSD,2025-08-09 12:10:00+00:00,40947,40948,41012,1,117206.9,116693.38,-0.00438131202173242,0.0004,0.0,-0.00478131202173242,maker
BTCUSD,2025-08-10 06:35:00+00:00,41168,41169,41233,1,117841.77,118369.1,0.004474898841047681,0.0004,0.0,0.004074898841047681,maker
BTCUSD,2025-08-10 20:35:00+00:00,41336,41337,41401,1,118509.96,119999.36,0.012567720046483766,0.0004,0.0,0.012167720046483766,maker
BTCUSD,2025-08-11 16:20:00+00:00,41573,41574,41638,-1,120527.1,118718.33,0.015007164363865066,0.0004,0.0,0.014607164363865067,maker
BTCUSD,2025-08-12 02:40:00+00:00,41697,41698,41762,-1,119206.4,118913.16,0.0024599350370448914,0.0004,0.0,0.002059935037044891,maker
BTCUSD,2025-08-12 13:05:00+00:00,41822,41823,41887,-1,118988.73,119784.21,-0.006685339023284165,0.0004,0.0,-0.007085339023284165,maker
BTCUSD,2025-08-13 01:50:00+00:00,41975,41976,42040,1,119471.64,119340.32,-0.0010991729920171167,0.0004,0.0,-0.0014991729920171167,maker
BTCUSD,2025-08-13 15:30:00+00:00,42139,42140,42204,1,120810.55,123010.42,0.018209254075906456,0.0004,0.0,0.017809254075906455,maker
BTCUSD,2025-08-14 06:30:00+00:00,42319,42320,42384,1,121838.7,120969.28,-0.007135827943009931,0.0004,0.0,-0.007535827943009932,maker
BTCUSD,2025-08-14 19:30:00+00:00,42475,42476,42540,-1,118216.1,118333.9,-0.0009964801748660879,0.0004,0.0,-0.0013964801748660878,maker
BTCUSD,2025-08-15 06:10:00+00:00,42603,42604,42668,-1,119019.89,119092.59,-0.0006108222751675108,0.0004,0.0,-0.0010108222751675107,maker
BTCUSD,2025-08-16 01:50:00+00:00,42839,42840,42904,-1,117947.82,117574.16,0.003168011074727861,0.0004,0.0,0.002768011074727861,maker
BTCUSD,2025-08-17 03:55:00+00:00,43152,43153,43217,-1,117769.66,118412.8,-0.005460999038292114,0.0004,0.0,-0.005860999038292114,maker
BTCUSD,2025-08-17 17:00:00+00:00,43309,43310,43374,1,117923.51,117883.67,-0.00033784611736875636,0.0004,0.0,-0.0007378461173687563,maker
BTCUSD,2025-08-18 13:05:00+00:00,43550,43551,43615,-1,115557.2,116416.68,-0.007437701848089118,0.0004,0.0,-0.007837701848089117,maker
BTCUSD,2025-08-20 09:00:00+00:00,44077,44078,44142,-1,113830.3,112853.48,0.008581370689526469,0.0004,0.0,0.00818137068952647,maker
BTCUSD,2025-08-20 16:45:00+00:00,44170,44171,44235,-1,113968.8,114248.53,-0.002454443672303297,0.0004,0.0,-0.002854443672303297,maker
BTCUSD,2025-08-20 22:55:00+00:00,44244,44245,44309,-1,114604.06,113891.86,0.00621443952334666,0.0004,0.0,0.00581443952334666,maker
BTCUSD,2025-08-25 14:55:00+00:00,45588,45589,45653,-1,112257.4,110425.23,0.01632115121141231,0.0004,0.0,0.01592115121141231,maker
BTCUSD,2025-08-26 18:45:00+00:00,45922,45923,45987,-1,110782.2,111727.41,-0.008532146861138346,0.0004,0.0,-0.008932146861138345,maker
BTCUSD,2025-08-27 10:20:00+00:00,46109,46110,46174,-1,111210.0,111818.64,-0.0054728891286754955,0.0004,0.0,-0.005872889128675496,maker
BTCUSD,2025-08-28 01:55:00+00:00,46296,46297,46361,-1,111652.8,113248.88,-0.014295028875227489,0.0004,0.0,-0.014695028875227488,maker
BTCUSD,2025-08-28 16:00:00+00:00,46465,46466,46530,1,112681.6,112001.85,-0.006032484451764963,0.0004,0.0,-0.006432484451764964,maker
BTCUSD,2025-08-30 07:50:00+00:00,46943,46944,47008,-1,108497.75,108275.24,0.0020508259387866934,0.0004,0.0,0.0016508259387866934,maker
BTCUSD,2025-08-30 15:30:00+00:00,47035,47036,47100,-1,108712.0,108647.75,0.0005910111119287187,0.0004,0.0,0.00019101111192871867,maker
BTCUSD,2025-08-31 08:30:00+00:00,47239,47240,47304,-1,108867.59,108325.12,0.004982842001003296,0.0004,0.0,0.004582842001003296,maker
BTCUSD,2025-08-31 17:10:00+00:00,47343,47344,47408,-1,108931.58,108972.18,-0.0003727110173192827,0.0004,0.0,-0.0007727110173192827,maker
BTCUSD,2025-09-01 07:05:00+00:00,47510,47511,47575,-1,108058.06,108937.46,-0.008138217547122517,0.0004,0.0,-0.008538217547122516,maker
BTCUSD,2025-09-01 17:25:00+00:00,47634,47635,47699,1,108634.85,108274.55,-0.0033166152482375644,0.0004,0.0,-0.0037166152482375646,maker
BTCUSD,2025-09-03 01:30:00+00:00,48019,48020,48084,1,111001.32,110708.1,-0.0026415902081164955,0.0004,0.0,-0.0030415902081164957,maker
BTCUSD,2025-09-03 23:45:00+00:00,48286,48287,48351,1,111754.1,110880.22,-0.00781966836116088,0.0004,0.0,-0.00821966836116088,maker
BTCUSD,2025-09-04 22:35:00+00:00,48560,48561,48625,-1,110798.22,111308.5,-0.004605489149554831,0.0004,0.0,-0.005005489149554831,maker
BTCUSD,2025-09-05 04:55:00+00:00,48636,48637,48701,-1,111445.04,112206.28,-0.006830631493335293,0.0004,0.0,-0.007230631493335293,maker
BTCUSD,2025-09-05 19:25:00+00:00,48810,48811,48875,-1,111387.39,110811.73,0.005168089493792771,0.0004,0.0,0.004768089493792771,maker
BTCUSD,2025-09-06 03:30:00+00:00,48907,48908,48972,-1,111085.18,110973.03,0.001009585617091302,0.0004,0.0,0.000609585617091302,maker
BTCUSD,2025-09-07 02:00:00+00:00,49177,49178,49242,-1,110548.94,110543.83,4.62238715269736e-05,0.0004,0.0,-0.0003537761284730264,maker
BTCUSD,2025-09-07 18:05:00+00:00,49370,49371,49435,1,111040.45,111470.98,0.0038772357280612013,0.0004,0.0,0.003477235728061201,maker
BTCUSD,2025-09-08 18:05:00+00:00,49658,49659,49723,1,112213.41,112144.91,-0.0006104439745659995,0.0004,0.0,-0.0010104439745659995,maker
BTCUSD,2025-09-09 12:00:00+00:00,49873,49874,49938,1,112561.15,111014.72,-0.013738576764718458,0.0004,0.0,-0.014138576764718457,maker
BTCUSD,2025-09-09 23:05:00+00:00,50006,50007,50071,-1,111508.63,111590.48,-0.000734023904696901,0.0004,0.0,-0.001134023904696901,maker
BTCUSD,2025-09-10 17:40:00+00:00,50229,50230,50294,1,113620.0,114033.75,0.0036415243795107077,0.0004,0.0,0.0032415243795107076,maker
BTCUSD,2025-09-11 09:55:00+00:00,50424,50425,50489,1,113871.2,114716.02,0.007419084017732391,0.0004,0.0,0.007019084017732391,maker
BTCUSD,2025-09-12 03:40:00+00:00,50637,50638,50702,1,115288.23,115056.4,-0.002010873096065402,0.0004,0.0,-0.002410873096065402,maker
BTCUSD,2025-09-12 09:40:00+00:00,50709,50710,50774,1,114934.0,115154.01,0.0019142290357943015,0.0004,0.0,0.0015142290357943015,maker
BTCUSD,2025-09-12 21:50:00+00:00,50855,50856,50920,1,115976.33,115972.09,-3.6559184102502584e-05,0.0004,0.0,-0.0004365591841025026,maker
BTCUSD,2025-09-13 05:00:00+00:00,50941,50942,51009,1,115784.14,116107.263902,0.0027907440690928542,0.0007,0.0,0.002090744069092854,fallback_taker
BTCUSD,2025-09-13 15:50:00+00:00,51071,51072,51136,1,115795.99,115926.81,0.0011297455119128053,0.0004,0.0,0.0007297455119128053,maker
BTCUSD,2025-09-14 03:15:00+00:00,51208,51209,51273,1,115730.9,115990.74,0.002245208496607365,0.0004,0.0,0.001845208496607365,maker
BTCUSD,2025-09-14 23:25:00+00:00,51450,51451,51515,1,115660.0,116108.04,0.0038737679405151937,0.0004,0.0,0.0034737679405151935,maker
BTCUSD,2025-09-15 05:00:00+00:00,51517,51518,51582,-1,116063.02,114803.1,0.01085548178911766,0.0004,0.0,0.010455481789117661,maker
BTCUSD,2025-09-15 22:50:00+00:00,51731,51732,51796,1,115319.68,115142.4,-0.0015372918135048153,0.0004,0.0,-0.0019372918135048152,maker
BTCUSD,2025-09-16 09:15:00+00:00,51856,51857,51921,1,115665.9,115003.3,-0.005728568229702913,0.0004,0.0,-0.006128568229702913,maker
BTCUSD,2025-09-17 04:40:00+00:00,52089,52090,52154,1,116287.69,116573.54,0.0024581277691559933,0.0004,0.0,0.002058127769155993,maker
BTCUSD,2025-09-17 10:35:00+00:00,52160,52161,52225,1,116418.93,115898.9,-0.00446688523936789,0.0004,0.0,-0.004866885239367891,maker
BTCUSD,2025-09-17 22:55:00+00:00,52308,52309,52373,-1,116598.0,117722.17,-0.009641417520026119,0.0004,0.0,-0.010041417520026118,maker
BTCUSD,2025-09-18 06:20:00+00:00,52397,52398,52462,1,117117.37,117174.0,0.0004835320328657744,0.0004,0.0,8.353203286577438e-05,maker
BTCUSD,2025-09-18 19:45:00+00:00,52558,52559,52623,1,117329.97,117372.38,0.0003614592247829229,0.0004,0.0,-3.85407752170771e-05,maker
BTCUSD,2025-09-20 07:45:00+00:00,52990,52991,53055,-1,116014.33,115939.37,0.0006461270775774963,0.0004,0.0,0.0002461270775774963,maker
BTCUSD,2025-09-20 13:50:00+00:00,53063,53064,53128,-1,115977.16,115810.9,0.0014335581247204576,0.0004,0.0,0.0010335581247204577,maker
BTCUSD,2025-09-22 14:15:00+00:00,53644,53645,53709,-1,113242.24,112303.6,0.008288779875777808,0.0004,0.0,0.007888779875777808,maker
BTCUSD,2025-09-22 21:30:00+00:00,53731,53732,53796,-1,112850.21,111801.64,0.009291697374776753,0.0004,0.0,0.008891697374776754,maker
BTCUSD,2025-09-23 05:30:00+00:00,53827,53828,53892,-1,112867.75,113070.29,-0.0017944895685435558,0.0004,0.0,-0.002194489568543556,maker
BTCUSD,2025-09-24 06:15:00+00:00,54124,54125,54189,-1,112723.85,112947.4,-0.00198316505335816,0.0004,0.0,-0.0023831650533581604,maker
BTCUSD,2025-09-25 01:10:00+00:00,54351,54352,54416,1,113290.61,111809.21,-0.013076105777875102,0.0004,0.0,-0.013476105777875102,maker
BTCUSD,2025-09-26 17:50:00+00:00,54839,54840,54904,-1,109863.61,109528.8,0.0030475059030009577,0.0004,0.0,0.0026475059030009575,maker
BTCUSD,2025-09-30 07:50:00+00:00,55871,55872,55936,1,113783.42,113088.78,-0.006104931632394228,0.0004,0.0,-0.006504931632394228,maker
BTCUSD,2025-10-02 04:40:00+00:00,56409,56410,56474,1,118662.74,118765.01,0.0008618543613605478,0.0004,0.0,0.0004618543613605478,maker
BTCUSD,2025-10-02 22:00:00+00:00,56617,56618,56684,1,120444.53,120428.6,-0.0001322600536528551,0.0004,0.0,-0.0005322600536528551,maker
BTCUSD,2025-10-03 04:45:00+00:00,56698,56699,56763,1,120263.33,120399.9,0.0011355913726984745,0.0004,0.0,0.0007355913726984746,maker
BTCUSD,2025-10-03 14:20:00+00:00,56813,56814,56878,1,120382.96,122856.3,0.02054559881232354,0.0004,0.0,0.02014559881232354,maker
BTCUSD,2025-10-04 07:55:00+00:00,57024,57025,57089,1,122390.37,122468.01,0.0006343636349821491,0.0004,0.0,0.00023436363498214907,maker
BTCUSD,2025-10-05 09:20:00+00:00,57329,57330,57394,1,124430.32,122835.7,-0.012815365258242561,0.0004,0.0,-0.01321536525824256,maker
BTCUSD,2025-10-06 01:55:00+00:00,57528,57529,57593,-1,124070.1,123934.85,0.0010901095429116658,0.0004,0.0,0.0006901095429116659,maker
BTCUSD,2025-10-06 23:50:00+00:00,57791,57792,57856,1,124807.92,124542.73,-0.0021247850296679527,0.0004,0.0,-0.002524785029667953,maker
BTCUSD,2025-10-07 20:40:00+00:00,58041,58042,58106,-1,122128.0,121987.73,0.0011485490632778816,0.0004,0.0,0.0007485490632778817,maker
BTCUSD,2025-10-08 02:30:00+00:00,58111,58112,58176,-1,122137.98,121552.81,0.004791056803133631,0.0004,0.0,0.004391056803133631,maker
BTCUSD,2025-10-08 21:00:00+00:00,58333,58334,58398,1,123120.4,122063.75,-0.008582249570339262,0.0004,0.0,-0.008982249570339261,maker
BTCUSD,2025-10-09 10:50:00+00:00,58499,58500,58564,-1,122206.18,121304.05,0.007382032561692009,0.0004,0.0,0.006982032561692009,maker
BTCUSD,2025-10-09 21:40:00+00:00,58629,58630,58694,-1,121510.34,120999.94,0.00420046557354703,0.0004,0.0,0.0038004655735470296,maker
BTCUSD,2025-10-10 09:40:00+00:00,58773,58774,58838,-1,121738.53,120040.0,0.01395227952892153,0.0004,0.0,0.01355227952892153,maker
BTCUSD,2025-10-11 05:10:00+00:00,59007,59008,59072,-1,112840.2,112193.86,0.005727923204673524,0.0004,0.0,0.005327923204673524,maker
BTCUSD,2025-10-11 10:40:00+00:00,59073,59074,59138,-1,112122.02,112048.8,0.0006530385378358261,0.0004,0.0,0.0002530385378358261,maker
BTCUSD,2025-10-12 03:45:00+00:00,59278,59279,59343,-1,110897.81,111250.69,-0.0031820285720700614,0.0004,0.0,-0.0035820285720700616,maker
BTCUSD,2025-10-12 11:50:00+00:00,59375,59376,59440,-1,111920.07,114460.1,-0.02269503584120347,0.0004,0.0,-0.02309503584120347,maker
BTCUSD,2025-10-13 04:30:00+00:00,59575,59576,59640,1,114877.69,115256.63,0.0032986387522242477,0.0004,0.0,0.0028986387522242476,maker
BTCUSD,2025-10-13 23:50:00+00:00,59807,59808,59872,1,115242.02,113670.0,-0.013641031283554428,0.0004,0.0,-0.014041031283554427,maker
BTCUSD,2025-10-14 14:50:00+00:00,59987,59988,60052,-1,111686.18,112770.0,-0.009704154981395208,0.0004,0.0,-0.010104154981395207,maker
BTCUSD,2025-10-14 21:35:00+00:00,60068,60069,60133,-1,112914.36,112860.93,0.00047319047816418713,0.0004,0.0,7.319047816418711e-05,maker
BTCUSD,2025-10-16 02:00:00+00:00,60409,60410,60474,-1,111300.0,110798.17,0.004508805031446572,0.0004,0.0,0.004108805031446572,maker
BTCUSD,2025-10-16 10:30:00+00:00,60511,60512,60576,-1,111355.41,108864.39,0.022369995315000946,0.0004,0.0,0.021969995315000945,maker
BTCUSD,2025-10-17 03:35:00+00:00,60716,60717,60781,-1,108995.08,104884.2,0.03771619783204894,0.0004,0.0,0.03731619783204894,maker
BTCUSD,2025-10-17 11:30:00+00:00,60811,60812,60876,-1,106264.13,106431.19,-0.0015721203382552673,0.0004,0.0,-0.0019721203382552675,maker
BTCUSD,2025-10-17 18:45:00+00:00,60898,60899,60963,-1,106683.73,106406.0,0.002603302302984667,0.0004,0.0,0.0022033023029846667,maker
BTCUSD,2025-10-19 21:35:00+00:00,61508,61509,61573,1,108799.8,108831.7,0.0002931990683805452,0.0004,0.0,-0.0001068009316194548,maker
BTCUSD,2025-10-20 17:50:00+00:00,61751,61752,61816,1,110405.32,110630.02,0.0020352280125630617,0.0004,0.0,0.0016352280125630618,maker
BTCUSD,2025-10-21 00:15:00+00:00,61828,61829,61893,1,110401.04,107674.47,-0.02469695937646954,0.0004,0.0,-0.02509695937646954,maker
BTCUSD,2025-10-21 11:30:00+00:00,61963,61964,62028,-1,108630.0,113133.37,-0.04145604345024401,0.0004,0.0,-0.041856043450244004,maker
BTCUSD,2025-10-21 18:00:00+00:00,62041,62042,62106,1,112267.99,109476.95,-0.02486051455984928,0.0004,0.0,-0.02526051455984928,maker
BTCUSD,2025-10-22 14:00:00+00:00,62281,62282,62346,-1,108333.96,108293.0,0.0003780901205864273,0.0004,0.0,-2.1909879413572694e-05,maker
BTCUSD,2025-10-23 00:20:00+00:00,62405,62406,62470,-1,107651.01,108690.0,-0.00965146541588413,0.0004,0.0,-0.01005146541588413,maker
BTCUSD,2025-10-23 11:45:00+00:00,62542,62543,62607,1,109326.01,109904.66,0.0052928850142799355,0.0004,0.0,0.004892885014279935,maker
BTCUSD,2025-10-23 20:25:00+00:00,62646,62647,62711,1,110002.3,110586.41,0.005309979882238913,0.0004,0.0,0.004909979882238913,maker
BTCUSD,2025-10-24 07:50:00+00:00,62783,62784,62848,1,111026.91,111222.27,0.0017595734223352366,0.0004,0.0,0.0013595734223352366,maker
BTCUSD,2025-10-24 13:50:00+00:00,62855,62856,62920,1,110875.51,110727.99,-0.001330501208066548,0.0004,0.0,-0.0017305012080665479,maker
BTCUSD,2025-10-25 00:25:00+00:00,62982,62983,63047,1,110875.33,111341.8,0.004207157714885668,0.0004,0.0,0.0038071577148856674,maker
BTCUSD,2025-10-25 15:20:00+00:00,63161,63163,63226,1,111450.1,111490.1,0.0003589050166845631,0.0004,0.0,-4.1094983315436925e-05,maker
BTCUSD,2025-10-26 03:05:00+00:00,63302,63303,63367,1,111464.01,111800.5,0.0030188219497935265,0.0004,0.0,0.0026188219497935263,maker
BTCUSD,2025-10-26 21:05:00+00:00,63518,63519,63583,1,113406.48,114971.76,0.013802385895409053,0.0004,0.0,0.013402385895409053,maker
BTCUSD,2025-10-27 19:55:00+00:00,63792,63793,63857,1,114883.3,114228.02,-0.005703875149825954,0.0004,0.0,-0.0061038751498259545,maker
BTCUSD,2025-10-28 01:55:00+00:00,63864,63865,63929,-1,114474.7,114200.0,0.002399656867412614,0.0004,0.0,0.001999656867412614,maker
BTCUSD,2025-10-28 07:30:00+00:00,63931,63932,63996,-1,114120.65,114442.34,-0.0028188588130193537,0.0004,0.0,-0.003218858813019354,maker
BTCUSD,2025-10-29 04:35:00+00:00,64184,64185,64249,-1,112755.67,113060.2,-0.0027007954455859906,0.0004,0.0,-0.003100795445585991,maker
BTCUSD,2025-10-29 11:45:00+00:00,64270,64271,64335,-1,113106.48,111306.9,0.015910494252849183,0.0004,0.0,0.015510494252849184,maker
BTCUSD,2025-10-29 21:35:00+00:00,64388,64389,64453,-1,111767.33,110940.0,0.007402252518692198,0.0004,0.0,0.007002252518692198,maker
BTCUSD,2025-10-30 06:55:00+00:00,64500,64501,64565,-1,110833.7,109434.0,0.012628830400861824,0.0004,0.0,0.012228830400861824,maker
BTCUSD,2025-10-31 17:00:00+00:00,64909,64910,64974,1,108968.87,109539.49,0.0052365414085693285,0.0004,0.0,0.004836541408569328,maker
BTCUSD,2025-11-01 00:20:00+00:00,64997,64998,65062,1,109444.86,110220.1,0.007083384272226212,0.0004,0.0,0.006683384272226212,maker
BTCUSD,2025-11-01 22:10:00+00:00,65259,65260,65324,1,109906.63,110006.52,0.0009088623679935903,0.0004,0.0,0.0005088623679935904,maker
BTCUSD,2025-11-02 19:30:00+00:00,65515,65516,65580,1,110110.0,110049.69,-0.000547725002270405,0.0004,0.0,-0.000947725002270405,maker
BTCUSD,2025-11-03 02:05:00+00:00,65594,65595,65659,1,109586.36,107500.0,-0.019038500776921485,0.0004,0.0,-0.019438500776921486,maker
BTCUSD,2025-11-03 12:20:00+00:00,65717,65718,65782,-1,108074.86,107436.43,0.005907294258812867,0.0004,0.0,0.005507294258812867,maker
BTCUSD,2025-11-04 15:05:00+00:00,66038,66039,66103,-1,104243.98,100476.08,0.03614501288227856,0.0004,0.0,0.03574501288227856,maker
BTCUSD,2025-11-04 23:05:00+00:00,66134,66135,66199,-1,101078.79,101559.99,-0.0047606426630157905,0.0004,0.0,-0.005160642663015791,maker
BTCUSD,2025-11-05 21:30:00+00:00,66403,66404,66468,1,103663.02,103460.4,-0.001954602518815407,0.0004,0.0,-0.002354602518815407,maker
BTCUSD,2025-11-07 15:55:00+00:00,66912,66913,66977,-1,100770.1,103466.3,-0.026755952410486783,0.0004,0.0,-0.027155952410486784,maker
BTCUSD,2025-11-08 00:10:00+00:00,67011,67012,67076,1,103261.99,102520.11,-0.00718444415026287,0.0004,0.0,-0.00758444415026287,maker
BTCUSD,2025-11-10 12:35:00+00:00,67736,67737,67801,1,105955.3,105944.5,-0.00010192977604706055,0.0004,0.0,-0.0005019297760470605,maker
BTCUSD,2025-11-11 04:30:00+00:00,67927,67928,67992,1,105960.8,104994.65,-0.00911799457912743,0.0004,0.0,-0.00951799457912743,maker
BTCUSD,2025-11-12 23:30:00+00:00,68443,68444,68508,-1,101815.52,101978.0,-0.0015958274337743994,0.0004,0.0,-0.0019958274337743996,maker
BTCUSD,2025-11-13 10:00:00+00:00,68569,68570,68634,1,102869.9,102272.85,-0.005803932928874156,0.0004,0.0,-0.006203932928874156,maker
BTCUSD,2025-11-13 23:20:00+00:00,68729,68730,68794,-1,100191.07,97532.35,0.026536496715725222,0.0004,0.0,0.02613649671572522,maker
BTCUSD,2025-11-14 15:50:00+00:00,68927,68928,68992,-1,96836.0,94811.81,0.020903279771985694,0.0004,0.0,0.020503279771985693,maker
BTCUSD,2025-11-15 03:00:00+00:00,69061,69062,69126,-1,96191.54,95844.35,0.0036093610727095937,0.0004,0.0,0.0032093610727095935,maker
BTCUSD,2025-11-15 13:45:00+00:00,69190,69191,69255,-1,95983.17,96052.88,-0.0007262731580963688,0.0004,0.0,-0.0011262731580963688,maker
BTCUSD,2025-11-16 10:30:00+00:00,69439,69440,69504,-1,96410.0,94639.39,0.01836541852504925,0.0004,0.0,0.017965418525049247,maker
BTCUSD,2025-11-17 00:45:00+00:00,69610,69611,69675,-1,94668.24,95036.32,-0.0038881043948846283,0.0004,0.0,-0.0042881043948846285,maker
BTCUSD,2025-11-17 08:30:00+00:00,69703,69704,69768,-1,95708.67,93573.95,0.022304353409153044,0.0004,0.0,0.021904353409153043,maker
BTCUSD,2025-11-18 15:30:00+00:00,70075,70076,70140,-1,92417.03,92896.0,-0.005182702798391281,0.0004,0.0,-0.005582702798391281,maker
BTCUSD,2025-11-19 15:15:00+00:00,70360,70361,70425,-1,91980.55,89252.41,0.029659966155888395,0.0004,0.0,0.029259966155888394,maker
BTCUSD,2025-11-19 21:25:00+00:00,70434,70435,70499,-1,90009.99,92378.01,-0.026308413099479067,0.0004,0.0,-0.026708413099479068,maker
BTCUSD,2025-11-20 22:30:00+00:00,70735,70736,70800,-1,87891.99,85825.71,0.02350930955141639,0.0004,0.0,0.02310930955141639,maker
BTCUSD,2025-11-21 13:50:00+00:00,70919,70920,70984,-1,84178.39,84491.37,-0.0037180563800280897,0.0004,0.0,-0.00411805638002809,maker
BTCUSD,2025-11-22 07:05:00+00:00,71126,71127,71191,-1,84470.0,83617.46,0.010092814016810614,0.0004,0.0,0.009692814016810615,maker
BTCUSD,2025-11-22 14:40:00+00:00,71217,71218,71282,-1,84338.3,84739.63,-0.004758573506935759,0.0004,0.0,-0.0051585735069357595,maker
BTCUSD,2025-11-24 00:20:00+00:00,71621,71622,71686,1,86235.54,87508.92,0.01476630168953541,0.0004,0.0,0.014366301689535411,maker
BTCUSD,2025-11-24 06:35:00+00:00,71696,71697,71761,1,86936.23,86217.2,-0.008270775026706367,0.0004,0.0,-0.008670775026706367,maker
BTCUSD,2025-11-25 02:00:00+00:00,71929,71930,71994,1,87819.77,87804.0,-0.00017957232181320393,0.0004,0.0,-0.0005795723218132039,maker
BTCUSD,2025-11-25 08:05:00+00:00,72002,72003,72067,1,87425.01,87586.18,0.0018435228088620192,0.0004,0.0,0.0014435228088620193,maker
BTCUSD,2025-11-25 14:20:00+00:00,72077,72078,72142,1,86995.88,86577.35,-0.004810917482529042,0.0004,0.0,-0.005210917482529043,maker
BTCUSD,2025-11-27 06:05:00+00:00,72554,72555,72619,1,91112.67,91354.35,0.0026525399815415796,0.0004,0.0,0.0022525399815415794,maker
BTCUSD,2025-11-27 12:30:00+00:00,72631,72632,72696,1,91297.42,91479.94,0.0019991802616108334,0.0004,0.0,0.0015991802616108334,maker
BTCUSD,2025-11-28 00:25:00+00:00,72774,72775,72839,1,91217.71,91583.48,0.0040098572963516155,0.0004,0.0,0.0036098572963516153,maker
BTCUSD,2025-11-29 15:25:00+00:00,73242,73243,73307,-1,90909.3,90900.24,9.965977078252308e-05,0.0004,0.0,-0.00030034022921747694,maker
BTCUSD,2025-11-29 21:35:00+00:00,73316,73317,73381,-1,91033.19,90794.3,0.002624207720283156,0.0004,0.0,0.0022242077202831558,maker
BTCUSD,2025-11-30 08:25:00+00:00,73446,73447,73511,-1,91175.7,91660.02,-0.005311941668668441,0.0004,0.0,-0.005711941668668441,maker
BTCUSD,2025-12-01 08:55:00+00:00,73740,73741,73805,-1,86857.98,86112.28,0.008585279095829734,0.0004,0.0,0.008185279095829735,maker
BTCUSD,2025-12-01 20:50:00+00:00,73883,73884,73948,-1,85346.79,86563.91,-0.014260876126682698,0.0004,0.0,-0.014660876126682697,maker
BTCUSD,2025-12-03 07:25:00+00:00,74298,74299,74363,1,93057.99,92999.97,-0.0006234821964240522,0.0004,0.0,-0.0010234821964240522,maker
BTCUSD,2025-12-03 16:15:00+00:00,74404,74405,74469,1,92255.79,93510.73,0.013602831865620502,0.0004,0.0,0.013202831865620502,maker
BTCUSD,2025-12-04 00:40:00+00:00,74505,74506,74570,1,93062.74,92890.53,-0.0018504720578826905,0.0004,0.0,-0.0022504720578826907,maker
BTCUSD,2025-12-04 11:40:00+00:00,74637,74638,74702,1,92860.03,92315.99,-0.005858710146873669,0.0004,0.0,-0.006258710146873669,maker
BTCUSD,2025-12-04 22:55:00+00:00,74772,74773,74837,-1,92355.87,92391.68,-0.00038773929583468814,0.0004,0.0,-0.0007877392958346881,maker
BTCUSD,2025-12-05 07:35:00+00:00,74876,74877,74941,-1,92430.96,91231.0,0.012982230196462385,0.0004,0.0,0.012582230196462386,maker
BTCUSD,2025-12-05 15:45:00+00:00,74974,74975,75039,-1,91110.03,89402.01,0.018746783422198487,0.0004,0.0,0.018346783422198486,maker
BTCUSD,2025-12-06 03:55:00+00:00,75120,75121,75185,-1,89700.0,89535.01,0.0018393534002230094,0.0004,0.0,0.0014393534002230095,maker
BTCUSD,2025-12-06 10:20:00+00:00,75197,75198,75262,-1,89619.9,89888.29,-0.002994758976522016,0.0004,0.0,-0.0033947589765220164,maker
BTCUSD,2025-12-06 16:30:00+00:00,75271,75272,75336,-1,89867.99,89445.92,0.004696555469862029,0.0004,0.0,0.004296555469862029,maker
BTCUSD,2025-12-07 00:45:00+00:00,75370,75371,75435,-1,89471.49,89571.15,-0.00111387437495436,0.0004,0.0,-0.00151387437495436,maker
BTCUSD,2025-12-07 13:00:00+00:00,75517,75518,75582,-1,89434.71,91552.64,-0.02368129778695538,0.0004,0.0,-0.02408129778695538,maker
BTCUSD,2025-12-07 21:30:00+00:00,75619,75620,75684,1,90976.0,91359.28,0.00421297924727404,0.0004,0.0,0.00381297924727404,maker
BTCUSD,2025-12-08 21:35:00+00:00,75908,75909,75973,-1,91107.94,90057.0,0.01153510879512809,0.0004,0.0,0.011135108795128091,maker
BTCUSD,2025-12-09 04:20:00+00:00,75989,75990,76054,-1,90337.21,90185.0,0.0016849092417178246,0.0004,0.0,0.0012849092417178247,maker
BTCUSD,2025-12-09 20:35:00+00:00,76184,76185,76249,1,93121.97,92323.83,-0.00857090974342578,0.0004,0.0,-0.00897090974342578,maker
BTCUSD,2025-12-10 09:30:00+00:00,76339,76340,76404,1,92536.7,91832.73,-0.0076074681720874615,0.0004,0.0,-0.00800746817208746,maker
BTCUSD,2025-12-10 21:10:00+00:00,76479,76480,76544,1,92278.2,89983.97,-0.024862101774850376,0.0004,0.0,-0.025262101774850377,maker
BTCUSD,2025-12-11 06:05:00+00:00,76586,76587,76651,-1,90279.26,90276.0,3.611017635718472e-05,0.0004,0.0,-0.0003638898236428153,maker
BTCUSD,2025-12-11 18:20:00+00:00,76733,76734,76798,-1,90339.59,92760.5,-0.026797885622460882,0.0004,0.0,-0.027197885622460883,maker
BTCUSD,2025-12-12 01:05:00+00:00,76814,76815,76879,1,91755.99,92617.97,0.00939426406929944,0.0004,0.0,0.008994264069299441,maker
BTCUSD,2025-12-12 08:50:00+00:00,76907,76908,76972,1,92274.01,92218.44,-0.0006022280813415826,0.0004,0.0,-0.0010022280813415825,maker
BTCUSD,2025-12-13 08:40:00+00:00,77193,77194,77258,-1,90435.84,90267.98,0.0018561225284134952,0.0004,0.0,0.0014561225284134953,maker
BTCUSD,2025-12-14 00:20:00+00:00,77381,77382,77446,-1,90219.96,90186.04,0.0003759700181645842,0.0004,0.0,-2.4029981835415823e-05,maker
BTCUSD,2025-12-15 13:45:00+00:00,77830,77831,77895,1,89559.66,86227.7,-0.037203803587463447,0.0004,0.0,-0.037603803587463444,maker
BTCUSD,2025-12-16 07:05:00+00:00,78038,78039,78103,-1,86528.01,87140.01,-0.0070728542121794025,0.0004,0.0,-0.007472854212179403,maker
BTCUSD,2025-12-17 14:10:00+00:00,78411,78412,78476,-1,87564.02,85502.73,0.023540376515377104,0.0004,0.0,0.023140376515377103,maker
BTCUSD,2025-12-18 04:35:00+00:00,78584,78585,78649,-1,86813.94,87250.1,-0.005024077930341653,0.0004,0.0,-0.005424077930341653,maker
BTCUSD,2025-12-18 10:15:00+00:00,78652,78653,78717,-1,87293.59,89267.99,-0.022617926470889893,0.0004,0.0,-0.023017926470889894,maker
BTCUSD,2025-12-19 03:55:00+00:00,78864,78865,78929,-1,86820.1,87974.0,-0.01329070111644648,0.0004,0.0,-0.013690701116446479,maker
BTCUSD,2025-12-19 17:45:00+00:00,79030,79031,79095,1,87188.92,88254.0,0.012215772371076516,0.0004,0.0,0.011815772371076517,maker
BTCUSD,2025-12-21 02:55:00+00:00,79428,79429,79493,1,87921.1,88147.99,0.0025806092052989005,0.0004,0.0,0.0021806092052989003,maker
BTCUSD,2025-12-21 14:05:00+00:00,79562,79563,79627,1,88019.21,88334.72,0.0035845584162819133,0.0004,0.0,0.003184558416281913,maker
BTCUSD,2025-12-22 15:45:00+00:00,79870,79871,79935,1,89450.01,88380.0,-0.011962100395516928,0.0004,0.0,-0.012362100395516927,maker
BTCUSD,2025-12-23 01:05:00+00:00,79982,79983,80047,-1,88660.0,87145.99,0.017076584705616904,0.0004,0.0,0.016676584705616903,maker
BTCUSD,2025-12-24 12:45:00+00:00,80409,80410,80474,-1,87264.02,87343.0,-0.0009050694662013914,0.0004,0.0,-0.0013050694662013914,maker
BTCUSD,2025-12-24 21:50:00+00:00,80518,80519,80583,-1,87634.7,87782.06,-0.0016815256970126313,0.0004,0.0,-0.0020815256970126315,maker
BTCUSD,2025-12-25 14:20:00+00:00,80716,80717,80781,-1,87578.01,88073.6,-0.005658840615355487,0.0004,0.0,-0.006058840615355487,maker
BTCUSD,2025-12-25 22:55:00+00:00,80819,80820,80884,1,87589.8,88680.55,0.012452934017431305,0.0004,0.0,0.012052934017431306,maker
BTCUSD,2025-12-26 08:45:00+00:00,80937,80938,81002,1,88615.98,88876.0,0.0029342337578392996,0.0004,0.0,0.0025342337578392994,maker
BTCUSD,2025-12-28 00:10:00+00:00,81410,81411,81475,-1,87757.0,87580.3,0.0020135145914286223,0.0004,0.0,0.0016135145914286224,maker
BTCUSD,2025-12-28 13:45:00+00:00,81573,81574,81640,-1,87838.21,87550.0,0.003281146098036425,0.0004,0.0,0.0028811460980364247,maker
BTCUSD,2025-12-29 14:45:00+00:00,81873,81874,81938,-1,87860.43,87385.99,0.005399928044968472,0.0004,0.0,0.0049999280449684715,maker
BTCUSD,2025-12-30 08:20:00+00:00,82084,82085,82149,-1,87820.4,87960.5,-0.0015953013195113552,0.0004,0.0,-0.0019953013195113554,maker
BTCUSD,2025-12-30 19:00:00+00:00,82212,82213,82277,1,88153.99,88237.17,0.0009435761217386762,0.0004,0.0,0.0005435761217386763,maker
BTCUSD,2025-12-31 14:50:00+00:00,82450,82451,82515,1,88526.0,87391.98,-0.012810021914465897,0.0004,0.0,-0.013210021914465896,maker
BTCUSD,2026-01-01 17:55:00+00:00,82775,82776,82840,-1,88183.2,88728.0,-0.006178047519255436,0.0004,0.0,-0.0065780475192554365,maker
BTCUSD,2026-01-02 14:25:00+00:00,83021,83022,83086,1,88817.2,89964.2,0.012914165274293676,0.0004,0.0,0.012514165274293677,maker
BTCUSD,2026-01-03 07:05:00+00:00,83221,83222,83286,1,89899.99,89733.03,-0.0018571748450695313,0.0004,0.0,-0.0022571748450695315,maker
BTCUSD,2026-01-04 07:30:00+00:00,83514,83515,83579,1,91310.0,91121.0,-0.0020698718650750125,0.0004,0.0,-0.0024698718650750127,maker
BTCUSD,2026-01-04 13:20:00+00:00,83584,83585,83649,1,91103.0,91198.59,0.001049251945600016,0.0004,0.0,0.000649251945600016,maker
BTCUSD,2026-01-05 06:30:00+00:00,83790,83791,83855,1,92272.0,93084.02,0.008800286110629552,0.0004,0.0,0.008400286110629552,maker
BTCUSD,2026-01-06 00:50:00+00:00,84010,84011,84075,1,93738.01,93738.2,2.026925896903009e-06,0.0004,0.0,-0.000397973074103097,maker
BTCUSD,2026-01-06 20:50:00+00:00,84250,84251,84315,-1,92496.02,92609.53,-0.0012271879373835226,0.0004,0.0,-0.0016271879373835226,maker
BTCUSD,2026-01-07 13:40:00+00:00,84452,84453,84517,-1,92074.9,90980.4,0.011887061511877794,0.0004,0.0,0.011487061511877795,maker
BTCUSD,2026-01-08 15:35:00+00:00,84763,84764,84828,-1,90330.21,90844.6,-0.005694551136325332,0.0004,0.0,-0.006094551136325332,maker
BTCUSD,2026-01-09 11:20:00+00:00,85000,85001,85065,-1,90440.02,91372.23,-0.010307494403473116,0.0004,0.0,-0.010707494403473116,maker
BTCUSD,2026-01-09 23:25:00+00:00,85145,85146,85210,-1,90576.7,90369.4,0.002288668057016885,0.0004,0.0,0.001888668057016885,maker
BTCUSD,2026-01-10 08:05:00+00:00,85249,85250,85314,-1,90513.67,90604.17,-0.0009998489730889126,0.0004,0.0,-0.0013998489730889126,maker
BTCUSD,2026-01-11 02:30:00+00:00,85470,85471,85535,-1,90519.61,90589.12,-0.00076789990588777,0.0004,0.0,-0.00116789990588777,maker
BTCUSD,2026-01-12 00:05:00+00:00,85729,85730,85794,-1,90730.0,92108.35,-0.015191777802270545,0.0004,0.0,-0.015591777802270545,maker
BTCUSD,2026-01-13 01:45:00+00:00,86037,86038,86102,1,91065.98,91988.75,0.010132982701114068,0.0004,0.0,0.009732982701114069,maker
BTCUSD,2026-01-13 12:15:00+00:00,86163,86164,86228,1,91973.99,93160.67,0.012902343369032732,0.0004,0.0,0.012502343369032732,maker
BTCUSD,2026-01-14 06:10:00+00:00,86378,86379,86443,1,94851.53,94966.01,0.0012069388864892616,0.0004,0.0,0.0008069388864892617,maker
BTCUSD,2026-01-14 12:00:00+00:00,86448,86449,86513,1,94772.0,97654.02,0.030410036719706213,0.0004,0.0,0.03001003671970621,maker
BTCUSD,2026-01-14 18:45:00+00:00,86529,86530,86594,1,96679.94,96845.31,0.0017104892700594565,0.0004,0.0,0.0013104892700594565,maker
BTCUSD,2026-01-15 00:40:00+00:00,86600,86601,86665,1,96581.77,96484.61,-0.0010059869476403138,0.0004,0.0,-0.0014059869476403138,maker
BTCUSD,2026-01-16 06:35:00+00:00,86959,86960,87024,-1,95629.28,95396.0,0.002439420227779543,0.0004,0.0,0.0020394202277795427,maker
BTCUSD,2026-01-16 21:50:00+00:00,87142,87143,87207,-1,95467.12,95273.74,0.002025618872759427,0.0004,0.0,0.0016256188727594271,maker
BTCUSD,2026-01-17 12:15:00+00:00,87315,87316,87380,-1,95242.41,95396.0,-0.0016126219401628727,0.0004,0.0,-0.002012621940162873,maker
BTCUSD,2026-01-18 03:45:00+00:00,87501,87502,87566,-1,95146.02,95120.91,0.0002639101456897164,0.0004,0.0,-0.00013608985431028364,maker
BTCUSD,2026-01-18 09:25:00+00:00,87569,87570,87634,-1,95170.2,95036.01,0.0014100001891348413,0.0004,0.0,0.0010100001891348413,maker
BTCUSD,2026-01-19 08:25:00+00:00,87845,87846,87910,-1,92951.1,92977.87,-0.00028800089509428695,0.0004,0.0,-0.0006880008950942869,maker
BTCUSD,2026-01-19 17:25:00+00:00,87953,87954,88018,-1,93259.0,92743.54,0.005527187724509219,0.0004,0.0,0.005127187724509219,maker
BTCUSD,2026-01-21 02:20:00+00:00,88348,88349,88413,-1,89122.14,89108.9,0.00014856016697983865,0.0004,0.0,-0.00025143983302016137,maker
BTCUSD,2026-01-22 11:05:00+00:00,88741,88742,88806,-1,90000.0,88903.3,0.01218555555555556,0.0004,0.0,0.011785555555555561,maker
BTCUSD,2026-01-22 18:25:00+00:00,88829,88830,88894,-1,89527.17,89459.65,0.0007541844559590949,0.0004,0.0,0.00035418445595909487,maker
BTCUSD,2026-01-23 00:10:00+00:00,88898,88899,88963,-1,89438.1,89585.86,-0.0016520923409597543,0.0004,0.0,-0.0020520923409597545,maker
BTCUSD,2026-01-23 16:50:00+00:00,89098,89099,89163,-1,90135.65,89508.5,0.00695784631275187,0.0004,0.0,0.0065578463127518695,maker
BTCUSD,2026-01-24 02:50:00+00:00,89218,89219,89283,-1,89564.0,89471.99,0.0010273100799427226,0.0004,0.0,0.0006273100799427226,maker
BTCUSD,2026-01-24 11:45:00+00:00,89325,89326,89390,-1,89491.06,89282.0,0.002336099270698111,0.0004,0.0,0.001936099270698111,maker
BTCUSD,2026-01-24 17:25:00+00:00,89393,89394,89458,-1,89260.5,89229.0,0.00035289965886364794,0.0004,0.0,-4.710034113635208e-05,maker
BTCUSD,2026-01-25 10:30:00+00:00,89598,89599,89663,-1,88428.8,88283.71,0.0016407550481291056,0.0004,0.0,0.0012407550481291056,maker
BTCUSD,2026-01-26 01:45:00+00:00,89781,89782,89846,-1,87440.25,87807.0,-0.0041942926741402875,0.0004,0.0,-0.004594292674140288,maker
BTCUSD,2026-01-26 19:10:00+00:00,89990,89991,90055,-1,88287.0,88284.57,2.7523871011458922e-05,0.0004,0.0,-0.0003724761289885411,maker
BTCUSD,2026-01-27 12:25:00+00:00,90197,90198,90262,-1,87917.99,87287.0,0.007177029411159275,0.0004,0.0,0.0067770294111592745,maker
BTCUSD,2026-01-28 15:20:00+00:00,90520,90521,90585,1,89068.01,89109.02,0.00046043467233647384,0.0004,0.0,6.043467233647382e-05,maker
BTCUSD,2026-01-28 21:10:00+00:00,90590,90591,90655,1,89083.23,88151.52,-0.010458870878390814,0.0004,0.0,-0.010858870878390813,maker
BTCUSD,2026-01-29 23:55:00+00:00,90911,90912,90979,-1,84513.2,83134.62359999999,0.016311965468116307,0.0007,0.0,0.015611965468116308,fallback_taker
BTCUSD,2026-01-30 15:15:00+00:00,91095,91096,91160,-1,83089.91,83589.63,-0.006014207982653952,0.0004,0.0,-0.006414207982653952,maker
BTCUSD,2026-01-31 23:35:00+00:00,91483,91484,91548,-1,78825.5,78885.16,-0.000756861675473175,0.0004,0.0,-0.001156861675473175,maker
BTCUSD,2026-02-01 10:15:00+00:00,91611,91612,91676,-1,78936.0,77305.0,0.020662308705787003,0.0004,0.0,0.020262308705787,maker
BTCUSD,2026-02-02 00:30:00+00:00,91782,91783,91847,-1,77797.98,75299.23,0.03211844317808765,0.0004,0.0,0.031718443178087655,maker
BTCUSD,2026-02-02 08:25:00+00:00,91877,91878,91942,-1,76700.36,77888.79,-0.01549445139501282,0.0004,0.0,-0.01589445139501282,maker
BTCUSD,2026-02-03 20:40:00+00:00,92312,92313,92377,-1,76493.0,76282.01,0.0027582916083825904,0.0004,0.0,0.00235829160838259,maker
BTCUSD,2026-02-06 01:35:00+00:00,92947,92948,93012,-1,64320.0,64909.4,-0.009163557213930362,0.0004,0.0,-0.009563557213930362,maker
BTCUSD,2026-02-06 09:35:00+00:00,93043,93044,93108,-1,65688.0,68186.43,-0.03803480087687228,0.0004,0.0,-0.038434800876872274,maker
BTCUSD,2026-02-06 21:15:00+00:00,93183,93184,93248,1,70179.23,70434.03,0.003630703842148142,0.0004,0.0,0.0032307038421481417,maker
BTCUSD,2026-02-07 06:25:00+00:00,93293,93294,93358,1,70173.98,67718.97,-0.034984619655319515,0.0004,0.0,-0.03538461965531951,maker
BTCUSD,2026-02-08 07:00:00+00:00,93588,93589,93653,-1,69279.49,70741.09,-0.021097152995785518,0.0004,0.0,-0.02149715299578552,maker
BTCUSD,2026-02-08 17:30:00+00:00,93714,93715,93779,1,70650.0,70820.3,0.002410474168436094,0.0004,0.0,0.002010474168436094,maker
BTCUSD,2026-02-08 23:40:00+00:00,93788,93789,93853,1,70422.85,70811.47,0.005518379332844381,0.0004,0.0,0.005118379332844381,maker
BTCUSD,2026-02-09 08:05:00+00:00,93889,93890,93954,1,70439.97,69204.2,-0.017543590663085196,0.0004,0.0,-0.017943590663085197,maker
BTCUSD,2026-02-09 17:10:00+00:00,93998,93999,94063,-1,69883.71,70404.31,-0.0074495186360310495,0.0004,0.0,-0.007849518636031049,maker
BTCUSD,2026-02-10 14:20:00+00:00,94252,94253,94317,-1,69352.0,69165.5,0.0026891798361979857,0.0004,0.0,0.0022891798361979855,maker
BTCUSD,2026-02-11 00:35:00+00:00,94375,94376,94440,-1,69059.6,67379.1,0.024334053484236784,0.0004,0.0,0.023934053484236783,maker
BTCUSD,2026-02-11 12:25:00+00:00,94517,94518,94582,-1,67190.84,66598.75,0.008812064263521546,0.0004,0.0,0.008412064263521547,maker
BTCUSD,2026-02-11 19:15:00+00:00,94599,94600,94665,-1,67588.0,67450.77,0.0020303900100608896,0.0004,0.0,0.0016303900100608896,maker
BTCUSD,2026-02-12 11:05:00+00:00,94789,94790,94854,-1,67999.0,66019.4,0.029112192826365124,0.0004,0.0,0.028712192826365123,maker
BTCUSD,2026-02-12 23:25:00+00:00,94937,94938,95002,-1,66332.89,66288.86,0.0006637732804947172,0.0004,0.0,0.00026377328049471716,maker
BTCUSD,2026-02-13 09:30:00+00:00,95058,95059,95123,-1,66854.06,67644.51,-0.011823515280896979,0.0004,0.0,-0.012223515280896978,maker
BTCUSD,2026-02-14 23:45:00+00:00,95517,95518,95582,1,69761.98,70226.83,0.00666337165315567,0.0004,0.0,0.0062633716531556695,maker
BTCUSD,2026-02-15 08:45:00+00:00,95625,95626,95690,1,70387.12,68968.27,-0.020157807280650086,0.0004,0.0,-0.020557807280650087,maker
BTCUSD,2026-02-15 22:40:00+00:00,95792,95793,95857,-1,68997.24,68479.74,0.007500300012000527,0.0004,0.0,0.007100300012000527,maker
BTCUSD,2026-02-16 05:00:00+00:00,95868,95869,95933,-1,68628.39,68740.0,-0.0016262948904965935,0.0004,0.0,-0.0020262948904965937,maker
BTCUSD,2026-02-16 22:10:00+00:00,96074,96075,96139,-1,68722.0,68739.0,-0.0002473734757428847,0.0004,0.0,-0.0006473734757428847,maker
BTCUSD,2026-02-17 13:35:00+00:00,96259,96260,96324,-1,68014.18,68060.1,-0.0006751533283209099,0.0004,0.0,-0.0010751533283209099,maker
BTCUSD,2026-02-18 04:00:00+00:00,96432,96433,96497,-1,67473.36,68153.0,-0.010072716106030555,0.0004,0.0,-0.010472716106030554,maker
BTCUSD,2026-02-18 15:45:00+00:00,96573,96574,96638,-1,67811.97,66210.0,0.02362370537237013,0.0004,0.0,0.02322370537237013,maker
BTCUSD,2026-02-19 04:05:00+00:00,96721,96722,96786,-1,66915.99,67095.08,-0.0026763408865353444,0.0004,0.0,-0.0030763408865353446,maker
BTCUSD,2026-02-19 17:25:00+00:00,96881,96882,96946,-1,66590.24,66785.92,-0.0029385687752438994,0.0004,0.0,-0.0033385687752438995,maker
BTCUSD,2026-02-20 00:30:00+00:00,96966,96967,97031,-1,67245.81,67804.24,-0.008304309220158235,0.0004,0.0,-0.008704309220158234,maker
BTCUSD,2026-02-20 11:50:00+00:00,97102,97103,97167,1,67481.14,67060.5,-0.006233445374514979,0.0004,0.0,-0.006633445374514979,maker
BTCUSD,2026-02-20 18:15:00+00:00,97179,97180,97247,-1,67531.42,68001.767634,-0.006964871077788759,0.0007,0.0,-0.007664871077788759,fallback_taker
BTCUSD,2026-02-22 11:35:00+00:00,97675,97676,97740,-1,68155.1,67614.6,0.00793044100881668,0.0004,0.0,0.00753044100881668,maker
BTCUSD,2026-02-23 06:55:00+00:00,97907,97908,97972,-1,65752.71,66200.85,-0.006815536576363135,0.0004,0.0,-0.007215536576363135,maker
BTCUSD,2026-02-23 22:20:00+00:00,98092,98093,98157,-1,64943.4,63649.93,0.01991688146909465,0.0004,0.0,0.01951688146909465,maker
BTCUSD,2026-02-24 14:55:00+00:00,98291,98292,98356,-1,63461.99,64445.58,-0.015498883662488527,0.0004,0.0,-0.01589888366248853,maker
BTCUSD,2026-02-25 22:55:00+00:00,98675,98676,98740,1,68463.0,68614.36,0.0022108292070168734,0.0004,0.0,0.0018108292070168734,maker
BTCUSD,2026-02-26 06:55:00+00:00,98771,98772,98836,1,68186.0,68222.0,0.0005279676179861248,0.0004,0.0,0.00012796761798612477,maker
BTCUSD,2026-02-26 19:05:00+00:00,98917,98918,98982,-1,67601.0,67318.72,0.004175677874587613,0.0004,0.0,0.003775677874587613,maker
BTCUSD,2026-02-27 09:00:00+00:00,99084,99085,99149,-1,67972.0,66099.83,0.027543253104219345,0.0004,0.0,0.027143253104219344,maker
BTCUSD,2026-02-28 00:15:00+00:00,99267,99268,99332,-1,65946.0,65659.0,0.004352045613077338,0.0004,0.0,0.0039520456130773375,maker
BTCUSD,2026-02-28 13:25:00+00:00,99425,99426,99490,-1,64048.01,65723.27,-0.026156316175943717,0.0004,0.0,-0.026556316175943718,maker
BTCUSD,2026-03-01 01:20:00+00:00,99568,99569,99633,1,66424.77,66924.1,0.007517225878237888,0.0004,0.0,0.007117225878237887,maker
BTCUSD,2026-03-01 06:50:00+00:00,99634,99635,99699,1,66930.46,66509.01,-0.006296834057318734,0.0004,0.0,-0.006696834057318734,maker
BTCUSD,2026-03-02 10:20:00+00:00,99964,99965,100029,1,66214.7,69566.18,0.05061534674324575,0.0004,0.0,0.05021534674324575,maker
BTCUSD,2026-03-03 00:25:00+00:00,100133,100134,100198,1,68784.4,67865.1,-0.013364949029140205,0.0004,0.0,-0.013764949029140204,maker
BTCUSD,2026-03-03 12:15:00+00:00,100275,100276,100340,-1,67551.0,68002.07,-0.006677473316457405,0.0004,0.0,-0.007077473316457405,maker
BTCUSD,2026-03-04 00:45:00+00:00,100425,100426,100490,1,68222.82,68188.61,-0.0005014451176308388,0.0004,0.0,-0.0009014451176308387,maker
BTCUSD,2026-03-04 23:35:00+00:00,100699,100700,100764,1,72715.71,72827.5,0.0015373569205332505,0.0004,0.0,0.0011373569205332505,maker
BTCUSD,2026-03-05 06:20:00+00:00,100780,100781,100845,1,72458.92,72862.7,0.005572536825003693,0.0004,0.0,0.005172536825003693,maker
BTCUSD,2026-03-06 02:45:00+00:00,101025,101026,101090,-1,71326.26,70942.04,0.005386795830876312,0.0004,0.0,0.004986795830876312,maker
BTCUSD,2026-03-06 22:55:00+00:00,101267,101268,101332,-1,68319.51,68017.05,0.004427139480362108,0.0004,0.0,0.004027139480362108,maker
BTCUSD,2026-03-07 09:50:00+00:00,101398,101399,101463,-1,67982.88,67927.9,0.0008087330221963063,0.0004,0.0,0.00040873302219630625,maker
BTCUSD,2026-03-07 23:40:00+00:00,101564,101565,101632,-1,67348.27,67033.684056,0.004671032292292043,0.0007,0.0,0.003971032292292043,fallback_taker
BTCUSD,2026-03-08 11:50:00+00:00,101710,101711,101775,1,67540.1,67127.2,-0.006113405221490731,0.0004,0.0,-0.006513405221490731,maker
BTCUSD,2026-03-09 01:50:00+00:00,101878,101879,101943,-1,66415.42,67178.09,-0.011483327215276118,0.0004,0.0,-0.011883327215276117,maker
BTCUSD,2026-03-09 11:30:00+00:00,101994,101995,102059,1,67576.09,68983.97,0.020833996166395696,0.0004,0.0,0.020433996166395695,maker
BTCUSD,2026-03-09 18:15:00+00:00,102075,102076,102140,1,68625.0,68585.9,-0.0005697632058289104,0.0004,0.0,-0.0009697632058289103,maker
BTCUSD,2026-03-10 00:00:00+00:00,102144,102145,102209,1,68462.18,70126.63,0.02431196318901918,0.0004,0.0,0.02391196318901918,maker
BTCUSD,2026-03-10 12:15:00+00:00,102291,102292,102356,1,70476.64,70666.9,0.002699617915950414,0.0004,0.0,0.002299617915950414,maker
BTCUSD,2026-03-10 18:25:00+00:00,102365,102366,102430,1,70341.49,69906.23,-0.006187813195313474,0.0004,0.0,-0.006587813195313474,maker
BTCUSD,2026-03-11 19:20:00+00:00,102664,102665,102729,1,70574.72,70289.52,-0.004041107070633765,0.0004,0.0,-0.004441107070633765,maker
BTCUSD,2026-03-12 19:00:00+00:00,102948,102949,103013,1,69901.91,71538.56,0.023413523321465624,0.0004,0.0,0.023013523321465622,maker
BTCUSD,2026-03-13 03:40:00+00:00,103052,103053,103117,1,71152.59,71865.09,0.010013690295743283,0.0004,0.0,0.009613690295743283,maker
BTCUSD,2026-03-14 03:50:00+00:00,103342,103344,103407,-1,71108.01,70713.64,0.005546069985645663,0.0004,0.0,0.005146069985645663,maker
BTCUSD,2026-03-14 11:50:00+00:00,103438,103439,103503,-1,70749.1,70710.43,0.000546579391116131,0.0004,0.0,0.00014657939111613094,maker
BTCUSD,2026-03-15 13:40:00+00:00,103748,103749,103813,1,71464.04,71453.0,-0.00015448328977751835,0.0004,0.0,-0.0005544832897775183,maker
BTCUSD,2026-03-15 19:45:00+00:00,103821,103822,103886,1,71522.48,72437.02,0.012786749005347708,0.0004,0.0,0.012386749005347709,maker
BTCUSD,2026-03-16 02:50:00+00:00,103906,103907,103971,1,72541.16,73517.6,0.013460496082499995,0.0004,0.0,0.013060496082499996,maker
BTCUSD,2026-03-16 08:45:00+00:00,103977,103978,104042,1,73084.1,74381.71,0.01775502469073298,0.0004,0.0,0.017355024690732978,maker
BTCUSD,2026-03-16 16:15:00+00:00,104067,104068,104132,1,73450.87,74532.25,0.014722494097074712,0.0004,0.0,0.014322494097074713,maker
BTCUSD,2026-03-17 22:40:00+00:00,104432,104433,104497,1,74190.08,74498.76,0.004160664067217601,0.0004,0.0,0.0037606640672176008,maker
BTCUSD,2026-03-18 18:05:00+00:00,104665,104666,104730,-1,71841.02,71198.82,0.008939182656370948,0.0004,0.0,0.008539182656370948,maker
BTCUSD,2026-03-19 10:25:00+00:00,104861,104862,104926,-1,70411.7,69174.7,0.017568103028331894,0.0004,0.0,0.017168103028331893,maker
BTCUSD,2026-03-19 18:05:00+00:00,104953,104954,105018,-1,69784.7,70146.46,-0.005183944331637269,0.0004,0.0,-0.005583944331637269,maker
BTCUSD,2026-03-20 20:15:00+00:00,105267,105268,105332,-1,70028.36,70604.11,-0.008221669049510716,0.0004,0.0,-0.008621669049510715,maker
BTCUSD,2026-03-21 12:15:00+00:00,105459,105460,105524,-1,70682.85,70389.51,0.004150087326699636,0.0004,0.0,0.003750087326699636,maker
BTCUSD,2026-03-22 03:35:00+00:00,105643,105644,105708,-1,69428.0,68785.81,0.009249726335196162,0.0004,0.0,0.008849726335196163,maker
BTCUSD,2026-03-22 13:15:00+00:00,105759,105760,105824,-1,68802.0,68458.02,0.004999563966163745,0.0004,0.0,0.004599563966163745,maker
BTCUSD,2026-03-22 23:10:00+00:00,105878,105879,105943,-1,68304.1,68316.0,-0.0001742208740029838,0.0004,0.0,-0.0005742208740029838,maker
BTCUSD,2026-03-23 04:40:00+00:00,105944,105945,106009,-1,68306.0,68467.0,-0.0023570403771264736,0.0004,0.0,-0.002757040377126474,maker
BTCUSD,2026-03-23 16:00:00+00:00,106080,106081,106145,1,70237.1,70888.3,0.009271453405678809,0.0004,0.0,0.00887145340567881,maker
BTCUSD,2026-03-23 22:15:00+00:00,106155,106156,106220,1,70715.0,70445.41,-0.0038123453298450904,0.0004,0.0,-0.004212345329845091,maker
BTCUSD,2026-03-24 12:50:00+00:00,106330,106331,106395,1,70971.14,69339.9,-0.02298455400321886,0.0004,0.0,-0.02338455400321886,maker
BTCUSD,2026-03-24 19:20:00+00:00,106408,106409,106473,-1,69582.0,70900.13,-0.0189435486188958,0.0004,0.0,-0.0193435486188958,maker
BTCUSD,2026-03-25 12:30:00+00:00,106614,106615,106679,1,71356.79,70785.9,-0.00800050002249264,0.0004,0.0,-0.00840050002249264,maker
BTCUSD,2026-03-25 20:35:00+00:00,106711,106712,106776,1,70811.85,71217.52,0.0057288434068591965,0.0004,0.0,0.005328843406859196,maker
BTCUSD,2026-03-26 13:55:00+00:00,106919,106920,106984,-1,69610.34,68455.96,0.016583455848656836,0.0004,0.0,0.016183455848656835,maker
BTCUSD,2026-03-26 20:40:00+00:00,107000,107001,107065,-1,69114.38,69063.9,0.0007303834599978742,0.0004,0.0,0.0003303834599978742,maker
BTCUSD,2026-03-27 02:10:00+00:00,107066,107067,107131,-1,69006.89,68719.1,0.004170453124318407,0.0004,0.0,0.003770453124318407,maker
BTCUSD,2026-03-27 15:40:00+00:00,107228,107229,107293,-1,66359.72,66050.44,0.004660658604346057,0.0004,0.0,0.004260658604346057,maker
BTCUSD,2026-03-28 00:45:00+00:00,107337,107338,107402,-1,66391.09,66340.0,0.0007695309717010712,0.0004,0.0,0.0003695309717010712,maker
BTCUSD,2026-03-28 06:30:00+00:00,107406,107407,107471,-1,66399.2,66295.27,0.0015652297015625871,0.0004,0.0,0.0011652297015625872,maker
BTCUSD,2026-03-29 20:30:00+00:00,107862,107863,107927,-1,66626.4,66577.3,0.0007369451148492301,0.0004,0.0,0.00033694511484923007,maker
BTCUSD,2026-03-30 02:20:00+00:00,107932,107933,107997,-1,66678.12,67255.92,-0.008665511265164794,0.0004,0.0,-0.009065511265164793,maker
BTCUSD,2026-03-30 14:00:00+00:00,108072,108073,108137,1,67546.38,66206.0,-0.019843846554027045,0.0004,0.0,-0.020243846554027046,maker
BTCUSD,2026-03-30 21:25:00+00:00,108161,108162,108226,-1,66799.2,67873.15,-0.016077288350758723,0.0004,0.0,-0.016477288350758724,maker
BTCUSD,2026-03-31 12:50:00+00:00,108346,108347,108411,-1,66644.73,67706.95,-0.015938544578093516,0.0004,0.0,-0.016338544578093517,maker
BTCUSD,2026-04-01 02:40:00+00:00,108512,108513,108577,1,67595.34,68660.02,0.015750789921317176,0.0004,0.0,0.015350789921317177,maker
BTCUSD,2026-04-01 09:30:00+00:00,108594,108595,108659,1,68525.21,68582.7,0.0008389613107349092,0.0004,0.0,0.0004389613107349092,maker
BTCUSD,2026-04-01 23:30:00+00:00,108762,108763,108827,1,68122.0,66303.0,-0.026702093303191288,0.0004,0.0,-0.02710209330319129,maker
BTCUSD,2026-04-02 08:00:00+00:00,108864,108865,108929,-1,66805.93,66007.93,0.011945047393247865,0.0004,0.0,0.011545047393247866,maker
BTCUSD,2026-04-02 19:30:00+00:00,109002,109003,109067,-1,66953.49,66711.13,0.003619826240573887,0.0004,0.0,0.0032198262405738866,maker
BTCUSD,2026-04-03 07:40:00+00:00,109148,109149,109213,-1,67081.99,66628.89,0.006754420970516928,0.0004,0.0,0.006354420970516928,maker
BTCUSD,2026-04-05 00:25:00+00:00,109637,109638,109702,1,67236.7,67056.11,-0.0026858843459003356,0.0004,0.0,-0.003085884345900336,maker
BTCUSD,2026-04-05 09:05:00+00:00,109741,109742,109806,-1,66908.52,66893.42,0.00022568127347621925,0.0004,0.0,-0.00017431872652378077,maker
BTCUSD,2026-04-06 06:40:00+00:00,110000,110001,110065,1,68913.92,69581.07,0.009680917875517947,0.0004,0.0,0.009280917875517948,maker
BTCUSD,2026-04-06 12:15:00+00:00,110067,110068,110132,1,69507.1,69528.23,0.0003039977210959055,0.0004,0.0,-9.600227890409451e-05,maker
BTCUSD,2026-04-06 17:55:00+00:00,110135,110136,110200,1,69570.8,68641.38,-0.013359340412931853,0.0004,0.0,-0.013759340412931852,maker
BTCUSD,2026-04-07 16:45:00+00:00,110409,110410,110474,-1,68309.4,70203.46,-0.0277276626642895,0.0004,0.0,-0.0281276626642895,maker
BTCUSD,2026-04-08 10:20:00+00:00,110620,110621,110685,1,71655.92,71200.63,-0.006353836500877952,0.0004,0.0,-0.006753836500877952,maker
BTCUSD,2026-04-08 17:50:00+00:00,110710,110711,110775,-1,71877.0,71171.98,0.009808700975277307,0.0004,0.0,0.009408700975277308,maker
BTCUSD,2026-04-09 07:20:00+00:00,110872,110873,110937,-1,71004.36,71210.0,-0.002896160179459484,0.0004,0.0,-0.003296160179459484,maker
BTCUSD,2026-04-09 23:15:00+00:00,111063,111064,111128,1,71850.22,71914.1,0.0008890717384024693,0.0004,0.0,0.0004890717384024694,maker
BTCUSD,2026-04-10 07:10:00+00:00,111158,111159,111224,1,71723.82,72345.12,0.008662394166958576,0.0004,0.0,0.008262394166958576,maker
BTCUSD,2026-04-11 01:05:00+00:00,111373,111374,111438,1,72868.0,72723.25,-0.0019864686830981526,0.0004,0.0,-0.002386468683098153,maker
BTCUSD,2026-04-11 08:45:00+00:00,111465,111466,111530,1,72757.36,72752.0,-7.366952291842921e-05,0.0004,0.0,-0.00047366952291842923,maker
BTCUSD,2026-04-11 23:15:00+00:00,111639,111640,111704,1,73159.11,71586.05,-0.021501901813731683,0.0004,0.0,-0.021901901813731684,maker
BTCUSD,2026-04-12 18:15:00+00:00,111867,111868,111932,-1,71123.73,70639.45,0.006808979225358391,0.0004,0.0,0.006408979225358391,maker
BTCUSD,2026-04-13 06:50:00+00:00,112018,112019,112083,-1,71058.95,70970.88,0.0012393934894899816,0.0004,0.0,0.0008393934894899817,maker
BTCUSD,2026-04-13 13:05:00+00:00,112093,112094,112158,-1,71109.99,72187.5,-0.015152723267152668,0.0004,0.0,-0.015552723267152667,maker
BTCUSD,2026-04-14 17:05:00+00:00,112429,112430,112494,1,74785.64,73944.5,-0.011247346415702242,0.0004,0.0,-0.011647346415702241,maker
BTCUSD,2026-04-15 12:25:00+00:00,112661,112662,112726,-1,74211.36,74014.0,0.002659431116745492,0.0004,0.0,0.002259431116745492,maker
BTCUSD,2026-04-16 00:25:00+00:00,112805,112806,112870,1,74607.3,75054.31,0.0059915048527421355,0.0004,0.0,0.005591504852742135,maker
BTCUSD,2026-04-17 01:30:00+00:00,113106,113107,113171,1,74778.92,74946.01,0.0022344532389608762,0.0004,0.0,0.0018344532389608763,maker
BTCUSD,2026-04-17 10:45:00+00:00,113217,113218,113282,1,75284.97,77925.4,0.035072471968840446,0.0004,0.0,0.03467247196884045,maker
BTCUSD,2026-04-17 18:20:00+00:00,113308,113309,113373,1,77310.57,77069.53,-0.003117814291111909,0.0004,0.0,-0.003517814291111909,maker
BTCUSD,2026-04-18 04:00:00+00:00,113424,113425,113489,1,77092.59,76496.5,-0.007732130935022341,0.0004,0.0,-0.00813213093502234,maker
BTCUSD,2026-04-19 12:00:00+00:00,113808,113809,113873,-1,75668.92,75234.62,0.005739476656994702,0.0004,0.0,0.005339476656994702,maker
BTCUSD,2026-04-20 06:50:00+00:00,114034,114035,114099,-1,74732.34,75382.93,-0.008705601885341752,0.0004,0.0,-0.009105601885341751,maker
BTCUSD,2026-04-20 23:20:00+00:00,114232,114233,114297,1,75791.87,75750.93,-0.000540163476636768,0.0004,0.0,-0.000940163476636768,maker
BTCUSD,2026-04-21 20:50:00+00:00,114490,114491,114555,-1,75729.0,78180.01,-0.03236554028179417,0.0004,0.0,-0.03276554028179417,maker
BTCUSD,2026-04-23 03:25:00+00:00,114569,114570,114634,1,77705.0,77840.49,0.0017436458400361676,0.0004,0.0,0.0013436458400361677,maker
BTCUSD,2026-04-23 09:15:00+00:00,114639,114640,114704,1,77685.05,77867.17,0.002344337810170627,0.0004,0.0,0.001944337810170627,maker
BTCUSD,2026-04-23 19:15:00+00:00,114759,114760,114824,1,77853.4,78477.62,0.008017890034346609,0.0004,0.0,0.0076178900343466084,maker
BTCUSD,2026-04-24 07:25:00+00:00,114905,114906,114970,1,77732.8,78165.31,0.005564060473828292,0.0004,0.0,0.0051640604738282915,maker
BTCUSD,2026-04-24 14:35:00+00:00,114991,114992,115056,1,78010.01,77631.9,-0.004846942078330696,0.0004,0.0,-0.005246942078330696,maker
BTCUSD,2026-04-25 13:00:00+00:00,115260,115261,115325,1,77601.45,77309.38,-0.0037637183325825996,0.0004,0.0,-0.0041637183325826,maker
BTCUSD,2026-04-26 02:05:00+00:00,115417,115418,115485,1,77509.0,77958.40520000001,0.005798103446051472,0.0007,0.0,0.005098103446051472,fallback_taker
BTCUSD,2026-04-27 20:35:00+00:00,115927,115928,115992,-1,77003.53,77088.49,-0.0011033260423256586,0.0004,0.0,-0.0015033260423256585,maker
BTCUSD,2026-04-28 08:30:00+00:00,116070,116071,116135,-1,76923.6,76126.03,0.010368339495291479,0.0004,0.0,0.00996833949529148,maker
BTCUSD,2026-04-28 20:20:00+00:00,116212,116213,116277,-1,76363.4,76390.32,-0.00035252490067239073,0.0004,0.0,-0.0007525249006723907,maker
BTCUSD,2026-04-29 02:00:00+00:00,116280,116281,116345,-1,76516.0,77031.76,-0.006740550995870009,0.0004,0.0,-0.00714055099587001,maker
BTCUSD,2026-04-29 13:10:00+00:00,116414,116415,116479,1,77172.14,75108.11,-0.026745791939940977,0.0004,0.0,-0.027145791939940978,maker
BTCUSD,2026-04-30 01:35:00+00:00,116563,116564,116628,-1,76250.57,75736.2,0.006745785638061608,0.0004,0.0,0.0063457856380616075,maker
BTCUSD,2026-04-30 07:50:00+00:00,116638,116639,116703,-1,76111.0,76294.22,-0.002407273587260672,0.0004,0.0,-0.0028072735872606723,maker
BTCUSD,2026-05-01 00:45:00+00:00,116841,116842,116906,-1,76452.93,77106.26,-0.008545519445755767,0.0004,0.0,-0.008945519445755766,maker
BTCUSD,2026-05-01 17:05:00+00:00,117037,117038,117102,1,78189.81,78355.0,0.0021126793887848994,0.0004,0.0,0.0017126793887848994,maker
BTCUSD,2026-05-01 23:30:00+00:00,117114,117115,117179,1,78027.0,78183.31,0.002003280915580552,0.0004,0.0,0.001603280915580552,maker
BTCUSD,2026-05-02 05:20:00+00:00,117184,117185,117249,1,78072.54,78258.0,0.0023754831084015215,0.0004,0.0,0.0019754831084015214,maker
BTCUSD,2026-05-02 11:55:00+00:00,117263,117264,117328,1,78147.04,78429.8,0.0036183072321103182,0.0004,0.0,0.003218307232110318,maker
BTCUSD,2026-05-04 06:30:00+00:00,117774,117775,117839,1,79718.39,78823.5,-0.011225640658322322,0.0004,0.0,-0.011625640658322322,maker
BTCUSD,2026-05-04 23:45:00+00:00,117981,117982,118046,1,79777.1,80885.0,0.013887443890539863,0.0004,0.0,0.013487443890539864,maker
BTCUSD,2026-05-05 09:50:00+00:00,118102,118103,118167,1,80592.65,81581.23,0.012266379130106753,0.0004,0.0,0.011866379130106753,maker
BTCUSD,2026-05-05 22:45:00+00:00,118257,118258,118322,1,81058.03,81544.89,0.006006314241784549,0.0004,0.0,0.005606314241784549,maker
BTCUSD,2026-05-06 13:10:00+00:00,118430,118431,118496,1,82101.87,81374.4,-0.008860577718875384,0.0004,0.0,-0.009260577718875384,maker
BTCUSD,2026-05-07 13:00:00+00:00,118716,118717,118781,-1,81109.54,80195.25,0.011272286835802503,0.0004,0.0,0.010872286835802504,maker
BTCUSD,2026-05-07 23:55:00+00:00,118847,118848,118912,-1,80005.38,79601.4,0.005049410427148904,0.0004,0.0,0.004649410427148904,maker
BTCUSD,2026-05-09 06:30:00+00:00,119214,119215,119279,1,80352.91,80330.73,-0.0002760323179336055,0.0004,0.0,-0.0006760323179336055,maker
BTCUSD,2026-05-10 01:30:00+00:00,119442,119443,119508,1,80580.71,80731.53,0.0018716638262432639,0.0004,0.0,0.001471663826243264,maker
BTCUSD,2026-05-11 02:40:00+00:00,119744,119745,119809,1,81185.71,80689.38,-0.006113514311816726,0.0004,0.0,-0.006513514311816726,maker
ETHUSD,2025-03-24 12:30:00+00:00,1207,1208,1272,1,2084.93,2087.4,0.001184692052011549,0.0004,0.0,0.000784692052011549,maker
ETHUSD,2025-03-24 22:25:00+00:00,1326,1327,1391,1,2080.36,2044.51,-0.01723259435866875,0.0004,0.0,-0.017632594358668752,maker
ETHUSD,2025-03-25 12:55:00+00:00,1500,1501,1565,1,2059.29,2072.52,0.0064245443818014,0.0004,0.0,0.0060245443818014,maker
ETHUSD,2025-03-25 18:45:00+00:00,1570,1571,1635,1,2060.51,2064.56,0.001965532804985015,0.0004,0.0,0.0015655328049850152,maker
ETHUSD,2025-03-26 03:00:00+00:00,1669,1670,1734,1,2050.37,2067.64,0.008422870018581996,0.0004,0.0,0.008022870018581997,maker
ETHUSD,2025-03-26 20:40:00+00:00,1881,1882,1949,-1,2012.86,2025.2049599999998,-0.006133044523712439,0.0007,0.0,-0.006833044523712439,fallback_taker
ETHUSD,2025-03-27 02:55:00+00:00,1956,1957,2021,-1,2030.91,2025.18,0.0028213953350960663,0.0004,0.0,0.002421395335096066,maker
ETHUSD,2025-03-27 22:05:00+00:00,2186,2187,2251,-1,2014.14,1995.45,0.009279394679615138,0.0004,0.0,0.008879394679615139,maker
ETHUSD,2025-03-28 22:40:00+00:00,2481,2482,2546,-1,1891.77,1901.24,-0.005005893951167462,0.0004,0.0,-0.005405893951167462,maker
ETHUSD,2025-03-30 01:40:00+00:00,2805,2806,2870,-1,1833.16,1841.52,-0.004560431168037615,0.0004,0.0,-0.0049604311680376155,maker
ETHUSD,2025-03-30 07:20:00+00:00,2873,2874,2938,-1,1841.26,1832.77,0.004610972920717327,0.0004,0.0,0.0042109729207173265,maker
ETHUSD,2025-03-30 19:05:00+00:00,3014,3015,3079,-1,1824.35,1803.35,0.011510949105160706,0.0004,0.0,0.011110949105160707,maker
ETHUSD,2025-03-31 01:50:00+00:00,3095,3096,3160,-1,1811.7,1801.17,0.005812220566318915,0.0004,0.0,0.005412220566318915,maker
ETHUSD,2025-03-31 11:30:00+00:00,3211,3212,3276,-1,1802.75,1844.83,-0.023342116211343633,0.0004,0.0,-0.023742116211343634,maker
ETHUSD,2025-04-01 02:25:00+00:00,3390,3391,3455,-1,1831.48,1855.15,-0.01292397405377077,0.0004,0.0,-0.01332397405377077,maker
ETHUSD,2025-04-01 11:45:00+00:00,3502,3503,3567,1,1862.98,1917.37,0.029195160441872536,0.0004,0.0,0.028795160441872535,maker
ETHUSD,2025-04-01 18:55:00+00:00,3588,3589,3653,1,1908.27,1900.41,-0.004118913990158624,0.0004,0.0,-0.004518913990158624,maker
ETHUSD,2025-04-02 00:30:00+00:00,3655,3656,3720,1,1900.45,1857.8,-0.022442053197926803,0.0004,0.0,-0.022842053197926804,maker
ETHUSD,2025-04-02 08:35:00+00:00,3752,3753,3817,-1,1871.49,1871.2,0.00015495674569454554,0.0004,0.0,-0.0002450432543054545,maker
ETHUSD,2025-04-03 01:50:00+00:00,3959,3960,4024,-1,1828.8,1812.97,0.008655949256342943,0.0004,0.0,0.008255949256342944,maker
ETHUSD,2025-04-03 16:05:00+00:00,4130,4131,4195,-1,1782.3,1800.46,-0.010189081523873655,0.0004,0.0,-0.010589081523873655,maker
ETHUSD,2025-04-04 14:15:00+00:00,4396,4397,4461,-1,1792.09,1811.01,-0.010557505482425622,0.0004,0.0,-0.010957505482425621,maker
ETHUSD,2025-04-05 08:05:00+00:00,4610,4611,4675,-1,1811.79,1788.26,0.012987156348141848,0.0004,0.0,0.012587156348141849,maker
ETHUSD,2025-04-05 18:20:00+00:00,4733,4734,4798,-1,1790.55,1802.71,-0.0067912094049313865,0.0004,0.0,-0.007191209404931387,maker
ETHUSD,2025-04-06 04:35:00+00:00,4856,4857,4921,-1,1807.72,1789.41,0.010128781005907972,0.0004,0.0,0.009728781005907973,maker
ETHUSD,2025-04-07 02:05:00+00:00,5114,5115,5179,-1,1594.36,1449.64,0.09076996412353533,0.0004,0.0,0.09036996412353533,maker
ETHUSD,2025-04-07 09:50:00+00:00,5207,5208,5272,-1,1492.43,1548.52,-0.037583002217859374,0.0004,0.0,-0.03798300221785937,maker
ETHUSD,2025-04-08 06:40:00+00:00,5457,5458,5522,1,1581.14,1583.02,0.0011890155204472563,0.0004,0.0,0.0007890155204472564,maker
ETHUSD,2025-04-09 04:50:00+00:00,5723,5724,5788,-1,1440.51,1483.23,-0.029656163442114192,0.0004,0.0,-0.030056163442114193,maker
ETHUSD,2025-04-09 16:25:00+00:00,5862,5863,5927,-1,1489.3,1673.32,-0.12356140468676569,0.0004,0.0,-0.12396140468676568,maker
ETHUSD,2025-04-10 20:15:00+00:00,6196,6197,6261,-1,1520.76,1535.5,-0.009692522159972627,0.0004,0.0,-0.010092522159972627,maker
ETHUSD,2025-04-11 02:05:00+00:00,6266,6267,6331,-1,1536.02,1546.65,-0.0069204828062134904,0.0004,0.0,-0.007320482806213491,maker
ETHUSD,2025-04-11 20:15:00+00:00,6484,6485,6549,1,1565.34,1559.91,-0.003468894936563216,0.0004,0.0,-0.003868894936563216,maker
ETHUSD,2025-04-12 18:00:00+00:00,6745,6746,6810,1,1638.29,1646.74,0.0051578169921076,0.0004,0.0,0.0047578169921076,maker
ETHUSD,2025-04-13 00:40:00+00:00,6825,6826,6890,1,1639.33,1607.91,-0.019166366747390584,0.0004,0.0,-0.019566366747390585,maker
ETHUSD,2025-04-13 07:20:00+00:00,6905,6906,6970,-1,1616.96,1603.08,0.008584009499307377,0.0004,0.0,0.008184009499307377,maker
ETHUSD,2025-04-13 16:40:00+00:00,7017,7018,7082,-1,1592.93,1594.98,-0.0012869366513279523,0.0004,0.0,-0.0016869366513279523,maker
ETHUSD,2025-04-14 05:50:00+00:00,7175,7176,7240,1,1623.87,1686.22,0.038395930708739145,0.0004,0.0,0.03799593070873915,maker
ETHUSD,2025-04-14 13:50:00+00:00,7271,7272,7336,1,1663.0,1645.3,-0.01064341551413106,0.0004,0.0,-0.01104341551413106,maker
ETHUSD,2025-04-16 09:20:00+00:00,7793,7794,7858,-1,1575.37,1594.94,-0.012422478528853587,0.0004,0.0,-0.012822478528853586,maker
ETHUSD,2025-04-16 21:40:00+00:00,7941,7942,8006,-1,1588.21,1593.68,-0.003444128925016221,0.0004,0.0,-0.003844128925016221,maker
ETHUSD,2025-04-17 03:10:00+00:00,8007,8008,8072,-1,1590.01,1600.62,-0.006672914006830011,0.0004,0.0,-0.007072914006830011,maker
ETHUSD,2025-04-18 08:30:00+00:00,8359,8360,8424,-1,1588.24,1592.76,-0.0028459174935777654,0.0004,0.0,-0.0032459174935777655,maker
ETHUSD,2025-04-18 14:05:00+00:00,8426,8427,8491,-1,1590.69,1593.7,-0.001892260591315642,0.0004,0.0,-0.0022922605913156422,maker
ETHUSD,2025-04-19 13:30:00+00:00,8707,8708,8772,-1,1600.0,1615.93,-0.00995625000000011,0.0004,0.0,-0.01035625000000011,maker
ETHUSD,2025-04-20 00:50:00+00:00,8843,8844,8908,1,1610.59,1610.39,-0.00012417809622544684,0.0004,0.0,-0.0005241780962254468,maker
ETHUSD,2025-04-20 06:30:00+00:00,8911,8912,8976,1,1608.03,1569.5,-0.023960995752566827,0.0004,0.0,-0.024360995752566828,maker
ETHUSD,2025-04-20 20:20:00+00:00,9077,9078,9142,-1,1594.72,1617.87,-0.014516654961372444,0.0004,0.0,-0.014916654961372443,maker
ETHUSD,2025-04-21 10:35:00+00:00,9248,9249,9313,1,1632.74,1623.91,-0.005408087019366126,0.0004,0.0,-0.005808087019366126,maker
ETHUSD,2025-04-21 16:05:00+00:00,9314,9315,9379,1,1623.37,1575.7,-0.029364839808546317,0.0004,0.0,-0.029764839808546318,maker
ETHUSD,2025-04-22 03:50:00+00:00,9455,9456,9520,-1,1578.58,1623.59,-0.02851296735040343,0.0004,0.0,-0.02891296735040343,maker
ETHUSD,2025-04-23 14:25:00+00:00,9870,9871,9935,1,1798.19,1784.5,-0.0076132110622347815,0.0004,0.0,-0.00801321106223478,maker
ETHUSD,2025-04-23 22:05:00+00:00,9962,9963,10027,1,1793.61,1790.45,-0.0017618099809879606,0.0004,0.0,-0.0021618099809879608,maker
ETHUSD,2025-04-24 13:00:00+00:00,10141,10142,10206,-1,1755.3,1761.25,-0.003389733948612861,0.0004,0.0,-0.003789733948612861,maker
ETHUSD,2025-04-24 20:10:00+00:00,10227,10228,10292,-1,1765.96,1770.8,-0.0027407189290811207,0.0004,0.0,-0.003140718929081121,maker
ETHUSD,2025-04-25 05:20:00+00:00,10337,10338,10402,-1,1767.11,1774.55,-0.0042102642167154425,0.0004,0.0,-0.004610264216715443,maker
ETHUSD,2025-04-25 11:40:00+00:00,10413,10414,10478,-1,1782.38,1806.04,-0.01327438593341479,0.0004,0.0,-0.013674385933414789,maker
ETHUSD,2025-04-25 20:50:00+00:00,10523,10524,10588,1,1799.4,1804.75,0.0029732132933200095,0.0004,0.0,0.0025732132933200093,maker
ETHUSD,2025-04-26 04:40:00+00:00,10617,10618,10682,1,1795.76,1808.35,0.007010959148215701,0.0004,0.0,0.006610959148215701,maker
ETHUSD,2025-04-26 11:30:00+00:00,10699,10700,10764,1,1796.99,1801.92,0.0027434765914111647,0.0004,0.0,0.0023434765914111646,maker
ETHUSD,2025-04-27 08:55:00+00:00,10956,10957,11021,-1,1810.43,1807.88,0.0014085051617571676,0.0004,0.0,0.0010085051617571676,maker
ETHUSD,2025-04-27 17:25:00+00:00,11058,11059,11123,-1,1798.16,1793.61,0.0025303643724697844,0.0004,0.0,0.0021303643724697842,maker
ETHUSD,2025-04-28 05:30:00+00:00,11203,11204,11268,-1,1793.88,1814.48,-0.011483488304680378,0.0004,0.0,-0.011883488304680377,maker
ETHUSD,2025-04-28 13:00:00+00:00,11293,11294,11358,1,1810.19,1770.04,-0.02217999215551969,0.0004,0.0,-0.02257999215551969,maker
ETHUSD,2025-04-29 13:05:00+00:00,11582,11583,11647,1,1824.15,1828.09,0.002159910095112627,0.0004,0.0,0.0017599100951126271,maker
ETHUSD,2025-04-29 19:50:00+00:00,11663,11664,11728,1,1823.85,1800.02,-0.013065767469912504,0.0004,0.0,-0.013465767469912503,maker
ETHUSD,2025-04-30 03:00:00+00:00,11749,11750,11814,-1,1802.13,1798.38,0.0020808709693529437,0.0004,0.0,0.0016808709693529437,maker
ETHUSD,2025-04-30 10:15:00+00:00,11836,11837,11901,-1,1805.7,1769.89,0.01983164423769168,0.0004,0.0,0.01943164423769168,maker
ETHUSD,2025-04-30 17:45:00+00:00,11926,11927,11992,-1,1774.64,1797.23,-0.012729342289140355,0.0004,0.0,-0.013129342289140354,maker
ETHUSD,2025-05-01 13:45:00+00:00,12166,12167,12231,1,1836.12,1850.8,0.007995120144652867,0.0004,0.0,0.007595120144652867,maker
ETHUSD,2025-05-01 20:05:00+00:00,12242,12243,12307,1,1844.97,1846.01,0.0005636948026255251,0.0004,0.0,0.00016369480262552505,maker
ETHUSD,2025-05-02 19:55:00+00:00,12528,12529,12593,1,1840.36,1835.78,-0.002488643526266543,0.0004,0.0,-0.002888643526266543,maker
ETHUSD,2025-05-03 16:40:00+00:00,12777,12778,12842,1,1828.35,1837.98,0.005267044056116221,0.0004,0.0,0.004867044056116221,maker
ETHUSD,2025-05-04 00:00:00+00:00,12865,12866,12930,1,1835.07,1843.41,0.004544785757491621,0.0004,0.0,0.00414478575749162,maker
ETHUSD,2025-05-04 08:45:00+00:00,12970,12971,13035,1,1833.41,1828.21,-0.002836245029753326,0.0004,0.0,-0.003236245029753326,maker
ETHUSD,2025-05-05 08:00:00+00:00,13249,13250,13314,-1,1826.59,1804.92,0.011863636612485462,0.0004,0.0,0.011463636612485463,maker
ETHUSD,2025-05-05 19:15:00+00:00,13384,13385,13449,-1,1824.02,1813.37,0.005838751768072803,0.0004,0.0,0.005438751768072803,maker
ETHUSD,2025-05-06 19:05:00+00:00,13670,13671,13735,-1,1786.29,1837.25,-0.028528402443052325,0.0004,0.0,-0.028928402443052326,maker
ETHUSD,2025-05-07 05:50:00+00:00,13799,13800,13864,1,1827.05,1834.63,0.004148764401631144,0.0004,0.0,0.003748764401631144,maker
ETHUSD,2025-05-07 12:40:00+00:00,13881,13882,13946,1,1829.89,1806.45,-0.012809513140134121,0.0004,0.0,-0.01320951314013412,maker
ETHUSD,2025-05-07 21:55:00+00:00,13992,13993,14057,-1,1802.99,1860.72,-0.03201903504733794,0.0004,0.0,-0.03241903504733794,maker
ETHUSD,2025-05-09 19:30:00+00:00,14539,14540,14604,1,2322.86,2328.12,0.0022644498592252482,0.0004,0.0,0.0018644498592252483,maker
ETHUSD,2025-05-10 03:20:00+00:00,14633,14634,14698,1,2338.18,2413.83,0.032354224225679795,0.0004,0.0,0.0319542242256798,maker
ETHUSD,2025-05-10 11:45:00+00:00,14734,14735,14799,1,2390.33,2473.23,0.03468140382290308,0.0004,0.0,0.03428140382290308,maker
ETHUSD,2025-05-11 00:30:00+00:00,14887,14888,14952,1,2544.98,2559.9,0.0058625215129393116,0.0004,0.0,0.005462521512939311,maker
ETHUSD,2025-05-11 06:55:00+00:00,14964,14965,15029,1,2521.66,2519.96,-0.0006741590856815805,0.0004,0.0,-0.0010741590856815804,maker
ETHUSD,2025-05-12 03:50:00+00:00,15215,15216,15280,1,2515.93,2567.84,0.020632529521886767,0.0004,0.0,0.020232529521886766,maker
ETHUSD,2025-05-12 12:00:00+00:00,15313,15314,15378,1,2538.79,2492.0,-0.018430039507009277,0.0004,0.0,-0.018830039507009278,maker
ETHUSD,2025-05-12 20:40:00+00:00,15417,15418,15482,-1,2480.33,2450.82,0.011897610398616254,0.0004,0.0,0.011497610398616255,maker
ETHUSD,2025-05-13 05:20:00+00:00,15521,15522,15586,-1,2454.35,2481.99,-0.011261637500763921,0.0004,0.0,-0.01166163750076392,maker
ETHUSD,2025-05-13 23:30:00+00:00,15739,15740,15804,1,2673.77,2665.94,-0.002928449343062356,0.0004,0.0,-0.003328449343062356,maker
ETHUSD,2025-05-14 18:35:00+00:00,15968,15969,16033,-1,2597.48,2610.47,-0.005001000970171088,0.0004,0.0,-0.005401000970171088,maker
ETHUSD,2025-05-15 11:10:00+00:00,16167,16168,16232,-1,2548.74,2558.38,-0.003782261038787871,0.0004,0.0,-0.004182261038787871,maker
ETHUSD,2025-05-15 22:45:00+00:00,16306,16307,16371,-1,2553.7,2584.28,-0.011974781689313652,0.0004,0.0,-0.012374781689313651,maker
ETHUSD,2025-05-16 10:00:00+00:00,16441,16442,16506,-1,2607.5,2586.65,0.007996164908916525,0.0004,0.0,0.007596164908916525,maker
ETHUSD,2025-05-17 07:35:00+00:00,16700,16701,16765,-1,2497.43,2472.36,0.010038319392335238,0.0004,0.0,0.009638319392335238,maker
ETHUSD,2025-05-17 15:30:00+00:00,16795,16796,16860,-1,2479.33,2495.57,-0.0065501566955590285,0.0004,0.0,-0.006950156695559029,maker
ETHUSD,2025-05-17 21:05:00+00:00,16862,16863,16927,-1,2488.19,2484.84,0.0013463602056112967,0.0004,0.0,0.0009463602056112967,maker
ETHUSD,2025-05-18 04:50:00+00:00,16955,16956,17020,-1,2485.19,2513.14,-0.011246625006538613,0.0004,0.0,-0.011646625006538612,maker
ETHUSD,2025-05-19 07:25:00+00:00,17274,17275,17339,-1,2399.0,2396.03,0.0012380158399332153,0.0004,0.0,0.0008380158399332153,maker
ETHUSD,2025-05-19 22:40:00+00:00,17457,17458,17522,1,2502.33,2549.23,0.018742531960213027,0.0004,0.0,0.018342531960213026,maker
ETHUSD,2025-05-20 07:05:00+00:00,17558,17559,17623,1,2542.44,2497.89,-0.017522537405012528,0.0004,0.0,-0.01792253740501253,maker
ETHUSD,2025-05-20 18:00:00+00:00,17689,17690,17754,-1,2501.08,2528.78,-0.01107521550690116,0.0004,0.0,-0.011475215506901159,maker
ETHUSD,2025-05-21 03:20:00+00:00,17801,17802,17866,-1,2542.14,2544.48,-0.0009204843163634902,0.0004,0.0,-0.0013204843163634901,maker
ETHUSD,2025-05-21 22:40:00+00:00,18033,18034,18098,-1,2522.96,2619.42,-0.03823286932809089,0.0004,0.0,-0.03863286932809089,maker
ETHUSD,2025-05-22 07:00:00+00:00,18133,18134,18198,1,2615.4,2652.4,0.014146975606025736,0.0004,0.0,0.013746975606025736,maker
ETHUSD,2025-05-22 13:20:00+00:00,18209,18210,18274,1,2651.28,2662.11,0.004084819407984108,0.0004,0.0,0.003684819407984108,maker
ETHUSD,2025-05-22 20:40:00+00:00,18297,18298,18362,1,2642.63,2681.2,0.01459530846164614,0.0004,0.0,0.01419530846164614,maker
ETHUSD,2025-05-23 05:40:00+00:00,18405,18406,18470,1,2691.62,2669.77,-0.008117787800655307,0.0004,0.0,-0.008517787800655307,maker
ETHUSD,2025-05-23 18:05:00+00:00,18554,18556,18619,-1,2577.08,2530.07,0.018241575736880455,0.0004,0.0,0.017841575736880454,maker
ETHUSD,2025-05-24 03:25:00+00:00,18666,18667,18731,-1,2553.76,2554.55,-0.0003093477852265103,0.0004,0.0,-0.0007093477852265103,maker
ETHUSD,2025-05-24 09:30:00+00:00,18739,18740,18804,-1,2557.64,2559.97,-0.0009109960745061763,0.0004,0.0,-0.0013109960745061762,maker
ETHUSD,2025-05-24 17:15:00+00:00,18832,18833,18897,-1,2560.96,2535.53,0.009929870048731693,0.0004,0.0,0.009529870048731693,maker
ETHUSD,2025-05-25 13:10:00+00:00,19071,19072,19136,-1,2514.92,2518.38,-0.0013757892895200907,0.0004,0.0,-0.0017757892895200907,maker
ETHUSD,2025-05-25 19:45:00+00:00,19150,19151,19215,-1,2522.42,2562.02,-0.015699209489299815,0.0004,0.0,-0.016099209489299816,maker
ETHUSD,2025-05-26 11:05:00+00:00,19334,19335,19399,1,2563.78,2544.86,-0.0073797283698289196,0.0004,0.0,-0.00777972836982892,maker
ETHUSD,2025-05-26 16:45:00+00:00,19402,19403,19467,1,2546.4,2561.77,0.006035972353126029,0.0004,0.0,0.005635972353126029,maker
ETHUSD,2025-05-27 21:30:00+00:00,19747,19748,19812,1,2671.39,2639.98,-0.01175792377750906,0.0004,0.0,-0.01215792377750906,maker
ETHUSD,2025-05-28 14:50:00+00:00,19955,19956,20020,1,2634.65,2620.09,-0.005526350748676245,0.0004,0.0,-0.0059263507486762455,maker
ETHUSD,2025-05-29 04:50:00+00:00,20123,20124,20188,1,2730.3,2730.63,0.0001208658389186823,0.0004,0.0,-0.0002791341610813177,maker
ETHUSD,2025-05-29 11:50:00+00:00,20207,20208,20272,1,2713.6,2643.49,-0.025836527122641506,0.0004,0.0,-0.026236527122641507,maker
ETHUSD,2025-05-29 22:10:00+00:00,20331,20332,20396,-1,2663.87,2637.41,0.009932917146857734,0.0004,0.0,0.009532917146857734,maker
ETHUSD,2025-05-30 05:10:00+00:00,20415,20416,20480,-1,2633.44,2612.14,0.008088279968406442,0.0004,0.0,0.007688279968406442,maker
ETHUSD,2025-05-30 19:30:00+00:00,20587,20588,20652,-1,2579.03,2523.24,0.021632164030662815,0.0004,0.0,0.021232164030662814,maker
ETHUSD,2025-05-31 06:50:00+00:00,20723,20724,20788,-1,2521.76,2531.82,-0.003989277330118668,0.0004,0.0,-0.004389277330118668,maker
ETHUSD,2025-05-31 13:10:00+00:00,20799,20800,20864,-1,2539.19,2541.13,-0.0007640231727441549,0.0004,0.0,-0.0011640231727441548,maker
ETHUSD,2025-06-01 14:20:00+00:00,21101,21102,21169,-1,2507.68,2528.145528,-0.008161140177375126,0.0007,0.0,-0.008861140177375125,fallback_taker
ETHUSD,2025-06-02 00:35:00+00:00,21224,21225,21289,1,2535.24,2492.29,-0.01694119688865736,0.0004,0.0,-0.017341196888657363,maker
ETHUSD,2025-06-02 13:05:00+00:00,21374,21375,21439,-1,2491.13,2558.33,-0.026975709818435778,0.0004,0.0,-0.02737570981843578,maker
ETHUSD,2025-06-02 19:25:00+00:00,21450,21451,21515,1,2539.61,2622.21,0.03252467898614353,0.0004,0.0,0.03212467898614353,maker
ETHUSD,2025-06-03 03:00:00+00:00,21541,21542,21606,1,2617.58,2607.64,-0.003797400652511107,0.0004,0.0,-0.004197400652511107,maker
ETHUSD,2025-06-03 08:45:00+00:00,21610,21611,21675,1,2606.25,2620.07,0.005302637889688322,0.0004,0.0,0.004902637889688322,maker
ETHUSD,2025-06-03 17:00:00+00:00,21709,21710,21774,1,2614.78,2599.5,-0.005843703868011918,0.0004,0.0,-0.006243703868011918,maker
ETHUSD,2025-06-04 12:45:00+00:00,21946,21947,22011,1,2625.87,2636.38,0.004002482986591227,0.0004,0.0,0.003602482986591227,maker
ETHUSD,2025-06-04 19:15:00+00:00,22024,22025,22089,1,2629.64,2608.0,-0.008229263321214986,0.0004,0.0,-0.008629263321214985,maker
ETHUSD,2025-06-05 06:20:00+00:00,22157,22158,22222,1,2617.11,2606.86,-0.003916533886615392,0.0004,0.0,-0.004316533886615392,maker
ETHUSD,2025-06-06 03:35:00+00:00,22412,22413,22477,-1,2444.87,2462.53,-0.007223287945780532,0.0004,0.0,-0.007623287945780532,maker
ETHUSD,2025-06-06 17:45:00+00:00,22582,22583,22647,1,2491.29,2476.48,-0.005944711374428535,0.0004,0.0,-0.006344711374428535,maker
ETHUSD,2025-06-06 23:15:00+00:00,22648,22649,22713,1,2478.36,2486.8,0.003405477815975111,0.0004,0.0,0.0030054778159751107,maker
ETHUSD,2025-06-07 08:55:00+00:00,22764,22765,22829,1,2485.49,2510.64,0.010118729103717916,0.0004,0.0,0.009718729103717917,maker
ETHUSD,2025-06-07 17:20:00+00:00,22865,22866,22930,1,2513.3,2537.32,0.009557155930449923,0.0004,0.0,0.009157155930449924,maker
ETHUSD,2025-06-08 00:15:00+00:00,22948,22949,23013,1,2520.56,2512.89,-0.003042974577078139,0.0004,0.0,-0.0034429745770781393,maker
ETHUSD,2025-06-10 02:20:00+00:00,23549,23550,23614,1,2687.77,2674.89,-0.004792076702991754,0.0004,0.0,-0.0051920767029917545,maker
ETHUSD,2025-06-10 14:40:00+00:00,23697,23698,23762,1,2735.48,2757.88,0.00818869083305307,0.0004,0.0,0.007788690833053069,maker
ETHUSD,2025-06-11 02:55:00+00:00,23844,23845,23909,1,2781.42,2774.99,-0.0023117688087380683,0.0004,0.0,-0.0027117688087380685,maker
ETHUSD,2025-06-11 09:15:00+00:00,23920,23921,23985,1,2767.54,2831.76,0.023204723328298815,0.0004,0.0,0.022804723328298814,maker
ETHUSD,2025-06-11 18:25:00+00:00,24030,24031,24095,1,2818.87,2775.37,-0.015431715545590974,0.0004,0.0,-0.015831715545590975,maker
ETHUSD,2025-06-12 13:45:00+00:00,24262,24263,24327,-1,2747.66,2734.62,0.004745856474236199,0.0004,0.0,0.004345856474236198,maker
ETHUSD,2025-06-13 03:55:00+00:00,24432,24433,24497,-1,2516.44,2514.96,0.0005881324410675903,0.0004,0.0,0.0001881324410675903,maker
ETHUSD,2025-06-13 10:45:00+00:00,24514,24515,24579,-1,2524.98,2560.03,-0.013881298069687853,0.0004,0.0,-0.014281298069687852,maker
ETHUSD,2025-06-14 12:05:00+00:00,24818,24819,24883,-1,2535.66,2516.29,0.007639036779378938,0.0004,0.0,0.007239036779378938,maker
ETHUSD,2025-06-14 21:55:00+00:00,24936,24937,25001,-1,2528.89,2532.95,-0.001605447449276154,0.0004,0.0,-0.002005447449276154,maker
ETHUSD,2025-06-15 13:35:00+00:00,25124,25125,25189,-1,2529.53,2548.84,-0.0076338292093787175,0.0004,0.0,-0.008033829209378717,maker
ETHUSD,2025-06-15 23:00:00+00:00,25237,25238,25302,-1,2545.28,2573.86,-0.01122862710585859,0.0004,0.0,-0.01162862710585859,maker
ETHUSD,2025-06-17 03:20:00+00:00,25577,25578,25642,-1,2610.36,2571.51,0.014883004643037712,0.0004,0.0,0.014483004643037712,maker
ETHUSD,2025-06-17 21:45:00+00:00,25798,25799,25863,-1,2517.14,2515.64,0.0005959144107995362,0.0004,0.0,0.0001959144107995362,maker
ETHUSD,2025-06-19 05:25:00+00:00,26178,26179,26245,-1,2531.3,2535.96,-0.0018409512898509561,0.0004,0.0,-0.0022409512898509563,maker
ETHUSD,2025-06-19 18:20:00+00:00,26333,26334,26398,-1,2512.33,2524.54,-0.004860030330410492,0.0004,0.0,-0.005260030330410492,maker
ETHUSD,2025-06-20 20:45:00+00:00,26650,26651,26715,-1,2429.97,2425.77,0.0017284164002023816,0.0004,0.0,0.0013284164002023817,maker
ETHUSD,2025-06-21 05:35:00+00:00,26756,26757,26821,-1,2425.4,2439.6,-0.0058547043786592035,0.0004,0.0,-0.006254704378659204,maker
ETHUSD,2025-06-22 04:20:00+00:00,27029,27030,27094,-1,2276.44,2258.2,0.008012510762418601,0.0004,0.0,0.007612510762418601,maker
ETHUSD,2025-06-22 11:20:00+00:00,27113,27114,27178,-1,2270.22,2182.97,0.03843239862215997,0.0004,0.0,0.03803239862215997,maker
ETHUSD,2025-06-22 21:25:00+00:00,27234,27235,27299,-1,2181.54,2238.42,-0.026073324348854454,0.0004,0.0,-0.026473324348854455,maker
ETHUSD,2025-06-23 16:15:00+00:00,27460,27461,27525,1,2233.36,2342.06,0.04867106064405191,0.0004,0.0,0.048271060644051914,maker
ETHUSD,2025-06-24 18:45:00+00:00,27778,27779,27843,1,2447.82,2452.35,0.001850626271539424,0.0004,0.0,0.001450626271539424,maker
ETHUSD,2025-06-25 04:45:00+00:00,27898,27899,27963,1,2436.83,2420.59,-0.0066643959570424904,0.0004,0.0,-0.007064395957042491,maker
ETHUSD,2025-06-25 15:45:00+00:00,28030,28031,28095,1,2413.22,2440.19,0.0111759392015649,0.0004,0.0,0.0107759392015649,maker
ETHUSD,2025-06-26 05:45:00+00:00,28198,28199,28263,1,2473.72,2452.07,-0.008752001034878498,0.0004,0.0,-0.009152001034878498,maker
ETHUSD,2025-06-27 02:20:00+00:00,28445,28446,28510,-1,2433.05,2440.3,-0.0029797990176938516,0.0004,0.0,-0.0033797990176938518,maker
ETHUSD,2025-06-27 16:40:00+00:00,28617,28618,28682,-1,2437.74,2421.76,0.006555251995700728,0.0004,0.0,0.006155251995700728,maker
ETHUSD,2025-06-28 02:35:00+00:00,28736,28737,28801,-1,2421.97,2433.08,-0.004587174903074809,0.0004,0.0,-0.004987174903074809,maker
ETHUSD,2025-06-28 10:15:00+00:00,28828,28829,28896,-1,2428.88,2430.355974,-0.0006076767893019586,0.0007,0.0,-0.0013076767893019587,fallback_taker
ETHUSD,2025-06-29 12:50:00+00:00,29147,29148,29212,1,2454.15,2435.27,-0.007693091294338261,0.0004,0.0,-0.00809309129433826,maker
ETHUSD,2025-06-30 05:00:00+00:00,29341,29342,29406,1,2500.4,2453.46,-0.01877299632058871,0.0004,0.0,-0.01917299632058871,maker
ETHUSD,2025-06-30 16:15:00+00:00,29476,29477,29541,-1,2471.58,2497.74,-0.01058432257907893,0.0004,0.0,-0.01098432257907893,maker
ETHUSD,2025-06-30 21:55:00+00:00,29544,29545,29609,1,2488.38,2487.1,-0.0005143908888514126,0.0004,0.0,-0.0009143908888514126,maker
ETHUSD,2025-07-02 02:50:00+00:00,29891,29892,29956,-1,2416.88,2451.14,-0.01417530038727599,0.0004,0.0,-0.01457530038727599,maker
ETHUSD,2025-07-02 23:45:00+00:00,30142,30143,30207,1,2577.72,2580.28,0.0009931257079902611,0.0004,0.0,0.0005931257079902612,maker
ETHUSD,2025-07-03 12:50:00+00:00,30299,30300,30364,1,2584.71,2579.09,-0.0021743251660727436,0.0004,0.0,-0.002574325166072744,maker
ETHUSD,2025-07-04 02:45:00+00:00,30466,30467,30531,1,2578.38,2531.69,-0.018108269533583132,0.0004,0.0,-0.018508269533583133,maker
ETHUSD,2025-07-04 09:30:00+00:00,30547,30548,30612,-1,2554.94,2517.14,0.014794867981244297,0.0004,0.0,0.014394867981244298,maker
ETHUSD,2025-07-04 23:00:00+00:00,30709,30710,30774,-1,2517.38,2519.9,-0.0010010407646043884,0.0004,0.0,-0.0014010407646043884,maker
ETHUSD,2025-07-05 20:10:00+00:00,30963,30964,31028,-1,2502.95,2517.13,-0.005665314928384513,0.0004,0.0,-0.006065314928384513,maker
ETHUSD,2025-07-07 01:15:00+00:00,31312,31313,31377,1,2560.41,2569.85,0.003686909518397563,0.0004,0.0,0.003286909518397563,maker
ETHUSD,2025-07-07 11:05:00+00:00,31430,31431,31495,1,2560.63,2531.68,-0.011305811460461057,0.0004,0.0,-0.011705811460461056,maker
ETHUSD,2025-07-08 00:30:00+00:00,31591,31592,31656,-1,2548.52,2550.72,-0.0008632461193163188,0.0004,0.0,-0.0012632461193163187,maker
ETHUSD,2025-07-08 06:05:00+00:00,31658,31659,31723,-1,2553.43,2575.74,-0.008737267126962545,0.0004,0.0,-0.009137267126962544,maker
ETHUSD,2025-07-09 02:30:00+00:00,31903,31904,31968,1,2606.21,2623.43,0.006607295651539946,0.0004,0.0,0.006207295651539946,maker
ETHUSD,2025-07-09 09:40:00+00:00,31989,31990,32054,1,2612.98,2651.93,0.014906352134344658,0.0004,0.0,0.014506352134344659,maker
ETHUSD,2025-07-10 04:15:00+00:00,32212,32213,32277,1,2770.0,2782.04,0.0043465703971119485,0.0004,0.0,0.003946570397111948,maker
ETHUSD,2025-07-10 10:15:00+00:00,32284,32285,32349,1,2776.36,2768.94,-0.0026725640767047976,0.0004,0.0,-0.0030725640767047977,maker
ETHUSD,2025-07-11 00:30:00+00:00,32455,32456,32522,1,2929.3,3020.53,0.031143959307684543,0.0004,0.0,0.030743959307684542,maker
ETHUSD,2025-07-11 08:20:00+00:00,32549,32550,32614,1,2982.51,2985.88,0.0011299207714308146,0.0004,0.0,0.0007299207714308146,maker
ETHUSD,2025-07-12 12:00:00+00:00,32881,32882,32946,1,2966.33,2938.59,-0.009351623049357216,0.0004,0.0,-0.009751623049357215,maker
ETHUSD,2025-07-13 08:55:00+00:00,33132,33133,33197,1,2957.06,3011.9,0.0185454471671187,0.0004,0.0,0.0181454471671187,maker
ETHUSD,2025-07-13 22:20:00+00:00,33293,33294,33358,1,2959.14,3046.78,0.02961671296390178,0.0004,0.0,0.02921671296390178,maker
ETHUSD,2025-07-14 13:35:00+00:00,33476,33477,33541,1,3044.92,2989.69,-0.018138407577210525,0.0004,0.0,-0.018538407577210526,maker
ETHUSD,2025-07-15 06:15:00+00:00,33676,33677,33741,-1,2976.54,2967.18,0.0031445906992683126,0.0004,0.0,0.0027445906992683124,maker
ETHUSD,2025-07-15 20:10:00+00:00,33843,33844,33908,1,3047.04,3142.47,0.031318919344675455,0.0004,0.0,0.030918919344675454,maker
ETHUSD,2025-07-16 03:25:00+00:00,33930,33931,33995,1,3109.94,3164.4,0.017511591863508702,0.0004,0.0,0.0171115918635087,maker
ETHUSD,2025-07-16 23:10:00+00:00,34167,34168,34232,1,3361.24,3343.73,-0.005209387011935962,0.0004,0.0,-0.005609387011935962,maker
ETHUSD,2025-07-17 11:35:00+00:00,34316,34317,34381,1,3441.58,3395.75,-0.013316558092503983,0.0004,0.0,-0.013716558092503982,maker
ETHUSD,2025-07-18 08:00:00+00:00,34561,34562,34626,1,3616.58,3617.7,0.0003096848403740804,0.0004,0.0,-9.031515962591962e-05,maker
ETHUSD,2025-07-18 22:40:00+00:00,34737,34738,34802,-1,3560.81,3599.08,-0.010747554629424227,0.0004,0.0,-0.011147554629424227,maker
ETHUSD,2025-07-19 18:50:00+00:00,34979,34980,35044,-1,3558.31,3586.27,-0.007857662766875384,0.0004,0.0,-0.008257662766875383,maker
ETHUSD,2025-07-20 18:25:00+00:00,35262,35263,35328,1,3751.45,3767.67,0.004323661517546595,0.0004,0.0,0.003923661517546595,maker
ETHUSD,2025-07-21 09:00:00+00:00,35437,35438,35502,1,3780.84,3842.37,0.016274161297489487,0.0004,0.0,0.015874161297489486,maker
ETHUSD,2025-07-22 03:45:00+00:00,35662,35663,35727,1,3727.34,3632.31,-0.025495393497775964,0.0004,0.0,-0.025895393497775965,maker
ETHUSD,2025-07-22 10:45:00+00:00,35746,35747,35811,-1,3688.05,3736.48,-0.013131600710402536,0.0004,0.0,-0.013531600710402535,maker
ETHUSD,2025-07-22 19:25:00+00:00,35850,35851,35915,-1,3709.73,3744.34,-0.00932951993810871,0.0004,0.0,-0.00972951993810871,maker
ETHUSD,2025-07-23 02:15:00+00:00,35932,35933,35997,-1,3743.62,3677.75,0.017595268750567605,0.0004,0.0,0.017195268750567604,maker
ETHUSD,2025-07-23 12:20:00+00:00,36053,36054,36118,-1,3674.26,3588.18,0.023427846695661225,0.0004,0.0,0.023027846695661224,maker
ETHUSD,2025-07-23 22:30:00+00:00,36175,36176,36240,-1,3616.8,3650.1,-0.009207033842070222,0.0004,0.0,-0.009607033842070222,maker
ETHUSD,2025-07-24 22:20:00+00:00,36461,36462,36526,1,3717.58,3592.5,-0.033645543606324546,0.0004,0.0,-0.034045543606324544,maker
ETHUSD,2025-07-25 05:35:00+00:00,36548,36549,36613,-1,3630.17,3719.87,-0.024709586603382183,0.0004,0.0,-0.025109586603382184,maker
ETHUSD,2025-07-26 12:15:00+00:00,36916,36917,36981,1,3741.8,3728.65,-0.0035143513816879857,0.0004,0.0,-0.003914351381687986,maker
ETHUSD,2025-07-27 06:50:00+00:00,37139,37140,37204,1,3774.81,3835.17,0.01599020877872004,0.0004,0.0,0.01559020877872004,maker
ETHUSD,2025-07-27 15:20:00+00:00,37241,37242,37306,1,3810.93,3826.36,0.004048880457001358,0.0004,0.0,0.003648880457001358,maker
ETHUSD,2025-07-27 21:00:00+00:00,37309,37310,37374,1,3826.98,3864.06,0.009689102111847925,0.0004,0.0,0.009289102111847925,maker
ETHUSD,2025-07-28 07:45:00+00:00,37438,37439,37503,1,3894.08,3872.54,-0.005531473416057198,0.0004,0.0,-0.005931473416057198,maker
ETHUSD,2025-07-29 00:25:00+00:00,37638,37639,37703,-1,3810.59,3799.72,0.00285257663511429,0.0004,0.0,0.00245257663511429,maker
ETHUSD,2025-07-29 06:25:00+00:00,37710,37711,37775,-1,3817.12,3819.81,-0.0007047197887413148,0.0004,0.0,-0.0011047197887413148,maker
ETHUSD,2025-07-29 22:00:00+00:00,37897,37898,37962,-1,3771.63,3814.87,-0.01146453920453494,0.0004,0.0,-0.01186453920453494,maker
ETHUSD,2025-07-30 06:20:00+00:00,37997,37998,38062,-1,3816.1,3752.62,0.016634784203768294,0.0004,0.0,0.016234784203768293,maker
ETHUSD,2025-07-30 15:00:00+00:00,38101,38102,38166,-1,3807.73,3775.13,0.008561531411103163,0.0004,0.0,0.008161531411103163,maker
ETHUSD,2025-07-30 23:20:00+00:00,38201,38202,38266,-1,3780.57,3862.08,-0.021560240916052242,0.0004,0.0,-0.021960240916052243,maker
ETHUSD,2025-08-01 02:25:00+00:00,38526,38527,38591,-1,3708.03,3639.93,0.018365547204310717,0.0004,0.0,0.017965547204310716,maker
ETHUSD,2025-08-01 12:10:00+00:00,38643,38644,38708,-1,3654.08,3581.52,0.01985725545144057,0.0004,0.0,0.01945725545144057,maker
ETHUSD,2025-08-02 02:35:00+00:00,38816,38817,38881,-1,3520.8,3518.62,0.0006191774596683297,0.0004,0.0,0.0002191774596683297,maker
ETHUSD,2025-08-03 02:20:00+00:00,39101,39102,39166,-1,3433.8,3458.11,-0.0070796202457918955,0.0004,0.0,-0.007479620245791896,maker
ETHUSD,2025-08-03 08:20:00+00:00,39173,39174,39238,-1,3458.57,3489.32,-0.008890957823609158,0.0004,0.0,-0.009290957823609157,maker
ETHUSD,2025-08-03 19:00:00+00:00,39301,39302,39366,-1,3494.43,3515.04,-0.005897957606820103,0.0004,0.0,-0.006297957606820104,maker
ETHUSD,2025-08-04 05:20:00+00:00,39425,39426,39490,1,3535.11,3556.51,0.006053559860937918,0.0004,0.0,0.005653559860937918,maker
ETHUSD,2025-08-04 19:50:00+00:00,39599,39600,39664,1,3673.89,3695.39,0.005852107711444843,0.0004,0.0,0.005452107711444843,maker
ETHUSD,2025-08-05 01:25:00+00:00,39666,39667,39731,1,3697.5,3654.57,-0.011610547667342708,0.0004,0.0,-0.012010547667342707,maker
ETHUSD,2025-08-07 03:25:00+00:00,40266,40267,40331,1,3655.8,3716.55,0.01661742983751857,0.0004,0.0,0.01621742983751857,maker
ETHUSD,2025-08-07 16:50:00+00:00,40427,40428,40492,1,3813.98,3886.37,0.018980172942700158,0.0004,0.0,0.018580172942700156,maker
ETHUSD,2025-08-08 08:45:00+00:00,40618,40619,40683,1,3893.26,3989.95,0.024835228060802406,0.0004,0.0,0.024435228060802405,maker
ETHUSD,2025-08-09 00:00:00+00:00,40801,40802,40866,1,4011.15,4171.13,0.03988382384104305,0.0004,0.0,0.039483823841043056,maker
ETHUSD,2025-08-09 23:30:00+00:00,41083,41084,41148,1,4263.67,4250.46,-0.0030982698004301534,0.0004,0.0,-0.0034982698004301536,maker
ETHUSD,2025-08-10 15:00:00+00:00,41269,41270,41334,-1,4216.11,4216.09,4.7437092484114984e-06,0.0004,0.0,-0.0003952562907515885,maker
ETHUSD,2025-08-11 00:00:00+00:00,41377,41378,41442,-1,4249.77,4309.36,-0.014021935304733946,0.0004,0.0,-0.014421935304733945,maker
ETHUSD,2025-08-11 07:40:00+00:00,41469,41470,41534,1,4280.79,4177.19,-0.02420114044370325,0.0004,0.0,-0.02460114044370325,maker
ETHUSD,2025-08-12 05:45:00+00:00,41734,41735,41799,1,4284.33,4276.68,-0.0017855767412873202,0.0004,0.0,-0.0021855767412873204,maker
ETHUSD,2025-08-12 11:15:00+00:00,41800,41801,41865,1,4271.7,4444.72,0.04050378069621008,0.0004,0.0,0.04010378069621008,maker
ETHUSD,2025-08-13 01:55:00+00:00,41976,41977,42041,1,4584.44,4618.81,0.00749709888230643,0.0004,0.0,0.00709709888230643,maker
ETHUSD,2025-08-13 15:10:00+00:00,42135,42136,42200,1,4638.3,4719.6,0.017527973611021208,0.0004,0.0,0.017127973611021207,maker
ETHUSD,2025-08-14 06:25:00+00:00,42318,42319,42383,1,4738.26,4709.42,-0.006086622515438234,0.0004,0.0,-0.006486622515438234,maker
ETHUSD,2025-08-14 14:40:00+00:00,42417,42418,42482,-1,4670.44,4533.21,0.029382670583499526,0.0004,0.0,0.028982670583499525,maker
ETHUSD,2025-08-15 21:00:00+00:00,42781,42782,42846,-1,4422.3,4469.06,-0.010573683377428145,0.0004,0.0,-0.010973683377428144,maker
ETHUSD,2025-08-16 19:35:00+00:00,43052,43053,43117,-1,4428.63,4415.79,0.002899316492910975,0.0004,0.0,0.0024993164929109747,maker
ETHUSD,2025-08-17 13:15:00+00:00,43264,43265,43329,1,4527.68,4516.17,-0.0025421407873348345,0.0004,0.0,-0.0029421407873348347,maker
ETHUSD,2025-08-18 09:55:00+00:00,43512,43513,43577,-1,4292.4,4302.26,-0.0022970832168485167,0.0004,0.0,-0.002697083216848517,maker
ETHUSD,2025-08-18 16:05:00+00:00,43586,43587,43651,-1,4350.7,4354.42,-0.0008550348219826809,0.0004,0.0,-0.0012550348219826808,maker
ETHUSD,2025-08-19 09:40:00+00:00,43797,43798,43862,-1,4283.69,4190.05,0.02185965837864068,0.0004,0.0,0.021459658378640677,maker
ETHUSD,2025-08-20 03:05:00+00:00,44006,44007,44071,-1,4140.25,4227.65,-0.02110983636253838,0.0004,0.0,-0.021509836362538382,maker
ETHUSD,2025-08-21 00:20:00+00:00,44261,44262,44326,1,4316.58,4310.92,-0.0013112232369143495,0.0004,0.0,-0.0017112232369143495,maker
ETHUSD,2025-08-22 11:15:00+00:00,44680,44681,44745,1,4282.33,4751.41,0.10953849890129908,0.0004,0.0,0.10913849890129908,maker
ETHUSD,2025-08-23 20:50:00+00:00,45083,45085,45148,1,4748.27,4774.42,0.005507268963222289,0.0004,0.0,0.005107268963222289,maker
ETHUSD,2025-08-24 07:00:00+00:00,45205,45206,45270,1,4764.82,4748.06,-0.0035174466191796316,0.0004,0.0,-0.003917446619179632,maker
ETHUSD,2025-08-25 12:30:00+00:00,45559,45560,45624,-1,4611.35,4592.79,0.00402485172454925,0.0004,0.0,0.0036248517245492497,maker
ETHUSD,2025-08-26 04:20:00+00:00,45749,45750,45814,-1,4424.77,4410.68,0.0031843463050057474,0.0004,0.0,0.0027843463050057473,maker
ETHUSD,2025-08-27 01:05:00+00:00,45998,45999,46063,1,4565.75,4600.58,0.007628538575261468,0.0004,0.0,0.007228538575261467,maker
ETHUSD,2025-08-27 07:05:00+00:00,46070,46071,46135,1,4584.33,4590.29,0.001300080927856495,0.0004,0.0,0.0009000809278564951,maker
ETHUSD,2025-08-27 20:10:00+00:00,46227,46228,46292,1,4559.56,4517.22,-0.009285983735272785,0.0004,0.0,-0.009685983735272784,maker
ETHUSD,2025-08-28 14:35:00+00:00,46448,46449,46513,1,4566.07,4438.4,-0.027960587551220217,0.0004,0.0,-0.02836058755122022,maker
ETHUSD,2025-08-29 13:00:00+00:00,46717,46718,46782,-1,4400.98,4321.51,0.018057341773877522,0.0004,0.0,0.01765734177387752,maker
ETHUSD,2025-08-29 21:50:00+00:00,46823,46824,46888,-1,4370.8,4325.01,0.010476343003569144,0.0004,0.0,0.010076343003569145,maker
ETHUSD,2025-08-30 04:10:00+00:00,46899,46900,46964,-1,4358.5,4381.89,-0.005366525180681592,0.0004,0.0,-0.005766525180681592,maker
ETHUSD,2025-08-30 23:15:00+00:00,47128,47129,47193,-1,4367.54,4473.31,-0.024217293945791196,0.0004,0.0,-0.024617293945791197,maker
ETHUSD,2025-08-31 07:05:00+00:00,47222,47223,47287,1,4447.16,4479.17,0.00719785211235946,0.0004,0.0,0.0067978521123594595,maker
ETHUSD,2025-08-31 20:10:00+00:00,47379,47380,47444,1,4460.45,4411.82,-0.01090248741718891,0.0004,0.0,-0.01130248741718891,maker
ETHUSD,2025-09-01 01:45:00+00:00,47446,47447,47511,-1,4419.27,4390.19,0.006580272307417423,0.0004,0.0,0.006180272307417423,maker
ETHUSD,2025-09-01 20:05:00+00:00,47666,47667,47731,-1,4361.39,4309.17,0.011973247061143444,0.0004,0.0,0.011573247061143445,maker
ETHUSD,2025-09-02 01:55:00+00:00,47736,47737,47801,-1,4323.22,4399.13,-0.017558671545745863,0.0004,0.0,-0.017958671545745864,maker
ETHUSD,2025-09-02 09:05:00+00:00,47822,47823,47887,-1,4399.03,4372.43,0.0060467875872634025,0.0004,0.0,0.005646787587263402,maker
ETHUSD,2025-09-02 14:40:00+00:00,47889,47890,47954,-1,4356.64,4281.21,0.017313801461676936,0.0004,0.0,0.016913801461676935,maker
ETHUSD,2025-09-03 02:55:00+00:00,48036,48037,48101,-1,4338.4,4327.15,0.00259312188825378,0.0004,0.0,0.0021931218882537797,maker
ETHUSD,2025-09-03 10:00:00+00:00,48121,48122,48186,-1,4348.95,4461.31,-0.025836121362627917,0.0004,0.0,-0.02623612136262792,maker
ETHUSD,2025-09-04 10:50:00+00:00,48419,48420,48484,-1,4423.23,4308.48,0.02594258042199926,0.0004,0.0,0.02554258042199926,maker
ETHUSD,2025-09-04 23:10:00+00:00,48567,48568,48632,-1,4337.43,4323.79,0.0031447193384100958,0.0004,0.0,0.0027447193384100956,maker
ETHUSD,2025-09-05 05:45:00+00:00,48646,48647,48711,-1,4339.27,4418.9,-0.01835101295840058,0.0004,0.0,-0.018751012958400582,maker
ETHUSD,2025-09-05 19:25:00+00:00,48810,48811,48875,-1,4329.51,4324.16,0.001235705657222308,0.0004,0.0,0.000835705657222308,maker
ETHUSD,2025-09-06 21:00:00+00:00,49117,49118,49182,-1,4277.26,4293.84,-0.0038763133407835326,0.0004,0.0,-0.004276313340783533,maker
ETHUSD,2025-09-07 19:50:00+00:00,49391,49392,49456,-1,4290.52,4293.78,-0.0007598146611598189,0.0004,0.0,-0.0011598146611598188,maker
ETHUSD,2025-09-08 19:25:00+00:00,49674,49675,49739,1,4310.29,4304.7,-0.0012968964965234253,0.0004,0.0,-0.0016968964965234253,maker
ETHUSD,2025-09-09 10:35:00+00:00,49856,49857,49921,1,4351.69,4285.05,-0.015313590811845357,0.0004,0.0,-0.015713590811845358,maker
ETHUSD,2025-09-09 23:05:00+00:00,50006,50007,50071,-1,4316.03,4315.91,2.7803328521813775e-05,0.0004,0.0,-0.00037219667147818624,maker
ETHUSD,2025-09-10 17:40:00+00:00,50229,50230,50294,1,4356.93,4344.9,-0.002761118493985637,0.0004,0.0,-0.003161118493985637,maker
ETHUSD,2025-09-11 09:25:00+00:00,50418,50419,50483,1,4417.32,4428.17,0.002456240435377177,0.0004,0.0,0.002056240435377177,maker
ETHUSD,2025-09-12 08:20:00+00:00,50693,50694,50758,1,4521.1,4515.88,-0.0011545862732521561,0.0004,0.0,-0.001554586273252156,maker
ETHUSD,2025-09-13 10:45:00+00:00,51010,51011,51075,1,4719.3,4641.78,-0.016426164897336615,0.0004,0.0,-0.016826164897336616,maker
ETHUSD,2025-09-13 20:20:00+00:00,51125,51126,51190,-1,4658.53,4667.65,-0.0019576991025065382,0.0004,0.0,-0.0023576991025065384,maker
ETHUSD,2025-09-14 03:00:00+00:00,51205,51206,51270,-1,4682.78,4660.01,0.004862496209516509,0.0004,0.0,0.004462496209516509,maker
ETHUSD,2025-09-14 17:55:00+00:00,51384,51385,51449,-1,4622.29,4619.35,0.0006360483656369098,0.0004,0.0,0.0002360483656369098,maker
ETHUSD,2025-09-15 22:05:00+00:00,51722,51723,51787,-1,4519.16,4520.29,-0.0002500464688128812,0.0004,0.0,-0.0006500464688128811,maker
ETHUSD,2025-09-16 17:25:00+00:00,51954,51955,52019,-1,4504.2,4523.6,-0.004307091159362564,0.0004,0.0,-0.004707091159362564,maker
ETHUSD,2025-09-16 23:00:00+00:00,52021,52022,52086,-1,4519.63,4490.1,0.006533720680675148,0.0004,0.0,0.006133720680675148,maker
ETHUSD,2025-09-17 13:25:00+00:00,52194,52195,52259,-1,4506.0,4455.61,0.011182867288060394,0.0004,0.0,0.010782867288060395,maker
ETHUSD,2025-09-18 04:40:00+00:00,52377,52378,52442,1,4607.0,4598.45,-0.001855871499891526,0.0004,0.0,-0.002255871499891526,maker
ETHUSD,2025-09-18 19:35:00+00:00,52556,52557,52621,1,4594.38,4608.0,0.002964491400363034,0.0004,0.0,0.002564491400363034,maker
ETHUSD,2025-09-19 08:20:00+00:00,52709,52710,52774,-1,4547.53,4523.74,0.005231411337583203,0.0004,0.0,0.004831411337583203,maker
ETHUSD,2025-09-19 14:15:00+00:00,52780,52781,52845,-1,4534.45,4465.53,0.015199197256558161,0.0004,0.0,0.014799197256558162,maker
ETHUSD,2025-09-19 22:15:00+00:00,52876,52877,52941,-1,4473.89,4467.71,0.0013813482226876506,0.0004,0.0,0.0009813482226876506,maker
ETHUSD,2025-09-20 05:35:00+00:00,52964,52966,53029,-1,4478.01,4465.62,0.0027668540266770902,0.0004,0.0,0.00236685402667709,maker
ETHUSD,2025-09-21 06:15:00+00:00,53260,53261,53325,-1,4485.15,4467.6,0.003912912611618191,0.0004,0.0,0.003512912611618191,maker
ETHUSD,2025-09-21 13:35:00+00:00,53348,53349,53413,-1,4475.77,4497.97,-0.00496004039528386,0.0004,0.0,-0.00536004039528386,maker
ETHUSD,2025-09-22 14:10:00+00:00,53643,53644,53708,-1,4203.42,4152.1,0.012209105918513874,0.0004,0.0,0.011809105918513875,maker
ETHUSD,2025-09-22 21:25:00+00:00,53730,53731,53795,-1,4192.02,4158.04,0.008105877357455493,0.0004,0.0,0.007705877357455493,maker
ETHUSD,2025-09-24 06:55:00+00:00,54132,54133,54197,-1,4183.01,4178.13,0.0011666240338894518,0.0004,0.0,0.0007666240338894518,maker
ETHUSD,2025-09-24 15:30:00+00:00,54235,54236,54300,-1,4190.7,4169.82,0.004982461164006025,0.0004,0.0,0.004582461164006024,maker
ETHUSD,2025-09-26 01:25:00+00:00,54642,54643,54707,-1,3931.28,3935.9,-0.0011751897600780215,0.0004,0.0,-0.0015751897600780214,maker
ETHUSD,2025-09-26 12:45:00+00:00,54778,54779,54843,-1,3940.39,4040.04,-0.025289374909590157,0.0004,0.0,-0.025689374909590158,maker
ETHUSD,2025-09-26 21:10:00+00:00,54879,54880,54944,1,4018.94,4013.42,-0.0013734964941004568,0.0004,0.0,-0.0017734964941004568,maker
ETHUSD,2025-09-27 06:35:00+00:00,54992,54993,55057,1,4016.49,4001.81,-0.003654932540601341,0.0004,0.0,-0.004054932540601341,maker
ETHUSD,2025-09-28 01:50:00+00:00,55223,55224,55288,1,4000.2,4009.46,0.0023148842557871863,0.0004,0.0,0.0019148842557871863,maker
ETHUSD,2025-09-28 09:15:00+00:00,55312,55313,55377,1,3998.23,4015.41,0.004296901378860074,0.0004,0.0,0.003896901378860074,maker
ETHUSD,2025-09-29 11:15:00+00:00,55624,55625,55689,1,4105.4,4161.15,0.013579675549276526,0.0004,0.0,0.013179675549276527,maker
ETHUSD,2025-09-30 09:15:00+00:00,55888,55889,55953,1,4165.89,4123.0,-0.010295519084757454,0.0004,0.0,-0.010695519084757453,maker
ETHUSD,2025-10-01 01:55:00+00:00,56088,56089,56153,-1,4171.88,4138.67,0.007960439897600091,0.0004,0.0,0.007560439897600091,maker
ETHUSD,2025-10-01 21:50:00+00:00,56327,56328,56392,1,4306.82,4396.57,0.0208390413344417,0.0004,0.0,0.020439041334441698,maker
ETHUSD,2025-10-02 04:40:00+00:00,56409,56410,56474,1,4372.41,4390.08,0.004041249562598326,0.0004,0.0,0.0036412495625983256,maker
ETHUSD,2025-10-02 11:20:00+00:00,56489,56490,56554,1,4384.31,4435.5,0.011675725484739718,0.0004,0.0,0.01127572548473972,maker
ETHUSD,2025-10-02 21:35:00+00:00,56612,56613,56677,1,4485.81,4513.72,0.006221841763248914,0.0004,0.0,0.005821841763248914,maker
ETHUSD,2025-10-03 23:50:00+00:00,56927,56928,56992,1,4518.59,4508.72,-0.002184309707231602,0.0004,0.0,-0.002584309707231602,maker
ETHUSD,2025-10-05 09:45:00+00:00,57334,57335,57399,1,4557.22,4532.2,-0.005490189194289563,0.0004,0.0,-0.005890189194289563,maker
ETHUSD,2025-10-05 18:10:00+00:00,57435,57436,57500,1,4509.92,4520.83,0.0024191116472132013,0.0004,0.0,0.002019111647213201,maker
ETHUSD,2025-10-07 01:35:00+00:00,57812,57813,57877,1,4679.29,4671.63,-0.00163700048511628,0.0004,0.0,-0.0020370004851162802,maker
ETHUSD,2025-10-07 20:20:00+00:00,58037,58038,58102,-1,4505.93,4480.86,0.005563779286407167,0.0004,0.0,0.0051637792864071665,maker
ETHUSD,2025-10-08 08:25:00+00:00,58182,58183,58247,-1,4473.89,4465.68,0.0018350920563536821,0.0004,0.0,0.0014350920563536821,maker
ETHUSD,2025-10-09 11:40:00+00:00,58509,58510,58574,-1,4386.6,4292.87,0.02136734600829815,0.0004,0.0,0.020967346008298148,maker
ETHUSD,2025-10-09 18:25:00+00:00,58590,58591,58655,-1,4328.51,4369.81,-0.009541389531270594,0.0004,0.0,-0.009941389531270594,maker
ETHUSD,2025-10-10 13:40:00+00:00,58821,58822,58886,-1,4381.1,4059.29,0.07345415534911337,0.0004,0.0,0.07305415534911337,maker
ETHUSD,2025-10-11 05:05:00+00:00,59006,59007,59071,-1,3816.37,3858.65,-0.011078590388248655,0.0004,0.0,-0.011478590388248654,maker
ETHUSD,2025-10-11 12:30:00+00:00,59095,59096,59160,-1,3835.09,3830.51,0.0011942353373715076,0.0004,0.0,0.0007942353373715076,maker
ETHUSD,2025-10-12 21:40:00+00:00,59493,59494,59558,1,4124.66,4166.8,0.010216599671245774,0.0004,0.0,0.009816599671245775,maker
ETHUSD,2025-10-13 04:25:00+00:00,59574,59575,59639,1,4126.69,4165.75,0.009465213039991038,0.0004,0.0,0.009065213039991039,maker
ETHUSD,2025-10-13 15:00:00+00:00,59701,59702,59766,1,4109.25,4255.68,0.03563423982478553,0.0004,0.0,0.03523423982478553,maker
ETHUSD,2025-10-14 00:15:00+00:00,59812,59813,59877,1,4252.3,4077.26,-0.04116360557815768,0.0004,0.0,-0.04156360557815768,maker
ETHUSD,2025-10-14 11:50:00+00:00,59951,59952,60016,-1,3975.02,4127.42,-0.03833942973871829,0.0004,0.0,-0.03873942973871829,maker
ETHUSD,2025-10-14 20:00:00+00:00,60049,60050,60114,1,4101.18,4102.92,0.00042426813746287984,0.0004,0.0,2.4268137462879816e-05,maker
ETHUSD,2025-10-15 04:10:00+00:00,60147,60148,60212,1,4088.6,4155.87,0.01645306461869578,0.0004,0.0,0.016053064618695777,maker
ETHUSD,2025-10-15 11:05:00+00:00,60230,60231,60295,1,4127.52,3996.97,-0.03162916230569457,0.0004,0.0,-0.03202916230569457,maker
ETHUSD,2025-10-15 19:00:00+00:00,60325,60326,60391,-1,3996.9,3989.99,0.001728839850884567,0.0004,0.0,0.001328839850884567,maker
ETHUSD,2025-10-16 02:10:00+00:00,60411,60412,60476,-1,4019.96,4008.15,0.002937840177514195,0.0004,0.0,0.0025378401775141947,maker
ETHUSD,2025-10-17 00:40:00+00:00,60681,60682,60746,-1,3921.3,3902.4,0.004819830158365845,0.0004,0.0,0.004419830158365845,maker
ETHUSD,2025-10-17 11:25:00+00:00,60810,60811,60875,-1,3800.0,3805.57,-0.0014657894736842536,0.0004,0.0,-0.0018657894736842536,maker
ETHUSD,2025-10-17 18:10:00+00:00,60891,60892,60956,-1,3815.9,3843.2,-0.007154275531329413,0.0004,0.0,-0.007554275531329413,maker
ETHUSD,2025-10-18 16:10:00+00:00,61155,61156,61220,-1,3877.06,3887.18,-0.0026102252737898457,0.0004,0.0,-0.003010225273789846,maker
ETHUSD,2025-10-20 09:45:00+00:00,61654,61655,61719,1,4044.59,4048.26,0.0009073849265315292,0.0004,0.0,0.0005073849265315293,maker
ETHUSD,2025-10-20 19:50:00+00:00,61775,61776,61840,-1,3985.38,3958.46,0.006754688386051089,0.0004,0.0,0.0063546883860510885,maker
ETHUSD,2025-10-21 12:30:00+00:00,61975,61976,62040,-1,3901.26,4018.77,-0.0301210378185508,0.0004,0.0,-0.0305210378185508,maker
ETHUSD,2025-10-21 18:35:00+00:00,62048,62049,62113,1,3994.31,3874.69,-0.029947600461656676,0.0004,0.0,-0.030347600461656677,maker
ETHUSD,2025-10-22 12:50:00+00:00,62267,62268,62332,-1,3851.19,3808.76,0.011017373850679912,0.0004,0.0,0.010617373850679913,maker
ETHUSD,2025-10-23 00:20:00+00:00,62405,62406,62470,-1,3809.14,3837.76,-0.007513506985828977,0.0004,0.0,-0.007913506985828976,maker
ETHUSD,2025-10-23 15:15:00+00:00,62584,62585,62649,-1,3854.4,3850.0,0.0011415525114155667,0.0004,0.0,0.0007415525114155667,maker
ETHUSD,2025-10-24 07:55:00+00:00,62784,62785,62849,1,3950.41,3973.3,0.005794335271528839,0.0004,0.0,0.005394335271528839,maker
ETHUSD,2025-10-24 18:55:00+00:00,62916,62917,62981,-1,3912.61,3922.94,-0.002640181362313143,0.0004,0.0,-0.0030401813623131433,maker
ETHUSD,2025-10-26 05:40:00+00:00,63333,63334,63398,-1,3945.69,3981.34,-0.009035175089781466,0.0004,0.0,-0.009435175089781466,maker
ETHUSD,2025-10-26 19:55:00+00:00,63504,63505,63569,1,4066.99,4176.69,0.02697326524038668,0.0004,0.0,0.026573265240386678,maker
ETHUSD,2025-10-28 17:55:00+00:00,64056,64057,64121,-1,4140.59,3983.24,0.038001830656983704,0.0004,0.0,0.037601830656983706,maker
ETHUSD,2025-10-29 03:00:00+00:00,64165,64166,64230,-1,3990.01,4018.96,-0.0072556209132308425,0.0004,0.0,-0.007655620913230843,maker
ETHUSD,2025-10-29 12:10:00+00:00,64275,64276,64340,-1,4012.79,3975.13,0.009384991489711614,0.0004,0.0,0.008984991489711614,maker
ETHUSD,2025-10-29 21:40:00+00:00,64389,64390,64454,-1,3953.51,3937.16,0.004135565611317671,0.0004,0.0,0.0037355656113176707,maker
ETHUSD,2025-10-30 07:30:00+00:00,64507,64508,64572,-1,3933.38,3808.86,0.031657251524134455,0.0004,0.0,0.03125725152413446,maker
ETHUSD,2025-10-30 21:55:00+00:00,64680,64681,64745,-1,3772.73,3831.52,-0.01558288030153232,0.0004,0.0,-0.01598288030153232,maker
ETHUSD,2025-11-01 14:25:00+00:00,65166,65167,65231,1,3863.61,3876.27,0.0032767282412045073,0.0004,0.0,0.002876728241204507,maker
ETHUSD,2025-11-01 22:25:00+00:00,65262,65263,65327,1,3868.98,3880.58,0.002998206245573787,0.0004,0.0,0.0025982062455737866,maker
ETHUSD,2025-11-02 10:25:00+00:00,65406,65407,65471,1,3857.69,3857.2,-0.0001270190191540177,0.0004,0.0,-0.0005270190191540177,maker
ETHUSD,2025-11-03 01:35:00+00:00,65588,65589,65653,1,3840.64,3716.46,-0.032333152807865306,0.0004,0.0,-0.032733152807865304,maker
ETHUSD,2025-11-03 12:30:00+00:00,65719,65720,65784,-1,3718.1,3658.81,0.01594631666711488,0.0004,0.0,0.01554631666711488,maker
ETHUSD,2025-11-04 01:40:00+00:00,65877,65878,65942,-1,3642.46,3491.12,0.04154884336410014,0.0004,0.0,0.04114884336410014,maker
ETHUSD,2025-11-04 12:00:00+00:00,66001,66002,66066,-1,3524.73,3392.03,0.03764827376848723,0.0004,0.0,0.03724827376848723,maker
ETHUSD,2025-11-04 23:05:00+00:00,66134,66135,66199,-1,3268.86,3314.82,-0.014059947504634573,0.0004,0.0,-0.014459947504634573,maker
ETHUSD,2025-11-05 12:00:00+00:00,66289,66290,66354,-1,3316.43,3439.13,-0.03699761490518427,0.0004,0.0,-0.03739761490518427,maker
ETHUSD,2025-11-05 21:45:00+00:00,66406,66407,66471,1,3440.85,3436.93,-0.0011392533821584783,0.0004,0.0,-0.0015392533821584782,maker
ETHUSD,2025-11-06 19:00:00+00:00,66661,66662,66726,-1,3333.14,3304.2,0.008682503585207946,0.0004,0.0,0.008282503585207946,maker
ETHUSD,2025-11-07 03:30:00+00:00,66763,66764,66828,-1,3353.8,3336.4,0.0051881447909833955,0.0004,0.0,0.004788144790983395,maker
ETHUSD,2025-11-07 15:00:00+00:00,66901,66902,66966,-1,3273.83,3434.76,-0.04915649254848309,0.0004,0.0,-0.049556492548483086,maker
ETHUSD,2025-11-08 00:10:00+00:00,67011,67012,67076,1,3430.45,3442.74,0.003582620355929933,0.0004,0.0,0.003182620355929933,maker
ETHUSD,2025-11-08 06:10:00+00:00,67083,67084,67148,1,3424.8,3440.47,0.004575449661293973,0.0004,0.0,0.004175449661293973,maker
ETHUSD,2025-11-08 12:25:00+00:00,67158,67159,67223,1,3407.49,3395.76,-0.0034424165588159417,0.0004,0.0,-0.003842416558815942,maker
ETHUSD,2025-11-10 08:20:00+00:00,67685,67686,67750,1,3605.77,3613.7,0.002199252864159451,0.0004,0.0,0.0017992528641594511,maker
ETHUSD,2025-11-10 20:25:00+00:00,67830,67831,67895,-1,3565.77,3608.33,-0.011935710940413902,0.0004,0.0,-0.012335710940413901,maker
ETHUSD,2025-11-11 11:45:00+00:00,68014,68015,68079,-1,3581.1,3491.57,0.025000698109519326,0.0004,0.0,0.024600698109519325,maker
ETHUSD,2025-11-13 01:20:00+00:00,68465,68466,68530,-1,3428.1,3540.23,-0.03270908083194768,0.0004,0.0,-0.033109080831947676,maker
ETHUSD,2025-11-13 09:15:00+00:00,68560,68561,68625,1,3506.86,3421.95,-0.024212543414906862,0.0004,0.0,-0.024612543414906863,maker
ETHUSD,2025-11-13 23:20:00+00:00,68729,68730,68794,-1,3246.29,3153.9,0.028460180698582027,0.0004,0.0,0.028060180698582026,maker
ETHUSD,2025-11-14 07:35:00+00:00,68828,68829,68893,-1,3205.49,3124.83,0.02516307959157571,0.0004,0.0,0.02476307959157571,maker
ETHUSD,2025-11-14 14:50:00+00:00,68915,68916,68980,-1,3201.68,3187.39,0.0044632817770670075,0.0004,0.0,0.004063281777067007,maker
ETHUSD,2025-11-15 02:50:00+00:00,69059,69060,69124,-1,3183.16,3164.67,0.005808693248218644,0.0004,0.0,0.0054086932482186436,maker
ETHUSD,2025-11-15 14:00:00+00:00,69193,69194,69258,-1,3185.29,3203.09,-0.005588188202644062,0.0004,0.0,-0.005988188202644062,maker
ETHUSD,2025-11-16 19:40:00+00:00,69549,69550,69614,-1,3097.36,3130.8,-0.010796291034945948,0.0004,0.0,-0.011196291034945948,maker
ETHUSD,2025-11-17 01:10:00+00:00,69615,69616,69680,-1,3126.3,3181.95,-0.01780059495249975,0.0004,0.0,-0.01820059495249975,maker
ETHUSD,2025-11-18 08:45:00+00:00,69994,69995,70059,-1,3068.4,3035.85,0.010608134532655522,0.0004,0.0,0.010208134532655523,maker
ETHUSD,2025-11-18 15:30:00+00:00,70075,70076,70140,-1,3098.41,3132.9,-0.011131515841996453,0.0004,0.0,-0.011531515841996453,maker
ETHUSD,2025-11-19 07:55:00+00:00,70272,70273,70337,-1,3083.54,3093.66,-0.003281942183334774,0.0004,0.0,-0.003681942183334774,maker
ETHUSD,2025-11-19 21:05:00+00:00,70430,70431,70495,-1,2949.69,3031.42,-0.02770799643352362,0.0004,0.0,-0.02810799643352362,maker
ETHUSD,2025-11-20 13:00:00+00:00,70621,70622,70686,-1,3020.66,2823.49,0.06527381433196722,0.0004,0.0,0.06487381433196722,maker
ETHUSD,2025-11-20 21:25:00+00:00,70722,70723,70787,-1,2861.44,2824.5,0.012909583985685535,0.0004,0.0,0.012509583985685536,maker
ETHUSD,2025-11-21 13:25:00+00:00,70914,70915,70979,-1,2732.86,2779.85,-0.017194440988561377,0.0004,0.0,-0.017594440988561378,maker
ETHUSD,2025-11-21 22:15:00+00:00,71020,71021,71085,-1,2763.21,2747.19,0.005797604959449365,0.0004,0.0,0.005397604959449365,maker
ETHUSD,2025-11-22 07:05:00+00:00,71126,71127,71191,-1,2758.4,2716.12,0.015327726218097526,0.0004,0.0,0.014927726218097527,maker
ETHUSD,2025-11-23 17:25:00+00:00,71538,71539,71603,1,2806.41,2834.97,0.010176702620073419,0.0004,0.0,0.00977670262007342,maker
ETHUSD,2025-11-23 23:45:00+00:00,71614,71615,71679,1,2802.8,2871.69,0.02457899243613526,0.0004,0.0,0.02417899243613526,maker
ETHUSD,2025-11-24 08:20:00+00:00,71717,71718,71782,1,2828.28,2825.34,-0.0010395010395010118,0.0004,0.0,-0.0014395010395010118,maker
ETHUSD,2025-11-25 02:00:00+00:00,71929,71930,71994,1,2921.46,2915.97,-0.0018791973876076673,0.0004,0.0,-0.0022791973876076675,maker
ETHUSD,2025-11-25 07:40:00+00:00,71997,71998,72062,1,2917.48,2924.78,0.0025021593978364898,0.0004,0.0,0.0021021593978364896,maker
ETHUSD,2025-11-26 04:20:00+00:00,72245,72246,72310,1,2932.36,2907.96,-0.008320942858312086,0.0004,0.0,-0.008720942858312085,maker
ETHUSD,2025-11-27 03:50:00+00:00,72527,72528,72592,1,3033.8,3030.1,-0.0012195925901510307,0.0004,0.0,-0.0016195925901510307,maker
ETHUSD,2025-11-28 11:50:00+00:00,72911,72912,72976,1,3032.89,3018.71,-0.004675408603674991,0.0004,0.0,-0.005075408603674991,maker
ETHUSD,2025-11-29 21:45:00+00:00,73318,73319,73383,-1,2994.3,2991.15,0.0010519987977156697,0.0004,0.0,0.0006519987977156698,maker
ETHUSD,2025-11-30 07:30:00+00:00,73435,73436,73500,-1,3005.19,3027.41,-0.00739387526246249,0.0004,0.0,-0.0077938752624624906,maker
ETHUSD,2025-11-30 21:25:00+00:00,73602,73603,73667,1,3023.07,2836.44,-0.06173525588226536,0.0004,0.0,-0.06213525588226536,maker
ETHUSD,2025-12-01 22:10:00+00:00,73899,73900,73964,-1,2793.52,2787.89,0.002015378447263738,0.0004,0.0,0.0016153784472637382,maker
ETHUSD,2025-12-02 04:25:00+00:00,73974,73975,74039,-1,2807.15,2798.83,0.0029638601428495503,0.0004,0.0,0.00256386014284955,maker
ETHUSD,2025-12-02 20:30:00+00:00,74167,74168,74232,1,2986.71,3018.82,0.010750960086516548,0.0004,0.0,0.010350960086516548,maker
ETHUSD,2025-12-03 08:35:00+00:00,74312,74313,74377,1,3048.17,3091.15,0.014100263436750637,0.0004,0.0,0.013700263436750638,maker
ETHUSD,2025-12-04 04:55:00+00:00,74556,74557,74621,1,3192.55,3193.62,0.0003351552833941174,0.0004,0.0,-6.484471660588264e-05,maker
ETHUSD,2025-12-04 11:45:00+00:00,74638,74639,74703,1,3186.17,3165.79,-0.006396394417121476,0.0004,0.0,-0.006796394417121476,maker
ETHUSD,2025-12-04 17:30:00+00:00,74707,74708,74772,1,3158.55,3145.53,-0.004122144654984061,0.0004,0.0,-0.004522144654984061,maker
ETHUSD,2025-12-05 00:50:00+00:00,74795,74796,74860,-1,3149.71,3167.08,-0.00551479342542649,0.0004,0.0,-0.00591479342542649,maker
ETHUSD,2025-12-05 15:15:00+00:00,74968,74969,75033,-1,3134.83,3025.47,0.03488546428354966,0.0004,0.0,0.03448546428354966,maker
ETHUSD,2025-12-06 03:15:00+00:00,75112,75113,75177,-1,3038.41,3017.4,0.006914800833330514,0.0004,0.0,0.006514800833330514,maker
ETHUSD,2025-12-06 10:25:00+00:00,75198,75199,75263,-1,3031.36,3047.37,-0.005281457827509772,0.0004,0.0,-0.0056814578275097725,maker
ETHUSD,2025-12-07 10:55:00+00:00,75492,75493,75557,-1,3040.01,3018.58,0.007049318916714231,0.0004,0.0,0.006649318916714231,maker
ETHUSD,2025-12-08 11:50:00+00:00,75791,75792,75856,1,3140.73,3116.26,-0.007791182304750732,0.0004,0.0,-0.008191182304750732,maker
ETHUSD,2025-12-09 20:35:00+00:00,76184,76185,76249,1,3330.8,3302.94,-0.00836435691125259,0.0004,0.0,-0.00876435691125259,maker
ETHUSD,2025-12-10 07:25:00+00:00,76314,76315,76379,1,3317.25,3321.3,0.0012208907981008377,0.0004,0.0,0.0008208907981008377,maker
ETHUSD,2025-12-10 14:55:00+00:00,76404,76405,76469,1,3319.2,3409.74,0.027277657266811195,0.0004,0.0,0.026877657266811194,maker
ETHUSD,2025-12-10 21:10:00+00:00,76479,76480,76544,1,3354.25,3217.01,-0.04091525676380703,0.0004,0.0,-0.041315256763807026,maker
ETHUSD,2025-12-11 12:55:00+00:00,76668,76669,76733,-1,3200.5,3199.95,0.00017184814872683862,0.0004,0.0,-0.0002281518512731614,maker
ETHUSD,2025-12-11 18:30:00+00:00,76735,76736,76800,-1,3198.85,3235.8,-0.01155102615002268,0.0004,0.0,-0.01195102615002268,maker
ETHUSD,2025-12-12 01:05:00+00:00,76814,76815,76879,1,3211.8,3258.2,0.014446727691636907,0.0004,0.0,0.014046727691636908,maker
ETHUSD,2025-12-12 08:40:00+00:00,76905,76906,76970,1,3239.72,3240.35,0.00019446124973776513,0.0004,0.0,-0.0002055387502622349,maker
ETHUSD,2025-12-13 07:35:00+00:00,77180,77181,77246,-1,3093.92,3115.31,-0.00691355949733663,0.0004,0.0,-0.00731355949733663,maker
ETHUSD,2025-12-13 16:30:00+00:00,77287,77288,77352,1,3105.68,3106.44,0.0002447129131140091,0.0004,0.0,-0.0001552870868859909,maker
ETHUSD,2025-12-14 04:55:00+00:00,77436,77437,77501,1,3111.5,3102.07,-0.003030692591997397,0.0004,0.0,-0.0034306925919973972,maker
ETHUSD,2025-12-14 14:10:00+00:00,77547,77548,77612,-1,3098.99,3096.67,0.0007486310055856427,0.0004,0.0,0.00034863100558564264,maker
ETHUSD,2025-12-15 12:45:00+00:00,77818,77819,77883,1,3151.1,2933.8,-0.06896004569832748,0.0004,0.0,-0.06936004569832747,maker
ETHUSD,2025-12-15 22:00:00+00:00,77929,77930,77994,-1,2944.05,2934.04,0.003400078123673267,0.0004,0.0,0.0030000781236732667,maker
ETHUSD,2025-12-16 10:55:00+00:00,78084,78085,78149,-1,2948.33,2944.98,0.0011362364457166985,0.0004,0.0,0.0007362364457166985,maker
ETHUSD,2025-12-16 20:15:00+00:00,78196,78197,78261,-1,2945.76,2956.01,-0.0034795774265383717,0.0004,0.0,-0.003879577426538372,maker
ETHUSD,2025-12-18 10:10:00+00:00,78651,78652,78716,-1,2857.2,2971.64,-0.04005319893602133,0.0004,0.0,-0.040453198936021326,maker
ETHUSD,2025-12-19 03:15:00+00:00,78856,78857,78921,-1,2854.52,2946.7,-0.032292644647786695,0.0004,0.0,-0.03269264464778669,maker
ETHUSD,2025-12-19 18:15:00+00:00,79036,79037,79101,1,2962.43,2978.85,0.005542747001616943,0.0004,0.0,0.005142747001616943,maker
ETHUSD,2025-12-19 23:55:00+00:00,79104,79105,79169,1,2977.94,2985.26,0.0024580750451654865,0.0004,0.0,0.0020580750451654863,maker
ETHUSD,2025-12-20 11:15:00+00:00,79240,79241,79305,1,2978.08,2974.23,-0.0012927792403159,0.0004,0.0,-0.0016927792403159,maker
ETHUSD,2025-12-20 18:50:00+00:00,79331,79332,79396,1,2975.43,2976.19,0.00025542526626409767,0.0004,0.0,-0.00014457473373590235,maker
ETHUSD,2025-12-21 01:45:00+00:00,79414,79415,79479,1,2969.4,2975.34,0.002000404122044941,0.0004,0.0,0.001600404122044941,maker
ETHUSD,2025-12-21 13:45:00+00:00,79558,79559,79623,1,2953.79,2990.99,0.012593989416986195,0.0004,0.0,0.012193989416986196,maker
ETHUSD,2025-12-22 15:45:00+00:00,79870,79871,79935,1,3038.4,2986.39,-0.01711756187467095,0.0004,0.0,-0.01751756187467095,maker
ETHUSD,2025-12-22 23:15:00+00:00,79960,79961,80025,-1,3009.4,2986.98,0.007449990031235476,0.0004,0.0,0.007049990031235476,maker
ETHUSD,2025-12-23 17:05:00+00:00,80174,80175,80239,-1,2956.41,2961.01,-0.0015559411583645488,0.0004,0.0,-0.001955941158364549,maker
ETHUSD,2025-12-24 16:50:00+00:00,80458,80459,80523,-1,2936.54,2949.59,-0.004444005530318096,0.0004,0.0,-0.004844005530318096,maker
ETHUSD,2025-12-24 23:00:00+00:00,80532,80533,80597,-1,2951.64,2945.6,0.0020463200119255065,0.0004,0.0,0.0016463200119255065,maker
ETHUSD,2025-12-26 08:40:00+00:00,80936,80937,81001,1,2957.23,2983.07,0.00873790675733721,0.0004,0.0,0.008337906757337211,maker
ETHUSD,2025-12-28 00:00:00+00:00,81408,81409,81473,-1,2946.03,2934.13,0.004039334290553809,0.0004,0.0,0.0036393342905538086,maker
ETHUSD,2025-12-28 15:20:00+00:00,81592,81593,81657,-1,2952.06,2933.82,0.006178736204548563,0.0004,0.0,0.005778736204548563,maker
ETHUSD,2025-12-29 07:30:00+00:00,81786,81787,81851,1,3015.96,2928.01,-0.029161527341211357,0.0004,0.0,-0.02956152734121136,maker
ETHUSD,2025-12-29 14:45:00+00:00,81873,81874,81938,-1,2949.58,2931.89,0.00599746404572854,0.0004,0.0,0.00559746404572854,maker
ETHUSD,2025-12-29 20:20:00+00:00,81940,81941,82005,-1,2932.45,2934.0,-0.000528568262033513,0.0004,0.0,-0.000928568262033513,maker
ETHUSD,2025-12-30 04:30:00+00:00,82038,82039,82103,-1,2952.25,2980.38,-0.009528325853162878,0.0004,0.0,-0.009928325853162877,maker
ETHUSD,2025-12-31 01:35:00+00:00,82291,82292,82356,-1,2976.34,2971.8,0.001525363365744492,0.0004,0.0,0.001125363365744492,maker
ETHUSD,2025-12-31 15:30:00+00:00,82458,82459,82523,1,2970.59,2965.26,-0.0017942563598476458,0.0004,0.0,-0.002194256359847646,maker
ETHUSD,2026-01-01 00:00:00+00:00,82560,82561,82625,1,2969.87,2975.39,0.0018586672143898753,0.0004,0.0,0.0014586672143898753,maker
ETHUSD,2026-01-01 07:00:00+00:00,82644,82645,82709,1,2972.87,2986.2,0.004483882578114828,0.0004,0.0,0.004083882578114828,maker
ETHUSD,2026-01-01 14:05:00+00:00,82729,82730,82794,1,2982.2,2984.0,0.0006035812487426018,0.0004,0.0,0.00020358124874260175,maker
ETHUSD,2026-01-01 21:50:00+00:00,82822,82823,82887,1,2985.87,3011.92,0.008724425376858358,0.0004,0.0,0.008324425376858359,maker
ETHUSD,2026-01-02 14:25:00+00:00,83021,83022,83086,1,3032.73,3123.52,0.02993672367800637,0.0004,0.0,0.02953672367800637,maker
ETHUSD,2026-01-03 04:50:00+00:00,83194,83195,83259,1,3115.83,3097.46,-0.005895700343086729,0.0004,0.0,-0.00629570034308673,maker
ETHUSD,2026-01-03 11:35:00+00:00,83275,83276,83340,1,3095.54,3105.19,0.003117388242439123,0.0004,0.0,0.002717388242439123,maker
ETHUSD,2026-01-04 07:35:00+00:00,83515,83516,83581,1,3138.65,3135.3,-0.0010673378681916867,0.0004,0.0,-0.0014673378681916867,maker
ETHUSD,2026-01-05 04:50:00+00:00,83770,83771,83835,1,3165.1,3175.01,0.0031310227165020077,0.0004,0.0,0.0027310227165020075,maker
ETHUSD,2026-01-06 00:15:00+00:00,84003,84004,84069,1,3218.61,3220.04,0.00044429116916933076,0.0004,0.0,4.429116916933074e-05,maker
ETHUSD,2026-01-06 08:50:00+00:00,84106,84107,84171,1,3217.2,3274.45,0.017794976998632306,0.0004,0.0,0.017394976998632305,maker
ETHUSD,2026-01-06 16:45:00+00:00,84201,84202,84266,1,3239.74,3284.68,0.013871483514109162,0.0004,0.0,0.013471483514109163,maker
ETHUSD,2026-01-07 23:30:00+00:00,84570,84571,84635,-1,3165.07,3150.34,0.004653925505597067,0.0004,0.0,0.004253925505597067,maker
ETHUSD,2026-01-08 17:15:00+00:00,84783,84784,84848,-1,3117.24,3106.55,0.0034293156766882493,0.0004,0.0,0.003029315676688249,maker
ETHUSD,2026-01-09 13:35:00+00:00,85027,85028,85092,-1,3096.96,3091.73,0.0016887528414961661,0.0004,0.0,0.0012887528414961661,maker
ETHUSD,2026-01-09 23:05:00+00:00,85141,85142,85207,-1,3084.49,3078.12,0.002065171227658369,0.0004,0.0,0.001665171227658369,maker
ETHUSD,2026-01-10 05:50:00+00:00,85222,85223,85287,-1,3082.5,3095.76,-0.004301703163017034,0.0004,0.0,-0.0047017031630170346,maker
ETHUSD,2026-01-11 00:40:00+00:00,85448,85449,85513,-1,3083.83,3096.66,-0.004160410917592783,0.0004,0.0,-0.004560410917592783,maker
ETHUSD,2026-01-11 23:10:00+00:00,85718,85719,85783,1,3107.02,3156.43,0.015902697761842388,0.0004,0.0,0.015502697761842389,maker
ETHUSD,2026-01-13 00:40:00+00:00,86024,86025,86089,-1,3098.24,3127.07,-0.009305282999380493,0.0004,0.0,-0.009705282999380492,maker
ETHUSD,2026-01-14 05:30:00+00:00,86370,86371,86435,1,3329.99,3314.9,-0.004531545139775051,0.0004,0.0,-0.004931545139775051,maker
ETHUSD,2026-01-14 18:15:00+00:00,86523,86524,86588,1,3337.2,3353.95,0.005019177753805559,0.0004,0.0,0.004619177753805559,maker
ETHUSD,2026-01-15 01:35:00+00:00,86611,86612,86676,1,3330.0,3315.21,-0.004441441441441429,0.0004,0.0,-0.0048414414414414296,maker
ETHUSD,2026-01-15 15:10:00+00:00,86774,86775,86839,1,3349.08,3286.23,-0.018766347773119807,0.0004,0.0,-0.019166347773119808,maker
ETHUSD,2026-01-15 22:40:00+00:00,86864,86865,86929,-1,3309.09,3296.61,0.0037714296075356257,0.0004,0.0,0.0033714296075356255,maker
ETHUSD,2026-01-16 07:00:00+00:00,86964,86965,87029,-1,3312.87,3311.12,0.0005282428830590824,0.0004,0.0,0.00012824288305908238,maker
ETHUSD,2026-01-16 21:45:00+00:00,87141,87142,87206,-1,3294.56,3289.01,0.0016845952115001062,0.0004,0.0,0.0012845952115001062,maker
ETHUSD,2026-01-17 05:50:00+00:00,87238,87239,87303,-1,3290.3,3297.57,-0.0022095249673281803,0.0004,0.0,-0.0026095249673281804,maker
ETHUSD,2026-01-17 21:25:00+00:00,87425,87426,87490,1,3312.6,3302.1,-0.0031697156312262553,0.0004,0.0,-0.0035697156312262555,maker
ETHUSD,2026-01-18 20:50:00+00:00,87706,87707,87771,1,3340.37,3198.75,-0.04239650098641767,0.0004,0.0,-0.04279650098641767,maker
ETHUSD,2026-01-19 08:35:00+00:00,87847,87848,87912,-1,3211.6,3216.58,-0.0015506289699838138,0.0004,0.0,-0.0019506289699838138,maker
ETHUSD,2026-01-21 01:40:00+00:00,88340,88341,88405,-1,2967.0,2980.65,-0.004600606673407448,0.0004,0.0,-0.005000606673407448,maker
ETHUSD,2026-01-21 15:00:00+00:00,88500,88501,88565,-1,2972.81,3011.58,-0.013041533094950486,0.0004,0.0,-0.013441533094950485,maker
ETHUSD,2026-01-22 07:20:00+00:00,88696,88697,88761,1,3005.46,2988.95,-0.005493335462791071,0.0004,0.0,-0.0058933354627910715,maker
ETHUSD,2026-01-22 18:25:00+00:00,88829,88830,88894,-1,2957.78,2953.1,0.0015822677819176123,0.0004,0.0,0.0011822677819176123,maker
ETHUSD,2026-01-23 00:00:00+00:00,88896,88897,88961,-1,2947.64,2966.0,-0.006228711782985785,0.0004,0.0,-0.006628711782985785,maker
ETHUSD,2026-01-23 16:20:00+00:00,89092,89093,89157,-1,2948.57,2941.5,0.0023977724795409827,0.0004,0.0,0.0019977724795409825,maker
ETHUSD,2026-01-24 02:35:00+00:00,89215,89216,89280,-1,2955.78,2952.75,0.0010251101232162663,0.0004,0.0,0.0006251101232162663,maker
ETHUSD,2026-01-24 15:15:00+00:00,89367,89368,89432,-1,2961.26,2952.62,0.0029176769348183695,0.0004,0.0,0.0025176769348183694,maker
ETHUSD,2026-01-25 10:30:00+00:00,89598,89599,89663,-1,2939.21,2919.92,0.006562988013785964,0.0004,0.0,0.006162988013785964,maker
ETHUSD,2026-01-26 05:05:00+00:00,89821,89822,89886,-1,2859.23,2899.6,-0.01411918593467476,0.0004,0.0,-0.01451918593467476,maker
ETHUSD,2026-01-26 11:15:00+00:00,89895,89896,89960,-1,2894.22,2899.97,-0.001986718355895478,0.0004,0.0,-0.0023867183558954784,maker
ETHUSD,2026-01-26 21:00:00+00:00,90012,90013,90077,1,2897.99,2933.39,0.012215363061984341,0.0004,0.0,0.011815363061984342,maker
ETHUSD,2026-01-27 09:10:00+00:00,90158,90159,90223,1,2909.49,2918.66,0.003151755118594668,0.0004,0.0,0.0027517551185946678,maker
ETHUSD,2026-01-28 03:20:00+00:00,90376,90377,90441,1,2997.82,2990.34,-0.002495146473103782,0.0004,0.0,-0.002895146473103782,maker
ETHUSD,2026-01-28 09:10:00+00:00,90446,90447,90511,1,2985.86,3026.77,0.013701245202387247,0.0004,0.0,0.013301245202387247,maker
ETHUSD,2026-01-29 02:05:00+00:00,90649,90650,90714,1,2989.63,2951.84,-0.012640360178349797,0.0004,0.0,-0.013040360178349796,maker
ETHUSD,2026-01-29 21:55:00+00:00,90887,90888,90952,-1,2815.06,2738.42,0.02722499698052616,0.0004,0.0,0.02682499698052616,maker
ETHUSD,2026-01-30 08:05:00+00:00,91009,91010,91074,-1,2736.6,2731.65,0.0018088138566103584,0.0004,0.0,0.0014088138566103585,maker
ETHUSD,2026-01-30 19:30:00+00:00,91146,91147,91211,-1,2749.21,2703.52,0.01661931973185027,0.0004,0.0,0.016219319731850267,maker
ETHUSD,2026-01-31 22:40:00+00:00,91472,91473,91537,-1,2410.53,2440.28,-0.012341684193932556,0.0004,0.0,-0.012741684193932555,maker
ETHUSD,2026-02-01 18:20:00+00:00,91708,91709,91773,-1,2352.78,2294.1,0.024940708438528136,0.0004,0.0,0.024540708438528135,maker
ETHUSD,2026-02-02 07:50:00+00:00,91870,91871,91935,-1,2232.25,2309.6,-0.03465113674543607,0.0004,0.0,-0.03505113674543607,maker
ETHUSD,2026-02-02 23:00:00+00:00,92052,92053,92117,-1,2348.52,2335.57,0.005514111014596312,0.0004,0.0,0.005114111014596312,maker
ETHUSD,2026-02-03 20:05:00+00:00,92305,92306,92370,-1,2191.69,2268.8,-0.035182895391227875,0.0004,0.0,-0.03558289539122787,maker
ETHUSD,2026-02-04 10:15:00+00:00,92475,92476,92540,1,2253.92,2150.05,-0.046084155604458,0.0004,0.0,-0.046484155604458,maker
ETHUSD,2026-02-04 20:10:00+00:00,92594,92595,92659,-1,2162.5,2161.69,0.0003745664739883692,0.0004,0.0,-2.5433526011630844e-05,maker
ETHUSD,2026-02-06 01:50:00+00:00,92950,92951,93015,-1,1924.01,1896.96,0.014059178486598323,0.0004,0.0,0.013659178486598323,maker
ETHUSD,2026-02-06 10:10:00+00:00,93050,93051,93115,-1,1912.68,1977.73,-0.03400987096639274,0.0004,0.0,-0.03440987096639274,maker
ETHUSD,2026-02-07 01:20:00+00:00,93232,93233,93297,1,2041.29,2076.12,0.01706273973810668,0.0004,0.0,0.01666273973810668,maker
ETHUSD,2026-02-07 23:20:00+00:00,93496,93497,93561,1,2077.2,2076.96,-0.00011554015020209807,0.0004,0.0,-0.000515540150202098,maker
ETHUSD,2026-02-08 07:30:00+00:00,93594,93595,93659,1,2078.5,2126.54,0.023112821746451795,0.0004,0.0,0.022712821746451794,maker
ETHUSD,2026-02-08 15:35:00+00:00,93691,93692,93756,1,2110.33,2103.36,-0.003302800983732257,0.0004,0.0,-0.003702800983732257,maker
ETHUSD,2026-02-08 22:00:00+00:00,93768,93769,93833,1,2097.33,2081.48,-0.007557227522612009,0.0004,0.0,-0.007957227522612008,maker
ETHUSD,2026-02-09 15:55:00+00:00,93983,93984,94048,-1,2060.82,2112.21,-0.02493667569220004,0.0004,0.0,-0.02533667569220004,maker
ETHUSD,2026-02-09 21:40:00+00:00,94052,94053,94117,1,2097.99,2103.81,0.0027740837658902784,0.0004,0.0,0.002374083765890278,maker
ETHUSD,2026-02-10 14:25:00+00:00,94253,94254,94318,-1,2025.91,2021.03,0.002408794072787046,0.0004,0.0,0.002008794072787046,maker
ETHUSD,2026-02-11 12:10:00+00:00,94514,94515,94579,-1,1957.69,1935.42,0.011375651916289087,0.0004,0.0,0.010975651916289087,maker
ETHUSD,2026-02-11 21:40:00+00:00,94628,94629,94693,-1,1972.03,1962.1,0.005035420353645792,0.0004,0.0,0.004635420353645792,maker
ETHUSD,2026-02-12 10:10:00+00:00,94778,94779,94843,-1,1980.25,1964.1,0.00815553591718221,0.0004,0.0,0.00775553591718221,maker
ETHUSD,2026-02-13 01:50:00+00:00,94966,94967,95031,-1,1941.34,1945.31,-0.0020449792411427747,0.0004,0.0,-0.002444979241142775,maker
ETHUSD,2026-02-13 09:35:00+00:00,95059,95060,95124,-1,1960.44,1989.72,-0.014935422660219189,0.0004,0.0,-0.015335422660219188,maker
ETHUSD,2026-02-14 13:35:00+00:00,95395,95396,95460,1,2071.33,2084.89,0.006546518420531777,0.0004,0.0,0.006146518420531777,maker
ETHUSD,2026-02-15 04:50:00+00:00,95578,95579,95643,-1,2074.03,2059.0,0.007246761136531443,0.0004,0.0,0.006846761136531443,maker
ETHUSD,2026-02-16 05:00:00+00:00,95868,95869,95933,-1,1966.76,1980.44,-0.006955602107018732,0.0004,0.0,-0.0073556021070187326,maker
ETHUSD,2026-02-16 17:45:00+00:00,96021,96022,96086,-1,1979.89,1992.92,-0.006581173701569298,0.0004,0.0,-0.0069811737015692986,maker
ETHUSD,2026-02-17 00:00:00+00:00,96096,96097,96161,-1,1996.13,1973.05,0.011562373192126829,0.0004,0.0,0.01116237319212683,maker
ETHUSD,2026-02-17 14:10:00+00:00,96266,96267,96331,-1,1993.36,2002.61,-0.004640406148412657,0.0004,0.0,-0.005040406148412657,maker
ETHUSD,2026-02-19 01:15:00+00:00,96687,96688,96752,-1,1962.12,1981.81,-0.01003506411432542,0.0004,0.0,-0.01043506411432542,maker
ETHUSD,2026-02-19 07:05:00+00:00,96757,96758,96822,-1,1979.86,1952.0,0.014071702039538114,0.0004,0.0,0.013671702039538115,maker
ETHUSD,2026-02-19 18:50:00+00:00,96898,96899,96963,-1,1939.83,1957.5,-0.009109045638019841,0.0004,0.0,-0.00950904563801984,maker
ETHUSD,2026-02-20 00:50:00+00:00,96970,96971,97035,-1,1960.5,1960.8,-0.00015302218821733327,0.0004,0.0,-0.0005530221882173332,maker
ETHUSD,2026-02-20 07:00:00+00:00,97044,97045,97109,-1,1957.43,1946.27,0.005701353305099022,0.0004,0.0,0.0053013533050990215,maker
ETHUSD,2026-02-20 16:25:00+00:00,97157,97158,97222,-1,1956.58,1973.38,-0.008586410982428516,0.0004,0.0,-0.008986410982428516,maker
ETHUSD,2026-02-20 22:00:00+00:00,97224,97225,97289,-1,1972.2,1964.7,0.0038028597505324058,0.0004,0.0,0.0034028597505324056,maker
ETHUSD,2026-02-21 14:00:00+00:00,97416,97417,97481,-1,1978.78,1991.37,-0.006362506190683126,0.0004,0.0,-0.006762506190683126,maker
ETHUSD,2026-02-21 21:40:00+00:00,97508,97509,97573,1,1978.46,1971.59,-0.003472397723481957,0.0004,0.0,-0.003872397723481957,maker
ETHUSD,2026-02-22 23:05:00+00:00,97813,97814,97878,-1,1955.84,1860.05,0.04897639888743455,0.0004,0.0,0.04857639888743455,maker
ETHUSD,2026-02-23 07:50:00+00:00,97918,97919,97983,-1,1884.63,1919.75,-0.01863495752481903,0.0004,0.0,-0.01903495752481903,maker
ETHUSD,2026-02-23 15:15:00+00:00,98007,98008,98072,1,1907.03,1854.78,-0.027398625087177497,0.0004,0.0,-0.0277986250871775,maker
ETHUSD,2026-02-24 14:55:00+00:00,98291,98292,98359,-1,1834.94,1858.62165,-0.012905953328174125,0.0007,0.0,-0.013605953328174124,fallback_taker
ETHUSD,2026-02-25 05:40:00+00:00,98468,98469,98533,1,1884.62,1912.32,0.01469792318875962,0.0004,0.0,0.014297923188759621,maker
ETHUSD,2026-02-25 23:00:00+00:00,98676,98677,98741,1,2079.84,2062.08,-0.008539118393722678,0.0004,0.0,-0.008939118393722677,maker
ETHUSD,2026-02-26 19:40:00+00:00,98924,98925,98989,-1,2022.61,2009.88,0.006293848047819295,0.0004,0.0,0.005893848047819295,maker
ETHUSD,2026-02-28 00:15:00+00:00,99267,99268,99332,-1,1930.95,1920.01,0.005665605013076447,0.0004,0.0,0.005265605013076447,maker
ETHUSD,2026-02-28 16:30:00+00:00,99462,99463,99527,-1,1900.35,1956.14,-0.02935774988817852,0.0004,0.0,-0.02975774988817852,maker
ETHUSD,2026-03-01 01:20:00+00:00,99568,99569,99633,1,1956.97,1994.88,0.019371783931281472,0.0004,0.0,0.01897178393128147,maker
ETHUSD,2026-03-01 09:05:00+00:00,99661,99662,99726,1,1988.11,2009.6,0.010809261056983877,0.0004,0.0,0.010409261056983877,maker
ETHUSD,2026-03-01 17:05:00+00:00,99757,99758,99822,1,1972.96,1936.22,-0.018621766280107033,0.0004,0.0,-0.019021766280107034,maker
ETHUSD,2026-03-02 19:00:00+00:00,100068,100069,100133,1,2032.7,2024.56,-0.0040045259999016425,0.0004,0.0,-0.004404525999901643,maker
ETHUSD,2026-03-03 00:30:00+00:00,100134,100135,100199,1,2032.99,1992.57,-0.01988204565688967,0.0004,0.0,-0.02028204565688967,maker
ETHUSD,2026-03-03 12:15:00+00:00,100275,100276,100340,-1,1974.15,1969.24,0.0024871463667908156,0.0004,0.0,0.0020871463667908154,maker
ETHUSD,2026-03-03 18:40:00+00:00,100352,100353,100417,-1,1993.26,1981.25,0.006025305278789528,0.0004,0.0,0.005625305278789528,maker
ETHUSD,2026-03-04 06:50:00+00:00,100498,100499,100563,-1,1980.0,2050.86,-0.035787878787878924,0.0004,0.0,-0.03618787878787892,maker
ETHUSD,2026-03-04 12:30:00+00:00,100566,100567,100631,1,2044.3,2150.73,0.05206183045541257,0.0004,0.0,0.051661830455412575,maker
ETHUSD,2026-03-05 13:45:00+00:00,100869,100870,100934,1,2125.11,2079.3,-0.0215565311913265,0.0004,0.0,-0.0219565311913265,maker
ETHUSD,2026-03-05 19:20:00+00:00,100936,100937,101001,-1,2083.2,2071.09,0.005813172043010573,0.0004,0.0,0.0054131720430105725,maker
ETHUSD,2026-03-06 01:55:00+00:00,101015,101016,101083,-1,2088.1,2083.096536,0.0023961802595661164,0.0007,0.0,0.0016961802595661163,fallback_taker
ETHUSD,2026-03-06 07:45:00+00:00,101085,101086,101150,-1,2084.31,2050.0,0.016461083044268854,0.0004,0.0,0.016061083044268853,maker
ETHUSD,2026-03-06 19:25:00+00:00,101225,101226,101293,-1,1985.91,1983.156552,0.0013864918349775213,0.0007,0.0,0.0006864918349775213,fallback_taker
ETHUSD,2026-03-07 08:05:00+00:00,101377,101378,101442,-1,1982.41,1981.83,0.0002925731811280752,0.0004,0.0,-0.00010742681887192484,maker
ETHUSD,2026-03-07 21:15:00+00:00,101535,101536,101600,-1,1967.98,1964.33,0.0018546936452606966,0.0004,0.0,0.0014546936452606966,maker
ETHUSD,2026-03-08 07:20:00+00:00,101656,101657,101721,-1,1955.73,1947.8,0.004054751934060463,0.0004,0.0,0.003654751934060463,maker
ETHUSD,2026-03-09 11:30:00+00:00,101994,101995,102059,1,1989.4,2028.49,0.019649140444355062,0.0004,0.0,0.01924914044435506,maker
ETHUSD,2026-03-09 22:25:00+00:00,102125,102126,102190,1,2022.0,2028.03,0.0029821958456972553,0.0004,0.0,0.002582195845697255,maker
ETHUSD,2026-03-10 12:45:00+00:00,102297,102298,102362,1,2051.85,2065.67,0.006735385140239414,0.0004,0.0,0.006335385140239414,maker
ETHUSD,2026-03-10 18:55:00+00:00,102371,102372,102436,1,2039.88,2038.11,-0.0008676980998882922,0.0004,0.0,-0.0012676980998882921,maker
ETHUSD,2026-03-11 23:00:00+00:00,102708,102709,102773,1,2063.39,2026.97,-0.01765056533180831,0.0004,0.0,-0.01805056533180831,maker
ETHUSD,2026-03-12 19:05:00+00:00,102949,102950,103014,1,2051.02,2132.82,0.03988259500151159,0.0004,0.0,0.03948259500151159,maker
ETHUSD,2026-03-13 03:10:00+00:00,103046,103047,103111,1,2106.7,2102.6,-0.001946171737788882,0.0004,0.0,-0.0023461717377888823,maker
ETHUSD,2026-03-14 04:15:00+00:00,103347,103349,103412,-1,2103.12,2074.5,0.013608353303663057,0.0004,0.0,0.013208353303663057,maker
ETHUSD,2026-03-14 11:40:00+00:00,103436,103437,103501,-1,2075.65,2076.94,-0.0006214920627272136,0.0004,0.0,-0.0010214920627272135,maker
ETHUSD,2026-03-14 19:50:00+00:00,103534,103535,103599,-1,2077.91,2086.89,-0.0043216501195912915,0.0004,0.0,-0.004721650119591292,maker
ETHUSD,2026-03-16 07:55:00+00:00,103967,103968,104032,1,2248.92,2274.23,0.011254290948544243,0.0004,0.0,0.010854290948544244,maker
ETHUSD,2026-03-16 23:15:00+00:00,104151,104152,104216,1,2341.89,2304.17,-0.01610664890323621,0.0004,0.0,-0.01650664890323621,maker
ETHUSD,2026-03-17 20:15:00+00:00,104403,104404,104468,1,2322.0,2330.61,0.003708010335917278,0.0004,0.0,0.0033080103359172776,maker
ETHUSD,2026-03-18 05:45:00+00:00,104517,104518,104582,1,2323.26,2311.58,-0.005027418369016101,0.0004,0.0,-0.005427418369016101,maker
ETHUSD,2026-03-18 17:40:00+00:00,104660,104661,104725,-1,2204.91,2191.98,0.0058641849327182305,0.0004,0.0,0.00546418493271823,maker
ETHUSD,2026-03-18 23:50:00+00:00,104734,104735,104799,-1,2204.28,2192.8,0.005208049794037106,0.0004,0.0,0.004808049794037106,maker
ETHUSD,2026-03-19 10:05:00+00:00,104857,104858,104922,-1,2184.38,2111.93,0.033167306054807444,0.0004,0.0,0.032767306054807446,maker
ETHUSD,2026-03-19 19:30:00+00:00,104970,104971,105035,-1,2141.86,2144.4,-0.001185885165230216,0.0004,0.0,-0.001585885165230216,maker
ETHUSD,2026-03-20 01:20:00+00:00,105040,105041,105105,-1,2149.53,2136.73,0.005954790116909359,0.0004,0.0,0.0055547901169093585,maker
ETHUSD,2026-03-20 21:35:00+00:00,105283,105284,105348,-1,2151.11,2154.57,-0.0016084719052025243,0.0004,0.0,-0.0020084719052025244,maker
ETHUSD,2026-03-21 19:15:00+00:00,105543,105544,105608,-1,2151.79,2087.29,0.029975044033107356,0.0004,0.0,0.029575044033107355,maker
ETHUSD,2026-03-22 03:40:00+00:00,105644,105645,105709,-1,2118.07,2085.37,0.015438583238514436,0.0004,0.0,0.015038583238514437,maker
ETHUSD,2026-03-22 13:15:00+00:00,105759,105760,105824,-1,2087.0,2064.61,0.010728318160038275,0.0004,0.0,0.010328318160038276,maker
ETHUSD,2026-03-23 02:40:00+00:00,105920,105921,105985,-1,2059.81,2048.3,0.0055878940290607915,0.0004,0.0,0.005187894029060791,maker
ETHUSD,2026-03-23 16:00:00+00:00,106080,106081,106145,1,2134.0,2156.94,0.010749765698219393,0.0004,0.0,0.010349765698219394,maker
ETHUSD,2026-03-23 22:15:00+00:00,106155,106156,106220,1,2151.3,2136.18,-0.007028308464649413,0.0004,0.0,-0.007428308464649413,maker
ETHUSD,2026-03-25 12:35:00+00:00,106615,106616,106680,1,2174.13,2163.59,-0.004847916177965428,0.0004,0.0,-0.005247916177965428,maker
ETHUSD,2026-03-25 21:55:00+00:00,106727,106728,106792,1,2163.35,2150.6,-0.005893637183072564,0.0004,0.0,-0.006293637183072564,maker
ETHUSD,2026-03-26 13:55:00+00:00,106919,106920,106984,-1,2080.17,2043.81,0.01747934063081391,0.0004,0.0,0.01707934063081391,maker
ETHUSD,2026-03-26 20:30:00+00:00,106998,106999,107063,-1,2067.7,2069.98,-0.0011026744692170798,0.0004,0.0,-0.0015026744692170798,maker
ETHUSD,2026-03-27 02:10:00+00:00,107066,107067,107131,-1,2071.72,2066.0,0.0027609908674915973,0.0004,0.0,0.002360990867491597,maker
ETHUSD,2026-03-27 15:40:00+00:00,107228,107229,107293,-1,1998.33,1988.57,0.004884078205301456,0.0004,0.0,0.004484078205301456,maker
ETHUSD,2026-03-28 06:30:00+00:00,107406,107407,107471,-1,2001.33,1997.21,0.0020586310103780647,0.0004,0.0,0.0016586310103780648,maker
ETHUSD,2026-03-29 16:30:00+00:00,107814,107815,107879,-1,1998.64,2004.0,-0.002681823640075187,0.0004,0.0,-0.0030818236400751873,maker
ETHUSD,2026-03-30 14:00:00+00:00,108072,108073,108137,1,2062.0,2011.92,-0.024287099903006704,0.0004,0.0,-0.024687099903006705,maker
ETHUSD,2026-03-30 21:25:00+00:00,108161,108162,108226,-1,2040.36,2071.3,-0.015163990668313643,0.0004,0.0,-0.015563990668313642,maker
ETHUSD,2026-03-31 12:10:00+00:00,108338,108339,108403,-1,2035.91,2110.33,-0.0365536786989602,0.0004,0.0,-0.0369536786989602,maker
ETHUSD,2026-04-01 02:00:00+00:00,108504,108505,108569,1,2093.59,2139.1,0.021737780558753084,0.0004,0.0,0.021337780558753083,maker
ETHUSD,2026-04-01 10:20:00+00:00,108604,108605,108669,1,2131.83,2131.22,-0.00028613913867436835,0.0004,0.0,-0.0006861391386743683,maker
ETHUSD,2026-04-01 19:00:00+00:00,108708,108709,108773,1,2130.61,2138.91,0.0038955979742889557,0.0004,0.0,0.0034955979742889555,maker
ETHUSD,2026-04-02 19:15:00+00:00,108999,109000,109064,-1,2059.14,2055.72,0.0016608875549987134,0.0004,0.0,0.0012608875549987135,maker
ETHUSD,2026-04-03 00:55:00+00:00,109067,109068,109132,1,2052.86,2060.11,0.003531658271874294,0.0004,0.0,0.0031316582718742937,maker
ETHUSD,2026-04-03 09:30:00+00:00,109170,109171,109235,1,2059.69,2055.24,-0.002160519301448449,0.0004,0.0,-0.0025605193014484494,maker
ETHUSD,2026-04-03 23:30:00+00:00,109338,109339,109403,1,2050.21,2050.49,0.0001365713756149578,0.0004,0.0,-0.0002634286243850422,maker
ETHUSD,2026-04-05 00:25:00+00:00,109637,109638,109702,1,2064.13,2052.46,-0.005653713671135097,0.0004,0.0,-0.006053713671135097,maker
ETHUSD,2026-04-05 09:35:00+00:00,109747,109748,109812,-1,2043.7,2038.05,0.0027645936292020057,0.0004,0.0,0.0023645936292020055,maker
ETHUSD,2026-04-05 22:30:00+00:00,109902,109903,109967,1,2054.54,2126.43,0.0349908008605333,0.0004,0.0,0.0345908008605333,maker
ETHUSD,2026-04-06 06:40:00+00:00,110000,110001,110065,1,2122.1,2151.9,0.014042693558267816,0.0004,0.0,0.013642693558267817,maker
ETHUSD,2026-04-06 13:25:00+00:00,110081,110082,110146,1,2143.83,2144.07,0.00011194917507473257,0.0004,0.0,-0.00028805082492526745,maker
ETHUSD,2026-04-06 22:25:00+00:00,110189,110190,110254,1,2135.01,2107.1,-0.013072538301928449,0.0004,0.0,-0.013472538301928448,maker
ETHUSD,2026-04-07 08:55:00+00:00,110315,110316,110383,-1,2114.87,2075.054928,0.01882625031325802,0.0007,0.0,0.01812625031325802,fallback_taker
ETHUSD,2026-04-07 16:55:00+00:00,110411,110412,110476,-1,2083.5,2155.84,-0.03472042236621076,0.0004,0.0,-0.035120422366210755,maker
ETHUSD,2026-04-08 10:15:00+00:00,110619,110620,110684,1,2249.63,2214.23,-0.015735921018123045,0.0004,0.0,-0.016135921018123046,maker
ETHUSD,2026-04-08 17:50:00+00:00,110710,110711,110775,-1,2230.94,2193.81,0.016643208692300182,0.0004,0.0,0.01624320869230018,maker
ETHUSD,2026-04-09 09:30:00+00:00,110898,110899,110963,-1,2184.84,2179.04,0.0026546566338955246,0.0004,0.0,0.0022546566338955245,maker
ETHUSD,2026-04-09 23:15:00+00:00,111063,111065,111129,1,2192.4,2191.34,-0.00048348841452283686,0.0004,0.0,-0.0008834884145228368,maker
ETHUSD,2026-04-11 00:50:00+00:00,111370,111371,111435,1,2240.05,2232.99,-0.0031517153634965656,0.0004,0.0,-0.0035517153634965657,maker
ETHUSD,2026-04-11 23:55:00+00:00,111647,111648,111712,1,2285.67,2212.03,-0.032218124226156775,0.0004,0.0,-0.03261812422615677,maker
ETHUSD,2026-04-12 17:40:00+00:00,111860,111861,111925,-1,2196.18,2193.21,0.0013523481681828597,0.0004,0.0,0.0009523481681828598,maker
ETHUSD,2026-04-13 01:45:00+00:00,111957,111958,112022,-1,2203.43,2194.13,0.004220692284302108,0.0004,0.0,0.0038206922843021076,maker
ETHUSD,2026-04-14 10:50:00+00:00,112354,112355,112419,1,2376.08,2362.34,-0.005782633581360774,0.0004,0.0,-0.0061826335813607745,maker
ETHUSD,2026-04-15 00:15:00+00:00,112515,112516,112580,-1,2332.5,2316.51,0.006855305466237804,0.0004,0.0,0.006455305466237804,maker
ETHUSD,2026-04-15 09:00:00+00:00,112620,112621,112685,-1,2325.84,2343.33,-0.00751986379114622,0.0004,0.0,-0.007919863791146219,maker
ETHUSD,2026-04-15 21:20:00+00:00,112768,112769,112833,1,2353.3,2367.1,0.005864105723877078,0.0004,0.0,0.0054641057238770776,maker
ETHUSD,2026-04-16 05:20:00+00:00,112864,112865,112929,1,2356.18,2333.21,-0.00974883073449384,0.0004,0.0,-0.01014883073449384,maker
ETHUSD,2026-04-16 19:00:00+00:00,113028,113029,113093,-1,2342.4,2342.67,-0.0001152663934427256,0.0004,0.0,-0.0005152663934427256,maker
ETHUSD,2026-04-17 06:55:00+00:00,113171,113172,113236,-1,2331.66,2358.4,-0.011468224355180467,0.0004,0.0,-0.011868224355180467,maker
ETHUSD,2026-04-17 17:35:00+00:00,113299,113300,113364,1,2435.73,2434.16,-0.0006445706215385538,0.0004,0.0,-0.0010445706215385538,maker
ETHUSD,2026-04-17 23:45:00+00:00,113373,113374,113438,1,2423.03,2413.31,-0.0040115062545657,0.0004,0.0,-0.0044115062545657,maker
ETHUSD,2026-04-18 15:00:00+00:00,113556,113557,113621,-1,2365.4,2350.61,0.006252642259237273,0.0004,0.0,0.005852642259237273,maker
ETHUSD,2026-04-19 11:15:00+00:00,113799,113800,113864,-1,2325.3,2323.5,0.0007740936653335417,0.0004,0.0,0.0003740936653335417,maker
ETHUSD,2026-04-20 01:15:00+00:00,113967,113968,114032,-1,2281.84,2279.78,0.0009027802124600415,0.0004,0.0,0.0005027802124600415,maker
ETHUSD,2026-04-20 06:50:00+00:00,114034,114035,114099,-1,2283.46,2313.3,-0.013067888204741918,0.0004,0.0,-0.013467888204741917,maker
ETHUSD,2026-04-20 21:40:00+00:00,114212,114213,114277,1,2318.46,2306.6,-0.005115464575623507,0.0004,0.0,-0.0055154645756235075,maker
ETHUSD,2026-04-21 12:25:00+00:00,114389,114390,114454,1,2318.31,2313.1,-0.0022473267164443422,0.0004,0.0,-0.0026473267164443424,maker
ETHUSD,2026-04-23 02:50:00+00:00,114562,114563,114627,1,2352.85,2343.9,-0.003803897401024159,0.0004,0.0,-0.004203897401024159,maker
ETHUSD,2026-04-23 08:50:00+00:00,114634,114635,114699,1,2339.55,2320.48,-0.008151140176529736,0.0004,0.0,-0.008551140176529736,maker
ETHUSD,2026-04-23 20:50:00+00:00,114778,114779,114843,-1,2324.48,2329.9,-0.00233170429515428,0.0004,0.0,-0.00273170429515428,maker
ETHUSD,2026-04-24 07:40:00+00:00,114908,114909,114973,-1,2313.55,2329.38,-0.006842298631972499,0.0004,0.0,-0.007242298631972499,maker
ETHUSD,2026-04-25 08:25:00+00:00,115205,115206,115270,-1,2319.26,2317.5,0.0007588627407019155,0.0004,0.0,0.0003588627407019155,maker
ETHUSD,2026-04-25 14:50:00+00:00,115282,115283,115347,-1,2317.14,2310.76,0.002753394270523013,0.0004,0.0,0.002353394270523013,maker
ETHUSD,2026-04-25 20:45:00+00:00,115353,115354,115418,-1,2311.78,2316.87,-0.002201766604088551,0.0004,0.0,-0.002601766604088551,maker
ETHUSD,2026-04-26 13:00:00+00:00,115548,115549,115613,1,2329.67,2364.29,0.014860473801010299,0.0004,0.0,0.0144604738010103,maker
ETHUSD,2026-04-26 21:50:00+00:00,115654,115655,115719,1,2359.81,2396.43,0.015518198499031577,0.0004,0.0,0.015118198499031578,maker
ETHUSD,2026-04-27 04:55:00+00:00,115739,115740,115804,1,2383.15,2321.84,-0.02572645448251265,0.0004,0.0,-0.02612645448251265,maker
ETHUSD,2026-04-28 08:35:00+00:00,116071,116072,116136,-1,2288.7,2276.81,0.005195088915104562,0.0004,0.0,0.004795088915104562,maker
ETHUSD,2026-04-28 15:25:00+00:00,116153,116154,116218,-1,2273.37,2298.13,-0.010891319934722477,0.0004,0.0,-0.011291319934722476,maker
ETHUSD,2026-04-29 02:20:00+00:00,116284,116285,116349,-1,2290.49,2326.69,-0.015804478517697174,0.0004,0.0,-0.016204478517697175,maker
ETHUSD,2026-04-29 11:35:00+00:00,116395,116396,116460,1,2332.19,2266.29,-0.028256702927291544,0.0004,0.0,-0.028656702927291545,maker
ETHUSD,2026-04-29 21:50:00+00:00,116518,116519,116583,-1,2253.96,2245.79,0.0036247315835241656,0.0004,0.0,0.0032247315835241654,maker
ETHUSD,2026-04-30 11:20:00+00:00,116680,116681,116745,-1,2266.0,2259.28,0.0029655781112091217,0.0004,0.0,0.0025655781112091216,maker
ETHUSD,2026-05-01 01:20:00+00:00,116848,116849,116913,-1,2263.2,2280.0,-0.007423117709438154,0.0004,0.0,-0.007823117709438153,maker
ETHUSD,2026-05-01 16:50:00+00:00,117034,117035,117099,1,2304.1,2295.93,-0.0035458530445727776,0.0004,0.0,-0.003945853044572778,maker
ETHUSD,2026-05-01 23:30:00+00:00,117114,117115,117179,1,2289.7,2300.67,0.004791020657728184,0.0004,0.0,0.004391020657728184,maker
ETHUSD,2026-05-02 18:05:00+00:00,117337,117338,117402,1,2304.7,2322.59,0.007762398576821372,0.0004,0.0,0.007362398576821372,maker
ETHUSD,2026-05-02 23:55:00+00:00,117407,117408,117472,1,2316.88,2302.3,-0.006292945685577145,0.0004,0.0,-0.006692945685577145,maker
ETHUSD,2026-05-03 21:05:00+00:00,117661,117662,117726,1,2330.36,2363.4,0.014178066908117293,0.0004,0.0,0.013778066908117293,maker
ETHUSD,2026-05-04 06:30:00+00:00,117774,117775,117839,1,2362.75,2337.72,-0.01059358798010801,0.0004,0.0,-0.01099358798010801,maker
ETHUSD,2026-05-04 20:25:00+00:00,117941,117942,118006,1,2352.1,2363.1,0.004676671910207819,0.0004,0.0,0.004276671910207819,maker
ETHUSD,2026-05-05 09:50:00+00:00,118102,118103,118167,1,2369.28,2383.99,0.006208637223122482,0.0004,0.0,0.005808637223122482,maker
ETHUSD,2026-05-05 16:45:00+00:00,118185,118186,118253,1,2366.24,2375.4148219999997,0.00387738437352092,0.0007,0.0,0.00317738437352092,fallback_taker
ETHUSD,2026-05-07 07:15:00+00:00,118647,118648,118712,-1,2340.48,2333.51,0.0029780216024062334,0.0004,0.0,0.002578021602406233,maker
ETHUSD,2026-05-08 05:10:00+00:00,118910,118911,118975,-1,2280.68,2286.16,-0.0024027921497098426,0.0004,0.0,-0.0028027921497098427,maker
ETHUSD,2026-05-08 16:25:00+00:00,119045,119046,119110,-1,2289.58,2313.24,-0.010333773006402813,0.0004,0.0,-0.010733773006402813,maker
ETHUSD,2026-05-08 23:15:00+00:00,119127,119128,119192,1,2308.92,2314.75,0.002524990038632824,0.0004,0.0,0.0021249900386328237,maker
ETHUSD,2026-05-09 09:30:00+00:00,119250,119251,119315,1,2314.32,2306.4,-0.003422171523384865,0.0004,0.0,-0.003822171523384865,maker
ETHUSD,2026-05-10 00:10:00+00:00,119426,119427,119491,1,2326.1,2329.17,0.0013198056833327865,0.0004,0.0,0.0009198056833327865,maker
ETHUSD,2026-05-10 10:20:00+00:00,119548,119549,119613,1,2326.19,2341.56,0.006607370851048344,0.0004,0.0,0.006207370851048344,maker
ETHUSD,2026-05-11 18:15:00+00:00,119931,119932,119996,-1,2337.3,2340.07,-0.0011851281393060464,0.0004,0.0,-0.0015851281393060464,maker
SOLUSD,2025-03-23 16:10:00+00:00,1251,1252,1316,1,132.53,130.7,-0.013808194371085936,0.0004,0.0,-0.014208194371085935,maker
SOLUSD,2025-03-24 15:35:00+00:00,1532,1533,1597,1,142.97,141.86,-0.007763866545429043,0.0004,0.0,-0.008163866545429043,maker
SOLUSD,2025-03-26 03:50:00+00:00,1679,1680,1744,1,141.72,144.62,0.020462884561106343,0.0004,0.0,0.02006288456110634,maker
SOLUSD,2025-03-26 13:40:00+00:00,1797,1798,1862,1,144.11,136.81,-0.050655749080563583,0.0004,0.0,-0.05105574908056358,maker
SOLUSD,2025-03-27 01:20:00+00:00,1937,1938,2002,-1,137.89,138.73,-0.006091812314163558,0.0004,0.0,-0.0064918123141635585,maker
SOLUSD,2025-03-27 19:35:00+00:00,2156,2157,2221,-1,139.49,137.84,0.011828804932253245,0.0004,0.0,0.011428804932253246,maker
SOLUSD,2025-03-30 02:10:00+00:00,2811,2812,2876,-1,125.61,125.6,7.961149590007821e-05,0.0004,0.0,-0.0003203885040999218,maker
SOLUSD,2025-03-31 06:10:00+00:00,3147,3148,3212,-1,125.65,123.52,0.01695185037803426,0.0004,0.0,0.01655185037803426,maker
SOLUSD,2025-03-31 13:05:00+00:00,3230,3231,3295,-1,125.89,125.24,0.005163237747239702,0.0004,0.0,0.0047632377472397016,maker
SOLUSD,2025-04-01 10:45:00+00:00,3490,3491,3555,1,128.35,129.2,0.0066225165562914245,0.0004,0.0,0.006222516556291424,maker
SOLUSD,2025-04-01 18:20:00+00:00,3581,3582,3649,1,125.76,126.67466,0.007273059796437664,0.0007,0.0,0.006573059796437664,fallback_taker
SOLUSD,2025-04-02 08:00:00+00:00,3745,3746,3810,-1,124.42,126.01,-0.012779295933129653,0.0004,0.0,-0.013179295933129652,maker
SOLUSD,2025-04-02 18:30:00+00:00,3871,3872,3936,1,129.51,118.06,-0.08841016137749969,0.0004,0.0,-0.08881016137749968,maker
SOLUSD,2025-04-03 03:30:00+00:00,3979,3980,4044,-1,120.4,118.71,0.014036544850498434,0.0004,0.0,0.013636544850498434,maker
SOLUSD,2025-04-03 16:20:00+00:00,4133,4134,4198,-1,114.64,116.46,-0.0158757850662945,0.0004,0.0,-0.016275785066294502,maker
SOLUSD,2025-04-04 06:35:00+00:00,4304,4305,4369,-1,116.37,114.5,0.016069433702844416,0.0004,0.0,0.015669433702844415,maker
SOLUSD,2025-04-04 14:30:00+00:00,4399,4400,4464,-1,116.38,122.35,-0.05129747379274785,0.0004,0.0,-0.05169747379274785,maker
SOLUSD,2025-04-05 00:15:00+00:00,4516,4517,4581,1,122.63,120.9,-0.014107477778683708,0.0004,0.0,-0.014507477778683707,maker
SOLUSD,2025-04-05 18:25:00+00:00,4734,4735,4799,-1,118.27,119.48,-0.010230827766974038,0.0004,0.0,-0.010630827766974037,maker
SOLUSD,2025-04-06 06:30:00+00:00,4879,4880,4944,-1,120.17,118.63,0.012815178497129098,0.0004,0.0,0.012415178497129099,maker
SOLUSD,2025-04-07 02:05:00+00:00,5114,5115,5179,-1,106.95,97.39,0.08938756428237493,0.0004,0.0,0.08898756428237493,maker
SOLUSD,2025-04-07 08:35:00+00:00,5192,5193,5257,-1,100.36,106.52,-0.061379035472299615,0.0004,0.0,-0.06177903547229961,maker
SOLUSD,2025-04-08 00:40:00+00:00,5385,5386,5450,1,107.44,109.8,0.02196574832464626,0.0004,0.0,0.02156574832464626,maker
SOLUSD,2025-04-08 06:40:00+00:00,5457,5458,5522,1,109.26,111.09,0.016749038989566145,0.0004,0.0,0.016349038989566144,maker
SOLUSD,2025-04-08 21:25:00+00:00,5634,5635,5699,-1,105.53,103.94,0.015066805647683146,0.0004,0.0,0.014666805647683146,maker
SOLUSD,2025-04-09 04:50:00+00:00,5723,5724,5788,-1,105.14,106.72,-0.015027582271257334,0.0004,0.0,-0.015427582271257333,maker
SOLUSD,2025-04-10 00:50:00+00:00,5963,5964,6028,1,117.18,116.5,-0.0058030380611026056,0.0004,0.0,-0.006203038061102606,maker
SOLUSD,2025-04-10 19:05:00+00:00,6182,6183,6247,-1,111.28,112.9,-0.014557872034507646,0.0004,0.0,-0.014957872034507646,maker
SOLUSD,2025-04-11 22:20:00+00:00,6509,6510,6574,1,121.07,120.26,-0.006690344428842754,0.0004,0.0,-0.007090344428842754,maker
SOLUSD,2025-04-12 17:55:00+00:00,6744,6745,6809,1,129.01,132.42,0.026432059530268948,0.0004,0.0,0.026032059530268947,maker
SOLUSD,2025-04-13 04:00:00+00:00,6865,6866,6930,1,131.84,129.84,-0.015169902912621325,0.0004,0.0,-0.015569902912621324,maker
SOLUSD,2025-04-13 13:30:00+00:00,6979,6980,7047,1,129.15,130.233948,0.008392938443670062,0.0007,0.0,0.0076929384436700615,fallback_taker
SOLUSD,2025-04-14 00:00:00+00:00,7105,7106,7170,-1,128.26,133.84,-0.04350537969748958,0.0004,0.0,-0.043905379697489574,maker
SOLUSD,2025-04-14 06:30:00+00:00,7183,7184,7248,1,132.2,133.37,0.0088502269288957,0.0004,0.0,0.0084502269288957,maker
SOLUSD,2025-04-14 14:20:00+00:00,7277,7278,7342,1,132.21,131.51,-0.005294607064518675,0.0004,0.0,-0.005694607064518675,maker
SOLUSD,2025-04-15 04:05:00+00:00,7442,7443,7507,-1,130.36,132.81,-0.018794108622276706,0.0004,0.0,-0.019194108622276707,maker
SOLUSD,2025-04-16 11:05:00+00:00,7814,7815,7879,-1,125.81,128.28,-0.019632779588268034,0.0004,0.0,-0.020032779588268036,maker
SOLUSD,2025-04-16 23:40:00+00:00,7965,7966,8030,1,130.96,131.28,0.0024434941967013124,0.0004,0.0,0.0020434941967013122,maker
SOLUSD,2025-04-17 09:30:00+00:00,8083,8084,8148,1,133.06,131.53,-0.01149857207274918,0.0004,0.0,-0.01189857207274918,maker
SOLUSD,2025-04-18 04:50:00+00:00,8315,8316,8380,1,133.99,134.55,0.00417941637435626,0.0004,0.0,0.0037794163743562594,maker
SOLUSD,2025-04-18 11:35:00+00:00,8396,8397,8461,1,133.8,133.42,-0.002840059790732652,0.0004,0.0,-0.003240059790732652,maker
SOLUSD,2025-04-19 15:55:00+00:00,8736,8737,8801,1,138.96,139.01,0.00035981577432342426,0.0004,0.0,-4.0184225676575755e-05,maker
SOLUSD,2025-04-20 20:20:00+00:00,9077,9078,9142,-1,138.17,141.93,-0.027212853730911313,0.0004,0.0,-0.027612853730911314,maker
SOLUSD,2025-04-21 02:45:00+00:00,9154,9155,9219,1,140.12,140.37,0.0017841849842992197,0.0004,0.0,0.0013841849842992197,maker
SOLUSD,2025-04-21 11:30:00+00:00,9259,9260,9324,1,139.01,136.01,-0.021581181209984868,0.0004,0.0,-0.02198118120998487,maker
SOLUSD,2025-04-22 19:45:00+00:00,9646,9647,9711,1,144.31,148.72,0.030559212805765235,0.0004,0.0,0.030159212805765234,maker
SOLUSD,2025-04-23 14:00:00+00:00,9865,9866,9930,1,151.49,149.37,-0.0139943230576276,0.0004,0.0,-0.0143943230576276,maker
SOLUSD,2025-04-24 12:45:00+00:00,10138,10139,10203,-1,148.19,151.33,-0.021189014103515813,0.0004,0.0,-0.021589014103515814,maker
SOLUSD,2025-04-25 05:05:00+00:00,10334,10335,10399,1,151.43,154.0,0.016971538004358466,0.0004,0.0,0.016571538004358465,maker
SOLUSD,2025-04-25 11:05:00+00:00,10406,10407,10472,1,153.71,152.28,-0.009303233361524943,0.0004,0.0,-0.009703233361524942,maker
SOLUSD,2025-04-26 04:05:00+00:00,10610,10611,10675,1,151.57,149.89,-0.011083987596490097,0.0004,0.0,-0.011483987596490096,maker
SOLUSD,2025-04-26 15:50:00+00:00,10751,10752,10816,-1,149.41,148.96,0.0030118465966132435,0.0004,0.0,0.0026118465966132433,maker
SOLUSD,2025-04-26 22:20:00+00:00,10829,10830,10894,-1,149.33,147.2,0.014263711243554744,0.0004,0.0,0.013863711243554745,maker
SOLUSD,2025-04-27 07:05:00+00:00,10934,10935,10999,-1,146.99,147.51,-0.0035376556228312594,0.0004,0.0,-0.00393765562283126,maker
SOLUSD,2025-04-28 13:15:00+00:00,11296,11297,11361,1,150.62,146.66,-0.026291329172752675,0.0004,0.0,-0.026691329172752676,maker
SOLUSD,2025-04-29 00:45:00+00:00,11434,11435,11499,-1,148.03,147.15,0.005944740930892367,0.0004,0.0,0.005544740930892367,maker
SOLUSD,2025-04-29 16:35:00+00:00,11624,11625,11689,-1,148.96,147.31,0.011076799140708915,0.0004,0.0,0.010676799140708916,maker
SOLUSD,2025-04-30 03:00:00+00:00,11749,11750,11814,-1,146.77,146.64,0.0008857395925599976,0.0004,0.0,0.00048573959255999755,maker
SOLUSD,2025-04-30 10:55:00+00:00,11844,11845,11909,-1,147.59,141.7,0.03990785283555809,0.0004,0.0,0.03950785283555809,maker
SOLUSD,2025-04-30 18:50:00+00:00,11939,11940,12004,-1,145.51,148.21,-0.018555425743935317,0.0004,0.0,-0.018955425743935318,maker
SOLUSD,2025-05-01 04:35:00+00:00,12056,12057,12121,1,148.31,151.19,0.019418784977412118,0.0004,0.0,0.019018784977412117,maker
SOLUSD,2025-05-01 14:05:00+00:00,12170,12171,12235,1,151.46,150.91,-0.0036313218011356785,0.0004,0.0,-0.004031321801135679,maker
SOLUSD,2025-05-02 09:15:00+00:00,12400,12401,12465,-1,149.69,151.8,-0.01409579798249716,0.0004,0.0,-0.01449579798249716,maker
SOLUSD,2025-05-03 00:20:00+00:00,12581,12582,12646,-1,148.2,148.19,6.747638326576322e-05,0.0004,0.0,-0.0003325236167342368,maker
SOLUSD,2025-05-03 13:10:00+00:00,12735,12736,12800,-1,148.18,146.76,0.009582939667971524,0.0004,0.0,0.009182939667971525,maker
SOLUSD,2025-05-03 20:35:00+00:00,12824,12825,12889,-1,147.36,147.12,0.0016286644951141183,0.0004,0.0,0.0012286644951141183,maker
SOLUSD,2025-05-04 14:40:00+00:00,13041,13042,13106,-1,146.38,146.46,-0.0005465227490095703,0.0004,0.0,-0.0009465227490095703,maker
SOLUSD,2025-05-05 05:10:00+00:00,13215,13216,13280,-1,146.17,145.0,0.008004378463432937,0.0004,0.0,0.007604378463432937,maker
SOLUSD,2025-05-05 17:40:00+00:00,13365,13366,13430,-1,145.71,147.36,-0.011323862466543266,0.0004,0.0,-0.011723862466543266,maker
SOLUSD,2025-05-06 07:10:00+00:00,13527,13528,13592,-1,145.63,142.62,0.020668818238000375,0.0004,0.0,0.020268818238000374,maker
SOLUSD,2025-05-06 18:30:00+00:00,13663,13664,13728,-1,144.32,146.85,-0.017530487804878092,0.0004,0.0,-0.017930487804878093,maker
SOLUSD,2025-05-07 12:45:00+00:00,13882,13883,13947,1,147.0,144.91,-0.014217687074829954,0.0004,0.0,-0.014617687074829954,maker
SOLUSD,2025-05-08 06:05:00+00:00,14090,14091,14155,1,150.31,153.9,0.02388397312221402,0.0004,0.0,0.02348397312221402,maker
SOLUSD,2025-05-09 01:35:00+00:00,14324,14325,14389,1,162.47,164.24,0.010894318951190973,0.0004,0.0,0.010494318951190974,maker
SOLUSD,2025-05-09 14:40:00+00:00,14481,14482,14546,1,169.06,171.98,0.01727197444694184,0.0004,0.0,0.01687197444694184,maker
SOLUSD,2025-05-10 18:40:00+00:00,14817,14818,14882,1,171.54,178.55,0.04086510434883994,0.0004,0.0,0.040465104348839945,maker
SOLUSD,2025-05-12 03:40:00+00:00,15213,15214,15278,1,174.04,176.24,0.012640772236267583,0.0004,0.0,0.012240772236267584,maker
SOLUSD,2025-05-12 10:25:00+00:00,15294,15295,15359,1,175.27,174.53,-0.004222057397158752,0.0004,0.0,-0.004622057397158752,maker
SOLUSD,2025-05-12 21:05:00+00:00,15422,15423,15487,-1,172.16,170.49,0.009700278810408802,0.0004,0.0,0.009300278810408803,maker
SOLUSD,2025-05-13 06:45:00+00:00,15538,15540,15603,-1,171.3,173.35,-0.011967308814944344,0.0004,0.0,-0.012367308814944343,maker
SOLUSD,2025-05-14 08:20:00+00:00,15845,15846,15910,1,181.38,178.47,-0.01604366523321199,0.0004,0.0,-0.01644366523321199,maker
SOLUSD,2025-05-14 19:20:00+00:00,15977,15978,16042,-1,177.23,178.15,-0.005190994752581446,0.0004,0.0,-0.005590994752581446,maker
SOLUSD,2025-05-16 00:25:00+00:00,16326,16327,16391,-1,170.42,173.14,-0.015960568008449805,0.0004,0.0,-0.016360568008449806,maker
SOLUSD,2025-05-17 15:20:00+00:00,16793,16794,16858,-1,167.86,166.12,0.01036578100798291,0.0004,0.0,0.009965781007982911,maker
SOLUSD,2025-05-17 21:00:00+00:00,16861,16862,16926,-1,167.34,167.35,-5.9758575355450816e-05,0.0004,0.0,-0.00045975857535545084,maker
SOLUSD,2025-05-20 03:50:00+00:00,17519,17520,17584,1,168.95,167.7,-0.007398638650488287,0.0004,0.0,-0.0077986386504882875,maker
SOLUSD,2025-05-20 17:55:00+00:00,17688,17689,17753,-1,167.96,169.1,-0.006787330316742057,0.0004,0.0,-0.0071873303167420575,maker
SOLUSD,2025-05-21 07:50:00+00:00,17855,17856,17920,1,168.88,168.78,-0.000592136428233081,0.0004,0.0,-0.000992136428233081,maker
SOLUSD,2025-05-22 13:20:00+00:00,18209,18210,18274,1,178.03,179.62,0.008931079031623934,0.0004,0.0,0.008531079031623935,maker
SOLUSD,2025-05-22 21:35:00+00:00,18308,18309,18373,1,177.98,183.69,0.0320822564333072,0.0004,0.0,0.0316822564333072,maker
SOLUSD,2025-05-23 05:40:00+00:00,18405,18406,18473,1,181.69,185.12296800000001,0.01889464472453084,0.0007,0.0,0.01819464472453084,fallback_taker
SOLUSD,2025-05-24 05:00:00+00:00,18685,18686,18750,-1,175.93,175.55,0.002159949980105713,0.0004,0.0,0.0017599499801057132,maker
SOLUSD,2025-05-25 05:15:00+00:00,18976,18977,19041,-1,173.7,171.68,0.011629245826136891,0.0004,0.0,0.011229245826136892,maker
SOLUSD,2025-05-25 18:30:00+00:00,19135,19136,19200,-1,171.68,175.46,-0.022017707362534944,0.0004,0.0,-0.022417707362534945,maker
SOLUSD,2025-05-26 14:05:00+00:00,19370,19371,19435,1,177.05,174.25,-0.015814741598418558,0.0004,0.0,-0.01621474159841856,maker
SOLUSD,2025-05-27 04:15:00+00:00,19540,19541,19605,-1,173.7,175.33,-0.009383995394358191,0.0004,0.0,-0.00978399539435819,maker
SOLUSD,2025-05-28 12:30:00+00:00,19927,19928,19992,-1,174.84,170.88,0.02264927934111194,0.0004,0.0,0.022249279341111938,maker
SOLUSD,2025-05-28 21:45:00+00:00,20038,20039,20103,-1,171.4,174.5,-0.0180863477246207,0.0004,0.0,-0.0184863477246207,maker
SOLUSD,2025-05-29 10:15:00+00:00,20188,20189,20253,1,172.53,169.91,-0.015185764794528489,0.0004,0.0,-0.015585764794528488,maker
SOLUSD,2025-05-30 05:35:00+00:00,20420,20421,20485,-1,165.59,163.79,0.010870221631741117,0.0004,0.0,0.010470221631741118,maker
SOLUSD,2025-05-30 11:25:00+00:00,20490,20491,20555,-1,163.81,157.62,0.037787680849764915,0.0004,0.0,0.03738768084976492,maker
SOLUSD,2025-05-30 19:20:00+00:00,20585,20586,20650,-1,160.66,157.01,0.022718785011826226,0.0004,0.0,0.022318785011826225,maker
SOLUSD,2025-05-31 04:40:00+00:00,20697,20698,20762,-1,155.09,153.8,0.00831775098330001,0.0004,0.0,0.00791775098330001,maker
SOLUSD,2025-06-01 05:20:00+00:00,20993,20994,21058,-1,155.57,151.01,0.02931156392620682,0.0004,0.0,0.028911563926206817,maker
SOLUSD,2025-06-01 14:10:00+00:00,21099,21100,21164,-1,152.78,155.46,-0.017541563031810536,0.0004,0.0,-0.017941563031810537,maker
SOLUSD,2025-06-02 08:05:00+00:00,21314,21315,21379,1,155.74,153.69,-0.01316296391421612,0.0004,0.0,-0.013562963914216119,maker
SOLUSD,2025-06-02 17:30:00+00:00,21427,21428,21492,-1,153.32,156.31,-0.01950169579963479,0.0004,0.0,-0.01990169579963479,maker
SOLUSD,2025-06-03 17:00:00+00:00,21709,21710,21774,1,160.95,155.56,-0.03348866107486792,0.0004,0.0,-0.03388866107486792,maker
SOLUSD,2025-06-05 12:30:00+00:00,22231,22232,22296,-1,153.54,149.41,0.026898528070861016,0.0004,0.0,0.026498528070861015,maker
SOLUSD,2025-06-06 01:05:00+00:00,22382,22383,22447,-1,145.34,147.59,-0.015480941241227564,0.0004,0.0,-0.015880941241227565,maker
SOLUSD,2025-06-06 17:40:00+00:00,22581,22582,22646,1,149.62,148.44,-0.007886646170298106,0.0004,0.0,-0.008286646170298105,maker
SOLUSD,2025-06-07 15:45:00+00:00,22846,22847,22911,1,151.09,151.06,-0.00019855715136674057,0.0004,0.0,-0.0005985571513667405,maker
SOLUSD,2025-06-08 04:15:00+00:00,22996,22997,23061,1,149.88,148.46,-0.009474246063517433,0.0004,0.0,-0.009874246063517432,maker
SOLUSD,2025-06-08 11:40:00+00:00,23085,23086,23150,-1,149.51,152.97,-0.023142264731456086,0.0004,0.0,-0.023542264731456087,maker
SOLUSD,2025-06-08 22:40:00+00:00,23217,23218,23282,1,153.56,151.88,-0.01094034904923158,0.0004,0.0,-0.011340349049231578,maker
SOLUSD,2025-06-09 19:45:00+00:00,23470,23471,23535,1,155.66,160.68,0.03224977515097005,0.0004,0.0,0.03184977515097005,maker
SOLUSD,2025-06-10 02:10:00+00:00,23547,23548,23612,1,159.73,158.53,-0.007512677643523369,0.0004,0.0,-0.007912677643523368,maker
SOLUSD,2025-06-11 01:25:00+00:00,23826,23827,23891,1,163.93,165.69,0.010736289879826666,0.0004,0.0,0.010336289879826667,maker
SOLUSD,2025-06-11 10:25:00+00:00,23934,23935,23999,1,164.85,167.09,0.013588110403397025,0.0004,0.0,0.013188110403397025,maker
SOLUSD,2025-06-12 13:20:00+00:00,24257,24260,24322,-1,158.63,157.5,0.007123494925297846,0.0004,0.0,0.006723494925297846,maker
SOLUSD,2025-06-13 07:35:00+00:00,24476,24477,24541,-1,145.0,145.21,-0.0014482758620690817,0.0004,0.0,-0.0018482758620690816,maker
SOLUSD,2025-06-14 11:25:00+00:00,24810,24811,24875,-1,145.92,143.21,0.018571820175438458,0.0004,0.0,0.018171820175438457,maker
SOLUSD,2025-06-15 07:45:00+00:00,25054,25055,25119,1,145.98,147.57,0.010891903000411096,0.0004,0.0,0.010491903000411097,maker
SOLUSD,2025-06-16 21:45:00+00:00,25510,25511,25575,1,157.06,153.44,-0.023048516490513205,0.0004,0.0,-0.023448516490513206,maker
SOLUSD,2025-06-17 03:20:00+00:00,25577,25578,25642,-1,153.27,151.85,0.009264696287597185,0.0004,0.0,0.008864696287597186,maker
SOLUSD,2025-06-17 19:05:00+00:00,25766,25767,25831,-1,148.09,146.68,0.009521237085556078,0.0004,0.0,0.009121237085556079,maker
SOLUSD,2025-06-18 14:15:00+00:00,25996,25997,26061,-1,146.03,145.16,0.005957679928781823,0.0004,0.0,0.0055576799287818225,maker
SOLUSD,2025-06-19 10:30:00+00:00,26239,26240,26304,-1,146.25,143.18,0.020991452991452997,0.0004,0.0,0.020591452991452996,maker
SOLUSD,2025-06-20 01:35:00+00:00,26420,26421,26485,1,146.54,145.5,-0.007097038351303375,0.0004,0.0,-0.007497038351303375,maker
SOLUSD,2025-06-20 13:00:00+00:00,26557,26558,26622,1,147.86,138.53,-0.06310022994724751,0.0004,0.0,-0.06350022994724751,maker
SOLUSD,2025-06-20 20:15:00+00:00,26644,26645,26709,-1,140.66,140.47,0.0013507749182425366,0.0004,0.0,0.0009507749182425366,maker
SOLUSD,2025-06-21 01:45:00+00:00,26710,26711,26775,-1,140.36,140.08,0.001994870333428378,0.0004,0.0,0.001594870333428378,maker
SOLUSD,2025-06-22 00:25:00+00:00,26982,26983,27047,-1,135.86,135.9,-0.0002944207272190802,0.0004,0.0,-0.0006944207272190802,maker
SOLUSD,2025-06-22 17:45:00+00:00,27190,27191,27255,-1,130.11,131.88,-0.01360387364537674,0.0004,0.0,-0.01400387364537674,maker
SOLUSD,2025-06-23 10:50:00+00:00,27395,27396,27460,1,133.97,132.21,-0.013137269537956242,0.0004,0.0,-0.013537269537956241,maker
SOLUSD,2025-06-24 02:20:00+00:00,27581,27582,27646,1,142.81,144.97,0.015124991247111419,0.0004,0.0,0.01472499124711142,maker
SOLUSD,2025-06-24 08:45:00+00:00,27658,27659,27723,1,143.98,144.49,0.003542158633143666,0.0004,0.0,0.003142158633143666,maker
SOLUSD,2025-06-24 19:55:00+00:00,27792,27793,27857,1,143.67,145.35,0.011693464188766045,0.0004,0.0,0.011293464188766046,maker
SOLUSD,2025-06-25 04:45:00+00:00,27898,27899,27963,1,145.41,145.34,-0.00048139742796227125,0.0004,0.0,-0.0008813974279622712,maker
SOLUSD,2025-06-25 10:20:00+00:00,27965,27966,28030,1,145.77,143.54,-0.015298072305687138,0.0004,0.0,-0.01569807230568714,maker
SOLUSD,2025-06-25 20:00:00+00:00,28081,28082,28146,-1,144.39,143.87,0.0036013574347252275,0.0004,0.0,0.0032013574347252273,maker
SOLUSD,2025-06-26 20:20:00+00:00,28373,28374,28438,-1,142.57,139.8,0.01942905239531445,0.0004,0.0,0.01902905239531445,maker
SOLUSD,2025-06-27 02:20:00+00:00,28445,28446,28510,-1,140.1,140.69,-0.004211277658815238,0.0004,0.0,-0.004611277658815238,maker
SOLUSD,2025-06-27 17:50:00+00:00,28631,28632,28696,1,141.56,142.48,0.006499011020062007,0.0004,0.0,0.006099011020062006,maker
SOLUSD,2025-06-28 13:00:00+00:00,28861,28862,28926,1,146.63,150.81,0.028507126781695424,0.0004,0.0,0.028107126781695423,maker
SOLUSD,2025-06-28 20:40:00+00:00,28953,28954,29018,1,150.35,149.9,-0.002993016295310902,0.0004,0.0,-0.003393016295310902,maker
SOLUSD,2025-06-29 15:35:00+00:00,29180,29181,29245,1,151.31,150.85,-0.0030401163174939017,0.0004,0.0,-0.003440116317493902,maker
SOLUSD,2025-06-30 03:30:00+00:00,29323,29324,29388,1,151.82,149.83,-0.013107627453563309,0.0004,0.0,-0.013507627453563308,maker
SOLUSD,2025-06-30 11:25:00+00:00,29418,29419,29483,-1,150.78,156.78,-0.03979307600477511,0.0004,0.0,-0.040193076004775105,maker
SOLUSD,2025-06-30 22:30:00+00:00,29551,29552,29616,1,155.5,153.87,-0.010482315112540164,0.0004,0.0,-0.010882315112540163,maker
SOLUSD,2025-07-02 02:05:00+00:00,29882,29883,29947,-1,147.7,149.08,-0.009343263371699662,0.0004,0.0,-0.009743263371699661,maker
SOLUSD,2025-07-02 14:30:00+00:00,30031,30032,30096,-1,149.75,152.68,-0.019565943238731176,0.0004,0.0,-0.019965943238731177,maker
SOLUSD,2025-07-03 10:55:00+00:00,30276,30277,30341,1,154.9,150.28,-0.029825693996126557,0.0004,0.0,-0.030225693996126558,maker
SOLUSD,2025-07-03 20:45:00+00:00,30394,30395,30459,-1,152.51,152.43,0.0005245557668348555,0.0004,0.0,0.00012455576683485548,maker
SOLUSD,2025-07-04 22:40:00+00:00,30705,30706,30770,-1,148.13,147.64,0.0033079052183893065,0.0004,0.0,0.0029079052183893063,maker
SOLUSD,2025-07-05 07:05:00+00:00,30806,30807,30871,-1,148.15,148.04,0.0007424907188661178,0.0004,0.0,0.0003424907188661178,maker
SOLUSD,2025-07-05 13:15:00+00:00,30880,30881,30945,-1,148.25,146.39,0.012546374367622404,0.0004,0.0,0.012146374367622404,maker
SOLUSD,2025-07-05 21:35:00+00:00,30980,30981,31045,-1,147.27,147.08,0.0012901473484077108,0.0004,0.0,0.0008901473484077109,maker
SOLUSD,2025-07-06 06:25:00+00:00,31086,31087,31151,-1,147.95,147.86,0.0006083136194658945,0.0004,0.0,0.00020831361946589444,maker
SOLUSD,2025-07-06 19:55:00+00:00,31248,31249,31313,1,151.31,151.03,-0.001850505584561457,0.0004,0.0,-0.0022505055845614573,maker
SOLUSD,2025-07-07 06:15:00+00:00,31372,31373,31437,1,151.66,153.12,0.009626796782276292,0.0004,0.0,0.009226796782276293,maker
SOLUSD,2025-07-08 00:45:00+00:00,31594,31595,31659,-1,149.45,149.39,0.00040147206423557513,0.0004,0.0,1.4720642355751132e-06,maker
SOLUSD,2025-07-08 09:35:00+00:00,31700,31701,31765,-1,150.29,150.85,-0.0037261294829995517,0.0004,0.0,-0.004126129482999552,maker
SOLUSD,2025-07-08 18:00:00+00:00,31801,31802,31866,-1,151.92,151.53,0.0025671406003158204,0.0004,0.0,0.00216714060031582,maker
SOLUSD,2025-07-09 04:05:00+00:00,31922,31923,31987,1,151.38,152.57,0.007861012022724267,0.0004,0.0,0.007461012022724267,maker
SOLUSD,2025-07-09 15:25:00+00:00,32058,32059,32123,1,153.77,156.34,0.016713273070169787,0.0004,0.0,0.016313273070169786,maker
SOLUSD,2025-07-10 05:50:00+00:00,32231,32232,32296,1,157.41,157.35,-0.00038117019249095385,0.0004,0.0,-0.0007811701924909538,maker
SOLUSD,2025-07-10 11:20:00+00:00,32297,32298,32362,1,157.57,158.75,0.007488735165323446,0.0004,0.0,0.0070887351653234456,maker
SOLUSD,2025-07-11 00:30:00+00:00,32455,32456,32523,1,162.62,165.81683,0.01965828311400819,0.0007,0.0,0.01895828311400819,fallback_taker
SOLUSD,2025-07-11 12:00:00+00:00,32593,32594,32658,1,164.12,163.84,-0.0017060687301974076,0.0004,0.0,-0.0021060687301974077,maker
SOLUSD,2025-07-11 23:55:00+00:00,32736,32737,32801,-1,162.97,162.65,0.0019635515739092613,0.0004,0.0,0.0015635515739092613,maker
SOLUSD,2025-07-12 22:40:00+00:00,33009,33010,33074,-1,160.36,161.2,-0.005238214018458365,0.0004,0.0,-0.005638214018458365,maker
SOLUSD,2025-07-14 00:50:00+00:00,33323,33324,33388,-1,161.8,166.01,-0.026019777503090147,0.0004,0.0,-0.026419777503090148,maker
SOLUSD,2025-07-14 06:55:00+00:00,33396,33397,33461,1,165.73,167.26,0.009231883183491219,0.0004,0.0,0.00883188318349122,maker
SOLUSD,2025-07-14 14:55:00+00:00,33492,33493,33557,1,166.74,162.75,-0.023929471032745675,0.0004,0.0,-0.024329471032745676,maker
SOLUSD,2025-07-15 06:15:00+00:00,33676,33677,33741,-1,160.36,159.19,0.007296083811424436,0.0004,0.0,0.006896083811424436,maker
SOLUSD,2025-07-15 16:50:00+00:00,33803,33804,33868,-1,161.15,161.69,-0.0033509152963078215,0.0004,0.0,-0.0037509152963078217,maker
SOLUSD,2025-07-17 01:10:00+00:00,34191,34192,34256,1,173.4,173.12,-0.0016147635524798032,0.0004,0.0,-0.0020147635524798034,maker
SOLUSD,2025-07-17 14:20:00+00:00,34349,34350,34414,1,174.21,174.81,0.0034441191665230964,0.0004,0.0,0.003044119166523096,maker
SOLUSD,2025-07-18 17:40:00+00:00,34677,34678,34742,-1,178.55,175.63,0.01635396247549714,0.0004,0.0,0.01595396247549714,maker
SOLUSD,2025-07-19 02:55:00+00:00,34788,34789,34853,-1,177.23,175.88,0.007617220560853122,0.0004,0.0,0.007217220560853122,maker
SOLUSD,2025-07-19 13:45:00+00:00,34918,34919,34983,-1,177.59,176.39,0.006757137226195309,0.0004,0.0,0.006357137226195309,maker
SOLUSD,2025-07-20 15:05:00+00:00,35222,35223,35287,1,180.78,181.28,0.0027657926761810447,0.0004,0.0,0.0023657926761810446,maker
SOLUSD,2025-07-20 21:15:00+00:00,35296,35297,35361,1,181.19,182.71,0.008388983939511041,0.0004,0.0,0.007988983939511042,maker
SOLUSD,2025-07-21 19:55:00+00:00,35568,35569,35633,1,194.75,195.95,0.006161745827984566,0.0004,0.0,0.005761745827984566,maker
SOLUSD,2025-07-22 04:35:00+00:00,35672,35673,35737,1,199.24,197.35,-0.009486046978518403,0.0004,0.0,-0.009886046978518402,maker
SOLUSD,2025-07-23 02:25:00+00:00,35934,35935,35999,1,203.08,199.05,-0.019844396297025835,0.0004,0.0,-0.020244396297025836,maker
SOLUSD,2025-07-24 00:45:00+00:00,36202,36203,36267,-1,190.87,182.95,0.0414942107193379,0.0004,0.0,0.0410942107193379,maker
SOLUSD,2025-07-24 09:00:00+00:00,36301,36302,36366,-1,186.52,184.48,0.010937164915290731,0.0004,0.0,0.010537164915290732,maker
SOLUSD,2025-07-25 10:10:00+00:00,36603,36604,36668,-1,180.6,178.34,0.012513842746400883,0.0004,0.0,0.012113842746400883,maker
SOLUSD,2025-07-25 17:35:00+00:00,36692,36693,36757,-1,180.45,186.13,-0.031476863397063015,0.0004,0.0,-0.03187686339706301,maker
SOLUSD,2025-07-26 01:45:00+00:00,36790,36791,36855,1,185.14,186.41,0.006859673760397644,0.0004,0.0,0.006459673760397644,maker
SOLUSD,2025-07-26 14:05:00+00:00,36938,36939,37003,1,187.76,185.98,-0.009480187473370316,0.0004,0.0,-0.009880187473370316,maker
SOLUSD,2025-07-27 18:25:00+00:00,37278,37279,37343,-1,188.57,188.36,0.001113644800339264,0.0004,0.0,0.0007136448003392641,maker
SOLUSD,2025-07-28 01:50:00+00:00,37367,37368,37432,1,187.95,192.19,0.02255919127427508,0.0004,0.0,0.02215919127427508,maker
SOLUSD,2025-07-28 07:20:00+00:00,37433,37434,37498,1,192.55,193.52,0.005037652557777106,0.0004,0.0,0.004637652557777106,maker
SOLUSD,2025-07-29 03:50:00+00:00,37679,37680,37744,-1,184.14,184.54,-0.0021722602367764132,0.0004,0.0,-0.0025722602367764134,maker
SOLUSD,2025-07-29 13:35:00+00:00,37796,37797,37861,-1,184.53,181.44,0.01674524467566252,0.0004,0.0,0.016345244675662517,maker
SOLUSD,2025-07-30 07:05:00+00:00,38006,38007,38071,-1,182.16,177.74,0.02426438296003508,0.0004,0.0,0.02386438296003508,maker
SOLUSD,2025-07-30 15:00:00+00:00,38101,38102,38166,-1,179.89,176.6,0.01828895436099831,0.0004,0.0,0.01788895436099831,maker
SOLUSD,2025-07-30 23:40:00+00:00,38205,38206,38270,-1,177.9,180.7,-0.01573917931422142,0.0004,0.0,-0.01613917931422142,maker
SOLUSD,2025-07-31 16:40:00+00:00,38409,38410,38474,-1,179.28,173.64,0.03145917001338694,0.0004,0.0,0.031059170013386938,maker
SOLUSD,2025-08-01 02:25:00+00:00,38526,38527,38591,-1,171.07,169.1,0.011515753785000249,0.0004,0.0,0.01111575378500025,maker
SOLUSD,2025-08-01 15:00:00+00:00,38677,38678,38742,-1,168.57,163.32,0.031144331731624897,0.0004,0.0,0.030744331731624896,maker
SOLUSD,2025-08-02 00:30:00+00:00,38791,38792,38857,-1,163.5,164.58,-0.00660550458715603,0.0004,0.0,-0.0070055045871560305,maker
SOLUSD,2025-08-02 14:05:00+00:00,38954,38955,39019,-1,164.3,158.27,0.03670115642118077,0.0004,0.0,0.03630115642118077,maker
SOLUSD,2025-08-03 01:35:00+00:00,39092,39093,39160,-1,159.72,160.99219200000002,-0.007965138993238252,0.0007,0.0,-0.008665138993238251,fallback_taker
SOLUSD,2025-08-03 07:20:00+00:00,39161,39162,39226,-1,160.9,161.78,-0.005469235550030982,0.0004,0.0,-0.005869235550030982,maker
SOLUSD,2025-08-03 17:15:00+00:00,39280,39281,39345,-1,162.1,161.73,0.002282541640962421,0.0004,0.0,0.001882541640962421,maker
SOLUSD,2025-08-04 03:05:00+00:00,39398,39399,39463,-1,164.11,163.13,0.005971604411675213,0.0004,0.0,0.005571604411675213,maker
SOLUSD,2025-08-05 02:20:00+00:00,39677,39678,39742,1,168.37,166.19,-0.012947674763912898,0.0004,0.0,-0.013347674763912897,maker
SOLUSD,2025-08-05 23:15:00+00:00,39928,39929,39993,-1,164.27,162.02,0.013696962318134775,0.0004,0.0,0.013296962318134776,maker
SOLUSD,2025-08-06 05:20:00+00:00,40001,40002,40066,-1,163.46,163.7,-0.0014682491129327513,0.0004,0.0,-0.0018682491129327513,maker
SOLUSD,2025-08-06 11:30:00+00:00,40075,40076,40140,-1,164.23,167.67,-0.020946233940205783,0.0004,0.0,-0.021346233940205784,maker
SOLUSD,2025-08-06 21:45:00+00:00,40198,40199,40263,1,167.97,167.29,-0.004048341965827262,0.0004,0.0,-0.0044483419658272625,maker
SOLUSD,2025-08-07 03:30:00+00:00,40267,40268,40332,1,166.94,169.47,0.015155145561279504,0.0004,0.0,0.014755145561279505,maker
SOLUSD,2025-08-07 14:15:00+00:00,40396,40397,40461,1,170.78,170.82,0.0002342194636373307,0.0004,0.0,-0.00016578053636266931,maker
SOLUSD,2025-08-08 02:30:00+00:00,40543,40544,40608,1,174.15,177.53,0.019408555842664432,0.0004,0.0,0.01900855584266443,maker
SOLUSD,2025-08-08 13:15:00+00:00,40672,40673,40737,1,176.06,177.81,0.009939793252300433,0.0004,0.0,0.009539793252300434,maker
SOLUSD,2025-08-09 11:15:00+00:00,40936,40937,41001,1,181.61,180.23,-0.007598700512086443,0.0004,0.0,-0.007998700512086442,maker
SOLUSD,2025-08-09 22:10:00+00:00,41067,41068,41132,1,181.47,185.1,0.020003306331624948,0.0004,0.0,0.019603306331624947,maker
SOLUSD,2025-08-10 05:30:00+00:00,41155,41156,41220,1,182.75,179.37,-0.01849521203830362,0.0004,0.0,-0.018895212038303622,maker
SOLUSD,2025-08-10 15:15:00+00:00,41272,41273,41337,-1,181.83,182.08,-0.0013749106308089676,0.0004,0.0,-0.0017749106308089675,maker
SOLUSD,2025-08-10 21:25:00+00:00,41346,41347,41411,-1,183.03,185.37,-0.012784789378790462,0.0004,0.0,-0.013184789378790461,maker
SOLUSD,2025-08-11 16:10:00+00:00,41571,41572,41636,-1,180.91,175.07,0.03228124481786521,0.0004,0.0,0.03188124481786521,maker
SOLUSD,2025-08-12 01:20:00+00:00,41681,41682,41746,-1,175.68,175.1,0.003301457194899937,0.0004,0.0,0.002901457194899937,maker
SOLUSD,2025-08-12 08:00:00+00:00,41761,41762,41826,-1,175.72,177.9,-0.012406100614614113,0.0004,0.0,-0.012806100614614112,maker
SOLUSD,2025-08-13 06:05:00+00:00,42026,42027,42091,1,196.19,201.15,0.025281614761200943,0.0004,0.0,0.024881614761200942,maker
SOLUSD,2025-08-13 14:45:00+00:00,42130,42131,42195,1,198.18,200.64,0.012412957917045109,0.0004,0.0,0.01201295791704511,maker
SOLUSD,2025-08-14 07:55:00+00:00,42336,42337,42401,1,205.59,192.85,-0.061967994552264205,0.0004,0.0,-0.0623679945522642,maker
SOLUSD,2025-08-14 23:30:00+00:00,42523,42524,42588,-1,193.07,194.9,-0.009478427513337273,0.0004,0.0,-0.009878427513337272,maker
SOLUSD,2025-08-15 23:00:00+00:00,42805,42806,42870,-1,186.68,187.67,-0.0053031926290978415,0.0004,0.0,-0.005703192629097842,maker
SOLUSD,2025-08-16 15:25:00+00:00,43002,43003,43067,-1,189.39,189.19,0.0010560219652567815,0.0004,0.0,0.0006560219652567815,maker
SOLUSD,2025-08-17 10:20:00+00:00,43229,43230,43294,1,191.97,194.97,0.015627441787779306,0.0004,0.0,0.015227441787779307,maker
SOLUSD,2025-08-17 18:15:00+00:00,43324,43325,43389,1,193.24,191.93,-0.0067791347547091485,0.0004,0.0,-0.007179134754709149,maker
SOLUSD,2025-08-18 12:20:00+00:00,43541,43542,43606,-1,181.97,185.12,-0.017310545694345203,0.0004,0.0,-0.017710545694345204,maker
SOLUSD,2025-08-19 11:35:00+00:00,43820,43821,43885,-1,182.07,177.14,0.027077497665732975,0.0004,0.0,0.026677497665732974,maker
SOLUSD,2025-08-19 21:35:00+00:00,43940,43941,44005,-1,179.06,180.77,-0.009549871551435274,0.0004,0.0,-0.009949871551435273,maker
SOLUSD,2025-08-20 06:50:00+00:00,44051,44052,44116,-1,180.78,180.93,-0.0008297378028543356,0.0004,0.0,-0.0012297378028543356,maker
SOLUSD,2025-08-21 07:20:00+00:00,44345,44346,44410,1,186.46,184.2,-0.01212056205084211,0.0004,0.0,-0.012520562050842109,maker
SOLUSD,2025-08-22 02:25:00+00:00,44574,44575,44639,-1,183.21,183.94,-0.003984498662736646,0.0004,0.0,-0.0043844986627366465,maker
SOLUSD,2025-08-22 07:55:00+00:00,44640,44641,44705,-1,183.92,178.84,0.027620704654197414,0.0004,0.0,0.027220704654197413,maker
SOLUSD,2025-08-23 08:30:00+00:00,44935,44936,45000,1,203.09,201.61,-0.007287409522871546,0.0004,0.0,-0.0076874095228715465,maker
SOLUSD,2025-08-24 08:10:00+00:00,45219,45220,45284,1,207.18,205.35,-0.008832898928468058,0.0004,0.0,-0.009232898928468057,maker
SOLUSD,2025-08-25 00:15:00+00:00,45412,45413,45477,-1,206.59,204.8,0.008664504574277476,0.0004,0.0,0.008264504574277477,maker
SOLUSD,2025-08-25 16:45:00+00:00,45610,45611,45675,-1,197.79,186.91,0.0550078365943677,0.0004,0.0,0.0546078365943677,maker
SOLUSD,2025-08-26 08:20:00+00:00,45797,45798,45862,-1,189.23,189.37,-0.0007398404058553965,0.0004,0.0,-0.0011398404058553964,maker
SOLUSD,2025-08-26 15:05:00+00:00,45878,45879,45943,-1,191.44,197.57,-0.032020476389469366,0.0004,0.0,-0.03242047638946936,maker
SOLUSD,2025-08-27 07:30:00+00:00,46075,46076,46140,1,201.4,204.31,0.014448857994041608,0.0004,0.0,0.014048857994041609,maker
SOLUSD,2025-08-27 19:15:00+00:00,46216,46217,46281,1,207.14,202.3,-0.023365839528820986,0.0004,0.0,-0.023765839528820987,maker
SOLUSD,2025-08-28 10:05:00+00:00,46394,46395,46459,1,212.16,212.31,0.000707013574660742,0.0004,0.0,0.000307013574660742,maker
SOLUSD,2025-08-29 23:45:00+00:00,46846,46847,46911,-1,204.98,205.34,-0.0017562689042833757,0.0004,0.0,-0.002156268904283376,maker
SOLUSD,2025-08-30 16:00:00+00:00,47041,47042,47106,-1,200.59,200.49,0.0004985293384515144,0.0004,0.0,9.852933845151435e-05,maker
SOLUSD,2025-08-30 22:35:00+00:00,47120,47121,47185,-1,200.91,205.4,-0.02234831516599467,0.0004,0.0,-0.02274831516599467,maker
SOLUSD,2025-09-02 00:35:00+00:00,47720,47721,47785,-1,197.56,203.25,-0.028801376796922407,0.0004,0.0,-0.029201376796922408,maker
SOLUSD,2025-09-02 11:50:00+00:00,47855,47856,47920,1,202.26,201.97,-0.0014337980816769846,0.0004,0.0,-0.0018337980816769846,maker
SOLUSD,2025-09-03 06:15:00+00:00,48076,48077,48141,1,208.63,211.12,0.011935004553515816,0.0004,0.0,0.011535004553515816,maker
SOLUSD,2025-09-03 20:45:00+00:00,48250,48251,48315,1,209.72,210.27,0.0026225443448408825,0.0004,0.0,0.0022225443448408823,maker
SOLUSD,2025-09-04 03:05:00+00:00,48326,48327,48391,1,208.05,207.95,-0.0004806536890171742,0.0004,0.0,-0.0008806536890171742,maker
SOLUSD,2025-09-04 12:50:00+00:00,48443,48444,48508,1,207.72,204.15,-0.01718659734257655,0.0004,0.0,-0.01758659734257655,maker
SOLUSD,2025-09-05 03:05:00+00:00,48614,48615,48679,-1,203.72,207.23,-0.01722953072845068,0.0004,0.0,-0.017629530728450683,maker
SOLUSD,2025-09-08 01:05:00+00:00,49454,49455,49519,1,206.02,207.34,0.00640714493738459,0.0004,0.0,0.00600714493738459,maker
SOLUSD,2025-09-08 20:30:00+00:00,49687,49688,49752,1,215.02,213.2,-0.00846432889963733,0.0004,0.0,-0.00886432889963733,maker
SOLUSD,2025-09-09 13:10:00+00:00,49887,49888,49952,1,217.2,216.24,-0.004419889502762286,0.0004,0.0,-0.004819889502762287,maker
SOLUSD,2025-09-09 19:05:00+00:00,49958,49959,50023,-1,216.25,216.15,0.00046242774566473965,0.0004,0.0,6.242774566473963e-05,maker
SOLUSD,2025-09-10 11:50:00+00:00,50159,50160,50224,1,219.95,223.5,0.016140031825415013,0.0004,0.0,0.015740031825415012,maker
SOLUSD,2025-09-10 18:30:00+00:00,50239,50241,50304,1,222.16,224.12,0.008822470291681705,0.0004,0.0,0.008422470291681706,maker
SOLUSD,2025-09-11 03:05:00+00:00,50342,50343,50407,1,223.56,222.71,-0.0038021112900339382,0.0004,0.0,-0.004202111290033938,maker
SOLUSD,2025-09-11 19:00:00+00:00,50533,50534,50598,1,226.27,229.34,0.013567861404516712,0.0004,0.0,0.013167861404516713,maker
SOLUSD,2025-09-12 16:50:00+00:00,50795,50796,50860,1,238.75,242.0,0.013612565445026092,0.0004,0.0,0.013212565445026093,maker
SOLUSD,2025-09-13 05:50:00+00:00,50951,50952,51016,1,241.75,241.68,-0.0002895553257497019,0.0004,0.0,-0.0006895553257497019,maker
SOLUSD,2025-09-13 20:20:00+00:00,51125,51126,51190,-1,239.84,243.67,-0.015968979319546328,0.0004,0.0,-0.01636897931954633,maker
SOLUSD,2025-09-14 07:15:00+00:00,51256,51257,51321,1,246.81,245.96,-0.00344394473481624,0.0004,0.0,-0.00384394473481624,maker
SOLUSD,2025-09-14 13:10:00+00:00,51327,51328,51392,1,245.8,247.09,0.005248169243287082,0.0004,0.0,0.004848169243287082,maker
SOLUSD,2025-09-15 05:40:00+00:00,51525,51526,51590,-1,243.39,236.21,0.029499979456838687,0.0004,0.0,0.029099979456838686,maker
SOLUSD,2025-09-15 19:10:00+00:00,51687,51688,51752,-1,234.04,233.56,0.0020509314647068067,0.0004,0.0,0.0016509314647068067,maker
SOLUSD,2025-09-16 01:35:00+00:00,51764,51765,51829,-1,234.54,235.89,-0.005755947812739803,0.0004,0.0,-0.0061559478127398036,maker
SOLUSD,2025-09-16 15:25:00+00:00,51930,51931,51995,-1,235.01,238.29,-0.013956852899876582,0.0004,0.0,-0.014356852899876581,maker
SOLUSD,2025-09-17 00:00:00+00:00,52033,52034,52098,1,237.04,233.8,-0.01366857914276065,0.0004,0.0,-0.01406857914276065,maker
SOLUSD,2025-09-18 06:20:00+00:00,52397,52398,52462,1,243.86,246.37,0.01029279094562452,0.0004,0.0,0.00989279094562452,maker
SOLUSD,2025-09-18 19:20:00+00:00,52553,52554,52618,1,248.67,248.35,-0.0012868460208308452,0.0004,0.0,-0.0016868460208308452,maker
SOLUSD,2025-09-19 14:25:00+00:00,52782,52783,52847,-1,242.19,236.83,0.022131384450225,0.0004,0.0,0.021731384450225,maker
SOLUSD,2025-09-19 22:15:00+00:00,52876,52877,52941,-1,238.8,238.4,0.0016750418760469454,0.0004,0.0,0.0012750418760469455,maker
SOLUSD,2025-09-21 07:50:00+00:00,53279,53280,53344,1,240.15,239.89,-0.0010826566729128517,0.0004,0.0,-0.0014826566729128517,maker
SOLUSD,2025-09-21 16:00:00+00:00,53377,53378,53442,1,238.25,237.03,-0.005120671563483725,0.0004,0.0,-0.005520671563483725,maker
SOLUSD,2025-09-22 14:10:00+00:00,53643,53644,53708,-1,223.26,217.58,0.025441189644360707,0.0004,0.0,0.025041189644360706,maker
SOLUSD,2025-09-22 21:25:00+00:00,53730,53731,53795,-1,220.4,215.82,0.02078039927404729,0.0004,0.0,0.02038039927404729,maker
SOLUSD,2025-09-24 08:15:00+00:00,54148,54149,54213,-1,210.46,212.34,-0.008932813836358466,0.0004,0.0,-0.009332813836358466,maker
SOLUSD,2025-09-25 14:45:00+00:00,54514,54515,54579,-1,203.02,198.25,0.023495222145601513,0.0004,0.0,0.023095222145601512,maker
SOLUSD,2025-09-26 02:05:00+00:00,54650,54651,54715,-1,196.67,195.84,0.0042202674530938955,0.0004,0.0,0.0038202674530938953,maker
SOLUSD,2025-09-26 19:45:00+00:00,54862,54863,54927,1,200.21,205.17,0.02477398731332081,0.0004,0.0,0.02437398731332081,maker
SOLUSD,2025-09-27 05:20:00+00:00,54977,54978,55042,1,202.55,201.86,-0.003406566279930856,0.0004,0.0,-0.003806566279930856,maker
SOLUSD,2025-09-28 01:50:00+00:00,55223,55224,55288,1,201.31,201.63,0.0015895881973075898,0.0004,0.0,0.0011895881973075899,maker
SOLUSD,2025-09-28 15:10:00+00:00,55383,55384,55448,-1,202.59,207.07,-0.022113628510785244,0.0004,0.0,-0.022513628510785245,maker
SOLUSD,2025-09-29 06:15:00+00:00,55564,55565,55629,1,208.49,207.17,-0.006331238908341086,0.0004,0.0,-0.006731238908341086,maker
SOLUSD,2025-09-30 00:35:00+00:00,55784,55785,55849,1,212.25,210.22,-0.009564193168433488,0.0004,0.0,-0.009964193168433487,maker
SOLUSD,2025-09-30 19:00:00+00:00,56005,56006,56070,-1,207.82,207.84,-9.62371282842156e-05,0.0004,0.0,-0.0004962371282842156,maker
SOLUSD,2025-10-01 17:20:00+00:00,56273,56274,56338,1,219.56,219.59,0.00013663691018406254,0.0004,0.0,-0.0002633630898159375,maker
SOLUSD,2025-10-04 18:15:00+00:00,57148,57149,57213,-1,226.8,227.92,-0.004938271604938205,0.0004,0.0,-0.005338271604938205,maker
SOLUSD,2025-10-04 23:50:00+00:00,57215,57216,57280,-1,227.86,233.97,-0.026814710787325557,0.0004,0.0,-0.02721471078732556,maker
SOLUSD,2025-10-05 09:45:00+00:00,57334,57335,57399,1,234.05,229.94,-0.017560350352488818,0.0004,0.0,-0.01796035035248882,maker
SOLUSD,2025-10-05 23:40:00+00:00,57501,57502,57566,-1,228.83,230.83,-0.008740112747454454,0.0004,0.0,-0.009140112747454453,maker
SOLUSD,2025-10-06 20:30:00+00:00,57751,57752,57816,1,234.82,232.66,-0.009198535048121959,0.0004,0.0,-0.009598535048121958,maker
SOLUSD,2025-10-07 20:55:00+00:00,58044,58045,58109,-1,223.59,222.12,0.00657453374480077,0.0004,0.0,0.00617453374480077,maker
SOLUSD,2025-10-08 02:30:00+00:00,58111,58112,58176,-1,222.23,220.71,0.006839760608378653,0.0004,0.0,0.006439760608378653,maker
SOLUSD,2025-10-08 08:45:00+00:00,58186,58187,58251,-1,222.46,223.03,-0.0025622583835296364,0.0004,0.0,-0.0029622583835296366,maker
SOLUSD,2025-10-09 01:20:00+00:00,58385,58386,58450,1,227.38,227.59,0.0009235640777554011,0.0004,0.0,0.0005235640777554011,maker
SOLUSD,2025-10-09 11:30:00+00:00,58507,58508,58572,-1,223.23,218.64,0.02056175245262737,0.0004,0.0,0.020161752452627368,maker
SOLUSD,2025-10-09 22:20:00+00:00,58637,58638,58702,-1,220.92,222.59,-0.007559297483251903,0.0004,0.0,-0.007959297483251903,maker
SOLUSD,2025-10-10 11:10:00+00:00,58791,58792,58856,-1,220.79,212.37,0.03813578513519633,0.0004,0.0,0.037735785135196334,maker
SOLUSD,2025-10-11 08:30:00+00:00,59047,59048,59112,-1,184.52,183.97,0.0029807066984609554,0.0004,0.0,0.002580706698460955,maker
SOLUSD,2025-10-11 23:30:00+00:00,59227,59228,59292,-1,178.15,180.12,-0.0110580971091776,0.0004,0.0,-0.0114580971091776,maker
SOLUSD,2025-10-13 03:50:00+00:00,59567,59568,59632,1,194.87,197.06,0.011238261405039252,0.0004,0.0,0.010838261405039252,maker
SOLUSD,2025-10-13 10:40:00+00:00,59649,59650,59714,1,195.6,197.05,0.007413087934560414,0.0004,0.0,0.007013087934560414,maker
SOLUSD,2025-10-14 03:15:00+00:00,59848,59849,59913,1,206.06,196.45,-0.04663690187324088,0.0004,0.0,-0.047036901873240874,maker
SOLUSD,2025-10-14 14:25:00+00:00,59982,59983,60047,-1,198.14,199.29,-0.005803976985969461,0.0004,0.0,-0.006203976985969461,maker
SOLUSD,2025-10-15 04:10:00+00:00,60147,60148,60212,1,201.52,206.62,0.025307661770543888,0.0004,0.0,0.024907661770543887,maker
SOLUSD,2025-10-15 11:25:00+00:00,60234,60235,60299,1,203.17,197.83,-0.02628340798346196,0.0004,0.0,-0.02668340798346196,maker
SOLUSD,2025-10-16 02:10:00+00:00,60411,60412,60476,-1,195.6,192.95,0.013548057259713753,0.0004,0.0,0.013148057259713753,maker
SOLUSD,2025-10-16 10:55:00+00:00,60516,60517,60581,-1,195.77,187.44,0.04254993104152838,0.0004,0.0,0.04214993104152838,maker
SOLUSD,2025-10-17 01:10:00+00:00,60687,60688,60752,-1,186.74,183.21,0.018903287994002316,0.0004,0.0,0.018503287994002315,maker
SOLUSD,2025-10-17 11:55:00+00:00,60816,60817,60881,-1,181.43,182.77,-0.00738576861599527,0.0004,0.0,-0.00778576861599527,maker
SOLUSD,2025-10-18 09:50:00+00:00,61079,61080,61144,1,186.08,185.33,-0.004030524505588939,0.0004,0.0,-0.0044305245055889396,maker
SOLUSD,2025-10-19 00:50:00+00:00,61259,61260,61324,1,185.69,186.37,0.003662017340729129,0.0004,0.0,0.003262017340729129,maker
SOLUSD,2025-10-19 19:50:00+00:00,61487,61488,61552,1,188.77,185.56,-0.01700482068125231,0.0004,0.0,-0.01740482068125231,maker
SOLUSD,2025-10-20 03:25:00+00:00,61578,61579,61643,-1,186.91,193.46,-0.03504360387352201,0.0004,0.0,-0.03544360387352201,maker
SOLUSD,2025-10-20 14:50:00+00:00,61715,61716,61780,1,191.45,189.29,-0.011282319143379405,0.0004,0.0,-0.011682319143379404,maker
SOLUSD,2025-10-20 20:25:00+00:00,61782,61783,61847,-1,189.33,187.37,0.010352294934769968,0.0004,0.0,0.009952294934769968,maker
SOLUSD,2025-10-21 11:00:00+00:00,61957,61958,62022,-1,185.69,197.18,-0.06187732241908561,0.0004,0.0,-0.06227732241908561,maker
SOLUSD,2025-10-21 19:30:00+00:00,62059,62060,62124,1,194.04,185.71,-0.04292929292929282,0.0004,0.0,-0.043329292929292815,maker
SOLUSD,2025-10-22 11:25:00+00:00,62250,62251,62315,-1,184.92,184.17,0.004055807916937049,0.0004,0.0,0.0036558079169370485,maker
SOLUSD,2025-10-23 00:20:00+00:00,62405,62407,62470,-1,180.02,183.99,-0.022053105210532165,0.0004,0.0,-0.022453105210532166,maker
SOLUSD,2025-10-23 19:05:00+00:00,62630,62631,62695,1,191.15,191.75,0.0031388961548521888,0.0004,0.0,0.0027388961548521886,maker
SOLUSD,2025-10-24 07:55:00+00:00,62784,62785,62849,1,192.26,194.01,0.009102257359825172,0.0004,0.0,0.008702257359825173,maker
SOLUSD,2025-10-25 00:25:00+00:00,62982,62983,63047,1,192.82,194.51,0.00876465096981649,0.0004,0.0,0.00836465096981649,maker
SOLUSD,2025-10-26 01:15:00+00:00,63280,63281,63345,1,193.54,193.98,0.0022734318487134253,0.0004,0.0,0.0018734318487134253,maker
SOLUSD,2025-10-26 11:10:00+00:00,63399,63400,63464,1,194.77,198.59,0.019612876726395223,0.0004,0.0,0.019212876726395222,maker
SOLUSD,2025-10-27 16:15:00+00:00,63748,63749,63813,-1,201.18,198.91,0.011283427776120902,0.0004,0.0,0.010883427776120903,maker
SOLUSD,2025-10-28 01:20:00+00:00,63857,63858,63922,-1,200.44,199.95,0.0024446218319696955,0.0004,0.0,0.0020446218319696953,maker
SOLUSD,2025-10-28 18:00:00+00:00,64057,64058,64122,-1,200.27,194.32,0.029709891646277575,0.0004,0.0,0.029309891646277574,maker
SOLUSD,2025-10-29 05:25:00+00:00,64194,64195,64259,-1,195.2,196.69,-0.007633196721311464,0.0004,0.0,-0.008033196721311463,maker
SOLUSD,2025-10-29 21:40:00+00:00,64389,64390,64454,-1,195.86,197.51,-0.008424384764627701,0.0004,0.0,-0.0088243847646277,maker
SOLUSD,2025-10-30 07:30:00+00:00,64507,64508,64572,-1,195.75,187.32,0.043065134099616875,0.0004,0.0,0.04266513409961688,maker
SOLUSD,2025-10-30 22:10:00+00:00,64683,64684,64748,-1,182.49,184.64,-0.011781467477669949,0.0004,0.0,-0.012181467477669948,maker
SOLUSD,2025-10-31 04:15:00+00:00,64756,64757,64821,-1,185.8,186.48,-0.003659849300322815,0.0004,0.0,-0.004059849300322815,maker
SOLUSD,2025-10-31 14:35:00+00:00,64880,64881,64945,-1,187.64,188.72,-0.005755702408868135,0.0004,0.0,-0.006155702408868135,maker
SOLUSD,2025-11-01 03:50:00+00:00,65039,65040,65104,-1,187.1,186.56,0.0028861571352217785,0.0004,0.0,0.0024861571352217783,maker
SOLUSD,2025-11-01 12:35:00+00:00,65144,65145,65209,-1,186.39,184.9,0.00799399109394272,0.0004,0.0,0.00759399109394272,maker
SOLUSD,2025-11-03 12:20:00+00:00,65717,65718,65782,-1,176.12,169.67,0.03662275721099262,0.0004,0.0,0.03622275721099262,maker
SOLUSD,2025-11-04 01:40:00+00:00,65877,65878,65942,-1,167.73,158.12,0.05729446133667193,0.0004,0.0,0.056894461336671934,maker
SOLUSD,2025-11-04 10:20:00+00:00,65981,65982,66046,-1,160.43,163.22,-0.017390762326248144,0.0004,0.0,-0.017790762326248145,maker
SOLUSD,2025-11-04 23:10:00+00:00,66135,66136,66200,-1,155.29,156.17,-0.0056668169231759435,0.0004,0.0,-0.006066816923175944,maker
SOLUSD,2025-11-05 22:15:00+00:00,66412,66413,66477,1,161.6,162.32,0.004455445544554459,0.0004,0.0,0.004055445544554459,maker
SOLUSD,2025-11-06 19:20:00+00:00,66665,66666,66730,-1,157.0,156.41,0.0037579617834395673,0.0004,0.0,0.003357961783439567,maker
SOLUSD,2025-11-07 00:50:00+00:00,66731,66732,66796,-1,156.81,157.81,-0.006377144314775762,0.0004,0.0,-0.0067771443147757625,maker
SOLUSD,2025-11-07 15:00:00+00:00,66901,66902,66966,-1,153.84,162.46,-0.056032241289651674,0.0004,0.0,-0.05643224128965167,maker
SOLUSD,2025-11-08 00:00:00+00:00,67009,67010,67074,1,161.62,161.93,0.0019180794456132855,0.0004,0.0,0.0015180794456132855,maker
SOLUSD,2025-11-08 10:55:00+00:00,67140,67141,67205,1,160.74,156.54,-0.026129152668906364,0.0004,0.0,-0.026529152668906365,maker
SOLUSD,2025-11-08 23:50:00+00:00,67295,67296,67361,-1,158.19,157.47,0.004551488716100893,0.0004,0.0,0.004151488716100893,maker
SOLUSD,2025-11-09 05:30:00+00:00,67363,67364,67428,-1,157.46,158.04,-0.0036834751682965905,0.0004,0.0,-0.004083475168296591,maker
SOLUSD,2025-11-10 08:20:00+00:00,67685,67686,67750,1,167.0,169.97,0.017784431137724654,0.0004,0.0,0.017384431137724653,maker
SOLUSD,2025-11-11 04:55:00+00:00,67932,67933,67997,1,166.87,163.8,-0.01839755498292084,0.0004,0.0,-0.01879755498292084,maker
SOLUSD,2025-11-12 05:45:00+00:00,68230,68231,68295,-1,155.84,160.89,-0.032405030800821244,0.0004,0.0,-0.03280503080082124,maker
SOLUSD,2025-11-12 20:35:00+00:00,68408,68409,68473,-1,153.64,152.71,0.00605311116896623,0.0004,0.0,0.00565311116896623,maker
SOLUSD,2025-11-13 23:30:00+00:00,68731,68732,68796,-1,145.7,141.59,0.028208647906657447,0.0004,0.0,0.027808647906657446,maker
SOLUSD,2025-11-15 01:05:00+00:00,69038,69039,69103,-1,140.66,143.16,-0.017773354187402335,0.0004,0.0,-0.018173354187402336,maker
SOLUSD,2025-11-15 14:10:00+00:00,69195,69196,69260,-1,141.87,142.21,-0.0023965602311974976,0.0004,0.0,-0.002796560231197498,maker
SOLUSD,2025-11-16 03:25:00+00:00,69354,69355,69419,-1,141.07,141.86,-0.005600056709435197,0.0004,0.0,-0.006000056709435197,maker
SOLUSD,2025-11-17 01:10:00+00:00,69615,69616,69680,-1,138.85,140.56,-0.01231544832553122,0.0004,0.0,-0.012715448325531219,maker
SOLUSD,2025-11-18 02:50:00+00:00,69923,69924,69988,-1,132.85,137.17,-0.03251787730523148,0.0004,0.0,-0.03291787730523148,maker
SOLUSD,2025-11-18 23:55:00+00:00,70176,70177,70241,1,140.62,138.34,-0.01621390982790505,0.0004,0.0,-0.01661390982790505,maker
SOLUSD,2025-11-19 21:35:00+00:00,70436,70437,70501,-1,134.97,143.53,-0.06342150107431288,0.0004,0.0,-0.06382150107431288,maker
SOLUSD,2025-11-20 06:55:00+00:00,70548,70549,70613,1,142.6,141.65,-0.0066619915848527,0.0004,0.0,-0.0070619915848527,maker
SOLUSD,2025-11-20 22:35:00+00:00,70736,70737,70801,-1,135.9,132.51,0.024944812362031055,0.0004,0.0,0.024544812362031054,maker
SOLUSD,2025-11-21 12:55:00+00:00,70908,70909,70973,-1,126.09,126.77,-0.005392973273058876,0.0004,0.0,-0.005792973273058877,maker
SOLUSD,2025-11-22 11:45:00+00:00,71182,71183,71247,-1,126.82,128.01,-0.009383378016085686,0.0004,0.0,-0.009783378016085685,maker
SOLUSD,2025-11-23 21:15:00+00:00,71584,71585,71649,1,132.21,132.97,0.005748430527191539,0.0004,0.0,0.005348430527191539,maker
SOLUSD,2025-11-24 06:45:00+00:00,71698,71699,71763,1,131.02,129.22,-0.013738360555640483,0.0004,0.0,-0.014138360555640482,maker
SOLUSD,2025-11-25 02:40:00+00:00,71937,71938,72002,1,137.75,136.17,-0.011470054446461098,0.0004,0.0,-0.011870054446461097,maker
SOLUSD,2025-11-26 03:55:00+00:00,72240,72241,72305,1,138.11,137.0,-0.00803707189921088,0.0004,0.0,-0.008437071899210878,maker
SOLUSD,2025-11-26 23:40:00+00:00,72477,72478,72542,1,142.75,142.97,0.001541155866900068,0.0004,0.0,0.001141155866900068,maker
SOLUSD,2025-11-27 21:15:00+00:00,72736,72737,72801,1,142.43,138.97,-0.024292634978586025,0.0004,0.0,-0.024692634978586026,maker
SOLUSD,2025-11-28 05:15:00+00:00,72832,72833,72897,-1,140.07,141.9,-0.013064896123367031,0.0004,0.0,-0.01346489612336703,maker
SOLUSD,2025-11-29 16:05:00+00:00,73250,73251,73315,-1,137.41,136.16,0.009096863401499178,0.0004,0.0,0.008696863401499179,maker
SOLUSD,2025-11-30 01:45:00+00:00,73366,73367,73431,-1,136.4,136.25,0.0010997067448680342,0.0004,0.0,0.0006997067448680342,maker
SOLUSD,2025-11-30 08:00:00+00:00,73441,73442,73506,-1,136.44,138.97,-0.0185429492817355,0.0004,0.0,-0.0189429492817355,maker
SOLUSD,2025-11-30 18:45:00+00:00,73570,73571,73635,1,138.35,131.53,-0.0492952656306469,0.0004,0.0,-0.0496952656306469,maker
SOLUSD,2025-12-01 08:50:00+00:00,73739,73740,73804,-1,127.7,126.28,0.011119812059514511,0.0004,0.0,0.010719812059514512,maker
SOLUSD,2025-12-01 22:30:00+00:00,73903,73904,73968,-1,126.31,127.2,-0.007046156282162874,0.0004,0.0,-0.0074461562821628744,maker
SOLUSD,2025-12-02 04:20:00+00:00,73973,73974,74038,-1,127.35,126.58,0.006046329014526841,0.0004,0.0,0.005646329014526841,maker
SOLUSD,2025-12-02 21:05:00+00:00,74174,74175,74239,1,138.91,140.21,0.0093585774962206,0.0004,0.0,0.0089585774962206,maker
SOLUSD,2025-12-03 07:45:00+00:00,74302,74303,74367,1,142.3,142.0,-0.0021082220660576523,0.0004,0.0,-0.0025082220660576525,maker
SOLUSD,2025-12-04 04:30:00+00:00,74551,74552,74619,1,144.32,143.80123400000002,-0.0035945537694010987,0.0007,0.0,-0.004294553769401099,fallback_taker
SOLUSD,2025-12-04 11:45:00+00:00,74638,74639,74703,1,142.97,142.28,-0.004826187312023444,0.0004,0.0,-0.005226187312023445,maker
SOLUSD,2025-12-05 01:40:00+00:00,74805,74806,74870,-1,139.94,138.96,0.00700300128626552,0.0004,0.0,0.00660300128626552,maker
SOLUSD,2025-12-05 20:25:00+00:00,75030,75031,75095,-1,132.48,133.64,-0.008756038647342868,0.0004,0.0,-0.009156038647342867,maker
SOLUSD,2025-12-06 03:45:00+00:00,75118,75119,75183,-1,133.82,132.3,0.011358541324166693,0.0004,0.0,0.010958541324166694,maker
SOLUSD,2025-12-06 11:35:00+00:00,75212,75213,75277,-1,133.15,133.1,0.0003755163349606905,0.0004,0.0,-2.448366503930954e-05,maker
SOLUSD,2025-12-07 00:45:00+00:00,75370,75371,75435,-1,132.27,132.96,-0.0052166024041733206,0.0004,0.0,-0.005616602404173321,maker
SOLUSD,2025-12-07 11:00:00+00:00,75493,75494,75558,-1,132.33,130.92,0.010655180231240235,0.0004,0.0,0.010255180231240236,maker
SOLUSD,2025-12-08 02:30:00+00:00,75679,75680,75744,-1,133.63,135.98,-0.017585871436054834,0.0004,0.0,-0.017985871436054835,maker
SOLUSD,2025-12-08 12:25:00+00:00,75798,75799,75863,1,137.71,134.98,-0.019824268390095212,0.0004,0.0,-0.020224268390095213,maker
SOLUSD,2025-12-09 12:25:00+00:00,76086,76087,76151,-1,133.23,143.44,-0.07663439165353148,0.0004,0.0,-0.07703439165353147,maker
SOLUSD,2025-12-09 20:35:00+00:00,76184,76185,76252,1,140.26,137.462502,-0.019945087694281938,0.0007,0.0,-0.020645087694281937,fallback_taker
SOLUSD,2025-12-10 09:10:00+00:00,76335,76336,76400,1,138.58,137.26,-0.009525184009236742,0.0004,0.0,-0.009925184009236742,maker
SOLUSD,2025-12-10 22:05:00+00:00,76490,76491,76555,1,137.62,129.97,-0.05558785060311,0.0004,0.0,-0.05598785060311,maker
SOLUSD,2025-12-11 06:00:00+00:00,76585,76586,76650,-1,131.14,130.94,0.0015250876925422263,0.0004,0.0,0.0011250876925422263,maker
SOLUSD,2025-12-11 11:45:00+00:00,76654,76655,76719,-1,131.08,130.92,0.0012206286237413932,0.0004,0.0,0.0008206286237413933,maker
SOLUSD,2025-12-12 09:40:00+00:00,76917,76918,76982,1,137.45,137.73,0.0020371044016005424,0.0004,0.0,0.0016371044016005424,maker
SOLUSD,2025-12-12 22:25:00+00:00,77070,77071,77135,-1,132.57,132.88,-0.002338387267104114,0.0004,0.0,-0.002738387267104114,maker
SOLUSD,2025-12-13 07:30:00+00:00,77179,77180,77244,-1,132.91,132.92,-7.523888345484231e-05,0.0004,0.0,-0.00047523888345484233,maker
SOLUSD,2025-12-13 20:30:00+00:00,77335,77336,77400,-1,132.86,133.23,-0.002784886346530069,0.0004,0.0,-0.003184886346530069,maker
SOLUSD,2025-12-15 01:20:00+00:00,77681,77682,77749,-1,130.14,132.43648199999998,-0.017646242508068122,0.0007,0.0,-0.01834624250806812,fallback_taker
SOLUSD,2025-12-15 11:55:00+00:00,77808,77809,77873,1,132.27,125.95,-0.04778105390489151,0.0004,0.0,-0.04818105390489151,maker
SOLUSD,2025-12-15 21:40:00+00:00,77925,77926,77990,-1,125.72,126.62,-0.007158765510658638,0.0004,0.0,-0.007558765510658638,maker
SOLUSD,2025-12-16 05:45:00+00:00,78022,78023,78087,-1,126.36,128.31,-0.015432098765432167,0.0004,0.0,-0.01583209876543217,maker
SOLUSD,2025-12-16 21:10:00+00:00,78207,78208,78272,-1,128.38,128.72,-0.0026483875993146277,0.0004,0.0,-0.003048387599314628,maker
SOLUSD,2025-12-17 07:45:00+00:00,78334,78335,78399,-1,128.16,127.81,0.0027309612983770215,0.0004,0.0,0.0023309612983770213,maker
SOLUSD,2025-12-18 10:40:00+00:00,78657,78658,78722,-1,123.9,126.97,-0.024778046811944954,0.0004,0.0,-0.025178046811944955,maker
SOLUSD,2025-12-18 22:00:00+00:00,78793,78794,78861,-1,119.66,121.134222,-0.012320090255724558,0.0007,0.0,-0.013020090255724558,fallback_taker
SOLUSD,2025-12-19 18:10:00+00:00,79035,79036,79100,1,124.0,126.2,0.01774193548387104,0.0004,0.0,0.01734193548387104,maker
SOLUSD,2025-12-20 01:05:00+00:00,79118,79119,79183,1,125.78,126.42,0.005088249324216809,0.0004,0.0,0.004688249324216809,maker
SOLUSD,2025-12-20 18:10:00+00:00,79323,79324,79388,1,125.77,125.61,-0.0012721634730062936,0.0004,0.0,-0.0016721634730062936,maker
SOLUSD,2025-12-20 23:45:00+00:00,79390,79391,79455,1,125.74,125.09,-0.005169397168760859,0.0004,0.0,-0.005569397168760859,maker
SOLUSD,2025-12-21 11:45:00+00:00,79534,79535,79599,1,125.42,125.89,0.003747408706745281,0.0004,0.0,0.003347408706745281,maker
SOLUSD,2025-12-21 23:30:00+00:00,79675,79676,79740,-1,125.51,126.52,-0.008047167556370027,0.0004,0.0,-0.008447167556370027,maker
SOLUSD,2025-12-23 16:55:00+00:00,80172,80173,80237,-1,124.58,124.06,0.004174024723069492,0.0004,0.0,0.0037740247230694914,maker
SOLUSD,2025-12-24 10:40:00+00:00,80384,80385,80449,-1,122.07,122.72,-0.005324813631522929,0.0004,0.0,-0.005724813631522929,maker
SOLUSD,2025-12-25 14:15:00+00:00,80715,80716,80780,-1,122.01,123.38,-0.011228587820670377,0.0004,0.0,-0.011628587820670376,maker
SOLUSD,2025-12-25 20:05:00+00:00,80785,80786,80850,1,123.3,120.62,-0.021735604217355986,0.0004,0.0,-0.022135604217355987,maker
SOLUSD,2025-12-26 08:45:00+00:00,80937,80938,81002,1,122.37,124.45,0.016997630138105624,0.0004,0.0,0.016597630138105623,maker
SOLUSD,2025-12-27 04:20:00+00:00,81172,81173,81237,-1,123.11,123.04,0.0005685971895053044,0.0004,0.0,0.00016859718950530434,maker
SOLUSD,2025-12-27 15:40:00+00:00,81308,81309,81376,-1,123.46,123.98479199999998,-0.004250704681678208,0.0007,0.0,-0.004950704681678208,fallback_taker
SOLUSD,2025-12-29 06:05:00+00:00,81769,81770,81834,1,127.53,125.19,-0.01834862385321101,0.0004,0.0,-0.01874862385321101,maker
SOLUSD,2025-12-30 04:05:00+00:00,82033,82034,82098,-1,123.74,124.29,-0.004444803620494708,0.0004,0.0,-0.0048448036204947085,maker
SOLUSD,2025-12-30 18:55:00+00:00,82211,82212,82276,1,124.43,124.46,0.00024109941332461915,0.0004,0.0,-0.00015890058667538087,maker
SOLUSD,2025-12-31 15:30:00+00:00,82458,82459,82523,1,124.95,123.7,-0.0100040016006403,0.0004,0.0,-0.0104040016006403,maker
SOLUSD,2026-01-01 10:40:00+00:00,82688,82689,82753,-1,124.86,124.71,0.0012013455069678214,0.0004,0.0,0.0008013455069678214,maker
SOLUSD,2026-01-01 17:55:00+00:00,82775,82776,82843,-1,125.02,127.035402,-0.016120636698128354,0.0007,0.0,-0.016820636698128354,fallback_taker
SOLUSD,2026-01-02 12:10:00+00:00,82994,82995,83059,1,128.07,131.19,0.024361677207777044,0.0004,0.0,0.023961677207777043,maker
SOLUSD,2026-01-03 05:45:00+00:00,83205,83206,83270,1,131.8,130.6,-0.009104704097116945,0.0004,0.0,-0.009504704097116944,maker
SOLUSD,2026-01-03 11:35:00+00:00,83275,83277,83340,1,130.64,131.68,0.007960808328230318,0.0004,0.0,0.0075608083282303175,maker
SOLUSD,2026-01-04 06:50:00+00:00,83506,83507,83571,1,133.89,134.32,0.0032115916050490245,0.0004,0.0,0.0028115916050490243,maker
SOLUSD,2026-01-04 21:50:00+00:00,83686,83687,83751,1,133.86,136.79,0.02188854026594944,0.0004,0.0,0.02148854026594944,maker
SOLUSD,2026-01-05 06:15:00+00:00,83787,83788,83852,1,135.45,135.35,-0.0007382798080471931,0.0004,0.0,-0.001138279808047193,maker
SOLUSD,2026-01-05 13:10:00+00:00,83870,83871,83935,1,135.1,136.5,0.010362694300518172,0.0004,0.0,0.009962694300518172,maker
SOLUSD,2026-01-06 00:15:00+00:00,84003,84004,84068,1,137.51,138.99,0.01076285361064655,0.0004,0.0,0.01036285361064655,maker
SOLUSD,2026-01-06 23:45:00+00:00,84285,84286,84350,-1,141.02,138.69,0.016522479080981478,0.0004,0.0,0.016122479080981477,maker
SOLUSD,2026-01-07 21:25:00+00:00,84545,84546,84610,-1,136.12,137.41,-0.009476932118718695,0.0004,0.0,-0.009876932118718694,maker
SOLUSD,2026-01-08 20:15:00+00:00,84819,84820,84884,1,136.71,137.95,0.009070294784580435,0.0004,0.0,0.008670294784580436,maker
SOLUSD,2026-01-09 02:00:00+00:00,84888,84889,84953,1,138.5,140.17,0.01205776173285189,0.0004,0.0,0.011657761732851891,maker
SOLUSD,2026-01-09 12:05:00+00:00,85009,85010,85074,1,138.19,137.58,-0.004414212316375843,0.0004,0.0,-0.004814212316375843,maker
SOLUSD,2026-01-11 01:10:00+00:00,85454,85455,85519,-1,136.21,135.83,0.002789809852433711,0.0004,0.0,0.002389809852433711,maker
SOLUSD,2026-01-11 10:55:00+00:00,85571,85572,85636,-1,136.37,138.58,-0.01620591039084851,0.0004,0.0,-0.01660591039084851,maker
SOLUSD,2026-01-11 20:55:00+00:00,85691,85692,85756,1,138.26,142.04,0.027339794589902988,0.0004,0.0,0.026939794589902987,maker
SOLUSD,2026-01-12 07:35:00+00:00,85819,85820,85884,1,141.74,139.55,-0.015450825455058492,0.0004,0.0,-0.015850825455058493,maker
SOLUSD,2026-01-12 19:05:00+00:00,85957,85958,86022,1,141.23,138.95,-0.01614387877929624,0.0004,0.0,-0.01654387877929624,maker
SOLUSD,2026-01-13 05:25:00+00:00,86081,86082,86149,-1,139.82,141.848364,-0.01450696609927049,0.0007,0.0,-0.01520696609927049,fallback_taker
SOLUSD,2026-01-14 03:10:00+00:00,86342,86343,86407,1,145.33,144.79,-0.003715681552329375,0.0004,0.0,-0.004115681552329375,maker
SOLUSD,2026-01-14 18:05:00+00:00,86521,86522,86586,1,146.58,146.32,-0.0017737754127440386,0.0004,0.0,-0.002173775412744039,maker
SOLUSD,2026-01-15 02:00:00+00:00,86616,86617,86681,1,145.2,144.73,-0.0032369146005509775,0.0004,0.0,-0.0036369146005509776,maker
SOLUSD,2026-01-15 22:40:00+00:00,86864,86865,86929,-1,142.25,142.02,0.0016168717047451153,0.0004,0.0,0.0012168717047451154,maker
SOLUSD,2026-01-16 08:35:00+00:00,86983,86984,87048,-1,143.16,143.03,0.0009080748812516637,0.0004,0.0,0.0005080748812516637,maker
SOLUSD,2026-01-16 18:30:00+00:00,87102,87103,87167,-1,143.46,144.84,-0.009619406106231576,0.0004,0.0,-0.010019406106231575,maker
SOLUSD,2026-01-17 03:40:00+00:00,87212,87213,87277,1,144.4,144.17,-0.0015927977839336194,0.0004,0.0,-0.0019927977839336196,maker
SOLUSD,2026-01-17 12:45:00+00:00,87321,87322,87386,1,143.77,144.17,0.0027822216039505854,0.0004,0.0,0.002382221603950585,maker
SOLUSD,2026-01-18 18:40:00+00:00,87680,87681,87745,-1,142.51,134.59,0.05557504736509711,0.0004,0.0,0.05517504736509711,maker
SOLUSD,2026-01-19 08:35:00+00:00,87847,87848,87912,-1,133.64,133.63,7.48278958394577e-05,0.0004,0.0,-0.0003251721041605423,maker
SOLUSD,2026-01-19 17:30:00+00:00,87954,87955,88019,-1,134.14,133.46,0.005069330550171336,0.0004,0.0,0.004669330550171336,maker
SOLUSD,2026-01-20 03:00:00+00:00,88068,88069,88133,-1,133.71,130.13,0.02677436242614628,0.0004,0.0,0.02637436242614628,maker
SOLUSD,2026-01-21 01:35:00+00:00,88339,88340,88404,-1,127.58,128.1,-0.0040758739614359385,0.0004,0.0,-0.004475873961435939,maker
SOLUSD,2026-01-22 14:00:00+00:00,88776,88777,88841,1,129.35,128.17,-0.009122535755701655,0.0004,0.0,-0.009522535755701654,maker
SOLUSD,2026-01-24 02:55:00+00:00,89219,89220,89284,-1,127.54,126.9,0.005018033558099377,0.0004,0.0,0.004618033558099377,maker
SOLUSD,2026-01-24 11:20:00+00:00,89320,89321,89385,-1,127.15,126.62,0.00416830515139599,0.0004,0.0,0.00376830515139599,maker
SOLUSD,2026-01-24 18:40:00+00:00,89408,89409,89473,-1,127.15,127.14,7.864726700745894e-05,0.0004,0.0,-0.0003213527329925411,maker
SOLUSD,2026-01-25 06:00:00+00:00,89544,89545,89609,-1,126.7,126.66,0.00031570639305456005,0.0004,0.0,-8.429360694543997e-05,maker
SOLUSD,2026-01-26 20:55:00+00:00,90011,90012,90076,1,123.53,124.5,0.007852343560268649,0.0004,0.0,0.0074523435602686485,maker
SOLUSD,2026-01-27 05:25:00+00:00,90113,90114,90178,1,124.07,123.62,-0.003626984766663899,0.0004,0.0,-0.004026984766663899,maker
SOLUSD,2026-01-27 14:00:00+00:00,90216,90217,90281,1,123.39,125.66,0.01839695275143849,0.0004,0.0,0.017996952751438488,maker
SOLUSD,2026-01-28 09:25:00+00:00,90449,90450,90514,1,126.21,126.63,0.0033277870216306127,0.0004,0.0,0.0029277870216306125,maker
SOLUSD,2026-01-28 14:55:00+00:00,90515,90516,90580,1,126.69,125.95,-0.005841029284079258,0.0004,0.0,-0.006241029284079258,maker
SOLUSD,2026-01-29 21:55:00+00:00,90887,90888,90952,-1,117.27,114.21,0.02609363008442056,0.0004,0.0,0.02569363008442056,maker
SOLUSD,2026-01-30 05:35:00+00:00,90979,90980,91044,-1,115.58,115.72,-0.001211282228759325,0.0004,0.0,-0.001611282228759325,maker
SOLUSD,2026-01-30 11:25:00+00:00,91049,91050,91114,-1,115.76,116.96,-0.010366275051831186,0.0004,0.0,-0.010766275051831186,maker
SOLUSD,2026-01-31 22:40:00+00:00,91472,91473,91537,-1,103.47,104.74,-0.012274089107954023,0.0004,0.0,-0.012674089107954022,maker
SOLUSD,2026-02-01 04:55:00+00:00,91547,91548,91612,-1,105.09,105.37,-0.0026643829098866867,0.0004,0.0,-0.003064382909886687,maker
SOLUSD,2026-02-01 10:25:00+00:00,91613,91614,91678,-1,105.51,101.38,0.03914320917448588,0.0004,0.0,0.038743209174485885,maker
SOLUSD,2026-02-01 18:40:00+00:00,91712,91713,91777,-1,103.2,100.22,0.02887596899224809,0.0004,0.0,0.02847596899224809,maker
SOLUSD,2026-02-02 01:40:00+00:00,91796,91797,91861,-1,102.2,100.93,0.012426614481408915,0.0004,0.0,0.012026614481408916,maker
SOLUSD,2026-02-02 07:45:00+00:00,91869,91870,91934,-1,101.79,102.77,-0.009627664800078595,0.0004,0.0,-0.010027664800078594,maker
SOLUSD,2026-02-03 04:50:00+00:00,92122,92123,92187,-1,104.6,102.78,0.017399617590822092,0.0004,0.0,0.01699961759082209,maker
SOLUSD,2026-02-03 21:15:00+00:00,92319,92320,92384,-1,101.02,98.17,0.028212235200950286,0.0004,0.0,0.027812235200950285,maker
SOLUSD,2026-02-04 19:20:00+00:00,92584,92585,92649,-1,93.44,91.74,0.01819349315068497,0.0004,0.0,0.01779349315068497,maker
SOLUSD,2026-02-05 01:45:00+00:00,92661,92662,92726,-1,92.0,90.64,0.014782608695652177,0.0004,0.0,0.014382608695652178,maker
SOLUSD,2026-02-06 04:35:00+00:00,92983,92984,93048,-1,77.03,81.22,-0.054394391795404395,0.0004,0.0,-0.05479439179540439,maker
SOLUSD,2026-02-07 00:10:00+00:00,93218,93219,93283,1,86.89,88.02,0.013004948785821036,0.0004,0.0,0.012604948785821036,maker
SOLUSD,2026-02-07 23:20:00+00:00,93496,93497,93561,1,87.29,87.11,-0.0020620918776492747,0.0004,0.0,-0.002462091877649275,maker
SOLUSD,2026-02-08 07:10:00+00:00,93590,93591,93655,1,86.99,88.0,0.011610529945970782,0.0004,0.0,0.011210529945970783,maker
SOLUSD,2026-02-08 16:25:00+00:00,93701,93702,93766,1,87.53,86.46,-0.012224380212498609,0.0004,0.0,-0.012624380212498608,maker
SOLUSD,2026-02-09 13:30:00+00:00,93954,93955,94019,-1,84.07,87.27,-0.03806351849649103,0.0004,0.0,-0.03846351849649103,maker
SOLUSD,2026-02-09 21:40:00+00:00,94052,94053,94117,1,86.76,86.6,-0.0018441678192716582,0.0004,0.0,-0.0022441678192716584,maker
SOLUSD,2026-02-10 06:30:00+00:00,94158,94159,94223,1,85.39,83.77,-0.01897177655463178,0.0004,0.0,-0.019371776554631782,maker
SOLUSD,2026-02-11 00:35:00+00:00,94375,94376,94440,-1,83.44,81.84,0.019175455417066112,0.0004,0.0,0.01877545541706611,maker
SOLUSD,2026-02-11 13:50:00+00:00,94534,94535,94599,-1,81.15,80.1,0.012939001848429,0.0004,0.0,0.012539001848429,maker
SOLUSD,2026-02-12 01:40:00+00:00,94676,94677,94741,-1,80.55,80.51,0.0004965859714461951,0.0004,0.0,9.658597144619508e-05,maker
SOLUSD,2026-02-12 07:50:00+00:00,94750,94751,94815,-1,80.64,81.02,-0.004712301587301626,0.0004,0.0,-0.005112301587301626,maker
SOLUSD,2026-02-13 00:05:00+00:00,94945,94946,95010,-1,78.36,78.29,0.0008933129147523644,0.0004,0.0,0.0004933129147523644,maker
SOLUSD,2026-02-13 08:05:00+00:00,95041,95042,95107,-1,79.04,80.25,-0.015308704453441235,0.0004,0.0,-0.015708704453441236,maker
SOLUSD,2026-02-14 06:10:00+00:00,95306,95307,95371,1,84.49,86.63,0.025328441235649146,0.0004,0.0,0.024928441235649145,maker
SOLUSD,2026-02-14 13:35:00+00:00,95395,95396,95460,1,86.26,87.97,0.019823788546255328,0.0004,0.0,0.019423788546255327,maker
SOLUSD,2026-02-15 01:50:00+00:00,95542,95543,95607,1,88.0,89.82,0.020681818181818024,0.0004,0.0,0.020281818181818023,maker
SOLUSD,2026-02-15 08:45:00+00:00,95625,95626,95690,1,89.62,87.04,-0.02878821691586697,0.0004,0.0,-0.029188216915866972,maker
SOLUSD,2026-02-15 22:10:00+00:00,95786,95787,95851,-1,86.35,84.95,0.01621308627678042,0.0004,0.0,0.01581308627678042,maker
SOLUSD,2026-02-16 09:15:00+00:00,95919,95920,95984,-1,85.6,84.24,0.015887850467289688,0.0004,0.0,0.015487850467289689,maker
SOLUSD,2026-02-16 17:35:00+00:00,96019,96020,96084,-1,84.51,85.66,-0.013607857058336226,0.0004,0.0,-0.014007857058336225,maker
SOLUSD,2026-02-17 16:40:00+00:00,96296,96297,96361,-1,84.85,85.24,-0.004596346493812575,0.0004,0.0,-0.0049963464938125755,maker
SOLUSD,2026-02-17 22:25:00+00:00,96365,96366,96432,-1,85.18,85.22,-0.0004695938013616896,0.0004,0.0,-0.0008695938013616896,maker
SOLUSD,2026-02-18 04:25:00+00:00,96437,96438,96502,-1,85.28,85.39,-0.001289868667917471,0.0004,0.0,-0.0016898686679174709,maker
SOLUSD,2026-02-18 15:45:00+00:00,96573,96574,96641,-1,83.5,81.356268,0.025673437125748544,0.0007,0.0,0.024973437125748545,fallback_taker
SOLUSD,2026-02-19 06:55:00+00:00,96755,96756,96820,-1,82.34,81.02,0.01603109059995156,0.0004,0.0,0.015631090599951557,maker
SOLUSD,2026-02-19 14:55:00+00:00,96851,96852,96916,-1,80.76,81.84,-0.013372956909361022,0.0004,0.0,-0.013772956909361022,maker
SOLUSD,2026-02-19 20:30:00+00:00,96918,96919,96983,-1,81.99,82.83,-0.010245151847786405,0.0004,0.0,-0.010645151847786404,maker
SOLUSD,2026-02-20 11:50:00+00:00,97102,97103,97167,1,83.54,83.22,-0.003830500359109479,0.0004,0.0,-0.004230500359109479,maker
SOLUSD,2026-02-21 04:25:00+00:00,97301,97302,97366,1,84.32,85.04,0.008538899430740265,0.0004,0.0,0.008138899430740266,maker
SOLUSD,2026-02-21 20:50:00+00:00,97498,97499,97563,1,85.56,85.45,-0.0012856474988311994,0.0004,0.0,-0.0016856474988311994,maker
SOLUSD,2026-02-23 06:55:00+00:00,97907,97908,97972,-1,79.08,80.12,-0.013151239251391056,0.0004,0.0,-0.013551239251391055,maker
SOLUSD,2026-02-23 21:25:00+00:00,98081,98082,98146,-1,78.46,77.62,0.010706092276319024,0.0004,0.0,0.010306092276319024,maker
SOLUSD,2026-02-24 14:55:00+00:00,98291,98292,98358,-1,76.89,78.66,-0.023019898556379204,0.0004,0.0,-0.023419898556379205,maker
SOLUSD,2026-02-25 06:15:00+00:00,98475,98476,98540,1,81.36,83.03,0.020526057030481937,0.0004,0.0,0.020126057030481936,maker
SOLUSD,2026-02-25 22:55:00+00:00,98675,98676,98740,1,89.09,88.46,-0.007071500729599389,0.0004,0.0,-0.007471500729599389,maker
SOLUSD,2026-02-26 19:15:00+00:00,98919,98920,98984,-1,86.07,85.45,0.007203439061229111,0.0004,0.0,0.006803439061229111,maker
SOLUSD,2026-02-27 02:40:00+00:00,99008,99009,99076,-1,86.69,87.747546,-0.012199169454377712,0.0007,0.0,-0.012899169454377711,fallback_taker
SOLUSD,2026-02-28 00:15:00+00:00,99267,99268,99332,-1,81.83,81.45,0.004643773677135421,0.0004,0.0,0.004243773677135421,maker
SOLUSD,2026-03-01 22:20:00+00:00,99820,99821,99885,-1,83.44,84.9,-0.01749760306807291,0.0004,0.0,-0.01789760306807291,maker
SOLUSD,2026-03-02 12:15:00+00:00,99987,99988,100052,-1,83.96,87.35,-0.04037636969985714,0.0004,0.0,-0.04077636969985714,maker
SOLUSD,2026-03-02 19:20:00+00:00,100072,100073,100137,1,87.357,87.25,-0.001224858912279525,0.0004,0.0,-0.001624858912279525,maker
SOLUSD,2026-03-03 04:55:00+00:00,100187,100188,100252,1,85.83,83.89,-0.02260281952697185,0.0004,0.0,-0.023002819526971852,maker
SOLUSD,2026-03-03 18:40:00+00:00,100352,100354,100417,-1,85.64,86.83,-0.013895375992526882,0.0004,0.0,-0.014295375992526881,maker
SOLUSD,2026-03-04 03:55:00+00:00,100463,100464,100528,1,85.77,89.83,0.047335898332750315,0.0004,0.0,0.04693589833275032,maker
SOLUSD,2026-03-04 12:30:00+00:00,100566,100567,100631,1,89.17,91.76,0.02904564315352709,0.0004,0.0,0.02864564315352709,maker
SOLUSD,2026-03-04 21:55:00+00:00,100679,100680,100744,1,92.35,90.11,-0.024255549539794252,0.0004,0.0,-0.024655549539794253,maker
SOLUSD,2026-03-05 05:50:00+00:00,100774,100775,100839,1,90.16,92.39,0.024733806566104688,0.0004,0.0,0.024333806566104687,maker
SOLUSD,2026-03-05 14:10:00+00:00,100874,100875,100939,1,91.05,89.03,-0.02218561230093352,0.0004,0.0,-0.022585612300933523,maker
SOLUSD,2026-03-05 20:40:00+00:00,100952,100953,101017,-1,89.25,89.0,0.0028011204481792618,0.0004,0.0,0.0024011204481792616,maker
SOLUSD,2026-03-06 07:35:00+00:00,101083,101084,101148,-1,88.56,86.49,0.023373983739837456,0.0004,0.0,0.022973983739837455,maker
SOLUSD,2026-03-06 18:50:00+00:00,101218,101219,101283,-1,85.38,84.77,0.007144530334973087,0.0004,0.0,0.006744530334973087,maker
SOLUSD,2026-03-07 03:15:00+00:00,101319,101320,101384,-1,84.76,84.49,0.0031854648419066267,0.0004,0.0,0.0027854648419066265,maker
SOLUSD,2026-03-07 09:30:00+00:00,101394,101395,101459,-1,84.55,84.23,0.003784742755765791,0.0004,0.0,0.0033847427557657907,maker
SOLUSD,2026-03-07 21:30:00+00:00,101538,101539,101603,-1,83.09,82.5,0.007100734143699605,0.0004,0.0,0.006700734143699605,maker
SOLUSD,2026-03-08 07:20:00+00:00,101656,101658,101721,-1,82.88,82.47,0.004946911196911152,0.0004,0.0,0.004546911196911152,maker
SOLUSD,2026-03-09 00:45:00+00:00,101865,101866,101930,-1,82.51,84.01,-0.018179614592170656,0.0004,0.0,-0.018579614592170657,maker
SOLUSD,2026-03-09 11:30:00+00:00,101994,101995,102059,1,83.49,85.2,0.02048149478979533,0.0004,0.0,0.020081494789795328,maker
SOLUSD,2026-03-10 00:15:00+00:00,102147,102148,102212,1,85.29,86.45,0.013600656583421245,0.0004,0.0,0.013200656583421245,maker
SOLUSD,2026-03-10 12:15:00+00:00,102291,102292,102356,1,86.52,87.87,0.01560332871012493,0.0004,0.0,0.015203328710124931,maker
SOLUSD,2026-03-10 18:30:00+00:00,102366,102367,102431,1,86.74,85.81,-0.010721697025593668,0.0004,0.0,-0.011121697025593668,maker
SOLUSD,2026-03-11 23:35:00+00:00,102715,102716,102780,1,86.83,85.13,-0.01957848669814588,0.0004,0.0,-0.01997848669814588,maker
SOLUSD,2026-03-12 19:00:00+00:00,102948,102949,103013,1,85.96,89.99,0.04688227082363894,0.0004,0.0,0.04648227082363894,maker
SOLUSD,2026-03-13 03:40:00+00:00,103052,103053,103117,1,89.28,89.23,-0.0005600358422939156,0.0004,0.0,-0.0009600358422939155,maker
SOLUSD,2026-03-14 03:45:00+00:00,103341,103342,103406,-1,88.4,87.28,0.012669683257918618,0.0004,0.0,0.012269683257918619,maker
SOLUSD,2026-03-14 13:05:00+00:00,103453,103454,103518,-1,87.11,86.95,0.00183675812191475,0.0004,0.0,0.00143675812191475,maker
SOLUSD,2026-03-14 22:45:00+00:00,103569,103570,103634,-1,87.28,88.17,-0.01019706691109068,0.0004,0.0,-0.010597066911090679,maker
SOLUSD,2026-03-15 13:00:00+00:00,103740,103741,103805,1,88.31,88.6,0.0032838863095911996,0.0004,0.0,0.0028838863095911995,maker
SOLUSD,2026-03-16 03:10:00+00:00,103910,103911,103975,1,91.53,93.02,0.01627881568884515,0.0004,0.0,0.01587881568884515,maker
SOLUSD,2026-03-16 08:45:00+00:00,103977,103978,104042,1,92.91,94.35,0.015498869874071675,0.0004,0.0,0.015098869874071675,maker
SOLUSD,2026-03-17 01:05:00+00:00,104173,104174,104238,1,95.39,94.19,-0.012579935003669163,0.0004,0.0,-0.012979935003669162,maker
SOLUSD,2026-03-18 00:05:00+00:00,104449,104450,104514,1,94.81,94.16,-0.006855816896951805,0.0004,0.0,-0.007255816896951805,maker
SOLUSD,2026-03-19 02:40:00+00:00,104768,104769,104833,-1,90.31,89.37,0.010408592625401392,0.0004,0.0,0.010008592625401392,maker
SOLUSD,2026-03-19 10:30:00+00:00,104862,104863,104927,-1,90.09,87.62,0.02741702741702745,0.0004,0.0,0.02701702741702745,maker
SOLUSD,2026-03-19 19:20:00+00:00,104968,104969,105033,-1,89.07,89.27,-0.0022454249466712373,0.0004,0.0,-0.0026454249466712374,maker
SOLUSD,2026-03-20 14:45:00+00:00,105201,105202,105266,-1,89.32,89.15,0.001903269144648334,0.0004,0.0,0.0015032691446483341,maker
SOLUSD,2026-03-20 21:35:00+00:00,105283,105284,105348,-1,89.69,90.45,-0.008473631397034387,0.0004,0.0,-0.008873631397034386,maker
SOLUSD,2026-03-21 20:40:00+00:00,105560,105561,105625,-1,90.11,87.59,0.027965819553878557,0.0004,0.0,0.027565819553878556,maker
SOLUSD,2026-03-22 03:50:00+00:00,105646,105647,105711,-1,88.59,87.57,0.011513714866237867,0.0004,0.0,0.011113714866237868,maker
SOLUSD,2026-03-22 13:15:00+00:00,105759,105760,105824,-1,87.47,86.77,0.00800274379787358,0.0004,0.0,0.007602743797873579,maker
SOLUSD,2026-03-22 23:05:00+00:00,105877,105878,105942,-1,86.63,86.54,0.0010389010735309956,0.0004,0.0,0.0006389010735309956,maker
SOLUSD,2026-03-23 16:35:00+00:00,106087,106088,106152,1,89.81,91.6,0.019930965371339315,0.0004,0.0,0.019530965371339314,maker
SOLUSD,2026-03-24 01:20:00+00:00,106192,106193,106257,1,90.87,90.27,-0.00660283922086502,0.0004,0.0,-0.00700283922086502,maker
SOLUSD,2026-03-24 13:10:00+00:00,106334,106335,106399,1,91.45,89.23,-0.024275560415527586,0.0004,0.0,-0.024675560415527587,maker
SOLUSD,2026-03-25 08:00:00+00:00,106560,106561,106626,1,91.99,93.0,0.010979454288509771,0.0004,0.0,0.010579454288509772,maker
SOLUSD,2026-03-26 14:05:00+00:00,106921,106922,106986,-1,87.82,85.6,0.02527897973126847,0.0004,0.0,0.02487897973126847,maker
SOLUSD,2026-03-26 21:50:00+00:00,107014,107015,107079,-1,86.84,86.39,0.005181943804698275,0.0004,0.0,0.0047819438046982745,maker
SOLUSD,2026-03-27 21:35:00+00:00,107299,107300,107364,-1,82.75,82.52,0.0027794561933535133,0.0004,0.0,0.002379456193353513,maker
SOLUSD,2026-03-28 06:30:00+00:00,107406,107407,107471,-1,83.08,82.94,0.0016851227732306295,0.0004,0.0,0.0012851227732306296,maker
SOLUSD,2026-03-29 02:55:00+00:00,107651,107652,107716,-1,82.72,82.33,0.004714700193423571,0.0004,0.0,0.004314700193423571,maker
SOLUSD,2026-03-29 11:30:00+00:00,107754,107755,107822,-1,82.48,81.796356,0.008288603297769148,0.0007,0.0,0.007588603297769148,fallback_taker
SOLUSD,2026-03-29 21:05:00+00:00,107869,107870,107934,-1,81.887,82.68,-0.009684076837593425,0.0004,0.0,-0.010084076837593424,maker
SOLUSD,2026-03-30 21:25:00+00:00,108161,108162,108227,-1,83.3,83.82,-0.006242496998799529,0.0004,0.0,-0.0066424969987995295,maker
SOLUSD,2026-03-31 14:00:00+00:00,108360,108361,108425,-1,81.71,82.62,-0.01113694774201468,0.0004,0.0,-0.01153694774201468,maker
SOLUSD,2026-04-01 09:30:00+00:00,108594,108595,108659,1,83.49,83.4,-0.0010779734099890526,0.0004,0.0,-0.0014779734099890525,maker
SOLUSD,2026-04-02 08:00:00+00:00,108864,108865,108929,-1,79.53,77.44,0.026279391424619658,0.0004,0.0,0.025879391424619657,maker
SOLUSD,2026-04-02 19:15:00+00:00,108999,109000,109064,-1,79.08,79.2,-0.0015174506828528056,0.0004,0.0,-0.0019174506828528056,maker
SOLUSD,2026-04-03 00:50:00+00:00,109066,109067,109131,-1,79.13,79.36,-0.0029066093769747336,0.0004,0.0,-0.003306609376974734,maker
SOLUSD,2026-04-03 13:20:00+00:00,109216,109217,109281,1,79.38,80.21,0.010456034265557967,0.0004,0.0,0.010056034265557968,maker
SOLUSD,2026-04-04 09:35:00+00:00,109459,109460,109524,1,79.98,80.32,0.004251062765691316,0.0004,0.0,0.0038510627656913156,maker
SOLUSD,2026-04-05 00:25:00+00:00,109637,109638,109704,1,80.76,80.37,-0.004829123328380369,0.0004,0.0,-0.005229123328380369,maker
SOLUSD,2026-04-05 10:30:00+00:00,109758,109759,109823,-1,79.86,79.76,0.0012521913348358948,0.0004,0.0,0.0008521913348358949,maker
SOLUSD,2026-04-06 06:40:00+00:00,110000,110001,110065,1,81.27,82.4,0.013904269718223228,0.0004,0.0,0.013504269718223228,maker
SOLUSD,2026-04-06 14:50:00+00:00,110098,110099,110163,1,82.21,82.06,-0.0018245955479867515,0.0004,0.0,-0.0022245955479867517,maker
SOLUSD,2026-04-08 01:25:00+00:00,110513,110514,110578,1,84.47,84.63,0.0018941636083815716,0.0004,0.0,0.0014941636083815716,maker
SOLUSD,2026-04-08 12:30:00+00:00,110646,110649,110711,1,84.49,83.89,-0.007101432122144535,0.0004,0.0,-0.0075014321221445355,maker
SOLUSD,2026-04-09 07:25:00+00:00,110873,110874,110938,-1,82.3,82.18,0.001458080194410627,0.0004,0.0,0.001058080194410627,maker
SOLUSD,2026-04-10 23:20:00+00:00,111352,111353,111417,1,84.86,84.41,-0.005302851755833116,0.0004,0.0,-0.005702851755833116,maker
SOLUSD,2026-04-12 12:30:00+00:00,111798,111799,111863,-1,82.32,82.18,0.001700680272108679,0.0004,0.0,0.001300680272108679,maker
SOLUSD,2026-04-13 02:10:00+00:00,111962,111963,112027,-1,82.08,81.97,0.0013401559454191414,0.0004,0.0,0.0009401559454191414,maker
SOLUSD,2026-04-14 11:30:00+00:00,112362,112363,112427,1,85.8,85.0,-0.009324009324009341,0.0004,0.0,-0.00972400932400934,maker
SOLUSD,2026-04-15 11:05:00+00:00,112645,112646,112710,-1,83.22,84.57,-0.016222062004325855,0.0004,0.0,-0.016622062004325856,maker
SOLUSD,2026-04-15 20:45:00+00:00,112761,112762,112826,1,84.82,84.87,0.0005894836123556679,0.0004,0.0,0.0001894836123556679,maker
SOLUSD,2026-04-16 21:35:00+00:00,113059,113060,113124,1,88.93,87.89,-0.01169459125154626,0.0004,0.0,-0.01209459125154626,maker
SOLUSD,2026-04-17 18:20:00+00:00,113308,113309,113373,1,89.2,88.73,-0.005269058295964135,0.0004,0.0,-0.005669058295964135,maker
SOLUSD,2026-04-18 03:40:00+00:00,113420,113421,113485,1,88.85,87.493,-0.01527293190770962,0.0004,0.0,-0.01567293190770962,maker
SOLUSD,2026-04-19 11:20:00+00:00,113800,113801,113865,-1,85.35,86.14,-0.009256004686584829,0.0004,0.0,-0.009656004686584828,maker
SOLUSD,2026-04-19 17:10:00+00:00,113870,113871,113935,1,85.7,83.7,-0.023337222870478458,0.0004,0.0,-0.02373722287047846,maker
SOLUSD,2026-04-20 01:15:00+00:00,113967,113969,114032,-1,84.13,84.29,-0.0019018186140498106,0.0004,0.0,-0.0023018186140498107,maker
SOLUSD,2026-04-20 23:20:00+00:00,114232,114233,114297,1,85.42,85.27,-0.0017560290330134176,0.0004,0.0,-0.002156029033013418,maker
SOLUSD,2026-04-21 12:25:00+00:00,114389,114390,114454,1,85.86,85.5,-0.004192872117400381,0.0004,0.0,-0.0045928721174003815,maker
SOLUSD,2026-04-21 20:45:00+00:00,114489,114490,114554,-1,85.55,86.36,-0.009468147282291062,0.0004,0.0,-0.009868147282291061,maker
SOLUSD,2026-04-23 03:30:00+00:00,114570,114571,114635,1,85.74,85.76,0.00023326335432716228,0.0004,0.0,-0.00016673664567283774,maker
SOLUSD,2026-04-24 14:30:00+00:00,114990,114991,115055,1,86.11,86.37,0.0030193937986298103,0.0004,0.0,0.00261939379862981,maker
SOLUSD,2026-04-24 22:40:00+00:00,115088,115090,115153,1,86.25,86.48,0.002666666666666817,0.0004,0.0,0.002266666666666817,maker
SOLUSD,2026-04-25 05:15:00+00:00,115167,115168,115233,1,86.2,86.66,0.005336426914153147,0.0004,0.0,0.004936426914153147,maker
SOLUSD,2026-04-25 11:45:00+00:00,115245,115246,115312,1,86.38,85.82,-0.006482982171799101,0.0004,0.0,-0.006882982171799101,maker
SOLUSD,2026-04-25 21:15:00+00:00,115359,115360,115424,-1,86.08,86.3,-0.0025557620817844295,0.0004,0.0,-0.0029557620817844297,maker
SOLUSD,2026-04-26 15:05:00+00:00,115573,115574,115638,-1,86.44,86.81,-0.004280425728829362,0.0004,0.0,-0.0046804257288293625,maker
SOLUSD,2026-04-26 21:50:00+00:00,115654,115655,115719,1,86.63,88.02,0.01604524991342493,0.0004,0.0,0.01564524991342493,maker
SOLUSD,2026-04-27 22:55:00+00:00,115955,115956,116020,-1,84.54,83.98,0.006624083274189729,0.0004,0.0,0.006224083274189729,maker
SOLUSD,2026-04-28 18:30:00+00:00,116190,116191,116255,-1,83.7,84.14,-0.0052568697729988845,0.0004,0.0,-0.005656869772998885,maker
SOLUSD,2026-04-29 00:00:00+00:00,116256,116257,116321,-1,84.08,84.85,-0.009157944814462304,0.0004,0.0,-0.009557944814462304,maker
SOLUSD,2026-04-29 08:50:00+00:00,116362,116363,116427,1,84.45,83.78,-0.007933688573120157,0.0004,0.0,-0.008333688573120156,maker
SOLUSD,2026-04-29 21:00:00+00:00,116508,116509,116573,-1,82.57,83.63,-0.012837592345888327,0.0004,0.0,-0.013237592345888326,maker
SOLUSD,2026-04-30 07:50:00+00:00,116638,116639,116703,-1,83.23,83.12,0.0013216388321518613,0.0004,0.0,0.0009216388321518613,maker
SOLUSD,2026-05-01 17:35:00+00:00,117043,117044,117108,1,84.18,83.73,-0.005345687811831867,0.0004,0.0,-0.0057456878118318675,maker
SOLUSD,2026-05-01 23:35:00+00:00,117115,117116,117180,1,83.69,83.63,-0.000716931533038645,0.0004,0.0,-0.001116931533038645,maker
SOLUSD,2026-05-03 01:05:00+00:00,117421,117422,117486,1,83.97,83.62,-0.004168155293557185,0.0004,0.0,-0.0045681552935571855,maker
SOLUSD,2026-05-03 07:10:00+00:00,117494,117495,117559,-1,83.83,84.1,-0.003220804008111644,0.0004,0.0,-0.003620804008111644,maker
SOLUSD,2026-05-03 19:15:00+00:00,117639,117640,117704,-1,84.25,83.4,0.010089020771513302,0.0004,0.0,0.009689020771513302,maker
SOLUSD,2026-05-04 16:50:00+00:00,117898,117899,117963,-1,84.48,84.46,0.000236742424242542,0.0004,0.0,-0.00016325757575745803,maker
SOLUSD,2026-05-06 00:30:00+00:00,118278,118279,118343,1,86.27,87.34,0.012402921061782868,0.0004,0.0,0.012002921061782868,maker
SOLUSD,2026-05-06 18:15:00+00:00,118491,118492,118556,1,88.81,89.03,0.0024771985136808894,0.0004,0.0,0.002077198513680889,maker
SOLUSD,2026-05-07 10:30:00+00:00,118686,118687,118751,1,88.88,88.44,-0.004950495049504955,0.0004,0.0,-0.005350495049504955,maker
SOLUSD,2026-05-08 13:45:00+00:00,119013,119014,119078,1,88.29,92.41,0.046664401404462375,0.0004,0.0,0.04626440140446238,maker
SOLUSD,2026-05-09 05:10:00+00:00,119198,119199,119263,1,93.11,93.5,0.004188594135968282,0.0004,0.0,0.003788594135968282,maker
SOLUSD,2026-05-09 13:40:00+00:00,119300,119301,119365,1,93.28,93.24,-0.00042881646655235084,0.0004,0.0,-0.0008288164665523508,maker
SOLUSD,2026-05-10 10:20:00+00:00,119548,119549,119613,1,93.82,94.56,0.00788744404178221,0.0004,0.0,0.00748744404178221,maker
