cell,scheme,method,delta_R,p_le0,bh10,switch_share
S2_ST_ROC_15m,s1_w1,naive,0.0234,0.002,True,1.0
S2_ST_ROC_30m,s1_w1,naive,0.0005,0.502,False,1.0
S2_ST_ROC_1h,s1_w1,naive,0.0237,0.037,False,1.0
N23_HA_ST_15m,s1_w1,naive,0.0213,0.0,True,1.0
N23_HA_ST_30m,s1_w1,naive,0.0049,0.285,False,1.0
N23_HA_ST_1h,s1_w1,naive,-0.0044,0.635,False,1.0
N24_DMI_15m,s1_w1,naive,0.0179,0.063,False,1.0
N24_DMI_30m,s1_w1,naive,0.0087,0.278,False,1.0
N24_DMI_1h,s1_w1,naive,-0.0329,0.953,False,1.0
N10_HA_PSAR_15m,s1_w1,naive,0.0174,0.018,False,1.0
N10_HA_PSAR_30m,s1_w1,naive,-0.0032,0.59,False,1.0
N10_HA_PSAR_1h,s1_w1,naive,0.0028,0.422,False,1.0
S4_BB_BBP_15m,s1_w1,naive,0.0127,0.088,False,1.0
S4_BB_BBP_30m,s1_w1,naive,-0.0126,0.826,False,1.0
S4_BB_BBP_1h,s1_w1,naive,-0.0201,0.846,False,1.0
N06_MACD_ORB_15m,s1_w1,naive,0.0067,0.354,False,0.9963
N06_MACD_ORB_30m,s1_w1,naive,-0.0336,0.962,False,0.9851
N06_MACD_ORB_1h,s1_w1,naive,-0.0181,0.816,False,0.9182
OBV_B_15m,s1_w1,naive,0.0326,0.001,True,1.0
OBV_B_30m,s1_w1,naive,-0.0122,0.813,False,1.0
OBV_B_1h,s1_w1,naive,-0.0338,0.962,False,1.0
F6_VWAP_CROSS_15m,s1_w1,naive,0.0125,0.125,False,1.0
F6_VWAP_CROSS_30m,s1_w1,naive,0.0094,0.23,False,1.0
F6_VWAP_CROSS_1h,s1_w1,naive,-0.0157,0.843,False,1.0
F9_FVG_15m,s1_w1,naive,0.0062,0.25,False,1.0
F9_FVG_30m,s1_w1,naive,-0.0041,0.629,False,1.0
F9_FVG_1h,s1_w1,naive,0.0097,0.262,False,1.0
N17_KC_RSI_15m,s1_w1,naive,-0.0281,0.91,False,1.0
N17_KC_RSI_30m,s1_w1,naive,-0.0144,0.728,False,1.0
N17_KC_RSI_1h,s1_w1,naive,-0.0031,0.537,False,1.0
N16_BBRSI_15m,s1_w1,naive,-0.062,1.0,False,1.0
N16_BBRSI_30m,s1_w1,naive,-0.05,0.996,False,1.0
N16_BBRSI_1h,s1_w1,naive,-0.0376,0.981,False,0.9368
F5_BOX_15m,s1_w1,naive,-0.0168,0.784,False,1.0
F5_BOX_30m,s1_w1,naive,0.0012,0.494,False,0.9888
F5_BOX_1h,s1_w1,naive,0.0591,0.025,False,0.6877
S2_ST_ROC_15m,s1_w1,naive_P,-0.0042,0.855,False,0.8996
S2_ST_ROC_30m,s1_w1,naive_P,0.0056,0.101,False,0.9145
S2_ST_ROC_1h,s1_w1,naive_P,-0.0023,0.672,False,0.9071
N23_HA_ST_15m,s1_w1,naive_P,-0.0002,0.49,False,0.9331
N23_HA_ST_30m,s1_w1,naive_P,0.0029,0.181,False,0.8959
N23_HA_ST_1h,s1_w1,naive_P,-0.0053,0.953,False,0.8439
N24_DMI_15m,s1_w1,naive_P,0.0017,0.281,False,0.9145
N24_DMI_30m,s1_w1,naive_P,-0.0053,0.887,False,0.9219
N24_DMI_1h,s1_w1,naive_P,-0.0026,0.673,False,0.9108
N10_HA_PSAR_15m,s1_w1,naive_P,-0.0019,0.817,False,0.8848
N10_HA_PSAR_30m,s1_w1,naive_P,-0.0022,0.808,False,0.8699
N10_HA_PSAR_1h,s1_w1,naive_P,0.0042,0.112,False,0.8439
S4_BB_BBP_15m,s1_w1,naive_P,-0.0056,0.912,False,0.8476
S4_BB_BBP_30m,s1_w1,naive_P,-0.0095,0.983,False,0.9145
S4_BB_BBP_1h,s1_w1,naive_P,-0.0076,0.887,False,0.8996
N06_MACD_ORB_15m,s1_w1,naive_P,0.0036,0.352,False,0.8885
N06_MACD_ORB_30m,s1_w1,naive_P,0.0054,0.259,False,0.8773
N06_MACD_ORB_1h,s1_w1,naive_P,-0.0112,0.88,False,0.8104
OBV_B_15m,s1_w1,naive_P,0.0022,0.23,False,0.9145
OBV_B_30m,s1_w1,naive_P,0.0024,0.289,False,0.9145
OBV_B_1h,s1_w1,naive_P,-0.0009,0.566,False,0.9219
F6_VWAP_CROSS_15m,s1_w1,naive_P,0.0159,0.0,True,0.9368
F6_VWAP_CROSS_30m,s1_w1,naive_P,0.0138,0.0,True,0.9257
F6_VWAP_CROSS_1h,s1_w1,naive_P,0.0021,0.286,False,0.9071
F9_FVG_15m,s1_w1,naive_P,0.0003,0.446,False,0.8959
F9_FVG_30m,s1_w1,naive_P,0.0046,0.09,False,0.8848
F9_FVG_1h,s1_w1,naive_P,0.0012,0.403,False,0.8513
N17_KC_RSI_15m,s1_w1,naive_P,0.0054,0.121,False,0.9442
N17_KC_RSI_30m,s1_w1,naive_P,-0.0002,0.508,False,0.9554
N17_KC_RSI_1h,s1_w1,naive_P,-0.0012,0.566,False,0.9368
N16_BBRSI_15m,s1_w1,naive_P,-0.0083,0.923,False,0.8773
N16_BBRSI_30m,s1_w1,naive_P,0.0026,0.339,False,0.8773
N16_BBRSI_1h,s1_w1,naive_P,0.0147,0.026,False,0.8327
F5_BOX_15m,s1_w1,naive_P,-0.0151,0.928,False,0.8662
F5_BOX_30m,s1_w1,naive_P,0.0074,0.276,False,0.8178
F5_BOX_1h,s1_w1,naive_P,-0.0053,0.661,False,0.6394
S2_ST_ROC_15m,s1_w1,naive_F,0.0092,0.02,False,0.9368
S2_ST_ROC_30m,s1_w1,naive_F,0.0017,0.338,False,0.9368
S2_ST_ROC_1h,s1_w1,naive_F,-0.002,0.649,False,0.9071
N23_HA_ST_15m,s1_w1,naive_F,0.0043,0.121,False,0.9145
N23_HA_ST_30m,s1_w1,naive_F,0.0018,0.326,False,0.9145
N23_HA_ST_1h,s1_w1,naive_F,0.0002,0.488,False,0.8773
N24_DMI_15m,s1_w1,naive_F,-0.0017,0.598,False,0.948
N24_DMI_30m,s1_w1,naive_F,0.0017,0.414,False,0.9368
N24_DMI_1h,s1_w1,naive_F,-0.0034,0.654,False,0.9145
N10_HA_PSAR_15m,s1_w1,naive_F,-0.0041,0.779,False,0.9219
N10_HA_PSAR_30m,s1_w1,naive_F,0.0026,0.341,False,0.9554
N10_HA_PSAR_1h,s1_w1,naive_F,0.0066,0.168,False,0.9517
S4_BB_BBP_15m,s1_w1,naive_F,0.0163,0.002,True,0.9405
S4_BB_BBP_30m,s1_w1,naive_F,-0.0007,0.539,False,0.9331
S4_BB_BBP_1h,s1_w1,naive_F,0.003,0.323,False,0.8848
N06_MACD_ORB_15m,s1_w1,naive_F,-0.0095,0.829,False,0.71
N06_MACD_ORB_30m,s1_w1,naive_F,0.0127,0.073,False,0.6283
N06_MACD_ORB_1h,s1_w1,naive_F,-0.0052,0.872,False,0.3494
OBV_B_15m,s1_w1,naive_F,0.0109,0.069,False,0.9442
OBV_B_30m,s1_w1,naive_F,0.0066,0.217,False,0.948
OBV_B_1h,s1_w1,naive_F,0.0034,0.34,False,0.9145
F6_VWAP_CROSS_15m,s1_w1,naive_F,-0.001,0.562,False,0.9257
F6_VWAP_CROSS_30m,s1_w1,naive_F,0.0113,0.023,False,0.948
F6_VWAP_CROSS_1h,s1_w1,naive_F,-0.005,0.861,False,0.9294
F9_FVG_15m,s1_w1,naive_F,0.003,0.258,False,0.9145
F9_FVG_30m,s1_w1,naive_F,-0.0014,0.625,False,0.9331
F9_FVG_1h,s1_w1,naive_F,0.0,0.47,False,0.9257
N17_KC_RSI_15m,s1_w1,naive_F,-0.0037,0.624,False,0.9033
N17_KC_RSI_30m,s1_w1,naive_F,-0.006,0.729,False,0.9071
N17_KC_RSI_1h,s1_w1,naive_F,-0.0081,0.832,False,0.8439
N16_BBRSI_15m,s1_w1,naive_F,0.0087,0.224,False,0.9442
N16_BBRSI_30m,s1_w1,naive_F,-0.0091,0.862,False,0.6766
N16_BBRSI_1h,s1_w1,naive_F,0.0034,0.162,False,0.1822
F5_BOX_15m,s1_w1,naive_F,0.0008,0.459,False,0.5688
F5_BOX_30m,s1_w1,naive_F,0.0038,0.282,False,0.223
F5_BOX_1h,s1_w1,naive_F,0.0038,0.206,False,0.0929
S2_ST_ROC_15m,s1_w1,naive_S,0.0202,0.0,True,0.8625
S2_ST_ROC_30m,s1_w1,naive_S,0.0099,0.0,True,0.7732
S2_ST_ROC_1h,s1_w1,naive_S,0.0,0.49,False,0.7955
N23_HA_ST_15m,s1_w1,naive_S,0.0258,0.0,True,0.9182
N23_HA_ST_30m,s1_w1,naive_S,0.0124,0.0,True,0.8625
N23_HA_ST_1h,s1_w1,naive_S,0.0032,0.066,False,0.7955
N24_DMI_15m,s1_w1,naive_S,0.019,0.0,True,0.8216
N24_DMI_30m,s1_w1,naive_S,0.005,0.037,True,0.777
N24_DMI_1h,s1_w1,naive_S,-0.0023,0.782,False,0.71
N10_HA_PSAR_15m,s1_w1,naive_S,0.0213,0.0,True,0.8216
N10_HA_PSAR_30m,s1_w1,naive_S,0.0067,0.004,True,0.7918
N10_HA_PSAR_1h,s1_w1,naive_S,-0.0001,0.522,False,0.7732
S4_BB_BBP_15m,s1_w1,naive_S,0.0215,0.0,True,0.8327
S4_BB_BBP_30m,s1_w1,naive_S,0.0031,0.177,False,0.7695
S4_BB_BBP_1h,s1_w1,naive_S,0.0035,0.176,False,0.777
N06_MACD_ORB_15m,s1_w1,naive_S,0.0013,0.399,False,0.7621
N06_MACD_ORB_30m,s1_w1,naive_S,-0.0097,0.98,False,0.684
N06_MACD_ORB_1h,s1_w1,naive_S,0.0088,0.036,True,0.5651
OBV_B_15m,s1_w1,naive_S,0.0154,0.0,True,0.8104
OBV_B_30m,s1_w1,naive_S,0.01,0.0,True,0.8216
OBV_B_1h,s1_w1,naive_S,0.0051,0.08,False,0.8104
F6_VWAP_CROSS_15m,s1_w1,naive_S,0.0169,0.0,True,0.8216
F6_VWAP_CROSS_30m,s1_w1,naive_S,0.0084,0.0,True,0.8736
F6_VWAP_CROSS_1h,s1_w1,naive_S,0.0044,0.006,True,0.7881
F9_FVG_15m,s1_w1,naive_S,0.0161,0.0,True,0.7881
F9_FVG_30m,s1_w1,naive_S,0.0062,0.012,True,0.7732
F9_FVG_1h,s1_w1,naive_S,0.001,0.38,False,0.7435
N17_KC_RSI_15m,s1_w1,naive_S,0.0252,0.0,True,0.9033
N17_KC_RSI_30m,s1_w1,naive_S,0.0107,0.0,True,0.8253
N17_KC_RSI_1h,s1_w1,naive_S,0.0002,0.466,False,0.8067
N16_BBRSI_15m,s1_w1,naive_S,0.0103,0.006,True,0.7584
N16_BBRSI_30m,s1_w1,naive_S,-0.0064,0.947,False,0.7323
N16_BBRSI_1h,s1_w1,naive_S,-0.0062,0.91,False,0.5428
F5_BOX_15m,s1_w1,naive_S,0.0108,0.015,True,0.7509
F5_BOX_30m,s1_w1,naive_S,-0.0062,0.874,False,0.5502
F5_BOX_1h,s1_w1,naive_S,0.0008,0.404,False,0.197
S2_ST_ROC_15m,s1_w1,naive_X,-0.0001,0.531,False,0.6022
S2_ST_ROC_30m,s1_w1,naive_X,-0.0008,0.562,False,0.5576
S2_ST_ROC_1h,s1_w1,naive_X,0.0024,0.388,False,0.5316
N23_HA_ST_15m,s1_w1,naive_X,-0.0006,0.593,False,0.5651
N23_HA_ST_30m,s1_w1,naive_X,-0.002,0.659,False,0.539
N23_HA_ST_1h,s1_w1,naive_X,-0.0013,0.557,False,0.5056
N24_DMI_15m,s1_w1,naive_X,0.0054,0.102,False,0.6134
N24_DMI_30m,s1_w1,naive_X,0.0127,0.029,False,0.6394
N24_DMI_1h,s1_w1,naive_X,0.0085,0.18,False,0.513
N10_HA_PSAR_15m,s1_w1,naive_X,-0.0036,0.871,False,0.5316
N10_HA_PSAR_30m,s1_w1,naive_X,-0.0025,0.685,False,0.513
N10_HA_PSAR_1h,s1_w1,naive_X,0.0001,0.501,False,0.5353
S4_BB_BBP_15m,s1_w1,naive_X,-0.0051,0.912,False,0.5651
S4_BB_BBP_30m,s1_w1,naive_X,-0.0069,0.86,False,0.5725
S4_BB_BBP_1h,s1_w1,naive_X,-0.0015,0.565,False,0.5204
N06_MACD_ORB_15m,s1_w1,naive_X,-0.0086,0.826,False,0.6097
N06_MACD_ORB_30m,s1_w1,naive_X,-0.0091,0.848,False,0.5019
N06_MACD_ORB_1h,s1_w1,naive_X,0.0089,0.195,False,0.3606
OBV_B_15m,s1_w1,naive_X,0.0017,0.329,False,0.6245
OBV_B_30m,s1_w1,naive_X,-0.008,0.945,False,0.5539
OBV_B_1h,s1_w1,naive_X,0.0021,0.394,False,0.5502
F6_VWAP_CROSS_15m,s1_w1,naive_X,0.0041,0.083,False,0.632
F6_VWAP_CROSS_30m,s1_w1,naive_X,0.0047,0.117,False,0.6691
F6_VWAP_CROSS_1h,s1_w1,naive_X,0.0044,0.179,False,0.5316
F9_FVG_15m,s1_w1,naive_X,-0.0009,0.588,False,0.539
F9_FVG_30m,s1_w1,naive_X,-0.008,0.911,False,0.5651
F9_FVG_1h,s1_w1,naive_X,-0.0148,0.971,False,0.4796
N17_KC_RSI_15m,s1_w1,naive_X,-0.0106,0.996,False,0.461
N17_KC_RSI_30m,s1_w1,naive_X,-0.0187,0.998,False,0.4461
N17_KC_RSI_1h,s1_w1,naive_X,-0.0245,0.978,False,0.5019
N16_BBRSI_15m,s1_w1,naive_X,-0.0131,0.984,False,0.6134
N16_BBRSI_30m,s1_w1,naive_X,0.0047,0.292,False,0.5799
N16_BBRSI_1h,s1_w1,naive_X,-0.0065,0.732,False,0.3234
F5_BOX_15m,s1_w1,naive_X,-0.001,0.51,False,0.5799
F5_BOX_30m,s1_w1,naive_X,0.0248,0.037,False,0.4424
F5_BOX_1h,s1_w1,naive_X,0.0136,0.103,False,0.1338
S2_ST_ROC_15m,s1_w1,gate_30_0.05_0.0,0.0225,0.0,True,0.8401
S2_ST_ROC_30m,s1_w1,gate_30_0.05_0.0,-0.0062,0.78,False,0.7881
S2_ST_ROC_1h,s1_w1,gate_30_0.05_0.0,0.0018,0.429,False,0.7695
N23_HA_ST_15m,s1_w1,gate_30_0.05_0.0,0.0189,0.0,True,0.8439
N23_HA_ST_30m,s1_w1,gate_30_0.05_0.0,0.0031,0.348,False,0.7658
N23_HA_ST_1h,s1_w1,gate_30_0.05_0.0,-0.0091,0.852,False,0.7212
N24_DMI_15m,s1_w1,gate_30_0.05_0.0,0.0257,0.002,True,0.829
N24_DMI_30m,s1_w1,gate_30_0.05_0.0,0.0063,0.28,False,0.7546
N24_DMI_1h,s1_w1,gate_30_0.05_0.0,-0.0002,0.493,False,0.6059
N10_HA_PSAR_15m,s1_w1,gate_30_0.05_0.0,0.0194,0.001,True,0.7918
N10_HA_PSAR_30m,s1_w1,gate_30_0.05_0.0,0.004,0.326,False,0.7881
N10_HA_PSAR_1h,s1_w1,gate_30_0.05_0.0,0.0074,0.16,False,0.5428
S4_BB_BBP_15m,s1_w1,gate_30_0.05_0.0,0.0025,0.35,False,0.7509
S4_BB_BBP_30m,s1_w1,gate_30_0.05_0.0,0.0138,0.08,False,0.684
S4_BB_BBP_1h,s1_w1,gate_30_0.05_0.0,-0.0037,0.667,False,0.4052
N06_MACD_ORB_15m,s1_w1,gate_30_0.05_0.0,0.0052,0.27,False,0.3532
N06_MACD_ORB_30m,s1_w1,gate_30_0.05_0.0,-0.0019,0.687,False,0.0781
N06_MACD_ORB_1h,s1_w1,gate_30_0.05_0.0,-0.0021,0.92,False,0.0037
OBV_B_15m,s1_w1,gate_30_0.05_0.0,0.0214,0.011,True,0.8476
OBV_B_30m,s1_w1,gate_30_0.05_0.0,-0.017,0.967,False,0.7881
OBV_B_1h,s1_w1,gate_30_0.05_0.0,-0.0052,0.717,False,0.6022
F6_VWAP_CROSS_15m,s1_w1,gate_30_0.05_0.0,0.0116,0.045,False,0.7323
F6_VWAP_CROSS_30m,s1_w1,gate_30_0.05_0.0,0.0078,0.13,False,0.7361
F6_VWAP_CROSS_1h,s1_w1,gate_30_0.05_0.0,-0.0011,0.549,False,0.6543
F9_FVG_15m,s1_w1,gate_30_0.05_0.0,0.0024,0.369,False,0.8216
F9_FVG_30m,s1_w1,gate_30_0.05_0.0,0.0018,0.383,False,0.7249
F9_FVG_1h,s1_w1,gate_30_0.05_0.0,-0.0134,0.943,False,0.5576
N17_KC_RSI_15m,s1_w1,gate_30_0.05_0.0,-0.0115,0.905,False,0.6617
N17_KC_RSI_30m,s1_w1,gate_30_0.05_0.0,0.0047,0.305,False,0.5911
N17_KC_RSI_1h,s1_w1,gate_30_0.05_0.0,-0.0052,0.72,False,0.4387
N16_BBRSI_15m,s1_w1,gate_30_0.05_0.0,-0.0154,0.96,False,0.7546
N16_BBRSI_30m,s1_w1,gate_30_0.05_0.0,0.0021,0.373,False,0.223
N16_BBRSI_1h,s1_w1,gate_30_0.05_0.0,0.0,1.0,False,0.0
F5_BOX_15m,s1_w1,gate_30_0.05_0.0,-0.0106,0.771,False,0.5874
F5_BOX_30m,s1_w1,gate_30_0.05_0.0,0.012,0.175,False,0.2119
F5_BOX_1h,s1_w1,gate_30_0.05_0.0,0.017,0.03,False,0.052
S2_ST_ROC_15m,s1_w1,gate_100_0.15_2.0,0.0195,0.0,True,0.6134
S2_ST_ROC_30m,s1_w1,gate_100_0.15_2.0,0.0022,0.332,False,0.4758
S2_ST_ROC_1h,s1_w1,gate_100_0.15_2.0,0.0016,0.209,False,0.026
N23_HA_ST_15m,s1_w1,gate_100_0.15_2.0,0.0129,0.003,True,0.5836
N23_HA_ST_30m,s1_w1,gate_100_0.15_2.0,0.0035,0.268,False,0.4535
N23_HA_ST_1h,s1_w1,gate_100_0.15_2.0,-0.0124,0.996,False,0.1933
N24_DMI_15m,s1_w1,gate_100_0.15_2.0,0.0085,0.014,False,0.3086
N24_DMI_30m,s1_w1,gate_100_0.15_2.0,-0.001,0.825,False,0.0149
N24_DMI_1h,s1_w1,gate_100_0.15_2.0,0.0,1.0,False,0.0
N10_HA_PSAR_15m,s1_w1,gate_100_0.15_2.0,0.0036,0.048,False,0.1227
N10_HA_PSAR_30m,s1_w1,gate_100_0.15_2.0,0.0,1.0,False,0.0
N10_HA_PSAR_1h,s1_w1,gate_100_0.15_2.0,0.0,1.0,False,0.0
S4_BB_BBP_15m,s1_w1,gate_100_0.15_2.0,-0.0002,0.52,False,0.1301
S4_BB_BBP_30m,s1_w1,gate_100_0.15_2.0,0.0,1.0,False,0.0
S4_BB_BBP_1h,s1_w1,gate_100_0.15_2.0,0.0,1.0,False,0.0
N06_MACD_ORB_15m,s1_w1,gate_100_0.15_2.0,0.0,1.0,False,0.0
N06_MACD_ORB_30m,s1_w1,gate_100_0.15_2.0,0.0,1.0,False,0.0
N06_MACD_ORB_1h,s1_w1,gate_100_0.15_2.0,0.0,1.0,False,0.0
OBV_B_15m,s1_w1,gate_100_0.15_2.0,0.0046,0.008,True,0.0892
OBV_B_30m,s1_w1,gate_100_0.15_2.0,0.0,1.0,False,0.0
OBV_B_1h,s1_w1,gate_100_0.15_2.0,0.0,1.0,False,0.0
F6_VWAP_CROSS_15m,s1_w1,gate_100_0.15_2.0,0.0032,0.242,False,0.4833
F6_VWAP_CROSS_30m,s1_w1,gate_100_0.15_2.0,-0.0,0.506,False,0.4684
F6_VWAP_CROSS_1h,s1_w1,gate_100_0.15_2.0,0.0012,0.32,False,0.1413
F9_FVG_15m,s1_w1,gate_100_0.15_2.0,-0.0005,0.573,False,0.1375
F9_FVG_30m,s1_w1,gate_100_0.15_2.0,0.0015,0.061,False,0.0112
F9_FVG_1h,s1_w1,gate_100_0.15_2.0,0.0,1.0,False,0.0
N17_KC_RSI_15m,s1_w1,gate_100_0.15_2.0,-0.0097,0.926,False,0.5279
N17_KC_RSI_30m,s1_w1,gate_100_0.15_2.0,-0.0066,0.814,False,0.368
N17_KC_RSI_1h,s1_w1,gate_100_0.15_2.0,0.0031,0.345,False,0.2379
N16_BBRSI_15m,s1_w1,gate_100_0.15_2.0,0.0,1.0,False,0.0
N16_BBRSI_30m,s1_w1,gate_100_0.15_2.0,0.0,1.0,False,0.0
N16_BBRSI_1h,s1_w1,gate_100_0.15_2.0,0.0,1.0,False,0.0
F5_BOX_15m,s1_w1,gate_100_0.15_2.0,0.0003,0.436,False,0.0074
F5_BOX_30m,s1_w1,gate_100_0.15_2.0,0.0,1.0,False,0.0
F5_BOX_1h,s1_w1,gate_100_0.15_2.0,0.0,1.0,False,0.0
S2_ST_ROC_15m,s1_w4,naive,0.0342,0.0,True,1.0
S2_ST_ROC_30m,s1_w4,naive,0.0136,0.097,False,1.0
S2_ST_ROC_1h,s1_w4,naive,-0.0058,0.674,False,1.0
N23_HA_ST_15m,s1_w4,naive,0.0339,0.0,True,1.0
N23_HA_ST_30m,s1_w4,naive,0.0168,0.021,True,1.0
N23_HA_ST_1h,s1_w4,naive,0.0022,0.431,False,1.0
N24_DMI_15m,s1_w4,naive,0.016,0.099,False,1.0
N24_DMI_30m,s1_w4,naive,0.0131,0.23,False,1.0
N24_DMI_1h,s1_w4,naive,-0.0206,0.829,False,1.0
N10_HA_PSAR_15m,s1_w4,naive,0.0371,0.0,True,1.0
N10_HA_PSAR_30m,s1_w4,naive,0.0373,0.0,True,1.0
N10_HA_PSAR_1h,s1_w4,naive,0.0298,0.035,False,1.0
S4_BB_BBP_15m,s1_w4,naive,0.0279,0.002,True,1.0
S4_BB_BBP_30m,s1_w4,naive,-0.0066,0.678,False,1.0
S4_BB_BBP_1h,s1_w4,naive,0.0196,0.171,False,1.0
N06_MACD_ORB_15m,s1_w4,naive,0.0226,0.151,False,1.0
N06_MACD_ORB_30m,s1_w4,naive,-0.0094,0.656,False,1.0
N06_MACD_ORB_1h,s1_w4,naive,0.004,0.433,False,1.0
OBV_B_15m,s1_w4,naive,0.0437,0.0,True,1.0
OBV_B_30m,s1_w4,naive,0.017,0.11,False,1.0
OBV_B_1h,s1_w4,naive,-0.0347,0.944,False,1.0
F6_VWAP_CROSS_15m,s1_w4,naive,0.0594,0.0,True,1.0
F6_VWAP_CROSS_30m,s1_w4,naive,0.024,0.038,False,1.0
F6_VWAP_CROSS_1h,s1_w4,naive,0.0006,0.483,False,1.0
F9_FVG_15m,s1_w4,naive,0.0251,0.002,True,0.9963
F9_FVG_30m,s1_w4,naive,-0.0026,0.61,False,1.0
F9_FVG_1h,s1_w4,naive,0.0047,0.359,False,1.0
N17_KC_RSI_15m,s1_w4,naive,0.0103,0.311,False,1.0
N17_KC_RSI_30m,s1_w4,naive,0.0745,0.015,True,1.0
N17_KC_RSI_1h,s1_w4,naive,-0.004,0.532,False,1.0
N16_BBRSI_15m,s1_w4,naive,-0.0128,0.749,False,1.0
N16_BBRSI_30m,s1_w4,naive,-0.0189,0.782,False,1.0
N16_BBRSI_1h,s1_w4,naive,-0.0262,0.784,False,1.0
F5_BOX_15m,s1_w4,naive,-0.0295,0.838,False,1.0
F5_BOX_30m,s1_w4,naive,0.0347,0.2,False,1.0
F5_BOX_1h,s1_w4,naive,0.1328,0.002,True,1.0
S2_ST_ROC_15m,s1_w4,naive_P,0.0003,0.449,False,0.8253
S2_ST_ROC_30m,s1_w4,naive_P,0.0048,0.132,False,0.9405
S2_ST_ROC_1h,s1_w4,naive_P,-0.0003,0.514,False,0.9182
N23_HA_ST_15m,s1_w4,naive_P,-0.0015,0.679,False,0.9108
N23_HA_ST_30m,s1_w4,naive_P,0.0053,0.056,False,0.9554
N23_HA_ST_1h,s1_w4,naive_P,-0.0027,0.796,False,0.9071
N24_DMI_15m,s1_w4,naive_P,0.0029,0.174,False,0.948
N24_DMI_30m,s1_w4,naive_P,0.0005,0.486,False,0.9368
N24_DMI_1h,s1_w4,naive_P,-0.0006,0.531,False,0.9405
N10_HA_PSAR_15m,s1_w4,naive_P,-0.0012,0.715,False,0.9033
N10_HA_PSAR_30m,s1_w4,naive_P,-0.001,0.648,False,0.9405
N10_HA_PSAR_1h,s1_w4,naive_P,0.0019,0.302,False,0.9368
S4_BB_BBP_15m,s1_w4,naive_P,-0.0048,0.878,False,0.8736
S4_BB_BBP_30m,s1_w4,naive_P,-0.0082,0.956,False,0.8699
S4_BB_BBP_1h,s1_w4,naive_P,-0.0128,0.983,False,0.9071
N06_MACD_ORB_15m,s1_w4,naive_P,0.0004,0.478,False,0.9294
N06_MACD_ORB_30m,s1_w4,naive_P,-0.0138,0.947,False,0.8996
N06_MACD_ORB_1h,s1_w4,naive_P,0.0153,0.063,False,0.9368
OBV_B_15m,s1_w4,naive_P,0.0071,0.017,False,0.9145
OBV_B_30m,s1_w4,naive_P,-0.0016,0.655,False,0.9257
OBV_B_1h,s1_w4,naive_P,0.0034,0.261,False,0.9219
F6_VWAP_CROSS_15m,s1_w4,naive_P,0.0178,0.0,True,0.9777
F6_VWAP_CROSS_30m,s1_w4,naive_P,0.0119,0.002,True,0.9665
F6_VWAP_CROSS_1h,s1_w4,naive_P,0.004,0.188,False,0.948
F9_FVG_15m,s1_w4,naive_P,-0.0015,0.712,False,0.9331
F9_FVG_30m,s1_w4,naive_P,0.0066,0.029,False,0.9591
F9_FVG_1h,s1_w4,naive_P,0.0024,0.303,False,0.9442
N17_KC_RSI_15m,s1_w4,naive_P,0.0059,0.079,False,0.9368
N17_KC_RSI_30m,s1_w4,naive_P,0.0074,0.075,False,0.9591
N17_KC_RSI_1h,s1_w4,naive_P,0.0092,0.043,False,0.9591
N16_BBRSI_15m,s1_w4,naive_P,0.001,0.398,False,0.8662
N16_BBRSI_30m,s1_w4,naive_P,-0.0142,0.982,False,0.8662
N16_BBRSI_1h,s1_w4,naive_P,0.0049,0.272,False,0.9294
F5_BOX_15m,s1_w4,naive_P,-0.0271,0.984,False,0.9145
F5_BOX_30m,s1_w4,naive_P,0.0053,0.378,False,0.9145
F5_BOX_1h,s1_w4,naive_P,0.0057,0.345,False,0.8401
S2_ST_ROC_15m,s1_w4,naive_F,0.0168,0.0,True,0.9145
S2_ST_ROC_30m,s1_w4,naive_F,0.0105,0.009,True,0.9294
S2_ST_ROC_1h,s1_w4,naive_F,0.0101,0.018,True,0.9405
N23_HA_ST_15m,s1_w4,naive_F,0.0129,0.0,True,0.948
N23_HA_ST_30m,s1_w4,naive_F,0.0048,0.085,False,0.9405
N23_HA_ST_1h,s1_w4,naive_F,0.0024,0.26,False,0.9145
N24_DMI_15m,s1_w4,naive_F,0.0005,0.472,False,0.9294
N24_DMI_30m,s1_w4,naive_F,-0.0151,0.971,False,0.9071
N24_DMI_1h,s1_w4,naive_F,-0.0023,0.623,False,0.948
N10_HA_PSAR_15m,s1_w4,naive_F,0.008,0.066,False,0.9219
N10_HA_PSAR_30m,s1_w4,naive_F,0.0077,0.113,False,0.9442
N10_HA_PSAR_1h,s1_w4,naive_F,0.0068,0.17,False,0.9257
S4_BB_BBP_15m,s1_w4,naive_F,0.0078,0.119,False,0.9703
S4_BB_BBP_30m,s1_w4,naive_F,-0.0022,0.646,False,0.9368
S4_BB_BBP_1h,s1_w4,naive_F,0.0093,0.133,False,0.9665
N06_MACD_ORB_15m,s1_w4,naive_F,0.0335,0.01,True,0.9442
N06_MACD_ORB_30m,s1_w4,naive_F,0.0261,0.024,True,0.9294
N06_MACD_ORB_1h,s1_w4,naive_F,-0.0193,0.962,False,0.8996
OBV_B_15m,s1_w4,naive_F,0.0089,0.112,False,0.9703
OBV_B_30m,s1_w4,naive_F,-0.0006,0.547,False,0.9591
OBV_B_1h,s1_w4,naive_F,0.0003,0.488,False,0.9442
F6_VWAP_CROSS_15m,s1_w4,naive_F,0.0154,0.002,True,0.9219
F6_VWAP_CROSS_30m,s1_w4,naive_F,0.012,0.017,True,0.9628
F6_VWAP_CROSS_1h,s1_w4,naive_F,0.0003,0.501,False,0.9145
F9_FVG_15m,s1_w4,naive_F,0.0095,0.017,True,0.9219
F9_FVG_30m,s1_w4,naive_F,0.0064,0.113,False,0.9517
F9_FVG_1h,s1_w4,naive_F,0.0063,0.11,False,0.9182
N17_KC_RSI_15m,s1_w4,naive_F,-0.0114,0.877,False,0.8848
N17_KC_RSI_30m,s1_w4,naive_F,-0.0056,0.67,False,0.9219
N17_KC_RSI_1h,s1_w4,naive_F,0.0296,0.006,True,0.9257
N16_BBRSI_15m,s1_w4,naive_F,0.0034,0.375,False,0.9851
N16_BBRSI_30m,s1_w4,naive_F,-0.0098,0.773,False,0.9628
N16_BBRSI_1h,s1_w4,naive_F,-0.0512,0.997,False,0.9554
F5_BOX_15m,s1_w4,naive_F,-0.0089,0.787,False,0.6691
F5_BOX_30m,s1_w4,naive_F,-0.005,0.663,False,0.7249
F5_BOX_1h,s1_w4,naive_F,0.0012,0.442,False,0.5576
S2_ST_ROC_15m,s1_w4,naive_S,0.0288,0.0,True,0.9628
S2_ST_ROC_30m,s1_w4,naive_S,0.0169,0.0,True,0.8699
S2_ST_ROC_1h,s1_w4,naive_S,0.0083,0.0,True,0.8439
N23_HA_ST_15m,s1_w4,naive_S,0.0316,0.0,True,0.9963
N23_HA_ST_30m,s1_w4,naive_S,0.0196,0.0,True,0.9442
N23_HA_ST_1h,s1_w4,naive_S,0.0094,0.0,True,0.8476
N24_DMI_15m,s1_w4,naive_S,0.0294,0.0,True,0.9703
N24_DMI_30m,s1_w4,naive_S,0.0175,0.0,True,0.8364
N24_DMI_1h,s1_w4,naive_S,0.0056,0.033,True,0.7658
N10_HA_PSAR_15m,s1_w4,naive_S,0.029,0.0,True,0.9405
N10_HA_PSAR_30m,s1_w4,naive_S,0.0148,0.0,True,0.8773
N10_HA_PSAR_1h,s1_w4,naive_S,0.004,0.106,False,0.7844
S4_BB_BBP_15m,s1_w4,naive_S,0.0324,0.0,True,0.9554
S4_BB_BBP_30m,s1_w4,naive_S,0.0142,0.0,True,0.855
S4_BB_BBP_1h,s1_w4,naive_S,0.0029,0.227,False,0.7844
N06_MACD_ORB_15m,s1_w4,naive_S,0.0167,0.0,True,0.8216
N06_MACD_ORB_30m,s1_w4,naive_S,-0.0037,0.785,False,0.777
N06_MACD_ORB_1h,s1_w4,naive_S,0.0043,0.236,False,0.8364
OBV_B_15m,s1_w4,naive_S,0.0263,0.0,True,0.9145
OBV_B_30m,s1_w4,naive_S,0.0182,0.0,True,0.9405
OBV_B_1h,s1_w4,naive_S,0.0099,0.002,True,0.803
F6_VWAP_CROSS_15m,s1_w4,naive_S,0.0246,0.0,True,0.9517
F6_VWAP_CROSS_30m,s1_w4,naive_S,0.0161,0.0,True,0.9294
F6_VWAP_CROSS_1h,s1_w4,naive_S,0.0096,0.0,True,0.8327
F9_FVG_15m,s1_w4,naive_S,0.0217,0.0,True,0.8773
F9_FVG_30m,s1_w4,naive_S,0.0087,0.001,True,0.7955
F9_FVG_1h,s1_w4,naive_S,0.003,0.166,False,0.8216
N17_KC_RSI_15m,s1_w4,naive_S,0.0285,0.0,True,0.9963
N17_KC_RSI_30m,s1_w4,naive_S,0.0167,0.0,True,0.8848
N17_KC_RSI_1h,s1_w4,naive_S,0.0106,0.0,True,0.8625
N16_BBRSI_15m,s1_w4,naive_S,0.0172,0.0,True,0.8327
N16_BBRSI_30m,s1_w4,naive_S,-0.005,0.863,False,0.7175
N16_BBRSI_1h,s1_w4,naive_S,0.0014,0.415,False,0.7955
F5_BOX_15m,s1_w4,naive_S,0.0325,0.0,True,0.8253
F5_BOX_30m,s1_w4,naive_S,-0.0021,0.653,False,0.8104
F5_BOX_1h,s1_w4,naive_S,0.0069,0.196,False,0.6729
S2_ST_ROC_15m,s1_w4,naive_X,-0.001,0.605,False,0.6171
S2_ST_ROC_30m,s1_w4,naive_X,-0.0035,0.749,False,0.6245
S2_ST_ROC_1h,s1_w4,naive_X,-0.0081,0.864,False,0.6059
N23_HA_ST_15m,s1_w4,naive_X,-0.0028,0.81,False,0.6134
N23_HA_ST_30m,s1_w4,naive_X,-0.0044,0.826,False,0.5613
N23_HA_ST_1h,s1_w4,naive_X,-0.0043,0.716,False,0.6208
N24_DMI_15m,s1_w4,naive_X,0.0062,0.092,False,0.7063
N24_DMI_30m,s1_w4,naive_X,0.0138,0.022,False,0.7249
N24_DMI_1h,s1_w4,naive_X,0.0054,0.301,False,0.6134
N10_HA_PSAR_15m,s1_w4,naive_X,-0.0039,0.87,False,0.5353
N10_HA_PSAR_30m,s1_w4,naive_X,-0.0047,0.825,False,0.5167
N10_HA_PSAR_1h,s1_w4,naive_X,0.006,0.215,False,0.5576
S4_BB_BBP_15m,s1_w4,naive_X,0.0016,0.327,False,0.513
S4_BB_BBP_30m,s1_w4,naive_X,-0.0073,0.872,False,0.6097
S4_BB_BBP_1h,s1_w4,naive_X,-0.0089,0.833,False,0.513
N06_MACD_ORB_15m,s1_w4,naive_X,-0.0112,0.899,False,0.5836
N06_MACD_ORB_30m,s1_w4,naive_X,-0.0178,0.973,False,0.5279
N06_MACD_ORB_1h,s1_w4,naive_X,-0.0233,0.962,False,0.6245
OBV_B_15m,s1_w4,naive_X,-0.0018,0.716,False,0.6245
OBV_B_30m,s1_w4,naive_X,-0.0049,0.843,False,0.5316
OBV_B_1h,s1_w4,naive_X,0.0023,0.379,False,0.5799
F6_VWAP_CROSS_15m,s1_w4,naive_X,0.0052,0.045,False,0.6803
F6_VWAP_CROSS_30m,s1_w4,naive_X,0.0061,0.076,False,0.7175
F6_VWAP_CROSS_1h,s1_w4,naive_X,0.0002,0.483,False,0.6394
F9_FVG_15m,s1_w4,naive_X,-0.0004,0.547,False,0.5465
F9_FVG_30m,s1_w4,naive_X,-0.0062,0.84,False,0.539
F9_FVG_1h,s1_w4,naive_X,-0.0164,0.98,False,0.5279
N17_KC_RSI_15m,s1_w4,naive_X,-0.012,0.997,False,0.4201
N17_KC_RSI_30m,s1_w4,naive_X,-0.0085,0.902,False,0.4089
N17_KC_RSI_1h,s1_w4,naive_X,-0.0317,0.998,False,0.4461
N16_BBRSI_15m,s1_w4,naive_X,-0.0134,0.989,False,0.6171
N16_BBRSI_30m,s1_w4,naive_X,0.0027,0.384,False,0.5874
N16_BBRSI_1h,s1_w4,naive_X,-0.0225,0.961,False,0.4907
F5_BOX_15m,s1_w4,naive_X,0.0069,0.221,False,0.632
F5_BOX_30m,s1_w4,naive_X,0.038,0.013,False,0.6952
F5_BOX_1h,s1_w4,naive_X,0.0345,0.081,False,0.5613
S2_ST_ROC_15m,s1_w4,gate_30_0.05_0.0,0.0395,0.0,True,0.8216
S2_ST_ROC_30m,s1_w4,gate_30_0.05_0.0,0.0143,0.063,False,0.8513
S2_ST_ROC_1h,s1_w4,gate_30_0.05_0.0,0.0025,0.43,False,0.8364
N23_HA_ST_15m,s1_w4,gate_30_0.05_0.0,0.0326,0.0,True,0.8401
N23_HA_ST_30m,s1_w4,gate_30_0.05_0.0,0.0164,0.008,True,0.7509
N23_HA_ST_1h,s1_w4,gate_30_0.05_0.0,0.0086,0.192,False,0.7546
N24_DMI_15m,s1_w4,gate_30_0.05_0.0,0.0245,0.008,True,0.881
N24_DMI_30m,s1_w4,gate_30_0.05_0.0,-0.0089,0.759,False,0.8364
N24_DMI_1h,s1_w4,gate_30_0.05_0.0,-0.0111,0.739,False,0.8104
N10_HA_PSAR_15m,s1_w4,gate_30_0.05_0.0,0.0338,0.0,True,0.8439
N10_HA_PSAR_30m,s1_w4,gate_30_0.05_0.0,0.0336,0.0,True,0.829
N10_HA_PSAR_1h,s1_w4,gate_30_0.05_0.0,0.021,0.052,False,0.8253
S4_BB_BBP_15m,s1_w4,gate_30_0.05_0.0,0.0238,0.002,True,0.8959
S4_BB_BBP_30m,s1_w4,gate_30_0.05_0.0,-0.001,0.499,False,0.8067
S4_BB_BBP_1h,s1_w4,gate_30_0.05_0.0,0.0251,0.069,False,0.8364
N06_MACD_ORB_15m,s1_w4,gate_30_0.05_0.0,0.014,0.236,False,0.8625
N06_MACD_ORB_30m,s1_w4,gate_30_0.05_0.0,-0.014,0.791,False,0.8178
N06_MACD_ORB_1h,s1_w4,gate_30_0.05_0.0,0.0015,0.437,False,0.7361
OBV_B_15m,s1_w4,gate_30_0.05_0.0,0.0401,0.0,True,0.9442
OBV_B_30m,s1_w4,gate_30_0.05_0.0,0.0086,0.221,False,0.8736
OBV_B_1h,s1_w4,gate_30_0.05_0.0,0.0026,0.443,False,0.803
F6_VWAP_CROSS_15m,s1_w4,gate_30_0.05_0.0,0.0415,0.0,True,0.9071
F6_VWAP_CROSS_30m,s1_w4,gate_30_0.05_0.0,-0.0011,0.532,False,0.9033
F6_VWAP_CROSS_1h,s1_w4,gate_30_0.05_0.0,0.0057,0.297,False,0.8625
F9_FVG_15m,s1_w4,gate_30_0.05_0.0,0.0292,0.0,True,0.8327
F9_FVG_30m,s1_w4,gate_30_0.05_0.0,-0.0012,0.575,False,0.7695
F9_FVG_1h,s1_w4,gate_30_0.05_0.0,0.0168,0.078,False,0.7472
N17_KC_RSI_15m,s1_w4,gate_30_0.05_0.0,0.0025,0.38,False,0.6952
N17_KC_RSI_30m,s1_w4,gate_30_0.05_0.0,-0.0055,0.665,False,0.6766
N17_KC_RSI_1h,s1_w4,gate_30_0.05_0.0,0.0023,0.417,False,0.6877
N16_BBRSI_15m,s1_w4,gate_30_0.05_0.0,-0.0099,0.745,False,0.8625
N16_BBRSI_30m,s1_w4,gate_30_0.05_0.0,-0.008,0.689,False,0.8141
N16_BBRSI_1h,s1_w4,gate_30_0.05_0.0,-0.0341,0.967,False,0.777
F5_BOX_15m,s1_w4,gate_30_0.05_0.0,0.028,0.071,False,0.7063
F5_BOX_30m,s1_w4,gate_30_0.05_0.0,-0.0093,0.697,False,0.7472
F5_BOX_1h,s1_w4,gate_30_0.05_0.0,0.0102,0.353,False,0.5725
S2_ST_ROC_15m,s1_w4,gate_100_0.15_2.0,0.0123,0.002,True,0.342
S2_ST_ROC_30m,s1_w4,gate_100_0.15_2.0,0.0116,0.05,False,0.5242
S2_ST_ROC_1h,s1_w4,gate_100_0.15_2.0,-0.0118,0.905,False,0.5502
N23_HA_ST_15m,s1_w4,gate_100_0.15_2.0,0.0073,0.005,True,0.1933
N23_HA_ST_30m,s1_w4,gate_100_0.15_2.0,0.0035,0.225,False,0.3346
N23_HA_ST_1h,s1_w4,gate_100_0.15_2.0,-0.0013,0.568,False,0.4684
N24_DMI_15m,s1_w4,gate_100_0.15_2.0,0.0174,0.013,True,0.6431
N24_DMI_30m,s1_w4,gate_100_0.15_2.0,-0.0044,0.683,False,0.5502
N24_DMI_1h,s1_w4,gate_100_0.15_2.0,-0.0125,0.95,False,0.2639
N10_HA_PSAR_15m,s1_w4,gate_100_0.15_2.0,0.0094,0.007,True,0.2751
N10_HA_PSAR_30m,s1_w4,gate_100_0.15_2.0,0.0067,0.084,False,0.2937
N10_HA_PSAR_1h,s1_w4,gate_100_0.15_2.0,-0.0025,0.741,False,0.1413
S4_BB_BBP_15m,s1_w4,gate_100_0.15_2.0,0.0055,0.16,False,0.4312
S4_BB_BBP_30m,s1_w4,gate_100_0.15_2.0,-0.0065,0.819,False,0.3457
S4_BB_BBP_1h,s1_w4,gate_100_0.15_2.0,-0.0021,0.628,False,0.171
N06_MACD_ORB_15m,s1_w4,gate_100_0.15_2.0,-0.0022,0.712,False,0.0483
N06_MACD_ORB_30m,s1_w4,gate_100_0.15_2.0,-0.0005,0.69,False,0.0074
N06_MACD_ORB_1h,s1_w4,gate_100_0.15_2.0,0.0,1.0,False,0.0
OBV_B_15m,s1_w4,gate_100_0.15_2.0,0.0199,0.002,True,0.6357
OBV_B_30m,s1_w4,gate_100_0.15_2.0,-0.0045,0.78,False,0.4126
OBV_B_1h,s1_w4,gate_100_0.15_2.0,0.0041,0.207,False,0.1375
F6_VWAP_CROSS_15m,s1_w4,gate_100_0.15_2.0,0.0279,0.0,True,0.6729
F6_VWAP_CROSS_30m,s1_w4,gate_100_0.15_2.0,-0.0037,0.694,False,0.71
F6_VWAP_CROSS_1h,s1_w4,gate_100_0.15_2.0,0.0045,0.271,False,0.6357
F9_FVG_15m,s1_w4,gate_100_0.15_2.0,-0.0012,0.628,False,0.2416
F9_FVG_30m,s1_w4,gate_100_0.15_2.0,-0.0017,0.633,False,0.2082
F9_FVG_1h,s1_w4,gate_100_0.15_2.0,-0.0057,0.871,False,0.1673
N17_KC_RSI_15m,s1_w4,gate_100_0.15_2.0,-0.0019,0.59,False,0.4796
N17_KC_RSI_30m,s1_w4,gate_100_0.15_2.0,0.0091,0.191,False,0.6208
N17_KC_RSI_1h,s1_w4,gate_100_0.15_2.0,-0.0091,0.809,False,0.539
N16_BBRSI_15m,s1_w4,gate_100_0.15_2.0,-0.001,0.602,False,0.1413
N16_BBRSI_30m,s1_w4,gate_100_0.15_2.0,0.0012,0.013,True,0.0037
N16_BBRSI_1h,s1_w4,gate_100_0.15_2.0,0.0,1.0,False,0.0
F5_BOX_15m,s1_w4,gate_100_0.15_2.0,0.0053,0.26,False,0.2825
F5_BOX_30m,s1_w4,gate_100_0.15_2.0,0.0145,0.122,False,0.1227
F5_BOX_1h,s1_w4,gate_100_0.15_2.0,0.0276,0.002,True,0.0372
S2_ST_ROC_15m,s1_w13,naive,0.0267,0.0,True,1.0
S2_ST_ROC_30m,s1_w13,naive,0.0291,0.005,True,1.0
S2_ST_ROC_1h,s1_w13,naive,0.0116,0.191,False,1.0
N23_HA_ST_15m,s1_w13,naive,0.0353,0.0,True,1.0
N23_HA_ST_30m,s1_w13,naive,0.0268,0.0,True,1.0
N23_HA_ST_1h,s1_w13,naive,0.0166,0.097,False,1.0
N24_DMI_15m,s1_w13,naive,0.0515,0.0,True,1.0
N24_DMI_30m,s1_w13,naive,0.0152,0.153,False,1.0
N24_DMI_1h,s1_w13,naive,-0.0302,0.936,False,1.0
N10_HA_PSAR_15m,s1_w13,naive,0.0355,0.0,True,1.0
N10_HA_PSAR_30m,s1_w13,naive,0.0309,0.003,True,1.0
N10_HA_PSAR_1h,s1_w13,naive,0.0177,0.165,False,1.0
S4_BB_BBP_15m,s1_w13,naive,0.0252,0.004,True,1.0
S4_BB_BBP_30m,s1_w13,naive,0.018,0.098,False,1.0
S4_BB_BBP_1h,s1_w13,naive,0.0265,0.09,False,1.0
N06_MACD_ORB_15m,s1_w13,naive,0.0133,0.279,False,1.0
N06_MACD_ORB_30m,s1_w13,naive,-0.031,0.91,False,1.0
N06_MACD_ORB_1h,s1_w13,naive,0.0152,0.268,False,1.0
OBV_B_15m,s1_w13,naive,0.0235,0.009,True,1.0
OBV_B_30m,s1_w13,naive,0.0185,0.095,False,1.0
OBV_B_1h,s1_w13,naive,-0.0015,0.503,False,1.0
F6_VWAP_CROSS_15m,s1_w13,naive,0.0331,0.0,True,1.0
F6_VWAP_CROSS_30m,s1_w13,naive,0.0434,0.0,True,1.0
F6_VWAP_CROSS_1h,s1_w13,naive,0.0017,0.441,False,1.0
F9_FVG_15m,s1_w13,naive,0.0249,0.0,True,1.0
F9_FVG_30m,s1_w13,naive,0.0011,0.429,False,1.0
F9_FVG_1h,s1_w13,naive,0.0058,0.367,False,1.0
N17_KC_RSI_15m,s1_w13,naive,-0.0295,0.918,False,1.0
N17_KC_RSI_30m,s1_w13,naive,0.0394,0.174,False,1.0
N17_KC_RSI_1h,s1_w13,naive,-0.0054,0.533,False,1.0
N16_BBRSI_15m,s1_w13,naive,0.0195,0.146,False,1.0
N16_BBRSI_30m,s1_w13,naive,-0.0472,0.978,False,1.0
N16_BBRSI_1h,s1_w13,naive,-0.0076,0.571,False,1.0
F5_BOX_15m,s1_w13,naive,0.0009,0.46,False,1.0
F5_BOX_30m,s1_w13,naive,0.0662,0.066,False,1.0
F5_BOX_1h,s1_w13,naive,0.2097,0.0,True,1.0
S2_ST_ROC_15m,s1_w13,naive_P,0.002,0.296,False,0.8178
S2_ST_ROC_30m,s1_w13,naive_P,0.0086,0.018,False,0.9591
S2_ST_ROC_1h,s1_w13,naive_P,-0.0049,0.857,False,0.8922
N23_HA_ST_15m,s1_w13,naive_P,-0.0027,0.847,False,0.9108
N23_HA_ST_30m,s1_w13,naive_P,0.0095,0.002,True,0.9963
N23_HA_ST_1h,s1_w13,naive_P,-0.0015,0.703,False,0.881
N24_DMI_15m,s1_w13,naive_P,0.0036,0.14,False,0.9517
N24_DMI_30m,s1_w13,naive_P,0.0045,0.136,False,0.8959
N24_DMI_1h,s1_w13,naive_P,0.0001,0.488,False,0.9591
N10_HA_PSAR_15m,s1_w13,naive_P,-0.0017,0.81,False,0.881
N10_HA_PSAR_30m,s1_w13,naive_P,-0.0011,0.622,False,0.9628
N10_HA_PSAR_1h,s1_w13,naive_P,0.0008,0.428,False,0.9814
S4_BB_BBP_15m,s1_w13,naive_P,-0.0025,0.723,False,0.8773
S4_BB_BBP_30m,s1_w13,naive_P,-0.0058,0.887,False,0.8141
S4_BB_BBP_1h,s1_w13,naive_P,-0.0055,0.825,False,0.9145
N06_MACD_ORB_15m,s1_w13,naive_P,0.0006,0.502,False,0.9219
N06_MACD_ORB_30m,s1_w13,naive_P,0.0069,0.238,False,0.8736
N06_MACD_ORB_1h,s1_w13,naive_P,0.0109,0.146,False,0.9517
OBV_B_15m,s1_w13,naive_P,0.0028,0.17,False,0.8996
OBV_B_30m,s1_w13,naive_P,0.0026,0.25,False,0.9554
OBV_B_1h,s1_w13,naive_P,-0.0061,0.894,False,0.8922
F6_VWAP_CROSS_15m,s1_w13,naive_P,0.0224,0.0,True,1.0
F6_VWAP_CROSS_30m,s1_w13,naive_P,0.0134,0.003,True,0.9814
F6_VWAP_CROSS_1h,s1_w13,naive_P,0.0035,0.21,False,0.8848
F9_FVG_15m,s1_w13,naive_P,0.0057,0.031,False,0.9554
F9_FVG_30m,s1_w13,naive_P,0.0045,0.103,False,0.9777
F9_FVG_1h,s1_w13,naive_P,0.0053,0.089,False,0.9219
N17_KC_RSI_15m,s1_w13,naive_P,0.0106,0.006,True,0.9405
N17_KC_RSI_30m,s1_w13,naive_P,0.0094,0.03,False,0.9703
N17_KC_RSI_1h,s1_w13,naive_P,0.0086,0.049,False,0.9963
N16_BBRSI_15m,s1_w13,naive_P,0.0004,0.473,False,0.8439
N16_BBRSI_30m,s1_w13,naive_P,-0.0176,0.997,False,0.829
N16_BBRSI_1h,s1_w13,naive_P,0.0025,0.386,False,0.9888
F5_BOX_15m,s1_w13,naive_P,-0.0193,0.936,False,0.9628
F5_BOX_30m,s1_w13,naive_P,0.0008,0.467,False,0.9814
F5_BOX_1h,s1_w13,naive_P,0.009,0.321,False,0.8401
S2_ST_ROC_15m,s1_w13,naive_F,0.0123,0.001,True,0.9257
S2_ST_ROC_30m,s1_w13,naive_F,0.0169,0.0,True,0.9777
S2_ST_ROC_1h,s1_w13,naive_F,0.0038,0.22,False,0.9517
N23_HA_ST_15m,s1_w13,naive_F,0.0119,0.0,True,0.9517
N23_HA_ST_30m,s1_w13,naive_F,0.008,0.016,True,0.9628
N23_HA_ST_1h,s1_w13,naive_F,0.0033,0.188,False,0.9331
N24_DMI_15m,s1_w13,naive_F,0.0093,0.123,False,0.9703
N24_DMI_30m,s1_w13,naive_F,-0.0088,0.877,False,0.8773
N24_DMI_1h,s1_w13,naive_F,-0.0002,0.526,False,0.9777
N10_HA_PSAR_15m,s1_w13,naive_F,0.0025,0.305,False,0.9628
N10_HA_PSAR_30m,s1_w13,naive_F,-0.0013,0.593,False,0.9888
N10_HA_PSAR_1h,s1_w13,naive_F,0.005,0.231,False,0.9145
S4_BB_BBP_15m,s1_w13,naive_F,0.0068,0.167,False,0.9442
S4_BB_BBP_30m,s1_w13,naive_F,0.0141,0.008,True,0.9145
S4_BB_BBP_1h,s1_w13,naive_F,0.0222,0.002,True,0.9814
N06_MACD_ORB_15m,s1_w13,naive_F,0.0038,0.41,False,0.9814
N06_MACD_ORB_30m,s1_w13,naive_F,0.0171,0.088,False,0.9257
N06_MACD_ORB_1h,s1_w13,naive_F,-0.0047,0.714,False,0.9294
OBV_B_15m,s1_w13,naive_F,0.0166,0.014,True,1.0
OBV_B_30m,s1_w13,naive_F,0.0129,0.063,False,0.9665
OBV_B_1h,s1_w13,naive_F,0.0061,0.252,False,0.9591
F6_VWAP_CROSS_15m,s1_w13,naive_F,0.0107,0.035,False,0.9257
F6_VWAP_CROSS_30m,s1_w13,naive_F,0.0114,0.029,False,0.9703
F6_VWAP_CROSS_1h,s1_w13,naive_F,0.0051,0.179,False,0.9442
F9_FVG_15m,s1_w13,naive_F,0.01,0.009,True,0.974
F9_FVG_30m,s1_w13,naive_F,0.0009,0.46,False,0.974
F9_FVG_1h,s1_w13,naive_F,0.0012,0.404,False,0.9703
N17_KC_RSI_15m,s1_w13,naive_F,-0.0047,0.698,False,0.8401
N17_KC_RSI_30m,s1_w13,naive_F,0.0258,0.018,True,0.948
N17_KC_RSI_1h,s1_w13,naive_F,0.0123,0.182,False,0.9628
N16_BBRSI_15m,s1_w13,naive_F,-0.003,0.61,False,0.974
N16_BBRSI_30m,s1_w13,naive_F,-0.0374,0.995,False,0.9554
N16_BBRSI_1h,s1_w13,naive_F,-0.0529,1.0,False,0.948
F5_BOX_15m,s1_w13,naive_F,-0.0035,0.61,False,0.6877
F5_BOX_30m,s1_w13,naive_F,-0.0173,0.894,False,0.6617
F5_BOX_1h,s1_w13,naive_F,0.0248,0.083,False,0.8216
S2_ST_ROC_15m,s1_w13,naive_S,0.0295,0.0,True,1.0
S2_ST_ROC_30m,s1_w13,naive_S,0.0208,0.0,True,1.0
S2_ST_ROC_1h,s1_w13,naive_S,0.0134,0.0,True,0.8439
N23_HA_ST_15m,s1_w13,naive_S,0.0318,0.0,True,1.0
N23_HA_ST_30m,s1_w13,naive_S,0.022,0.0,True,1.0
N23_HA_ST_1h,s1_w13,naive_S,0.0156,0.0,True,0.9628
N24_DMI_15m,s1_w13,naive_S,0.0307,0.0,True,1.0
N24_DMI_30m,s1_w13,naive_S,0.0204,0.0,True,0.9294
N24_DMI_1h,s1_w13,naive_S,0.0087,0.002,True,0.8476
N10_HA_PSAR_15m,s1_w13,naive_S,0.0297,0.0,True,0.9888
N10_HA_PSAR_30m,s1_w13,naive_S,0.0198,0.0,True,0.9665
N10_HA_PSAR_1h,s1_w13,naive_S,0.0051,0.047,True,0.8178
S4_BB_BBP_15m,s1_w13,naive_S,0.0355,0.0,True,1.0
S4_BB_BBP_30m,s1_w13,naive_S,0.0222,0.0,True,0.9257
S4_BB_BBP_1h,s1_w13,naive_S,0.0034,0.165,False,0.8625
N06_MACD_ORB_15m,s1_w13,naive_S,0.0229,0.0,True,0.9294
N06_MACD_ORB_30m,s1_w13,naive_S,0.0051,0.15,False,0.8327
N06_MACD_ORB_1h,s1_w13,naive_S,0.0094,0.069,True,0.8959
OBV_B_15m,s1_w13,naive_S,0.029,0.0,True,1.0
OBV_B_30m,s1_w13,naive_S,0.0253,0.0,True,0.9851
OBV_B_1h,s1_w13,naive_S,0.0137,0.0,True,0.8625
F6_VWAP_CROSS_15m,s1_w13,naive_S,0.0261,0.0,True,1.0
F6_VWAP_CROSS_30m,s1_w13,naive_S,0.0182,0.0,True,1.0
F6_VWAP_CROSS_1h,s1_w13,naive_S,0.0111,0.0,True,0.8959
F9_FVG_15m,s1_w13,naive_S,0.0246,0.0,True,0.9628
F9_FVG_30m,s1_w13,naive_S,0.0106,0.001,True,0.855
F9_FVG_1h,s1_w13,naive_S,0.0046,0.068,True,0.8476
N17_KC_RSI_15m,s1_w13,naive_S,0.0286,0.0,True,1.0
N17_KC_RSI_30m,s1_w13,naive_S,0.0192,0.0,True,1.0
N17_KC_RSI_1h,s1_w13,naive_S,0.0153,0.0,True,0.948
N16_BBRSI_15m,s1_w13,naive_S,0.0284,0.0,True,0.9888
N16_BBRSI_30m,s1_w13,naive_S,0.0006,0.443,False,0.7435
N16_BBRSI_1h,s1_w13,naive_S,0.006,0.103,False,0.8178
F5_BOX_15m,s1_w13,naive_S,0.0351,0.0,True,0.9368
F5_BOX_30m,s1_w13,naive_S,0.0174,0.001,True,0.8996
F5_BOX_1h,s1_w13,naive_S,0.004,0.249,False,0.632
S2_ST_ROC_15m,s1_w13,naive_X,-0.0031,0.804,False,0.684
S2_ST_ROC_30m,s1_w13,naive_X,-0.0011,0.569,False,0.6617
S2_ST_ROC_1h,s1_w13,naive_X,-0.0024,0.614,False,0.6766
N23_HA_ST_15m,s1_w13,naive_X,-0.002,0.743,False,0.658
N23_HA_ST_30m,s1_w13,naive_X,-0.0086,0.962,False,0.5948
N23_HA_ST_1h,s1_w13,naive_X,0.0044,0.291,False,0.7621
N24_DMI_15m,s1_w13,naive_X,0.0025,0.308,False,0.7509
N24_DMI_30m,s1_w13,naive_X,0.0099,0.067,False,0.8401
N24_DMI_1h,s1_w13,naive_X,0.0043,0.313,False,0.6952
N10_HA_PSAR_15m,s1_w13,naive_X,-0.0031,0.866,False,0.4164
N10_HA_PSAR_30m,s1_w13,naive_X,0.0004,0.423,False,0.4387
N10_HA_PSAR_1h,s1_w13,naive_X,0.0035,0.332,False,0.6134
S4_BB_BBP_15m,s1_w13,naive_X,-0.0035,0.806,False,0.4944
S4_BB_BBP_30m,s1_w13,naive_X,-0.0014,0.578,False,0.5725
S4_BB_BBP_1h,s1_w13,naive_X,-0.0135,0.904,False,0.5353
N06_MACD_ORB_15m,s1_w13,naive_X,-0.0135,0.961,False,0.5428
N06_MACD_ORB_30m,s1_w13,naive_X,-0.0231,0.993,False,0.4387
N06_MACD_ORB_1h,s1_w13,naive_X,-0.0118,0.799,False,0.5688
OBV_B_15m,s1_w13,naive_X,-0.0022,0.745,False,0.6952
OBV_B_30m,s1_w13,naive_X,-0.0038,0.778,False,0.5019
OBV_B_1h,s1_w13,naive_X,-0.0091,0.836,False,0.6431
F6_VWAP_CROSS_15m,s1_w13,naive_X,0.0053,0.048,False,0.7621
F6_VWAP_CROSS_30m,s1_w13,naive_X,0.0056,0.114,False,0.8513
F6_VWAP_CROSS_1h,s1_w13,naive_X,0.0,0.479,False,0.7546
F9_FVG_15m,s1_w13,naive_X,-0.0009,0.578,False,0.5688
F9_FVG_30m,s1_w13,naive_X,-0.0002,0.502,False,0.5093
F9_FVG_1h,s1_w13,naive_X,-0.0091,0.862,False,0.5056
N17_KC_RSI_15m,s1_w13,naive_X,-0.0074,0.976,False,0.3048
N17_KC_RSI_30m,s1_w13,naive_X,-0.0108,0.983,False,0.2565
N17_KC_RSI_1h,s1_w13,naive_X,-0.0228,0.989,False,0.3011
N16_BBRSI_15m,s1_w13,naive_X,-0.0059,0.846,False,0.5316
N16_BBRSI_30m,s1_w13,naive_X,0.0082,0.177,False,0.5799
N16_BBRSI_1h,s1_w13,naive_X,-0.0204,0.957,False,0.4238
F5_BOX_15m,s1_w13,naive_X,0.0049,0.316,False,0.6803
F5_BOX_30m,s1_w13,naive_X,0.0398,0.01,False,0.7844
F5_BOX_1h,s1_w13,naive_X,0.0496,0.019,False,0.6245
S2_ST_ROC_15m,s1_w13,gate_30_0.05_0.0,0.0259,0.0,True,0.8253
S2_ST_ROC_30m,s1_w13,gate_30_0.05_0.0,0.0269,0.003,True,0.8587
S2_ST_ROC_1h,s1_w13,gate_30_0.05_0.0,0.0061,0.312,False,0.881
N23_HA_ST_15m,s1_w13,gate_30_0.05_0.0,0.0299,0.0,True,0.8364
N23_HA_ST_30m,s1_w13,gate_30_0.05_0.0,0.0172,0.013,True,0.7695
N23_HA_ST_1h,s1_w13,gate_30_0.05_0.0,0.0081,0.18,False,0.7138
N24_DMI_15m,s1_w13,gate_30_0.05_0.0,0.0484,0.0,True,0.9591
N24_DMI_30m,s1_w13,gate_30_0.05_0.0,0.023,0.046,False,0.9071
N24_DMI_1h,s1_w13,gate_30_0.05_0.0,-0.0247,0.936,False,0.8439
N10_HA_PSAR_15m,s1_w13,gate_30_0.05_0.0,0.0327,0.0,True,0.855
N10_HA_PSAR_30m,s1_w13,gate_30_0.05_0.0,0.0261,0.003,True,0.7993
N10_HA_PSAR_1h,s1_w13,gate_30_0.05_0.0,0.0194,0.097,False,0.8587
S4_BB_BBP_15m,s1_w13,gate_30_0.05_0.0,0.0214,0.004,True,0.8848
S4_BB_BBP_30m,s1_w13,gate_30_0.05_0.0,0.0216,0.057,False,0.9033
S4_BB_BBP_1h,s1_w13,gate_30_0.05_0.0,0.0226,0.094,False,0.829
N06_MACD_ORB_15m,s1_w13,gate_30_0.05_0.0,0.0052,0.4,False,0.9145
N06_MACD_ORB_30m,s1_w13,gate_30_0.05_0.0,-0.0263,0.907,False,0.8327
N06_MACD_ORB_1h,s1_w13,gate_30_0.05_0.0,0.024,0.118,False,0.7323
OBV_B_15m,s1_w13,gate_30_0.05_0.0,0.024,0.004,True,0.9257
OBV_B_30m,s1_w13,gate_30_0.05_0.0,0.0038,0.377,False,0.8996
OBV_B_1h,s1_w13,gate_30_0.05_0.0,-0.0162,0.794,False,0.8959
F6_VWAP_CROSS_15m,s1_w13,gate_30_0.05_0.0,0.0352,0.0,True,0.9331
F6_VWAP_CROSS_30m,s1_w13,gate_30_0.05_0.0,0.0313,0.001,True,0.9219
F6_VWAP_CROSS_1h,s1_w13,gate_30_0.05_0.0,0.0135,0.108,False,0.881
F9_FVG_15m,s1_w13,gate_30_0.05_0.0,0.016,0.012,True,0.7993
F9_FVG_30m,s1_w13,gate_30_0.05_0.0,-0.0013,0.558,False,0.7807
F9_FVG_1h,s1_w13,gate_30_0.05_0.0,-0.0013,0.553,False,0.7732
N17_KC_RSI_15m,s1_w13,gate_30_0.05_0.0,-0.0105,0.848,False,0.7138
N17_KC_RSI_30m,s1_w13,gate_30_0.05_0.0,0.0255,0.036,True,0.7249
N17_KC_RSI_1h,s1_w13,gate_30_0.05_0.0,-0.0011,0.522,False,0.7026
N16_BBRSI_15m,s1_w13,gate_30_0.05_0.0,0.0147,0.191,False,0.9182
N16_BBRSI_30m,s1_w13,gate_30_0.05_0.0,-0.0318,0.958,False,0.8736
N16_BBRSI_1h,s1_w13,gate_30_0.05_0.0,-0.0012,0.501,False,0.855
F5_BOX_15m,s1_w13,gate_30_0.05_0.0,0.0079,0.376,False,0.9033
F5_BOX_30m,s1_w13,gate_30_0.05_0.0,0.0498,0.04,True,0.8253
F5_BOX_1h,s1_w13,gate_30_0.05_0.0,0.09,0.008,True,0.8104
S2_ST_ROC_15m,s1_w13,gate_100_0.15_2.0,0.0029,0.075,False,0.0483
S2_ST_ROC_30m,s1_w13,gate_100_0.15_2.0,0.0046,0.035,False,0.1041
S2_ST_ROC_1h,s1_w13,gate_100_0.15_2.0,0.0096,0.048,False,0.2937
N23_HA_ST_15m,s1_w13,gate_100_0.15_2.0,0.0044,0.002,True,0.052
N23_HA_ST_30m,s1_w13,gate_100_0.15_2.0,0.0037,0.018,False,0.0558
N23_HA_ST_1h,s1_w13,gate_100_0.15_2.0,0.008,0.032,False,0.2007
N24_DMI_15m,s1_w13,gate_100_0.15_2.0,0.0086,0.042,False,0.2862
N24_DMI_30m,s1_w13,gate_100_0.15_2.0,0.0119,0.051,False,0.4164
N24_DMI_1h,s1_w13,gate_100_0.15_2.0,-0.0131,0.924,False,0.4461
N10_HA_PSAR_15m,s1_w13,gate_100_0.15_2.0,0.0012,0.135,False,0.026
N10_HA_PSAR_30m,s1_w13,gate_100_0.15_2.0,0.0044,0.085,False,0.1338
N10_HA_PSAR_1h,s1_w13,gate_100_0.15_2.0,0.0025,0.373,False,0.3792
S4_BB_BBP_15m,s1_w13,gate_100_0.15_2.0,-0.0004,0.598,False,0.0297
S4_BB_BBP_30m,s1_w13,gate_100_0.15_2.0,0.0024,0.333,False,0.2491
S4_BB_BBP_1h,s1_w13,gate_100_0.15_2.0,0.0059,0.253,False,0.3829
N06_MACD_ORB_15m,s1_w13,gate_100_0.15_2.0,-0.0027,0.602,False,0.3606
N06_MACD_ORB_30m,s1_w13,gate_100_0.15_2.0,-0.002,0.604,False,0.1599
N06_MACD_ORB_1h,s1_w13,gate_100_0.15_2.0,-0.0134,0.93,False,0.1933
OBV_B_15m,s1_w13,gate_100_0.15_2.0,0.0112,0.0,True,0.2825
OBV_B_30m,s1_w13,gate_100_0.15_2.0,-0.0022,0.648,False,0.316
OBV_B_1h,s1_w13,gate_100_0.15_2.0,-0.0039,0.676,False,0.4052
F6_VWAP_CROSS_15m,s1_w13,gate_100_0.15_2.0,0.006,0.029,False,0.2825
F6_VWAP_CROSS_30m,s1_w13,gate_100_0.15_2.0,0.0044,0.121,False,0.342
F6_VWAP_CROSS_1h,s1_w13,gate_100_0.15_2.0,-0.002,0.668,False,0.4387
F9_FVG_15m,s1_w13,gate_100_0.15_2.0,0.0036,0.025,False,0.0483
F9_FVG_30m,s1_w13,gate_100_0.15_2.0,0.0004,0.411,False,0.0892
F9_FVG_1h,s1_w13,gate_100_0.15_2.0,-0.0028,0.658,False,0.2825
N17_KC_RSI_15m,s1_w13,gate_100_0.15_2.0,0.0068,0.186,False,0.4535
N17_KC_RSI_30m,s1_w13,gate_100_0.15_2.0,0.0201,0.018,False,0.5019
N17_KC_RSI_1h,s1_w13,gate_100_0.15_2.0,0.0113,0.148,False,0.5242
N16_BBRSI_15m,s1_w13,gate_100_0.15_2.0,-0.0002,0.512,False,0.3792
N16_BBRSI_30m,s1_w13,gate_100_0.15_2.0,-0.0025,0.688,False,0.2193
N16_BBRSI_1h,s1_w13,gate_100_0.15_2.0,-0.0065,0.878,False,0.1115
F5_BOX_15m,s1_w13,gate_100_0.15_2.0,0.0192,0.091,False,0.5911
F5_BOX_30m,s1_w13,gate_100_0.15_2.0,0.001,0.501,False,0.4721
F5_BOX_1h,s1_w13,gate_100_0.15_2.0,-0.0093,0.66,False,0.3309
S2_ST_ROC_15m,s1_w26,naive,0.0332,0.0,True,1.0
S2_ST_ROC_30m,s1_w26,naive,0.0266,0.006,True,1.0
S2_ST_ROC_1h,s1_w26,naive,0.0125,0.201,False,1.0
N23_HA_ST_15m,s1_w26,naive,0.0325,0.0,True,1.0
N23_HA_ST_30m,s1_w26,naive,0.0261,0.0,True,1.0
N23_HA_ST_1h,s1_w26,naive,0.0062,0.32,False,1.0
N24_DMI_15m,s1_w26,naive,0.0436,0.0,True,1.0
N24_DMI_30m,s1_w26,naive,0.0261,0.031,True,1.0
N24_DMI_1h,s1_w26,naive,-0.0371,0.975,False,1.0
N10_HA_PSAR_15m,s1_w26,naive,0.0328,0.0,True,1.0
N10_HA_PSAR_30m,s1_w26,naive,0.0273,0.006,True,1.0
N10_HA_PSAR_1h,s1_w26,naive,0.0162,0.175,False,1.0
S4_BB_BBP_15m,s1_w26,naive,0.0386,0.0,True,1.0
S4_BB_BBP_30m,s1_w26,naive,0.0227,0.043,False,1.0
S4_BB_BBP_1h,s1_w26,naive,0.0017,0.465,False,1.0
N06_MACD_ORB_15m,s1_w26,naive,0.0508,0.022,True,1.0
N06_MACD_ORB_30m,s1_w26,naive,0.0039,0.423,False,1.0
N06_MACD_ORB_1h,s1_w26,naive,-0.0055,0.582,False,1.0
OBV_B_15m,s1_w26,naive,0.0405,0.0,True,1.0
OBV_B_30m,s1_w26,naive,0.014,0.152,False,1.0
OBV_B_1h,s1_w26,naive,0.0035,0.43,False,1.0
F6_VWAP_CROSS_15m,s1_w26,naive,0.04,0.0,True,1.0
F6_VWAP_CROSS_30m,s1_w26,naive,0.019,0.073,False,1.0
F6_VWAP_CROSS_1h,s1_w26,naive,-0.0095,0.753,False,1.0
F9_FVG_15m,s1_w26,naive,0.0252,0.003,True,1.0
F9_FVG_30m,s1_w26,naive,0.0173,0.052,False,1.0
F9_FVG_1h,s1_w26,naive,0.0226,0.074,False,1.0
N17_KC_RSI_15m,s1_w26,naive,-0.0172,0.749,False,1.0
N17_KC_RSI_30m,s1_w26,naive,0.0058,0.396,False,1.0
N17_KC_RSI_1h,s1_w26,naive,0.0377,0.12,False,1.0
N16_BBRSI_15m,s1_w26,naive,0.0307,0.023,True,1.0
N16_BBRSI_30m,s1_w26,naive,-0.0041,0.593,False,1.0
N16_BBRSI_1h,s1_w26,naive,-0.0322,0.831,False,1.0
F5_BOX_15m,s1_w26,naive,0.0491,0.046,False,1.0
F5_BOX_30m,s1_w26,naive,0.0382,0.269,False,1.0
F5_BOX_1h,s1_w26,naive,0.0738,0.139,False,1.0
S2_ST_ROC_15m,s1_w26,naive_P,-0.0019,0.693,False,0.7286
S2_ST_ROC_30m,s1_w26,naive_P,0.0042,0.165,False,0.9814
S2_ST_ROC_1h,s1_w26,naive_P,-0.0045,0.838,False,0.8253
N23_HA_ST_15m,s1_w26,naive_P,-0.0006,0.574,False,0.9145
N23_HA_ST_30m,s1_w26,naive_P,0.003,0.204,False,1.0
N23_HA_ST_1h,s1_w26,naive_P,-0.0023,0.787,False,0.8885
N24_DMI_15m,s1_w26,naive_P,0.0059,0.039,False,0.9071
N24_DMI_30m,s1_w26,naive_P,-0.0054,0.905,False,0.9182
N24_DMI_1h,s1_w26,naive_P,-0.0012,0.575,False,0.9145
N10_HA_PSAR_15m,s1_w26,naive_P,-0.0019,0.818,False,0.8327
N10_HA_PSAR_30m,s1_w26,naive_P,0.0024,0.191,False,0.9963
N10_HA_PSAR_1h,s1_w26,naive_P,0.0017,0.31,False,0.9926
S4_BB_BBP_15m,s1_w26,naive_P,0.0035,0.174,False,0.8178
S4_BB_BBP_30m,s1_w26,naive_P,-0.0085,0.965,False,0.7695
S4_BB_BBP_1h,s1_w26,naive_P,-0.0027,0.672,False,0.9071
N06_MACD_ORB_15m,s1_w26,naive_P,0.0042,0.349,False,0.9294
N06_MACD_ORB_30m,s1_w26,naive_P,0.0123,0.088,False,0.8513
N06_MACD_ORB_1h,s1_w26,naive_P,0.0011,0.429,False,0.9703
OBV_B_15m,s1_w26,naive_P,0.0038,0.103,False,0.9405
OBV_B_30m,s1_w26,naive_P,0.0024,0.285,False,0.9814
OBV_B_1h,s1_w26,naive_P,-0.0059,0.865,False,0.8587
F6_VWAP_CROSS_15m,s1_w26,naive_P,0.0224,0.0,True,1.0
F6_VWAP_CROSS_30m,s1_w26,naive_P,0.0121,0.003,True,0.9963
F6_VWAP_CROSS_1h,s1_w26,naive_P,0.004,0.205,False,0.9405
F9_FVG_15m,s1_w26,naive_P,0.011,0.0,True,0.9628
F9_FVG_30m,s1_w26,naive_P,0.0042,0.126,False,1.0
F9_FVG_1h,s1_w26,naive_P,-0.0033,0.828,False,0.9405
N17_KC_RSI_15m,s1_w26,naive_P,0.0095,0.003,True,0.9219
N17_KC_RSI_30m,s1_w26,naive_P,0.0077,0.06,False,0.9665
N17_KC_RSI_1h,s1_w26,naive_P,0.0067,0.079,False,0.9665
N16_BBRSI_15m,s1_w26,naive_P,0.0041,0.215,False,0.8513
N16_BBRSI_30m,s1_w26,naive_P,-0.0199,0.999,False,0.8178
N16_BBRSI_1h,s1_w26,naive_P,0.0013,0.449,False,0.9665
F5_BOX_15m,s1_w26,naive_P,-0.005,0.642,False,0.9814
F5_BOX_30m,s1_w26,naive_P,0.0138,0.236,False,0.9405
F5_BOX_1h,s1_w26,naive_P,0.0029,0.441,False,0.7658
S2_ST_ROC_15m,s1_w26,naive_F,0.017,0.0,True,0.9368
S2_ST_ROC_30m,s1_w26,naive_F,0.0148,0.0,True,0.9517
S2_ST_ROC_1h,s1_w26,naive_F,0.0063,0.12,False,0.9926
N23_HA_ST_15m,s1_w26,naive_F,0.0095,0.003,True,0.974
N23_HA_ST_30m,s1_w26,naive_F,0.0133,0.0,True,0.9554
N23_HA_ST_1h,s1_w26,naive_F,0.0066,0.06,False,0.974
N24_DMI_15m,s1_w26,naive_F,0.01,0.108,False,0.9814
N24_DMI_30m,s1_w26,naive_F,-0.0108,0.919,False,0.8067
N24_DMI_1h,s1_w26,naive_F,-0.005,0.732,False,0.9888
N10_HA_PSAR_15m,s1_w26,naive_F,0.0065,0.101,False,0.9888
N10_HA_PSAR_30m,s1_w26,naive_F,-0.001,0.564,False,0.9888
N10_HA_PSAR_1h,s1_w26,naive_F,0.0082,0.106,False,0.9071
S4_BB_BBP_15m,s1_w26,naive_F,0.0028,0.375,False,0.9777
S4_BB_BBP_30m,s1_w26,naive_F,0.0078,0.113,False,0.881
S4_BB_BBP_1h,s1_w26,naive_F,0.0244,0.001,True,1.0
N06_MACD_ORB_15m,s1_w26,naive_F,0.0027,0.441,False,0.9777
N06_MACD_ORB_30m,s1_w26,naive_F,0.0261,0.017,True,0.9368
N06_MACD_ORB_1h,s1_w26,naive_F,-0.0039,0.647,False,0.9517
OBV_B_15m,s1_w26,naive_F,0.018,0.005,True,0.9777
OBV_B_30m,s1_w26,naive_F,0.0138,0.043,False,0.9926
OBV_B_1h,s1_w26,naive_F,0.0034,0.374,False,0.9777
F6_VWAP_CROSS_15m,s1_w26,naive_F,0.0076,0.079,False,0.9442
F6_VWAP_CROSS_30m,s1_w26,naive_F,0.0148,0.012,True,0.9926
F6_VWAP_CROSS_1h,s1_w26,naive_F,0.0038,0.286,False,0.974
F9_FVG_15m,s1_w26,naive_F,0.0062,0.066,False,0.9294
F9_FVG_30m,s1_w26,naive_F,0.0033,0.291,False,0.9963
F9_FVG_1h,s1_w26,naive_F,0.0071,0.106,False,0.9665
N17_KC_RSI_15m,s1_w26,naive_F,-0.0216,0.997,False,0.7286
N17_KC_RSI_30m,s1_w26,naive_F,0.007,0.308,False,0.9777
N17_KC_RSI_1h,s1_w26,naive_F,-0.0044,0.603,False,0.9517
N16_BBRSI_15m,s1_w26,naive_F,0.0109,0.159,False,0.9257
N16_BBRSI_30m,s1_w26,naive_F,-0.0132,0.833,False,0.9591
N16_BBRSI_1h,s1_w26,naive_F,-0.0178,0.911,False,0.9145
F5_BOX_15m,s1_w26,naive_F,-0.022,0.977,False,0.6766
F5_BOX_30m,s1_w26,naive_F,-0.0252,0.98,False,0.5985
F5_BOX_1h,s1_w26,naive_F,0.0115,0.283,False,0.9257
S2_ST_ROC_15m,s1_w26,naive_S,0.0295,0.0,True,1.0
S2_ST_ROC_30m,s1_w26,naive_S,0.0208,0.0,True,1.0
S2_ST_ROC_1h,s1_w26,naive_S,0.0139,0.0,True,0.8178
N23_HA_ST_15m,s1_w26,naive_S,0.0318,0.0,True,1.0
N23_HA_ST_30m,s1_w26,naive_S,0.022,0.0,True,1.0
N23_HA_ST_1h,s1_w26,naive_S,0.0153,0.0,True,0.9851
N24_DMI_15m,s1_w26,naive_S,0.0307,0.0,True,1.0
N24_DMI_30m,s1_w26,naive_S,0.0223,0.0,True,1.0
N24_DMI_1h,s1_w26,naive_S,0.0081,0.003,True,0.8996
N10_HA_PSAR_15m,s1_w26,naive_S,0.0302,0.0,True,1.0
N10_HA_PSAR_30m,s1_w26,naive_S,0.0204,0.0,True,1.0
N10_HA_PSAR_1h,s1_w26,naive_S,0.0048,0.054,True,0.7918
S4_BB_BBP_15m,s1_w26,naive_S,0.0355,0.0,True,1.0
S4_BB_BBP_30m,s1_w26,naive_S,0.0226,0.0,True,0.9851
S4_BB_BBP_1h,s1_w26,naive_S,0.0046,0.113,False,0.8996
N06_MACD_ORB_15m,s1_w26,naive_S,0.0275,0.0,True,0.9963
N06_MACD_ORB_30m,s1_w26,naive_S,0.008,0.06,True,0.9033
N06_MACD_ORB_1h,s1_w26,naive_S,0.0114,0.04,True,0.8439
OBV_B_15m,s1_w26,naive_S,0.029,0.0,True,1.0
OBV_B_30m,s1_w26,naive_S,0.026,0.0,True,1.0
OBV_B_1h,s1_w26,naive_S,0.0167,0.0,True,0.9033
F6_VWAP_CROSS_15m,s1_w26,naive_S,0.0261,0.0,True,1.0
F6_VWAP_CROSS_30m,s1_w26,naive_S,0.0182,0.0,True,1.0
F6_VWAP_CROSS_1h,s1_w26,naive_S,0.0114,0.0,True,0.8848
F9_FVG_15m,s1_w26,naive_S,0.0242,0.0,True,0.9851
F9_FVG_30m,s1_w26,naive_S,0.0129,0.0,True,0.9145
F9_FVG_1h,s1_w26,naive_S,0.0053,0.052,True,0.8959
N17_KC_RSI_15m,s1_w26,naive_S,0.0286,0.0,True,1.0
N17_KC_RSI_30m,s1_w26,naive_S,0.0192,0.0,True,1.0
N17_KC_RSI_1h,s1_w26,naive_S,0.016,0.0,True,1.0
N16_BBRSI_15m,s1_w26,naive_S,0.0295,0.0,True,1.0
N16_BBRSI_30m,s1_w26,naive_S,0.0062,0.058,True,0.8773
N16_BBRSI_1h,s1_w26,naive_S,0.0129,0.008,True,0.9257
F5_BOX_15m,s1_w26,naive_S,0.0402,0.0,True,0.9963
F5_BOX_30m,s1_w26,naive_S,0.0225,0.0,True,0.948
F5_BOX_1h,s1_w26,naive_S,0.0101,0.069,True,0.6245
S2_ST_ROC_15m,s1_w26,naive_X,0.0007,0.443,False,0.7546
S2_ST_ROC_30m,s1_w26,naive_X,-0.002,0.649,False,0.6208
S2_ST_ROC_1h,s1_w26,naive_X,0.0021,0.401,False,0.7695
N23_HA_ST_15m,s1_w26,naive_X,-0.0012,0.641,False,0.6766
N23_HA_ST_30m,s1_w26,naive_X,-0.0061,0.905,False,0.5874
N23_HA_ST_1h,s1_w26,naive_X,0.0059,0.25,False,0.8327
N24_DMI_15m,s1_w26,naive_X,0.0067,0.073,False,0.7732
N24_DMI_30m,s1_w26,naive_X,0.0142,0.023,False,0.8625
N24_DMI_1h,s1_w26,naive_X,-0.0025,0.552,False,0.7695
N10_HA_PSAR_15m,s1_w26,naive_X,0.0014,0.311,False,0.4758
N10_HA_PSAR_30m,s1_w26,naive_X,-0.0039,0.781,False,0.4461
N10_HA_PSAR_1h,s1_w26,naive_X,0.0108,0.102,False,0.6357
S4_BB_BBP_15m,s1_w26,naive_X,-0.0048,0.909,False,0.4089
S4_BB_BBP_30m,s1_w26,naive_X,-0.0013,0.569,False,0.5576
S4_BB_BBP_1h,s1_w26,naive_X,-0.0079,0.779,False,0.5167
N06_MACD_ORB_15m,s1_w26,naive_X,-0.0095,0.89,False,0.5056
N06_MACD_ORB_30m,s1_w26,naive_X,-0.0124,0.938,False,0.3829
N06_MACD_ORB_1h,s1_w26,naive_X,-0.0135,0.836,False,0.6097
OBV_B_15m,s1_w26,naive_X,-0.0001,0.502,False,0.6394
OBV_B_30m,s1_w26,naive_X,-0.0019,0.669,False,0.4201
OBV_B_1h,s1_w26,naive_X,-0.0032,0.622,False,0.6914
F6_VWAP_CROSS_15m,s1_w26,naive_X,0.0057,0.044,False,0.8476
F6_VWAP_CROSS_30m,s1_w26,naive_X,0.0092,0.029,False,0.9665
F6_VWAP_CROSS_1h,s1_w26,naive_X,0.0048,0.189,False,0.8736
F9_FVG_15m,s1_w26,naive_X,-0.0024,0.724,False,0.5948
F9_FVG_30m,s1_w26,naive_X,-0.0036,0.699,False,0.6134
F9_FVG_1h,s1_w26,naive_X,0.0005,0.494,False,0.5539
N17_KC_RSI_15m,s1_w26,naive_X,-0.0039,0.888,False,0.1561
N17_KC_RSI_30m,s1_w26,naive_X,-0.0088,0.994,False,0.145
N17_KC_RSI_1h,s1_w26,naive_X,-0.0259,1.0,False,0.1747
N16_BBRSI_15m,s1_w26,naive_X,-0.0063,0.87,False,0.461
N16_BBRSI_30m,s1_w26,naive_X,0.0015,0.428,False,0.5428
N16_BBRSI_1h,s1_w26,naive_X,-0.0256,0.992,False,0.3457
F5_BOX_15m,s1_w26,naive_X,0.0101,0.165,False,0.7509
F5_BOX_30m,s1_w26,naive_X,0.0442,0.002,True,0.829
F5_BOX_1h,s1_w26,naive_X,0.016,0.234,False,0.6394
S2_ST_ROC_15m,s1_w26,gate_30_0.05_0.0,0.0265,0.0,True,0.7212
S2_ST_ROC_30m,s1_w26,gate_30_0.05_0.0,0.0229,0.014,True,0.9405
S2_ST_ROC_1h,s1_w26,gate_30_0.05_0.0,0.0088,0.242,False,0.8104
N23_HA_ST_15m,s1_w26,gate_30_0.05_0.0,0.0268,0.0,True,0.6914
N23_HA_ST_30m,s1_w26,gate_30_0.05_0.0,0.0174,0.005,True,0.6766
N23_HA_ST_1h,s1_w26,gate_30_0.05_0.0,0.005,0.282,False,0.7026
N24_DMI_15m,s1_w26,gate_30_0.05_0.0,0.0427,0.0,True,0.9888
N24_DMI_30m,s1_w26,gate_30_0.05_0.0,0.0227,0.044,False,0.9591
N24_DMI_1h,s1_w26,gate_30_0.05_0.0,-0.0353,0.985,False,0.8327
N10_HA_PSAR_15m,s1_w26,gate_30_0.05_0.0,0.0275,0.0,True,0.7026
N10_HA_PSAR_30m,s1_w26,gate_30_0.05_0.0,0.0166,0.044,False,0.8178
N10_HA_PSAR_1h,s1_w26,gate_30_0.05_0.0,0.0178,0.098,False,0.8439
S4_BB_BBP_15m,s1_w26,gate_30_0.05_0.0,0.034,0.0,True,0.9294
S4_BB_BBP_30m,s1_w26,gate_30_0.05_0.0,0.0127,0.128,False,0.8699
S4_BB_BBP_1h,s1_w26,gate_30_0.05_0.0,0.0017,0.45,False,0.8662
N06_MACD_ORB_15m,s1_w26,gate_30_0.05_0.0,0.0345,0.054,False,0.9108
N06_MACD_ORB_30m,s1_w26,gate_30_0.05_0.0,0.0123,0.273,False,0.8959
N06_MACD_ORB_1h,s1_w26,gate_30_0.05_0.0,0.0111,0.321,False,0.8439
OBV_B_15m,s1_w26,gate_30_0.05_0.0,0.0291,0.001,True,0.9368
OBV_B_30m,s1_w26,gate_30_0.05_0.0,0.0036,0.367,False,0.9145
OBV_B_1h,s1_w26,gate_30_0.05_0.0,-0.0064,0.673,False,0.8736
F6_VWAP_CROSS_15m,s1_w26,gate_30_0.05_0.0,0.0363,0.0,True,0.9257
F6_VWAP_CROSS_30m,s1_w26,gate_30_0.05_0.0,0.0167,0.071,False,0.9405
F6_VWAP_CROSS_1h,s1_w26,gate_30_0.05_0.0,-0.0121,0.868,False,0.855
F9_FVG_15m,s1_w26,gate_30_0.05_0.0,0.0085,0.066,False,0.6097
F9_FVG_30m,s1_w26,gate_30_0.05_0.0,0.012,0.065,False,0.6208
F9_FVG_1h,s1_w26,gate_30_0.05_0.0,0.0044,0.34,False,0.6654
N17_KC_RSI_15m,s1_w26,gate_30_0.05_0.0,-0.017,0.909,False,0.7621
N17_KC_RSI_30m,s1_w26,gate_30_0.05_0.0,0.0059,0.312,False,0.7584
N17_KC_RSI_1h,s1_w26,gate_30_0.05_0.0,0.0142,0.175,False,0.7286
N16_BBRSI_15m,s1_w26,gate_30_0.05_0.0,0.0268,0.03,False,0.8587
N16_BBRSI_30m,s1_w26,gate_30_0.05_0.0,-0.0056,0.623,False,0.9071
N16_BBRSI_1h,s1_w26,gate_30_0.05_0.0,-0.0121,0.707,False,0.7918
F5_BOX_15m,s1_w26,gate_30_0.05_0.0,0.0446,0.042,False,0.9257
F5_BOX_30m,s1_w26,gate_30_0.05_0.0,0.0187,0.288,False,0.8067
F5_BOX_1h,s1_w26,gate_30_0.05_0.0,0.0742,0.039,False,0.7732
S2_ST_ROC_15m,s1_w26,gate_100_0.15_2.0,0.0,1.0,False,0.0
S2_ST_ROC_30m,s1_w26,gate_100_0.15_2.0,0.0,1.0,False,0.0
S2_ST_ROC_1h,s1_w26,gate_100_0.15_2.0,-0.0017,0.658,False,0.1487
N23_HA_ST_15m,s1_w26,gate_100_0.15_2.0,0.0,1.0,False,0.0
N23_HA_ST_30m,s1_w26,gate_100_0.15_2.0,0.0,1.0,False,0.0
N23_HA_ST_1h,s1_w26,gate_100_0.15_2.0,-0.0005,0.567,False,0.0929
N24_DMI_15m,s1_w26,gate_100_0.15_2.0,0.0007,0.378,False,0.0892
N24_DMI_30m,s1_w26,gate_100_0.15_2.0,-0.0034,0.911,False,0.0743
N24_DMI_1h,s1_w26,gate_100_0.15_2.0,-0.0145,0.996,False,0.1896
N10_HA_PSAR_15m,s1_w26,gate_100_0.15_2.0,0.0,1.0,False,0.0
N10_HA_PSAR_30m,s1_w26,gate_100_0.15_2.0,-0.0023,0.989,False,0.0223
N10_HA_PSAR_1h,s1_w26,gate_100_0.15_2.0,0.0052,0.193,False,0.1822
S4_BB_BBP_15m,s1_w26,gate_100_0.15_2.0,0.0,1.0,False,0.0
S4_BB_BBP_30m,s1_w26,gate_100_0.15_2.0,0.0037,0.166,False,0.1375
S4_BB_BBP_1h,s1_w26,gate_100_0.15_2.0,-0.0002,0.516,False,0.2416
N06_MACD_ORB_15m,s1_w26,gate_100_0.15_2.0,0.0001,0.498,False,0.3643
N06_MACD_ORB_30m,s1_w26,gate_100_0.15_2.0,-0.0035,0.672,False,0.1822
N06_MACD_ORB_1h,s1_w26,gate_100_0.15_2.0,-0.0116,0.827,False,0.342
OBV_B_15m,s1_w26,gate_100_0.15_2.0,-0.0008,0.697,False,0.0595
OBV_B_30m,s1_w26,gate_100_0.15_2.0,-0.0054,0.968,False,0.1078
OBV_B_1h,s1_w26,gate_100_0.15_2.0,-0.0177,0.989,False,0.3457
F6_VWAP_CROSS_15m,s1_w26,gate_100_0.15_2.0,0.0003,0.154,False,0.0074
F6_VWAP_CROSS_30m,s1_w26,gate_100_0.15_2.0,-0.0027,0.997,False,0.0669
F6_VWAP_CROSS_1h,s1_w26,gate_100_0.15_2.0,-0.0047,0.999,False,0.119
F9_FVG_15m,s1_w26,gate_100_0.15_2.0,0.0,1.0,False,0.0
F9_FVG_30m,s1_w26,gate_100_0.15_2.0,-0.0005,0.738,False,0.0112
F9_FVG_1h,s1_w26,gate_100_0.15_2.0,0.0091,0.01,False,0.1227
N17_KC_RSI_15m,s1_w26,gate_100_0.15_2.0,-0.0053,0.798,False,0.4089
N17_KC_RSI_30m,s1_w26,gate_100_0.15_2.0,0.0035,0.324,False,0.4126
N17_KC_RSI_1h,s1_w26,gate_100_0.15_2.0,-0.0044,0.688,False,0.4164
N16_BBRSI_15m,s1_w26,gate_100_0.15_2.0,0.0038,0.242,False,0.2714
N16_BBRSI_30m,s1_w26,gate_100_0.15_2.0,-0.0018,0.618,False,0.2082
N16_BBRSI_1h,s1_w26,gate_100_0.15_2.0,-0.0135,0.92,False,0.2491
F5_BOX_15m,s1_w26,gate_100_0.15_2.0,0.0083,0.3,False,0.5502
F5_BOX_30m,s1_w26,gate_100_0.15_2.0,0.0021,0.475,False,0.5167
F5_BOX_1h,s1_w26,gate_100_0.15_2.0,0.0183,0.244,False,0.5576
S2_ST_ROC_15m,s4_w1,naive,0.0164,0.007,True,1.0
S2_ST_ROC_30m,s4_w1,naive,0.0185,0.027,False,1.0
S2_ST_ROC_1h,s4_w1,naive,-0.0131,0.841,False,1.0
N23_HA_ST_15m,s4_w1,naive,0.0317,0.0,True,1.0
N23_HA_ST_30m,s4_w1,naive,0.0179,0.017,True,1.0
N23_HA_ST_1h,s4_w1,naive,-0.007,0.751,False,1.0
N24_DMI_15m,s4_w1,naive,0.0284,0.01,True,1.0
N24_DMI_30m,s4_w1,naive,0.0465,0.008,True,1.0
N24_DMI_1h,s4_w1,naive,-0.0014,0.544,False,1.0
N10_HA_PSAR_15m,s4_w1,naive,0.0113,0.076,False,1.0
N10_HA_PSAR_30m,s4_w1,naive,0.009,0.197,False,1.0
N10_HA_PSAR_1h,s4_w1,naive,0.0122,0.195,False,1.0
S4_BB_BBP_15m,s4_w1,naive,0.0161,0.037,False,1.0
S4_BB_BBP_30m,s4_w1,naive,-0.0225,0.946,False,1.0
S4_BB_BBP_1h,s4_w1,naive,-0.0359,0.978,False,1.0
N06_MACD_ORB_15m,s4_w1,naive,0.0121,0.254,False,1.0
N06_MACD_ORB_30m,s4_w1,naive,-0.0561,1.0,False,0.9851
N06_MACD_ORB_1h,s4_w1,naive,-0.0361,0.96,False,0.9368
OBV_B_15m,s4_w1,naive,0.0281,0.005,True,1.0
OBV_B_30m,s4_w1,naive,-0.0331,0.993,False,1.0
OBV_B_1h,s4_w1,naive,-0.0262,0.91,False,1.0
F6_VWAP_CROSS_15m,s4_w1,naive,0.0377,0.0,True,1.0
F6_VWAP_CROSS_30m,s4_w1,naive,0.0043,0.339,False,1.0
F6_VWAP_CROSS_1h,s4_w1,naive,-0.0121,0.78,False,1.0
F9_FVG_15m,s4_w1,naive,0.0176,0.014,True,1.0
F9_FVG_30m,s4_w1,naive,-0.0017,0.53,False,1.0
F9_FVG_1h,s4_w1,naive,-0.0068,0.658,False,1.0
N17_KC_RSI_15m,s4_w1,naive,0.0329,0.089,False,1.0
N17_KC_RSI_30m,s4_w1,naive,-0.0243,0.894,False,1.0
N17_KC_RSI_1h,s4_w1,naive,-0.0279,0.824,False,1.0
N16_BBRSI_15m,s4_w1,naive,-0.0419,0.992,False,1.0
N16_BBRSI_30m,s4_w1,naive,-0.0445,0.987,False,1.0
N16_BBRSI_1h,s4_w1,naive,-0.0472,0.991,False,0.9703
F5_BOX_15m,s4_w1,naive,-0.0244,0.864,False,1.0
F5_BOX_30m,s4_w1,naive,0.019,0.246,False,1.0
F5_BOX_1h,s4_w1,naive,0.0196,0.225,False,0.7472
S2_ST_ROC_15m,s4_w1,naive_P,0.0017,0.323,False,0.9405
S2_ST_ROC_30m,s4_w1,naive_P,-0.0004,0.542,False,0.9405
S2_ST_ROC_1h,s4_w1,naive_P,-0.0056,0.876,False,0.8773
N23_HA_ST_15m,s4_w1,naive_P,-0.0012,0.647,False,0.9257
N23_HA_ST_30m,s4_w1,naive_P,0.0029,0.175,False,0.9554
N23_HA_ST_1h,s4_w1,naive_P,-0.0014,0.686,False,0.8364
N24_DMI_15m,s4_w1,naive_P,0.0089,0.004,True,0.8959
N24_DMI_30m,s4_w1,naive_P,-0.0004,0.55,False,0.9108
N24_DMI_1h,s4_w1,naive_P,-0.0004,0.531,False,0.9554
N10_HA_PSAR_15m,s4_w1,naive_P,-0.0011,0.714,False,0.8662
N10_HA_PSAR_30m,s4_w1,naive_P,0.0019,0.208,False,0.8513
N10_HA_PSAR_1h,s4_w1,naive_P,0.0026,0.22,False,0.8364
S4_BB_BBP_15m,s4_w1,naive_P,-0.0018,0.668,False,0.8364
S4_BB_BBP_30m,s4_w1,naive_P,-0.0084,0.95,False,0.8959
S4_BB_BBP_1h,s4_w1,naive_P,-0.0051,0.771,False,0.881
N06_MACD_ORB_15m,s4_w1,naive_P,-0.0105,0.872,False,0.8922
N06_MACD_ORB_30m,s4_w1,naive_P,0.0008,0.483,False,0.8178
N06_MACD_ORB_1h,s4_w1,naive_P,-0.0012,0.546,False,0.8476
OBV_B_15m,s4_w1,naive_P,0.0019,0.276,False,0.9108
OBV_B_30m,s4_w1,naive_P,0.0017,0.341,False,0.9257
OBV_B_1h,s4_w1,naive_P,-0.0003,0.511,False,0.9405
F6_VWAP_CROSS_15m,s4_w1,naive_P,0.0223,0.0,True,0.8662
F6_VWAP_CROSS_30m,s4_w1,naive_P,0.0183,0.0,True,0.8959
F6_VWAP_CROSS_1h,s4_w1,naive_P,0.0074,0.039,False,0.8662
F9_FVG_15m,s4_w1,naive_P,0.002,0.243,False,0.8364
F9_FVG_30m,s4_w1,naive_P,0.0049,0.066,False,0.8773
F9_FVG_1h,s4_w1,naive_P,0.001,0.415,False,0.9108
N17_KC_RSI_15m,s4_w1,naive_P,0.005,0.142,False,0.9405
N17_KC_RSI_30m,s4_w1,naive_P,0.0094,0.043,False,0.9851
N17_KC_RSI_1h,s4_w1,naive_P,0.0003,0.479,False,0.9257
N16_BBRSI_15m,s4_w1,naive_P,-0.0044,0.778,False,0.9108
N16_BBRSI_30m,s4_w1,naive_P,-0.0095,0.913,False,0.881
N16_BBRSI_1h,s4_w1,naive_P,0.0059,0.237,False,0.8625
F5_BOX_15m,s4_w1,naive_P,-0.0074,0.76,False,0.881
F5_BOX_30m,s4_w1,naive_P,-0.0167,0.926,False,0.7918
F5_BOX_1h,s4_w1,naive_P,-0.0244,0.965,False,0.7472
S2_ST_ROC_15m,s4_w1,naive_F,0.0057,0.081,False,0.9257
S2_ST_ROC_30m,s4_w1,naive_F,0.0089,0.02,False,0.8959
S2_ST_ROC_1h,s4_w1,naive_F,0.0034,0.249,False,0.9554
N23_HA_ST_15m,s4_w1,naive_F,0.0072,0.011,False,0.9108
N23_HA_ST_30m,s4_w1,naive_F,0.0071,0.019,False,0.9405
N23_HA_ST_1h,s4_w1,naive_F,0.0045,0.124,False,0.9703
N24_DMI_15m,s4_w1,naive_F,-0.0006,0.539,False,0.9405
N24_DMI_30m,s4_w1,naive_F,0.017,0.025,False,0.881
N24_DMI_1h,s4_w1,naive_F,0.0021,0.421,False,0.9405
N10_HA_PSAR_15m,s4_w1,naive_F,-0.0004,0.541,False,0.9108
N10_HA_PSAR_30m,s4_w1,naive_F,0.0077,0.111,False,0.9108
N10_HA_PSAR_1h,s4_w1,naive_F,-0.0032,0.695,False,0.9257
S4_BB_BBP_15m,s4_w1,naive_F,0.0129,0.02,False,0.9257
S4_BB_BBP_30m,s4_w1,naive_F,-0.0119,0.934,False,0.9405
S4_BB_BBP_1h,s4_w1,naive_F,0.0047,0.275,False,0.8773
N06_MACD_ORB_15m,s4_w1,naive_F,-0.0008,0.528,False,0.7026
N06_MACD_ORB_30m,s4_w1,naive_F,-0.0023,0.615,False,0.6097
N06_MACD_ORB_1h,s4_w1,naive_F,-0.0115,0.984,False,0.3271
OBV_B_15m,s4_w1,naive_F,0.0174,0.011,False,0.881
OBV_B_30m,s4_w1,naive_F,0.0101,0.103,False,0.9257
OBV_B_1h,s4_w1,naive_F,0.0029,0.343,False,0.9405
F6_VWAP_CROSS_15m,s4_w1,naive_F,0.0024,0.335,False,0.9703
F6_VWAP_CROSS_30m,s4_w1,naive_F,0.0087,0.056,False,0.9554
F6_VWAP_CROSS_1h,s4_w1,naive_F,0.001,0.437,False,0.9405
F9_FVG_15m,s4_w1,naive_F,0.0109,0.005,False,0.9257
F9_FVG_30m,s4_w1,naive_F,0.0053,0.14,False,0.9554
F9_FVG_1h,s4_w1,naive_F,0.0057,0.128,False,0.8959
N17_KC_RSI_15m,s4_w1,naive_F,-0.0025,0.621,False,0.8662
N17_KC_RSI_30m,s4_w1,naive_F,0.0123,0.12,False,0.8959
N17_KC_RSI_1h,s4_w1,naive_F,0.0065,0.251,False,0.9257
N16_BBRSI_15m,s4_w1,naive_F,-0.0023,0.6,False,0.9405
N16_BBRSI_30m,s4_w1,naive_F,0.0071,0.232,False,0.7732
N16_BBRSI_1h,s4_w1,naive_F,0.0029,0.195,False,0.1227
F5_BOX_15m,s4_w1,naive_F,0.0022,0.434,False,0.6283
F5_BOX_30m,s4_w1,naive_F,-0.0087,0.877,False,0.2565
F5_BOX_1h,s4_w1,naive_F,0.0054,0.083,False,0.0892
S2_ST_ROC_15m,s4_w1,naive_S,0.0185,0.0,True,0.8364
S2_ST_ROC_30m,s4_w1,naive_S,0.0107,0.0,True,0.8216
S2_ST_ROC_1h,s4_w1,naive_S,0.0063,0.004,True,0.7918
N23_HA_ST_15m,s4_w1,naive_S,0.0282,0.0,True,0.9108
N23_HA_ST_30m,s4_w1,naive_S,0.0088,0.0,True,0.8662
N23_HA_ST_1h,s4_w1,naive_S,0.0031,0.085,False,0.8216
N24_DMI_15m,s4_w1,naive_S,0.0209,0.0,True,0.8327
N24_DMI_30m,s4_w1,naive_S,0.0057,0.023,True,0.7621
N24_DMI_1h,s4_w1,naive_S,0.0036,0.127,False,0.8364
N10_HA_PSAR_15m,s4_w1,naive_S,0.0234,0.0,True,0.8662
N10_HA_PSAR_30m,s4_w1,naive_S,0.0032,0.126,False,0.7621
N10_HA_PSAR_1h,s4_w1,naive_S,0.004,0.118,False,0.7323
S4_BB_BBP_15m,s4_w1,naive_S,0.0221,0.0,True,0.881
S4_BB_BBP_30m,s4_w1,naive_S,0.0076,0.015,True,0.8067
S4_BB_BBP_1h,s4_w1,naive_S,-0.0001,0.496,False,0.7323
N06_MACD_ORB_15m,s4_w1,naive_S,0.0084,0.076,False,0.7323
N06_MACD_ORB_30m,s4_w1,naive_S,-0.0078,0.94,False,0.5985
N06_MACD_ORB_1h,s4_w1,naive_S,0.0075,0.089,False,0.5948
OBV_B_15m,s4_w1,naive_S,0.0177,0.0,True,0.7472
OBV_B_30m,s4_w1,naive_S,0.0146,0.0,True,0.8216
OBV_B_1h,s4_w1,naive_S,0.002,0.297,False,0.777
F6_VWAP_CROSS_15m,s4_w1,naive_S,0.0186,0.0,True,0.8178
F6_VWAP_CROSS_30m,s4_w1,naive_S,0.0122,0.0,True,0.881
F6_VWAP_CROSS_1h,s4_w1,naive_S,0.0053,0.001,True,0.7472
F9_FVG_15m,s4_w1,naive_S,0.0071,0.002,True,0.7918
F9_FVG_30m,s4_w1,naive_S,0.0043,0.068,False,0.7175
F9_FVG_1h,s4_w1,naive_S,0.0026,0.184,False,0.7435
N17_KC_RSI_15m,s4_w1,naive_S,0.0246,0.0,True,0.8959
N17_KC_RSI_30m,s4_w1,naive_S,0.0059,0.001,True,0.7621
N17_KC_RSI_1h,s4_w1,naive_S,0.001,0.334,False,0.777
N16_BBRSI_15m,s4_w1,naive_S,0.011,0.002,True,0.7918
N16_BBRSI_30m,s4_w1,naive_S,-0.0002,0.494,False,0.8216
N16_BBRSI_1h,s4_w1,naive_S,-0.002,0.666,False,0.5353
F5_BOX_15m,s4_w1,naive_S,0.014,0.003,True,0.7621
F5_BOX_30m,s4_w1,naive_S,-0.0066,0.89,False,0.5242
F5_BOX_1h,s4_w1,naive_S,0.0003,0.461,False,0.223
S2_ST_ROC_15m,s4_w1,naive_X,-0.0,0.51,False,0.5539
S2_ST_ROC_30m,s4_w1,naive_X,0.0015,0.387,False,0.6283
S2_ST_ROC_1h,s4_w1,naive_X,-0.0107,0.95,False,0.5353
N23_HA_ST_15m,s4_w1,naive_X,-0.0001,0.484,False,0.5836
N23_HA_ST_30m,s4_w1,naive_X,-0.0011,0.577,False,0.539
N23_HA_ST_1h,s4_w1,naive_X,-0.0047,0.757,False,0.5056
N24_DMI_15m,s4_w1,naive_X,0.006,0.071,False,0.6097
N24_DMI_30m,s4_w1,naive_X,0.0028,0.318,False,0.6245
N24_DMI_1h,s4_w1,naive_X,0.0025,0.391,False,0.5093
N10_HA_PSAR_15m,s4_w1,naive_X,-0.0036,0.855,False,0.5651
N10_HA_PSAR_30m,s4_w1,naive_X,-0.0063,0.889,False,0.4944
N10_HA_PSAR_1h,s4_w1,naive_X,-0.0028,0.614,False,0.6431
S4_BB_BBP_15m,s4_w1,naive_X,-0.0015,0.627,False,0.6134
S4_BB_BBP_30m,s4_w1,naive_X,-0.0064,0.859,False,0.5242
S4_BB_BBP_1h,s4_w1,naive_X,-0.0012,0.55,False,0.4944
N06_MACD_ORB_15m,s4_w1,naive_X,-0.0109,0.922,False,0.5836
N06_MACD_ORB_30m,s4_w1,naive_X,-0.0027,0.608,False,0.5093
N06_MACD_ORB_1h,s4_w1,naive_X,-0.0062,0.697,False,0.3569
OBV_B_15m,s4_w1,naive_X,-0.0014,0.669,False,0.6431
OBV_B_30m,s4_w1,naive_X,-0.0078,0.952,False,0.5204
OBV_B_1h,s4_w1,naive_X,0.0008,0.474,False,0.5093
F6_VWAP_CROSS_15m,s4_w1,naive_X,0.0046,0.071,False,0.5985
F6_VWAP_CROSS_30m,s4_w1,naive_X,0.0073,0.024,False,0.7138
F6_VWAP_CROSS_1h,s4_w1,naive_X,-0.0041,0.813,False,0.539
F9_FVG_15m,s4_w1,naive_X,-0.0016,0.673,False,0.3903
F9_FVG_30m,s4_w1,naive_X,-0.0036,0.683,False,0.6134
F9_FVG_1h,s4_w1,naive_X,-0.0148,0.97,False,0.4796
N17_KC_RSI_15m,s4_w1,naive_X,-0.0086,0.985,False,0.4052
N17_KC_RSI_30m,s4_w1,naive_X,-0.0065,0.852,False,0.3903
N17_KC_RSI_1h,s4_w1,naive_X,-0.0177,0.943,False,0.4461
N16_BBRSI_15m,s4_w1,naive_X,-0.0038,0.727,False,0.5502
N16_BBRSI_30m,s4_w1,naive_X,0.0045,0.317,False,0.6283
N16_BBRSI_1h,s4_w1,naive_X,-0.0164,0.936,False,0.342
F5_BOX_15m,s4_w1,naive_X,-0.0043,0.67,False,0.6394
F5_BOX_30m,s4_w1,naive_X,0.021,0.071,False,0.4312
F5_BOX_1h,s4_w1,naive_X,-0.0001,0.522,False,0.1784
S2_ST_ROC_15m,s4_w1,gate_30_0.05_0.0,0.0154,0.005,True,0.803
S2_ST_ROC_30m,s4_w1,gate_30_0.05_0.0,0.0167,0.015,True,0.8364
S2_ST_ROC_1h,s4_w1,gate_30_0.05_0.0,-0.0063,0.764,False,0.6877
N23_HA_ST_15m,s4_w1,gate_30_0.05_0.0,0.0257,0.0,True,0.8476
N23_HA_ST_30m,s4_w1,gate_30_0.05_0.0,0.014,0.034,False,0.8216
N23_HA_ST_1h,s4_w1,gate_30_0.05_0.0,-0.0113,0.941,False,0.7286
N24_DMI_15m,s4_w1,gate_30_0.05_0.0,0.0202,0.018,True,0.8513
N24_DMI_30m,s4_w1,gate_30_0.05_0.0,0.0292,0.005,True,0.7435
N24_DMI_1h,s4_w1,gate_30_0.05_0.0,0.0085,0.172,False,0.5799
N10_HA_PSAR_15m,s4_w1,gate_30_0.05_0.0,0.0136,0.021,True,0.8067
N10_HA_PSAR_30m,s4_w1,gate_30_0.05_0.0,0.008,0.156,False,0.7621
N10_HA_PSAR_1h,s4_w1,gate_30_0.05_0.0,0.0056,0.225,False,0.539
S4_BB_BBP_15m,s4_w1,gate_30_0.05_0.0,0.0113,0.083,False,0.7621
S4_BB_BBP_30m,s4_w1,gate_30_0.05_0.0,0.011,0.147,False,0.7175
S4_BB_BBP_1h,s4_w1,gate_30_0.05_0.0,0.009,0.081,False,0.3866
N06_MACD_ORB_15m,s4_w1,gate_30_0.05_0.0,-0.0067,0.774,False,0.3755
N06_MACD_ORB_30m,s4_w1,gate_30_0.05_0.0,0.0005,0.451,False,0.119
N06_MACD_ORB_1h,s4_w1,gate_30_0.05_0.0,-0.0009,0.632,False,0.0149
OBV_B_15m,s4_w1,gate_30_0.05_0.0,0.0175,0.022,True,0.8364
OBV_B_30m,s4_w1,gate_30_0.05_0.0,-0.0207,0.978,False,0.8067
OBV_B_1h,s4_w1,gate_30_0.05_0.0,-0.017,0.977,False,0.5985
F6_VWAP_CROSS_15m,s4_w1,gate_30_0.05_0.0,0.0303,0.0,True,0.6877
F6_VWAP_CROSS_30m,s4_w1,gate_30_0.05_0.0,0.0109,0.085,False,0.7918
F6_VWAP_CROSS_1h,s4_w1,gate_30_0.05_0.0,0.0022,0.345,False,0.6134
F9_FVG_15m,s4_w1,gate_30_0.05_0.0,0.0068,0.169,False,0.8067
F9_FVG_30m,s4_w1,gate_30_0.05_0.0,0.0005,0.439,False,0.7472
F9_FVG_1h,s4_w1,gate_30_0.05_0.0,-0.0053,0.735,False,0.539
N17_KC_RSI_15m,s4_w1,gate_30_0.05_0.0,-0.0052,0.713,False,0.7286
N17_KC_RSI_30m,s4_w1,gate_30_0.05_0.0,-0.0009,0.54,False,0.6134
N17_KC_RSI_1h,s4_w1,gate_30_0.05_0.0,-0.019,0.967,False,0.4758
N16_BBRSI_15m,s4_w1,gate_30_0.05_0.0,0.0002,0.491,False,0.7621
N16_BBRSI_30m,s4_w1,gate_30_0.05_0.0,-0.005,0.77,False,0.2677
N16_BBRSI_1h,s4_w1,gate_30_0.05_0.0,0.0,1.0,False,0.0
F5_BOX_15m,s4_w1,gate_30_0.05_0.0,0.0064,0.306,False,0.5539
F5_BOX_30m,s4_w1,gate_30_0.05_0.0,0.0057,0.335,False,0.1784
F5_BOX_1h,s4_w1,gate_30_0.05_0.0,-0.0064,0.738,False,0.0595
S2_ST_ROC_15m,s4_w1,gate_100_0.15_2.0,0.0119,0.006,True,0.5799
S2_ST_ROC_30m,s4_w1,gate_100_0.15_2.0,0.0103,0.044,False,0.4944
S2_ST_ROC_1h,s4_w1,gate_100_0.15_2.0,0.0001,0.399,False,0.0149
N23_HA_ST_15m,s4_w1,gate_100_0.15_2.0,0.0208,0.0,True,0.5651
N23_HA_ST_30m,s4_w1,gate_100_0.15_2.0,0.0114,0.022,False,0.4498
N23_HA_ST_1h,s4_w1,gate_100_0.15_2.0,-0.003,0.827,False,0.119
N24_DMI_15m,s4_w1,gate_100_0.15_2.0,0.0121,0.001,True,0.2825
N24_DMI_30m,s4_w1,gate_100_0.15_2.0,0.0021,0.055,False,0.0297
N24_DMI_1h,s4_w1,gate_100_0.15_2.0,0.0,1.0,False,0.0
N10_HA_PSAR_15m,s4_w1,gate_100_0.15_2.0,-0.001,0.694,False,0.1338
N10_HA_PSAR_30m,s4_w1,gate_100_0.15_2.0,0.0,1.0,False,0.0
N10_HA_PSAR_1h,s4_w1,gate_100_0.15_2.0,0.0,1.0,False,0.0
S4_BB_BBP_15m,s4_w1,gate_100_0.15_2.0,0.0038,0.066,False,0.1041
S4_BB_BBP_30m,s4_w1,gate_100_0.15_2.0,0.0,1.0,False,0.0
S4_BB_BBP_1h,s4_w1,gate_100_0.15_2.0,0.0,1.0,False,0.0
N06_MACD_ORB_15m,s4_w1,gate_100_0.15_2.0,0.0,1.0,False,0.0
N06_MACD_ORB_30m,s4_w1,gate_100_0.15_2.0,0.0,1.0,False,0.0
N06_MACD_ORB_1h,s4_w1,gate_100_0.15_2.0,0.0,1.0,False,0.0
OBV_B_15m,s4_w1,gate_100_0.15_2.0,-0.0,0.503,False,0.0892
OBV_B_30m,s4_w1,gate_100_0.15_2.0,0.0,1.0,False,0.0
OBV_B_1h,s4_w1,gate_100_0.15_2.0,0.0,1.0,False,0.0
F6_VWAP_CROSS_15m,s4_w1,gate_100_0.15_2.0,0.0107,0.006,True,0.4498
F6_VWAP_CROSS_30m,s4_w1,gate_100_0.15_2.0,0.0017,0.346,False,0.3606
F6_VWAP_CROSS_1h,s4_w1,gate_100_0.15_2.0,-0.0007,0.621,False,0.119
F9_FVG_15m,s4_w1,gate_100_0.15_2.0,0.0017,0.185,False,0.0781
F9_FVG_30m,s4_w1,gate_100_0.15_2.0,0.0011,0.224,False,0.0149
F9_FVG_1h,s4_w1,gate_100_0.15_2.0,0.0,1.0,False,0.0
N17_KC_RSI_15m,s4_w1,gate_100_0.15_2.0,-0.0112,0.934,False,0.5948
N17_KC_RSI_30m,s4_w1,gate_100_0.15_2.0,-0.0012,0.552,False,0.3271
N17_KC_RSI_1h,s4_w1,gate_100_0.15_2.0,0.004,0.303,False,0.2974
N16_BBRSI_15m,s4_w1,gate_100_0.15_2.0,0.0,1.0,False,0.0
N16_BBRSI_30m,s4_w1,gate_100_0.15_2.0,0.0,1.0,False,0.0
N16_BBRSI_1h,s4_w1,gate_100_0.15_2.0,0.0,1.0,False,0.0
F5_BOX_15m,s4_w1,gate_100_0.15_2.0,0.0,1.0,False,0.0
F5_BOX_30m,s4_w1,gate_100_0.15_2.0,0.0,1.0,False,0.0
F5_BOX_1h,s4_w1,gate_100_0.15_2.0,0.0,1.0,False,0.0
S2_ST_ROC_15m,s4_w4,naive,0.0281,0.0,True,1.0
S2_ST_ROC_30m,s4_w4,naive,0.0116,0.131,False,1.0
S2_ST_ROC_1h,s4_w4,naive,-0.0031,0.578,False,1.0
N23_HA_ST_15m,s4_w4,naive,0.033,0.0,True,1.0
N23_HA_ST_30m,s4_w4,naive,0.0198,0.016,True,1.0
N23_HA_ST_1h,s4_w4,naive,0.0006,0.477,False,1.0
N24_DMI_15m,s4_w4,naive,0.034,0.002,True,1.0
N24_DMI_30m,s4_w4,naive,0.0146,0.146,False,1.0
N24_DMI_1h,s4_w4,naive,-0.0219,0.857,False,1.0
N10_HA_PSAR_15m,s4_w4,naive,0.0373,0.0,True,1.0
N10_HA_PSAR_30m,s4_w4,naive,0.0059,0.281,False,1.0
N10_HA_PSAR_1h,s4_w4,naive,0.014,0.184,False,1.0
S4_BB_BBP_15m,s4_w4,naive,0.0257,0.005,True,1.0
S4_BB_BBP_30m,s4_w4,naive,-0.0023,0.536,False,1.0
S4_BB_BBP_1h,s4_w4,naive,0.0053,0.377,False,1.0
N06_MACD_ORB_15m,s4_w4,naive,0.0411,0.02,True,1.0
N06_MACD_ORB_30m,s4_w4,naive,-0.0295,0.902,False,1.0
N06_MACD_ORB_1h,s4_w4,naive,-0.0024,0.521,False,1.0
OBV_B_15m,s4_w4,naive,0.0209,0.038,False,1.0
OBV_B_30m,s4_w4,naive,-0.0046,0.642,False,1.0
OBV_B_1h,s4_w4,naive,0.0046,0.433,False,1.0
F6_VWAP_CROSS_15m,s4_w4,naive,0.0595,0.0,True,1.0
F6_VWAP_CROSS_30m,s4_w4,naive,0.0292,0.017,True,1.0
F6_VWAP_CROSS_1h,s4_w4,naive,0.0091,0.269,False,1.0
F9_FVG_15m,s4_w4,naive,0.02,0.005,True,1.0
F9_FVG_30m,s4_w4,naive,-0.0125,0.876,False,1.0
F9_FVG_1h,s4_w4,naive,0.0125,0.194,False,1.0
N17_KC_RSI_15m,s4_w4,naive,-0.0031,0.575,False,1.0
N17_KC_RSI_30m,s4_w4,naive,-0.0035,0.529,False,1.0
N17_KC_RSI_1h,s4_w4,naive,-0.059,0.952,False,1.0
N16_BBRSI_15m,s4_w4,naive,0.0082,0.326,False,1.0
N16_BBRSI_30m,s4_w4,naive,-0.0278,0.861,False,1.0
N16_BBRSI_1h,s4_w4,naive,-0.0324,0.838,False,1.0
F5_BOX_15m,s4_w4,naive,0.0101,0.365,False,1.0
F5_BOX_30m,s4_w4,naive,0.0158,0.359,False,1.0
F5_BOX_1h,s4_w4,naive,0.0259,0.292,False,1.0
S2_ST_ROC_15m,s4_w4,naive_P,-0.0028,0.757,False,0.8364
S2_ST_ROC_30m,s4_w4,naive_P,-0.0029,0.756,False,0.9257
S2_ST_ROC_1h,s4_w4,naive_P,-0.0008,0.569,False,0.9257
N23_HA_ST_15m,s4_w4,naive_P,0.0005,0.427,False,0.8959
N23_HA_ST_30m,s4_w4,naive_P,-0.0002,0.547,False,0.9703
N23_HA_ST_1h,s4_w4,naive_P,-0.0018,0.725,False,0.8513
N24_DMI_15m,s4_w4,naive_P,0.0062,0.02,False,0.9257
N24_DMI_30m,s4_w4,naive_P,0.0017,0.336,False,0.9257
N24_DMI_1h,s4_w4,naive_P,-0.0089,0.953,False,0.9405
N10_HA_PSAR_15m,s4_w4,naive_P,-0.0027,0.918,False,0.9108
N10_HA_PSAR_30m,s4_w4,naive_P,-0.0009,0.621,False,0.9703
N10_HA_PSAR_1h,s4_w4,naive_P,0.0011,0.383,False,0.9405
S4_BB_BBP_15m,s4_w4,naive_P,-0.0006,0.562,False,0.881
S4_BB_BBP_30m,s4_w4,naive_P,-0.0072,0.924,False,0.9071
S4_BB_BBP_1h,s4_w4,naive_P,-0.0033,0.716,False,0.9405
N06_MACD_ORB_15m,s4_w4,naive_P,0.007,0.218,False,0.9257
N06_MACD_ORB_30m,s4_w4,naive_P,-0.011,0.907,False,0.8959
N06_MACD_ORB_1h,s4_w4,naive_P,0.0133,0.075,False,0.9257
OBV_B_15m,s4_w4,naive_P,0.0039,0.114,False,0.9405
OBV_B_30m,s4_w4,naive_P,-0.0008,0.574,False,0.8959
OBV_B_1h,s4_w4,naive_P,-0.0014,0.606,False,0.8959
F6_VWAP_CROSS_15m,s4_w4,naive_P,0.0253,0.0,True,1.0
F6_VWAP_CROSS_30m,s4_w4,naive_P,0.0165,0.0,True,0.9703
F6_VWAP_CROSS_1h,s4_w4,naive_P,0.008,0.027,False,0.9405
F9_FVG_15m,s4_w4,naive_P,-0.0,0.512,False,0.9108
F9_FVG_30m,s4_w4,naive_P,0.0013,0.385,False,0.9851
F9_FVG_1h,s4_w4,naive_P,-0.0003,0.552,False,0.9405
N17_KC_RSI_15m,s4_w4,naive_P,0.0057,0.095,False,0.9405
N17_KC_RSI_30m,s4_w4,naive_P,0.0082,0.058,False,0.9257
N17_KC_RSI_1h,s4_w4,naive_P,0.0119,0.013,False,0.9554
N16_BBRSI_15m,s4_w4,naive_P,-0.0023,0.669,False,0.8364
N16_BBRSI_30m,s4_w4,naive_P,-0.0163,0.992,False,0.8662
N16_BBRSI_1h,s4_w4,naive_P,0.0015,0.423,False,0.9703
F5_BOX_15m,s4_w4,naive_P,-0.0165,0.881,False,0.9405
F5_BOX_30m,s4_w4,naive_P,0.0014,0.442,False,0.9257
F5_BOX_1h,s4_w4,naive_P,-0.0073,0.704,False,0.8513
S2_ST_ROC_15m,s4_w4,naive_F,0.0107,0.007,True,0.9257
S2_ST_ROC_30m,s4_w4,naive_F,0.0121,0.001,True,0.8959
S2_ST_ROC_1h,s4_w4,naive_F,0.0057,0.104,False,0.9703
N23_HA_ST_15m,s4_w4,naive_F,0.0083,0.011,True,0.9703
N23_HA_ST_30m,s4_w4,naive_F,0.0118,0.0,True,0.9554
N23_HA_ST_1h,s4_w4,naive_F,0.0026,0.214,False,0.8513
N24_DMI_15m,s4_w4,naive_F,0.0062,0.221,False,0.9405
N24_DMI_30m,s4_w4,naive_F,-0.0127,0.94,False,0.8662
N24_DMI_1h,s4_w4,naive_F,0.0064,0.229,False,0.9257
N10_HA_PSAR_15m,s4_w4,naive_F,0.0063,0.138,False,0.9405
N10_HA_PSAR_30m,s4_w4,naive_F,0.0046,0.249,False,0.9257
N10_HA_PSAR_1h,s4_w4,naive_F,0.0085,0.108,False,0.9257
S4_BB_BBP_15m,s4_w4,naive_F,0.0035,0.311,False,0.9405
S4_BB_BBP_30m,s4_w4,naive_F,0.0056,0.203,False,0.9405
S4_BB_BBP_1h,s4_w4,naive_F,0.0173,0.016,True,0.9703
N06_MACD_ORB_15m,s4_w4,naive_F,-0.0024,0.586,False,0.9703
N06_MACD_ORB_30m,s4_w4,naive_F,0.0109,0.186,False,0.9405
N06_MACD_ORB_1h,s4_w4,naive_F,-0.0127,0.871,False,0.8662
OBV_B_15m,s4_w4,naive_F,0.0135,0.027,False,0.9703
OBV_B_30m,s4_w4,naive_F,0.0021,0.417,False,0.9554
OBV_B_1h,s4_w4,naive_F,-0.0133,0.93,False,0.8959
F6_VWAP_CROSS_15m,s4_w4,naive_F,0.0051,0.168,False,0.8959
F6_VWAP_CROSS_30m,s4_w4,naive_F,0.0117,0.023,False,0.9703
F6_VWAP_CROSS_1h,s4_w4,naive_F,0.0043,0.197,False,0.8959
F9_FVG_15m,s4_w4,naive_F,0.0136,0.001,True,0.8959
F9_FVG_30m,s4_w4,naive_F,0.002,0.351,False,0.9517
F9_FVG_1h,s4_w4,naive_F,0.0006,0.442,False,0.9554
N17_KC_RSI_15m,s4_w4,naive_F,0.0003,0.49,False,0.8922
N17_KC_RSI_30m,s4_w4,naive_F,0.0072,0.249,False,0.9257
N17_KC_RSI_1h,s4_w4,naive_F,0.0087,0.231,False,0.9257
N16_BBRSI_15m,s4_w4,naive_F,-0.0146,0.88,False,1.0
N16_BBRSI_30m,s4_w4,naive_F,-0.0304,0.985,False,0.9851
N16_BBRSI_1h,s4_w4,naive_F,-0.0299,0.978,False,0.9703
F5_BOX_15m,s4_w4,naive_F,-0.0022,0.583,False,0.6729
F5_BOX_30m,s4_w4,naive_F,-0.0046,0.629,False,0.7286
F5_BOX_1h,s4_w4,naive_F,0.0021,0.434,False,0.5539
S2_ST_ROC_15m,s4_w4,naive_S,0.0279,0.0,True,0.9554
S2_ST_ROC_30m,s4_w4,naive_S,0.0162,0.0,True,0.8216
S2_ST_ROC_1h,s4_w4,naive_S,0.0079,0.0,True,0.8662
N23_HA_ST_15m,s4_w4,naive_S,0.0318,0.0,True,1.0
N23_HA_ST_30m,s4_w4,naive_S,0.0185,0.0,True,0.9257
N23_HA_ST_1h,s4_w4,naive_S,0.0102,0.0,True,0.8364
N24_DMI_15m,s4_w4,naive_S,0.029,0.0,True,0.9405
N24_DMI_30m,s4_w4,naive_S,0.0177,0.0,True,0.8513
N24_DMI_1h,s4_w4,naive_S,0.0039,0.086,False,0.7621
N10_HA_PSAR_15m,s4_w4,naive_S,0.0287,0.0,True,0.9405
N10_HA_PSAR_30m,s4_w4,naive_S,0.014,0.0,True,0.8513
N10_HA_PSAR_1h,s4_w4,naive_S,0.0041,0.089,False,0.7323
S4_BB_BBP_15m,s4_w4,naive_S,0.0312,0.0,True,0.9257
S4_BB_BBP_30m,s4_w4,naive_S,0.0156,0.0,True,0.8513
S4_BB_BBP_1h,s4_w4,naive_S,0.0018,0.33,False,0.8067
N06_MACD_ORB_15m,s4_w4,naive_S,0.0115,0.014,True,0.8216
N06_MACD_ORB_30m,s4_w4,naive_S,0.0043,0.173,False,0.7621
N06_MACD_ORB_1h,s4_w4,naive_S,0.0104,0.043,True,0.8662
OBV_B_15m,s4_w4,naive_S,0.0263,0.0,True,0.8959
OBV_B_30m,s4_w4,naive_S,0.0221,0.0,True,0.9108
OBV_B_1h,s4_w4,naive_S,0.0135,0.0,True,0.8216
F6_VWAP_CROSS_15m,s4_w4,naive_S,0.024,0.0,True,0.9405
F6_VWAP_CROSS_30m,s4_w4,naive_S,0.0144,0.0,True,0.9108
F6_VWAP_CROSS_1h,s4_w4,naive_S,0.0087,0.0,True,0.8216
F9_FVG_15m,s4_w4,naive_S,0.0197,0.0,True,0.8959
F9_FVG_30m,s4_w4,naive_S,0.0016,0.296,False,0.7881
F9_FVG_1h,s4_w4,naive_S,-0.0008,0.608,False,0.7881
N17_KC_RSI_15m,s4_w4,naive_S,0.0276,0.0,True,0.9851
N17_KC_RSI_30m,s4_w4,naive_S,0.0165,0.0,True,0.9108
N17_KC_RSI_1h,s4_w4,naive_S,0.0134,0.0,True,0.8513
N16_BBRSI_15m,s4_w4,naive_S,0.0186,0.0,True,0.8364
N16_BBRSI_30m,s4_w4,naive_S,-0.0007,0.537,False,0.7026
N16_BBRSI_1h,s4_w4,naive_S,0.0073,0.083,False,0.7621
F5_BOX_15m,s4_w4,naive_S,0.0294,0.0,True,0.8513
F5_BOX_30m,s4_w4,naive_S,-0.0009,0.57,False,0.8327
F5_BOX_1h,s4_w4,naive_S,-0.0068,0.802,False,0.6431
S2_ST_ROC_15m,s4_w4,naive_X,-0.0011,0.63,False,0.6245
S2_ST_ROC_30m,s4_w4,naive_X,-0.0014,0.614,False,0.6097
S2_ST_ROC_1h,s4_w4,naive_X,-0.0113,0.936,False,0.5948
N23_HA_ST_15m,s4_w4,naive_X,-0.0045,0.935,False,0.5948
N23_HA_ST_30m,s4_w4,naive_X,-0.0072,0.951,False,0.5651
N23_HA_ST_1h,s4_w4,naive_X,-0.0033,0.702,False,0.6097
N24_DMI_15m,s4_w4,naive_X,0.0079,0.049,False,0.7138
N24_DMI_30m,s4_w4,naive_X,0.0084,0.078,False,0.7138
N24_DMI_1h,s4_w4,naive_X,0.0031,0.37,False,0.6283
N10_HA_PSAR_15m,s4_w4,naive_X,-0.002,0.746,False,0.5056
N10_HA_PSAR_30m,s4_w4,naive_X,-0.0068,0.901,False,0.5242
N10_HA_PSAR_1h,s4_w4,naive_X,0.0014,0.439,False,0.539
S4_BB_BBP_15m,s4_w4,naive_X,-0.001,0.598,False,0.5242
S4_BB_BBP_30m,s4_w4,naive_X,0.0002,0.487,False,0.6097
S4_BB_BBP_1h,s4_w4,naive_X,-0.0033,0.617,False,0.5539
N06_MACD_ORB_15m,s4_w4,naive_X,-0.0057,0.781,False,0.5688
N06_MACD_ORB_30m,s4_w4,naive_X,-0.0227,0.989,False,0.5502
N06_MACD_ORB_1h,s4_w4,naive_X,-0.0091,0.751,False,0.6283
OBV_B_15m,s4_w4,naive_X,0.0005,0.464,False,0.6245
OBV_B_30m,s4_w4,naive_X,-0.0054,0.865,False,0.5204
OBV_B_1h,s4_w4,naive_X,0.0022,0.388,False,0.5688
F6_VWAP_CROSS_15m,s4_w4,naive_X,0.0035,0.12,False,0.6245
F6_VWAP_CROSS_30m,s4_w4,naive_X,0.003,0.224,False,0.6543
F6_VWAP_CROSS_1h,s4_w4,naive_X,0.0019,0.342,False,0.5985
F9_FVG_15m,s4_w4,naive_X,-0.0004,0.552,False,0.5502
F9_FVG_30m,s4_w4,naive_X,-0.0015,0.568,False,0.5651
F9_FVG_1h,s4_w4,naive_X,-0.0056,0.751,False,0.5502
N17_KC_RSI_15m,s4_w4,naive_X,-0.0092,0.993,False,0.4052
N17_KC_RSI_30m,s4_w4,naive_X,-0.0111,0.958,False,0.4201
N17_KC_RSI_1h,s4_w4,naive_X,-0.0217,0.994,False,0.3903
N16_BBRSI_15m,s4_w4,naive_X,-0.0037,0.724,False,0.5836
N16_BBRSI_30m,s4_w4,naive_X,0.0056,0.259,False,0.5985
N16_BBRSI_1h,s4_w4,naive_X,-0.0108,0.797,False,0.5204
F5_BOX_15m,s4_w4,naive_X,0.005,0.297,False,0.6543
F5_BOX_30m,s4_w4,naive_X,0.0516,0.002,True,0.7175
F5_BOX_1h,s4_w4,naive_X,0.0231,0.19,False,0.5651
S2_ST_ROC_15m,s4_w4,gate_30_0.05_0.0,0.0345,0.0,True,0.8364
S2_ST_ROC_30m,s4_w4,gate_30_0.05_0.0,0.0025,0.389,False,0.8513
S2_ST_ROC_1h,s4_w4,gate_30_0.05_0.0,-0.001,0.54,False,0.8067
N23_HA_ST_15m,s4_w4,gate_30_0.05_0.0,0.0362,0.0,True,0.8662
N23_HA_ST_30m,s4_w4,gate_30_0.05_0.0,0.016,0.019,True,0.8067
N23_HA_ST_1h,s4_w4,gate_30_0.05_0.0,-0.0076,0.781,False,0.777
N24_DMI_15m,s4_w4,gate_30_0.05_0.0,0.0242,0.017,True,0.9257
N24_DMI_30m,s4_w4,gate_30_0.05_0.0,0.004,0.362,False,0.8662
N24_DMI_1h,s4_w4,gate_30_0.05_0.0,-0.0149,0.857,False,0.8067
N10_HA_PSAR_15m,s4_w4,gate_30_0.05_0.0,0.0364,0.0,True,0.8513
N10_HA_PSAR_30m,s4_w4,gate_30_0.05_0.0,0.0063,0.258,False,0.881
N10_HA_PSAR_1h,s4_w4,gate_30_0.05_0.0,0.0122,0.18,False,0.8513
S4_BB_BBP_15m,s4_w4,gate_30_0.05_0.0,0.0173,0.023,True,0.8513
S4_BB_BBP_30m,s4_w4,gate_30_0.05_0.0,0.0056,0.3,False,0.8216
S4_BB_BBP_1h,s4_w4,gate_30_0.05_0.0,0.0028,0.414,False,0.8216
N06_MACD_ORB_15m,s4_w4,gate_30_0.05_0.0,0.0263,0.088,False,0.9108
N06_MACD_ORB_30m,s4_w4,gate_30_0.05_0.0,-0.0092,0.706,False,0.8067
N06_MACD_ORB_1h,s4_w4,gate_30_0.05_0.0,-0.0186,0.855,False,0.6283
OBV_B_15m,s4_w4,gate_30_0.05_0.0,0.0199,0.042,False,0.9851
OBV_B_30m,s4_w4,gate_30_0.05_0.0,-0.0076,0.742,False,0.8662
OBV_B_1h,s4_w4,gate_30_0.05_0.0,0.0089,0.298,False,0.8067
F6_VWAP_CROSS_15m,s4_w4,gate_30_0.05_0.0,0.0308,0.0,True,0.9108
F6_VWAP_CROSS_30m,s4_w4,gate_30_0.05_0.0,0.024,0.021,True,0.9554
F6_VWAP_CROSS_1h,s4_w4,gate_30_0.05_0.0,0.0155,0.079,False,0.8773
F9_FVG_15m,s4_w4,gate_30_0.05_0.0,0.0206,0.001,True,0.8513
F9_FVG_30m,s4_w4,gate_30_0.05_0.0,-0.0113,0.89,False,0.7732
F9_FVG_1h,s4_w4,gate_30_0.05_0.0,-0.0041,0.617,False,0.7286
N17_KC_RSI_15m,s4_w4,gate_30_0.05_0.0,0.0036,0.335,False,0.6394
N17_KC_RSI_30m,s4_w4,gate_30_0.05_0.0,0.0024,0.406,False,0.7026
N17_KC_RSI_1h,s4_w4,gate_30_0.05_0.0,-0.0203,0.934,False,0.7026
N16_BBRSI_15m,s4_w4,gate_30_0.05_0.0,-0.0016,0.521,False,0.8216
N16_BBRSI_30m,s4_w4,gate_30_0.05_0.0,-0.0111,0.751,False,0.7918
N16_BBRSI_1h,s4_w4,gate_30_0.05_0.0,-0.0284,0.939,False,0.777
F5_BOX_15m,s4_w4,gate_30_0.05_0.0,0.0177,0.171,False,0.7323
F5_BOX_30m,s4_w4,gate_30_0.05_0.0,0.0241,0.166,False,0.7918
F5_BOX_1h,s4_w4,gate_30_0.05_0.0,0.0044,0.447,False,0.5539
S2_ST_ROC_15m,s4_w4,gate_100_0.15_2.0,0.0112,0.004,True,0.3569
S2_ST_ROC_30m,s4_w4,gate_100_0.15_2.0,0.0006,0.456,False,0.5985
S2_ST_ROC_1h,s4_w4,gate_100_0.15_2.0,-0.0001,0.516,False,0.5799
N23_HA_ST_15m,s4_w4,gate_100_0.15_2.0,0.0098,0.0,True,0.1933
N23_HA_ST_30m,s4_w4,gate_100_0.15_2.0,0.004,0.184,False,0.3123
N23_HA_ST_1h,s4_w4,gate_100_0.15_2.0,-0.0072,0.836,False,0.5056
N24_DMI_15m,s4_w4,gate_100_0.15_2.0,0.0184,0.017,True,0.684
N24_DMI_30m,s4_w4,gate_100_0.15_2.0,-0.0046,0.692,False,0.5539
N24_DMI_1h,s4_w4,gate_100_0.15_2.0,0.0021,0.386,False,0.3011
N10_HA_PSAR_15m,s4_w4,gate_100_0.15_2.0,0.0104,0.009,True,0.342
N10_HA_PSAR_30m,s4_w4,gate_100_0.15_2.0,-0.0046,0.779,False,0.3903
N10_HA_PSAR_1h,s4_w4,gate_100_0.15_2.0,-0.0028,0.745,False,0.1375
S4_BB_BBP_15m,s4_w4,gate_100_0.15_2.0,0.0023,0.345,False,0.4052
S4_BB_BBP_30m,s4_w4,gate_100_0.15_2.0,0.0031,0.326,False,0.3569
S4_BB_BBP_1h,s4_w4,gate_100_0.15_2.0,0.0114,0.083,False,0.2379
N06_MACD_ORB_15m,s4_w4,gate_100_0.15_2.0,-0.0024,0.804,False,0.0297
N06_MACD_ORB_30m,s4_w4,gate_100_0.15_2.0,0.0,1.0,False,0.0
N06_MACD_ORB_1h,s4_w4,gate_100_0.15_2.0,0.0,1.0,False,0.0
OBV_B_15m,s4_w4,gate_100_0.15_2.0,0.0163,0.015,True,0.6877
OBV_B_30m,s4_w4,gate_100_0.15_2.0,-0.0087,0.882,False,0.4907
OBV_B_1h,s4_w4,gate_100_0.15_2.0,-0.0067,0.902,False,0.1673
F6_VWAP_CROSS_15m,s4_w4,gate_100_0.15_2.0,0.0082,0.103,False,0.6543
F6_VWAP_CROSS_30m,s4_w4,gate_100_0.15_2.0,0.0123,0.048,False,0.7175
F6_VWAP_CROSS_1h,s4_w4,gate_100_0.15_2.0,0.0137,0.013,True,0.6097
F9_FVG_15m,s4_w4,gate_100_0.15_2.0,-0.0027,0.821,False,0.1487
F9_FVG_30m,s4_w4,gate_100_0.15_2.0,0.0038,0.217,False,0.223
F9_FVG_1h,s4_w4,gate_100_0.15_2.0,-0.0036,0.728,False,0.1487
N17_KC_RSI_15m,s4_w4,gate_100_0.15_2.0,-0.0092,0.888,False,0.5056
N17_KC_RSI_30m,s4_w4,gate_100_0.15_2.0,0.0049,0.318,False,0.6283
N17_KC_RSI_1h,s4_w4,gate_100_0.15_2.0,-0.0133,0.881,False,0.5539
N16_BBRSI_15m,s4_w4,gate_100_0.15_2.0,-0.0002,0.514,False,0.1338
N16_BBRSI_30m,s4_w4,gate_100_0.15_2.0,0.003,0.02,True,0.0149
N16_BBRSI_1h,s4_w4,gate_100_0.15_2.0,0.0,1.0,False,0.0
F5_BOX_15m,s4_w4,gate_100_0.15_2.0,0.0028,0.391,False,0.2862
F5_BOX_30m,s4_w4,gate_100_0.15_2.0,0.0234,0.019,True,0.1041
F5_BOX_1h,s4_w4,gate_100_0.15_2.0,0.0193,0.081,False,0.0297
S2_ST_ROC_15m,s4_w13,naive,0.032,0.0,True,1.0
S2_ST_ROC_30m,s4_w13,naive,0.0187,0.036,True,1.0
S2_ST_ROC_1h,s4_w13,naive,0.0245,0.039,True,1.0
N23_HA_ST_15m,s4_w13,naive,0.0352,0.0,True,1.0
N23_HA_ST_30m,s4_w13,naive,0.0273,0.0,True,1.0
N23_HA_ST_1h,s4_w13,naive,0.0086,0.244,False,1.0
N24_DMI_15m,s4_w13,naive,0.0445,0.002,True,1.0
N24_DMI_30m,s4_w13,naive,0.0187,0.111,False,1.0
N24_DMI_1h,s4_w13,naive,-0.0471,0.992,False,1.0
N10_HA_PSAR_15m,s4_w13,naive,0.0255,0.0,True,1.0
N10_HA_PSAR_30m,s4_w13,naive,0.0214,0.033,True,1.0
N10_HA_PSAR_1h,s4_w13,naive,0.0068,0.322,False,1.0
S4_BB_BBP_15m,s4_w13,naive,0.0282,0.003,True,1.0
S4_BB_BBP_30m,s4_w13,naive,0.0278,0.024,True,1.0
S4_BB_BBP_1h,s4_w13,naive,0.0169,0.207,False,1.0
N06_MACD_ORB_15m,s4_w13,naive,0.0107,0.332,False,1.0
N06_MACD_ORB_30m,s4_w13,naive,-0.0383,0.945,False,1.0
N06_MACD_ORB_1h,s4_w13,naive,0.0069,0.4,False,1.0
OBV_B_15m,s4_w13,naive,0.0182,0.033,True,1.0
OBV_B_30m,s4_w13,naive,0.0057,0.341,False,1.0
OBV_B_1h,s4_w13,naive,0.0024,0.442,False,1.0
F6_VWAP_CROSS_15m,s4_w13,naive,0.0374,0.0,True,1.0
F6_VWAP_CROSS_30m,s4_w13,naive,0.035,0.004,True,1.0
F6_VWAP_CROSS_1h,s4_w13,naive,0.0049,0.373,False,1.0
F9_FVG_15m,s4_w13,naive,0.0209,0.001,True,1.0
F9_FVG_30m,s4_w13,naive,0.0023,0.426,False,1.0
F9_FVG_1h,s4_w13,naive,0.017,0.133,False,1.0
N17_KC_RSI_15m,s4_w13,naive,-0.0029,0.564,False,1.0
N17_KC_RSI_30m,s4_w13,naive,0.0124,0.396,False,1.0
N17_KC_RSI_1h,s4_w13,naive,-0.0188,0.671,False,1.0
N16_BBRSI_15m,s4_w13,naive,0.0108,0.265,False,1.0
N16_BBRSI_30m,s4_w13,naive,-0.0419,0.957,False,1.0
N16_BBRSI_1h,s4_w13,naive,-0.0346,0.866,False,1.0
F5_BOX_15m,s4_w13,naive,-0.0093,0.612,False,1.0
F5_BOX_30m,s4_w13,naive,0.041,0.175,False,1.0
F5_BOX_1h,s4_w13,naive,0.1225,0.025,True,1.0
S2_ST_ROC_15m,s4_w13,naive_P,-0.0002,0.526,False,0.8067
S2_ST_ROC_30m,s4_w13,naive_P,0.0053,0.104,False,0.9703
S2_ST_ROC_1h,s4_w13,naive_P,-0.0007,0.576,False,0.9108
N23_HA_ST_15m,s4_w13,naive_P,-0.0017,0.747,False,0.9108
N23_HA_ST_30m,s4_w13,naive_P,0.006,0.038,False,1.0
N23_HA_ST_1h,s4_w13,naive_P,0.0002,0.476,False,0.881
N24_DMI_15m,s4_w13,naive_P,0.0073,0.018,False,0.9703
N24_DMI_30m,s4_w13,naive_P,0.0053,0.128,False,0.9257
N24_DMI_1h,s4_w13,naive_P,-0.0085,0.953,False,0.9554
N10_HA_PSAR_15m,s4_w13,naive_P,-0.0018,0.845,False,0.8662
N10_HA_PSAR_30m,s4_w13,naive_P,-0.0,0.472,False,0.9703
N10_HA_PSAR_1h,s4_w13,naive_P,0.0007,0.423,False,0.9703
S4_BB_BBP_15m,s4_w13,naive_P,0.0004,0.441,False,0.881
S4_BB_BBP_30m,s4_w13,naive_P,-0.0059,0.89,False,0.8327
S4_BB_BBP_1h,s4_w13,naive_P,-0.0039,0.758,False,0.8662
N06_MACD_ORB_15m,s4_w13,naive_P,0.0002,0.499,False,0.9554
N06_MACD_ORB_30m,s4_w13,naive_P,0.0035,0.368,False,0.8513
N06_MACD_ORB_1h,s4_w13,naive_P,0.0063,0.269,False,0.9851
OBV_B_15m,s4_w13,naive_P,0.0014,0.336,False,0.881
OBV_B_30m,s4_w13,naive_P,0.0018,0.332,False,0.9517
OBV_B_1h,s4_w13,naive_P,-0.0138,0.997,False,0.9108
F6_VWAP_CROSS_15m,s4_w13,naive_P,0.0192,0.0,True,1.0
F6_VWAP_CROSS_30m,s4_w13,naive_P,0.0193,0.0,True,0.9554
F6_VWAP_CROSS_1h,s4_w13,naive_P,0.0066,0.05,False,0.8513
F9_FVG_15m,s4_w13,naive_P,0.0058,0.028,False,0.9703
F9_FVG_30m,s4_w13,naive_P,0.0027,0.234,False,0.9703
F9_FVG_1h,s4_w13,naive_P,-0.0006,0.594,False,0.9257
N17_KC_RSI_15m,s4_w13,naive_P,0.0093,0.013,False,0.9703
N17_KC_RSI_30m,s4_w13,naive_P,0.0073,0.078,False,0.9703
N17_KC_RSI_1h,s4_w13,naive_P,0.0083,0.049,False,0.9851
N16_BBRSI_15m,s4_w13,naive_P,0.004,0.214,False,0.8513
N16_BBRSI_30m,s4_w13,naive_P,-0.0154,0.987,False,0.8513
N16_BBRSI_1h,s4_w13,naive_P,-0.0021,0.598,False,0.9851
F5_BOX_15m,s4_w13,naive_P,-0.0076,0.702,False,0.9851
F5_BOX_30m,s4_w13,naive_P,-0.0227,0.884,False,0.9851
F5_BOX_1h,s4_w13,naive_P,0.0036,0.428,False,0.8662
S2_ST_ROC_15m,s4_w13,naive_F,0.0153,0.0,True,0.9108
S2_ST_ROC_30m,s4_w13,naive_F,0.0151,0.0,True,0.9851
S2_ST_ROC_1h,s4_w13,naive_F,-0.0041,0.798,False,0.9405
N23_HA_ST_15m,s4_w13,naive_F,0.0123,0.0,True,0.9554
N23_HA_ST_30m,s4_w13,naive_F,0.0113,0.0,True,0.9554
N23_HA_ST_1h,s4_w13,naive_F,0.0033,0.177,False,0.9405
N24_DMI_15m,s4_w13,naive_F,0.0045,0.296,False,0.9703
N24_DMI_30m,s4_w13,naive_F,-0.0016,0.587,False,0.881
N24_DMI_1h,s4_w13,naive_F,-0.0018,0.605,False,0.9703
N10_HA_PSAR_15m,s4_w13,naive_F,0.003,0.27,False,0.9703
N10_HA_PSAR_30m,s4_w13,naive_F,-0.004,0.743,False,0.9703
N10_HA_PSAR_1h,s4_w13,naive_F,0.0029,0.322,False,0.8959
S4_BB_BBP_15m,s4_w13,naive_F,0.0071,0.172,False,0.9257
S4_BB_BBP_30m,s4_w13,naive_F,0.0128,0.017,True,0.9108
S4_BB_BBP_1h,s4_w13,naive_F,0.0211,0.004,True,0.9703
N06_MACD_ORB_15m,s4_w13,naive_F,0.0087,0.282,False,0.9851
N06_MACD_ORB_30m,s4_w13,naive_F,0.023,0.031,False,0.9257
N06_MACD_ORB_1h,s4_w13,naive_F,-0.0095,0.828,False,0.9405
OBV_B_15m,s4_w13,naive_F,0.0188,0.002,True,1.0
OBV_B_30m,s4_w13,naive_F,0.0056,0.274,False,0.9703
OBV_B_1h,s4_w13,naive_F,0.0028,0.365,False,0.9554
F6_VWAP_CROSS_15m,s4_w13,naive_F,0.0042,0.243,False,0.9108
F6_VWAP_CROSS_30m,s4_w13,naive_F,0.0116,0.039,False,0.9851
F6_VWAP_CROSS_1h,s4_w13,naive_F,0.0055,0.154,False,0.9405
F9_FVG_15m,s4_w13,naive_F,0.0082,0.032,False,0.9851
F9_FVG_30m,s4_w13,naive_F,0.0001,0.512,False,0.9851
F9_FVG_1h,s4_w13,naive_F,0.0017,0.384,False,0.9851
N17_KC_RSI_15m,s4_w13,naive_F,-0.0034,0.656,False,0.7918
N17_KC_RSI_30m,s4_w13,naive_F,0.0022,0.406,False,0.9405
N17_KC_RSI_1h,s4_w13,naive_F,0.0066,0.298,False,0.9554
N16_BBRSI_15m,s4_w13,naive_F,-0.0047,0.654,False,0.9851
N16_BBRSI_30m,s4_w13,naive_F,-0.0433,1.0,False,0.9554
N16_BBRSI_1h,s4_w13,naive_F,-0.0513,1.0,False,0.9405
F5_BOX_15m,s4_w13,naive_F,-0.0172,0.919,False,0.6877
F5_BOX_30m,s4_w13,naive_F,-0.0162,0.887,False,0.6543
F5_BOX_1h,s4_w13,naive_F,0.012,0.265,False,0.7918
S2_ST_ROC_15m,s4_w13,naive_S,0.0295,0.0,True,1.0
S2_ST_ROC_30m,s4_w13,naive_S,0.0208,0.0,True,1.0
S2_ST_ROC_1h,s4_w13,naive_S,0.0137,0.0,True,0.8513
N23_HA_ST_15m,s4_w13,naive_S,0.0318,0.0,True,1.0
N23_HA_ST_30m,s4_w13,naive_S,0.022,0.0,True,1.0
N23_HA_ST_1h,s4_w13,naive_S,0.0154,0.0,True,0.9554
N24_DMI_15m,s4_w13,naive_S,0.0307,0.0,True,1.0
N24_DMI_30m,s4_w13,naive_S,0.0188,0.0,True,0.9257
N24_DMI_1h,s4_w13,naive_S,0.0081,0.001,True,0.8513
N10_HA_PSAR_15m,s4_w13,naive_S,0.0302,0.0,True,1.0
N10_HA_PSAR_30m,s4_w13,naive_S,0.0201,0.0,True,0.9703
N10_HA_PSAR_1h,s4_w13,naive_S,0.0041,0.1,False,0.8067
S4_BB_BBP_15m,s4_w13,naive_S,0.0355,0.0,True,1.0
S4_BB_BBP_30m,s4_w13,naive_S,0.0211,0.0,True,0.9257
S4_BB_BBP_1h,s4_w13,naive_S,0.0079,0.015,True,0.881
N06_MACD_ORB_15m,s4_w13,naive_S,0.0238,0.0,True,0.9257
N06_MACD_ORB_30m,s4_w13,naive_S,0.0113,0.008,True,0.8364
N06_MACD_ORB_1h,s4_w13,naive_S,0.0051,0.215,False,0.9071
OBV_B_15m,s4_w13,naive_S,0.029,0.0,True,1.0
OBV_B_30m,s4_w13,naive_S,0.0257,0.0,True,0.9851
OBV_B_1h,s4_w13,naive_S,0.0123,0.0,True,0.8364
F6_VWAP_CROSS_15m,s4_w13,naive_S,0.0261,0.0,True,1.0
F6_VWAP_CROSS_30m,s4_w13,naive_S,0.0182,0.0,True,1.0
F6_VWAP_CROSS_1h,s4_w13,naive_S,0.0098,0.0,True,0.8662
F9_FVG_15m,s4_w13,naive_S,0.0247,0.0,True,0.9703
F9_FVG_30m,s4_w13,naive_S,0.009,0.0,True,0.8513
F9_FVG_1h,s4_w13,naive_S,0.0012,0.369,False,0.8216
N17_KC_RSI_15m,s4_w13,naive_S,0.0286,0.0,True,1.0
N17_KC_RSI_30m,s4_w13,naive_S,0.0192,0.0,True,1.0
N17_KC_RSI_1h,s4_w13,naive_S,0.0157,0.0,True,0.9703
N16_BBRSI_15m,s4_w13,naive_S,0.0287,0.0,True,0.9851
N16_BBRSI_30m,s4_w13,naive_S,0.0031,0.21,False,0.7732
N16_BBRSI_1h,s4_w13,naive_S,0.0071,0.086,True,0.8364
F5_BOX_15m,s4_w13,naive_S,0.0343,0.0,True,0.9405
F5_BOX_30m,s4_w13,naive_S,0.0189,0.0,True,0.9108
F5_BOX_1h,s4_w13,naive_S,0.0063,0.163,False,0.6283
S2_ST_ROC_15m,s4_w13,naive_X,-0.0041,0.881,False,0.6691
S2_ST_ROC_30m,s4_w13,naive_X,-0.0021,0.652,False,0.6394
S2_ST_ROC_1h,s4_w13,naive_X,-0.0042,0.717,False,0.684
N23_HA_ST_15m,s4_w13,naive_X,-0.0026,0.802,False,0.6245
N23_HA_ST_30m,s4_w13,naive_X,-0.0091,0.984,False,0.5799
N23_HA_ST_1h,s4_w13,naive_X,0.0001,0.5,False,0.7472
N24_DMI_15m,s4_w13,naive_X,0.0044,0.188,False,0.7918
N24_DMI_30m,s4_w13,naive_X,0.0074,0.133,False,0.8625
N24_DMI_1h,s4_w13,naive_X,0.0074,0.233,False,0.7026
N10_HA_PSAR_15m,s4_w13,naive_X,-0.002,0.767,False,0.4201
N10_HA_PSAR_30m,s4_w13,naive_X,-0.0004,0.499,False,0.4201
N10_HA_PSAR_1h,s4_w13,naive_X,0.0086,0.145,False,0.6134
S4_BB_BBP_15m,s4_w13,naive_X,-0.0005,0.565,False,0.4647
S4_BB_BBP_30m,s4_w13,naive_X,-0.0049,0.8,False,0.5799
S4_BB_BBP_1h,s4_w13,naive_X,-0.0144,0.941,False,0.5093
N06_MACD_ORB_15m,s4_w13,naive_X,-0.0072,0.826,False,0.539
N06_MACD_ORB_30m,s4_w13,naive_X,-0.02,0.992,False,0.4052
N06_MACD_ORB_1h,s4_w13,naive_X,-0.0127,0.851,False,0.5242
OBV_B_15m,s4_w13,naive_X,-0.0017,0.676,False,0.6877
OBV_B_30m,s4_w13,naive_X,-0.0039,0.799,False,0.5502
OBV_B_1h,s4_w13,naive_X,-0.0092,0.825,False,0.6431
F6_VWAP_CROSS_15m,s4_w13,naive_X,0.0051,0.064,False,0.7472
F6_VWAP_CROSS_30m,s4_w13,naive_X,0.0039,0.184,False,0.8476
F6_VWAP_CROSS_1h,s4_w13,naive_X,0.0043,0.188,False,0.7323
F9_FVG_15m,s4_w13,naive_X,-0.005,0.917,False,0.5242
F9_FVG_30m,s4_w13,naive_X,-0.0042,0.781,False,0.5056
F9_FVG_1h,s4_w13,naive_X,-0.0101,0.884,False,0.539
N17_KC_RSI_15m,s4_w13,naive_X,-0.0049,0.907,False,0.2974
N17_KC_RSI_30m,s4_w13,naive_X,-0.007,0.92,False,0.2677
N17_KC_RSI_1h,s4_w13,naive_X,-0.0221,0.989,False,0.3271
N16_BBRSI_15m,s4_w13,naive_X,-0.0018,0.647,False,0.5056
N16_BBRSI_30m,s4_w13,naive_X,0.0051,0.3,False,0.5799
N16_BBRSI_1h,s4_w13,naive_X,-0.0244,0.968,False,0.4461
F5_BOX_15m,s4_w13,naive_X,0.0043,0.331,False,0.6877
F5_BOX_30m,s4_w13,naive_X,0.0414,0.009,False,0.8067
F5_BOX_1h,s4_w13,naive_X,0.0438,0.029,False,0.5948
S2_ST_ROC_15m,s4_w13,gate_30_0.05_0.0,0.0307,0.0,True,0.8364
S2_ST_ROC_30m,s4_w13,gate_30_0.05_0.0,0.0144,0.052,False,0.8364
S2_ST_ROC_1h,s4_w13,gate_30_0.05_0.0,0.0204,0.038,False,0.881
N23_HA_ST_15m,s4_w13,gate_30_0.05_0.0,0.0303,0.0,True,0.8513
N23_HA_ST_30m,s4_w13,gate_30_0.05_0.0,0.0202,0.002,True,0.8067
N23_HA_ST_1h,s4_w13,gate_30_0.05_0.0,-0.0036,0.643,False,0.658
N24_DMI_15m,s4_w13,gate_30_0.05_0.0,0.0444,0.0,True,0.9851
N24_DMI_30m,s4_w13,gate_30_0.05_0.0,0.0215,0.075,False,0.9108
N24_DMI_1h,s4_w13,gate_30_0.05_0.0,-0.0402,0.995,False,0.8364
N10_HA_PSAR_15m,s4_w13,gate_30_0.05_0.0,0.0254,0.0,True,0.8959
N10_HA_PSAR_30m,s4_w13,gate_30_0.05_0.0,0.0157,0.035,False,0.7918
N10_HA_PSAR_1h,s4_w13,gate_30_0.05_0.0,0.0111,0.222,False,0.9554
S4_BB_BBP_15m,s4_w13,gate_30_0.05_0.0,0.0294,0.0,True,0.8959
S4_BB_BBP_30m,s4_w13,gate_30_0.05_0.0,0.0221,0.04,False,0.881
S4_BB_BBP_1h,s4_w13,gate_30_0.05_0.0,0.0192,0.136,False,0.8513
N06_MACD_ORB_15m,s4_w13,gate_30_0.05_0.0,0.0137,0.261,False,0.9257
N06_MACD_ORB_30m,s4_w13,gate_30_0.05_0.0,-0.0294,0.928,False,0.8662
N06_MACD_ORB_1h,s4_w13,gate_30_0.05_0.0,0.0139,0.256,False,0.7621
OBV_B_15m,s4_w13,gate_30_0.05_0.0,0.0211,0.014,True,0.9517
OBV_B_30m,s4_w13,gate_30_0.05_0.0,0.0043,0.355,False,0.9108
OBV_B_1h,s4_w13,gate_30_0.05_0.0,-0.0007,0.508,False,0.8476
F6_VWAP_CROSS_15m,s4_w13,gate_30_0.05_0.0,0.0366,0.0,True,0.9257
F6_VWAP_CROSS_30m,s4_w13,gate_30_0.05_0.0,0.0234,0.019,True,0.9108
F6_VWAP_CROSS_1h,s4_w13,gate_30_0.05_0.0,0.0016,0.434,False,0.9071
F9_FVG_15m,s4_w13,gate_30_0.05_0.0,0.0086,0.104,False,0.7621
F9_FVG_30m,s4_w13,gate_30_0.05_0.0,0.0023,0.39,False,0.8067
F9_FVG_1h,s4_w13,gate_30_0.05_0.0,0.0123,0.192,False,0.8067
N17_KC_RSI_15m,s4_w13,gate_30_0.05_0.0,-0.0096,0.789,False,0.7621
N17_KC_RSI_30m,s4_w13,gate_30_0.05_0.0,0.0273,0.038,False,0.7323
N17_KC_RSI_1h,s4_w13,gate_30_0.05_0.0,-0.0096,0.712,False,0.7323
N16_BBRSI_15m,s4_w13,gate_30_0.05_0.0,0.0079,0.316,False,0.9108
N16_BBRSI_30m,s4_w13,gate_30_0.05_0.0,-0.0366,0.963,False,0.881
N16_BBRSI_1h,s4_w13,gate_30_0.05_0.0,-0.0257,0.839,False,0.8662
F5_BOX_15m,s4_w13,gate_30_0.05_0.0,-0.0113,0.681,False,0.8662
F5_BOX_30m,s4_w13,gate_30_0.05_0.0,0.0267,0.195,False,0.8513
F5_BOX_1h,s4_w13,gate_30_0.05_0.0,0.0938,0.001,True,0.7621
S2_ST_ROC_15m,s4_w13,gate_100_0.15_2.0,0.0028,0.044,False,0.0446
S2_ST_ROC_30m,s4_w13,gate_100_0.15_2.0,0.0056,0.016,False,0.119
S2_ST_ROC_1h,s4_w13,gate_100_0.15_2.0,0.0106,0.028,False,0.2974
N23_HA_ST_15m,s4_w13,gate_100_0.15_2.0,0.0036,0.001,True,0.0446
N23_HA_ST_30m,s4_w13,gate_100_0.15_2.0,0.0041,0.011,False,0.0595
N23_HA_ST_1h,s4_w13,gate_100_0.15_2.0,0.0015,0.341,False,0.1933
N24_DMI_15m,s4_w13,gate_100_0.15_2.0,0.0151,0.0,True,0.2565
N24_DMI_30m,s4_w13,gate_100_0.15_2.0,0.0066,0.17,False,0.4201
N24_DMI_1h,s4_w13,gate_100_0.15_2.0,-0.0253,0.998,False,0.3903
N10_HA_PSAR_15m,s4_w13,gate_100_0.15_2.0,0.0018,0.061,False,0.0297
N10_HA_PSAR_30m,s4_w13,gate_100_0.15_2.0,0.0028,0.173,False,0.1078
N10_HA_PSAR_1h,s4_w13,gate_100_0.15_2.0,0.0017,0.425,False,0.4164
S4_BB_BBP_15m,s4_w13,gate_100_0.15_2.0,0.0001,0.46,False,0.0446
S4_BB_BBP_30m,s4_w13,gate_100_0.15_2.0,0.0045,0.195,False,0.223
S4_BB_BBP_1h,s4_w13,gate_100_0.15_2.0,0.0096,0.169,False,0.4312
N06_MACD_ORB_15m,s4_w13,gate_100_0.15_2.0,0.0092,0.229,False,0.3866
N06_MACD_ORB_30m,s4_w13,gate_100_0.15_2.0,-0.0002,0.498,False,0.1636
N06_MACD_ORB_1h,s4_w13,gate_100_0.15_2.0,-0.0139,0.937,False,0.223
OBV_B_15m,s4_w13,gate_100_0.15_2.0,0.0088,0.016,False,0.3123
OBV_B_30m,s4_w13,gate_100_0.15_2.0,-0.0065,0.875,False,0.3309
OBV_B_1h,s4_w13,gate_100_0.15_2.0,-0.0004,0.512,False,0.3866
F6_VWAP_CROSS_15m,s4_w13,gate_100_0.15_2.0,0.0042,0.099,False,0.2677
F6_VWAP_CROSS_30m,s4_w13,gate_100_0.15_2.0,0.006,0.051,False,0.342
F6_VWAP_CROSS_1h,s4_w13,gate_100_0.15_2.0,-0.0025,0.68,False,0.461
F9_FVG_15m,s4_w13,gate_100_0.15_2.0,0.0016,0.165,False,0.0446
F9_FVG_30m,s4_w13,gate_100_0.15_2.0,-0.001,0.677,False,0.0743
F9_FVG_1h,s4_w13,gate_100_0.15_2.0,-0.0003,0.513,False,0.2825
N17_KC_RSI_15m,s4_w13,gate_100_0.15_2.0,0.0052,0.248,False,0.4461
N17_KC_RSI_30m,s4_w13,gate_100_0.15_2.0,0.0116,0.101,False,0.4796
N17_KC_RSI_1h,s4_w13,gate_100_0.15_2.0,-0.0106,0.855,False,0.5093
N16_BBRSI_15m,s4_w13,gate_100_0.15_2.0,0.0051,0.245,False,0.4349
N16_BBRSI_30m,s4_w13,gate_100_0.15_2.0,-0.0009,0.588,False,0.1636
N16_BBRSI_1h,s4_w13,gate_100_0.15_2.0,-0.0112,0.959,False,0.0892
F5_BOX_15m,s4_w13,gate_100_0.15_2.0,0.0096,0.247,False,0.5688
F5_BOX_30m,s4_w13,gate_100_0.15_2.0,-0.0118,0.76,False,0.4312
F5_BOX_1h,s4_w13,gate_100_0.15_2.0,0.028,0.104,False,0.3011
S2_ST_ROC_15m,s4_w26,naive,0.0329,0.0,True,1.0
S2_ST_ROC_30m,s4_w26,naive,0.0279,0.002,True,1.0
S2_ST_ROC_1h,s4_w26,naive,0.0059,0.353,False,1.0
N23_HA_ST_15m,s4_w26,naive,0.0367,0.0,True,1.0
N23_HA_ST_30m,s4_w26,naive,0.0261,0.002,True,1.0
N23_HA_ST_1h,s4_w26,naive,0.0062,0.318,False,1.0
N24_DMI_15m,s4_w26,naive,0.0483,0.0,True,1.0
N24_DMI_30m,s4_w26,naive,0.0274,0.028,True,1.0
N24_DMI_1h,s4_w26,naive,-0.0425,0.982,False,1.0
N10_HA_PSAR_15m,s4_w26,naive,0.0388,0.0,True,1.0
N10_HA_PSAR_30m,s4_w26,naive,0.0218,0.028,True,1.0
N10_HA_PSAR_1h,s4_w26,naive,0.0108,0.251,False,1.0
S4_BB_BBP_15m,s4_w26,naive,0.0368,0.0,True,1.0
S4_BB_BBP_30m,s4_w26,naive,0.0121,0.163,False,1.0
S4_BB_BBP_1h,s4_w26,naive,0.0055,0.382,False,1.0
N06_MACD_ORB_15m,s4_w26,naive,0.0179,0.236,False,1.0
N06_MACD_ORB_30m,s4_w26,naive,0.0179,0.198,False,1.0
N06_MACD_ORB_1h,s4_w26,naive,0.0162,0.248,False,1.0
OBV_B_15m,s4_w26,naive,0.0338,0.0,True,1.0
OBV_B_30m,s4_w26,naive,0.0089,0.249,False,1.0
OBV_B_1h,s4_w26,naive,-0.0146,0.776,False,1.0
F6_VWAP_CROSS_15m,s4_w26,naive,0.033,0.001,True,1.0
F6_VWAP_CROSS_30m,s4_w26,naive,0.0227,0.043,False,1.0
F6_VWAP_CROSS_1h,s4_w26,naive,0.0016,0.467,False,1.0
F9_FVG_15m,s4_w26,naive,0.028,0.003,True,1.0
F9_FVG_30m,s4_w26,naive,0.0143,0.094,False,1.0
F9_FVG_1h,s4_w26,naive,0.0265,0.052,False,1.0
N17_KC_RSI_15m,s4_w26,naive,-0.0301,0.909,False,1.0
N17_KC_RSI_30m,s4_w26,naive,0.0351,0.133,False,1.0
N17_KC_RSI_1h,s4_w26,naive,0.0121,0.331,False,1.0
N16_BBRSI_15m,s4_w26,naive,0.0305,0.037,False,1.0
N16_BBRSI_30m,s4_w26,naive,0.0018,0.496,False,1.0
N16_BBRSI_1h,s4_w26,naive,-0.0538,0.923,False,1.0
F5_BOX_15m,s4_w26,naive,0.0488,0.046,False,1.0
F5_BOX_30m,s4_w26,naive,0.0116,0.41,False,1.0
F5_BOX_1h,s4_w26,naive,0.0468,0.254,False,1.0
S2_ST_ROC_15m,s4_w26,naive_P,-0.0025,0.76,False,0.7175
S2_ST_ROC_30m,s4_w26,naive_P,0.0039,0.193,False,0.9851
S2_ST_ROC_1h,s4_w26,naive_P,-0.0078,0.965,False,0.8327
N23_HA_ST_15m,s4_w26,naive_P,-0.0014,0.701,False,0.8959
N23_HA_ST_30m,s4_w26,naive_P,0.0042,0.133,False,1.0
N23_HA_ST_1h,s4_w26,naive_P,-0.0054,0.961,False,0.8959
N24_DMI_15m,s4_w26,naive_P,0.0063,0.029,False,0.9108
N24_DMI_30m,s4_w26,naive_P,-0.0041,0.843,False,0.9219
N24_DMI_1h,s4_w26,naive_P,-0.0078,0.931,False,0.9257
N10_HA_PSAR_15m,s4_w26,naive_P,-0.0023,0.864,False,0.8216
N10_HA_PSAR_30m,s4_w26,naive_P,0.0035,0.1,False,1.0
N10_HA_PSAR_1h,s4_w26,naive_P,0.0027,0.216,False,1.0
S4_BB_BBP_15m,s4_w26,naive_P,0.003,0.202,False,0.8216
S4_BB_BBP_30m,s4_w26,naive_P,-0.0064,0.911,False,0.777
S4_BB_BBP_1h,s4_w26,naive_P,-0.0043,0.786,False,0.8773
N06_MACD_ORB_15m,s4_w26,naive_P,0.0021,0.42,False,0.9257
N06_MACD_ORB_30m,s4_w26,naive_P,0.0085,0.212,False,0.8364
N06_MACD_ORB_1h,s4_w26,naive_P,0.0017,0.42,False,0.9851
OBV_B_15m,s4_w26,naive_P,0.005,0.061,False,0.9405
OBV_B_30m,s4_w26,naive_P,0.0065,0.066,False,1.0
OBV_B_1h,s4_w26,naive_P,-0.0074,0.929,False,0.8364
F6_VWAP_CROSS_15m,s4_w26,naive_P,0.0214,0.0,True,1.0
F6_VWAP_CROSS_30m,s4_w26,naive_P,0.0144,0.001,True,1.0
F6_VWAP_CROSS_1h,s4_w26,naive_P,0.007,0.068,False,0.9405
F9_FVG_15m,s4_w26,naive_P,0.0117,0.0,True,0.9703
F9_FVG_30m,s4_w26,naive_P,0.0045,0.101,False,1.0
F9_FVG_1h,s4_w26,naive_P,-0.0021,0.724,False,0.9554
N17_KC_RSI_15m,s4_w26,naive_P,0.0072,0.032,False,0.9257
N17_KC_RSI_30m,s4_w26,naive_P,0.0055,0.139,False,0.9554
N17_KC_RSI_1h,s4_w26,naive_P,0.0045,0.183,False,0.9554
N16_BBRSI_15m,s4_w26,naive_P,0.0025,0.3,False,0.8513
N16_BBRSI_30m,s4_w26,naive_P,-0.018,0.999,False,0.8216
N16_BBRSI_1h,s4_w26,naive_P,-0.0022,0.615,False,0.9405
F5_BOX_15m,s4_w26,naive_P,-0.0192,0.869,False,0.9851
F5_BOX_30m,s4_w26,naive_P,-0.0057,0.654,False,0.9554
F5_BOX_1h,s4_w26,naive_P,-0.0081,0.684,False,0.777
S2_ST_ROC_15m,s4_w26,naive_F,0.016,0.0,True,0.9405
S2_ST_ROC_30m,s4_w26,naive_F,0.0175,0.0,True,0.9703
S2_ST_ROC_1h,s4_w26,naive_F,0.0055,0.152,False,0.9851
N23_HA_ST_15m,s4_w26,naive_F,0.0105,0.001,True,0.9851
N23_HA_ST_30m,s4_w26,naive_F,0.0136,0.0,True,0.9554
N23_HA_ST_1h,s4_w26,naive_F,0.0036,0.196,False,0.9851
N24_DMI_15m,s4_w26,naive_F,0.0071,0.203,False,0.9851
N24_DMI_30m,s4_w26,naive_F,-0.0092,0.859,False,0.8513
N24_DMI_1h,s4_w26,naive_F,-0.0003,0.553,False,0.9703
N10_HA_PSAR_15m,s4_w26,naive_F,0.0058,0.138,False,0.9851
N10_HA_PSAR_30m,s4_w26,naive_F,-0.0012,0.588,False,0.9851
N10_HA_PSAR_1h,s4_w26,naive_F,0.0098,0.075,False,0.9257
S4_BB_BBP_15m,s4_w26,naive_F,0.0029,0.361,False,0.9703
S4_BB_BBP_30m,s4_w26,naive_F,-0.0003,0.518,False,0.881
S4_BB_BBP_1h,s4_w26,naive_F,0.0258,0.001,True,1.0
N06_MACD_ORB_15m,s4_w26,naive_F,0.0055,0.374,False,0.9703
N06_MACD_ORB_30m,s4_w26,naive_F,0.022,0.033,False,0.9405
N06_MACD_ORB_1h,s4_w26,naive_F,-0.0028,0.621,False,0.9703
OBV_B_15m,s4_w26,naive_F,0.0148,0.025,False,0.9703
OBV_B_30m,s4_w26,naive_F,0.0123,0.073,False,0.9851
OBV_B_1h,s4_w26,naive_F,0.0105,0.151,False,0.9851
F6_VWAP_CROSS_15m,s4_w26,naive_F,0.0088,0.062,False,0.9405
F6_VWAP_CROSS_30m,s4_w26,naive_F,0.018,0.003,True,0.9851
F6_VWAP_CROSS_1h,s4_w26,naive_F,0.0029,0.332,False,0.9703
F9_FVG_15m,s4_w26,naive_F,0.006,0.093,False,0.9554
F9_FVG_30m,s4_w26,naive_F,0.0045,0.229,False,1.0
F9_FVG_1h,s4_w26,naive_F,0.0125,0.017,True,0.9703
N17_KC_RSI_15m,s4_w26,naive_F,-0.021,0.986,False,0.7472
N17_KC_RSI_30m,s4_w26,naive_F,0.0083,0.263,False,0.9851
N17_KC_RSI_1h,s4_w26,naive_F,-0.0117,0.798,False,0.9554
N16_BBRSI_15m,s4_w26,naive_F,0.0172,0.059,False,0.9108
N16_BBRSI_30m,s4_w26,naive_F,-0.0081,0.727,False,0.9703
N16_BBRSI_1h,s4_w26,naive_F,-0.0047,0.63,False,0.9108
F5_BOX_15m,s4_w26,naive_F,-0.0334,0.998,False,0.6729
F5_BOX_30m,s4_w26,naive_F,-0.0254,0.972,False,0.5948
F5_BOX_1h,s4_w26,naive_F,0.0105,0.298,False,0.9405
S2_ST_ROC_15m,s4_w26,naive_S,0.0295,0.0,True,1.0
S2_ST_ROC_30m,s4_w26,naive_S,0.0208,0.0,True,1.0
S2_ST_ROC_1h,s4_w26,naive_S,0.0136,0.0,True,0.8067
N23_HA_ST_15m,s4_w26,naive_S,0.0318,0.0,True,1.0
N23_HA_ST_30m,s4_w26,naive_S,0.022,0.0,True,1.0
N23_HA_ST_1h,s4_w26,naive_S,0.0151,0.0,True,0.9851
N24_DMI_15m,s4_w26,naive_S,0.0307,0.0,True,1.0
N24_DMI_30m,s4_w26,naive_S,0.0223,0.0,True,1.0
N24_DMI_1h,s4_w26,naive_S,0.0083,0.004,True,0.8959
N10_HA_PSAR_15m,s4_w26,naive_S,0.0302,0.0,True,1.0
N10_HA_PSAR_30m,s4_w26,naive_S,0.0196,0.0,True,1.0
N10_HA_PSAR_1h,s4_w26,naive_S,0.0052,0.039,True,0.8067
S4_BB_BBP_15m,s4_w26,naive_S,0.0355,0.0,True,1.0
S4_BB_BBP_30m,s4_w26,naive_S,0.0226,0.0,True,0.9851
S4_BB_BBP_1h,s4_w26,naive_S,0.0055,0.079,True,0.8773
N06_MACD_ORB_15m,s4_w26,naive_S,0.0297,0.0,True,1.0
N06_MACD_ORB_30m,s4_w26,naive_S,0.0097,0.029,True,0.8959
N06_MACD_ORB_1h,s4_w26,naive_S,0.0085,0.082,True,0.8364
OBV_B_15m,s4_w26,naive_S,0.029,0.0,True,1.0
OBV_B_30m,s4_w26,naive_S,0.026,0.0,True,1.0
OBV_B_1h,s4_w26,naive_S,0.0168,0.0,True,0.8959
F6_VWAP_CROSS_15m,s4_w26,naive_S,0.0261,0.0,True,1.0
F6_VWAP_CROSS_30m,s4_w26,naive_S,0.0182,0.0,True,1.0
F6_VWAP_CROSS_1h,s4_w26,naive_S,0.0112,0.0,True,0.881
F9_FVG_15m,s4_w26,naive_S,0.0242,0.0,True,0.9851
F9_FVG_30m,s4_w26,naive_S,0.0134,0.0,True,0.8959
F9_FVG_1h,s4_w26,naive_S,0.0053,0.047,True,0.9108
N17_KC_RSI_15m,s4_w26,naive_S,0.0286,0.0,True,1.0
N17_KC_RSI_30m,s4_w26,naive_S,0.0192,0.0,True,1.0
N17_KC_RSI_1h,s4_w26,naive_S,0.016,0.0,True,1.0
N16_BBRSI_15m,s4_w26,naive_S,0.0295,0.0,True,1.0
N16_BBRSI_30m,s4_w26,naive_S,0.0054,0.097,True,0.8959
N16_BBRSI_1h,s4_w26,naive_S,0.0129,0.007,True,0.9405
F5_BOX_15m,s4_w26,naive_S,0.0404,0.0,True,1.0
F5_BOX_30m,s4_w26,naive_S,0.0239,0.0,True,0.9405
F5_BOX_1h,s4_w26,naive_S,0.008,0.131,False,0.6283
S2_ST_ROC_15m,s4_w26,naive_X,0.0008,0.431,False,0.7621
S2_ST_ROC_30m,s4_w26,naive_X,-0.0031,0.725,False,0.6394
S2_ST_ROC_1h,s4_w26,naive_X,-0.0049,0.714,False,0.7881
N23_HA_ST_15m,s4_w26,naive_X,-0.0016,0.679,False,0.6729
N23_HA_ST_30m,s4_w26,naive_X,-0.004,0.812,False,0.5948
N23_HA_ST_1h,s4_w26,naive_X,0.0055,0.236,False,0.8364
N24_DMI_15m,s4_w26,naive_X,0.0093,0.022,False,0.7621
N24_DMI_30m,s4_w26,naive_X,0.0167,0.006,False,0.8662
N24_DMI_1h,s4_w26,naive_X,-0.0011,0.51,False,0.777
N10_HA_PSAR_15m,s4_w26,naive_X,0.0015,0.297,False,0.461
N10_HA_PSAR_30m,s4_w26,naive_X,-0.0037,0.763,False,0.4498
N10_HA_PSAR_1h,s4_w26,naive_X,0.0088,0.159,False,0.658
S4_BB_BBP_15m,s4_w26,naive_X,-0.0029,0.788,False,0.4052
S4_BB_BBP_30m,s4_w26,naive_X,-0.0025,0.642,False,0.5799
S4_BB_BBP_1h,s4_w26,naive_X,-0.0047,0.667,False,0.5502
N06_MACD_ORB_15m,s4_w26,naive_X,-0.0084,0.89,False,0.4647
N06_MACD_ORB_30m,s4_w26,naive_X,-0.0127,0.924,False,0.4164
N06_MACD_ORB_1h,s4_w26,naive_X,-0.0193,0.931,False,0.6134
OBV_B_15m,s4_w26,naive_X,-0.0004,0.525,False,0.658
OBV_B_30m,s4_w26,naive_X,-0.0006,0.574,False,0.4164
OBV_B_1h,s4_w26,naive_X,-0.0044,0.683,False,0.6877
F6_VWAP_CROSS_15m,s4_w26,naive_X,0.0053,0.058,False,0.8216
F6_VWAP_CROSS_30m,s4_w26,naive_X,0.0072,0.062,False,0.9554
F6_VWAP_CROSS_1h,s4_w26,naive_X,0.0047,0.212,False,0.9108
F9_FVG_15m,s4_w26,naive_X,-0.0061,0.951,False,0.5688
F9_FVG_30m,s4_w26,naive_X,-0.0018,0.608,False,0.6097
F9_FVG_1h,s4_w26,naive_X,-0.0026,0.619,False,0.5948
N17_KC_RSI_15m,s4_w26,naive_X,-0.0023,0.791,False,0.119
N17_KC_RSI_30m,s4_w26,naive_X,-0.0037,0.888,False,0.119
N17_KC_RSI_1h,s4_w26,naive_X,-0.0174,1.0,False,0.1487
N16_BBRSI_15m,s4_w26,naive_X,-0.0044,0.802,False,0.4498
N16_BBRSI_30m,s4_w26,naive_X,0.0017,0.407,False,0.5502
N16_BBRSI_1h,s4_w26,naive_X,-0.0262,0.991,False,0.342
F5_BOX_15m,s4_w26,naive_X,0.014,0.081,False,0.7175
F5_BOX_30m,s4_w26,naive_X,0.0457,0.003,False,0.8216
F5_BOX_1h,s4_w26,naive_X,0.0199,0.182,False,0.6394
S2_ST_ROC_15m,s4_w26,gate_30_0.05_0.0,0.0277,0.0,True,0.7323
S2_ST_ROC_30m,s4_w26,gate_30_0.05_0.0,0.0241,0.004,True,0.9405
S2_ST_ROC_1h,s4_w26,gate_30_0.05_0.0,0.0104,0.188,False,0.8216
N23_HA_ST_15m,s4_w26,gate_30_0.05_0.0,0.028,0.0,True,0.7175
N23_HA_ST_30m,s4_w26,gate_30_0.05_0.0,0.0202,0.002,True,0.6729
N23_HA_ST_1h,s4_w26,gate_30_0.05_0.0,0.0048,0.31,False,0.7026
N24_DMI_15m,s4_w26,gate_30_0.05_0.0,0.0488,0.0,True,0.9851
N24_DMI_30m,s4_w26,gate_30_0.05_0.0,0.026,0.029,True,0.9851
N24_DMI_1h,s4_w26,gate_30_0.05_0.0,-0.0346,0.983,False,0.8513
N10_HA_PSAR_15m,s4_w26,gate_30_0.05_0.0,0.033,0.0,True,0.6877
N10_HA_PSAR_30m,s4_w26,gate_30_0.05_0.0,0.0157,0.053,False,0.8067
N10_HA_PSAR_1h,s4_w26,gate_30_0.05_0.0,0.0114,0.2,False,0.8662
S4_BB_BBP_15m,s4_w26,gate_30_0.05_0.0,0.0345,0.0,True,0.9703
S4_BB_BBP_30m,s4_w26,gate_30_0.05_0.0,0.0112,0.161,False,0.8959
S4_BB_BBP_1h,s4_w26,gate_30_0.05_0.0,-0.0011,0.511,False,0.8513
N06_MACD_ORB_15m,s4_w26,gate_30_0.05_0.0,0.0099,0.326,False,0.9219
N06_MACD_ORB_30m,s4_w26,gate_30_0.05_0.0,0.0229,0.122,False,0.8959
N06_MACD_ORB_1h,s4_w26,gate_30_0.05_0.0,0.0135,0.261,False,0.8216
OBV_B_15m,s4_w26,gate_30_0.05_0.0,0.0263,0.004,True,0.9554
OBV_B_30m,s4_w26,gate_30_0.05_0.0,0.0068,0.294,False,0.9554
OBV_B_1h,s4_w26,gate_30_0.05_0.0,-0.0208,0.893,False,0.8959
F6_VWAP_CROSS_15m,s4_w26,gate_30_0.05_0.0,0.0266,0.001,True,0.9108
F6_VWAP_CROSS_30m,s4_w26,gate_30_0.05_0.0,0.0214,0.031,True,0.9554
F6_VWAP_CROSS_1h,s4_w26,gate_30_0.05_0.0,-0.0115,0.874,False,0.8364
F9_FVG_15m,s4_w26,gate_30_0.05_0.0,0.0051,0.184,False,0.6134
F9_FVG_30m,s4_w26,gate_30_0.05_0.0,0.0102,0.092,False,0.6283
F9_FVG_1h,s4_w26,gate_30_0.05_0.0,0.0212,0.038,False,0.658
N17_KC_RSI_15m,s4_w26,gate_30_0.05_0.0,-0.0152,0.897,False,0.7175
N17_KC_RSI_30m,s4_w26,gate_30_0.05_0.0,0.0015,0.444,False,0.7584
N17_KC_RSI_1h,s4_w26,gate_30_0.05_0.0,-0.0013,0.53,False,0.777
N16_BBRSI_15m,s4_w26,gate_30_0.05_0.0,0.0242,0.057,False,0.881
N16_BBRSI_30m,s4_w26,gate_30_0.05_0.0,-0.0019,0.562,False,0.8959
N16_BBRSI_1h,s4_w26,gate_30_0.05_0.0,-0.0291,0.874,False,0.8067
F5_BOX_15m,s4_w26,gate_30_0.05_0.0,0.0632,0.007,True,0.9554
F5_BOX_30m,s4_w26,gate_30_0.05_0.0,-0.0046,0.547,False,0.8178
F5_BOX_1h,s4_w26,gate_30_0.05_0.0,0.0414,0.165,False,0.7881
S2_ST_ROC_15m,s4_w26,gate_100_0.15_2.0,0.0,1.0,False,0.0
S2_ST_ROC_30m,s4_w26,gate_100_0.15_2.0,0.0,1.0,False,0.0
S2_ST_ROC_1h,s4_w26,gate_100_0.15_2.0,0.0019,0.306,False,0.1338
N23_HA_ST_15m,s4_w26,gate_100_0.15_2.0,0.0,1.0,False,0.0
N23_HA_ST_30m,s4_w26,gate_100_0.15_2.0,0.0,1.0,False,0.0
N23_HA_ST_1h,s4_w26,gate_100_0.15_2.0,-0.0,0.513,False,0.1041
N24_DMI_15m,s4_w26,gate_100_0.15_2.0,-0.0003,0.51,False,0.0892
N24_DMI_30m,s4_w26,gate_100_0.15_2.0,-0.003,0.871,False,0.0892
N24_DMI_1h,s4_w26,gate_100_0.15_2.0,-0.0122,0.981,False,0.2082
N10_HA_PSAR_15m,s4_w26,gate_100_0.15_2.0,0.0,1.0,False,0.0
N10_HA_PSAR_30m,s4_w26,gate_100_0.15_2.0,-0.0021,0.998,False,0.0149
N10_HA_PSAR_1h,s4_w26,gate_100_0.15_2.0,0.0045,0.226,False,0.2082
S4_BB_BBP_15m,s4_w26,gate_100_0.15_2.0,0.0,1.0,False,0.0
S4_BB_BBP_30m,s4_w26,gate_100_0.15_2.0,0.0018,0.329,False,0.1338
S4_BB_BBP_1h,s4_w26,gate_100_0.15_2.0,-0.0067,0.861,False,0.2379
N06_MACD_ORB_15m,s4_w26,gate_100_0.15_2.0,-0.0077,0.761,False,0.3569
N06_MACD_ORB_30m,s4_w26,gate_100_0.15_2.0,0.0068,0.13,False,0.1338
N06_MACD_ORB_1h,s4_w26,gate_100_0.15_2.0,-0.0021,0.576,False,0.3717
OBV_B_15m,s4_w26,gate_100_0.15_2.0,0.0004,0.407,False,0.0595
OBV_B_30m,s4_w26,gate_100_0.15_2.0,-0.0078,0.997,False,0.1041
OBV_B_1h,s4_w26,gate_100_0.15_2.0,-0.0201,0.998,False,0.342
F6_VWAP_CROSS_15m,s4_w26,gate_100_0.15_2.0,0.0007,0.123,False,0.0149
F6_VWAP_CROSS_30m,s4_w26,gate_100_0.15_2.0,-0.003,0.998,False,0.0743
F6_VWAP_CROSS_1h,s4_w26,gate_100_0.15_2.0,-0.0043,0.996,False,0.1338
F9_FVG_15m,s4_w26,gate_100_0.15_2.0,0.0,1.0,False,0.0
F9_FVG_30m,s4_w26,gate_100_0.15_2.0,0.0,1.0,False,0.0
F9_FVG_1h,s4_w26,gate_100_0.15_2.0,0.0062,0.094,False,0.1338
N17_KC_RSI_15m,s4_w26,gate_100_0.15_2.0,-0.0087,0.908,False,0.4164
N17_KC_RSI_30m,s4_w26,gate_100_0.15_2.0,-0.0069,0.838,False,0.4015
N17_KC_RSI_1h,s4_w26,gate_100_0.15_2.0,-0.0056,0.748,False,0.4201
N16_BBRSI_15m,s4_w26,gate_100_0.15_2.0,0.0065,0.125,False,0.2714
N16_BBRSI_30m,s4_w26,gate_100_0.15_2.0,-0.0002,0.544,False,0.2082
N16_BBRSI_1h,s4_w26,gate_100_0.15_2.0,-0.0167,0.955,False,0.2677
F5_BOX_15m,s4_w26,gate_100_0.15_2.0,0.013,0.21,False,0.5688
F5_BOX_30m,s4_w26,gate_100_0.15_2.0,0.002,0.473,False,0.5056
F5_BOX_1h,s4_w26,gate_100_0.15_2.0,-0.0214,0.771,False,0.5651
