strategy,tf,H,group,approx,previously_examined,n,n_long,n_short,fwd_pct,fwd,fwd_long,fwd_short,fwd_BTCUSD,fwd_ETHUSD,fwd_SOLUSD,fwd_XRPUSD,fwd_DOGEUSD,fwd_LTCUSD,fwd_BCHUSD,n_BTCUSD,n_ETHUSD,n_SOLUSD,n_XRPUSD,n_DOGEUSD,n_LTCUSD,n_BCHUSD,symbols_pos,n_coins_ge10,null_mean,null_sd,z,p_one_sided,p,fwd_vn,z_vn,p_vn,p_emp600,p_emp_all,t_naive,cost_H,E_abs_rH,E_abs_r,mu_star,net_time,fwd_minus_mu_star,fwd_minus_hurdle,family_candidate,sympos_ok,n_req_iid,n_req_burst4,underpowered,p_lt_alpha_over_666,p_vn_lt_alpha_over_666,split,prev_examined,null_sd_all,n_coins,n_min,B,fwd_pct_BTCUSD,fwd_pct_ETHUSD,fwd_pct_SOLUSD,fwd_pct_XRPUSD,fwd_pct_DOGEUSD,fwd_pct_LTCUSD,fwd_pct_BCHUSD
S2_ST_ROC,15m,4,fingrad_exact,False,False,61640,29003,32637,1.15133135029488e-05,1.15133135029488e-07,-2.532453997060796e-05,2.2722199932921547e-05,0.000119917979625,0.0001090253788136,-0.0001550177371086,4.432501294372551e-05,-0.0001044692827781,-5.618689661367583e-05,2.3920810283301235e-05,8998,8908,7971,9061,8805,8955,8942,4,7,-4.800251235185256e-06,4.8404670473155314e-05,0.1015477292204842,0.459557835453211,0.459557835453211,-0.05658424458074,-11.399657808931742,1.0,0.4625623960066555,0.4776502551047694,0.0031468197364066,0.0014125,0.0055179384665666,0.0055179384665666,0.0019146324004575,-0.0014123848668649,-0.0019145172673225,-0.0019145172673225,True,True,593.0,1621.0,False,False,False,is,False,4.984945813029615e-05,7,93499,600,0.0119917979625,0.010902537881360001,-0.015501773710860001,0.004432501294372551,-0.01044692827781,-0.005618689661367583,0.0023920810283301237
S5_DONCHIAN_MFI,15m,4,fingrad_exact,False,False,1722,864,858,-0.06073470883939,-0.0006073470883939,-0.0004288996652386,-0.0007870423956272,-0.0006287049665018,0.000175015655416,-0.0022840527607289,-0.0004535947235946,-0.0003495741798411,-0.0002649567702248,-0.000714800128995,190,160,167,409,215,229,352,1,7,-6.097304618412165e-06,0.0002411694198643,-2.4930597922149373,0.9936676241401198,0.9936676241401198,-0.1851711276001111,-7.471025126321667,0.9999999999999604,0.9933444259567388,0.993881764020066,-2.131894891610861,0.0014125,0.0055179384665666,0.0055179384665666,0.0019146324004575,-0.0020198470883939,-0.0025219794888514,-0.0025219794888514,True,False,593.0,1621.0,False,False,False,is,False,0.0002402173716263,7,93499,600,-0.06287049665018,0.0175015655416,-0.22840527607289,-0.04535947235946,-0.03495741798411,-0.026495677022480003,-0.0714800128995
S6_EMA_DMI_ADX,15m,4,fingrad_exact,False,False,5408,2575,2833,-0.006115759620995448,-6.115759620995448e-05,-0.0001135023821809,-1.357982569273537e-05,0.0002887237551984,-0.0001853395804453,0.0001104149382229,2.5281576108064738e-05,-0.0005055134597138,7.991639602182448e-05,-0.0002834664456318,840,833,769,688,691,765,822,4,7,1.0754660975789894e-06,0.0001350566507271,-0.4607922821456457,0.6775261802817805,0.6775261802817805,-0.1114516121472933,-7.605241156620718,0.9999999999999858,0.6905158069883528,0.6720005134184039,-0.405560945706826,0.0014125,0.0055179384665666,0.0055179384665666,0.0019146324004575,-0.0014736575962099,-0.0019757899966675,-0.0019757899966675,True,True,593.0,1621.0,False,False,False,is,False,0.0001356772326625,7,93499,600,0.028872375519840003,-0.01853395804453,0.01104149382229,0.0025281576108064736,-0.05055134597138,0.007991639602182448,-0.028346644563179996
N01_ST_EMA,15m,4,fingrad_exact,False,False,22061,10205,11856,-0.01117906327706,-0.0001117906327706,-7.461516065328931e-05,-0.0001437892573454,-0.0001112941194114,-0.000204342370492,3.906248290073593e-05,5.02560224212124e-05,-0.0002382380481037,-0.000210639883019,-9.190360893055556e-05,3322,3190,2743,3263,3123,3215,3205,2,7,-2.732175969138081e-06,7.700048299572901e-05,-1.4163347106224988,0.9216612351543756,0.9216612351543756,-0.085553413038003,-10.926867051833794,1.0,0.930116472545757,0.9248269886940989,-1.8315084437123232,0.0014125,0.0055179384665666,0.0055179384665666,0.0019146324004575,-0.0015242906327706,-0.0020264230332282,-0.0020264230332282,True,False,593.0,1621.0,False,False,False,is,False,7.59318601926434e-05,7,93499,600,-0.01112941194114,-0.0204342370492,0.0039062482900735934,0.00502560224212124,-0.02382380481037,-0.0210639883019,-0.009190360893055556
N02_ST_KST,15m,4,fingrad_exact,False,False,18691,8631,10060,-0.002698239625656045,-2.698239625656045e-05,3.562655653203223e-05,-8.069789044327451e-05,-8.794592882946144e-05,-0.0001227255361424,0.000242300663555,3.241701348515464e-05,-6.934514293155997e-05,-0.0001227780123264,-3.192944412023419e-05,2742,2684,2423,2696,2677,2730,2739,2,7,2.047948328169531e-06,8.504416772819053e-05,-0.3413560901379363,0.6335822365138354,0.6335822365138354,-0.0706114642760745,-8.011873066837895,0.9999999999999994,0.6289517470881864,0.6128183461509664,-0.384571299748234,0.0014125,0.0055179384665666,0.0055179384665666,0.0019146324004575,-0.0014394823962565,-0.0019416147967141,-0.0019416147967141,True,False,593.0,1621.0,False,False,False,is,False,8.443532859355783e-05,7,93499,600,-0.008794592882946144,-0.01227255361424,0.0242300663555,0.0032417013485154644,-0.006934514293155997,-0.01227780123264,-0.0031929444120234194
N03_ADX_GC,15m,4,fingrad_exact,False,False,726,343,383,0.029145767202110002,0.0002914576720211,0.0006492983272951,-2.901059105721888e-05,0.0009760217399795,-0.0004674507973202,0.0003950202358574,0.0005690723412696,0.0001444233848152,0.0008915539281428,-0.0006957895692022,113,79,86,112,113,113,110,5,7,7.889875461717296e-06,0.0003147858295855,0.9008277054046108,0.1838399671844004,0.1838399671844004,-0.1012111507887476,-2.928460474843002,0.9982967743007288,0.194675540765391,0.2013562802836636,0.8002345963475671,0.0014125,0.0055179384665666,0.0055179384665666,0.0019146324004575,-0.0011210423279788,-0.0016231747284364,-0.0016231747284364,True,True,593.0,1621.0,False,False,False,is,False,0.0003521210072948,7,93499,600,0.09760217399795,-0.04674507973202,0.03950202358574,0.056907234126960006,0.01444233848152,0.08915539281428,-0.06957895692022
N07_ICHI_CMO,15m,4,fingrad_exact,False,False,8950,4656,4294,0.0074313028773139046,7.431302877313904e-05,0.0001133122510772,3.202602852906201e-05,-1.081547520334389e-05,0.0001644607245644,-0.0001369010478199,0.0003011148143665,0.0002887490949449,-0.0001222839622135,7.456342600554411e-06,1377,1307,1130,1336,1265,1285,1250,4,7,2.410196834893833e-06,0.000113191428735,0.6352321261580128,0.2626385167258667,0.2626385167258667,-0.0748824433315014,-6.282882708432678,0.999999999833824,0.2778702163061564,0.2595436993935245,0.7417561055603474,0.0014125,0.0055179384665666,0.0055179384665666,0.0019146324004575,-0.0013381869712268,-0.0018403193716844,-0.0018403193716844,True,True,593.0,1621.0,False,False,False,is,False,0.0001149805682142,7,93499,600,-0.0010815475203343888,0.01644607245644,-0.013690104781990002,0.030111481436650003,0.02887490949449,-0.01222839622135,0.0007456342600554411
N08_ICHI_WR,15m,4,fingrad_exact,False,False,1294,646,648,-0.07394778106356,-0.0007394778106356,-0.0006851891387984,-0.0007935989248437,-0.0004284498380113,-4.135276254230363e-05,-0.0012774748201384,-0.0005780949613579,-0.0012904786036823,-0.0012454799060013,-0.0003702636301289,201,162,147,199,190,194,201,0,7,-6.261378186439642e-06,0.0002740575687219,-2.6754102645971014,0.9962681074420826,0.9962681074420826,-0.1104122229802613,-3.985876810587064,0.9999663843056228,0.9933444259567388,0.995999614936197,-3.076534971922669,0.0014125,0.0055179384665666,0.0055179384665666,0.0019146324004575,-0.0021519778106356,-0.0026541102110932,-0.0026541102110932,True,False,593.0,1621.0,False,False,False,is,False,0.0002717824179997,7,93499,600,-0.04284498380113,-0.0041352762542303636,-0.12774748201383998,-0.05780949613579,-0.12904786036823,-0.12454799060013001,-0.037026363012889994
N09_ALLIG_AROON,15m,4,fingrad_exact,False,False,10062,5022,5040,0.008877290324803028,8.877290324803028e-05,0.0002096217916157,-3.1644381946926585e-05,9.55904164671142e-05,3.2198599208673246e-05,0.0002958713264886,0.0004456808285366,8.643449649084675e-05,-0.0005233616854177,0.0002335868715101,1541,1465,1243,1417,1464,1469,1463,6,7,6.5080779818770205e-06,0.0001077813577601,0.763256531331294,0.22265521023369,0.22265521023369,-0.0884217700055221,-7.620090482293682,0.9999999999999872,0.2196339434276206,0.2046186263918452,0.8851821245634587,0.0014125,0.0055179384665666,0.0055179384665666,0.0019146324004575,-0.0013237270967519,-0.0018258594972095,-0.0018258594972095,True,True,593.0,1621.0,False,False,False,is,False,0.0001078205493715,7,93499,600,0.00955904164671142,0.0032198599208673245,0.02958713264886,0.04456808285366,0.008643449649084674,-0.05233616854177,0.02335868715101
N10_HA_PSAR,15m,4,fingrad_exact,False,False,26097,13548,12549,0.006223944365353498,6.223944365353498e-05,0.0001820986758389,-6.716153472304459e-05,0.000353715228833,6.450120913910175e-05,0.0001861672277058,0.0001697129594424,-7.568026875756797e-06,-0.0001459788996229,-8.802878581702295e-05,2948,3221,3610,4127,3724,3886,4581,4,7,5.500604647119007e-06,6.518462190197086e-05,0.870432892772528,0.1920319388394908,0.1920319388394908,-0.0621572035515305,-9.220045724971344,1.0,0.1896838602329451,0.1797499224524285,1.06544960207649,0.0014125,0.0055179384665666,0.0055179384665666,0.0019146324004575,-0.0013502605563464,-0.001852392956804,-0.001852392956804,True,True,593.0,1621.0,False,False,False,is,False,6.667817937311838e-05,7,93499,600,0.035371522883300005,0.006450120913910174,0.01861672277058,0.01697129594424,-0.0007568026875756798,-0.01459788996229,-0.008802878581702294
N12_ICHI_AO,15m,4,fingrad_exact,False,False,9819,4960,4859,0.007507948036217364,7.507948036217364e-05,0.0002228959201226,-7.58094970430482e-05,-3.4340939209965165e-05,-0.0001098103095173,0.000170896653326,0.0001879121070136,-4.660955385305898e-05,1.5625710875460124e-05,0.0003530008418083,1472,1405,1269,1471,1385,1426,1391,4,7,1.5282972806842014e-06,0.0001080084969509,0.6809758968765383,0.2479433709652724,0.2479433709652724,-0.09532518607948,-7.868686947727493,0.9999999999999982,0.2512479201331115,0.2473821009508936,0.771866418569749,0.0014125,0.0055179384665666,0.0055179384665666,0.0019146324004575,-0.0013374205196378,-0.0018395529200953,-0.0018395529200953,True,True,593.0,1621.0,False,False,False,is,False,0.0001107065258609,7,93499,600,-0.0034340939209965165,-0.01098103095173,0.0170896653326,0.01879121070136,-0.004660955385305898,0.0015625710875460123,0.03530008418083
N14_ICHI_RSI,15m,4,fingrad_exact,False,False,2,2,0,-0.5847370315960699,-0.0058473703159607,-0.0058473703159607,,,0.0037717908082408,,,,,-0.0154665314401623,0,1,0,0,0,0,1,0,0,0.0004025717995481,0.0059984189148234,-1.041931583014969,0.8512782999552172,0.8512782999552172,-0.1006587319399966,-0.2201545292974959,0.5871245959144256,0.8951747088186356,0.8908985891690109,,0.0014125,0.0055179384665666,0.0055179384665666,0.0019146324004575,-0.0072598703159607,-0.0077620027164182,-0.0077620027164182,False,False,593.0,1621.0,True,False,False,is,False,0.0060644114865715,7,93499,600,,0.37717908082407997,,,,,-1.5466531440162299
N17_KC_RSI,15m,4,fingrad_exact,False,False,81718,40411,41307,0.01965298388584,0.0001965298388584,0.0004459294689945,-4.746000435046591e-05,-8.014598862735405e-05,3.891821449963807e-05,0.0004326637377849,0.0001898292109744,0.0006734806477722,0.0001078034854919,0.0001107172178163,12180,13069,11300,10446,10387,11783,12553,6,7,-6.260536746831993e-06,8.629008381083821e-05,2.35010057528526,0.0093841695048907,0.0093841695048907,0.1278102308927867,15.03184855151113,2.2707652348411324e-51,0.016638935108153,0.0123648265608454,4.506688848768002,0.0014125,0.0055179384665666,0.0055179384665666,0.0019146324004575,-0.0012159701611415,-0.0017181025615991,-0.0017181025615991,True,True,593.0,1621.0,False,False,True,is,False,8.757524042077866e-05,7,93499,600,-0.008014598862735405,0.0038918214499638073,0.04326637377849,0.01898292109744,0.06734806477722,0.010780348549190001,0.01107172178163
N18_VWMA_MACD,15m,4,fingrad_exact,False,False,66521,33663,32858,0.0033962886778051765,3.3962886778051765e-05,7.413784704264155e-05,-7.1963343366504265e-06,4.5213978348776215e-05,0.0001366758935584,0.0004382809955517,4.634759761588762e-05,-9.909969262903592e-05,-7.164810823715675e-05,-0.0002058598868932,9550,9558,8560,9656,9708,9656,9833,4,7,3.12753442901101e-06,6.501638329902285e-05,0.4742704959029025,0.317653514071031,0.317653514071031,-0.1072336817296839,-15.388179428613148,1.0,0.3344425956738768,0.3088211699521879,0.8770357694416301,0.0014125,0.0055179384665666,0.0055179384665666,0.0019146324004575,-0.0013785371132219,-0.0018806695136795,-0.0018806695136795,True,True,593.0,1621.0,False,False,False,is,False,6.934605014030975e-05,7,93499,600,0.004521397834877622,0.013667589355839999,0.043828099555169996,0.004634759761588762,-0.009909969262903592,-0.007164810823715674,-0.02058598868932
N21_ST_RSI_ADX,15m,4,fingrad_exact,False,False,0,0,0,,,,,,,,,,,,0,0,0,0,0,0,0,0,0,,,,,,,,,,,,0.0014125,0.0055179384665666,0.0055179384665666,0.0019146324004575,,,,False,False,593.0,1621.0,True,False,False,is,False,,7,93499,600,,,,,,,
N22_VORTEX_PSAR,15m,4,fingrad_exact,False,False,51620,25998,25622,0.006196521274437616,6.196521274437616e-05,9.791355839264143e-05,2.5489329122348183e-05,7.593829163448485e-05,0.0002165064999345,0.0002344457801517,1.0542497422365105e-05,-3.4007371725999626e-05,-4.559844019357109e-05,-5.267046258439154e-06,7634,7477,6639,7479,7370,7574,7447,4,7,1.2992497416112326e-06,4.934051906182527e-05,1.2295363761120657,0.1094353839909304,0.1094353839909304,-0.0506417859595408,-8.906726667275597,1.0,0.1148086522462562,0.1177546501802312,1.5701428465854317,0.0014125,0.0055179384665666,0.0055179384665666,0.0019146324004575,-0.0013505347872556,-0.0018526671877131,-0.0018526671877131,True,True,593.0,1621.0,False,False,False,is,False,5.247220393631401e-05,7,93499,600,0.007593829163448485,0.02165064999345,0.02344457801517,0.0010542497422365105,-0.0034007371725999626,-0.004559844019357108,-0.0005267046258439154
N23_HA_ST,15m,4,fingrad_exact,False,False,73811,36233,37578,-0.012269418100240001,-0.0001226941810024,-0.0001033258921801,-0.0001413692357925,8.064026652558766e-06,7.013605443170946e-05,-7.76867561223399e-05,-0.00010343982225,-0.0004739325011719,-0.0002501134635078,-1.968987020690075e-05,9545,9938,10235,11109,10498,10710,11776,2,7,-3.1533713466733164e-06,4.754349892543586e-05,-2.514346069549883,0.9940373325573628,0.9940373325573628,-0.1108885581242245,-22.488640430881908,1.0,0.9966722129783694,0.9936250548181108,-3.27484351895007,0.0014125,0.0055179384665666,0.0055179384665666,0.0019146324004575,-0.0015351941810024,-0.00203732658146,-0.00203732658146,True,False,593.0,1621.0,False,False,False,is,False,4.920548488756237e-05,7,93499,600,0.0008064026652558765,0.007013605443170946,-0.00776867561223399,-0.010343982225000001,-0.04739325011719,-0.02501134635078,-0.0019689870206900753
N24_DMI,15m,4,fingrad_exact,False,False,28940,4924,24016,-0.01114587300943,-0.0001114587300943,-0.000146104016846,-0.000104355407644,-2.2525844447840398e-05,-0.0001651278769529,0.0001252827426599,-9.430053544098196e-05,-0.000175430440001,-0.0001973233909528,-0.000220760431785,4120,3967,3750,4289,4052,4354,4408,1,7,-1.6012715448326507e-05,6.389627552352363e-05,-1.493764916092584,0.9323814627524633,0.9323814627524633,-0.0706907424033702,-9.374525002846385,1.0,0.9384359400998336,0.9238750254035148,-2.202095083636957,0.0014125,0.0055179384665666,0.0055179384665666,0.0019146324004575,-0.0015239587300943,-0.0020260911305519,-0.0020260911305519,True,False,593.0,1621.0,False,False,False,is,False,6.331948883550443e-05,7,93499,600,-0.0022525844447840396,-0.01651278769529,0.01252827426599,-0.009430053544098196,-0.0175430440001,-0.01973233909528,-0.0220760431785
N25_DST_CCI,15m,4,fingrad_exact,False,False,31748,14790,16958,-0.002244202785299905,-2.2442027852999048e-05,-4.048423520398053e-05,-6.706431277871311e-06,3.58186686528866e-05,-1.588389415817326e-05,-0.0001964111866186,-9.22647339198814e-05,-9.02669934021939e-05,-6.219925212919378e-05,0.0002579268749239,4644,4461,4040,4815,4682,4674,4432,2,7,-4.314395298922451e-06,6.785627875637407e-05,-0.2671474605785655,0.6053221866241277,0.6053221866241277,0.0268042907351654,3.936747141838529,4.129677730415403e-05,0.6139767054908486,0.6128076499342182,-0.4921616678696713,0.0014125,0.0055179384665666,0.0055179384665666,0.0019146324004575,-0.0014349420278529,-0.0019370744283105,-0.0019370744283105,True,False,593.0,1621.0,False,False,True,is,False,6.982639903991497e-05,7,93499,600,0.00358186686528866,-0.001588389415817326,-0.01964111866186,-0.009226473391988139,-0.00902669934021939,-0.006219925212919378,0.02579268749239
S1_EMA_RSI_CHOP,15m,4,fingrad_approx,True,False,111,37,74,-0.05994337710138,-0.0005994337710138,0.0004709116644574,-0.0011346064887495,-0.0001757084650548,0.0002287105212815,-0.0083257818035988,-0.0032499928836491,0.0183259995728443,-0.0031681558840565,-0.003928541229828,40,21,8,8,7,8,19,1,3,2.782815054430561e-07,0.0009101213288726,-0.6589363785838629,0.7450316879648974,0.7450316879648974,-0.1409512740988039,-1.2588970265225532,0.895966236004586,0.7587354409317804,0.7619663924869774,-0.4340737263816918,0.0014125,0.0055179384665666,0.0055179384665666,0.0019146324004575,-0.0020119337710138,-0.0025140661714714,-0.0025140661714714,True,False,593.0,1621.0,True,False,False,is,False,0.0008627225515783,7,93499,600,-0.01757084650548,0.02287105212815,-0.83257818035988,-0.32499928836491,1.8325999572844298,-0.31681558840565,-0.39285412298280004
S3_CMO_SANDWICH,15m,4,fingrad_approx,True,False,5277,2441,2836,0.0014997076444623852,1.4997076444623852e-05,8.013302143313933e-05,-4.106669002821334e-05,-8.843585204219667e-05,0.000108810963553,7.639153281840049e-05,0.0002961723094115,-0.0004566163107271,3.2447895213713444e-05,0.0001496131717793,855,797,623,743,737,775,747,5,7,-4.556785402670562e-06,0.0001334898441689,0.1464820186811375,0.4417704419087155,0.4417704419087155,0.0203819265440304,1.5135771714929378,0.0650665573395907,0.4492512479201331,0.4475511011755142,0.1389896744214887,0.0014125,0.0055179384665666,0.0055179384665666,0.0019146324004575,-0.0013975029235553,-0.0018996353240129,-0.0018996353240129,True,True,593.0,1621.0,False,False,False,is,False,0.0001368418886412,7,93499,600,-0.008843585204219668,0.0108810963553,0.007639153281840049,0.02961723094115,-0.04566163107271,0.003244789521371344,0.01496131717793
S4_BB_BBP,15m,4,fingrad_approx,True,False,22391,11048,11343,-0.01297523877074,-0.0001297523877074,1.2435326069910598e-05,-0.0002682421930333,-0.0001699694066991,8.056098084791805e-07,3.695548908781148e-05,-0.000168051584077,-0.0002411745603596,-0.000365056198013,5.039695821642381e-06,3208,3238,2993,3300,3093,3258,3301,3,7,4.108724764725027e-07,8.382281064442889e-05,-1.5528381735616754,0.9397690998200108,0.9397690998200108,-0.1463887138213827,-16.028298275197415,1.0,0.9434276206322796,0.940625300831096,-2.018035791726856,0.0014125,0.0055179384665666,0.0055179384665666,0.0019146324004575,-0.0015422523877074,-0.0020443847881649,-0.0020443847881649,True,False,593.0,1621.0,False,False,False,is,False,8.311692380690877e-05,7,93499,600,-0.01699694066991,8.056098084791805e-05,0.003695548908781148,-0.0168051584077,-0.02411745603596,-0.0365056198013,0.0005039695821642381
N04_ST_KLINGER,15m,4,fingrad_approx,True,False,59085,27721,31364,-0.0008850638707044703,-8.850638707044703e-06,-6.149257073861034e-05,3.767681307994137e-05,9.632436185272563e-05,1.0068851682968126e-05,-4.690938410032078e-05,3.2531675426939704e-05,-7.667223418259859e-05,-0.0001250612474263,4.945035490711506e-05,8723,8857,7867,8124,8378,8897,8239,4,7,-4.0594180414264906e-06,4.964284687936789e-05,-0.0965138175346969,0.5384437498247382,0.5384437498247382,-0.0285361822728304,-5.624893719333783,0.9999999907188888,0.5540765391014975,0.550106427356644,-0.2236722654142604,0.0014125,0.0055179384665666,0.0055179384665666,0.0019146324004575,-0.001421350638707,-0.0019234830391646,-0.0019234830391646,True,True,593.0,1621.0,False,False,False,is,False,4.786055093645232e-05,7,93499,600,0.009632436185272564,0.0010068851682968126,-0.004690938410032078,0.0032531675426939704,-0.007667223418259859,-0.01250612474263,0.004945035490711506
N05_PSAR_POC,15m,4,fingrad_approx,True,False,5514,2797,2717,-0.008216412736789995,-8.216412736789994e-05,2.2729217433404044e-05,-0.0001901459769848,-0.0004257551667635,-0.0002677514466649,0.0004471990597972,-5.054528108323183e-05,0.0004276368301754,-0.0004742701135821,-8.06404396341895e-05,897,870,680,838,751,767,711,2,7,-2.044293365455967e-06,0.0001255422190713,-0.6381903601443563,0.738325114224208,0.738325114224208,-0.0541303100195138,-3.967607085309252,0.9999637010526856,0.7420965058236273,0.7398252238183355,-0.7168578255721557,0.0014125,0.0055179384665666,0.0055179384665666,0.0019146324004575,-0.0014946641273678,-0.0019967965278254,-0.0019967965278254,True,False,593.0,1621.0,False,False,False,is,False,0.0001288843242767,7,93499,600,-0.04257551667635,-0.02677514466649,0.04471990597972,-0.005054528108323183,0.04276368301754,-0.04742701135821,-0.00806404396341895
N06_MACD_ORB,15m,4,fingrad_approx,True,False,4776,2428,2348,0.002387841016604618,2.387841016604618e-05,0.0002169347362316,-0.0001757556442153,9.755308311448396e-05,0.0006667296764319,0.0010120064012417,1.586451722312597e-05,-0.0006006224841771,-8.077417745906309e-05,-0.0008333232667478,708,654,625,733,715,680,661,4,7,7.944747107647658e-06,0.000143730462747,0.1108579402993003,0.4558644993666363,0.4558644993666363,-0.1318375823749502,-8.542480622265414,1.0,0.4475873544093178,0.4369083655111187,0.1839150134591069,0.0014125,0.0055179384665666,0.0055179384665666,0.0019146324004575,-0.0013886215898339,-0.0018907539902915,-0.0018907539902915,True,True,593.0,1621.0,False,False,False,is,False,0.0001486771997133,7,93499,600,0.009755308311448396,0.06667296764319,0.10120064012417,0.0015864517223125971,-0.06006224841771,-0.008077417745906309,-0.08333232667478001
N11_BREAKAWAY,15m,4,fingrad_approx,True,False,273,128,145,-0.05372761398809,-0.0005372761398809,-0.0001693986611485,-0.0008620231555896,0.0002392335509332,0.0011410026350136,-0.0068202720793394,-0.0003907487691768,-0.0004849048341094,-0.0016818836491082,0.0015065949864859,33,44,29,38,28,41,60,3,7,9.58450187125194e-06,0.0006083226037462,-0.8989648557927326,0.8156643097550669,0.8156643097550669,-0.0360869892565265,-0.5262733491920215,0.7006508513742891,0.8202995008319468,0.8203035586313121,-0.7178483466711342,0.0014125,0.0055179384665666,0.0055179384665666,0.0019146324004575,-0.0019497761398809,-0.0024519085403385,-0.0024519085403385,True,False,593.0,1621.0,True,False,False,is,False,0.000596662188508,7,93499,600,0.02392335509332,0.11410026350136,-0.68202720793394,-0.03907487691768,-0.048490483410940005,-0.16818836491082,0.15065949864859
N13_3OUTSIDE,15m,4,fingrad_approx,True,False,5111,2733,2378,0.013552908570499999,0.000135529085705,0.0001068021529305,0.0001685445219004,-0.0002139053153598,-0.0003653874834531,0.0003996105224658,-6.693962363679153e-05,0.000456122999375,0.0003150055735756,0.0002289556023121,566,604,772,778,692,853,846,4,7,4.769847970180353e-06,0.0001466139244124,0.8918609760900685,0.1862337268321885,0.1862337268321885,-0.0928277887586388,-6.167161482141025,0.9999999996523664,0.1797004991680532,0.1731610529355766,0.9641103688486,0.0014125,0.0055179384665666,0.0055179384665666,0.0019146324004575,-0.0012769709142949,-0.0017791033147525,-0.0017791033147525,True,True,593.0,1621.0,False,False,False,is,False,0.0001431690632582,7,93499,600,-0.02139053153598,-0.03653874834531,0.03996105224658,-0.006693962363679153,0.0456122999375,0.03150055735756,0.022895560231209998
N15_KC_AO,15m,4,fingrad_approx,True,False,72,38,34,-0.52556263738622,-0.0052556263738622,-0.0043856996850921,-0.0062278973789583,-0.0044640629215739,-0.0033789040440421,-0.0065925190668744,-0.0043690144109861,-0.0137245022222572,0.0037590400992285,-0.005211125480254,14,15,7,11,9,4,12,0,4,-5.075433536151233e-05,0.0010761362078561,-4.836629415963817,0.9999993397034808,0.9999993397034808,-0.4040435081583415,-3.588314255071902,0.999833588509737,1.0,0.9998716453990224,-2.7982633805842108,0.0014125,0.0055179384665666,0.0055179384665666,0.0019146324004575,-0.0066681263738622,-0.0071702587743198,-0.0071702587743198,False,False,593.0,1621.0,True,False,False,is,False,0.0010794986438336,7,93499,600,-0.44640629215739003,-0.33789040440421003,-0.65925190668744,-0.43690144109861,-1.37245022222572,0.37590400992285,-0.5211125480254
N16_BBRSI,15m,4,fingrad_approx,True,False,8051,4012,4039,-0.004787124876311116,-4.787124876311116e-05,-8.838683764327805e-05,-7.626499422375927e-06,-0.000117295478804,0.0001180869458792,-0.0001715553111682,0.0002156785581744,-0.0002794880353984,-0.000125865050749,-1.1746268516450629e-05,1237,1191,975,1176,1097,1164,1211,2,7,-1.0349207373678691e-05,0.0001191667478432,-0.3148700629035758,0.6235698436853754,0.6235698436853754,-0.0402980396179084,-3.2083003633828486,0.9993323901424462,0.627287853577371,0.6612829042367715,-0.4293771365480958,0.0014125,0.0055179384665666,0.0055179384665666,0.0019146324004575,-0.0014603712487631,-0.0019625036492206,-0.0019625036492206,True,False,593.0,1621.0,False,False,False,is,False,0.0001166945847393,7,93499,600,-0.0117295478804,0.01180869458792,-0.01715553111682,0.02156785581744,-0.027948803539840004,-0.012586505074899999,-0.0011746268516450629
N19_FIB_CHOP,15m,4,fingrad_approx,True,False,5852,2285,3567,-0.05894900367036,-0.0005894900367036,-0.0002365691777305,-0.0008155691403631,-0.0004652506636036,-0.0008333070126224,-0.0004412798534012,-0.0007334203290913,-0.0008134884700099,-0.0006305809630222,-0.0001721895312214,756,781,661,1033,912,789,920,0,7,8.786279836959915e-06,0.0001586217755175,-3.771716175718384,0.999918935694494,0.999918935694494,-0.1463681252902324,-9.189389431244589,1.0,1.0,0.9998074680985336,-3.763029056494712,0.0014125,0.0055179384665666,0.0055179384665666,0.0019146324004575,-0.0020019900367036,-0.0025041224371611,-0.0025041224371611,True,False,593.0,1621.0,False,False,False,is,False,0.0001562788702409,7,93499,600,-0.046525066360359996,-0.08333070126224,-0.04412798534012,-0.07334203290913001,-0.08134884700099,-0.06305809630222001,-0.01721895312214
N20_EMA9_CHOP,15m,4,fingrad_approx,True,False,31261,0,31261,0.002362792033000738,2.362792033000738e-05,,2.362792033000738e-05,-1.2925081729681692e-05,-7.824196661323649e-05,0.0001550616105402,6.625177694850254e-06,9.76594209166957e-05,-7.931341368535127e-05,8.861425471754807e-05,4516,4155,3941,4771,4445,4708,4725,4,7,-3.3229667973139986e-05,6.362312200994957e-05,0.8936623432948765,0.1857512895329183,0.1857512895329183,-0.0364042660616832,-3.6651748235925545,0.9998764151586498,0.1996672212978369,0.1863173995357842,0.5235748379576514,0.0014125,0.0055179384665666,0.0055179384665666,0.0019146324004575,-0.0013888720796699,-0.0018910044801275,-0.0018910044801275,True,True,593.0,1621.0,False,False,False,is,False,6.20776644658415e-05,7,93499,600,-0.0012925081729681692,-0.007824196661323649,0.015506161054020001,0.0006625177694850253,0.00976594209166957,-0.007931341368535126,0.008861425471754806
V39_ALL,15m,4,pine,False,False,24107,10730,13377,-0.0056058178708536435,-5.605817870853644e-05,1.2062939813250735e-06,-0.0001019913320285,9.249362408415356e-05,0.0001163548076739,-0.0002511787153997,-0.0001807999093126,-3.1486516674379094e-06,-0.0002433226404786,4.470882634294528e-05,3665,3656,3070,3381,3487,3571,3277,3,7,-7.099332157521612e-06,7.446085754921906e-05,-0.6575111832233834,0.744573858702843,0.744573858702843,-0.0352773926139749,-4.204739915745169,0.9999869308725404,0.7487520798668885,0.7539656223593715,-0.978235656589326,0.0014125,0.0055179384665666,0.0055179384665666,0.0019146324004575,-0.0014685581787085,-0.001970690579166,-0.001970690579166,True,False,593.0,1621.0,False,False,False,is,False,7.741575717702898e-05,7,93499,600,0.009249362408415356,0.01163548076739,-0.02511787153997,-0.01807999093126,-0.0003148651667437909,-0.02433226404786,0.004470882634294528
OBV_S,15m,4,pine,False,False,8706,4173,4533,-0.002449108780615775,-2.449108780615775e-05,4.866482060624126e-05,-9.183712923676464e-05,5.903644505534618e-05,0.0001530840704485,-0.0001530537490556,-0.0002094235118561,4.853857685712984e-05,-5.477339466944724e-05,-4.0814948122059554e-05,1368,1292,1044,1306,1229,1249,1218,3,7,-6.733915559313076e-06,0.0001145445659703,-0.1550241348982213,0.5615988547911724,0.5615988547911724,-0.0424229684776909,-3.5311293608335754,0.9997931053376476,0.5690515806988353,0.5764405129905552,-0.2542787426135712,0.0014125,0.0055179384665666,0.0055179384665666,0.0019146324004575,-0.0014369910878061,-0.0019391234882637,-0.0019391234882637,True,False,593.0,1621.0,False,False,False,is,False,0.0001171970111918,7,93499,600,0.005903644505534618,0.01530840704485,-0.015305374905559999,-0.020942351185609998,0.004853857685712984,-0.0054773394669447245,-0.004081494812205955
OBV_B,15m,4,pine,False,False,23604,11756,11848,-0.012268760844329998,-0.0001226876084433,-0.0001432660282149,-0.0001022689805875,-0.0002054960296252,-9.204390753271556e-05,-0.0002153117111762,-8.010368710708125e-06,-8.953716590564543e-05,-0.0002055031219263,-3.822492272472264e-05,3559,3534,3176,3236,3324,3425,3350,0,7,-2.581942480259609e-06,7.401225174687254e-05,-1.6227808657117964,0.9476818712614816,0.9476818712614816,-0.0414129549830004,-5.361302795353797,0.9999999586880558,0.9534109816971714,0.949567338032538,-2.0932747114756007,0.0014125,0.0055179384665666,0.0055179384665666,0.0019146324004575,-0.0015351876084433,-0.0020373200089008,-0.0020373200089008,True,False,593.0,1621.0,False,False,False,is,False,7.56368359187144e-05,7,93499,600,-0.02054960296252,-0.009204390753271556,-0.02153117111762,-0.0008010368710708126,-0.008953716590564542,-0.02055031219263,-0.0038224922724722638
V45_AMB,15m,4,v45,False,True,8432,3889,4543,0.0077954988418309674,7.795498841830968e-05,2.135393058704201e-06,0.0001428597663961,0.0002631896833286,0.0002442556191967,-0.0003438627679469,-9.313212284463368e-05,-0.0001700746997607,9.316794531561252e-05,0.0005716711390152,1185,1168,1201,1233,1196,1272,1177,4,7,6.342871629927964e-06,0.0001291176979133,0.5546266541743984,0.289575026892312,0.289575026892312,0.0683724776720521,5.349373956121753,4.4129502058973225e-08,0.2978369384359401,0.2696302317870169,0.8507430884899274,0.0014125,0.0055179384665666,0.0055179384665666,0.0019146324004575,-0.0013345450115816,-0.0018366774120392,-0.0018366774120392,True,True,593.0,1621.0,False,False,True,is,True,0.0001334497509577,7,93499,600,0.02631896833286,0.024425561919670002,-0.03438627679469,-0.009313212284463367,-0.01700746997607,0.009316794531561251,0.05716711390152
DOGE_L,15m,4,doge,False,True,4644,4644,0,-0.03014217041323,-0.0003014217041323,-0.0003014217041323,,-0.0005698249287388,4.279434903971312e-05,-0.0003458397880009,-0.0002096483811791,-0.0003178752845832,-0.0004667084108403,-0.0002587862874172,590,616,673,683,608,670,804,1,7,3.358923781423855e-05,0.0001601682628719,-2.0916187510527267,0.9817636831014273,0.9817636831014273,-0.1165078206943339,-8.243492687020384,1.0,0.9833610648918468,0.9846188403161802,-2.145424075668501,0.0014125,0.0055179384665666,0.0055179384665666,0.0019146324004575,-0.0017139217041323,-0.0022160541045899,-0.0022160541045899,True,False,593.0,1621.0,False,False,False,is,True,0.0001530695024483,7,93499,600,-0.05698249287388,0.004279434903971311,-0.03458397880009,-0.02096483811791,-0.03178752845832,-0.04667084108403,-0.025878628741720002
DOGE_S,15m,4,doge,False,True,4748,0,4748,0.007997197253026262,7.997197253026262e-05,,7.997197253026262e-05,8.019562384240235e-06,0.0008265711028241,0.0001228328505437,-0.0003003650532075,0.0002820008913499,0.0002553118815638,-0.0004305202136185,552,605,703,743,643,696,806,5,7,-3.8583534908809005e-05,0.0001651089990766,0.7180438867781025,0.2363651135789552,0.2363651135789552,-0.1137421634789556,-6.147207536234928,0.9999999996057054,0.2312811980033277,0.2382368356312372,0.516833482640693,0.0014125,0.0055179384665666,0.0055179384665666,0.0019146324004575,-0.0013325280274697,-0.0018346604279272,-0.0018346604279272,True,True,593.0,1621.0,False,False,False,is,True,0.0001600110671224,7,93499,600,0.0008019562384240235,0.08265711028241,0.01228328505437,-0.03003650532075,0.02820008913499,0.025531188156380002,-0.04305202136185
S2_ST_ROC,15m,16,fingrad_exact,False,False,61629,28995,32634,-0.01064364614387,-0.0001064364614387,2.4092271922055693e-05,-0.0002224100050985,7.332758807624826e-05,-4.132362536402529e-05,0.0001085694572344,-0.000282561007962,-0.0005277959955239,-0.000211930300383,0.0001551239869857,8996,8906,7970,9058,8803,8955,8941,3,7,-8.535732645089008e-06,0.0001345428546285,-0.7276546128287905,0.76658747975927,0.76658747975927,-0.0561106478826754,-8.596902702456381,1.0,0.7737104825291181,0.7638970627574768,-1.4660936883716111,0.00145,0.0110577875840871,0.0110577875840871,0.0024562586701519,-0.0015564364614387,-0.0025626951315906,-0.0025626951315906,True,False,1293.0,4761.0,False,False,False,is,False,0.0001372388841739,7,93487,600,0.0073327588076248255,-0.004132362536402529,0.01085694572344,-0.0282561007962,-0.052779599552390005,-0.0211930300383,0.015512398698569999
S5_DONCHIAN_MFI,15m,16,fingrad_exact,False,False,1722,864,858,-0.10894249820174999,-0.0010894249820175,-0.0013487812521318,-0.0008282550316927,-0.0022078043722029,-0.0005370693123896,-0.0018922463657503,-0.0003175536953778,9.426037001217207e-05,-0.0014512664642835,-0.0017403899235091,190,160,167,409,215,229,352,1,7,2.0732860762735476e-05,0.0004751355917033,-2.336507435278728,0.9902675947269473,0.9902675947269473,-0.1464196217588074,-6.280257062916787,0.9999999998309932,0.9883527454242927,0.9890214541758066,-2.3196552549878207,0.00145,0.0110577875840871,0.0110577875840871,0.0024562586701519,-0.0025394249820175,-0.0035456836521695,-0.0035456836521695,True,False,1293.0,4761.0,False,False,False,is,False,0.0004731787901054,7,93487,600,-0.22078043722028998,-0.053706931238960004,-0.18922463657503,-0.03175536953778,0.009426037001217207,-0.14512664642835,-0.17403899235091
S6_EMA_DMI_ADX,15m,16,fingrad_exact,False,False,5408,2575,2833,-0.02642106726927,-0.0002642106726927,-0.0005295089924747,-2.307294821746124e-05,-0.000295912688483,8.7746319585267e-06,-0.0005895763365166,-0.0004847863634301,-0.0006575287182252,0.0004300615189059,-0.0003349409061635,840,833,769,688,691,765,822,2,7,1.0231402129101606e-05,0.0002397415753954,-1.1447412672134172,0.8738418243225918,0.8738418243225918,-0.0431395983210598,-3.334950106555084,0.9995734264740754,0.8851913477537438,0.8589267561928201,-0.9429404679001384,0.00145,0.0110577875840871,0.0110577875840871,0.0024562586701519,-0.0017142106726927,-0.0027204693428447,-0.0027204693428447,True,False,1293.0,4761.0,False,False,False,is,False,0.0002429904353457,7,93487,600,-0.0295912688483,0.00087746319585267,-0.058957633651660006,-0.04847863634301,-0.06575287182252,0.04300615189059,-0.03349409061635
N01_ST_EMA,15m,16,fingrad_exact,False,False,22059,10204,11855,-0.02002941498491,-0.0002002941498491,-0.0001905282494078,-0.0002086999911063,-2.18929463435002e-05,-0.0002079748366474,5.546806688208403e-05,-0.0003269822131645,-0.0004437991280742,-0.0003488421907586,-8.134220866072547e-05,3322,3190,2743,3263,3121,3215,3205,1,7,-4.375209855582079e-06,0.0001882066753663,-1.0409776359540277,0.8510570361238853,0.8510570361238853,-0.0657312484649849,-7.464157220410638,0.999999999999958,0.8502495840266223,0.8519287357551762,-1.6883403334273626,0.00145,0.0110577875840871,0.0110577875840871,0.0024562586701519,-0.0016502941498491,-0.0026565528200011,-0.0026565528200011,True,False,1293.0,4761.0,False,False,False,is,False,0.0001824921932629,7,93487,600,-0.00218929463435002,-0.02079748366474,0.005546806688208403,-0.032698221316450005,-0.04437991280742,-0.03488421907586,-0.008134220866072546
N02_ST_KST,15m,16,fingrad_exact,False,False,18688,8630,10058,-0.0052102561765607035,-5.210256176560704e-05,-3.801324295262788e-05,-6.419152789764225e-05,0.0002457675297288,-0.0003206782012285,0.000314093590914,-0.0003436131181018,-5.26790486337862e-05,-0.0002148491930695,3.854666699414899e-05,2742,2683,2423,2696,2675,2730,2739,3,7,-7.501923579278386e-06,0.0002001307235015,-0.2228575273500227,0.5881768033361537,0.5881768033361537,-0.0649196551819807,-6.711655575933256,0.9999999999903786,0.5740432612312812,0.5853619389010754,-0.3675965338029294,0.00145,0.0110577875840871,0.0110577875840871,0.0024562586701519,-0.0015021025617656,-0.0025083612319175,-0.0025083612319175,True,False,1293.0,4761.0,False,False,False,is,False,0.0001884011100388,7,93487,600,0.02457675297288,-0.03206782012285,0.0314093590914,-0.03436131181018,-0.00526790486337862,-0.021484919306950002,0.0038546666994148993
N03_ADX_GC,15m,16,fingrad_exact,False,False,725,342,383,0.035951137866830005,0.0003595113786683,0.0014615306293902,-0.000624537142864,0.0007173490908688,-0.0014545952996646,-0.0006091778922241,0.0011262708669538,0.0001493951314275,0.0028026545004439,-0.0010155458632926,113,79,86,111,113,113,110,4,7,-9.080047460449566e-06,0.0006950536374637,0.5303064486847375,0.2979497381561257,0.2979497381561257,-0.0907554604885881,-2.525414562835448,0.9942219061536604,0.3078202995008319,0.3046599967898988,0.6039341036471221,0.00145,0.0110577875840871,0.0110577875840871,0.0024562586701519,-0.0010904886213316,-0.0020967472914835,-0.0020967472914835,True,True,1293.0,4761.0,True,False,False,is,False,0.0007040239949194,7,93487,600,0.07173490908688,-0.14545952996646,-0.06091778922240999,0.11262708669537999,0.014939513142749999,0.28026545004439,-0.10155458632926
N07_ICHI_CMO,15m,16,fingrad_exact,False,False,8950,4656,4294,0.002269396760634988,2.269396760634988e-05,-1.5358661608343036e-05,6.395457348050231e-05,0.0001505779171174,0.0007264633316563,0.0013619573061825,-0.0001023611281132,0.000136944271334,-0.0015542056975351,-0.0004256478616005,1377,1307,1130,1336,1265,1285,1250,4,7,-1.2120282633788375e-06,0.0002442867479126,0.0978603877369598,0.4610215774810086,0.4610215774810086,-0.0477123352191943,-3.963068067832761,0.9999630036631078,0.4376039933444259,0.4597078807982451,0.121264234550232,0.00145,0.0110577875840871,0.0110577875840871,0.0024562586701519,-0.0014273060323936,-0.0024335647025455,-0.0024335647025455,True,True,1293.0,4761.0,False,False,False,is,False,0.0002429399206916,7,93487,600,0.01505779171174,0.07264633316563,0.13619573061825,-0.01023611281132,0.013694427133400001,-0.15542056975350999,-0.04256478616005
N08_ICHI_WR,15m,16,fingrad_exact,False,False,1294,646,648,-0.058379360469599996,-0.000583793604696,-0.0015015169383732,0.0003310972495562,-0.0003766991609008,0.00042884386988,0.0005026676035056,-0.002275195382951,-0.0005168604071713,-0.002557113798116,0.0011142795902131,201,162,147,199,190,194,201,3,7,-6.368425835385986e-06,0.0005315543156796,-1.0862957214868632,0.8613259103332274,0.8613259103332274,-0.0493317363278441,-1.8714677557341777,0.9693598624451288,0.8585690515806988,0.8534374832807233,-1.2561239934300406,0.00145,0.0110577875840871,0.0110577875840871,0.0024562586701519,-0.002033793604696,-0.0030400522748479,-0.0030400522748479,True,False,1293.0,4761.0,False,False,False,is,False,0.0005513644409101,7,93487,600,-0.03766991609008,0.042884386988,0.050266760350560005,-0.22751953829510002,-0.05168604071713,-0.2557113798116,0.11142795902131002
N09_ALLIG_AROON,15m,16,fingrad_exact,False,False,10062,5022,5040,-0.009526997317846599,-9.5269973178466e-05,0.0001331919372951,-0.0003229159482575,-0.0004706064642279,-6.40847192988109e-05,0.000774722062775,-1.3644434361256664e-05,0.0005506376891421,-0.0009944323506974,-0.000292874647466,1541,1465,1243,1417,1464,1469,1463,2,7,-2.169959859640608e-06,0.0002147064046525,-0.4336154455639229,0.6677161416290678,0.6677161416290678,-0.0668583310779825,-5.996727976723293,0.9999999989933356,0.670549084858569,0.6820073832325718,-0.5019442415739428,0.00145,0.0110577875840871,0.0110577875840871,0.0024562586701519,-0.0015452699731784,-0.0025515286433303,-0.0025515286433303,True,False,1293.0,4761.0,False,False,False,is,False,0.0002026110178855,7,93487,600,-0.047060646422789995,-0.0064084719298810894,0.0774722062775,-0.0013644434361256665,0.055063768914210005,-0.09944323506973998,-0.029287464746600003
N10_HA_PSAR,15m,16,fingrad_exact,False,False,26092,13544,12548,-0.01966551341877,-0.0001966551341877,-2.4577689679360848e-05,-0.0003823912601377,0.0003276085046645,-0.0002201652091314,-5.281541146343159e-05,-8.378342659022154e-05,-0.0006335771146672,-0.0005437591900413,-8.293201551496985e-05,2947,3221,3609,4127,3722,3886,4580,1,7,1.19564853805899e-05,0.0001208453547796,-1.7262692467473058,0.9578505073481364,0.9578505073481364,-0.0400614261323286,-6.539498104240929,0.9999999999691372,0.966722129783694,0.944508052003638,-1.706097314081052,0.00145,0.0110577875840871,0.0110577875840871,0.0024562586701519,-0.0016466551341877,-0.0026529138043396,-0.0026529138043396,True,False,1293.0,4761.0,False,False,False,is,False,0.0001265496564858,7,93487,600,0.03276085046645,-0.02201652091314,-0.00528154114634316,-0.008378342659022155,-0.06335771146672,-0.05437591900413,-0.008293201551496985
N12_ICHI_AO,15m,16,fingrad_exact,False,False,9819,4960,4859,0.004895772343705135,4.895772343705135e-05,0.0002063442331569,-0.0001117002490286,-0.000238555436204,7.692986634293297e-05,0.0014528512632061,-4.495241576619417e-05,-0.0001778275203061,-0.0009050480100392,0.0003473252011735,1472,1405,1269,1471,1385,1426,1391,3,7,1.4263610822253318e-05,0.0002516613604664,0.1378603077981046,0.4451754102969045,0.4451754102969045,-0.0803963874995802,-6.543254772279599,0.999999999969903,0.4143094841930116,0.4121876839120432,0.2689566593005159,0.00145,0.0110577875840871,0.0110577875840871,0.0024562586701519,-0.0014010422765629,-0.0024073009467148,-0.0024073009467148,True,False,1293.0,4761.0,False,False,False,is,False,0.0002419875436545,7,93487,600,-0.0238555436204,0.007692986634293297,0.14528512632061,-0.004495241576619417,-0.01778275203061,-0.09050480100392,0.03473252011735
N14_ICHI_RSI,15m,16,fingrad_exact,False,False,2,2,0,-0.91285102215102,-0.0091285102215102,-0.0091285102215102,,,0.0010550147158705,,,,,-0.0193120351588911,0,1,0,0,0,0,1,0,0,-0.0001115089352569,0.0108451865706885,-0.831428876532538,0.7971343041133516,0.7971343041133516,-0.2798253424581686,-0.4183191909363153,0.6621431198779901,0.848585690515807,0.841838317907014,,0.00145,0.0110577875840871,0.0110577875840871,0.0024562586701519,-0.0105785102215102,-0.0115847688916622,-0.0115847688916622,False,False,1293.0,4761.0,True,False,False,is,False,0.0119725293050406,7,93487,600,,0.10550147158705,,,,,-1.93120351588911
N17_KC_RSI,15m,16,fingrad_exact,False,False,81701,40411,41290,0.03913854646394,0.0003913854646394,0.0008678827834586,-7.496796599269331e-05,-0.0005720669769471,0.0002318149307886,0.0013375340073553,0.0003436954952266,0.0011329642780061,0.0001843842548661,0.0002611859816049,12176,13067,11295,10445,10384,11781,12553,6,7,3.1866144615195e-08,0.0002856104383134,1.3702356286617896,0.0853066799078617,0.0853066799078617,0.1097360578725762,7.56612774724092,1.922569659945983e-14,0.0831946755407653,0.0796747097533572,5.256458280397496,0.00145,0.0110577875840871,0.0110577875840871,0.0024562586701519,-0.0010586145353605,-0.0020648732055124,-0.0020648732055124,True,True,1293.0,4761.0,False,False,True,is,False,0.0002807629649077,7,93487,600,-0.05720669769471,0.02318149307886,0.13375340073553,0.03436954952266,0.11329642780061001,0.01843842548661,0.02611859816049
N18_VWMA_MACD,15m,16,fingrad_exact,False,False,66506,33648,32858,0.00909503670148688,9.09503670148688e-05,0.0002212975535567,-4.253073751863856e-05,0.0001556602534217,7.953894908741094e-05,0.0005365685681397,0.0002265011310336,-7.682090462195903e-05,-8.553027918793032e-05,-0.0001427174378796,9548,9556,8555,9654,9706,9656,9831,4,7,2.8754492874780245e-06,0.0001726461928635,0.5101468863376717,0.3049742797337219,0.3049742797337219,-0.0873803998766057,-9.884616931313206,1.0,0.2978369384359401,0.2915520838906426,1.199859061475168,0.00145,0.0110577875840871,0.0110577875840871,0.0024562586701519,-0.0013590496329851,-0.002365308303137,-0.002365308303137,True,True,1293.0,4761.0,False,False,False,is,False,0.0001708026012522,7,93487,600,0.01556602534217,0.007953894908741094,0.05365685681397,0.02265011310336,-0.007682090462195903,-0.008553027918793032,-0.014271743787960001
N21_ST_RSI_ADX,15m,16,fingrad_exact,False,False,0,0,0,,,,,,,,,,,,0,0,0,0,0,0,0,0,0,,,,,,,,,,,,0.00145,0.0110577875840871,0.0110577875840871,0.0024562586701519,,,,False,False,1293.0,4761.0,True,False,False,is,False,,7,93487,600,,,,,,,
N22_VORTEX_PSAR,15m,16,fingrad_exact,False,False,51620,25998,25622,0.004817412529214919,4.81741252921492e-05,0.0001060323741564,-1.053318693848336e-05,0.0001023391335444,0.0001125337913189,0.0002480913164539,2.822532505129842e-05,6.432815051961892e-05,-0.0002061456525989,1.2508324408305814e-05,7634,7477,6639,7479,7370,7574,7447,6,7,3.2787737183123434e-06,0.0001032285941742,0.4349119731112049,0.3318131617462596,0.3318131617462596,-0.02465817697193,-4.548089564584542,0.9999972932451288,0.3111480865224625,0.320849606762613,0.6007985635573604,0.00145,0.0110577875840871,0.0110577875840871,0.0024562586701519,-0.0014018258747078,-0.0024080845448597,-0.0024080845448597,True,True,1293.0,4761.0,False,False,False,is,False,0.0001033260962931,7,93487,600,0.010233913354439999,0.01125337913189,0.02480913164539,0.002822532505129842,0.006432815051961892,-0.02061456525989,0.0012508324408305814
N23_HA_ST,15m,16,fingrad_exact,False,False,73800,36223,37577,-0.029011122395969997,-0.0002901112239597,-7.693162263195252e-05,-0.0004956093930231,5.893352188171676e-06,-3.299252323167196e-05,-0.0003037459344194,-0.0005338210052828,-0.0007585567071007,-0.0004132273647691,2.4267694924666127e-05,9544,9937,10234,11107,10496,10708,11774,2,7,-5.328280022909903e-06,0.0001432195543402,-1.9884361828152983,0.976618264788494,0.976618264788494,-0.0914743147322323,-13.366899900615982,1.0,0.9800332778702164,0.9802685784602216,-4.144706037066201,0.00145,0.0110577875840871,0.0110577875840871,0.0024562586701519,-0.0017401112239597,-0.0027463698941116,-0.0027463698941116,True,False,1293.0,4761.0,False,False,False,is,False,0.0001408341635293,7,93487,600,0.0005893352188171676,-0.0032992523231671956,-0.03037459344194,-0.05338210052828,-0.07585567071007,-0.04132273647691,0.0024267694924666127
N24_DMI,15m,16,fingrad_exact,False,False,28940,4924,24016,-0.01369765408394,-0.0001369765408394,-0.0004857500342927,-6.546751844755766e-05,-0.0003406079528891,-0.0003044932740323,0.0006651572354623,-0.0002460660932758,-0.000158045545673,-0.0004631407572875,-3.0607590410691725e-05,4120,3967,3750,4289,4052,4354,4408,1,7,-7.43432899603586e-05,0.0001395200738484,-0.4489192784339752,0.6732550557659583,0.6732550557659583,-0.0302212887475268,-3.1057072081311183,0.999050877139846,0.6772046589018302,0.672130972125622,-1.3062074550813376,0.00145,0.0110577875840871,0.0110577875840871,0.0024562586701519,-0.0015869765408394,-0.0025932352109913,-0.0025932352109913,True,False,1293.0,4761.0,False,False,False,is,False,0.000141337596022,7,93487,600,-0.034060795288910005,-0.030449327403230003,0.06651572354623,-0.02460660932758,-0.0158045545673,-0.04631407572875,-0.0030607590410691725
N25_DST_CCI,15m,16,fingrad_exact,False,False,31745,14790,16955,0.02055475271206,0.0002055475271206,0.0002476682608078,0.0001688052297905,0.0003139965606376,0.0001837669544417,-4.755742470107395e-05,9.159822972449962e-05,0.0002262176013562,0.0002321414138133,0.0004184911011173,4643,4460,4040,4815,4681,4674,4432,6,7,-5.280982548650099e-06,0.0001738987882622,1.2123633049783242,0.112686670494349,0.112686670494349,0.0273783801526876,3.076256621474036,0.0010480867548427,0.1098169717138103,0.1157562463217591,2.2650745126219323,0.00145,0.0110577875840871,0.0110577875840871,0.0024562586701519,-0.0012444524728793,-0.0022507111430312,-0.0022507111430312,True,True,1293.0,4761.0,False,False,False,is,False,0.0001804202885856,7,93487,600,0.03139965606376,0.018376695444169998,-0.004755742470107395,0.009159822972449962,0.02262176013562,0.02321414138133,0.041849110111729995
S1_EMA_RSI_CHOP,15m,16,fingrad_approx,True,False,111,37,74,-0.54284024602913,-0.0054284024602913,-0.0130864572026814,-0.0015993750890963,-0.0052770004236623,-0.0092571693328046,0.0017307000895446,-0.0072445629881661,-0.0042297362622615,-0.0095430646908504,-0.0024741329265967,40,21,8,8,7,8,19,0,3,4.16625032156637e-06,0.001769591430114,-3.0699564985250127,0.9989295502432024,0.9989295502432024,-0.2189956982427139,-2.0833861221444536,0.9813919788890396,1.0,0.9987908619121504,-2.195410387029128,0.00145,0.0110577875840871,0.0110577875840871,0.0024562586701519,-0.0068784024602913,-0.0078846611304432,-0.0078846611304432,True,False,1293.0,4761.0,True,False,False,is,False,0.001704544269298,7,93487,600,-0.52770004236623,-0.9257169332804601,0.17307000895446,-0.72445629881661,-0.42297362622615003,-0.95430646908504,-0.24741329265967
S3_CMO_SANDWICH,15m,16,fingrad_approx,True,False,5277,2441,2836,0.04604875946233,0.0004604875946233,0.0005521076431934,0.0003816284484457,-0.0002073768949165,0.0010086886740334,0.0018233878961039,0.0005947050534084,-0.0004650424208838,0.0006577755684381,7.83120394550252e-05,855,797,623,743,737,775,747,5,7,-3.846777898902701e-05,0.0002685476293733,1.8579772041804872,0.0315861257802321,0.0315861257802321,0.0269246673598777,2.19239660356849,0.0141754408346215,0.0282861896838602,0.0359424321866138,2.01820937880686,0.00145,0.0110577875840871,0.0110577875840871,0.0024562586701519,-0.0009895124053766,-0.0019957710755285,-0.0019957710755285,True,True,1293.0,4761.0,False,False,False,is,False,0.0002622775778262,7,93487,600,-0.020737689491650002,0.10086886740334,0.18233878961039,0.05947050534084,-0.04650424208838,0.06577755684381,0.00783120394550252
S4_BB_BBP,15m,16,fingrad_approx,True,False,22389,11046,11343,-0.06269077034768,-0.0006269077034768,-0.000432133909713,-0.0008165816280042,-0.0007643887580098,-4.073413562215947e-05,-0.0003318052043768,-0.0008782952145294,-0.0007591382041237,-0.0010136864004312,-0.0005790973478676,3208,3238,2993,3299,3093,3257,3301,0,7,-6.535022913787813e-07,0.0001844326748487,-3.39557077778723,0.9996575716775222,0.9996575716775222,-0.1216511584165912,-12.772635821218316,1.0,1.0,0.999240276068696,-5.057645833090479,0.00145,0.0110577875840871,0.0110577875840871,0.0024562586701519,-0.0020769077034768,-0.0030831663736287,-0.0030831663736287,True,False,1293.0,4761.0,False,False,False,is,False,0.000188902522768,7,93487,600,-0.07643887580098,-0.004073413562215947,-0.03318052043768,-0.08782952145294,-0.07591382041236999,-0.10136864004312002,-0.057909734786759995
N04_ST_KLINGER,15m,16,fingrad_approx,True,False,59076,27716,31360,-0.01965206729703,-0.0001965206729703,1.018110696491529e-05,-0.0003792039169973,-0.0001178364505566,-0.000273368833998,-0.0002724491641352,-0.0002548662228757,-0.0003025767894677,-0.0001345410515402,-2.6270072500490763e-05,8722,8855,7866,8123,8377,8895,8238,0,7,-8.3784022628802e-06,0.0001390742573006,-1.3528188060045214,0.9119432383538516,0.9119432383538516,-0.0463562179612069,-6.693515818199853,0.9999999999891064,0.9168053244592346,0.914247498796212,-2.596190609964783,0.00145,0.0110577875840871,0.0110577875840871,0.0024562586701519,-0.0016465206729703,-0.0026527793431222,-0.0026527793431222,True,False,1293.0,4761.0,False,False,False,is,False,0.0001397970373524,7,93487,600,-0.01178364505566,-0.0273368833998,-0.027244916413520004,-0.025486622287570003,-0.030257678946770002,-0.013454105154019999,-0.0026270072500490763
N05_PSAR_POC,15m,16,fingrad_approx,True,False,5514,2797,2717,-0.01604041995766,-0.0001604041995766,-5.674691024156064e-05,-0.0002671135990136,-0.0007451748029488,0.0004977565172593,0.0003511533164898,0.000759544329844,-0.0003199871329569,-0.0009258227128949,-0.0008072590354677,897,870,680,838,751,767,711,3,7,1.4935213994257947e-05,0.0002626048458495,-0.6676929856479262,0.7478352058112608,0.7478352058112608,-0.0341733336656198,-2.7243813129065906,0.9967788959805788,0.7637271214642263,0.7337221122465357,-0.6929706360317308,0.00145,0.0110577875840871,0.0110577875840871,0.0024562586701519,-0.0016104041995766,-0.0026166628697285,-0.0026166628697285,True,False,1293.0,4761.0,False,False,False,is,False,0.0002625589213444,7,93487,600,-0.07451748029488,0.04977565172593,0.03511533164898,0.0759544329844,-0.03199871329569,-0.09258227128949,-0.08072590354677
N06_MACD_ORB,15m,16,fingrad_approx,True,False,4776,2428,2348,0.013338000153959998,0.0001333800015396,0.000430432734686,-0.0001737937787327,0.0002232011557857,0.0006344849531296,0.0018879088752927,7.07398462953783e-05,-0.001042920955464,8.608087378231822e-05,-0.0007270779965165,708,654,625,733,715,680,661,5,7,4.22519455930515e-06,0.0003013117154724,0.4286418361723496,0.3340919473727756,0.3340919473727756,-0.1126752095757233,-7.505766303340343,0.9999999999999696,0.3277870216306156,0.3324059707880798,0.539546757526872,0.00145,0.0110577875840871,0.0110577875840871,0.0024562586701519,-0.0013166199984603,-0.0023228786686122,-0.0023228786686122,True,True,1293.0,4761.0,False,False,False,is,False,0.0003110359368402,7,93487,600,0.02232011557857,0.06344849531296,0.18879088752927,0.00707398462953783,-0.1042920955464,0.008608087378231821,-0.07270779965165
N11_BREAKAWAY,15m,16,fingrad_approx,True,False,273,128,145,-0.1018650684298,-0.001018650684298,0.0002414662859229,-0.0021310298028379,-0.0008714157744269,0.0013592603069556,0.001707808822246,-0.0017739661016868,-0.0076525501482312,-0.0044381385029412,0.001749616150445,33,44,29,38,28,41,60,3,7,-7.73916738658296e-06,0.0012531953409731,-0.8066671522465426,0.7900708631749108,0.7900708631749108,-0.061824623483577,-0.9718197895523084,0.8344298955049143,0.7886855241264559,0.8052217644855812,-0.8719024576069744,0.00145,0.0110577875840871,0.0110577875840871,0.0024562586701519,-0.002468650684298,-0.0034749093544499,-0.0034749093544499,True,False,1293.0,4761.0,True,False,False,is,False,0.0011972214211891,7,93487,600,-0.08714157744269001,0.13592603069556,0.1707808822246,-0.17739661016868,-0.76525501482312,-0.44381385029412,0.1749616150445
N13_3OUTSIDE,15m,16,fingrad_approx,True,False,5110,2733,2377,0.02363375197759,0.0002363375197759,0.0006961493630492,-0.00029233970684,0.0001672223720555,0.000956905078636,0.0005171190166783,-0.0003458909903481,-3.936158785002697e-05,0.0003912486052615,0.0001165167622421,566,604,772,778,692,853,845,5,7,1.8376651678200652e-05,0.0002622984770993,0.830965053659809,0.2029966857585086,0.2029966857585086,-0.0235845327919453,-1.879554513257929,0.9699155912687542,0.2046589018302828,0.1958696698946016,0.8922454933628152,0.00145,0.0110577875840871,0.0110577875840871,0.0024562586701519,-0.001213662480224,-0.002219921150376,-0.002219921150376,True,True,1293.0,4761.0,False,False,False,is,False,0.0002701931082314,7,93487,600,0.01672223720555,0.0956905078636,0.051711901667830004,-0.03458909903481,-0.003936158785002697,0.03912486052615,0.01165167622421
N15_KC_AO,15m,16,fingrad_approx,True,False,72,38,34,-0.32017339074404,-0.0032017339074404,-0.0019947767781712,-0.0045506859930943,-0.0030156858131924,-0.003876835268267,0.0024713114782576,-0.0038735499560367,-0.0189860913620015,0.0125984924982741,0.0013031675422086,14,15,7,11,9,4,12,1,4,8.278507212265866e-05,0.0021487628034289,-1.5285628429167808,0.9368135733333598,0.9368135733333598,-0.2166226173553792,-2.033943434277073,0.979021350491438,0.951747088186356,0.9368680113423572,-0.9692207572395668,0.00145,0.0110577875840871,0.0110577875840871,0.0024562586701519,-0.0046517339074404,-0.0056579925775924,-0.0056579925775924,False,False,1293.0,4761.0,True,False,False,is,False,0.0021363235457899,7,93487,600,-0.30156858131923997,-0.3876835268267,0.24713114782576,-0.38735499560367,-1.8986091362001498,1.25984924982741,0.13031675422086
N16_BBRSI,15m,16,fingrad_approx,True,False,8051,4012,4039,0.008591643207896467,8.591643207896467e-05,0.0003316705429984,-0.0001581948561133,-0.0003521618115702,0.0004620207678546,0.0002431882350354,0.0003385758672544,-0.000638809605103,-4.395283555689145e-05,0.0005728588847239,1237,1191,975,1176,1097,1164,1211,4,7,-7.433139014806277e-06,0.0002230850975976,0.4184482607715106,0.3378097037765634,0.3378097037765634,-0.0041670097623538,-0.3020273303632211,0.6186843856761499,0.3410981697171381,0.3566636349044995,0.3897273301461972,0.00145,0.0110577875840871,0.0110577875840871,0.0024562586701519,-0.001364083567921,-0.0023703422380729,-0.0023703422380729,True,True,1293.0,4761.0,False,False,False,is,False,0.0002329766291151,7,93487,600,-0.03521618115702,0.04620207678546,0.02431882350354,0.03385758672544,-0.0638809605103,-0.004395283555689146,0.05728588847239
N19_FIB_CHOP,15m,16,fingrad_approx,True,False,5850,2283,3567,-0.04789199481684,-0.0004789199481684,-0.0001809315719233,-0.0006696425338055,-0.0001121545875346,-0.0011145290497099,0.0027065090035671,-0.0018815649366752,-0.000873898163624,0.0001488228762358,-0.0011015558120462,755,781,661,1033,912,789,919,2,7,-2.81582705502354e-05,0.0004160212465528,-1.0835063866405272,0.8607081412007089,0.8607081412007089,-0.1402083039240884,-6.777883843666403,0.9999999999939024,0.8668885191347754,0.8814295650312984,-1.7081973102105277,0.00145,0.0110577875840871,0.0110577875840871,0.0024562586701519,-0.0019289199481684,-0.0029351786183203,-0.0029351786183203,True,False,1293.0,4761.0,False,False,False,is,False,0.0003854145014167,7,93487,600,-0.01121545875346,-0.11145290497099,0.27065090035670997,-0.18815649366752,-0.0873898163624,0.01488228762358,-0.11015558120461999
N20_EMA9_CHOP,15m,16,fingrad_approx,True,False,31261,0,31261,0.001941038089340616,1.941038089340616e-05,,1.941038089340617e-05,-0.0001117793808853,-0.0001587703722313,0.0003739890018476,-0.0002529441238872,-1.8944622719180275e-05,-2.0255223130665327e-05,0.0003563493534557,4516,4155,3941,4771,4445,4708,4725,2,7,-0.0001147906542052,0.0001456575918624,0.9213459688761912,0.1784349141445074,0.1784349141445074,-0.0088583587798535,0.3793340751744948,0.3522198994147222,0.1863560732113144,0.199914397303515,0.1980767224184748,0.00145,0.0110577875840871,0.0110577875840871,0.0024562586701519,-0.0014305896191065,-0.0024368482892585,-0.0024368482892585,True,False,1293.0,4761.0,False,False,False,is,False,0.0001585131294235,7,93487,600,-0.01117793808853,-0.01587703722313,0.03739890018476,-0.02529441238872,-0.0018944622719180276,-0.002025522313066533,0.035634935345569996
V39_ALL,15m,16,pine,False,False,24104,10728,13376,0.01456965942001,0.0001456965942001,0.0003342369805936,-5.5191104371925415e-06,0.0004138910993258,0.0003139768916649,0.0001035442812367,-0.0002430442867848,0.0002123782293926,9.403774681026906e-06,0.0001759652854314,3665,3656,3069,3380,3487,3570,3277,6,7,-1.1096747432360568e-05,0.0001966084059201,0.7974905289464352,0.2125831006005704,0.2125831006005704,-0.0307726785194738,-2.944813924909276,0.9983842552951426,0.2296173044925124,0.2062168958322187,1.309327301587698,0.00145,0.0110577875840871,0.0110577875840871,0.0024562586701519,-0.0013043034057998,-0.0023105620759517,-0.0023105620759517,True,True,1293.0,4761.0,False,False,False,is,False,0.0002026609961959,7,93487,600,0.04138910993258,0.03139768916649,0.01035442812367,-0.02430442867848,0.02123782293926,0.0009403774681026906,0.01759652854314
OBV_S,15m,16,pine,False,False,8705,4172,4533,-0.01603833146068,-0.0001603833146068,0.0001441228254151,-0.0004406391311018,-0.0003248850285238,0.0002088971911194,-0.0002615104624782,0.0003401518386662,-0.0004790435463058,-0.000596549580624,-4.868680168175385e-05,1367,1292,1044,1306,1229,1249,1218,2,7,-2.8877270637397985e-06,0.0002441330228539,-0.6451220146377031,0.7405759407329777,0.7405759407329777,-0.0517270120642425,-4.080741984666193,0.9999775539171284,0.7603993344425957,0.7317960515756247,-0.7758071049512969,0.00145,0.0110577875840871,0.0110577875840871,0.0024562586701519,-0.0016103833146068,-0.0026166419847587,-0.0026166419847587,True,False,1293.0,4761.0,False,False,False,is,False,0.0002511115964553,7,93487,600,-0.032488502852379995,0.02088971911194,-0.02615104624782,0.034015183866619995,-0.04790435463058,-0.059654958062399996,-0.004868680168175385
OBV_B,15m,16,pine,False,False,23601,11756,11845,0.0110601621017,0.000110601621017,0.0002870499044016,-6.452087957139553e-05,-2.823537122813862e-05,-0.0003013270943643,0.000376233166223,0.0006607031568865,8.475026585604309e-05,-0.0002281492132443,0.0002816333776311,3559,3534,3174,3236,3324,3425,3349,4,7,1.06262792619145e-05,0.0001557473683911,0.6419071011461316,0.2604667516221109,0.2604667516221109,0.0005187296199005,0.0713838187661596,0.4715461437539917,0.2612312811980033,0.2368091594885238,0.928730058179518,0.00145,0.0110577875840871,0.0110577875840871,0.0024562586701519,-0.0013393983789829,-0.0023456570491349,-0.0023456570491349,True,True,1293.0,4761.0,False,False,False,is,False,0.0001573206949994,7,93487,600,-0.002823537122813862,-0.03013270943643,0.0376233166223,0.06607031568865,0.008475026585604308,-0.022814921324430002,0.02816333776311
V45_AMB,15m,16,v45,False,True,8428,3889,4539,0.0027170693850067065,2.7170693850067065e-05,-7.254567571974416e-05,0.0001126073453717,0.0006362909455161,-0.0003406548413893,-0.0004394104313985,0.0001704686807529,-0.0006750963629062,-0.0001338997712828,0.0009934213183124,1183,1167,1201,1232,1196,1272,1177,3,7,-1.443862693045581e-05,0.0003373017542173,0.123359337033594,0.4509112777108407,0.4509112777108407,0.0460782376208241,2.802191137475893,0.0025378395968427,0.4608985024958402,0.4475629982344444,0.1531011585403712,0.00145,0.0110577875840871,0.0110577875840871,0.0024562586701519,-0.0014228293061499,-0.0024290879763018,-0.0024290879763018,True,False,1293.0,4761.0,False,False,False,is,True,0.0003373794263553,7,93487,600,0.06362909455160999,-0.03406548413893,-0.04394104313985,0.01704686807529,-0.06750963629062,-0.01338997712828,0.09934213183124001
DOGE_L,15m,16,doge,False,True,4643,4643,0,-0.0573740871728,-0.000573740871728,-0.000573740871728,,-2.928095126157392e-05,-0.0003752146082083,-0.0004767928638917,-0.0007605445739839,-0.0001182006173518,-0.0009504556816615,-0.0010790362192267,590,616,673,683,608,670,803,0,7,0.0001199384433743,0.0003845430560062,-1.8039054515940451,0.9643769348918136,0.9643769348918136,-0.1139785459487571,-6.692658802116911,0.9999999999890424,0.9600665557404326,0.9674067733133592,-2.036715046113901,0.00145,0.0110577875840871,0.0110577875840871,0.0024562586701519,-0.002023740871728,-0.0030299995418799,-0.0030299995418799,True,False,1293.0,4761.0,False,False,False,is,True,0.000375061802055,7,93487,600,-0.002928095126157392,-0.03752146082083,-0.04767928638917,-0.07605445739839,-0.01182006173518,-0.09504556816615001,-0.10790362192267
DOGE_S,15m,16,doge,False,True,4748,0,4748,0.02253262811728,0.0002253262811728,,0.0002253262811728,0.0001332802951684,0.0013629062667845,0.0005240085216196,0.0005298409880455,0.0008865386127835,-0.0005500453884002,-0.0009646928211398,552,605,703,743,643,696,806,5,7,-0.0001359890566537,0.0003780819918247,0.9556533916962052,0.1696236886443501,0.1696236886443501,-0.10720316041058,-4.8342033361983,0.9999993316005288,0.1813643926788685,0.1827082553100422,0.7572976879398868,0.00145,0.0110577875840871,0.0110577875840871,0.0024562586701519,-0.0012246737188271,-0.0022309323889791,-0.0022309323889791,True,True,1293.0,4761.0,False,False,False,is,True,0.0003917093363638,7,93487,600,0.01332802951684,0.13629062667845,0.05240085216196,0.052984098804549996,0.08865386127835,-0.055004538840020004,-0.09646928211398
S2_ST_ROC,15m,64,fingrad_exact,False,False,61593,28980,32613,0.006292343051825066,6.292343051825065e-05,0.00051258902914,-0.000336650636512,0.0002396876604085,0.0005357438695984,0.0008145368805157,-0.001096675814434,-0.0011370172770221,0.0002146930333138,0.0009479029047098,8990,8901,7965,9052,8797,8950,8938,5,7,-5.14628529948635e-06,0.0004479662627997,0.15195277294389,0.4396120923646576,0.4396120923646576,-0.0444631919075038,-3.987149517916298,0.9999665640572076,0.43261231281198,0.4086763618437269,0.4474580350061095,0.0016,0.0227790375835141,0.0227790375835141,0.0036728924200997,-0.0015370765694817,-0.0036099689895815,-0.0036099689895815,True,True,2069.0,8042.0,False,False,False,is,False,0.0004485673139048,7,93439,600,0.02396876604085,0.05357438695984,0.08145368805157,-0.1096675814434,-0.11370172770221,0.02146930333138,0.09479029047097999
S5_DONCHIAN_MFI,15m,64,fingrad_exact,False,False,1722,864,858,-0.11811068259061999,-0.0011811068259062,-0.0012743525149744,-0.0010872090690823,-0.0016692591284694,0.002241100532699,0.0005980199624267,-0.0008716275021301,0.0005471938987207,-0.0023531491603795,-0.0039699773320603,190,160,167,409,215,229,352,3,7,9.938313828250385e-06,0.0009413371688489,-1.2652694264594295,0.8971126187993969,0.8971126187993969,-0.0814414402812279,-3.500907439668421,0.9997681615715184,0.9018302828618968,0.8933673414709948,-1.2642235405688502,0.0016,0.0227790375835141,0.0227790375835141,0.0036728924200997,-0.0027811068259062,-0.004853999246006,-0.004853999246006,True,False,2069.0,8042.0,True,False,False,is,False,0.0009414051162223,7,93439,600,-0.16692591284694,0.22411005326990002,0.05980199624266999,-0.08716275021301,0.05471938987207001,-0.23531491603795002,-0.39699773320603
S6_EMA_DMI_ADX,15m,64,fingrad_exact,False,False,5402,2574,2828,0.03937463849041,0.0003937463849041,0.0007426694266358,7.616225851897124e-05,0.0008357137460373,-2.992166429514673e-06,0.0006425657717101,-0.0001140650020413,-0.0004743196483194,0.0019131049407298,-0.000151212963718,839,832,769,687,689,765,821,3,7,-3.022797106024692e-05,0.0004306538431727,0.984489892951778,0.1624373492533676,0.1624373492533676,0.0009759901922841,0.1169596365706922,0.453446019618772,0.151414309484193,0.1730235449196772,0.7634099632037648,0.0016,0.0227790375835141,0.0227790375835141,0.0036728924200997,-0.0012062536150958,-0.0032791460351955,-0.0032791460351955,True,False,2069.0,8042.0,False,False,False,is,False,0.0004323983148682,7,93439,600,0.08357137460373,-0.0002992166429514673,0.06425657717101001,-0.011406500204130001,-0.04743196483194,0.19131049407297998,-0.0151212963718
N01_ST_EMA,15m,64,fingrad_exact,False,False,22050,10199,11851,-0.01628885204084,-0.0001628885204084,3.7797576526519366e-05,-0.0003355994732934,-2.3658987847867308e-05,0.0001477728104544,-3.5792209943333204e-05,-0.0011462407379653,-0.0013374206871124,0.0004424442743498,0.0008115571527449,3322,3189,2743,3261,3118,3213,3204,3,7,-1.284325469679766e-05,0.0005126576511532,-0.292681217912429,0.6151170862615224,0.6151170862615224,-0.0543712298383988,-4.227878626310685,0.9999882047508608,0.6056572379367721,0.5845613057410166,-0.6838078085001819,0.0016,0.0227790375835141,0.0227790375835141,0.0036728924200997,-0.0017628885204084,-0.0038357809405082,-0.0038357809405082,True,False,2069.0,8042.0,False,False,False,is,False,0.0005258718986718,7,93439,600,-0.002365898784786731,0.014777281045439999,-0.0035792209943333203,-0.11462407379653,-0.13374206871124,0.04424442743498,0.08115571527449
N02_ST_KST,15m,64,fingrad_exact,False,False,18677,8624,10053,-0.009919031088718956,-9.919031088718956e-05,0.0002681161062598,-0.0004142853612677,0.0006477562811749,-1.1080843877816296e-05,-1.6632299228981345e-05,-0.0013618146838036,-0.0005228996850542,-7.479556455060187e-05,0.0006260734006372,2741,2681,2421,2695,2674,2727,2738,2,7,-1.3077524884126048e-05,0.0005079886652307,-0.1695171406313586,0.5673050544042394,0.5673050544042394,-0.0543944344445317,-4.3134225739044005,0.9999919626774304,0.5840266222961731,0.5349101392118828,-0.378896791313728,0.0016,0.0227790375835141,0.0227790375835141,0.0036728924200997,-0.0016991903108871,-0.0037720827309869,-0.0037720827309869,True,False,2069.0,8042.0,False,False,False,is,False,0.0004963621026844,7,93439,600,0.06477562811748999,-0.0011080843877816296,-0.0016632299228981344,-0.13618146838036,-0.05228996850542,-0.007479556455060187,0.06260734006372
N03_ADX_GC,15m,64,fingrad_exact,False,False,725,342,383,0.14802184611664998,0.0014802184611665,0.0033616908808668,-0.0001998430728738,0.0038395346715442,0.0016391040317489,0.0037045376852252,-0.0023800694251398,0.0010663925575342,-0.0003125152922217,0.0033655552930359,113,79,86,111,113,113,110,5,7,-5.0556248225537776e-05,0.0014294424717606,1.070889342966486,0.1421095941152906,0.1421095941152906,-0.0133882207037125,-0.3309929472148451,0.6296750935543534,0.1480865224625624,0.1399727792007373,1.1939333336600093,0.0016,0.0227790375835141,0.0227790375835141,0.0036728924200997,-0.0001197815388334,-0.0021926739589331,-0.0021926739589331,True,True,2069.0,8042.0,True,False,False,is,False,0.0013854804616571,7,93439,600,0.38395346715441997,0.16391040317489,0.37045376852252,-0.23800694251398,0.10663925575342,-0.03125152922217,0.33655552930359
N07_ICHI_CMO,15m,64,fingrad_exact,False,False,8946,4653,4293,-0.026847022975200002,-0.000268470229752,-0.0003495901252299,-0.0001805478273157,0.0003496995206511,0.0008511727307958,-0.0006681867730628,-0.0001617888725874,-0.0008686582281224,-0.0011618462719677,-0.0003462802655601,1376,1306,1130,1335,1265,1284,1250,2,7,-4.9749209110147135e-06,0.0004853654536958,-0.5428802293913009,0.7063938654166053,0.7063938654166053,-0.0342238689204781,-2.638558530125425,0.995837033677806,0.6938435940099834,0.7177824693766008,-0.7327044190332078,0.0016,0.0227790375835141,0.0227790375835141,0.0036728924200997,-0.001868470229752,-0.0039413626498518,-0.0039413626498518,True,False,2069.0,8042.0,False,False,False,is,False,0.0004940843857454,7,93439,600,0.03496995206511,0.08511727307958,-0.06681867730628,-0.016178887258739998,-0.08686582281224,-0.11618462719676999,-0.034628026556009994
N08_ICHI_WR,15m,64,fingrad_exact,False,False,1293,645,648,-0.0037054674575325804,-3.70546745753258e-05,-0.0006555579329429,0.0005785851427813,-0.0009095285782502,0.0056746549747995,0.0017831230199779,-0.0027248939594926,0.0005309650775193,-0.0005808335960598,-0.0024635934475891,201,162,147,198,190,194,201,3,7,-2.9471749548306777e-05,0.0010446974706048,-0.0072584889313729,0.5028956926996139,0.5028956926996139,-0.0355401709246568,-1.3095860482335375,0.9048320446181308,0.5108153078202995,0.504710055620452,-0.0446931217239028,0.0016,0.0227790375835141,0.0227790375835141,0.0036728924200997,-0.0016370546745753,-0.0037099470946751,-0.0037099470946751,True,False,2069.0,8042.0,True,False,False,is,False,0.001087299460352,7,93439,600,-0.09095285782502001,0.56746549747995,0.17831230199779,-0.27248939594925997,0.05309650775193,-0.05808335960598,-0.24635934475891
N09_ALLIG_AROON,15m,64,fingrad_exact,False,False,10058,5018,5040,-0.029983514322060003,-0.0002998351432206,-0.0006368836911202,3.5742161017497646e-05,-0.0003717517290645,2.78185065239614e-05,0.000152265212507,-0.0004982300653928,0.000527494395943,-0.0014875391903925,-0.0003788596161538,1540,1464,1243,1416,1463,1469,1463,3,7,1.1007547848815196e-05,0.0003479534834787,-0.893345535620838,0.8141639201200375,0.8141639201200375,-0.0381565585060858,-4.291216899493636,0.9999911151679356,0.8103161397670549,0.8145770595106686,-0.8582622937189984,0.0016,0.0227790375835141,0.0227790375835141,0.0036728924200997,-0.0018998351432206,-0.0039727275633204,-0.0039727275633204,True,False,2069.0,8042.0,False,False,False,is,False,0.0003359785472796,7,93439,600,-0.03717517290645,0.00278185065239614,0.015226521250699999,-0.04982300653928,0.05274943959429999,-0.14875391903925,-0.03788596161538
N10_HA_PSAR,15m,64,fingrad_exact,False,False,26086,13540,12546,-0.05030071247911,-0.0005030071247911,-3.028646547722617e-05,-0.0010131807041877,-3.588611159182962e-05,-0.0006057906031141,-0.0006945808566197,3.804074727855187e-05,-0.000717262437847,-0.0010375999206624,-0.0004404228471681,2947,3220,3608,4127,3720,3885,4579,1,7,2.0751904040739047e-05,0.0002415220555673,-2.168576396062253,0.984942570599357,0.984942570599357,-0.0222384862007143,-3.912217111176139,0.999954273681954,0.9866888519134775,0.9862181307670048,-2.2640343752340337,0.0016,0.0227790375835141,0.0227790375835141,0.0036728924200997,-0.0021030071247911,-0.0041758995448909,-0.0041758995448909,True,False,2069.0,8042.0,False,False,False,is,False,0.000233856516571,7,93439,600,-0.0035886111591829617,-0.060579060311410006,-0.06945808566197,0.0038040747278551873,-0.0717262437847,-0.10375999206624,-0.04404228471681
N12_ICHI_AO,15m,64,fingrad_exact,False,False,9814,4957,4857,-0.07186089410266,-0.0007186089410266,-0.0008065097882786,-0.0006288983172201,-0.0008069807878717,-0.0001745603784164,-0.0002034291086826,-0.0003118647791849,-0.0018683633360391,-0.0006470285941761,-0.0010040854017998,1471,1405,1269,1470,1384,1425,1390,0,7,4.475303522892933e-06,0.0004580397483156,-1.5786495543422117,0.9427917692116068,0.9427917692116068,-0.0640398864162221,-5.159458585754172,0.9999998761675006,0.9367720465890182,0.9394497969156904,-2.0664412109743795,0.0016,0.0227790375835141,0.0227790375835141,0.0036728924200997,-0.0023186089410266,-0.0043915013611264,-0.0043915013611264,True,False,2069.0,8042.0,False,False,False,is,False,0.0004641180235813,7,93439,600,-0.08069807878717,-0.01745603784164,-0.02034291086826,-0.03118647791849,-0.18683633360391,-0.06470285941761,-0.10040854017998001
N14_ICHI_RSI,15m,64,fingrad_exact,False,False,2,2,0,1.07650765918696,0.0107650765918696,0.0107650765918696,,,0.0168394838125425,,,,,0.0046906693711967,0,1,0,0,0,0,1,0,0,0.0011324354245497,0.0249087650839038,0.386716930159839,0.3494828905217507,0.3494828905217507,0.4018331381680531,0.5709111293590042,0.2840299431920604,0.2845257903494176,0.2709648380148107,,0.0016,0.0227790375835141,0.0227790375835141,0.0036728924200997,0.0091650765918696,0.0070921841717698,0.0070921841717698,False,False,2069.0,8042.0,True,False,False,is,False,0.0237282549898384,7,93439,600,,1.6839483812542502,,,,,0.46906693711966996
N17_KC_RSI,15m,64,fingrad_exact,False,False,81677,40411,41266,-0.06591955226454,-0.0006591955226454,0.0006440720901591,-0.0019354604259809,-0.0016473474867795,-0.0012407322319894,-0.0016461547295658,0.000397996177475,0.0005507331996383,6.490676751507464e-05,-0.0007682071597922,12174,13064,11286,10444,10382,11781,12546,3,7,-4.9651096273541966e-06,0.0006920048999351,-0.94541297768181,0.8277759603775725,0.8277759603775725,0.0554643852374265,3.0879350261660963,0.0010077626633544,0.8336106489184693,0.8419371778246938,-4.875125800828124,0.0016,0.0227790375835141,0.0227790375835141,0.0036728924200997,-0.0022591955226454,-0.0043320879427451,-0.0043320879427451,True,False,2069.0,8042.0,False,False,False,is,False,0.0006904449786851,7,93439,600,-0.16473474867795,-0.12407322319894,-0.16461547295658,0.0397996177475,0.05507331996383,0.006490676751507464,-0.07682071597922
N18_VWMA_MACD,15m,64,fingrad_exact,False,False,66469,33619,32850,0.011080898502119999,0.0001108089850212,0.000353847741004,-0.0001379191713679,0.0010000514131397,-5.553233880994588e-05,0.0008127533953082,3.8031832977756286e-05,-0.000183758335577,-0.0006767887058528,-6.59882024545037e-05,9542,9547,8549,9650,9700,9650,9831,3,7,1.2177557234110189e-05,0.0004780163423963,0.2063348447308114,0.4182646809659034,0.4182646809659034,-0.0502285386957926,-4.033038091856225,0.9999724698248328,0.4126455906821963,0.4008316275680252,0.796403534888814,0.0016,0.0227790375835141,0.0227790375835141,0.0036728924200997,-0.0014891910149787,-0.0035620834350785,-0.0035620834350785,True,False,2069.0,8042.0,False,False,False,is,False,0.0004526731173297,7,93439,600,0.10000514131397001,-0.005553233880994588,0.08127533953082,0.0038031832977756287,-0.018375833557700002,-0.06767887058528001,-0.00659882024545037
N21_ST_RSI_ADX,15m,64,fingrad_exact,False,False,0,0,0,,,,,,,,,,,,0,0,0,0,0,0,0,0,0,,,,,,,,,,,,0.0016,0.0227790375835141,0.0227790375835141,0.0036728924200997,,,,False,False,2069.0,8042.0,True,False,False,is,False,,7,93439,600,,,,,,,
N22_VORTEX_PSAR,15m,64,fingrad_exact,False,False,51592,25982,25610,-0.02342689206888,-0.0002342689206888,4.852287141278293e-05,-0.0005211684264439,5.412482334378306e-05,-0.0001666299125853,-0.0003182295039728,-0.0001982735978208,-0.0004598407135686,-0.0003532161386989,-0.0002147965340028,7628,7471,6638,7475,7365,7571,7444,1,7,5.6138710649943055e-06,0.0001531321283086,-1.5665085727166188,0.9413851983921622,0.9413851983921622,-0.0123150816312434,-3.150465587718378,0.9991849477059868,0.9434276206322796,0.9448189388175028,-1.5153016770400192,0.0016,0.0227790375835141,0.0227790375835141,0.0036728924200997,-0.0018342689206888,-0.0039071613407886,-0.0039071613407886,True,False,2069.0,8042.0,False,False,False,is,False,0.0001498091576209,7,93439,600,0.005412482334378306,-0.01666299125853,-0.03182295039728,-0.01982735978208,-0.045984071356859994,-0.03532161386989,-0.021479653400279998
N23_HA_ST,15m,64,fingrad_exact,False,False,73783,36210,37573,-0.02401071195361,-0.0002401071195361,0.0003527253282032,-0.0008114339481801,0.0002649768988528,0.0002604106886556,9.140668356538415e-06,-0.0016657198795503,-0.0012730558387433,-9.315551793050543e-05,0.0008435711579416,9544,9937,10229,11106,10493,10704,11770,4,7,9.315794409499598e-06,0.0004757141283771,-0.5243126051279463,0.6999694344791971,0.6999694344791971,-0.0636215735137919,-5.490495408897819,0.9999999799596044,0.7121464226289518,0.6821382259326338,-1.8004070161928711,0.0016,0.0227790375835141,0.0227790375835141,0.0036728924200997,-0.0018401071195361,-0.0039129995396359,-0.0039129995396359,True,True,2069.0,8042.0,False,False,False,is,False,0.0004694927904589,7,93439,600,0.02649768988528,0.02604106886556,0.0009140668356538415,-0.16657198795503,-0.12730558387433,-0.009315551793050544,0.08435711579416
N24_DMI,15m,64,fingrad_exact,False,False,28934,4922,24012,-0.012217424700869998,-0.0001221742470087,0.0005136630626409,-0.0002525087146955,-0.0006468494912052,-0.0006206661859793,0.0008830934948571,-0.0001517893741063,6.162182033489936e-05,-0.000939512077751,0.0006285375424896,4119,3967,3750,4288,4051,4352,4407,3,7,-0.0003070800510924,0.0003062750612103,0.6037246498391259,0.2730133614680338,0.2730133614680338,-0.0077282045162522,-0.2201035058900897,0.5871047277719034,0.2545757071547421,0.3040799048343711,-0.5926162068597891,0.0016,0.0227790375835141,0.0227790375835141,0.0036728924200997,-0.0017221742470087,-0.0037950666671085,-0.0037950666671085,True,False,2069.0,8042.0,False,False,False,is,False,0.0003119571581757,7,93439,600,-0.06468494912052,-0.062066618597929994,0.08830934948571,-0.015178937410629999,0.006162182033489936,-0.09395120777509999,0.06285375424896
N25_DST_CCI,15m,64,fingrad_exact,False,False,31719,14776,16943,0.018783912475719998,0.0001878391247572,0.0007106309590489,-0.0002680879332308,-0.0001965554765557,0.0009003264998892,0.0004345874787578,-0.001280608172019,-0.0007915208587824,0.0009206850046602,0.0015057968347045,4639,4457,4038,4811,4678,4667,4429,4,7,-1.756320477903321e-05,0.0004790497429853,0.4287703574503254,0.3340451764601081,0.3340451764601081,-0.0111924818836437,-0.9439794713101208,0.8274099305927234,0.3477537437603993,0.3185369356238814,0.9738204310173214,0.0016,0.0227790375835141,0.0227790375835141,0.0036728924200997,-0.0014121608752427,-0.0034850532953424,-0.0034850532953424,True,True,2069.0,8042.0,False,False,False,is,False,0.0004763945017994,7,93439,600,-0.01965554765557,0.09003264998892001,0.04345874787578,-0.12806081720190002,-0.07915208587824,0.09206850046602,0.15057968347045
S1_EMA_RSI_CHOP,15m,64,fingrad_approx,True,False,111,37,74,-0.99478081842416,-0.0099478081842416,-0.0148444043800041,-0.0074995100863603,-0.0062333127760474,-0.0172470765132174,-0.0081028961620775,-0.0368879877737343,0.0221865892129008,-0.0270619584567731,-0.0037667882095253,40,21,8,8,7,8,19,0,3,-9.086116638201964e-05,0.0033781758072183,-2.91783127355232,0.9982376249026804,0.9982376249026804,-0.2045937766532153,-2.17844032889567,0.9853133649133636,1.0,0.9972136189731114,-2.5872825169518814,0.0016,0.0227790375835141,0.0227790375835141,0.0036728924200997,-0.0115478081842416,-0.0136207006043414,-0.0136207006043414,True,False,2069.0,8042.0,True,False,False,is,False,0.0034085155664368,7,93439,600,-0.62333127760474,-1.7247076513217399,-0.8102896162077501,-3.6887987773734303,2.2186589212900802,-2.70619584567731,-0.37667882095253
S3_CMO_SANDWICH,15m,64,fingrad_approx,True,False,5275,2440,2835,0.01524554236752,0.0001524554236752,-0.0002872144138659,0.0005308661480492,-0.0005806010115916,0.0009778054072636,-0.0001596501104122,-0.0002507329399642,0.0008905197490273,0.0006625802993139,-0.0004861596541675,855,797,622,742,737,775,747,3,7,-3.808463565272791e-05,0.0005166125452761,0.3688258465076375,0.3561287690405149,0.3561287690405149,0.0140777229217862,1.1529001551430915,0.1244756841999621,0.3377703826955074,0.3573533666984599,0.337051027149082,0.0016,0.0227790375835141,0.0227790375835141,0.0036728924200997,-0.0014475445763247,-0.0035204369964245,-0.0035204369964245,True,False,2069.0,8042.0,False,False,False,is,False,0.0005146555095548,7,93439,600,-0.05806010115916,0.09778054072636,-0.01596501104122,-0.02507329399642,0.08905197490273001,0.06625802993139,-0.04861596541675
S4_BB_BBP,15m,64,fingrad_approx,True,False,22381,11041,11340,-0.09019612509663999,-0.0009019612509664,-0.0010722125183654,-0.0007361989720112,-0.0010881812725375,-0.0003889129145021,-0.0010928754545423,-0.00139572881437,-0.0014986103769903,-0.0003917851103733,-0.0005021939074399,3208,3238,2991,3298,3091,3255,3300,0,7,-1.184636480253285e-05,0.0003738802060531,-2.3807488916316166,0.9913612575066676,0.9913612575066676,-0.0670163933739034,-6.999230044537712,0.9999999999987133,0.9866888519134775,0.9928089935806068,-3.823889412229984,0.0016,0.0227790375835141,0.0227790375835141,0.0036728924200997,-0.0025019612509664,-0.0045748536710662,-0.0045748536710662,True,False,2069.0,8042.0,False,False,False,is,False,0.0003580835086232,7,93439,600,-0.10881812725375001,-0.03889129145021,-0.10928754545423,-0.139572881437,-0.14986103769903,-0.03917851103733,-0.05021939074399
N04_ST_KLINGER,15m,64,fingrad_approx,True,False,59038,27698,31340,0.0006046224378031486,6.046224378031487e-06,0.0003999692806855,-0.0003420993025397,0.0004142898994267,8.723128649371557e-05,0.0003501194462164,-0.0009588080252841,-0.0006978563288458,1.1668369825915798e-05,0.0008189255566001,8717,8850,7863,8117,8370,8890,8231,5,7,-6.520847190640867e-07,0.0004579921597005,0.0146253793983614,0.4941655257925035,0.4941655257925035,-0.0399211293543669,-3.545351422642129,0.9998039550188405,0.4908485856905158,0.4565378144055899,0.0409650589379754,0.0016,0.0227790375835141,0.0227790375835141,0.0036728924200997,-0.0015939537756219,-0.0036668461957217,-0.0036668461957217,True,True,2069.0,8042.0,False,False,False,is,False,0.0004552246392551,7,93439,600,0.04142898994267,0.008723128649371557,0.03501194462164,-0.09588080252841,-0.06978563288458,0.0011668369825915798,0.08189255566001
N05_PSAR_POC,15m,64,fingrad_approx,True,False,5508,2794,2714,-0.0037600989492750344,-3.760098949275034e-05,0.0004659060959007,-0.0005559498460106,-0.0006760799568939,-0.00034369163959,-0.0007012381243535,0.0029069654353573,-0.0008049549519044,0.0001696396275708,-0.001089992304297,897,869,680,834,751,766,711,2,7,1.723698274266891e-05,0.0005092466255472,-0.107684507828576,0.5428770204963409,0.5428770204963409,-0.0323718368904346,-2.52762207864931,0.9942581053979808,0.5274542429284526,0.531887987482719,-0.0738568003239908,0.0016,0.0227790375835141,0.0227790375835141,0.0036728924200997,-0.0016376009894927,-0.0037104934095925,-0.0037104934095925,True,False,2069.0,8042.0,False,False,False,is,False,0.0005069354071009,7,93439,600,-0.06760799568939,-0.034369163959,-0.07012381243535,0.29069654353573005,-0.08049549519044,0.016963962757080002,-0.1089992304297
N06_MACD_ORB,15m,64,fingrad_approx,True,False,4771,2424,2347,0.0032969909034850035,3.2969909034850034e-05,0.0003562158719118,-0.0003008810556067,0.0002336429086126,-0.0002445198543132,0.0019372586434641,0.0019451750905041,-0.0017294722463547,-0.0005492147956633,-0.0013180393790409,708,654,623,732,714,679,661,3,7,1.563951982964425e-05,0.0006603712612778,0.0262434030997525,0.4895315985619685,0.4895315985619685,-0.0628334258186443,-3.615851969832882,0.9998503192909908,0.4941763727121464,0.4795040241772138,0.0649449404430095,0.0016,0.0227790375835141,0.0227790375835141,0.0036728924200997,-0.0015670300909651,-0.0036399225110649,-0.0036399225110649,True,False,2069.0,8042.0,False,False,False,is,False,0.0006580925108091,7,93439,600,0.02336429086126,-0.02445198543132,0.19372586434641,0.19451750905041001,-0.17294722463547,-0.05492147956633,-0.13180393790409
N11_BREAKAWAY,15m,64,fingrad_approx,True,False,273,128,145,-0.05592666343901,-0.0005592666343901,0.0026597677580617,-0.0034008969946234,-0.002664048778234,0.0071636304686997,0.0028307091535381,0.0010771473416835,-0.0058045185532223,-0.0068345049750631,-0.0010041143849723,33,44,29,38,28,41,60,3,7,-9.198602719589878e-05,0.0024460859345122,-0.1910319668664501,0.5757497258066512,0.5757497258066512,0.0390342570619966,0.6700950589468684,0.2513985972434821,0.6089850249584027,0.5969071170601536,-0.2671597887283689,0.0016,0.0227790375835141,0.0227790375835141,0.0036728924200997,-0.0021592666343901,-0.0042321590544899,-0.0042321590544899,True,False,2069.0,8042.0,True,False,False,is,False,0.0023839713428684,7,93439,600,-0.2664048778234,0.71636304686997,0.28307091535381,0.10771473416835,-0.58045185532223,-0.6834504975063099,-0.10041143849723001
N13_3OUTSIDE,15m,64,fingrad_approx,True,False,5109,2733,2376,0.10854627790039,0.0010854627790039,0.0018802550696535,0.000171250939633,-7.517494046380283e-05,0.0006070712527055,0.0025001957339973,0.0004592584863117,0.0016521292446347,0.0007106402915996,0.0014035586523476,566,604,772,778,692,853,844,6,7,2.434189204353752e-05,0.0005166541239041,2.053832221335803,0.0199959665960851,0.0199959665960851,0.0055942971320737,0.3982339726594151,0.3452288629580782,0.0149750415973377,0.0187116202805671,2.1310196707368814,0.0016,0.0227790375835141,0.0227790375835141,0.0036728924200997,-0.000514537220996,-0.0025874296410958,-0.0025874296410958,True,True,2069.0,8042.0,False,False,False,is,False,0.0005146011183755,7,93439,600,-0.007517494046380283,0.06070712527055,0.25001957339973,0.045925848631169996,0.16521292446347002,0.07106402915995999,0.14035586523476
N15_KC_AO,15m,64,fingrad_approx,True,False,72,38,34,-0.16143944407731,-0.0016143944407731,-0.0019859727579115,-0.0011991010275007,-0.0039850308558734,0.0043478036362478,0.0026909994590217,-0.0132233555170751,-0.0054613537370142,0.0019450824728206,0.0035273954932805,14,15,7,11,9,4,12,2,4,0.0001889525143181,0.0041973426262891,-0.429640159418118,0.6662712903677059,0.6662712903677059,-0.0747050298546414,-0.8134921663490264,0.7920320320880752,0.6655574043261231,0.6428824040038152,-0.4624505681636807,0.0016,0.0227790375835141,0.0227790375835141,0.0036728924200997,-0.0032143944407731,-0.0052872868608729,-0.0052872868608729,False,False,2069.0,8042.0,True,False,False,is,False,0.0042301355054313,7,93439,600,-0.39850308558733993,0.43478036362478,0.26909994590217,-1.3223355517075102,-0.54613537370142,0.19450824728206,0.35273954932804996
N16_BBRSI,15m,64,fingrad_approx,True,False,8046,4010,4036,-0.07672175763227,-0.0007672175763227,0.000327092952808,-0.0018544785331647,-0.0010255602624353,-0.0017021283187256,-0.0004475391566727,-0.0006184056131213,-0.000764568609916,0.0002980605855884,-0.0010118467672868,1237,1190,975,1175,1095,1163,1211,1,7,3.035083767588856e-05,0.0004832754991219,-1.6503390208022104,0.95056319220735,0.95056319220735,-0.0063466755461991,-0.5728845349980458,0.7166385618055174,0.9467554076539102,0.9482804814009066,-1.8610728843493984,0.0016,0.0227790375835141,0.0227790375835141,0.0036728924200997,-0.0023672175763227,-0.0044401099964225,-0.0044401099964225,True,False,2069.0,8042.0,False,False,False,is,False,0.0004734003466278,7,93439,600,-0.10255602624353001,-0.17021283187256,-0.04475391566727,-0.06184056131213,-0.0764568609916,0.02980605855884,-0.10118467672867999
N19_FIB_CHOP,15m,64,fingrad_approx,True,False,5849,2282,3567,-0.0864998993781,-0.000864998993781,-0.000848703166429,-0.0008754243030093,-0.0001108494095787,-0.0008763010900472,0.007163697561503,-0.0044837186093293,-0.0036553367943409,-0.0012094449344041,-0.0001164429417936,754,781,661,1033,912,789,919,1,7,-4.4354546507212974e-05,0.0009140189210631,-0.8978418590276674,0.8153650675683718,0.8153650675683718,-0.1046011164219867,-4.416225594933231,0.9999949780369116,0.8136439267886856,0.8024348683434965,-1.6919467691623158,0.0016,0.0227790375835141,0.0227790375835141,0.0036728924200997,-0.002464998993781,-0.0045378914138808,-0.0045378914138808,True,False,2069.0,8042.0,False,False,False,is,False,0.0009303762366137,7,93439,600,-0.01108494095787,-0.08763010900472,0.7163697561503,-0.44837186093293,-0.36553367943409,-0.12094449344041,-0.01164429417936
N20_EMA9_CHOP,15m,64,fingrad_approx,True,False,31255,0,31255,0.01915633379926,0.0001915633379926,,0.0001915633379926,-0.0007815913994587,-0.0003993552612613,0.0004938381577974,0.0004102283765813,0.0006862004567219,-0.0001801467029413,0.0010737484746081,4516,4155,3941,4769,4445,4706,4723,4,7,-0.0004619049586775,0.0003782704481045,1.7275161196035598,0.0420375063670947,0.0420375063670947,0.0070444379489712,1.5506238343169496,0.0604959284577256,0.0482529118136439,0.0551596274822904,0.9829846514180628,0.0016,0.0227790375835141,0.0227790375835141,0.0036728924200997,-0.0014084366620073,-0.0034813290821071,-0.0034813290821071,True,True,2069.0,8042.0,False,False,False,is,False,0.000391362438684,7,93439,600,-0.07815913994587001,-0.039935526126129994,0.04938381577973999,0.04102283765813,0.06862004567219,-0.01801467029413,0.10737484746081
V39_ALL,15m,64,pine,False,False,24095,10723,13372,0.054611775774669996,0.0005461177577467,0.0012205233759913,5.312235428722629e-06,0.0006812252127085,0.0001663587879376,0.0006729148770708,-0.0001569045924383,4.801167498047223e-05,0.0010192053332874,0.0014397505812935,3665,3655,3069,3379,3484,3568,3275,6,7,-4.475353521716038e-05,0.0005330985346328,1.1083716322177517,0.1338506754818814,0.1338506754818814,-0.0287790462939042,-1.9908070169182144,0.9767489461778932,0.124792013311148,0.1181425555400756,2.3906573216509,0.0016,0.0227790375835141,0.0227790375835141,0.0036728924200997,-0.0010538822422532,-0.003126774662353,-0.003126774662353,True,True,2069.0,8042.0,False,False,False,is,False,0.0005320793411251,7,93439,600,0.06812252127085,0.016635878793760002,0.06729148770708,-0.015690459243829998,0.004801167498047223,0.10192053332874002,0.14397505812935
OBV_S,15m,64,pine,False,False,8696,4167,4529,-0.07200513380922001,-0.0007200513380922,-0.0002010156487291,-0.0011976008451745,0.0001785180585434,-0.0011915190543855,-0.0009797825305989,-0.0015667175875345,-0.0008742874287167,-0.0006080962683958,-5.482933729825427e-05,1362,1289,1043,1306,1229,1249,1218,1,7,-2.5089929825391592e-05,0.0005412722437279,-1.2839405979518317,0.9004186296243555,0.9004186296243555,-0.045698579550654,-3.327911455728179,0.9995625016397656,0.9068219633943428,0.9029910728638638,-1.8561822769494805,0.0016,0.0227790375835141,0.0227790375835141,0.0036728924200997,-0.0023200513380922,-0.004392943758192,-0.004392943758192,True,False,2069.0,8042.0,False,False,False,is,False,0.0005340863348484,7,93439,600,0.01785180585434,-0.11915190543855,-0.09797825305988998,-0.15667175875345,-0.08742874287167,-0.060809626839579994,-0.005482933729825426
OBV_B,15m,64,pine,False,False,23591,11755,11836,-0.02609017597769,-0.0002609017597769,0.0002323132607772,-0.00075074144942,-0.000324353367593,-0.0004255020489774,-0.0005315975540168,0.0003437648022063,-0.0011040199758753,3.138553376636254e-05,0.0001906517445518,3557,3532,3172,3235,3324,3424,3347,3,7,-1.0677784624477437e-05,0.0002506017528095,-0.998492517898398,0.8409797045928105,0.8409797045928105,-0.0089221581278447,-1.291009075073806,0.9016497346552216,0.8252911813643927,0.8343925153518877,-1.1302198789371067,0.0016,0.0227790375835141,0.0227790375835141,0.0036728924200997,-0.0018609017597769,-0.0039337941798767,-0.0039337941798767,True,False,2069.0,8042.0,False,False,False,is,False,0.0002673704510188,7,93439,600,-0.0324353367593,-0.04255020489774,-0.05315975540168,0.03437648022063,-0.11040199758753,0.0031385533766362544,0.019065174455180002
V45_AMB,15m,64,v45,False,True,8416,3883,4533,-0.03214228723202,-0.0003214228723202,-2.660063202562974e-05,-0.0005739696976156,0.0001111930107505,0.0009707592635969,-0.0003347620461012,-0.0014142848613845,-0.0013065508372204,-0.0009807590104411,0.0008273380084289,1181,1167,1201,1228,1196,1266,1177,3,7,6.928523108991136e-06,0.000882290047021,-0.3721581089324027,0.6451124331209178,0.6451124331209178,-0.0138114667845241,-0.7029986094205785,0.7589716919611027,0.627287853577371,0.622884761710838,-0.8977378552927479,0.0016,0.0227790375835141,0.0227790375835141,0.0036728924200997,-0.0019214228723202,-0.00399431529242,-0.00399431529242,True,False,2069.0,8042.0,False,False,False,is,True,0.0008614926911025,7,93439,600,0.011119301075049999,0.09707592635969,-0.03347620461012,-0.14142848613845,-0.13065508372204002,-0.09807590104410999,0.08273380084289
DOGE_L,15m,64,doge,False,True,4642,4642,0,0.006434134965938251,6.43413496593825e-05,6.434134965938248e-05,,0.0004353063454704,-8.630558000035266e-05,0.0027771874439436,-0.001440547117193,0.0004903209791867,-0.0018035820956624,0.0001497972800355,590,616,673,683,608,670,802,4,7,0.0004534135494377,0.0009142281806239,-0.4255744988224473,0.6647910372065338,0.6647910372065338,-0.0759903504121471,-3.6108302843285993,0.9998473908271523,0.6722129783693843,0.6477264202505599,0.1195911546973281,0.0016,0.0227790375835141,0.0227790375835141,0.0036728924200997,-0.0015356586503406,-0.0036085510704404,-0.0036085510704404,True,True,2069.0,8042.0,False,False,False,is,True,0.00093296655941,7,93439,600,0.04353063454704,-0.008630558000035265,0.27771874439436,-0.1440547117193,0.04903209791867,-0.18035820956624002,0.014979728003550002
DOGE_S,15m,64,doge,False,True,4748,0,4748,-0.07704141507175,-0.0007704141507175,,-0.0007704141507175,0.0005415925531529,-0.0006668962640953,-0.0008380788496487,-0.001475094846082,-0.0019013811660626,0.0017477531198941,-0.0023102933212104,552,605,703,743,643,696,806,2,7,-0.0004361109847116,0.0009549028353816,-0.3500912905681006,0.6368649065327545,0.6368649065327545,-0.095646423775544,-3.582101820753844,0.99982957955602,0.6239600665557404,0.6271822186023084,-1.4332313037855404,0.0016,0.0227790375835141,0.0227790375835141,0.0036728924200997,-0.0023704141507175,-0.0044433065708173,-0.0044433065708173,True,False,2069.0,8042.0,False,False,False,is,True,0.0009681747682601,7,93439,600,0.054159255315290006,-0.06668962640953001,-0.08380788496487,-0.1475094846082,-0.19013811660626,0.17477531198941,-0.23102933212104
S2_ST_ROC,30m,4,fingrad_exact,False,False,31422,15237,16185,-0.006984657484116922,-6.984657484116922e-05,-0.0001388726594347,-4.863538019917979e-06,5.60021640271403e-05,-0.0002024915194846,0.0001688614034185,-0.0002535676705614,-0.0001090032277795,-0.0003241184901418,0.0002052120092066,4684,4579,4007,4599,4450,4578,4525,3,7,-5.29170010922201e-06,9.725560557525768e-05,-0.6637650791449117,0.7465796603306238,0.7465796603306238,-0.0697669397063767,-9.60054469414792,1.0,0.7753743760399334,0.746143477609705,-0.9620748203759988,0.001425,0.0077703119933531,0.0077703119933531,0.0021320983913951,-0.0014948465748411,-0.0022019449662363,-0.0022019449662363,True,False,878.0,2416.0,False,False,False,is,False,0.0001008353223899,7,46747,600,0.00560021640271403,-0.020249151948459998,0.01688614034185,-0.025356767056139998,-0.01090032277795,-0.032411849014180004,0.02052120092066
S5_DONCHIAN_MFI,30m,4,fingrad_exact,False,False,809,437,372,-0.11284884104783,-0.0011284884104783,-0.0019162226456443,-0.000203112440673,-0.001489750152429,0.0008355780239069,-0.0034822115145106,-0.0016030404290731,0.000460905501728,-0.0026246434095693,-0.0004383720175914,102,108,82,155,96,112,154,2,7,-1.7561004744972485e-05,0.0004997591677435,-2.222925515802316,0.9868895885473205,0.9868895885473205,-0.1812259830554821,-4.672423505629163,0.9999985116680415,0.9866888519134775,0.9888102013307944,-1.8457141183272536,0.001425,0.0077703119933531,0.0077703119933531,0.0021320983913951,-0.0025534884104783,-0.0032605868018734,-0.0032605868018734,True,False,878.0,2416.0,True,False,False,is,False,0.0005002477494605,7,46747,600,-0.1489750152429,0.08355780239069001,-0.34822115145106003,-0.16030404290730998,0.046090550172800004,-0.26246434095693,-0.04383720175914
S6_EMA_DMI_ADX,30m,4,fingrad_exact,False,False,3129,1525,1604,-0.03467493745056,-0.0003467493745056,-0.0006137584874018,-9.2890959813182e-05,-0.0003637171399601,-0.0002569253694656,-0.0004783891432392,-0.0001062018618586,-0.0006919340029118,-6.638384450677018e-07,-0.0005577261716787,476,525,440,401,423,450,414,0,7,1.7156220835668636e-05,0.0002601945824978,-1.3985902083270094,0.9190320478552152,0.9190320478552152,-0.1154248980488475,-5.813014942404635,0.9999999969321208,0.9201331114808652,0.9144825520443312,-1.187834725420059,0.001425,0.0077703119933531,0.0077703119933531,0.0021320983913951,-0.0017717493745056,-0.0024788477659007,-0.0024788477659007,True,False,878.0,2416.0,False,False,False,is,False,0.0002547679158091,7,46747,600,-0.03637171399601,-0.025692536946560002,-0.04783891432392,-0.01062018618586,-0.06919340029118,-6.638384450677018e-05,-0.055772617167870006
N01_ST_EMA,30m,4,fingrad_exact,False,False,10432,5062,5370,-0.007921800102686538,-7.921800102686537e-05,-0.000223511571463,5.6799513600311473e-05,-0.0002756167484412,-0.0004713867456624,0.0002877141981807,-0.0001920439546291,-0.0002078725184634,-0.0001702238197303,0.0005427871880851,1578,1450,1296,1598,1539,1496,1475,2,7,-8.608959614397035e-06,0.0001492901584724,-0.4729651447553641,0.6818809767318668,0.6818809767318668,-0.0966631228778257,-8.175230579002925,1.0,0.6638935108153078,0.6837116754744432,-0.6130765031396586,0.001425,0.0077703119933531,0.0077703119933531,0.0021320983913951,-0.0015042180010268,-0.002211316392422,-0.002211316392422,True,False,878.0,2416.0,False,False,False,is,False,0.000156374188317,7,46747,600,-0.027561674844119997,-0.04713867456624,0.02877141981807,-0.01920439546291,-0.02078725184634,-0.01702238197303,0.05427871880851
N02_ST_KST,30m,4,fingrad_exact,False,False,9257,4452,4805,-0.0401635066375,-0.000401635066375,-0.0002720556035364,-0.000521694955773,-0.000222508672978,-0.000566907361647,-0.0001953839725637,-0.0007601002397503,-0.0004762977304536,-0.0006358568556614,5.2214313546976975e-05,1338,1297,1229,1380,1323,1317,1373,1,7,-4.7326235758178254e-06,0.000162988003677,-2.435163532560484,0.9925574695909384,0.9925574695909384,-0.1088988719616903,-8.68995541115016,1.0,0.9916805324459236,0.989965553392242,-2.826540659875856,0.001425,0.0077703119933531,0.0077703119933531,0.0021320983913951,-0.001826635066375,-0.0025337334577701,-0.0025337334577701,True,False,878.0,2416.0,False,False,False,is,False,0.0001701934863456,7,46747,600,-0.0222508672978,-0.056690736164699995,-0.01953839725637,-0.07601002397503,-0.04762977304536,-0.06358568556614,0.005221431354697698
N03_ADX_GC,30m,4,fingrad_exact,False,False,337,166,171,0.10420841970507,0.0010420841970507,0.0027695233261263,-0.00063484501597,-0.0005986825075867,0.0022803411535169,0.0025371600243918,0.0065555438874902,-0.0034828447287982,-0.0010188625280123,0.0011643657259192,42,50,32,59,57,55,42,4,7,2.194308252492096e-06,0.0007594309283203,1.369301473009788,0.0854525288776136,0.0854525288776136,-0.0981992672218003,-1.9407622421301536,0.973856438597568,0.0931780366056572,0.0757611416589999,1.014090656393294,0.001425,0.0077703119933531,0.0077703119933531,0.0021320983913951,-0.0003829158029492,-0.0010900141943444,-0.0010900141943444,True,True,878.0,2416.0,True,False,False,is,False,0.0007257372368349,7,46747,600,-0.05986825075867,0.22803411535169002,0.25371600243917997,0.65555438874902,-0.34828447287982,-0.10188625280123001,0.11643657259192
N07_ICHI_CMO,30m,4,fingrad_exact,False,False,4492,2382,2110,0.002326542992749064,2.326542992749064e-05,-0.0003865037306183,0.0004858579135389,0.0003152798294731,0.0002226252724759,0.0005767449727098,-0.0007355968034359,-5.030684898693635e-05,0.0002035586709952,-0.0002991749508442,686,633,546,646,687,655,639,4,7,-4.835759169242382e-06,0.0002324383715191,0.1208973755626813,0.4518861604609014,0.4518861604609014,-0.0890801991453416,-5.438364326691604,0.9999999731140334,0.4575707154742096,0.4636812939943088,0.1169656586828079,0.001425,0.0077703119933531,0.0077703119933531,0.0021320983913951,-0.0014017345700725,-0.0021088329614676,-0.0021088329614676,True,True,878.0,2416.0,False,False,False,is,False,0.0002260536699985,7,46747,600,0.03152798294731,0.02226252724759,0.05767449727098,-0.07355968034358999,-0.005030684898693635,0.02035586709952,-0.02991749508442
N08_ICHI_WR,30m,4,fingrad_exact,False,False,587,332,255,0.08444804524476,0.0008444804524476,0.0005265636173136,0.0012583957044651,0.0015598071280002,0.0005134791735898,0.0015827197002522,0.0012774620005533,-0.001227410268341,0.0014973225247559,0.0008423068272587,87,71,82,88,93,85,81,6,7,2.438790374223634e-05,0.0005700652114883,1.4385942733890908,0.0751327549068796,0.0751327549068796,0.0741524297384618,1.7206591096891943,0.0426563502502641,0.0748752079866888,0.0689146109244956,1.712117507135663,0.001425,0.0077703119933531,0.0077703119933531,0.0021320983913951,-0.0005805195475523,-0.0012876179389474,-0.0012876179389474,True,True,878.0,2416.0,True,False,False,is,False,0.0005659933315581,7,46747,600,0.15598071280002,0.051347917358980005,0.15827197002522,0.12774620005533,-0.1227410268341,0.14973225247559,0.08423068272587
N09_ALLIG_AROON,30m,4,fingrad_exact,False,False,5208,2568,2640,0.0002786684965449602,2.786684965449602e-06,-0.0005353831060254,0.0005262791180202,-3.803254446600133e-06,-0.0003032930834874,-1.6362914193056478e-05,0.0003265479407196,-0.0001838095418916,0.000213614306807,-1.1473117865710503e-05,847,751,606,758,762,733,751,2,7,3.891680355117143e-06,0.0002025199468746,-0.0054562299009056,0.5021767099987856,0.5021767099987856,-0.0798900560430239,-5.107064179796064,0.9999998363986806,0.5041597337770383,0.492950212884315,0.0142984574932081,0.001425,0.0077703119933531,0.0077703119933531,0.0021320983913951,-0.0014222133150345,-0.0021293117064296,-0.0021293117064296,True,False,878.0,2416.0,False,False,False,is,False,0.00021366176642,7,46747,600,-0.0003803254446600133,-0.030329308348739998,-0.0016362914193056477,0.03265479407196,-0.01838095418916,0.0213614306807,-0.0011473117865710503
N10_HA_PSAR,30m,4,fingrad_exact,False,False,12526,6554,5972,-0.005689602990306009,-5.689602990306009e-05,-1.3481351731293578e-05,-0.0001045416763762,-0.0001390092779394,0.0003241428725133,0.0003747448841932,-6.06753805371114e-05,-0.0003261024677806,-0.000538585248875,-1.1271293863917191e-05,1495,1591,1793,1944,1742,1824,2137,2,7,1.4169976054734076e-05,0.0001282331413617,-0.5541937536826502,0.7102768736566358,0.7102768736566358,-0.0722953018065724,-7.342378614027542,0.9999999999998952,0.7071547420965059,0.6722865273112391,-0.4670366056322057,0.001425,0.0077703119933531,0.0077703119933531,0.0021320983913951,-0.001481896029903,-0.0021889944212981,-0.0021889944212981,True,False,878.0,2416.0,False,False,False,is,False,0.0001348617899091,7,46747,600,-0.013900927793940001,0.03241428725133,0.037474488419319996,-0.0060675380537111405,-0.03261024677806,-0.0538585248875,-0.0011271293863917191
N12_ICHI_AO,30m,4,fingrad_exact,False,False,4835,2454,2381,-0.0075973573078438736,-7.597357307843873e-05,6.615625445295101e-05,-0.0002224610139696,-0.0001299133852365,0.0004032885894938,0.0006488533913663,-0.0008459526261046,0.0002435808124071,-0.0004798449633354,-0.0002442182015114,703,698,622,740,676,674,722,3,7,6.13051734559885e-06,0.0002202447045258,-0.3727857639110854,0.6453460504426463,0.6453460504426463,-0.1177120328786212,-7.336313032308719,0.9999999999998902,0.6405990016638935,0.6320631592460259,-0.4008314085606833,0.001425,0.0077703119933531,0.0077703119933531,0.0021320983913951,-0.0015009735730784,-0.0022080719644735,-0.0022080719644735,True,False,878.0,2416.0,False,False,False,is,False,0.0002222755834991,7,46747,600,-0.012991338523650002,0.04032885894938,0.06488533913663,-0.08459526261045999,0.02435808124071,-0.04798449633354,-0.02442182015114
N14_ICHI_RSI,30m,4,fingrad_exact,False,False,5,5,0,0.26184764693071,0.0026184764693071,0.0026184764693071,,,,,,0.0071787508973437,0.0014784078622979,,0,0,0,0,1,4,0,0,0,0.0003011983300372,0.0068243940823079,0.3395580781709692,0.3670946764515207,0.3670946764515207,0.3480541345778872,0.6358227941798228,0.2624459643847699,0.3161397670549085,0.3062538779177988,1.0440241021197088,0.001425,0.0077703119933531,0.0077703119933531,0.0021320983913951,0.0011934764693071,0.0004863780779119,0.0004863780779119,False,False,878.0,2416.0,True,False,False,is,False,0.0069674770697683,7,46747,600,,,,,0.71787508973437,0.14784078622979,
N17_KC_RSI,30m,4,fingrad_exact,False,False,44554,21878,22676,0.008269853900968578,8.269853900968578e-05,0.0002698931312694,-9.79084150147576e-05,-0.000373030177261,-8.926134709231992e-05,0.0003279912057773,0.000257686996422,0.0007647234086999,-0.0001638366365448,4.444611937364389e-05,7022,7324,6148,5583,5534,6264,6679,4,7,3.4407935647352014e-06,0.0001651914443523,0.4797932832155567,0.3156871947030907,0.3156871947030907,0.1088997377419282,9.369996993271316,3.626729706301665e-21,0.3078202995008319,0.3080083014185156,1.0634034036942073,0.001425,0.0077703119933531,0.0077703119933531,0.0021320983913951,-0.0013423014609903,-0.0020493998523854,-0.0020493998523854,True,True,878.0,2416.0,False,False,True,is,False,0.0001654846940789,7,46747,600,-0.0373030177261,-0.008926134709231991,0.032799120577730004,0.0257686996422,0.07647234086999,-0.016383663654479998,0.0044446119373643895
N18_VWMA_MACD,30m,4,fingrad_exact,False,False,32564,16127,16437,-0.02031612589707,-0.0002031612589707,-0.0001131385553658,-0.0002914861443534,3.1321931498451284e-05,-0.0002130242220628,0.000492074758289,-0.0002965859176191,-0.000808850081772,-0.0005300234223021,-4.827035420898056e-05,4695,4546,4352,4866,4684,4669,4752,2,7,-2.8059193886778857e-06,0.0001469628453754,-1.363306072838972,0.913606965543062,0.913606965543062,-0.1243230901443017,-12.148772179785563,1.0,0.9068219633943428,0.9236183914931856,-2.623536495736862,0.001425,0.0077703119933531,0.0077703119933531,0.0021320983913951,-0.0016281612589707,-0.0023352596503658,-0.0023352596503658,True,False,878.0,2416.0,False,False,False,is,False,0.0001421690422943,7,46747,600,0.003132193149845128,-0.02130242220628,0.0492074758289,-0.02965859176191,-0.0808850081772,-0.05300234223021,-0.0048270354208980555
N21_ST_RSI_ADX,30m,4,fingrad_exact,False,False,0,0,0,,,,,,,,,,,,0,0,0,0,0,0,0,0,0,,,,,,,,,,,,0.001425,0.0077703119933531,0.0077703119933531,0.0021320983913951,,,,False,False,878.0,2416.0,True,False,False,is,False,,7,46747,600,,,,,,,
N22_VORTEX_PSAR,30m,4,fingrad_exact,False,False,26001,13080,12921,-0.006319228389680335,-6.319228389680335e-05,-2.105498776363223e-06,-0.0001250307754512,-0.0001216888944452,-4.70081922594092e-05,0.0001193807687868,-0.0003573346350766,9.87570842860255e-05,-0.0001125814862973,8.229195063645856e-06,3865,3711,3344,3818,3694,3810,3759,3,7,3.713677699651386e-06,0.000109753499949,-0.6096020776331729,0.7289372824939035,0.7289372824939035,-0.0643895113943851,-7.974617877568229,0.9999999999999992,0.7720465890183028,0.7300969212007103,-0.8008295848553674,0.001425,0.0077703119933531,0.0077703119933531,0.0021320983913951,-0.0014881922838968,-0.0021952906752919,-0.0021952906752919,True,False,878.0,2416.0,False,False,False,is,False,0.0001043411317616,7,46747,600,-0.01216888944452,-0.00470081922594092,0.01193807687868,-0.03573346350766,0.00987570842860255,-0.01125814862973,0.0008229195063645857
N23_HA_ST,30m,4,fingrad_exact,False,False,36479,18235,18244,-0.0234455613918,-0.000234455613918,-9.228037430557044e-05,-0.0003765607166549,-5.1511210689047096e-05,-0.0001776341345205,0.000255551031722,-0.0003994495050636,-0.0005483666254223,-0.0005340703874851,-0.0001570241987989,4947,4919,5039,5548,5133,5226,5667,1,7,-8.021184650354763e-07,9.985038299858024e-05,-2.3400360462942897,0.9903590606072726,0.9903590606072726,-0.114054332825843,-15.402316256453748,1.0,0.9883527454242927,0.9916343952587776,-3.207180199794625,0.001425,0.0077703119933531,0.0077703119933531,0.0021320983913951,-0.001659455613918,-0.0023665540053131,-0.0023665540053131,True,False,878.0,2416.0,False,False,False,is,False,0.0001005660610014,7,46747,600,-0.00515112106890471,-0.01776341345205,0.0255551031722,-0.03994495050636,-0.05483666254223,-0.05340703874851,-0.01570241987989
N24_DMI,30m,4,fingrad_exact,False,False,13976,2718,11258,-0.0181727473477,-0.000181727473477,-0.0006662560658773,-6.474855056498784e-05,-0.0003649142712748,5.818548126212808e-05,0.0001219631083724,-0.0003526548782106,-0.0004264880348381,-0.0001635833208028,-0.0001240337648575,1971,1921,1879,2102,1925,2049,2129,2,7,-4.01081328404975e-05,0.0001287789727517,-1.0997085751687432,0.8642704413434841,0.8642704413434841,-0.071359491659325,-6.597674830931587,0.9999999999791171,0.870216306156406,0.8645884593166306,-1.6601764461017552,0.001425,0.0077703119933531,0.0077703119933531,0.0021320983913951,-0.001606727473477,-0.0023138258648721,-0.0023138258648721,True,False,878.0,2416.0,False,False,False,is,False,0.0001321005401639,7,46747,600,-0.036491427127480006,0.005818548126212808,0.01219631083724,-0.035265487821059996,-0.04264880348381,-0.01635833208028,-0.01240337648575
N25_DST_CCI,30m,4,fingrad_exact,False,False,15649,7534,8115,-0.004512662510531608,-4.512662510531608e-05,-0.000116076896382,2.0743904013438e-05,5.640879947910043e-05,-0.0002897182174774,0.0006687073386688,-4.505839343914152e-05,-0.0006081817624156,-6.070306987486193e-05,5.951956475109496e-05,2228,2232,1958,2318,2277,2339,2297,3,7,3.3905718891874198e-06,0.0001373235968433,-0.3533056088666115,0.6380703294658704,0.6380703294658704,0.0090610489239478,0.8608608305947886,0.1946573484635109,0.6206322795341098,0.6161449752883031,-0.4844765492178311,0.001425,0.0077703119933531,0.0077703119933531,0.0021320983913951,-0.0014701266251053,-0.0021772250165004,-0.0021772250165004,True,False,878.0,2416.0,False,False,False,is,False,0.0001402978072062,7,46747,600,0.005640879947910043,-0.028971821747739997,0.06687073386688,-0.004505839343914152,-0.06081817624156,-0.006070306987486193,0.005951956475109496
S1_EMA_RSI_CHOP,30m,4,fingrad_approx,True,False,70,26,44,-1.32202222537146,-0.0132202222537146,-0.0216486713324809,-0.0082397750708072,-0.0087592129905369,-0.0168348207813806,-0.0087166880606077,-0.0073555206148129,-0.0461509833559764,-0.0075866058090251,-0.0118622447525786,24,14,9,2,5,8,8,0,2,-2.793890841498e-05,0.001651452297749,-7.988292101007688,0.9999999999999992,0.9999999999999992,-0.5010812053222723,-3.780851748287844,0.9999218536361132,1.0,1.0,-3.82742484976358,0.001425,0.0077703119933531,0.0077703119933531,0.0021320983913951,-0.0146452222537146,-0.0153523206451097,-0.0153523206451097,False,False,878.0,2416.0,True,False,False,is,False,0.0016019314384631,7,46747,600,-0.87592129905369,-1.68348207813806,-0.87166880606077,-0.73555206148129,-4.61509833559764,-0.75866058090251,-1.18622447525786
S3_CMO_SANDWICH,30m,4,fingrad_approx,True,False,2687,1267,1420,0.008679461250930564,8.679461250930564e-05,-1.7509783135554172e-05,0.0001798605767924,0.000455849895924,7.200766144290978e-05,-0.0009624397978221,-0.0007877795623832,0.0005554178921665,0.0003372903649777,0.0007575872371732,415,375,328,395,387,398,389,5,7,2.5430019903875652e-05,0.0002831830470903,0.2166958553343174,0.4142226891144835,0.4142226891144835,0.0072852654872637,0.3141624108094229,0.3766988451050251,0.4009983361064891,0.3739061597381202,0.387326455116437,0.001425,0.0077703119933531,0.0077703119933531,0.0021320983913951,-0.0013382053874906,-0.0020453037788858,-0.0020453037788858,True,True,878.0,2416.0,False,False,False,is,False,0.0002744973509834,7,46747,600,0.0455849895924,0.0072007661442909775,-0.09624397978221,-0.07877795623832,0.05554178921665,0.033729036497769996,0.07575872371732001
S4_BB_BBP,30m,4,fingrad_approx,True,False,11044,5352,5692,-0.0172049772875,-0.000172049772875,0.0001465667354638,-0.0004716343745317,-0.0001331753606234,0.000302607530323,0.000694837636682,-0.0009698606318656,-0.0002120132307164,-0.0008068688264485,-1.2527944100361476e-05,1580,1590,1507,1586,1558,1648,1575,2,7,-6.819588341912008e-06,0.0001727402430859,-0.956523978323658,0.8305962120260313,0.8305962120260313,-0.1526883621942081,-12.00410069430812,1.0,0.8336106489184693,0.8469586426752819,-1.3510072903749408,0.001425,0.0077703119933531,0.0077703119933531,0.0021320983913951,-0.001597049772875,-0.0023041481642701,-0.0023041481642701,True,False,878.0,2416.0,False,False,False,is,False,0.0001668606269599,7,46747,600,-0.01331753606234,0.0302607530323,0.0694837636682,-0.09698606318656,-0.02120132307164,-0.08068688264485,-0.0012527944100361476
N04_ST_KLINGER,30m,4,fingrad_approx,True,False,30317,14720,15597,-0.012256176346280002,-0.0001225617634628,-6.683955927471802e-06,-0.000231923905344,-9.743374136319002e-05,-0.0001457316304187,7.006217551093468e-05,-0.0001934396671385,-0.0003556850002611,-3.707256135305919e-05,-9.255916214214252e-05,4231,4465,4074,4301,4305,4552,4389,1,7,1.706723662412722e-06,9.227829953233876e-05,-1.3466707530921056,0.9109568521284864,0.9109568521284864,-0.0355971108579807,-5.055000239221512,0.9999997848048854,0.9101497504159732,0.8973234343909797,-1.5637040058584986,0.001425,0.0077703119933531,0.0077703119933531,0.0021320983913951,-0.0015475617634628,-0.0022546601548579,-0.0022546601548579,True,False,878.0,2416.0,False,False,False,is,False,9.471123117996216e-05,7,46747,600,-0.009743374136319002,-0.01457316304187,0.007006217551093468,-0.01934396671385,-0.03556850002611,-0.003707256135305919,-0.009255916214214252
N05_PSAR_POC,30m,4,fingrad_approx,True,False,2755,1360,1395,-0.003834012037089557,-3.834012037089557e-05,-0.0002741836279287,0.0001915861665672,-5.486415986383857e-05,0.0004359984791545,6.371843569521319e-05,-0.0005741072395788,-0.0010158264566193,0.0009786475370039,-0.0001195033377212,418,414,328,424,383,403,385,3,7,-1.6699960846545154e-05,0.0002643871116665,-0.0818502815358142,0.5326171143525001,0.5326171143525001,-0.0859419752254262,-4.48032591414348,0.9999962735426532,0.5457570715474209,0.5555317828793941,-0.1636322064070825,0.001425,0.0077703119933531,0.0077703119933531,0.0021320983913951,-0.0014633401203708,-0.002170438511766,-0.002170438511766,True,False,878.0,2416.0,False,False,False,is,False,0.0002585609681693,7,46747,600,-0.005486415986383857,0.04359984791545,0.006371843569521318,-0.057410723957879994,-0.10158264566193,0.09786475370039,-0.01195033377212
N06_MACD_ORB,30m,4,fingrad_approx,True,False,3402,1684,1718,0.02788168793038,0.0002788168793038,0.0002165303018135,0.0003398707771465,0.0002720029948939,0.0007345654808427,8.345530343678498e-05,0.0002588827672109,-0.0004662789405272,0.0001479083389296,0.0009950814940887,503,448,431,552,510,486,472,6,7,-1.6089022084120788e-05,0.0002549353259701,1.1567871195007997,0.1236796727861455,0.1236796727861455,-0.1338506772109959,-7.070326737119459,0.9999999999992272,0.1198003327787021,0.1350264233295534,1.2119632258124249,0.001425,0.0077703119933531,0.0077703119933531,0.0021320983913951,-0.0011461831206961,-0.0018532815120912,-0.0018532815120912,True,True,878.0,2416.0,False,False,False,is,False,0.0002572670230031,7,46747,600,0.027200299489389998,0.07345654808427,0.008345530343678497,0.02588827672109,-0.04662789405272,0.014790833892959999,0.09950814940887
N11_BREAKAWAY,30m,4,fingrad_approx,True,False,157,63,94,-0.12784123607332,-0.0012784123607332,-0.0023339082677617,-0.0005710055294268,0.0011772780360462,-0.0028539608661274,0.0014212388584083,-0.005009053344561,-0.0030357383142542,-0.0011541630273347,-0.0019081749457075,29,16,22,15,16,21,38,2,7,-2.2374865037596197e-05,0.0011260212539311,-1.1154651755556018,0.8676744332012769,0.8676744332012769,-0.1202475165050571,-1.369694464788295,0.9146088513538906,0.8885191347753744,0.8714777808682257,-1.4700285269560407,0.001425,0.0077703119933531,0.0077703119933531,0.0021320983913951,-0.0027034123607332,-0.0034105107521283,-0.0034105107521283,True,False,878.0,2416.0,True,False,False,is,False,0.0011353085515518,7,46747,600,0.11772780360462,-0.28539608661273996,0.14212388584083,-0.5009053344561,-0.30357383142542,-0.11541630273346999,-0.19081749457075
N13_3OUTSIDE,30m,4,fingrad_approx,True,False,2432,1284,1148,-0.0458881521277,-0.000458881521277,-0.0003037228669245,-0.0006324213402565,-0.0006068665418535,-7.792260062877027e-05,-0.001427651273932,-0.0001508596852307,6.948423198828634e-06,-0.0007683257094951,-0.000141552050413,247,298,379,365,350,378,415,1,7,-4.459700421930461e-06,0.0002808985113899,-1.6177437844243217,0.947141087083486,0.947141087083486,-0.1483745307719721,-7.010034244368235,0.9999999999988088,0.9467554076539102,0.9441365882881534,-1.7320005804059944,0.001425,0.0077703119933531,0.0077703119933531,0.0021320983913951,-0.001883881521277,-0.0025909799126721,-0.0025909799126721,True,False,878.0,2416.0,False,False,False,is,False,0.0002923002025329,7,46747,600,-0.06068665418535,-0.007792260062877028,-0.1427651273932,-0.015085968523069999,0.0006948423198828633,-0.07683257094951,-0.0141552050413
N15_KC_AO,30m,4,fingrad_approx,True,False,50,19,31,-0.45359657153342003,-0.0045359657153342,-0.0092583726204704,-0.0016415872896055,-0.0060723463472153,-0.0034484359224513,-0.0209208095151956,-0.0052545751825762,0.0054422529464755,-0.0006750000662313,-0.0048077403625939,10,9,6,5,9,5,6,0,1,-7.001228541893104e-05,0.0019043769057375,-2.345099552751469,0.9904890000882636,0.9904890000882636,-0.2386908933060512,-1.5486030207979322,0.9392614103356004,0.9866888519134775,0.9881683390744346,-2.01068633067154,0.001425,0.0077703119933531,0.0077703119933531,0.0021320983913951,-0.0059609657153342,-0.0066680641067293,-0.0066680641067293,False,False,878.0,2416.0,True,False,False,is,False,0.0019240221889451,7,46747,600,-0.60723463472153,-0.34484359224513,-2.09208095151956,-0.52545751825762,0.54422529464755,-0.06750000662313,-0.48077403625938997
N16_BBRSI,30m,4,fingrad_approx,True,False,4274,2085,2189,-0.02415591275458,-0.0002415591275458,-0.000429541249085,-6.250808898525889e-05,-0.0003450548311024,0.0004185333586987,1.1621556046430096e-05,-0.0002999207065804,0.0007045614803152,-0.000803801522381,-0.0012676411234112,662,620,533,573,610,625,651,3,7,3.7916795360559134e-06,0.0002130432038144,-1.1516481290602414,0.8752671523118856,0.8752671523118856,-0.0534792593536176,-3.19536895932213,0.9993017390782306,0.870216306156406,0.8609298444553799,-1.131001074762445,0.001425,0.0077703119933531,0.0077703119933531,0.0021320983913951,-0.0016665591275458,-0.002373657518941,-0.002373657518941,True,False,878.0,2416.0,False,False,False,is,False,0.0002232683436146,7,46747,600,-0.034505483110239994,0.04185333586987,0.0011621556046430097,-0.02999207065804,0.07045614803151999,-0.08038015223810001,-0.12676411234112
N19_FIB_CHOP,30m,4,fingrad_approx,True,False,2913,1098,1815,-0.01442540348301,-0.0001442540348301,7.011905247251231e-05,-0.0002739408942562,9.865777595918552e-05,0.0010402091191131,0.0017946295272689,-0.0005455090856035,-0.0007791716872195,-0.0012213451093075,-0.0007828604236346,392,362,351,504,509,391,404,3,7,-3.088688245166844e-05,0.000301568828959,-0.3759246364082269,0.6465135377793021,0.6465135377793021,-0.1401269352175417,-6.198338923984466,0.9999999997146892,0.6472545757071547,0.6626371980572969,-0.4808827450218115,0.001425,0.0077703119933531,0.0077703119933531,0.0021320983913951,-0.0015692540348301,-0.0022763524262253,-0.0022763524262253,True,False,878.0,2416.0,False,False,False,is,False,0.0003119266973055,7,46747,600,0.009865777595918553,0.10402091191131001,0.17946295272689,-0.05455090856035,-0.07791716872195,-0.12213451093075,-0.07828604236346
N20_EMA9_CHOP,30m,4,fingrad_approx,True,False,14726,0,14726,0.005894760523310415,5.894760523310415e-05,,5.894760523310415e-05,-0.0002217942345107,-0.0002067595878876,0.0001058871236887,0.0002062334953963,0.0001921886954056,-3.8646995158942864e-05,0.0003444435778486,2165,1962,1839,2248,2094,2163,2255,4,7,-6.049365268297806e-05,0.000126915488854,0.9411085990725406,0.1733246046507757,0.1733246046507757,-0.0413501874726364,-3.0333254113743764,0.9987906268827323,0.1763727121464226,0.1775391001091165,0.6065136407571341,0.001425,0.0077703119933531,0.0077703119933531,0.0021320983913951,-0.0013660523947668,-0.002073150786162,-0.002073150786162,True,True,878.0,2416.0,False,False,False,is,False,0.0001282699382609,7,46747,600,-0.022179423451069998,-0.02067595878876,0.01058871236887,0.02062334953963,0.01921886954056,-0.0038646995158942866,0.034444357784860005
V39_ALL,30m,4,pine,False,False,11942,5371,6571,-0.001035491272452952,-1.035491272452952e-05,-2.2934801028079324e-05,-7.237124250760859e-08,0.0002249753647513,0.0001038976710967,-3.918459868174965e-05,-0.0004328995502438,0.0001118319420957,-0.0002442629241628,0.0001708755378757,1834,1899,1575,1678,1656,1673,1627,4,7,-8.534286974132115e-06,0.0001516845512462,-0.0120027104635188,0.5047882737125495,0.5047882737125495,-0.0336209424311262,-2.761195971910466,0.9971204945895712,0.4908485856905158,0.5064721110849612,-0.0913689895362434,0.001425,0.0077703119933531,0.0077703119933531,0.0021320983913951,-0.0014353549127245,-0.0021424533041196,-0.0021424533041196,True,True,878.0,2416.0,False,False,False,is,False,0.0001545211429133,7,46747,600,0.02249753647513,0.01038976710967,-0.003918459868174965,-0.04328995502438,0.01118319420957,-0.024426292416280002,0.01708755378757
OBV_S,30m,4,pine,False,False,4408,2094,2314,-0.03737571311104,-0.0003737571311104,-0.0002974768334011,-0.0004427851965397,0.0001294149790047,-0.0001372553266619,-0.0003493041237691,-0.0012300090403877,-0.0001795103280104,-0.0005885166711015,-0.0001850493165756,664,617,512,683,588,683,661,1,7,3.164444388591513e-06,0.0002250826015049,-1.6745922296029925,0.9529928675547776,0.9529928675547776,-0.0601185894772143,-3.595479560008989,0.9998381027239324,0.9434276206322796,0.950084511863754,-1.844587323755648,0.001425,0.0077703119933531,0.0077703119933531,0.0021320983913951,-0.0017987571311104,-0.0025058555225056,-0.0025058555225056,True,False,878.0,2416.0,False,False,False,is,False,0.0002240173181091,7,46747,600,0.01294149790047,-0.013725532666190001,-0.03493041237691,-0.12300090403877,-0.01795103280104,-0.05885166711015,-0.018504931657560002
OBV_B,30m,4,pine,False,False,12642,6399,6243,-0.04591874636139,-0.0004591874636139,-0.0005618224684607,-0.000353987816647,-0.0003874662630122,-0.000621488962054,1.6101690305707934e-05,-0.0001975337195724,-0.0005186544425356,-0.0004957557680702,-0.0009689957081821,1872,1804,1660,1753,1867,1904,1782,1,7,2.9037210167794637e-06,0.0001452324221056,-3.181735716660667,0.9992680233023988,0.9992680233023988,-0.0436398578649269,-3.989399374966824,0.9999668795940088,0.9966722129783694,0.9987804617129163,-4.05949435337569,0.001425,0.0077703119933531,0.0077703119933531,0.0021320983913951,-0.0018841874636139,-0.0025912858550091,-0.0025912858550091,True,False,878.0,2416.0,False,False,False,is,False,0.0001474074655857,7,46747,600,-0.03874662630122,-0.0621488962054,0.0016101690305707933,-0.019753371957239998,-0.051865444253559996,-0.049575576807019996,-0.09689957081821
V45_AMB,30m,4,v45,False,True,4299,2124,2175,0.019217204316100002,0.000192172043161,-0.000140622801903,0.0005171634228926,-0.0002046673554851,0.0006622675095731,-0.0003081505179768,-3.75293107747763e-06,0.0001806956332686,0.000214248064262,0.000755982068435,589,569,564,610,645,683,639,4,7,-3.831295633465448e-06,0.0002737911339589,0.715886361842338,0.2370307601518833,0.2370307601518833,0.0819622575655224,4.314497312275044,7.998324001497637e-06,0.237936772046589,0.2273690066111812,1.1576800509465095,0.001425,0.0077703119933531,0.0077703119933531,0.0021320983913951,-0.0012328279568389,-0.001939926348234,-0.001939926348234,True,True,878.0,2416.0,False,False,True,is,True,0.0002658288558484,7,46747,600,-0.02046673554851,0.06622675095731,-0.03081505179768,-0.00037529310774776304,0.01806956332686,0.0214248064262,0.0755982068435
DOGE_L,30m,4,doge,False,True,3173,3173,0,-0.03464225855035,-0.0003464225855035,-0.0003464225855035,,0.0005070684773712,0.0007993152549329,-0.0001931999867475,-0.0011022858291804,-0.0005350545046077,-0.0009790250497288,-0.0008616940409595,417,469,449,449,449,457,483,2,7,5.470390080361346e-05,0.0002796572225633,-1.4343505332362994,0.9242638718073192,0.9242638718073192,-0.1192720673868082,-6.931309013566073,0.9999999999979152,0.9201331114808652,0.9360705192665654,-1.4651868187194084,0.001425,0.0077703119933531,0.0077703119933531,0.0021320983913951,-0.0017714225855035,-0.0024785209768986,-0.0024785209768986,True,False,878.0,2416.0,False,False,False,is,True,0.0002666662782666,7,46747,600,0.05070684773712,0.07993152549329,-0.01931999867475,-0.11022858291804001,-0.05350545046077,-0.09790250497288,-0.08616940409595
DOGE_S,30m,4,doge,False,True,3224,0,3224,-0.02050819585955,-0.0002050819585955,,-0.0002050819585955,2.9183847717390904e-05,0.0004109324010343,-0.0007809170610495,-0.0007370699276116,-0.000896062045836,-0.0004216685588876,0.0008854231749069,371,428,498,486,447,444,550,3,7,-7.429916899681981e-05,0.000281953943781,-0.4638445124935434,0.6786204252474057,0.6786204252474057,-0.1432975510860244,-6.187655973705248,0.9999999996946728,0.7021630615640599,0.692098675624211,-0.794193379563384,0.001425,0.0077703119933531,0.0077703119933531,0.0021320983913951,-0.0016300819585955,-0.0023371803499906,-0.0023371803499906,True,False,878.0,2416.0,False,False,False,is,True,0.0002821749623386,7,46747,600,0.0029183847717390906,0.04109324010343,-0.07809170610495,-0.07370699276116,-0.0896062045836,-0.04216685588876,0.08854231749069
S2_ST_ROC,30m,16,fingrad_exact,False,False,31416,15232,16184,-0.025840114748939998,-0.0002584011474894,0.0001461831907813,-0.0006391864070383,-0.0002714311406376,-0.0003394315403551,0.0007717653981774,-0.0004878861299057,-0.0008932388771482,-0.000711531142364,0.0002408657489402,4684,4578,4006,4598,4449,4577,4524,2,7,2.3362539520288167e-06,0.0002710508321044,-0.9619501973745505,0.8319626892481711,0.8319626892481711,-0.0703881415587435,-7.526651360109713,0.999999999999974,0.8402662229617305,0.8211892169667901,-1.8253403681637732,0.0015,0.0157769053089782,0.0157769053089782,0.002935698383117,-0.0017584011474894,-0.0031940995306064,-0.0031940995306064,True,False,1700.0,6235.0,False,False,False,is,False,0.0002723091819833,7,46735,600,-0.02714311406376,-0.03394315403551,0.07717653981774,-0.04878861299057,-0.08932388771482,-0.0711531142364,0.02408657489402
S5_DONCHIAN_MFI,30m,16,fingrad_exact,False,False,809,437,372,0.02259174735668,0.0002259174735668,-0.0010570560683207,0.0017330664999239,-0.0032417132402477,0.0058930581631153,0.0015908254448167,-0.0014702403422471,0.0056539836405631,-0.0025366699355905,-0.0018458709424039,102,108,82,155,96,112,154,3,7,5.403829769976972e-05,0.0009619934299304,0.1786698022246039,0.4290984909656894,0.4290984909656894,-0.0413772134000243,-1.2258554771837913,0.8898734670406736,0.4359400998336106,0.4164400573838939,0.2357256045636268,0.0015,0.0157769053089782,0.0157769053089782,0.002935698383117,-0.0012740825264331,-0.0027097809095502,-0.0027097809095502,True,False,1700.0,6235.0,True,False,False,is,False,0.0009759565819416,7,46735,600,-0.32417132402477,0.58930581631153,0.15908254448167,-0.14702403422471,0.56539836405631,-0.25366699355905004,-0.18458709424039
S6_EMA_DMI_ADX,30m,16,fingrad_exact,False,False,3128,1525,1603,-0.09503350088163,-0.0009503350088163,-0.00102889224341,-0.0008756002722253,0.0003687779741765,-0.0010698913996521,-0.0027106700857234,-0.0009234758019323,-0.0011939865191657,-0.0004598651809796,-0.0007542105935278,476,525,440,401,423,450,413,1,7,-2.4613881524400005e-05,0.0004601897345502,-2.0116075127071045,0.9778693365807628,0.9778693365807628,-0.0510656765662497,-2.942024180977766,0.998369627680134,0.9816971713810316,0.9819711795816116,-1.8594572559636984,0.0015,0.0157769053089782,0.0157769053089782,0.002935698383117,-0.0024503350088163,-0.0038860333919333,-0.0038860333919333,True,False,1700.0,6235.0,False,False,False,is,False,0.0004488705765042,7,46735,600,0.036877797417649995,-0.10698913996520999,-0.27106700857234,-0.09234758019323,-0.11939865191657,-0.04598651809796,-0.07542105935278
N01_ST_EMA,30m,16,fingrad_exact,False,False,10429,5059,5370,-0.04680886790054,-0.0004680886790054,-0.000340870413734,-0.000587939182545,-0.0013757181639669,-0.0011264385714911,0.0009501977451904,-0.0004029952446023,-0.0015427159024803,-0.0003009147465904,0.0007861308046048,1578,1450,1296,1597,1539,1495,1474,2,7,2.242757028691336e-05,0.000361795656718,-1.3557825810898834,0.9124158224390624,0.9124158224390624,-0.0909265323580925,-7.132543823052395,0.9999999999995074,0.9051580698835274,0.8979508810997152,-1.8838000942429016,0.0015,0.0157769053089782,0.0157769053089782,0.002935698383117,-0.0019680886790054,-0.0034037870621224,-0.0034037870621224,True,False,1700.0,6235.0,False,False,False,is,False,0.0003630783883274,7,46735,600,-0.13757181639669,-0.11264385714911002,0.09501977451904,-0.04029952446023,-0.15427159024803,-0.030091474659040003,0.07861308046048
N02_ST_KST,30m,16,fingrad_exact,False,False,9254,4450,4804,-0.02973750435302,-0.0002973750435302,-2.1836232999042453e-05,-0.0005526097868408,0.0001104727628627,-0.0002075499647556,-0.0002252406051518,-0.0014749406822226,-0.0006816923755383,0.0001648661446804,0.0002660310549641,1337,1297,1229,1379,1323,1316,1373,3,7,1.2308281439009504e-05,0.0003709682980326,-0.8347972767796927,0.7980840702947447,0.7980840702947447,-0.075388262465545,-5.636874070926251,0.9999999913417678,0.78369384359401,0.7720489047812774,-1.1180991866899572,0.0015,0.0157769053089782,0.0157769053089782,0.002935698383117,-0.0017973750435302,-0.0032330734266472,-0.0032330734266472,True,False,1700.0,6235.0,False,False,False,is,False,0.0003764350409858,7,46735,600,0.011047276286269999,-0.02075499647556,-0.02252406051518,-0.14749406822226,-0.06816923755383,0.01648661446804,0.026603105496410002
N03_ADX_GC,30m,16,fingrad_exact,False,False,337,166,171,0.13744651947174,0.0013744651947174,0.0043542471776228,-0.0015181886600329,0.0010657155519355,0.0056542316035077,-0.0028867648884013,0.0077515481621146,-0.0076570616017608,0.0027082994535948,0.001387007463805,42,50,32,59,57,55,42,5,7,4.703795519585907e-05,0.0014195196350514,0.935124253827915,0.174862134303241,0.174862134303241,-0.0188814740867483,-0.4087716486554046,0.6586463761231718,0.1713810316139767,0.1700533156328287,0.8191705190575392,0.0015,0.0157769053089782,0.0157769053089782,0.002935698383117,-0.0001255348052825,-0.0015612331883996,-0.0015612331883996,True,True,1700.0,6235.0,True,False,False,is,False,0.0014579889055317,7,46735,600,0.10657155519355,0.56542316035077,-0.28867648884013,0.77515481621146,-0.76570616017608,0.27082994535948,0.1387007463805
N07_ICHI_CMO,30m,16,fingrad_exact,False,False,4492,2382,2110,-0.03904196843756,-0.0003904196843756,-0.0003880920484378,-0.0003930473757518,-0.0002435426190178,-0.0003697976280339,0.0020531534055788,-0.0019758221595701,-0.0017970183043084,0.0010275002650084,-0.0009948588887448,686,633,546,646,687,655,639,2,7,2.543941636914394e-05,0.0004698252008011,-0.8851357910041253,0.8119583010715405,0.8119583010715405,-0.0715921882813345,-4.230917256362586,0.9999883629859482,0.8103161397670549,0.7999486114382374,-1.0228784222987264,0.0015,0.0157769053089782,0.0157769053089782,0.002935698383117,-0.0018904196843756,-0.0033261180674926,-0.0033261180674926,True,False,1700.0,6235.0,False,False,False,is,False,0.0004687905808484,7,46735,600,-0.02435426190178,-0.03697976280339,0.20531534055788,-0.19758221595701,-0.17970183043083998,0.10275002650084,-0.09948588887448
N08_ICHI_WR,30m,16,fingrad_exact,False,False,587,332,255,0.002931166049774307,2.931166049774307e-05,-0.0017717815192018,0.0023742643493615,0.0031302023085639,-0.0018133975100326,0.0026131582282585,0.0020904048408735,-0.0047965464218256,0.0020454048654949,-0.0031158719749621,87,71,82,88,93,85,81,4,7,1.598382453183795e-05,0.0011010925569976,0.0121041922236276,0.495171243863536,0.495171243863536,-0.0160890239730652,-0.3999095913863318,0.6553884462154949,0.5108153078202995,0.5002676487591804,0.0285554717675133,0.0015,0.0157769053089782,0.0157769053089782,0.002935698383117,-0.0014706883395022,-0.0029063867226192,-0.0029063867226192,True,True,1700.0,6235.0,True,False,False,is,False,0.0011144580306291,7,46735,600,0.31302023085639,-0.18133975100326,0.26131582282585003,0.20904048408735,-0.47965464218256,0.20454048654949,-0.31158719749621
N09_ALLIG_AROON,30m,16,fingrad_exact,False,False,5208,2568,2640,0.0116886801585,0.000116886801585,-0.0005801754461369,0.0007949382607328,0.0004810790168813,0.0004488429794753,-0.0001668717869811,0.0001834366578391,-0.0007946778337432,0.0010337390138136,-0.0004339752513635,847,751,606,758,762,733,751,4,7,1.5192850971390292e-05,0.0003946019030701,0.2577127728540372,0.3983142938492359,0.3983142938492359,-0.0412547729218691,-2.894110651802073,0.9980988292899772,0.3943427620632279,0.3811960687750251,0.3505748331394815,0.0015,0.0157769053089782,0.0157769053089782,0.002935698383117,-0.0013831131984149,-0.0028188115815319,-0.0028188115815319,True,True,1700.0,6235.0,False,False,False,is,False,0.0003993337735714,7,46735,600,0.04810790168813,0.04488429794753,-0.01668717869811,0.018343665783909998,-0.07946778337431999,0.10337390138136002,-0.04339752513635
N10_HA_PSAR,30m,16,fingrad_exact,False,False,12523,6552,5971,-0.04521563582482,-0.0004521563582482,3.4113697603265186e-06,-0.0009520524818309,-0.0006560732013551,-0.0004802789572049,0.0003049486454687,-0.0002424550971028,-0.0005728594476709,-0.0006863371486303,-0.0008160011327101,1495,1591,1792,1943,1742,1824,2136,1,7,6.183088197554116e-06,0.0002495494676148,-1.8366676988994508,0.9668705167421549,0.9668705167421549,-0.0444382307601738,-5.075137548778399,0.9999998063921038,0.9733777038269552,0.9675395584866068,-1.890569560339763,0.0015,0.0157769053089782,0.0157769053089782,0.002935698383117,-0.0019521563582482,-0.0033878547413653,-0.0033878547413653,True,False,1700.0,6235.0,False,False,False,is,False,0.0002504019165472,7,46735,600,-0.06560732013551,-0.048027895720489995,0.03049486454687,-0.02424550971028,-0.05728594476709,-0.06863371486303,-0.08160011327101
N12_ICHI_AO,30m,16,fingrad_exact,False,False,4835,2454,2381,-0.05466286051378,-0.0005466286051378,0.0002772776815204,-0.0013957953533359,-0.0012092927064364,-0.0002681868938899,0.0005043517733604,-0.0015911639705853,-0.0010153150967335,0.0004910533351014,-0.0005352970755472,703,698,622,740,676,674,722,2,7,1.356477982905015e-05,0.0004667913562506,-1.2000937409519894,0.8849485319401302,0.8849485319401302,-0.0961808497839132,-5.589878854850783,0.9999999886385956,0.8968386023294509,0.8786587585379955,-1.4907498841762423,0.0015,0.0157769053089782,0.0157769053089782,0.002935698383117,-0.0020466286051378,-0.0034823269882548,-0.0034823269882548,True,False,1700.0,6235.0,False,False,False,is,False,0.0004750286478843,7,46735,600,-0.12092927064364001,-0.02681868938899,0.05043517733604,-0.15911639705853,-0.10153150967335,0.049105333510139994,-0.05352970755472
N14_ICHI_RSI,30m,16,fingrad_exact,False,False,5,5,0,-1.6703362414921201,-0.0167033624149212,-0.0167033624149212,,,,,,-0.031586503948313,-0.0129825770315732,,0,0,0,0,1,4,0,0,0,-9.012798048768228e-05,0.0144851686887374,-1.146913425133298,0.8742912982102415,0.8742912982102415,-0.8577232327963153,-1.7738915839180052,0.9619594574420364,0.9018302828618968,0.9044600989229814,-4.313587772159495,0.0015,0.0157769053089782,0.0157769053089782,0.002935698383117,-0.0182033624149212,-0.0196390607980382,-0.0196390607980382,False,False,1700.0,6235.0,True,False,False,is,False,0.0144555491884856,7,46735,600,,,,,-3.1586503948313,-1.29825770315732,
N17_KC_RSI,30m,16,fingrad_exact,False,False,44539,21878,22661,-0.04456173087957,-0.0004456173087957,-0.0004583670108768,-0.0004333081440576,-0.001337353678884,-0.000555917215514,-0.0008377265020377,5.343247862962666e-05,0.00054382052091,-0.0004460904121035,-0.0002630685562943,7022,7321,6138,5583,5532,6264,6679,2,7,-1.6508365294152793e-06,0.0004987353730258,-0.8901844470601606,0.8133165727657118,0.8133165727657118,0.082931582855161,4.6204799543248205,1.91426667643063e-06,0.831946755407654,0.8137378755112091,-3.252953596615765,0.0015,0.0157769053089782,0.0157769053089782,0.002935698383117,-0.0019456173087957,-0.0033813156919127,-0.0033813156919127,True,False,1700.0,6235.0,False,False,True,is,False,0.0005280968214953,7,46735,600,-0.1337353678884,-0.055591721551400006,-0.08377265020377,0.005343247862962666,0.054382052091,-0.044609041210349996,-0.026306855629429998
N18_VWMA_MACD,30m,16,fingrad_exact,False,False,32546,16109,16437,-0.04029482501656,-0.0004029482501656,0.000138406724184,-0.0009335004970354,0.0005361027763556,-0.000492341324838,0.0001085646832761,-0.0001881960050059,-0.0014649848367542,-0.0007065881913414,-0.0005879248415534,4689,4543,4352,4863,4681,4669,4749,2,7,-7.874689080778658e-06,0.000332144303445,-1.189463606592421,0.88287135803198,0.88287135803198,-0.0995835441594796,-8.336816857838928,1.0,0.8901830282861897,0.8789799370490119,-2.773761588196813,0.0015,0.0157769053089782,0.0157769053089782,0.002935698383117,-0.0019029482501656,-0.0033386466332826,-0.0033386466332826,True,False,1700.0,6235.0,False,False,False,is,False,0.0003405668873524,7,46735,600,0.053610277635560005,-0.0492341324838,0.010856468327610001,-0.01881960050059,-0.14649848367541998,-0.07065881913414,-0.05879248415534
N21_ST_RSI_ADX,30m,16,fingrad_exact,False,False,0,0,0,,,,,,,,,,,,0,0,0,0,0,0,0,0,0,,,,,,,,,,,,0.0015,0.0157769053089782,0.0157769053089782,0.002935698383117,,,,False,False,1700.0,6235.0,True,False,False,is,False,,7,46735,600,,,,,,,
N22_VORTEX_PSAR,30m,16,fingrad_exact,False,False,25996,13075,12921,-0.00482599075674408,-4.82599075674408e-05,0.0001566523007838,-0.0002556143789081,0.000188407338289,0.0001336924023853,-0.0008251101200155,-0.0003814377427174,0.0002054344552136,0.0001126996423749,0.0001459475004923,3864,3711,3344,3817,3693,3809,3758,5,7,4.759683969447557e-06,0.0002016275993858,-0.2629580062371597,0.6037085267582482,0.6037085267582482,-0.0262255467017365,-3.5294284939700646,0.9997917708845866,0.6023294509151415,0.5973706185898122,-0.3180989255877199,0.0015,0.0157769053089782,0.0157769053089782,0.002935698383117,-0.0015482599075674,-0.0029839582906844,-0.0029839582906844,True,True,1700.0,6235.0,False,False,False,is,False,0.0002021173233974,7,46735,600,0.0188407338289,0.01336924023853,-0.08251101200155,-0.03814377427174,0.02054344552136,0.01126996423749,0.01459475004923
N23_HA_ST,30m,16,fingrad_exact,False,False,36471,18229,18242,-0.03199693538269,-0.0003199693538269,7.968066136628789e-05,-0.0007193345619705,-8.033218478606613e-05,-0.000641946831647,0.001063859561705,-0.0009083990107633,-0.0009300279000631,-0.0008814409548732,0.000166206975821,4947,4918,5038,5547,5131,5225,5665,2,7,9.110919051741692e-06,0.0002888315180311,-1.139350286706621,0.8727214589725656,0.8727214589725656,-0.0958002788693287,-9.870370889551936,1.0,0.8718801996672213,0.8694730531229258,-2.302975718193224,0.0015,0.0157769053089782,0.0157769053089782,0.002935698383117,-0.0018199693538269,-0.0032556677369439,-0.0032556677369439,True,False,1700.0,6235.0,False,False,False,is,False,0.000279125727558,7,46735,600,-0.008033218478606613,-0.06419468316469999,0.10638595617049999,-0.09083990107633,-0.09300279000631001,-0.08814409548732,0.0166206975821
N24_DMI,30m,16,fingrad_exact,False,False,13975,2718,11257,-0.02910351993735,-0.0002910351993735,-0.0009994314883809,-0.0001199930821556,-0.0008062447130152,0.0003197372806136,-0.0004822083584732,-0.0005126150147927,0.0002785457384159,-0.0008102461253632,6.925090708314653e-06,1971,1921,1879,2101,1925,2049,2129,3,7,-0.0001252426735379,0.0003058677186574,-0.5420399595071348,0.7061045107661674,0.7061045107661674,-0.0295534388045191,-2.3576014195417803,0.9908032849133076,0.7237936772046589,0.7120955827248785,-1.3245006046588803,0.0015,0.0157769053089782,0.0157769053089782,0.002935698383117,-0.0017910351993735,-0.0032267335824905,-0.0032267335824905,True,False,1700.0,6235.0,False,False,False,is,False,0.0002876260147026,7,46735,600,-0.08062447130151999,0.03197372806136,-0.04822083584732,-0.05126150147926999,0.02785457384159,-0.08102461253632,0.0006925090708314653
N25_DST_CCI,30m,16,fingrad_exact,False,False,15641,7531,8110,0.00791524248458241,7.91524248458241e-05,2.353665524883082e-05,0.0001307975988082,-8.813709669559649e-05,0.0001385710069067,0.0011214467255054,-6.606752372944638e-05,-0.0006597801022403,-0.0002478221536526,0.0005062594235481,2226,2232,1958,2317,2275,2337,2296,3,7,5.284934553261062e-06,0.0003380391586066,0.2185175545846106,0.4135129411023571,0.4135129411023571,-0.0031151977459795,-0.264252668037198,0.6042073851626045,0.4209650582362729,0.3968481682118921,0.4378736087579946,0.0015,0.0157769053089782,0.0157769053089782,0.002935698383117,-0.0014208475751541,-0.0028565459582711,-0.0028565459582711,True,False,1700.0,6235.0,False,False,False,is,False,0.0003574732661948,7,46735,600,-0.008813709669559648,0.01385710069067,0.11214467255054,-0.006606752372944638,-0.06597801022402999,-0.02478221536526,0.05062594235481
S1_EMA_RSI_CHOP,30m,16,fingrad_approx,True,False,70,26,44,-1.46405744211724,-0.0146405744211724,-0.023007076527254,-0.0096967322675787,-0.0093899701657878,-0.0285954070764845,-0.0220947696587993,0.0111208196074177,-0.0182559633062925,-0.0142912037466665,-0.0021155615266534,24,14,9,2,5,8,8,0,2,-9.145928743435382e-05,0.003469575201535,-4.1933419190052375,0.9999862562675262,0.9999862562675262,-0.3537365273510069,-2.5986781113810924,0.9953208259185442,1.0,0.9999785880992657,-2.8118980426857947,0.0015,0.0157769053089782,0.0157769053089782,0.002935698383117,-0.0161405744211724,-0.0175762728042894,-0.0175762728042894,False,False,1700.0,6235.0,True,False,False,is,False,0.00318522941645,7,46735,600,-0.93899701657878,-2.85954070764845,-2.20947696587993,1.11208196074177,-1.8255963306292498,-1.42912037466665,-0.21155615266534
S3_CMO_SANDWICH,30m,16,fingrad_approx,True,False,2687,1267,1420,0.0671465817967,0.000671465817967,0.0013481668944037,6.767689976619888e-05,0.0008200616824643,0.0004743156460736,0.0009132838427342,-0.0006980164701499,0.0004558984117591,0.0009460206369813,0.0018232524262218,415,375,328,395,387,398,389,6,7,-1.9785152995523458e-05,0.0005186067754644,1.332899999896045,0.0912823113086481,0.0912823113086481,0.0369278196900014,2.0741450473352523,0.0190329209998379,0.0965058236272878,0.0993298075070124,1.5345257926337,0.0015,0.0157769053089782,0.0157769053089782,0.002935698383117,-0.0008285341820329,-0.0022642325651499,-0.0022642325651499,True,True,1700.0,6235.0,False,False,False,is,False,0.0005305101239336,7,46735,600,0.08200616824643,0.04743156460736,0.09132838427342,-0.06980164701499,0.04558984117591,0.09460206369813,0.18232524262218
S4_BB_BBP,30m,16,fingrad_approx,True,False,11042,5350,5692,-0.04680296705708,-0.0004680296705708,-0.0002399088631244,-0.0006824439923975,-0.0001848495964743,0.0004379973460048,0.0003078346316141,-0.0009187064044869,-0.0007622850543678,-0.001212066526974,-0.0008853168311348,1580,1589,1507,1586,1557,1648,1575,2,7,2.158168558398208e-06,0.0003567159232356,-1.3181016279405076,0.9062651851867234,0.9062651851867234,-0.102304648776266,-7.751854163450311,0.9999999999999954,0.91846921797005,0.896687578956384,-1.9563622047281397,0.0015,0.0157769053089782,0.0157769053089782,0.002935698383117,-0.0019680296705708,-0.0034037280536878,-0.0034037280536878,True,False,1700.0,6235.0,False,False,False,is,False,0.0003632450944613,7,46735,600,-0.01848495964743,0.04379973460048,0.03078346316141,-0.09187064044868999,-0.07622850543678,-0.1212066526974,-0.08853168311348
N04_ST_KLINGER,30m,16,fingrad_approx,True,False,30308,14714,15594,-0.004742153208545625,-4.7421532085456254e-05,0.0003684503987127,-0.0004398249942994,-5.310698729349292e-05,-0.00082879278772,0.0014013759597039,-0.0001130411133944,-0.0003214791657072,-0.0002483432392324,-5.08536089305445e-05,4229,4463,4074,4299,4304,4551,4388,1,7,4.181329810268687e-06,0.0002861851392855,-0.1803128632903285,0.5715465211323191,0.5715465211323191,-0.0485092717054796,-4.897264290581692,0.9999995140995224,0.5707154742096506,0.5383165963642592,-0.3172071671989971,0.0015,0.0157769053089782,0.0157769053089782,0.002935698383117,-0.0015474215320854,-0.0029831199152024,-0.0029831199152024,True,False,1700.0,6235.0,False,False,False,is,False,0.0002753470096292,7,46735,600,-0.005310698729349292,-0.08287927877199999,0.14013759597039,-0.011304111339439999,-0.032147916570720005,-0.02483432392324,-0.0050853608930544495
N05_PSAR_POC,30m,16,fingrad_approx,True,False,2755,1360,1395,-0.04328022347499,-0.0004328022347499,3.6175887428408426e-05,-0.0008900138807446,0.0002165906148583,-0.0005280839513669,-0.0009648808460748,0.0003902945032654,-0.0021822313668692,-0.0004667867607047,0.0002873440216154,418,414,328,424,383,403,385,3,7,2.3761238144425653e-05,0.000490861739198,-0.930126421424194,0.8238471838781944,0.8238471838781944,-0.0363472541858603,-2.0647006453631507,0.9805243332540172,0.8202995008319468,0.7973363595486371,-0.9686244747068214,0.0015,0.0157769053089782,0.0157769053089782,0.002935698383117,-0.0019328022347499,-0.0033685006178669,-0.0033685006178669,True,False,1700.0,6235.0,False,False,False,is,False,0.0005153514629586,7,46735,600,0.02165906148583,-0.05280839513669,-0.09648808460748,0.039029450326540004,-0.21822313668692,-0.04667867607047,0.02873440216154
N06_MACD_ORB,30m,16,fingrad_approx,True,False,3399,1681,1718,0.0263104853277,0.000263104853277,0.0009889070480247,-0.00044706597872,-5.155076753638021e-06,0.0006415766911873,0.0014332897446526,0.0002045507561893,-0.0002604931013783,0.0004272794775101,-0.0004140266210571,503,447,431,551,509,486,472,4,7,-9.900174467177188e-06,0.0005519247704048,0.4946417381194,0.3104265171932989,0.3104265171932989,-0.1058548919834429,-5.458363103956977,0.9999999759727922,0.3078202995008319,0.3062972400059953,0.6038127964159214,0.0015,0.0157769053089782,0.0157769053089782,0.002935698383117,-0.0012368951467229,-0.0026725935298399,-0.0026725935298399,True,True,1700.0,6235.0,False,False,False,is,False,0.000537297388615,7,46735,600,-0.0005155076753638021,0.06415766911873,0.14332897446526,0.02045507561893,-0.02604931013783,0.04272794775101,-0.04140266210571
N11_BREAKAWAY,30m,16,fingrad_approx,True,False,157,63,94,-0.50971647484991,-0.0050971647484991,-0.0155412140430036,0.0019025704169665,0.0020746707649546,-0.0002926816626344,-0.0143907656720174,-0.008193018888907,-0.0101753032666369,-0.0083955867250472,-0.0020298186706772,29,16,22,15,16,21,38,1,7,-3.581575664313664e-05,0.0021220144933203,-2.3851623105253026,0.9914642062773908,0.9914642062773908,-0.0756542476112122,-0.9571112850782556,0.830744455903596,0.9916805324459236,0.989850759051881,-2.0187098313013525,0.0015,0.0157769053089782,0.0157769053089782,0.002935698383117,-0.0065971647484991,-0.0080328631316162,-0.0080328631316162,True,False,1700.0,6235.0,True,False,False,is,False,0.0021653747719791,7,46735,600,0.20746707649545998,-0.029268166263440004,-1.43907656720174,-0.8193018888907,-1.01753032666369,-0.8395586725047199,-0.20298186706772
N13_3OUTSIDE,30m,16,fingrad_approx,True,False,2432,1284,1148,0.03593387546978,0.0003593387546978,0.0004771131509455,0.0002276119909505,-8.728352582372877e-05,0.0011756349050769,0.0008247828528364,0.0003159622287203,-0.0001156889432524,-0.000462006739391,0.0008008251650867,247,298,379,365,350,378,415,4,7,1.1646615294749118e-05,0.0005377057935397,0.6466215234808103,0.2589384622306533,0.2589384622306533,-0.0292049762047677,-1.539962323370247,0.938215231220132,0.232945091514143,0.2633449671327323,0.7030718922847782,0.0015,0.0157769053089782,0.0157769053089782,0.002935698383117,-0.0011406612453021,-0.0025763596284191,-0.0025763596284191,True,True,1700.0,6235.0,False,False,False,is,False,0.0005480420423525,7,46735,600,-0.008728352582372877,0.11756349050769,0.08247828528364,0.03159622287203,-0.01156889432524,-0.046200673939100004,0.08008251650867
N15_KC_AO,30m,16,fingrad_approx,True,False,50,19,31,-0.85284148715449,-0.0085284148715449,-0.0104573490443764,-0.0073461648946481,-0.0144596397978461,-0.0073325948368016,-0.0300020212676737,-0.0149658594719331,0.0095302264360691,-0.0005056247298044,-0.0073722468962436,10,9,6,5,9,5,6,0,1,8.169209448991152e-05,0.0036956405162397,-2.3298009988253536,0.9900916643198217,0.9900916643198217,-0.3356879656468298,-2.5699372330475687,0.9949141528677332,0.9933444259567388,0.9890799306254416,-2.2395688626000174,0.0015,0.0157769053089782,0.0157769053089782,0.002935698383117,-0.0100284148715449,-0.0114641132546619,-0.0114641132546619,False,False,1700.0,6235.0,True,False,False,is,False,0.0037178889351618,7,46735,600,-1.44596397978461,-0.73325948368016,-3.0002021267673697,-1.49658594719331,0.95302264360691,-0.05056247298044,-0.73722468962436
N16_BBRSI,30m,16,fingrad_approx,True,False,4273,2084,2189,-0.006111618507948169,-6.111618507948169e-05,0.0001741953293702,-0.0002851404866387,-0.0003817664038205,0.0012302226505016,0.0007044591799599,0.0007174734944725,0.0001704726340466,-0.0015383971657728,-0.0010772881172896,662,620,533,573,610,625,650,4,7,1.4897298368156164e-05,0.0004414141557177,-0.1722044534888883,0.5683616015962317,0.5683616015962317,-0.0021223317069838,-0.103008600643169,0.541021927529078,0.5657237936772047,0.5586579020619661,-0.1481626237797573,0.0015,0.0157769053089782,0.0157769053089782,0.002935698383117,-0.0015611161850794,-0.0029968145681965,-0.0029968145681965,True,True,1700.0,6235.0,False,False,False,is,False,0.0004431393453908,7,46735,600,-0.03817664038205,0.12302226505016,0.07044591799599,0.07174734944725,0.01704726340466,-0.15383971657728,-0.10772881172896
N19_FIB_CHOP,30m,16,fingrad_approx,True,False,2913,1098,1815,-0.10179892549366,-0.0010179892549366,-0.0008641376574628,-0.0011110631139042,-0.0005453944209516,0.0006717290927145,-0.000637400674922,-0.0010183120309793,-0.001514010587088,-0.0014046343491024,-0.0023217170751038,392,362,351,504,509,391,404,1,7,1.5441108630844808e-06,0.0008153852864121,-1.2503700799972646,0.8944178054723633,0.8944178054723633,-0.1384253879966297,-4.898214400060268,0.99999951644261,0.9051580698835274,0.8920411964970131,-1.9645259658133272,0.0015,0.0157769053089782,0.0157769053089782,0.002935698383117,-0.0025179892549366,-0.0039536876380536,-0.0039536876380536,True,False,1700.0,6235.0,False,False,False,is,False,0.0007875457113319,7,46735,600,-0.05453944209516,0.06717290927144999,-0.0637400674922,-0.10183120309793,-0.1514010587088,-0.14046343491024002,-0.23217170751038
N20_EMA9_CHOP,30m,16,fingrad_approx,True,False,14723,0,14723,0.01029191939951,0.0001029191939951,,0.0001029191939951,-0.0004511655223403,-2.0762228888806118e-05,0.0004843409466238,0.0004220272808629,0.0006306877090081,-0.0009441087714881,0.0006278700562051,2165,1961,1839,2247,2093,2163,2255,4,7,-0.0002136478514698,0.0003409198766258,0.9285672885904032,0.1765566904393785,0.1765566904393785,-0.0025760138084357,0.3880819935685097,0.3489776783975215,0.173044925124792,0.1606749031111491,0.5072690226409289,0.0015,0.0157769053089782,0.0157769053089782,0.002935698383117,-0.0013970808060048,-0.0028327791891218,-0.0028327791891218,True,True,1700.0,6235.0,False,False,False,is,False,0.0003247996413566,7,46735,600,-0.04511655223403,-0.002076222888880612,0.04843409466238,0.04220272808629,0.06306877090080999,-0.09441087714881,0.06278700562051
V39_ALL,30m,16,pine,False,False,11938,5369,6569,0.01929285144839,0.0001929285144839,8.510579984162588e-05,0.000281054584649,0.0001408905786256,0.0002027932076945,0.0010034442017875,-0.0007551252133053,0.0001423966120324,-0.0002937291293751,0.0009854807294289,1834,1898,1575,1677,1656,1673,1625,5,7,-3.4095663213855204e-05,0.0003968489374145,0.5720669914774492,0.2836382952522029,0.2836382952522029,-0.0413059469034413,-2.9074316210236275,0.9981779499792324,0.281198003327787,0.2890392480140462,0.8426052513973318,0.0015,0.0157769053089782,0.0157769053089782,0.002935698383117,-0.001307071485516,-0.0027427698686331,-0.0027427698686331,True,True,1700.0,6235.0,False,False,False,is,False,0.0004036866962059,7,46735,600,0.014089057862560001,0.02027932076945,0.10034442017874999,-0.07551252133053,0.01423966120324,-0.02937291293751,0.09854807294289
OBV_S,30m,16,pine,False,False,4406,2092,2314,-0.05538310293272,-0.0005538310293272,4.1225430651064735e-05,-0.0010917990994545,0.0004675301424085,-0.0002465860537448,-0.0012363777926382,-0.0020278168624314,0.0003723151653287,-0.0018154725849056,0.0006604224460049,664,617,512,681,588,683,661,3,7,2.8442099399209583e-05,0.0004497830100347,-1.294564524972723,0.902264751620532,0.902264751620532,-0.0427836679327829,-2.7130887161436035,0.9966670371064866,0.8985024958402662,0.8771599254865854,-1.3522448021042508,0.0015,0.0157769053089782,0.0157769053089782,0.002935698383117,-0.0020538310293272,-0.0034895294124442,-0.0034895294124442,True,False,1700.0,6235.0,False,False,False,is,False,0.0004668542071305,7,46735,600,0.04675301424085,-0.02465860537448,-0.12363777926382,-0.20278168624314002,0.037231516532870004,-0.18154725849056,0.06604224460049
OBV_B,30m,16,pine,False,False,12642,6399,6243,-0.07049377976532,-0.0007049377976532,-0.0004257350780458,-0.0009911172310614,-0.0004322510109202,-0.0009296173762245,-0.0005561338109358,-0.0008818498623833,-0.0009985745903555,5.041841011152465e-05,-0.0012279533987245,1872,1804,1660,1753,1867,1904,1782,1,7,2.0596183749366133e-05,0.000294036484933,-2.4674964454421326,0.993196921386866,0.993196921386866,-0.0302923766408873,-2.8133478383529638,0.9975485707989326,0.995008319467554,0.9897865233496778,-3.2002745256288905,0.0015,0.0157769053089782,0.0157769053089782,0.002935698383117,-0.0022049377976532,-0.0036406361807702,-0.0036406361807702,True,False,1700.0,6235.0,False,False,False,is,False,0.0003071251778493,7,46735,600,-0.04322510109202,-0.09296173762245,-0.055613381093579994,-0.08818498623833,-0.09985745903555,0.005041841011152465,-0.12279533987245
V45_AMB,30m,16,v45,False,True,4295,2123,2172,0.10165539658679001,0.0010165539658679,0.0009630062905958,0.001068893613475,0.0009270521560237,0.0022857976264292,-0.0001954122389797,0.0017468255457861,0.000367008319066,0.0009069251103065,0.0011127910102129,587,569,564,610,644,682,639,6,7,4.092969749533701e-05,0.0006142553006064,1.588304191122638,0.0561087851217914,0.0561087851217914,0.0814684605481862,3.783927937690281,7.718626869919743e-05,0.064891846921797,0.0641714665010813,2.9697388901860737,0.0015,0.0157769053089782,0.0157769053089782,0.002935698383117,-0.000483446034132,-0.001919144417249,-0.001919144417249,True,True,1700.0,6235.0,False,False,False,is,True,0.0006718369015709,7,46735,600,0.09270521560237,0.22857976264292001,-0.01954122389797,0.17468255457860998,0.0367008319066,0.09069251103065,0.11127910102129002
DOGE_L,30m,16,doge,False,True,3173,3173,0,0.015866903579920003,0.0001586690357992,0.0001586690357992,,0.0016469699702442,0.0009216037909197,1.2243706809176769e-05,-1.2544539324328458e-05,-0.0019035027270696,-6.088769956687208e-05,0.0005529434203176,417,469,449,449,449,457,483,4,7,0.0002093962144786,0.0006223165084804,-0.0815134710202659,0.5324831938978785,0.5324831938978785,-0.0719000734240991,-3.679208794541076,0.9998830206659748,0.5507487520798668,0.5398582532171381,0.3404706358184575,0.0015,0.0157769053089782,0.0157769053089782,0.002935698383117,-0.0013413309642007,-0.0027770293473177,-0.0027770293473177,True,True,1700.0,6235.0,False,False,False,is,True,0.0006295033708617,7,46735,600,0.16469699702442,0.09216037909197,0.0012243706809176769,-0.0012544539324328458,-0.19035027270695998,-0.006088769956687208,0.05529434203176
DOGE_S,30m,16,doge,False,True,3224,0,3224,-0.0057534964017970395,-5.75349640179704e-05,,-5.75349640179704e-05,-0.0003133797676628,0.0014904198941207,0.0002814606296657,-0.0012415208422364,-0.0008178882060956,0.0007093939558514,-0.0003514394498084,371,428,498,486,447,444,550,3,7,-0.0002442442298634,0.0006419474389535,0.2908482136011082,0.3855837046802114,0.3855837046802114,-0.1007434362232159,-4.177841807264694,0.9999852855893344,0.3777038269550749,0.3852000942123632,-0.1201114758094212,0.0015,0.0157769053089782,0.0157769053089782,0.002935698383117,-0.0015575349640179,-0.0029932333471349,-0.0029932333471349,True,False,1700.0,6235.0,False,False,False,is,True,0.0006527720702344,7,46735,600,-0.03133797676628,0.14904198941207,0.028146062966569997,-0.12415208422364,-0.08178882060956,0.07093939558514,-0.03514394498084
S2_ST_ROC,30m,64,fingrad_exact,False,False,31387,15218,16169,0.057338294344499996,0.000573382943445,0.0017069473743268,-0.0004935094747107,0.0003437507300185,-0.001188039101765,0.0034124909199923,0.0006116581708104,-0.0003615255925022,-0.000248238985041,0.0017913833945684,4677,4573,4003,4596,4447,4573,4518,4,7,1.5178177075297018e-05,0.00087073727871,0.6410714000860007,0.2607381473987534,0.2607381473987534,-0.0424622650559383,-2.722177992561512,0.9967573399098658,0.2412645590682196,0.2233295388646663,2.0666707442170043,0.0018,0.0327872726773325,0.0327872726773325,0.0047836418136372,-0.0012266170565549,-0.0042102588701922,-0.0042102588701922,True,True,2346.0,9066.0,False,False,False,is,False,0.000872498406326,7,46687,600,0.03437507300185,-0.1188039101765,0.34124909199923,0.06116581708104,-0.03615255925022,-0.024823898504100002,0.17913833945684
S5_DONCHIAN_MFI,30m,64,fingrad_exact,False,False,808,436,372,0.08886620517649,0.0008886620517649,-6.454509678648882e-05,0.0020058618280242,-0.0030531077207436,0.0026094773081072,0.0012312156560112,-0.0004869822800999,0.0079916413722024,0.0018927807116489,-0.0016799612140337,102,108,82,155,96,112,153,4,7,8.361500700333304e-05,0.0020179653529506,0.3989399736643156,0.3449687171373889,0.3449687171373889,-0.0283019545135159,-0.7623826725360068,0.777084177591471,0.3510815307820299,0.3383448957237054,0.4772488899179227,0.0018,0.0327872726773325,0.0327872726773325,0.0047836418136372,-0.000911337948235,-0.0038949797618722,-0.0038949797618722,True,True,2346.0,9066.0,True,False,False,is,False,0.0019927961327959,7,46687,600,-0.30531077207436,0.26094773081072004,0.12312156560111999,-0.04869822800999,0.7991641372202399,0.18927807116488998,-0.16799612140337
S6_EMA_DMI_ADX,30m,64,fingrad_exact,False,False,3125,1522,1603,-0.01405410908018,-0.0001405410908018,-0.0008140665078897,0.0004989509146926,0.000438910245726,-0.0002897010129354,-0.0027970454645723,0.0020473685620538,-0.0030863748801201,0.0026771279304874,2.5857169217203065e-05,476,525,439,400,422,450,413,4,7,-3.365800767111886e-05,0.000791338005582,-0.1350662831518638,0.5537202660002242,0.5537202660002242,-0.0032938210749822,-0.1670798360046994,0.5663463842364932,0.5507487520798668,0.5702012500268476,-0.148112630128218,0.0018,0.0327872726773325,0.0327872726773325,0.0047836418136372,-0.0019405410908018,-0.0049241829044391,-0.0049241829044391,True,True,2346.0,9066.0,False,False,False,is,False,0.0007946372067522,7,46687,600,0.0438910245726,-0.02897010129354,-0.27970454645723003,0.20473685620538,-0.30863748801200996,0.26771279304873996,0.0025857169217203065
N01_ST_EMA,30m,64,fingrad_exact,False,False,10421,5055,5366,0.13136901823042,0.0013136901823042,0.0015760196657283,0.0010665646626046,-0.0001875765764342,-0.0012126159410881,0.0033804466818067,0.0032262562198246,3.365357874437269e-05,0.0003457993431999,0.0038342239755771,1576,1449,1295,1596,1539,1493,1473,5,7,1.9543544655457538e-05,0.0010453092841345,1.2380514143432153,0.1078484986967278,0.1078484986967278,-0.0441008238996898,-2.372530100988408,0.991166638223607,0.1198003327787021,0.1007968384200691,2.628149546020901,0.0018,0.0327872726773325,0.0327872726773325,0.0047836418136372,-0.0004863098176957,-0.0034699516313329,-0.0034699516313329,True,True,2346.0,9066.0,False,False,False,is,False,0.0010347454401302,7,46687,600,-0.01875765764342,-0.12126159410881,0.33804466818067,0.32262562198246003,0.003365357874437269,0.03457993431999,0.38342239755771
N02_ST_KST,30m,64,fingrad_exact,False,False,9247,4448,4799,-0.01611666187765,-0.0001611666187765,0.0007264068615974,-0.0009838227639534,0.0003795115241652,-0.0018527335754018,0.0015246832058521,-0.0002354286667996,-0.0011930373245788,-0.0009820411069194,0.0012603443772236,1336,1296,1228,1378,1323,1316,1370,3,7,2.073052886863288e-05,0.000991065858195,-0.1835368922671589,0.5728116127314121,0.5728116127314121,-0.0570043764289621,-3.222916235948986,0.9993655367246944,0.5524126455906821,0.5240877166605812,-0.3058213278272307,0.0018,0.0327872726773325,0.0327872726773325,0.0047836418136372,-0.0019611666187765,-0.0049448084324138,-0.0049448084324138,True,False,2346.0,9066.0,False,False,False,is,False,0.0009704117937204,7,46687,600,0.03795115241652,-0.18527335754018,0.15246832058521,-0.02354286667996,-0.11930373245788,-0.09820411069194002,0.12603443772236
N03_ADX_GC,30m,64,fingrad_exact,False,False,336,165,171,-0.26539761003115003,-0.0026539761003115,-0.0026162258615397,-0.0026904017693018,-0.0032278993934826,0.002958418403214,0.0041441082603981,0.0027739752534588,-0.0139034621463109,-0.00192286578348,-0.00736844290719,42,50,32,59,57,55,41,3,7,-5.137232475657872e-05,0.002776321592167,-0.937428784510351,0.8257309798641213,0.8257309798641213,-0.090984910776985,-1.758409814753527,0.9606610978260408,0.848585690515807,0.8350909598573852,-0.9372643484838644,0.0018,0.0327872726773325,0.0327872726773325,0.0047836418136372,-0.0044539761003115,-0.0074376179139488,-0.0074376179139488,True,False,2346.0,9066.0,True,False,False,is,False,0.0027978796686877,7,46687,600,-0.32278993934826,0.2958418403214,0.41441082603981005,0.27739752534588,-1.3903462146310899,-0.192286578348,-0.736844290719
N07_ICHI_CMO,30m,64,fingrad_exact,False,False,4490,2380,2110,0.06737718401399,0.0006737718401399,0.001139567682357,0.0001483717906248,-0.001545603333636,-0.0004230630560518,0.0031478006604191,0.0004254249433259,0.0001590259301788,0.0025658535357164,0.0008918813326542,686,632,546,645,687,655,639,5,7,6.372357425287751e-05,0.0009520731625652,0.6407577588294939,0.2608400406341052,0.2608400406341052,-0.0291661414617468,-1.7298249404015946,0.9581692214849644,0.2545757071547421,0.2505208445198565,0.8879292716580776,0.0018,0.0327872726773325,0.0327872726773325,0.0047836418136372,-0.00112622815986,-0.0041098699734973,-0.0041098699734973,True,True,2346.0,9066.0,False,False,False,is,False,0.000947281401277,7,46687,600,-0.15456033336359998,-0.042306305605180006,0.31478006604191,0.042542494332590004,0.015902593017880003,0.25658535357164,0.08918813326542001
N08_ICHI_WR,30m,64,fingrad_exact,False,False,587,332,255,-0.06844577179081,-0.0006844577179081,-0.0013199332954226,0.0001429065634048,0.0007432125101573,-0.006374634139402,0.0033968010848965,0.0026458651849387,-0.007779221182296,0.0002530303242638,0.002182086694528,87,71,82,88,93,85,81,5,7,0.0001868442197928,0.0022987060089081,-0.3790401792680107,0.6476709863165505,0.6476709863165505,-0.0549033086117851,-1.3942410604552078,0.9183775887395612,0.6505823627287853,0.6368263923194226,-0.3688243851410063,0.0018,0.0327872726773325,0.0327872726773325,0.0047836418136372,-0.0024844577179081,-0.0054680995315453,-0.0054680995315453,True,True,2346.0,9066.0,True,False,False,is,False,0.0022701287306636,7,46687,600,0.07432125101573,-0.6374634139402,0.33968010848965,0.26458651849387,-0.7779221182296,0.02530303242638,0.21820866945279999
N09_ALLIG_AROON,30m,64,fingrad_exact,False,False,5201,2563,2638,0.01039793804938,0.0001039793804938,-0.0006432471754484,0.0008299618152474,0.0005846773614541,0.001278493504601,0.0006439627799507,0.001449535380461,-0.001946181981635,-0.0002503702150095,-0.000979541556048,846,749,606,757,761,732,750,4,7,-3.72024749242284e-06,0.0007319147116414,0.1471477841246136,0.4415076870339047,0.4415076870339047,-0.0250015313119956,-1.8722003111041272,0.969410551962277,0.4575707154742096,0.4331708155243884,0.1515074521513148,0.0018,0.0327872726773325,0.0327872726773325,0.0047836418136372,-0.0016960206195061,-0.0046796624331434,-0.0046796624331434,True,True,2346.0,9066.0,False,False,False,is,False,0.0006952607643256,7,46687,600,0.058467736145409996,0.1278493504601,0.06439627799507,0.1449535380461,-0.1946181981635,-0.025037021500949996,-0.0979541556048
N10_HA_PSAR,30m,64,fingrad_exact,False,False,12520,6550,5970,-0.07024182564201,-0.0007024182564201,-7.603362906364809e-05,-0.0013896576716939,-0.0008292322274965,-0.0014856424479287,0.0002063165101545,0.0003364905381009,-0.0002609171475268,-0.0012254530719605,-0.0016515095124284,1495,1590,1791,1943,1742,1824,2135,2,7,6.754546258778421e-06,0.0004771493643343,-1.486270035522675,0.93139614541502,0.93139614541502,-0.0215441927647832,-2.5538617946366795,0.994673223302489,0.9217970049916804,0.94697051053502,-1.545938157724995,0.0018,0.0327872726773325,0.0327872726773325,0.0047836418136372,-0.0025024182564201,-0.0054860600700573,-0.0054860600700573,True,False,2346.0,9066.0,False,False,False,is,False,0.0004554271508335,7,46687,600,-0.08292322274965,-0.14856424479287,0.02063165101545,0.03364905381009,-0.02609171475268,-0.12254530719605002,-0.16515095124284002
N12_ICHI_AO,30m,64,fingrad_exact,False,False,4829,2451,2378,0.01643399796752,0.0001643399796752,1.8896234061919908e-05,0.0003142485669326,-0.0009392792909317,0.000527442448581,0.0010185874957555,-0.0021079972662515,0.002025821903927,0.0010519556588223,-9.433047054095672e-05,703,697,620,738,676,674,721,4,7,7.18710034441267e-05,0.0009176299089705,0.1007693573706863,0.4598667761326062,0.4598667761326062,-0.0404519391557021,-2.492501868299973,0.9936576668396216,0.4592346089850249,0.4256319938143001,0.2325244359987444,0.0018,0.0327872726773325,0.0327872726773325,0.0047836418136372,-0.0016356600203247,-0.004619301833962,-0.004619301833962,True,True,2346.0,9066.0,False,False,False,is,False,0.0009620251648887,7,46687,600,-0.09392792909316999,0.052744244858099996,0.10185874957555001,-0.21079972662514998,0.20258219039269998,0.10519556588222999,-0.009433047054095672
N14_ICHI_RSI,30m,64,fingrad_exact,False,False,5,5,0,-3.71942217935601,-0.0371942217935601,-0.0371942217935601,,,,,,-0.0007178750897345,-0.0463133084695165,,0,0,0,0,1,4,0,0,0,-0.0003559148548772,0.0269088552050611,-1.3690031277047443,0.9145008513842464,0.9145008513842464,-0.881737583782469,-1.8009328320576363,0.9641432663191624,0.9168053244592346,0.922893532936704,-3.7988143881743306,0.0018,0.0327872726773325,0.0327872726773325,0.0047836418136372,-0.0389942217935601,-0.0419778636071973,-0.0419778636071973,False,False,2346.0,9066.0,True,False,False,is,False,0.0290461019221161,7,46687,600,,,,,-0.07178750897345,-4.63133084695165,
N17_KC_RSI,30m,64,fingrad_exact,False,False,44508,21866,22642,0.12226507126013,0.0012226507126013,0.00191610979337,0.0005529582711168,-0.0009681445019417,-9.057641792394898e-05,-0.0023128337866725,0.0041822170418897,0.0057058839088413,0.0014950162827398,0.0017703276996934,7022,7321,6129,5583,5529,6256,6668,4,7,-1.9950670104277464e-05,0.0012155603730613,1.022245715016265,0.1533323094839777,0.1533323094839777,0.0944239166809208,3.9711945759774383,3.575657025522538e-05,0.1464226289517471,0.1704289181468674,4.838725135079222,0.0018,0.0327872726773325,0.0327872726773325,0.0047836418136372,-0.0005773492873986,-0.0035609911010359,-0.0035609911010359,True,True,2346.0,9066.0,False,False,True,is,False,0.001256441446505,7,46687,600,-0.09681445019417,-0.009057641792394898,-0.23128337866725,0.41822170418897003,0.57058839088413,0.14950162827398,0.17703276996934
N18_VWMA_MACD,30m,64,fingrad_exact,False,False,32526,16098,16428,-0.08284921671422,-0.0008284921671422,0.0002111101448648,-0.0018472113063369,-8.40499345307122e-05,-0.0004574747200773,-0.0004764401360457,-0.0012480640517757,-0.0022229029261168,-0.0007390078935595,-0.0005230320201183,4681,4540,4352,4863,4681,4666,4743,0,7,3.2533582093154976e-05,0.0008324288614306,-1.0343535515522722,0.84951454484377,0.84951454484377,-0.0639897790663892,-4.080757474256781,0.9999775554130252,0.8502495840266223,0.821860435146803,-2.9175811626966373,0.0018,0.0327872726773325,0.0327872726773325,0.0047836418136372,-0.0026284921671422,-0.0056121339807795,-0.0056121339807795,True,False,2346.0,9066.0,False,False,False,is,False,0.0008714003806364,7,46687,600,-0.008404993453071219,-0.04574747200773,-0.04764401360457,-0.12480640517757,-0.22229029261168,-0.07390078935595,-0.05230320201183
N21_ST_RSI_ADX,30m,64,fingrad_exact,False,False,0,0,0,,,,,,,,,,,,0,0,0,0,0,0,0,0,0,,,,,,,,,,,,0.0018,0.0327872726773325,0.0327872726773325,0.0047836418136372,,,,False,False,2346.0,9066.0,True,False,False,is,False,,7,46687,600,,,,,,,
N22_VORTEX_PSAR,30m,64,fingrad_exact,False,False,25976,13066,12910,-0.003571108108811657,-3.571108108811657e-05,0.000381873255515,-0.0004583413631994,-0.0003004188812075,-0.0001046269525887,-0.0002300852392215,-0.0007981299452036,0.0008309179562685,0.0002669202309238,9.348399927693022e-05,3859,3710,3342,3815,3691,3806,3753,3,7,-2.0664400124839503e-06,0.0003028057593335,-0.1111096471535976,0.5442353006047628,0.5442353006047628,-0.008177810468162,-1.4077349853447896,0.9203952209018108,0.5440931780366056,0.551751541055435,-0.1168300084583756,0.0018,0.0327872726773325,0.0327872726773325,0.0047836418136372,-0.0018357110810881,-0.0048193528947253,-0.0048193528947253,True,False,2346.0,9066.0,False,False,False,is,False,0.000300608681437,7,46687,600,-0.030041888120749996,-0.01046269525887,-0.023008523922149998,-0.07981299452036,0.08309179562685,0.02669202309238,0.009348399927693022
N23_HA_ST,30m,64,fingrad_exact,False,False,36455,18219,18236,0.008264403563610414,8.264403563610414e-05,0.0013361620395158,-0.0011697054112099,-0.0002581886870205,-0.0019086210815485,0.0030997728375455,-0.0011945325663629,-0.0003407073127205,-0.0006804747060818,0.0017652227427836,4947,4916,5033,5546,5130,5220,5663,2,7,3.632129235161785e-05,0.0009297055922918,0.0498251744084842,0.4801308526586919,0.4801308526586919,-0.0635951335457705,-3.824502857286631,0.9999344818867322,0.4891846921797005,0.4360488842114307,0.3093501127953218,0.0018,0.0327872726773325,0.0327872726773325,0.0047836418136372,-0.0017173559643638,-0.0047009977780011,-0.0047009977780011,True,False,2346.0,9066.0,False,False,False,is,False,0.0009191006578304,7,46687,600,-0.025818868702050003,-0.19086210815485,0.30997728375455,-0.11945325663629,-0.03407073127205,-0.06804747060818,0.17652227427835998
N24_DMI,30m,64,fingrad_exact,False,False,13960,2715,11245,-0.014509974420129999,-0.0001450997442013,0.0004047944114516,-0.0002778665412309,-0.0015550769667547,0.0013566712001796,-0.0008718585437435,0.0004593045695172,0.0012951504015053,-0.0006244027550239,-0.0009905835326959,1969,1920,1876,2098,1922,2048,2127,3,7,-0.0005147284930454,0.0006408611996063,0.5767688058993229,0.2820478223896364,0.2820478223896364,0.0019548919147041,0.2459567086450229,0.4028578723404514,0.2995008319467554,0.2763590283296462,-0.339263275168113,0.0018,0.0327872726773325,0.0327872726773325,0.0047836418136372,-0.0019450997442013,-0.0049287415578386,-0.0049287415578386,True,False,2346.0,9066.0,False,False,False,is,False,0.0006103931608163,7,46687,600,-0.15550769667547001,0.13566712001796,-0.08718585437435,0.04593045695172,0.12951504015053,-0.06244027550239,-0.09905835326958999
N25_DST_CCI,30m,64,fingrad_exact,False,False,15622,7518,8104,0.13988587564051,0.0013988587564051,0.0015460023785471,0.0012623550852225,0.0004038964878888,-0.0001621839536355,0.0042001441769287,0.0033865256064531,0.000688214865745,0.0005349638868324,0.0010680160568218,2224,2227,1957,2313,2271,2335,2295,6,7,-1.3061675588676705e-05,0.000925108896503,1.5262207912288743,0.0634774436140231,0.0634774436140231,-0.0024916666758028,-0.1898635566504741,0.575291974722937,0.0615640599001663,0.0617710861487574,3.566541942193228,0.0018,0.0327872726773325,0.0327872726773325,0.0047836418136372,-0.0004011412435948,-0.0033847830572321,-0.0033847830572321,True,True,2346.0,9066.0,False,False,False,is,False,0.0009292832944279,7,46687,600,0.040389648788879996,-0.016218395363550003,0.42001441769287,0.33865256064531,0.0688214865745,0.05349638868324,0.10680160568218
S1_EMA_RSI_CHOP,30m,64,fingrad_approx,True,False,70,26,44,-2.06823162804563,-0.0206823162804563,-0.0276941698650175,-0.0165389482532157,-0.0174644293103937,-0.0433407994904084,0.0016712856014132,0.0176877729910165,-0.0764338454046562,-0.0069738448616505,-0.0042877217243807,24,14,9,2,5,8,8,0,2,-0.0003128600711395,0.00620568769033,-3.28238500320559,0.9994853351978816,0.9994853351978816,-0.3236716494272085,-2.616148758670634,0.995553609748024,1.0,0.9993986125131552,-2.3456147816757635,0.0018,0.0327872726773325,0.0327872726773325,0.0047836418136372,-0.0224823162804563,-0.0254659580940936,-0.0254659580940936,False,False,2346.0,9066.0,True,False,False,is,False,0.0062228233174266,7,46687,600,-1.74644293103937,-4.33407994904084,0.16712856014132,1.76877729910165,-7.64338454046562,-0.69738448616505,-0.42877217243807
S3_CMO_SANDWICH,30m,64,fingrad_approx,True,False,2686,1267,1419,0.0834500638132,0.000834500638132,0.004231969016759,-0.0021990387809801,-0.0004538936912246,0.0004604815842781,-0.0017396473179528,0.0023774947410156,0.0024646390161227,0.0009786613031645,0.001400697963429,414,375,328,395,387,398,389,5,7,3.40840301568702e-05,0.0010444181318653,0.7663756340055526,0.2217264133144767,0.2217264133144767,0.0019822529319487,0.0202849227292184,0.4919080416163743,0.2445923460898502,0.2054597392555682,0.9176447946356712,0.0018,0.0327872726773325,0.0327872726773325,0.0047836418136372,-0.0009654993618679,-0.0039491411755051,-0.0039491411755051,True,True,2346.0,9066.0,False,False,False,is,False,0.0010457925474168,7,46687,600,-0.04538936912246,0.04604815842781,-0.17396473179528,0.23774947410156,0.24646390161227003,0.09786613031645,0.1400697963429
S4_BB_BBP,30m,64,fingrad_approx,True,False,11028,5345,5683,-0.15659087442617,-0.0015659087442617,-0.0007120509016642,-0.0023689828545352,-0.0006500139356623,-0.0011628634305558,-0.0021313640346817,-0.0017798635646512,-0.0020289993059126,-0.0016161964583334,-0.0016237542769282,1577,1587,1505,1585,1555,1646,1573,0,7,-5.038254883809793e-05,0.0006845047031178,-2.2140478926158864,0.9865872577245404,0.9865872577245404,-0.0672763415119927,-5.61331323988129,0.9999999900755592,0.9800332778702164,0.984342447217509,-3.4263821456067105,0.0018,0.0327872726773325,0.0327872726773325,0.0047836418136372,-0.0033659087442617,-0.006349550557899,-0.006349550557899,True,False,2346.0,9066.0,False,False,False,is,False,0.0007192654462515,7,46687,600,-0.06500139356623,-0.11628634305558001,-0.21313640346817,-0.17798635646511998,-0.20289993059126,-0.16161964583334,-0.16237542769282
N04_ST_KLINGER,30m,64,fingrad_approx,True,False,30282,14703,15579,0.062382872475219994,0.0006238287247522,0.0017724356147825,-0.0004601925284806,0.0007851723436776,-0.0018846459642131,0.0037206383460485,0.0002737431086434,0.0008780092890949,-0.0005631771000216,0.0014712393580836,4225,4459,4069,4294,4300,4551,4384,5,7,1.0692071262273069e-05,0.0008850455705607,0.6927741055203148,0.2442256624806182,0.2442256624806182,-0.0366681472899701,-2.2857754611280834,0.988866301015222,0.2246256239600665,0.2151034171696127,2.168004980687632,0.0018,0.0327872726773325,0.0327872726773325,0.0047836418136372,-0.0011761712752477,-0.004159813088885,-0.004159813088885,True,True,2346.0,9066.0,False,False,False,is,False,0.0008744389536144,7,46687,600,0.07851723436776001,-0.18846459642131,0.37206383460485,0.02737431086434,0.08780092890949001,-0.05631771000216,0.14712393580836
N05_PSAR_POC,30m,64,fingrad_approx,True,False,2748,1358,1390,0.16998961991257,0.0016998961991257,0.0023685245988404,0.0010466606834331,0.0012951514411259,-0.0005325335771662,0.0059482065037664,0.0021180074407186,0.0005293456550491,-0.0015894754074112,0.0051017224732863,417,413,326,423,383,403,383,5,7,-1.879002456298772e-05,0.0010244579445617,1.6776542490711066,0.0467073078709765,0.0467073078709765,0.0182435846489387,1.001003557063329,0.1584125443493247,0.0449251247920133,0.0412379990979187,1.7651679146785997,0.0018,0.0327872726773325,0.0327872726773325,0.0047836418136372,-0.0001001038008742,-0.0030837456145115,-0.0030837456145115,True,True,2346.0,9066.0,False,False,False,is,False,0.0010062654171968,7,46687,600,0.12951514411259,-0.05325335771662,0.59482065037664,0.21180074407186,0.05293456550491,-0.15894754074112,0.51017224732863
N06_MACD_ORB,30m,64,fingrad_approx,True,False,3396,1679,1717,-0.1293975151901,-0.001293975151901,0.0008035359240744,-0.0033450648994624,-0.002901414360109,-0.0006964875992692,0.0006549361215006,0.0011104882872015,-0.0035318618359992,-0.0007478701170235,-0.0028878633800529,501,446,431,551,509,486,472,2,7,-5.164247392666864e-06,0.0011853000723526,-1.0873287993227931,0.8615542373409597,0.8615542373409597,-0.0801887650484622,-3.733859396982321,0.9999057161047296,0.8519134775374376,0.8511995532550097,-1.4094004045425443,0.0018,0.0327872726773325,0.0327872726773325,0.0047836418136372,-0.003093975151901,-0.0060776169655383,-0.0060776169655383,True,False,2346.0,9066.0,False,False,False,is,False,0.0012090214442044,7,46687,600,-0.29014143601090003,-0.06964875992692,0.06549361215006,0.11104882872015,-0.35318618359992,-0.07478701170235,-0.28878633800528997
N11_BREAKAWAY,30m,64,fingrad_approx,True,False,157,63,94,-0.66412294654053,-0.0066412294654053,-0.0165196381055687,-2.059388742348595e-05,0.0037193495775114,0.0085880180855424,-0.0291482142997781,-0.0009783095244986,-0.0291881125265988,0.0073628963356946,-0.008411003114383,29,16,22,15,16,21,38,3,7,-0.0001928012901492,0.0043950544296757,-1.4672009820210004,0.9288393050593788,0.9288393050593788,0.0231846280164829,0.2873629057379238,0.3869172304247734,0.9234608985024958,0.9329452952168216,-1.6321955196727975,0.0018,0.0327872726773325,0.0327872726773325,0.0047836418136372,-0.0084412294654053,-0.0114248712790425,-0.0114248712790425,True,False,2346.0,9066.0,True,False,False,is,False,0.0042833043042504,7,46687,600,0.37193495775114,0.85880180855424,-2.91482142997781,-0.09783095244986001,-2.91881125265988,0.73628963356946,-0.8411003114383
N13_3OUTSIDE,30m,64,fingrad_approx,True,False,2432,1284,1148,0.05814412104702,0.0005814412104702,0.0012973213875353,-0.0002192470711948,0.0005731430239296,-0.0030463957096482,0.0032388213919513,-0.0008944657221654,-0.0014583955574728,0.0008702196294718,0.0035199680111909,247,298,379,365,350,378,415,4,7,3.94939173569871e-06,0.0011064989675354,0.5219090443625731,0.3008668303911974,0.3008668303911974,-0.0043090468627646,-0.2575047420303633,0.6016054224526055,0.3011647254575707,0.312678536910157,0.5448134968781773,0.0018,0.0327872726773325,0.0327872726773325,0.0047836418136372,-0.0012185587895297,-0.0042022006031669,-0.0042022006031669,True,True,2346.0,9066.0,False,False,False,is,False,0.0010910941566872,7,46687,600,0.057314302392959995,-0.30463957096482,0.32388213919513004,-0.08944657221654,-0.14583955574728,0.08702196294718,0.35199680111909
N15_KC_AO,30m,64,fingrad_approx,True,False,50,19,31,-0.9155283416597999,-0.009155283416598,-0.009950338460479,-0.0086679916155096,-0.0116454076927962,-0.0156665842888105,-0.0156680667996306,-0.0254564504239801,0.0105196350096611,-0.0100429321011345,-0.0039137061610397,10,9,6,5,9,5,6,0,1,0.0001170297366211,0.0073030599308587,-1.2696476875452505,0.8978949226857138,0.8978949226857138,-0.1810509492869313,-1.4586483900258698,0.9276690461463152,0.9001663893510815,0.8919865117377951,-1.425930424834074,0.0018,0.0327872726773325,0.0327872726773325,0.0047836418136372,-0.010955283416598,-0.0139389252302353,-0.0139389252302353,False,False,2346.0,9066.0,True,False,False,is,False,0.0074448657952409,7,46687,600,-1.1645407692796201,-1.5666584288810501,-1.56680667996306,-2.54564504239801,1.05196350096611,-1.0042932101134499,-0.39137061610397
N16_BBRSI,30m,64,fingrad_approx,True,False,4268,2082,2186,-0.05374852560243001,-0.0005374852560243,0.0002272537414377,-0.0012658414283554,-0.0017258611680539,-0.0008762278238108,-0.0027439559227893,0.0009658578389369,0.0002955022554807,-0.002196552819589,0.0022937203299093,662,619,532,572,610,624,649,3,7,-9.74787633899178e-06,0.0009260186620685,-0.5698992917771941,0.715626997366579,0.715626997366579,-2.4928622671086227e-05,0.0169190264200434,0.4932506070255282,0.7254575707154742,0.7308790996370197,-0.6832003699459848,0.0018,0.0327872726773325,0.0327872726773325,0.0047836418136372,-0.0023374852560243,-0.0053211270696615,-0.0053211270696615,True,False,2346.0,9066.0,False,False,False,is,False,0.0008875531222782,7,46687,600,-0.17258611680539,-0.08762278238108,-0.27439559227893,0.09658578389368999,0.029550225548070002,-0.2196552819589,0.22937203299092998
N19_FIB_CHOP,30m,64,fingrad_approx,True,False,2912,1097,1815,-0.10266045983038,-0.0010266045983038,0.000783488897656,-0.0021206390694157,-0.0028581531763165,0.001232710415791,0.0024165032687259,-0.0028782541647856,-0.0004970863969149,-0.0019716199750856,-0.0017123961158912,391,362,351,504,509,391,404,2,7,-8.007448684013196e-05,0.0020312077762775,-0.4659937415158963,0.6793900098415601,0.6793900098415601,-0.1061207019108992,-2.8790366081140357,0.9980055398602792,0.6855241264559068,0.6534719388303013,-1.1147596046316022,0.0018,0.0327872726773325,0.0327872726773325,0.0047836418136372,-0.0028266045983038,-0.0058102464119411,-0.0058102464119411,True,False,2346.0,9066.0,False,False,False,is,False,0.0019672287981268,7,46687,600,-0.28581531763165,0.1232710415791,0.24165032687259,-0.28782541647855997,-0.04970863969149,-0.19716199750856,-0.17123961158912
N20_EMA9_CHOP,30m,64,fingrad_approx,True,False,14707,0,14707,0.03989421706783,0.0003989421706783,,0.0003989421706783,-0.0014894928695905,0.0009773570068929,-0.0005306856032608,0.0015689751703168,0.0033148789776671,-0.0012491694690108,0.0001770076317928,2163,1956,1837,2244,2092,2163,2252,4,7,-0.0008534765031276,0.0008013450753039,1.5628955769534238,0.0590385790943531,0.0590385790943531,0.0181849055733227,1.3003265449513863,0.0967445369140148,0.0515806988352745,0.0547047831783328,0.9918630284820402,0.0018,0.0327872726773325,0.0327872726773325,0.0047836418136372,-0.0014010578293216,-0.0043846996429589,-0.0043846996429589,True,True,2346.0,9066.0,False,False,False,is,False,0.0007765391748634,7,46687,600,-0.14894928695905,0.09773570068929,-0.05306856032608,0.15689751703168,0.33148789776671,-0.12491694690108,0.017700763179280002
V39_ALL,30m,64,pine,False,False,11929,5366,6563,0.11125553612762,0.0011125553612762,0.0010535998707449,0.0011607581895851,0.0009515502177796,0.0015643136979955,0.0039203376870452,-0.0027230768526837,0.0016224049662935,8.914077881299878e-05,0.0025356610588693,1833,1897,1575,1676,1655,1670,1623,6,7,-1.7133751282279836e-05,0.0010248258661804,1.1023229895327822,0.1351606390986255,0.1351606390986255,-0.0240179355938201,-1.3461540836230237,0.9108735851860468,0.1181364392678868,0.1093451319830752,2.4920628505085403,0.0018,0.0327872726773325,0.0327872726773325,0.0047836418136372,-0.0006874446387237,-0.003671086452361,-0.003671086452361,True,True,2346.0,9066.0,False,False,False,is,False,0.0010246797016733,7,46687,600,0.09515502177796001,0.15643136979955,0.39203376870451995,-0.27230768526837,0.16224049662935,0.008914077881299878,0.25356610588692996
OBV_S,30m,64,pine,False,False,4402,2091,2311,0.0844739774699,0.000844739774699,0.0036185930769286,-0.0016650513351937,-1.018560848119586e-05,0.0006893307513205,-0.0017925452019196,0.000796898120146,0.0027227200298435,-9.86785613483419e-05,0.0032420425412443,662,616,512,680,588,683,661,4,7,3.981413234321578e-05,0.0010149474504367,0.7930712491660968,0.2138681562940756,0.2138681562940756,-0.0201873108295453,-1.1663857864743612,0.8782707486994604,0.2096505823627288,0.1801585085590326,1.093259465451245,0.0018,0.0327872726773325,0.0327872726773325,0.0047836418136372,-0.0009552602253009,-0.0039389020389382,-0.0039389020389382,True,True,2346.0,9066.0,False,False,False,is,False,0.0010060921998261,7,46687,600,-0.001018560848119586,0.06893307513205,-0.17925452019196,0.0796898120146,0.27227200298435,-0.00986785613483419,0.32420425412443
OBV_B,30m,64,pine,False,False,12627,6393,6234,-0.014240683731550002,-0.0001424068373155,0.0009288982481525,-0.0012410358734717,-0.0009868868766247,-0.0006257206160029,-0.001073498518177,0.0011565599869629,0.0017272331420739,-0.00045449826041,-0.0008024301886244,1868,1801,1659,1751,1865,1903,1780,2,7,1.7454087756639228e-05,0.0005295205138759,-0.3018975108293022,0.6186349033232064,0.6186349033232064,0.0053567717830121,0.562412276980931,0.286917578171004,0.6173044925124792,0.6064778023582981,-0.3216296475740824,0.0018,0.0327872726773325,0.0327872726773325,0.0047836418136372,-0.0019424068373155,-0.0049260486509528,-0.0049260486509528,True,False,2346.0,9066.0,False,False,False,is,False,0.0005471581530056,7,46687,600,-0.09868868766247,-0.06257206160029,-0.1073498518177,0.11565599869629001,0.17272331420739,-0.045449826041,-0.08024301886244
V45_AMB,30m,64,v45,False,True,4291,2120,2171,0.28883962880168,0.0028883962880168,0.002434837857824,0.0033312999600614,0.0006395756159492,0.0045337302825222,0.0082312622785838,0.0020522183457109,0.0041506883222272,-0.0029700635963601,0.0045507518264176,587,568,564,607,644,682,639,6,7,3.1794758772977645e-06,0.0017547361032849,1.6442454262714132,0.0500627585493731,0.0500627585493731,0.03018227685627,1.0041701532216198,0.1576483028859449,0.0632279534109817,0.0487982989325372,3.8274358043912415,0.0018,0.0327872726773325,0.0327872726773325,0.0047836418136372,0.0010883962880168,-0.0018952455256204,-0.0018952455256204,True,True,2346.0,9066.0,False,False,False,is,True,0.0017798473452363,7,46687,600,0.06395756159492,0.45337302825222,0.82312622785838,0.20522183457109003,0.41506883222272,-0.29700635963601,0.45507518264175995
DOGE_L,30m,64,doge,False,True,3173,3173,0,-0.03879101426823,-0.0003879101426823,-0.0003879101426823,,0.0044231745018064,-0.0020053502147734,0.0063345329733568,-0.0033014496859304,-0.00303571157279,0.000391833606579,-0.0047881599530723,417,469,449,449,449,457,483,3,7,0.0009339569110446,0.0014507344791615,-0.9111709087461056,0.8188973352376767,0.8188973352376767,-0.0748410096336648,-2.8805904933915683,0.9980153450603187,0.8302828618968386,0.8057303636246483,-0.4380553379873154,0.0018,0.0327872726773325,0.0327872726773325,0.0047836418136372,-0.0021879101426823,-0.0051715519563196,-0.0051715519563196,True,False,2346.0,9066.0,False,False,False,is,True,0.0014308067455029,7,46687,600,0.44231745018063995,-0.20053502147733998,0.63345329733568,-0.33014496859304,-0.30357115727899997,0.0391833606579,-0.47881599530723
DOGE_S,30m,64,doge,False,True,3221,0,3221,-0.21057585699751002,-0.0021057585699751,,-0.0021057585699751,-0.0010631811072943,-0.0011778314590059,-0.000382534735549,-0.0054459956942521,-0.0028891098525957,-0.0027033320587035,-0.001017122403156,371,428,497,486,446,444,549,0,7,-0.0008903283611578,0.0013533085801476,-0.8981175665676416,0.8154385626399059,0.8154385626399059,-0.0972382233005493,-3.700478458342221,0.9998924033263878,0.8136439267886856,0.7899224639704461,-2.276256660429524,0.0018,0.0327872726773325,0.0327872726773325,0.0047836418136372,-0.0039057585699751,-0.0068894003836124,-0.0068894003836124,True,False,2346.0,9066.0,False,False,False,is,True,0.0014761970531271,7,46687,600,-0.10631811072943001,-0.11778314590059,-0.0382534735549,-0.5445995694252099,-0.28891098525957004,-0.27033320587035004,-0.1017122403156
