trial_id,part,strategy,tf,test,feature,hypothesis,n0_p1,n1_p1,mean0_p1,mean1_p1,diff_p1,p_p1,status_p1,weeks_p1,undefined_resamples_p1,n0_p2,n1_p2,mean0_p2,mean1_p2,diff_p2,p_p2,status_p2,weeks_p2,undefined_resamples_p2,n0_p3,n1_p3,mean0_p3,mean1_p3,diff_p3,p_p3,status_p3,weeks_p3,undefined_resamples_p3,p_for_bh,bh_rank,bh_threshold,bh_qvalue,pass_p1_bh,pass_p2,verdict_p3,pass_p3,candidate,random_diff_p1,random_p_p1,random_diff_p2,random_p_p2,random_diff_p3,random_p_p3,random_same_effect_p1,label,note
A-S2_ST_ROC-5m-P1,A,S2_ST_ROC,5m,P1,level_before_lock,mean ROE(level_before_lock=0) - mean ROE(=1) > 0,12556,145314,-0.05639011982645304,-0.062034601411434895,0.005644481584981854,0.02948525737131434,ok,153,0,8507,110762,-0.05707060128989465,-0.05992517767840797,0.0028545763885133232,0.20089955022488756,ok,118,0,7583,62160,-0.04157968108939658,-0.05201876128080768,0.010439080191411099,0.0034982508745627187,ok,79,0,0.02948525737131434,13,0.004452054794520548,0.6358249446705219,False,False,same sign,False,False,0.007932452366861048,0.004497751124437781,0.006697532353146164,0.0024987506246876563,0.009006329536253445,0.0009995002498750624,True,,
A-S2_ST_ROC-5m-P2,A,S2_ST_ROC,5m,P2,support_before_stop,mean ROE(support_before_stop=1) - mean ROE(=0) > 0,2728,155142,-0.06231275857358136,-0.06157288940875756,0.0007398691648237976,0.4272863568215892,ok,153,0,2433,116836,-0.06545714664347392,-0.05960213373793508,0.005855012905538838,0.1629185407296352,ok,118,0,1164,68579,-0.05261475990473741,-0.05085436274058801,0.0017603971641493993,0.4222888555722139,ok,79,0,0.4272863568215892,101,0.034589041095890415,1.0,False,False,same sign,False,False,-0.00699396911188558,0.9555222388805598,-0.007998987117918674,0.991504247876062,-0.007760476888961129,0.9560219890054973,False,,
A-S2_ST_ROC-15m-P1,A,S2_ST_ROC,15m,P1,level_before_lock,mean ROE(level_before_lock=0) - mean ROE(=1) > 0,7087,45232,-0.043053160872711764,-0.04294049939830221,-0.00011266147440955332,0.5312343828085957,ok,153,0,5169,35228,-0.044201453993083575,-0.05115196896318115,0.006950514970097577,0.059470264867566215,ok,118,0,3510,17931,-0.03319518614887077,-0.04331243969017041,0.010117253541299637,0.04147926036981509,ok,79,0,0.5312343828085957,120,0.0410958904109589,1.0,False,False,opposite sign,False,False,0.004911256281185487,0.027486256871564217,0.0060630600800246,0.014492753623188406,0.002938393600669227,0.14592703648175911,False,,
A-S2_ST_ROC-15m-P2,A,S2_ST_ROC,15m,P2,support_before_stop,mean ROE(support_before_stop=1) - mean ROE(=0) > 0,921,51398,-0.029313000606224476,-0.04320022464552281,-0.013887224039298336,0.881559220389805,ok,153,0,825,39572,-0.040170796004834766,-0.050473010502911315,-0.01030221449807655,0.8285857071464268,ok,118,0,398,21043,-3.291063698209706e-05,-0.04244344252404425,-0.042410531887062154,0.9970014992503748,ok,79,0,0.881559220389805,196,0.06712328767123288,1.0,False,False,same sign,False,False,-0.006374088600387108,0.9335332333833083,-0.006360124064185027,0.9625187406296851,-0.006973893362901055,0.9365317341329336,False,,
A-S2_ST_ROC-30m-P1,A,S2_ST_ROC,30m,P1,level_before_lock,mean ROE(level_before_lock=0) - mean ROE(=1) > 0,4292,20895,-0.03671340109347844,-0.04497342737855732,0.00826002628507888,0.07496251874062969,ok,153,0,3390,16150,-0.04078148011973607,-0.04226700510312167,0.0014855249833855971,0.42528735632183906,ok,118,0,1764,7404,-0.03585781950815335,-0.031094558477711465,-0.004763261030441886,0.6751624187906047,ok,79,0,0.07496251874062969,26,0.008904109589041096,0.7720010962260805,False,False,opposite sign,False,False,0.006392407706024929,0.005997001499250375,0.0038315675660511653,0.08295852073963018,0.003279231456400196,0.14492753623188406,True,,
A-S2_ST_ROC-30m-P2,A,S2_ST_ROC,30m,P2,support_before_stop,mean ROE(support_before_stop=1) - mean ROE(=0) > 0,350,24837,-0.0071729691495519485,-0.0440787189823981,-0.036905749832846155,0.9785107446276862,ok,153,0,331,19209,-0.01461039008874343,-0.04248140511749421,-0.02787101502875078,0.9165417291354323,ok,118,0,158,9010,-0.009357315402979332,-0.03240830729719063,-0.0230509918942113,0.769615192403798,ok,79,0,0.9785107446276862,226,0.0773972602739726,1.0,False,False,same sign,False,False,-0.0077237766787609935,0.912543728135932,-0.003549931218451187,0.7711144427786107,-0.021233245435676753,0.9975012493753124,False,,
A-S2_ST_ROC-1h-P1,A,S2_ST_ROC,1h,P1,level_before_lock,mean ROE(level_before_lock=0) - mean ROE(=1) > 0,2091,8321,-0.047062648070862474,-0.03917632121648696,-0.007886326854375514,0.848575712143928,ok,152,0,1652,6832,-0.03148572470934824,-0.02696246984046,-0.00452325486888824,0.6756621689155422,ok,118,0,672,2553,-0.04010004531300067,-0.028863821755181967,-0.011236223557818701,0.7671164417791104,ok,73,0,0.848575712143928,181,0.061986301369863016,1.0,False,False,same sign,False,False,0.0025422404382843614,0.22588705647176413,0.00035428679975390426,0.45577211394302847,-0.004255128398775617,0.7986006996501749,False,,
A-S2_ST_ROC-1h-P2,A,S2_ST_ROC,1h,P2,support_before_stop,mean ROE(support_before_stop=1) - mean ROE(=0) > 0,132,10280,-0.018787560564731562,-0.041042238128795414,-0.02225467756406385,0.7756121939030485,ok,152,0,113,8371,-0.05597817132390921,-0.027463442576784635,0.028514728747124577,0.2288855572213893,ok,118,0,38,3187,0.02041196184098042,-0.03182059050557679,-0.052232552346557215,0.8395802098950524,ok,73,0,0.7756121939030485,164,0.05616438356164384,1.0,False,False,same sign,False,False,-0.0031991345155540224,0.6496751624187906,0.0037316983755128832,0.30334832583708143,-0.011984901695248459,0.8440779610194903,False,,
A-S2_ST_ROC-4h-P1,A,S2_ST_ROC,4h,P1,level_before_lock,mean ROE(level_before_lock=0) - mean ROE(=1) > 0,117,548,-0.0010302033913951022,-0.0013775368798335317,0.0003473334884384295,0.496751624187906,ok,88,0,108,512,-0.020426614299185863,-0.013182710800561916,-0.007243903498623947,0.5657171414292853,ok,101,0,18,101,0.03224948589719438,-0.02527371645205897,0.05752320234925335,,insufficient,24,0,0.496751624187906,111,0.03801369863013699,1.0,False,False,no data,False,False,-0.0025216301557347068,0.5937031484257871,-0.030217050774682338,0.991504247876062,-0.04554555875254066,0.9455272363818091,False,,
A-S2_ST_ROC-4h-P2,A,S2_ST_ROC,4h,P2,support_before_stop,mean ROE(support_before_stop=1) - mean ROE(=0) > 0,1,664,0.26786150874628206,-0.001721815535675126,-0.2695833242819572,,insufficient,88,0,1,619,0.24524561564200037,-0.014864083828500445,-0.26010969947050083,,insufficient,101,0,2,117,-0.29639749847004027,-0.011789398449302355,0.2846081000207379,,insufficient,24,0,1.0,239,0.08184931506849316,1.0,False,False,no data,False,False,-0.05798015843386989,0.9690154922538731,-0.01434556844546064,0.6256871564217891,-0.044950399881550085,,False,,
A-S5_DONCHIAN_MFI-5m-P1,A,S5_DONCHIAN_MFI,5m,P1,level_before_lock,mean ROE(level_before_lock=0) - mean ROE(=1) > 0,331,2850,-0.05792651180824995,-0.06954225881166474,0.011615747003414792,0.23638180909545228,ok,153,0,284,2423,-0.069541889703963,-0.07320705990175622,0.0036651701977932216,0.4192903548225887,ok,118,0,161,1269,-0.023802215897364226,-0.05018580815119561,0.026383592253831384,0.1359320339830085,ok,79,0,0.23638180909545228,61,0.02089041095890411,1.0,False,False,same sign,False,False,0.007932452366861048,0.004497751124437781,0.006697532353146164,0.0024987506246876563,0.009006329536253445,0.0009995002498750624,True,,
A-S5_DONCHIAN_MFI-5m-P2,A,S5_DONCHIAN_MFI,5m,P2,support_before_stop,mean ROE(support_before_stop=1) - mean ROE(=0) > 0,21,3160,-0.010457340896988885,-0.06871819900725902,-0.05826085811027014,,insufficient,153,0,21,2686,-0.13851459277420272,-0.07230893386806499,0.06620565890613773,,insufficient,118,0,9,1421,-0.047917543691030726,-0.04721090035898917,0.0007066433320415538,,insufficient,79,0,1.0,240,0.0821917808219178,1.0,False,False,no data,False,False,-0.00699396911188558,0.9555222388805598,-0.007998987117918674,0.991504247876062,-0.007760476888961129,0.9560219890054973,False,,
A-S5_DONCHIAN_MFI-15m-P1,A,S5_DONCHIAN_MFI,15m,P1,level_before_lock,mean ROE(level_before_lock=0) - mean ROE(=1) > 0,155,800,-0.03527764878236084,-0.05838188482207871,0.023104236039717875,0.1744127936031984,ok,150,0,141,636,-0.046005955859820785,-0.049824911780940326,0.0038189559211195406,0.4432783608195902,ok,116,0,94,304,-0.016437829816768206,-0.03744724909834096,0.021009419281572756,0.24987506246876562,ok,74,0,0.1744127936031984,49,0.01678082191780822,1.0,False,False,same sign,False,False,0.004911256281185487,0.027486256871564217,0.0060630600800246,0.014492753623188406,0.002938393600669227,0.14592703648175911,True,,
A-S5_DONCHIAN_MFI-15m-P2,A,S5_DONCHIAN_MFI,15m,P2,support_before_stop,mean ROE(support_before_stop=1) - mean ROE(=0) > 0,7,948,-0.1315108411145026,-0.05406431174169555,0.07744652937280705,,insufficient,150,0,6,771,0.008802949633933466,-0.049582751448399964,-0.05838570108233343,,insufficient,116,0,3,395,0.12382885042077181,-0.033672420961858684,-0.15750127138263048,,insufficient,74,0,1.0,241,0.08253424657534247,1.0,False,False,no data,False,False,-0.006374088600387108,0.9335332333833083,-0.006360124064185027,0.9625187406296851,-0.006973893362901055,0.9365317341329336,False,,
A-S5_DONCHIAN_MFI-30m-P1,A,S5_DONCHIAN_MFI,30m,P1,level_before_lock,mean ROE(level_before_lock=0) - mean ROE(=1) > 0,86,388,-0.10001395427051452,-0.04536345832526564,-0.05465049594524887,0.8925537231384307,ok,145,0,94,313,-0.01620223246488683,-0.031554806685337056,0.015352574220450225,0.35282358820589704,ok,112,0,39,106,-0.049635598512020956,-0.06928963097714796,0.019654032465127008,0.3778110944527736,ok,58,0,0.8925537231384307,198,0.06780821917808219,1.0,False,False,opposite sign,False,False,0.006392407706024929,0.005997001499250375,0.0038315675660511653,0.08295852073963018,0.003279231456400196,0.14492753623188406,False,,
A-S5_DONCHIAN_MFI-30m-P2,A,S5_DONCHIAN_MFI,30m,P2,support_before_stop,mean ROE(support_before_stop=1) - mean ROE(=0) > 0,4,470,-0.049416475529017956,-0.055328842543300526,-0.00591236701428257,,insufficient,145,0,0,407,,-0.028009003302726935,,,insufficient,112,0,0,145,,-0.06400337396928622,,,insufficient,58,0,1.0,242,0.08287671232876713,1.0,False,False,no data,False,False,-0.0077237766787609935,0.912543728135932,-0.003549931218451187,0.7711144427786107,-0.021233245435676753,0.9975012493753124,False,,
A-S6_EMA_DMI_ADX-5m-P1,A,S6_EMA_DMI_ADX,5m,P1,level_before_lock,mean ROE(level_before_lock=0) - mean ROE(=1) > 0,1147,11265,-0.06561632467748153,-0.06406242066633955,-0.001553904011141985,0.5642178910544727,ok,153,0,854,9646,-0.059266454776142174,-0.06418249722851635,0.004916042452374175,0.27136431784107945,ok,118,0,644,4916,-0.024116004160204194,-0.05881481563607758,0.034698811475873385,0.004497751124437781,ok,79,0,0.5642178910544727,126,0.04315068493150685,1.0,False,False,opposite sign,False,False,0.007932452366861048,0.004497751124437781,0.006697532353146164,0.0024987506246876563,0.009006329536253445,0.0009995002498750624,False,,
A-S6_EMA_DMI_ADX-5m-P2,A,S6_EMA_DMI_ADX,5m,P2,support_before_stop,mean ROE(support_before_stop=1) - mean ROE(=0) > 0,476,11936,-0.05423964475344005,-0.06460347036769008,-0.010363825614250033,0.8225887056471765,ok,153,0,528,9972,-0.07409750878534892,-0.06323650581693037,0.010861002968418548,0.12143928035982009,ok,118,0,207,5353,-0.046178571240850216,-0.05512896994195271,-0.008950398701102494,0.6996501749125438,ok,79,0,0.8225887056471765,173,0.05924657534246575,1.0,False,False,same sign,False,False,-0.00699396911188558,0.9555222388805598,-0.007998987117918674,0.991504247876062,-0.007760476888961129,0.9560219890054973,False,,
A-S6_EMA_DMI_ADX-15m-P1,A,S6_EMA_DMI_ADX,15m,P1,level_before_lock,mean ROE(level_before_lock=0) - mean ROE(=1) > 0,666,4092,-0.060968092563950096,-0.048974008941437754,-0.011994083622512343,0.8510744627686156,ok,153,0,556,3451,-0.04299238419034303,-0.04480835156062994,0.001815967370286914,0.4542728635682159,ok,118,0,343,1455,-0.020284314536529104,-0.04057944188560104,0.020295127349071934,0.1024487756121939,ok,79,0,0.8510744627686156,182,0.06232876712328767,1.0,False,False,opposite sign,False,False,0.004911256281185487,0.027486256871564217,0.0060630600800246,0.014492753623188406,0.002938393600669227,0.14592703648175911,False,,
A-S6_EMA_DMI_ADX-15m-P2,A,S6_EMA_DMI_ADX,15m,P2,support_before_stop,mean ROE(support_before_stop=1) - mean ROE(=0) > 0,158,4600,0.0012273613210591278,-0.052434851592322036,-0.05366221291338116,0.9945027486256871,ok,153,0,166,3841,-0.04200570753445338,-0.044666607496705375,-0.0026608999622519947,0.5547226386806596,ok,118,0,85,1713,-0.02847339179386903,-0.03711638618044374,-0.008642994386574707,0.5992003998001,ok,79,0,0.9945027486256871,236,0.08082191780821918,1.0,False,False,same sign,False,False,-0.006374088600387108,0.9335332333833083,-0.006360124064185027,0.9625187406296851,-0.006973893362901055,0.9365317341329336,False,,
A-S6_EMA_DMI_ADX-30m-P1,A,S6_EMA_DMI_ADX,30m,P1,level_before_lock,mean ROE(level_before_lock=0) - mean ROE(=1) > 0,421,2104,-0.058957977252521825,-0.03956660727343456,-0.01939136997908726,0.872063968015992,ok,153,0,354,1757,-0.06395501609509499,-0.03072788788227632,-0.033227128212818674,0.9910044977511244,ok,118,0,200,668,-0.06263207858481204,-0.06427909628294498,0.001647017698132941,0.4447776111944028,ok,75,0,0.872063968015992,189,0.06472602739726029,1.0,False,False,opposite sign,False,False,0.006392407706024929,0.005997001499250375,0.0038315675660511653,0.08295852073963018,0.003279231456400196,0.14492753623188406,False,,
A-S6_EMA_DMI_ADX-30m-P2,A,S6_EMA_DMI_ADX,30m,P2,support_before_stop,mean ROE(support_before_stop=1) - mean ROE(=0) > 0,55,2470,-0.04003650940659622,-0.04286131259484016,-0.002824803188243942,0.5182408795602199,ok,153,0,77,2034,-0.05402383014257173,-0.03562887895075964,0.018394951191812087,0.25487256371814093,ok,118,0,25,843,-0.061965369489141525,-0.06395696061297877,-0.001991591123837247,,insufficient,75,0,0.5182408795602199,116,0.03972602739726028,1.0,False,False,no data,False,False,-0.0077237766787609935,0.912543728135932,-0.003549931218451187,0.7711144427786107,-0.021233245435676753,0.9975012493753124,False,,
A-S6_EMA_DMI_ADX-1h-P1,A,S6_EMA_DMI_ADX,1h,P1,level_before_lock,mean ROE(level_before_lock=0) - mean ROE(=1) > 0,184,842,0.0031772481048399177,-0.03915109177129328,0.04232833987613319,0.08895552223888056,ok,148,0,175,697,-0.02073594412332369,-0.03052831667522358,0.009792372551899891,0.3468265867066467,ok,113,0,62,208,-0.04416728215765907,-0.04126725554406762,-0.0029000266135914485,0.5557221389305347,ok,63,0,0.08895552223888056,32,0.010958904109589041,0.8117191404297851,False,False,opposite sign,False,False,0.0025422404382843614,0.22588705647176413,0.00035428679975390426,0.45577211394302847,-0.004255128398775617,0.7986006996501749,False,,
A-S6_EMA_DMI_ADX-1h-P2,A,S6_EMA_DMI_ADX,1h,P2,support_before_stop,mean ROE(support_before_stop=1) - mean ROE(=0) > 0,28,998,0.04868586144567356,-0.03381143260582892,-0.08249729405150247,,insufficient,148,0,26,846,0.02034228051217352,-0.030066106663745852,-0.050408387175919375,,insufficient,113,0,7,263,0.039210586156250296,-0.04409290779480867,-0.08330349395105896,,insufficient,63,0,1.0,243,0.08321917808219179,1.0,False,False,no data,False,False,-0.0031991345155540224,0.6496751624187906,0.0037316983755128832,0.30334832583708143,-0.011984901695248459,0.8440779610194903,False,,
A-S6_EMA_DMI_ADX-4h-P1,A,S6_EMA_DMI_ADX,4h,P1,level_before_lock,mean ROE(level_before_lock=0) - mean ROE(=1) > 0,6,36,-0.13141306442155673,0.017282024048014138,-0.14869508846957086,,insufficient,27,0,13,39,-0.0159050516149977,-0.003657161340081805,-0.012247890274915893,,insufficient,38,0,1,6,0.12081998873477336,-0.12577219951922783,0.2465921882540012,,insufficient,6,0,1.0,244,0.08356164383561644,1.0,False,False,no data,False,False,-0.0025216301557347068,0.5937031484257871,-0.030217050774682338,0.991504247876062,-0.04554555875254066,0.9455272363818091,False,,
A-S6_EMA_DMI_ADX-4h-P2,A,S6_EMA_DMI_ADX,4h,P2,support_before_stop,mean ROE(support_before_stop=1) - mean ROE(=0) > 0,0,42,,-0.003960131447638843,,,insufficient,27,0,2,50,0.0943862499672389,-0.010763349263852773,-0.10514959923109168,,insufficient,38,0,0,7,,-0.0905447440543705,,,insufficient,6,0,1.0,245,0.0839041095890411,1.0,False,False,no data,False,False,-0.05798015843386989,0.9690154922538731,-0.01434556844546064,0.6256871564217891,-0.044950399881550085,,False,,
A-N01_ST_EMA-5m-P1,A,N01_ST_EMA,5m,P1,level_before_lock,mean ROE(level_before_lock=0) - mean ROE(=1) > 0,3584,53247,-0.055788875632749584,-0.05958614317659806,0.003797267543848473,0.23738130934532733,ok,153,0,2357,39239,-0.06402681048704745,-0.06044253572670268,-0.0035842747603447647,0.7596201899050474,ok,118,0,2077,22353,-0.04076644820385921,-0.05122413986287682,0.01045769165901761,0.059470264867566215,ok,79,0,0.23738130934532733,63,0.021575342465753426,1.0,False,False,same sign,False,False,0.007932452366861048,0.004497751124437781,0.006697532353146164,0.0024987506246876563,0.009006329536253445,0.0009995002498750624,True,,
A-N01_ST_EMA-5m-P2,A,N01_ST_EMA,5m,P2,support_before_stop,mean ROE(support_before_stop=1) - mean ROE(=0) > 0,559,56272,-0.061121645373161365,-0.05932903924204745,0.0017926061311139135,0.4332833583208396,ok,153,0,617,40979,-0.08112056838781999,-0.06033735476714349,0.020783213620676498,0.009495252373813094,ok,118,0,226,24204,-0.08456064559434143,-0.05001546873946373,0.0345451768548777,0.04597701149425287,ok,79,0,0.4332833583208396,103,0.03527397260273973,1.0,False,False,same sign,False,False,-0.00699396911188558,0.9555222388805598,-0.007998987117918674,0.991504247876062,-0.007760476888961129,0.9560219890054973,False,,
A-N01_ST_EMA-15m-P1,A,N01_ST_EMA,15m,P1,level_before_lock,mean ROE(level_before_lock=0) - mean ROE(=1) > 0,2052,16527,-0.04150533620842719,-0.04546419525047227,0.003958859042045078,0.27886056971514245,ok,153,0,1406,12239,-0.04375991540096709,-0.04815324394026285,0.004393328539295763,0.3003498250874563,ok,118,0,1016,6449,-0.019979874599358537,-0.04510783557539438,0.02512796097603584,0.0024987506246876563,ok,79,0,0.27886056971514245,67,0.022945205479452054,1.0,False,False,same sign,False,False,0.004911256281185487,0.027486256871564217,0.0060630600800246,0.014492753623188406,0.002938393600669227,0.14592703648175911,True,,
A-N01_ST_EMA-15m-P2,A,N01_ST_EMA,15m,P2,support_before_stop,mean ROE(support_before_stop=1) - mean ROE(=0) > 0,186,18393,-0.006180246737118424,-0.04541978899098264,-0.03923954225386422,0.9765117441279361,ok,153,0,148,13497,-0.06309700802400019,-0.04753172086027151,0.015565287163728674,0.248375812093953,ok,118,0,58,7407,-0.024813266499552927,-0.04182001009338363,-0.017006743593830705,0.6821589205397302,ok,79,0,0.9765117441279361,225,0.07705479452054795,1.0,False,False,same sign,False,False,-0.006374088600387108,0.9335332333833083,-0.006360124064185027,0.9625187406296851,-0.006973893362901055,0.9365317341329336,False,,
A-N01_ST_EMA-30m-P1,A,N01_ST_EMA,30m,P1,level_before_lock,mean ROE(level_before_lock=0) - mean ROE(=1) > 0,1171,7172,-0.053548372534949325,-0.04483976416479838,-0.008708608370150944,0.8285857071464268,ok,153,0,912,5394,-0.028605855376226764,-0.03532764368144761,0.006721788305220848,0.28085957021489255,ok,118,0,504,2609,-0.019231856846819263,-0.026101324403477368,0.006869467556658106,0.34182908545727136,ok,79,0,0.8285857071464268,177,0.060616438356164384,1.0,False,False,opposite sign,False,False,0.006392407706024929,0.005997001499250375,0.0038315675660511653,0.08295852073963018,0.003279231456400196,0.14492753623188406,False,,
A-N01_ST_EMA-30m-P2,A,N01_ST_EMA,30m,P2,support_before_stop,mean ROE(support_before_stop=1) - mean ROE(=0) > 0,51,8292,-0.14971194298643542,-0.04542458076894011,0.10428736221749531,0.005997001499250375,ok,153,0,64,6242,-0.061058546330841866,-0.034081721107925886,0.02697682522291598,0.19740129935032483,ok,118,0,23,3090,0.031033814584038446,-0.02540614529284863,-0.056439959876887075,,insufficient,79,0,0.005997001499250375,5,0.0017123287671232876,0.25016063396872995,False,False,no data,False,False,-0.0077237766787609935,0.912543728135932,-0.003549931218451187,0.7711144427786107,-0.021233245435676753,0.9975012493753124,False,,
A-N01_ST_EMA-1h-P1,A,N01_ST_EMA,1h,P1,level_before_lock,mean ROE(level_before_lock=0) - mean ROE(=1) > 0,611,2901,-0.04553931743315321,-0.03945021403331581,-0.006089103399837398,0.6221889055472264,ok,151,0,515,2362,-0.012001830831173631,-0.03025838872388282,0.018256557892709187,0.10194902548725637,ok,118,0,217,932,-0.02182877592104581,-0.011423523113822009,-0.010405252807223802,0.6941529235382309,ok,73,0,0.6221889055472264,136,0.04657534246575343,1.0,False,False,same sign,False,False,0.0025422404382843614,0.22588705647176413,0.00035428679975390426,0.45577211394302847,-0.004255128398775617,0.7986006996501749,False,,
A-N01_ST_EMA-1h-P2,A,N01_ST_EMA,1h,P2,support_before_stop,mean ROE(support_before_stop=1) - mean ROE(=0) > 0,28,3484,-0.06371680376036094,-0.04032305492451656,0.023393748835844386,,insufficient,151,0,23,2854,0.00622477759005389,-0.027258033261540603,-0.03348281085159449,,insufficient,118,0,7,1142,0.04541703734248199,-0.013749113115890041,-0.05916615045837203,,insufficient,73,0,1.0,246,0.08424657534246575,1.0,False,False,no data,False,False,-0.0031991345155540224,0.6496751624187906,0.0037316983755128832,0.30334832583708143,-0.011984901695248459,0.8440779610194903,False,,
A-N01_ST_EMA-4h-P1,A,N01_ST_EMA,4h,P1,level_before_lock,mean ROE(level_before_lock=0) - mean ROE(=1) > 0,41,160,-0.009118976742075215,-0.02257254440920501,0.013453567667129795,0.42278860569715143,ok,68,0,45,163,0.016182075569744644,-0.015000423708984391,0.031182499278729035,0.3168415792103948,ok,73,0,6,39,-0.022337043465281425,-0.1167342249036868,0.09439718143840538,,insufficient,16,0,0.42278860569715143,100,0.03424657534246575,1.0,False,False,no data,False,False,-0.0025216301557347068,0.5937031484257871,-0.030217050774682338,0.991504247876062,-0.04554555875254066,0.9455272363818091,False,,
A-N01_ST_EMA-4h-P2,A,N01_ST_EMA,4h,P2,support_before_stop,mean ROE(support_before_stop=1) - mean ROE(=0) > 0,1,200,0.26786150874628206,-0.02126673330322085,-0.28912824204950294,,insufficient,68,0,2,206,0.041931827715875614,-0.008741453006590764,-0.05067328072246638,,insufficient,73,0,0,45,,-0.10414793404523277,,,insufficient,16,0,1.0,247,0.08458904109589042,1.0,False,False,no data,False,False,-0.05798015843386989,0.9690154922538731,-0.01434556844546064,0.6256871564217891,-0.044950399881550085,,False,,
A-N02_ST_KST-5m-P1,A,N02_ST_KST,5m,P1,level_before_lock,mean ROE(level_before_lock=0) - mean ROE(=1) > 0,4985,43205,-0.05772006263552941,-0.061370198396696794,0.003650135761167385,0.22038980509745126,ok,153,0,3835,32543,-0.06287315676722506,-0.061716494015099044,-0.001156662752126017,0.5932033983008496,ok,118,0,2678,18227,-0.044160240820070966,-0.04761248844489924,0.003452247624828271,0.28785607196401797,ok,79,0,0.22038980509745126,58,0.01986301369863014,1.0,False,False,same sign,False,False,0.007932452366861048,0.004497751124437781,0.006697532353146164,0.0024987506246876563,0.009006329536253445,0.0009995002498750624,True,,
A-N02_ST_KST-5m-P2,A,N02_ST_KST,5m,P2,support_before_stop,mean ROE(support_before_stop=1) - mean ROE(=0) > 0,948,47242,-0.06697808362175638,-0.0608725013905841,0.006105582231172274,0.24587706146926536,ok,153,0,934,35444,-0.05394445558532041,-0.062046447901449815,-0.008101992316129403,0.8195902048975512,ok,118,0,397,20508,-0.05780852180547319,-0.046964305083116616,0.010844216722356574,0.2383808095952024,ok,79,0,0.24587706146926536,65,0.02226027397260274,1.0,False,False,same sign,False,False,-0.00699396911188558,0.9555222388805598,-0.007998987117918674,0.991504247876062,-0.007760476888961129,0.9560219890054973,False,,
A-N02_ST_KST-15m-P1,A,N02_ST_KST,15m,P1,level_before_lock,mean ROE(level_before_lock=0) - mean ROE(=1) > 0,2389,13382,-0.03616139929330752,-0.04504252248002428,0.008881123186716758,0.06646676661669165,ok,153,0,1834,10185,-0.03352945070285279,-0.04566326709726515,0.012133816394412356,0.0559720139930035,ok,118,0,1156,5303,-0.04997347841661442,-0.04132909373104003,-0.008644384685574387,0.8355822088955522,ok,79,0,0.06646676661669165,21,0.007191780821917808,0.7720010962260805,False,False,opposite sign,False,False,0.004911256281185487,0.027486256871564217,0.0060630600800246,0.014492753623188406,0.002938393600669227,0.14592703648175911,True,,
A-N02_ST_KST-15m-P2,A,N02_ST_KST,15m,P2,support_before_stop,mean ROE(support_before_stop=1) - mean ROE(=0) > 0,292,15479,-0.0697018182783316,-0.04320664692823334,0.026495171350098268,0.05747126436781609,ok,153,0,284,11735,-0.014364138103627805,-0.04452441182388132,-0.03016027372025351,0.9545227386306847,ok,118,0,119,6340,-0.046116396333742614,-0.04281540598447889,0.0033009903492637258,0.44627686156921537,ok,79,0,0.05747126436781609,19,0.006506849315068493,0.7720010962260805,False,False,same sign,False,False,-0.006374088600387108,0.9335332333833083,-0.006360124064185027,0.9625187406296851,-0.006973893362901055,0.9365317341329336,False,,
A-N02_ST_KST-30m-P1,A,N02_ST_KST,30m,P1,level_before_lock,mean ROE(level_before_lock=0) - mean ROE(=1) > 0,1404,5968,-0.04743156025571173,-0.04750831613229276,7.675587658103472e-05,0.5052473763118441,ok,153,0,1121,4620,-0.022927851192704914,-0.04155464289771677,0.018626791705011858,0.018490754622688656,ok,118,0,577,2075,-0.007652208466797492,-0.021706992487200594,0.014054784020403102,0.19890054972513743,ok,79,0,0.5052473763118441,113,0.0386986301369863,1.0,False,False,same sign,False,False,0.006392407706024929,0.005997001499250375,0.0038315675660511653,0.08295852073963018,0.003279231456400196,0.14492753623188406,True,,
A-N02_ST_KST-30m-P2,A,N02_ST_KST,30m,P2,support_before_stop,mean ROE(support_before_stop=1) - mean ROE(=0) > 0,104,7268,-0.006854497878982279,-0.048075216496577915,-0.04122071861759564,0.9555222388805598,ok,153,0,129,5612,0.015382620889358182,-0.03914271729672147,-0.05452533818607965,0.9825087456271864,ok,118,0,39,2613,0.0013136225995608712,-0.0189470206573541,-0.02026064325691497,0.663168415792104,ok,79,0,0.9555222388805598,214,0.07328767123287672,1.0,False,False,same sign,False,False,-0.0077237766787609935,0.912543728135932,-0.003549931218451187,0.7711144427786107,-0.021233245435676753,0.9975012493753124,False,,
A-N02_ST_KST-1h-P1,A,N02_ST_KST,1h,P1,level_before_lock,mean ROE(level_before_lock=0) - mean ROE(=1) > 0,626,2393,-0.02367106210140619,-0.034981222239173,0.011310160137766812,0.2223888055972014,ok,152,0,579,1993,-0.018270583817910444,-0.039702531095168726,0.021431947277258282,0.06346826586706647,ok,118,0,214,743,-0.00859714004401581,-0.003049062700710938,-0.005548077343304872,0.5717141429285357,ok,72,0,0.2223888055972014,59,0.020205479452054795,1.0,False,False,opposite sign,False,False,0.0025422404382843614,0.22588705647176413,0.00035428679975390426,0.45577211394302847,-0.004255128398775617,0.7986006996501749,False,,
A-N02_ST_KST-1h-P2,A,N02_ST_KST,1h,P2,support_before_stop,mean ROE(support_before_stop=1) - mean ROE(=0) > 0,39,2980,-0.07930497928904888,-0.03202525352400951,0.04727972576503937,0.18640679660169915,ok,152,0,46,2526,-0.019677401716659125,-0.035154652424495295,-0.01547725070783617,0.5877061469265368,ok,118,0,17,940,-0.007225605597104266,-0.004236602405209403,0.0029890031918948625,,insufficient,72,0,0.18640679660169915,52,0.01780821917808219,1.0,False,False,no data,False,False,-0.0031991345155540224,0.6496751624187906,0.0037316983755128832,0.30334832583708143,-0.011984901695248459,0.8440779610194903,False,,
A-N02_ST_KST-4h-P1,A,N02_ST_KST,4h,P1,level_before_lock,mean ROE(level_before_lock=0) - mean ROE(=1) > 0,50,130,0.006773508581556007,-0.008116131120309993,0.014889639701865999,0.392303848075962,ok,72,0,37,141,-0.16338520328147818,0.06414863724358606,-0.22753384052506426,1.0,ok,77,0,2,30,-0.17031728453157352,-0.06119340501357035,-0.10912387951800318,,insufficient,16,0,0.392303848075962,95,0.032534246575342464,1.0,False,False,no data,False,False,-0.0025216301557347068,0.5937031484257871,-0.030217050774682338,0.991504247876062,-0.04554555875254066,0.9455272363818091,False,,
A-N02_ST_KST-4h-P2,A,N02_ST_KST,4h,P2,support_before_stop,mean ROE(support_before_stop=1) - mean ROE(=0) > 0,0,180,,-0.003980120092013878,,,insufficient,72,0,1,177,0.250181442850795,0.015534033260339829,-0.23464740959045519,,insufficient,77,0,0,32,,-0.06801364748344554,,,insufficient,16,0,1.0,248,0.08493150684931507,1.0,False,False,no data,False,False,-0.05798015843386989,0.9690154922538731,-0.01434556844546064,0.6256871564217891,-0.044950399881550085,,False,,
A-N03_ADX_GC-5m-P1,A,N03_ADX_GC,5m,P1,level_before_lock,mean ROE(level_before_lock=0) - mean ROE(=1) > 0,286,1692,-0.05529157277292658,-0.07541691795969198,0.020125345186765398,0.08095952023988005,ok,153,0,181,1209,-0.052151953791231005,-0.05364634837031738,0.0014943945790863722,0.4592703648175912,ok,118,0,140,722,-0.033242280451580876,-0.0599108440355381,0.026668563583957222,0.09145427286356822,ok,79,0,0.08095952023988005,30,0.010273972602739725,0.7720010962260805,False,False,same sign,False,False,0.007932452366861048,0.004497751124437781,0.006697532353146164,0.0024987506246876563,0.009006329536253445,0.0009995002498750624,True,,
A-N03_ADX_GC-5m-P2,A,N03_ADX_GC,5m,P2,support_before_stop,mean ROE(support_before_stop=1) - mean ROE(=0) > 0,44,1934,-0.07112109768062957,-0.07253851432415104,-0.001417416643521463,0.5107446276861569,ok,153,0,36,1354,-0.04405257074286225,-0.0537016589875801,-0.00964908824471785,0.6231884057971014,ok,118,0,23,839,-0.043042000077760274,-0.055923221281396124,-0.01288122120363585,,insufficient,79,0,0.5107446276861569,114,0.03904109589041096,1.0,False,False,no data,False,False,-0.00699396911188558,0.9555222388805598,-0.007998987117918674,0.991504247876062,-0.007760476888961129,0.9560219890054973,False,,
A-N03_ADX_GC-15m-P1,A,N03_ADX_GC,15m,P1,level_before_lock,mean ROE(level_before_lock=0) - mean ROE(=1) > 0,123,499,-0.07105383668705269,-0.029969305191582196,-0.04108453149547049,0.9265367316341829,ok,150,0,82,424,-0.02694144841900737,-0.04364183325049355,0.016700384831486177,0.31784107946026985,ok,117,0,45,178,-0.006988852591119824,-0.01365423938299004,0.006665386791870215,0.43478260869565216,ok,72,0,0.9265367316341829,204,0.06986301369863014,1.0,False,False,opposite sign,False,False,0.004911256281185487,0.027486256871564217,0.0060630600800246,0.014492753623188406,0.002938393600669227,0.14592703648175911,False,,
A-N03_ADX_GC-15m-P2,A,N03_ADX_GC,15m,P2,support_before_stop,mean ROE(support_before_stop=1) - mean ROE(=0) > 0,13,609,-0.17261052111157849,-0.035222279850010633,0.13738824126156784,,insufficient,150,0,9,497,-0.046822002989804795,-0.04082884917838959,0.005993153811415207,,insufficient,117,0,5,218,-0.13444331916977145,-0.009507965050108997,0.12493535411966246,,insufficient,72,0,1.0,249,0.08527397260273974,1.0,False,False,no data,False,False,-0.006374088600387108,0.9335332333833083,-0.006360124064185027,0.9625187406296851,-0.006973893362901055,0.9365317341329336,False,,
A-N03_ADX_GC-30m-P1,A,N03_ADX_GC,30m,P1,level_before_lock,mean ROE(level_before_lock=0) - mean ROE(=1) > 0,59,213,-0.023225059887242508,-0.013945083363852567,-0.009279976523389941,0.5862068965517241,ok,116,0,60,152,-0.04589026103894189,-0.017525196183473882,-0.02836506485546801,0.7321339330334833,ok,90,0,28,59,-0.03989628446106665,0.015568920176165615,-0.055465204637232264,,insufficient,48,0,0.5862068965517241,131,0.04486301369863014,1.0,False,False,no data,False,False,0.006392407706024929,0.005997001499250375,0.0038315675660511653,0.08295852073963018,0.003279231456400196,0.14492753623188406,False,,
A-N03_ADX_GC-30m-P2,A,N03_ADX_GC,30m,P2,support_before_stop,mean ROE(support_before_stop=1) - mean ROE(=0) > 0,8,264,0.03238455316129094,-0.01742294589067512,-0.04980749905196606,,insufficient,116,0,5,207,0.05136697903711673,-0.027411016315990962,-0.0787779953531077,,insufficient,90,0,0,87,,-0.002281950281794195,,,insufficient,48,0,1.0,250,0.08561643835616438,1.0,False,False,no data,False,False,-0.0077237766787609935,0.912543728135932,-0.003549931218451187,0.7711144427786107,-0.021233245435676753,0.9975012493753124,False,,
A-N07_ICHI_CMO-5m-P1,A,N07_ICHI_CMO,5m,P1,level_before_lock,mean ROE(level_before_lock=0) - mean ROE(=1) > 0,1228,21197,-0.05964245396442068,-0.06236369062417996,0.002721236659759277,0.375312343828086,ok,153,0,741,15584,-0.056163529995696855,-0.0574083209736336,0.001244790977936748,0.4367816091954023,ok,118,0,747,8745,-0.036498684569124466,-0.047470112416730756,0.01097142784760629,0.14992503748125938,ok,79,0,0.375312343828086,91,0.031164383561643836,1.0,False,False,same sign,False,False,0.007932452366861048,0.004497751124437781,0.006697532353146164,0.0024987506246876563,0.009006329536253445,0.0009995002498750624,True,,
A-N07_ICHI_CMO-5m-P2,A,N07_ICHI_CMO,5m,P2,support_before_stop,mean ROE(support_before_stop=1) - mean ROE(=0) > 0,361,22064,-0.06659101184606797,-0.062143071444553145,0.004447940401514826,0.36531734132933535,ok,153,0,330,15995,-0.07629223931590981,-0.05696105100379288,0.01933118831211693,0.10294852573713144,ok,118,0,155,9337,-0.014120929394595132,-0.04714596834114643,-0.033025038946551295,0.9235382308845578,ok,79,0,0.36531734132933535,89,0.03047945205479452,1.0,False,False,opposite sign,False,False,-0.00699396911188558,0.9555222388805598,-0.007998987117918674,0.991504247876062,-0.007760476888961129,0.9560219890054973,False,,
A-N07_ICHI_CMO-15m-P1,A,N07_ICHI_CMO,15m,P1,level_before_lock,mean ROE(level_before_lock=0) - mean ROE(=1) > 0,738,6953,-0.029242543325275955,-0.04592640687717823,0.016683863551902274,0.07746126936531735,ok,153,0,487,4950,-0.04998995511041055,-0.04713215688666786,-0.0028577982237426927,0.5882058970514743,ok,118,0,355,2677,-0.023959785848187476,-0.01969293081390283,-0.0042668550342846445,0.6211894052973513,ok,79,0,0.07746126936531735,27,0.009246575342465754,0.7720010962260805,False,False,opposite sign,False,False,0.004911256281185487,0.027486256871564217,0.0060630600800246,0.014492753623188406,0.002938393600669227,0.14592703648175911,True,,
A-N07_ICHI_CMO-15m-P2,A,N07_ICHI_CMO,15m,P2,support_before_stop,mean ROE(support_before_stop=1) - mean ROE(=0) > 0,107,7584,-0.05277583375897127,-0.044206261837930375,0.008569571921040894,0.38330834582708645,ok,153,0,83,5354,-0.029598101215924887,-0.04766392273568436,-0.01806582151975947,0.7171414292853573,ok,118,0,47,2985,-0.03236275483707904,-0.02000088786853659,0.01236186696854245,0.39980009995002497,ok,79,0,0.38330834582708645,93,0.03184931506849315,1.0,False,False,same sign,False,False,-0.006374088600387108,0.9335332333833083,-0.006360124064185027,0.9625187406296851,-0.006973893362901055,0.9365317341329336,False,,
A-N07_ICHI_CMO-30m-P1,A,N07_ICHI_CMO,30m,P1,level_before_lock,mean ROE(level_before_lock=0) - mean ROE(=1) > 0,514,3255,-0.029792422878109296,-0.03576579263400418,0.005973369755894884,0.3798100949525237,ok,153,0,336,2201,-0.02065682781031943,-0.0352148344785172,0.01455800666819777,0.1854072963518241,ok,118,0,187,1213,-0.039882973489736434,-0.04570775449610686,0.005824781006370426,0.41329335332333833,ok,79,0,0.3798100949525237,92,0.031506849315068496,1.0,False,False,same sign,False,False,0.006392407706024929,0.005997001499250375,0.0038315675660511653,0.08295852073963018,0.003279231456400196,0.14492753623188406,True,,
A-N07_ICHI_CMO-30m-P2,A,N07_ICHI_CMO,30m,P2,support_before_stop,mean ROE(support_before_stop=1) - mean ROE(=0) > 0,48,3721,0.03282017545588589,-0.03582540413999309,-0.06864557959587898,0.9735132433783108,ok,153,0,38,2499,-0.033523505631761215,-0.03328317391655733,0.00024033171520388558,0.5152423788105946,ok,118,0,16,1384,-0.013060046098978817,-0.04529816583003951,-0.032238119731060694,,insufficient,79,0,0.9735132433783108,223,0.07636986301369864,1.0,False,False,no data,False,False,-0.0077237766787609935,0.912543728135932,-0.003549931218451187,0.7711144427786107,-0.021233245435676753,0.9975012493753124,False,,
A-N07_ICHI_CMO-1h-P1,A,N07_ICHI_CMO,1h,P1,level_before_lock,mean ROE(level_before_lock=0) - mean ROE(=1) > 0,234,1250,-0.0418613715762706,-0.015273395246431853,-0.02658797632983875,0.8555722138930535,ok,149,0,176,930,-0.08085156889965618,-0.04398360986959579,-0.03686795903006039,0.9160419790104948,ok,118,0,87,439,-0.010219608291150435,0.004717113501423434,-0.01493672179257387,0.6736631684157921,ok,69,0,0.8555722138930535,185,0.06335616438356165,1.0,False,False,same sign,False,False,0.0025422404382843614,0.22588705647176413,0.00035428679975390426,0.45577211394302847,-0.004255128398775617,0.7986006996501749,False,,
A-N07_ICHI_CMO-1h-P2,A,N07_ICHI_CMO,1h,P2,support_before_stop,mean ROE(support_before_stop=1) - mean ROE(=0) > 0,13,1471,-0.07935096724945524,-0.018936602605468544,0.060414364643986695,,insufficient,149,0,19,1087,-0.07791729328787693,-0.04935989395822805,0.028557399329648882,,insufficient,118,0,5,521,-0.17313031819156727,0.003929670819102953,0.17705998901067022,,insufficient,69,0,1.0,251,0.08595890410958905,1.0,False,False,no data,False,False,-0.0031991345155540224,0.6496751624187906,0.0037316983755128832,0.30334832583708143,-0.011984901695248459,0.8440779610194903,False,,
A-N07_ICHI_CMO-4h-P1,A,N07_ICHI_CMO,4h,P1,level_before_lock,mean ROE(level_before_lock=0) - mean ROE(=1) > 0,26,82,0.027874915251970316,-0.015119168049704219,0.042994083301674535,,insufficient,55,0,15,66,-0.08629522369289393,0.03027625425826081,-0.11657147795115474,,insufficient,50,0,2,15,-0.28812721922699014,-0.009667712721034089,-0.2784595065059561,,insufficient,10,0,1.0,252,0.0863013698630137,1.0,False,False,no data,False,False,-0.0025216301557347068,0.5937031484257871,-0.030217050774682338,0.991504247876062,-0.04554555875254066,0.9455272363818091,False,,
A-N07_ICHI_CMO-4h-P2,A,N07_ICHI_CMO,4h,P2,support_before_stop,mean ROE(support_before_stop=1) - mean ROE(=0) > 0,0,108,,-0.00476874058818998,,,insufficient,55,0,1,80,0.20283402399999928,0.006262130020647555,-0.19657189397935174,,insufficient,50,0,0,17,,-0.04242765466291127,,,insufficient,10,0,1.0,253,0.08664383561643836,1.0,False,False,no data,False,False,-0.05798015843386989,0.9690154922538731,-0.01434556844546064,0.6256871564217891,-0.044950399881550085,,False,,
A-N08_ICHI_WR-5m-P1,A,N08_ICHI_WR,5m,P1,level_before_lock,mean ROE(level_before_lock=0) - mean ROE(=1) > 0,210,3218,-0.08891526076385502,-0.0669615119515383,-0.021953748812316723,0.8725637181409296,ok,153,0,138,2203,-0.02904221176970938,-0.05965263309781972,0.03061042132811034,0.0879560219890055,ok,118,0,129,1255,-0.04370320442677596,-0.048222242832948875,0.004519038406172918,0.4332833583208396,ok,79,0,0.8725637181409296,190,0.06506849315068493,1.0,False,False,opposite sign,False,False,0.007932452366861048,0.004497751124437781,0.006697532353146164,0.0024987506246876563,0.009006329536253445,0.0009995002498750624,False,,
A-N08_ICHI_WR-5m-P2,A,N08_ICHI_WR,5m,P2,support_before_stop,mean ROE(support_before_stop=1) - mean ROE(=0) > 0,44,3384,-0.08351467099207881,-0.0681086597803807,0.0154060112116981,0.3118440779610195,ok,153,0,28,2313,-0.03827137316329206,-0.05808516104199937,-0.019813787878707315,,insufficient,118,0,16,1368,-0.07204657428485031,-0.0475174582879001,0.024529115996950214,,insufficient,79,0,0.3118440779610195,74,0.025342465753424658,1.0,False,False,no data,False,False,-0.00699396911188558,0.9555222388805598,-0.007998987117918674,0.991504247876062,-0.007760476888961129,0.9560219890054973,False,,
A-N08_ICHI_WR-15m-P1,A,N08_ICHI_WR,15m,P1,level_before_lock,mean ROE(level_before_lock=0) - mean ROE(=1) > 0,129,1026,-0.06606052320271577,-0.05673075980213799,-0.009329763400577784,0.6446776611694153,ok,152,0,88,776,-0.04162771846835226,-0.06233490916443082,0.020707190696078556,0.24387806096951525,ok,118,0,74,352,-0.019287645771162237,-0.0266990232279549,0.007411377456792663,0.4142928535732134,ok,78,0,0.6446776611694153,144,0.049315068493150684,1.0,False,False,opposite sign,False,False,0.004911256281185487,0.027486256871564217,0.0060630600800246,0.014492753623188406,0.002938393600669227,0.14592703648175911,False,,
A-N08_ICHI_WR-15m-P2,A,N08_ICHI_WR,15m,P2,support_before_stop,mean ROE(support_before_stop=1) - mean ROE(=0) > 0,15,1140,-0.03595051104484277,-0.058059920512694096,-0.022109409467851324,,insufficient,152,0,10,854,-0.07275108959556381,-0.06007917779959915,0.012671911795964663,,insufficient,118,0,4,422,-0.10937781384165886,-0.024615712578055674,0.08476210126360319,,insufficient,78,0,1.0,254,0.08698630136986302,1.0,False,False,no data,False,False,-0.006374088600387108,0.9335332333833083,-0.006360124064185027,0.9625187406296851,-0.006973893362901055,0.9365317341329336,False,,
A-N08_ICHI_WR-30m-P1,A,N08_ICHI_WR,30m,P1,level_before_lock,mean ROE(level_before_lock=0) - mean ROE(=1) > 0,69,432,-0.052610794126563096,-0.03819449841243437,-0.014416295714128724,0.6441779110444777,ok,143,0,59,328,-0.0380977473324277,-0.04183640159790233,0.0037386542654746294,0.46326836581709147,ok,111,0,21,161,-0.030622346824808456,-0.037649560682792405,0.007027213857983949,,insufficient,63,0,0.6441779110444777,142,0.04863013698630137,1.0,False,False,no data,False,False,0.006392407706024929,0.005997001499250375,0.0038315675660511653,0.08295852073963018,0.003279231456400196,0.14492753623188406,False,,
A-N08_ICHI_WR-30m-P2,A,N08_ICHI_WR,30m,P2,support_before_stop,mean ROE(support_before_stop=1) - mean ROE(=0) > 0,1,500,0.08839580136370043,-0.040437127820536406,-0.12883292918423683,,insufficient,143,0,3,384,0.01486521013948803,-0.04170495428943661,-0.05657016442892464,,insufficient,111,0,1,181,0.31958887365734573,-0.03880794158512652,-0.35839681524247224,,insufficient,63,0,1.0,255,0.08732876712328767,1.0,False,False,no data,False,False,-0.0077237766787609935,0.912543728135932,-0.003549931218451187,0.7711144427786107,-0.021233245435676753,0.9975012493753124,False,,
A-N09_ALLIG_AROON-5m-P1,A,N09_ALLIG_AROON,5m,P1,level_before_lock,mean ROE(level_before_lock=0) - mean ROE(=1) > 0,1509,22812,-0.07844459224340464,-0.059692659108379266,-0.01875193313502537,0.991504247876062,ok,153,0,1034,17270,-0.050217412200264426,-0.06196369235856037,0.011746280158295944,0.054972513743128434,ok,118,0,808,9759,-0.05343250054257656,-0.04761084438235059,-0.005821656160225973,0.6956521739130435,ok,79,0,0.991504247876062,230,0.07876712328767123,1.0,False,False,same sign,False,False,0.007932452366861048,0.004497751124437781,0.006697532353146164,0.0024987506246876563,0.009006329536253445,0.0009995002498750624,False,,
A-N09_ALLIG_AROON-5m-P2,A,N09_ALLIG_AROON,5m,P2,support_before_stop,mean ROE(support_before_stop=1) - mean ROE(=0) > 0,325,23996,-0.05431761733830246,-0.060944682598795506,-0.006627065260493045,0.7116441779110445,ok,153,0,296,18008,-0.04406759911843894,-0.06158339415306272,-0.017515795034623784,0.879560219890055,ok,118,0,139,10428,-0.04607091777391765,-0.0480824542764851,-0.002011536502567454,0.5407296351824088,ok,79,0,0.7116441779110445,157,0.053767123287671234,1.0,False,False,same sign,False,False,-0.00699396911188558,0.9555222388805598,-0.007998987117918674,0.991504247876062,-0.007760476888961129,0.9560219890054973,False,,
A-N09_ALLIG_AROON-15m-P1,A,N09_ALLIG_AROON,15m,P1,level_before_lock,mean ROE(level_before_lock=0) - mean ROE(=1) > 0,809,7761,-0.05198669535638346,-0.04755847772667848,-0.004428217629704974,0.6441779110444777,ok,153,0,662,5867,-0.035395581455653594,-0.0471410718454759,0.011745490389822304,0.11744127936031984,ok,118,0,412,2927,-0.03583900269646643,-0.030331977127993553,-0.005507025568472875,0.6376811594202898,ok,79,0,0.6441779110444777,143,0.04897260273972603,1.0,False,False,same sign,False,False,0.004911256281185487,0.027486256871564217,0.0060630600800246,0.014492753623188406,0.002938393600669227,0.14592703648175911,False,,
A-N09_ALLIG_AROON-15m-P2,A,N09_ALLIG_AROON,15m,P2,support_before_stop,mean ROE(support_before_stop=1) - mean ROE(=0) > 0,120,8450,-0.07028228477858622,-0.047659728758181724,0.0226225560204045,0.2048975512243878,ok,153,0,89,6440,-0.0605108892725464,-0.045748924580092096,0.014761964692454305,0.3278360819590205,ok,118,0,40,3299,-0.00457552387981854,-0.03133202340387649,-0.02675649952405795,0.7211394302848576,ok,79,0,0.2048975512243878,55,0.018835616438356163,1.0,False,False,opposite sign,False,False,-0.006374088600387108,0.9335332333833083,-0.006360124064185027,0.9625187406296851,-0.006973893362901055,0.9365317341329336,False,,
A-N09_ALLIG_AROON-30m-P1,A,N09_ALLIG_AROON,30m,P1,level_before_lock,mean ROE(level_before_lock=0) - mean ROE(=1) > 0,571,3600,-0.03443754334318206,-0.03829944232699267,0.003861898983810612,0.4077961019490255,ok,153,0,395,2774,-0.03943046698728218,-0.04026517712062066,0.0008347101333384815,0.4927536231884058,ok,118,0,239,1142,-0.04278759651305667,-0.03539368265603086,-0.007393913857025813,0.6511744127936032,ok,77,0,0.4077961019490255,97,0.03321917808219178,1.0,False,False,opposite sign,False,False,0.006392407706024929,0.005997001499250375,0.0038315675660511653,0.08295852073963018,0.003279231456400196,0.14492753623188406,True,,
A-N09_ALLIG_AROON-30m-P2,A,N09_ALLIG_AROON,30m,P2,support_before_stop,mean ROE(support_before_stop=1) - mean ROE(=0) > 0,35,4136,-0.043257798371439914,-0.03772432463325198,0.0055334737381879315,0.4387806096951524,ok,153,0,38,3131,-0.037422283070060194,-0.040194375290934475,-0.002772092220874281,0.5342328835582209,ok,118,0,12,1369,0.09988822807036095,-0.03787032863159395,-0.13775855670195492,,insufficient,77,0,0.4387806096951524,104,0.03561643835616438,1.0,False,False,no data,False,False,-0.0077237766787609935,0.912543728135932,-0.003549931218451187,0.7711144427786107,-0.021233245435676753,0.9975012493753124,False,,
A-N09_ALLIG_AROON-1h-P1,A,N09_ALLIG_AROON,1h,P1,level_before_lock,mean ROE(level_before_lock=0) - mean ROE(=1) > 0,264,1457,-0.024766139398281393,-0.03331278435133348,0.008546644953052088,0.344327836081959,ok,151,0,196,1138,-0.013622698009384131,-0.029747066695901818,0.016124368686517686,0.21489255372313842,ok,117,0,86,407,-0.05148938910712511,-0.04066649541627083,-0.010822893690854284,0.6151924037981009,ok,69,0,0.344327836081959,83,0.028424657534246577,1.0,False,False,opposite sign,False,False,0.0025422404382843614,0.22588705647176413,0.00035428679975390426,0.45577211394302847,-0.004255128398775617,0.7986006996501749,False,,
A-N09_ALLIG_AROON-1h-P2,A,N09_ALLIG_AROON,1h,P2,support_before_stop,mean ROE(support_before_stop=1) - mean ROE(=0) > 0,15,1706,-0.006148321463256934,-0.0322290520393261,-0.026080730576069164,,insufficient,151,0,12,1322,0.1474282561594731,-0.02896471239310834,-0.17639296855258146,,insufficient,117,0,6,487,0.08549419093338789,-0.04413206620787537,-0.12962625714126325,,insufficient,69,0,1.0,256,0.08767123287671233,1.0,False,False,no data,False,False,-0.0031991345155540224,0.6496751624187906,0.0037316983755128832,0.30334832583708143,-0.011984901695248459,0.8440779610194903,False,,
A-N09_ALLIG_AROON-4h-P1,A,N09_ALLIG_AROON,4h,P1,level_before_lock,mean ROE(level_before_lock=0) - mean ROE(=1) > 0,23,84,-0.008516496817317712,0.020682176218679,-0.02919867303599671,,insufficient,59,0,19,70,-0.04749122621795384,0.01181407886327932,-0.05930530508123316,,insufficient,48,0,4,21,-0.23812843634115863,-0.15426725666808486,-0.08386117967307377,,insufficient,13,0,1.0,257,0.088013698630137,1.0,False,False,no data,False,False,-0.0025216301557347068,0.5937031484257871,-0.030217050774682338,0.991504247876062,-0.04554555875254066,0.9455272363818091,False,,
A-N09_ALLIG_AROON-4h-P2,A,N09_ALLIG_AROON,4h,P2,support_before_stop,mean ROE(support_before_stop=1) - mean ROE(=0) > 0,1,106,0.26786150874628206,0.012014734592683462,-0.2558467741535986,,insufficient,59,0,1,88,-0.06901236256824833,-7.199335390138483e-05,0.06894036921434694,,insufficient,48,0,0,25,,-0.16768504541577664,,,insufficient,13,0,1.0,258,0.08835616438356164,1.0,False,False,no data,False,False,-0.05798015843386989,0.9690154922538731,-0.01434556844546064,0.6256871564217891,-0.044950399881550085,,False,,
A-N10_HA_PSAR-5m-P1,A,N10_HA_PSAR,5m,P1,level_before_lock,mean ROE(level_before_lock=0) - mean ROE(=1) > 0,5900,75518,-0.0588379473761675,-0.06034746304526563,0.001509515669098127,0.3468265867066467,ok,153,0,4803,61324,-0.05370037596112001,-0.06250174881765733,0.008801372856537315,0.013993003498250875,ok,118,0,3463,31103,-0.04925070825109217,-0.04989133583867534,0.0006406275875831674,0.45327336331834084,ok,79,0,0.3468265867066467,84,0.028767123287671233,1.0,False,False,same sign,False,False,0.007932452366861048,0.004497751124437781,0.006697532353146164,0.0024987506246876563,0.009006329536253445,0.0009995002498750624,True,,
A-N10_HA_PSAR-5m-P2,A,N10_HA_PSAR,5m,P2,support_before_stop,mean ROE(support_before_stop=1) - mean ROE(=0) > 0,2947,78471,-0.049465819764130246,-0.06064263018091863,-0.011176810416788384,0.992503748125937,ok,153,0,2835,63292,-0.05774403244318492,-0.06204695408991418,-0.004302921646729262,0.8285857071464268,ok,118,0,1252,33314,-0.06410074552060523,-0.049290727257971234,0.014810018262633992,0.03548225887056472,ok,79,0,0.992503748125937,232,0.07945205479452055,1.0,False,False,opposite sign,False,False,-0.00699396911188558,0.9555222388805598,-0.007998987117918674,0.991504247876062,-0.007760476888961129,0.9560219890054973,False,,
A-N10_HA_PSAR-15m-P1,A,N10_HA_PSAR,15m,P1,level_before_lock,mean ROE(level_before_lock=0) - mean ROE(=1) > 0,2941,21763,-0.04317645264968982,-0.048506057206515824,0.005329604556826004,0.17691154422788605,ok,153,0,2436,18146,-0.04923722492974857,-0.04977540342834639,0.0005381784985978161,0.44677661169415295,ok,118,0,1549,8706,-0.041117449829688624,-0.03778072969499139,-0.003336720134697234,0.6661669165417291,ok,79,0,0.17691154422788605,50,0.017123287671232876,1.0,False,False,opposite sign,False,False,0.004911256281185487,0.027486256871564217,0.0060630600800246,0.014492753623188406,0.002938393600669227,0.14592703648175911,True,,
A-N10_HA_PSAR-15m-P2,A,N10_HA_PSAR,15m,P2,support_before_stop,mean ROE(support_before_stop=1) - mean ROE(=0) > 0,876,23828,-0.053532127824406826,-0.04766346845114828,0.005868659373258547,0.280359820089955,ok,153,0,804,19778,-0.03917470273284332,-0.05014004902125771,-0.01096534628841439,0.8675662168915542,ok,118,0,393,9862,-0.037799516706728105,-0.03830407143024119,-0.0005045547235130871,0.5262368815592204,ok,79,0,0.280359820089955,68,0.023287671232876714,1.0,False,False,opposite sign,False,False,-0.006374088600387108,0.9335332333833083,-0.006360124064185027,0.9625187406296851,-0.006973893362901055,0.9365317341329336,False,,
A-N10_HA_PSAR-30m-P1,A,N10_HA_PSAR,30m,P1,level_before_lock,mean ROE(level_before_lock=0) - mean ROE(=1) > 0,1593,8970,-0.05007561945554419,-0.03449859335105231,-0.015577026104491874,0.9790104947526237,ok,153,0,1365,7822,-0.021420908767137082,-0.04069965006289404,0.01927874129575696,0.015992003998001,ok,118,0,686,3155,-0.0362777416307023,-0.034508047762963796,-0.0017696938677385018,0.5602198900549725,ok,79,0,0.9790104947526237,227,0.07773972602739727,1.0,False,False,same sign,False,False,0.006392407706024929,0.005997001499250375,0.0038315675660511653,0.08295852073963018,0.003279231456400196,0.14492753623188406,False,,
A-N10_HA_PSAR-30m-P2,A,N10_HA_PSAR,30m,P2,support_before_stop,mean ROE(support_before_stop=1) - mean ROE(=0) > 0,299,10264,-0.04301838064823169,-0.03666799964319952,0.006350381005032171,0.33933033483258374,ok,153,0,302,8885,-0.052585016530125935,-0.03733388050275759,0.015251136027368342,0.17541229385307347,ok,118,0,122,3719,0.03600414644616752,-0.0371476007844165,-0.07315174723058401,0.9995002498750625,ok,79,0,0.33933033483258374,81,0.027739726027397257,1.0,False,False,opposite sign,False,False,-0.0077237766787609935,0.912543728135932,-0.003549931218451187,0.7711144427786107,-0.021233245435676753,0.9975012493753124,False,,
A-N10_HA_PSAR-1h-P1,A,N10_HA_PSAR,1h,P1,level_before_lock,mean ROE(level_before_lock=0) - mean ROE(=1) > 0,739,3392,-0.050479012406917975,-0.028728314589912825,-0.02175069781700515,0.9590204897551224,ok,152,0,689,3365,-0.06964741787050241,-0.031324570703691074,-0.038322847166811336,0.9980009995002499,ok,118,0,276,1065,-0.018369938825546266,0.0008528736176449624,-0.01922281244319123,0.8055972013993004,ok,73,0,0.9590204897551224,215,0.07363013698630137,1.0,False,False,same sign,False,False,0.0025422404382843614,0.22588705647176413,0.00035428679975390426,0.45577211394302847,-0.004255128398775617,0.7986006996501749,False,,
A-N10_HA_PSAR-1h-P2,A,N10_HA_PSAR,1h,P2,support_before_stop,mean ROE(support_before_stop=1) - mean ROE(=0) > 0,106,4025,-0.03337199206055531,-0.032599503627149765,0.0007724884334055424,0.49225387306346824,ok,152,0,117,3937,-0.07638402177683755,-0.036692232863298604,0.039691788913538945,0.053973013493253376,ok,118,0,35,1306,-0.008309965446069906,-0.0029639693127461223,0.005345996133323783,0.4572713643178411,ok,73,0,0.49225387306346824,110,0.03767123287671233,1.0,False,False,same sign,False,False,-0.0031991345155540224,0.6496751624187906,0.0037316983755128832,0.30334832583708143,-0.011984901695248459,0.8440779610194903,False,,
A-N10_HA_PSAR-4h-P1,A,N10_HA_PSAR,4h,P1,level_before_lock,mean ROE(level_before_lock=0) - mean ROE(=1) > 0,27,192,-0.026937345044817304,-0.020116190829451035,-0.006821154215366269,,insufficient,69,0,36,160,-0.0016469453210954266,-0.02039201698484886,0.018745071663753436,0.37631184407796103,ok,77,0,5,28,0.10180401125819427,-0.02657019419014998,0.12837420544834424,,insufficient,16,0,1.0,259,0.08869863013698631,1.0,False,False,no data,False,False,-0.0025216301557347068,0.5937031484257871,-0.030217050774682338,0.991504247876062,-0.04554555875254066,0.9455272363818091,False,,
A-N10_HA_PSAR-4h-P2,A,N10_HA_PSAR,4h,P2,support_before_stop,mean ROE(support_before_stop=1) - mean ROE(=0) > 0,1,218,0.7109133367398475,-0.024314359138552812,-0.7352276958784003,,insufficient,69,0,0,196,,-0.01694904463844517,,,insufficient,77,0,1,32,-0.36847530760640135,0.004172810205411659,0.372648117811813,,insufficient,16,0,1.0,260,0.08904109589041095,1.0,False,False,no data,False,False,-0.05798015843386989,0.9690154922538731,-0.01434556844546064,0.6256871564217891,-0.044950399881550085,,False,,
A-N12_ICHI_AO-5m-P1,A,N12_ICHI_AO,5m,P1,level_before_lock,mean ROE(level_before_lock=0) - mean ROE(=1) > 0,1764,23490,-0.06568154258651299,-0.06096670557402941,-0.004714837012483576,0.7471264367816092,ok,153,0,1160,18043,-0.06278525590876942,-0.0602065696586799,-0.002578686250089522,0.6276861569215393,ok,118,0,1007,9677,-0.04566285287633052,-0.04803092337683791,0.0023680705005073924,0.384807596201899,ok,79,0,0.7471264367816092,161,0.055136986301369866,1.0,False,False,opposite sign,False,False,0.007932452366861048,0.004497751124437781,0.006697532353146164,0.0024987506246876563,0.009006329536253445,0.0009995002498750624,False,,
A-N12_ICHI_AO-5m-P2,A,N12_ICHI_AO,5m,P2,support_before_stop,mean ROE(support_before_stop=1) - mean ROE(=0) > 0,465,24789,-0.06067058292586958,-0.06130777094663077,-0.0006371880207611882,0.5172413793103449,ok,153,0,388,18815,-0.07347230253830915,-0.06009198936066278,0.013380313177646368,0.14042978510744628,ok,118,0,160,10524,-0.007971450196787942,-0.04841337004301018,-0.04044191984622224,0.968015992003998,ok,79,0,0.5172413793103449,115,0.039383561643835614,1.0,False,False,same sign,False,False,-0.00699396911188558,0.9555222388805598,-0.007998987117918674,0.991504247876062,-0.007760476888961129,0.9560219890054973,False,,
A-N12_ICHI_AO-15m-P1,A,N12_ICHI_AO,15m,P1,level_before_lock,mean ROE(level_before_lock=0) - mean ROE(=1) > 0,1009,7452,-0.035023204395043285,-0.04731423845298483,0.012291034057941547,0.07746126936531735,ok,153,0,683,5632,-0.040442553425721284,-0.04614177504320567,0.005699221617484387,0.3008495752123938,ok,118,0,479,2960,-0.03661176193032535,-0.04023912079662994,0.0036273588663045878,0.3988005997001499,ok,79,0,0.07746126936531735,28,0.009589041095890411,0.7720010962260805,False,False,same sign,False,False,0.004911256281185487,0.027486256871564217,0.0060630600800246,0.014492753623188406,0.002938393600669227,0.14592703648175911,True,,
A-N12_ICHI_AO-15m-P2,A,N12_ICHI_AO,15m,P2,support_before_stop,mean ROE(support_before_stop=1) - mean ROE(=0) > 0,121,8340,-0.07206663646384,-0.04546811213118909,0.026598524332650905,0.15892053973013492,ok,153,0,114,6201,-0.021322499522982607,-0.045970323510318004,-0.024647823987335397,0.8060969515242379,ok,118,0,56,3383,-0.09003733472738006,-0.038901194436274655,0.0511361402911054,0.16091954022988506,ok,79,0,0.15892053973013492,43,0.014726027397260274,1.0,False,False,same sign,False,False,-0.006374088600387108,0.9335332333833083,-0.006360124064185027,0.9625187406296851,-0.006973893362901055,0.9365317341329336,False,,
A-N12_ICHI_AO-30m-P1,A,N12_ICHI_AO,30m,P1,level_before_lock,mean ROE(level_before_lock=0) - mean ROE(=1) > 0,591,3366,-0.019969731496126433,-0.037584031639390336,0.017614300143263904,0.11944027986006997,ok,153,0,428,2598,-0.020296281778905443,-0.039261361841185706,0.018965080062280263,0.09995002498750624,ok,118,0,226,1122,-0.012876810998019707,-0.04086990735054295,0.027993096352523245,0.16891554222888555,ok,79,0,0.11944027986006997,35,0.011986301369863013,0.9809539674607142,False,False,same sign,False,False,0.006392407706024929,0.005997001499250375,0.0038315675660511653,0.08295852073963018,0.003279231456400196,0.14492753623188406,True,,
A-N12_ICHI_AO-30m-P2,A,N12_ICHI_AO,30m,P2,support_before_stop,mean ROE(support_before_stop=1) - mean ROE(=0) > 0,57,3900,0.018260836988746944,-0.035730981928399276,-0.05399181891714622,0.935032483758121,ok,153,0,48,2978,-0.0368028141443719,-0.03657531618060515,0.00022749796376674708,0.47976011994003,ok,118,0,16,1332,0.029859993225187568,-0.03696993635470319,-0.06682992957989076,,insufficient,79,0,0.935032483758121,206,0.07054794520547945,1.0,False,False,no data,False,False,-0.0077237766787609935,0.912543728135932,-0.003549931218451187,0.7711144427786107,-0.021233245435676753,0.9975012493753124,False,,
A-N12_ICHI_AO-1h-P1,A,N12_ICHI_AO,1h,P1,level_before_lock,mean ROE(level_before_lock=0) - mean ROE(=1) > 0,286,1401,-0.049362175461570484,-0.03014833382145053,-0.019213841640119956,0.823088455772114,ok,149,0,247,1092,-0.03907285653036997,-0.032831921221812825,-0.006240935308557148,0.6071964017991005,ok,118,0,106,427,-0.05611565881886952,-0.009918638458146039,-0.046197020360723484,0.9105447276361819,ok,70,0,0.823088455772114,174,0.059589041095890416,1.0,False,False,same sign,False,False,0.0025422404382843614,0.22588705647176413,0.00035428679975390426,0.45577211394302847,-0.004255128398775617,0.7986006996501749,False,,
A-N12_ICHI_AO-1h-P2,A,N12_ICHI_AO,1h,P2,support_before_stop,mean ROE(support_before_stop=1) - mean ROE(=0) > 0,23,1664,-0.10544895323356877,-0.03240989900329883,0.07303905423026993,,insufficient,149,0,21,1318,-0.034728465455395104,-0.03397128661810143,0.0007571788372936761,,insufficient,118,0,6,527,-0.22343813038754487,-0.01677967680095495,0.2066584535865899,,insufficient,70,0,1.0,261,0.08938356164383562,1.0,False,False,no data,False,False,-0.0031991345155540224,0.6496751624187906,0.0037316983755128832,0.30334832583708143,-0.011984901695248459,0.8440779610194903,False,,
A-N12_ICHI_AO-4h-P1,A,N12_ICHI_AO,4h,P1,level_before_lock,mean ROE(level_before_lock=0) - mean ROE(=1) > 0,23,84,-0.06219806200400996,0.010492193366685202,-0.07269025537069516,,insufficient,58,0,21,71,-0.0386640438434701,-0.05319270735961357,0.014528663516143465,,insufficient,56,0,3,15,-0.1472908989763735,-0.05548434382295235,-0.09180655515342116,,insufficient,11,0,1.0,262,0.08972602739726028,1.0,False,False,no data,False,False,-0.0025216301557347068,0.5937031484257871,-0.030217050774682338,0.991504247876062,-0.04554555875254066,0.9455272363818091,False,,
A-N12_ICHI_AO-4h-P2,A,N12_ICHI_AO,4h,P2,support_before_stop,mean ROE(support_before_stop=1) - mean ROE(=0) > 0,0,107,,-0.005132814797109089,,,insufficient,58,0,1,91,0.20283402399999928,-0.052653419420279506,-0.2554874434202788,,insufficient,56,0,0,18,,-0.07078543634852255,,,insufficient,11,0,1.0,263,0.09006849315068494,1.0,False,False,no data,False,False,-0.05798015843386989,0.9690154922538731,-0.01434556844546064,0.6256871564217891,-0.044950399881550085,,False,,
A-N17_KC_RSI-5m-P1,A,N17_KC_RSI,5m,P1,level_before_lock,mean ROE(level_before_lock=0) - mean ROE(=1) > 0,47240,154116,-0.045492109653757,-0.06070015538741045,0.015208045733653447,0.0004997501249375312,ok,153,0,37391,132092,-0.051021084692272185,-0.0640000899984166,0.01297900530614441,0.0004997501249375312,ok,118,0,25277,61778,-0.04576257115350696,-0.05790996556582166,0.012147394412314702,0.0004997501249375312,ok,79,0,0.0004997501249375312,1,0.00034246575342465754,0.04864234549391971,True,True,same sign,True,True,0.007932452366861048,0.004497751124437781,0.006697532353146164,0.0024987506246876563,0.009006329536253445,0.0009995002498750624,True,"candidate, but the random null shows the same effect: market-wide, not the strategy",
A-N17_KC_RSI-5m-P2,A,N17_KC_RSI,5m,P2,support_before_stop,mean ROE(support_before_stop=1) - mean ROE(=0) > 0,43497,157859,-0.05100726876028469,-0.05881989141235869,-0.007812622652073997,1.0,ok,153,0,40589,128894,-0.056429857156690494,-0.06261887902979722,-0.006189021873106729,0.9965017491254373,ok,118,0,20142,66913,-0.050365948856826756,-0.055592058671682945,-0.005226109814856189,0.9565217391304348,ok,79,0,1.0,264,0.09041095890410959,1.0,False,False,same sign,False,False,-0.00699396911188558,0.9555222388805598,-0.007998987117918674,0.991504247876062,-0.007760476888961129,0.9560219890054973,False,,
A-N17_KC_RSI-15m-P1,A,N17_KC_RSI,15m,P1,level_before_lock,mean ROE(level_before_lock=0) - mean ROE(=1) > 0,22307,47970,-0.048749114292672105,-0.05179217027184457,0.003043055979172468,0.2288855572213893,ok,153,0,18287,39367,-0.050331172124867034,-0.048883851932375245,-0.0014473201924917883,0.6266866566716641,ok,118,0,10340,17829,-0.048268568264695916,-0.05233440741382131,0.004065839149125394,0.23788105947026486,ok,79,0,0.2288855572213893,60,0.02054794520547945,1.0,False,False,same sign,False,False,0.004911256281185487,0.027486256871564217,0.0060630600800246,0.014492753623188406,0.002938393600669227,0.14592703648175911,True,,
A-N17_KC_RSI-15m-P2,A,N17_KC_RSI,15m,P2,support_before_stop,mean ROE(support_before_stop=1) - mean ROE(=0) > 0,14950,55327,-0.0509947514504745,-0.05078072851017454,0.0002140229402999641,0.4737631184407796,ok,153,0,13424,44230,-0.0511972332075914,-0.048780128534717436,0.002417104672873961,0.2943528235882059,ok,118,0,6393,21776,-0.044340738416383814,-0.05275058803003463,-0.008409849613650815,0.9065467266366817,ok,79,0,0.4737631184407796,108,0.036986301369863014,1.0,False,False,opposite sign,False,False,-0.006374088600387108,0.9335332333833083,-0.006360124064185027,0.9625187406296851,-0.006973893362901055,0.9365317341329336,False,,
A-N17_KC_RSI-30m-P1,A,N17_KC_RSI,30m,P1,level_before_lock,mean ROE(level_before_lock=0) - mean ROE(=1) > 0,11857,23242,-0.05604127392995867,-0.04758148117778207,-0.0084597927521766,0.9095452273863068,ok,153,0,10469,19509,-0.04002758980958214,-0.04363844533548039,0.0036108555258982517,0.26186906546726635,ok,118,0,4747,7682,-0.04244449739283715,-0.0517928908297639,0.009348393436926748,0.09945027486256872,ok,78,0,0.9095452273863068,202,0.06917808219178083,1.0,False,False,opposite sign,False,False,0.006392407706024929,0.005997001499250375,0.0038315675660511653,0.08295852073963018,0.003279231456400196,0.14492753623188406,False,,
A-N17_KC_RSI-30m-P2,A,N17_KC_RSI,30m,P2,support_before_stop,mean ROE(support_before_stop=1) - mean ROE(=0) > 0,6326,28773,-0.05305115700201201,-0.04986510100882087,0.0031860559931911406,0.3118440779610195,ok,153,0,5811,24167,-0.04485286590473364,-0.041782234617205094,0.003070631287528547,0.3588205897051474,ok,118,0,2546,9883,-0.03100063995675442,-0.05265904959507716,-0.021658409638322742,0.9455272363818091,ok,78,0,0.3118440779610195,75,0.025684931506849314,1.0,False,False,opposite sign,False,False,-0.0077237766787609935,0.912543728135932,-0.003549931218451187,0.7711144427786107,-0.021233245435676753,0.9975012493753124,False,,
A-N17_KC_RSI-1h-P1,A,N17_KC_RSI,1h,P1,level_before_lock,mean ROE(level_before_lock=0) - mean ROE(=1) > 0,5185,9555,-0.05960856113267978,-0.048221586366597805,-0.011386974766081977,0.887056471764118,ok,152,0,5030,8637,-0.05033426648289761,-0.05124945979444265,0.0009151933115450345,0.46476761619190404,ok,118,0,1805,2813,-0.062067963247309114,-0.040582115605060365,-0.02148584764224875,0.9035482258870565,ok,70,0,0.887056471764118,197,0.06746575342465755,1.0,False,False,same sign,False,False,0.0025422404382843614,0.22588705647176413,0.00035428679975390426,0.45577211394302847,-0.004255128398775617,0.7986006996501749,False,,
A-N17_KC_RSI-1h-P2,A,N17_KC_RSI,1h,P2,support_before_stop,mean ROE(support_before_stop=1) - mean ROE(=0) > 0,2408,12332,-0.05693303993818877,-0.051308213350196905,0.005624826587991863,0.3058470764617691,ok,152,0,2436,11231,-0.04850377149919731,-0.0514351132830141,-0.0029313417838167932,0.6116941529235382,ok,118,0,915,3703,-0.04360459884191727,-0.05030838696140249,-0.006703788119485216,0.6536731634182908,ok,70,0,0.3058470764617691,72,0.024657534246575342,1.0,False,False,opposite sign,False,False,-0.0031991345155540224,0.6496751624187906,0.0037316983755128832,0.30334832583708143,-0.011984901695248459,0.8440779610194903,False,,
A-N17_KC_RSI-4h-P1,A,N17_KC_RSI,4h,P1,level_before_lock,mean ROE(level_before_lock=0) - mean ROE(=1) > 0,277,524,-0.11797481477982419,-0.05385327939462042,-0.06412153538520377,0.9600199900049975,ok,64,0,287,416,-0.10132106662063392,-0.04031579863728047,-0.06100526798335345,0.9630184907546226,ok,73,0,39,92,-0.08051836413604886,-0.04602591317545676,-0.0344924509605921,0.7076461769115442,ok,14,0,0.9600199900049975,216,0.07397260273972603,1.0,False,False,same sign,False,False,-0.0025216301557347068,0.5937031484257871,-0.030217050774682338,0.991504247876062,-0.04554555875254066,0.9455272363818091,False,,
A-N17_KC_RSI-4h-P2,A,N17_KC_RSI,4h,P2,support_before_stop,mean ROE(support_before_stop=1) - mean ROE(=0) > 0,70,731,-0.09443833768871977,-0.07426464905414776,0.020173688634572015,0.3233383308345827,ok,64,0,77,626,-0.06702396609343884,-0.06499947757833198,0.002024488515106865,0.495752123938031,ok,73,0,10,121,0.08089174180446282,-0.06763237711977321,-0.14852411892423603,,insufficient,14,0,0.3233383308345827,79,0.027054794520547945,1.0,False,False,no data,False,False,-0.05798015843386989,0.9690154922538731,-0.01434556844546064,0.6256871564217891,-0.044950399881550085,,False,,
A-N18_VWMA_MACD-5m-P1,A,N18_VWMA_MACD,5m,P1,level_before_lock,mean ROE(level_before_lock=0) - mean ROE(=1) > 0,16455,158276,-0.06471538437839897,-0.0626003976961297,-0.002114986682269268,0.7801099450274862,ok,153,0,12986,120395,-0.06255378288284735,-0.06133328143071578,-0.001220501452131574,0.6466766616691654,ok,118,0,9486,66770,-0.04793189077016493,-0.05212030197041812,0.004188411200253192,0.15092453773113443,ok,79,0,0.7801099450274862,168,0.057534246575342465,1.0,False,False,opposite sign,False,False,0.007932452366861048,0.004497751124437781,0.006697532353146164,0.0024987506246876563,0.009006329536253445,0.0009995002498750624,False,,
A-N18_VWMA_MACD-5m-P2,A,N18_VWMA_MACD,5m,P2,support_before_stop,mean ROE(support_before_stop=1) - mean ROE(=0) > 0,3568,171163,-0.057860815296568044,-0.0629025245334624,-0.005041709236894357,0.8065967016491754,ok,153,0,3458,129923,-0.062435851976016817,-0.061425926635273326,0.0010099253407434908,0.43728135932033985,ok,118,0,1561,74695,-0.046633530148060966,-0.05170305291986719,-0.005069522771806223,0.6931534232883558,ok,79,0,0.8065967016491754,172,0.0589041095890411,1.0,False,False,same sign,False,False,-0.00699396911188558,0.9555222388805598,-0.007998987117918674,0.991504247876062,-0.007760476888961129,0.9560219890054973,False,,
A-N18_VWMA_MACD-15m-P1,A,N18_VWMA_MACD,15m,P1,level_before_lock,mean ROE(level_before_lock=0) - mean ROE(=1) > 0,8176,48154,-0.03990277875801473,-0.047076847382066696,0.0071740686240519685,0.095952023988006,ok,153,0,6322,37826,-0.03642336300038647,-0.048310420194067075,0.011887057193680606,0.01649175412293853,ok,118,0,4201,18582,-0.049936743709695725,-0.03913016341617437,-0.010806580293521356,0.9695152423788106,ok,79,0,0.095952023988006,33,0.011301369863013699,0.8490300304393258,False,False,opposite sign,False,False,0.004911256281185487,0.027486256871564217,0.0060630600800246,0.014492753623188406,0.002938393600669227,0.14592703648175911,True,,
A-N18_VWMA_MACD-15m-P2,A,N18_VWMA_MACD,15m,P2,support_before_stop,mean ROE(support_before_stop=1) - mean ROE(=0) > 0,1061,55269,-0.022218670161421723,-0.046492782914840144,-0.024274112753418422,0.968015992003998,ok,153,0,1002,43146,-0.014565454019813963,-0.04735233556346754,-0.03278688154365358,0.9965017491254373,ok,118,0,467,22316,-0.056471596746399254,-0.04080160966316613,0.015669987083233125,0.1969015492253873,ok,79,0,0.968015992003998,220,0.07534246575342465,1.0,False,False,opposite sign,False,False,-0.006374088600387108,0.9335332333833083,-0.006360124064185027,0.9625187406296851,-0.006973893362901055,0.9365317341329336,False,,
A-N18_VWMA_MACD-30m-P1,A,N18_VWMA_MACD,30m,P1,level_before_lock,mean ROE(level_before_lock=0) - mean ROE(=1) > 0,4589,21257,-0.05135073270023676,-0.04071580439871747,-0.01063492830151929,0.9370314842578711,ok,153,0,3734,16881,-0.023218165102118597,-0.034311048985993214,0.011092883883874617,0.07196401799100449,ok,118,0,2029,7505,-0.034335983344729044,-0.04377923299010019,0.009443249645371146,0.17891054472763618,ok,79,0,0.9370314842578711,208,0.07123287671232877,1.0,False,False,opposite sign,False,False,0.006392407706024929,0.005997001499250375,0.0038315675660511653,0.08295852073963018,0.003279231456400196,0.14492753623188406,False,,
A-N18_VWMA_MACD-30m-P2,A,N18_VWMA_MACD,30m,P2,support_before_stop,mean ROE(support_before_stop=1) - mean ROE(=0) > 0,390,25456,-0.0038071993771540114,-0.04319844275250761,-0.039391243375353595,0.9665167416291854,ok,153,0,449,20166,-0.019413901152095042,-0.03258874366788514,-0.013174842515790097,0.8010994502748626,ok,118,0,158,9376,-0.003399493507672697,-0.04241614055278849,-0.03901664704511579,0.9245377311344328,ok,79,0,0.9665167416291854,218,0.07465753424657534,1.0,False,False,same sign,False,False,-0.0077237766787609935,0.912543728135932,-0.003549931218451187,0.7711144427786107,-0.021233245435676753,0.9975012493753124,False,,
A-N18_VWMA_MACD-1h-P1,A,N18_VWMA_MACD,1h,P1,level_before_lock,mean ROE(level_before_lock=0) - mean ROE(=1) > 0,2043,8177,-0.03584427808405131,-0.035863113176680644,1.8835092629336525e-05,0.504247876061969,ok,153,0,1883,6954,-0.0404471040735103,-0.04349988123603589,0.0030527771625255898,0.3743128435782109,ok,118,0,798,2616,-0.02013385782917173,-0.022428856037086435,0.0022949982079147058,0.4177911044477761,ok,70,0,0.504247876061969,112,0.038356164383561646,1.0,False,False,same sign,False,False,0.0025422404382843614,0.22588705647176413,0.00035428679975390426,0.45577211394302847,-0.004255128398775617,0.7986006996501749,False,,
A-N18_VWMA_MACD-1h-P2,A,N18_VWMA_MACD,1h,P2,support_before_stop,mean ROE(support_before_stop=1) - mean ROE(=0) > 0,151,10069,-0.0910590976037666,-0.03503154363226394,0.05602755397150266,0.030484757621189407,ok,153,0,165,8672,0.027710565216750676,-0.04419191816727137,-0.07190248338402204,0.952023988005997,ok,118,0,66,3348,-0.028641665536700795,-0.02175936559596025,0.006882299940740546,0.44427786106946526,ok,70,0,0.030484757621189407,14,0.004794520547945206,0.6358249446705219,False,False,same sign,False,False,-0.0031991345155540224,0.6496751624187906,0.0037316983755128832,0.30334832583708143,-0.011984901695248459,0.8440779610194903,False,,
A-N18_VWMA_MACD-4h-P1,A,N18_VWMA_MACD,4h,P1,level_before_lock,mean ROE(level_before_lock=0) - mean ROE(=1) > 0,127,524,-0.031629425252999034,-0.017635699700618734,-0.0139937255523803,0.6301849075462269,ok,76,0,132,476,-0.10784412249517311,-0.014693632642634203,-0.0931504898525389,0.9940029985007496,ok,84,0,13,73,0.013496378641904125,-0.005215787137312055,0.01871216577921618,,insufficient,18,0,0.6301849075462269,138,0.04726027397260274,1.0,False,False,no data,False,False,-0.0025216301557347068,0.5937031484257871,-0.030217050774682338,0.991504247876062,-0.04554555875254066,0.9455272363818091,False,,
A-N18_VWMA_MACD-4h-P2,A,N18_VWMA_MACD,4h,P2,support_before_stop,mean ROE(support_before_stop=1) - mean ROE(=0) > 0,5,646,0.06958361503738998,-0.021061860256102242,-0.09064547529349222,,insufficient,76,0,6,602,0.007900190037427203,-0.03534384459714502,-0.04324403463457222,,insufficient,84,0,0,86,,-0.0023872039381282167,,,insufficient,18,0,1.0,265,0.09075342465753425,1.0,False,False,no data,False,False,-0.05798015843386989,0.9690154922538731,-0.01434556844546064,0.6256871564217891,-0.044950399881550085,,False,,
A-N22_VORTEX_PSAR-5m-P1,A,N22_VORTEX_PSAR,5m,P1,level_before_lock,mean ROE(level_before_lock=0) - mean ROE(=1) > 0,7565,124925,-0.057657991326635384,-0.0597396392500213,0.0020816479233859153,0.2433783108445777,ok,153,0,5418,95813,-0.06099448600812266,-0.061850041030483666,0.0008555550223610028,0.42328835582208896,ok,118,0,4576,52544,-0.04353620467199763,-0.04900251278519527,0.005466308113197635,0.14592703648175911,ok,79,0,0.2433783108445777,64,0.021917808219178082,1.0,False,False,same sign,False,False,0.007932452366861048,0.004497751124437781,0.006697532353146164,0.0024987506246876563,0.009006329536253445,0.0009995002498750624,True,,
A-N22_VORTEX_PSAR-5m-P2,A,N22_VORTEX_PSAR,5m,P2,support_before_stop,mean ROE(support_before_stop=1) - mean ROE(=0) > 0,3543,128947,-0.05919578640570193,-0.05963245726119651,-0.00043667085549457807,0.5427286356821589,ok,153,0,3188,98043,-0.06363073092614242,-0.06174486027817585,0.001885870647966574,0.33483258370814595,ok,118,0,1467,55653,-0.0444783564195245,-0.04867230797076381,-0.0041939515512393055,0.7396301849075462,ok,79,0,0.5427286356821589,122,0.04178082191780822,1.0,False,False,same sign,False,False,-0.00699396911188558,0.9555222388805598,-0.007998987117918674,0.991504247876062,-0.007760476888961129,0.9560219890054973,False,,
A-N22_VORTEX_PSAR-15m-P1,A,N22_VORTEX_PSAR,15m,P1,level_before_lock,mean ROE(level_before_lock=0) - mean ROE(=1) > 0,4497,39174,-0.041011182463855114,-0.048011561491615645,0.007000379027760531,0.06996501749125437,ok,153,0,3470,30328,-0.04725999360665477,-0.05158764925731429,0.004327655650659519,0.18190904547726136,ok,118,0,2377,15313,-0.03955080214095292,-0.03375619276563371,-0.005794609375319212,0.8010994502748626,ok,79,0,0.06996501749125437,24,0.008219178082191782,0.7720010962260805,False,False,opposite sign,False,False,0.004911256281185487,0.027486256871564217,0.0060630600800246,0.014492753623188406,0.002938393600669227,0.14592703648175911,True,,
A-N22_VORTEX_PSAR-15m-P2,A,N22_VORTEX_PSAR,15m,P2,support_before_stop,mean ROE(support_before_stop=1) - mean ROE(=0) > 0,1137,42534,-0.04456069264571666,-0.04736367823092886,-0.002802985585212199,0.6351824087956022,ok,153,0,934,32864,-0.051649739450915486,-0.05112894193779712,0.0005207975131183637,0.49225387306346824,ok,118,0,441,17249,-0.032894594874882006,-0.03457674764736339,-0.0016821527724813837,0.5497251374312844,ok,79,0,0.6351824087956022,140,0.04794520547945205,1.0,False,False,same sign,False,False,-0.006374088600387108,0.9335332333833083,-0.006360124064185027,0.9625187406296851,-0.006973893362901055,0.9365317341329336,False,,
A-N22_VORTEX_PSAR-30m-P1,A,N22_VORTEX_PSAR,30m,P1,level_before_lock,mean ROE(level_before_lock=0) - mean ROE(=1) > 0,2794,17898,-0.042000346445694225,-0.04023532924814363,-0.0017650171975505946,0.6121939030484758,ok,153,0,2200,13774,-0.03536180533605209,-0.03923780270905708,0.003875997373004987,0.2773613193403298,ok,118,0,1230,6180,-0.03941339814986617,-0.03152486366285404,-0.007888534487012128,0.7956021989005497,ok,79,0,0.6121939030484758,134,0.04589041095890411,1.0,False,False,same sign,False,False,0.006392407706024929,0.005997001499250375,0.0038315675660511653,0.08295852073963018,0.003279231456400196,0.14492753623188406,False,,
A-N22_VORTEX_PSAR-30m-P2,A,N22_VORTEX_PSAR,30m,P2,support_before_stop,mean ROE(support_before_stop=1) - mean ROE(=0) > 0,421,20271,-0.033218023048041105,-0.04062434527893635,-0.007406322230895247,0.696151924037981,ok,153,0,435,15539,-0.044856725630901186,-0.03853174532495171,0.006324980305949475,0.30634682658670664,ok,118,0,153,7257,-0.02659479727345639,-0.0329658444505904,-0.00637104717713401,0.5657171414292853,ok,79,0,0.696151924037981,149,0.05102739726027397,1.0,False,False,same sign,False,False,-0.0077237766787609935,0.912543728135932,-0.003549931218451187,0.7711144427786107,-0.021233245435676753,0.9975012493753124,False,,
A-N22_VORTEX_PSAR-1h-P1,A,N22_VORTEX_PSAR,1h,P1,level_before_lock,mean ROE(level_before_lock=0) - mean ROE(=1) > 0,1445,6903,-0.04477851398004246,-0.026182260679509337,-0.018596253300533126,0.9790104947526237,ok,152,0,1214,5849,-0.0455524026262572,-0.036153135411325,-0.0093992672149322,0.816591704147926,ok,118,0,493,2044,-0.03787378205305425,-0.016424307531395704,-0.021449474521658546,0.9495252373813093,ok,74,0,0.9790104947526237,228,0.07808219178082192,1.0,False,False,same sign,False,False,0.0025422404382843614,0.22588705647176413,0.00035428679975390426,0.45577211394302847,-0.004255128398775617,0.7986006996501749,False,,
A-N22_VORTEX_PSAR-1h-P2,A,N22_VORTEX_PSAR,1h,P2,support_before_stop,mean ROE(support_before_stop=1) - mean ROE(=0) > 0,152,8196,-0.02428313286191609,-0.029496103218253186,-0.005212970356337096,0.5812093953023488,ok,152,0,181,6882,-0.05230503910573912,-0.03738638386093831,0.014918655244800814,0.24887556221889057,ok,118,0,45,2492,-0.014687755978666936,-0.020699081110468923,-0.006011325131801987,0.5627186406796602,ok,74,0,0.5812093953023488,130,0.04452054794520548,1.0,False,False,same sign,False,False,-0.0031991345155540224,0.6496751624187906,0.0037316983755128832,0.30334832583708143,-0.011984901695248459,0.8440779610194903,False,,
A-N22_VORTEX_PSAR-4h-P1,A,N22_VORTEX_PSAR,4h,P1,level_before_lock,mean ROE(level_before_lock=0) - mean ROE(=1) > 0,92,414,0.031303209478406174,-0.012324615833995259,0.04362782531240143,0.14292853573213393,ok,87,0,81,369,-0.02601155325876831,-0.0032077718461383043,-0.022803781412630005,0.712143928035982,ok,98,0,12,72,-0.009528531159096647,-0.01583998144441133,0.006311450285314683,,insufficient,20,0,0.14292853573213393,38,0.013013698630136987,1.0,False,False,no data,False,False,-0.0025216301557347068,0.5937031484257871,-0.030217050774682338,0.991504247876062,-0.04554555875254066,0.9455272363818091,False,,
A-N22_VORTEX_PSAR-4h-P2,A,N22_VORTEX_PSAR,4h,P2,support_before_stop,mean ROE(support_before_stop=1) - mean ROE(=0) > 0,3,503,-0.03280120575400355,-0.00422284704969912,0.028578358704304425,,insufficient,87,0,2,448,0.04275937087533309,-0.007535987426196276,-0.05029535830152936,,insufficient,98,0,0,84,,-0.01493834568936638,,,insufficient,20,0,1.0,266,0.0910958904109589,1.0,False,False,no data,False,False,-0.05798015843386989,0.9690154922538731,-0.01434556844546064,0.6256871564217891,-0.044950399881550085,,False,,
A-N23_HA_ST-5m-P1,A,N23_HA_ST,5m,P1,level_before_lock,mean ROE(level_before_lock=0) - mean ROE(=1) > 0,23777,186903,-0.05491714735746706,-0.061836224256653576,0.006919076899186513,0.0009995002498750624,ok,153,0,18270,146832,-0.061507854648758124,-0.06125060331710244,-0.0002572513316556821,0.5377311344327836,ok,118,0,13276,78083,-0.041977835701738346,-0.05221184398921283,0.010234008287474484,0.0034982508745627187,ok,79,0,0.0009995002498750624,4,0.0013698630136986301,0.07296351824087956,True,False,same sign,False,False,0.007932452366861048,0.004497751124437781,0.006697532353146164,0.0024987506246876563,0.009006329536253445,0.0009995002498750624,True,,
A-N23_HA_ST-5m-P2,A,N23_HA_ST,5m,P2,support_before_stop,mean ROE(support_before_stop=1) - mean ROE(=0) > 0,6632,204048,-0.060510610751327604,-0.06107305371509161,-0.0005624429637640094,0.5502248875562219,ok,153,0,6311,158791,-0.056599116909848465,-0.061465070840737455,-0.00486595393088899,0.8765617191404298,ok,118,0,2871,88488,-0.04330505256285122,-0.05096540045066041,-0.007660347887809192,0.8950524737631185,ok,79,0,0.5502248875562219,124,0.04246575342465753,1.0,False,False,same sign,False,False,-0.00699396911188558,0.9555222388805598,-0.007998987117918674,0.991504247876062,-0.007760476888961129,0.9560219890054973,False,,
A-N23_HA_ST-15m-P1,A,N23_HA_ST,15m,P1,level_before_lock,mean ROE(level_before_lock=0) - mean ROE(=1) > 0,11319,56052,-0.04199289559700128,-0.04765973271603939,0.005666837119038114,0.050474762618690654,ok,153,0,8892,44386,-0.04295539643071028,-0.04805411167751657,0.005098715246806287,0.10794602698650675,ok,118,0,5372,21831,-0.040341022747609215,-0.04549361648504839,0.005152593737439176,0.12843578210894552,ok,79,0,0.050474762618690654,16,0.005479452054794521,0.7720010962260805,False,False,same sign,False,False,0.004911256281185487,0.027486256871564217,0.0060630600800246,0.014492753623188406,0.002938393600669227,0.14592703648175911,True,,
A-N23_HA_ST-15m-P2,A,N23_HA_ST,15m,P2,support_before_stop,mean ROE(support_before_stop=1) - mean ROE(=0) > 0,2193,65178,-0.034658733395861306,-0.047113049205633396,-0.01245431580977209,0.9370314842578711,ok,153,0,1996,51282,-0.03453802857942905,-0.04769609767434158,-0.01315806909491253,0.9750124937531235,ok,118,0,904,26299,-0.02094607894085388,-0.045284910465139966,-0.024338831524286085,0.9800099950024987,ok,79,0,0.9370314842578711,209,0.07157534246575344,1.0,False,False,same sign,False,False,-0.006374088600387108,0.9335332333833083,-0.006360124064185027,0.9625187406296851,-0.006973893362901055,0.9365317341329336,False,,
A-N23_HA_ST-30m-P1,A,N23_HA_ST,30m,P1,level_before_lock,mean ROE(level_before_lock=0) - mean ROE(=1) > 0,6258,24230,-0.03956975704905831,-0.04195233844902921,0.0023825813999708984,0.3213393303348326,ok,153,0,5154,19924,-0.036737002513039164,-0.040398805881087275,0.003661803368048111,0.2658670664667666,ok,118,0,2644,8749,-0.03461873605992361,-0.03079397643079026,-0.0038247596291333535,0.697151424287856,ok,79,0,0.3213393303348326,78,0.02671232876712329,1.0,False,False,opposite sign,False,False,0.006392407706024929,0.005997001499250375,0.0038315675660511653,0.08295852073963018,0.003279231456400196,0.14492753623188406,True,,
A-N23_HA_ST-30m-P2,A,N23_HA_ST,30m,P2,support_before_stop,mean ROE(support_before_stop=1) - mean ROE(=0) > 0,767,29721,-0.009192733411000261,-0.04229608269259943,-0.033103349281599165,0.9955022488755623,ok,153,0,845,24233,-0.016492206364487446,-0.04045361304621775,-0.023961406681730305,0.9635182408795602,ok,118,0,321,11072,-0.025663003251670886,-0.03185608868240929,-0.006193085430738408,0.584207896051974,ok,79,0,0.9955022488755623,237,0.08116438356164385,1.0,False,False,same sign,False,False,-0.0077237766787609935,0.912543728135932,-0.003549931218451187,0.7711144427786107,-0.021233245435676753,0.9975012493753124,False,,
A-N23_HA_ST-1h-P1,A,N23_HA_ST,1h,P1,level_before_lock,mean ROE(level_before_lock=0) - mean ROE(=1) > 0,2751,9511,-0.030433739716626267,-0.03734669522154375,0.006912955504917481,0.15942028985507245,ok,152,0,2437,8415,-0.026037977883573326,-0.030058394128882285,0.0040204162453089595,0.30434782608695654,ok,118,0,955,2953,-0.027028055067594096,-0.018722324718170223,-0.008305730349423873,0.7391304347826086,ok,73,0,0.15942028985507245,44,0.015068493150684932,1.0,False,False,opposite sign,False,False,0.0025422404382843614,0.22588705647176413,0.00035428679975390426,0.45577211394302847,-0.004255128398775617,0.7986006996501749,False,,
A-N23_HA_ST-1h-P2,A,N23_HA_ST,1h,P2,support_before_stop,mean ROE(support_before_stop=1) - mean ROE(=0) > 0,292,11970,0.007213837122157949,-0.036844952101270805,-0.044058789223428756,0.992503748125937,ok,152,0,301,10551,-0.03415213251457087,-0.029012998465541343,0.0051391340490295236,0.4047976011994003,ok,118,0,99,3809,-0.013257601607766092,-0.020946787850653764,-0.007689186242887672,0.5612193903048476,ok,73,0,0.992503748125937,233,0.07979452054794521,1.0,False,False,same sign,False,False,-0.0031991345155540224,0.6496751624187906,0.0037316983755128832,0.30334832583708143,-0.011984901695248459,0.8440779610194903,False,,
A-N23_HA_ST-4h-P1,A,N23_HA_ST,4h,P1,level_before_lock,mean ROE(level_before_lock=0) - mean ROE(=1) > 0,140,558,0.04581112488803785,-0.003032335938493693,0.04884346082653154,0.037481259370314844,ok,93,0,169,549,0.0131915663947633,0.023869542805718773,-0.010677976410955473,0.6436781609195402,ok,105,0,30,103,-0.11334289505898701,-0.08766574550991417,-0.02567714954907284,0.7071464267866067,ok,25,0,0.037481259370314844,15,0.005136986301369863,0.7296351824087957,False,False,opposite sign,False,False,-0.0025216301557347068,0.5937031484257871,-0.030217050774682338,0.991504247876062,-0.04554555875254066,0.9455272363818091,False,,
A-N23_HA_ST-4h-P2,A,N23_HA_ST,4h,P2,support_before_stop,mean ROE(support_before_stop=1) - mean ROE(=0) > 0,8,690,0.06873708755416363,0.006045822217699285,-0.06269126533646435,,insufficient,93,0,4,714,0.13360393172183233,0.02072736413748918,-0.11287656758434314,,insufficient,105,0,1,132,0.034460201776109374,-0.09442665788687031,-0.1288868596629797,,insufficient,25,0,1.0,267,0.09143835616438357,1.0,False,False,no data,False,False,-0.05798015843386989,0.9690154922538731,-0.01434556844546064,0.6256871564217891,-0.044950399881550085,,False,,
A-N24_DMI-5m-P1,A,N24_DMI,5m,P1,level_before_lock,mean ROE(level_before_lock=0) - mean ROE(=1) > 0,3516,74532,-0.05892110253963503,-0.06014860098206885,0.0012274984424338262,0.4192903548225887,ok,153,0,2460,58854,-0.05982888975341758,-0.06204194708624687,0.0022130573328292893,0.3213393303348326,ok,118,0,2235,31430,-0.03820019616450944,-0.05192215919081218,0.013721963026302741,0.017491254372813594,ok,79,0,0.4192903548225887,99,0.033904109589041095,1.0,False,False,same sign,False,False,0.007932452366861048,0.004497751124437781,0.006697532353146164,0.0024987506246876563,0.009006329536253445,0.0009995002498750624,True,,
A-N24_DMI-5m-P2,A,N24_DMI,5m,P2,support_before_stop,mean ROE(support_before_stop=1) - mean ROE(=0) > 0,1215,76833,-0.056481624772715365,-0.06015041649845852,-0.0036687917257431577,0.679160419790105,ok,153,0,1212,60102,-0.05735048145018259,-0.06204597249824895,-0.0046954910480663595,0.7331334332833583,ok,118,0,488,33177,-0.044930365143610505,-0.05110060836135947,-0.0061702432177489636,0.6991504247876063,ok,79,0,0.679160419790105,148,0.050684931506849315,1.0,False,False,same sign,False,False,-0.00699396911188558,0.9555222388805598,-0.007998987117918674,0.991504247876062,-0.007760476888961129,0.9560219890054973,False,,
A-N24_DMI-15m-P1,A,N24_DMI,15m,P1,level_before_lock,mean ROE(level_before_lock=0) - mean ROE(=1) > 0,2032,22460,-0.05054339029750986,-0.04984712477405456,-0.0006962655234552945,0.5422288855572214,ok,153,0,1591,17685,-0.04458247556468991,-0.05170616375023806,0.007123688185548149,0.14592703648175911,ok,118,0,1155,8940,-0.02228027919281283,-0.037350360607880155,0.015070081415067323,0.06346826586706647,ok,79,0,0.5422288855572214,121,0.041438356164383565,1.0,False,False,opposite sign,False,False,0.004911256281185487,0.027486256871564217,0.0060630600800246,0.014492753623188406,0.002938393600669227,0.14592703648175911,False,,
A-N24_DMI-15m-P2,A,N24_DMI,15m,P2,support_before_stop,mean ROE(support_before_stop=1) - mean ROE(=0) > 0,319,24173,-0.05874793679877838,-0.04978819342535041,0.008959743373427968,0.2588705647176412,ok,153,0,367,18909,-0.0370731703136019,-0.05139078592423132,-0.01431761561062942,0.8405797101449275,ok,118,0,154,9941,-0.030756254153354763,-0.03570158768358625,-0.004945333530231487,0.5957021489255372,ok,79,0,0.2588705647176412,66,0.022602739726027398,1.0,False,False,opposite sign,False,False,-0.006374088600387108,0.9335332333833083,-0.006360124064185027,0.9625187406296851,-0.006973893362901055,0.9365317341329336,False,,
A-N24_DMI-30m-P1,A,N24_DMI,30m,P1,level_before_lock,mean ROE(level_before_lock=0) - mean ROE(=1) > 0,1315,9841,-0.06113304245259488,-0.039350439381025254,-0.021782603071569623,0.9930034982508745,ok,153,0,1065,7968,-0.03891741912386194,-0.03945188062116785,0.0005344614973059048,0.4782608695652174,ok,118,0,625,3550,-0.037142943903367094,-0.04150309391625033,0.004360150012883236,0.36881559220389803,ok,79,0,0.9930034982508745,234,0.08013698630136987,1.0,False,False,opposite sign,False,False,0.006392407706024929,0.005997001499250375,0.0038315675660511653,0.08295852073963018,0.003279231456400196,0.14492753623188406,False,,
A-N24_DMI-30m-P2,A,N24_DMI,30m,P2,support_before_stop,mean ROE(support_before_stop=1) - mean ROE(=0) > 0,114,11042,-0.03441190991457024,-0.04199553224448205,-0.007583622329911804,0.616191904047976,ok,153,0,139,8894,-0.06876257392720743,-0.038929799682988146,0.029832774244219283,0.095952023988006,ok,118,0,38,4137,-0.024621844689691696,-0.04099944240852909,-0.016377597718837393,0.6416791604197901,ok,79,0,0.616191904047976,135,0.046232876712328765,1.0,False,False,same sign,False,False,-0.0077237766787609935,0.912543728135932,-0.003549931218451187,0.7711144427786107,-0.021233245435676753,0.9975012493753124,False,,
A-N24_DMI-1h-P1,A,N24_DMI,1h,P1,level_before_lock,mean ROE(level_before_lock=0) - mean ROE(=1) > 0,698,3969,-0.04618280308045928,-0.03256314127788683,-0.013619661802572451,0.8510744627686156,ok,153,0,573,3464,-0.012421679208916531,-0.023949145630889644,0.011527466421973113,0.19640179910044978,ok,118,0,248,1136,-0.08806766755569201,-0.05523693528948912,-0.03283073226620289,0.9370314842578711,ok,72,0,0.8510744627686156,183,0.06267123287671234,1.0,False,False,same sign,False,False,0.0025422404382843614,0.22588705647176413,0.00035428679975390426,0.45577211394302847,-0.004255128398775617,0.7986006996501749,False,,
A-N24_DMI-1h-P2,A,N24_DMI,1h,P2,support_before_stop,mean ROE(support_before_stop=1) - mean ROE(=0) > 0,47,4620,-0.03270198320183661,-0.03461941798086733,-0.0019174347790307245,0.5282358820589705,ok,153,0,56,3981,-0.012395062068287567,-0.022452484093515895,-0.010057422025228328,0.5897051474262869,ok,118,0,16,1368,-0.07604807912367194,-0.06094530027536003,0.015102778848311911,,insufficient,72,0,0.5282358820589705,119,0.040753424657534246,1.0,False,False,no data,False,False,-0.0031991345155540224,0.6496751624187906,0.0037316983755128832,0.30334832583708143,-0.011984901695248459,0.8440779610194903,False,,
A-N24_DMI-4h-P1,A,N24_DMI,4h,P1,level_before_lock,mean ROE(level_before_lock=0) - mean ROE(=1) > 0,37,222,-0.012391077298567926,0.0138508047659833,-0.026241882064551227,0.6541729135432284,ok,75,0,66,233,-0.05429975017055542,-0.0675353620779682,0.013235611907412785,0.36681659170414793,ok,86,0,9,37,0.06594605684722542,-0.04305074099411159,0.108996797841337,,insufficient,19,0,0.6541729135432284,146,0.05,1.0,False,False,no data,False,False,-0.0025216301557347068,0.5937031484257871,-0.030217050774682338,0.991504247876062,-0.04554555875254066,0.9455272363818091,False,,
A-N24_DMI-4h-P2,A,N24_DMI,4h,P2,support_before_stop,mean ROE(support_before_stop=1) - mean ROE(=0) > 0,1,258,0.07687825930945022,0.009843141622836544,-0.06703511768661367,,insufficient,75,0,3,296,-0.04599678062353687,-0.06480247477551568,-0.01880569415197881,,insufficient,86,0,0,46,,-0.02172528054689348,,,insufficient,19,0,1.0,268,0.09178082191780822,1.0,False,False,no data,False,False,-0.05798015843386989,0.9690154922538731,-0.01434556844546064,0.6256871564217891,-0.044950399881550085,,False,,
A-N25_DST_CCI-5m-P1,A,N25_DST_CCI,5m,P1,level_before_lock,mean ROE(level_before_lock=0) - mean ROE(=1) > 0,4696,78785,-0.050325845253255855,-0.06055659500519791,0.010230749751942055,0.0074962518740629685,ok,153,0,3179,57037,-0.05649917662918028,-0.06028262381167746,0.0037834471824971794,0.2178910544727636,ok,118,0,2873,33163,-0.03464745561219655,-0.05797918891129741,0.023331733299100856,0.0004997501249375312,ok,79,0,0.0074962518740629685,8,0.0027397260273972603,0.27361319340329837,False,False,same sign,False,False,0.007932452366861048,0.004497751124437781,0.006697532353146164,0.0024987506246876563,0.009006329536253445,0.0009995002498750624,True,,
A-N25_DST_CCI-5m-P2,A,N25_DST_CCI,5m,P2,support_before_stop,mean ROE(support_before_stop=1) - mean ROE(=0) > 0,1076,82405,-0.039805605064304396,-0.060244532197616836,-0.02043892713331244,0.993503248375812,ok,153,0,896,59320,-0.04755967567017936,-0.06027204024697119,-0.012712364576791833,0.9145427286356822,ok,118,0,341,35695,-0.042293060580247586,-0.05625112895871501,-0.013958068378467421,0.7856071964017991,ok,79,0,0.993503248375812,235,0.08047945205479452,1.0,False,False,same sign,False,False,-0.00699396911188558,0.9555222388805598,-0.007998987117918674,0.991504247876062,-0.007760476888961129,0.9560219890054973,False,,
A-N25_DST_CCI-15m-P1,A,N25_DST_CCI,15m,P1,level_before_lock,mean ROE(level_before_lock=0) - mean ROE(=1) > 0,2692,23841,-0.043038650089561425,-0.04630313472283493,0.003264484633273501,0.29235382308845576,ok,153,0,2014,17966,-0.05052905042630177,-0.05166774822802478,0.0011386978017230084,0.44427786106946526,ok,118,0,1432,9829,-0.04344607198553285,-0.04334814837043793,-9.79236150949192e-05,0.5172413793103449,ok,79,0,0.29235382308845576,69,0.02363013698630137,1.0,False,False,opposite sign,False,False,0.004911256281185487,0.027486256871564217,0.0060630600800246,0.014492753623188406,0.002938393600669227,0.14592703648175911,True,,
A-N25_DST_CCI-15m-P2,A,N25_DST_CCI,15m,P2,support_before_stop,mean ROE(support_before_stop=1) - mean ROE(=0) > 0,301,26232,-0.013959935045925066,-0.04633924750378863,-0.03237931245786356,0.960519740129935,ok,153,0,282,19698,-0.08111177421015796,-0.05112979753761806,0.0299819766725399,0.041979010494752625,ok,118,0,110,11151,-0.014686188478899758,-0.0436434619929727,-0.028957273514072943,0.8650674662668666,ok,79,0,0.960519740129935,217,0.0743150684931507,1.0,False,False,same sign,False,False,-0.006374088600387108,0.9335332333833083,-0.006360124064185027,0.9625187406296851,-0.006973893362901055,0.9365317341329336,False,,
A-N25_DST_CCI-30m-P1,A,N25_DST_CCI,30m,P1,level_before_lock,mean ROE(level_before_lock=0) - mean ROE(=1) > 0,1679,10775,-0.042537990211300204,-0.045405109930734135,0.0028671197194339304,0.3548225887056472,ok,153,0,1361,8427,-0.04052137769070191,-0.047455157746366064,0.006933780055664154,0.22438780609695153,ok,118,0,672,3687,0.006915566943958499,-0.0333004540024879,0.0402160209464464,0.0014992503748125937,ok,79,0,0.3548225887056472,88,0.030136986301369864,1.0,False,False,same sign,False,False,0.006392407706024929,0.005997001499250375,0.0038315675660511653,0.08295852073963018,0.003279231456400196,0.14492753623188406,True,,
A-N25_DST_CCI-30m-P2,A,N25_DST_CCI,30m,P2,support_before_stop,mean ROE(support_before_stop=1) - mean ROE(=0) > 0,101,12353,-0.046977085634444866,-0.04500256289317205,0.0019745227412728134,0.4527736131934033,ok,153,0,126,9662,-0.04355707391532079,-0.04652929187045557,-0.002972217955134776,0.5722138930534733,ok,118,0,28,4331,0.03055809736712069,-0.027473364037661555,-0.05803146140478224,,insufficient,79,0,0.4527736131934033,106,0.0363013698630137,1.0,False,False,no data,False,False,-0.0077237766787609935,0.912543728135932,-0.003549931218451187,0.7711144427786107,-0.021233245435676753,0.9975012493753124,False,,
A-N25_DST_CCI-1h-P1,A,N25_DST_CCI,1h,P1,level_before_lock,mean ROE(level_before_lock=0) - mean ROE(=1) > 0,851,4348,-0.017059312553049526,-0.03526806142376206,0.01820874887071253,0.05347326336831584,ok,152,0,684,3661,-0.024487586566325742,-0.036084097023878874,0.011596510457553132,0.20189905047476261,ok,118,0,253,1248,-0.03571988414416145,-0.02326371312857192,-0.012456171015589528,0.68015992003998,ok,72,0,0.05347326336831584,17,0.0058219178082191785,0.7720010962260805,False,False,opposite sign,False,False,0.0025422404382843614,0.22588705647176413,0.00035428679975390426,0.45577211394302847,-0.004255128398775617,0.7986006996501749,False,,
A-N25_DST_CCI-1h-P2,A,N25_DST_CCI,1h,P2,support_before_stop,mean ROE(support_before_stop=1) - mean ROE(=0) > 0,28,5171,0.026932697444037517,-0.0326082230867522,-0.059540920530789715,,insufficient,152,0,37,4308,-0.04756613496853401,-0.03414425288346139,0.013421882085072626,0.38630684657671166,ok,118,0,4,1497,0.0653490394679206,-0.025605638497529917,-0.09095467796545052,,insufficient,72,0,1.0,269,0.09212328767123289,1.0,False,False,no data,False,False,-0.0031991345155540224,0.6496751624187906,0.0037316983755128832,0.30334832583708143,-0.011984901695248459,0.8440779610194903,False,,
A-N25_DST_CCI-4h-P1,A,N25_DST_CCI,4h,P1,level_before_lock,mean ROE(level_before_lock=0) - mean ROE(=1) > 0,50,241,0.00643768333846202,-0.031113367735518087,0.03755105107398011,0.2143928035982009,ok,66,0,63,222,-0.03273778289253483,0.020947509138899943,-0.053685292031434774,0.9025487256371814,ok,87,0,14,45,-0.05609300513206576,-0.049697883142789126,-0.0063951219892766364,,insufficient,17,0,0.2143928035982009,57,0.01952054794520548,1.0,False,False,no data,False,False,-0.0025216301557347068,0.5937031484257871,-0.030217050774682338,0.991504247876062,-0.04554555875254066,0.9455272363818091,False,,
A-N25_DST_CCI-4h-P2,A,N25_DST_CCI,4h,P2,support_before_stop,mean ROE(support_before_stop=1) - mean ROE(=0) > 0,1,290,0.26786150874628206,-0.025669996434769107,-0.29353150518105114,,insufficient,66,0,1,284,0.15287601799999956,0.00857391087537357,-0.144302107124626,,insufficient,87,0,1,58,-0.02144028060410733,-0.05172873332190214,-0.030288452717794814,,insufficient,17,0,1.0,270,0.09246575342465753,1.0,False,False,no data,False,False,-0.05798015843386989,0.9690154922538731,-0.01434556844546064,0.6256871564217891,-0.044950399881550085,,False,,
A-S3_CMO_SANDWICH-5m-P1,A,S3_CMO_SANDWICH,5m,P1,level_before_lock,mean ROE(level_before_lock=0) - mean ROE(=1) > 0,878,12381,-0.06417073506746165,-0.05716680509073768,-0.0070039299767239716,0.7971014492753623,ok,153,0,603,8530,-0.05190751959953735,-0.059220423903287404,0.007312904303750055,0.25737131434282856,ok,118,0,534,5291,-0.039616084943818936,-0.05886112443374036,0.01924503948992142,0.06646676661669165,ok,79,0,0.7971014492753623,170,0.05821917808219178,1.0,False,False,opposite sign,False,False,0.007932452366861048,0.004497751124437781,0.006697532353146164,0.0024987506246876563,0.009006329536253445,0.0009995002498750624,False,,
A-S3_CMO_SANDWICH-5m-P2,A,S3_CMO_SANDWICH,5m,P2,support_before_stop,mean ROE(support_before_stop=1) - mean ROE(=0) > 0,261,12998,-0.07325272971290324,-0.057316906967424745,0.015935822745478494,0.17041479260369816,ok,153,0,191,8942,-0.041965628384787096,-0.059095841555811705,-0.01713021317102461,0.8225887056471765,ok,118,0,109,5716,-0.06575684124568347,-0.05693171851699442,0.008825122728689051,0.35332333833083457,ok,79,0,0.17041479260369816,47,0.016095890410958904,1.0,False,False,same sign,False,False,-0.00699396911188558,0.9555222388805598,-0.007998987117918674,0.991504247876062,-0.007760476888961129,0.9560219890054973,False,,
A-S3_CMO_SANDWICH-15m-P1,A,S3_CMO_SANDWICH,15m,P1,level_before_lock,mean ROE(level_before_lock=0) - mean ROE(=1) > 0,543,3960,-0.028558829576906645,-0.054976859284521395,0.02641802970761475,0.01899050474762619,ok,153,0,415,3119,-0.05339490248574851,-0.058279897660484206,0.004884995174735694,0.3588205897051474,ok,118,0,263,1423,-0.03444094412739235,-0.04261799139898723,0.008177047271594885,0.34632683658170915,ok,79,0,0.01899050474762619,10,0.003424657534246575,0.5545227386306847,False,False,same sign,False,False,0.004911256281185487,0.027486256871564217,0.0060630600800246,0.014492753623188406,0.002938393600669227,0.14592703648175911,True,,
A-S3_CMO_SANDWICH-15m-P2,A,S3_CMO_SANDWICH,15m,P2,support_before_stop,mean ROE(support_before_stop=1) - mean ROE(=0) > 0,72,4431,-0.08275487134433449,-0.05128807413454592,0.031466797209788566,0.14842578710644677,ok,153,0,81,3453,-0.10970686073408269,-0.056486426184528,0.053220434549554684,0.034482758620689655,ok,118,0,34,1652,0.05851768469170592,-0.043397682412700395,-0.10191536710440632,0.9920039980009995,ok,79,0,0.14842578710644677,40,0.0136986301369863,1.0,False,False,opposite sign,False,False,-0.006374088600387108,0.9335332333833083,-0.006360124064185027,0.9625187406296851,-0.006973893362901055,0.9365317341329336,False,,
A-S3_CMO_SANDWICH-30m-P1,A,S3_CMO_SANDWICH,30m,P1,level_before_lock,mean ROE(level_before_lock=0) - mean ROE(=1) > 0,327,1808,-0.022175906774587948,-0.04918753454859953,0.027011627774011584,0.08195902048975512,ok,153,0,249,1282,-0.032763412313907135,-0.05853705774312529,0.025773645429218152,0.09995002498750624,ok,118,0,132,615,-0.021341572482958194,-0.02112542730843815,-0.00021614517452004517,0.5012493753123438,ok,76,0,0.08195902048975512,31,0.010616438356164383,0.7720010962260805,False,False,opposite sign,False,False,0.006392407706024929,0.005997001499250375,0.0038315675660511653,0.08295852073963018,0.003279231456400196,0.14492753623188406,True,,
A-S3_CMO_SANDWICH-30m-P2,A,S3_CMO_SANDWICH,30m,P2,support_before_stop,mean ROE(support_before_stop=1) - mean ROE(=0) > 0,46,2089,-0.060874930350950596,-0.044701932591198895,0.0161729977597517,0.3353323338330835,ok,153,0,33,1498,-0.0859481663577347,-0.053649070896558244,0.03229909546117645,0.23638180909545228,ok,118,0,8,739,-0.09543156148675898,-0.02035963852577249,0.07507192296098648,,insufficient,76,0,0.3353323338330835,80,0.0273972602739726,1.0,False,False,no data,False,False,-0.0077237766787609935,0.912543728135932,-0.003549931218451187,0.7711144427786107,-0.021233245435676753,0.9975012493753124,False,,
A-S3_CMO_SANDWICH-1h-P1,A,S3_CMO_SANDWICH,1h,P1,level_before_lock,mean ROE(level_before_lock=0) - mean ROE(=1) > 0,166,693,-0.07308792990944862,-0.052430105973023805,-0.02065782393642482,0.7766116941529235,ok,147,0,143,549,-0.00034963201763063974,-0.02598354085021247,0.02563390883258183,0.17891054472763618,ok,113,0,50,222,-0.041101743783515624,-0.012412344877114295,-0.028689398906401327,0.6916541729135433,ok,65,0,0.7766116941529235,165,0.05650684931506849,1.0,False,False,same sign,False,False,0.0025422404382843614,0.22588705647176413,0.00035428679975390426,0.45577211394302847,-0.004255128398775617,0.7986006996501749,False,,
A-S3_CMO_SANDWICH-1h-P2,A,S3_CMO_SANDWICH,1h,P2,support_before_stop,mean ROE(support_before_stop=1) - mean ROE(=0) > 0,14,845,-0.061818691700351716,-0.056332778840791776,0.00548591285955994,,insufficient,147,0,8,684,0.022048912313099207,-0.021186188017240676,-0.04323510033033988,,insufficient,113,0,1,271,1.66173933051219,-0.023883273366816764,-1.6856226038790068,,insufficient,65,0,1.0,271,0.0928082191780822,1.0,False,False,no data,False,False,-0.0031991345155540224,0.6496751624187906,0.0037316983755128832,0.30334832583708143,-0.011984901695248459,0.8440779610194903,False,,
A-S4_BB_BBP-5m-P1,A,S4_BB_BBP,5m,P1,level_before_lock,mean ROE(level_before_lock=0) - mean ROE(=1) > 0,4992,51691,-0.06892102262309988,-0.0655436047571463,-0.0033774178659535803,0.777111444277861,ok,153,0,3966,39055,-0.06928197405844082,-0.0676662697509397,-0.0016157043075011174,0.6296851574212894,ok,118,0,2975,22310,-0.05833461133677976,-0.0576633823981745,-0.0006712289386052589,0.5602198900549725,ok,79,0,0.777111444277861,166,0.05684931506849315,1.0,False,False,same sign,False,False,0.007932452366861048,0.004497751124437781,0.006697532353146164,0.0024987506246876563,0.009006329536253445,0.0009995002498750624,False,,
A-S4_BB_BBP-5m-P2,A,S4_BB_BBP,5m,P2,support_before_stop,mean ROE(support_before_stop=1) - mean ROE(=0) > 0,708,55975,-0.05204496157710598,-0.06601554954246669,-0.013970587965360708,0.9240379810094953,ok,153,0,668,42353,-0.059391858013444314,-0.06794807246442391,-0.0085562144509796,0.7821089455272364,ok,118,0,256,25029,-0.04779742059754952,-0.05784407648556552,-0.010046655888016003,0.7616191904047976,ok,79,0,0.9240379810094953,203,0.06952054794520549,1.0,False,False,same sign,False,False,-0.00699396911188558,0.9555222388805598,-0.007998987117918674,0.991504247876062,-0.007760476888961129,0.9560219890054973,False,,
A-S4_BB_BBP-15m-P1,A,S4_BB_BBP,15m,P1,level_before_lock,mean ROE(level_before_lock=0) - mean ROE(=1) > 0,2551,16727,-0.05891644349235222,-0.05556260503096971,-0.0033538384613825134,0.7186406796601699,ok,153,0,1993,12724,-0.051309164187193466,-0.05144840684692234,0.00013924265972887345,0.49225387306346824,ok,118,0,1270,6941,-0.042465617643230556,-0.03938781595213487,-0.0030778016910956857,0.624687656171914,ok,79,0,0.7186406796601699,158,0.05410958904109589,1.0,False,False,same sign,False,False,0.004911256281185487,0.027486256871564217,0.0060630600800246,0.014492753623188406,0.002938393600669227,0.14592703648175911,False,,
A-S4_BB_BBP-15m-P2,A,S4_BB_BBP,15m,P2,support_before_stop,mean ROE(support_before_stop=1) - mean ROE(=0) > 0,249,19029,-0.04605835226804606,-0.056136581637883085,-0.010078229369837023,0.7316341829085458,ok,153,0,221,14496,-0.022356559570811275,-0.051872785132461845,-0.02951622556165057,0.9480259870064968,ok,118,0,95,8116,-0.004509803116424676,-0.04027769019647738,-0.035767887080052706,0.9240379810094953,ok,79,0,0.7316341829085458,160,0.0547945205479452,1.0,False,False,same sign,False,False,-0.006374088600387108,0.9335332333833083,-0.006360124064185027,0.9625187406296851,-0.006973893362901055,0.9365317341329336,False,,
A-S4_BB_BBP-30m-P1,A,S4_BB_BBP,30m,P1,level_before_lock,mean ROE(level_before_lock=0) - mean ROE(=1) > 0,1454,7733,-0.05444361823617759,-0.03936078464879158,-0.015082833587386012,0.9355322338830585,ok,153,0,1295,6010,-0.03844324716578388,-0.03992834821424734,0.001485101048463458,0.4472763618190905,ok,118,0,742,2849,-0.05984082637808737,-0.04025231264519849,-0.019588513732888876,0.9675162418790605,ok,79,0,0.9355322338830585,207,0.07089041095890412,1.0,False,False,same sign,False,False,0.006392407706024929,0.005997001499250375,0.0038315675660511653,0.08295852073963018,0.003279231456400196,0.14492753623188406,False,,
A-S4_BB_BBP-30m-P2,A,S4_BB_BBP,30m,P2,support_before_stop,mean ROE(support_before_stop=1) - mean ROE(=0) > 0,98,9089,-0.04215712368657192,-0.04174348888582061,0.0004136348007513155,0.46676661669165415,ok,153,0,98,7207,-0.08883561281157536,-0.038996460079337075,0.04983915273223828,0.025487256371814093,ok,118,0,30,3561,0.007711014910514126,-0.04473801245325097,-0.0524490273637651,0.8145927036481759,ok,79,0,0.46676661669165415,107,0.03664383561643836,1.0,False,False,opposite sign,False,False,-0.0077237766787609935,0.912543728135932,-0.003549931218451187,0.7711144427786107,-0.021233245435676753,0.9975012493753124,False,,
A-S4_BB_BBP-1h-P1,A,S4_BB_BBP,1h,P1,level_before_lock,mean ROE(level_before_lock=0) - mean ROE(=1) > 0,698,3218,-0.012942180610343041,-0.026261806753318493,0.013319626142975452,0.16241879060469766,ok,152,0,699,2578,-0.03883012975720735,-0.033241479947405436,-0.005588649809801914,0.6531734132933533,ok,118,0,245,1042,-0.010194469345558765,-0.02954623735643108,0.019351768010872315,0.22788605697151423,ok,71,0,0.16241879060469766,45,0.015410958904109588,1.0,False,False,same sign,False,False,0.0025422404382843614,0.22588705647176413,0.00035428679975390426,0.45577211394302847,-0.004255128398775617,0.7986006996501749,False,,
A-S4_BB_BBP-1h-P2,A,S4_BB_BBP,1h,P2,support_before_stop,mean ROE(support_before_stop=1) - mean ROE(=0) > 0,38,3878,-0.057834023380321724,-0.023555039533199103,0.03427898384712262,0.3103448275862069,ok,152,0,41,3236,0.052392870423540315,-0.03553365379853656,-0.08792652422207688,0.9615192403798101,ok,118,0,11,1276,-0.11417642276981123,-0.025101006006736027,0.0890754167630752,,insufficient,71,0,0.3103448275862069,73,0.025,1.0,False,False,no data,False,False,-0.0031991345155540224,0.6496751624187906,0.0037316983755128832,0.30334832583708143,-0.011984901695248459,0.8440779610194903,False,,
A-S4_BB_BBP-4h-P1,A,S4_BB_BBP,4h,P1,level_before_lock,mean ROE(level_before_lock=0) - mean ROE(=1) > 0,65,207,0.04656847084359495,-0.0033571716369363664,0.049925642480531315,0.16391804097951024,ok,79,0,82,217,-0.04000683241169275,-0.015266777061027408,-0.02474005535066534,0.6921539230384808,ok,85,0,11,47,-0.006541730895002671,0.0028671033535156956,-0.009408834248518367,,insufficient,22,0,0.16391804097951024,46,0.015753424657534248,1.0,False,False,no data,False,False,-0.0025216301557347068,0.5937031484257871,-0.030217050774682338,0.991504247876062,-0.04554555875254066,0.9455272363818091,False,,
A-S4_BB_BBP-4h-P2,A,S4_BB_BBP,4h,P2,support_before_stop,mean ROE(support_before_stop=1) - mean ROE(=0) > 0,3,269,0.22239691487328347,0.0061889417522973805,-0.2162079731209861,,insufficient,79,0,1,298,-0.06901236256824833,-0.021894088984676187,0.047118273583572144,,insufficient,85,0,0,58,,0.001082669271900142,,,insufficient,22,0,1.0,272,0.09315068493150686,1.0,False,False,no data,False,False,-0.05798015843386989,0.9690154922538731,-0.01434556844546064,0.6256871564217891,-0.044950399881550085,,False,,
A-N04_ST_KLINGER-5m-P1,A,N04_ST_KLINGER,5m,P1,level_before_lock,mean ROE(level_before_lock=0) - mean ROE(=1) > 0,16554,144202,-0.052751385030488505,-0.05957629818193862,0.006824913151450111,0.005997001499250375,ok,153,0,12023,109745,-0.05613398155968374,-0.05944790827676367,0.003313926717079925,0.1374312843578211,ok,118,0,9282,60813,-0.04346267480578763,-0.05179252015143561,0.008329845345647978,0.022488755622188907,ok,79,0,0.005997001499250375,6,0.0020547945205479454,0.25016063396872995,False,False,same sign,False,False,0.007932452366861048,0.004497751124437781,0.006697532353146164,0.0024987506246876563,0.009006329536253445,0.0009995002498750624,True,,
A-N04_ST_KLINGER-5m-P2,A,N04_ST_KLINGER,5m,P2,support_before_stop,mean ROE(support_before_stop=1) - mean ROE(=0) > 0,4412,156344,-0.053718434900998625,-0.05901897126492487,-0.005300536363926245,0.8755622188905547,ok,153,0,3841,117927,-0.05405477199265474,-0.05928570365481799,-0.005230931662163249,0.8480759620189905,ok,118,0,1776,68319,-0.039380768265018885,-0.05098345747270745,-0.011602689207688567,0.9405297351324338,ok,79,0,0.8755622188905547,192,0.06575342465753425,1.0,False,False,same sign,False,False,-0.00699396911188558,0.9555222388805598,-0.007998987117918674,0.991504247876062,-0.007760476888961129,0.9560219890054973,False,,
A-N04_ST_KLINGER-15m-P1,A,N04_ST_KLINGER,15m,P1,level_before_lock,mean ROE(level_before_lock=0) - mean ROE(=1) > 0,8196,45443,-0.0340946993471767,-0.04780777708712307,0.013713077739946365,0.0004997501249375312,ok,153,0,6102,34301,-0.03550042031998195,-0.04832600417992591,0.012825583859943965,0.0009995002498750624,ok,118,0,4006,17940,-0.03922150022056295,-0.039781168347940626,0.0005596681273776771,0.4682658670664668,ok,79,0,0.0004997501249375312,2,0.0006849315068493151,0.04864234549391971,True,True,same sign,True,True,0.004911256281185487,0.027486256871564217,0.0060630600800246,0.014492753623188406,0.002938393600669227,0.14592703648175911,True,"candidate, but the random null shows the same effect: market-wide, not the strategy",
A-N04_ST_KLINGER-15m-P2,A,N04_ST_KLINGER,15m,P2,support_before_stop,mean ROE(support_before_stop=1) - mean ROE(=0) > 0,1411,52228,-0.025314007322136917,-0.04626351584759245,-0.020949508525455535,0.9800099950024987,ok,153,0,1220,39183,-0.033761375348674856,-0.046782149305637274,-0.013020773956962418,0.9420289855072463,ok,118,0,544,21402,-0.021537404921807824,-0.04014013371498769,-0.018602728793179864,0.9190404797601199,ok,79,0,0.9800099950024987,229,0.07842465753424659,1.0,False,False,same sign,False,False,-0.006374088600387108,0.9335332333833083,-0.006360124064185027,0.9625187406296851,-0.006973893362901055,0.9365317341329336,False,,
A-N04_ST_KLINGER-30m-P1,A,N04_ST_KLINGER,30m,P1,level_before_lock,mean ROE(level_before_lock=0) - mean ROE(=1) > 0,4816,20743,-0.043419266241379983,-0.04144349481214949,-0.0019757714292304926,0.6361819090454772,ok,153,0,3698,15647,-0.035068529960069504,-0.04148232348257424,0.006413793522504735,0.1424287856071964,ok,118,0,2054,7632,-0.02643027882878356,-0.026687108834433187,0.00025683000564962616,0.504247876061969,ok,79,0,0.6361819090454772,141,0.048287671232876715,1.0,False,False,opposite sign,False,False,0.006392407706024929,0.005997001499250375,0.0038315675660511653,0.08295852073963018,0.003279231456400196,0.14492753623188406,False,,
A-N04_ST_KLINGER-30m-P2,A,N04_ST_KLINGER,30m,P2,support_before_stop,mean ROE(support_before_stop=1) - mean ROE(=0) > 0,534,25025,-0.02283440025112519,-0.04222082035455753,-0.019386420103432337,0.9395302348825587,ok,153,0,512,18833,-0.04363859570034937,-0.04016430618199954,0.0034742895183498337,0.3963018490754623,ok,118,0,211,9475,-0.05694864565975995,-0.025957534892296158,0.03099111076746379,0.06896551724137931,ok,79,0,0.9395302348825587,210,0.07191780821917808,1.0,False,False,opposite sign,False,False,-0.0077237766787609935,0.912543728135932,-0.003549931218451187,0.7711144427786107,-0.021233245435676753,0.9975012493753124,False,,
A-N04_ST_KLINGER-1h-P1,A,N04_ST_KLINGER,1h,P1,level_before_lock,mean ROE(level_before_lock=0) - mean ROE(=1) > 0,2246,8406,-0.03412272798126426,-0.038316523906719475,0.004193795925455213,0.2933533233383308,ok,153,0,1831,6797,-0.014488505207171404,-0.030883326760418266,0.016394821553246862,0.04097951024487756,ok,118,0,759,2725,-0.045268685788291685,-0.017630274020961723,-0.02763841176732996,0.9770114942528736,ok,74,0,0.2933533233383308,70,0.023972602739726026,1.0,False,False,opposite sign,False,False,0.0025422404382843614,0.22588705647176413,0.00035428679975390426,0.45577211394302847,-0.004255128398775617,0.7986006996501749,False,,
A-N04_ST_KLINGER-1h-P2,A,N04_ST_KLINGER,1h,P2,support_before_stop,mean ROE(support_before_stop=1) - mean ROE(=0) > 0,201,10451,0.005657402065335886,-0.03826097835814142,-0.04391838042347731,0.991504247876062,ok,153,0,190,8438,-0.025367674443570427,-0.027449936819224394,-0.0020822623756539677,0.5262368815592204,ok,118,0,62,3422,-0.0226054134782768,-0.0236703371083521,-0.0010649236300752998,0.49725137431284355,ok,74,0,0.991504247876062,231,0.0791095890410959,1.0,False,False,same sign,False,False,-0.0031991345155540224,0.6496751624187906,0.0037316983755128832,0.30334832583708143,-0.011984901695248459,0.8440779610194903,False,,
A-N04_ST_KLINGER-4h-P1,A,N04_ST_KLINGER,4h,P1,level_before_lock,mean ROE(level_before_lock=0) - mean ROE(=1) > 0,125,468,-0.015300015012045807,-0.03641511612297073,0.02111510111092492,0.3118440779610195,ok,91,0,149,464,-0.07864718472373616,-0.027041881602693267,-0.051605303121042896,0.9625187406296851,ok,100,0,23,120,-0.08534500414196551,-0.030130094637612626,-0.055214909504352885,,insufficient,25,0,0.3118440779610195,76,0.026027397260273973,1.0,False,False,no data,False,False,-0.0025216301557347068,0.5937031484257871,-0.030217050774682338,0.991504247876062,-0.04554555875254066,0.9455272363818091,False,,
A-N04_ST_KLINGER-4h-P2,A,N04_ST_KLINGER,4h,P2,support_before_stop,mean ROE(support_before_stop=1) - mean ROE(=0) > 0,3,590,0.2534739734193266,-0.03341559007171866,-0.2868895634910453,,insufficient,91,0,2,611,-0.14871242435360715,-0.03922821397508862,0.10948421037851853,,insufficient,100,0,1,142,-0.025827449838125346,-0.039103654943243624,-0.013276205105118278,,insufficient,25,0,1.0,273,0.09349315068493151,1.0,False,False,no data,False,False,-0.05798015843386989,0.9690154922538731,-0.01434556844546064,0.6256871564217891,-0.044950399881550085,,False,,
A-N05_PSAR_POC-5m-P1,A,N05_PSAR_POC,5m,P1,level_before_lock,mean ROE(level_before_lock=0) - mean ROE(=1) > 0,497,13285,-0.046102128693054974,-0.059523702101647154,0.01342157340859218,0.10294852573713144,ok,153,0,342,9475,-0.07620271646581309,-0.06232873671135769,-0.013873979754455396,0.8435782108945528,ok,118,0,322,5536,-0.04404442501380739,-0.04928969478744071,0.005245269773633321,0.3423288355822089,ok,79,0,0.10294852573713144,34,0.011643835616438357,0.8841461622130112,False,False,same sign,False,False,0.007932452366861048,0.004497751124437781,0.006697532353146164,0.0024987506246876563,0.009006329536253445,0.0009995002498750624,True,,
A-N05_PSAR_POC-5m-P2,A,N05_PSAR_POC,5m,P2,support_before_stop,mean ROE(support_before_stop=1) - mean ROE(=0) > 0,211,13571,-0.06031276431822969,-0.05901990620512006,0.0012928581131096337,0.48125937031484256,ok,153,0,179,9638,-0.10811855107270259,-0.061970625516643334,0.046147925556059254,0.0024987506246876563,ok,118,0,72,5786,-0.10418874377934438,-0.04831463284576651,0.05587411093357787,0.06096951524237881,ok,79,0,0.48125937031484256,109,0.03732876712328767,1.0,False,False,same sign,False,False,-0.00699396911188558,0.9555222388805598,-0.007998987117918674,0.991504247876062,-0.007760476888961129,0.9560219890054973,False,,
A-N05_PSAR_POC-15m-P1,A,N05_PSAR_POC,15m,P1,level_before_lock,mean ROE(level_before_lock=0) - mean ROE(=1) > 0,291,4372,-0.05252309608619904,-0.04417322728558426,-0.00834986880061478,0.7021489255372314,ok,153,0,200,3083,-0.049924384431460106,-0.05015256987835787,0.00022818544689776066,0.4927536231884058,ok,118,0,169,1640,-0.0009839790791781008,-0.03829058735452299,0.03730660827534489,0.06796601699150424,ok,79,0,0.7021489255372314,154,0.05273972602739726,1.0,False,False,opposite sign,False,False,0.004911256281185487,0.027486256871564217,0.0060630600800246,0.014492753623188406,0.002938393600669227,0.14592703648175911,False,,
A-N05_PSAR_POC-15m-P2,A,N05_PSAR_POC,15m,P2,support_before_stop,mean ROE(support_before_stop=1) - mean ROE(=0) > 0,45,4618,-0.0385662259313625,-0.04475402565758922,-0.006187799726226725,0.5642178910544727,ok,153,0,45,3238,-0.06249416137353002,-0.04996695878920952,0.012527202584320496,0.38130934532733635,ok,118,0,28,1781,-0.06788355864480344,-0.03428529819412931,0.033598260450674135,,insufficient,79,0,0.5642178910544727,127,0.04349315068493151,1.0,False,False,no data,False,False,-0.006374088600387108,0.9335332333833083,-0.006360124064185027,0.9625187406296851,-0.006973893362901055,0.9365317341329336,False,,
A-N05_PSAR_POC-30m-P1,A,N05_PSAR_POC,30m,P1,level_before_lock,mean ROE(level_before_lock=0) - mean ROE(=1) > 0,207,1912,-0.053880701179016964,-0.03983004946563702,-0.014050651713379943,0.7081459270364817,ok,153,0,151,1425,-0.022698222611231948,-0.052244253230279154,0.029546030619047207,0.07746126936531735,ok,118,0,85,665,0.048293968488265865,-0.02284469637772378,0.07113866486598965,0.046476761619190406,ok,78,0,0.7081459270364817,155,0.053082191780821915,1.0,False,False,opposite sign,False,False,0.006392407706024929,0.005997001499250375,0.0038315675660511653,0.08295852073963018,0.003279231456400196,0.14492753623188406,False,,
A-N05_PSAR_POC-30m-P2,A,N05_PSAR_POC,30m,P2,support_before_stop,mean ROE(support_before_stop=1) - mean ROE(=0) > 0,22,2097,-0.06808045177229897,-0.0409206436735164,0.027159808098782573,,insufficient,153,0,16,1560,-0.032681699301177466,-0.04958499056322114,-0.016903291262043672,,insufficient,118,0,4,746,-0.05463443508891502,-0.014568630066123404,0.04006580502279162,,insufficient,78,0,1.0,274,0.09383561643835617,1.0,False,False,no data,False,False,-0.0077237766787609935,0.912543728135932,-0.003549931218451187,0.7711144427786107,-0.021233245435676753,0.9975012493753124,False,,
A-N05_PSAR_POC-1h-P1,A,N05_PSAR_POC,1h,P1,level_before_lock,mean ROE(level_before_lock=0) - mean ROE(=1) > 0,126,742,-0.014393290858355905,-0.03613508723152261,0.021741796373166707,0.21039480259870064,ok,149,0,79,674,-0.0014938140484438936,-0.009327746612769531,0.007833932564325637,0.4027986006996502,ok,117,0,31,229,-0.03913335755068138,-0.024493602609199458,-0.014639754941481925,0.5932033983008496,ok,62,0,0.21039480259870064,56,0.019178082191780823,1.0,False,False,opposite sign,False,False,0.0025422404382843614,0.22588705647176413,0.00035428679975390426,0.45577211394302847,-0.004255128398775617,0.7986006996501749,False,,
A-N05_PSAR_POC-1h-P2,A,N05_PSAR_POC,1h,P2,support_before_stop,mean ROE(support_before_stop=1) - mean ROE(=0) > 0,5,863,-0.005512452826742819,-0.033138154240798266,-0.027625701414055445,,insufficient,149,0,14,739,-0.061101838732880366,-0.007509454376959952,0.05359238435592041,,insufficient,117,0,2,258,-0.48540727698256814,-0.02267966871167698,0.46272760827089116,,insufficient,62,0,1.0,275,0.09417808219178082,1.0,False,False,no data,False,False,-0.0031991345155540224,0.6496751624187906,0.0037316983755128832,0.30334832583708143,-0.011984901695248459,0.8440779610194903,False,,
A-N06_MACD_ORB-5m-P1,A,N06_MACD_ORB,5m,P1,level_before_lock,mean ROE(level_before_lock=0) - mean ROE(=1) > 0,349,6158,-0.06665876443866463,-0.05771583420669125,-0.00894293023197338,0.7301349325337332,ok,153,0,263,4723,-0.07556556115215471,-0.06081503214266438,-0.01475052900949033,0.8340829585207397,ok,118,0,243,2189,-0.048076613444191944,-0.047021501858749634,-0.0010551115854423102,0.5037481259370314,ok,79,0,0.7301349325337332,159,0.054452054794520546,1.0,False,False,same sign,False,False,0.007932452366861048,0.004497751124437781,0.006697532353146164,0.0024987506246876563,0.009006329536253445,0.0009995002498750624,False,,
A-N06_MACD_ORB-5m-P2,A,N06_MACD_ORB,5m,P2,support_before_stop,mean ROE(support_before_stop=1) - mean ROE(=0) > 0,72,6435,-0.012952316401445655,-0.05870170148453685,-0.0457493850830912,0.8665667166416792,ok,153,0,49,4937,-0.05444306528680971,-0.06166405290536092,-0.007220987618551215,0.55872063968016,ok,118,0,23,2409,0.015449879409040246,-0.0477243801835407,-0.06317425959258094,,insufficient,79,0,0.8665667166416792,188,0.06438356164383562,1.0,False,False,no data,False,False,-0.00699396911188558,0.9555222388805598,-0.007998987117918674,0.991504247876062,-0.007760476888961129,0.9560219890054973,False,,
A-N06_MACD_ORB-15m-P1,A,N06_MACD_ORB,15m,P1,level_before_lock,mean ROE(level_before_lock=0) - mean ROE(=1) > 0,371,3517,-0.05637094960396979,-0.04074004176972907,-0.015630907834240718,0.8770614692653673,ok,153,0,264,2889,-0.02876770279675315,-0.05269070877358912,0.02392300597683597,0.08095952023988005,ok,118,0,190,1234,-0.057862656472061,-0.04714252303147533,-0.010720133440585672,0.7456271864067966,ok,79,0,0.8770614692653673,194,0.06643835616438357,1.0,False,False,same sign,False,False,0.004911256281185487,0.027486256871564217,0.0060630600800246,0.014492753623188406,0.002938393600669227,0.14592703648175911,False,,
A-N06_MACD_ORB-15m-P2,A,N06_MACD_ORB,15m,P2,support_before_stop,mean ROE(support_before_stop=1) - mean ROE(=0) > 0,39,3849,-0.0404017188167136,-0.04225011228198444,-0.0018483934652708395,0.5207396301849075,ok,153,0,34,3119,-0.08651317420557214,-0.050297109093380046,0.036216065112192095,0.26036981509245377,ok,118,0,17,1407,-0.07440865141854879,-0.04826071860441849,0.026147932814130297,,insufficient,79,0,0.5207396301849075,118,0.04041095890410959,1.0,False,False,no data,False,False,-0.006374088600387108,0.9335332333833083,-0.006360124064185027,0.9625187406296851,-0.006973893362901055,0.9365317341329336,False,,
A-N06_MACD_ORB-30m-P1,A,N06_MACD_ORB,30m,P1,level_before_lock,mean ROE(level_before_lock=0) - mean ROE(=1) > 0,354,2290,-0.04169595236912051,-0.036044719418323885,-0.005651232950796628,0.6286856571714143,ok,153,0,241,1852,-0.05144966758559846,-0.04589280393539814,-0.005556863650200326,0.6111944027986007,ok,118,0,154,736,-0.0687694627173591,-0.041079886824302234,-0.027689575893056873,0.8225887056471765,ok,78,0,0.6286856571714143,137,0.046917808219178084,1.0,False,False,same sign,False,False,0.006392407706024929,0.005997001499250375,0.0038315675660511653,0.08295852073963018,0.003279231456400196,0.14492753623188406,False,,
A-N06_MACD_ORB-30m-P2,A,N06_MACD_ORB,30m,P2,support_before_stop,mean ROE(support_before_stop=1) - mean ROE(=0) > 0,23,2621,0.29371597994061205,-0.03970173298178727,-0.3334177129223993,,insufficient,153,0,24,2069,0.058912096272931945,-0.04775579172887237,-0.10666788800180432,,insufficient,118,0,9,881,0.06923888825514274,-0.04704704194716916,-0.1162859302023119,,insufficient,78,0,1.0,276,0.09452054794520548,1.0,False,False,no data,False,False,-0.0077237766787609935,0.912543728135932,-0.003549931218451187,0.7711144427786107,-0.021233245435676753,0.9975012493753124,False,,
A-N06_MACD_ORB-1h-P1,A,N06_MACD_ORB,1h,P1,level_before_lock,mean ROE(level_before_lock=0) - mean ROE(=1) > 0,242,1295,-0.05929251977733855,-0.028253610427906587,-0.031038909349431962,0.8810594702648675,ok,152,0,239,1123,-0.06516482506274456,-0.03758766858481523,-0.027577156477929327,0.9325337331334332,ok,118,0,107,395,-0.012233179004032356,-0.015247819666351406,0.0030146406623190493,0.43278360819590206,ok,67,0,0.8810594702648675,195,0.06678082191780822,1.0,False,False,opposite sign,False,False,0.0025422404382843614,0.22588705647176413,0.00035428679975390426,0.45577211394302847,-0.004255128398775617,0.7986006996501749,False,,
A-N06_MACD_ORB-1h-P2,A,N06_MACD_ORB,1h,P2,support_before_stop,mean ROE(support_before_stop=1) - mean ROE(=0) > 0,13,1524,-0.11197453334170183,-0.032468206270874565,0.07950632707082728,,insufficient,152,0,19,1343,0.07745360635646169,-0.04412283211579764,-0.12157643847225932,,insufficient,118,0,6,496,-0.19297697679431228,-0.012447534396924177,0.1805294423973881,,insufficient,67,0,1.0,277,0.09486301369863015,1.0,False,False,no data,False,False,-0.0031991345155540224,0.6496751624187906,0.0037316983755128832,0.30334832583708143,-0.011984901695248459,0.8440779610194903,False,,
A-N06_MACD_ORB-4h-P1,A,N06_MACD_ORB,4h,P1,level_before_lock,mean ROE(level_before_lock=0) - mean ROE(=1) > 0,20,95,0.0293527122311291,0.0005106263068217744,0.02884208592430733,,insufficient,48,0,24,87,-0.1287309249108359,-0.005570849216369116,-0.12316007569446678,,insufficient,57,0,6,15,0.11970821831119494,-0.07182418658511107,0.19153240489630602,,insufficient,13,0,1.0,278,0.09520547945205479,1.0,False,False,no data,False,False,-0.0025216301557347068,0.5937031484257871,-0.030217050774682338,0.991504247876062,-0.04554555875254066,0.9455272363818091,False,,
A-N06_MACD_ORB-4h-P2,A,N06_MACD_ORB,4h,P2,support_before_stop,mean ROE(support_before_stop=1) - mean ROE(=0) > 0,1,114,0.032195713230731636,0.005292702022279996,-0.02690301120845164,,insufficient,48,0,1,110,-0.4503008667072094,-0.028399138299790593,0.42190172840741885,,insufficient,57,0,0,21,,-0.01710064232902364,,,insufficient,13,0,1.0,279,0.09554794520547946,1.0,False,False,no data,False,False,-0.05798015843386989,0.9690154922538731,-0.01434556844546064,0.6256871564217891,-0.044950399881550085,,False,,
A-N11_BREAKAWAY-5m-P1,A,N11_BREAKAWAY,5m,P1,level_before_lock,mean ROE(level_before_lock=0) - mean ROE(=1) > 0,82,1101,-0.01891033062020795,-0.052798599038179225,0.033888268417971275,0.12093953023488256,ok,152,0,93,1115,-0.008803268189998482,-0.0648335929812353,0.05603032479123682,0.009995002498750625,ok,117,0,54,433,-0.04068798059998576,-0.04994190274724505,0.009253922147259286,0.3798100949525237,ok,79,0,0.12093953023488256,36,0.012328767123287671,0.9809539674607142,False,False,same sign,False,False,0.007932452366861048,0.004497751124437781,0.006697532353146164,0.0024987506246876563,0.009006329536253445,0.0009995002498750624,True,,
A-N11_BREAKAWAY-5m-P2,A,N11_BREAKAWAY,5m,P2,support_before_stop,mean ROE(support_before_stop=1) - mean ROE(=0) > 0,98,1085,-0.06009930494893939,-0.04957803941649431,0.010521265532445083,0.34382808595702147,ok,152,0,69,1139,-0.007172634442548306,-0.06375175446813994,-0.05657912002559163,0.9720139930034982,ok,117,0,41,446,-0.036022865680150326,-0.05010102544634567,-0.014078159766195343,0.6446776611694153,ok,79,0,0.34382808595702147,82,0.02808219178082192,1.0,False,False,opposite sign,False,False,-0.00699396911188558,0.9555222388805598,-0.007998987117918674,0.991504247876062,-0.007760476888961129,0.9560219890054973,False,,
A-N11_BREAKAWAY-15m-P1,A,N11_BREAKAWAY,15m,P1,level_before_lock,mean ROE(level_before_lock=0) - mean ROE(=1) > 0,46,269,-0.07250753791418585,-0.03749566393917856,-0.03501187397500729,0.8025987006496752,ok,126,0,44,271,-0.011456492726750804,-0.06499036431527248,0.05353387158852168,0.07446276861569215,ok,107,0,21,89,-0.06278739502504477,-0.03135208548108243,-0.031435309543962335,,insufficient,58,0,0.8025987006496752,171,0.05856164383561644,1.0,False,False,no data,False,False,0.004911256281185487,0.027486256871564217,0.0060630600800246,0.014492753623188406,0.002938393600669227,0.14592703648175911,False,,
A-N11_BREAKAWAY-15m-P2,A,N11_BREAKAWAY,15m,P2,support_before_stop,mean ROE(support_before_stop=1) - mean ROE(=0) > 0,29,286,-0.07292406307808949,-0.03953455424624821,0.03338950883184128,,insufficient,126,0,30,285,-0.028126779982555545,-0.060605863192769165,-0.032479083210213616,0.7321339330334833,ok,107,0,10,100,0.07863824401795201,-0.04895253343521797,-0.12759077745317,,insufficient,58,0,1.0,280,0.0958904109589041,1.0,False,False,no data,False,False,-0.006374088600387108,0.9335332333833083,-0.006360124064185027,0.9625187406296851,-0.006973893362901055,0.9365317341329336,False,,
A-N13_3OUTSIDE-5m-P1,A,N13_3OUTSIDE,5m,P1,level_before_lock,mean ROE(level_before_lock=0) - mean ROE(=1) > 0,1558,20381,-0.05859332226605412,-0.06103908360035988,0.0024457613343057613,0.3733133433283358,ok,153,0,1366,16905,-0.05742217949789229,-0.05671619051576005,-0.0007059889821322343,0.5352323838080959,ok,118,0,915,7617,-0.046944454781584787,-0.048790099682379906,0.0018456449007951195,0.4292853573213393,ok,79,0,0.3733133433283358,90,0.030821917808219176,1.0,False,False,same sign,False,False,0.007932452366861048,0.004497751124437781,0.006697532353146164,0.0024987506246876563,0.009006329536253445,0.0009995002498750624,True,,
A-N13_3OUTSIDE-5m-P2,A,N13_3OUTSIDE,5m,P2,support_before_stop,mean ROE(support_before_stop=1) - mean ROE(=0) > 0,746,21193,-0.045706675722887044,-0.06139898923513299,-0.015692313512245946,0.9715142428785607,ok,153,0,703,17568,-0.037953305176557844,-0.05752189915322884,-0.019568593976670996,0.9835082458770614,ok,118,0,245,8287,-0.03684127126632595,-0.04893957450773354,-0.012098303241407593,0.7391304347826086,ok,79,0,0.9715142428785607,222,0.07602739726027398,1.0,False,False,same sign,False,False,-0.00699396911188558,0.9555222388805598,-0.007998987117918674,0.991504247876062,-0.007760476888961129,0.9560219890054973,False,,
A-N13_3OUTSIDE-15m-P1,A,N13_3OUTSIDE,15m,P1,level_before_lock,mean ROE(level_before_lock=0) - mean ROE(=1) > 0,776,5205,-0.037075234044837646,-0.04584787219549192,0.008772638150654273,0.17891054472763618,ok,153,0,698,4583,-0.052433123684422996,-0.05137134529726413,-0.0010617783871588668,0.5417291354322838,ok,118,0,380,1899,-0.03103744576223182,-0.04273889443856051,0.011701448676328687,0.24387806096951525,ok,79,0,0.17891054472763618,51,0.017465753424657535,1.0,False,False,same sign,False,False,0.004911256281185487,0.027486256871564217,0.0060630600800246,0.014492753623188406,0.002938393600669227,0.14592703648175911,True,,
A-N13_3OUTSIDE-15m-P2,A,N13_3OUTSIDE,15m,P2,support_before_stop,mean ROE(support_before_stop=1) - mean ROE(=0) > 0,210,5771,-0.05597345634885971,-0.04429979735974163,0.011673658989118083,0.2368815592203898,ok,153,0,218,5063,-0.04800309511785563,-0.0516627535242734,-0.0036596584064177706,0.5847076461769115,ok,118,0,70,2209,-0.0650701973315359,-0.04001832327535852,0.025051874056177384,0.2723638180909545,ok,79,0,0.2368815592203898,62,0.021232876712328767,1.0,False,False,same sign,False,False,-0.006374088600387108,0.9335332333833083,-0.006360124064185027,0.9625187406296851,-0.006973893362901055,0.9365317341329336,False,,
A-N13_3OUTSIDE-30m-P1,A,N13_3OUTSIDE,30m,P1,level_before_lock,mean ROE(level_before_lock=0) - mean ROE(=1) > 0,395,2139,-0.06695754270674474,-0.04576905438286658,-0.02118848832387816,0.9090454772613693,ok,152,0,383,2045,-0.047225147987857014,-0.04325324883380757,-0.003971899154049441,0.5907046476761619,ok,118,0,183,676,-0.06203326222388253,-0.03977362732311139,-0.02225963490077114,0.8130934532733634,ok,76,0,0.9090454772613693,201,0.06883561643835617,1.0,False,False,same sign,False,False,0.006392407706024929,0.005997001499250375,0.0038315675660511653,0.08295852073963018,0.003279231456400196,0.14492753623188406,False,,
A-N13_3OUTSIDE-30m-P2,A,N13_3OUTSIDE,30m,P2,support_before_stop,mean ROE(support_before_stop=1) - mean ROE(=0) > 0,71,2463,-0.07776919603703339,-0.04824467063560147,0.02952452540143192,0.19090454772613694,ok,152,0,90,2338,-0.06142390443974448,-0.04320443718772829,0.01821946725201619,0.2958520739630185,ok,118,0,26,833,-0.06465037734370899,-0.0438873340293606,0.02076304331434839,,insufficient,76,0,0.19090454772613694,53,0.01815068493150685,1.0,False,False,no data,False,False,-0.0077237766787609935,0.912543728135932,-0.003549931218451187,0.7711144427786107,-0.021233245435676753,0.9975012493753124,False,,
A-N13_3OUTSIDE-1h-P1,A,N13_3OUTSIDE,1h,P1,level_before_lock,mean ROE(level_before_lock=0) - mean ROE(=1) > 0,156,727,-0.059501253202974703,-0.020564106847209145,-0.03893714635576556,0.9450274862568716,ok,147,0,187,758,-0.016335139548011093,-0.026292974394905425,0.009957834846894331,0.3148425787106447,ok,117,0,60,197,0.0060854826076444735,0.00027698134624976143,0.005808501261394712,0.45327336331834084,ok,65,0,0.9450274862568716,211,0.07226027397260275,1.0,False,False,opposite sign,False,False,0.0025422404382843614,0.22588705647176413,0.00035428679975390426,0.45577211394302847,-0.004255128398775617,0.7986006996501749,False,,
A-N13_3OUTSIDE-1h-P2,A,N13_3OUTSIDE,1h,P2,support_before_stop,mean ROE(support_before_stop=1) - mean ROE(=0) > 0,22,861,0.02855407326359063,-0.028873973042257955,-0.057428046305848586,,insufficient,147,0,25,920,-0.006656459518960784,-0.02480253717265475,-0.018146077653693967,,insufficient,117,0,5,252,0.19001542270506172,-0.002104693777204112,-0.19212011648226585,,insufficient,65,0,1.0,281,0.09623287671232877,1.0,False,False,no data,False,False,-0.0031991345155540224,0.6496751624187906,0.0037316983755128832,0.30334832583708143,-0.011984901695248459,0.8440779610194903,False,,
A-N16_BBRSI-5m-P1,A,N16_BBRSI,5m,P1,level_before_lock,mean ROE(level_before_lock=0) - mean ROE(=1) > 0,2382,17450,-0.05777969459794789,-0.06393060831732457,0.006150913719376677,0.15642178910544727,ok,153,0,1841,13539,-0.05537527677935121,-0.0581313832127185,0.0027561064333672877,0.3353323338330835,ok,118,0,1303,7509,-0.06211785022919528,-0.059057794882676234,-0.0030600553465190486,0.6326836581709145,ok,79,0,0.15642178910544727,42,0.014383561643835616,1.0,False,False,opposite sign,False,False,0.007932452366861048,0.004497751124437781,0.006697532353146164,0.0024987506246876563,0.009006329536253445,0.0009995002498750624,True,,
A-N16_BBRSI-5m-P2,A,N16_BBRSI,5m,P2,support_before_stop,mean ROE(support_before_stop=1) - mean ROE(=0) > 0,1317,18515,-0.06514892787046316,-0.06305261731915882,0.0020963105513043395,0.3868065967016492,ok,153,0,1270,14110,-0.04815884048129316,-0.05866938018827349,-0.010510539706980328,0.9415292353823088,ok,118,0,643,8169,-0.05651691224317159,-0.059745888854241404,-0.0032289766110698143,0.6136931534232883,ok,79,0,0.3868065967016492,94,0.03219178082191781,1.0,False,False,opposite sign,False,False,-0.00699396911188558,0.9555222388805598,-0.007998987117918674,0.991504247876062,-0.007760476888961129,0.9560219890054973,False,,
A-N16_BBRSI-15m-P1,A,N16_BBRSI,15m,P1,level_before_lock,mean ROE(level_before_lock=0) - mean ROE(=1) > 0,1174,5596,-0.05931110641226174,-0.0522430478987198,-0.00706805851354194,0.7851074462768616,ok,153,0,904,4288,-0.050228547711530284,-0.045648113724029334,-0.004580433987500951,0.6456771614192903,ok,118,0,584,2134,-0.06716745632212771,-0.04596208755642181,-0.021205368765705904,0.9335332333833083,ok,79,0,0.7851074462768616,169,0.05787671232876713,1.0,False,False,same sign,False,False,0.004911256281185487,0.027486256871564217,0.0060630600800246,0.014492753623188406,0.002938393600669227,0.14592703648175911,False,,
A-N16_BBRSI-15m-P2,A,N16_BBRSI,15m,P2,support_before_stop,mean ROE(support_before_stop=1) - mean ROE(=0) > 0,407,6363,-0.05022107983943889,-0.053676466364070356,-0.003455386524631468,0.6101949025487257,ok,153,0,420,4772,-0.03212658083391756,-0.047705900006206156,-0.015579319172288594,0.8575712143928036,ok,118,0,172,2546,-0.05826032593735297,-0.04999533121614376,0.008264994721209208,0.36531734132933535,ok,79,0,0.6101949025487257,133,0.04554794520547945,1.0,False,False,opposite sign,False,False,-0.006374088600387108,0.9335332333833083,-0.006360124064185027,0.9625187406296851,-0.006973893362901055,0.9365317341329336,False,,
A-N16_BBRSI-30m-P1,A,N16_BBRSI,30m,P1,level_before_lock,mean ROE(level_before_lock=0) - mean ROE(=1) > 0,681,2678,-0.06048780626604586,-0.03408621201669409,-0.02640159424935177,0.9690154922538731,ok,153,0,531,2019,-0.040792378940080476,-0.03706818398524431,-0.0037241949548361686,0.5937031484257871,ok,118,0,229,915,-0.015338807024003281,-0.041696216148795866,0.026357409124792584,0.12243878060969515,ok,78,0,0.9690154922538731,221,0.07568493150684932,1.0,False,False,opposite sign,False,False,0.006392407706024929,0.005997001499250375,0.0038315675660511653,0.08295852073963018,0.003279231456400196,0.14492753623188406,False,,
A-N16_BBRSI-30m-P2,A,N16_BBRSI,30m,P2,support_before_stop,mean ROE(support_before_stop=1) - mean ROE(=0) > 0,170,3189,-0.06967910030790121,-0.03782678733005356,0.03185231297784765,0.0734632683658171,ok,153,0,161,2389,-0.041834203064300635,-0.03757476349520241,0.004259439569098224,0.4107946026986507,ok,118,0,60,1084,0.019691588853776996,-0.039525940881800364,-0.05921752973557736,0.7856071964017991,ok,78,0,0.0734632683658171,25,0.008561643835616438,0.7720010962260805,False,False,opposite sign,False,False,-0.0077237766787609935,0.912543728135932,-0.003549931218451187,0.7711144427786107,-0.021233245435676753,0.9975012493753124,False,,
A-N16_BBRSI-1h-P1,A,N16_BBRSI,1h,P1,level_before_lock,mean ROE(level_before_lock=0) - mean ROE(=1) > 0,325,1045,-0.048605684771843946,-0.03910028408023435,-0.009505400691609593,0.6721639180409795,ok,147,0,317,850,-0.03544751245058558,-0.05431625455164955,0.018868742101063964,0.19990004997501248,ok,118,0,100,298,-0.06393106417666936,-0.04164554189901098,-0.022285522277658378,0.7361319340329835,ok,66,0,0.6721639180409795,147,0.05034246575342466,1.0,False,False,same sign,False,False,0.0025422404382843614,0.22588705647176413,0.00035428679975390426,0.45577211394302847,-0.004255128398775617,0.7986006996501749,False,,
A-N16_BBRSI-1h-P2,A,N16_BBRSI,1h,P2,support_before_stop,mean ROE(support_before_stop=1) - mean ROE(=0) > 0,70,1300,-0.05770026587371462,-0.040475096771949354,0.01722516910176527,0.34832583708145926,ok,147,0,73,1094,-0.022218622946456882,-0.050990601773899816,-0.028771978827442934,0.760119940029985,ok,118,0,19,379,-0.1129046112253453,-0.0439532725337484,0.06895133869159689,,insufficient,66,0,0.34832583708145926,85,0.02910958904109589,1.0,False,False,no data,False,False,-0.0031991345155540224,0.6496751624187906,0.0037316983755128832,0.30334832583708143,-0.011984901695248459,0.8440779610194903,False,,
A-N16_BBRSI-4h-P1,A,N16_BBRSI,4h,P1,level_before_lock,mean ROE(level_before_lock=0) - mean ROE(=1) > 0,23,71,-0.01241504046561075,-0.048014540822152445,0.03559950035654169,,insufficient,52,0,17,46,-0.05485773799987831,-0.0004015175608257866,-0.05445622043905252,,insufficient,45,0,0,13,,0.2077623449195786,,,insufficient,8,0,1.0,282,0.09657534246575343,1.0,False,False,no data,False,False,-0.0025216301557347068,0.5937031484257871,-0.030217050774682338,0.991504247876062,-0.04554555875254066,0.9455272363818091,False,,
A-N16_BBRSI-4h-P2,A,N16_BBRSI,4h,P2,support_before_stop,mean ROE(support_before_stop=1) - mean ROE(=0) > 0,0,94,,-0.03930402477746671,,,insufficient,52,0,0,63,,-0.015096053234855834,,,insufficient,45,0,0,13,,0.2077623449195786,,,insufficient,8,0,1.0,283,0.09691780821917809,1.0,False,False,no data,False,False,-0.05798015843386989,0.9690154922538731,-0.01434556844546064,0.6256871564217891,-0.044950399881550085,,False,,
A-N19_FIB_CHOP-5m-P1,A,N19_FIB_CHOP,5m,P1,level_before_lock,mean ROE(level_before_lock=0) - mean ROE(=1) > 0,2852,13782,-0.06350605489787439,-0.061407608273409096,-0.002098446624465296,0.632183908045977,ok,153,0,1629,9036,-0.05704601120230592,-0.06178598072532692,0.004739969523020998,0.2993503248375812,ok,118,0,1097,4801,-0.04229480157691592,-0.052465896182515265,0.010171094605599347,0.14442778610694654,ok,79,0,0.632183908045977,139,0.047602739726027396,1.0,False,False,opposite sign,False,False,0.007932452366861048,0.004497751124437781,0.006697532353146164,0.0024987506246876563,0.009006329536253445,0.0009995002498750624,False,,
A-N19_FIB_CHOP-5m-P2,A,N19_FIB_CHOP,5m,P2,support_before_stop,mean ROE(support_before_stop=1) - mean ROE(=0) > 0,656,15978,-0.06362801633597126,-0.061691009330107946,0.0019370070058633143,0.42778610694652675,ok,153,0,470,10195,-0.05815943909850361,-0.06119579575343932,-0.0030363566549357138,0.5897051474262869,ok,118,0,180,5718,-0.02135124344919065,-0.051494043560909086,-0.030142800111718437,0.8800599700149925,ok,79,0,0.42778610694652675,102,0.03493150684931507,1.0,False,False,opposite sign,False,False,-0.00699396911188558,0.9555222388805598,-0.007998987117918674,0.991504247876062,-0.007760476888961129,0.9560219890054973,False,,
A-N19_FIB_CHOP-15m-P1,A,N19_FIB_CHOP,15m,P1,level_before_lock,mean ROE(level_before_lock=0) - mean ROE(=1) > 0,1374,4278,-0.06081280516709479,-0.04820369962713635,-0.012609105539958435,0.8755622188905547,ok,153,0,837,2688,-0.025690503353580314,-0.03810701151298903,0.012416508159408715,0.17091454272863568,ok,118,0,414,1313,-0.027781271408703734,-0.050972210743630834,0.0231909393349271,0.08545727136431784,ok,78,0,0.8755622188905547,193,0.06609589041095891,1.0,False,False,opposite sign,False,False,0.004911256281185487,0.027486256871564217,0.0060630600800246,0.014492753623188406,0.002938393600669227,0.14592703648175911,False,,
A-N19_FIB_CHOP-15m-P2,A,N19_FIB_CHOP,15m,P2,support_before_stop,mean ROE(support_before_stop=1) - mean ROE(=0) > 0,206,5446,-0.019672617204670638,-0.052464131869319745,-0.03279151466464911,0.9020489755122438,ok,153,0,129,3396,-0.022687136006635373,-0.035632496380743596,-0.012945360374108223,0.6711644177911045,ok,118,0,65,1662,0.006770842066159444,-0.04745370866660108,-0.05422455073276052,0.9460269865067467,ok,78,0,0.9020489755122438,200,0.0684931506849315,1.0,False,False,same sign,False,False,-0.006374088600387108,0.9335332333833083,-0.006360124064185027,0.9625187406296851,-0.006973893362901055,0.9365317341329336,False,,
A-N19_FIB_CHOP-30m-P1,A,N19_FIB_CHOP,30m,P1,level_before_lock,mean ROE(level_before_lock=0) - mean ROE(=1) > 0,683,1746,-0.023807166685119795,-0.05437398544427592,0.030566818759156126,0.02148925537231384,ok,153,0,414,1185,-0.01279198408414547,-0.035137972591164905,0.022345988507019438,0.11794102948525736,ok,118,0,168,407,-0.07371221721386488,-0.02389448435294854,-0.04981773286091634,0.9335332333833083,ok,76,0,0.02148925537231384,11,0.003767123287671233,0.5704420517014219,False,False,opposite sign,False,False,0.006392407706024929,0.005997001499250375,0.0038315675660511653,0.08295852073963018,0.003279231456400196,0.14492753623188406,True,,
A-N19_FIB_CHOP-30m-P2,A,N19_FIB_CHOP,30m,P2,support_before_stop,mean ROE(support_before_stop=1) - mean ROE(=0) > 0,79,2350,-0.011226903202844142,-0.0469405736504757,-0.03571367044763156,0.8640679660169915,ok,153,0,43,1556,-0.08974801104183895,-0.02768329977928507,0.06206471126255388,0.059470264867566215,ok,118,0,12,563,-0.11415542339653535,-0.036836310022772524,0.07731911337376282,,insufficient,76,0,0.8640679660169915,187,0.06404109589041096,1.0,False,False,no data,False,False,-0.0077237766787609935,0.912543728135932,-0.003549931218451187,0.7711144427786107,-0.021233245435676753,0.9975012493753124,False,,
A-N19_FIB_CHOP-1h-P1,A,N19_FIB_CHOP,1h,P1,level_before_lock,mean ROE(level_before_lock=0) - mean ROE(=1) > 0,284,698,-0.05911189766341788,-0.04480380923566278,-0.014308088427755099,0.6981509245377311,ok,143,0,189,476,0.015045825144427231,-0.039234367296962974,0.05428019244139021,0.017491254372813594,ok,109,0,51,163,-0.1028282746694634,-0.019624538647695814,-0.08320373602176759,0.9235382308845578,ok,51,0,0.6981509245377311,151,0.05171232876712329,1.0,False,False,same sign,False,False,0.0025422404382843614,0.22588705647176413,0.00035428679975390426,0.45577211394302847,-0.004255128398775617,0.7986006996501749,False,,
A-N19_FIB_CHOP-1h-P2,A,N19_FIB_CHOP,1h,P2,support_before_stop,mean ROE(support_before_stop=1) - mean ROE(=0) > 0,43,939,-0.014506096110482725,-0.05051871741230304,-0.03601262130182031,0.7666166916541729,ok,143,0,20,645,0.029603694530958367,-0.025463522126630687,-0.055067216657589055,,insufficient,109,0,9,205,0.0387110852081533,-0.04288508085166063,-0.08159616605981393,,insufficient,51,0,0.7666166916541729,163,0.05582191780821918,1.0,False,False,no data,False,False,-0.0031991345155540224,0.6496751624187906,0.0037316983755128832,0.30334832583708143,-0.011984901695248459,0.8440779610194903,False,,
A-N19_FIB_CHOP-4h-P1,A,N19_FIB_CHOP,4h,P1,level_before_lock,mean ROE(level_before_lock=0) - mean ROE(=1) > 0,19,37,-0.09460584916121469,-0.07899590743787929,-0.015609941723335394,,insufficient,23,0,9,32,-0.015226070789084271,-0.08208110189851747,0.0668550311094332,,insufficient,23,0,0,2,,-0.3037026921204897,,,insufficient,2,0,1.0,284,0.09726027397260274,1.0,False,False,no data,False,False,-0.0025216301557347068,0.5937031484257871,-0.030217050774682338,0.991504247876062,-0.04554555875254066,0.9455272363818091,False,,
A-N19_FIB_CHOP-4h-P2,A,N19_FIB_CHOP,4h,P2,support_before_stop,mean ROE(support_before_stop=1) - mean ROE(=0) > 0,2,54,0.27035421575037644,-0.09742718779195123,-0.3677814035423277,,insufficient,23,0,0,41,,-0.06740560726473946,,,insufficient,23,0,0,2,,-0.3037026921204897,,,insufficient,2,0,1.0,285,0.0976027397260274,1.0,False,False,no data,False,False,-0.05798015843386989,0.9690154922538731,-0.01434556844546064,0.6256871564217891,-0.044950399881550085,,False,,
A-N20_EMA9_CHOP-5m-P1,A,N20_EMA9_CHOP,5m,P1,level_before_lock,mean ROE(level_before_lock=0) - mean ROE(=1) > 0,2614,82408,-0.0616788990933199,-0.058312391927785784,-0.003366507165534119,0.7081459270364817,ok,153,0,1818,62392,-0.054507888749837946,-0.05689249209213896,0.002384603342301013,0.384807596201899,ok,118,0,1972,34896,-0.05000030545058041,-0.05401156941449992,0.004011263963919515,0.2958520739630185,ok,79,0,0.7081459270364817,156,0.05342465753424658,1.0,False,False,opposite sign,False,False,0.007932452366861048,0.004497751124437781,0.006697532353146164,0.0024987506246876563,0.009006329536253445,0.0009995002498750624,False,,
A-N20_EMA9_CHOP-5m-P2,A,N20_EMA9_CHOP,5m,P2,support_before_stop,mean ROE(support_before_stop=1) - mean ROE(=0) > 0,800,84222,-0.07212748360924173,-0.05828565279057153,0.0138418308186702,0.06846576711644178,ok,153,0,736,63474,-0.051597300918426445,-0.05688559244547338,-0.005288291527046934,0.7016491754122939,ok,118,0,356,36512,-0.049589574644711316,-0.053838037907083046,-0.0042484632623717294,0.617191404297851,ok,79,0,0.06846576711644178,22,0.007534246575342466,0.7720010962260805,False,False,opposite sign,False,False,-0.00699396911188558,0.9555222388805598,-0.007998987117918674,0.991504247876062,-0.007760476888961129,0.9560219890054973,False,,
A-N20_EMA9_CHOP-15m-P1,A,N20_EMA9_CHOP,15m,P1,level_before_lock,mean ROE(level_before_lock=0) - mean ROE(=1) > 0,1787,24460,-0.05228533257144392,-0.05127631673368767,-0.0010090158377562483,0.5652173913043478,ok,153,0,1307,18733,-0.030065426986808697,-0.05318347872982221,0.023118051743013512,0.0069965017491254375,ok,118,0,1025,10070,-0.03948031336684143,-0.0430463579274219,0.0035660445605804683,0.40929535232383807,ok,79,0,0.5652173913043478,128,0.043835616438356165,1.0,False,False,opposite sign,False,False,0.004911256281185487,0.027486256871564217,0.0060630600800246,0.014492753623188406,0.002938393600669227,0.14592703648175911,False,,
A-N20_EMA9_CHOP-15m-P2,A,N20_EMA9_CHOP,15m,P2,support_before_stop,mean ROE(support_before_stop=1) - mean ROE(=0) > 0,196,26051,-0.07071057362655142,-0.05119931381445498,0.01951125981209644,0.1729135432283858,ok,153,0,207,19833,-0.02886613911845404,-0.051913796668179205,-0.023047657549725164,0.8985507246376812,ok,118,0,101,10994,-0.013943880460564405,-0.04298124555244988,-0.029037365091885474,0.8800599700149925,ok,79,0,0.1729135432283858,48,0.016438356164383564,1.0,False,False,opposite sign,False,False,-0.006374088600387108,0.9335332333833083,-0.006360124064185027,0.9625187406296851,-0.006973893362901055,0.9365317341329336,False,,
A-N20_EMA9_CHOP-30m-P1,A,N20_EMA9_CHOP,30m,P1,level_before_lock,mean ROE(level_before_lock=0) - mean ROE(=1) > 0,1178,10630,-0.04814643156440217,-0.047042298725181564,-0.0011041328392206035,0.5452273863068465,ok,153,0,877,8224,-0.03792024956387678,-0.046982147375023056,0.009061897811146274,0.23088455772113944,ok,118,0,619,3980,-0.030346096155215233,-0.044516684453934786,0.014170588298719554,0.20539730134932535,ok,79,0,0.5452273863068465,123,0.04212328767123288,1.0,False,False,opposite sign,False,False,0.006392407706024929,0.005997001499250375,0.0038315675660511653,0.08295852073963018,0.003279231456400196,0.14492753623188406,False,,
A-N20_EMA9_CHOP-30m-P2,A,N20_EMA9_CHOP,30m,P2,support_before_stop,mean ROE(support_before_stop=1) - mean ROE(=0) > 0,56,11752,-0.08312609500709611,-0.04698103050639452,0.036145064500701596,0.14792603698150925,ok,153,0,91,9010,-0.011114608701718726,-0.04646235399421233,-0.0353477452924936,0.8515742128935532,ok,118,0,27,4572,-0.06486157711418758,-0.0424779910465126,0.02238358606767498,,insufficient,79,0,0.14792603698150925,39,0.013356164383561644,1.0,False,False,no data,False,False,-0.0077237766787609935,0.912543728135932,-0.003549931218451187,0.7711144427786107,-0.021233245435676753,0.9975012493753124,False,,
A-N20_EMA9_CHOP-1h-P1,A,N20_EMA9_CHOP,1h,P1,level_before_lock,mean ROE(level_before_lock=0) - mean ROE(=1) > 0,672,4219,-0.05873303365342853,-0.034966450893142896,-0.023766582760285634,0.9535232383808095,ok,153,0,512,3446,-0.025410898581118238,-0.0363181877157086,0.01090728913459036,0.25487256371814093,ok,118,0,245,1301,-0.053306596206133906,-0.05923321476225648,0.005926618556122573,0.3828085957021489,ok,72,0,0.9535232383808095,213,0.07294520547945206,1.0,False,False,opposite sign,False,False,0.0025422404382843614,0.22588705647176413,0.00035428679975390426,0.45577211394302847,-0.004255128398775617,0.7986006996501749,False,,
A-N20_EMA9_CHOP-1h-P2,A,N20_EMA9_CHOP,1h,P2,support_before_stop,mean ROE(support_before_stop=1) - mean ROE(=0) > 0,34,4857,-0.004760722287662794,-0.03846617055291194,-0.03370544826524915,0.8245877061469266,ok,153,0,33,3925,0.005363976123545188,-0.035245825771704806,-0.04060980189524999,0.8325837081459271,ok,118,0,11,1535,-0.1088420152793204,-0.05793176958184102,0.05091024569747938,,insufficient,72,0,0.8245877061469266,176,0.06027397260273973,1.0,False,False,no data,False,False,-0.0031991345155540224,0.6496751624187906,0.0037316983755128832,0.30334832583708143,-0.011984901695248459,0.8440779610194903,False,,
A-N20_EMA9_CHOP-4h-P1,A,N20_EMA9_CHOP,4h,P1,level_before_lock,mean ROE(level_before_lock=0) - mean ROE(=1) > 0,46,262,-0.07152465973802755,0.010605298946665495,-0.08212995868469304,0.9345327336331835,ok,66,0,63,253,-0.057184400547045065,-0.0653780491878929,0.008193648640847838,0.4357821089455272,ok,75,0,13,57,-0.005667405339246955,-0.026202101458261625,0.02053469611901467,,insufficient,19,0,0.9345327336331835,205,0.0702054794520548,1.0,False,False,no data,False,False,-0.0025216301557347068,0.5937031484257871,-0.030217050774682338,0.991504247876062,-0.04554555875254066,0.9455272363818091,False,,
A-N20_EMA9_CHOP-4h-P2,A,N20_EMA9_CHOP,4h,P2,support_before_stop,mean ROE(support_before_stop=1) - mean ROE(=0) > 0,0,308,,-0.0016608637140354174,,,insufficient,66,0,0,316,,-0.0637445053132935,,,insufficient,75,0,0,70,,-0.0223885150361589,,,insufficient,19,0,1.0,286,0.09794520547945205,1.0,False,False,no data,False,False,-0.05798015843386989,0.9690154922538731,-0.01434556844546064,0.6256871564217891,-0.044950399881550085,,False,,
A-V39_ALL-5m-P1,A,V39_ALL,5m,P1,level_before_lock,mean ROE(level_before_lock=0) - mean ROE(=1) > 0,6517,51004,-0.051657573122954645,-0.0601118533095714,0.008454280186616758,0.01199400299850075,ok,153,0,4290,37754,-0.05048918340415542,-0.059021524425566345,0.008532341021410927,0.03948025987006497,ok,118,0,3689,21280,-0.03720104137303808,-0.05581604270875333,0.018615001335715253,0.0014992503748125937,ok,79,0,0.01199400299850075,9,0.0030821917808219177,0.38913876395135766,False,False,same sign,False,False,0.007932452366861048,0.004497751124437781,0.006697532353146164,0.0024987506246876563,0.009006329536253445,0.0009995002498750624,True,,
A-V39_ALL-5m-P2,A,V39_ALL,5m,P2,support_before_stop,mean ROE(support_before_stop=1) - mean ROE(=0) > 0,1953,55568,-0.05320278657882284,-0.05936316455613365,-0.00616037797731081,0.8460769615192404,ok,153,0,1687,40357,-0.044869552977947966,-0.058706105361965945,-0.013836552384017979,0.9725137431284357,ok,118,0,735,24234,-0.043564915659750646,-0.053353957970516286,-0.00978904231076564,0.8290854572713643,ok,79,0,0.8460769615192404,180,0.06164383561643835,1.0,False,False,same sign,False,False,-0.00699396911188558,0.9555222388805598,-0.007998987117918674,0.991504247876062,-0.007760476888961129,0.9560219890054973,False,,
A-V39_ALL-15m-P1,A,V39_ALL,15m,P1,level_before_lock,mean ROE(level_before_lock=0) - mean ROE(=1) > 0,3767,16766,-0.044868269382851926,-0.044161578157418176,-0.0007066912254337504,0.5527236381809095,ok,153,0,2709,12441,-0.053787848865436805,-0.046901604768637674,-0.006886244096799131,0.8395802098950524,ok,118,0,1734,6281,-0.03478355333143663,-0.0438414632369439,0.00905790990550727,0.1584207896051974,ok,79,0,0.5527236381809095,125,0.04280821917808219,1.0,False,False,opposite sign,False,False,0.004911256281185487,0.027486256871564217,0.0060630600800246,0.014492753623188406,0.002938393600669227,0.14592703648175911,False,,
A-V39_ALL-15m-P2,A,V39_ALL,15m,P2,support_before_stop,mean ROE(support_before_stop=1) - mean ROE(=0) > 0,712,19821,-0.021861299493493795,-0.045096944902533104,-0.02323564540903931,0.9665167416291854,ok,153,0,644,14506,-0.0399080126851737,-0.048498096465865004,-0.008590083780691302,0.7211394302848576,ok,118,0,308,7707,-0.024523825307248993,-0.042575525350113275,-0.018051700042864282,0.8275862068965517,ok,79,0,0.9665167416291854,219,0.07500000000000001,1.0,False,False,same sign,False,False,-0.006374088600387108,0.9335332333833083,-0.006360124064185027,0.9625187406296851,-0.006973893362901055,0.9365317341329336,False,,
A-V39_ALL-30m-P1,A,V39_ALL,30m,P1,level_before_lock,mean ROE(level_before_lock=0) - mean ROE(=1) > 0,2135,7586,-0.032230271118633906,-0.04211487637190722,0.009884605253273317,0.12843578210894552,ok,153,0,1593,5668,-0.02045851992082759,-0.03498891922148575,0.014530399300658157,0.033483258370814596,ok,118,0,807,2631,-0.026800604139921132,-0.037262987725168874,0.010462383585247741,0.23588205897051473,ok,79,0,0.12843578210894552,37,0.012671232876712329,1.0,False,False,same sign,False,False,0.006392407706024929,0.005997001499250375,0.0038315675660511653,0.08295852073963018,0.003279231456400196,0.14492753623188406,True,,
A-V39_ALL-30m-P2,A,V39_ALL,30m,P2,support_before_stop,mean ROE(support_before_stop=1) - mean ROE(=0) > 0,275,9446,-0.01845831054547013,-0.04056945221210748,-0.022111141666637354,0.8520739630184908,ok,153,0,237,7024,-0.04850838431037614,-0.0312373475654471,0.017271036744929042,0.18040979510244878,ok,118,0,97,3341,0.014759619450493297,-0.03624624104535574,-0.051005860495849036,0.9150424787606197,ok,79,0,0.8520739630184908,184,0.06301369863013699,1.0,False,False,same sign,False,False,-0.0077237766787609935,0.912543728135932,-0.003549931218451187,0.7711144427786107,-0.021233245435676753,0.9975012493753124,False,,
A-V39_ALL-1h-P1,A,V39_ALL,1h,P1,level_before_lock,mean ROE(level_before_lock=0) - mean ROE(=1) > 0,966,2871,-0.03754611616669879,-0.04985569426238576,0.012309578095686967,0.15442278860569716,ok,152,0,793,2351,-0.04273322829184163,-0.03183969717637322,-0.01089353111546841,0.8055972013993004,ok,118,0,298,877,-0.027361966036763982,-0.02832310201789909,0.000961135981135109,0.46676661669165415,ok,71,0,0.15442278860569716,41,0.01404109589041096,1.0,False,False,same sign,False,False,0.0025422404382843614,0.22588705647176413,0.00035428679975390426,0.45577211394302847,-0.004255128398775617,0.7986006996501749,False,,
A-V39_ALL-1h-P2,A,V39_ALL,1h,P2,support_before_stop,mean ROE(support_before_stop=1) - mean ROE(=0) > 0,83,3754,0.03765921343435324,-0.04862305838023225,-0.08628227181458549,0.9980009995002499,ok,152,0,66,3078,-0.08980263603781172,-0.03340338015548677,0.056399255882324945,0.11144427786106946,ok,118,0,30,1145,-0.049283030815642004,-0.02752378639666716,0.021759244418974845,0.3713143428285857,ok,71,0,0.9980009995002499,238,0.08150684931506849,1.0,False,False,opposite sign,False,False,-0.0031991345155540224,0.6496751624187906,0.0037316983755128832,0.30334832583708143,-0.011984901695248459,0.8440779610194903,False,,
A-V39_ALL-4h-P1,A,V39_ALL,4h,P1,level_before_lock,mean ROE(level_before_lock=0) - mean ROE(=1) > 0,56,169,0.006089388600494809,-0.01851275376921984,0.024602142369714648,0.3188405797101449,ok,75,0,47,157,0.020130993823545308,-0.010409163160127013,0.030540156983672323,0.27386306846576713,ok,73,0,7,28,-0.02279783105978579,-0.002251068718676522,-0.020546762341109265,,insufficient,13,0,0.3188405797101449,77,0.02636986301369863,1.0,False,False,no data,False,False,-0.0025216301557347068,0.5937031484257871,-0.030217050774682338,0.991504247876062,-0.04554555875254066,0.9455272363818091,False,,
A-V39_ALL-4h-P2,A,V39_ALL,4h,P2,support_before_stop,mean ROE(support_before_stop=1) - mean ROE(=0) > 0,1,224,0.27284692275447087,-0.013662931018414799,-0.2865098537728857,,insufficient,75,0,0,204,,-0.003372950521731919,,,insufficient,73,0,1,34,0.034460201776109374,-0.007561027744633901,-0.042021229520743275,,insufficient,13,0,1.0,287,0.09828767123287672,1.0,False,False,no data,False,False,-0.05798015843386989,0.9690154922538731,-0.01434556844546064,0.6256871564217891,-0.044950399881550085,,False,,
A-OBV_S-5m-P1,A,OBV_S,5m,P1,level_before_lock,mean ROE(level_before_lock=0) - mean ROE(=1) > 0,1454,18395,-0.04884334306910539,-0.06116822173684762,0.012324878667742227,0.05697151424287856,ok,153,0,966,13402,-0.05167032348747582,-0.06178909267479896,0.010118769187323136,0.111944027986007,ok,118,0,778,7776,-0.04077382079255952,-0.051624797288749504,0.010850976496189983,0.15242378810594703,ok,79,0,0.05697151424287856,18,0.0061643835616438354,0.7720010962260805,False,False,same sign,False,False,0.007932452366861048,0.004497751124437781,0.006697532353146164,0.0024987506246876563,0.009006329536253445,0.0009995002498750624,True,,
A-OBV_S-5m-P2,A,OBV_S,5m,P2,support_before_stop,mean ROE(support_before_stop=1) - mean ROE(=0) > 0,414,19435,-0.05569632267826086,-0.06036271582624085,-0.004666393147979994,0.6471764117941029,ok,153,0,353,14015,-0.053065218827705374,-0.061311375688218143,-0.00824615686051277,0.7456271864067966,ok,118,0,194,8360,-0.06976233287865194,-0.05019408656883599,0.019568246309815948,0.1454272863568216,ok,79,0,0.6471764117941029,145,0.04965753424657534,1.0,False,False,opposite sign,False,False,-0.00699396911188558,0.9555222388805598,-0.007998987117918674,0.991504247876062,-0.007760476888961129,0.9560219890054973,False,,
A-OBV_S-15m-P1,A,OBV_S,15m,P1,level_before_lock,mean ROE(level_before_lock=0) - mean ROE(=1) > 0,817,6401,-0.04762861667155654,-0.05017735344515652,0.0025487367735999786,0.41829085457271364,ok,153,0,581,4633,-0.042915138415717154,-0.050805032323267295,0.007889893907550141,0.2898550724637681,ok,118,0,396,2438,-0.007891691046418963,-0.035629951315960744,0.02773826026954178,0.038980509745127435,ok,79,0,0.41829085457271364,98,0.03356164383561644,1.0,False,False,same sign,False,False,0.004911256281185487,0.027486256871564217,0.0060630600800246,0.014492753623188406,0.002938393600669227,0.14592703648175911,True,,
A-OBV_S-15m-P2,A,OBV_S,15m,P2,support_before_stop,mean ROE(support_before_stop=1) - mean ROE(=0) > 0,139,7079,-0.06379370606417158,-0.04961583473374611,0.014177871330425466,0.2978510744627686,ok,153,0,117,5097,-0.01632518895001604,-0.05069714794311893,-0.034371958993102886,0.8590704647676162,ok,118,0,53,2781,0.05945125999830219,-0.033492214218843665,-0.09294347421714585,0.9855072463768116,ok,79,0,0.2978510744627686,71,0.024315068493150686,1.0,False,False,opposite sign,False,False,-0.006374088600387108,0.9335332333833083,-0.006360124064185027,0.9625187406296851,-0.006973893362901055,0.9365317341329336,False,,
A-OBV_S-30m-P1,A,OBV_S,30m,P1,level_before_lock,mean ROE(level_before_lock=0) - mean ROE(=1) > 0,517,2955,-0.05463763647042137,-0.04253902445410142,-0.012098612016319954,0.7786106946526736,ok,153,0,432,2098,-0.04532917154392275,-0.05562306948179701,0.01029389793787426,0.255872063968016,ok,118,0,245,1086,-0.03688496141354087,-0.03683254121549874,-5.2420198042128774e-05,0.5077461269365318,ok,78,0,0.7786106946526736,167,0.05719178082191781,1.0,False,False,same sign,False,False,0.006392407706024929,0.005997001499250375,0.0038315675660511653,0.08295852073963018,0.003279231456400196,0.14492753623188406,False,,
A-OBV_S-30m-P2,A,OBV_S,30m,P2,support_before_stop,mean ROE(support_before_stop=1) - mean ROE(=0) > 0,46,3426,0.0018682955826317428,-0.04496100902331541,-0.04682930460594715,0.7001499250374813,ok,153,0,56,2474,-0.09707309688249702,-0.052887351840891245,0.04418574504160577,0.08195902048975512,ok,118,0,14,1317,0.04803467695873691,-0.03774445010157287,-0.08577912706030977,,insufficient,78,0,0.7001499250374813,153,0.0523972602739726,1.0,False,False,no data,False,False,-0.0077237766787609935,0.912543728135932,-0.003549931218451187,0.7711144427786107,-0.021233245435676753,0.9975012493753124,False,,
A-OBV_S-1h-P1,A,OBV_S,1h,P1,level_before_lock,mean ROE(level_before_lock=0) - mean ROE(=1) > 0,271,1238,-0.012584518762954737,-0.04124692383385948,0.028662405070904742,0.06946526736631684,ok,150,0,213,978,-0.06050419961165007,-0.032744016333599725,-0.027760183278050347,0.8450774612693653,ok,117,0,89,367,-0.07807669147028864,-0.037197607941708434,-0.04087908352858021,0.8490754622688655,ok,69,0,0.06946526736631684,23,0.007876712328767124,0.7720010962260805,False,False,opposite sign,False,False,0.0025422404382843614,0.22588705647176413,0.00035428679975390426,0.45577211394302847,-0.004255128398775617,0.7986006996501749,False,,
A-OBV_S-1h-P2,A,OBV_S,1h,P2,support_before_stop,mean ROE(support_before_stop=1) - mean ROE(=0) > 0,20,1489,-0.053494196393110774,-0.03586582428691508,0.017628372106195694,,insufficient,150,0,23,1168,-0.027430865571585004,-0.037911072417290706,-0.010480206845705702,,insufficient,117,0,9,447,-0.15194327776807534,-0.043026528312192405,0.10891674945588294,,insufficient,69,0,1.0,288,0.09863013698630137,1.0,False,False,no data,False,False,-0.0031991345155540224,0.6496751624187906,0.0037316983755128832,0.30334832583708143,-0.011984901695248459,0.8440779610194903,False,,
A-OBV_S-4h-P1,A,OBV_S,4h,P1,level_before_lock,mean ROE(level_before_lock=0) - mean ROE(=1) > 0,15,81,0.0260664999569182,-0.04238195029928044,0.06844845025619864,,insufficient,46,0,24,65,-0.04799481641349757,-0.07455551998912088,0.02656070357562331,,insufficient,42,0,1,13,-0.5787427928220289,0.05618018642209865,-0.6349229792441275,,insufficient,8,0,1.0,289,0.09897260273972604,1.0,False,False,no data,False,False,-0.0025216301557347068,0.5937031484257871,-0.030217050774682338,0.991504247876062,-0.04554555875254066,0.9455272363818091,False,,
A-OBV_S-4h-P2,A,OBV_S,4h,P2,support_before_stop,mean ROE(support_before_stop=1) - mean ROE(=0) > 0,0,96,,-0.031686879946749395,,,insufficient,46,0,0,89,,-0.06739308306985167,,,insufficient,42,0,0,14,,0.010828545047518115,,,insufficient,8,0,1.0,290,0.09931506849315068,1.0,False,False,no data,False,False,-0.05798015843386989,0.9690154922538731,-0.01434556844546064,0.6256871564217891,-0.044950399881550085,,False,,
A-OBV_B-5m-P1,A,OBV_B,5m,P1,level_before_lock,mean ROE(level_before_lock=0) - mean ROE(=1) > 0,4884,58130,-0.04687453903679264,-0.061635530312245314,0.014760991275452676,0.0004997501249375312,ok,153,0,3750,43926,-0.05135632642486642,-0.06001539595372488,0.008659069528858462,0.04447776111944028,ok,118,0,2823,23742,-0.05065553422816556,-0.05573370257206937,0.005078168343903809,0.14842578710644677,ok,79,0,0.0004997501249375312,3,0.0010273972602739727,0.04864234549391971,True,True,same sign,True,True,0.007932452366861048,0.004497751124437781,0.006697532353146164,0.0024987506246876563,0.009006329536253445,0.0009995002498750624,True,"candidate, but the random null shows the same effect: market-wide, not the strategy",
A-OBV_B-5m-P2,A,OBV_B,5m,P2,support_before_stop,mean ROE(support_before_stop=1) - mean ROE(=0) > 0,2222,60792,-0.050301580072794866,-0.06086390503330643,-0.010562324960511564,0.9740129935032483,ok,153,0,2082,45594,-0.0639183737436811,-0.05912498251134414,0.004793391232336963,0.17391304347826086,ok,118,0,990,25575,-0.053684326077568956,-0.05525249879864666,-0.0015681727210777041,0.5617191404297851,ok,79,0,0.9740129935032483,224,0.07671232876712329,1.0,False,False,same sign,False,False,-0.00699396911188558,0.9555222388805598,-0.007998987117918674,0.991504247876062,-0.007760476888961129,0.9560219890054973,False,,
A-OBV_B-15m-P1,A,OBV_B,15m,P1,level_before_lock,mean ROE(level_before_lock=0) - mean ROE(=1) > 0,2695,18287,-0.04959973402785946,-0.05172577810656589,0.002126044078706431,0.35332333833083457,ok,153,0,2229,14189,-0.05618193685054251,-0.04996109481325541,-0.006220842037287101,0.7966016991504248,ok,118,0,1309,6839,-0.04617908036601444,-0.039313341922786633,-0.006865738443227805,0.7806096951524237,ok,79,0,0.35332333833083457,87,0.029794520547945208,1.0,False,False,opposite sign,False,False,0.004911256281185487,0.027486256871564217,0.0060630600800246,0.014492753623188406,0.002938393600669227,0.14592703648175911,True,,
A-OBV_B-15m-P2,A,OBV_B,15m,P2,support_before_stop,mean ROE(support_before_stop=1) - mean ROE(=0) > 0,772,20210,-0.06997338112745792,-0.0507452319252575,0.019228149202200423,0.02448775612193903,ok,153,0,642,15776,-0.04314232472742724,-0.051117529099273064,-0.007975204371845825,0.7716141929035483,ok,118,0,286,7862,-0.07041147124041752,-0.03932519471308717,0.03108627652733035,0.050974512743628186,ok,79,0,0.02448775612193903,12,0.004109589041095891,0.5958687323005164,False,False,same sign,False,False,-0.006374088600387108,0.9335332333833083,-0.006360124064185027,0.9625187406296851,-0.006973893362901055,0.9365317341329336,False,,
A-OBV_B-30m-P1,A,OBV_B,30m,P1,level_before_lock,mean ROE(level_before_lock=0) - mean ROE(=1) > 0,1675,8734,-0.05162637588205335,-0.04773110135423614,-0.0038952745278172107,0.697151424287856,ok,153,0,1378,6720,-0.0471918005259384,-0.049019883188488766,0.0018280826625503635,0.40929535232383807,ok,118,0,662,2923,-0.032912751357971295,-0.03151431933303472,-0.0013984320249365786,0.552223888055972,ok,79,0,0.697151424287856,150,0.05136986301369863,1.0,False,False,same sign,False,False,0.006392407706024929,0.005997001499250375,0.0038315675660511653,0.08295852073963018,0.003279231456400196,0.14492753623188406,False,,
A-OBV_B-30m-P2,A,OBV_B,30m,P2,support_before_stop,mean ROE(support_before_stop=1) - mean ROE(=0) > 0,310,10099,-0.06947520150074223,-0.047709704561353365,0.02176549693938886,0.06546726636681659,ok,153,0,271,7827,-0.05229820699875791,-0.04858452817870501,0.0037136788200528986,0.42778610694652675,ok,118,0,106,3479,-0.01397974640862802,-0.032314671943122424,-0.018334925534494402,0.7231384307846077,ok,79,0,0.06546726636681659,20,0.00684931506849315,0.7720010962260805,False,False,opposite sign,False,False,-0.0077237766787609935,0.912543728135932,-0.003549931218451187,0.7711144427786107,-0.021233245435676753,0.9975012493753124,False,,
A-OBV_B-1h-P1,A,OBV_B,1h,P1,level_before_lock,mean ROE(level_before_lock=0) - mean ROE(=1) > 0,784,3466,-0.05308091076226409,-0.03812353422747133,-0.01495737653479276,0.8975512243878061,ok,152,0,720,3011,-0.049073048849113655,-0.03973374772566193,-0.009339301123451722,0.7656171914042978,ok,118,0,285,1037,-0.057843145003604275,-0.02851629685814822,-0.029326848145456056,0.8710644677661169,ok,71,0,0.8975512243878061,199,0.06815068493150686,1.0,False,False,same sign,False,False,0.0025422404382843614,0.22588705647176413,0.00035428679975390426,0.45577211394302847,-0.004255128398775617,0.7986006996501749,False,,
A-OBV_B-1h-P2,A,OBV_B,1h,P2,support_before_stop,mean ROE(support_before_stop=1) - mean ROE(=0) > 0,102,4148,-0.051788181165957896,-0.04061456345012125,0.011173617715836644,0.35082458770614694,ok,152,0,92,3639,-0.00908848712268604,-0.04235635305249872,-0.03326786592981268,0.8225887056471765,ok,118,0,36,1286,-0.11197616860840477,-0.03267928001401583,0.07929688859438894,0.13943028485757122,ok,71,0,0.35082458770614694,86,0.02945205479452055,1.0,False,False,same sign,False,False,-0.0031991345155540224,0.6496751624187906,0.0037316983755128832,0.30334832583708143,-0.011984901695248459,0.8440779610194903,False,,
A-OBV_B-4h-P1,A,OBV_B,4h,P1,level_before_lock,mean ROE(level_before_lock=0) - mean ROE(=1) > 0,35,194,-0.03232876620719273,-0.04003531452016316,0.007706548312970428,0.44377811094452774,ok,68,0,44,173,-0.028035365273092937,-0.055714697520402284,0.027679332247309348,0.26786606696651677,ok,76,0,8,27,0.17849465198382033,-0.05803255278991158,0.2365272047737319,,insufficient,15,0,0.44377811094452774,105,0.03595890410958904,1.0,False,False,no data,False,False,-0.0025216301557347068,0.5937031484257871,-0.030217050774682338,0.991504247876062,-0.04554555875254066,0.9455272363818091,False,,
A-OBV_B-4h-P2,A,OBV_B,4h,P2,support_before_stop,mean ROE(support_before_stop=1) - mean ROE(=0) > 0,1,228,-0.09539781187104358,-0.038609473781984004,0.05678833808905958,,insufficient,68,0,1,216,0.22418567879383322,-0.05137215010110888,-0.27555782889494207,,insufficient,76,0,0,35,,-0.00396919169877285,,,insufficient,15,0,1.0,291,0.09965753424657535,1.0,False,False,no data,False,False,-0.05798015843386989,0.9690154922538731,-0.01434556844546064,0.6256871564217891,-0.044950399881550085,,False,,
A-V45_AMB-5m-P1,A,V45_AMB,5m,P1,level_before_lock,mean ROE(level_before_lock=0) - mean ROE(=1) > 0,1028,25253,-0.04341281633301112,-0.059553700411923434,0.016140884078912315,0.07946026986506746,ok,153,0,768,18521,-0.0494271788304097,-0.06053337544145371,0.011106196611044006,0.12593703148425786,ok,118,0,641,10820,-0.036602457292895796,-0.057890278285587016,0.02128782099269122,0.04047976011994003,ok,79,0,0.07946026986506746,29,0.00993150684931507,0.7720010962260805,False,False,same sign,False,False,0.007932452366861048,0.004497751124437781,0.006697532353146164,0.0024987506246876563,0.009006329536253445,0.0009995002498750624,True,,
A-V45_AMB-5m-P2,A,V45_AMB,5m,P2,support_before_stop,mean ROE(support_before_stop=1) - mean ROE(=0) > 0,526,25755,-0.05308381861872087,-0.05904157961945994,-0.0059577610007390674,0.6981509245377311,ok,153,0,430,18859,-0.06699460966308798,-0.05993377367505124,0.007060835988036744,0.28535732133933034,ok,118,0,174,11287,-0.0361265466220847,-0.05701683060711924,-0.020890283985034543,0.8495752123938031,ok,79,0,0.6981509245377311,152,0.052054794520547946,1.0,False,False,same sign,False,False,-0.00699396911188558,0.9555222388805598,-0.007998987117918674,0.991504247876062,-0.007760476888961129,0.9560219890054973,False,,
A-V45_AMB-15m-P1,A,V45_AMB,15m,P1,level_before_lock,mean ROE(level_before_lock=0) - mean ROE(=1) > 0,508,6626,-0.05003272537636237,-0.05361374685045979,0.0035810214740974178,0.40379810094952523,ok,153,0,424,4915,-0.035953847583811295,-0.06059245982202452,0.024638612238213224,0.07446276861569215,ok,118,0,316,2715,-0.03123062848355634,-0.034605217682283376,0.0033745891987270356,0.43278360819590206,ok,79,0,0.40379810094952523,96,0.03287671232876713,1.0,False,False,same sign,False,False,0.004911256281185487,0.027486256871564217,0.0060630600800246,0.014492753623188406,0.002938393600669227,0.14592703648175911,True,,
A-V45_AMB-15m-P2,A,V45_AMB,15m,P2,support_before_stop,mean ROE(support_before_stop=1) - mean ROE(=0) > 0,94,7040,-0.027231645245366684,-0.053707604612112825,-0.02647595936674614,0.8395802098950524,ok,153,0,83,5256,-0.07416958533365685,-0.05839046724088528,0.01577911809277157,0.29235382308845576,ok,118,0,33,2998,-0.09056024186199439,-0.03363360794755081,0.05692663391444358,0.22088955522238882,ok,79,0,0.8395802098950524,179,0.061301369863013704,1.0,False,False,opposite sign,False,False,-0.006374088600387108,0.9335332333833083,-0.006360124064185027,0.9625187406296851,-0.006973893362901055,0.9365317341329336,False,,
A-V45_AMB-30m-P1,A,V45_AMB,30m,P1,level_before_lock,mean ROE(level_before_lock=0) - mean ROE(=1) > 0,375,3045,0.009442098573253854,-0.03326518423066591,0.04270728280391976,0.005997001499250375,ok,153,0,317,2514,-0.05633368516109061,-0.06115648060972892,0.004822795448638312,0.4032983508245877,ok,118,0,144,954,0.019305250987535386,-0.03797629759745768,0.05728154858499307,0.034482758620689655,ok,78,0,0.005997001499250375,7,0.002397260273972603,0.25016063396872995,False,False,same sign,False,False,0.006392407706024929,0.005997001499250375,0.0038315675660511653,0.08295852073963018,0.003279231456400196,0.14492753623188406,True,,
A-V45_AMB-30m-P2,A,V45_AMB,30m,P2,support_before_stop,mean ROE(support_before_stop=1) - mean ROE(=0) > 0,37,3383,0.013907680538478257,-0.029047083416296544,-0.0429547639547748,0.8590704647676162,ok,153,0,37,2794,-0.050649301920587746,-0.06074844176015123,-0.010099139839563481,0.5797101449275363,ok,118,0,9,1089,-0.26602360625318083,-0.028517189448568313,0.2375064168046125,,insufficient,78,0,0.8590704647676162,186,0.0636986301369863,1.0,False,False,no data,False,False,-0.0077237766787609935,0.912543728135932,-0.003549931218451187,0.7711144427786107,-0.021233245435676753,0.9975012493753124,False,,
A-V45_AMB-1h-P1,A,V45_AMB,1h,P1,level_before_lock,mean ROE(level_before_lock=0) - mean ROE(=1) > 0,219,1295,-0.05361410952047268,-0.02982563161946083,-0.023788477901011847,0.8750624687656172,ok,147,0,158,1067,-0.0626877330187169,-0.03234188608971175,-0.030345846929005146,0.8290854572713643,ok,114,0,54,346,-0.0006074137805411148,-0.029843236959945237,0.02923582317940412,0.27136431784107945,ok,59,0,0.8750624687656172,191,0.0654109589041096,1.0,False,False,opposite sign,False,False,0.0025422404382843614,0.22588705647176413,0.00035428679975390426,0.45577211394302847,-0.004255128398775617,0.7986006996501749,False,,
A-V45_AMB-1h-P2,A,V45_AMB,1h,P2,support_before_stop,mean ROE(support_before_stop=1) - mean ROE(=0) > 0,2,1512,0.06293769127796023,-0.033393887774299746,-0.09633157905225997,,insufficient,147,0,10,1215,-0.12510053896571333,-0.03552464928808443,0.08957588967762889,,insufficient,114,0,3,397,-0.25812506856429135,-0.02414152424835616,0.23398354431593518,,insufficient,59,0,1.0,292,0.1,1.0,False,False,no data,False,False,-0.0031991345155540224,0.6496751624187906,0.0037316983755128832,0.30334832583708143,-0.011984901695248459,0.8440779610194903,False,,
A-DOGE-5m-P1,A,DOGE,5m,P1,level_before_lock,mean ROE(level_before_lock=0) - mean ROE(=1) > 0,2071,15476,-0.05798954684322112,-0.057711311974234944,-0.0002782348689861769,0.519240379810095,ok,153,0,1385,12460,-0.05490580981106943,-0.05989311270237742,0.004987302891307992,0.3218390804597701,ok,118,0,1180,6689,-0.03253428064745462,-0.04926741496610055,0.016733134318645926,0.05747126436781609,ok,79,0,0.519240379810095,117,0.04006849315068493,1.0,False,False,opposite sign,False,False,0.007932452366861048,0.004497751124437781,0.006697532353146164,0.0024987506246876563,0.009006329536253445,0.0009995002498750624,False,,"DOGE = doge_join(DOGE_L, DOGE_S): long and short (the first run traded the short rule as long; see AMBIGUITIES and out/before_doge_fix/)."
A-DOGE-5m-P2,A,DOGE,5m,P2,support_before_stop,mean ROE(support_before_stop=1) - mean ROE(=0) > 0,458,17089,-0.05408073218214868,-0.05784233368167515,-0.003761601499526472,0.5707146426786607,ok,153,0,441,13404,-0.054355257280672795,-0.05955998675016241,-0.005204729469489612,0.6406796601699151,ok,118,0,194,7675,-0.037814483352780814,-0.04698425799372034,-0.009169774640939522,0.664167916041979,ok,79,0,0.5707146426786607,129,0.04417808219178082,1.0,False,False,same sign,False,False,-0.00699396911188558,0.9555222388805598,-0.007998987117918674,0.991504247876062,-0.007760476888961129,0.9560219890054973,False,,"DOGE = doge_join(DOGE_L, DOGE_S): long and short (the first run traded the short rule as long; see AMBIGUITIES and out/before_doge_fix/)."
A-DOGE-15m-P1,A,DOGE,15m,P1,level_before_lock,mean ROE(level_before_lock=0) - mean ROE(=1) > 0,2165,6734,-0.04700418839249183,-0.040044137855075886,-0.006960050537415947,0.8235882058970515,ok,153,0,1553,5614,-0.038906963459328446,-0.04893682042442602,0.010029856965097575,0.1024487756121939,ok,118,0,1060,2734,-0.024497149746688995,-0.035809284835119234,0.01131213508843024,0.12843578210894552,ok,79,0,0.8235882058970515,175,0.059931506849315065,1.0,False,False,opposite sign,False,False,0.004911256281185487,0.027486256871564217,0.0060630600800246,0.014492753623188406,0.002938393600669227,0.14592703648175911,False,,"DOGE = doge_join(DOGE_L, DOGE_S): long and short (the first run traded the short rule as long; see AMBIGUITIES and out/before_doge_fix/)."
A-DOGE-15m-P2,A,DOGE,15m,P2,support_before_stop,mean ROE(support_before_stop=1) - mean ROE(=0) > 0,430,8469,-0.028617568886618844,-0.042403558574162205,-0.013785989687543361,0.8360819590204898,ok,153,0,385,6782,-0.03304122611844161,-0.047542458280664224,-0.014501232162222613,0.8200899550224887,ok,118,0,212,3582,-0.0552131356985002,-0.03131333855461314,0.023899797143887055,0.18790604697651175,ok,79,0,0.8360819590204898,178,0.06095890410958904,1.0,False,False,opposite sign,False,False,-0.006374088600387108,0.9335332333833083,-0.006360124064185027,0.9625187406296851,-0.006973893362901055,0.9365317341329336,False,,"DOGE = doge_join(DOGE_L, DOGE_S): long and short (the first run traded the short rule as long; see AMBIGUITIES and out/before_doge_fix/)."
A-DOGE-30m-P1,A,DOGE,30m,P1,level_before_lock,mean ROE(level_before_lock=0) - mean ROE(=1) > 0,1306,3953,-0.027739060515129726,-0.03595184136840642,0.008212780853276695,0.19490254872563717,ok,153,0,1019,3334,-0.038005143018090694,-0.04021074278412029,0.0022055997660295965,0.42628685657171417,ok,118,0,557,1442,-0.020167891874398342,-0.04740346748444519,0.027235575610046848,0.06496751624187906,ok,78,0,0.19490254872563717,54,0.018493150684931507,1.0,False,False,same sign,False,False,0.006392407706024929,0.005997001499250375,0.0038315675660511653,0.08295852073963018,0.003279231456400196,0.14492753623188406,True,,"DOGE = doge_join(DOGE_L, DOGE_S): long and short (the first run traded the short rule as long; see AMBIGUITIES and out/before_doge_fix/)."
A-DOGE-30m-P2,A,DOGE,30m,P2,support_before_stop,mean ROE(support_before_stop=1) - mean ROE(=0) > 0,248,5011,-0.020274102352544354,-0.034587280897752745,-0.014313178545208392,0.7656171914042978,ok,153,0,219,4134,-0.043629102506785054,-0.0394859902585161,0.004143112248268951,0.4197901049475262,ok,118,0,111,1888,0.006979166908889725,-0.04256567977409779,-0.04954484668298751,0.9495252373813093,ok,78,0,0.7656171914042978,162,0.055479452054794515,1.0,False,False,same sign,False,False,-0.0077237766787609935,0.912543728135932,-0.003549931218451187,0.7711144427786107,-0.021233245435676753,0.9975012493753124,False,,"DOGE = doge_join(DOGE_L, DOGE_S): long and short (the first run traded the short rule as long; see AMBIGUITIES and out/before_doge_fix/)."
A-DOGE-1h-P1,A,DOGE,1h,P1,level_before_lock,mean ROE(level_before_lock=0) - mean ROE(=1) > 0,578,1563,-0.026021904206384217,-0.021183767799095622,-0.004838136407288595,0.6036981509245377,ok,152,0,518,1572,-0.02083498579510602,-0.0208129265369466,-2.205925815941881e-05,0.4987506246876562,ok,118,0,212,505,-0.02964185926869637,-0.0007584161893683996,-0.02888344307932797,0.8640679660169915,ok,71,0,0.6036981509245377,132,0.045205479452054796,1.0,False,False,same sign,False,False,0.0025422404382843614,0.22588705647176413,0.00035428679975390426,0.45577211394302847,-0.004255128398775617,0.7986006996501749,False,,"DOGE = doge_join(DOGE_L, DOGE_S): long and short (the first run traded the short rule as long; see AMBIGUITIES and out/before_doge_fix/)."
A-DOGE-1h-P2,A,DOGE,1h,P2,support_before_stop,mean ROE(support_before_stop=1) - mean ROE(=0) > 0,85,2056,0.04668500203978238,-0.025349764044094385,-0.07203476608387677,0.9500249875062469,ok,152,0,78,2012,0.018929614150316146,-0.02235932060719167,-0.04128893475750782,0.8915542228885557,ok,118,0,46,671,0.019356327400147384,-0.011262988675113939,-0.030619316075261322,0.7166416791604198,ok,71,0,0.9500249875062469,212,0.0726027397260274,1.0,False,False,same sign,False,False,-0.0031991345155540224,0.6496751624187906,0.0037316983755128832,0.30334832583708143,-0.011984901695248459,0.8440779610194903,False,,"DOGE = doge_join(DOGE_L, DOGE_S): long and short (the first run traded the short rule as long; see AMBIGUITIES and out/before_doge_fix/)."
