strategy,tf,n_signals_p1,n_sized_p1,n_trades_p1,n_open_excluded_p1,n_unsized_p1,mean_roe_p1,share_tl_break_now_p1,share_tl_against_p1,share_tl_support_p1,share_tl_aligned_p1,share_live_ahead_p1,share_live_behind_p1,share_lock_reached_p1,share_long_p1,mean_tl_ahead_p1,mean_tl_behind_p1,n_signals_p2,n_sized_p2,n_trades_p2,n_open_excluded_p2,n_unsized_p2,mean_roe_p2,share_tl_break_now_p2,share_tl_against_p2,share_tl_support_p2,share_tl_aligned_p2,share_live_ahead_p2,share_live_behind_p2,share_lock_reached_p2,share_long_p2,mean_tl_ahead_p2,mean_tl_behind_p2,n_signals_p3,n_sized_p3,n_trades_p3,n_open_excluded_p3,n_unsized_p3,mean_roe_p3,share_tl_break_now_p3,share_tl_against_p3,share_tl_support_p3,share_tl_aligned_p3,share_live_ahead_p3,share_live_behind_p3,share_lock_reached_p3,share_long_p3,mean_tl_ahead_p3,mean_tl_behind_p3,tested,not_tested_reason,T1_n0_p1,T1_n1_p1,T1_mean0_p1,T1_mean1_p1,T1_diff_p1,T1_p_p1,T1_status_p1,T1_weeks_p1,T1_undefined_resamples_p1,random_T1_diff_p1,random_T1_p_p1,T1_n0_p2,T1_n1_p2,T1_mean0_p2,T1_mean1_p2,T1_diff_p2,T1_p_p2,T1_status_p2,T1_weeks_p2,T1_undefined_resamples_p2,random_T1_diff_p2,random_T1_p_p2,T1_n0_p3,T1_n1_p3,T1_mean0_p3,T1_mean1_p3,T1_diff_p3,T1_p_p3,T1_status_p3,T1_weeks_p3,T1_undefined_resamples_p3,random_T1_diff_p3,random_T1_p_p3,T2_n0_p1,T2_n1_p1,T2_mean0_p1,T2_mean1_p1,T2_diff_p1,T2_p_p1,T2_status_p1,T2_weeks_p1,T2_undefined_resamples_p1,random_T2_diff_p1,random_T2_p_p1,T2_n0_p2,T2_n1_p2,T2_mean0_p2,T2_mean1_p2,T2_diff_p2,T2_p_p2,T2_status_p2,T2_weeks_p2,T2_undefined_resamples_p2,random_T2_diff_p2,random_T2_p_p2,T2_n0_p3,T2_n1_p3,T2_mean0_p3,T2_mean1_p3,T2_diff_p3,T2_p_p3,T2_status_p3,T2_weeks_p3,T2_undefined_resamples_p3,random_T2_diff_p3,random_T2_p_p3,T3_n0_p1,T3_n1_p1,T3_mean0_p1,T3_mean1_p1,T3_diff_p1,T3_p_p1,T3_status_p1,T3_weeks_p1,T3_undefined_resamples_p1,random_T3_diff_p1,random_T3_p_p1,T3_n0_p2,T3_n1_p2,T3_mean0_p2,T3_mean1_p2,T3_diff_p2,T3_p_p2,T3_status_p2,T3_weeks_p2,T3_undefined_resamples_p2,random_T3_diff_p2,random_T3_p_p2,T3_n0_p3,T3_n1_p3,T3_mean0_p3,T3_mean1_p3,T3_diff_p3,T3_p_p3,T3_status_p3,T3_weeks_p3,T3_undefined_resamples_p3,random_T3_diff_p3,random_T3_p_p3,T4_n0_p1,T4_n1_p1,T4_mean0_p1,T4_mean1_p1,T4_diff_p1,T4_p_p1,T4_status_p1,T4_weeks_p1,T4_undefined_resamples_p1,random_T4_diff_p1,random_T4_p_p1,T4_n0_p2,T4_n1_p2,T4_mean0_p2,T4_mean1_p2,T4_diff_p2,T4_p_p2,T4_status_p2,T4_weeks_p2,T4_undefined_resamples_p2,random_T4_diff_p2,random_T4_p_p2,T4_n0_p3,T4_n1_p3,T4_mean0_p3,T4_mean1_p3,T4_diff_p3,T4_p_p3,T4_status_p3,T4_weeks_p3,T4_undefined_resamples_p3,random_T4_diff_p3,random_T4_p_p3,T1_p_for_bh,T1_bh_rank,T1_bh_qvalue,T1_pass_p1_bh,T1_pass_p2,T1_verdict_p3,T1_pass_p3,T1_candidate,T1_random_same_effect_p1,T2_p_for_bh,T2_bh_rank,T2_bh_qvalue,T2_pass_p1_bh,T2_pass_p2,T2_verdict_p3,T2_pass_p3,T2_candidate,T2_random_same_effect_p1,T3_p_for_bh,T3_bh_rank,T3_bh_qvalue,T3_pass_p1_bh,T3_pass_p2,T3_verdict_p3,T3_pass_p3,T3_candidate,T3_random_same_effect_p1,T4_p_for_bh,T4_bh_rank,T4_bh_qvalue,T4_pass_p1_bh,T4_pass_p2,T4_verdict_p3,T4_pass_p3,T4_candidate,T4_random_same_effect_p1
S2_ST_ROC,5m,158470,157870,157870,0,600,-0.06158567437791977,0.09728890859567998,0.41373281814150886,0.4161145246088554,0.3217394058402483,0.549870146322924,0.7044530309748527,0.5328561474631025,0.47937543548489264,5.267626393545169,4.453311869024829,119435,119274,119269,5,161,-0.05972157170085233,0.09630331435662243,0.41446645817437894,0.39625552322900337,0.33072298753238477,0.5378178738817295,0.6958891245839237,0.5260964710025237,0.48676521141285667,5.341770787944566,4.589140429207577,71439,69743,69743,0,1696,-0.050883743499934034,0.09896333682233342,0.4214759904219778,0.4311830577979152,0.32525127969832096,0.5503348006251524,0.7115839582467057,0.5898799879557806,0.5035774199561246,5.242349072360229,4.375998674168234,True,,142511,15359,-0.061497748691793815,-0.06240150727429963,-0.000903758582505812,0.661033896610339,ok,153,0,0.00836954395252082,0.012198780121987801,107783,11486,-0.05973765066369865,-0.05957068898689941,0.0001669616767992349,0.47476261869065467,ok,118,0,0.004436218625326012,0.07946026986506746,62841,6902,-0.0506567897729351,-0.052950100955503496,-0.002293311182568397,0.7396301849075462,ok,79,0,0.004301800877892274,0.16041979010494753,92554,65316,-0.06335354934774434,-0.05908056230802662,-0.004272987039717721,0.9939006099390061,ok,153,0,-0.0007123199287216789,0.6946305369463054,69836,49433,-0.06139238555925998,-0.0573611453335318,-0.004031240225728178,0.9955022488755623,ok,118,0,0.0015940120337237865,0.15942028985507245,40348,29395,-0.05306854816843303,-0.04788484917217091,-0.005183698996262122,0.9835082458770614,ok,79,0,-0.0014143883825449982,0.7521239380309845,92178,65692,-0.06038491491183051,-0.06327056151889854,-0.0028856466070680264,0.9779022097790221,ok,153,0,-0.007693024883948532,1.0,72008,47261,-0.058243655508067343,-0.06197336047404926,-0.00372970496598192,0.9825087456271864,ok,118,0,-0.006550808808283487,1.0,39671,30072,-0.04829107661885612,-0.05430399116684153,-0.006012914547985408,0.9880059970014993,ok,79,0,-0.005758733441308124,1.0,107077,50793,-0.060556487719661024,-0.06375530837879337,-0.003198820659132344,0.9748025197480252,ok,153,0,-0.0026331704968014513,0.9308069193080692,79824,39445,-0.05833091981884852,-0.06253580407071094,-0.004204884251862419,0.9950024987506247,ok,118,0,-0.001433308801111234,0.7546226886556722,47059,22684,-0.05043058593889125,-0.05182383967631882,-0.0013932537374275675,0.7226386806596702,ok,79,0,0.002003895635624149,0.22588705647176413,0.661033896610339,251.0,1.0,False,False,same sign,False,False,False,0.9939006099390061,534.0,1.0,False,False,same sign,False,False,False,0.9779022097790221,504.0,1.0,False,False,same sign,False,False,False,0.9748025197480252,499.0,1.0,False,False,same sign,False,False,False
S2_ST_ROC,15m,53645,52319,52319,0,1326,-0.0429557602379425,0.09828169498652498,0.41743917123798235,0.42837210191326286,0.31837382212962784,0.5538332154666564,0.708480666679409,0.6443739368107189,0.4799785928630134,5.232405887413149,4.412754330658332,40815,40409,40397,12,406,-0.050262615499299335,0.0953783696809169,0.4243384409733396,0.41277817659727206,0.32356363096269525,0.5425402876451222,0.696413099982672,0.6224967200534693,0.47924350818130057,5.286797301526972,4.5443890587615074,23936,21441,21441,0,2495,-0.04165619418249998,0.0948649783125787,0.4318362016696982,0.42903782472832425,0.3137446947437153,0.5642927102280677,0.7112541392658924,0.6556597173639289,0.5122895387342008,5.126494298392974,4.385789599194937,True,,47177,5142,-0.04330308332496575,-0.03976912832886135,0.0035339549961043992,0.17018298170182983,ok,153,0,-0.003675485143668736,0.797020297970203,36544,3853,-0.050443396587635025,-0.04854798687429554,0.0018954097133394854,0.3493253373313343,ok,118,0,0.005481012561843315,0.10844577711144428,19407,2034,-0.042014496353805435,-0.03823752641528021,0.003776969938525228,0.2848575712143928,ok,79,0,-0.0022732292771020166,0.6786606696651675,30479,21840,-0.044518231360784435,-0.040775240212617456,-0.0037429911481669798,0.8898110188981102,ok,153,0,-0.0012550968457476636,0.7264273572642735,23255,17142,-0.051917374331031926,-0.04801775395269209,-0.003899620378339838,0.879560219890055,ok,118,0,0.000821909740268599,0.33983008495752126,12182,9259,-0.04286890126729039,-0.04006064415475218,-0.0028082571125382094,0.7246376811594203,ok,79,0,-0.003685220480004109,0.9070464767616192,29907,22412,-0.04036881944786751,-0.04640782333845889,-0.0060390038905913795,0.9775022497750225,ok,153,0,-0.005717367485754431,0.9991000899910009,23722,16675,-0.048676801196319834,-0.05251860871640753,-0.0038418075200876978,0.8655672163918041,ok,118,0,-0.002554758040639607,0.9035482258870565,12242,9199,-0.036573587117789526,-0.04842011153071015,-0.011846524412920625,0.9970014992503748,ok,79,0,-0.009875791482492936,1.0,35662,16657,-0.04245608241017789,-0.04402555135841689,-0.0015694689482389987,0.6981301869813019,ok,153,0,-0.0011924111678235164,0.690930906909309,27326,13071,-0.04985910322910822,-0.05110619107081199,-0.00124708784170377,0.6401799100449775,ok,118,0,0.0034591709205078966,0.08995502248875563,14714,6727,-0.040235629574406934,-0.04476340209739236,-0.004527772522985425,0.8335832083958021,ok,79,0,-0.0016105893487045678,0.670664667666167,0.17018298170182983,46.0,1.0,False,False,same sign,False,False,False,0.8898110188981102,396.0,1.0,False,False,same sign,False,False,False,0.9775022497750225,503.0,1.0,False,False,same sign,False,False,False,0.6981301869813019,273.0,1.0,False,False,same sign,False,False,False
S2_ST_ROC,30m,27327,25187,25187,0,2140,-0.043565874561010236,0.09798705681502362,0.4345495692222178,0.4380037320840116,0.30535593758685037,0.571683805137571,0.713900027792115,0.6755072060983841,0.4853297335927264,5.0854454243088485,4.363932103006276,20343,19545,19540,5,798,-0.04200928096322008,0.09570112589559877,0.4262026612077789,0.41898669396110544,0.3146878198567042,0.5524564994882293,0.6948822927328557,0.670777891504606,0.4794779938587513,5.228789497453598,4.55077464032806,12002,9168,9168,0,2834,-0.032011049801631566,0.09707678883071554,0.4512434554973822,0.4481893542757417,0.30715532286212915,0.5815881326352531,0.7222949389179756,0.7004799301919721,0.5214877835951134,4.958950198557897,4.262820714702416,True,,22719,2468,-0.04348406266191915,-0.044318988230155405,-0.0008349255682362569,0.5476452354764524,ok,153,0,-0.003570345589543271,0.7687231276872313,17670,1870,-0.043428994989461595,-0.028594122223280217,0.014834872766181378,0.019490254872563718,ok,118,0,0.0008522018568336842,0.43728135932033985,8278,890,-0.03117248409283546,-0.03981065310209685,-0.008638169009261395,0.7681159420289855,ok,79,0,-0.0026254732972140343,0.6736631684157921,14242,10945,-0.048006529472364244,-0.03778754589518073,-0.010218983577183517,0.98000199980002,ok,153,0,-0.002831084022318693,0.8818118188181182,11212,8328,-0.04302236397404414,-0.04064536565133736,-0.002376998322706776,0.6701649175412294,ok,118,0,0.0003744942066420953,0.4482758620689655,5031,4137,-0.03609933442320218,-0.027039292506218997,-0.009060041916983182,0.8920539730134932,ok,79,0,-0.0036108595968234493,0.8085957021489255,14155,11032,-0.03720466356762611,-0.05172785258959546,-0.014523189021969349,0.9995000499950005,ok,153,0,-0.009310909942225075,1.0,11353,8187,-0.03736342390517147,-0.0484517403720421,-0.011088316466870626,0.9880059970014993,ok,118,0,-0.0052274191520622695,0.984007996001999,5059,4109,-0.026623890554653255,-0.038643719217660584,-0.01201982866300733,0.9535232383808095,ok,79,0,-0.013903275165194521,1.0,17496,7691,-0.04170722778356511,-0.04779404827290464,-0.006086820489339534,0.8825117488251175,ok,153,0,-0.0003041847950933374,0.5295470452954705,13391,6149,-0.04117075065608862,-0.04383539241919624,-0.002664641763107621,0.7331334332833583,ok,118,0,-0.0036076435737334572,0.8490754622688655,6352,2816,-0.03128049340615972,-0.03365895258005383,-0.002378459173894107,0.6256871564217891,ok,79,0,0.007091831958621751,0.05847076461769116,0.5476452354764524,179.0,1.0,False,False,same sign,False,False,False,0.98000199980002,507.0,1.0,False,False,same sign,False,False,False,0.9995000499950005,561.0,1.0,False,False,same sign,False,False,False,0.8825117488251175,393.0,1.0,False,False,same sign,False,False,False
S2_ST_ROC,1h,13449,10412,10412,0,3037,-0.040760100457026646,0.099212447176335,0.4409335382251249,0.4435266999615828,0.2966769112562428,0.5881674990395698,0.721187091817134,0.7087975412985017,0.46513638109873223,4.951322802101638,4.282884291486803,9812,8486,8484,2,1326,-0.027843235640012492,0.09818481848184818,0.4293965110796794,0.42786421499292787,0.31235266383781235,0.5668316831683168,0.7057991513437057,0.7146393210749646,0.5012965582272513,5.1237232854830275,4.457639639209916,5864,3225,3225,0,2639,-0.031205137175601864,0.10418604651162791,0.4551937984496124,0.47255813953488374,0.3063565891472868,0.5928682170542635,0.7435658914728682,0.7286821705426356,0.49643410852713177,4.885168699492305,4.049394338645097,True,,9379,1033,-0.040083021599834255,-0.046907556992948574,-0.0068245353931143185,0.7492250774922508,ok,152,0,-2.2872152655596667e-05,0.49235076492350766,7651,833,-0.026906791680530562,-0.036444355368699465,-0.009537563688168903,0.7951024487756122,ok,118,0,0.00019647779660535852,0.49225387306346824,2889,336,-0.03153099311929505,-0.028403357945454153,0.0031276351738409,0.42528735632183906,ok,73,0,0.01282193987355051,0.0864567716141929,5821,4591,-0.04631723302077492,-0.03371412601712711,-0.012603107003647813,0.9462053794620537,ok,152,0,-0.005425145065476061,0.942905709429057,4841,3643,-0.02792346374841735,-0.027736624530271092,-0.00018683921814625915,0.512743628185907,ok,118,0,-0.002573702928874752,0.743128435782109,1757,1468,-0.03295806960434768,-0.02910711110114245,-0.0038509585032052325,0.616191904047976,ok,73,0,-0.0072832704579966,0.8845577211394303,5794,4618,-0.03741570463992074,-0.0449561657156476,-0.007540461075726861,0.8625137486251375,ok,152,0,-0.014270772502148057,0.9999000099990001,4854,3630,-0.028702272254891935,-0.026694540397967093,0.0020077318569248423,0.3938030984507746,ok,118,0,-0.0044232409809856,0.8775612193903048,1701,1524,-0.024085350866986276,-0.03915182779958815,-0.015066476932601876,0.9065467266366817,ok,73,0,-0.015653490876620692,0.9975012493753124,7323,3089,-0.0401187354763393,-0.04228056525261533,-0.0021618297762760336,0.6241375862413758,ok,152,0,0.0002853677641235508,0.46715328467153283,5834,2650,-0.029267382926590146,-0.024707961953260024,0.004559420973330123,0.30134932533733133,ok,118,0,0.00843320354393461,0.06696651674162919,2237,988,-0.028410794364102758,-0.03753200445224507,-0.00912121008814231,0.7701149425287356,ok,73,0,0.004264030689985137,0.30184907546226886,0.7492250774922508,308.0,1.0,False,False,opposite sign,False,False,False,0.9462053794620537,464.0,1.0,False,False,same sign,False,False,False,0.8625137486251375,377.0,1.0,False,False,same sign,False,False,False,0.6241375862413758,227.0,1.0,False,False,same sign,False,False,False
S2_ST_ROC,4h,3279,665,665,0,2614,-0.0013164270781082742,0.09774436090225563,0.49624060150375937,0.48721804511278194,0.2887218045112782,0.6120300751879699,0.718796992481203,0.7834586466165413,0.5022556390977444,4.659850940354201,4.149828979025237,2446,622,620,2,1824,-0.014444552055160926,0.08387096774193549,0.4838709677419355,0.4483870967741935,0.25967741935483873,0.6564516129032258,0.7354838709677419,0.7516129032258064,0.5258064516129032,4.363173900231506,4.169692816468882,1373,119,119,0,1254,-0.0165727278614156,0.04201680672268908,0.453781512605042,0.5378151260504201,0.29411764705882354,0.6386554621848739,0.7815126050420168,0.7478991596638656,0.5714285714285714,4.467509471148703,3.5970579037776567,True,,600,65,-0.00407283897191688,0.02412737501858666,0.02820021399050354,0.2725727427257274,ok,88,0,0.04703444451306357,0.0072992700729927005,568,52,-0.015912407548410043,0.0015889464095602023,0.017501353957970246,0.3733133433283358,ok,101,0,0.014991111438641243,0.2683658170914543,114,5,-0.015519060682645316,-0.04059633953737804,-0.025077278854732724,,insufficient,24,0,0.05536243173724527,0.1889055472263868,335,330,-0.01296981980769839,0.010513532207990792,-0.02348335201568918,0.7581241875812419,ok,88,0,-0.024390134225092477,0.9807019298070193,320,300,0.004291281190998787,-0.03442944085106463,0.038720722042063414,0.13043478260869565,ok,101,0,-0.0010329562174446888,0.519240379810095,65,54,-0.07527223025342544,0.05408408057341104,-0.1293563108268365,0.9250374812593704,ok,24,0,-0.06230229427764466,0.984007996001999,341,324,0.008666300418196307,-0.011822939659095482,-0.02048924007729179,0.7934206579342066,ok,88,0,-0.014563771371511817,0.8672132786721328,342,278,-0.030702714006218098,0.005556496100456174,0.036259210106674274,0.09795102448775612,ok,101,0,0.019767494907698503,0.06196901549225387,55,64,-0.03461778541259003,-0.0010652565283750847,0.03355252888421494,0.32033983008495753,ok,24,0,-0.031677646497275155,0.8195902048975512,473,192,0.009482589519505213,-0.02792025442535399,-0.0374028439448592,0.8469153084691531,ok,88,0,0.007054819513451709,0.34236576342365765,459,161,-0.02300175824638257,0.009951458142172832,0.032953216388555404,0.14942528735632185,ok,101,0,0.009855254567121535,0.3493253373313343,84,35,-0.01777511372379262,-0.013687001791710784,0.004088111932081837,0.4942528735632184,ok,24,0,0.003913320455397971,0.4497751124437781,0.2725727427257274,78.0,1.0,False,False,no data,False,False,True,0.7581241875812419,314.0,1.0,False,False,same sign,False,False,False,0.7934206579342066,331.0,1.0,False,False,opposite sign,False,False,False,0.8469153084691531,366.0,1.0,False,False,opposite sign,False,False,False
S5_DONCHIAN_MFI,5m,3189,3181,3181,0,8,-0.0683335784413,0.49984281672430053,0.06884627475636593,0.03520905375668029,0.5551713297705124,0.07701980509273813,0.6020119459289531,0.5196479094624332,0.5413392015089594,9.28603601498137,6.172066938939163,2710,2707,2707,0,3,-0.07282253521162942,0.4661987439970447,0.07351311414850388,0.03398596231991134,0.5515330624307351,0.08681196896933875,0.6021425932766901,0.49685999261174735,0.5515330624307351,9.21097722195014,6.157502830832396,1452,1430,1430,0,22,-0.04721534776457543,0.486013986013986,0.062237762237762236,0.03566433566433566,0.5286713286713287,0.06503496503496503,0.5636363636363636,0.5916083916083916,0.5832167832167832,9.383345307236082,6.363275472552032,True,,1591,1590,-0.061116964758280275,-0.07555473087506376,-0.014437766116783483,0.933006699330067,ok,153,0,0.00836954395252082,0.012198780121987801,1445,1262,-0.07280059837235775,-0.07284765306642148,-4.7054694063727864e-05,0.49325337331334335,ok,118,0,0.004436218625326012,0.07946026986506746,735,695,-0.05527020043222033,-0.03869690645418838,0.01657329397803195,0.12443778110944528,ok,79,0,0.004301800877892274,0.16041979010494753,2962,219,-0.06780144461223377,-0.0755307492252916,0.007729304613057833,0.32726727327267274,ok,153,0,-0.0007123199287216789,0.6946305369463054,2508,199,-0.07143819449943736,-0.09026940207684359,0.018831207577406223,0.15642178910544727,ok,118,0,0.0015940120337237865,0.15942028985507245,1341,89,-0.049310863645247636,-0.015641338820964124,-0.03366952482428351,0.8535732133933034,ok,79,0,-0.0014143883825449982,0.7521239380309845,3069,112,-0.06729802335598674,-0.0967096369843926,-0.029411613628405858,0.924007599240076,ok,153,0,-0.007693024883948532,1.0,2615,92,-0.07343577960627477,-0.055391729863828995,0.018044049742445778,0.2433783108445777,ok,118,0,-0.006550808808283487,1.0,1379,51,-0.0473836018544144,-0.04266588913932202,0.00471771271509238,0.4367816091954023,ok,79,0,-0.005758733441308124,1.0,1415,1766,-0.0714936098466734,-0.06580161669803647,0.0056919931486369285,0.2502749725027497,ok,153,0,-0.0026331704968014513,0.9308069193080692,1214,1493,-0.0747721697696405,-0.07123723289855141,0.003534936871089092,0.36731634182908546,ok,118,0,-0.001433308801111234,0.7546226886556722,674,756,-0.04466574362189225,-0.04948840754257605,-0.004822663920683805,0.6316841579210395,ok,79,0,0.002003895635624149,0.22588705647176413,0.933006699330067,447.0,1.0,False,False,opposite sign,False,False,False,0.32726727327267274,96.0,1.0,False,False,opposite sign,False,False,False,0.924007599240076,431.0,1.0,False,False,opposite sign,False,False,False,0.2502749725027497,72.0,1.0,False,False,opposite sign,False,False,False
S5_DONCHIAN_MFI,15m,982,955,955,0,27,-0.05463198263762189,0.5486910994764398,0.0743455497382199,0.03664921465968586,0.49947643979057593,0.08376963350785341,0.5539267015706806,0.650261780104712,0.5403141361256545,9.224319290593678,6.448597066561043,782,778,777,1,4,-0.049131896613787356,0.48133848133848134,0.07464607464607464,0.04118404118404118,0.4942084942084942,0.09009009009009009,0.5341055341055341,0.6537966537966537,0.5096525096525096,9.175665339665398,6.562675568003035,448,398,398,0,50,-0.03248522544892428,0.5,0.05025125628140704,0.04773869346733668,0.5527638190954773,0.05778894472361809,0.5904522613065326,0.6482412060301508,0.5979899497487438,9.464413287065966,6.156057125440842,True,,431,524,-0.04369230736617107,-0.06363007432081903,-0.01993776695464796,0.8627137286271372,ok,150,0,-0.003675485143668736,0.797020297970203,403,374,-0.047640467039272896,-0.05073897179702086,-0.0030985047577479635,0.5627186406796602,ok,116,0,0.005481012561843315,0.10844577711144428,199,199,-0.024067378212674004,-0.04090307268517456,-0.016835694472500558,0.7561219390304847,ok,74,0,-0.0022732292771020166,0.6786606696651675,884,71,-0.0545928694334374,-0.05511896957422861,0.0005261001407912136,0.5034496550344966,ok,150,0,-0.0012550968457476636,0.7264273572642735,719,58,-0.04892982035542771,-0.05163694540276307,0.0027071250473353625,0.4702648675662169,ok,116,0,0.000821909740268599,0.33983008495752126,378,20,-0.0320233775707894,-0.041214150345673474,0.009190772774884073,,insufficient,74,0,-0.003685220480004109,0.9070464767616192,920,35,-0.051866905673132714,-0.12731400570419454,-0.07544710003106184,0.961003899610039,ok,150,0,-0.005717367485754431,0.9991000899910009,745,32,-0.052616992477215324,0.03200549145664523,0.08462248393386056,0.08895552223888056,ok,116,0,-0.002554758040639607,0.9035482258870565,379,19,-0.03356876461150803,-0.010871470574227195,0.022697294037280838,,insufficient,74,0,-0.009875791482492936,1.0,478,477,-0.05813739040477958,-0.05111922600722067,0.00701816439755891,0.3621637836216378,ok,150,0,-0.0011924111678235164,0.690930906909309,393,384,-0.06406324300569279,-0.03385059679082165,0.030212646214871137,0.06646676661669165,ok,116,0,0.0034591709205078966,0.08995502248875563,178,220,-0.03377283650396732,-0.031443431049844,0.002329405454123322,0.4547726136931534,ok,74,0,-0.0016105893487045678,0.670664667666167,0.8627137286271372,378.0,1.0,False,False,same sign,False,False,False,0.5034496550344966,164.0,1.0,False,False,no data,False,False,False,0.961003899610039,481.0,1.0,False,False,no data,False,False,False,0.3621637836216378,111.0,1.0,False,False,same sign,False,False,False
S5_DONCHIAN_MFI,30m,518,474,474,0,44,-0.05527894915077493,0.5485232067510548,0.09071729957805907,0.03164556962025317,0.47468354430379744,0.10548523206751055,0.5337552742616034,0.6835443037974683,0.5274261603375527,9.021297781549805,6.630411283808912,423,407,407,0,16,-0.028009003302726935,0.5454545454545454,0.0687960687960688,0.0171990171990172,0.4987714987714988,0.07616707616707617,0.5282555282555282,0.6683046683046683,0.48157248157248156,9.284188963817963,6.645893088166359,192,145,145,0,47,-0.06400337396928624,0.5586206896551724,0.04827586206896552,0.020689655172413793,0.5655172413793104,0.06206896551724138,0.6068965517241379,0.6689655172413793,0.593103448275862,9.423996837397288,6.124789796908331,True,,214,260,-0.0664175744318531,-0.04611100372711826,0.020306570704734843,0.23717628237176283,ok,145,0,-0.003570345589543271,0.7687231276872313,185,222,-0.051418209479510237,-0.008501331488740846,0.04291687799076939,0.11344327836081959,ok,112,0,0.0008522018568336842,0.43728135932033985,64,81,-0.09358425153796116,-0.04063082872983934,0.05295342280812181,0.10294852573713144,ok,58,0,-0.0026254732972140343,0.6736631684157921,431,43,-0.05484091558538485,-0.05966947163177773,0.00482855604639288,0.4644535546445355,ok,145,0,-0.002831084022318693,0.8818118188181182,379,28,-0.025419841960378175,-0.06305515147237624,0.03763530951199806,,insufficient,112,0,0.0003744942066420953,0.4482758620689655,138,7,-0.0662391702454955,-0.01992624738116035,-0.04631292286433515,,insufficient,58,0,-0.0036108595968234493,0.8085957021489255,459,15,-0.056469629311843315,-0.018844136222082097,0.03762549308976122,,insufficient,145,0,-0.009310909942225075,1.0,400,7,-0.028300830805455198,-0.011333146003968841,0.016967684801486357,,insufficient,112,0,-0.0052274191520622695,0.984007996001999,142,3,-0.06408681188988316,-0.06005397906103058,0.004032832828852584,,insufficient,58,0,-0.013903275165194521,1.0,249,225,-0.06595690820476875,-0.04346200779768844,0.022494900407080312,0.19858014198580143,ok,145,0,-0.0003041847950933374,0.5295470452954705,204,203,-0.04763887695203992,-0.008282430768441948,0.03935644618359797,0.10794602698650675,ok,112,0,-0.0036076435737334572,0.8490754622688655,63,82,-0.0310978144657342,-0.08928447456347864,-0.05818666009774444,0.9580209895052474,ok,58,0,0.007091831958621751,0.05847076461769116,0.23717628237176283,65.0,1.0,False,False,same sign,False,False,False,0.4644535546445355,151.0,1.0,False,False,no data,False,False,False,1.0,568.0,1.0,False,False,no data,False,False,False,0.19858014198580143,55.0,1.0,False,False,opposite sign,False,False,False
S5_DONCHIAN_MFI,1h,257,196,196,0,61,-0.03640112497714746,0.5561224489795918,0.061224489795918366,0.030612244897959183,0.5918367346938775,0.0663265306122449,0.6326530612244898,0.7448979591836735,0.5255102040816326,9.375350510603267,5.991252886974406,199,164,164,0,35,-0.04762045204395706,0.5182926829268293,0.10975609756097561,0.024390243902439025,0.4695121951219512,0.12195121951219512,0.5426829268292683,0.7134146341463414,0.5487804878048781,8.878094827580366,6.499742685819208,85,51,51,0,34,0.010741128125828276,0.6862745098039216,0.058823529411764705,0.0196078431372549,0.6274509803921569,0.058823529411764705,0.6666666666666666,0.7647058823529411,0.6666666666666666,9.42515776842266,5.833949482157752,False,period-1 signals 257 < 300,87,109,0.0007976588294237569,-0.06609189737321808,-0.06688955620264184,0.9428057194280572,ok,104,0,-2.2872152655596667e-05,0.49235076492350766,79,85,-0.08485397200522436,-0.013015180550543919,0.07183879145468045,0.054972513743128434,ok,79,0,0.00019647779660535852,0.49225387306346824,16,35,0.06922767671459272,-0.01599557980046403,-0.08522325651505674,,insufficient,29,0,0.01282193987355051,0.0864567716141929,184,12,-0.04368356000954231,0.07526287885290683,-0.11894643886244914,,insufficient,104,0,-0.005425145065476061,0.942905709429057,146,18,-0.04412307249318239,-0.07598808617801825,0.03186501368483586,,insufficient,79,0,-0.002573702928874752,0.743128435782109,48,3,0.0009238422663349968,0.1678177018777206,-0.16689385961138561,,insufficient,29,0,-0.0072832704579966,0.8845577211394303,190,6,-0.029887999832601205,-0.242650087887779,-0.2127620880551778,,insufficient,104,0,-0.014270772502148057,0.9999000099990001,160,4,-0.050879924370848185,0.08275844103168775,0.13363836540253593,,insufficient,79,0,-0.0044232409809856,0.8775612193903048,50,1,0.018376220378734865,-0.3710134845195019,-0.38938970489823677,,insufficient,29,0,-0.015653490876620692,0.9975012493753124,80,116,0.004543812634032579,-0.06463901298485784,-0.06918282561889043,0.9406059394060594,ok,104,0,0.0002853677641235508,0.46715328467153283,87,77,-0.054357492472673435,-0.040008471299822976,0.01434902117285046,0.384807596201899,ok,79,0,0.00843320354393461,0.06696651674162919,19,32,-0.11787524431447967,0.08710709926226111,0.20498234357674078,,insufficient,29,0,0.004264030689985137,0.30184907546226886,,,,,,,,,,,,,,,,,,,,,,,,,,,,,,,,,,,,
S5_DONCHIAN_MFI,4h,52,9,9,0,43,0.17557870491902303,0.6666666666666666,0.0,0.0,0.6666666666666666,0.0,0.6666666666666666,0.8888888888888888,0.7777777777777778,10.0,5.517302133957653,38,11,11,0,27,-0.09544268451393177,0.45454545454545453,0.09090909090909091,0.0,0.5454545454545454,0.09090909090909091,0.6363636363636364,0.7272727272727273,0.7272727272727273,9.168232206419338,5.90756705626589,19,2,2,0,17,0.3681659363095012,0.5,0.0,0.0,1.0,0.0,1.0,1.0,0.5,10.0,3.2344343914164786,False,period-1 signals 52 < 300,3,6,0.3446117437770768,0.0910621854899961,-0.2535495582870807,,insufficient,9,0,0.04703444451306357,0.0072992700729927005,6,5,-0.006974756533193765,-0.20160419809081737,-0.1946294415576236,,insufficient,9,0,0.014991111438641243,0.2683658170914543,1,1,0.4828325584621561,0.25349931415684623,-0.22933324430530988,,insufficient,2,0,0.05536243173724527,0.1889055472263868,9,0,0.175578704919023,,,,insufficient,9,0,-0.024390134225092477,0.9807019298070193,10,1,-0.12510227303377286,0.20115320068447903,-0.3262554737182519,,insufficient,9,0,-0.0010329562174446888,0.519240379810095,2,0,0.3681659363095012,,,,insufficient,2,0,-0.06230229427764466,0.984007996001999,9,0,0.175578704919023,,,,insufficient,9,0,-0.014563771371511817,0.8672132786721328,11,0,-0.09544268451393179,,,,insufficient,9,0,0.019767494907698503,0.06196901549225387,2,0,0.3681659363095012,,,,insufficient,2,0,-0.031677646497275155,0.8195902048975512,3,6,0.12967989756108103,0.198528108597994,0.06884821103691297,,insufficient,9,0,0.007054819513451709,0.34236576342365765,5,6,-0.038068180098816407,-0.1432547715265279,-0.1051865914277115,,insufficient,9,0,0.009855254567121535,0.3493253373313343,0,2,,0.3681659363095012,,,insufficient,2,0,0.003913320455397971,0.4497751124437781,,,,,,,,,,,,,,,,,,,,,,,,,,,,,,,,,,,,
S6_EMA_DMI_ADX,5m,12489,12412,12412,0,77,-0.06420601782238046,0.17966484047695777,0.3115533354817918,0.12246213341927167,0.3186432484692233,0.44593941347083466,0.5355301321301966,0.5534160489848534,0.48557847244602,6.236194355974278,6.1751605166251125,10522,10500,10500,0,22,-0.06378265910905656,0.1560952380952381,0.2939047619047619,0.1039047619047619,0.29895238095238097,0.4501904761904762,0.5078095238095238,0.5368571428571428,0.4835238095238095,6.264388000336219,6.396661690783245,5778,5560,5560,0,218,-0.05479574466656993,0.17841726618705037,0.30485611510791366,0.1251798561151079,0.3158273381294964,0.43219424460431655,0.5169064748201438,0.6030575539568346,0.46618705035971225,6.361343262405249,6.2667193688730265,True,,10182,2230,-0.06402612920073343,-0.06502737474866295,-0.001001245547929519,0.5683431656834317,ok,153,0,0.00836954395252082,0.012198780121987801,8861,1639,-0.06458168777262309,-0.05946283422323414,0.005118853549388951,0.20939530234882558,ok,118,0,0.004436218625326012,0.07946026986506746,4568,992,-0.05312837283198301,-0.06247372303390169,-0.009345350201918678,0.8110944527736131,ok,79,0,0.004301800877892274,0.16041979010494753,8545,3867,-0.06916147462982833,-0.0532558294542289,-0.015905645175599427,0.9994000599940006,ok,153,0,-0.0007123199287216789,0.6946305369463054,7414,3086,-0.06466352197847454,-0.06166641889069463,-0.0029971030877799093,0.703648175912044,ok,118,0,0.0015940120337237865,0.15942028985507245,3865,1695,-0.06099028917315083,-0.040670721352153924,-0.020319567820996906,0.9835082458770614,ok,79,0,-0.0014143883825449982,0.7521239380309845,10892,1520,-0.06446587858321205,-0.06234391031778986,0.002121968265422193,0.3732626737326267,ok,153,0,-0.007693024883948532,1.0,9409,1091,-0.06261474197794656,-0.07385500767607207,-0.011240265698125515,0.9400299850074962,ok,118,0,-0.006550808808283487,1.0,4864,696,-0.056310312106244466,-0.04421118140999388,0.012099130696250585,0.11944027986006997,ok,79,0,-0.005758733441308124,1.0,8457,3955,-0.061260957492029845,-0.07050345782586342,-0.00924250033383358,0.9733026697330267,ok,153,0,-0.0026331704968014513,0.9308069193080692,7361,3139,-0.06221999193020448,-0.06744713604551088,-0.005227144115306399,0.8220889555222389,ok,118,0,-0.001433308801111234,0.7546226886556722,3804,1756,-0.047013123370205794,-0.0716551361309032,-0.024642012760697406,0.9995002498750625,ok,79,0,0.002003895635624149,0.22588705647176413,0.5683431656834317,192.0,1.0,False,False,same sign,False,False,False,0.9994000599940006,559.0,1.0,False,False,same sign,False,False,False,0.3732626737326267,118.0,1.0,False,False,same sign,False,False,False,0.9733026697330267,497.0,1.0,False,False,same sign,False,False,False
S6_EMA_DMI_ADX,15m,4985,4758,4758,0,227,-0.05065287814963305,0.1744430432955023,0.3135771332492644,0.13934426229508196,0.3266078184110971,0.4394703656998739,0.5498108448928121,0.6525851197982345,0.48003362757461115,6.272498746806816,6.050551510168278,4069,4008,4007,1,61,-0.04455637305853871,0.1609683054654355,0.32293486398802096,0.1275268280509109,0.3196905415522835,0.4591964062889943,0.5315697529323683,0.6433740953331669,0.4878961816820564,6.146772426342638,6.158081087505361,2077,1798,1798,0,279,-0.03670779078397052,0.1807563959955506,0.29588431590656283,0.11790878754171301,0.3186874304783092,0.42269187986651835,0.5222469410456062,0.6824249165739711,0.4599555061179088,6.444130594096259,6.236214049865031,True,,3928,830,-0.05351180894660382,-0.03712290204059547,0.016388906906008346,0.0547945205479452,ok,153,0,-0.003675485143668736,0.797020297970203,3362,645,-0.04262356772661459,-0.05463093356385475,-0.012007365837240158,0.8760619690154923,ok,118,0,0.005481012561843315,0.10844577711144428,1473,325,-0.03610495396765667,-0.039440032723756034,-0.003335078756099362,0.5662168915542228,ok,79,0,-0.0022732292771020166,0.6786606696651675,3266,1492,-0.05193522341258595,-0.04784581405526029,-0.004089409357325657,0.6953304669533047,ok,153,0,-0.0012550968457476636,0.7264273572642735,2713,1294,-0.04337517231900243,-0.047032878163918886,0.0036577058449164535,0.3618190904547726,ok,118,0,0.000821909740268599,0.33983008495752126,1266,532,-0.03999084279914192,-0.028895114371927304,-0.011095728427214614,0.7406296851574213,ok,79,0,-0.003685220480004109,0.9070464767616192,4095,663,-0.048608365726843204,-0.06328074899627617,-0.014672383269432966,0.9046095390460954,ok,153,0,-0.005717367485754431,0.9991000899910009,3496,511,-0.045411741027006194,-0.03870438398268282,0.006707357044323375,0.3168415792103948,ok,118,0,-0.002554758040639607,0.9035482258870565,1586,212,-0.040069602277751845,-0.01155763498615362,0.028511967291598224,0.08245877061469266,ok,79,0,-0.009875791482492936,1.0,3204,1554,-0.04872678498505089,-0.054624050929119046,-0.005897265944068156,0.7409259074092591,ok,153,0,-0.0011924111678235164,0.690930906909309,2726,1281,-0.046707471289380575,-0.0399787822878323,0.006728689001548278,0.26786606696651677,ok,118,0,0.0034591709205078966,0.08995502248875563,1225,573,-0.032576536011495974,-0.04553987995723635,-0.012963343945740377,0.8175912043978011,ok,79,0,-0.0016105893487045678,0.670664667666167,0.0547945205479452,17.0,1.0,False,False,opposite sign,False,False,False,0.6953304669533047,271.0,1.0,False,False,same sign,False,False,False,0.9046095390460954,411.0,1.0,False,False,opposite sign,False,False,False,0.7409259074092591,300.0,1.0,False,False,same sign,False,False,False
S6_EMA_DMI_ADX,30m,2883,2525,2525,0,358,-0.042799782228363566,0.19881188118811882,0.3231683168316832,0.13386138613861387,0.31603960396039604,0.44554455445544555,0.5568316831683169,0.6887128712871287,0.48198019801980196,6.1907923714546165,5.995832752095286,2260,2112,2111,1,148,-0.0362998459056481,0.17385125532922785,0.32449076267171956,0.12932259592610137,0.30270014211274276,0.46328754144955,0.5310279488394126,0.6864045476077688,0.4836570345807674,6.113778787857459,6.140698654617376,1214,868,868,0,346,-0.06389959911747656,0.18778801843317972,0.29377880184331795,0.16359447004608296,0.36059907834101385,0.4216589861751152,0.5610599078341014,0.6670506912442397,0.4216589861751152,6.428681653827164,5.905754607035841,True,,2023,502,-0.04225904423891941,-0.04497889169578495,-0.002719847456865543,0.5812418758124187,ok,153,0,-0.003570345589543271,0.7687231276872313,1744,367,-0.036733282773475706,-0.03424013501330108,0.0024931477601746257,0.4352823588205897,ok,118,0,0.0008522018568336842,0.43728135932033985,705,163,-0.06577468629874444,-0.05578955946843448,0.009985126830309964,0.33183408295852074,ok,75,0,-0.0026254732972140343,0.6736631684157921,1709,816,-0.04815925152139066,-0.031575109407550705,-0.016584142113839954,0.9132086791320868,ok,153,0,-0.002831084022318693,0.8818118188181182,1426,685,-0.038463139064246844,-0.03179640642511992,-0.006666732639126927,0.6666666666666666,ok,118,0,0.0003744942066420953,0.4482758620689655,613,255,-0.07484476248652891,-0.03758828482246052,-0.03725647766406839,0.9245377311344328,ok,75,0,-0.0036108595968234493,0.8085957021489255,2187,338,-0.0456562122762854,-0.02431749668160309,0.021338715594682308,0.0917908209179082,ok,153,0,-0.009310909942225075,1.0,1838,273,-0.03709388702525731,-0.03095388408205207,0.006140002943205238,0.3633183408295852,ok,118,0,-0.0052274191520622695,0.984007996001999,726,142,-0.07204187689373559,-0.022270770486743703,0.04977110640699189,0.022988505747126436,ok,75,0,-0.013903275165194521,1.0,1727,798,-0.040982994694789915,-0.04673160186555867,-0.005748607170768756,0.6658334166583342,ok,153,0,-0.0003041847950933374,0.5295470452954705,1472,639,-0.03750864346496643,-0.0335152606046832,0.00399338286028323,0.3798100949525237,ok,118,0,-0.0036076435737334572,0.8490754622688655,555,313,-0.06081626037449977,-0.06936686110582196,-0.008550600731322196,0.6591704147926037,ok,75,0,0.007091831958621751,0.05847076461769116,0.5812418758124187,201.0,1.0,False,False,opposite sign,False,False,False,0.9132086791320868,419.0,1.0,False,False,same sign,False,False,False,0.0917908209179082,27.0,1.0,False,False,same sign,False,False,False,0.6658334166583342,255.0,1.0,False,False,same sign,False,False,False
S6_EMA_DMI_ADX,1h,1565,1026,1026,0,539,-0.03156004446407251,0.18518518518518517,0.33235867446393763,0.13742690058479531,0.3460038986354776,0.45321637426900585,0.5828460038986355,0.7261208576998051,0.47173489278752434,6.123285829194475,5.799644249654716,1088,872,872,0,216,-0.028563104293821646,0.17545871559633028,0.34288990825688076,0.12844036697247707,0.31536697247706424,0.4690366972477064,0.5722477064220184,0.7190366972477065,0.45756880733944955,6.007262347679666,5.878473845695476,635,270,270,0,365,-0.04193318758126269,0.21851851851851853,0.3,0.16296296296296298,0.4074074074074074,0.4,0.6518518518518519,0.7185185185185186,0.4444444444444444,6.558338843422108,5.2797470849599195,True,,836,190,-0.0321471063656168,-0.028976972097277603,0.0031701342683391996,0.44025597440255976,ok,148,0,-2.2872152655596667e-05,0.49235076492350766,719,153,-0.029904428031063777,-0.02225975941096486,0.007644668620098917,0.3893053473263368,ok,113,0,0.00019647779660535852,0.49225387306346824,211,59,-0.04520827440494814,-0.03022058894062491,0.014987685464323226,0.3893053473263368,ok,63,0,0.01282193987355051,0.0864567716141929,685,341,-0.03614507246568318,-0.0223496509711009,-0.01379542149458228,0.7492250774922508,ok,148,0,-0.005425145065476061,0.942905709429057,573,299,-0.02933420606095788,-0.027085374151450202,-0.0022488319095076773,0.5537231384307846,ok,113,0,-0.002573702928874752,0.743128435782109,189,81,-0.04942980263112256,-0.024441085798256337,-0.02498871683286622,0.7091454272863568,ok,63,0,-0.0072832704579966,0.8845577211394303,885,141,-0.023253670610441077,-0.08369579524750385,-0.06044212463706278,0.9878012198780122,ok,148,0,-0.014270772502148057,0.9999000099990001,760,112,-0.028759748668318506,-0.027228731752592963,0.0015310169157255436,0.5022488755622189,ok,113,0,-0.0044232409809856,0.8775612193903048,226,44,-0.0328748817614813,-0.08845994020104893,-0.055585058439567625,0.8895552223888056,ok,63,0,-0.015653490876620692,0.9975012493753124,671,355,-0.025835655414335242,-0.04237994602005479,-0.01654429060571955,0.8344165583441656,ok,148,0,0.0002853677641235508,0.46715328467153283,597,275,-0.026489195548364087,-0.03306537164305133,-0.006576176094687244,0.6206896551724138,ok,113,0,0.00843320354393461,0.06696651674162919,160,110,-0.02717342969518083,-0.0634019263246545,-0.03622849662947367,0.8135932033983009,ok,63,0,0.004264030689985137,0.30184907546226886,0.44025597440255976,143.0,1.0,False,False,same sign,False,False,False,0.7492250774922508,309.0,1.0,False,False,same sign,False,False,False,0.9878012198780122,517.0,1.0,False,False,same sign,False,False,False,0.8344165583441656,358.0,1.0,False,False,same sign,False,False,False
S6_EMA_DMI_ADX,4h,402,42,42,0,360,-0.003960131447638848,0.2619047619047619,0.2619047619047619,0.19047619047619047,0.42857142857142855,0.35714285714285715,0.5238095238095238,0.7619047619047619,0.5714285714285714,6.9232029139749685,6.138840175623231,288,52,52,0,236,-0.006719133908810775,0.15384615384615385,0.23076923076923078,0.1346153846153846,0.28846153846153844,0.46153846153846156,0.46153846153846156,0.8461538461538461,0.5576923076923077,6.265841617280376,6.610079400375296,139,7,7,0,132,-0.09054474405437052,0.14285714285714285,0.42857142857142855,0.14285714285714285,0.42857142857142855,0.42857142857142855,0.5714285714285714,0.7142857142857143,0.5714285714285714,6.100475684312479,6.078410197981918,True,,31,11,-0.022069608324121432,0.047075667022448434,0.06914527534656986,,insufficient,27,0,0.04703444451306357,0.0072992700729927005,44,8,-0.0032956944268098098,-0.025548051059816113,-0.0222523566330063,,insufficient,38,0,0.014991111438641243,0.2683658170914543,6,1,-0.12985928676439826,0.1453425122057961,0.27520179897019437,,insufficient,6,0,0.05536243173724527,0.1889055472263868,31,11,-0.06865762599692894,0.1783691713730878,-0.24702679737001676,,insufficient,27,0,-0.024390134225092477,0.9807019298070193,40,12,-0.011505474721764252,0.009235335467700806,-0.02074081018946506,,insufficient,38,0,-0.0010329562174446888,0.519240379810095,4,3,-0.09485483470140871,-0.08479795652498627,-0.010056878176422437,,insufficient,6,0,-0.06230229427764466,0.984007996001999,34,8,0.05769888161624059,-0.2660109369691264,-0.323709818585367,,insufficient,27,0,-0.014563771371511817,0.8672132786721328,45,7,0.008395771860255214,-0.10388638528137786,-0.11228215714163307,,insufficient,38,0,0.019767494907698503,0.06196901549225387,6,1,-0.12695106572966688,0.12789318599740782,0.2548442517270747,,insufficient,6,0,-0.031677646497275155,0.8195902048975512,24,18,0.11749432736982035,-0.16589940987091778,-0.28339373724073813,,insufficient,27,0,0.007054819513451709,0.34236576342365765,37,15,0.030592968946784718,-0.09875565428594632,-0.12934862323273105,,insufficient,38,0,0.009855254567121535,0.3493253373313343,4,3,-0.09710254184955919,-0.08180101366078564,0.015301528188773547,,insufficient,6,0,0.003913320455397971,0.4497751124437781,1.0,569.0,1.0,False,False,no data,False,False,True,1.0,570.0,1.0,False,False,no data,False,False,False,1.0,571.0,1.0,False,False,no data,False,False,False,1.0,572.0,1.0,False,False,no data,False,False,False
N01_ST_EMA,5m,56984,56831,56831,0,153,-0.05934667164033875,0.14228150129330824,0.437261353838574,0.33626013971248087,0.3431753796343545,0.536168640354736,0.7350917632981999,0.5297988773732646,0.47530397142404673,5.262476268063447,4.2684822101078,41639,41600,41596,4,39,-0.060645635438456996,0.13715261082796423,0.44888931628041157,0.3131310702952207,0.3353687854601404,0.5395951533801328,0.718915280315415,0.5196653524377344,0.4833157034330224,5.221621599471092,4.433499000693158,24938,24430,24430,0,508,-0.05033504344143681,0.14564060581252558,0.44891526811297583,0.3492427343430209,0.34703233729021693,0.5395006139991814,0.7435530085959885,0.5840769545640606,0.5052394596807204,5.205350689511311,4.179555615333433,True,,48745,8086,-0.06043372811148455,-0.05279354677192393,0.007640181339560619,0.006199380061993801,ok,153,0,0.00836954395252082,0.012198780121987801,35891,5705,-0.06044609563988388,-0.06190096986625505,-0.0014548742263711667,0.6736631684157921,ok,118,0,0.004436218625326012,0.07946026986506746,20872,3558,-0.050701984463961396,-0.048182487785974934,0.0025194966779864617,0.2848575712143928,ok,79,0,0.004301800877892274,0.16041979010494753,31981,24850,-0.06238653079637767,-0.0554344891184361,-0.00695204167794157,0.9996000399960004,ok,153,0,-0.0007123199287216789,0.6946305369463054,22924,18672,-0.06416692379630283,-0.056322477002549866,-0.007844446793752964,0.9985007496251874,ok,118,0,0.0015940120337237865,0.15942028985507245,13463,10967,-0.05278313577852935,-0.047329785199959916,-0.005453350578569431,0.9370314842578711,ok,79,0,-0.0014143883825449982,0.7521239380309845,37721,19110,-0.05837163316649797,-0.06127128839971855,-0.0028996552332205827,0.9093090690930907,ok,153,0,-0.007693024883948532,1.0,28571,13025,-0.06116518505852464,-0.05950597692061033,0.0016592081379143073,0.2748625687156422,ok,118,0,-0.006550808808283487,1.0,15898,8532,-0.050195084415776865,-0.05059583441541027,-0.0004007499996334027,0.5357321339330335,ok,79,0,-0.005758733441308124,1.0,37328,19503,-0.05807351243170244,-0.06178344992778047,-0.0037099374960780293,0.941005899410059,ok,153,0,-0.0026331704968014513,0.9308069193080692,27646,13950,-0.058907449147804686,-0.06409035932314328,-0.00518291017533859,0.9780109945027486,ok,118,0,-0.001433308801111234,0.7546226886556722,15952,8478,-0.04970180561762483,-0.05152652843382283,-0.001824722816197999,0.6991504247876063,ok,79,0,0.002003895635624149,0.22588705647176413,0.006199380061993801,2.0,1.0,False,False,same sign,False,False,True,0.9996000399960004,562.0,1.0,False,False,same sign,False,False,False,0.9093090690930907,415.0,1.0,False,False,same sign,False,False,False,0.941005899410059,455.0,1.0,False,False,same sign,False,False,False
N01_ST_EMA,15m,18954,18579,18579,0,375,-0.045026950040596786,0.148770116798536,0.43376930943538405,0.37090263200387535,0.35184886161795575,0.5316755476613381,0.7486409386942247,0.6352333279509124,0.4727918617794284,5.296669969889857,4.112143088986976,13716,13648,13645,3,68,-0.047700549185682416,0.14371564675705387,0.4422132649322096,0.3401245877610847,0.33580065958226457,0.5330890436057164,0.7174056430927079,0.6244778307072187,0.4734334921216563,5.270692462907953,4.403068476401873,8216,7465,7465,0,751,-0.04168787464416165,0.1481580709979906,0.44594775619557936,0.3580709979906229,0.34588077695914266,0.5326188881446752,0.7494976557267247,0.6563965170797053,0.5050234427327528,5.264448577267736,4.1210414143246235,True,,15815,2764,-0.04655624466888666,-0.0362766625780771,0.010279582090809557,0.025297470252974703,ok,153,0,-0.003675485143668736,0.797020297970203,11684,1961,-0.046526199865486076,-0.05469753921993738,-0.008171339354451301,0.8995502248875562,ok,118,0,0.005481012561843315,0.10844577711144428,6359,1106,-0.041484672710004826,-0.04285619390212119,-0.001371521192116365,0.5592203898050975,ok,79,0,-0.0022732292771020166,0.6786606696651675,10520,8059,-0.04901088474010699,-0.03982642974789952,-0.00918445499220747,0.9859014098590141,ok,153,0,-0.0012550968457476636,0.7264273572642735,7611,6034,-0.051158495289636,-0.043338860787076064,-0.007819634502559937,0.9500249875062469,ok,118,0,0.000821909740268599,0.33983008495752126,4136,3329,-0.04456995745412844,-0.03810713132724288,-0.0064628261268855555,0.816591704147926,ok,79,0,-0.003685220480004109,0.9070464767616192,11688,6891,-0.04407233432771953,-0.046646097980244064,-0.002573763652524534,0.7239276072392761,ok,153,0,-0.005717367485754431,0.9991000899910009,9004,4641,-0.047667507496695315,-0.04776465333729626,-9.714584060094289e-05,0.5152423788105946,ok,118,0,-0.002554758040639607,0.9035482258870565,4792,2673,-0.039472785753180355,-0.04565895805814681,-0.0061861723049664585,0.8135932033983009,ok,79,0,-0.009875791482492936,1.0,12042,6537,-0.04453091235701931,-0.04594071564953664,-0.001409803292517331,0.6134386561343865,ok,153,0,-0.0011924111678235164,0.690930906909309,9063,4582,-0.04702018686884071,-0.0490462767451622,-0.0020260898763214893,0.6401799100449775,ok,118,0,0.0034591709205078966,0.08995502248875563,4883,2582,-0.039773824434680805,-0.0453076682819986,-0.005533843847317796,0.7681159420289855,ok,79,0,-0.0016105893487045678,0.670664667666167,0.025297470252974703,8.0,1.0,False,False,opposite sign,False,False,False,0.9859014098590141,513.0,1.0,False,False,same sign,False,False,False,0.7239276072392761,287.0,1.0,False,False,same sign,False,False,False,0.6134386561343865,220.0,1.0,False,False,same sign,False,False,False
N01_ST_EMA,30m,8928,8343,8343,0,585,-0.0460620799266882,0.15078508929641615,0.4337768188900875,0.3742059211314875,0.3508330336809301,0.5303847536857246,0.7485317032242599,0.6654680570538176,0.4844780055136042,5.311042050289664,4.106876350954564,6518,6307,6306,1,211,-0.03435551064396564,0.15207738661592135,0.4464002537266096,0.3309546463685379,0.337139232477006,0.5321915635902316,0.7148747224865207,0.6684110371075167,0.4747859181731684,5.2769559300132505,4.419535031716559,3990,3113,3113,0,877,-0.024989145910526624,0.15130099582396403,0.4693221972373916,0.36877610022486346,0.3446835849662705,0.5525216832637327,0.768390619980726,0.713459685191134,0.5097976228718278,5.0583846708917,3.9754976669245226,True,,7085,1258,-0.04388851653615176,-0.058303492185790506,-0.014414975649638749,0.9526047395260474,ok,153,0,-0.003570345589543271,0.7687231276872313,5347,959,-0.035808089523456016,-0.02625651244935138,0.009551577074104634,0.2028985507246377,ok,118,0,0.0008522018568336842,0.43728135932033985,2642,471,-0.02505621781145277,-0.02461291669131876,0.0004433011201340105,0.4987506246876562,ok,79,0,-0.0026254732972140343,0.6736631684157921,4724,3619,-0.050505501688240126,-0.040261935024347405,-0.010243566663892721,0.932006799320068,ok,153,0,-0.002831084022318693,0.8818118188181182,3491,2815,-0.03526764362537411,-0.03322433613664877,-0.002043307488725339,0.584207896051974,ok,118,0,0.0003744942066420953,0.4482758620689655,1652,1461,-0.03422653544006598,-0.014544130508200118,-0.019682404931865863,0.9640179910044977,ok,79,0,-0.0036108595968234493,0.8085957021489255,5221,3122,-0.04433582338868421,-0.048948942638065145,-0.004613119249380931,0.7498250174982501,ok,153,0,-0.009310909942225075,1.0,4219,2087,-0.029083711858328507,-0.04501277900841366,-0.015929067150085154,0.9715142428785607,ok,118,0,-0.0052274191520622695,0.984007996001999,1965,1148,-0.020140095184289497,-0.03328913256301438,-0.01314903737872488,0.8690654672663668,ok,79,0,-0.013903275165194521,1.0,5416,2927,-0.0412800352706551,-0.05491057799880137,-0.013630542728146268,0.9706029397060294,ok,153,0,-0.0003041847950933374,0.5295470452954705,4180,2126,-0.03188296773773233,-0.039216860290275705,-0.007333892552543374,0.7816091954022989,ok,118,0,-0.0036076435737334572,0.8490754622688655,2040,1073,-0.019127086925672564,-0.036134160196735654,-0.01700707327106309,0.9490254872563718,ok,79,0,0.007091831958621751,0.05847076461769116,0.9526047395260474,471.0,1.0,False,False,opposite sign,False,False,False,0.932006799320068,444.0,1.0,False,False,same sign,False,False,False,0.7498250174982501,311.0,1.0,False,False,same sign,False,False,False,0.9706029397060294,495.0,1.0,False,False,same sign,False,False,False
N01_ST_EMA,1h,4432,3512,3512,0,920,-0.04050956545054265,0.15034168564920272,0.4419134396355353,0.3798405466970387,0.3607630979498861,0.5261958997722096,0.7619589977220956,0.6984624145785877,0.45558086560364464,5.305574832277814,3.982815989163351,3308,2880,2877,3,428,-0.026990356984312007,0.1470281543274244,0.4581160931525895,0.35036496350364965,0.3423705248522767,0.543274244004171,0.7358359402155022,0.7153284671532847,0.4907890163364616,5.175416462015779,4.23435600264973,1986,1149,1149,0,837,-0.013388657891165405,0.15317667536988686,0.46649260226283723,0.40644038294168844,0.3437771975630983,0.5509138381201044,0.7693646649260226,0.7502175805047868,0.48825065274151436,5.08279750775076,3.908574239651649,True,,2984,528,-0.04203442270693105,-0.031891811562165855,0.010142611144765196,0.2595740425957404,ok,151,0,-2.2872152655596667e-05,0.49235076492350766,2454,423,-0.02947598738325603,-0.012570174953558753,0.016905812429697277,0.1374312843578211,ok,118,0,0.00019647779660535852,0.49225387306346824,973,176,-0.020209730880874747,0.02432102403489816,0.04453075491577291,0.031984007996002,ok,73,0,0.01282193987355051,0.0864567716141929,1960,1552,-0.04020194432164672,-0.04089805605146793,0.0006961117298212097,0.47485251474852513,ok,151,0,-0.005425145065476061,0.942905709429057,1559,1318,-0.025806370976891403,-0.028390838156974157,0.0025844671800827543,0.431784107946027,ok,118,0,-0.002573702928874752,0.743128435782109,613,536,-0.01529932505505776,-0.011203510556340756,-0.004095814498717003,0.5612193903048476,ok,73,0,-0.0072832704579966,0.8845577211394303,2178,1334,-0.03696273867473309,-0.04630041156576997,-0.009337672891036881,0.7855214478552145,ok,151,0,-0.014270772502148057,0.9999000099990001,1869,1008,-0.025117821328341318,-0.030462350179757666,-0.005344528851416348,0.6441779110444777,ok,118,0,-0.0044232409809856,0.8775612193903048,682,467,-0.01494271216256129,-0.011119139661846368,0.0038235725007149217,0.44177911044477763,ok,73,0,-0.015653490876620692,0.9975012493753124,2245,1267,-0.04034613980427083,-0.040799139701434714,-0.0004529998971638874,0.5123487651234877,ok,151,0,0.0002853677641235508,0.46715328467153283,1892,985,-0.027629506729820265,-0.025762670366543877,0.0018668363632763883,0.46476761619190404,ok,118,0,0.00843320354393461,0.06696651674162919,754,395,-0.014286243091836542,-0.011675292723302035,0.0026109503685345075,0.4622688655672164,ok,73,0,0.004264030689985137,0.30184907546226886,0.2595740425957404,74.0,1.0,False,False,same sign,False,False,False,0.47485251474852513,155.0,1.0,False,False,opposite sign,False,False,False,0.7855214478552145,327.0,1.0,False,False,opposite sign,False,False,False,0.5123487651234877,169.0,1.0,False,False,opposite sign,False,False,False
N01_ST_EMA,4h,1038,201,201,0,837,-0.01982828433780043,0.1691542288557214,0.47761194029850745,0.4228855721393035,0.373134328358209,0.5472636815920398,0.7910447761194029,0.7562189054726368,0.4975124378109453,5.081228101034628,3.6597750619062026,805,208,208,0,597,-0.008254209922720893,0.13942307692307693,0.4375,0.3317307692307692,0.3173076923076923,0.5769230769230769,0.7307692307692307,0.7836538461538461,0.5576923076923077,4.961710491931938,4.320380266932433,407,45,45,0,362,-0.10414793404523277,0.2,0.4444444444444444,0.4444444444444444,0.37777777777777777,0.5111111111111111,0.7555555555555555,0.6888888888888889,0.4888888888888889,5.279648461436474,3.9431256875100846,True,,167,34,-0.023255268621246553,-0.002995743886756302,0.02025952473449025,0.36826317368263173,ok,68,0,0.04703444451306357,0.0072992700729927005,179,29,0.006478354138179714,-0.09918969154000398,-0.10566804567818369,,insufficient,73,0,0.014991111438641243,0.2683658170914543,36,9,-0.13799524210348627,0.03124129818778117,0.16923654029126745,,insufficient,16,0,0.05536243173724527,0.1889055472263868,105,96,-0.01901744001966222,-0.020715145310764103,0.001697705291101883,0.4894510548945106,ok,68,0,-0.024390134225092477,0.9807019298070193,117,91,-0.019074624511621497,0.0056577516915798775,-0.024732376203201373,0.7106446776611695,ok,73,0,-0.0010329562174446888,0.519240379810095,25,20,-0.013530525346167301,-0.2174196949190646,0.2038891695728973,,insufficient,16,0,-0.06230229427764466,0.984007996001999,116,85,0.0030036697713836987,-0.05098718641621641,-0.05399085618760011,0.8603139686031397,ok,68,0,-0.014563771371511817,0.8672132786721328,139,69,-0.02146955813867141,0.01836801329491854,0.03983757143358995,0.16891554222888555,ok,73,0,0.019767494907698503,0.06196901549225387,25,20,-0.10011470442728276,-0.10918947106767027,-0.009074766640387505,,insufficient,16,0,-0.031677646497275155,0.8195902048975512,126,75,-0.02401841575790528,-0.012788863552024285,0.011229552205880997,0.41045895410458955,ok,68,0,0.007054819513451709,0.34236576342365765,142,66,0.0011492137789463547,-0.028485818492974695,-0.02963503227192105,0.7256371814092953,ok,73,0,0.009855254567121535,0.3493253373313343,28,17,-0.16335637770131575,-0.006628144494037243,0.15672823320727852,,insufficient,16,0,0.003913320455397971,0.4497751124437781,0.36826317368263173,113.0,1.0,False,False,no data,False,False,True,0.4894510548945106,161.0,1.0,False,False,no data,False,False,False,0.8603139686031397,374.0,1.0,False,False,no data,False,False,False,0.41045895410458955,132.0,1.0,False,False,no data,False,False,False
N02_ST_KST,5m,48331,48190,48190,0,141,-0.060992611204967816,0.10933803693712388,0.2923428097115584,0.3560074704295497,0.5351732724631666,0.3720273915750156,0.8594729196928823,0.532185100643287,0.47655115169122225,6.757795821436612,3.4248969981712536,36416,36382,36378,4,34,-0.061838430395724786,0.10583319588762438,0.27937214800153937,0.3273132112815438,0.5582494914508769,0.34949694870526143,0.8633514761669141,0.5221837374237176,0.4854307548518335,6.939919374429906,3.4837320406000627,21355,20905,20905,0,450,-0.047170244046942277,0.11059555130351591,0.29672327194451087,0.36268835206888306,0.5409232241090648,0.3709638842382205,0.8647691939727338,0.5956948098541018,0.49763214541975603,6.747073811035549,3.3918024246971905,True,,42921,5269,-0.06178914901191475,-0.05450405565135817,0.007285093360556577,0.025997400259974,ok,153,0,0.00836954395252082,0.012198780121987801,32528,3850,-0.06115238391254549,-0.06763472130607706,-0.006482337393531573,0.9565217391304348,ok,118,0,0.004436218625326012,0.07946026986506746,18593,2312,-0.048245437392100333,-0.03852358753027977,0.009721849861820564,0.0814592703648176,ok,79,0,0.004301800877892274,0.16041979010494753,34102,14088,-0.06192203233620085,-0.058742815675630146,-0.003179216660570701,0.8973102689731027,ok,153,0,-0.0007123199287216789,0.6946305369463054,26215,10163,-0.06410617374422857,-0.05598888873666479,-0.008117285007563778,0.991504247876062,ok,118,0,0.0015940120337237865,0.15942028985507245,14702,6203,-0.051476231153192734,-0.036964436786569195,-0.014511794366623539,1.0,ok,79,0,-0.0014143883825449982,0.7521239380309845,31034,17156,-0.058520602328493834,-0.06546430177809055,-0.006943699449596719,0.9978002199780022,ok,153,0,-0.007693024883948532,1.0,24471,11907,-0.06108218859157495,-0.06339264163191785,-0.0023104530403428997,0.8190904547726137,ok,118,0,-0.006550808808283487,1.0,13323,7582,-0.044741753347470374,-0.05143755894921929,-0.006695805601748914,0.9660169915042479,ok,79,0,-0.005758733441308124,1.0,22400,25790,-0.06067950093181062,-0.06126456429216135,-0.0005850633603507321,0.5991400859914009,ok,153,0,-0.0026331704968014513,0.9308069193080692,16070,20308,-0.05746800962209442,-0.06529680452573465,-0.007828794903640232,0.9985007496251874,ok,118,0,-0.001433308801111234,0.7546226886556722,9597,11308,-0.04318069374735353,-0.050556140246549044,-0.007375446499195512,0.9795102448775612,ok,79,0,0.002003895635624149,0.22588705647176413,0.025997400259974,9.0,1.0,False,False,same sign,False,False,True,0.8973102689731027,403.0,1.0,False,False,same sign,False,False,False,0.9978002199780022,549.0,1.0,False,False,same sign,False,False,False,0.5991400859914009,210.0,1.0,False,False,same sign,False,False,False
N02_ST_KST,15m,16163,15771,15771,0,392,-0.04369720491658085,0.1108363451905396,0.2994737175829053,0.38291801407646947,0.5271067148563819,0.38025489823093017,0.8604400481897153,0.6413670661340435,0.4746686957073109,6.693001975076855,3.3501074293313113,12122,12021,12019,2,101,-0.04381174706503682,0.10300357766869124,0.2849654713370497,0.36225975538730343,0.536067892503536,0.36042932024294866,0.8499875197603795,0.6336633663366337,0.4764955487145353,6.855687434493713,3.488600279484026,7246,6459,6459,0,787,-0.04287622311585563,0.11224647778293853,0.30190431955411057,0.3743613562470971,0.5253135160241523,0.3864375290292615,0.8714971357795325,0.6598544666357021,0.508283015946741,6.634240068476266,3.3123696303555485,True,,14023,1748,-0.044707296190298645,-0.03559393836546841,0.009113357824830234,0.10598940105989402,ok,153,0,-0.003675485143668736,0.797020297970203,10781,1238,-0.043968823257633426,-0.04244386464792527,0.0015249586097081588,0.41679160419790107,ok,118,0,0.005481012561843315,0.10844577711144428,5734,725,-0.04578955257658552,-0.01983480087057952,0.025954751706006,0.004997501249375313,ok,79,0,-0.0022732292771020166,0.6786606696651675,11048,4723,-0.04554895004946918,-0.039365619011827474,-0.0061833310376417094,0.9088091190880911,ok,153,0,-0.0012550968457476636,0.7264273572642735,8594,3425,-0.04493431376623164,-0.040995005975965816,-0.003939307790265821,0.7651174412793603,ok,118,0,0.000821909740268599,0.33983008495752126,4509,1950,-0.043908122675691344,-0.040490153825958594,-0.00341796884973275,0.6871564217891054,ok,79,0,-0.003685220480004109,0.9070464767616192,9732,6039,-0.04577110094930165,-0.040355069432156464,0.0054160315171451895,0.13438656134386562,ok,153,0,-0.005717367485754431,0.9991000899910009,7665,4354,-0.04205479480650704,-0.046904773951033776,-0.004849979144526735,0.8355822088955522,ok,118,0,-0.002554758040639607,0.9035482258870565,4041,2418,-0.04123303055083266,-0.04562235262588781,-0.004389322075055151,0.7151424287856072,ok,79,0,-0.009875791482492936,1.0,7458,8313,-0.044258521376463474,-0.043193620391402864,0.00106490098506061,0.38846115388461155,ok,153,0,-0.0011924111678235164,0.690930906909309,5576,6443,-0.040540192639693405,-0.046643065934463324,-0.0061028732947699185,0.8865567216391804,ok,118,0,0.0034591709205078966,0.08995502248875563,3066,3393,-0.04312997222769783,-0.04264692904662248,0.0004830431810753516,0.512743628185907,ok,79,0,-0.0016105893487045678,0.670664667666167,0.10598940105989402,32.0,1.0,False,False,same sign,False,False,False,0.9088091190880911,414.0,1.0,False,False,same sign,False,False,False,0.13438656134386562,37.0,1.0,False,False,opposite sign,False,False,False,0.38846115388461155,122.0,1.0,False,False,same sign,False,False,False
N02_ST_KST,30m,7987,7372,7372,0,615,-0.047493697948527196,0.1157080846446012,0.30222463374932174,0.39161692892023875,0.5149213239283776,0.38809007053716765,0.8579761258817146,0.667932718393923,0.48087357569180683,6.633577446000654,3.3756626629677977,5974,5741,5741,0,233,-0.037917535512014225,0.09911165302212158,0.27765197700749,0.3684027172966382,0.5377112001393486,0.3570806479707368,0.8472391569412995,0.6744469604598502,0.4905068803344365,6.906450665040492,3.5192047710921543,3518,2652,2652,0,866,-0.018649070021222992,0.09389140271493213,0.3273001508295626,0.38122171945701355,0.5199849170437406,0.4110105580693816,0.889894419306184,0.7187028657616893,0.5154600301659125,6.397904661842655,3.1595421836052275,True,,6519,853,-0.04784180932542292,-0.04483327817597946,0.0030085311494434594,0.4016598340165983,ok,153,0,-0.003570345589543271,0.7687231276872313,5172,569,-0.038929653464963694,-0.028717756860600074,0.01021189660436362,0.2178910544727636,ok,118,0,0.0008522018568336842,0.43728135932033985,2403,249,-0.023316516408698997,0.026394599332611682,0.04971111574131068,0.015992003998001,ok,79,0,-0.0026254732972140343,0.6736631684157921,5144,2228,-0.04559480555578651,-0.05187785525025883,0.006283049694472319,0.22197780221977803,ok,153,0,-0.002831084022318693,0.8818118188181182,4147,1594,-0.03525753739025768,-0.04483786939590661,0.00958033200564893,0.14042978510744628,ok,118,0,0.0003744942066420953,0.4482758620689655,1784,868,-0.020416229987434066,-0.015017026957028806,-0.00539920303040526,0.6501749125437282,ok,79,0,-0.0036108595968234493,0.8085957021489255,4485,2887,-0.04171649798123705,-0.05646866914814488,-0.01475217116690783,0.9683031696830317,ok,153,0,-0.009310909942225075,1.0,3626,2115,-0.0382909901392744,-0.037277277129770546,0.0010137130095038555,0.47426286856571714,ok,118,0,-0.0052274191520622695,0.984007996001999,1641,1011,-0.010201088449809381,-0.03236137245316141,-0.02216028400335203,0.9665167416291854,ok,79,0,-0.013903275165194521,1.0,3576,3796,-0.04380045678069546,-0.050972894580815456,-0.007172437800119995,0.8593140685931406,ok,153,0,-0.0003041847950933374,0.5295470452954705,2654,3087,-0.038602276480852245,-0.03732884016659923,0.0012734363142530153,0.44627686156921537,ok,118,0,-0.0036076435737334572,0.8490754622688655,1273,1379,-0.019553987900008635,-0.017813710732104707,0.0017402771679039288,0.4307846076961519,ok,79,0,0.007091831958621751,0.05847076461769116,0.4016598340165983,125.0,1.0,False,False,same sign,False,False,False,0.22197780221977803,60.0,1.0,False,False,opposite sign,False,False,False,0.9683031696830317,492.0,1.0,False,False,same sign,False,False,False,0.8593140685931406,373.0,1.0,False,False,opposite sign,False,False,False
N02_ST_KST,1h,3945,3019,3019,0,926,-0.03263602176012628,0.12553825770122556,0.30539913878767805,0.39118913547532297,0.5193772772441205,0.38986419344153694,0.8595561444186817,0.7181185823120239,0.46869824445180525,6.604292092263075,3.3744724720609462,3031,2575,2572,3,456,-0.03487784311945623,0.09720062208398134,0.27527216174183516,0.3810264385692068,0.5334370139968896,0.36391912908242613,0.8460342146189735,0.7048989113530326,0.500388802488336,6.8656950378968595,3.488877952568894,1728,957,957,0,771,-0.004289698595661036,0.10031347962382445,0.31974921630094044,0.41901776384535006,0.5339602925809822,0.3897596656217346,0.8808777429467085,0.7774294670846394,0.5047021943573667,6.568799068013298,3.126912196474525,True,,2640,379,-0.03185107504477561,-0.03810372447391458,-0.006252649429138966,0.6340365963403659,ok,152,0,-2.2872152655596667e-05,0.49235076492350766,2322,250,-0.03355329242249822,-0.04718026999280206,-0.013626977570303837,0.7286356821589205,ok,118,0,0.00019647779660535852,0.49225387306346824,861,96,-0.0048928982379031,0.0011202481956974694,0.006013146433600569,0.4257871064467766,ok,72,0,0.01282193987355051,0.0864567716141929,2097,922,-0.03488110789671486,-0.02752979005901321,-0.007351317837701647,0.7159284071592841,ok,152,0,-0.005425145065476061,0.942905709429057,1864,708,-0.03663263809091672,-0.030257874437531952,-0.0063747636533847685,0.7051474262868566,ok,118,0,-0.002573702928874752,0.743128435782109,651,306,-0.01918364210826234,0.027396436132128013,-0.04658007824039036,0.984007996001999,ok,72,0,-0.0072832704579966,0.8845577211394303,1838,1181,-0.030737287883764883,-0.0355910368869275,-0.00485374900316262,0.6494350564943505,ok,152,0,-0.014270772502148057,0.9999000099990001,1592,980,-0.034648166757093306,-0.035250950026478434,-0.0006027832693851279,0.5257371314342829,ok,118,0,-0.0044232409809856,0.8775612193903048,556,401,0.012696451653666138,-0.027841567769291725,-0.040538019422957865,0.9780109945027486,ok,72,0,-0.015653490876620692,0.9975012493753124,1451,1568,-0.024340733407402476,-0.04031233770387771,-0.015971604296475234,0.9049095090490951,ok,152,0,0.0002853677641235508,0.46715328467153283,1200,1372,-0.03862557220762118,-0.03159994595779592,0.007025626249825258,0.25687156421789104,ok,118,0,0.00843320354393461,0.06696651674162919,446,511,0.012518526818639127,-0.018959891423014987,-0.031478418241654114,0.9435282358820589,ok,72,0,0.004264030689985137,0.30184907546226886,0.6340365963403659,238.0,1.0,False,False,opposite sign,False,False,False,0.7159284071592841,284.0,1.0,False,False,same sign,False,False,False,0.6494350564943505,246.0,1.0,False,False,same sign,False,False,False,0.9049095090490951,412.0,1.0,False,False,same sign,False,False,False
N02_ST_KST,4h,975,180,180,0,795,-0.003980120092013887,0.12777777777777777,0.3388888888888889,0.4444444444444444,0.5055555555555555,0.4111111111111111,0.8666666666666667,0.8166666666666667,0.5,6.35383590785129,3.171831102325249,710,179,178,1,531,0.016852277134443507,0.10674157303370786,0.3146067415730337,0.3539325842696629,0.47752808988764045,0.4550561797752809,0.8707865168539326,0.8033707865168539,0.5280898876404494,6.159001751086908,3.2483596399831143,431,32,32,0,399,-0.06801364748344553,0.03125,0.34375,0.4375,0.4375,0.46875,0.84375,0.75,0.5,5.972488433546494,3.168642816896841,True,,157,23,-0.01311214554773656,0.058355879757919234,0.0714680253056558,,insufficient,72,0,0.04703444451306357,0.0072992700729927005,159,19,0.002879045810336187,0.13378616032039425,0.13090711451005807,,insufficient,77,0,0.014991111438641243,0.2683658170914543,31,1,-0.07352734620871804,0.10291101300000202,0.17643835920872006,,insufficient,16,0,0.05536243173724527,0.1889055472263868,119,61,-0.02032341796614583,0.0279027069083419,-0.04822612487448773,0.8193180681931806,ok,72,0,-0.024390134225092477,0.9807019298070193,122,56,0.017722522979296464,0.014956384401013875,0.00276613857828259,0.46676661669165415,ok,77,0,-0.0010329562174446888,0.519240379810095,21,11,-0.0011421028732092238,-0.19567750537571482,0.1945354025025056,,insufficient,16,0,-0.06230229427764466,0.984007996001999,100,80,-0.006801694999631878,-0.0004531514574913825,0.006348543542140496,0.4400559944005599,ok,72,0,-0.014563771371511817,0.8672132786721328,115,63,0.020221845884791666,0.010701477034601645,-0.00952036885019002,0.5827086456771614,ok,77,0,0.019767494907698503,0.06196901549225387,18,14,-0.07258944902822553,-0.06213047406872839,0.010458974959497144,,insufficient,16,0,-0.031677646497275155,0.8195902048975512,89,91,0.01961558161325494,-0.027057234946617444,-0.046672816559872383,0.8644135586441356,ok,72,0,0.007054819513451709,0.34236576342365765,93,85,-0.0009303313718507663,0.03630854291191842,0.03723887428376919,0.2063968015992004,ok,77,0,0.009855254567121535,0.3493253373313343,18,14,-0.1773409634830193,0.07255004451600645,0.24989100799902575,,insufficient,16,0,0.003913320455397971,0.4497751124437781,1.0,573.0,1.0,False,False,no data,False,False,True,0.8193180681931806,349.0,1.0,False,False,no data,False,False,False,0.4400559944005599,142.0,1.0,False,False,no data,False,False,False,0.8644135586441356,380.0,1.0,False,False,no data,False,False,False
N03_ADX_GC,5m,1986,1978,1978,0,8,-0.0725069843280363,0.043478260869565216,0.11324570273003033,0.11122345803842265,0.8119312436804853,0.1263902932254803,0.9216380182002022,0.5207280080889788,0.5080889787664308,8.856342118823447,4.4793143616082345,1394,1390,1390,0,4,-0.053451754543832025,0.04028776978417266,0.1079136690647482,0.1,0.8179856115107914,0.11438848920863309,0.918705035971223,0.5482014388489208,0.48633093525179855,8.951725894306586,4.675568408381815,879,862,862,0,17,-0.055579522803804925,0.05336426914153132,0.1148491879350348,0.11948955916473318,0.8248259860788864,0.12412993039443156,0.9280742459396751,0.5939675174013921,0.494199535962877,8.861556293435864,4.512137813766943,True,,1892,86,-0.0740237290623456,-0.03913860017323196,0.03488512888911364,0.08839116088391161,ok,153,0,0.00836954395252082,0.012198780121987801,1334,56,-0.05447536161640107,-0.02906797177941899,0.02540738983698208,0.19540229885057472,ok,118,0,0.004436218625326012,0.07946026986506746,816,46,-0.053516608437743904,-0.09217382981914808,-0.03865722138140418,0.9020489755122438,ok,79,0,0.004301800877892274,0.16041979010494753,1754,224,-0.071751352567564,-0.0784238508810203,0.0066724983134563015,0.33396660333966605,ok,153,0,-0.0007123199287216789,0.6946305369463054,1240,150,-0.0547165718557257,-0.042995931432177635,-0.011720640423548062,0.7396301849075462,ok,118,0,0.0015940120337237865,0.15942028985507245,763,99,-0.054178105562913345,-0.06638034456946425,0.012202239006550902,0.30184907546226886,ok,79,0,-0.0014143883825449982,0.7521239380309845,1758,220,-0.06948210841033929,-0.09667849279763341,-0.027196384387294117,0.9756024397560243,ok,153,0,-0.007693024883948532,1.0,1251,139,-0.0505029838895907,-0.07999069043200395,-0.02948770654241325,0.920039980009995,ok,118,0,-0.006550808808283487,1.0,759,103,-0.05377545041374704,-0.0688736096392799,-0.015098159225532856,0.7316341829085458,ok,79,0,-0.005758733441308124,1.0,372,1606,-0.08554903214254021,-0.0694860367645273,0.01606299537801291,0.10308969103089691,ok,153,0,-0.0026331704968014513,0.9308069193080692,253,1137,-0.040474838410298815,-0.05633931811620133,-0.015864479705902518,0.8450774612693653,ok,118,0,-0.001433308801111234,0.7546226886556722,151,711,-0.05488365540264145,-0.05572730898886214,-0.0008436535862206898,0.5077461269365318,ok,79,0,0.002003895635624149,0.22588705647176413,0.08839116088391161,26.0,1.0,False,False,opposite sign,False,False,True,0.33396660333966605,98.0,1.0,False,False,same sign,False,False,False,0.9756024397560243,500.0,1.0,False,False,same sign,False,False,False,0.10308969103089691,31.0,1.0,False,False,opposite sign,False,False,False
N03_ADX_GC,15m,636,622,622,0,14,-0.03809373826866076,0.03858520900321544,0.11414790996784566,0.11414790996784566,0.815112540192926,0.13183279742765272,0.932475884244373,0.6607717041800643,0.4790996784565916,8.80538640673342,4.364172179737124,511,506,506,0,5,-0.04093544677582583,0.043478260869565216,0.14624505928853754,0.1067193675889328,0.7964426877470355,0.15612648221343872,0.9426877470355731,0.6403162055335968,0.4782608695652174,8.58847905212367,4.413621893195862,242,223,223,0,19,-0.012309206173868246,0.04932735426008968,0.12556053811659193,0.14798206278026907,0.8026905829596412,0.12556053811659193,0.9192825112107623,0.7354260089686099,0.5336322869955157,8.843155428757791,4.429130688417839,True,,598,24,-0.03788276134138043,-0.04335058004006243,-0.005467818698682,,insufficient,150,0,-0.003675485143668736,0.797020297970203,484,22,-0.041797964935242606,-0.021960047268656722,0.019837917666585884,,insufficient,117,0,0.005481012561843315,0.10844577711144428,212,11,-0.00854420464903611,-0.08487105374336038,-0.07632684909432427,,insufficient,72,0,-0.0022732292771020166,0.6786606696651675,551,71,-0.04776857571670544,0.03698845094081271,-0.08475702665751815,0.9973002699730027,ok,150,0,-0.0012550968457476636,0.7264273572642735,432,74,-0.04121944421941485,-0.0392775157537927,-0.0019419284656221475,0.5282358820589705,ok,117,0,0.000821909740268599,0.33983008495752126,195,28,-0.009665778883190207,-0.03071878909109031,0.021053010207900104,,insufficient,72,0,-0.003685220480004109,0.9070464767616192,551,71,-0.03705337719301649,-0.04616752633457615,-0.009114149141559662,0.6280371962803719,ok,150,0,-0.005717367485754431,0.9991000899910009,452,54,-0.03953507813474772,-0.052657050956701874,-0.013121972821954153,0.6471764117941029,ok,117,0,-0.002554758040639607,0.9035482258870565,190,33,-0.008800604450870084,-0.032510246397191016,-0.02370964194632093,0.7031484257871065,ok,72,0,-0.009875791482492936,1.0,115,507,-0.010462136130670102,-0.0443612614360551,-0.033899125305385,0.9072092790720928,ok,150,0,-0.0011924111678235164,0.690930906909309,103,403,-0.03132952366537086,-0.04339055863780317,-0.012061034972432307,0.6471764117941029,ok,117,0,0.0034591709205078966,0.08995502248875563,44,179,-0.032219275691950294,-0.007415110873334113,0.024804164818616182,0.2868565717141429,ok,72,0,-0.0016105893487045678,0.670664667666167,1.0,574.0,1.0,False,False,no data,False,False,False,0.9973002699730027,547.0,1.0,False,False,no data,False,False,False,0.6280371962803719,234.0,1.0,False,False,same sign,False,False,False,0.9072092790720928,413.0,1.0,False,False,opposite sign,False,False,False
N03_ADX_GC,30m,300,272,272,0,28,-0.015958019447970234,0.04411764705882353,0.13602941176470587,0.11764705882352941,0.8014705882352942,0.14338235294117646,0.9301470588235294,0.7389705882352942,0.5110294117647058,8.68499229903874,4.527091186679364,228,212,212,0,16,-0.025553044727474262,0.0330188679245283,0.13679245283018868,0.05188679245283019,0.8066037735849056,0.13679245283018868,0.9386792452830188,0.7028301886792453,0.4858490566037736,8.709290240470283,4.708986962348249,105,87,87,0,18,-0.002281950281794192,0.04597701149425287,0.11494252873563218,0.14942528735632185,0.8160919540229885,0.12643678160919541,0.9195402298850575,0.735632183908046,0.5517241379310345,8.88871755378885,4.215324734230207,True,,260,12,-0.01164897528985705,-0.10932064287375594,-0.09767166758389889,,insufficient,116,0,-0.003570345589543271,0.7687231276872313,205,7,-0.0252495444868051,-0.0344412660613571,-0.009191721574552,,insufficient,90,0,0.0008522018568336842,0.43728135932033985,83,4,-0.0019582887611066225,-0.008997926836061307,-0.007039638074954684,,insufficient,48,0,-0.0026254732972140343,0.6736631684157921,235,37,-0.021900862234260222,0.021787063113601297,-0.04368792534786152,0.8532146785321468,ok,116,0,-0.002831084022318693,0.8818118188181182,183,29,-0.028828218922291992,-0.004885566187762399,-0.02394265273452959,,insufficient,90,0,0.0003744942066420953,0.4482758620689655,77,10,0.00532481195001622,-0.06085401946673437,0.06617883141675059,,insufficient,48,0,-0.0036108595968234493,0.8085957021489255,240,32,-0.017173611084180467,-0.006841082176393494,0.010332528907786973,0.42005799420057993,ok,116,0,-0.009310909942225075,1.0,201,11,-0.023764381792783337,-0.05823679471591765,-0.03447241292313431,,insufficient,90,0,-0.0052274191520622695,0.984007996001999,74,13,-0.0033508969500577377,0.003802823060629068,0.007153720010686806,,insufficient,48,0,-0.013903275165194521,1.0,54,218,-0.03785223503284065,-0.01053468164254362,0.027317553390297032,0.2616738326167383,ok,116,0,-0.0003041847950933374,0.5295470452954705,41,171,-0.008990758883292167,-0.02952411911116705,-0.020533360227874883,0.6811594202898551,ok,90,0,-0.0036076435737334572,0.8490754622688655,16,71,-0.07240207103329825,0.013519767070657428,0.08592183810395568,,insufficient,48,0,0.007091831958621751,0.05847076461769116,1.0,575.0,1.0,False,False,no data,False,False,False,0.8532146785321468,368.0,1.0,False,False,no data,False,False,False,0.42005799420057993,135.0,1.0,False,False,no data,False,False,False,0.2616738326167383,75.0,1.0,False,False,no data,False,False,False
N03_ADX_GC,1h,151,127,127,0,24,0.01121330846494942,0.03937007874015748,0.14960629921259844,0.10236220472440945,0.7795275590551181,0.15748031496062992,0.9133858267716536,0.7716535433070866,0.5826771653543307,8.5390889097247,4.699840559885247,127,118,118,0,9,-0.01588433476387106,0.059322033898305086,0.0847457627118644,0.07627118644067797,0.8559322033898306,0.09322033898305085,0.923728813559322,0.7203389830508474,0.559322033898305,9.134845547987096,4.738860696087977,59,35,35,0,24,0.027705076018285864,0.05714285714285714,0.17142857142857143,0.14285714285714285,0.7714285714285715,0.2,0.9428571428571428,0.8,0.5714285714285714,8.211188744802072,4.32752292788483,False,period-1 signals 151 < 300,122,5,0.006682748977454185,0.12175895995983328,0.11507621098237909,,insufficient,72,0,-2.2872152655596667e-05,0.49235076492350766,111,7,-0.021551796585246096,0.07398541697507584,0.09553721356032194,,insufficient,68,0,0.00019647779660535852,0.49225387306346824,33,2,0.02123080271687039,0.13453058549164112,0.11329978277477074,,insufficient,26,0,0.01282193987355051,0.0864567716141929,108,19,0.008115380836955345,0.028822581297757822,-0.020707200460802475,,insufficient,72,0,-0.005425145065476061,0.942905709429057,108,10,-0.023180326353315794,0.06291237440213204,-0.08609270075544784,,insufficient,68,0,-0.002573702928874752,0.743128435782109,29,6,0.06498919505981166,-0.15250149934908877,0.21749069440890043,,insufficient,26,0,-0.0072832704579966,0.8845577211394303,114,13,0.02165338363545317,-0.0803381199533142,-0.10199150358876738,,insufficient,72,0,-0.014270772502148057,0.9999000099990001,109,9,-0.032478962716276226,0.18509504821525813,0.21757401093153436,,insufficient,68,0,-0.0044232409809856,0.8775612193903048,30,5,0.08822579564460162,-0.33541924173960863,-0.4236450373842102,,insufficient,26,0,-0.015653490876620692,0.9975012493753124,28,99,-0.011221424682676355,0.017558485516803172,0.02877991019947953,,insufficient,72,0,0.0002853677641235508,0.46715328467153283,17,101,-0.055736512199761765,-0.009176542522186493,0.04655996967757527,,insufficient,68,0,0.00843320354393461,0.06696651674162919,8,27,-0.14079975561684005,0.07763243353980463,0.2184321891566447,,insufficient,26,0,0.004264030689985137,0.30184907546226886,,,,,,,,,,,,,,,,,,,,,,,,,,,,,,,,,,,,
N03_ADX_GC,4h,27,3,3,0,24,0.26178847444279746,0.0,0.3333333333333333,0.0,0.6666666666666666,0.3333333333333333,1.0,1.0,0.6666666666666666,6.970847285611893,4.304634836258033,31,6,6,0,25,0.012132427033284798,0.0,0.16666666666666666,0.3333333333333333,0.6666666666666666,0.16666666666666666,0.8333333333333334,0.8333333333333334,0.5,8.381664882236997,4.532972730190772,13,2,2,0,11,0.34523097050966106,0.0,0.0,0.5,1.0,0.0,1.0,1.0,1.0,10.0,2.8244731668022807,False,period-1 signals 27 < 300,3,0,0.26178847444279746,,,,insufficient,3,0,0.04703444451306357,0.0072992700729927005,6,0,0.012132427033284788,,,,insufficient,6,0,0.014991111438641243,0.2683658170914543,2,0,0.34523097050966106,,,,insufficient,2,0,0.05536243173724527,0.1889055472263868,2,1,0.3226779743293604,0.14000947466967148,0.18266849965968893,,insufficient,3,0,-0.024390134225092477,0.9807019298070193,5,1,-0.011664801383642098,0.13111856911791922,-0.1427833705015613,,insufficient,6,0,-0.0010329562174446888,0.519240379810095,2,0,0.34523097050966106,,,,insufficient,2,0,-0.06230229427764466,0.984007996001999,3,0,0.26178847444279746,,,,insufficient,3,0,-0.014563771371511817,0.8672132786721328,4,2,-0.02496392901420172,0.08632513912825779,0.11128906814245951,,insufficient,6,0,0.019767494907698503,0.06196901549225387,1,1,0.6271240206140782,0.06333792040524391,-0.5637861002088344,,insufficient,2,0,-0.031677646497275155,0.8195902048975512,1,2,0.14000947466967148,0.3226779743293604,0.18266849965968893,,insufficient,3,0,0.007054819513451709,0.34236576342365765,2,4,0.09998520610486172,-0.03179396250250366,-0.13177916860736538,,insufficient,6,0,0.009855254567121535,0.3493253373313343,0,2,,0.34523097050966106,,,insufficient,2,0,0.003913320455397971,0.4497751124437781,,,,,,,,,,,,,,,,,,,,,,,,,,,,,,,,,,,,
N07_ICHI_CMO,5m,22487,22425,22425,0,62,-0.06221467485525312,0.12651059085841695,0.39447045707915274,0.34367892976588627,0.4693422519509476,0.4570345596432553,0.8549386845039019,0.5251727982162765,0.522943143812709,5.9090527869913565,3.464106645099692,16346,16326,16325,1,20,-0.05735181928207763,0.12551301684532926,0.39663093415007655,0.32581929555895867,0.4781623277182236,0.4535987748851455,0.8648698315467075,0.5259418070444104,0.5285145482388974,5.927019992058469,3.4375784803448544,9699,9492,9492,0,207,-0.046606684624678305,0.13116308470290772,0.39654445849136116,0.34871470712178676,0.4839865149599663,0.4495364517488411,0.8656763590391909,0.5915507796038769,0.5563632532659082,5.943330761753367,3.384366916098503,True,,19588,2837,-0.06184833838715922,-0.0647440364121877,-0.0028956980250284883,0.7092290770922908,ok,153,0,0.00836954395252082,0.012198780121987801,14276,2049,-0.05694114110806959,-0.06021313778482961,-0.0032719966767600223,0.6991504247876063,ok,118,0,0.004436218625326012,0.07946026986506746,8247,1245,-0.04900359319954794,-0.030729331197409313,0.018274262002138626,0.02048975512243878,ok,79,0,0.004301800877892274,0.16041979010494753,13579,8846,-0.06280373037124742,-0.06131044866808529,-0.0014932817031621318,0.6603339666033397,ok,153,0,-0.0007123199287216789,0.6946305369463054,9850,6475,-0.05875552983775481,-0.055216444923248245,-0.0035390849145065656,0.8160919540229885,ok,118,0,0.0015940120337237865,0.15942028985507245,5728,3764,-0.04637743748560073,-0.046955549558960044,0.0005781120733593173,0.45377311344327836,ok,79,0,-0.0014143883825449982,0.7521239380309845,14718,7707,-0.06052636085541842,-0.06543883541702387,-0.004912474561605457,0.927007299270073,ok,153,0,-0.007693024883948532,1.0,11006,5319,-0.05782849682433829,-0.056365484815049806,0.0014630120092884863,0.3238380809595202,ok,118,0,-0.006550808808283487,1.0,6182,3310,-0.04563085618184478,-0.04842921375869548,-0.0027983575768507005,0.6956521739130435,ok,79,0,-0.005758733441308124,1.0,11900,10525,-0.059748850897026425,-0.06500263733533841,-0.005253786438311987,0.9519048095190481,ok,153,0,-0.0026331704968014513,0.9308069193080692,8519,7806,-0.056897908220563766,-0.057847190577624205,-0.0009492823570604395,0.6181909045477262,ok,118,0,-0.001433308801111234,0.7546226886556722,4898,4594,-0.05023838751244941,-0.0427346600830364,0.007503727429413014,0.10344827586206896,ok,79,0,0.002003895635624149,0.22588705647176413,0.7092290770922908,279.0,1.0,False,False,opposite sign,False,False,False,0.6603339666033397,250.0,1.0,False,False,opposite sign,False,False,False,0.927007299270073,436.0,1.0,False,False,same sign,False,False,False,0.9519048095190481,470.0,1.0,False,False,opposite sign,False,False,False
N07_ICHI_CMO,15m,7848,7691,7691,0,157,-0.04432548485126432,0.13587309842673254,0.3998179690547393,0.36198153686126644,0.465089065141074,0.4601482251982837,0.8550253543102327,0.6352879989598231,0.519438304511767,5.873343212006516,3.4011452013883594,5460,5437,5437,0,23,-0.047388134031226006,0.1322420452455398,0.4042670590399117,0.3586536693029244,0.4645944454662498,0.45668567224572376,0.8513886334375574,0.623321684752621,0.523082582306419,5.889134550989818,3.4404498170574476,3353,3032,3032,0,321,-0.020192513115080614,0.13258575197889183,0.404023746701847,0.3575197889182058,0.4825197889182058,0.45316622691292874,0.8713720316622692,0.6850263852242744,0.5699208443271768,5.909802068573815,3.296497515385674,True,,6646,1045,-0.04431694055485674,-0.04437982494114448,-6.288438628773707e-05,0.5054494550544946,ok,153,0,-0.003675485143668736,0.797020297970203,4718,719,-0.04761346613984713,-0.04590952917938396,0.0017039369604631704,0.4307846076961519,ok,118,0,0.005481012561843315,0.10844577711144428,2630,402,-0.023438017477029175,0.0010405129344833789,0.024478530411512555,0.051974012993503245,ok,79,0,-0.0022732292771020166,0.6786606696651675,4616,3075,-0.05125211373124617,-0.03392765756346069,-0.017324456167785482,0.9933006699330067,ok,153,0,-0.0012550968457476636,0.7264273572642735,3239,2198,-0.049079552134825906,-0.044895639382654555,-0.004183912752171351,0.7446276861569215,ok,118,0,0.000821909740268599,0.33983008495752126,1807,1225,-0.021160608408328507,-0.018764473772305966,-0.0023961346360225413,0.5792103948025987,ok,79,0,-0.003685220480004109,0.9070464767616192,4907,2784,-0.040277856221022146,-0.05145972108998501,-0.011181864868962867,0.9633036696330367,ok,153,0,-0.005717367485754431,0.9991000899910009,3487,1950,-0.04397973094368618,-0.053483057911354936,-0.009503326967668757,0.8935532233883059,ok,118,0,-0.002554758040639607,0.9035482258870565,1948,1084,-0.015762508193437108,-0.02815344446873518,-0.01239093627529807,0.8605697151424287,ok,79,0,-0.009875791482492936,1.0,4114,3577,-0.038763618276029484,-0.05072233111643516,-0.011958712840405679,0.9603039696030397,ok,153,0,-0.0011924111678235164,0.690930906909309,2911,2526,-0.04520288689496953,-0.04990644535887549,-0.004703558463905966,0.769615192403798,ok,118,0,0.0034591709205078966,0.08995502248875563,1569,1463,-0.018032914963994867,-0.022508582492424115,-0.004475667528429247,0.663168415792104,ok,79,0,-0.0016105893487045678,0.670664667666167,0.5054494550544946,166.0,1.0,False,False,opposite sign,False,False,False,0.9933006699330067,529.0,1.0,False,False,same sign,False,False,False,0.9633036696330367,486.0,1.0,False,False,same sign,False,False,False,0.9603039696030397,480.0,1.0,False,False,same sign,False,False,False
N07_ICHI_CMO,30m,4011,3769,3769,0,242,-0.034951170173263935,0.1408861767046962,0.42398514194746617,0.3706553462456885,0.44972141151499073,0.47068187848235604,0.8490315733616344,0.6763067126558769,0.5263995754842133,5.759954921797571,3.4341286936821467,2628,2537,2537,0,91,-0.033286773682098425,0.1277098935750887,0.4296413086322428,0.36499802916830903,0.4509262908947576,0.4828537642885298,0.8600709499408751,0.6759952700039417,0.535672053606622,5.652878432359925,3.37386618126821,1753,1400,1400,0,353,-0.044929730175970246,0.16,0.4064285714285714,0.37714285714285717,0.495,0.44642857142857145,0.8871428571428571,0.675,0.5964285714285714,5.954876445823879,3.1158103087327067,True,,3238,531,-0.03263953462406521,-0.04904735832449837,-0.016407823700433165,0.8754124587541245,ok,153,0,-0.003570345589543271,0.7687231276872313,2213,324,-0.03753968348543026,-0.004238349624155926,0.03330133386127434,0.01699150424787606,ok,118,0,0.0008522018568336842,0.43728135932033985,1176,224,-0.04207485510605564,-0.0599178242930219,-0.017842969186966262,0.8140929535232384,ok,79,0,-0.0026254732972140343,0.6736631684157921,2171,1598,-0.04608032012192046,-0.01983140513037699,-0.02624891499154347,0.998000199980002,ok,153,0,-0.002831084022318693,0.8818118188181182,1447,1090,-0.028744818250404012,-0.03931632369096249,0.010571505440558477,0.18140929535232383,ok,118,0,0.0003744942066420953,0.4482758620689655,831,569,-0.046577385894848645,-0.04252339994330249,-0.004053985951546157,0.5882058970514743,ok,79,0,-0.0036108595968234493,0.8085957021489255,2372,1397,-0.033654312303272635,-0.037153136434981436,-0.003498824131708801,0.6360363963603639,ok,153,0,-0.009310909942225075,1.0,1611,926,-0.03356298315348716,-0.03280624078965,0.0007567423638371595,0.47176411794102946,ok,118,0,-0.0052274191520622695,0.984007996001999,872,528,-0.0458702316228835,-0.04337647778637108,0.0024937538365124162,0.4492753623188406,ok,79,0,-0.013903275165194521,1.0,2074,1695,-0.02252587651472832,-0.050154744832734646,-0.027628868318006327,0.9965003499650035,ok,153,0,-0.0003041847950933374,0.5295470452954705,1393,1144,-0.0371020149346244,-0.02864111715695097,0.008460897777673431,0.22288855572213892,ok,118,0,-0.0036076435737334572,0.8490754622688655,707,693,-0.03563813543695844,-0.05440903389960852,-0.01877089846265008,0.8530734632683659,ok,79,0,0.007091831958621751,0.05847076461769116,0.8754124587541245,384.0,1.0,False,False,same sign,False,False,False,0.998000199980002,550.0,1.0,False,False,same sign,False,False,False,0.6360363963603639,239.0,1.0,False,False,opposite sign,False,False,False,0.9965003499650035,544.0,1.0,False,False,same sign,False,False,False
N07_ICHI_CMO,1h,1904,1484,1484,0,420,-0.019465838953427995,0.15498652291105122,0.41846361185983827,0.38477088948787064,0.4669811320754717,0.45417789757412397,0.8504043126684636,0.7243935309973046,0.5195417789757413,5.877210592184322,3.406240699827109,1287,1108,1106,2,179,-0.04985048219264337,0.13743218806509946,0.3996383363471971,0.35443037974683544,0.48010849909584086,0.44394213381555153,0.8580470162748643,0.666365280289331,0.546112115732369,5.983683620199858,3.4029120555507575,869,526,526,0,343,0.002246591075655516,0.16730038022813687,0.4068441064638783,0.3935361216730038,0.5,0.44106463878326996,0.8935361216730038,0.7585551330798479,0.591254752851711,5.974429978180312,3.025160625916756,True,,1254,230,-0.01763028200544769,-0.029473614661111893,-0.011843332655664202,0.7093290670932907,ok,149,0,-2.2872152655596667e-05,0.49235076492350766,954,152,-0.05137220904964201,-0.04029964389279668,0.011072565156845328,0.367816091954023,ok,118,0,0.00019647779660535852,0.49225387306346824,438,88,-0.007681732225301722,0.05166256386905633,0.059344296094358054,0.04597701149425287,ok,69,0,0.01282193987355051,0.0864567716141929,863,621,-0.0259891561490542,-0.010400423913451468,-0.015588732235602731,0.813018698130187,ok,149,0,-0.005425145065476061,0.942905709429057,664,442,-0.05212112254431095,-0.04643938446977627,-0.005681738074534683,0.6141929035482259,ok,118,0,-0.002573702928874752,0.743128435782109,312,214,0.008360283539708102,-0.006666829713056667,0.015027113252764769,0.3308345827086457,ok,69,0,-0.0072832704579966,0.8845577211394303,913,571,-0.022278814122235452,-0.014968034524143917,0.0073107795980915345,0.34556544345565443,ok,149,0,-0.014270772502148057,0.9999000099990001,714,392,-0.04700070929198941,-0.05504113997597739,-0.008040430683987979,0.6531734132933533,ok,118,0,-0.0044232409809856,0.8775612193903048,319,207,0.00844825201743896,-0.007310557911923798,-0.01575880992936276,0.6931534232883558,ok,69,0,-0.015653490876620692,0.9975012493753124,791,693,-0.018288053495550044,-0.020810179930601816,-0.002522126435051772,0.5542445755424458,ok,149,0,0.0002853677641235508,0.46715328467153283,575,531,-0.045939742825079566,-0.05408527529311266,-0.008145532468033095,0.6506746626686657,ok,118,0,0.00843320354393461,0.06696651674162919,263,263,-0.007183429423073882,0.011676611574384913,0.018860040997458794,0.2698650674662669,ok,69,0,0.004264030689985137,0.30184907546226886,0.7093290670932907,280.0,1.0,False,False,opposite sign,False,False,False,0.813018698130187,346.0,1.0,False,False,opposite sign,False,False,False,0.34556544345565443,104.0,1.0,False,False,opposite sign,False,False,False,0.5542445755424458,181.0,1.0,False,False,opposite sign,False,False,False
N07_ICHI_CMO,4h,518,108,108,0,410,-0.004768740588189978,0.18518518518518517,0.37962962962962965,0.3425925925925926,0.4351851851851852,0.4351851851851852,0.7870370370370371,0.8055555555555556,0.49074074074074076,6.069848428602054,3.7345668087644808,296,81,81,0,215,0.008688943526565485,0.12345679012345678,0.41975308641975306,0.35802469135802467,0.5061728395061729,0.4567901234567901,0.8888888888888888,0.7901234567901234,0.5432098765432098,5.831313184233264,3.201085310560135,179,17,17,0,162,-0.04242765466291127,0.23529411764705882,0.29411764705882354,0.4117647058823529,0.5882352941176471,0.35294117647058826,0.9411764705882353,0.7647058823529411,0.4117647058823529,6.899894420573994,2.33382132054507,True,,88,20,0.01826989971712611,-0.10613875793158074,-0.12440865764870686,,insufficient,55,0,0.04703444451306357,0.0072992700729927005,71,10,0.020732512574958298,-0.07682039671702352,-0.09755290929198182,,insufficient,50,0,0.014991111438641243,0.2683658170914543,13,4,-0.07093162287794716,0.05021024203595536,0.12114186491390252,,insufficient,10,0,0.05536243173724527,0.1889055472263868,67,41,-0.0019265031365021982,-0.009413372521435866,0.0074868693849336684,0.45185481451854814,ok,55,0,-0.024390134225092477,0.9807019298070193,47,34,-0.023867983129429657,0.053694106845146986,-0.07756208997457664,0.8035982008995503,ok,50,0,-0.0010329562174446888,0.519240379810095,12,5,-0.07237882458315914,0.029455153145683616,-0.10183397772884276,,insufficient,10,0,-0.06230229427764466,0.984007996001999,71,37,-0.016290925471427138,0.017341397971535385,0.03363232344296252,0.32196780321967805,ok,55,0,-0.014563771371511817,0.8672132786721328,52,29,-0.06255271964996126,0.13643261542930307,0.19898533507926433,,insufficient,50,0,0.019767494907698503,0.06196901549225387,10,7,-0.04138451866401105,-0.04391784894705443,-0.0025333302830433807,,insufficient,10,0,-0.031677646497275155,0.8195902048975512,61,47,0.017315329071266452,-0.03343104376322918,-0.05074637283449564,0.8049195080491951,ok,55,0,0.007054819513451709,0.34236576342365765,40,41,0.03753253644707989,-0.019451147127594916,-0.05698368357467481,0.7701149425287356,ok,50,0,0.009855254567121535,0.3493253373313343,7,10,-0.03782567887745796,-0.04564903771272859,-0.007823358835270626,,insufficient,10,0,0.003913320455397971,0.4497751124437781,1.0,576.0,1.0,False,False,no data,False,False,False,0.45185481451854814,147.0,1.0,False,False,no data,False,False,False,0.32196780321967805,94.0,1.0,False,False,no data,False,False,False,0.8049195080491951,340.0,1.0,False,False,no data,False,False,False
N08_ICHI_WR,5m,3441,3428,3428,0,13,-0.06830640321483657,0.10122520420070012,0.4865810968494749,0.37864644107351225,0.19661610268378063,0.6306884480746792,0.5262543757292882,0.5078763127187864,0.48774795799299886,4.56150186875463,5.5347813430747745,2347,2341,2341,0,6,-0.05784817425831555,0.10850064075181547,0.4878257155061939,0.3985476292182828,0.19051687313114055,0.6377616403246475,0.53438701409654,0.5228534814181973,0.5010679196924391,4.517628624315768,5.441396014582512,1412,1384,1384,0,28,-0.04780103188324057,0.10115606936416185,0.5115606936416185,0.41690751445086704,0.19869942196531792,0.648121387283237,0.5585260115606936,0.5960982658959537,0.49783236994219654,4.376070449703541,5.223416037172932,True,,3081,347,-0.06794210021016354,-0.07154103594508907,-0.0035989357349255208,0.6104389561043896,ok,153,0,0.00836954395252082,0.012198780121987801,2087,254,-0.05485945233886835,-0.08240511380904907,-0.027545661470180713,0.9455272363818091,ok,118,0,0.004436218625326012,0.07946026986506746,1244,140,-0.05207538241624991,-0.009820374289928924,0.04225500812632099,0.021989005497251374,ok,79,0,0.004301800877892274,0.16041979010494753,1760,1668,-0.069730132261132,-0.06680414714680302,-0.002925985114328983,0.6392360763923608,ok,153,0,-0.0007123199287216789,0.6946305369463054,1199,1142,-0.06641260865269526,-0.04885626809468922,-0.017556340558006034,0.9635182408795602,ok,118,0,0.0015940120337237865,0.15942028985507245,676,708,-0.03870039276651395,-0.05649034267830722,0.017789949911793272,0.11094452773613193,ok,79,0,-0.0014143883825449982,0.7521239380309845,2130,1298,-0.07013215368278489,-0.06531037201550689,0.004821781667277994,0.2896710328967103,ok,153,0,-0.007693024883948532,1.0,1408,933,-0.060584042863150354,-0.05371944650310935,0.0068645963600410045,0.24287856071964017,ok,118,0,-0.006550808808283487,1.0,807,577,-0.03855085081062166,-0.06073846017718071,-0.02218760936655905,0.9325337331334332,ok,79,0,-0.005758733441308124,1.0,2754,674,-0.07007071423980435,-0.06109733413062106,0.00897338010918329,0.1795820417958204,ok,153,0,-0.0026331704968014513,0.9308069193080692,1895,446,-0.05650898657845787,-0.06353822056623101,-0.007029233987773144,0.7486256871564217,ok,118,0,-0.001433308801111234,0.7546226886556722,1109,275,-0.05378236690847863,-0.023679938999644205,0.030102427908834425,0.019490254872563718,ok,79,0,0.002003895635624149,0.22588705647176413,0.6104389561043896,217.0,1.0,False,False,opposite sign,False,False,False,0.6392360763923608,241.0,1.0,False,False,opposite sign,False,False,False,0.2896710328967103,85.0,1.0,False,False,opposite sign,False,False,False,0.1795820417958204,49.0,1.0,False,False,same sign,False,False,False
N08_ICHI_WR,15m,1171,1155,1155,0,16,-0.05777278532479993,0.10043290043290043,0.48744588744588746,0.3826839826839827,0.18874458874458874,0.6337662337662338,0.5151515151515151,0.6147186147186147,0.47186147186147187,4.5623510556007485,5.613127968478817,872,865,864,1,7,-0.060225843445385785,0.1111111111111111,0.4837962962962963,0.3773148148148148,0.19675925925925927,0.6226851851851852,0.5138888888888888,0.5960648148148148,0.4849537037037037,4.591509737806009,5.624469805818625,461,426,426,0,35,-0.025411600852831288,0.09389671361502347,0.528169014084507,0.392018779342723,0.18544600938967137,0.6525821596244131,0.5258215962441315,0.6784037558685446,0.5164319248826291,4.315148888171224,5.496146903566507,True,,1039,116,-0.057353183617932645,-0.06153111440613693,-0.004177930788204283,0.5608439156084392,ok,152,0,-0.003675485143668736,0.797020297970203,768,96,-0.06374838701029467,-0.032045494926114665,0.03170289208418001,0.12593703148425786,ok,118,0,0.005481012561843315,0.10844577711144428,386,40,-0.030327604113133205,0.022027830609082207,0.05235543472221541,0.13193403298350825,ok,78,0,-0.0022732292771020166,0.6786606696651675,592,563,-0.060660595067984435,-0.05473622516855616,-0.005924369899428274,0.6474352564743525,ok,152,0,-0.0012550968457476636,0.7264273572642735,446,418,-0.06344209202602617,-0.05679415237609005,-0.006647939649936124,0.6561719140429785,ok,118,0,0.000821909740268599,0.33983008495752126,201,225,-0.03519199155101866,-0.016674451829117233,-0.018517539721901427,0.7631184407796102,ok,78,0,-0.003685220480004109,0.9070464767616192,713,442,-0.05393452700602332,-0.06396436492047348,-0.010029837914450168,0.742025797420258,ok,152,0,-0.005717367485754431,0.9991000899910009,538,326,-0.0510447913687223,-0.07537739564552366,-0.02433260427680136,0.9240379810094953,ok,118,0,-0.002554758040639607,0.9035482258870565,259,167,-0.026952367580701027,-0.023022028502422534,0.003930339078278493,0.4482758620689655,ok,78,0,-0.009875791482492936,1.0,937,218,-0.05599016992455931,-0.06543476069188917,-0.009444590767329855,0.671032896710329,ok,152,0,-0.0011924111678235164,0.690930906909309,694,170,-0.05504003172566852,-0.08139615717176098,-0.026356125446092456,0.896551724137931,ok,118,0,0.0034591709205078966,0.08995502248875563,347,79,-0.02477893690495589,-0.028190517180840913,-0.003411580275885024,0.5467266366816592,ok,78,0,-0.0016105893487045678,0.670664667666167,0.5608439156084392,187.0,1.0,False,False,opposite sign,False,False,False,0.6474352564743525,245.0,1.0,False,False,same sign,False,False,False,0.742025797420258,302.0,1.0,False,False,opposite sign,False,False,False,0.671032896710329,257.0,1.0,False,False,same sign,False,False,False
N08_ICHI_WR,30m,544,501,501,0,43,-0.040179976265278444,0.09580838323353294,0.47305389221556887,0.3592814371257485,0.18762475049900199,0.6307385229540918,0.500998003992016,0.6646706586826348,0.5029940119760479,4.589466742008556,5.781355227487609,403,387,387,0,16,-0.04126642588301085,0.1343669250645995,0.45478036175710596,0.35400516795865633,0.24031007751937986,0.5891472868217055,0.5503875968992248,0.6434108527131783,0.4754521963824289,4.88807216727296,5.443911546125491,230,182,182,0,48,-0.03683872831456349,0.14285714285714285,0.4725274725274725,0.3901098901098901,0.23076923076923078,0.5714285714285714,0.521978021978022,0.7087912087912088,0.510989010989011,5.028545703326705,5.528617324080625,True,,453,48,-0.04078879038276443,-0.03443429303150445,0.00635449735125998,0.42545745425457454,ok,143,0,-0.003570345589543271,0.7687231276872313,335,52,-0.04939300725224316,0.011087511784158956,0.060480519036402114,0.12193903048475763,ok,111,0,0.0008522018568336842,0.43728135932033985,156,26,-0.032908720845382884,-0.060418773129647135,-0.02751005228426425,,insufficient,63,0,-0.0026254732972140343,0.6736631684157921,264,237,-0.04365099740638834,-0.036313522335940845,-0.007337475070447491,0.6191380861913809,ok,143,0,-0.002831084022318693,0.8818118188181182,211,176,-0.025745039068442784,-0.0598744521209305,0.03412941305248772,0.08045977011494253,ok,111,0,0.0003744942066420953,0.4482758620689655,96,86,-0.05791587159557862,-0.013310754419476838,-0.044605117176101786,0.8845577211394303,ok,63,0,-0.0036108595968234493,0.8085957021489255,321,180,-0.03258261288952765,-0.053728607618700686,-0.021145994729173036,0.7964203579642036,ok,143,0,-0.009310909942225075,1.0,250,137,-0.06435509667030498,0.0008661850427083866,0.06522128171301336,0.0239880059970015,ok,111,0,-0.0052274191520622695,0.984007996001999,111,71,-0.01230773888788131,-0.07518999347458773,-0.06288225458670642,0.9560219890054973,ok,63,0,-0.013903275165194521,1.0,407,94,-0.042739949343141695,-0.029095837513253536,0.013644111829888159,0.3230676932306769,ok,143,0,-0.0003041847950933374,0.5295470452954705,294,93,-0.05598666811428312,0.005268533428753168,0.06125520154303629,0.0559720139930035,ok,111,0,-0.0036076435737334572,0.8490754622688655,140,42,-0.01289610328836069,-0.11664747840190616,-0.10375137511354547,0.968015992003998,ok,63,0,0.007091831958621751,0.05847076461769116,0.42545745425457454,138.0,1.0,False,False,no data,False,False,False,0.6191380861913809,225.0,1.0,False,False,same sign,False,False,False,0.7964203579642036,333.0,1.0,False,False,same sign,False,False,False,0.3230676932306769,95.0,1.0,False,False,opposite sign,False,False,False
N08_ICHI_WR,1h,252,192,192,0,60,-0.024820689557323767,0.10416666666666667,0.4635416666666667,0.3802083333333333,0.19791666666666666,0.6302083333333334,0.5260416666666666,0.7135416666666666,0.4583333333333333,4.607057898487194,5.484834642341262,217,196,196,0,21,-0.02019024582757583,0.1377551020408163,0.42857142857142855,0.30612244897959184,0.20918367346938777,0.576530612244898,0.4489795918367347,0.7346938775510204,0.40816326530612246,5.053088553331676,6.175186566084781,82,47,47,0,35,-0.07076431545925298,0.0851063829787234,0.5319148936170213,0.48936170212765956,0.10638297872340426,0.6595744680851063,0.5106382978723404,0.6170212765957447,0.574468085106383,4.29238334341623,5.397158016235396,False,period-1 signals 252 < 300,172,20,-0.031261485112756913,0.030570152219401354,0.06183163733215827,,insufficient,99,0,-2.2872152655596667e-05,0.49235076492350766,169,27,-0.03134518224999668,0.049631393260910275,0.08097657551090695,,insufficient,84,0,0.00019647779660535852,0.49225387306346824,43,4,-0.08819866050329421,0.11665489376419053,0.20485355426748475,,insufficient,32,0,0.01282193987355051,0.0864567716141929,103,89,0.010840551696084074,-0.06609156426632383,0.0769321159624079,0.027797220277972202,ok,99,0,-0.005425145065476061,0.942905709429057,112,84,-0.007462054510447173,-0.03716116758374737,0.0296991130733002,0.25687156421789104,ok,84,0,-0.002573702928874752,0.743128435782109,22,25,-0.043976754445110774,-0.0943373691516981,0.05036061470658733,,insufficient,32,0,-0.0072832704579966,0.8845577211394303,119,73,0.004591365151084262,-0.07276636778061904,-0.0773577329317033,0.952904709529047,ok,99,0,-0.014270772502148057,0.9999000099990001,136,60,-0.025851228227976496,-0.007358685720001002,0.018492542507975496,0.3153423288355822,ok,84,0,-0.0044232409809856,0.8775612193903048,24,23,0.027641863163078904,-0.17344902358690364,-0.20109088674998254,,insufficient,32,0,-0.015653490876620692,0.9975012493753124,154,38,-0.03743073128876748,0.026283163775369166,0.06371389506413665,0.1528847115288471,ok,99,0,0.0002853677641235508,0.46715328467153283,155,41,-0.013107030054205906,-0.04696825667812066,-0.03386122662391475,0.7551224387806097,ok,84,0,0.00843320354393461,0.06696651674162919,42,5,-0.06206637587595552,-0.14382700795895148,-0.08176063208299596,,insufficient,32,0,0.004264030689985137,0.30184907546226886,,,,,,,,,,,,,,,,,,,,,,,,,,,,,,,,,,,,
N08_ICHI_WR,4h,54,16,16,0,38,-0.11693752439772674,0.0625,0.4375,0.5,0.125,0.75,0.625,0.625,0.5625,3.6582194400288874,4.432602512607112,31,5,5,0,26,0.09138292720546481,0.2,0.4,0.2,0.2,0.6,0.2,1.0,0.6,5.248966773818043,8.031264725916321,16,0,0,0,16,,,,,,,,,,,,False,period-1 signals 54 < 300,15,1,-0.1429894655606474,0.27384159304608235,0.41683105860672975,,insufficient,13,0,0.04703444451306357,0.0072992700729927005,4,1,0.16350872694824167,-0.1971202717656425,-0.3606289987138842,,insufficient,4,0,0.014991111438641243,0.2683658170914543,0,0,,,,,insufficient,0,0,0.05536243173724527,0.1889055472263868,9,7,-0.16286837866490197,-0.0578835689113586,-0.10498480975354338,,insufficient,13,0,-0.024390134225092477,0.9807019298070193,3,2,0.12080143042520358,0.04725517237585667,0.07354625804934692,,insufficient,4,0,-0.0010329562174446888,0.519240379810095,0,0,,,,,insufficient,0,0,-0.06230229427764466,0.984007996001999,8,8,-0.10064043767952853,-0.13323461111592497,-0.03259417343639644,,insufficient,13,0,-0.014563771371511817,0.8672132786721328,4,1,0.047538064412250225,0.2667623783783232,0.21922431396607295,,insufficient,4,0,0.019767494907698503,0.06196901549225387,0,0,,,,,insufficient,0,0,-0.031677646497275155,0.8195902048975512,14,2,-0.12616630281218555,-0.05233607549651515,0.0738302273156704,,insufficient,13,0,0.007054819513451709,0.34236576342365765,4,1,0.047538064412250225,0.2667623783783232,0.21922431396607295,,insufficient,4,0,0.009855254567121535,0.3493253373313343,0,0,,,,,insufficient,0,0,0.003913320455397971,0.4497751124437781,,,,,,,,,,,,,,,,,,,,,,,,,,,,,,,,,,,,
N09_ALLIG_AROON,5m,24412,24321,24321,0,91,-0.060856125540711535,0.2526211915628469,0.22104354261749107,0.22860902101064923,0.5671641791044776,0.23214505982484274,0.7480366761235147,0.535668763619917,0.49928045721804204,7.815680579302634,4.522786046849348,18330,18307,18304,3,23,-0.061300140474618174,0.2448645104895105,0.22601617132867133,0.20864291958041958,0.5514641608391608,0.23809003496503497,0.7373251748251748,0.5259506118881119,0.5043159965034965,7.763995824147454,4.642743482188346,10781,10567,10567,0,214,-0.048055994205144434,0.24690072868363774,0.20308507618056212,0.22645973313144696,0.5799186145547459,0.21510362449134096,0.7475158512349768,0.5969527775149049,0.49891170625532316,7.981736533690215,4.517410296806174,True,,18177,6144,-0.06062631961691953,-0.0615360054685708,-0.0009096858516512707,0.5884411558844116,ok,153,0,0.00836954395252082,0.012198780121987801,13822,4482,-0.060129373757564594,-0.06491065755697298,-0.004781283799408384,0.8730634682658671,ok,118,0,0.004436218625326012,0.07946026986506746,7958,2609,-0.0483610634342022,-0.04712546874525878,0.0012355946889434158,0.4147926036981509,ok,79,0,0.004301800877892274,0.16041979010494753,18945,5376,-0.06250665299256683,-0.05503967416879961,-0.00746697882376722,0.9687031296870313,ok,153,0,-0.0007123199287216789,0.6946305369463054,14167,4137,-0.06240358139630882,-0.05752144878073578,-0.004882132615573041,0.8865567216391804,ok,118,0,0.0015940120337237865,0.15942028985507245,8421,2146,-0.04899742720101256,-0.04436176901492749,-0.004635658186085065,0.7946026986506747,ok,79,0,-0.0014143883825449982,0.7521239380309845,18761,5560,-0.06204062892833016,-0.056859278768209225,0.005181350160120939,0.0832916708329167,ok,153,0,-0.007693024883948532,1.0,14485,3819,-0.06198752757117263,-0.058692965273363575,0.003294562297809056,0.20439780109945027,ok,118,0,-0.006550808808283487,1.0,8174,2393,-0.047404771623979096,-0.05028043773980611,-0.0028756661158270136,0.6781609195402298,ok,79,0,-0.005758733441308124,1.0,10527,13794,-0.060518261758328876,-0.061113968953582516,-0.0005957071952536405,0.5661433856614339,ok,153,0,-0.0026331704968014513,0.9308069193080692,8210,10094,-0.0599695205556208,-0.06238240613094553,-0.002412885575324729,0.7821089455272364,ok,118,0,-0.001433308801111234,0.7546226886556722,4439,6128,-0.050718967709508955,-0.04612698973617019,0.004591977973338768,0.16941529235382308,ok,79,0,0.002003895635624149,0.22588705647176413,0.5884411558844116,206.0,1.0,False,False,opposite sign,False,False,False,0.9687031296870313,493.0,1.0,False,False,same sign,False,False,False,0.0832916708329167,23.0,1.0,False,False,opposite sign,False,False,False,0.5661433856614339,191.0,1.0,False,False,opposite sign,False,False,False
N09_ALLIG_AROON,15m,8807,8570,8570,0,237,-0.04797649733723056,0.2514585764294049,0.22823803967327888,0.2471411901983664,0.5530921820303384,0.2394399066511085,0.7394399066511085,0.6352392065344225,0.5025670945157527,7.75123272117564,4.511905019292117,6585,6529,6529,0,56,-0.04595015215822481,0.25333129116250575,0.2318884974728136,0.23051003216419053,0.5339255628733344,0.24352887119007505,0.7212436820340021,0.6356256700873028,0.48675141675601163,7.712789909771753,4.67010042480002,3696,3339,3339,0,357,-0.031011490315837473,0.255465708295897,0.20904462413896377,0.25097334531296794,0.5630428271937706,0.2168313866427074,0.7352500748727164,0.6855345911949685,0.4968553459119497,7.963241256351398,4.541865021967903,True,,6415,2155,-0.049291312102841114,-0.044062559183452525,0.005228752919388589,0.25207479252074794,ok,153,0,-0.003675485143668736,0.797020297970203,4875,1654,-0.04682207536938972,-0.04338024547477322,0.0034418298946164994,0.3258370814592704,ok,118,0,0.005481012561843315,0.10844577711144428,2486,853,-0.03630423231029983,-0.01558621880559896,0.020718013504700872,0.04297851074462768,ok,79,0,-0.0022732292771020166,0.6786606696651675,6614,1956,-0.05030568020979682,-0.04010062028244879,-0.010205059927348027,0.9151084891510849,ok,153,0,-0.0012550968457476636,0.7264273572642735,5015,1514,-0.047907583182424114,-0.03946632350144839,-0.008441259680975727,0.8740629685157422,ok,118,0,0.000821909740268599,0.33983008495752126,2641,698,-0.03432045161180695,-0.01849148059856617,-0.015828971013240777,0.9140429785107447,ok,79,0,-0.003685220480004109,0.9070464767616192,6452,2118,-0.04766554414324665,-0.04892374474402198,-0.0012582006007753332,0.5766423357664233,ok,153,0,-0.005717367485754431,0.9991000899910009,5024,1505,-0.04683193724614293,-0.04300657190460312,0.0038253653415398076,0.28585707146426786,ok,118,0,-0.002554758040639607,0.9035482258870565,2501,838,-0.034540258008859584,-0.020479929456352616,0.014060328552506968,0.11144427786106946,ok,79,0,-0.009875791482492936,1.0,3830,4740,-0.04484611340597711,-0.05050590038716743,-0.0056597869811903165,0.8173182681731826,ok,153,0,-0.0011924111678235164,0.690930906909309,3043,3486,-0.04290843715160393,-0.04860532678964975,-0.005696889638045821,0.8055972013993004,ok,118,0,0.0034591709205078966,0.08995502248875563,1459,1880,-0.0325332754543081,-0.02983048791316265,0.0027027875411454495,0.40679660169915044,ok,79,0,-0.0016105893487045678,0.670664667666167,0.25207479252074794,73.0,1.0,False,False,same sign,False,False,False,0.9151084891510849,420.0,1.0,False,False,same sign,False,False,False,0.5766423357664233,196.0,1.0,False,False,opposite sign,False,False,False,0.8173182681731826,347.0,1.0,False,False,opposite sign,False,False,False
N09_ALLIG_AROON,30m,4534,4171,4171,0,363,-0.03777075752244799,0.26276672260848716,0.2378326540397986,0.2500599376648286,0.5435147446655478,0.2505394389834572,0.7405897866219132,0.6859266362982498,0.4986813713737713,7.650875147819731,4.498993050977211,3307,3169,3169,0,138,-0.04016113467736766,0.25086778163458506,0.2183654149573998,0.23414326285894604,0.5424424108551593,0.23224992111076048,0.7175765225623225,0.6784474597664879,0.5074155885137267,7.828574865106664,4.704047470706433,1795,1381,1381,0,414,-0.03667329555380723,0.27516292541636495,0.21506154960173787,0.2614047791455467,0.6053584359160029,0.22447501810282405,0.7871107892831282,0.6980448950036205,0.4945691527878349,7.902267758194715,4.184045508655621,True,,3075,1096,-0.036345611723071575,-0.04176922771686634,-0.005423615993794768,0.7136286371362863,ok,153,0,-0.003570345589543271,0.7687231276872313,2374,795,-0.04453278882256017,-0.027106660538138715,0.017426128284421454,0.06146926536731634,ok,118,0,0.0008522018568336842,0.43728135932033985,1001,380,-0.03496927875132822,-0.041162034551916395,-0.006192755800588173,0.6436781609195402,ok,77,0,-0.0026254732972140343,0.6736631684157921,3179,992,-0.036524250141826156,-0.041765361315791574,0.005241111173965418,0.31226877312268775,ok,153,0,-0.002831084022318693,0.8818118188181182,2477,692,-0.03726442150976106,-0.050529860856791856,0.013265439347030797,0.11794102948525736,ok,118,0,0.0003744942066420953,0.4482758620689655,1084,297,-0.0397978842540157,-0.02526907282308001,-0.014528811430935692,0.7811094452773614,ok,77,0,-0.0036108595968234493,0.8085957021489255,3128,1043,-0.0346964406104959,-0.04699076068696013,-0.012294320076464228,0.8975102489751025,ok,153,0,-0.009310909942225075,1.0,2427,742,-0.04307760995264459,-0.030621666357829824,0.012455943594814767,0.15292353823088456,ok,118,0,-0.0052274191520622695,0.984007996001999,1020,361,-0.031128192665873636,-0.05234089928148663,-0.021212706615612992,0.8445777111444278,ok,77,0,-0.013903275165194521,1.0,1904,2267,-0.03692895650862078,-0.03847776640216877,-0.0015488098935479838,0.5591440855914409,ok,153,0,-0.0003041847950933374,0.5295470452954705,1450,1719,-0.045267802048147406,-0.0358535909381992,0.009414211109948209,0.19740129935032483,ok,118,0,-0.0036076435737334572,0.8490754622688655,545,836,-0.03483255232516222,-0.03787330160597414,-0.0030407492808119177,0.5732133933033483,ok,77,0,0.007091831958621751,0.05847076461769116,0.7136286371362863,282.0,1.0,False,False,same sign,False,False,False,0.31226877312268775,92.0,1.0,False,False,opposite sign,False,False,False,0.8975102489751025,405.0,1.0,False,False,same sign,False,False,False,0.5591440855914409,185.0,1.0,False,False,same sign,False,False,False
N09_ALLIG_AROON,1h,2242,1721,1721,0,521,-0.0320017359680646,0.2475305055200465,0.2399767576990122,0.26321905868681,0.5496804183614178,0.252760023242301,0.7542126670540383,0.7164439279488669,0.4938988959907031,7.638141683579917,4.410486663742537,1559,1334,1334,0,225,-0.02737796904780777,0.24287856071964017,0.2376311844077961,0.2151424287856072,0.5344827586206896,0.25037481259370314,0.7241379310344828,0.724887556221889,0.4827586206896552,7.634866451652237,4.698810251693398,903,493,493,0,410,-0.042554464701085155,0.24543610547667344,0.23935091277890466,0.3002028397565923,0.5436105476673428,0.25963488843813387,0.768762677484787,0.7302231237322515,0.5233265720081136,7.5792019393747125,4.206264482135659,True,,1295,426,-0.026920671758077445,-0.04744769407119457,-0.020527022313117125,0.8629137086291371,ok,151,0,-2.2872152655596667e-05,0.49235076492350766,1010,324,-0.035408161886345255,-0.002345577791873004,0.03306258409447225,0.033483258370814596,ok,117,0,0.00019647779660535852,0.49225387306346824,372,121,-0.046622474202951174,-0.03004785697634003,0.016574617226611143,0.2978510744627686,ok,69,0,0.01282193987355051,0.0864567716141929,1308,413,-0.038279856109575294,-0.012118488643376961,-0.026161367466198335,0.9164083591640836,ok,151,0,-0.005425145065476061,0.942905709429057,1017,317,-0.024166740294562814,-0.03768023921200373,0.013513498917440917,0.23488255872063968,ok,117,0,-0.002573702928874752,0.743128435782109,375,118,-0.03662597936233977,-0.06139499014201331,0.024769010779673535,0.18640679660169915,ok,69,0,-0.0072832704579966,0.8845577211394303,1268,453,-0.032559939511814656,-0.03043925894052581,0.002120680571288846,0.45235476452354767,ok,151,0,-0.014270772502148057,0.9999000099990001,1047,287,-0.026515602053784497,-0.03052395595631776,-0.004008353902533263,0.5887056471764118,ok,117,0,-0.0044232409809856,0.8775612193903048,345,148,-0.03280262614405275,-0.06528679106714044,-0.03248416492308769,0.88055972013993,ok,69,0,-0.015653490876620692,0.9975012493753124,775,946,-0.025915566477097193,-0.03698776277091845,-0.011072196293821255,0.7618238176182381,ok,151,0,0.0002853677641235508,0.46715328467153283,621,713,-0.025827737704100847,-0.028728170540713797,-0.0029004328366129505,0.5767116441779111,ok,117,0,0.00843320354393461,0.06696651674162919,225,268,-0.03759300588184849,-0.046719868560518914,-0.009126862678670425,0.6306846576711644,ok,69,0,0.004264030689985137,0.30184907546226886,0.8629137086291371,379.0,1.0,False,False,opposite sign,False,False,False,0.9164083591640836,422.0,1.0,False,False,opposite sign,False,False,False,0.45235476452354767,148.0,1.0,False,False,opposite sign,False,False,False,0.7618238176182381,317.0,1.0,False,False,same sign,False,False,False
N09_ALLIG_AROON,4h,526,107,107,0,419,0.014405825939913361,0.34579439252336447,0.18691588785046728,0.2523364485981308,0.616822429906542,0.205607476635514,0.7476635514018691,0.794392523364486,0.5981308411214953,8.095282593736744,4.477635824259,385,89,89,0,296,-0.0008466042439502257,0.24719101123595505,0.30337078651685395,0.2808988764044944,0.449438202247191,0.33707865168539325,0.7640449438202247,0.797752808988764,0.5730337078651685,6.8980765410422915,4.356092016625452,210,25,25,0,185,-0.16768504541577664,0.16,0.16,0.2,0.64,0.16,0.76,0.6,0.64,8.450030668119888,4.42181998547112,True,,70,37,-0.005735290130091946,0.05251064012640988,0.05824593025650183,0.20577942205779423,ok,59,0,0.04703444451306357,0.0072992700729927005,67,22,-0.03404075467297794,0.10024467206263417,0.1342854267356121,,insufficient,48,0,0.014991111438641243,0.2683658170914543,21,4,-0.16751099613331513,-0.16859880414869938,-0.001087808015384245,,insufficient,13,0,0.05536243173724527,0.1889055472263868,87,20,0.02118057519995018,-0.01506433334124683,0.03624490854119701,,insufficient,59,0,-0.024390134225092477,0.9807019298070193,62,27,0.04521583756862655,-0.10661961877653396,0.15183545634516052,,insufficient,48,0,-0.0010329562174446888,0.519240379810095,21,4,-0.11796064028634005,-0.4287381723453188,0.31077753205897873,,insufficient,13,0,-0.06230229427764466,0.984007996001999,80,27,0.014175032441625634,0.015089658527432555,0.0009146260858069206,,insufficient,59,0,-0.014563771371511817,0.8672132786721328,64,25,0.004089754324216407,-0.013483682178456803,-0.01757343650267321,,insufficient,48,0,0.019767494907698503,0.06196901549225387,20,5,-0.11579290198455301,-0.3752536191406711,-0.2594607171561181,,insufficient,13,0,-0.031677646497275155,0.8195902048975512,41,66,0.007831174919582877,0.018490078846482294,0.010658903926899417,0.42875712428757123,ok,59,0,0.007054819513451709,0.34236576342365765,49,40,-0.057945101687050936,0.06909905512384815,0.1270441568108991,0.022988505747126436,ok,48,0,0.009855254567121535,0.3493253373313343,9,16,-0.16155603665882629,-0.17113261284156117,-0.009576576182734886,,insufficient,13,0,0.003913320455397971,0.4497751124437781,0.20577942205779423,56.0,1.0,False,False,no data,False,False,True,1.0,577.0,1.0,False,False,no data,False,False,False,1.0,578.0,1.0,False,False,no data,False,False,False,0.42875712428757123,139.0,1.0,False,False,no data,False,False,False
N10_HA_PSAR,5m,81759,81418,81418,0,341,-0.060238075164850004,0.1538357611339016,0.4066791127269154,0.23386720381242476,0.29935640767397875,0.5446707116362475,0.5890957773465327,0.5388489031909406,0.512613918298165,5.325076287698323,5.625927326705052,66239,66129,66127,2,110,-0.061862479021205834,0.14869871610688523,0.39230571476099024,0.2225717180576769,0.30624404554871687,0.5334129780573744,0.5751810909310872,0.5241731819075416,0.5117123111588308,5.45317090537688,5.769771667611755,35570,34566,34566,0,1004,-0.049827154465771316,0.16209570097783949,0.4077706416710062,0.23922351443615114,0.3123589654573859,0.5372041890875426,0.6022391945842736,0.5949777237748076,0.520048602673147,5.370160782283824,5.53541958346821,True,,68893,12525,-0.059874890687291925,-0.06223574927362511,-0.002360858586333184,0.8295170482951705,ok,153,0,0.00836954395252082,0.012198780121987801,56294,9833,-0.06231723030489811,-0.05925902445350801,0.0030582058513900987,0.1584207896051974,ok,118,0,0.004436218625326012,0.07946026986506746,28963,5603,-0.0498960998981958,-0.049470762076103174,0.00042533782209262794,0.43928035982008995,ok,79,0,0.004301800877892274,0.16041979010494753,48307,33111,-0.06174899685869813,-0.05803372935032548,-0.003715267508372644,0.9781021897810219,ok,153,0,-0.0007123199287216789,0.6946305369463054,40185,25942,-0.06355340736311951,-0.05924317613708735,-0.004310231226032163,0.9945027486256871,ok,118,0,0.0015940120337237865,0.15942028985507245,20471,14095,-0.05329369449988672,-0.044792493874187274,-0.008501200625699444,0.9970014992503748,ok,79,0,-0.0014143883825449982,0.7521239380309845,62377,19041,-0.05912503903713415,-0.06388430459284915,-0.004759265555715,0.9946005399460054,ok,153,0,-0.007693024883948532,1.0,51409,14718,-0.06119554148627128,-0.0641920476944937,-0.0029965062082224214,0.9290354822588706,ok,118,0,-0.006550808808283487,1.0,26297,8269,-0.04853610422954898,-0.053932940904511006,-0.005396836674962026,0.9635182408795602,ok,79,0,-0.005758733441308124,1.0,57045,24373,-0.05945547352415376,-0.06206975409618867,-0.002614280572034916,0.8771122887711229,ok,153,0,-0.0026331704968014513,0.9308069193080692,45876,20251,-0.06046375835131399,-0.06503109832158402,-0.004567339970270028,0.9815092453773113,ok,118,0,-0.001433308801111234,0.7546226886556722,23769,10797,-0.04961095358608315,-0.050303108778016185,-0.0006921551919330388,0.5827086456771614,ok,79,0,0.002003895635624149,0.22588705647176413,0.8295170482951705,355.0,1.0,False,False,opposite sign,False,False,False,0.9781021897810219,505.0,1.0,False,False,same sign,False,False,False,0.9946005399460054,538.0,1.0,False,False,same sign,False,False,False,0.8771122887711229,387.0,1.0,False,False,same sign,False,False,False
N10_HA_PSAR,15m,25418,24704,24704,0,714,-0.047871570200297184,0.15867875647668395,0.4061690414507772,0.25076910621761656,0.31031411917098445,0.5358646373056994,0.6054485103626943,0.6361318005181347,0.5162726683937824,5.38900463752105,5.473212508915572,20817,20589,20582,7,228,-0.04971170685743082,0.14974249344087065,0.3983092022155281,0.2434651637353027,0.30570401321543095,0.5343504032649888,0.5806044116218054,0.6264211446895346,0.5147216013992809,5.44552955465011,5.666326097356726,11590,10255,10255,0,1335,-0.03828473549593201,0.15933690882496343,0.40331545587518286,0.2597757191613847,0.31701608971233547,0.529205265724037,0.6196001950268162,0.668259385665529,0.5250121891760117,5.436246842720454,5.388568295802837,True,,20784,3920,-0.04725611708831014,-0.051134727720587664,-0.0038786106322775266,0.7868213178682132,ok,153,0,-0.003675485143668736,0.797020297970203,17500,3082,-0.049307342474702295,-0.05200774082814755,-0.002700398353445252,0.6891554222888556,ok,118,0,0.005481012561843315,0.10844577711144428,8621,1634,-0.03781078742364317,-0.040785290166190355,-0.0029745027425471873,0.6326836581709145,ok,79,0,-0.0022732292771020166,0.6786606696651675,14670,10034,-0.05112416850595233,-0.043116176823382604,-0.008007991682569729,0.9871012898710129,ok,153,0,-0.0012550968457476636,0.7264273572642735,12384,8198,-0.05220751033538477,-0.0459415153142518,-0.006265995021132967,0.9435282358820589,ok,118,0,0.000821909740268599,0.33983008495752126,6119,4136,-0.038440241169670056,-0.038054672822430295,-0.0003855683472397606,0.5247376311844077,ok,79,0,-0.003685220480004109,0.9070464767616192,18509,6195,-0.046999046156118995,-0.05047843824447702,-0.003479392088358027,0.8278172182781722,ok,153,0,-0.005717367485754431,0.9991000899910009,15571,5011,-0.04699182039591229,-0.058163383587086566,-0.011171563191174273,0.9970014992503748,ok,118,0,-0.002554758040639607,0.9035482258870565,7591,2664,-0.040209927094179546,-0.03279895117825293,0.0074109759159266125,0.10844577711144428,ok,79,0,-0.009875791482492936,1.0,17038,7666,-0.047315993186342394,-0.049106362942765464,-0.00179036975642307,0.6747325267473253,ok,153,0,-0.0011924111678235164,0.690930906909309,14290,6292,-0.04830140054164679,-0.05291470705650167,-0.0046133065148548785,0.863568215892054,ok,118,0,0.0034591709205078966,0.08995502248875563,7004,3251,-0.040471470409669794,-0.033573603125639985,0.006897867284029809,0.16741629185407297,ok,79,0,-0.0016105893487045678,0.670664667666167,0.7868213178682132,328.0,1.0,False,False,same sign,False,False,False,0.9871012898710129,515.0,1.0,False,False,same sign,False,False,False,0.8278172182781722,354.0,1.0,False,False,opposite sign,False,False,False,0.6747325267473253,258.0,1.0,False,False,opposite sign,False,False,False
N10_HA_PSAR,30m,11668,10563,10563,0,1105,-0.036847755765561034,0.15932973587049135,0.41976711161601815,0.2616680867177885,0.30322824955031713,0.5405661270472404,0.6218877212912998,0.6895768247656916,0.5120704345356433,5.3397726555364615,5.378741942439102,9600,9190,9187,3,410,-0.03783522404039396,0.1458582780015239,0.4007837161206052,0.24719712637422445,0.30445194296288236,0.5332535103951236,0.5964950473495156,0.6769347991727441,0.5078915859366496,5.448660781985608,5.568623430043964,5219,3841,3841,0,1378,-0.03482411388982362,0.17183025253840145,0.405363186670138,0.27206456651913563,0.32647747982296277,0.5193959906274408,0.640458214006769,0.6998177557927623,0.5308513407966675,5.4862258177614285,5.211403514689576,True,,8880,1683,-0.03490144712504373,-0.04711704912729224,-0.012215602002248513,0.926907309269073,ok,153,0,-0.003570345589543271,0.7687231276872313,7847,1340,-0.03842767310350709,-0.034365860011850116,0.004061813091656971,0.296351824087956,ok,118,0,0.0008522018568336842,0.43728135932033985,3181,660,-0.031825253587897485,-0.049277711799561585,-0.0174524582116641,0.9025487256371814,ok,79,0,-0.0026254732972140343,0.6736631684157921,6129,4434,-0.04498130962593941,-0.02560496108575518,-0.01937634854018423,0.9998000199980002,ok,153,0,-0.002831084022318693,0.8818118188181182,5505,3682,-0.041793683588051904,-0.031916886232176395,-0.00987679735587551,0.9600199900049975,ok,118,0,0.0003744942066420953,0.4482758620689655,2284,1557,-0.037104487000496844,-0.031478980823171326,-0.005625506177325518,0.697151424287856,ok,79,0,-0.0036108595968234493,0.8085957021489255,7799,2764,-0.037438843939944046,-0.035179920500722675,0.0022589234392213706,0.35696430356964304,ok,153,0,-0.009310909942225075,1.0,6916,2271,-0.03462027173988085,-0.04762589339765887,-0.013005621657778015,0.9770114942528736,ok,118,0,-0.0052274191520622695,0.984007996001999,2796,1045,-0.03572361047219285,-0.032417422555561085,0.0033061879166317656,0.33883058470764615,ok,79,0,-0.013903275165194521,1.0,7360,3203,-0.03260249291913194,-0.04660271503802998,-0.014000222118898037,0.9895010498950105,ok,153,0,-0.0003041847950933374,0.5295470452954705,6390,2797,-0.03564270026607575,-0.04284424331743842,-0.007201543051362669,0.8425787106446777,ok,118,0,-0.0036076435737334572,0.8490754622688655,2587,1254,-0.02925034017794908,-0.04632280016782956,-0.01707245998988048,0.9335332333833083,ok,79,0,0.007091831958621751,0.05847076461769116,0.926907309269073,435.0,1.0,False,False,same sign,False,False,False,0.9998000199980002,563.0,1.0,False,False,same sign,False,False,False,0.35696430356964304,110.0,1.0,False,False,same sign,False,False,False,0.9895010498950105,520.0,1.0,False,False,same sign,False,False,False
N10_HA_PSAR,1h,5564,4131,4131,0,1433,-0.03261932540733398,0.16630355846042122,0.4153957879448075,0.27814088598402326,0.308399903171145,0.5390946502057613,0.6366497216170419,0.7194383926410071,0.5124667150810942,5.349576606459105,5.215986700928803,4803,4057,4054,3,746,-0.03783775316494737,0.16502220029600395,0.400838677849038,0.24888998519980265,0.31647755303404046,0.5283670448939319,0.6105081401085348,0.7084361124814997,0.5108534780463739,5.489074610187018,5.479575954072997,2679,1341,1341,0,1338,-0.003103499413168443,0.17225950782997762,0.4079045488441462,0.3117076808351976,0.32736763609246833,0.5316927665920954,0.668903803131991,0.7636092468307233,0.5272184936614467,5.398834485923477,4.953045512255938,True,,3444,687,-0.028917102181645154,-0.05117894227672601,-0.022261840095080854,0.934906509349065,ok,152,0,-2.2872152655596667e-05,0.49235076492350766,3385,669,-0.044814233108387586,-0.0025382246020996344,0.04227600850628795,0.0014992503748125937,ok,118,0,0.00019647779660535852,0.49225387306346824,1110,231,-0.005769351534772388,0.009706439352980384,0.01547579088775277,0.2563718140929535,ok,73,0,0.01282193987355051,0.0864567716141929,2415,1716,-0.04263679127954823,-0.0185213183668926,-0.02411547291265563,0.993000699930007,ok,152,0,-0.005425145065476061,0.942905709429057,2429,1625,-0.03914770895347435,-0.0358796715585892,-0.0032680373948851538,0.6441779110444777,ok,118,0,-0.002573702928874752,0.743128435782109,794,547,-0.0041572010161935865,-0.0015739947096913684,-0.002583206306502218,0.56071964017991,ok,73,0,-0.0072832704579966,0.8845577211394303,2982,1149,-0.03347952224909218,-0.03038685631932446,0.0030926659297677225,0.39876012398760124,ok,152,0,-0.014270772502148057,0.9999000099990001,3045,1009,-0.0351315290427374,-0.0460047030679497,-0.010873174025212304,0.8330834582708646,ok,118,0,-0.0044232409809856,0.8775612193903048,923,418,-0.016979954930350323,0.0275375734154413,0.04451752834579162,0.010994502748625687,ok,73,0,-0.015653490876620692,0.9975012493753124,2857,1274,-0.02379045558850744,-0.05241844712820323,-0.028627991539695793,0.9933006699330067,ok,152,0,0.0002853677641235508,0.46715328467153283,2771,1283,-0.04373116182350686,-0.02510927663114507,0.018621885192361787,0.041979010494752625,ok,118,0,0.00843320354393461,0.06696651674162919,902,439,-0.0014068899664854103,-0.006589471442571855,-0.005182581476086445,0.5912043978010995,ok,73,0,0.004264030689985137,0.30184907546226886,0.934906509349065,452.0,1.0,False,False,opposite sign,False,False,False,0.993000699930007,526.0,1.0,False,False,same sign,False,False,False,0.39876012398760124,124.0,1.0,False,False,same sign,False,False,False,0.9933006699330067,530.0,1.0,False,False,same sign,False,False,False
N10_HA_PSAR,4h,1337,219,219,0,1118,-0.02095715504778386,0.2054794520547945,0.4292237442922374,0.3470319634703196,0.3333333333333333,0.5114155251141552,0.684931506849315,0.7488584474885844,0.5662100456621004,5.479259879941283,4.684382326950632,1010,197,196,1,813,-0.01694904463844517,0.15816326530612246,0.3979591836734694,0.2755102040816326,0.3163265306122449,0.5051020408163265,0.5918367346938775,0.7448979591836735,0.5459183673469388,5.63516512637084,5.5626943581560635,529,33,33,0,496,-0.007119557001006918,0.3333333333333333,0.2727272727272727,0.2727272727272727,0.45454545454545453,0.36363636363636365,0.6666666666666666,0.7878787878787878,0.5151515151515151,6.763063110040323,5.089708950558125,True,,174,45,-0.04487871866156225,0.07153955759215933,0.11641827625372157,0.0163983601639836,ok,69,0,0.04703444451306357,0.0072992700729927005,165,31,-0.02186878551819539,0.009236672947322125,0.031105458465517516,0.33233383308345826,ok,77,0,0.014991111438641243,0.2683658170914543,22,11,-0.0786070821479011,0.13585549329278146,0.21446257544068256,,insufficient,16,0,0.05536243173724527,0.1889055472263868,125,94,0.00014123875695251463,-0.04901352978812479,0.049154768545077304,0.17518248175182483,ok,69,0,-0.024390134225092477,0.9807019298070193,118,78,-0.008060118265709623,-0.030396394792070753,0.02233627652636113,0.3073463268365817,ok,77,0,-0.0010329562174446888,0.519240379810095,24,9,0.019318818890833218,-0.07762189271258063,0.09694071160341385,,insufficient,16,0,-0.06230229427764466,0.984007996001999,143,76,-0.005208499264240466,-0.05058949421945103,-0.045380994955210564,0.7721227877212279,ok,69,0,-0.014563771371511817,0.8672132786721328,142,54,-0.04890764359057908,0.06709023408753659,0.11599787767811567,0.019490254872563718,ok,77,0,0.019767494907698503,0.06196901549225387,24,9,-0.05194450236860352,0.11241363064591736,0.16435813301452087,,insufficient,16,0,-0.031677646497275155,0.8195902048975512,146,73,-0.03289251716207835,0.0029135691808051326,0.03580608634288348,0.23427657234276572,ok,69,0,0.007054819513451709,0.34236576342365765,134,62,-0.034538998624586904,0.021067952686441807,0.05560695131102871,0.1424287856071964,ok,77,0,0.009855254567121535,0.3493253373313343,18,15,-0.12410159269562965,0.13325888583254036,0.25736047852817,,insufficient,16,0,0.003913320455397971,0.4497751124437781,0.0163983601639836,6.0,1.0,False,False,no data,False,False,True,0.17518248175182483,47.0,1.0,False,False,no data,False,False,False,0.7721227877212279,320.0,1.0,False,False,no data,False,False,False,0.23427657234276572,64.0,1.0,False,False,no data,False,False,False
N12_ICHI_AO,5m,25311,25254,25254,0,57,-0.06129603845159419,0.09895462105013067,0.2644729547794409,0.2665320345291835,0.6199413954225074,0.31301971964837255,0.9027480795121565,0.530688207808664,0.5080383305614952,7.200469838562707,3.3996491117828715,19219,19204,19203,1,15,-0.060362340947025674,0.10113003176586992,0.2638129458938708,0.23621309170442117,0.626568765297089,0.30828516377649323,0.9021507056189138,0.5219496953600999,0.5188772587616518,7.233633557417533,3.4926481282627146,10927,10684,10684,0,243,-0.04780772541783277,0.11025833021340321,0.2539311119430925,0.25580307001123176,0.6467615125421191,0.29436540621490076,0.9129539498315238,0.5957506551853239,0.5294833395731936,7.346674173614196,3.3506583483377397,True,,22755,2499,-0.06211984743864642,-0.05379472852747504,0.008325118911171374,0.045295470452954706,ok,153,0,0.00836954395252082,0.012198780121987801,17261,1942,-0.06095478080108853,-0.05509658177041464,0.0058581990306738885,0.15542228885557222,ok,118,0,0.004436218625326012,0.07946026986506746,9506,1178,-0.048231713329788914,-0.04438630853238694,0.0038454047974019745,0.31334332833583206,ok,79,0,0.004301800877892274,0.16041979010494753,18575,6679,-0.06232789830093126,-0.0584263279108791,-0.0039015703900521573,0.8532146785321468,ok,153,0,-0.0007123199287216789,0.6946305369463054,14137,5066,-0.060871008654151126,-0.058942870876825766,-0.0019281377773253602,0.68015992003998,ok,118,0,0.0015940120337237865,0.15942028985507245,7971,2713,-0.04665842895651274,-0.051184445688080456,0.004526016731567717,0.19590204897551225,ok,79,0,-0.0014143883825449982,0.7521239380309845,18523,6731,-0.06321877410992405,-0.05600487330536865,0.007213900804555397,0.0292970702929707,ok,153,0,-0.007693024883948532,1.0,14667,4536,-0.060195632873843885,-0.060901385768312596,-0.0007057528944687114,0.5722138930534733,ok,118,0,-0.006550808808283487,1.0,7951,2733,-0.0479622534751344,-0.047358163550432375,0.0006040899247020254,0.44627686156921537,ok,79,0,-0.005758733441308124,1.0,9598,15656,-0.059418495834301845,-0.06244707665041714,-0.0030285808161152963,0.80991900809919,ok,153,0,-0.0026331704968014513,0.9308069193080692,7171,12032,-0.05808291959169078,-0.06172086243465089,-0.0036379428429601096,0.8300849575212393,ok,118,0,-0.001433308801111234,0.7546226886556722,3774,6910,-0.04934116934619819,-0.04697021204798454,0.002370957298213655,0.3233383308345827,ok,79,0,0.002003895635624149,0.22588705647176413,0.045295470452954706,14.0,1.0,False,False,same sign,False,False,True,0.8532146785321468,369.0,1.0,False,False,opposite sign,False,False,False,0.0292970702929707,10.0,1.0,False,False,same sign,False,False,False,0.80991900809919,345.0,1.0,False,False,opposite sign,False,False,False
N12_ICHI_AO,15m,8646,8461,8461,0,185,-0.04584849523534354,0.10530670133553953,0.27230823779695074,0.2985462711263444,0.6163574045621085,0.31840208013237203,0.901784659023756,0.6323129653705236,0.5118780286018201,7.149849833586281,3.2913496136943503,6365,6317,6315,2,48,-0.045525374668741396,0.10197941409342834,0.28440221694378465,0.2772763262074426,0.6012668250197941,0.32557403008709423,0.8926365795724466,0.6338875692794933,0.5078384798099762,7.0694242931710605,3.4312191059382946,3811,3439,3439,0,372,-0.03973388529300682,0.1116603663855772,0.2660657167781332,0.27769700494329747,0.631578947368421,0.3102646118057575,0.9165455074149462,0.6597848211689444,0.5553940098865949,7.213628574316095,3.2267253957479998,True,,7570,891,-0.046088916599979955,-0.04380585805206893,0.0022830585479110266,0.41685831416858316,ok,153,0,-0.003675485143668736,0.797020297970203,5671,644,-0.04606105076211067,-0.04080826422542286,0.005252786536687815,0.32733633183408295,ok,118,0,0.005481012561843315,0.10844577711144428,3055,384,-0.04271041791073286,-0.016053397930629053,0.026657019980103804,0.08295852073963018,ok,79,0,-0.0022732292771020166,0.6786606696651675,6157,2304,-0.04887519470855164,-0.03776021890871929,-0.011114975799832345,0.9602039796020398,ok,153,0,-0.0012550968457476636,0.7264273572642735,4519,1796,-0.04327109631657586,-0.051197470366645695,0.007926374050069837,0.1424287856071964,ok,118,0,0.000821909740268599,0.33983008495752126,2524,915,-0.046529005915228676,-0.02098974928154456,-0.025539256633684115,0.9890054972513743,ok,79,0,-0.003685220480004109,0.9070464767616192,5935,2526,-0.04302372278131466,-0.052485480395542024,-0.009461757614227365,0.9431056894310569,ok,153,0,-0.005717367485754431,0.9991000899910009,4564,1751,-0.04523283868490444,-0.046287872801369534,-0.0010550341164650909,0.56071964017991,ok,118,0,-0.002554758040639607,0.9035482258870565,2484,955,-0.04006486698769121,-0.03887298630913662,0.0011918806785545938,0.47176411794102946,ok,79,0,-0.009875791482492936,1.0,3246,5215,-0.04349451409786506,-0.04731369615044518,-0.003819182052580118,0.7473252674732527,ok,153,0,-0.0011924111678235164,0.690930906909309,2518,3797,-0.045964590130269586,-0.0452341066855631,0.000730483444706484,0.4817591204397801,ok,118,0,0.0034591709205078966,0.08995502248875563,1267,2172,-0.027249938707917157,-0.047016187467642453,-0.019766248759725297,0.9785107446276862,ok,79,0,-0.0016105893487045678,0.670664667666167,0.41685831416858316,134.0,1.0,False,False,same sign,False,False,False,0.9602039796020398,479.0,1.0,False,False,same sign,False,False,False,0.9431056894310569,459.0,1.0,False,False,opposite sign,False,False,False,0.7473252674732527,306.0,1.0,False,False,same sign,False,False,False
N12_ICHI_AO,30m,4252,3957,3957,0,295,-0.03495323775900899,0.11372251705837756,0.30199646196613594,0.3126105635582512,0.5809957038160223,0.34420015163002277,0.8925954005559767,0.6808188021228203,0.5185746777862017,6.90213867571016,3.3543811347371193,3122,3028,3026,2,94,-0.03657892487269398,0.10277594183740912,0.29576999339061466,0.283212161269002,0.5991407799074686,0.33707865168539325,0.9008592200925314,0.6761401189689359,0.515862524785195,6.9611304071163005,3.368234449961297,1688,1348,1348,0,340,-0.03617670276918519,0.1172106824925816,0.2707715133531157,0.2841246290801187,0.6416913946587537,0.30489614243323443,0.9146884272997032,0.6817507418397626,0.5771513353115727,7.217567237545138,3.2207363864946115,True,,3507,450,-0.034448312046716625,-0.03888829214347418,-0.0044399800967575564,0.6252374762523748,ok,153,0,-0.003570345589543271,0.7687231276872313,2715,311,-0.039008487208957526,-0.015369080040039574,0.02363940716891795,0.0814592703648176,ok,118,0,0.0008522018568336842,0.43728135932033985,1190,158,-0.03692118532055958,-0.030569524059466772,0.006351661261092809,0.3888055972013993,ok,79,0,-0.0026254732972140343,0.6736631684157921,2762,1195,-0.042419643338309755,-0.017696156411704654,-0.0247234869266051,0.9926007399260074,ok,153,0,-0.002831084022318693,0.8818118188181182,2131,895,-0.035573424141789156,-0.03897302773030087,0.0033996035885117126,0.37231384307846077,ok,118,0,0.0003744942066420953,0.4482758620689655,983,365,-0.04577839533217247,-0.010317897866674237,-0.03546049746549823,0.9615192403798101,ok,79,0,-0.0036108595968234493,0.8085957021489255,2720,1237,-0.03121490111611474,-0.043173347434572774,-0.011958446318458035,0.8811118888111189,ok,153,0,-0.009310909942225075,1.0,2169,857,-0.036553339807009165,-0.03664367867370954,-9.03388667003735e-05,0.5012493753123438,ok,118,0,-0.0052274191520622695,0.984007996001999,965,383,-0.027404130455183105,-0.05827992021830275,-0.030875789763119645,0.952023988005997,ok,79,0,-0.013903275165194521,1.0,1658,2299,-0.021337071666650425,-0.044772986946103606,-0.02343591527945318,0.994000599940006,ok,153,0,-0.0003041847950933374,0.5295470452954705,1213,1813,-0.03153059380130307,-0.039956545164804944,-0.008425951363501875,0.7941029485257372,ok,118,0,-0.0036076435737334572,0.8490754622688655,483,865,-0.02630330779287119,-0.0416898238946877,-0.01538651610181651,0.8170914542728636,ok,79,0,0.007091831958621751,0.05847076461769116,0.6252374762523748,229.0,1.0,False,False,opposite sign,False,False,False,0.9926007399260074,525.0,1.0,False,False,same sign,False,False,False,0.8811118888111189,389.0,1.0,False,False,same sign,False,False,False,0.994000599940006,535.0,1.0,False,False,same sign,False,False,False
N12_ICHI_AO,1h,2134,1687,1687,0,447,-0.03340568930993559,0.1019561351511559,0.2922347362181387,0.3218731475992887,0.6117368109069354,0.33017190278601066,0.9039715471250741,0.7178423236514523,0.5210432720806165,7.019877799005012,3.3014678817962806,1578,1339,1339,0,239,-0.03398316171562433,0.11053024645257654,0.27781926811053026,0.2793129200896191,0.5997012696041822,0.3345780433159074,0.9029126213592233,0.7057505601194921,0.5407020164301718,7.0086545805359375,3.370570533254559,941,533,533,0,408,-0.01910603837979086,0.13883677298311445,0.2776735459662289,0.324577861163227,0.6285178236397748,0.3133208255159475,0.9118198874296435,0.7317073170731707,0.5609756097560976,7.1603447686654516,3.139382952166911,True,,1515,172,-0.031522992880710324,-0.049988742160379025,-0.0184657492796687,0.7472252774722528,ok,149,0,-2.2872152655596667e-05,0.49235076492350766,1191,148,-0.033677603166235554,-0.03644208220428673,-0.0027644790380511736,0.5467266366816592,ok,118,0,0.00019647779660535852,0.49225387306346824,459,74,-0.029318360638355835,0.0442379604942811,0.07355632113263694,0.047976011994003,ok,70,0,0.01282193987355051,0.0864567716141929,1194,493,-0.035065771024139006,-0.029385126294197515,-0.005680644729941491,0.6372362763723628,ok,149,0,-0.005425145065476061,0.942905709429057,967,372,-0.03208743136207967,-0.03891104142497296,0.006823610062893289,0.37231384307846077,ok,118,0,-0.002573702928874752,0.743128435782109,385,148,-0.014270887972522971,-0.031683963425724215,0.017413075453201244,0.3188405797101449,ok,70,0,-0.0072832704579966,0.8845577211394303,1144,543,-0.033250061863755065,-0.03373356739175977,-0.0004835055280047046,0.5082491750824918,ok,149,0,-0.014270772502148057,0.9999000099990001,965,374,-0.03314312774952092,-0.036150629034580994,-0.0030075012850600755,0.568215892053973,ok,118,0,-0.0044232409809856,0.8775612193903048,360,173,-0.016783875709328246,-0.023938284399250633,-0.007154408689922388,0.5867066466766616,ok,70,0,-0.015653490876620692,0.9975012493753124,655,1032,-0.03030414951019387,-0.03537420536500423,-0.005070055854810358,0.6234376562343765,ok,149,0,0.0002853677641235508,0.46715328467153283,536,803,-0.026670160011762364,-0.03886456758520094,-0.012194407573438575,0.7451274362818591,ok,118,0,0.00843320354393461,0.06696651674162919,198,335,-0.03470397975030873,-0.009886956614529551,0.024817023135779177,0.23488255872063968,ok,70,0,0.004264030689985137,0.30184907546226886,0.7472252774722528,305.0,1.0,False,False,opposite sign,False,False,False,0.6372362763723628,240.0,1.0,False,False,opposite sign,False,False,False,0.5082491750824918,167.0,1.0,False,False,same sign,False,False,False,0.6234376562343765,226.0,1.0,False,False,opposite sign,False,False,False
N12_ICHI_AO,4h,485,107,107,0,378,-0.005132814797109077,0.102803738317757,0.29906542056074764,0.35514018691588783,0.616822429906542,0.3177570093457944,0.9158878504672897,0.8037383177570093,0.5887850467289719,7.040502672522029,2.965875258511206,383,93,92,1,290,-0.04987638199179822,0.15217391304347827,0.31521739130434784,0.18478260869565216,0.6195652173913043,0.358695652173913,0.9347826086956522,0.7391304347826086,0.5217391304347826,6.743122623858987,3.3304949385099114,202,18,18,0,184,-0.07078543634852255,0.05555555555555555,0.3888888888888889,0.5,0.5,0.3888888888888889,0.8333333333333334,0.6666666666666666,0.4444444444444444,6.348626193026356,3.2081495433866567,True,,96,11,0.005966139301605142,-0.1019964142040696,-0.10796255350567474,,insufficient,58,0,0.04703444451306357,0.0072992700729927005,78,14,-0.05934728238005834,0.0028900630285082335,0.062237345408566576,,insufficient,56,0,0.014991111438641243,0.2683658170914543,17,1,-0.04376140577108939,-0.5301939561648861,-0.4864325503937967,,insufficient,11,0,0.05536243173724527,0.1889055472263868,75,32,-0.008765016146423615,0.00338015711534683,-0.012145173261770444,0.5574442555744425,ok,58,0,-0.024390134225092477,0.9807019298070193,63,29,-0.06908455545923825,-0.008148281010807763,-0.060936274448430486,,insufficient,56,0,-0.0010329562174446888,0.519240379810095,11,7,-0.06980715222548473,-0.07232273997043911,0.0025155877449543895,,insufficient,11,0,-0.06230229427764466,0.984007996001999,69,38,-0.019334072230904983,0.02065367896425716,0.03998775119516214,0.27647235276472354,ok,58,0,-0.014563771371511817,0.8672132786721328,75,17,-0.07325013923631751,0.05324313526343393,0.12649327449975145,,insufficient,56,0,0.019767494907698503,0.06196901549225387,9,9,-0.10517878580434373,-0.03639208689270136,0.06878669891164237,,insufficient,11,0,-0.031677646497275155,0.8195902048975512,41,66,0.0300401483112601,-0.026982685818974794,-0.057022834130234894,0.7828217178282172,ok,58,0,0.007054819513451709,0.34236576342365765,35,57,-0.05693945811222085,-0.045539405426626434,0.011400052685594415,0.44677661169415295,ok,56,0,0.009855254567121535,0.3493253373313343,9,9,-0.05582222163111344,-0.08574865106593164,-0.029926429434818207,,insufficient,11,0,0.003913320455397971,0.4497751124437781,1.0,579.0,1.0,False,False,no data,False,False,False,0.5574442555744425,183.0,1.0,False,False,no data,False,False,False,0.27647235276472354,81.0,1.0,False,False,no data,False,False,False,0.7828217178282172,326.0,1.0,False,False,no data,False,False,False
N14_ICHI_RSI,5m,8,7,7,0,1,0.11438380415640381,0.0,0.0,0.0,0.0,0.7142857142857143,0.2857142857142857,1.0,0.0,6.005557780371285,8.357918599223948,5,5,5,0,0,-0.03177806844642891,0.0,0.0,0.0,0.0,0.8,0.0,0.6,0.2,5.532832325840764,10.0,3,2,2,0,1,-0.08430330304577688,0.0,0.0,0.0,0.0,1.0,0.0,0.5,1.0,3.3638795656137157,10.0,False,period-1 signals 8 < 300,7,0,0.11438380415640383,,,,insufficient,5,0,0.00836954395252082,0.012198780121987801,5,0,-0.03177806844642891,,,,insufficient,3,0,0.004436218625326012,0.07946026986506746,2,0,-0.08430330304577688,,,,insufficient,2,0,0.004301800877892274,0.16041979010494753,7,0,0.11438380415640383,,,,insufficient,5,0,-0.0007123199287216789,0.6946305369463054,5,0,-0.03177806844642891,,,,insufficient,3,0,0.0015940120337237865,0.15942028985507245,2,0,-0.08430330304577688,,,,insufficient,2,0,-0.0014143883825449982,0.7521239380309845,7,0,0.11438380415640383,,,,insufficient,5,0,-0.007693024883948532,1.0,5,0,-0.03177806844642891,,,,insufficient,3,0,-0.006550808808283487,1.0,2,0,-0.08430330304577688,,,,insufficient,2,0,-0.005758733441308124,1.0,7,0,0.11438380415640383,,,,insufficient,5,0,-0.0026331704968014513,0.9308069193080692,5,0,-0.03177806844642891,,,,insufficient,3,0,-0.001433308801111234,0.7546226886556722,2,0,-0.08430330304577688,,,,insufficient,2,0,0.002003895635624149,0.22588705647176413,,,,,,,,,,,,,,,,,,,,,,,,,,,,,,,,,,,,
N14_ICHI_RSI,15m,1,0,0,0,1,,,,,,,,,,,,1,1,1,0,0,0.05843542167574997,0.0,0.0,0.0,0.0,1.0,0.0,1.0,0.0,4.0542850553496566,10.0,2,1,1,0,1,0.16402031060923825,0.0,0.0,0.0,0.0,1.0,0.0,1.0,1.0,4.051332084796295,10.0,False,period-1 signals 1 < 300,0,0,,,,,insufficient,0,0,-0.003675485143668736,0.797020297970203,1,0,0.05843542167574997,,,,insufficient,1,0,0.005481012561843315,0.10844577711144428,1,0,0.16402031060923825,,,,insufficient,1,0,-0.0022732292771020166,0.6786606696651675,0,0,,,,,insufficient,0,0,-0.0012550968457476636,0.7264273572642735,1,0,0.05843542167574997,,,,insufficient,1,0,0.000821909740268599,0.33983008495752126,1,0,0.16402031060923825,,,,insufficient,1,0,-0.003685220480004109,0.9070464767616192,0,0,,,,,insufficient,0,0,-0.005717367485754431,0.9991000899910009,1,0,0.05843542167574997,,,,insufficient,1,0,-0.002554758040639607,0.9035482258870565,1,0,0.16402031060923825,,,,insufficient,1,0,-0.009875791482492936,1.0,0,0,,,,,insufficient,0,0,-0.0011924111678235164,0.690930906909309,1,0,0.05843542167574997,,,,insufficient,1,0,0.0034591709205078966,0.08995502248875563,1,0,0.16402031060923825,,,,insufficient,1,0,-0.0016105893487045678,0.670664667666167,,,,,,,,,,,,,,,,,,,,,,,,,,,,,,,,,,,,
N14_ICHI_RSI,30m,2,2,2,0,0,-0.18715735546697762,0.0,0.0,0.0,0.0,1.0,0.0,0.5,1.0,4.390553624322663,10.0,0,0,0,0,0,,,,,,,,,,,,0,0,0,0,0,,,,,,,,,,,,False,period-1 signals 2 < 300,2,0,-0.18715735546697762,,,,insufficient,2,0,-0.003570345589543271,0.7687231276872313,0,0,,,,,insufficient,0,0,0.0008522018568336842,0.43728135932033985,0,0,,,,,insufficient,0,0,-0.0026254732972140343,0.6736631684157921,2,0,-0.18715735546697762,,,,insufficient,2,0,-0.002831084022318693,0.8818118188181182,0,0,,,,,insufficient,0,0,0.0003744942066420953,0.4482758620689655,0,0,,,,,insufficient,0,0,-0.0036108595968234493,0.8085957021489255,2,0,-0.18715735546697762,,,,insufficient,2,0,-0.009310909942225075,1.0,0,0,,,,,insufficient,0,0,-0.0052274191520622695,0.984007996001999,0,0,,,,,insufficient,0,0,-0.013903275165194521,1.0,2,0,-0.18715735546697762,,,,insufficient,2,0,-0.0003041847950933374,0.5295470452954705,0,0,,,,,insufficient,0,0,-0.0036076435737334572,0.8490754622688655,0,0,,,,,insufficient,0,0,0.007091831958621751,0.05847076461769116,,,,,,,,,,,,,,,,,,,,,,,,,,,,,,,,,,,,
N14_ICHI_RSI,1h,2,0,0,0,2,,,,,,,,,,,,2,0,0,0,2,,,,,,,,,,,,0,0,0,0,0,,,,,,,,,,,,False,period-1 signals 2 < 300,0,0,,,,,insufficient,0,0,-2.2872152655596667e-05,0.49235076492350766,0,0,,,,,insufficient,0,0,0.00019647779660535852,0.49225387306346824,0,0,,,,,insufficient,0,0,0.01282193987355051,0.0864567716141929,0,0,,,,,insufficient,0,0,-0.005425145065476061,0.942905709429057,0,0,,,,,insufficient,0,0,-0.002573702928874752,0.743128435782109,0,0,,,,,insufficient,0,0,-0.0072832704579966,0.8845577211394303,0,0,,,,,insufficient,0,0,-0.014270772502148057,0.9999000099990001,0,0,,,,,insufficient,0,0,-0.0044232409809856,0.8775612193903048,0,0,,,,,insufficient,0,0,-0.015653490876620692,0.9975012493753124,0,0,,,,,insufficient,0,0,0.0002853677641235508,0.46715328467153283,0,0,,,,,insufficient,0,0,0.00843320354393461,0.06696651674162919,0,0,,,,,insufficient,0,0,0.004264030689985137,0.30184907546226886,,,,,,,,,,,,,,,,,,,,,,,,,,,,,,,,,,,,
N14_ICHI_RSI,4h,2,2,2,0,0,0.08492943260471261,0.0,0.0,0.0,0.0,1.0,0.0,1.0,0.0,3.382738991739605,10.0,1,0,0,0,1,,,,,,,,,,,,0,0,0,0,0,,,,,,,,,,,,False,period-1 signals 2 < 300,2,0,0.08492943260471261,,,,insufficient,1,0,0.04703444451306357,0.0072992700729927005,0,0,,,,,insufficient,0,0,0.014991111438641243,0.2683658170914543,0,0,,,,,insufficient,0,0,0.05536243173724527,0.1889055472263868,2,0,0.08492943260471261,,,,insufficient,1,0,-0.024390134225092477,0.9807019298070193,0,0,,,,,insufficient,0,0,-0.0010329562174446888,0.519240379810095,0,0,,,,,insufficient,0,0,-0.06230229427764466,0.984007996001999,2,0,0.08492943260471261,,,,insufficient,1,0,-0.014563771371511817,0.8672132786721328,0,0,,,,,insufficient,0,0,0.019767494907698503,0.06196901549225387,0,0,,,,,insufficient,0,0,-0.031677646497275155,0.8195902048975512,2,0,0.08492943260471261,,,,insufficient,1,0,0.007054819513451709,0.34236576342365765,0,0,,,,,insufficient,0,0,0.009855254567121535,0.3493253373313343,0,0,,,,,insufficient,0,0,0.003913320455397971,0.4497751124437781,,,,,,,,,,,,,,,,,,,,,,,,,,,,,,,,,,,,
N17_KC_RSI,5m,203431,201356,201356,0,2075,-0.05713220568410989,0.0036899819225650094,0.0816414708277876,0.03157591529430461,0.006068853175470311,0.8726484435527126,0.03651741194699935,0.5869008124913089,0.4970102703669123,5.149824463545867,9.673509006158293,170093,169486,169483,3,607,-0.061136687843616144,0.004230512794793578,0.084327041650195,0.030451431707014864,0.005847194113863927,0.8733678304018692,0.03531327625779577,0.5554126372556539,0.5085170784090439,5.276164840569947,9.683744002475015,91135,87055,87055,0,4080,-0.05438288856208748,0.003917063925104818,0.07928321176267876,0.03032565619435989,0.00564011257251163,0.8824191603009591,0.034954913560392854,0.6197461374992821,0.45189822525989315,5.176960106571829,9.687485391768135,True,,200613,743,-0.05708759746225851,-0.06917660569793332,-0.012089008235674811,0.9167083291670833,ok,153,0,0.00836954395252082,0.012198780121987801,168766,717,-0.061105890165818806,-0.06838578253140606,-0.007279892365587258,0.7976011994002998,ok,118,0,0.004436218625326012,0.07946026986506746,86714,341,-0.05446256122161303,-0.034122668626313746,0.020339892595299287,0.1024487756121939,ok,79,0,0.004301800877892274,0.16041979010494753,184917,16439,-0.057421459366314515,-0.05387848446309694,-0.0035429749032175745,0.8603139686031397,ok,153,0,-0.0007123199287216789,0.6946305369463054,155191,14292,-0.06106231145691316,-0.06194431069757791,0.0008819992406647464,0.3803098450774613,ok,118,0,0.0015940120337237865,0.15942028985507245,80153,6902,-0.05510926328432554,-0.045947491124888294,-0.009161772159437247,0.9750124937531235,ok,79,0,-0.0014143883825449982,0.7521239380309845,194998,6358,-0.05679507552005677,-0.06747188918993421,-0.010676813669877445,0.963003699630037,ok,153,0,-0.007693024883948532,1.0,164322,5161,-0.061117967037095974,-0.06173274294321009,-0.0006147759061141123,0.5482258870564718,ok,118,0,-0.006550808808283487,1.0,84415,2640,-0.05400836835840718,-0.0663583139384786,-0.012349945580071423,0.9345327336331835,ok,79,0,-0.005758733441308124,1.0,200134,1222,-0.057119287817345064,-0.05924783935605146,-0.0021285515387063983,0.5736426357364264,ok,153,0,-0.0026331704968014513,0.9308069193080692,168492,991,-0.061100897878782735,-0.06722177639528937,-0.006120878516506632,0.6941529235382309,ok,118,0,-0.001433308801111234,0.7546226886556722,86564,491,-0.054107086643190874,-0.10300716006384886,-0.04890007342065798,0.9910044977511244,ok,79,0,0.002003895635624149,0.22588705647176413,0.9167083291670833,424.0,1.0,False,False,opposite sign,False,False,False,0.8603139686031397,375.0,1.0,False,False,same sign,False,False,False,0.963003699630037,485.0,1.0,False,False,same sign,False,False,False,0.5736426357364264,194.0,1.0,False,False,same sign,False,False,False
N17_KC_RSI,15m,74331,70277,70277,0,4054,-0.05082625753044411,0.003543122216372355,0.0796989057586408,0.04627402991021245,0.009362949471377549,0.8638530386897563,0.053772927131209354,0.6589638146192922,0.4895200421190432,5.219222045712497,9.521156188525595,59157,57654,57654,0,1503,-0.049342920589538625,0.0038852464703229613,0.07799979186179623,0.04228674506539008,0.009955944080202587,0.8538349464044125,0.046328095188538525,0.6477260901238422,0.505637076352031,5.450029737030172,9.580202759312705,33213,28169,28169,0,5044,-0.05084195909112769,0.0037630018815009406,0.07770953885476943,0.04224502112251056,0.00883950441975221,0.8779864389932195,0.04696652348326174,0.6742518371259185,0.4164507082253541,5.170080778029403,9.577688965018027,True,,70028,249,-0.05083235155968911,-0.04911239134582718,0.0017199602138619347,0.46785321467853214,ok,153,0,-0.003675485143668736,0.797020297970203,57430,224,-0.04927517269559187,-0.06671239179204988,-0.017437219096458012,0.8565717141429285,ok,118,0,0.005481012561843315,0.10844577711144428,28063,106,-0.050888353268307374,-0.03855931952326553,0.012329033745041844,0.3288355822088955,ok,79,0,-0.0022732292771020166,0.6786606696651675,64676,5601,-0.05189805730445321,-0.038449945767578056,-0.013448111536875154,0.9889011098890111,ok,153,0,-0.0012550968457476636,0.7264273572642735,53157,4497,-0.049825016902847984,-0.04364427844442283,-0.006180738458425157,0.8510744627686156,ok,118,0,0.000821909740268599,0.33983008495752126,25980,2189,-0.052974373959956814,-0.02553353593343892,-0.027440838026517894,0.999000499750125,ok,79,0,-0.003685220480004109,0.9070464767616192,67025,3252,-0.050545357358543964,-0.05661572063671937,-0.0060703632781754086,0.7747225277472253,ok,153,0,-0.005717367485754431,0.9991000899910009,55216,2438,-0.049201122185269404,-0.05255438108590022,-0.0033532589006308178,0.6196901549225388,ok,118,0,-0.002554758040639607,0.9035482258870565,26979,1190,-0.04956802763053512,-0.07972380520484791,-0.030155777574312793,0.9880059970014993,ok,79,0,-0.009875791482492936,1.0,69619,658,-0.05077676661975499,-0.05606259143814253,-0.00528582481838754,0.609039096090391,ok,153,0,-0.0011924111678235164,0.690930906909309,57080,574,-0.049382620476709854,-0.045395064213696205,0.003987556263013649,0.3743128435782109,ok,118,0,0.0034591709205078966,0.08995502248875563,27920,249,-0.050776473570426923,-0.0581847532195023,-0.0074082796490753736,0.607696151924038,ok,79,0,-0.0016105893487045678,0.670664667666167,0.46785321467853214,153.0,1.0,False,False,same sign,False,False,False,0.9889011098890111,518.0,1.0,False,False,same sign,False,False,False,0.7747225277472253,321.0,1.0,False,False,same sign,False,False,False,0.609039096090391,215.0,1.0,False,False,same sign,False,False,False
N17_KC_RSI,30m,40666,35099,35099,0,5567,-0.05043933361410669,0.003532864184164791,0.07538676315564546,0.05686771702897518,0.01105444599561241,0.855978802814895,0.06635516681386934,0.6838656371976409,0.4783042251916009,5.327168076034602,9.411821766155708,32478,29978,29978,0,2500,-0.04237745239063322,0.004403229034625392,0.08089265461338314,0.05397291346987791,0.013209687103876176,0.8457869104009607,0.05877643605310561,0.6855694175728868,0.4921609180065381,5.451599503475036,9.469484987231699,17922,12429,12429,0,5493,-0.04822246491898336,0.0037814787995816236,0.07514683401721779,0.055434870061951885,0.010781237428594416,0.8695792099123019,0.06348056963552981,0.6974012390377343,0.3783892509453697,5.1793558814301095,9.435010289151867,True,,34975,124,-0.050418754953105334,-0.056243677715094385,-0.0058249227619890515,0.5727427257274272,ok,153,0,-0.003570345589543271,0.7687231276872313,29846,132,-0.04222304284625421,-0.07729038619014694,-0.035067343343892735,0.9075462268865567,ok,118,0,0.0008522018568336842,0.43728135932033985,12382,47,-0.04804181415541863,-0.09581433203512423,-0.047772517879705594,0.8750624687656172,ok,78,0,-0.0026254732972140343,0.6736631684157921,32453,2646,-0.05236525333647716,-0.026818066512788234,-0.025547186823688926,0.9994000599940006,ok,153,0,-0.002831084022318693,0.8818118188181182,27553,2425,-0.042315848032145054,-0.043077404922354505,0.0007615568902094513,0.4737631184407796,ok,118,0,0.0003744942066420953,0.4482758620689655,11495,934,-0.04881118827183973,-0.04097688147028541,-0.007834306801554322,0.712143928035982,ok,78,0,-0.0036108595968234493,0.8085957021489255,33103,1996,-0.050306396150018126,-0.05264405749873786,-0.0023376613487197315,0.5776422357764224,ok,153,0,-0.009310909942225075,1.0,28360,1618,-0.0422761873664386,-0.04415240670840794,-0.0018762193419693401,0.5407296351824088,ok,118,0,-0.0052274191520622695,0.984007996001999,11740,689,-0.0473446646972118,-0.06317946724641181,-0.015834802549200014,0.8350824587706147,ok,78,0,-0.013903275165194521,1.0,34711,388,-0.050298618184220996,-0.0630279245593707,-0.012729306375149706,0.7437256274372562,ok,153,0,-0.0003041847950933374,0.5295470452954705,29582,396,-0.04238019262307931,-0.04217275149108661,0.0002074411319926972,0.47726136931534235,ok,118,0,-0.0036076435737334572,0.8490754622688655,12295,134,-0.04782671901567062,-0.08453362821174622,-0.036706909196075596,0.7681159420289855,ok,78,0,0.007091831958621751,0.05847076461769116,0.5727427257274272,193.0,1.0,False,False,same sign,False,False,False,0.9994000599940006,560.0,1.0,False,False,same sign,False,False,False,0.5776422357764224,199.0,1.0,False,False,same sign,False,False,False,0.7437256274372562,304.0,1.0,False,False,same sign,False,False,False
N17_KC_RSI,1h,22322,14740,14740,0,7582,-0.052227113107583906,0.0035956580732700136,0.08419267299864315,0.07557666214382633,0.016078697421981005,0.8631614654002714,0.08914518317503392,0.7087516960651289,0.4587516960651289,5.1800547474847605,9.214511023731326,17449,13667,13667,0,3782,-0.05091263222752441,0.004170629984634521,0.07221775078656618,0.05385234506475452,0.013609424160386333,0.838662471647033,0.06131557766883734,0.6996414721592157,0.45350113411868004,5.537228577434324,9.450978646956967,10012,4618,4618,0,5394,-0.04898011365492155,0.0030316154179298397,0.06777825898657427,0.05262018189692508,0.008878302295365958,0.8744045041143352,0.06323083585967952,0.7243395409268082,0.30879168471199653,5.172011468415229,9.445823854237553,True,,14687,53,-0.05231061602437785,-0.029087351995267963,0.02322326402910989,0.24017598240175983,ok,152,0,-2.2872152655596667e-05,0.49235076492350766,13610,57,-0.051094190957542536,-0.007561503884602246,0.04353268707294029,0.06946526736631684,ok,118,0,0.00019647779660535852,0.49225387306346824,4604,14,-0.04915851225656683,0.009687540771857192,0.05884605302842402,,insufficient,70,0,0.01282193987355051,0.0864567716141929,13499,1241,-0.05409322362929468,-0.031928462074083654,-0.022164761555211028,0.9536046395360464,ok,152,0,-0.005425145065476061,0.942905709429057,12680,987,-0.05234670916735913,-0.032489029798847456,-0.019857679368511676,0.8920539730134932,ok,118,0,-0.002573702928874752,0.743128435782109,4305,313,-0.05327470207869348,0.01008762808417789,-0.06336233016287138,0.9855072463768116,ok,70,0,-0.0072832704579966,0.8845577211394303,13626,1114,-0.05085471383674253,-0.06901374907211213,-0.018159035235369603,0.8618138186181382,ok,152,0,-0.014270772502148057,0.9999000099990001,12931,736,-0.049351091133456704,-0.07834780598756438,-0.02899671485410768,0.8930534732633684,ok,118,0,-0.0044232409809856,0.8775612193903048,4375,243,-0.05050068636784119,-0.021603547321491952,0.02889713904634924,0.1714142928535732,ok,70,0,-0.015653490876620692,0.9975012493753124,14503,237,-0.051752278347926346,-0.08128419546755618,-0.02953191711962983,0.7826217378262174,ok,152,0,0.0002853677641235508,0.46715328467153283,13481,186,-0.05073874834003503,-0.06351547463206438,-0.012776726292029347,0.6656671664167916,ok,118,0,0.00843320354393461,0.06696651674162919,4577,41,-0.04946231754971885,0.004850306503304102,0.05431262405302295,0.20389805097451275,ok,70,0,0.004264030689985137,0.30184907546226886,0.24017598240175983,67.0,1.0,False,False,no data,False,False,False,0.9536046395360464,472.0,1.0,False,False,same sign,False,False,False,0.8618138186181382,376.0,1.0,False,False,opposite sign,False,False,False,0.7826217378262174,325.0,1.0,False,False,opposite sign,False,False,False
N17_KC_RSI,4h,6183,801,801,0,5382,-0.07602764306715654,0.006242197253433208,0.09113607990012484,0.066167290886392,0.02746566791510612,0.83270911360799,0.0749063670411985,0.7028714107365793,0.33707865168539325,5.12628225691825,9.33781712251475,4670,703,703,0,3967,-0.06522122098610329,0.008534850640113799,0.09103840682788052,0.04267425320056899,0.008534850640113799,0.9103840682788051,0.04267425320056899,0.716927453769559,0.2716927453769559,5.11186049371644,9.584601036789277,2580,131,131,0,2449,-0.05629465811792312,0.007633587786259542,0.12213740458015267,0.15267175572519084,0.04580152671755725,0.7633587786259542,0.15267175572519084,0.7404580152671756,0.11450381679389313,5.355860638179265,8.58800395865842,True,,796,5,-0.07693522631130591,0.06845960940142268,0.1453948357127286,,insufficient,64,0,0.04703444451306357,0.0072992700729927005,697,6,-0.06429796589465496,-0.17247268744268485,-0.10817472154802989,,insufficient,73,0,0.014991111438641243,0.2683658170914543,130,1,-0.05828260916238196,0.2021389776617276,0.26042158682410954,,insufficient,14,0,0.05536243173724527,0.1889055472263868,728,73,-0.08677639220402524,0.031165362023808003,-0.11794175422783323,0.9837016298370163,ok,64,0,-0.024390134225092477,0.9807019298070193,639,64,-0.0710936103506226,-0.006589083424730836,-0.06450452692589176,0.8530734632683659,ok,73,0,-0.0010329562174446888,0.519240379810095,115,16,-0.06999890714784153,0.04220463178461556,-0.11220353893245709,,insufficient,14,0,-0.06230229427764466,0.984007996001999,748,53,-0.07413010969624831,-0.10280792535846506,-0.02867781566221675,0.6898310168983102,ok,64,0,-0.014563771371511817,0.8672132786721328,673,30,-0.06341927131432898,-0.10564495862290726,-0.042225687308578286,0.7331334332833583,ok,73,0,0.019767494907698503,0.06196901549225387,111,20,-0.07349600332198263,0.03917280776460717,0.1126688110865898,,insufficient,14,0,-0.031677646497275155,0.8195902048975512,779,22,-0.07427651705300074,-0.1380334232956731,-0.06375690624267237,,insufficient,64,0,0.007054819513451709,0.34236576342365765,697,6,-0.06573939120619374,-0.005027113752263168,0.06071227745393057,,insufficient,73,0,0.009855254567121535,0.3493253373313343,125,6,-0.055650279792486185,-0.06971920656452578,-0.014068926772039594,,insufficient,14,0,0.003913320455397971,0.4497751124437781,1.0,580.0,1.0,False,False,no data,False,False,True,0.9837016298370163,511.0,1.0,False,False,no data,False,False,False,0.6898310168983102,267.0,1.0,False,False,no data,False,False,False,1.0,581.0,1.0,False,False,no data,False,False,False
N18_VWMA_MACD,5m,175276,174731,174731,0,545,-0.06279957303340093,0.11103925462568176,0.3811916603235831,0.3762984244352748,0.4527988736972833,0.4221861032100772,0.7987077278788538,0.5278113214026131,0.5149973387664467,6.160890159399031,3.8077995031760925,133534,133396,133381,15,138,-0.06145210968854396,0.10793891183901755,0.3715371754597731,0.35542543540684207,0.47158140964605155,0.40525262218756797,0.8056544785239277,0.5229380496472511,0.517172610791642,6.295856972975387,3.816630947400214,77933,76256,76256,0,1677,-0.051599277150789484,0.11449590851867394,0.38579259336970206,0.37784567771716326,0.45602968946705835,0.42184221569450275,0.8018254301300881,0.5849375786823332,0.5265815148971884,6.146915472092031,3.7981843669056192,True,,155329,19402,-0.06294817813798666,-0.06160986669950781,0.0013383114384788453,0.24137586241375864,ok,153,0,0.00836954395252082,0.012198780121987801,118984,14397,-0.06157842166816021,-0.06040820439003327,0.0011702172781269393,0.28835582208895555,ok,118,0,0.004436218625326012,0.07946026986506746,67525,8731,-0.05199998772237121,-0.04850020701609057,0.003499780706280639,0.13543228385807096,ok,79,0,0.004301800877892274,0.16041979010494753,108125,66606,-0.06396283152165404,-0.06091119474852622,-0.003051636773127815,0.94000599940006,ok,153,0,-0.0007123199287216789,0.6946305369463054,83825,49556,-0.062161068751240736,-0.06025289075581017,-0.0019081779954305683,0.8025987006496752,ok,118,0,0.0015940120337237865,0.15942028985507245,46837,29419,-0.05358998448264775,-0.04842993899170026,-0.005160045490947486,0.9715142428785607,ok,79,0,-0.0014143883825449982,0.7521239380309845,108980,65751,-0.06223136293092419,-0.06374136155323966,-0.0015099986223154685,0.8055194480551945,ok,153,0,-0.007693024883948532,1.0,85974,47407,-0.0612801445779544,-0.06176397351493728,-0.0004838289369828788,0.6051974012993503,ok,118,0,-0.006550808808283487,1.0,47443,28813,-0.05046619663280248,-0.053464988427465186,-0.0029987917946627043,0.8500749625187406,ok,79,0,-0.005758733441308124,1.0,95613,79118,-0.0619585763998239,-0.06381590574057505,-0.0018573293407511543,0.844015598440156,ok,153,0,-0.0026331704968014513,0.9308069193080692,70481,62900,-0.06115283560483422,-0.06178745367413928,-0.0006346180693050582,0.6276861569215393,ok,118,0,-0.001433308801111234,0.7546226886556722,41481,34775,-0.051964005071197215,-0.05116421521358077,0.0007997898576164453,0.3818090954522739,ok,79,0,0.002003895635624149,0.22588705647176413,0.24137586241375864,68.0,1.0,False,False,same sign,False,False,True,0.94000599940006,454.0,1.0,False,False,same sign,False,False,False,0.8055194480551945,341.0,1.0,False,False,same sign,False,False,False,0.844015598440156,363.0,1.0,False,False,opposite sign,False,False,False
N18_VWMA_MACD,15m,57725,56330,56330,0,1395,-0.04603556946496659,0.11228475057695722,0.37550150896502754,0.3903426238238949,0.45242322030889404,0.4142375288478608,0.7881413101366945,0.634936978519439,0.5101544470086987,6.232298101174418,3.853273921134863,44654,44155,44148,7,499,-0.046608191880701824,0.1088611035607502,0.37129654797499323,0.37505662770680437,0.4629654797499321,0.4018528585666395,0.7948038416236296,0.6305155386427471,0.5142248799492616,6.320822351659595,3.8471056992626647,25637,22783,22783,0,2854,-0.041122808977034804,0.11271562129658079,0.3794934819821797,0.38717464776368343,0.4567440635561603,0.4187332660316903,0.8072246850722029,0.6630382302594039,0.5436948602027828,6.1935122889963425,3.740341864016041,True,,50005,6325,-0.04503216485470863,-0.05396841492519573,-0.008936250070487102,0.992000799920008,ok,153,0,-0.003675485143668736,0.797020297970203,39342,4806,-0.04675648728550072,-0.04539424310508834,0.001362244180412378,0.3613193403298351,ok,118,0,0.005481012561843315,0.10844577711144428,20215,2568,-0.04205433266784271,-0.03378996185488454,0.008264370812958173,0.07496251874062969,ok,79,0,-0.0022732292771020166,0.6786606696651675,35178,21152,-0.048573143726634294,-0.041815316657811415,-0.006757827068822879,0.9668033196680332,ok,153,0,-0.0012550968457476636,0.7264273572642735,27756,16392,-0.044601663672511074,-0.05000577588183304,0.005404112209321965,0.10944527736131934,ok,118,0,0.000821909740268599,0.33983008495752126,14137,8646,-0.045631863351725414,-0.033750093074305085,-0.01188177027742033,0.9710144927536232,ok,79,0,-0.003685220480004109,0.9070464767616192,34342,21988,-0.046318823059649995,-0.04559316929448191,0.0007256537651680883,0.414958504149585,ok,153,0,-0.005717367485754431,0.9991000899910009,27590,16558,-0.043962313283074,-0.051016924246238236,-0.007054610963164239,0.9715142428785607,ok,118,0,-0.002554758040639607,0.9035482258870565,13962,8821,-0.03896866271145669,-0.044532421284029684,-0.005563758572572991,0.8460769615192404,ok,79,0,-0.009875791482492936,1.0,30845,25485,-0.04613949406326498,-0.04590978746635903,0.0002297065969059514,0.48135186481351866,ok,153,0,-0.0011924111678235164,0.690930906909309,23709,20439,-0.04747363102170143,-0.04560429263935149,0.0018693383823499346,0.312343828085957,ok,118,0,0.0034591709205078966,0.08995502248875563,12377,10406,-0.037642141597376,-0.045262749411210966,-0.007620607813834966,0.9250374812593704,ok,79,0,-0.0016105893487045678,0.670664667666167,0.992000799920008,524.0,1.0,False,False,opposite sign,False,False,False,0.9668033196680332,490.0,1.0,False,False,same sign,False,False,False,0.414958504149585,133.0,1.0,False,False,opposite sign,False,False,False,0.48135186481351866,160.0,1.0,False,False,opposite sign,False,False,False
N18_VWMA_MACD,30m,28230,25846,25846,0,2384,-0.042604053488544597,0.1127834094250561,0.38396657122959066,0.3880290954112822,0.4376692718409038,0.42544300858933687,0.7830998994041631,0.6696200572622456,0.4974077226650159,6.1339519546501755,3.9037276860272465,21463,20615,20615,0,848,-0.03230179221071367,0.11263642978413776,0.36361872422992964,0.36871210283773953,0.4624302692214407,0.39223866116905165,0.7792869269949066,0.683822459374242,0.5169051661411593,6.407641582205896,3.980516462305016,12677,9534,9534,0,3143,-0.04176954623423088,0.11275435284245856,0.37707153345919864,0.38902873924900355,0.45322005454164044,0.41409691629955947,0.7989301447451227,0.6768407803650094,0.5808684707363121,6.236483174553998,3.803611108922842,True,,22931,2915,-0.043062944007848554,-0.0389941672113031,0.004068776796545451,0.2732726727327267,ok,153,0,-0.003570345589543271,0.7687231276872313,18293,2322,-0.03277465542563886,-0.02857651796841123,0.004198137457227628,0.2683658170914543,ok,118,0,0.0008522018568336842,0.43728135932033985,8459,1075,-0.04498256601536163,-0.016486816626244852,0.028495749389116778,0.0009995002498750624,ok,79,0,-0.0026254732972140343,0.6736631684157921,15922,9924,-0.046769039777899125,-0.03592177701745404,-0.010847262760445085,0.9713028697130287,ok,153,0,-0.002831084022318693,0.8818118188181182,13119,7496,-0.024769818233616517,-0.04548375146972349,0.020713933236106975,0.0014992503748125937,ok,118,0,0.0003744942066420953,0.4482758620689655,5939,3595,-0.042269515107347555,-0.040943589311438135,-0.0013259257959094203,0.5582208895552224,ok,79,0,-0.0036108595968234493,0.8085957021489255,15817,10029,-0.03689647499615462,-0.05160562583016713,-0.014709150834012509,0.9964003599640036,ok,153,0,-0.009310909942225075,1.0,13014,7601,-0.02914082357938186,-0.037713822965634365,-0.008572999386252503,0.9270364817591205,ok,118,0,-0.0052274191520622695,0.984007996001999,5825,3709,-0.040149126362619615,-0.04431442241436988,-0.004165296051750263,0.6991504247876063,ok,79,0,-0.013903275165194521,1.0,14534,11312,-0.038503975337900016,-0.047871958000697046,-0.00936798266279703,0.9626037396260374,ok,153,0,-0.0003041847950933374,0.5295470452954705,11082,9533,-0.039596013614156635,-0.02382234590913443,0.015773667705022205,0.004497751124437781,ok,118,0,-0.0036076435737334572,0.8490754622688655,5213,4321,-0.04821393047226512,-0.03399482394011551,0.014219106532149611,0.03948025987006497,ok,79,0,0.007091831958621751,0.05847076461769116,0.2732726727327267,79.0,1.0,False,False,same sign,False,False,False,0.9713028697130287,496.0,1.0,False,False,same sign,False,False,False,0.9964003599640036,543.0,1.0,False,False,same sign,False,False,False,0.9626037396260374,484.0,1.0,False,False,opposite sign,False,False,False
N18_VWMA_MACD,1h,13641,10220,10220,0,3421,-0.03585934800111882,0.1190802348336595,0.3790606653620352,0.39315068493150684,0.4429549902152642,0.41927592954990217,0.7814090019569472,0.6993150684931507,0.5129158512720157,6.1918699922494715,3.903900021570705,10495,8842,8837,5,1653,-0.04284939131897855,0.11915808532307344,0.35034513975330994,0.36041643091546904,0.4733506846214779,0.3769378748444042,0.7845422654747086,0.6970691411112369,0.5246124250311192,6.539887803685997,3.994643463435021,6286,3414,3414,0,2872,-0.02189241533119424,0.11628588166373754,0.36174575278265964,0.4256004686584651,0.48271821909783247,0.3933801991798477,0.8107791446983011,0.7343292325717633,0.6057410661980082,6.40476232128193,3.651974080385138,True,,9003,1217,-0.035537502613613395,-0.03824026338625549,-0.0027027607726420946,0.6007399260073992,ok,153,0,-2.2872152655596667e-05,0.49235076492350766,7784,1053,-0.043325843275062156,-0.03932735710610601,0.003998486168956143,0.33233383308345826,ok,118,0,0.00019647779660535852,0.49225387306346824,3017,397,-0.02672662739820748,0.014845161006787986,0.041571788404995466,0.013993003498250875,ok,70,0,0.01282193987355051,0.0864567716141929,6346,3874,-0.039360732116105385,-0.030123730140069593,-0.009237001976035792,0.8448155184481552,ok,153,0,-0.005425145065476061,0.942905709429057,5741,3096,-0.04394862986931187,-0.04081104231462985,-0.0031375875546820198,0.6256871564217891,ok,118,0,-0.002573702928874752,0.743128435782109,2179,1235,-0.01997214188440273,-0.025280492934885497,0.005308351050482767,0.3698150924537731,ok,70,0,-0.0072832704579966,0.8845577211394303,6202,4018,-0.03365805157420109,-0.03925716792141343,-0.0055991163472123365,0.7214278572142786,ok,153,0,-0.014270772502148057,0.9999000099990001,5652,3185,-0.041058059471071294,-0.04602823201108901,-0.004970172540017713,0.719640179910045,ok,118,0,-0.0044232409809856,0.8775612193903048,1961,1453,-0.024422969140508503,-0.01847712557203027,0.0059458435684782325,0.28585707146426786,ok,70,0,-0.015653490876620692,0.9975012493753124,5693,4527,-0.03316821972427808,-0.039243618661612384,-0.006075398937334303,0.7528247175282472,ok,153,0,0.0002853677641235508,0.46715328467153283,4654,4183,-0.04008840209586033,-0.04592126410032977,-0.00583286200446944,0.7481259370314842,ok,118,0,0.00843320354393461,0.06696651674162919,1766,1648,-0.02734285799085106,-0.016051710393722197,0.011291147597128862,0.272863568215892,ok,70,0,0.004264030689985137,0.30184907546226886,0.6007399260073992,211.0,1.0,False,False,opposite sign,False,False,False,0.8448155184481552,364.0,1.0,False,False,opposite sign,False,False,False,0.7214278572142786,286.0,1.0,False,False,opposite sign,False,False,False,0.7528247175282472,312.0,1.0,False,False,opposite sign,False,False,False
N18_VWMA_MACD,4h,3488,651,651,0,2837,-0.020365658448932563,0.1228878648233487,0.43010752688172044,0.35944700460829493,0.40860215053763443,0.45622119815668205,0.7634408602150538,0.7511520737327189,0.44086021505376344,5.832155916008318,4.016736740582596,2575,609,608,1,1966,-0.03491709425535647,0.12335526315789473,0.4243421052631579,0.35855263157894735,0.4128289473684211,0.4605263157894737,0.7927631578947368,0.7450657894736842,0.5855263157894737,5.798205271102554,3.9912734135953514,1478,86,86,0,1392,-0.0023872039381282167,0.09302325581395349,0.3023255813953488,0.38372093023255816,0.46511627906976744,0.3488372093023256,0.7209302325581395,0.7790697674418605,0.5232558139534884,6.887992512377202,4.258035498595219,True,,571,80,-0.01810885265631368,-0.036473609793749875,-0.018364757137436197,0.6851314868513149,ok,76,0,0.04703444451306357,0.0072992700729927005,533,75,-0.03718526129629257,-0.01879798715110397,0.0183872741451886,0.3288355822088955,ok,84,0,0.014991111438641243,0.2683658170914543,78,8,-0.029085287217963895,0.2579191080402697,0.28700439525823357,,insufficient,18,0,0.05536243173724527,0.1889055472263868,371,280,-0.030636875689516056,-0.0067562956051594285,-0.023880580084356628,0.7157284271572842,ok,76,0,-0.024390134225092477,0.9807019298070193,350,258,-0.025187401025569003,-0.048116290497316215,0.02292888947174721,0.25787106446776614,ok,84,0,-0.0010329562174446888,0.519240379810095,60,26,-0.0069424428801220205,0.008124885928011305,-0.015067328808133326,,insufficient,18,0,-0.06230229427764466,0.984007996001999,417,234,-0.01692115385208535,-0.026503942281775678,-0.009582788429690327,0.6167383261673832,ok,76,0,-0.014563771371511817,0.8672132786721328,390,218,-0.06912840021062006,0.026286618233417818,0.09541501844403788,0.00849575212393803,ok,84,0,0.019767494907698503,0.06196901549225387,53,33,0.07833084608050507,-0.13202528427108476,-0.21035613035158984,0.9970014992503748,ok,18,0,-0.031677646497275155,0.8195902048975512,385,266,-0.003354748700121899,-0.04498671203273747,-0.04163196333261557,0.8403159684031597,ok,76,0,0.007054819513451709,0.34236576342365765,357,251,-0.05043680396158156,-0.012843244195108036,0.03759355976647352,0.15242378810594703,ok,84,0,0.009855254567121535,0.3493253373313343,46,40,0.07361481823078916,-0.08978952943238323,-0.1634043476631724,0.9710144927536232,ok,18,0,0.003913320455397971,0.4497751124437781,0.6851314868513149,263.0,1.0,False,False,no data,False,False,False,0.7157284271572842,283.0,1.0,False,False,no data,False,False,False,0.6167383261673832,223.0,1.0,False,False,same sign,False,False,False,0.8403159684031597,360.0,1.0,False,False,same sign,False,False,False
N21_ST_RSI_ADX,5m,0,0,0,0,0,,,,,,,,,,,,0,0,0,0,0,,,,,,,,,,,,0,0,0,0,0,,,,,,,,,,,,False,period-1 signals 0 < 300,0,0,,,,,insufficient,0,0,0.00836954395252082,0.012198780121987801,0,0,,,,,insufficient,0,0,0.004436218625326012,0.07946026986506746,0,0,,,,,insufficient,0,0,0.004301800877892274,0.16041979010494753,0,0,,,,,insufficient,0,0,-0.0007123199287216789,0.6946305369463054,0,0,,,,,insufficient,0,0,0.0015940120337237865,0.15942028985507245,0,0,,,,,insufficient,0,0,-0.0014143883825449982,0.7521239380309845,0,0,,,,,insufficient,0,0,-0.007693024883948532,1.0,0,0,,,,,insufficient,0,0,-0.006550808808283487,1.0,0,0,,,,,insufficient,0,0,-0.005758733441308124,1.0,0,0,,,,,insufficient,0,0,-0.0026331704968014513,0.9308069193080692,0,0,,,,,insufficient,0,0,-0.001433308801111234,0.7546226886556722,0,0,,,,,insufficient,0,0,0.002003895635624149,0.22588705647176413,,,,,,,,,,,,,,,,,,,,,,,,,,,,,,,,,,,,
N21_ST_RSI_ADX,15m,0,0,0,0,0,,,,,,,,,,,,0,0,0,0,0,,,,,,,,,,,,0,0,0,0,0,,,,,,,,,,,,False,period-1 signals 0 < 300,0,0,,,,,insufficient,0,0,-0.003675485143668736,0.797020297970203,0,0,,,,,insufficient,0,0,0.005481012561843315,0.10844577711144428,0,0,,,,,insufficient,0,0,-0.0022732292771020166,0.6786606696651675,0,0,,,,,insufficient,0,0,-0.0012550968457476636,0.7264273572642735,0,0,,,,,insufficient,0,0,0.000821909740268599,0.33983008495752126,0,0,,,,,insufficient,0,0,-0.003685220480004109,0.9070464767616192,0,0,,,,,insufficient,0,0,-0.005717367485754431,0.9991000899910009,0,0,,,,,insufficient,0,0,-0.002554758040639607,0.9035482258870565,0,0,,,,,insufficient,0,0,-0.009875791482492936,1.0,0,0,,,,,insufficient,0,0,-0.0011924111678235164,0.690930906909309,0,0,,,,,insufficient,0,0,0.0034591709205078966,0.08995502248875563,0,0,,,,,insufficient,0,0,-0.0016105893487045678,0.670664667666167,,,,,,,,,,,,,,,,,,,,,,,,,,,,,,,,,,,,
N21_ST_RSI_ADX,30m,0,0,0,0,0,,,,,,,,,,,,0,0,0,0,0,,,,,,,,,,,,0,0,0,0,0,,,,,,,,,,,,False,period-1 signals 0 < 300,0,0,,,,,insufficient,0,0,-0.003570345589543271,0.7687231276872313,0,0,,,,,insufficient,0,0,0.0008522018568336842,0.43728135932033985,0,0,,,,,insufficient,0,0,-0.0026254732972140343,0.6736631684157921,0,0,,,,,insufficient,0,0,-0.002831084022318693,0.8818118188181182,0,0,,,,,insufficient,0,0,0.0003744942066420953,0.4482758620689655,0,0,,,,,insufficient,0,0,-0.0036108595968234493,0.8085957021489255,0,0,,,,,insufficient,0,0,-0.009310909942225075,1.0,0,0,,,,,insufficient,0,0,-0.0052274191520622695,0.984007996001999,0,0,,,,,insufficient,0,0,-0.013903275165194521,1.0,0,0,,,,,insufficient,0,0,-0.0003041847950933374,0.5295470452954705,0,0,,,,,insufficient,0,0,-0.0036076435737334572,0.8490754622688655,0,0,,,,,insufficient,0,0,0.007091831958621751,0.05847076461769116,,,,,,,,,,,,,,,,,,,,,,,,,,,,,,,,,,,,
N21_ST_RSI_ADX,1h,0,0,0,0,0,,,,,,,,,,,,0,0,0,0,0,,,,,,,,,,,,0,0,0,0,0,,,,,,,,,,,,False,period-1 signals 0 < 300,0,0,,,,,insufficient,0,0,-2.2872152655596667e-05,0.49235076492350766,0,0,,,,,insufficient,0,0,0.00019647779660535852,0.49225387306346824,0,0,,,,,insufficient,0,0,0.01282193987355051,0.0864567716141929,0,0,,,,,insufficient,0,0,-0.005425145065476061,0.942905709429057,0,0,,,,,insufficient,0,0,-0.002573702928874752,0.743128435782109,0,0,,,,,insufficient,0,0,-0.0072832704579966,0.8845577211394303,0,0,,,,,insufficient,0,0,-0.014270772502148057,0.9999000099990001,0,0,,,,,insufficient,0,0,-0.0044232409809856,0.8775612193903048,0,0,,,,,insufficient,0,0,-0.015653490876620692,0.9975012493753124,0,0,,,,,insufficient,0,0,0.0002853677641235508,0.46715328467153283,0,0,,,,,insufficient,0,0,0.00843320354393461,0.06696651674162919,0,0,,,,,insufficient,0,0,0.004264030689985137,0.30184907546226886,,,,,,,,,,,,,,,,,,,,,,,,,,,,,,,,,,,,
N21_ST_RSI_ADX,4h,0,0,0,0,0,,,,,,,,,,,,0,0,0,0,0,,,,,,,,,,,,0,0,0,0,0,,,,,,,,,,,,False,period-1 signals 0 < 300,0,0,,,,,insufficient,0,0,0.04703444451306357,0.0072992700729927005,0,0,,,,,insufficient,0,0,0.014991111438641243,0.2683658170914543,0,0,,,,,insufficient,0,0,0.05536243173724527,0.1889055472263868,0,0,,,,,insufficient,0,0,-0.024390134225092477,0.9807019298070193,0,0,,,,,insufficient,0,0,-0.0010329562174446888,0.519240379810095,0,0,,,,,insufficient,0,0,-0.06230229427764466,0.984007996001999,0,0,,,,,insufficient,0,0,-0.014563771371511817,0.8672132786721328,0,0,,,,,insufficient,0,0,0.019767494907698503,0.06196901549225387,0,0,,,,,insufficient,0,0,-0.031677646497275155,0.8195902048975512,0,0,,,,,insufficient,0,0,0.007054819513451709,0.34236576342365765,0,0,,,,,insufficient,0,0,0.009855254567121535,0.3493253373313343,0,0,,,,,insufficient,0,0,0.003913320455397971,0.4497751124437781,,,,,,,,,,,,,,,,,,,,,,,,,,,,,,,,,,,,
N22_VORTEX_PSAR,5m,133014,132490,132490,0,524,-0.05962077996599674,0.1347573401766171,0.40133594988301,0.3301607668503283,0.34366367273001736,0.5125141520114725,0.7078345535512114,0.5384632802475658,0.5032153370065665,5.55523156529409,4.450649587777305,101389,101240,101231,9,149,-0.061804250737874156,0.12958481097687466,0.3976351117740613,0.31382679218816373,0.3415356955873201,0.5079669271270658,0.6946785075717913,0.522132548330057,0.5060110045341842,5.599700097501326,4.57784209981525,58594,57120,57120,0,1474,-0.048564595664642184,0.13837535014005603,0.40481442577030813,0.33585434173669465,0.34501050420168067,0.5105042016806722,0.7081057422969188,0.5952556022408964,0.5075980392156862,5.553513527982287,4.4334255337208095,True,,114636,17854,-0.05950035549936335,-0.0603939948846136,-0.00089363938525025,0.6987301269873013,ok,153,0,0.00836954395252082,0.012198780121987801,88113,13118,-0.06167615694137505,-0.06266465085152899,-0.0009884939101539383,0.6846576711644178,ok,118,0,0.004436218625326012,0.07946026986506746,49216,7904,-0.04876404165963212,-0.04732270116952258,0.0014413404901095425,0.3308345827086457,ok,79,0,0.004301800877892274,0.16041979010494753,79317,53173,-0.060892539773916926,-0.05772372370276529,-0.003168816071151638,0.9834016598340166,ok,153,0,-0.0007123199287216789,0.6946305369463054,60978,40253,-0.06350875887060346,-0.059222145132886525,-0.004286613737716938,0.9945027486256871,ok,118,0,0.0015940120337237865,0.15942028985507245,33997,23123,-0.05272955803370928,-0.042440986026568664,-0.010288572007140617,1.0,ok,79,0,-0.0014143883825449982,0.7521239380309845,88747,43743,-0.05862336016680941,-0.06164437265324904,-0.003021012486439628,0.9803019698030196,ok,153,0,-0.007693024883948532,1.0,69462,31769,-0.061592104427898295,-0.06226810251109782,-0.0006759980831995277,0.6431784107946027,ok,118,0,-0.006550808808283487,1.0,37936,19184,-0.047230360004097645,-0.051203021645585545,-0.0039726616414879,0.9620189905047476,ok,79,0,-0.005758733441308124,1.0,86958,45532,-0.05853749818092612,-0.06168965498721633,-0.0031521568062902114,0.9774022597740226,ok,153,0,-0.0026331704968014513,0.9308069193080692,66657,34574,-0.06049609360677678,-0.06432631442409957,-0.003830220817322788,0.9750124937531235,ok,118,0,-0.001433308801111234,0.7546226886556722,37413,19707,-0.047475652166236344,-0.050631914034046856,-0.0031562618678105114,0.8875562218890555,ok,79,0,0.002003895635624149,0.22588705647176413,0.6987301269873013,274.0,1.0,False,False,opposite sign,False,False,False,0.9834016598340166,510.0,1.0,False,False,same sign,False,False,False,0.9803019698030196,508.0,1.0,False,False,same sign,False,False,False,0.9774022597740226,502.0,1.0,False,False,same sign,False,False,False
N22_VORTEX_PSAR,15m,44804,43671,43671,0,1133,-0.04729070086355952,0.13571935609443336,0.4085777747246456,0.35075908497630004,0.33848549380595816,0.5188340088388175,0.7066474319342355,0.6359368917588331,0.5034004259119325,5.512061902080718,4.418280396665592,34140,33808,33798,10,332,-0.05114333405795963,0.13267057222320847,0.40597076750103556,0.3421504231019587,0.327977986863128,0.5168649032487129,0.6865790875199715,0.622403692526185,0.5068643114977217,5.543355223304753,4.569129698445316,19763,17690,17690,0,2073,-0.03453481269130548,0.13900508762012437,0.411984171848502,0.3529112492933861,0.3355568117580554,0.5182023742227247,0.7118145845110232,0.6745618993781798,0.49994347088750707,5.501939702076442,4.372605530342733,True,,37744,5927,-0.0476975893169154,-0.04469957587900337,0.002998013437912034,0.23987601239876014,ok,153,0,-0.003675485143668736,0.797020297970203,29314,4484,-0.05106867584190125,-0.05163140964795415,-0.0005627338060529008,0.5417291354322838,ok,118,0,0.005481012561843315,0.10844577711144428,15231,2459,-0.03564571121570701,-0.027653928012509457,0.007991783203197555,0.12143928035982009,ok,79,0,-0.0022732292771020166,0.6786606696651675,25828,17843,-0.05079680587056041,-0.04221556326781783,-0.008581242602742581,0.9989001099890011,ok,153,0,-0.0012550968457476636,0.7264273572642735,20077,13721,-0.052414947138164775,-0.04928266968865136,-0.0031322774495134154,0.8270864567716142,ok,118,0,0.000821909740268599,0.33983008495752126,10402,7288,-0.0365375449667172,-0.031676357541904746,-0.004861187424812452,0.816591704147926,ok,79,0,-0.003685220480004109,0.9070464767616192,28353,15318,-0.047924097223891515,-0.04611830975476639,0.0018057874691251238,0.2673732626737326,ok,153,0,-0.005717367485754431,0.9991000899910009,22234,11564,-0.04931030801417999,-0.054667676937360916,-0.005357368923180929,0.9295352323838081,ok,118,0,-0.002554758040639607,0.9035482258870565,11447,6243,-0.03386032457044418,-0.03577153630487258,-0.001911211734428396,0.679160419790105,ok,79,0,-0.009875791482492936,1.0,28889,14782,-0.04579284381440314,-0.05021801734935835,-0.00442517353495521,0.9347065293470653,ok,153,0,-0.0011924111678235164,0.690930906909309,22713,11085,-0.050382711410052794,-0.05270183854166809,-0.002319127131615299,0.7456271864067966,ok,118,0,0.0034591709205078966,0.08995502248875563,11754,5936,-0.0358228467443922,-0.03198434903564828,0.003838497708743921,0.21639180409795103,ok,79,0,-0.0016105893487045678,0.670664667666167,0.23987601239876014,66.0,1.0,False,False,same sign,False,False,False,0.9989001099890011,552.0,1.0,False,False,same sign,False,False,False,0.2673732626737326,77.0,1.0,False,False,opposite sign,False,False,False,0.9347065293470653,451.0,1.0,False,False,opposite sign,False,False,False
N22_VORTEX_PSAR,30m,22554,20692,20692,0,1862,-0.04047365604352137,0.13203170307365164,0.4212739222888073,0.36357046201430504,0.32833945486178234,0.5328146143437077,0.7135607964430698,0.6773632321670211,0.5070558670017398,5.405398106455814,4.349983369726633,16639,15979,15974,5,660,-0.03870398561749511,0.131213221484913,0.41511205709277577,0.3506948791786653,0.32095905847001377,0.5301740328033053,0.6889320145236009,0.674283210216602,0.5055089520470765,5.436984336320079,4.5362823397825744,9705,7410,7410,0,2295,-0.03283429651292488,0.14035087719298245,0.4234817813765182,0.3697705802968961,0.33643724696356275,0.5309041835357625,0.7323886639676114,0.7036437246963563,0.5072874493927125,5.393297096772061,4.181702316450979,True,,17960,2732,-0.040707222024400136,-0.038938207647993356,0.00176901437640678,0.3722627737226277,ok,153,0,-0.003570345589543271,0.7687231276872313,13878,2096,-0.03957647301123315,-0.03292708673853687,0.0066493862726962755,0.18440779610194902,ok,118,0,0.0008522018568336842,0.43728135932033985,6370,1040,-0.03407375597402011,-0.025242607313716574,0.008831148660303538,0.18790604697651175,ok,79,0,-0.0026254732972140343,0.6736631684157921,11975,8717,-0.04663014732018543,-0.032016161144123416,-0.014613986176062015,0.999000099990001,ok,153,0,-0.002831084022318693,0.8818118188181182,9343,6631,-0.03677466901802548,-0.04142236972077433,0.00464770070274885,0.1839080459770115,ok,118,0,0.0003744942066420953,0.4482758620689655,4272,3138,-0.03390865025288327,-0.03137169639275209,-0.002536953860131176,0.616191904047976,ok,79,0,-0.0036108595968234493,0.8085957021489255,13169,7523,-0.0360178274021884,-0.04827357726879238,-0.01225574986660398,0.9953004699530047,ok,153,0,-0.009310909942225075,1.0,10372,5602,-0.0368732452611303,-0.04209356772678034,-0.005220322465650046,0.8250874562718641,ok,118,0,-0.0052274191520622695,0.984007996001999,4670,2740,-0.030550102110214247,-0.03672743076863973,-0.00617732865842548,0.8255872063968016,ok,79,0,-0.013903275165194521,1.0,13898,6794,-0.04038240055792522,-0.04066033086524868,-0.00027793030732346097,0.5241475852414759,ok,153,0,-0.0003041847950933374,0.5295470452954705,10847,5127,-0.040235858888437524,-0.035463059272671155,0.00477279961576637,0.19640179910044978,ok,118,0,-0.0036076435737334572,0.8490754622688655,4917,2493,-0.034595145258482056,-0.0293613349076683,0.005233810350813755,0.2868565717141429,ok,79,0,0.007091831958621751,0.05847076461769116,0.3722627737226277,115.0,1.0,False,False,same sign,False,False,False,0.999000099990001,553.0,1.0,False,False,same sign,False,False,False,0.9953004699530047,540.0,1.0,False,False,same sign,False,False,False,0.5241475852414759,170.0,1.0,False,False,opposite sign,False,False,False
N22_VORTEX_PSAR,1h,11011,8348,8348,0,2663,-0.02940118569379664,0.13691902252036417,0.4230953521801629,0.3705079060852899,0.3304983229516052,0.5333013895543843,0.7087925251557259,0.7261619549592717,0.5105414470531864,5.363251341449576,4.3629901623701555,8271,7068,7063,5,1203,-0.03776869684399209,0.13761857567605834,0.41625371655104065,0.3504176695455189,0.3358346311765539,0.5242814667988107,0.7047996602010477,0.7063570720656944,0.5095568455330596,5.453969157075262,4.444031594794371,4697,2537,2537,0,2160,-0.02059245531979841,0.1411115490737091,0.43437130469057944,0.40047299960583366,0.3429247142294048,0.5376428852975956,0.7489160425699646,0.7489160425699646,0.5100512416239653,5.31558793843367,4.011834843387688,True,,7205,1143,-0.031676529791464764,-0.015058356101759133,0.016618173689705633,0.040495950404959506,ok,152,0,-2.2872152655596667e-05,0.49235076492350766,6091,972,-0.037579321254146175,-0.038955411574189094,-0.0013760903200429192,0.544727636181909,ok,118,0,0.00019647779660535852,0.49225387306346824,2179,358,-0.02411468922616721,0.000845946026507799,0.02496063525267501,0.06896551724137931,ok,74,0,0.01282193987355051,0.0864567716141929,4816,3532,-0.02855322830567794,-0.030557403921763697,0.0020041756160857557,0.38846115388461155,ok,152,0,-0.005425145065476061,0.942905709429057,4123,2940,-0.04195586336810173,-0.03189669426613358,-0.010059169101968156,0.888055972013993,ok,118,0,-0.002573702928874752,0.743128435782109,1435,1102,-0.026846122309605217,-0.012449068631619854,-0.014397053677985362,0.8385807096451774,ok,74,0,-0.0072832704579966,0.8845577211394303,5255,3093,-0.025335678647886526,-0.03630847296384437,-0.01097279431595784,0.9437056294370563,ok,152,0,-0.014270772502148057,0.9999000099990001,4588,2475,-0.03502104273285007,-0.0428621259599192,-0.007841083227069133,0.8255872063968016,ok,118,0,-0.0044232409809856,0.8775612193903048,1521,1016,-0.02437160573623511,-0.014934888603853317,0.009436717132381792,0.23888055972013994,ok,74,0,-0.015653490876620692,0.9975012493753124,5589,2759,-0.030394199712060605,-0.027389603472674023,0.0030045962393865817,0.33556644335566443,ok,152,0,0.0002853677641235508,0.46715328467153283,4691,2372,-0.035941279076096344,-0.04138270053252454,-0.005441421456428196,0.7276361819090454,ok,118,0,0.00843320354393461,0.06696651674162919,1667,870,-0.019476092263553423,-0.022731509589637947,-0.003255417326084524,0.5702148925537232,ok,74,0,0.004264030689985137,0.30184907546226886,0.040495950404959506,13.0,1.0,False,False,same sign,False,False,False,0.38846115388461155,123.0,1.0,False,False,opposite sign,False,False,False,0.9437056294370563,460.0,1.0,False,False,opposite sign,False,False,False,0.33556644335566443,99.0,1.0,False,False,opposite sign,False,False,False
N22_VORTEX_PSAR,4h,2719,506,506,0,2213,-0.004392283959013171,0.1324110671936759,0.44664031620553357,0.4367588932806324,0.3438735177865613,0.5533596837944664,0.7569169960474308,0.766798418972332,0.5098814229249012,5.17166331535755,3.8884541822639345,2031,450,450,0,1581,-0.007312452500411702,0.13777777777777778,0.43777777777777777,0.36444444444444446,0.32222222222222224,0.56,0.7511111111111111,0.7844444444444445,0.47555555555555556,5.125358833129988,4.0649134106694165,1059,84,84,0,975,-0.014938345689366386,0.19047619047619047,0.42857142857142855,0.39285714285714285,0.35714285714285715,0.5119047619047619,0.6785714285714286,0.7619047619047619,0.5119047619047619,5.472189282597292,4.488215521897407,True,,439,67,0.0016298717236451162,-0.0438508861185205,-0.04548075784216561,0.8007199280071993,ok,87,0,0.04703444451306357,0.0072992700729927005,388,62,-0.01052007308066462,0.012761044034074302,0.023281117114738924,0.2938530734632684,ok,98,0,0.014991111438641243,0.2683658170914543,68,16,-0.021452738793495203,0.012747825003181132,0.03420056379667633,,insufficient,20,0,0.05536243173724527,0.1889055472263868,280,226,-0.007849522365280642,-0.00010897973885878642,-0.007740542626421856,0.6111388861113889,ok,87,0,-0.024390134225092477,0.9807019298070193,253,197,-0.004559609743372297,-0.010847829239147592,0.006288219495775295,0.4177911044477761,ok,98,0,-0.0010329562174446888,0.519240379810095,48,36,0.023799783790342154,-0.06658918499564442,0.09038896878598658,0.11944027986006997,ok,20,0,-0.06230229427764466,0.984007996001999,285,221,0.0018471114231443327,-0.01243856307175023,-0.014285674494894563,0.6618338166183382,ok,87,0,-0.014563771371511817,0.8672132786721328,286,164,-0.008803883358048992,-0.004711542590141798,0.004092340767907193,0.4522738630684658,ok,98,0,0.019767494907698503,0.06196901549225387,51,33,-0.006185532080222505,-0.028465421267134177,-0.02227988918691167,0.6291854072963519,ok,20,0,-0.031677646497275155,0.8195902048975512,332,174,0.00539023268381433,-0.023057775484408162,-0.028448008168222492,0.7895210478952105,ok,87,0,0.007054819513451709,0.34236576342365765,305,145,-0.00393329597770346,-0.014420333461970435,-0.010487037484266975,0.63968015992004,ok,98,0,0.009855254567121535,0.3493253373313343,54,30,-0.07691902740282369,0.0966268813948568,0.1735459087976805,0.0034982508745627187,ok,20,0,0.003913320455397971,0.4497751124437781,0.8007199280071993,336.0,1.0,False,False,no data,False,False,False,0.6111388861113889,218.0,1.0,False,False,opposite sign,False,False,False,0.6618338166183382,253.0,1.0,False,False,same sign,False,False,False,0.7895210478952105,330.0,1.0,False,False,opposite sign,False,False,False
N23_HA_ST,5m,211645,210680,210680,0,965,-0.06105534856160916,0.09087715967343839,0.34110024681982154,0.27676096449591797,0.43207708372887793,0.4527340041769508,0.7238465919878488,0.5381526485665464,0.4841892918169736,6.085851109666653,4.79006003069879,165371,165108,165102,6,263,-0.06127907045759347,0.0878608375428523,0.33453864883526546,0.2622076049956996,0.4442223595110901,0.4371055468740536,0.7217841092173323,0.525087521653281,0.4869232353333091,6.2049088766535005,4.897093711191594,94026,91359,91359,0,2667,-0.050724670377149304,0.09417791350605852,0.3493689729528563,0.28284022373274664,0.437548572116595,0.4543723114307293,0.7292549174137195,0.5939863614969516,0.5072187742860583,6.049417445567623,4.762961640211923,True,,191534,19146,-0.06102506313181638,-0.06135831991384614,-0.00033325678202975745,0.5637436256374363,ok,153,0,0.00836954395252082,0.012198780121987801,150596,14506,-0.061372557689313066,-0.06030852012338398,0.0010640375659290852,0.31584207896051975,ok,118,0,0.004436218625326012,0.07946026986506746,82755,8604,-0.05089811134836259,-0.049056480282686755,0.0018416310656758361,0.2513743128435782,ok,79,0,0.004301800877892274,0.16041979010494753,138817,71863,-0.06248206443472295,-0.05829937654042946,-0.004182687894293491,0.9992000799920008,ok,153,0,-0.0007123199287216789,0.6946305369463054,109869,55233,-0.06247776097967595,-0.058894645766363926,-0.0035831152133120256,0.9890054972513743,ok,118,0,0.0015940120337237865,0.15942028985507245,59441,31918,-0.052685848228792256,-0.04707236219118812,-0.005613486037604136,0.9940029985007496,ok,79,0,-0.0014143883825449982,0.7521239380309845,152372,58308,-0.06001163716424231,-0.06378280265092073,-0.0037711654866784267,0.9957004299570043,ok,153,0,-0.007693024883948532,1.0,121811,43291,-0.0606979859184594,-0.06291410981442189,-0.002216123895962485,0.9265367316341829,ok,118,0,-0.006550808808283487,1.0,65519,25840,-0.04955244848338833,-0.05369691520134922,-0.0041444667179608916,0.9560219890054973,ok,79,0,-0.005758733441308124,1.0,119650,91030,-0.06048782420095553,-0.061801303628644264,-0.001313479427688731,0.8355164483551645,ok,153,0,-0.0026331704968014513,0.9308069193080692,91760,73342,-0.059719693466113326,-0.06323004578875731,-0.0035103523226439823,0.9845077461269365,ok,118,0,-0.001433308801111234,0.7546226886556722,51385,39974,-0.05069895497590144,-0.05075772651096433,-5.877153506288896e-05,0.5302348825587206,ok,79,0,0.002003895635624149,0.22588705647176413,0.5637436256374363,189.0,1.0,False,False,opposite sign,False,False,False,0.9992000799920008,558.0,1.0,False,False,same sign,False,False,False,0.9957004299570043,541.0,1.0,False,False,same sign,False,False,False,0.8355164483551645,359.0,1.0,False,False,same sign,False,False,False
N23_HA_ST,15m,69394,67371,67371,0,2023,-0.04670764755550455,0.0944916952397916,0.34330795149248194,0.29355360615101456,0.43284202401626815,0.4508468035208027,0.7333570824241884,0.6388802303661812,0.4884297397990233,6.095563997252926,4.6914954409442435,53947,53292,53278,14,655,-0.04720314550058422,0.08849806674424715,0.33984008408724053,0.27784451368294605,0.4432598821277075,0.43567701490296185,0.7265100041292841,0.6307856901535343,0.4918352791020684,6.196927584094411,4.828880258774165,30818,27203,27203,0,3615,-0.0444760914489302,0.09366613976399661,0.3546667646950704,0.29165900819762525,0.43223173914641766,0.45781715251994265,0.7389258537661287,0.657427489615116,0.5273315443149652,6.013350562135784,4.668758008837763,True,,61005,6366,-0.046551398107014974,-0.048204976742608964,-0.00165357863559399,0.6863313668633136,ok,153,0,-0.003675485143668736,0.797020297970203,48563,4715,-0.04750495556249122,-0.044094597878868415,0.003410357683622807,0.20739630184907545,ok,118,0,0.005481012561843315,0.10844577711144428,24655,2548,-0.04482694398245083,-0.04108116632571538,0.0037457776567354495,0.272863568215892,ok,79,0,-0.0022732292771020166,0.6786606696651675,44242,23129,-0.048070960774197855,-0.044099851999214665,-0.00397110877498319,0.9253074692530747,ok,153,0,-0.0012550968457476636,0.7264273572642735,35172,18106,-0.047512021618170315,-0.04660313496221361,-0.0009088866559567033,0.6071964017991005,ok,118,0,0.000821909740268599,0.33983008495752126,17555,9648,-0.04421787314769642,-0.044945932066483986,0.0007280589187875636,0.4382808595702149,ok,79,0,-0.003685220480004109,0.9070464767616192,47594,19777,-0.0446671236613981,-0.0516182353198825,-0.006951111658484402,0.9951004899510049,ok,153,0,-0.005717367485754431,0.9991000899910009,38475,14803,-0.04445698077125667,-0.05434079921678209,-0.009883818445525418,0.9985007496251874,ok,118,0,-0.002554758040639607,0.9035482258870565,19269,7934,-0.04264026722230108,-0.048934686990008656,-0.006294419767707574,0.9355322338830585,ok,79,0,-0.009875791482492936,1.0,38210,29161,-0.046949615411473335,-0.046390594238520676,0.000559021172952659,0.40945905409459055,ok,153,0,-0.0011924111678235164,0.690930906909309,29662,23616,-0.04651921741870631,-0.048062167975375145,-0.0015429505566688373,0.7026486756621689,ok,118,0,0.0034591709205078966,0.08995502248875563,15445,11758,-0.04577087508805033,-0.04277529766544571,0.002995577422604624,0.26686656671664166,ok,79,0,-0.0016105893487045678,0.670664667666167,0.6863313668633136,264.0,1.0,False,False,opposite sign,False,False,False,0.9253074692530747,433.0,1.0,False,False,opposite sign,False,False,False,0.9951004899510049,539.0,1.0,False,False,same sign,False,False,False,0.40945905409459055,131.0,1.0,False,False,same sign,False,False,False
N23_HA_ST,30m,33474,30488,30488,0,2986,-0.0414632872026038,0.09334820257150354,0.35466413014956705,0.3000852794542115,0.4196405143007085,0.4653634216741013,0.7355352925741275,0.680005247966413,0.493604040934138,5.971847862802964,4.691903936300676,26269,25084,25078,6,1185,-0.039646236515152186,0.08916181513677326,0.34061727410479303,0.2829970492064758,0.4389903501076641,0.43727569981657227,0.728367493420528,0.673777813222745,0.49888348353138207,6.189931208730762,4.805965772768719,15355,11393,11393,0,3962,-0.03168159729091741,0.09997366804178004,0.3625032914947775,0.31510576669885015,0.4328096199420697,0.46335469147722286,0.7520407267620469,0.7071008513999825,0.5380496796278417,5.951498116233765,4.514987784623556,True,,27642,2846,-0.040389033295088216,-0.05189706320806613,-0.011508029912977912,0.9762023797620238,ok,153,0,-0.003570345589543271,0.7687231276872313,22842,2236,-0.0399410891304446,-0.036634150898645426,0.0033069382317991725,0.3248375812093953,ok,118,0,0.0008522018568336842,0.43728135932033985,10254,1139,-0.0289369972881179,-0.0563902262889034,-0.027453229000785503,0.9985007496251874,ok,79,0,-0.0026254732972140343,0.6736631684157921,19675,10813,-0.04334457058615341,-0.03804016220756648,-0.005304408378586929,0.896010398960104,ok,153,0,-0.002831084022318693,0.8818118188181182,16536,8542,-0.04055530475380781,-0.0378864200325475,-0.002668884721260305,0.7306346826586707,ok,118,0,0.0003744942066420953,0.4482758620689655,7263,4130,-0.04075549194902401,-0.01572428569241177,-0.02503120625661224,1.0,ok,79,0,-0.0036108595968234493,0.8085957021489255,21339,9149,-0.03579767112219681,-0.054677691130880654,-0.018880020008683843,1.0,ok,153,0,-0.009310909942225075,1.0,17981,7097,-0.03808918123393164,-0.043591200727020114,-0.005502019493088477,0.8910544727636182,ok,118,0,-0.0052274191520622695,0.984007996001999,7803,3590,-0.032530455356672316,-0.029836572364152623,0.002693882992519693,0.3378310844577711,ok,79,0,-0.013903275165194521,1.0,17694,12794,-0.03913100617267053,-0.044688813272921096,-0.00555780710025057,0.9278072192780722,ok,153,0,-0.0003041847950933374,0.5295470452954705,14069,11009,-0.03927855094726923,-0.04011612190479207,-0.0008375709575228416,0.5872063968015993,ok,118,0,-0.0036076435737334572,0.8490754622688655,6462,4931,-0.025510283358045963,-0.03976900970913182,-0.014258726351085854,0.9885057471264368,ok,79,0,0.007091831958621751,0.05847076461769116,0.9762023797620238,501.0,1.0,False,False,same sign,False,False,False,0.896010398960104,400.0,1.0,False,False,same sign,False,False,False,1.0,582.0,1.0,False,False,opposite sign,False,False,False,0.9278072192780722,438.0,1.0,False,False,same sign,False,False,False
N23_HA_ST,1h,16399,12262,12262,0,4137,-0.03579576220947165,0.10259337791551133,0.36511172728755503,0.3137334855651607,0.4173870494209754,0.476594356548687,0.7422117109770021,0.713586690588811,0.48262926113195237,5.865769785810601,4.600118688184488,12805,10856,10852,4,1949,-0.029155541715519033,0.09767784740140066,0.3483228897899005,0.287043862882418,0.4348507187615186,0.4485809067453004,0.732583855510505,0.718392922963509,0.5208256542572798,6.09693284652424,4.786472327002537,7607,3908,3908,0,3699,-0.02075200037930118,0.09160696008188332,0.3733367451381781,0.34390992835209827,0.4242579324462641,0.47620266120777893,0.7587001023541453,0.7425793244626407,0.5422210849539406,5.839339605152508,4.398974894937055,True,,11004,1258,-0.032943863643388506,-0.060741940127737905,-0.0277980764843494,0.9972002799720028,ok,152,0,-2.2872152655596667e-05,0.49235076492350766,9792,1060,-0.02928455995981242,-0.027963705255027674,0.0013208547047847442,0.44227886056971516,ok,118,0,0.00019647779660535852,0.49225387306346824,3550,358,-0.02272780481491966,-0.0011595262272185124,0.021568278587701148,0.08195902048975512,ok,73,0,0.01282193987355051,0.0864567716141929,7785,4477,-0.03884887450477175,-0.03048674295128285,-0.008362131553488902,0.9125087491250875,ok,152,0,-0.005425145065476061,0.942905709429057,7072,3780,-0.029686300348395568,-0.02816254567009501,-0.0015237546783005568,0.5862068965517241,ok,118,0,-0.002573702928874752,0.743128435782109,2449,1459,-0.02965255460498314,-0.005812002230778149,-0.02384055237420499,0.9850074962518741,ok,73,0,-0.0072832704579966,0.8845577211394303,8415,3847,-0.031535586244985786,-0.04511455106862127,-0.013578964823635485,0.9735026497350265,ok,152,0,-0.014270772502148057,0.9999000099990001,7737,3115,-0.026125398381277254,-0.036681775737037056,-0.010556377355759802,0.9290354822588706,ok,118,0,-0.0044232409809856,0.8775612193903048,2564,1344,-0.018916496339396703,-0.02425366136019039,-0.005337165020793688,0.6731634182908546,ok,73,0,-0.015653490876620692,0.9975012493753124,7144,5118,-0.030984457363453722,-0.042511659399771,-0.01152720203631728,0.9655034496550345,ok,152,0,0.0002853677641235508,0.46715328467153283,6133,4719,-0.031146537209050768,-0.026567964821721603,0.004578572387329165,0.24887556221889057,ok,118,0,0.00843320354393461,0.06696651674162919,2250,1658,-0.014513047064042574,-0.02921861374439881,-0.014705566680356236,0.9340329835082459,ok,73,0,0.004264030689985137,0.30184907546226886,0.9972002799720028,545.0,1.0,False,False,opposite sign,False,False,False,0.9125087491250875,418.0,1.0,False,False,same sign,False,False,False,0.9735026497350265,498.0,1.0,False,False,same sign,False,False,False,0.9655034496550345,489.0,1.0,False,False,same sign,False,False,False
N23_HA_ST,4h,4049,698,698,0,3351,0.006764346748776242,0.10028653295128939,0.4269340974212034,0.32521489971346706,0.3868194842406877,0.5186246418338109,0.7392550143266475,0.8022922636103151,0.504297994269341,5.420712655007545,4.476857070598559,3118,720,718,2,2398,0.021356202954115052,0.11002785515320335,0.3746518105849582,0.2966573816155989,0.415041782729805,0.5027855153203342,0.745125348189415,0.8064066852367688,0.5891364902506964,5.649427584396447,4.631209036479917,1809,133,133,0,1676,-0.09345758375406595,0.20300751879699247,0.3007518796992481,0.3609022556390977,0.42105263157894735,0.41353383458646614,0.7142857142857143,0.6917293233082706,0.6015037593984962,6.391269339467121,4.709064856218868,True,,628,70,0.001200321373091193,0.056681602976350665,0.05548128160325947,0.0664933506649335,ok,93,0,0.04703444451306357,0.0072992700729927005,639,79,0.016989722759632727,0.056674947818345506,0.039685225058712775,0.16041979010494753,ok,105,0,0.014991111438641243,0.2683658170914543,106,27,-0.11688952043318175,-0.0014655360508706264,0.11542398438231112,,insufficient,25,0,0.05536243173724527,0.1889055472263868,400,298,0.020968990352122553,-0.012302288960413438,0.03327127931253599,0.1146885311468853,ok,93,0,-0.024390134225092477,0.9807019298070193,449,269,0.013032189436816827,0.035250188341724345,-0.02221799890490752,0.7936031984007996,ok,105,0,-0.0010329562174446888,0.519240379810095,93,40,-0.09538471621411918,-0.08897700078444222,-0.006407715429676955,0.552223888055972,ok,25,0,-0.06230229427764466,0.984007996001999,471,227,0.006333134545288184,0.007659064580683203,0.0013259300353950189,0.46315368463153683,ok,93,0,-0.014563771371511817,0.8672132786721328,505,213,-0.0003876226205127047,0.07290846546673015,0.07329608808724285,0.0014992503748125937,ok,105,0,0.019767494907698503,0.06196901549225387,85,48,-0.0793235404343286,-0.11848661879943412,-0.03916307836510552,0.712143928035982,ok,25,0,-0.031677646497275155,0.8195902048975512,428,270,-0.004374955541286882,0.024422203712283715,0.028797159253570598,0.15258474152584742,ok,93,0,0.007054819513451709,0.34236576342365765,420,298,0.01766517683530853,0.02655832030276853,0.00889314346746,0.4002998500749625,ok,105,0,0.009855254567121535,0.3493253373313343,77,56,-0.12874970674562392,-0.04493091464067373,0.08381879210495019,0.14642678660669664,ok,25,0,0.003913320455397971,0.4497751124437781,0.0664933506649335,20.0,1.0,False,False,no data,False,False,True,0.1146885311468853,33.0,1.0,False,False,opposite sign,False,False,False,0.46315368463153683,150.0,1.0,False,False,opposite sign,False,False,False,0.15258474152584742,41.0,1.0,False,False,same sign,False,False,False
N24_DMI,5m,78268,78048,78048,0,220,-0.06009330315863203,0.1329950799507995,0.4445213202132021,0.29670202952029523,0.2830565805658057,0.5915334153341534,0.6404520295202952,0.5338637761377614,0.14919024190241903,4.895505358019683,5.014465722992765,61366,61317,61314,3,49,-0.06195315625480934,0.12339759271944417,0.4398506050820367,0.29187461264963954,0.2756303617444629,0.5915288514857945,0.6330365006360701,0.5198812669210947,0.14823694425416709,4.90556752237366,5.070890111198657,34428,33665,33665,0,763,-0.051011165952618606,0.13521461458488043,0.4529333135303728,0.30506460715877026,0.27726125055695827,0.6005940888162781,0.6387048863805139,0.5887717213723451,0.14739343531858012,4.809622732288648,4.998142819851296,True,,67668,10380,-0.05996155228398669,-0.06095219701079975,-0.00099064472681306,0.66003399660034,ok,153,0,0.00836954395252082,0.012198780121987801,53748,7566,-0.0625200192524056,-0.05792622625285257,0.004593792999553037,0.047476261869065464,ok,118,0,0.004436218625326012,0.07946026986506746,29113,4552,-0.05052659440443558,-0.05411031610249827,-0.003583721698062689,0.7951024487756122,ok,79,0,0.004301800877892274,0.16041979010494753,43354,34694,-0.06336897801054374,-0.055999984212134646,-0.007368993798409093,0.9998000199980002,ok,153,0,-0.0007123199287216789,0.6946305369463054,34345,26969,-0.06412353548045995,-0.05918918004119481,-0.004934355439265133,0.9815092453773113,ok,118,0,0.0015940120337237865,0.15942028985507245,18417,15248,-0.053032907870541816,-0.048569244329953874,-0.004463663540587942,0.904047976011994,ok,79,0,-0.0014143883825449982,0.7521239380309845,54891,23157,-0.06088905008928682,-0.058207076757519106,0.0026819733317677147,0.09459054094590541,ok,153,0,-0.007693024883948532,1.0,43418,17896,-0.06251993627614838,-0.0605780749535968,0.0019418613225515788,0.23138430784607697,ok,118,0,-0.006550808808283487,1.0,23395,10270,-0.04960223983615496,-0.05422069141461149,-0.004618451578456535,0.9030484757621189,ok,79,0,-0.005758733441308124,1.0,55956,22092,-0.05856925152055561,-0.06395351651460723,-0.0053842649940516255,0.9945005499450055,ok,153,0,-0.0026331704968014513,0.9308069193080692,44414,16900,-0.060120361510265445,-0.06676982760298521,-0.006649466092719762,0.999000499750125,ok,118,0,-0.001433308801111234,0.7546226886556722,24331,9334,-0.050542709806352365,-0.05223229371079343,-0.0016895839044410652,0.6761619190404797,ok,79,0,0.002003895635624149,0.22588705647176413,0.66003399660034,249.0,1.0,False,False,same sign,False,False,False,0.9998000199980002,564.0,1.0,False,False,same sign,False,False,False,0.09459054094590541,28.0,1.0,False,False,opposite sign,False,False,False,0.9945005499450055,537.0,1.0,False,False,same sign,False,False,False
N24_DMI,15m,25036,24492,24492,0,544,-0.049904891046456214,0.1323289237301976,0.44655397680875386,0.3252898905765148,0.2845827208884534,0.5874571288584027,0.6494773803691001,0.6324105830475257,0.17552670259676628,4.917476057379933,4.8931223162667665,19411,19283,19276,7,128,-0.05111818969425097,0.12518157294044407,0.4466694334924258,0.3059244656567753,0.27396762813861797,0.5893857646814692,0.6301618593069102,0.6195268727951857,0.1728055613197759,4.905639186537581,5.046191428748941,11147,10095,10095,0,1052,-0.03562614624092596,0.1352154531946508,0.45487865279841505,0.3224368499257058,0.27429420505200597,0.6014858841010401,0.6465577018325904,0.6771669143140169,0.1586924219910847,4.786627592071148,4.902869155950927,True,,21251,3241,-0.04950835642860274,-0.052504939538898086,-0.0029965831102953464,0.7186281371862814,ok,153,0,-0.003675485143668736,0.797020297970203,16863,2413,-0.050393179837848114,-0.05618484581050522,-0.005791665972657109,0.8430784607696152,ok,118,0,0.005481012561843315,0.10844577711144428,8730,1365,-0.03628984350070156,-0.03138140112895453,0.004908442371747028,0.28585707146426786,ok,79,0,-0.0022732292771020166,0.6786606696651675,13555,10937,-0.05406603671457504,-0.044747688017165665,-0.009318348697409377,0.9915008499150085,ok,153,0,-0.0012550968457476636,0.7264273572642735,10666,8610,-0.05123520755562329,-0.050973228891765816,-0.000261978663857472,0.5142428785607196,ok,118,0,0.000821909740268599,0.33983008495752126,5503,4592,-0.03393206864790724,-0.037656309349458614,0.003724240701551376,0.26436781609195403,ok,79,0,-0.003685220480004109,0.9070464767616192,16525,7967,-0.04972617062356132,-0.05027558955133109,-0.0005494189277697667,0.5638436156384361,ok,153,0,-0.005717367485754431,0.9991000899910009,13379,5897,-0.04970751643299158,-0.05431869801414065,-0.004611181581149072,0.8505747126436781,ok,118,0,-0.002554758040639607,0.9035482258870565,6840,3255,-0.033487142416001855,-0.04012101142141162,-0.0066338690054097635,0.8050974512743628,ok,79,0,-0.009875791482492936,1.0,17522,6970,-0.04749620742638903,-0.05596012123165238,-0.008463913805263353,0.9798020197980202,ok,153,0,-0.0011924111678235164,0.690930906909309,13995,5281,-0.050492479331577154,-0.05277636362449527,-0.0022838842929181133,0.6751624187906047,ok,118,0,0.0034591709205078966,0.08995502248875563,7326,2769,-0.03660290462266535,-0.03304191658956345,0.0035609880331018973,0.3268365817091454,ok,79,0,-0.0016105893487045678,0.670664667666167,0.7186281371862814,285.0,1.0,False,False,opposite sign,False,False,False,0.9915008499150085,523.0,1.0,False,False,opposite sign,False,False,False,0.5638436156384361,190.0,1.0,False,False,same sign,False,False,False,0.9798020197980202,506.0,1.0,False,False,opposite sign,False,False,False
N24_DMI,30m,12094,11156,11156,0,938,-0.04191803735871565,0.14100035855145213,0.4606489781283614,0.3236823234134098,0.2786841161706705,0.5914306202940122,0.6502330584438867,0.6786482610254572,0.1947830763714593,4.860107069715732,4.89766405077631,9336,9034,9033,1,302,-0.03938886706037623,0.1263146241558729,0.4407173696446363,0.30233587955275104,0.2752131074947415,0.5927155983615632,0.6251522196391011,0.6691021808922838,0.19229491863168383,4.895932817213529,5.093314951356177,5391,4175,4175,0,1216,-0.04085037684845343,0.14347305389221557,0.47760479041916165,0.354251497005988,0.277125748502994,0.610059880239521,0.6605988023952096,0.697245508982036,0.1674251497005988,4.688839680374055,4.742060411275896,True,,9583,1573,-0.04054981077457737,-0.0502535207381162,-0.00970370996353883,0.8855114488551145,ok,153,0,-0.003570345589543271,0.7687231276872313,7892,1141,-0.03983415944119915,-0.03630889557093321,0.0035252638702659364,0.35332333833083457,ok,118,0,0.0008522018568336842,0.43728135932033985,3576,599,-0.042422073262211,-0.031467427974334855,0.010954645287876145,0.19290354822588707,ok,79,0,-0.0026254732972140343,0.6736631684157921,6017,5139,-0.0458150517937994,-0.03735521660450298,-0.008459835189296418,0.9327067293270673,ok,153,0,-0.002831084022318693,0.8818118188181182,5052,3981,-0.03957741947955334,-0.03914958878313865,-0.0004278306964146869,0.512743628185907,ok,118,0,0.0003744942066420953,0.4482758620689655,2181,1994,-0.038788808367490664,-0.043105281992375115,0.004316473624884451,0.36031984007996004,ok,79,0,-0.0036108595968234493,0.8085957021489255,7545,3611,-0.039797047711919574,-0.046349736856105946,-0.006552689144186372,0.8332166783321668,ok,153,0,-0.009310909942225075,1.0,6302,2731,-0.03750513816763807,-0.04373572150271818,-0.006230583335080107,0.8125937031484258,ok,118,0,-0.0052274191520622695,0.984007996001999,2696,1479,-0.037104120258570544,-0.047679252958206145,-0.0105751326996356,0.8440779610194903,ok,79,0,-0.013903275165194521,1.0,8047,3109,-0.03909614152988529,-0.049221927913427097,-0.010125786383541807,0.930906909309069,ok,153,0,-0.0003041847950933374,0.5295470452954705,6547,2486,-0.03798143490959653,-0.043095407000502794,-0.005113972090906263,0.7811094452773614,ok,118,0,-0.0036076435737334572,0.8490754622688655,3018,1157,-0.042281635292886206,-0.03711698187412489,0.0051646534187613155,0.32983508245877063,ok,79,0,0.007091831958621751,0.05847076461769116,0.8855114488551145,394.0,1.0,False,False,opposite sign,False,False,False,0.9327067293270673,446.0,1.0,False,False,opposite sign,False,False,False,0.8332166783321668,357.0,1.0,False,False,same sign,False,False,False,0.930906909309069,443.0,1.0,False,False,opposite sign,False,False,False
N24_DMI,1h,6061,4667,4667,0,1394,-0.03460010805273053,0.12941932719091492,0.450610670666381,0.3370473537604457,0.2935504606813799,0.5924576815941719,0.6644525391043496,0.7223055496035997,0.1952003428326548,4.873591126608716,4.746721515912012,4688,4040,4037,3,648,-0.022312970684198886,0.13202873420857072,0.451077532821402,0.31855338122368093,0.26380975972256626,0.6081248451820659,0.6341342581124597,0.7220708446866485,0.17314837750805054,4.769983916419384,5.009084315701106,2574,1384,1384,0,1190,-0.06111989887476247,0.15823699421965318,0.4718208092485549,0.36416184971098264,0.28395953757225434,0.6141618497109826,0.6705202312138728,0.7044797687861272,0.17702312138728324,4.682921799655488,4.668440453998686,True,,4063,604,-0.03615336452297487,-0.02415162951199748,0.012001735010977392,0.16818318168183183,ok,153,0,-2.2872152655596667e-05,0.49235076492350766,3504,533,-0.02727097436315342,0.010281485021348366,0.03755245938450179,0.013993003498250875,ok,118,0,0.00019647779660535852,0.49225387306346824,1165,219,-0.06578161154624665,-0.03632129037120503,0.029460321175041618,0.0814592703648176,ok,72,0,0.01282193987355051,0.0864567716141929,2564,2103,-0.040671458127252647,-0.02719785337318954,-0.013473604754063107,0.9417058294170583,ok,153,0,-0.005425145065476061,0.942905709429057,2216,1821,-0.013197497467074033,-0.03340571568647712,0.020208218219403086,0.014492753623188406,ok,118,0,-0.002573702928874752,0.743128435782109,731,653,-0.055700750303356805,-0.06718635768900066,0.011485607385643859,0.2753623188405797,ok,72,0,-0.0072832704579966,0.8845577211394303,3094,1573,-0.031161875934285526,-0.04136291172372154,-0.010201035789436017,0.8424157584241576,ok,153,0,-0.014270772502148057,0.9999000099990001,2751,1286,-0.01868438633669824,-0.03007520671839351,-0.011390820381695272,0.8205897051474262,ok,118,0,-0.0044232409809856,0.8775612193903048,880,504,-0.05690671110808423,-0.06847625846737525,-0.01156954735929102,0.7806096951524237,ok,72,0,-0.015653490876620692,0.9975012493753124,3297,1370,-0.03309564477957411,-0.03822070324367703,-0.0051250584641029245,0.6925307469253075,ok,153,0,0.0002853677641235508,0.46715328467153283,2972,1065,-0.024481147509787762,-0.01626243404039594,0.008218713469391823,0.23938030984507747,ok,118,0,0.00843320354393461,0.06696651674162919,991,393,-0.06779395390906959,-0.044290411498176335,0.023503542410893252,0.09745127436281859,ok,72,0,0.004264030689985137,0.30184907546226886,0.16818318168183183,45.0,1.0,False,False,same sign,False,False,False,0.9417058294170583,457.0,1.0,False,False,opposite sign,False,False,False,0.8424157584241576,362.0,1.0,False,False,same sign,False,False,False,0.6925307469253075,269.0,1.0,False,False,opposite sign,False,False,False
N24_DMI,4h,1419,259,259,0,1160,0.010101964471047414,0.12355212355212356,0.49034749034749037,0.36293436293436293,0.26640926640926643,0.6138996138996139,0.6254826254826255,0.7992277992277992,0.1583011583011583,4.6348560222036115,4.914693656518047,1201,301,299,2,900,-0.06461378888101421,0.11371237458193979,0.46153846153846156,0.25752508361204013,0.3076923076923077,0.5953177257525084,0.6655518394648829,0.7157190635451505,0.17391304347826086,4.8420265459818905,4.947507060854426,607,46,46,0,561,-0.021725280546893492,0.10869565217391304,0.4782608695652174,0.41304347826086957,0.32608695652173914,0.5652173913043478,0.6086956521739131,0.717391304347826,0.17391304347826086,4.959567402762501,5.015711577668663,True,,227,32,0.0040317832878909625,0.05316231223906344,0.049130528951172474,0.21077892210778923,ok,75,0,0.04703444451306357,0.0072992700729927005,265,34,-0.07065979175381455,-0.017490531195952667,0.053169260557861885,0.15642178910544727,ok,86,0,0.014991111438641243,0.2683658170914543,41,5,-0.02310448244206074,-0.010415825006522028,0.012688657435538713,,insufficient,19,0,0.05536243173724527,0.1889055472263868,132,127,0.05825676712617172,-0.0399486965563259,0.09820546368249762,0.0057994200579942,ok,75,0,-0.024390134225092477,0.9807019298070193,161,138,-0.019164289324432517,-0.11763820503035952,0.098473915705927,0.011494252873563218,ok,86,0,-0.0010329562174446888,0.519240379810095,24,22,-0.021186771116134744,-0.022312745380448463,0.0011259742643137186,,insufficient,19,0,-0.06230229427764466,0.984007996001999,165,94,-0.0016898855223770222,0.030800424565888166,0.03249031008826519,0.22697730226977303,ok,75,0,-0.014563771371511817,0.8672132786721328,222,77,-0.06379790102961631,-0.06696608892010941,-0.003168187890493099,0.5237381309345327,ok,86,0,0.019767494907698503,0.06196901549225387,27,19,0.020182265398187918,-0.08127810899516705,-0.10146037439335497,,insufficient,19,0,-0.031677646497275155,0.8195902048975512,190,69,-0.012487231705699733,0.07230409887078591,0.08479133057648565,0.0202979702029797,ok,75,0,0.007054819513451709,0.34236576342365765,207,92,-0.08062268847878344,-0.02859376478603347,0.05202892369274997,0.1294352823588206,ok,86,0,0.009855254567121535,0.3493253373313343,31,15,-0.04978098068366869,0.036256499735775265,0.08603748041944395,,insufficient,19,0,0.003913320455397971,0.4497751124437781,0.21077892210778923,57.0,1.0,False,False,no data,False,False,True,0.0057994200579942,1.0,1.0,False,False,no data,False,False,False,0.22697730226977303,61.0,1.0,False,False,no data,False,False,False,0.0202979702029797,7.0,1.0,False,False,no data,False,False,False
N25_DST_CCI,5m,83728,83481,83481,0,247,-0.059981091587233096,0.03872737509133815,0.4298103760137037,0.25854984966639116,0.07247158035960279,0.7822618320336364,0.3155688120650208,0.5329835531438292,0.47649165678417843,3.744351065719181,7.27927986997491,60272,60220,60216,4,52,-0.06008288323453585,0.034924272618573136,0.41238209113856783,0.24337385412514947,0.07165869536335857,0.7748937159558921,0.29880762588016474,0.5209246711837385,0.48151654045436426,3.8479069330997224,7.43664388415791,36820,36036,36036,0,784,-0.05611904711508482,0.03724053724053724,0.4443889443889444,0.2612110112110112,0.06826506826506827,0.7958985458985459,0.3096625596625597,0.5808358308358308,0.49253524253524256,3.6128881944957416,7.303727781846836,True,,80248,3233,-0.05977874610964859,-0.06500361552326821,-0.005224869413619618,0.8823117688231177,ok,153,0,0.00836954395252082,0.012198780121987801,58113,2103,-0.06009772442499443,-0.059672770965815615,0.0004249534591788118,0.46926536731634183,ok,118,0,0.004436218625326012,0.07946026986506746,34694,1342,-0.05622253912927663,-0.05344352405966692,0.0027790150696097096,0.31984007996002,ok,79,0,0.004301800877892274,0.16041979010494753,47600,35881,-0.06140705007469031,-0.058089404510424686,-0.0033176455642656213,0.9491050894910509,ok,153,0,-0.0007123199287216789,0.6946305369463054,35384,24832,-0.06218411607499625,-0.05708876182559377,-0.005095354249402481,0.9725137431284357,ok,118,0,0.0015940120337237865,0.15942028985507245,20022,16014,-0.05729313570473627,-0.054651106454287925,-0.0026420292504483467,0.8180909545227386,ok,79,0,-0.0014143883825449982,0.7521239380309845,61897,21584,-0.05966567884822028,-0.06088560892909175,-0.0012199300808714703,0.7496250374962504,ok,153,0,-0.007693024883948532,1.0,45561,14655,-0.05959787600466473,-0.061590724544679766,-0.001992848540015038,0.800599700149925,ok,118,0,-0.006550808808283487,1.0,26623,9413,-0.05521516822498465,-0.058675508146757704,-0.0034603399217730535,0.8430784607696152,ok,79,0,-0.005758733441308124,1.0,77431,6050,-0.0597528928358436,-0.06290169613580177,-0.003148803299958168,0.8017198280171983,ok,153,0,-0.0026331704968014513,0.9308069193080692,55901,4315,-0.060009205272031706,-0.06103738422687522,-0.0010281789548435144,0.5977011494252874,ok,118,0,-0.001433308801111234,0.7546226886556722,33576,2460,-0.056819286621931434,-0.046561631797246684,0.010257654824684749,0.034482758620689655,ok,79,0,0.002003895635624149,0.22588705647176413,0.8823117688231177,392.0,1.0,False,False,opposite sign,False,False,False,0.9491050894910509,469.0,1.0,False,False,same sign,False,False,False,0.7496250374962504,310.0,1.0,False,False,same sign,False,False,False,0.8017198280171983,337.0,1.0,False,False,opposite sign,False,False,False
N25_DST_CCI,15m,27148,26533,26533,0,615,-0.04597192480941495,0.03987487279990955,0.44676440658802247,0.28082011080541214,0.07485018656013266,0.7778615309237553,0.34010477518561794,0.6378095202201033,0.4738627369690574,3.7225997605678125,7.070087109467874,20131,19986,19980,6,145,-0.05155296657774099,0.036836836836836834,0.4286286286286286,0.26336336336336336,0.07792792792792792,0.7710710710710711,0.3249249249249249,0.617067067067067,0.4763263263263263,3.8225366270806194,7.224350745155872,12439,11261,11261,0,1178,-0.04336060078290716,0.03543202202291093,0.45884024509368615,0.2822129473403783,0.06926560696208152,0.7976201047864311,0.3407335050173164,0.6566912352366575,0.47677826125566114,3.5500182614392495,7.057037541887715,True,,25475,1058,-0.04601883184061045,-0.044842476208559044,0.0011763556320514082,0.44175582441755823,ok,153,0,-0.003675485143668736,0.797020297970203,19244,736,-0.05172412063764803,-0.04707784602223667,0.00464627461541136,0.3188405797101449,ok,118,0,0.005481012561843315,0.10844577711144428,10862,399,-0.04330554869255096,-0.04485928701210273,-0.0015537383195517729,0.5352323838080959,ok,79,0,-0.0022732292771020166,0.6786606696651675,14679,11854,-0.04755852000727663,-0.04400721830448735,-0.003551301702789278,0.8065193480651934,ok,153,0,-0.0012550968457476636,0.7264273572642735,11416,8564,-0.053087642502115964,-0.04950720988079276,-0.0035804326213232027,0.8095952023988006,ok,118,0,0.000821909740268599,0.33983008495752126,6094,5167,-0.04189413898551029,-0.045090157236039846,0.0031960182505295573,0.3058470764617691,ok,79,0,-0.003685220480004109,0.9070464767616192,19082,7451,-0.045272235057489084,-0.04776382923113677,-0.0024915941736476863,0.7433256674332567,ok,153,0,-0.005717367485754431,0.9991000899910009,14718,5262,-0.051364631096165486,-0.05207974757694817,-0.0007151164807826862,0.56071964017991,ok,118,0,-0.002554758040639607,0.9035482258870565,8083,3178,-0.04045445135243958,-0.05075216964586168,-0.010297718293422103,0.968015992003998,ok,79,0,-0.009875791482492936,1.0,24547,1986,-0.04635545063707221,-0.04123153785498253,0.005123912782089679,0.19068093190680932,ok,153,0,-0.0011924111678235164,0.690930906909309,18423,1557,-0.05139947609392243,-0.05336912276488889,-0.0019696466709664615,0.5977011494252874,ok,118,0,0.0034591709205078966,0.08995502248875563,10481,780,-0.044542584686726124,-0.02747807091633468,0.017064513770391445,0.062468765617191405,ok,79,0,-0.0016105893487045678,0.670664667666167,0.44175582441755823,144.0,1.0,False,False,opposite sign,False,False,False,0.8065193480651934,343.0,1.0,False,False,opposite sign,False,False,False,0.7433256674332567,303.0,1.0,False,False,same sign,False,False,False,0.19068093190680932,51.0,1.0,False,False,same sign,False,False,False
N25_DST_CCI,30m,13429,12454,12454,0,975,-0.04501857596502596,0.03870242492371929,0.448932070017665,0.3085755580536374,0.08053637385578931,0.7803918419784808,0.36992131042235427,0.6736791392323751,0.47856110486590653,3.7203127578308117,6.806481080503728,10171,9789,9788,1,382,-0.046491030789300385,0.040355537392725786,0.4120351450756028,0.28208009807928075,0.08765835717204741,0.7607274213322436,0.34194932570494485,0.6585615038823048,0.4725173682059665,3.9313598264590524,7.0672991759377055,5699,4359,4359,0,1340,-0.02710059943125322,0.035329203945859144,0.47786189493002984,0.2927276898371186,0.07387015370497821,0.8075246616196375,0.35214498738242717,0.7061252580867171,0.47166781371874283,3.4513086991533632,6.955734318719929,True,,11972,482,-0.045248447794615544,-0.03930897940102904,0.005939468393586507,0.31116888311168883,ok,153,0,-0.003570345589543271,0.7687231276872313,9393,395,-0.04508686439479251,-0.07988175216553436,-0.034794887770741856,0.9740129935032483,ok,118,0,0.0008522018568336842,0.43728135932033985,4205,154,-0.027110128542198807,-0.02684040520056363,0.00026972334163517797,0.49325337331334335,ok,79,0,-0.0026254732972140343,0.6736631684157921,6863,5591,-0.04686600323422763,-0.04275084329671421,-0.004115159937513414,0.7577242275772422,ok,153,0,-0.002831084022318693,0.8818118188181182,5755,4033,-0.04946324944834773,-0.042249741827530614,-0.007213507620817114,0.8760619690154923,ok,118,0,0.0003744942066420953,0.4482758620689655,2276,2083,-0.030137221910955015,-0.023782619227796065,-0.00635460268315895,0.7496251874062968,ok,79,0,-0.0036108595968234493,0.8085957021489255,8611,3843,-0.042981259042301906,-0.04958358663938891,-0.006602327597087003,0.9022097790220978,ok,153,0,-0.009310909942225075,1.0,7027,2761,-0.045795714359175864,-0.048260675321891815,-0.0024649609627159508,0.623688155922039,ok,118,0,-0.0052274191520622695,0.984007996001999,3083,1276,-0.020269278927674977,-0.04360605484859786,-0.02333677592092288,0.9920039980009995,ok,79,0,-0.013903275165194521,1.0,11451,1003,-0.04437688492557953,-0.05234460197968311,-0.007967717054103582,0.7686231376862314,ok,153,0,-0.0003041847950933374,0.5295470452954705,8930,858,-0.04447934180215263,-0.06742853971147916,-0.022949197909326535,0.9875062468765617,ok,118,0,-0.0036076435737334572,0.8490754622688655,4037,322,-0.025651503822791744,-0.04526829810006996,-0.019616794277278214,0.8950524737631185,ok,79,0,0.007091831958621751,0.05847076461769116,0.31116888311168883,91.0,1.0,False,False,same sign,False,False,False,0.7577242275772422,313.0,1.0,False,False,same sign,False,False,False,0.9022097790220978,408.0,1.0,False,False,same sign,False,False,False,0.7686231376862314,318.0,1.0,False,False,same sign,False,False,False
N25_DST_CCI,1h,6636,5199,5199,0,1437,-0.032287556463389606,0.04096941719561454,0.45335641469513366,0.31852279284477786,0.08501634929794191,0.7911136757068667,0.3825735718407386,0.7211002115791498,0.452779380650125,3.616350332852059,6.67729392192542,5018,4347,4345,2,671,-0.03425854739143554,0.03429228998849252,0.41104718066743384,0.2994246260069045,0.07917146144994246,0.777445339470656,0.3521288837744534,0.7100115074798619,0.4771001150747986,3.854968584679884,6.932239235071768,2749,1501,1501,0,1248,-0.025363254279101004,0.04063957361758828,0.4630246502331779,0.2971352431712192,0.06928714190539641,0.7994670219853431,0.3624250499666889,0.7521652231845436,0.41305796135909395,3.5773075764697464,6.857441193844126,True,,4986,213,-0.03242649204972784,-0.02903528963952852,0.003391202410199322,0.42975702429757023,ok,152,0,-2.2872152655596667e-05,0.49235076492350766,4196,149,-0.03575815836949297,0.007972108071175169,0.04373026644066814,0.04397801099450275,ok,118,0,0.00019647779660535852,0.49225387306346824,1440,61,-0.027444731488706416,0.02377325689846936,0.05121798838717578,0.038980509745127435,ok,72,0,0.01282193987355051,0.0864567716141929,2842,2357,-0.030697954788485204,-0.034204250549124994,0.0035062957606397903,0.3538646135386461,ok,152,0,-0.005425145065476061,0.942905709429057,2559,1786,-0.04026298209886368,-0.02565532879327842,-0.014607653305585257,0.9375312343828086,ok,118,0,-0.002573702928874752,0.743128435782109,806,695,-0.021834999074324967,-0.029455014991402417,0.0076200159170774495,0.3503248375812094,ok,72,0,-0.0072832704579966,0.8845577211394303,3543,1656,-0.02731499666471627,-0.04292631211960919,-0.015611315454892923,0.9633036696330367,ok,152,0,-0.014270772502148057,0.9999000099990001,3044,1301,-0.033016485247828714,-0.03716464821014356,-0.004148162962314843,0.6381809095452274,ok,118,0,-0.0044232409809856,0.8775612193903048,1055,446,-0.020293897833113448,-0.03735466919057381,-0.01706077135746036,0.8220889555222389,ok,72,0,-0.015653490876620692,0.9975012493753124,4757,442,-0.032581322072725724,-0.029125920708611572,0.0034554013641141523,0.401959804019598,ok,152,0,0.0002853677641235508,0.46715328467153283,4001,344,-0.033116493832621136,-0.047541559858925185,-0.01442506602630405,0.7551224387806097,ok,118,0,0.00843320354393461,0.06696651674162919,1397,104,-0.025376697170008313,-0.02518268006181718,0.00019401710819113432,0.49075462268865566,ok,72,0,0.004264030689985137,0.30184907546226886,0.42975702429757023,140.0,1.0,False,False,same sign,False,False,False,0.3538646135386461,109.0,1.0,False,False,same sign,False,False,False,0.9633036696330367,487.0,1.0,False,False,same sign,False,False,False,0.401959804019598,126.0,1.0,False,False,same sign,False,False,False
N25_DST_CCI,4h,1487,291,291,0,1196,-0.024661297104250024,0.061855670103092786,0.436426116838488,0.3127147766323024,0.13058419243986255,0.7525773195876289,0.38831615120274915,0.7663230240549829,0.46048109965635736,3.9569601959417664,6.6205907587427415,1126,286,285,1,840,0.00908023405826699,0.021052631578947368,0.44912280701754387,0.23859649122807017,0.04912280701754386,0.8456140350877193,0.3017543859649123,0.8070175438596491,0.4666666666666667,3.3376162043240036,7.377882650073072,642,59,59,0,583,-0.05121536971651579,0.05084745762711865,0.4915254237288136,0.4067796610169492,0.0847457627118644,0.8305084745762712,0.423728813559322,0.7627118644067796,0.3728813559322034,3.221641733421877,6.201197803930425,True,,273,18,-0.03692800542347907,0.1613837790707238,0.19831178449420286,,insufficient,66,0,0.04703444451306357,0.0072992700729927005,279,6,0.007172720267974819,0.09777962530685307,0.09060690503887825,,insufficient,87,0,0.014991111438641243,0.2683658170914543,56,3,-0.0515821017391198,-0.044369705294574124,0.007212396444545674,,insufficient,17,0,0.05536243173724527,0.1889055472263868,164,127,-0.035698219751147585,-0.010408893056287826,-0.02528932669485976,0.7408259174082592,ok,66,0,-0.024390134225092477,0.9807019298070193,157,128,0.001647489910908154,0.01819695930151181,-0.016549469390603658,0.6691654172913544,ok,87,0,-0.0010329562174446888,0.519240379810095,30,29,-0.05316509874934141,-0.04919840864807548,-0.003966690101265928,,insufficient,17,0,-0.06230229427764466,0.984007996001999,200,91,-0.011116870005525283,-0.05442926874979892,-0.04331239874427364,0.8771122887711229,ok,66,0,-0.014563771371511817,0.8672132786721328,217,68,0.013699260203754499,-0.005659893494244602,-0.0193591536979991,0.6546726636681659,ok,87,0,0.019767494907698503,0.06196901549225387,35,24,-0.03331274165804356,-0.07732336896845443,-0.044010627310410874,,insufficient,17,0,-0.031677646497275155,0.8195902048975512,253,38,-0.02129526060949843,-0.0470720137666751,-0.02577675315717667,0.7297270272972702,ok,66,0,0.007054819513451709,0.34236576342365765,271,14,0.003525880191555719,0.11659665533532092,0.11307077514376519,,insufficient,87,0,0.009855254567121535,0.3493253373313343,54,5,-0.05999923372520354,0.04365036157731197,0.10364959530251551,,insufficient,17,0,0.003913320455397971,0.4497751124437781,1.0,583.0,1.0,False,False,no data,False,False,True,0.7408259174082592,299.0,1.0,False,False,no data,False,False,False,0.8771122887711229,388.0,1.0,False,False,no data,False,False,False,0.7297270272972702,293.0,1.0,False,False,no data,False,False,False
S1_EMA_RSI_CHOP,5m,237,234,234,0,3,-0.08701969025374387,0.3333333333333333,0.26495726495726496,0.0,0.03418803418803419,0.2905982905982906,0.0641025641025641,0.5470085470085471,0.44017094017094016,7.335784222700399,9.614906268967019,178,178,178,0,0,-0.033799395041869365,0.3089887640449438,0.21910112359550563,0.0,0.0449438202247191,0.25280898876404495,0.07303370786516854,0.6460674157303371,0.5337078651685393,7.706013503405123,9.546134689435796,157,152,152,0,5,-0.039604070384640665,0.28289473684210525,0.18421052631578946,0.0,0.046052631578947366,0.2236842105263158,0.05263157894736842,0.6578947368421053,0.4473684210526316,8.004371545326416,9.674065293285466,False,period-1 signals 237 < 300,156,78,-0.06012159917316946,-0.14081587241489274,-0.08069427324172328,0.9724027597240276,ok,104,0,0.00836954395252082,0.012198780121987801,123,55,-0.03212339093342189,-0.03754754968439736,-0.005424158750975468,0.5422288855572214,ok,85,0,0.004436218625326012,0.07946026986506746,109,43,-0.021868761078686214,-0.08456101722996705,-0.06269225615128084,0.8750624687656172,ok,58,0,0.004301800877892274,0.16041979010494753,172,62,-0.10518717232439434,-0.03661957870290716,-0.06856759362148718,0.9518048195180482,ok,104,0,-0.0007123199287216789,0.6946305369463054,139,39,-0.03600895337647907,-0.025924302515952676,-0.010084650860526397,0.5912043978010995,ok,85,0,0.0015940120337237865,0.15942028985507245,124,28,-0.050648419297936606,0.009306617659955623,-0.05995503695789223,,insufficient,58,0,-0.0014143883825449982,0.7521239380309845,234,0,-0.08701969025374388,,,,insufficient,104,0,-0.007693024883948532,1.0,178,0,-0.03379939504186937,,,,insufficient,85,0,-0.006550808808283487,1.0,152,0,-0.039604070384640665,,,,insufficient,58,0,-0.005758733441308124,1.0,226,8,-0.08429360487586861,-0.16403160217872087,-0.07973799730285226,,insufficient,104,0,-0.0026331704968014513,0.9308069193080692,170,8,-0.0306330589207781,-0.10108403761505876,-0.07045097869428066,,insufficient,85,0,-0.001433308801111234,0.7546226886556722,145,7,-0.03685237728534977,-0.09660342744138074,-0.05975105015603097,,insufficient,58,0,0.002003895635624149,0.22588705647176413,,,,,,,,,,,,,,,,,,,,,,,,,,,,,,,,,,,,
S1_EMA_RSI_CHOP,15m,98,89,89,0,9,-0.04189734646731946,0.33707865168539325,0.2696629213483146,0.0,0.0898876404494382,0.29213483146067415,0.1348314606741573,0.6966292134831461,0.2808988764044944,7.283141063616223,9.193190444624348,82,81,81,0,1,-0.0270171657468668,0.3333333333333333,0.32098765432098764,0.0,0.06172839506172839,0.345679012345679,0.08641975308641975,0.6790123456790124,0.3950617283950617,6.736214595036477,9.605696877247892,50,40,40,0,10,-0.0301830265475722,0.425,0.15,0.0,0.075,0.15,0.1,0.7,0.35,8.536747392304004,9.410233580934115,False,period-1 signals 98 < 300,59,30,-0.029470867165283764,-0.06633608909465635,-0.03686522192937259,0.7295270472952705,ok,55,0,-0.003675485143668736,0.797020297970203,54,27,-0.020818222434321656,-0.03941505237195709,-0.018596829937635433,,insufficient,43,0,0.005481012561843315,0.10844577711144428,23,17,-0.057490987171129194,0.006763037825475516,0.06425402499660471,,insufficient,25,0,-0.0022732292771020166,0.6786606696651675,65,24,-0.026198362414317552,-0.08441542827753297,0.058217065863215414,,insufficient,55,0,-0.0012550968457476636,0.7264273572642735,55,26,-0.054364362228033654,0.03083267296329387,-0.08519703519132753,,insufficient,43,0,0.000821909740268599,0.33983008495752126,34,6,-0.009888820059304724,-0.14518352998108783,0.1352947099217831,,insufficient,25,0,-0.003685220480004109,0.9070464767616192,89,0,-0.041897346467319456,,,,insufficient,55,0,-0.005717367485754431,0.9991000899910009,81,0,-0.0270171657468668,,,,insufficient,43,0,-0.002554758040639607,0.9035482258870565,40,0,-0.030183026547572194,,,,insufficient,25,0,-0.009875791482492936,1.0,81,8,-0.03869039550855591,-0.07436772492480048,-0.035677329416244574,,insufficient,55,0,-0.0011924111678235164,0.690930906909309,76,5,-0.012125882470314597,-0.25336467155046016,-0.24123878908014557,,insufficient,43,0,0.0034591709205078966,0.08995502248875563,37,3,-0.04449298394832755,0.14630644806174384,0.19079943201007138,,insufficient,25,0,-0.0016105893487045678,0.670664667666167,,,,,,,,,,,,,,,,,,,,,,,,,,,,,,,,,,,,
S1_EMA_RSI_CHOP,30m,65,49,49,0,16,-0.10511938165329918,0.40816326530612246,0.24489795918367346,0.0,0.10204081632653061,0.2653061224489796,0.20408163265306123,0.6326530612244898,0.3877551020408163,7.506792819542822,8.881654075290305,42,40,40,0,2,-0.12189792894278184,0.375,0.275,0.0,0.05,0.275,0.1,0.5,0.3,7.422276017824553,9.434326551344043,30,19,19,0,11,0.06041569344083117,0.42105263157894735,0.05263157894736842,0.0,0.10526315789473684,0.05263157894736842,0.10526315789473684,0.8421052631578947,0.47368421052631576,9.488431808934036,9.448290099389615,False,period-1 signals 65 < 300,29,20,-0.12972643963547315,-0.06943914757914693,0.060287292056326214,,insufficient,37,0,-0.003570345589543271,0.7687231276872313,25,15,-0.1711549632334777,-0.03980287179162208,0.1313520914418556,,insufficient,26,0,0.0008522018568336842,0.43728135932033985,11,8,0.013570292439904562,0.12482811981710527,0.11125782737720072,,insufficient,15,0,-0.0026254732972140343,0.6736631684157921,37,12,-0.11025805445397112,-0.08927514051789402,-0.020982913936077097,,insufficient,37,0,-0.002831084022318693,0.8818118188181182,29,11,-0.1046938628433947,-0.16725410320480252,0.06256024036140782,,insufficient,26,0,0.0003744942066420953,0.4482758620689655,18,1,0.05883162837696083,0.08892886459049737,-0.030097236213536542,,insufficient,15,0,-0.0036108595968234493,0.8085957021489255,49,0,-0.10511938165329915,,,,insufficient,37,0,-0.009310909942225075,1.0,40,0,-0.12189792894278187,,,,insufficient,26,0,-0.0052274191520622695,0.984007996001999,19,0,0.06041569344083117,,,,insufficient,15,0,-0.013903275165194521,1.0,44,5,-0.07834628122856623,-0.3407226653909491,-0.26237638416238285,,insufficient,37,0,-0.0003041847950933374,0.5295470452954705,38,2,-0.12332452171736082,-0.09479266622578145,0.02853185549157937,,insufficient,26,0,-0.0036076435737334572,0.8490754622688655,17,2,0.08012865998956263,-0.10714452222338627,-0.18727318221294892,,insufficient,15,0,0.007091831958621751,0.05847076461769116,,,,,,,,,,,,,,,,,,,,,,,,,,,,,,,,,,,,
S1_EMA_RSI_CHOP,1h,43,25,25,0,18,0.015805857180132152,0.32,0.24,0.0,0.16,0.28,0.28,0.8,0.48,7.3752855688658725,8.469251638830986,22,18,18,0,4,0.03868258417553367,0.3333333333333333,0.2777777777777778,0.0,0.2222222222222222,0.2777777777777778,0.2777777777777778,0.8333333333333334,0.5,7.359192632719941,8.46804834565388,17,6,6,0,11,0.0005902719240270249,0.6666666666666666,0.0,0.0,0.5,0.0,0.5,0.8333333333333334,0.16666666666666666,10.0,6.904748337809131,False,period-1 signals 43 < 300,17,8,0.10861775284320518,-0.18141942110389803,-0.2900371739471032,,insufficient,21,0,-2.2872152655596667e-05,0.49235076492350766,12,6,-0.05429571179829138,0.22463917612318376,0.27893488792147514,,insufficient,13,0,0.00019647779660535852,0.49225387306346824,2,4,-0.19099133761713705,0.09638107669460907,0.2873724143117461,,insufficient,6,0,0.01282193987355051,0.0864567716141929,19,6,-0.025672105363851824,0.14715273856941471,-0.17282484393326653,,insufficient,21,0,-0.005425145065476061,0.942905709429057,13,5,0.04000476633189483,0.03524491056899472,0.0047598557629001115,,insufficient,13,0,-0.002573702928874752,0.743128435782109,6,0,0.0005902719240270295,,,,insufficient,6,0,-0.0072832704579966,0.8845577211394303,25,0,0.015805857180132145,,,,insufficient,21,0,-0.014270772502148057,0.9999000099990001,18,0,0.038682584175533684,,,,insufficient,13,0,-0.0044232409809856,0.8775612193903048,6,0,0.0005902719240270295,,,,insufficient,6,0,-0.015653490876620692,0.9975012493753124,21,4,0.012179106219015044,0.034846299725996926,0.022667193506981882,,insufficient,21,0,0.0002853677641235508,0.46715328467153283,14,4,0.11838140957996898,-0.24026330473998986,-0.3586447143199588,,insufficient,13,0,0.00843320354393461,0.06696651674162919,3,3,-0.05489413223946616,0.05607467608752021,0.11096880832698637,,insufficient,6,0,0.004264030689985137,0.30184907546226886,,,,,,,,,,,,,,,,,,,,,,,,,,,,,,,,,,,,
S1_EMA_RSI_CHOP,4h,11,3,3,0,8,-0.24294802410518426,0.0,0.6666666666666666,0.0,0.0,0.6666666666666666,0.3333333333333333,0.3333333333333333,1.0,3.769120076585746,8.12179795197723,3,1,1,0,2,0.1350994809302883,0.0,0.0,0.0,0.0,0.0,0.0,1.0,0.0,10.0,10.0,5,0,0,0,5,,,,,,,,,,,,False,period-1 signals 11 < 300,3,0,-0.24294802410518423,,,,insufficient,2,0,0.04703444451306357,0.0072992700729927005,1,0,0.1350994809302883,,,,insufficient,1,0,0.014991111438641243,0.2683658170914543,0,0,,,,,insufficient,0,0,0.05536243173724527,0.1889055472263868,1,2,0.4248409272486709,-0.5768424997821118,1.0016834270307826,,insufficient,2,0,-0.024390134225092477,0.9807019298070193,1,0,0.1350994809302883,,,,insufficient,1,0,-0.0010329562174446888,0.519240379810095,0,0,,,,,insufficient,0,0,-0.06230229427764466,0.984007996001999,3,0,-0.24294802410518423,,,,insufficient,2,0,-0.014563771371511817,0.8672132786721328,1,0,0.1350994809302883,,,,insufficient,1,0,0.019767494907698503,0.06196901549225387,0,0,,,,,insufficient,0,0,-0.031677646497275155,0.8195902048975512,3,0,-0.24294802410518423,,,,insufficient,2,0,0.007054819513451709,0.34236576342365765,1,0,0.1350994809302883,,,,insufficient,1,0,0.009855254567121535,0.3493253373313343,0,0,,,,,insufficient,0,0,0.003913320455397971,0.4497751124437781,,,,,,,,,,,,,,,,,,,,,,,,,,,,,,,,,,,,
S3_CMO_SANDWICH,5m,13309,13259,13259,0,50,-0.057630599533724604,0.06900972924051588,0.5578852100460064,0.4437740402745305,0.15310355230409534,0.7407798476506524,0.5891092842597481,0.5407647635568293,0.4866882872011464,3.650275083771193,4.999641595463394,9144,9134,9133,1,10,-0.05873759446113682,0.06930909887222161,0.5609328807620716,0.4425708967480565,0.14836307894448703,0.738092631117924,0.5802036570677762,0.5298368553596846,0.4848352129639768,3.658526928985833,5.069849631783904,5982,5825,5825,0,157,-0.05709685815260422,0.06866952789699571,0.5701287553648069,0.45356223175965665,0.14506437768240343,0.7433476394849785,0.5893562231759657,0.5763090128755365,0.49648068669527895,3.5945858190618707,4.96973127210459,True,,12344,915,-0.05677998077462917,-0.06910605085861429,-0.012326070083985126,0.9488051194880512,ok,153,0,0.00836954395252082,0.012198780121987801,8500,633,-0.05914647310351946,-0.05324712295994825,0.005899350143571215,0.2773613193403298,ok,118,0,0.004436218625326012,0.07946026986506746,5425,400,-0.05821284171948485,-0.04196133102678578,0.01625151069269907,0.10994502748625687,ok,79,0,0.004301800877892274,0.16041979010494753,5862,7397,-0.061049128391734354,-0.054921472027214785,-0.0061276563645195695,0.9154084591540846,ok,153,0,-0.0007123199287216789,0.6946305369463054,4010,5123,-0.06053252415633577,-0.05733262314008518,-0.003199901016250589,0.7541229385307346,ok,118,0,0.0015940120337237865,0.15942028985507245,2504,3321,-0.058857132588334825,-0.05576962924954205,-0.003087503338792777,0.6686656671664168,ok,79,0,-0.0014143883825449982,0.7521239380309845,7375,5884,-0.056594106646698956,-0.058929738731857535,-0.002335632085158579,0.7113288671132887,ok,153,0,-0.007693024883948532,1.0,5091,4042,-0.05284415848639806,-0.06616052433431721,-0.013316365847919148,0.9975012493753124,ok,118,0,-0.006550808808283487,1.0,3183,2642,-0.05366385784089641,-0.061232830897557274,-0.007568973056660863,0.8420789605197402,ok,79,0,-0.005758733441308124,1.0,11229,2030,-0.05621740073055586,-0.06544774700209004,-0.009230346271534177,0.9459054094590541,ok,153,0,-0.0026331704968014513,0.9308069193080692,7778,1355,-0.05679461727239719,-0.06989071370395376,-0.013096096431556577,0.9705147426286856,ok,118,0,-0.001433308801111234,0.7546226886556722,4980,845,-0.058530729339603425,-0.048646351038691776,0.009884378300911649,0.1409295352323838,ok,79,0,0.002003895635624149,0.22588705647176413,0.9488051194880512,468.0,1.0,False,False,opposite sign,False,False,False,0.9154084591540846,421.0,1.0,False,False,same sign,False,False,False,0.7113288671132887,281.0,1.0,False,False,same sign,False,False,False,0.9459054094590541,463.0,1.0,False,False,opposite sign,False,False,False
S3_CMO_SANDWICH,15m,4591,4503,4503,0,88,-0.05179120746768044,0.07106373528758606,0.5638463246724406,0.4570286475682878,0.16455696202531644,0.7301798800799467,0.6033755274261603,0.6313568731956474,0.4588052409504775,3.722116747230392,4.86472157142324,3562,3535,3534,1,27,-0.057706249387276705,0.06479909451046972,0.5744199207696661,0.44284097340124506,0.14912280701754385,0.733446519524618,0.5715902659875495,0.6092246745897001,0.4680249009620826,3.67759817567349,5.142687461330824,1864,1686,1686,0,178,-0.04134244962411805,0.0771055753262159,0.5480427046263345,0.4555160142348754,0.1553973902728351,0.7123368920521945,0.5954922894424673,0.6589561091340451,0.4851720047449585,3.86873891458949,4.922095582897712,True,,4183,320,-0.05193842794278199,-0.049866759819712475,0.0020716681230695116,0.44455554444555545,ok,153,0,-0.003675485143668736,0.797020297970203,3305,229,-0.05788229977968038,-0.055165434772018386,0.002716865007661995,0.4427786106946527,ok,118,0,0.005481012561843315,0.10844577711144428,1556,130,-0.0454819198719848,0.008203825034963877,0.053685744906948676,0.008995502248875561,ok,79,0,-0.0022732292771020166,0.6786606696651675,1964,2539,-0.05417695156834852,-0.049945755945934825,-0.004231195622413697,0.7079292070792921,ok,153,0,-0.0012550968457476636,0.7264273572642735,1504,2030,-0.05485169104322852,-0.059821153697349846,0.004969462654121327,0.30484757621189407,ok,118,0,0.000821909740268599,0.33983008495752126,762,924,-0.04181253883993969,-0.040954778647433986,-0.0008577601925057049,0.5212393803098451,ok,79,0,-0.003685220480004109,0.9070464767616192,2445,2058,-0.05051267453207542,-0.053310164235199534,-0.0027974897031241147,0.6327367263273672,ok,153,0,-0.005717367485754431,0.9991000899910009,1969,1565,-0.056034378716311506,-0.05980970839758376,-0.0037753296812722548,0.68015992003998,ok,118,0,-0.002554758040639607,0.9035482258870565,918,768,-0.030539363992656315,-0.05425551291797465,-0.02371614892531834,0.9640179910044977,ok,79,0,-0.009875791482492936,1.0,3762,741,-0.0508608723646663,-0.05651444722144458,-0.005653574856778282,0.7292270772922708,ok,153,0,-0.0011924111678235164,0.690930906909309,3007,527,-0.05889843780886384,-0.05090376251116189,0.007994675297701953,0.26936531734132935,ok,118,0,0.0034591709205078966,0.08995502248875563,1424,262,-0.04202350630521375,-0.0376408285787735,0.00438267772644025,0.39780109945027486,ok,79,0,-0.0016105893487045678,0.670664667666167,0.44455554444555545,146.0,1.0,False,False,same sign,False,False,False,0.7079292070792921,277.0,1.0,False,False,same sign,False,False,False,0.6327367263273672,237.0,1.0,False,False,same sign,False,False,False,0.7292270772922708,292.0,1.0,False,False,opposite sign,False,False,False
S3_CMO_SANDWICH,30m,2294,2135,2135,0,159,-0.045050390622556544,0.061826697892271666,0.5592505854800937,0.4519906323185012,0.1592505854800937,0.7320843091334894,0.614519906323185,0.668384074941452,0.46510538641686183,3.7275631928920285,4.811807011876565,1595,1531,1531,0,64,-0.05434526302602842,0.07250163291966036,0.5689092096668844,0.4441541476159373,0.16655780535597647,0.7191378184193338,0.5989549314173742,0.6381450032658393,0.465055519268452,3.7857768668908243,4.953459920902733,1001,747,747,0,254,-0.02116362163646579,0.06157965194109773,0.6224899598393574,0.4926372155287818,0.1111111111111111,0.7831325301204819,0.6171352074966533,0.6961178045515395,0.46586345381526106,3.2035255372782525,4.672101241262914,True,,2003,132,-0.045239638960836666,-0.042178690459109054,0.0030609485017276117,0.45655434456554345,ok,153,0,-0.003570345589543271,0.7687231276872313,1420,111,-0.05546806244953509,-0.03998152265324051,0.01548653979629458,0.29685157421289354,ok,118,0,0.0008522018568336842,0.43728135932033985,701,46,-0.01749564903083557,-0.07706033460487416,-0.05956468557403859,0.9025487256371814,ok,76,0,-0.0026254732972140343,0.6736631684157921,941,1194,-0.04641736226206455,-0.04397307042760091,-0.0024442918344636383,0.5768423157684232,ok,153,0,-0.002831084022318693,0.8818118188181182,660,871,-0.05389548377933049,-0.054686083121115246,0.0007905993417847562,0.4927536231884058,ok,118,0,0.0003744942066420953,0.4482758620689655,282,465,-0.043950565221660846,-0.007344442946089435,-0.03660612227557141,0.960519740129935,ok,76,0,-0.0036108595968234493,0.8085957021489255,1170,965,-0.04144816450359442,-0.04941785648699767,-0.007969691983403249,0.7473252674732527,ok,153,0,-0.009310909942225075,1.0,851,680,-0.059386644323696905,-0.04803612260791681,0.011350521715780097,0.2193903048475762,ok,118,0,-0.0052274191520622695,0.984007996001999,379,368,-0.03169107118342694,-0.010321492891090044,0.021369578292336898,0.1729135432283858,ok,76,0,-0.013903275165194521,1.0,1795,340,-0.0445250650692314,-0.04782380052908197,-0.0032987354598505714,0.5828417158284172,ok,153,0,-0.0003041847950933374,0.5295470452954705,1276,255,-0.05022818470512626,-0.0749468000357192,-0.02471861533059294,0.8985507246376812,ok,118,0,-0.0036076435737334572,0.8490754622688655,664,83,-0.018374639554905186,-0.043475478288950625,-0.02510083873404544,0.7426286856571714,ok,76,0,0.007091831958621751,0.05847076461769116,0.45655434456554345,149.0,1.0,False,False,opposite sign,False,False,False,0.5768423157684232,197.0,1.0,False,False,same sign,False,False,False,0.7473252674732527,307.0,1.0,False,False,opposite sign,False,False,False,0.5828417158284172,202.0,1.0,False,False,same sign,False,False,False
S3_CMO_SANDWICH,1h,1106,859,859,0,247,-0.056422188363531973,0.07683352735739232,0.5739231664726426,0.48661233993015135,0.17345750873108265,0.7438882421420256,0.6274738067520372,0.6728754365541327,0.5075669383003493,3.589404780581738,4.6184240206024265,806,693,692,1,113,-0.02068636026775698,0.06647398843930635,0.5447976878612717,0.5057803468208093,0.18641618497109827,0.708092485549133,0.6257225433526011,0.7182080924855492,0.4421965317919075,3.8589556147957236,4.615323355581584,448,272,272,0,176,-0.01768613144079101,0.05514705882352941,0.625,0.4852941176470588,0.15073529411764705,0.7757352941176471,0.6580882352941176,0.7463235294117647,0.4411764705882353,3.2290525585826058,4.4512222355351225,True,,793,66,-0.05550131975938606,-0.06748656416789132,-0.011985244408505263,0.6274372562743725,ok,147,0,-2.2872152655596667e-05,0.49235076492350766,646,46,-0.018783887652127813,-0.04740369308724482,-0.028619805435117007,0.751624187906047,ok,113,0,0.00019647779660535852,0.49225387306346824,257,15,-0.019082424515090936,0.006237023232214467,0.025319447747305403,,insufficient,65,0,0.01282193987355051,0.0864567716141929,366,493,-0.05965876843453342,-0.054019372327048155,-0.005639396107485262,0.6034396560343965,ok,147,0,-0.005425145065476061,0.942905709429057,315,377,-0.005844830913307744,-0.033087107606355144,0.0272422766930474,0.095952023988006,ok,113,0,-0.002573702928874752,0.743128435782109,102,170,0.01515126309614816,-0.037388568162954515,0.05253983125910268,0.09945027486256872,ok,65,0,-0.0072832704579966,0.8845577211394303,441,418,-0.04157343631906038,-0.07208797700375202,-0.030514540684691643,0.9198080191980802,ok,147,0,-0.014270772502148057,0.9999000099990001,342,350,-0.026414130982990832,-0.015089510026014184,0.011324620956976648,0.30334832583708143,ok,113,0,-0.0044232409809856,0.8775612193903048,140,132,0.001281917763002733,-0.037803759384208616,-0.039085677147211347,0.8670664667666167,ok,65,0,-0.015653490876620692,0.9975012493753124,710,149,-0.05361149250709114,-0.0698154370754313,-0.016203944568340158,0.7245275472452755,ok,147,0,0.0002853677641235508,0.46715328467153283,563,129,-0.023656281371967722,-0.007724611572635671,0.01593166979933205,0.2868565717141429,ok,113,0,0.00843320354393461,0.06696651674162919,231,41,-0.02529842613604334,0.025202650866606217,0.05050107700264955,0.12293853073463268,ok,65,0,0.004264030689985137,0.30184907546226886,0.6274372562743725,232.0,1.0,False,False,no data,False,False,False,0.6034396560343965,213.0,1.0,False,False,opposite sign,False,False,False,0.9198080191980802,427.0,1.0,False,False,same sign,False,False,False,0.7245275472452755,289.0,1.0,False,False,opposite sign,False,False,False
S3_CMO_SANDWICH,4h,243,43,43,0,200,-0.06432614162243118,0.09302325581395349,0.5581395348837209,0.46511627906976744,0.23255813953488372,0.6744186046511628,0.6511627906976745,0.6976744186046512,0.5581395348837209,4.075961625994845,4.435166291602096,196,39,39,0,157,-0.11096397584580484,0.02564102564102564,0.6923076923076923,0.28205128205128205,0.07692307692307693,0.8205128205128205,0.48717948717948717,0.6153846153846154,0.46153846153846156,3.0285757101211543,5.912721679429467,114,8,8,0,106,-0.14528185742295802,0.125,0.375,0.625,0.5,0.5,0.75,0.625,0.625,5.626375016135034,3.2304312506271695,False,period-1 signals 243 < 300,39,4,-0.027896763877077957,-0.41951257463962516,-0.3916158107625472,,insufficient,29,0,0.04703444451306357,0.0072992700729927005,38,1,-0.12185172081806284,0.3027703330999999,0.42462205391806274,,insufficient,27,0,0.014991111438641243,0.2683658170914543,7,1,-0.1237667902327003,-0.295887327754762,-0.1721205375220617,,insufficient,6,0,0.05536243173724527,0.1889055472263868,19,24,-0.1516389618576742,0.0047965077304695,-0.1564354695881437,,insufficient,29,0,-0.024390134225092477,0.9807019298070193,12,27,-0.02953991195343711,-0.14715244868685712,0.11761253673342001,,insufficient,27,0,-0.0010329562174446888,0.519240379810095,5,3,-0.2304000782489674,-0.0034181560462756,-0.2269819222026918,,insufficient,6,0,-0.06230229427764466,0.984007996001999,23,20,-0.00364854728845133,-0.13410537510650805,-0.13045682781805673,,insufficient,29,0,-0.014563771371511817,0.8672132786721328,28,11,-0.11645031424472134,-0.09699875083038095,0.019451563414340386,,insufficient,27,0,0.019767494907698503,0.06196901549225387,3,5,0.19804910907175566,-0.3512804373197862,-0.5493295463915419,,insufficient,6,0,-0.031677646497275155,0.8195902048975512,33,10,0.006036510562206346,-0.29652289383173513,-0.30255940439394147,,insufficient,29,0,0.007054819513451709,0.34236576342365765,36,3,-0.11227373662326769,-0.09524684651625025,0.01702689010701744,,insufficient,27,0,0.009855254567121535,0.3493253373313343,4,4,0.023164311190294086,-0.3137280260362101,-0.3368923372265042,,insufficient,6,0,0.003913320455397971,0.4497751124437781,,,,,,,,,,,,,,,,,,,,,,,,,,,,,,,,,,,,
S4_BB_BBP,5m,56790,56683,56683,0,107,-0.06584104966985099,0.2937917894254009,0.11218531129262742,0.17126828149533369,0.7181694688001694,0.12665172979552952,0.8194520402942681,0.5128345359278796,0.49108198225217436,8.825396392690742,4.103936816851698,43044,43026,43021,5,18,-0.06781521755046899,0.2883010622719137,0.10513470165733015,0.1588526533553381,0.717207875223728,0.1192208456335278,0.8117431022058994,0.49566490783570816,0.4798819181330048,8.897255169104765,4.206951530933812,25719,25285,25285,0,434,-0.05774235831640074,0.3210599169468064,0.10492386790587305,0.1721178564366225,0.7295234328653352,0.1171445521059917,0.8224243622701206,0.5744512556851888,0.5016017401621514,8.907165809371287,4.1060574886504035,True,,40030,16653,-0.06750688841234441,-0.06183675465621911,0.005670133756125302,0.010198980101989802,ok,153,0,0.00836954395252082,0.012198780121987801,30618,12403,-0.06871024219744079,-0.06560576301197159,0.0031044791854692028,0.11044477761119441,ok,118,0,0.004436218625326012,0.07946026986506746,17167,8118,-0.06021075893707794,-0.052522472451019424,0.007688286486058515,0.01699150424787606,ok,79,0,0.004301800877892274,0.16041979010494753,50324,6359,-0.06668419278108739,-0.0591685643844506,-0.007515628396636789,0.9873012698730127,ok,153,0,-0.0007123199287216789,0.6946305369463054,38498,4523,-0.0680925884219537,-0.06545434560476522,-0.0026382428171884825,0.7736131934032984,ok,118,0,0.0015940120337237865,0.15942028985507245,22632,2653,-0.05842633727581725,-0.05190752536897723,-0.006518811906840026,0.8775612193903048,ok,79,0,-0.0014143883825449982,0.7521239380309845,46975,9708,-0.06539875892708173,-0.06798120290858045,-0.0025824439814987193,0.8032196780321967,ok,153,0,-0.007693024883948532,1.0,36187,6834,-0.06840100890506215,-0.06471336918221289,0.003687639722849259,0.11594202898550725,ok,118,0,-0.006550808808283487,1.0,20933,4352,-0.05769425125615139,-0.0579737519497186,-0.0002795006935672126,0.5182408795602199,ok,79,0,-0.005758733441308124,1.0,15975,40708,-0.0630585498137617,-0.06693298332419477,-0.0038744335104330674,0.9376062393760624,ok,153,0,-0.0026331704968014513,0.9308069193080692,12166,30855,-0.06559882499945278,-0.06868913204652032,-0.003090307047067531,0.8980509745127436,ok,118,0,-0.001433308801111234,0.7546226886556722,6839,18446,-0.05901448353132383,-0.05727070785858555,0.0017437756727382847,0.33983008495752126,ok,79,0,0.002003895635624149,0.22588705647176413,0.010198980101989802,4.0,1.0,False,False,same sign,False,False,True,0.9873012698730127,516.0,1.0,False,False,same sign,False,False,False,0.8032196780321967,339.0,1.0,False,False,same sign,False,False,False,0.9376062393760624,453.0,1.0,False,False,opposite sign,False,False,False
S4_BB_BBP,15m,19575,19278,19278,0,297,-0.05600640842940247,0.30267662620603797,0.12900715841892313,0.20359995850191928,0.6900612096690528,0.1436871044714182,0.8029878618113913,0.6153646643842722,0.49211536466438427,8.663380935750016,4.108822371153917,14790,14720,14717,3,70,-0.051429550380194075,0.292722701637562,0.11490113474213495,0.19664333763674663,0.6871645036352517,0.13182034382007202,0.7896989875654006,0.6147312631650472,0.48454168648501733,8.787340042831248,4.2103924823004055,8942,8211,8211,0,731,-0.03986386127520045,0.31920594324686397,0.11898672512483255,0.19011082693947143,0.7100231396906589,0.13262696382900988,0.8153696261113141,0.6681281208135428,0.5020094994519547,8.772033767117602,4.084819143816742,True,,13443,5835,-0.05549756335176689,-0.05717871423551301,-0.0016811508837461173,0.6457354264573543,ok,153,0,-0.003675485143668736,0.797020297970203,10409,4308,-0.05251097137326872,-0.048816618366054346,0.0036943530072143724,0.23338330834582707,ok,118,0,0.005481012561843315,0.10844577711144428,5590,2621,-0.04432022320450525,-0.030359449529754508,0.013960773674750744,0.014492753623188406,ok,79,0,-0.0022732292771020166,0.6786606696651675,16791,2487,-0.056923678703317514,-0.04981345098295797,-0.0071102277203595465,0.8647135286471352,ok,153,0,-0.0012550968457476636,0.7264273572642735,13026,1691,-0.05197564841419406,-0.047222883916040334,-0.004752764498153726,0.769615192403798,ok,118,0,0.000821909740268599,0.33983008495752126,7234,977,-0.0414992176513146,-0.027755193900778966,-0.013744023750535631,0.9030484757621189,ok,79,0,-0.003685220480004109,0.9070464767616192,15353,3925,-0.05493491419502737,-0.06019765708681926,-0.005262742891791891,0.8592140785921408,ok,153,0,-0.005717367485754431,0.9991000899910009,11823,2894,-0.050529625730517315,-0.055106056645960536,-0.004576430915443221,0.8100949525237381,ok,118,0,-0.002554758040639607,0.9035482258870565,6650,1561,-0.03712540046320655,-0.051529949936161,-0.014404549472954449,0.9475262368815592,ok,79,0,-0.009875791482492936,1.0,5975,13303,-0.05849528508878528,-0.05488853741986986,0.0036067476689154165,0.2333766623337666,ok,153,0,-0.0011924111678235164,0.690930906909309,4604,10113,-0.048510721812876335,-0.052758363464731894,-0.004247641651855559,0.8205897051474262,ok,118,0,0.0034591709205078966,0.08995502248875563,2381,5830,-0.03235649803835439,-0.04292990447707532,-0.010573406438720935,0.9030484757621189,ok,79,0,-0.0016105893487045678,0.670664667666167,0.6457354264573543,244.0,1.0,False,False,opposite sign,False,False,False,0.8647135286471352,381.0,1.0,False,False,same sign,False,False,False,0.8592140785921408,372.0,1.0,False,False,same sign,False,False,False,0.2333766623337666,63.0,1.0,False,False,opposite sign,False,False,False
S4_BB_BBP,30m,9743,9187,9187,0,556,-0.041747901230489555,0.31598998584957005,0.14368128877762054,0.22542723413519103,0.6644171111352999,0.16055295526287144,0.7888320452813758,0.6737781647980843,0.4848155001632742,8.509831394135054,4.161310592168511,7461,7305,7305,0,156,-0.039665075680673054,0.29322381930184804,0.1215605749486653,0.19822039698836413,0.6702258726899384,0.14045174537987679,0.778507871321013,0.6672142368240931,0.4966461327857632,8.713845323715649,4.289223212304709,4428,3591,3591,0,837,-0.044299841798582935,0.34001670843776105,0.13227513227513227,0.20105820105820105,0.7048175995544417,0.14564188248398774,0.8259537733221943,0.6819827346143136,0.5123920913394597,8.636337994859542,3.979836767726577,True,,6284,2903,-0.0393724998366441,-0.046889831081996576,-0.0075173312453524765,0.8754124587541245,ok,153,0,-0.003570345589543271,0.7687231276872313,5163,2142,-0.03951927310461902,-0.040016512982338305,-0.0004972398777192827,0.5342328835582209,ok,118,0,0.0008522018568336842,0.43728135932033985,2370,1221,-0.04757002462054938,-0.037952312488132106,0.009617712132417272,0.21239380309845077,ok,79,0,-0.0026254732972140343,0.6736631684157921,7867,1320,-0.04418240933151688,-0.02723860181323045,-0.016943807518286433,0.9624037596240376,ok,153,0,-0.002831084022318693,0.8818118188181182,6417,888,-0.03991700858297246,-0.03784452001169194,-0.0020724885712805202,0.6016991504247876,ok,118,0,0.0003744942066420953,0.4482758620689655,3116,475,-0.05148162340231464,0.0028126455218970194,-0.05429426892421166,0.9950024987506247,ok,79,0,-0.0036108595968234493,0.8085957021489255,7116,2071,-0.03972426005352945,-0.048701175308349574,-0.008976915254820125,0.8560143985601439,ok,153,0,-0.009310909942225075,1.0,5857,1448,-0.037283873692184846,-0.049296774607866044,-0.012012900915681198,0.9510244877561219,ok,118,0,-0.0052274191520622695,0.984007996001999,2869,722,-0.04219122744127173,-0.05267880937631959,-0.010487581935047854,0.7651174412793603,ok,79,0,-0.013903275165194521,1.0,3083,6104,-0.03517664024301819,-0.045066904773145885,-0.009890264530127695,0.9038096190380962,ok,153,0,-0.0003041847950933374,0.5295470452954705,2409,4896,-0.028952442075748493,-0.04493605900466472,-0.015983616928916228,0.9820089955022488,ok,118,0,-0.0036076435737334572,0.8490754622688655,1060,2531,-0.03285380674357597,-0.04909351906381698,-0.01623971232024101,0.9055472263868066,ok,79,0,0.007091831958621751,0.05847076461769116,0.8754124587541245,385.0,1.0,False,False,opposite sign,False,False,False,0.9624037596240376,483.0,1.0,False,False,same sign,False,False,False,0.8560143985601439,371.0,1.0,False,False,same sign,False,False,False,0.9038096190380962,410.0,1.0,False,False,same sign,False,False,False
S4_BB_BBP,1h,4783,3916,3916,0,867,-0.023887675229366277,0.3301838610827375,0.1481103166496425,0.22548518896833503,0.6629213483146067,0.16215526046986722,0.7857507660878448,0.7213993871297242,0.4938712972420838,8.481484964067192,4.2065858823834,3664,3277,3277,0,387,-0.03443356606795824,0.3100396704302716,0.12999694842844065,0.20231919438510834,0.6664632285627098,0.14922184925236498,0.7818126335062557,0.7067439731461703,0.5077815074763503,8.621631229198496,4.293692764663046,2173,1287,1287,0,886,-0.025862334355138378,0.34887334887334887,0.12198912198912198,0.22533022533022534,0.7086247086247086,0.13986013986013987,0.811965811965812,0.7397047397047397,0.5415695415695416,8.708484869509265,4.017328550021425,True,,2623,1293,-0.02391934331758853,-0.023823432850861283,9.591046672724826e-05,0.5049495050494951,ok,152,0,-2.2872152655596667e-05,0.49235076492350766,2261,1016,-0.039294208807853157,-0.023616722332818082,0.015677486475035075,0.09695152423788106,ok,118,0,0.00019647779660535852,0.49225387306346824,838,449,-0.038106609426211635,-0.003009990235852423,0.03509661919035921,0.04297851074462768,ok,71,0,0.01282193987355051,0.0864567716141929,3336,580,-0.02779569690535034,-0.0014098126240510434,-0.026385884281299298,0.9676032396760323,ok,152,0,-0.005425145065476061,0.942905709429057,2851,426,-0.033295240946869364,-0.04205179358022209,0.008756552633352725,0.30184907546226886,ok,118,0,-0.002573702928874752,0.743128435782109,1130,157,-0.028196550841985198,-0.00906192269821543,-0.019134628143769768,0.7296351824087957,ok,71,0,-0.0072832704579966,0.8845577211394303,3033,883,-0.018970731940144793,-0.040776790740361474,-0.02180605880021668,0.9585041495850415,ok,152,0,-0.014270772502148057,0.9999000099990001,2614,663,-0.03677364655492632,-0.02520736638027416,0.011566280174652159,0.1679160419790105,ok,118,0,-0.0044232409809856,0.8775612193903048,997,290,-0.03118565936589858,-0.007561110094007569,0.02362454927189101,0.12043978010994502,ok,71,0,-0.015653490876620692,0.9975012493753124,1320,2596,-0.014417028938554248,-0.02870325808910121,-0.014286229150546963,0.923007699230077,ok,152,0,0.0002853677641235508,0.46715328467153283,1093,2184,-0.04355729207113653,-0.02986752553614786,0.01368976653498867,0.12893553223388307,ok,118,0,0.00843320354393461,0.06696651674162919,375,912,-0.015909774712650513,-0.029954669734450816,-0.014044895021800303,0.7806096951524237,ok,71,0,0.004264030689985137,0.30184907546226886,0.5049495050494951,165.0,1.0,False,False,same sign,False,False,False,0.9676032396760323,491.0,1.0,False,False,same sign,False,False,False,0.9585041495850415,477.0,1.0,False,False,opposite sign,False,False,False,0.923007699230077,429.0,1.0,False,False,same sign,False,False,False
S4_BB_BBP,4h,1266,272,272,0,994,0.008573588514661192,0.3602941176470588,0.1875,0.21691176470588236,0.6029411764705882,0.20220588235294118,0.7389705882352942,0.7830882352941176,0.5367647058823529,8.093817311841988,4.534373217168111,940,300,299,1,640,-0.02205167518395235,0.30434782608695654,0.1705685618729097,0.18394648829431437,0.6454849498327759,0.20735785953177258,0.8127090301003345,0.7424749163879598,0.5919732441471572,8.10363028972673,4.207642462253835,537,58,58,0,479,0.0010826692719001457,0.4827586206896552,0.1206896551724138,0.29310344827586204,0.7241379310344828,0.1206896551724138,0.8103448275862069,0.7931034482758621,0.7068965517241379,8.856138578530178,3.971073323633375,True,,174,98,0.0010290517156727253,0.021968990586334603,0.020939938870661878,0.2976702329767023,ok,79,0,0.04703444451306357,0.0072992700729927005,208,91,-0.014889232196904531,-0.03842297344006165,-0.023533741243157123,0.7266366816591704,ok,85,0,0.014991111438641243,0.2683658170914543,30,28,0.019655228602277353,-0.018816501439218297,-0.03847173004149565,,insufficient,22,0,0.05536243173724527,0.1889055472263868,221,51,0.02256311356238432,-0.052047686692138995,0.07461080025452331,0.08449155084491551,ok,79,0,-0.024390134225092477,0.9807019298070193,248,51,-0.022640173233331118,-0.01918995917913009,-0.003450214054201029,0.5327336331834083,ok,85,0,-0.0010329562174446888,0.519240379810095,51,7,0.009077837315131405,-0.057167840757356224,0.06624567807248763,,insufficient,22,0,-0.06230229427764466,0.984007996001999,213,59,0.02554213330423597,-0.05268573420024436,-0.07822786750448033,0.9165083491650835,ok,79,0,-0.014563771371511817,0.8672132786721328,244,55,-0.0316388316063925,0.02048043694469121,0.0521192685510837,0.20339830084957522,ok,85,0,0.019767494907698503,0.06196901549225387,41,17,-0.008224550453369464,0.02352949331519744,0.0317540437685669,,insufficient,22,0,-0.031677646497275155,0.8195902048975512,108,164,-0.007705921238988201,0.019294241279259577,0.02700016251824778,0.285971402859714,ok,79,0,0.007054819513451709,0.34236576342365765,106,193,-0.05737221958654134,-0.0026528269628413007,0.054719392623700035,0.06046976511744128,ok,85,0,0.009855254567121535,0.3493253373313343,16,42,-0.10331899640515828,0.04085473238697002,0.1441737287921283,,insufficient,22,0,0.003913320455397971,0.4497751124437781,0.2976702329767023,88.0,1.0,False,False,no data,False,False,True,0.08449155084491551,24.0,1.0,False,False,no data,False,False,False,0.9165083491650835,423.0,1.0,False,False,no data,False,False,False,0.285971402859714,83.0,1.0,False,False,no data,False,False,False
N04_ST_KLINGER,5m,161533,160756,160756,0,777,-0.05887349634369242,0.042206822762447437,0.2724252905023763,0.3183893602727114,0.3847570230660131,0.5083542760456842,0.6759063425315385,0.5435566946179303,0.4766665007837966,5.945309825341172,4.882854348390694,121974,121773,121768,5,201,-0.059120701285440405,0.0423592405229617,0.25802345443794755,0.3011218054004336,0.3993906445043033,0.4877307667038959,0.6708084225740752,0.5293673214637672,0.48771434202746206,6.119723234191378,5.007571695264957,72177,70095,70095,0,2082,-0.05068947964215099,0.0452956701619231,0.276667379984307,0.3239032741279692,0.3848206006134532,0.5108067622512305,0.6738426421285398,0.5978600470789642,0.4989656894214994,5.9135016826715265,4.88915911045463,True,,153971,6785,-0.05901731235631708,-0.055609900871351765,0.003407411484965317,0.132986701329867,ok,153,0,0.00836954395252082,0.012198780121987801,116610,5158,-0.059067313252962925,-0.06032767656019748,-0.0012603633072345577,0.6536731634182908,ok,118,0,0.004436218625326012,0.07946026986506746,66920,3175,-0.050482977918724664,-0.055041950612761924,-0.00455897269403726,0.8285857071464268,ok,79,0,0.004301800877892274,0.16041979010494753,116962,43794,-0.058534836679838914,-0.05977796525732521,0.001243128577486298,0.21937806219378062,ok,153,0,-0.0007123199287216789,0.6946305369463054,90349,31419,-0.05917905041062941,-0.05895291156865434,-0.00022613884197506678,0.5492253873063468,ok,118,0,0.0015940120337237865,0.15942028985507245,50702,19393,-0.05179525759280058,-0.04779848012408596,-0.003996777468714616,0.9435282358820589,ok,79,0,-0.0014143883825449982,0.7521239380309845,109573,51183,-0.05729011358523694,-0.06226321556672043,-0.004973101981483492,0.9999000099990001,ok,153,0,-0.007693024883948532,1.0,85101,36667,-0.05814105030603507,-0.0613943881973332,-0.0032533378912981276,0.9780109945027486,ok,118,0,-0.006550808808283487,1.0,47391,22704,-0.048631571755966205,-0.05498503604781446,-0.006353464291848257,0.9995002498750625,ok,79,0,-0.005758733441308124,1.0,98904,61852,-0.05870693560694353,-0.05913983410330266,-0.0004328984963591284,0.6033396660333966,ok,153,0,-0.0026331704968014513,0.9308069193080692,73135,48633,-0.05913675693965906,-0.059096556563311774,4.020037634728385e-05,0.4702648675662169,ok,118,0,-0.001433308801111234,0.7546226886556722,43121,26974,-0.05062323267455815,-0.05079538293753066,-0.00017215026297250774,0.5487256371814093,ok,79,0,0.002003895635624149,0.22588705647176413,0.132986701329867,36.0,1.0,False,False,opposite sign,False,False,True,0.21937806219378062,59.0,1.0,False,False,opposite sign,False,False,False,0.9999000099990001,566.0,1.0,False,False,same sign,False,False,False,0.6033396660333966,212.0,1.0,False,False,same sign,False,False,False
N04_ST_KLINGER,15m,55268,53639,53639,0,1629,-0.045712428830134676,0.0426741736423125,0.2970040455638621,0.336546169764537,0.3692089710844721,0.5223624601502638,0.6790395048378978,0.6401126046346874,0.4765375939148754,5.787877489888704,4.821762320359276,40862,40407,40403,4,455,-0.046388976911817655,0.041457317525926296,0.2766873746998985,0.3172041680073262,0.38774348439472317,0.49486424275425095,0.6713857881840457,0.6309184961512759,0.4883795757740762,6.019684264755455,4.9630064862349705,24812,21946,21946,0,2866,-0.03967900711043607,0.04652328442540782,0.2901212065980133,0.32388590175886267,0.3674473708192837,0.5235578237492026,0.6671830857559464,0.669324706096783,0.5121662261915612,5.7868362219213605,4.931432070729831,True,,51350,2289,-0.045662715855318316,-0.046827658737002384,-0.0011649428816840682,0.5758424157584242,ok,153,0,-0.003675485143668736,0.797020297970203,38728,1675,-0.0465278425233502,-0.04317823816349965,0.003349604359850551,0.31634182908545727,ok,118,0,0.005481012561843315,0.10844577711144428,20925,1021,-0.03944942252309412,-0.044384254407331555,-0.004934831884237434,0.7231384307846077,ok,79,0,-0.0022732292771020166,0.6786606696651675,37708,15931,-0.04666893586183938,-0.04344841733358573,-0.0032205185282536478,0.8532146785321468,ok,153,0,-0.0012550968457476636,0.7264273572642735,29224,11179,-0.04787196024403571,-0.04251218069563188,-0.005359779548403831,0.9500249875062469,ok,118,0,0.000821909740268599,0.33983008495752126,15579,6367,-0.04043518419666688,-0.03782876636496888,-0.002606417831698002,0.6776611694152923,ok,79,0,-0.003685220480004109,0.9070464767616192,35587,18052,-0.0433991377256264,-0.050272759571112755,-0.006873621845486358,0.987001299870013,ok,153,0,-0.005717367485754431,0.9991000899910009,27587,12816,-0.04508126140518204,-0.04920389168097782,-0.004122630275795784,0.872063968015992,ok,118,0,-0.002554758040639607,0.9035482258870565,14838,7108,-0.03565714204886409,-0.048074678717583634,-0.012417536668719545,0.993503248375812,ok,79,0,-0.009875791482492936,1.0,33835,19804,-0.046290617488314846,-0.04472459741983746,0.0015660200684773848,0.29227077292270776,ok,153,0,-0.0011924111678235164,0.690930906909309,24737,15666,-0.0466922823961557,-0.04591005007879901,0.0007822323173566903,0.4012993503248376,ok,118,0,0.0034591709205078966,0.08995502248875563,13882,8064,-0.03897161442155699,-0.04089676818521528,-0.0019251537636582883,0.670664667666167,ok,79,0,-0.0016105893487045678,0.670664667666167,0.5758424157584242,195.0,1.0,False,False,same sign,False,False,False,0.8532146785321468,370.0,1.0,False,False,same sign,False,False,False,0.987001299870013,514.0,1.0,False,False,same sign,False,False,False,0.29227077292270776,86.0,1.0,False,False,opposite sign,False,False,False
N04_ST_KLINGER,30m,28095,25559,25559,0,2536,-0.04181578305516269,0.044720059470245314,0.31077115693102236,0.33929339958527327,0.3569779725341367,0.5355452091239876,0.6774521694901992,0.6798388043350679,0.47842247349270317,5.672137715534638,4.839336039328108,20284,19350,19345,5,934,-0.04025625946364312,0.041819591625743086,0.2878263117084518,0.32731972085810285,0.38190746963039546,0.5026621866115275,0.6765572499353838,0.6730421297492892,0.4982682863789093,5.9449079211670615,4.905377838279281,13115,9686,9686,0,3429,-0.026632645812380288,0.04976254387776172,0.3116869708858146,0.3420400578154037,0.36692132975428454,0.5311790212678092,0.6827379723311997,0.7169110055750568,0.5265331406153211,5.683901065538506,4.77385654754246,True,,24416,1143,-0.041736429904024305,-0.04351087188997864,-0.0017744419859543337,0.5773422657734226,ok,153,0,-0.003570345589543271,0.7687231276872313,18536,809,-0.039946942466594824,-0.047343403910228336,-0.007396461443633512,0.7486256871564217,ok,118,0,0.0008522018568336842,0.43728135932033985,9204,482,-0.027821881310635007,-0.003923675841557865,0.023898205469077144,0.04697651174412794,ok,79,0,-0.0026254732972140343,0.6736631684157921,17616,7943,-0.043879709326253305,-0.03723840357744239,-0.006641305748810916,0.9326067393260674,ok,153,0,-0.002831084022318693,0.8818118188181182,13777,5568,-0.0382831023844477,-0.04513847661164514,0.006855374227197439,0.06296851574212893,ok,118,0,0.0003744942066420953,0.4482758620689655,6667,3019,-0.03070959084362684,-0.01762933593383745,-0.01308025490978939,0.9455272363818091,ok,79,0,-0.0036108595968234493,0.8085957021489255,16887,8672,-0.03953373503029294,-0.046259618963370185,-0.006725883933077242,0.9415058494150585,ok,153,0,-0.009310909942225075,1.0,13013,6332,-0.03938609592000676,-0.042044547238965294,-0.0026584513189585324,0.7166416791604198,ok,118,0,-0.0052274191520622695,0.984007996001999,6373,3313,-0.01930863384442645,-0.04072136548390755,-0.021412731639481097,0.9995002498750625,ok,79,0,-0.013903275165194521,1.0,16435,9124,-0.041222692510893416,-0.042884113074350055,-0.0016614205634566392,0.6408359164083591,ok,153,0,-0.0003041847950933374,0.5295470452954705,11957,7388,-0.04171985389872036,-0.03788752656431738,0.003832327334402981,0.19290354822588707,ok,118,0,-0.0036076435737334572,0.8490754622688655,6132,3554,-0.023534038276899663,-0.03197892082857815,-0.008444882551678488,0.8290854572713643,ok,79,0,0.007091831958621751,0.05847076461769116,0.5773422657734226,198.0,1.0,False,False,opposite sign,False,False,False,0.9326067393260674,445.0,1.0,False,False,same sign,False,False,False,0.9415058494150585,456.0,1.0,False,False,same sign,False,False,False,0.6408359164083591,242.0,1.0,False,False,same sign,False,False,False
N04_ST_KLINGER,1h,14365,10652,10652,0,3713,-0.0374322518781265,0.04909876079609463,0.3207848291400676,0.3417198648141194,0.34707097258730757,0.5518212542245587,0.6756477656778069,0.7135749155088247,0.4669545625234698,5.54248977029619,4.829852887318035,10327,8632,8628,4,1695,-0.027404082640808274,0.0440426518312471,0.2884793694946685,0.3229021789522485,0.3686833565136764,0.5162262401483542,0.6614510894761243,0.7235744089012517,0.520050996754752,5.868083930183267,5.016714900836925,6852,3484,3484,0,3368,-0.023651386113787053,0.05855338691159587,0.3315154994259472,0.3559127439724455,0.35964408725602753,0.549081515499426,0.6897244546498278,0.743398392652124,0.5043053960964409,5.523806712936323,4.716250525646514,True,,10129,523,-0.036242030543557804,-0.060483402734429204,-0.0242413721908714,0.9577042295770423,ok,153,0,-2.2872152655596667e-05,0.49235076492350766,8248,380,-0.027478099719396697,-0.025797522471868027,0.0016805772475286702,0.47176411794102946,ok,118,0,0.00019647779660535852,0.49225387306346824,3280,204,-0.026113584899145476,0.015936908082171925,0.0420504929813174,0.07296351824087956,ok,74,0,0.01282193987355051,0.0864567716141929,7235,3417,-0.038505911584323704,-0.035158933770331136,-0.0033469778139925688,0.6957304269573042,ok,153,0,-0.005425145065476061,0.942905709429057,6139,2489,-0.026471454256909454,-0.02970436614774071,0.0032329118908312575,0.3333333333333333,ok,118,0,-0.002573702928874752,0.743128435782109,2329,1155,-0.024668954069680997,-0.021599510988871896,-0.0030694430808091006,0.6096951524237881,ok,74,0,-0.0072832704579966,0.8845577211394303,7012,3640,-0.03587285468073335,-0.04043623351222561,-0.004563378831492264,0.7369263073692631,ok,153,0,-0.014270772502148057,0.9999000099990001,5842,2786,-0.029921362585795662,-0.02212556525437025,0.0077957973314254116,0.16091954022988506,ok,118,0,-0.0044232409809856,0.8775612193903048,2244,1240,-0.012477788291675616,-0.04387199378541452,-0.031394205493738905,0.9905047476261869,ok,74,0,-0.015653490876620692,0.9975012493753124,6955,3697,-0.0384462866647015,-0.03552459379302259,0.002921692871678906,0.3397660233976602,ok,153,0,0.0002853677641235508,0.46715328467153283,5447,3181,-0.030275483152960858,-0.022487226749674932,0.007788256403285926,0.1924037981009495,ok,118,0,0.00843320354393461,0.06696651674162919,2231,1253,-0.025900645027111636,-0.01964652048279971,0.006254124544311925,0.3103448275862069,ok,74,0,0.004264030689985137,0.30184907546226886,0.9577042295770423,476.0,1.0,False,False,opposite sign,False,False,False,0.6957304269573042,272.0,1.0,False,False,same sign,False,False,False,0.7369263073692631,297.0,1.0,False,False,same sign,False,False,False,0.3397660233976602,101.0,1.0,False,False,same sign,False,False,False
N04_ST_KLINGER,4h,3774,593,593,0,3181,-0.03196420948070156,0.0775716694772344,0.3524451939291737,0.3490725126475548,0.3524451939291737,0.5328836424957841,0.6711635750421585,0.7554806070826307,0.4974704890387858,5.620409230111402,4.796195654326975,2776,614,613,1,2162,-0.039585421839292596,0.057096247960848286,0.2740619902120718,0.3425774877650897,0.3768352365415987,0.5383360522022839,0.6851549755301795,0.7438825448613376,0.5579119086460033,5.741086305475805,4.746351971381416,1665,143,143,0,1522,-0.03901081434810295,0.06293706293706294,0.43356643356643354,0.36363636363636365,0.27972027972027974,0.6433566433566433,0.6363636363636364,0.7272727272727273,0.5734265734265734,4.607332420026431,5.0329459558492875,True,,547,46,-0.03781974750809641,0.037665775323319835,0.07548552283141624,0.046295370462953706,ok,91,0,0.04703444451306357,0.0072992700729927005,578,35,-0.04014524303379606,-0.030340374684349778,0.009804868349446282,0.42528735632183906,ok,100,0,0.014991111438641243,0.2683658170914543,134,9,-0.038982397893023574,-0.03943390379039581,-0.0004515058973722369,,insufficient,25,0,0.05536243173724527,0.1889055472263868,384,209,-0.034564757714816825,-0.02718616870605918,-0.007378589008757645,0.5933406659334066,ok,91,0,-0.024390134225092477,0.9807019298070193,445,168,-0.041362426428164234,-0.03487847516043619,-0.006483951267728043,0.5902048975512244,ok,100,0,-0.0010329562174446888,0.519240379810095,81,62,-0.02840253498750206,-0.05287001802888797,0.024467483041385914,0.37031484257871067,ok,25,0,-0.06230229427764466,0.984007996001999,386,207,-0.036609900589841295,-0.023301229924527947,0.013308670665313348,0.3190680931906809,ok,91,0,-0.014563771371511817,0.8672132786721328,403,210,-0.03622454275517128,-0.046035108843582556,-0.009810566088411278,0.6421789105447276,ok,100,0,0.019767494907698503,0.06196901549225387,91,52,-0.014787614695040415,-0.08140141374096241,-0.06661379904592199,0.7791104447776112,ok,25,0,-0.031677646497275155,0.8195902048975512,384,209,-0.0394912797940145,-0.018134568330882575,0.021356711463131922,0.22947705229477053,ok,91,0,0.007054819513451709,0.34236576342365765,382,231,-0.04569334309338606,-0.02948487673512074,0.01620846635826532,0.30684657671164417,ok,100,0,0.009855254567121535,0.3493253373313343,103,40,-0.038954131740554655,-0.03915677206253985,-0.00020264032198519244,0.4942528735632184,ok,25,0,0.003913320455397971,0.4497751124437781,0.046295370462953706,15.0,1.0,False,False,no data,False,False,True,0.5933406659334066,208.0,1.0,False,False,opposite sign,False,False,False,0.3190680931906809,93.0,1.0,False,False,opposite sign,False,False,False,0.22947705229477053,62.0,1.0,False,False,opposite sign,False,False,False
N05_PSAR_POC,5m,13842,13782,13782,0,60,-0.05903969963581706,0.010811203018429836,0.4331011464228704,0.4301988100420839,0.39740240893919604,0.5185749528370338,0.8110579016107967,0.535988971121753,0.5127702800754608,5.43246190996674,3.5601290806465657,9831,9817,9817,0,14,-0.06281207185203445,0.009473362534379139,0.426505042273607,0.42090251604359785,0.39859427523683405,0.5100336151573801,0.8009575226647652,0.5175715595395742,0.5187939288988489,5.526696970273575,3.674749077817747,5995,5858,5858,0,137,-0.04900137507642845,0.009730283373164903,0.4463980880846705,0.4313758962103107,0.39313758962103107,0.5223625810856948,0.8098327074086719,0.5891089108910891,0.5075110959371799,5.370532146121825,3.5770829864312206,True,,13633,149,-0.05922610493830422,-0.04198423997939129,0.01724186495891293,0.1431856814318568,ok,153,0,0.00836954395252082,0.012198780121987801,9724,93,-0.0627814859831979,-0.06601010398716016,-0.0032286180039622636,0.5572213893053474,ok,118,0,0.004436218625326012,0.07946026986506746,5801,57,-0.04910975773715989,-0.037971062534267755,0.011138695202892138,0.3618190904547726,ok,79,0,0.004301800877892274,0.16041979010494753,7813,5969,-0.06038608605242219,-0.057277374778565274,-0.0031087112738569164,0.7768223177682232,ok,153,0,-0.0007123199287216789,0.6946305369463054,5630,4187,-0.06222576746474645,-0.06360043910792923,0.0013746716431827788,0.3983008495752124,ok,118,0,0.0015940120337237865,0.15942028985507245,3243,2615,-0.050440263672241754,-0.04721693311993798,-0.0032233305523037756,0.7266366816591704,ok,79,0,-0.0014143883825449982,0.7521239380309845,7853,5929,-0.05683938253262581,-0.06195403429787827,-0.0051146517652524565,0.8767123287671232,ok,153,0,-0.007693024883948532,1.0,5685,4132,-0.061725374624984945,-0.06430720102332596,-0.0025818263983410153,0.704647676161919,ok,118,0,-0.006550808808283487,1.0,3331,2527,-0.05247245894319637,-0.04442591787017439,0.008046541073021975,0.09245377311344327,ok,79,0,-0.005758733441308124,1.0,8305,5477,-0.05868833225246069,-0.059572492427267636,-0.0008841601748069486,0.5886411358864113,ok,153,0,-0.0026331704968014513,0.9308069193080692,5904,3913,-0.06120967509115615,-0.0652297949484376,-0.00402011985728145,0.7976011994002998,ok,118,0,-0.001433308801111234,0.7546226886556722,3555,2303,-0.048649566881157666,-0.049544439832914615,-0.000894872951756949,0.5642178910544727,ok,79,0,0.002003895635624149,0.22588705647176413,0.1431856814318568,38.0,1.0,False,False,same sign,False,False,True,0.7768223177682232,323.0,1.0,False,False,same sign,False,False,False,0.8767123287671232,386.0,1.0,False,False,opposite sign,False,False,False,0.5886411358864113,207.0,1.0,False,False,same sign,False,False,False
N05_PSAR_POC,15m,4760,4663,4663,0,97,-0.04469431066988169,0.010079348059189364,0.4550718421616985,0.46922582028736864,0.38966330688398026,0.5331331760669097,0.8224319107870469,0.6289942097362213,0.536135535063264,5.278202706013088,3.3924093845185332,3305,3283,3283,0,22,-0.0501386688459547,0.009442583003350593,0.4562899786780384,0.42034724337496193,0.3749619250685349,0.5284800487359123,0.7852573865367042,0.6131586963143466,0.5220834602497716,5.335523694516207,3.733056415422543,1989,1809,1809,0,180,-0.03480533760408999,0.011608623548922056,0.4715312327252626,0.4720840243228303,0.38916528468767275,0.5439469320066335,0.8297401879491432,0.6533996683250415,0.5196241017136539,5.16449135200622,3.3251938502188887,True,,4616,47,-0.04426895947521963,-0.08646922800094757,-0.04220026852572794,0.8905109489051095,ok,153,0,-0.003675485143668736,0.797020297970203,3252,31,-0.050274415090492894,-0.03589844990278662,0.014375965187706272,0.39730134932533734,ok,118,0,0.005481012561843315,0.10844577711144428,1788,21,-0.034968385855237566,-0.02092294364923899,0.014045442205998578,,insufficient,79,0,-0.0022732292771020166,0.6786606696651675,2541,2122,-0.0434417127957287,-0.04619424054651823,0.0027525277507895324,0.36426357364263573,ok,153,0,-0.0012550968457476636,0.7264273572642735,1785,1498,-0.04557901504172406,-0.055571901182771555,0.009992886141047493,0.1469265367316342,ok,118,0,0.000821909740268599,0.33983008495752126,956,853,-0.037637308713972605,-0.031631405152685796,-0.006005903561286809,0.6811594202898551,ok,79,0,-0.003685220480004109,0.9070464767616192,2475,2188,-0.04714010747397297,-0.041927698654284834,0.0052124088196881385,0.24757524247575244,ok,153,0,-0.005717367485754431,0.9991000899910009,1903,1380,-0.04608449640673169,-0.055729313883520905,-0.009644817476789212,0.8465767116441779,ok,118,0,-0.002554758040639607,0.9035482258870565,955,854,-0.027608641806434218,-0.04285316487196031,-0.015244523065526091,0.872063968015992,ok,79,0,-0.009875791482492936,1.0,2846,1817,-0.04550555613237718,-0.04342364221294049,0.002081913919436691,0.40215978402159785,ok,153,0,-0.0011924111678235164,0.690930906909309,2052,1231,-0.05370076037092015,-0.04420088508541116,0.00949987528550899,0.13943028485757122,ok,118,0,0.0034591709205078966,0.08995502248875563,1105,704,-0.034681834238196194,-0.03499918876788638,-0.0003173545296901864,0.5007496251874063,ok,79,0,-0.0016105893487045678,0.670664667666167,0.8905109489051095,397.0,1.0,False,False,no data,False,False,False,0.36426357364263573,112.0,1.0,False,False,opposite sign,False,False,False,0.24757524247575244,70.0,1.0,False,False,opposite sign,False,False,False,0.40215978402159785,127.0,1.0,False,False,opposite sign,False,False,False
N05_PSAR_POC,30m,2281,2119,2119,0,162,-0.041202623748161624,0.011326097215667769,0.4926852288815479,0.463898065125059,0.3614912694667296,0.5714959886739028,0.8253893345917885,0.6597451628126475,0.5228881547899953,4.945852658077315,3.3748756355412466,1636,1577,1576,1,59,-0.049413383545332375,0.01713197969543147,0.47588832487309646,0.42385786802030456,0.37880710659898476,0.5342639593908629,0.791243654822335,0.6586294416243654,0.5285532994923858,5.224281672935616,3.7042962628143195,1019,750,750,0,269,-0.014782314359578292,0.013333333333333334,0.4826666666666667,0.5626666666666666,0.39466666666666667,0.5586666666666666,0.8613333333333333,0.72,0.5133333333333333,4.998933718307124,2.9452007141952476,True,,2095,24,-0.04164783623616849,-0.0023392836492288995,0.03930855258693959,,insufficient,153,0,-0.003570345589543271,0.7687231276872313,1549,27,-0.05050882653303359,0.0134325863787116,0.06394141291174518,,insufficient,118,0,0.0008522018568336842,0.43728135932033985,740,10,-0.013148343524746562,-0.13569615613712654,-0.12254781261237999,,insufficient,78,0,-0.0026254732972140343,0.6736631684157921,1075,1044,-0.04967391958176382,-0.03247978560532412,-0.0171941339764397,0.9099090090990901,ok,153,0,-0.002831084022318693,0.8818118188181182,826,750,-0.06103866864629195,-0.036610069554142206,-0.02442859909214974,0.9640179910044977,ok,118,0,0.0003744942066420953,0.4482758620689655,388,362,-0.016535556938871165,-0.012903148280115207,-0.003632408658755958,0.5627186406796602,ok,78,0,-0.0036108595968234493,0.8085957021489255,1136,983,-0.039752363856829724,-0.04287861076398364,-0.0031262469071539137,0.6043395660433957,ok,153,0,-0.009310909942225075,1.0,908,668,-0.04891323188397947,-0.05009323041435695,-0.0011799985303774796,0.5372313843078461,ok,118,0,-0.0052274191520622695,0.984007996001999,328,422,8.772032044408909e-05,-0.026340066433150188,-0.026427786753594276,0.8985507246376812,ok,78,0,-0.013903275165194521,1.0,1353,766,-0.030401374015203396,-0.0602810713835304,-0.029879697368327005,0.9936006399360064,ok,153,0,-0.0003041847950933374,0.5295470452954705,979,597,-0.04624567426282666,-0.05460800228498577,-0.00836232802215911,0.7256371814092953,ok,118,0,-0.0036076435737334572,0.8490754622688655,454,296,-0.022555453068373293,-0.0028600002589265036,0.01969545280944679,0.19590204897551225,ok,78,0,0.007091831958621751,0.05847076461769116,1.0,584.0,1.0,False,False,no data,False,False,False,0.9099090090990901,416.0,1.0,False,False,same sign,False,False,False,0.6043395660433957,214.0,1.0,False,False,same sign,False,False,False,0.9936006399360064,532.0,1.0,False,False,opposite sign,False,False,False
N05_PSAR_POC,1h,1100,868,868,0,232,-0.03297902001606293,0.01152073732718894,0.5069124423963134,0.45506912442396313,0.3433179723502304,0.5921658986175116,0.815668202764977,0.7223502304147466,0.5069124423963134,4.753532661184858,3.467508803638616,869,753,753,0,116,-0.008505859929394064,0.013280212483399735,0.49933598937583,0.42895086321381143,0.3665338645418327,0.5644090305444888,0.8233731739707836,0.7450199203187251,0.549800796812749,4.9739164783457825,3.4960303777762882,482,260,260,0,222,-0.0262391118522223,0.011538461538461539,0.5076923076923077,0.5076923076923077,0.38461538461538464,0.5769230769230769,0.8615384615384616,0.7115384615384616,0.5423076923076923,4.855106063623369,3.057199456601379,True,,858,10,-0.033798412246681855,0.03732483337104098,0.07112324561772283,,insufficient,149,0,-2.2872152655596667e-05,0.49235076492350766,743,10,-0.006465998977397233,-0.16006752866275847,-0.15360152968536123,,insufficient,117,0,0.00019647779660535852,0.49225387306346824,257,3,-0.02633078872530529,-0.0183854597247796,0.007945329000525688,,insufficient,62,0,0.01282193987355051,0.0864567716141929,428,440,-0.03776116288464657,-0.02832729922571337,-0.009433863658933204,0.6843315668433156,ok,149,0,-0.005425145065476061,0.942905709429057,377,376,-5.0960744026567495e-05,-0.016983245548765197,0.01693228480473863,0.19440279860069964,ok,117,0,-0.002573702928874752,0.743128435782109,128,132,-0.025906845108302618,-0.026561309906932288,0.0006544647986296698,0.49225387306346824,ok,62,0,-0.0072832704579966,0.8845577211394303,473,395,-0.019585735131671122,-0.04901705482699286,-0.02943131969532174,0.9475052494750525,ok,149,0,-0.014270772502148057,0.9999000099990001,430,323,-0.0068622726630248425,-0.010693917280907267,-0.0038316446178824244,0.5787106446776612,ok,117,0,-0.0044232409809856,0.8775612193903048,128,132,0.01076484323250124,-0.062121734964681485,-0.07288657819718272,0.975512243878061,ok,62,0,-0.015653490876620692,0.9975012493753124,570,298,-0.0263990748033002,-0.04556482126195137,-0.01916574645865117,0.8313168683131686,ok,149,0,0.0002853677641235508,0.46715328467153283,477,276,-0.009494757238029393,-0.006796787406861267,0.0026979698311681254,0.4682658670664668,ok,117,0,0.00843320354393461,0.06696651674162919,160,100,-0.02952712195339825,-0.020978295690340768,0.008548826263057481,0.4122938530734633,ok,62,0,0.004264030689985137,0.30184907546226886,1.0,585.0,1.0,False,False,no data,False,False,False,0.6843315668433156,262.0,1.0,False,False,opposite sign,False,False,False,0.9475052494750525,465.0,1.0,False,False,same sign,False,False,False,0.8313168683131686,356.0,1.0,False,False,opposite sign,False,False,False
N05_PSAR_POC,4h,273,49,49,0,224,-0.02552525926080637,0.0,0.4489795918367347,0.40816326530612246,0.42857142857142855,0.46938775510204084,0.7551020408163265,0.7551020408163265,0.5714285714285714,5.868178946221988,3.931014987272626,189,45,45,0,144,-0.04307071509726098,0.0,0.37777777777777777,0.4222222222222222,0.5333333333333333,0.4444444444444444,0.8222222222222222,0.7333333333333333,0.4666666666666667,6.055018743771157,3.4533868109172534,105,11,11,0,94,0.11348069378660113,0.0,0.7272727272727273,0.5454545454545454,0.18181818181818182,0.7272727272727273,0.7272727272727273,0.7272727272727273,0.6363636363636364,3.245154697918703,4.057885435234694,False,period-1 signals 273 < 300,49,0,-0.025525259260806375,,,,insufficient,30,0,0.04703444451306357,0.0072992700729927005,45,0,-0.04307071509726097,,,,insufficient,34,0,0.014991111438641243,0.2683658170914543,11,0,0.11348069378660113,,,,insufficient,9,0,0.05536243173724527,0.1889055472263868,27,22,-0.04987204690216719,0.004354889208136454,-0.054226936110303645,,insufficient,30,0,-0.024390134225092477,0.9807019298070193,28,17,-0.05155009292324235,-0.029104681030938707,-0.022445411892303643,,insufficient,34,0,-0.0010329562174446888,0.519240379810095,3,8,-0.3354923121490117,0.28184557101245594,-0.6173378831614676,,insufficient,9,0,-0.06230229427764466,0.984007996001999,29,20,-0.07338043273677905,0.04386474227935401,0.11724517501613306,,insufficient,30,0,-0.014563771371511817,0.8672132786721328,26,19,-0.13872712829641537,0.08782753454368719,0.22655466284010256,,insufficient,34,0,0.019767494907698503,0.06196901549225387,5,6,0.23523500302722286,0.01201876941941632,-0.22321623360780654,,insufficient,9,0,-0.031677646497275155,0.8195902048975512,28,21,-0.021696978800760016,-0.03062963320753483,-0.008932654406774813,,insufficient,30,0,0.007054819513451709,0.34236576342365765,21,24,-0.0649473740199258,-0.02392863853992926,0.04101873547999654,,insufficient,34,0,0.009855254567121535,0.3493253373313343,9,2,0.18842589682171246,-0.22377271987139985,-0.4121986166931123,,insufficient,9,0,0.003913320455397971,0.4497751124437781,,,,,,,,,,,,,,,,,,,,,,,,,,,,,,,,,,,,
N06_MACD_ORB,5m,6519,6507,6507,0,12,-0.058195484222206655,0.26248655294298445,0.45182111572153066,0.24389119409866297,0.3772859996926387,0.4724143230367297,0.7453511602889197,0.524512063931151,0.5102197633317965,5.58122509378961,4.470413512530907,4991,4986,4986,0,5,-0.06159308852643813,0.2490974729241877,0.4717208182912154,0.2380665864420377,0.36702767749699156,0.49037304452466907,0.7567188126754913,0.5196550340954673,0.4953870838347373,5.39335695688479,4.421107508044304,2480,2432,2432,0,48,-0.04712692624824902,0.27837171052631576,0.4453125,0.2643914473684211,0.40213815789473684,0.4588815789473684,0.7693256578947368,0.5962171052631579,0.5230263157894737,5.692809867597095,4.314327281313431,True,,4799,1708,-0.06041521204483185,-0.051958672851727575,0.008456539193104275,0.1621837816218378,ok,153,0,0.00836954395252082,0.012198780121987801,3744,1242,-0.0595033640619224,-0.06789254778178991,-0.008389183719867507,0.8905547226386806,ok,118,0,0.004436218625326012,0.07946026986506746,1755,677,-0.044942035015622245,-0.052790861422931414,-0.007848826407309169,0.7611194402798601,ok,79,0,0.004301800877892274,0.16041979010494753,3567,2940,-0.06229816655733666,-0.05321784208295197,-0.009080324474384685,0.8449155084491551,ok,153,0,-0.0007123199287216789,0.6946305369463054,2634,2352,-0.06283346394210836,-0.060203994629807446,-0.0026294693123009097,0.6431784107946027,ok,118,0,0.0015940120337237865,0.15942028985507245,1349,1083,-0.05419952625597963,-0.03831719641405827,-0.01588232984192136,0.9460269865067467,ok,79,0,-0.0014143883825449982,0.7521239380309845,4920,1587,-0.05763155131186256,-0.05994378284784804,-0.002312231535985483,0.6164383561643836,ok,153,0,-0.007693024883948532,1.0,3799,1187,-0.059395142347724424,-0.06862762730734241,-0.009232484959617988,0.8610694652673663,ok,118,0,-0.006550808808283487,1.0,1789,643,-0.04501584859952763,-0.05300051553839298,-0.007984666938865348,0.7856071964017991,ok,79,0,-0.005758733441308124,1.0,4052,2455,-0.05805798869436541,-0.05842242185105094,-0.00036443315668552995,0.5453454654534546,ok,153,0,-0.0026331704968014513,0.9308069193080692,3156,1830,-0.06117562396750044,-0.06231304379857328,-0.0011374198310728431,0.5517241379310345,ok,118,0,-0.001433308801111234,0.7546226886556722,1454,978,-0.04155604666519574,-0.055409195076223945,-0.013853148411028207,0.9180409795102449,ok,79,0,0.002003895635624149,0.22588705647176413,0.1621837816218378,42.0,1.0,False,False,opposite sign,False,False,True,0.8449155084491551,365.0,1.0,False,False,same sign,False,False,False,0.6164383561643836,222.0,1.0,False,False,same sign,False,False,False,0.5453454654534546,177.0,1.0,False,False,same sign,False,False,False
N06_MACD_ORB,15m,3951,3888,3888,0,63,-0.042231571298150715,0.24742798353909465,0.45961934156378603,0.29295267489711935,0.36728395061728397,0.48482510288065844,0.7451131687242798,0.6301440329218106,0.5141460905349794,5.481492160954293,4.331073097381452,3181,3154,3153,1,27,-0.05068764071844017,0.22708531557247066,0.48556929908024105,0.3073263558515699,0.36092610212496035,0.4998414208690136,0.7516650808753568,0.6146527117031398,0.5096733269901681,5.30325862887993,4.236983214526076,1575,1424,1424,0,151,-0.04857287791469954,0.27036516853932585,0.4410112359550562,0.2984550561797753,0.4058988764044944,0.4571629213483146,0.7731741573033708,0.6453651685393258,0.5182584269662921,5.711504374206625,4.147118667993943,True,,2926,962,-0.043068882199513485,-0.0396848231719683,0.003384059027545183,0.38166183381661833,ok,153,0,-0.003675485143668736,0.797020297970203,2437,716,-0.054306729496038535,-0.03836959693211722,0.015937132563921312,0.05847076461769116,ok,118,0,0.005481012561843315,0.10844577711144428,1039,385,-0.05790173329878531,-0.02339708377427066,0.03450464952451465,0.03548225887056472,ok,79,0,-0.0022732292771020166,0.6786606696651675,2101,1787,-0.04539127935299332,-0.03851665992533353,-0.006874619427659795,0.7786221377862214,ok,153,0,-0.0012550968457476636,0.7264273572642735,1622,1531,-0.04884649316904006,-0.0526382229033696,0.0037917297343295422,0.3543228385807096,ok,118,0,0.000821909740268599,0.33983008495752126,796,628,-0.057683395064365935,-0.03702515235556826,-0.020658242708797674,0.8940529735132434,ok,79,0,-0.003685220480004109,0.9070464767616192,2749,1139,-0.04117292987288251,-0.04478662422006667,-0.003613694347184157,0.6547345265473453,ok,153,0,-0.005717367485754431,0.9991000899910009,2184,969,-0.04342513734889578,-0.06705637896310986,-0.023631241614214073,0.9950024987506247,ok,118,0,-0.002554758040639607,0.9035482258870565,999,425,-0.046108830253836476,-0.054364839357528255,-0.008256009103691779,0.6541729135432284,ok,79,0,-0.009875791482492936,1.0,2460,1428,-0.04439849702710686,-0.03849863201717581,0.005899865009931053,0.26217378262173785,ok,153,0,-0.0011924111678235164,0.690930906909309,2015,1138,-0.049662405821303816,-0.05250297315932744,-0.002840567338023625,0.600199900049975,ok,118,0,0.0034591709205078966,0.08995502248875563,846,578,-0.03935941239742959,-0.062058330903644834,-0.022698918506215242,0.9155422288855573,ok,79,0,-0.0016105893487045678,0.670664667666167,0.38166183381661833,121.0,1.0,False,False,same sign,False,False,False,0.7786221377862214,324.0,1.0,False,False,same sign,False,False,False,0.6547345265473453,248.0,1.0,False,False,same sign,False,False,False,0.26217378262173785,76.0,1.0,False,False,opposite sign,False,False,False
N06_MACD_ORB,30m,2836,2644,2644,0,192,-0.0368013519692248,0.2560514372163389,0.4315431164901664,0.3203479576399395,0.3884266263237519,0.45915279878971255,0.7556732223903178,0.6845688350983359,0.49924357034795763,5.733316214016793,4.228759615590868,2175,2093,2093,0,82,-0.046532653022688275,0.23889154323936931,0.4634495938843765,0.32059245102723366,0.3712374581939799,0.47348303870043,0.7314859053989489,0.654562828475872,0.5011944577161969,5.552857731826239,4.3630585750346915,1128,890,890,0,238,-0.045871116810291844,0.2348314606741573,0.4449438202247191,0.298876404494382,0.40786516853932586,0.45280898876404496,0.7629213483146068,0.6797752808988764,0.5876404494382023,5.738610902981483,4.17259027917598,True,,1967,677,-0.03596309491880496,-0.03923687873167064,-0.00327378381286568,0.5947405259474052,ok,153,0,-0.003570345589543271,0.7687231276872313,1593,500,-0.04707602656602116,-0.044801464913629706,0.0022745616523914547,0.4142928535732134,ok,118,0,0.0008522018568336842,0.43728135932033985,681,209,-0.05247963552444252,-0.024338096502461194,0.028141539021981327,0.11094452773613193,ok,78,0,-0.0026254732972140343,0.6736631684157921,1503,1141,-0.043601411153542935,-0.02784386822336138,-0.015757542930181556,0.9032096790320968,ok,153,0,-0.002831084022318693,0.8818118188181182,1123,970,-0.04427641273670489,-0.049144774508419545,0.004868361771714652,0.33033483258370816,ok,118,0,0.0003744942066420953,0.4482758620689655,494,396,-0.03643439673389013,-0.05764318680459093,0.021208790070700798,0.15992003998001,ok,78,0,-0.0036108595968234493,0.8085957021489255,1797,847,-0.029427292681894507,-0.05244619794246273,-0.023018905260568226,0.969003099690031,ok,153,0,-0.009310909942225075,1.0,1422,671,-0.042579703502087285,-0.0549098426177622,-0.012330139115674918,0.8210894552723638,ok,118,0,-0.0052274191520622695,0.984007996001999,624,266,-0.04498357831406133,-0.047953162004456686,-0.002969583690395357,0.567216391804098,ok,78,0,-0.013903275165194521,1.0,1617,1027,-0.032972774246865344,-0.04282940472195629,-0.009856630475090944,0.7987201279872013,ok,153,0,-0.0003041847950933374,0.5295470452954705,1316,777,-0.048217999451984045,-0.043678192403700834,0.004539807048283211,0.36081959020489757,ok,118,0,-0.0036076435737334572,0.8490754622688655,527,363,-0.05294702473396526,-0.035598379962424376,0.017348644771540883,0.20939530234882558,ok,78,0,0.007091831958621751,0.05847076461769116,0.5947405259474052,209.0,1.0,False,False,opposite sign,False,False,False,0.9032096790320968,409.0,1.0,False,False,opposite sign,False,False,False,0.969003099690031,494.0,1.0,False,False,same sign,False,False,False,0.7987201279872013,335.0,1.0,False,False,opposite sign,False,False,False
N06_MACD_ORB,1h,1992,1537,1537,0,455,-0.03314067357856536,0.27586206896551724,0.43070917371502926,0.33897202342225113,0.38516590761223163,0.44697462589459985,0.7215354586857514,0.7065712426805465,0.5022771633051398,5.813156195304437,4.393739171473263,1577,1363,1362,1,214,-0.04242683187279255,0.2709251101321586,0.40308370044052866,0.31277533039647576,0.4280469897209985,0.4185022026431718,0.7518355359765051,0.6997063142437592,0.4985315712187959,6.058365943136327,4.3203344197399,887,502,502,0,385,-0.014605256816016468,0.26294820717131473,0.38247011952191234,0.3426294820717131,0.4541832669322709,0.39641434262948205,0.750996015936255,0.7470119521912351,0.6055776892430279,6.275396601164788,4.243451701940801,True,,1113,424,-0.03814946706513683,-0.019992590676315248,0.018156876388821585,0.1860813918608139,ok,152,0,-2.2872152655596667e-05,0.49235076492350766,993,369,-0.04014675025736067,-0.048562661260662054,-0.008415911003301385,0.7066466766616691,ok,118,0,0.00019647779660535852,0.49225387306346824,370,132,-0.029103819491815838,0.026034653714633295,0.05513847320644913,0.051974012993503245,ok,67,0,0.01282193987355051,0.0864567716141929,875,662,-0.03037511164191485,-0.03679606133471217,0.006420949692797322,0.34856514348565143,ok,152,0,-0.005425145065476061,0.942905709429057,813,549,-0.04421723139484574,-0.039775475203522544,-0.004441756191323198,0.6101949025487257,ok,118,0,-0.002573702928874752,0.743128435782109,310,192,0.004957943632681779,-0.04619167420714385,0.051149617839825634,0.07146426786606697,ok,67,0,-0.0072832704579966,0.8845577211394303,1016,521,-0.027316800976958995,-0.04449778406461539,-0.017180983087656393,0.8274172582741726,ok,152,0,-0.014270772502148057,0.9999000099990001,936,426,-0.04094146784089014,-0.04569044861894432,-0.0047489807780541834,0.6196901549225388,ok,118,0,-0.0044232409809856,0.8775612193903048,330,172,-0.02044526367852062,-0.0034005924867933886,0.017044671191727232,0.29535232383808097,ok,67,0,-0.015653490876620692,0.9975012493753124,945,592,-0.030097902970566796,-0.037997798957887394,-0.007899895987320597,0.6816318368163183,ok,152,0,0.0002853677641235508,0.46715328467153283,779,583,-0.03733263875207247,-0.049233652526379075,-0.011901013774306607,0.7596201899050474,ok,118,0,0.00843320354393461,0.06696651674162919,274,228,-0.029837358500216918,0.0036999881904349616,0.03353734669065188,0.1629185407296352,ok,67,0,0.004264030689985137,0.30184907546226886,0.1860813918608139,50.0,1.0,False,False,same sign,False,False,False,0.34856514348565143,107.0,1.0,False,False,same sign,False,False,False,0.8274172582741726,352.0,1.0,False,False,opposite sign,False,False,False,0.6816318368163183,261.0,1.0,False,False,opposite sign,False,False,False
N06_MACD_ORB,4h,570,115,115,0,455,0.0055266412501795755,0.22608695652173913,0.4782608695652174,0.3391304347826087,0.3565217391304348,0.5130434782608696,0.7217391304347827,0.7739130434782608,0.3739130434782609,5.264252960944174,4.384234150308413,454,111,111,0,343,-0.03220005477192951,0.21621621621621623,0.5495495495495496,0.36936936936936937,0.32432432432432434,0.5585585585585585,0.7657657657657657,0.6936936936936937,0.6216216216216216,4.754103638585494,4.262135247660568,235,21,21,0,214,-0.01710064232902364,0.2857142857142857,0.3333333333333333,0.2857142857142857,0.3333333333333333,0.42857142857142855,0.6666666666666666,0.7619047619047619,0.5714285714285714,6.319580833111584,4.928376859821468,True,,89,26,0.04169447798445867,-0.118278646032545,-0.15997312401700367,,insufficient,48,0,0.04703444451306357,0.0072992700729927005,87,24,-0.04561508515162552,0.016429430354468536,0.06204451550609405,,insufficient,57,0,0.014991111438641243,0.2683658170914543,15,6,-0.13930231552419772,0.28840354065891155,0.4277058561831093,,insufficient,13,0,0.05536243173724527,0.1889055472263868,60,55,-0.03304324063035767,0.047602876028947465,-0.08064611665930513,0.8973102689731027,ok,48,0,-0.024390134225092477,0.9807019298070193,50,61,-0.026950141603575895,-0.03650326228697344,0.009553120683397545,0.45027486256871563,ok,57,0,-0.0010329562174446888,0.519240379810095,14,7,0.030064846784753026,-0.11143162055657697,0.14149646734133,,insufficient,13,0,-0.06230229427764466,0.984007996001999,76,39,0.02771432869094584,-0.03771090350618548,-0.06542523219713131,0.825917408259174,ok,48,0,-0.014563771371511817,0.8672132786721328,70,41,-0.07944162878595858,0.04845629110568111,0.12789791989163968,0.043478260869565216,ok,57,0,0.019767494907698503,0.06196901549225387,15,6,0.027416740895860384,-0.1283941003912337,-0.15581084128709408,,insufficient,13,0,-0.031677646497275155,0.8195902048975512,74,41,0.013321907373739044,-0.00854286346063507,-0.021864770834374114,0.6246375362463754,ok,48,0,0.007054819513451709,0.34236576342365765,75,36,-0.04814935309783183,0.0010276500737003394,0.049177003171532174,0.25837081459270367,ok,57,0,0.009855254567121535,0.3493253373313343,14,7,0.01033866287356656,-0.07197925273420405,-0.08231791560777062,,insufficient,13,0,0.003913320455397971,0.4497751124437781,1.0,586.0,1.0,False,False,no data,False,False,False,0.8973102689731027,404.0,1.0,False,False,no data,False,False,False,0.825917408259174,351.0,1.0,False,False,no data,False,False,False,0.6246375362463754,228.0,1.0,False,False,no data,False,False,False
N11_BREAKAWAY,5m,1186,1183,1183,0,3,-0.05044962354344242,0.039729501267962805,0.41927303465765003,0.08114961961115807,0.028740490278951817,0.8799661876584953,0.19273034657650043,0.5612848689771767,0.47928994082840237,3.2487950655785425,8.548101046865844,1209,1208,1208,0,1,-0.06052000009581724,0.03890728476821192,0.4147350993377483,0.09105960264900662,0.037251655629139076,0.8567880794701986,0.20447019867549668,0.5372516556291391,0.5538079470198676,3.4199471606469016,8.482808167545372,503,487,487,0,16,-0.04891580049683025,0.04722792607802875,0.4517453798767967,0.08829568788501027,0.039014373716632446,0.8809034907597536,0.18480492813141683,0.6057494866529775,0.5030800821355236,3.2436834437932545,8.562482285919613,True,,1136,47,-0.048577368043411916,-0.09570243733141368,-0.04712506928800176,0.9198080191980802,ok,152,0,0.00836954395252082,0.012198780121987801,1161,47,-0.06151185390210455,-0.036019100753273824,0.025492753148830725,0.2143928035982009,ok,117,0,0.004436218625326012,0.07946026986506746,464,23,-0.050712055102231784,-0.01267831628351229,0.03803373881871949,,insufficient,79,0,0.004301800877892274,0.16041979010494753,687,496,-0.04863996487941983,-0.05295614673332856,0.004316181853908731,0.37066293370662934,ok,152,0,-0.0007123199287216789,0.6946305369463054,707,501,-0.05884100255732232,-0.06288936388766538,0.004048361330343059,0.36031984007996004,ok,117,0,0.0015940120337237865,0.15942028985507245,267,220,-0.03034340591746385,-0.07145593391815223,0.04111252800068839,0.02948525737131434,ok,79,0,-0.0014143883825449982,0.7521239380309845,1087,96,-0.04991949216621821,-0.05645225695013747,-0.006532764783919259,0.6118388161183882,ok,152,0,-0.007693024883948532,1.0,1098,110,-0.057636631073900414,-0.08930126542367785,-0.03166463434977743,0.912543728135932,ok,117,0,-0.006550808808283487,1.0,444,43,-0.047285482240635605,-0.06574978435149136,-0.01846430211085575,0.6776611694152923,ok,79,0,-0.005758733441308124,1.0,1149,34,-0.050430462332074454,-0.051097159774671795,-0.0006666974425973415,0.4988501149885011,ok,152,0,-0.0026331704968014513,0.9308069193080692,1163,45,-0.05927567557785168,-0.09267887597123817,-0.033403200393386484,0.8360819590204898,ok,117,0,-0.001433308801111234,0.7546226886556722,468,19,-0.04637197191256469,-0.11157431509874015,-0.06520234318617546,,insufficient,79,0,0.002003895635624149,0.22588705647176413,0.9198080191980802,428.0,1.0,False,False,no data,False,False,False,0.37066293370662934,114.0,1.0,False,False,same sign,False,False,False,0.6118388161183882,219.0,1.0,False,False,same sign,False,False,False,0.4988501149885011,163.0,1.0,False,False,no data,False,False,False
N11_BREAKAWAY,15m,330,315,315,0,15,-0.04260850902759233,0.044444444444444446,0.4444444444444444,0.06349206349206349,0.025396825396825397,0.873015873015873,0.16507936507936508,0.6603174603174603,0.45714285714285713,3.226055329128348,8.746977483290124,321,315,315,0,6,-0.057512617172748824,0.025396825396825397,0.3619047619047619,0.07936507936507936,0.04126984126984127,0.8666666666666667,0.14285714285714285,0.6253968253968254,0.44761904761904764,3.548401800577268,8.912849203538096,126,110,110,0,16,-0.03735337184856615,0.05454545454545454,0.5363636363636364,0.14545454545454545,0.045454545454545456,0.8454545454545455,0.2636363636363636,0.6454545454545455,0.43636363636363634,3.0395257872708066,7.895404897328898,True,,301,14,-0.0379694195624756,-0.14234893252760203,-0.10437951296512643,,insufficient,126,0,-0.003675485143668736,0.797020297970203,307,8,-0.05916902940606306,0.006052202280684722,0.06522123168674779,,insufficient,107,0,0.005481012561843315,0.10844577711144428,104,6,-0.03437918970612093,-0.08890586231761682,-0.054526672611495894,,insufficient,58,0,-0.0022732292771020166,0.6786606696651675,175,140,-0.03910318225229748,-0.04699016749671087,0.007886985244413391,0.3802619738026197,ok,126,0,-0.0012550968457476636,0.7264273572642735,201,114,-0.0542864365371663,-0.06320088303022328,0.008914446493056984,0.3638180909545227,ok,107,0,0.000821909740268599,0.33983008495752126,51,59,0.027280811603680188,-0.09322359822254181,0.120504409826222,0.01699150424787606,ok,58,0,-0.003685220480004109,0.9070464767616192,295,20,-0.04455943519064742,-0.013832348122529748,0.030727087068117675,,insufficient,126,0,-0.005717367485754431,0.9991000899910009,290,25,-0.05888201837156921,-0.04162756326643231,0.017254455105136894,,insufficient,107,0,-0.002554758040639607,0.9035482258870565,94,16,-0.029289763413494523,-0.08472707140461201,-0.055437307991117485,,insufficient,58,0,-0.009875791482492936,1.0,307,8,-0.0398829721490698,-0.14720098674089427,-0.10731801459182447,,insufficient,126,0,-0.0011924111678235164,0.690930906909309,302,13,-0.05818502268263586,-0.04189211994306525,0.01629290273957061,,insufficient,107,0,0.0034591709205078966,0.08995502248875563,105,5,-0.039143186680884005,0.00023273963010868315,0.03937592631099269,,insufficient,58,0,-0.0016105893487045678,0.670664667666167,1.0,587.0,1.0,False,False,no data,False,False,False,0.3802619738026197,120.0,1.0,False,False,same sign,False,False,False,1.0,588.0,1.0,False,False,no data,False,False,False,1.0,589.0,1.0,False,False,no data,False,False,False
N11_BREAKAWAY,30m,160,142,142,0,18,-0.03873327658124179,0.04929577464788732,0.352112676056338,0.08450704225352113,0.014084507042253521,0.8661971830985915,0.14788732394366197,0.6901408450704225,0.4295774647887324,3.654062115303913,8.892041481883174,147,134,134,0,13,-0.06077842817586256,0.022388059701492536,0.31343283582089554,0.03731343283582089,0.04477611940298507,0.7985074626865671,0.14925373134328357,0.6716417910447762,0.48507462686567165,4.001614787492345,8.895888087420238,86,70,70,0,16,-0.05748758578019277,0.04285714285714286,0.4142857142857143,0.02857142857142857,0.08571428571428572,0.8,0.11428571428571428,0.6285714285714286,0.4142857142857143,3.792719215661251,9.26325159637186,False,period-1 signals 160 < 300,135,7,-0.03939787429546213,-0.025916034949849374,0.01348183934561276,,insufficient,84,0,-0.003570345589543271,0.7687231276872313,131,3,-0.06428595153908231,0.09238342535140039,0.15666937689048271,,insufficient,76,0,0.0008522018568336842,0.43728135932033985,67,3,-0.06298591171496946,0.06530836009648729,0.12829427181145675,,insufficient,40,0,-0.0026254732972140343,0.6736631684157921,92,50,-0.04257658006852998,-0.03166159816463148,-0.010914981903898502,0.6023397660233977,ok,84,0,-0.002831084022318693,0.8818118188181182,92,42,-0.05814674674424995,-0.06654306369272824,0.008396316948478283,0.4472763618190905,ok,76,0,0.0003744942066420953,0.4482758620689655,41,29,-0.06972286046349457,-0.040189438814145335,-0.029533421649349238,,insufficient,40,0,-0.0036108595968234493,0.8085957021489255,130,12,-0.029891304367191885,-0.13452130890011577,-0.10463000453292388,,insufficient,84,0,-0.009310909942225075,1.0,129,5,-0.06448606063051499,0.03487848915416982,0.09936454978468481,,insufficient,76,0,-0.0052274191520622695,0.984007996001999,68,2,-0.06716147605227606,0.27142468347063925,0.3385861595229153,,insufficient,40,0,-0.013903275165194521,1.0,140,2,-0.0408935628201519,0.11248676014246607,0.15338032296261797,,insufficient,84,0,-0.0003041847950933374,0.5295470452954705,128,6,-0.06490501505588589,0.027255425264635078,0.09216044032052097,,insufficient,76,0,-0.0036076435737334572,0.8490754622688655,64,6,-0.05754610893671671,-0.05686333877727059,0.0006827701594461222,,insufficient,40,0,0.007091831958621751,0.05847076461769116,,,,,,,,,,,,,,,,,,,,,,,,,,,,,,,,,,,,
N11_BREAKAWAY,1h,79,49,49,0,30,-0.006187567651145055,0.061224489795918366,0.46938775510204084,0.0,0.0,0.8775510204081632,0.10204081632653061,0.7959183673469388,0.5306122448979592,3.094527181185741,9.357024533998631,83,64,63,1,19,-0.019495950279869875,0.015873015873015872,0.5238095238095238,0.06349206349206349,0.031746031746031744,0.9206349206349206,0.2698412698412698,0.7777777777777778,0.5079365079365079,2.6779908374378683,7.951757687153525,33,14,14,0,19,-0.02185138058145241,0.07142857142857142,0.7142857142857143,0.0,0.0,0.9285714285714286,0.07142857142857142,0.7857142857142857,0.7142857142857143,2.000569674679657,9.488586444224948,False,period-1 signals 79 < 300,46,3,-0.01439336850160784,0.1196347120559509,0.13402808055755874,,insufficient,40,0,-2.2872152655596667e-05,0.49235076492350766,62,1,-0.021469655417789158,0.10287376827112608,0.12434342368891524,,insufficient,47,0,0.00019647779660535852,0.49225387306346824,13,1,0.007426083583064949,-0.4024584147201781,-0.4098844983032431,,insufficient,13,0,0.01282193987355051,0.0864567716141929,26,23,-0.006586220423173835,-0.0057369166914603455,-0.0008493037317134893,,insufficient,40,0,-0.005425145065476061,0.942905709429057,30,33,-0.030937804377974967,-0.009094264736137971,-0.021843539641836995,0.6356821589205397,ok,47,0,-0.002573702928874752,0.743128435782109,4,10,-0.05130417916261458,-0.010070261148987543,-0.04123391801362704,,insufficient,13,0,-0.0072832704579966,0.8845577211394303,49,0,-0.006187567651145057,,,,insufficient,40,0,-0.014270772502148057,0.9999000099990001,59,4,0.00021942778031794788,-0.3102977766676402,-0.31051720444795816,,insufficient,47,0,-0.0044232409809856,0.8775612193903048,14,0,-0.021851380581452414,,,,insufficient,13,0,-0.015653490876620692,0.9975012493753124,49,0,-0.006187567651145057,,,,insufficient,40,0,0.0002853677641235508,0.46715328467153283,61,2,-0.0195549718400035,-0.017695792695793987,0.0018591791442095149,,insufficient,47,0,0.00843320354393461,0.06696651674162919,14,0,-0.021851380581452414,,,,insufficient,13,0,0.004264030689985137,0.30184907546226886,,,,,,,,,,,,,,,,,,,,,,,,,,,,,,,,,,,,
N11_BREAKAWAY,4h,16,2,2,0,14,0.12915790639810037,0.0,1.0,0.5,0.0,1.0,0.5,1.0,0.5,0.9166047930140844,5.408658484131374,20,3,3,0,17,-0.14442286667221518,0.0,0.3333333333333333,0.6666666666666666,0.0,1.0,0.6666666666666666,0.6666666666666666,0.3333333333333333,2.5083531601823634,4.220138017820511,14,0,0,0,14,,,,,,,,,,,,False,period-1 signals 16 < 300,2,0,0.12915790639810037,,,,insufficient,2,0,0.04703444451306357,0.0072992700729927005,3,0,-0.14442286667221518,,,,insufficient,3,0,0.014991111438641243,0.2683658170914543,0,0,,,,,insufficient,0,0,0.05536243173724527,0.1889055472263868,0,2,,0.12915790639810037,,,insufficient,2,0,-0.024390134225092477,0.9807019298070193,2,1,-0.23368361904243562,0.0340986380682257,-0.26778225711066134,,insufficient,3,0,-0.0010329562174446888,0.519240379810095,0,0,,,,,insufficient,0,0,-0.06230229427764466,0.984007996001999,1,1,0.15522609969619855,0.1030897131000022,-0.05213638659619635,,insufficient,2,0,-0.014563771371511817,0.8672132786721328,1,2,-0.5436891128836462,0.05521025643350033,0.5988993693171465,,insufficient,3,0,0.019767494907698503,0.06196901549225387,0,0,,,,,insufficient,0,0,-0.031677646497275155,0.8195902048975512,2,0,0.12915790639810037,,,,insufficient,2,0,0.007054819513451709,0.34236576342365765,3,0,-0.14442286667221518,,,,insufficient,3,0,0.009855254567121535,0.3493253373313343,0,0,,,,,insufficient,0,0,0.003913320455397971,0.4497751124437781,,,,,,,,,,,,,,,,,,,,,,,,,,,,,,,,,,,,
N13_3OUTSIDE,5m,22038,21939,21939,0,99,-0.06086539764571982,0.16773781849674096,0.38648069647659417,0.14950544692100826,0.29764346597383656,0.5184374857559597,0.5359405624686631,0.5354847531792698,0.5099138520443046,5.524796567753488,6.179042672054209,18303,18272,18271,1,31,-0.05676897257200177,0.16517979311477204,0.37250287340594385,0.13288818346012807,0.2959881779869739,0.5087844124568989,0.5165562913907285,0.5364238410596026,0.5149143451371025,5.651970495698489,6.370836346364912,8774,8532,8532,0,242,-0.0485921665970274,0.18342709798406,0.37412095639943743,0.1484997655883732,0.32946554149085794,0.48370839193624005,0.5480543834974215,0.5959915611814346,0.5223863103609939,5.785794093793247,6.116297211560317,True,,18259,3680,-0.061084219896059,-0.05977967061611568,0.0013045492799433206,0.37266273372662734,ok,153,0,0.00836954395252082,0.012198780121987801,15253,3018,-0.055794768822099966,-0.06169260736234376,-0.005897838540243797,0.8680659670164917,ok,118,0,0.004436218625326012,0.07946026986506746,6967,1565,-0.04839660106454849,-0.0494627768620629,-0.0010661757975144112,0.559720139930035,ok,79,0,0.004301800877892274,0.16041979010494753,13460,8479,-0.0634798970031402,-0.05671500711017573,-0.006764889892964476,0.9837016298370163,ok,153,0,-0.0007123199287216789,0.6946305369463054,11465,6806,-0.05910234599530033,-0.05283830458814667,-0.006264041407153656,0.9515242378810594,ok,118,0,0.0015940120337237865,0.15942028985507245,5340,3192,-0.05053965716490366,-0.04533414666204643,-0.0052055105028572315,0.8420789605197402,ok,79,0,-0.0014143883825449982,0.7521239380309845,18659,3280,-0.06042246100145914,-0.06338513997659177,-0.0029626789751326307,0.7593240675932407,ok,153,0,-0.007693024883948532,1.0,15843,2428,-0.05680829520759837,-0.05651238751608875,0.00029590769150961843,0.4592703648175912,ok,118,0,-0.006550808808283487,1.0,7265,1267,-0.047923735549932935,-0.05242496182760456,-0.004501226277671626,0.7416291854072964,ok,79,0,-0.005758733441308124,1.0,15409,6530,-0.05948598623672461,-0.06412042833503177,-0.0046344420983071635,0.9301069893010699,ok,153,0,-0.0026331704968014513,0.9308069193080692,12863,5408,-0.055630926855000075,-0.059475829461386555,-0.00384490260638648,0.8875562218890555,ok,118,0,-0.001433308801111234,0.7546226886556722,5721,2811,-0.04913543758753388,-0.04748649127269883,0.0016489463148350522,0.3743128435782109,ok,79,0,0.002003895635624149,0.22588705647176413,0.37266273372662734,116.0,1.0,False,False,opposite sign,False,False,True,0.9837016298370163,512.0,1.0,False,False,same sign,False,False,False,0.7593240675932407,316.0,1.0,False,False,same sign,False,False,False,0.9301069893010699,441.0,1.0,False,False,opposite sign,False,False,False
N13_3OUTSIDE,15m,6174,5981,5981,0,193,-0.044709673365044215,0.16452098311319177,0.3701722120046815,0.16535696371844172,0.31483029593713424,0.4977428523658251,0.5582678481859221,0.641029928105668,0.5171376024076242,5.713736405626563,6.00432005182595,5349,5282,5281,1,67,-0.05151168260350098,0.1694754781291422,0.3648930126869911,0.14769929937511836,0.3124408256012119,0.496307517515622,0.5383450104146942,0.6184434766142776,0.5080477182351827,5.751001781252751,6.197348054152038,2577,2279,2279,0,298,-0.04078779724812395,0.17507678806494076,0.35761298815269854,0.1636682755594559,0.33962264150943394,0.47345326897762174,0.5695480473892058,0.6713470820535322,0.5476086002632734,5.90441651384537,5.927403367166272,True,,4997,984,-0.04439520200048087,-0.04630663821130749,-0.0019114362108266225,0.5869413058694131,ok,153,0,-0.003675485143668736,0.797020297970203,4386,895,-0.053058160860226355,-0.0439330751912133,0.009125085669013058,0.1809095452273863,ok,118,0,0.005481012561843315,0.10844577711144428,1880,399,-0.043473632744987695,-0.02813273275162319,0.015340899993364503,0.13843078460769614,ok,79,0,-0.0022732292771020166,0.6786606696651675,3767,2214,-0.04664803964998194,-0.0414116490672301,-0.00523639058275184,0.7752224777522247,ok,153,0,-0.0012550968457476636,0.7264273572642735,3354,1927,-0.04948462738300637,-0.0550398316484096,0.005555204265403228,0.22038980509745126,ok,118,0,0.000821909740268599,0.33983008495752126,1464,815,-0.03690051823011873,-0.04777059047801308,0.010870072247894352,0.18140929535232383,ok,79,0,-0.003685220480004109,0.9070464767616192,4992,989,-0.04434469348915489,-0.04655191759198001,-0.002207224102825124,0.587941205879412,ok,153,0,-0.005717367485754431,0.9991000899910009,4501,780,-0.050019673946124256,-0.06012133768920959,-0.010101663743085333,0.8490754622688655,ok,118,0,-0.002554758040639607,0.9035482258870565,1906,373,-0.040473101922104245,-0.0423958650534686,-0.0019227631313643578,0.5552223888055972,ok,79,0,-0.009875791482492936,1.0,4098,1883,-0.044853620764597396,-0.04439639856771605,0.00045722219688134474,0.47955204479552044,ok,153,0,-0.0011924111678235164,0.690930906909309,3631,1650,-0.04705767002042929,-0.06131320968782423,-0.014255539667394936,0.9425287356321839,ok,118,0,0.0034591709205078966,0.08995502248875563,1505,774,-0.03640257871279257,-0.04931461106682388,-0.012912032354031308,0.8375812093953023,ok,79,0,-0.0016105893487045678,0.670664667666167,0.5869413058694131,203.0,1.0,False,False,opposite sign,False,False,False,0.7752224777522247,322.0,1.0,False,False,opposite sign,False,False,False,0.587941205879412,205.0,1.0,False,False,same sign,False,False,False,0.47955204479552044,158.0,1.0,False,False,opposite sign,False,False,False
N13_3OUTSIDE,30m,2795,2534,2534,0,261,-0.049071916611726836,0.1712707182320442,0.34964483030781374,0.17363851617995266,0.3318863456985004,0.48066298342541436,0.5718232044198895,0.6827150749802684,0.5280189423835833,5.881859828452536,5.924799099833097,2562,2428,2428,0,134,-0.043879788115521304,0.1771004942339374,0.35378912685337727,0.1441515650741351,0.3117792421746293,0.4847611202635914,0.5193574958813838,0.6626853377265239,0.5119439868204283,5.870249303374119,6.331157688956168,1156,859,859,0,297,-0.0445157847001092,0.17578579743888242,0.37718277066356226,0.15832363213038417,0.3178114086146682,0.4831199068684517,0.5576251455180442,0.6856810244470314,0.5587892898719441,5.78372485715429,5.99152300167033,True,,2100,434,-0.04730470955293203,-0.057622918509121025,-0.010318208956188998,0.7413258674132587,ok,152,0,-0.003570345589543271,0.7687231276872313,1998,430,-0.04554802273943089,-0.036128316537448406,0.009419706201982486,0.23938030984507747,ok,118,0,0.0008522018568336842,0.43728135932033985,708,151,-0.051898495150352,-0.009900162191686105,0.041998332958665896,0.06946526736631684,ok,76,0,-0.0026254732972140343,0.6736631684157921,1648,886,-0.05174831097929538,-0.044093702257603826,-0.007654608721691554,0.7348265173482652,ok,152,0,-0.002831084022318693,0.8818118188181182,1569,859,-0.041015021084289255,-0.04911240682565296,0.008097385741363705,0.25687156421789104,ok,118,0,0.0003744942066420953,0.4482758620689655,535,324,-0.04398433058114425,-0.04539334011259763,0.001409009531453377,0.463768115942029,ok,76,0,-0.0036108595968234493,0.8085957021489255,2094,440,-0.048003009446883044,-0.054158942982597005,-0.006155933535713962,0.6748325167483251,ok,152,0,-0.009310909942225075,1.0,2078,350,-0.04397852941290365,-0.04329354692706272,0.0006849824858409306,0.4832583708145927,ok,118,0,-0.0052274191520622695,0.984007996001999,723,136,-0.04379600486108883,-0.04834226134431306,-0.00454625648322423,0.5687156421789106,ok,76,0,-0.013903275165194521,1.0,1693,841,-0.04849399828415163,-0.050235312246191516,-0.0017413139620398865,0.5549445055494451,ok,152,0,-0.0003041847950933374,0.5295470452954705,1671,757,-0.04214521794737423,-0.047708674180215856,-0.005563456232841622,0.6821589205397302,ok,118,0,-0.0036076435737334572,0.8490754622688655,586,273,-0.04333853001105249,-0.047042785607754746,-0.0037042555967022536,0.5462268865567217,ok,76,0,0.007091831958621751,0.05847076461769116,0.7413258674132587,301.0,1.0,False,False,opposite sign,False,False,False,0.7348265173482652,295.0,1.0,False,False,opposite sign,False,False,False,0.6748325167483251,259.0,1.0,False,False,same sign,False,False,False,0.5549445055494451,182.0,1.0,False,False,same sign,False,False,False
N13_3OUTSIDE,1h,1180,883,883,0,297,-0.02744314969148936,0.17327293318233294,0.36806342015855037,0.18459796149490373,0.3261608154020385,0.4824462061155153,0.5889014722536806,0.7225368063420159,0.5458663646659117,5.800666705115338,5.774069044951477,1134,946,945,1,188,-0.02432248220827131,0.1746031746031746,0.36613756613756615,0.14603174603174604,0.33015873015873015,0.4857142857142857,0.5682539682539682,0.7153439153439154,0.5216931216931217,5.799941289234586,6.01415383195265,543,257,257,0,286,0.0016330516796493081,0.17120622568093385,0.3540856031128405,0.14785992217898833,0.377431906614786,0.45525291828793774,0.6381322957198443,0.7626459143968871,0.5953307392996109,6.0130886819843745,5.402240521149726,True,,730,153,-0.030570951164168334,-0.012519652468903407,0.01805129869526493,0.24837516248375163,ok,147,0,-2.2872152655596667e-05,0.49235076492350766,780,165,-0.01853890875313945,-0.051663011268894644,-0.03312410251575519,0.9065467266366817,ok,117,0,0.00019647779660535852,0.49225387306346824,213,44,0.0036669374809223778,-0.008212804585604382,-0.011879742066526758,0.6046976511744128,ok,65,0,0.01282193987355051,0.0864567716141929,558,325,-0.026937449300609647,-0.028311398362599757,0.0013739490619901103,0.47015298470152983,ok,147,0,-0.005425145065476061,0.942905709429057,599,346,-0.01709019744562693,-0.036843113921635424,0.019752916476008495,0.1794102948525737,ok,117,0,-0.002573702928874752,0.743128435782109,166,91,-0.01865253612920405,0.038637530539755445,-0.0572900666689595,0.9400299850074962,ok,65,0,-0.0072832704579966,0.8845577211394303,720,163,-0.026165958879708375,-0.033084728737393106,-0.0069187698576847305,0.6097390260973903,ok,147,0,-0.014270772502148057,0.9999000099990001,807,138,-0.020045833718696216,-0.049331578810351766,-0.02928574509165555,0.8205897051474262,ok,117,0,-0.0044232409809856,0.8775612193903048,219,38,-0.012318382149051994,0.08203736769242782,0.09435574984147982,0.057971014492753624,ok,65,0,-0.015653490876620692,0.9975012493753124,595,288,-0.038161528444212875,-0.005299276921105711,0.032862251523107164,0.09989001099890012,ok,147,0,0.0002853677641235508,0.46715328467153283,633,312,-0.017453099682883763,-0.038259402524201805,-0.020806302841318042,0.8390804597701149,ok,117,0,0.00843320354393461,0.06696651674162919,160,97,0.007092060996534898,-0.0073714997708836175,-0.014463560767418514,0.6546726636681659,ok,65,0,0.004264030689985137,0.30184907546226886,0.24837516248375163,71.0,1.0,False,False,opposite sign,False,False,False,0.47015298470152983,154.0,1.0,False,False,opposite sign,False,False,False,0.6097390260973903,216.0,1.0,False,False,opposite sign,False,False,False,0.09989001099890012,30.0,1.0,False,False,opposite sign,False,False,False
N13_3OUTSIDE,4h,262,29,29,0,233,-0.0795339808982855,0.06896551724137931,0.3793103448275862,0.20689655172413793,0.3793103448275862,0.4482758620689655,0.6206896551724138,0.6896551724137931,0.7241379310344828,6.017580029351761,5.733154993614516,271,44,44,0,227,-0.04528728135159449,0.18181818181818182,0.36363636363636365,0.20454545454545456,0.3409090909090909,0.5,0.6363636363636364,0.7727272727272727,0.5,5.605526081050484,5.403708993941972,137,6,6,0,131,-0.07999716676105233,0.5,0.16666666666666666,0.3333333333333333,0.6666666666666666,0.16666666666666666,0.8333333333333334,0.6666666666666666,1.0,8.397159563056883,4.070907697107811,False,period-1 signals 262 < 300,27,2,-0.07258725919637905,-0.1733147238740226,-0.10072746467764356,,insufficient,24,0,0.04703444451306357,0.0072992700729927005,36,8,-0.04314547861867261,-0.05492539364974289,-0.01177991503107028,,insufficient,31,0,0.014991111438641243,0.2683658170914543,3,3,-0.032905120958558354,-0.12708921256354633,-0.09418409160498797,,insufficient,5,0,0.05536243173724527,0.1889055472263868,18,11,-0.19762487367724302,0.11370566183091778,-0.3113305355081608,,insufficient,24,0,-0.024390134225092477,0.9807019298070193,28,16,-0.05711163149980482,-0.02459466859222638,-0.03251696290757844,,insufficient,31,0,-0.0010329562174446888,0.519240379810095,5,1,-0.11657838277326253,0.10290891329999868,-0.21948729607326123,,insufficient,5,0,-0.06230229427764466,0.984007996001999,23,6,-0.07954784030199728,-0.07948085318405697,6.698711794031476e-05,,insufficient,24,0,-0.014563771371511817,0.8672132786721328,35,9,-0.05803402084605365,0.0042833722379690105,0.06231739308402266,,insufficient,31,0,0.019767494907698503,0.06196901549225387,4,2,-0.06249531203766355,-0.1150008762078299,-0.052505564170166344,,insufficient,5,0,-0.031677646497275155,0.8195902048975512,18,11,0.005744150419964416,-0.21908001396451263,-0.22482416438447705,,insufficient,24,0,0.007054819513451709,0.34236576342365765,29,15,-0.08691260562445052,0.03518834557592729,0.12210095120037781,,insufficient,31,0,0.009855254567121535,0.3493253373313343,2,4,-0.19440941248699223,-0.02279104389808237,0.17161836858890986,,insufficient,5,0,0.003913320455397971,0.4497751124437781,,,,,,,,,,,,,,,,,,,,,,,,,,,,,,,,,,,,
N15_KC_AO,5m,134,133,133,0,1,-0.05685768311818146,0.21052631578947367,0.21052631578947367,0.19548872180451127,0.39097744360902253,0.21804511278195488,0.47368421052631576,0.5488721804511278,0.5338345864661654,7.986960430399603,6.424692201298689,107,107,107,0,0,-0.04114742549646523,0.14018691588785046,0.2336448598130841,0.2897196261682243,0.5233644859813084,0.2523364485981308,0.616822429906542,0.5514018691588785,0.4672897196261682,7.692417525656961,5.429629305130622,45,43,43,0,2,-0.0646373484537652,0.23255813953488372,0.20930232558139536,0.2558139534883721,0.5116279069767442,0.20930232558139536,0.6511627906976745,0.6511627906976745,0.4418604651162791,8.003491903928339,4.948893099607723,False,period-1 signals 134 < 300,105,28,-0.06531890029234841,-0.025128118715055388,0.04019078157729302,,insufficient,77,0,0.00836954395252082,0.012198780121987801,92,15,-0.05595366939916587,0.04966420377343202,0.10561787317259788,,insufficient,57,0,0.004436218625326012,0.07946026986506746,33,10,-0.071814513513432,-0.04095270375686478,0.030861809756567223,,insufficient,26,0,0.004301800877892274,0.16041979010494753,105,28,-0.04085797758739282,-0.11685657885863886,0.07599860127124604,,insufficient,77,0,-0.0007123199287216789,0.6946305369463054,82,25,-0.020400155076783087,-0.10919847247302268,0.0887983173962396,,insufficient,57,0,0.0015940120337237865,0.15942028985507245,34,9,-0.0699407468988853,-0.0446022876610893,-0.025338459237796,,insufficient,26,0,-0.0014143883825449982,0.7521239380309845,107,26,-0.040187805006024375,-0.1254606430412894,-0.08527283803526503,,insufficient,77,0,-0.007693024883948532,1.0,76,31,-0.028952224466844673,-0.07104533769811562,-0.04209311323127095,0.7266366816591704,ok,57,0,-0.006550808808283487,1.0,32,11,-0.04939713659770159,-0.10897251021685932,-0.059575373619157726,,insufficient,26,0,-0.005758733441308124,1.0,81,52,-0.06476754738660717,-0.0445365483923645,0.020230998994242674,0.32116788321167883,ok,77,0,-0.0026331704968014513,0.9308069193080692,51,56,-0.07798356112596899,-0.007600230548167182,0.07038333057780181,0.08545727136431784,ok,57,0,-0.001433308801111234,0.7546226886556722,21,22,-0.08779215517912926,-0.042535032943190415,0.04525712223593885,,insufficient,26,0,0.002003895635624149,0.22588705647176413,,,,,,,,,,,,,,,,,,,,,,,,,,,,,,,,,,,,
N15_KC_AO,15m,59,56,56,0,3,-0.09964281147382928,0.10714285714285714,0.32142857142857145,0.32142857142857145,0.4642857142857143,0.3392857142857143,0.6964285714285714,0.5535714285714286,0.5892857142857143,6.826288422233637,4.491829163384789,33,33,33,0,0,-0.0832367971981091,0.18181818181818182,0.18181818181818182,0.21212121212121213,0.30303030303030304,0.21212121212121213,0.3939393939393939,0.48484848484848486,0.5454545454545454,8.070797299677022,6.965359373217629,25,22,22,0,3,-0.11134013462268745,0.13636363636363635,0.22727272727272727,0.3181818181818182,0.4090909090909091,0.2727272727272727,0.5,0.45454545454545453,0.6363636363636364,7.439516039713667,6.044114521251797,False,period-1 signals 59 < 300,50,6,-0.11417735288055413,0.021478366915544483,0.1356557197960986,,insufficient,38,0,-0.003675485143668736,0.797020297970203,27,6,-0.08136521129309274,-0.09165893377068259,-0.010293722477589848,,insufficient,26,0,0.005481012561843315,0.10844577711144428,19,3,-0.10634132020312728,-0.14299929261323516,-0.036657972410107875,,insufficient,14,0,-0.0022732292771020166,0.6786606696651675,38,18,-0.11751398631712799,-0.061914775693532,-0.05559921062359599,,insufficient,38,0,-0.0012550968457476636,0.7264273572642735,27,6,-0.04435450979517425,-0.25820709051131585,0.2138525807161416,,insufficient,26,0,0.000821909740268599,0.33983008495752126,17,5,-0.17534053351825774,0.10626122162225152,-0.2816017551405092,,insufficient,14,0,-0.003685220480004109,0.9070464767616192,38,18,-0.11676330876715445,-0.06349953941014279,0.05326376935701166,,insufficient,38,0,-0.005717367485754431,0.9991000899910009,26,7,-0.063281741703276,-0.15735557475034634,-0.09407383304707034,,insufficient,26,0,-0.002554758040639607,0.9035482258870565,15,7,-0.08989298297606924,-0.15729831672258363,-0.06740533374651439,,insufficient,14,0,-0.009875791482492936,1.0,30,26,-0.10651265778097614,-0.09171606573481365,0.014796592046162488,,insufficient,38,0,-0.0011924111678235164,0.690930906909309,23,10,-0.0983449238004433,-0.04848810601274045,0.049856817787702845,,insufficient,26,0,0.0034591709205078966,0.08995502248875563,13,9,-0.026608201464740196,-0.23373070473972238,-0.2071225032749822,,insufficient,14,0,-0.0016105893487045678,0.670664667666167,,,,,,,,,,,,,,,,,,,,,,,,,,,,,,,,,,,,
N15_KC_AO,30m,44,36,36,0,8,-0.04981614008163255,0.19444444444444445,0.3055555555555556,0.3333333333333333,0.3888888888888889,0.3055555555555556,0.5555555555555556,0.75,0.4444444444444444,7.151706908094342,5.449175528831039,25,23,23,0,2,0.06292536002052943,0.17391304347826086,0.34782608695652173,0.34782608695652173,0.4782608695652174,0.391304347826087,0.7391304347826086,0.782608695652174,0.6521739130434783,6.376413036659614,4.194057729380038,14,13,13,0,1,-0.02196974442991079,0.38461538461538464,0.0,0.07692307692307693,0.5384615384615384,0.0,0.5384615384615384,0.6923076923076923,0.46153846153846156,10.0,6.37703390172518,False,period-1 signals 44 < 300,29,7,-0.0770363423588503,0.06295326935255528,0.1399896117114056,,insufficient,32,0,-0.003570345589543271,0.7687231276872313,19,4,0.054033732403080764,0.10516059120341056,0.0511268588003298,,insufficient,18,0,0.0008522018568336842,0.43728135932033985,8,5,0.050293412470075925,-0.13759079546988953,-0.18788420793996546,,insufficient,8,0,-0.0026254732972140343,0.6736631684157921,25,11,-0.057284107674944545,-0.032843486460468946,-0.0244406212144756,,insufficient,32,0,-0.002831084022318693,0.8818118188181182,15,8,0.1256125066711538,-0.054613039949391304,0.18022554662054513,,insufficient,18,0,0.0003744942066420953,0.4482758620689655,13,0,-0.021969744429910794,,,,insufficient,8,0,-0.0036108595968234493,0.8085957021489255,24,12,0.03806096763960513,-0.2255703555241079,-0.263631323163713,,insufficient,32,0,-0.009310909942225075,1.0,15,8,0.07871343043634867,0.03332272799086835,-0.04539070244548032,,insufficient,18,0,-0.0052274191520622695,0.984007996001999,12,1,-0.030957146143387935,0.0858790761318149,0.11683622227520284,,insufficient,8,0,-0.013903275165194521,1.0,22,14,0.03947426042847279,-0.19012962659751237,-0.22960388702598516,,insufficient,32,0,-0.0003041847950933374,0.5295470452954705,12,11,0.02085693775922498,0.10881818430558882,0.08796124654636384,,insufficient,18,0,-0.0036076435737334572,0.8490754622688655,6,7,0.1617834939479237,-0.17947252018234036,-0.3412560141302641,,insufficient,8,0,0.007091831958621751,0.05847076461769116,,,,,,,,,,,,,,,,,,,,,,,,,,,,,,,,,,,,
N15_KC_AO,1h,24,18,18,0,6,-0.007857104839820633,0.2222222222222222,0.2222222222222222,0.2777777777777778,0.2777777777777778,0.2222222222222222,0.3888888888888889,0.7777777777777778,0.2777777777777778,7.924032096678133,6.719887888034868,12,10,10,0,2,-0.01874932065817536,0.4,0.2,0.2,0.2,0.2,0.4,0.8,0.5,8.023549889743526,6.987101918775276,7,5,5,0,2,0.056803793649851386,0.0,0.2,0.4,0.6,0.2,0.8,0.8,0.4,8.133840891426212,3.392369818272745,False,period-1 signals 24 < 300,14,4,-0.05552333078457739,0.15897468596682807,0.21449801675140545,,insufficient,13,0,-2.2872152655596667e-05,0.49235076492350766,6,4,-0.0027888234227771516,-0.042690066511272676,-0.039901243088495526,,insufficient,8,0,0.00019647779660535852,0.49225387306346824,5,0,0.0568037936498514,,,,insufficient,5,0,0.01282193987355051,0.0864567716141929,14,4,0.007850774828369225,-0.06283468367848513,0.07068545850685436,,insufficient,13,0,-0.005425145065476061,0.942905709429057,8,2,-0.054066942352574365,0.12252116611942065,-0.17658810847199502,,insufficient,8,0,-0.002573702928874752,0.743128435782109,4,1,0.010118621231185301,0.24354448332451575,-0.23342586209333044,,insufficient,5,0,-0.0072832704579966,0.8845577211394303,13,5,-0.005652945745772464,-0.013587918484345884,-0.00793497273857342,,insufficient,13,0,-0.014270772502148057,0.9999000099990001,8,2,-0.04810441166423152,0.09867104336604926,0.14677545503028078,,insufficient,8,0,-0.0044232409809856,0.8775612193903048,3,2,-0.07980718093590887,0.26172025552849176,0.34152743646440065,,insufficient,5,0,-0.015653490876620692,0.9975012493753124,13,5,-0.02730968862693153,0.04271961300666771,0.07002930163359924,,insufficient,13,0,0.0002853677641235508,0.46715328467153283,8,2,0.024718624459667916,-0.1926211011295485,-0.2173397255892164,,insufficient,8,0,0.00843320354393461,0.06696651674162919,2,3,0.1643622105377705,-0.01490181760876134,-0.17926402814653183,,insufficient,5,0,0.004264030689985137,0.30184907546226886,,,,,,,,,,,,,,,,,,,,,,,,,,,,,,,,,,,,
N15_KC_AO,4h,3,1,1,0,2,0.033031721184169804,0.0,1.0,0.0,0.0,1.0,1.0,1.0,0.0,0.5284372306285952,2.504498416914581,2,0,0,0,2,,,,,,,,,,,,2,0,0,0,2,,,,,,,,,,,,False,period-1 signals 3 < 300,1,0,0.033031721184169804,,,,insufficient,1,0,0.04703444451306357,0.0072992700729927005,0,0,,,,,insufficient,0,0,0.014991111438641243,0.2683658170914543,0,0,,,,,insufficient,0,0,0.05536243173724527,0.1889055472263868,0,1,,0.033031721184169804,,,insufficient,1,0,-0.024390134225092477,0.9807019298070193,0,0,,,,,insufficient,0,0,-0.0010329562174446888,0.519240379810095,0,0,,,,,insufficient,0,0,-0.06230229427764466,0.984007996001999,1,0,0.033031721184169804,,,,insufficient,1,0,-0.014563771371511817,0.8672132786721328,0,0,,,,,insufficient,0,0,0.019767494907698503,0.06196901549225387,0,0,,,,,insufficient,0,0,-0.031677646497275155,0.8195902048975512,1,0,0.033031721184169804,,,,insufficient,1,0,0.007054819513451709,0.34236576342365765,0,0,,,,,insufficient,0,0,0.009855254567121535,0.3493253373313343,0,0,,,,,insufficient,0,0,0.003913320455397971,0.4497751124437781,,,,,,,,,,,,,,,,,,,,,,,,,,,,,,,,,,,,
N16_BBRSI,5m,19989,19832,19832,0,157,-0.06319182874493876,0.07382008874546188,0.4030859217426382,0.13039532069382814,0.10498184751916095,0.7048709156918113,0.28070794675272287,0.5440701895925777,0.4960669624848729,4.554787326192449,7.888756654133643,15425,15382,15380,2,43,-0.05780147476383493,0.06866059817945383,0.3962288686605982,0.12275682704811443,0.10357607282184655,0.7035110533159948,0.2725617685305592,0.5436931079323797,0.5096228868660598,4.6434178169431535,7.959020977552952,9137,8812,8812,0,325,-0.05951027469617082,0.06899682251475261,0.4155696777122106,0.13107126645483433,0.09679981842941443,0.7161824784384929,0.27190195188379485,0.5789832047208352,0.4783250113481616,4.44296267626454,7.93918339445812,True,,18368,1464,-0.06313716496845713,-0.06387766497882866,-0.0007405000103715281,0.5428457154284572,ok,153,0,0.00836954395252082,0.012198780121987801,14324,1056,-0.057322375623948756,-0.06430016423327595,-0.0069777886093271915,0.8630684657671165,ok,118,0,0.004436218625326012,0.07946026986506746,8204,608,-0.059872101262271264,-0.05462799649174963,0.005244104770521632,0.3353323338330835,ok,79,0,0.004301800877892274,0.16041979010494753,11838,7994,-0.06748024789766091,-0.056841277590332216,-0.010638970307328695,0.9991000899910009,ok,153,0,-0.0007123199287216789,0.6946305369463054,9286,6094,-0.05753215850663834,-0.0582118572325464,0.0006796987259080553,0.44227886056971516,ok,118,0,0.0015940120337237865,0.15942028985507245,5150,3662,-0.06129855633117009,-0.056995351042362453,-0.004303205288807635,0.7536231884057971,ok,79,0,-0.0014143883825449982,0.7521239380309845,17246,2586,-0.06223629493139437,-0.06956427118437666,-0.007327976252982295,0.9233076692330767,ok,153,0,-0.007693024883948532,1.0,13492,1888,-0.057477385568232085,-0.06011747657902238,-0.0026400910107902964,0.6936531734132934,ok,118,0,-0.006550808808283487,1.0,7657,1155,-0.05933713957355481,-0.06065806312376458,-0.0013209235502097683,0.568215892053973,ok,79,0,-0.005758733441308124,1.0,17750,2082,-0.06263367135735384,-0.06795037515686593,-0.0053167037995120875,0.8408159184081592,ok,153,0,-0.0026331704968014513,0.9308069193080692,13787,1593,-0.05667286937606711,-0.0675692603766127,-0.010896391000545597,0.9580209895052474,ok,118,0,-0.001433308801111234,0.7546226886556722,7959,853,-0.059347244009439304,-0.061031448477760576,-0.0016842044683212723,0.5902048975512244,ok,79,0,0.002003895635624149,0.22588705647176413,0.5428457154284572,176.0,1.0,False,False,opposite sign,False,False,False,0.9991000899910009,554.0,1.0,False,False,same sign,False,False,False,0.9233076692330767,430.0,1.0,False,False,same sign,False,False,False,0.8408159184081592,361.0,1.0,False,False,same sign,False,False,False
N16_BBRSI,15m,7049,6770,6770,0,279,-0.053468734855130186,0.07740029542097489,0.4050221565731167,0.15982274741506647,0.11669128508124077,0.6855243722304284,0.3025110782865583,0.6285081240768094,0.49409158050221563,4.699138602383547,7.665610985307366,5291,5195,5192,3,96,-0.046445631506136585,0.06798921417565486,0.3925269645608629,0.1483050847457627,0.11459938366718028,0.6847072419106317,0.29545454545454547,0.6386748844375963,0.5019260400616333,4.780139511029041,7.731381792666686,3102,2718,2718,0,384,-0.05051835516465295,0.06548933038999265,0.40765268579838115,0.1309786607799853,0.10191317144959529,0.6986754966887417,0.2788815305371597,0.6530537159676233,0.46541574687270054,4.6267833824552405,7.88279680340172,True,,6246,524,-0.05366739599286755,-0.05110072442324534,0.00256667156962221,0.42275772422757724,ok,153,0,-0.003675485143668736,0.797020297970203,4839,353,-0.04696439441923373,-0.03933431780506832,0.0076300766141654125,0.28585707146426786,ok,118,0,0.005481012561843315,0.10844577711144428,2540,178,-0.05081715389171627,-0.04625459804813146,0.004562555843584809,0.391304347826087,ok,79,0,-0.0022732292771020166,0.6786606696651675,4028,2742,-0.055578181185329235,-0.050369956657449005,-0.00520822452788023,0.7875212478752125,ok,153,0,-0.0012550968457476636,0.7264273572642735,3154,2038,-0.04591235550290337,-0.047270927146076495,0.0013585716431731287,0.4302848575712144,ok,118,0,0.000821909740268599,0.33983008495752126,1610,1108,-0.059525939834705326,-0.03742971679029885,-0.022096223044406477,0.9825087456271864,ok,79,0,-0.003685220480004109,0.9070464767616192,5688,1082,-0.05414638137305876,-0.0499063934558901,0.004239987917168661,0.32796720327967205,ok,153,0,-0.005717367485754431,0.9991000899910009,4422,770,-0.04593163580940314,-0.04939743536452008,-0.003465799555116937,0.616191904047976,ok,118,0,-0.002554758040639607,0.9035482258870565,2362,356,-0.05369447032030484,-0.0294453664072098,0.024249103913095038,0.05347326336831584,ok,79,0,-0.009875791482492936,1.0,5980,790,-0.053033909091585736,-0.05676020076145399,-0.0037262916698682508,0.6258374162583742,ok,153,0,-0.0011924111678235164,0.690930906909309,4597,595,-0.04304142798329032,-0.0727466795641606,-0.029705251580870284,0.9955022488755623,ok,118,0,0.0034591709205078966,0.08995502248875563,2441,277,-0.05362198763384807,-0.023168294307955258,0.03045369332589281,0.03248375812093953,ok,79,0,-0.0016105893487045678,0.670664667666167,0.42275772422757724,137.0,1.0,False,False,same sign,False,False,False,0.7875212478752125,329.0,1.0,False,False,same sign,False,False,False,0.32796720327967205,97.0,1.0,False,False,same sign,False,False,False,0.6258374162583742,230.0,1.0,False,False,opposite sign,False,False,False
N16_BBRSI,30m,3735,3359,3359,0,376,-0.03943884246736648,0.06728192914557904,0.39743971420065494,0.17147960702590057,0.1256326287585591,0.6805596903840428,0.32598987793986306,0.6844298898481691,0.4712712116701399,4.7468582770774175,7.482108694123663,2764,2550,2550,0,214,-0.037843692817016064,0.06392156862745098,0.38588235294117645,0.14470588235294118,0.11098039215686274,0.6803921568627451,0.3023529411764706,0.6772549019607843,0.5058823529411764,4.848398952527534,7.70157847677553,1570,1144,1144,0,426,-0.03642012638517918,0.06818181818181818,0.4256993006993007,0.14947552447552448,0.1048951048951049,0.7001748251748252,0.30506993006993005,0.6975524475524476,0.4781468531468531,4.530711849058614,7.66809377098593,True,,3133,226,-0.038701835086268094,-0.049655851869938296,-0.010954016783670202,0.724027597240276,ok,153,0,-0.003570345589543271,0.7687231276872313,2387,163,-0.03953701397352289,-0.013046406923876286,0.026490607049646606,0.09495252373813093,ok,118,0,0.0008522018568336842,0.43728135932033985,1066,78,-0.03218041538494126,-0.09436284338843064,-0.06218242800348937,0.9795102448775612,ok,78,0,-0.0026254732972140343,0.6736631684157921,2024,1335,-0.04121951111234748,-0.03673916206478854,-0.0044803490475589375,0.6647335266473353,ok,153,0,-0.002831084022318693,0.8818118188181182,1566,984,-0.034125085449600585,-0.0437617203956468,0.009636634946046212,0.22688655672163918,ok,118,0,0.0003744942066420953,0.4482758620689655,657,487,-0.04674108172827653,-0.02249637348904989,-0.024244708239226642,0.8865567216391804,ok,78,0,-0.0036108595968234493,0.8085957021489255,2783,576,-0.03694058713009901,-0.05150940601530983,-0.014568818885210819,0.8916108389161084,ok,153,0,-0.009310909942225075,1.0,2181,369,-0.03616813438039474,-0.0477471967472901,-0.011579062366895355,0.7671164417791104,ok,118,0,-0.0052274191520622695,0.984007996001999,973,171,-0.03939402618476925,-0.019498462613242715,0.019895563571526532,0.24387806096951525,ok,78,0,-0.013903275165194521,1.0,2937,422,-0.03883579317938761,-0.04363589402848958,-0.004800100849101971,0.626937306269373,ok,153,0,-0.0003041847950933374,0.5295470452954705,2267,283,-0.03820819759859378,-0.0349237905561091,0.0032844070424846786,0.4362818590704648,ok,118,0,-0.0036076435737334572,0.8490754622688655,1024,120,-0.03542662147792283,-0.04489803492709998,-0.009471413449177152,0.6256871564217891,ok,78,0,0.007091831958621751,0.05847076461769116,0.724027597240276,288.0,1.0,False,False,same sign,False,False,False,0.6647335266473353,254.0,1.0,False,False,same sign,False,False,False,0.8916108389161084,398.0,1.0,False,False,opposite sign,False,False,False,0.626937306269373,231.0,1.0,False,False,same sign,False,False,False
N16_BBRSI,1h,1918,1370,1370,0,548,-0.04135521490123663,0.0708029197080292,0.3781021897810219,0.17664233576642335,0.12116788321167883,0.6788321167883211,0.3262773722627737,0.7124087591240876,0.48832116788321167,4.8188607665485375,7.458224809017634,1469,1167,1167,0,302,-0.049190812181437664,0.07455012853470437,0.38046272493573263,0.16966580976863754,0.11139674378748929,0.6889460154241646,0.31276778063410454,0.6983718937446444,0.47986289631533846,4.84308018191164,7.570918628128862,838,398,398,0,440,-0.04724491935570906,0.09296482412060302,0.44472361809045224,0.1507537688442211,0.11055276381909548,0.7311557788944724,0.2989949748743719,0.7085427135678392,0.4648241206030151,4.279738453432079,7.705293286224484,True,,1273,97,-0.04191222282925462,-0.03404520363972221,0.007867019189532413,0.4042595740425957,ok,147,0,-2.2872152655596667e-05,0.49235076492350766,1080,87,-0.05418315518864014,0.012783101011420741,0.06696625620006089,0.013993003498250875,ok,118,0,0.00019647779660535852,0.49225387306346824,361,37,-0.03998094399733697,-0.11811776001442058,-0.07813681601708361,0.8985507246376812,ok,66,0,0.01282193987355051,0.0864567716141929,852,518,-0.04340022124722277,-0.03799161372984631,-0.005408607517376464,0.6313368663133687,ok,147,0,-0.005425145065476061,0.942905709429057,723,444,-0.03995357513525032,-0.06423252926340492,0.024278954128154596,0.08445777111444278,ok,118,0,-0.002573702928874752,0.743128435782109,221,177,-0.06128660606695217,-0.02971264385749028,-0.03157396220946189,0.8100949525237381,ok,66,0,-0.0072832704579966,0.8845577211394303,1128,242,-0.036521266196832276,-0.06388700886226188,-0.027365742665429606,0.8963103689631037,ok,147,0,-0.014270772502148057,0.9999000099990001,969,198,-0.04827069326725717,-0.053693818382654336,-0.005423125115397165,0.5787106446776612,ok,118,0,-0.0044232409809856,0.8775612193903048,338,60,-0.06153017143588086,0.03322866736259207,0.09475883879847294,0.02348825587206397,ok,66,0,-0.015653490876620692,0.9975012493753124,1204,166,-0.046223750435752185,-0.006043668012340641,0.04018008242341155,0.06369363063693631,ok,147,0,0.0002853677641235508,0.46715328467153283,1037,130,-0.05196730581152697,-0.0270429360706484,0.02492436974087857,0.14042978510744628,ok,118,0,0.00843320354393461,0.06696651674162919,354,44,-0.046756673495776134,-0.05117307922880588,-0.004416405733029746,0.5262368815592204,ok,66,0,0.004264030689985137,0.30184907546226886,0.4042595740425957,129.0,1.0,False,False,opposite sign,False,False,False,0.6313368663133687,235.0,1.0,False,False,same sign,False,False,False,0.8963103689631037,401.0,1.0,False,False,opposite sign,False,False,False,0.06369363063693631,19.0,1.0,False,False,opposite sign,False,False,False
N16_BBRSI,4h,509,94,94,0,415,-0.039304024777466716,0.07446808510638298,0.40425531914893614,0.22340425531914893,0.1276595744680851,0.6382978723404256,0.3404255319148936,0.7340425531914894,0.43617021276595747,4.901315612175003,7.198667828938493,359,63,63,0,296,-0.015096053234855838,0.09523809523809523,0.36507936507936506,0.14285714285714285,0.19047619047619047,0.6825396825396826,0.38095238095238093,0.7936507936507936,0.3333333333333333,4.9468552549890505,7.140929058527622,212,13,13,0,199,0.20776234491957857,0.0,0.6923076923076923,0.23076923076923078,0.07692307692307693,0.7692307692307693,0.38461538461538464,1.0,0.5384615384615384,3.2541607560349415,6.820607567022393,True,,87,7,-0.03843657692389684,-0.05008516238612094,-0.011648585462224102,,insufficient,52,0,0.04703444451306357,0.0072992700729927005,57,6,0.0009420899266475844,-0.16745841326913827,-0.16840050319578584,,insufficient,45,0,0.014991111438641243,0.2683658170914543,13,0,0.2077623449195786,,,,insufficient,8,0,0.05536243173724527,0.1889055472263868,56,38,-0.047000128753447216,-0.02796239786549543,-0.019037730887951788,0.616938306169383,ok,52,0,-0.024390134225092477,0.9807019298070193,40,23,-0.03918370648104123,0.0267955176280753,-0.06597922410911654,,insufficient,45,0,-0.0010329562174446888,0.519240379810095,4,9,0.1778986973625701,0.2210350771671379,-0.043136379804567804,,insufficient,8,0,-0.06230229427764466,0.984007996001999,73,21,-0.0598836146808021,0.03223454964841343,0.09211816432921552,,insufficient,52,0,-0.014563771371511817,0.8672132786721328,54,9,-0.013133986872059649,-0.02686845141163294,-0.013734464539573292,,insufficient,45,0,0.019767494907698503,0.06196901549225387,10,3,0.1648856153303833,0.35068477688356287,0.18579916155317958,,insufficient,8,0,-0.031677646497275155,0.8195902048975512,82,12,-0.03864933409774116,-0.043777744422258014,-0.005128410324516851,,insufficient,52,0,0.007054819513451709,0.34236576342365765,51,12,-0.016804169729337605,-0.007836558133308294,0.008967611596029311,,insufficient,45,0,0.009855254567121535,0.3493253373313343,12,1,0.18735364467121055,0.45266674789999484,0.2653131032287843,,insufficient,8,0,0.003913320455397971,0.4497751124437781,1.0,590.0,1.0,False,False,no data,False,False,False,0.616938306169383,224.0,1.0,False,False,no data,False,False,False,1.0,591.0,1.0,False,False,no data,False,False,False,1.0,592.0,1.0,False,False,no data,False,False,False
N19_FIB_CHOP,5m,16813,16634,16634,0,179,-0.061767399650887456,0.06246242635565709,0.14187808103883612,0.21702536972466033,0.6701935794156547,0.2294697607310328,0.8719490200793555,0.5501983888421306,0.41210773115306,8.078797142990506,3.697892402353967,10742,10665,10665,0,77,-0.061061985380460426,0.0606657290201594,0.15246132208157526,0.20253164556962025,0.6765119549929677,0.23750586029067042,0.8848570089076419,0.5346460384435068,0.4536333802156587,8.003413938141025,3.6545610356662923,6271,5898,5898,0,373,-0.05057412087184343,0.06358087487283826,0.15428958969142081,0.2302475415395049,0.6710749406578501,0.24092912851814174,0.8850457782299085,0.6059681247880637,0.3733468972533062,7.9784015947151525,3.5468807538762563,True,,15595,1039,-0.06263010503755882,-0.04881851562284131,0.01381158941471751,0.06059394060593941,ok,153,0,0.00836954395252082,0.012198780121987801,10018,647,-0.06110683776776746,-0.06036750127529512,0.0007393364924723408,0.4817591204397801,ok,118,0,0.004436218625326012,0.07946026986506746,5523,375,-0.051591330978043,-0.03559265042773622,0.01599868055030678,0.13993003498250875,ok,79,0,0.004301800877892274,0.16041979010494753,14274,2360,-0.062189007958365274,-0.0592173839809983,-0.0029716239773669717,0.6871312868713129,ok,153,0,-0.0007123199287216789,0.6946305369463054,9039,1626,-0.06232158866764516,-0.054059799579191825,-0.008261789088453333,0.879560219890055,ok,118,0,0.0015940120337237865,0.15942028985507245,4988,910,-0.051614225542679776,-0.044872975709061305,-0.006741249833618471,0.7541229385307346,ok,79,0,-0.0014143883825449982,0.7521239380309845,13024,3610,-0.06225837461435447,-0.059996081666346075,0.002262292948008393,0.34736526347365265,ok,153,0,-0.007693024883948532,1.0,8505,2160,-0.06043307607202522,-0.06353831578242407,-0.0031052397103988466,0.6931534232883558,ok,118,0,-0.006550808808283487,1.0,4540,1358,-0.053167908132124894,-0.04190269659962114,0.011265211532503754,0.09495252373813093,ok,79,0,-0.005758733441308124,1.0,5486,11148,-0.06498596543868133,-0.06018352344781631,0.0048024419908650265,0.1780821917808219,ok,153,0,-0.0026331704968014513,0.9308069193080692,3450,7215,-0.05549847028334511,-0.06372229405475673,-0.008223823771411613,0.9225387306346826,ok,118,0,-0.001433308801111234,0.7546226886556722,1940,3958,-0.042642934189000156,-0.05446156457187271,-0.011818630382872557,0.9475262368815592,ok,79,0,0.002003895635624149,0.22588705647176413,0.06059394060593941,18.0,1.0,False,False,same sign,False,False,True,0.6871312868713129,265.0,1.0,False,False,same sign,False,False,False,0.34736526347365265,106.0,1.0,False,False,same sign,False,False,False,0.1780821917808219,48.0,1.0,False,False,opposite sign,False,False,False
N19_FIB_CHOP,15m,5957,5652,5652,0,305,-0.051268970506807766,0.06953290870488323,0.15569709837225762,0.2305378627034678,0.636765746638358,0.2526539278131635,0.8540339702760085,0.6362349610757254,0.4037508846426044,7.887625862438173,3.762432451797299,3653,3525,3525,0,128,-0.03515875127769112,0.06326241134751773,0.15829787234042553,0.2275177304964539,0.6618439716312057,0.22950354609929077,0.8607092198581561,0.6660992907801419,0.44,8.045007128270361,3.7228012261306493,2199,1727,1727,0,472,-0.045412830960967356,0.07353792704111176,0.1673422119281992,0.23335263462651998,0.631731325998842,0.2727272727272727,0.8697162709901564,0.6786334684423856,0.43427909669947884,7.72716464828335,3.6242559579273297,True,,5259,393,-0.053040107174057625,-0.027568187471014013,0.025471919703043612,0.0801919808019198,ok,153,0,-0.003675485143668736,0.797020297970203,3302,223,-0.033902475910989605,-0.0537606403397917,-0.019858164428802096,0.8580709645177411,ok,118,0,0.005481012561843315,0.10844577711144428,1600,127,-0.04808531291522288,-0.011743766970346453,0.03634154594487643,0.08095952023988005,ok,78,0,-0.0022732292771020166,0.6786606696651675,4772,880,-0.05348295561346335,-0.039263133087534555,-0.014219822525928794,0.8949105089491051,ok,153,0,-0.0012550968457476636,0.7264273572642735,2967,558,-0.033170359431023186,-0.04573143695701689,0.012561077525993704,0.19390304847576212,ok,118,0,0.000821909740268599,0.33983008495752126,1438,289,-0.043101873957840084,-0.05691164123950383,0.013809767281663748,0.25237381309345325,ok,78,0,-0.003685220480004109,0.9070464767616192,4349,1303,-0.04833184616639327,-0.06107215834753126,-0.01274031218113799,0.917008299170083,ok,153,0,-0.005717367485754431,0.9991000899910009,2723,802,-0.03582273729580996,-0.03290434488450211,0.0029183924113078477,0.4017991004497751,ok,118,0,-0.002554758040639607,0.9035482258870565,1324,403,-0.049766515725478425,-0.031109410047288295,0.01865710567819013,0.13943028485757122,ok,78,0,-0.009875791482492936,1.0,2053,3599,-0.055561800853763624,-0.04882018453784407,0.006741616315919553,0.21897810218978103,ok,153,0,-0.0011924111678235164,0.690930906909309,1192,2333,-0.03437665387777629,-0.03555834840615168,-0.001181694528375389,0.5562218890554723,ok,118,0,0.0034591709205078966,0.08995502248875563,636,1091,-0.04113133729493935,-0.04790873377636041,-0.006777396481421061,0.664167916041979,ok,78,0,-0.0016105893487045678,0.670664667666167,0.0801919808019198,22.0,1.0,False,False,same sign,False,False,False,0.8949105089491051,399.0,1.0,False,False,opposite sign,False,False,False,0.917008299170083,425.0,1.0,False,False,opposite sign,False,False,False,0.21897810218978103,58.0,1.0,False,False,opposite sign,False,False,False
N19_FIB_CHOP,30m,2792,2429,2429,0,363,-0.04577903393645228,0.07986825854261012,0.1720872787155208,0.23589954713874023,0.6010703993412927,0.2622478386167147,0.8213256484149856,0.6792918896665294,0.3738163853437629,7.800908611111129,4.01244800080192,1728,1599,1599,0,129,-0.029352332039628917,0.06378986866791744,0.1813633520950594,0.21575984990619138,0.6397748592870544,0.24390243902439024,0.8492808005003127,0.699812382739212,0.4815509693558474,7.914743028386032,3.8123777940550023,951,575,575,0,376,-0.038449926301877144,0.08695652173913043,0.16,0.19304347826086957,0.648695652173913,0.2782608695652174,0.8782608695652174,0.6939130434782609,0.4052173913043478,7.741579021924674,3.727040228718182,True,,2235,194,-0.0480801263086463,-0.019269026452670684,0.028811099855975613,0.12458754124587541,ok,153,0,-0.003570345589543271,0.7687231276872313,1497,102,-0.02765921492477886,-0.054201315578163635,-0.026542100653384776,0.8250874562718641,ok,118,0,0.0008522018568336842,0.43728135932033985,525,50,-0.04127270298384683,-0.00881077114119537,0.03246193184265146,0.19790104947526238,ok,76,0,-0.0026254732972140343,0.6736631684157921,2011,418,-0.04484475062869247,-0.05027387540033981,0.005429124771647344,0.37336266373362664,ok,153,0,-0.002831084022318693,0.8818118188181182,1309,290,-0.02739998944800864,-0.038164802565252884,0.010764813117244244,0.2978510744627686,ok,118,0,0.0003744942066420953,0.4482758620689655,483,92,-0.03306856508844139,-0.06670207267241487,0.03363350758397349,0.20689655172413793,ok,76,0,-0.0036108595968234493,0.8085957021489255,1856,573,-0.04058023843417965,-0.06261841343421497,-0.02203817500003532,0.9336066393360664,ok,153,0,-0.009310909942225075,1.0,1254,345,-0.02383795473962854,-0.049395894747456384,-0.025557940007827844,0.9170414792603698,ok,118,0,-0.0052274191520622695,0.984007996001999,464,111,-0.030610204438084904,-0.07122137625502664,-0.04061117181694174,0.8580709645177411,ok,76,0,-0.013903275165194521,1.0,969,1460,-0.04469704217214679,-0.04649715038824133,-0.0018001082160945397,0.5508449155084492,ok,153,0,-0.0003041847950933374,0.5295470452954705,576,1023,-0.02242422695764552,-0.033253200590188485,-0.010828973632542965,0.7076461769115442,ok,118,0,-0.0036076435737334572,0.8490754622688655,202,373,-0.05814102814581088,-0.02778611243465297,0.03035491571115791,0.18590704647676162,ok,76,0,0.007091831958621751,0.05847076461769116,0.12458754124587541,35.0,1.0,False,False,same sign,False,False,False,0.37336266373362664,119.0,1.0,False,False,same sign,False,False,False,0.9336066393360664,449.0,1.0,False,False,same sign,False,False,False,0.5508449155084492,180.0,1.0,False,False,opposite sign,False,False,False
N19_FIB_CHOP,1h,1363,982,982,0,381,-0.048941790002956516,0.109979633401222,0.19042769857433808,0.2494908350305499,0.6109979633401222,0.2892057026476578,0.8645621181262729,0.7077393075356415,0.3625254582484725,7.579427080649827,3.7665464821140286,845,666,665,1,179,-0.023807365234673115,0.07969924812030076,0.17894736842105263,0.19849624060150375,0.6646616541353384,0.24661654135338346,0.8842105263157894,0.7353383458646616,0.49022556390977445,7.870456041627612,3.598962944885634,526,214,214,0,312,-0.039453466391201175,0.10747663551401869,0.14953271028037382,0.26635514018691586,0.6355140186915887,0.3037383177570093,0.9112149532710281,0.7009345794392523,0.38317757009345793,7.486535475755307,3.2319648130039695,True,,874,108,-0.05245243350524313,-0.020531582401118572,0.031920851104124556,0.1471852814718528,ok,143,0,-2.2872152655596667e-05,0.49235076492350766,612,53,-0.028587966958560137,0.031395054671343,0.05998302162990314,0.13543228385807096,ok,109,0,0.00019647779660535852,0.49225387306346824,191,23,-0.05678247093435597,0.10445261481499739,0.16123508574935336,,insufficient,51,0,0.01282193987355051,0.0864567716141929,795,187,-0.05112863108267634,-0.03964479182981607,-0.01148383925286027,0.6664333566643336,ok,143,0,-0.005425145065476061,0.942905709429057,546,119,-0.01979795762086366,-0.0422034707568577,0.02240551313599404,0.2708645677161419,ok,109,0,-0.002573702928874752,0.743128435782109,182,32,-0.04707182208562766,0.0038759316208495037,-0.05094775370647716,0.777111444277861,ok,51,0,-0.0072832704579966,0.8845577211394303,737,245,-0.0594735675646753,-0.017260483623418813,0.04221308394125649,0.054094590540945904,ok,143,0,-0.014270772502148057,0.9999000099990001,533,132,-0.019063830060387553,-0.04296118529447772,-0.023897355234090166,0.7621189405297352,ok,109,0,-0.0044232409809856,0.8775612193903048,157,57,-0.05502089030949831,0.00342522755919624,0.05844611786869455,0.14942528735632185,ok,51,0,-0.015653490876620692,0.9975012493753124,382,600,-0.053424533873918205,-0.0460877764051109,0.007336757468807305,0.3728627137286271,ok,143,0,0.0002853677641235508,0.46715328467153283,223,442,-0.03454689065087063,-0.018389007388944507,0.016157883261926125,0.2913543228385807,ok,109,0,0.00843320354393461,0.06696651674162919,78,136,-0.0339876234919788,-0.04258828805399047,-0.008600664562011667,0.5592203898050975,ok,51,0,0.004264030689985137,0.30184907546226886,0.1471852814718528,39.0,1.0,False,False,no data,False,False,False,0.6664333566643336,256.0,1.0,False,False,same sign,False,False,False,0.054094590540945904,16.0,1.0,False,False,same sign,False,False,False,0.3728627137286271,117.0,1.0,False,False,opposite sign,False,False,False
N19_FIB_CHOP,4h,317,56,56,0,261,-0.08429213766543953,0.14285714285714285,0.14285714285714285,0.125,0.6071428571428571,0.25,0.8035714285714286,0.7678571428571429,0.44642857142857145,8.056189204613505,4.6193622762406,200,41,41,0,159,-0.06740560726473946,0.0975609756097561,0.24390243902439024,0.17073170731707318,0.6341463414634146,0.2926829268292683,0.926829268292683,0.6829268292682927,0.43902439024390244,7.500772275930887,3.1241893537351735,138,2,2,0,136,-0.3037026921204897,0.0,0.0,0.0,1.0,0.0,1.0,0.5,0.5,10.0,2.1091838832836176,True,,48,8,-0.06585725604153984,-0.19490142740883765,-0.1290441713672978,,insufficient,23,0,0.04703444451306357,0.0072992700729927005,37,4,-0.0682422327099326,-0.059666821896703096,0.008575410813229503,,insufficient,23,0,0.014991111438641243,0.2683658170914543,2,0,-0.3037026921204897,,,,insufficient,2,0,0.05536243173724527,0.1889055472263868,48,8,-0.06729663574085272,-0.1862651492129604,0.11896851347210767,,insufficient,23,0,-0.024390134225092477,0.9807019298070193,31,10,-0.10392644006343284,0.04580897441120994,-0.14973541447464278,,insufficient,23,0,-0.0010329562174446888,0.519240379810095,2,0,-0.3037026921204897,,,,insufficient,2,0,-0.06230229427764466,0.984007996001999,49,7,-0.052753515788812655,-0.3050624908018276,-0.25230897501301497,,insufficient,23,0,-0.014563771371511817,0.8672132786721328,34,7,-0.031205511095949837,-0.24323464579886053,-0.21202913470291068,,insufficient,23,0,0.019767494907698503,0.06196901549225387,2,0,-0.3037026921204897,,,,insufficient,2,0,-0.031677646497275155,0.8195902048975512,22,34,-0.02018316717900388,-0.12577441268607434,-0.10559124550707046,,insufficient,23,0,0.007054819513451709,0.34236576342365765,15,26,-0.014123567138040461,-0.09814524579937348,-0.08402167866133302,,insufficient,23,0,0.009855254567121535,0.3493253373313343,0,2,,-0.3037026921204897,,,insufficient,2,0,0.003913320455397971,0.4497751124437781,1.0,593.0,1.0,False,False,no data,False,False,False,1.0,594.0,1.0,False,False,no data,False,False,False,1.0,595.0,1.0,False,False,no data,False,False,False,1.0,596.0,1.0,False,False,no data,False,False,False
N20_EMA9_CHOP,5m,85182,85022,85022,0,160,-0.05841589513555207,0.07606266613347133,0.5912352097104279,0.43890992919479666,0.19526710733692457,0.7309990355437416,0.6465973512737879,0.5272988167768342,0.0,3.610634958154426,4.654759286719919,64243,64212,64210,2,31,-0.05682497599065471,0.07232518299330322,0.5832424855941443,0.4391995016352593,0.19985983491667964,0.7241083943311011,0.6493225354306182,0.5251362716087837,0.0,3.674008679206084,4.634256705220941,37490,36868,36868,0,622,-0.05379701444713393,0.07594662037539329,0.6026364326787458,0.4511500488228274,0.18899858956276447,0.7403168059021373,0.64592600629272,0.5747802972767712,0.0,3.5159298447652874,4.62914293923289,True,,78555,6467,-0.05831820597177826,-0.05960253071004601,-0.001284324738267749,0.6801319868013199,ok,153,0,0.00836954395252082,0.012198780121987801,59566,4644,-0.056748260427264045,-0.05780896377035517,-0.001060703343091128,0.6371814092953523,ok,118,0,0.004436218625326012,0.07946026986506746,34068,2800,-0.05429794540353444,-0.0477021159390437,0.006595829464490742,0.10294852573713144,ok,79,0,0.004301800877892274,0.16041979010494753,34754,50268,-0.06265992496376892,-0.055481682263549055,-0.007178242700219863,1.0,ok,153,0,-0.0007123199287216789,0.6946305369463054,26760,37450,-0.05945574154643124,-0.05494515526241493,-0.0045105862840163075,0.9765117441279361,ok,118,0,0.0015940120337237865,0.15942028985507245,14650,22218,-0.0549088481525227,-0.05306389878488056,-0.0018449493676421375,0.6781609195402298,ok,79,0,-0.0014143883825449982,0.7521239380309845,47705,37317,-0.05876790695566045,-0.057965893155803715,0.0008020137998567337,0.34696530346965304,ok,153,0,-0.007693024883948532,1.0,36009,28201,-0.05605043114782578,-0.05781396876557145,-0.0017635376177456696,0.7821089455272364,ok,118,0,-0.006550808808283487,1.0,20235,16633,-0.049484430674593245,-0.05904352034729389,-0.009559089672700645,1.0,ok,79,0,-0.005758733441308124,1.0,68420,16602,-0.05725709389059739,-0.06319153549091892,-0.005934441600321534,0.993000699930007,ok,153,0,-0.0026331704968014513,0.9308069193080692,51377,12833,-0.05590973230153985,-0.06048916012652745,-0.004579427824987596,0.9510244877561219,ok,118,0,-0.001433308801111234,0.7546226886556722,29900,6968,-0.053481928329372284,-0.05514906308678279,-0.001667134757410503,0.6606696651674163,ok,79,0,0.002003895635624149,0.22588705647176413,0.6801319868013199,260.0,1.0,False,False,opposite sign,False,False,False,1.0,597.0,1.0,False,False,same sign,False,False,False,0.34696530346965304,105.0,1.0,False,False,opposite sign,False,False,False,0.993000699930007,527.0,1.0,False,False,same sign,False,False,False
N20_EMA9_CHOP,15m,26647,26247,26247,0,400,-0.05134501453923003,0.0746371013830152,0.6017449613289138,0.46854878652798415,0.18924067512477616,0.7362365222692118,0.6548557930430144,0.6197279689107327,0.0,3.5507385416589163,4.525602388978626,20110,20048,20040,8,62,-0.051675729546782345,0.07460079840319361,0.5969061876247505,0.4600798403193613,0.19111776447105788,0.7268962075848303,0.6461077844311377,0.6140718562874251,0.0,3.6190159446138757,4.604120403796319,11985,11095,11095,0,890,-0.04271691262101405,0.0757999098693105,0.6123479044614691,0.4746282109058134,0.18314556106354213,0.7495268138801262,0.657593510590356,0.6581342947273546,0.0,3.4208276352748888,4.494849251152726,True,,24288,1959,-0.051846884472601974,-0.045122749637883555,0.006724134834718419,0.11958804119588042,ok,153,0,-0.003675485143668736,0.797020297970203,18545,1495,-0.0522222099235422,-0.04489681410396537,0.0073253958195768284,0.16941529235382308,ok,118,0,0.005481012561843315,0.10844577711144428,10254,841,-0.04238751699998061,-0.04673311083513643,-0.004345593835155814,0.6686656671664168,ok,79,0,-0.0022732292771020166,0.6786606696651675,10453,15794,-0.0497575276625283,-0.05239566670601257,0.0026381390434842694,0.24647535246475352,ok,153,0,-0.0012550968457476636,0.7264273572642735,8078,11962,-0.051174891916145486,-0.05201394776951137,0.0008390558533658832,0.45027486256871563,ok,118,0,0.000821909740268599,0.33983008495752126,4301,6794,-0.044241264966457895,-0.04175190828810944,-0.002489356678348452,0.655672163918041,ok,79,0,-0.003685220480004109,0.9070464767616192,13949,12298,-0.04854574925726226,-0.054520079705774875,-0.005974330448512616,0.929007099290071,ok,153,0,-0.005717367485754431,0.9991000899910009,10820,9220,-0.05108866959779239,-0.052364665408829135,-0.0012759958110367467,0.6116941529235382,ok,118,0,-0.002554758040639607,0.9035482258870565,5829,5266,-0.03908726990015545,-0.04673460867492306,-0.007647338774767608,0.9045477261369316,ok,79,0,-0.009875791482492936,1.0,21280,4967,-0.05180312743701238,-0.04938233234377842,0.0024207950932339586,0.29457054294570545,ok,153,0,-0.0011924111678235164,0.690930906909309,16210,3830,-0.05149816748111403,-0.05242723896831852,-0.0009290714872044886,0.5957021489255372,ok,118,0,0.0034591709205078966,0.08995502248875563,9063,2032,-0.041835922650685115,-0.04664624928493688,-0.004810326634251766,0.7271364317841079,ok,79,0,-0.0016105893487045678,0.670664667666167,0.11958804119588042,34.0,1.0,False,False,opposite sign,False,False,False,0.24647535246475352,69.0,1.0,False,False,opposite sign,False,False,False,0.929007099290071,440.0,1.0,False,False,same sign,False,False,False,0.29457054294570545,87.0,1.0,False,False,opposite sign,False,False,False
N20_EMA9_CHOP,30m,12503,11808,11808,0,695,-0.04715245018898592,0.07918360433604336,0.6145833333333334,0.48204607046070463,0.18834688346883469,0.7406842818428184,0.6675982384823849,0.6614159891598916,0.0,3.4859328569942507,4.405741283272769,9297,9104,9101,3,193,-0.046108915380695475,0.07999120975716954,0.5780683441380068,0.45950994396220196,0.1941544885177453,0.7228875947698055,0.6458630919679156,0.6565212613998461,0.0,3.6893517810106227,4.604303848326823,5699,4599,4599,0,1100,-0.04260940153223282,0.07262448358338769,0.6486192650576212,0.49706457925636005,0.17090671885192432,0.7682104805392477,0.6792781039356381,0.6868884540117417,0.0,3.220556531554366,4.284616985350407,True,,10873,935,-0.04783508479521079,-0.03921417631360301,0.008620908481607785,0.19238076192380762,ok,153,0,-0.003570345589543271,0.7687231276872313,8373,728,-0.04627734576218617,-0.04417173463313839,0.0021056111290477797,0.4172913543228386,ok,118,0,0.0008522018568336842,0.43728135932033985,4265,334,-0.04368720130872842,-0.028846479236562715,0.014840722072165705,0.16041979010494753,ok,79,0,-0.0026254732972140343,0.6736631684157921,4551,7257,-0.05260971267804355,-0.04373009913652605,-0.008879613541517499,0.9285071492850715,ok,153,0,-0.002831084022318693,0.8818118188181182,3840,5261,-0.0509300370160189,-0.04258998227298935,-0.008340054743029547,0.8610694652673663,ok,118,0,0.0003744942066420953,0.4482758620689655,1616,2983,-0.042871246335062965,-0.04246755064340494,-0.00040369569165802505,0.512743628185907,ok,79,0,-0.0036108595968234493,0.8085957021489255,6116,5692,-0.03935114607370303,-0.055534877449890725,-0.016183731376187692,0.9983001699830018,ok,153,0,-0.009310909942225075,1.0,4919,4182,-0.04476850072967643,-0.04768555327365641,-0.0029170525439799755,0.6551724137931034,ok,118,0,-0.0052274191520622695,0.984007996001999,2313,2286,-0.036011438614156635,-0.049285293146191775,-0.01327385453203514,0.9410294852573713,ok,79,0,-0.013903275165194521,1.0,9584,2224,-0.04400666818451735,-0.06070873379097637,-0.016702065606459017,0.9907009299070093,ok,153,0,-0.0003041847950933374,0.5295470452954705,7334,1767,-0.04333724948027085,-0.0576128190104149,-0.014275569530144049,0.9600199900049975,ok,118,0,-0.0036076435737334572,0.8490754622688655,3813,786,-0.04526238003480328,-0.029739418033121842,0.015522962001681441,0.04397801099450275,ok,79,0,0.007091831958621751,0.05847076461769116,0.19238076192380762,52.0,1.0,False,False,same sign,False,False,False,0.9285071492850715,439.0,1.0,False,False,same sign,False,False,False,0.9983001699830018,551.0,1.0,False,False,same sign,False,False,False,0.9907009299070093,521.0,1.0,False,False,opposite sign,False,False,False
N20_EMA9_CHOP,1h,5946,4891,4891,0,1055,-0.038231865657999145,0.08014720915968104,0.5998773257002658,0.49826211408709875,0.18564710693109793,0.7409527703946023,0.6775710488652628,0.7123287671232876,0.0,3.508621201808308,4.285088454668907,4455,3963,3958,5,492,-0.03490723975287124,0.0828701364325417,0.5929762506316322,0.46563921172309247,0.18266801414855988,0.7427993936331481,0.6515917129863568,0.7031328954017181,0.0,3.50997409002782,4.56386184796986,2575,1546,1546,0,1029,-0.05829400289534184,0.08990944372574386,0.6235446313065977,0.5071151358344114,0.18369987063389392,0.7561448900388098,0.6778783958602846,0.6934023285899095,0.0,3.364966810197897,4.240230022054763,True,,4499,392,-0.038092908036341244,-0.03982668795350657,-0.0017337799171653276,0.5460453954604539,ok,153,0,-2.2872152655596667e-05,0.49235076492350766,3630,328,-0.035408090215698566,-0.02936429103316641,0.006043799182532155,0.38130934532733635,ok,118,0,0.00019647779660535852,0.49225387306346824,1407,139,-0.05972695132727664,-0.04378926589007382,0.015937685437202816,0.28535732133933034,ok,72,0,0.01282193987355051,0.0864567716141929,1957,2934,-0.052799674953122634,-0.02851502762440792,-0.024284647328714715,0.9972002799720028,ok,153,0,-0.005425145065476061,0.942905709429057,1611,2347,-0.01731980054156321,-0.04697940190430593,0.029659601362742722,0.0014992503748125937,ok,118,0,-0.002573702928874752,0.743128435782109,582,964,-0.05814390347687546,-0.05838462308366906,0.00024071960679360183,0.5182408795602199,ok,72,0,-0.0072832704579966,0.8845577211394303,2454,2437,-0.03195556273808547,-0.04455195074846618,-0.01259638801038071,0.9007099290070993,ok,153,0,-0.014270772502148057,0.9999000099990001,2115,1843,-0.02621875055343435,-0.044878023614406244,-0.018659273060971895,0.9615192403798101,ok,118,0,-0.0044232409809856,0.8775612193903048,762,784,-0.05606603908385601,-0.06045944731415843,-0.0043934082303024174,0.591704147926037,ok,72,0,-0.015653490876620692,0.9975012493753124,3983,908,-0.03926859080580757,-0.03368420457460603,0.005584386231201541,0.30546945305469453,ok,153,0,0.0002853677641235508,0.46715328467153283,3235,723,-0.03749975107465689,-0.02330727553990227,0.014192475534754619,0.1469265367316342,ok,118,0,0.00843320354393461,0.06696651674162919,1262,284,-0.056518233397996116,-0.06618492228143447,-0.00966668888343835,0.6621689155422289,ok,72,0,0.004264030689985137,0.30184907546226886,0.5460453954604539,178.0,1.0,False,False,opposite sign,False,False,False,0.9972002799720028,546.0,1.0,False,False,opposite sign,False,False,False,0.9007099290070993,406.0,1.0,False,False,same sign,False,False,False,0.30546945305469453,90.0,1.0,False,False,opposite sign,False,False,False
N20_EMA9_CHOP,4h,1295,308,308,0,987,-0.0016608637140354185,0.09415584415584416,0.5844155844155844,0.4448051948051948,0.17532467532467533,0.7077922077922078,0.564935064935065,0.788961038961039,0.0,3.7678765660388045,5.15651149235137,1131,317,316,1,814,-0.0637445053132935,0.06962025316455696,0.6424050632911392,0.3291139240506329,0.14556962025316456,0.7784810126582279,0.6265822784810127,0.6835443037974683,0.0,3.1622823727066605,4.981496883199292,589,70,70,0,519,-0.022388515036158893,0.05714285714285714,0.6428571428571429,0.5,0.2,0.7428571428571429,0.6,0.6857142857142857,0.0,3.3297834175787386,4.7702817478865045,True,,279,29,-0.012486409943405724,0.10248835690645827,0.11497476684986399,,insufficient,66,0,0.04703444451306357,0.0072992700729927005,294,22,-0.06997899512180775,0.019570949400487966,0.08954994452229571,,insufficient,75,0,0.014991111438641243,0.2683658170914543,66,4,-0.01810451990164626,-0.09307443475561748,-0.07496991485397123,,insufficient,19,0,0.05536243173724527,0.1889055472263868,128,180,0.024841072351713855,-0.020506684916346007,0.04534775726805986,0.1668833116688331,ok,66,0,-0.024390134225092477,0.9807019298070193,113,203,-0.041681392711982825,-0.07602594237707729,0.03434454966509446,0.26786606696651677,ok,75,0,-0.0010329562174446888,0.519240379810095,25,45,-0.0021662373073403763,-0.03362311377439142,0.031456876467051045,,insufficient,19,0,-0.06230229427764466,0.984007996001999,171,137,0.003995683440413455,-0.008721225490756265,-0.01271690893116972,0.6451354864513549,ok,66,0,-0.014563771371511817,0.8672132786721328,212,104,-0.06027183089899308,-0.07082341854244434,-0.010551587643451259,0.5887056471764118,ok,75,0,0.019767494907698503,0.06196901549225387,35,35,0.01696665401935943,-0.06174368409167722,-0.07871033811103664,0.8305847076461769,ok,19,0,-0.031677646497275155,0.8195902048975512,254,54,-0.01035172546628945,0.039218374898418756,0.04957010036470821,0.16278372162783722,ok,66,0,0.007054819513451709,0.34236576342365765,270,46,-0.08398122029865143,0.0550362130790248,0.13901743337767625,0.0069965017491254375,ok,75,0,0.009855254567121535,0.3493253373313343,56,14,-0.032665704103663505,0.018720241233859534,0.05138594533752304,,insufficient,19,0,0.003913320455397971,0.4497751124437781,1.0,598.0,1.0,False,False,no data,False,False,True,0.1668833116688331,44.0,1.0,False,False,no data,False,False,False,0.6451354864513549,243.0,1.0,False,False,same sign,False,False,False,0.16278372162783722,43.0,1.0,False,False,no data,False,False,False
V39_ALL,5m,57777,57521,57521,0,256,-0.05915400236859018,0.03784704716538308,0.44823629630917405,0.2572799499313294,0.14933676396446516,0.6918690565184888,0.44974878739938456,0.5479563985327098,0.4708193529319727,4.215700828275922,6.544735574093916,42120,42045,42044,1,75,-0.05815091879856004,0.036699647987822284,0.4579963847397964,0.2569926743411664,0.1600466178289411,0.6801683950147465,0.45947103034915804,0.5387213395490439,0.48575302064503856,4.268238952143906,6.525224632180671,25688,24969,24969,0,719,-0.05306580281418592,0.03832752613240418,0.4711041691697705,0.2630061275982218,0.14706235732308062,0.7068364772317673,0.4521606792422604,0.5914534022187512,0.48628299090872684,4.058384064068626,6.5231473214796525,True,,55344,2177,-0.05905025113753993,-0.06179158074766467,-0.002741329610124743,0.7045295470452955,ok,153,0,0.00836954395252082,0.012198780121987801,40501,1543,-0.057768434094053744,-0.06819046061139777,-0.01042202651734403,0.9725137431284357,ok,118,0,0.004436218625326012,0.07946026986506746,24012,957,-0.05301491644008197,-0.05434258820079412,-0.0013276717607121485,0.5707146426786607,ok,79,0,0.004301800877892274,0.16041979010494753,31738,25783,-0.060956612235024306,-0.056935050658514307,-0.004021561576509999,0.954904509549045,ok,153,0,-0.0007123199287216789,0.6946305369463054,22788,19256,-0.0598294098904071,-0.056164553250107045,-0.003664856640300057,0.9205397301349325,ok,118,0,0.0015940120337237865,0.15942028985507245,13206,11763,-0.05393037160115953,-0.05209517496408193,-0.0018351966370775963,0.6876561719140429,ok,79,0,-0.0014143883825449982,0.7521239380309845,42722,14799,-0.05739507461718399,-0.06423170433464027,-0.006836629717456286,0.9976002399760024,ok,153,0,-0.007693024883948532,1.0,31239,10805,-0.05668570786090475,-0.06238708024987087,-0.005701372388966119,0.9855072463768116,ok,118,0,-0.006550808808283487,1.0,18402,6567,-0.05140429088265424,-0.0577216795560842,-0.006317388673429958,0.9415292353823088,ok,79,0,-0.005758733441308124,1.0,48931,8590,-0.057982354519882845,-0.06582803041109293,-0.007845675891210088,0.9935006499350065,ok,153,0,-0.0026331704968014513,0.9308069193080692,35315,6729,-0.05765389028609934,-0.060759413659245066,-0.0031055233731457285,0.808095952023988,ok,118,0,-0.001433308801111234,0.7546226886556722,21297,3672,-0.05305516059471705,-0.0531275259481806,-7.236535346354794e-05,0.5102448775612194,ok,79,0,0.002003895635624149,0.22588705647176413,0.7045295470452955,275.0,1.0,False,False,same sign,False,False,False,0.954904509549045,474.0,1.0,False,False,same sign,False,False,False,0.9976002399760024,548.0,1.0,False,False,same sign,False,False,False,0.9935006499350065,531.0,1.0,False,False,same sign,False,False,False
V39_ALL,15m,21069,20533,20533,0,536,-0.044291228274118556,0.040958457117810355,0.45799444796181754,0.2656211951492719,0.1449861199045439,0.6991671942726343,0.44908196561632496,0.6498319777918473,0.45926070228412796,4.147694301428148,6.565512647243447,15320,15156,15150,6,164,-0.048132947029906906,0.0401980198019802,0.4747854785478548,0.2598019801980198,0.15953795379537955,0.6818481848184819,0.45927392739273926,0.6325412541254125,0.46574257425742577,4.221013987683217,6.561098553879889,8948,8015,8015,0,933,-0.041881835566806705,0.038053649407361195,0.4652526512788521,0.26699937616968183,0.14260761072988148,0.7050530255770431,0.44915782907049284,0.6598877105427324,0.49868995633187774,4.094990446232677,6.555304672348978,True,,19692,841,-0.04405952348141479,-0.04971659186261142,-0.005657068381196624,0.7354264573542646,ok,153,0,-0.003675485143668736,0.797020297970203,14541,609,-0.04857202179186439,-0.03764922598947384,0.010922795802390556,0.12843578210894552,ok,118,0,0.005481012561843315,0.10844577711144428,7710,305,-0.04094651012900589,-0.06552563597809949,-0.0245791258490936,0.9425287356321839,ok,79,0,-0.0022732292771020166,0.6786606696651675,11129,9404,-0.04609171540500127,-0.04216047314017622,-0.003931242264825045,0.7948205179482052,ok,153,0,-0.0012550968457476636,0.7264273572642735,7957,7193,-0.051447239562249794,-0.04446662898738608,-0.006980610574863717,0.8875562218890555,ok,118,0,0.000821909740268599,0.33983008495752126,4286,3729,-0.047908195450054605,-0.03495531948753599,-0.012952875962518616,0.9715142428785607,ok,79,0,-0.003685220480004109,0.9070464767616192,15079,5454,-0.0431021714027953,-0.047578684922942066,-0.004476513520146767,0.8233176682331766,ok,153,0,-0.005717367485754431,0.9991000899910009,11214,3936,-0.04723300369868125,-0.05069696240499955,-0.0034639587063183055,0.7351324337831084,ok,118,0,-0.002554758040639607,0.9035482258870565,5875,2140,-0.03770712557002968,-0.05334278006730436,-0.015635654497274686,0.9850074962518741,ok,79,0,-0.009875791482492936,1.0,17556,2977,-0.04409386866572436,-0.0454550997168356,-0.0013612310511112377,0.5780421957804219,ok,153,0,-0.0011924111678235164,0.690930906909309,12733,2417,-0.047313340532046305,-0.052450716801218086,-0.005137376269171781,0.7936031984007996,ok,118,0,0.0034591709205078966,0.08995502248875563,6872,1143,-0.039328097285002965,-0.05723554464165813,-0.017907447356655164,0.9720139930034982,ok,79,0,-0.0016105893487045678,0.670664667666167,0.7354264573542646,296.0,1.0,False,False,same sign,False,False,False,0.7948205179482052,332.0,1.0,False,False,same sign,False,False,False,0.8233176682331766,350.0,1.0,False,False,same sign,False,False,False,0.5780421957804219,200.0,1.0,False,False,same sign,False,False,False
V39_ALL,30m,10546,9721,9721,0,825,-0.039943944141093674,0.03878201831087337,0.470424853410143,0.2805266947844872,0.14206357370640882,0.7037341837259541,0.4589034049994857,0.6875835819360148,0.4589034049994857,4.113196741203557,6.476688686610118,7577,7262,7261,1,315,-0.03180107648826051,0.043382454207409445,0.4701831703622091,0.25643850709268695,0.15300922737914888,0.679107560942019,0.4511775237570583,0.6881972180140477,0.45888996006059773,4.254431486012933,6.624252504366186,4489,3438,3438,0,1051,-0.03480715772130182,0.038976148923792905,0.4848749272833042,0.27835951134380454,0.13408958696916812,0.7230948225712623,0.4522978475858057,0.6916812100058173,0.49941826643397325,3.925968569535728,6.478129118210279,True,,9344,377,-0.038632777872833125,-0.07244139138413475,-0.03380861351130162,0.9932006799320068,ok,153,0,-0.003570345589543271,0.7687231276872313,6946,315,-0.031745997584447655,-0.03301561003074966,-0.0012696124463020056,0.5387306346826587,ok,118,0,0.0008522018568336842,0.43728135932033985,3304,134,-0.03500760981509671,-0.02986466728922492,0.005142942525871788,0.42478760619690153,ok,79,0,-0.0026254732972140343,0.6736631684157921,5148,4573,-0.0484067661670248,-0.030417023566089635,-0.017989742600935166,0.9944005599440056,ok,153,0,-0.002831084022318693,0.8818118188181182,3847,3414,-0.03344113299345419,-0.0299530104731814,-0.0034881225202727933,0.688655672163918,ok,118,0,0.0003744942066420953,0.4482758620689655,1771,1667,-0.03878280603374547,-0.030583478560331386,-0.008199327473414082,0.7626186906546727,ok,79,0,-0.0036108595968234493,0.8085957021489255,6994,2727,-0.034668003675562366,-0.0534752707329257,-0.018807267057363332,0.9991000899910009,ok,153,0,-0.009310909942225075,1.0,5399,1862,-0.03406725911753978,-0.025230120518615617,0.008837138598924162,0.11544227886056972,ok,118,0,-0.0052274191520622695,0.984007996001999,2481,957,-0.03319668688827699,-0.03898226549218436,-0.005785578603907368,0.7096451774112944,ok,79,0,-0.013903275165194521,1.0,8340,1381,-0.03796259432569078,-0.05190951797198436,-0.013946923646293581,0.924007599240076,ok,153,0,-0.0003041847950933374,0.5295470452954705,6150,1111,-0.03327672034621605,-0.023632570883916182,0.00964414946229987,0.1679160419790105,ok,118,0,-0.0036076435737334572,0.8490754622688655,2977,461,-0.03665280382590673,-0.02288852767052344,0.013764276155383288,0.1839080459770115,ok,79,0,0.007091831958621751,0.05847076461769116,0.9932006799320068,528.0,1.0,False,False,opposite sign,False,False,False,0.9944005599440056,536.0,1.0,False,False,same sign,False,False,False,0.9991000899910009,555.0,1.0,False,False,same sign,False,False,False,0.924007599240076,432.0,1.0,False,False,opposite sign,False,False,False
V39_ALL,1h,5064,3837,3837,0,1227,-0.04675664489036762,0.040917383372426376,0.48605681522022415,0.29502215272348187,0.13213448006254885,0.7242637477195726,0.4631222309095648,0.6932499348449309,0.4412301277039354,3.9173410812613,6.3453449992144035,3684,3146,3144,2,538,-0.034587334000344735,0.03276081424936387,0.4688295165394402,0.2697201017811705,0.14599236641221375,0.7045165394402035,0.4576972010178117,0.7166030534351145,0.477735368956743,4.078713495194373,6.48219182320024,2271,1175,1175,0,1096,-0.028079341573321846,0.03914893617021276,0.5029787234042553,0.31148936170212765,0.13191489361702127,0.7319148936170212,0.4595744680851064,0.7412765957446809,0.4748936170212766,3.817573275242308,6.297842909979617,True,,3680,157,-0.04620477272984419,-0.059692247124292504,-0.013487474394448314,0.7247275272472753,ok,152,0,-2.2872152655596667e-05,0.49235076492350766,3041,103,-0.036803373001810774,0.030839603897307905,0.06764297689911868,0.01649175412293853,ok,118,0,0.00019647779660535852,0.49225387306346824,1129,46,-0.02829544694648123,-0.0227753640451271,0.005520082901354129,0.43478260869565216,ok,71,0,0.01282193987355051,0.0864567716141929,1972,1865,-0.054320385505480594,-0.038758952400821875,-0.015561433104658719,0.9332066793320668,ok,152,0,-0.005425145065476061,0.942905709429057,1670,1474,-0.0429104728431599,-0.02515745485007246,-0.01775301799308744,0.9130434782608695,ok,118,0,-0.002573702928874752,0.743128435782109,584,591,-0.05334829876112328,-0.003109678294682176,-0.0502386204664411,0.9970014992503748,ok,71,0,-0.0072832704579966,0.8845577211394303,2705,1132,-0.04192662303252509,-0.058298349064805806,-0.016371726032280716,0.9338066193380662,ok,152,0,-0.014270772502148057,0.9999000099990001,2296,848,-0.03053069378152817,-0.04557087874374431,-0.015040184962216142,0.8935532233883059,ok,118,0,-0.0044232409809856,0.8775612193903048,809,366,-0.02210423619620673,-0.041286610016180114,-0.019182373819973383,0.8290854572713643,ok,71,0,-0.015653490876620692,0.9975012493753124,3330,507,-0.04275303943471675,-0.07305251504286737,-0.030299475608150626,0.9597040295970403,ok,152,0,0.0002853677641235508,0.46715328467153283,2685,459,-0.03449957671259701,-0.035100685454816746,-0.0006011087422197331,0.4992503748125937,ok,118,0,0.00843320354393461,0.06696651674162919,1020,155,-0.026793161342464823,-0.03654323728605834,-0.00975007594359352,0.632183908045977,ok,71,0,0.004264030689985137,0.30184907546226886,0.7247275272472753,290.0,1.0,False,False,opposite sign,False,False,False,0.9332066793320668,448.0,1.0,False,False,same sign,False,False,False,0.9338066193380662,450.0,1.0,False,False,same sign,False,False,False,0.9597040295970403,478.0,1.0,False,False,same sign,False,False,False
V39_ALL,4h,1318,225,225,0,1093,-0.01238955389053531,0.035555555555555556,0.5822222222222222,0.3333333333333333,0.07555555555555556,0.8311111111111111,0.4444444444444444,0.7866666666666666,0.49333333333333335,2.9450049621983134,6.293445970422453,946,204,204,0,742,-0.0033729505217319246,0.024509803921568627,0.49019607843137253,0.27941176470588236,0.12745098039215685,0.7696078431372549,0.47549019607843135,0.7696078431372549,0.4950980392156863,3.5895766581699124,6.347505756369886,462,35,35,0,427,-0.006360421186898385,0.11428571428571428,0.5714285714285714,0.14285714285714285,0.05714285714285714,0.7714285714285715,0.2571428571428571,0.8285714285714286,0.4,3.4299061181379304,8.179127604816879,True,,217,8,-0.015123354567591526,0.06176478947461468,0.0768881440422062,,insufficient,75,0,0.04703444451306357,0.0072992700729927005,199,5,0.00093864354287005,-0.17497439429289036,-0.1759130378357604,,insufficient,73,0,0.014991111438641243,0.2683658170914543,31,4,0.020997038249816993,-0.21838073182144238,-0.23937777007125938,,insufficient,13,0,0.05536243173724527,0.1889055472263868,94,131,-0.06450605091041876,0.025007016490144425,-0.0895130674005632,0.9645035496450355,ok,75,0,-0.024390134225092477,0.9807019298070193,104,100,-0.032118279870243724,0.02652219200072034,-0.058640471870964064,0.8765617191404298,ok,73,0,-0.0010329562174446888,0.519240379810095,15,20,-0.034556398175666116,0.014786561554677436,-0.049342959730343555,,insufficient,13,0,-0.06230229427764466,0.984007996001999,150,75,-0.01642904787003667,-0.004310565931532597,0.012118481938504073,0.40415958404159585,ok,75,0,-0.014563771371511817,0.8672132786721328,147,57,-0.009221943186527639,0.011711293719057029,0.020933236905584667,0.3748125937031484,ok,73,0,0.019767494907698503,0.06196901549225387,30,5,-0.00013046520953244138,-0.04374015705109395,-0.04360969184156151,,insufficient,13,0,-0.031677646497275155,0.8195902048975512,208,17,-0.001460032802495301,-0.14611545896773068,-0.14465542616523538,,insufficient,75,0,0.007054819513451709,0.34236576342365765,178,26,-0.004297029541990527,0.0029534366169616114,0.0072504661589521385,,insufficient,73,0,0.009855254567121535,0.3493253373313343,33,2,-0.005608398968704013,-0.01876878778710521,-0.013160388818401196,,insufficient,13,0,0.003913320455397971,0.4497751124437781,1.0,599.0,1.0,False,False,no data,False,False,True,0.9645035496450355,488.0,1.0,False,False,no data,False,False,False,0.40415958404159585,128.0,1.0,False,False,no data,False,False,False,1.0,600.0,1.0,False,False,no data,False,False,False
OBV_S,5m,19930,19849,19849,0,81,-0.06026538665281834,0.15849664970527483,0.4575041563806741,0.49664970527482494,0.30732026802357804,0.5800796009874553,0.7454279812585017,0.5321678673988613,0.48072950778376744,4.916404435111561,3.8522803218910777,14381,14368,14368,0,13,-0.06110878010276707,0.15464922048997773,0.45650055679287305,0.48740256124721604,0.3041481069042316,0.5831709354120267,0.7328090200445434,0.5240116926503341,0.4691675946547884,4.903875102769889,3.946203419094482,8753,8554,8554,0,199,-0.05063788359760666,0.16179565115735328,0.46095393967734394,0.5144961421557166,0.30640635959784895,0.591068505962123,0.7542670095861586,0.5896656534954408,0.4646948795884966,4.844160395128049,3.7625648758976684,True,,16703,3146,-0.06022524641412411,-0.06047850248463958,-0.0002532560705154688,0.527947205279472,ok,153,0,0.00836954395252082,0.012198780121987801,12146,2222,-0.06189224083593866,-0.05682619051451235,0.005066050321426312,0.1294352823588206,ok,118,0,0.004436218625326012,0.07946026986506746,7170,1384,-0.05475091093763527,-0.029329786756562563,0.025421124181072705,0.0004997501249375312,ok,79,0,0.004301800877892274,0.16041979010494753,10768,9081,-0.060182848991236944,-0.06036325754147691,0.00018040855023996466,0.4767523247675233,ok,153,0,-0.0007123199287216789,0.6946305369463054,7809,6559,-0.06234293365036661,-0.05963942424772746,-0.002703509402639151,0.7651174412793603,ok,118,0,0.0015940120337237865,0.15942028985507245,4611,3943,-0.049497278888410406,-0.05197172288599214,0.0024744439975817323,0.3748125937031484,ok,79,0,-0.0014143883825449982,0.7521239380309845,9991,9858,-0.05922756626224554,-0.061317208880675184,-0.0020896426184296435,0.7067293270672933,ok,153,0,-0.007693024883948532,1.0,7365,7003,-0.05788491150537582,-0.06449929734106302,-0.0066143858356872,0.9515242378810594,ok,118,0,-0.006550808808283487,1.0,4153,4401,-0.046443880517540316,-0.0545955511257856,-0.008151670608245287,0.9320339830084957,ok,79,0,-0.005758733441308124,1.0,13749,6100,-0.060467450728652256,-0.05980994747599203,0.0006575032526602229,0.42145785421457854,ok,153,0,-0.0026331704968014513,0.9308069193080692,9998,4370,-0.06096624443869717,-0.061434883436719205,-0.00046863899802203346,0.5487256371814093,ok,118,0,-0.001433308801111234,0.7546226886556722,5933,2621,-0.0547959808535181,-0.04122544902327526,0.013570531830242837,0.043478260869565216,ok,79,0,0.002003895635624149,0.22588705647176413,0.527947205279472,172.0,1.0,False,False,opposite sign,False,False,False,0.4767523247675233,157.0,1.0,False,False,same sign,False,False,False,0.7067293270672933,276.0,1.0,False,False,same sign,False,False,False,0.42145785421457854,136.0,1.0,False,False,same sign,False,False,False
OBV_S,15m,7368,7218,7218,0,150,-0.04988886384360052,0.16195622055971184,0.4412579661956221,0.4914103629814353,0.31823219728456636,0.5641451925741202,0.7472984206151289,0.6320310335272928,0.47866444998614577,5.068022258144614,3.8438498401783945,5267,5215,5214,1,52,-0.04992585542256023,0.16033755274261605,0.44687380130418103,0.5030686612965094,0.3181818181818182,0.5627157652474108,0.7399309551208285,0.6229382431914078,0.45051783659378597,5.06403865514977,3.868174904424821,3196,2834,2834,0,362,-0.031754033508360695,0.1683133380381087,0.45942131263232183,0.5063514467184191,0.305575158786168,0.5871559633027523,0.7526464361326747,0.6746647847565279,0.4696541990119972,4.8712706142799975,3.7657901863461736,True,,6049,1169,-0.04969425765375498,-0.05089585515444369,-0.0012015975006887114,0.5602439756024398,ok,153,0,-0.003675485143668736,0.797020297970203,4378,836,-0.05176934013363553,-0.0402718170671922,0.011497523066443333,0.1374312843578211,ok,118,0,0.005481012561843315,0.10844577711144428,2357,477,-0.03192677212791251,-0.030900480203782842,0.0010262919241296707,0.4877561219390305,ok,79,0,-0.0022732292771020166,0.6786606696651675,4033,3185,-0.05457735433890369,-0.04395207195425744,-0.010625282384646252,0.9479052094790521,ok,153,0,-0.0012550968457476636,0.7264273572642735,2884,2330,-0.04693405817339785,-0.05362900703912002,0.006694948865722167,0.2098950524737631,ok,118,0,0.000821909740268599,0.33983008495752126,1532,1302,-0.031600204391472105,-0.031935036739599805,0.00033483234812770046,0.4892553723138431,ok,79,0,-0.003685220480004109,0.9070464767616192,3671,3547,-0.050390801018710206,-0.04936937938636126,0.0010214216323489456,0.43145685431456854,ok,153,0,-0.005717367485754431,0.9991000899910009,2591,2623,-0.047315532931002234,-0.0525043325768213,-0.005188799645819066,0.7451274362818591,ok,118,0,-0.002554758040639607,0.9035482258870565,1399,1435,-0.024843734948177335,-0.03849097266215618,-0.013647237713978848,0.8970514742628686,ok,79,0,-0.009875791482492936,1.0,4921,2297,-0.04906779564449441,-0.05164788718178127,-0.0025800915372868605,0.6321367863213678,ok,153,0,-0.0011924111678235164,0.690930906909309,3555,1659,-0.048329965272574195,-0.05334562002967312,-0.0050156547570989266,0.7456271864067966,ok,118,0,0.0034591709205078966,0.08995502248875563,1968,866,-0.029828168069426925,-0.0361305960762841,-0.006302428006857173,0.6691654172913544,ok,79,0,-0.0016105893487045678,0.670664667666167,0.5602439756024398,186.0,1.0,False,False,opposite sign,False,False,False,0.9479052094790521,466.0,1.0,False,False,opposite sign,False,False,False,0.43145685431456854,141.0,1.0,False,False,opposite sign,False,False,False,0.6321367863213678,236.0,1.0,False,False,same sign,False,False,False
OBV_S,30m,3756,3472,3472,0,284,-0.044340574688098364,0.16733870967741934,0.44642857142857145,0.511520737327189,0.3064516129032258,0.5751728110599078,0.7491359447004609,0.6745391705069125,0.4801267281105991,4.992529721485977,3.795840976723434,2614,2530,2530,0,84,-0.05386537623706907,0.15138339920948615,0.4260869565217391,0.5130434782608696,0.3264822134387352,0.5573122529644269,0.7462450592885376,0.6505928853754941,0.4482213438735178,5.168877165736877,3.8058454214779895,1758,1331,1331,0,427,-0.036842190312809275,0.15702479338842976,0.49586776859504134,0.5236664162283997,0.28625093914350114,0.6250939143501127,0.7693463561232157,0.6897069872276483,0.4800901577761082,4.512042444337171,3.6514460829353523,True,,2891,581,-0.0441802193098436,-0.04513848759435401,-0.0009582682845104065,0.5368463153684632,ok,153,0,-0.003570345589543271,0.7687231276872313,2147,383,-0.05805258169717949,-0.030392973827520577,0.02765960786965891,0.049475262368815595,ok,118,0,0.0008522018568336842,0.43728135932033985,1122,209,-0.03882607896540818,-0.026191840704120464,0.012634238261287713,0.28285857071464265,ok,78,0,-0.0026254732972140343,0.6736631684157921,1922,1550,-0.05147141324491804,-0.03549833487764195,-0.015973078367276086,0.944005599440056,ok,153,0,-0.002831084022318693,0.8818118188181182,1452,1078,-0.047755199872227726,-0.06209540970807987,0.014340209835852144,0.10644677661169415,ok,118,0,0.0003744942066420953,0.4482758620689655,671,660,-0.03563857350276669,-0.03806586740301923,0.002427293900252543,0.4522738630684658,ok,78,0,-0.0036108595968234493,0.8085957021489255,1696,1776,-0.04857600396792074,-0.0402959305109707,0.008280073456950046,0.1974802519748025,ok,153,0,-0.009310909942225075,1.0,1232,1298,-0.04728594613708451,-0.0601102590438341,-0.01282431290674959,0.855072463768116,ok,118,0,-0.0052274191520622695,0.984007996001999,634,697,-0.035608892796426594,-0.037964013304755656,-0.0023551205083290616,0.5612193903048476,ok,78,0,-0.013903275165194521,1.0,2408,1064,-0.039652827724897234,-0.05494968623639567,-0.015296858511498437,0.9111088891110889,ok,153,0,-0.0003041847950933374,0.5295470452954705,1704,826,-0.05364155972865017,-0.05432709939729402,-0.0006855396686438475,0.5402298850574713,ok,118,0,-0.0036076435737334572,0.8490754622688655,950,381,-0.037280255439017314,-0.03574990194037451,0.0015303534986428058,0.4642678660669665,ok,78,0,0.007091831958621751,0.05847076461769116,0.5368463153684632,174.0,1.0,False,False,opposite sign,False,False,False,0.944005599440056,461.0,1.0,False,False,opposite sign,False,False,False,0.1974802519748025,54.0,1.0,False,False,opposite sign,False,False,False,0.9111088891110889,417.0,1.0,False,False,opposite sign,False,False,False
OBV_S,1h,1924,1509,1509,0,415,-0.03609946738971423,0.15772034459907222,0.4506295559973492,0.5467196819085487,0.3286944996686547,0.5685884691848907,0.7813121272365805,0.7203445990722332,0.4711729622266402,5.009423829420312,3.4782895539571683,1427,1191,1191,0,236,-0.03770868387199162,0.16120906801007556,0.4399664147774979,0.4979009235936188,0.31821998320738876,0.563392107472712,0.7405541561712846,0.7044500419815282,0.45675902602854745,5.098898409065189,3.8733995919476985,798,456,456,0,342,-0.04517620099882168,0.20175438596491227,0.44956140350877194,0.5482456140350878,0.3157894736842105,0.5723684210526315,0.756578947368421,0.706140350877193,0.47149122807017546,4.994542391284936,3.6564494931915523,True,,1271,238,-0.035682790940023995,-0.03832465969037087,-0.0026418687503468735,0.5394460553944606,ok,150,0,-2.2872152655596667e-05,0.49235076492350766,999,192,-0.04149764056374946,-0.01799426858518902,0.02350337197856044,0.1519240379810095,ok,117,0,0.00019647779660535852,0.49225387306346824,364,92,-0.04705337110047894,-0.037749136683569044,0.009304234416909897,0.3683158420789605,ok,69,0,0.01282193987355051,0.0864567716141929,829,680,-0.03699988496883016,-0.035001752429292016,-0.001998132539538143,0.5578442155784421,ok,150,0,-0.005425145065476061,0.942905709429057,667,524,-0.024469064790917046,-0.05456140510687087,0.03009234031595382,0.06896551724137931,ok,117,0,-0.002573702928874752,0.743128435782109,251,205,-0.05012941274123554,-0.039111536865427114,-0.01101787587580843,0.6441779110444777,ok,69,0,-0.0072832704579966,0.8845577211394303,684,825,-0.0341226257879704,-0.03773844879043274,-0.00361582300246234,0.5871412858714129,ok,150,0,-0.014270772502148057,0.9999000099990001,598,593,-0.017426274769725202,-0.05816210822807138,-0.04073583345834618,0.984007996001999,ok,117,0,-0.0044232409809856,0.8775612193903048,206,250,-0.044497047223163055,-0.04573582370996438,-0.0012387764868013254,0.5272363818090955,ok,69,0,-0.015653490876620692,0.9975012493753124,1013,496,-0.02897341913207537,-0.050653271593319386,-0.021679852461244015,0.9264073592640736,ok,150,0,0.0002853677641235508,0.46715328467153283,812,379,-0.04126239123067605,-0.030094936180034438,0.011167455050641612,0.2538730634682659,ok,117,0,0.00843320354393461,0.06696651674162919,312,144,-0.04146596088654371,-0.05321505457542392,-0.011749093688880212,0.671664167916042,ok,69,0,0.004264030689985137,0.30184907546226886,0.5394460553944606,175.0,1.0,False,False,opposite sign,False,False,False,0.5578442155784421,184.0,1.0,False,False,same sign,False,False,False,0.5871412858714129,204.0,1.0,False,False,same sign,False,False,False,0.9264073592640736,434.0,1.0,False,False,same sign,False,False,False
OBV_S,4h,434,96,96,0,338,-0.03168687994674941,0.1875,0.4375,0.4479166666666667,0.34375,0.53125,0.6666666666666666,0.75,0.53125,5.321773789962629,4.561275966739126,303,89,89,0,214,-0.06739308306985167,0.16853932584269662,0.5056179775280899,0.5280898876404494,0.2247191011235955,0.6292134831460674,0.6966292134831461,0.6966292134831461,0.5955056179775281,4.524439416858793,4.204805750664469,210,14,14,0,196,0.010828545047518099,0.42857142857142855,0.2857142857142857,0.6428571428571429,0.35714285714285715,0.5,0.8571428571428571,0.7857142857142857,0.42857142857142855,6.265242349661539,2.7828119370178426,True,,78,18,-0.043349715543413866,0.018852074305463273,0.06220178984887714,,insufficient,46,0,0.04703444451306357,0.0072992700729927005,74,15,-0.08996813672860998,0.043977181646689296,0.13394531837529927,,insufficient,42,0,0.014991111438641243,0.2683658170914543,8,6,-0.07308675449133588,0.12271561109932343,0.1958023655906593,,insufficient,8,0,0.05536243173724527,0.1889055472263868,54,42,0.018304583902812564,-0.0959616191819005,0.11426620308471307,0.030096990300969902,ok,46,0,-0.024390134225092477,0.9807019298070193,44,45,-0.004104079027215873,-0.1292756648004289,0.12517158577321302,0.06546726636681659,ok,42,0,-0.0010329562174446888,0.519240379810095,10,4,0.12850444730396596,-0.28336121059360153,0.41186565789756746,,insufficient,8,0,-0.06230229427764466,0.984007996001999,53,43,-0.09086978393187047,0.04125949008142307,0.13212927401329355,0.031796820317968204,ok,46,0,-0.014563771371511817,0.8672132786721328,42,47,-0.11283813168449255,-0.02678261409506619,0.08605551758942637,0.12843578210894552,ok,42,0,0.019767494907698503,0.06196901549225387,5,9,0.0930064156736171,-0.0348258275225369,-0.127832243196154,,insufficient,8,0,-0.031677646497275155,0.8195902048975512,63,33,-0.066098850629917,0.03400870044838873,0.10010755107830573,0.08659134086591341,ok,46,0,0.007054819513451709,0.34236576342365765,69,20,-0.1247568895014006,0.1305120491189921,0.2552689386203927,,insufficient,42,0,0.009855254567121535,0.3493253373313343,9,5,-0.04187804224953961,0.10570040218222201,0.14757844443176163,,insufficient,8,0,0.003913320455397971,0.4497751124437781,1.0,601.0,1.0,False,False,no data,False,False,True,0.030096990300969902,11.0,1.0,False,False,no data,False,False,False,0.031796820317968204,12.0,1.0,False,False,no data,False,False,False,0.08659134086591341,25.0,1.0,False,False,no data,False,False,False
OBV_B,5m,63296,63014,63014,0,282,-0.06049145627489947,0.10105690798870093,0.4026089440441807,0.39526137048909765,0.1918779953661091,0.702954898911353,0.6047068905322627,0.5409274129558511,0.5018567302504205,4.418820763513042,5.030168367649923,47754,47676,47676,0,78,-0.05933430880855292,0.09472271163688228,0.4008096316805101,0.3688019129121571,0.18648796039936236,0.7055331823139526,0.5772086584445004,0.5320706435103616,0.4964552395335179,4.455341420813041,5.270573476904141,27285,26565,26565,0,720,-0.05519405757922764,0.10159984942593639,0.4112930547713156,0.40470543948804816,0.19491812535290795,0.7091661961227178,0.6155844155844156,0.5873517786561265,0.5036325992847732,4.373993891359884,4.938648765897651,True,,56646,6368,-0.06061766649683044,-0.0593687640274902,0.0012489024693402365,0.3427657234276572,ok,153,0,0.00836954395252082,0.012198780121987801,43160,4516,-0.058889944940792534,-0.06358115215056741,-0.004691207209774874,0.9010494752623688,ok,118,0,0.004436218625326012,0.07946026986506746,23866,2699,-0.05492716888281999,-0.057554030024009016,-0.002626861141189027,0.6941529235382309,ok,79,0,0.004301800877892274,0.16041979010494753,37644,25370,-0.0614599858157886,-0.059054352371185226,-0.0024056334446033723,0.8821117888211178,ok,153,0,-0.0007123199287216789,0.6946305369463054,28567,19109,-0.06067417617194596,-0.057331274062095795,-0.0033429021098501654,0.9405297351324338,ok,118,0,0.0015940120337237865,0.15942028985507245,15639,10926,-0.05947326186575615,-0.04906899114713727,-0.01040427071861888,0.999000499750125,ok,79,0,-0.0014143883825449982,0.7521239380309845,38107,24907,-0.059653242921753426,-0.061773898811067464,-0.002120655889314038,0.9013098690130987,ok,153,0,-0.007693024883948532,1.0,30093,17583,-0.05914718835433482,-0.05965456222542063,-0.0005073738710858061,0.616191904047976,ok,118,0,-0.006550808808283487,1.0,15814,10751,-0.05452755603856907,-0.056174436647590996,-0.0016468806090219265,0.7106446776611695,ok,79,0,-0.005758733441308124,1.0,50923,12091,-0.060405575934097906,-0.06085315378500099,-0.0004475778509030817,0.5621437856214379,ok,153,0,-0.0026331704968014513,0.9308069193080692,38785,8891,-0.05874649246367529,-0.06189852621222839,-0.0031520337485531,0.8255872063968016,ok,118,0,-0.001433308801111234,0.7546226886556722,21387,5178,-0.05563550477049892,-0.053370722106126284,0.002264782664372633,0.25787106446776614,ok,79,0,0.002003895635624149,0.22588705647176413,0.3427657234276572,103.0,1.0,False,False,opposite sign,False,False,True,0.8821117888211178,391.0,1.0,False,False,same sign,False,False,False,0.9013098690130987,407.0,1.0,False,False,same sign,False,False,False,0.5621437856214379,188.0,1.0,False,False,opposite sign,False,False,False
OBV_B,15m,21604,20982,20982,0,622,-0.05145270171765568,0.10180154418072633,0.3911924506720046,0.42708035458964827,0.20589076351158137,0.6937374892765227,0.6345438947669431,0.6329711181012296,0.4979982842436374,4.553998943918139,4.764949072134284,16606,16420,16418,2,186,-0.05080567130863323,0.09660129126568401,0.39200877086124986,0.41308320136435617,0.19484711901571447,0.6977098306736509,0.5978803751979535,0.6217566086003167,0.4903155073699598,4.563088651588187,5.034178421566092,9160,8148,8148,0,1012,-0.04041634285825365,0.09879725085910653,0.4004663721158567,0.4367943053510064,0.19722631320569464,0.7087628865979382,0.6381934216985763,0.6694894452626411,0.4883406971035837,4.434879533829122,4.722108933666848,True,,18846,2136,-0.05149517413287136,-0.051077966166553405,0.00041720796631795204,0.47615238476152383,ok,153,0,-0.003675485143668736,0.797020297970203,14832,1586,-0.051318292602866696,-0.04601172487983696,0.005306567723029738,0.23788105947026486,ok,118,0,0.005481012561843315,0.10844577711144428,7343,805,-0.039094725246657275,-0.05247179394142411,-0.013377068694766833,0.9045477261369316,ok,79,0,-0.0022732292771020166,0.6786606696651675,12774,8208,-0.053899476023818775,-0.04764481977480395,-0.006254656249014827,0.9543045695430457,ok,153,0,-0.0012550968457476636,0.7264273572642735,9982,6436,-0.05240670208185384,-0.04832253128714656,-0.004084170794707284,0.8055972013993004,ok,118,0,0.000821909740268599,0.33983008495752126,4885,3263,-0.04540677753540494,-0.03294522014973876,-0.012461557385666178,0.9805097451274363,ok,79,0,-0.003685220480004109,0.9070464767616192,12021,8961,-0.050770061426254835,-0.05236844984207593,-0.001598388415821092,0.6546345365463454,ok,153,0,-0.005717367485754431,0.9991000899910009,9636,6782,-0.04652689605540621,-0.05688503998160515,-0.010358143926198937,0.993503248375812,ok,118,0,-0.002554758040639607,0.9035482258870565,4589,3559,-0.03853461884939693,-0.04284265122482953,-0.004308032375432605,0.7016491754122939,ok,79,0,-0.009875791482492936,1.0,16662,4320,-0.052415004105533944,-0.04774115486885304,0.004673849236680905,0.147985201479852,ok,153,0,-0.0011924111678235164,0.690930906909309,13219,3199,-0.05168827108594626,-0.04715856707096493,0.004529704014981331,0.23438280859570215,ok,118,0,0.0034591709205078966,0.08995502248875563,6541,1607,-0.04016995368532076,-0.04141922498653869,-0.0012492713012179288,0.5747126436781609,ok,79,0,-0.0016105893487045678,0.670664667666167,0.47615238476152383,156.0,1.0,False,False,opposite sign,False,False,False,0.9543045695430457,473.0,1.0,False,False,same sign,False,False,False,0.6546345365463454,247.0,1.0,False,False,same sign,False,False,False,0.147985201479852,40.0,1.0,False,False,opposite sign,False,False,False
OBV_B,30m,11401,10409,10409,0,992,-0.048357922838921874,0.09174752617926794,0.38947065039869344,0.44970698434047457,0.21077913344221347,0.7013161687001633,0.6638485925641272,0.6700931885867999,0.501200883850514,4.544804720932796,4.505992332899215,8451,8101,8098,3,350,-0.048708806637612685,0.10101259570264262,0.36379352926648556,0.4314645591504075,0.20264262780933565,0.6927636453445295,0.6058285996542356,0.6622622869844406,0.504692516670783,4.711110926244275,4.940079442133877,4789,3585,3585,0,1204,-0.031772551411279625,0.09483960948396095,0.4131101813110181,0.44574616457461647,0.20725244072524407,0.7138075313807531,0.6516039051603905,0.7096234309623431,0.4814504881450488,4.384231478326735,4.606848976705564,True,,9454,955,-0.04762381627208068,-0.05562519350166182,-0.008001377229581143,0.8064193580641936,ok,153,0,-0.003570345589543271,0.7687231276872313,7280,818,-0.04870203809664523,-0.04876904499732307,-6.700690067783927e-05,0.5087456271864068,ok,118,0,0.0008522018568336842,0.43728135932033985,3245,340,-0.029781780897609,-0.05077269940204786,-0.02099091850443886,0.9155422288855573,ok,79,0,-0.0026254732972140343,0.6736631684157921,6355,4054,-0.05245200876166533,-0.041940084644784076,-0.010511924116881254,0.9568043195680432,ok,153,0,-0.002831084022318693,0.8818118188181182,5152,2946,-0.0533851926889555,-0.04053068683567168,-0.01285450585328382,0.9800099950024987,ok,118,0,0.0003744942066420953,0.4482758620689655,2104,1481,-0.04167628499827875,-0.017702696268101944,-0.02397358873017681,0.9900049975012494,ok,79,0,-0.0036108595968234493,0.8085957021489255,5728,4681,-0.04550226539690222,-0.051852305626336664,-0.006350040229434445,0.8525147485251475,ok,153,0,-0.009310909942225075,1.0,4604,3494,-0.046826890524325614,-0.05118858390881293,-0.004361693384487317,0.7186406796601699,ok,118,0,-0.0052274191520622695,0.984007996001999,1987,1598,-0.03187229205868776,-0.03164853096922709,0.00022376108946067091,0.49075462268865566,ok,79,0,-0.013903275165194521,1.0,8215,2194,-0.04564365706526445,-0.05852095535058811,-0.012877298285323656,0.9485051494850515,ok,153,0,-0.0003041847950933374,0.5295470452954705,6457,1641,-0.04518292713430222,-0.06258242269664722,-0.017399495562345005,0.9875062468765617,ok,118,0,-0.0036076435737334572,0.8490754622688655,2842,743,-0.0291445552469967,-0.04182472516483558,-0.012680169917838883,0.8425787106446777,ok,79,0,0.007091831958621751,0.05847076461769116,0.8064193580641936,342.0,1.0,False,False,same sign,False,False,False,0.9568043195680432,475.0,1.0,False,False,same sign,False,False,False,0.8525147485251475,367.0,1.0,False,False,opposite sign,False,False,False,0.9485051494850515,467.0,1.0,False,False,same sign,False,False,False
OBV_B,1h,5594,4250,4250,0,1344,-0.04088273027530133,0.0988235294117647,0.3870588235294118,0.4743529411764706,0.22141176470588236,0.6992941176470588,0.6929411764705883,0.711764705882353,0.5044705882352941,4.538452378300186,4.251117078443968,4365,3731,3731,0,634,-0.04153602507995977,0.08791208791208792,0.3669257571696596,0.45885821495577594,0.19941034575180916,0.7078531224872688,0.6269096756901635,0.697400160814795,0.496649691771643,4.622387249579863,4.7495760693633216,2423,1322,1322,0,1101,-0.03483865065652566,0.11195158850226929,0.3812405446293495,0.4856278366111952,0.2254160363086233,0.6913767019667171,0.680786686838124,0.7261724659606656,0.4689863842662632,4.604752621101786,4.3449104827919145,True,,3830,420,-0.042966665471959965,-0.02187922598196185,0.021087439489998114,0.0958904109589041,ok,152,0,-2.2872152655596667e-05,0.49235076492350766,3403,328,-0.04458419152750667,-0.009911298186660564,0.03467289334084611,0.02448775612193903,ok,118,0,0.00019647779660535852,0.49225387306346824,1174,148,-0.035870430366726186,-0.02665412782020527,0.009216302546520914,0.34382808595702147,ok,71,0,0.01282193987355051,0.0864567716141929,2605,1645,-0.042884459654194594,-0.0377128184017348,-0.005171641252459794,0.6888311168883112,ok,152,0,-0.005425145065476061,0.942905709429057,2362,1369,-0.04036878299980529,-0.043549922664565255,0.003181139664759962,0.3828085957021489,ok,118,0,-0.002573702928874752,0.743128435782109,818,504,-0.04086235597056576,-0.02506208131746854,-0.01580027465309722,0.8530734632683659,ok,71,0,-0.0072832704579966,0.8845577211394303,2234,2016,-0.039504478571101495,-0.04241001911814976,-0.002905540547048266,0.6135386461353864,ok,152,0,-0.014270772502148057,0.9999000099990001,2019,1712,-0.04096888188931715,-0.042204869765653394,-0.0012359878763362406,0.5342328835582209,ok,118,0,-0.0044232409809856,0.8775612193903048,680,642,-0.031581546092890385,-0.03828854334074994,-0.0067069972478595585,0.6306846576711644,ok,71,0,-0.015653490876620692,0.9975012493753124,3309,941,-0.04189905401055602,-0.037308856481509854,0.004590197529046165,0.3524647535246475,ok,152,0,0.0002853677641235508,0.46715328467153283,2987,744,-0.041622989291921146,-0.04118688247091596,0.00043610682100518605,0.48825587206396803,ok,118,0,0.00843320354393461,0.06696651674162919,1024,298,-0.030765545270346736,-0.0488348248694358,-0.018069279599089064,0.7706146926536732,ok,71,0,0.004264030689985137,0.30184907546226886,0.0958904109589041,29.0,1.0,False,False,same sign,False,False,False,0.6888311168883112,266.0,1.0,False,False,same sign,False,False,False,0.6135386461353864,221.0,1.0,False,False,same sign,False,False,False,0.3524647535246475,108.0,1.0,False,False,opposite sign,False,False,False
OBV_B,4h,1363,229,229,0,1134,-0.03885745779110654,0.11353711790393013,0.3930131004366812,0.48034934497816595,0.2794759825327511,0.6724890829694323,0.6986899563318777,0.7510917030567685,0.519650655021834,4.706540378811572,4.237095410131967,962,217,217,0,745,-0.050102298355049237,0.10138248847926268,0.4055299539170507,0.46543778801843316,0.1889400921658986,0.7235023041474654,0.6221198156682027,0.7004608294930875,0.5391705069124424,4.239472109778338,4.800277987641624,527,35,35,0,492,-0.003969191698772856,0.22857142857142856,0.3142857142857143,0.7428571428571429,0.34285714285714286,0.6,0.8857142857142857,0.7714285714285715,0.4,5.3179149800283305,2.4352030765459234,True,,203,26,-0.02744285437718877,-0.1279791690613106,-0.10053631468412183,,insufficient,68,0,0.04703444451306357,0.0072992700729927005,195,22,-0.05417992155341199,-0.013959729096833856,0.04022019245657813,,insufficient,76,0,0.014991111438641243,0.2683658170914543,27,8,-0.020873883491369982,0.0530841431012425,0.07395802659261248,,insufficient,15,0,0.05536243173724527,0.1889055472263868,139,90,-0.05359782059857943,-0.016091786344009505,-0.03750603425456993,0.8274172582741726,ok,68,0,-0.024390134225092477,0.9807019298070193,129,88,-0.03626254895288524,-0.0703901128195851,0.03412756386669986,0.25087456271864067,ok,76,0,-0.0010329562174446888,0.519240379810095,24,11,0.06697385372904623,-0.15875401808674178,0.22572787181578802,,insufficient,15,0,-0.06230229427764466,0.984007996001999,119,110,-0.00026349723547468615,-0.08060910602856283,-0.08034560879308815,0.989001099890011,ok,68,0,-0.014563771371511817,0.8672132786721328,116,101,-0.05494255726278405,-0.04454318911448253,0.010399368148301516,0.42328835582208896,ok,76,0,0.019767494907698503,0.06196901549225387,9,26,0.03801406405937988,-0.018501857153518035,-0.05651592121289792,,insufficient,15,0,-0.031677646497275155,0.8195902048975512,165,64,-0.008724421109387995,-0.11654419298616216,-0.10781977187677416,0.9936006399360064,ok,68,0,0.007054819513451709,0.34236576342365765,176,41,-0.05974667608550182,-0.008702042731642956,0.051044633353858865,0.1744127936031984,ok,76,0,0.009855254567121535,0.3493253373313343,23,12,-0.07817145175663033,0.13825180674545398,0.21642325850208433,,insufficient,15,0,0.003913320455397971,0.4497751124437781,1.0,602.0,1.0,False,False,no data,False,False,False,0.8274172582741726,353.0,1.0,False,False,no data,False,False,False,0.989001099890011,519.0,1.0,False,False,no data,False,False,False,0.9936006399360064,533.0,1.0,False,False,no data,False,False,False
V45_AMB,5m,26375,26281,26281,0,94,-0.058922338255494006,0.02865187778242837,0.41649861116395875,0.3365168753091587,0.0781172710323047,0.7976104410030059,0.3675278718465812,0.5384878809786537,0.4524561470263689,3.732684577050081,6.72392300729937,19298,19289,19289,0,9,-0.06009117734941776,0.02628441080408523,0.39789517341489966,0.31655347607444656,0.0760537093680336,0.7853698999429727,0.3438229042459433,0.5259992741977293,0.46041785473585983,3.857223031435631,6.93227553887473,11756,11461,11461,0,295,-0.05669967595975897,0.027048250588953843,0.4202949131838409,0.3401971904720356,0.07887618881423959,0.8035075473344385,0.36689643137597067,0.5856382514614781,0.45938399790594187,3.6662207176875365,6.714641976549628,True,,25528,753,-0.058289058535013864,-0.08039161409137287,-0.022102555556359003,0.9962003799620038,ok,153,0,0.00836954395252082,0.012198780121987801,18782,507,-0.05976125762257739,-0.07231317401512916,-0.012551916392551765,0.8990504747626187,ok,118,0,0.004436218625326012,0.07946026986506746,11151,310,-0.056818836604456815,-0.05241335225322454,0.004405484351232274,0.33933033483258374,ok,79,0,0.004301800877892274,0.16041979010494753,15335,10946,-0.06351658404269714,-0.0524859451304474,-0.011030638912249736,0.9991000899910009,ok,153,0,-0.0007123199287216789,0.6946305369463054,11614,7675,-0.06076676599808236,-0.05906885988158837,-0.001697906116493987,0.6596701649175413,ok,118,0,0.0015940120337237865,0.15942028985507245,6644,4817,-0.05816052918526987,-0.05468474782392869,-0.0034757813613411834,0.7261369315342329,ok,79,0,-0.0014143883825449982,0.7521239380309845,17437,8844,-0.05726239024576402,-0.062195123584040106,-0.004932733338276089,0.9194080591940806,ok,153,0,-0.007693024883948532,1.0,13183,6106,-0.05931728255792557,-0.06176203470877603,-0.0024447521508504585,0.7041479260369815,ok,118,0,-0.006550808808283487,1.0,7562,3899,-0.05356188749825735,-0.06278532775403321,-0.009223440255775865,0.9480259870064968,ok,79,0,-0.005758733441308124,1.0,24228,2053,-0.05738530584317575,-0.07706126727918938,-0.019675961436013634,0.9998000199980002,ok,153,0,-0.0026331704968014513,0.9308069193080692,17822,1467,-0.05941062501094021,-0.06835893725149456,-0.008948312240554347,0.8830584707646177,ok,118,0,-0.001433308801111234,0.7546226886556722,10557,904,-0.05597142765904711,-0.06520423050689966,-0.00923280284785255,0.8115942028985508,ok,79,0,0.002003895635624149,0.22588705647176413,0.9962003799620038,542.0,1.0,False,False,opposite sign,False,False,False,0.9991000899910009,556.0,1.0,False,False,same sign,False,False,False,0.9194080591940806,426.0,1.0,False,False,same sign,False,False,False,0.9998000199980002,565.0,1.0,False,False,same sign,False,False,False
V45_AMB,15m,7347,7134,7134,0,213,-0.05335874840514981,0.028735632183908046,0.4346790019624334,0.3833753854779927,0.08662741799831791,0.8110456966638632,0.4290720493411831,0.6310625175217269,0.4498177740398094,3.5787173196367963,6.2083136339537,5386,5339,5339,0,47,-0.05863576913294373,0.02959355684585128,0.41150028095148905,0.3717924705000937,0.08353624274208653,0.7949054129986889,0.4023225323094212,0.6064806143472561,0.46188424798651434,3.783401927828157,6.394122668062882,3381,3031,3031,0,350,-0.034253396439525956,0.025404157043879907,0.43549983503794126,0.3797426591883867,0.08215110524579347,0.8234905971626526,0.42461233916199276,0.6875618607720224,0.44341801385681295,3.473702512533067,6.235385294284109,True,,6929,205,-0.05316101746927218,-0.060042054037813423,-0.006881036568541242,0.661033896610339,ok,153,0,-0.003675485143668736,0.797020297970203,5181,158,-0.05916505822899621,-0.041279776685805306,0.017885281543190905,0.19790104947526238,ok,118,0,0.005481012561843315,0.10844577711144428,2954,77,-0.034306358086389314,-0.032221595078040455,0.0020847630083488597,0.46676661669165415,ok,79,0,-0.0022732292771020166,0.6786606696651675,4033,3101,-0.053610413714281345,-0.053031445537775564,-0.0005789681765057814,0.5242475752424758,ok,153,0,-0.0012550968457476636,0.7264273572642735,3142,2197,-0.057404560388741276,-0.06039656015446585,0.002991999765724576,0.38830584707646176,ok,118,0,0.000821909740268599,0.33983008495752126,1711,1320,-0.029089428915577392,-0.04094699373761382,0.011857564822036426,0.18440779610194902,ok,79,0,-0.003685220480004109,0.9070464767616192,4399,2735,-0.048591608268224035,-0.06102626191971523,-0.012434653651491198,0.9614038596140386,ok,153,0,-0.005717367485754431,0.9991000899910009,3354,1985,-0.05933385442125757,-0.05745623358785326,0.0018776208334043074,0.41379310344827586,ok,118,0,-0.002554758040639607,0.9035482258870565,1880,1151,-0.028648868998165787,-0.043407620236013446,-0.014758751237847659,0.9260369815092454,ok,79,0,-0.009875791482492936,1.0,6516,618,-0.05257368006803149,-0.061636265046999185,-0.009062584978967697,0.7377262273772622,ok,153,0,-0.0011924111678235164,0.690930906909309,4893,446,-0.0590270157667013,-0.0543434602114735,0.0046835555552278,0.39080459770114945,ok,118,0,0.0034591709205078966,0.08995502248875563,2782,249,-0.03389538736444181,-0.03825332112580739,-0.004357933761365583,0.5762118940529735,ok,79,0,-0.0016105893487045678,0.670664667666167,0.661033896610339,252.0,1.0,False,False,opposite sign,False,False,False,0.5242475752424758,171.0,1.0,False,False,opposite sign,False,False,False,0.9614038596140386,482.0,1.0,False,False,same sign,False,False,False,0.7377262273772622,298.0,1.0,False,False,same sign,False,False,False
V45_AMB,30m,3698,3420,3420,0,278,-0.028582368133744884,0.02280701754385965,0.4383040935672515,0.41461988304093567,0.09532163742690059,0.8084795321637427,0.460233918128655,0.7035087719298245,0.47543859649122805,3.5786185122618916,5.920873946274326,2940,2831,2831,0,109,-0.060616450176236056,0.02967149417167079,0.3956199222889438,0.4108089014482515,0.0996114447191805,0.7753444012716355,0.43765453903214413,0.6414694454256447,0.43341575415047684,3.909704525104984,6.064271298513994,1500,1098,1098,0,402,-0.030463963356802844,0.020947176684881604,0.4581056466302368,0.40528233151183973,0.07377049180327869,0.8451730418943534,0.4444444444444444,0.7058287795992714,0.4872495446265938,3.272132828504894,6.067885372907863,True,,3342,78,-0.028098888007882017,-0.049297631988023206,-0.02119874398014119,0.7331266873312668,ok,153,0,-0.003570345589543271,0.7687231276872313,2747,84,-0.059759134208460095,-0.08865272355100477,-0.028893589342544677,0.8900549725137431,ok,118,0,0.0008522018568336842,0.43728135932033985,1075,23,-0.03142991699184065,0.014683869585181685,0.046113786577022337,,insufficient,78,0,-0.0026254732972140343,0.6736631684157921,1921,1499,-0.02554336527704072,-0.0324769141562457,0.006933548879204981,0.2753724627537246,ok,153,0,-0.002831084022318693,0.8818118188181182,1711,1120,-0.060466962950672894,-0.0608448186074312,0.00037785565675830385,0.4867566216891554,ok,118,0,0.0003744942066420953,0.4482758620689655,595,503,-0.025443041435936075,-0.03640322487353391,0.010960183437597835,0.30684657671164417,ok,78,0,-0.0036108595968234493,0.8085957021489255,2002,1418,-0.031040508997997467,-0.025111847675188006,0.0059286613228094615,0.28877112288771123,ok,153,0,-0.009310909942225075,1.0,1668,1163,-0.05609608607373265,-0.06709965509710937,-0.011003569023376722,0.8595702148925537,ok,118,0,-0.0052274191520622695,0.984007996001999,653,445,-0.027645950213429634,-0.034599160171685336,-0.006953209958255702,0.6551724137931034,ok,78,0,-0.013903275165194521,1.0,3094,326,-0.029914427623344855,-0.01594006119870715,0.013974366424637705,0.2796720327967203,ok,153,0,-0.0003041847950933374,0.5295470452954705,2549,282,-0.05605914245596663,-0.10180998698108266,-0.04575084452511603,0.9860069965017492,ok,118,0,-0.0036076435737334572,0.8490754622688655,1017,81,-0.030778759609898367,-0.026511521512381273,0.004267238097517095,0.45077461269365315,ok,78,0,0.007091831958621751,0.05847076461769116,0.7331266873312668,294.0,1.0,False,False,no data,False,False,False,0.2753724627537246,80.0,1.0,False,False,same sign,False,False,False,0.28877112288771123,84.0,1.0,False,False,opposite sign,False,False,False,0.2796720327967203,82.0,1.0,False,False,same sign,False,False,False
V45_AMB,1h,1962,1514,1514,0,448,-0.03326663337660852,0.02047556142668428,0.4200792602377807,0.44121532364597094,0.08850726552179657,0.821003963011889,0.4854689564068692,0.7232496697490093,0.4709379128137384,3.571939742216607,5.655769757716632,1423,1227,1225,2,196,-0.03625588104055487,0.022040816326530613,0.4293877551020408,0.39510204081632655,0.0946938775510204,0.8073469387755102,0.41551020408163264,0.7151020408163266,0.4791836734693877,3.6456489039581013,6.253994679987085,740,400,400,0,340,-0.025896400830725676,0.0075,0.425,0.3925,0.0725,0.85,0.4525,0.7525,0.4025,3.374242326962888,6.037623048545404,True,,1483,31,-0.03355699203380102,-0.01937624987285103,0.014180742160949989,0.4086591340865913,ok,147,0,-2.2872152655596667e-05,0.49235076492350766,1198,27,-0.035431502291903644,-0.07283387144367201,-0.037402369151768367,,insufficient,114,0,0.00019647779660535852,0.49225387306346824,397,3,-0.025596216808947535,-0.06562075304603375,-0.04002453623708621,,insufficient,59,0,0.01282193987355051,0.0864567716141929,878,636,-0.04329957164743156,-0.01941613054361696,-0.0238834411038146,0.871012898710129,ok,147,0,-0.005425145065476061,0.942905709429057,699,526,-0.032985556594253694,-0.04060180649295891,0.007616249898705213,0.3373313343328336,ok,114,0,-0.002573702928874752,0.743128435782109,230,170,-0.037289206148018686,-0.010482605401446889,-0.026806600746571797,0.7986006996501749,ok,59,0,-0.0072832704579966,0.8845577211394303,846,668,-0.022388187846831296,-0.0470438263679132,-0.0246556385210819,0.9274072592740726,ok,147,0,-0.014270772502148057,0.9999000099990001,741,484,-0.02889832228544026,-0.04752024268836461,-0.018621920402924354,0.8595702148925537,ok,114,0,-0.0044232409809856,0.8775612193903048,243,157,-0.023779346819733625,-0.02917311500060509,-0.005393768180871464,0.5837081459270365,ok,59,0,-0.015653490876620692,0.9975012493753124,1380,134,-0.031163581482126685,-0.05492492900634678,-0.023761347524220097,0.7588241175882412,ok,147,0,0.0002853677641235508,0.46715328467153283,1109,116,-0.034253129075655205,-0.05540288042912141,-0.021149751353466202,0.769615192403798,ok,114,0,0.00843320354393461,0.06696651674162919,371,29,-0.0302246378945022,0.029475183674829212,0.059699821569331415,,insufficient,59,0,0.004264030689985137,0.30184907546226886,0.4086591340865913,130.0,1.0,False,False,no data,False,False,False,0.871012898710129,383.0,1.0,False,False,same sign,False,False,False,0.9274072592740726,437.0,1.0,False,False,same sign,False,False,False,0.7588241175882412,315.0,1.0,False,False,no data,False,False,False
V45_AMB,4h,288,59,59,0,229,-0.061393844468324694,0.0,0.3898305084745763,0.559322033898305,0.13559322033898305,0.7966101694915254,0.6779661016949152,0.711864406779661,0.6440677966101694,3.864499784271037,4.069806984043079,223,62,62,0,161,-0.06399732167614251,0.03225806451612903,0.3709677419354839,0.41935483870967744,0.04838709677419355,0.8870967741935484,0.46774193548387094,0.7580645161290323,0.3709677419354839,3.2090884778882205,5.879140686930515,143,8,8,0,135,-0.1098130067199114,0.0,0.25,0.375,0.0,1.0,0.75,0.75,0.875,2.723195853115745,3.859648503641119,False,period-1 signals 288 < 300,59,0,-0.06139384446832471,,,,insufficient,22,0,0.04703444451306357,0.0072992700729927005,60,2,-0.05994460576171491,-0.18557879910897013,-0.12563419334725523,,insufficient,30,0,0.014991111438641243,0.2683658170914543,8,0,-0.10981300671991139,,,,insufficient,4,0,0.05536243173724527,0.1889055472263868,36,23,-0.026540494586415095,-0.11594691384870495,0.08940641926228986,,insufficient,22,0,-0.024390134225092477,0.9807019298070193,39,23,-0.08551442826322637,-0.02751179311543509,-0.05800263514779128,,insufficient,30,0,-0.0010329562174446888,0.519240379810095,6,2,-0.170327142832733,0.07172940161855342,-0.24205654445128644,,insufficient,4,0,-0.06230229427764466,0.984007996001999,26,33,0.012829822001000255,-0.11987309683809588,-0.13270291883909613,,insufficient,22,0,-0.014563771371511817,0.8672132786721328,36,26,-0.0792740793468299,-0.04284488797826766,0.036429191368562236,,insufficient,30,0,0.019767494907698503,0.06196901549225387,5,3,-0.21465616195378492,0.06492558533654447,0.27958174729032936,,insufficient,4,0,-0.031677646497275155,0.8195902048975512,51,8,-0.056078642346514766,-0.09527825799486302,-0.03919961564834825,,insufficient,22,0,0.007054819513451709,0.34236576342365765,59,3,-0.06524539278479485,-0.03945192320597968,0.025793469578815176,,insufficient,30,0,0.009855254567121535,0.3493253373313343,8,0,-0.10981300671991139,,,,insufficient,4,0,0.003913320455397971,0.4497751124437781,,,,,,,,,,,,,,,,,,,,,,,,,,,,,,,,,,,,
DOGE,5m,17636,17547,17547,0,89,-0.05774415088764865,0.1315324556904314,0.42229440930073514,0.2967458824870348,0.387473642218043,0.4799110959138314,0.725024220664501,0.5598677836667236,0.5155297201800878,5.673590341234167,4.451114023004045,13888,13847,13845,2,41,-0.05939420230118842,0.12878295413506682,0.431924882629108,0.28002889129649694,0.38851570964247023,0.479378837125316,0.7200433369447454,0.5401227880101119,0.49107981220657276,5.652226218758442,4.5352626668131775,8189,7869,7869,0,320,-0.04675818908021897,0.14245774558393698,0.43258355572499685,0.2920320243995425,0.39280721819799214,0.4817638835938493,0.7276655229381116,0.5988054390646842,0.5868598297115263,5.636691892148246,4.450369790415976,True,,15239,2308,-0.058135263750230884,-0.05516175534480174,0.0029735084054291414,0.30416958304169583,ok,153,0,0.00836954395252082,0.012198780121987801,12062,1783,-0.05963311720015947,-0.057777942339669194,0.0018551748604902774,0.3933033483258371,ok,118,0,0.004436218625326012,0.07946026986506746,6748,1121,-0.049282650672231254,-0.03156187612491214,0.017720774547319115,0.015992003998001,ok,79,0,0.004301800877892274,0.16041979010494753,10137,7410,-0.06011100788319104,-0.054506252188078703,-0.005604755695112339,0.8968103189681031,ok,153,0,-0.0007123199287216789,0.6946305369463054,7865,5980,-0.05984079346274095,-0.05880683783871171,-0.001033955624029241,0.5847076461769115,ok,118,0,0.0015940120337237865,0.15942028985507245,4465,3404,-0.043983415216072665,-0.05039783811177397,0.006414422895701308,0.1549225387306347,ok,79,0,-0.0014143883825449982,0.7521239380309845,12340,5207,-0.05771831972861737,-0.05780536780764981,-8.704807903243961e-05,0.5103489651034897,ok,153,0,-0.007693024883948532,1.0,9968,3877,-0.05634250223212748,-0.06724030657985736,-0.010897804347729877,0.991504247876062,ok,118,0,-0.006550808808283487,1.0,5571,2298,-0.04907787360561667,-0.04113461967595849,0.007943253929658181,0.11444277861069466,ok,79,0,-0.005758733441308124,1.0,10748,6799,-0.055752367445120826,-0.0608928034012961,-0.005140435956175277,0.8877112288771123,ok,153,0,-0.0026331704968014513,0.9308069193080692,8466,5379,-0.05899526782161846,-0.06002208467784565,-0.0010268168562271932,0.5832083958020989,ok,118,0,-0.001433308801111234,0.7546226886556722,4778,3091,-0.04956072967490614,-0.04242608330169574,0.0071346463732104015,0.12693653173413294,ok,79,0,0.002003895635624149,0.22588705647176413,0.30416958304169583,89.0,1.0,False,False,same sign,False,False,True,0.8968103189681031,402.0,1.0,False,False,opposite sign,False,False,False,0.5103489651034897,168.0,1.0,False,False,opposite sign,False,False,False,0.8877112288771123,395.0,1.0,False,False,opposite sign,False,False,False
DOGE,15m,9264,8899,8899,0,365,-0.04173741905672838,0.05067985166872682,0.39352736262501403,0.3993707158107653,0.33161029329138103,0.4766827733453197,0.6289470727047983,0.6642319361726037,0.5029778626812001,5.834939562949502,5.0888537275179715,7311,7167,7167,0,144,-0.04676347483117969,0.04953257988000558,0.4117482907771732,0.3913771452490582,0.34254220733919355,0.4716059718152644,0.6356913631924097,0.6440630668341008,0.5041160876238314,5.822036623263256,5.066296002547789,4423,3794,3794,0,629,-0.03264880428853619,0.04507116499736426,0.4051133368476542,0.40643120716921455,0.33948339483394835,0.47812335266209804,0.6425935687928308,0.6784396415392725,0.5925144965735372,5.799402064582282,4.9402528893647215,True,,8448,451,-0.04203736928323873,-0.03611883920404677,0.005918530079191957,0.33556644335566443,ok,153,0,-0.003675485143668736,0.797020297970203,6812,355,-0.04758730657837033,-0.03095518789635506,0.016632118682015265,0.11944027986006997,ok,118,0,0.005481012561843315,0.10844577711144428,3623,171,-0.0335605348410459,-0.01333184644208781,0.02022868839895809,0.16991504247876063,ok,79,0,-0.0022732292771020166,0.6786606696651675,5397,3502,-0.04546192083616566,-0.03599751725672181,-0.00946440357944385,0.944005599440056,ok,153,0,-0.0012550968457476636,0.7264273572642735,4216,2951,-0.045872896948820796,-0.048035815174122795,0.002162918225301999,0.3983008495752124,ok,118,0,0.000821909740268599,0.33983008495752126,2257,1537,-0.03022418038639926,-0.036209231189722316,0.005985050803323056,0.2303848075962019,ok,79,0,-0.003685220480004109,0.9070464767616192,5345,3554,-0.04091561722433495,-0.04297335906633527,-0.0020577418420003254,0.6274372562743725,ok,153,0,-0.005717367485754431,0.9991000899910009,4362,2805,-0.049811828617960546,-0.04202304017237822,0.007788788445582326,0.12693653173413294,ok,118,0,-0.002554758040639607,0.9035482258870565,2252,1542,-0.03235500954742819,-0.03307787416984307,-0.0007228646224148802,0.5177411294352824,ok,79,0,-0.009875791482492936,1.0,5948,2951,-0.03992621069894269,-0.04538806877279389,-0.005461858073851196,0.8174182581741826,ok,153,0,-0.0011924111678235164,0.690930906909309,4712,2455,-0.04752686668822677,-0.04529825999191051,0.0022286066963162557,0.39780109945027486,ok,118,0,0.0034591709205078966,0.08995502248875563,2506,1288,-0.034061725664216815,-0.029899750742374994,0.0041619749218418205,0.3448275862068966,ok,79,0,-0.0016105893487045678,0.670664667666167,0.33556644335566443,100.0,1.0,False,False,same sign,False,False,False,0.944005599440056,462.0,1.0,False,False,opposite sign,False,False,False,0.6274372562743725,233.0,1.0,False,False,same sign,False,False,False,0.8174182581741826,348.0,1.0,False,False,opposite sign,False,False,False
DOGE,30m,5937,5259,5259,0,678,-0.03391231069824492,0.0254801293021487,0.5056094314508461,0.25289979083475944,0.3000570450656018,0.5664575014261266,0.6856816885339418,0.7136337706788363,0.5078912340749192,4.963787859845609,5.414340007468098,4595,4355,4353,2,240,-0.03969443077824293,0.026418561911325522,0.5040202159430278,0.2476453020905123,0.3319549735814381,0.5446818286239375,0.7020445669653113,0.6889501493223065,0.512749827705031,5.090922990955009,5.307392486982104,2781,1999,1999,0,782,-0.03981456522591789,0.027013506753376687,0.5007503751875938,0.2696348174087044,0.31765882941470736,0.5522761380690345,0.6928464232116058,0.6853426713356678,0.5777888944472236,5.074622181232384,5.261627819557272,True,,5125,134,-0.033344229671967554,-0.05563929024803238,-0.022295060576064826,0.8027197280271973,ok,153,0,-0.003570345589543271,0.7687231276872313,4238,115,-0.04044817189919648,-0.011917431903450909,0.02853073999574557,0.10644677661169415,ok,118,0,0.0008522018568336842,0.43728135932033985,1945,54,-0.04206294369607583,0.04116869633810425,0.08323164003418007,0.01899050474762619,ok,78,0,-0.0026254732972140343,0.6736631684157921,2600,2659,-0.03661058535570883,-0.03127390749801695,-0.005336677857691881,0.708929107089291,ok,153,0,-0.002831084022318693,0.8818118188181182,2159,2194,-0.0378794291758042,-0.041480478389758525,0.0036010492139543285,0.3538230884557721,ok,118,0,0.0003744942066420953,0.4482758620689655,998,1001,-0.041580595896397225,-0.03805382735465078,-0.003526768541746446,0.5947026486756621,ok,78,0,-0.0036108595968234493,0.8085957021489255,3929,1330,-0.028579889680792475,-0.049665004064839396,-0.02108511438404692,0.991000899910009,ok,153,0,-0.009310909942225075,1.0,3275,1078,-0.042795481970408895,-0.030273333696291614,0.012522148274117281,0.1054472763618191,ok,118,0,-0.0052274191520622695,0.984007996001999,1460,539,-0.037723429603323484,-0.045478865799179195,-0.007755436195855711,0.6856571714142928,ok,78,0,-0.013903275165194521,1.0,3681,1578,-0.03130782665915199,-0.0399877896259389,-0.008679962966786914,0.8072192780721927,ok,153,0,-0.0003041847950933374,0.5295470452954705,2908,1445,-0.04093970644638608,-0.03718836735750918,0.0037513390888768983,0.3663168415792104,ok,118,0,-0.0036076435737334572,0.8490754622688655,1364,635,-0.03700987913000452,-0.045839119296509766,-0.00882924016650525,0.6766616691654173,ok,78,0,0.007091831958621751,0.05847076461769116,0.8027197280271973,338.0,1.0,False,False,opposite sign,False,False,False,0.708929107089291,278.0,1.0,False,False,same sign,False,False,False,0.991000899910009,522.0,1.0,False,False,same sign,False,False,False,0.8072192780721927,344.0,1.0,False,False,same sign,False,False,False
DOGE,1h,3118,2141,2141,0,977,-0.022489906446182407,0.014479215319943952,0.37879495562821114,0.21999065857076133,0.5002335357309668,0.41289117234936945,0.8262494161606726,0.7468472676319476,0.5394675385333956,6.29128937239355,4.548402390876277,2548,2092,2090,2,456,-0.020818393855476063,0.021052631578947368,0.34688995215311,0.1861244019138756,0.5330143540669856,0.3679425837320574,0.8277511961722488,0.7334928229665072,0.5210526315789473,6.651177434190608,4.654772126469869,1535,717,717,0,818,-0.00929856951268434,0.012552301255230125,0.36401673640167365,0.2580195258019526,0.5104602510460251,0.39330543933054396,0.8382147838214784,0.7503486750348675,0.6331938633193863,6.453209122512794,4.265240810734141,True,,2110,31,-0.022613984782015442,-0.014044574555611103,0.00856941022640434,0.4430556944305569,ok,152,0,-2.2872152655596667e-05,0.49235076492350766,2046,44,-0.020145941200643454,-0.05208744230519257,-0.031941501104549117,0.7706146926536732,ok,118,0,0.00019647779660535852,0.49225387306346824,708,9,-0.007910216662667698,-0.11851566038066018,-0.11060544371799248,,insufficient,71,0,0.01282193987355051,0.0864567716141929,1330,811,-0.022042984901328066,-0.023222835736757347,0.001179850835429281,0.47985201479852013,ok,152,0,-0.005425145065476061,0.942905709429057,1365,725,-0.018377669937816688,-0.02541368785217268,0.007036017914355992,0.3288355822088955,ok,118,0,-0.002573702928874752,0.743128435782109,456,261,-0.010908375314468257,-0.006486035238303248,-0.004422340076165009,0.5562218890554723,ok,71,0,-0.0072832704579966,0.8845577211394303,1670,471,-0.02751995392686204,-0.004655130877742951,0.022864823049119087,0.0674932506749325,ok,152,0,-0.014270772502148057,0.9999000099990001,1701,389,-0.014042801387217493,-0.050446370175547595,-0.0364035687883301,0.9770114942528736,ok,118,0,-0.0044232409809856,0.8775612193903048,532,185,-0.01396699463457234,0.004126307054042234,0.018093301688614574,0.23638180909545228,ok,71,0,-0.015653490876620692,0.9975012493753124,1070,1071,-0.02959111431431828,-0.015395329024235276,0.014195785290083005,0.1952804719528047,ok,152,0,0.0002853677641235508,0.46715328467153283,976,1114,-0.023865525101200956,-0.018148734882560896,0.00571679021864006,0.33833083458270863,ok,118,0,0.00843320354393461,0.06696651674162919,351,366,-0.005284084169913209,-0.013148526767636982,-0.007864442597723773,0.6116941529235382,ok,71,0,0.004264030689985137,0.30184907546226886,0.4430556944305569,145.0,1.0,False,False,no data,False,False,False,0.47985201479852013,159.0,1.0,False,False,opposite sign,False,False,False,0.0674932506749325,21.0,1.0,False,False,same sign,False,False,False,0.1952804719528047,53.0,1.0,False,False,opposite sign,False,False,False
DOGE,4h,1,0,0,0,1,,,,,,,,,,,,0,0,0,0,0,,,,,,,,,,,,0,0,0,0,0,,,,,,,,,,,,False,period-1 signals 1 < 300,0,0,,,,,insufficient,0,0,0.04703444451306357,0.0072992700729927005,0,0,,,,,insufficient,0,0,0.014991111438641243,0.2683658170914543,0,0,,,,,insufficient,0,0,0.05536243173724527,0.1889055472263868,0,0,,,,,insufficient,0,0,-0.024390134225092477,0.9807019298070193,0,0,,,,,insufficient,0,0,-0.0010329562174446888,0.519240379810095,0,0,,,,,insufficient,0,0,-0.06230229427764466,0.984007996001999,0,0,,,,,insufficient,0,0,-0.014563771371511817,0.8672132786721328,0,0,,,,,insufficient,0,0,0.019767494907698503,0.06196901549225387,0,0,,,,,insufficient,0,0,-0.031677646497275155,0.8195902048975512,0,0,,,,,insufficient,0,0,0.007054819513451709,0.34236576342365765,0,0,,,,,insufficient,0,0,0.009855254567121535,0.3493253373313343,0,0,,,,,insufficient,0,0,0.003913320455397971,0.4497751124437781,,,,,,,,,,,,,,,,,,,,,,,,,,,,,,,,,,,,
