strategy,tf,H,split,group,approx,prev_examined,n,n_long,n_short,fwd,fwd_long,fwd_short,null_mean,null_sd,z,p,p_emp600,t_naive,fwd_vn,z_vn,p_vn,p_emp_all,cost_H,E_abs_r,mu_star,net_time,fwd_minus_hurdle,symbols_pos,n_coins_ge10,n_coins,n_min,B,n_BTCUSD,fwd_BTCUSD,n_ETHUSD,fwd_ETHUSD,n_SOLUSD,fwd_SOLUSD,n_XRPUSD,fwd_XRPUSD,n_DOGEUSD,fwd_DOGEUSD,n_LTCUSD,fwd_LTCUSD,n_BCHUSD,fwd_BCHUSD,rep,seed,control
S2_ST_ROC,5m,4,is,fingrad_exact,False,False,182739,89112,93627,6.7991263598457855e-06,7.33571124931701e-06,6.288417347802681e-06,-2.959859871469219e-07,1.6226299625929726e-05,0.4372600352858438,0.3309613875705992,0.3327787021630615,0.5527863069931566,0.0020022349595734,0.769761723587563,0.2207206243596983,,0.0014041666666666,0.003202487715711,0.0016955930487963,-0.0013973675403068,-0.0016887939224365,4,7,7,280503,600,26935,1.4261183021762724e-05,26410,5.037582739084128e-05,23665,-2.5057562420376693e-06,26929,-4.0852999752020674e-06,25778,1.216820003363366e-05,26415,2.1043894270677256e-05,26607,-4.406056967483552e-05,0,11,signflip_day_realtiming_negative
S5_DONCHIAN_MFI,5m,4,is,fingrad_exact,False,False,6674,3334,3340,-5.818162223023147e-05,-9.673572994084518e-05,-1.9696773395744605e-05,3.1301740863062265e-06,7.047666875223784e-05,-0.8699587736202538,0.8078385328156155,0.7803660565723793,-0.7513935952366554,0.0058601919592465,0.4820991747637013,0.3148677480260974,,0.0014041666666666,0.003202487715711,0.0016955930487963,-0.0014623482888968,-0.0017537746710265,4,7,7,280503,600,552,-7.268545800598366e-05,615,0.0001011231699472,710,-0.0003036142643427,1690,-0.0002190995677228,798,5.7273178701504846e-05,847,6.172816019677069e-05,1462,5.29987177712887e-05,0,11,signflip_day_realtiming_negative
S6_EMA_DMI_ADX,5m,4,is,fingrad_exact,False,False,14519,7316,7203,-3.54417845651816e-05,-4.162084108246806e-05,-2.9165791578860937e-05,-3.047933335277518e-06,4.4783872734714224e-05,-0.7233374259925043,0.7652636976728113,0.7670549084858569,-0.7318195195665658,-0.0019669749729396,-0.1772314190594227,0.570336691272752,,0.0014041666666666,0.003202487715711,0.0016955930487963,-0.0014396084512318,-0.0017310348333615,2,7,7,280503,600,2356,-0.0001033721915287,2102,-3.198252835996506e-05,1957,3.544266940152515e-05,2074,9.082572432166832e-06,1749,-1.8147602687333583e-05,2036,-0.0001188925452086,2245,-8.107034452430177e-06,0,11,signflip_day_realtiming_negative
N01_ST_EMA,5m,4,is,fingrad_exact,False,False,66576,32264,34312,-5.174396741872983e-06,-1.2346305041869034e-05,1.5694377589160288e-06,2.867367356850837e-07,2.3604016560628208e-05,-0.2313645842236573,0.5914842117645177,0.6006655574043261,-0.2612008917037135,0.0008264817902968,0.1658073755527312,0.4341542708095994,,0.0014041666666666,0.003202487715711,0.0016955930487963,-0.0014093410634085,-0.0017007674455382,3,7,7,280503,600,10082,-7.000050530165135e-06,9865,-1.2427532796625356e-05,8578,9.358269495111503e-06,9565,6.224236345243211e-05,9507,-1.9264584280870584e-05,9683,-8.499417924891231e-05,9296,1.92776550420367e-05,0,11,signflip_day_realtiming_negative
N02_ST_KST,5m,4,is,fingrad_exact,False,False,56137,27151,28986,2.8567905772473223e-05,4.879526830395485e-05,9.621065225579622e-06,-3.5028480920609975e-07,2.563524503799933e-05,1.128063747345253,0.1296464990490498,0.129783693843594,1.2179491149113308,0.0028058251178906,0.6537758240451617,0.2566281221575962,,0.0014041666666666,0.003202487715711,0.0016955930487963,-0.0013755987608941,-0.0016670251430238,5,7,7,280503,600,8383,-4.3290996463304415e-06,8176,1.6357789923304962e-05,7410,0.0001612411387686,8139,-1.59776149963395e-05,8121,1.660560449422338e-05,8073,2.5283644442583392e-05,7835,1.3087692759199837e-05,0,11,signflip_day_realtiming_negative
N03_ADX_GC,5m,4,is,fingrad_exact,False,False,2162,1063,1099,0.0002197639333388,9.13554507999e-05,0.0003439661325553,1.7751068246796655e-06,0.0001180422334293,1.8467019826827888,0.032395172098624,0.038269550748752,1.3725721410177767,0.011424024261292,0.5538307166137251,0.2898473522370987,,0.0014041666666666,0.003202487715711,0.0016955930487963,-0.0011844027333277,-0.0014758291154574,5,7,7,280503,600,300,-9.0082177383554e-05,288,0.0001662848334198,274,0.0002895946203709,311,0.0003535424983502,327,0.0004328991928063,326,0.000785318495686,336,-0.0003946674510151,0,11,signflip_day_realtiming_negative
N07_ICHI_CMO,5m,4,is,fingrad_exact,False,False,25481,12668,12813,4.869570708358896e-05,1.2067397695591474e-06,9.564725925202176e-05,8.016285031300845e-07,3.778453023344609e-05,1.2675578678510082,0.1024779429558355,0.0965058236272878,1.441671924667127,0.0054527842406244,0.7735543459481861,0.2195971894691896,,0.0014041666666666,0.003202487715711,0.0016955930487963,-0.001355470959583,-0.0016468973417127,4,7,7,280503,600,3764,-6.65408613607511e-05,3756,-3.4948731011553595e-05,3314,0.0002717588856804,3663,2.4023380482751263e-05,3817,0.0001393390535272,3642,4.237081668339896e-05,3525,-1.4818644961530964e-05,0,11,signflip_day_realtiming_negative
N08_ICHI_WR,5m,4,is,fingrad_exact,False,False,3666,1821,1845,4.922925506566224e-06,-1.751374648313432e-05,2.7067738348433263e-05,-8.122370462713759e-07,9.53840004761087e-05,0.060127091799574,0.476027206428692,0.4675540765391014,0.0592455856270041,-0.0185475956820106,-1.1175333602285216,0.868116828018513,,0.0014041666666666,0.003202487715711,0.0016955930487963,-0.0013992437411601,-0.0016906701232898,4,7,7,280503,600,527,-0.0001072563340516,507,-0.0004683663853436,435,0.0005190180242607,548,0.0001140196734445,538,6.416463497152185e-05,490,-0.0001439938589322,621,9.6318979037996e-05,0,11,signflip_day_realtiming_negative
N09_ALLIG_AROON,5m,4,is,fingrad_exact,False,False,27808,13887,13921,9.113310115401788e-06,1.9271768035536464e-05,-1.0203372617198458e-06,-2.576546981639364e-08,3.388787163047244e-05,0.269685735500727,0.393701017747424,0.3727121464226289,0.2553437745943233,0.0012023909798713,0.2276233040645653,0.4099695507314367,,0.0014041666666666,0.003202487715711,0.0016955930487963,-0.0013950533565512,-0.0016864797386809,4,7,7,280503,600,4089,1.692897002221978e-05,3988,-4.798512134134008e-05,3500,0.000115620298463,3956,-4.70617648839407e-05,4027,0.0001061769672522,4139,-0.0001225517898292,4109,5.7614393140975206e-05,0,11,signflip_day_realtiming_negative
N10_HA_PSAR,5m,4,is,fingrad_exact,False,False,82685,41643,41042,2.830403282086766e-05,3.3561118102691e-05,2.2969965222042816e-05,-1.0080691564310666e-06,2.1583554119489957e-05,1.3580757745004512,0.0872198206608853,0.0881863560732113,1.448049204601842,0.0035202198255429,1.0169533022952046,0.1545878223744879,,0.0014041666666666,0.003202487715711,0.0016955930487963,-0.0013758626338457,-0.0016672890159755,5,7,7,280503,600,7987,-9.631627832395417e-06,9410,2.2553620202994826e-05,11411,7.199024439789635e-05,14738,1.7865811007495242e-06,11386,-1.4060271184558891e-05,11950,5.051086022352832e-05,15803,5.7817588820450906e-05,0,11,signflip_day_realtiming_negative
N12_ICHI_AO,5m,4,is,fingrad_exact,False,False,28947,14345,14602,2.8678717051386735e-05,-3.710387796677795e-05,9.330351677303942e-05,1.349544947012283e-07,3.644684399200429e-05,0.7831614326592293,0.2167661598337232,0.2279534109816971,0.8780356851598823,0.0085728286118099,1.370326814206746,0.0852924531785598,,0.0014041666666666,0.003202487715711,0.0016955930487963,-0.0013754879496152,-0.0016669143317449,4,7,7,280503,600,4190,9.49874735718917e-06,4264,-1.8256226874965716e-05,3866,3.579304659680729e-05,4157,9.412764673184736e-05,4157,0.0001441607893356,4119,-4.662296411266902e-05,4194,-1.6378954516246298e-05,0,11,signflip_day_realtiming_negative
N14_ICHI_RSI,5m,4,is,fingrad_exact,False,False,3,1,2,-0.0005500213985027,8.357011532678094e-05,-0.0008668171554174,0.0001598110278834,0.0025126071253531,-0.2825083234158197,0.611223117377232,0.6522462562396006,-1.6063848055380547,-0.2922982547653251,-0.5852247172049853,0.7208016864268186,,0.0014041666666666,0.003202487715711,0.0016955930487963,-0.0019541880651693,-0.002245614447299,0,0,7,280503,600,1,-0.0010918250198814,1,-0.0006418092909534,0,,0,,0,,1,8.357011532678094e-05,0,,0,11,signflip_day_realtiming_negative
N17_KC_RSI,5m,4,is,fingrad_exact,False,False,221384,113967,107417,-2.044080040812869e-05,9.512874129998432e-05,-0.0001430574622014,3.899802804465714e-07,2.747047025929371e-05,-0.7582972003010346,0.7758634585202423,0.7870216306156406,-1.209489607705187,-0.0015908450846509,-0.3930757154502435,0.6528682201291743,,0.0014041666666666,0.003202487715711,0.0016955930487963,-0.0014246074670747,-0.0017160338492044,2,7,7,280503,600,29755,-4.991096577836684e-05,33448,-5.465963258505322e-05,31290,7.729649771077358e-05,29188,-1.7703568797465335e-05,28825,-9.609392073342648e-05,32647,-7.139746999723305e-05,36231,5.484349978521164e-05,0,11,signflip_day_realtiming_negative
N18_VWMA_MACD,5m,4,is,fingrad_exact,False,False,201521,98763,102758,8.171970907896489e-05,8.588557440264801e-05,7.771580323257905e-05,-6.401696861835209e-08,2.1139303102388656e-05,3.868799536648018,5.4686257806847374e-05,0.0016638935108153,6.378608764534081,0.0122370372326791,3.4114449222663072,0.0003230977738116,,0.0014041666666666,0.003202487715711,0.0016955930487963,-0.0013224469575877,-0.0016138733397174,7,7,7,280503,600,29430,9.304422868654752e-05,28934,0.000109552105649,26666,8.388556522539942e-05,29922,0.0001084803151472,28882,3.539749320707582e-05,29101,4.570963554760388e-05,28586,9.531862601250613e-05,0,11,signflip_day_realtiming_negative
N22_VORTEX_PSAR,5m,4,is,fingrad_exact,False,False,153191,76634,76557,8.746152622570088e-06,1.81642901581366e-05,-6.81457548943996e-07,-9.716080115782288e-07,1.6614678038423436e-05,0.5848900960749784,0.2793108091963594,0.281198003327787,0.6640090128315886,0.0013971111911741,0.510856444152382,0.3047257910127633,,0.0014041666666666,0.003202487715711,0.0016955930487963,-0.001395420514044,-0.0016868468961737,4,7,7,280503,600,22113,2.0152354302176068e-05,22412,-4.140435716902203e-06,20262,-1.6507064873727375e-05,22065,4.037839567689656e-05,22029,-2.358333598463052e-05,22420,5.779176084990213e-06,21890,3.748119367053511e-05,0,11,signflip_day_realtiming_negative
N23_HA_ST,5m,4,is,fingrad_exact,False,False,219947,106743,113204,2.4957658777429694e-05,4.879978276242411e-05,2.4762991034759624e-06,-1.4264981790056805e-06,1.5621483958648494e-05,1.688966107591101,0.0456129625915531,0.0482529118136439,2.0027409543014816,0.0056308768548866,2.382763082481463,0.0085916245309089,,0.0014041666666666,0.003202487715711,0.0016955930487963,-0.0013792090078892,-0.0016706353900189,6,7,7,280503,600,25623,3.721819951709304e-05,28892,2.7054158913722647e-05,30630,7.662680410454594e-05,34543,-1.2040210274032385e-05,31208,6.432855473697653e-06,32300,3.443217231807366e-05,36751,1.3876676657350864e-05,0,11,signflip_day_realtiming_negative
N24_DMI,5m,4,is,fingrad_exact,False,False,88141,44589,43552,1.8033484790706556e-05,2.312152089760141e-05,1.2824299403805035e-05,-1.9273509611610722e-07,2.179653642772659e-05,0.8361979871094447,0.201521765313221,0.1913477537437604,1.0785238101807355,0.0002458941793828,0.0673671616895554,0.4731447054775183,,0.0014041666666666,0.003202487715711,0.0016955930487963,-0.0013861331818759,-0.0016775595640056,4,7,7,280503,600,12289,-1.6419792208708952e-05,11992,-2.9774544369652884e-05,11736,0.0001245209978845,13113,2.67758717179166e-05,12281,2.766780529533014e-05,13103,8.111444948324283e-07,13627,-1.06983449672171e-06,0,11,signflip_day_realtiming_negative
N25_DST_CCI,5m,4,is,fingrad_exact,False,False,98093,48147,49946,-7.536547539596171e-06,-2.5931922849774463e-05,1.0196246579235254e-05,-2.3949636210291955e-06,2.0709299672303022e-05,-0.2482741570176522,0.5980388535747021,0.6306156405990017,-0.5264261493118927,-0.0006495862396321,-0.0517276873926832,0.5206271622909445,,0.0014041666666666,0.003202487715711,0.0016955930487963,-0.0014117032142062,-0.0017031295963359,3,7,7,280503,600,14387,4.499383942508915e-05,14303,2.62965090732786e-05,12565,3.644714640519002e-05,14519,-2.3396447572624668e-05,14405,-4.73742966530681e-05,14515,-3.877335747633898e-05,13399,-4.744915591486211e-05,0,11,signflip_day_realtiming_negative
S1_EMA_RSI_CHOP,5m,4,is,fingrad_approx,True,False,256,156,100,0.00034903392579,0.0005310075812967,6.51550231995568e-05,4.451998967728102e-06,0.0003446996909943,0.9996583571871476,0.158737935611798,0.1530782029950083,0.5961457404728135,0.1643146582048072,2.457676758868718,0.0069919487950697,,0.0014041666666666,0.003202487715711,0.0016955930487963,-0.0010551327408766,-0.0013465591230063,5,7,7,280503,600,60,0.0007157441183615,46,-6.130806812141577e-06,27,-0.0007309500411799,25,2.466834280379082e-06,25,0.0013583839198799,27,0.0010495608914843,46,8.839767829759053e-05,0,11,signflip_day_realtiming_negative
S3_CMO_SANDWICH,5m,4,is,fingrad_approx,True,False,14975,7436,7539,-4.718962253324283e-05,6.482507806114079e-08,-9.379846620450644e-05,-1.9974254328757267e-06,4.560668059853721e-05,-0.990911781065176,0.8391356704125879,0.8336106489184693,-1.1482403101879264,0.0079139597492908,0.9441228010220128,0.1725534494692581,,0.0014041666666666,0.003202487715711,0.0016955930487963,-0.0014513562891999,-0.0017427826713296,2,7,7,280503,600,2421,-1.9365562628816476e-05,2372,4.290882666587157e-05,1838,-0.0003012573963161,2085,0.0001288184416704,2065,-4.8940044390758765e-05,2169,-9.07412421298454e-05,2025,-8.817615692331235e-05,0,11,signflip_day_realtiming_negative
S4_BB_BBP,5m,4,is,fingrad_approx,True,False,64697,32217,32480,4.473344159628334e-05,9.249048854001254e-05,-2.636902658215536e-06,5.426105713673346e-07,2.62140180685634e-05,1.6857709836520984,0.0459199593245331,0.0565723793677204,2.102181810198451,0.0081899316838172,1.8400619907374145,0.0328795683762379,,0.0014041666666666,0.003202487715711,0.0016955930487963,-0.0013594332250703,-0.0016508596072,7,7,7,280503,600,9230,6.524642306586487e-05,9426,7.708364158869222e-05,8674,2.3826048852582904e-05,9479,1.885459672927197e-05,9193,4.460315331886976e-05,9437,7.221212200133146e-05,9258,9.549808437112757e-06,0,11,signflip_day_realtiming_negative
N04_ST_KLINGER,5m,4,is,fingrad_approx,True,False,171549,83496,88053,1.4231871079765388e-05,6.57985553417245e-05,-3.466608661771837e-05,-5.671696124528349e-07,1.5754606863626637e-05,0.9393468729699264,0.1737763400920458,0.1780366056572379,1.0419321260567913,0.0026750315728964,1.0884688338158683,0.1381940940050495,,0.0014041666666666,0.003202487715711,0.0016955930487963,-0.0013899347955869,-0.0016813611777166,5,7,7,280503,600,26080,3.262176454457406e-05,26430,-4.352133551933018e-06,23198,5.12485829268895e-05,22465,2.24229096565318e-05,24038,2.1957422839258084e-05,25483,8.007579736277316e-06,23855,-3.012997084400918e-05,0,11,signflip_day_realtiming_negative
N05_PSAR_POC,5m,4,is,fingrad_approx,True,False,15393,7788,7605,1.1157437627585514e-05,3.3344113232170735e-05,-1.1563118533954227e-05,-1.150450210278152e-06,4.483486764367982e-05,0.2745159846501444,0.3918440606523548,0.389351081530782,0.2646741599103409,0.0007383969954485,0.0995614617301613,0.4603462454178382,,0.0014041666666666,0.003202487715711,0.0016955930487963,-0.001393009229039,-0.0016844356111687,4,7,7,280503,600,2912,-2.9613865355304384e-05,2620,1.3211236491158924e-05,1851,3.089082727790228e-05,2016,5.509265714499486e-05,2025,0.000230737376808,2118,-0.0001235872309493,1851,-8.123315898008906e-05,0,11,signflip_day_realtiming_negative
N06_MACD_ORB,5m,4,is,fingrad_approx,True,False,8027,3962,4065,0.0001535547056255,0.0002933817701652,1.727061467694771e-05,1.93248691506303e-06,6.364250901620051e-05,2.38240479601341,0.0085999894045993,0.0066555740432612,2.4801159823119527,0.0135719028272775,1.1356299084678902,0.1280557431079251,,0.0014041666666666,0.003202487715711,0.0016955930487963,-0.001250611961041,-0.0015420383431707,6,7,7,280503,600,1331,0.0002348400336434,1167,4.881823519240856e-05,1038,-2.4517499186683495e-07,1139,9.247107181336106e-05,1161,0.0002292911685847,1179,6.0767355192988746e-05,1012,0.0004151371928402,0,11,signflip_day_realtiming_negative
N11_BREAKAWAY,5m,4,is,fingrad_approx,True,False,774,407,367,-0.000110118986507,-0.0002161547258441,7.473781640584425e-06,-4.331125508780818e-06,0.0002017498484853,-0.524351625503065,0.6999830020620251,0.7237936772046589,-0.512487808452224,-0.0155948563092974,-0.4198241718908893,0.662693047335587,,0.0014041666666666,0.003202487715711,0.0016955930487963,-0.0015142856531737,-0.0018057120353034,1,7,7,280503,600,82,0.0004193441875608,94,-9.68984787448512e-05,123,-0.0001608651433964,120,-0.0001206793639504,102,-0.0002257452160205,100,-0.0002331895125233,153,-0.0001954049825895,0,11,signflip_day_realtiming_negative
N13_3OUTSIDE,5m,4,is,fingrad_approx,True,False,15366,7606,7760,5.314017100701058e-05,-5.586708307301525e-05,0.0001599841367973,-2.213601531708254e-06,4.542077413432718e-05,1.2186884436406973,0.111481232906461,0.1148086522462562,1.2468185812588477,0.0181158754106303,2.3686981934488296,0.0089254066841782,,0.0014041666666666,0.003202487715711,0.0016955930487963,-0.0013510264956596,-0.0016424528777893,5,7,7,280503,600,1805,-6.788408559101666e-05,2152,4.3665364874723e-05,2149,0.0001140969576852,2248,-9.132061624881648e-05,2056,0.0001774499561039,2414,5.817940651545019e-05,2542,0.0001179885771671,0,11,signflip_day_realtiming_negative
N15_KC_AO,5m,4,is,fingrad_approx,True,False,136,70,66,0.0001837667892736,0.0005824202941979,-0.0002390475341309,-2.580231045475172e-06,0.0004786844058475,0.3892899330804915,0.3485308411939195,0.3194675540765391,0.2466310063403264,0.0406957410974599,0.5248193918724635,0.2998543748071798,,0.0014041666666666,0.003202487715711,0.0016955930487963,-0.001220399877393,-0.0015118262595227,4,6,7,280503,600,26,0.0001765501819998,27,-0.0026660607511509,5,0.0065056110909093,18,-0.0002030290486855,15,0.0024490782822886,20,0.0004232702292408,25,0.0007324202997175,0,11,signflip_day_realtiming_negative
N16_BBRSI,5m,4,is,fingrad_approx,True,False,22859,11434,11425,-9.44986889828796e-05,-0.0001327163996506,-5.625087245986187e-05,-2.609678549164219e-07,4.023290267688687e-05,-2.342304801738831,0.9904174719238756,0.995008319467554,-2.513366284454198,-0.0107427423546693,-1.46847191982776,0.929011960849259,,0.0014041666666666,0.003202487715711,0.0016955930487963,-0.0014986653556495,-0.0017900917377792,1,7,7,280503,600,3626,-5.454784649688304e-05,3549,-0.0001004322474135,2826,-2.067013834048024e-05,3105,3.7396354177705263e-05,2970,-0.000100105118064,3302,-0.0002269858265519,3481,-0.0001771914572933,0,11,signflip_day_realtiming_negative
N19_FIB_CHOP,5m,4,is,fingrad_approx,True,False,15485,7611,7874,-1.8116445504353074e-05,0.0001719167602352,-0.0002018023394444,-2.483707239088189e-06,5.283080306895995e-05,-0.2959019616805654,0.6163475235421091,0.6306156405990017,-0.3462297619130264,-0.0022054560801235,-0.0982555221226827,0.5391353022870072,,0.0014041666666666,0.003202487715711,0.0016955930487963,-0.001422283112171,-0.0017137094943007,3,7,7,280503,600,1927,4.210783891327119e-05,2010,-0.0002575861791609,1870,5.112250187755888e-05,2476,0.0001120451071721,2419,-1.7560826353646934e-06,2116,-9.565948159173104e-05,2667,-3.856798287792819e-06,0,11,signflip_day_realtiming_negative
N20_EMA9_CHOP,5m,4,is,fingrad_approx,True,False,95158,48539,46619,2.3575862427941443e-05,-1.8694882483470743e-05,6.75875247813818e-05,1.1051686260280266e-06,2.3014190252128352e-05,0.9763842896812468,0.1644370319174887,0.151414309484193,1.564728183706045,0.0028231826759944,0.661734397767421,0.254070727880302,,0.0014041666666666,0.003202487715711,0.0016955930487963,-0.0013805908042387,-0.0016720171863684,5,7,7,280503,600,13140,1.935508595909224e-05,12737,8.198287224604945e-05,12509,6.838620054465204e-05,14507,-1.9447341448847416e-05,13401,4.13592970524349e-05,14117,-2.574909133513396e-05,14747,1.2261058247876273e-05,0,11,signflip_day_realtiming_negative
V39_ALL,5m,4,is,pine,False,False,66845,32925,33920,-3.750597657495734e-05,-5.945139151688214e-05,-1.62043024310047e-05,-3.328739700243053e-07,2.4801108519065308e-05,-1.4988484315673645,0.9330435214993872,0.9351081530782028,-1.9493945166449411,0.0003035098644137,0.0637391346395639,0.4745889715745488,,0.0014041666666666,0.003202487715711,0.0016955930487963,-0.0014416726432416,-0.0017330990253713,3,7,7,280503,600,10051,3.491688734437608e-05,10486,1.388282211550311e-06,8927,1.7581773927488223e-06,9008,-8.232219348805558e-05,9750,-0.0001664953582379,9891,-1.1451155373297354e-05,8732,-4.696953460253401e-05,0,11,signflip_day_realtiming_negative
OBV_S,5m,4,is,pine,False,False,25300,12616,12684,4.165296000504412e-05,6.305778329364104e-05,2.0362889789895985e-05,8.362715998854039e-07,3.655157620081709e-05,1.1166875042791256,0.1320639812458857,0.124792013311148,1.2982166342712615,0.0088364939492611,1.2826872299094365,0.099800837807885,,0.0014041666666666,0.003202487715711,0.0016955930487963,-0.0013625137066616,-0.0016539400887913,4,7,7,280503,600,3854,2.673704046154865e-05,3619,-1.88849447919249e-06,3048,0.0002406255651851,3760,-8.336535780514348e-05,3626,-3.8526619044071954e-05,3686,0.0001048555484603,3707,7.845610666328088e-05,0,11,signflip_day_realtiming_negative
OBV_B,5m,4,is,pine,False,False,66937,33662,33275,2.6128736653752536e-05,1.894686959082559e-05,3.339413136666754e-05,-1.1644195482807215e-06,2.340682565691616e-05,1.1660340706630068,0.1218003352926482,0.1214642262895174,1.2763488868508248,0.005980580372661,1.4138556290441069,0.0787021480703709,,0.0014041666666666,0.003202487715711,0.0016955930487963,-0.0013780379300129,-0.0016694643121426,4,7,7,280503,600,10271,-1.8526815250355686e-05,10071,6.997251916354344e-05,8877,6.62718560742348e-05,9135,5.927285449855647e-05,9552,-9.1132940125419e-05,9873,-5.388955509742358e-06,9158,0.0001123093616447,0,11,signflip_day_realtiming_negative
V45_AMB,5m,4,is,v45,False,True,30610,14518,16092,-4.280650851448828e-06,1.3729306461638391e-05,-2.052900781586595e-05,-3.65997727247317e-06,3.983968667672311e-05,-0.0155792786226477,0.5062149815292873,0.502495840266223,-0.1748306222111098,0.0026470519887369,0.5747197407180589,0.2827404271981939,,0.0014041666666666,0.003202487715711,0.0016955930487963,-0.0014084473175181,-0.0016998736996478,3,7,7,280503,600,4378,-1.3045864832513625e-06,4259,-1.00502324039057e-05,4053,-0.0001035847114275,4686,4.714292694995761e-05,4583,6.285261754818053e-05,4517,-8.705492383292904e-05,4134,5.359828769410358e-05,0,11,signflip_day_realtiming_negative
DOGE_L,5m,4,is,doge,False,True,8556,3981,4575,-0.0002239171185836,-0.0002163928508041,-0.0002304644650384,-1.9108491411887035e-06,6.419441323484305e-05,-3.458342529439983,0.999728245052368,1.0,-3.484202718832592,-0.0275211294525264,-2.282640973514078,0.9887742373268424,,0.0014041666666666,0.003202487715711,0.0016955930487963,-0.0016280837852503,-0.00191951016738,0,7,7,280503,600,1032,-7.506097445585124e-07,1178,-5.03019201304542e-05,1229,-0.000149152476199,1265,-0.0002798252592916,1190,-0.0003354881130618,1247,-0.0002306807993616,1415,-0.0004463798005878,0,11,signflip_day_realtiming_negative
DOGE_S,5m,4,is,doge,False,True,8420,3870,4550,1.0207857472825882e-05,0.0001041362590194,-6.968289285361748e-05,-4.507244317621304e-08,6.331641976774446e-05,0.1619316119517118,0.4356798543006056,0.4309484193011647,0.1483377056246735,0.0078148488024555,0.7295693257123287,0.2328267388571785,,0.0014041666666666,0.003202487715711,0.0016955930487963,-0.0013939588091938,-0.0016853851913235,3,7,7,280503,600,933,9.8460038404769e-05,1077,-0.0001156704603383,1229,0.0002509935337469,1277,0.0001783564652369,1224,-0.0001192647378531,1229,-1.7695764630327515e-05,1451,-0.000172184765917,0,11,signflip_day_realtiming_negative
S2_ST_ROC,5m,16,is,fingrad_exact,False,False,182738,89112,93626,7.767256685600015e-05,9.260264894232644e-05,6.346231035805399e-05,-4.833653414249122e-06,4.216112223315535e-05,1.95692656884182,0.02517805116263,0.0199667221297836,3.1873886725807976,0.0066065335146962,2.123157718127552,0.0168703188674033,,0.0014166666666666,0.0063301758830865,0.0019927126720275,-0.0013389940998106,-0.0019150401051715,7,7,7,280491,600,26934,9.238733231390274e-05,26410,0.0001255197828666,23665,0.0001529480755932,26929,7.31898516694444e-05,25778,6.274848595736228e-05,26415,3.515851259692987e-05,26607,9.535210369596862e-06,0,11,signflip_day_realtiming_negative
S5_DONCHIAN_MFI,5m,16,is,fingrad_exact,False,False,6674,3334,3340,0.0001171615787643,5.302286465786122e-05,0.000181185073624,-5.206497035729776e-06,0.0001390984527937,0.8797227671652023,0.1895047563231943,0.2029950083194675,0.8367350487326801,0.0116735187398708,1.0093196187597306,0.1564106870952797,,0.0014166666666666,0.0063301758830865,0.0019927126720275,-0.0012995050879022,-0.0018755510932631,3,7,7,280491,600,552,-0.000430168671342,615,-0.0004439527036976,710,-1.9404178072414577e-05,1690,0.0001835102486823,798,0.0013179750422662,847,-8.850486075062197e-05,1462,1.319054412726124e-05,0,11,signflip_day_realtiming_negative
S6_EMA_DMI_ADX,5m,16,is,fingrad_exact,False,False,14519,7316,7203,-4.513762854996141e-05,0.0001184031258436,-0.0002112439952226,1.089491550129393e-06,8.155999877759897e-05,-0.5667866698495759,0.7145704358785304,0.7287853577371048,-0.4922953578079488,-0.0002342178556453,-0.0641759938416026,0.5255849539390706,,0.0014166666666666,0.0063301758830865,0.0019927126720275,-0.0014618042952166,-0.0020378503005775,3,7,7,280491,600,2356,-3.834023259549812e-05,2102,2.4598758840022853e-05,1957,7.313157085728026e-05,2074,-0.0001855096078726,1749,0.0001121101781249,2036,-0.0002592167326729,2245,-1.933952038386335e-05,0,11,signflip_day_realtiming_negative
N01_ST_EMA,5m,16,is,fingrad_exact,False,False,66576,32264,34312,1.2713734852258998e-05,-4.906571320614601e-05,7.080571760337751e-05,-5.318200798361559e-06,5.469372287175887e-05,0.3296893080930015,0.370817366687688,0.3777038269550749,0.322162754855565,0.0020744883255542,0.5902212524306661,0.2775211628595047,,0.0014166666666666,0.0063301758830865,0.0019927126720275,-0.0014039529318144,-0.0019799989371752,5,7,7,280491,600,10082,-2.572244013392052e-05,9865,1.4091778102930838e-05,8578,0.0002228031720988,9565,9.659077112555552e-05,9507,7.415551347966898e-05,9683,-0.0002799020887379,9296,1.473181846896279e-05,0,11,signflip_day_realtiming_negative
N02_ST_KST,5m,16,is,fingrad_exact,False,False,56137,27151,28986,6.977649498807264e-05,0.000158516520061,-1.3345716450405455e-05,-6.032528773005135e-06,5.60553822222961e-05,1.352395091348153,0.0881244794375201,0.0881863560732113,1.535816688696092,0.0061617268204911,1.4006443322854931,0.0806602285002541,,0.0014166666666666,0.0063301758830865,0.0019927126720275,-0.0013468901716785,-0.0019229361770394,5,7,7,280491,600,8383,7.90501203121601e-05,8176,3.4089764719191865e-05,7410,0.000291980389827,8139,4.020556479699185e-05,8121,0.0002195080974204,8073,-0.0001372318212224,7835,-2.4238994600989283e-05,0,11,signflip_day_realtiming_negative
N03_ADX_GC,5m,16,is,fingrad_exact,False,False,2162,1063,1099,0.0001148735438218,-0.0001606228315928,0.0003813454701783,-1.743604015323209e-05,0.0002433038222642,0.5438039679925292,0.2932881889970081,0.2712146422628951,0.4243144073874326,0.0048224063984814,0.3397253435715089,0.3670316871436527,,0.0014166666666666,0.0063301758830865,0.0019927126720275,-0.0013017931228448,-0.0018778391282057,4,7,7,280491,600,300,-7.74439640540403e-05,288,0.0007082053956932,274,5.755300632214448e-05,311,0.0004251535052007,327,-0.0004013193226122,326,0.0003830575218839,336,-0.000220270715745,0,11,signflip_day_realtiming_negative
N07_ICHI_CMO,5m,16,is,fingrad_exact,False,False,25481,12668,12813,-6.056297533663392e-05,-0.000153839124634,3.165760214711524e-05,-3.5311720665933168e-06,7.582237379679414e-05,-0.7521764409920383,0.7740275203276554,0.7587354409317804,-0.9305830661087052,-0.0054933538003524,-0.7861941041730731,0.7841231101802867,,0.0014166666666666,0.0063301758830865,0.0019927126720275,-0.0014772296420033,-0.0020532756473641,1,7,7,280491,600,3764,-0.0002200734344158,3756,-0.0002640633212073,3314,0.0002799491586012,3663,-9.615964709282008e-05,3817,-2.592967515846874e-05,3642,-5.2958661691032536e-05,3525,-1.899756397700382e-06,0,11,signflip_day_realtiming_negative
N08_ICHI_WR,5m,16,is,fingrad_exact,False,False,3666,1821,1845,5.371535725334464e-05,-8.026577629367528e-05,0.0001859536467867,-2.580585647284967e-06,0.0001847213624928,0.3047614100551167,0.3802739372364224,0.3876871880199667,0.3194988032827591,-0.01030843557839,-0.6422551174456465,0.7396462245245277,,0.0014166666666666,0.0063301758830865,0.0019927126720275,-0.0013629513094133,-0.0019389973147741,5,7,7,280491,600,527,0.0001663280772118,507,-0.0004180543296507,435,0.000156405112267,548,0.0001591699469261,538,0.0003720554797348,490,0.0002138803633488,621,-0.000223847717805,0,11,signflip_day_realtiming_negative
N09_ALLIG_AROON,5m,16,is,fingrad_exact,False,False,27808,13887,13921,-8.010013203236835e-05,9.426390860299112e-06,-0.0001694079995282,5.347043038001737e-07,7.028550437092299e-05,-1.147247032768353,0.8743602308987443,0.8752079866888519,-1.270494220038107,-0.0089022002103919,-1.4727437979696962,0.9295899340308404,,0.0014166666666666,0.0063301758830865,0.0019927126720275,-0.001496766798699,-0.0020728128040599,2,7,7,280491,600,4089,-5.944436603067488e-05,3988,-0.0001456961130594,3500,1.541601183416235e-05,3956,-0.0001450947206272,4027,0.0002110434061626,4139,-0.000185212236043,4109,-0.0002352299922678,0,11,signflip_day_realtiming_negative
N10_HA_PSAR,5m,16,is,fingrad_exact,False,False,82683,41641,41042,5.299475804816808e-05,0.0001507191422963,-4.615589456328546e-05,2.065456145801801e-06,3.868548566645566e-05,1.3164963816527004,0.0940037460404526,0.0948419301164725,1.4304701076459694,0.0072038363950516,2.244265138813572,0.0124076735703777,,0.0014166666666666,0.0063301758830865,0.0019927126720275,-0.0013636719086184,-0.0019397179139793,6,7,7,280491,600,7987,-4.38911449057704e-05,9410,7.605611128315808e-06,11411,2.58335359648379e-05,14738,4.903522184827238e-05,11386,8.804869175559165e-05,11949,5.560985643596326e-05,15802,0.0001250653838732,0,11,signflip_day_realtiming_negative
N12_ICHI_AO,5m,16,is,fingrad_exact,False,False,28946,14345,14601,4.456744835029282e-06,1.3350644533111056e-05,-4.281217713356654e-06,-1.0664097270253922e-06,7.179032901930045e-05,0.0769345208122643,0.4693378176414328,0.4292845257903494,0.0703498691963133,0.0031573207339014,0.5641091494834436,0.28633992583052,,0.0014166666666666,0.0063301758830865,0.0019927126720275,-0.0014122099218316,-0.0019882559271925,3,7,7,280491,600,4190,-0.0001096622774913,4264,-4.6334291090541855e-05,3866,2.434479194312586e-06,4157,0.0001008446049141,4157,0.0001800098905718,4119,-4.60090183072597e-05,4193,-4.802131934162396e-05,0,11,signflip_day_realtiming_negative
N14_ICHI_RSI,5m,16,is,fingrad_exact,False,False,3,1,2,0.0005524181626082,0.0050142069196055,-0.0016784762158904,-2.785568623496968e-05,0.0049619653256219,0.116944357883122,0.4534520733902948,0.4392678868552412,0.2130577864787339,0.0774472865753414,0.1685479533018745,0.4330761109735908,,0.0014166666666666,0.0063301758830865,0.0019927126720275,-0.0008642485040584,-0.0014402945094193,0,0,7,280491,600,1,0.0006100402332558,1,-0.0039669926650367,0,,0,,0,,1,0.0050142069196055,0,,0,11,signflip_day_realtiming_negative
N17_KC_RSI,5m,16,is,fingrad_exact,False,False,221355,113938,107417,-1.3940374216043534e-05,0.0001681320493644,-0.0002070659297418,5.098797270384136e-06,8.568114453749851e-05,-0.2222095840245824,0.5879246331780409,0.5906821963394343,-0.4832846426366186,0.0024748047106626,0.2700454505318294,0.3935626437867084,,0.0014166666666666,0.0063301758830865,0.0019927126720275,-0.0014306070408827,-0.0020066530462435,2,7,7,280491,600,29749,-0.0001779584834004,33445,-0.0001169402095113,31285,0.0001108159240732,29183,-9.473294016118504e-05,28821,-2.5164210721541505e-05,32644,-0.0001312054900867,36228,0.0002877725968555,0,11,signflip_day_realtiming_negative
N18_VWMA_MACD,5m,16,is,fingrad_exact,False,False,201521,98763,102758,1.5137735994531365e-05,5.4082103911149415e-05,-2.229256245959336e-05,-5.790622482013963e-06,5.204098644522103e-05,0.4021514561138223,0.343786282784921,0.3394342762063227,0.6299028566588364,0.0029247185248593,0.776619813273502,0.2186915542217922,,0.0014166666666666,0.0063301758830865,0.0019927126720275,-0.0014015289306721,-0.001977574936033,5,7,7,280491,600,29430,4.646383926370188e-05,28934,5.430918181051061e-05,26666,7.051179882385948e-05,29922,-8.127067139760047e-05,28882,-1.3893012783308794e-05,29101,6.21289274499729e-06,28586,3.091475004810808e-05,0,11,signflip_day_realtiming_negative
N22_VORTEX_PSAR,5m,16,is,fingrad_exact,False,False,153191,76634,76557,6.562061760718687e-06,3.096012196382805e-05,-1.7860537682899582e-05,-1.7956930227569117e-07,3.103229839340697e-05,0.2172456251073779,0.4140084649638114,0.4193011647254576,0.2512543036846246,0.0016952877157092,0.6653501865827834,0.2529132689636967,,0.0014166666666666,0.0063301758830865,0.0019927126720275,-0.0014101046049059,-0.0019861506102668,3,7,7,280491,600,22113,-9.287803208606757e-06,22412,-8.234808445868103e-05,20262,6.226240177524471e-05,22065,-1.1191930312071848e-05,22029,4.245615702014932e-06,22420,-2.9370791389367763e-05,21890,0.0001190758746752,0,11,signflip_day_realtiming_negative
N23_HA_ST,5m,16,is,fingrad_exact,False,False,219947,106743,113204,9.84588341963696e-05,0.0001683737248999,3.253426281748912e-05,-5.437452980464117e-06,4.348308569500258e-05,2.389349456604325,0.0084391197483971,0.0133111480865224,4.14332441524725,0.0096214101233063,3.0072866879934947,0.001317955227117,,0.0014166666666666,0.0063301758830865,0.0019927126720275,-0.0013182078324702,-0.0018942538378311,7,7,7,280491,600,25623,0.0001328163640325,28892,0.0001348957245617,30630,0.0001600223877543,34543,3.2520993482276006e-05,31208,8.636284419695087e-05,32300,0.0001224685204454,36751,4.569565368253986e-05,0,11,signflip_day_realtiming_negative
N24_DMI,5m,16,is,fingrad_exact,False,False,88141,44589,43552,2.165814748184608e-05,3.6262215708480645e-05,6.70634737720316e-06,3.997139017541673e-08,5.342283263652961e-05,0.404661734033334,0.3428630867900912,0.3344425956738768,0.6360345933619507,-0.000160954989802,-0.0714212295008196,0.5284687429727427,,0.0014166666666666,0.0063301758830865,0.0019927126720275,-0.0013950085191848,-0.0019710545245456,4,7,7,280491,600,12289,1.671805249686928e-05,11992,-3.7357632128058185e-05,11736,0.0002197712763317,13113,-6.690989339134932e-05,12281,-5.527842603877239e-05,13103,3.446396033421612e-06,13627,7.950284805977338e-05,0,11,signflip_day_realtiming_negative
N25_DST_CCI,5m,16,is,fingrad_exact,False,False,98093,48147,49946,3.026691140107411e-07,-2.235956671279264e-05,2.214863612544516e-05,-4.758319201424829e-06,5.442705888294314e-05,0.0929866213480374,0.462957094893679,0.4592346089850249,0.0100404988463413,0.0014334423841447,0.4493134652567876,0.3266027727916146,,0.0014166666666666,0.0063301758830865,0.0019927126720275,-0.0014163639975526,-0.0019924100029135,4,7,7,280491,600,14387,3.933529262317281e-05,14303,2.1298568050190065e-05,12565,0.0001319920069395,14519,2.519966070973795e-05,14405,-6.261601821089888e-05,14515,-7.583572068013263e-05,13399,-6.436859209127108e-05,0,11,signflip_day_realtiming_negative
S1_EMA_RSI_CHOP,5m,16,is,fingrad_approx,True,False,256,156,100,0.0001909246844486,0.0006576784757257,-0.0005372112299436,-1.477736917226366e-05,0.0006899659581149,0.2981336270312718,0.3828005886201772,0.3860232945091514,0.2329000287014219,0.0472664297541616,0.7197789475721584,0.2358305544629685,,0.0014166666666666,0.0063301758830865,0.0019927126720275,-0.0012257419822179,-0.0018017879875788,5,7,7,280491,600,60,0.0002445655729204,46,0.0004577943537269,27,-0.0023266812967359,25,0.0004599672191666,25,0.0044781455669142,27,3.287500143448433e-05,46,-0.0010516479371019,0,11,signflip_day_realtiming_negative
S3_CMO_SANDWICH,5m,16,is,fingrad_approx,True,False,14975,7436,7539,-0.0001165825661887,-0.0001354140217168,-9.800839145650488e-05,-1.4046889946194918e-07,9.087464321155909e-05,-1.2813486047834397,0.8999643760924414,0.9068219633943428,-1.4414387503480286,-0.0012945238518713,-0.1363073502931387,0.5542108432870292,,0.0014166666666666,0.0063301758830865,0.0019927126720275,-0.0015332492328554,-0.0021092952382163,2,7,7,280491,600,2421,-3.0453013054721148e-05,2372,0.0001248025869543,1838,-0.000687138499304,2085,-7.735084437776698e-05,2065,-0.0002025680229987,2169,7.001927788749193e-05,2025,-0.0001370176268267,0,11,signflip_day_realtiming_negative
S4_BB_BBP,5m,16,is,fingrad_approx,True,False,64697,32217,32480,6.340219873539483e-05,0.0001098794063884,1.7301330540900494e-05,-2.1412770177126725e-06,5.589265198676585e-05,1.172667129278939,0.1204646589931276,0.1181364392678868,1.578394362855283,0.0103962598404949,2.1776310871899627,0.0147167565937784,,0.0014166666666666,0.0063301758830865,0.0019927126720275,-0.0013532644679312,-0.0019293104732921,5,7,7,280491,600,9230,6.939691758904229e-05,9426,0.000176260978176,8674,-4.242158083253707e-05,9479,-3.519930328928785e-05,9193,0.000116559066473,9437,0.0001408890204183,9258,1.0853783343630612e-05,0,11,signflip_day_realtiming_negative
N04_ST_KLINGER,5m,16,is,fingrad_approx,True,False,171544,83496,88048,4.383661633334787e-05,0.0001650800526429,-7.11386466834519e-05,-4.856784097670151e-06,4.356846058225272e-05,1.1176295829660987,0.1318626143346382,0.1530782029950083,1.6869718159192617,0.0055524741210006,1.773659389972565,0.0380597537826391,,0.0014166666666666,0.0063301758830865,0.0019927126720275,-0.0013728300503333,-0.0019488760556941,4,7,7,280491,600,26078,6.890635919778064e-05,26429,-1.278648570561264e-05,23197,0.000252896241628,22464,2.7976772109033573e-06,24038,-4.71409509312775e-05,25483,7.43670358025505e-05,23855,-2.6422118002151147e-05,0,11,signflip_day_realtiming_negative
N05_PSAR_POC,5m,16,is,fingrad_approx,True,False,15393,7788,7605,4.199033402418053e-05,-0.000181852317361,0.0002712193371784,5.175086812337575e-06,8.748959722110932e-05,0.4207957103608683,0.3369521321467131,0.3277870216306156,0.5142764779106304,-0.0028159227031742,-0.4006189159130874,0.6556496416345678,,0.0014166666666666,0.0063301758830865,0.0019927126720275,-0.0013746763326424,-0.0019507223380033,4,7,7,280491,600,2912,6.236027091538762e-05,2620,-0.0001304038112738,1851,0.0001570750443056,2016,0.000286684067724,2025,0.0003349353980795,2118,-0.0001593589394915,1851,-0.0002177206086134,0,11,signflip_day_realtiming_negative
N06_MACD_ORB,5m,16,is,fingrad_approx,True,False,8027,3962,4065,0.0001668995321285,0.0002271063427019,0.0001082182569767,-1.3349503294224302e-06,0.0001258212696426,1.3370909619315232,0.0905964735052876,0.0948419301164725,1.446338618253573,0.0061329768572385,0.5669034864907505,0.2853898776511686,,0.0014166666666666,0.0063301758830865,0.0019927126720275,-0.0012497671345381,-0.001825813139899,6,7,7,280491,600,1331,0.0001073911198832,1167,-2.844462562777902e-05,1038,5.882427969023461e-05,1139,0.0003127074077044,1161,0.0002036735814611,1179,6.49768415893956e-05,1012,0.0004937290295796,0,11,signflip_day_realtiming_negative
N11_BREAKAWAY,5m,16,is,fingrad_approx,True,False,774,407,367,5.116120195278751e-06,0.0003553542773714,-0.0003832951331308,2.1536052229237365e-05,0.0004120812492859,-0.0398463459873745,0.5158921866023107,0.5141430948419301,0.0121844256629088,0.0113309688499671,0.3424414536656205,0.3660093482891301,,0.0014166666666666,0.0063301758830865,0.0019927126720275,-0.0014115505464713,-0.0019875965518322,5,7,7,280491,600,82,3.102048390498603e-05,94,0.0007458437906447,123,0.0004316654868959,120,0.000267703381904,102,-0.0002841044035201,100,-0.001779224837287,153,0.0003463317202705,0,11,signflip_day_realtiming_negative
N13_3OUTSIDE,5m,16,is,fingrad_approx,True,False,15365,7605,7760,-4.3899257826206446e-06,-5.443702596774328e-05,4.465752227251565e-05,3.7402601719878768e-06,8.930932446658481e-05,-0.0910340102018176,0.5362672164951804,0.5524126455906821,-0.0518746598752635,0.0076424782850361,0.9424592165150512,0.1729787909733683,,0.0014166666666666,0.0063301758830865,0.0019927126720275,-0.0014210565924492,-0.0019971025978101,4,7,7,280491,600,1805,-0.000178393464178,2151,4.331480402807542e-05,2149,-0.0001983817496371,2248,-0.0002480553960288,2056,0.0003409397385342,2414,0.0001350589487317,2542,4.654813347972391e-05,0,11,signflip_day_realtiming_negative
N15_KC_AO,5m,16,is,fingrad_approx,True,False,136,70,66,-0.0024646314761664,-0.0007679089195956,-0.0042641857028323,2.1940157426249523e-05,0.0008882859052193,-2.7992920060784625,0.9974392600200336,0.9966722129783694,-1.405177973037694,0.0197743709456422,0.2546392963085866,0.3995008526630168,,0.0014166666666666,0.0063301758830865,0.0019927126720275,-0.003881298142833,-0.0044573441481939,1,6,7,280491,600,26,-5.83501121478271e-05,27,-0.0067388874612631,5,0.009468746495667,18,-0.0052744950012122,15,-0.0066927879096078,20,0.0022309669464442,25,-0.0019341263651986,0,11,signflip_day_realtiming_negative
N16_BBRSI,5m,16,is,fingrad_approx,True,False,22859,11434,11425,-0.0001056944476024,-7.337491340182143e-05,-0.0001380394413923,9.828508443647e-07,7.715815588738688e-05,-1.3825796796189624,0.9166031083455616,0.91846921797005,-1.4729111240284918,-0.0071886430104699,-1.0690809126334242,0.8574833941861638,,0.0014166666666666,0.0063301758830865,0.0019927126720275,-0.001522361114269,-0.0020984071196299,2,7,7,280491,600,3626,-0.0001737535879293,3549,-0.0001206164461075,2826,0.0002266327193086,3105,-8.401715668180744e-05,2970,2.375976608510624e-06,3302,-0.000344550938862,3481,-0.000174349711103,0,11,signflip_day_realtiming_negative
N19_FIB_CHOP,5m,16,is,fingrad_approx,True,False,15484,7611,7873,-6.8146955255767e-05,0.0003532677056651,-0.0004755376556582,-4.108754851905233e-06,0.0001243903136294,-0.5148166166267166,0.6966594136645721,0.7104825291181365,-0.6709322174882836,-0.0008857720453898,-0.04930513463473,0.5196619361750952,,0.0014166666666666,0.0063301758830865,0.0019927126720275,-0.0014848136219224,-0.0020608596272833,4,7,7,280491,600,1927,6.375003090769492e-06,2010,-0.0004436876451253,1870,0.0001477005081279,2475,1.3716379178494398e-05,2419,3.931951294721741e-05,2116,-0.0001523280052052,2667,-9.696128642868108e-05,0,11,signflip_day_realtiming_negative
N20_EMA9_CHOP,5m,16,is,fingrad_approx,True,False,95158,48539,46619,4.476365504049704e-05,-4.821080162547579e-05,0.0001415672576941,-1.631036914579518e-06,6.531460855980746e-05,0.7103264182100048,0.2387508704956898,0.232945091514143,1.4334255702215533,0.0026151126006825,0.4549436683429901,0.3245748828614548,,0.0014166666666666,0.0063301758830865,0.0019927126720275,-0.0013719030116261,-0.001947949016987,4,7,7,280491,600,13140,9.11884822553515e-05,12737,0.0001153332590879,12509,0.0002761357912771,14507,-0.0001203240783768,13401,-6.913395090089194e-05,14117,-5.079625826607133e-05,14747,0.0001035679903978,0,11,signflip_day_realtiming_negative
V39_ALL,5m,16,is,pine,False,False,66845,32925,33920,5.311291232052856e-05,4.933987297860815e-05,5.677527435863966e-05,-7.066115558626747e-06,6.277750539439604e-05,0.9586081431730052,0.1688780943529285,0.1564059900166389,1.340095521711749,0.00343898590086,0.754079762400824,0.2254006642897612,,0.0014166666666666,0.0063301758830865,0.0019927126720275,-0.0013635537543461,-0.001939599759707,4,7,7,280491,600,10051,0.0001336696557024,10486,0.0002047475559999,8927,0.0001615504254089,9008,-0.0001090326328857,9750,-3.651144253996121e-05,9891,-6.993626900027719e-05,8732,7.416027865781896e-05,0,11,signflip_day_realtiming_negative
OBV_S,5m,16,is,pine,False,False,25300,12616,12684,9.388099184356384e-06,7.88204426193088e-06,1.08860800185822e-05,-3.959653917220811e-06,8.047318160104045e-05,0.1658658553821192,0.4341312593468282,0.4176372712146423,0.1460327931888551,0.0020901469868902,0.3593266579972389,0.3596753669962041,,0.0014166666666666,0.0063301758830865,0.0019927126720275,-0.0014072785674823,-0.0019833245728431,3,7,7,280491,600,3854,-6.302349607740737e-05,3619,-0.0001554521620132,3048,0.0003855185991035,3760,-4.579699057545947e-05,3626,0.0001171635711631,3686,6.0979159732698565e-05,3707,-0.0001644120474087,0,11,signflip_day_realtiming_negative
OBV_B,5m,16,is,pine,False,False,66932,33657,33275,9.028177705109531e-05,0.0001003311031306,8.011708380208392e-05,-4.113047544674178e-07,4.9256425189086966e-05,1.841243684603736,0.0327929281391291,0.0482529118136439,2.222026862034039,0.0077890255922598,1.762824650780369,0.0389650342374086,,0.0014166666666666,0.0063301758830865,0.0019927126720275,-0.0013263848896155,-0.0019024308949764,6,7,7,280491,600,10270,-1.5567003923491527e-06,10071,7.937140340173814e-05,8876,0.0001104881098966,9134,2.8976262545305448e-05,9551,0.0002070006015602,9873,5.110556279290072e-05,9157,0.0001673460957155,0,11,signflip_day_realtiming_negative
V45_AMB,5m,16,is,v45,False,True,30610,14518,16092,7.074562852312146e-05,6.82284879672689e-05,7.301656107282738e-05,-4.134392405361245e-06,9.296626462685917e-05,0.8054536904223307,0.2102789598240518,0.2196339434276206,1.375894460231509,0.0084862300125066,1.231576101809407,0.1090537363247938,,0.0014166666666666,0.0063301758830865,0.0019927126720275,-0.0013459210381435,-0.0019219670435044,5,7,7,280491,600,4378,-4.893686061997332e-05,4259,0.000278397534852,4053,0.0001551062415361,4686,5.428678793659072e-05,4583,0.0001986244695537,4517,-0.0001598465293483,4134,2.9697994155056248e-05,0,11,signflip_day_realtiming_negative
DOGE_L,5m,16,is,doge,False,True,8556,3981,4575,-0.0002107373765054,-0.0005046374582843,4.500387498352165e-05,-3.32757051825545e-06,0.0001549153246747,-1.3388591891897337,0.909691741195999,0.903494176372712,-1.6271286980475828,-0.0036303116665094,-0.2382744692709206,0.5941658891368042,,0.0014166666666666,0.0063301758830865,0.0019927126720275,-0.001627404043172,-0.0022034500485329,3,7,7,280491,600,1032,-0.0001734557478714,1178,2.7870970895228782e-05,1229,-0.0004053366334744,1265,2.809650105651418e-05,1190,-0.0006351665123526,1247,0.0001363171761095,1415,-0.0004299769508813,0,11,signflip_day_realtiming_negative
DOGE_S,5m,16,is,doge,False,True,8420,3870,4550,0.0001987604414259,0.0003073440773335,0.000106404689566,-1.287957734663342e-05,0.0001618269096934,1.3078172176281784,0.0954676564415063,0.0981697171381031,1.4107511269933195,0.0024560674401661,0.3088839362020116,0.378704908377355,,0.0014166666666666,0.0063301758830865,0.0019927126720275,-0.0012179062252407,-0.0017939522306015,4,7,7,280491,600,933,-0.0002782524426679,1077,-0.0003620662880964,1229,0.0017284778452042,1277,0.0004852322769925,1224,7.49047092285811e-05,1229,0.0001485854945371,1451,-0.0004790613289192,0,11,signflip_day_realtiming_negative
S2_ST_ROC,5m,64,is,fingrad_exact,False,False,182716,89107,93609,0.0002743765716361,0.0004277106917946,0.0001284168514706,-3.0712719528699325e-06,0.0001380123986696,2.01031100294826,0.0221991415368748,0.0249584026622296,5.755227531895657,0.0118701724485959,2.121780565374275,0.0169280847040486,,0.0014666666666666,0.0127905695741504,0.0026306084979143,-0.0011922900950305,-0.0023562319262782,6,7,7,280443,600,26932,0.0003080291741625,26406,0.0003201221007264,23662,0.0006667155942519,26924,0.0003560429410168,25776,0.0002142807680286,26413,0.0001734992965744,26603,-7.833172121644749e-05,0,11,signflip_day_realtiming_negative
S5_DONCHIAN_MFI,5m,64,is,fingrad_exact,False,False,6674,3334,3340,0.0002630542464279,0.0005135508706802,1.3007616111395211e-05,-9.201701591310016e-06,0.0002739522222405,0.9938081384870838,0.1601581415940137,0.1663893510815307,1.0872909114472926,0.0044793167857047,0.4163121524303586,0.3385908005967525,,0.0014666666666666,0.0127905695741504,0.0026306084979143,-0.0012036124202387,-0.0023675542514864,6,7,7,280443,600,552,0.0001796123698762,615,0.0001118377837874,710,0.0006477505666129,1690,0.0002561237696039,798,0.0015180744561257,847,0.0001824793135261,1462,-0.0004589861094471,0,11,signflip_day_realtiming_negative
S6_EMA_DMI_ADX,5m,64,is,fingrad_exact,False,False,14518,7316,7202,2.912158220500682e-06,7.919052019864419e-05,-7.457360909859097e-05,-1.1493212347598449e-05,0.000144616005069,0.0996111776232609,0.460326509752704,0.4642262895174708,0.0159640422433161,0.007457865762381,1.2706960963623462,0.1019183924348344,,0.0014666666666666,0.0127905695741504,0.0026306084979143,-0.0014637545084461,-0.0026276963396938,3,7,7,280443,600,2355,0.0002775752381163,2102,-0.0002612824481151,1957,-0.0005798878717311,2074,7.445389814605907e-05,1749,-5.449950247004117e-05,2036,-0.00011461803597,2245,0.0005554164207115,0,11,signflip_day_realtiming_negative
N01_ST_EMA,5m,64,is,fingrad_exact,False,False,66570,32263,34307,0.0003018051520952,0.0004479836625838,0.0001643359101359,-4.950288633979618e-06,0.0001634909403425,1.876284031925737,0.0303081442523862,0.0332778702163061,3.792027374603056,0.0113200182127945,1.6927198636737233,0.0452544012337447,,0.0014666666666666,0.0127905695741504,0.0026306084979143,-0.0011648615145714,-0.0023288033458191,5,7,7,280443,600,10081,8.387004473230295e-05,9864,0.0004388116866226,8577,0.0009546918349125,9564,0.0005431671404769,9506,-3.1222522180891856e-05,9683,-0.0001656237542215,9295,0.0003695029893059,0,11,signflip_day_realtiming_negative
N02_ST_KST,5m,64,is,fingrad_exact,False,False,56124,27146,28978,0.0001731603302578,0.0003797889926144,-2.04051907695004e-05,-3.2612806493062723e-06,0.0001575861919789,1.11952455155952,0.1314582114093924,0.1231281198003327,1.9572735834472268,0.0078714029269277,1.2710703550276456,0.1018518102823768,,0.0014666666666666,0.0127905695741504,0.0026306084979143,-0.0012935063364087,-0.0024574481676564,7,7,7,280443,600,8381,0.0001636010881317,8173,0.0001540918020989,7409,0.0007448432491422,8136,6.651787975991435e-05,8120,6.857840036729113e-05,8071,2.5954303730638136e-05,7834,3.3424873397049566e-05,0,11,signflip_day_realtiming_negative
N03_ADX_GC,5m,64,is,fingrad_exact,False,False,2162,1063,1099,0.0001035447394015,-0.0009145501950829,0.0010882898853133,-7.290389771884954e-06,0.0004488826028992,0.2469133988655395,0.4024876232658902,0.4076539101497504,0.2356068220667316,0.0029115982735642,0.1622086141722397,0.4355707882545975,,0.0014666666666666,0.0127905695741504,0.0026306084979143,-0.001363121927265,-0.0025270637585127,4,7,7,280443,600,300,0.0003555500854699,288,0.0002515807635007,274,-0.0004809667482641,311,0.0013621830955541,327,-0.0008036520290553,326,0.000604297162594,336,-0.0005396347444657,0,11,signflip_day_realtiming_negative
N07_ICHI_CMO,5m,64,is,fingrad_exact,False,False,25479,12668,12811,-4.130027428654852e-05,0.0001243023392612,-0.0002050543846934,-1.093590632156211e-06,0.0001541264553526,-0.2608681524687463,0.6029029073425931,0.6039933444259568,-0.3259475187374564,-0.0005234783315122,-0.0755205606644882,0.5300997303979874,,0.0014666666666666,0.0127905695741504,0.0026306084979143,-0.0015079669409532,-0.0026719087722009,3,7,7,280443,600,3763,-0.0003579498609265,3756,-0.0002787932739952,3314,0.0006384087883594,3662,-0.0004090149401426,3817,0.0002127092151009,3642,2.175718957675676e-05,3525,-4.743307717842443e-05,0,11,signflip_day_realtiming_negative
N08_ICHI_WR,5m,64,is,fingrad_exact,False,False,3666,1821,1845,-0.00034674901462,-7.870782175656696e-05,-0.0006113034927795,-9.406346097323516e-06,0.000378325830984,-0.891672312316719,0.8137157008652383,0.8019966722129783,-1.0392557160820954,-0.0183424532724461,-1.1818873191031587,0.8813747928729303,,0.0014666666666666,0.0127905695741504,0.0026306084979143,-0.0018134156812866,-0.0029773575125343,3,7,7,280443,600,527,-0.0003383176728736,507,-0.0013942617814027,435,-0.0003583530718357,548,0.0004170929628455,538,0.0014361779705672,490,0.0002840488793084,621,-0.0022069707040878,0,11,signflip_day_realtiming_negative
N09_ALLIG_AROON,5m,64,is,fingrad_exact,False,False,27807,13886,13921,2.430671728821914e-05,5.9913173557581407e-05,-1.1210217684582024e-05,-2.703493028086252e-06,0.0001166559441198,0.231537368456374,0.4084486790924327,0.4026622296173044,0.2000872975557754,-0.0065900248743601,-1.2427235479111909,0.8930151382829499,,0.0014666666666666,0.0127905695741504,0.0026306084979143,-0.0014423599493784,-0.0026063017806261,3,7,7,280443,600,4089,-0.0001785524459313,3988,0.0003407275286921,3499,0.0001851469440342,3956,-0.0001586220034997,4027,0.0003091444155744,4139,-1.7633907790499868e-05,4109,-0.0002786765329476,0,11,signflip_day_realtiming_negative
N10_HA_PSAR,5m,64,is,fingrad_exact,False,False,82675,41639,41036,6.510767945577785e-05,0.0002887603828338,-0.0001618314694856,9.286058878269804e-07,7.213519813811646e-05,0.8897053758009774,0.1868120533470111,0.1930116472545757,0.8855313399487323,0.0007938478894184,0.2646901670168415,0.3956240764962859,,0.0014666666666666,0.0127905695741504,0.0026306084979143,-0.0014015589872108,-0.0025655008184585,6,7,7,280443,600,7987,0.000117819626612,9409,-0.0002218081396798,11410,8.54481595267863e-05,14735,3.162919148533061e-05,11385,0.0002726113049736,11947,0.0001200342220221,15802,3.4805507729623044e-05,0,11,signflip_day_realtiming_negative
N12_ICHI_AO,5m,64,is,fingrad_exact,False,False,28942,14345,14597,0.0001676119873567,0.0003621682350256,-2.3585476013104458e-05,-2.876268666610071e-06,0.0001451394421871,1.1746514486640427,0.1200670954728713,0.1181364392678868,1.3662460267701548,0.0091029415550804,1.492690221366756,0.0677591471158729,,0.0014666666666666,0.0127905695741504,0.0026306084979143,-0.0012990546793098,-0.0024629965105575,4,7,7,280443,600,4190,-3.3454357633205055e-05,4263,-0.0002318154099805,3866,0.000438298099046,4155,0.0003829606522038,4156,0.0007739539623124,4119,0.0001843525245521,4193,-0.0003057795581944,0,11,signflip_day_realtiming_negative
N14_ICHI_RSI,5m,64,is,fingrad_exact,False,False,3,1,2,0.0026607477812294,0.0060170483035266,0.0009825975200807,-0.0010286042664352,0.0101687113592271,0.3628141184592575,0.3583718722504637,0.3078202995008319,1.1244092525588694,0.4473836748275075,0.9872531232858636,0.1617592824400349,,0.0014666666666666,0.0127905695741504,0.0026306084979143,0.0011940811145627,3.0139283315055217e-05,0,0,7,280443,600,1,0.003872285504709,1,-0.0019070904645475,0,,0,,0,,1,0.0060170483035266,0,,0,11,signflip_day_realtiming_negative
N17_KC_RSI,5m,64,is,fingrad_exact,False,False,221303,113886,107417,-0.0001927877545097,0.0001433619564139,-0.0005491814908668,-5.138543942538768e-06,0.0002227002407799,-0.8426089253878728,0.8002764011554773,0.7986688851913477,-3.875094342383228,-0.0087651456776208,-0.9483874451773646,0.8285338757491014,,0.0014666666666666,0.0127905695741504,0.0026306084979143,-0.0016594544211764,-0.0028233962524241,2,7,7,280443,600,29744,-0.0003337934226194,33440,-0.0003178765615701,31273,-0.0005727989931524,29181,-8.170981957992317e-05,28817,0.0001457368884925,32636,-0.000570139268851,36212,0.0003479100233505,0,11,signflip_day_realtiming_negative
N18_VWMA_MACD,5m,64,is,fingrad_exact,False,False,201475,98763,102712,-9.22335769006326e-05,0.0001005449249233,-0.0002776002641001,3.2336974376924558e-06,0.0001375861432178,-0.6938727411462265,0.7561189901716541,0.7670549084858569,-1.957969016030101,-0.0012212081976633,-0.237664238540984,0.5939292387532997,,0.0014666666666666,0.0127905695741504,0.0026306084979143,-0.0015589002435672,-0.0027228420748149,3,7,7,280443,600,29424,3.140032681587037e-05,28922,-0.0001492126446258,26663,0.000315006834708,29911,-0.0002828437690939,28876,-0.0003294847177598,29095,1.748996916266126e-05,28584,-0.0002142706483914,0,11,signflip_day_realtiming_negative
N22_VORTEX_PSAR,5m,64,is,fingrad_exact,False,False,153163,76623,76540,-3.3141209535068075e-05,0.0001084701039408,-0.0001749060863636,-1.4346600156545215e-06,4.604638041808935e-05,-0.6885785425808977,0.7544557360068255,0.7554076539101497,-0.633393937971062,-0.0019345583833136,-0.9146688197829552,0.8198172410301072,,0.0014666666666666,0.0127905695741504,0.0026306084979143,-0.0014998078762017,-0.0026637497074494,2,7,7,280443,600,22110,-6.808460270316821e-05,22410,-9.74049483853434e-05,20258,-3.536216475881179e-05,22056,-4.660566757818711e-05,22027,5.00177151610618e-05,22415,-4.20515253027468e-05,21887,9.01605741580982e-06,0,11,signflip_day_realtiming_negative
N23_HA_ST,5m,64,is,fingrad_exact,False,False,219916,106735,113181,0.0002595527498651,0.0005033297867963,2.9659551918026e-05,-2.7910699211861616e-06,0.0001439902261097,1.8219557457068671,0.0342308503773856,0.0399334442595673,5.729648157015393,0.0111968782550462,1.9970770665599584,0.0229084058981016,,0.0014666666666666,0.0127905695741504,0.0026306084979143,-0.0012071139168015,-0.0023710557480492,6,7,7,280443,600,25619,0.0002714788679846,28891,0.0002567093269405,30625,0.0008383756522318,34537,0.0002232050457829,31203,2.978977527106444e-05,32296,0.0003155975850426,36745,-4.893075858813587e-05,0,11,signflip_day_realtiming_negative
N24_DMI,5m,64,is,fingrad_exact,False,False,88138,44588,43550,6.228823028813121e-05,0.000233131041288,-0.0001126265632104,5.450546491528738e-06,0.0001649064925268,0.3446661373101467,0.3651726892038682,0.3660565723793677,0.897586597474479,0.0002289827266147,0.0174663795974295,0.4930322769738514,,0.0014666666666666,0.0127905695741504,0.0026306084979143,-0.0014043784363785,-0.0025683202676262,5,7,7,280443,600,12288,-4.845913747855367e-05,11992,5.60782235883377e-05,11734,0.0001672969600989,13113,1.6064631744868295e-05,12281,8.076912992899614e-07,13103,-7.889147547839129e-05,13627,0.0003128358087382,0,11,signflip_day_realtiming_negative
N25_DST_CCI,5m,64,is,fingrad_exact,False,False,98071,48135,49936,0.0002915444678979,0.0003860142987882,0.0002004818014868,-1.6389633498214926e-07,0.0001465469183393,1.990545877993616,0.0232654177155765,0.0299500831946755,4.584146824458262,0.0143948572667187,2.3224669433737306,0.0101039031895161,,0.0014666666666666,0.0127905695741504,0.0026306084979143,-0.0011751221987686,-0.0023390640300163,7,7,7,280443,600,14382,0.0002620386433055,14297,0.0001197187804246,12563,0.0007822878051296,14517,0.0003378246585389,14404,8.902280388810759e-05,14510,0.0002325200476104,13398,0.000277919519151,0,11,signflip_day_realtiming_negative
S1_EMA_RSI_CHOP,5m,64,is,fingrad_approx,True,False,256,156,100,0.0002744577549742,0.0003419082026593,0.0001692350565855,-3.7951016064622434e-05,0.0013836761973959,0.2257817050165743,0.4106856034839808,0.4176372712146423,0.2234656522289774,0.0629474747435293,1.0706952237721807,0.1421532455340133,,0.0014666666666666,0.0127905695741504,0.0026306084979143,-0.0011922089116923,-0.00235615074294,4,7,7,280443,600,60,0.0005219603830304,46,-0.0027065096016989,27,-0.0058068462964505,25,0.0024836019795035,25,0.0075109659252831,27,0.0050057687049636,46,-0.001408523884343,0,11,signflip_day_realtiming_negative
S3_CMO_SANDWICH,5m,64,is,fingrad_approx,True,False,14975,7436,7539,0.0001111326033864,0.0002231672301772,6.28626092870505e-07,-5.33750421133129e-06,0.0001692780474913,0.6880402351271311,0.2457137222163303,0.2462562396006655,0.659015584231168,0.0016680912268629,0.260571355125235,0.3972115410073686,,0.0014666666666666,0.0127905695741504,0.0026306084979143,-0.0013555340632801,-0.0025194758945278,5,7,7,280443,600,2421,-0.000376338984509,2372,0.0001443300311778,1838,0.0002275094419384,2085,0.0002099789365875,2065,-2.526942050449528e-05,2169,0.0003932384803107,2025,0.0002845704867827,0,11,signflip_day_realtiming_negative
S4_BB_BBP,5m,64,is,fingrad_approx,True,False,64694,32217,32477,1.243723155413963e-05,0.0002768035053093,-0.0002498126142312,-6.653524300261638e-07,0.0001176687000168,0.1113514807445709,0.4556688167312069,0.4425956738768719,0.1549563028971585,0.0025184702103599,0.5225097744240101,0.3006577213577966,,0.0014666666666666,0.0127905695741504,0.0026306084979143,-0.0014542294351125,-0.0026181712663602,4,7,7,280443,600,9230,2.8450373202692708e-05,9426,0.0002319808887116,8673,0.0001150308664904,9478,-0.0002621445208328,9193,-2.2171976038341724e-05,9436,0.0002688004681919,9258,-0.0002689852800011,0,11,signflip_day_realtiming_negative
N04_ST_KLINGER,5m,64,is,fingrad_approx,True,False,171516,83487,88029,0.0001551337294727,0.0004029617208698,-7.99071720230168e-05,6.546092044391946e-07,0.000142828606837,1.081569887778172,0.1397218453779918,0.1447587354409318,3.0681821658504616,0.011129262429011,1.948377391475193,0.0256849115004963,,0.0014666666666666,0.0127905695741504,0.0026306084979143,-0.0013115329371939,-0.0024754747684416,6,7,7,280443,600,26074,0.0001613584637734,26426,9.83225647691478e-05,23193,0.0007453205318954,22460,0.0001724094736439,24034,-0.0002687309464515,25478,0.0001470002031488,23851,5.690564672855886e-05,0,11,signflip_day_realtiming_negative
N05_PSAR_POC,5m,64,is,fingrad_approx,True,False,15392,7788,7604,-7.414766492297534e-05,0.0001965322652618,-0.0003513774513878,1.4363890135236963e-06,0.0001728140561085,-0.4373721422812934,0.6690792581077798,0.670549084858569,-0.447681958286827,-0.0051058337218886,-0.7683140964235808,0.7788496990397608,,0.0014666666666666,0.0127905695741504,0.0026306084979143,-0.0015408143315896,-0.0027047561628373,2,7,7,280443,600,2912,-1.0598119559092496e-05,2620,-0.0004642601274546,1851,-6.978263581693498e-05,2015,0.0004517833216741,2025,-0.0002779407408796,2118,8.14127219045742e-06,1851,-7.004135543045457e-05,0,11,signflip_day_realtiming_negative
N06_MACD_ORB,5m,64,is,fingrad_approx,True,False,8025,3962,4063,0.0004697276826826,0.0009105601172271,3.9853671935635766e-05,2.386246030327531e-05,0.0002899794461541,1.5375752602219397,0.0620762501738794,0.0549084858569051,2.2235822583209224,0.0250943955596238,2.0098062551987805,0.0222258492512453,,0.0014666666666666,0.0127905695741504,0.0026306084979143,-0.0009969389839839,-0.0021608808152316,6,7,7,280443,600,1331,8.686773447973551e-06,1167,-2.2307278214867307e-05,1038,0.0005570475851866,1139,0.0005704503683468,1161,0.0013265403554388,1177,0.0002891734341558,1012,0.0006675951621633,0,11,signflip_day_realtiming_negative
N11_BREAKAWAY,5m,64,is,fingrad_approx,True,False,773,406,367,-0.0002305539454017,-0.0002547431833269,-0.0002037941890048,-1.4522262854272329e-05,0.0007947933604521,-0.2718086150399409,0.6071154096552176,0.6073211314475874,-0.2868952418269779,0.0180165163046409,0.5749431796308554,0.2826648629006087,,0.0014666666666666,0.0127905695741504,0.0026306084979143,-0.0016972206120683,-0.002861162443316,2,7,7,280443,600,82,0.000333540146736,94,0.0023403078942287,123,-0.0003015525888622,120,-0.0005497181098165,102,-0.001032934286261,100,-0.0012803107768242,152,-0.0005862494565546,0,11,signflip_day_realtiming_negative
N13_3OUTSIDE,5m,64,is,fingrad_approx,True,False,15365,7605,7760,0.00010539621474,0.0001284342337098,8.281836238616337e-05,-1.425956984571105e-05,0.0001695328932482,0.7057968650985608,0.2401572359438329,0.2346089850249584,0.6331730080386048,0.0057957680848062,0.8813506163511136,0.1890640388966898,,0.0014666666666666,0.0127905695741504,0.0026306084979143,-0.0013612704519266,-0.0025252122831743,4,7,7,280443,600,1805,-1.793114003748551e-05,2151,0.0003725756943262,2149,-0.0002373437702689,2248,-0.0004461051914788,2056,0.0005495476871097,2414,0.0001582428413881,2542,0.0003349316277325,0,11,signflip_day_realtiming_negative
N15_KC_AO,5m,64,is,fingrad_approx,True,False,136,70,66,-0.0031276358825938,0.000897618077634,-0.00739684462829,2.033758104709196e-05,0.0019386122502727,-1.623828314918585,0.9477937724017976,0.9584026622296172,-1.1950155067886932,0.0038995719135874,-0.0415080722900972,0.5165545711775609,,0.0014666666666666,0.0127905695741504,0.0026306084979143,-0.0045943025492604,-0.0057582443805081,0,6,7,280443,600,26,-0.0011696038655192,27,-0.0061374768257743,5,0.0219011500885779,18,-0.009024635831243,15,-0.0101194694049931,20,-0.000552805535682,25,-0.000538042357013,0,11,signflip_day_realtiming_negative
N16_BBRSI,5m,64,is,fingrad_approx,True,False,22857,11432,11425,-0.0003388951036732,-0.0003355304596352,-0.0003422618092,4.073393660559855e-06,0.0001555591048418,-2.2047471774957814,0.9862640797121268,0.9833610648918468,-2.4452732363955727,-0.0150905967244171,-2.232285253752363,0.9872019420683954,,0.0014666666666666,0.0127905695741504,0.0026306084979143,-0.0018055617703399,-0.0029695036015876,2,7,7,280443,600,3625,-0.0004308247979376,3549,-0.0002211443567362,2826,0.0003046822405541,3105,-0.0002307772381848,2969,0.0001612109179147,3302,-0.0010250021619418,3481,-0.0007578543332025,0,11,signflip_day_realtiming_negative
N19_FIB_CHOP,5m,64,is,fingrad_approx,True,False,15481,7611,7870,-0.0006656167378921,0.0001705328076615,-0.0014742487825184,5.968031581080484e-07,0.0003083019191535,-2.1609127276252798,0.9846489592257106,0.978369384359401,-3.758019805801637,-0.0091395802550611,-0.6835151588284667,0.7528593126161425,,0.0014666666666666,0.0127905695741504,0.0026306084979143,-0.0021322834045587,-0.0032962252358064,0,7,7,280443,600,1927,-0.0003753911515221,2009,-0.000956220906555,1870,-0.0005715538140744,2475,-0.0003743878224135,2418,-0.0010902733667665,2116,-0.0004061725112063,2666,-0.0008135141191706,0,11,signflip_day_realtiming_negative
N20_EMA9_CHOP,5m,64,is,fingrad_approx,True,False,95158,48539,46619,0.0001451434017186,0.0002712843750182,1.380732194459122e-05,1.2307530031573669e-05,0.000226195090211,0.5872624006256221,0.2785137445606055,0.2911813643926789,2.23599131333917,0.0017799385684454,0.1400845435940572,0.4442965962977814,,0.0014666666666666,0.0127905695741504,0.0026306084979143,-0.001321523264948,-0.0024854650961956,5,7,7,280443,600,13140,0.0001984389474988,12737,0.0001651105942815,12509,0.0003131571043418,14507,-0.0001588926761824,13401,0.0001869201866047,14117,-1.5174493775888824e-06,14747,0.0003394136203013,0,11,signflip_day_realtiming_negative
V39_ALL,5m,64,is,pine,False,False,66837,32924,33913,0.0002274364146207,0.0003164771951581,0.0001409923177136,4.013700349064969e-06,0.0001661339599953,1.3448347001299907,0.0893393108178861,0.0848585690515806,2.883783558448364,0.0154513338210095,2.148886800891933,0.0158216871817739,,0.0014666666666666,0.0127905695741504,0.0026306084979143,-0.0012392302520458,-0.0024031720832935,5,7,7,280443,600,10051,0.0002428412717738,10485,0.0005702756344256,8923,0.0007191361853584,9007,-0.0002591929532357,9749,-2.533163708098532e-06,9890,0.0002204406001169,8732,6.221564591528781e-05,0,11,signflip_day_realtiming_negative
OBV_S,5m,64,is,pine,False,False,25297,12615,12682,0.0003105775781848,0.0004705122405698,0.0001514878631566,3.539831223506667e-06,0.0001730822779243,1.7739409871612075,0.0380364560612781,0.0366056572379367,2.497342648305112,0.0201161567825738,2.6854751505522403,0.0036213380122859,,0.0014666666666666,0.0127905695741504,0.0026306084979143,-0.0011560890884818,-0.0023200309197295,5,7,7,280443,600,3854,0.0001145895012525,3619,-0.0001158677321769,3048,0.0013135165537636,3757,0.0005528330314278,3626,0.0002482633145219,3686,0.0003960096440495,3707,-0.0001635036690334,0,11,signflip_day_realtiming_negative
OBV_B,5m,64,is,pine,False,False,66927,33655,33272,0.0002295422751061,0.0004097581530538,4.725189964551057e-05,-4.036989076391542e-06,8.09644118554495e-05,2.8849621559606504,0.0019573035788063,0.0016638935108153,2.8262719682059685,0.0082433848448005,2.385419068911895,0.0085298377700167,,0.0014666666666666,0.0127905695741504,0.0026306084979143,-0.0012371243915604,-0.0024010662228081,6,7,7,280443,600,10268,-2.548815441132824e-05,10070,0.0001767446812437,8875,0.0006326408230093,9133,6.955875688182059e-05,9551,0.000444818521308,9873,8.806474735749952e-05,9157,0.0002704572345658,0,11,signflip_day_realtiming_negative
V45_AMB,5m,64,is,v45,False,True,30604,14512,16092,6.666713776965887e-05,0.0001384367901643,1.944219825885615e-06,-4.226282387312756e-06,0.0002490171849526,0.2846928824227223,0.3879397220522532,0.3810316139767055,0.6204297967733878,0.0048431451241759,0.5098493090959147,0.3050785187256067,,0.0014666666666666,0.0127905695741504,0.0026306084979143,-0.001399999528897,-0.0025639413601447,4,7,7,280443,600,4374,-8.594877696497958e-05,4257,2.5966237999343383e-05,4053,0.0005746003468409,4686,0.0001027489479179,4583,0.0002776695458544,4517,-0.0002354156003097,4134,-0.0001726756841212,0,11,signflip_day_realtiming_negative
DOGE_L,5m,64,is,doge,False,True,8556,3981,4575,-0.000363784329375,-0.0007148694790177,-5.82826942433024e-05,-2.189483504944621e-05,0.0004251217706897,-0.8042154457787903,0.7893637200294175,0.7936772046589018,-1.4569706823034965,-0.0024324617305562,-0.0944072674354871,0.5376071784934608,,0.0014666666666666,0.0127905695741504,0.0026306084979143,-0.0018304509960416,-0.0029943928272893,3,7,7,280443,600,1032,-0.0001024796103771,1178,0.0001343997128061,1229,0.0004830875011004,1265,-0.0004164312210365,1190,-0.0025614163814823,1247,0.0005322236875798,1415,-0.0005990311763945,0,11,signflip_day_realtiming_negative
DOGE_S,5m,64,is,doge,False,True,8420,3870,4550,0.0014769836186897,0.00201860290526,0.0010163096320903,1.1549630446711687e-05,0.0004542724854956,3.225892025232885,0.0006279036169374,0.0016638935108153,5.733205037294187,0.0378650117196539,2.014450711246938,0.0219811173746619,,0.0014666666666666,0.0127905695741504,0.0026306084979143,1.0316952023061527e-05,-0.0011536248792246,7,7,7,280443,600,933,0.0008192820009587,1077,0.0011759933689457,1229,0.0034215155230965,1277,0.0013934271651162,1224,0.0013349813849513,1229,0.0013600608659242,1451,0.000768632678827,0,11,signflip_day_realtiming_negative
S2_ST_ROC,5m,4,is,fingrad_exact,False,False,182739,90918,91821,-6.679407057807055e-06,-6.355473704383001e-06,-7.000154736732442e-06,1.2114478706601594e-06,1.6304271709590406e-05,-0.4839746950380924,0.6857980859762688,0.6755407653910149,-0.5430528066718348,0.0035461959355417,1.278740021889954,0.1004943105707535,,0.0014041666666666,0.003202487715711,0.0016955930487963,-0.0014108460737244,-0.0017022724558541,2,7,7,280503,600,26935,-2.105932417176436e-06,26410,6.720492285150283e-06,23665,-4.657546522150075e-06,26929,-7.047453448400529e-06,25778,2.1364707879127715e-05,26415,-2.1469603169801185e-05,26607,-3.852261576088892e-05,2,11,signflip_day_realtiming_negative
S5_DONCHIAN_MFI,5m,4,is,fingrad_exact,False,False,6674,3292,3382,4.953178291356835e-07,-3.849087929667973e-05,3.844403484220024e-05,-4.017337279829561e-06,7.06018701154494e-05,0.0639169345172595,0.4745181840278115,0.4692179700499168,0.006396571418259,0.0141525683145201,1.1796351757782155,0.1190726731547402,,0.0014041666666666,0.003202487715711,0.0016955930487963,-0.0014036713488375,-0.0016950977309672,4,7,7,280503,600,552,0.0002095958807394,615,0.0004256831283372,710,0.0002543069044966,1690,-8.385778658904202e-05,798,-0.0001779554044764,847,7.125745879989329e-05,1462,-0.0002266560852205,2,11,signflip_day_realtiming_negative
S6_EMA_DMI_ADX,5m,4,is,fingrad_exact,False,False,14519,7338,7181,-1.033012922725172e-05,-1.6653040533338013e-05,-3.8689785290117484e-06,6.029751685248684e-08,4.3246880766139417e-05,-0.2402584084686055,0.594935032006697,0.5940099833610649,-0.2132980241234083,0.013968560706767,1.6660266012086966,0.0478540581227517,,0.0014041666666666,0.003202487715711,0.0016955930487963,-0.0014144967958939,-0.0017059231780236,4,7,7,280503,600,2356,8.288114091838052e-05,2102,-2.3751200584832672e-05,1957,-0.0001979413754955,2074,3.157894031982636e-05,1749,0.0001092242102566,2036,0.0001275794214473,2245,-0.0001889685464628,2,11,signflip_day_realtiming_negative
N01_ST_EMA,5m,4,is,fingrad_exact,False,False,66576,33010,33566,-4.640242668092071e-05,-5.3642527915234265e-05,-3.928225323920318e-05,1.8496818085949722e-08,2.459805477798639e-05,-1.8871786374160888,0.970431848699319,0.9717138103161398,-2.342466009662335,-0.0008991881856454,-0.091361457243,0.5363973068550254,,0.0014041666666666,0.003202487715711,0.0016955930487963,-0.0014505690933475,-0.0017419954754772,1,7,7,280503,600,10082,-4.024710456771639e-05,9865,-2.8437421669995557e-05,8578,2.0419568059813183e-05,9565,-5.267600961666456e-05,9507,-6.425529451746012e-05,9683,-3.742657568975865e-05,9296,-0.0001184399624714,2,11,signflip_day_realtiming_negative
N02_ST_KST,5m,4,is,fingrad_exact,False,False,56137,27885,28252,-2.32987351285292e-05,-4.697094509919606e-06,-4.165873614261416e-05,1.5855439749327914e-06,2.5835048111976943e-05,-0.9631984812107168,0.8322760364161015,0.8435940099833611,-0.9933016617908612,0.0063107215646375,1.4107152957085742,0.079164289511067,,0.0014041666666666,0.003202487715711,0.0016955930487963,-0.0014274654017951,-0.0017188917839248,4,7,7,280503,600,8383,7.10517845758125e-06,8176,4.463934128825819e-05,7410,1.9094767511662268e-05,8139,-4.556793035907266e-05,8121,-9.330602800897164e-05,8073,-9.566041507316916e-05,7835,3.43776426096773e-06,2,11,signflip_day_realtiming_negative
N03_ADX_GC,5m,4,is,fingrad_exact,False,False,2162,1063,1099,0.000300470733537,0.0001734288760249,0.0004233510743335,2.3931433005144293e-06,0.000115539873954,2.579867711773223,0.0049419084782456,0.0049916805324459,1.8773514219255727,0.0316211927842265,1.4629608381760917,0.0717390475667158,,0.0014041666666666,0.003202487715711,0.0016955930487963,-0.0011036959331296,-0.0013951223152593,6,7,7,280503,600,300,0.0004765255010585,288,3.211760216502551e-05,274,0.0003605305395972,311,-0.0002126969686854,327,0.0001549056878382,326,0.0006160771054949,336,0.0006347568430447,2,11,signflip_day_realtiming_negative
N07_ICHI_CMO,5m,4,is,fingrad_exact,False,False,25481,12639,12842,-1.4782787666059169e-05,-6.277876279429675e-05,3.245449076765792e-05,-2.815451816405058e-06,3.898137243900198e-05,-0.3070013983827939,0.6205788460839395,0.6239600665557404,-0.4376390067665881,-0.0025071200686511,-0.2904951577159162,0.6142812726340251,,0.0014041666666666,0.003202487715711,0.0016955930487963,-0.0014189494543327,-0.0017103758364624,2,7,7,280503,600,3764,-2.8371954259408824e-06,3756,-0.0001116292776208,3314,-6.877244131655735e-05,3663,-0.0001123688163897,3817,0.0001272382112855,3642,-5.647795229498076e-07,3525,5.9343568032049394e-05,2,11,signflip_day_realtiming_negative
N08_ICHI_WR,5m,4,is,fingrad_exact,False,False,3666,1829,1837,7.881325557635029e-05,5.661478549596861e-05,0.0001009150529508,-4.010099273562108e-06,9.496019659187216e-05,0.8721902209815076,0.1915523067197912,0.1846921797004991,0.9486043256919816,0.0030395924877851,0.2158282614983091,0.4145608089826721,,0.0014041666666666,0.003202487715711,0.0016955930487963,-0.0013253534110903,-0.00161677979322,4,7,7,280503,600,527,0.0001466394773989,507,-5.26832903708456e-05,435,-0.0003130879466935,548,0.0001116966349342,538,0.0003003710651249,490,-3.992712934960328e-06,621,0.0002475058224481,2,11,signflip_day_realtiming_negative
N09_ALLIG_AROON,5m,4,is,fingrad_exact,False,False,27808,13897,13911,-1.6696963486988533e-05,-6.565373926612947e-06,-2.681835663777133e-05,-2.2047723005136555e-06,3.57829658948401e-05,-0.4050025151370879,0.6572621689145403,0.6522462562396006,-0.4678297355367482,0.0151442172957341,2.481566703927038,0.0065403112758451,,0.0014041666666666,0.003202487715711,0.0016955930487963,-0.0014208636301536,-0.0017122900122833,4,7,7,280503,600,4089,2.1312791706618536e-05,3988,5.294108482299028e-05,3500,-0.0001595743992826,3956,8.561306959755098e-05,4027,-0.0001234438344826,4139,-4.245849624752144e-05,4109,3.165804803670958e-05,2,11,signflip_day_realtiming_negative
N10_HA_PSAR,5m,4,is,fingrad_exact,False,False,82685,41328,41357,-2.531383874860037e-06,2.970683952943255e-06,-8.029593589961581e-06,-3.504724653028413e-07,2.033088117916478e-05,-0.1072708748006558,0.5427129551326636,0.5457570715474209,-0.1295053013612233,0.0032646258711941,0.9158568313557937,0.1798709955350245,,0.0014041666666666,0.003202487715711,0.0016955930487963,-0.0014066980505415,-0.0016981244326712,5,7,7,280503,600,7987,1.5163566298407692e-05,9410,-5.922416949735249e-05,11411,3.632505280429622e-05,14738,1.6163527262967754e-05,11386,-0.0001225027503353,11950,2.2087628323734368e-05,15803,4.461345755553797e-05,2,11,signflip_day_realtiming_negative
N12_ICHI_AO,5m,4,is,fingrad_exact,False,False,28947,14264,14683,-9.35303500117678e-05,-0.0001613185685342,-2.767656338749884e-05,-1.021241056328546e-06,3.723306789861605e-05,-2.4845953926584112,0.9935150623126366,0.9966722129783694,-2.86391909566333,-0.0049638557445626,-0.6773097032158253,0.7508952621412786,,0.0014041666666666,0.003202487715711,0.0016955930487963,-0.0014976970166784,-0.0017891233988081,1,7,7,280503,600,4190,8.079911246527986e-06,4264,-9.583148075128462e-05,3866,-0.0001725408520437,4157,-4.4958853537960985e-05,4157,-0.0002389035664023,4119,-3.652581058684684e-05,4194,-7.991025476635809e-05,2,11,signflip_day_realtiming_negative
N14_ICHI_RSI,5m,4,is,fingrad_exact,False,False,3,0,3,-0.0006057348087205,,-0.0006057348087205,-0.000126582340305,0.002563823995253,-0.1868897667322933,0.5741264685986529,0.5956738768718802,-2.07716247236887,-0.3028957265123259,-0.4448905231406288,0.671800564202772,,0.0014041666666666,0.003202487715711,0.0016955930487963,-0.0020099014753872,-0.0023013278575169,0,0,7,280503,600,1,-0.0010918250198814,1,-0.0006418092909534,0,,0,,0,,1,-8.357011532678094e-05,0,,2,11,signflip_day_realtiming_negative
N17_KC_RSI,5m,4,is,fingrad_exact,False,False,221384,110912,110472,6.3439955498855e-05,0.000181463375402,-5.505354102788611e-05,8.955501321700531e-07,2.7744770648253543e-05,2.2542772531666952,0.0120893657068968,0.0249584026622296,3.753872344743322,0.0061975039186177,1.2670506018380023,0.1025685984920676,,0.0014041666666666,0.003202487715711,0.0016955930487963,-0.0013407267111678,-0.0016321530932975,6,7,7,280503,600,29755,-1.3160657809434508e-05,33448,0.0001338125959186,31290,0.0001051408191352,29188,8.774722992959628e-05,28825,6.323121501853621e-05,32647,4.6193184573229255e-05,36231,2.1492416035834516e-05,2,11,signflip_day_realtiming_negative
N18_VWMA_MACD,5m,4,is,fingrad_exact,False,False,201521,99543,101978,1.6922698327299145e-06,4.206344921877639e-06,-7.617749278952393e-07,-1.0627378670726098e-06,2.0897071659328665e-05,0.1318370221778256,0.4475566013284455,0.4525790349417637,0.1320763162256509,0.0037809247170343,1.1260410914866972,0.1300740633305252,,0.0014041666666666,0.003202487715711,0.0016955930487963,-0.0014024743968339,-0.0016939007789636,3,7,7,280503,600,29430,5.258231221352443e-07,28934,4.148446714369709e-05,26666,-2.108447355933858e-05,29922,-1.0883532608925897e-05,28882,-4.752549045294572e-05,29101,-3.952878406647739e-05,28586,8.871809127473355e-05,2,11,signflip_day_realtiming_negative
N22_VORTEX_PSAR,5m,4,is,fingrad_exact,False,False,153191,76401,76790,1.2046785786949174e-05,2.1528721607319777e-05,2.6128832135394274e-06,-1.7644143225348283e-06,1.6427961266987332e-05,0.8407129701016631,0.2002543763626973,0.1896838602329451,0.9145946808035412,0.0088161983584934,3.1511814007450054,0.0008130573094584,,0.0014041666666666,0.003202487715711,0.0016955930487963,-0.0013921198808797,-0.0016835462630094,4,7,7,280503,600,22113,-1.926044117267384e-05,22412,3.846240111644045e-05,20262,3.8372022009216e-05,22065,2.183377138803689e-05,22029,-2.160774054917576e-06,22420,3.192556678632965e-05,21890,-2.366750242134744e-05,2,11,signflip_day_realtiming_negative
N23_HA_ST,5m,4,is,fingrad_exact,False,False,219947,108770,111177,-1.477671716182324e-05,7.716344755484084e-06,-3.678280065702024e-05,5.430462642591325e-07,1.536070830289879e-05,-0.9973344408337804,0.840698899160981,0.8435940099833611,-1.1857587142951398,0.0027705362528946,1.1335392932305637,0.1284939249919178,,0.0014041666666666,0.003202487715711,0.0016955930487963,-0.0014189433838284,-0.0017103697659581,1,7,7,280503,600,25623,-3.417289748416145e-06,28892,-2.8217472592103693e-05,30630,6.303231795598514e-05,34543,-1.6452109815540783e-05,31208,-3.177381218152091e-05,32300,-3.899048563251765e-05,36751,-3.9690322151211775e-05,2,11,signflip_day_realtiming_negative
N24_DMI,5m,4,is,fingrad_exact,False,False,88141,44088,44053,-2.2754554845623195e-05,-1.7387584047580316e-05,-2.812578968874658e-05,-1.973151867720012e-07,2.2106354828368014e-05,-1.020396163636376,0.8462296937031982,0.8469217970049917,-1.360880903795588,-0.0004652874880271,-0.0817603931055088,0.5325813738471987,,0.0014041666666666,0.003202487715711,0.0016955930487963,-0.0014269212215122,-0.0017183476036419,1,7,7,280503,600,12289,4.0350169854572944e-05,11992,-7.362067866902142e-06,11736,-7.30131188080171e-05,13113,-9.087523428977309e-06,12281,-5.72095959193238e-05,13103,-3.0100013782526495e-05,13627,-2.496135268205052e-05,2,11,signflip_day_realtiming_negative
N25_DST_CCI,5m,4,is,fingrad_exact,False,False,98093,48967,49126,-2.5433816773423284e-05,-4.342399381062742e-05,-7.50186629952403e-06,1.7057259947819858e-06,2.1994621543380182e-05,-1.2339172426621532,0.8913831281584319,0.8851913477537438,-1.7765724482933585,-0.0006432799462149,-0.1540440723424426,0.5612125072094016,,0.0014041666666666,0.003202487715711,0.0016955930487963,-0.00142960048344,-0.0017210268655697,1,7,7,280503,600,14387,-2.775416196320464e-05,14303,-3.789845509996486e-05,12565,-4.678786888981397e-05,14519,1.0541621353613884e-05,14405,-4.8385786880152913e-08,14515,-4.539023580440112e-05,13399,-3.426723002968163e-05,2,11,signflip_day_realtiming_negative
S1_EMA_RSI_CHOP,5m,4,is,fingrad_approx,True,False,256,147,109,-0.0003504864307651,-4.558791127054579e-05,-0.0007616798469642,-2.468849207156925e-06,0.000363858439867,-0.9564642273659336,0.8305811254370548,0.8419301164725458,-0.5986300806546582,-0.0636849255596431,-0.95524208132229,0.8302723551849475,,0.0014041666666666,0.003202487715711,0.0016955930487963,-0.0017546530974318,-0.0020460794795615,3,7,7,280503,600,60,-0.0007535641814091,46,0.0001955831474413,27,-0.0009448603493459,25,0.0007206667414224,25,0.0018135049709111,27,-0.0005643019978176,46,-0.0016546610784467,2,11,signflip_day_realtiming_negative
S3_CMO_SANDWICH,5m,4,is,fingrad_approx,True,False,14975,7634,7341,-5.424111937663505e-05,-6.85303161310409e-06,-0.0001035205992822,1.697023463525535e-06,4.494529395767671e-05,-1.2445828676264843,0.893357439414167,0.8951747088186356,-1.319839343717388,-0.0107098691421911,-1.3358638343869784,0.9092031081339028,,0.0014041666666666,0.003202487715711,0.0016955930487963,-0.0014584077860433,-0.001749834168173,3,7,7,280503,600,2421,2.5981880857160235e-06,2372,-7.063270663091284e-05,1838,0.0001517245236663,2085,5.8842881164523295e-05,2065,-0.0002206137534319,2169,-0.0001157286948595,2025,-0.0001708564630278,2,11,signflip_day_realtiming_negative
S4_BB_BBP,5m,4,is,fingrad_approx,True,False,64697,31989,32708,-4.702346319757043e-05,3.6161913687846445e-07,-9.336690818951998e-05,-1.048107948748098e-07,2.529015810443069e-05,-1.8552138823709343,0.968217154980882,0.9650582362728786,-2.209805907471756,0.0049535948626175,1.1590076616526388,0.1232265310269042,,0.0014041666666666,0.003202487715711,0.0016955930487963,-0.0014511901298642,-0.0017426165119939,1,7,7,280503,600,9230,-1.5316324891630533e-06,9426,-4.842335082208562e-05,8674,-0.0001586634686843,9479,-9.506509883865917e-05,9193,-5.088499859499813e-05,9437,-4.141440899572763e-06,9258,2.2957014835127552e-05,2,11,signflip_day_realtiming_negative
N04_ST_KLINGER,5m,4,is,fingrad_approx,True,False,171549,85046,86503,-2.5677355990837067e-05,2.434826069944781e-05,-7.486037388665534e-05,1.2713131949638528e-06,1.5593938105993882e-05,-1.7281503237108906,0.9580193613897864,0.9550748752079868,-1.8798830374838824,0.000561605973945,0.2322180230309368,0.4081843399893057,,0.0014041666666666,0.003202487715711,0.0016955930487963,-0.0014298440226575,-0.0017212704047872,1,7,7,280503,600,26080,1.400707557196779e-05,26430,-6.916665559872152e-06,23198,-7.191145054459852e-06,22465,-2.4441823426221826e-05,24038,-6.651889993097062e-05,25483,-3.113377259891382e-05,23855,-6.200598671638575e-05,2,11,signflip_day_realtiming_negative
N05_PSAR_POC,5m,4,is,fingrad_approx,True,False,15393,7707,7686,2.926737203370436e-05,5.177981886711294e-05,6.693415782718162e-06,8.325925107673428e-08,4.338507465575341e-05,0.6726763296869754,0.2505766148048514,0.2628951747088186,0.6942831347796384,-0.0039506539292033,-0.4453840833491284,0.6719788936566002,,0.0014041666666666,0.003202487715711,0.0016955930487963,-0.0013748992946329,-0.0016663256767626,5,7,7,280503,600,2912,1.912592332126269e-05,2620,-3.9048129257204776e-05,1851,0.0001757709655047,2016,1.4419606091309884e-05,2025,6.985322309690936e-06,2118,6.083391628840732e-05,1851,-1.5636291090812065e-07,2,11,signflip_day_realtiming_negative
N06_MACD_ORB,5m,4,is,fingrad_approx,True,False,8027,3995,4032,9.636683816169048e-06,0.0001463738655476,-0.0001258457172297,-1.7440758433356765e-06,6.135876674356705e-05,0.1854789504989179,0.4264266944399978,0.4209650582362729,0.1555860919397328,0.0063002660997992,0.6136537607836676,0.2697220748804416,,0.0014041666666666,0.003202487715711,0.0016955930487963,-0.0013945299828504,-0.0016859563649801,4,7,7,280503,600,1331,-0.0001445226156392,1167,0.0002623308000636,1038,-0.0002346291725532,1139,1.7027703084870212e-05,1161,0.0001406932869014,1179,-0.0001089337165759,1012,0.0001509996954356,2,11,signflip_day_realtiming_negative
N11_BREAKAWAY,5m,4,is,fingrad_approx,True,False,774,401,373,-0.0001953491723622,-0.0003016435295374,-8.107561411222012e-05,-6.0577091741226e-06,0.000193879930631,-0.9763334584037714,0.8355503776776515,0.8435940099833611,-0.90947627444528,0.0083689970770453,0.2436090994917176,0.4037667901063606,,0.0014041666666666,0.003202487715711,0.0016955930487963,-0.0015995158390289,-0.0018909422211586,3,7,7,280503,600,82,-0.0001142116498189,94,-0.0006564191122002,123,0.000323494988587,120,0.0006613921602847,102,7.639379103417964e-06,100,-9.232154859874275e-05,153,-0.0012472909295129,2,11,signflip_day_realtiming_negative
N13_3OUTSIDE,5m,4,is,fingrad_approx,True,False,15366,7610,7756,4.5184757520450034e-05,-6.386944489758196e-05,0.0001521861087841,-3.385961581797229e-07,4.683158826578129e-05,0.9720651245111108,0.165509075452895,0.1647254575707154,1.0601472440557742,0.0042921198916414,0.505441027817406,0.3066245542651361,,0.0014041666666666,0.003202487715711,0.0016955930487963,-0.0013589819091462,-0.0016504082912759,5,7,7,280503,600,1805,3.098707565796086e-05,2152,0.0001291069565283,2149,4.66015434862475e-05,2248,-2.540036480726818e-06,2056,-2.982168233802333e-05,2414,1.6694815403598378e-05,2542,0.0001129482775794,2,11,signflip_day_realtiming_negative
N15_KC_AO,5m,4,is,fingrad_approx,True,False,136,70,66,0.000945750849222,0.001322633381005,0.0005460269518765,1.078334501887749e-05,0.0004857834591699,1.924658994772756,0.0271360168115777,0.0299500831946755,1.2766309835324832,0.1339511416854654,1.459256762477318,0.0722472255184602,,0.0014041666666666,0.003202487715711,0.0016955930487963,-0.0004584158174445,-0.0007498421995742,5,6,7,280503,600,26,0.0002979519425295,27,0.0005508491204999,5,0.0032966736057655,18,0.0041566461571665,15,0.0007792541600882,20,0.0005036620857181,25,-0.0002825045695431,2,11,signflip_day_realtiming_negative
N16_BBRSI,5m,4,is,fingrad_approx,True,False,22859,11370,11489,1.7399751139131736e-05,-2.0979427636868452e-05,5.5381408610027565e-05,-1.4769541784409457e-06,3.850167628552464e-05,0.490282687371451,0.3119669380565071,0.3194675540765391,0.4627165892422209,0.007155864359077,1.04513073389172,0.1479812756206125,,0.0014041666666666,0.003202487715711,0.0016955930487963,-0.0013867669155275,-0.0016781932976572,6,7,7,280503,600,3626,9.504553582396546e-06,3549,8.833896758789283e-05,2826,1.461421660675628e-06,3105,5.23006462175971e-05,2970,5.8633344048484095e-06,3302,3.816472674278013e-05,3481,-7.474723096109085e-05,2,11,signflip_day_realtiming_negative
N19_FIB_CHOP,5m,4,is,fingrad_approx,True,False,15485,7690,7795,2.2979687785233675e-05,0.000211527343842,-0.0001630281986902,1.3567783640194165e-06,5.170403511024477e-05,0.4182054529227612,0.3378984546411241,0.324459234608985,0.4391739308548282,0.0012964463379547,0.1816643902229326,0.427923056693181,,0.0014041666666666,0.003202487715711,0.0016955930487963,-0.0013811869788814,-0.0016726133610111,5,7,7,280503,600,1927,4.2225057947704594e-05,2010,-3.982990760866546e-06,1870,3.370332832089129e-05,2476,9.017542064709848e-05,2419,0.0001069721139925,2116,-0.0002197267589605,2667,7.587375434897078e-05,2,11,signflip_day_realtiming_negative
N20_EMA9_CHOP,5m,4,is,fingrad_approx,True,False,95158,47715,47443,-3.2380588602688053e-06,-4.575522292438315e-05,3.952286442281228e-05,-7.266278970304995e-07,2.409577641668493e-05,-0.1042270196987421,0.5415054039380978,0.5207986688851913,-0.2149070059687596,0.0039662774640609,1.0375918045694466,0.1497300674957297,,0.0014041666666666,0.003202487715711,0.0016955930487963,-0.0014074047255269,-0.0016988311076566,3,7,7,280503,600,13140,6.664249933341149e-06,12737,6.0542163088317904e-06,12509,-3.4766845836475806e-06,14507,3.591239716915301e-05,13401,-1.964046966353033e-05,14117,-2.202995350058507e-05,14747,-2.550352702396948e-05,2,11,signflip_day_realtiming_negative
V39_ALL,5m,4,is,pine,False,False,66845,33214,33631,1.4332478248054766e-05,-6.770226692696513e-06,3.517352495799836e-05,3.102019302327802e-07,2.451774200871669e-05,0.5719236425946853,0.2836868529891969,0.2961730449251248,0.7449206463204049,0.0042188322060605,1.018273023158565,0.1542741124596022,,0.0014041666666666,0.003202487715711,0.0016955930487963,-0.0013898341884186,-0.0016812605705483,5,7,7,280503,600,10051,6.80972690154563e-06,10486,4.296920448572989e-05,8927,-7.571960428325328e-06,9008,1.1191572586700491e-05,9750,1.0122212503290586e-05,9891,-2.7802373529537232e-05,8732,6.66648848743305e-05,2,11,signflip_day_realtiming_negative
OBV_S,5m,4,is,pine,False,False,25300,12728,12572,-2.947734525893866e-05,-8.191496508234343e-06,-5.102732003613915e-05,-1.241983734888482e-06,3.87381946121708e-05,-0.7288765469513949,0.7669614088898165,0.7637271214642263,-0.9187184698876268,0.0020042446225162,0.3117004679692379,0.377634086138381,,0.0014041666666666,0.003202487715711,0.0016955930487963,-0.0014336440119256,-0.0017250703940553,2,7,7,280503,600,3854,-7.092635811155288e-05,3619,-0.0001008351417595,3048,0.0002528764565407,3760,-6.531295598161804e-06,3626,-0.000176683351544,3686,2.3459615564281544e-05,3707,-8.080182120845741e-05,2,11,signflip_day_realtiming_negative
OBV_B,5m,4,is,pine,False,False,66937,33318,33619,1.6928030163724184e-05,9.90022447340348e-06,2.3892914008874403e-05,-3.2047688940488425e-07,2.3106605824773555e-05,0.746475150177021,0.2276902186993522,0.2196339434276206,0.8269025854740758,0.0074752932230007,1.7893857539660831,0.0367763560116695,,0.0014041666666666,0.003202487715711,0.0016955930487963,-0.0013872386365029,-0.0016786650186326,5,7,7,280503,600,10271,-2.595490976500133e-05,10071,1.6473057688989595e-05,8877,7.119544666268431e-05,9135,2.9342859604009502e-05,9552,2.023232863686983e-05,9873,5.450566297124246e-05,9158,-4.342087212077011e-05,2,11,signflip_day_realtiming_negative
V45_AMB,5m,4,is,v45,False,True,30610,15375,15235,-2.410024743960394e-05,-6.765323874578717e-06,-4.159446797207934e-05,6.833552753972631e-07,3.885275991416886e-05,-0.6378852562791323,0.7382258120364615,0.7287853577371048,-0.9843189698814098,-0.0031588578357314,-0.4642866821707246,0.6787788178400264,,0.0014041666666666,0.003202487715711,0.0016955930487963,-0.0014282669141062,-0.0017196932962359,2,7,7,280503,600,4378,5.293008209690857e-05,4259,-6.380903376963422e-05,4053,-3.450563008353125e-06,4686,-5.864276076363878e-05,4583,8.939670425147149e-06,4517,-1.7418545855379074e-05,4134,-8.978704108372175e-05,2,11,signflip_day_realtiming_negative
DOGE_L,5m,4,is,doge,False,True,8556,4209,4347,-8.16360792102158e-05,-6.005741330758665e-05,-0.0001025297081,-7.312164816245857e-07,6.455011659913245e-05,-1.2533650904308138,0.8949635649969256,0.8868552412645591,-1.2694957264414226,-0.0087239303121865,-0.726985883143654,0.7663826981671629,,0.0014041666666666,0.003202487715711,0.0016955930487963,-0.0014858027458768,-0.0017772291280065,1,7,7,280503,600,1032,-1.8033662881106795e-05,1178,-1.7485495608172848e-05,1229,0.0002889613770635,1265,-9.375753726337482e-05,1190,-0.0001264504290379,1247,-0.0001714821447896,1415,-0.0003756082278925,2,11,signflip_day_realtiming_negative
DOGE_S,5m,4,is,doge,False,True,8420,4098,4322,7.366742324524132e-06,9.54236768254766e-05,-7.612638992556916e-05,-1.7068270750378482e-06,6.75022847426751e-05,0.1344187005543776,0.4465357474618199,0.4409317803660565,0.1070513546021389,-0.0064822559038529,-0.4895040789038282,0.6877575662505855,,0.0014041666666666,0.003202487715711,0.0016955930487963,-0.0013967999243421,-0.0016882263064718,3,7,7,280503,600,933,-0.0001811914199406,1077,3.217415889510882e-05,1229,-4.25749783319218e-05,1277,0.0001531001734725,1224,-0.0001389407112876,1229,0.0002024861365364,1451,-1.760737994121388e-05,2,11,signflip_day_realtiming_negative
S2_ST_ROC,5m,16,is,fingrad_exact,False,False,182738,90917,91821,-9.77975031459838e-06,2.8770910279504943e-06,-2.23119819864438e-05,6.424139947728638e-07,4.301529659353901e-05,-0.2422897233012843,0.5957221618977723,0.5757071547420965,-0.4013130232686942,0.0033318960417399,0.9520192400921956,0.1705436121538207,,0.0014166666666666,0.0063301758830865,0.0019927126720275,-0.0014264464169812,-0.0020024924223421,4,7,7,280491,600,26934,-2.772958781201037e-05,26410,2.1637586698503813e-08,23665,4.051008119332663e-05,26929,2.6694125549561818e-05,25778,3.8808931881391455e-05,26415,-4.08378443201039e-05,26607,-9.92233964825906e-05,2,11,signflip_day_realtiming_negative
S5_DONCHIAN_MFI,5m,16,is,fingrad_exact,False,False,6674,3292,3382,0.0001142957076569,5.0794294922117694e-05,0.0001761072542928,-9.158090942312163e-08,0.0001367745659128,0.8363198801098889,0.2014874860507396,0.2096505823627288,0.8162657339398972,0.016056009356687,1.4208510948228856,0.0776800264971066,,0.0014166666666666,0.0063301758830865,0.0019927126720275,-0.0013023709590097,-0.0018784169643706,5,7,7,280491,600,552,0.000239521309468,615,0.0004547237090701,710,0.0003405075826295,1690,0.0002413020217659,798,0.0001413875923915,847,-0.0001311121059438,1462,-0.0002054702027686,2,11,signflip_day_realtiming_negative
S6_EMA_DMI_ADX,5m,16,is,fingrad_exact,False,False,14519,7338,7181,-5.877651127768683e-05,0.0001045551648282,-0.000225679148691,2.1215427312108456e-06,8.250073348967344e-05,-0.7381516676639032,0.7697888552592336,0.7670549084858569,-0.6410521018801933,0.0161539998217336,2.263922166665468,0.0117894511633797,,0.0014166666666666,0.0063301758830865,0.0019927126720275,-0.0014754431779443,-0.0020514891833052,3,7,7,280491,600,2356,0.0002201585970345,2102,0.0001252648375073,1957,-0.0005307213672327,2074,-0.0001066204271061,1749,-4.54751936707454e-05,2036,9.586992990499011e-05,2245,-0.0002188325578433,2,11,signflip_day_realtiming_negative
N01_ST_EMA,5m,16,is,fingrad_exact,False,False,66576,33010,33566,-5.231885134830694e-05,-0.000113537137241,7.88539155581989e-06,3.4551085150780247e-06,5.7328176412462645e-05,-0.9728891332964184,0.8346957968298061,0.8302828618968386,-1.3257626365460973,-0.0011081642484535,-0.2701451842877913,0.6064757190777843,,0.0014166666666666,0.0063301758830865,0.0019927126720275,-0.0014689855180149,-0.0020450315233758,2,7,7,280491,600,10082,-6.242250812297193e-05,9865,9.708486117225608e-06,8578,0.0001288644552561,9565,-0.0001259306014831,9507,-4.041213639381933e-05,9683,-5.148098391684556e-05,9296,-0.0002116818935084,2,11,signflip_day_realtiming_negative
N02_ST_KST,5m,16,is,fingrad_exact,False,False,56137,27885,28252,-4.060801762858115e-05,4.323307670060388e-05,-0.0001233599967935,1.0680190166408852e-06,5.716144553943179e-05,-0.7290934694167693,0.7670277554477534,0.7803660565723793,-0.8937910210379666,0.0012076423349206,0.2311140983584103,0.4086130813421598,,0.0014166666666666,0.0063301758830865,0.0019927126720275,-0.0014572746842952,-0.0020333206896561,3,7,7,280491,600,8383,1.002259915372724e-05,8176,7.410160842270408e-05,7410,9.83518424566063e-05,8139,-0.0001374251497743,8121,-4.468307535911383e-05,8073,-0.0001619006299942,7835,-0.0001161295855061,2,11,signflip_day_realtiming_negative
N03_ADX_GC,5m,16,is,fingrad_exact,False,False,2162,1063,1099,0.000189292925441,-8.494329111280373e-05,0.0004545459720258,-1.4766112739918778e-06,0.0002373848990646,0.8036296220471021,0.2108054551405211,0.2179700499168053,0.6992511319354675,-0.0008064099792378,-0.0084437986987111,0.5033685482797556,,0.0014166666666666,0.0063301758830865,0.0019927126720275,-0.0012273737412256,-0.0018034197465865,6,7,7,280491,600,300,0.0001882284693101,288,2.5713116862544072e-05,274,0.0008030351245607,311,0.0006767409452177,327,0.0002408117571858,326,-0.0009555253271802,336,0.0004393902985792,2,11,signflip_day_realtiming_negative
N07_ICHI_CMO,5m,16,is,fingrad_exact,False,False,25481,12639,12842,2.1355812039583014e-05,-7.161545377775651e-05,0.0001128574339571,-4.138539456570546e-06,7.675097031010984e-05,0.3321697614133665,0.3698805377769707,0.3843594009983361,0.3281387880818267,0.0046426331623014,0.744618946132412,0.2282510555518166,,0.0014166666666666,0.0063301758830865,0.0019927126720275,-0.001395310854627,-0.0019713568599879,4,7,7,280491,600,3764,0.0001034236262599,3756,-0.0001235126370011,3314,-5.408937981853223e-05,3663,0.0001242122795719,3817,0.0001477934732454,3642,-0.0002133850973309,3525,0.0001577525797622,2,11,signflip_day_realtiming_negative
N08_ICHI_WR,5m,16,is,fingrad_exact,False,False,3666,1829,1837,4.372457275364181e-05,-8.992733002664732e-05,0.0001767944313193,-7.418136446269969e-06,0.0001871626079498,0.2732528134766437,0.3923294424125521,0.3926788685524126,0.2600724214373158,-0.0014089502766038,-0.0912159097932526,0.5363394832662571,,0.0014166666666666,0.0063301758830865,0.0019927126720275,-0.001372942093913,-0.0019489880992738,4,7,7,280491,600,527,-0.0002597629516012,507,0.0002149379402829,435,-0.0005263079902776,548,-0.0001462450096784,538,0.0002348263016233,490,1.7766954727537177e-05,621,0.0005833489637196,2,11,signflip_day_realtiming_negative
N09_ALLIG_AROON,5m,16,is,fingrad_exact,False,False,27808,13897,13911,-2.129378819463297e-05,6.825557275648317e-05,-0.0001107530268645,-4.913118861341248e-06,6.316237218323985e-05,-0.2593422122552632,0.6023143937309091,0.6189683860232945,-0.3377385835288456,0.0014297708516509,0.2846263911054551,0.3879651950068162,,0.0014166666666666,0.0063301758830865,0.0019927126720275,-0.0014379604548612,-0.0020140064602221,4,7,7,280491,600,4089,6.548768991935645e-05,3988,-0.0002390880268601,3500,-0.0003624617909811,3956,0.0001587685146552,4027,8.379829004545784e-05,4139,-9.930050448716208e-05,4109,0.0001965547148792,2,11,signflip_day_realtiming_negative
N10_HA_PSAR,5m,16,is,fingrad_exact,False,False,82683,41328,41355,-5.226370414216868e-05,4.656777704513249e-05,-0.0001510306598792,-1.5418488320836946e-06,3.752379028269219e-05,-1.3517252635717985,0.9117683899519023,0.9101497504159732,-1.4107365312381417,0.0003670835917192,0.1660440067722579,0.4340611592173459,,0.0014166666666666,0.0063301758830865,0.0019927126720275,-0.0014689303708088,-0.0020449763761697,3,7,7,280491,600,7987,5.690582217484474e-05,9410,-4.885670466924543e-05,11411,1.0403971223594377e-05,14738,2.511061406231262e-05,11386,-0.0003019474798754,11949,-7.236541687507892e-05,15802,-3.178183988990873e-05,2,11,signflip_day_realtiming_negative
N12_ICHI_AO,5m,16,is,fingrad_exact,False,False,28946,14263,14683,-6.296721570947904e-05,-5.498927190164698e-05,-7.071695435492674e-05,8.764999441852724e-07,7.097965034948887e-05,-0.8994650627230663,0.8157975014714418,0.8019966722129783,-0.9939565245959012,0.0011977802223285,0.1838143785676647,0.4270795379357369,,0.0014166666666666,0.0063301758830865,0.0019927126720275,-0.0014796338823761,-0.002055679887737,2,7,7,280491,600,4190,0.0001372220081093,4264,-0.0001623845806059,3866,-5.804606730081724e-05,4157,6.58261088863486e-05,4157,-7.04094116685623e-05,4119,-0.0001794282147461,4193,-0.000172353371288,2,11,signflip_day_realtiming_negative
N14_ICHI_RSI,5m,16,is,fingrad_exact,False,False,3,0,3,-0.0027903864504621,,-0.0027903864504621,-9.577617126582602e-05,0.0051873428169624,-0.5194586851643981,0.6982795417423742,0.7470881863560732,-1.615854553556957,-0.4026621824516131,-0.7331935623521763,0.7682798093954973,,0.0014166666666666,0.0063301758830865,0.0019927126720275,-0.0042070531171288,-0.0047830991224896,0,0,7,280491,600,1,0.0006100402332558,1,-0.0039669926650367,0,,0,,0,,1,-0.0050142069196055,0,,2,11,signflip_day_realtiming_negative
N17_KC_RSI,5m,16,is,fingrad_exact,False,False,221355,110912,110443,0.0001827873593686,0.0003690309720707,-4.247143243701558e-06,2.1425593319169983e-06,8.51680309021623e-05,2.1210399973228493,0.0169592183246844,0.016638935108153,6.337440408498936,0.0070391516326494,0.9851243723232684,0.1622814915088307,,0.0014166666666666,0.0063301758830865,0.0019927126720275,-0.001233879307298,-0.0018099253126589,6,7,7,280491,600,29749,-6.831949188699069e-05,33445,0.000190301225224,31285,0.000423017758805,29183,0.0002514549859179,28821,0.0001429913931456,32644,0.0002423354097502,36228,9.728482178347733e-05,2,11,signflip_day_realtiming_negative
N18_VWMA_MACD,5m,16,is,fingrad_exact,False,False,201521,99543,101978,6.299737987281569e-05,0.0001021033370058,2.48251830176604e-05,-4.991979477205081e-06,5.014794869129877e-05,1.355775482832814,0.0875853071369427,0.0848585690515806,2.621453240197452,0.0085231308903816,2.0362155587692925,0.0208643572960556,,0.0014166666666666,0.0063301758830865,0.0019927126720275,-0.0013536692867938,-0.0019297152921547,5,7,7,280491,600,29430,3.109010150596262e-05,28934,5.5339633809303184e-05,26666,-2.1640653702687023e-05,29922,0.000113598918593,28882,6.290069902892548e-05,29101,-0.0001081497597151,28586,0.0003039126612677,2,11,signflip_day_realtiming_negative
N22_VORTEX_PSAR,5m,16,is,fingrad_exact,False,False,153191,76401,76790,2.328713731436069e-05,4.7822194881545855e-05,-1.1236314470732814e-06,5.977483205187162e-07,3.122508740411052e-05,0.7266397272231528,0.2337233424655762,0.2412645590682196,0.8916416305131541,0.0057454779067942,2.112814771826988,0.0173083124185861,,0.0014166666666666,0.0063301758830865,0.0019927126720275,-0.0013933795293523,-0.0019694255347131,5,7,7,280491,600,22113,-3.690193030909556e-06,22412,2.572974312206972e-05,20262,2.561503497883068e-05,22065,7.162141401324629e-05,22029,4.812716584939441e-05,22420,2.9242353431892736e-05,21890,-3.39341777714841e-05,2,11,signflip_day_realtiming_negative
N23_HA_ST,5m,16,is,fingrad_exact,False,False,219947,108770,111177,-2.3557585070281927e-05,4.186948453412491e-05,-8.756814805427443e-05,-5.603595689856783e-07,4.250334638022069e-05,-0.5410685854137408,0.7057698449118618,0.7071547420965059,-0.9913089796807306,0.0020803486971937,0.6599821578615525,0.2546326396014533,,0.0014166666666666,0.0063301758830865,0.0019927126720275,-0.0014402242517369,-0.0020162702570978,3,7,7,280491,600,25623,3.3711500514653835e-05,28892,-8.151924459314241e-05,30630,0.0001584537651073,34543,9.13652948151628e-05,31208,-0.0001025907835598,32300,-0.0001068517520887,36751,-0.0001373149401265,2,11,signflip_day_realtiming_negative
N24_DMI,5m,16,is,fingrad_exact,False,False,88141,44088,44053,2.277173207342358e-05,3.778742891418434e-05,7.744105298505622e-06,4.0389167336774375e-06,5.6185743565849766e-05,0.3334086932175464,0.3694129009826449,0.389351081530782,0.6687373824303156,0.0068330681933704,1.5110061005658535,0.0653934482864138,,0.0014166666666666,0.0063301758830865,0.0019927126720275,-0.0013938949345932,-0.0019699409399541,5,7,7,280491,600,12289,5.562580957856672e-05,11992,5.973635346348096e-05,11736,-3.509348012944975e-05,13113,5.2111444087178505e-05,12281,-0.0001486601340545,13103,2.8355755749127432e-05,13627,0.0001313457596877,2,11,signflip_day_realtiming_negative
N25_DST_CCI,5m,16,is,fingrad_exact,False,False,98093,48967,49126,-9.95910551878806e-06,-3.2263569098543795e-05,1.22731679842429e-05,5.747219130282954e-07,5.5874544410279045e-05,-0.1885264129308674,0.5747679938984033,0.562396006655574,-0.3303754444181737,0.0025255036321495,0.5742433072241342,0.2829015835609763,,0.0014166666666666,0.0063301758830865,0.0019927126720275,-0.0014266257721854,-0.0020026717775463,2,7,7,280491,600,14387,2.517968651505269e-05,14303,-4.052497945743824e-05,12565,0.0001396058706491,14519,-2.9477896846763645e-06,14405,-7.527439940191598e-05,14515,-2.7965177837628e-05,13399,-7.318877774043446e-05,2,11,signflip_day_realtiming_negative
S1_EMA_RSI_CHOP,5m,16,is,fingrad_approx,True,False,256,147,109,0.0005087939162378,0.0009747285978383,-0.0001195767094068,3.305796068292662e-05,0.0007134373627605,0.6668223173988677,0.2524428178108464,0.2445923460898502,0.6210569015164148,0.0116739375997795,0.0826771934367486,0.4670541098874137,,0.0014166666666666,0.0063301758830865,0.0019927126720275,-0.0009078727504288,-0.0014839187557897,4,7,7,280491,600,60,-0.0002909888860102,46,0.0014830146474156,27,-0.0018169064012704,25,0.0035324936656143,25,0.0041070829261469,27,0.0015757825812815,46,-0.0022823297764771,2,11,signflip_day_realtiming_negative
S3_CMO_SANDWICH,5m,16,is,fingrad_approx,True,False,14975,7634,7341,-0.0001855704305897,-0.0001995657977716,-0.0001710164688588,1.5336412080937911e-06,8.956224031672841e-05,-2.0890954841698046,0.9816504356065116,0.9816971713810316,-2.294655921810608,-0.0170818889344243,-2.238186855460609,0.9873955637625822,,0.0014166666666666,0.0063301758830865,0.0019927126720275,-0.0016022370972563,-0.0021782831026172,1,7,7,280491,600,2421,-0.0001017207751625,2372,-0.0002379781429926,1838,-0.0003211814653133,2085,-0.0001624180274786,2065,2.005261415662564e-07,2169,-0.0001867020749111,2025,-0.0003134080057754,2,11,signflip_day_realtiming_negative
S4_BB_BBP,5m,16,is,fingrad_approx,True,False,64697,31989,32708,-0.0001206432226883,-7.545120132893733e-05,-0.0001648418154261,-3.719812033059324e-06,5.833443333416287e-05,-2.0043635289217647,0.9774844334281834,0.9767054908485856,-3.003558170858248,-0.0055872257052302,-1.055823006360118,0.8544754573678235,,0.0014166666666666,0.0063301758830865,0.0019927126720275,-0.001537309889355,-0.0021133558947159,0,7,7,280491,600,9230,-0.000123883229524,9426,-0.0001764738892364,8674,-0.0001003557672409,9479,-0.000103941720551,9193,-0.000148363541547,9437,-0.0001016033417708,9258,-8.855943205178911e-05,2,11,signflip_day_realtiming_negative
N04_ST_KLINGER,5m,16,is,fingrad_approx,True,False,171544,85041,86503,-4.267337301382139e-05,7.482730999384999e-05,-0.0001581881595952,-3.536053334947356e-07,4.411254004448658e-05,-0.9593591218653028,0.8313110695669488,0.8352745424292846,-1.6422058159377877,0.0019416872500591,0.6007327955260696,0.2740089859472906,,0.0014166666666666,0.0063301758830865,0.0019927126720275,-0.0014593400396804,-0.0020353860450413,2,7,7,280491,600,26078,-2.2573027368958154e-06,26429,-1.0035070992751496e-05,23197,0.0001000754252367,22464,1.3403540010623412e-05,24038,-0.0001682810449087,25483,-5.628490482197634e-05,23855,-0.0001735224080135,2,11,signflip_day_realtiming_negative
N05_PSAR_POC,5m,16,is,fingrad_approx,True,False,15393,7707,7686,-5.872362906386817e-05,-0.0002843403223712,0.0001675095032962,1.24610505434499e-06,9.347205280041602e-05,-0.6415792990688042,0.7394268112672615,0.7470881863560732,-0.719223360070915,-0.0065632528331381,-0.8466839584654129,0.801414348798128,,0.0014166666666666,0.0063301758830865,0.0019927126720275,-0.0014753902957305,-0.0020514363010914,3,7,7,280491,600,2912,4.77874821698751e-05,2620,-0.0002181598568456,1851,0.0001956653061625,2016,-2.180728263997107e-06,2025,-0.0003808622664291,2118,-0.0001504298875904,1851,0.0001407700230068,2,11,signflip_day_realtiming_negative
N06_MACD_ORB,5m,16,is,fingrad_approx,True,False,8027,3995,4032,9.01836028095332e-05,0.0001481591858481,3.274003776998802e-05,-4.505703591730644e-06,0.0001330208565875,0.711838044276415,0.2382825355829413,0.2396006655574043,0.7814521237354879,0.0081411825436241,0.7075615714588723,0.2396087820428926,,0.0014166666666666,0.0063301758830865,0.0019927126720275,-0.0013264830638571,-0.001902529069218,3,7,7,280491,600,1331,-5.2505730444171714e-05,1167,0.0002052728275591,1038,-0.0003702104388136,1139,0.0006468146744639,1161,0.0003631781585258,1179,-7.250262092393136e-05,1012,-0.0001327838077996,2,11,signflip_day_realtiming_negative
N11_BREAKAWAY,5m,16,is,fingrad_approx,True,False,774,401,373,-0.0005383963310846,-0.0001638656552497,-0.0009410419101993,-3.4936995207021925e-06,0.0004090259811745,-1.3077473221333338,0.9045204865938336,0.9118136439267888,-1.2835970862751511,-0.0366456400004647,-1.114751282544736,0.867521490798649,,0.0014166666666666,0.0063301758830865,0.0019927126720275,-0.0019550629977512,-0.0025311090031121,1,7,7,280491,600,82,0.0004827885274097,94,-0.0005795654505662,123,-0.0005754011738168,120,-0.0001636243464128,102,-0.0004309857129387,100,-0.0008769770510935,153,-0.0011749068848088,2,11,signflip_day_realtiming_negative
N13_3OUTSIDE,5m,16,is,fingrad_approx,True,False,15365,7610,7755,4.239156750875849e-05,-7.174081507709264e-06,9.103045713033418e-05,2.206780797223782e-06,8.899537050564573e-05,0.4515379449876602,0.3258009416949969,0.3327787021630615,0.5009346445760043,0.004730072758452,0.6393187246368729,0.2613078048741496,,0.0014166666666666,0.0063301758830865,0.0019927126720275,-0.0013742750991579,-0.0019503211045187,4,7,7,280491,600,1805,0.0004116375049354,2151,6.063481068773016e-05,2149,-0.000144792947959,2248,-0.0001529047598458,2056,-0.0001612067194011,2414,7.253250468770454e-05,2542,0.0002317674093801,2,11,signflip_day_realtiming_negative
N15_KC_AO,5m,16,is,fingrad_approx,True,False,136,70,66,0.0025960007505262,0.0041481338149057,0.0009497990155782,5.849218858821635e-06,0.0009296680889655,2.786103516309269,0.0026672916561671,0.0083194675540765,1.4812625173871408,0.0624630168392453,0.7195480874045724,0.235901642272626,,0.0014166666666666,0.0063301758830865,0.0019927126720275,0.0011793340838595,0.0006032880784986,5,6,7,280491,600,26,0.0002669847385737,27,0.0014271197903328,5,0.0024566238429454,18,0.0083126862249088,15,0.0081128454645779,20,0.0012875462647409,25,-7.091255987654144e-05,2,11,signflip_day_realtiming_negative
N16_BBRSI,5m,16,is,fingrad_approx,True,False,22859,11370,11489,3.701719100030962e-05,6.967052889827105e-05,4.702067673664875e-06,2.204397941370659e-07,7.672742233439349e-05,0.4795775758737852,0.3157638972565562,0.3044925124792013,0.5158337428940324,-0.0019337852072595,-0.2505705223471589,0.5989269127409217,,0.0014166666666666,0.0063301758830865,0.0019927126720275,-0.0013796494756663,-0.0019556954810272,4,7,7,280491,600,3626,-4.394503500273244e-05,3549,-2.8003318462370277e-05,2826,5.344807698195586e-05,3105,0.000270490296373,2970,-0.0002714771587703,3302,0.0001934128970011,3481,8.090364351623029e-05,2,11,signflip_day_realtiming_negative
N19_FIB_CHOP,5m,16,is,fingrad_approx,True,False,15484,7689,7795,4.217975019835464e-05,0.0004607712136094,-0.0003707195137102,-4.804419091658014e-06,0.0001275859631971,0.3682550032359059,0.3563415503930001,0.3494176372712146,0.4152716646666973,0.0080709457759424,0.8102263873219525,0.2089050371616322,,0.0014166666666666,0.0063301758830865,0.0019927126720275,-0.0013744869164683,-0.0019505329218291,4,7,7,280491,600,1927,0.0003833276356363,2010,-5.187644325248984e-05,1870,-0.0005994897645827,2475,0.0003038864770199,2419,6.0247091095494586e-05,2116,-0.0001498424794588,2667,0.0002095861835237,2,11,signflip_day_realtiming_negative
N20_EMA9_CHOP,5m,16,is,fingrad_approx,True,False,95158,47715,47443,5.092634637312138e-06,-8.860131153436242e-05,9.932374653119432e-05,8.461083189332883e-06,6.743235008803842e-05,-0.0499530054584032,0.5199200811272855,0.5374376039933444,0.1630750418111893,0.0052373421566181,0.9594890313699004,0.1686562213673871,,0.0014166666666666,0.0063301758830865,0.0019927126720275,-0.0014115740320293,-0.0019876200373902,5,7,7,280491,600,13140,3.326197156086445e-06,12737,3.459227784571324e-05,12509,9.813276013454807e-06,14507,5.314293873072184e-05,13401,-6.324940785638045e-05,14117,1.8046807870515804e-07,14747,-3.278251965626304e-06,2,11,signflip_day_realtiming_negative
V39_ALL,5m,16,is,pine,False,False,66845,33214,33631,6.187010961587043e-05,5.77227297050713e-05,6.596606502478731e-05,-1.1671145651253317e-06,6.0807320671731054e-05,1.036671629083986,0.149944459206792,0.1447587354409318,1.5610564504335709,0.0098272515854934,1.9732639091345752,0.0242327512701068,,0.0014166666666666,0.0063301758830865,0.0019927126720275,-0.0013547965570507,-0.0019308425624116,5,7,7,280491,600,10051,0.000101491938413,10486,4.711508608770222e-05,8927,-0.0001026530108661,9008,0.0001076887802047,9750,0.0002299915240464,9891,4.059374441629006e-05,8732,-8.708655289546682e-06,2,11,signflip_day_realtiming_negative
OBV_S,5m,16,is,pine,False,False,25300,12728,12572,-0.0001204652727329,-0.000121244915489,-0.0001196759557586,1.5991001041419109e-06,8.37779442989847e-05,-1.4569989017808262,0.9274416583150652,0.9217970049916804,-1.8739782606785735,-0.005651224900035,-0.8340443996534235,0.7978720176798053,,0.0014166666666666,0.0063301758830865,0.0019927126720275,-0.0015371319393996,-0.0021131779447604,1,7,7,280491,600,3854,-0.0001571803571289,3619,-5.0926373286137806e-05,3048,0.0003265830601991,3760,-2.906990473922155e-06,3626,-0.0004412154107097,3686,-0.000143619551537,3707,-0.0003002325049775,2,11,signflip_day_realtiming_negative
OBV_B,5m,16,is,pine,False,False,66932,33318,33614,-3.15250743452788e-05,-2.0995982674875053e-05,-4.1961448364274216e-05,-1.9154262226465077e-07,4.914203769318343e-05,-0.637611568300117,0.7381367183350239,0.7354409317803661,-0.7758741102400422,0.0009777891357002,0.2345289730884157,0.4072871715179684,,0.0014166666666666,0.0063301758830865,0.0019927126720275,-0.0014481917410119,-0.0020242377463728,2,7,7,280491,600,10270,3.1420603519272224e-05,10071,-1.747393399501432e-05,8876,0.0001753553502728,9134,-0.0001139951641341,9551,-0.0001771834130106,9873,-5.4039928138784526e-05,9157,-5.964324086485237e-05,2,11,signflip_day_realtiming_negative
V45_AMB,5m,16,is,v45,False,True,30610,15375,15235,8.548551704393674e-06,2.511540006385754e-06,1.4641039716003248e-05,1.5510035738971258e-06,9.871535563155852e-05,0.0708861157995918,0.4717441967816199,0.4742096505823627,0.1662512127518846,0.0048606852260923,0.6075943457192281,0.2717282759358954,,0.0014166666666666,0.0063301758830865,0.0019927126720275,-0.0014081181149622,-0.0019841641203231,5,7,7,280491,600,4378,5.467245420836349e-05,4259,1.58451482357912e-05,4053,0.0001841010942906,4686,-0.0001315587100041,4583,7.225183984391559e-05,4517,7.345337657021443e-05,4134,-0.0002026526432611,2,11,signflip_day_realtiming_negative
DOGE_L,5m,16,is,doge,False,True,8556,4209,4347,-0.0002551396964547,-0.0005224316574419,3.6668054535013194e-06,-5.696492571799228e-06,0.0001599870911827,-1.5591458163210077,0.9405190641099792,0.9500831946755408,-1.970106366629521,-0.0201053297432504,-1.5331843422004132,0.9373847794594852,,0.0014166666666666,0.0063301758830865,0.0019927126720275,-0.0016718063631214,-0.0022478523684822,1,7,7,280491,600,1032,-3.385259876569069e-05,1178,-0.00028525418999,1229,-9.853439715824117e-05,1265,-0.0002473396944167,1190,0.00040906936597,1247,-0.0006320746467615,1415,-0.0007608635325656,2,11,signflip_day_realtiming_negative
DOGE_S,5m,16,is,doge,False,True,8420,4098,4322,-0.0002661843515398,-0.000187407515643,-0.0003408783528136,2.3310441605889766e-06,0.0001605480667551,-1.6724922394108332,0.9527863515435432,0.966722129783694,-1.8894861419033324,-0.0180608369767145,-1.407103383880067,0.9203016325710892,,0.0014166666666666,0.0063301758830865,0.0019927126720275,-0.0016828510182065,-0.0022588970235674,2,7,7,280491,600,933,-0.0006132072232278,1077,-0.0005827868094393,1229,-0.0003218505263843,1277,-0.0001720159857348,1224,-0.0005129650128495,1229,4.907967911317656e-05,1451,9.736764567853672e-05,2,11,signflip_day_realtiming_negative
S2_ST_ROC,5m,64,is,fingrad_exact,False,False,182716,90900,91816,-4.538336947726317e-05,9.790305735433114e-05,-0.0001872403028983,1.7191208801045744e-06,0.0001439323653236,-0.3272543340161925,0.6282622356970512,0.6422628951747088,-0.9518618599392644,0.0013509140397893,0.2452383914406775,0.4031359258647397,,0.0014666666666666,0.0127905695741504,0.0026306084979143,-0.0015120500361439,-0.0026759918673916,2,7,7,280443,600,26932,-6.318708891555794e-05,26406,-0.0001914209638913,23662,0.0004803446906711,26924,4.677803308038239e-05,25776,-7.344433289082241e-05,26413,-0.0001500919561481,26603,-0.0003121354342442,2,11,signflip_day_realtiming_negative
S5_DONCHIAN_MFI,5m,64,is,fingrad_exact,False,False,6674,3292,3382,8.627954558833367e-05,0.0003409117333372,-0.0001615765046983,-1.109608646764425e-07,0.0002862273418702,0.3018247868582756,0.3813928171832741,0.3793677204658902,0.3565939421673925,0.016277411113887,1.4541180188368383,0.0729567943633343,,0.0014666666666666,0.0127905695741504,0.0026306084979143,-0.0013803871210783,-0.002544328952326,5,7,7,280443,600,552,0.0003013706126564,615,0.0002729652039104,710,0.0009869588820288,1690,0.0001196973299992,798,0.0006555138692431,847,-0.0007077702286499,1462,-0.0004001699516166,2,11,signflip_day_realtiming_negative
S6_EMA_DMI_ADX,5m,64,is,fingrad_exact,False,False,14518,7337,7181,-0.0002564395670513,-0.0001776306839273,-0.0003369604938694,-3.5894858267911857e-06,0.0001573359802861,-1.607070936760163,0.945980596042662,0.951747088186356,-1.4058613598544965,0.0029320947575513,0.4508769255635114,0.3260391273905576,,0.0014666666666666,0.0127905695741504,0.0026306084979143,-0.001723106233718,-0.0028870480649657,2,7,7,280443,600,2355,0.0002966935427893,2102,-7.447231715647728e-05,1957,-0.001265461042484,2074,-5.759183013457555e-05,1749,4.50231148253956e-05,2036,-0.0003271847942645,2245,-0.000481873758541,2,11,signflip_day_realtiming_negative
N01_ST_EMA,5m,64,is,fingrad_exact,False,False,66570,33005,33565,-0.0001394860746958,-7.122604993134626e-06,-0.0002696411861971,5.642588402349502e-07,0.0001674893432044,-0.8361745938975985,0.7984716555496665,0.7970049916805324,-1.7524223526869764,-0.0007993088318285,-0.0805381099834278,0.5320953563601654,,0.0014666666666666,0.0127905695741504,0.0026306084979143,-0.0016061527413625,-0.0027700945726102,1,7,7,280443,600,10081,-0.0001295385162609,9864,-0.0002931100258359,8577,0.0004714608566264,9564,-6.917925279428694e-05,9506,-0.0001776364220664,9683,-9.128210352472673e-05,9295,-0.0006345417829156,2,11,signflip_day_realtiming_negative
N02_ST_KST,5m,64,is,fingrad_exact,False,False,56124,27877,28247,-0.0002212541248114,-2.720186693850539e-05,-0.0004127645433594,-5.12490725399118e-07,0.0001606488155484,-1.3740632530183063,0.915288976842514,0.9201331114808652,-2.5009435103540247,-0.0039802035451372,-0.5776641203480607,0.7182545462753365,,0.0014666666666666,0.0127905695741504,0.0026306084979143,-0.0016879207914781,-0.0028518626227258,1,7,7,280443,600,8381,-0.0001247753070364,8173,-0.0002797447272608,7409,0.0004200772645058,8136,-0.000294216561801,8120,-0.0005244718039229,8071,-0.0002122300773028,7834,-0.0004892210238562,2,11,signflip_day_realtiming_negative
N03_ADX_GC,5m,64,is,fingrad_exact,False,False,2162,1063,1099,0.0004864767386676,-0.0005251339286609,0.0014649500228989,1.3916877842691852e-05,0.0004532453407761,1.0426138303279686,0.148563590598364,0.1314475873544093,1.107234167490893,0.0303070674346312,1.5727865234947764,0.057884128587569,,0.0014666666666666,0.0127905695741504,0.0026306084979143,-0.000980189927999,-0.0021441317592467,5,7,7,280443,600,300,0.0004097988623791,288,-0.0007899846827592,274,0.0015470815174419,311,0.0025130109491598,327,-0.0005324829334113,326,6.792615422679972e-05,336,0.0003061603895836,2,11,signflip_day_realtiming_negative
N07_ICHI_CMO,5m,64,is,fingrad_exact,False,False,25479,12637,12842,-2.230751509707696e-05,0.0001437540784565,-0.000185718226648,-1.2204523531121087e-05,0.00016099949548,-0.0627516970524029,0.5250178849090372,0.5274542429284526,-0.1760537571120631,0.0051534021352879,0.8244344393706409,0.2048463765450368,,0.0014666666666666,0.0127905695741504,0.0026306084979143,-0.0014889741817637,-0.0026529160130114,3,7,7,280443,600,3763,0.0002708336922561,3756,-5.4185699132522366e-05,3314,0.0002970060557236,3662,0.0001411898377445,3817,-0.0001753328975925,3642,-0.0003133241851247,3525,-0.0003049480219376,2,11,signflip_day_realtiming_negative
N08_ICHI_WR,5m,64,is,fingrad_exact,False,False,3666,1829,1837,0.0001775786029617,0.0004471107597642,-9.07797611055297e-05,-9.469767100811248e-06,0.0003732959365057,0.5010726122910718,0.308160010446057,0.3061564059900166,0.5321702809916488,-0.0080627434741988,-0.5139386906497035,0.6963525720996089,,0.0014666666666666,0.0127905695741504,0.0026306084979143,-0.0012890880637048,-0.0024530298949525,5,7,7,280443,600,527,-0.0005207066113546,507,0.0005193873215368,435,0.0019344955901523,548,0.0003421085678366,538,0.0009947255340732,490,-0.0020576231182094,621,0.0001709792018085,2,11,signflip_day_realtiming_negative
N09_ALLIG_AROON,5m,64,is,fingrad_exact,False,False,27807,13897,13910,7.506079244213217e-06,4.305725386599549e-05,-2.8011869980726284e-05,-1.4805359899041497e-06,0.0001145854281018,0.078427208267121,0.468744115557449,0.4559068219633943,0.061788275040102,0.0008401327058336,0.1769691409850995,0.4297663144454003,,0.0014666666666666,0.0127905695741504,0.0026306084979143,-0.0014591605874224,-0.0026231024186701,3,7,7,280443,600,4089,0.0001070709920672,3988,-0.0001179892436578,3499,-0.0004918128491971,3956,0.0003238740249473,4027,0.0004593947032427,4139,-0.0002595729742883,4109,-2.3011207116567373e-05,2,11,signflip_day_realtiming_negative
N10_HA_PSAR,5m,64,is,fingrad_exact,False,False,82675,41322,41353,-0.0001455937667927,8.019511510865464e-05,-0.0003712133875682,2.801695741917319e-06,6.973205961098615e-05,-2.1280808764648738,0.9833348107097952,0.9800332778702164,-1.9802624002808893,-0.0052559185347979,-1.8491913060162188,0.9677849031639696,,0.0014666666666666,0.0127905695741504,0.0026306084979143,-0.0016122604334593,-0.002776202264707,1,7,7,280443,600,7987,-6.521100361296293e-05,9409,-0.0001998939211894,11410,4.802252903480983e-05,14735,-6.68743813123402e-05,11385,-0.0003617966497013,11947,-0.0002897706618017,15802,-0.0001023237927804,2,11,signflip_day_realtiming_negative
N12_ICHI_AO,5m,64,is,fingrad_exact,False,False,28942,14259,14683,1.7778173670761804e-05,0.0002122910592322,-0.0001711177764226,-6.399227804983676e-06,0.0001493814323573,0.1618501114509614,0.435711945001788,0.4176372712146423,0.1449095919055019,0.0036475919183856,0.6595574045976147,0.254768948254956,,0.0014666666666666,0.0127905695741504,0.0026306084979143,-0.0014488884929959,-0.0026128303242435,4,7,7,280443,600,4190,0.0002325463322203,4263,0.0002035037612125,3866,0.0004426976710646,4155,0.000168705369959,4156,-0.0001268266881086,4119,-0.0005507752283396,4193,-0.0002251549942471,2,11,signflip_day_realtiming_negative
N14_ICHI_RSI,5m,64,is,fingrad_exact,False,False,3,0,3,-0.001350617754455,,-0.001350617754455,0.0002375027868887,0.0100729386963737,-0.1576620874219651,0.5626384616868754,0.6056572379367721,-0.4708722624969317,0.1018419960109777,0.2367680634514876,0.4064183644088129,,0.0014666666666666,0.0127905695741504,0.0026306084979143,-0.0028172844211217,-0.0039812262523693,0,0,7,280443,600,1,0.003872285504709,1,-0.0019070904645475,0,,0,,0,,1,-0.0060170483035266,0,,2,11,signflip_day_realtiming_negative
N17_KC_RSI,5m,64,is,fingrad_exact,False,False,221303,110912,110391,0.0001860960021206,0.0005251999401774,-0.0001546083666933,-1.1751532112320705e-06,0.0002220139442886,0.8435107800634041,0.1994714196579054,0.1797004991680532,3.740579363044153,-7.617324704754753e-05,-0.0187808490297596,0.5074920343051327,,0.0014666666666666,0.0127905695741504,0.0026306084979143,-0.0012805706645459,-0.0024445124957936,5,7,7,280443,600,29744,-7.518116583500163e-05,33440,0.0003059042003745,31273,0.000500194719574,29181,0.0002404925353837,28817,3.868027838305552e-05,32636,0.0004501378608433,36212,-0.0001456808587081,2,11,signflip_day_realtiming_negative
N18_VWMA_MACD,5m,64,is,fingrad_exact,False,False,201475,99497,101978,0.0001145548030415,0.0003091697523003,-7.532540255578667e-05,-9.539373231386208e-07,0.0001427358704657,0.8092481587688549,0.2091862094379603,0.2046589018302828,2.431824942465308,0.0108728661893379,1.936920274178516,0.0263775448680888,,0.0014666666666666,0.0127905695741504,0.0026306084979143,-0.0013521118636251,-0.0025160536948728,6,7,7,280443,600,29424,0.0001725217189956,28922,0.0002230987997924,26663,4.0573889139115815e-05,29911,0.0001217649817168,28876,0.0002481902372362,29095,-0.0002314521967755,28584,0.0002237130141326,2,11,signflip_day_realtiming_negative
N22_VORTEX_PSAR,5m,64,is,fingrad_exact,False,False,153163,76384,76779,2.002015603635238e-05,0.0001621083196973,-0.0001213370157565,-2.701367767832227e-06,4.813890792640844e-05,0.471999153759777,0.3184636963085525,0.3078202995008319,0.3826243852107402,0.0002576957062824,0.1540387324081129,0.4387895979905364,,0.0014666666666666,0.0127905695741504,0.0026306084979143,-0.0014466465106303,-0.002610588341878,4,7,7,280443,600,22110,-1.6429530369881742e-05,22410,2.465376327935517e-05,20258,-0.0001023098972191,22056,0.0001182578072554,22027,8.489650485549123e-05,22415,3.966441735409639e-05,21887,-1.9083487276475544e-05,2,11,signflip_day_realtiming_negative
N23_HA_ST,5m,64,is,fingrad_exact,False,False,219916,108747,111169,3.425076579550361e-05,0.0002662064169989,-0.0001926513490154,-9.883106397615388e-07,0.0001513940838289,0.2327638937006048,0.4079723757641562,0.3793677204658902,0.7560330074554549,0.0058611936806201,1.0225345788733282,0.1532639776222217,,0.0014666666666666,0.0127905695741504,0.0026306084979143,-0.0014324159008711,-0.0025963577321188,3,7,7,280443,600,25619,0.0001435043581932,28891,-0.0001085467844464,30625,0.0006119802865911,34537,0.0001680494803841,31203,-0.0002368549097934,32296,-0.0001280053802482,36745,-0.0001640848350122,2,11,signflip_day_realtiming_negative
N24_DMI,5m,64,is,fingrad_exact,False,False,88138,44086,44052,9.851314787598328e-05,0.0002719966148466,-7.510421625890028e-05,9.304292426054669e-06,0.0001749708719538,0.5098497507256182,0.3050783640144379,0.3261231281198003,1.4196050774002174,0.0052988614615361,0.7075865663504868,0.2396010187824672,,0.0014666666666666,0.0127905695741504,0.0026306084979143,-0.0013681535187906,-0.0025320953500383,5,7,7,280443,600,12288,0.0001396808789776,11992,0.00013996053548,11734,0.0002690746246511,13113,4.408976335256026e-05,12281,-1.1333409073286402e-05,13103,-0.0001179710487794,13627,0.0002375751068926,2,11,signflip_day_realtiming_negative
N25_DST_CCI,5m,64,is,fingrad_exact,False,False,98071,48957,49114,-5.777680473616507e-05,2.9651633227585047e-05,-0.0001449257650609,3.886697393724342e-07,0.0001528508624101,-0.380537430789742,0.6482267415702465,0.6589018302828619,-0.9083694839399143,0.0006512057056607,0.1125029395029763,0.4552123195774278,,0.0014666666666666,0.0127905695741504,0.0026306084979143,-0.0015244434714028,-0.0026883853026505,3,7,7,280443,600,14382,7.534471675291252e-05,14297,-8.324064673022795e-05,12563,0.0004390664777738,14517,-0.0003231871901376,14404,-0.0004096688260053,14510,0.0001474560958266,13398,-0.000195756613601,2,11,signflip_day_realtiming_negative
S1_EMA_RSI_CHOP,5m,64,is,fingrad_approx,True,False,256,147,109,1.942850529473416e-05,0.0001407750724889,-0.0001442223697286,0.0001221546599918,0.0014588220247222,-0.0704171948025413,0.5280691971266231,0.5341098169717138,0.0158173001515283,0.009476973265416,0.0059199386345698,0.4976382999758575,,0.0014666666666666,0.0127905695741504,0.0026306084979143,-0.0014472381613719,-0.0026111799926196,3,7,7,280443,600,60,-0.0015848255617106,46,0.0032710871325652,27,-0.0048591680034782,25,-0.0004225241338472,25,0.0040393240615007,27,0.0036611009693597,46,-0.0023582383763054,2,11,signflip_day_realtiming_negative
S3_CMO_SANDWICH,5m,64,is,fingrad_approx,True,False,14975,7634,7341,-0.0001128168935903,-2.27277115737142e-06,-0.0002277731435089,-7.974249420455256e-06,0.0001727925899823,-0.606754283737323,0.727993004312881,0.7171381031613977,-0.669003710017904,-0.002497814299074,-0.3647507034844828,0.642351246831965,,0.0014666666666666,0.0127905695741504,0.0026306084979143,-0.0015794835602569,-0.0027434253915046,2,7,7,280443,600,2421,-0.000126017531866,2372,-0.0001971390029559,1838,-0.0005337626769895,2085,-0.0008575048660128,2065,0.0004714892026102,2169,-7.140635059014784e-05,2025,0.0005103594050013,2,11,signflip_day_realtiming_negative
S4_BB_BBP,5m,64,is,fingrad_approx,True,False,64694,31986,32708,-0.0002266718203769,3.699487362393662e-05,-0.0004845183066896,2.2857770360580407e-06,0.0001099659450879,-2.0820772942924783,0.9813322949314623,0.9816971713810316,-2.8242930046344994,-0.0065284213002976,-1.3433547484619548,0.9104214339411358,,0.0014666666666666,0.0127905695741504,0.0026306084979143,-0.0016933384870436,-0.0028572803182913,0,7,7,280443,600,9230,-9.367563866749396e-05,9426,-0.0003214869617813,8673,-1.7835237655880853e-05,9478,-0.0004430455294908,9193,-0.0003084829010116,9436,-0.0001529917730919,9258,-0.0002307150870833,2,11,signflip_day_realtiming_negative
N04_ST_KLINGER,5m,64,is,fingrad_approx,True,False,171516,85022,86494,-4.731712866126902e-05,0.0001914831984475,-0.0002820534272651,-7.844217995022886e-07,0.0001436758792685,-0.3238727829517976,0.6269828248137532,0.627287853577371,-0.935798794191114,0.0001215835706135,0.0476494186836086,0.4809978231587257,,0.0014666666666666,0.0127905695741504,0.0026306084979143,-0.0015139837953279,-0.0026779256265756,2,7,7,280443,600,26074,-4.011955056156064e-05,26426,-0.0001394382996257,23193,0.0005066870581946,22460,0.0001125946202591,24034,-0.0003965515848405,25478,-0.0001509226758568,23851,-0.0001798377576791,2,11,signflip_day_realtiming_negative
N05_PSAR_POC,5m,64,is,fingrad_approx,True,False,15392,7706,7686,-0.0003521282375703,-7.899626333185572e-05,-0.0006259709377371,3.808251694826831e-07,0.0001751164309205,-2.0129982143120437,0.9779425913940264,0.9750415973377704,-2.126345930350789,-0.0101970008644969,-1.3310903812034285,0.9084203632165232,,0.0014666666666666,0.0127905695741504,0.0026306084979143,-0.001818794904237,-0.0029827367354847,2,7,7,280443,600,2912,0.0001739638296284,2620,-0.00051501630607,1851,0.0001448857936105,2015,-0.0006474193777586,2025,-0.0004683173275683,2118,-0.0009366638953851,1851,-0.0003288139501325,2,11,signflip_day_realtiming_negative
N06_MACD_ORB,5m,64,is,fingrad_approx,True,False,8025,3993,4032,0.0002051273470212,0.0006375983815708,-0.000223160559962,-8.474421242924422e-06,0.0002895759179214,0.7376365058163805,0.2303676827323843,0.2246256239600665,0.9707834133864292,0.0206736329775893,1.748961306417019,0.0401488540423185,,0.0014666666666666,0.0127905695741504,0.0026306084979143,-0.0012615393196454,-0.0024254811508931,5,7,7,280443,600,1331,-8.808719817508815e-06,1167,3.048230202479521e-05,1038,-0.0010805337743035,1139,0.0012806436448624,1161,0.0007626574119912,1177,2.80255008956798e-05,1012,0.0003624586915141,2,11,signflip_day_realtiming_negative
N11_BREAKAWAY,5m,64,is,fingrad_approx,True,False,773,401,372,-0.0007750288393141,-0.0007827064312417,-0.0007667527254352,-1.054796331554609e-05,0.0007885099426318,-0.9695259814314858,0.8338585882417369,0.848585690515807,-0.964955423596728,-0.0124737993417573,-0.3859678403386892,0.6502397567383398,,0.0014666666666666,0.0127905695741504,0.0026306084979143,-0.0022416955059808,-0.0034056373372285,2,7,7,280443,600,82,0.0019443103416027,94,-0.0009818810620377,123,-0.000275921126595,120,0.0002364841837206,102,-0.0029654460971134,100,-0.0018984169978225,152,-0.0011076087023499,2,11,signflip_day_realtiming_negative
N13_3OUTSIDE,5m,64,is,fingrad_approx,True,False,15365,7610,7755,0.000219344736217,0.0002433839505401,0.0001957549978547,-9.196570128847246e-06,0.0001814933417341,1.25922694552932,0.1039741857726509,0.1114808652246256,1.3177816988565978,0.0061928422695202,0.8821396261243044,0.1888506528525254,,0.0014666666666666,0.0127905695741504,0.0026306084979143,-0.0012473219304496,-0.0024112637616973,5,7,7,280443,600,1805,-0.0001081522007929,2151,2.9880715033419866e-05,2149,0.0003257607550565,2248,0.000143415491429,2056,0.0010433438426217,2414,-0.0005445721442872,2542,0.0006483861152237,2,11,signflip_day_realtiming_negative
N15_KC_AO,5m,64,is,fingrad_approx,True,False,136,70,66,0.0025095724977361,0.0063737633613831,-0.0015888117515864,-5.8371458689491e-05,0.0019957630949843,1.286697786365154,0.0990998224746544,0.0848585690515806,0.9570629158942576,0.015770847526234,0.2158347028876048,0.4145582984019282,,0.0014666666666666,0.0127905695741504,0.0026306084979143,0.0010429058310695,-0.0001210360001781,4,6,7,280443,600,26,-0.00386244380439,27,0.0034943214884762,5,-0.013729940950167,18,0.0076427678436706,15,0.0144849849258996,20,0.0050356295106355,25,-0.0015811504847615,2,11,signflip_day_realtiming_negative
N16_BBRSI,5m,64,is,fingrad_approx,True,False,22857,11370,11487,0.0002259848165781,0.0002304262052808,0.0002215886653158,-7.098656904918074e-06,0.0001603106504412,1.4539487728446552,0.0729802546283971,0.0848585690515806,1.630458749627506,0.0093863962101806,1.465363008553368,0.0714109521061248,,0.0014666666666666,0.0127905695741504,0.0026306084979143,-0.0012406818500885,-0.0024046236813362,5,7,7,280443,600,3625,-0.0002030558998322,3549,0.0002625895974675,2826,0.0005455831369955,3105,0.0002898242705406,2969,0.0001751146899615,3302,0.0006268573871525,3481,-1.78221212426189e-05,2,11,signflip_day_realtiming_negative
N19_FIB_CHOP,5m,64,is,fingrad_approx,True,False,15481,7686,7795,-0.0002138159284954,0.0006238731933707,-0.0010397913730962,6.9226809419300735e-06,0.0003012785043859,-0.7326729462073006,0.7681210358590151,0.7637271214642263,-1.206694388100742,-0.0085385083554765,-0.6725498268068755,0.7493831346975932,,0.0014666666666666,0.0127905695741504,0.0026306084979143,-0.001680482595162,-0.0028444244264097,4,7,7,280443,600,1927,8.959960446598624e-05,2009,3.4505948805629525e-05,1870,-0.0012136271894714,2475,0.0001279868566298,2418,-0.0003401575261693,2116,-0.0008065189165546,2666,0.0003487415685918,2,11,signflip_day_realtiming_negative
N20_EMA9_CHOP,5m,64,is,fingrad_approx,True,False,95158,47715,47443,0.0002133298032087,0.0003439612925811,8.194937795317707e-05,1.2504433383498916e-05,0.0002418501083645,0.8303712211802737,0.2031644658165878,0.2079866888519135,3.286529882990944,0.0088877026449857,0.8445052387602034,0.1991935685851112,,0.0014666666666666,0.0127905695741504,0.0026306084979143,-0.0012533368634578,-0.0024172786947055,6,7,7,280443,600,13140,2.3870572458538624e-05,12737,0.0004042851884,12509,0.0006158068031276,14507,0.0002621696844863,13401,0.0002100411953672,14117,-0.00011292252847,14747,0.0001430758804578,2,11,signflip_day_realtiming_negative
V39_ALL,5m,64,is,pine,False,False,66837,33207,33630,0.0001043161539303,0.0001898756509622,1.98328289842672e-05,2.799332798006372e-06,0.0001738858787062,0.5838129115925969,0.2796730952308188,0.2745424292845257,1.322613324380313,0.0091382936422662,1.2804792820648738,0.1001883132851361,,0.0014666666666666,0.0127905695741504,0.0026306084979143,-0.0013623505127362,-0.0025262923439839,4,7,7,280443,600,10051,0.0001163387006563,10485,-0.0002474261639193,8923,0.0003112158844272,9007,0.0006662759926449,9749,-0.0002393958330786,9890,-8.089022762703005e-05,8732,0.0003152621339967,2,11,signflip_day_realtiming_negative
OBV_S,5m,64,is,pine,False,False,25297,12726,12571,-0.0003320112116064,-0.0001722672004468,-0.0004937248609594,-1.4412651373951e-06,0.0001650668455064,-2.002642901757897,0.9773921842471534,0.9800332778702164,-2.669736683355865,-0.0161808959273027,-2.2810394238630245,0.988726942943567,,0.0014666666666666,0.0127905695741504,0.0026306084979143,-0.0017986778782731,-0.0029626197095208,1,7,7,280443,600,3854,-0.0004659284784993,3619,1.9631175965081165e-05,3048,-1.90511656447062e-05,3757,-0.0005622826532838,3626,-0.000856751201941,3686,-0.0002581162508351,3707,-0.0001202277446993,2,11,signflip_day_realtiming_negative
OBV_B,5m,64,is,pine,False,False,66927,33315,33612,-8.063825479224977e-05,0.0001023768416259,-0.000262036206035,-1.9657564019391865e-07,8.500899973688718e-05,-0.9462725052762916,0.82799519338988,0.8352745424292846,-0.9928180671230308,-0.0013280537455631,-0.3807713168375342,0.648313527682362,,0.0014666666666666,0.0127905695741504,0.0026306084979143,-0.0015473049214589,-0.0027112467527066,2,7,7,280443,600,10268,-6.906651117555886e-05,10070,4.1587019761788783e-05,8875,-0.0001237318457843,9133,-0.0002702704798083,9551,-0.0002363348270056,9873,9.127390104579033e-05,9157,-2.0082526984775623e-05,2,11,signflip_day_realtiming_negative
V45_AMB,5m,64,is,v45,False,True,30604,15375,15229,-6.978037702378113e-05,-5.1333445531531975e-06,-0.000135047178799,-5.709064937771367e-06,0.0002456367423417,-0.2608376559434863,0.6028911479522545,0.6023294509151415,-0.6494031783561125,0.0013770402209684,0.1260372148428051,0.4498512331336033,,0.0014666666666666,0.0127905695741504,0.0026306084979143,-0.0015364470436904,-0.0027003888749381,5,7,7,280443,600,4374,0.0001057138914303,4257,5.66247287892511e-06,4053,3.441928073088616e-05,4686,-0.0006705159792182,4583,-0.0007259200553497,4517,0.0005907609167336,4134,0.0002513073826798,2,11,signflip_day_realtiming_negative
DOGE_L,5m,64,is,doge,False,True,8556,4209,4347,-0.0004219831645684,-0.000735298173658,-0.0001186146637038,-1.707966841200292e-05,0.0004366370318121,-0.9273228486277996,0.8231205326804341,0.8236272878535774,-1.6901317884849818,-0.0058985411368732,-0.2907923303501135,0.6143949242535509,,0.0014666666666666,0.0127905695741504,0.0026306084979143,-0.001888649831235,-0.0030525916624827,2,7,7,280443,600,1032,0.0002842397582543,1178,-0.000969925336072,1229,-0.0002118179971655,1265,-0.0004330039635653,1190,0.000277453707326,1247,-0.0008887098328492,1415,-0.0008304775677747,2,11,signflip_day_realtiming_negative
DOGE_S,5m,64,is,doge,False,True,8420,4098,4322,-3.3095969577030257e-05,0.0003549434301496,-0.0004010241186005,2.589581792603566e-05,0.000465744255354,-0.126661331460165,0.5503957738522696,0.5474209650582362,-0.1282186463892393,0.0001021304345682,-0.0350631724677675,0.5139853162716452,,0.0014666666666666,0.0127905695741504,0.0026306084979143,-0.0014997626362436,-0.0026637044674913,3,7,7,280443,600,933,-0.0001090763363893,1077,-0.0012518751921772,1229,-0.0001245980610486,1277,0.0010620982294192,1224,0.0002392518732189,1229,-0.0004047759306797,1451,0.0001191086450954,2,11,signflip_day_realtiming_negative
S2_ST_ROC,5m,4,is,fingrad_exact,False,False,182739,90773,91966,2.3481593156706035e-05,2.3993572437232e-05,2.297625536631412e-05,-1.0504829555033087e-06,1.5199263272499558e-05,1.614030606114699,0.0532603938943463,0.0532445923460898,1.9091308311552964,-0.0013241408416977,-0.4127842529891523,0.6601176551915161,,0.0014041666666666,0.003202487715711,0.0016955930487963,-0.0013806850735099,-0.0016721114556396,5,7,7,280503,600,26935,-2.255272522073984e-05,26410,1.4569981408791076e-05,23665,0.00011662331189,26929,4.619752097248212e-05,25778,3.0848019688046495e-05,26415,-3.31427234602839e-05,26607,2.2174178495000987e-05,4,11,signflip_day_realtiming_negative
S5_DONCHIAN_MFI,5m,4,is,fingrad_exact,False,False,6674,3285,3389,6.547677761772322e-05,2.743718620086665e-05,0.0001023490283714,-5.408435558190909e-08,6.754944228248163e-05,0.9701169951820608,0.1659940892834839,0.1663893510815307,0.8456172949463374,-0.0045445395978496,-0.3652275771644508,0.6425292327715812,,0.0014041666666666,0.003202487715711,0.0016955930487963,-0.0013386898890489,-0.0016301162711786,5,7,7,280503,600,552,5.86291928679451e-05,615,0.0001960235885919,710,0.0006179175563539,1690,5.043425394319519e-05,798,-4.303621657480869e-05,847,-0.0002834473716738,1462,2.362630836708239e-05,4,11,signflip_day_realtiming_negative
S6_EMA_DMI_ADX,5m,4,is,fingrad_exact,False,False,14519,7209,7310,8.345034850425287e-06,1.854951059545275e-06,1.474544716895525e-05,-1.7143198999250575e-06,4.492231333798792e-05,0.2239277989685316,0.4114067422417875,0.4276206322795341,0.1723094103436941,-0.0010243717334004,-0.0659301198428971,0.526283269711102,,0.0014041666666666,0.003202487715711,0.0016955930487963,-0.0013958216318162,-0.0016872480139459,3,7,7,280503,600,2356,-6.219873924942828e-05,2102,-6.586253148897225e-05,1957,0.0001518222024008,2074,-6.012638025727044e-05,1749,-0.0001390691093442,2036,8.747004237225943e-05,2245,0.0001331286237786,4,11,signflip_day_realtiming_negative
N01_ST_EMA,5m,4,is,fingrad_exact,False,False,66576,33072,33504,3.127373066008901e-05,2.4641511825279648e-05,3.78204337792633e-05,-1.1868891549499871e-06,2.437594505619905e-05,1.3316661052607657,0.0914849659520023,0.086522462562396,1.578710612938425,0.0028796042906966,0.6897964451039053,0.2451611022721332,,0.0014041666666666,0.003202487715711,0.0016955930487963,-0.0013728929360065,-0.0016643193181362,5,7,7,280503,600,10082,-6.623828716063083e-06,9865,3.139614464163019e-05,8578,9.220237295531138e-05,9565,3.7457823609063576e-05,9507,6.989340452990395e-05,9683,-3.649339567552332e-05,9296,4.07520742341538e-05,4,11,signflip_day_realtiming_negative
N02_ST_KST,5m,4,is,fingrad_exact,False,False,56137,27916,28221,1.927548218076677e-05,3.8114913961056944e-05,6.396585891654619e-07,-2.741175688509734e-06,2.467960695512374e-05,0.8920992100607835,0.1861698791370287,0.1913477537437604,0.8217748853599087,-0.0037648945718695,-0.7232639338102204,0.7652411268382439,,0.0014041666666666,0.003202487715711,0.0016955930487963,-0.0013848911844859,-0.0016763175666156,3,7,7,280503,600,8383,-1.8931614934320043e-05,8176,-1.1612542535613924e-05,7410,0.0001949394703779,8139,-5.27113524417037e-07,8121,3.88013351248321e-05,8073,-6.596811694432211e-05,7835,1.4417266874910857e-05,4,11,signflip_day_realtiming_negative
N03_ADX_GC,5m,4,is,fingrad_exact,False,False,2162,1063,1099,-3.293579108637248e-06,-0.00013547914088,0.0001245619733599,-3.448940696140396e-06,0.000114623032268,0.0013554133443252,0.4994592684750954,0.4925124792013311,-0.0205616364487227,-0.0392998997753841,-1.8039335036627824,0.9643791340202288,,0.0014041666666666,0.003202487715711,0.0016955930487963,-0.0014074602457753,-0.001698886627905,4,7,7,280503,600,300,-0.0001021449014775,288,0.0001284170546903,274,7.35357926563883e-05,311,0.00046044210491,327,-0.0004744622824136,326,0.000119361282278,336,-0.000180268669133,4,11,signflip_day_realtiming_negative
N07_ICHI_CMO,5m,4,is,fingrad_exact,False,False,25481,12843,12638,6.472073797384381e-06,-4.0696349800055605e-05,5.4405612669193344e-05,-1.8741959440366345e-07,3.74761253959035e-05,0.1776996239989097,0.4294794402770689,0.4359400998336106,0.1916027888329516,-0.0046659222800438,-0.6137131386138536,0.7302975476556437,,0.0014041666666666,0.003202487715711,0.0016955930487963,-0.0013976945928692,-0.0016891209749989,5,7,7,280503,600,3764,5.655657362678844e-06,3756,-3.861669772297159e-05,3314,-0.0001163674378626,3663,5.848510220407503e-05,3817,3.458907570278336e-05,3642,2.1325976645224732e-05,3525,7.103159874303846e-05,4,11,signflip_day_realtiming_negative
N08_ICHI_WR,5m,4,is,fingrad_exact,False,False,3666,1829,1837,-0.0001374595732256,-0.0001601310292629,-0.0001148868497132,-7.278130351954272e-06,8.881618352880347e-05,-1.4657401129089205,0.928640449156628,0.9234608985024958,-1.6548922356718352,-0.0139629656403997,-0.8234636566610567,0.794877811833837,,0.0014041666666666,0.003202487715711,0.0016955930487963,-0.0015416262398922,-0.0018330526220219,1,7,7,280503,600,527,-0.0002340446777435,507,-0.0003785582367078,435,-0.0001622219894978,548,-0.000173221637657,538,0.0003050695212293,490,-0.0002487335697005,621,-0.0001053335823894,4,11,signflip_day_realtiming_negative
N09_ALLIG_AROON,5m,4,is,fingrad_exact,False,False,27808,13952,13856,3.0095553469210227e-05,4.009204087592083e-05,2.002980633450856e-05,-7.126624078133679e-07,3.409001647412912e-05,0.9037313285079788,0.1830689413965246,0.1913477537437604,0.8432502975695884,-0.0036033495682909,-0.5401937889130789,0.7054683021933916,,0.0014041666666666,0.003202487715711,0.0016955930487963,-0.0013740711131974,-0.0016654974953271,4,7,7,280503,600,4089,-9.94682494518714e-05,3988,2.542875475530784e-05,3500,0.0002146024286159,3956,-3.410539649275539e-05,4027,2.0786235665337743e-05,4139,-2.669126232282978e-05,4109,0.0001345325775166,4,11,signflip_day_realtiming_negative
N10_HA_PSAR,5m,4,is,fingrad_exact,False,False,82685,41175,41510,8.712651734409874e-06,1.4271498933417851e-05,3.1986663472946345e-06,1.510007856454065e-07,2.0397552895231268e-05,0.4197391222731473,0.3373380209634346,0.3128119800332778,0.4457387285026487,0.0007069012981875,0.2486971576276658,0.4017975238312581,,0.0014041666666666,0.003202487715711,0.0016955930487963,-0.0013954540149322,-0.0016868803970619,6,7,7,280503,600,7987,7.72833443648874e-05,9410,6.02008965025723e-06,11411,7.586680363131786e-07,14738,5.7983508194763085e-06,11386,4.049979070760171e-05,11950,-5.949233963078883e-05,15803,1.2794031504129991e-05,4,11,signflip_day_realtiming_negative
N12_ICHI_AO,5m,4,is,fingrad_exact,False,False,28947,14427,14520,-2.0924519105095743e-05,-8.66561009180203e-05,4.4386054642498105e-05,-2.656817747733384e-06,3.574946755713312e-05,-0.5109922638195319,0.6953217630699836,0.6955074875207987,-0.6406269854230482,-0.0095682316667167,-1.3808060133466395,0.9163306929615374,,0.0014041666666666,0.003202487715711,0.0016955930487963,-0.0014250911857717,-0.0017165175679014,4,7,7,280503,600,4190,6.699928066468001e-06,4264,-1.8157105823708028e-05,3866,-0.0003139340179857,4157,0.0001194356588412,4157,0.0001033386830758,4119,4.960332012771795e-07,4194,-6.456844074247744e-05,4,11,signflip_day_realtiming_negative
N14_ICHI_RSI,5m,4,is,fingrad_exact,False,False,3,2,1,-0.000122148537867,0.0003626897031401,-0.0010918250198814,0.0002146084907465,0.002626929879073,-0.1281941445397436,0.5510023330909297,0.5490848585690515,-0.2390765234102397,-0.1285864600142052,-0.3281602709348982,0.6286047574184006,,0.0014041666666666,0.003202487715711,0.0016955930487963,-0.0015263152045337,-0.0018177415866634,0,0,7,280503,600,1,-0.0010918250198814,1,0.0006418092909534,0,,0,,0,,1,8.357011532678094e-05,0,,4,11,signflip_day_realtiming_negative
N17_KC_RSI,5m,4,is,fingrad_exact,False,False,221384,111628,109756,4.7712216657476105e-05,0.0001647035781771,-7.127455129799327e-05,2.275712143219061e-06,2.6785846144950877e-05,1.6962878181401717,0.0449156931732208,0.0415973377703826,2.8231907360310946,0.0134687034888814,3.021073980550901,0.0012593990504748,,0.0014041666666666,0.003202487715711,0.0016955930487963,-0.0013564544500091,-0.0016478808321388,6,7,7,280503,600,29755,5.388532730041044e-05,33448,1.5766516985574967e-05,31290,0.0001899481622696,29188,-8.840637321250312e-05,28825,5.919138238769112e-05,32647,9.80860898541798e-07,36231,9.193007257236294e-05,4,11,signflip_day_realtiming_negative
N18_VWMA_MACD,5m,4,is,fingrad_exact,False,False,201521,101455,100066,8.946267900874397e-06,1.133141456708628e-05,6.528013398640618e-06,-2.1430323782057275e-07,2.0823991482417296e-05,0.4399046718026985,0.3300030760500673,0.3311148086522462,0.6982287715529342,-0.0028260196409409,-0.7904173418935463,0.7853579611557864,,0.0014041666666666,0.003202487715711,0.0016955930487963,-0.0013952203987657,-0.0016866467808954,5,7,7,280503,600,29430,1.4088432372906971e-05,28934,3.889638330271445e-06,26666,0.0001056428209409,29922,-7.77066146197574e-06,28882,4.249917182326007e-05,29101,1.1159394413115563e-05,28586,-0.0001000865058032,4,11,signflip_day_realtiming_negative
N22_VORTEX_PSAR,5m,4,is,fingrad_exact,False,False,153191,76484,76707,4.969356251566065e-06,1.441761159907172e-05,-4.451431447061469e-06,-3.310103497806797e-07,1.43974416002523e-05,0.3681464213234844,0.3563820292757865,0.3494176372712146,0.3772737872070683,-0.001910912366883,-0.6166388078612428,0.731263504387446,,0.0014041666666666,0.003202487715711,0.0016955930487963,-0.0013991973104151,-0.0016906236925448,5,7,7,280503,600,22113,3.2176991107864227e-06,22412,1.610692221988076e-05,20262,-2.102325032409435e-06,22065,-6.486256027714975e-05,22029,2.4499679141091868e-05,22420,3.3516902665269782e-06,21890,5.4274130061773006e-05,4,11,signflip_day_realtiming_negative
N23_HA_ST,5m,4,is,fingrad_exact,False,False,219947,109421,110526,-1.0399440816408368e-05,1.206981492790676e-05,-3.26440568596806e-05,-1.5330587461292238e-06,1.4367811370952982e-05,-0.6171003948593083,0.7314157458692755,0.7354409317803661,-0.8345025180025972,-0.0025020954225834,-0.8825118195421747,0.8112499545445553,,0.0014041666666666,0.003202487715711,0.0016955930487963,-0.001414566107483,-0.0017059924896127,2,7,7,280503,600,25623,-1.4457454579648366e-06,28892,-7.833176589214328e-06,30630,-3.117868304528658e-05,34543,9.122959602521486e-06,31208,6.936069216542325e-06,32300,-2.448440158786864e-05,36751,-2.203236222296061e-05,4,11,signflip_day_realtiming_negative
N24_DMI,5m,4,is,fingrad_exact,False,False,88141,42707,45434,5.4514406262515694e-06,1.1156684336374268e-05,8.86320879716435e-08,-1.1353151769227346e-06,2.0792925490243737e-05,0.3167786950549541,0.3757057655880937,0.3876871880199667,0.326030899306296,-0.0036087707795212,-0.8015169895428609,0.7885837937503227,,0.0014041666666666,0.003202487715711,0.0016955930487963,-0.0013987152260404,-0.0016901416081701,2,7,7,280503,600,12289,-1.7120855704006363e-05,11992,-2.4035671681262187e-05,11736,-3.899088830991342e-05,13113,3.550385281538388e-05,12281,-1.2648632100717336e-05,13103,-2.2215724143636595e-05,13627,0.000104028394093,4,11,signflip_day_realtiming_negative
N25_DST_CCI,5m,4,is,fingrad_exact,False,False,98093,48294,49799,1.4656433133710235e-05,-3.314205964607785e-06,3.208397273519161e-05,-4.201227591891177e-07,2.099619508160207e-05,0.7180613360803738,0.2363597342622814,0.2346089850249584,1.0237525785227743,0.0057584981925206,1.70140831044609,0.0444331709291443,,0.0014041666666666,0.003202487715711,0.0016955930487963,-0.0013895102335329,-0.0016809366156626,5,7,7,280503,600,14387,-9.62048221443147e-06,14303,7.926648475694912e-06,12565,-1.7025576367501012e-05,14519,3.57913725325935e-05,14405,6.650162522869692e-05,14515,4.515125881599657e-06,13399,9.96395145326715e-06,4,11,signflip_day_realtiming_negative
S1_EMA_RSI_CHOP,5m,4,is,fingrad_approx,True,False,256,127,129,0.000578414641656,0.0008834481441979,0.0002781103407038,-6.933946016787023e-06,0.0003419532787954,1.711779427103919,0.0434686623779239,0.0515806988352745,0.9891296207439942,0.0664997732307764,1.048807733545432,0.1471333087054386,,0.0014041666666666,0.003202487715711,0.0016955930487963,-0.0008257520250106,-0.0011171784071403,4,7,7,280503,600,60,0.0001782473637369,46,-0.0001527234551167,27,0.0029160858287673,25,-0.0005101232228189,25,0.003316908671107,27,0.0027144975289821,46,-0.0016911043802466,4,11,signflip_day_realtiming_negative
S3_CMO_SANDWICH,5m,4,is,fingrad_approx,True,False,14975,7550,7425,5.483084885843123e-05,0.0001012397773278,7.640625296886933e-06,2.4092421794711514e-06,4.75576576948373e-05,1.102274780127592,0.1351711150698676,0.1447587354409318,1.334190821180785,0.0029725733870125,0.3096098711752227,0.378428824405457,,0.0014041666666666,0.003202487715711,0.0016955930487963,-0.0013493358178082,-0.0016407621999379,6,7,7,280503,600,2421,9.446044831418309e-05,2372,0.0001770351017133,1838,-4.465842114740221e-05,2085,5.368906980640556e-05,2065,4.827473346952659e-06,2169,4.210096173986652e-05,2025,2.0410224231925216e-05,4,11,signflip_day_realtiming_negative
S4_BB_BBP,5m,4,is,fingrad_approx,True,False,64697,32385,32312,2.9554419832611606e-05,7.68487720787849e-05,-1.7846780882055447e-05,-1.4708311330740425e-06,2.392227149090086e-05,1.2969191064271006,0.0973295108540442,0.0898502495840266,1.3888394431304971,-0.0022969754384765,-0.4621976403065189,0.6780302023586692,,0.0014041666666666,0.003202487715711,0.0016955930487963,-0.001374612246834,-0.0016660386289637,4,7,7,280503,600,9230,1.6475710514963827e-05,9426,-1.260797180157893e-05,8674,0.0001553813760618,9479,3.3727546905906e-05,9193,7.778138194713961e-05,9437,-4.47461616639293e-05,9258,-8.792607003699766e-06,4,11,signflip_day_realtiming_negative
N04_ST_KLINGER,5m,4,is,fingrad_approx,True,False,171549,85218,86331,-1.3936752382953505e-05,3.611639071099588e-05,-6.334459832682279e-05,-8.005674293292906e-07,1.4902208394689325e-05,-0.8814925013601028,0.8109743445548832,0.8219633943427621,-1.0203260044643017,-0.0048539947798842,-1.8743103556534475,0.969556169488352,,0.0014041666666666,0.003202487715711,0.0016955930487963,-0.0014181034190496,-0.0017095298011793,2,7,7,280503,600,26080,-1.253050531081819e-05,26430,-2.4902700796529626e-05,23198,-4.886388066809343e-05,22465,4.282478157441612e-05,24038,5.406597596635577e-05,25483,-2.6105895558695512e-05,23855,-7.833820088336713e-05,4,11,signflip_day_realtiming_negative
N05_PSAR_POC,5m,4,is,fingrad_approx,True,False,15393,7663,7730,4.199451581768719e-05,6.485991467339987e-05,1.9327303472108103e-05,-1.7217986974367872e-06,4.3912874656419336e-05,0.9955238607621734,0.1597407726190212,0.1547420965058236,0.9962140589354233,0.0048569089052933,0.6307063479941427,0.2641162738180516,,0.0014041666666666,0.003202487715711,0.0016955930487963,-0.0013621721508489,-0.0016535985329786,4,7,7,280503,600,2912,8.203033984708868e-07,2620,4.265772918466983e-05,1851,0.0003195819516063,2016,-3.3475210364311305e-05,2025,3.992212173919688e-05,2118,-1.6157265053756685e-07,1851,-3.905491407645221e-05,4,11,signflip_day_realtiming_negative
N06_MACD_ORB,5m,4,is,fingrad_approx,True,False,8027,4048,3979,-2.72014884906134e-05,0.000107933198693,-0.0001646795517525,-8.380694974814227e-07,6.074172015532518e-05,-0.4340248996195198,0.667864820119271,0.6688851913477537,-0.4391778167790769,-0.0075981892287955,-0.6509237111392595,0.7424521327745071,,0.0014041666666666,0.003202487715711,0.0016955930487963,-0.0014313681551572,-0.0017227945372869,2,7,7,280503,600,1331,4.452237606593581e-05,1167,-9.558315404696896e-06,1038,-7.325864096454246e-05,1139,-3.806692361814143e-05,1161,0.000306577127871,1179,-0.0003193282700524,1012,-0.0001249984153408,4,11,signflip_day_realtiming_negative
N11_BREAKAWAY,5m,4,is,fingrad_approx,True,False,774,392,382,-0.0001137388237525,-0.0002279996184504,3.5130912253795628e-06,-7.893069886775888e-06,0.0002042460981836,-0.5182265649481306,0.6978498988833153,0.7154742096505824,-0.5293403446590979,-0.0073503905167926,-0.1710229686431436,0.5678971473521336,,0.0014041666666666,0.003202487715711,0.0016955930487963,-0.0015179054904192,-0.0018093318725489,4,7,7,280503,600,82,-0.0009948760389727,94,0.0004447784696461,123,2.5600191430520543e-05,120,-0.0007560593416822,102,0.0004409819989344,100,0.0004367603589471,153,-0.0003224908030429,4,11,signflip_day_realtiming_negative
N13_3OUTSIDE,5m,4,is,fingrad_approx,True,False,15366,7621,7745,4.782451837526433e-05,-6.11160206039969e-05,0.0001550208834573,-2.471359391872781e-06,4.4201408215784166e-05,1.1378795336474514,0.1275853942007673,0.1264559068219634,1.122087560756412,-0.0005667677459936,-0.0825410155888591,0.5328917480667988,,0.0014041666666666,0.003202487715711,0.0016955930487963,-0.0013563421482914,-0.0016477685304211,5,7,7,280503,600,1805,0.0001751578622598,2152,-6.678282709940275e-05,2149,0.0002023334727668,2248,7.340804674253081e-05,2056,-9.214764318743332e-05,2414,4.089233763004088e-05,2542,2.0981031154432076e-05,4,11,signflip_day_realtiming_negative
N15_KC_AO,5m,4,is,fingrad_approx,True,False,136,63,73,0.0007857150576349,0.0012968556006734,0.0003445937670675,1.8948986665423906e-05,0.0004819738215308,1.590887381671858,0.055817461407213,0.0449251247920133,1.0586273144041487,0.1093744702455866,1.1528481938925357,0.1244863495513046,,0.0014041666666666,0.003202487715711,0.0016955930487963,-0.0006184516090317,-0.0009098779911614,5,6,7,280503,600,26,0.0006334389087723,27,-0.0012256935496773,5,0.005639435257215,18,0.0006053928334449,15,0.0019730995468194,20,0.0011243365038189,25,0.0012921636593922,4,11,signflip_day_realtiming_negative
N16_BBRSI,5m,4,is,fingrad_approx,True,False,22859,11530,11329,-3.382114439744213e-06,-4.1289022104506245e-05,3.519734053198376e-05,2.546205903107265e-07,3.803407388307783e-05,-0.0956178147319895,0.538087942040141,0.5457570715474209,-0.0899411372664607,-0.0018573746666946,-0.2441461616273071,0.5964411888914827,,0.0014041666666666,0.003202487715711,0.0016955930487963,-0.0014075487811064,-0.0016989751632361,4,7,7,280503,600,3626,2.182179190670134e-06,3549,-2.397166745442173e-05,2826,3.7269292112232994e-05,3105,-0.0001945690131555,2970,0.000109976174172,3302,-9.821269767748896e-05,3481,0.0001425837313562,4,11,signflip_day_realtiming_negative
N19_FIB_CHOP,5m,4,is,fingrad_approx,True,False,15485,7651,7834,5.821719546233272e-05,0.00024826449841,-0.0001273906568293,-2.562365844385604e-06,5.3795834609169e-05,1.1298190974875035,0.1292762296813135,0.1381031613976705,1.1126494687451405,-0.0098870076659994,-1.0275190455065293,0.847911938990898,,0.0014041666666666,0.003202487715711,0.0016955930487963,-0.0013459494712043,-0.001637375853334,4,7,7,280503,600,1927,0.0001488456915442,2010,-9.142329277225712e-05,1870,-5.9125934862857456e-05,2476,0.0001047816763333,2419,0.0003184793153105,2116,9.2835266549704e-05,2667,-0.0001189675206458,4,11,signflip_day_realtiming_negative
N20_EMA9_CHOP,5m,4,is,fingrad_approx,True,False,95158,45922,49236,5.203500727444049e-05,9.725768733643818e-06,9.149647555517948e-05,-6.703465189962027e-07,2.337894811137861e-05,2.254393719612424,0.0120857050213471,0.0116472545757071,3.453731466901364,0.0050011187136431,1.320234388585409,0.0933783869091241,,0.0014041666666666,0.003202487715711,0.0016955930487963,-0.0013521316593922,-0.0016435580415219,7,7,7,280503,600,13140,5.035491914157336e-05,12737,1.7100198558328347e-05,12509,2.4474614537826124e-05,14507,4.998275295912209e-05,13401,2.6022517672898145e-05,14117,6.639601295928227e-05,14747,0.0001189926989185,4,11,signflip_day_realtiming_negative
V39_ALL,5m,4,is,pine,False,False,66845,33346,33499,-3.052319293712343e-06,-2.4168107275563283e-05,1.796702653878419e-05,-8.726656789098893e-07,2.382576365025869e-05,-0.0914830536723966,0.5364456145110235,0.5357737104825291,-0.1586415560561323,-0.002708088103416,-0.6251837098765523,0.7340747539011117,,0.0014041666666666,0.003202487715711,0.0016955930487963,-0.0014072189859603,-0.00169864536809,4,7,7,280503,600,10051,-4.9408671518535214e-05,10486,-4.860975676620612e-05,8927,1.2265917231395309e-05,9008,8.372401373901049e-05,9750,9.170443823284128e-06,9891,3.316284086639168e-05,8732,-5.483429471795e-05,4,11,signflip_day_realtiming_negative
OBV_S,5m,4,is,pine,False,False,25300,12569,12731,3.461595103124772e-05,5.621122050394232e-05,1.3295478012451205e-05,-1.4858662511700765e-06,3.685721991028834e-05,0.9795046227113922,0.1636653528214245,0.1763727121464226,1.078879877711484,0.0105903767977567,1.6245765962205831,0.0521264036409067,,0.0014041666666666,0.003202487715711,0.0016955930487963,-0.0013695507156354,-0.0016609770977651,5,7,7,280503,600,3854,4.462029521061727e-06,3619,9.998405854512863e-05,3048,3.799259156534304e-05,3760,2.6057508108400967e-05,3626,-6.554200366249432e-06,3686,-6.61463642732511e-05,3707,0.0001485157731594,4,11,signflip_day_realtiming_negative
OBV_B,5m,4,is,pine,False,False,66937,33486,33451,4.811487815398264e-05,4.102110437098555e-05,5.5216074198867416e-05,-9.604640942539122e-07,2.422240461950185e-05,2.0260309832627104,0.0213808048556403,0.021630615640599,2.3504067126043,0.0040703852977033,0.9777559841973724,0.1640975126952685,,0.0014041666666666,0.003202487715711,0.0016955930487963,-0.0013560517885126,-0.0016474781706423,6,7,7,280503,600,10271,1.885905635335766e-05,10071,0.0001410025191021,8877,4.4928588841076906e-05,9135,5.6119223101199416e-05,9552,1.832608110733596e-05,9873,-1.77324230694925e-07,9158,5.701546959281093e-05,4,11,signflip_day_realtiming_negative
V45_AMB,5m,4,is,v45,False,True,30610,15374,15236,8.002842688284271e-05,9.689557082954326e-05,6.300850885733901e-05,-1.669522744146515e-07,4.1274506746975977e-05,1.9429760759801924,0.0260095244960899,0.0332778702163061,3.269095160975642,0.0246537385752863,3.7179793494278055,0.000100411340901,,0.0014041666666666,0.003202487715711,0.0016955930487963,-0.0013241382397838,-0.0016155646219135,7,7,7,280503,600,4378,3.5153747192123834e-05,4259,7.634405045588621e-05,4053,0.0001155152102451,4686,0.0001498866018105,4583,6.206355758208286e-05,4517,0.0001096498372423,4134,4.920263269121942e-06,4,11,signflip_day_realtiming_negative
DOGE_L,5m,4,is,doge,False,True,8556,4455,4101,2.840784654250042e-05,4.8930698486753714e-05,6.113453611106028e-06,-3.4732319783876224e-06,6.53500297614928e-05,0.4878510176237718,0.3128276858386585,0.2978369384359401,0.441724479447722,0.0083034294103194,0.7580609356943807,0.224207252123376,,0.0014041666666666,0.003202487715711,0.0016955930487963,-0.0013757588201241,-0.0016671852022538,4,7,7,280503,600,1032,3.93479910585583e-05,1178,0.0001065981911719,1229,9.97945992882132e-05,1265,-2.5217300264787517e-05,1190,0.0004029915812078,1247,-0.0001969438049,1415,-0.0001751526470477,4,11,signflip_day_realtiming_negative
DOGE_S,5m,4,is,doge,False,True,8420,4097,4323,-1.269238033284913e-05,7.483459146772313e-05,-9.5643572437162e-05,-6.060161745695951e-06,6.6840734748443e-05,-0.0992242023088723,0.5395198704922591,0.5457570715474209,-0.1844422226654919,-0.0037478800456546,-0.1862839099887944,0.5738889377060423,,0.0014041666666666,0.003202487715711,0.0016955930487963,-0.0014168590469995,-0.0017082854291292,4,7,7,280503,600,933,0.0001696811391451,1077,-6.389413929610304e-06,1229,-0.0002409376563928,1277,2.903614295454526e-05,1224,-0.0001854652595452,1229,9.830074926770478e-05,1451,7.369409756331436e-05,4,11,signflip_day_realtiming_negative
S2_ST_ROC,5m,16,is,fingrad_exact,False,False,182738,90772,91966,5.958914807999983e-05,7.270681886930131e-05,4.664178478392871e-05,-2.737160330143423e-07,4.035497262478817e-05,1.4834073775642511,0.0689831042421475,0.0732113144758735,2.4452855244927734,-0.0007922384672087,-0.181237431101383,0.5719093923512205,,0.0014166666666666,0.0063301758830865,0.0019927126720275,-0.0013570775185866,-0.0019331235239475,6,7,7,280491,600,26934,4.544628443809432e-05,26410,9.166725310658477e-05,23665,0.0001059969471298,26929,0.0001451773610423,25778,2.9839028269923163e-05,26415,7.640940294435513e-05,26607,-7.371084288386353e-05,4,11,signflip_day_realtiming_negative
S5_DONCHIAN_MFI,5m,16,is,fingrad_exact,False,False,6674,3285,3389,0.0001373399554788,7.431155977633977e-05,0.0001984341661257,-8.668631595876906e-06,0.0001422774190524,1.0262245973192343,0.152392864834703,0.1564059900166389,0.9808625914639014,0.0011577685479726,0.1281307984594131,0.4490227316393217,,0.0014166666666666,0.0063301758830865,0.0019927126720275,-0.0012793267111878,-0.0018553727165487,4,7,7,280491,600,552,0.0001625350199267,615,0.0005099222348956,710,0.0010123711342115,1690,-2.8505507855836644e-05,798,0.0002113912330218,847,-0.0001279083867105,1462,-0.0001488889466595,4,11,signflip_day_realtiming_negative
S6_EMA_DMI_ADX,5m,16,is,fingrad_exact,False,False,14519,7209,7310,0.0001215898407436,0.000288055948399,-4.257625639559716e-05,3.128851148016357e-06,8.328957872439521e-05,1.4222786501013034,0.0774726871363368,0.0798668885191347,1.3261937344914072,7.003540661928382e-05,-0.0036589460398521,0.501459705019943,,0.0014166666666666,0.0063301758830865,0.0019927126720275,-0.001295076825923,-0.0018711228312838,4,7,7,280491,600,2356,-5.9905056399280384e-05,2102,0.0001150640280109,1957,0.0004896928127746,2074,-1.1149547367321747e-05,1749,-0.0001416919371327,2036,0.0001944762411219,2245,0.0002589289628131,4,11,signflip_day_realtiming_negative
N01_ST_EMA,5m,16,is,fingrad_exact,False,False,66576,33072,33504,-1.9522902431721297e-05,-8.031414346856043e-05,4.048449738831046e-05,3.867938960269722e-07,5.465311743857782e-05,-0.3642920525096099,0.6421800330334664,0.6622296173044925,-0.4947058249221044,-0.0067817741719283,-1.3853229289238589,0.9170231271664824,,0.0014166666666666,0.0063301758830865,0.0019927126720275,-0.0014361895690983,-0.0020122355744592,4,7,7,280491,600,10082,3.2516092889413424e-05,9865,-3.150856832739244e-05,8578,-3.408990485671922e-05,9565,5.0862071633862174e-05,9507,2.8700735180223573e-05,9683,6.877103142928941e-05,9296,-0.0002635103563103,4,11,signflip_day_realtiming_negative
N02_ST_KST,5m,16,is,fingrad_exact,False,False,56137,27916,28221,-4.331272497593093e-05,4.0465584812195584e-05,-0.0001261855961018,2.0750699675842425e-06,5.420084943477796e-05,-0.837400066914673,0.7988161359220809,0.8019966722129783,-0.9533231331290408,-0.0102396367120999,-2.1051559739531083,0.9823611334088628,,0.0014166666666666,0.0063301758830865,0.0019927126720275,-0.0014599793916425,-0.0020360253970034,1,7,7,280491,600,8383,-4.00925959852796e-05,8176,-6.495665697922836e-05,7410,-8.126484593174354e-05,8139,-2.769882399727368e-06,8121,-5.620906095018421e-05,8073,5.629325402458989e-05,7835,-0.0001196591776548,4,11,signflip_day_realtiming_negative
N03_ADX_GC,5m,16,is,fingrad_exact,False,False,2162,1063,1099,2.707278253225943e-05,-0.0002499103414273,0.0002949827559344,6.005077384465605e-06,0.0002339935004139,0.0900354288068869,0.4641295305154002,0.4891846921797005,0.0999962164253821,-0.0126761877182226,-0.709481045204963,0.7609869949982537,,0.0014166666666666,0.0063301758830865,0.0019927126720275,-0.0013895938841344,-0.0019656398894952,4,7,7,280491,600,300,-0.0001236770502714,288,0.0001502390426407,274,-0.0001472620165969,311,0.0005160446686356,327,-0.0007097151505185,326,0.0004469901173452,336,5.530834286472168e-05,4,11,signflip_day_realtiming_negative
N07_ICHI_CMO,5m,16,is,fingrad_exact,False,False,25481,12843,12638,-5.192163493794387e-05,-0.0001431705235158,4.080739465583937e-05,1.7073241196479964e-06,7.586474217247513e-05,-0.7069022779470969,0.7601863958596526,0.7753743760399334,-0.7978005766426916,-0.0042817370166854,-0.6557525123692511,0.7440083123229435,,0.0014166666666666,0.0063301758830865,0.0019927126720275,-0.0014685883016046,-0.0020446343069654,4,7,7,280491,600,3764,1.815512462494144e-05,3756,-0.000258697416964,3314,-0.0003790712769207,3663,-6.57628402742473e-05,3817,0.0001060208550332,3642,0.000177177797082,3525,7.797101895106736e-06,4,11,signflip_day_realtiming_negative
N08_ICHI_WR,5m,16,is,fingrad_exact,False,False,3666,1829,1837,-0.000204629023325,-0.0003388240722968,-7.101838392960361e-05,2.861534666648428e-06,0.000184304956183,-1.125800207921034,0.8698749519229905,0.8569051580698835,-1.217361991433166,0.0004467863710413,-0.019742495996538,0.5078756047629964,,0.0014166666666666,0.0063301758830865,0.0019927126720275,-0.0016212956899917,-0.0021973416953526,2,7,7,280491,600,527,-0.0004951662843851,507,-0.000783334136413,435,-0.0008735422173228,548,9.874035231038892e-05,538,0.0009887583517921,490,-0.000128102001886,621,-0.0003790142050691,4,11,signflip_day_realtiming_negative
N09_ALLIG_AROON,5m,16,is,fingrad_exact,False,False,27808,13952,13856,6.827644681139894e-05,0.0001572485838675,-2.13121253745188e-05,2.232934119653703e-06,6.485058688866218e-05,1.0183949885469985,0.154245141420012,0.1597337770382695,1.082946312582889,0.0009059686009875,0.0982750534255268,0.4608569433792016,,0.0014166666666666,0.0063301758830865,0.0019927126720275,-0.0013483902198552,-0.0019244362252161,4,7,7,280491,600,4089,-0.000197714968727,3988,-2.1077115328536277e-05,3500,0.0003231655743059,3956,5.167832933458865e-05,4027,0.0001662365271239,4139,0.0001925310918498,4109,-2.6031123939534475e-06,4,11,signflip_day_realtiming_negative
N10_HA_PSAR,5m,16,is,fingrad_exact,False,False,82683,41175,41508,-3.6350860207687615e-05,6.271800673317754e-05,-0.0001346249422229,1.1418565986197233e-07,3.890250053497586e-05,-0.9373445245445124,0.825709316523756,0.8219633943427621,-0.9812004079737195,-0.0056848627020574,-1.6161111648157551,0.9469648596242616,,0.0014166666666666,0.0063301758830865,0.0019927126720275,-0.0014530175268743,-0.0020290635322352,1,7,7,280491,600,7987,1.4272662887198996e-05,9410,-8.789296727733456e-05,11411,-1.0495924185474358e-05,14738,-1.7045575096665985e-05,11386,-2.0141816929079748e-05,11949,-7.288009030695487e-06,15802,-0.0001015767173038,4,11,signflip_day_realtiming_negative
N12_ICHI_AO,5m,16,is,fingrad_exact,False,False,28946,14426,14520,-5.2005958840809655e-05,-4.337097701878129e-05,-6.058503926536759e-05,9.763619849483297e-07,7.439777914560235e-05,-0.7121492258803503,0.7618138128060026,0.778702163061564,-0.8209253200494724,-0.0093689504974612,-1.4108485906495,0.920855368263176,,0.0014166666666666,0.0063301758830865,0.0019927126720275,-0.0014686726255074,-0.0020447186308683,3,7,7,280491,600,4190,-6.724907103475615e-05,4264,-0.0001337070043522,3866,-0.0006309438471676,4157,0.0003560718483459,4157,0.0002073661728664,4119,0.0001185075170977,4193,-0.0002491246397253,4,11,signflip_day_realtiming_negative
N14_ICHI_RSI,5m,16,is,fingrad_exact,False,False,3,2,1,0.0031970799392993,0.0044905997923211,0.0006100402332558,-0.0001215002858845,0.0051611101256705,0.6429973676937965,0.2601129039607324,0.2029950083194675,2.406758995076547,0.582568603440232,1.1096358904730117,0.1335779794658296,,0.0014166666666666,0.0063301758830865,0.0019927126720275,0.0017804132726327,0.0012043672672718,0,0,7,280491,600,1,0.0006100402332558,1,0.0039669926650367,0,,0,,0,,1,0.0050142069196055,0,,4,11,signflip_day_realtiming_negative
N17_KC_RSI,5m,16,is,fingrad_exact,False,False,221355,111628,109727,0.0002141153111661,0.0003977251456567,2.7324470219738616e-05,1.0781934852324454e-06,8.375781423185001e-05,2.543489459874984,0.005487568407016,0.0099833610648918,7.423865883328485,0.0219309033826768,3.172321273907086,0.0007561280474035,,0.0014166666666666,0.0063301758830865,0.0019927126720275,-0.0012025513555005,-0.0017785973608614,7,7,7,280491,600,29749,0.0002249642795711,33445,4.519530499197364e-05,31285,0.000628908589321,29183,3.362316035687608e-05,28821,0.0002439600542522,32644,4.272146789833516e-05,36228,0.0002790403319938,4,11,signflip_day_realtiming_negative
N18_VWMA_MACD,5m,16,is,fingrad_exact,False,False,201521,101455,100066,-8.195755024566356e-05,-4.378353714088323e-05,-0.0001206614506668,3.1783119827605807e-06,5.187954782676072e-05,-1.6410293804547966,0.9496043417464808,0.9384359400998336,-3.410466006589217,-0.0108112440491486,-2.6246194815599986,0.9956627074324322,,0.0014166666666666,0.0063301758830865,0.0019927126720275,-0.0014986242169123,-0.0020746702222732,1,7,7,280491,600,29430,-7.340644848377568e-06,28934,-4.1772743237487545e-05,26666,-0.0001257788827028,29922,3.704203708890449e-05,28882,-0.0001192326667759,29101,-5.4210292426111264e-05,28586,-0.0002737207128747,4,11,signflip_day_realtiming_negative
N22_VORTEX_PSAR,5m,16,is,fingrad_exact,False,False,153191,76484,76707,-4.733356577861214e-05,-2.2953356945411e-05,-7.16428972920145e-05,5.15203834583676e-07,3.136688835240796e-05,-1.5254547749720475,0.9364271472421,0.9317803660565724,-1.812370501055239,-0.0063604479960708,-2.2737394370468738,0.9885091712417562,,0.0014166666666666,0.0063301758830865,0.0019927126720275,-0.0014640002324452,-0.0020400462378061,2,7,7,280491,600,22113,-3.366726278418515e-05,22412,5.1429917858484135e-06,20262,-0.0001387815985779,22065,-0.0001079943335365,22029,-4.35401948366662e-05,22420,-5.5496873004176936e-05,21890,3.546906073698939e-05,4,11,signflip_day_realtiming_negative
N23_HA_ST,5m,16,is,fingrad_exact,False,False,219947,109421,110526,-3.872867511692495e-05,2.6372688620395265e-05,-0.0001031791783605,-3.658197512111362e-07,4.013006624687523e-05,-0.9559629214093556,0.8304545161489927,0.8419301164725458,-1.6297183831563022,-0.0063628518017694,-1.8840008750798647,0.9702175714491992,,0.0014166666666666,0.0063301758830865,0.0019927126720275,-0.0014553953417835,-0.0020314413471444,2,7,7,280491,600,25623,-5.181371986965243e-05,28892,-2.8562721484614337e-05,30630,-9.033466295495612e-05,34543,2.1696259773131232e-05,31208,-5.602639928782682e-05,32300,2.3204514480087303e-05,36751,-9.112502887959504e-05,4,11,signflip_day_realtiming_negative
N24_DMI,5m,16,is,fingrad_exact,False,False,88141,42707,45434,6.823590420688005e-05,8.592504657260057e-05,5.16084841467307e-05,-3.50372067369124e-06,5.655602977207192e-05,1.2684699610225685,0.1023150857154946,0.1131447587354409,2.003924143741143,-0.0014663068452151,-0.2043536101084566,0.5809614105257913,,0.0014166666666666,0.0063301758830865,0.0019927126720275,-0.0013484307624597,-0.0019244767678206,7,7,7,280491,600,12289,8.848505652878867e-05,11992,3.921980441152018e-05,11736,5.754517743849437e-05,13113,6.918059600397721e-05,12281,0.0001364956525434,13103,7.790618911723204e-05,13627,1.299191427358968e-05,4,11,signflip_day_realtiming_negative
N25_DST_CCI,5m,16,is,fingrad_exact,False,False,98093,48294,49799,6.897084938537037e-05,4.74466361278505e-05,8.984456883874622e-05,4.624912911548405e-08,5.078369790626976e-05,1.357219011176921,0.0873558159141721,0.0782029950083194,2.2880438747958105,0.0083564348601579,1.9819059666803136,0.0237448830117949,,0.0014166666666666,0.0063301758830865,0.0019927126720275,-0.0013476958172812,-0.0019237418226421,7,7,7,280491,600,14387,1.136622518068199e-05,14303,7.094381245319064e-05,12565,8.957735382545319e-05,14519,3.946209152541746e-05,14405,0.0001219772110362,14515,7.004212597104342e-05,13399,8.322184912646738e-05,4,11,signflip_day_realtiming_negative
S1_EMA_RSI_CHOP,5m,16,is,fingrad_approx,True,False,256,127,129,0.0003957590040294,0.0010143042135398,-0.0002131963572715,1.5914720159958875e-05,0.000717192238839,0.5296268744964914,0.2981853287507502,0.2695507487520798,0.4829371289442338,0.0029335609125078,-0.003565604691499,0.5014224674525374,,0.0014166666666666,0.0063301758830865,0.0019927126720275,-0.0010209076626372,-0.0015969536679981,2,7,7,280491,600,60,-0.0002545628252182,46,-0.0004039595772406,27,0.0029094952241296,25,-0.000212790846792,25,0.0077484652927183,27,-0.0008508218901337,46,-0.0023653440449643,4,11,signflip_day_realtiming_negative
S3_CMO_SANDWICH,5m,16,is,fingrad_approx,True,False,14975,7550,7425,-2.7004246513054823e-05,-4.453258237277401e-05,-9.180820824047444e-06,-2.1841198541880504e-06,9.23191859840917e-05,-0.2688512295065485,0.6059779156429964,0.610648918469218,-0.3338613414682559,0.006418513835995,0.7983259887570596,0.2123406701406229,,0.0014166666666666,0.0063301758830865,0.0019927126720275,-0.0014436709131797,-0.0020197169185405,3,7,7,280491,600,2421,0.0001567012104333,2372,0.000175659743897,1838,-6.250815069158771e-05,2085,-3.908787192176903e-05,2065,-0.0003429253427133,2169,0.0001848901674615,2025,-0.0003441604351155,4,11,signflip_day_realtiming_negative
S4_BB_BBP,5m,16,is,fingrad_approx,True,False,64697,32385,32312,-0.0001030107341777,-5.691597729583703e-05,-0.0001492096293752,-1.5534960899103835e-06,6.017643246153432e-05,-1.6859962270561497,0.9541017369663428,0.951747088186356,-2.564527710926805,-0.0131040348742671,-2.494389014146829,0.9936912911049768,,0.0014166666666666,0.0063301758830865,0.0019927126720275,-0.0015196774008444,-0.0020957234062052,1,7,7,280491,600,9230,-7.321779696576712e-05,9426,-0.000107047535373,8674,-3.2896092921134288e-06,9479,-5.68698009434905e-05,9193,2.584341771262504e-05,9437,-0.0002729602493428,9258,-0.0002239905904642,4,11,signflip_day_realtiming_negative
N04_ST_KLINGER,5m,16,is,fingrad_approx,True,False,171544,85213,86331,-3.966443991934635e-05,7.770494500330127e-05,-0.0001555138728856,5.276719421343652e-07,4.220803337388792e-05,-0.9522384401436158,0.8295119649654233,0.8386023294509152,-1.5264109598553868,-0.0047222705424476,-1.307401880767792,0.9044618705338052,,0.0014166666666666,0.0063301758830865,0.0019927126720275,-0.001456331106586,-0.0020323771119468,3,7,7,280491,600,26078,-1.5119996333908431e-05,26429,-4.220584170098408e-05,23197,-0.0002403912749096,22464,0.0001011820561607,24038,3.500248635962145e-05,25483,5.370222898039292e-05,23855,-0.0001761022930433,4,11,signflip_day_realtiming_negative
N05_PSAR_POC,5m,16,is,fingrad_approx,True,False,15393,7663,7730,-0.0001199679903677,-0.0003474850699844,0.0001055770783388,-2.808861557992415e-06,9.002376160720226e-05,-1.3014244985781245,0.9034434037557908,0.8985024958402662,-1.4693979941448398,-0.0172057943764997,-2.168108941792097,0.9849248006629826,,0.0014166666666666,0.0063301758830865,0.0019927126720275,-0.0015366346570344,-0.0021126806623953,2,7,7,280491,600,2912,6.419402191867027e-06,2620,-0.0001021673323471,1851,0.0001656546830237,2016,-0.0003526098115032,2025,-3.261591932009553e-06,2118,-0.0004760116777535,1851,-9.651547558410304e-05,4,11,signflip_day_realtiming_negative
N06_MACD_ORB,5m,16,is,fingrad_approx,True,False,8027,4048,3979,-0.0001164374150914,-5.864068870607299e-05,-0.0001752363968477,6.650861677256554e-06,0.0001285304774225,-0.9576582864784552,0.8308824512570454,0.8286189683860233,-1.008970271058173,-0.016957048814861,-1.6014992002170432,0.9453668014924128,,0.0014166666666666,0.0063301758830865,0.0019927126720275,-0.0015331040817581,-0.002109150087119,3,7,7,280491,600,1331,0.0002042999352567,1167,0.0003069186765437,1038,-0.0011006954020535,1139,-0.0002744315173023,1161,0.0004174686583915,1179,-0.0003009935273507,1012,-0.0002366115201578,4,11,signflip_day_realtiming_negative
N11_BREAKAWAY,5m,16,is,fingrad_approx,True,False,774,392,382,-0.000300368642999,6.736374370910619e-05,-0.000677727531977,2.4764959142031933e-05,0.0003973775294137,-0.8181982575127636,0.7933780050122146,0.800332778702163,-0.7155873813639736,0.0210798387069631,0.6296234703038786,0.2644704820037816,,0.0014166666666666,0.0063301758830865,0.0019927126720275,-0.0017170353096657,-0.0022930813150265,3,7,7,280491,600,82,-0.0008162276453384,94,0.000523874452207,123,-0.0005017622178045,120,0.0005566063200728,102,0.0004186390981758,100,-0.0011757895156149,153,-0.0009476934858967,4,11,signflip_day_realtiming_negative
N13_3OUTSIDE,5m,16,is,fingrad_approx,True,False,15365,7621,7744,1.8284819234975007e-05,-3.1465011663431185e-05,6.724446041224175e-05,-5.917732825301947e-07,9.099184551368646e-05,0.2074536724795398,0.4178277847987947,0.4143094841930116,0.2160674653022078,-0.0017466668577372,-0.2318894584075538,0.5916880638177695,,0.0014166666666666,0.0063301758830865,0.0019927126720275,-0.0013983818474316,-0.0019744278527925,3,7,7,280491,600,1805,-6.235884080351149e-05,2151,-7.903584677013466e-05,2149,9.722928332685898e-05,2248,0.0002834193986166,2056,6.926990566474207e-05,2414,-0.0001092913712413,2542,-6.339576405645584e-05,4,11,signflip_day_realtiming_negative
N15_KC_AO,5m,16,is,fingrad_approx,True,False,136,63,73,-0.0011222139518018,0.0005957264648427,-0.0026048200647965,5.1122779941979886e-05,0.0009363624497802,-1.2530796509612514,0.8949116395849076,0.9001663893510815,-0.636138866233561,0.1067867298249652,1.1706531706507026,0.120869107855737,,0.0014166666666666,0.0063301758830865,0.0019927126720275,-0.0025388806184685,-0.0031149266238294,2,6,7,280491,600,26,0.0003738243488267,27,-0.0048738222229981,5,0.0075631596615397,18,-0.0012688478693604,15,-0.0058619583655385,20,-0.0001242157055009,25,0.0017875928976115,4,11,signflip_day_realtiming_negative
N16_BBRSI,5m,16,is,fingrad_approx,True,False,22859,11530,11329,6.204438820808925e-05,9.351277225148822e-05,3.0017689645074843e-05,2.245025240710728e-06,7.544725868618419e-05,0.7925982203821132,0.2140059729533316,0.2229617304492512,0.8645962907958172,0.0037019215852793,0.5096408761373313,0.3051515405881859,,0.0014166666666666,0.0063301758830865,0.0019927126720275,-0.0013546222784585,-0.0019306682838194,4,7,7,280491,600,3626,-2.2233835937882943e-05,3549,7.724580274702327e-06,2826,0.0002535140934654,3105,-0.0001457952434766,2970,0.0005389384371377,3302,-0.0001478586805668,3481,2.738397918956345e-05,4,11,signflip_day_realtiming_negative
N19_FIB_CHOP,5m,16,is,fingrad_approx,True,False,15484,7650,7834,-0.0001232086974928,0.0002957428103814,-0.0005323201393153,8.113824317607756e-06,0.0001317455343822,-0.9967891695622196,0.8405665718129723,0.8585690515806988,-1.2130756371038431,-0.0180561503026876,-1.651969628201859,0.9507296287678166,,0.0014166666666666,0.0063301758830865,0.0019927126720275,-0.0015398753641594,-0.0021159213695203,2,7,7,280491,600,1927,2.624041200503219e-05,2010,-0.0002697057323083,1870,-0.0005539170303681,2475,-4.1643832110147775e-05,2419,0.0004376417558883,2116,-1.0098086867673023e-05,2667,-0.000492918915783,4,11,signflip_day_realtiming_negative
N20_EMA9_CHOP,5m,16,is,fingrad_approx,True,False,95158,45922,49236,0.0001537092823171,6.191846827438803e-05,0.0002393217967876,-4.705335372564596e-06,7.059578155629724e-05,2.243967191770175,0.0124172561666419,0.016638935108153,4.922665257967006,0.0037678500397728,0.7933507892636612,0.2137867367495308,,0.0014166666666666,0.0063301758830865,0.0019927126720275,-0.0012629573843495,-0.0018390033897103,7,7,7,280491,600,13140,0.0001446520327912,12737,0.0001405442275874,12509,8.237479331463642e-05,14507,7.630334530259372e-05,13401,0.0002377159992574,14117,0.0002400128646629,14747,0.0001508493736151,4,11,signflip_day_realtiming_negative
V39_ALL,5m,16,is,pine,False,False,66845,33346,33499,8.703343329862204e-05,8.2715286097613e-05,9.133185822368988e-05,1.2115800930998254e-06,6.206613830305308e-05,1.382748396339338,0.0833710134096898,0.0848585690515806,2.195996217233473,0.0041230623202813,0.7986804135580363,0.2122378733656948,,0.0014166666666666,0.0063301758830865,0.0019927126720275,-0.001329633233368,-0.0019056792387289,5,7,7,280491,600,10051,7.783833016957409e-05,10486,3.9229848642739307e-05,8927,0.0002375095820018,9008,0.0002713483714352,9750,-3.4143321225827684e-05,9891,3.995654037045482e-05,8732,-3.245909101834091e-07,4,11,signflip_day_realtiming_negative
OBV_S,5m,16,is,pine,False,False,25300,12569,12731,-3.1180962789884686e-05,-3.2918988269999966e-05,-2.946505341437852e-05,4.345909137714029e-06,8.701400184621587e-05,-0.4082891393776729,0.6584692940940915,0.6688851913477537,-0.4850249504807139,-0.0088407085321458,-1.268302919524069,0.8976551025627959,,0.0014166666666666,0.0063301758830865,0.0019927126720275,-0.0014478476294565,-0.0020238936348174,2,7,7,280491,600,3854,-4.653061076949685e-05,3619,-5.508496766056112e-05,3048,-7.416838246760821e-05,3760,-6.917898930340175e-05,3626,-0.0002004884134458,3686,0.0001370651297226,3707,8.031568972866057e-05,4,11,signflip_day_realtiming_negative
OBV_B,5m,16,is,pine,False,False,66932,33486,33446,7.911117242556778e-05,8.967952229802497e-05,6.853018325409431e-05,2.398049630192441e-06,4.392679491951185e-05,1.746385615794157,0.0403719838616477,0.0532445923460898,1.9470778130072544,0.0030349782638642,0.7470857061107115,0.2275059139074622,,0.0014166666666666,0.0063301758830865,0.0019927126720275,-0.001337555494241,-0.0019136014996019,6,7,7,280491,600,10270,3.555778043644774e-05,10071,0.0001211926599629,8876,9.875834012826487e-05,9134,1.4070699554633348e-05,9551,0.0001804884642283,9873,-2.6655404753040757e-05,9157,0.0001358067054483,4,11,signflip_day_realtiming_negative
V45_AMB,5m,16,is,v45,False,True,30610,15374,15236,0.0002119911991518,0.0002050412805243,0.0002190040666354,2.9669583855387395e-06,9.718055817985608e-05,2.150885369267841,0.0157426243107764,0.0199667221297836,4.123922839647363,0.0176348726630367,2.1755266640395887,0.0147953361075405,,0.0014166666666666,0.0063301758830865,0.0019927126720275,-0.0012046754675147,-0.0017807214728756,7,7,7,280491,600,4378,7.746646087273163e-05,4259,0.0001353512640852,4053,0.0003240211682954,4686,0.0001632911776061,4583,0.0002614573219433,4517,0.0003427133015553,4134,0.000181109400978,4,11,signflip_day_realtiming_negative
DOGE_L,5m,16,is,doge,False,True,8556,4455,4101,0.0001289231044452,-0.0001247798392644,0.0004045257901868,1.391559084657123e-05,0.0001485854317892,0.7740160809420975,0.2194606408405144,0.2196339434276206,0.9953344690265828,0.006112420277343,0.4136862639746044,0.3395519440133448,,0.0014166666666666,0.0063301758830865,0.0019927126720275,-0.0012877435622214,-0.0018637895675823,5,7,7,280491,600,1032,0.0002776758179778,1178,0.0001449469750738,1229,0.0003695004446177,1265,0.0002092674398596,1190,3.2484028616844506e-05,1247,-1.224921418439186e-05,1415,-6.817207136449625e-05,4,11,signflip_day_realtiming_negative
DOGE_S,5m,16,is,doge,False,True,8420,4097,4323,-6.074896518971871e-05,2.364827371951631e-05,-0.0001407340421758,-6.001467122533768e-06,0.0001590577467579,-0.344198878602772,0.6346516372073305,0.6206322795341098,-0.4311345279324969,-0.0006164277730864,0.022670519978305,0.4909565457195567,,0.0014166666666666,0.0063301758830865,0.0019927126720275,-0.0014774156318563,-0.0020534616372172,2,7,7,280491,600,933,0.0005635989182307,1077,-4.50375569571458e-06,1229,-0.0004368914891796,1277,-0.0001283381433901,1224,-0.0001920180943456,1229,-0.0001363037485143,1451,4.885001446719072e-05,4,11,signflip_day_realtiming_negative
S2_ST_ROC,5m,64,is,fingrad_exact,False,False,182716,90755,91961,0.0001897961858578,0.000334801627787,4.669238226407369e-05,-1.2374071443423596e-06,0.0001379618574039,1.384684119196736,0.0830745385649948,0.0782029950083194,3.9809106098327223,0.0004942658201673,0.1376037615494589,0.4452767912629938,,0.0014666666666666,0.0127905695741504,0.0026306084979143,-0.0012768704808088,-0.0024408123120565,6,7,7,280443,600,26932,0.0001599811155096,26406,0.000164234817717,23662,-6.589349320938298e-05,26924,0.0002934851567334,25776,0.0002250605799029,26413,0.0004926856340263,26603,3.294042825885578e-05,4,11,signflip_day_realtiming_negative
S5_DONCHIAN_MFI,5m,64,is,fingrad_exact,False,False,6674,3285,3389,3.15425438329572e-05,0.0002860347188093,-0.0002151398978304,-9.739844783698749e-06,0.0002854076335779,0.1446436036034986,0.4424961342636798,0.4492512479201331,0.1303644697085884,0.0013144856762325,0.1739202687336322,0.4309640616199274,,0.0014666666666666,0.0127905695741504,0.0026306084979143,-0.0014351241228337,-0.0025990659540814,3,7,7,280443,600,552,-9.796457320469316e-05,615,-0.0005998426461048,710,0.0009146625705959,1690,-0.0001872684650812,798,0.0005033542923526,847,-0.0005836705323826,1462,0.0002689877604647,4,11,signflip_day_realtiming_negative
S6_EMA_DMI_ADX,5m,64,is,fingrad_exact,False,False,14518,7208,7310,0.0002299972640521,0.0003090688996955,0.0001520289535573,3.7234270462856448e-06,0.000161698822727,1.399353645189345,0.0808534800945656,0.0848585690515806,1.2608817155302676,0.0045727252614749,0.6804016957630299,0.2481250737947672,,0.0014666666666666,0.0127905695741504,0.0026306084979143,-0.0012366694026145,-0.0024006112338621,6,7,7,280443,600,2355,-0.0001469062656375,2102,0.0002501607394872,1957,0.000596494755844,2074,0.0003050796630154,1749,0.0001027844589267,2036,0.0004309501202817,2245,0.0001345063424705,4,11,signflip_day_realtiming_negative
N01_ST_EMA,5m,64,is,fingrad_exact,False,False,66570,33067,33503,0.0002767682956556,0.0004118893500877,0.0001434056741917,-8.703115872515603e-07,0.000163140650882,1.7018358437442274,0.0443930725942215,0.0499168053244592,3.477392351098238,0.0010349367925547,0.211971789429389,0.416064521495373,,0.0014666666666666,0.0127905695741504,0.0026306084979143,-0.0011898983710109,-0.0023538402022586,6,7,7,280443,600,10081,0.0001404491137729,9864,0.0001144223505146,8577,-0.0002070139316114,9564,0.0006012960267561,9506,0.0005451001153438,9683,0.0006479341908082,9295,4.830884194258698e-05,4,11,signflip_day_realtiming_negative
N02_ST_KST,5m,64,is,fingrad_exact,False,False,56124,27908,28216,0.000247711302155,0.0004443815883219,5.318782801455511e-05,-3.8724413972471286e-08,0.0001579174035888,1.5688582824855493,0.0583404821766931,0.0615640599001663,2.8000414630856136,0.0012228378615484,0.2113312591064273,0.4163143962296662,,0.0014666666666666,0.0127905695741504,0.0026306084979143,-0.0012189553645116,-0.0023828971957593,6,7,7,280443,600,8381,0.0002131726133385,8173,0.0001804290856616,7409,-0.0001743860004731,8136,0.0004236806392475,8120,0.0003880740426548,8071,0.0005807278893261,7834,8.272232679653747e-05,4,11,signflip_day_realtiming_negative
N03_ADX_GC,5m,64,is,fingrad_exact,False,False,2162,1063,1099,0.0007890188120774,-0.0002174688474229,0.0017625369031137,3.066959505611125e-05,0.0004654722612987,1.629203886189574,0.0516349322828416,0.0549084858569051,1.7966592711569562,0.0321208045339984,1.5981805974322094,0.0550013952630471,,0.0014666666666666,0.0127905695741504,0.0026306084979143,-0.0006776478545892,-0.0018415896858369,5,7,7,280443,600,300,-0.0004865662990274,288,0.0006587542067108,274,0.0019196396589928,311,0.0007298017328706,327,-0.0004386923997074,326,0.0021021706580006,336,0.0010931622755839,4,11,signflip_day_realtiming_negative
N07_ICHI_CMO,5m,64,is,fingrad_exact,False,False,25479,12841,12638,4.712326496010423e-05,0.0002103522865815,-0.000118727650267,-4.4858198674912405e-07,0.0001544634376608,0.3079812780762488,0.37904828915934,0.3760399334442595,0.3719036064744466,0.0005929979644695,0.1113841902349089,0.455655848205407,,0.0014666666666666,0.0127905695741504,0.0026306084979143,-0.0014195434017065,-0.0025834852329542,5,7,7,280443,600,3763,0.0002539730299076,3756,1.917678293031098e-05,3314,-0.0009821912458345,3662,2.51967131509253e-05,3817,0.0003668960134619,3642,0.0006093666387346,3525,-8.060107711464561e-05,4,11,signflip_day_realtiming_negative
N08_ICHI_WR,5m,64,is,fingrad_exact,False,False,3666,1829,1837,-0.0003404008362065,-7.200149392385865e-05,-0.000607631319078,-7.989645305379517e-07,0.0003595664043473,-0.9444760900072964,0.8275367927266952,0.8202995008319468,-1.0202238759008266,0.0011921614869465,0.0576395669034332,0.4770178661081511,,0.0014666666666666,0.0127905695741504,0.0026306084979143,-0.0018070675028731,-0.0029710093341208,3,7,7,280443,600,527,-0.0002409921020871,507,0.0006076990333767,435,-0.0017384433461065,548,-0.0010732342293242,538,0.0005298963496765,490,0.0013542815299511,621,-0.0016639887443336,4,11,signflip_day_realtiming_negative
N09_ALLIG_AROON,5m,64,is,fingrad_exact,False,False,27807,13952,13855,6.884556646180176e-05,0.0001040137770574,3.3431140317418985e-05,4.442311993198436e-06,0.0001157099663407,0.5565921113393852,0.2889030724032621,0.2961730449251248,0.5667237092184447,0.0001981455858064,0.0248092118985505,0.4901035716442948,,0.0014666666666666,0.0127905695741504,0.0026306084979143,-0.0013978211002048,-0.0025617629314525,3,7,7,280443,600,4089,-0.0001943874799172,3988,-5.641867510209319e-05,3499,0.0005689731415632,3956,-6.505586949801266e-05,4027,-0.0001402571012375,4139,0.0002281461755871,4109,0.0001998732225905,4,11,signflip_day_realtiming_negative
N10_HA_PSAR,5m,64,is,fingrad_exact,False,False,82675,41169,41506,-4.330566547500123e-05,0.0001831999061124,-0.0002679721685512,5.973044698625468e-07,7.359319418738755e-05,-0.5965629081552747,0.7246003791564899,0.7171381031613977,-0.5889999902981004,-0.0024541164014425,-0.7831961915289463,0.7832440444920317,,0.0014666666666666,0.0127905695741504,0.0026306084979143,-0.0015099723321416,-0.0026739141633893,2,7,7,280443,600,7987,-0.0001029087729962,9409,-0.0002288372171759,11410,-5.31241727432062e-05,14735,3.125460333474503e-05,11385,-5.969350124066204e-06,11947,-5.112292472558334e-05,15802,1.3865505436343366e-05,4,11,signflip_day_realtiming_negative
N12_ICHI_AO,5m,64,is,fingrad_exact,False,False,28942,14422,14520,-7.429820920728387e-05,0.0001175024876553,-0.0002648043834601,3.7159967253615433e-06,0.0001547674001088,-0.504073893325056,0.6928952741162961,0.6921797004991681,-0.605607060042864,-0.0073485719248933,-1.1307917215782752,0.8709286174470071,,0.0014666666666666,0.0127905695741504,0.0026306084979143,-0.0015409648758739,-0.0027049067071216,4,7,7,280443,600,4190,0.0001604798395353,4263,-0.0001918798552617,3866,-0.0014726524374102,4155,0.000386582295188,4156,0.0005231950157676,4119,0.0005096551309897,4193,-0.0005226350009789,4,11,signflip_day_realtiming_negative
N14_ICHI_RSI,5m,64,is,fingrad_exact,False,False,3,2,1,0.003932141424261,0.003962069384037,0.003872285504709,-0.0004949815448244,0.0100000130395677,0.4427117196316062,0.3289871322050181,0.2845257903494176,3.313174110920732,0.6298728780948614,1.3194609159315318,0.0935075341154855,,0.0014666666666666,0.0127905695741504,0.0026306084979143,0.0024654747575944,0.0013015329263467,0,0,7,280443,600,1,0.003872285504709,1,0.0019070904645475,0,,0,,0,,1,0.0060170483035266,0,,4,11,signflip_day_realtiming_negative
N17_KC_RSI,5m,64,is,fingrad_exact,False,False,221303,111628,109675,0.0003476354370157,0.0006819575424199,7.360005221349625e-06,-2.426221824525919e-06,0.0002169539138364,1.6135300472349434,0.0533147003574587,0.0465890183028286,6.9881151691497845,0.0143167125002095,1.458017706179425,0.0724178313073496,,0.0014666666666666,0.0127905695741504,0.0026306084979143,-0.0011190312296508,-0.0022829730608985,5,7,7,280443,600,29744,0.0004063130660387,33440,0.0001890341259058,31273,0.0008634084209999,29181,-5.760948880894746e-06,28817,0.0009204020710623,32636,-0.0004874843833715,36212,0.0005821037408767,4,11,signflip_day_realtiming_negative
N18_VWMA_MACD,5m,64,is,fingrad_exact,False,False,201475,101409,100066,0.0001226002392085,0.0003113327216568,-6.866524869545085e-05,1.7172613665482672e-06,0.0001423588679694,0.8491425898942991,0.1979009770186743,0.1963394342762063,2.6026229188737404,-0.0023811567342861,-0.4332390370325349,0.6675794391404593,,0.0014666666666666,0.0127905695741504,0.0026306084979143,-0.0013440664274581,-0.0025080082587058,4,7,7,280443,600,29424,-3.2062953966455634e-05,28922,-2.1361533837954623e-05,26663,0.0003478117445227,29911,0.0005599667419433,28876,6.66177778352334e-05,29095,0.0002494182176015,28584,-0.0003128052729728,4,11,signflip_day_realtiming_negative
N22_VORTEX_PSAR,5m,64,is,fingrad_exact,False,False,153163,76467,76696,-5.300918867234568e-05,8.879366432521386e-05,-0.0001943886447087,9.332256041905852e-07,4.578283785011692e-05,-1.1782234743318454,0.8806462367398145,0.8868552412645591,-1.013112308233761,-0.0028541973861797,-1.5222200973871325,0.9360230294845556,,0.0014666666666666,0.0127905695741504,0.0026306084979143,-0.001519675855339,-0.0026836176865867,2,7,7,280443,600,22110,-2.245256880733098e-05,22410,5.46046874322352e-05,20258,-4.27669429165403e-05,22056,-0.0002624706542413,22027,2.8283583868902367e-05,22415,-1.0713970872650707e-05,21887,-0.0001175919257489,4,11,signflip_day_realtiming_negative
N23_HA_ST,5m,64,is,fingrad_exact,False,False,219916,109398,110518,0.0001055324278651,0.0003362688369735,-0.000122865676368,2.7184695745424325e-06,0.0001418481409299,0.7248171009965793,0.2342821215836003,0.2146422628951747,2.3294918422754702,-0.0011015669381712,-0.1674141584721062,0.5664779072286605,,0.0014666666666666,0.0127905695741504,0.0026306084979143,-0.0013611342388015,-0.0025250760700492,5,7,7,280443,600,25619,0.0001787056156251,28891,0.0001106061639145,30625,-0.0002613819333411,34537,0.0001749958720504,31203,-3.166893928804151e-05,32296,0.0004762192708522,36745,8.174350727351843e-05,4,11,signflip_day_realtiming_negative
N24_DMI,5m,64,is,fingrad_exact,False,False,88138,42705,45433,3.976566698508739e-05,0.0002201685991511,-0.0001298050683427,-1.9078890843102783e-05,0.0001612185963916,0.3649985742664898,0.3575562352546846,0.3410981697171381,0.5730301361042353,0.0003675523988314,0.2294700910542058,0.4092517821684441,,0.0014666666666666,0.0127905695741504,0.0026306084979143,-0.0014269009996815,-0.0025908428309292,4,7,7,280443,600,12288,0.0001938250086189,11992,-9.483025683698598e-05,11734,0.0001790987987035,13113,-0.0002749106345479,12281,7.738541974315928e-05,13103,0.0002518793208549,13627,-3.574067244266619e-05,4,11,signflip_day_realtiming_negative
N25_DST_CCI,5m,64,is,fingrad_exact,False,False,98071,48284,49787,0.0003106668149259,0.0004042430643663,0.0002199155017722,-8.879043975848441e-07,0.0001489975051435,2.091006282442556,0.0182637504066997,0.021630615640599,4.884891062867945,0.0060759050589493,1.0527968306374298,0.1462170589288275,,0.0014666666666666,0.0127905695741504,0.0026306084979143,-0.0011559998517407,-0.0023199416829884,7,7,7,280443,600,14382,0.0002729607734064,14297,0.0002417438751395,12563,4.217004324048541e-05,14517,0.0003263821280704,14404,0.0006090071136907,14510,0.0003180206322232,13398,0.0003307196398724,4,11,signflip_day_realtiming_negative
S1_EMA_RSI_CHOP,5m,64,is,fingrad_approx,True,False,256,127,129,0.0013696307680975,0.0015237781519262,0.0012178732661886,-4.1043663139332055e-05,0.0014647800226718,0.9630623092904336,0.1677581274860757,0.1663893510815307,1.1177833297898332,0.0710288785480851,1.201901986406149,0.1147007523736121,,0.0014666666666666,0.0127905695741504,0.0026306084979143,-9.70358985691209e-05,-0.0012609777298168,5,7,7,280443,600,60,-0.0020978289691877,46,-0.0019148604786607,27,0.0094436757140353,25,0.0026672670341737,25,0.008672713181111,27,0.0004062803255069,46,0.0003289234424535,4,11,signflip_day_realtiming_negative
S3_CMO_SANDWICH,5m,64,is,fingrad_approx,True,False,14975,7550,7425,-0.0001848510026466,-7.373585782448557e-05,-0.0002978367728025,-4.06602031420794e-06,0.0001735070156524,-1.0419462386154443,0.8512816975428747,0.8535773710482529,-1.096193276941569,-0.0004627261166503,-0.0913488081822352,0.5363922816233812,,0.0014666666666666,0.0127905695741504,0.0026306084979143,-0.0016515176693133,-0.002815459500561,2,7,7,280443,600,2421,-3.393555055284969e-05,2372,-0.0002877832198072,1838,5.596237752676456e-05,2085,0.0003882566101305,2065,-0.0006361746159134,2169,-7.946043732306967e-05,2025,-0.0007060185733155,4,11,signflip_day_realtiming_negative
S4_BB_BBP,5m,64,is,fingrad_approx,True,False,64694,32382,32312,-3.54331929019321e-06,0.000259429795948,-0.0002670861336515,-6.0960960682312185e-06,0.0001143759823421,0.0223191681134773,0.4910966793734519,0.5008319467554077,-0.0441464453868472,-0.0015484984578982,-0.2496564630468921,0.5985734851944557,,0.0014666666666666,0.0127905695741504,0.0026306084979143,-0.0014702099859568,-0.0026341518172045,3,7,7,280443,600,9230,-2.9649429724320825e-05,9426,-0.0001337352796384,8673,0.0001770245702078,9478,6.5839288793879e-05,9193,-7.278187071006838e-05,9436,-7.121423396106886e-05,9258,5.257332648093933e-05,4,11,signflip_day_realtiming_negative
N04_ST_KLINGER,5m,64,is,fingrad_approx,True,False,171516,85194,86322,0.0001212267841066,0.0003607563134675,-0.0001151727284668,-4.886415785246691e-07,0.0001413256551689,0.8612408379757777,0.1945527061630688,0.1896838602329451,2.3975565084012613,0.0001914062409045,0.0786777648764894,0.4686444658512705,,0.0014666666666666,0.0127905695741504,0.0026306084979143,-0.0013454398825599,-0.0025093817138076,4,7,7,280443,600,26074,0.0003053025518107,26426,-4.47446558443497e-05,23193,-0.000675933924315,22460,0.0003917950484667,24034,0.0001630572443923,25478,0.0006884283289892,23851,-2.37801105770056e-05,4,11,signflip_day_realtiming_negative
N05_PSAR_POC,5m,64,is,fingrad_approx,True,False,15392,7662,7730,-6.472164181475704e-05,0.0002092320485121,-0.0003362653902344,2.996849501304855e-06,0.0001735016821956,-0.3903045230403253,0.651844310447111,0.6455906821963394,-0.390769776301803,-0.0075212250335961,-0.970494503815478,0.8340999684030995,,0.0014666666666666,0.0127905695741504,0.0026306084979143,-0.0015313883084814,-0.0026953301397291,4,7,7,280443,600,2912,0.0001196775584047,2620,0.0001546197848199,1851,0.0002371106190514,2015,-0.0004312267455983,2025,-0.0001697225575848,2118,-0.0010135584749904,1851,0.0006324336945109,4,11,signflip_day_realtiming_negative
N06_MACD_ORB,5m,64,is,fingrad_approx,True,False,8025,4046,3979,0.0001065100859083,0.0005314455208593,-0.000325580582554,9.63814494348517e-07,0.0002890337534009,0.3651693623047856,0.3574924933902427,0.3577371048252912,0.5040468350931867,-0.0106178177788614,-0.8469112114476217,0.8014776935618637,,0.0014666666666666,0.0127905695741504,0.0026306084979143,-0.0013601565807583,-0.002524098412006,4,7,7,280443,600,1331,0.0001935863002867,1167,-7.621811760247258e-07,1038,-0.0003435329917874,1139,-0.0007591873934009,1161,0.000724094323472,1177,0.0004925262642195,1012,0.0003941643312122,4,11,signflip_day_realtiming_negative
N11_BREAKAWAY,5m,64,is,fingrad_approx,True,False,773,392,381,-0.0018193719886438,-0.0018303671075098,-0.0018080594254011,5.736478939079698e-06,0.000766503980584,-2.381081525750647,0.991369054405095,0.9933444259567388,-2.271409904798254,-0.056073541360289,-1.7201277708128964,0.957295390635886,,0.0014666666666666,0.0127905695741504,0.0026306084979143,-0.0032860386553105,-0.0044499804865582,2,7,7,280443,600,82,-0.0005665829203026,94,0.0005761386694723,123,-0.0039477455409799,120,-0.001624674493704,102,0.0026110896809586,100,-0.0016303001428533,152,-0.0055055215465441,4,11,signflip_day_realtiming_negative
N13_3OUTSIDE,5m,64,is,fingrad_approx,True,False,15365,7621,7744,-4.3842347735344464e-05,-2.2278297973130588e-05,-6.506388999229583e-05,6.330196815942897e-06,0.0001679605374212,-0.2987162658658799,0.6174217274767761,0.5923460898502496,-0.263382245341456,-0.0063736064533946,-0.903255299076827,0.8168047925692953,,0.0014666666666666,0.0127905695741504,0.0026306084979143,-0.001510509014402,-0.0026744508456497,3,7,7,280443,600,1805,-0.0002382244792166,2151,-3.732224923990525e-05,2149,2.2314589648429496e-05,2248,0.0004397603318376,2056,9.165337909048724e-05,2414,-0.0003419576451721,2542,-0.0002214206140607,4,11,signflip_day_realtiming_negative
N15_KC_AO,5m,64,is,fingrad_approx,True,False,136,63,73,-0.0046735612203111,-0.0006712644052443,-0.0081275981976975,2.993503577978884e-05,0.0018582850956736,-2.531095076337495,0.9943146488926878,0.995008319467554,-1.79744605349831,-0.1117671062513959,-1.3175696213935244,0.9061761197000672,,0.0014666666666666,0.0127905695741504,0.0026306084979143,-0.0061402278869777,-0.0073041697182254,0,6,7,280443,600,26,-0.0026854191532624,27,-0.0113599281224069,5,0.0191293874207563,18,-0.008865869139361,15,-0.0032525931515186,20,-0.0048890920442223,25,-0.0019422369244223,4,11,signflip_day_realtiming_negative
N16_BBRSI,5m,64,is,fingrad_approx,True,False,22857,11530,11327,-0.0002569008986675,-0.0002514061962395,-0.0002624940759426,-2.0523716667904143e-06,0.0001607850649223,-1.585026116224698,0.9435197996690312,0.9417637271214644,-1.853546824286671,-0.0053796534272859,-0.843055503408959,0.8004012985451906,,0.0014666666666666,0.0127905695741504,0.0026306084979143,-0.0017235675653342,-0.0028875093965819,1,7,7,280443,600,3625,-6.419853093645708e-05,3549,-0.0001163965271501,2826,-0.0011242020016878,3105,-0.000419539238494,2969,0.0005709703413583,3302,-0.0005559177408504,3481,-0.0001741106757412,4,11,signflip_day_realtiming_negative
N19_FIB_CHOP,5m,64,is,fingrad_approx,True,False,15481,7647,7834,-7.480178130323735e-05,0.0007677688466834,-0.0008972599881215,-3.680886023267858e-06,0.0003159757403167,-0.2250834042154066,0.5890428043676856,0.5823627287853578,-0.4221348938377297,-0.0021294051995944,-0.1533886080617426,0.5609540859859263,,0.0014666666666666,0.0127905695741504,0.0026306084979143,-0.0015414684479699,-0.0027054102792175,3,7,7,280443,600,1927,0.0001269292379803,2009,-0.0002643114876711,1870,-0.000388644810035,2475,0.0002046334788226,2418,0.0006217062476534,2116,-0.000522065257835,2666,-0.0003938090494297,4,11,signflip_day_realtiming_negative
N20_EMA9_CHOP,5m,64,is,fingrad_approx,True,False,95158,45922,49236,0.000228492347776,0.0003731007313156,9.361733378423896e-05,-2.9032273961507308e-05,0.0002265905540525,1.136519670091204,0.1278695690370763,0.1314475873544093,3.520151388025439,0.0070827958096432,0.9455800313297134,0.1721814165952027,,0.0014666666666666,0.0127905695741504,0.0026306084979143,-0.0012381743188905,-0.0024021161501382,6,7,7,280443,600,13140,0.0003285667620559,12737,0.0003646729556558,12509,0.0002507235948849,14507,-0.0004821426755098,13401,0.000296141328563,14117,0.0005049014993084,14747,0.0003758409219142,4,11,signflip_day_realtiming_negative
V39_ALL,5m,64,is,pine,False,False,66837,33339,33498,0.0001786820626129,0.0002636671124152,9.410039877152409e-05,6.482512621308463e-06,0.000155386123745,1.1082041680516217,0.1338868255859389,0.1314475873544093,2.2655480425181893,0.0039740398304343,0.5845897978414965,0.279411784619703,,0.0014666666666666,0.0127905695741504,0.0026306084979143,-0.0012879846040537,-0.0024519264353014,5,7,7,280443,600,10051,0.0001321023604691,10485,0.0003551995597293,8923,0.0001172749179599,9007,0.000583236321239,9749,-9.188713723367812e-06,9890,0.0001893370211409,8732,-0.0001365175443574,4,11,signflip_day_realtiming_negative
OBV_S,5m,64,is,pine,False,False,25297,12567,12730,0.0004201369134747,0.0005825792287103,0.0002597745744672,-9.466391996344747e-06,0.0001695159955145,2.534293617349681,0.0056337138476311,0.0066555740432612,3.3786508489356284,0.0200931591749149,2.866957572271279,0.0020721928445037,,0.0014666666666666,0.0127905695741504,0.0026306084979143,-0.0010465297531918,-0.0022104715844395,6,7,7,280443,600,3854,0.0005361688603529,3619,0.0005957433456007,3048,0.0005922240228357,3757,0.0005064432105426,3626,-0.0001447071470459,3686,0.0005764045070642,3707,0.0002962203083841,4,11,signflip_day_realtiming_negative
OBV_B,5m,64,is,pine,False,False,66927,33483,33444,0.0002655454622182,0.0004478452735104,8.303306592898501e-05,3.111855779303135e-06,8.854475050162712e-05,2.963852797056562,0.0015190679056739,0.0049916805324459,3.269632348522243,0.008992979798439,2.3569726630756853,0.0092123015756996,,0.0014666666666666,0.0127905695741504,0.0026306084979143,-0.0012011212044484,-0.0023650630356961,7,7,7,280443,600,10268,0.0001445111255401,10070,0.0005286017660037,8875,0.0002136102345593,9133,0.0001008514869797,9551,0.0001592702558482,9873,0.0001561790348572,9157,0.0005553443095034,4,11,signflip_day_realtiming_negative
V45_AMB,5m,64,is,v45,False,True,30604,15374,15230,0.0004574470148698,0.0005196245855503,0.0003946815538296,2.89897367230589e-06,0.0002492701558681,1.8235156937036103,0.0341126611792351,0.0366056572379367,4.2584106376127,0.0172699558997564,1.6930531834675406,0.0452226722221209,,0.0014666666666666,0.0127905695741504,0.0026306084979143,-0.0010092196517968,-0.0021731614830445,6,7,7,280443,600,4374,0.0005014818871093,4257,0.0002015085181678,4053,0.0004826391454209,4686,-2.2791905056733974e-05,4583,0.0009390559928933,4517,0.0004872033011204,4134,0.0006276440230124,4,11,signflip_day_realtiming_negative
DOGE_L,5m,64,is,doge,False,True,8556,4455,4101,0.000298070827579,-3.2500638653597863e-06,0.0006254018618108,2.075329728176869e-05,0.0004182151215009,0.6630978078983447,0.2536339572577027,0.2396006655574043,1.1937368264217867,0.0068396985478475,0.3096053254077502,0.3784305530361853,,0.0014666666666666,0.0127905695741504,0.0026306084979143,-0.0011685958390876,-0.0023325376703353,5,7,7,280443,600,1032,0.0008326098193862,1178,0.0005728812401469,1229,-0.0002257836086593,1265,0.0003279699392731,1190,-5.695550075542927e-05,1247,0.0005288019678484,1415,0.0002029354347138,4,11,signflip_day_realtiming_negative
DOGE_S,5m,64,is,doge,False,True,8420,4097,4323,0.0001312900335989,0.0005239500244383,-0.0002408422778674,-3.5624999260024264e-05,0.0004757516084094,0.3508449155159181,0.3628523493447133,0.3544093178036606,0.508644189134597,-0.0017025461450304,0.0059951279799835,0.4976083042992544,,0.0014666666666666,0.0127905695741504,0.0026306084979143,-0.0013353766330677,-0.0024993184643154,5,7,7,280443,600,933,0.0011468607312284,1077,3.2121083864774235e-05,1229,-0.0003559019602773,1277,0.0001036888555302,1224,0.0005747520376221,1229,-0.0009833864288225,1451,0.0005588731088812,4,11,signflip_day_realtiming_negative
S2_ST_ROC,5m,4,is,fingrad_exact,False,False,182739,91046,91693,-2.3690916244168625e-05,-2.34184922660892e-05,-2.3961417956493654e-05,-1.0108133176693943e-06,1.5279134169036965e-05,-1.484384041371943,0.9311464669870496,0.9384359400998336,-1.9261498313082583,-0.0023853394262536,-0.8269559237251779,0.7958689779039811,,0.0014041666666666,0.003202487715711,0.0016955930487963,-0.0014278575829108,-0.0017192839650405,1,7,7,280503,600,26935,-3.5235358280996475e-05,26410,-2.3581161197138083e-05,23665,-7.609592555182426e-05,26929,6.183744770632638e-05,25778,-5.368432747319882e-05,26415,-3.842070973275703e-05,26607,-8.383673880291622e-06,1,11,signflip_day_realtiming_negative
S5_DONCHIAN_MFI,5m,4,is,fingrad_exact,False,False,6674,3334,3340,1.6777483410318352e-05,-2.1709174595159892e-05,5.519500370680472e-05,5.076323938716733e-07,6.850215220049859e-05,0.2375086109532228,0.4061311198628181,0.4059900166389351,0.2166664345618562,0.0051037187720664,0.3958540870876575,0.3461063366494883,,0.0014041666666666,0.003202487715711,0.0016955930487963,-0.0013873891832563,-0.001678815565386,4,7,7,280503,600,552,5.693522794163126e-05,615,0.0005134751514792,710,-4.334751149070378e-07,1690,-0.0001552108813119,798,-0.0003356455978575,847,0.0001543560016981,1462,0.0001125015531447,1,11,signflip_day_realtiming_negative
S6_EMA_DMI_ADX,5m,4,is,fingrad_exact,False,False,14519,7300,7219,4.061269322617799e-05,3.392046687219707e-05,4.738000897407392e-05,2.169315079201142e-06,4.676107853839032e-05,0.822123427187747,0.2055033267184535,0.2146422628951747,0.8385958450708135,0.0072706407455654,0.8093259174196352,0.2091638511177519,,0.0014041666666666,0.003202487715711,0.0016955930487963,-0.0013635539734404,-0.0016549803555701,5,7,7,280503,600,2356,9.38217152497146e-05,2102,-0.0001472586536251,1957,0.0001062857173403,2074,0.0001728444566572,1749,-7.950832296923004e-05,2036,1.944453800211201e-05,2245,9.40489297556204e-05,1,11,signflip_day_realtiming_negative
N01_ST_EMA,5m,4,is,fingrad_exact,False,False,66576,33168,33408,-4.114152357157397e-05,-4.810705812162172e-05,-3.422602878122485e-05,-2.775380125634096e-07,2.4425414619615023e-05,-1.6730109271592226,0.9528374275383812,0.956738768718802,-2.076869206098909,-0.0089026506817634,-2.0187432006379264,0.9782430413293502,,0.0014041666666666,0.003202487715711,0.0016955930487963,-0.0014453081902382,-0.0017367345723679,2,7,7,280503,600,10082,-5.305527709888709e-05,9865,-3.985607286707166e-05,8578,3.316168975482921e-05,9565,-1.8476640837366605e-05,9507,-0.0001263081835544,9683,-7.89699821947963e-05,9296,5.033533001293982e-06,1,11,signflip_day_realtiming_negative
N02_ST_KST,5m,4,is,fingrad_exact,False,False,56137,27917,28220,1.1681047406793804e-05,3.0477900407766067e-05,-6.913982544593262e-06,-1.4921965322982155e-06,2.67714321636868e-05,0.4920634749216151,0.3113372359516859,0.3277870216306156,0.4979981703719994,-0.0015985752070003,-0.3055961221313648,0.6200439132956497,,0.0014041666666666,0.003202487715711,0.0016955930487963,-0.0013924856192598,-0.0016839120013895,4,7,7,280503,600,8383,1.2086945629727526e-05,8176,2.0342788131906176e-05,7410,0.000110028872102,8139,6.134817622832192e-05,8121,-7.045751046416593e-05,8073,-4.519876169876386e-06,7835,-4.056935398914789e-05,1,11,signflip_day_realtiming_negative
N03_ADX_GC,5m,4,is,fingrad_exact,False,False,2162,1128,1034,6.696947669282462e-05,-6.033684701604485e-05,0.000205849102557,-4.634219747360391e-06,0.0001165124817371,0.6145581604014286,0.2694232763013365,0.2712146422628951,0.4181036941498076,-0.0093373431638254,-0.5112941189087737,0.6954274387570601,,0.0014041666666666,0.003202487715711,0.0016955930487963,-0.0013371971899738,-0.0016286235721035,3,7,7,280503,600,300,-0.0002410780536109,288,1.1757095674239337e-05,274,0.0007958470459518,311,-0.0002492413118908,327,-3.911206806061915e-05,326,0.0004618890942122,336,-0.000192288273545,1,11,signflip_day_realtiming_negative
N07_ICHI_CMO,5m,4,is,fingrad_exact,False,False,25481,12816,12665,-4.233699093490256e-05,-8.930361342882459e-05,5.189596817336263e-06,-8.865800273794568e-07,3.723134371281359e-05,-1.1133203041838502,0.8672145554082584,0.8552412645590682,-1.2534050163685266,-0.0113151908342068,-1.6613632036814048,0.951679738370246,,0.0014041666666666,0.003202487715711,0.0016955930487963,-0.0014465036576015,-0.0017379300397312,1,7,7,280503,600,3764,-7.86462198418666e-05,3756,6.941912819739264e-05,3314,-4.8018356054338906e-05,3663,-2.868084338960349e-06,3817,-2.0269094142808053e-05,3642,-6.964109827331175e-05,3525,-0.0001540040008183,1,11,signflip_day_realtiming_negative
N08_ICHI_WR,5m,4,is,fingrad_exact,False,False,3666,1816,1850,1.776774935243485e-05,-4.596899909862554e-06,3.972137262829004e-05,1.852580922031566e-07,9.545952261637962e-05,0.1841879236175309,0.4269330164816354,0.4226289517470882,0.2138295158925929,-0.0091445777488498,-0.5837340926919621,0.720300386907289,,0.0014041666666666,0.003202487715711,0.0016955930487963,-0.0013863989173142,-0.0016778252994439,4,7,7,280503,600,527,-0.0001118892601184,507,-7.267729875954303e-05,435,0.0002421260376205,548,-8.64487510452075e-05,538,6.426346785222657e-05,490,2.9939692272226307e-06,621,0.0001078227025145,1,11,signflip_day_realtiming_negative
N09_ALLIG_AROON,5m,4,is,fingrad_exact,False,False,27808,13944,13864,-6.754569437890251e-06,3.3706286144952943e-06,-1.6938193330162615e-05,-1.020148226478074e-06,3.486094260201262e-05,-0.164494152578683,0.5653289251918129,0.5723793677204659,-0.1892546531330176,-0.0052096788258786,-0.8787387530436961,0.8102285292986832,,0.0014041666666666,0.003202487715711,0.0016955930487963,-0.0014109212361045,-0.0017023476182342,3,7,7,280503,600,4089,-9.70544459923338e-05,3988,0.0001232622891756,3500,-4.880620396753194e-05,3956,1.7752989590348178e-07,4027,-1.3070570730391138e-05,4139,6.627669656262671e-05,4109,-8.131177892968618e-05,1,11,signflip_day_realtiming_negative
N10_HA_PSAR,5m,4,is,fingrad_exact,False,False,82685,41204,41481,-8.358648716880771e-06,-2.8672281895933245e-06,-1.381339887734826e-05,5.3445383703369316e-08,2.0342787877846538e-05,-0.4135172696631704,0.660386163839437,0.6871880199667221,-0.427627914929764,-0.0022572577223771,-0.6247125018865842,0.7339201168164246,,0.0014041666666666,0.003202487715711,0.0016955930487963,-0.0014125253153835,-0.0017039516975132,2,7,7,280503,600,7987,-5.411713234291963e-06,9410,-3.046894594239446e-05,11411,4.863293627978946e-05,14738,4.960211636915583e-05,11386,-5.94260719892223e-05,11950,-3.4042084307045906e-05,15803,-3.5674049106744114e-05,1,11,signflip_day_realtiming_negative
N12_ICHI_AO,5m,4,is,fingrad_exact,False,False,28947,14390,14557,-6.387849591770308e-05,-0.0001300821369938,1.5656474556433406e-06,-1.7569547869785604e-06,3.772785592521488e-05,-1.6465696130165313,0.9501767297037196,0.951747088186356,-1.9558252128397209,-0.0155930768942584,-2.3095609838889777,0.9895437641202308,,0.0014041666666666,0.003202487715711,0.0016955930487963,-0.0014680451625843,-0.001759471544714,0,7,7,280503,600,4190,-7.038490173505632e-05,4264,-9.91932044389738e-06,3866,-0.0001870229238665,4157,-6.627834504173857e-05,4157,-1.584612343969379e-05,4119,-1.0477530552750174e-05,4194,-9.64003607999649e-05,1,11,signflip_day_realtiming_negative
N14_ICHI_RSI,5m,4,is,fingrad_exact,False,False,3,2,1,0.0005500213985027,0.0008668171554174,-8.357011532678094e-05,-0.0001598110278834,0.0025126071253531,0.2825083234158197,0.3887768826227679,0.3494176372712146,1.6063848055380547,0.2922982547653251,0.5852247172049853,0.2791983135731813,,0.0014041666666666,0.003202487715711,0.0016955930487963,-0.0008541452681639,-0.0011455716502936,0,0,7,280503,600,1,0.0010918250198814,1,0.0006418092909534,0,,0,,0,,1,-8.357011532678094e-05,0,,1,11,signflip_day_realtiming_negative
N17_KC_RSI,5m,4,is,fingrad_exact,False,False,221384,110837,110547,-3.728005196178894e-05,8.099792331764258e-05,-0.0001558683080523,-6.605484180498905e-07,2.528861612301562e-05,-1.4480627712329022,0.9262002519343776,0.9417637271214644,-2.205891211605622,-0.0033737461804772,-0.7194557735323219,0.7640699285958278,,0.0014041666666666,0.003202487715711,0.0016955930487963,-0.0014414467186284,-0.0017328731007581,3,7,7,280503,600,29755,8.35060912473108e-07,33448,1.3145448637558304e-05,31290,6.366479366721014e-05,29188,-3.530080639574874e-05,28825,-0.0001489872830335,32647,-0.0001210852559353,36231,-3.951935910659199e-05,1,11,signflip_day_realtiming_negative
N18_VWMA_MACD,5m,4,is,fingrad_exact,False,False,201521,99785,101736,-1.838588147769688e-05,-1.6078292053472905e-05,-2.0649218061562874e-05,-1.126486208733993e-06,1.997641866557422e-05,-0.8639884634930266,0.8062028859804273,0.8136439267886856,-1.4349672554692374,-0.0041256735051172,-1.0133261101723965,0.8445477900249375,,0.0014041666666666,0.003202487715711,0.0016955930487963,-0.0014225525481443,-0.001713978930274,1,7,7,280503,600,29430,-5.45304620125442e-05,28934,-1.1233700055689662e-05,26666,-2.0106613450589748e-05,29922,8.202968499609551e-05,28882,-6.74119000403288e-05,29101,-3.675206060278066e-05,28586,-2.3686102093328905e-05,1,11,signflip_day_realtiming_negative
N22_VORTEX_PSAR,5m,4,is,fingrad_exact,False,False,153191,76964,76227,-1.5802519877840744e-05,-6.344727827641211e-06,-2.535175449748414e-05,-4.357828325588518e-07,1.5831573737109466e-05,-0.9706386301484362,0.8341358689296829,0.8419301164725458,-1.1997332166891164,-0.0047857069292465,-1.6095174614583172,0.9462483800072156,,0.0014041666666666,0.003202487715711,0.0016955930487963,-0.0014199691865445,-0.0017113955686742,1,7,7,280503,600,22113,-2.616126325225284e-05,22412,-3.232598423493215e-05,20262,-2.076685936204932e-05,22065,-2.026374417196367e-06,22029,2.195220601275662e-05,22420,-4.7557043884131686e-05,21890,-3.183006674254788e-06,1,11,signflip_day_realtiming_negative
N23_HA_ST,5m,4,is,fingrad_exact,False,False,219947,109266,110681,-1.065598809124034e-05,1.18287282182724e-05,-3.285324879791284e-05,-6.177979648507064e-07,1.486470591791646e-05,-0.6753036475676646,0.7502585665101754,0.7603993344425957,-0.8550892066288567,-0.0027575714792533,-0.9669900264479374,0.8332254902386325,,0.0014041666666666,0.003202487715711,0.0016955930487963,-0.0014148226547579,-0.0017062490368876,2,7,7,280503,600,25623,-1.958176024534729e-05,28892,-8.32671012348194e-06,30630,-2.2183155534329957e-05,34543,-1.679703263624252e-05,31208,8.473047908921986e-06,32300,-2.892306814127992e-05,36751,8.926132979839751e-06,1,11,signflip_day_realtiming_negative
N24_DMI,5m,4,is,fingrad_exact,False,False,88141,43727,44414,3.638997619248695e-05,4.207801243225724e-05,3.078992304130859e-05,-2.420469014962933e-06,2.1045694193661572e-05,1.844103827144775,0.0325840051439222,0.0399334442595673,2.176409708733921,0.0069280699107913,1.859459723977418,0.0314810015273017,,0.0014041666666666,0.003202487715711,0.0016955930487963,-0.0013677766904741,-0.0016592030726038,5,7,7,280503,600,12289,-1.1195067550338272e-06,11992,6.7572197432435936e-06,11736,0.0001415705228603,13113,-5.267500651371165e-05,12281,7.755009991310854e-05,13103,4.812448360388404e-05,13627,4.303674685291414e-05,1,11,signflip_day_realtiming_negative
N25_DST_CCI,5m,4,is,fingrad_exact,False,False,98093,49441,48652,-5.358990801574608e-05,-7.093910790723441e-05,-3.5959352399634185e-05,4.20798301140304e-08,2.037123928282029e-05,-2.632730738727794,0.9957649266194633,0.9966722129783694,-3.743505102959108,-0.0058368311808029,-1.5815265923303672,0.9431211582009504,,0.0014041666666666,0.003202487715711,0.0016955930487963,-0.0014577565746824,-0.0017491829568121,0,7,7,280503,600,14387,-0.0001142620945361,14303,-7.757056474286783e-05,12565,-7.595844003103228e-06,14519,-3.463813140882452e-05,14405,-5.658320802837479e-06,14515,-8.057908439762049e-05,13399,-4.880572985747769e-05,1,11,signflip_day_realtiming_negative
S1_EMA_RSI_CHOP,5m,4,is,fingrad_approx,True,False,256,137,119,-0.0003656235353497,-6.305819228904464e-05,-0.0007139550647557,3.322944554565797e-06,0.0003554781792696,-1.037887840717383,0.8503388624745412,0.8502495840266223,-0.6245229479642422,0.0219944653420042,0.3215582475497703,0.373893689356463,,0.0014041666666666,0.003202487715711,0.0016955930487963,-0.0017697902020164,-0.0020612165841461,3,7,7,280503,600,60,-0.0006086942972195,46,-0.0009416970973862,27,2.6561276855646483e-05,25,0.0015149141978635,25,0.0004542213670516,27,-0.0009280472568888,46,-0.0008401775738821,1,11,signflip_day_realtiming_negative
S3_CMO_SANDWICH,5m,4,is,fingrad_approx,True,False,14975,7505,7470,-2.7887809332656685e-05,1.9321034726162748e-05,-7.53178461012564e-05,-1.1794551946769887e-06,4.693919195165756e-05,-0.5689990182508148,0.7153215969034493,0.7088186356073212,-0.6785599832662482,0.004461853451046,0.5760994670670092,0.2822739758292397,,0.0014041666666666,0.003202487715711,0.0016955930487963,-0.0014320544759993,-0.001723480858129,2,7,7,280503,600,2421,-1.917081578245125e-05,2372,-0.0001360346355777,1838,0.0002196072737675,2085,-7.86620347557016e-05,2065,-2.7512674027390664e-05,2169,8.41830340502102e-06,2025,-0.0001232625674542,1,11,signflip_day_realtiming_negative
S4_BB_BBP,5m,4,is,fingrad_approx,True,False,64697,31911,32786,-3.9891324041255696e-05,7.592423868498398e-06,-8.610781521273629e-05,1.254347558109491e-06,2.4590408206679145e-05,-1.673240690172413,0.9528600385015638,0.9484193011647256,-1.87462055952494,-0.0042837364254297,-0.9345463160945764,0.8249889218905733,,0.0014041666666666,0.003202487715711,0.0016955930487963,-0.0014440579907079,-0.0017354843728376,1,7,7,280503,600,9230,-5.815058726060324e-05,9426,-2.301713039775916e-05,8674,-4.2954080895207575e-05,9479,-5.4986946912787566e-05,9193,0.0001018354518681,9437,-0.000152340449707,9258,-4.665058518250891e-05,1,11,signflip_day_realtiming_negative
N04_ST_KLINGER,5m,4,is,fingrad_approx,True,False,171549,85165,86384,2.2985009291437124e-05,7.332486620500988e-05,-2.664448128603583e-05,-1.7347741186736785e-07,1.4758313711703404e-05,1.569182438840537,0.0583027174691496,0.0582362728785357,1.6827682982551062,0.0011299001923349,0.4644116998479127,0.3211764046266421,,0.0014041666666666,0.003202487715711,0.0016955930487963,-0.0013811816573752,-0.0016726080395049,5,7,7,280503,600,26080,3.8645520753932165e-06,26430,5.0059046832887696e-05,23198,5.400626840290519e-05,22465,5.041003568385915e-05,24038,4.1821287690341735e-05,25483,-1.9480663188868778e-05,23855,-1.5718549842369007e-05,1,11,signflip_day_realtiming_negative
N05_PSAR_POC,5m,4,is,fingrad_approx,True,False,15393,7744,7649,5.810037963009389e-05,8.018857269814714e-05,3.573785287901475e-05,-1.8377831773936572e-06,4.462436221086343e-05,1.343171304595051,0.089608255527958,0.08153078202995,1.3783257109687808,0.011546220350734,1.5586824128867134,0.0595357831863974,,0.0014041666666666,0.003202487715711,0.0016955930487963,-0.0013460662870365,-0.0016374926691662,5,7,7,280503,600,2912,0.0001263036321141,2620,-6.77158226962339e-05,1851,0.0003401180355787,2016,-7.790770861714569e-05,2025,7.97435060802498e-05,2118,7.059427691300176e-06,1851,2.9729557777958352e-05,1,11,signflip_day_realtiming_negative
N06_MACD_ORB,5m,4,is,fingrad_approx,True,False,8027,4001,4026,-7.128176884046662e-06,0.0001293371218301,-0.0001427460755813,-5.327502418976404e-06,6.176923960339195e-05,-0.0291516372329015,0.5116281736400198,0.5141430948419301,-0.1150856921122851,-0.0111142155382157,-0.8812798043524711,0.8109168028869675,,0.0014041666666666,0.003202487715711,0.0016955930487963,-0.0014112948435507,-0.0017027212256804,3,7,7,280503,600,1331,-0.0001236486538076,1167,-2.527541310919208e-05,1038,-7.143797467167096e-06,1139,-7.776516947893445e-05,1161,0.0001357328338455,1179,5.823691241289948e-07,1012,7.368799010228895e-05,1,11,signflip_day_realtiming_negative
N11_BREAKAWAY,5m,4,is,fingrad_approx,True,False,774,389,385,-0.0001110759836914,-0.0002271088208969,6.162389485044537e-06,8.296539288522276e-06,0.0001971567938857,-0.605469994856721,0.7275666222078305,0.7487520798668885,-0.5169431546699597,0.0128372283825352,0.388506926937684,0.3488204644588129,,0.0014041666666666,0.003202487715711,0.0016955930487963,-0.0015152426503581,-0.0018066690324878,3,7,7,280503,600,82,0.0001392621423531,94,-0.0002638178060709,123,0.0004810483616051,120,0.0002175844415717,102,-0.0003169987818626,100,-0.0001990965283055,153,-0.00069038553049,1,11,signflip_day_realtiming_negative
N13_3OUTSIDE,5m,4,is,fingrad_approx,True,False,15366,7760,7606,4.004655147074437e-06,-0.0001034063404903,0.0001135904198258,-1.4896155619363434e-06,4.5790071693708926e-05,0.1199882530379535,0.4522462267219106,0.4559068219633943,0.0939558006670376,-0.002117407766184,-0.2666368452344239,0.6051256080339003,,0.0014041666666666,0.003202487715711,0.0016955930487963,-0.0014001620115195,-0.0016915883936492,4,7,7,280503,600,1805,-0.0001685140969266,2152,0.000126915939658,2149,0.0001534226685329,2248,-4.3758720855603175e-06,2056,1.2044404757803007e-05,2414,-0.0001364397882919,2542,3.041478061538685e-05,1,11,signflip_day_realtiming_negative
N15_KC_AO,5m,4,is,fingrad_approx,True,False,136,64,72,0.0003496099973683,0.0008132306053796,-6.249720975281013e-05,-2.188511291890886e-05,0.0004657561906655,0.7976171175660742,0.212546357222184,0.1896838602329451,0.4694841353640818,0.0623289743531237,0.7700437148998915,0.2206369809508426,,0.0014041666666666,0.003202487715711,0.0016955930487963,-0.0010545566692983,-0.001345983051428,3,6,7,280503,600,26,-0.0001634216109832,27,8.531533763283054e-05,5,-9.98036697968052e-05,18,0.0033305408846612,15,-0.0008026399530654,20,0.0012556866401432,25,-0.0009212977468091,1,11,signflip_day_realtiming_negative
N16_BBRSI,5m,4,is,fingrad_approx,True,False,22859,11508,11351,-5.42554472445669e-05,-9.189426330880064e-05,-1.6096034393963246e-05,-8.947621094687458e-07,3.805833513139534e-05,-1.40207617991885,0.9195537503556618,0.9168053244592346,-1.442889670039322,-0.0048584068262276,-0.6469913208709641,0.7411812196766836,,0.0014041666666666,0.003202487715711,0.0016955930487963,-0.0014584221139112,-0.0017498484960409,2,7,7,280503,600,3626,-4.310041350860867e-05,3549,-6.81212909618837e-05,2826,-0.0002071642541218,3105,-9.32558788589864e-05,2970,7.948619206569724e-05,3302,-0.0001185810314539,3481,5.4095246731842696e-05,1,11,signflip_day_realtiming_negative
N19_FIB_CHOP,5m,4,is,fingrad_approx,True,False,15485,7718,7767,4.398122179684933e-05,0.0002318281486434,-0.0001426806272313,-4.560335304145548e-07,5.30901938955305e-05,0.8370143724603144,0.2012922446650633,0.2013311148086522,0.8405565217382489,0.0073461099636125,0.7738844841181899,0.2194995529239577,,0.0014041666666666,0.003202487715711,0.0016955930487963,-0.0013601854448698,-0.0016516118269995,4,7,7,280503,600,1927,2.1214162015349972e-05,2010,6.603004960930777e-05,1870,-7.170780021949441e-05,2476,9.039996871097127e-05,2419,0.0003985490749915,2116,-0.0001306251084173,2667,-0.0001012280050638,1,11,signflip_day_realtiming_negative
N20_EMA9_CHOP,5m,4,is,fingrad_approx,True,False,95158,47080,48078,-9.693055334009568e-06,-5.289576760962306e-05,3.2612857847401545e-05,-1.5010120616240629e-06,2.2365263257510687e-05,-0.366284231849337,0.6429235027797748,0.6638935108153078,-0.6433204629233252,0.0073478909120227,1.941090508929586,0.0261236500394626,,0.0014041666666666,0.003202487715711,0.0016955930487963,-0.0014138597220006,-0.0017052861041303,2,7,7,280503,600,13140,-8.387747548835874e-06,12737,-1.6204557237461448e-05,12509,2.0264468200127083e-05,14507,-4.570780862035137e-05,13401,-2.6211799979051444e-05,14117,5.291180283397641e-05,14747,-4.013399018758808e-05,1,11,signflip_day_realtiming_negative
V39_ALL,5m,4,is,pine,False,False,66845,33384,33461,-4.178757821695867e-05,-6.292052769509746e-05,-2.070325959593165e-05,9.193269032428285e-08,2.436109129817362e-05,-1.7191147307273016,0.9572032584819584,0.9534109816971714,-2.1719481036693997,-0.0014544624958256,-0.3623127174194282,0.6414408221319865,,0.0014041666666666,0.003202487715711,0.0016955930487963,-0.0014459542448836,-0.0017373806270133,1,7,7,280503,600,10051,-5.5760674893862456e-05,10486,-2.691990616575269e-05,8927,2.249036923555436e-05,9008,-1.7055034914980526e-05,9750,-6.217294664839615e-05,9891,-6.176082975691048e-05,8732,-8.939935423780272e-05,1,11,signflip_day_realtiming_negative
OBV_S,5m,4,is,pine,False,False,25300,12732,12568,-3.7247626300998966e-06,1.7397801028746754e-05,-2.51229549044821e-05,-2.902004223948524e-06,3.689613854742472e-05,-0.0222993093191536,0.5088954000851351,0.519134775374376,-0.1160875249528441,0.0020685929361949,0.35198100526667,0.3624262538498916,,0.0014041666666666,0.003202487715711,0.0016955930487963,-0.0014078914292967,-0.0016993178114264,4,7,7,280503,600,3854,-0.0001405636045788,3619,-1.6548070560537002e-05,3048,0.0001415327051867,3760,-0.0001429605530303,3626,4.168208087616586e-05,3686,7.104542979441793e-05,3707,5.40896734204776e-05,1,11,signflip_day_realtiming_negative
OBV_B,5m,4,is,pine,False,False,66937,33349,33588,2.237136036367809e-05,1.5353856961288627e-05,2.933892976245998e-05,-7.624455570858626e-07,2.287697305258109e-05,1.0112266980248024,0.1559539702004879,0.1630615640599001,1.092803242997937,0.0064199238852098,1.5091420700817135,0.0656312402359688,,0.0014041666666666,0.003202487715711,0.0016955930487963,-0.0013817953063029,-0.0016732216884326,5,7,7,280503,600,10271,-4.36159286533593e-05,10071,5.1708529153575375e-05,8877,2.621523529492684e-05,9135,-5.15135974775629e-05,9552,0.0001039895181928,9873,7.074204711946777e-06,9158,6.545172779014078e-05,1,11,signflip_day_realtiming_negative
V45_AMB,5m,4,is,v45,False,True,30610,15465,15145,-1.1262768930146982e-06,1.6010330723821566e-05,-1.8624965357483028e-05,5.41670570714617e-07,3.875256330699725e-05,-0.0430409583623116,0.5171655579811998,0.5274542429284526,-0.0459994531935282,-0.0016503804386484,-0.2355319405231896,0.5931020544575939,,0.0014041666666666,0.003202487715711,0.0016955930487963,-0.0014052929435596,-0.0016967193256893,3,7,7,280503,600,4378,-6.423846625159332e-06,4259,-0.0001118158971836,4053,4.737360897797174e-05,4686,-4.082398519243008e-05,4583,7.156340024950458e-05,4517,-4.040729366126412e-05,4134,7.830498560310353e-05,1,11,signflip_day_realtiming_negative
DOGE_L,5m,4,is,doge,False,True,8556,4314,4242,6.918146521421684e-05,9.096332926195887e-05,4.702989484600393e-05,4.310054653550721e-06,6.534915677340688e-05,0.9926893285800564,0.1604306885075622,0.1647254575707154,1.0757895748477742,0.005665526624135,0.410134203861169,0.3408537516113675,,0.0014041666666666,0.003202487715711,0.0016955930487963,-0.0013349852014524,-0.0016264115835821,4,7,7,280503,600,1032,-1.566539921232403e-07,1178,0.0002025814541435,1229,3.650690202352465e-05,1265,-4.930781776650754e-06,1190,-4.348299362120969e-05,1247,0.0001724845780172,1415,0.0001070418942006,1,11,signflip_day_realtiming_negative
DOGE_S,5m,4,is,doge,False,True,8420,4279,4141,-6.3046649840174506e-06,7.793634093522857e-05,-9.335302632872976e-05,-4.3859080037026495e-06,7.067399097981048e-05,-0.0271494074936695,0.5108297161075666,0.5307820299500832,-0.0916175392345162,0.0052515871862116,0.4873510651154418,0.3130047827636742,,0.0014041666666666,0.003202487715711,0.0016955930487963,-0.0014104713316506,-0.0017018977137803,4,7,7,280503,600,933,0.0001233745765293,1077,2.6167928850355577e-05,1229,8.241554147161969e-05,1277,-9.114823749955212e-05,1224,-3.886753951293622e-05,1229,5.632024218437376e-05,1451,-0.0001398433693325,1,11,signflip_day_realtiming_negative
S2_ST_ROC,5m,16,is,fingrad_exact,False,False,182738,91045,91693,-4.111528690748869e-05,-2.8574003602258416e-05,-5.356794020190253e-05,-5.311850091236872e-07,4.251022880215854e-05,-0.9546902720105864,0.8301328246029291,0.826955074875208,-1.687182269905459,-0.0035375189617245,-0.9762704596207348,0.83553477263485,,0.0014166666666666,0.0063301758830865,0.0019927126720275,-0.0014577819535741,-0.002033827958935,1,7,7,280491,600,26934,-9.901550935523248e-05,26410,-6.157477574547021e-05,23665,-0.0001162667975493,26929,0.0001690598948442,25778,-0.0001140882383815,26415,-4.337740388448935e-05,26607,-3.5127265536729924e-05,1,11,signflip_day_realtiming_negative
S5_DONCHIAN_MFI,5m,16,is,fingrad_exact,False,False,6674,3334,3340,0.0001385951416103,7.447571385314915e-05,0.0002025993847668,4.718352066245712e-06,0.0001421397846202,0.9418671197642854,0.173130337972076,0.1797004991680532,0.989828264010278,0.0107009195550006,0.8347694059832255,0.2019237773171815,,0.0014166666666666,0.0063301758830865,0.0019927126720275,-0.0012780715250562,-0.0018541175304171,4,7,7,280491,600,552,0.0004612041249191,615,0.0012491226421704,710,0.0001344618153004,1690,4.497292263748554e-05,798,-0.0002085491292043,847,-4.982700495273918e-05,1462,-4.148945048091124e-05,1,11,signflip_day_realtiming_negative
S6_EMA_DMI_ADX,5m,16,is,fingrad_exact,False,False,14519,7300,7219,0.0001476824642566,0.0003104129770413,-1.6873948449821183e-05,-1.574912750868197e-06,8.427508435111943e-05,1.7710735997089713,0.0382742317504252,0.038269550748752,1.610835213483972,0.0075942430829227,1.0319311897501866,0.1510521767680707,,0.0014166666666666,0.0063301758830865,0.0019927126720275,-0.00126898420241,-0.0018450302077708,5,7,7,280491,600,2356,0.0002456027067179,2102,-4.67342581002607e-06,1957,-0.0001606421246816,2074,0.0002714399737717,1749,0.0001360281352893,2036,0.000122028031855,2245,0.0003743577342935,1,11,signflip_day_realtiming_negative
N01_ST_EMA,5m,16,is,fingrad_exact,False,False,66576,33168,33408,5.210996190802504e-06,-5.52583012375078e-05,6.524588774678299e-05,1.7984520998067798e-06,5.6825979536239805e-05,0.0600525344014427,0.4760568968757802,0.4608985024958402,0.1320452108779504,-0.0025638348017806,-0.5578869962016777,0.71153922411778,,0.0014166666666666,0.0063301758830865,0.0019927126720275,-0.0014114556704758,-0.0019875016758367,4,7,7,280491,600,10082,-0.0001045134631404,9865,9.652865866003571e-05,8578,1.9592310817681727e-05,9565,0.0001354314602319,9507,-0.0001452205246283,9683,-7.059044651678581e-05,9296,0.0001128497054701,1,11,signflip_day_realtiming_negative
N02_ST_KST,5m,16,is,fingrad_exact,False,False,56137,27917,28220,9.240999480215248e-05,0.0001769233952684,8.80402028703212e-06,3.378998524522473e-06,5.731358672052758e-05,1.5534012329705136,0.0601636542683206,0.0615640599001663,2.034023927216295,0.0048404233227502,0.9614694598829924,0.1681580870349397,,0.0014166666666666,0.0063301758830865,0.0019927126720275,-0.0013242566718645,-0.0019003026772253,6,7,7,280491,600,8383,6.604020394786146e-05,8176,9.352458061592492e-05,7410,0.0002276071412684,8139,0.0001855584037915,8121,-8.818659320584137e-06,8073,2.683228070936473e-05,7835,6.732845466691634e-05,1,11,signflip_day_realtiming_negative
N03_ADX_GC,5m,16,is,fingrad_exact,False,False,2162,1128,1034,-0.0002958650062639,-0.0005449915271506,-2.409061984207283e-05,-4.094455423743473e-06,0.0002347461627265,-1.2429193621369024,0.8930512250150123,0.8985024958402662,-1.093108583174859,-0.0458346404866308,-2.312629373716617,0.9896284874432384,,0.0014166666666666,0.0063301758830865,0.0019927126720275,-0.0017125316729306,-0.0022885776782914,2,7,7,280491,600,300,-0.0001403003626159,288,-0.000533560075399,274,0.0004854500279096,311,-0.0014205419158767,327,-0.0002695151592214,326,0.0002025473307041,336,-0.0003363942785616,1,11,signflip_day_realtiming_negative
N07_ICHI_CMO,5m,16,is,fingrad_exact,False,False,25481,12816,12665,-2.2189616341045343e-05,-0.0001139152817244,7.062965942315702e-05,4.138048165350536e-06,7.69849390404232e-05,-0.3419846119845827,0.6338187636460406,0.6306156405990017,-0.3409505115264458,-0.0046083370567761,-0.7910241725160775,0.7855350570772432,,0.0014166666666666,0.0063301758830865,0.0019927126720275,-0.0014388562830077,-0.0020149022883685,3,7,7,280491,600,3764,-4.261501877170775e-05,3756,-1.6230710115518385e-05,3314,0.0002072480819518,3663,-0.0002094062188313,3817,7.510106915871094e-05,3642,-0.0002311894083205,3525,8.270006921421333e-05,1,11,signflip_day_realtiming_negative
N08_ICHI_WR,5m,16,is,fingrad_exact,False,False,3666,1816,1850,0.0001465778227508,1.3245000344799526e-05,0.0002774602040964,-8.183604777933605e-06,0.0001841346955077,0.8404794495791726,0.2003198096059627,0.1880199667221297,0.8719227814736136,0.0024902516512125,0.1486713846228148,0.4409064710097102,,0.0014166666666666,0.0063301758830865,0.0019927126720275,-0.0012700888439158,-0.0018461348492766,5,7,7,280491,600,527,2.552064173947164e-05,507,0.0001452786971966,435,0.0007379941772803,548,-0.0002586759664415,538,-0.0001598144958986,490,5.469663744304721e-05,621,0.000531649644877,1,11,signflip_day_realtiming_negative
N09_ALLIG_AROON,5m,16,is,fingrad_exact,False,False,27808,13944,13864,0.0001046565681935,0.0001936145618056,1.5185256672526525e-05,3.4279587716751315e-06,6.362477850007426e-05,1.591024940412848,0.0558019815174342,0.0532445923460898,1.6600259033767677,0.0082578320355343,1.357170822032621,0.0873634697445058,,0.0014166666666666,0.0063301758830865,0.0019927126720275,-0.0013120100984731,-0.001888056103834,6,7,7,280491,600,4089,0.0001615064015944,3988,0.0003315239358795,3500,-3.047968107397476e-06,3956,0.0001102590959799,4027,2.415368400648889e-05,4139,8.61754987898679e-05,4109,1.1756715894916628e-05,1,11,signflip_day_realtiming_negative
N10_HA_PSAR,5m,16,is,fingrad_exact,False,False,82683,41204,41479,-2.5308420931986684e-05,7.375315334809667e-05,-0.0001237132307547,4.3204052865189215e-08,3.9984189588087e-05,-0.6340412359490515,0.7369730443475848,0.7587354409317804,-0.6831353730385097,-0.001277818487769,-0.36492487381956,0.6424162568848222,,0.0014166666666666,0.0063301758830865,0.0019927126720275,-0.0014419750875986,-0.0020180210929595,3,7,7,280491,600,7987,-2.151781891973572e-05,9410,-1.6779880694064486e-05,11411,3.7746290614798754e-05,14738,5.272509451943595e-05,11386,-0.0001723366542891,11949,2.015133626002934e-05,15802,-7.905095603999151e-05,1,11,signflip_day_realtiming_negative
N12_ICHI_AO,5m,16,is,fingrad_exact,False,False,28946,14389,14557,6.394476117864961e-05,7.31451147660501e-05,5.485058739496438e-05,3.470153350596688e-06,7.48682745500674e-05,0.8077467818175927,0.2096181833890644,0.1863560732113144,1.009387914191796,1.9347118119524676e-05,-0.0200139282164432,0.507983869159358,,0.0014166666666666,0.0063301758830865,0.0019927126720275,-0.001352721905488,-0.0019287679108488,4,7,7,280491,600,4190,9.0966375796619e-05,4264,0.0001867107944735,3866,0.0001986400382907,4157,0.0001702520726715,4157,-4.96652285108704e-05,4119,-7.954701412315503e-05,4193,-6.389378325308611e-05,1,11,signflip_day_realtiming_negative
N14_ICHI_RSI,5m,16,is,fingrad_exact,False,False,3,2,1,-0.0005524181626082,0.0016784762158904,-0.0050142069196055,2.785568623496968e-05,0.0049619653256219,-0.116944357883122,0.5465479266097052,0.562396006655574,-0.2130577864787339,-0.0774472865753414,-0.1685479533018745,0.5669238890264091,,0.0014166666666666,0.0063301758830865,0.0019927126720275,-0.0019690848292748,-0.0025451308346357,0,0,7,280491,600,1,-0.0006100402332558,1,0.0039669926650367,0,,0,,0,,1,-0.0050142069196055,0,,1,11,signflip_day_realtiming_negative
N17_KC_RSI,5m,16,is,fingrad_exact,False,False,221355,110837,110518,-5.2989097417270245e-05,0.0001338435213726,-0.0002403609913062,-1.1681949572100791e-06,8.411241259473848e-05,-0.6160910246355452,0.7310827772728954,0.7337770382695508,-1.8370381105558315,-0.0020252347064229,-0.2395474412879362,0.5946594429008213,,0.0014166666666666,0.0063301758830865,0.0019927126720275,-0.0014696557640839,-0.0020457017694448,3,7,7,280491,600,29749,8.169831039029835e-05,33445,7.409055007017763e-05,31285,9.861413134463156e-05,29183,-5.363412493630834e-05,28821,-0.000338128735833,32644,-0.0001573042458173,36228,-9.04685181874396e-05,1,11,signflip_day_realtiming_negative
N18_VWMA_MACD,5m,16,is,fingrad_exact,False,False,201521,99785,101736,4.04493109871728e-05,7.908721531916516e-05,2.5523690613268923e-06,1.347713538175409e-06,5.317328523159867e-05,0.7353617004984476,0.2310596202484579,0.2279534109816971,1.6831638868142371,-0.000415981536894,-0.0595729430072422,0.5237521157820133,,0.0014166666666666,0.0063301758830865,0.0019927126720275,-0.0013762173556794,-0.0019522633610403,5,7,7,280491,600,29430,2.594708332085362e-05,28934,8.624053347008427e-05,26666,2.1859621640388337e-05,29922,0.0002095587970216,28882,-3.9948194697444735e-05,29101,-6.99188531736989e-05,28586,4.29456605403482e-05,1,11,signflip_day_realtiming_negative
N22_VORTEX_PSAR,5m,16,is,fingrad_exact,False,False,153191,76964,76227,4.434600338025454e-05,6.843040755281895e-05,2.002873938275697e-05,3.454996027065994e-07,3.046447231042799e-05,1.4443218753041247,0.0743242275960037,0.0665557404326123,1.697976514254805,0.0023493169564648,0.8430719179125582,0.1995941115991974,,0.0014166666666666,0.0063301758830865,0.0019927126720275,-0.0013723206632864,-0.0019483666686472,6,7,7,280491,600,22113,1.4253921048897506e-05,22412,-1.9147835652157345e-06,20262,7.029645349745735e-05,22065,3.61871184948132e-06,22029,0.0001402642374706,22420,5.3541926967935416e-05,21890,3.3195124227888586e-05,1,11,signflip_day_realtiming_negative
N23_HA_ST,5m,16,is,fingrad_exact,False,False,219947,109266,110681,-2.570660635038512e-05,3.951648674820474e-05,-9.009585554862618e-05,1.585373029944788e-06,4.262100618178364e-05,-0.6403410389685871,0.7390245471068343,0.7587354409317804,-1.0817407852459218,-0.0033416660411835,-0.9357971110444931,0.8253111703882345,,0.0014166666666666,0.0063301758830865,0.0019927126720275,-0.001442373273017,-0.0020184192783779,3,7,7,280491,600,25623,-6.970762338934701e-05,28892,-5.363809135652903e-05,30630,-3.712432262257607e-05,34543,7.82839755957828e-06,31208,7.501413345570514e-06,32300,-7.442227911697607e-05,36751,1.9541683095662017e-05,1,11,signflip_day_realtiming_negative
N24_DMI,5m,16,is,fingrad_exact,False,False,88141,43727,44414,0.0001138059972241,0.0001298487833213,9.8011362476722e-05,2.5481177938450376e-07,5.383276318378238e-05,2.1093322863091664,0.017457954906902,0.0249584026622296,3.342343666789049,0.0120875253907846,2.6921834724357088,0.0035492941075145,,0.0014166666666666,0.0063301758830865,0.0019927126720275,-0.0013028606694424,-0.0018789066748033,6,7,7,280491,600,12289,7.739100897539819e-05,11992,6.66564753828927e-05,11736,0.0004441738637143,13113,-8.233127557033861e-05,12281,0.0002279117783064,13103,8.657060460920738e-05,13627,1.5706920794843597e-05,1,11,signflip_day_realtiming_negative
N25_DST_CCI,5m,16,is,fingrad_exact,False,False,98093,49441,48652,-6.76008069097759e-05,-8.913601859431399e-05,-4.5716354042571065e-05,-8.983499944478155e-07,5.381147002709053e-05,-1.2395583484663732,0.8924306027248767,0.9118136439267888,-2.242591634184406,-0.005182528256394,-1.183124572929307,0.8816201097822982,,0.0014166666666666,0.0063301758830865,0.0019927126720275,-0.0014842674735764,-0.0020603134789373,0,7,7,280491,600,14387,-0.0001544133821179,14303,-0.0001071623812243,12565,-1.2983970759229172e-05,14519,-1.6873516628288377e-05,14405,-9.236902955155746e-05,14515,-4.841005451269169e-05,13399,-3.2502357829765914e-05,1,11,signflip_day_realtiming_negative
S1_EMA_RSI_CHOP,5m,16,is,fingrad_approx,True,False,256,137,119,-0.0005028226414169,0.0001007166752001,-0.001197653619371,-4.3940663985737015e-05,0.0007165490862268,-0.6404055022210738,0.73904549667087,0.7254575707154742,-0.613757261583226,-0.0544427382188026,-0.8542786421187544,0.8035246908916733,,0.0014166666666666,0.0063301758830865,0.0019927126720275,-0.0019194893080835,-0.0024955353134444,2,7,7,280491,600,60,-0.001137638200762,46,-0.0005311030958199,27,-0.0027730022902218,25,0.0028149769972034,25,0.0035554263144376,27,-0.0006662124098872,46,-0.0022268445138558,1,11,signflip_day_realtiming_negative
S3_CMO_SANDWICH,5m,16,is,fingrad_approx,True,False,14975,7505,7470,-6.883241462256921e-05,-8.65302339286386e-05,-5.105167380703364e-05,-3.990662452862254e-06,9.072068835778886e-05,-0.7147405221836585,0.7626153032649416,0.7587354409317804,-0.8510125420899262,-0.0038505763654494,-0.4642759691956236,0.6787749806569436,,0.0014166666666666,0.0063301758830865,0.0019927126720275,-0.0014854990812892,-0.0020615450866501,0,7,7,280491,600,2421,-8.808103215777762e-05,2372,-3.7810071472468174e-05,1838,-2.7149840139662023e-05,2085,-5.804966351250437e-05,2065,-3.756718417853977e-06,2169,-4.419372419442436e-05,2025,-0.0002238454195928,1,11,signflip_day_realtiming_negative
S4_BB_BBP,5m,16,is,fingrad_approx,True,False,64697,31911,32786,3.624684235807565e-05,8.340540220750467e-05,-9.653139443764448e-06,3.506730955475875e-06,5.711481765945506e-05,0.5732332299091184,0.2832433938232016,0.2895174708818636,0.9023515157806756,0.0031730575024757,0.6676825160811002,0.2521681363933475,,0.0014166666666666,0.0063301758830865,0.0019927126720275,-0.0013804198243085,-0.0019564658296694,4,7,7,280491,600,9230,2.09952161622022e-05,9426,9.474212989314168e-05,8674,-7.99690556620567e-05,9479,0.0001347669810827,9193,0.0001689445447045,9437,-7.641246126877029e-05,9258,-1.7019942628590266e-05,1,11,signflip_day_realtiming_negative
N04_ST_KLINGER,5m,16,is,fingrad_approx,True,False,171544,85160,86384,2.198611298148288e-05,0.000139846908196,-9.420467837424452e-05,1.830127947499968e-06,4.443964988498204e-05,0.4535585920715014,0.3250732813054556,0.3294509151414309,0.8460899991505851,-0.0024088605464521,-0.6529500050856434,0.7431057450314164,,0.0014166666666666,0.0063301758830865,0.0019927126720275,-0.0013946805536851,-0.001970726559046,4,7,7,280491,600,26078,-1.2454186126440574e-05,26429,-1.4897884149497336e-05,23197,2.6845841297934165e-05,22464,7.01351994970771e-05,24038,7.141356590882925e-05,25483,-1.533676233224415e-05,23855,4.049589295298693e-05,1,11,signflip_day_realtiming_negative
N05_PSAR_POC,5m,16,is,fingrad_approx,True,False,15393,7744,7649,0.0001192096330156,-0.0001061399164411,0.0003473580067891,4.330994214102245e-06,8.822646994526443e-05,1.3020881247186715,0.0964431311009794,0.103161397670549,1.4601081527206636,0.008707146220333,1.1648026447834152,0.122049444041581,,0.0014166666666666,0.0063301758830865,0.0019927126720275,-0.0012974570336509,-0.0018735030390118,4,7,7,280491,600,2912,0.0001289649592171,2620,-5.024013535390526e-05,1851,0.0001625977730435,2016,0.0006621103522731,2025,0.0001006500189428,2118,-1.6246362536779795e-05,1851,-0.0001156738877338,1,11,signflip_day_realtiming_negative
N06_MACD_ORB,5m,16,is,fingrad_approx,True,False,8027,4001,4026,0.0001311661357939,0.0001890475740055,7.364412032325718e-05,1.1959892845387178e-06,0.0001321393546059,0.9835839360424138,0.1626600633530412,0.1447587354409318,1.136619094732275,0.0059315815512136,0.5472560395536104,0.2921014204237442,,0.0014166666666666,0.0063301758830865,0.0019927126720275,-0.0012855005308727,-0.0018615465362336,4,7,7,280491,600,1331,-9.768275893259683e-06,1167,0.0001811061110521,1038,-3.599811315044571e-05,1139,0.0005414790884295,1161,0.0001014144732754,1179,0.0002091856213161,1012,-8.817131980420691e-05,1,11,signflip_day_realtiming_negative
N11_BREAKAWAY,5m,16,is,fingrad_approx,True,False,774,389,385,-0.0003500332735074,1.847397307773236e-05,-0.0007223691668103,7.571890753696025e-06,0.000392193157582,-0.9118087792907812,0.8190653060034113,0.8219633943427621,-0.8340055069256365,-0.0009499940685982,-0.0653961495906345,0.5260707051495326,,0.0014166666666666,0.0063301758830865,0.0019927126720275,-0.001766699940174,-0.0023427459455349,3,7,7,280491,600,82,0.0001465558955412,94,-0.0003798895727422,123,0.0003163630075619,120,0.0001246166266971,102,-0.0007895929236963,100,-0.0012302583537162,153,-0.000637490515271,1,11,signflip_day_realtiming_negative
N13_3OUTSIDE,5m,16,is,fingrad_approx,True,False,15365,7760,7605,6.120284132430207e-05,1.1587996238949242e-05,0.0001118289028446,-5.211017548824916e-06,8.78673954469563e-05,0.7558418971599042,0.2248719967483088,0.2262895174708818,0.7232309837799462,0.0032841818796402,0.511217739323272,0.3045992992385152,,0.0014166666666666,0.0063301758830865,0.0019927126720275,-0.0013554638253423,-0.0019315098307032,3,7,7,280491,600,1805,-5.556661370706916e-05,2151,0.000282277254509,2149,-2.8072722111724405e-05,2248,0.0003901823511215,2056,-9.572186941281592e-05,2414,-0.000133663060978,2542,5.356654895777778e-05,1,11,signflip_day_realtiming_negative
N15_KC_AO,5m,16,is,fingrad_approx,True,False,136,64,72,0.0034035616564875,0.005395054822637,0.0016333455087991,-8.743581925623808e-06,0.0009551354298554,3.5725878569176217,0.0001767354189217,0.0016638935108153,1.9534984487733675,0.1292512211531374,1.5473698553771096,0.0608870429308138,,0.0014166666666666,0.0063301758830865,0.0019927126720275,0.0019868949898209,0.00141084898446,4,6,7,280491,600,26,5.165298364990544e-05,27,0.0057908434272558,5,0.0152986556066426,18,0.0077807180608889,15,0.0086862516116524,20,-0.0009546171353076,25,-0.0009023599770536,1,11,signflip_day_realtiming_negative
N16_BBRSI,5m,16,is,fingrad_approx,True,False,22859,11508,11351,6.104988373279952e-05,9.270382126862488e-05,2.895812854274769e-05,1.8134645151073733e-06,7.604287825716463e-05,0.7789870738107023,0.2179936646035096,0.1996672212978369,0.8507373044730052,0.0039956579074223,0.5539393476911054,0.2898101776761338,,0.0014166666666666,0.0063301758830865,0.0019927126720275,-0.0013556167829338,-0.0019316627882947,3,7,7,280491,600,3626,-4.810782534620561e-05,3549,-1.7924790606716836e-05,2826,0.0004733699106796,3105,-0.0003699416425609,2970,0.0004200437940901,3302,-0.0002038265878641,3481,0.0002499351065978,1,11,signflip_day_realtiming_negative
N19_FIB_CHOP,5m,16,is,fingrad_approx,True,False,15484,7717,7767,-2.2597845594405363e-05,0.000394111923651,-0.0004366250490535,5.129945292752147e-06,0.0001307034507713,-0.2121427607574408,0.5840021697167461,0.589018302828619,-0.2224813483555234,0.0049465029892253,0.46847863112461,0.3197211744132568,,0.0014166666666666,0.0063301758830865,0.0019927126720275,-0.001439264512261,-0.0020153105176219,3,7,7,280491,600,1927,8.075638639137815e-05,2010,-9.897396105487642e-05,1870,0.0003606028303575,2475,-0.0003603311424437,2419,0.0003304352164689,2116,-0.000343269189636,2667,-6.0764092474183885e-05,1,11,signflip_day_realtiming_negative
N20_EMA9_CHOP,5m,16,is,fingrad_approx,True,False,95158,47080,48078,1.0563140987056469e-05,-8.426784958045068e-05,0.0001034256360142,-2.549380686163042e-06,6.886374347288053e-05,0.1904125598165223,0.4244929282053602,0.4209650582362729,0.3382503508855806,0.009420988223018,1.682051817539378,0.0462793961673352,,0.0014166666666666,0.0063301758830865,0.0019927126720275,-0.0014061035256796,-0.0019821495310404,4,7,7,280491,600,13140,9.838289643753727e-06,12737,-5.591769291585242e-05,12509,0.0001745606877614,14507,-8.956034178089596e-05,13401,9.926055323543742e-05,14117,0.0001117116830738,14747,-0.0001494159062899,1,11,signflip_day_realtiming_negative
V39_ALL,5m,16,is,pine,False,False,66845,33384,33461,-0.0001557402627009,-0.0001604325402688,-0.0001510587829386,-4.488758832284856e-07,6.540411870796692e-05,-2.374336507936186,0.9912097400042706,0.9900166389351082,-3.9298943459395033,-0.0123465807754691,-2.2466964906416527,0.9876702846546992,,0.0014166666666666,0.0063301758830865,0.0019927126720275,-0.0015724069293676,-0.0021484529347284,0,7,7,280491,600,10051,-0.0001939391647664,10486,-0.0001084164522113,8927,-0.0002470107417594,9008,-5.594842993099393e-05,9750,-0.0002191359778675,9891,-0.0001803205476901,8732,-7.960899305683455e-05,1,11,signflip_day_realtiming_negative
OBV_S,5m,16,is,pine,False,False,25300,12732,12568,0.0001142587554845,0.0001120054722436,0.0001165414418486,-3.676252045193653e-07,8.197342716141187e-05,1.3983358346528931,0.0810061208674562,0.086522462562396,1.7774162391894377,0.0116117063805877,1.652101475357981,0.0492569331305257,,0.0014166666666666,0.0063301758830865,0.0019927126720275,-0.001302407911182,-0.0018784539165429,7,7,7,280491,600,3854,4.215208994473548e-05,3619,8.32406797916664e-05,3048,0.0002669726273148,3760,2.45928983121494e-05,3626,4.813079214449629e-05,3686,0.0002067068668329,3707,0.0001576473455019,1,11,signflip_day_realtiming_negative
OBV_B,5m,16,is,pine,False,False,66932,33349,33583,8.649827173065538e-07,1.1527227170079892e-05,-9.722969230272224e-06,5.592838823416417e-07,4.843277599147731e-05,0.0063118173325168,0.4974819659192421,0.4908485856905158,0.0212882822439319,0.0017789938156461,0.4356672022337506,0.331539102554399,,0.0014166666666666,0.0063301758830865,0.0019927126720275,-0.0014158016839493,-0.0019918476893102,3,7,7,280491,600,10270,-7.537065822296248e-05,10071,0.0001295425889488,8876,9.693120840521702e-05,9134,-0.0001286937810598,9551,4.231754967519198e-05,9873,-4.931638165936048e-05,9157,-8.170625810661614e-06,1,11,signflip_day_realtiming_negative
V45_AMB,5m,16,is,v45,False,True,30610,15465,15145,1.9801820436898827e-05,1.3633766928494808e-05,2.6100199275292232e-05,-2.0627814612511643e-06,9.6966207887624e-05,0.2254868203517796,0.41080028861318,0.4193011647254576,0.3851041983617594,0.0032550734601724,0.3750840327457121,0.3537989858151108,,0.0014166666666666,0.0063301758830865,0.0019927126720275,-0.0013968648462297,-0.0019729108515906,5,7,7,280491,600,4378,3.3784448884423495e-05,4259,-3.906442545577095e-05,4053,6.38595031612015e-05,4686,4.891051956435707e-05,4583,0.0001175191050873,4517,-9.52885129821791e-05,4134,6.872686963656225e-06,1,11,signflip_day_realtiming_negative
DOGE_L,5m,16,is,doge,False,True,8556,4314,4242,-3.709344692819324e-05,-0.000293489334886,0.0002236542807121,5.414182067118459e-06,0.0001557358581198,-0.2729469597335043,0.607553006066545,0.6056572379367721,-0.2863600426425842,-0.0089576396575487,-0.695968985930226,0.7567758736796069,,0.0014166666666666,0.0063301758830865,0.0019927126720275,-0.0014537601135948,-0.0020298061189557,3,7,7,280491,600,1032,-0.0001124228117189,1178,0.0003509725293768,1229,-0.0002827846102755,1265,0.0001474082252372,1190,-0.000135015187591,1247,-0.0003777594959085,1415,0.0001258008592969,1,11,signflip_day_realtiming_negative
DOGE_S,5m,16,is,doge,False,True,8420,4279,4141,0.0001669141552064,0.0002466344272719,8.453718245390185e-05,-4.971145431975187e-06,0.0001647355797605,1.0434011941337131,0.1483812603590765,0.1497504159733777,1.1846730007954571,0.0173486285792978,1.3986424652531493,0.0809601126838169,,0.0014166666666666,0.0063301758830865,0.0019927126720275,-0.0012497525114602,-0.001825798516821,3,7,7,280491,600,933,-0.0003254932227561,1077,-0.0001171887910322,1229,0.0009349187509469,1277,0.0002572474988394,1224,0.0005584800359668,1229,-4.9358542549412255e-05,1451,-0.0001827177288424,1,11,signflip_day_realtiming_negative
S2_ST_ROC,5m,64,is,fingrad_exact,False,False,182716,91028,91688,5.952538748834975e-05,0.0002030544682116,-8.297052430036484e-05,3.304582640997777e-06,0.0001301806166346,0.4318677104222472,0.3329187820178875,0.3394342762063227,1.248475992283663,0.0015594009814105,0.2327315892116969,0.40798491900456,,0.0014666666666666,0.0127905695741504,0.0026306084979143,-0.0014071412791783,-0.002571083110426,4,7,7,280443,600,26932,-7.335328298800411e-05,26406,8.221438929868623e-05,23662,8.490615228579578e-05,26924,0.0004068789423863,25776,-0.0002438030239022,26413,-9.466269209167266e-05,26603,0.000244392458146,1,11,signflip_day_realtiming_negative
S5_DONCHIAN_MFI,5m,64,is,fingrad_exact,False,False,6674,3334,3340,-0.000257144048101,-7.1155086968513385e-06,-0.0005067234344404,2.563442611510772e-07,0.0002706163284466,-0.9511635674007424,0.8292393251363256,0.8236272878535774,-1.0628579080376952,-0.009046108244757,-0.8466749896739925,0.8014118485766175,,0.0014666666666666,0.0127905695741504,0.0026306084979143,-0.0017238107147677,-0.0028877525460154,4,7,7,280443,600,552,3.204444383298103e-05,615,0.000735283685184,710,3.531241973821963e-05,1690,0.0001675271586055,798,-0.000777750951917,847,-0.0011441151154204,1462,-0.0006187067921185,1,11,signflip_day_realtiming_negative
S6_EMA_DMI_ADX,5m,64,is,fingrad_exact,False,False,14518,7299,7219,-0.0001245884969254,-4.742696395828544e-05,-0.0002026051237613,8.798230315333218e-06,0.0001479747104555,-0.9014157002245328,0.8163163315969679,0.8153078202995009,-0.6829876039320883,-0.0024049749470002,-0.3981905284533725,0.6547551264185347,,0.0014666666666666,0.0127905695741504,0.0026306084979143,-0.0015912551635921,-0.0027551969948398,3,7,7,280443,600,2355,0.0002515299452766,2102,-0.0004327146561863,1957,-0.0003747734955658,2074,6.878827708212047e-06,1749,-0.0002782219068942,2036,-0.000250022705967,2245,9.944711557923994e-05,1,11,signflip_day_realtiming_negative
N01_ST_EMA,5m,64,is,fingrad_exact,False,False,66570,33163,33407,0.0002214597471887,0.000355184998451,8.871120623591025e-05,6.672950050122051e-06,0.0001497185128945,1.4346041313535869,0.0756999683328273,0.0665557404326123,2.782389755173823,0.0041099100643295,0.5772156934113808,0.2818968784744475,,0.0014666666666666,0.0127905695741504,0.0026306084979143,-0.0012452069194779,-0.0024091487507256,5,7,7,280443,600,10081,-9.559265041214984e-05,9864,0.0002895456513793,8577,0.000436430267512,9564,0.0006769689245412,9506,9.961976437192438e-05,9683,-2.084595108115396e-05,9295,0.0002030381107465,1,11,signflip_day_realtiming_negative
N02_ST_KST,5m,64,is,fingrad_exact,False,False,56124,27909,28215,0.0001769278251995,0.000373194146568,-1.7209930004042432e-05,4.146408886475153e-06,0.0001471952390682,1.173824760955454,0.1202326119779297,0.1164725457570715,1.9998615030210103,0.0059901197811965,0.914152448649142,0.1803183731332395,,0.0014666666666666,0.0127905695741504,0.0026306084979143,-0.001289738841467,-0.0024536806727147,5,7,7,280443,600,8381,-3.3886469289910453e-05,8173,0.0001693776728809,7409,0.0004738088952806,8136,0.0004723647414151,8120,3.5257555776771215e-05,8071,-2.3111246706752533e-05,7834,0.0001756709111743,1,11,signflip_day_realtiming_negative
N03_ADX_GC,5m,64,is,fingrad_exact,False,False,2162,1128,1034,-0.0007355206327197,-0.0016659543658123,0.0002794979851995,2.0211108806599463e-06,0.0004384557475568,-1.6821349650680704,0.9537286641978424,0.9500831946755408,-1.674675760794209,-0.0451883980310218,-2.5249019315116774,0.994213471013278,,0.0014666666666666,0.0127905695741504,0.0026306084979143,-0.0022021872993863,-0.003366129130634,1,7,7,280443,600,300,-0.0008520883579838,288,-0.000384932678134,274,-0.0010037579008073,311,-0.0010066717496303,327,0.0002409847835936,326,-0.000290562120019,336,-0.0018442937005801,1,11,signflip_day_realtiming_negative
N07_ICHI_CMO,5m,64,is,fingrad_exact,False,False,25479,12814,12665,-8.391361682604391e-06,0.0001556036464709,-0.0001743157228732,1.0509293193560409e-05,0.0001657813864967,-0.1140095114147981,0.5453848732044172,0.5324459234608985,-0.0662256631284253,-0.0035838387317223,-0.5603339376157113,0.7123741585182058,,0.0014666666666666,0.0127905695741504,0.0026306084979143,-0.0014750580283492,-0.0026389998595969,4,7,7,280443,600,3763,0.0001173660086603,3756,0.0001724992612285,3314,-0.0001506967359841,3662,-0.0001076975476826,3817,0.000173670401575,3642,6.595227281014323e-05,3525,-0.0003723857355449,1,11,signflip_day_realtiming_negative
N08_ICHI_WR,5m,64,is,fingrad_exact,False,False,3666,1816,1850,0.0002956421086529,0.0005694801682492,2.68367485303017e-05,-1.3810301348700744e-05,0.0003631600181498,0.8521103495317565,0.1970764241300981,0.1980033277870216,0.8860454606162204,-0.0093896834218544,-0.5635338416529596,0.7134642887280848,,0.0014666666666666,0.0127905695741504,0.0026306084979143,-0.0011710245580137,-0.0023349663892614,4,7,7,280443,600,527,-0.0001461234765107,507,-0.0006992242399787,435,0.0012766832441009,548,0.0008685574117057,538,-0.0007216113263009,490,0.000858668576446,621,0.000727037601296,1,11,signflip_day_realtiming_negative
N09_ALLIG_AROON,5m,64,is,fingrad_exact,False,False,27807,13944,13863,2.2515835629270383e-05,5.787828491647888e-05,-1.305323259988892e-05,8.735170478715546e-06,0.0001192098481224,0.1156000562671936,0.4539847591556981,0.4675540765391014,0.1853451533394625,0.0032698572021462,0.5639480639918771,0.2863947391137352,,0.0014666666666666,0.0127905695741504,0.0026306084979143,-0.0014441508310373,-0.002608092662285,4,7,7,280443,600,4089,7.10061551588339e-05,3988,0.0003292202653877,3499,2.671080543488523e-05,3956,0.0003059198883067,4027,-0.000216053540899,4139,-0.0002961640127756,4109,-4.501982812038363e-05,1,11,signflip_day_realtiming_negative
N10_HA_PSAR,5m,64,is,fingrad_exact,False,False,82675,41198,41477,-2.844684550704984e-05,0.0001979800816827,-0.0002533506848967,-1.20507177279145e-06,7.345464814028929e-05,-0.3708652130799125,0.6446310368504914,0.6189683860232945,-0.3869048439392686,-0.0003338838161175,-0.1230261557884099,0.5489568070145348,,0.0014666666666666,0.0127905695741504,0.0026306084979143,-0.0014951135121737,-0.0026590553434214,3,7,7,280443,600,7987,-0.0002184130028599,9409,-0.00035999222588,11410,3.4510503732536715e-05,14735,0.000391124861114,11385,-0.0003033499695754,11947,1.9884205672805906e-05,15802,-1.0196071561084124e-05,1,11,signflip_day_realtiming_negative
N12_ICHI_AO,5m,64,is,fingrad_exact,False,False,28942,14385,14557,-1.272944504877937e-05,0.0001797415685159,-0.0002029262939963,1.846683020408029e-07,0.0001474565747585,-0.0875790948756487,0.5348943909021143,0.5274542429284526,-0.103757472237935,0.0005010786759669,0.0716631162635388,0.4714350048092515,,0.0014666666666666,0.0127905695741504,0.0026306084979143,-0.0014793961117154,-0.0026433379429631,3,7,7,280443,600,4190,8.37694247400579e-05,4263,0.0005487811045886,3866,0.0005708961295801,4155,-0.000554939759369,4156,-0.0004060875164047,4119,-0.0002892743189187,4193,-1.9306567159156693e-05,1,11,signflip_day_realtiming_negative
N14_ICHI_RSI,5m,64,is,fingrad_exact,False,False,3,2,1,-0.0026607477812294,-0.0009825975200807,-0.0060170483035266,0.0010286042664352,0.0101687113592271,-0.3628141184592575,0.6416281277495363,0.6938435940099834,-1.1244092525588694,-0.4473836748275075,-0.9872531232858636,0.8382407175599651,,0.0014666666666666,0.0127905695741504,0.0026306084979143,-0.004127414447896,-0.0052913562791437,0,0,7,280443,600,1,-0.003872285504709,1,0.0019070904645475,0,,0,,0,,1,-0.0060170483035266,0,,1,11,signflip_day_realtiming_negative
N17_KC_RSI,5m,64,is,fingrad_exact,False,False,221303,110837,110466,0.0001257673080623,0.00046532760066,-0.0002149333975905,-4.442977620994412e-06,0.0002209625129268,0.5892867706771643,0.2778344589274035,0.2878535773710483,2.5279130795683384,0.0119113339332924,1.3102664884643664,0.0950528500022457,,0.0014666666666666,0.0127905695741504,0.0026306084979143,-0.0013408993586043,-0.0025048411898519,5,7,7,280443,600,29744,0.0004033513673638,33440,0.0005186316151969,31273,0.0002169519514126,29181,-0.0005581740107741,28817,6.445520444146584e-06,32636,0.0004448142438353,36212,-0.0001852149149316,1,11,signflip_day_realtiming_negative
N18_VWMA_MACD,5m,64,is,fingrad_exact,False,False,201475,99739,101736,0.0001329727942496,0.0003270219797066,-5.726735386196909e-05,2.3278514555230144e-06,0.0001429035269372,0.914217763509283,0.1803012160030738,0.173044925124792,2.822825389109507,0.0009262732885342,0.1217449361413807,0.4515505120077467,,0.0014666666666666,0.0127905695741504,0.0026306084979143,-0.0013336938724169,-0.0024976357036646,5,7,7,280443,600,29424,-9.79277126290182e-05,28922,0.0002346512246764,26663,0.0002613216455377,29911,0.0003083947388107,28876,0.0001385974249838,29095,-0.0001636597255537,28584,0.0002607424580664,1,11,signflip_day_realtiming_negative
N22_VORTEX_PSAR,5m,64,is,fingrad_exact,False,False,153163,76947,76216,-2.2839254324547403e-05,0.0001182663905962,-0.0001652982663393,2.3077189911037047e-06,4.564879714812948e-05,-0.5508792101147739,0.7091417599884303,0.7171381031613977,-0.4365029367291813,8.688013021080347e-05,0.0168254988621926,0.4932879138122241,,0.0014666666666666,0.0127905695741504,0.0026306084979143,-0.0014895059209912,-0.0026534477522389,2,7,7,280443,600,22110,3.119054264546671e-05,22410,-8.932271495717403e-05,20258,-1.0757921451333247e-05,22056,-6.300151743530271e-05,22027,-0.0001044519082421,22415,-2.4104576085766068e-05,21887,0.0001033733326318,1,11,signflip_day_realtiming_negative
N23_HA_ST,5m,64,is,fingrad_exact,False,False,219916,109243,110673,6.254407941367373e-05,0.0002934762447773,-0.0001654042236125,3.340629151956547e-06,0.0001409669287039,0.4199811317877736,0.3372496187291823,0.3161397670549085,1.380568603830702,-0.0007334903248932,-0.1724051514826045,0.5684404887384853,,0.0014666666666666,0.0127905695741504,0.0026306084979143,-0.0014041225872529,-0.0025680644185006,4,7,7,280443,600,25619,-0.0001358747397544,28891,3.4972039333638336e-06,30625,0.0002389959250332,34537,0.0002314006182111,31203,-4.3111608989646745e-06,32296,-0.0001478053640646,36745,0.0001831893004035,1,11,signflip_day_realtiming_negative
N24_DMI,5m,64,is,fingrad_exact,False,False,88138,43725,44413,0.0001487657521707,0.0003248902179713,-2.4630376600745665e-05,2.5899377210415875e-06,0.0001640947271732,0.8908014106716885,0.1865178591193044,0.1930116472545757,2.143792105766227,0.0099540443370594,1.4146982143966935,0.0785784990765609,,0.0014666666666666,0.0127905695741504,0.0026306084979143,-0.0013179009144958,-0.0024818427457435,6,7,7,280443,600,12288,-1.3600698975450712e-05,11992,3.215219775741e-05,11734,0.0002751013309062,13113,5.783054023455239e-05,12281,0.0002907271654953,13103,0.0003363590551425,13627,6.820049815825669e-05,1,11,signflip_day_realtiming_negative
N25_DST_CCI,5m,64,is,fingrad_exact,False,False,98071,49431,48640,3.740896830439492e-05,0.0001237914867563,-5.037833164623657e-05,1.2405275891564843e-05,0.0001415208224492,0.1766785408683738,0.429880448797405,0.43261231281198,0.5881440201515528,0.0025233772509957,0.293966603891057,0.3843917113348388,,0.0014666666666666,0.0127905695741504,0.0026306084979143,-0.0014292576983622,-0.0025931995296099,4,7,7,280443,600,14382,-7.04558755163283e-05,14297,5.142895128990284e-05,12563,9.307908195435896e-05,14517,0.0003170630364191,14404,5.1550971990052166e-05,14510,-5.7813980776796695e-05,13398,-0.0001290539132779,1,11,signflip_day_realtiming_negative
S1_EMA_RSI_CHOP,5m,64,is,fingrad_approx,True,False,256,137,119,-0.0031270631315078,-0.0027887371814223,-0.0035165644353878,-7.881060434352204e-06,0.0014120616933717,-2.208955944145401,0.9864111473119688,0.9900166389351082,-2.5788133654200043,-0.1595783151662907,-2.539846533224039,0.9944549440059868,,0.0014666666666666,0.0127905695741504,0.0026306084979143,-0.0045937297981745,-0.0057576716294222,3,7,7,280443,600,60,-0.006942106875946,46,-0.0030389359351906,27,-0.0076010215013722,25,0.0009052076702895,25,0.0036779338406597,27,0.0014052657319526,46,-0.0041631266976061,1,11,signflip_day_realtiming_negative
S3_CMO_SANDWICH,5m,64,is,fingrad_approx,True,False,14975,7505,7470,7.248077907286306e-05,0.0001825537626982,-3.810794142355784e-05,-6.290215829689439e-06,0.0001748427657695,0.4505247589503302,0.3261660528822344,0.3128119800332778,0.4298069465622546,0.0009389094563024,0.1915181864381895,0.4240598167651814,,0.0014666666666666,0.0127905695741504,0.0026306084979143,-0.0013941858875938,-0.0025581277188414,4,7,7,280443,600,2421,3.6025582730420065e-05,2372,2.847456760630156e-05,1838,0.0012541634143297,2085,0.0002354914136274,2065,-8.591587299385652e-05,2169,-0.0006536407056033,2025,-0.0001335056436058,1,11,signflip_day_realtiming_negative
S4_BB_BBP,5m,64,is,fingrad_approx,True,False,64694,31908,32786,0.0001878027195568,0.0004572623157507,-7.444082327710389e-05,-1.792015233983755e-06,0.0001100658949862,1.7225566086072883,0.0424843687541695,0.0565723793677204,2.3399452720102296,0.0071113958081374,1.4415911993234505,0.0747088663098863,,0.0014666666666666,0.0127905695741504,0.0026306084979143,-0.0012788639471097,-0.0024428057783574,6,7,7,280443,600,9230,8.125231243392604e-05,9426,0.0001827249945546,8673,-8.817576044171578e-05,9478,0.0002865950102878,9193,0.0003750852634869,9436,0.0002009723492928,9258,0.0002572101365538,1,11,signflip_day_realtiming_negative
N04_ST_KLINGER,5m,64,is,fingrad_approx,True,False,171516,85141,86375,7.134277724981472e-05,0.0003107353767224,-0.0001646297299768,4.001713950838523e-06,0.0001400758482917,0.4807471389266807,0.315348111974884,0.3261231281198003,1.410962664864738,-0.0014683082793731,-0.277452352897396,0.6092836065000675,,0.0014666666666666,0.0127905695741504,0.0026306084979143,-0.0013953238894168,-0.0025592657206645,4,7,7,280443,600,26074,-1.706780600093294e-05,26426,4.464868135099786e-05,23193,0.0001775021922076,22460,0.0004002566406509,24034,0.0001317606881303,25478,-0.0001835635875718,23851,-3.979207756405028e-06,1,11,signflip_day_realtiming_negative
N05_PSAR_POC,5m,64,is,fingrad_approx,True,False,15392,7743,7649,-0.0002975953597592,-2.44169156142563e-05,-0.0005741309451972,-4.810071952039837e-07,0.0001643264781708,-1.80807351238458,0.9647024699845884,0.961730449251248,-1.796970696996907,-0.0099570959092509,-1.39968709087569,0.9191964794132444,,0.0014666666666666,0.0127905695741504,0.0026306084979143,-0.0017642620264259,-0.0029282038576736,2,7,7,280443,600,2912,0.0003124889385525,2620,-0.0004009974078414,1851,-0.0008085505169787,2015,0.0002236955016223,2025,-0.0007264649303695,2118,-0.0001665468990565,1851,-0.0008483111672483,1,11,signflip_day_realtiming_negative
N06_MACD_ORB,5m,64,is,fingrad_approx,True,False,8025,3999,4026,8.722390517947826e-05,0.0005183402793754,-0.0003410012265665,8.214645469482168e-07,0.0002942296853152,0.2936564355834965,0.3845102233010699,0.3826955074875208,0.4127750318957294,-0.0059033086587258,-0.4616398794586632,0.6778302043782343,,0.0014666666666666,0.0127905695741504,0.0026306084979143,-0.0013794427614871,-0.0025433845927348,4,7,7,280443,600,1331,-0.0001508825917686,1167,0.0003100583791564,1038,0.0014055154921399,1139,-0.0005696660368239,1161,-0.0013643504518795,1177,0.0004894416613046,1012,0.0007280840065331,1,11,signflip_day_realtiming_negative
N11_BREAKAWAY,5m,64,is,fingrad_approx,True,False,773,389,384,-0.0007268633843849,-0.0007589957084776,-0.0006943126706557,-5.131977924906874e-05,0.0007722994865095,-0.8747171491581596,0.8091360866399395,0.8136439267886856,-0.9049209450354128,-0.010490060167066,-0.2599840212854978,0.6025619504645148,,0.0014666666666666,0.0127905695741504,0.0026306084979143,-0.0021935300510516,-0.0033574718822993,3,7,7,280443,600,82,0.0022565623721755,94,-0.001336683589088,123,-0.0006163606795201,120,-0.0020428179639003,102,0.0005086465974928,100,0.000116134588288,152,-0.0023934220118273,1,11,signflip_day_realtiming_negative
N13_3OUTSIDE,5m,64,is,fingrad_approx,True,False,15365,7760,7605,-2.118158848235389e-05,5.552028489525621e-07,-4.336140448905177e-05,-4.819114117342993e-06,0.0001746292855028,-0.0936983411338651,0.5373256059675645,0.5540765391014975,-0.1272478543637961,-0.0040037458891871,-0.5809661621048056,0.7193683702753851,,0.0014666666666666,0.0127905695741504,0.0026306084979143,-0.001487848255149,-0.0026517900863967,4,7,7,280443,600,1805,-0.0004082789894184,2151,0.0001154727411992,2149,0.0001714443554434,2248,0.0008340253545122,2056,0.0004140782400949,2414,-0.0006477826276519,2542,-0.0005380857249116,1,11,signflip_day_realtiming_negative
N15_KC_AO,5m,64,is,fingrad_approx,True,False,136,64,72,0.004356840699792,0.0089340261411972,0.000288231418543,3.1928269441688284e-05,0.0018472395840144,2.3412839719206318,0.0096087719427448,0.0149750415973377,1.673016357074283,0.0661543266651751,0.7919755568614287,0.214187464391781,,0.0014666666666666,0.0127905695741504,0.0026306084979143,0.0028901740331254,0.0017262322018777,4,6,7,280443,600,26,0.0016756394193376,27,0.0097988093699052,5,0.0352242096291156,18,0.0081318886336869,15,0.0066798769668627,20,-0.0051876689656352,25,-0.001381758458427,1,11,signflip_day_realtiming_negative
N16_BBRSI,5m,64,is,fingrad_approx,True,False,22857,11508,11349,0.0003202455087539,0.0003212725299421,0.0003192040989527,-2.344622556526109e-07,0.0001529308884224,2.0955869302498584,0.0180594248082858,0.0149750415973377,2.310676075891434,0.0146460952769932,2.314769488499878,0.0103127752830193,,0.0014666666666666,0.0127905695741504,0.0026306084979143,-0.0011464211579127,-0.0023103629891604,5,7,7,280443,600,3625,0.0004066871111508,3549,0.0004976215503295,2826,0.0003208711652792,3105,-0.0003239135916654,2969,0.001025782081266,3302,-0.0001586375726922,3481,0.0004759540328469,1,11,signflip_day_realtiming_negative
N19_FIB_CHOP,5m,64,is,fingrad_approx,True,False,15481,7714,7767,0.0003458771261286,0.0011832244559975,-0.0004857563620403,-6.184728069715663e-06,0.0003239293138692,1.0868477755011892,0.1385520448558052,0.1264559068219634,1.952145146715708,0.0171442300661229,1.2939430824055864,0.0978425408548303,,0.0014666666666666,0.0127905695741504,0.0026306084979143,-0.0011207895405379,-0.0022847313717856,5,7,7,280443,600,1927,9.29994592602956e-05,2009,0.0008090178829758,1870,0.0010360972576872,2475,-0.0001745694567293,2418,0.0009991976181087,2116,-0.0004452804007471,2666,0.0002140689893582,1,11,signflip_day_realtiming_negative
N20_EMA9_CHOP,5m,64,is,fingrad_approx,True,False,95158,47080,48078,0.0001212457758054,0.0002555405084044,-1.0261275460550766e-05,6.008152143794941e-06,0.0002266420287539,0.5084565483956229,0.3055666020930667,0.3078202995008319,1.867824138705412,0.0134374052740511,1.393126027186158,0.0817908419162065,,0.0014666666666666,0.0127905695741504,0.0026306084979143,-0.0013454208908612,-0.0025093627221089,6,7,7,280443,600,13140,0.0001074578464883,12737,0.0001757369186642,12509,9.530987078526032e-05,14507,8.259538622758825e-06,13401,0.0003385965105274,14117,0.000277784103734,14747,-0.0001277489680774,1,11,signflip_day_realtiming_negative
V39_ALL,5m,64,is,pine,False,False,66837,33377,33460,-0.0001129137224081,-2.8591421665062897e-05,-0.0001970268554595,2.5776818984826674e-06,0.0001712285981095,-0.6744866545756925,0.7499990162833354,0.7420965058236273,-1.431624188228943,-0.0037432905317157,-0.5390170584041394,0.7050624579147212,,0.0014666666666666,0.0127905695741504,0.0026306084979143,-0.0015795803890747,-0.0027435222203224,4,7,7,280443,600,10051,-0.0001122353828297,10485,0.0002450859061478,8923,0.000128070767167,9007,0.0001939277808457,9749,-0.0005842718108788,9890,-0.0006252190356895,8732,1.7599770827202417e-07,1,11,signflip_day_realtiming_negative
OBV_S,5m,64,is,pine,False,False,25297,12730,12567,0.0001883673595535,0.0003448339327911,2.9871340033114945e-05,8.208663213555743e-06,0.0001698527219722,1.0606759447129577,0.1444185978505556,0.1314475873544093,1.5145368471341871,0.0036023911785787,0.4438685201992693,0.32856882265911,,0.0014666666666666,0.0127905695741504,0.0026306084979143,-0.001278299307113,-0.0024422411383607,5,7,7,280443,600,3854,-0.0001024891794059,3619,0.0003181011346861,3048,0.0002455089940036,3757,-0.0004946799496124,3626,0.0004009435832296,3686,0.0006884799460607,3707,0.0003041696867086,1,11,signflip_day_realtiming_negative
OBV_B,5m,64,is,pine,False,False,66927,33346,33581,-3.41502657550323e-05,0.000148933464281,-0.0002159527749651,4.651193300688804e-06,9.095833292688416e-05,-0.426584984653481,0.6651591818720815,0.6655574043261231,-0.4204554777510595,-0.0037038590792789,-0.96061344755738,0.831626717683611,,0.0014666666666666,0.0127905695741504,0.0026306084979143,-0.0015008169324216,-0.0026647587636693,3,7,7,280443,600,10268,-0.0001398348170774,10070,0.0002281906679965,8875,1.084355521899105e-05,9133,-0.0002997813569239,9551,-4.124522563490926e-05,9873,1.4318308155577642e-05,9157,-2.767236947950009e-05,1,11,signflip_day_realtiming_negative
V45_AMB,5m,64,is,v45,False,True,30604,15465,15139,0.0001304155436043,0.0001929823992852,6.650138658566598e-05,5.438784742671021e-06,0.0002399620415146,0.5208188681542629,0.30124647890631,0.3061564059900166,1.2137183393792257,0.0075827855558794,0.6906041620135408,0.24490716561341,,0.0014666666666666,0.0127905695741504,0.0026306084979143,-0.0013362511230623,-0.00250019295431,5,7,7,280443,600,4374,9.354001172440708e-05,4257,6.063634608881338e-05,4053,0.0004089431519297,4686,0.0006492062365399,4583,0.0007778492518346,4517,-0.0003998499580932,4134,-0.0007582059796236,1,11,signflip_day_realtiming_negative
DOGE_L,5m,64,is,doge,False,True,8556,4314,4242,0.0004430644028865,0.000140427325138,0.0007508381778528,-1.1295807373199673e-05,0.0004116295849773,1.103808440505608,0.1348381213428345,0.1480865224625624,1.7745969466165432,-0.0013300548885649,-0.0794466532199578,0.5316613190102565,,0.0014666666666666,0.0127905695741504,0.0026306084979143,-0.00102360226378,-0.0021875440950277,6,7,7,280443,600,1032,0.0005654387130608,1178,0.0001803725731617,1229,0.0003082672579478,1265,0.0004239605894181,1190,0.0006239116323471,1247,-0.0003952300417663,1415,0.0012933383759659,1,11,signflip_day_realtiming_negative
DOGE_S,5m,64,is,doge,False,True,8420,4279,4141,0.0002533398903543,0.000621746470452,-0.0001273439435596,-8.049206888955292e-06,0.0004595813652066,0.5687547777873502,0.2847612839643135,0.259567387687188,0.9815311352076128,0.0262854977795229,1.33423565296311,0.0910633192229399,,0.0014666666666666,0.0127905695741504,0.0026306084979143,-0.0012133267763123,-0.0023772686075599,5,7,7,280443,600,933,-0.0003036558550707,1077,0.0008570660816943,1229,0.0013000726510933,1277,0.000316515047167,1224,4.512686967940783e-05,1229,0.0001980281673102,1451,-0.0005563186009359,1,11,signflip_day_realtiming_negative
S2_ST_ROC,5m,4,is,fingrad_exact,False,False,182739,91965,90774,-1.860171636974368e-06,-1.4950886475433232e-06,-2.2300446966943995e-06,9.596672681292104e-07,1.638789589153926e-05,-0.1720683926579863,0.5683081194403283,0.5856905158069884,-0.1512365794913022,0.0078679084827329,2.659892065640998,0.0039082848077509,,0.0014041666666666,0.003202487715711,0.0016955930487963,-0.0014060268383036,-0.0016974532204333,3,7,7,280503,600,26935,1.798049490000541e-05,26410,-2.6820834359705943e-05,23665,-7.19477858389229e-05,26929,-2.7672624428432625e-06,25778,1.6182393345116358e-05,26415,-1.1014281136274456e-05,26607,5.76939964409684e-05,3,11,signflip_day_realtiming_negative
S5_DONCHIAN_MFI,5m,4,is,fingrad_exact,False,False,6674,3380,3294,1.792740191616679e-05,-2.0278434924925103e-05,5.713071962196236e-05,3.602879596891277e-06,7.105699913113504e-05,0.2015919964877737,0.4201178513258293,0.4376039933444259,0.2315167356276596,0.017049543796001,1.327946858724668,0.0920978315460444,,0.0014041666666666,0.003202487715711,0.0016955930487963,-0.0013862392647504,-0.0016776656468802,4,7,7,280503,600,552,0.000276564892764,615,6.853518184886452e-05,710,0.0001400131185499,1690,-4.151962377367261e-05,798,0.0003137842493389,847,-0.0002332514661055,1462,-0.0001075529866131,3,11,signflip_day_realtiming_negative
S6_EMA_DMI_ADX,5m,4,is,fingrad_exact,False,False,14519,7212,7307,8.29514312689525e-05,7.695195188415974e-05,8.887291003221037e-05,2.449331359089829e-06,4.635489201808116e-05,1.7366473397988305,0.0412247190541226,0.043261231281198,1.7129637193645513,0.021282512649455,2.4332743606186056,0.0074814790993124,,0.0014041666666666,0.003202487715711,0.0016955930487963,-0.0013212152353977,-0.0016126416175274,6,7,7,280503,600,2356,1.4965333120305452e-05,2102,3.585947171887119e-05,1957,0.0002897470883054,2074,0.0002961145271541,1749,9.403044394373866e-06,2036,-0.0001118668336029,2245,5.517829115715807e-05,3,11,signflip_day_realtiming_negative
N01_ST_EMA,5m,4,is,fingrad_exact,False,False,66576,33515,33061,1.204827616025881e-06,-5.549442501719383e-06,8.051848667906724e-06,-9.318103712618477e-08,2.412545676665405e-05,0.0538024488284988,0.4785462792322513,0.4642262895174708,0.0608190501896075,0.0059560554416614,1.3448218142550634,0.0893413919492914,,0.0014041666666666,0.003202487715711,0.0016955930487963,-0.0014029618390506,-0.0016943882211803,3,7,7,280503,600,10082,-1.1913421853143832e-05,9865,4.13035747280879e-05,8578,-3.2260663727912115e-05,9565,-1.0704415990309614e-05,9507,2.049732683198458e-06,9683,-2.6537860257833783e-05,9296,4.404722057423907e-05,3,11,signflip_day_realtiming_negative
N02_ST_KST,5m,4,is,fingrad_exact,False,False,56137,28292,27845,-3.4660333903494715e-05,-1.5901368430094297e-05,-5.372043988925319e-05,-4.052128109152317e-07,2.5444063264798347e-05,-1.3462913032436592,0.910895705279686,0.9068219633943428,-1.4776997167431598,-0.0002593114107431,-0.1003296420680709,0.5399586873766389,,0.0014041666666666,0.003202487715711,0.0016955930487963,-0.0014388270005701,-0.0017302533826998,2,7,7,280503,600,8383,1.511362358335746e-05,8176,-5.280038735982939e-05,7410,-5.751943281369628e-05,8139,-4.804850474312183e-05,8121,-1.9273722121283587e-05,8073,-9.141058350734638e-05,7835,9.06657453346598e-06,3,11,signflip_day_realtiming_negative
N03_ADX_GC,5m,4,is,fingrad_exact,False,False,2162,1085,1077,1.4171937519130085e-05,-0.0001153309707657,0.0001446367986975,-9.800209536396244e-06,0.0001160099842994,0.2066386544252456,0.4181460349297453,0.4193011647254576,0.0884747919182184,0.0167594397817593,0.7773622561023809,0.2184725371252285,,0.0014041666666666,0.003202487715711,0.0016955930487963,-0.0013899947291475,-0.0016814211112772,4,7,7,280503,600,300,5.584143360614894e-05,288,0.0002376461296781,274,-0.0001398964867424,311,4.236582811183785e-05,327,-0.0002924324258494,326,-9.050230808894884e-05,336,0.000284911410719,3,11,signflip_day_realtiming_negative
N07_ICHI_CMO,5m,4,is,fingrad_exact,False,False,25481,12975,12506,-5.352969246589897e-05,-9.919967040920812e-05,-6.146999053581955e-06,9.846200484502043e-07,3.806159201484926e-05,-1.4322656943272654,0.9239661014868584,0.9217970049916804,-1.5847990574378652,-0.0040192626232166,-0.7282576704755538,0.7667720655193351,,0.0014041666666666,0.003202487715711,0.0016955930487963,-0.0014576963591325,-0.0017491227412622,3,7,7,280503,600,3764,4.257461552938903e-05,3756,8.721093761383308e-05,3314,-0.0003270945573526,3663,0.0001766925577812,3817,-7.289933905869618e-05,3642,-0.0001232742107069,3525,-0.0001951254614917,3,11,signflip_day_realtiming_negative
N08_ICHI_WR,5m,4,is,fingrad_exact,False,False,3666,1871,1795,-0.0001429289556752,-0.0001618947250412,-0.0001231601788041,8.832918383043319e-06,9.462767218947582e-05,-1.6037790061500306,0.9456186131355472,0.940099833610649,-1.720790966620109,-0.0101409132729717,-0.6616417669158889,0.7458995833703712,,0.0014041666666666,0.003202487715711,0.0016955930487963,-0.0015470956223419,-0.0018385220044716,3,7,7,280503,600,527,4.127894249250136e-05,507,3.1250777185559914e-05,435,-0.000378219317828,548,4.447656929524447e-06,538,-0.0005017818913003,490,-8.62767230589602e-05,621,-0.0001405046041158,3,11,signflip_day_realtiming_negative
N09_ALLIG_AROON,5m,4,is,fingrad_exact,False,False,27808,13947,13861,-2.33575719229776e-05,-1.318191017079889e-05,-3.359636814674475e-05,-5.658381782033623e-08,3.554795498076105e-05,-0.6554804099917427,0.7439207524014257,0.7437603993344426,-0.6544547969389131,0.0027788007943336,0.3997974470566565,0.3446528556119663,,0.0014041666666666,0.003202487715711,0.0016955930487963,-0.0014275242385896,-0.0017189506207193,2,7,7,280503,600,4089,-6.172976583979196e-05,3988,-4.443095978655224e-05,3500,-4.940048447771463e-05,3956,8.819476418310132e-05,4027,-8.707164472286793e-06,4139,-0.0001477950741619,4109,6.105307665203567e-05,3,11,signflip_day_realtiming_negative
N10_HA_PSAR,5m,4,is,fingrad_exact,False,False,82685,41373,41312,-4.723394531423512e-05,-4.170215405941376e-05,-5.277390463805687e-05,1.4751619389433235e-06,2.108210360822663e-05,-2.310448148740301,0.9895683219780842,0.9916805324459236,-2.4165681768611096,-0.0055868384675769,-1.640127468088585,0.9495106668629448,,0.0014041666666666,0.003202487715711,0.0016955930487963,-0.0014514006119809,-0.0017428269941106,2,7,7,280503,600,7987,-5.015177793931811e-05,9410,4.545047963852085e-06,11411,-5.628555449419288e-05,14738,5.272947374727957e-07,11386,-7.831980173182414e-05,11950,-9.316375719024832e-05,15803,-5.746921887057314e-05,3,11,signflip_day_realtiming_negative
N12_ICHI_AO,5m,4,is,fingrad_exact,False,False,28947,14683,14264,1.1581699391083028e-05,-5.3102827388124736e-05,7.816631147038109e-05,6.814988705010758e-07,3.415197414253739e-05,0.3191675091779071,0.3747997467076626,0.3810316139767055,0.3545846213217058,0.0104085830694841,1.6068425932243735,0.0540444510479822,,0.0014041666666666,0.003202487715711,0.0016955930487963,-0.0013925849672755,-0.0016840113494052,4,7,7,280503,600,4190,3.3019418034007865e-05,4264,2.968385514676882e-05,3866,4.038183938054364e-05,4157,0.0001522310545563,4157,-9.56155812069169e-05,4119,-5.605708969466841e-05,4194,-2.1515362170034817e-05,3,11,signflip_day_realtiming_negative
N14_ICHI_RSI,5m,4,is,fingrad_exact,False,False,3,1,2,0.000122148537867,0.0010918250198814,-0.0003626897031401,-0.0002146084907465,0.002626929879073,0.1281941445397436,0.4489976669090703,0.4525790349417637,0.2390765234102397,0.1285864600142052,0.3281602709348982,0.3713952425815994,,0.0014041666666666,0.003202487715711,0.0016955930487963,-0.0012820181287995,-0.0015734445109292,0,0,7,280503,600,1,0.0010918250198814,1,-0.0006418092909534,0,,0,,0,,1,-8.357011532678094e-05,0,,3,11,signflip_day_realtiming_negative
N17_KC_RSI,5m,4,is,fingrad_exact,False,False,221384,109444,111940,2.78770284829404e-05,0.0001479289351206,-8.949800162299673e-05,3.839641170686556e-07,2.695076776080045e-05,1.0201217497729345,0.1538353614040725,0.1564059900166389,1.6494986187450411,-0.0079350241930834,-1.7785443845008375,0.9623427554748194,,0.0014041666666666,0.003202487715711,0.0016955930487963,-0.0013762896381837,-0.0016677160203134,5,7,7,280503,600,29755,-1.2254857823684968e-05,33448,2.1460081561859688e-05,31290,3.091565141735227e-05,29188,2.7255636283871843e-05,28825,7.42490284758979e-05,32647,-3.615364719887367e-06,36231,5.612014246418104e-05,3,11,signflip_day_realtiming_negative
N18_VWMA_MACD,5m,4,is,fingrad_exact,False,False,201521,101209,100312,-9.003241079468793e-05,-8.718110533451046e-05,-9.290921291526276e-05,-1.1612388496438886e-06,2.032256455848804e-05,-4.3730293826487365,0.9999938732887684,1.0,-7.02760601676164,-0.0037049434420073,-1.0099591198086186,0.8437425618818553,,0.0014041666666666,0.003202487715711,0.0016955930487963,-0.0014941990774613,-0.001785625459591,0,7,7,280503,600,29430,-5.9779427755861024e-05,28934,-8.686078263108423e-05,26666,-0.0001229499484257,29922,-9.943016050813588e-05,28882,-0.0001209401108927,29101,-8.887720188043556e-05,28586,-5.379355943749772e-05,3,11,signflip_day_realtiming_negative
N22_VORTEX_PSAR,5m,4,is,fingrad_exact,False,False,153191,76637,76554,2.309592822696175e-06,1.173050479308164e-05,-7.121533319300728e-06,5.705137335303659e-07,1.6026436013567657e-05,0.1085131521252473,0.4567943241160032,0.4509151414309484,0.1753443443479009,0.0010038097482148,0.300744607859088,0.3818046251887195,,0.0014041666666666,0.003202487715711,0.0016955930487963,-0.0014018570738439,-0.0016932834559736,3,7,7,280503,600,22113,-1.7591316773621343e-05,22412,-1.4846735881213383e-05,20262,2.911365055323174e-05,22065,-2.658804985305365e-07,22029,6.576549379270031e-05,22420,-5.143993064556812e-05,21890,8.95622268118911e-06,3,11,signflip_day_realtiming_negative
N23_HA_ST,5m,4,is,fingrad_exact,False,False,219947,110502,109445,-1.734406961567772e-05,5.040325821885915e-06,-3.994464949270872e-05,4.430466447245682e-07,1.5306717438630676e-05,-1.1620464238473265,0.8773916959276633,0.8868552412645591,-1.3917777737180073,0.0042540363210458,1.5175854475869852,0.0645594688580072,,0.0014041666666666,0.003202487715711,0.0016955930487963,-0.0014215107362823,-0.001712937118412,3,7,7,280503,600,25623,7.909053175970642e-06,28892,9.036526132851976e-06,30630,-1.582505810217188e-05,34543,-1.862882649760641e-05,31208,-6.322982249166867e-05,32300,-4.0012289126021656e-05,36751,3.1394318562519443e-06,3,11,signflip_day_realtiming_negative
N24_DMI,5m,4,is,fingrad_exact,False,False,88141,45434,42707,-5.069592410787164e-06,2.817566468882424e-07,-1.0762644910059517e-05,1.600079549966126e-06,2.033453381339612e-05,-0.3279972888465925,0.6285431437380206,0.6139767054908486,-0.3031939172396666,0.0020978985048846,0.4247457748745694,0.3355110053665556,,0.0014041666666666,0.003202487715711,0.0016955930487963,-0.0014092362590774,-0.0017006626412071,2,7,7,280503,600,12289,3.109705182985864e-05,11992,-6.953513412698116e-06,11736,-4.202551457693837e-06,13113,5.3880603112536766e-05,12281,-1.496382828183278e-06,13103,-6.358847899147508e-05,13627,-4.045221756367736e-05,3,11,signflip_day_realtiming_negative
N25_DST_CCI,5m,4,is,fingrad_exact,False,False,98093,49427,48666,1.4606655931024796e-05,-3.2876294419301168e-06,3.278075783233253e-05,1.352537496991042e-06,2.1617547798191374e-05,0.6131184978872884,0.2698989949787774,0.2861896838602329,1.020275601495331,0.0004801074375634,0.067374802965363,0.4731416639598558,,0.0014041666666666,0.003202487715711,0.0016955930487963,-0.0013895600107356,-0.0016809863928653,5,7,7,280503,600,14387,3.09658106681696e-05,14303,2.4604297733642137e-05,12565,-3.857938796681389e-05,14519,2.470635006107178e-05,14405,1.4002403288459925e-05,14515,-1.85711435691892e-05,13399,6.189151089466432e-05,3,11,signflip_day_realtiming_negative
S1_EMA_RSI_CHOP,5m,4,is,fingrad_approx,True,False,256,127,129,-5.945733691067531e-05,0.0002405535516267,-0.0003548168938429,4.282603644665107e-06,0.0003507295474969,-0.1817353029142694,0.5721047702149328,0.5790349417637272,-0.1014837723021132,0.0389312312093406,0.5599482531761357,0.2877573671410799,,0.0014041666666666,0.003202487715711,0.0016955930487963,-0.0014636240035773,-0.001755050385707,3,7,7,280503,600,60,0.0005572833255553,46,0.0008093939726042,27,-0.0021806486457524,25,-0.0002564791390674,25,-0.0016241321297692,27,-0.0009625186193882,46,0.0009997955947275,3,11,signflip_day_realtiming_negative
S3_CMO_SANDWICH,5m,4,is,fingrad_approx,True,False,14975,7617,7358,3.616264468044339e-05,8.199844296218173e-05,-1.1286563733799738e-05,2.4936397324011127e-06,4.4775880894452506e-05,0.7519451158852285,0.2260420325900345,0.2212978369384359,0.87991065863828,0.0039089603829727,0.3495940477140158,0.3633216893190851,,0.0014041666666666,0.003202487715711,0.0016955930487963,-0.0013680040219862,-0.0016594304041159,5,7,7,280503,600,2421,3.888457648141136e-06,2372,0.000140080147072,1838,5.0224797315491705e-05,2085,9.9308795837496e-06,2065,-1.2688065499467493e-05,2169,0.0001102943890038,2025,-6.231861561597131e-05,3,11,signflip_day_realtiming_negative
S4_BB_BBP,5m,4,is,fingrad_approx,True,False,64697,32119,32578,-3.851274978417747e-05,8.931680544934379e-06,-8.528872307108101e-05,4.803058636674865e-07,2.5573078566826765e-05,-1.524769712256173,0.9363417265638974,0.9367720465890182,-1.809833619256686,0.000177092974644,0.0067480580558514,0.4973079347620423,,0.0014041666666666,0.003202487715711,0.0016955930487963,-0.0014426794164508,-0.0017341057985805,1,7,7,280503,600,9230,-1.617726588877828e-06,9426,-5.243287856939425e-05,8674,-8.110424100122129e-05,9479,-5.500729462790174e-05,9193,-3.097857075289373e-05,9437,-5.2916152368494354e-05,9258,2.870233320245192e-06,3,11,signflip_day_realtiming_negative
N04_ST_KLINGER,5m,4,is,fingrad_approx,True,False,171549,85974,85575,6.376034179483253e-07,5.033934288568755e-05,-4.929587422154231e-05,-3.7292725336071866e-08,1.537910031820852e-05,0.0438839808129305,0.4824984422292686,0.5058236272878536,0.0466795534649101,0.0047512487912006,1.8534005393528763,0.0319124850448505,,0.0014041666666666,0.003202487715711,0.0016955930487963,-0.0014035290632487,-0.0016949554453784,3,7,7,280503,600,26080,-5.340088788032416e-06,26430,2.834465749500724e-05,23198,-1.1986620197803758e-05,22465,-3.510219724251789e-05,24038,1.3782068384749487e-05,25483,2.1827789749278065e-05,23855,-1.347281504368828e-05,3,11,signflip_day_realtiming_negative
N05_PSAR_POC,5m,4,is,fingrad_approx,True,False,15393,7664,7729,-8.529939713767447e-06,1.4112741929073936e-05,-3.098219901131388e-05,-1.0232520008384243e-06,4.384855497504813e-05,-0.171195783240763,0.5679650884815336,0.5657237936772047,-0.2023450695749511,0.0041761875546214,0.5511358013444336,0.2907702924186773,,0.0014041666666666,0.003202487715711,0.0016955930487963,-0.0014126966063804,-0.0017041229885101,2,7,7,280503,600,2912,-8.88510155153499e-06,2620,-9.383061153314572e-05,1851,-9.094154767952435e-05,2016,0.0001741303042478,2025,-3.278120238846322e-05,2118,5.596685769086188e-05,1851,-5.103268635369102e-05,3,11,signflip_day_realtiming_negative
N06_MACD_ORB,5m,4,is,fingrad_approx,True,False,8027,4057,3970,-6.132336008886283e-05,7.393775120775085e-05,-0.0001995486317589,-1.358302303114051e-06,6.431378753003427e-05,-0.9323826210320042,0.8244305885319314,0.8236272878535774,-0.9901362784845484,0.0133250676683172,1.0884153474173284,0.1382058944325915,,0.0014041666666666,0.003202487715711,0.0016955930487963,-0.0014654900267555,-0.0017569164088852,4,7,7,280503,600,1331,1.473984464058936e-05,1167,9.879331037946063e-06,1038,-0.0004906259795736,1139,7.968310788924474e-05,1161,-0.0001048502612332,1179,3.667756278411706e-05,1012,-2.607856748059894e-05,3,11,signflip_day_realtiming_negative
N11_BREAKAWAY,5m,4,is,fingrad_approx,True,False,774,396,378,0.0001024217639416,-1.444874493664908e-05,0.0002248575351475,6.267066833639444e-06,0.0002069439656207,0.4646412221763063,0.3210942034706747,0.3261231281198003,0.4766544262009119,-0.0011979997921269,-0.0671624617641536,0.526773815604163,,0.0014041666666666,0.003202487715711,0.0016955930487963,-0.001301744902725,-0.0015931712848547,5,7,7,280503,600,82,0.0004273032495847,94,0.0005312281400905,123,0.0003199467919485,120,0.000477118887639,102,-0.0005219354820637,100,0.0003987202635935,153,-0.0005813215389466,3,11,signflip_day_realtiming_negative
N13_3OUTSIDE,5m,4,is,fingrad_approx,True,False,15366,7743,7623,-3.219098635483527e-05,-0.0001395485362087,7.685656821933844e-05,2.967776259109788e-06,4.497283550397114e-05,-0.7817777602846613,0.7828274033490467,0.7653910149750416,-0.7552673226305772,-0.0057766329522317,-0.767974383638966,0.778748798105403,,0.0014041666666666,0.003202487715711,0.0016955930487963,-0.0014363576530215,-0.0017277840351512,2,7,7,280503,600,1805,-0.0001229555042108,2152,-7.903565120057891e-05,2149,-0.0001300111163515,2248,8.250626621335556e-05,2056,-2.358473435522748e-05,2414,2.54464191022786e-05,2542,-8.51492097990894e-06,3,11,signflip_day_realtiming_negative
N15_KC_AO,5m,4,is,fingrad_approx,True,False,136,59,77,0.0002470166299498,0.0007639052501667,-0.0001490408842423,-8.524504784159842e-06,0.0004911275180225,0.5203152447309594,0.3014219361244271,0.2928452579034942,0.3315780664904564,0.0085632720403859,0.0763504261705672,0.4695701543026393,,0.0014041666666666,0.003202487715711,0.0016955930487963,-0.0011571500367167,-0.0014485764188464,5,6,7,280503,600,26,-0.0005459468093014,27,0.0004875172038972,5,-0.0039823308265656,18,0.0003555600157603,15,0.0017842624168228,20,0.0005420771619736,25,0.0004212803426848,3,11,signflip_day_realtiming_negative
N16_BBRSI,5m,4,is,fingrad_approx,True,False,22859,11485,11374,4.108434252993991e-05,2.800778848066843e-06,7.974151932669674e-05,1.6482045279678678e-07,3.828123974963763e-05,1.0689184139479302,0.1425532169052782,0.1281198003327787,1.092591156091144,0.0073763672763766,1.0043939293205597,0.1575943874805604,,0.0014041666666666,0.003202487715711,0.0016955930487963,-0.0013630823241367,-0.0016545087062664,5,7,7,280503,600,3626,-5.261734342965728e-05,3549,1.7510612078625692e-05,2826,-7.713524790477987e-05,3105,5.403028778940307e-05,2970,0.0001558584834369,3302,5.400437828336915e-05,3481,0.0001369693550686,3,11,signflip_day_realtiming_negative
N19_FIB_CHOP,5m,4,is,fingrad_approx,True,False,15485,7921,7564,-0.0001561922240164,3.022430842322158e-05,-0.0003514071041665,-1.703460117280968e-06,5.462729732675162e-05,-2.828050653414942,0.9976583802125742,1.0,-2.9858922282801106,-0.0095825923288007,-1.0066418955104253,0.8429465531344187,,0.0014041666666666,0.003202487715711,0.0016955930487963,-0.0015603588906831,-0.0018517852728128,0,7,7,280503,600,1927,-0.0001419811133505,2010,-2.717165054052412e-05,1870,-0.0003479759143201,2476,-0.0001047308037469,2419,-0.0001263759711695,2116,-5.677865013165999e-05,2667,-0.0002829202992458,3,11,signflip_day_realtiming_negative
N20_EMA9_CHOP,5m,4,is,fingrad_approx,True,False,95158,49775,45383,-2.6097926349583254e-05,-6.571291003738894e-05,1.7350849911583428e-05,1.1960768379890933e-06,2.21744135266641e-05,-1.2308782441868007,0.8908157971862236,0.8985024958402662,-1.7321223956927647,-0.0021621685987446,-0.7500007290160122,0.7733728671570816,,0.0014041666666666,0.003202487715711,0.0016955930487963,-0.0014302645930162,-0.0017216909751459,0,7,7,280503,600,13140,-2.2283741139230828e-05,12737,-5.84754839901758e-06,12509,-2.699171201767545e-05,14507,-2.7479227142338093e-05,13401,-4.420984793819362e-05,14117,-4.678976032543671e-06,14747,-4.891490760098399e-05,3,11,signflip_day_realtiming_negative
V39_ALL,5m,4,is,pine,False,False,66845,33713,33132,-1.396303176927818e-05,-3.472170951637447e-05,7.1596684265402764e-06,6.498997972908955e-07,2.4633293642187188e-05,-0.593218746093411,0.7234826156997943,0.7221297836938436,-0.7257187677578276,0.0029546202421464,0.663841286723616,0.2533959488928495,,0.0014041666666666,0.003202487715711,0.0016955930487963,-0.0014181296984359,-0.0017095560805656,3,7,7,280503,600,10051,1.9805993867164627e-05,10486,-4.3543530827819424e-05,8927,1.883471897686355e-05,9008,-8.553764746336854e-05,9750,2.6330719466944304e-05,9891,-2.6075242860802307e-05,8732,-8.275324592155932e-06,3,11,signflip_day_realtiming_negative
OBV_S,5m,4,is,pine,False,False,25300,12521,12779,-8.287956240533864e-05,-6.227932389256181e-05,-0.0001030638950149,1.145476490517754e-06,3.715450440612776e-05,-2.261503423041177,0.9881359495163212,0.9883527454242927,-2.583399437668724,-0.0118246236046172,-1.7426597500789298,0.959303466834129,,0.0014041666666666,0.003202487715711,0.0016955930487963,-0.001487046229072,-0.0017784726112017,1,7,7,280503,600,3854,-4.8575308963782816e-05,3619,-0.0001207832236686,3048,-0.0002855678480418,3760,-3.0173983298739392e-05,3626,7.678058515398127e-05,3686,-0.000181416252697,3707,-2.6536368476890027e-05,3,11,signflip_day_realtiming_negative
OBV_B,5m,4,is,pine,False,False,66937,33195,33742,-7.070047498941809e-06,-1.4258893907157092e-05,2.258722405659497e-09,4.339998298548561e-07,2.3356395470535545e-05,-0.3212844780892299,0.6260025909521634,0.6123128119800333,-0.3453571294585812,-0.005508745945647,-1.311442592026481,0.9051458614697124,,0.0014041666666666,0.003202487715711,0.0016955930487963,-0.0014112367141656,-0.0017026630962953,3,7,7,280503,600,10271,-3.9346756407841086e-05,10071,2.000966239936109e-05,8877,-8.78555064501355e-05,9135,-5.384856353356803e-06,9552,5.8515383450762365e-05,9873,-2.33123620185146e-05,9158,2.5078997230528728e-05,3,11,signflip_day_realtiming_negative
V45_AMB,5m,4,is,v45,False,True,30610,15274,15336,-3.333129622156369e-05,-1.6059843929523483e-05,-5.053292391513581e-05,-5.045754396799243e-07,3.900755654833762e-05,-0.8415477329682354,0.7999794219931138,0.8019966722129783,-1.3613595134803034,-0.0077304899998205,-1.0520791338738051,0.8536183776950959,,0.0014041666666666,0.003202487715711,0.0016955930487963,-0.0014374979628882,-0.0017289243450179,2,7,7,280503,600,4378,1.5218373565561111e-05,4259,-3.527307109630098e-05,4053,-8.688616081815307e-05,4686,-0.0001122908401328,4583,-1.985048107878101e-05,4517,1.0727981447162583e-05,4134,-3.823913344767299e-06,3,11,signflip_day_realtiming_negative
DOGE_L,5m,4,is,doge,False,True,8556,4155,4401,-3.510679148140466e-06,1.9600194670018307e-05,-2.532973861518198e-05,-5.644905121226482e-06,6.474050494719486e-05,0.0329658530594839,0.486850909071741,0.5041597337770383,-0.0545882808352681,0.004974612829644,0.5357342285793713,0.2960711219627148,,0.0014041666666666,0.003202487715711,0.0016955930487963,-0.0014076773458148,-0.0016991037279445,4,7,7,280503,600,1032,8.94198119167295e-05,1178,0.0001127180965489,1229,-0.0002239895592419,1265,3.0341222876711996e-05,1190,9.331733542105196e-05,1247,-2.292781329819934e-05,1415,-7.113474135914406e-05,3,11,signflip_day_realtiming_negative
DOGE_S,5m,4,is,doge,False,True,8420,4445,3975,-3.1153983858599535e-05,5.149020706408379e-05,-0.000123569940752,1.217371016560653e-08,6.771844514754382e-05,-0.4602314406490113,0.6773249471294566,0.6672212978369384,-0.452725825405424,-0.0003340722052406,-0.1089159502636944,0.5433654222863618,,0.0014041666666666,0.003202487715711,0.0016955930487963,-0.0014353206505252,-0.0017267470326549,3,7,7,280503,600,933,-5.921891484790373e-06,1077,0.0001608507166077,1229,6.737686490225981e-05,1277,1.921330889532318e-05,1224,-0.0003278544188001,1229,-7.774274348571824e-05,1451,-2.793215933113078e-05,3,11,signflip_day_realtiming_negative
S2_ST_ROC,5m,16,is,fingrad_exact,False,False,182738,91964,90774,-3.5917604190769845e-05,-2.3124408310031484e-05,-4.8878512225848456e-05,-1.557439200912345e-06,4.239699137358465e-05,-0.8104387570120253,0.7911559748407065,0.7953410981697171,-1.473890558307475,0.0069492255778284,2.009948983661144,0.0222182943131081,,0.0014166666666666,0.0063301758830865,0.0019927126720275,-0.0014525842708574,-0.0020286302762183,2,7,7,280491,600,26934,3.566153724011713e-05,26410,-2.715479905646496e-05,23665,-0.0002659700634627,26929,-1.976887827716168e-05,25778,-7.372975409018956e-06,26415,3.832844025330656e-05,26607,-3.0169063396180875e-05,3,11,signflip_day_realtiming_negative
S5_DONCHIAN_MFI,5m,16,is,fingrad_exact,False,False,6674,3380,3294,7.481103052001654e-05,1.0489482626572154e-05,0.0001408118902285,-8.891832969258817e-06,0.0001464102662812,0.5717007803842233,0.2837623528303998,0.3061564059900166,0.5342627427727942,0.0079763403441436,0.6524491760140905,0.2570557247400193,,0.0014166666666666,0.0063301758830865,0.0019927126720275,-0.0013418556361466,-0.0019179016415075,5,7,7,280491,600,552,0.000450634605218,615,9.89856183453902e-05,710,0.0004713882347306,1690,0.000108776768447,798,-0.0002952617206629,847,0.0004023048150318,1462,-0.0002968463407998,3,11,signflip_day_realtiming_negative
S6_EMA_DMI_ADX,5m,16,is,fingrad_exact,False,False,14519,7212,7307,6.055648410711976e-05,0.0002265007875077,-0.0001032303389564,-6.237620029187428e-07,8.29736509526525e-05,0.7373454754323148,0.2304561420411993,0.2279534109816971,0.660466134452971,0.0004113785114012,0.0456023520525776,0.4818135972287743,,0.0014166666666666,0.0063301758830865,0.0019927126720275,-0.0013561101825595,-0.0019321561879204,5,7,7,280491,600,2356,0.0001936273157511,2102,7.56194136978215e-06,1957,0.0001022402978867,2074,0.0002534695719952,1749,-0.0001870660799771,2036,-0.000189454571543,2245,0.0001756197605084,3,11,signflip_day_realtiming_negative
N01_ST_EMA,5m,16,is,fingrad_exact,False,False,66576,33515,33061,-2.8575051513826303e-05,-8.824339225532872e-05,3.1912666339579626e-05,-2.5128211672202694e-06,5.7424359710704085e-05,-0.453853216264037,0.6750327609404281,0.6688851913477537,-0.7240867059460313,0.0052854979880093,1.1555237605853053,0.1239380041320419,,0.0014166666666666,0.0063301758830865,0.0019927126720275,-0.0014452417181804,-0.0020212877235413,3,7,7,280491,600,10082,6.128308935172344e-06,9865,-9.970855294447764e-05,8578,-0.0001443460216851,9565,9.967971853218075e-05,9507,-6.651932463217655e-05,9683,-4.7110454868684935e-05,9296,4.225043616119563e-05,3,11,signflip_day_realtiming_negative
N02_ST_KST,5m,16,is,fingrad_exact,False,False,56137,28292,27845,-7.51434661429794e-05,8.348512200266962e-06,-0.000159975753853,-3.813808989035586e-06,5.904364940623569e-05,-1.208083475043644,0.8864924223243119,0.891846921797005,-1.6539520464150437,0.0034933648240197,0.7279271169663992,0.2333291012915708,,0.0014166666666666,0.0063301758830865,0.0019927126720275,-0.0014918101328096,-0.0020678561381705,1,7,7,280491,600,8383,1.1467572381176006e-06,8176,-3.517377963432603e-05,7410,-8.908317546918626e-05,8139,-0.0001174760344668,8121,-0.0001282436725523,8073,-6.40844873389879e-05,7835,-9.767664284203682e-05,3,11,signflip_day_realtiming_negative
N03_ADX_GC,5m,16,is,fingrad_exact,False,False,2162,1085,1077,-0.0001597887136341,-0.0004310156408231,0.0001134528982507,-5.19896253815719e-06,0.0002480277557692,-0.6232760144789791,0.7334484215714964,0.7304492512479202,-0.5902429025303493,-0.0066962854747965,-0.3150161360412296,0.6236252988210239,,0.0014166666666666,0.0063301758830865,0.0019927126720275,-0.0015764553803008,-0.0021525013856616,2,7,7,280491,600,300,-0.0003486187302072,288,0.0005274492724921,274,-0.0009195380057834,311,-0.0003318496423466,327,0.0003681985101441,326,-0.0002927741386731,336,-0.0001862525641304,3,11,signflip_day_realtiming_negative
N07_ICHI_CMO,5m,16,is,fingrad_exact,False,False,25481,12975,12506,-0.0002041621789493,-0.0002912030585349,-0.0001138570923809,-1.2019918783019783e-06,7.798192090004144e-05,-2.602656932895657,0.9953747766063588,0.9966722129783694,-3.1376156085335194,-0.0075420618865731,-1.129291420360009,0.8706125404972531,,0.0014166666666666,0.0063301758830865,0.0019927126720275,-0.0016208288456159,-0.0021968748509768,1,7,7,280491,600,3764,-6.5960839621944045e-06,3756,-0.0001447684394865,3314,-0.0007770375483126,3663,0.000180364879154,3817,-0.0004071098629367,3642,-8.818727331164053e-05,3525,-0.0002394712862596,3,11,signflip_day_realtiming_negative
N08_ICHI_WR,5m,16,is,fingrad_exact,False,False,3666,1871,1795,-0.0002218185602138,-0.0003480586046756,-9.023353336811094e-05,-8.420255466111342e-07,0.0001875280862343,-1.1783650071010168,0.8806744390552661,0.8801996672212978,-1.3196712661298626,-0.0078288495743538,-0.4888230249683477,0.6875165022489353,,0.0014166666666666,0.0063301758830865,0.0019927126720275,-0.0016384852268804,-0.0022145312322413,2,7,7,280491,600,527,-0.0001808303383168,507,-0.0001863384315618,435,-0.0007885423195367,548,0.0002316872746441,538,-0.0009590157926343,490,0.0004970823193375,621,-0.0002173659036934,3,11,signflip_day_realtiming_negative
N09_ALLIG_AROON,5m,16,is,fingrad_exact,False,False,27808,13947,13861,1.0617104817879433e-07,8.934485752555397e-05,-8.968619316074924e-05,8.936213255754822e-09,6.807761276126326e-05,0.0014282938396213,0.4994301933922746,0.5091514143094842,0.0016839646168705,-0.000115747263803,-0.0290825712730681,0.5116006319859726,,0.0014166666666666,0.0063301758830865,0.0019927126720275,-0.0014165604956184,-0.0019926065009793,4,7,7,280491,600,4089,2.9408075204052198e-06,3988,-1.6437461966819513e-05,3500,-0.0002232040031003,3956,-5.898888669125263e-05,4027,3.122607658698211e-05,4139,5.618869629988256e-05,4109,0.000173458667092,3,11,signflip_day_realtiming_negative
N10_HA_PSAR,5m,16,is,fingrad_exact,False,False,82683,41373,41310,-5.810566172910957e-05,4.067961714501533e-05,-0.0001570415935339,-1.5473806752762129e-06,4.129899756448695e-05,-1.3694831446094926,0.9145758499817752,0.9051580698835274,-1.5684309769827185,-0.0029884073529532,-0.8806447324434139,0.810744930470138,,0.0014166666666666,0.0063301758830865,0.0019927126720275,-0.0014747723283957,-0.0020508183337566,2,7,7,280491,600,7987,8.277811387809602e-06,9410,2.964138506059936e-05,11411,-8.065030068601818e-05,14738,-2.529453612212732e-05,11386,-1.5952719028669313e-05,11949,-0.0001673897722378,15802,-0.0001059689431651,3,11,signflip_day_realtiming_negative
N12_ICHI_AO,5m,16,is,fingrad_exact,False,False,28946,14682,14264,-0.0001531970867747,-0.0001423654072374,-0.0001643461837297,-3.84924576967605e-06,7.637094483344278e-05,-1.9555583780033448,0.9747413999762976,0.9717138103161398,-2.4184653470989823,-0.0047428377344515,-0.696309127700291,0.7568823709306037,,0.0014166666666666,0.0063301758830865,0.0019927126720275,-0.0015698637534414,-0.0021459097588022,1,7,7,280491,600,4190,-6.329238109860671e-05,4264,-0.0001076610380569,3866,-0.0002310831894113,4157,-3.012469813455789e-05,4157,-0.0005268629044215,4119,-0.0001865305543766,4193,6.3654494839912e-05,3,11,signflip_day_realtiming_negative
N14_ICHI_RSI,5m,16,is,fingrad_exact,False,False,3,1,2,-0.0031970799392993,-0.0006100402332558,-0.0044905997923211,0.0001215002858845,0.0051611101256705,-0.6429973676937965,0.7398870960392676,0.7986688851913477,-2.406758995076547,-0.582568603440232,-1.1096358904730117,0.8664220205341704,,0.0014166666666666,0.0063301758830865,0.0019927126720275,-0.004613746605966,-0.0051897926113269,0,0,7,280491,600,1,-0.0006100402332558,1,-0.0039669926650367,0,,0,,0,,1,-0.0050142069196055,0,,3,11,signflip_day_realtiming_negative
N17_KC_RSI,5m,16,is,fingrad_exact,False,False,221355,109444,111911,0.000137147219952,0.000327826346296,-4.932851794321858e-05,6.658559418087763e-06,8.667473629852942e-05,1.5054982121263176,0.0660980180837684,0.0682196339434276,4.7548576539857565,-0.0095163658855133,-1.375435526173052,0.9155017693346176,,0.0014166666666666,0.0063301758830865,0.0019927126720275,-0.0012795194467146,-0.0018555654520754,6,7,7,280491,600,29749,-0.0001687903559843,33445,3.541441406224103e-05,31285,0.0001039462328481,29183,0.0004083258812321,28821,0.0004098885389422,32644,0.0001276766355265,36228,8.407105931087692e-05,3,11,signflip_day_realtiming_negative
N18_VWMA_MACD,5m,16,is,fingrad_exact,False,False,201521,101209,100312,-0.0001665779039467,-0.0001281353230416,-0.0002053642422793,-3.915676671137049e-07,5.322132446162364e-05,-3.122551683196817,0.9991035468843256,1.0,-6.932364583849257,-0.0026615444978737,-0.5629358191095126,0.7132607058529384,,0.0014166666666666,0.0063301758830865,0.0019927126720275,-0.0015832445706133,-0.0021592905759742,0,7,7,280491,600,29430,-0.0001276861496378,28934,-0.0002267242861648,26666,-0.0002283602875232,29922,-0.0001464666762018,28882,-0.0001201528418154,29101,-0.0001912116700692,28586,-0.0001309859861855,3,11,signflip_day_realtiming_negative
N22_VORTEX_PSAR,5m,16,is,fingrad_exact,False,False,153191,76637,76554,-2.219571922690092e-05,2.2167017620572545e-06,-4.66346082115495e-05,-1.0509929489052466e-07,3.2942220672202764e-05,-0.6705868481614191,0.7487581184294736,0.7537437603993344,-0.8498521013454057,-0.0028629063899126,-1.0578640234698746,0.8549412804571379,,0.0014166666666666,0.0063301758830865,0.0019927126720275,-0.0014388623858935,-0.0020149083912544,3,7,7,280491,600,22113,1.1043600657740505e-05,22412,-2.9907238898139583e-05,20262,2.7276353480135727e-06,22065,3.14835385368578e-05,22029,-3.031297413886691e-05,22420,-8.933673625571957e-05,21890,-4.8120969315969694e-05,3,11,signflip_day_realtiming_negative
N23_HA_ST,5m,16,is,fingrad_exact,False,False,219947,110502,109445,-7.612995423221114e-05,-1.1107704903555186e-05,-0.0001417801766755,-2.4651467364340388e-06,4.411872405790031e-05,-1.669694876014575,0.9525101259719526,0.9550748752079868,-3.203634803394634,0.0080627231768154,2.320885616791173,0.0101465090124458,,0.0014166666666666,0.0063301758830865,0.0019927126720275,-0.0014927966208988,-0.0020688426262597,2,7,7,280491,600,25623,4.335318101098848e-06,28892,-3.326307979798404e-05,30630,-0.0001607411743434,34543,-0.000103782002129,31208,6.883694013518657e-06,32300,-0.0001097646361621,36751,-0.0001103530979496,3,11,signflip_day_realtiming_negative
N24_DMI,5m,16,is,fingrad_exact,False,False,88141,45434,42707,-7.301689223471078e-05,-5.624599202366236e-05,-9.085867648995638e-05,-1.974873566357576e-06,5.098609309397146e-05,-1.3933607059755897,0.9182446290906796,0.9217970049916804,-2.14433733098039,-0.0056761023268667,-1.3521562452464009,0.9118373312329072,,0.0014166666666666,0.0063301758830865,0.0019927126720275,-0.0014896835589013,-0.0020657295642622,1,7,7,280491,600,12289,5.61322118128624e-06,11992,-6.733399574953144e-05,11736,-4.694241374810632e-05,13113,-9.87337982916645e-06,12281,-7.681505810846912e-05,13103,-0.0002016993835518,13627,-0.0001049882547714,3,11,signflip_day_realtiming_negative
N25_DST_CCI,5m,16,is,fingrad_exact,False,False,98093,49427,48666,4.981189519310056e-05,2.7347567086152333e-05,7.26275025029705e-05,-9.492799780061571e-07,5.297693483033543e-05,0.9581750120816744,0.16898725762732,0.1597337770382695,1.6524422673302783,0.0048637157668635,1.0695942106064478,0.1424010011177874,,0.0014166666666666,0.0063301758830865,0.0019927126720275,-0.0013668547714735,-0.0019429007768344,5,7,7,280491,600,14387,5.399171696786324e-05,14303,0.0001010972771083,12565,-0.0001483422967939,14519,9.19262192899154e-05,14405,0.0001143376336036,14515,-7.586984289740884e-06,13399,0.0001235734528643,3,11,signflip_day_realtiming_negative
S1_EMA_RSI_CHOP,5m,16,is,fingrad_approx,True,False,256,127,129,0.001665992938628,0.0022945399901431,0.0010471908026402,5.969760494881695e-06,0.0007133351423353,2.3271293948850293,0.009979189720651,0.0149750415973377,2.048705287416706,0.1254676718996509,1.9243587829993505,0.0271548135314967,,0.0014166666666666,0.0063301758830865,0.0019927126720275,0.0002493262719613,-0.0003267197333995,6,7,7,280491,600,60,0.0019087279085023,46,0.0004611364421197,27,-0.0009652472616792,25,0.0015294285478991,25,0.0038268287228985,27,0.0037459523321287,46,0.00177766897324,3,11,signflip_day_realtiming_negative
S3_CMO_SANDWICH,5m,16,is,fingrad_approx,True,False,14975,7617,7358,0.0001183776453395,9.876932103606812e-05,0.0001386761783946,4.9393836248191245e-06,9.297968210548534e-05,1.220032797982768,0.111226220938976,0.0965058236272878,1.4636364433776097,0.0079068482527995,0.9493045692370444,0.1712328651533601,,0.0014166666666666,0.0063301758830865,0.0019927126720275,-0.0012982890213271,-0.001874335026688,4,7,7,280491,600,2421,-1.7790694969927856e-05,2372,-6.745493393830763e-05,1838,0.0003786611402855,2085,0.0003189268709233,2065,0.0001396384243622,2169,0.0003429616100065,2025,-0.0002061230446168,3,11,signflip_day_realtiming_negative
S4_BB_BBP,5m,16,is,fingrad_approx,True,False,64697,32119,32578,-7.222027493945638e-05,-2.637687207122058e-05,-0.0001174177780619,-4.094043224848247e-06,6.15645887979696e-05,-1.1065814463273882,0.8657625336721158,0.8785357737104825,-1.7979301995902666,0.0032476720898417,0.7069962846561407,0.2397843933265579,,0.0014166666666666,0.0063301758830865,0.0019927126720275,-0.0014888869416061,-0.0020649329469669,2,7,7,280491,600,9230,0.0001062033146906,9426,-8.765202984113009e-05,8674,-0.000134712635058,9479,-0.0001467945624692,9193,5.909596271272338e-06,9437,-0.0001239105632795,9258,-0.0001243793009055,3,11,signflip_day_realtiming_negative
N04_ST_KLINGER,5m,16,is,fingrad_approx,True,False,171544,85969,85575,-1.731942763284115e-05,9.931542616995004e-05,-0.000134491285612,-1.884197899863727e-06,4.2424010423162366e-05,-0.363832404787224,0.6420084184478533,0.6472545757071547,-0.6665017559572333,0.0068512489405475,1.9809096887777795,0.0238007011757422,,0.0014166666666666,0.0063301758830865,0.0019927126720275,-0.0014339860942995,-0.0020100320996603,3,7,7,280491,600,26078,-1.823459303098959e-05,26429,5.220677212726525e-05,23197,-0.0001498487527183,22464,-3.610963163820562e-05,24038,4.324192201359648e-05,25483,4.380726677181564e-06,23855,-3.09859591149152e-05,3,11,signflip_day_realtiming_negative
N05_PSAR_POC,5m,16,is,fingrad_approx,True,False,15393,7664,7729,-9.713304979962867e-06,-0.0002367174980693,0.0002153818089852,1.0867687601580617e-07,8.285895639076668e-05,-0.1185385658209084,0.5471795303078691,0.5424292845257903,-0.1189627034363117,0.0072308491101783,1.0252705092035863,0.152617783416684,,0.0014166666666666,0.0063301758830865,0.0019927126720275,-0.0014263799716466,-0.0020024259770075,4,7,7,280491,600,2912,6.45978626405472e-05,2620,-0.0003512163884886,1851,-2.5044728541693475e-05,2016,0.0001305698266736,2025,-0.0001405645990359,2118,0.0002273519689587,1851,9.119498812749647e-05,3,11,signflip_day_realtiming_negative
N06_MACD_ORB,5m,16,is,fingrad_approx,True,False,8027,4057,3970,2.1243108018161466e-05,7.769368292293834e-05,-3.6444544976468194e-05,-5.690550086869347e-06,0.0001290431587614,0.2087182177152901,0.4173341088331992,0.4143094841930116,0.1840675566134072,0.0245952657074561,2.2218131208822536,0.0131479688189779,,0.0014166666666666,0.0063301758830865,0.0019927126720275,-0.0013954235586485,-0.0019714695640093,6,7,7,280491,600,1331,2.263142992748482e-05,1167,2.039391964641673e-05,1038,-0.000565754280446,1139,4.7521510692039074e-05,1161,0.0001925606566197,1179,0.0002777572108788,1012,9.75133982844784e-05,3,11,signflip_day_realtiming_negative
N11_BREAKAWAY,5m,16,is,fingrad_approx,True,False,774,396,378,0.0002043419040518,0.0005599231546532,-0.0001681717870543,-1.9913971809422452e-05,0.0003922710336565,0.5716860451583656,0.2837673450755164,0.3044925124792013,0.4867301601731034,0.0413896351316928,1.3592384625238394,0.0870355184618305,,0.0014166666666666,0.0063301758830865,0.0019927126720275,-0.0012123247626148,-0.0017883707679756,5,7,7,280491,600,82,0.0007788363757534,94,0.0009707261935601,123,0.0001909680185447,120,0.0011669334858367,102,-0.0013912738864932,100,0.0014478479707084,153,-0.0010676350098054,3,11,signflip_day_realtiming_negative
N13_3OUTSIDE,5m,16,is,fingrad_approx,True,False,15365,7743,7622,-3.7526984219386864e-05,-8.634496111651092e-05,1.2065982864637231e-05,3.615233039807496e-06,8.625446871723169e-05,-0.4769865013495246,0.6833141330618522,0.6905158069883528,-0.4434498272982161,-0.007761797567486,-1.0909003906402337,0.8623416423877189,,0.0014166666666666,0.0063301758830865,0.0019927126720275,-0.001454193650886,-0.0020302396562469,4,7,7,280491,600,1805,-0.0002081182764051,2151,2.200293161892787e-05,2149,-0.0002191246561911,2248,8.35730495282428e-05,2056,0.0001911788770074,2414,8.059723852871421e-06,2542,-0.0001486114096085,3,11,signflip_day_realtiming_negative
N15_KC_AO,5m,16,is,fingrad_approx,True,False,136,59,77,-0.0011563255132601,0.0005967996797615,-0.0024996292325884,-6.177182823212174e-05,0.0009309858547445,-1.1756931423284671,0.8801412400171227,0.8901830282861897,-0.6555360068015115,0.0393444259666547,0.519909371358118,0.3015633716942859,,0.0014166666666666,0.0063301758830865,0.0019927126720275,-0.0025729921799267,-0.0031490381852876,1,6,7,280491,600,26,-0.0014728853112465,27,-9.3620736797919e-05,5,-0.0032206239363399,18,0.0012051825418168,15,-0.0053374394475529,20,-0.0016283106077875,25,-0.0003759941607752,3,11,signflip_day_realtiming_negative
N16_BBRSI,5m,16,is,fingrad_approx,True,False,22859,11485,11374,5.321312774854108e-05,8.509058534064026e-05,2.1024574869583896e-05,2.0795831245107157e-06,7.582336441545183e-05,0.6743771529822805,0.250035782115351,0.2628951747088186,0.7415283683740587,-0.0027360981883557,-0.4853530693395176,0.6862870416840054,,0.0014166666666666,0.0063301758830865,0.0019927126720275,-0.0013634535389181,-0.0019394995442789,5,7,7,280491,600,3626,5.870338984281464e-05,3549,0.0001521248100246,2826,-0.000320928800414,3105,5.6611729809595695e-05,2970,0.0001745887791327,3302,-0.0002013738725347,3481,0.0003852980944709,3,11,signflip_day_realtiming_negative
N19_FIB_CHOP,5m,16,is,fingrad_approx,True,False,15484,7920,7564,-0.0005267928393384,-0.0001088530210543,-0.0009644030139563,-3.1028937598564192e-06,0.0001278857523699,-4.094982716006207,0.9999788900058212,1.0,-5.1909078485712286,-0.010468137665228,-0.9481048090316284,0.828461949845391,,0.0014166666666666,0.0063301758830865,0.0019927126720275,-0.001943459506005,-0.0025195055113659,1,7,7,280491,600,1927,-0.0003227102994073,2010,0.0001478403409738,1870,-0.0019131996983105,2475,-0.0001056528856975,2419,-0.0005213885975361,2116,-0.0005847352517451,2667,-0.0005603462784554,3,11,signflip_day_realtiming_negative
N20_EMA9_CHOP,5m,16,is,fingrad_approx,True,False,95158,49775,45383,-8.114182797291529e-05,-0.000167364361153,1.3425005181399222e-05,-1.711161968054615e-06,6.393175386677815e-05,-1.2424290153274906,0.8929608421396484,0.8735440931780366,-2.598394643508376,-0.0062858721050451,-1.2843145896837866,0.9004840480084991,,0.0014166666666666,0.0063301758830865,0.0019927126720275,-0.0014978084946395,-0.0020738545000004,0,7,7,280491,600,13140,-5.343928678406701e-05,12737,-6.169466919079621e-05,12509,-0.0001967468948697,14507,-4.923017249463734e-05,13401,-0.0001669012737518,14117,-1.2756151951522744e-06,14747,-5.447589251077082e-05,3,11,signflip_day_realtiming_negative
V39_ALL,5m,16,is,pine,False,False,66845,33713,33132,-8.486611985758773e-05,-8.860347299713518e-05,-8.106322880381611e-05,-1.0898097902573854e-06,6.32989489825035e-05,-1.3235023869114635,0.9071658184782088,0.9168053244592346,-2.1413075466731564,0.0040266658228819,0.7406071578435657,0.2294658333680212,,0.0014166666666666,0.0063301758830865,0.0019927126720275,-0.0015015327865242,-0.0020775787918851,1,7,7,280491,600,10051,-2.6759569275168264e-05,10486,-0.0002030018516867,8927,-0.0002602038723164,9008,-4.990326661065902e-05,9750,-2.4188110971635807e-05,9891,-9.025759666899164e-05,8732,7.165627921626195e-05,3,11,signflip_day_realtiming_negative
OBV_S,5m,16,is,pine,False,False,25300,12521,12779,-0.0001459832730712,-0.0001490302682393,-0.0001429977948257,2.288508488834709e-07,8.573527259168594e-05,-1.705390552806511,0.9559391954494224,0.9534109816971714,-2.2710144632185187,-0.0064937614517349,-0.9085139901493492,0.8181966371664361,,0.0014166666666666,0.0063301758830865,0.0019927126720275,-0.0015626499397379,-0.0021386959450988,1,7,7,280491,600,3854,-0.0001677656052563,3619,-0.0003166259322237,3048,-0.0001275917068525,3760,-0.0001212637641319,3626,5.804267327376671e-05,3686,-0.0001081533670071,3707,-0.0002341238371207,3,11,signflip_day_realtiming_negative
OBV_B,5m,16,is,pine,False,False,66932,33195,33737,1.5269924938882073e-05,2.6103247334907083e-05,4.610644714320018e-06,5.741931857231607e-07,4.659817427908422e-05,0.31537140629467,0.3762398372033514,0.3643926788685524,0.3758119177550521,-0.0016670364129315,-0.4087896599119752,0.6586529856203598,,0.0014166666666666,0.0063301758830865,0.0019927126720275,-0.0014013967417277,-0.0019774427470886,5,7,7,280491,600,10270,4.580216306524514e-05,10071,5.398927446715375e-05,8876,-0.0002566116948013,9134,0.0001735819636858,9551,0.0001295018284693,9873,2.3135231054292847e-05,9157,-8.356076607938858e-05,3,11,signflip_day_realtiming_negative
V45_AMB,5m,16,is,v45,False,True,30610,15274,15336,-0.0001307096791665,-0.0001370127206941,-0.0001244321194188,-2.702661528929363e-06,9.56418417844112e-05,-1.338399755268192,0.9096169206768062,0.8951747088186356,-2.542293451501765,-0.0082938102826015,-0.9874325628475714,0.8382846862139033,,0.0014166666666666,0.0063301758830865,0.0019927126720275,-0.0015473763458332,-0.0021234223511941,0,7,7,280491,600,4378,-4.9699780146218703e-05,4259,-1.4477341164277891e-05,4053,-0.0004217604181265,4686,-0.0003315690006264,4583,-6.18010704826765e-05,4517,-3.8364873339684426e-05,4134,-5.135208732788493e-07,3,11,signflip_day_realtiming_negative
DOGE_L,5m,16,is,doge,False,True,8556,4155,4401,0.0002978381969014,4.012625309374841e-05,0.0005411449741159,-1.98592292761914e-06,0.0001605495532275,1.867486478794761,0.0309168416411086,0.0316139767054908,2.299999653766605,0.0211345598027676,1.6822676215369443,0.0462584783481904,,0.0014166666666666,0.0063301758830865,0.0019927126720275,-0.0011188284697652,-0.0016948744751261,5,7,7,280491,600,1032,-0.0001013050978234,1178,0.0002304039353745,1229,0.0002045490383227,1265,0.0001846794677485,1190,0.0005555939292475,1247,-0.0001910094165696,1415,0.001041311879596,3,11,signflip_day_realtiming_negative
DOGE_S,5m,16,is,doge,False,True,8420,4445,3975,-0.0002404439696153,-0.000148397973274,-0.0003433733919391,-1.1135977714485646e-05,0.0001605032767003,-1.428681062561035,0.9234520383890208,0.9267886855241264,-1.7067037093149753,-0.0064970090665823,-0.4845715939018298,0.6860098661685161,,0.0014166666666666,0.0063301758830865,0.0019927126720275,-0.0016571106362819,-0.0022331566416428,1,7,7,280491,600,933,-0.0004649860986527,1077,-0.0001048744674598,1229,-0.0005486190098208,1277,-6.804670475419803e-05,1224,-0.0005105574058199,1229,-0.0002443958819562,1451,0.0001438158621814,3,11,signflip_day_realtiming_negative
S2_ST_ROC,5m,64,is,fingrad_exact,False,False,182716,91947,90769,-0.0001181239609426,2.4513610649762192e-05,-0.0002626126828103,-6.368405255304172e-07,0.0001458904959686,-0.8053103091951941,0.78967968289898,0.7853577371048253,-2.4775441821895527,0.0030093082137739,0.4901455892512387,0.3120154399768037,,0.0014666666666666,0.0127905695741504,0.0026306084979143,-0.0015847906276093,-0.002748732458857,1,7,7,280443,600,26932,-4.709296720988126e-05,26406,-0.0002916682958712,23662,-0.0005006003205265,26924,-3.303043752327981e-05,25776,-4.2983148018537096e-05,26413,7.431524944733447e-05,26603,-2.7571161525938452e-05,3,11,signflip_day_realtiming_negative
S5_DONCHIAN_MFI,5m,64,is,fingrad_exact,False,False,6674,3380,3294,5.702802685194539e-05,0.0003031565408647,-0.0001955264289353,-1.5165781453354649e-05,0.0002948280558339,0.2448674977728628,0.4032795143404156,0.4026622296173044,0.2356959539167078,0.0014359747211081,0.147299842134927,0.44144767853893,,0.0014666666666666,0.0127905695741504,0.0026306084979143,-0.0014096386398147,-0.0025735804710624,3,7,7,280443,600,552,0.0002101591376624,615,0.000121976285526,710,0.0018869152469642,1690,-0.0002563999205455,798,-0.000543796746503,847,-6.843493256295465e-05,1462,-0.000153828985233,3,11,signflip_day_realtiming_negative
S6_EMA_DMI_ADX,5m,64,is,fingrad_exact,False,False,14518,7211,7307,0.0002575741258853,0.0003367007445641,0.0001794870795881,-2.6552579483743544e-07,0.0001555056938997,1.6580720950730512,0.0486514577376387,0.0515806988352745,1.4120821277563305,0.0021510003592245,0.344662859951754,0.3651739212821314,,0.0014666666666666,0.0127905695741504,0.0026306084979143,-0.0012090925407813,-0.002373034372029,4,7,7,280443,600,2355,0.0004492132322093,2102,-3.7207432806241934e-05,1957,0.0012311772837374,2074,0.0003583737633693,1749,0.000662773682468,2036,-0.0006891620102091,2245,-6.635386451863084e-05,3,11,signflip_day_realtiming_negative
N01_ST_EMA,5m,64,is,fingrad_exact,False,False,66570,33510,33060,-0.0001150770294728,1.7229886375769356e-05,-0.0002491848561541,-4.966541277437368e-07,0.0001655096983958,-0.6922879834570513,0.7556217525542619,0.7504159733777038,-1.4457505785737346,0.0021623544346636,0.3001164601414408,0.3820441621081187,,0.0014666666666666,0.0127905695741504,0.0026306084979143,-0.0015817436961394,-0.0027456855273871,3,7,7,280443,600,10081,3.752259289751637e-05,9864,-0.0003289527070552,8577,-0.0004187245355617,9564,3.348971165587604e-05,9506,-1.964784420081924e-05,9683,-0.0002411937609227,9295,0.0001074989483176,3,11,signflip_day_realtiming_negative
N02_ST_KST,5m,64,is,fingrad_exact,False,False,56124,28284,27840,-0.0001041180286411,8.940626099866947e-05,-0.0003007286970382,-6.005700107661586e-08,0.0001619212803426,-0.6426454349911469,0.7397729028383964,0.7437603993344426,-1.176845910588876,0.0019417385882619,0.2597997939447579,0.397509104953365,,0.0014666666666666,0.0127905695741504,0.0026306084979143,-0.0015707846953078,-0.0027347265265555,3,7,7,280443,600,8381,0.0001099257919348,8173,-0.0002074780642316,7409,-0.0004267239257875,8136,-0.0002020213218495,8120,0.0001385534261251,8071,-0.0002134631722911,7834,4.262961468674516e-05,3,11,signflip_day_realtiming_negative
N03_ADX_GC,5m,64,is,fingrad_exact,False,False,2162,1085,1077,-0.0002516029273003,-0.0012498446867078,0.0007540538126783,-1.462465060778542e-05,0.0004580098048117,-0.5174087414787182,0.6975645705992859,0.6955074875207987,-0.5725360927731314,-0.0053581897236079,-0.2397055131329314,0.5947207196629284,,0.0014666666666666,0.0127905695741504,0.0026306084979143,-0.001718269593967,-0.0028822114252147,3,7,7,280443,600,300,-0.0002374028820949,288,-0.0004316083422878,274,0.0002781972354947,311,0.0001207702877479,327,0.0010872857653822,326,-0.0019940457010027,336,-0.0004991387213819,3,11,signflip_day_realtiming_negative
N07_ICHI_CMO,5m,64,is,fingrad_exact,False,False,25479,12973,12506,-0.0001165241733956,4.7509995456789057e-05,-0.0002866837186157,1.7431068247678155e-06,0.000152380214102,-0.7761327867750851,0.7811647066687684,0.7886855241264559,-0.9196383567039684,-0.0055393444234749,-0.8582709023000792,0.8046285535968489,,0.0014666666666666,0.0127905695741504,0.0026306084979143,-0.0015831908400623,-0.0027471326713099,2,7,7,280443,600,3763,-4.570947982917428e-05,3756,-0.0001443694787122,3314,-0.0007201727793556,3662,0.0002943976929401,3817,1.147471264879198e-05,3642,-0.0001104607969562,3525,-0.0001666937292865,3,11,signflip_day_realtiming_negative
N08_ICHI_WR,5m,64,is,fingrad_exact,False,False,3666,1871,1795,0.0004076236426098,0.0006624468932569,0.0001420112181192,-1.4695797357664384e-05,0.0003587687406867,1.1771355530004404,0.1195707033185246,0.1214642262895174,1.2217743243459007,0.0305739683505912,2.103836885759077,0.0176963390075731,,0.0014666666666666,0.0127905695741504,0.0026306084979143,-0.0010590430240567,-0.0022229848553044,5,7,7,280443,600,527,0.0012270589774153,507,0.0004347823288178,435,0.0009126064406858,548,-0.0010407361401147,538,-0.0005415912265664,490,0.001811110019527,621,0.0003293483500939,3,11,signflip_day_realtiming_negative
N09_ALLIG_AROON,5m,64,is,fingrad_exact,False,False,27807,13947,13860,-0.0001274430221634,-9.162530827032824e-05,-0.0001634855658624,2.751763705349493e-06,0.000115866398739,-1.123663005718175,0.8694219919352268,0.8602329450915142,-1.0491016082492983,-0.0050314041145628,-1.0365075914026327,0.8500173001609256,,0.0014666666666666,0.0127905695741504,0.0026306084979143,-0.0015941096888301,-0.0027580515200778,2,7,7,280443,600,4089,-0.000107977985793,3988,-0.0003649303476049,3499,-0.0004065569929331,3956,-0.0004515074458697,4027,0.0003602469071732,4139,-6.695059231892667e-05,4109,9.44649971795642e-05,3,11,signflip_day_realtiming_negative
N10_HA_PSAR,5m,64,is,fingrad_exact,False,False,82675,41367,41308,-0.000184974746575,4.075498089702247e-05,-0.0004110268826343,3.7958382816773283e-07,7.275137776467792e-05,-2.547777596773388,0.994579421921838,0.995008319467554,-2.515930997250092,-0.005061780977742,-1.6721762833601663,0.9527552171329609,,0.0014666666666666,0.0127905695741504,0.0026306084979143,-0.0016516414132417,-0.0028155832444894,1,7,7,280443,600,7987,-0.0003186097954449,9409,-0.0001496809678567,11410,-0.0002117673903709,14735,-0.0002232552952116,11385,0.0001950730184471,11947,-0.0003536372491988,15802,-0.0002297033230019,3,11,signflip_day_realtiming_negative
N12_ICHI_AO,5m,64,is,fingrad_exact,False,False,28942,14678,14264,-0.0001948487589361,-3.3973380679566066e-06,-0.0003918568881778,-1.1944116510259183e-06,0.0001447173501065,-1.3381557024266866,0.9095771570500278,0.8968386023294509,-1.588277567568484,-0.0047777724790936,-0.8122787500053821,0.791684149460208,,0.0014666666666666,0.0127905695741504,0.0026306084979143,-0.0016615154256028,-0.0028254572568504,2,7,7,280443,600,4190,2.523078757680956e-05,4263,-2.6038566037161818e-05,3866,-0.0004292645069448,4155,-0.0005716574891149,4156,-0.0004170051437806,4119,-0.0002309446142872,4193,0.000258783763621,3,11,signflip_day_realtiming_negative
N14_ICHI_RSI,5m,64,is,fingrad_exact,False,False,3,1,2,-0.003932141424261,-0.003872285504709,-0.003962069384037,0.0004949815448244,0.0100000130395677,-0.4427117196316062,0.6710128677949819,0.7171381031613977,-3.313174110920732,-0.6298728780948614,-1.3194609159315318,0.9064924658845144,,0.0014666666666666,0.0127905695741504,0.0026306084979143,-0.0053988080909277,-0.0065627499221754,0,0,7,280443,600,1,-0.003872285504709,1,-0.0019070904645475,0,,0,,0,,1,-0.0060170483035266,0,,3,11,signflip_day_realtiming_negative
N17_KC_RSI,5m,64,is,fingrad_exact,False,False,221303,109444,111859,0.0003212366710342,0.0006688762608388,-1.889749131808356e-05,8.1724233218712e-06,0.0002221088341838,1.4095083109266582,0.0793424588589656,0.0665557404326123,6.457347057464501,-0.0070076995890815,-0.7658733449716397,0.7781241662847815,,0.0014666666666666,0.0127905695741504,0.0026306084979143,-0.0011454299956323,-0.00230937182688,7,7,7,280443,600,29744,0.000134916133549,33440,0.000152781997427,31273,0.0006120069970735,29181,0.0004857417605944,28817,0.0004208293458865,32636,0.000448987858843,36212,5.177099808506935e-05,3,11,signflip_day_realtiming_negative
N18_VWMA_MACD,5m,64,is,fingrad_exact,False,False,201475,101163,100312,-0.0003132103067389,-0.0001218876951246,-0.0005061560097331,-5.911209528809674e-06,0.0001385319581479,-2.218254194327893,0.9867312472725842,0.9816971713810316,-6.649612357737715,-0.0051767764904587,-0.8827720875316828,0.8113202878104635,,0.0014666666666666,0.0127905695741504,0.0026306084979143,-0.0017798769734056,-0.0029438188046533,1,7,7,280443,600,29424,-0.0003274593726053,28922,-0.0003786511612286,26663,-0.0004296933022817,29911,-0.0004960209119743,28876,1.7374960698847748e-05,29095,-0.0003032290460179,28584,-0.0002764976679292,3,11,signflip_day_realtiming_negative
N22_VORTEX_PSAR,5m,64,is,fingrad_exact,False,False,153163,76620,76543,2.4597779655787825e-05,0.0001661843275251,-0.0001171312001039,1.021676954820119e-06,4.664008432324028e-05,0.5054901388593754,0.3066073114139147,0.3044925124792013,0.4701118509480924,0.0009760568738035,0.4393729204118323,0.3301956723699251,,0.0014666666666666,0.0127905695741504,0.0026306084979143,-0.0014420688870108,-0.0026060107182585,5,7,7,280443,600,22110,3.648601271361912e-05,22410,7.85871974860084e-05,20258,0.0001729084408848,22056,7.23903283028019e-05,22027,-2.937153984691377e-05,22415,-0.0002272236278441,21887,8.408594775451627e-05,3,11,signflip_day_realtiming_negative
N23_HA_ST,5m,64,is,fingrad_exact,False,False,219916,110479,109437,-0.0002249251958665,4.0793167655541e-06,-0.0004561101657678,-1.2069651972551732e-06,0.0001556450759686,-1.4373614409385185,0.9246923404407428,0.9234608985024958,-4.965149785930639,0.0021396886044442,0.3315718920121801,0.3701062734368534,,0.0014666666666666,0.0127905695741504,0.0026306084979143,-0.0016915918625332,-0.0028555336937809,0,7,7,280443,600,25619,-5.519698610480695e-05,28891,-0.0001939270339222,30625,-0.0006074171676579,34537,-0.0002092333589884,31203,-0.0001033941623699,32296,-0.0002848824279731,36745,-0.0001140998130077,3,11,signflip_day_realtiming_negative
N24_DMI,5m,64,is,fingrad_exact,False,False,88138,45432,42706,-2.0405423321850472e-05,0.0001485873447792,-0.0002001853006311,5.153599894175873e-06,0.0001625605675992,-0.1572276942279906,0.5624672985509205,0.5657237936772047,-0.2940452743220395,-0.0009782761788267,-0.2378001609222102,0.5939819530742387,,0.0014666666666666,0.0127905695741504,0.0026306084979143,-0.0014870720899885,-0.0026510139212362,3,7,7,280443,600,12288,9.213394466752143e-05,11992,-0.0001263497761467,11734,-5.804465998432668e-05,13113,6.5328156697107e-05,12281,-6.781559535352333e-05,13103,-0.0001116733150681,13627,5.174272386425787e-05,3,11,signflip_day_realtiming_negative
N25_DST_CCI,5m,64,is,fingrad_exact,False,False,98071,49417,48654,-2.1955756079255125e-05,6.49201294967074e-05,-0.0001101940435275,4.127750308912289e-06,0.0001526455959119,-0.1708762459364738,0.5678394625330551,0.5773710482529119,-0.345188127401158,0.0018662294963838,0.2686334756532583,0.3941058745146809,,0.0014666666666666,0.0127905695741504,0.0026306084979143,-0.0014886224227459,-0.0026525642539936,5,7,7,280443,600,14382,9.416545330917072e-06,14297,2.4875001231954617e-05,12563,-0.0003616960413935,14517,9.977885678578566e-06,14404,0.0001356412375969,14510,-5.208025844301181e-05,13398,4.155522938363254e-05,3,11,signflip_day_realtiming_negative
S1_EMA_RSI_CHOP,5m,64,is,fingrad_approx,True,False,256,127,129,0.0009401742325832,0.0010909400688882,0.0007917458511047,6.141903927176363e-05,0.0014852378347067,0.5916595798847476,0.2770392841943726,0.2778702163061564,0.7663030857562331,0.0282079395143076,0.3926773781738009,0.3472788904503067,,0.0014666666666666,0.0127905695741504,0.0026306084979143,-0.0005264924340833,-0.001690434265331,5,7,7,280443,600,60,0.0022190120625716,46,-0.0019290202658583,27,0.0016756890363936,25,0.0029604486620085,25,0.0002739760482444,27,-0.0043701357656357,46,0.0040906142597766,3,11,signflip_day_realtiming_negative
S3_CMO_SANDWICH,5m,64,is,fingrad_approx,True,False,14975,7617,7358,-1.0347335630061123e-05,9.844958385347984e-05,-0.0001229738830214,1.880009015010516e-05,0.0001930235281101,-0.1510045229487976,0.5600139259916436,0.5424292845257903,-0.0613587480013367,-4.9109841479415445e-05,-0.11451345905029,0.5455846110985441,,0.0014666666666666,0.0127905695741504,0.0026306084979143,-0.0014770140022967,-0.0026409558335444,3,7,7,280443,600,2421,-0.0001988432212502,2372,-0.0005987270852431,1838,-0.0002440266493967,2085,0.0001805229699499,2065,0.0004454356352378,2169,0.0005065018714465,2025,-9.860139402685734e-05,3,11,signflip_day_realtiming_negative
S4_BB_BBP,5m,64,is,fingrad_approx,True,False,64694,32116,32578,1.5198887384831248e-05,0.0002804555303184,-0.0002462960584207,-3.1854447243430357e-06,0.0001185154219722,0.1551218550568032,0.4383626264440748,0.4475873544093178,0.189363975632569,0.0083907408756177,1.685086220235539,0.0459859689200417,,0.0014666666666666,0.0127905695741504,0.0026306084979143,-0.0014514677792818,-0.0026154096105295,4,7,7,280443,600,9230,0.0002383203475093,9426,-7.479793319916766e-05,8673,-0.0001561219686029,9478,-0.0003391661641541,9193,0.000234179065321,9436,1.7998152010642917e-05,9258,0.0001873676127647,3,11,signflip_day_realtiming_negative
N04_ST_KLINGER,5m,64,is,fingrad_approx,True,False,171516,85950,85566,-0.0001565568814359,8.042003234380414e-05,-0.0003945972916383,-2.3281822924818755e-06,0.0001483911779893,-1.0393387345074383,0.850676386854813,0.8469217970049917,-3.0963303477722204,0.0005928989297276,0.0852418759958422,0.4660345497410328,,0.0014666666666666,0.0127905695741504,0.0026306084979143,-0.0016232235481026,-0.0027871653793503,2,7,7,280443,600,26074,-9.643642178786938e-05,26426,-0.0001727240901519,23193,-0.0006612150519249,22460,-0.0001759494369586,24034,9.32683099092666e-05,25478,-0.0001317630200581,23851,2.640194162699659e-05,3,11,signflip_day_realtiming_negative
N05_PSAR_POC,5m,64,is,fingrad_approx,True,False,15392,7663,7729,-1.702123875881187e-05,0.000257110564742,-0.0002888121574063,-1.0178646667817218e-05,0.0001679419261536,-0.0407437990483265,0.5162499280119918,0.5391014975041597,-0.1027686375424465,-0.0006394017046238,-0.0679029396824145,0.5270685506857771,,0.0014666666666666,0.0127905695741504,0.0026306084979143,-0.0014836879054254,-0.0026476297366731,3,7,7,280443,600,2912,-9.76221288561491e-05,2620,3.864456543191047e-05,1851,-0.000415510217722,2015,0.000381283105778,2025,-0.0001688436012128,2118,0.000812779634586,1851,-0.0007875197449566,3,11,signflip_day_realtiming_negative
N06_MACD_ORB,5m,64,is,fingrad_approx,True,False,8025,4055,3970,-0.0001731954789257,0.0002534919848336,-0.0006090185684834,-2.521457859379544e-05,0.0002908364757071,-0.5088113517127284,0.6945577691284125,0.6738768718801996,-0.8196491883107861,0.0084495215202752,0.734454587718246,0.2313358638933045,,0.0014666666666666,0.0127905695741504,0.0026306084979143,-0.0016398621455923,-0.00280380397684,4,7,7,280443,600,1331,0.0001031535409866,1167,-0.0002862334845451,1038,-0.0014260706703486,1139,-0.0007776733759981,1161,0.0004611923041199,1177,0.0001815283774229,1012,0.0004187466015867,3,11,signflip_day_realtiming_negative
N11_BREAKAWAY,5m,64,is,fingrad_approx,True,False,773,396,377,0.0007891142726673,0.0007340303885174,0.0008469742676894,-3.1955079061384075e-05,0.0007847778930797,1.0462442418026834,0.1477241407072769,0.1564059900166389,0.9825143303167092,0.0558004508199405,1.7194889027287488,0.042762693299977,,0.0014666666666666,0.0127905695741504,0.0026306084979143,-0.0006775523939993,-0.001841494225247,5,7,7,280443,600,82,0.0017611209166798,94,0.00259928578013,123,0.0015478843443531,120,-0.0007548837223593,102,-0.0015871625650806,100,0.0025702363576655,152,0.000173051134679,3,11,signflip_day_realtiming_negative
N13_3OUTSIDE,5m,64,is,fingrad_approx,True,False,15365,7743,7622,-0.0002669728247723,-0.0002433143224448,-0.0002910069081523,-7.08234822291173e-07,0.0001733985208586,-1.5355643671679506,0.9376773704548208,0.9434276206322796,-1.6039658885671095,-0.0192461185722796,-2.670159706564162,0.996209241165296,,0.0014666666666666,0.0127905695741504,0.0026306084979143,-0.001733639491439,-0.0028975813226867,3,7,7,280443,600,1805,-0.0008764454996437,2151,3.937161672879316e-05,2149,-0.0008130954139414,2248,7.120440141127139e-05,2056,0.0008714457041683,2414,-0.0002010894345255,2542,-0.0009141343807994,3,11,signflip_day_realtiming_negative
N15_KC_AO,5m,64,is,fingrad_approx,True,False,136,59,77,-0.0045078693324995,-0.0005258069349017,-0.0075590600007887,-3.7280879777918006e-05,0.0019176284099397,-2.3313111286570813,0.9901315200828236,0.9833610648918468,-1.7322780383877308,-0.1130116145596518,-1.2811152897463929,0.8999234129192777,,0.0014666666666666,0.0127905695741504,0.0026306084979143,-0.0059745359991662,-0.0071384778304139,1,6,7,280443,600,26,0.0009377660363336,27,-0.0028842873759,5,-0.0176956829813385,18,-0.0074824491310591,15,-0.0133714963362796,20,-0.0010245584476561,25,-0.0046140109500894,3,11,signflip_day_realtiming_negative
N16_BBRSI,5m,64,is,fingrad_approx,True,False,22857,11485,11372,-5.578316721266912e-05,-5.226290367523384e-05,-5.933841050562062e-05,9.438826714683752e-06,0.000153020920461,-0.4262292615339256,0.6650296013319477,0.6589018302828619,-0.4024482166070036,-0.0029866113585935,-0.5451625896817779,0.7071791506988003,,0.0014666666666666,0.0127905695741504,0.0026306084979143,-0.0015224498338793,-0.002686391665127,4,7,7,280443,600,3625,0.0001998755172606,3549,2.6359849255216213e-05,2826,-0.0006969372242928,3105,-0.0004075943145884,2969,2.069876179805895e-05,3302,-0.0003373197942336,3481,0.0006303833873522,3,11,signflip_day_realtiming_negative
N19_FIB_CHOP,5m,64,is,fingrad_approx,True,False,15481,7917,7564,-0.000366319315661,0.000456566489313,-0.0012276079087309,-1.0890178690408548e-05,0.0003130292318758,-1.1354503055216871,0.8719066538723175,0.8735440931780366,-2.067552701914108,0.0073168014873552,0.5690910645957594,0.2846471709614298,,0.0014666666666666,0.0127905695741504,0.0026306084979143,-0.0018329859823277,-0.0029969278135754,3,7,7,280443,600,1927,6.131146584854696e-05,2009,0.0006395354653038,1870,-0.0014951241519351,2475,0.0003500372669358,2418,-0.0010381944775416,2116,-0.0009656101301705,2666,-0.0002216196772865,3,11,signflip_day_realtiming_negative
N20_EMA9_CHOP,5m,64,is,fingrad_approx,True,False,95158,49775,45383,-4.495751800376782e-06,0.0001215106176539,-0.0001426965547352,1.0165166765215529e-05,0.0002196752811961,-0.0667390454026507,0.5266052750735308,0.5524126455906821,-0.0692570108829999,-0.0034743796317687,-0.4801673469993018,0.6844457983957566,,0.0014666666666666,0.0127905695741504,0.0026306084979143,-0.001471162418467,-0.0026351042497147,2,7,7,280443,600,13140,-7.386973124091212e-05,12737,-9.374612117010423e-06,12509,-0.0001424869139008,14507,-6.299858658005781e-05,13401,-0.000120139724164,14117,0.0002086916720352,14747,0.000137141612811,3,11,signflip_day_realtiming_negative
V39_ALL,5m,64,is,pine,False,False,66837,33706,33131,-0.0001191639628212,-3.4509272537862366e-05,-0.0002052878646259,-8.875261121818067e-06,0.0001736368892642,-0.6351686105800561,0.73734077347636,0.7437603993344426,-1.5108731294949902,0.0018341426698206,0.3092485492326218,0.3785662328190865,,0.0014666666666666,0.0127905695741504,0.0026306084979143,-0.0015858306294879,-0.0027497724607356,3,7,7,280443,600,10051,-0.0001427188553446,10485,-0.0005967877312942,8923,-0.0001591047386172,9007,5.610872801944709e-05,9749,1.353909944031775e-06,9890,-3.830976666544976e-05,8732,0.0001153492199144,3,11,signflip_day_realtiming_negative
OBV_S,5m,64,is,pine,False,False,25297,12519,12778,-3.3087398326059884e-05,0.0001269003482219,-0.0001898323192083,-5.567502588064841e-06,0.0001728362264299,-0.1592252753166657,0.563254304467556,0.5657237936772047,-0.2660221083125514,0.0019762303172858,0.317741935854769,0.3753403490838924,,0.0014666666666666,0.0127905695741504,0.0026306084979143,-0.0014997540649927,-0.0026636958962404,3,7,7,280443,600,3854,-7.802044282096788e-05,3619,-0.0003476815639389,3048,-0.0002909965528705,3757,6.920605101046979e-05,3626,-5.937456908452468e-06,3686,0.0002308712953179,3707,0.0001401204302086,3,11,signflip_day_realtiming_negative
OBV_B,5m,64,is,pine,False,False,66927,33192,33735,-3.4072774282320293e-06,0.0001806189229269,-0.0001844713842072,2.036816460046628e-06,8.622727665026875e-05,-0.063136563043264,0.5251711203666222,0.5108153078202995,-0.04195008600926,-0.0011999889450856,-0.3014174175044902,0.6184518928545611,,0.0014666666666666,0.0127905695741504,0.0026306084979143,-0.0014700739440948,-0.0026340157753425,4,7,7,280443,600,10268,0.000286792913674,10070,0.0001790840007136,8875,-0.0004372474017865,9133,-0.0001499514065539,9551,4.927340747888741e-05,9873,-5.703488450887483e-05,9157,4.000956706417078e-05,3,11,signflip_day_realtiming_negative
V45_AMB,5m,64,is,v45,False,True,30604,15274,15330,-0.0001626981595867,-9.825540665723108e-05,-0.0002269055051995,1.787052566015978e-06,0.0002537133436907,-0.6483112388175416,0.7416081668059334,0.740432612312812,-1.5141782860685549,-0.0066314400014511,-0.6121228130082897,0.7297717474853931,,0.0014666666666666,0.0127905695741504,0.0026306084979143,-0.0016293648262533,-0.002793306657501,3,7,7,280443,600,4374,-7.406014393849162e-05,4257,1.799655932210716e-05,4053,-0.0007635242126279,4686,-0.0003125537553839,4583,-0.0001101818542409,4517,3.6878019213034255e-05,4134,4.00796316576811e-05,3,11,signflip_day_realtiming_negative
DOGE_L,5m,64,is,doge,False,True,8556,4155,4401,0.0010979388577651,0.0008200617084515,0.0013602836783509,-7.712455447695015e-06,0.0004239426847255,2.6080207373517257,0.0045533718590221,0.0083194675540765,4.401719262034144,0.0298047328477069,1.7355035419557137,0.0413258273373935,,0.0014666666666666,0.0127905695741504,0.0026306084979143,-0.0003687278089014,-0.0015326696401491,7,7,7,280443,600,1032,0.0002966338742676,1178,0.000217730489081,1229,0.001351278549294,1265,0.0015056590648678,1190,0.0021073839036877,1247,0.00063984655095,1415,0.0013853686530696,3,11,signflip_day_realtiming_negative
DOGE_S,5m,64,is,doge,False,True,8420,4445,3975,-0.0004409938831716,-5.9098321592818e-05,-0.000868044391654,-5.2698714209085015e-06,0.0004596995247597,-0.947845251696694,0.8283958801114251,0.8236272878535774,-1.7087696389836882,0.0028546651253908,0.1360931635968706,0.4458738159528959,,0.0014666666666666,0.0127905695741504,0.0026306084979143,-0.0019076605498382,-0.0030716023810859,1,7,7,280443,600,933,-0.0007414164882451,1077,-0.0015269819874439,1229,-5.834840364516782e-05,1277,-0.0003744159495861,1224,-0.0011473182203344,1229,-0.0001417769280618,1451,0.0005179416882726,3,11,signflip_day_realtiming_negative
S2_ST_ROC,5m,4,is,fingrad_exact,False,False,182739,93424,89315,-2.8060013133652026e-05,-2.709541707807427e-05,-2.906898611575241e-05,9.717209886264392e-07,1.5965095820372958e-05,-1.8184503525015647,0.9655023358168618,0.9683860232945092,-2.281381185733897,-0.0074664207575555,-2.749325937079772,0.9970141014474352,,0.0014041666666666,0.003202487715711,0.0016955930487963,-0.0014322266798003,-0.00172365306193,1,7,7,280503,600,26935,-8.618936172587162e-06,26410,-3.237181895730331e-05,23665,-4.917540470732385e-05,26929,-2.748935336678614e-06,25778,1.8769837732537585e-05,26415,-6.62975384294197e-05,26607,-5.770681861673308e-05,5,11,signflip_day_realtiming_negative
S5_DONCHIAN_MFI,5m,4,is,fingrad_exact,False,False,6674,3292,3382,-0.0001014845019609,-0.0001418647124192,-6.21788683628786e-05,-3.85582955299275e-07,6.746426463259365e-05,-1.498555117383219,0.9330054581331992,0.9317803660565724,-1.3107471321761794,-0.0176854694606941,-1.4135529268229805,0.9212533945427748,,0.0014041666666666,0.003202487715711,0.0016955930487963,-0.0015056511686276,-0.0017970775507573,2,7,7,280503,600,552,-0.000473826406396,615,-0.0004145857570844,710,-2.833829999675034e-05,1690,0.0001448292476463,798,-0.0003367545171109,847,2.2143103703864186e-05,1462,-9.264807719378168e-05,5,11,signflip_day_realtiming_negative
S6_EMA_DMI_ADX,5m,4,is,fingrad_exact,False,False,14519,7270,7249,-5.499234889267503e-05,-6.140651927025788e-05,-4.8559596975855136e-05,3.7328568670690717e-07,4.687286233473295e-05,-1.181187404003613,0.8812358580049227,0.8851913477537438,-1.135538734645281,0.0005334487946666,0.120506028633977,0.4520411521446633,,0.0014041666666666,0.003202487715711,0.0016955930487963,-0.0014591590155593,-0.001750585397689,3,7,7,280503,600,2356,-2.183983403383894e-05,2102,5.965842102086091e-05,1957,-7.173718134481596e-05,2074,-0.0001910018261319,1749,3.148379471784628e-05,2036,4.4063193269042814e-05,2245,-0.0002140898141392,5,11,signflip_day_realtiming_negative
N01_ST_EMA,5m,4,is,fingrad_exact,False,False,66576,34124,32452,-1.0005395294741698e-05,-1.6385988327826642e-05,-3.296059763465025e-06,1.829316008841148e-06,2.3285575106446957e-05,-0.5082421735122287,0.6943582409862937,0.697171381031614,-0.5050679279091146,-0.006866336580143,-1.7329697108168631,0.9584494737395942,,0.0014041666666666,0.003202487715711,0.0016955930487963,-0.0014141720619614,-0.0017055984440911,2,7,7,280503,600,10082,-8.321967702156573e-06,9865,-1.798846167076484e-05,8578,6.925155177232768e-05,9565,-2.5128298006544816e-05,9507,8.484487171893594e-06,9683,-3.318123205008098e-05,9296,-5.570317713642099e-05,5,11,signflip_day_realtiming_negative
N02_ST_KST,5m,4,is,fingrad_exact,False,False,56137,28883,27254,-7.351591935132637e-05,-5.333585554709313e-05,-9.490216661256024e-05,1.2053409915738443e-06,2.707120225869967e-05,-2.7601751717136094,0.9971114811977952,0.9983361064891848,-3.134472007943925,-0.0068207901600969,-1.525133261580112,0.9363870687534084,,0.0014041666666666,0.003202487715711,0.0016955930487963,-0.0014776825860179,-0.0017691089681476,0,7,7,280503,600,8383,-9.16443747227168e-05,8176,-0.000149701958854,7410,-6.298440637188711e-05,8139,-1.952317163137402e-05,8121,-5.97988991449098e-05,8073,-6.953944357403064e-05,7835,-5.898057724080052e-05,5,11,signflip_day_realtiming_negative
N03_ADX_GC,5m,4,is,fingrad_exact,False,False,2162,1077,1085,4.83760245191088e-05,-8.185653225058997e-05,0.0001776483412388,-5.79390258219904e-06,0.0001174051935869,0.4613929371120009,0.3222583589316599,0.3227953410981697,0.3020152517977973,-0.0009827111304799,-0.017985145511633,0.5071746481698668,,0.0014041666666666,0.003202487715711,0.0016955930487963,-0.0013557906421475,-0.0016472170242772,3,7,7,280503,600,300,0.0001927735600216,288,-0.0003792316359003,274,-0.0001396886104627,311,0.0001484636777098,327,-8.430679816942303e-05,326,0.000667311696647,336,-0.0001246940668553,5,11,signflip_day_realtiming_negative
N07_ICHI_CMO,5m,4,is,fingrad_exact,False,False,25481,12445,13036,1.6484924656824295e-06,-4.693596291190541e-05,4.803032333205867e-05,3.697723491055296e-06,3.699933836000327e-05,-0.055385612721878,0.5220843711858495,0.5257903494176372,0.0488028336670279,0.003541490255023,0.4908996144775681,0.311748724873084,,0.0014041666666666,0.003202487715711,0.0016955930487963,-0.0014025181742009,-0.0016939445563306,3,7,7,280503,600,3764,-3.846863870238827e-06,3756,-3.5547922811534195e-05,3314,9.15014927209095e-05,3663,-2.664673368714908e-06,3817,-5.87608887251022e-05,3642,6.917921391374686e-06,3525,2.712704239279219e-05,5,11,signflip_day_realtiming_negative
N08_ICHI_WR,5m,4,is,fingrad_exact,False,False,3666,1828,1838,-0.0001605045713684,-0.0001833266598018,-0.0001378066509897,-3.0962958101967583e-06,9.242445740429105e-05,-1.7031019708314226,0.955725506403506,0.9550748752079868,-1.9325961432923269,-0.0256235211881672,-1.578717566436687,0.9427995731312394,,0.0014041666666666,0.003202487715711,0.0016955930487963,-0.0015646712380351,-0.0018560976201648,1,7,7,280503,600,527,-0.0001406403328138,507,-0.0004771932555326,435,0.0002709058176201,548,-0.0003128115446426,538,-4.796027023324525e-05,490,-0.000150902166719,621,-0.0001916810624986,5,11,signflip_day_realtiming_negative
N09_ALLIG_AROON,5m,4,is,fingrad_exact,False,False,27808,14034,13774,-0.0001095550830003,-9.849923722189772e-05,-0.0001208196205098,-7.673068536790588e-08,3.698850003949066e-05,-2.959794319805125,0.998460777535115,1.0,-3.0701156885542327,-0.0163390631618896,-2.4611578391427,0.9930755287744198,,0.0014041666666666,0.003202487715711,0.0016955930487963,-0.001513721749667,-0.0018051481317967,0,7,7,280503,600,4089,-0.0001059734168478,3988,-6.117999039089946e-05,3500,-8.821399219526734e-05,3956,-2.4739713222713644e-05,4027,-0.0001039381316883,4139,-0.000235879401738,4109,-0.0001381634623045,5,11,signflip_day_realtiming_negative
N10_HA_PSAR,5m,4,is,fingrad_exact,False,False,82685,41289,41396,-2.123078094237083e-05,-1.5750136764182377e-05,-2.669725880190371e-05,7.138966934421744e-07,2.008653061338852e-05,-1.0925071162456472,0.862694867846455,0.8618968386023295,-1.0861718951227557,0.0042884947560975,1.1349896366250831,0.1281898302861884,,0.0014041666666666,0.003202487715711,0.0016955930487963,-0.001425397447609,-0.0017168238297387,3,7,7,280503,600,7987,-8.249377995988266e-06,9410,-5.4352578825443966e-05,11411,1.2575080763176197e-06,14738,8.443119689661033e-07,11386,-9.134375852473302e-05,11950,1.3839267384448317e-05,15803,-2.08981635485399e-05,5,11,signflip_day_realtiming_negative
N12_ICHI_AO,5m,4,is,fingrad_exact,False,False,28947,14515,14432,-1.6893670596495403e-05,-8.21114076510542e-05,4.869914074960501e-05,1.439077429496202e-06,3.5742558281301455e-05,-0.5129109081031363,0.6959931786259699,0.7088186356073212,-0.5172168832480012,-0.0017791594735875,-0.3200324454504886,0.6255281324756468,,0.0014041666666666,0.003202487715711,0.0016955930487963,-0.0014210603372631,-0.0017124867193928,2,7,7,280503,600,4190,-1.1489604634767507e-05,4264,4.803616166236579e-05,3866,-2.2786046609007705e-05,4157,-3.3947402185755726e-05,4157,-1.1440586909923677e-05,4119,-0.0001082439187261,4194,1.834038994482254e-05,5,11,signflip_day_realtiming_negative
N14_ICHI_RSI,5m,4,is,fingrad_exact,False,False,3,1,2,-0.0005500213985027,8.357011532678094e-05,-0.0008668171554174,0.0001598110278834,0.0025126071253531,-0.2825083234158197,0.611223117377232,0.6522462562396006,-1.6063848055380547,-0.2922982547653251,-0.5852247172049853,0.7208016864268186,,0.0014041666666666,0.003202487715711,0.0016955930487963,-0.0019541880651693,-0.002245614447299,0,0,7,280503,600,1,-0.0010918250198814,1,-0.0006418092909534,0,,0,,0,,1,8.357011532678094e-05,0,,5,11,signflip_day_realtiming_negative
N17_KC_RSI,5m,4,is,fingrad_exact,False,False,221384,106821,114563,5.242206372665135e-05,0.0001769958474133,-6.373320583854649e-05,-1.4215249802701949e-06,2.5685277539111832e-05,2.096282145479336,0.0180285848183629,0.0249584026622296,3.101889767164948,0.0055843228840607,1.364454654179243,0.086212258305451,,0.0014041666666666,0.003202487715711,0.0016955930487963,-0.00135174460294,-0.0016431709850697,6,7,7,280503,600,29755,7.77263256496144e-05,33448,8.914249735308682e-05,31290,6.936246075052338e-05,29188,-5.306910873842801e-05,28825,4.286329069615958e-05,32647,7.260318333055936e-05,36231,5.751539712827265e-05,5,11,signflip_day_realtiming_negative
N18_VWMA_MACD,5m,4,is,fingrad_exact,False,False,201521,101054,100467,-1.4324963949417174e-05,-1.1827263561537062e-05,-1.68372576876281e-05,8.026365551220009e-07,2.026467283330813e-05,-0.7465010972037318,0.7723176154808127,0.7653910149750416,-1.118021616737756,-0.0003805129066775,-0.1300179895284423,0.5517239030414189,,0.0014041666666666,0.003202487715711,0.0016955930487963,-0.001418491630616,-0.0017099180127457,4,7,7,280503,600,29430,2.683476740280671e-06,28934,3.2989241784406195e-05,26666,-1.388864984541086e-06,29922,1.792346503053209e-05,28882,-5.277104548283051e-05,29101,-0.0001014071265239,28586,1.9465883767181983e-06,5,11,signflip_day_realtiming_negative
N22_VORTEX_PSAR,5m,4,is,fingrad_exact,False,False,153191,76161,77030,-4.330079500645601e-06,5.126267701118324e-06,-1.3679746633367168e-05,9.19954922733403e-07,1.6103694990642396e-05,-0.3260142735210594,0.6277932220486151,0.627287853577371,-0.3287398259878006,0.0042368796923817,1.40083507681344,0.0806316983739862,,0.0014041666666666,0.003202487715711,0.0016955930487963,-0.0014084967461673,-0.001699923128297,3,7,7,280503,600,22113,-7.594211754644254e-07,22412,1.6373265431875055e-05,20262,4.0967622159896304e-05,22065,-1.6830767206184755e-05,22029,-4.844838053584945e-05,22420,9.318988474278534e-06,21890,-2.804345279844627e-05,5,11,signflip_day_realtiming_negative
N23_HA_ST,5m,4,is,fingrad_exact,False,False,219947,112529,107418,-2.8649307645447728e-05,-6.098965693260173e-06,-5.227260569175014e-05,1.2715986250760837e-06,1.5003316282830225e-05,-1.99428617690112,0.9769396054947156,0.9683860232945092,-2.298985993184383,-0.0023546236398928,-1.0233469962819368,0.8469280946653079,,0.0014041666666666,0.003202487715711,0.0016955930487963,-0.0014328159743121,-0.0017242423564418,0,7,7,280503,600,25623,-8.032648984434423e-06,28892,-4.318616885714701e-05,30630,-1.5782094980356183e-05,34543,-2.1808188802423587e-05,31208,-2.7108976538271164e-05,32300,-6.48226398699793e-05,36751,-1.8265077698220747e-05,5,11,signflip_day_realtiming_negative
N24_DMI,5m,4,is,fingrad_exact,False,False,88141,43932,44209,-1.0132394791448595e-05,-4.787373687112339e-06,-1.5443925637106732e-05,1.178304185080812e-06,2.1901063617120024e-05,-0.516445190711553,0.6972282449546283,0.7054908485856906,-0.6059826937607686,-0.0001864537068782,-0.0762246088456226,0.5303797976932818,,0.0014041666666666,0.003202487715711,0.0016955930487963,-0.0014142990614581,-0.0017057254435878,4,7,7,280503,600,12289,3.064633062681558e-05,11992,3.836088302774022e-05,11736,-4.991542554415484e-05,13113,1.423708288570811e-05,12281,-1.8182839134046008e-05,13103,2.4708362953880505e-06,13627,-8.363331840625288e-05,5,11,signflip_day_realtiming_negative
N25_DST_CCI,5m,4,is,fingrad_exact,False,False,98093,50081,48012,-2.6663239773189573e-06,-2.01608767696504e-05,1.558212845942084e-05,1.6855691202726154e-06,2.077293555057685e-05,-0.2094982236379548,0.5829703390238871,0.5940099833610649,-0.1862418995264798,0.0001821135761913,-0.0686554657689083,0.5273680661593804,,0.0014041666666666,0.003202487715711,0.0016955930487963,-0.0014068329906439,-0.0016982593727736,4,7,7,280503,600,14387,3.995153148059772e-05,14303,-1.318629137724765e-05,12565,2.5621360252515164e-05,14519,5.632683544961954e-07,14405,-9.42646046577774e-05,14515,2.9498352392188456e-05,13399,-3.5916348562467338e-06,5,11,signflip_day_realtiming_negative
S1_EMA_RSI_CHOP,5m,4,is,fingrad_approx,True,False,256,112,144,-0.0008630813452717,-0.0006456568929787,-0.0010321892526107,-3.4959597223351454e-06,0.0003488009833012,-2.4644006946706227,0.9931378705891376,0.9916805324459236,-1.4794147114940213,-0.1242941922778881,-1.818554653436724,0.9655102992970924,,0.0014041666666666,0.003202487715711,0.0016955930487963,-0.0022672480119384,-0.0025586743940681,2,7,7,280503,600,60,-0.0018262131782544,46,-0.001659544462772,27,0.0008748409849864,25,-0.0024686257571316,25,-6.130603098756016e-05,27,0.0005488882589662,46,-0.0002223778976202,5,11,signflip_day_realtiming_negative
S3_CMO_SANDWICH,5m,4,is,fingrad_approx,True,False,14975,7511,7464,0.0001059823351401,0.0001527568995286,5.891323638311846e-05,-2.6460468797589543e-06,4.7040545901113807e-05,2.3092500297135308,0.0104648554061789,0.0099833610648918,2.579271763200543,-0.0006985774813285,-0.0547273795298823,0.5218221718328908,,0.0014041666666666,0.003202487715711,0.0016955930487963,-0.0012981843315265,-0.0015896107136562,6,7,7,280503,600,2421,2.0557623117450003e-05,2372,7.741398026369811e-05,1838,0.0003696604956357,2085,-9.739578393037592e-05,2065,0.0002412837575735,2169,5.225875000415194e-05,2025,0.000131221497451,5,11,signflip_day_realtiming_negative
S4_BB_BBP,5m,4,is,fingrad_approx,True,False,64697,32419,32278,-3.847305316073781e-06,4.343908750421664e-05,-5.134025930457975e-05,1.421486452361338e-07,2.4865305280032173e-05,-0.1604425892375271,0.5637337786114807,0.5856905158069884,-0.1807922842314781,-0.0052057362873743,-1.1570358803903502,0.8763711493245845,,0.0014041666666666,0.003202487715711,0.0016955930487963,-0.0014080139719827,-0.0016994403541124,4,7,7,280503,600,9230,-4.614124101052972e-05,9426,-4.928873244251991e-05,8674,3.862511879472591e-06,9479,0.000117140228612,9193,-8.236714667858115e-05,9437,2.2048342885149378e-05,9258,5.05783614699862e-06,5,11,signflip_day_realtiming_negative
N04_ST_KLINGER,5m,4,is,fingrad_approx,True,False,171549,87480,84069,-6.078346564430853e-06,4.288771620359532e-05,-5.703114927347854e-05,1.5978307454353226e-06,1.554374416724076e-05,-0.4938435184776211,0.6892916518748169,0.6838602329450915,-0.4450017948588988,0.0006122290596727,0.0587851714278303,0.4765616097602981,,0.0014041666666666,0.003202487715711,0.0016955930487963,-0.001410245013231,-0.0017016713953607,2,7,7,280503,600,26080,-3.743367747112959e-05,26430,-4.51416195155564e-05,23198,-2.3812209481216665e-06,22465,4.873025972440146e-05,24038,-7.193995678440713e-06,25483,2.2611920914907792e-05,23855,-1.325286087816906e-05,5,11,signflip_day_realtiming_negative
N05_PSAR_POC,5m,4,is,fingrad_approx,True,False,15393,7662,7731,-1.843144189492344e-05,4.170339677258619e-06,-4.083150015466461e-05,1.5628389078255845e-06,4.283184829664271e-05,-0.4668087322376009,0.6796816361208292,0.6655574043261231,-0.4372281302734107,-0.0003280335420355,-0.0553183379156007,0.5220575735046045,,0.0014041666666666,0.003202487715711,0.0016955930487963,-0.0014225981085615,-0.0017140244906912,3,7,7,280503,600,2912,8.3093542554252e-05,2620,1.6339832220354578e-05,1851,8.64197257925685e-05,2016,-8.684390345219288e-05,2025,-0.0001799586396581,2118,-7.941562864644794e-05,1851,-1.1216098176844476e-05,5,11,signflip_day_realtiming_negative
N06_MACD_ORB,5m,4,is,fingrad_approx,True,False,8027,4039,3988,-4.404781362469212e-05,9.143373666347966e-05,-0.0001812619514416,6.947022374204979e-08,6.630559269952804e-05,-0.6653629362512009,0.7470908074477527,0.7504159733777038,-0.7111816584899628,-0.0178582484594918,-1.4023608089047492,0.9195962348701836,,0.0014041666666666,0.003202487715711,0.0016955930487963,-0.0014482144802913,-0.001739640862421,2,7,7,280503,600,1331,-2.237603684886219e-05,1167,3.1267604781321245e-05,1038,-7.749743319360122e-05,1139,2.9685544992211104e-05,1161,-3.269426340964745e-05,1179,-6.242868810410885e-05,1012,-0.0001996903425861,5,11,signflip_day_realtiming_negative
N11_BREAKAWAY,5m,4,is,fingrad_approx,True,False,774,373,401,0.0002568895871842,0.0001449258568363,0.0003610354011985,4.602439971296641e-07,0.0001894614795111,1.3534642706722737,0.0879536784963271,0.08153078202995,1.196453497865558,-0.0028360775858809,-0.0738009473888892,0.5294156134121432,,0.0014041666666666,0.003202487715711,0.0016955930487963,-0.0011472770794824,-0.0014387034616121,6,7,7,280503,600,82,3.422195783721699e-05,94,0.0010711665075335,123,-0.0006938791086889,120,0.0005377039575823,102,0.0005491091666015,100,0.0005366341133195,153,4.239736838786789e-05,5,11,signflip_day_realtiming_negative
N13_3OUTSIDE,5m,4,is,fingrad_approx,True,False,15366,7709,7657,1.703777466242236e-05,-9.11012770746952e-05,0.0001259112172432,-2.587645864968912e-06,4.5710181761231216e-05,0.4293446180088577,0.333836225513385,0.3261231281198003,0.3997361982761621,0.0167819730222455,2.0701397239955357,0.0192196309278673,,0.0014041666666666,0.003202487715711,0.0016955930487963,-0.0013871288920042,-0.0016785552741339,5,7,7,280503,600,1805,0.0001068193526956,2152,7.564107931047423e-05,2149,4.310949677179506e-05,2248,-0.0001111279591964,2056,-0.0002228643428775,2414,0.0001440434423127,2542,6.840105196511094e-05,5,11,signflip_day_realtiming_negative
N15_KC_AO,5m,4,is,fingrad_approx,True,False,136,67,69,-0.0014006467498917,-0.0009995626876028,-0.0017901051871867,3.0993997755868424e-05,0.000509478560279,-2.810011763524337,0.9975230155377792,0.9966722129783694,-1.904444554452161,-0.1196413008155471,-1.36778500537239,0.9143103086987394,,0.0014041666666666,0.003202487715711,0.0016955930487963,-0.0028048134165583,-0.003096239798688,1,6,7,280503,600,26,-0.0021835324592425,27,-0.0029322686118809,5,-0.0024425653212463,18,-5.976857069841154e-05,15,-0.0026125034248249,20,-0.0001218859927399,25,1.476282327181e-05,5,11,signflip_day_realtiming_negative
N16_BBRSI,5m,4,is,fingrad_approx,True,False,22859,11472,11387,4.422143520213571e-05,5.929423445511643e-06,8.27992835267156e-05,-1.32447207843753e-06,3.8858920533880126e-05,1.1720836980240583,0.1205817271200248,0.1131447587354409,1.1760234207357734,0.0119438666938454,1.6598483176642211,0.0484724853629586,,0.0014041666666666,0.003202487715711,0.0016955930487963,-0.0013599452314645,-0.0016513716135942,6,7,7,280503,600,3626,1.6730899418434544e-05,3549,0.0001532322413861,2826,3.25900431600043e-05,3105,2.2664755135052157e-05,2970,1.529492042167102e-05,3302,-3.131047338725895e-06,3481,5.9985521203785855e-05,5,11,signflip_day_realtiming_negative
N19_FIB_CHOP,5m,4,is,fingrad_approx,True,False,15485,8093,7392,6.127501699501233e-05,0.0002376308983753,-0.0001318050896082,-7.310574899533714e-07,5.3112448236357024e-05,1.1674489981902345,0.1215145467476778,0.1281198003327787,1.171095728611515,-0.0017430573820645,-0.2420767698039693,0.5956396610209057,,0.0014041666666666,0.003202487715711,0.0016955930487963,-0.0013428916496716,-0.0016343180318013,5,7,7,280503,600,1927,0.0001259122331221,2010,-2.4026980648062463e-05,1870,0.0001875097853186,2476,6.692937996658467e-05,2419,0.0002216287760847,2116,-0.0002278310670611,2667,6.90345261542613e-05,5,11,signflip_day_realtiming_negative
N20_EMA9_CHOP,5m,4,is,fingrad_approx,True,False,95158,47706,47452,1.5089766614433054e-05,-2.7484820642604747e-05,5.789224616606936e-05,2.605445802881356e-07,2.393232175544972e-05,0.6196315671198137,0.2677501895142193,0.2579034941763727,1.0014990485437576,0.000398890384848,0.0893097554529601,0.4644178706614772,,0.0014041666666666,0.003202487715711,0.0016955930487963,-0.0013890769000522,-0.0016805032821819,4,7,7,280503,600,13140,-1.3411461142112622e-05,12737,7.12661300879743e-05,12509,-8.85078134380795e-06,14507,2.583174906589409e-06,13401,-7.266078366204605e-06,14117,4.223831215658935e-05,14747,1.890260262451949e-05,5,11,signflip_day_realtiming_negative
V39_ALL,5m,4,is,pine,False,False,66845,33920,32925,3.487819009777241e-05,1.3615057338619285e-05,5.678389892664027e-05,7.565799241527262e-07,2.4515035054191403e-05,1.3918646291221934,0.0819816972772186,0.0831946755407653,1.812806848535627,0.0039240935439488,0.8431757885317792,0.1995650685661161,,0.0014041666666666,0.003202487715711,0.0016955930487963,-0.0013692884765688,-0.0016607148586985,5,7,7,280503,600,10051,3.496166717318774e-05,10486,6.867017546577737e-05,8927,-1.559781064750832e-05,9008,2.5648383214757963e-05,9750,0.0001113976929559,9891,5.106413944058246e-05,8732,-4.844760071938054e-05,5,11,signflip_day_realtiming_negative
OBV_S,5m,4,is,pine,False,False,25300,13053,12247,-6.071655608011672e-05,-3.82622680184409e-05,-8.464860654709267e-05,-1.243873312439147e-07,3.626672509337495e-05,-1.6707372555108793,0.9526132066589608,0.956738768718802,-1.8924512562191185,-0.0091641018623357,-1.4041047505116273,0.9198561703886056,,0.0014041666666666,0.003202487715711,0.0016955930487963,-0.0014648832227467,-0.0017563096048764,2,7,7,280503,600,3854,-5.050116208766167e-05,3619,-6.630053899486093e-06,3048,-3.56539646082735e-05,3760,2.3938506493346528e-05,3626,-0.0002154674077024,3686,3.8731903870716553e-05,3707,-0.0001781277860011,5,11,signflip_day_realtiming_negative
OBV_B,5m,4,is,pine,False,False,66937,33739,33198,-4.197592883262329e-05,-4.8655012675669055e-05,-3.518800155445831e-05,1.6598199434612936e-07,2.346288892486454e-05,-1.7961092072643277,0.9637614247965,0.966722129783694,-2.0504994722710883,-0.004862480973803,-1.2349112400327036,0.8915682301150398,,0.0014041666666666,0.003202487715711,0.0016955930487963,-0.0014461425954992,-0.0017375689776289,1,7,7,280503,600,10271,-4.450574039706616e-07,10071,-1.1970917522905528e-05,8877,4.889676951180905e-05,9135,-9.97580848590092e-05,9552,-6.128127266970806e-05,9873,-5.523313599803748e-05,9158,-0.0001175697207708,5,11,signflip_day_realtiming_negative
V45_AMB,5m,4,is,v45,False,True,30610,15986,14624,3.2142448055388e-06,1.964415421245226e-05,-1.474585720341351e-05,2.9332513319318973e-06,3.816709932106359e-05,0.0073621909604177,0.497062937281899,0.5074875207986689,0.1312763681060495,-0.0021306841735257,-0.4645749790816853,0.6788820731187077,,0.0014041666666666,0.003202487715711,0.0016955930487963,-0.0014009524218611,-0.0016923788039908,3,7,7,280503,600,4378,-3.9699785242326e-06,4259,-7.376080360624668e-05,4053,1.594886688861025e-05,4686,-6.000221868210773e-07,4583,-5.1065619871318735e-06,4517,5.637581668245028e-05,4134,3.310126224865537e-05,5,11,signflip_day_realtiming_negative
DOGE_L,5m,4,is,doge,False,True,8556,4364,4192,7.665352635553838e-05,9.724593950473514e-05,5.521619549125052e-05,2.656380013980349e-06,6.207290489005207e-05,1.1921005867636938,0.1166109034859487,0.1148086522462562,1.1920004043428092,0.0105972394190287,0.9222268459487408,0.178205131358054,,0.0014041666666666,0.003202487715711,0.0016955930487963,-0.0013275131403111,-0.0016189395224408,6,7,7,280503,600,1032,0.0001079119481954,1178,6.920855725541037e-05,1229,4.595840541042876e-05,1265,-6.467513505815231e-05,1190,1.8661698420791344e-05,1247,0.0002089983019338,1415,0.0001451997332016,5,11,signflip_day_realtiming_negative
DOGE_S,5m,4,is,doge,False,True,8420,4495,3925,5.734093711675404e-05,0.000133801465563,-3.022341329503745e-05,6.328755174034745e-07,6.608848133004202e-05,0.8580627131701486,0.1954289175642822,0.1996672212978369,0.8332955981226471,-0.0056887506841176,-0.5427871926197212,0.7063618338441386,,0.0014041666666666,0.003202487715711,0.0016955930487963,-0.0013468257295499,-0.0016382521116796,5,7,7,280503,600,933,1.2861023874732143e-05,1077,0.0001524388332171,1229,0.0001827424251811,1277,-0.0001026226120215,1224,0.0001808944901534,1229,8.750554125949181e-05,1451,-7.985237717352832e-05,5,11,signflip_day_realtiming_negative
S2_ST_ROC,5m,16,is,fingrad_exact,False,False,182738,93424,89314,-5.042208001233178e-05,-3.694845582681139e-05,-6.451572564356606e-05,6.059018054542594e-07,4.142036194994741e-05,-1.231954029746252,0.891016871601978,0.891846921797005,-2.0690983750567016,-0.0075964752600018,-2.2518184320517234,0.9878331258017974,,0.0014166666666666,0.0063301758830865,0.0019927126720275,-0.0014670887466789,-0.0020431347520398,2,7,7,280491,600,26934,2.362537224795631e-05,26410,-0.0001136970859135,23665,-5.665938952159289e-06,26929,7.223052346090837e-05,25778,-0.0001241644207476,26415,-4.76706139138635e-05,26607,-0.0001578042398936,5,11,signflip_day_realtiming_negative
S5_DONCHIAN_MFI,5m,16,is,fingrad_exact,False,False,6674,3292,3382,-5.867472777958663e-05,-0.0001245405601968,5.438317849497557e-06,1.0121622908878343e-06,0.0001457294716439,-0.4095732276878702,0.6589404802787608,0.6772046589018302,-0.4190219376607524,-0.0105217017090107,-0.9343812267532828,0.8249463609482284,,0.0014166666666666,0.0063301758830865,0.0019927126720275,-0.0014753413944462,-0.0020513873998071,5,7,7,280491,600,552,-0.0004925962271883,615,8.319549766520304e-05,710,0.0006604543743984,1690,0.0002865912942273,798,-0.0016589584453132,847,4.630136586979242e-05,1462,0.0001097964723283,5,11,signflip_day_realtiming_negative
S6_EMA_DMI_ADX,5m,16,is,fingrad_exact,False,False,14519,7270,7249,-7.056097916072046e-05,9.376567467856002e-05,-0.000235363679314,-2.3589700182967847e-06,8.330844888279298e-05,-0.8186685751210826,0.7935122347863917,0.78369384359401,-0.769585425649092,-0.0066112247665195,-0.8813009794427442,0.8109225319419529,,0.0014166666666666,0.0063301758830865,0.0019927126720275,-0.0014872276458273,-0.0020632736511882,3,7,7,280491,600,2356,-9.916750994631892e-05,2102,4.030362706185626e-05,1957,-0.0001915313914139,2074,-0.0001504287892206,1749,6.84830922989913e-06,2036,0.0001071095939916,2245,-0.0001865438803805,5,11,signflip_day_realtiming_negative
N01_ST_EMA,5m,16,is,fingrad_exact,False,False,66576,34124,32452,8.439030334641247e-06,-5.056126289021083e-05,7.047915131346699e-05,1.0960606389895612e-06,5.427074619928975e-05,0.1353025379213928,0.4461863392803221,0.4342762063227953,0.2138427540769329,-0.0060363984517309,-1.424048281837447,0.9227837519664536,,0.0014166666666666,0.0063301758830865,0.0019927126720275,-0.001408227636332,-0.0019842736416928,3,7,7,280491,600,10082,-2.1822283018265344e-05,9865,-8.275289102231406e-05,8578,0.0002378329510211,9565,4.952495709942541e-05,9507,6.032210622585617e-05,9683,-2.444052225023754e-05,9296,-0.000134730587841,5,11,signflip_day_realtiming_negative
N02_ST_KST,5m,16,is,fingrad_exact,False,False,56137,28883,27254,-9.308892168739284e-05,-9.261707986650154e-06,-0.0001819265753645,-2.1208570391645307e-06,5.599122698503274e-05,-1.624684250490624,0.9478850725479004,0.956738768718802,-2.0489688088152125,-0.0090477051496913,-1.9679504212696897,0.975463128746471,,0.0014166666666666,0.0063301758830865,0.0019927126720275,-0.001509755588354,-0.0020858015937149,2,7,7,280491,600,8383,-9.582455773470804e-05,8176,-0.0002513612511807,7410,0.0001205001006744,8139,1.0176047952902429e-05,8121,-0.000147847631302,8073,-0.0002072995189549,7835,-5.983853344980908e-05,5,11,signflip_day_realtiming_negative
N03_ADX_GC,5m,16,is,fingrad_exact,False,False,2162,1077,1085,0.0003001538106285,2.7433517581105236e-05,0.0005708632628056,4.527095375807935e-06,0.0002229081268779,1.3262267257517593,0.0923823046639571,0.103161397670549,1.108963035878798,0.0266285648897512,1.3695822199145435,0.0854086764730734,,0.0014166666666666,0.0063301758830865,0.0019927126720275,-0.001116512856038,-0.0016925588613989,6,7,7,280491,600,300,0.0005770080097811,288,0.000128851614851,274,9.65322372647216e-05,311,0.0005838852595222,327,0.0005346802280017,326,-2.446006767289439e-05,336,0.0001899293730665,5,11,signflip_day_realtiming_negative
N07_ICHI_CMO,5m,16,is,fingrad_exact,False,False,25481,12445,13036,1.487483091707093e-05,-7.936670633093048e-05,0.0001048438345264,-2.264347016720744e-06,7.611925037764724e-05,0.2251622007410712,0.410926546932723,0.4059900166389351,0.2285562202546857,-0.0033381884904154,-0.4815159696992761,0.6849250837680203,,0.0014166666666666,0.0063301758830865,0.0019927126720275,-0.0014017918357495,-0.0019778378411104,3,7,7,280491,600,3764,-4.172954323756015e-05,3756,-3.9147812104132846e-05,3314,0.0003629653143659,3663,5.6557171773895015e-05,3817,0.0001118639562318,3642,-0.0001150663688207,3525,-0.0002084579370499,5,11,signflip_day_realtiming_negative
N08_ICHI_WR,5m,16,is,fingrad_exact,False,False,3666,1828,1838,-0.0001450032422361,-0.0002792205533343,-1.1516166780621004e-05,1.9587391988077984e-05,0.0001882680007208,-0.8742358424909082,0.8090050847798242,0.8136439267886856,-0.8625544281106337,-0.0231762230925253,-1.506713920781418,0.9340579991141392,,0.0014166666666666,0.0063301758830865,0.0019927126720275,-0.0015616699089028,-0.0021377159142637,2,7,7,280491,600,527,-0.0008105335879063,507,-0.0005001016785432,435,0.0010593310953678,548,-0.0003138603958531,538,-5.587347994333885e-05,490,0.0001185902911493,621,-0.0002701159004846,5,11,signflip_day_realtiming_negative
N09_ALLIG_AROON,5m,16,is,fingrad_exact,False,False,27808,14034,13774,-5.034562430591202e-05,3.880653878478142e-05,-0.0001411806364167,-1.8621643834755868e-06,6.692049291642685e-05,-0.724493466941205,0.7656185817258019,0.757071547420965,-0.7985342846298774,-0.0070539506072898,-1.2203620029817943,0.8888361625895747,,0.0014166666666666,0.0063301758830865,0.0019927126720275,-0.0014670122909725,-0.0020430582963334,3,7,7,280491,600,4089,-0.0001693171003105,3988,-0.0001272481923219,3500,5.18381602702187e-05,3956,7.595991211018169e-05,4027,-5.04787037601757e-05,4139,-0.0001200960641435,4109,4.433358415674081e-06,5,11,signflip_day_realtiming_negative
N10_HA_PSAR,5m,16,is,fingrad_exact,False,False,82683,41287,41396,-0.0001370043187274,-3.823845346366e-05,-0.0002355101231322,-7.65705596141144e-07,4.066299332972282e-05,-3.3504324688186484,0.9995965725969422,0.9983361064891848,-3.698372711552776,-0.0083146185843517,-2.4329450602128784,0.9925117134310936,,0.0014166666666666,0.0063301758830865,0.0019927126720275,-0.001553670985394,-0.0021297169907549,0,7,7,280491,600,7987,-0.0001651072221387,9410,-0.0001892580210079,11411,-5.302593692228712e-05,14738,-8.494610917499125e-06,11386,-0.0002875011969527,11949,-0.0001560777459896,15802,-0.0001493206282225,5,11,signflip_day_realtiming_negative
N12_ICHI_AO,5m,16,is,fingrad_exact,False,False,28946,14515,14431,-1.7378036878316934e-05,-8.577320007563325e-06,-2.6229980983298475e-05,-1.4484835545252998e-06,7.278017160769525e-05,-0.2188721594345259,0.5866251828948569,0.5757071547420965,-0.2743132378280313,-0.0041423269694451,-0.6610630208071046,0.7457140505405782,,0.0014166666666666,0.0063301758830865,0.0019927126720275,-0.0014340447035449,-0.0020100907089058,4,7,7,280491,600,4190,-0.0001749547021548,4264,-4.6702840081581706e-05,3866,2.5373955715935776e-05,4157,3.2226713890213504e-05,4157,0.0002130315734066,4119,-0.0001956804671143,4193,2.803479313381244e-05,5,11,signflip_day_realtiming_negative
N14_ICHI_RSI,5m,16,is,fingrad_exact,False,False,3,1,2,0.0005524181626082,0.0050142069196055,-0.0016784762158904,-2.785568623496968e-05,0.0049619653256219,0.116944357883122,0.4534520733902948,0.4392678868552412,0.2130577864787339,0.0774472865753414,0.1685479533018745,0.4330761109735908,,0.0014166666666666,0.0063301758830865,0.0019927126720275,-0.0008642485040584,-0.0014402945094193,0,0,7,280491,600,1,0.0006100402332558,1,-0.0039669926650367,0,,0,,0,,1,0.0050142069196055,0,,5,11,signflip_day_realtiming_negative
N17_KC_RSI,5m,16,is,fingrad_exact,False,False,221355,106792,114563,2.552095065622118e-05,0.0002202797046973,-0.0001560269911885,-1.7503247547416506e-06,8.315090932055642e-05,0.3279732673256632,0.3714659376262318,0.3693843594009983,0.8847609560749248,-0.0026233536017728,-0.2777552795023335,0.6093998887089933,,0.0014166666666666,0.0063301758830865,0.0019927126720275,-0.0013911457160104,-0.0019671917213713,4,7,7,280491,600,29749,0.0002903553192261,33445,0.0001297763928813,31285,-1.325777686781794e-05,29183,-0.0004376980940548,28821,-1.6624450228314976e-05,32644,8.238751854983779e-05,36228,0.0001007184038183,5,11,signflip_day_realtiming_negative
N18_VWMA_MACD,5m,16,is,fingrad_exact,False,False,201521,101054,100467,-8.451485227101586e-05,-4.650715252591508e-05,-0.0001227446201554,1.1268214071808916e-07,5.055657002546768e-05,-1.673917640557956,0.952926606627556,0.9484193011647256,-3.516888402057331,-0.0056933820132933,-1.3229532797693788,0.9070745423664436,,0.0014166666666666,0.0063301758830865,0.0019927126720275,-0.0015011815189376,-0.0020772275242985,1,7,7,280491,600,29430,-5.554581738784331e-05,28934,-5.828895609796367e-06,26666,-0.0001037994381759,29922,9.5242512568716e-05,28882,-0.0001864884164636,29101,-0.000248812643711,28586,-9.386505026769528e-05,5,11,signflip_day_realtiming_negative
N22_VORTEX_PSAR,5m,16,is,fingrad_exact,False,False,153191,76161,77030,-3.424843827311649e-05,-9.890924078801789e-06,-5.833116758057075e-05,1.113905529841853e-09,2.9961704606147743e-05,-1.1431109354044822,0.8735037327190402,0.8801996672212978,-1.311343042612062,-0.0016694414474511,-0.6669918239845875,0.7476113220506282,,0.0014166666666666,0.0063301758830865,0.0019927126720275,-0.0014509151049397,-0.0020269611103006,1,7,7,280491,600,22113,-4.7264216014135385e-05,22412,-2.3968290042604277e-06,20262,5.740772070329498e-05,22065,-6.761837899909264e-05,22029,-2.806461538792372e-05,22420,-9.024543140027984e-05,21890,-5.37843255839774e-05,5,11,signflip_day_realtiming_negative
N23_HA_ST,5m,16,is,fingrad_exact,False,False,219947,112529,107418,-4.770660015742061e-05,1.6870247865806337e-05,-0.000115356045606,7.258064506669958e-07,4.295619930653552e-05,-1.1274835155334355,0.8702309468604092,0.8885191347753744,-2.0075193873710204,-0.0041911130093139,-1.3370840706486424,0.9094024019061844,,0.0014166666666666,0.0063301758830865,0.0019927126720275,-0.001464373266824,-0.0020404192721849,3,7,7,280491,600,25623,2.3277849128148865e-05,28892,-0.0001544227551071,30630,3.756619004284225e-05,34543,8.30115715968585e-05,31208,-7.419973154663472e-05,32300,-0.0001444944844509,36751,-9.967385163092552e-05,5,11,signflip_day_realtiming_negative
N24_DMI,5m,16,is,fingrad_exact,False,False,88141,43932,44209,-4.954600443166176e-05,-3.462411546660303e-05,-6.437439742885601e-05,1.919474899573758e-06,5.662915681923221e-05,-0.908815921372804,0.8182763495315715,0.8153078202995009,-1.4550311357980923,-0.0050844836103084,-1.129895547527934,0.8707398798345284,,0.0014166666666666,0.0063301758830865,0.0019927126720275,-0.0014662126710983,-0.0020422586764592,3,7,7,280491,600,12289,-7.219345061654941e-05,11992,1.6805772227746252e-05,11736,-0.0001789309869587,13113,2.7005135249466235e-05,12281,0.000105727726404,13103,-0.0001774954494969,13627,-6.665351811317067e-05,5,11,signflip_day_realtiming_negative
N25_DST_CCI,5m,16,is,fingrad_exact,False,False,98093,50081,48012,-6.767170923279814e-05,-8.806636061795072e-05,-4.639818311391484e-05,-1.0866470605278669e-07,5.419547780790371e-05,-1.2466546520029416,0.8937379233852897,0.908485856905158,-2.244943871218299,-0.0059708667775798,-1.3857821590976431,0.9170932841323394,,0.0014166666666666,0.0063301758830865,0.0019927126720275,-0.0014843383758994,-0.0020603843812603,2,7,7,280491,600,14387,-5.3638172700422285e-05,14303,-0.0001344190549,12565,3.210814965256994e-05,14519,7.698694096315753e-05,14405,-0.000115563812064,14515,-2.003315002824944e-05,13399,-0.000261927550689,5,11,signflip_day_realtiming_negative
S1_EMA_RSI_CHOP,5m,16,is,fingrad_approx,True,False,256,112,144,-0.0008192170789946,-0.0002383955670315,-0.0012709671438549,-7.744769239922307e-05,0.0006759018828325,-1.0974512801871097,0.8637779164292629,0.8668885191347754,-1.0011800066080925,-0.1211373818462371,-1.928963629617004,0.97313231122167,,0.0014166666666666,0.0063301758830865,0.0019927126720275,-0.0022358837456613,-0.0028119297510222,2,7,7,280491,600,60,-0.0023883024880276,46,-0.0021351856252666,27,0.0035537570805822,25,-0.003377906243523,25,-0.0006046542217739,27,0.0029786430497377,46,-0.0009785581753245,5,11,signflip_day_realtiming_negative
S3_CMO_SANDWICH,5m,16,is,fingrad_approx,True,False,14975,7511,7464,0.0001206473277935,0.000102425797591,0.0001389835969992,2.894991788563996e-06,9.037646439872636e-05,1.3029093004287946,0.0963028641858058,0.0998336106489184,1.4917032203265712,0.0054150945986631,0.6452191561233257,0.2593925869776918,,0.0014166666666666,0.0063301758830865,0.0019927126720275,-0.0012960193388731,-0.001872065344234,5,7,7,280491,600,2421,0.0002142034526315,2372,0.0001431024288749,1838,0.0002991664855471,2085,-0.0001497858951928,2065,0.0002878110499262,2169,7.718141894627714e-05,2025,-2.500370921237825e-05,5,11,signflip_day_realtiming_negative
S4_BB_BBP,5m,16,is,fingrad_approx,True,False,64697,32419,32278,-3.799012755341476e-05,8.022923861372467e-06,-8.42041777986588e-05,1.1104599794935026e-06,5.661968301693842e-05,-0.6905829465913979,0.755086166318909,0.7554076539101497,-0.9457505316715442,-0.0078034917005302,-1.7010016239866543,0.955528658881476,,0.0014166666666666,0.0063301758830865,0.0019927126720275,-0.00145465679422,-0.0020307027995809,1,7,7,280491,600,9230,-2.7475817774790397e-05,9426,-3.493536135380688e-05,8674,-8.586302520409113e-06,9479,-6.940416642994388e-06,9193,-9.763467320363746e-05,9437,4.997115694588042e-06,9258,-9.551535977195844e-05,5,11,signflip_day_realtiming_negative
N04_ST_KLINGER,5m,16,is,fingrad_approx,True,False,171544,87480,84064,-2.446393829727972e-05,9.059498060921592e-05,-0.0001441983576199,-5.893998109701989e-07,4.425380968326263e-05,-0.5394911456705429,0.7052259975499005,0.7004991680532446,-0.9414444396750976,-0.00251659811218,-0.7342101341235368,0.7685896609984749,,0.0014166666666666,0.0063301758830865,0.0019927126720275,-0.0014411306049639,-0.0020171766103248,3,7,7,280491,600,26078,-3.5512176058038247e-05,26429,-0.0001145519079321,23197,1.404442118207391e-05,22464,0.0001064634514549,24038,-1.898767874999581e-05,25483,1.5006309963526171e-05,23855,-0.0001209987975661,5,11,signflip_day_realtiming_negative
N05_PSAR_POC,5m,16,is,fingrad_approx,True,False,15393,7662,7731,3.799152566691464e-06,-0.0002232059874308,0.0002287782474653,4.614458349641714e-06,8.632131266352906e-05,-0.0094450114090389,0.5037679583677002,0.4908485856905158,0.0465297120849658,-0.0037363094056447,-0.521080775351486,0.6988447486804973,,0.0014166666666666,0.0063301758830865,0.0019927126720275,-0.0014128675140999,-0.0019889135194608,3,7,7,280491,600,2912,-7.600729774408121e-05,2620,0.0002212377531436,1851,0.000540409232315,2016,-0.0001276791355912,2025,-0.000293529953488,2118,-0.0002852486237024,1851,8.418643025694003e-05,5,11,signflip_day_realtiming_negative
N06_MACD_ORB,5m,16,is,fingrad_approx,True,False,8027,4039,3988,-0.0002613978601201,-0.0002028166016352,-0.0003207282771262,5.085760596143074e-06,0.0001350670806027,-1.9729723891794348,0.9757506459138529,0.9800332778702164,-2.265682974975997,-0.034909971898635,-3.1264109881604347,0.9991152296820648,,0.0014166666666666,0.0063301758830865,0.0019927126720275,-0.0016780645267868,-0.0022541105321476,2,7,7,280491,600,1331,-0.000120008796994,1167,0.0001598524302037,1038,-0.0004572405949196,1139,-0.0003566079177368,1161,0.0001063565028455,1179,-0.0005897082879032,1012,-0.0006645043211166,5,11,signflip_day_realtiming_negative
N11_BREAKAWAY,5m,16,is,fingrad_approx,True,False,774,373,401,0.000383184493686,0.0007800044274292,1.4072684992309257e-05,2.593000614374924e-05,0.0004099548143701,0.8714484499742202,0.1917546706203247,0.1930116472545757,0.9130746431183704,0.0038564874479552,0.0993428643411386,0.4604330229489538,,0.0014166666666666,0.0063301758830865,0.0019927126720275,-0.0010334821729805,-0.0016095281783414,5,7,7,280491,600,82,-0.000595279877135,94,0.000975159791778,123,-0.0004769014031303,120,0.0001060145222537,102,0.000488434481167,100,0.0014772056047594,153,0.0006675096730102,5,11,signflip_day_realtiming_negative
N13_3OUTSIDE,5m,16,is,fingrad_approx,True,False,15365,7708,7657,6.56258036457821e-05,1.6074501666971523e-05,0.0001155071456403,1.516203210468856e-07,8.595775412406393e-05,0.7617018847448654,0.2231189751029333,0.2196339434276206,0.7754988902175658,0.0068782699348342,0.9202088745993404,0.1787318087867413,,0.0014166666666666,0.0063301758830865,0.0019927126720275,-0.0013510408630208,-0.0019270868683817,3,7,7,280491,600,1805,2.9239522897882504e-05,2151,-8.936981276927914e-05,2149,0.0002076637007371,2248,-3.793105319421756e-05,2056,-5.831215848773844e-05,2414,0.0004019356240326,2542,-2.5013958463451356e-05,5,11,signflip_day_realtiming_negative
N15_KC_AO,5m,16,is,fingrad_approx,True,False,136,67,69,-0.0027882708286119,-0.0011307626916118,-0.0043977352514961,-4.519781399580604e-05,0.0009175838457927,-2.9894521652635726,0.998602608977955,0.9933444259567388,-1.5929604578722816,-0.1080213426892379,-1.2113334986888156,0.8871161924485649,,0.0014166666666666,0.0063301758830865,0.0019927126720275,-0.0042049374952786,-0.0047809835006394,1,6,7,280491,600,26,-0.001808638576492,27,-0.0051265865822375,5,0.0101921197880484,18,-0.0028273406932873,15,-0.0121197004353215,20,-0.0007850898824618,25,0.0001466578294388,5,11,signflip_day_realtiming_negative
N16_BBRSI,5m,16,is,fingrad_approx,True,False,22859,11472,11387,-2.871514681840392e-05,3.562252307736715e-06,-6.123348551824453e-05,-5.197018076044064e-06,7.660016936540396e-05,-0.3070245005617661,0.620587638239691,0.632279534109817,-0.4001440121888358,-0.0048897795797968,-0.6997756121966595,0.7579662763003518,,0.0014166666666666,0.0063301758830865,0.0019927126720275,-0.001445381813485,-0.0020214278188459,3,7,7,280491,600,3626,0.0002357109342218,3549,0.0001474425586378,2826,-0.0001067889547437,3105,3.084674625309608e-05,2970,-0.0003575757605572,3302,-0.0001892125714554,3481,-4.067068957921844e-05,5,11,signflip_day_realtiming_negative
N19_FIB_CHOP,5m,16,is,fingrad_approx,True,False,15484,8093,7391,0.0001601642389653,0.0005506370657947,-0.0002673958459393,-1.936581944142016e-06,0.0001309863607085,1.2375396952213964,0.1079433934520892,0.103161397670549,1.576980439712839,0.013872212086007,1.2880455439809877,0.0988650548768053,,0.0014166666666666,0.0063301758830865,0.0019927126720275,-0.0012565024277013,-0.0018325484330622,4,7,7,280491,600,1927,-0.0001683756524674,2010,-8.325770981356485e-05,1870,0.0005834647974844,2475,0.0001088542446098,2419,0.0004536310043045,2116,-0.0002089033865727,2667,0.0003584565785672,5,11,signflip_day_realtiming_negative
N20_EMA9_CHOP,5m,16,is,fingrad_approx,True,False,95158,47706,47452,-3.099985665477358e-05,-0.0001246144347262,6.311581942791254e-05,2.864089893724276e-06,6.782504452615687e-05,-0.4992838085854577,0.6912102699795689,0.6821963394342762,-0.9926744698736892,0.0010207497376753,0.1081279874654704,0.4569470837579336,,0.0014166666666666,0.0063301758830865,0.0019927126720275,-0.0014476665233214,-0.0020237125286823,3,7,7,280491,600,13140,-9.042735743655516e-05,12737,8.022253028045608e-05,12509,-0.0001904240454422,14507,-4.163964685307915e-05,13401,-3.823011332139963e-05,14117,3.204195462708378e-05,14747,1.780721268481875e-05,5,11,signflip_day_realtiming_negative
V39_ALL,5m,16,is,pine,False,False,66845,33920,32925,1.8882247427541925e-05,1.4163942229800355e-05,2.37431407398394e-05,5.075749324365686e-06,6.269494551673135e-05,0.2202170843180924,0.4128510459215656,0.415973377703827,0.4764136848223261,-0.0037885236849713,-0.8218239786613164,0.7944114577579382,,0.0014166666666666,0.0063301758830865,0.0019927126720275,-0.0013977844192391,-0.0019738304245999,5,7,7,280491,600,10051,3.038933066007045e-05,10486,2.8982388671889867e-05,8927,0.0001004642100105,9008,-3.711839058308025e-05,9750,8.113012019501532e-05,9891,7.455796637021723e-06,8732,-8.868691681329123e-05,5,11,signflip_day_realtiming_negative
OBV_S,5m,16,is,pine,False,False,25300,13053,12247,-0.0001891914016682,-0.0001848303696757,-0.0001938394420535,-2.170113497808539e-06,8.108141316113197e-05,-2.3065864404556518,0.9894610569111192,0.9866888519134775,-2.943393207249903,-0.0123132294164136,-1.802261009878961,0.9642478250699288,,0.0014166666666666,0.0063301758830865,0.0019927126720275,-0.0016058580683349,-0.0021819040736957,1,7,7,280491,600,3854,-0.000103029472799,3619,-9.500537518281712e-05,3048,-0.0002799364323876,3760,6.490681759616937e-05,3626,-0.000288624779856,3686,-0.0001935727587284,3707,-0.0004522209789764,5,11,signflip_day_realtiming_negative
OBV_B,5m,16,is,pine,False,False,66932,33734,33198,-8.2158704204332e-05,-7.0968435632435e-05,-9.352964582745309e-05,4.842260563017936e-07,5.09221154527185e-05,-1.6229280642782458,0.9476976082772316,0.9351081530782028,-2.0220879171726334,-0.0047831095173303,-1.1710350583646882,0.8792076572451821,,0.0014166666666666,0.0063301758830865,0.0019927126720275,-0.0014988253708709,-0.0020748713762318,1,7,7,280491,600,10270,-5.4509671332562135e-05,10071,-3.9193607814466654e-05,8876,-1.0639992152430324e-05,9134,-0.0001694239229419,9551,-0.0001245121471164,9873,6.0023743579471086e-06,9157,-0.0001935787357594,5,11,signflip_day_realtiming_negative
V45_AMB,5m,16,is,v45,False,True,30610,15986,14624,-7.121694270085435e-05,-7.39519557283961e-05,-6.822720540201118e-05,-6.599239501525288e-06,9.62802645101595e-05,-0.6711417290768931,0.7489348771314617,0.7287853577371048,-1.3850613739772502,-0.010345791640303,-1.304316048917884,0.9039370772331708,,0.0014166666666666,0.0063301758830865,0.0019927126720275,-0.0014878836093675,-0.0020639296147283,3,7,7,280491,600,4378,3.054710519280536e-06,4259,-0.0001288853856705,4053,-0.0003169569835115,4686,9.407227191530949e-05,4583,-0.0002001081123194,4517,-5.614229312580071e-05,4134,8.952417117335552e-05,5,11,signflip_day_realtiming_negative
DOGE_L,5m,16,is,doge,False,True,8556,4364,4192,8.670082456166093e-05,-0.0001687720204548,0.0003526558569214,4.0363169965128285e-06,0.0001499898301519,0.5511340834336218,0.2907708811976128,0.2911813643926789,0.6693414868493947,-0.0129658054269089,-1.0758529846761675,0.8590034942715503,,0.0014166666666666,0.0063301758830865,0.0019927126720275,-0.001329965842105,-0.0019060118474658,4,7,7,280491,600,1032,0.0001783463610976,1178,-0.00012974650567,1229,0.0004194965460996,1265,-0.0001823227357696,1190,0.0002794384456933,1247,-4.213006669789823e-05,1415,0.0001029552242864,5,11,signflip_day_realtiming_negative
DOGE_S,5m,16,is,doge,False,True,8420,4495,3925,8.279665360880404e-05,0.0001559986724295,-1.0359768622953024e-06,1.6798042631341765e-06,0.0001589407379877,0.5103590833453907,0.3048999584374596,0.3144758735440932,0.5876122169074799,-0.0081636159467301,-0.6894792123516956,0.7547391247847257,,0.0014166666666666,0.0063301758830865,0.0019927126720275,-0.0013338700130578,-0.0019099160184187,3,7,7,280491,600,933,-0.0002735652304713,1077,-0.0005404368550557,1229,0.0011008917875272,1277,-0.0004748885894693,1224,0.0006060171085975,1229,0.0002309267509628,1451,-0.0001638197930146,5,11,signflip_day_realtiming_negative
S2_ST_ROC,5m,64,is,fingrad_exact,False,False,182716,93419,89297,-2.1675925143326064e-05,0.000118447560057,-0.0001682675896329,3.805209145995671e-06,0.0001395107443458,-0.1826463933570204,0.5724622600225828,0.5757071547420965,-0.4546257180632927,-0.0048977206287285,-0.8785735160887658,0.8101837196405585,,0.0014666666666666,0.0127905695741504,0.0026306084979143,-0.0014883425918099,-0.0026522844230576,3,7,7,280443,600,26932,0.0001167377720842,26406,-0.000229889656802,23662,0.0002704548269128,26924,0.0003044794145721,25776,-0.0001431562119794,26413,-0.0001992282010291,26603,-0.000251067571978,5,11,signflip_day_realtiming_negative
S5_DONCHIAN_MFI,5m,64,is,fingrad_exact,False,False,6674,3292,3382,4.25549707260606e-05,0.0002965894653192,-0.0002047192918997,-2.678869426395509e-07,0.0002794816501225,0.153222430345352,0.4391114348351346,0.4342762063227953,0.1758787121116321,-0.0005467124979702,-0.037826743390282,0.5150870892574277,,0.0014666666666666,0.0127905695741504,0.0026306084979143,-0.0014241116959406,-0.0025880535271882,4,7,7,280443,600,552,-0.0007071971245921,615,0.000208012184588,710,0.0013387746119545,1690,0.0003307253077944,798,-0.0020362320150962,847,0.0009350174796117,1462,-8.895021064687578e-05,5,11,signflip_day_realtiming_negative
S6_EMA_DMI_ADX,5m,64,is,fingrad_exact,False,False,14518,7270,7248,-3.14903608978877e-05,4.534112235115538e-05,-0.0001085550522914,1.0562435892222324e-06,0.0001501505716686,-0.2167597773716036,0.5858022201590904,0.5790349417637272,-0.1726259101070285,0.0032018293680706,0.5335060512411695,0.2968416616525153,,0.0014666666666666,0.0127905695741504,0.0026306084979143,-0.0014981570275645,-0.0026620988588122,4,7,7,280443,600,2355,0.0002153848005177,2102,0.0001865526195447,1957,-0.000328984199875,2074,-0.0001815549248086,1749,0.0002590116693775,2036,3.3036853074515074e-05,2245,-0.0003814919021872,5,11,signflip_day_realtiming_negative
N01_ST_EMA,5m,64,is,fingrad_exact,False,False,66570,34123,32447,8.86415993328834e-05,0.0002156360241552,-4.491252764999117e-05,5.50144835855556e-06,0.0001614510923071,0.5149556425185193,0.3032920084793538,0.3111480865224625,1.1136264632794763,-0.0016259143710181,-0.2919405340384552,0.6148339544554001,,0.0014666666666666,0.0127905695741504,0.0026306084979143,-0.0013780250673337,-0.0025419668985814,4,7,7,280443,600,10081,0.0002449114086119,9864,-0.0002928261906199,8577,0.0004800342323354,9564,0.0005074892036312,9506,-0.0002127591044357,9683,-0.0001719899370066,9295,0.0001116022758664,5,11,signflip_day_realtiming_negative
N02_ST_KST,5m,64,is,fingrad_exact,False,False,56124,28878,27246,-5.460517626200385e-05,0.0001356810149439,-0.0002562892630874,7.973303353449419e-06,0.0001584365934121,-0.3949749124727092,0.6535692985998988,0.6589018302828619,-0.6171966989011727,-0.0058200004537755,-0.9650150925891612,0.8327313738119404,,0.0014666666666666,0.0127905695741504,0.0026306084979143,-0.0015212718429286,-0.0026852136741763,4,7,7,280443,600,8381,8.920433675976421e-05,8173,-0.0004684212480628,7409,0.0004189976129205,8136,0.0002209207920444,8120,-0.000429965781833,8071,-0.0002868986957634,7834,0.00011759523172,5,11,signflip_day_realtiming_negative
N03_ADX_GC,5m,64,is,fingrad_exact,False,False,2162,1077,1085,-0.0001668616466718,-0.0011740725726263,0.0008329228392755,-2.434678319775818e-05,0.0004715233039784,-0.3022435206736722,0.6187667850340183,0.6189683860232945,-0.3796865865416183,-0.0159565179091043,-0.800298416138625,0.7882310397316419,,0.0014666666666666,0.0127905695741504,0.0026306084979143,-0.0016335283133385,-0.0027974701445862,3,7,7,280443,600,300,0.0001284818040059,288,-0.0011960668306438,274,0.0006428944191285,311,0.0002327293378685,327,-0.0001527283145279,326,-9.4213613644594e-06,336,-0.0007450909117377,5,11,signflip_day_realtiming_negative
N07_ICHI_CMO,5m,64,is,fingrad_exact,False,False,25479,12445,13034,-0.0002089157918172,-4.505229825805914e-05,-0.0003653743753176,-9.467036775442611e-06,0.0001534048237908,-1.3001465671884844,0.9032246300343182,0.908485856905158,-1.648877068103517,-0.0157142531064531,-2.331897740683924,0.9901469643143476,,0.0014666666666666,0.0127905695741504,0.0026306084979143,-0.0016755824584839,-0.0028395242897316,1,7,7,280443,600,3763,-0.00024798822123,3756,-0.0001944079047613,3314,-0.0003281310689948,3662,-0.0001325283378929,3817,7.980706236014332e-06,3642,-0.0002516294088253,3525,-0.0003406730796277,5,11,signflip_day_realtiming_negative
N08_ICHI_WR,5m,64,is,fingrad_exact,False,False,3666,1828,1838,-0.0007231505600365,-0.0004558375143146,-0.0009890092366304,-1.277474207892832e-05,0.0003752091931588,-1.8932793516520925,0.9708396352030074,0.9816971713810316,-2.168454690430694,-0.0544654833982912,-3.464333304368,0.9997342262681356,,0.0014666666666666,0.0127905695741504,0.0026306084979143,-0.0021898172267032,-0.0033537590579509,1,7,7,280443,600,527,-0.0011531035446074,507,-0.0005668173431967,435,-0.0022736277293,548,-0.0004118939907536,538,-0.0002806826759715,490,-0.0008055846841672,621,7.216991961265494e-06,5,11,signflip_day_realtiming_negative
N09_ALLIG_AROON,5m,64,is,fingrad_exact,False,False,27807,14033,13774,-0.0001567317751393,-0.0001200822597766,-0.0001940704312366,-8.802094712586604e-06,0.0001223640478127,-1.208930916154895,0.8866553062787436,0.8985024958402662,-1.2902175592695486,-0.0056756828906779,-1.036897147543625,0.850108103272804,,0.0014666666666666,0.0127905695741504,0.0026306084979143,-0.0016233984418059,-0.0027873402730536,1,7,7,280443,600,4089,-0.000246545760428,3988,-1.6884257976477718e-05,3499,-0.0006846521863876,3956,0.0002101899877809,4027,-0.0002039153070809,4139,-1.18489133897614e-05,4109,-0.0002064941429676,5,11,signflip_day_realtiming_negative
N10_HA_PSAR,5m,64,is,fingrad_exact,False,False,82675,41285,41390,-9.2804116016726e-05,0.0001331237673603,-0.0003181588554519,-6.344494374734921e-09,7.386736819973046e-05,-1.2562755893974016,0.8954919654544489,0.8901830282861897,-1.2622375120341025,-0.0065160342572341,-2.1882135677865944,0.9856729753700136,,0.0014666666666666,0.0127905695741504,0.0026306084979143,-0.0015594707826833,-0.002723412613931,3,7,7,280443,600,7987,3.486504009112997e-05,9409,-0.0002676948993427,11410,2.0280326148549973e-05,14735,0.0002015032142375,11385,-0.0001416335568327,11947,-0.0001445781652286,15802,-0.0003349627298818,5,11,signflip_day_realtiming_negative
N12_ICHI_AO,5m,64,is,fingrad_exact,False,False,28942,14515,14427,-8.798332150290709e-05,0.0001031060018556,-0.0002802382274812,-7.993594736591099e-06,0.0001428727104367,-0.5598670769372781,0.7122149466130927,0.7104825291181365,-0.7171566726242664,-0.0147728013811187,-2.3098800590558723,0.9895526023247688,,0.0014666666666666,0.0127905695741504,0.0026306084979143,-0.0015546499881695,-0.0027185918194172,3,7,7,280443,600,4190,-0.0001956628900168,4263,-0.000309777225635,3866,0.0001558965384165,4155,-0.0001647460590703,4156,9.069059220360105e-05,4119,-0.0002116612214359,4193,4.07204528812705e-05,5,11,signflip_day_realtiming_negative
N14_ICHI_RSI,5m,64,is,fingrad_exact,False,False,3,1,2,0.0026607477812294,0.0060170483035266,0.0009825975200807,-0.0010286042664352,0.0101687113592271,0.3628141184592575,0.3583718722504637,0.3078202995008319,1.1244092525588694,0.4473836748275075,0.9872531232858636,0.1617592824400349,,0.0014666666666666,0.0127905695741504,0.0026306084979143,0.0011940811145627,3.0139283315055217e-05,0,0,7,280443,600,1,0.003872285504709,1,-0.0019070904645475,0,,0,,0,,1,0.0060170483035266,0,,5,11,signflip_day_realtiming_negative
N17_KC_RSI,5m,64,is,fingrad_exact,False,False,221303,106740,114563,7.462803064383025e-05,0.0004301749814416,-0.0002566401931995,1.2037510395576757e-05,0.0002178094023626,0.2873637206167886,0.3869169184843871,0.3910149750415973,1.5000035618337677,0.0059252911457569,0.5656144902596024,0.2858279376470456,,0.0014666666666666,0.0127905695741504,0.0026306084979143,-0.0013920386360228,-0.0025559804672705,5,7,7,280443,600,29744,0.0005342027149432,33440,9.658396899009618e-05,31273,-0.0004357803264936,29181,-0.0002664510544893,28817,0.0002561629217505,32636,0.0002716841278892,36212,7.04531604683734e-05,5,11,signflip_day_realtiming_negative
N18_VWMA_MACD,5m,64,is,fingrad_exact,False,False,201475,101054,100421,-0.0001263646964118,6.424124496252638e-05,-0.0003181721151752,-2.234299451031178e-06,0.0001355864816867,-0.915507176058637,0.8200372815256743,0.826955074875208,-2.682539625233506,-0.0079566683628812,-1.3008707186591435,0.90334864480797,,0.0014666666666666,0.0127905695741504,0.0026306084979143,-0.0015930313630784,-0.0027569731943261,2,7,7,280443,600,29424,-0.0001916972894399,28922,-0.0002971758439793,26663,0.0002588369570531,29911,0.0003030031863758,28876,-0.0003228184084481,29095,-0.000302348457764,28584,-0.0003173058969395,5,11,signflip_day_realtiming_negative
N22_VORTEX_PSAR,5m,64,is,fingrad_exact,False,False,153163,76150,77013,-7.605466647614916e-05,6.598723403183398e-05,-0.0002165048596082,-1.359923717302556e-06,4.601206445446196e-05,-1.623372992376202,0.9477451527410208,0.951747088186356,-1.4535629372095842,-0.0012165743773303,-0.5583791273545541,0.711707238646204,,0.0014666666666666,0.0127905695741504,0.0026306084979143,-0.0015427213331428,-0.0027066631643905,1,7,7,280443,600,22110,-4.1475948614119925e-05,22410,-7.974438770833134e-05,20258,0.0002054441434218,22056,-0.0001078988492895,22027,-0.0001302968264918,22415,-0.0002370698258509,21887,-0.0001161766355832,5,11,signflip_day_realtiming_negative
N23_HA_ST,5m,64,is,fingrad_exact,False,False,219916,112521,107395,-7.857545514741005e-05,0.0001470214771192,-0.0003149402059792,2.634294840441225e-06,0.0001448389771683,-0.5606898886995245,0.7124955193242976,0.7021630615640599,-1.7344420014869522,-0.0050229468388804,-0.867948790117412,0.8072888162107603,,0.0014666666666666,0.0127905695741504,0.0026306084979143,-0.001545242121814,-0.0027091839530617,2,7,7,280443,600,25619,-1.458943336424297e-05,28891,-0.0003859691102512,30625,0.0002059018369383,34537,0.0001611686347026,31203,-0.0001131590518622,32296,-0.0003092653845533,36745,-0.0001118053524218,5,11,signflip_day_realtiming_negative
N24_DMI,5m,64,is,fingrad_exact,False,False,88138,43931,44207,-0.0002054150719806,-3.1926656773822155e-05,-0.0003778203374012,-3.28468594075928e-07,0.0001604046444999,-1.278557762625583,0.8994735841597399,0.903494176372712,-2.960208331455701,-0.0035687438627051,-0.5030693565660603,0.6925422448282033,,0.0014666666666666,0.0127905695741504,0.0026306084979143,-0.0016720817386473,-0.0028360235698949,1,7,7,280443,600,12288,-7.856180971924135e-05,11992,-9.211613877612863e-05,11734,-0.0005391078555863,13113,-0.0001976341776038,12281,4.565597863876759e-05,13103,-0.0003303272894462,13627,-0.0002458210473233,5,11,signflip_day_realtiming_negative
N25_DST_CCI,5m,64,is,fingrad_exact,False,False,98071,50069,48002,0.0001076102674585,0.0001909663222059,2.0664842160765048e-05,5.617381501651887e-06,0.0001535174852509,0.6643730894246421,0.2532257760166082,0.259567387687188,1.69187096572089,0.0019040505760595,0.2469642781701888,0.4024679348915966,,0.0014666666666666,0.0127905695741504,0.0026306084979143,-0.0013590563992081,-0.0025229982304558,5,7,7,280443,600,14382,9.421259674117516e-05,14297,-7.022419462583499e-05,12563,0.0003568065979165,14517,0.0002642303392827,14404,0.0001875091205757,14510,7.725648351626959e-05,13398,-0.0001446327652952,5,11,signflip_day_realtiming_negative
S1_EMA_RSI_CHOP,5m,64,is,fingrad_approx,True,False,256,112,144,-0.0012781403239278,-0.001298168522184,-0.0012625628363952,-0.0001130062647429,0.0014164210490004,-0.8225901895535871,0.7946294602866726,0.7870216306156406,-1.0427862773082008,-0.1031409658309519,-1.5492657943747108,0.939341080567298,,0.0014666666666666,0.0127905695741504,0.0026306084979143,-0.0027448069905945,-0.0039087488218422,2,7,7,280443,600,60,-0.002689737600486,46,-0.0024754797536745,27,0.0059438766467262,25,-0.0008326478624824,25,-0.0011306055676369,27,0.0019985044544894,46,-0.0047241424392865,5,11,signflip_day_realtiming_negative
S3_CMO_SANDWICH,5m,64,is,fingrad_approx,True,False,14975,7511,7464,1.112057171316837e-06,0.0001112625061659,-0.0001097319972765,4.11090093393055e-06,0.0001724139491437,-0.0173932780816547,0.5069385641703021,0.4908485856905158,0.0065943958617426,0.0024537941764408,0.2970177103068556,0.3832264940392529,,0.0014666666666666,0.0127905695741504,0.0026306084979143,-0.0014655546094953,-0.002629496440743,5,7,7,280443,600,2421,0.0001941648586592,2372,-0.0001367716600385,1838,-0.0013974463875973,2085,0.0001845984281479,2065,0.0002326081336567,2169,0.000136260906513,2025,0.0006314742451481,5,11,signflip_day_realtiming_negative
S4_BB_BBP,5m,64,is,fingrad_approx,True,False,64694,32419,32275,-0.0002903542152138,-2.704020475810288e-05,-0.0005548430426333,-7.650668316925072e-06,0.000117306496565,-2.409956440393771,0.9920227873731912,0.9933444259567388,-3.61790793669372,-0.0140335547414313,-2.763342136254828,0.9971393619803752,,0.0014666666666666,0.0127905695741504,0.0026306084979143,-0.0017570208818805,-0.0029209627131282,0,7,7,280443,600,9230,-0.0001520338514357,9426,-0.0003971542976764,8673,-0.0005047359629647,9478,-0.0004088893066645,9193,-0.0002139446317615,9436,-1.6037626862322046e-05,9258,-0.0003527948626246,5,11,signflip_day_realtiming_negative
N04_ST_KLINGER,5m,64,is,fingrad_approx,True,False,171516,87471,84045,-2.1117420983739223e-05,0.000211808702649,-0.0002635385163526,4.385620783399108e-06,0.0001409102927437,-0.1809877849982282,0.5718114180802114,0.5923460898502496,-0.4176419248445109,-0.0028898557936602,-0.526798276846303,0.700833160169992,,0.0014666666666666,0.0127905695741504,0.0026306084979143,-0.0014877840876504,-0.002651725918898,2,7,7,280443,600,26074,-6.251571534587668e-05,26426,-0.0002890019829298,23193,0.0002299668584083,22460,0.000545384106257,24034,-0.0002208934044647,25478,-6.520645734047393e-05,23851,-0.0002082696987626,5,11,signflip_day_realtiming_negative
N05_PSAR_POC,5m,64,is,fingrad_approx,True,False,15392,7662,7730,1.171020056594359e-06,0.0002754171079955,-0.000270662553784,1.363188083614946e-05,0.0001684272573058,-0.073983635302741,0.5294882966460933,0.5490848585690515,0.0070702312776036,-0.0049370878706863,-0.7729784097047223,0.7802324208622848,,0.0014666666666666,0.0127905695741504,0.0026306084979143,-0.00146549564661,-0.0026294374778577,3,7,7,280443,600,2912,3.760380185100393e-05,2620,0.0002467207276427,1851,0.0011662010342594,2015,-0.0002088882832207,2025,-0.0005837225674121,2118,-0.000608208249713,1851,-2.9125815913802853e-06,5,11,signflip_day_realtiming_negative
N06_MACD_ORB,5m,64,is,fingrad_approx,True,False,8025,4039,3986,-0.0005405777551555,-0.0001104757080643,-0.0009763986704092,-5.577814186089919e-06,0.0002803012266631,-1.9086607195348104,0.971847063247565,0.9633943427620631,-2.559225931708396,-0.0248200771023325,-2.1367732503954504,0.983691780588325,,0.0014666666666666,0.0127905695741504,0.0026306084979143,-0.0020072444218222,-0.0031711862530699,1,7,7,280443,600,1331,7.428125203247618e-05,1167,-0.0001182121873795,1038,-0.0004609388321565,1139,-0.0004663285806071,1161,-0.0006376944843715,1177,-0.0013598954618224,1012,-0.0009372412973281,5,11,signflip_day_realtiming_negative
N11_BREAKAWAY,5m,64,is,fingrad_approx,True,False,773,372,401,0.0009561789726148,0.0009549638182329,0.0009573062480016,-4.771152595078966e-06,0.0007812307899149,1.2300464057676703,0.1093398638703495,0.1181364392678868,1.1908727638969936,0.0250809210132468,0.7943128629326571,0.2135066587889106,,0.0014666666666666,0.0127905695741504,0.0026306084979143,-0.0005104876940517,-0.0016744295252994,5,7,7,280443,600,82,0.0006205484249716,94,-8.26490264810357e-05,123,-0.0034187163224564,120,0.0047904518198995,102,0.0024657637571564,100,0.0001226200434379,152,0.0018282129287715,5,11,signflip_day_realtiming_negative
N13_3OUTSIDE,5m,64,is,fingrad_approx,True,False,15365,7708,7657,-1.8467585814912724e-05,3.2639724442771864e-06,-4.03438886831164e-05,-8.953957409791733e-06,0.0001751032281389,-0.0543315420636931,0.5216644901371155,0.5457570715474209,-0.1109435383085629,0.004888133958977,0.7723322033705228,0.219958848403544,,0.0014666666666666,0.0127905695741504,0.0026306084979143,-0.0014851342524815,-0.0026490760837292,4,7,7,280443,600,1805,0.0002225494751944,2151,0.0003965789920034,2149,2.8928049172989253e-05,2248,1.1538312514994896e-05,2056,-0.000370197174921,2414,-4.206115288150165e-05,2542,-0.0003005276003479,5,11,signflip_day_realtiming_negative
N15_KC_AO,5m,64,is,fingrad_approx,True,False,136,67,69,-0.0027358862376432,0.0013354065864331,-0.0066891705740652,-2.7946351163046456e-05,0.001912113369947,-1.4162025793246873,0.9216418995315134,0.9317803660565724,-1.0440388700472676,0.0204928570094373,0.2722736534750093,0.3927058063529988,,0.0014666666666666,0.0127905695741504,0.0026306084979143,-0.0042025529043099,-0.0053664947355576,3,6,7,280443,600,26,0.0013449247548487,27,-0.0060085041682643,5,0.0023648812581923,18,-0.0090947759904056,15,-0.0125669500954365,20,0.0013763517634207,25,0.0027215927318824,5,11,signflip_day_realtiming_negative
N16_BBRSI,5m,64,is,fingrad_approx,True,False,22857,11470,11387,-2.453140042445477e-05,-2.1192557277328084e-05,-2.789458044531568e-05,2.269172312364708e-06,0.0001551436212893,-0.172746855552884,0.5685747940019334,0.5773710482529119,-0.1769815274000945,0.0029508946814254,0.4075440032549264,0.3418042411289201,,0.0014666666666666,0.0127905695741504,0.0026306084979143,-0.0014911980670911,-0.0026551398983388,4,7,7,280443,600,3625,0.0001585570102674,3549,2.2108288216273228e-05,2826,4.768343680407984e-05,3105,-8.391080728320772e-05,2969,-0.0002807477881605,3302,-0.0002156979118333,3481,0.0001314618372673,5,11,signflip_day_realtiming_negative
N19_FIB_CHOP,5m,64,is,fingrad_approx,True,False,15481,8093,7388,-0.0002338534380643,0.0005733336242962,-0.0011180663367763,1.2520612657353244e-06,0.0003025987509592,-0.7769546258362662,0.781407229529815,0.7886855241264559,-1.319790520099731,-0.0154693976983613,-1.200942128017447,0.8851131744968777,,0.0014666666666666,0.0127905695741504,0.0026306084979143,-0.0017005201047309,-0.0028644619359786,1,7,7,280443,600,1927,-0.0005222858037917,2009,-0.0001833342972565,1870,-8.636040561947028e-05,2475,5.364845729839493e-05,2418,-8.6436754742712e-05,2116,-0.0006223394788619,2666,-0.0002591647751853,5,11,signflip_day_realtiming_negative
N20_EMA9_CHOP,5m,64,is,fingrad_approx,True,False,95158,47706,47452,-0.000266641141806,-0.0001346670128988,-0.0003993216988668,2.297587229399384e-06,0.000218015366328,-1.2335769426033425,0.8913197053672409,0.8985024958402662,-4.107968192089766,-0.0058632097762101,-0.6505821479881743,0.7423418713248289,,0.0014666666666666,0.0127905695741504,0.0026306084979143,-0.0017333078084727,-0.0028972496397204,1,7,7,280443,600,13140,-0.0001195063478088,12737,2.28304685331412e-05,12509,-0.0006492344385667,14507,-0.0005291574441147,13401,-0.0002062589392932,14117,-0.0002470938075846,14747,-0.0001385675783912,5,11,signflip_day_realtiming_negative
V39_ALL,5m,64,is,pine,False,False,66837,33919,32918,-5.543304662505264e-05,2.8497953440306173e-05,-0.0001419162956443,1.9769536664566144e-06,0.0001592368179831,-0.3605321998934933,0.6407754093312329,0.6522462562396006,-0.7028230508607303,-0.0042849490105064,-0.6333151524920575,0.7367360698833492,,0.0014666666666666,0.0127905695741504,0.0026306084979143,-0.0015220997132917,-0.0026860415445394,2,7,7,280443,600,10051,-0.0001863310332789,10485,-4.238084409425123e-06,8923,0.0007373042011775,9007,6.219691390071685e-05,9749,-4.0711525529331095e-05,9890,-0.0002771739170072,8732,-0.0006629357874235,5,11,signflip_day_realtiming_negative
OBV_S,5m,64,is,pine,False,False,25297,13052,12245,-0.0002732581469743,-0.0001110277547416,-0.0004461802441096,8.699398242583224e-06,0.0001686163132569,-1.6721842612419853,0.9527560034784536,0.9467554076539102,-2.19719732087488,-0.0108010494352542,-1.6159803820677134,0.9469507226022396,,0.0014666666666666,0.0127905695741504,0.0026306084979143,-0.001739924813641,-0.0029038666448887,3,7,7,280443,600,3854,-0.0005723525954394,3619,-0.0005213370991328,3048,-0.0005708769473496,3757,0.0001916631768858,3626,-0.0006550784844416,3686,0.0001543132960101,3707,1.7331200506581125e-06,5,11,signflip_day_realtiming_negative
OBV_B,5m,64,is,pine,False,False,66927,33732,33195,-1.871991876516477e-05,0.0001625367222937,-0.0002029087729961,8.63165045427039e-06,8.692296721836293e-05,-0.3146644678008299,0.6234917873383609,0.6039933444259568,-0.2304780048451891,0.0016012258441774,0.3046943894706325,0.3802994615564312,,0.0014666666666666,0.0127905695741504,0.0026306084979143,-0.0014853865854318,-0.0026493284166795,2,7,7,280443,600,10268,-5.592892136780303e-05,10070,-8.247137221434275e-05,8875,-0.0003327624106463,9133,-6.420293664301768e-05,9551,0.0002627142585587,9873,0.0002424154808732,9157,-0.0001322510900625,5,11,signflip_day_realtiming_negative
V45_AMB,5m,64,is,v45,False,True,30604,15980,14624,-6.210865039116216e-05,2.40723331837323e-06,-0.0001326067235365,8.317622709047379e-06,0.0002552555252141,-0.2759049898767845,0.608689479372973,0.632279534109817,-0.5780062954642564,-0.008702409091309,-0.9532497442539196,0.8297682260497765,,0.0014666666666666,0.0127905695741504,0.0026306084979143,-0.0015287753170578,-0.0026927171483055,3,7,7,280443,600,4374,0.000167941147761,4257,-0.0003879646983419,4053,0.0002379112157812,4686,-0.0004166472247225,4583,0.0002477127480058,4517,-0.0002275986794522,4134,-2.487458818886578e-05,5,11,signflip_day_realtiming_negative
DOGE_L,5m,64,is,doge,False,True,8556,4364,4192,0.0004599599761552,0.00015538101354,0.0007770359763585,3.691937965183368e-05,0.0004270692849713,0.9905666630457334,0.1609486113757333,0.1580698835274542,1.842294800835306,-0.0022387389783849,-0.2127335020182029,0.5842325830035485,,0.0014666666666666,0.0127905695741504,0.0026306084979143,-0.0010067066905114,-0.0021706485217591,5,7,7,280443,600,1032,0.0011890686143757,1178,-1.8851361149728e-05,1229,0.0006497444623848,1265,-0.0004442851097968,1190,0.0012206304929286,1247,0.0002845254912033,1415,0.0004852556854339,5,11,signflip_day_realtiming_negative
DOGE_S,5m,64,is,doge,False,True,8420,4495,3925,-0.0001080020226388,0.0002534379740518,-0.000521931394645,-6.387013376630479e-06,0.0004374867285479,-0.2322699241631344,0.5918358146286277,0.5723793677204659,-0.418419638113267,-0.0023394650183326,-0.1779746682576936,0.5706285650406684,,0.0014666666666666,0.0127905695741504,0.0026306084979143,-0.0015746686893055,-0.0027386105205531,2,7,7,280443,600,933,-0.0004884429680707,1077,-0.0012922964509302,1229,0.0017410828184369,1277,-0.0007449081651965,1224,0.0006469651089172,1229,-0.0001993181074565,1451,-0.0005494988696834,5,11,signflip_day_realtiming_negative
