
=== 5m P0|A|10
 edge_pct  trades_per_30d  mean_N  mean_L  liq_share  tp_share  drift_H_pct  gross_pct  net_notional_pct  eq_ret_pct  30d_median_mult  30d_p_loss  30d_mdd_median  1y_median_mult  1y_p_below50  1y_p_ruin  IS_median_mult
        0           169.7       1       1          0  0.001001    -0.002312  8.465e-05          -0.09153    -0.09153           0.8498      0.8838          0.1939          0.1327        0.9978     0.3125        0.002473
    0.025           169.7       1       1          0  0.001032      0.02334    0.02566          -0.06596    -0.06596           0.8864      0.8207          0.1705          0.2235        0.9647    0.05667         0.01202
     0.05           169.7       1       1          0  0.001065      0.04898    0.05131          -0.04031    -0.04031           0.9256      0.7218          0.1485          0.3794        0.7915     0.0055         0.05152
    0.075           169.7       1       1          0  0.001093      0.07401    0.07643          -0.01518    -0.01518           0.9642      0.6107          0.1312          0.6371         0.425  0.0001667          0.2377
      0.1           169.7       1       1          0  0.001137      0.09892     0.1014          0.009782    0.009782            1.003      0.4878          0.1148           1.074        0.1187          0            1.23
     0.15           169.7       1       1          0    0.0012       0.1495     0.1521           0.06049     0.06049            1.091      0.2515         0.08872           3.083      0.002833          0           25.74
      0.2           169.8       1       1          0  0.001264        0.199     0.2016              0.11        0.11            1.183     0.09917         0.07042           8.551     0.0003333          0           514.6
      0.3           169.8       1       1          0  0.001416       0.3012     0.3038            0.2122      0.2122            1.399    0.004667         0.04752           69.64     0.0001667          0       2.469e+05
      0.4           169.8       1       1          0  0.001574       0.4014     0.4042            0.3126      0.3126            1.649           0         0.03347           557.9             0          0       1.074e+08

=== 5m P0|B|10
 edge_pct  trades_per_30d  mean_N  mean_L  liq_share  tp_share  drift_H_pct  gross_pct  net_notional_pct  eq_ret_pct  30d_median_mult  30d_p_loss  30d_mdd_median  1y_median_mult  1y_p_below50  1y_p_ruin  IS_median_mult
        0           186.9       1       1          0 0.0008841    -0.001696  -0.007313          -0.09845    -0.09845           0.8238      0.9478          0.2052         0.09678             1     0.5598        0.001101
    0.025           186.5       1       1          0 0.0009113      0.02432    0.01099          -0.08015    -0.08015           0.8518      0.9123          0.1844          0.1478        0.9987     0.1922        0.003574
     0.05           186.1       1       1          0 0.0009334      0.04988    0.02904          -0.06211    -0.06211           0.8812      0.8573           0.164          0.2222        0.9815       0.03         0.01222
    0.075           185.7       1       1          0 0.0009555      0.07532    0.04692          -0.04425    -0.04425           0.9091      0.7898          0.1456          0.3321        0.8928   0.001833         0.04154
      0.1           185.3       1       1          0 0.0009956       0.1005    0.06466          -0.02651    -0.02651           0.9406      0.7023          0.1292          0.4937        0.6183          0          0.1348
     0.15           184.6       1       1          0   0.00105       0.1511     0.1004          0.009251    0.009251            1.002      0.4922          0.1014           1.113         0.058          0           1.358
      0.2           183.8       1       1          0  0.001106       0.2009     0.1359           0.04473     0.04473            1.065      0.2893         0.08074           2.446     0.0006667          0           14.26
      0.3           182.2       1       1          0  0.001247       0.3033      0.208            0.1168      0.1168            1.208      0.0485         0.05396           11.82             0          0            1335
      0.4           180.8       1       1          0  0.001397       0.4046     0.2796            0.1884      0.1884            1.364      0.0015         0.03802           55.67             0          0       1.304e+05

=== 5m P1|B|10
 edge_pct  trades_per_30d  mean_N  mean_L  liq_share  tp_share  drift_H_pct  gross_pct  net_notional_pct  eq_ret_pct  30d_median_mult  30d_p_loss  30d_mdd_median  1y_median_mult  1y_p_below50  1y_p_ruin  IS_median_mult
        0           188.5    1.25       5          0    0.0576    -0.002066  -0.005358          -0.09361      -0.117           0.7929      0.9562          0.2396         0.06162             1     0.8785       0.0002806
    0.025           188.2    1.25       5          0   0.05969      0.02416    0.01241          -0.07575    -0.09469           0.8274      0.9218          0.2133          0.1024        0.9998     0.5145        0.001295
     0.05           187.8    1.25       5          0   0.06167      0.04994    0.02998          -0.05809    -0.07261           0.8609      0.8672          0.1897          0.1707         0.993     0.1437        0.005622
    0.075           187.5    1.25       5          0    0.0636      0.07555    0.04726          -0.04072     -0.0509           0.8962      0.7925          0.1681          0.2808        0.9295    0.01833         0.02385
      0.1           187.1    1.25       5          0   0.06558       0.1009    0.06429          -0.02361    -0.02951           0.9327       0.698          0.1481          0.4585         0.691  0.0003333          0.0985
     0.15           186.5    1.25       5          0   0.06952       0.1518     0.0988           0.01109     0.01386            1.009      0.4762          0.1158           1.223       0.07217          0            1.74
      0.2           185.7    1.25       5          0   0.07324        0.202     0.1333            0.0458     0.05725            1.092      0.2558         0.09244           3.258      0.001167          0           34.22
      0.3           184.4    1.25       5          0   0.08092       0.3054      0.203            0.1158      0.1447            1.276     0.03767         0.06225           22.66             0          0            8807
      0.4           183.1    1.25       5          0   0.08865        0.408     0.2719             0.185      0.2313            1.485    0.001333         0.04503           150.4             0          0       2.476e+06

=== 5m P2|B|10
 edge_pct  trades_per_30d  mean_N  mean_L  liq_share  tp_share  drift_H_pct  gross_pct  net_notional_pct  eq_ret_pct  30d_median_mult  30d_p_loss  30d_mdd_median  1y_median_mult  1y_p_below50  1y_p_ruin  IS_median_mult
        0           193.5     2.5      10          0    0.1913    -0.001602  -0.002822          -0.08427     -0.2107           0.6459      0.9673          0.3981        0.005066             1          1       2.216e-07
    0.025           193.2     2.5      10          0     0.197      0.02486    0.01265          -0.06852     -0.1713           0.6988      0.9347          0.3592         0.01278             1     0.9952       3.257e-06
     0.05             193     2.5      10          0    0.2027      0.05075    0.02784          -0.05305     -0.1326           0.7542      0.8912          0.3237         0.03211        0.9997     0.9355       5.002e-05
    0.075           192.7     2.5      10          0    0.2083      0.07675    0.04288          -0.03774    -0.09435           0.8089      0.8157          0.2887         0.07889        0.9957     0.6702       0.0006489
      0.1           192.5     2.5      10          0    0.2138       0.1024    0.05743          -0.02292    -0.05729           0.8682       0.726           0.256          0.1877        0.9458     0.2645        0.008725
     0.15             192     2.5      10          0    0.2248       0.1536    0.08702          0.007207     0.01802            1.001       0.498          0.2029           1.118        0.3532   0.003833           1.237
      0.2           191.5     2.5      10          0     0.236       0.2046     0.1171           0.03782     0.09455             1.16      0.2665          0.1607           6.554       0.01933          0           271.5
      0.3           190.6     2.5      10          0    0.2587       0.3087     0.1777            0.0996       0.249            1.543     0.03117          0.1104           229.7             0          0       7.739e+06
      0.4           189.7     2.5      10          0    0.2805        0.412     0.2369            0.1598      0.3996            2.041   0.0006667         0.08071            7247             0          0        2.21e+11

=== 5m P2|C|10
 edge_pct  trades_per_30d  mean_N  mean_L  liq_share  tp_share  drift_H_pct  gross_pct  net_notional_pct  eq_ret_pct  30d_median_mult  30d_p_loss  30d_mdd_median  1y_median_mult  1y_p_below50  1y_p_ruin  IS_median_mult
        0             176     2.5      10          0    0.2158    -0.002001   0.003123          -0.07757     -0.1939           0.6883      0.9147          0.3883         0.00911             1     0.9925       8.839e-07
    0.025           176.2     2.5      10          0    0.2221       0.0242    0.02519          -0.05517     -0.1379           0.7574      0.8458          0.3464         0.03037        0.9988     0.9043       3.416e-05
     0.05           176.3     2.5      10          0    0.2286       0.0501    0.04723          -0.03281    -0.08203           0.8324      0.7417          0.3054          0.1024        0.9728     0.5645        0.001328
    0.075           176.5     2.5      10          0    0.2349      0.07569    0.06899          -0.01073    -0.02682           0.9159       0.619           0.271          0.3381        0.8095     0.1632         0.04027
      0.1           176.6     2.5      10          0     0.241       0.1011    0.09028           0.01087     0.02718             1.01      0.4853          0.2408           1.092         0.446    0.01783            1.18
     0.15           176.9     2.5      10          0    0.2537       0.1527     0.1338           0.05506      0.1376            1.225       0.232          0.1891              12          0.03          0            1329
      0.2           177.2     2.5      10          0    0.2662       0.2037     0.1773           0.09912      0.2478            1.486     0.07667          0.1549           131.3        0.0005          0       1.405e+06
      0.3           177.9     2.5      10          0     0.292       0.3078     0.2652            0.1884      0.4709            2.201    0.001167          0.1135       1.728e+04             0          0       2.316e+12
      0.4           178.5     2.5      10          0    0.3166       0.4105     0.3513            0.2757      0.6894            3.271           0         0.08279       2.125e+06             0          0       3.151e+18

=== 5m P3|A|10
 edge_pct  trades_per_30d  mean_N  mean_L  liq_share  tp_share  drift_H_pct  gross_pct  net_notional_pct  eq_ret_pct  30d_median_mult  30d_p_loss  30d_mdd_median  1y_median_mult  1y_p_below50  1y_p_ruin  IS_median_mult
        0           186.8       4      20   0.005901     0.464    -0.001604   0.005797          -0.06472     -0.2589           0.5705      0.9173          0.5127       0.0009579             1     0.9997       1.268e-09
    0.025           187.2       4      20   0.005707    0.4744      0.02466    0.02212          -0.04779     -0.1912           0.6497       0.858          0.4668        0.004551             1     0.9888       1.423e-07
     0.05           187.5       4      20   0.005499    0.4847      0.05067    0.03822          -0.03107     -0.1243           0.7371      0.7765          0.4197         0.02124        0.9955      0.898       1.225e-05
    0.075           187.8       4      20   0.005311    0.4949      0.07645    0.05415          -0.01454    -0.05817           0.8333      0.6715           0.379         0.09878        0.9457     0.5997        0.001418
      0.1           188.2       4      20   0.005102    0.5049       0.1019    0.06989          0.001794    0.007174            0.948      0.5553          0.3382          0.4511        0.7627     0.2335         0.08797
     0.15           188.8       4      20   0.004618    0.5251        0.154     0.1019           0.03501        0.14            1.222      0.2977          0.2717            10.2        0.1708   0.002333           904.5
      0.2           189.5       4      20   0.004274    0.5455       0.2052     0.1336           0.06788      0.2715            1.565       0.121          0.2298           222.2       0.02267          0       6.137e+06
      0.3           190.9       4      20   0.003465    0.5866       0.3092     0.1974            0.1342      0.5368            2.633    0.005833          0.1756       1.258e+05      0.001333          0       6.756e+14
      0.4           192.2       4      20    0.00255    0.6264       0.4118     0.2606            0.1998      0.7991            4.415           0          0.1265       7.142e+07             0          0       8.389e+22

=== 5m P3|B|10
 edge_pct  trades_per_30d  mean_N  mean_L  liq_share  tp_share  drift_H_pct  gross_pct  net_notional_pct  eq_ret_pct  30d_median_mult  30d_p_loss  30d_mdd_median  1y_median_mult  1y_p_below50  1y_p_ruin  IS_median_mult
        0             204       4      20  7.823e-05    0.4074    -0.001766  1.138e-05          -0.07043     -0.2817           0.5388      0.9797          0.5076       0.0005333             1          1       2.838e-10
    0.025             204       4      20  7.825e-05    0.4166      0.02462    0.01085          -0.05913     -0.2365            0.591      0.9585          0.4684        0.001656             1          1       8.417e-09
     0.05           203.9       4      20  7.827e-05    0.4254      0.05055    0.02124           -0.0483     -0.1932           0.6467      0.9302          0.4281        0.004843             1      0.999       2.299e-07
    0.075           203.9       4      20  7.829e-05    0.4342      0.07659    0.03162          -0.03748     -0.1499           0.7059      0.8825          0.3903         0.01438             1     0.9788       4.192e-06
      0.1           203.8       4      20  8.063e-05    0.4428        0.102    0.04179          -0.02688     -0.1075           0.7673      0.8142          0.3533         0.04199        0.9973     0.8482       8.429e-05
     0.15           203.7       4      20  7.605e-05    0.4602       0.1538     0.0625         -0.005303    -0.02121            0.918      0.6157          0.2828          0.3594           0.8     0.1587         0.04566
      0.2           203.6       4      20  7.379e-05    0.4778        0.205    0.08334           0.01641     0.06566            1.097      0.3788          0.2268           3.138        0.1795   0.001333           22.97
      0.3           203.4       4      20  7.157e-05    0.5136        0.309     0.1256           0.06045      0.2418            1.564      0.0635           0.155           246.6     0.0003333          0       1.025e+07
      0.4           203.2       4      20  7.625e-05    0.5482       0.4123     0.1667            0.1033      0.4133            2.221    0.002833          0.1154       1.737e+04             0          0       2.726e+12

=== 5m P3|C|10
 edge_pct  trades_per_30d  mean_N  mean_L  liq_share  tp_share  drift_H_pct  gross_pct  net_notional_pct  eq_ret_pct  30d_median_mult  30d_p_loss  30d_mdd_median  1y_median_mult  1y_p_below50  1y_p_ruin  IS_median_mult
        0           187.7       4      20          0    0.4626    -0.001661   0.004703          -0.06333     -0.2533           0.5795       0.929          0.5006        0.001251             1     0.9995        3.07e-09
    0.025             188       4      20          0    0.4729      0.02467    0.02086          -0.04665     -0.1866            0.657      0.8687          0.4502        0.005801             1     0.9877       2.903e-07
     0.05           188.4       4      20          0    0.4831      0.05068    0.03672          -0.03027     -0.1211           0.7444      0.7835          0.4013         0.02639        0.9957       0.88       2.503e-05
    0.075           188.6       4      20          0    0.4934      0.07653    0.05248          -0.01399    -0.05597            0.844      0.6763          0.3576          0.1184        0.9387     0.5463        0.002818
      0.1           188.9       4      20          0    0.5033       0.1021      0.068          0.002042     0.00817           0.9547      0.5492          0.3179          0.5197        0.7237     0.1633          0.1679
     0.15           189.5       4      20          0    0.5234       0.1543    0.09929           0.03434      0.1374            1.221      0.2777          0.2512           10.99        0.1242  0.0008333            1075
      0.2           190.2       4      20          0    0.5437       0.2055     0.1307           0.06678      0.2671            1.572      0.1003           0.207           230.1      0.006333          0       7.539e+06
      0.3           191.5       4      20          0    0.5846       0.3095     0.1936            0.1318       0.527            2.584    0.002167           0.148       1.143e+05             0          0       5.488e+14
      0.4           192.7       4      20          0    0.6242       0.4123     0.2555            0.1957      0.7829            4.291           0          0.1082       5.446e+07             0          0       2.969e+22

=== 5m P3|B|30
 edge_pct  trades_per_30d  mean_N  mean_L  liq_share  tp_share  drift_H_pct  gross_pct  net_notional_pct  eq_ret_pct  30d_median_mult  30d_p_loss  30d_mdd_median  1y_median_mult  1y_p_below50  1y_p_ruin  IS_median_mult
        0             190       4      20  0.0001779    0.1002    -0.001981  -0.004735           -0.0909     -0.3636           0.4615      0.9675          0.5889        8.75e-05             1          1       9.638e-13
    0.025           189.6       4      20  0.0001832    0.1035      0.02429    0.01224          -0.07377     -0.2951           0.5257      0.9403          0.5438       0.0004217             1          1       1.274e-10
     0.05           189.3       4      20  0.0001835    0.1069      0.05016    0.02916           -0.0567     -0.2268           0.5983      0.8955          0.4971           0.002             1      0.998       1.326e-08
    0.075             189       4      20  0.0001763    0.1102      0.07597    0.04583          -0.03986     -0.1594           0.6795      0.8302          0.4521        0.009558         0.999     0.9682       1.451e-06
      0.1           188.7       4      20  0.0001766    0.1134       0.1014    0.06204           -0.0235    -0.09398           0.7653      0.7447          0.4084         0.04402        0.9855     0.8035       0.0001084
     0.15           188.1       4      20  0.0001697    0.1199       0.1525    0.09509          0.009864     0.03946           0.9756      0.5225          0.3298          0.9182        0.6398     0.1153          0.6515
      0.2           187.4       4      20  0.0001703    0.1263       0.2031     0.1285           0.04355      0.1742            1.253      0.2935          0.2682           20.07         0.122   0.001167            5707
      0.3           186.2       4      20  0.0001689    0.1395        0.307     0.1958            0.1115      0.4462            2.053     0.04567          0.1865            8631        0.0015          0       3.801e+11
      0.4           185.1       4      20  0.0001598    0.1524         0.41      0.262            0.1783      0.7134            3.301    0.001167          0.1357       3.298e+06             0          0       1.111e+19

=== 5m P3|B|100
 edge_pct  trades_per_30d  mean_N  mean_L  liq_share  tp_share  drift_H_pct  gross_pct  net_notional_pct  eq_ret_pct  30d_median_mult  30d_p_loss  30d_mdd_median  1y_median_mult  1y_p_below50  1y_p_ruin  IS_median_mult
        0           187.1       4      20  0.0003463  0.005883    -0.001869  -0.007171           -0.0982     -0.3928           0.4326      0.9677          0.6172       3.814e-05             1          1       1.189e-13
    0.025           186.7       4      20  0.0003471  0.006064      0.02416    0.01098          -0.08005     -0.3202            0.496      0.9437          0.5736       0.0001995             1          1       1.454e-11
     0.05           186.3       4      20  0.0003504  0.006243      0.04976    0.02895          -0.06209     -0.2484           0.5626      0.9027          0.5282       0.0009964             1     0.9987        1.72e-09
    0.075           185.9       4      20   0.000341  0.006436      0.07531    0.04682          -0.04421     -0.1768           0.6412       0.837           0.483        0.004981        0.9997     0.9798       2.376e-07
      0.1           185.5       4      20  0.0003366  0.006649       0.1006    0.06451          -0.02652     -0.1061           0.7298      0.7577           0.441         0.02453        0.9885     0.8717       2.653e-05
     0.15           184.7       4      20  0.0003177   0.00709       0.1512     0.1003           0.00926     0.03704           0.9397       0.556          0.3603           0.615        0.7513     0.2212          0.2551
      0.2           183.9       4      20  0.0003089  0.007459       0.2011     0.1358           0.04474      0.1789            1.206      0.3368          0.2943           14.35        0.2093   0.006333            3952
      0.3           182.4       4      20  0.0003063  0.008196       0.3036     0.2073            0.1163      0.4652             1.97     0.05933           0.205            7236      0.005167          0       2.116e+11
      0.4             181       4      20  0.0002879  0.009131       0.4051     0.2787            0.1877      0.7508            3.212    0.002333          0.1472       3.399e+06     0.0001667          0       1.501e+19

=== 5m P4|A|10
 edge_pct  trades_per_30d  mean_N  mean_L  liq_share  tp_share  drift_H_pct  gross_pct  net_notional_pct  eq_ret_pct  30d_median_mult  30d_p_loss  30d_mdd_median  1y_median_mult  1y_p_below50  1y_p_ruin  IS_median_mult
        0           209.8      20      50    0.05084    0.7528    -0.001191   0.007535          -0.06734      -1.347          0.01425      0.9935          0.9903       7.017e-24             1          1       1.872e-68
    0.025           210.2      20      50    0.04906    0.7612      0.02492    0.01492          -0.05876      -1.175          0.02096      0.9898          0.9862       9.436e-22             1          1       1.996e-62
     0.05           210.6      20      50    0.04727    0.7693      0.05073    0.02222          -0.05028      -1.006          0.03194      0.9775          0.9799       1.351e-19             1          1       6.361e-56
    0.075           210.9      20      50    0.04558    0.7774       0.0764    0.02931          -0.04205      -0.841          0.04568       0.965          0.9727       1.621e-17             1          1       4.886e-50
      0.1           211.3      20      50    0.04386    0.7854       0.1016    0.03636          -0.03385      -0.677          0.06895      0.9457          0.9618       1.739e-15             1          1       1.521e-43
     0.15             212      20      50    0.04044    0.8013       0.1527    0.05044           -0.0175     -0.3499           0.1528      0.8738           0.929         2.6e-11             1          1       6.781e-32
      0.2           212.8      20      50    0.03702    0.8175       0.2038     0.0648        -0.0008368    -0.01674            0.349       0.746          0.8774        5.01e-07        0.9992     0.9963       1.339e-19
      0.3           214.3      20      50    0.03019    0.8498       0.3064    0.09335           0.03229      0.6457            1.742      0.3603          0.7388           201.2         0.714     0.3788       1.597e+06
      0.4           215.7      20      50    0.02344    0.8815       0.4076     0.1214           0.06485       1.297            8.518     0.06967          0.6039       6.563e+10        0.2302     0.0145       2.817e+31

=== 5m P4|B|10
 edge_pct  trades_per_30d  mean_N  mean_L  liq_share  tp_share  drift_H_pct  gross_pct  net_notional_pct  eq_ret_pct  30d_median_mult  30d_p_loss  30d_mdd_median  1y_median_mult  1y_p_below50  1y_p_ruin  IS_median_mult
        0             222      20      50   0.002517    0.6783    -0.001167   0.004576          -0.05301       -1.06          0.05515      0.9972           0.956        2.17e-16             1          1       1.047e-46
    0.025           222.1      20      50   0.002478    0.6856      0.02484   0.009259          -0.04794     -0.9588          0.06916       0.994          0.9453       3.758e-15             1          1       6.051e-43
     0.05           222.1      20      50   0.002439    0.6925      0.05055    0.01369          -0.04315     -0.8629          0.08775       0.989          0.9332       5.752e-14             1          1       1.911e-39
    0.075           222.2      20      50   0.002398    0.6995      0.07622    0.01804          -0.03843     -0.7687           0.1097       0.983          0.9204       8.611e-13             1          1       4.397e-36
      0.1           222.3      20      50   0.002368    0.7063       0.1013    0.02239          -0.03373     -0.6745           0.1382       0.974          0.9029       1.275e-11             1          1       5.507e-33
     0.15           222.4      20      50   0.002279    0.7198       0.1521    0.03102          -0.02438     -0.4875           0.2107       0.938          0.8595       2.464e-09             1          1       3.666e-26
      0.2           222.6      20      50   0.002206    0.7338       0.2029    0.03997           -0.0147     -0.2939           0.3322      0.8645          0.8031       5.857e-07             1          1       8.143e-19
      0.3           222.9      20      50   0.002011    0.7617       0.3057    0.05793          0.004753     0.09506           0.8416      0.5738          0.6645         0.03961        0.9498     0.7887       5.143e-05
      0.4           223.2      20      50   0.001828    0.7891        0.407    0.07551           0.02378      0.4756             1.99      0.2432          0.5325            2052        0.3737    0.04867       4.665e+09

=== 5m P4|C|10
 edge_pct  trades_per_30d  mean_N  mean_L  liq_share  tp_share  drift_H_pct  gross_pct  net_notional_pct  eq_ret_pct  30d_median_mult  30d_p_loss  30d_mdd_median  1y_median_mult  1y_p_below50  1y_p_ruin  IS_median_mult
        0           214.5      20      50          0    0.7221    -0.001103   0.006275          -0.04818     -0.9636          0.06935      0.9913          0.9487       3.474e-15             1          1       1.911e-42
    0.025           214.8      20      50          0    0.7302      0.02507    0.01242          -0.04162     -0.8325          0.09349      0.9822          0.9336       1.268e-13             1          1       4.742e-38
     0.05             215      20      50          0    0.7379      0.05092     0.0183          -0.03535     -0.7071           0.1243      0.9678          0.9153       4.084e-12             1          1       8.566e-34
    0.075           215.3      20      50          0    0.7457      0.07672    0.02413          -0.02913     -0.5827           0.1628       0.949          0.8939       1.266e-10             1          1       2.334e-29
      0.1           215.5      20      50          0    0.7533       0.1019    0.02992          -0.02295      -0.459           0.2161       0.918          0.8666       4.141e-09             1     0.9998        3.44e-25
     0.15             216      20      50          0    0.7686        0.153    0.04133          -0.01077     -0.2155           0.3694      0.8183          0.8021       3.455e-06        0.9998     0.9985       2.813e-16
      0.2           216.5      20      50          0    0.7843       0.2042    0.05325          0.001943     0.03886           0.6665      0.6405           0.715        0.003929        0.9852     0.9087         1.9e-07
      0.3           217.5      20      50          0    0.8153       0.3073    0.07681           0.02707      0.5415            2.124      0.2313          0.5565            5342        0.3842     0.0575       1.408e+11
      0.4           218.4      20      50          0    0.8456       0.4088    0.09966           0.05145       1.029            6.702     0.03417          0.4393       5.022e+09        0.0895  0.0003333       2.663e+28

=== 5m P4|B|100
 edge_pct  trades_per_30d  mean_N  mean_L  liq_share  tp_share  drift_H_pct  gross_pct  net_notional_pct  eq_ret_pct  30d_median_mult  30d_p_loss  30d_mdd_median  1y_median_mult  1y_p_below50  1y_p_ruin  IS_median_mult
        0           188.7      20      50    0.01086   0.05661    -0.002195  -0.006101          -0.09907      -1.981         0.003409      0.9983          0.9976       1.707e-31             1          1        5.17e-91
    0.025           188.3      20      50    0.01071   0.05868      0.02404    0.01148          -0.08133      -1.627         0.006705      0.9947          0.9957       5.948e-28             1          1       2.161e-80
     0.05           187.9      20      50    0.01051   0.06064      0.04986    0.02891          -0.06373      -1.275          0.01216      0.9872          0.9926       1.661e-24             1          1       5.232e-70
    0.075           187.6      20      50    0.01031   0.06255      0.07549    0.04607           -0.0464     -0.9279          0.02292      0.9685          0.9875       4.276e-21             1          1       3.985e-60
      0.1           187.2      20      50     0.0101   0.06453       0.1009    0.06296          -0.02932     -0.5865          0.04274      0.9423          0.9798       1.006e-17             1          1       1.971e-50
     0.15           186.6      20      50    0.00975   0.06843        0.152     0.0971          0.005139      0.1028           0.1506      0.8242          0.9489       5.713e-11        0.9998     0.9998       1.147e-30
      0.2           185.8      20      50   0.009393   0.07212       0.2023     0.1314           0.03972      0.7945             0.52       0.624          0.8974       0.0003063        0.9868     0.9392        8.69e-11
      0.3           184.5      20      50    0.00859   0.07976       0.3057     0.2004            0.1095       2.189             6.24       0.182          0.7465       7.193e+09        0.4897     0.1278        1.52e+29
      0.4           183.2      20      50   0.007735    0.0874       0.4084     0.2685            0.1783       3.566            68.14      0.0165          0.6073       7.951e+22        0.1687     0.0085       2.306e+67

=== 5m P5|A|10
 edge_pct  trades_per_30d  mean_N  mean_L  liq_share  tp_share  drift_H_pct  gross_pct  net_notional_pct  eq_ret_pct  30d_median_mult  30d_p_loss  30d_mdd_median  1y_median_mult  1y_p_below50  1y_p_ruin  IS_median_mult
        0           208.9   16.64   48.02    0.04619      0.75    -0.001367   0.008767          -0.06427       -1.07          0.04515      0.9895          0.9678       1.455e-17             1          1       3.874e-50
    0.025           209.3   16.64   48.02    0.04447    0.7585      0.02467    0.01675          -0.05511     -0.9199          0.06389      0.9808          0.9563       9.262e-16             1          1       7.994e-45
     0.05           209.7   16.64   48.03    0.04275    0.7669      0.05045    0.02463          -0.04607     -0.7711          0.08825       0.965          0.9415       6.068e-14             1          1       1.162e-39
    0.075             210   16.64   48.03    0.04109    0.7752      0.07615    0.03232          -0.03724      -0.625            0.124      0.9453          0.9232        3.65e-12             1          1       1.672e-34
      0.1           210.4   16.64   48.03    0.03941    0.7833       0.1013    0.03993          -0.02849      -0.481           0.1698       0.913          0.9006       2.102e-10             1          1       2.707e-29
     0.15           211.1   16.65   48.03    0.03611    0.7997       0.1523    0.05522          -0.01095     -0.1953           0.3341      0.8047          0.8415       6.921e-07        0.9998     0.9987       8.157e-19
      0.2           211.9   16.65   48.03    0.03282    0.8163       0.2033    0.07071          0.006806     0.09725           0.6554        0.63          0.7578        0.002638        0.9803     0.9112       1.254e-08
      0.3           213.5   16.65   48.04    0.02626    0.8494       0.3056     0.1016           0.04215      0.6772            2.583      0.1993          0.5904        4.95e+04        0.3737    0.04983       1.574e+13
      0.4             215   16.66   48.04    0.01975    0.8819       0.4065     0.1317           0.07676       1.246            9.938      0.0165          0.4481       8.391e+11        0.0805  0.0003333       7.684e+34

=== 5m P5|B|10
 edge_pct  trades_per_30d  mean_N  mean_L  liq_share  tp_share  drift_H_pct  gross_pct  net_notional_pct  eq_ret_pct  30d_median_mult  30d_p_loss  30d_mdd_median  1y_median_mult  1y_p_below50  1y_p_ruin  IS_median_mult
        0           221.5   16.69   48.07  7.205e-05    0.6722    -0.001175   0.005381          -0.05147     -0.8937          0.09938      0.9963          0.9166       5.341e-13             1          1       2.183e-36
    0.025           221.6   16.69   48.07  7.202e-05    0.6797      0.02482     0.0104          -0.04608     -0.8058            0.123      0.9935          0.8992       6.009e-12             1          1       3.105e-33
     0.05           221.7   16.69   48.07  7.199e-05    0.6868      0.05051    0.01512            -0.041     -0.7225           0.1481      0.9903          0.8807       6.021e-11             1          1       1.478e-30
    0.075           221.8   16.69   48.07  7.197e-05    0.6939      0.07618    0.01976            -0.036     -0.6391           0.1799      0.9825          0.8587       6.199e-10             1          1       1.261e-27
      0.1           221.9   16.69   48.07  7.406e-05    0.7009       0.1012    0.02441            -0.031     -0.5572           0.2183       0.971          0.8335        6.32e-09             1          1       5.812e-25
     0.15             222   16.69   48.07  6.978e-05    0.7147       0.1519     0.0337          -0.02101     -0.3955            0.316      0.9297          0.7756       5.635e-07             1          1       3.874e-19
      0.2           222.2   16.69   48.07  6.762e-05     0.729       0.2027     0.0433          -0.01069     -0.2267           0.4626      0.8352          0.7024        6.12e-05             1     0.9973       3.262e-13
      0.3           222.5   16.69   48.07  6.751e-05    0.7576       0.3053    0.06249          0.009936      0.1101            1.006      0.4957          0.5404          0.7296         0.811     0.4258          0.4807
      0.4           222.9   16.69   48.07  7.163e-05    0.7856       0.4065    0.08113           0.02998      0.4379            2.115       0.155          0.4088            7139        0.1517   0.002667       2.149e+11

=== 5m P5|C|10
 edge_pct  trades_per_30d  mean_N  mean_L  liq_share  tp_share  drift_H_pct  gross_pct  net_notional_pct  eq_ret_pct  30d_median_mult  30d_p_loss  30d_mdd_median  1y_median_mult  1y_p_below50  1y_p_ruin  IS_median_mult
        0           213.8   16.62   48.02          0    0.7238    -0.001098   0.007457          -0.04693     -0.8019           0.1178      0.9867            0.91       2.762e-12             1          1       1.367e-34
    0.025           214.1   16.62   48.02          0    0.7322      0.02507    0.01414          -0.03983     -0.6813           0.1552      0.9757          0.8871       7.484e-11             1          1       2.856e-30
     0.05           214.3   16.62   48.02          0    0.7401       0.0509    0.02054          -0.03302      -0.565           0.2005      0.9553          0.8594       1.787e-09             1          1       2.395e-26
    0.075           214.6   16.63   48.02          0    0.7481      0.07667    0.02681          -0.02634     -0.4495           0.2582      0.9262           0.828        4.05e-08             1          1       1.827e-22
      0.1           214.8   16.63   48.02          0    0.7559       0.1018    0.03307          -0.01969      -0.336           0.3334      0.8828          0.7898       9.345e-07             1     0.9998       2.025e-18
     0.15           215.3   16.63   48.03          0    0.7716       0.1528    0.04552         -0.006445     -0.1119           0.5492       0.743          0.7041       0.0004411         0.998      0.983        1.24e-10
      0.2           215.8   16.63   48.03          0    0.7877       0.2039    0.05839          0.007237      0.1212           0.9328       0.532          0.6061          0.2638        0.8855     0.5978         0.02964
      0.3           216.8   16.64   48.03          0    0.8195       0.3067    0.08391           0.03437      0.5819            2.671      0.1273          0.4418       9.725e+04        0.1563   0.002833       5.286e+14
      0.4           217.8   16.65   48.04          0    0.8506        0.408     0.1086           0.06067       1.029              7.4    0.007667          0.3329       2.654e+10        0.0205          0       2.517e+30

=== 5m P5|B|100
 edge_pct  trades_per_30d  mean_N  mean_L  liq_share  tp_share  drift_H_pct  gross_pct  net_notional_pct  eq_ret_pct  30d_median_mult  30d_p_loss  30d_mdd_median  1y_median_mult  1y_p_below50  1y_p_ruin  IS_median_mult
        0             188   16.74    48.1  0.0003521   0.04252    -0.002056  -0.006192          -0.09537      -1.602          0.01768      0.9975          0.9866       8.755e-22             1          1       1.915e-62
    0.025           187.6   16.74    48.1  0.0003528    0.0442       0.0241    0.01192          -0.07718      -1.332           0.0296      0.9923          0.9788        3.73e-19             1          1       6.176e-55
     0.05           187.2   16.74    48.1   0.000356   0.04578      0.04974    0.02983           -0.0592      -1.065          0.04893      0.9832           0.967       1.547e-16             1          1       5.113e-47
    0.075           186.9   16.74    48.1  0.0003467   0.04735      0.07533    0.04762          -0.04134     -0.8004          0.07909      0.9597          0.9517       6.348e-14             1          1       1.956e-39
      0.1           186.5   16.74   48.09  0.0003423   0.04895       0.1007      0.065          -0.02389     -0.5426           0.1285      0.9192          0.9288       2.261e-11             1          1        5.13e-32
     0.15           185.9   16.74   48.09  0.0003233   0.05215       0.1514     0.1005           0.01173    -0.02002           0.3326      0.7773          0.8616       2.579e-06        0.9993      0.993       1.651e-17
      0.2           185.1   16.74   48.09  0.0003145   0.05517       0.2015     0.1358           0.04723      0.5078           0.8727      0.5347          0.7723          0.3492        0.9153     0.7107         0.05604
      0.3           183.7   16.74   48.09  0.0003118    0.0614       0.3044     0.2071            0.1188       1.562            5.675      0.1165           0.591       3.549e+09        0.2673      0.017       1.039e+28
      0.4           182.4   16.74   48.09  0.0002909   0.06754       0.4066     0.2778            0.1897       2.599            35.62    0.006333          0.4541       1.893e+19       0.05533          0       7.821e+56

=== 5m P5c|A|10
 edge_pct  trades_per_30d  mean_N  mean_L  liq_share  tp_share  drift_H_pct  gross_pct  net_notional_pct  eq_ret_pct  30d_median_mult  30d_p_loss  30d_mdd_median  1y_median_mult  1y_p_below50  1y_p_ruin  IS_median_mult
        0           208.9   9.605   48.02    0.04619      0.75    -0.001367   0.008767          -0.06427     -0.6188           0.2112      0.9792          0.8308       3.321e-09             1          1       1.812e-25
    0.025           209.3   10.01   48.02    0.04447    0.7585      0.02467    0.01675          -0.05511     -0.4722           0.2868      0.9478          0.7833       1.366e-07             1          1       6.669e-21
     0.05           209.7    10.4   48.03    0.04275    0.7669      0.05045    0.02463          -0.04607     -0.3283           0.3817      0.8898          0.7282       5.587e-06             1          1       2.984e-16
    0.075             210    10.8   48.03    0.04109    0.7752      0.07615    0.03232          -0.03724     -0.1861           0.5153      0.7938          0.6716         0.00022        0.9997     0.9947       2.093e-11
      0.1           210.4   11.19   48.03    0.03941    0.7833       0.1013    0.03993          -0.02849     -0.0453           0.6968      0.6727          0.6143        0.008607        0.9858      0.897       1.028e-06
     0.15           211.1   11.98   48.03    0.03611    0.7997       0.1523    0.05522          -0.01095      0.2364             1.27      0.3782          0.5076           13.53        0.5665     0.1632            1334
      0.2           211.9   12.78   48.03    0.03282    0.8163       0.2033    0.07071          0.006806      0.5227            2.354      0.1428           0.436       2.396e+04        0.1748     0.0045       4.589e+12
      0.3           213.5   14.36   48.04    0.02626    0.8494       0.3056     0.1016           0.04215       1.093            8.259       0.006          0.3517       8.699e+10         0.026          0       7.981e+31
      0.4             215   15.94   48.04    0.01975    0.8819       0.4065     0.1317           0.07676       1.653            28.16           0           0.307         3.1e+17       0.01067          0       7.107e+50

=== 5m P5c|B|10
 edge_pct  trades_per_30d  mean_N  mean_L  liq_share  tp_share  drift_H_pct  gross_pct  net_notional_pct  eq_ret_pct  30d_median_mult  30d_p_loss  30d_mdd_median  1y_median_mult  1y_p_below50  1y_p_ruin  IS_median_mult
        0           221.5   9.614   48.07  7.205e-05    0.6722    -0.001175   0.005381          -0.05147     -0.5005            0.295      0.9923          0.7391       2.963e-07             1          1       1.065e-19
    0.025           221.6   10.02   48.07  7.202e-05    0.6797      0.02482     0.0104          -0.04608     -0.4207             0.35      0.9798          0.6976       2.426e-06             1          1        4.49e-17
     0.05           221.7   10.41   48.07  7.199e-05    0.6868      0.05051    0.01512            -0.041     -0.3448           0.4126      0.9537          0.6603       1.711e-05             1          1       1.936e-14
    0.075           221.8   10.81   48.07  7.197e-05    0.6939      0.07618    0.01976            -0.036     -0.2697           0.4856      0.9113          0.6182       0.0001232             1     0.9997       5.022e-12
      0.1           221.9    11.2   48.07  7.406e-05    0.7009       0.1012    0.02441            -0.031     -0.1943           0.5703      0.8472          0.5772       0.0008634        0.9997     0.9955       1.168e-09
     0.15             222   11.99   48.07  6.978e-05    0.7147       0.1519     0.0337          -0.02101    -0.04739           0.7793      0.6568          0.5055         0.03874        0.9722     0.7953       6.183e-05
      0.2           222.2   12.79   48.07  6.762e-05     0.729       0.2027     0.0433          -0.01069       0.107             1.09      0.4432          0.4433           2.075        0.6558      0.195           11.48
      0.3           222.5   14.37   48.07  6.751e-05    0.7576       0.3053    0.06249          0.009936      0.4112            2.103      0.1475          0.3761            5700        0.1103   0.001333        1.04e+11
      0.4           222.9   15.95   48.07  7.163e-05    0.7856       0.4065    0.08113           0.02998      0.7087            3.965     0.03117          0.3346       1.357e+07        0.0325          0       4.907e+20

=== 5m P5c|C|10
 edge_pct  trades_per_30d  mean_N  mean_L  liq_share  tp_share  drift_H_pct  gross_pct  net_notional_pct  eq_ret_pct  30d_median_mult  30d_p_loss  30d_mdd_median  1y_median_mult  1y_p_below50  1y_p_ruin  IS_median_mult
        0           213.8   9.603   48.02          0    0.7238    -0.001098   0.007457          -0.04693     -0.4539           0.3325      0.9757          0.7222       1.073e-06             1          1       5.405e-18
    0.025           214.1   10.01   48.02          0    0.7322      0.02507    0.01414          -0.03983     -0.3381           0.4281      0.9355          0.6627       2.143e-05             1          1       2.627e-14
     0.05           214.3    10.4   48.02          0    0.7401       0.0509    0.02054          -0.03302      -0.227           0.5401       0.863          0.6039       0.0003558        0.9998     0.9985       1.029e-10
    0.075           214.6    10.8   48.02          0    0.7481      0.07667    0.02681          -0.02634      -0.117           0.6803      0.7533          0.5435         0.00608         0.996     0.9495       4.949e-07
      0.1           214.8   11.19   48.02          0    0.7559       0.1018    0.03307          -0.01969   -0.007405           0.8581      0.5995          0.4873           0.105        0.9308     0.6367        0.001441
     0.15           215.3   11.98   48.03          0    0.7716       0.1528    0.04552         -0.006445      0.2097            1.368      0.3127          0.4081            28.4        0.3618    0.03417       2.106e+04
      0.2           215.8   12.78   48.03          0    0.7877       0.2039    0.05839          0.007237      0.4332            2.185      0.1162          0.3541            9216       0.08433  0.0001667       3.196e+11
      0.3           216.8   14.36   48.03          0    0.8195       0.3067    0.08391           0.03437      0.8754             5.66       0.007          0.2912       9.403e+08       0.01317          0       2.198e+26
      0.4           217.8   15.94   48.04          0    0.8506        0.408     0.1086           0.06067       1.307            14.55      0.0005          0.2626        7.95e+13      0.004667          0       3.502e+40

=== 5m P6|B|none
 edge_pct  trades_per_30d  mean_N  mean_L  liq_share  tp_share  drift_H_pct  gross_pct  net_notional_pct  eq_ret_pct  30d_median_mult  30d_p_loss  30d_mdd_median  1y_median_mult  1y_p_below50  1y_p_ruin  IS_median_mult
        0           186.9   1.884   9.998          0         0    -0.001687  -0.009359           -0.1005     -0.1854           0.6936      0.9847          0.3359         0.01249             1          1       2.545e-06
    0.025           186.5   1.884   9.998          0         0      0.02432   0.009085           -0.0821     -0.1562           0.7324      0.9643           0.304         0.02426             1     0.9925       1.669e-05
     0.05           186.1   1.884   9.998          0         0      0.04986    0.02713          -0.06406     -0.1276            0.771      0.9325          0.2726         0.04628             1     0.9153       0.0001115
    0.075           185.7   1.884   9.998          0         0      0.07531    0.04496          -0.04625    -0.09938           0.8153      0.8872          0.2431         0.08836        0.9995     0.6293       0.0007944
      0.1           185.3   1.884   9.998          0         0       0.1006    0.06264          -0.02858     -0.0717           0.8584      0.8193          0.2166          0.1659        0.9818     0.2268        0.005223
     0.15           184.6   1.884   9.998          0         0       0.1511    0.09834          0.007101    -0.01595           0.9509      0.6123          0.1685           0.586        0.5448   0.003167          0.1833
      0.2           183.7   1.884   9.998          0         0       0.2008     0.1337           0.04245     0.04032            1.055      0.3777          0.1302           2.087        0.0345          0           8.121
      0.3           182.2   1.885   9.998          0         0       0.3032     0.2058            0.1145      0.1533            1.294     0.06633         0.08469           24.78             0          0       1.121e+04
      0.4           180.7   1.885   9.998          0         0       0.4046     0.2772            0.1859      0.2646            1.568    0.003167         0.05896           276.9             0          0       1.463e+07

=== 5m P6h|B|none
 edge_pct  trades_per_30d  mean_N  mean_L  liq_share  tp_share  drift_H_pct  gross_pct  net_notional_pct  eq_ret_pct  30d_median_mult  30d_p_loss  30d_mdd_median  1y_median_mult  1y_p_below50  1y_p_ruin  IS_median_mult
        0           186.9  0.9697   9.998          0         0    -0.001687  -0.009359           -0.1005    -0.09526           0.8312      0.9828          0.1866          0.1095             1     0.3933        0.001518
    0.025           186.5  0.9696   9.998          0         0      0.02432   0.009085           -0.0821    -0.08046           0.8547      0.9617          0.1672          0.1535             1       0.08        0.003853
     0.05           186.1  0.9697   9.998          0         0      0.04986    0.02713          -0.06406    -0.06595           0.8776      0.9302          0.1484          0.2123        0.9975   0.006167         0.01038
    0.075           185.7  0.9698   9.998          0         0      0.07531    0.04496          -0.04625    -0.05161           0.9026       0.885          0.1314          0.2957        0.9675  0.0001667         0.02776
      0.1           185.3  0.9699   9.998          0         0       0.1006    0.06264          -0.02858    -0.03759           0.9265      0.8118          0.1162          0.4074        0.8073          0         0.07228
     0.15           184.6    0.97   9.998          0         0       0.1511    0.09834          0.007101   -0.009396           0.9758      0.6042         0.08933          0.7712        0.1102          0          0.4476
      0.2           183.7    0.97   9.998          0         0       0.2008     0.1337           0.04245     0.01909            1.029      0.3747          0.0687           1.466      0.001167          0            2.92
      0.3           182.2  0.9703   9.998          0         0       0.3032     0.2058            0.1145     0.07628            1.141       0.069         0.04403           5.155             0          0           118.6
      0.4           180.7  0.9705   9.998          0         0       0.4046     0.2772            0.1859      0.1327            1.257    0.002833         0.03045           17.56             0          0            4396

=== 5m P6|B|10
 edge_pct  trades_per_30d  mean_N  mean_L  liq_share  tp_share  drift_H_pct  gross_pct  net_notional_pct  eq_ret_pct  30d_median_mult  30d_p_loss  30d_mdd_median  1y_median_mult  1y_p_below50  1y_p_ruin  IS_median_mult
        0           193.5   1.867   9.998          0    0.1912    -0.001593  -0.002688          -0.08414     -0.1642           0.7175       0.986          0.3083         0.01866             1     0.9997       9.283e-06
    0.025           193.2   1.867   9.998          0    0.1969      0.02487    0.01278          -0.06839     -0.1378           0.7551      0.9695          0.2773         0.03475             1     0.9818       5.853e-05
     0.05             193   1.867   9.998          0    0.2027      0.05077    0.02797          -0.05292     -0.1121           0.7949      0.9405          0.2474         0.06374             1     0.8353       0.0003225
    0.075           192.7   1.866   9.998          0    0.2082      0.07677    0.04301          -0.03761    -0.08647           0.8352      0.8883          0.2183          0.1169        0.9985     0.4172        0.001844
      0.1           192.5   1.866   9.998          0    0.2137       0.1024    0.05757          -0.02278    -0.06167            0.876      0.8147          0.1925            0.21         0.977    0.09283         0.01008
     0.15             192   1.866   9.998          0    0.2248       0.1537    0.08718          0.007369    -0.01187           0.9643      0.5913          0.1486          0.6771        0.4052  0.0003333          0.3188
      0.2           191.5   1.865   9.998          0     0.236       0.2046     0.1173           0.03799     0.03921            1.066       0.332          0.1149           2.223       0.01217          0           10.76
      0.3           190.6   1.864   9.998          0    0.2586       0.3087     0.1779           0.09976      0.1416            1.294     0.04167         0.07402           23.58             0          0            9456
      0.4           189.7   1.863   9.998          0    0.2804        0.412     0.2371              0.16      0.2414            1.562   0.0008333         0.05294           232.8             0          0       7.938e+06

=== 15m P0|A|10
 edge_pct  trades_per_30d  mean_N  mean_L  liq_share  tp_share  drift_H_pct  gross_pct  net_notional_pct  eq_ret_pct  30d_median_mult  30d_p_loss  30d_mdd_median  1y_median_mult  1y_p_below50  1y_p_ruin  IS_median_mult
        0           79.32       1       1          0   0.00422      0.00222   0.009637          -0.08514    -0.08514           0.9257      0.6977          0.1602          0.3778        0.7955    0.01217         0.06393
    0.025           79.32       1       1          0  0.004273      0.02718    0.03459          -0.06019    -0.06019           0.9449      0.6488          0.1521          0.4788        0.6608   0.003667          0.1254
     0.05           79.33       1       1          0  0.004326      0.05194    0.05946          -0.03532    -0.03532            0.964      0.5977          0.1432          0.6125         0.495  0.0008333          0.2467
    0.075           79.33       1       1          0  0.004468      0.07855    0.08635         -0.008413   -0.008413           0.9829      0.5442          0.1356          0.7931        0.3373  0.0003333          0.4863
      0.1           79.33       1       1          0  0.004581       0.1041     0.1121           0.01732     0.01732            1.003      0.4918          0.1279           1.017        0.2047  0.0001667           1.016
     0.15           79.33       1       1          0  0.004746       0.1532     0.1611           0.06636     0.06636            1.042      0.3908          0.1155            1.63       0.05717          0           4.303
      0.2           79.34       1       1          0  0.004929       0.2035     0.2114            0.1167      0.1167            1.081       0.302          0.1049           2.665       0.01033          0           16.26
      0.3           79.34       1       1          0  0.005343       0.3025      0.311            0.2163      0.2163            1.169      0.1543         0.08604           6.867     0.0006667          0           310.6
      0.4           79.35       1       1          0   0.00565       0.4048     0.4131            0.3184      0.3184            1.259     0.06083         0.07225           18.51             0          0            6079
      0.6           79.36       1       1          0  0.006384       0.6067     0.6157             0.521       0.521            1.467    0.005167         0.05018             130             0          0       1.759e+06

=== 15m P0|B|10
 edge_pct  trades_per_30d  mean_N  mean_L  liq_share  tp_share  drift_H_pct  gross_pct  net_notional_pct  eq_ret_pct  30d_median_mult  30d_p_loss  30d_mdd_median  1y_median_mult  1y_p_below50  1y_p_ruin  IS_median_mult
        0           91.08       1       1          0  0.003722     0.005874   -0.00884           -0.1022     -0.1022           0.9041      0.7828          0.1591          0.2833        0.9257      0.015         0.02868
    0.025           90.91       1       1          0   0.00377      0.03104   0.008947          -0.08441    -0.08441           0.9189      0.7473           0.151          0.3449        0.8503   0.003833         0.04972
     0.05           90.75       1       1          0  0.003833      0.05559    0.02577           -0.0676     -0.0676            0.933      0.7068          0.1433          0.4169        0.7467     0.0015         0.08855
    0.075           90.59       1       1          0  0.003928      0.08178    0.04385          -0.04953    -0.04953           0.9468      0.6657          0.1356          0.5097        0.6013  0.0001667          0.1402
      0.1           90.41       1       1          0   0.00404       0.1078    0.06219           -0.0312     -0.0312           0.9627      0.6185          0.1289          0.6237         0.437          0          0.2747
     0.15            90.1       1       1          0  0.004163       0.1571    0.09652          0.003098    0.003098           0.9914       0.529          0.1166          0.9065        0.1748          0           0.828
      0.2            89.8       1       1          0  0.004334       0.2074     0.1319           0.03843     0.03843            1.021      0.4372          0.1059           1.336         0.043          0           2.452
      0.3            89.2       1       1          0  0.004684       0.3079     0.2023            0.1088      0.1088            1.083      0.2588         0.08813           2.839     0.0006667          0            22.1
      0.4           88.58       1       1          0  0.004971       0.4102     0.2727            0.1791      0.1791            1.149      0.1383         0.07423           6.007             0          0           204.4
      0.6           87.39       1       1          0  0.005587       0.6138     0.4155            0.3218      0.3218            1.292      0.0215         0.05309           26.55             0          0        1.76e+04

=== 15m P1|B|10
 edge_pct  trades_per_30d  mean_N  mean_L  liq_share  tp_share  drift_H_pct  gross_pct  net_notional_pct  eq_ret_pct  30d_median_mult  30d_p_loss  30d_mdd_median  1y_median_mult  1y_p_below50  1y_p_ruin  IS_median_mult
        0           94.88    1.25       5          0    0.1638     0.005984  -0.001148          -0.08609     -0.1076            0.895      0.7825          0.1741           0.253        0.9488    0.03317         0.02016
    0.025           94.78    1.25       5          0    0.1666      0.03109    0.01458          -0.07023    -0.08779           0.9124      0.7457          0.1641           0.317        0.8817     0.0105         0.03925
     0.05           94.67    1.25       5          0    0.1695      0.05628    0.02983          -0.05486    -0.06857           0.9284      0.7018          0.1558           0.398        0.7712   0.003667         0.07763
    0.075           94.56    1.25       5          0    0.1722       0.0828    0.04549          -0.03907    -0.04884           0.9449      0.6547          0.1476          0.5006        0.6275   0.001167          0.1367
      0.1           94.43    1.25       5          0    0.1753       0.1092    0.06166          -0.02275    -0.02844           0.9633      0.6017          0.1406          0.6312        0.4468  0.0001667          0.2898
     0.15           94.22    1.25       5          0    0.1806       0.1588    0.09224          0.008073     0.01009           0.9998      0.5008          0.1269           0.973        0.1652          0          0.9462
      0.2           94.01    1.25       5          0    0.1862       0.2095     0.1231           0.03924     0.04905            1.035       0.403          0.1143            1.53       0.03417          0           3.217
      0.3           93.62    1.25       5          0    0.1977       0.3121     0.1855            0.1022      0.1277             1.11      0.2262         0.09594            3.74     0.0006667          0            47.3
      0.4           93.19    1.25       5          0    0.2095       0.4181     0.2496            0.1668      0.2085            1.195      0.1017         0.08182           9.278             0          0           682.3
      0.6            92.4    1.25       5          0    0.2326       0.6232     0.3751            0.2934      0.3667            1.375     0.01433         0.05957           53.46             0          0       1.094e+05

=== 15m P2|B|10
 edge_pct  trades_per_30d  mean_N  mean_L  liq_share  tp_share  drift_H_pct  gross_pct  net_notional_pct  eq_ret_pct  30d_median_mult  30d_p_loss  30d_mdd_median  1y_median_mult  1y_p_below50  1y_p_ruin  IS_median_mult
        0             102     2.5      10  9.205e-06    0.3725     0.006369   0.004888          -0.06896     -0.1724           0.8176      0.8062          0.2831         0.08217        0.9942     0.6565       0.0007338
    0.025             102     2.5      10  9.209e-06    0.3773      0.03205    0.01601           -0.0576      -0.144           0.8409      0.7715          0.2703          0.1181        0.9817     0.4882        0.002214
     0.05           101.9     2.5      10  9.211e-06     0.382      0.05759    0.02681          -0.04657     -0.1164           0.8663      0.7302          0.2577          0.1669         0.953     0.3258        0.005099
    0.075           101.9     2.5      10  9.214e-06    0.3869      0.08463    0.03808          -0.03505    -0.08764           0.8921      0.6875          0.2452          0.2383        0.9013      0.192         0.01639
      0.1           101.9     2.5      10  9.217e-06    0.3921        0.111    0.04988            -0.023    -0.05751            0.917      0.6453          0.2351          0.3445        0.8107    0.09283         0.04624
     0.15           101.8     2.5      10  9.224e-06    0.4019       0.1607    0.07265         0.0002562   0.0006406           0.9737      0.5502          0.2144          0.7086        0.5418    0.01433          0.4498
      0.2           101.7     2.5      10   9.23e-06    0.4115       0.2118    0.09481           0.02289     0.05722            1.034      0.4465          0.1949            1.43        0.2615     0.0015           3.121
      0.3           101.6     2.5      10  9.243e-06    0.4308       0.3156     0.1399           0.06898      0.1724            1.159      0.2532          0.1633           5.943       0.01967          0           210.9
      0.4           101.4     2.5      10  9.257e-06    0.4505       0.4215     0.1856            0.1156      0.2891              1.3      0.1213          0.1387           25.44      0.001167          0       1.161e+04
      0.6           101.2     2.5      10  9.278e-06    0.4898       0.6274     0.2762            0.2082      0.5204            1.639       0.015          0.1054           439.9             0          0       5.206e+07

=== 15m P2|C|10
 edge_pct  trades_per_30d  mean_N  mean_L  liq_share  tp_share  drift_H_pct  gross_pct  net_notional_pct  eq_ret_pct  30d_median_mult  30d_p_loss  30d_mdd_median  1y_median_mult  1y_p_below50  1y_p_ruin  IS_median_mult
        0            89.8     2.5      10          0    0.4265     0.003377    0.01626          -0.05609     -0.1402           0.8555       0.711          0.3042          0.1249        0.9605     0.5115        0.002411
    0.025           89.92     2.5      10          0    0.4321      0.02883    0.03338          -0.03867    -0.09668           0.8888      0.6612          0.2923          0.1971        0.9132     0.3352            0.01
     0.05           90.03     2.5      10          0    0.4378      0.05515    0.05062          -0.02113    -0.05283           0.9267      0.6087          0.2776          0.3204         0.831      0.193         0.04342
    0.075           90.16     2.5      10          0    0.4435      0.08294    0.06822         -0.003239   -0.008098            0.961      0.5503          0.2633          0.5284        0.7065    0.09167          0.2106
      0.1           90.32     2.5      10          0    0.4495       0.1093    0.08578           0.01463     0.03658            1.001      0.4987          0.2522          0.8664        0.5497     0.0355            1.02
     0.15           90.57     2.5      10          0     0.461       0.1595     0.1202           0.04969      0.1242            1.087      0.3873          0.2286           2.292        0.2602     0.0035           13.42
      0.2            90.8     2.5      10          0    0.4721       0.2099     0.1533           0.08329      0.2082             1.17       0.292          0.2097           5.954        0.0885  0.0001667           211.4
      0.3           91.26     2.5      10          0    0.4946        0.314     0.2212            0.1524      0.3811            1.369      0.1393          0.1775           42.31        0.0085          0        5.88e+04
      0.4           91.73     2.5      10          0    0.5172       0.4195       0.29            0.2224      0.5559            1.598     0.05017          0.1544           310.3        0.0015          0       1.986e+07
      0.6           92.76     2.5      10          0    0.5627       0.6258      0.427            0.3618      0.9045            2.223    0.002833          0.1211       1.783e+04             0          0       2.689e+12

=== 15m P3|A|10
 edge_pct  trades_per_30d  mean_N  mean_L  liq_share  tp_share  drift_H_pct  gross_pct  net_notional_pct  eq_ret_pct  30d_median_mult  30d_p_loss  30d_mdd_median  1y_median_mult  1y_p_below50  1y_p_ruin  IS_median_mult
        0           100.8       4      20    0.01946    0.6671     0.003924    0.01584          -0.05174      -0.207           0.7637      0.7513          0.4176         0.02518        0.9918     0.8755       2.513e-05
    0.025             101       4      20    0.01908    0.6727      0.02899    0.02627          -0.04086     -0.1634           0.7972      0.7152          0.4042         0.04429        0.9825     0.7865        8.86e-05
     0.05           101.1       4      20    0.01865    0.6783      0.05541    0.03688          -0.02977     -0.1191           0.8359      0.6725          0.3885         0.07715        0.9607      0.668       0.0005395
    0.075           101.3       4      20    0.01829    0.6837      0.08262    0.04721            -0.019      -0.076           0.8719      0.6315          0.3732          0.1348        0.9288     0.5367        0.003244
      0.1           101.5       4      20     0.0179    0.6895       0.1089     0.0578         -0.007933    -0.03173           0.9117      0.5922          0.3593          0.2348        0.8715     0.3955         0.01816
     0.15           101.9       4      20    0.01718    0.7009       0.1589    0.07861           0.01379     0.05515           0.9962      0.5042          0.3354          0.7072        0.6915      0.165             0.5
      0.2           102.3       4      20    0.01638    0.7117       0.2092    0.09886           0.03496      0.1398            1.089      0.4132          0.3102            2.14        0.4612    0.04567           9.951
      0.3             103       4      20     0.0149    0.7335       0.3114     0.1388           0.07668      0.3067            1.299      0.2573          0.2703           18.71         0.135   0.002167            3890
      0.4           103.7       4      20    0.01315    0.7556       0.4168     0.1809            0.1207      0.4829            1.565      0.1282          0.2379           192.5       0.03117  0.0001667       3.296e+06
      0.6           105.2       4      20   0.009913    0.8002       0.6237     0.2644            0.2079      0.8317            2.297     0.01683          0.1972       2.172e+04        0.0025          0       3.865e+12

=== 15m P3|B|10
 edge_pct  trades_per_30d  mean_N  mean_L  liq_share  tp_share  drift_H_pct  gross_pct  net_notional_pct  eq_ret_pct  30d_median_mult  30d_p_loss  30d_mdd_median  1y_median_mult  1y_p_below50  1y_p_ruin  IS_median_mult
        0           112.5       4      20  0.0003047    0.5893     0.005106   0.008635          -0.05367     -0.2147           0.7546       0.821           0.353         0.03092        0.9997     0.9045       4.399e-05
    0.025           112.5       4      20  0.0002963     0.594      0.03066    0.01496          -0.04711     -0.1885            0.778      0.7988          0.3403         0.04423        0.9982     0.8333       0.0001528
     0.05           112.5       4      20   0.000292    0.5986      0.05645     0.0212          -0.04063     -0.1625           0.8032      0.7688           0.329         0.06361        0.9928     0.7327       0.0004031
    0.075           112.6       4      20  0.0002919    0.6032      0.08301    0.02742          -0.03419     -0.1367           0.8242      0.7382          0.3179         0.09117         0.982       0.61       0.0009098
      0.1           112.6       4      20   0.000296    0.6082       0.1091    0.03422          -0.02713     -0.1085           0.8515      0.7097          0.3061          0.1337        0.9597     0.4678        0.002902
     0.15           112.7       4      20  0.0003001    0.6178       0.1589    0.04707           -0.0138    -0.05522           0.9044      0.6337          0.2814          0.2809        0.8592     0.2115         0.02665
      0.2           112.7       4      20  0.0002999     0.627       0.2096    0.05962         -0.000787   -0.003148           0.9621      0.5573          0.2621          0.5757        0.6687    0.07517          0.2206
      0.3           112.8       4      20   0.000283    0.6456       0.3125    0.08467           0.02521      0.1008            1.083      0.3835          0.2243           2.425        0.2235   0.002667           14.19
      0.4           112.9       4      20  0.0002703    0.6649       0.4177     0.1109           0.05237      0.2095            1.221       0.236          0.1952           11.04       0.03667          0            1016
      0.6           113.1       4      20  0.0002324    0.7027        0.623     0.1622            0.1056      0.4226            1.561       0.052          0.1505           216.8      0.001667          0       7.908e+06

=== 15m P3|C|10
 edge_pct  trades_per_30d  mean_N  mean_L  liq_share  tp_share  drift_H_pct  gross_pct  net_notional_pct  eq_ret_pct  30d_median_mult  30d_p_loss  30d_mdd_median  1y_median_mult  1y_p_below50  1y_p_ruin  IS_median_mult
        0           102.9       4      20          0    0.6581     0.004642    0.01164          -0.04785     -0.1914           0.7833      0.7523          0.3798         0.04012         0.993     0.8192       0.0001419
    0.025             103       4      20          0    0.6637         0.03    0.02146          -0.03774      -0.151           0.8123      0.7115           0.363         0.06781        0.9812     0.7112         0.00054
     0.05           103.2       4      20          0     0.669      0.05631    0.03111          -0.02781     -0.1112           0.8491      0.6725          0.3478          0.1132        0.9532     0.5617        0.002291
    0.075           103.3       4      20          0    0.6744      0.08366    0.04087          -0.01777    -0.07108           0.8846      0.6332          0.3329           0.188        0.9072     0.4042         0.01143
      0.1           103.5       4      20          0    0.6801         0.11    0.05085         -0.007489    -0.02995           0.9217       0.592          0.3196          0.3206         0.825     0.2592         0.04913
     0.15           103.8       4      20          0    0.6912       0.1599    0.07019           0.01243     0.04971            1.004       0.495          0.2963          0.8825        0.6023    0.07517          0.9289
      0.2           104.1       4      20          0    0.7018       0.2104    0.08885           0.03164      0.1266             1.09      0.4055          0.2729           2.429        0.3435    0.01483           17.51
      0.3           104.7       4      20          0    0.7233       0.3128     0.1265           0.07042      0.2817            1.287      0.2327          0.2348           18.26         0.066          0            6330
      0.4           105.3       4      20          0    0.7452       0.4181     0.1659             0.111       0.444            1.539      0.1035          0.2025           157.2         0.008          0       4.107e+06
      0.6           106.5       4      20          0    0.7891       0.6256     0.2438            0.1912      0.7646            2.177       0.009          0.1507       1.181e+04     0.0001667          0       8.101e+11

=== 15m P3|B|30
 edge_pct  trades_per_30d  mean_N  mean_L  liq_share  tp_share  drift_H_pct  gross_pct  net_notional_pct  eq_ret_pct  30d_median_mult  30d_p_loss  30d_mdd_median  1y_median_mult  1y_p_below50  1y_p_ruin  IS_median_mult
        0           97.37       4      20  0.0008052    0.2437     0.007083   0.001353           -0.0797     -0.3188           0.6748      0.8248          0.4588        0.007352        0.9993     0.9762       5.505e-07
    0.025            97.3       4      20  0.0007865    0.2477      0.03247    0.01557          -0.06529     -0.2612           0.7145       0.788          0.4386         0.01478        0.9973      0.938       4.836e-06
     0.05           97.21       4      20  0.0007824    0.2512       0.0575    0.02887          -0.05182     -0.2073           0.7545      0.7495          0.4211         0.02782        0.9915     0.8668       4.093e-05
    0.075           97.14       4      20   0.000783    0.2551      0.08433    0.04303          -0.03747     -0.1499            0.798      0.7065           0.404          0.0553        0.9787     0.7477       0.0002437
      0.1           97.04       4      20  0.0007741    0.2593       0.1108    0.05794          -0.02235    -0.08939           0.8426      0.6575          0.3853          0.1147        0.9457     0.5827        0.001737
     0.15           96.89       4      20  0.0007753    0.2669       0.1606    0.08605          0.006125      0.0245           0.9386      0.5622          0.3551          0.4208        0.7865     0.2617         0.07702
      0.2           96.74       4      20  0.0007716    0.2744        0.211     0.1137           0.03416      0.1366            1.042       0.463          0.3226           1.611        0.5418      0.063           2.765
      0.3           96.45       4      20   0.000735    0.2898       0.3135     0.1701           0.09133      0.3653            1.299      0.2698          0.2747           23.15        0.1295   0.001333            8072
      0.4           96.13       4      20  0.0007277    0.3057       0.4192     0.2278            0.1497       0.599             1.62       0.131          0.2355             354       0.02483  0.0001667       1.903e+07
      0.6           95.52       4      20  0.0006094    0.3368        0.626     0.3409            0.2645       1.058            2.477     0.01817          0.1759       7.132e+04      0.001667          0       1.505e+14

=== 15m P3|B|100
 edge_pct  trades_per_30d  mean_N  mean_L  liq_share  tp_share  drift_H_pct  gross_pct  net_notional_pct  eq_ret_pct  30d_median_mult  30d_p_loss  30d_mdd_median  1y_median_mult  1y_p_below50  1y_p_ruin  IS_median_mult
        0           91.52       4      20   0.001395   0.02541      0.00621  -0.005991          -0.09881     -0.3952           0.6148      0.8298          0.5183        0.002371             1     0.9908       2.366e-08
    0.025           91.36       4      20   0.001387   0.02586      0.03141    0.01186          -0.08094     -0.3238           0.6573       0.799          0.4972        0.005122        0.9988     0.9728       3.033e-07
     0.05           91.21       4      20   0.001385   0.02631      0.05619    0.02845          -0.06434     -0.2574           0.6999      0.7645          0.4771         0.01092        0.9957     0.9345       3.148e-06
    0.075           91.06       4      20   0.001382    0.0268      0.08214    0.04586          -0.04693     -0.1877           0.7422      0.7277          0.4581         0.02358        0.9888     0.8652       2.086e-05
      0.1           90.88       4      20   0.001369   0.02727       0.1082    0.06358           -0.0292     -0.1168           0.7963      0.6857          0.4402         0.05137         0.971     0.7555       0.0002152
     0.15           90.58       4      20   0.001374   0.02818       0.1579    0.09761          0.004843     0.01937            0.893      0.5955          0.4047          0.2247        0.8828     0.4618         0.01682
      0.2           90.29       4      20   0.001357   0.02914       0.2084     0.1326            0.0399      0.1596            1.008       0.494          0.3727           1.044        0.6792     0.1748           1.503
      0.3           89.71       4      20   0.001293     0.031       0.3092      0.202            0.1093      0.4373            1.267      0.3122          0.3184           20.26        0.2368      0.009        1.09e+04
      0.4           89.12       4      20   0.001275   0.03313       0.4125     0.2722            0.1796      0.7182            1.621      0.1693          0.2735           405.6        0.0555          0       6.569e+07
      0.6           87.98       4      20   0.001078   0.03725       0.6175     0.4144             0.322       1.288            2.571     0.02717          0.2013       1.483e+05      0.003667          0       1.602e+15

=== 15m P4|A|10
 edge_pct  trades_per_30d  mean_N  mean_L  liq_share  tp_share  drift_H_pct  gross_pct  net_notional_pct  eq_ret_pct  30d_median_mult  30d_p_loss  30d_mdd_median  1y_median_mult  1y_p_below50  1y_p_ruin  IS_median_mult
        0           119.8      20      50     0.0857    0.8468     0.004885    0.01146           -0.0742      -1.484          0.05479      0.9735          0.9664       6.846e-17             1          1       3.908e-48
    0.025           119.9      20      50    0.08418    0.8497      0.02941    0.01502          -0.06984      -1.397          0.06141      0.9677          0.9631       3.225e-16             1          1       9.307e-46
     0.05             120      20      50    0.08263    0.8527      0.05517    0.01868          -0.06536      -1.307          0.06916       0.959           0.959       1.478e-15             1          1       7.398e-44
    0.075           120.1      20      50    0.08125    0.8555       0.0816    0.02209          -0.06121      -1.224          0.07793      0.9512          0.9542       6.263e-15             1          1       4.101e-42
      0.1           120.3      20      50    0.07965    0.8586       0.1072    0.02587          -0.05657      -1.131          0.08788      0.9457          0.9499       3.109e-14             1          1        2.16e-40
     0.15           120.5      20      50    0.07665    0.8647       0.1571    0.03324          -0.04759     -0.9518            0.114      0.9242          0.9386       6.856e-13             1          1       3.178e-36
      0.2           120.7      20      50    0.07389    0.8703       0.2076    0.03989          -0.03947     -0.7893            0.142      0.9035          0.9263       1.157e-11             1          1       6.405e-33
      0.3           121.1      20      50    0.06807    0.8819       0.3093    0.05389          -0.02236     -0.4471           0.2334       0.843          0.8916        4.44e-09             1     0.9998        2.58e-25
      0.4           121.6      20      50    0.06194    0.8941       0.4126    0.06853          -0.00444     -0.0888             0.39      0.7487          0.8498        2.51e-06        0.9978     0.9917       4.527e-17
      0.6           122.5      20      50    0.05021    0.9174       0.6151    0.09672           0.03001      0.6002            1.056      0.4828           0.741          0.6615        0.8747      0.647          0.1362

=== 15m P4|B|10
 edge_pct  trades_per_30d  mean_N  mean_L  liq_share  tp_share  drift_H_pct  gross_pct  net_notional_pct  eq_ret_pct  30d_median_mult  30d_p_loss  30d_mdd_median  1y_median_mult  1y_p_below50  1y_p_ruin  IS_median_mult
        0           125.2      20      50    0.01323    0.7943      0.00471    0.01025          -0.04656     -0.9312           0.1866      0.9458          0.8724       4.179e-10             1          1       7.947e-28
    0.025           125.2      20      50    0.01315    0.7968      0.02922    0.01254           -0.0441     -0.8821           0.2022      0.9382          0.8657       9.618e-10             1          1       9.555e-27
     0.05           125.2      20      50    0.01302    0.7995      0.05477    0.01499          -0.04146     -0.8292           0.2138      0.9288          0.8575       2.203e-09             1          1       7.972e-26
    0.075           125.3      20      50    0.01292     0.802      0.08094    0.01724          -0.03905      -0.781           0.2323      0.9207          0.8478       5.109e-09             1          1       6.545e-25
      0.1           125.3      20      50    0.01274    0.8047       0.1065    0.01985          -0.03621     -0.7243           0.2498      0.9097          0.8404       1.343e-08             1          1       1.576e-23
     0.15           125.4      20      50    0.01256    0.8103       0.1562    0.02492          -0.03078     -0.6156           0.2892       0.889          0.8212        7.64e-08             1          1       2.217e-21
      0.2           125.5      20      50    0.01227    0.8152       0.2064    0.02938          -0.02595      -0.519           0.3316       0.865          0.8042       3.879e-07             1          1       1.519e-19
      0.3           125.6      20      50    0.01176    0.8255       0.3081     0.0387          -0.01589     -0.3178            0.428      0.7997          0.7643       1.091e-05        0.9998     0.9973       4.131e-15
      0.4           125.8      20      50    0.01116    0.8366       0.4112    0.04891         -0.004852    -0.09704           0.5806       0.713          0.7173       0.0004917        0.9955     0.9685       2.229e-10
      0.6           126.1      20      50    0.01033    0.8576       0.6132    0.06797           0.01562      0.3125           0.9895      0.5047          0.6243          0.4834        0.8525     0.5702          0.2653

=== 15m P4|C|10
 edge_pct  trades_per_30d  mean_N  mean_L  liq_share  tp_share  drift_H_pct  gross_pct  net_notional_pct  eq_ret_pct  30d_median_mult  30d_p_loss  30d_mdd_median  1y_median_mult  1y_p_below50  1y_p_ruin  IS_median_mult
        0           124.4      20      50          0    0.7826     0.004951   0.008285          -0.04346     -0.8693           0.2289      0.9457          0.8369       9.746e-09             1          1       2.645e-24
    0.025           124.4      20      50          0    0.7854      0.02951    0.01071           -0.0409      -0.818           0.2458      0.9377          0.8268        2.16e-08             1          1       3.728e-23
     0.05           124.5      20      50          0    0.7884      0.05515    0.01328          -0.03818     -0.7635           0.2617      0.9257          0.8176       5.386e-08             1          1       7.928e-22
    0.075           124.5      20      50          0    0.7909      0.08132    0.01555          -0.03577     -0.7154           0.2812      0.9158           0.808       1.188e-07             1          1       6.021e-21
      0.1           124.6      20      50          0    0.7938        0.107    0.01804          -0.03313     -0.6627           0.3017      0.9067          0.7976       2.768e-07             1          1       1.569e-19
     0.15           124.7      20      50          0    0.7995       0.1567    0.02296          -0.02793     -0.5586            0.348       0.885           0.775       1.519e-06             1     0.9998       6.747e-18
      0.2           124.8      20      50          0    0.8045       0.2073    0.02718          -0.02345      -0.469           0.3881      0.8605          0.7579       6.449e-06             1     0.9995        5.51e-16
      0.3             125      20      50          0    0.8151        0.309    0.03644          -0.01365      -0.273           0.4988      0.7897          0.7123       0.0001505         0.999     0.9912           3e-12
      0.4           125.2      20      50          0    0.8265       0.4126    0.04617         -0.003341    -0.06682            0.659      0.6877           0.661        0.004471        0.9877     0.9285       6.923e-08
      0.6           125.6      20      50          0     0.848       0.6157    0.06489           0.01648      0.3295            1.119       0.448          0.5608           2.852        0.7205     0.3342           15.82

=== 15m P4|B|100
 edge_pct  trades_per_30d  mean_N  mean_L  liq_share  tp_share  drift_H_pct  gross_pct  net_notional_pct  eq_ret_pct  30d_median_mult  30d_p_loss  30d_mdd_median  1y_median_mult  1y_p_below50  1y_p_ruin  IS_median_mult
        0            95.4      20      50    0.06211    0.1579     0.005874  -0.002758           -0.1147      -2.293         0.009934      0.9765          0.9944       4.549e-26             1          1       5.879e-75
    0.025           95.29      20      50    0.06155    0.1608      0.03111    0.01244          -0.09908      -1.982          0.01347      0.9692          0.9928       1.646e-24             1          1       5.467e-70
     0.05           95.18      20      50    0.06089    0.1635      0.05648      0.027          -0.08412      -1.682           0.0175      0.9603           0.991       5.774e-23             1          1        5.95e-66
    0.075           95.06      20      50    0.06029    0.1662      0.08333    0.04208          -0.06865      -1.373          0.02385      0.9467          0.9885       1.936e-21             1          1       1.239e-61
      0.1           94.93      20      50    0.05966    0.1692       0.1101    0.05778          -0.05254      -1.051          0.03274      0.9303          0.9854       7.742e-20             1          1       5.813e-57
     0.15           94.71      20      50    0.05857    0.1744       0.1601    0.08693          -0.02269     -0.4538          0.05734      0.8928          0.9782       8.349e-17             1          1       8.179e-48
      0.2            94.5      20      50    0.05734    0.1798       0.2114     0.1165          0.007658      0.1532           0.1027      0.8418          0.9667        9.18e-14             1          1       7.298e-39
      0.3            94.1      20      50     0.0548    0.1911       0.3144     0.1766           0.06933       1.387           0.3048      0.6955          0.9332       1.182e-07        0.9977     0.9905       3.076e-21
      0.4           93.67      20      50    0.05239    0.2026       0.4206     0.2381            0.1325       2.649           0.9534      0.5087          0.8873           0.247        0.9292     0.7965        0.007263
      0.6           92.86      20      50    0.04806    0.2251       0.6265     0.3578             0.255         5.1            8.488      0.1712          0.7731       2.188e+11        0.4835     0.1473       1.852e+33

=== 15m P5|A|10
 edge_pct  trades_per_30d  mean_N  mean_L  liq_share  tp_share  drift_H_pct  gross_pct  net_notional_pct  eq_ret_pct  30d_median_mult  30d_p_loss  30d_mdd_median  1y_median_mult  1y_p_below50  1y_p_ruin  IS_median_mult
        0           116.6   11.76   42.13    0.06987    0.8389     0.004145    0.01818          -0.06129     -0.7527            0.284       0.921          0.8026       9.823e-08             1          1       7.419e-21
    0.025           116.7   11.76   42.14     0.0684    0.8422      0.02875    0.02305          -0.05561     -0.6877           0.3084      0.9062          0.7902       2.846e-07             1          1       1.189e-19
     0.05           116.8   11.76   42.14     0.0669    0.8457      0.05431    0.02811          -0.04972     -0.6211            0.341      0.8863          0.7752        8.25e-07             1          1       2.813e-18
    0.075             117   11.76   42.14    0.06553     0.849      0.08082    0.03297           -0.0441     -0.5577             0.37      0.8683          0.7613       2.189e-06             1     0.9997        7.21e-17
      0.1           117.1   11.76   42.14    0.06408    0.8526       0.1063    0.03813          -0.03813     -0.4924           0.4033      0.8535          0.7483       6.072e-06             1     0.9993       7.056e-16
     0.15           117.4   11.77   42.14    0.06117    0.8597        0.156    0.04831          -0.02631     -0.3581           0.4717      0.8022          0.7152       5.129e-05        0.9998     0.9962       6.614e-13
      0.2           117.7   11.77   42.15    0.05851    0.8661       0.2061    0.05759          -0.01555      -0.238           0.5451       0.755          0.6867       0.0003355         0.999     0.9853       2.101e-10
      0.3           118.2   11.77   42.16    0.05311    0.8793       0.3075    0.07661          0.006481     0.01028           0.7593       0.626          0.6196          0.0177        0.9662     0.8485       1.044e-05
      0.4           118.8   11.78   42.16    0.04736    0.8931       0.4109    0.09685           0.02993        0.27             1.07      0.4652           0.552           1.147        0.7835     0.3993           1.192
      0.6           119.9   11.78   42.17    0.03604    0.9198       0.6123      0.136           0.07533      0.7803            2.098      0.1672          0.4272            5138        0.1873      0.007       7.294e+10

=== 15m P5|B|10
 edge_pct  trades_per_30d  mean_N  mean_L  liq_share  tp_share  drift_H_pct  gross_pct  net_notional_pct  eq_ret_pct  30d_median_mult  30d_p_loss  30d_mdd_median  1y_median_mult  1y_p_below50  1y_p_ruin  IS_median_mult
        0           123.6   11.82   42.23  0.0002772    0.7706     0.004446    0.01273          -0.03979     -0.4997           0.4687      0.9078           0.636       7.168e-05             1     0.9997       8.197e-13
    0.025           123.7   11.82   42.23  0.0002695    0.7735      0.02901    0.01573          -0.03663     -0.4643           0.4868      0.8965          0.6236       0.0001235             1     0.9997       3.995e-12
     0.05           123.7   11.82   42.24  0.0002656    0.7765      0.05439    0.01881           -0.0334     -0.4289           0.5076      0.8787           0.613       0.0002165             1     0.9995       2.824e-11
    0.075           123.8   11.82   42.24  0.0002655    0.7793      0.08077    0.02186          -0.03021     -0.3956           0.5319      0.8637          0.5978       0.0003753             1     0.9988         1.1e-10
      0.1           123.8   11.82   42.24  0.0002692    0.7824       0.1065    0.02518          -0.02673     -0.3589           0.5581      0.8465          0.5836       0.0006454        0.9998     0.9968       5.561e-10
     0.15           123.9   11.82   42.24  0.0002728    0.7888       0.1559    0.03187          -0.01972     -0.2828           0.6152      0.8048          0.5549        0.002059        0.9992      0.987        1.82e-08
      0.2             124   11.82   42.24  0.0002726    0.7944        0.206    0.03775          -0.01355     -0.2165           0.6663      0.7663          0.5325        0.005838        0.9982       0.96        3.03e-07
      0.3           124.2   11.82   42.24  0.0002571     0.806       0.3076    0.04983        -0.0008765    -0.07772            0.795      0.6583          0.4798         0.05255        0.9658     0.7523       0.0002488
      0.4           124.4   11.82   42.24  0.0002454    0.8185       0.4107    0.06286            0.0128     0.07113           0.9642      0.5303           0.428          0.5373        0.7823     0.3202          0.1323
      0.6           124.7   11.82   42.24  0.0002108    0.8422       0.6117    0.08771           0.03887      0.3544            1.401      0.2603          0.3403           48.36        0.1875     0.0025       9.748e+04

=== 15m P5|C|10
 edge_pct  trades_per_30d  mean_N  mean_L  liq_share  tp_share  drift_H_pct  gross_pct  net_notional_pct  eq_ret_pct  30d_median_mult  30d_p_loss  30d_mdd_median  1y_median_mult  1y_p_below50  1y_p_ruin  IS_median_mult
        0           121.8   11.75   42.14          0    0.7904     0.005503    0.01338          -0.03814     -0.4638           0.4864      0.8845          0.6402       9.782e-05             1     0.9997       2.355e-12
    0.025           121.9   11.75   42.14          0    0.7935      0.03007     0.0167          -0.03466     -0.4225           0.5078       0.865          0.6255       0.0001866             1     0.9995       1.767e-11
     0.05           121.9   11.75   42.15          0    0.7966      0.05558    0.02007          -0.03113     -0.3811            0.537      0.8435          0.6095       0.0003453        0.9998     0.9987         1.3e-10
    0.075             122   11.76   42.15          0    0.7997      0.08208    0.02354          -0.02749     -0.3402           0.5667      0.8233          0.5964       0.0006504        0.9998     0.9963        6.54e-10
      0.1           122.1   11.76   42.15          0     0.803       0.1078    0.02721          -0.02366     -0.2972           0.6016       0.805          0.5822        0.001283        0.9998     0.9897       4.619e-09
     0.15           122.2   11.76   42.15          0    0.8097       0.1572    0.03457          -0.01596     -0.2089           0.6694      0.7537          0.5479        0.005124         0.998     0.9553       2.208e-07
      0.2           122.3   11.76   42.15          0    0.8157       0.2075    0.04102         -0.009194     -0.1309           0.7317      0.7012          0.5229         0.01701        0.9878     0.8795       1.001e-05
      0.3           122.6   11.76   42.16          0    0.8279       0.3092    0.05437          0.004777     0.03172           0.9077      0.5715          0.4668          0.2139          0.88     0.5087         0.01288
      0.4           122.9   11.77   42.17          0     0.841       0.4124    0.06873           0.01981      0.2034            1.118       0.424          0.4115           3.182        0.5577     0.1163           37.25
      0.6           123.3   11.77   42.17          0    0.8659       0.6138    0.09608           0.04843      0.5337            1.713      0.1637          0.3238           584.9          0.09  0.0003333       1.251e+08

=== 15m P5|B|100
 edge_pct  trades_per_30d  mean_N  mean_L  liq_share  tp_share  drift_H_pct  gross_pct  net_notional_pct  eq_ret_pct  30d_median_mult  30d_p_loss  30d_mdd_median  1y_median_mult  1y_p_below50  1y_p_ruin  IS_median_mult
        0           92.94   11.83    42.2   0.001384   0.09675     0.006762  -0.005998          -0.09509      -1.097           0.2003      0.9238          0.8688       3.264e-09             1          1       1.609e-25
    0.025           92.82   11.83    42.2   0.001376   0.09883      0.03183    0.01126          -0.07774      -0.923           0.2377      0.9012           0.851       2.356e-08             1          1       5.888e-23
     0.05            92.7   11.83    42.2   0.001373    0.1007      0.05653    0.02731           -0.0616     -0.7586           0.2771      0.8747          0.8341       1.419e-07             1          1       1.559e-20
    0.075           92.57   11.83    42.2   0.001369    0.1026      0.08243    0.04411          -0.04472     -0.5885           0.3224      0.8423          0.8136       9.656e-07             1     0.9997       1.913e-18
      0.1           92.42   11.83    42.2   0.001356    0.1046       0.1086     0.0618          -0.02694     -0.4133           0.3799      0.8082           0.792       6.742e-06        0.9998     0.9983       4.894e-16
     0.15           92.17   11.83    42.2   0.001355    0.1082        0.158    0.09494          0.006358     -0.0837           0.5193      0.7312           0.751       0.0002474        0.9965     0.9795       2.385e-11
      0.2           91.93   11.83    42.2   0.001338    0.1121       0.2082     0.1291           0.04069      0.2529           0.6941       0.628          0.7078         0.01073        0.9743     0.8772        9.03e-07
      0.3           91.46   11.83    42.2   0.001273    0.1201       0.3096     0.1973            0.1093      0.9321             1.29       0.409          0.6236           17.55        0.7077     0.3005            2182
      0.4           90.95   11.83   42.19   0.001249    0.1282       0.4138     0.2662            0.1786       1.621            2.348       0.216          0.5473       3.059e+04        0.3395    0.03617       1.524e+13
      0.6           89.99   11.83   42.19   0.001049    0.1444       0.6188     0.4047            0.3179       2.996            7.688     0.03133          0.4203       6.554e+10         0.065  0.0001667       9.489e+30

=== 15m P5c|A|10
 edge_pct  trades_per_30d  mean_N  mean_L  liq_share  tp_share  drift_H_pct  gross_pct  net_notional_pct  eq_ret_pct  30d_median_mult  30d_p_loss  30d_mdd_median  1y_median_mult  1y_p_below50  1y_p_ruin  IS_median_mult
        0           116.6   8.427   42.13    0.06987    0.8389     0.004145    0.01818          -0.06129     -0.5373           0.4464      0.8945          0.6706       2.946e-05             1     0.9997       1.201e-13
    0.025           116.7   8.632   42.14     0.0684    0.8422      0.02875    0.02305          -0.05561     -0.4557           0.4906      0.8617          0.6488       9.532e-05             1     0.9987       2.855e-12
     0.05           116.8   8.839   42.14     0.0669    0.8457      0.05431    0.02811          -0.04972     -0.3739           0.5395      0.8202          0.6254       0.0003154        0.9998      0.996       7.519e-11
    0.075             117   9.037   42.14    0.06553     0.849      0.08082    0.03297           -0.0441     -0.2961           0.5915      0.7805          0.6055       0.0009759        0.9995     0.9883       1.517e-09
      0.1           117.1   9.237   42.14    0.06408    0.8526       0.1063    0.03813          -0.03813      -0.215           0.6487      0.7377          0.5853        0.003037        0.9973     0.9633       4.072e-08
     0.15           117.4   9.642   42.14    0.06117    0.8597        0.156    0.04831          -0.02631     -0.0506           0.7844      0.6402          0.5421         0.03261        0.9682      0.803       3.018e-05
      0.2           117.7   10.04   42.15    0.05851    0.8661       0.2061    0.05759          -0.01555      0.1017           0.9426       0.536          0.5118          0.2825         0.865     0.5143         0.03335
      0.3           118.2   10.84   42.16    0.05311    0.8793       0.3075    0.07661          0.006481      0.4151            1.366      0.3255          0.4522           26.62         0.446    0.07517        1.54e+04
      0.4           118.8   11.64   42.16    0.04736    0.8931       0.4109    0.09685           0.02993      0.7395            2.028       0.161           0.409            3092        0.1762   0.004667        2.21e+10
      0.6           119.9   13.26   42.17    0.03604    0.9198       0.6123      0.136           0.07533       1.376            4.439      0.0265          0.3654       4.197e+07       0.04167          0       1.655e+22

=== 15m P5c|B|10
 edge_pct  trades_per_30d  mean_N  mean_L  liq_share  tp_share  drift_H_pct  gross_pct  net_notional_pct  eq_ret_pct  30d_median_mult  30d_p_loss  30d_mdd_median  1y_median_mult  1y_p_below50  1y_p_ruin  IS_median_mult
        0           123.6   8.447   42.23  0.0002772    0.7706     0.004446    0.01273          -0.03979      -0.347            0.604      0.8797          0.5101        0.001684             1     0.9988       1.001e-08
    0.025           123.7   8.653   42.23  0.0002695    0.7735      0.02901    0.01573          -0.03663     -0.3031           0.6328      0.8507          0.4969        0.003181        0.9998      0.993       6.984e-08
     0.05           123.7   8.858   42.24  0.0002656    0.7765      0.05439    0.01881           -0.0334     -0.2589           0.6672      0.8145          0.4824        0.005999        0.9995      0.977       4.723e-07
    0.075           123.8   9.057   42.24  0.0002655    0.7793      0.08077    0.02186          -0.03021     -0.2175           0.6998       0.779          0.4701         0.01075        0.9978     0.9475       1.876e-06
      0.1           123.8   9.258   42.24  0.0002692    0.7824       0.1065    0.02518          -0.02673     -0.1733           0.7378      0.7452          0.4568         0.01987        0.9945     0.8928       1.311e-05
     0.15           123.9    9.66   42.24  0.0002728    0.7888       0.1559    0.03187          -0.01972    -0.07989           0.8232      0.6618          0.4319         0.07658         0.963     0.6777       0.0004997
      0.2             124   10.06   42.24  0.0002726    0.7944        0.206    0.03775          -0.01355    0.003947           0.9148      0.5775          0.4124          0.2524        0.8658     0.4355         0.01823
      0.3           124.2   10.86   42.24  0.0002571     0.806       0.3076    0.04983        -0.0008765      0.1764            1.109      0.4202          0.3824           2.911        0.5277    0.08667           25.66
      0.4           124.4   11.66   42.24  0.0002454    0.8185       0.4107    0.06286            0.0128        0.36            1.392      0.2758           0.358           41.38        0.2338   0.008167       4.422e+04
      0.6           124.7   13.28   42.24  0.0002108    0.8422       0.6117    0.08771           0.03887      0.7083             2.11      0.1062          0.3302            6402        0.0675          0       1.484e+11

=== 15m P5c|C|10
 edge_pct  trades_per_30d  mean_N  mean_L  liq_share  tp_share  drift_H_pct  gross_pct  net_notional_pct  eq_ret_pct  30d_median_mult  30d_p_loss  30d_mdd_median  1y_median_mult  1y_p_below50  1y_p_ruin  IS_median_mult
        0           121.8   8.429   42.14          0    0.7904     0.005503    0.01338          -0.03814     -0.3282           0.6186      0.8647            0.51        0.002159             1     0.9968       2.143e-08
    0.025           121.9   8.634   42.14          0    0.7935      0.03007     0.0167          -0.03466      -0.277           0.6584      0.8272          0.4929        0.004602        0.9998     0.9842       2.267e-07
     0.05           121.9   8.839   42.15          0    0.7966      0.05558    0.02007          -0.03113     -0.2259           0.6956       0.781          0.4765        0.009342        0.9987     0.9527       1.786e-06
    0.075             122   9.038   42.15          0    0.7997      0.08208    0.02354          -0.02749     -0.1763           0.7386      0.7345           0.461          0.0186        0.9947      0.894        1.08e-05
      0.1           122.1   9.238   42.15          0     0.803       0.1078    0.02721          -0.02366     -0.1248           0.7875      0.6952          0.4462         0.03902        0.9832     0.7915       0.0001172
     0.15           122.2   9.639   42.15          0    0.8097       0.1572    0.03457          -0.01596    -0.01685           0.8975      0.5917          0.4171          0.1872        0.8943     0.4937        0.005145
      0.2           122.3   10.04   42.15          0    0.8157       0.2075    0.04102         -0.009194     0.08146           0.9959       0.503           0.396           0.763        0.7225     0.2342          0.4298
      0.3           122.6   10.84   42.16          0    0.8279       0.3092    0.05437          0.004777      0.2842            1.266        0.32          0.3631           13.84        0.3185     0.0215            2029
      0.4           122.9   11.64   42.17          0     0.841       0.4124    0.06873           0.01981      0.4957            1.623      0.1863          0.3375           294.3        0.1278   0.001833       1.689e+07
      0.6           123.3   13.26   42.17          0    0.8659       0.6138    0.09608           0.04843      0.9017            2.665     0.05683          0.3089       1.077e+05       0.03683  0.0001667       3.286e+14

=== 15m P6|B|none
 edge_pct  trades_per_30d  mean_N  mean_L  liq_share  tp_share  drift_H_pct  gross_pct  net_notional_pct  eq_ret_pct  30d_median_mult  30d_p_loss  30d_mdd_median  1y_median_mult  1y_p_below50  1y_p_ruin  IS_median_mult
        0              91   1.206   9.993          0         0     0.006196   -0.01442            -0.108     -0.1205           0.8883      0.8275          0.1651          0.2399        0.9757    0.02083         0.01543
    0.025           90.83   1.206   9.993          0         0      0.03116   0.003255           -0.0903      -0.103           0.9037      0.7915          0.1552          0.2938         0.932   0.005667         0.02878
     0.05           90.67   1.206   9.993          0         0      0.05563    0.01986          -0.07372    -0.08604           0.9168      0.7482           0.147          0.3545         0.861     0.0015         0.04949
    0.075           90.51   1.206   9.993          0         0       0.0818    0.03775          -0.05584    -0.06834           0.9318      0.7097          0.1381          0.4288        0.7372  0.0006667           0.089
      0.1           90.32   1.207   9.993          0         0       0.1078     0.0559          -0.03771    -0.05033           0.9477      0.6637          0.1302          0.5225         0.569          0          0.1458
     0.15           90.01   1.207   9.993          0         0       0.1572    0.09046         -0.003184    -0.01599           0.9776      0.5727          0.1167          0.7604        0.2357          0          0.4741
      0.2           89.71   1.207   9.993          0         0       0.2072     0.1256           0.03188     0.01868            1.007       0.476          0.1054           1.106       0.05833          0           1.301
      0.3           89.11   1.208   9.993          0         0       0.3075     0.1951            0.1013       0.088            1.073      0.2792         0.08585           2.355     0.0008333          0           12.33
      0.4           88.48   1.208   9.993          0         0       0.4097     0.2661            0.1722      0.1589            1.139      0.1385         0.07136           4.971             0          0           119.2
      0.6           87.28   1.209   9.993          0         0       0.6131     0.4086            0.3146      0.3005            1.281      0.0185         0.05063           21.72             0          0            8005

=== 15m P6h|B|none
 edge_pct  trades_per_30d  mean_N  mean_L  liq_share  tp_share  drift_H_pct  gross_pct  net_notional_pct  eq_ret_pct  30d_median_mult  30d_p_loss  30d_mdd_median  1y_median_mult  1y_p_below50  1y_p_ruin  IS_median_mult
        0              91  0.6041   9.993          0         0     0.006196   -0.01442            -0.108    -0.06041            0.944      0.8177         0.08553          0.4995        0.5572          0          0.1316
    0.025           90.83  0.6042   9.993          0         0      0.03116   0.003255           -0.0903    -0.05161            0.952      0.7823         0.08017          0.5528        0.3662          0            0.18
     0.05           90.67  0.6044   9.993          0         0      0.05563    0.01986          -0.07372    -0.04315            0.959      0.7387          0.0758          0.6071        0.2165          0          0.2356
    0.075           90.51  0.6044   9.993          0         0       0.0818    0.03775          -0.05584     -0.0343            0.967      0.6995         0.07099          0.6683        0.1017          0          0.3159
      0.1           90.32  0.6045   9.993          0         0       0.1078     0.0559          -0.03771    -0.02529            0.975      0.6518         0.06686          0.7377       0.04317          0          0.4044
     0.15           90.01  0.6046   9.993          0         0       0.1572    0.09046         -0.003184   -0.008102           0.9904      0.5618         0.05964          0.8913      0.004167          0          0.7331
      0.2           89.71  0.6047   9.993          0         0       0.2072     0.1256           0.03188    0.009241            1.005       0.465         0.05375           1.074     0.0001667          0           1.209
      0.3           89.11   0.605   9.993          0         0       0.3075     0.1951            0.1013     0.04392            1.037      0.2722         0.04363            1.57             0          0           3.785
      0.4           88.48  0.6052   9.993          0         0       0.4097     0.2661            0.1722     0.07938            1.069      0.1345         0.03613           2.283             0          0            11.7
      0.6           87.28  0.6055   9.993          0         0       0.6131     0.4086            0.3146      0.1502            1.135     0.01783         0.02551           4.781             0          0           96.36

=== 15m P6|B|10
 edge_pct  trades_per_30d  mean_N  mean_L  liq_share  tp_share  drift_H_pct  gross_pct  net_notional_pct  eq_ret_pct  30d_median_mult  30d_p_loss  30d_mdd_median  1y_median_mult  1y_p_below50  1y_p_ruin  IS_median_mult
        0             102   1.181   9.991          0    0.3723     0.006401   0.004571          -0.06928    -0.08888           0.9108      0.8385          0.1349          0.3146        0.9405   0.001167         0.03382
    0.025             102    1.18   9.991          0     0.377      0.03212    0.01573          -0.05789    -0.07636            0.922      0.7975           0.127          0.3672        0.8637  0.0001667         0.05424
     0.05           101.9    1.18   9.991          0    0.3818      0.05764    0.02656          -0.04683    -0.06388           0.9346      0.7563          0.1204          0.4293        0.7487          0         0.08498
    0.075           101.9    1.18   9.991          0    0.3867      0.08458     0.0378          -0.03535    -0.05108           0.9457      0.7135          0.1141          0.5034        0.5773          0          0.1414
      0.1           101.9    1.18   9.991          0    0.3918       0.1109     0.0496          -0.02329    -0.03806           0.9591      0.6678          0.1075          0.5941        0.3935          0          0.2204
     0.15           101.8    1.18   9.991          0    0.4017       0.1606     0.0725         9.471e-05    -0.01256           0.9832      0.5698          0.0963          0.8109        0.1128          0           0.542
      0.2           101.7   1.179   9.991          0    0.4113       0.2116    0.09466           0.02273     0.01258             1.01      0.4607         0.08655           1.101         0.016          0           1.345
      0.3           101.6   1.179   9.991          0    0.4306       0.3155     0.1399           0.06889     0.06315            1.063      0.2517         0.07088           2.056             0          0           8.164
      0.4           101.4   1.178   9.991          0    0.4503       0.4213     0.1856            0.1156      0.1146            1.117      0.1072         0.05936           3.894             0          0           48.84
      0.6           101.2   1.177   9.991          0    0.4896        0.627     0.2765            0.2085      0.2165            1.239    0.009333         0.04279           13.64             0          0            1938

=== 1h P0|A|10
 edge_pct  trades_per_30d  mean_N  mean_L  liq_share  tp_share  drift_H_pct  gross_pct  net_notional_pct  eq_ret_pct  30d_median_mult  30d_p_loss  30d_mdd_median  1y_median_mult  1y_p_below50  1y_p_ruin  IS_median_mult
        0           23.39       1       1  4.014e-05   0.02712     0.001951    0.02095           -0.0875    -0.08749           0.9695      0.5745          0.1398          0.6624        0.4485    0.01417          0.2782
    0.025           23.39       1       1  4.014e-05   0.02739      0.02298    0.04238          -0.06605    -0.06605           0.9742      0.5638          0.1378          0.7056         0.415     0.0135          0.3212
     0.05           23.39       1       1  4.014e-05   0.02769      0.05073    0.07008          -0.03833    -0.03833           0.9812      0.5478          0.1342          0.7572         0.373      0.013          0.3931
    0.075            23.4       1       1  4.013e-05   0.02797      0.07622    0.09518          -0.01321    -0.01321           0.9872      0.5345          0.1313          0.8159        0.3353    0.01233          0.5123
      0.1            23.4       1       1  4.013e-05   0.02821       0.1017     0.1207           0.01235     0.01235           0.9928      0.5182           0.129          0.8772        0.3047    0.01217          0.5614
     0.15            23.4       1       1  4.013e-05   0.02871       0.1526     0.1712           0.06281     0.06281            1.003      0.4923           0.125           1.021        0.2353    0.01183           0.886
      0.2            23.4       1       1  4.012e-05   0.02939       0.2087     0.2275            0.1192      0.1192            1.016       0.459          0.1208           1.194        0.1745    0.01167           1.577
      0.3           23.41       1       1  4.011e-05    0.0305       0.3123     0.3302             0.222       0.222            1.038      0.4052          0.1127           1.614       0.09283    0.01167           3.377
      0.4           23.42       1       1  4.009e-05   0.03181        0.419     0.4361             0.328       0.328            1.062        0.35          0.1051           2.183       0.05033     0.0115           9.294
      0.6           23.43       1       1  4.008e-05   0.03351       0.6123       0.63            0.5219      0.5219            1.113      0.2548         0.09145           3.806       0.01883     0.0115            42.2
      0.8           23.44       1       1  4.006e-05   0.03548       0.8056     0.8237            0.7157      0.7157            1.161      0.1703         0.07987           6.585       0.01367     0.0115             234
        1           23.44       1       1  4.005e-05   0.03749        1.009      1.026            0.9179      0.9179            1.217      0.1032         0.07099           11.76        0.0125     0.0115           977.3
     1.25           23.45       1       1  2.002e-05   0.03987        1.266      1.281             1.173       1.173            1.284     0.04783         0.05954           24.27        0.0065   0.005667       1.143e+04
      1.5           23.47       1       1          0   0.04271        1.521      1.534             1.427       1.427             1.36     0.02017         0.04751           49.82     0.0006667          0       8.764e+04

=== 1h P0|B|10
 edge_pct  trades_per_30d  mean_N  mean_L  liq_share  tp_share  drift_H_pct  gross_pct  net_notional_pct  eq_ret_pct  30d_median_mult  30d_p_loss  30d_mdd_median  1y_median_mult  1y_p_below50  1y_p_ruin  IS_median_mult
        0           27.73       1       1          0   0.02409     0.002832   -0.01195           -0.1145     -0.1145           0.9577      0.6313          0.1292          0.5959        0.4855  0.0001667          0.2367
    0.025           27.71       1       1          0    0.0243      0.02349   0.003044           -0.0995     -0.0995           0.9611       0.621          0.1275          0.6244        0.4435  0.0001667          0.2726
     0.05           27.68       1       1          0   0.02459      0.05072    0.02241          -0.08015    -0.08015           0.9669       0.603          0.1249          0.6633        0.3935          0          0.3263
    0.075           27.65       1       1          0   0.02486      0.07375    0.03972          -0.06287    -0.06287           0.9717      0.5897          0.1231          0.7032        0.3525          0           0.378
      0.1           27.62       1       1          0   0.02507      0.09909    0.05784          -0.04477    -0.04477           0.9768      0.5715           0.121          0.7519         0.309          0          0.4609
     0.15           27.56       1       1          0   0.02557       0.1503     0.0934         -0.009264   -0.009264           0.9843       0.544          0.1171          0.8438         0.237          0          0.6126
      0.2            27.5       1       1          0   0.02614       0.2073     0.1326           0.02986     0.02986           0.9948      0.5157          0.1133          0.9665        0.1632          0          0.8596
      0.3           27.39       1       1          0   0.02718       0.3088     0.2008           0.09802     0.09802            1.012      0.4688          0.1075           1.205       0.07617          0           1.846
      0.4           27.28       1       1          0   0.02845       0.4143     0.2756            0.1728      0.1728             1.03      0.4158          0.1016           1.542       0.03083          0           3.566
      0.6           27.05       1       1          0   0.02994       0.6105     0.4083            0.3052      0.3052            1.065      0.3162         0.08981           2.361      0.003833          0           11.15
      0.8           26.86       1       1          0     0.032       0.8067     0.5482             0.445       0.445            1.107      0.2227         0.07961           3.712     0.0008333          0           43.06
        1           26.62       1       1          0   0.03379        1.014       0.69            0.5866      0.5866            1.144       0.155         0.07093            5.79     0.0001667          0           153.9
     1.25           26.35       1       1          0    0.0361        1.273     0.8643            0.7607      0.7607            1.197       0.082         0.06111           9.935             0          0           773.2
      1.5           26.08       1       1          0   0.03843        1.534       1.04            0.9358      0.9358            1.246     0.03917         0.05352           16.81             0          0            3879

=== 1h P1|B|10
 edge_pct  trades_per_30d  mean_N  mean_L  liq_share  tp_share  drift_H_pct  gross_pct  net_notional_pct  eq_ret_pct  30d_median_mult  30d_p_loss  30d_mdd_median  1y_median_mult  1y_p_below50  1y_p_ruin  IS_median_mult
        0           31.98    1.25       5          0    0.3926    -0.004955    0.01364          -0.06618    -0.08272           0.9707       0.597          0.1275           0.653        0.3967          0          0.2837
    0.025           31.97    1.25       5          0    0.3949      0.01634    0.02341          -0.05629    -0.07037           0.9739      0.5862          0.1261          0.6844        0.3633          0          0.3379
     0.05           31.97    1.25       5          0    0.3981      0.04456    0.03732          -0.04222    -0.05278           0.9797       0.569          0.1243          0.7296        0.3163          0          0.3831
    0.075           31.96    1.25       5          0    0.4009      0.06835    0.04915          -0.03027    -0.03784           0.9846      0.5532          0.1222          0.7748        0.2768          0          0.4623
      0.1           31.96    1.25       5          0    0.4034       0.0936    0.06009           -0.0192    -0.02401           0.9893      0.5393          0.1203          0.8171        0.2447          0          0.5686
     0.15           31.95    1.25       5          0    0.4084       0.1477    0.08303          0.003971    0.004964           0.9961      0.5137          0.1166           0.916         0.178          0          0.7498
      0.2           31.93    1.25       5          0    0.4134       0.2051     0.1055           0.02665     0.03331            1.005      0.4873           0.114           1.026        0.1247          0            1.05
      0.3           31.91    1.25       5          0    0.4234       0.3162     0.1505           0.07219     0.09024            1.023       0.431           0.108           1.282       0.05183          0             1.8
      0.4           31.88    1.25       5          0    0.4341       0.4247      0.198            0.1201      0.1502            1.041      0.3777          0.1024           1.612        0.0175          0            3.93
      0.6           31.83    1.25       5          0    0.4541       0.6259     0.2859            0.2091      0.2614            1.078      0.2815         0.09138           2.492        0.0025          0           13.45
      0.8           31.79    1.25       5          0    0.4732       0.8206     0.3707            0.2947      0.3684            1.114      0.2005         0.08211           3.755     0.0001667          0           44.68
        1           31.73    1.25       5          0    0.4938        1.029     0.4627            0.3877      0.4846            1.159      0.1287         0.07483           5.897             0          0             178
     1.25           31.68    1.25       5          0    0.5183        1.293     0.5719            0.4981      0.6226            1.208     0.06583         0.06633           9.928             0          0           777.1
      1.5           31.63    1.25       5          0    0.5443        1.559     0.6868            0.6143      0.7678            1.261     0.03133         0.06002           17.46             0          0            4447

=== 1h P2|B|10
 edge_pct  trades_per_30d  mean_N  mean_L  liq_share  tp_share  drift_H_pct  gross_pct  net_notional_pct  eq_ret_pct  30d_median_mult  30d_p_loss  30d_mdd_median  1y_median_mult  1y_p_below50  1y_p_ruin  IS_median_mult
        0            36.1     2.5      10  0.0002341    0.6052     -0.01598    0.02519          -0.04087     -0.1022           0.9529      0.5972          0.1936          0.4993        0.6722    0.02067          0.1361
    0.025            36.1     2.5      10  0.0002341    0.6074      0.00496    0.03112          -0.03483    -0.08708           0.9564      0.5887          0.1921          0.5339        0.6363      0.017          0.1737
     0.05           36.11     2.5      10   0.000234    0.6102      0.03142     0.0386          -0.02721    -0.06803           0.9628      0.5758          0.1891          0.5806        0.5988    0.01333             0.2
    0.075           36.12     2.5      10   0.000234    0.6129      0.05518    0.04607           -0.0196    -0.04899           0.9705      0.5597          0.1863          0.6313        0.5563   0.009833          0.2558
      0.1           36.12     2.5      10   0.000234     0.615      0.07992    0.05142          -0.01414    -0.03534           0.9768      0.5458          0.1852           0.675        0.5285   0.007667           0.312
     0.15           36.13     2.5      10  0.0002339    0.6196       0.1321    0.06407         -0.001253   -0.003132           0.9871      0.5252          0.1815           0.776         0.457      0.004          0.4973
      0.2           36.13     2.5      10  0.0002339    0.6243       0.1891    0.07673           0.01165     0.02911           0.9989      0.5032           0.178          0.8946        0.3822      0.003          0.6904
      0.3           36.15     2.5      10  0.0002338    0.6332       0.2988     0.1009            0.0363     0.09074            1.019      0.4588          0.1708           1.181        0.2552      0.001           1.361
      0.4           36.16     2.5      10  0.0002207    0.6424       0.4074     0.1254           0.06121       0.153            1.043      0.4152          0.1638           1.557        0.1657          0           3.064
      0.6           36.19     2.5      10  0.0002205    0.6607       0.6111     0.1739            0.1107      0.2767             1.09      0.3348          0.1503           2.709        0.0535          0            17.1
      0.8           36.23     2.5      10  0.0001944    0.6781       0.8092     0.2207            0.1585      0.3961            1.141      0.2543          0.1402           4.594       0.01583          0            74.9
        1           36.26     2.5      10  0.0001942    0.6962        1.016     0.2701            0.2088      0.5219            1.193      0.1855          0.1272           8.018      0.004333          0           453.9
     1.25           36.32     2.5      10   0.000181    0.7182        1.274     0.3293            0.2691      0.6727            1.263      0.1162          0.1144           15.95     0.0003333          0            3137
      1.5           36.36     2.5      10  0.0001808    0.7405        1.538     0.3896            0.3305      0.8263            1.332     0.06633          0.1036           31.61     0.0003333          0       2.311e+04

=== 1h P2|C|10
 edge_pct  trades_per_30d  mean_N  mean_L  liq_share  tp_share  drift_H_pct  gross_pct  net_notional_pct  eq_ret_pct  30d_median_mult  30d_p_loss  30d_mdd_median  1y_median_mult  1y_p_below50  1y_p_ruin  IS_median_mult
        0            32.2     2.5      10          0    0.6846     -0.01671    0.03104          -0.03401    -0.08503           0.9509      0.5683          0.2363          0.4869        0.7053    0.07633           0.115
    0.025           32.23     2.5      10          0    0.6871     0.004493    0.04038          -0.02453    -0.06133           0.9594      0.5575          0.2338           0.533        0.6718    0.06283          0.1434
     0.05           32.27     2.5      10          0    0.6901      0.03091    0.05115          -0.01358    -0.03395           0.9683      0.5435          0.2292          0.5992        0.6282     0.0495          0.2071
    0.075           32.31     2.5      10          0    0.6933      0.05667    0.06318          -0.00136     -0.0034           0.9842      0.5248          0.2274          0.6752        0.5802    0.03567          0.2823
      0.1           32.32     2.5      10          0    0.6958      0.08082    0.07223          0.007839      0.0196           0.9923       0.514          0.2243          0.7375        0.5468     0.0295          0.3899
     0.15           32.39     2.5      10          0    0.7011       0.1334    0.09172           0.02764      0.0691            1.007       0.488          0.2183          0.9131        0.4693    0.01717          0.7553
      0.2           32.45     2.5      10          0    0.7068       0.1908     0.1127           0.04892      0.1223            1.022      0.4647          0.2131           1.136         0.379   0.009833            1.17
      0.3           32.55     2.5      10          0    0.7179       0.3016     0.1527           0.08965      0.2241            1.058      0.4125          0.2048           1.717        0.2488   0.002833           4.637
      0.4           32.66     2.5      10          0    0.7286       0.4088     0.1917            0.1292       0.323            1.095      0.3623           0.193           2.567        0.1487  0.0001667           13.92
      0.6           32.89     2.5      10          0    0.7497       0.6136     0.2674            0.2061      0.5154            1.167      0.2783          0.1724           5.713       0.04533          0           151.3
      0.8           33.11     2.5      10          0    0.7708       0.8115     0.3442            0.2842      0.7105            1.243      0.1872          0.1548           12.92       0.01083          0            1384
        1           33.35     2.5      10          0    0.7924        1.015     0.4229            0.3642      0.9106            1.336       0.117          0.1358           30.66      0.001333          0       1.654e+04
     1.25           33.64     2.5      10          0    0.8183        1.273     0.5174            0.4603       1.151            1.459     0.05583          0.1214           86.04     0.0001667          0       3.671e+05
      1.5           33.94     2.5      10          0    0.8445        1.535     0.6145            0.5589       1.397             1.59       0.019          0.1212           258.4             0          0       9.521e+06

=== 1h P3|A|10
 edge_pct  trades_per_30d  mean_N  mean_L  liq_share  tp_share  drift_H_pct  gross_pct  net_notional_pct  eq_ret_pct  30d_median_mult  30d_p_loss  30d_mdd_median  1y_median_mult  1y_p_below50  1y_p_ruin  IS_median_mult
        0           36.81       4      20    0.05822    0.8359     -0.02186    0.02187          -0.05712     -0.2285           0.8896       0.631          0.3261          0.1713        0.9195     0.4215        0.004858
    0.025           36.84       4      20    0.05769    0.8373    -0.000574    0.02627          -0.05241     -0.2096           0.8975      0.6238          0.3228          0.1886        0.9107     0.3992        0.008816
     0.05           36.86       4      20    0.05706     0.839      0.02589    0.03148          -0.04682     -0.1873           0.9037      0.6142          0.3168          0.2091        0.8952     0.3667         0.01022
    0.075            36.9       4      20    0.05648    0.8408      0.05049    0.03704          -0.04089     -0.1636           0.9118      0.6037          0.3139          0.2327        0.8785     0.3377         0.01229
      0.1           36.92       4      20    0.05589    0.8425      0.07521    0.04226          -0.03532     -0.1413           0.9195      0.5943          0.3121          0.2562        0.8617     0.3067         0.01494
     0.15           36.99       4      20    0.05463    0.8461       0.1294    0.05294          -0.02387    -0.09549           0.9369      0.5742          0.3026          0.3235        0.8203      0.251         0.03126
      0.2           37.05       4      20    0.05348    0.8498        0.185    0.06359          -0.01252    -0.05007           0.9529      0.5557          0.2968          0.4041        0.7735     0.1995         0.06378
      0.3           37.14       4      20    0.05113    0.8564       0.2973     0.0834          0.008707     0.03483           0.9875      0.5133          0.2788          0.6167         0.679     0.1255          0.1665
      0.4           37.26       4      20    0.04896    0.8628       0.4058     0.1026           0.02921      0.1169            1.023      0.4758          0.2673          0.8978        0.5718     0.0705          0.6054
      0.6            37.5       4      20    0.04454    0.8765         0.61     0.1432           0.07254      0.2902            1.101      0.3937          0.2399           2.088        0.3457     0.0165           6.308
      0.8           37.73       4      20    0.04044    0.8897       0.8083     0.1813            0.1132      0.4529            1.174      0.3198          0.2154           4.629        0.1727     0.0025           76.77
        1           37.98       4      20    0.03595    0.9036        1.013     0.2222            0.1569      0.6275             1.25      0.2358          0.2014           11.29       0.06683     0.0005           898.7
     1.25           38.27       4      20    0.03099    0.9198        1.268      0.269            0.2068      0.8273            1.364      0.1557          0.2012           30.96       0.02133          0        1.98e+04
      1.5           38.57       4      20    0.02563    0.9363        1.529     0.3179             0.259       1.036            1.491     0.09233          0.2009           91.97        0.0065          0       4.724e+05

=== 1h P3|B|10
 edge_pct  trades_per_30d  mean_N  mean_L  liq_share  tp_share  drift_H_pct  gross_pct  net_notional_pct  eq_ret_pct  30d_median_mult  30d_p_loss  30d_mdd_median  1y_median_mult  1y_p_below50  1y_p_ruin  IS_median_mult
        0           39.98       4      20    0.00249     0.761     -0.01858    0.02081          -0.03601      -0.144           0.9311      0.6197          0.2345          0.3462        0.8122     0.1223         0.04747
    0.025           39.99       4      20   0.002501    0.7624     0.002303    0.02349          -0.03326     -0.1331           0.9336      0.6128          0.2332           0.368        0.7935     0.1107         0.06103
     0.05              40       4      20   0.002477    0.7641      0.02888    0.02699          -0.02966     -0.1186           0.9388      0.6032           0.229          0.3967        0.7735    0.09567         0.07535
    0.075           40.01       4      20   0.002453    0.7659       0.0526     0.0305          -0.02605     -0.1042           0.9439       0.593           0.226          0.4237        0.7472    0.08167         0.09052
      0.1           40.01       4      20   0.002452    0.7673      0.07686    0.03332          -0.02315     -0.0926           0.9485      0.5842          0.2249          0.4466        0.7268    0.07217          0.1062
     0.15           40.03       4      20   0.002416    0.7703       0.1297    0.03965          -0.01665    -0.06659           0.9597       0.565          0.2223          0.5114        0.6787    0.05283          0.1674
      0.2           40.03       4      20   0.002392    0.7732       0.1856    0.04544          -0.01069    -0.04276           0.9698      0.5508          0.2198          0.5718        0.6285     0.0395          0.2101
      0.3           40.06       4      20   0.002332    0.7791       0.2953    0.05745          0.001654    0.006615           0.9863      0.5215           0.213          0.7408        0.5272    0.01983          0.4488
      0.4           40.09       4      20   0.002331     0.785       0.4051    0.06895           0.01347     0.05387            1.006      0.4905          0.2056          0.9384        0.4377    0.01217          0.8019
      0.6           40.14       4      20   0.002246    0.7969       0.6077    0.09281             0.038       0.152            1.049       0.421          0.1934           1.512        0.2523   0.001333           3.463
      0.8           40.22       4      20   0.002218    0.8081       0.8064     0.1151           0.06091      0.2437             1.09      0.3545          0.1823           2.408        0.1263          0           12.64
        1           40.27       4      20   0.002157    0.8197        1.012      0.138           0.08443      0.3377            1.133       0.297          0.1714           3.873         0.057          0           48.32
     1.25           40.34       4      20   0.002002    0.8332        1.266     0.1649            0.1121      0.4485            1.183      0.2312          0.1577           6.769       0.01983          0           292.9
      1.5           40.42       4      20   0.001859    0.8477         1.53     0.1938            0.1418      0.5673            1.241      0.1683           0.145            12.4         0.006          0            1889

=== 1h P3|C|10
 edge_pct  trades_per_30d  mean_N  mean_L  liq_share  tp_share  drift_H_pct  gross_pct  net_notional_pct  eq_ret_pct  30d_median_mult  30d_p_loss  30d_mdd_median  1y_median_mult  1y_p_below50  1y_p_ruin  IS_median_mult
        0           38.55       4      20          0    0.7945     -0.02038     0.0159          -0.03902     -0.1561           0.9207      0.6297          0.2538          0.3181        0.8338     0.1472         0.03999
    0.025           38.56       4      20          0    0.7958    0.0006429    0.01897          -0.03587     -0.1435           0.9259      0.6222          0.2516          0.3402        0.8187     0.1317         0.04679
     0.05           38.58       4      20          0    0.7975      0.02782    0.02315           -0.0316     -0.1264           0.9301       0.614          0.2476          0.3729        0.7938     0.1143         0.05905
    0.075            38.6       4      20          0    0.7993      0.05189    0.02765            -0.027      -0.108           0.9372      0.5998          0.2428          0.4067        0.7645     0.1003         0.07254
      0.1            38.6       4      20          0     0.801      0.07632    0.03159          -0.02296    -0.09186           0.9439       0.591          0.2422          0.4343        0.7385    0.08333         0.08547
     0.15           38.64       4      20          0    0.8045       0.1296    0.03971          -0.01465    -0.05859           0.9562      0.5707          0.2349          0.5118        0.6757    0.05717          0.1354
      0.2           38.67       4      20          0    0.8078       0.1859    0.04697         -0.007202    -0.02881           0.9668      0.5532          0.2299          0.5883        0.6203     0.0425          0.2461
      0.3           38.72       4      20          0    0.8142       0.2965    0.06204          0.008233     0.03293           0.9915      0.5145           0.222          0.8004        0.5027      0.019          0.5567
      0.4            38.8       4      20          0    0.8204       0.4071    0.07676           0.02329     0.09316            1.012      0.4822          0.2142           1.078        0.3963   0.009167           1.307
      0.6           38.93       4      20          0    0.8335       0.6113     0.1073           0.05456      0.2182             1.07      0.3952          0.1965           1.985        0.2002   0.001333           7.012
      0.8           39.07       4      20          0    0.8457       0.8112     0.1352           0.08314      0.3326             1.12      0.3235          0.1793           3.476         0.081  0.0001667           41.37
        1           39.21       4      20          0    0.8588        1.017     0.1657            0.1144      0.4577             1.18      0.2533          0.1704           6.525       0.02717          0           233.9
     1.25           39.36       4      20          0    0.8739        1.272      0.201            0.1505       0.602            1.255      0.1778          0.1618           13.31         0.008          0            2037
      1.5           39.54       4      20          0    0.8899        1.535     0.2383            0.1888      0.7552            1.339      0.1097          0.1402           29.22      0.001333          0       2.548e+04

=== 1h P3|B|30
 edge_pct  trades_per_30d  mean_N  mean_L  liq_share  tp_share  drift_H_pct  gross_pct  net_notional_pct  eq_ret_pct  30d_median_mult  30d_p_loss  30d_mdd_median  1y_median_mult  1y_p_below50  1y_p_ruin  IS_median_mult
        0           33.65       4      20   0.007451    0.4851     -0.01052    0.01922          -0.05778     -0.2311           0.8705      0.6437           0.347          0.1538         0.919     0.4782        0.003953
    0.025           33.64       4      20   0.007452    0.4873      0.01021    0.02682          -0.05007     -0.2003           0.8789      0.6352          0.3433           0.175        0.9073     0.4423        0.005308
     0.05           33.65       4      20   0.007395    0.4904      0.03777    0.03783          -0.03888     -0.1555           0.8888       0.621          0.3376          0.2112        0.8873      0.392         0.01097
    0.075           33.65       4      20   0.007325    0.4933      0.06131    0.04759          -0.02895     -0.1158            0.903      0.6068          0.3343          0.2498        0.8668     0.3522          0.0156
      0.1           33.65       4      20   0.007297    0.4958      0.08628     0.0562           -0.0202    -0.08079           0.9149      0.5937          0.3306          0.2828        0.8458     0.3158         0.02505
     0.15           33.64       4      20   0.007201     0.501       0.1401    0.07456          -0.00154   -0.006161           0.9404      0.5703          0.3239           0.397        0.7922     0.2485         0.07505
      0.2           33.64       4      20   0.007132    0.5061       0.1973    0.09236           0.01653     0.06614            0.961      0.5433          0.3159          0.5339        0.7297      0.182          0.1691
      0.3           33.64       4      20   0.006978    0.5164       0.3084     0.1287           0.05343      0.2137            1.008      0.4913          0.3025          0.9894        0.5887    0.08583           1.151
      0.4           33.63       4      20   0.006868     0.527       0.4166     0.1656           0.09091      0.3636            1.067      0.4323          0.2895           1.815         0.456    0.03567           7.413
      0.6           33.62       4      20   0.006535    0.5469         0.62     0.2351            0.1616      0.6464            1.167      0.3372          0.2649           5.888        0.2227   0.006167             195
      0.8           33.63       4      20   0.006282    0.5658        0.816     0.3015             0.229      0.9162            1.281      0.2553          0.2411           18.22       0.09983      0.001            5169
        1           33.61       4      20   0.005978    0.5865        1.026      0.374            0.3027       1.211            1.414      0.1758          0.2213            61.2         0.039          0       2.038e+05
     1.25           33.62       4      20   0.005586    0.6118        1.285     0.4604            0.3906       1.562            1.591      0.1058          0.2008           266.3        0.0125          0       1.188e+07
      1.5           33.62       4      20   0.005194    0.6379        1.552     0.5514             0.483       1.932             1.79     0.05517          0.1831            1234      0.003833          0       1.372e+09

=== 1h P3|B|100
 edge_pct  trades_per_30d  mean_N  mean_L  liq_share  tp_share  drift_H_pct  gross_pct  net_notional_pct  eq_ret_pct  30d_median_mult  30d_p_loss  30d_mdd_median  1y_median_mult  1y_p_below50  1y_p_ruin  IS_median_mult
        0           28.54       4      20    0.01451     0.118     0.001323   0.004657          -0.09848     -0.3939           0.7887       0.687          0.4343         0.05004        0.9705     0.7605       0.0001212
    0.025           28.52       4      20    0.01447    0.1188      0.02198    0.01893          -0.08418     -0.3367           0.8012      0.6738          0.4296           0.061        0.9632     0.7243       0.0001921
     0.05            28.5       4      20    0.01438    0.1201      0.04871    0.03768          -0.06535     -0.2614           0.8216      0.6582           0.425         0.07646        0.9508      0.673       0.0004021
    0.075           28.47       4      20    0.01426    0.1212      0.07235    0.05437          -0.04859     -0.1943            0.837      0.6455          0.4174         0.09705        0.9357     0.6258       0.0009684
      0.1           28.45       4      20    0.01419    0.1222      0.09778    0.07017          -0.03273     -0.1309           0.8556      0.6308            0.41          0.1207        0.9223     0.5857        0.001609
     0.15           28.39       4      20    0.01402    0.1242       0.1489     0.1031         0.0003017    0.001207           0.8844      0.6003          0.4002          0.1905        0.8823     0.4915        0.005609
      0.2           28.35       4      20    0.01383    0.1266       0.2059     0.1386             0.036       0.144           0.9204      0.5705          0.3897          0.3095        0.8325       0.39         0.02279
      0.3           28.27       4      20    0.01364    0.1308       0.3103     0.2017           0.09927      0.3971           0.9806      0.5138          0.3723          0.7582        0.7153     0.2332          0.2888
      0.4           28.18       4      20    0.01326    0.1355       0.4174     0.2702             0.168      0.6722            1.055      0.4587          0.3554           1.906        0.5687     0.1147           4.681
      0.6              28       4      20    0.01273    0.1437       0.6177     0.3967             0.295        1.18            1.204      0.3538          0.3206           10.27        0.3112    0.02267           910.1
      0.8           27.84       4      20    0.01216    0.1523       0.8135     0.5253            0.4241       1.696            1.385      0.2593          0.2904           57.01        0.1443     0.0025       1.086e+05
        1           27.64       4      20    0.01168    0.1613        1.026     0.6599            0.5592       2.237             1.59      0.1753          0.2619           319.4       0.06017          0       1.594e+07
     1.25           27.43       4      20    0.01075    0.1715        1.285     0.8184            0.7183       2.873            1.866     0.09683          0.2332            2506       0.02167          0       6.048e+09
      1.5           27.22       4      20   0.009882    0.1835        1.551     0.9858            0.8864       3.546            2.203     0.04967          0.2048       2.138e+04        0.0095          0       3.865e+12

=== 1h P4|A|10
 edge_pct  trades_per_30d  mean_N  mean_L  liq_share  tp_share  drift_H_pct  gross_pct  net_notional_pct  eq_ret_pct  30d_median_mult  30d_p_loss  30d_mdd_median  1y_median_mult  1y_p_below50  1y_p_ruin  IS_median_mult
        0           43.03      20      50     0.1064    0.8867      -0.0174    0.01467          -0.07894      -1.579           0.3299      0.8658          0.7919       3.892e-07             1          1       1.185e-19
    0.025           43.04      20      50     0.1056    0.8875     0.004575    0.01597          -0.07727      -1.545           0.3381      0.8635          0.7886       4.957e-07             1          1       3.042e-19
     0.05           43.04      20      50     0.1051    0.8881      0.03092    0.01693          -0.07606      -1.521           0.3395      0.8613           0.787       5.804e-07             1          1       6.398e-19
    0.075           43.05      20      50     0.1044    0.8889      0.05404    0.01819          -0.07445      -1.489           0.3432      0.8585          0.7854       7.537e-07             1          1       1.026e-18
      0.1           43.06      20      50     0.1039    0.8896      0.07767    0.01924          -0.07314      -1.463           0.3498       0.858          0.7809       8.728e-07             1     0.9998       1.076e-18
     0.15           43.07      20      50     0.1027     0.891        0.129    0.02132          -0.07048       -1.41           0.3582      0.8532          0.7769       1.242e-06             1     0.9998       3.707e-18
      0.2           43.08      20      50     0.1016    0.8922       0.1838    0.02326          -0.06801       -1.36           0.3686      0.8483          0.7727       1.649e-06             1     0.9997       7.772e-18
      0.3            43.1      20      50    0.09946    0.8947       0.2925     0.0272            -0.063       -1.26            0.385      0.8345           0.766       3.222e-06             1     0.9995       3.516e-17
      0.4           43.12      20      50    0.09743    0.8971        0.402    0.03088          -0.05831      -1.166           0.4053       0.821          0.7577       5.698e-06        0.9998     0.9992       2.947e-16
      0.6           43.17      20      50    0.09255    0.9027       0.6015    0.03964          -0.04716     -0.9431           0.4439      0.7913          0.7354       2.334e-05        0.9998      0.997       1.396e-14
      0.8           43.24      20      50    0.08836    0.9077       0.8007    0.04731           -0.0374     -0.7481           0.4933      0.7562          0.7179        7.88e-05         0.999     0.9918       3.841e-13
        1           43.29      20      50    0.08453    0.9122        1.003    0.05429          -0.02853     -0.5706           0.5419      0.7218          0.6949       0.0002477        0.9973      0.981       3.095e-11
     1.25           43.35      20      50    0.07922    0.9182        1.256    0.06381          -0.01639     -0.3279           0.6292      0.6767          0.6532        0.001278        0.9922     0.9573       2.084e-09
      1.5           43.42      20      50    0.07319     0.925        1.518     0.0746         -0.002652    -0.05305           0.7139      0.6282           0.634         0.00781         0.978      0.889       8.217e-07

=== 1h P4|B|10
 edge_pct  trades_per_30d  mean_N  mean_L  liq_share  tp_share  drift_H_pct  gross_pct  net_notional_pct  eq_ret_pct  30d_median_mult  30d_p_loss  30d_mdd_median  1y_median_mult  1y_p_below50  1y_p_ruin  IS_median_mult
        0           43.44      20      50    0.06333    0.8731       -0.017    0.01484          -0.06076      -1.215            0.426       0.826          0.7207       1.031e-05             1     0.9992       3.216e-15
    0.025           43.44      20      50    0.06307    0.8739     0.004572    0.01604           -0.0594      -1.188           0.4311      0.8245          0.7199       1.212e-05             1      0.999       6.263e-15
     0.05           43.45      20      50    0.06281    0.8745      0.03063    0.01687          -0.05843      -1.169           0.4365      0.8227          0.7172       1.436e-05             1     0.9988       9.355e-15
    0.075           43.45      20      50    0.06257    0.8753       0.0538    0.01795           -0.0572      -1.144           0.4422      0.8193          0.7139       1.598e-05             1     0.9987       1.549e-14
      0.1           43.46      20      50    0.06238     0.876      0.07749    0.01892           -0.0561      -1.122           0.4493      0.8183          0.7115        1.87e-05        0.9998     0.9988       1.567e-14
     0.15           43.46      20      50    0.06184    0.8774       0.1288    0.02087          -0.05386      -1.077           0.4644      0.8135          0.7076       2.467e-05             1     0.9987       2.788e-14
      0.2           43.47      20      50    0.06133    0.8786       0.1836    0.02253          -0.05191      -1.038           0.4679      0.8073          0.7037       3.276e-05             1     0.9987       9.665e-14
      0.3           43.48      20      50     0.0604     0.881        0.292    0.02586          -0.04806     -0.9611           0.4869      0.7955          0.6977       5.084e-05        0.9998     0.9967       1.847e-13
      0.4           43.49      20      50    0.05968    0.8833       0.4009    0.02903          -0.04445     -0.8891           0.5038      0.7838          0.6888       8.249e-05        0.9997     0.9957       1.096e-12
      0.6           43.52      20      50    0.05777    0.8886       0.6002    0.03645          -0.03592     -0.7184           0.5405      0.7545          0.6704       0.0002232         0.999     0.9885       2.923e-11
      0.8           43.57      20      50    0.05605    0.8936       0.7988    0.04327          -0.02811     -0.5621           0.5917      0.7218          0.6518       0.0006205        0.9977     0.9742       2.058e-10
        1           43.59      20      50    0.05486    0.8978        1.001    0.04903          -0.02161     -0.4322           0.6263      0.6965          0.6377        0.001386        0.9938     0.9612       2.862e-09
     1.25           43.63      20      50    0.05287    0.9035        1.253    0.05691          -0.01257     -0.2515           0.7016       0.661          0.6222         0.00431        0.9885     0.9257        1.22e-07
      1.5           43.68      20      50    0.05034    0.9099        1.516    0.06598         -0.002071    -0.04143           0.7814      0.6142          0.5982         0.01658         0.968     0.8415       1.019e-05

=== 1h P4|C|10
 edge_pct  trades_per_30d  mean_N  mean_L  liq_share  tp_share  drift_H_pct  gross_pct  net_notional_pct  eq_ret_pct  30d_median_mult  30d_p_loss  30d_mdd_median  1y_median_mult  1y_p_below50  1y_p_ruin  IS_median_mult
        0           44.06      20      50          0    0.7927      -0.0181   0.003918          -0.04818     -0.9636           0.5673      0.8377          0.5724       0.0007775        0.9998     0.9973       1.005e-09
    0.025           44.06      20      50          0    0.7935     0.003647    0.00465          -0.04741     -0.9481           0.5691      0.8345          0.5701       0.0008386        0.9998     0.9973        1.43e-09
     0.05           44.06      20      50          0    0.7939      0.02964   0.005037            -0.047       -0.94           0.5735      0.8318          0.5692       0.0009088        0.9998     0.9965       1.416e-09
    0.075           44.07      20      50          0    0.7945      0.05275   0.005647          -0.04635      -0.927           0.5823      0.8282          0.5628       0.0009695        0.9998     0.9953       1.648e-09
      0.1           44.07      20      50          0    0.7953      0.07645   0.006319          -0.04564     -0.9128           0.5831      0.8268           0.562        0.001047        0.9998     0.9953       1.915e-09
     0.15           44.07      20      50          0    0.7966       0.1275   0.007556          -0.04434     -0.8868           0.5867      0.8225          0.5603        0.001195        0.9995     0.9935       3.121e-09
      0.2           44.07      20      50          0    0.7978       0.1826   0.008673          -0.04316     -0.8632           0.5998      0.8177          0.5587        0.001382        0.9993     0.9918       4.778e-09
      0.3           44.08      20      50          0    0.8001       0.2917    0.01082          -0.04089     -0.8178           0.6045       0.811          0.5488        0.001788         0.999     0.9888       1.058e-08
      0.4           44.07      20      50          0    0.8021       0.4004    0.01273          -0.03887     -0.7775           0.6209      0.7998          0.5463         0.00229         0.999     0.9857       1.515e-08
      0.6           44.09      20      50          0    0.8067          0.6    0.01701          -0.03435     -0.6871           0.6434      0.7818          0.5326        0.003772        0.9983     0.9723       1.261e-07
      0.8           44.12      20      50          0     0.811       0.7989    0.02094          -0.03021     -0.6042           0.6624      0.7633           0.519        0.006247        0.9963     0.9525       5.213e-07
        1           44.14      20      50          0    0.8149        1.001    0.02462          -0.02633     -0.5265           0.6952       0.745          0.5054         0.00956        0.9938     0.9335       2.812e-06
     1.25           44.16      20      50          0    0.8194        1.254    0.02879          -0.02192     -0.4384           0.7253      0.7172          0.4913         0.01575        0.9898     0.8917       7.287e-06
      1.5           44.19      20      50          0    0.8251        1.516    0.03424          -0.01617     -0.3235           0.7702      0.6892          0.4739          0.0309        0.9777     0.8198       5.308e-05

=== 1h P4|B|100
 edge_pct  trades_per_30d  mean_N  mean_L  liq_share  tp_share  drift_H_pct  gross_pct  net_notional_pct  eq_ret_pct  30d_median_mult  30d_p_loss  30d_mdd_median  1y_median_mult  1y_p_below50  1y_p_ruin  IS_median_mult
        0           33.37      20      50      0.336    0.3402    -0.009027 -0.0002071            -0.226      -4.519          0.02792       0.957          0.9862       1.548e-20             1          1       5.261e-59
    0.025           33.36      20      50     0.3348    0.3423      0.01303   0.008149            -0.217       -4.34          0.02972      0.9547          0.9855       3.266e-20             1          1       1.519e-57
     0.05           33.35      20      50     0.3327    0.3454      0.04126    0.01992           -0.2041      -4.083          0.03269      0.9528          0.9843       1.008e-19             1          1       1.257e-56
    0.075           33.34      20      50     0.3311     0.348      0.06544     0.0302           -0.1931      -3.861          0.03523      0.9478           0.983       2.669e-19             1          1       2.441e-55
      0.1           33.33      20      50     0.3298    0.3502      0.09076    0.03884           -0.1838      -3.676          0.03777       0.945          0.9819       5.873e-19             1          1       4.033e-54
     0.15           33.31      20      50     0.3269    0.3548       0.1455    0.05719            -0.164      -3.279          0.04299      0.9378          0.9796       3.135e-18             1          1       2.548e-52
      0.2           33.29      20      50     0.3243     0.359       0.2036    0.07426           -0.1456      -2.912          0.04898      0.9293          0.9776       1.607e-17             1          1       6.422e-50
      0.3           33.26      20      50     0.3183    0.3682       0.3141     0.1112           -0.1056      -2.112          0.06308      0.9112          0.9737       4.214e-16             1          1        9.45e-46
      0.4           33.22      20      50     0.3126    0.3776       0.4232     0.1476          -0.06635      -1.327           0.0812       0.886          0.9682        1.15e-14             1          1       2.365e-41
      0.6           33.15      20      50     0.3016    0.3954       0.6262     0.2176          0.009247      0.1849           0.1386      0.8242          0.9545       6.511e-12             1          1       1.696e-33
      0.8            33.1      20      50     0.2905    0.4126       0.8258     0.2856           0.08276       1.655           0.2224      0.7512          0.9371       3.443e-09        0.9993     0.9973       3.095e-25
        1           33.02      20      50     0.2791    0.4307        1.035     0.3566            0.1596       3.192           0.3713      0.6705          0.9147       2.007e-06        0.9942     0.9783        6.63e-18
     1.25           32.94      20      50     0.2659    0.4524        1.298     0.4431            0.2528       5.055           0.7405      0.5568          0.8828        0.004952        0.9587     0.8765       7.814e-08
      1.5           32.85      20      50     0.2505    0.4758        1.567     0.5348            0.3521       7.043            1.458      0.4348           0.844           18.34        0.8412      0.624       2.151e+04

=== 1h P5|A|10
 edge_pct  trades_per_30d  mean_N  mean_L  liq_share  tp_share  drift_H_pct  gross_pct  net_notional_pct  eq_ret_pct  30d_median_mult  30d_p_loss  30d_mdd_median  1y_median_mult  1y_p_below50  1y_p_ruin  IS_median_mult
        0           39.64   6.262   28.31    0.08226    0.8779     -0.01793    0.02357          -0.06191     -0.4375           0.7779       0.709          0.4216          0.0349        0.9858     0.8175        5.74e-05
    0.025           39.65   6.262   28.32    0.08147    0.8791     0.003784    0.02693          -0.05814     -0.4146           0.7845      0.7022          0.4173         0.03972        0.9835     0.7963       9.263e-05
     0.05           39.68   6.263   28.32    0.08061    0.8803      0.03026    0.03073          -0.05389     -0.3904           0.7948       0.694          0.4117         0.04546        0.9815     0.7732       0.0001335
    0.075            39.7   6.263   28.32     0.0797    0.8818      0.05425    0.03482          -0.04933     -0.3632           0.8049      0.6825          0.4069         0.05229        0.9768     0.7472       0.0002436
      0.1           39.72   6.263   28.32    0.07895     0.883      0.07818    0.03802          -0.04573     -0.3409           0.8131      0.6753           0.404         0.05899        0.9723      0.719       0.0002829
     0.15           39.76   6.263   28.32    0.07751    0.8853       0.1306    0.04498          -0.03801     -0.2977           0.8275      0.6603          0.3967         0.07508        0.9637     0.6727       0.0005394
      0.2            39.8   6.264   28.32    0.07612    0.8876       0.1846    0.05164          -0.03062     -0.2551           0.8451       0.643          0.3878         0.09539        0.9497     0.6215       0.0009683
      0.3           39.87   6.265   28.32    0.07304    0.8927       0.2951    0.06609          -0.01453     -0.1627           0.8821      0.6148          0.3759          0.1553         0.912     0.5008        0.003589
      0.4           39.95   6.266   28.32     0.0701    0.8973       0.4033     0.0791         3.162e-07    -0.07653            0.914      0.5828           0.365          0.2416        0.8603     0.3918         0.01175
      0.6           40.08   6.268   28.33    0.06373    0.9071       0.6044     0.1068           0.03102      0.1083           0.9921        0.51          0.3378          0.6485        0.6982      0.187          0.2763
      0.8           40.26   6.271   28.34    0.05837     0.916       0.8003     0.1311           0.05816        0.27            1.069      0.4393          0.3151           1.538        0.5125    0.07083           2.853
        1           40.45   6.273   28.35    0.05212    0.9258        1.003     0.1587           0.08902      0.4539            1.162      0.3553          0.2774           4.152        0.2998    0.01317           60.59
     1.25           40.64   6.275   28.35     0.0451    0.9374        1.254     0.1907            0.1248      0.6653            1.269       0.262          0.2364           13.27        0.1262   0.001667            1817
      1.5           40.85   6.278   28.36    0.03758    0.9492        1.514     0.2239            0.1618      0.8876            1.406      0.1755          0.2184           46.07         0.042          0       7.927e+04

=== 1h P5|B|10
 edge_pct  trades_per_30d  mean_N  mean_L  liq_share  tp_share  drift_H_pct  gross_pct  net_notional_pct  eq_ret_pct  30d_median_mult  30d_p_loss  30d_mdd_median  1y_median_mult  1y_p_below50  1y_p_ruin  IS_median_mult
        0           41.62   6.284   28.38   0.002414    0.8224     -0.01839    0.02173          -0.03111     -0.2207           0.8826      0.6597          0.2992          0.1894        0.9212     0.3673        0.008645
    0.025           41.63   6.284   28.38   0.002425    0.8236      0.00312    0.02394          -0.02883      -0.207           0.8874       0.654          0.2969          0.2034        0.9112     0.3433         0.01003
     0.05           41.64   6.284   28.38   0.002402    0.8249      0.02954    0.02668          -0.02602     -0.1919            0.895      0.6453          0.2941          0.2176        0.8993     0.3157         0.01537
    0.075           41.65   6.284   28.38   0.002379    0.8263      0.05291    0.02924          -0.02337     -0.1756           0.9019       0.635          0.2899          0.2376        0.8852     0.2907           0.023
      0.1           41.65   6.284   28.38   0.002378    0.8274      0.07684    0.03145           -0.0211      -0.162           0.9093      0.6277          0.2879          0.2524        0.8728      0.269         0.02232
     0.15           41.66   6.283   28.38   0.002344    0.8297       0.1289    0.03625          -0.01616     -0.1344           0.9189      0.6123          0.2816          0.2951        0.8443     0.2285         0.04146
      0.2           41.67   6.284   28.38   0.002321    0.8317       0.1838    0.04034          -0.01195     -0.1109           0.9287       0.597          0.2774          0.3361         0.814     0.1897         0.05476
      0.3            41.7   6.285   28.38   0.002263     0.836       0.2926    0.04929         -0.002753    -0.06016           0.9476      0.5717          0.2704          0.4316        0.7475     0.1228          0.1211
      0.4           41.72   6.284   28.38   0.002262    0.8402       0.4004    0.05747          0.005663    -0.01111           0.9675      0.5458          0.2634          0.5636        0.6728     0.0835          0.2201
      0.6           41.75   6.285   28.39   0.002181    0.8491       0.6018    0.07498           0.02368     0.09362            1.009      0.4887           0.247          0.9734        0.4898    0.02683          0.9271
      0.8           41.84   6.287   28.39   0.002155    0.8574       0.7985    0.09123           0.04039      0.1906            1.053      0.4313          0.2362           1.635        0.3237     0.0075           5.036
        1           41.89   6.289    28.4   0.002096     0.866        1.002      0.108           0.05769      0.2909            1.102      0.3685          0.2199           2.794        0.1817   0.001667           20.82
     1.25           41.98    6.29    28.4   0.001946    0.8761        1.254     0.1281            0.0783      0.4085            1.156         0.3          0.2037           5.291       0.08217  0.0001667           130.4
      1.5           42.05   6.292   28.41   0.001797    0.8869        1.517     0.1496            0.1005       0.536            1.225      0.2297           0.187           10.55       0.03283          0            1054

=== 1h P5|C|10
 edge_pct  trades_per_30d  mean_N  mean_L  liq_share  tp_share  drift_H_pct  gross_pct  net_notional_pct  eq_ret_pct  30d_median_mult  30d_p_loss  30d_mdd_median  1y_median_mult  1y_p_below50  1y_p_ruin  IS_median_mult
        0           41.67   6.273   28.35          0    0.8166     -0.01858    0.01936           -0.0327     -0.2227            0.887       0.658          0.2941          0.1906        0.9195     0.3485        0.008422
    0.025           41.67   6.273   28.35          0    0.8178       0.0031    0.02151          -0.03048     -0.2092           0.8909       0.651           0.292          0.2044          0.91     0.3222         0.01067
     0.05           41.68   6.273   28.35          0    0.8191      0.02973    0.02417          -0.02775     -0.1943           0.8965      0.6427           0.288          0.2214         0.901      0.292          0.0122
    0.075           41.69   6.273   28.35          0    0.8205      0.05316    0.02679          -0.02506     -0.1779           0.9036       0.634          0.2856          0.2414        0.8868     0.2687         0.02031
      0.1            41.7   6.273   28.35          0    0.8217       0.0771    0.02893          -0.02285     -0.1642           0.9096      0.6273          0.2834          0.2608        0.8732     0.2447         0.02235
     0.15           41.71   6.273   28.35          0     0.824       0.1289    0.03342          -0.01824     -0.1377           0.9209      0.6108           0.279          0.2965        0.8455     0.2022         0.03268
      0.2           41.72   6.273   28.35          0    0.8259       0.1837    0.03709          -0.01447     -0.1151           0.9291       0.595          0.2753          0.3339         0.815     0.1748          0.0586
      0.3           41.75   6.274   28.35          0    0.8304       0.2924    0.04582         -0.005496     -0.0639           0.9452      0.5692          0.2675          0.4393        0.7422     0.1145          0.1175
      0.4           41.77   6.274   28.35          0    0.8346       0.4003    0.05368          0.002587    -0.01567           0.9656      0.5442          0.2581           0.566         0.667    0.07117          0.2127
      0.6           41.81   6.275   28.35          0    0.8435       0.6019     0.0702           0.01959     0.08525            1.008      0.4895           0.244          0.9657        0.4908     0.0225          0.8183
      0.8           41.89   6.278   28.36          0    0.8518       0.7992    0.08592           0.03576      0.1806             1.05      0.4362          0.2333           1.618        0.3182     0.0065           3.493
        1           41.95    6.28   28.37          0    0.8603        1.003     0.1017           0.05202      0.2787            1.097      0.3735          0.2175           2.709        0.1757      0.001           14.67
     1.25           42.04   6.281   28.37          0    0.8705        1.256     0.1212           0.07203      0.3956             1.15      0.3067          0.1969           4.961        0.0735          0           116.1
      1.5           42.11   6.284   28.38          0    0.8814        1.519     0.1419           0.09329       0.521             1.22      0.2323          0.1815           9.971       0.02733          0           917.4

=== 1h P5|B|100
 edge_pct  trades_per_30d  mean_N  mean_L  liq_share  tp_share  drift_H_pct  gross_pct  net_notional_pct  eq_ret_pct  30d_median_mult  30d_p_loss  30d_mdd_median  1y_median_mult  1y_p_below50  1y_p_ruin  IS_median_mult
        0           29.04   6.241   28.23    0.01425    0.1738     0.005901   0.002193          -0.09751     -0.5582           0.6966      0.7188          0.5382         0.01092        0.9898     0.9113       2.151e-06
    0.025           29.02   6.241   28.22     0.0142    0.1753      0.02669    0.01623           -0.0834     -0.4779           0.7135      0.7062           0.532         0.01454        0.9865       0.89       4.906e-06
     0.05           29.01    6.24   28.22    0.01411    0.1773       0.0535    0.03425          -0.06526     -0.3789           0.7354      0.6905          0.5251         0.02012        0.9798     0.8577       1.046e-05
    0.075           28.98    6.24   28.22    0.01399    0.1792      0.07742     0.0507          -0.04869     -0.2847           0.7538      0.6743          0.5186         0.02699        0.9725     0.8255       2.411e-05
      0.1           28.97   6.241   28.22    0.01394    0.1808       0.1027    0.06567          -0.03363     -0.2008           0.7733      0.6565          0.5111         0.03656        0.9642      0.794       5.354e-05
     0.15           28.93    6.24   28.22    0.01378    0.1837       0.1541    0.09703         -0.002105    -0.02865           0.8115      0.6305          0.5021         0.06601        0.9455     0.7178       0.0003303
      0.2           28.89    6.24   28.23    0.01359    0.1873       0.2102     0.1307           0.03177       0.159           0.8525      0.5997          0.4889          0.1337        0.9137     0.6095        0.002153
      0.3           28.82   6.239   28.22    0.01339    0.1933       0.3137     0.1906           0.09201      0.4944           0.9371      0.5435           0.467           0.421        0.8187      0.419         0.08164
      0.4           28.75   6.239   28.22    0.01302    0.2003         0.42     0.2571            0.1589      0.8582             1.04      0.4767          0.4442           1.448        0.6935     0.2403           3.392
      0.6           28.61   6.237   28.21    0.01249    0.2132       0.6186       0.38            0.2826       1.552            1.247      0.3628          0.4034           15.03        0.4133    0.05167            2478
      0.8           28.47   6.236   28.21    0.01192    0.2254       0.8141     0.5038             0.407       2.232            1.505      0.2597          0.3636           151.3        0.2062   0.007667        1.63e+06
        1           28.31   6.236   28.21    0.01143    0.2389        1.025     0.6339            0.5378       2.955            1.845      0.1672          0.3311            1683       0.09567  0.0003333       3.253e+09
     1.25           28.14   6.236   28.21    0.01049    0.2546        1.283     0.7876            0.6925       3.819            2.332     0.09317           0.287       2.909e+04         0.039          0       1.211e+13
      1.5           27.96   6.237   28.21   0.009637    0.2716        1.547     0.9489            0.8548       4.705            2.927       0.047          0.2625       5.274e+05       0.01683          0       6.372e+16

=== 1h P5c|A|10
 edge_pct  trades_per_30d  mean_N  mean_L  liq_share  tp_share  drift_H_pct  gross_pct  net_notional_pct  eq_ret_pct  30d_median_mult  30d_p_loss  30d_mdd_median  1y_median_mult  1y_p_below50  1y_p_ruin  IS_median_mult
        0           39.64   5.663   28.31    0.08226    0.8779     -0.01793    0.02357          -0.06191      -0.389            0.803      0.7013          0.3898         0.05498        0.9793     0.7442       0.0002113
    0.025           39.65    5.72   28.32    0.08147    0.8791     0.003784    0.02693          -0.05814     -0.3548           0.8147       0.689           0.384         0.06597        0.9737     0.7048       0.0003562
     0.05           39.68   5.787   28.32    0.08061    0.8803      0.03026    0.03073          -0.05389     -0.3153           0.8314       0.674          0.3762         0.07988        0.9638     0.6588       0.0005615
    0.075            39.7   5.851   28.32     0.0797    0.8818      0.05425    0.03482          -0.04933     -0.2744           0.8463      0.6542          0.3712         0.09746        0.9532     0.6063        0.001204
      0.1           39.72   5.917   28.32    0.07895     0.883      0.07818    0.03802          -0.04573     -0.2378           0.8562      0.6412          0.3676          0.1168        0.9427     0.5638        0.001914
     0.15           39.76   6.045   28.32    0.07751    0.8853       0.1306    0.04498          -0.03801     -0.1686           0.8814       0.615          0.3623          0.1635        0.9113     0.4807        0.004106
      0.2            39.8    6.18   28.32    0.07612    0.8876       0.1846    0.05164          -0.03062     -0.1005           0.9059      0.5885          0.3579           0.227        0.8703     0.4053         0.01195
      0.3           39.87    6.45   28.32    0.07304    0.8927       0.2951    0.06609          -0.01453     0.04993           0.9656      0.5337          0.3474          0.4708        0.7632     0.2577          0.1094
      0.4           39.95    6.71   28.32     0.0701    0.8973       0.4033     0.0791         3.162e-07      0.1876             1.02      0.4823          0.3388          0.9094        0.6522     0.1578          0.7636
      0.6           40.08   7.237   28.33    0.06373    0.9071       0.6044     0.1068           0.03102      0.4822            1.151       0.379          0.3156           3.691        0.3968    0.04317           37.69
      0.8           40.26   7.764   28.34    0.05837     0.916       0.8003     0.1311           0.05816      0.7474            1.289      0.3007          0.2967           13.47        0.2425      0.014            1763
        1           40.45   8.305   28.35    0.05212    0.9258        1.003     0.1587           0.08902       1.045            1.458      0.2242          0.2756           56.87        0.1392     0.0025       1.141e+05
     1.25           40.64   8.963   28.35     0.0451    0.9374        1.254     0.1907            0.1248       1.394            1.681      0.1538          0.2424           321.7       0.08583  0.0008333       1.912e+07
      1.5           40.85   9.625   28.36    0.03758    0.9492        1.514     0.2239            0.1618       1.756            1.945      0.1043          0.2031            1971        0.0565     0.0005       5.233e+09

=== 1h P5c|B|10
 edge_pct  trades_per_30d  mean_N  mean_L  liq_share  tp_share  drift_H_pct  gross_pct  net_notional_pct  eq_ret_pct  30d_median_mult  30d_p_loss  30d_mdd_median  1y_median_mult  1y_p_below50  1y_p_ruin  IS_median_mult
        0           41.62   5.677   28.38   0.002414    0.8224     -0.01839    0.02173          -0.03111     -0.1943           0.8974      0.6468          0.2787          0.2332        0.8933      0.272         0.01649
    0.025           41.63   5.734   28.38   0.002425    0.8236      0.00312    0.02394          -0.02883     -0.1738           0.9053      0.6348          0.2766          0.2545         0.874     0.2447         0.01929
     0.05           41.64   5.802   28.38   0.002402    0.8249      0.02954    0.02668          -0.02602      -0.147           0.9168      0.6223          0.2736          0.2907        0.8488      0.214         0.03131
    0.075           41.65   5.866   28.38   0.002379    0.8263      0.05291    0.02924          -0.02337     -0.1225           0.9262      0.6048          0.2704          0.3245        0.8238      0.187         0.05038
      0.1           41.65   5.932   28.38   0.002378    0.8274      0.07684    0.03145           -0.0211     -0.1001           0.9373      0.5902          0.2694          0.3602        0.7957     0.1613         0.06433
     0.15           41.66   6.061   28.38   0.002344    0.8297       0.1289    0.03625          -0.01616     -0.0566           0.9518      0.5657          0.2662          0.4446        0.7445     0.1242          0.1191
      0.2           41.67   6.195   28.38   0.002321    0.8317       0.1838    0.04034          -0.01195    -0.01902           0.9649      0.5452          0.2652          0.5323        0.6955     0.1038          0.2187
      0.3            41.7   6.466   28.38   0.002263     0.836       0.2926    0.04929         -0.002753     0.06599           0.9978      0.5025          0.2616          0.7821        0.5902    0.05583          0.5045
      0.4           41.72   6.727   28.38   0.002262    0.8402       0.4004    0.05747          0.005663      0.1468            1.029      0.4678           0.259           1.141        0.4913    0.03817           1.304
      0.6           41.75   7.255   28.39   0.002181    0.8491       0.6018    0.07498           0.02368      0.3204            1.101      0.3857          0.2545           2.659        0.3027      0.013           15.68
      0.8           41.84   7.782   28.39   0.002155    0.8574       0.7985    0.09123           0.04039      0.4811            1.167      0.3272          0.2542           5.689        0.2025      0.004           145.5
        1           41.89   8.323    28.4   0.002096     0.866        1.002      0.108           0.05769      0.6528            1.263      0.2773          0.2547           12.78        0.1342   0.002167            1822
     1.25           41.98   8.979    28.4   0.001946    0.8761        1.254     0.1281            0.0783      0.8497            1.356      0.2258          0.2568           31.98       0.09217  0.0006667       2.229e+04
      1.5           42.05   9.644   28.41   0.001797    0.8869        1.517     0.1496            0.1005       1.063            1.474       0.183          0.2568           89.96       0.07167  0.0001667       5.616e+05

=== 1h P5c|C|10
 edge_pct  trades_per_30d  mean_N  mean_L  liq_share  tp_share  drift_H_pct  gross_pct  net_notional_pct  eq_ret_pct  30d_median_mult  30d_p_loss  30d_mdd_median  1y_median_mult  1y_p_below50  1y_p_ruin  IS_median_mult
        0           41.67    5.67   28.35          0    0.8166     -0.01858    0.01936           -0.0327     -0.1986           0.8986      0.6513          0.2727          0.2334        0.8957     0.2557         0.01482
    0.025           41.67   5.728   28.35          0    0.8178       0.0031    0.02151          -0.03048     -0.1781           0.9049      0.6395          0.2721          0.2574         0.877     0.2242         0.01893
     0.05           41.68   5.795   28.35          0    0.8191      0.02973    0.02417          -0.02775     -0.1516           0.9157      0.6227          0.2687          0.2934         0.849     0.1903         0.02713
    0.075           41.69   5.859   28.35          0    0.8205      0.05316    0.02679          -0.02506      -0.127            0.926       0.609          0.2649          0.3308        0.8207     0.1615         0.04042
      0.1            41.7   5.925   28.35          0    0.8217       0.0771    0.02893          -0.02285     -0.1046           0.9345      0.5972          0.2628          0.3671        0.7918     0.1373         0.06079
     0.15           41.71   6.053   28.35          0     0.824       0.1289    0.03342          -0.01824    -0.06298           0.9492      0.5722          0.2607          0.4471        0.7405      0.107          0.1077
      0.2           41.72   6.188   28.35          0    0.8259       0.1837    0.03709          -0.01447    -0.02802           0.9631      0.5497          0.2607          0.5251        0.6913    0.09133          0.1897
      0.3           41.75   6.459   28.35          0    0.8304       0.2924    0.04582         -0.005496     0.05716           0.9956      0.5052          0.2556          0.7805        0.5745    0.04833          0.5808
      0.4           41.77   6.719   28.35          0    0.8346       0.4003    0.05368          0.002587      0.1354            1.027      0.4668           0.255           1.133        0.4782    0.02883           1.332
      0.6           41.81   7.246   28.35          0    0.8435       0.6019     0.0702           0.01959      0.3017            1.091      0.3928          0.2529           2.525        0.3018   0.009667           11.24
      0.8           41.89   7.773   28.36          0    0.8518       0.7992    0.08592           0.03576      0.4568             1.16       0.329           0.253           5.142        0.1993   0.002667            85.7
        1           41.95   8.314   28.37          0    0.8603        1.003     0.1017           0.05202       0.623            1.241       0.283          0.2519           11.23        0.1288      0.001            1089
     1.25           42.04   8.971   28.37          0    0.8705        1.256     0.1212           0.07203      0.8191            1.339      0.2303          0.2547           28.33         0.085  0.0001667       1.496e+04
      1.5           42.11   9.635   28.38          0    0.8814        1.519     0.1419           0.09329       1.025            1.457      0.1788          0.2553           77.41       0.06267          0       3.017e+05

=== 1h P6|B|none
 edge_pct  trades_per_30d  mean_N  mean_L  liq_share  tp_share  drift_H_pct  gross_pct  net_notional_pct  eq_ret_pct  30d_median_mult  30d_p_loss  30d_mdd_median  1y_median_mult  1y_p_below50  1y_p_ruin  IS_median_mult
        0           27.55  0.6255   9.946          0         0      0.00639   -0.02264           -0.1266    -0.05927           0.9783       0.631         0.06915          0.7837       0.03833          0          0.5105
    0.025           27.52  0.6256   9.946          0         0      0.02684  -0.007858           -0.1118    -0.05092           0.9803      0.6187         0.06819          0.8069        0.0315          0          0.5449
     0.05           27.49  0.6256   9.946          0         0      0.05348    0.01098          -0.09302    -0.04129           0.9831      0.6045         0.06682          0.8324       0.02283          0             0.6
    0.075           27.45  0.6256   9.946          0         0      0.07594    0.02801          -0.07603      -0.032           0.9855       0.588         0.06509          0.8594        0.0175          0          0.6827
      0.1           27.42  0.6257   9.946          0         0       0.1017    0.04623          -0.05784    -0.02285           0.9881      0.5723         0.06386          0.8853       0.01067          0          0.7168
     0.15           27.36  0.6257   9.946          0         0       0.1528    0.08174          -0.02242   -0.004113           0.9933      0.5452         0.06216          0.9427      0.004667          0          0.8477
      0.2           27.29  0.6259   9.946          0         0       0.2095     0.1213           0.01703     0.01595           0.9979      0.5108         0.05959           1.011        0.0025          0           1.023
      0.3           27.19  0.6259   9.946          0         0       0.3099      0.189           0.08462     0.05208            1.008      0.4553         0.05633           1.142        0.0005          0           1.496
      0.4           27.06  0.6261   9.946          0         0       0.4157     0.2638            0.1593     0.09016            1.018      0.3978         0.05273           1.292     0.0001667          0           2.293
      0.6           26.83  0.6261   9.945          0         0       0.6115     0.3954            0.2906      0.1625            1.037      0.2962         0.04674            1.63             0          0           4.384
      0.8           26.63  0.6264   9.946          0         0       0.8045      0.533             0.428      0.2347            1.057       0.207         0.04025           2.046             0          0            8.02
        1           26.38  0.6266   9.946          0         0        1.014     0.6778            0.5725       0.312            1.077      0.1367         0.03525           2.605             0          0           17.32
     1.25            26.1   0.627   9.946          0         0        1.271     0.8534            0.7477      0.4063            1.103     0.07367         0.02995           3.472             0          0           39.88
      1.5           25.82  0.6275   9.946          0         0        1.529      1.027            0.9212      0.4998            1.128       0.035         0.02718           4.559             0          0           87.29

=== 1h P6h|B|none
 edge_pct  trades_per_30d  mean_N  mean_L  liq_share  tp_share  drift_H_pct  gross_pct  net_notional_pct  eq_ret_pct  30d_median_mult  30d_p_loss  30d_mdd_median  1y_median_mult  1y_p_below50  1y_p_ruin  IS_median_mult
        0           27.55  0.3128   9.946          0         0      0.00639   -0.02264           -0.1266    -0.02963           0.9896      0.6252         0.03501          0.8919             0          0          0.7306
    0.025           27.52  0.3128   9.946          0         0      0.02684  -0.007858           -0.1118    -0.02546           0.9906      0.6132         0.03453          0.9048             0          0           0.754
     0.05           27.49  0.3128   9.946          0         0      0.05348    0.01098          -0.09302    -0.02065           0.9921      0.5987          0.0338          0.9192             0          0          0.7919
    0.075           27.45  0.3128   9.946          0         0      0.07594    0.02801          -0.07603      -0.016           0.9933      0.5825         0.03294          0.9344             0          0          0.8454
      0.1           27.42  0.3129   9.946          0         0       0.1017    0.04623          -0.05784    -0.01143           0.9946      0.5662         0.03228          0.9483             0          0          0.8655
     0.15           27.36  0.3129   9.946          0         0       0.1528    0.08174          -0.02242   -0.002056           0.9972      0.5392         0.03142          0.9783             0          0           0.941
      0.2           27.29  0.3129   9.946          0         0       0.2095     0.1213           0.01703    0.007977           0.9996      0.5058          0.0301           1.014             0          0           1.035
      0.3           27.19   0.313   9.946          0         0       0.3099      0.189           0.08462     0.02604            1.004      0.4498         0.02843           1.077             0          0           1.254
      0.4           27.06  0.3131   9.946          0         0       0.4157     0.2638            0.1593     0.04508             1.01      0.3943         0.02658           1.146             0          0            1.55
      0.6           26.83  0.3131   9.945          0         0       0.6115     0.3954            0.2906     0.08126            1.019      0.2932         0.02353           1.287             0          0           2.145
      0.8           26.63  0.3132   9.946          0         0       0.8045      0.533             0.428      0.1173            1.029      0.2038         0.02028           1.442             0          0           2.903
        1           26.38  0.3133   9.946          0         0        1.014     0.6778            0.5725       0.156            1.039      0.1343         0.01772           1.628             0          0           4.276
     1.25            26.1  0.3135   9.946          0         0        1.271     0.8534            0.7477      0.2032            1.051     0.07183         0.01505           1.881             0          0           6.487
      1.5           25.82  0.3138   9.946          0         0        1.529      1.027            0.9212      0.2499            1.063       0.034         0.01363           2.156             0          0           9.602

=== 1h P6|B|10
 edge_pct  trades_per_30d  mean_N  mean_L  liq_share  tp_share  drift_H_pct  gross_pct  net_notional_pct  eq_ret_pct  30d_median_mult  30d_p_loss  30d_mdd_median  1y_median_mult  1y_p_below50  1y_p_ruin  IS_median_mult
        0           36.07   0.611   9.938          0    0.6037     -0.01628    0.02259          -0.04347    -0.03235           0.9888      0.6022         0.04714           0.859         0.001          0          0.6419
    0.025           36.08   0.611   9.938          0     0.606     0.004679    0.02853          -0.03741    -0.02854           0.9899      0.5927         0.04651          0.8735     0.0006667          0          0.6779
     0.05           36.09  0.6109   9.938          0    0.6087      0.03116    0.03637          -0.02943    -0.02402           0.9912      0.5788         0.04582          0.8912     0.0003333          0          0.7044
    0.075            36.1  0.6109   9.938          0    0.6115      0.05494    0.04385          -0.02181    -0.01928           0.9931       0.563         0.04506          0.9102     0.0001667          0          0.7586
      0.1           36.09  0.6109   9.938          0    0.6136       0.0797    0.04946          -0.01609    -0.01567           0.9949      0.5465         0.04461          0.9248             0          0          0.7949
     0.15           36.11  0.6109   9.938          0    0.6182       0.1317    0.06213         -0.003178   -0.008016           0.9973      0.5232         0.04364          0.9557             0          0          0.8669
      0.2           36.11  0.6109   9.938          0    0.6229       0.1885    0.07466          0.009583  -9.519e-05                1       0.497         0.04232            0.99             0          0          0.9856
      0.3           36.12  0.6109   9.938          0    0.6318       0.2984     0.0991           0.03448     0.01488            1.005      0.4533         0.04009           1.057             0          0           1.183
      0.4           36.14  0.6109   9.938          0    0.6411       0.4066     0.1245           0.06036     0.03035            1.011      0.4058         0.03804           1.133             0          0           1.392
      0.6           36.17  0.6105   9.938          0    0.6595       0.6102     0.1739            0.1107     0.06095            1.022       0.311         0.03438           1.298             0          0           2.142
      0.8           36.21  0.6103   9.938          0    0.6769       0.8081     0.2212            0.1589     0.09027            1.033      0.2287         0.03095           1.474             0          0           3.046
        1           36.24  0.6101   9.938          0    0.6952        1.015     0.2717            0.2103      0.1207            1.044      0.1595         0.02906           1.687             0          0           4.594
     1.25            36.3  0.6099   9.938          0    0.7173        1.274     0.3322             0.272      0.1577            1.058     0.09167         0.02525           1.987             0          0           7.491
      1.5           36.35  0.6097   9.938          0    0.7397        1.538     0.3934            0.3344      0.1952            1.073     0.04633         0.02168           2.346             0          0           11.86

=== 4h P0|A|10
 edge_pct  trades_per_30d  mean_N  mean_L  liq_share  tp_share  drift_H_pct  gross_pct  net_notional_pct  eq_ret_pct  30d_median_mult  30d_p_loss  30d_mdd_median  1y_median_mult  1y_p_below50  1y_p_ruin  IS_median_mult
        0           10.68       1       1  4.397e-05   0.02524     -0.02596  0.0009799           -0.1076     -0.1076           0.9856      0.5603         0.08019           0.808        0.1753      0.005          0.5158
    0.025           10.68       1       1  4.397e-05    0.0255    -0.001008    0.02638           -0.0822     -0.0822           0.9881      0.5497         0.07917          0.8373        0.1595      0.005          0.5944
     0.05           10.68       1       1  4.397e-05   0.02568        0.022    0.04963          -0.05895    -0.05895           0.9903      0.5407         0.07846          0.8629        0.1448      0.005          0.6659
    0.075           10.68       1       1  4.396e-05   0.02607      0.04895    0.07628          -0.03228    -0.03228           0.9925      0.5308         0.07734          0.8952        0.1268      0.005          0.7232
      0.1           10.68       1       1  4.396e-05   0.02624      0.06995     0.0971          -0.01145    -0.01145            0.994       0.525         0.07645          0.9212        0.1108      0.005          0.7833
     0.15           10.68       1       1  4.396e-05   0.02695       0.1248      0.153           0.04452     0.04452           0.9991      0.5045         0.07423          0.9911       0.08183      0.005          0.9481
      0.2           10.68       1       1  4.396e-05   0.02734       0.1738     0.2022           0.09374     0.09374            1.004      0.4842         0.07154           1.058       0.06433      0.005           1.111
      0.3           10.68       1       1  4.395e-05   0.02839       0.2698     0.2989            0.1905      0.1905            1.015      0.4442         0.06757             1.2       0.03783      0.005           1.483
      0.4           10.68       1       1  4.395e-05    0.0294       0.3596     0.3889            0.2805      0.2805            1.025      0.4073         0.06306            1.35       0.02217      0.005           2.047
      0.6           10.68       1       1  4.394e-05   0.03159       0.5658     0.5953            0.4871      0.4871            1.046      0.3268         0.05518           1.747         0.009      0.005           4.583
      0.8           10.69       1       1  4.393e-05   0.03357       0.7733     0.8016            0.6935      0.6935            1.068      0.2502         0.04825           2.285      0.006833      0.005           11.31
        1           10.69       1       1  4.392e-05    0.0354       0.9752      1.004            0.8956      0.8956             1.09      0.1902         0.04101           2.981         0.005      0.005           23.48
     1.25           10.69       1       1  4.391e-05   0.03785        1.237      1.263             1.155       1.155            1.121      0.1207         0.03299           4.172         0.005      0.005           63.36
      1.5           10.69       1       1  4.391e-05   0.04061         1.51      1.533             1.425       1.425            1.147     0.06483         0.02384           5.905         0.005      0.005           204.2

=== 4h P0|B|10
 edge_pct  trades_per_30d  mean_N  mean_L  liq_share  tp_share  drift_H_pct  gross_pct  net_notional_pct  eq_ret_pct  30d_median_mult  30d_p_loss  30d_mdd_median  1y_median_mult  1y_p_below50  1y_p_ruin  IS_median_mult
        0           10.89       1       1          0   0.02423     -0.02542   -0.01353           -0.1206     -0.1206           0.9801      0.5843         0.08016           0.796        0.1372          0          0.5317
    0.025           10.88       1       1          0   0.02446    -0.001172    0.01044          -0.09663    -0.09663           0.9827      0.5725         0.07918          0.8211        0.1173          0          0.6077
     0.05           10.88       1       1          0   0.02463      0.02212    0.03259          -0.07448    -0.07448           0.9854      0.5617         0.07812          0.8452        0.1027          0          0.6236
    0.075           10.88       1       1          0   0.02503      0.04936    0.05769          -0.04938    -0.04938           0.9875      0.5515         0.07691           0.875       0.08633          0          0.7065
      0.1           10.88       1       1          0    0.0252      0.07141    0.07773          -0.02935    -0.02935           0.9896      0.5443         0.07604          0.9011        0.0745          0          0.7835
     0.15           10.88       1       1          0   0.02586       0.1273     0.1291           0.02207     0.02207           0.9949      0.5213         0.07386          0.9648          0.05          0          0.9045
      0.2           10.87       1       1          0    0.0263       0.1772     0.1758           0.06874     0.06874                1       0.499          0.0715           1.028       0.03467          0           1.019
      0.3           10.86       1       1          0   0.02727       0.2758     0.2667            0.1597      0.1597             1.01      0.4575          0.0676           1.154       0.01683          0           1.518
      0.4           10.86       1       1          0   0.02819       0.3654     0.3515            0.2445      0.2445            1.019      0.4182         0.06379           1.293         0.007          0           2.089
      0.6           10.85       1       1          0   0.03026       0.5707     0.5416            0.4345      0.4345            1.039      0.3395         0.05752           1.658      0.001667          0            4.45
      0.8           10.83       1       1          0   0.03222       0.7783     0.7359            0.6288      0.6288            1.058      0.2605         0.05082            2.13     0.0001667          0           9.402
        1           10.81       1       1          0   0.03391       0.9801     0.9211             0.814       0.814            1.079      0.2052         0.04567            2.72             0          0           18.35
     1.25            10.8       1       1          0   0.03621        1.239      1.159             1.052       1.052            1.107       0.137         0.03972           3.703             0          0           44.95
      1.5           10.78       1       1          0   0.03906        1.513      1.405             1.298       1.298            1.134     0.07483         0.03357             5.1             0          0           115.1

=== 4h P1|B|10
 edge_pct  trades_per_30d  mean_N  mean_L  liq_share  tp_share  drift_H_pct  gross_pct  net_notional_pct  eq_ret_pct  30d_median_mult  30d_p_loss  30d_mdd_median  1y_median_mult  1y_p_below50  1y_p_ruin  IS_median_mult
        0           11.43    1.25       5  0.0001233    0.4356     -0.01874    0.03595          -0.04658    -0.05822           0.9929      0.5277         0.08007          0.8805         0.081          0          0.6937
    0.025           11.43    1.25       5  0.0001232    0.4386     0.006565    0.05172          -0.03064     -0.0383           0.9955      0.5183         0.07906          0.9056       0.06983          0          0.7431
     0.05           11.43    1.25       5  0.0001232    0.4411      0.02959    0.06693           -0.0153    -0.01912           0.9968      0.5115         0.07828          0.9294        0.0605          0          0.7877
    0.075           11.43    1.25       5  0.0001232    0.4443      0.05752    0.08426          0.002207    0.002759           0.9996      0.5022         0.07741           0.957         0.052          0          0.8766
      0.1           11.44    1.25       5  0.0001232    0.4466      0.07866    0.09776           0.01583     0.01978            1.002       0.494         0.07659          0.9808       0.04633          0          0.9427
     0.15           11.44    1.25       5  0.0001231    0.4528       0.1353     0.1317           0.05011     0.06264            1.007      0.4715         0.07446           1.037       0.02983          0           1.073
      0.2           11.44    1.25       5  0.0001231    0.4585       0.1851     0.1619           0.08062      0.1008            1.012       0.451         0.07264           1.096       0.02217          0           1.287
      0.3           11.45    1.25       5   0.000123    0.4695       0.2835     0.2237             0.143      0.1788            1.021      0.4125         0.06897           1.228       0.01117          0           1.644
      0.4           11.46    1.25       5  0.0001229    0.4797       0.3722     0.2807            0.2005      0.2506            1.029      0.3795         0.06576            1.36        0.0045          0           2.219
      0.6           11.47    1.25       5  0.0001228    0.5031       0.5773     0.4092            0.3303      0.4128            1.048       0.304         0.06003           1.702     0.0008333          0           4.276
      0.8           11.48    1.25       5  0.0001227     0.527       0.7865       0.54            0.4624       0.578            1.068      0.2297         0.05394            2.15             0          0           9.003
        1           11.49    1.25       5  0.0001226    0.5497       0.9833     0.6639            0.5875      0.7344            1.086      0.1713         0.04971           2.678             0          0           18.26
     1.25           11.51    1.25       5  0.0001224    0.5786        1.244     0.8226            0.7478      0.9347            1.112      0.1133         0.04451           3.558             0          0           39.94
      1.5           11.53    1.25       5  8.145e-05    0.6085        1.514     0.9898            0.9166       1.146            1.139       0.063         0.03714           4.813             0          0           97.82

=== 4h P2|B|10
 edge_pct  trades_per_30d  mean_N  mean_L  liq_share  tp_share  drift_H_pct  gross_pct  net_notional_pct  eq_ret_pct  30d_median_mult  30d_p_loss  30d_mdd_median  1y_median_mult  1y_p_below50  1y_p_ruin  IS_median_mult
        0           11.95     2.5      10  0.0007462    0.6704     -0.02714    0.03582          -0.03174    -0.07934             0.99      0.5257          0.1247          0.7805        0.3242  0.0006667           0.435
    0.025           11.96     2.5      10  0.0007459    0.6732    -0.004031    0.04535          -0.02205    -0.05513           0.9935      0.5162          0.1232           0.806        0.3002  0.0006667          0.4681
     0.05           11.96     2.5      10  0.0007456    0.6756      0.01963    0.05377           -0.0135    -0.03376           0.9953      0.5108          0.1224          0.8333        0.2802  0.0006667           0.488
    0.075           11.96     2.5      10  0.0007455    0.6785      0.04696    0.06324         -0.003866   -0.009665           0.9982      0.5032          0.1207          0.8591        0.2588     0.0005          0.5936
      0.1           11.97     2.5      10  0.0007454    0.6811      0.06782     0.0725          0.005534     0.01384            1.001      0.4957          0.1197          0.8941        0.2392  0.0003333          0.6742
     0.15           11.97     2.5      10  0.0006665    0.6865       0.1238    0.09134           0.02472     0.06179            1.007      0.4795          0.1171          0.9543        0.2033  0.0003333          0.8503
      0.2           11.98     2.5      10  0.0007055    0.6917        0.176     0.1095           0.04319       0.108            1.012      0.4632          0.1149           1.026        0.1707  0.0003333          0.9813
      0.3           11.99     2.5      10  0.0007439    0.7024       0.2746     0.1448           0.07907      0.1977            1.023      0.4367          0.1108            1.18        0.1168          0           1.465
      0.4              12     2.5      10  0.0007043    0.7125       0.3629     0.1767            0.1115      0.2788            1.034      0.4092          0.1079           1.342       0.08067          0           2.139
      0.6           12.02     2.5      10  0.0007031     0.734       0.5711     0.2508            0.1868      0.4669            1.058      0.3457         0.09844           1.765        0.0275          0            4.82
      0.8           12.04     2.5      10  0.0006629    0.7566       0.7819      0.327            0.2644      0.6609            1.088      0.2808         0.09031           2.375      0.008667          0           13.51
        1           12.06     2.5      10  0.0006617    0.7781       0.9832     0.3985             0.337      0.8424            1.111      0.2268         0.08306           3.129      0.002667          0           30.27
     1.25            12.1     2.5      10  0.0006208    0.8049        1.239     0.4893            0.4293       1.073            1.141      0.1633         0.07275           4.483     0.0006667          0           78.18
      1.5           12.13     2.5      10  0.0006191    0.8323        1.509      0.585            0.5266       1.317            1.178      0.1078         0.05957           6.472             0          0             231

=== 4h P2|C|10
 edge_pct  trades_per_30d  mean_N  mean_L  liq_share  tp_share  drift_H_pct  gross_pct  net_notional_pct  eq_ret_pct  30d_median_mult  30d_p_loss  30d_mdd_median  1y_median_mult  1y_p_below50  1y_p_ruin  IS_median_mult
        0           11.89     2.5      10          0    0.6749     -0.02374    0.02308          -0.04444     -0.1111           0.9861      0.5383          0.1263           0.743        0.3635  0.0003333          0.4007
    0.025           11.89     2.5      10          0    0.6776   -0.0008702     0.0325          -0.03487    -0.08718           0.9887      0.5293          0.1246          0.7678         0.341          0          0.4559
     0.05            11.9     2.5      10          0      0.68      0.02254    0.04146          -0.02577    -0.06443           0.9914      0.5233          0.1237          0.7917         0.322          0          0.5084
    0.075            11.9     2.5      10          0     0.683      0.04954    0.05189          -0.01516     -0.0379           0.9944      0.5147          0.1218          0.8229        0.2973          0          0.6034
      0.1            11.9     2.5      10          0    0.6856      0.07015    0.06119         -0.005716    -0.01429           0.9973      0.5067          0.1215          0.8526        0.2733          0          0.6351
     0.15           11.91     2.5      10          0    0.6912       0.1261    0.08147           0.01489     0.03722            1.004      0.4893          0.1215          0.9225        0.2318          0          0.7963
      0.2           11.92     2.5      10          0    0.6965       0.1785     0.1004           0.03412      0.0853            1.009      0.4722          0.1214          0.9934        0.1948          0            1.01
      0.3           11.93     2.5      10          0     0.707       0.2744     0.1362           0.07052      0.1763            1.018      0.4483          0.1214           1.134        0.1393          0            1.54
      0.4           11.94     2.5      10          0    0.7173       0.3624     0.1704            0.1054      0.2634             1.03      0.4195          0.1212           1.305       0.09217          0           1.906
      0.6           11.97     2.5      10          0    0.7386       0.5707     0.2474            0.1836      0.4591            1.055      0.3553          0.1212           1.731       0.03717          0           4.892
      0.8           11.99     2.5      10          0    0.7613       0.7819     0.3268            0.2643      0.6608            1.084      0.2893          0.1211            2.34      0.008667          0           13.92
        1           12.02     2.5      10          0     0.783       0.9829     0.4023            0.3411      0.8527            1.111        0.23          0.1003           3.146      0.002167          0           27.99
     1.25           12.07     2.5      10          0    0.8096         1.24     0.4976            0.4379       1.095            1.142      0.1625         0.07515           4.557     0.0001667          0           79.73
      1.5           12.11     2.5      10          0    0.8376        1.509     0.5994            0.5414       1.353             1.18      0.1015         0.04977           6.789             0          0           281.4

=== 4h P3|A|10
 edge_pct  trades_per_30d  mean_N  mean_L  liq_share  tp_share  drift_H_pct  gross_pct  net_notional_pct  eq_ret_pct  30d_median_mult  30d_p_loss  30d_mdd_median  1y_median_mult  1y_p_below50  1y_p_ruin  IS_median_mult
        0            12.4       4      20     0.0537    0.8361     -0.02908    0.03494          -0.04463     -0.1785           0.9766      0.5403          0.1867          0.6099        0.5395    0.01533          0.3071
    0.025            12.4       4      20    0.05331    0.8376    -0.003735    0.03916          -0.04014     -0.1606           0.9811      0.5355          0.1865          0.6316         0.527      0.014          0.3323
     0.05            12.4       4      20    0.05288    0.8392       0.0198    0.04332          -0.03572     -0.1429           0.9843      0.5302          0.1865          0.6502        0.5118    0.01267          0.3354
    0.075            12.4       4      20    0.05227    0.8409      0.04634    0.04836          -0.03031     -0.1212           0.9902      0.5232           0.186          0.6732        0.4938    0.01083          0.4129
      0.1           12.41       4      20    0.05177    0.8425      0.06679    0.05325           -0.0251     -0.1004           0.9909       0.518           0.178          0.6933        0.4778     0.0105          0.4127
     0.15           12.41       4      20    0.05065    0.8461       0.1224    0.06404          -0.01363    -0.05451            0.994      0.5072          0.1695          0.7441        0.4395     0.0075            0.48
      0.2           12.42       4      20    0.04976    0.8492       0.1739    0.07296         -0.004139    -0.01656            1.001      0.4975          0.1599          0.7876         0.409   0.005167          0.5202
      0.3           12.43       4      20    0.04825    0.8558       0.2708    0.09038           0.01434     0.05735             1.01      0.4802          0.1457          0.8927        0.3562   0.002833           0.744
      0.4           12.43       4      20    0.04674    0.8619       0.3606     0.1063           0.03131      0.1252            1.022      0.4628          0.1361           1.004        0.2998   0.002167          0.9587
      0.6           12.45       4      20    0.04288    0.8747       0.5673     0.1432           0.07056      0.2822            1.046      0.4237          0.1138           1.273        0.1947   0.001167           1.921
      0.8           12.47       4      20     0.0389    0.8879       0.7767     0.1811             0.111      0.4439            1.074      0.3768         0.09255            1.68        0.1025  0.0001667           4.931
        1           12.49       4      20    0.03555     0.901       0.9805     0.2161            0.1482      0.5929              1.1      0.3382         0.07793           2.113       0.05533          0           9.026
     1.25           12.52       4      20    0.03068     0.917        1.237      0.264            0.1992      0.7966            1.134      0.2742          0.0483           2.995       0.01883          0           23.76
      1.5           12.55       4      20    0.02522     0.934        1.503     0.3141            0.2526        1.01             1.17      0.2182        0.005773           4.232      0.003667          0           70.15

=== 4h P3|B|10
 edge_pct  trades_per_30d  mean_N  mean_L  liq_share  tp_share  drift_H_pct  gross_pct  net_notional_pct  eq_ret_pct  30d_median_mult  30d_p_loss  30d_mdd_median  1y_median_mult  1y_p_below50  1y_p_ruin  IS_median_mult
        0           12.46       4      20    0.01986    0.8283     -0.03019    0.03871           -0.0263     -0.1052           0.9888       0.525          0.1468          0.7163        0.4338     0.0035          0.3263
    0.025           12.46       4      20    0.01978    0.8299    -0.004925    0.04292          -0.02197    -0.08787           0.9911      0.5183           0.144          0.7329        0.4202   0.003167          0.3497
     0.05           12.46       4      20     0.0197    0.8313       0.0188    0.04682          -0.01795    -0.07179           0.9932      0.5133           0.143          0.7567        0.4072   0.002667          0.4029
    0.075           12.46       4      20    0.01947     0.833      0.04573    0.05143          -0.01315    -0.05259           0.9967      0.5067          0.1417          0.7797        0.3923     0.0025          0.4466
      0.1           12.47       4      20    0.01932    0.8348      0.06624    0.05639         -0.008017    -0.03207           0.9996      0.5008          0.1398          0.8011        0.3757   0.002167          0.5135
     0.15           12.47       4      20    0.01898    0.8382       0.1218    0.06611           0.00204     0.00816            1.006      0.4885          0.1368          0.8486        0.3403   0.001833          0.5586
      0.2           12.47       4      20    0.01875    0.8412       0.1733    0.07448           0.01068     0.04272             1.01      0.4777          0.1347          0.8975        0.3135   0.001333          0.5965
      0.3           12.48       4      20    0.01847     0.848        0.273     0.0911           0.02781      0.1112            1.018       0.459          0.1303               1        0.2582      0.001          0.9231
      0.4           12.48       4      20    0.01816    0.8539       0.3625     0.1061           0.04326       0.173            1.026      0.4423          0.1276           1.107        0.2135  0.0006667            1.23
      0.6            12.5       4      20    0.01754    0.8668       0.5687     0.1407           0.07893      0.3157            1.047      0.4002          0.1171           1.399        0.1288  0.0001667            2.48
      0.8           12.51       4      20    0.01633      0.88       0.7779     0.1764            0.1159      0.4635            1.069      0.3533          0.1044           1.769         0.066          0           5.519
        1           12.53       4      20    0.01559    0.8927       0.9819     0.2079            0.1485      0.5938             1.09      0.3163         0.09609            2.17       0.03267          0           11.42
     1.25           12.55       4      20    0.01441    0.9085        1.237     0.2504            0.1924      0.7695             1.12      0.2575         0.07705           2.883        0.0105          0           22.24
      1.5           12.57       4      20    0.01278    0.9253        1.504     0.2963            0.2399      0.9595            1.152      0.2013         0.04368            3.94      0.002667          0           55.08

=== 4h P3|C|10
 edge_pct  trades_per_30d  mean_N  mean_L  liq_share  tp_share  drift_H_pct  gross_pct  net_notional_pct  eq_ret_pct  30d_median_mult  30d_p_loss  30d_mdd_median  1y_median_mult  1y_p_below50  1y_p_ruin  IS_median_mult
        0           12.54       4      20          0    0.7958     -0.02544    0.02434          -0.03323     -0.1329           0.9829      0.5358          0.1289          0.7242        0.3567  0.0001667          0.3784
    0.025           12.54       4      20          0    0.7973   -0.0006149    0.02793          -0.02956     -0.1182           0.9833        0.53          0.1254          0.7396        0.3382          0          0.4306
     0.05           12.55       4      20          0    0.7987      0.02294    0.03107          -0.02634     -0.1054           0.9859      0.5243          0.1227           0.758        0.3257          0          0.4735
    0.075           12.55       4      20          0    0.8005      0.04953    0.03513          -0.02218    -0.08871            0.991      0.5183          0.1193          0.7756        0.3117          0          0.5083
      0.1           12.55       4      20          0    0.8021         0.07    0.03881          -0.01841    -0.07364           0.9913      0.5155          0.1182          0.7959        0.2948          0          0.5864
     0.15           12.55       4      20          0    0.8056       0.1255    0.04697          -0.01007    -0.04028           0.9978      0.5052          0.1176          0.8326        0.2598          0          0.6402
      0.2           12.55       4      20          0    0.8084       0.1766    0.05375         -0.003132    -0.01253                1      0.4973          0.1159          0.8684         0.232          0          0.6918
      0.3           12.56       4      20          0    0.8152       0.2757    0.06856           0.01207     0.04828            1.007      0.4735          0.1059          0.9572        0.1793          0          0.8714
      0.4           12.56       4      20          0    0.8211       0.3647     0.0818           0.02564      0.1026            1.014      0.4535          0.1016           1.045        0.1423          0           1.058
      0.6           12.57       4      20          0    0.8333       0.5706     0.1098           0.05431      0.2172            1.028       0.414          0.0944           1.245         0.081          0           2.162
      0.8           12.58       4      20          0    0.8465       0.7789     0.1403           0.08557      0.3423            1.046      0.3635           0.094           1.523       0.04033          0           3.584
        1           12.59       4      20          0    0.8583       0.9841      0.166            0.1119      0.4477            1.058        0.33           0.094           1.804         0.018          0           5.331
     1.25           12.61       4      20          0    0.8731         1.24     0.2009            0.1476      0.5904            1.084       0.274          0.0938           2.256      0.005833          0           10.31
      1.5           12.62       4      20          0    0.8896        1.508     0.2401            0.1878      0.7511            1.104      0.2213          0.0938           2.907     0.0006667          0           23.07

=== 4h P3|B|30
 edge_pct  trades_per_30d  mean_N  mean_L  liq_share  tp_share  drift_H_pct  gross_pct  net_notional_pct  eq_ret_pct  30d_median_mult  30d_p_loss  30d_mdd_median  1y_median_mult  1y_p_below50  1y_p_ruin  IS_median_mult
        0           11.66       4      20    0.04667    0.5323     -0.01984    0.02017          -0.07597     -0.3039           0.9425      0.5877          0.2354          0.4147        0.7432     0.1168          0.0538
    0.025           11.66       4      20    0.04626     0.535     0.004432    0.03195          -0.06387     -0.2555           0.9478      0.5793          0.2328          0.4469         0.724     0.1018          0.0775
     0.05           11.66       4      20    0.04585    0.5378      0.02821    0.04458           -0.0509     -0.2036           0.9537      0.5718          0.2303            0.48         0.702    0.08583           0.104
    0.075           11.67       4      20    0.04515    0.5414      0.05508    0.05937          -0.03561     -0.1424           0.9606      0.5632          0.2272          0.5265        0.6768    0.07433          0.1291
      0.1           11.67       4      20    0.04486    0.5439      0.07652    0.07134          -0.02339    -0.09354           0.9649       0.556          0.2248          0.5634         0.652    0.06617          0.1473
     0.15           11.67       4      20    0.04424    0.5505       0.1329    0.09843          0.004329     0.01732           0.9772      0.5367           0.219          0.6679        0.5975    0.04783          0.2541
      0.2           11.68       4      20    0.04357    0.5566       0.1827     0.1231           0.02962      0.1185           0.9889      0.5163          0.2138          0.7692        0.5435     0.0355          0.4426
      0.3            11.7       4      20     0.0423    0.5681       0.2828     0.1735           0.08118      0.3247            1.011      0.4828          0.2032           1.052        0.4427     0.0185          0.9725
      0.4            11.7       4      20    0.04129    0.5793        0.371     0.2194            0.1281      0.5124            1.036      0.4518          0.2014           1.382        0.3422     0.0075           2.046
      0.6           11.72       4      20    0.03914    0.6028       0.5804     0.3198            0.2308       0.923            1.089      0.3777           0.201           2.518        0.1768   0.001667           10.65
      0.8           11.74       4      20    0.03617    0.6274       0.7897     0.4251            0.3387       1.355            1.151      0.2962          0.1781           4.713       0.07183  0.0003333           77.02
        1           11.75       4      20    0.03405    0.6505        0.988     0.5227            0.4385       1.754            1.207      0.2338          0.1638           8.564          0.03  0.0001667           534.4
     1.25           11.78       4      20    0.03125    0.6798        1.244     0.6468            0.5654       2.262            1.281      0.1618          0.1487           18.28      0.007167          0            3507
      1.5           11.81       4      20    0.02755    0.7103        1.513     0.7791            0.7009       2.804            1.375       0.101           0.127           40.69         0.002          0       4.933e+04

=== 4h P3|B|100
 edge_pct  trades_per_30d  mean_N  mean_L  liq_share  tp_share  drift_H_pct  gross_pct  net_notional_pct  eq_ret_pct  30d_median_mult  30d_p_loss  30d_mdd_median  1y_median_mult  1y_p_below50  1y_p_ruin  IS_median_mult
        0           11.02       4      20    0.07247    0.1229     -0.02029  0.0001411           -0.1321     -0.5285           0.8923      0.6205          0.2964          0.2101        0.8805     0.3722         0.01225
    0.025           11.02       4      20    0.07189    0.1239     0.004324    0.02019           -0.1118     -0.4471           0.8996      0.6123          0.2931           0.235        0.8667     0.3435         0.01888
     0.05           11.02       4      20    0.07118    0.1252      0.02889    0.04252          -0.08909     -0.3564            0.909       0.603            0.29           0.264        0.8492     0.3102         0.02672
    0.075           11.01       4      20    0.07038    0.1264      0.05599    0.06595          -0.06526      -0.261           0.9194      0.5917          0.2842           0.303        0.8308     0.2795         0.03441
      0.1           11.01       4      20       0.07    0.1275      0.07761      0.086          -0.04501       -0.18           0.9258      0.5835          0.2817          0.3375        0.8138     0.2527         0.04625
     0.15           11.01       4      20     0.0689    0.1299       0.1334     0.1326          0.002169    0.008676           0.9425       0.562          0.2745          0.4278        0.7585     0.1935         0.08052
      0.2           11.01       4      20    0.06781    0.1323       0.1824     0.1744            0.0445       0.178           0.9604      0.5428          0.2665          0.5427        0.7082     0.1463          0.1511
      0.3              11       4      20    0.06613    0.1362       0.2817     0.2554            0.1264      0.5057           0.9984       0.502          0.2533          0.8478        0.5982      0.084          0.5146
      0.4              11       4      20    0.06415    0.1402       0.3703     0.3327            0.2048      0.8191            1.029      0.4663           0.241           1.277        0.4918    0.04417           2.184
      0.6           10.99       4      20    0.06017    0.1495       0.5763     0.5052            0.3793       1.517            1.106      0.3815          0.2199           3.127        0.2745   0.007667           36.46
      0.8           10.98       4      20    0.05563    0.1584       0.7844       0.68            0.5565       2.226            1.191      0.2967          0.2014           8.282         0.119      0.001           844.8
        1           10.97       4      20    0.05152    0.1668       0.9861     0.8499            0.7285       2.914            1.281      0.2293           0.201           21.03       0.04633  0.0003333       1.052e+04
     1.25           10.96       4      20    0.04673    0.1774        1.245      1.064            0.9453       3.781            1.409       0.159          0.1764           68.13       0.01483          0       2.446e+05
      1.5           10.95       4      20    0.04095    0.1894        1.517      1.286             1.171       4.682            1.547     0.09483          0.1508             224         0.006          0       9.805e+06

=== 4h P4|A|10
 edge_pct  trades_per_30d  mean_N  mean_L  liq_share  tp_share  drift_H_pct  gross_pct  net_notional_pct  eq_ret_pct  30d_median_mult  30d_p_loss  30d_mdd_median  1y_median_mult  1y_p_below50  1y_p_ruin  IS_median_mult
        0           12.86      20      50     0.1195    0.8735     -0.02371  -0.007687           -0.1109      -2.219           0.7368      0.7845           0.406        0.003719        0.9978     0.9615       5.104e-08
    0.025           12.86      20      50     0.1191    0.8741    0.0007712  -0.006862           -0.1099      -2.198           0.7368       0.782           0.406         0.00385        0.9977     0.9592       6.335e-08
     0.05           12.86      20      50     0.1188    0.8745      0.02426  -0.006304           -0.1092      -2.184           0.7368      0.7807           0.406        0.003925        0.9973     0.9578       6.552e-08
    0.075           12.86      20      50     0.1183     0.875       0.0505  -0.005463           -0.1081      -2.162           0.7368      0.7785           0.406        0.004021        0.9968     0.9567       6.169e-08
      0.1           12.86      20      50      0.118    0.8753      0.07212  -0.004893           -0.1074      -2.148           0.7368      0.7773           0.406        0.004108        0.9967      0.956       6.163e-08
     0.15           12.86      20      50     0.1169    0.8766        0.127  -0.002839           -0.1048      -2.096            0.757      0.7743           0.406        0.004554        0.9967     0.9525       1.409e-07
      0.2           12.86      20      50     0.1157     0.878        0.179 -0.0006677            -0.102       -2.04           0.7583      0.7722           0.406        0.005216        0.9958     0.9467       2.281e-07
      0.3           12.86      20      50      0.114    0.8801        0.277    0.00239          -0.09812      -1.962           0.7596       0.764           0.406        0.006035        0.9947     0.9365       2.403e-07
      0.4           12.86      20      50     0.1122    0.8822       0.3661   0.005708          -0.09391      -1.878           0.7798      0.7578           0.406        0.007076         0.993     0.9275       3.492e-07
      0.6           12.86      20      50     0.1089    0.8862       0.5703    0.01158          -0.08643      -1.729           0.7831      0.7433           0.405        0.009659        0.9903     0.9133       1.949e-06
      0.8           12.87      20      50     0.1049    0.8909        0.777    0.01889          -0.07713      -1.543           0.8066      0.7175           0.405         0.01334        0.9833     0.8807       4.401e-06
        1           12.87      20      50     0.1025    0.8944       0.9819    0.02379          -0.07098       -1.42           0.8074      0.7063           0.405         0.01738         0.982      0.861       1.017e-05
     1.25           12.87      20      50    0.09828    0.8992        1.239    0.03135          -0.06136      -1.227           0.8317      0.6838           0.405         0.02522         0.975     0.8218        1.73e-05
      1.5           12.88      20      50     0.0929    0.9054        1.505    0.04105          -0.04901     -0.9801            0.855      0.6665           0.405         0.03988        0.9637      0.757        5.71e-05

=== 4h P4|B|10
 edge_pct  trades_per_30d  mean_N  mean_L  liq_share  tp_share  drift_H_pct  gross_pct  net_notional_pct  eq_ret_pct  30d_median_mult  30d_p_loss  30d_mdd_median  1y_median_mult  1y_p_below50  1y_p_ruin  IS_median_mult
        0           12.86      20      50     0.1173    0.8734     -0.02373  -0.007652           -0.1099      -2.199           0.7368      0.7812           0.406        0.003899        0.9973     0.9598       5.431e-08
    0.025           12.86      20      50     0.1169     0.874    0.0007498  -0.006804           -0.1089      -2.178           0.7368      0.7787           0.406        0.004023        0.9972     0.9575        6.51e-08
     0.05           12.86      20      50     0.1167    0.8744      0.02424  -0.006246           -0.1082      -2.164           0.7368      0.7773           0.406         0.00406         0.997     0.9557       7.364e-08
    0.075           12.86      20      50     0.1163    0.8749      0.05048  -0.005423           -0.1072      -2.144           0.7368      0.7752           0.406        0.004204        0.9967      0.955       7.165e-08
      0.1           12.86      20      50      0.116    0.8753       0.0721  -0.004803           -0.1064      -2.129           0.7368       0.774           0.406        0.004314        0.9965     0.9548       7.158e-08
     0.15           12.86      20      50     0.1148    0.8766        0.127  -0.002746           -0.1038      -2.076           0.7574      0.7707           0.406        0.004856        0.9963     0.9512       1.594e-07
      0.2           12.86      20      50     0.1137     0.878       0.1789 -0.0005338            -0.101       -2.02           0.7583      0.7685           0.406        0.005489        0.9957      0.945       2.514e-07
      0.3           12.86      20      50      0.112    0.8801        0.277   0.002518          -0.09714      -1.943           0.7596      0.7597           0.406        0.006287        0.9945     0.9343       2.602e-07
      0.4           12.86      20      50     0.1102    0.8822       0.3661   0.005839          -0.09291      -1.858           0.7805      0.7533           0.405        0.007399        0.9928     0.9238       3.492e-07
      0.6           12.86      20      50     0.1071    0.8861       0.5703    0.01164           -0.0856      -1.712           0.7831      0.7395           0.405         0.01008          0.99     0.9102       2.431e-06
      0.8           12.87      20      50     0.1032    0.8908        0.777    0.01901          -0.07629      -1.526           0.8066      0.7133           0.405         0.01415        0.9825      0.876       5.061e-06
        1           12.87      20      50      0.101    0.8943       0.9819     0.0239          -0.07022      -1.404           0.8074       0.703           0.405         0.01792        0.9808     0.8565       1.099e-05
     1.25           12.87      20      50    0.09704    0.8992        1.239    0.03144          -0.06074      -1.215           0.8317      0.6813           0.405         0.02595        0.9745     0.8178       1.984e-05
      1.5           12.88      20      50     0.0918    0.9053        1.505    0.04108           -0.0485     -0.9701           0.8558      0.6635           0.405         0.04096        0.9618      0.754       5.851e-05

=== 4h P4|C|10
 edge_pct  trades_per_30d  mean_N  mean_L  liq_share  tp_share  drift_H_pct  gross_pct  net_notional_pct  eq_ret_pct  30d_median_mult  30d_p_loss  30d_mdd_median  1y_median_mult  1y_p_below50  1y_p_ruin  IS_median_mult
        0           12.92      20      50          0    0.7523     -0.02325   -0.03441          -0.09199       -1.84           0.7553      0.8072          0.3323         0.02931        0.9983     0.8855       2.871e-05
    0.025           12.92      20      50          0    0.7524      0.00123   -0.03427          -0.09184      -1.837           0.7553      0.8068          0.3322         0.02928        0.9983     0.8842       2.871e-05
     0.05           12.92      20      50          0    0.7521      0.02479    -0.0346          -0.09219      -1.844           0.7553      0.8083          0.3328         0.02921        0.9983      0.886       2.864e-05
    0.075           12.92      20      50          0    0.7523      0.05086   -0.03444          -0.09201       -1.84           0.7553      0.8082          0.3328          0.0293         0.998     0.8878        2.63e-05
      0.1           12.91      20      50          0    0.7527      0.07238   -0.03407          -0.09162      -1.832           0.7553      0.8065          0.3328         0.02953        0.9975     0.8862       2.577e-05
     0.15           12.91      20      50          0    0.7532       0.1272   -0.03364          -0.09117      -1.823           0.7553       0.807          0.3328         0.03012        0.9978     0.8852       2.759e-05
      0.2           12.91      20      50          0    0.7539       0.1787   -0.03301           -0.0905       -1.81           0.7553      0.8043          0.3328         0.03024        0.9977     0.8767       2.766e-05
      0.3           12.91      20      50          0    0.7545       0.2763   -0.03243          -0.08988      -1.798           0.7553      0.7973          0.3318         0.03045        0.9975     0.8717       2.646e-05
      0.4           12.92      20      50          0    0.7556       0.3647   -0.03144          -0.08884      -1.777           0.7763      0.7948          0.3315         0.03189        0.9967     0.8645       3.512e-05
      0.6           12.92      20      50          0    0.7562       0.5694   -0.03101          -0.08838      -1.768            0.778      0.7973          0.3315          0.0318         0.996     0.8635       3.007e-05
      0.8           12.92      20      50          0    0.7584       0.7762   -0.02901          -0.08627      -1.725           0.7787      0.7895          0.3315         0.03422        0.9952     0.8507       3.716e-05
        1           12.92      20      50          0     0.759       0.9815   -0.02853          -0.08574      -1.715           0.7787      0.7893          0.3315         0.03501        0.9958     0.8485       4.081e-05
     1.25           12.92      20      50          0    0.7589        1.239   -0.02872          -0.08593      -1.719           0.7787      0.7813          0.3315          0.0352        0.9965      0.843       5.289e-05
      1.5           12.92      20      50          0     0.761        1.505   -0.02677          -0.08387      -1.677           0.7803      0.7708          0.3108         0.03756        0.9955     0.8352       5.656e-05

=== 4h P4|B|100
 edge_pct  trades_per_30d  mean_N  mean_L  liq_share  tp_share  drift_H_pct  gross_pct  net_notional_pct  eq_ret_pct  30d_median_mult  30d_p_loss  30d_mdd_median  1y_median_mult  1y_p_below50  1y_p_ruin  IS_median_mult
        0           11.95      20      50     0.4693    0.3432     -0.01055   0.003534           -0.2821      -5.642           0.2112      0.8725          0.8749       4.372e-09             1     0.9997        3.02e-25
    0.025           11.95      20      50     0.4672    0.3452      0.01483    0.01212           -0.2725       -5.45            0.218      0.8685          0.8738       5.944e-09        0.9998     0.9997       5.402e-25
     0.05           11.95      20      50     0.4648    0.3473      0.03851    0.02109           -0.2624      -5.248           0.2258      0.8638          0.8702       7.843e-09        0.9998     0.9997       2.023e-24
    0.075           11.95      20      50     0.4617    0.3499      0.06535    0.03277           -0.2493      -4.986           0.2305       0.859          0.8661        1.18e-08        0.9998     0.9997       8.609e-24
      0.1           11.95      20      50     0.4593    0.3519      0.08738    0.04197           -0.2389      -4.779           0.2369      0.8547          0.8634       1.652e-08        0.9998     0.9995       1.716e-23
     0.15           11.94      20      50     0.4537    0.3568       0.1435    0.06226            -0.216       -4.32           0.2503      0.8442          0.8569       3.453e-08        0.9998     0.9995       4.765e-23
      0.2           11.94      20      50     0.4483    0.3618       0.1949    0.08251           -0.1932      -3.864           0.2658      0.8347          0.8524       6.653e-08        0.9997     0.9993       1.695e-21
      0.3           11.93      20      50     0.4376    0.3716       0.2942     0.1234           -0.1472      -2.944           0.3002      0.8155          0.8353       3.115e-07        0.9993     0.9987       4.221e-20
      0.4           11.93      20      50     0.4276    0.3798       0.3823     0.1595           -0.1065       -2.13           0.3338      0.7915           0.826       1.161e-06        0.9992     0.9983       2.842e-18
      0.6           11.93      20      50     0.4075    0.3979       0.5838     0.2358          -0.02066     -0.4133           0.4132      0.7433          0.7983       1.642e-05        0.9978     0.9912       8.415e-15
      0.8           11.92      20      50     0.3866     0.416         0.79     0.3135           0.06689       1.338           0.5194      0.6815          0.7779       0.0002526         0.992     0.9645       1.595e-11
        1           11.91      20      50     0.3676    0.4334        0.995     0.3875            0.1499       2.999           0.6457      0.6215          0.7342        0.003527         0.976     0.9033       5.857e-08
     1.25            11.9      20      50     0.3411    0.4574        1.258     0.4864            0.2614       5.228           0.8742      0.5422          0.7072          0.1075        0.9212     0.7348        0.001136
      1.5           11.89      20      50     0.3145    0.4812        1.526     0.5868            0.3744       7.488            1.159       0.453          0.6478           3.538        0.7967     0.4927           46.26

=== 4h P5|A|10
 edge_pct  trades_per_30d  mean_N  mean_L  liq_share  tp_share  drift_H_pct  gross_pct  net_notional_pct  eq_ret_pct  30d_median_mult  30d_p_loss  30d_mdd_median  1y_median_mult  1y_p_below50  1y_p_ruin  IS_median_mult
        0           12.43   4.188   20.72    0.05546     0.844     -0.03131    0.03491          -0.04484     -0.1924           0.9743      0.5465          0.1986          0.5919        0.5607    0.01867          0.2785
    0.025           12.43   4.188   20.72    0.05507    0.8455    -0.006013    0.03892          -0.04057     -0.1747           0.9768      0.5418          0.1913          0.6082        0.5487    0.01717          0.3013
     0.05           12.43   4.188   20.72    0.05464    0.8469      0.01747    0.04289          -0.03634     -0.1572           0.9811      0.5365          0.1869          0.6262        0.5345    0.01567          0.2982
    0.075           12.43   4.188   20.72    0.05392    0.8485      0.04394     0.0478          -0.03102     -0.1344           0.9866       0.529          0.1867          0.6541        0.5148     0.0135          0.4121
      0.1           12.44   4.188   20.72    0.05341    0.8501      0.06438     0.0525          -0.02601     -0.1136           0.9906       0.524          0.1865          0.6764        0.4985     0.0125          0.4121
     0.15           12.44   4.188   20.72    0.05223    0.8536       0.1199     0.0631          -0.01469    -0.06708            0.992      0.5137          0.1862          0.7296        0.4608       0.01          0.4193
      0.2           12.45   4.188   20.72    0.05119    0.8567       0.1719    0.07195         -0.005216    -0.02656           0.9976      0.5038          0.1727          0.7726        0.4272     0.0075          0.4561
      0.3           12.45   4.188   20.72    0.04965    0.8632       0.2713    0.08886           0.01276     0.04845            1.009      0.4863          0.1544          0.8718        0.3742   0.003667          0.7391
      0.4           12.46   4.188   20.72     0.0481    0.8691       0.3611     0.1044           0.02932      0.1176            1.019      0.4685          0.1433          0.9878         0.315   0.002667          0.9192
      0.6           12.48   4.189   20.73    0.04418    0.8817       0.5671       0.14           0.06735      0.2762            1.045       0.429          0.1198           1.258        0.2075   0.001333           1.931
      0.8            12.5   4.189   20.73    0.04001    0.8945       0.7764     0.1766            0.1065      0.4387            1.072      0.3812         0.09716           1.652        0.1157  0.0001667           4.958
        1           12.52   4.189   20.73    0.03652     0.907       0.9802     0.2099            0.1421      0.5887              1.1       0.344         0.08105           2.101         0.059          0            9.03
     1.25           12.54   4.188   20.72    0.03126    0.9224        1.235     0.2559            0.1913      0.7958            1.135        0.28         0.05138           2.983       0.02167          0           22.86
      1.5           12.57   4.188   20.73    0.02548    0.9394        1.503     0.3058            0.2446       1.018            1.173      0.2192        0.004619           4.295         0.004          0           71.24

=== 4h P5|B|10
 edge_pct  trades_per_30d  mean_N  mean_L  liq_share  tp_share  drift_H_pct  gross_pct  net_notional_pct  eq_ret_pct  30d_median_mult  30d_p_loss  30d_mdd_median  1y_median_mult  1y_p_below50  1y_p_ruin  IS_median_mult
        0           12.48   4.188   20.72    0.01982    0.8366      -0.0306    0.03796          -0.02646     -0.1128           0.9855      0.5305          0.1505          0.7058        0.4505      0.004          0.3002
    0.025           12.49   4.188   20.72    0.01974    0.8382    -0.005362    0.04205          -0.02225    -0.09544           0.9888      0.5242          0.1489          0.7223        0.4375   0.003833          0.3383
     0.05           12.49   4.188   20.72    0.01966    0.8395      0.01832    0.04577          -0.01842    -0.07962            0.991      0.5195          0.1476          0.7392        0.4235   0.003167          0.4219
    0.075           12.49   4.188   20.72    0.01944    0.8411      0.04519     0.0502          -0.01381    -0.06014           0.9926      0.5132           0.146          0.7648        0.4068      0.003          0.4492
      0.1           12.49   4.188   20.72    0.01928    0.8428       0.0657    0.05494         -0.008905     -0.0393           0.9958      0.5078          0.1436          0.7862        0.3862   0.002667          0.5263
     0.15           12.49   4.188   20.72    0.01894    0.8461       0.1211    0.06448         0.0009643     0.00117            1.001      0.4967          0.1409           0.837        0.3495      0.002          0.5283
      0.2           12.49   4.188   20.72    0.01871    0.8492       0.1732    0.07264          0.009394     0.03708            1.007      0.4855          0.1377          0.8893        0.3215   0.001833          0.5778
      0.3            12.5   4.188   20.72    0.01844    0.8557       0.2728    0.08879           0.02605      0.1067            1.015      0.4653          0.1339          0.9963        0.2622   0.001667          0.8661
      0.4           12.51   4.188   20.73    0.01813    0.8615       0.3622     0.1033           0.04106      0.1693            1.024      0.4475          0.1303           1.101        0.2183      0.001           1.199
      0.6           12.52   4.189   20.73    0.01751    0.8744       0.5679     0.1372           0.07598      0.3144            1.045      0.4068          0.1204           1.379        0.1307  0.0001667           2.517
      0.8           12.53   4.189   20.73    0.01629    0.8872       0.7771     0.1718            0.1118      0.4629            1.067       0.359          0.1066            1.76       0.06783          0           5.978
        1           12.55   4.189   20.73    0.01556    0.8993       0.9811     0.2022            0.1432      0.5942            1.088      0.3203         0.09811           2.167         0.033          0           11.67
     1.25           12.57   4.188   20.73    0.01438    0.9145        1.236     0.2434            0.1858      0.7715            1.121      0.2605         0.09404           2.887       0.01083          0           23.77
      1.5           12.59   4.189   20.73    0.01275    0.9311        1.504     0.2887            0.2327       0.966            1.153      0.2033         0.04353           3.982        0.0025          0            54.3

=== 4h P5|C|10
 edge_pct  trades_per_30d  mean_N  mean_L  liq_share  tp_share  drift_H_pct  gross_pct  net_notional_pct  eq_ret_pct  30d_median_mult  30d_p_loss  30d_mdd_median  1y_median_mult  1y_p_below50  1y_p_ruin  IS_median_mult
        0           12.58   4.187   20.72          0    0.8025     -0.02618    0.02444          -0.03259     -0.1375           0.9827      0.5445          0.1331          0.7155        0.3688  0.0001667          0.3754
    0.025           12.58   4.187   20.72          0     0.804    -0.001411    0.02788          -0.02907     -0.1229           0.9833      0.5383          0.1322          0.7315        0.3515          0           0.411
     0.05           12.58   4.187   20.72          0    0.8053      0.02208    0.03071          -0.02617     -0.1108           0.9838      0.5322          0.1296          0.7481          0.34          0           0.444
    0.075           12.58   4.187   20.72          0     0.807      0.04859    0.03451          -0.02227    -0.09422            0.988      0.5257          0.1254          0.7638        0.3265          0           0.509
      0.1           12.58   4.187   20.72          0    0.8086      0.06904    0.03799          -0.01871    -0.07878           0.9908       0.523          0.1221          0.7902         0.309          0          0.5459
     0.15           12.58   4.187   20.72          0    0.8119       0.1244    0.04579          -0.01073    -0.04589           0.9929      0.5127          0.1184          0.8272         0.277          0          0.5833
      0.2           12.58   4.187   20.72          0    0.8147        0.176    0.05207         -0.004304    -0.01799            0.998      0.5043          0.1175          0.8622        0.2453          0          0.6395
      0.3           12.59   4.187   20.72          0    0.8213       0.2754    0.06634           0.01034     0.04358            1.003      0.4803          0.1102          0.9469         0.191          0          0.9165
      0.4           12.59   4.188   20.72          0    0.8271       0.3644    0.07893           0.02326     0.09786            1.011      0.4597          0.1025           1.033        0.1522          0           1.074
      0.6            12.6   4.188   20.73          0    0.8393       0.5699     0.1058           0.05076      0.2133            1.028      0.4207         0.09768           1.234         0.085          0           2.018
      0.8           12.61   4.188   20.73          0     0.852        0.778      0.135           0.08074      0.3384            1.046      0.3687          0.0942           1.508        0.0425          0           3.485
        1           12.62   4.188   20.73          0    0.8631       0.9832     0.1589            0.1052      0.4421            1.058      0.3357           0.094           1.785       0.02083          0           5.464
     1.25           12.64   4.188   20.72          0    0.8772        1.239     0.1917            0.1388      0.5837            1.082      0.2813          0.0938           2.228      0.005833          0           9.963
      1.5           12.65   4.188   20.72          0    0.8934        1.508     0.2291            0.1771      0.7436            1.105      0.2265          0.0938           2.879      0.001167          0           24.01

=== 4h P5|B|100
 edge_pct  trades_per_30d  mean_N  mean_L  liq_share  tp_share  drift_H_pct  gross_pct  net_notional_pct  eq_ret_pct  30d_median_mult  30d_p_loss  30d_mdd_median  1y_median_mult  1y_p_below50  1y_p_ruin  IS_median_mult
        0           11.02   4.189   20.73    0.07247    0.1258     -0.02011  -0.001483           -0.1336     -0.5425           0.8886      0.6232          0.3033          0.2016        0.8858     0.3867         0.01175
    0.025           11.02    4.19   20.73    0.07188    0.1269     0.004505    0.01854           -0.1133      -0.459           0.8948       0.615          0.3001           0.226        0.8705     0.3562         0.01638
     0.05           11.02    4.19   20.73    0.07117    0.1282      0.02907    0.04084           -0.0906     -0.3668           0.9045      0.6058          0.2975          0.2556        0.8533     0.3255           0.022
    0.075           11.01    4.19   20.73    0.07038    0.1295      0.05617    0.06428          -0.06676     -0.2674           0.9145      0.5942          0.2927          0.2887        0.8347     0.2905         0.02679
      0.1           11.01    4.19   20.73       0.07    0.1305      0.07779    0.08432          -0.04652     -0.1837           0.9231      0.5862          0.2891          0.3251        0.8168     0.2627         0.04117
     0.15           11.01    4.19   20.73    0.06889     0.133       0.1335     0.1309         0.0006532    0.008629           0.9397      0.5652          0.2816          0.4219         0.765     0.2017         0.06851
      0.2           11.01    4.19   20.73     0.0678    0.1356       0.1826     0.1727           0.04304      0.1848           0.9579       0.545          0.2741          0.5418         0.716     0.1545           0.158
      0.3              11   4.189   20.73    0.06613    0.1395       0.2819     0.2536            0.1248       0.519           0.9977      0.5035          0.2608          0.8468        0.6033     0.0895          0.4212
      0.4              11   4.189   20.73    0.06414    0.1436       0.3707     0.3311            0.2034      0.8401            1.031      0.4667           0.246           1.276        0.4963    0.04717            2.08
      0.6           10.99   4.189   20.73    0.06016    0.1534       0.5766     0.5035            0.3779       1.558            1.111      0.3798          0.2234           3.277        0.2742     0.0075           36.18
      0.8           10.98   4.189   20.73    0.05562    0.1625       0.7846     0.6782            0.5549       2.284            1.198      0.2948          0.2016           8.743        0.1187      0.001           752.1
        1           10.97    4.19   20.73    0.05151    0.1714       0.9863     0.8477            0.7266       2.993            1.293      0.2265           0.201           22.84       0.04617  0.0003333       1.334e+04
     1.25           10.96   4.189   20.73    0.04672    0.1823        1.247      1.062            0.9432       3.879            1.426       0.154           0.181           76.63       0.01517          0       3.343e+05
      1.5           10.95   4.189   20.73    0.04094    0.1947        1.518      1.284             1.168       4.802            1.565        0.09          0.1541           255.7         0.006          0       1.398e+07

=== 4h P5c|A|10
 edge_pct  trades_per_30d  mean_N  mean_L  liq_share  tp_share  drift_H_pct  gross_pct  net_notional_pct  eq_ret_pct  30d_median_mult  30d_p_loss  30d_mdd_median  1y_median_mult  1y_p_below50  1y_p_ruin  IS_median_mult
        0           12.43   4.145   20.72    0.05546     0.844     -0.03131    0.03491          -0.04484     -0.1892           0.9741      0.5453          0.1966           0.597         0.555      0.018          0.2799
    0.025           12.43   4.194   20.72    0.05507    0.8455    -0.006013    0.03892          -0.04057     -0.1546           0.9812      0.5357          0.1874          0.6279        0.5338      0.016          0.3288
     0.05           12.43   4.236   20.72    0.05464    0.8469      0.01747    0.04289          -0.03634     -0.1197           0.9887      0.5252          0.1869          0.6624        0.5095     0.0135          0.3477
    0.075           12.43   4.287   20.72    0.05392    0.8485      0.04394     0.0478          -0.03102    -0.07728           0.9911      0.5137          0.1867          0.7138        0.4785     0.0115          0.4888
      0.1           12.44   4.338   20.72    0.05341    0.8501      0.06438     0.0525          -0.02601    -0.03676           0.9966      0.5043          0.1865          0.7546        0.4488   0.009667          0.5238
     0.15           12.44   4.431   20.72    0.05223    0.8536       0.1199     0.0631          -0.01469     0.04581            1.008      0.4845           0.181          0.8535        0.3942     0.0065          0.5806
      0.2           12.45   4.526   20.72    0.05119    0.8567       0.1719    0.07195         -0.005216      0.1208            1.016      0.4643          0.1709          0.9496        0.3465   0.004333          0.8448
      0.3           12.45   4.717   20.72    0.04965    0.8632       0.2713    0.08886           0.01276      0.2678            1.039      0.4325          0.1504           1.192        0.2675   0.001667           1.795
      0.4           12.46   4.903   20.72     0.0481    0.8691       0.3611     0.1044           0.02932      0.4108             1.06      0.3985          0.1384           1.486         0.202   0.001333           2.886
      0.6           12.48   5.279   20.73    0.04418    0.8817       0.5671       0.14           0.06735      0.7037            1.102      0.3307          0.1176           2.291        0.1095  0.0006667           11.31
      0.8            12.5   5.653   20.73    0.04001    0.8945       0.7764     0.1766            0.1065       1.009            1.155      0.2655          0.0953           3.705         0.059          0           47.17
        1           12.52   6.031   20.73    0.03652     0.907       0.9802     0.2099            0.1421       1.299            1.198      0.2185         0.08003           5.775       0.03583          0           128.3
     1.25           12.54   6.517   20.72    0.03126    0.9224        1.235     0.2559            0.1913       1.687            1.261       0.166         0.04996           10.58        0.0195          0           817.9
      1.5           12.57   6.997   20.73    0.02548    0.9394        1.503     0.3058            0.2446       2.096            1.328       0.123        0.006554           19.67         0.013          0            5668

=== 4h P5c|B|10
 edge_pct  trades_per_30d  mean_N  mean_L  liq_share  tp_share  drift_H_pct  gross_pct  net_notional_pct  eq_ret_pct  30d_median_mult  30d_p_loss  30d_mdd_median  1y_median_mult  1y_p_below50  1y_p_ruin  IS_median_mult
        0           12.48   4.145   20.72    0.01982    0.8366      -0.0306    0.03796          -0.02646     -0.1108           0.9868      0.5293          0.1497          0.7096        0.4465   0.003833          0.3021
    0.025           12.49   4.194   20.72    0.01974    0.8382    -0.005362    0.04205          -0.02225    -0.07738           0.9914      0.5177          0.1477          0.7402        0.4258     0.0035          0.3446
     0.05           12.49   4.237   20.72    0.01966    0.8395      0.01832    0.04577          -0.01842    -0.04466           0.9964      0.5085          0.1465          0.7788        0.3997     0.0025          0.4835
    0.075           12.49   4.287   20.72    0.01944    0.8411      0.04519     0.0502          -0.01381   -0.007333            1.001      0.4983          0.1438          0.8246        0.3713     0.0025          0.5328
      0.1           12.49   4.338   20.72    0.01928    0.8428       0.0657    0.05494         -0.008905     0.03151            1.006       0.487           0.142          0.8724        0.3437   0.002667          0.6694
     0.15           12.49   4.432   20.72    0.01894    0.8461       0.1211    0.06448         0.0009643      0.1034            1.014       0.466          0.1395          0.9671        0.2917   0.002167          0.8599
      0.2           12.49   4.526   20.72    0.01871    0.8492       0.1732    0.07264          0.009394      0.1717            1.024       0.445          0.1366           1.068        0.2548     0.0015           1.117
      0.3            12.5   4.717   20.72    0.01844    0.8557       0.2728    0.08879           0.02605      0.3105            1.042      0.4133           0.132           1.329        0.1883      0.001           2.192
      0.4           12.51   4.903   20.73    0.01813    0.8615       0.3622     0.1033           0.04106      0.4435            1.059      0.3807           0.129           1.626        0.1412  0.0006667           4.114
      0.6           12.52   5.279   20.73    0.01751    0.8744       0.5679     0.1372           0.07598      0.7154            1.102      0.3215          0.1205            2.43       0.07917  0.0001667           12.48
      0.8           12.53   5.654   20.73    0.01629    0.8872       0.7771     0.1718            0.1118      0.9976            1.147      0.2582           0.108            3.76       0.04317          0           58.02
        1           12.55   6.032   20.73    0.01556    0.8993       0.9811     0.2022            0.1432       1.259            1.185      0.2138          0.1001           5.605       0.02583          0           151.4
     1.25           12.57   6.519   20.73    0.01438    0.9145        1.236     0.2434            0.1858       1.605             1.24      0.1655         0.08928           9.365        0.0185          0           632.4
      1.5           12.59   6.998   20.73    0.01275    0.9311        1.504     0.2887            0.2327       1.974            1.302      0.1313         0.04302           16.46         0.011          0            3562

=== 4h P5c|C|10
 edge_pct  trades_per_30d  mean_N  mean_L  liq_share  tp_share  drift_H_pct  gross_pct  net_notional_pct  eq_ret_pct  30d_median_mult  30d_p_loss  30d_mdd_median  1y_median_mult  1y_p_below50  1y_p_ruin  IS_median_mult
        0           12.58   4.144   20.72          0    0.8025     -0.02618    0.02444          -0.03259     -0.1354           0.9826       0.544          0.1324          0.7193         0.365  0.0001667          0.3777
    0.025           12.58   4.193   20.72          0     0.804    -0.001411    0.02788          -0.02907     -0.1067           0.9835      0.5338          0.1309          0.7512        0.3378          0          0.4517
     0.05           12.58   4.235   20.72          0    0.8053      0.02208    0.03071          -0.02617    -0.08184           0.9894       0.525          0.1267          0.7774         0.317  0.0001667          0.5299
    0.075           12.58   4.286   20.72          0     0.807      0.04859    0.03451          -0.02227    -0.04894           0.9923      0.5128          0.1242          0.8167        0.2922          0          0.6201
      0.1           12.58   4.337   20.72          0    0.8086      0.06904    0.03799          -0.01871    -0.02047           0.9973      0.5072          0.1208          0.8572        0.2735          0          0.7036
     0.15           12.58   4.431   20.72          0    0.8119       0.1244    0.04579          -0.01073     0.03581            1.001      0.4885          0.1183          0.9228        0.2307  0.0003333           0.917
      0.2           12.58   4.525   20.72          0    0.8147        0.176    0.05207         -0.004304     0.08847            1.009       0.473          0.1178          0.9939        0.2028  0.0001667          0.9812
      0.3           12.59   4.717   20.72          0    0.8213       0.2754    0.06634           0.01034      0.2038            1.026       0.437          0.1126            1.18        0.1482  0.0001667           1.632
      0.4           12.59   4.902   20.72          0    0.8271       0.3644    0.07893           0.02326      0.3135             1.04      0.3997          0.1053           1.403        0.1097  0.0001667           2.443
      0.6            12.6   5.278   20.73          0    0.8393       0.5699     0.1058           0.05076       0.528            1.066      0.3503          0.1013           1.901         0.064          0           6.646
      0.8           12.61   5.653   20.73          0     0.852        0.778      0.135           0.08074      0.7567              1.1      0.2948          0.0942           2.696       0.03517          0           18.81
        1           12.62   6.032   20.73          0    0.8631       0.9832     0.1589            0.1052      0.9595            1.129      0.2607          0.0942           3.634       0.02417          0           38.85
     1.25           12.64    6.52   20.72          0    0.8772        1.239     0.1917            0.1388       1.221            1.172      0.2247           0.094           5.329        0.0165          0           136.3
      1.5           12.65   6.998   20.72          0    0.8934        1.508     0.2291            0.1771        1.52            1.218       0.183           0.094           8.381       0.01083          0           546.7

=== 4h P6|B|none
 edge_pct  trades_per_30d  mean_N  mean_L  liq_share  tp_share  drift_H_pct  gross_pct  net_notional_pct  eq_ret_pct  30d_median_mult  30d_p_loss  30d_mdd_median  1y_median_mult  1y_p_below50  1y_p_ruin  IS_median_mult
        0           10.87  0.3082   9.407          0         0      -0.0266   -0.04281           -0.1512    -0.03676           0.9943      0.5925         0.02176          0.9457             0          0           0.873
    0.025           10.87  0.3082   9.407          0         0    -0.002976    -0.0199           -0.1283      -0.031           0.9948      0.5823          0.0215          0.9533             0          0          0.8864
     0.05           10.87  0.3082   9.406          0         0      0.01945   0.001339           -0.1071    -0.02507           0.9955      0.5733         0.02116          0.9607             0          0          0.9064
    0.075           10.86  0.3082   9.407          0         0      0.04677    0.02684          -0.08163    -0.01839           0.9962       0.562         0.02085          0.9693             0          0          0.9386
      0.1           10.86  0.3082   9.407          0         0        0.069    0.04723          -0.06126     -0.0123           0.9968      0.5517         0.02053          0.9775             0          0          0.9615
     0.15           10.86  0.3082   9.408          0         0       0.1246    0.09836          -0.01016     0.00119           0.9982      0.5295            0.02          0.9948             0          0           1.007
      0.2           10.85  0.3082   9.407          0         0       0.1746     0.1449           0.03633     0.01404           0.9998      0.5025         0.01995           1.011             0          0           1.049
      0.3           10.85  0.3082   9.408          0         0       0.2728     0.2357            0.1271     0.03847            1.002        0.46         0.01881           1.046             0          0            1.14
      0.4           10.84  0.3082   9.408          0         0       0.3625     0.3203            0.2116     0.06082            1.005      0.4183         0.01758           1.078             0          0           1.244
      0.6           10.82  0.3083   9.408          0         0       0.5684     0.5112            0.4024      0.1123            1.011      0.3348         0.01518           1.152             0          0           1.477
      0.8            10.8  0.3083   9.408          0         0       0.7761     0.7066            0.5977      0.1646            1.016      0.2502          0.0128           1.233             0          0           1.825
        1           10.79  0.3084   9.408          0         0       0.9774     0.8928            0.7839       0.216            1.022      0.1877         0.01081           1.319             0          0           2.223
     1.25           10.77  0.3084   9.408          0         0        1.237      1.133             1.024      0.2805            1.028      0.1212         0.01006           1.435             0          0           2.895
      1.5           10.75  0.3084   9.408          0         0        1.511      1.382             1.273      0.3475            1.035     0.06433         0.01003           1.563             0          0           3.751

=== 4h P6h|B|none
 edge_pct  trades_per_30d  mean_N  mean_L  liq_share  tp_share  drift_H_pct  gross_pct  net_notional_pct  eq_ret_pct  30d_median_mult  30d_p_loss  30d_mdd_median  1y_median_mult  1y_p_below50  1y_p_ruin  IS_median_mult
        0           10.87  0.1541   9.407          0         0      -0.0266   -0.04281           -0.1512    -0.01838           0.9972      0.5907         0.01091          0.9734             0          0          0.9369
    0.025           10.87  0.1541   9.407          0         0    -0.002976    -0.0199           -0.1283     -0.0155           0.9975      0.5803         0.01077          0.9773             0          0           0.944
     0.05           10.87  0.1541   9.406          0         0      0.01945   0.001339           -0.1071    -0.01254           0.9978       0.571         0.01061          0.9811             0          0          0.9546
    0.075           10.86  0.1541   9.407          0         0      0.04677    0.02684          -0.08163   -0.009194           0.9982      0.5597         0.01045          0.9856             0          0          0.9719
      0.1           10.86  0.1541   9.407          0         0        0.069    0.04723          -0.06126   -0.006149           0.9984      0.5495         0.01029          0.9896             0          0          0.9834
     0.15           10.86  0.1541   9.408          0         0       0.1246    0.09836          -0.01016   0.0005951           0.9992      0.5277         0.01002          0.9984             0          0           1.006
      0.2           10.85  0.1541   9.407          0         0       0.1746     0.1449           0.03633     0.00702                1      0.5005            0.01           1.007             0          0           1.027
      0.3           10.85  0.1541   9.408          0         0       0.2728     0.2357            0.1271     0.01923            1.001      0.4583        0.009416           1.024             0          0           1.071
      0.4           10.84  0.1541   9.408          0         0       0.3625     0.3203            0.2116     0.03041            1.003      0.4167        0.008804           1.039             0          0           1.119
      0.6           10.82  0.1541   9.408          0         0       0.5684     0.5112            0.4024     0.05614            1.005       0.333        0.007597           1.074             0          0           1.219
      0.8            10.8  0.1541   9.408          0         0       0.7761     0.7066            0.5977     0.08228            1.008       0.248        0.006405           1.111             0          0           1.355
        1           10.79  0.1542   9.408          0         0       0.9774     0.8928            0.7839       0.108            1.011      0.1868        0.005406            1.15             0          0           1.496
     1.25           10.77  0.1542   9.408          0         0        1.237      1.133             1.024      0.1402            1.014      0.1208        0.005028           1.199             0          0           1.707
      1.5           10.75  0.1542   9.408          0         0        1.511      1.382             1.273      0.1737            1.017     0.06417        0.005014           1.252             0          0           1.943

=== 4h P6|B|10
 edge_pct  trades_per_30d  mean_N  mean_L  liq_share  tp_share  drift_H_pct  gross_pct  net_notional_pct  eq_ret_pct  30d_median_mult  30d_p_loss  30d_mdd_median  1y_median_mult  1y_p_below50  1y_p_ruin  IS_median_mult
        0            11.9  0.3065   9.396          0    0.6535     -0.02511     0.0409          -0.02751    -0.01604           0.9986      0.5312         0.01502          0.9766             0          0          0.9288
    0.025           11.91  0.3065   9.396          0    0.6564    -0.001951    0.05107          -0.01718     -0.0131            0.999       0.522         0.01468          0.9812             0          0          0.9475
     0.05           11.91  0.3065   9.396          0     0.659      0.02135    0.06037         -0.007727    -0.01023           0.9993      0.5157         0.01451          0.9851             0          0          0.9568
    0.075           11.91  0.3065   9.395          0    0.6621      0.04916    0.07077           0.00284   -0.007018           0.9996      0.5078          0.0143          0.9892             0          0          0.9783
      0.1           11.92  0.3064   9.395          0    0.6647      0.07021    0.08039           0.01261   -0.003902                1      0.5005         0.01413          0.9944             0          0          0.9872
     0.15           11.92  0.3064   9.395          0    0.6704       0.1258     0.1008           0.03331    0.002043            1.001      0.4828         0.01368           1.003             0          0           1.014
      0.2           11.93  0.3064   9.396          0     0.676       0.1783     0.1213           0.05419    0.008613            1.001      0.4608         0.01324           1.012             0          0           1.043
      0.3           11.94  0.3064   9.396          0     0.687       0.2759     0.1598           0.09324     0.02029            1.003       0.431         0.01247            1.03             0          0           1.086
      0.4           11.95  0.3064   9.396          0    0.6976       0.3642     0.1955            0.1295     0.03122            1.004      0.3977          0.0118           1.046             0          0           1.146
      0.6           11.97  0.3064   9.396          0    0.7202       0.5714     0.2781            0.2134     0.05614            1.007      0.3262         0.01026           1.085             0          0           1.258
      0.8           11.99  0.3063   9.395          0    0.7441       0.7816     0.3633            0.2999     0.08184             1.01      0.2507         0.01006           1.126             0          0           1.428
        1           12.01  0.3064   9.396          0    0.7666       0.9825     0.4415            0.3794      0.1062            1.013      0.1963         0.01004           1.167             0          0           1.571
     1.25           12.05  0.3062   9.396          0    0.7945        1.239     0.5409            0.4805      0.1359            1.017      0.1332         0.01002            1.22             0          0           1.766
      1.5           12.09  0.3063   9.396          0    0.8233         1.51     0.6484            0.5896      0.1676            1.021     0.07633         0.01001           1.278             0          0           2.031
