
=== 15m P0|A|10
 edge_pct  trades_per_30d  mean_N  mean_L  liq_share  tp_share  drift_H_pct  gross_pct  net_notional_pct  eq_ret_pct  30d_median_mult  30d_p_loss  30d_mdd_median  1y_median_mult  1y_p_below50  1y_p_ruin  IS_median_mult
        0           79.32       1       1          0   0.00422      0.00222   0.009637           -0.1351     -0.1351           0.8899      0.7765          0.1805          0.2334          0.95    0.08183         0.01546
    0.025           79.32       1       1          0  0.004273      0.02718    0.03459           -0.1102     -0.1102           0.9082      0.7405          0.1699          0.2955        0.8928      0.035         0.03012
     0.05           79.33       1       1          0  0.004326      0.05194    0.05946          -0.08532    -0.08532           0.9264      0.6933           0.161          0.3784        0.7957     0.0125          0.0594
    0.075           79.33       1       1          0  0.004468      0.07855    0.08635          -0.05841    -0.05841           0.9448      0.6465          0.1514          0.4882        0.6465   0.004167          0.1185
      0.1           79.33       1       1          0  0.004581       0.1041     0.1121          -0.03268    -0.03268           0.9641      0.5985          0.1439          0.6269        0.4875   0.001167          0.2484
     0.15           79.33       1       1          0  0.004746       0.1532     0.1611           0.01636     0.01636            1.001      0.4958          0.1283           1.006        0.2087  0.0003333           1.035
      0.2           79.34       1       1          0  0.004929       0.2035     0.2114            0.0667      0.0667             1.04      0.4005          0.1166           1.647        0.0555          0           4.028
      0.3           79.34       1       1          0  0.005343       0.3025      0.311            0.1663      0.1663            1.123      0.2225         0.09437           4.237      0.001333          0           74.85
      0.4           79.35       1       1          0   0.00565       0.4048     0.4131            0.2684      0.2684            1.209      0.1022         0.07879           11.41             0          0            1465
      0.6           79.36       1       1          0  0.006384       0.6067     0.6157             0.471       0.471            1.411     0.01083         0.05348           80.25             0          0       4.376e+05

=== 15m P0|B|10
 edge_pct  trades_per_30d  mean_N  mean_L  liq_share  tp_share  drift_H_pct  gross_pct  net_notional_pct  eq_ret_pct  30d_median_mult  30d_p_loss  30d_mdd_median  1y_median_mult  1y_p_below50  1y_p_ruin  IS_median_mult
        0           91.08       1       1          0  0.003722     0.005874   -0.00884           -0.1522     -0.1522           0.8637      0.8598          0.1857          0.1625        0.9955     0.1612        0.005734
    0.025           90.91       1       1          0   0.00377      0.03104   0.008947           -0.1344     -0.1344           0.8779      0.8335          0.1761          0.1984        0.9843    0.07917        0.009847
     0.05           90.75       1       1          0  0.003833      0.05559    0.02577           -0.1176     -0.1176           0.8921      0.8075          0.1673          0.2401        0.9613    0.03483         0.01803
    0.075           90.59       1       1          0  0.003928      0.08178    0.04385          -0.09953    -0.09953           0.9051       0.774          0.1596          0.2938        0.9137    0.01133         0.02746
      0.1           90.41       1       1          0   0.00404       0.1078    0.06219           -0.0812     -0.0812           0.9207      0.7337           0.151          0.3603         0.829     0.0035         0.05413
     0.15            90.1       1       1          0  0.004163       0.1571    0.09652           -0.0469     -0.0469           0.9479      0.6635          0.1368          0.5239         0.581          0          0.1695
      0.2            89.8       1       1          0  0.004334       0.2074     0.1319          -0.01157    -0.01157           0.9766      0.5702          0.1243          0.7731         0.278          0          0.5024
      0.3            89.2       1       1          0  0.004684       0.3079     0.2023           0.05882     0.05882            1.036      0.3925          0.1026           1.653       0.01733          0           4.581
      0.4           88.58       1       1          0  0.004971       0.4102     0.2727            0.1291      0.1291              1.1      0.2293         0.08549           3.507             0          0           42.71
      0.6           87.39       1       1          0  0.005587       0.6138     0.4155            0.2718      0.2718            1.237     0.05083         0.06019           15.66             0          0            3754

=== 15m P1|B|10
 edge_pct  trades_per_30d  mean_N  mean_L  liq_share  tp_share  drift_H_pct  gross_pct  net_notional_pct  eq_ret_pct  30d_median_mult  30d_p_loss  30d_mdd_median  1y_median_mult  1y_p_below50  1y_p_ruin  IS_median_mult
        0           94.88    1.25       5          0    0.1635     0.005984  -0.002217           -0.1372     -0.1715           0.8424       0.885           0.207          0.1212        0.9997     0.3893        0.002296
    0.025           94.78    1.25       5          0    0.1663      0.03109    0.01352           -0.1213     -0.1516           0.8596      0.8573          0.1964          0.1525        0.9962     0.2273        0.004419
     0.05           94.67    1.25       5          0    0.1692      0.05628    0.02879           -0.1059     -0.1324           0.8737      0.8252          0.1866          0.1907        0.9845     0.1152        0.008991
    0.075           94.56    1.25       5          0     0.172       0.0828    0.04447          -0.09009     -0.1126           0.8896       0.788          0.1771          0.2392        0.9577    0.04817         0.01545
      0.1           94.43    1.25       5          0     0.175       0.1092    0.06065          -0.07378    -0.09222           0.9075      0.7477          0.1684          0.3028        0.8998    0.01367         0.03369
     0.15           94.22    1.25       5          0    0.1804       0.1588     0.0913          -0.04288     -0.0536           0.9414       0.667          0.1514          0.4691        0.6608   0.001333          0.1132
      0.2           94.01    1.25       5          0     0.186       0.2095     0.1222          -0.01171    -0.01464           0.9751      0.5707          0.1362          0.7374        0.3323          0          0.3767
      0.3           93.62    1.25       5          0    0.1974       0.3121     0.1846           0.05118     0.06397            1.046       0.374          0.1131           1.805          0.02          0           5.811
      0.4           93.19    1.25       5          0    0.2093       0.4181     0.2487            0.1158      0.1448            1.126      0.2028         0.09438           4.507     0.0003333          0           83.16
      0.6            92.4    1.25       5          0    0.2324       0.6232     0.3741            0.2423      0.3029            1.297     0.03533         0.06707           26.17             0          0       1.317e+04

=== 15m P2|B|10
 edge_pct  trades_per_30d  mean_N  mean_L  liq_share  tp_share  drift_H_pct  gross_pct  net_notional_pct  eq_ret_pct  30d_median_mult  30d_p_loss  30d_mdd_median  1y_median_mult  1y_p_below50  1y_p_ruin  IS_median_mult
        0             102     2.5      10  1.841e-05    0.3714     0.006369   0.001841           -0.1221     -0.3052            0.714      0.9162          0.3488         0.01585             1     0.9903       5.786e-06
    0.025             102     2.5      10  1.842e-05    0.3761      0.03205    0.01297           -0.1107     -0.2768           0.7357      0.8988          0.3335         0.02252             1     0.9725       1.553e-05
     0.05           101.9     2.5      10  1.842e-05    0.3809      0.05759    0.02382          -0.09962     -0.2491           0.7564      0.8763           0.318         0.03221             1     0.9298       3.888e-05
    0.075           101.9     2.5      10  1.843e-05    0.3858      0.08463    0.03515          -0.08804     -0.2201           0.7801      0.8538          0.3048         0.04589        0.9998     0.8628       0.0001277
      0.1           101.9     2.5      10  1.843e-05     0.391        0.111    0.04695          -0.07599       -0.19           0.8012       0.826          0.2919         0.06719         0.997     0.7367       0.0004086
     0.15           101.8     2.5      10  1.845e-05    0.4009       0.1607    0.06983          -0.05262     -0.1315           0.8507      0.7537          0.2651          0.1373        0.9717      0.412        0.003841
      0.2           101.7     2.5      10  1.846e-05    0.4105       0.2118    0.09207          -0.02991    -0.07477           0.9052      0.6725          0.2406          0.2787        0.8655     0.1383         0.02698
      0.3           101.6     2.5      10  1.849e-05    0.4298       0.3156     0.1372           0.01614     0.04034            1.013      0.4767          0.1999           1.157        0.3313   0.003167           1.858
      0.4           101.4     2.5      10  1.851e-05    0.4495       0.4215      0.183           0.06297      0.1574            1.136      0.2787          0.1664           5.019       0.02967          0           100.5
      0.6           101.2     2.5      10  1.856e-05    0.4889       0.6274     0.2737            0.1556       0.389            1.437     0.05733          0.1223           87.77     0.0001667          0       4.321e+05

=== 15m P2|C|10
 edge_pct  trades_per_30d  mean_N  mean_L  liq_share  tp_share  drift_H_pct  gross_pct  net_notional_pct  eq_ret_pct  30d_median_mult  30d_p_loss  30d_mdd_median  1y_median_mult  1y_p_below50  1y_p_ruin  IS_median_mult
        0            89.8     2.5      10          0    0.4262     0.003377    0.01464           -0.1077     -0.2693           0.7632      0.8267          0.3481         0.02989        0.9983      0.906       4.318e-05
    0.025           89.92     2.5      10          0    0.4318      0.02883    0.03176          -0.09031     -0.2258           0.7919       0.796          0.3323         0.04789        0.9955     0.8193       0.0001737
     0.05           90.03     2.5      10          0    0.4375      0.05515      0.049          -0.07277     -0.1819           0.8246      0.7535          0.3164         0.07811        0.9848     0.6698       0.0006589
    0.075           90.16     2.5      10          0    0.4433      0.08294    0.06663          -0.05484     -0.1371           0.8573      0.7048          0.3015          0.1284        0.9587     0.4888        0.003268
      0.1           90.32     2.5      10          0    0.4492       0.1093    0.08419          -0.03697    -0.09241           0.8924      0.6568           0.288          0.2089        0.9028     0.3183         0.01562
     0.15           90.57     2.5      10          0    0.4608       0.1595     0.1187         -0.001843   -0.004606            0.968      0.5482          0.2593          0.5552        0.6923     0.0775          0.2122
      0.2            90.8     2.5      10          0    0.4718       0.2099     0.1518           0.03179     0.07949            1.043      0.4397          0.2349           1.434        0.3788    0.01083           3.437
      0.3           91.26     2.5      10          0    0.4943        0.314     0.2198             0.101      0.2525            1.219      0.2378           0.197            10.1        0.0445          0           926.6
      0.4           91.73     2.5      10          0     0.517       0.4195     0.2886             0.171      0.4276            1.424      0.1017          0.1671           74.27         0.004          0       2.512e+05
      0.6           92.76     2.5      10          0    0.5625       0.6258     0.4258            0.3106      0.7765            1.979    0.006667           0.124            4224             0          0       4.066e+10

=== 15m P3|A|10
 edge_pct  trades_per_30d  mean_N  mean_L  liq_share  tp_share  drift_H_pct  gross_pct  net_notional_pct  eq_ret_pct  30d_median_mult  30d_p_loss  30d_mdd_median  1y_median_mult  1y_p_below50  1y_p_ruin  IS_median_mult
        0           100.8       4      20    0.01986    0.6667     0.003924    0.01382            -0.104     -0.4159           0.6185       0.884          0.4856         0.00191             1     0.9975       1.363e-08
    0.025             101       4      20    0.01948    0.6724      0.02899     0.0243          -0.09302     -0.3721           0.6461      0.8655          0.4687        0.003297        0.9998     0.9918       5.809e-08
     0.05           101.1       4      20    0.01903    0.6779      0.05541    0.03495          -0.08189     -0.3275           0.6783       0.837          0.4511        0.005813        0.9997     0.9805       3.021e-07
    0.075           101.3       4      20    0.01867    0.6834      0.08262    0.04531          -0.07108     -0.2843            0.707      0.8053          0.4342         0.01003        0.9992     0.9568        1.73e-06
      0.1           101.5       4      20    0.01828    0.6891       0.1089    0.05591          -0.06001       -0.24            0.738      0.7715          0.4198         0.01749        0.9975     0.9163       1.001e-05
     0.15           101.9       4      20    0.01754    0.7006       0.1589    0.07681          -0.03818     -0.1527           0.8092      0.7043          0.3886         0.05294         0.981     0.7552       0.0002883
      0.2           102.3       4      20    0.01674    0.7113       0.2092     0.0971          -0.01698    -0.06792           0.8831      0.6245          0.3581          0.1601         0.916     0.4812        0.005149
      0.3             103       4      20    0.01522    0.7332       0.3114     0.1372           0.02488     0.09953            1.052      0.4497          0.3078           1.401        0.5293     0.0665           2.425
      0.4           103.7       4      20    0.01347    0.7553       0.4168     0.1793           0.06898      0.2759            1.266      0.2688          0.2666           14.06        0.1407   0.002833            1609
      0.6           105.2       4      20    0.01019    0.7999       0.6237      0.263            0.1564      0.6257            1.851     0.04983           0.203            1567      0.006833          0       2.146e+09

=== 15m P3|B|10
 edge_pct  trades_per_30d  mean_N  mean_L  liq_share  tp_share  drift_H_pct  gross_pct  net_notional_pct  eq_ret_pct  30d_median_mult  30d_p_loss  30d_mdd_median  1y_median_mult  1y_p_below50  1y_p_ruin  IS_median_mult
        0           112.5       4      20  0.0004883    0.5861     0.005106   0.002525             -0.11     -0.4401           0.5878      0.9658           0.464         0.00138             1          1       5.483e-09
    0.025           112.5       4      20  0.0004799    0.5908      0.03066   0.008848           -0.1035     -0.4138           0.6049       0.955          0.4509        0.002007             1          1       1.488e-08
     0.05           112.5       4      20  0.0004672    0.5955      0.05645    0.01514          -0.09693     -0.3877           0.6243      0.9425          0.4382        0.002872             1          1       4.808e-08
    0.075           112.6       4      20  0.0004671    0.6001      0.08301     0.0214          -0.09043     -0.3617           0.6421      0.9323          0.4245        0.004107             1     0.9997       1.195e-07
      0.1           112.6       4      20   0.000467     0.605       0.1091    0.02822          -0.08336     -0.3334           0.6633      0.9188          0.4117        0.006066             1     0.9988       3.607e-07
     0.15           112.7       4      20  0.0004626    0.6148       0.1589     0.0413          -0.06979     -0.2792           0.7043      0.8835          0.3833         0.01279             1     0.9868       3.321e-06
      0.2           112.7       4      20  0.0004624    0.6241       0.2096    0.05406          -0.05656     -0.2262           0.7494      0.8372          0.3555         0.02668        0.9993     0.9307       2.709e-05
      0.3           112.8       4      20   0.000437    0.6428       0.3125    0.07932          -0.03035     -0.1214           0.8456      0.7293          0.3051          0.1135        0.9743       0.53        0.001655
      0.4           112.9       4      20  0.0004241    0.6622       0.4177     0.1057          -0.00302    -0.01208           0.9539      0.5688          0.2592          0.5196         0.697    0.08483          0.1361
      0.6           113.1       4      20  0.0003652    0.7002        0.623     0.1574           0.05065      0.2026            1.222      0.2315          0.1886           10.56       0.03267          0            1015

=== 15m P3|C|10
 edge_pct  trades_per_30d  mean_N  mean_L  liq_share  tp_share  drift_H_pct  gross_pct  net_notional_pct  eq_ret_pct  30d_median_mult  30d_p_loss  30d_mdd_median  1y_median_mult  1y_p_below50  1y_p_ruin  IS_median_mult
        0           102.9       4      20          0    0.6562     0.004642   0.006341           -0.1032      -0.413           0.6233      0.9083          0.4631        0.002459             1     0.9993       4.152e-08
    0.025             103       4      20          0    0.6618         0.03     0.0162           -0.0931     -0.3724           0.6471       0.886          0.4471        0.004102             1     0.9962       1.698e-07
     0.05           103.2       4      20          0    0.6671      0.05631    0.02584          -0.08317     -0.3327           0.6745      0.8593          0.4304        0.006839             1     0.9878       7.274e-07
    0.075           103.3       4      20          0    0.6725      0.08366    0.03561          -0.07313     -0.2925            0.703      0.8297          0.4141         0.01143        0.9997     0.9717       3.354e-06
      0.1           103.5       4      20          0    0.6781         0.11    0.04559          -0.06285     -0.2514           0.7324      0.8003          0.3965         0.01905        0.9985     0.9335       1.438e-05
     0.15           103.8       4      20          0    0.6894       0.1599    0.06508          -0.04278     -0.1711           0.7974        0.74          0.3643         0.05327        0.9882     0.7707       0.0002376
      0.2           104.1       4      20          0       0.7       0.2104    0.08391          -0.02338    -0.09353           0.8665      0.6602          0.3335          0.1458        0.9368     0.4737        0.005137
      0.3           104.7       4      20          0    0.7215       0.3128     0.1217           0.01551     0.06203            1.019      0.4788          0.2819           1.107        0.5308    0.04667            2.11
      0.4           105.3       4      20          0    0.7435       0.4181     0.1613           0.05631      0.2253            1.219      0.2828          0.2383           9.521         0.105  0.0008333           928.8
      0.6           106.5       4      20          0    0.7876       0.6256     0.2397            0.1369      0.5478            1.734     0.04233           0.171           716.3         0.003          0       2.765e+08

=== 15m P3|B|30
 edge_pct  trades_per_30d  mean_N  mean_L  liq_share  tp_share  drift_H_pct  gross_pct  net_notional_pct  eq_ret_pct  30d_median_mult  30d_p_loss  30d_mdd_median  1y_median_mult  1y_p_below50  1y_p_ruin  IS_median_mult
        0           97.37       4      20   0.000892    0.2431     0.007083 -0.0005844           -0.1317     -0.5268           0.5522      0.9182          0.5313       0.0006209             1          1       4.069e-10
    0.025            97.3       4      20  0.0008734    0.2471      0.03247    0.01364           -0.1173     -0.4692           0.5845      0.8947          0.5113        0.001243             1      0.999       3.783e-09
     0.05           97.21       4      20  0.0008645    0.2507       0.0575      0.027           -0.1038      -0.415            0.617       0.873          0.4929        0.002367             1     0.9967        2.95e-08
    0.075           97.14       4      20  0.0008651    0.2546      0.08433    0.04118          -0.08938     -0.3575           0.6523      0.8422          0.4742        0.004657             1     0.9897       1.886e-07
      0.1           97.04       4      20  0.0008563    0.2588       0.1108    0.05611          -0.07424      -0.297           0.6894      0.8052           0.453        0.009741         0.999     0.9672       1.293e-06
     0.15           96.89       4      20  0.0008577    0.2664       0.1606    0.08428          -0.04571     -0.1828           0.7673      0.7325          0.4169         0.03622        0.9878     0.8248       5.701e-05
      0.2           96.74       4      20  0.0008541    0.2739        0.211      0.112          -0.01766    -0.07065           0.8536      0.6402          0.3807          0.1387        0.9298     0.5298        0.002537
      0.3           96.45       4      20  0.0008177    0.2893       0.3135     0.1684           0.03951       0.158            1.065       0.437          0.3207           2.054         0.495    0.04867           7.182
      0.4           96.13       4      20  0.0008059    0.3052       0.4192     0.2261           0.09802      0.3921            1.332      0.2563          0.2713           32.09         0.113      0.001        1.71e+04
      0.6           95.52       4      20  0.0006881    0.3364        0.626     0.3393            0.2128       0.851            2.042     0.05067          0.1995            6596      0.003833          0       1.632e+11

=== 15m P3|B|100
 edge_pct  trades_per_30d  mean_N  mean_L  liq_share  tp_share  drift_H_pct  gross_pct  net_notional_pct  eq_ret_pct  30d_median_mult  30d_p_loss  30d_mdd_median  1y_median_mult  1y_p_below50  1y_p_ruin  IS_median_mult
        0           91.52       4      20   0.001406   0.02536      0.00621  -0.006385           -0.1492     -0.5968           0.5115      0.9032          0.5793        0.000245             1          1       3.196e-11
    0.025           91.36       4      20   0.001398    0.0258      0.03141    0.01147           -0.1313     -0.5254           0.5455      0.8808           0.558       0.0005378             1     0.9998       4.299e-10
     0.05           91.21       4      20   0.001395   0.02625      0.05619    0.02806           -0.1147      -0.459           0.5826      0.8557          0.5395        0.001141             1     0.9975       4.036e-09
    0.075           91.06       4      20   0.001392   0.02674      0.08214     0.0455          -0.09729     -0.3892           0.6186      0.8298          0.5205        0.002499        0.9997     0.9905        2.71e-08
      0.1           90.88       4      20   0.001379   0.02723       0.1082    0.06325          -0.07953     -0.3181           0.6618       0.797          0.4999         0.00548        0.9985     0.9712       3.236e-07
     0.15           90.58       4      20   0.001384   0.02814       0.1579    0.09735          -0.04543     -0.1817           0.7448      0.7237          0.4623         0.02434        0.9875     0.8673       2.628e-05
      0.2           90.29       4      20   0.001368    0.0291       0.2084     0.1324          -0.01037    -0.04148           0.8423      0.6333          0.4272          0.1152        0.9343     0.5993        0.002589
      0.3           89.71       4      20   0.001303   0.03097       0.3092     0.2017           0.05905      0.2362            1.058      0.4578          0.3641           2.288        0.5568    0.09383           18.96
      0.4           89.12       4      20   0.001291   0.03309       0.4125     0.2719            0.1292      0.5169            1.352      0.2722          0.3114           46.13        0.1678   0.002833       1.205e+05
      0.6           87.98       4      20   0.001094   0.03721       0.6175     0.4141            0.2716       1.086            2.161     0.05933          0.2253       1.742e+04      0.008833          0        2.93e+12

=== 15m P4|A|10
 edge_pct  trades_per_30d  mean_N  mean_L  liq_share  tp_share  drift_H_pct  gross_pct  net_notional_pct  eq_ret_pct  30d_median_mult  30d_p_loss  30d_mdd_median  1y_median_mult  1y_p_below50  1y_p_ruin  IS_median_mult
        0           119.8      20      50    0.09361    0.8389     0.004885  -0.001979           -0.1414      -2.829         0.009641      0.9993          0.9925       2.747e-26             1          1       1.732e-75
    0.025           119.9      20      50    0.09203    0.8418      0.02941   0.001668            -0.137      -2.739          0.01091       0.999          0.9915       1.314e-25             1          1       2.681e-73
     0.05             120      20      50    0.09047    0.8448      0.05517   0.005363           -0.1324      -2.649          0.01236      0.9987          0.9904       6.448e-25             1          1       1.791e-71
    0.075           120.1      20      50      0.089    0.8477       0.0816   0.008907           -0.1281      -2.562          0.01397      0.9985          0.9892       2.919e-24             1          1       8.963e-70
      0.1           120.3      20      50    0.08735    0.8509       0.1072    0.01278           -0.1234      -2.467          0.01614      0.9973          0.9878        1.46e-23             1          1       2.075e-68
     0.15           120.5      20      50    0.08426    0.8571       0.1571     0.0203           -0.1142      -2.284          0.02102      0.9948          0.9846       3.349e-22             1          1       8.691e-64
      0.2           120.7      20      50    0.08133    0.8629       0.2076    0.02722           -0.1057      -2.114          0.02683      0.9935          0.9805       6.394e-21             1          1       1.038e-59
      0.3           121.1      20      50    0.07534    0.8747       0.3093    0.04154          -0.08819      -1.764          0.04403       0.983          0.9702       2.824e-18             1          1       1.451e-51
      0.4           121.6      20      50    0.06896    0.8871       0.4126    0.05659          -0.06975      -1.395           0.0748      0.9647          0.9519       2.273e-15             1          1       1.288e-43
      0.6           122.5      20      50    0.05678    0.9108       0.6151    0.08554          -0.03432     -0.6865           0.2146      0.8575          0.8885       7.811e-10             1          1       1.158e-27

=== 15m P4|B|10
 edge_pct  trades_per_30d  mean_N  mean_L  liq_share  tp_share  drift_H_pct  gross_pct  net_notional_pct  eq_ret_pct  30d_median_mult  30d_p_loss  30d_mdd_median  1y_median_mult  1y_p_below50  1y_p_ruin  IS_median_mult
        0           125.2      20      50    0.01878    0.7819      0.00471  -0.006631           -0.1164      -2.329          0.03137      0.9993          0.9733       4.325e-20             1          1       1.557e-57
    0.025           125.2      20      50    0.01866    0.7846      0.02922  -0.004232           -0.1139      -2.277          0.03339      0.9993          0.9716       1.041e-19             1          1       3.583e-56
     0.05           125.2      20      50    0.01853    0.7874      0.05477   -0.00172           -0.1111      -2.223          0.03545      0.9992          0.9698       2.543e-19             1          1       3.607e-55
    0.075           125.3      20      50    0.01838    0.7899      0.08094  0.0006628           -0.1086      -2.171          0.03866      0.9992           0.967       6.134e-19             1          1       4.674e-54
      0.1           125.3      20      50    0.01819    0.7927       0.1065   0.003375           -0.1056      -2.113          0.04205       0.999          0.9644       1.655e-18             1          1       1.084e-52
     0.15           125.4      20      50    0.01797    0.7985       0.1562   0.008676          -0.09995      -1.999          0.04884      0.9982          0.9595       1.094e-17             1          1       3.037e-50
      0.2           125.5      20      50    0.01758    0.8036       0.2064    0.01344          -0.09475      -1.895          0.05634       0.998          0.9532       6.678e-17             1          1       3.751e-48
      0.3           125.6      20      50    0.01699    0.8141       0.3081    0.02313          -0.08428      -1.686          0.07464      0.9943          0.9397       2.304e-15             1          1       6.074e-43
      0.4           125.8      20      50    0.01629    0.8257       0.4112    0.03384          -0.07268      -1.454           0.1011      0.9868          0.9204        1.19e-13             1          1       2.128e-38
      0.6           126.1      20      50    0.01528    0.8473       0.6132    0.05374          -0.05125      -1.025           0.1846      0.9512          0.8672       1.748e-10             1          1       3.339e-29

=== 15m P4|C|10
 edge_pct  trades_per_30d  mean_N  mean_L  liq_share  tp_share  drift_H_pct  gross_pct  net_notional_pct  eq_ret_pct  30d_median_mult  30d_p_loss  30d_mdd_median  1y_median_mult  1y_p_below50  1y_p_ruin  IS_median_mult
        0           124.4      20      50          0    0.7528     0.004951   -0.02007           -0.1233      -2.466          0.02992      0.9998          0.9736       1.009e-19             1          1       2.766e-56
    0.025           124.4      20      50          0    0.7557      0.02951   -0.01752           -0.1206      -2.412          0.03224      0.9998          0.9711       2.283e-19             1          1       2.463e-55
     0.05           124.5      20      50          0    0.7587      0.05515   -0.01492           -0.1179      -2.357          0.03507      0.9998          0.9691       5.795e-19             1          1       6.204e-54
    0.075           124.5      20      50          0    0.7614      0.08132   -0.01247           -0.1153      -2.305          0.03799      0.9997          0.9668       1.325e-18             1          1       1.221e-52
      0.1           124.6      20      50          0    0.7645        0.107  -0.009804           -0.1124      -2.249          0.04042      0.9995           0.965       3.235e-18             1          1       1.995e-51
     0.15           124.7      20      50          0    0.7705       0.1567  -0.004574           -0.1069      -2.138          0.04668      0.9993          0.9597       1.916e-17             1          1       2.402e-49
      0.2           124.8      20      50          0    0.7758       0.2073 -5.042e-05           -0.1021      -2.042          0.05333      0.9988          0.9542       8.796e-17             1          1       1.885e-47
      0.3             125      20      50          0    0.7871        0.309   0.009774          -0.09172      -1.834          0.07021      0.9977           0.941       2.743e-15             1          1       4.354e-43
      0.4           125.2      20      50          0    0.7992       0.4126    0.02024          -0.08063      -1.613          0.09461      0.9927          0.9229       1.041e-13             1          1       2.419e-38
      0.6           125.6      20      50          0    0.8219       0.6157    0.04012          -0.05959      -1.192           0.1704      0.9653          0.8702       1.021e-10             1          1       7.087e-30

=== 15m P4|B|100
 edge_pct  trades_per_30d  mean_N  mean_L  liq_share  tp_share  drift_H_pct  gross_pct  net_notional_pct  eq_ret_pct  30d_median_mult  30d_p_loss  30d_mdd_median  1y_median_mult  1y_p_below50  1y_p_ruin  IS_median_mult
        0            95.4      20      50    0.06254    0.1573     0.005874  -0.004795           -0.1669      -3.338         0.003426      0.9935          0.9978       8.926e-32             1          1       2.752e-91
    0.025           95.29      20      50    0.06198    0.1601      0.03111     0.0104           -0.1513      -3.027         0.004715      0.9907          0.9972       3.656e-30             1          1       1.409e-86
     0.05           95.18      20      50    0.06133    0.1629      0.05648    0.02499           -0.1363      -2.727         0.006224       0.986          0.9963       1.388e-28             1          1        9.77e-83
    0.075           95.06      20      50    0.06072    0.1656      0.08333    0.04009           -0.1209      -2.417         0.008533      0.9793          0.9953        4.85e-27             1          1       2.027e-78
      0.1           94.93      20      50    0.06008    0.1686       0.1101    0.05582           -0.1047      -2.094           0.0116      0.9738          0.9939       2.173e-25             1          1       2.736e-73
     0.15           94.71      20      50    0.05898    0.1738       0.1601    0.08504          -0.07479      -1.496          0.02036      0.9533          0.9904       2.425e-22             1          1       2.179e-64
      0.2            94.5      20      50    0.05775    0.1792       0.2114     0.1146          -0.04441     -0.8882          0.03702       0.925          0.9843       2.853e-19             1          1         3.7e-55
      0.3            94.1      20      50    0.05522    0.1905       0.3144     0.1746            0.0172      0.3439           0.1118      0.8257          0.9647       4.592e-13             1          1       4.223e-37
      0.4           93.67      20      50     0.0528    0.2021       0.4206     0.2362           0.08031       1.606           0.3531      0.6763          0.9315       1.136e-06        0.9937     0.9805       2.165e-18
      0.6           92.86      20      50    0.04848    0.2245       0.6265     0.3558            0.2028       4.057            3.254      0.2978          0.8261       1.573e+06        0.6787     0.3457       8.688e+17

=== 15m P5|A|10
 edge_pct  trades_per_30d  mean_N  mean_L  liq_share  tp_share  drift_H_pct  gross_pct  net_notional_pct  eq_ret_pct  30d_median_mult  30d_p_loss  30d_mdd_median  1y_median_mult  1y_p_below50  1y_p_ruin  IS_median_mult
        0           116.6   11.76   42.13    0.07098    0.8378     0.004145    0.01491           -0.1151      -1.369           0.1375      0.9883          0.8875       1.247e-11             1          1       2.351e-32
    0.025           116.7   11.76   42.14    0.06949    0.8412      0.02875    0.01984           -0.1093      -1.304           0.1487      0.9855          0.8805       3.694e-11             1          1       5.707e-31
     0.05           116.8   11.76   42.14    0.06798    0.8446      0.05431    0.02492           -0.1034      -1.237           0.1643      0.9817          0.8696       1.035e-10             1          1       1.016e-29
    0.075             117   11.76   42.14    0.06659    0.8479      0.08082    0.02981          -0.09777      -1.173           0.1781      0.9778          0.8594       2.835e-10             1          1       2.752e-28
      0.1           117.1   11.76   42.14    0.06513    0.8515       0.1063    0.03502          -0.09174      -1.107           0.1918      0.9738          0.8507       7.933e-10             1          1       2.909e-27
     0.15           117.4   11.77   42.14    0.06217    0.8586        0.156    0.04536          -0.07975     -0.9722           0.2254      0.9602          0.8269       6.872e-09             1          1       2.638e-24
      0.2           117.7   11.77   42.15    0.05948    0.8651       0.2061    0.05471           -0.0689     -0.8514            0.264       0.943          0.8033       4.366e-08             1          1       8.019e-22
      0.3           118.2   11.77   42.16    0.05402    0.8784       0.3075    0.07387          -0.04669     -0.6016           0.3681       0.893          0.7431       2.305e-06             1          1       4.067e-17
      0.4           118.8   11.78   42.16    0.04821    0.8923       0.4109    0.09429          -0.02304     -0.3406           0.5187      0.8025           0.674       0.0001508        0.9995     0.9945       6.537e-12
      0.6           119.9   11.78   42.17    0.03676    0.9191       0.6123     0.1338           0.02282      0.1729            1.026      0.4885          0.5134          0.6979        0.7942     0.4098          0.2562

=== 15m P5|B|10
 edge_pct  trades_per_30d  mean_N  mean_L  liq_share  tp_share  drift_H_pct  gross_pct  net_notional_pct  eq_ret_pct  30d_median_mult  30d_p_loss  30d_mdd_median  1y_median_mult  1y_p_below50  1y_p_ruin  IS_median_mult
        0           123.6   11.82   42.23  0.0004443    0.7638     0.004446    0.00347          -0.09945      -1.174           0.1996      0.9975          0.8202       2.304e-09             1          1       9.601e-26
    0.025           123.7   11.82   42.23  0.0004365    0.7668      0.02901   0.006509          -0.09626      -1.138           0.2095      0.9963          0.8135       4.161e-09             1          1       4.261e-25
     0.05           123.7   11.82   42.24  0.0004288    0.7698      0.05439   0.009633          -0.09298      -1.102           0.2192      0.9957          0.8049       7.526e-09             1          1       3.041e-24
    0.075           123.8   11.82   42.24  0.0004286    0.7727      0.08077    0.01273          -0.08974      -1.068           0.2304      0.9953          0.7957       1.257e-08             1          1       1.129e-23
      0.1           123.8   11.82   42.24  0.0004285    0.7758       0.1065    0.01609          -0.08621      -1.031            0.242      0.9947          0.7882       2.224e-08             1          1       4.425e-23
     0.15           123.9   11.82   42.24  0.0004243    0.7824       0.1559    0.02303          -0.07894     -0.9531            0.266      0.9898          0.7672       7.471e-08             1          1       1.904e-21
      0.2             124   11.82   42.24   0.000424    0.7881        0.206    0.02916          -0.07252      -0.885           0.2896      0.9863          0.7477       2.115e-07             1          1       4.525e-20
      0.3           124.2   11.82   42.24  0.0004008    0.7999       0.3076    0.04153          -0.05954     -0.7434           0.3473      0.9725          0.7073       1.952e-06             1          1       2.895e-17
      0.4           124.4   11.82   42.24  0.0003888    0.8128       0.4107    0.05497          -0.04544     -0.5907           0.4227      0.9432          0.6537       2.149e-05             1          1       2.847e-14
      0.6           124.7   11.82   42.24  0.0003351     0.837       0.6117    0.08046          -0.01869     -0.3015           0.6158      0.8392           0.538        0.002066        0.9997     0.9925       2.057e-08

=== 15m P5|C|10
 edge_pct  trades_per_30d  mean_N  mean_L  liq_share  tp_share  drift_H_pct  gross_pct  net_notional_pct  eq_ret_pct  30d_median_mult  30d_p_loss  30d_mdd_median  1y_median_mult  1y_p_below50  1y_p_ruin  IS_median_mult
        0           121.8   11.75   42.14          0    0.7841     0.005503   0.003533           -0.0983       -1.13           0.2106       0.995          0.8149       4.197e-09             1          1       4.388e-25
    0.025           121.9   11.75   42.14          0    0.7872      0.03007   0.006885          -0.09478      -1.088           0.2231      0.9935          0.8048       8.185e-09             1          1       3.418e-24
     0.05           121.9   11.75   42.15          0    0.7903      0.05558    0.01027          -0.09124      -1.046           0.2352      0.9923          0.7954       1.495e-08             1          1       1.984e-23
    0.075             122   11.76   42.15          0    0.7934      0.08208    0.01378          -0.08757      -1.005           0.2494      0.9908          0.7851       2.917e-08             1          1       9.502e-23
      0.1           122.1   11.76   42.15          0    0.7968       0.1078     0.0175          -0.08367     -0.9614           0.2629       0.988          0.7743       5.825e-08             1          1       8.722e-22
     0.15           122.2   11.76   42.15          0    0.8037       0.1572    0.02511          -0.07571     -0.8713           0.2947      0.9817          0.7498       2.321e-07             1          1       7.564e-20
      0.2           122.3   11.76   42.15          0    0.8098       0.2075    0.03186          -0.06865     -0.7915           0.3245      0.9747           0.728       7.993e-07             1          1       2.801e-18
      0.3           122.6   11.76   42.16          0    0.8223       0.3092     0.0455          -0.05438     -0.6259           0.4018      0.9478          0.6748       1.084e-05             1          1       2.858e-15
      0.4           122.9   11.77   42.17          0    0.8357       0.4124    0.06029           -0.0389     -0.4508           0.4985      0.8985           0.611       0.0001634             1     0.9997       1.056e-11
      0.6           123.3   11.77   42.17          0    0.8611       0.6138    0.08838         -0.009511     -0.1147           0.7708      0.6923          0.4766         0.03401        0.9803     0.8063       4.062e-05

=== 15m P5|B|100
 edge_pct  trades_per_30d  mean_N  mean_L  liq_share  tp_share  drift_H_pct  gross_pct  net_notional_pct  eq_ret_pct  30d_median_mult  30d_p_loss  30d_mdd_median  1y_median_mult  1y_p_below50  1y_p_ruin  IS_median_mult
        0           92.94   11.83    42.2   0.001394    0.0966     0.006762  -0.006589           -0.1457      -1.694           0.1134      0.9693          0.9184       3.146e-12             1          1       2.395e-34
    0.025           92.82   11.83    42.2   0.001386   0.09868      0.03183    0.01065           -0.1284       -1.52           0.1352      0.9588          0.9058       2.303e-11             1          1       9.536e-32
     0.05            92.7   11.83    42.2   0.001383    0.1005      0.05653    0.02676           -0.1122      -1.355           0.1583      0.9457          0.8928       1.494e-10             1          1       2.456e-29
    0.075           92.57   11.83    42.2    0.00138    0.1024      0.08243    0.04359          -0.09525      -1.185           0.1853       0.928          0.8784       9.845e-10             1          1       3.759e-27
      0.1           92.42   11.83    42.2   0.001367    0.1045       0.1086    0.06128          -0.07747      -1.009           0.2161      0.9102          0.8632       7.327e-09             1          1       1.229e-24
     0.15           92.17   11.83    42.2   0.001365    0.1081        0.158    0.09449           -0.0441      -0.679           0.2949      0.8622          0.8296       2.813e-07             1     0.9998       6.772e-20
      0.2           91.93   11.83    42.2   0.001348     0.112       0.2082     0.1286         -0.009788     -0.3426           0.3975      0.7873          0.7913       1.234e-05        0.9998     0.9972       2.761e-15
      0.3           91.46   11.83    42.2   0.001283      0.12       0.3096     0.1968           0.05878      0.3365            0.741       0.604           0.708         0.02152        0.9608     0.8358       6.348e-06
      0.4           90.95   11.83   42.19   0.001265    0.1281       0.4138     0.2656            0.1279       1.025            1.359      0.3923          0.6243           41.92        0.6665     0.2685       4.744e+04
      0.6           89.99   11.83   42.19   0.001064    0.1442       0.6188     0.4042            0.2673         2.4            4.528     0.09317          0.4791       1.036e+08        0.1478   0.002333       5.885e+22

=== 15m P5c|A|10
 edge_pct  trades_per_30d  mean_N  mean_L  liq_share  tp_share  drift_H_pct  gross_pct  net_notional_pct  eq_ret_pct  30d_median_mult  30d_p_loss  30d_mdd_median  1y_median_mult  1y_p_below50  1y_p_ruin  IS_median_mult
        0           116.6   8.427   42.13    0.07098    0.8378     0.004145    0.01491           -0.1151     -0.9828            0.264      0.9813          0.7787       4.801e-08             1          1       7.074e-22
    0.025           116.7   8.632   42.14    0.06949    0.8412      0.02875    0.01984           -0.1093     -0.9113           0.2862      0.9747          0.7615       1.325e-07             1          1       1.012e-20
     0.05           116.8   8.839   42.14    0.06798    0.8446      0.05431    0.02492           -0.1034     -0.8401            0.314       0.965          0.7432       3.725e-07             1          1       1.665e-19
    0.075             117   9.037   42.14    0.06659    0.8479      0.08082    0.02981          -0.09777     -0.7724             0.34      0.9552          0.7272       9.941e-07             1          1       3.079e-18
      0.1           117.1   9.237   42.14    0.06513    0.8515       0.1063    0.03502          -0.09174     -0.7008            0.366       0.944          0.7091         2.7e-06             1          1       4.777e-17
     0.15           117.4   9.642   42.14    0.06217    0.8586        0.156    0.04536          -0.07975      -0.556           0.4343      0.8975          0.6735       2.196e-05             1     0.9998       2.412e-14
      0.2           117.7   10.04   42.15    0.05948    0.8651       0.2061    0.05471           -0.0689     -0.4233           0.5068      0.8493          0.6358       0.0001449             1      0.998       5.846e-12
      0.3           118.2   10.84   42.16    0.05402    0.8784       0.3075    0.07387          -0.04669     -0.1497           0.7016      0.6998          0.5616        0.008035        0.9902     0.9198        7.53e-07
      0.4           118.8   11.64   42.16    0.04821    0.8923       0.4109    0.09429          -0.02304       0.135           0.9973      0.5017          0.4954          0.4997         0.812      0.427          0.1559
      0.6           119.9   13.26   42.17    0.03676    0.9191       0.6123     0.1338           0.02282      0.6926            1.974      0.1715          0.4076            2065        0.1798   0.006667       4.831e+09

=== 15m P5c|B|10
 edge_pct  trades_per_30d  mean_N  mean_L  liq_share  tp_share  drift_H_pct  gross_pct  net_notional_pct  eq_ret_pct  30d_median_mult  30d_p_loss  30d_mdd_median  1y_median_mult  1y_p_below50  1y_p_ruin  IS_median_mult
        0           123.6   8.447   42.23  0.0004443    0.7638     0.004446    0.00347          -0.09945     -0.8371            0.327      0.9948          0.7016       9.535e-07             1          1       4.236e-18
    0.025           123.7   8.653   42.23  0.0004365    0.7668      0.02901   0.006509          -0.09626     -0.8043           0.3384      0.9922           0.693       1.517e-06             1          1       1.563e-17
     0.05           123.7   8.858   42.24  0.0004288    0.7698      0.05439   0.009633          -0.09298     -0.7711           0.3518      0.9893          0.6831       2.413e-06             1          1       5.793e-17
    0.075           123.8   9.057   42.24  0.0004286    0.7727      0.08077    0.01273          -0.08974     -0.7404           0.3669      0.9877          0.6747       3.667e-06             1          1       1.796e-16
      0.1           123.8   9.258   42.24  0.0004285    0.7758       0.1065    0.01609          -0.08621     -0.7064           0.3803      0.9825          0.6643       5.984e-06             1          1       6.074e-16
     0.15           123.9    9.66   42.24  0.0004243    0.7824       0.1559    0.02303          -0.07894     -0.6333           0.4138      0.9698           0.644       1.685e-05             1          1       1.549e-14
      0.2             124   10.06   42.24   0.000424    0.7881        0.206    0.02916          -0.07252       -0.57           0.4454      0.9532          0.6253        3.98e-05             1          1       1.957e-13
      0.3           124.2   10.86   42.24  0.0004008    0.7999       0.3076    0.04153          -0.05954     -0.4395           0.5168      0.9047           0.589       0.0002429             1     0.9998        2.75e-11
      0.4           124.4   11.66   42.24  0.0003888    0.8128       0.4107    0.05497          -0.04544     -0.2962           0.6133      0.8293          0.5471        0.001842        0.9995      0.992       1.034e-08
      0.6           124.7   13.28   42.24  0.0003351     0.837       0.6117    0.08046          -0.01869    -0.03175           0.8342      0.6253          0.4867         0.08135        0.9427     0.6807        0.001114

=== 15m P5c|C|10
 edge_pct  trades_per_30d  mean_N  mean_L  liq_share  tp_share  drift_H_pct  gross_pct  net_notional_pct  eq_ret_pct  30d_median_mult  30d_p_loss  30d_mdd_median  1y_median_mult  1y_p_below50  1y_p_ruin  IS_median_mult
        0           121.8   8.429   42.14          0    0.7841     0.005503   0.003533           -0.0983     -0.8162           0.3386      0.9937          0.6937        1.43e-06             1          1       1.242e-17
    0.025           121.9   8.634   42.14          0    0.7872      0.03007   0.006885          -0.09478      -0.776            0.356      0.9893          0.6818       2.517e-06             1          1       7.037e-17
     0.05           121.9   8.839   42.15          0    0.7903      0.05558    0.01027          -0.09124     -0.7363           0.3735      0.9852          0.6714       4.424e-06             1          1       3.069e-16
    0.075             122   9.038   42.15          0    0.7934      0.08208    0.01378          -0.08757     -0.6975           0.3899      0.9825          0.6586       7.546e-06             1          1       1.722e-15
      0.1           122.1   9.238   42.15          0    0.7968       0.1078     0.0175          -0.08367     -0.6561           0.4123      0.9747          0.6448       1.335e-05             1          1       9.251e-15
     0.15           122.2   9.639   42.15          0    0.8037       0.1572    0.02511          -0.07571     -0.5683           0.4536       0.954          0.6165       4.738e-05             1          1       2.771e-13
      0.2           122.3   10.04   42.15          0    0.8098       0.2075    0.03186          -0.06865       -0.49           0.4963       0.929          0.5932       0.0001418             1     0.9998       7.679e-12
      0.3           122.6   10.84   42.16          0    0.8223       0.3092     0.0455          -0.05438     -0.3288           0.5999      0.8522          0.5432        0.001429        0.9998      0.994       5.256e-09
      0.4           122.9   11.64   42.17          0    0.8357       0.4124    0.06029           -0.0389     -0.1574           0.7259      0.7242          0.4948         0.01614         0.992      0.893       6.246e-06
      0.6           123.3   13.26   42.17          0    0.8611       0.6138    0.08838         -0.009511       0.166            1.073      0.4518          0.4288           1.676         0.653     0.1942           2.655

=== 15m P6|B|none
 edge_pct  trades_per_30d  mean_N  mean_L  liq_share  tp_share  drift_H_pct  gross_pct  net_notional_pct  eq_ret_pct  30d_median_mult  30d_p_loss  30d_mdd_median  1y_median_mult  1y_p_below50  1y_p_ruin  IS_median_mult
        0              91   1.127   9.993          0         0     0.006196   -0.01442            -0.158     -0.1694           0.8504      0.9098          0.1876          0.1409        0.9998     0.2107        0.003234
    0.025           90.83   1.127   9.993          0         0      0.03116   0.003255           -0.1403     -0.1528           0.8642      0.8868          0.1773          0.1704        0.9977      0.097        0.005982
     0.05           90.67   1.128   9.993          0         0      0.05563    0.01986           -0.1237     -0.1368           0.8765      0.8605          0.1691           0.204        0.9918    0.04167        0.009742
    0.075           90.51   1.128   9.993          0         0       0.0818    0.03775           -0.1058     -0.1202           0.8893      0.8297          0.1604          0.2447        0.9737    0.01367          0.0175
      0.1           90.32   1.128   9.993          0         0       0.1078     0.0559          -0.08771     -0.1032           0.9045      0.7958          0.1511           0.295        0.9323      0.004         0.02791
     0.15           90.01   1.128   9.993          0         0       0.1572    0.09046          -0.05318    -0.07079           0.9315      0.7252           0.136          0.4219        0.7498  0.0003333         0.08643
      0.2           89.71   1.128   9.993          0         0       0.2072     0.1256          -0.01812    -0.03809           0.9586      0.6357           0.122          0.6016        0.4253          0          0.2213
      0.3           89.11   1.129   9.993          0         0       0.3075     0.1951            0.0513     0.02732            1.017      0.4463         0.09936           1.232          0.03          0           1.908
      0.4           88.48   1.129   9.993          0         0       0.4097     0.2661            0.1222     0.09413            1.076       0.259         0.08113           2.494     0.0001667          0           15.98
      0.6           87.28    1.13   9.993          0         0       0.6131     0.4086            0.2646      0.2277            1.204       0.054         0.05621           10.16             0          0           874.9

=== 15m P6h|B|none
 edge_pct  trades_per_30d  mean_N  mean_L  liq_share  tp_share  drift_H_pct  gross_pct  net_notional_pct  eq_ret_pct  30d_median_mult  30d_p_loss  30d_mdd_median  1y_median_mult  1y_p_below50  1y_p_ruin  IS_median_mult
        0              91  0.5638   9.993          0         0     0.006196   -0.01442            -0.158    -0.08471           0.9236      0.9048         0.09775          0.3827        0.9223          0         0.06008
    0.025           90.83  0.5638   9.993          0         0      0.03116   0.003255           -0.1403    -0.07641           0.9311      0.8805         0.09218          0.4209        0.8388          0         0.08186
     0.05           90.67  0.5639   9.993          0         0      0.05563    0.01986           -0.1237    -0.06845           0.9375      0.8518         0.08775          0.4604        0.7073          0          0.1044
    0.075           90.51   0.564   9.993          0         0       0.0818    0.03775           -0.1058     -0.0601           0.9445      0.8208         0.08298          0.5044        0.5375          0          0.1399
      0.1           90.32   0.564   9.993          0         0       0.1078     0.0559          -0.08771    -0.05161           0.9525      0.7872         0.07789          0.5539        0.3488          0          0.1765
     0.15           90.01  0.5641   9.993          0         0       0.1572    0.09046          -0.05318    -0.03542           0.9667       0.715          0.0698          0.6625        0.1035          0          0.3126
      0.2           89.71  0.5643   9.993          0         0       0.2072     0.1256          -0.01812    -0.01907           0.9807      0.6262         0.06244          0.7918        0.0145          0          0.4977
      0.3           89.11  0.5645   9.993          0         0       0.3075     0.1951            0.0513     0.01364             1.01       0.435         0.05047           1.134             0          0           1.478
      0.4           88.48  0.5647   9.993          0         0       0.4097     0.2661            0.1222     0.04705            1.039      0.2495         0.04112           1.614             0          0           4.276
      0.6           87.28   0.565   9.993          0         0       0.6131     0.4086            0.2646      0.1138            1.099       0.052         0.02837           3.258             0          0           31.56

=== 15m P6|B|10
 edge_pct  trades_per_30d  mean_N  mean_L  liq_share  tp_share  drift_H_pct  gross_pct  net_notional_pct  eq_ret_pct  30d_median_mult  30d_p_loss  30d_mdd_median  1y_median_mult  1y_p_below50  1y_p_ruin  IS_median_mult
        0             102   1.105   9.991          0    0.3712     0.006401   0.001795           -0.1221     -0.1401           0.8638      0.9435           0.164          0.1674        0.9998    0.06283        0.005182
    0.025             102   1.105   9.991          0    0.3759      0.03212    0.01296           -0.1107     -0.1283           0.8752      0.9292          0.1558          0.1937        0.9995    0.02167        0.008194
     0.05           101.9   1.105   9.991          0    0.3807      0.05764    0.02384           -0.0996     -0.1166           0.8855      0.9065          0.1483          0.2248        0.9968   0.006167         0.01294
    0.075           101.9   1.104   9.991          0    0.3856      0.08458    0.03514          -0.08805     -0.1045           0.8957      0.8803          0.1401           0.261         0.986   0.002167         0.02136
      0.1           101.9   1.104   9.991          0    0.3907       0.1109    0.04695            -0.076    -0.09222           0.9076      0.8545           0.133          0.3047        0.9557  0.0006667         0.03038
     0.15           101.8   1.104   9.991          0    0.4007       0.1606    0.06992          -0.05254    -0.06815           0.9292      0.7857           0.119           0.409        0.7933          0         0.07319
      0.2           101.7   1.104   9.991          0    0.4103       0.2116    0.09215          -0.02983    -0.04449           0.9529      0.7012          0.1063          0.5477        0.4682          0          0.1686
      0.3           101.6   1.103   9.991          0    0.4296       0.3155     0.1373           0.01629    0.003096           0.9998       0.501          0.0853          0.9875         0.027          0          0.9526
      0.4           101.4   1.103   9.991          0    0.4493       0.4213     0.1832           0.06313      0.0516            1.048      0.2918         0.06857           1.806     0.0001667          0           5.179
      0.6           101.2   1.101   9.991          0    0.4887        0.627     0.2742            0.1561      0.1475            1.155     0.04667         0.04848            5.88             0          0             164

=== 1h P0|A|10
 edge_pct  trades_per_30d  mean_N  mean_L  liq_share  tp_share  drift_H_pct  gross_pct  net_notional_pct  eq_ret_pct  30d_median_mult  30d_p_loss  30d_mdd_median  1y_median_mult  1y_p_below50  1y_p_ruin  IS_median_mult
        0           23.39       1       1  4.014e-05   0.02712     0.001951    0.02095           -0.1375     -0.1375           0.9583      0.6052          0.1448          0.5749        0.5385    0.01633          0.1832
    0.025           23.39       1       1  4.014e-05   0.02739      0.02298    0.04238           -0.1161     -0.1161           0.9629      0.5953          0.1424           0.612        0.4973    0.01517          0.2123
     0.05           23.39       1       1  4.014e-05   0.02769      0.05073    0.07008          -0.08833    -0.08833           0.9697      0.5793          0.1388          0.6563        0.4482    0.01467          0.2567
    0.075            23.4       1       1  4.013e-05   0.02797      0.07622    0.09518          -0.06321    -0.06321           0.9758      0.5663          0.1359          0.7074        0.4085    0.01317          0.3369
      0.1            23.4       1       1  4.013e-05   0.02821       0.1017     0.1207          -0.03765    -0.03765            0.981      0.5522           0.133          0.7617        0.3718     0.0125          0.3691
     0.15            23.4       1       1  4.013e-05   0.02871       0.1526     0.1712           0.01281     0.01281            0.991       0.524          0.1292          0.8854        0.2992      0.012          0.5854
      0.2            23.4       1       1  4.012e-05   0.02939       0.2087     0.2275           0.06917     0.06917            1.004      0.4903           0.125           1.038         0.225      0.012           1.037
      0.3           23.41       1       1  4.011e-05    0.0305       0.3123     0.3302             0.172       0.172            1.026      0.4367          0.1166           1.402         0.126    0.01167           2.221
      0.4           23.42       1       1  4.009e-05   0.03181        0.419     0.4361             0.278       0.278            1.049      0.3798          0.1085           1.891        0.0655    0.01167           6.134
      0.6           23.43       1       1  4.008e-05   0.03351       0.6123       0.63            0.4719      0.4719              1.1      0.2775         0.09425           3.298         0.022     0.0115           27.69
      0.8           23.44       1       1  4.006e-05   0.03548       0.8056     0.8237            0.6657      0.6657            1.148      0.1892         0.08223           5.715         0.014     0.0115           153.5
        1           23.44       1       1  4.005e-05   0.03749        1.009      1.026            0.8679      0.8679            1.202      0.1168         0.07269            10.2        0.0125     0.0115           648.4
     1.25           23.45       1       1  2.002e-05   0.03987        1.266      1.281             1.123       1.123            1.269     0.05383         0.06065           21.08        0.0065   0.005667            7556
      1.5           23.47       1       1          0   0.04271        1.521      1.534             1.377       1.377            1.345     0.02367         0.04856           43.23     0.0006667          0       5.811e+04

=== 1h P0|B|10
 edge_pct  trades_per_30d  mean_N  mean_L  liq_share  tp_share  drift_H_pct  gross_pct  net_notional_pct  eq_ret_pct  30d_median_mult  30d_p_loss  30d_mdd_median  1y_median_mult  1y_p_below50  1y_p_ruin  IS_median_mult
        0           27.73       1       1          0   0.02407     0.002832   -0.01216           -0.1647     -0.1647           0.9446      0.6675          0.1363          0.5035        0.6167      0.001          0.1458
    0.025           27.71       1       1          0   0.02428      0.02349   0.002837           -0.1497     -0.1497            0.948      0.6583          0.1344          0.5272        0.5782     0.0005          0.1668
     0.05           27.68       1       1          0   0.02457      0.05072     0.0222           -0.1304     -0.1304           0.9542      0.6413          0.1316            0.56        0.5293  0.0001667             0.2
    0.075           27.65       1       1          0   0.02484      0.07375    0.03951           -0.1131     -0.1131           0.9588      0.6278          0.1298          0.5944        0.4827  0.0001667          0.2315
      0.1           27.62       1       1          0   0.02505      0.09909    0.05763          -0.09498    -0.09498           0.9635      0.6125          0.1274          0.6354        0.4347  0.0001667          0.2844
     0.15           27.56       1       1          0   0.02555       0.1503    0.09319          -0.05947    -0.05947           0.9712      0.5877          0.1237          0.7133        0.3468  0.0001667          0.3783
      0.2            27.5       1       1          0   0.02612       0.2073     0.1323          -0.02035    -0.02035           0.9811      0.5572          0.1195          0.8158        0.2572          0           0.529
      0.3           27.39       1       1          0   0.02716       0.3088     0.2006           0.04781     0.04781           0.9982      0.5048          0.1133           1.023        0.1395          0           1.134
      0.4           27.28       1       1          0   0.02843       0.4143     0.2754            0.1225      0.1225            1.017      0.4543          0.1067           1.305       0.05883          0           2.219
      0.6           27.05       1       1          0   0.02993       0.6105     0.4081             0.255       0.255            1.051      0.3543         0.09416           2.005      0.008833          0           6.928
      0.8           26.86       1       1          0   0.03199       0.8067      0.548            0.3948      0.3948            1.092       0.258         0.08365           3.152     0.0008333          0           26.93
        1           26.62       1       1          0   0.03377        1.014     0.6897            0.5363      0.5363             1.13      0.1772          0.0743           4.921     0.0003333          0           96.39
     1.25           26.35       1       1          0   0.03606        1.273     0.8639            0.7103      0.7103            1.181      0.1013         0.06394           8.466             0          0           482.3
      1.5           26.08       1       1          0   0.03837        1.534      1.039            0.8852      0.8852            1.231        0.05         0.05582           14.34             0          0            2448

=== 1h P1|B|10
 edge_pct  trades_per_30d  mean_N  mean_L  liq_share  tp_share  drift_H_pct  gross_pct  net_notional_pct  eq_ret_pct  30d_median_mult  30d_p_loss  30d_mdd_median  1y_median_mult  1y_p_below50  1y_p_ruin  IS_median_mult
        0           31.98    1.25       5          0    0.3912    -0.004955   0.007384           -0.1225     -0.1531           0.9494      0.6615          0.1364          0.4963        0.6193  0.0003333          0.1246
    0.025           31.97    1.25       5          0    0.3935      0.01634    0.01727           -0.1125     -0.1406           0.9528      0.6528          0.1343          0.5187        0.5855  0.0003333          0.1516
     0.05           31.97    1.25       5          0    0.3968      0.04456    0.03118          -0.09843      -0.123            0.959       0.637          0.1329          0.5544        0.5287  0.0003333          0.1695
    0.075           31.96    1.25       5          0    0.3995      0.06835    0.04295          -0.08654     -0.1082           0.9641      0.6222           0.131          0.5917        0.4787  0.0001667          0.2008
      0.1           31.96    1.25       5          0     0.402       0.0936    0.05389          -0.07547    -0.09434           0.9684       0.609          0.1291          0.6238        0.4362          0          0.2476
     0.15           31.95    1.25       5          0    0.4071       0.1477    0.07696          -0.05216     -0.0652           0.9754      0.5817          0.1252          0.6991        0.3517          0          0.3436
      0.2           31.93    1.25       5          0    0.4121       0.2051    0.09961          -0.02927    -0.03659           0.9826      0.5505          0.1218          0.7801        0.2687          0          0.4608
      0.3           31.91    1.25       5          0    0.4221       0.3162     0.1447            0.0163     0.02037            1.002      0.4943          0.1155          0.9797        0.1447          0          0.8358
      0.4           31.88    1.25       5          0    0.4328       0.4247     0.1921           0.06424      0.0803            1.019      0.4382          0.1091           1.231       0.05667          0           1.695
      0.6           31.83    1.25       5          0    0.4528       0.6259     0.2803            0.1534      0.1918            1.055      0.3385          0.0973           1.907        0.0095          0           6.292
      0.8           31.79    1.25       5          0     0.472       0.8206     0.3658            0.2398      0.2997             1.09      0.2483         0.08706           2.881         0.001          0           20.93
        1           31.73    1.25       5          0    0.4927        1.029     0.4581            0.3331      0.4164            1.133      0.1658         0.07906           4.534             0          0           85.49
     1.25           31.68    1.25       5          0    0.5173        1.293     0.5674            0.4436      0.5545            1.183     0.08933          0.0699           7.663             0          0             361
      1.5           31.63    1.25       5          0    0.5432        1.559     0.6824            0.5598      0.6998            1.235     0.04267         0.06284           13.46             0          0            2079

=== 1h P2|B|10
 edge_pct  trades_per_30d  mean_N  mean_L  liq_share  tp_share  drift_H_pct  gross_pct  net_notional_pct  eq_ret_pct  30d_median_mult  30d_p_loss  30d_mdd_median  1y_median_mult  1y_p_below50  1y_p_ruin  IS_median_mult
        0            36.1     2.5      10  0.0003772    0.6008     -0.01598   0.009461           -0.1069     -0.2672              0.9      0.7058          0.2182          0.2393        0.9155     0.1547         0.01655
    0.025            36.1     2.5      10  0.0003771     0.603      0.00496    0.01539           -0.1008     -0.2521           0.9048      0.6957          0.2154          0.2565        0.9025     0.1367         0.02014
     0.05           36.11     2.5      10   0.000377    0.6058      0.03142    0.02306          -0.09303     -0.2326             0.91       0.683          0.2117          0.2809        0.8813     0.1115         0.02636
    0.075           36.12     2.5      10  0.0003769    0.6086      0.05518    0.03066          -0.08528     -0.2132           0.9179      0.6675           0.208          0.3033        0.8607     0.0945         0.03299
      0.1           36.12     2.5      10   0.000364    0.6107      0.07992    0.03623           -0.0796      -0.199            0.923      0.6547          0.2059          0.3225        0.8367    0.08083         0.03899
     0.15           36.13     2.5      10  0.0003638    0.6154       0.1321     0.0491          -0.06649     -0.1662           0.9314      0.6358          0.2021          0.3751         0.786     0.0545          0.0549
      0.2           36.13     2.5      10  0.0003508    0.6201       0.1891    0.06202          -0.05333     -0.1333           0.9439      0.6158           0.198          0.4357        0.7272     0.0355         0.08187
      0.3           36.15     2.5      10  0.0003507     0.629       0.2988    0.08642          -0.02847    -0.07117            0.963       0.579          0.1896          0.5738        0.5968    0.01217          0.1948
      0.4           36.16     2.5      10  0.0003376    0.6383       0.4074      0.111         -0.003432   -0.008579            0.984      0.5313          0.1806          0.7571        0.4525   0.005667          0.4015
      0.6           36.19     2.5      10  0.0003373    0.6567       0.6111     0.1599            0.0465      0.1162            1.029      0.4418          0.1651           1.312        0.2157  0.0001667           2.079
      0.8           36.23     2.5      10   0.000311    0.6743       0.8092     0.2076           0.09508      0.2377            1.077      0.3527          0.1537           2.271        0.0745          0           9.041
        1           36.26     2.5      10  0.0003107    0.6926        1.016     0.2576             0.146       0.365            1.127      0.2677          0.1391           3.999       0.02083          0           49.24
     1.25           36.32     2.5      10  0.0002844    0.7148        1.274     0.3177            0.2073      0.5183            1.194      0.1782          0.1245           8.008      0.004333          0           421.3
      1.5           36.36     2.5      10  0.0002711    0.7375        1.538     0.3795            0.2702      0.6756            1.263      0.1102          0.1127           16.23     0.0006667          0            3576

=== 1h P2|C|10
 edge_pct  trades_per_30d  mean_N  mean_L  liq_share  tp_share  drift_H_pct  gross_pct  net_notional_pct  eq_ret_pct  30d_median_mult  30d_p_loss  30d_mdd_median  1y_median_mult  1y_p_below50  1y_p_ruin  IS_median_mult
        0            32.2     2.5      10          0    0.6829     -0.01671     0.0209          -0.09424     -0.2356           0.9064      0.6452          0.2517          0.2666        0.8735     0.2027         0.01917
    0.025           32.23     2.5      10          0    0.6854     0.004493    0.03024          -0.08475     -0.2119           0.9136      0.6352          0.2489          0.2926        0.8517     0.1735         0.02384
     0.05           32.27     2.5      10          0    0.6883      0.03091    0.04119          -0.07362     -0.1841           0.9224       0.621          0.2447          0.3301         0.822     0.1462         0.03167
    0.075           32.31     2.5      10          0    0.6916      0.05667     0.0534          -0.06122     -0.1531           0.9371       0.604          0.2396          0.3729        0.7878       0.12         0.05235
      0.1           32.32     2.5      10          0    0.6941      0.08082    0.06263          -0.05185     -0.1296            0.945      0.5928          0.2366          0.4114        0.7592      0.101          0.0719
     0.15           32.39     2.5      10          0    0.6995       0.1334    0.08247          -0.03169    -0.07923           0.9614      0.5673          0.2302          0.5027        0.6862    0.06567          0.1352
      0.2           32.45     2.5      10          0    0.7052       0.1908     0.1034          -0.01039    -0.02598           0.9757      0.5405          0.2269          0.6236        0.6088    0.03933          0.2196
      0.3           32.55     2.5      10          0    0.7164       0.3016     0.1437           0.03053     0.07634            1.009      0.4868          0.2134          0.9466        0.4368    0.01333           0.751
      0.4           32.66     2.5      10          0     0.727       0.4088     0.1828           0.07029      0.1757            1.043      0.4317          0.2058           1.416        0.2892   0.004333           2.404
      0.6           32.89     2.5      10          0    0.7483       0.6136     0.2592            0.1479      0.3699            1.114      0.3338          0.1831           3.177         0.107          0           28.56
      0.8           33.11     2.5      10          0    0.7694       0.8115     0.3364            0.2264       0.566            1.185      0.2383          0.1638           7.169       0.02817          0           260.9
        1           33.35     2.5      10          0    0.7911        1.015     0.4156            0.3068       0.767            1.274      0.1565          0.1432            17.3      0.004667          0            3180
     1.25           33.64     2.5      10          0    0.8172        1.273     0.5108            0.4036       1.009            1.392     0.07967          0.1227           48.34     0.0006667          0       7.153e+04
      1.5           33.94     2.5      10          0    0.8434        1.535     0.6084            0.5027       1.257            1.519     0.03167          0.1225           145.7             0          0       1.846e+06

=== 1h P3|A|10
 edge_pct  trades_per_30d  mean_N  mean_L  liq_share  tp_share  drift_H_pct  gross_pct  net_notional_pct  eq_ret_pct  30d_median_mult  30d_p_loss  30d_mdd_median  1y_median_mult  1y_p_below50  1y_p_ruin  IS_median_mult
        0           36.81       4      20    0.06128    0.8329     -0.02186   0.006569           -0.1239     -0.4956           0.8053       0.737          0.3545         0.04918        0.9875     0.7718       0.0001339
    0.025           36.84       4      20    0.06076    0.8342    -0.000574    0.01091           -0.1192      -0.477           0.8107      0.7307          0.3513         0.05417        0.9858     0.7457       0.0002203
     0.05           36.86       4      20     0.0601    0.8359      0.02589    0.01626           -0.1135      -0.454           0.8182        0.72          0.3463         0.06075         0.984     0.7185       0.0002441
    0.075            36.9       4      20    0.05947    0.8378      0.05049    0.02209           -0.1073     -0.4291           0.8272      0.7095           0.344         0.06874        0.9805     0.6873       0.0003169
      0.1           36.92       4      20    0.05887    0.8395      0.07521    0.02738           -0.1016     -0.4065           0.8344      0.6997          0.3393         0.07662        0.9762     0.6605       0.0004305
     0.15           36.99       4      20    0.05751    0.8433       0.1294    0.03854          -0.08966     -0.3586           0.8494      0.6812          0.3333         0.09626        0.9653      0.599       0.0009106
      0.2           37.05       4      20    0.05632    0.8469        0.185    0.04939          -0.07807     -0.3123           0.8634        0.66           0.326          0.1208        0.9502     0.5305        0.002069
      0.3           37.14       4      20    0.05396    0.8536       0.2973    0.06924          -0.05681     -0.2272           0.8965      0.6243           0.311          0.1808        0.9077     0.4032        0.005751
      0.4           37.26       4      20    0.05168    0.8601       0.4058    0.08897           -0.0357     -0.1428           0.9291       0.585          0.2947          0.2721        0.8487     0.2785         0.01865
      0.6            37.5       4      20    0.04712    0.8739         0.61     0.1303          0.008412     0.03365           0.9997      0.5003          0.2655          0.6353        0.6577     0.1078          0.1862
      0.8           37.73       4      20    0.04284    0.8873       0.8083     0.1693           0.05007      0.2003            1.067      0.4227          0.2371           1.431        0.4217    0.02767           2.511
        1           37.98       4      20    0.03819    0.9013        1.013      0.211           0.09462      0.3785            1.143       0.329           0.206           3.539        0.2093   0.004167           33.14
     1.25           38.27       4      20    0.03305    0.9177        1.268     0.2587            0.1455      0.5822            1.244      0.2388          0.2032           9.885       0.07267          0           641.5
      1.5           38.57       4      20    0.02759    0.9344        1.529     0.3081            0.1983      0.7932            1.361      0.1497           0.203           29.17        0.0215          0       1.528e+04

=== 1h P3|B|10
 edge_pct  trades_per_30d  mean_N  mean_L  liq_share  tp_share  drift_H_pct  gross_pct  net_notional_pct  eq_ret_pct  30d_median_mult  30d_p_loss  30d_mdd_median  1y_median_mult  1y_p_below50  1y_p_ruin  IS_median_mult
        0           39.98       4      20   0.003946    0.7515     -0.01858  -0.006917           -0.1148     -0.4594           0.8224      0.7935          0.2854         0.07255        0.9947      0.688       0.0004633
    0.025           39.99       4      20   0.003957    0.7529     0.002303  -0.004098           -0.1119     -0.4478           0.8256      0.7883          0.2841         0.07722        0.9932     0.6667       0.0005802
     0.05              40       4      20    0.00392    0.7547      0.02888  -0.000319           -0.1081     -0.4322           0.8322      0.7795          0.2796         0.08398        0.9905      0.638       0.0007284
    0.075           40.01       4      20   0.003884    0.7565       0.0526    0.00333           -0.1043     -0.4172           0.8364      0.7705          0.2749         0.09044        0.9883      0.605       0.0009149
      0.1           40.01       4      20   0.003872     0.758      0.07686   0.006324           -0.1012     -0.4049           0.8399      0.7643          0.2741         0.09618        0.9857     0.5788        0.001134
     0.15           40.03       4      20     0.0038    0.7612       0.1297    0.01325           -0.0941     -0.3764           0.8476      0.7488          0.2688          0.1102        0.9808     0.5148        0.001738
      0.2           40.03       4      20   0.003741    0.7642       0.1856    0.01937          -0.08779     -0.3511            0.857      0.7325          0.2648          0.1255        0.9735     0.4633        0.002328
      0.3           40.06       4      20   0.003657    0.7702       0.2953    0.03167          -0.07514     -0.3006           0.8729      0.7093          0.2577          0.1614        0.9535     0.3585        0.005452
      0.4           40.09       4      20   0.003607    0.7763       0.4051    0.04386           -0.0626     -0.2504           0.8884      0.6807          0.2496          0.2039        0.9198     0.2718         0.01054
      0.6           40.14       4      20   0.003462    0.7885       0.6077    0.06852          -0.03724      -0.149           0.9292       0.618          0.2304          0.3403        0.8097     0.1172         0.04374
      0.8           40.22       4      20   0.003327    0.8002       0.8064    0.09234          -0.01274    -0.05095           0.9715      0.5495          0.2147          0.5539        0.6418    0.03833          0.1636
        1           40.27       4      20   0.003206    0.8121        1.012     0.1164           0.01202     0.04807            1.012      0.4793          0.2015          0.9185          0.43    0.01067          0.6855
     1.25           40.34       4      20   0.003003    0.8261        1.266     0.1446           0.04105      0.1642            1.058      0.4037          0.1845           1.646        0.2172   0.001167           4.994
      1.5           40.42       4      20   0.002869    0.8412         1.53     0.1749           0.07217      0.2887            1.111      0.3178          0.1672            3.12       0.07867  0.0001667           31.04

=== 1h P3|C|10
 edge_pct  trades_per_30d  mean_N  mean_L  liq_share  tp_share  drift_H_pct  gross_pct  net_notional_pct  eq_ret_pct  30d_median_mult  30d_p_loss  30d_mdd_median  1y_median_mult  1y_p_below50  1y_p_ruin  IS_median_mult
        0           38.55       4      20          0    0.7816     -0.02038   -0.01964           -0.1252     -0.5008            0.805       0.794          0.3053         0.06162         0.995     0.7455       0.0003373
    0.025           38.56       4      20          0    0.7829    0.0006429   -0.01642           -0.1219     -0.4876           0.8082       0.788          0.3036         0.06623        0.9945     0.7227        0.000437
     0.05           38.58       4      20          0    0.7848      0.02782   -0.01179           -0.1172     -0.4687           0.8151      0.7805          0.2991          0.0723        0.9933      0.691        0.000574
    0.075            38.6       4      20          0    0.7867      0.05189  -0.007177           -0.1125     -0.4498           0.8217      0.7728          0.2957         0.07853         0.991     0.6597       0.0007222
      0.1            38.6       4      20          0    0.7883      0.07632  -0.003194           -0.1084     -0.4335           0.8276      0.7673          0.2922         0.08485        0.9892     0.6295       0.0008525
     0.15           38.64       4      20          0     0.792       0.1296   0.005495          -0.09948     -0.3979           0.8387      0.7493          0.2865          0.1014        0.9833     0.5613          0.0012
      0.2           38.67       4      20          0    0.7954       0.1859    0.01298           -0.0918     -0.3672           0.8508      0.7335          0.2797          0.1169         0.977     0.4938        0.001903
      0.3           38.72       4      20          0     0.802       0.2965     0.0285          -0.07592     -0.3037           0.8694      0.7003          0.2672          0.1601        0.9568     0.3693        0.005281
      0.4            38.8       4      20          0    0.8084       0.4071    0.04374          -0.06032     -0.2413           0.8908      0.6645          0.2573           0.215        0.9108     0.2605         0.01258
      0.6           38.93       4      20          0    0.8219       0.6113    0.07525          -0.02806     -0.1122           0.9421      0.5903          0.2366          0.4024        0.7558     0.0935         0.08653
      0.8           39.07       4      20          0    0.8346       0.8112     0.1047           0.00212     0.00848           0.9886       0.521           0.219          0.7264        0.5472    0.02333          0.4156
        1           39.21       4      20          0    0.8482        1.017     0.1366           0.03473      0.1389            1.043       0.435          0.1988           1.392        0.3005   0.003167           2.932
     1.25           39.36       4      20          0    0.8636        1.272     0.1728           0.07187      0.2875            1.112      0.3395          0.1822           2.911        0.1017  0.0001667           29.75
      1.5           39.54       4      20          0    0.8802        1.535     0.2117            0.1117      0.4468            1.187       0.246          0.1688           6.523        0.0265          0           321.9

=== 1h P3|B|30
 edge_pct  trades_per_30d  mean_N  mean_L  liq_share  tp_share  drift_H_pct  gross_pct  net_notional_pct  eq_ret_pct  30d_median_mult  30d_p_loss  30d_mdd_median  1y_median_mult  1y_p_below50  1y_p_ruin  IS_median_mult
        0           33.65       4      20   0.007982    0.4822     -0.01052   0.007536           -0.1198     -0.4794           0.8024       0.722          0.3744         0.05498         0.982     0.7478       0.0001789
    0.025           33.64       4      20   0.007982    0.4844      0.01021    0.01519           -0.1121     -0.4483           0.8118      0.7145          0.3699         0.06191         0.978     0.7225       0.0002814
     0.05           33.65       4      20   0.007925    0.4875      0.03777    0.02629           -0.1008     -0.4032           0.8213      0.6993          0.3652         0.07528        0.9713     0.6738       0.0004701
    0.075           33.65       4      20   0.007841    0.4904      0.06131    0.03609          -0.09081     -0.3632           0.8324      0.6863          0.3611          0.0893        0.9647     0.6272        0.000793
      0.1           33.65       4      20     0.0078     0.493      0.08628    0.04479          -0.08197     -0.3279           0.8429      0.6728          0.3576          0.1027        0.9545     0.5847        0.001228
     0.15           33.64       4      20   0.007676    0.4982       0.1401    0.06359          -0.06285     -0.2514           0.8684      0.6525          0.3483          0.1425        0.9337     0.4998        0.003263
      0.2           33.64       4      20   0.007578    0.5033       0.1973    0.08152          -0.04463     -0.1785           0.8864      0.6238          0.3399          0.1947        0.8972     0.4127        0.008595
      0.3           33.64       4      20   0.007425    0.5137       0.3084      0.118          -0.00756    -0.03024           0.9318       0.575          0.3255          0.3579         0.805     0.2603         0.05633
      0.4           33.63       4      20   0.007315    0.5242       0.4166     0.1549           0.02992      0.1197           0.9856      0.5168          0.3118          0.6676        0.6795     0.1363          0.3563
      0.6           33.62       4      20   0.006982    0.5443         0.62     0.2248             0.101      0.4039            1.078      0.4218           0.284           2.167        0.4108    0.02733           10.27
      0.8           33.63       4      20   0.006701    0.5633        0.816      0.292            0.1693       0.677            1.184      0.3263          0.2578           6.852        0.1975   0.004833           257.5
        1           33.61       4      20   0.006369    0.5842        1.026     0.3649            0.2433      0.9731            1.307      0.2388           0.235              23       0.07617  0.0006667       1.396e+04
     1.25           33.62       4      20   0.005921    0.6095        1.285     0.4517            0.3316       1.326            1.475       0.145          0.2107           101.5       0.02617  0.0001667        6.53e+05
      1.5           33.62       4      20   0.005571    0.6357        1.552      0.543            0.4243       1.697            1.667      0.0825          0.1945           475.8      0.008667          0       8.197e+07

=== 1h P3|B|100
 edge_pct  trades_per_30d  mean_N  mean_L  liq_share  tp_share  drift_H_pct  gross_pct  net_notional_pct  eq_ret_pct  30d_median_mult  30d_p_loss  30d_mdd_median  1y_median_mult  1y_p_below50  1y_p_ruin  IS_median_mult
        0           28.54       4      20    0.01461    0.1175     0.001323   0.001259           -0.1519     -0.6078            0.744      0.7308          0.4543         0.02354         0.987     0.8637       1.257e-05
    0.025           28.52       4      20    0.01457    0.1184      0.02198    0.01553           -0.1376     -0.5506           0.7553       0.719          0.4498         0.02865        0.9847     0.8385       2.485e-05
     0.05            28.5       4      20    0.01448    0.1197      0.04871    0.03427           -0.1188     -0.4753           0.7728      0.7028          0.4442         0.03612        0.9782     0.8027       4.846e-05
    0.075           28.47       4      20    0.01436    0.1208      0.07235    0.05096           -0.1021     -0.4082           0.7893      0.6882          0.4371         0.04567        0.9712     0.7677       0.0001107
      0.1           28.45       4      20    0.01429    0.1218      0.09778    0.06677           -0.0862     -0.3448           0.8072      0.6752          0.4293         0.05711        0.9625     0.7332       0.0001882
     0.15           28.39       4      20    0.01412    0.1238       0.1489    0.09967          -0.05318     -0.2127           0.8345      0.6482            0.42         0.09119        0.9402     0.6402       0.0006741
      0.2           28.35       4      20    0.01391    0.1262       0.2059     0.1355          -0.01723     -0.0689           0.8678       0.618          0.4088          0.1476        0.9077     0.5387        0.002987
      0.3           28.27       4      20    0.01369    0.1304       0.3103     0.1986           0.04613      0.1845           0.9255      0.5625          0.3893          0.3624        0.8177     0.3628         0.02996
      0.4           28.18       4      20    0.01331    0.1352       0.4174     0.2673            0.1151      0.4605           0.9947      0.5042          0.3721          0.9188        0.6872     0.2033          0.6023
      0.6              28       4      20    0.01276    0.1433       0.6177      0.394            0.2422       0.969            1.135      0.3955          0.3356           5.045        0.4125    0.04633           100.4
      0.8           27.84       4      20    0.01219     0.152       0.8135     0.5229            0.3716       1.486            1.308       0.293          0.3035           27.66        0.2038   0.006333       1.403e+04
        1           27.64       4      20    0.01172     0.161        1.026     0.6578             0.507       2.028            1.503       0.207          0.2743           160.5       0.08583  0.0008333       2.206e+06
     1.25           27.43       4      20    0.01078    0.1712        1.285     0.8161             0.666       2.664            1.766      0.1198          0.2417            1257        0.0335          0       7.633e+08
      1.5           27.22       4      20   0.009951    0.1831        1.551     0.9831            0.8337       3.335            2.087     0.06167          0.2139       1.087e+04       0.01217          0        6.02e+11

=== 1h P4|A|10
 edge_pct  trades_per_30d  mean_N  mean_L  liq_share  tp_share  drift_H_pct  gross_pct  net_notional_pct  eq_ret_pct  30d_median_mult  30d_p_loss  30d_mdd_median  1y_median_mult  1y_p_below50  1y_p_ruin  IS_median_mult
        0           43.03      20      50     0.1539    0.8392      -0.0174   -0.06613           -0.2326      -4.651          0.07123      0.9868          0.9433       1.546e-15             1          1       5.451e-44
    0.025           43.04      20      50      0.153    0.8402     0.004575   -0.06454           -0.2305      -4.611           0.0733      0.9862          0.9421       2.073e-15             1          1       1.172e-43
     0.05           43.04      20      50      0.152    0.8412      0.03092   -0.06288           -0.2284      -4.568          0.07501      0.9853          0.9404         2.8e-15             1          1       1.755e-43
    0.075           43.05      20      50     0.1511    0.8423      0.05404   -0.06116           -0.2262      -4.524          0.07665      0.9848          0.9389       3.447e-15             1          1       5.145e-43
      0.1           43.06      20      50     0.1504    0.8431      0.07767   -0.05989           -0.2246      -4.492          0.07788      0.9837          0.9382       4.385e-15             1          1       5.766e-43
     0.15           43.07      20      50     0.1489    0.8448        0.129   -0.05713           -0.2211      -4.422          0.07989      0.9827          0.9359       6.607e-15             1          1       1.254e-42
      0.2           43.08      20      50     0.1476    0.8462       0.1838   -0.05489           -0.2182      -4.364           0.0819      0.9825          0.9342       1.004e-14             1          1       8.019e-42
      0.3            43.1      20      50     0.1447    0.8494       0.2925   -0.04976           -0.2117      -4.234          0.08685      0.9817          0.9298       2.486e-14             1          1       6.238e-41
      0.4           43.12      20      50     0.1422    0.8523        0.402   -0.04519           -0.2059      -4.117          0.09074      0.9803          0.9266       5.298e-14             1          1       1.574e-39
      0.6           43.17      20      50     0.1362    0.8591       0.6015    -0.0346           -0.1923      -3.847           0.1034      0.9748          0.9155       2.899e-13             1          1       4.036e-37
      0.8           43.24      20      50     0.1304    0.8657       0.8007   -0.02413            -0.179       -3.58           0.1308      0.9665          0.9028       1.615e-12             1          1       9.161e-35
        1           43.29      20      50     0.1255    0.8712        1.003   -0.01531           -0.1678      -3.356            0.143      0.9587          0.8922       6.952e-12             1          1       2.712e-33
     1.25           43.35      20      50     0.1187    0.8787        1.256    -0.0033           -0.1525      -3.049           0.1588      0.9495           0.875       5.118e-11             1          1       3.266e-31
      1.5           43.42      20      50     0.1114    0.8868        1.518   0.009658           -0.1359      -2.719           0.1958       0.934          0.8543        4.72e-10             1          1       5.306e-28

=== 1h P4|B|10
 edge_pct  trades_per_30d  mean_N  mean_L  liq_share  tp_share  drift_H_pct  gross_pct  net_notional_pct  eq_ret_pct  30d_median_mult  30d_p_loss  30d_mdd_median  1y_median_mult  1y_p_below50  1y_p_ruin  IS_median_mult
        0           43.44      20      50     0.1068    0.8229       -0.017   -0.06804           -0.2148      -4.296          0.09172      0.9855          0.9233       4.026e-14             1          1       5.367e-40
    0.025           43.44      20      50     0.1064    0.8239     0.004572   -0.06656           -0.2131      -4.262          0.09438      0.9848          0.9213       4.956e-14             1          1       6.638e-40
     0.05           43.45      20      50     0.1057    0.8249      0.03063   -0.06497           -0.2112      -4.224           0.0952      0.9842          0.9206       6.421e-14             1          1       8.872e-40
    0.075           43.45      20      50     0.1052     0.826       0.0538   -0.06347           -0.2094      -4.189          0.09683      0.9835          0.9199       7.703e-14             1          1       3.468e-39
      0.1           43.46      20      50      0.105    0.8269      0.07749   -0.06225           -0.2081      -4.161          0.09813       0.983          0.9189       9.355e-14             1          1       3.618e-39
     0.15           43.46      20      50     0.1041    0.8287       0.1288   -0.05957           -0.2049      -4.098          0.09957      0.9817          0.9172       1.437e-13             1          1       1.424e-38
      0.2           43.47      20      50     0.1035    0.8301       0.1836    -0.0576           -0.2026      -4.052           0.1015      0.9818          0.9146       1.873e-13             1          1       4.531e-38
      0.3           43.48      20      50     0.1019    0.8332        0.292   -0.05308           -0.1972      -3.945           0.1086      0.9803            0.91       3.871e-13             1          1       1.999e-37
      0.4           43.49      20      50     0.1008    0.8361       0.4009   -0.04906           -0.1926      -3.852           0.1153      0.9777          0.9057       7.057e-13             1          1       1.777e-36
      0.6           43.52      20      50    0.09801    0.8425       0.6002   -0.03981           -0.1818      -3.636           0.1312      0.9723          0.8938       2.628e-12             1          1       1.459e-34
      0.8           43.57      20      50    0.09486    0.8491       0.7988   -0.03025           -0.1705      -3.411           0.1495      0.9658          0.8801        1.12e-11             1          1       9.361e-33
        1           43.59      20      50    0.09275    0.8545        1.001   -0.02257           -0.1617      -3.233           0.1625      0.9623          0.8711       3.566e-11             1          1       5.091e-31
     1.25           43.63      20      50    0.08954    0.8618        1.253   -0.01209           -0.1494      -2.988           0.1849      0.9535          0.8563       1.714e-10             1          1       2.529e-29
      1.5           43.68      20      50    0.08591    0.8696        1.516  -0.000778           -0.1361      -2.723           0.2164      0.9395          0.8361       8.894e-10             1          1        6.66e-27

=== 1h P4|C|10
 edge_pct  trades_per_30d  mean_N  mean_L  liq_share  tp_share  drift_H_pct  gross_pct  net_notional_pct  eq_ret_pct  30d_median_mult  30d_p_loss  30d_mdd_median  1y_median_mult  1y_p_below50  1y_p_ruin  IS_median_mult
        0           44.06      20      50          0    0.6683      -0.0181    -0.1142           -0.2225      -4.451           0.1116      0.9992          0.8975       1.495e-12             1          1       2.887e-35
    0.025           44.06      20      50          0    0.6693     0.003647    -0.1133           -0.2215      -4.431           0.1137      0.9992          0.8959       1.715e-12             1          1       4.952e-35
     0.05           44.06      20      50          0    0.6704      0.02964    -0.1123           -0.2205       -4.41           0.1142      0.9992          0.8952        1.93e-12             1          1       6.488e-35
    0.075           44.07      20      50          0    0.6714      0.05275    -0.1114           -0.2195       -4.39            0.116      0.9992          0.8934       2.161e-12             1          1       9.717e-35
      0.1           44.07      20      50          0    0.6723      0.07645    -0.1104           -0.2186      -4.371           0.1164       0.999          0.8932       2.445e-12             1          1       1.343e-34
     0.15           44.07      20      50          0     0.674       0.1275    -0.1088           -0.2169      -4.337           0.1188       0.999          0.8909       3.016e-12             1          1       2.917e-34
      0.2           44.07      20      50          0    0.6755       0.1826    -0.1075           -0.2154      -4.308           0.1214      0.9988          0.8884       3.584e-12             1          1       4.563e-34
      0.3           44.08      20      50          0    0.6787       0.2917    -0.1045           -0.2123      -4.245           0.1243      0.9987          0.8859       5.154e-12             1          1        1.38e-33
      0.4           44.07      20      50          0    0.6816       0.4004    -0.1018           -0.2094      -4.188           0.1266      0.9985          0.8837       7.002e-12             1          1       3.183e-33
      0.6           44.09      20      50          0    0.6886          0.6   -0.09526           -0.2025      -4.051           0.1352      0.9978          0.8778       1.577e-11             1          1       4.118e-32
      0.8           44.12      20      50          0    0.6954       0.7989   -0.08885           -0.1958      -3.916           0.1443       0.998          0.8682        3.42e-11             1          1       5.752e-31
        1           44.14      20      50          0    0.7019        1.001   -0.08269           -0.1893      -3.786           0.1548      0.9965          0.8604       7.092e-11             1          1       7.651e-30
     1.25           44.16      20      50          0    0.7089        1.254   -0.07616           -0.1824      -3.648            0.167      0.9955          0.8508       1.549e-10             1          1       3.002e-29
      1.5           44.19      20      50          0    0.7171        1.516    -0.0684           -0.1742      -3.484             0.18      0.9933          0.8384       4.145e-10             1          1       5.271e-28

=== 1h P4|B|100
 edge_pct  trades_per_30d  mean_N  mean_L  liq_share  tp_share  drift_H_pct  gross_pct  net_notional_pct  eq_ret_pct  30d_median_mult  30d_p_loss  30d_mdd_median  1y_median_mult  1y_p_below50  1y_p_ruin  IS_median_mult
        0           33.37      20      50     0.3391    0.3367    -0.009027   -0.01214           -0.2894      -5.788          0.01683       0.973          0.9909       3.625e-23             1          1       3.654e-66
    0.025           33.36      20      50     0.3379    0.3389      0.01303  -0.003738           -0.2804      -5.607          0.01823      0.9715          0.9904       7.537e-23             1          1       5.265e-65
     0.05           33.35      20      50     0.3357     0.342      0.04126   0.008129           -0.2674      -5.348           0.0201        0.97          0.9895       2.307e-22             1          1        2.07e-64
    0.075           33.34      20      50     0.3342    0.3446      0.06544    0.01831           -0.2564      -5.129          0.02145      0.9662          0.9887       6.625e-22             1          1       5.322e-63
      0.1           33.33      20      50     0.3329    0.3468      0.09076    0.02689           -0.2472      -4.944          0.02299      0.9633           0.988       1.435e-21             1          1       5.854e-62
     0.15           33.31      20      50     0.3299    0.3514       0.1455    0.04538           -0.2272      -4.545          0.02603       0.957          0.9864       7.542e-21             1          1       1.636e-60
      0.2           33.29      20      50     0.3272    0.3557       0.2036    0.06274           -0.2085       -4.17          0.02974      0.9513          0.9849       4.386e-20             1          1       1.095e-57
      0.3           33.26      20      50     0.3212    0.3649       0.3141    0.09959           -0.1687      -3.373          0.03922      0.9382          0.9818       1.239e-18             1          1        2.99e-53
      0.4           33.22      20      50     0.3155    0.3743       0.4232      0.136           -0.1293      -2.586          0.05064      0.9197           0.978       3.495e-17             1          1       4.771e-49
      0.6           33.15      20      50     0.3045     0.392       0.6262      0.206          -0.05374      -1.075          0.08671       0.871          0.9672       2.272e-14             1          1       3.494e-41
      0.8            33.1      20      50     0.2935    0.4093       0.8258     0.2741           0.01991      0.3982           0.1412      0.8067          0.9532        1.16e-11             1          1       1.237e-32
        1           33.02      20      50     0.2818    0.4275        1.035     0.3456           0.09726       1.945           0.2437      0.7358          0.9355       7.766e-09        0.9987     0.9947       9.035e-25
     1.25           32.94      20      50     0.2686    0.4493        1.298     0.4325            0.1909       3.817           0.4777      0.6332          0.9063       2.183e-05        0.9885     0.9598       1.381e-14
      1.5           32.85      20      50     0.2532    0.4727        1.567     0.5243            0.2903       5.807           0.9471      0.5065          0.8695          0.0951        0.9257     0.7998        0.002036

=== 1h P5|A|10
 edge_pct  trades_per_30d  mean_N  mean_L  liq_share  tp_share  drift_H_pct  gross_pct  net_notional_pct  eq_ret_pct  30d_median_mult  30d_p_loss  30d_mdd_median  1y_median_mult  1y_p_below50  1y_p_ruin  IS_median_mult
        0           39.64   6.262   28.31    0.08615     0.874     -0.01793     0.0067           -0.1306     -0.8391            0.662      0.8247          0.4708        0.004776        0.9995      0.983       1.793e-07
    0.025           39.65   6.262   28.32    0.08536    0.8752     0.003784    0.01007           -0.1269     -0.8162           0.6686      0.8198          0.4672        0.005437        0.9993     0.9793       2.919e-07
     0.05           39.68   6.263   28.32    0.08448    0.8765      0.03026      0.014           -0.1225     -0.7915           0.6767      0.8133          0.4611        0.006174         0.999     0.9765       4.054e-07
    0.075            39.7   6.263   28.32    0.08349     0.878      0.05425    0.01836           -0.1176     -0.7625           0.6883      0.8052          0.4547        0.007212        0.9987     0.9698       6.305e-07
      0.1           39.72   6.263   28.32    0.08271    0.8792      0.07818     0.0217           -0.1139     -0.7394           0.6924      0.8002          0.4523        0.008204        0.9985      0.964       9.937e-07
     0.15           39.76   6.263   28.32    0.08116    0.8817       0.1306    0.02914           -0.1056     -0.6937           0.7074      0.7862          0.4426         0.01037         0.998     0.9515        1.72e-06
      0.2            39.8   6.264   28.32    0.07969    0.8841       0.1846    0.03612          -0.09785     -0.6491           0.7222      0.7702           0.434         0.01329        0.9973     0.9317        3.57e-06
      0.3           39.87   6.265   28.32    0.07659    0.8891       0.2951    0.05061          -0.08173     -0.5567           0.7507      0.7453          0.4197         0.02134        0.9943     0.8843        1.36e-05
      0.4           39.95   6.266   28.32    0.07351    0.8939       0.4033    0.06426          -0.06647     -0.4671           0.7802      0.7135          0.4037         0.03391        0.9872     0.8175        4.41e-05
      0.6           40.08   6.268   28.33    0.06695    0.9039       0.6044    0.09268          -0.03464      -0.278           0.8454      0.6522           0.373         0.09341        0.9468     0.6157        0.001151
      0.8           40.26   6.271   28.34    0.06142     0.913       0.8003     0.1178         -0.006596     -0.1125            0.914      0.5857          0.3493          0.2249        0.8585      0.394         0.01216
        1           40.45   6.273   28.35    0.05499    0.9229        1.003     0.1462           0.02516     0.07524           0.9989      0.5007          0.3178          0.6171        0.6823     0.1622          0.3071
     1.25           40.64   6.275   28.35    0.04771    0.9348        1.254     0.1793           0.06205      0.2925            1.091      0.4058          0.2663           2.027           0.4    0.03067           7.843
      1.5           40.85   6.278   28.36    0.04002    0.9467        1.514     0.2131            0.0999      0.5186            1.212      0.2932            0.23           7.148        0.1577      0.002           245.3

=== 1h P5|B|10
 edge_pct  trades_per_30d  mean_N  mean_L  liq_share  tp_share  drift_H_pct  gross_pct  net_notional_pct  eq_ret_pct  30d_median_mult  30d_p_loss  30d_mdd_median  1y_median_mult  1y_p_below50  1y_p_ruin  IS_median_mult
        0           41.62   6.284   28.38   0.003824    0.8098     -0.01839  -0.009403           -0.1135     -0.7022           0.7244       0.858          0.3772         0.01538        0.9998     0.9673       5.343e-06
    0.025           41.63   6.284   28.38   0.003835     0.811      0.00312  -0.007027            -0.111     -0.6878           0.7276       0.853          0.3752          0.0166        0.9998     0.9623       6.648e-06
     0.05           41.64   6.284   28.38     0.0038    0.8124      0.02954  -0.004036            -0.108     -0.6713            0.734       0.847          0.3703         0.01795        0.9995     0.9568       8.209e-06
    0.075           41.65   6.284   28.38   0.003765    0.8139      0.05291   -0.00127           -0.1051      -0.654           0.7399      0.8425          0.3668         0.01991        0.9993     0.9478       9.384e-06
      0.1           41.65   6.284   28.38   0.003754    0.8151      0.07684   0.001107           -0.1026     -0.6394           0.7444      0.8382          0.3642         0.02162        0.9995     0.9415       1.152e-05
     0.15           41.66   6.283   28.38   0.003685    0.8176       0.1289   0.006561          -0.09703     -0.6085           0.7513      0.8268          0.3578         0.02542        0.9995      0.919       2.208e-05
      0.2           41.67   6.284   28.38   0.003628    0.8198       0.1838    0.01113          -0.09232     -0.5822           0.7599      0.8162          0.3537          0.0292        0.9987      0.902       3.169e-05
      0.3            41.7   6.285   28.38   0.003547    0.8243       0.2926    0.02042          -0.08276     -0.5292           0.7768       0.796          0.3446         0.03882        0.9977     0.8572       9.257e-05
      0.4           41.72   6.284   28.38     0.0035    0.8288       0.4004    0.02937          -0.07354      -0.476           0.7927      0.7722           0.334         0.05129        0.9957     0.7838       0.0001611
      0.6           41.75   6.285   28.39   0.003362    0.8381       0.6018    0.04772          -0.05464     -0.3667           0.8338       0.726          0.3144         0.09128         0.981     0.6047       0.0008874
      0.8           41.84   6.287   28.39   0.003232     0.847       0.7985    0.06556          -0.03627     -0.2617           0.8693        0.68           0.295          0.1604        0.9343      0.396         0.00496
        1           41.89   6.289    28.4   0.003115     0.856        1.002    0.08356          -0.01774     -0.1556           0.9124       0.627          0.2734          0.2815        0.8495     0.2165         0.02592
     1.25           41.98    6.29    28.4   0.002919    0.8667        1.254     0.1051          0.004468    -0.02969           0.9625       0.552           0.252          0.5392        0.6698    0.07667          0.1641
      1.5           42.05   6.292   28.41    0.00278    0.8782        1.517     0.1282           0.02824       0.106            1.022      0.4695          0.2297            1.13         0.407     0.0135           1.528

=== 1h P5|C|10
 edge_pct  trades_per_30d  mean_N  mean_L  liq_share  tp_share  drift_H_pct  gross_pct  net_notional_pct  eq_ret_pct  30d_median_mult  30d_p_loss  30d_mdd_median  1y_median_mult  1y_p_below50  1y_p_ruin  IS_median_mult
        0           41.67   6.273   28.35          0    0.7989     -0.01858   -0.02175           -0.1247     -0.7388           0.7083      0.8667          0.3817         0.01308             1      0.977       2.941e-06
    0.025           41.67   6.273   28.35          0    0.8002       0.0031   -0.01943           -0.1223     -0.7247           0.7124      0.8615          0.3789         0.01412             1     0.9735       3.967e-06
     0.05           41.68   6.273   28.35          0    0.8017      0.02973   -0.01632           -0.1191     -0.7077           0.7183      0.8565          0.3747         0.01537             1     0.9707       5.621e-06
    0.075           41.69   6.273   28.35          0    0.8031      0.05316   -0.01358           -0.1163     -0.6906           0.7263      0.8522          0.3706         0.01671        0.9998     0.9633       7.309e-06
      0.1            41.7   6.273   28.35          0    0.8044       0.0771   -0.01133            -0.114      -0.676           0.7315       0.847           0.367         0.01821        0.9997      0.958       8.164e-06
     0.15           41.71   6.273   28.35          0     0.807       0.1289  -0.006153           -0.1087     -0.6462           0.7421      0.8375          0.3629         0.02142        0.9997     0.9432        1.49e-05
      0.2           41.72   6.273   28.35          0    0.8091       0.1837  -0.002175           -0.1046     -0.6215           0.7516      0.8265          0.3573         0.02442         0.999     0.9305       2.526e-05
      0.3           41.75   6.274   28.35          0    0.8138       0.2924   0.007166          -0.09498     -0.5669           0.7668      0.8078          0.3474          0.0324        0.9988     0.8922       5.085e-05
      0.4           41.77   6.274   28.35          0    0.8183       0.4003    0.01566          -0.08625     -0.5153           0.7794      0.7917          0.3374         0.04217         0.998     0.8373       0.0001202
      0.6           41.81   6.275   28.35          0    0.8277       0.6019    0.03319          -0.06822     -0.4091           0.8208       0.747          0.3149          0.0747        0.9895     0.6732       0.0005371
      0.8           41.89   6.278   28.36          0    0.8368       0.7992    0.05073          -0.05019     -0.3051           0.8544      0.7033           0.298          0.1313        0.9617     0.4698        0.002573
        1           41.95    6.28   28.37          0    0.8458        1.003    0.06779          -0.03265     -0.2009           0.8917      0.6503          0.2762          0.2246        0.8888     0.2742         0.01411
     1.25           42.04   6.281   28.37          0    0.8566        1.256    0.08825          -0.01162    -0.07849           0.9439      0.5835          0.2528          0.4303        0.7378     0.1023         0.07951
      1.5           42.11   6.284   28.38          0    0.8682        1.519     0.1107           0.01146     0.05598            1.003       0.496          0.2308           0.894        0.4887     0.0205          0.8237

=== 1h P5|B|100
 edge_pct  trades_per_30d  mean_N  mean_L  liq_share  tp_share  drift_H_pct  gross_pct  net_notional_pct  eq_ret_pct  30d_median_mult  30d_p_loss  30d_mdd_median  1y_median_mult  1y_p_below50  1y_p_ruin  IS_median_mult
        0           29.04   6.241   28.23    0.01434    0.1732     0.005901  -0.001679           -0.1515     -0.8913           0.6304      0.7668          0.5663        0.003314        0.9973     0.9673       7.318e-08
    0.025           29.02   6.241   28.22     0.0143    0.1747      0.02669    0.01235           -0.1374     -0.8109           0.6491      0.7538          0.5598        0.004327        0.9958     0.9575       1.446e-07
     0.05           29.01    6.24   28.22    0.01421    0.1767       0.0535    0.03038           -0.1192     -0.7119            0.668      0.7403          0.5536        0.005974         0.995     0.9402       3.025e-07
    0.075           28.98    6.24   28.22    0.01409    0.1786      0.07742    0.04683           -0.1026     -0.6178           0.6858      0.7232          0.5468        0.008099        0.9915      0.922       7.399e-07
      0.1           28.97   6.241   28.22    0.01403    0.1802       0.1027    0.06179          -0.08759     -0.5339           0.7033      0.7082          0.5383         0.01095        0.9885      0.903       1.516e-06
     0.15           28.93    6.24   28.22    0.01388    0.1831       0.1541    0.09325          -0.05596     -0.3612           0.7392      0.6825          0.5274          0.0199        0.9785      0.852       1.031e-05
      0.2           28.89    6.24   28.23    0.01367    0.1867       0.2102      0.127          -0.02193      -0.173           0.7753      0.6538          0.5157         0.04023        0.9645       0.78       6.386e-05
      0.3           28.82   6.239   28.22    0.01344    0.1927       0.3137      0.187           0.03832      0.1623           0.8503       0.601          0.4914          0.1293        0.9123     0.6143        0.003034
      0.4           28.75   6.239   28.22    0.01307    0.1997         0.42     0.2535            0.1053      0.5264           0.9427      0.5363          0.4696          0.4528         0.815     0.4113           0.101
      0.6           28.61   6.237   28.21    0.01252    0.2126       0.6186     0.3768            0.2293       1.221            1.135      0.4172          0.4237           4.715        0.5447     0.1185           103.2
      0.8           28.47   6.236   28.21    0.01195    0.2248       0.8141     0.5005            0.3537       1.901            1.372      0.3082          0.3858           49.17         0.298    0.01983       5.527e+04
        1           28.31   6.236   28.21    0.01146    0.2383        1.025     0.6309            0.4848       2.625            1.684       0.212          0.3467           550.7        0.1363   0.002333       1.285e+08
     1.25           28.14   6.236   28.21    0.01053    0.2541        1.283     0.7846            0.6395        3.49            2.134      0.1187          0.3026            9828        0.0565          0       3.966e+11
      1.5           27.96   6.237   28.21   0.009704     0.271        1.547     0.9453            0.8012       4.373            2.674     0.06067          0.2744       1.772e+05       0.02167          0       2.567e+15

=== 1h P5c|A|10
 edge_pct  trades_per_30d  mean_N  mean_L  liq_share  tp_share  drift_H_pct  gross_pct  net_notional_pct  eq_ret_pct  30d_median_mult  30d_p_loss  30d_mdd_median  1y_median_mult  1y_p_below50  1y_p_ruin  IS_median_mult
        0           39.64   5.663   28.31    0.08615     0.874     -0.01793     0.0067           -0.1306     -0.7575           0.6937      0.8187          0.4395        0.008753        0.9988     0.9698       1.064e-06
    0.025           39.65    5.72   28.32    0.08536    0.8752     0.003784    0.01007           -0.1269     -0.7266           0.7021        0.81          0.4338         0.01027        0.9987     0.9618       1.922e-06
     0.05           39.68   5.787   28.32    0.08448    0.8765      0.03026      0.014           -0.1225     -0.6901           0.7145      0.7995          0.4271          0.0124        0.9987      0.952       2.707e-06
    0.075            39.7   5.851   28.32    0.08349     0.878      0.05425    0.01836           -0.1176     -0.6511           0.7302      0.7847          0.4196         0.01494        0.9977     0.9348       4.911e-06
      0.1           39.72   5.917   28.32    0.08271    0.8792      0.07818     0.0217           -0.1139      -0.617           0.7393      0.7745          0.4164         0.01756        0.9967     0.9168       9.487e-06
     0.15           39.76   6.045   28.32    0.08116    0.8817       0.1306    0.02914           -0.1056     -0.5518           0.7587      0.7497          0.4066         0.02444        0.9945     0.8762       2.218e-05
      0.2            39.8    6.18   28.32    0.07969    0.8841       0.1846    0.03612          -0.09785     -0.4896           0.7763      0.7235          0.3981         0.03322        0.9895     0.8313        4.57e-05
      0.3           39.87    6.45   28.32    0.07659    0.8891       0.2951    0.05061          -0.08173     -0.3538           0.8202       0.676          0.3828         0.06403        0.9708     0.7063       0.0003343
      0.4           39.95    6.71   28.32    0.07351    0.8939       0.4033    0.06426          -0.06647     -0.2266           0.8641      0.6313          0.3685          0.1154        0.9307      0.571        0.001587
      0.6           40.08   7.237   28.33    0.06695    0.9039       0.6044    0.09268          -0.03464     0.04232           0.9665      0.5305          0.3487          0.4171        0.7758     0.2913         0.06662
      0.8           40.26   7.764   28.34    0.06142     0.913       0.8003     0.1178         -0.006596      0.2816            1.068      0.4463          0.3366           1.305        0.5878     0.1288           2.481
        1           40.45   8.305   28.35    0.05499    0.9229        1.003     0.1462           0.02516      0.5531            1.195      0.3602          0.3151           4.836        0.3865     0.0395           74.88
     1.25           40.64   8.963   28.35    0.04771    0.9348        1.254     0.1793           0.06205      0.8717            1.367      0.2683          0.2912           23.31        0.2165     0.0095            7459
      1.5           40.85   9.625   28.36    0.04002    0.9467        1.514     0.2131            0.0999       1.199            1.562      0.1973          0.2629           120.7         0.134   0.003833       9.236e+05

=== 1h P5c|B|10
 edge_pct  trades_per_30d  mean_N  mean_L  liq_share  tp_share  drift_H_pct  gross_pct  net_notional_pct  eq_ret_pct  30d_median_mult  30d_p_loss  30d_mdd_median  1y_median_mult  1y_p_below50  1y_p_ruin  IS_median_mult
        0           41.62   5.677   28.38   0.003824    0.8098     -0.01839  -0.009403           -0.1135     -0.6359           0.7479      0.8497          0.3535         0.02346        0.9993     0.9403       1.521e-05
    0.025           41.63   5.734   28.38   0.003835     0.811      0.00312  -0.007027            -0.111     -0.6183           0.7539      0.8407          0.3512         0.02554        0.9993     0.9302       1.702e-05
     0.05           41.64   5.802   28.38     0.0038    0.8124      0.02954  -0.004036            -0.108     -0.5941           0.7619      0.8302          0.3463         0.02864         0.999     0.9137       2.709e-05
    0.075           41.65   5.866   28.38   0.003765    0.8139      0.05291   -0.00127           -0.1051     -0.5726           0.7688      0.8203          0.3416         0.03176        0.9987     0.8947        3.99e-05
      0.1           41.65   5.932   28.38   0.003754    0.8151      0.07684   0.001107           -0.1026      -0.553           0.7766      0.8122          0.3389         0.03512         0.998     0.8773       5.565e-05
     0.15           41.66   6.061   28.38   0.003685    0.8176       0.1289   0.006561          -0.09703     -0.5134           0.7865      0.7915          0.3358         0.04222         0.997     0.8355       9.792e-05
      0.2           41.67   6.195   28.38   0.003628    0.8198       0.1838    0.01113          -0.09232     -0.4819           0.7958      0.7717          0.3341         0.04928        0.9948     0.7985       0.0001702
      0.3            41.7   6.466   28.38   0.003547    0.8243       0.2926    0.02042          -0.08276     -0.4121           0.8138      0.7402          0.3287          0.0677        0.9885     0.7017       0.0003844
      0.4           41.72   6.727   28.38     0.0035    0.8288       0.4004    0.02937          -0.07354     -0.3428            0.833         0.7          0.3251         0.09307        0.9737     0.6088       0.0007842
      0.6           41.75   7.255   28.39   0.003362    0.8381       0.6018    0.04772          -0.05464     -0.2007           0.8855      0.6342          0.3168          0.1778         0.909     0.4115        0.006827
      0.8           41.84   7.782   28.39   0.003232     0.847       0.7985    0.06556          -0.03627    -0.06622           0.9313      0.5738          0.3148          0.3355        0.8128     0.2643         0.04263
        1           41.89   8.323    28.4   0.003115     0.856        1.002    0.08356          -0.01774     0.07638           0.9858      0.5142          0.3112          0.6293        0.6917     0.1535          0.2829
     1.25           41.98   8.979    28.4   0.002919    0.8667        1.254     0.1051          0.004468      0.2409            1.046      0.4555          0.3112           1.393        0.5362     0.0805           2.532
      1.5           42.05   9.644   28.41    0.00278    0.8782        1.517     0.1282           0.02824      0.4176            1.122      0.3903          0.3116           3.125           0.4    0.04033            30.4

=== 1h P5c|C|10
 edge_pct  trades_per_30d  mean_N  mean_L  liq_share  tp_share  drift_H_pct  gross_pct  net_notional_pct  eq_ret_pct  30d_median_mult  30d_p_loss  30d_mdd_median  1y_median_mult  1y_p_below50  1y_p_ruin  IS_median_mult
        0           41.67    5.67   28.35          0    0.7989     -0.01858   -0.02175           -0.1247     -0.6765           0.7325      0.8623          0.3556         0.01963             1     0.9592       9.792e-06
    0.025           41.67   5.728   28.35          0    0.8002       0.0031   -0.01943           -0.1223     -0.6592           0.7375      0.8567          0.3534         0.02125             1     0.9507       1.412e-05
     0.05           41.68   5.795   28.35          0    0.8017      0.02973   -0.01632           -0.1191     -0.6345           0.7464       0.848          0.3477         0.02416             1     0.9368       2.306e-05
    0.075           41.69   5.859   28.35          0    0.8031      0.05316   -0.01358           -0.1163     -0.6137           0.7556      0.8385          0.3441         0.02654        0.9993     0.9242       2.434e-05
      0.1            41.7   5.925   28.35          0    0.8044       0.0771   -0.01133            -0.114      -0.595           0.7609      0.8302          0.3412         0.02912        0.9992     0.9118       3.684e-05
     0.15           41.71   6.053   28.35          0     0.807       0.1289  -0.006153           -0.1087     -0.5581           0.7714      0.8122            0.34         0.03449        0.9987     0.8832       6.404e-05
      0.2           41.72   6.188   28.35          0    0.8091       0.1837  -0.002175           -0.1046     -0.5304           0.7819      0.7962          0.3375         0.03861        0.9975     0.8513       8.914e-05
      0.3           41.75   6.459   28.35          0    0.8138       0.2924   0.007166          -0.09498     -0.4599           0.8004      0.7643          0.3308         0.05456        0.9947      0.771       0.0002467
      0.4           41.77   6.719   28.35          0    0.8183       0.4003    0.01566          -0.08625     -0.3952           0.8193      0.7298          0.3284         0.07263        0.9868     0.6782       0.0005486
      0.6           41.81   7.246   28.35          0    0.8277       0.6019    0.03319          -0.06822     -0.2631           0.8649      0.6572          0.3227          0.1345         0.944     0.4962        0.002449
      0.8           41.89   7.773   28.36          0    0.8368       0.7992    0.05073          -0.05019      -0.136           0.9035      0.6042          0.3201          0.2419        0.8637     0.3333         0.01322
        1           41.95   8.314   28.37          0    0.8458        1.003    0.06779          -0.03265   -0.001361           0.9547      0.5497          0.3166          0.4408        0.7597     0.2053         0.09429
     1.25           42.04   8.971   28.37          0    0.8566        1.256    0.08825          -0.01162      0.1544            1.008      0.4902          0.3156          0.9007        0.6213     0.1103          0.6971
      1.5           42.11   9.635   28.38          0    0.8682        1.519     0.1107           0.01146      0.3219            1.079      0.4298          0.3156           1.965         0.476    0.05067           9.178

=== 1h P6|B|none
 edge_pct  trades_per_30d  mean_N  mean_L  liq_share  tp_share  drift_H_pct  gross_pct  net_notional_pct  eq_ret_pct  30d_median_mult  30d_p_loss  30d_mdd_median  1y_median_mult  1y_p_below50  1y_p_ruin  IS_median_mult
        0           27.55  0.6028   9.946          0         0      0.00639   -0.02264           -0.1766    -0.08764           0.9713      0.6763         0.07168          0.7146         0.083          0          0.3942
    0.025           27.52  0.6028   9.946          0         0      0.02684  -0.007858           -0.1618    -0.07956           0.9731      0.6642          0.0703           0.735       0.06667          0          0.4182
     0.05           27.49  0.6029   9.946          0         0      0.05348    0.01098            -0.143    -0.07022           0.9755      0.6483         0.06896          0.7589         0.052          0          0.4579
    0.075           27.45  0.6029   9.946          0         0      0.07594    0.02801            -0.126    -0.06123           0.9783       0.634          0.0675          0.7814       0.03717          0          0.5162
      0.1           27.42   0.603   9.946          0         0       0.1017    0.04623           -0.1078    -0.05237            0.981      0.6193         0.06623          0.8044         0.028          0          0.5443
     0.15           27.36   0.603   9.946          0         0       0.1528    0.08174          -0.07242    -0.03423           0.9854      0.5945         0.06451          0.8549       0.01517          0          0.6438
      0.2           27.29  0.6032   9.946          0         0       0.2095     0.1213          -0.03297    -0.01481             0.99      0.5618         0.06171          0.9163      0.006333          0          0.7771
      0.3           27.19  0.6032   9.946          0         0       0.3099      0.189           0.03462     0.02016           0.9993       0.504         0.05833           1.031      0.001167          0           1.116
      0.4           27.06  0.6034   9.946          0         0       0.4157     0.2638            0.1093     0.05706            1.009      0.4457         0.05464           1.162        0.0005          0           1.671
      0.6           26.83  0.6034   9.945          0         0       0.6115     0.3954            0.2406      0.1271            1.027      0.3445          0.0483           1.457             0          0           3.169
      0.8           26.63  0.6036   9.946          0         0       0.8045      0.533             0.378       0.197            1.047      0.2437         0.04168           1.816             0          0           5.648
        1           26.38  0.6038   9.946          0         0        1.014     0.6778            0.5225      0.2718            1.066      0.1662         0.03639           2.296             0          0           12.03
     1.25            26.1  0.6042   9.946          0         0        1.271     0.8534            0.6977      0.3631            1.091     0.09383         0.03054           3.036             0          0           27.15
      1.5           25.82  0.6047   9.946          0         0        1.529      1.027            0.8712      0.4536            1.115     0.04567         0.02806           3.963             0          0           57.84

=== 1h P6h|B|none
 edge_pct  trades_per_30d  mean_N  mean_L  liq_share  tp_share  drift_H_pct  gross_pct  net_notional_pct  eq_ret_pct  30d_median_mult  30d_p_loss  30d_mdd_median  1y_median_mult  1y_p_below50  1y_p_ruin  IS_median_mult
        0           27.55  0.3014   9.946          0         0      0.00639   -0.02264           -0.1766    -0.04382            0.986      0.6697         0.03631          0.8512             0          0          0.6408
    0.025           27.52  0.3014   9.946          0         0      0.02684  -0.007858           -0.1618    -0.03978            0.987       0.657          0.0356          0.8632             0          0          0.6599
     0.05           27.49  0.3014   9.946          0         0      0.05348    0.01098            -0.143    -0.03511           0.9883      0.6422         0.03489          0.8773             0          0          0.6909
    0.075           27.45  0.3014   9.946          0         0      0.07594    0.02801            -0.126    -0.03062           0.9896      0.6273         0.03418          0.8902             0          0          0.7342
      0.1           27.42  0.3015   9.946          0         0       0.1017    0.04623           -0.1078    -0.02618           0.9909       0.613         0.03354          0.9035             0          0          0.7532
     0.15           27.36  0.3015   9.946          0         0       0.1528    0.08174          -0.07242    -0.01712           0.9932      0.5868         0.03262          0.9317             0          0           0.819
      0.2           27.29  0.3016   9.946          0         0       0.2095     0.1213          -0.03297   -0.007407           0.9955      0.5548         0.03117          0.9645             0          0          0.9008
      0.3           27.19  0.3016   9.946          0         0       0.3099      0.189           0.03462     0.01008                1      0.4973         0.02947           1.023             0          0           1.082
      0.4           27.06  0.3017   9.946          0         0       0.4157     0.2638            0.1093     0.02853            1.005       0.439         0.02757           1.086             0          0           1.321
      0.6           26.83  0.3017   9.945          0         0       0.6115     0.3954            0.2406     0.06354            1.014      0.3368         0.02433           1.216             0          0           1.821
      0.8           26.63  0.3018   9.946          0         0       0.8045      0.533             0.378      0.0985            1.024      0.2398         0.02096           1.358             0          0           2.432
        1           26.38  0.3019   9.946          0         0        1.014     0.6778            0.5225      0.1359            1.033      0.1632          0.0183           1.528             0          0           3.557
     1.25            26.1  0.3021   9.946          0         0        1.271     0.8534            0.6977      0.1816            1.045     0.09117         0.01534           1.758             0          0           5.345
      1.5           25.82  0.3023   9.946          0         0        1.529      1.027            0.8712      0.2268            1.057     0.04433         0.01408           2.009             0          0           7.808

=== 1h P6|B|10
 edge_pct  trades_per_30d  mean_N  mean_L  liq_share  tp_share  drift_H_pct  gross_pct  net_notional_pct  eq_ret_pct  30d_median_mult  30d_p_loss  30d_mdd_median  1y_median_mult  1y_p_below50  1y_p_ruin  IS_median_mult
        0           36.07  0.5893   9.938          0    0.5996     -0.01628   0.009389           -0.1069    -0.06671           0.9771      0.7135         0.05155          0.7391      0.008667          0          0.4116
    0.025           36.08  0.5893   9.938          0    0.6018     0.004679    0.01533           -0.1008    -0.06303           0.9782      0.7017         0.05079          0.7509      0.006667          0          0.4406
     0.05           36.09  0.5893   9.938          0    0.6046      0.03116    0.02336          -0.09264    -0.05861           0.9796      0.6873          0.0502          0.7659      0.004333          0          0.4586
    0.075            36.1  0.5892   9.938          0    0.6075      0.05494    0.03097          -0.08489    -0.05398            0.981      0.6732         0.04929          0.7818      0.003167          0          0.4827
      0.1           36.09  0.5892   9.938          0    0.6096       0.0797    0.03665           -0.0791    -0.05046           0.9823      0.6583         0.04884          0.7935      0.002333          0          0.5146
     0.15           36.11  0.5892   9.938          0    0.6142       0.1317    0.04955          -0.06596    -0.04298           0.9848       0.637         0.04771          0.8209      0.001333          0          0.5688
      0.2           36.11  0.5892   9.938          0    0.6189       0.1885     0.0622          -0.05307    -0.03531           0.9873      0.6108         0.04649          0.8495     0.0008333          0          0.6357
      0.3           36.12  0.5892   9.938          0    0.6279       0.2984    0.08683          -0.02798    -0.02079           0.9921      0.5718         0.04407          0.9052     0.0001667          0          0.7556
      0.4           36.14  0.5892   9.938          0    0.6372       0.4066     0.1124         -0.001974   -0.005807           0.9973      0.5253         0.04113          0.9653             0          0          0.8709
      0.6           36.17  0.5889   9.938          0    0.6557       0.6102     0.1622           0.04887      0.0239            1.008      0.4255         0.03735           1.102             0          0           1.335
      0.8           36.21  0.5887   9.938          0    0.6734       0.8081     0.2102           0.09777     0.05257            1.019      0.3272         0.03365           1.249             0          0           1.878
        1           36.24  0.5885   9.938          0    0.6918        1.015     0.2613            0.1498     0.08223             1.03      0.2408         0.02994           1.424             0          0           2.803
     1.25            36.3  0.5883   9.938          0    0.7141        1.274     0.3225            0.2122      0.1182            1.043      0.1568         0.02685           1.674             0          0           4.484
      1.5           36.35  0.5881   9.938          0    0.7369        1.538     0.3849            0.2757       0.155            1.058     0.08517         0.02325           1.967             0          0            6.98

=== 4h P0|A|10
 edge_pct  trades_per_30d  mean_N  mean_L  liq_share  tp_share  drift_H_pct  gross_pct  net_notional_pct  eq_ret_pct  30d_median_mult  30d_p_loss  30d_mdd_median  1y_median_mult  1y_p_below50  1y_p_ruin  IS_median_mult
        0           10.68       1       1  4.397e-05   0.02524     -0.02596  0.0009799           -0.1576     -0.1576           0.9806      0.5792         0.08266          0.7577        0.2125      0.005          0.4279
    0.025           10.68       1       1  4.397e-05    0.0255    -0.001008    0.02638           -0.1322     -0.1322           0.9827      0.5682         0.08139          0.7834         0.192      0.005          0.4851
     0.05           10.68       1       1  4.397e-05   0.02568        0.022    0.04963            -0.109     -0.1089           0.9849      0.5588         0.08078          0.8091        0.1743      0.005          0.5524
    0.075           10.68       1       1  4.396e-05   0.02607      0.04895    0.07628          -0.08228    -0.08227           0.9873      0.5502         0.07913          0.8391        0.1543      0.005          0.5979
      0.1           10.68       1       1  4.396e-05   0.02624      0.06995     0.0971          -0.06145    -0.06145            0.989      0.5443         0.07833          0.8627        0.1383      0.005          0.6483
     0.15           10.68       1       1  4.396e-05   0.02695       0.1248      0.153         -0.005477   -0.005473           0.9936      0.5235          0.0764           0.929        0.1052      0.005          0.7869
      0.2           10.68       1       1  4.396e-05   0.02734       0.1738     0.2022           0.04374     0.04375           0.9995      0.5027         0.07351          0.9923         0.081      0.005          0.9262
      0.3           10.68       1       1  4.395e-05   0.02839       0.2698     0.2989            0.1405      0.1405            1.009      0.4628          0.0693           1.124       0.05017      0.005           1.231
      0.4           10.68       1       1  4.395e-05    0.0294       0.3596     0.3889            0.2305      0.2305            1.019      0.4247         0.06522           1.265       0.02967      0.005           1.682
      0.6           10.68       1       1  4.394e-05   0.03159       0.5658     0.5953            0.4371      0.4371            1.041      0.3447         0.05689            1.64         0.011      0.005           3.804
      0.8           10.69       1       1  4.393e-05   0.03357       0.7733     0.8016            0.6435      0.6435            1.063       0.269          0.0494            2.14      0.007167      0.005           9.273
        1           10.69       1       1  4.392e-05    0.0354       0.9752      1.004            0.8456      0.8456            1.084      0.2037         0.04216           2.796         0.005      0.005           19.55
     1.25           10.69       1       1  4.391e-05   0.03785        1.237      1.263             1.105       1.105            1.115      0.1312         0.03373           3.911         0.005      0.005           52.14
      1.5           10.69       1       1  4.391e-05   0.04061         1.51      1.533             1.375       1.375            1.141       0.073         0.02445            5.54         0.005      0.005           168.9

=== 4h P0|B|10
 edge_pct  trades_per_30d  mean_N  mean_L  liq_share  tp_share  drift_H_pct  gross_pct  net_notional_pct  eq_ret_pct  30d_median_mult  30d_p_loss  30d_mdd_median  1y_median_mult  1y_p_below50  1y_p_ruin  IS_median_mult
        0           10.89       1       1          0    0.0241     -0.02542    -0.0159            -0.173      -0.173           0.9747      0.6068         0.08283          0.7437        0.1845          0          0.4362
    0.025           10.88       1       1          0   0.02433    -0.001172   0.008072            -0.149      -0.149           0.9774      0.5945         0.08159          0.7667        0.1613          0          0.4905
     0.05           10.88       1       1          0    0.0245      0.02212    0.03022           -0.1269     -0.1269           0.9798      0.5837         0.08077          0.7881        0.1423          0          0.5116
    0.075           10.88       1       1          0    0.0249      0.04936    0.05532           -0.1018     -0.1018            0.982       0.574         0.07933          0.8163         0.124          0          0.5804
      0.1           10.88       1       1          0   0.02507      0.07141    0.07536          -0.08172    -0.08172           0.9842      0.5663         0.07853          0.8417        0.1087          0          0.6335
     0.15           10.88       1       1          0   0.02573       0.1273     0.1268           -0.0303     -0.0303           0.9895      0.5442         0.07636          0.9013        0.0755          0          0.7302
      0.2           10.87       1       1          0   0.02617       0.1772     0.1734           0.01636     0.01636            0.995      0.5222         0.07392          0.9603       0.05317          0          0.8262
      0.3           10.86       1       1          0   0.02714       0.2758     0.2643            0.1073      0.1073            1.004       0.481         0.06983           1.077       0.02733          0           1.149
      0.4           10.86       1       1          0   0.02806       0.3654     0.3492            0.1921      0.1921            1.013      0.4427         0.06601           1.209       0.01183          0            1.63
      0.6           10.85       1       1          0   0.03013       0.5707     0.5392            0.3821      0.3821            1.033      0.3617         0.05924           1.548      0.002667          0           3.646
      0.8           10.83       1       1          0   0.03209       0.7783     0.7335            0.5764      0.5764            1.052      0.2793          0.0524           1.989     0.0003333          0           7.752
        1           10.81       1       1          0   0.03382       0.9801     0.9195            0.7625      0.7625            1.073      0.2213         0.04695           2.545             0          0           15.23
     1.25            10.8       1       1          0   0.03612        1.239      1.157                 1           1            1.101       0.148          0.0407           3.464             0          0           37.33
      1.5           10.78       1       1          0   0.03897        1.513      1.404             1.247       1.247            1.128     0.08333         0.03455           4.771             0          0           95.64

=== 4h P1|B|10
 edge_pct  trades_per_30d  mean_N  mean_L  liq_share  tp_share  drift_H_pct  gross_pct  net_notional_pct  eq_ret_pct  30d_median_mult  30d_p_loss  30d_mdd_median  1y_median_mult  1y_p_below50  1y_p_ruin  IS_median_mult
        0           11.43    1.25       5  0.0001233    0.4326     -0.01874    0.01522           -0.1175     -0.1468           0.9832      0.5675         0.08455          0.7821        0.1485          0          0.4368
    0.025           11.43    1.25       5  0.0001232    0.4356     0.006565      0.031           -0.1015     -0.1269           0.9851       0.558         0.08324          0.8048        0.1308          0          0.5002
     0.05           11.43    1.25       5  0.0001232    0.4381      0.02959    0.04601          -0.08636      -0.108            0.987      0.5505         0.08232          0.8232        0.1128          0          0.5386
    0.075           11.43    1.25       5  0.0001232    0.4414      0.05752    0.06434          -0.06786    -0.08482           0.9895      0.5415         0.08121          0.8477        0.0975          0          0.5502
      0.1           11.44    1.25       5  0.0001232    0.4437      0.07866     0.0783          -0.05378    -0.06722           0.9914      0.5337         0.08024          0.8726       0.08717          0          0.6543
     0.15           11.44    1.25       5  0.0001231      0.45       0.1353     0.1123          -0.01948    -0.02436           0.9972      0.5117          0.0783          0.9238       0.06467          0          0.7627
      0.2           11.44    1.25       5  0.0001231    0.4557       0.1851     0.1427           0.01126     0.01408            1.002      0.4918         0.07638          0.9754       0.04833          0          0.9167
      0.3           11.45    1.25       5   0.000123    0.4668       0.2835     0.2044            0.0736       0.092            1.012      0.4515         0.07265           1.092       0.02433          0           1.139
      0.4           11.46    1.25       5  0.0001229     0.477       0.3722     0.2623             0.132       0.165            1.019      0.4172          0.0691           1.206       0.01083          0           1.609
      0.6           11.47    1.25       5  0.0001228    0.5005       0.5773     0.3915            0.2624       0.328            1.038       0.338         0.06256           1.509      0.002333          0           3.052
      0.8           11.48    1.25       5  0.0001227    0.5245       0.7865     0.5229            0.3952       0.494            1.058      0.2595         0.05611           1.908     0.0008333          0           6.644
        1           11.49    1.25       5  0.0001226    0.5474       0.9833     0.6481            0.5216       0.652            1.076      0.1962         0.05179           2.385             0          0           12.78
     1.25           11.51    1.25       5  0.0001224    0.5763        1.244     0.8068            0.6819      0.8523            1.101      0.1325         0.04649            3.17             0          0           29.04
      1.5           11.53    1.25       5  8.145e-05    0.6064        1.514     0.9762            0.8529       1.066            1.129       0.075         0.03899           4.296             0          0           71.81

=== 4h P2|B|10
 edge_pct  trades_per_30d  mean_N  mean_L  liq_share  tp_share  drift_H_pct  gross_pct  net_notional_pct  eq_ret_pct  30d_median_mult  30d_p_loss  30d_mdd_median  1y_median_mult  1y_p_below50  1y_p_ruin  IS_median_mult
        0           11.95     2.5      10    0.00161    0.6621     -0.02714   -0.01161             -0.13     -0.3249           0.9617      0.5988          0.1374          0.5418        0.5647   0.003333          0.1589
    0.025           11.96     2.5      10   0.001609    0.6649    -0.004031  -0.001593           -0.1198     -0.2994           0.9652      0.5897          0.1354          0.5623        0.5375   0.003167          0.1769
     0.05           11.96     2.5      10   0.001609    0.6674      0.01963   0.007062            -0.111     -0.2775           0.9674      0.5842          0.1343          0.5826        0.5157   0.002333          0.1919
    0.075           11.96     2.5      10    0.00157    0.6704      0.04696    0.01734           -0.1005     -0.2513           0.9713       0.577          0.1329          0.6025        0.4885   0.001833          0.2297
      0.1           11.97     2.5      10   0.001569    0.6731      0.06782    0.02726          -0.09045     -0.2261           0.9741       0.571          0.1311          0.6218        0.4632     0.0015          0.2456
     0.15           11.97     2.5      10    0.00149    0.6788       0.1238     0.0471          -0.07026     -0.1756           0.9802      0.5567          0.1284          0.6703        0.4188  0.0006667          0.3152
      0.2           11.98     2.5      10   0.001529     0.684        0.176    0.06541          -0.05167     -0.1292           0.9861      0.5408           0.126          0.7181        0.3725     0.0005          0.4246
      0.3           11.99     2.5      10   0.001527    0.6948       0.2746      0.102          -0.01451    -0.03628           0.9954      0.5132          0.1217          0.8259        0.2862  0.0003333          0.5875
      0.4              12     2.5      10   0.001526     0.705       0.3629     0.1342           0.01832      0.0458            1.005      0.4862          0.1177          0.9424        0.2198  0.0001667          0.8523
      0.6           12.02     2.5      10   0.001445    0.7271       0.5711     0.2117           0.09705      0.2426            1.031      0.4187          0.1073           1.263        0.1012          0           1.881
      0.8           12.04     2.5      10   0.001404    0.7501       0.7819     0.2898            0.1765      0.4411             1.06      0.3478         0.09697           1.716       0.03617          0            4.55
        1           12.06     2.5      10   0.001401    0.7723       0.9832      0.364            0.2519      0.6298            1.085      0.2885         0.08942            2.28         0.013          0           11.24
     1.25            12.1     2.5      10    0.00128    0.7996        1.239     0.4577            0.3473      0.8681            1.115      0.2182         0.07839           3.302      0.002167          0           27.41
      1.5           12.13     2.5      10   0.001161    0.8274        1.509     0.5566            0.4477       1.119            1.151      0.1463         0.06548           4.822     0.0006667          0           87.84

=== 4h P2|C|10
 edge_pct  trades_per_30d  mean_N  mean_L  liq_share  tp_share  drift_H_pct  gross_pct  net_notional_pct  eq_ret_pct  30d_median_mult  30d_p_loss  30d_mdd_median  1y_median_mult  1y_p_below50  1y_p_ruin  IS_median_mult
        0           11.89     2.5      10          0    0.6652     -0.02374   -0.03233           -0.1503     -0.3759           0.9569      0.6112          0.1401          0.4988         0.613   0.005333          0.1257
    0.025           11.89     2.5      10          0    0.6681   -0.0008702   -0.02221           -0.1401     -0.3501           0.9598       0.602           0.139          0.5199        0.5907     0.0045          0.1405
     0.05            11.9     2.5      10          0    0.6704      0.02254   -0.01323           -0.1309     -0.3273           0.9622      0.5965          0.1382          0.5384        0.5715     0.0035          0.1641
    0.075            11.9     2.5      10          0    0.6736      0.04954  -0.002106           -0.1196     -0.2991           0.9655      0.5898           0.136          0.5601        0.5438   0.003333           0.193
      0.1            11.9     2.5      10          0    0.6762      0.07015   0.007434           -0.1099     -0.2748           0.9685      0.5825          0.1349          0.5833        0.5197      0.002          0.2087
     0.15           11.91     2.5      10          0    0.6821       0.1261    0.02934          -0.08769     -0.2192           0.9737      0.5665          0.1316          0.6333        0.4662   0.001167          0.2689
      0.2           11.92     2.5      10          0    0.6875       0.1785    0.04874          -0.06797     -0.1699           0.9814      0.5502          0.1276           0.675        0.4168  0.0006667           0.348
      0.3           11.93     2.5      10          0    0.6981       0.2744    0.08458          -0.03151    -0.07877             0.99      0.5262          0.1228          0.7802        0.3208          0          0.5292
      0.4           11.94     2.5      10          0    0.7085       0.3624     0.1198          0.004279      0.0107            1.001      0.4968          0.1227           0.896        0.2443          0          0.6961
      0.6           11.97     2.5      10          0    0.7304       0.5707     0.2005           0.08629      0.2157            1.026      0.4287          0.1225           1.202        0.1192          0           1.659
      0.8           11.99     2.5      10          0    0.7536       0.7819      0.283            0.1701      0.4252            1.055      0.3542          0.1224           1.662       0.04017          0           4.814
        1           12.02     2.5      10          0     0.776       0.9829     0.3617            0.2501      0.6253             1.08      0.2907          0.1224            2.24        0.0095          0           11.01
     1.25           12.07     2.5      10          0    0.8029         1.24     0.4589            0.3489      0.8722            1.115      0.2143          0.0919           3.279      0.001333          0           30.21
      1.5           12.11     2.5      10          0    0.8315        1.509     0.5646            0.4563       1.141            1.153       0.141         0.06138           4.956             0          0           121.2

=== 4h P3|A|10
 edge_pct  trades_per_30d  mean_N  mean_L  liq_share  tp_share  drift_H_pct  gross_pct  net_notional_pct  eq_ret_pct  30d_median_mult  30d_p_loss  30d_mdd_median  1y_median_mult  1y_p_below50  1y_p_ruin  IS_median_mult
        0            12.4       4      20    0.07162    0.8182     -0.02908   -0.05462           -0.1928     -0.7712           0.9109      0.6652          0.2032          0.2356        0.9002      0.187         0.01723
    0.025            12.4       4      20    0.07099      0.82    -0.003735   -0.04924            -0.187     -0.7482           0.9134      0.6615          0.2032          0.2434        0.8922     0.1735         0.02023
     0.05            12.4       4      20    0.07045    0.8216       0.0198    -0.0445            -0.182     -0.7279           0.9175       0.656          0.2032          0.2517         0.883     0.1643         0.02206
    0.075            12.4       4      20    0.06972    0.8234      0.04634   -0.03888           -0.1759     -0.7037             0.92      0.6508           0.203          0.2632         0.873     0.1498         0.02687
      0.1           12.41       4      20    0.06917    0.8251      0.06679   -0.03378           -0.1705      -0.682           0.9204      0.6465           0.203          0.2711        0.8645     0.1387         0.03037
     0.15           12.41       4      20    0.06775     0.829       0.1224   -0.02145           -0.1573     -0.6293           0.9247      0.6365           0.203          0.2954        0.8375      0.116         0.03037
      0.2           12.42       4      20    0.06673    0.8322       0.1739   -0.01192           -0.1472     -0.5887           0.9341      0.6268           0.203          0.3145        0.8167        0.1         0.04086
      0.3           12.43       4      20    0.06506     0.839       0.2708   0.006313           -0.1278     -0.5112           0.9365      0.6105           0.203          0.3576        0.7737      0.076         0.05246
      0.4           12.43       4      20    0.06313    0.8455       0.3606     0.0244           -0.1085      -0.434           0.9496       0.595           0.203          0.4054        0.7307    0.05617         0.07283
      0.6           12.45       4      20    0.05816    0.8594       0.5673    0.06679          -0.06315     -0.2526           0.9661      0.5572          0.1968          0.5446        0.6012      0.026          0.1775
      0.8           12.47       4      20    0.05324    0.8736       0.7767     0.1093          -0.01765    -0.07058           0.9968       0.512          0.1757          0.7326        0.4508   0.008167          0.3963
        1           12.49       4      20      0.049    0.8876       0.9805     0.1488           0.02449     0.09798            1.024      0.4682          0.1265          0.9639        0.3148   0.002667          0.9096
     1.25           12.52       4      20    0.04317    0.9045        1.237     0.2015           0.08071      0.3228            1.071      0.4053         0.08685           1.398        0.1605  0.0001667           2.748
      1.5           12.55       4      20    0.03604    0.9232        1.503       0.26            0.1433      0.5733            1.117      0.3463         0.04585           2.087         0.057          0           9.608

=== 4h P3|B|10
 edge_pct  trades_per_30d  mean_N  mean_L  liq_share  tp_share  drift_H_pct  gross_pct  net_notional_pct  eq_ret_pct  30d_median_mult  30d_p_loss  30d_mdd_median  1y_median_mult  1y_p_below50  1y_p_ruin  IS_median_mult
        0           12.46       4      20    0.03249     0.803     -0.03019   -0.06936           -0.1911     -0.7642           0.9129      0.6827          0.1901          0.2496         0.897      0.144         0.01275
    0.025           12.46       4      20    0.03229     0.805    -0.004925   -0.06368           -0.1852     -0.7407           0.9163      0.6768          0.1901          0.2586        0.8908     0.1323         0.01402
     0.05           12.46       4      20     0.0321    0.8068       0.0188   -0.05874           -0.1801     -0.7203           0.9199      0.6722          0.1889           0.268        0.8812     0.1225         0.01968
    0.075           12.46       4      20    0.03179    0.8086      0.04573   -0.05348           -0.1746     -0.6983            0.921      0.6673          0.1858          0.2764        0.8717     0.1155          0.0228
      0.1           12.47       4      20     0.0316    0.8105      0.06624   -0.04793           -0.1688     -0.6753           0.9242      0.6625          0.1837          0.2874         0.861      0.104         0.02604
     0.15           12.47       4      20    0.03114    0.8142       0.1218   -0.03699           -0.1575       -0.63           0.9291      0.6537          0.1794          0.3094        0.8385    0.08733         0.03151
      0.2           12.47       4      20    0.03087    0.8174       0.1733    -0.0282           -0.1484     -0.5936           0.9343      0.6417           0.177          0.3263         0.819    0.07283          0.0389
      0.3           12.48       4      20    0.03036    0.8246        0.273  -0.009597           -0.1292     -0.5167           0.9425      0.6215          0.1718            0.37        0.7755    0.05717         0.05381
      0.4           12.48       4      20    0.02971    0.8312       0.3625    0.00802           -0.1109     -0.4436           0.9503      0.6055          0.1677          0.4133        0.7263    0.04017         0.07382
      0.6            12.5       4      20    0.02848    0.8456       0.5687    0.04897          -0.06859     -0.2744           0.9694      0.5628          0.1553          0.5386        0.5955    0.01683           0.162
      0.8           12.51       4      20    0.02668    0.8601       0.7779    0.09028          -0.02567     -0.1027           0.9932      0.5165          0.1417          0.7144        0.4365      0.005          0.4067
        1           12.53       4      20    0.02537    0.8743       0.9819     0.1278           0.01318      0.0527            1.014      0.4718          0.1299          0.9167        0.3067   0.001667           0.782
     1.25           12.55       4      20    0.02369    0.8918        1.237     0.1772           0.06428      0.2571            1.048       0.406          0.1134           1.284        0.1628  0.0003333           1.823
      1.5           12.57       4      20    0.02085    0.9107        1.504     0.2322            0.1217      0.4866            1.083      0.3417         0.09188           1.864       0.06367          0           5.888

=== 4h P3|C|10
 edge_pct  trades_per_30d  mean_N  mean_L  liq_share  tp_share  drift_H_pct  gross_pct  net_notional_pct  eq_ret_pct  30d_median_mult  30d_p_loss  30d_mdd_median  1y_median_mult  1y_p_below50  1y_p_ruin  IS_median_mult
        0           12.54       4      20          0    0.7259     -0.02544    -0.1679           -0.2789      -1.116           0.8678      0.8053          0.1883          0.1538        0.9862      0.277         0.00374
    0.025           12.54       4      20          0    0.7281   -0.0006149    -0.1625           -0.2734      -1.094           0.8715      0.8013          0.1865          0.1596        0.9833     0.2565        0.004417
     0.05           12.55       4      20          0    0.7301      0.02294    -0.1577           -0.2685      -1.074           0.8743      0.7977          0.1859          0.1655        0.9812     0.2398         0.00496
    0.075           12.55       4      20          0    0.7324      0.04953    -0.1523            -0.263      -1.052           0.8778      0.7933          0.1833           0.171         0.978     0.2218        0.005751
      0.1           12.55       4      20          0    0.7343         0.07    -0.1477           -0.2583      -1.033           0.8807      0.7912           0.183           0.177        0.9753     0.2088        0.006061
     0.15           12.55       4      20          0    0.7382       0.1255    -0.1383           -0.2487     -0.9949            0.882      0.7828          0.1826           0.187        0.9702     0.1848        0.006809
      0.2           12.55       4      20          0    0.7415       0.1766    -0.1303           -0.2405      -0.962           0.8856      0.7752          0.1824          0.1959        0.9643      0.161        0.008322
      0.3           12.56       4      20          0    0.7497       0.2757    -0.1116           -0.2214     -0.8854           0.8956      0.7572          0.1824           0.221        0.9485     0.1133         0.01056
      0.4           12.56       4      20          0    0.7571       0.3647   -0.09424           -0.2036     -0.8144           0.9003      0.7442          0.1727          0.2473        0.9242    0.08033         0.01499
      0.6           12.57       4      20          0    0.7726       0.5706   -0.05721           -0.1657     -0.6629           0.9183      0.7053          0.1692          0.3114        0.8562    0.03767         0.03026
      0.8           12.58       4      20          0    0.7885       0.7789   -0.01914           -0.1268     -0.5072           0.9435      0.6572          0.1559          0.4016        0.7468    0.01567         0.06006
        1           12.59       4      20          0    0.8036       0.9841    0.01571          -0.09112     -0.3645           0.9593      0.6137          0.1424          0.5011        0.6105   0.005667          0.1139
     1.25           12.61       4      20          0     0.822         1.24    0.06038          -0.04545     -0.1818           0.9793      0.5523          0.1208          0.6725        0.4143   0.001167          0.2477
      1.5           12.62       4      20          0     0.843        1.508     0.1121          0.007394     0.02958            1.007       0.477          0.0964          0.9413         0.209          0          0.7663

=== 4h P3|B|30
 edge_pct  trades_per_30d  mean_N  mean_L  liq_share  tp_share  drift_H_pct  gross_pct  net_notional_pct  eq_ret_pct  30d_median_mult  30d_p_loss  30d_mdd_median  1y_median_mult  1y_p_below50  1y_p_ruin  IS_median_mult
        0           11.66       4      20    0.05207    0.5242     -0.01984   -0.02486           -0.1737     -0.6949           0.9039      0.6447          0.2526          0.2309        0.8812     0.2692         0.01161
    0.025           11.66       4      20    0.05162     0.527     0.004432   -0.01243           -0.1609     -0.6438           0.9082      0.6377          0.2504           0.252        0.8675     0.2505         0.01637
     0.05           11.66       4      20     0.0512    0.5298      0.02821  4.363e-05           -0.1481     -0.5926           0.9121      0.6313          0.2484          0.2691        0.8548     0.2255         0.02084
    0.075           11.67       4      20    0.05047    0.5336      0.05508    0.01574           -0.1319     -0.5277           0.9185      0.6222           0.245          0.2948        0.8298     0.1955         0.02709
      0.1           11.67       4      20    0.05017    0.5362      0.07652    0.02812           -0.1193     -0.4771           0.9231      0.6155          0.2426          0.3197         0.815     0.1752         0.03326
     0.15           11.67       4      20    0.04947    0.5429       0.1329    0.05586          -0.09086     -0.3635           0.9372       0.597           0.237          0.3792         0.773     0.1405         0.05327
      0.2           11.68       4      20    0.04883    0.5489       0.1827    0.08054          -0.06558     -0.2623           0.9492      0.5775          0.2312          0.4421        0.7307       0.11         0.08763
      0.3            11.7       4      20    0.04756    0.5604       0.2828     0.1305          -0.01442    -0.05768           0.9694      0.5458          0.2205          0.6007        0.6352    0.06117          0.1726
      0.4            11.7       4      20    0.04646    0.5716        0.371     0.1768           0.03291      0.1316            0.991      0.5112           0.211          0.7775        0.5383    0.03283           0.484
      0.6           11.72       4      20    0.04411    0.5955       0.5804     0.2795             0.138      0.5519            1.046      0.4348          0.2032           1.431        0.3258      0.006           2.959
      0.8           11.74       4      20    0.04069    0.6207       0.7897     0.3877             0.249      0.9961            1.106      0.3528          0.1951           2.773         0.152   0.001167           20.39
        1           11.75       4      20    0.03816    0.6443        0.988     0.4887            0.3524       1.409            1.162      0.2835          0.1757           5.168       0.06733  0.0003333           101.8
     1.25           11.78       4      20    0.03512     0.674        1.244     0.6148            0.4814       1.926            1.233      0.2077          0.1586           11.33       0.01967  0.0001667            1163
      1.5           11.81       4      20    0.03093    0.7052        1.513     0.7506            0.6208       2.483            1.321       0.135          0.1355           25.74      0.006333          0       1.129e+04

=== 4h P3|B|100
 edge_pct  trades_per_30d  mean_N  mean_L  liq_share  tp_share  drift_H_pct  gross_pct  net_notional_pct  eq_ret_pct  30d_median_mult  30d_p_loss  30d_mdd_median  1y_median_mult  1y_p_below50  1y_p_ruin  IS_median_mult
        0           11.02       4      20    0.07311     0.122     -0.02029  -0.008166           -0.1908      -0.763           0.8697      0.6457          0.3053          0.1532        0.9208     0.4623        0.004991
    0.025           11.02       4      20    0.07253     0.123     0.004324    0.01188           -0.1704     -0.6816           0.8764      0.6375           0.303          0.1704        0.9087     0.4295        0.007905
     0.05           11.02       4      20    0.07182    0.1242      0.02889    0.03388           -0.1481     -0.5922           0.8856      0.6282          0.2993          0.1917        0.8935     0.3952         0.01045
    0.075           11.01       4      20    0.07102    0.1255      0.05599    0.05731           -0.1242     -0.4969           0.8954      0.6182          0.2949          0.2191        0.8783     0.3638         0.01338
      0.1           11.01       4      20    0.07064    0.1265      0.07761    0.07736            -0.104     -0.4159           0.9023        0.61          0.2913          0.2469         0.863     0.3357         0.02103
     0.15           11.01       4      20     0.0695     0.129       0.1334     0.1244          -0.05637     -0.2255           0.9199      0.5887          0.2832          0.3112        0.8212     0.2642         0.03125
      0.2           11.01       4      20    0.06841    0.1314       0.1824     0.1661          -0.01404    -0.05615           0.9369      0.5697          0.2754          0.3985        0.7798     0.2098         0.05659
      0.3              11       4      20    0.06673    0.1353       0.2817     0.2472           0.06789      0.2716           0.9737       0.531          0.2621           0.622        0.6803      0.129          0.2049
      0.4              11       4      20    0.06475    0.1393       0.3703     0.3245            0.1462      0.5849            1.003      0.4958          0.2495          0.9368        0.5795     0.0715           1.018
      0.6           10.99       4      20    0.06077    0.1486       0.5763     0.4966            0.3205       1.282            1.079      0.4083          0.2275            2.28         0.339    0.01333           15.32
      0.8           10.98       4      20    0.05623    0.1574       0.7844     0.6714            0.4976        1.99            1.162      0.3243          0.2036           6.087        0.1588      0.002           380.7
        1           10.97       4      20    0.05203     0.166       0.9861     0.8421            0.6705       2.682            1.252       0.251           0.203           15.48        0.0635     0.0005            4337
     1.25           10.96       4      20    0.04716    0.1765        1.245      1.057            0.8875        3.55            1.374      0.1768          0.1812           50.73       0.02117  0.0001667       9.707e+04
      1.5           10.95       4      20    0.04142    0.1885        1.517      1.278             1.112       4.449            1.513      0.1057          0.1558           166.5      0.007833          0       3.674e+06

=== 4h P4|A|10
 edge_pct  trades_per_30d  mean_N  mean_L  liq_share  tp_share  drift_H_pct  gross_pct  net_notional_pct  eq_ret_pct  30d_median_mult  30d_p_loss  30d_mdd_median  1y_median_mult  1y_p_below50  1y_p_ruin  IS_median_mult
        0           12.86      20      50     0.2952    0.6979     -0.02371    -0.3063           -0.5438      -10.88           0.1503      0.9742          0.8595       1.643e-10             1          1       1.257e-29
    0.025           12.86      20      50     0.2937    0.6995    0.0007712    -0.3036           -0.5404      -10.81           0.1531      0.9735          0.8588       1.916e-10             1          1       2.331e-29
     0.05           12.86      20      50     0.2923     0.701      0.02426    -0.3013           -0.5374      -10.75           0.1534      0.9728           0.856       2.108e-10             1          1       3.896e-29
    0.075           12.86      20      50     0.2906    0.7028       0.0505    -0.2983           -0.5336      -10.67           0.1564      0.9725          0.8531       2.576e-10             1          1       5.038e-29
      0.1           12.86      20      50     0.2894     0.704      0.07212    -0.2962            -0.531      -10.62           0.1565       0.972          0.8528       2.794e-10             1          1       8.741e-29
     0.15           12.86      20      50     0.2867    0.7068        0.127    -0.2916           -0.5251       -10.5           0.1701      0.9708          0.8425       3.461e-10             1          1       1.119e-28
      0.2           12.86      20      50     0.2838    0.7098        0.179    -0.2866           -0.5186      -10.37           0.2048      0.9707          0.8106       4.682e-10             1          1       3.096e-28
      0.3           12.86      20      50     0.2784    0.7157        0.277    -0.2771           -0.5065      -10.13           0.2216      0.9697          0.7998       7.489e-10             1          1       1.149e-27
      0.4           12.86      20      50     0.2739    0.7205       0.3661    -0.2692           -0.4965       -9.93            0.226       0.967          0.7956       1.076e-09             1          1       4.739e-27
      0.6           12.86      20      50     0.2644    0.7307       0.5703    -0.2527           -0.4753      -9.505           0.2316      0.9623          0.7913       2.358e-09             1          1       8.198e-26
      0.8           12.87      20      50     0.2536    0.7421        0.777    -0.2339           -0.4514      -9.027             0.24      0.9542          0.7869       6.036e-09             1          1       1.832e-24
        1           12.87      20      50     0.2441    0.7527       0.9819     -0.217           -0.4298      -8.595            0.246      0.9465          0.7824       1.454e-08             1          1       7.718e-24
     1.25           12.87      20      50     0.2304    0.7671        1.239    -0.1933           -0.3994      -7.988           0.2555      0.9365          0.7699        5.04e-08             1          1       2.458e-22
      1.5           12.88      20      50     0.2147    0.7836        1.505     -0.166           -0.3645      -7.289           0.2786      0.9253          0.7465       1.975e-07             1          1       8.962e-21

=== 4h P4|B|10
 edge_pct  trades_per_30d  mean_N  mean_L  liq_share  tp_share  drift_H_pct  gross_pct  net_notional_pct  eq_ret_pct  30d_median_mult  30d_p_loss  30d_mdd_median  1y_median_mult  1y_p_below50  1y_p_ruin  IS_median_mult
        0           12.86      20      50     0.2921    0.6977     -0.02373    -0.3062           -0.5424      -10.85           0.1533      0.9747          0.8576       1.763e-10             1          1       1.902e-29
    0.025           12.86      20      50     0.2907    0.6994    0.0007498    -0.3035            -0.539      -10.78           0.1559       0.974          0.8558       2.031e-10             1          1       3.436e-29
     0.05           12.86      20      50     0.2893    0.7008      0.02424    -0.3011            -0.536      -10.72           0.1567      0.9733          0.8528       2.287e-10             1          1        4.94e-29
    0.075           12.86      20      50     0.2877    0.7026      0.05048    -0.2981           -0.5322      -10.64           0.1597       0.973          0.8499        2.72e-10             1          1       6.658e-29
      0.1           12.86      20      50     0.2865    0.7039       0.0721    -0.2961           -0.5296      -10.59           0.1598      0.9725          0.8497       3.034e-10             1          1       1.046e-28
     0.15           12.86      20      50     0.2838    0.7067        0.127    -0.2915           -0.5237      -10.47           0.1743      0.9713          0.8351       3.713e-10             1          1       1.538e-28
      0.2           12.86      20      50     0.2811    0.7097       0.1789    -0.2864           -0.5173      -10.35            0.206       0.971          0.8103       5.043e-10             1          1       3.042e-28
      0.3           12.86      20      50     0.2756    0.7156        0.277    -0.2769           -0.5051       -10.1           0.2215        0.97          0.7998       8.096e-10             1          1       1.577e-27
      0.4           12.86      20      50     0.2712    0.7205       0.3661     -0.269           -0.4951      -9.901            0.226      0.9673          0.7956       1.155e-09             1          1       6.748e-27
      0.6           12.86      20      50     0.2619    0.7307       0.5703    -0.2525           -0.4741      -9.481           0.2316      0.9627          0.7913       2.454e-09             1          1       9.104e-26
      0.8           12.87      20      50     0.2512    0.7421        0.777    -0.2337           -0.4501      -9.003           0.2406      0.9542          0.7869        6.37e-09             1          1       2.474e-24
        1           12.87      20      50      0.242    0.7527       0.9819    -0.2168           -0.4286      -8.573           0.2462      0.9465          0.7786       1.512e-08             1          1       9.175e-24
     1.25           12.87      20      50     0.2286     0.767        1.239    -0.1932           -0.3985      -7.971           0.2564      0.9365          0.7687       5.192e-08             1          1       2.559e-22
      1.5           12.88      20      50     0.2132    0.7834        1.505     -0.166           -0.3639      -7.277           0.2816      0.9255          0.7412       2.041e-07             1          1       9.949e-21

=== 4h P4|C|10
 edge_pct  trades_per_30d  mean_N  mean_L  liq_share  tp_share  drift_H_pct  gross_pct  net_notional_pct  eq_ret_pct  30d_median_mult  30d_p_loss  30d_mdd_median  1y_median_mult  1y_p_below50  1y_p_ruin  IS_median_mult
        0           12.92      20      50          0    0.4521     -0.02325    -0.3196           -0.4421      -8.843           0.2848       0.998          0.7268        2.04e-07             1          1       2.399e-20
    0.025           12.92      20      50          0    0.4533      0.00123    -0.3184           -0.4409      -8.819           0.2848      0.9978          0.7223       2.124e-07             1          1       2.675e-20
     0.05           12.92      20      50          0    0.4545      0.02479    -0.3174           -0.4399      -8.797           0.2848      0.9978          0.7215       2.202e-07             1          1       3.143e-20
    0.075           12.92      20      50          0    0.4565      0.05086    -0.3154           -0.4378      -8.756           0.2848      0.9978           0.721       2.372e-07             1          1       4.388e-20
      0.1           12.91      20      50          0    0.4581      0.07238    -0.3139           -0.4362      -8.724           0.2904      0.9977           0.721        2.49e-07             1          1       3.983e-20
     0.15           12.91      20      50          0    0.4607       0.1272    -0.3114           -0.4336      -8.672           0.2908      0.9973           0.721       2.642e-07             1          1       6.491e-20
      0.2           12.91      20      50          0    0.4636       0.1787    -0.3088           -0.4308      -8.616           0.2908      0.9973           0.721       2.948e-07             1          1       8.292e-20
      0.3           12.91      20      50          0    0.4695       0.2763    -0.3033            -0.425      -8.499           0.2965      0.9972          0.7152       3.562e-07             1          1       1.182e-19
      0.4           12.92      20      50          0    0.4749       0.3647    -0.2981           -0.4196      -8.391            0.303       0.997          0.7092       4.417e-07             1          1       1.669e-19
      0.6           12.92      20      50          0    0.4852       0.5694    -0.2885           -0.4094      -8.188           0.3192      0.9963          0.6879       5.969e-07             1          1       6.435e-19
      0.8           12.92      20      50          0    0.4969       0.7762    -0.2774           -0.3978      -7.955           0.3328      0.9953          0.6808       8.995e-07             1          1        1.83e-18
        1           12.92      20      50          0    0.5073       0.9815    -0.2676           -0.3874      -7.748           0.3398       0.994          0.6741       1.266e-06             1          1       3.726e-18
     1.25           12.92      20      50          0    0.5211        1.239    -0.2546           -0.3737      -7.475           0.3527      0.9928          0.6672       2.044e-06             1          1       1.418e-17
      1.5           12.92      20      50          0    0.5365        1.505      -0.24           -0.3583      -7.167            0.367       0.993          0.6531       3.608e-06             1          1       7.106e-17

=== 4h P4|B|100
 edge_pct  trades_per_30d  mean_N  mean_L  liq_share  tp_share  drift_H_pct  gross_pct  net_notional_pct  eq_ret_pct  30d_median_mult  30d_p_loss  30d_mdd_median  1y_median_mult  1y_p_below50  1y_p_ruin  IS_median_mult
        0           11.95      20      50     0.4894     0.323     -0.01055   -0.06701           -0.4123      -8.246           0.1477      0.9142          0.9029       5.876e-11             1          1       5.276e-31
    0.025           11.95      20      50     0.4871    0.3253      0.01483   -0.05773           -0.4019      -8.038           0.1536      0.9112          0.9002       8.173e-11             1          1       1.742e-30
     0.05           11.95      20      50     0.4847    0.3273      0.03851   -0.04877           -0.3918      -7.836           0.1581      0.9083          0.8977        1.11e-10             1          1        3.45e-30
    0.075           11.95      20      50     0.4815      0.33      0.06535   -0.03655           -0.3781      -7.562           0.1619      0.9033          0.8953       1.736e-10             1          1       2.477e-29
      0.1           11.95      20      50      0.479    0.3321      0.08738   -0.02722           -0.3676      -7.352           0.1657       0.901          0.8944       2.386e-10             1          1       7.159e-29
     0.15           11.94      20      50     0.4735     0.337       0.1435  -0.007214            -0.345        -6.9           0.1765      0.8947          0.8881       5.012e-10             1          1       2.559e-27
      0.2           11.94      20      50     0.4679    0.3421       0.1949    0.01356           -0.3216      -6.432           0.1885      0.8862          0.8835       1.033e-09             1          1       8.404e-27
      0.3           11.93      20      50     0.4569    0.3521       0.2942    0.05542           -0.2745       -5.49            0.212      0.8722          0.8719       4.643e-09             1          1       2.978e-25
      0.4           11.93      20      50     0.4467    0.3606       0.3823     0.0924           -0.2327      -4.655           0.2418       0.853          0.8615       1.848e-08             1     0.9997       1.364e-23
      0.6           11.93      20      50     0.4258    0.3796       0.5838     0.1716           -0.1437      -2.873           0.3056      0.8102          0.8385       3.145e-07        0.9997      0.999       1.293e-19
      0.8           11.92      20      50     0.4041    0.3985         0.79     0.2523           -0.0527      -1.054           0.3835      0.7582          0.8057       5.531e-06        0.9992     0.9942       1.468e-16
        1           11.91      20      50     0.3841    0.4168        0.995     0.3296           0.03407      0.6814            0.483      0.7027          0.7902        8.79e-05         0.995     0.9767       1.314e-12
     1.25            11.9      20      50     0.3571    0.4413        1.258     0.4304            0.1477       2.953           0.6515      0.6238          0.7311        0.002993         0.975     0.9062       2.233e-08
      1.5           11.89      20      50     0.3295    0.4662        1.526     0.5343            0.2647       5.294           0.8948      0.5388          0.6945          0.1149        0.9118      0.728        0.001347

=== 4h P5|A|10
 edge_pct  trades_per_30d  mean_N  mean_L  liq_share  tp_share  drift_H_pct  gross_pct  net_notional_pct  eq_ret_pct  30d_median_mult  30d_p_loss  30d_mdd_median  1y_median_mult  1y_p_below50  1y_p_ruin  IS_median_mult
        0           12.43   4.188   20.72    0.07351    0.8259     -0.03131   -0.05507           -0.1935     -0.7979            0.906      0.6722          0.2032          0.2241        0.9087     0.2083         0.01286
    0.025           12.43   4.188   20.72    0.07289    0.8277    -0.006013    -0.0499            -0.188     -0.7752           0.9076      0.6687          0.2032          0.2315         0.901     0.1952         0.01524
     0.05           12.43   4.188   20.72    0.07235    0.8292      0.01747   -0.04535           -0.1831     -0.7551            0.912      0.6642          0.2032           0.238        0.8918      0.185         0.01667
    0.075           12.43   4.188   20.72    0.07151    0.8309      0.04394   -0.03987           -0.1771     -0.7298           0.9154      0.6583          0.2032          0.2491        0.8828     0.1703         0.02037
      0.1           12.44   4.188   20.72    0.07097    0.8325      0.06438   -0.03495           -0.1719      -0.708           0.9193      0.6543          0.2032          0.2545        0.8732      0.158         0.02147
     0.15           12.44   4.188   20.72    0.06947    0.8363       0.1199   -0.02282           -0.1589     -0.6548           0.9209      0.6447           0.203          0.2794        0.8528      0.132         0.02624
      0.2           12.45   4.188   20.72    0.06832    0.8395       0.1719   -0.01337           -0.1488     -0.6117           0.9288      0.6338           0.203          0.3008        0.8322     0.1163          0.0314
      0.3           12.45   4.188   20.72    0.06653    0.8463       0.2713   0.004734           -0.1295     -0.5314           0.9353      0.6165           0.203          0.3425        0.7887    0.08733         0.04073
      0.4           12.46   4.188   20.72    0.06456    0.8526       0.3611     0.0224           -0.1106     -0.4529           0.9455      0.6003           0.203          0.3889        0.7465    0.06417         0.05675
      0.6           12.48   4.189   20.73    0.05949    0.8664       0.5671    0.06363          -0.06636     -0.2692           0.9655      0.5632           0.203          0.5254        0.6158    0.02883          0.1507
      0.8            12.5   4.189   20.73     0.0544    0.8802       0.7764     0.1049          -0.02212    -0.08639           0.9922      0.5183          0.1897          0.7096        0.4705   0.009667          0.3652
        1           12.52   4.189   20.73    0.05002    0.8935       0.9802     0.1426           0.01833     0.08318             1.02      0.4742          0.1315          0.9395        0.3368   0.002667          0.7857
     1.25           12.54   4.188   20.72     0.0438    0.9099        1.235     0.1935            0.0728      0.3112            1.068      0.4103         0.09247           1.368        0.1743  0.0003333           2.712
      1.5           12.57   4.188   20.73    0.03635    0.9285        1.503     0.2516            0.1353      0.5704            1.117       0.347          0.0486           2.081         0.059          0           9.405

=== 4h P5|B|10
 edge_pct  trades_per_30d  mean_N  mean_L  liq_share  tp_share  drift_H_pct  gross_pct  net_notional_pct  eq_ret_pct  30d_median_mult  30d_p_loss  30d_mdd_median  1y_median_mult  1y_p_below50  1y_p_ruin  IS_median_mult
        0           12.48   4.188   20.72    0.03242    0.8111      -0.0306   -0.07038           -0.1915     -0.7878           0.9072      0.6908          0.1972          0.2387        0.9067     0.1608         0.01051
    0.025           12.49   4.188   20.72    0.03223     0.813    -0.005362   -0.06484           -0.1858     -0.7642           0.9113      0.6855          0.1956          0.2486        0.9002     0.1478         0.01393
     0.05           12.49   4.188   20.72    0.03203    0.8147      0.01832   -0.06008           -0.1808      -0.744           0.9141      0.6807          0.1934          0.2564        0.8907      0.137         0.01802
    0.075           12.49   4.188   20.72    0.03173    0.8164      0.04519     -0.055           -0.1755     -0.7217           0.9173      0.6757          0.1905          0.2656        0.8815     0.1275         0.01928
      0.1           12.49   4.188   20.72    0.03154    0.8183       0.0657   -0.04968             -0.17     -0.6984           0.9203      0.6712          0.1901           0.276        0.8722     0.1148         0.01938
     0.15           12.49   4.188   20.72    0.03108    0.8219       0.1211   -0.03894           -0.1589     -0.6526           0.9241      0.6632          0.1881          0.2956        0.8527    0.09883         0.02601
      0.2           12.49   4.188   20.72    0.03081    0.8251       0.1732   -0.03038             -0.15     -0.6148            0.929      0.6518          0.1842          0.3133        0.8313    0.08333          0.0324
      0.3            12.5   4.188   20.72    0.03031    0.8321       0.2728   -0.01225           -0.1313     -0.5367           0.9361      0.6308          0.1788           0.353        0.7887      0.066         0.04665
      0.4           12.51   4.188   20.73    0.02965    0.8386       0.3622   0.005011           -0.1134     -0.4621           0.9454      0.6145          0.1735           0.398        0.7427     0.0465         0.06228
      0.6           12.52   4.189   20.73    0.02842     0.853       0.5679    0.04524          -0.07178     -0.2899           0.9659      0.5718          0.1589          0.5223        0.6157     0.0195          0.1599
      0.8           12.53   4.189   20.73    0.02663    0.8672       0.7771    0.08558          -0.02985     -0.1166           0.9893      0.5243          0.1452          0.6926        0.4552      0.006          0.3565
        1           12.55   4.189   20.73    0.02533    0.8807       0.9811     0.1218          0.007686     0.03953            1.013      0.4777          0.1321          0.8978        0.3222   0.001833          0.7631
     1.25           12.57   4.188   20.73    0.02365    0.8976        1.236     0.1699           0.05746      0.2458            1.046      0.4122          0.1147           1.254        0.1713  0.0003333           1.679
      1.5           12.59   4.189   20.73    0.02081    0.9163        1.504     0.2244            0.1143      0.4801            1.083      0.3448         0.09765            1.84       0.06617          0           5.797

=== 4h P5|C|10
 edge_pct  trades_per_30d  mean_N  mean_L  liq_share  tp_share  drift_H_pct  gross_pct  net_notional_pct  eq_ret_pct  30d_median_mult  30d_p_loss  30d_mdd_median  1y_median_mult  1y_p_below50  1y_p_ruin  IS_median_mult
        0           12.58   4.187   20.72          0    0.7316     -0.02618    -0.1695           -0.2801      -1.142           0.8664      0.8127          0.1955          0.1463        0.9893      0.309        0.003498
    0.025           12.58   4.187   20.72          0    0.7338    -0.001411    -0.1642           -0.2747       -1.12           0.8676      0.8078          0.1916          0.1512        0.9867     0.2855        0.003966
     0.05           12.58   4.187   20.72          0    0.7357      0.02208    -0.1596           -0.2699        -1.1           0.8681       0.804           0.189          0.1567        0.9857     0.2682        0.004272
    0.075           12.58   4.187   20.72          0     0.738      0.04859    -0.1544           -0.2646      -1.078           0.8712      0.7997          0.1876          0.1636        0.9822     0.2525        0.004539
      0.1           12.58   4.187   20.72          0    0.7398      0.06904      -0.15           -0.2601      -1.059           0.8736      0.7983          0.1865          0.1686        0.9797     0.2347        0.005336
     0.15           12.58   4.187   20.72          0    0.7437       0.1244    -0.1409           -0.2508       -1.02           0.8801        0.79          0.1845          0.1777        0.9752     0.2067        0.006067
      0.2           12.58   4.187   20.72          0    0.7469        0.176    -0.1333           -0.2431     -0.9869           0.8821      0.7823          0.1828           0.187        0.9702       0.18        0.006906
      0.3           12.59   4.187   20.72          0     0.755       0.2754    -0.1151           -0.2244     -0.9091           0.8914      0.7647          0.1824          0.2106         0.953     0.1318         0.00908
      0.4           12.59   4.188   20.72          0    0.7623       0.3644   -0.09833           -0.2072     -0.8377           0.8993       0.751          0.1777          0.2367        0.9342    0.09367          0.0134
      0.6            12.6   4.188   20.73          0    0.7778       0.5699    -0.0624           -0.1705     -0.6848           0.9147      0.7123          0.1694          0.2981         0.871     0.0425         0.02673
      0.8           12.61   4.188   20.73          0    0.7935        0.778   -0.02532           -0.1325     -0.5275           0.9387      0.6645          0.1561          0.3867         0.765    0.01783         0.05701
        1           12.62   4.188   20.73          0    0.8079       0.9832   0.007933           -0.0985     -0.3852            0.956      0.6227          0.1449          0.4821        0.6343   0.006667          0.1041
     1.25           12.64   4.188   20.72          0    0.8258        1.239    0.05082          -0.05465     -0.2025           0.9756      0.5602          0.1281          0.6469        0.4382   0.001333          0.2335
      1.5           12.65   4.188   20.72          0    0.8464        1.508     0.1006         -0.003786    0.007889            1.007      0.4863         0.09976           0.913        0.2323          0          0.7034

=== 4h P5|B|100
 edge_pct  trades_per_30d  mean_N  mean_L  liq_share  tp_share  drift_H_pct  gross_pct  net_notional_pct  eq_ret_pct  30d_median_mult  30d_p_loss  30d_mdd_median  1y_median_mult  1y_p_below50  1y_p_ruin  IS_median_mult
        0           11.02   4.189   20.73    0.07311    0.1249     -0.02011  -0.009999           -0.1924     -0.7878           0.8637       0.649          0.3134          0.1444        0.9257     0.4822        0.004462
    0.025           11.02    4.19   20.73    0.07252     0.126     0.004505    0.01002           -0.1721     -0.7042           0.8717       0.641          0.3108          0.1619        0.9138      0.446        0.006863
     0.05           11.02    4.19   20.73    0.07181    0.1272      0.02907    0.03199           -0.1498     -0.6134           0.8809      0.6322          0.3067           0.183        0.9005      0.415        0.008073
    0.075           11.01    4.19   20.73    0.07101    0.1285      0.05617    0.05543           -0.1259     -0.5141           0.8907      0.6213          0.3032          0.2086        0.8855      0.381         0.01123
      0.1           11.01    4.19   20.73    0.07064    0.1296      0.07779    0.07546           -0.1057     -0.4303           0.8977      0.6135          0.2999          0.2345        0.8692      0.349         0.01791
     0.15           11.01    4.19   20.73    0.06949    0.1321       0.1335     0.1225           -0.0581     -0.2363           0.9148      0.5922          0.2909          0.3044        0.8292     0.2788          0.0267
      0.2           11.01    4.19   20.73     0.0684    0.1347       0.1826     0.1643          -0.01572    -0.06013            0.932      0.5725          0.2824          0.3905        0.7863     0.2217         0.05101
      0.3              11   4.189   20.73    0.06673    0.1385       0.2819     0.2452           0.06607       0.274           0.9714       0.533          0.2697          0.6157        0.6902     0.1345           0.177
      0.4              11   4.189   20.73    0.06474    0.1427       0.3707     0.3227            0.1446      0.5952            1.003       0.496          0.2553          0.9227        0.5825      0.077          0.8775
      0.6           10.99   4.189   20.73    0.06076    0.1524       0.5766     0.4948            0.3188       1.312            1.083       0.409          0.2319           2.352        0.3408      0.015           14.96
      0.8           10.98   4.189   20.73    0.05622    0.1615       0.7846     0.6694            0.4958       2.037            1.167       0.324          0.2054           6.347         0.158      0.002           324.4
        1           10.97    4.19   20.73    0.05203    0.1705       0.9863     0.8397            0.6684        2.75            1.261      0.2518          0.2032           16.66        0.0645     0.0005            5574
     1.25           10.96   4.189   20.73    0.04715    0.1814        1.247      1.054            0.8852       3.637            1.389      0.1742          0.1863           55.76       0.02117  0.0001667       1.302e+05
      1.5           10.95   4.189   20.73    0.04141    0.1937        1.518      1.275              1.11       4.558            1.529      0.1027          0.1576           187.5         0.007          0       5.086e+06

=== 4h P5c|A|10
 edge_pct  trades_per_30d  mean_N  mean_L  liq_share  tp_share  drift_H_pct  gross_pct  net_notional_pct  eq_ret_pct  30d_median_mult  30d_p_loss  30d_mdd_median  1y_median_mult  1y_p_below50  1y_p_ruin  IS_median_mult
        0           12.43   4.145   20.72    0.07351    0.8259     -0.03131   -0.05507           -0.1935     -0.7922            0.906       0.671          0.2032          0.2268        0.9063     0.2018         0.01398
    0.025           12.43   4.194   20.72    0.07289    0.8277    -0.006013    -0.0499            -0.188     -0.7558            0.911      0.6647          0.2032           0.238        0.8932     0.1882          0.0159
     0.05           12.43   4.236   20.72    0.07235    0.8292      0.01747   -0.04535           -0.1831     -0.7213           0.9173      0.6577          0.2032          0.2501         0.877     0.1717         0.01746
    0.075           12.43   4.287   20.72    0.07151    0.8309      0.04394   -0.03987           -0.1771     -0.6789           0.9204        0.65          0.2032          0.2682        0.8603     0.1528         0.02512
      0.1           12.44   4.338   20.72    0.07097    0.8325      0.06438   -0.03495           -0.1719     -0.6409           0.9252      0.6428          0.2032          0.2811        0.8443     0.1377         0.02819
     0.15           12.44   4.431   20.72    0.06947    0.8363       0.1199   -0.02282           -0.1589     -0.5571           0.9346      0.6243           0.203          0.3215        0.8065       0.11         0.03961
      0.2           12.45   4.526   20.72    0.06832    0.8395       0.1719   -0.01337           -0.1488     -0.4867           0.9436      0.6087           0.203          0.3559        0.7718    0.09017         0.04919
      0.3           12.45   4.717   20.72    0.06653    0.8463       0.2713   0.004734           -0.1295     -0.3514           0.9582      0.5773           0.203          0.4378        0.6985    0.06417          0.0894
      0.4           12.46   4.903   20.72    0.06456    0.8526       0.3611     0.0224           -0.1106     -0.2142           0.9762      0.5455           0.203          0.5399        0.6188    0.04383          0.1521
      0.6           12.48   5.279   20.73    0.05949    0.8664       0.5671    0.06363          -0.06636      0.0661            1.015       0.475           0.203          0.8254        0.4568    0.02133          0.5393
      0.8            12.5   5.653   20.73     0.0544    0.8802       0.7764     0.1049          -0.02212      0.3644            1.064      0.3972          0.1772           1.321        0.3082   0.008333           2.356
        1           12.52   6.031   20.73    0.05002    0.8935       0.9802     0.1426           0.01833      0.6422            1.114      0.3353          0.1292           2.005        0.2088     0.0035           7.344
     1.25           12.54   6.517   20.72     0.0438    0.9099        1.235     0.1935            0.0728       1.009            1.176      0.2643         0.09032           3.541         0.134      0.001            36.7
      1.5           12.57   6.997   20.73    0.03635    0.9285        1.503     0.2516            0.1353       1.413            1.239      0.2147         0.04752           6.546        0.0785  0.0001667           208.5

=== 4h P5c|B|10
 edge_pct  trades_per_30d  mean_N  mean_L  liq_share  tp_share  drift_H_pct  gross_pct  net_notional_pct  eq_ret_pct  30d_median_mult  30d_p_loss  30d_mdd_median  1y_median_mult  1y_p_below50  1y_p_ruin  IS_median_mult
        0           12.48   4.145   20.72    0.03242    0.8111      -0.0306   -0.07038           -0.1915     -0.7824           0.9081      0.6893          0.1951          0.2408        0.9053     0.1562         0.01112
    0.025           12.49   4.194   20.72    0.03223     0.813    -0.005362   -0.06484           -0.1858     -0.7466            0.913      0.6793          0.1934          0.2543         0.892     0.1412         0.01501
     0.05           12.49   4.237   20.72    0.03203    0.8147      0.01832   -0.06008           -0.1808     -0.7125           0.9174      0.6717          0.1907          0.2681        0.8787     0.1277            0.02
    0.075           12.49   4.287   20.72    0.03173    0.8164      0.04519     -0.055           -0.1755     -0.6754           0.9211      0.6637          0.1901          0.2833        0.8617     0.1153         0.02378
      0.1           12.49   4.338   20.72    0.03154    0.8183       0.0657   -0.04968             -0.17     -0.6374           0.9267      0.6552          0.1881          0.2993        0.8443      0.103         0.02803
     0.15           12.49   4.432   20.72    0.03108    0.8219       0.1211   -0.03894           -0.1589     -0.5673           0.9349      0.6367          0.1847          0.3297        0.8115     0.0835          0.0368
      0.2           12.49   4.526   20.72    0.03081    0.8251       0.1732   -0.03038             -0.15     -0.5068           0.9422      0.6187          0.1808          0.3626        0.7773      0.072         0.05298
      0.3            12.5   4.717   20.72    0.03031    0.8321       0.2728   -0.01225           -0.1313     -0.3765           0.9571      0.5868           0.177          0.4407        0.7012    0.05217         0.08793
      0.4           12.51   4.903   20.73    0.02965    0.8386       0.3622   0.005011           -0.1134     -0.2484           0.9713      0.5578          0.1725          0.5346        0.6203      0.033           0.153
      0.6           12.52   5.279   20.73    0.02842     0.853       0.5679    0.04524          -0.07178     0.01002            1.007       0.491           0.159          0.7789        0.4587    0.01983          0.4966
      0.8           12.53   5.654   20.73    0.02663    0.8672       0.7771    0.08558          -0.02985      0.2851            1.049      0.4183          0.1476           1.186        0.3152   0.008333           1.843
        1           12.55   6.032   20.73    0.02533    0.8807       0.9811     0.1218          0.007686      0.5392             1.09      0.3575          0.1366           1.736        0.2245   0.004833           4.918
     1.25           12.57   6.519   20.73    0.02365    0.8976        1.236     0.1699           0.05746      0.8697            1.147      0.2937          0.1217           2.856        0.1453   0.001333           18.01
      1.5           12.59   6.998   20.73    0.02081    0.9163        1.504     0.2244            0.1143       1.235            1.206      0.2415          0.1003           4.964       0.09033     0.0005           80.86

=== 4h P5c|C|10
 edge_pct  trades_per_30d  mean_N  mean_L  liq_share  tp_share  drift_H_pct  gross_pct  net_notional_pct  eq_ret_pct  30d_median_mult  30d_p_loss  30d_mdd_median  1y_median_mult  1y_p_below50  1y_p_ruin  IS_median_mult
        0           12.58   4.144   20.72          0    0.7316     -0.02618    -0.1695           -0.2801      -1.137           0.8666       0.812          0.1941          0.1478         0.989     0.2992        0.003586
    0.025           12.58   4.193   20.72          0    0.7338    -0.001411    -0.1642           -0.2747      -1.107           0.8678      0.8032          0.1898          0.1541        0.9847     0.2772        0.004334
     0.05           12.58   4.235   20.72          0    0.7357      0.02208    -0.1596           -0.2699      -1.079           0.8715       0.795          0.1876          0.1611        0.9818     0.2533        0.004517
    0.075           12.58   4.286   20.72          0     0.738      0.04859    -0.1544           -0.2646      -1.046            0.876      0.7872          0.1867          0.1701        0.9783     0.2313        0.005464
      0.1           12.58   4.337   20.72          0    0.7398      0.06904      -0.15           -0.2601      -1.018           0.8798      0.7813          0.1863          0.1767        0.9725     0.2175        0.006493
     0.15           12.58   4.431   20.72          0    0.7437       0.1244    -0.1409           -0.2508     -0.9693           0.8826      0.7667          0.1831          0.1875        0.9615      0.197        0.006601
      0.2           12.58   4.525   20.72          0    0.7469        0.176    -0.1333           -0.2431     -0.9239           0.8896      0.7522          0.1828          0.2013        0.9515     0.1688        0.008459
      0.3           12.59   4.717   20.72          0     0.755       0.2754    -0.1151           -0.2244     -0.8175           0.8994      0.7228          0.1826          0.2353        0.9205      0.123         0.01237
      0.4           12.59   4.902   20.72          0    0.7623       0.3644   -0.09833           -0.2072      -0.719           0.9133       0.694          0.1824          0.2717        0.8837      0.094         0.01883
      0.6            12.6   5.278   20.73          0    0.7778       0.5699    -0.0624           -0.1705     -0.5209           0.9395       0.633          0.1824          0.3618        0.7875    0.05567         0.04571
      0.8           12.61   5.653   20.73          0    0.7935        0.778   -0.02532           -0.1325     -0.3129           0.9676       0.566          0.1809          0.4948        0.6475    0.03117          0.1157
        1           12.62   6.032   20.73          0    0.8079       0.9832   0.007933           -0.0985     -0.1205           0.9891      0.5153          0.1818          0.6452        0.5362     0.0185          0.2412
     1.25           12.64    6.52   20.72          0    0.8258        1.239    0.05082          -0.05465      0.1152            1.021      0.4657          0.1828          0.9125        0.4153      0.011          0.5799
      1.5           12.65   6.998   20.72          0    0.8464        1.508     0.1006         -0.003786      0.4029            1.058      0.4095          0.1916           1.395        0.2865   0.005167           2.516

=== 4h P6|B|none
 edge_pct  trades_per_30d  mean_N  mean_L  liq_share  tp_share  drift_H_pct  gross_pct  net_notional_pct  eq_ret_pct  30d_median_mult  30d_p_loss  30d_mdd_median  1y_median_mult  1y_p_below50  1y_p_ruin  IS_median_mult
        0           10.87  0.3026   9.407          0         0      -0.0266   -0.04281           -0.2012    -0.05139           0.9928      0.6152         0.02228          0.9278             0          0          0.8205
    0.025           10.87  0.3026   9.407          0         0    -0.002976    -0.0199           -0.1783    -0.04571           0.9934      0.6057         0.02198          0.9353             0          0          0.8386
     0.05           10.87  0.3026   9.406          0         0      0.01945   0.001339           -0.1571    -0.03988           0.9941      0.5972         0.02175          0.9425             0          0          0.8571
    0.075           10.86  0.3026   9.407          0         0      0.04677    0.02684           -0.1316    -0.03331           0.9948      0.5865         0.02125          0.9506             0          0          0.8824
      0.1           10.86  0.3026   9.407          0         0        0.069    0.04723           -0.1113    -0.02732           0.9953      0.5772         0.02095          0.9588             0          0          0.9056
     0.15           10.86  0.3027   9.408          0         0       0.1246    0.09836          -0.06016    -0.01404           0.9967      0.5547         0.02027          0.9753             0          0          0.9476
      0.2           10.85  0.3027   9.407          0         0       0.1746     0.1449          -0.01367   -0.001403           0.9983      0.5305         0.01998          0.9911             0          0          0.9871
      0.3           10.85  0.3027   9.408          0         0       0.2728     0.2357           0.07706     0.02265            1.001       0.488         0.01935           1.025             0          0           1.072
      0.4           10.84  0.3027   9.408          0         0       0.3625     0.3203            0.1616     0.04465            1.004      0.4465         0.01804           1.055             0          0           1.167
      0.6           10.82  0.3027   9.408          0         0       0.5684     0.5112            0.3524      0.0953            1.009      0.3597         0.01556           1.126             0          0           1.381
      0.8            10.8  0.3027   9.408          0         0       0.7761     0.7066            0.5477      0.1467            1.014      0.2735          0.0131           1.205             0          0           1.699
        1           10.79  0.3028   9.408          0         0       0.9774     0.8928            0.7339      0.1973             1.02      0.2075          0.0111           1.288             0          0           2.067
     1.25           10.77  0.3028   9.408          0         0        1.237      1.133             0.974      0.2608            1.026       0.135         0.01006           1.399             0          0           2.676
      1.5           10.75  0.3028   9.408          0         0        1.511      1.382             1.223      0.3267            1.033     0.07233         0.01003           1.522             0          0           3.468

=== 4h P6h|B|none
 edge_pct  trades_per_30d  mean_N  mean_L  liq_share  tp_share  drift_H_pct  gross_pct  net_notional_pct  eq_ret_pct  30d_median_mult  30d_p_loss  30d_mdd_median  1y_median_mult  1y_p_below50  1y_p_ruin  IS_median_mult
        0           10.87  0.1513   9.407          0         0      -0.0266   -0.04281           -0.2012    -0.02569           0.9965      0.6135         0.01118          0.9641             0          0          0.9085
    0.025           10.87  0.1513   9.407          0         0    -0.002976    -0.0199           -0.1783    -0.02285           0.9968      0.6035         0.01102           0.968             0          0          0.9181
     0.05           10.87  0.1513   9.406          0         0      0.01945   0.001339           -0.1571    -0.01994           0.9971      0.5945         0.01089          0.9716             0          0          0.9283
    0.075           10.86  0.1513   9.407          0         0      0.04677    0.02684           -0.1316    -0.01665           0.9974      0.5838         0.01066          0.9759             0          0          0.9422
      0.1           10.86  0.1513   9.407          0         0        0.069    0.04723           -0.1113    -0.01366           0.9977      0.5742          0.0105          0.9801             0          0          0.9543
     0.15           10.86  0.1513   9.408          0         0       0.1246    0.09836          -0.06016   -0.007019           0.9984      0.5517         0.01016          0.9885             0          0          0.9763
      0.2           10.85  0.1513   9.407          0         0       0.1746     0.1449          -0.01367  -0.0007015           0.9992      0.5272         0.01002          0.9965             0          0          0.9964
      0.3           10.85  0.1513   9.408          0         0       0.2728     0.2357           0.07706     0.01132                1      0.4847        0.009693           1.013             0          0           1.038
      0.4           10.84  0.1513   9.408          0         0       0.3625     0.3203            0.1616     0.02233            1.002       0.443        0.009036           1.028             0          0           1.084
      0.6           10.82  0.1514   9.408          0         0       0.5684     0.5112            0.3524     0.04765            1.004       0.357        0.007792           1.062             0          0           1.179
      0.8            10.8  0.1514   9.408          0         0       0.7761     0.7066            0.5477     0.07337            1.007      0.2703        0.006557           1.099             0          0           1.308
        1           10.79  0.1514   9.408          0         0       0.9774     0.8928            0.7339     0.09867             1.01       0.206        0.005549           1.136             0          0           1.442
     1.25           10.77  0.1514   9.408          0         0        1.237      1.133             0.974      0.1304            1.013       0.134        0.005031           1.184             0          0           1.641
      1.5           10.75  0.1514   9.408          0         0        1.511      1.382             1.223      0.1634            1.016     0.07233        0.005015           1.235             0          0           1.868

=== 4h P6|B|10
 edge_pct  trades_per_30d  mean_N  mean_L  liq_share  tp_share  drift_H_pct  gross_pct  net_notional_pct  eq_ret_pct  30d_median_mult  30d_p_loss  30d_mdd_median  1y_median_mult  1y_p_below50  1y_p_ruin  IS_median_mult
        0            11.9   0.301   9.396          0    0.6462     -0.02511   0.001747            -0.117     -0.0401           0.9958      0.6023         0.01628          0.9432             0          0          0.8235
    0.025           11.91   0.301   9.396          0    0.6492    -0.001951     0.0124           -0.1062    -0.03704           0.9962       0.594         0.01608          0.9477             0          0          0.8464
     0.05           11.91   0.301   9.396          0    0.6518      0.02135    0.02196           -0.0965    -0.03417           0.9965      0.5873         0.01588          0.9513             0          0          0.8524
    0.075           11.91   0.301   9.395          0     0.655      0.04916    0.03326          -0.08502    -0.03086           0.9968       0.578         0.01553          0.9553             0          0           0.869
      0.1           11.92   0.301   9.395          0    0.6578      0.07021    0.04355          -0.07457     -0.0276           0.9971      0.5703         0.01539          0.9599             0          0          0.8756
     0.15           11.92   0.301   9.395          0    0.6636       0.1258    0.06462          -0.05318    -0.02155           0.9978      0.5512         0.01493          0.9685             0          0          0.9044
      0.2           11.93   0.301   9.396          0    0.6692       0.1783    0.08521          -0.03227     -0.0151           0.9987      0.5313         0.01446          0.9768             0          0          0.9335
      0.3           11.94  0.3009   9.396          0    0.6803       0.2759     0.1242          0.007293   -0.003522                1      0.4973         0.01372          0.9946             0          0          0.9749
      0.4           11.95  0.3009   9.396          0     0.691       0.3642     0.1607           0.04444    0.007318            1.002      0.4627         0.01296            1.01             0          0           1.014
      0.6           11.97  0.3009   9.396          0     0.714       0.5714     0.2457            0.1307     0.03235            1.004      0.3885         0.01127           1.047             0          0            1.13
      0.8           11.99  0.3008   9.395          0    0.7384       0.7816      0.333            0.2194     0.05817            1.008      0.3082         0.01007           1.088             0          0           1.288
        1           12.01  0.3009   9.396          0    0.7616       0.9825     0.4144            0.3021     0.08299             1.01      0.2415         0.01004           1.127             0          0           1.413
     1.25           12.05  0.3008   9.396          0      0.79        1.239     0.5163            0.4056      0.1129            1.014      0.1665         0.01003           1.179             0          0           1.599
      1.5           12.09  0.3008   9.396          0    0.8192         1.51     0.6265            0.5174      0.1444            1.018     0.09633         0.01001           1.237             0          0           1.835

=== 1d P0|A|10
 edge_pct  trades_per_30d  mean_N  mean_L  liq_share  tp_share  drift_H_pct  gross_pct  net_notional_pct  eq_ret_pct  30d_median_mult  30d_p_loss  30d_mdd_median  1y_median_mult  1y_p_below50  1y_p_ruin  IS_median_mult
        0           3.974       1       1  0.0004725    0.1973      -0.0202    0.05194           -0.1894     -0.1893           0.9929      0.5228         0.08152          0.8098        0.2928     0.0235          0.4865
    0.025           3.975       1       1  0.0004724    0.1979    -0.002891    0.06881           -0.1724     -0.1724           0.9936        0.52         0.08125          0.8161        0.2912     0.0235          0.4879
     0.05           3.976       1       1  0.0004723    0.1993      0.03811     0.1057           -0.1355     -0.1354           0.9949      0.5152         0.08057          0.8288        0.2823     0.0235          0.4955
    0.075           3.977       1       1  0.0004723    0.2002      0.07979     0.1417          -0.09937    -0.09931           0.9955      0.5127         0.08003          0.8438        0.2733    0.02333           0.538
      0.1           3.977       1       1  0.0004721    0.2017       0.1168     0.1795          -0.06139    -0.06133           0.9969      0.5088         0.07964          0.8598        0.2645    0.02333          0.5721
     0.15           3.977       1       1  0.0004721    0.2028       0.1575     0.2212          -0.01963    -0.01957           0.9989      0.5042         0.07903          0.8765         0.256    0.02333          0.6006
      0.2           3.978       1       1  0.0004721    0.2047         0.21     0.2747            0.0341     0.03416                1      0.4978         0.07766          0.9043        0.2457    0.02333          0.7108
      0.3           3.981       1       1  0.0004717     0.208       0.3067     0.3722            0.1319      0.1319            1.004      0.4855         0.07564          0.9488        0.2218    0.02333          0.8295
      0.4           3.982       1       1  0.0004716    0.2107       0.4223     0.4774            0.2373      0.2374            1.009      0.4723         0.07354           1.001        0.2012    0.02317          0.9489
      0.6           3.986       1       1  0.0004711    0.2171       0.6137     0.6667            0.4272      0.4272            1.017      0.4512         0.07051             1.1        0.1645      0.023           1.146
      0.8           3.991       1       1  0.0003529    0.2221       0.8245     0.8602            0.6212      0.6212            1.024      0.4318         0.06656           1.209        0.1313    0.01767           1.359
        1           3.995       1       1  0.0003525    0.2278        1.009      1.037            0.7985      0.7986            1.032      0.4112         0.06131           1.317        0.1068    0.01767           2.065
     1.25           4.001       1       1   0.000352     0.234        1.246      1.253             1.015       1.015            1.039      0.3905         0.05836           1.466       0.08183    0.01767           2.928
      1.5           4.007       1       1  0.0003515    0.2405        1.498      1.473             1.236       1.236            1.049      0.3642         0.05448           1.638       0.06217    0.01767             4.1
        2           4.016       1       1  0.0003507    0.2545        1.995      1.939             1.703       1.703            1.069      0.3062         0.04422           2.069       0.04317    0.01767           7.963
      2.5           4.026       1       1  0.0003499    0.2662        2.482      2.377             2.142       2.142            1.088      0.2558         0.03575           2.577       0.03133    0.01767            17.1
        3           4.035       1       1   0.000349      0.28        2.962      2.846             2.612       2.612            1.105      0.2082         0.02385           3.293       0.02583    0.01767           31.04

=== 1d P0|B|10
 edge_pct  trades_per_30d  mean_N  mean_L  liq_share  tp_share  drift_H_pct  gross_pct  net_notional_pct  eq_ret_pct  30d_median_mult  30d_p_loss  30d_mdd_median  1y_median_mult  1y_p_below50  1y_p_ruin  IS_median_mult
        0           4.138       1       1          0    0.1934    -0.006964     0.0998           -0.1328     -0.1328           0.9867       0.543         0.09104          0.8302        0.2283          0          0.5753
    0.025           4.138       1       1          0    0.1941      0.01818     0.1242           -0.1083     -0.1083           0.9877       0.539         0.09084          0.8411        0.2213          0          0.5997
     0.05           4.137       1       1          0    0.1955      0.05704     0.1604          -0.07206    -0.07206           0.9894      0.5333          0.0901          0.8615        0.2113          0          0.6168
    0.075           4.137       1       1          0    0.1966      0.09647     0.1894            -0.043      -0.043           0.9905      0.5302         0.08946          0.8762        0.2023          0          0.6407
      0.1           4.136       1       1          0    0.1978       0.1293     0.2226         -0.009768   -0.009768           0.9912      0.5265         0.08896          0.8882         0.194          0          0.6407
     0.15           4.135       1       1          0    0.1988       0.1686     0.2657           0.03338     0.03338           0.9929      0.5208           0.088          0.9086        0.1805          0          0.6908
      0.2           4.135       1       1          0    0.2004       0.2175     0.3136           0.08139     0.08139           0.9949      0.5138         0.08725          0.9304        0.1713          0           0.787
      0.3           4.138       1       1          0    0.2038       0.3188     0.4124            0.1804      0.1804                1      0.4998         0.08551          0.9735          0.15          0          0.8359
      0.4           4.137       1       1          0    0.2063       0.4317      0.515            0.2831      0.2831            1.004       0.486         0.08357           1.022        0.1272          0          0.9991
      0.6           4.136       1       1          0    0.2126       0.6267     0.7016            0.4699      0.4699            1.012      0.4622         0.08098           1.127       0.08817          0            1.26
      0.8           4.135       1       1          0    0.2178       0.8399     0.8639            0.6324      0.6324            1.019      0.4438         0.07875           1.224       0.06533          0            1.74
        1           4.135       1       1          0    0.2232        1.016      1.031            0.7994      0.7994            1.026      0.4235         0.07599           1.338       0.04583          0           2.218
     1.25           4.133       1       1          0    0.2291        1.256      1.226             0.995       0.995            1.033      0.4007         0.07351           1.481        0.0325          0           3.061
      1.5           4.134       1       1          0    0.2353        1.506       1.43             1.199       1.199            1.042      0.3728         0.06966           1.628        0.0215          0           3.986
        2           4.133       1       1          0    0.2491        2.004      1.854             1.624       1.624             1.06        0.32         0.06025           2.021      0.006667          0           7.182
      2.5            4.13       1       1          0    0.2608        2.481      2.248             2.019       2.019            1.079       0.271         0.05075           2.472      0.002333          0           12.56
        3           4.131       1       1          0    0.2738        2.953      2.689              2.46        2.46            1.097      0.2277         0.03776           3.087         0.001          0           24.86

=== 1d P1|B|10
 edge_pct  trades_per_30d  mean_N  mean_L  liq_share  tp_share  drift_H_pct  gross_pct  net_notional_pct  eq_ret_pct  30d_median_mult  30d_p_loss  30d_mdd_median  1y_median_mult  1y_p_below50  1y_p_ruin  IS_median_mult
        0            5.28    1.25       5   0.001689    0.7421     -0.01087   -0.03118           -0.1909     -0.2387           0.9998      0.5003         0.08194          0.7963        0.2212          0          0.4989
    0.025           5.282    1.25       5   0.001689    0.7431      0.01442   -0.02227            -0.182     -0.2274                1      0.4992         0.08155          0.8029        0.2168          0          0.4989
     0.05           5.285    1.25       5   0.001688    0.7446      0.05171  -0.009638           -0.1692     -0.2115            1.001       0.495         0.08091          0.8121        0.2087          0          0.4989
    0.075           5.284    1.25       5   0.001688    0.7458      0.08664   0.001662           -0.1578     -0.1972            1.002      0.4913         0.08053          0.8221        0.2017          0          0.5142
      0.1           5.285    1.25       5   0.001688    0.7468       0.1172    0.01091           -0.1484     -0.1855            1.003      0.4888         0.07999          0.8299        0.1978          0          0.5371
     0.15           5.287    1.25       5   0.001687    0.7482       0.1515    0.02009           -0.1391     -0.1739            1.003      0.4877          0.0796          0.8354         0.194          0          0.5413
      0.2           5.291    1.25       5   0.001686    0.7506       0.1968     0.0391           -0.1199     -0.1499            1.005       0.482         0.07923          0.8478         0.184          0          0.5707
      0.3           5.299    1.25       5   0.001684    0.7545       0.2816    0.07069          -0.08786     -0.1098            1.008      0.4757         0.07725          0.8686          0.17          0          0.6707
      0.4             5.3    1.25       5   0.001683    0.7585       0.3978     0.1041          -0.05415    -0.06769             1.01      0.4675         0.07406          0.8929        0.1565          0          0.6909
      0.6           5.309    1.25       5   0.001769    0.7657       0.5959     0.1673          0.009634     0.01204            1.015      0.4512         0.07101          0.9403        0.1285          0          0.8057
      0.8           5.315    1.25       5   0.001678    0.7727       0.7835     0.2277            0.0707     0.08838             1.02      0.4365         0.06619          0.9949        0.1022          0          0.9719
        1           5.329    1.25       5   0.001674    0.7822       0.9732     0.3065            0.1504       0.188            1.024      0.4173         0.06216           1.062       0.08033          0            1.17
     1.25           5.342    1.25       5   0.001846    0.7937        1.227     0.3906            0.2354      0.2943            1.033      0.3955         0.05723           1.139         0.058          0           1.638
      1.5           5.354    1.25       5   0.001754    0.8022        1.475     0.4638            0.3095      0.3869            1.041      0.3793         0.05343           1.215       0.04233          0           1.757
        2           5.384    1.25       5   0.001657    0.8214        1.976     0.6279            0.4754      0.5943            1.048      0.3363         0.03664             1.4        0.0225          0           2.815
      2.5           5.411    1.25       5   0.001649    0.8378         2.44     0.7526            0.6016      0.7521            1.065      0.3048          0.0198            1.57        0.0125          0           3.512
        3           5.432    1.25       5   0.001642    0.8567        2.927     0.9055            0.7562      0.9453            1.072      0.2677        0.001235           1.796      0.005667          0           5.518

=== 1d P2|B|10
 edge_pct  trades_per_30d  mean_N  mean_L  liq_share  tp_share  drift_H_pct  gross_pct  net_notional_pct  eq_ret_pct  30d_median_mult  30d_p_loss  30d_mdd_median  1y_median_mult  1y_p_below50  1y_p_ruin  IS_median_mult
        0           5.765     2.5      10    0.05505    0.8371      0.02667    -0.2542           -0.4179      -1.045           0.9588      0.5433          0.1296          0.3803        0.7357    0.06783         0.05633
    0.025           5.767     2.5      10    0.05471    0.8382       0.0547    -0.2456           -0.4091      -1.023            0.961        0.54          0.1292          0.3885        0.7267    0.06483         0.05527
     0.05           5.769     2.5      10    0.05437    0.8392      0.09425    -0.2369           -0.4002          -1            0.963      0.5373          0.1274          0.3963        0.7182    0.06133         0.05527
    0.075           5.769     2.5      10    0.05404    0.8398       0.1312    -0.2312           -0.3943     -0.9857           0.9639      0.5362           0.127          0.4011        0.7145    0.05917         0.05643
      0.1           5.769     2.5      10     0.0538    0.8404       0.1622    -0.2266           -0.3895     -0.9737           0.9654       0.535          0.1263          0.4056        0.7107    0.05817         0.05643
     0.15           5.771     2.5      10    0.05345    0.8415       0.1952    -0.2193           -0.3819     -0.9548           0.9665       0.534          0.1251          0.4131         0.705     0.0555         0.05643
      0.2           5.772     2.5      10    0.05303    0.8429       0.2443    -0.2082           -0.3705     -0.9263           0.9697      0.5295          0.1222          0.4238        0.6968    0.05283         0.06519
      0.3           5.777     2.5      10    0.05225    0.8449       0.3308    -0.1929           -0.3548     -0.8869           0.9734      0.5258          0.1202          0.4364        0.6828       0.05         0.08396
      0.4           5.783     2.5      10    0.05188    0.8479       0.4537    -0.1723           -0.3337     -0.8343            0.981      0.5175          0.1185          0.4543         0.667     0.0465         0.08549
      0.6           5.793     2.5      10    0.05032     0.853        0.646    -0.1355           -0.2958     -0.7395           0.9947      0.5038          0.1061          0.4848         0.635    0.03833          0.1155
      0.8           5.797     2.5      10    0.04875    0.8575       0.8334    -0.1011           -0.2603     -0.6508             1.01      0.4897         0.09078          0.5261         0.598       0.03          0.1249
        1           5.805     2.5      10    0.04699    0.8628        1.014   -0.05927           -0.2173     -0.5432            1.022      0.4768         0.07788          0.5692        0.5557    0.02433          0.1624
     1.25           5.815     2.5      10    0.04481    0.8705        1.259  -0.005223           -0.1616     -0.4041            1.043      0.4553         0.05112          0.6275        0.4988    0.01633           0.213
      1.5           5.827     2.5      10    0.04319    0.8762         1.51    0.03644           -0.1188     -0.2969            1.044      0.4405         0.02673          0.6956        0.4528    0.01117          0.2729
        2           5.841     2.5      10    0.03923    0.8886        1.999     0.1338          -0.01865    -0.04663            1.067      0.4007               0          0.8357        0.3477   0.005333          0.5526
      2.5           5.859     2.5      10    0.03766    0.8994        2.441     0.2027           0.05195      0.1299            1.067      0.3737               0          0.9619         0.283   0.002833          0.8253
        3           5.873     2.5      10    0.03462    0.9106        2.919     0.2841            0.1358      0.3394            1.089      0.3407               0           1.134        0.2118      0.002           1.389

=== 1d P2|C|10
 edge_pct  trades_per_30d  mean_N  mean_L  liq_share  tp_share  drift_H_pct  gross_pct  net_notional_pct  eq_ret_pct  30d_median_mult  30d_p_loss  30d_mdd_median  1y_median_mult  1y_p_below50  1y_p_ruin  IS_median_mult
        0           5.922     2.5      10          0    0.7167      0.04238    -0.5716           -0.7137      -1.784           0.9152      0.7683          0.1245          0.2378        0.9362     0.0985         0.01216
    0.025           5.922     2.5      10          0    0.7179      0.06879    -0.5646           -0.7066      -1.767           0.9153      0.7662          0.1245          0.2415        0.9322    0.09433         0.01408
     0.05           5.923     2.5      10          0    0.7192       0.1069    -0.5575           -0.6994      -1.749           0.9153      0.7648          0.1245          0.2437        0.9285    0.09117         0.01424
    0.075           5.924     2.5      10          0    0.7198        0.143    -0.5542           -0.6961       -1.74           0.9154      0.7645          0.1245          0.2462        0.9267      0.089         0.01424
      0.1           5.923     2.5      10          0    0.7205        0.173    -0.5507           -0.6926      -1.731           0.9154      0.7642          0.1245          0.2474        0.9252    0.08617         0.01515
     0.15           5.926     2.5      10          0    0.7218       0.2065    -0.5442           -0.6859      -1.715            0.916      0.7632          0.1245          0.2497         0.922    0.08333          0.0154
      0.2           5.927     2.5      10          0     0.723       0.2566    -0.5373           -0.6789      -1.697            0.916      0.7598          0.1238          0.2532        0.9183    0.07833         0.01557
      0.3            5.93     2.5      10          0    0.7258       0.3459    -0.5218           -0.6632      -1.658            0.916       0.754          0.1238          0.2606        0.9102    0.07217         0.01771
      0.4           5.932     2.5      10          0    0.7293       0.4726    -0.5026           -0.6438       -1.61            0.916      0.7492          0.1238          0.2699        0.9013    0.06233         0.02346
      0.6           5.938     2.5      10          0    0.7361       0.6655    -0.4656           -0.6064      -1.516           0.9346      0.7373          0.1238          0.2885        0.8807      0.048         0.02728
      0.8            5.94     2.5      10          0     0.741       0.8547    -0.4392           -0.5797      -1.449           0.9354      0.7282          0.1238           0.307        0.8642      0.038         0.03178
        1           5.945     2.5      10          0    0.7467        1.036    -0.4074           -0.5475      -1.369           0.9355      0.7183          0.1238          0.3239        0.8443     0.0285         0.03801
     1.25            5.95     2.5      10          0    0.7555        1.282    -0.3614           -0.5009      -1.252           0.9362      0.6995           0.123          0.3561        0.8063    0.02017         0.05212
      1.5           5.955     2.5      10          0    0.7622        1.536    -0.3249           -0.4639       -1.16           0.9362      0.6895           0.123          0.3796         0.768    0.01367         0.06102
        2           5.964     2.5      10          0    0.7759        2.025    -0.2486           -0.3867     -0.9667           0.9561      0.6612           0.123          0.4373         0.681   0.007667         0.09951
      2.5           5.974     2.5      10          0    0.7881        2.472    -0.1854           -0.3225     -0.8063           0.9568      0.6352           0.123          0.4984        0.6008     0.0045          0.1307
        3            5.98     2.5      10          0       0.8        2.934    -0.1218           -0.2581     -0.6452           0.9755      0.6123           0.123          0.5628        0.5057     0.0025          0.2065

=== 1d P3|A|10
 edge_pct  trades_per_30d  mean_N  mean_L  liq_share  tp_share  drift_H_pct  gross_pct  net_notional_pct  eq_ret_pct  30d_median_mult  30d_p_loss  30d_mdd_median  1y_median_mult  1y_p_below50  1y_p_ruin  IS_median_mult
        0           6.117       4      20     0.2473    0.7474      0.03985    -0.7488           -0.9907      -3.963           0.8319      0.7858           0.204         0.03433        0.9992     0.8773        6.26e-05
    0.025           6.117       4      20     0.2465    0.7483      0.06383    -0.7449           -0.9865      -3.946           0.8319      0.7852           0.204         0.03498        0.9992     0.8748        6.26e-05
     0.05           6.117       4      20     0.2455    0.7493      0.09969    -0.7399            -0.981      -3.924           0.8319      0.7838           0.204          0.0353        0.9992     0.8708        6.23e-05
    0.075           6.117       4      20     0.2448      0.75       0.1388    -0.7363           -0.9771      -3.908           0.8329      0.7828           0.204         0.03584        0.9992     0.8685       6.481e-05
      0.1           6.117       4      20     0.2443    0.7506       0.1687    -0.7337           -0.9741      -3.897           0.8329      0.7818           0.204         0.03639        0.9992     0.8663       7.075e-05
     0.15           6.117       4      20     0.2437    0.7512       0.2016    -0.7305           -0.9707      -3.883           0.8329      0.7825           0.204         0.03674        0.9988     0.8647       7.253e-05
      0.2           6.118       4      20     0.2429    0.7521       0.2507    -0.7264           -0.9661      -3.865           0.8329      0.7802           0.204         0.03745         0.999     0.8637       8.462e-05
      0.3            6.12       4      20     0.2408    0.7544       0.3421    -0.7152            -0.954      -3.816           0.8329      0.7767           0.204         0.03884        0.9988     0.8517       8.814e-05
      0.4           6.122       4      20     0.2381     0.757       0.4649    -0.7019           -0.9393      -3.757           0.8329       0.773           0.204         0.04101        0.9988     0.8432       0.0001092
      0.6           6.126       4      20     0.2334    0.7621       0.6568    -0.6773           -0.9123      -3.649           0.8329      0.7648           0.204          0.0447        0.9983     0.8202       0.0001148
      0.8           6.129       4      20     0.2295    0.7662       0.8473    -0.6574           -0.8905      -3.562           0.8329      0.7563           0.204         0.04856        0.9982     0.8023       0.0001426
        1            6.13       4      20     0.2252    0.7706        1.028    -0.6357           -0.8667      -3.467            0.843      0.7503           0.204         0.05217        0.9977      0.779       0.0001687
     1.25           6.132       4      20     0.2196    0.7765        1.273    -0.6069           -0.8351       -3.34           0.8455      0.7388           0.204         0.05839        0.9963     0.7448       0.0002383
      1.5           6.132       4      20     0.2146    0.7819        1.515    -0.5808           -0.8066      -3.226           0.8455      0.7297           0.204         0.06373        0.9957      0.714       0.0002769
        2           6.137       4      20     0.2033    0.7936        1.999    -0.5231           -0.7433      -2.973           0.8455       0.707           0.204         0.07867        0.9907     0.6348       0.0006662
      2.5           6.145       4      20     0.1958    0.8018        2.454    -0.4841           -0.7005      -2.802           0.8571      0.6935           0.204         0.09078        0.9878     0.5727       0.0009782
        3           6.146       4      20     0.1882    0.8101        2.921    -0.4445           -0.6571      -2.628           0.8584      0.6797           0.204          0.1054        0.9813     0.5095         0.00154

=== 1d P3|B|10
 edge_pct  trades_per_30d  mean_N  mean_L  liq_share  tp_share  drift_H_pct  gross_pct  net_notional_pct  eq_ret_pct  30d_median_mult  30d_p_loss  30d_mdd_median  1y_median_mult  1y_p_below50  1y_p_ruin  IS_median_mult
        0           6.118       4      20     0.2439    0.7474      0.03832    -0.7472           -0.9876       -3.95           0.8319       0.786           0.204         0.03483        0.9992     0.8753       6.545e-05
    0.025           6.118       4      20     0.2431    0.7482      0.06229    -0.7433           -0.9834      -3.934           0.8319      0.7853           0.204         0.03535        0.9992     0.8733       6.545e-05
     0.05           6.118       4      20     0.2421    0.7492      0.09815    -0.7383           -0.9779      -3.912           0.8319       0.784           0.204         0.03573        0.9992     0.8693       6.527e-05
    0.075           6.118       4      20     0.2414      0.75       0.1372    -0.7347            -0.974      -3.896           0.8329       0.783           0.204         0.03656        0.9992     0.8668       6.791e-05
      0.1           6.118       4      20     0.2409    0.7505       0.1672     -0.732            -0.971      -3.884           0.8329       0.782           0.204         0.03684        0.9992      0.865       7.634e-05
     0.15           6.118       4      20     0.2403    0.7512          0.2    -0.7289           -0.9675       -3.87           0.8329      0.7827           0.204         0.03717        0.9988     0.8632       7.613e-05
      0.2           6.119       4      20     0.2395     0.752       0.2491    -0.7248            -0.963      -3.852           0.8329      0.7803           0.204         0.03786        0.9988     0.8608       9.105e-05
      0.3           6.121       4      20     0.2375    0.7543       0.3405    -0.7137           -0.9509      -3.804           0.8329      0.7768           0.204         0.03939        0.9987       0.85       9.393e-05
      0.4           6.123       4      20     0.2349     0.757       0.4633    -0.7004           -0.9364      -3.746           0.8329      0.7732           0.204         0.04154        0.9987      0.841       0.0001163
      0.6           6.127       4      20     0.2301    0.7621       0.6552    -0.6758           -0.9094      -3.638           0.8329       0.765           0.204         0.04526        0.9983     0.8187       0.0001181
      0.8            6.13       4      20     0.2265    0.7662       0.8456    -0.6561           -0.8879      -3.552           0.8329      0.7565           0.204         0.04905        0.9982     0.8003       0.0001499
        1           6.131       4      20     0.2224    0.7706        1.026    -0.6344           -0.8642      -3.457           0.8435      0.7503           0.204         0.05297        0.9977     0.7775       0.0001803
     1.25           6.133       4      20     0.2171    0.7765        1.271     -0.606           -0.8331      -3.332           0.8455      0.7388           0.204         0.05867        0.9963     0.7412       0.0002527
      1.5           6.133       4      20     0.2121    0.7818        1.513    -0.5798           -0.8045      -3.218           0.8455      0.7297           0.204         0.06407        0.9957     0.7117       0.0002769
        2           6.138       4      20     0.2012    0.7936        1.998    -0.5224           -0.7417      -2.967           0.8455      0.7072           0.204         0.07908        0.9907     0.6317       0.0006662
      2.5           6.146       4      20      0.194    0.8018        2.452    -0.4831           -0.6987      -2.795           0.8571      0.6937           0.204         0.09096        0.9875     0.5695       0.0009782
        3           6.146       4      20     0.1863    0.8101        2.919    -0.4434           -0.6552      -2.621           0.8584      0.6797           0.204          0.1057         0.981     0.5067         0.00154

=== 1d P3|C|10
 edge_pct  trades_per_30d  mean_N  mean_L  liq_share  tp_share  drift_H_pct  gross_pct  net_notional_pct  eq_ret_pct  30d_median_mult  30d_p_loss  30d_mdd_median  1y_median_mult  1y_p_below50  1y_p_ruin  IS_median_mult
        0           6.207       4      20          0    0.5007      0.03318    -0.8725            -1.018      -4.074           0.7709      0.9483          0.2431         0.03876             1     0.9472       7.451e-05
    0.025           6.207       4      20          0    0.5018      0.05669    -0.8695            -1.015      -4.062           0.7709      0.9478          0.2416         0.03931             1     0.9467       7.382e-05
     0.05           6.207       4      20          0    0.5027      0.09204     -0.867            -1.013      -4.052           0.7709      0.9477          0.2416          0.0397             1     0.9438       7.968e-05
    0.075           6.207       4      20          0    0.5037       0.1306    -0.8643             -1.01      -4.041           0.7709      0.9473          0.2415          0.0398             1     0.9408       8.297e-05
      0.1           6.207       4      20          0    0.5042       0.1601    -0.8629            -1.009      -4.035           0.7709      0.9472          0.2415         0.04013             1     0.9397       8.297e-05
     0.15           6.207       4      20          0    0.5048       0.1923    -0.8612            -1.007      -4.028           0.7709      0.9473          0.2406         0.04035             1     0.9385       8.222e-05
      0.2           6.207       4      20          0     0.506       0.2418    -0.8582            -1.004      -4.016           0.7709      0.9463          0.2406         0.04086             1     0.9367       8.222e-05
      0.3           6.207       4      20          0    0.5093       0.3341    -0.8492           -0.9947      -3.979           0.7817      0.9452          0.2406         0.04201             1     0.9308       9.251e-05
      0.4           6.207       4      20          0    0.5123        0.456    -0.8409           -0.9862      -3.945           0.7826      0.9438          0.2406         0.04321             1     0.9267       0.0001023
      0.6           6.208       4      20          0    0.5175       0.6492    -0.8266           -0.9717      -3.887           0.7826      0.9413          0.2406         0.04486             1     0.9148        0.000116
      0.8           6.209       4      20          0    0.5225         0.84    -0.8129           -0.9577      -3.831           0.7826      0.9398          0.2406         0.04698             1     0.9033       0.0001342
        1           6.209       4      20          0     0.528        1.021    -0.7977           -0.9423      -3.769           0.7826      0.9377          0.2406         0.04952             1     0.8872       0.0001554
     1.25           6.208       4      20          0    0.5349        1.266    -0.7788            -0.923      -3.692           0.7945       0.933          0.2291          0.0524             1      0.866       0.0001847
      1.5           6.208       4      20          0    0.5417         1.51    -0.7599           -0.9037      -3.615           0.7945      0.9288          0.2291          0.0556             1     0.8462       0.0002459
        2           6.208       4      20          0    0.5548        1.998    -0.7239            -0.867      -3.468           0.8066      0.9238          0.2174         0.06265             1      0.794       0.0003338
      2.5           6.212       4      20          0     0.565        2.459     -0.696           -0.8386      -3.354           0.8189      0.9163          0.1853         0.06824        0.9998     0.7588       0.0003869
        3            6.21       4      20          0    0.5751        2.925    -0.6681           -0.8102      -3.241           0.8282      0.9085          0.1842         0.07426        0.9998     0.7062       0.0005264

=== 1d P3|B|30
 edge_pct  trades_per_30d  mean_N  mean_L  liq_share  tp_share  drift_H_pct  gross_pct  net_notional_pct  eq_ret_pct  30d_median_mult  30d_p_loss  30d_mdd_median  1y_median_mult  1y_p_below50  1y_p_ruin  IS_median_mult
        0           5.769       4      20     0.3092    0.6568      0.05455    -0.4648           -0.7467      -2.987            0.828      0.7532          0.2909         0.07085        0.9855     0.6763        0.000425
    0.025            5.77       4      20     0.3081    0.6581      0.07924     -0.457           -0.7383      -2.953            0.828       0.751          0.2848          0.0725        0.9845     0.6658       0.0004851
     0.05           5.772       4      20     0.3066    0.6596       0.1172    -0.4481           -0.7287      -2.915           0.8289      0.7493          0.2785         0.07422        0.9837     0.6567       0.0006011
    0.075           5.771       4      20     0.3057    0.6605       0.1518    -0.4429            -0.723      -2.892           0.8289       0.748          0.2706         0.07519        0.9828     0.6527       0.0006011
      0.1           5.771       4      20     0.3049    0.6614        0.183    -0.4379           -0.7176      -2.871           0.8289      0.7465          0.2642         0.07618        0.9818     0.6487       0.0006011
     0.15           5.773       4      20     0.3037    0.6628       0.2172    -0.4302           -0.7093      -2.837           0.8289       0.745          0.2621         0.07899        0.9802     0.6413       0.0006318
      0.2           5.774       4      20     0.3028     0.664       0.2665    -0.4238           -0.7024       -2.81           0.8318      0.7425          0.2596          0.0798        0.9797     0.6355        0.000692
      0.3           5.779       4      20     0.2998    0.6677       0.3553     -0.403           -0.6801       -2.72            0.839      0.7362          0.2575         0.08571        0.9762     0.6128       0.0008548
      0.4           5.781       4      20     0.2964    0.6715        0.479    -0.3815           -0.6569      -2.628            0.841      0.7323          0.2556         0.09141        0.9732     0.5915        0.001029
      0.6           5.785       4      20     0.2902    0.6787        0.678    -0.3401           -0.6123      -2.449           0.8704      0.7193          0.2387          0.1053         0.966     0.5442          0.0014
      0.8           5.791       4      20     0.2859    0.6846       0.8681    -0.3085           -0.5785      -2.314           0.8727      0.7085          0.2174          0.1179         0.959     0.5072        0.001809
        1           5.798       4      20     0.2793    0.6921        1.047    -0.2656           -0.5323      -2.129           0.8823      0.6967          0.2076          0.1339        0.9513     0.4548        0.002471
     1.25           5.801       4      20     0.2717    0.7018        1.293    -0.2128           -0.4756      -1.902           0.8853      0.6788          0.2064          0.1586        0.9318     0.3918        0.005093
      1.5           5.806       4      20     0.2648    0.7099        1.542    -0.1663           -0.4256      -1.702           0.8863      0.6652          0.2064          0.1853        0.9113      0.348        0.009174
        2           5.815       4      20     0.2497    0.7271        2.032   -0.06759           -0.3192      -1.277            0.932      0.6307          0.2052          0.2541        0.8533     0.2513         0.02286
      2.5           5.831       4      20     0.2381    0.7423        2.479    0.01565           -0.2299     -0.9197           0.9352      0.6007          0.2052          0.3283        0.7902     0.1732          0.0493
        3           5.841       4      20     0.2247    0.7576        2.942     0.1031           -0.1356     -0.5422           0.9739      0.5725           0.204          0.4415        0.7107     0.1097          0.1136

=== 1d P3|B|100
 edge_pct  trades_per_30d  mean_N  mean_L  liq_share  tp_share  drift_H_pct  gross_pct  net_notional_pct  eq_ret_pct  30d_median_mult  30d_p_loss  30d_mdd_median  1y_median_mult  1y_p_below50  1y_p_ruin  IS_median_mult
        0           4.955       4      20     0.4476    0.3718      0.03868    -0.1402            -0.521      -2.084           0.8466      0.6702          0.3664          0.1026        0.9442     0.5855        0.001801
    0.025           4.955       4      20     0.4462    0.3732      0.06416    -0.1257           -0.5059      -2.024           0.8484       0.668          0.3664          0.1071        0.9408      0.575        0.002319
     0.05           4.955       4      20     0.4442     0.375       0.1048    -0.1067            -0.486      -1.944           0.8516      0.6637          0.3664          0.1119        0.9382     0.5612        0.002571
    0.075           4.955       4      20     0.4424    0.3766       0.1461   -0.08859            -0.467      -1.868           0.8534      0.6593          0.3664          0.1169        0.9343     0.5487        0.003347
      0.1           4.955       4      20     0.4412    0.3779       0.1754   -0.07581           -0.4536      -1.815           0.8546      0.6565          0.3664          0.1203        0.9325     0.5385        0.003558
     0.15           4.955       4      20     0.4396    0.3793       0.2101   -0.05772           -0.4348      -1.739           0.8551      0.6528          0.3664          0.1282         0.928     0.5257        0.003558
      0.2           4.956       4      20     0.4382    0.3807       0.2567   -0.04283           -0.4192      -1.677           0.8563      0.6487          0.3664          0.1314         0.923      0.517        0.003828
      0.3           4.956       4      20     0.4336    0.3855       0.3597    0.01012            -0.364      -1.456           0.8594      0.6402          0.3448          0.1529        0.9098     0.4808        0.004175
      0.4           4.954       4      20      0.428    0.3906        0.488    0.06712           -0.3045      -1.218           0.8777      0.6285          0.3173          0.1777        0.8958     0.4415        0.006594
      0.6           4.952       4      20     0.4196    0.3992       0.6805     0.1574           -0.2102     -0.8408           0.8992      0.6105           0.295          0.2186        0.8672     0.3922         0.01222
      0.8           4.951       4      20     0.4121     0.407       0.8752     0.2399           -0.1241     -0.4965           0.9024      0.5937          0.2828          0.2711        0.8417     0.3367         0.02277
        1           4.949       4      20     0.4032    0.4156        1.056     0.3318          -0.02794     -0.1118           0.9193      0.5752          0.2656          0.3375         0.799     0.2828          0.0493
     1.25           4.946       4      20     0.3923    0.4268        1.315     0.4509           0.09633      0.3853            0.949      0.5467          0.2476          0.4609         0.743     0.2198          0.1009
      1.5           4.943       4      20     0.3819    0.4367        1.576     0.5606            0.2109      0.8435           0.9664      0.5237          0.2454          0.6135        0.6857       0.17          0.2883
        2           4.941       4      20     0.3596     0.458         2.06     0.7981             0.459       1.836            1.033      0.4697          0.2297           1.136        0.5578    0.09333           1.942
      2.5           4.938       4      20     0.3405    0.4763        2.527      1.005            0.6749         2.7            1.077      0.4295          0.2076           1.947        0.4373    0.04683           9.029
        3           4.938       4      20      0.319    0.4967        2.987      1.225            0.9052       3.621            1.132      0.3863          0.2064           3.417         0.323     0.0195           60.79

=== 1d P4|A|10
 edge_pct  trades_per_30d  mean_N  mean_L  liq_share  tp_share  drift_H_pct  gross_pct  net_notional_pct  eq_ret_pct  30d_median_mult  30d_p_loss  30d_mdd_median  1y_median_mult  1y_p_below50  1y_p_ruin  IS_median_mult
        0           6.243      20      50      0.629     0.371      0.03045    -0.8692            -1.291      -25.82           0.1187      0.9813          0.8832        9.88e-12             1          1       3.232e-33
    0.025           6.243      20      50      0.628     0.372      0.05428    -0.8676            -1.289      -25.78           0.1187      0.9812          0.8832       1.061e-11             1          1       3.032e-33
     0.05           6.243      20      50     0.6269    0.3731      0.08942    -0.8657            -1.287      -25.73           0.1187      0.9812          0.8832       1.113e-11             1          1       4.013e-33
    0.075           6.243      20      50      0.626     0.374       0.1277    -0.8643            -1.285       -25.7           0.1187      0.9812          0.8832       1.131e-11             1          1       4.277e-33
      0.1           6.243      20      50     0.6254    0.3746       0.1571    -0.8632            -1.284      -25.67           0.1187       0.981          0.8832       1.131e-11             1          1       5.661e-33
     0.15           6.243      20      50     0.6246    0.3754       0.1891    -0.8618            -1.282      -25.63           0.1187      0.9808          0.8832       1.149e-11             1          1       7.492e-33
      0.2           6.243      20      50     0.6236    0.3764       0.2383    -0.8602             -1.28      -25.59           0.1187       0.981          0.8832       1.167e-11             1          1       9.916e-33
      0.3           6.244      20      50     0.6204    0.3796       0.3304    -0.8547            -1.273      -25.45           0.1206      0.9802          0.8832       1.227e-11             1          1       1.312e-32
      0.4           6.244      20      50     0.6172    0.3828        0.452    -0.8492            -1.266      -25.31           0.1206      0.9793          0.8832       1.347e-11             1          1       2.503e-32
      0.6           6.244      20      50     0.6131    0.3869       0.6436    -0.8423            -1.257      -25.13           0.1206      0.9785          0.8813       1.889e-11             1          1       3.312e-32
      0.8           6.244      20      50     0.6091    0.3909       0.8344    -0.8355            -1.248      -24.96           0.1206      0.9777          0.8813       2.099e-11             1          1       4.874e-32
        1           6.245      20      50     0.6036    0.3964        1.012    -0.8261            -1.236      -24.72           0.1218      0.9775          0.8813       2.366e-11             1          1       1.016e-31
     1.25           6.245      20      50     0.5978    0.4022        1.257    -0.8162            -1.223      -24.46           0.1245      0.9755          0.8794       3.526e-11             1          1       2.229e-31
      1.5           6.245      20      50      0.592     0.408        1.502    -0.8064            -1.211      -24.21           0.1951      0.9747          0.8049       3.855e-11             1          1       6.026e-31
        2           6.245      20      50     0.5802    0.4198        1.988    -0.7863            -1.185       -23.7           0.1982       0.973          0.8049       6.581e-11             1          1       1.457e-30
      2.5           6.245      20      50     0.5704    0.4296        2.449    -0.7697            -1.164      -23.27           0.1982      0.9695          0.8049       1.082e-10             1          1       3.658e-30
        3           6.245      20      50     0.5597    0.4403        2.919    -0.7514             -1.14       -22.8           0.1982      0.9685          0.8049       1.779e-10             1          1        1.66e-29

=== 1d P4|B|10
 edge_pct  trades_per_30d  mean_N  mean_L  liq_share  tp_share  drift_H_pct  gross_pct  net_notional_pct  eq_ret_pct  30d_median_mult  30d_p_loss  30d_mdd_median  1y_median_mult  1y_p_below50  1y_p_ruin  IS_median_mult
        0           6.243      20      50      0.629     0.371      0.03045    -0.8692            -1.291      -25.82           0.1187      0.9813          0.8832        9.88e-12             1          1       3.232e-33
    0.025           6.243      20      50      0.628     0.372      0.05428    -0.8676            -1.289      -25.78           0.1187      0.9812          0.8832       1.061e-11             1          1       3.032e-33
     0.05           6.243      20      50     0.6269    0.3731      0.08942    -0.8657            -1.287      -25.73           0.1187      0.9812          0.8832       1.113e-11             1          1       4.013e-33
    0.075           6.243      20      50      0.626     0.374       0.1277    -0.8643            -1.285       -25.7           0.1187      0.9812          0.8832       1.131e-11             1          1       4.277e-33
      0.1           6.243      20      50     0.6254    0.3746       0.1571    -0.8632            -1.284      -25.67           0.1187       0.981          0.8832       1.131e-11             1          1       5.661e-33
     0.15           6.243      20      50     0.6246    0.3754       0.1891    -0.8618            -1.282      -25.63           0.1187      0.9808          0.8832       1.149e-11             1          1       7.492e-33
      0.2           6.243      20      50     0.6236    0.3764       0.2383    -0.8602             -1.28      -25.59           0.1187       0.981          0.8832       1.167e-11             1          1       9.916e-33
      0.3           6.244      20      50     0.6204    0.3796       0.3304    -0.8547            -1.273      -25.45           0.1206      0.9802          0.8832       1.227e-11             1          1       1.312e-32
      0.4           6.244      20      50     0.6172    0.3828        0.452    -0.8492            -1.266      -25.31           0.1206      0.9793          0.8832       1.347e-11             1          1       2.503e-32
      0.6           6.244      20      50     0.6131    0.3869       0.6436    -0.8423            -1.257      -25.13           0.1206      0.9785          0.8813       1.889e-11             1          1       3.312e-32
      0.8           6.244      20      50     0.6091    0.3909       0.8344    -0.8355            -1.248      -24.96           0.1206      0.9777          0.8813       2.099e-11             1          1       4.874e-32
        1           6.245      20      50     0.6036    0.3964        1.012    -0.8261            -1.236      -24.72           0.1218      0.9775          0.8813       2.366e-11             1          1       1.016e-31
     1.25           6.245      20      50     0.5978    0.4022        1.257    -0.8162            -1.223      -24.46           0.1245      0.9755          0.8794       3.526e-11             1          1       2.229e-31
      1.5           6.245      20      50      0.592     0.408        1.502    -0.8064            -1.211      -24.21           0.1951      0.9747          0.8049       3.855e-11             1          1       6.026e-31
        2           6.245      20      50     0.5802    0.4198        1.988    -0.7863            -1.185       -23.7           0.1982       0.973          0.8049       6.581e-11             1          1       1.457e-30
      2.5           6.245      20      50     0.5704    0.4296        2.449    -0.7697            -1.164      -23.27           0.1982      0.9695          0.8049       1.082e-10             1          1       3.658e-30
        3           6.245      20      50     0.5597    0.4403        2.919    -0.7514             -1.14       -22.8           0.1982      0.9685          0.8049       1.779e-10             1          1        1.66e-29

=== 1d P4|C|10
 edge_pct  trades_per_30d  mean_N  mean_L  liq_share  tp_share  drift_H_pct  gross_pct  net_notional_pct  eq_ret_pct  30d_median_mult  30d_p_loss  30d_mdd_median  1y_median_mult  1y_p_below50  1y_p_ruin  IS_median_mult
        0           6.246      20      50          0    0.1838      0.02958    -0.5754           -0.7362      -14.72           0.3676       0.996          0.6324       4.385e-06             1          1       2.305e-16
    0.025           6.246      20      50          0    0.1841      0.05341    -0.5751           -0.7359      -14.72           0.3676       0.996          0.6324       4.385e-06             1          1       2.315e-16
     0.05           6.246      20      50          0     0.185      0.08852    -0.5743            -0.735       -14.7           0.3676       0.996          0.6324       4.455e-06             1          1       2.361e-16
    0.075           6.246      20      50          0    0.1855       0.1268    -0.5738           -0.7345      -14.69           0.3676       0.996          0.6324       4.455e-06             1          1       2.324e-16
      0.1           6.246      20      50          0     0.186       0.1562    -0.5733           -0.7341      -14.68           0.3676       0.996          0.6324       4.455e-06             1          1       2.324e-16
     0.15           6.246      20      50          0    0.1866       0.1882    -0.5728           -0.7335      -14.67           0.3676       0.996          0.6324       4.527e-06             1          1       2.324e-16
      0.2           6.246      20      50          0    0.1875       0.2374    -0.5718           -0.7325      -14.65           0.3676       0.996          0.6324       4.659e-06             1          1       2.576e-16
      0.3           6.246      20      50          0    0.1893       0.3294    -0.5701           -0.7307      -14.61           0.3676      0.9957          0.6324       4.809e-06             1          1       2.576e-16
      0.4           6.246      20      50          0    0.1917        0.451    -0.5678           -0.7283      -14.57           0.3676      0.9955          0.6324       4.964e-06             1          1       3.254e-16
      0.6           6.246      20      50          0    0.1945       0.6426    -0.5653           -0.7256      -14.51           0.3676      0.9957          0.6324       5.124e-06             1          1       3.546e-16
      0.8           6.246      20      50          0    0.1972       0.8334    -0.5626           -0.7228      -14.46           0.3676      0.9952          0.6324       5.374e-06             1          1       3.748e-16
        1           6.246      20      50          0    0.1998        1.012    -0.5602           -0.7202       -14.4           0.3735      0.9952          0.6324       5.709e-06             1          1        4.45e-16
     1.25           6.246      20      50          0    0.2036        1.258    -0.5566           -0.7164      -14.33           0.3735      0.9947          0.6324       6.083e-06             1          1        5.41e-16
      1.5           6.246      20      50          0     0.208        1.503    -0.5524            -0.712      -14.24           0.3735      0.9942          0.6324       6.482e-06             1          1       5.541e-16
        2           6.246      20      50          0    0.2154        1.988    -0.5453           -0.7046      -14.09           0.3735      0.9942          0.6265       7.455e-06             1          1       7.517e-16
      2.5           6.246      20      50          0    0.2232        2.449     -0.538           -0.6968      -13.94           0.3735      0.9938          0.6265       8.331e-06             1          1       1.167e-15
        3           6.246      20      50          0    0.2302        2.919    -0.5314           -0.6898       -13.8           0.3794      0.9933          0.6265       9.431e-06             1          1       1.479e-15

=== 1d P4|B|100
 edge_pct  trades_per_30d  mean_N  mean_L  liq_share  tp_share  drift_H_pct  gross_pct  net_notional_pct  eq_ret_pct  30d_median_mult  30d_p_loss  30d_mdd_median  1y_median_mult  1y_p_below50  1y_p_ruin  IS_median_mult
        0            6.07      20      50     0.6874    0.3083      0.02587    -0.4135           -0.8679      -17.36           0.2098      0.9322          0.8443       1.482e-09             1          1       1.265e-26
    0.025            6.07      20      50     0.6865    0.3092      0.04899    -0.4102           -0.8642      -17.28           0.2098      0.9318          0.8443       1.559e-09             1          1       1.543e-26
     0.05           6.069      20      50     0.6855    0.3103       0.0849    -0.4066           -0.8601       -17.2           0.2113      0.9313          0.8443       1.713e-09             1          1       1.793e-26
    0.075            6.07      20      50     0.6844    0.3113       0.1227    -0.4029           -0.8558      -17.12            0.212      0.9302          0.8443       1.837e-09             1          1       1.688e-26
      0.1            6.07      20      50     0.6837     0.312       0.1523    -0.4004            -0.853      -17.06            0.212        0.93          0.8443       1.936e-09             1          1       2.002e-26
     0.15            6.07      20      50     0.6827     0.313       0.1853    -0.3968            -0.849      -16.98            0.212      0.9292          0.8443       2.113e-09             1          1       4.078e-26
      0.2            6.07      20      50     0.6815    0.3142       0.2338    -0.3927           -0.8443      -16.89           0.2124      0.9282          0.8443       2.306e-09             1          1       9.676e-26
      0.3           6.069      20      50     0.6778    0.3179       0.3271    -0.3796           -0.8293      -16.59           0.2133      0.9252          0.8443        2.69e-09             1          1        1.96e-25
      0.4           6.068      20      50     0.6747    0.3209         0.45     -0.369           -0.8173      -16.35           0.2143      0.9225          0.8443       3.308e-09             1          1       2.188e-25
      0.6           6.067      20      50     0.6704    0.3253        0.643    -0.3536           -0.7998         -16           0.2143      0.9193           0.829       4.282e-09             1          1        3.72e-25
      0.8           6.066      20      50     0.6655    0.3302       0.8325    -0.3366           -0.7806      -15.61           0.2143      0.9148          0.8109         5.8e-09             1          1       7.717e-25
        1           6.065      20      50     0.6586     0.337        1.012    -0.3126           -0.7532      -15.06           0.2329       0.912          0.8069        9.38e-09             1          1       1.876e-24
     1.25           6.066      20      50     0.6517    0.3439        1.261    -0.2883           -0.7256      -14.51            0.261      0.9052          0.8069        1.45e-08             1          1       9.595e-24
      1.5           6.065      20      50     0.6455    0.3501        1.511    -0.2664           -0.7008      -14.02           0.2661      0.9017          0.8049        2.15e-08             1          1       2.782e-23
        2           6.067      20      50     0.6322    0.3633        2.002    -0.2199           -0.6479      -12.96           0.2685      0.8877          0.8049       4.889e-08             1          1        3.95e-22
      2.5           6.062      20      50     0.6205    0.3748        2.471     -0.179           -0.6014      -12.03           0.2918      0.8753          0.8049       1.045e-07             1          1       1.325e-21
        3           6.063      20      50     0.6082    0.3874        2.951    -0.1351           -0.5517      -11.03           0.2948       0.863          0.8049       2.345e-07             1          1       1.562e-20

=== 1d P5|A|10
 edge_pct  trades_per_30d  mean_N  mean_L  liq_share  tp_share  drift_H_pct  gross_pct  net_notional_pct  eq_ret_pct  30d_median_mult  30d_p_loss  30d_mdd_median  1y_median_mult  1y_p_below50  1y_p_ruin  IS_median_mult
        0           6.117       4      20     0.2473    0.7474      0.03985    -0.7488           -0.9907      -3.963           0.8319      0.7858           0.204         0.03433        0.9992     0.8773        6.26e-05
    0.025           6.117       4      20     0.2465    0.7483      0.06383    -0.7449           -0.9865      -3.946           0.8319      0.7852           0.204         0.03498        0.9992     0.8748        6.26e-05
     0.05           6.117       4      20     0.2455    0.7493      0.09969    -0.7399            -0.981      -3.924           0.8319      0.7838           0.204          0.0353        0.9992     0.8708        6.23e-05
    0.075           6.117       4      20     0.2448      0.75       0.1388    -0.7363           -0.9771      -3.908           0.8329      0.7828           0.204         0.03584        0.9992     0.8685       6.481e-05
      0.1           6.117       4      20     0.2443    0.7506       0.1687    -0.7337           -0.9741      -3.897           0.8329      0.7818           0.204         0.03639        0.9992     0.8663       7.075e-05
     0.15           6.117       4      20     0.2437    0.7512       0.2016    -0.7305           -0.9707      -3.883           0.8329      0.7825           0.204         0.03674        0.9988     0.8647       7.253e-05
      0.2           6.118       4      20     0.2429    0.7521       0.2507    -0.7264           -0.9661      -3.865           0.8329      0.7802           0.204         0.03745         0.999     0.8637       8.462e-05
      0.3            6.12       4      20     0.2408    0.7544       0.3421    -0.7152            -0.954      -3.816           0.8329      0.7767           0.204         0.03884        0.9988     0.8517       8.814e-05
      0.4           6.122       4      20     0.2381     0.757       0.4649    -0.7019           -0.9393      -3.757           0.8329       0.773           0.204         0.04101        0.9988     0.8432       0.0001092
      0.6           6.126       4      20     0.2334    0.7621       0.6568    -0.6773           -0.9123      -3.649           0.8329      0.7648           0.204          0.0447        0.9983     0.8202       0.0001148
      0.8           6.129       4      20     0.2295    0.7662       0.8473    -0.6574           -0.8905      -3.562           0.8329      0.7563           0.204         0.04856        0.9982     0.8023       0.0001426
        1            6.13       4      20     0.2252    0.7706        1.028    -0.6357           -0.8667      -3.467            0.843      0.7503           0.204         0.05217        0.9977      0.779       0.0001687
     1.25           6.132       4      20     0.2196    0.7765        1.273    -0.6069           -0.8351       -3.34           0.8455      0.7388           0.204         0.05839        0.9963     0.7448       0.0002383
      1.5           6.132       4      20     0.2146    0.7819        1.515    -0.5808           -0.8066      -3.226           0.8455      0.7297           0.204         0.06373        0.9957      0.714       0.0002769
        2           6.137       4      20     0.2033    0.7936        1.999    -0.5231           -0.7433      -2.973           0.8455       0.707           0.204         0.07867        0.9907     0.6348       0.0006662
      2.5           6.145       4      20     0.1958    0.8018        2.454    -0.4841           -0.7005      -2.802           0.8571      0.6935           0.204         0.09078        0.9878     0.5727       0.0009782
        3           6.146       4      20     0.1882    0.8101        2.921    -0.4445           -0.6571      -2.628           0.8584      0.6797           0.204          0.1054        0.9813     0.5095         0.00154

=== 1d P5|B|10
 edge_pct  trades_per_30d  mean_N  mean_L  liq_share  tp_share  drift_H_pct  gross_pct  net_notional_pct  eq_ret_pct  30d_median_mult  30d_p_loss  30d_mdd_median  1y_median_mult  1y_p_below50  1y_p_ruin  IS_median_mult
        0           6.118       4      20     0.2439    0.7474      0.03832    -0.7472           -0.9876       -3.95           0.8319       0.786           0.204         0.03483        0.9992     0.8753       6.545e-05
    0.025           6.118       4      20     0.2431    0.7482      0.06229    -0.7433           -0.9834      -3.934           0.8319      0.7853           0.204         0.03535        0.9992     0.8733       6.545e-05
     0.05           6.118       4      20     0.2421    0.7492      0.09815    -0.7383           -0.9779      -3.912           0.8319       0.784           0.204         0.03573        0.9992     0.8693       6.527e-05
    0.075           6.118       4      20     0.2414      0.75       0.1372    -0.7347            -0.974      -3.896           0.8329       0.783           0.204         0.03656        0.9992     0.8668       6.791e-05
      0.1           6.118       4      20     0.2409    0.7505       0.1672     -0.732            -0.971      -3.884           0.8329       0.782           0.204         0.03684        0.9992      0.865       7.634e-05
     0.15           6.118       4      20     0.2403    0.7512          0.2    -0.7289           -0.9675       -3.87           0.8329      0.7827           0.204         0.03717        0.9988     0.8632       7.613e-05
      0.2           6.119       4      20     0.2395     0.752       0.2491    -0.7248            -0.963      -3.852           0.8329      0.7803           0.204         0.03786        0.9988     0.8608       9.105e-05
      0.3           6.121       4      20     0.2375    0.7543       0.3405    -0.7137           -0.9509      -3.804           0.8329      0.7768           0.204         0.03939        0.9987       0.85       9.393e-05
      0.4           6.123       4      20     0.2349     0.757       0.4633    -0.7004           -0.9364      -3.746           0.8329      0.7732           0.204         0.04154        0.9987      0.841       0.0001163
      0.6           6.127       4      20     0.2301    0.7621       0.6552    -0.6758           -0.9094      -3.638           0.8329       0.765           0.204         0.04526        0.9983     0.8187       0.0001181
      0.8            6.13       4      20     0.2265    0.7662       0.8456    -0.6561           -0.8879      -3.552           0.8329      0.7565           0.204         0.04905        0.9982     0.8003       0.0001499
        1           6.131       4      20     0.2224    0.7706        1.026    -0.6344           -0.8642      -3.457           0.8435      0.7503           0.204         0.05297        0.9977     0.7775       0.0001803
     1.25           6.133       4      20     0.2171    0.7765        1.271     -0.606           -0.8331      -3.332           0.8455      0.7388           0.204         0.05867        0.9963     0.7412       0.0002527
      1.5           6.133       4      20     0.2121    0.7818        1.513    -0.5798           -0.8045      -3.218           0.8455      0.7297           0.204         0.06407        0.9957     0.7117       0.0002769
        2           6.138       4      20     0.2012    0.7936        1.998    -0.5224           -0.7417      -2.967           0.8455      0.7072           0.204         0.07908        0.9907     0.6317       0.0006662
      2.5           6.146       4      20      0.194    0.8018        2.452    -0.4831           -0.6987      -2.795           0.8571      0.6937           0.204         0.09096        0.9875     0.5695       0.0009782
        3           6.146       4      20     0.1863    0.8101        2.919    -0.4434           -0.6552      -2.621           0.8584      0.6797           0.204          0.1057         0.981     0.5067         0.00154

=== 1d P5|C|10
 edge_pct  trades_per_30d  mean_N  mean_L  liq_share  tp_share  drift_H_pct  gross_pct  net_notional_pct  eq_ret_pct  30d_median_mult  30d_p_loss  30d_mdd_median  1y_median_mult  1y_p_below50  1y_p_ruin  IS_median_mult
        0           6.207       4      20          0    0.5007      0.03318    -0.8725            -1.018      -4.074           0.7709      0.9483          0.2431         0.03876             1     0.9472       7.451e-05
    0.025           6.207       4      20          0    0.5018      0.05669    -0.8695            -1.015      -4.062           0.7709      0.9478          0.2416         0.03931             1     0.9467       7.382e-05
     0.05           6.207       4      20          0    0.5027      0.09204     -0.867            -1.013      -4.052           0.7709      0.9477          0.2416          0.0397             1     0.9438       7.968e-05
    0.075           6.207       4      20          0    0.5037       0.1306    -0.8643             -1.01      -4.041           0.7709      0.9473          0.2415          0.0398             1     0.9408       8.297e-05
      0.1           6.207       4      20          0    0.5042       0.1601    -0.8629            -1.009      -4.035           0.7709      0.9472          0.2415         0.04013             1     0.9397       8.297e-05
     0.15           6.207       4      20          0    0.5048       0.1923    -0.8612            -1.007      -4.028           0.7709      0.9473          0.2406         0.04035             1     0.9385       8.222e-05
      0.2           6.207       4      20          0     0.506       0.2418    -0.8582            -1.004      -4.016           0.7709      0.9463          0.2406         0.04086             1     0.9367       8.222e-05
      0.3           6.207       4      20          0    0.5093       0.3341    -0.8492           -0.9947      -3.979           0.7817      0.9452          0.2406         0.04201             1     0.9308       9.251e-05
      0.4           6.207       4      20          0    0.5123        0.456    -0.8409           -0.9862      -3.945           0.7826      0.9438          0.2406         0.04321             1     0.9267       0.0001023
      0.6           6.208       4      20          0    0.5175       0.6492    -0.8266           -0.9717      -3.887           0.7826      0.9413          0.2406         0.04486             1     0.9148        0.000116
      0.8           6.209       4      20          0    0.5225         0.84    -0.8129           -0.9577      -3.831           0.7826      0.9398          0.2406         0.04698             1     0.9033       0.0001342
        1           6.209       4      20          0     0.528        1.021    -0.7977           -0.9423      -3.769           0.7826      0.9377          0.2406         0.04952             1     0.8872       0.0001554
     1.25           6.208       4      20          0    0.5349        1.266    -0.7788            -0.923      -3.692           0.7945       0.933          0.2291          0.0524             1      0.866       0.0001847
      1.5           6.208       4      20          0    0.5417         1.51    -0.7599           -0.9037      -3.615           0.7945      0.9288          0.2291          0.0556             1     0.8462       0.0002459
        2           6.208       4      20          0    0.5548        1.998    -0.7239            -0.867      -3.468           0.8066      0.9238          0.2174         0.06265             1      0.794       0.0003338
      2.5           6.212       4      20          0     0.565        2.459     -0.696           -0.8386      -3.354           0.8189      0.9163          0.1853         0.06824        0.9998     0.7588       0.0003869
        3            6.21       4      20          0    0.5751        2.925    -0.6681           -0.8102      -3.241           0.8282      0.9085          0.1842         0.07426        0.9998     0.7062       0.0005264

=== 1d P5|B|100
 edge_pct  trades_per_30d  mean_N  mean_L  liq_share  tp_share  drift_H_pct  gross_pct  net_notional_pct  eq_ret_pct  30d_median_mult  30d_p_loss  30d_mdd_median  1y_median_mult  1y_p_below50  1y_p_ruin  IS_median_mult
        0           4.955       4      20     0.4476    0.3718      0.03868    -0.1402            -0.521      -2.084           0.8466      0.6702          0.3664          0.1026        0.9442     0.5855        0.001801
    0.025           4.955       4      20     0.4462    0.3732      0.06416    -0.1257           -0.5059      -2.024           0.8484       0.668          0.3664          0.1071        0.9408      0.575        0.002319
     0.05           4.955       4      20     0.4442     0.375       0.1048    -0.1067            -0.486      -1.944           0.8516      0.6637          0.3664          0.1119        0.9382     0.5612        0.002571
    0.075           4.955       4      20     0.4424    0.3766       0.1461   -0.08859            -0.467      -1.868           0.8534      0.6593          0.3664          0.1169        0.9343     0.5487        0.003347
      0.1           4.955       4      20     0.4412    0.3779       0.1754   -0.07581           -0.4536      -1.815           0.8546      0.6565          0.3664          0.1203        0.9325     0.5385        0.003558
     0.15           4.955       4      20     0.4396    0.3793       0.2101   -0.05772           -0.4348      -1.739           0.8551      0.6528          0.3664          0.1282         0.928     0.5257        0.003558
      0.2           4.956       4      20     0.4382    0.3807       0.2567   -0.04283           -0.4192      -1.677           0.8563      0.6487          0.3664          0.1314         0.923      0.517        0.003828
      0.3           4.956       4      20     0.4336    0.3855       0.3597    0.01012            -0.364      -1.456           0.8594      0.6402          0.3448          0.1529        0.9098     0.4808        0.004175
      0.4           4.954       4      20      0.428    0.3906        0.488    0.06712           -0.3045      -1.218           0.8777      0.6285          0.3173          0.1777        0.8958     0.4415        0.006594
      0.6           4.952       4      20     0.4196    0.3992       0.6805     0.1574           -0.2102     -0.8408           0.8992      0.6105           0.295          0.2186        0.8672     0.3922         0.01222
      0.8           4.951       4      20     0.4121     0.407       0.8752     0.2399           -0.1241     -0.4965           0.9024      0.5937          0.2828          0.2711        0.8417     0.3367         0.02277
        1           4.949       4      20     0.4032    0.4156        1.056     0.3318          -0.02794     -0.1118           0.9193      0.5752          0.2656          0.3375         0.799     0.2828          0.0493
     1.25           4.946       4      20     0.3923    0.4268        1.315     0.4509           0.09633      0.3853            0.949      0.5467          0.2476          0.4609         0.743     0.2198          0.1009
      1.5           4.943       4      20     0.3819    0.4367        1.576     0.5606            0.2109      0.8435           0.9664      0.5237          0.2454          0.6135        0.6857       0.17          0.2883
        2           4.941       4      20     0.3596     0.458         2.06     0.7981             0.459       1.836            1.033      0.4697          0.2297           1.136        0.5578    0.09333           1.942
      2.5           4.938       4      20     0.3405    0.4763        2.527      1.005            0.6749         2.7            1.077      0.4295          0.2076           1.947        0.4373    0.04683           9.029
        3           4.938       4      20      0.319    0.4967        2.987      1.225            0.9052       3.621            1.132      0.3863          0.2064           3.417         0.323     0.0195           60.79

=== 1d P5c|A|10
 edge_pct  trades_per_30d  mean_N  mean_L  liq_share  tp_share  drift_H_pct  gross_pct  net_notional_pct  eq_ret_pct  30d_median_mult  30d_p_loss  30d_mdd_median  1y_median_mult  1y_p_below50  1y_p_ruin  IS_median_mult
        0           6.117       4      20     0.2473    0.7474      0.03985    -0.7488           -0.9907      -3.963           0.8319      0.7858           0.204         0.03433        0.9992     0.8773        6.26e-05
    0.025           6.117   4.019      20     0.2465    0.7483      0.06383    -0.7449           -0.9865      -3.951           0.8319      0.7852           0.204         0.03475        0.9992     0.8755       6.128e-05
     0.05           6.117   4.038      20     0.2455    0.7493      0.09969    -0.7399            -0.981      -3.933           0.8319      0.7838           0.204         0.03485        0.9992     0.8722        5.95e-05
    0.075           6.117    4.06      20     0.2448      0.75       0.1388    -0.7363           -0.9771      -3.926           0.8327      0.7828           0.204         0.03515        0.9992     0.8705       6.123e-05
      0.1           6.117    4.08      20     0.2443    0.7506       0.1687    -0.7337           -0.9741      -3.917           0.8329      0.7818           0.204         0.03522        0.9992     0.8685       6.169e-05
     0.15           6.117   4.113      20     0.2437    0.7512       0.2016    -0.7305           -0.9707      -3.911           0.8329      0.7825           0.204         0.03515        0.9988     0.8665       6.422e-05
      0.2           6.118   4.154      20     0.2429    0.7521       0.2507    -0.7264           -0.9661      -3.912           0.8329        0.78           0.204         0.03495         0.999      0.868       6.624e-05
      0.3            6.12   4.229      20     0.2408    0.7544       0.3421    -0.7152            -0.954      -3.888           0.8329      0.7765           0.204         0.03536        0.9985     0.8618       6.653e-05
      0.4           6.122   4.304      20     0.2381     0.757       0.4649    -0.7019           -0.9393      -3.848           0.8329      0.7723           0.204         0.03638        0.9982     0.8568       7.503e-05
      0.6           6.126    4.44      20     0.2334    0.7621       0.6568    -0.6773           -0.9123      -3.774           0.8329      0.7637           0.204         0.03774        0.9978     0.8432       5.937e-05
      0.8           6.129    4.58      20     0.2295    0.7662       0.8473    -0.6574           -0.8905      -3.719           0.8438      0.7552           0.204         0.03847        0.9975     0.8318       6.905e-05
        1            6.13   4.726      20     0.2252    0.7706        1.028    -0.6357           -0.8667      -3.646           0.8451      0.7488           0.204         0.04034        0.9965      0.819       8.641e-05
     1.25           6.132   4.904      20     0.2196    0.7765        1.273    -0.6069           -0.8351      -3.559           0.8455      0.7372           0.204         0.04199         0.996     0.8003       8.615e-05
      1.5           6.132   5.073      20     0.2146    0.7819        1.515    -0.5808           -0.8066      -3.473           0.8455      0.7278           0.204         0.04347        0.9943     0.7827       0.0001175
        2           6.137   5.424      20     0.2033    0.7936        1.999    -0.5231           -0.7433      -3.312           0.8582      0.7037           0.204         0.04739         0.988     0.7537       0.0001551
      2.5           6.145   5.783      20     0.1958    0.8018        2.454    -0.4841           -0.7005      -3.248            0.864      0.6898           0.204         0.04693         0.985      0.749       0.0001376
        3           6.146   6.135      20     0.1882    0.8101        2.921    -0.4445           -0.6571      -3.209           0.8695      0.6743           0.204         0.04526        0.9855      0.758       0.0001259

=== 1d P5c|B|10
 edge_pct  trades_per_30d  mean_N  mean_L  liq_share  tp_share  drift_H_pct  gross_pct  net_notional_pct  eq_ret_pct  30d_median_mult  30d_p_loss  30d_mdd_median  1y_median_mult  1y_p_below50  1y_p_ruin  IS_median_mult
        0           6.118       4      20     0.2439    0.7474      0.03832    -0.7472           -0.9876       -3.95           0.8319       0.786           0.204         0.03483        0.9992     0.8753       6.545e-05
    0.025           6.118   4.019      20     0.2431    0.7482      0.06229    -0.7433           -0.9834      -3.938           0.8319      0.7853           0.204         0.03527        0.9992      0.874       6.643e-05
     0.05           6.118   4.038      20     0.2421    0.7492      0.09815    -0.7383           -0.9779      -3.921           0.8319       0.784           0.204         0.03532        0.9992     0.8705       6.413e-05
    0.075           6.118    4.06      20     0.2414      0.75       0.1372    -0.7347            -0.974      -3.913           0.8329       0.783           0.204         0.03552        0.9992      0.869       6.461e-05
      0.1           6.118    4.08      20     0.2409    0.7505       0.1672     -0.732            -0.971      -3.904           0.8329       0.782           0.204         0.03561        0.9992     0.8672       6.603e-05
     0.15           6.118   4.113      20     0.2403    0.7512          0.2    -0.7289           -0.9675      -3.898           0.8329      0.7827           0.204         0.03565        0.9988     0.8653       7.285e-05
      0.2           6.119   4.154      20     0.2395     0.752       0.2491    -0.7248            -0.963        -3.9           0.8329      0.7802           0.204         0.03535        0.9988      0.866       7.252e-05
      0.3           6.121   4.229      20     0.2375    0.7543       0.3405    -0.7137           -0.9509      -3.875           0.8329      0.7767           0.204         0.03579        0.9983     0.8603       7.163e-05
      0.4           6.123   4.304      20     0.2349     0.757       0.4633    -0.7004           -0.9364      -3.836           0.8329      0.7725           0.204         0.03683         0.998      0.856        7.92e-05
      0.6           6.127    4.44      20     0.2301    0.7621       0.6552    -0.6758           -0.9094      -3.762           0.8329      0.7637           0.204         0.03812        0.9978      0.842       6.678e-05
      0.8            6.13    4.58      20     0.2265    0.7662       0.8456    -0.6561           -0.8879      -3.708            0.844       0.755           0.204         0.03896        0.9975     0.8303       6.905e-05
        1           6.131   4.726      20     0.2224    0.7706        1.026    -0.6344           -0.8642      -3.635           0.8453      0.7485           0.204         0.04062        0.9967      0.816       9.012e-05
     1.25           6.133   4.904      20     0.2171    0.7765        1.271     -0.606           -0.8331      -3.551           0.8455       0.737           0.204         0.04206        0.9962     0.7985       9.024e-05
      1.5           6.133   5.073      20     0.2121    0.7818        1.513    -0.5798           -0.8045      -3.464           0.8455      0.7277           0.204          0.0436        0.9943     0.7805       0.0001175
        2           6.138   5.424      20     0.2012    0.7936        1.998    -0.5224           -0.7417      -3.305           0.8582      0.7038           0.204          0.0478        0.9878     0.7537       0.0001551
      2.5           6.146   5.783      20      0.194    0.8018        2.452    -0.4831           -0.6987      -3.241           0.8645        0.69           0.204         0.04714         0.985     0.7473       0.0001376
        3           6.146   6.135      20     0.1863    0.8101        2.919    -0.4434           -0.6552      -3.201           0.8697      0.6742           0.204         0.04561        0.9853     0.7568       0.0001259

=== 1d P5c|C|10
 edge_pct  trades_per_30d  mean_N  mean_L  liq_share  tp_share  drift_H_pct  gross_pct  net_notional_pct  eq_ret_pct  30d_median_mult  30d_p_loss  30d_mdd_median  1y_median_mult  1y_p_below50  1y_p_ruin  IS_median_mult
        0           6.207       4      20          0    0.5007      0.03318    -0.8725            -1.018      -4.074           0.7709      0.9483          0.2431         0.03876             1     0.9472       7.451e-05
    0.025           6.207   4.018      20          0    0.5018      0.05669    -0.8695            -1.015      -4.071           0.7709      0.9472           0.252         0.03878             1     0.9472       7.032e-05
     0.05           6.207   4.038      20          0    0.5027      0.09204     -0.867            -1.013      -4.071           0.7709      0.9468           0.252         0.03879             1      0.945       7.878e-05
    0.075           6.207    4.06      20          0    0.5037       0.1306    -0.8643             -1.01       -4.07           0.7709      0.9462           0.252          0.0387             1     0.9425         8.1e-05
      0.1           6.207    4.08      20          0    0.5042       0.1601    -0.8629            -1.009      -4.076           0.7709      0.9458           0.252         0.03851             1     0.9425       7.977e-05
     0.15           6.207   4.113      20          0    0.5048       0.1923    -0.8612            -1.007      -4.093           0.7709       0.945           0.252         0.03764             1      0.944       7.165e-05
      0.2           6.207   4.154      20          0     0.506       0.2418    -0.8582            -1.004      -4.109           0.7709      0.9433           0.252         0.03735             1     0.9448       5.957e-05
      0.3           6.207   4.228      20          0    0.5093       0.3341    -0.8492           -0.9947      -4.111           0.7709      0.9403           0.252         0.03699             1     0.9423        5.85e-05
      0.4           6.207   4.303      20          0    0.5123        0.456    -0.8409           -0.9862      -4.116           0.7709      0.9373           0.252         0.03629             1     0.9418       6.686e-05
      0.6           6.208    4.44      20          0    0.5175       0.6492    -0.8266           -0.9717      -4.145           0.7709      0.9322           0.252         0.03543             1     0.9422       6.639e-05
      0.8           6.209   4.579      20          0    0.5225         0.84    -0.8129           -0.9577      -4.172           0.7709      0.9277           0.252         0.03453             1     0.9418       6.201e-05
        1           6.209   4.727      20          0     0.528        1.021    -0.7977           -0.9423       -4.19           0.7709      0.9247           0.252         0.03367             1     0.9402       5.822e-05
     1.25           6.208   4.906      20          0    0.5349        1.266    -0.7788            -0.923      -4.219           0.7709      0.9152           0.252         0.03217             1     0.9413       4.416e-05
      1.5           6.208   5.075      20          0    0.5417         1.51    -0.7599           -0.9037      -4.246           0.7727      0.9088          0.2564         0.03121             1     0.9417       4.324e-05
        2           6.208   5.427      20          0    0.5548        1.998    -0.7239            -0.867      -4.307           0.7717      0.9005          0.2632         0.02898             1     0.9412       3.307e-05
      2.5           6.212   5.786      20          0     0.565        2.459     -0.696           -0.8386       -4.41           0.7644       0.889          0.2717         0.02558             1     0.9502       2.473e-05
        3            6.21   6.138      20          0    0.5751        2.925    -0.6681           -0.8102      -4.515           0.7594      0.8758          0.2717         0.02253             1     0.9572       1.601e-05

=== 1d P6|B|none
 edge_pct  trades_per_30d  mean_N  mean_L  liq_share  tp_share  drift_H_pct  gross_pct  net_notional_pct  eq_ret_pct  30d_median_mult  30d_p_loss  30d_mdd_median  1y_median_mult  1y_p_below50  1y_p_ruin  IS_median_mult
        0           3.965  0.1151   5.137          0         0      0.01524    0.02863           -0.2225    -0.02136            0.998      0.5595         0.01011          0.9866             0          0          0.9511
    0.025           3.963  0.1151   5.137          0         0      0.04491    0.05205           -0.1991    -0.01855           0.9981       0.556         0.01011          0.9878             0          0          0.9511
     0.05           3.962  0.1151   5.137          0         0      0.08653    0.09268           -0.1586    -0.01447           0.9984      0.5495          0.0101          0.9896             0          0           0.953
    0.075           3.962  0.1151   5.137          0         0        0.119     0.1218           -0.1295    -0.01083           0.9985      0.5457          0.0101           0.991             0          0          0.9548
      0.1           3.961  0.1151   5.138          0         0       0.1527     0.1542          -0.09715   -0.007822           0.9986      0.5413          0.0101           0.993             0          0          0.9614
     0.15            3.96  0.1151   5.137          0         0       0.1886     0.1915           -0.0599   -0.003972           0.9987       0.537          0.0101           0.995             0          0          0.9702
      0.2           3.959  0.1151   5.137          0         0       0.2356     0.2373          -0.01413   0.0007212           0.9989      0.5318         0.01009          0.9971             0          0          0.9759
      0.3           3.958  0.1151   5.137          0         0       0.3385     0.3376            0.0861     0.01127           0.9993      0.5193         0.01008           1.003             0          0          0.9945
      0.4           3.957  0.1151   5.137          0         0       0.4379     0.4365            0.1848     0.02209           0.9997      0.5075         0.01008           1.008             0          0           1.006
      0.6           3.952  0.1151   5.138          0         0       0.6369     0.6345            0.3825     0.04269                1      0.4837         0.01006           1.018             0          0           1.039
      0.8           3.946  0.1151   5.137          0         0        0.833      0.815            0.5628     0.06222            1.001      0.4653         0.01005           1.028             0          0           1.066
        1           3.941  0.1151   5.138          0         0        1.012     0.9935             0.741     0.08216            1.002      0.4457         0.01004           1.037             0          0           1.103
     1.25           3.934  0.1151   5.137          0         0        1.231      1.192            0.9387      0.1056            1.003      0.4202         0.01003           1.049             0          0           1.125
      1.5            3.93  0.1151   5.135          0         0         1.49      1.424             1.171      0.1309            1.004      0.3923         0.00839           1.061             0          0           1.183
        2           3.922  0.1151   5.136          0         0        1.969      1.858             1.605       0.179            1.005      0.3385        0.006632           1.086             0          0           1.276
      2.5           3.908  0.1151   5.135          0         0        2.427      2.289             2.035      0.2264            1.007      0.2847        0.005254           1.111             0          0           1.356
        3           3.901  0.1151   5.137          0         0        2.887      2.726             2.472      0.2747            1.009      0.2397        0.003691           1.136             0          0           1.448

=== 1d P6h|B|none
 edge_pct  trades_per_30d  mean_N  mean_L  liq_share  tp_share  drift_H_pct  gross_pct  net_notional_pct  eq_ret_pct  30d_median_mult  30d_p_loss  30d_mdd_median  1y_median_mult  1y_p_below50  1y_p_ruin  IS_median_mult
        0           3.965 0.05755   5.137          0         0      0.01524    0.02863           -0.2225    -0.01068            0.999      0.5587        0.005054          0.9936             0          0          0.9761
    0.025           3.963 0.05755   5.137          0         0      0.04491    0.05205           -0.1991   -0.009277           0.9991      0.5552        0.005053          0.9943             0          0          0.9761
     0.05           3.962 0.05755   5.137          0         0      0.08653    0.09268           -0.1586   -0.007234           0.9992      0.5487        0.005052          0.9951             0          0          0.9772
    0.075           3.962 0.05755   5.137          0         0        0.119     0.1218           -0.1295   -0.005417           0.9993      0.5448         0.00505          0.9959             0          0           0.978
      0.1           3.961 0.05755   5.138          0         0       0.1527     0.1542          -0.09715   -0.003911           0.9993      0.5405        0.005049          0.9968             0          0          0.9814
     0.15            3.96 0.05755   5.137          0         0       0.1886     0.1915           -0.0599   -0.001986           0.9994      0.5362        0.005048          0.9978             0          0          0.9858
      0.2           3.959 0.05754   5.137          0         0       0.2356     0.2373          -0.01413   0.0003606           0.9995       0.531        0.005046          0.9989             0          0          0.9889
      0.3           3.958 0.05754   5.137          0         0       0.3385     0.3376            0.0861    0.005637           0.9996      0.5185        0.005042           1.002             0          0          0.9982
      0.4           3.957 0.05754   5.137          0         0       0.4379     0.4365            0.1848     0.01105           0.9999      0.5068        0.005038           1.004             0          0           1.004
      0.6           3.952 0.05755   5.138          0         0       0.6369     0.6345            0.3825     0.02135                1       0.483        0.005032           1.009             0          0            1.02
      0.8           3.946 0.05754   5.137          0         0        0.833      0.815            0.5628     0.03111            1.001      0.4647        0.005026           1.014             0          0           1.033
        1           3.941 0.05756   5.138          0         0        1.012     0.9935             0.741     0.04108            1.001       0.445         0.00502           1.019             0          0           1.052
     1.25           3.934 0.05754   5.137          0         0        1.231      1.192            0.9387      0.0528            1.001      0.4193        0.005013           1.025             0          0           1.062
      1.5            3.93 0.05754   5.135          0         0         1.49      1.424             1.171     0.06546            1.002      0.3917        0.004192           1.031             0          0           1.089
        2           3.922 0.05755   5.136          0         0        1.969      1.858             1.605     0.08948            1.003      0.3378        0.003316           1.043             0          0           1.131
      2.5           3.908 0.05754   5.135          0         0        2.427      2.289             2.035      0.1132            1.004       0.284        0.002627           1.054             0          0           1.166
        3           3.901 0.05756   5.137          0         0        2.887      2.726             2.472      0.1373            1.004      0.2388        0.001846           1.066             0          0           1.205

=== 1d P6|B|10
 edge_pct  trades_per_30d  mean_N  mean_L  liq_share  tp_share  drift_H_pct  gross_pct  net_notional_pct  eq_ret_pct  30d_median_mult  30d_p_loss  30d_mdd_median  1y_median_mult  1y_p_below50  1y_p_ruin  IS_median_mult
        0           5.228  0.1149   5.122          0    0.7282     -0.01644    -0.0146           -0.1759    -0.02956           0.9995      0.5182         0.01004          0.9814             0          0          0.9408
    0.025           5.231  0.1149   5.123          0    0.7296     0.008216  -0.005548           -0.1668    -0.02832           0.9996      0.5158         0.01004          0.9822             0          0          0.9421
     0.05           5.235  0.1149   5.122          0    0.7312      0.04408    0.01144           -0.1496    -0.02672           0.9997      0.5118         0.01004          0.9833             0          0          0.9438
    0.075           5.235  0.1149   5.123          0    0.7326      0.08276    0.02431           -0.1366    -0.02542           0.9998      0.5093         0.01003          0.9841             0          0          0.9506
      0.1           5.236  0.1149   5.123          0    0.7338       0.1138    0.03841           -0.1224    -0.02416           0.9998      0.5067         0.01003          0.9848             0          0          0.9538
     0.15           5.238  0.1149   5.123          0    0.7354       0.1495    0.05023           -0.1104    -0.02268           0.9999       0.504         0.01003          0.9859             0          0          0.9562
      0.2           5.241  0.1149   5.123          0    0.7377       0.1922    0.06884          -0.09154    -0.02073                1      0.4993         0.01003           0.987             0          0          0.9575
      0.3           5.252  0.1149   5.123          0    0.7416       0.2762     0.1036          -0.05627    -0.01711                1      0.4928         0.01003          0.9892             0          0          0.9667
      0.4           5.257  0.1149   5.123          0    0.7459       0.3925     0.1407          -0.01887    -0.01283                1      0.4848         0.01003          0.9917             0          0          0.9721
      0.6            5.27  0.1149   5.123          0    0.7544       0.5905     0.2152           0.05638   -0.005043            1.001      0.4673        0.009661          0.9972             0          0          0.9911
      0.8           5.274  0.1149   5.123          0    0.7612       0.7765     0.2801            0.1219    0.001727            1.001      0.4528        0.008071           1.002             0          0           1.004
        1           5.288  0.1149   5.123          0    0.7694       0.9674     0.3516            0.1941    0.009664            1.002      0.4355        0.007001           1.007             0          0           1.019
     1.25           5.298  0.1149   5.123          0    0.7811        1.218     0.4412            0.2848     0.01994            1.002      0.4108        0.006204           1.014             0          0           1.036
      1.5            5.31  0.1149   5.122          0    0.7901        1.467     0.5229            0.3674     0.02851            1.003      0.3935        0.005814           1.019             0          0           1.052
        2           5.341  0.1149    5.12          0    0.8105        1.969     0.7133            0.5597     0.04875            1.004      0.3475        0.004236           1.033             0          0           1.099
      2.5           5.375  0.1149   5.121          0    0.8287        2.424     0.8662            0.7142     0.06575            1.005      0.3082          0.0029           1.045             0          0           1.133
        3           5.397  0.1148   5.119          0    0.8476        2.903      1.032            0.8819     0.08382            1.006      0.2682        0.001144           1.058             0          0           1.177
