strategy,tf,mode,cut,cut_ts,n_bars,sig_full,sig_prefix,sig_at_cut,identical_prefix,first_mismatch,canary,error,sec,data
S2_ST_ROC,15m,plain,14000,2025-12-31 06:00:00+00:00,40000,3481,1222,True,True,-1,False,,0.054816484451293945,real_btc15m_ge_2025-08-07
S2_ST_ROC,15m,plain,22666,2026-03-31 12:30:00+00:00,40000,3481,1986,False,True,-1,False,,0.09262299537658691,real_btc15m_ge_2025-08-07
S2_ST_ROC,15m,plain,30209,2026-06-19 02:15:00+00:00,40000,3481,2632,False,True,-1,False,,0.17490386962890625,real_btc15m_ge_2025-08-07
S2_ST_ROC,15m,plain,30210,2026-06-19 02:30:00+00:00,40000,3481,2633,True,True,-1,False,,0.2002558708190918,real_btc15m_ge_2025-08-07
S2_ST_ROC,15m,plain,31332,2026-06-30 19:00:00+00:00,40000,3481,2739,False,True,-1,False,,0.20574116706848145,real_btc15m_ge_2025-08-07
S2_ST_ROC,15m,plain,31686,2026-07-04 11:30:00+00:00,40000,3481,2767,True,True,-1,False,,0.20898771286010742,real_btc15m_ge_2025-08-07
S2_ST_ROC,15m,plain,37463,2026-09-02 15:45:00+00:00,40000,3481,3249,True,True,-1,False,,0.15063047409057617,real_btc15m_ge_2025-08-07
S2_ST_ROC,15m,plain,38596,2026-09-14 11:00:00+00:00,40000,3481,3353,False,True,-1,False,,0.1410529613494873,real_btc15m_ge_2025-08-07
S2_ST_ROC,15m,plain,38597,2026-09-14 11:15:00+00:00,40000,3481,3354,True,True,-1,False,,0.15218734741210938,real_btc15m_ge_2025-08-07
S2_ST_ROC,15m,plain,39998,2026-09-29 01:30:00+00:00,40000,3481,3481,False,True,-1,False,,0.18724942207336426,real_btc15m_ge_2025-08-07
S5_DONCHIAN_MFI,15m,plain,14000,2025-12-31 06:00:00+00:00,40000,66,26,False,True,-1,False,,0.008615255355834961,real_btc15m_ge_2025-08-07
S5_DONCHIAN_MFI,15m,plain,14897,2026-01-09 14:15:00+00:00,40000,66,28,False,True,-1,False,,0.008477210998535156,real_btc15m_ge_2025-08-07
S5_DONCHIAN_MFI,15m,plain,14898,2026-01-09 14:30:00+00:00,40000,66,29,True,True,-1,False,,0.008231163024902344,real_btc15m_ge_2025-08-07
S5_DONCHIAN_MFI,15m,plain,19889,2026-03-02 14:15:00+00:00,40000,66,34,False,True,-1,False,,0.010034561157226562,real_btc15m_ge_2025-08-07
S5_DONCHIAN_MFI,15m,plain,19890,2026-03-02 14:30:00+00:00,40000,66,35,True,True,-1,False,,0.01018977165222168,real_btc15m_ge_2025-08-07
S5_DONCHIAN_MFI,15m,plain,20950,2026-03-13 15:30:00+00:00,40000,66,38,True,True,-1,False,,0.00997614860534668,real_btc15m_ge_2025-08-07
S5_DONCHIAN_MFI,15m,plain,22666,2026-03-31 12:30:00+00:00,40000,66,41,False,True,-1,False,,0.009278535842895508,real_btc15m_ge_2025-08-07
S5_DONCHIAN_MFI,15m,plain,31332,2026-06-30 19:00:00+00:00,40000,66,55,False,True,-1,False,,0.010004758834838867,real_btc15m_ge_2025-08-07
S5_DONCHIAN_MFI,15m,plain,39789,2026-09-26 21:15:00+00:00,40000,66,66,True,True,-1,False,,0.011068582534790039,real_btc15m_ge_2025-08-07
S5_DONCHIAN_MFI,15m,plain,39998,2026-09-29 01:30:00+00:00,40000,66,66,False,True,-1,False,,0.011074542999267578,real_btc15m_ge_2025-08-07
S6_EMA_DMI_ADX,15m,plain,14000,2025-12-31 06:00:00+00:00,40000,395,142,False,True,-1,False,,0.007951021194458008,real_btc15m_ge_2025-08-07
S6_EMA_DMI_ADX,15m,plain,18347,2026-02-14 12:45:00+00:00,40000,395,175,False,True,-1,False,,0.009548187255859375,real_btc15m_ge_2025-08-07
S6_EMA_DMI_ADX,15m,plain,18348,2026-02-14 13:00:00+00:00,40000,395,176,True,True,-1,False,,0.009046554565429688,real_btc15m_ge_2025-08-07
S6_EMA_DMI_ADX,15m,plain,22666,2026-03-31 12:30:00+00:00,40000,395,239,False,True,-1,False,,0.013358354568481445,real_btc15m_ge_2025-08-07
S6_EMA_DMI_ADX,15m,plain,25949,2026-05-05 17:15:00+00:00,40000,395,267,True,True,-1,False,,0.014787912368774414,real_btc15m_ge_2025-08-07
S6_EMA_DMI_ADX,15m,plain,31332,2026-06-30 19:00:00+00:00,40000,395,323,False,True,-1,False,,0.01539301872253418,real_btc15m_ge_2025-08-07
S6_EMA_DMI_ADX,15m,plain,33969,2026-07-28 06:15:00+00:00,40000,395,343,False,True,-1,False,,0.01629161834716797,real_btc15m_ge_2025-08-07
S6_EMA_DMI_ADX,15m,plain,33970,2026-07-28 06:30:00+00:00,40000,395,344,True,True,-1,False,,0.01669621467590332,real_btc15m_ge_2025-08-07
S6_EMA_DMI_ADX,15m,plain,34521,2026-08-03 00:15:00+00:00,40000,395,349,True,True,-1,False,,0.015600919723510742,real_btc15m_ge_2025-08-07
S6_EMA_DMI_ADX,15m,plain,39998,2026-09-29 01:30:00+00:00,40000,395,395,False,True,-1,False,,0.018022775650024414,real_btc15m_ge_2025-08-07
N01_ST_EMA,15m,plain,14000,2025-12-31 06:00:00+00:00,40000,1209,423,False,True,-1,False,,0.0634002685546875,real_btc15m_ge_2025-08-07
N01_ST_EMA,15m,plain,21054,2026-03-14 17:30:00+00:00,40000,1209,642,True,True,-1,False,,0.0982358455657959,real_btc15m_ge_2025-08-07
N01_ST_EMA,15m,plain,21915,2026-03-23 16:45:00+00:00,40000,1209,660,False,True,-1,False,,0.09978985786437988,real_btc15m_ge_2025-08-07
N01_ST_EMA,15m,plain,21916,2026-03-23 17:00:00+00:00,40000,1209,661,True,True,-1,False,,0.10016202926635742,real_btc15m_ge_2025-08-07
N01_ST_EMA,15m,plain,22666,2026-03-31 12:30:00+00:00,40000,1209,676,False,True,-1,False,,0.11649179458618164,real_btc15m_ge_2025-08-07
N01_ST_EMA,15m,plain,22929,2026-04-03 06:15:00+00:00,40000,1209,691,True,True,-1,False,,0.155564546585083,real_btc15m_ge_2025-08-07
N01_ST_EMA,15m,plain,31332,2026-06-30 19:00:00+00:00,40000,1209,942,False,True,-1,False,,0.21726632118225098,real_btc15m_ge_2025-08-07
N01_ST_EMA,15m,plain,32745,2026-07-15 12:15:00+00:00,40000,1209,988,False,True,-1,False,,0.13261723518371582,real_btc15m_ge_2025-08-07
N01_ST_EMA,15m,plain,32746,2026-07-15 12:30:00+00:00,40000,1209,989,True,True,-1,False,,0.16203904151916504,real_btc15m_ge_2025-08-07
N01_ST_EMA,15m,plain,39998,2026-09-29 01:30:00+00:00,40000,1209,1209,False,True,-1,False,,0.18488287925720215,real_btc15m_ge_2025-08-07
N02_ST_KST,15m,plain,14000,2025-12-31 06:00:00+00:00,40000,1048,346,False,True,-1,False,,0.07450985908508301,real_btc15m_ge_2025-08-07
N02_ST_KST,15m,plain,22666,2026-03-31 12:30:00+00:00,40000,1048,564,False,True,-1,False,,0.10526823997497559,real_btc15m_ge_2025-08-07
N02_ST_KST,15m,plain,26756,2026-05-14 03:00:00+00:00,40000,1048,680,False,True,-1,False,,0.1702709197998047,real_btc15m_ge_2025-08-07
N02_ST_KST,15m,plain,26757,2026-05-14 03:15:00+00:00,40000,1048,681,True,True,-1,False,,0.1905815601348877,real_btc15m_ge_2025-08-07
N02_ST_KST,15m,plain,27524,2026-05-22 03:00:00+00:00,40000,1048,699,False,True,-1,False,,0.1952648162841797,real_btc15m_ge_2025-08-07
N02_ST_KST,15m,plain,27525,2026-05-22 03:15:00+00:00,40000,1048,700,True,True,-1,False,,0.19527435302734375,real_btc15m_ge_2025-08-07
N02_ST_KST,15m,plain,28713,2026-06-03 12:15:00+00:00,40000,1048,735,True,True,-1,False,,0.18651175498962402,real_btc15m_ge_2025-08-07
N02_ST_KST,15m,plain,29195,2026-06-08 12:45:00+00:00,40000,1048,755,True,True,-1,False,,0.17151498794555664,real_btc15m_ge_2025-08-07
N02_ST_KST,15m,plain,31332,2026-06-30 19:00:00+00:00,40000,1048,812,False,True,-1,False,,0.20078802108764648,real_btc15m_ge_2025-08-07
N02_ST_KST,15m,plain,39998,2026-09-29 01:30:00+00:00,40000,1048,1048,False,True,-1,False,,0.14866042137145996,real_btc15m_ge_2025-08-07
N03_ADX_GC,15m,plain,14000,2025-12-31 06:00:00+00:00,40000,38,14,False,True,-1,False,,0.008060216903686523,real_btc15m_ge_2025-08-07
N03_ADX_GC,15m,plain,20558,2026-03-09 13:30:00+00:00,40000,38,23,True,True,-1,False,,0.009814023971557617,real_btc15m_ge_2025-08-07
N03_ADX_GC,15m,plain,22666,2026-03-31 12:30:00+00:00,40000,38,27,False,True,-1,False,,0.010449409484863281,real_btc15m_ge_2025-08-07
N03_ADX_GC,15m,plain,26694,2026-05-13 11:30:00+00:00,40000,38,28,False,True,-1,False,,0.011379480361938477,real_btc15m_ge_2025-08-07
N03_ADX_GC,15m,plain,26695,2026-05-13 11:45:00+00:00,40000,38,29,True,True,-1,False,,0.011003732681274414,real_btc15m_ge_2025-08-07
N03_ADX_GC,15m,plain,26895,2026-05-15 13:45:00+00:00,40000,38,30,True,True,-1,False,,0.011164188385009766,real_btc15m_ge_2025-08-07
N03_ADX_GC,15m,plain,27553,2026-05-22 10:15:00+00:00,40000,38,30,False,True,-1,False,,0.011227607727050781,real_btc15m_ge_2025-08-07
N03_ADX_GC,15m,plain,27554,2026-05-22 10:30:00+00:00,40000,38,31,True,True,-1,False,,0.011171102523803711,real_btc15m_ge_2025-08-07
N03_ADX_GC,15m,plain,31332,2026-06-30 19:00:00+00:00,40000,38,33,False,True,-1,False,,0.012128591537475586,real_btc15m_ge_2025-08-07
N03_ADX_GC,15m,plain,39998,2026-09-29 01:30:00+00:00,40000,38,38,False,True,-1,False,,0.014790773391723633,real_btc15m_ge_2025-08-07
N07_ICHI_CMO,15m,plain,14000,2025-12-31 06:00:00+00:00,40000,455,146,False,True,-1,False,,0.008057355880737305,real_btc15m_ge_2025-08-07
N07_ICHI_CMO,15m,plain,17282,2026-02-03 10:30:00+00:00,40000,455,195,False,True,-1,False,,0.008933305740356445,real_btc15m_ge_2025-08-07
N07_ICHI_CMO,15m,plain,17283,2026-02-03 10:45:00+00:00,40000,455,196,True,True,-1,False,,0.009125232696533203,real_btc15m_ge_2025-08-07
N07_ICHI_CMO,15m,plain,22666,2026-03-31 12:30:00+00:00,40000,455,258,False,True,-1,False,,0.010317087173461914,real_btc15m_ge_2025-08-07
N07_ICHI_CMO,15m,plain,29411,2026-06-10 18:45:00+00:00,40000,455,336,True,True,-1,False,,0.012590169906616211,real_btc15m_ge_2025-08-07
N07_ICHI_CMO,15m,plain,31332,2026-06-30 19:00:00+00:00,40000,455,361,False,True,-1,False,,0.013062477111816406,real_btc15m_ge_2025-08-07
N07_ICHI_CMO,15m,plain,35478,2026-08-12 23:30:00+00:00,40000,455,405,True,True,-1,False,,0.014488935470581055,real_btc15m_ge_2025-08-07
N07_ICHI_CMO,15m,plain,35845,2026-08-16 19:15:00+00:00,40000,455,410,False,True,-1,False,,0.015334844589233398,real_btc15m_ge_2025-08-07
N07_ICHI_CMO,15m,plain,35846,2026-08-16 19:30:00+00:00,40000,455,411,True,True,-1,False,,0.015023946762084961,real_btc15m_ge_2025-08-07
N07_ICHI_CMO,15m,plain,39998,2026-09-29 01:30:00+00:00,40000,455,455,False,True,-1,False,,0.016507387161254883,real_btc15m_ge_2025-08-07
N08_ICHI_WR,15m,plain,14000,2025-12-31 06:00:00+00:00,40000,81,26,False,True,-1,False,,0.007574319839477539,real_btc15m_ge_2025-08-07
N08_ICHI_WR,15m,plain,15473,2026-01-15 14:15:00+00:00,40000,81,27,False,True,-1,False,,0.008340835571289062,real_btc15m_ge_2025-08-07
N08_ICHI_WR,15m,plain,15474,2026-01-15 14:30:00+00:00,40000,81,28,True,True,-1,False,,0.007951974868774414,real_btc15m_ge_2025-08-07
N08_ICHI_WR,15m,plain,17814,2026-02-08 23:30:00+00:00,40000,81,34,True,True,-1,False,,0.008684635162353516,real_btc15m_ge_2025-08-07
N08_ICHI_WR,15m,plain,22666,2026-03-31 12:30:00+00:00,40000,81,43,False,True,-1,False,,0.010663032531738281,real_btc15m_ge_2025-08-07
N08_ICHI_WR,15m,plain,25869,2026-05-04 21:15:00+00:00,40000,81,54,True,True,-1,False,,0.011627435684204102,real_btc15m_ge_2025-08-07
N08_ICHI_WR,15m,plain,31332,2026-06-30 19:00:00+00:00,40000,81,64,False,True,-1,False,,0.013541698455810547,real_btc15m_ge_2025-08-07
N08_ICHI_WR,15m,plain,38413,2026-09-12 13:15:00+00:00,40000,81,79,False,True,-1,False,,0.015603065490722656,real_btc15m_ge_2025-08-07
N08_ICHI_WR,15m,plain,38414,2026-09-12 13:30:00+00:00,40000,81,80,True,True,-1,False,,0.015465736389160156,real_btc15m_ge_2025-08-07
N08_ICHI_WR,15m,plain,39998,2026-09-29 01:30:00+00:00,40000,81,81,False,True,-1,False,,0.017635822296142578,real_btc15m_ge_2025-08-07
N09_ALLIG_AROON,15m,plain,14000,2025-12-31 06:00:00+00:00,40000,570,188,False,True,-1,False,,0.0074312686920166016,real_btc15m_ge_2025-08-07
N09_ALLIG_AROON,15m,plain,22666,2026-03-31 12:30:00+00:00,40000,570,303,False,True,-1,False,,0.010781526565551758,real_btc15m_ge_2025-08-07
N09_ALLIG_AROON,15m,plain,26320,2026-05-09 14:00:00+00:00,40000,570,356,False,True,-1,False,,0.012720108032226562,real_btc15m_ge_2025-08-07
N09_ALLIG_AROON,15m,plain,26321,2026-05-09 14:15:00+00:00,40000,570,357,True,True,-1,False,,0.013074159622192383,real_btc15m_ge_2025-08-07
N09_ALLIG_AROON,15m,plain,28227,2026-05-29 10:45:00+00:00,40000,570,385,True,True,-1,False,,0.013739585876464844,real_btc15m_ge_2025-08-07
N09_ALLIG_AROON,15m,plain,30356,2026-06-20 15:00:00+00:00,40000,570,428,True,True,-1,False,,0.0184175968170166,real_btc15m_ge_2025-08-07
N09_ALLIG_AROON,15m,plain,31332,2026-06-30 19:00:00+00:00,40000,570,442,False,True,-1,False,,0.01418757438659668,real_btc15m_ge_2025-08-07
N09_ALLIG_AROON,15m,plain,35801,2026-08-16 08:15:00+00:00,40000,570,500,False,True,-1,False,,0.014978647232055664,real_btc15m_ge_2025-08-07
N09_ALLIG_AROON,15m,plain,35802,2026-08-16 08:30:00+00:00,40000,570,501,True,True,-1,False,,0.015277862548828125,real_btc15m_ge_2025-08-07
N09_ALLIG_AROON,15m,plain,39998,2026-09-29 01:30:00+00:00,40000,570,570,False,True,-1,False,,0.0164644718170166,real_btc15m_ge_2025-08-07
N10_HA_PSAR,15m,plain,14000,2025-12-31 06:00:00+00:00,40000,987,317,False,True,-1,False,,0.022403240203857422,real_btc15m_ge_2025-08-07
N10_HA_PSAR,15m,plain,14371,2026-01-04 02:45:00+00:00,40000,987,325,True,True,-1,False,,0.018877029418945312,real_btc15m_ge_2025-08-07
N10_HA_PSAR,15m,plain,17204,2026-02-02 15:00:00+00:00,40000,987,382,False,True,-1,False,,0.023110628128051758,real_btc15m_ge_2025-08-07
N10_HA_PSAR,15m,plain,17205,2026-02-02 15:15:00+00:00,40000,987,383,True,True,-1,False,,0.022945642471313477,real_btc15m_ge_2025-08-07
N10_HA_PSAR,15m,plain,20947,2026-03-13 14:45:00+00:00,40000,987,483,True,True,-1,False,,0.0266873836517334,real_btc15m_ge_2025-08-07
N10_HA_PSAR,15m,plain,22666,2026-03-31 12:30:00+00:00,40000,987,541,False,True,-1,False,,0.03861379623413086,real_btc15m_ge_2025-08-07
N10_HA_PSAR,15m,plain,31332,2026-06-30 19:00:00+00:00,40000,987,794,False,True,-1,False,,0.06767392158508301,real_btc15m_ge_2025-08-07
N10_HA_PSAR,15m,plain,39806,2026-09-27 01:30:00+00:00,40000,987,980,False,True,-1,False,,0.08545732498168945,real_btc15m_ge_2025-08-07
N10_HA_PSAR,15m,plain,39807,2026-09-27 01:45:00+00:00,40000,987,981,True,True,-1,False,,0.06907367706298828,real_btc15m_ge_2025-08-07
N10_HA_PSAR,15m,plain,39998,2026-09-29 01:30:00+00:00,40000,987,987,False,True,-1,False,,0.05057883262634277,real_btc15m_ge_2025-08-07
N12_ICHI_AO,15m,plain,14000,2025-12-31 06:00:00+00:00,40000,520,163,False,True,-1,False,,0.00861978530883789,real_btc15m_ge_2025-08-07
N12_ICHI_AO,15m,plain,19743,2026-03-01 01:45:00+00:00,40000,520,235,True,True,-1,False,,0.009313821792602539,real_btc15m_ge_2025-08-07
N12_ICHI_AO,15m,plain,22666,2026-03-31 12:30:00+00:00,40000,520,273,False,True,-1,False,,0.011048078536987305,real_btc15m_ge_2025-08-07
N12_ICHI_AO,15m,plain,24414,2026-04-18 17:30:00+00:00,40000,520,294,False,True,-1,False,,0.009983539581298828,real_btc15m_ge_2025-08-07
N12_ICHI_AO,15m,plain,24415,2026-04-18 17:45:00+00:00,40000,520,295,True,True,-1,False,,0.010248184204101562,real_btc15m_ge_2025-08-07
N12_ICHI_AO,15m,plain,31332,2026-06-30 19:00:00+00:00,40000,520,398,False,True,-1,False,,0.013944387435913086,real_btc15m_ge_2025-08-07
N12_ICHI_AO,15m,plain,32746,2026-07-15 12:30:00+00:00,40000,520,419,False,True,-1,False,,0.018437623977661133,real_btc15m_ge_2025-08-07
N12_ICHI_AO,15m,plain,32747,2026-07-15 12:45:00+00:00,40000,520,420,True,True,-1,False,,0.015393257141113281,real_btc15m_ge_2025-08-07
N12_ICHI_AO,15m,plain,36906,2026-08-27 20:30:00+00:00,40000,520,476,True,True,-1,False,,0.01593613624572754,real_btc15m_ge_2025-08-07
N12_ICHI_AO,15m,plain,39998,2026-09-29 01:30:00+00:00,40000,520,520,False,True,-1,False,,0.02142930030822754,real_btc15m_ge_2025-08-07
N14_ICHI_RSI,15m,plain,14000,2025-12-31 06:00:00+00:00,40000,0,0,False,True,-1,False,,0.009598970413208008,real_btc15m_ge_2025-08-07
N14_ICHI_RSI,15m,plain,22666,2026-03-31 12:30:00+00:00,40000,0,0,False,True,-1,False,,0.011107921600341797,real_btc15m_ge_2025-08-07
N14_ICHI_RSI,15m,plain,31332,2026-06-30 19:00:00+00:00,40000,0,0,False,True,-1,False,,0.01475071907043457,real_btc15m_ge_2025-08-07
N14_ICHI_RSI,15m,plain,39998,2026-09-29 01:30:00+00:00,40000,0,0,False,True,-1,False,,0.027790307998657227,real_btc15m_ge_2025-08-07
N17_KC_RSI,15m,plain,14000,2025-12-31 06:00:00+00:00,40000,4467,1589,False,True,-1,False,,0.00795602798461914,real_btc15m_ge_2025-08-07
N17_KC_RSI,15m,plain,18469,2026-02-15 19:15:00+00:00,40000,4467,2034,True,True,-1,False,,0.010775566101074219,real_btc15m_ge_2025-08-07
N17_KC_RSI,15m,plain,22666,2026-03-31 12:30:00+00:00,40000,4467,2584,False,True,-1,False,,0.01075291633605957,real_btc15m_ge_2025-08-07
N17_KC_RSI,15m,plain,27603,2026-05-22 22:45:00+00:00,40000,4467,3125,True,True,-1,False,,0.01785564422607422,real_btc15m_ge_2025-08-07
N17_KC_RSI,15m,plain,27604,2026-05-22 23:00:00+00:00,40000,4467,3126,True,True,-1,False,,0.013109207153320312,real_btc15m_ge_2025-08-07
N17_KC_RSI,15m,plain,31306,2026-06-30 12:30:00+00:00,40000,4467,3498,True,True,-1,False,,0.012228965759277344,real_btc15m_ge_2025-08-07
N17_KC_RSI,15m,plain,31332,2026-06-30 19:00:00+00:00,40000,4467,3504,False,True,-1,False,,0.013646841049194336,real_btc15m_ge_2025-08-07
N17_KC_RSI,15m,plain,36107,2026-08-19 12:45:00+00:00,40000,4467,3975,True,True,-1,False,,0.014142990112304688,real_btc15m_ge_2025-08-07
N17_KC_RSI,15m,plain,36108,2026-08-19 13:00:00+00:00,40000,4467,3976,True,True,-1,False,,0.014692544937133789,real_btc15m_ge_2025-08-07
N17_KC_RSI,15m,plain,39998,2026-09-29 01:30:00+00:00,40000,4467,4467,False,True,-1,False,,0.014309883117675781,real_btc15m_ge_2025-08-07
N18_VWMA_MACD,15m,plain,14000,2025-12-31 06:00:00+00:00,40000,3645,1240,False,True,-1,False,,0.0059356689453125,real_btc15m_ge_2025-08-07
N18_VWMA_MACD,15m,plain,18619,2026-02-17 08:45:00+00:00,40000,3645,1687,True,True,-1,False,,0.006633281707763672,real_btc15m_ge_2025-08-07
N18_VWMA_MACD,15m,plain,18620,2026-02-17 09:00:00+00:00,40000,3645,1688,True,True,-1,False,,0.006289243698120117,real_btc15m_ge_2025-08-07
N18_VWMA_MACD,15m,plain,22666,2026-03-31 12:30:00+00:00,40000,3645,2007,False,True,-1,False,,0.00835108757019043,real_btc15m_ge_2025-08-07
N18_VWMA_MACD,15m,plain,27448,2026-05-21 08:00:00+00:00,40000,3645,2466,True,True,-1,False,,0.008173942565917969,real_btc15m_ge_2025-08-07
N18_VWMA_MACD,15m,plain,31332,2026-06-30 19:00:00+00:00,40000,3645,2812,False,True,-1,False,,0.009979724884033203,real_btc15m_ge_2025-08-07
N18_VWMA_MACD,15m,plain,36216,2026-08-20 16:00:00+00:00,40000,3645,3277,True,True,-1,False,,0.010901689529418945,real_btc15m_ge_2025-08-07
N18_VWMA_MACD,15m,plain,36217,2026-08-20 16:15:00+00:00,40000,3645,3278,True,True,-1,False,,0.012424468994140625,real_btc15m_ge_2025-08-07
N18_VWMA_MACD,15m,plain,38583,2026-09-14 07:45:00+00:00,40000,3645,3500,True,True,-1,False,,0.010219812393188477,real_btc15m_ge_2025-08-07
N18_VWMA_MACD,15m,plain,39998,2026-09-29 01:30:00+00:00,40000,3645,3645,False,True,-1,False,,0.011182546615600586,real_btc15m_ge_2025-08-07
N21_ST_RSI_ADX,15m,plain,14000,2025-12-31 06:00:00+00:00,40000,0,0,False,True,-1,False,,0.06473231315612793,real_btc15m_ge_2025-08-07
N21_ST_RSI_ADX,15m,plain,22666,2026-03-31 12:30:00+00:00,40000,0,0,False,True,-1,False,,0.10000085830688477,real_btc15m_ge_2025-08-07
N21_ST_RSI_ADX,15m,plain,31332,2026-06-30 19:00:00+00:00,40000,0,0,False,True,-1,False,,0.20085978507995605,real_btc15m_ge_2025-08-07
N21_ST_RSI_ADX,15m,plain,39998,2026-09-29 01:30:00+00:00,40000,0,0,False,True,-1,False,,0.2698533535003662,real_btc15m_ge_2025-08-07
N22_VORTEX_PSAR,15m,plain,14000,2025-12-31 06:00:00+00:00,40000,2959,1019,False,True,-1,False,,0.02431321144104004,real_btc15m_ge_2025-08-07
N22_VORTEX_PSAR,15m,plain,16188,2026-01-23 01:00:00+00:00,40000,2959,1197,True,True,-1,False,,0.021267414093017578,real_btc15m_ge_2025-08-07
N22_VORTEX_PSAR,15m,plain,20510,2026-03-09 01:30:00+00:00,40000,2959,1494,True,True,-1,False,,0.02385878562927246,real_btc15m_ge_2025-08-07
N22_VORTEX_PSAR,15m,plain,22666,2026-03-31 12:30:00+00:00,40000,2959,1644,True,True,-1,False,,0.029055118560791016,real_btc15m_ge_2025-08-07
N22_VORTEX_PSAR,15m,plain,26463,2026-05-11 01:45:00+00:00,40000,2959,1936,False,True,-1,False,,0.028685331344604492,real_btc15m_ge_2025-08-07
N22_VORTEX_PSAR,15m,plain,26464,2026-05-11 02:00:00+00:00,40000,2959,1937,True,True,-1,False,,0.02550530433654785,real_btc15m_ge_2025-08-07
N22_VORTEX_PSAR,15m,plain,31332,2026-06-30 19:00:00+00:00,40000,2959,2295,False,True,-1,False,,0.029634714126586914,real_btc15m_ge_2025-08-07
N22_VORTEX_PSAR,15m,plain,33423,2026-07-22 13:45:00+00:00,40000,2959,2455,False,True,-1,False,,0.03156304359436035,real_btc15m_ge_2025-08-07
N22_VORTEX_PSAR,15m,plain,33424,2026-07-22 14:00:00+00:00,40000,2959,2456,True,True,-1,False,,0.03511857986450195,real_btc15m_ge_2025-08-07
N22_VORTEX_PSAR,15m,plain,39998,2026-09-29 01:30:00+00:00,40000,2959,2959,False,True,-1,False,,0.03756976127624512,real_btc15m_ge_2025-08-07
N23_HA_ST,15m,plain,14000,2025-12-31 06:00:00+00:00,40000,3116,1035,False,True,-1,False,,0.0633077621459961,real_btc15m_ge_2025-08-07
N23_HA_ST,15m,plain,22666,2026-03-31 12:30:00+00:00,40000,3116,1749,False,True,-1,False,,0.1132364273071289,real_btc15m_ge_2025-08-07
N23_HA_ST,15m,plain,22966,2026-04-03 15:30:00+00:00,40000,3116,1786,False,True,-1,False,,0.12215638160705566,real_btc15m_ge_2025-08-07
N23_HA_ST,15m,plain,22967,2026-04-03 15:45:00+00:00,40000,3116,1787,True,True,-1,False,,0.11032366752624512,real_btc15m_ge_2025-08-07
N23_HA_ST,15m,plain,28878,2026-06-05 05:30:00+00:00,40000,3116,2308,False,True,-1,False,,0.12697505950927734,real_btc15m_ge_2025-08-07
N23_HA_ST,15m,plain,28879,2026-06-05 05:45:00+00:00,40000,3116,2309,True,True,-1,False,,0.13448452949523926,real_btc15m_ge_2025-08-07
N23_HA_ST,15m,plain,30568,2026-06-22 20:00:00+00:00,40000,3116,2462,True,True,-1,False,,0.17911672592163086,real_btc15m_ge_2025-08-07
N23_HA_ST,15m,plain,31332,2026-06-30 19:00:00+00:00,40000,3116,2506,False,True,-1,False,,0.1427600383758545,real_btc15m_ge_2025-08-07
N23_HA_ST,15m,plain,36409,2026-08-22 16:15:00+00:00,40000,3116,2847,True,True,-1,False,,0.21990633010864258,real_btc15m_ge_2025-08-07
N23_HA_ST,15m,plain,39998,2026-09-29 01:30:00+00:00,40000,3116,3116,False,True,-1,False,,0.22815799713134766,real_btc15m_ge_2025-08-07
N24_DMI,15m,plain,14000,2025-12-31 06:00:00+00:00,40000,1654,562,False,True,-1,False,,0.0067632198333740234,real_btc15m_ge_2025-08-07
N24_DMI,15m,plain,15410,2026-01-14 22:30:00+00:00,40000,1654,627,True,True,-1,False,,0.0071315765380859375,real_btc15m_ge_2025-08-07
N24_DMI,15m,plain,22666,2026-03-31 12:30:00+00:00,40000,1654,932,False,True,-1,False,,0.008056879043579102,real_btc15m_ge_2025-08-07
N24_DMI,15m,plain,24026,2026-04-14 16:30:00+00:00,40000,1654,984,False,True,-1,False,,0.008558273315429688,real_btc15m_ge_2025-08-07
N24_DMI,15m,plain,24027,2026-04-14 16:45:00+00:00,40000,1654,985,True,True,-1,False,,0.0077626705169677734,real_btc15m_ge_2025-08-07
N24_DMI,15m,plain,30028,2026-06-17 05:00:00+00:00,40000,1654,1215,False,True,-1,False,,0.009222269058227539,real_btc15m_ge_2025-08-07
N24_DMI,15m,plain,30029,2026-06-17 05:15:00+00:00,40000,1654,1216,True,True,-1,False,,0.009402275085449219,real_btc15m_ge_2025-08-07
N24_DMI,15m,plain,31329,2026-06-30 18:15:00+00:00,40000,1654,1282,True,True,-1,False,,0.010549545288085938,real_btc15m_ge_2025-08-07
N24_DMI,15m,plain,31332,2026-06-30 19:00:00+00:00,40000,1654,1283,False,True,-1,False,,0.01042628288269043,real_btc15m_ge_2025-08-07
N24_DMI,15m,plain,39998,2026-09-29 01:30:00+00:00,40000,1654,1654,False,True,-1,False,,0.012561798095703125,real_btc15m_ge_2025-08-07
N25_DST_CCI,15m,plain,14000,2025-12-31 06:00:00+00:00,40000,1841,651,False,True,-1,False,,0.12465071678161621,real_btc15m_ge_2025-08-07
N25_DST_CCI,15m,plain,22666,2026-03-31 12:30:00+00:00,40000,1841,1049,False,True,-1,False,,0.19056057929992676,real_btc15m_ge_2025-08-07
N25_DST_CCI,15m,plain,24031,2026-04-14 17:45:00+00:00,40000,1841,1103,True,True,-1,False,,0.3372647762298584,real_btc15m_ge_2025-08-07
N25_DST_CCI,15m,plain,24039,2026-04-14 19:45:00+00:00,40000,1841,1103,False,True,-1,False,,0.23093628883361816,real_btc15m_ge_2025-08-07
N25_DST_CCI,15m,plain,24040,2026-04-14 20:00:00+00:00,40000,1841,1104,True,True,-1,False,,0.19420528411865234,real_btc15m_ge_2025-08-07
N25_DST_CCI,15m,plain,24500,2026-04-19 15:00:00+00:00,40000,1841,1128,True,True,-1,False,,0.23169469833374023,real_btc15m_ge_2025-08-07
N25_DST_CCI,15m,plain,31332,2026-06-30 19:00:00+00:00,40000,1841,1420,False,True,-1,False,,0.306718111038208,real_btc15m_ge_2025-08-07
N25_DST_CCI,15m,plain,35481,2026-08-13 00:15:00+00:00,40000,1841,1620,False,True,-1,False,,0.2988591194152832,real_btc15m_ge_2025-08-07
N25_DST_CCI,15m,plain,35482,2026-08-13 00:30:00+00:00,40000,1841,1621,True,True,-1,False,,0.2799510955810547,real_btc15m_ge_2025-08-07
N25_DST_CCI,15m,plain,39998,2026-09-29 01:30:00+00:00,40000,1841,1841,False,True,-1,False,,0.33804965019226074,real_btc15m_ge_2025-08-07
S1_EMA_RSI_CHOP,15m,plain,14000,2025-12-31 06:00:00+00:00,40000,3,1,False,True,-1,False,,0.01724696159362793,real_btc15m_ge_2025-08-07
S1_EMA_RSI_CHOP,15m,plain,22666,2026-03-31 12:30:00+00:00,40000,3,1,False,True,-1,False,,0.020607471466064453,real_btc15m_ge_2025-08-07
S1_EMA_RSI_CHOP,15m,plain,28244,2026-05-29 15:00:00+00:00,40000,3,1,False,True,-1,False,,0.023873329162597656,real_btc15m_ge_2025-08-07
S1_EMA_RSI_CHOP,15m,plain,28245,2026-05-29 15:15:00+00:00,40000,3,2,True,True,-1,False,,0.022365570068359375,real_btc15m_ge_2025-08-07
S1_EMA_RSI_CHOP,15m,plain,31332,2026-06-30 19:00:00+00:00,40000,3,2,False,True,-1,False,,0.025404691696166992,real_btc15m_ge_2025-08-07
S1_EMA_RSI_CHOP,15m,plain,35185,2026-08-09 22:15:00+00:00,40000,3,2,False,True,-1,False,,0.02733302116394043,real_btc15m_ge_2025-08-07
S1_EMA_RSI_CHOP,15m,plain,35186,2026-08-09 22:30:00+00:00,40000,3,3,True,True,-1,False,,0.027019262313842773,real_btc15m_ge_2025-08-07
S1_EMA_RSI_CHOP,15m,plain,39998,2026-09-29 01:30:00+00:00,40000,3,3,False,True,-1,False,,0.029301881790161133,real_btc15m_ge_2025-08-07
S3_CMO_SANDWICH,15m,plain,14000,2025-12-31 06:00:00+00:00,40000,367,135,False,True,-1,False,,0.00837564468383789,real_btc15m_ge_2025-08-07
S3_CMO_SANDWICH,15m,plain,22666,2026-03-31 12:30:00+00:00,40000,367,215,False,True,-1,False,,0.014286518096923828,real_btc15m_ge_2025-08-07
S3_CMO_SANDWICH,15m,plain,25569,2026-05-01 18:15:00+00:00,40000,367,237,False,True,-1,False,,0.016138076782226562,real_btc15m_ge_2025-08-07
S3_CMO_SANDWICH,15m,plain,25570,2026-05-01 18:30:00+00:00,40000,367,238,True,True,-1,False,,0.017325878143310547,real_btc15m_ge_2025-08-07
S3_CMO_SANDWICH,15m,plain,28715,2026-06-03 12:45:00+00:00,40000,367,262,True,True,-1,False,,0.020362377166748047,real_btc15m_ge_2025-08-07
S3_CMO_SANDWICH,15m,plain,29847,2026-06-15 07:45:00+00:00,40000,367,273,False,True,-1,False,,0.01771092414855957,real_btc15m_ge_2025-08-07
S3_CMO_SANDWICH,15m,plain,29848,2026-06-15 08:00:00+00:00,40000,367,274,True,True,-1,False,,0.013467073440551758,real_btc15m_ge_2025-08-07
S3_CMO_SANDWICH,15m,plain,30785,2026-06-25 02:15:00+00:00,40000,367,283,True,True,-1,False,,0.013334035873413086,real_btc15m_ge_2025-08-07
S3_CMO_SANDWICH,15m,plain,31332,2026-06-30 19:00:00+00:00,40000,367,291,False,True,-1,False,,0.013947725296020508,real_btc15m_ge_2025-08-07
S3_CMO_SANDWICH,15m,plain,39998,2026-09-29 01:30:00+00:00,40000,367,367,False,True,-1,False,,0.021313190460205078,real_btc15m_ge_2025-08-07
S4_BB_BBP,15m,plain,14000,2025-12-31 06:00:00+00:00,40000,1202,416,False,True,-1,False,,0.013494253158569336,real_btc15m_ge_2025-08-07
S4_BB_BBP,15m,plain,20204,2026-03-05 21:00:00+00:00,40000,1202,604,False,True,-1,False,,0.020113468170166016,real_btc15m_ge_2025-08-07
S4_BB_BBP,15m,plain,20205,2026-03-05 21:15:00+00:00,40000,1202,605,True,True,-1,False,,0.021387338638305664,real_btc15m_ge_2025-08-07
S4_BB_BBP,15m,plain,22666,2026-03-31 12:30:00+00:00,40000,1202,691,False,True,-1,False,,0.02329421043395996,real_btc15m_ge_2025-08-07
S4_BB_BBP,15m,plain,22909,2026-04-03 01:15:00+00:00,40000,1202,697,False,True,-1,False,,0.023415327072143555,real_btc15m_ge_2025-08-07
S4_BB_BBP,15m,plain,22910,2026-04-03 01:30:00+00:00,40000,1202,698,True,True,-1,False,,0.022757291793823242,real_btc15m_ge_2025-08-07
S4_BB_BBP,15m,plain,24985,2026-04-25 16:15:00+00:00,40000,1202,762,True,True,-1,False,,0.02478194236755371,real_btc15m_ge_2025-08-07
S4_BB_BBP,15m,plain,27819,2026-05-25 04:45:00+00:00,40000,1202,856,True,True,-1,False,,0.02370595932006836,real_btc15m_ge_2025-08-07
S4_BB_BBP,15m,plain,31332,2026-06-30 19:00:00+00:00,40000,1202,962,False,True,-1,False,,0.025696516036987305,real_btc15m_ge_2025-08-07
S4_BB_BBP,15m,plain,39998,2026-09-29 01:30:00+00:00,40000,1202,1202,False,True,-1,False,,0.03387570381164551,real_btc15m_ge_2025-08-07
N04_ST_KLINGER,15m,plain,14000,2025-12-31 06:00:00+00:00,40000,3202,1060,False,True,-1,False,,0.07895779609680176,real_btc15m_ge_2025-08-07
N04_ST_KLINGER,15m,plain,16635,2026-01-27 16:45:00+00:00,40000,3202,1267,True,True,-1,False,,0.0682528018951416,real_btc15m_ge_2025-08-07
N04_ST_KLINGER,15m,plain,22666,2026-03-31 12:30:00+00:00,40000,3202,1769,False,True,-1,False,,0.09962582588195801,real_btc15m_ge_2025-08-07
N04_ST_KLINGER,15m,plain,24866,2026-04-24 10:30:00+00:00,40000,3202,1929,False,True,-1,False,,0.1297919750213623,real_btc15m_ge_2025-08-07
N04_ST_KLINGER,15m,plain,24867,2026-04-24 10:45:00+00:00,40000,3202,1930,True,True,-1,False,,0.1124114990234375,real_btc15m_ge_2025-08-07
N04_ST_KLINGER,15m,plain,31332,2026-06-30 19:00:00+00:00,40000,3202,2456,False,True,-1,False,,0.2020585536956787,real_btc15m_ge_2025-08-07
N04_ST_KLINGER,15m,plain,38795,2026-09-16 12:45:00+00:00,40000,3202,3099,True,True,-1,False,,0.27975988388061523,real_btc15m_ge_2025-08-07
N04_ST_KLINGER,15m,plain,39254,2026-09-21 07:30:00+00:00,40000,3202,3132,False,True,-1,False,,0.21477484703063965,real_btc15m_ge_2025-08-07
N04_ST_KLINGER,15m,plain,39255,2026-09-21 07:45:00+00:00,40000,3202,3133,True,True,-1,False,,0.20966458320617676,real_btc15m_ge_2025-08-07
N04_ST_KLINGER,15m,plain,39998,2026-09-29 01:30:00+00:00,40000,3202,3202,False,True,-1,False,,0.16563034057617188,real_btc15m_ge_2025-08-07
N05_PSAR_POC,15m,plain,14000,2025-12-31 06:00:00+00:00,40000,357,128,False,True,-1,False,,0.5894641876220703,real_btc15m_ge_2025-08-07
N05_PSAR_POC,15m,plain,14198,2026-01-02 07:30:00+00:00,40000,357,132,True,True,-1,False,,0.7137746810913086,real_btc15m_ge_2025-08-07
N05_PSAR_POC,15m,plain,22425,2026-03-29 00:15:00+00:00,40000,357,197,True,True,-1,False,,0.923168420791626,real_btc15m_ge_2025-08-07
N05_PSAR_POC,15m,plain,22666,2026-03-31 12:30:00+00:00,40000,357,197,False,True,-1,False,,0.9335570335388184,real_btc15m_ge_2025-08-07
N05_PSAR_POC,15m,plain,28835,2026-06-04 18:45:00+00:00,40000,357,241,False,True,-1,False,,1.105621337890625,real_btc15m_ge_2025-08-07
N05_PSAR_POC,15m,plain,28836,2026-06-04 19:00:00+00:00,40000,357,242,True,True,-1,False,,1.6538746356964111,real_btc15m_ge_2025-08-07
N05_PSAR_POC,15m,plain,31332,2026-06-30 19:00:00+00:00,40000,357,264,False,True,-1,False,,1.487025499343872,real_btc15m_ge_2025-08-07
N05_PSAR_POC,15m,plain,36839,2026-08-27 03:45:00+00:00,40000,357,328,False,True,-1,False,,1.7935538291931152,real_btc15m_ge_2025-08-07
N05_PSAR_POC,15m,plain,36840,2026-08-27 04:00:00+00:00,40000,357,329,True,True,-1,False,,1.5728240013122559,real_btc15m_ge_2025-08-07
N05_PSAR_POC,15m,plain,39998,2026-09-29 01:30:00+00:00,40000,357,357,False,True,-1,False,,1.5352551937103271,real_btc15m_ge_2025-08-07
N06_MACD_ORB,15m,plain,14000,2025-12-31 06:00:00+00:00,40000,261,81,False,True,-1,False,,0.016160964965820312,real_btc15m_ge_2025-08-07
N06_MACD_ORB,15m,plain,17154,2026-02-02 02:30:00+00:00,40000,261,104,False,True,-1,False,,0.015456914901733398,real_btc15m_ge_2025-08-07
N06_MACD_ORB,15m,plain,17155,2026-02-02 02:45:00+00:00,40000,261,105,True,True,-1,False,,0.01587820053100586,real_btc15m_ge_2025-08-07
N06_MACD_ORB,15m,plain,22666,2026-03-31 12:30:00+00:00,40000,261,142,False,True,-1,False,,0.05738210678100586,real_btc15m_ge_2025-08-07
N06_MACD_ORB,15m,plain,27448,2026-05-21 08:00:00+00:00,40000,261,168,True,True,-1,False,,0.018530845642089844,real_btc15m_ge_2025-08-07
N06_MACD_ORB,15m,plain,31332,2026-06-30 19:00:00+00:00,40000,261,200,False,True,-1,False,,0.01910114288330078,real_btc15m_ge_2025-08-07
N06_MACD_ORB,15m,plain,35101,2026-08-09 01:15:00+00:00,40000,261,232,True,True,-1,False,,0.021068334579467773,real_btc15m_ge_2025-08-07
N06_MACD_ORB,15m,plain,35719,2026-08-15 11:45:00+00:00,40000,261,232,False,True,-1,False,,0.020784616470336914,real_btc15m_ge_2025-08-07
N06_MACD_ORB,15m,plain,35720,2026-08-15 12:00:00+00:00,40000,261,233,True,True,-1,False,,0.020193815231323242,real_btc15m_ge_2025-08-07
N06_MACD_ORB,15m,plain,39998,2026-09-29 01:30:00+00:00,40000,261,261,False,True,-1,False,,0.022058486938476562,real_btc15m_ge_2025-08-07
N11_BREAKAWAY,15m,plain,14000,2025-12-31 06:00:00+00:00,40000,7,0,False,True,-1,False,,0.004724979400634766,real_btc15m_ge_2025-08-07
N11_BREAKAWAY,15m,plain,20853,2026-03-12 15:15:00+00:00,40000,7,2,True,True,-1,False,,0.005839109420776367,real_btc15m_ge_2025-08-07
N11_BREAKAWAY,15m,plain,22666,2026-03-31 12:30:00+00:00,40000,7,2,False,True,-1,False,,0.00645899772644043,real_btc15m_ge_2025-08-07
N11_BREAKAWAY,15m,plain,24668,2026-04-21 09:00:00+00:00,40000,7,2,False,True,-1,False,,0.006834506988525391,real_btc15m_ge_2025-08-07
N11_BREAKAWAY,15m,plain,24669,2026-04-21 09:15:00+00:00,40000,7,3,True,True,-1,False,,0.007171154022216797,real_btc15m_ge_2025-08-07
N11_BREAKAWAY,15m,plain,26224,2026-05-08 14:00:00+00:00,40000,7,4,True,True,-1,False,,0.00763249397277832,real_btc15m_ge_2025-08-07
N11_BREAKAWAY,15m,plain,31332,2026-06-30 19:00:00+00:00,40000,7,6,False,True,-1,False,,0.007946491241455078,real_btc15m_ge_2025-08-07
N11_BREAKAWAY,15m,plain,36297,2026-08-21 12:15:00+00:00,40000,7,6,False,True,-1,False,,0.009262561798095703,real_btc15m_ge_2025-08-07
N11_BREAKAWAY,15m,plain,36298,2026-08-21 12:30:00+00:00,40000,7,7,True,True,-1,False,,0.009200572967529297,real_btc15m_ge_2025-08-07
N11_BREAKAWAY,15m,plain,39998,2026-09-29 01:30:00+00:00,40000,7,7,False,True,-1,False,,0.01006460189819336,real_btc15m_ge_2025-08-07
N13_3OUTSIDE,15m,plain,14000,2025-12-31 06:00:00+00:00,40000,191,64,False,True,-1,False,,0.004903554916381836,real_btc15m_ge_2025-08-07
N13_3OUTSIDE,15m,plain,15560,2026-01-16 12:00:00+00:00,40000,191,70,False,True,-1,False,,0.004754304885864258,real_btc15m_ge_2025-08-07
N13_3OUTSIDE,15m,plain,15561,2026-01-16 12:15:00+00:00,40000,191,71,True,True,-1,False,,0.004734516143798828,real_btc15m_ge_2025-08-07
N13_3OUTSIDE,15m,plain,21519,2026-03-19 13:45:00+00:00,40000,191,95,True,True,-1,False,,0.0061571598052978516,real_btc15m_ge_2025-08-07
N13_3OUTSIDE,15m,plain,22666,2026-03-31 12:30:00+00:00,40000,191,100,False,True,-1,False,,0.006689310073852539,real_btc15m_ge_2025-08-07
N13_3OUTSIDE,15m,plain,26717,2026-05-13 17:15:00+00:00,40000,191,133,False,True,-1,False,,0.008655548095703125,real_btc15m_ge_2025-08-07
N13_3OUTSIDE,15m,plain,26718,2026-05-13 17:30:00+00:00,40000,191,134,True,True,-1,False,,0.009880304336547852,real_btc15m_ge_2025-08-07
N13_3OUTSIDE,15m,plain,31332,2026-06-30 19:00:00+00:00,40000,191,154,False,True,-1,False,,0.010809183120727539,real_btc15m_ge_2025-08-07
N13_3OUTSIDE,15m,plain,37654,2026-09-04 15:30:00+00:00,40000,191,180,True,True,-1,False,,0.02783799171447754,real_btc15m_ge_2025-08-07
N13_3OUTSIDE,15m,plain,39998,2026-09-29 01:30:00+00:00,40000,191,191,False,True,-1,False,,0.013310432434082031,real_btc15m_ge_2025-08-07
N15_KC_AO,15m,plain,14000,2025-12-31 06:00:00+00:00,40000,2,0,False,True,-1,False,,0.009350061416625977,real_btc15m_ge_2025-08-07
N15_KC_AO,15m,plain,14600,2026-01-06 12:00:00+00:00,40000,2,0,False,True,-1,False,,0.009525775909423828,real_btc15m_ge_2025-08-07
N15_KC_AO,15m,plain,14601,2026-01-06 12:15:00+00:00,40000,2,1,True,True,-1,False,,0.008872270584106445,real_btc15m_ge_2025-08-07
N15_KC_AO,15m,plain,22666,2026-03-31 12:30:00+00:00,40000,2,1,False,True,-1,False,,0.012368202209472656,real_btc15m_ge_2025-08-07
N15_KC_AO,15m,plain,31332,2026-06-30 19:00:00+00:00,40000,2,1,False,True,-1,False,,0.015962839126586914,real_btc15m_ge_2025-08-07
N15_KC_AO,15m,plain,38314,2026-09-11 12:30:00+00:00,40000,2,1,False,True,-1,False,,0.015731096267700195,real_btc15m_ge_2025-08-07
N15_KC_AO,15m,plain,38315,2026-09-11 12:45:00+00:00,40000,2,2,True,True,-1,False,,0.015236616134643555,real_btc15m_ge_2025-08-07
N15_KC_AO,15m,plain,39998,2026-09-29 01:30:00+00:00,40000,2,2,False,True,-1,False,,0.015696287155151367,real_btc15m_ge_2025-08-07
N16_BBRSI,15m,plain,14000,2025-12-31 06:00:00+00:00,40000,457,179,False,True,-1,False,,1.653804063796997,real_btc15m_ge_2025-08-07
N16_BBRSI,15m,plain,16089,2026-01-22 00:15:00+00:00,40000,457,195,False,True,-1,False,,1.339742660522461,real_btc15m_ge_2025-08-07
N16_BBRSI,15m,plain,16090,2026-01-22 00:30:00+00:00,40000,457,196,True,True,-1,False,,1.7808260917663574,real_btc15m_ge_2025-08-07
N16_BBRSI,15m,plain,22666,2026-03-31 12:30:00+00:00,40000,457,263,False,True,-1,False,,2.3130221366882324,real_btc15m_ge_2025-08-07
N16_BBRSI,15m,plain,24910,2026-04-24 21:30:00+00:00,40000,457,284,True,True,-1,False,,2.719545841217041,real_btc15m_ge_2025-08-07
N16_BBRSI,15m,plain,29870,2026-06-15 13:30:00+00:00,40000,457,337,True,True,-1,False,,3.313432216644287,real_btc15m_ge_2025-08-07
N16_BBRSI,15m,plain,29991,2026-06-16 19:45:00+00:00,40000,457,339,False,True,-1,False,,3.304447889328003,real_btc15m_ge_2025-08-07
N16_BBRSI,15m,plain,29992,2026-06-16 20:00:00+00:00,40000,457,340,True,True,-1,False,,3.4072439670562744,real_btc15m_ge_2025-08-07
N16_BBRSI,15m,plain,31332,2026-06-30 19:00:00+00:00,40000,457,351,False,True,-1,False,,3.09995698928833,real_btc15m_ge_2025-08-07
N16_BBRSI,15m,plain,39998,2026-09-29 01:30:00+00:00,40000,457,457,False,True,-1,False,,4.585814476013184,real_btc15m_ge_2025-08-07
N19_FIB_CHOP,15m,plain,14000,2025-12-31 06:00:00+00:00,40000,196,55,False,True,-1,False,,0.012668132781982422,real_btc15m_ge_2025-08-07
N19_FIB_CHOP,15m,plain,15285,2026-01-13 15:15:00+00:00,40000,196,60,False,True,-1,False,,0.013111352920532227,real_btc15m_ge_2025-08-07
N19_FIB_CHOP,15m,plain,15286,2026-01-13 15:30:00+00:00,40000,196,61,True,True,-1,False,,0.013059377670288086,real_btc15m_ge_2025-08-07
N19_FIB_CHOP,15m,plain,21013,2026-03-14 07:15:00+00:00,40000,196,88,True,True,-1,False,,0.01656627655029297,real_btc15m_ge_2025-08-07
N19_FIB_CHOP,15m,plain,21014,2026-03-14 07:30:00+00:00,40000,196,89,True,True,-1,False,,0.01544642448425293,real_btc15m_ge_2025-08-07
N19_FIB_CHOP,15m,plain,22666,2026-03-31 12:30:00+00:00,40000,196,101,False,True,-1,False,,0.015781879425048828,real_btc15m_ge_2025-08-07
N19_FIB_CHOP,15m,plain,29805,2026-06-14 21:15:00+00:00,40000,196,155,True,True,-1,False,,0.01932358741760254,real_btc15m_ge_2025-08-07
N19_FIB_CHOP,15m,plain,31332,2026-06-30 19:00:00+00:00,40000,196,163,False,True,-1,False,,0.02399301528930664,real_btc15m_ge_2025-08-07
N19_FIB_CHOP,15m,plain,39068,2026-09-19 09:00:00+00:00,40000,196,192,True,True,-1,False,,0.026595115661621094,real_btc15m_ge_2025-08-07
N19_FIB_CHOP,15m,plain,39998,2026-09-29 01:30:00+00:00,40000,196,196,False,True,-1,False,,0.023528099060058594,real_btc15m_ge_2025-08-07
N20_EMA9_CHOP,15m,plain,14000,2025-12-31 06:00:00+00:00,40000,1782,621,False,True,-1,False,,0.012205123901367188,real_btc15m_ge_2025-08-07
N20_EMA9_CHOP,15m,plain,22666,2026-03-31 12:30:00+00:00,40000,1782,992,False,True,-1,False,,0.01798558235168457,real_btc15m_ge_2025-08-07
N20_EMA9_CHOP,15m,plain,22762,2026-04-01 12:30:00+00:00,40000,1782,995,False,True,-1,False,,0.01383829116821289,real_btc15m_ge_2025-08-07
N20_EMA9_CHOP,15m,plain,22763,2026-04-01 12:45:00+00:00,40000,1782,996,True,True,-1,False,,0.014158010482788086,real_btc15m_ge_2025-08-07
N20_EMA9_CHOP,15m,plain,27276,2026-05-19 13:00:00+00:00,40000,1782,1175,True,True,-1,False,,0.017172574996948242,real_btc15m_ge_2025-08-07
N20_EMA9_CHOP,15m,plain,29005,2026-06-06 13:15:00+00:00,40000,1782,1256,True,True,-1,False,,0.01878643035888672,real_btc15m_ge_2025-08-07
N20_EMA9_CHOP,15m,plain,31332,2026-06-30 19:00:00+00:00,40000,1782,1364,False,True,-1,False,,0.025382280349731445,real_btc15m_ge_2025-08-07
N20_EMA9_CHOP,15m,plain,34232,2026-07-31 00:00:00+00:00,40000,1782,1502,False,True,-1,False,,0.02422809600830078,real_btc15m_ge_2025-08-07
N20_EMA9_CHOP,15m,plain,34233,2026-07-31 00:15:00+00:00,40000,1782,1503,True,True,-1,False,,0.024335622787475586,real_btc15m_ge_2025-08-07
N20_EMA9_CHOP,15m,plain,39998,2026-09-29 01:30:00+00:00,40000,1782,1782,False,True,-1,False,,0.02541947364807129,real_btc15m_ge_2025-08-07
V39_ALL,15m,plain,14000,2025-12-31 06:00:00+00:00,40000,1349,490,False,True,-1,False,,0.646233081817627,real_btc15m_ge_2025-08-07
V39_ALL,15m,plain,14544,2026-01-05 22:00:00+00:00,40000,1349,512,True,True,-1,False,,0.6792941093444824,real_btc15m_ge_2025-08-07
V39_ALL,15m,plain,22666,2026-03-31 12:30:00+00:00,40000,1349,801,False,True,-1,False,,0.8805491924285889,real_btc15m_ge_2025-08-07
V39_ALL,15m,plain,22841,2026-04-02 08:15:00+00:00,40000,1349,810,True,True,-1,False,,0.8986108303070068,real_btc15m_ge_2025-08-07
V39_ALL,15m,plain,31332,2026-06-30 19:00:00+00:00,40000,1349,1073,False,True,-1,False,,1.092912197113037,real_btc15m_ge_2025-08-07
V39_ALL,15m,plain,32443,2026-07-12 08:45:00+00:00,40000,1349,1107,False,True,-1,False,,1.2965590953826904,real_btc15m_ge_2025-08-07
V39_ALL,15m,plain,32444,2026-07-12 09:00:00+00:00,40000,1349,1108,True,True,-1,False,,1.5932250022888184,real_btc15m_ge_2025-08-07
V39_ALL,15m,plain,34517,2026-08-02 23:15:00+00:00,40000,1349,1180,False,True,-1,False,,1.7939512729644775,real_btc15m_ge_2025-08-07
V39_ALL,15m,plain,34518,2026-08-02 23:30:00+00:00,40000,1349,1181,True,True,-1,False,,1.3250956535339355,real_btc15m_ge_2025-08-07
V39_ALL,15m,plain,39998,2026-09-29 01:30:00+00:00,40000,1349,1349,False,True,-1,False,,1.5919833183288574,real_btc15m_ge_2025-08-07
OBV_S,15m,plain,14000,2025-12-31 06:00:00+00:00,40000,525,170,False,True,-1,False,,0.08181619644165039,real_btc15m_ge_2025-08-07
OBV_S,15m,plain,16133,2026-01-22 11:15:00+00:00,40000,525,209,True,True,-1,False,,0.09773707389831543,real_btc15m_ge_2025-08-07
OBV_S,15m,plain,22666,2026-03-31 12:30:00+00:00,40000,525,285,False,True,-1,False,,0.16855525970458984,real_btc15m_ge_2025-08-07
OBV_S,15m,plain,24706,2026-04-21 18:30:00+00:00,40000,525,316,False,True,-1,False,,0.1752173900604248,real_btc15m_ge_2025-08-07
OBV_S,15m,plain,24707,2026-04-21 18:45:00+00:00,40000,525,317,True,True,-1,False,,0.14898467063903809,real_btc15m_ge_2025-08-07
OBV_S,15m,plain,31332,2026-06-30 19:00:00+00:00,40000,525,395,False,True,-1,False,,0.18084239959716797,real_btc15m_ge_2025-08-07
OBV_S,15m,plain,32124,2026-07-09 01:00:00+00:00,40000,525,403,False,True,-1,False,,0.19718050956726074,real_btc15m_ge_2025-08-07
OBV_S,15m,plain,32125,2026-07-09 01:15:00+00:00,40000,525,404,True,True,-1,False,,0.19460368156433105,real_btc15m_ge_2025-08-07
OBV_S,15m,plain,39473,2026-09-23 14:15:00+00:00,40000,525,512,True,True,-1,False,,0.2399001121520996,real_btc15m_ge_2025-08-07
OBV_S,15m,plain,39998,2026-09-29 01:30:00+00:00,40000,525,525,False,True,-1,False,,0.2565765380859375,real_btc15m_ge_2025-08-07
OBV_B,15m,plain,14000,2025-12-31 06:00:00+00:00,40000,1410,485,False,True,-1,False,,0.0791327953338623,real_btc15m_ge_2025-08-07
OBV_B,15m,plain,22666,2026-03-31 12:30:00+00:00,40000,1410,789,False,True,-1,False,,0.11713957786560059,real_btc15m_ge_2025-08-07
OBV_B,15m,plain,25109,2026-04-26 23:15:00+00:00,40000,1410,885,True,True,-1,False,,0.12938618659973145,real_btc15m_ge_2025-08-07
OBV_B,15m,plain,27545,2026-05-22 08:15:00+00:00,40000,1410,968,True,True,-1,False,,0.2043447494506836,real_btc15m_ge_2025-08-07
OBV_B,15m,plain,31157,2026-06-28 23:15:00+00:00,40000,1410,1116,False,True,-1,False,,0.2875847816467285,real_btc15m_ge_2025-08-07
OBV_B,15m,plain,31158,2026-06-28 23:30:00+00:00,40000,1410,1117,True,True,-1,False,,0.2724924087524414,real_btc15m_ge_2025-08-07
OBV_B,15m,plain,31332,2026-06-30 19:00:00+00:00,40000,1410,1126,False,True,-1,False,,0.2830631732940674,real_btc15m_ge_2025-08-07
OBV_B,15m,plain,36327,2026-08-21 19:45:00+00:00,40000,1410,1291,False,True,-1,False,,0.483034610748291,real_btc15m_ge_2025-08-07
OBV_B,15m,plain,36328,2026-08-21 20:00:00+00:00,40000,1410,1292,True,True,-1,False,,0.22097229957580566,real_btc15m_ge_2025-08-07
OBV_B,15m,plain,39998,2026-09-29 01:30:00+00:00,40000,1410,1410,False,True,-1,False,,0.21368789672851562,real_btc15m_ge_2025-08-07
V45_AMB,15m,resample,14000,2025-12-31 06:00:00+00:00,40000,510,150,False,True,-1,False,,0.4472923278808594,real_btc15m_ge_2025-08-07
V45_AMB,15m,resample,21315,2026-03-17 10:45:00+00:00,40000,510,249,True,True,-1,False,,0.8578751087188721,real_btc15m_ge_2025-08-07
V45_AMB,15m,resample,21316,2026-03-17 11:00:00+00:00,40000,510,250,True,True,-1,False,,1.0370352268218994,real_btc15m_ge_2025-08-07
V45_AMB,15m,resample,22666,2026-03-31 12:30:00+00:00,40000,510,266,False,True,-1,False,,0.8191249370574951,real_btc15m_ge_2025-08-07
V45_AMB,15m,resample,24198,2026-04-16 11:30:00+00:00,40000,510,278,True,True,-1,False,,0.8573579788208008,real_btc15m_ge_2025-08-07
V45_AMB,15m,resample,27003,2026-05-16 16:45:00+00:00,40000,510,329,False,True,-1,False,,1.0121314525604248,real_btc15m_ge_2025-08-07
V45_AMB,15m,resample,27004,2026-05-16 17:00:00+00:00,40000,510,329,False,True,-1,False,,1.0316414833068848,real_btc15m_ge_2025-08-07
V45_AMB,15m,resample,30986,2026-06-27 04:30:00+00:00,40000,510,395,True,True,-1,False,,0.9893171787261963,real_btc15m_ge_2025-08-07
V45_AMB,15m,resample,31332,2026-06-30 19:00:00+00:00,40000,510,401,False,True,-1,False,,0.9674718379974365,real_btc15m_ge_2025-08-07
V45_AMB,15m,resample,36385,2026-08-22 10:15:00+00:00,40000,510,460,False,True,-1,False,,0.9652941226959229,real_btc15m_ge_2025-08-07
V45_AMB,15m,resample,36386,2026-08-22 10:30:00+00:00,40000,510,461,True,True,-1,False,,1.178812026977539,real_btc15m_ge_2025-08-07
V45_AMB,15m,resample,39998,2026-09-29 01:30:00+00:00,40000,510,510,False,True,-1,False,,1.172668218612671,real_btc15m_ge_2025-08-07
V45_AMB,15m,explicit,14000,2025-12-31 06:00:00+00:00,40000,510,150,False,True,-1,False,,0.4673035144805908,real_btc15m_ge_2025-08-07
V45_AMB,15m,explicit,21315,2026-03-17 10:45:00+00:00,40000,510,249,True,True,-1,False,,0.9174604415893555,real_btc15m_ge_2025-08-07
V45_AMB,15m,explicit,21316,2026-03-17 11:00:00+00:00,40000,510,250,True,True,-1,False,,0.831916093826294,real_btc15m_ge_2025-08-07
V45_AMB,15m,explicit,22666,2026-03-31 12:30:00+00:00,40000,510,266,False,True,-1,False,,0.9478399753570557,real_btc15m_ge_2025-08-07
V45_AMB,15m,explicit,24198,2026-04-16 11:30:00+00:00,40000,510,278,True,True,-1,False,,0.7068965435028076,real_btc15m_ge_2025-08-07
V45_AMB,15m,explicit,27003,2026-05-16 16:45:00+00:00,40000,510,329,False,True,-1,False,,0.7413921356201172,real_btc15m_ge_2025-08-07
V45_AMB,15m,explicit,27004,2026-05-16 17:00:00+00:00,40000,510,329,False,True,-1,False,,0.7362260818481445,real_btc15m_ge_2025-08-07
V45_AMB,15m,explicit,30986,2026-06-27 04:30:00+00:00,40000,510,395,True,True,-1,False,,0.8870155811309814,real_btc15m_ge_2025-08-07
V45_AMB,15m,explicit,31332,2026-06-30 19:00:00+00:00,40000,510,401,False,True,-1,False,,1.1601030826568604,real_btc15m_ge_2025-08-07
V45_AMB,15m,explicit,36385,2026-08-22 10:15:00+00:00,40000,510,460,False,True,-1,False,,0.9604249000549316,real_btc15m_ge_2025-08-07
V45_AMB,15m,explicit,36386,2026-08-22 10:30:00+00:00,40000,510,461,True,True,-1,False,,0.9997437000274658,real_btc15m_ge_2025-08-07
V45_AMB,15m,explicit,39998,2026-09-29 01:30:00+00:00,40000,510,510,False,True,-1,False,,1.2266910076141357,real_btc15m_ge_2025-08-07
DOGE_L,15m,plain,14000,2025-12-31 06:00:00+00:00,40000,200,54,False,True,-1,False,,0.0483245849609375,real_btc15m_ge_2025-08-07
DOGE_L,15m,plain,22666,2026-03-31 12:30:00+00:00,40000,200,108,False,True,-1,False,,0.05738329887390137,real_btc15m_ge_2025-08-07
DOGE_L,15m,plain,31332,2026-06-30 19:00:00+00:00,40000,200,151,False,True,-1,False,,0.07742619514465332,real_btc15m_ge_2025-08-07
DOGE_L,15m,plain,35918,2026-08-17 13:30:00+00:00,40000,200,164,True,True,-1,False,,0.11096310615539551,real_btc15m_ge_2025-08-07
DOGE_L,15m,plain,36146,2026-08-19 22:30:00+00:00,40000,200,168,True,True,-1,False,,0.13639616966247559,real_btc15m_ge_2025-08-07
DOGE_L,15m,plain,38596,2026-09-14 11:00:00+00:00,40000,200,185,False,True,-1,False,,0.11582326889038086,real_btc15m_ge_2025-08-07
DOGE_L,15m,plain,38597,2026-09-14 11:15:00+00:00,40000,200,186,True,True,-1,False,,0.11457562446594238,real_btc15m_ge_2025-08-07
DOGE_L,15m,plain,39852,2026-09-27 13:00:00+00:00,40000,200,199,False,True,-1,False,,0.0917365550994873,real_btc15m_ge_2025-08-07
DOGE_L,15m,plain,39853,2026-09-27 13:15:00+00:00,40000,200,200,True,True,-1,False,,0.0855569839477539,real_btc15m_ge_2025-08-07
DOGE_L,15m,plain,39998,2026-09-29 01:30:00+00:00,40000,200,200,False,True,-1,False,,0.08546614646911621,real_btc15m_ge_2025-08-07
DOGE_S,15m,plain,14000,2025-12-31 06:00:00+00:00,40000,138,46,False,True,-1,False,,0.04132819175720215,real_btc15m_ge_2025-08-07
DOGE_S,15m,plain,14727,2026-01-07 19:45:00+00:00,40000,138,46,False,True,-1,False,,0.04181027412414551,real_btc15m_ge_2025-08-07
DOGE_S,15m,plain,14728,2026-01-07 20:00:00+00:00,40000,138,47,True,True,-1,False,,0.041647911071777344,real_btc15m_ge_2025-08-07
DOGE_S,15m,plain,20309,2026-03-06 23:15:00+00:00,40000,138,73,False,True,-1,False,,0.08317255973815918,real_btc15m_ge_2025-08-07
DOGE_S,15m,plain,20310,2026-03-06 23:30:00+00:00,40000,138,74,True,True,-1,False,,0.05272555351257324,real_btc15m_ge_2025-08-07
DOGE_S,15m,plain,22666,2026-03-31 12:30:00+00:00,40000,138,91,False,True,-1,False,,0.05382704734802246,real_btc15m_ge_2025-08-07
DOGE_S,15m,plain,24721,2026-04-21 22:15:00+00:00,40000,138,99,True,True,-1,False,,0.06114506721496582,real_btc15m_ge_2025-08-07
DOGE_S,15m,plain,28752,2026-06-03 22:00:00+00:00,40000,138,116,True,True,-1,False,,0.06840801239013672,real_btc15m_ge_2025-08-07
DOGE_S,15m,plain,31332,2026-06-30 19:00:00+00:00,40000,138,128,False,True,-1,False,,0.08071208000183105,real_btc15m_ge_2025-08-07
DOGE_S,15m,plain,39998,2026-09-29 01:30:00+00:00,40000,138,138,False,True,-1,False,,0.12327361106872559,real_btc15m_ge_2025-08-07
CANARY_LOOKAHEAD,15m,plain,14000,2025-12-31 06:00:00+00:00,40000,39990,14000,True,False,14000,True,,0.0002865791320800781,real_btc15m_ge_2025-08-07
CANARY_LOOKAHEAD,15m,plain,17555,2026-02-06 06:45:00+00:00,40000,39990,17553,True,False,17555,True,,0.0002949237823486328,real_btc15m_ge_2025-08-07
CANARY_LOOKAHEAD,15m,plain,17556,2026-02-06 07:00:00+00:00,40000,39990,17554,True,False,17556,True,,0.0002808570861816406,real_btc15m_ge_2025-08-07
CANARY_LOOKAHEAD,15m,plain,22666,2026-03-31 12:30:00+00:00,40000,39990,22662,True,False,22666,True,,0.0002665519714355469,real_btc15m_ge_2025-08-07
CANARY_LOOKAHEAD,15m,plain,24892,2026-04-24 17:00:00+00:00,40000,39990,24887,True,False,24892,True,,0.0003173351287841797,real_btc15m_ge_2025-08-07
CANARY_LOOKAHEAD,15m,plain,31332,2026-06-30 19:00:00+00:00,40000,39990,31326,True,False,31332,True,,0.0002956390380859375,real_btc15m_ge_2025-08-07
CANARY_LOOKAHEAD,15m,plain,36022,2026-08-18 15:30:00+00:00,40000,39990,36015,True,False,36022,True,,0.0003085136413574219,real_btc15m_ge_2025-08-07
CANARY_LOOKAHEAD,15m,plain,36023,2026-08-18 15:45:00+00:00,40000,39990,36016,True,False,36023,True,,0.0003116130828857422,real_btc15m_ge_2025-08-07
CANARY_LOOKAHEAD,15m,plain,36031,2026-08-18 17:45:00+00:00,40000,39990,36024,True,False,36031,True,,0.0003116130828857422,real_btc15m_ge_2025-08-07
CANARY_LOOKAHEAD,15m,plain,39998,2026-09-29 01:30:00+00:00,40000,39990,39990,True,False,39998,True,,0.00035262107849121094,real_btc15m_ge_2025-08-07
CANARY_V45_CURRENT_HTF,15m,resample,14000,2025-12-31 06:00:00+00:00,40000,533,158,False,True,-1,True,,0.6774744987487793,real_btc15m_ge_2025-08-07
CANARY_V45_CURRENT_HTF,15m,resample,22666,2026-03-31 12:30:00+00:00,40000,533,277,False,True,-1,True,,0.9810664653778076,real_btc15m_ge_2025-08-07
CANARY_V45_CURRENT_HTF,15m,resample,26565,2026-05-12 03:15:00+00:00,40000,533,339,True,True,-1,True,,0.8154213428497314,real_btc15m_ge_2025-08-07
CANARY_V45_CURRENT_HTF,15m,resample,26566,2026-05-12 03:30:00+00:00,40000,533,340,True,True,-1,True,,0.7954306602478027,real_btc15m_ge_2025-08-07
CANARY_V45_CURRENT_HTF,15m,resample,27003,2026-05-16 16:45:00+00:00,40000,533,346,False,True,-1,True,,0.7825741767883301,real_btc15m_ge_2025-08-07
CANARY_V45_CURRENT_HTF,15m,resample,27004,2026-05-16 17:00:00+00:00,40000,533,346,False,True,-1,True,,0.6977648735046387,real_btc15m_ge_2025-08-07
CANARY_V45_CURRENT_HTF,15m,resample,29455,2026-06-11 05:45:00+00:00,40000,533,393,True,True,-1,True,,0.7994461059570312,real_btc15m_ge_2025-08-07
CANARY_V45_CURRENT_HTF,15m,resample,31332,2026-06-30 19:00:00+00:00,40000,533,420,False,True,-1,True,,0.8966965675354004,real_btc15m_ge_2025-08-07
CANARY_V45_CURRENT_HTF,15m,resample,34012,2026-07-28 17:00:00+00:00,40000,533,456,True,True,-1,True,,0.907604455947876,real_btc15m_ge_2025-08-07
CANARY_V45_CURRENT_HTF,15m,resample,36369,2026-08-22 06:15:00+00:00,40000,533,480,True,True,-1,True,,1.206878423690796,real_btc15m_ge_2025-08-07
CANARY_V45_CURRENT_HTF,15m,resample,36370,2026-08-22 06:30:00+00:00,40000,533,481,True,True,-1,True,,1.3182792663574219,real_btc15m_ge_2025-08-07
CANARY_V45_CURRENT_HTF,15m,resample,39998,2026-09-29 01:30:00+00:00,40000,533,533,False,True,-1,True,,1.2449750900268555,real_btc15m_ge_2025-08-07
CANARY_V45_CURRENT_HTF,15m,explicit,14000,2025-12-31 06:00:00+00:00,40000,533,158,False,True,-1,True,,0.4612705707550049,real_btc15m_ge_2025-08-07
CANARY_V45_CURRENT_HTF,15m,explicit,22666,2026-03-31 12:30:00+00:00,40000,533,277,False,True,-1,True,,0.7321970462799072,real_btc15m_ge_2025-08-07
CANARY_V45_CURRENT_HTF,15m,explicit,26565,2026-05-12 03:15:00+00:00,40000,533,339,True,False,26565,True,,1.0811095237731934,real_btc15m_ge_2025-08-07
CANARY_V45_CURRENT_HTF,15m,explicit,26566,2026-05-12 03:30:00+00:00,40000,533,340,True,False,26565,True,,0.8325486183166504,real_btc15m_ge_2025-08-07
CANARY_V45_CURRENT_HTF,15m,explicit,27003,2026-05-16 16:45:00+00:00,40000,533,346,False,True,-1,True,,0.7884020805358887,real_btc15m_ge_2025-08-07
CANARY_V45_CURRENT_HTF,15m,explicit,27004,2026-05-16 17:00:00+00:00,40000,533,346,False,True,-1,True,,0.8489139080047607,real_btc15m_ge_2025-08-07
CANARY_V45_CURRENT_HTF,15m,explicit,29455,2026-06-11 05:45:00+00:00,40000,533,393,True,True,-1,True,,0.8739001750946045,real_btc15m_ge_2025-08-07
CANARY_V45_CURRENT_HTF,15m,explicit,31332,2026-06-30 19:00:00+00:00,40000,533,420,False,True,-1,True,,1.123356819152832,real_btc15m_ge_2025-08-07
CANARY_V45_CURRENT_HTF,15m,explicit,34012,2026-07-28 17:00:00+00:00,40000,533,456,True,True,-1,True,,1.157841444015503,real_btc15m_ge_2025-08-07
CANARY_V45_CURRENT_HTF,15m,explicit,36369,2026-08-22 06:15:00+00:00,40000,533,480,True,True,-1,True,,1.0547699928283691,real_btc15m_ge_2025-08-07
CANARY_V45_CURRENT_HTF,15m,explicit,36370,2026-08-22 06:30:00+00:00,40000,533,481,True,True,-1,True,,1.3865079879760742,real_btc15m_ge_2025-08-07
CANARY_V45_CURRENT_HTF,15m,explicit,39998,2026-09-29 01:30:00+00:00,40000,533,533,False,True,-1,True,,1.1375467777252197,real_btc15m_ge_2025-08-07
V45_AMB,15m,components_explicit,14000,2025-12-31 06:00:00+00:00,40000,39999,14000,False,True,-1,False,,0.0,real_btc15m_ge_2025-08-07
V45_AMB,15m,components_explicit,19015,2026-02-21 11:45:00+00:00,40000,39999,19015,False,True,-1,False,,0.0,real_btc15m_ge_2025-08-07
V45_AMB,15m,components_explicit,19161,2026-02-23 00:15:00+00:00,40000,39999,19161,False,True,-1,False,,0.0,real_btc15m_ge_2025-08-07
V45_AMB,15m,components_explicit,19886,2026-03-02 13:30:00+00:00,40000,39999,19886,False,True,-1,False,,0.0,real_btc15m_ge_2025-08-07
V45_AMB,15m,components_explicit,19996,2026-03-03 17:00:00+00:00,40000,39999,19996,False,True,-1,False,,0.0,real_btc15m_ge_2025-08-07
V45_AMB,15m,components_explicit,22666,2026-03-31 12:30:00+00:00,40000,39999,22666,False,True,-1,False,,0.0,real_btc15m_ge_2025-08-07
V45_AMB,15m,components_explicit,27003,2026-05-16 16:45:00+00:00,40000,39999,27003,False,True,-1,False,,0.0,real_btc15m_ge_2025-08-07
V45_AMB,15m,components_explicit,27004,2026-05-16 17:00:00+00:00,40000,39999,27004,False,True,-1,False,,0.0,real_btc15m_ge_2025-08-07
V45_AMB,15m,components_explicit,31332,2026-06-30 19:00:00+00:00,40000,39999,31332,False,True,-1,False,,0.0,real_btc15m_ge_2025-08-07
V45_AMB,15m,components_explicit,32871,2026-07-16 19:45:00+00:00,40000,39999,32871,False,True,-1,False,,0.0,real_btc15m_ge_2025-08-07
V45_AMB,15m,components_explicit,37658,2026-09-04 16:30:00+00:00,40000,39999,37658,False,True,-1,False,,0.0,real_btc15m_ge_2025-08-07
V45_AMB,15m,components_explicit,39998,2026-09-29 01:30:00+00:00,40000,39999,39998,False,True,-1,False,,0.0,real_btc15m_ge_2025-08-07
V45_AMB,15m,components_resample,14000,2025-12-31 06:00:00+00:00,40000,39999,14000,False,True,-1,False,,0.0,real_btc15m_ge_2025-08-07
V45_AMB,15m,components_resample,19015,2026-02-21 11:45:00+00:00,40000,39999,19015,False,True,-1,False,,0.0,real_btc15m_ge_2025-08-07
V45_AMB,15m,components_resample,19161,2026-02-23 00:15:00+00:00,40000,39999,19161,False,True,-1,False,,0.0,real_btc15m_ge_2025-08-07
V45_AMB,15m,components_resample,19886,2026-03-02 13:30:00+00:00,40000,39999,19886,False,True,-1,False,,0.0,real_btc15m_ge_2025-08-07
V45_AMB,15m,components_resample,19996,2026-03-03 17:00:00+00:00,40000,39999,19996,False,True,-1,False,,0.0,real_btc15m_ge_2025-08-07
V45_AMB,15m,components_resample,22666,2026-03-31 12:30:00+00:00,40000,39999,22666,False,True,-1,False,,0.0,real_btc15m_ge_2025-08-07
V45_AMB,15m,components_resample,27003,2026-05-16 16:45:00+00:00,40000,39999,27003,False,True,-1,False,,0.0,real_btc15m_ge_2025-08-07
V45_AMB,15m,components_resample,27004,2026-05-16 17:00:00+00:00,40000,39999,27004,False,True,-1,False,,0.0,real_btc15m_ge_2025-08-07
V45_AMB,15m,components_resample,31332,2026-06-30 19:00:00+00:00,40000,39999,31332,False,True,-1,False,,0.0,real_btc15m_ge_2025-08-07
V45_AMB,15m,components_resample,32871,2026-07-16 19:45:00+00:00,40000,39999,32871,False,True,-1,False,,0.0,real_btc15m_ge_2025-08-07
V45_AMB,15m,components_resample,37658,2026-09-04 16:30:00+00:00,40000,39999,37658,False,True,-1,False,,0.0,real_btc15m_ge_2025-08-07
V45_AMB,15m,components_resample,39998,2026-09-29 01:30:00+00:00,40000,39999,39998,False,True,-1,False,,0.0,real_btc15m_ge_2025-08-07
CANARY_V45_CURRENT_HTF,15m,components_explicit,14000,2025-12-31 06:00:00+00:00,40000,40000,14001,False,False,14000,True,,0.0,real_btc15m_ge_2025-08-07
CANARY_V45_CURRENT_HTF,15m,components_explicit,16760,2026-01-29 00:00:00+00:00,40000,40000,16761,False,False,16760,True,,0.0,real_btc15m_ge_2025-08-07
CANARY_V45_CURRENT_HTF,15m,components_explicit,18664,2026-02-17 20:00:00+00:00,40000,40000,18665,False,False,18664,True,,0.0,real_btc15m_ge_2025-08-07
CANARY_V45_CURRENT_HTF,15m,components_explicit,22063,2026-03-25 05:45:00+00:00,40000,40000,22064,False,False,22060,True,,0.0,real_btc15m_ge_2025-08-07
CANARY_V45_CURRENT_HTF,15m,components_explicit,22666,2026-03-31 12:30:00+00:00,40000,40000,22667,False,False,22664,True,,0.0,real_btc15m_ge_2025-08-07
CANARY_V45_CURRENT_HTF,15m,components_explicit,22997,2026-04-03 23:15:00+00:00,40000,40000,22998,False,False,22996,True,,0.0,real_btc15m_ge_2025-08-07
CANARY_V45_CURRENT_HTF,15m,components_explicit,23440,2026-04-08 14:00:00+00:00,40000,40000,23441,False,False,23440,True,,0.0,real_btc15m_ge_2025-08-07
CANARY_V45_CURRENT_HTF,15m,components_explicit,24264,2026-04-17 04:00:00+00:00,40000,40000,24265,False,False,24264,True,,0.0,real_btc15m_ge_2025-08-07
CANARY_V45_CURRENT_HTF,15m,components_explicit,27003,2026-05-16 16:45:00+00:00,40000,40000,27004,False,False,27000,True,,0.0,real_btc15m_ge_2025-08-07
CANARY_V45_CURRENT_HTF,15m,components_explicit,27004,2026-05-16 17:00:00+00:00,40000,40000,27005,False,False,27004,True,,0.0,real_btc15m_ge_2025-08-07
CANARY_V45_CURRENT_HTF,15m,components_explicit,31332,2026-06-30 19:00:00+00:00,40000,40000,31333,False,False,31332,True,,0.0,real_btc15m_ge_2025-08-07
CANARY_V45_CURRENT_HTF,15m,components_explicit,39998,2026-09-29 01:30:00+00:00,40000,40000,39999,False,False,39996,True,,0.0,real_btc15m_ge_2025-08-07
CANARY_V45_CURRENT_HTF,15m,components_resample,14000,2025-12-31 06:00:00+00:00,40000,40000,14001,False,True,-1,True,,0.0,real_btc15m_ge_2025-08-07
CANARY_V45_CURRENT_HTF,15m,components_resample,16760,2026-01-29 00:00:00+00:00,40000,40000,16761,False,True,-1,True,,0.0,real_btc15m_ge_2025-08-07
CANARY_V45_CURRENT_HTF,15m,components_resample,18664,2026-02-17 20:00:00+00:00,40000,40000,18665,False,False,18664,True,,0.0,real_btc15m_ge_2025-08-07
CANARY_V45_CURRENT_HTF,15m,components_resample,22063,2026-03-25 05:45:00+00:00,40000,40000,22064,False,True,-1,True,,0.0,real_btc15m_ge_2025-08-07
CANARY_V45_CURRENT_HTF,15m,components_resample,22666,2026-03-31 12:30:00+00:00,40000,40000,22667,False,True,-1,True,,0.0,real_btc15m_ge_2025-08-07
CANARY_V45_CURRENT_HTF,15m,components_resample,22997,2026-04-03 23:15:00+00:00,40000,40000,22998,False,True,-1,True,,0.0,real_btc15m_ge_2025-08-07
CANARY_V45_CURRENT_HTF,15m,components_resample,23440,2026-04-08 14:00:00+00:00,40000,40000,23441,False,True,-1,True,,0.0,real_btc15m_ge_2025-08-07
CANARY_V45_CURRENT_HTF,15m,components_resample,24264,2026-04-17 04:00:00+00:00,40000,40000,24265,False,False,24264,True,,0.0,real_btc15m_ge_2025-08-07
CANARY_V45_CURRENT_HTF,15m,components_resample,27003,2026-05-16 16:45:00+00:00,40000,40000,27004,False,True,-1,True,,0.0,real_btc15m_ge_2025-08-07
CANARY_V45_CURRENT_HTF,15m,components_resample,27004,2026-05-16 17:00:00+00:00,40000,40000,27005,False,True,-1,True,,0.0,real_btc15m_ge_2025-08-07
CANARY_V45_CURRENT_HTF,15m,components_resample,31332,2026-06-30 19:00:00+00:00,40000,40000,31333,False,True,-1,True,,0.0,real_btc15m_ge_2025-08-07
CANARY_V45_CURRENT_HTF,15m,components_resample,39998,2026-09-29 01:30:00+00:00,40000,40000,39999,False,False,39996,True,,0.0,real_btc15m_ge_2025-08-07
S2_ST_ROC,30m,plain,7000,2025-12-31 05:30:00+00:00,20001,1773,624,True,True,-1,False,,0.049649715423583984,real_btc15m_ge_2025-08-07
S2_ST_ROC,30m,plain,11333,2026-03-31 12:00:00+00:00,20001,1773,1002,False,True,-1,False,,0.08312678337097168,real_btc15m_ge_2025-08-07
S2_ST_ROC,30m,plain,15021,2026-06-17 08:00:00+00:00,20001,1773,1340,False,True,-1,False,,0.1067039966583252,real_btc15m_ge_2025-08-07
S2_ST_ROC,30m,plain,15022,2026-06-17 08:30:00+00:00,20001,1773,1341,True,True,-1,False,,0.09852004051208496,real_btc15m_ge_2025-08-07
S2_ST_ROC,30m,plain,15666,2026-06-30 18:30:00+00:00,20001,1773,1397,False,True,-1,False,,0.10625481605529785,real_btc15m_ge_2025-08-07
S2_ST_ROC,30m,plain,15805,2026-07-03 16:00:00+00:00,20001,1773,1410,True,True,-1,False,,0.09469866752624512,real_btc15m_ge_2025-08-07
S2_ST_ROC,30m,plain,18769,2026-09-03 10:00:00+00:00,20001,1773,1655,True,True,-1,False,,0.10402703285217285,real_btc15m_ge_2025-08-07
S2_ST_ROC,30m,plain,19350,2026-09-15 12:30:00+00:00,20001,1773,1706,False,True,-1,False,,0.09240031242370605,real_btc15m_ge_2025-08-07
S2_ST_ROC,30m,plain,19351,2026-09-15 13:00:00+00:00,20001,1773,1707,True,True,-1,False,,0.07133364677429199,real_btc15m_ge_2025-08-07
S2_ST_ROC,30m,plain,19999,2026-09-29 01:00:00+00:00,20001,1773,1773,False,True,-1,False,,0.07378625869750977,real_btc15m_ge_2025-08-07
S5_DONCHIAN_MFI,30m,plain,7000,2025-12-31 05:30:00+00:00,20001,44,18,False,True,-1,False,,0.004915714263916016,real_btc15m_ge_2025-08-07
S5_DONCHIAN_MFI,30m,plain,7898,2026-01-18 22:30:00+00:00,20001,44,19,False,True,-1,False,,0.004764080047607422,real_btc15m_ge_2025-08-07
S5_DONCHIAN_MFI,30m,plain,7899,2026-01-18 23:00:00+00:00,20001,44,20,True,True,-1,False,,0.004809856414794922,real_btc15m_ge_2025-08-07
S5_DONCHIAN_MFI,30m,plain,11333,2026-03-31 12:00:00+00:00,20001,44,23,False,True,-1,False,,0.0054666996002197266,real_btc15m_ge_2025-08-07
S5_DONCHIAN_MFI,30m,plain,11513,2026-04-04 06:00:00+00:00,20001,44,23,False,True,-1,False,,0.005293607711791992,real_btc15m_ge_2025-08-07
S5_DONCHIAN_MFI,30m,plain,11514,2026-04-04 06:30:00+00:00,20001,44,24,True,True,-1,False,,0.005296468734741211,real_btc15m_ge_2025-08-07
S5_DONCHIAN_MFI,30m,plain,11666,2026-04-07 10:30:00+00:00,20001,44,26,True,True,-1,False,,0.005244016647338867,real_btc15m_ge_2025-08-07
S5_DONCHIAN_MFI,30m,plain,15666,2026-06-30 18:30:00+00:00,20001,44,38,False,True,-1,False,,0.00629115104675293,real_btc15m_ge_2025-08-07
S5_DONCHIAN_MFI,30m,plain,19558,2026-09-19 20:30:00+00:00,20001,44,44,True,True,-1,False,,0.00702357292175293,real_btc15m_ge_2025-08-07
S5_DONCHIAN_MFI,30m,plain,19999,2026-09-29 01:00:00+00:00,20001,44,44,False,True,-1,False,,0.006918907165527344,real_btc15m_ge_2025-08-07
S6_EMA_DMI_ADX,30m,plain,7000,2025-12-31 05:30:00+00:00,20001,183,64,False,True,-1,False,,0.0060482025146484375,real_btc15m_ge_2025-08-07
S6_EMA_DMI_ADX,30m,plain,8457,2026-01-30 14:00:00+00:00,20001,183,79,False,True,-1,False,,0.007006168365478516,real_btc15m_ge_2025-08-07
S6_EMA_DMI_ADX,30m,plain,8458,2026-01-30 14:30:00+00:00,20001,183,80,True,True,-1,False,,0.006871223449707031,real_btc15m_ge_2025-08-07
S6_EMA_DMI_ADX,30m,plain,11333,2026-03-31 12:00:00+00:00,20001,183,110,False,True,-1,False,,0.007695674896240234,real_btc15m_ge_2025-08-07
S6_EMA_DMI_ADX,30m,plain,13111,2026-05-08 13:00:00+00:00,20001,183,122,True,True,-1,False,,0.008185386657714844,real_btc15m_ge_2025-08-07
S6_EMA_DMI_ADX,30m,plain,15666,2026-06-30 18:30:00+00:00,20001,183,145,False,True,-1,False,,0.008113384246826172,real_btc15m_ge_2025-08-07
S6_EMA_DMI_ADX,30m,plain,17486,2026-08-07 16:30:00+00:00,20001,183,158,False,True,-1,False,,0.009671211242675781,real_btc15m_ge_2025-08-07
S6_EMA_DMI_ADX,30m,plain,17487,2026-08-07 17:00:00+00:00,20001,183,159,True,True,-1,False,,0.009734869003295898,real_btc15m_ge_2025-08-07
S6_EMA_DMI_ADX,30m,plain,17826,2026-08-14 18:30:00+00:00,20001,183,161,True,True,-1,False,,0.00925898551940918,real_btc15m_ge_2025-08-07
S6_EMA_DMI_ADX,30m,plain,19999,2026-09-29 01:00:00+00:00,20001,183,183,False,True,-1,False,,0.009799480438232422,real_btc15m_ge_2025-08-07
N01_ST_EMA,30m,plain,7000,2025-12-31 05:30:00+00:00,20001,563,202,False,True,-1,False,,0.02817249298095703,real_btc15m_ge_2025-08-07
N01_ST_EMA,30m,plain,10691,2026-03-18 03:00:00+00:00,20001,563,303,True,True,-1,False,,0.06548237800598145,real_btc15m_ge_2025-08-07
N01_ST_EMA,30m,plain,11167,2026-03-28 01:00:00+00:00,20001,563,310,False,True,-1,False,,0.06804037094116211,real_btc15m_ge_2025-08-07
N01_ST_EMA,30m,plain,11168,2026-03-28 01:30:00+00:00,20001,563,311,True,True,-1,False,,0.04416537284851074,real_btc15m_ge_2025-08-07
N01_ST_EMA,30m,plain,11333,2026-03-31 12:00:00+00:00,20001,563,317,False,True,-1,False,,0.06436610221862793,real_btc15m_ge_2025-08-07
N01_ST_EMA,30m,plain,11490,2026-04-03 18:30:00+00:00,20001,563,325,True,True,-1,False,,0.0683448314666748,real_btc15m_ge_2025-08-07
N01_ST_EMA,30m,plain,15666,2026-06-30 18:30:00+00:00,20001,563,447,False,True,-1,False,,0.07196855545043945,real_btc15m_ge_2025-08-07
N01_ST_EMA,30m,plain,16054,2026-07-08 20:30:00+00:00,20001,563,461,False,True,-1,False,,0.09866142272949219,real_btc15m_ge_2025-08-07
N01_ST_EMA,30m,plain,16055,2026-07-08 21:00:00+00:00,20001,563,462,True,True,-1,False,,0.0635080337524414,real_btc15m_ge_2025-08-07
N01_ST_EMA,30m,plain,19999,2026-09-29 01:00:00+00:00,20001,563,563,False,True,-1,False,,0.12680745124816895,real_btc15m_ge_2025-08-07
N02_ST_KST,30m,plain,7000,2025-12-31 05:30:00+00:00,20001,496,163,False,True,-1,False,,0.05157208442687988,real_btc15m_ge_2025-08-07
N02_ST_KST,30m,plain,11333,2026-03-31 12:00:00+00:00,20001,496,275,False,True,-1,False,,0.08286857604980469,real_btc15m_ge_2025-08-07
N02_ST_KST,30m,plain,13139,2026-05-09 03:00:00+00:00,20001,496,320,False,True,-1,False,,0.09171485900878906,real_btc15m_ge_2025-08-07
N02_ST_KST,30m,plain,13140,2026-05-09 03:30:00+00:00,20001,496,321,True,True,-1,False,,0.09683036804199219,real_btc15m_ge_2025-08-07
N02_ST_KST,30m,plain,13520,2026-05-17 01:30:00+00:00,20001,496,330,False,True,-1,False,,0.06400156021118164,real_btc15m_ge_2025-08-07
N02_ST_KST,30m,plain,13521,2026-05-17 02:00:00+00:00,20001,496,331,True,True,-1,False,,0.08038806915283203,real_btc15m_ge_2025-08-07
N02_ST_KST,30m,plain,14139,2026-05-29 23:00:00+00:00,20001,496,348,True,True,-1,False,,0.060715436935424805,real_btc15m_ge_2025-08-07
N02_ST_KST,30m,plain,14486,2026-06-06 04:30:00+00:00,20001,496,357,True,True,-1,False,,0.06903576850891113,real_btc15m_ge_2025-08-07
N02_ST_KST,30m,plain,15666,2026-06-30 18:30:00+00:00,20001,496,392,False,True,-1,False,,0.10836625099182129,real_btc15m_ge_2025-08-07
N02_ST_KST,30m,plain,19999,2026-09-29 01:00:00+00:00,20001,496,496,False,True,-1,False,,0.087310791015625,real_btc15m_ge_2025-08-07
N03_ADX_GC,30m,plain,7000,2025-12-31 05:30:00+00:00,20001,21,5,False,True,-1,False,,0.005772829055786133,real_btc15m_ge_2025-08-07
N03_ADX_GC,30m,plain,11333,2026-03-31 12:00:00+00:00,20001,21,7,False,True,-1,False,,0.006689786911010742,real_btc15m_ge_2025-08-07
N03_ADX_GC,30m,plain,13449,2026-05-15 14:00:00+00:00,20001,21,11,True,True,-1,False,,0.00795602798461914,real_btc15m_ge_2025-08-07
N03_ADX_GC,30m,plain,15666,2026-06-30 18:30:00+00:00,20001,21,13,False,True,-1,False,,0.007821798324584961,real_btc15m_ge_2025-08-07
N03_ADX_GC,30m,plain,16974,2026-07-28 00:30:00+00:00,20001,21,15,True,True,-1,False,,0.008245706558227539,real_btc15m_ge_2025-08-07
N03_ADX_GC,30m,plain,17095,2026-07-30 13:00:00+00:00,20001,21,15,False,True,-1,False,,0.008297920227050781,real_btc15m_ge_2025-08-07
N03_ADX_GC,30m,plain,17096,2026-07-30 13:30:00+00:00,20001,21,16,True,True,-1,False,,0.010876893997192383,real_btc15m_ge_2025-08-07
N03_ADX_GC,30m,plain,19482,2026-09-18 06:30:00+00:00,20001,21,19,False,True,-1,False,,0.012080192565917969,real_btc15m_ge_2025-08-07
N03_ADX_GC,30m,plain,19483,2026-09-18 07:00:00+00:00,20001,21,20,True,True,-1,False,,0.020725727081298828,real_btc15m_ge_2025-08-07
N03_ADX_GC,30m,plain,19999,2026-09-29 01:00:00+00:00,20001,21,21,False,True,-1,False,,0.011535406112670898,real_btc15m_ge_2025-08-07
N07_ICHI_CMO,30m,plain,7000,2025-12-31 05:30:00+00:00,20001,214,66,True,True,-1,False,,0.008020639419555664,real_btc15m_ge_2025-08-07
N07_ICHI_CMO,30m,plain,8690,2026-02-04 10:30:00+00:00,20001,214,88,False,True,-1,False,,0.008855581283569336,real_btc15m_ge_2025-08-07
N07_ICHI_CMO,30m,plain,8691,2026-02-04 11:00:00+00:00,20001,214,89,True,True,-1,False,,0.008605718612670898,real_btc15m_ge_2025-08-07
N07_ICHI_CMO,30m,plain,11333,2026-03-31 12:00:00+00:00,20001,214,113,False,True,-1,False,,0.009994029998779297,real_btc15m_ge_2025-08-07
N07_ICHI_CMO,30m,plain,14884,2026-06-14 11:30:00+00:00,20001,214,157,True,True,-1,False,,0.01122903823852539,real_btc15m_ge_2025-08-07
N07_ICHI_CMO,30m,plain,15666,2026-06-30 18:30:00+00:00,20001,214,161,False,True,-1,False,,0.011719465255737305,real_btc15m_ge_2025-08-07
N07_ICHI_CMO,30m,plain,17500,2026-08-07 23:30:00+00:00,20001,214,189,True,True,-1,False,,0.012396574020385742,real_btc15m_ge_2025-08-07
N07_ICHI_CMO,30m,plain,17660,2026-08-11 07:30:00+00:00,20001,214,191,False,True,-1,False,,0.012141227722167969,real_btc15m_ge_2025-08-07
N07_ICHI_CMO,30m,plain,17661,2026-08-11 08:00:00+00:00,20001,214,192,True,True,-1,False,,0.01246333122253418,real_btc15m_ge_2025-08-07
N07_ICHI_CMO,30m,plain,19999,2026-09-29 01:00:00+00:00,20001,214,214,False,True,-1,False,,0.013643980026245117,real_btc15m_ge_2025-08-07
N08_ICHI_WR,30m,plain,6999,2025-12-31 05:00:00+00:00,20001,33,12,False,True,-1,False,,0.0069735050201416016,real_btc15m_ge_2025-08-07
N08_ICHI_WR,30m,plain,7000,2025-12-31 05:30:00+00:00,20001,33,13,True,True,-1,False,,0.006803274154663086,real_btc15m_ge_2025-08-07
N08_ICHI_WR,30m,plain,8546,2026-02-01 10:30:00+00:00,20001,33,15,True,True,-1,False,,0.0074613094329833984,real_btc15m_ge_2025-08-07
N08_ICHI_WR,30m,plain,11333,2026-03-31 12:00:00+00:00,20001,33,18,False,True,-1,False,,0.00882863998413086,real_btc15m_ge_2025-08-07
N08_ICHI_WR,30m,plain,13476,2026-05-16 03:30:00+00:00,20001,33,23,True,True,-1,False,,0.00964498519897461,real_btc15m_ge_2025-08-07
N08_ICHI_WR,30m,plain,15666,2026-06-30 18:30:00+00:00,20001,33,27,False,True,-1,False,,0.010639429092407227,real_btc15m_ge_2025-08-07
N08_ICHI_WR,30m,plain,19394,2026-09-16 10:30:00+00:00,20001,33,32,False,True,-1,False,,0.012616157531738281,real_btc15m_ge_2025-08-07
N08_ICHI_WR,30m,plain,19395,2026-09-16 11:00:00+00:00,20001,33,33,True,True,-1,False,,0.012264728546142578,real_btc15m_ge_2025-08-07
N08_ICHI_WR,30m,plain,19999,2026-09-29 01:00:00+00:00,20001,33,33,False,True,-1,False,,0.012402057647705078,real_btc15m_ge_2025-08-07
N09_ALLIG_AROON,30m,plain,7000,2025-12-31 05:30:00+00:00,20001,284,93,False,True,-1,False,,0.006275177001953125,real_btc15m_ge_2025-08-07
N09_ALLIG_AROON,30m,plain,11333,2026-03-31 12:00:00+00:00,20001,284,150,False,True,-1,False,,0.008917570114135742,real_btc15m_ge_2025-08-07
N09_ALLIG_AROON,30m,plain,12896,2026-05-04 01:30:00+00:00,20001,284,176,False,True,-1,False,,0.009215116500854492,real_btc15m_ge_2025-08-07
N09_ALLIG_AROON,30m,plain,12897,2026-05-04 02:00:00+00:00,20001,284,177,True,True,-1,False,,0.009206295013427734,real_btc15m_ge_2025-08-07
N09_ALLIG_AROON,30m,plain,13769,2026-05-22 06:00:00+00:00,20001,284,192,True,True,-1,False,,0.009901762008666992,real_btc15m_ge_2025-08-07
N09_ALLIG_AROON,30m,plain,15175,2026-06-20 13:00:00+00:00,20001,284,212,True,True,-1,False,,0.010386943817138672,real_btc15m_ge_2025-08-07
N09_ALLIG_AROON,30m,plain,15666,2026-06-30 18:30:00+00:00,20001,284,220,False,True,-1,False,,0.010857105255126953,real_btc15m_ge_2025-08-07
N09_ALLIG_AROON,30m,plain,17937,2026-08-17 02:00:00+00:00,20001,284,247,False,True,-1,False,,0.011317968368530273,real_btc15m_ge_2025-08-07
N09_ALLIG_AROON,30m,plain,17938,2026-08-17 02:30:00+00:00,20001,284,248,True,True,-1,False,,0.011353015899658203,real_btc15m_ge_2025-08-07
N09_ALLIG_AROON,30m,plain,19999,2026-09-29 01:00:00+00:00,20001,284,284,False,True,-1,False,,0.012645483016967773,real_btc15m_ge_2025-08-07
N10_HA_PSAR,30m,plain,7000,2025-12-31 05:30:00+00:00,20001,554,172,False,True,-1,False,,0.018151283264160156,real_btc15m_ge_2025-08-07
N10_HA_PSAR,30m,plain,7174,2026-01-03 20:30:00+00:00,20001,554,177,True,True,-1,False,,0.019126176834106445,real_btc15m_ge_2025-08-07
N10_HA_PSAR,30m,plain,8236,2026-01-25 23:30:00+00:00,20001,554,209,False,True,-1,False,,0.02115178108215332,real_btc15m_ge_2025-08-07
N10_HA_PSAR,30m,plain,8237,2026-01-26 00:00:00+00:00,20001,554,210,True,True,-1,False,,0.021114110946655273,real_btc15m_ge_2025-08-07
N10_HA_PSAR,30m,plain,10039,2026-03-04 13:00:00+00:00,20001,554,266,True,True,-1,False,,0.024972200393676758,real_btc15m_ge_2025-08-07
N10_HA_PSAR,30m,plain,11333,2026-03-31 12:00:00+00:00,20001,554,309,False,True,-1,False,,0.027839183807373047,real_btc15m_ge_2025-08-07
N10_HA_PSAR,30m,plain,15666,2026-06-30 18:30:00+00:00,20001,554,440,False,True,-1,False,,0.0362858772277832,real_btc15m_ge_2025-08-07
N10_HA_PSAR,30m,plain,19828,2026-09-25 11:30:00+00:00,20001,554,549,False,True,-1,False,,0.044492244720458984,real_btc15m_ge_2025-08-07
N10_HA_PSAR,30m,plain,19829,2026-09-25 12:00:00+00:00,20001,554,550,True,True,-1,False,,0.04531455039978027,real_btc15m_ge_2025-08-07
N10_HA_PSAR,30m,plain,19999,2026-09-29 01:00:00+00:00,20001,554,554,False,True,-1,False,,0.04513192176818848,real_btc15m_ge_2025-08-07
N12_ICHI_AO,30m,plain,7000,2025-12-31 05:30:00+00:00,20001,283,104,False,True,-1,False,,0.006933689117431641,real_btc15m_ge_2025-08-07
N12_ICHI_AO,30m,plain,9367,2026-02-18 13:00:00+00:00,20001,283,140,True,True,-1,False,,0.007816553115844727,real_btc15m_ge_2025-08-07
N12_ICHI_AO,30m,plain,11333,2026-03-31 12:00:00+00:00,20001,283,165,False,True,-1,False,,0.008487462997436523,real_btc15m_ge_2025-08-07
N12_ICHI_AO,30m,plain,11718,2026-04-08 12:30:00+00:00,20001,283,170,False,True,-1,False,,0.008632421493530273,real_btc15m_ge_2025-08-07
N12_ICHI_AO,30m,plain,11719,2026-04-08 13:00:00+00:00,20001,283,171,True,True,-1,False,,0.00849008560180664,real_btc15m_ge_2025-08-07
N12_ICHI_AO,30m,plain,15666,2026-06-30 18:30:00+00:00,20001,283,219,False,True,-1,False,,0.009864091873168945,real_btc15m_ge_2025-08-07
N12_ICHI_AO,30m,plain,16719,2026-07-22 17:00:00+00:00,20001,283,232,False,True,-1,False,,0.010701417922973633,real_btc15m_ge_2025-08-07
N12_ICHI_AO,30m,plain,16720,2026-07-22 17:30:00+00:00,20001,283,233,True,True,-1,False,,0.010591745376586914,real_btc15m_ge_2025-08-07
N12_ICHI_AO,30m,plain,18588,2026-08-30 15:30:00+00:00,20001,283,260,True,True,-1,False,,0.011243104934692383,real_btc15m_ge_2025-08-07
N12_ICHI_AO,30m,plain,19999,2026-09-29 01:00:00+00:00,20001,283,283,False,True,-1,False,,0.011800289154052734,real_btc15m_ge_2025-08-07
N14_ICHI_RSI,30m,plain,7000,2025-12-31 05:30:00+00:00,20001,0,0,False,True,-1,False,,0.008041143417358398,real_btc15m_ge_2025-08-07
N14_ICHI_RSI,30m,plain,11333,2026-03-31 12:00:00+00:00,20001,0,0,False,True,-1,False,,0.009756326675415039,real_btc15m_ge_2025-08-07
N14_ICHI_RSI,30m,plain,15666,2026-06-30 18:30:00+00:00,20001,0,0,False,True,-1,False,,0.01144552230834961,real_btc15m_ge_2025-08-07
N14_ICHI_RSI,30m,plain,19999,2026-09-29 01:00:00+00:00,20001,0,0,False,True,-1,False,,0.013178348541259766,real_btc15m_ge_2025-08-07
N17_KC_RSI,30m,plain,7000,2025-12-31 05:30:00+00:00,20001,2705,981,False,True,-1,False,,0.007460832595825195,real_btc15m_ge_2025-08-07
N17_KC_RSI,30m,plain,9132,2026-02-13 15:30:00+00:00,20001,2705,1248,True,True,-1,False,,0.008127927780151367,real_btc15m_ge_2025-08-07
N17_KC_RSI,30m,plain,11333,2026-03-31 12:00:00+00:00,20001,2705,1596,False,True,-1,False,,0.009261608123779297,real_btc15m_ge_2025-08-07
N17_KC_RSI,30m,plain,13797,2026-05-22 20:00:00+00:00,20001,2705,1901,True,True,-1,False,,0.009774446487426758,real_btc15m_ge_2025-08-07
N17_KC_RSI,30m,plain,13798,2026-05-22 20:30:00+00:00,20001,2705,1902,True,True,-1,False,,0.009408950805664062,real_btc15m_ge_2025-08-07
N17_KC_RSI,30m,plain,15666,2026-06-30 18:30:00+00:00,20001,2705,2119,False,True,-1,False,,0.010287284851074219,real_btc15m_ge_2025-08-07
N17_KC_RSI,30m,plain,15721,2026-07-01 22:00:00+00:00,20001,2705,2124,True,True,-1,False,,0.010762214660644531,real_btc15m_ge_2025-08-07
N17_KC_RSI,30m,plain,18061,2026-08-19 16:00:00+00:00,20001,2705,2409,True,True,-1,False,,0.010102272033691406,real_btc15m_ge_2025-08-07
N17_KC_RSI,30m,plain,18062,2026-08-19 16:30:00+00:00,20001,2705,2410,True,True,-1,False,,0.009026050567626953,real_btc15m_ge_2025-08-07
N17_KC_RSI,30m,plain,19999,2026-09-29 01:00:00+00:00,20001,2705,2705,False,True,-1,False,,0.009788751602172852,real_btc15m_ge_2025-08-07
N18_VWMA_MACD,30m,plain,7000,2025-12-31 05:30:00+00:00,20001,1795,570,False,True,-1,False,,0.0042841434478759766,real_btc15m_ge_2025-08-07
N18_VWMA_MACD,30m,plain,9680,2026-02-25 01:30:00+00:00,20001,1795,797,True,True,-1,False,,0.004708290100097656,real_btc15m_ge_2025-08-07
N18_VWMA_MACD,30m,plain,9681,2026-02-25 02:00:00+00:00,20001,1795,798,True,True,-1,False,,0.004925727844238281,real_btc15m_ge_2025-08-07
N18_VWMA_MACD,30m,plain,11333,2026-03-31 12:00:00+00:00,20001,1795,945,False,True,-1,False,,0.0046885013580322266,real_btc15m_ge_2025-08-07
N18_VWMA_MACD,30m,plain,14042,2026-05-27 22:30:00+00:00,20001,1795,1194,True,True,-1,False,,0.005892515182495117,real_btc15m_ge_2025-08-07
N18_VWMA_MACD,30m,plain,15666,2026-06-30 18:30:00+00:00,20001,1795,1382,False,True,-1,False,,0.005784749984741211,real_btc15m_ge_2025-08-07
N18_VWMA_MACD,30m,plain,18228,2026-08-23 03:30:00+00:00,20001,1795,1607,True,True,-1,False,,0.0061187744140625,real_btc15m_ge_2025-08-07
N18_VWMA_MACD,30m,plain,18229,2026-08-23 04:00:00+00:00,20001,1795,1608,True,True,-1,False,,0.006247043609619141,real_btc15m_ge_2025-08-07
N18_VWMA_MACD,30m,plain,19353,2026-09-15 14:00:00+00:00,20001,1795,1721,True,True,-1,False,,0.007758617401123047,real_btc15m_ge_2025-08-07
N18_VWMA_MACD,30m,plain,19999,2026-09-29 01:00:00+00:00,20001,1795,1795,False,True,-1,False,,0.0072879791259765625,real_btc15m_ge_2025-08-07
N21_ST_RSI_ADX,30m,plain,7000,2025-12-31 05:30:00+00:00,20001,0,0,False,True,-1,False,,0.03966188430786133,real_btc15m_ge_2025-08-07
N21_ST_RSI_ADX,30m,plain,11333,2026-03-31 12:00:00+00:00,20001,0,0,False,True,-1,False,,0.05654168128967285,real_btc15m_ge_2025-08-07
N21_ST_RSI_ADX,30m,plain,15666,2026-06-30 18:30:00+00:00,20001,0,0,False,True,-1,False,,0.0759119987487793,real_btc15m_ge_2025-08-07
N21_ST_RSI_ADX,30m,plain,19999,2026-09-29 01:00:00+00:00,20001,0,0,False,True,-1,False,,0.10125899314880371,real_btc15m_ge_2025-08-07
N22_VORTEX_PSAR,30m,plain,7000,2025-12-31 05:30:00+00:00,20001,1452,493,False,True,-1,False,,0.00941157341003418,real_btc15m_ge_2025-08-07
N22_VORTEX_PSAR,30m,plain,8262,2026-01-26 12:30:00+00:00,20001,1452,581,True,True,-1,False,,0.011897563934326172,real_btc15m_ge_2025-08-07
N22_VORTEX_PSAR,30m,plain,10396,2026-03-11 23:30:00+00:00,20001,1452,728,True,True,-1,False,,0.01156163215637207,real_btc15m_ge_2025-08-07
N22_VORTEX_PSAR,30m,plain,11333,2026-03-31 12:00:00+00:00,20001,1452,797,False,True,-1,False,,0.01205754280090332,real_btc15m_ge_2025-08-07
N22_VORTEX_PSAR,30m,plain,13377,2026-05-14 02:00:00+00:00,20001,1452,946,True,True,-1,False,,0.015572071075439453,real_btc15m_ge_2025-08-07
N22_VORTEX_PSAR,30m,plain,13378,2026-05-14 02:30:00+00:00,20001,1452,947,True,True,-1,False,,0.014110565185546875,real_btc15m_ge_2025-08-07
N22_VORTEX_PSAR,30m,plain,15666,2026-06-30 18:30:00+00:00,20001,1452,1102,False,True,-1,False,,0.021129608154296875,real_btc15m_ge_2025-08-07
N22_VORTEX_PSAR,30m,plain,16988,2026-07-28 07:30:00+00:00,20001,1452,1202,False,True,-1,False,,0.01719355583190918,real_btc15m_ge_2025-08-07
N22_VORTEX_PSAR,30m,plain,16989,2026-07-28 08:00:00+00:00,20001,1452,1203,True,True,-1,False,,0.01733231544494629,real_btc15m_ge_2025-08-07
N22_VORTEX_PSAR,30m,plain,19999,2026-09-29 01:00:00+00:00,20001,1452,1452,False,True,-1,False,,0.01941514015197754,real_btc15m_ge_2025-08-07
N23_HA_ST,30m,plain,7000,2025-12-31 05:30:00+00:00,20001,1728,563,False,True,-1,False,,0.050920963287353516,real_btc15m_ge_2025-08-07
N23_HA_ST,30m,plain,11333,2026-03-31 12:00:00+00:00,20001,1728,935,False,True,-1,False,,0.05629873275756836,real_btc15m_ge_2025-08-07
N23_HA_ST,30m,plain,11792,2026-04-10 01:30:00+00:00,20001,1728,983,False,True,-1,False,,0.052268266677856445,real_btc15m_ge_2025-08-07
N23_HA_ST,30m,plain,11793,2026-04-10 02:00:00+00:00,20001,1728,984,True,True,-1,False,,0.06196904182434082,real_btc15m_ge_2025-08-07
N23_HA_ST,30m,plain,14764,2026-06-11 23:30:00+00:00,20001,1728,1275,False,True,-1,False,,0.06322646141052246,real_btc15m_ge_2025-08-07
N23_HA_ST,30m,plain,14765,2026-06-12 00:00:00+00:00,20001,1728,1276,True,True,-1,False,,0.0662088394165039,real_btc15m_ge_2025-08-07
N23_HA_ST,30m,plain,15666,2026-06-30 18:30:00+00:00,20001,1728,1361,False,True,-1,False,,0.0758979320526123,real_btc15m_ge_2025-08-07
N23_HA_ST,30m,plain,15690,2026-07-01 06:30:00+00:00,20001,1728,1362,True,True,-1,False,,0.07575535774230957,real_btc15m_ge_2025-08-07
N23_HA_ST,30m,plain,18328,2026-08-25 05:30:00+00:00,20001,1728,1577,True,True,-1,False,,0.09004378318786621,real_btc15m_ge_2025-08-07
N23_HA_ST,30m,plain,19999,2026-09-29 01:00:00+00:00,20001,1728,1728,True,True,-1,False,,0.09074926376342773,real_btc15m_ge_2025-08-07
N24_DMI,30m,plain,7000,2025-12-31 05:30:00+00:00,20001,796,270,False,True,-1,False,,0.0052988529205322266,real_btc15m_ge_2025-08-07
N24_DMI,30m,plain,7738,2026-01-15 14:30:00+00:00,20001,796,301,True,True,-1,False,,0.006963491439819336,real_btc15m_ge_2025-08-07
N24_DMI,30m,plain,11333,2026-03-31 12:00:00+00:00,20001,796,437,False,True,-1,False,,0.007868051528930664,real_btc15m_ge_2025-08-07
N24_DMI,30m,plain,12134,2026-04-17 04:30:00+00:00,20001,796,473,False,True,-1,False,,0.009003162384033203,real_btc15m_ge_2025-08-07
N24_DMI,30m,plain,12135,2026-04-17 05:00:00+00:00,20001,796,474,True,True,-1,False,,0.008129119873046875,real_btc15m_ge_2025-08-07
N24_DMI,30m,plain,15137,2026-06-19 18:00:00+00:00,20001,796,584,False,True,-1,False,,0.00991058349609375,real_btc15m_ge_2025-08-07
N24_DMI,30m,plain,15138,2026-06-19 18:30:00+00:00,20001,796,585,True,True,-1,False,,0.00894618034362793,real_btc15m_ge_2025-08-07
N24_DMI,30m,plain,15559,2026-06-28 13:00:00+00:00,20001,796,616,True,True,-1,False,,0.009432792663574219,real_btc15m_ge_2025-08-07
N24_DMI,30m,plain,15666,2026-06-30 18:30:00+00:00,20001,796,618,False,True,-1,False,,0.008701324462890625,real_btc15m_ge_2025-08-07
N24_DMI,30m,plain,19999,2026-09-29 01:00:00+00:00,20001,796,796,False,True,-1,False,,0.010118246078491211,real_btc15m_ge_2025-08-07
N25_DST_CCI,30m,plain,7000,2025-12-31 05:30:00+00:00,20001,892,317,False,True,-1,False,,0.0982046127319336,real_btc15m_ge_2025-08-07
N25_DST_CCI,30m,plain,11333,2026-03-31 12:00:00+00:00,20001,892,519,False,True,-1,False,,0.14864468574523926,real_btc15m_ge_2025-08-07
N25_DST_CCI,30m,plain,11739,2026-04-08 23:00:00+00:00,20001,892,535,False,True,-1,False,,0.08717679977416992,real_btc15m_ge_2025-08-07
N25_DST_CCI,30m,plain,11740,2026-04-08 23:30:00+00:00,20001,892,536,True,True,-1,False,,0.0896000862121582,real_btc15m_ge_2025-08-07
N25_DST_CCI,30m,plain,12094,2026-04-16 08:30:00+00:00,20001,892,548,True,True,-1,False,,0.10654664039611816,real_btc15m_ge_2025-08-07
N25_DST_CCI,30m,plain,15666,2026-06-30 18:30:00+00:00,20001,892,703,False,True,-1,False,,0.12801194190979004,real_btc15m_ge_2025-08-07
N25_DST_CCI,30m,plain,17670,2026-08-11 12:30:00+00:00,20001,892,784,False,True,-1,False,,0.1378309726715088,real_btc15m_ge_2025-08-07
N25_DST_CCI,30m,plain,17671,2026-08-11 13:00:00+00:00,20001,892,785,True,True,-1,False,,0.13619184494018555,real_btc15m_ge_2025-08-07
N25_DST_CCI,30m,plain,19987,2026-09-28 19:00:00+00:00,20001,892,892,True,True,-1,False,,0.1560673713684082,real_btc15m_ge_2025-08-07
N25_DST_CCI,30m,plain,19999,2026-09-29 01:00:00+00:00,20001,892,892,False,True,-1,False,,0.15144610404968262,real_btc15m_ge_2025-08-07
S1_EMA_RSI_CHOP,30m,plain,7000,2025-12-31 05:30:00+00:00,20001,4,1,False,True,-1,False,,0.011391162872314453,real_btc15m_ge_2025-08-07
S1_EMA_RSI_CHOP,30m,plain,11333,2026-03-31 12:00:00+00:00,20001,4,1,False,True,-1,False,,0.013280630111694336,real_btc15m_ge_2025-08-07
S1_EMA_RSI_CHOP,30m,plain,11721,2026-04-08 14:00:00+00:00,20001,4,1,False,True,-1,False,,0.013277530670166016,real_btc15m_ge_2025-08-07
S1_EMA_RSI_CHOP,30m,plain,11722,2026-04-08 14:30:00+00:00,20001,4,2,True,True,-1,False,,0.014367341995239258,real_btc15m_ge_2025-08-07
S1_EMA_RSI_CHOP,30m,plain,12893,2026-05-04 00:00:00+00:00,20001,4,3,True,True,-1,False,,0.013859987258911133,real_btc15m_ge_2025-08-07
S1_EMA_RSI_CHOP,30m,plain,15246,2026-06-22 00:30:00+00:00,20001,4,3,False,True,-1,False,,0.014773845672607422,real_btc15m_ge_2025-08-07
S1_EMA_RSI_CHOP,30m,plain,15247,2026-06-22 01:00:00+00:00,20001,4,4,True,True,-1,False,,0.015353202819824219,real_btc15m_ge_2025-08-07
S1_EMA_RSI_CHOP,30m,plain,15666,2026-06-30 18:30:00+00:00,20001,4,4,False,True,-1,False,,0.015816926956176758,real_btc15m_ge_2025-08-07
S1_EMA_RSI_CHOP,30m,plain,19999,2026-09-29 01:00:00+00:00,20001,4,4,False,True,-1,False,,0.017077922821044922,real_btc15m_ge_2025-08-07
S3_CMO_SANDWICH,30m,plain,7000,2025-12-31 05:30:00+00:00,20001,162,49,False,True,-1,False,,0.0058367252349853516,real_btc15m_ge_2025-08-07
S3_CMO_SANDWICH,30m,plain,11333,2026-03-31 12:00:00+00:00,20001,162,86,False,True,-1,False,,0.007500410079956055,real_btc15m_ge_2025-08-07
S3_CMO_SANDWICH,30m,plain,14159,2026-05-30 09:00:00+00:00,20001,162,110,True,True,-1,False,,0.008788824081420898,real_btc15m_ge_2025-08-07
S3_CMO_SANDWICH,30m,plain,14803,2026-06-12 19:00:00+00:00,20001,162,120,True,True,-1,False,,0.00855565071105957,real_btc15m_ge_2025-08-07
S3_CMO_SANDWICH,30m,plain,15209,2026-06-21 06:00:00+00:00,20001,162,124,False,True,-1,False,,0.009921789169311523,real_btc15m_ge_2025-08-07
S3_CMO_SANDWICH,30m,plain,15210,2026-06-21 06:30:00+00:00,20001,162,125,True,True,-1,False,,0.00897216796875,real_btc15m_ge_2025-08-07
S3_CMO_SANDWICH,30m,plain,15666,2026-06-30 18:30:00+00:00,20001,162,127,False,True,-1,False,,0.009204864501953125,real_btc15m_ge_2025-08-07
S3_CMO_SANDWICH,30m,plain,19377,2026-09-16 02:00:00+00:00,20001,162,157,False,True,-1,False,,0.010260581970214844,real_btc15m_ge_2025-08-07
S3_CMO_SANDWICH,30m,plain,19378,2026-09-16 02:30:00+00:00,20001,162,158,True,True,-1,False,,0.010773420333862305,real_btc15m_ge_2025-08-07
S3_CMO_SANDWICH,30m,plain,19999,2026-09-29 01:00:00+00:00,20001,162,162,False,True,-1,False,,0.010683059692382812,real_btc15m_ge_2025-08-07
S4_BB_BBP,30m,plain,7000,2025-12-31 05:30:00+00:00,20001,586,201,False,True,-1,False,,0.007766008377075195,real_btc15m_ge_2025-08-07
S4_BB_BBP,30m,plain,7848,2026-01-17 21:30:00+00:00,20001,586,221,False,True,-1,False,,0.008495092391967773,real_btc15m_ge_2025-08-07
S4_BB_BBP,30m,plain,7849,2026-01-17 22:00:00+00:00,20001,586,222,True,True,-1,False,,0.008269071578979492,real_btc15m_ge_2025-08-07
S4_BB_BBP,30m,plain,10192,2026-03-07 17:30:00+00:00,20001,586,292,False,True,-1,False,,0.010540962219238281,real_btc15m_ge_2025-08-07
S4_BB_BBP,30m,plain,10193,2026-03-07 18:00:00+00:00,20001,586,293,True,True,-1,False,,0.009559392929077148,real_btc15m_ge_2025-08-07
S4_BB_BBP,30m,plain,11333,2026-03-31 12:00:00+00:00,20001,586,325,False,True,-1,False,,0.010137796401977539,real_btc15m_ge_2025-08-07
S4_BB_BBP,30m,plain,11722,2026-04-08 14:30:00+00:00,20001,586,338,True,True,-1,False,,0.010598182678222656,real_btc15m_ge_2025-08-07
S4_BB_BBP,30m,plain,12225,2026-04-19 02:00:00+00:00,20001,586,356,True,True,-1,False,,0.01054525375366211,real_btc15m_ge_2025-08-07
S4_BB_BBP,30m,plain,15666,2026-06-30 18:30:00+00:00,20001,586,460,False,True,-1,False,,0.012739181518554688,real_btc15m_ge_2025-08-07
S4_BB_BBP,30m,plain,19999,2026-09-29 01:00:00+00:00,20001,586,586,False,True,-1,False,,0.016080379486083984,real_btc15m_ge_2025-08-07
N04_ST_KLINGER,30m,plain,7000,2025-12-31 05:30:00+00:00,20001,1513,500,False,True,-1,False,,0.030333995819091797,real_btc15m_ge_2025-08-07
N04_ST_KLINGER,30m,plain,7091,2026-01-02 03:00:00+00:00,20001,1513,507,False,True,-1,False,,0.030843019485473633,real_btc15m_ge_2025-08-07
N04_ST_KLINGER,30m,plain,7092,2026-01-02 03:30:00+00:00,20001,1513,508,True,True,-1,False,,0.03601813316345215,real_btc15m_ge_2025-08-07
N04_ST_KLINGER,30m,plain,9847,2026-02-28 13:00:00+00:00,20001,1513,718,True,True,-1,False,,0.0406646728515625,real_btc15m_ge_2025-08-07
N04_ST_KLINGER,30m,plain,11333,2026-03-31 12:00:00+00:00,20001,1513,846,False,True,-1,False,,0.04743337631225586,real_btc15m_ge_2025-08-07
N04_ST_KLINGER,30m,plain,15666,2026-06-30 18:30:00+00:00,20001,1513,1165,False,True,-1,False,,0.06694865226745605,real_btc15m_ge_2025-08-07
N04_ST_KLINGER,30m,plain,19392,2026-09-16 09:30:00+00:00,20001,1513,1461,False,True,-1,False,,0.08881568908691406,real_btc15m_ge_2025-08-07
N04_ST_KLINGER,30m,plain,19393,2026-09-16 10:00:00+00:00,20001,1513,1462,True,True,-1,False,,0.10413360595703125,real_btc15m_ge_2025-08-07
N04_ST_KLINGER,30m,plain,19591,2026-09-20 13:00:00+00:00,20001,1513,1478,True,True,-1,False,,0.09364700317382812,real_btc15m_ge_2025-08-07
N04_ST_KLINGER,30m,plain,19999,2026-09-29 01:00:00+00:00,20001,1513,1513,False,True,-1,False,,0.08087873458862305,real_btc15m_ge_2025-08-07
N05_PSAR_POC,30m,plain,7000,2025-12-31 05:30:00+00:00,20001,170,64,False,True,-1,False,,0.27334022521972656,real_btc15m_ge_2025-08-07
N05_PSAR_POC,30m,plain,8007,2026-01-21 05:00:00+00:00,20001,170,74,True,True,-1,False,,0.4159090518951416,real_btc15m_ge_2025-08-07
N05_PSAR_POC,30m,plain,11333,2026-03-31 12:00:00+00:00,20001,170,96,False,True,-1,False,,0.41944456100463867,real_btc15m_ge_2025-08-07
N05_PSAR_POC,30m,plain,13887,2026-05-24 17:00:00+00:00,20001,170,116,True,True,-1,False,,0.6169641017913818,real_btc15m_ge_2025-08-07
N05_PSAR_POC,30m,plain,15666,2026-06-30 18:30:00+00:00,20001,170,134,False,True,-1,False,,0.6149907112121582,real_btc15m_ge_2025-08-07
N05_PSAR_POC,30m,plain,15790,2026-07-03 08:30:00+00:00,20001,170,134,False,True,-1,False,,0.7110376358032227,real_btc15m_ge_2025-08-07
N05_PSAR_POC,30m,plain,15791,2026-07-03 09:00:00+00:00,20001,170,135,True,True,-1,False,,0.618868350982666,real_btc15m_ge_2025-08-07
N05_PSAR_POC,30m,plain,18362,2026-08-25 22:30:00+00:00,20001,170,154,False,True,-1,False,,0.9342787265777588,real_btc15m_ge_2025-08-07
N05_PSAR_POC,30m,plain,18363,2026-08-25 23:00:00+00:00,20001,170,155,True,True,-1,False,,0.9865152835845947,real_btc15m_ge_2025-08-07
N05_PSAR_POC,30m,plain,19999,2026-09-29 01:00:00+00:00,20001,170,170,False,True,-1,False,,0.8814635276794434,real_btc15m_ge_2025-08-07
N06_MACD_ORB,30m,plain,7000,2025-12-31 05:30:00+00:00,20001,204,59,False,True,-1,False,,0.010680437088012695,real_btc15m_ge_2025-08-07
N06_MACD_ORB,30m,plain,11333,2026-03-31 12:00:00+00:00,20001,204,104,False,True,-1,False,,0.012822866439819336,real_btc15m_ge_2025-08-07
N06_MACD_ORB,30m,plain,13561,2026-05-17 22:00:00+00:00,20001,204,128,False,True,-1,False,,0.0162808895111084,real_btc15m_ge_2025-08-07
N06_MACD_ORB,30m,plain,13562,2026-05-17 22:30:00+00:00,20001,204,129,True,True,-1,False,,0.013732433319091797,real_btc15m_ge_2025-08-07
N06_MACD_ORB,30m,plain,14816,2026-06-13 01:30:00+00:00,20001,204,147,True,True,-1,False,,0.019877910614013672,real_btc15m_ge_2025-08-07
N06_MACD_ORB,30m,plain,15666,2026-06-30 18:30:00+00:00,20001,204,157,False,True,-1,False,,0.01629805564880371,real_btc15m_ge_2025-08-07
N06_MACD_ORB,30m,plain,18008,2026-08-18 13:30:00+00:00,20001,204,179,False,True,-1,False,,0.019533634185791016,real_btc15m_ge_2025-08-07
N06_MACD_ORB,30m,plain,18009,2026-08-18 14:00:00+00:00,20001,204,180,True,True,-1,False,,0.016707181930541992,real_btc15m_ge_2025-08-07
N06_MACD_ORB,30m,plain,19439,2026-09-17 09:00:00+00:00,20001,204,196,True,True,-1,False,,0.045355796813964844,real_btc15m_ge_2025-08-07
N06_MACD_ORB,30m,plain,19999,2026-09-29 01:00:00+00:00,20001,204,204,False,True,-1,False,,0.015811681747436523,real_btc15m_ge_2025-08-07
N11_BREAKAWAY,30m,plain,7000,2025-12-31 05:30:00+00:00,20001,5,2,False,True,-1,False,,0.003183126449584961,real_btc15m_ge_2025-08-07
N11_BREAKAWAY,30m,plain,11333,2026-03-31 12:00:00+00:00,20001,5,2,False,True,-1,False,,0.0038862228393554688,real_btc15m_ge_2025-08-07
N11_BREAKAWAY,30m,plain,13109,2026-05-08 12:00:00+00:00,20001,5,2,False,True,-1,False,,0.004226207733154297,real_btc15m_ge_2025-08-07
N11_BREAKAWAY,30m,plain,13110,2026-05-08 12:30:00+00:00,20001,5,3,True,True,-1,False,,0.004719257354736328,real_btc15m_ge_2025-08-07
N11_BREAKAWAY,30m,plain,14405,2026-06-04 12:00:00+00:00,20001,5,4,True,True,-1,False,,0.004957437515258789,real_btc15m_ge_2025-08-07
N11_BREAKAWAY,30m,plain,15666,2026-06-30 18:30:00+00:00,20001,5,4,False,True,-1,False,,0.0053386688232421875,real_btc15m_ge_2025-08-07
N11_BREAKAWAY,30m,plain,18481,2026-08-28 10:00:00+00:00,20001,5,4,False,True,-1,False,,0.0059108734130859375,real_btc15m_ge_2025-08-07
N11_BREAKAWAY,30m,plain,18482,2026-08-28 10:30:00+00:00,20001,5,5,True,True,-1,False,,0.005746603012084961,real_btc15m_ge_2025-08-07
N11_BREAKAWAY,30m,plain,19999,2026-09-29 01:00:00+00:00,20001,5,5,False,True,-1,False,,0.008610248565673828,real_btc15m_ge_2025-08-07
N13_3OUTSIDE,30m,plain,7000,2025-12-31 05:30:00+00:00,20001,109,31,False,True,-1,False,,0.004247426986694336,real_btc15m_ge_2025-08-07
N13_3OUTSIDE,30m,plain,10040,2026-03-04 13:30:00+00:00,20001,109,49,False,True,-1,False,,0.006433725357055664,real_btc15m_ge_2025-08-07
N13_3OUTSIDE,30m,plain,10041,2026-03-04 14:00:00+00:00,20001,109,50,True,True,-1,False,,0.00779271125793457,real_btc15m_ge_2025-08-07
N13_3OUTSIDE,30m,plain,11333,2026-03-31 12:00:00+00:00,20001,109,54,False,True,-1,False,,0.006381034851074219,real_btc15m_ge_2025-08-07
N13_3OUTSIDE,30m,plain,13769,2026-05-22 06:00:00+00:00,20001,109,75,True,True,-1,False,,0.005260944366455078,real_btc15m_ge_2025-08-07
N13_3OUTSIDE,30m,plain,15666,2026-06-30 18:30:00+00:00,20001,109,87,False,True,-1,False,,0.005083799362182617,real_btc15m_ge_2025-08-07
N13_3OUTSIDE,30m,plain,15833,2026-07-04 06:00:00+00:00,20001,109,88,True,True,-1,False,,0.005013704299926758,real_btc15m_ge_2025-08-07
N13_3OUTSIDE,30m,plain,18667,2026-09-01 07:00:00+00:00,20001,109,101,False,True,-1,False,,0.005686521530151367,real_btc15m_ge_2025-08-07
N13_3OUTSIDE,30m,plain,18668,2026-09-01 07:30:00+00:00,20001,109,102,True,True,-1,False,,0.005923748016357422,real_btc15m_ge_2025-08-07
N13_3OUTSIDE,30m,plain,19999,2026-09-29 01:00:00+00:00,20001,109,109,False,True,-1,False,,0.006783008575439453,real_btc15m_ge_2025-08-07
N15_KC_AO,30m,plain,7000,2025-12-31 05:30:00+00:00,20001,3,1,False,True,-1,False,,0.005032777786254883,real_btc15m_ge_2025-08-07
N15_KC_AO,30m,plain,11333,2026-03-31 12:00:00+00:00,20001,3,1,False,True,-1,False,,0.006472349166870117,real_btc15m_ge_2025-08-07
N15_KC_AO,30m,plain,12612,2026-04-28 03:30:00+00:00,20001,3,1,False,True,-1,False,,0.007030963897705078,real_btc15m_ge_2025-08-07
N15_KC_AO,30m,plain,12613,2026-04-28 04:00:00+00:00,20001,3,2,True,True,-1,False,,0.007607460021972656,real_btc15m_ge_2025-08-07
N15_KC_AO,30m,plain,15666,2026-06-30 18:30:00+00:00,20001,3,2,False,True,-1,False,,0.007561445236206055,real_btc15m_ge_2025-08-07
N15_KC_AO,30m,plain,19158,2026-09-11 12:30:00+00:00,20001,3,2,False,True,-1,False,,0.008834362030029297,real_btc15m_ge_2025-08-07
N15_KC_AO,30m,plain,19159,2026-09-11 13:00:00+00:00,20001,3,3,True,True,-1,False,,0.010417699813842773,real_btc15m_ge_2025-08-07
N15_KC_AO,30m,plain,19999,2026-09-29 01:00:00+00:00,20001,3,3,False,True,-1,False,,0.009678125381469727,real_btc15m_ge_2025-08-07
N16_BBRSI,30m,plain,7000,2025-12-31 05:30:00+00:00,20001,245,89,False,True,-1,False,,0.7787432670593262,real_btc15m_ge_2025-08-07
N16_BBRSI,30m,plain,7571,2026-01-12 03:00:00+00:00,20001,245,98,False,True,-1,False,,0.7762467861175537,real_btc15m_ge_2025-08-07
N16_BBRSI,30m,plain,7572,2026-01-12 03:30:00+00:00,20001,245,99,True,True,-1,False,,0.8030650615692139,real_btc15m_ge_2025-08-07
N16_BBRSI,30m,plain,11333,2026-03-31 12:00:00+00:00,20001,245,148,False,True,-1,False,,1.308110237121582,real_btc15m_ge_2025-08-07
N16_BBRSI,30m,plain,14024,2026-05-27 13:30:00+00:00,20001,245,178,True,True,-1,False,,2.0237162113189697,real_btc15m_ge_2025-08-07
N16_BBRSI,30m,plain,14058,2026-05-28 06:30:00+00:00,20001,245,179,True,True,-1,False,,2.0550520420074463,real_btc15m_ge_2025-08-07
N16_BBRSI,30m,plain,14348,2026-06-03 07:30:00+00:00,20001,245,187,False,True,-1,False,,1.8101325035095215,real_btc15m_ge_2025-08-07
N16_BBRSI,30m,plain,14349,2026-06-03 08:00:00+00:00,20001,245,188,True,True,-1,False,,1.8273324966430664,real_btc15m_ge_2025-08-07
N16_BBRSI,30m,plain,15666,2026-06-30 18:30:00+00:00,20001,245,195,False,True,-1,False,,1.819554328918457,real_btc15m_ge_2025-08-07
N16_BBRSI,30m,plain,19999,2026-09-29 01:00:00+00:00,20001,245,245,False,True,-1,False,,2.113818645477295,real_btc15m_ge_2025-08-07
N19_FIB_CHOP,30m,plain,7000,2025-12-31 05:30:00+00:00,20001,104,36,False,True,-1,False,,0.01047062873840332,real_btc15m_ge_2025-08-07
N19_FIB_CHOP,30m,plain,7949,2026-01-20 00:00:00+00:00,20001,104,39,True,True,-1,False,,0.02492976188659668,real_btc15m_ge_2025-08-07
N19_FIB_CHOP,30m,plain,9981,2026-03-03 08:00:00+00:00,20001,104,49,False,True,-1,False,,0.011389017105102539,real_btc15m_ge_2025-08-07
N19_FIB_CHOP,30m,plain,9982,2026-03-03 08:30:00+00:00,20001,104,50,True,True,-1,False,,0.011241674423217773,real_btc15m_ge_2025-08-07
N19_FIB_CHOP,30m,plain,10176,2026-03-07 09:30:00+00:00,20001,104,51,False,True,-1,False,,0.011417388916015625,real_btc15m_ge_2025-08-07
N19_FIB_CHOP,30m,plain,10177,2026-03-07 10:00:00+00:00,20001,104,52,True,True,-1,False,,0.011561155319213867,real_btc15m_ge_2025-08-07
N19_FIB_CHOP,30m,plain,11333,2026-03-31 12:00:00+00:00,20001,104,61,False,True,-1,False,,0.014958858489990234,real_btc15m_ge_2025-08-07
N19_FIB_CHOP,30m,plain,14846,2026-06-13 16:30:00+00:00,20001,104,84,True,True,-1,False,,0.017534732818603516,real_btc15m_ge_2025-08-07
N19_FIB_CHOP,30m,plain,15666,2026-06-30 18:30:00+00:00,20001,104,88,False,True,-1,False,,0.014783620834350586,real_btc15m_ge_2025-08-07
N19_FIB_CHOP,30m,plain,19999,2026-09-29 01:00:00+00:00,20001,104,104,False,True,-1,False,,0.01804327964782715,real_btc15m_ge_2025-08-07
N20_EMA9_CHOP,30m,plain,7000,2025-12-31 05:30:00+00:00,20001,803,261,False,True,-1,False,,0.010840415954589844,real_btc15m_ge_2025-08-07
N20_EMA9_CHOP,30m,plain,11333,2026-03-31 12:00:00+00:00,20001,803,429,False,True,-1,False,,0.012714147567749023,real_btc15m_ge_2025-08-07
N20_EMA9_CHOP,30m,plain,13391,2026-05-14 09:00:00+00:00,20001,803,513,False,True,-1,False,,0.01385951042175293,real_btc15m_ge_2025-08-07
N20_EMA9_CHOP,30m,plain,13392,2026-05-14 09:30:00+00:00,20001,803,514,True,True,-1,False,,0.014411687850952148,real_btc15m_ge_2025-08-07
N20_EMA9_CHOP,30m,plain,13639,2026-05-19 13:00:00+00:00,20001,803,520,True,True,-1,False,,0.014537572860717773,real_btc15m_ge_2025-08-07
N20_EMA9_CHOP,30m,plain,14162,2026-05-30 10:30:00+00:00,20001,803,557,False,True,-1,False,,0.014705657958984375,real_btc15m_ge_2025-08-07
N20_EMA9_CHOP,30m,plain,14163,2026-05-30 11:00:00+00:00,20001,803,558,True,True,-1,False,,0.014518499374389648,real_btc15m_ge_2025-08-07
N20_EMA9_CHOP,30m,plain,15666,2026-06-30 18:30:00+00:00,20001,803,615,False,True,-1,False,,0.015547513961791992,real_btc15m_ge_2025-08-07
N20_EMA9_CHOP,30m,plain,17049,2026-07-29 14:00:00+00:00,20001,803,673,True,True,-1,False,,0.01656174659729004,real_btc15m_ge_2025-08-07
N20_EMA9_CHOP,30m,plain,19999,2026-09-29 01:00:00+00:00,20001,803,803,False,True,-1,False,,0.018549203872680664,real_btc15m_ge_2025-08-07
V39_ALL,30m,plain,7000,2025-12-31 05:30:00+00:00,20001,708,253,False,True,-1,False,,0.26841092109680176,real_btc15m_ge_2025-08-07
V39_ALL,30m,plain,7282,2026-01-06 02:30:00+00:00,20001,708,264,False,True,-1,False,,0.3025791645050049,real_btc15m_ge_2025-08-07
V39_ALL,30m,plain,7283,2026-01-06 03:00:00+00:00,20001,708,265,True,True,-1,False,,0.34505748748779297,real_btc15m_ge_2025-08-07
V39_ALL,30m,plain,7680,2026-01-14 09:30:00+00:00,20001,708,278,True,True,-1,False,,0.40264344215393066,real_btc15m_ge_2025-08-07
V39_ALL,30m,plain,11333,2026-03-31 12:00:00+00:00,20001,708,401,False,True,-1,False,,0.6743271350860596,real_btc15m_ge_2025-08-07
V39_ALL,30m,plain,12168,2026-04-17 21:30:00+00:00,20001,708,423,True,True,-1,False,,0.48206377029418945,real_btc15m_ge_2025-08-07
V39_ALL,30m,plain,15666,2026-06-30 18:30:00+00:00,20001,708,546,False,True,-1,False,,0.7074465751647949,real_btc15m_ge_2025-08-07
V39_ALL,30m,plain,16469,2026-07-17 12:00:00+00:00,20001,708,580,False,True,-1,False,,0.9715828895568848,real_btc15m_ge_2025-08-07
V39_ALL,30m,plain,16470,2026-07-17 12:30:00+00:00,20001,708,581,True,True,-1,False,,0.8037786483764648,real_btc15m_ge_2025-08-07
V39_ALL,30m,plain,19999,2026-09-29 01:00:00+00:00,20001,708,708,False,True,-1,False,,0.9644880294799805,real_btc15m_ge_2025-08-07
OBV_S,30m,plain,7000,2025-12-31 05:30:00+00:00,20001,255,87,False,True,-1,False,,0.0553433895111084,real_btc15m_ge_2025-08-07
OBV_S,30m,plain,8714,2026-02-04 22:30:00+00:00,20001,255,106,True,True,-1,False,,0.07146024703979492,real_btc15m_ge_2025-08-07
OBV_S,30m,plain,8874,2026-02-08 06:30:00+00:00,20001,255,107,False,True,-1,False,,0.05633378028869629,real_btc15m_ge_2025-08-07
OBV_S,30m,plain,8875,2026-02-08 07:00:00+00:00,20001,255,108,True,True,-1,False,,0.06929564476013184,real_btc15m_ge_2025-08-07
OBV_S,30m,plain,11333,2026-03-31 12:00:00+00:00,20001,255,138,False,True,-1,False,,0.07984590530395508,real_btc15m_ge_2025-08-07
OBV_S,30m,plain,12857,2026-05-03 06:00:00+00:00,20001,255,156,False,True,-1,False,,0.13396644592285156,real_btc15m_ge_2025-08-07
OBV_S,30m,plain,12858,2026-05-03 06:30:00+00:00,20001,255,157,True,True,-1,False,,0.0933384895324707,real_btc15m_ge_2025-08-07
OBV_S,30m,plain,15666,2026-06-30 18:30:00+00:00,20001,255,192,False,True,-1,False,,0.14803218841552734,real_btc15m_ge_2025-08-07
OBV_S,30m,plain,19622,2026-09-21 04:30:00+00:00,20001,255,249,True,True,-1,False,,0.1658029556274414,real_btc15m_ge_2025-08-07
OBV_S,30m,plain,19999,2026-09-29 01:00:00+00:00,20001,255,255,False,True,-1,False,,0.10832071304321289,real_btc15m_ge_2025-08-07
OBV_B,30m,plain,7000,2025-12-31 05:30:00+00:00,20001,717,245,False,True,-1,False,,0.03609943389892578,real_btc15m_ge_2025-08-07
OBV_B,30m,plain,8066,2026-01-22 10:30:00+00:00,20001,717,282,False,True,-1,False,,0.04207491874694824,real_btc15m_ge_2025-08-07
OBV_B,30m,plain,8067,2026-01-22 11:00:00+00:00,20001,717,283,True,True,-1,False,,0.040891170501708984,real_btc15m_ge_2025-08-07
OBV_B,30m,plain,11333,2026-03-31 12:00:00+00:00,20001,717,403,False,True,-1,False,,0.05801534652709961,real_btc15m_ge_2025-08-07
OBV_B,30m,plain,12724,2026-04-30 11:30:00+00:00,20001,717,450,True,True,-1,False,,0.06568789482116699,real_btc15m_ge_2025-08-07
OBV_B,30m,plain,13727,2026-05-21 09:00:00+00:00,20001,717,492,True,True,-1,False,,0.07049393653869629,real_btc15m_ge_2025-08-07
OBV_B,30m,plain,15666,2026-06-30 18:30:00+00:00,20001,717,564,True,True,-1,False,,0.08735203742980957,real_btc15m_ge_2025-08-07
OBV_B,30m,plain,18199,2026-08-22 13:00:00+00:00,20001,717,656,False,True,-1,False,,0.12731170654296875,real_btc15m_ge_2025-08-07
OBV_B,30m,plain,18200,2026-08-22 13:30:00+00:00,20001,717,657,True,True,-1,False,,0.13782262802124023,real_btc15m_ge_2025-08-07
OBV_B,30m,plain,19999,2026-09-29 01:00:00+00:00,20001,717,717,False,True,-1,False,,0.11502289772033691,real_btc15m_ge_2025-08-07
V45_AMB,30m,resample,7000,2025-12-31 05:30:00+00:00,20001,264,95,False,True,-1,False,,0.18615221977233887,real_btc15m_ge_2025-08-07
V45_AMB,30m,resample,10357,2026-03-11 04:00:00+00:00,20001,264,142,True,True,-1,False,,0.2890191078186035,real_btc15m_ge_2025-08-07
V45_AMB,30m,resample,11333,2026-03-31 12:00:00+00:00,20001,264,154,False,True,-1,False,,0.4224240779876709,real_btc15m_ge_2025-08-07
V45_AMB,30m,resample,13500,2026-05-16 15:30:00+00:00,20001,264,184,False,True,-1,False,,0.3697967529296875,real_btc15m_ge_2025-08-07
V45_AMB,30m,resample,13501,2026-05-16 16:00:00+00:00,20001,264,184,False,True,-1,False,,0.3866386413574219,real_btc15m_ge_2025-08-07
V45_AMB,30m,resample,13916,2026-05-25 07:30:00+00:00,20001,264,192,False,True,-1,False,,0.5673017501831055,real_btc15m_ge_2025-08-07
V45_AMB,30m,resample,13917,2026-05-25 08:00:00+00:00,20001,264,193,True,True,-1,False,,0.5128796100616455,real_btc15m_ge_2025-08-07
V45_AMB,30m,resample,15150,2026-06-20 00:30:00+00:00,20001,264,210,True,True,-1,False,,0.6151924133300781,real_btc15m_ge_2025-08-07
V45_AMB,30m,resample,15666,2026-06-30 18:30:00+00:00,20001,264,217,False,True,-1,False,,0.5945005416870117,real_btc15m_ge_2025-08-07
V45_AMB,30m,resample,17597,2026-08-10 00:00:00+00:00,20001,264,240,False,True,-1,False,,0.6854743957519531,real_btc15m_ge_2025-08-07
V45_AMB,30m,resample,17598,2026-08-10 00:30:00+00:00,20001,264,241,True,True,-1,False,,0.5143306255340576,real_btc15m_ge_2025-08-07
V45_AMB,30m,resample,19999,2026-09-29 01:00:00+00:00,20001,264,264,False,True,-1,False,,0.5066628456115723,real_btc15m_ge_2025-08-07
V45_AMB,30m,explicit,7000,2025-12-31 05:30:00+00:00,20001,264,95,False,True,-1,False,,0.19636154174804688,real_btc15m_ge_2025-08-07
V45_AMB,30m,explicit,10357,2026-03-11 04:00:00+00:00,20001,264,142,True,True,-1,False,,0.280627965927124,real_btc15m_ge_2025-08-07
V45_AMB,30m,explicit,11333,2026-03-31 12:00:00+00:00,20001,264,154,False,True,-1,False,,0.3802816867828369,real_btc15m_ge_2025-08-07
V45_AMB,30m,explicit,13500,2026-05-16 15:30:00+00:00,20001,264,184,False,True,-1,False,,0.5433328151702881,real_btc15m_ge_2025-08-07
V45_AMB,30m,explicit,13501,2026-05-16 16:00:00+00:00,20001,264,184,False,True,-1,False,,0.3894813060760498,real_btc15m_ge_2025-08-07
V45_AMB,30m,explicit,13916,2026-05-25 07:30:00+00:00,20001,264,192,False,True,-1,False,,0.3623521327972412,real_btc15m_ge_2025-08-07
V45_AMB,30m,explicit,13917,2026-05-25 08:00:00+00:00,20001,264,193,True,True,-1,False,,0.36362600326538086,real_btc15m_ge_2025-08-07
V45_AMB,30m,explicit,15150,2026-06-20 00:30:00+00:00,20001,264,210,True,True,-1,False,,0.397796630859375,real_btc15m_ge_2025-08-07
V45_AMB,30m,explicit,15666,2026-06-30 18:30:00+00:00,20001,264,217,False,True,-1,False,,0.4179556369781494,real_btc15m_ge_2025-08-07
V45_AMB,30m,explicit,17597,2026-08-10 00:00:00+00:00,20001,264,240,False,True,-1,False,,0.49454569816589355,real_btc15m_ge_2025-08-07
V45_AMB,30m,explicit,17598,2026-08-10 00:30:00+00:00,20001,264,241,True,True,-1,False,,0.7611789703369141,real_btc15m_ge_2025-08-07
V45_AMB,30m,explicit,19999,2026-09-29 01:00:00+00:00,20001,264,264,False,True,-1,False,,0.9779922962188721,real_btc15m_ge_2025-08-07
DOGE_L,30m,plain,7000,2025-12-31 05:30:00+00:00,20001,129,42,False,True,-1,False,,0.038442134857177734,real_btc15m_ge_2025-08-07
DOGE_L,30m,plain,11333,2026-03-31 12:00:00+00:00,20001,129,70,False,True,-1,False,,0.0495450496673584,real_btc15m_ge_2025-08-07
DOGE_L,30m,plain,12912,2026-05-04 09:30:00+00:00,20001,129,87,True,True,-1,False,,0.05714225769042969,real_btc15m_ge_2025-08-07
DOGE_L,30m,plain,15666,2026-06-30 18:30:00+00:00,20001,129,98,False,True,-1,False,,0.06020998954772949,real_btc15m_ge_2025-08-07
DOGE_L,30m,plain,17978,2026-08-17 22:30:00+00:00,20001,129,107,False,True,-1,False,,0.06543374061584473,real_btc15m_ge_2025-08-07
DOGE_L,30m,plain,17979,2026-08-17 23:00:00+00:00,20001,129,108,True,True,-1,False,,0.06547999382019043,real_btc15m_ge_2025-08-07
DOGE_L,30m,plain,18079,2026-08-20 01:00:00+00:00,20001,129,109,False,True,-1,False,,0.06783270835876465,real_btc15m_ge_2025-08-07
DOGE_L,30m,plain,18080,2026-08-20 01:30:00+00:00,20001,129,110,True,True,-1,False,,0.06844949722290039,real_btc15m_ge_2025-08-07
DOGE_L,30m,plain,19304,2026-09-14 13:30:00+00:00,20001,129,122,True,True,-1,False,,0.06992316246032715,real_btc15m_ge_2025-08-07
DOGE_L,30m,plain,19999,2026-09-29 01:00:00+00:00,20001,129,129,False,True,-1,False,,0.10881614685058594,real_btc15m_ge_2025-08-07
DOGE_S,30m,plain,7000,2025-12-31 05:30:00+00:00,20001,107,36,False,True,-1,False,,0.037576913833618164,real_btc15m_ge_2025-08-07
DOGE_S,30m,plain,7369,2026-01-07 22:00:00+00:00,20001,107,37,True,True,-1,False,,0.03967094421386719,real_btc15m_ge_2025-08-07
DOGE_S,30m,plain,10107,2026-03-05 23:00:00+00:00,20001,107,57,False,True,-1,False,,0.04777884483337402,real_btc15m_ge_2025-08-07
DOGE_S,30m,plain,10108,2026-03-05 23:30:00+00:00,20001,107,58,True,True,-1,False,,0.04720282554626465,real_btc15m_ge_2025-08-07
DOGE_S,30m,plain,11333,2026-03-31 12:00:00+00:00,20001,107,67,False,True,-1,False,,0.052466392517089844,real_btc15m_ge_2025-08-07
DOGE_S,30m,plain,13378,2026-05-14 02:30:00+00:00,20001,107,77,True,True,-1,False,,0.05519580841064453,real_btc15m_ge_2025-08-07
DOGE_S,30m,plain,15666,2026-06-30 18:30:00+00:00,20001,107,91,False,True,-1,False,,0.06217455863952637,real_btc15m_ge_2025-08-07
DOGE_S,30m,plain,18694,2026-09-01 20:30:00+00:00,20001,107,99,False,True,-1,False,,0.0684366226196289,real_btc15m_ge_2025-08-07
DOGE_S,30m,plain,18695,2026-09-01 21:00:00+00:00,20001,107,100,True,True,-1,False,,0.06933164596557617,real_btc15m_ge_2025-08-07
DOGE_S,30m,plain,19999,2026-09-29 01:00:00+00:00,20001,107,107,False,True,-1,False,,0.10896658897399902,real_btc15m_ge_2025-08-07
CANARY_LOOKAHEAD,30m,plain,7000,2025-12-31 05:30:00+00:00,20001,19998,7000,True,False,7000,True,,0.00024175643920898438,real_btc15m_ge_2025-08-07
CANARY_LOOKAHEAD,30m,plain,8777,2026-02-06 06:00:00+00:00,20001,19998,8776,True,False,8777,True,,0.0001838207244873047,real_btc15m_ge_2025-08-07
CANARY_LOOKAHEAD,30m,plain,8778,2026-02-06 06:30:00+00:00,20001,19998,8777,True,False,8778,True,,0.0001761913299560547,real_btc15m_ge_2025-08-07
CANARY_LOOKAHEAD,30m,plain,11333,2026-03-31 12:00:00+00:00,20001,19998,11332,True,False,11333,True,,0.0002276897430419922,real_btc15m_ge_2025-08-07
CANARY_LOOKAHEAD,30m,plain,12446,2026-04-24 16:30:00+00:00,20001,19998,12445,True,False,12446,True,,0.00020313262939453125,real_btc15m_ge_2025-08-07
CANARY_LOOKAHEAD,30m,plain,15367,2026-06-24 13:00:00+00:00,20001,19998,15366,True,False,15367,True,,0.00027632713317871094,real_btc15m_ge_2025-08-07
CANARY_LOOKAHEAD,30m,plain,15368,2026-06-24 13:30:00+00:00,20001,19998,15367,True,False,15368,True,,0.00021147727966308594,real_btc15m_ge_2025-08-07
CANARY_LOOKAHEAD,30m,plain,15666,2026-06-30 18:30:00+00:00,20001,19998,15665,True,False,15666,True,,0.00019788742065429688,real_btc15m_ge_2025-08-07
CANARY_LOOKAHEAD,30m,plain,18012,2026-08-18 15:30:00+00:00,20001,19998,18011,True,False,18012,True,,0.0002512931823730469,real_btc15m_ge_2025-08-07
CANARY_LOOKAHEAD,30m,plain,19999,2026-09-29 01:00:00+00:00,20001,19998,19998,True,False,19999,True,,0.00022411346435546875,real_btc15m_ge_2025-08-07
CANARY_V45_CURRENT_HTF,30m,resample,7000,2025-12-31 05:30:00+00:00,20001,283,103,False,True,-1,True,,0.3607914447784424,real_btc15m_ge_2025-08-07
CANARY_V45_CURRENT_HTF,30m,resample,7345,2026-01-07 10:00:00+00:00,20001,283,105,False,True,-1,True,,0.37979602813720703,real_btc15m_ge_2025-08-07
CANARY_V45_CURRENT_HTF,30m,resample,7346,2026-01-07 10:30:00+00:00,20001,283,106,True,True,-1,True,,0.25565528869628906,real_btc15m_ge_2025-08-07
CANARY_V45_CURRENT_HTF,30m,resample,11333,2026-03-31 12:00:00+00:00,20001,283,166,False,True,-1,True,,0.36193013191223145,real_btc15m_ge_2025-08-07
CANARY_V45_CURRENT_HTF,30m,resample,13022,2026-05-06 16:30:00+00:00,20001,283,191,True,True,-1,True,,0.4284648895263672,real_btc15m_ge_2025-08-07
CANARY_V45_CURRENT_HTF,30m,resample,13500,2026-05-16 15:30:00+00:00,20001,283,200,False,True,-1,True,,0.4099125862121582,real_btc15m_ge_2025-08-07
CANARY_V45_CURRENT_HTF,30m,resample,13501,2026-05-16 16:00:00+00:00,20001,283,200,False,True,-1,True,,0.4121217727661133,real_btc15m_ge_2025-08-07
CANARY_V45_CURRENT_HTF,30m,resample,14200,2026-05-31 05:30:00+00:00,20001,283,216,True,True,-1,True,,0.46921205520629883,real_btc15m_ge_2025-08-07
CANARY_V45_CURRENT_HTF,30m,resample,15666,2026-06-30 18:30:00+00:00,20001,283,235,False,True,-1,True,,0.6709408760070801,real_btc15m_ge_2025-08-07
CANARY_V45_CURRENT_HTF,30m,resample,17096,2026-07-30 13:30:00+00:00,20001,283,257,False,True,-1,True,,0.47903919219970703,real_btc15m_ge_2025-08-07
CANARY_V45_CURRENT_HTF,30m,resample,17097,2026-07-30 14:00:00+00:00,20001,283,258,True,True,-1,True,,0.8189435005187988,real_btc15m_ge_2025-08-07
CANARY_V45_CURRENT_HTF,30m,resample,19999,2026-09-29 01:00:00+00:00,20001,283,283,False,True,-1,True,,0.6972682476043701,real_btc15m_ge_2025-08-07
CANARY_V45_CURRENT_HTF,30m,explicit,7000,2025-12-31 05:30:00+00:00,20001,283,103,False,True,-1,True,,0.1946122646331787,real_btc15m_ge_2025-08-07
CANARY_V45_CURRENT_HTF,30m,explicit,7345,2026-01-07 10:00:00+00:00,20001,283,105,False,True,-1,True,,0.22023224830627441,real_btc15m_ge_2025-08-07
CANARY_V45_CURRENT_HTF,30m,explicit,7346,2026-01-07 10:30:00+00:00,20001,283,106,True,True,-1,True,,0.21812176704406738,real_btc15m_ge_2025-08-07
CANARY_V45_CURRENT_HTF,30m,explicit,11333,2026-03-31 12:00:00+00:00,20001,283,166,False,True,-1,True,,0.3134944438934326,real_btc15m_ge_2025-08-07
CANARY_V45_CURRENT_HTF,30m,explicit,13022,2026-05-06 16:30:00+00:00,20001,283,191,True,True,-1,True,,0.3408982753753662,real_btc15m_ge_2025-08-07
CANARY_V45_CURRENT_HTF,30m,explicit,13500,2026-05-16 15:30:00+00:00,20001,283,200,False,True,-1,True,,0.4074420928955078,real_btc15m_ge_2025-08-07
CANARY_V45_CURRENT_HTF,30m,explicit,13501,2026-05-16 16:00:00+00:00,20001,283,200,False,True,-1,True,,0.4998629093170166,real_btc15m_ge_2025-08-07
CANARY_V45_CURRENT_HTF,30m,explicit,14200,2026-05-31 05:30:00+00:00,20001,283,216,True,True,-1,True,,0.5396437644958496,real_btc15m_ge_2025-08-07
CANARY_V45_CURRENT_HTF,30m,explicit,15666,2026-06-30 18:30:00+00:00,20001,283,235,False,True,-1,True,,0.5925252437591553,real_btc15m_ge_2025-08-07
CANARY_V45_CURRENT_HTF,30m,explicit,17096,2026-07-30 13:30:00+00:00,20001,283,257,False,True,-1,True,,0.6773927211761475,real_btc15m_ge_2025-08-07
CANARY_V45_CURRENT_HTF,30m,explicit,17097,2026-07-30 14:00:00+00:00,20001,283,258,True,True,-1,True,,0.41829967498779297,real_btc15m_ge_2025-08-07
CANARY_V45_CURRENT_HTF,30m,explicit,19999,2026-09-29 01:00:00+00:00,20001,283,283,False,True,-1,True,,0.5140423774719238,real_btc15m_ge_2025-08-07
V45_AMB,30m,components_explicit,7000,2025-12-31 05:30:00+00:00,20001,20000,7000,False,True,-1,False,,0.0,real_btc15m_ge_2025-08-07
V45_AMB,30m,components_explicit,8137,2026-01-23 22:00:00+00:00,20001,20000,8137,False,True,-1,False,,0.0,real_btc15m_ge_2025-08-07
V45_AMB,30m,components_explicit,9507,2026-02-21 11:00:00+00:00,20001,20000,9507,False,True,-1,False,,0.0,real_btc15m_ge_2025-08-07
V45_AMB,30m,components_explicit,9580,2026-02-22 23:30:00+00:00,20001,20000,9580,False,True,-1,False,,0.0,real_btc15m_ge_2025-08-07
V45_AMB,30m,components_explicit,9943,2026-03-02 13:00:00+00:00,20001,20000,9943,False,True,-1,False,,0.0,real_btc15m_ge_2025-08-07
V45_AMB,30m,components_explicit,9998,2026-03-03 16:30:00+00:00,20001,20000,9998,False,True,-1,False,,0.0,real_btc15m_ge_2025-08-07
V45_AMB,30m,components_explicit,11333,2026-03-31 12:00:00+00:00,20001,20000,11333,False,True,-1,False,,0.0,real_btc15m_ge_2025-08-07
V45_AMB,30m,components_explicit,13500,2026-05-16 15:30:00+00:00,20001,20000,13500,False,True,-1,False,,0.0,real_btc15m_ge_2025-08-07
V45_AMB,30m,components_explicit,13501,2026-05-16 16:00:00+00:00,20001,20000,13501,False,True,-1,False,,0.0,real_btc15m_ge_2025-08-07
V45_AMB,30m,components_explicit,15666,2026-06-30 18:30:00+00:00,20001,20000,15666,False,True,-1,False,,0.0,real_btc15m_ge_2025-08-07
V45_AMB,30m,components_explicit,16436,2026-07-16 19:30:00+00:00,20001,20000,16436,False,True,-1,False,,0.0,real_btc15m_ge_2025-08-07
V45_AMB,30m,components_explicit,19999,2026-09-29 01:00:00+00:00,20001,20000,19999,False,True,-1,False,,0.0,real_btc15m_ge_2025-08-07
V45_AMB,30m,components_resample,7000,2025-12-31 05:30:00+00:00,20001,20000,7000,False,True,-1,False,,0.0,real_btc15m_ge_2025-08-07
V45_AMB,30m,components_resample,8137,2026-01-23 22:00:00+00:00,20001,20000,8137,False,True,-1,False,,0.0,real_btc15m_ge_2025-08-07
V45_AMB,30m,components_resample,9507,2026-02-21 11:00:00+00:00,20001,20000,9507,False,True,-1,False,,0.0,real_btc15m_ge_2025-08-07
V45_AMB,30m,components_resample,9580,2026-02-22 23:30:00+00:00,20001,20000,9580,False,True,-1,False,,0.0,real_btc15m_ge_2025-08-07
V45_AMB,30m,components_resample,9943,2026-03-02 13:00:00+00:00,20001,20000,9943,False,True,-1,False,,0.0,real_btc15m_ge_2025-08-07
V45_AMB,30m,components_resample,9998,2026-03-03 16:30:00+00:00,20001,20000,9998,False,True,-1,False,,0.0,real_btc15m_ge_2025-08-07
V45_AMB,30m,components_resample,11333,2026-03-31 12:00:00+00:00,20001,20000,11333,False,True,-1,False,,0.0,real_btc15m_ge_2025-08-07
V45_AMB,30m,components_resample,13500,2026-05-16 15:30:00+00:00,20001,20000,13500,False,True,-1,False,,0.0,real_btc15m_ge_2025-08-07
V45_AMB,30m,components_resample,13501,2026-05-16 16:00:00+00:00,20001,20000,13501,False,True,-1,False,,0.0,real_btc15m_ge_2025-08-07
V45_AMB,30m,components_resample,15666,2026-06-30 18:30:00+00:00,20001,20000,15666,False,True,-1,False,,0.0,real_btc15m_ge_2025-08-07
V45_AMB,30m,components_resample,16436,2026-07-16 19:30:00+00:00,20001,20000,16436,False,True,-1,False,,0.0,real_btc15m_ge_2025-08-07
V45_AMB,30m,components_resample,19999,2026-09-29 01:00:00+00:00,20001,20000,19999,False,True,-1,False,,0.0,real_btc15m_ge_2025-08-07
CANARY_V45_CURRENT_HTF,30m,components_explicit,7000,2025-12-31 05:30:00+00:00,20001,20001,7001,False,False,6997,True,,0.0,real_btc15m_ge_2025-08-07
CANARY_V45_CURRENT_HTF,30m,components_explicit,8380,2026-01-28 23:30:00+00:00,20001,20001,8381,False,False,8377,True,,0.0,real_btc15m_ge_2025-08-07
CANARY_V45_CURRENT_HTF,30m,components_explicit,9332,2026-02-17 19:30:00+00:00,20001,20001,9333,False,False,9329,True,,0.0,real_btc15m_ge_2025-08-07
CANARY_V45_CURRENT_HTF,30m,components_explicit,11333,2026-03-31 12:00:00+00:00,20001,20001,11334,False,False,11333,True,,0.0,real_btc15m_ge_2025-08-07
CANARY_V45_CURRENT_HTF,30m,components_explicit,11498,2026-04-03 22:30:00+00:00,20001,20001,11499,False,False,11497,True,,0.0,real_btc15m_ge_2025-08-07
CANARY_V45_CURRENT_HTF,30m,components_explicit,11720,2026-04-08 13:30:00+00:00,20001,20001,11721,False,False,11717,True,,0.0,real_btc15m_ge_2025-08-07
CANARY_V45_CURRENT_HTF,30m,components_explicit,12132,2026-04-17 03:30:00+00:00,20001,20001,12133,False,False,12129,True,,0.0,real_btc15m_ge_2025-08-07
CANARY_V45_CURRENT_HTF,30m,components_explicit,13500,2026-05-16 15:30:00+00:00,20001,20001,13501,False,False,13497,True,,0.0,real_btc15m_ge_2025-08-07
CANARY_V45_CURRENT_HTF,30m,components_explicit,13501,2026-05-16 16:00:00+00:00,20001,20001,13502,False,False,13501,True,,0.0,real_btc15m_ge_2025-08-07
CANARY_V45_CURRENT_HTF,30m,components_explicit,15666,2026-06-30 18:30:00+00:00,20001,20001,15667,False,False,15665,True,,0.0,real_btc15m_ge_2025-08-07
CANARY_V45_CURRENT_HTF,30m,components_explicit,18829,2026-09-04 16:00:00+00:00,20001,20001,18830,False,False,18829,True,,0.0,real_btc15m_ge_2025-08-07
CANARY_V45_CURRENT_HTF,30m,components_explicit,19999,2026-09-29 01:00:00+00:00,20001,20001,20000,False,False,19997,True,,0.0,real_btc15m_ge_2025-08-07
CANARY_V45_CURRENT_HTF,30m,components_resample,7000,2025-12-31 05:30:00+00:00,20001,20001,7001,False,True,-1,True,,0.0,real_btc15m_ge_2025-08-07
CANARY_V45_CURRENT_HTF,30m,components_resample,8380,2026-01-28 23:30:00+00:00,20001,20001,8381,False,True,-1,True,,0.0,real_btc15m_ge_2025-08-07
CANARY_V45_CURRENT_HTF,30m,components_resample,9332,2026-02-17 19:30:00+00:00,20001,20001,9333,False,True,-1,True,,0.0,real_btc15m_ge_2025-08-07
CANARY_V45_CURRENT_HTF,30m,components_resample,11333,2026-03-31 12:00:00+00:00,20001,20001,11334,False,False,11333,True,,0.0,real_btc15m_ge_2025-08-07
CANARY_V45_CURRENT_HTF,30m,components_resample,11498,2026-04-03 22:30:00+00:00,20001,20001,11499,False,True,-1,True,,0.0,real_btc15m_ge_2025-08-07
CANARY_V45_CURRENT_HTF,30m,components_resample,11720,2026-04-08 13:30:00+00:00,20001,20001,11721,False,True,-1,True,,0.0,real_btc15m_ge_2025-08-07
CANARY_V45_CURRENT_HTF,30m,components_resample,12132,2026-04-17 03:30:00+00:00,20001,20001,12133,False,True,-1,True,,0.0,real_btc15m_ge_2025-08-07
CANARY_V45_CURRENT_HTF,30m,components_resample,13500,2026-05-16 15:30:00+00:00,20001,20001,13501,False,True,-1,True,,0.0,real_btc15m_ge_2025-08-07
CANARY_V45_CURRENT_HTF,30m,components_resample,13501,2026-05-16 16:00:00+00:00,20001,20001,13502,False,True,-1,True,,0.0,real_btc15m_ge_2025-08-07
CANARY_V45_CURRENT_HTF,30m,components_resample,15666,2026-06-30 18:30:00+00:00,20001,20001,15667,False,True,-1,True,,0.0,real_btc15m_ge_2025-08-07
CANARY_V45_CURRENT_HTF,30m,components_resample,18829,2026-09-04 16:00:00+00:00,20001,20001,18830,False,True,-1,True,,0.0,real_btc15m_ge_2025-08-07
CANARY_V45_CURRENT_HTF,30m,components_resample,19999,2026-09-29 01:00:00+00:00,20001,20001,20000,False,True,-1,True,,0.0,real_btc15m_ge_2025-08-07
S2_ST_ROC,1h,plain,3500,2025-12-31 05:00:00+00:00,10001,859,302,False,True,-1,False,,0.014434337615966797,real_btc15m_ge_2025-08-07
S2_ST_ROC,1h,plain,5666,2026-03-31 11:00:00+00:00,10001,859,478,False,True,-1,False,,0.03253364562988281,real_btc15m_ge_2025-08-07
S2_ST_ROC,1h,plain,7503,2026-06-17 00:00:00+00:00,10001,859,648,False,True,-1,False,,0.035722970962524414,real_btc15m_ge_2025-08-07
S2_ST_ROC,1h,plain,7504,2026-06-17 01:00:00+00:00,10001,859,649,True,True,-1,False,,0.02875995635986328,real_btc15m_ge_2025-08-07
S2_ST_ROC,1h,plain,7832,2026-06-30 17:00:00+00:00,10001,859,680,False,True,-1,False,,0.0296628475189209,real_btc15m_ge_2025-08-07
S2_ST_ROC,1h,plain,7863,2026-07-02 00:00:00+00:00,10001,859,683,True,True,-1,False,,0.0298764705657959,real_btc15m_ge_2025-08-07
S2_ST_ROC,1h,plain,9334,2026-09-01 07:00:00+00:00,10001,859,802,True,True,-1,False,,0.03595376014709473,real_btc15m_ge_2025-08-07
S2_ST_ROC,1h,plain,9587,2026-09-11 20:00:00+00:00,10001,859,825,False,True,-1,False,,0.03705477714538574,real_btc15m_ge_2025-08-07
S2_ST_ROC,1h,plain,9588,2026-09-11 21:00:00+00:00,10001,859,826,True,True,-1,False,,0.038227081298828125,real_btc15m_ge_2025-08-07
S2_ST_ROC,1h,plain,9999,2026-09-29 00:00:00+00:00,10001,859,859,True,True,-1,False,,0.04837799072265625,real_btc15m_ge_2025-08-07
S5_DONCHIAN_MFI,1h,plain,3500,2025-12-31 05:00:00+00:00,10001,23,11,False,True,-1,False,,0.006478309631347656,real_btc15m_ge_2025-08-07
S5_DONCHIAN_MFI,1h,plain,4014,2026-01-21 15:00:00+00:00,10001,23,11,False,True,-1,False,,0.005800485610961914,real_btc15m_ge_2025-08-07
S5_DONCHIAN_MFI,1h,plain,4015,2026-01-21 16:00:00+00:00,10001,23,12,True,True,-1,False,,0.005244016647338867,real_btc15m_ge_2025-08-07
S5_DONCHIAN_MFI,1h,plain,5666,2026-03-31 11:00:00+00:00,10001,23,13,False,True,-1,False,,0.00485539436340332,real_btc15m_ge_2025-08-07
S5_DONCHIAN_MFI,1h,plain,5979,2026-04-13 12:00:00+00:00,10001,23,13,False,True,-1,False,,0.006487607955932617,real_btc15m_ge_2025-08-07
S5_DONCHIAN_MFI,1h,plain,5980,2026-04-13 13:00:00+00:00,10001,23,14,True,True,-1,False,,0.0047152042388916016,real_btc15m_ge_2025-08-07
S5_DONCHIAN_MFI,1h,plain,6058,2026-04-16 19:00:00+00:00,10001,23,15,True,True,-1,False,,0.0054814815521240234,real_btc15m_ge_2025-08-07
S5_DONCHIAN_MFI,1h,plain,7832,2026-06-30 17:00:00+00:00,10001,23,18,False,True,-1,False,,0.006464242935180664,real_btc15m_ge_2025-08-07
S5_DONCHIAN_MFI,1h,plain,9973,2026-09-27 22:00:00+00:00,10001,23,23,True,True,-1,False,,0.006549358367919922,real_btc15m_ge_2025-08-07
S5_DONCHIAN_MFI,1h,plain,9999,2026-09-29 00:00:00+00:00,10001,23,23,False,True,-1,False,,0.005877017974853516,real_btc15m_ge_2025-08-07
S6_EMA_DMI_ADX,1h,plain,3500,2025-12-31 05:00:00+00:00,10001,101,30,False,True,-1,False,,0.005300283432006836,real_btc15m_ge_2025-08-07
S6_EMA_DMI_ADX,1h,plain,4927,2026-02-28 16:00:00+00:00,10001,101,39,False,True,-1,False,,0.006360530853271484,real_btc15m_ge_2025-08-07
S6_EMA_DMI_ADX,1h,plain,4928,2026-02-28 17:00:00+00:00,10001,101,40,True,True,-1,False,,0.005972146987915039,real_btc15m_ge_2025-08-07
S6_EMA_DMI_ADX,1h,plain,5666,2026-03-31 11:00:00+00:00,10001,101,46,False,True,-1,False,,0.0058901309967041016,real_btc15m_ge_2025-08-07
S6_EMA_DMI_ADX,1h,plain,6795,2026-05-18 12:00:00+00:00,10001,101,64,True,True,-1,False,,0.006598949432373047,real_btc15m_ge_2025-08-07
S6_EMA_DMI_ADX,1h,plain,7832,2026-06-30 17:00:00+00:00,10001,101,77,False,True,-1,False,,0.007741212844848633,real_btc15m_ge_2025-08-07
S6_EMA_DMI_ADX,1h,plain,8812,2026-08-10 13:00:00+00:00,10001,101,87,True,True,-1,False,,0.008393526077270508,real_btc15m_ge_2025-08-07
S6_EMA_DMI_ADX,1h,plain,9893,2026-09-24 14:00:00+00:00,10001,101,100,False,True,-1,False,,0.008028030395507812,real_btc15m_ge_2025-08-07
S6_EMA_DMI_ADX,1h,plain,9894,2026-09-24 15:00:00+00:00,10001,101,101,True,True,-1,False,,0.008324146270751953,real_btc15m_ge_2025-08-07
S6_EMA_DMI_ADX,1h,plain,9999,2026-09-29 00:00:00+00:00,10001,101,101,False,True,-1,False,,0.008950948715209961,real_btc15m_ge_2025-08-07
N01_ST_EMA,1h,plain,3500,2025-12-31 05:00:00+00:00,10001,289,106,False,True,-1,False,,0.01798105239868164,real_btc15m_ge_2025-08-07
N01_ST_EMA,1h,plain,5336,2026-03-17 17:00:00+00:00,10001,289,157,True,True,-1,False,,0.02530813217163086,real_btc15m_ge_2025-08-07
N01_ST_EMA,1h,plain,5474,2026-03-23 11:00:00+00:00,10001,289,160,False,True,-1,False,,0.02463221549987793,real_btc15m_ge_2025-08-07
N01_ST_EMA,1h,plain,5475,2026-03-23 12:00:00+00:00,10001,289,161,True,True,-1,False,,0.02460503578186035,real_btc15m_ge_2025-08-07
N01_ST_EMA,1h,plain,5663,2026-03-31 08:00:00+00:00,10001,289,168,True,True,-1,False,,0.026362180709838867,real_btc15m_ge_2025-08-07
N01_ST_EMA,1h,plain,5666,2026-03-31 11:00:00+00:00,10001,289,168,False,True,-1,False,,0.02570343017578125,real_btc15m_ge_2025-08-07
N01_ST_EMA,1h,plain,7832,2026-06-30 17:00:00+00:00,10001,289,230,False,True,-1,False,,0.03520703315734863,real_btc15m_ge_2025-08-07
N01_ST_EMA,1h,plain,8116,2026-07-12 13:00:00+00:00,10001,289,237,False,True,-1,False,,0.034693241119384766,real_btc15m_ge_2025-08-07
N01_ST_EMA,1h,plain,8117,2026-07-12 14:00:00+00:00,10001,289,238,True,True,-1,False,,0.034368038177490234,real_btc15m_ge_2025-08-07
N01_ST_EMA,1h,plain,9999,2026-09-29 00:00:00+00:00,10001,289,289,False,True,-1,False,,0.04237794876098633,real_btc15m_ge_2025-08-07
N02_ST_KST,1h,plain,3500,2025-12-31 05:00:00+00:00,10001,254,92,False,True,-1,False,,0.016869068145751953,real_btc15m_ge_2025-08-07
N02_ST_KST,1h,plain,5666,2026-03-31 11:00:00+00:00,10001,254,151,False,True,-1,False,,0.02583003044128418,real_btc15m_ge_2025-08-07
N02_ST_KST,1h,plain,6342,2026-04-29 15:00:00+00:00,10001,254,168,False,True,-1,False,,0.02700519561767578,real_btc15m_ge_2025-08-07
N02_ST_KST,1h,plain,6343,2026-04-29 16:00:00+00:00,10001,254,169,True,True,-1,False,,0.02720355987548828,real_btc15m_ge_2025-08-07
N02_ST_KST,1h,plain,6488,2026-05-05 17:00:00+00:00,10001,254,172,False,True,-1,False,,0.028629779815673828,real_btc15m_ge_2025-08-07
N02_ST_KST,1h,plain,6489,2026-05-05 18:00:00+00:00,10001,254,173,True,True,-1,False,,0.028625965118408203,real_btc15m_ge_2025-08-07
N02_ST_KST,1h,plain,6865,2026-05-21 10:00:00+00:00,10001,254,182,True,True,-1,False,,0.03055095672607422,real_btc15m_ge_2025-08-07
N02_ST_KST,1h,plain,7008,2026-05-27 09:00:00+00:00,10001,254,186,True,True,-1,False,,0.03191208839416504,real_btc15m_ge_2025-08-07
N02_ST_KST,1h,plain,7832,2026-06-30 17:00:00+00:00,10001,254,204,False,True,-1,False,,0.03606748580932617,real_btc15m_ge_2025-08-07
N02_ST_KST,1h,plain,9999,2026-09-29 00:00:00+00:00,10001,254,254,False,True,-1,False,,0.0422060489654541,real_btc15m_ge_2025-08-07
N03_ADX_GC,1h,plain,3500,2025-12-31 05:00:00+00:00,10001,10,3,False,True,-1,False,,0.005274772644042969,real_btc15m_ge_2025-08-07
N03_ADX_GC,1h,plain,5666,2026-03-31 11:00:00+00:00,10001,10,4,False,True,-1,False,,0.006192445755004883,real_btc15m_ge_2025-08-07
N03_ADX_GC,1h,plain,6727,2026-05-15 16:00:00+00:00,10001,10,6,True,True,-1,False,,0.005599260330200195,real_btc15m_ge_2025-08-07
N03_ADX_GC,1h,plain,7543,2026-06-18 16:00:00+00:00,10001,10,6,False,True,-1,False,,0.005816459655761719,real_btc15m_ge_2025-08-07
N03_ADX_GC,1h,plain,7544,2026-06-18 17:00:00+00:00,10001,10,7,True,True,-1,False,,0.005760669708251953,real_btc15m_ge_2025-08-07
N03_ADX_GC,1h,plain,7832,2026-06-30 17:00:00+00:00,10001,10,7,False,True,-1,False,,0.005754232406616211,real_btc15m_ge_2025-08-07
N03_ADX_GC,1h,plain,8167,2026-07-14 16:00:00+00:00,10001,10,8,True,True,-1,False,,0.006273746490478516,real_btc15m_ge_2025-08-07
N03_ADX_GC,1h,plain,8487,2026-07-28 00:00:00+00:00,10001,10,8,False,True,-1,False,,0.005680084228515625,real_btc15m_ge_2025-08-07
N03_ADX_GC,1h,plain,8488,2026-07-28 01:00:00+00:00,10001,10,9,True,True,-1,False,,0.005736827850341797,real_btc15m_ge_2025-08-07
N03_ADX_GC,1h,plain,9999,2026-09-29 00:00:00+00:00,10001,10,10,False,True,-1,False,,0.006103992462158203,real_btc15m_ge_2025-08-07
N07_ICHI_CMO,1h,plain,3500,2025-12-31 05:00:00+00:00,10001,103,40,False,True,-1,False,,0.004741191864013672,real_btc15m_ge_2025-08-07
N07_ICHI_CMO,1h,plain,4340,2026-02-04 05:00:00+00:00,10001,103,49,False,True,-1,False,,0.005143404006958008,real_btc15m_ge_2025-08-07
N07_ICHI_CMO,1h,plain,4341,2026-02-04 06:00:00+00:00,10001,103,50,True,True,-1,False,,0.005052328109741211,real_btc15m_ge_2025-08-07
N07_ICHI_CMO,1h,plain,5666,2026-03-31 11:00:00+00:00,10001,103,62,False,True,-1,False,,0.005263328552246094,real_btc15m_ge_2025-08-07
N07_ICHI_CMO,1h,plain,7219,2026-06-05 04:00:00+00:00,10001,103,79,True,True,-1,False,,0.0064239501953125,real_btc15m_ge_2025-08-07
N07_ICHI_CMO,1h,plain,7832,2026-06-30 17:00:00+00:00,10001,103,84,False,True,-1,False,,0.0060350894927978516,real_btc15m_ge_2025-08-07
N07_ICHI_CMO,1h,plain,8737,2026-08-07 10:00:00+00:00,10001,103,91,True,True,-1,False,,0.006180286407470703,real_btc15m_ge_2025-08-07
N07_ICHI_CMO,1h,plain,8953,2026-08-16 10:00:00+00:00,10001,103,93,False,True,-1,False,,0.006209611892700195,real_btc15m_ge_2025-08-07
N07_ICHI_CMO,1h,plain,8954,2026-08-16 11:00:00+00:00,10001,103,94,True,True,-1,False,,0.006177663803100586,real_btc15m_ge_2025-08-07
N07_ICHI_CMO,1h,plain,9999,2026-09-29 00:00:00+00:00,10001,103,103,False,True,-1,False,,0.006765604019165039,real_btc15m_ge_2025-08-07
N08_ICHI_WR,1h,plain,3500,2025-12-31 05:00:00+00:00,10001,8,1,False,True,-1,False,,0.003951549530029297,real_btc15m_ge_2025-08-07
N08_ICHI_WR,1h,plain,4163,2026-01-27 20:00:00+00:00,10001,8,1,False,True,-1,False,,0.004122018814086914,real_btc15m_ge_2025-08-07
N08_ICHI_WR,1h,plain,4164,2026-01-27 21:00:00+00:00,10001,8,2,True,True,-1,False,,0.0041408538818359375,real_btc15m_ge_2025-08-07
N08_ICHI_WR,1h,plain,5666,2026-03-31 11:00:00+00:00,10001,8,4,False,True,-1,False,,0.004599332809448242,real_btc15m_ge_2025-08-07
N08_ICHI_WR,1h,plain,5759,2026-04-04 08:00:00+00:00,10001,8,5,True,True,-1,False,,0.004732847213745117,real_btc15m_ge_2025-08-07
N08_ICHI_WR,1h,plain,6816,2026-05-19 09:00:00+00:00,10001,8,6,True,True,-1,False,,0.004967927932739258,real_btc15m_ge_2025-08-07
N08_ICHI_WR,1h,plain,7832,2026-06-30 17:00:00+00:00,10001,8,6,False,True,-1,False,,0.005277872085571289,real_btc15m_ge_2025-08-07
N08_ICHI_WR,1h,plain,8808,2026-08-10 09:00:00+00:00,10001,8,7,False,True,-1,False,,0.005777120590209961,real_btc15m_ge_2025-08-07
N08_ICHI_WR,1h,plain,8809,2026-08-10 10:00:00+00:00,10001,8,8,True,True,-1,False,,0.005692720413208008,real_btc15m_ge_2025-08-07
N08_ICHI_WR,1h,plain,9999,2026-09-29 00:00:00+00:00,10001,8,8,False,True,-1,False,,0.006371021270751953,real_btc15m_ge_2025-08-07
N09_ALLIG_AROON,1h,plain,3500,2025-12-31 05:00:00+00:00,10001,149,48,False,True,-1,False,,0.003075838088989258,real_btc15m_ge_2025-08-07
N09_ALLIG_AROON,1h,plain,5666,2026-03-31 11:00:00+00:00,10001,149,77,False,True,-1,False,,0.0039217472076416016,real_btc15m_ge_2025-08-07
N09_ALLIG_AROON,1h,plain,6284,2026-04-27 05:00:00+00:00,10001,149,92,False,True,-1,False,,0.004332542419433594,real_btc15m_ge_2025-08-07
N09_ALLIG_AROON,1h,plain,6285,2026-04-27 06:00:00+00:00,10001,149,93,True,True,-1,False,,0.004144191741943359,real_btc15m_ge_2025-08-07
N09_ALLIG_AROON,1h,plain,6675,2026-05-13 12:00:00+00:00,10001,149,100,True,True,-1,False,,0.0043888092041015625,real_btc15m_ge_2025-08-07
N09_ALLIG_AROON,1h,plain,7453,2026-06-14 22:00:00+00:00,10001,149,111,True,True,-1,False,,0.004521608352661133,real_btc15m_ge_2025-08-07
N09_ALLIG_AROON,1h,plain,7832,2026-06-30 17:00:00+00:00,10001,149,114,False,True,-1,False,,0.004803180694580078,real_btc15m_ge_2025-08-07
N09_ALLIG_AROON,1h,plain,8644,2026-08-03 13:00:00+00:00,10001,149,128,False,True,-1,False,,0.0049250125885009766,real_btc15m_ge_2025-08-07
N09_ALLIG_AROON,1h,plain,8645,2026-08-03 14:00:00+00:00,10001,149,129,True,True,-1,False,,0.0049092769622802734,real_btc15m_ge_2025-08-07
N09_ALLIG_AROON,1h,plain,9999,2026-09-29 00:00:00+00:00,10001,149,149,False,True,-1,False,,0.005131959915161133,real_btc15m_ge_2025-08-07
N10_HA_PSAR,1h,plain,3500,2025-12-31 05:00:00+00:00,10001,335,103,False,True,-1,False,,0.007119417190551758,real_btc15m_ge_2025-08-07
N10_HA_PSAR,1h,plain,3601,2026-01-04 10:00:00+00:00,10001,335,106,True,True,-1,False,,0.007764101028442383,real_btc15m_ge_2025-08-07
N10_HA_PSAR,1h,plain,4294,2026-02-02 07:00:00+00:00,10001,335,125,False,True,-1,False,,0.007905960083007812,real_btc15m_ge_2025-08-07
N10_HA_PSAR,1h,plain,4295,2026-02-02 08:00:00+00:00,10001,335,126,True,True,-1,False,,0.008028745651245117,real_btc15m_ge_2025-08-07
N10_HA_PSAR,1h,plain,5059,2026-03-06 04:00:00+00:00,10001,335,160,True,True,-1,False,,0.00867462158203125,real_btc15m_ge_2025-08-07
N10_HA_PSAR,1h,plain,5666,2026-03-31 11:00:00+00:00,10001,335,190,False,True,-1,False,,0.009181499481201172,real_btc15m_ge_2025-08-07
N10_HA_PSAR,1h,plain,7832,2026-06-30 17:00:00+00:00,10001,335,267,False,True,-1,False,,0.011641740798950195,real_btc15m_ge_2025-08-07
N10_HA_PSAR,1h,plain,9934,2026-09-26 07:00:00+00:00,10001,335,330,False,True,-1,False,,0.01383066177368164,real_btc15m_ge_2025-08-07
N10_HA_PSAR,1h,plain,9935,2026-09-26 08:00:00+00:00,10001,335,331,True,True,-1,False,,0.013829708099365234,real_btc15m_ge_2025-08-07
N10_HA_PSAR,1h,plain,9999,2026-09-29 00:00:00+00:00,10001,335,334,False,True,-1,False,,0.014372587203979492,real_btc15m_ge_2025-08-07
N12_ICHI_AO,1h,plain,3500,2025-12-31 05:00:00+00:00,10001,119,52,False,True,-1,False,,0.003933906555175781,real_btc15m_ge_2025-08-07
N12_ICHI_AO,1h,plain,4688,2026-02-18 17:00:00+00:00,10001,119,66,True,True,-1,False,,0.004183053970336914,real_btc15m_ge_2025-08-07
N12_ICHI_AO,1h,plain,5666,2026-03-31 11:00:00+00:00,10001,119,75,False,True,-1,False,,0.004393815994262695,real_btc15m_ge_2025-08-07
N12_ICHI_AO,1h,plain,5780,2026-04-05 05:00:00+00:00,10001,119,76,False,True,-1,False,,0.004516124725341797,real_btc15m_ge_2025-08-07
N12_ICHI_AO,1h,plain,5781,2026-04-05 06:00:00+00:00,10001,119,77,True,True,-1,False,,0.0044116973876953125,real_btc15m_ge_2025-08-07
N12_ICHI_AO,1h,plain,7832,2026-06-30 17:00:00+00:00,10001,119,93,False,True,-1,False,,0.004973411560058594,real_btc15m_ge_2025-08-07
N12_ICHI_AO,1h,plain,8599,2026-08-01 16:00:00+00:00,10001,119,99,False,True,-1,False,,0.005303382873535156,real_btc15m_ge_2025-08-07
N12_ICHI_AO,1h,plain,8600,2026-08-01 17:00:00+00:00,10001,119,100,True,True,-1,False,,0.005448579788208008,real_btc15m_ge_2025-08-07
N12_ICHI_AO,1h,plain,9241,2026-08-28 10:00:00+00:00,10001,119,109,True,True,-1,False,,0.005588054656982422,real_btc15m_ge_2025-08-07
N12_ICHI_AO,1h,plain,9999,2026-09-29 00:00:00+00:00,10001,119,119,False,True,-1,False,,0.006123542785644531,real_btc15m_ge_2025-08-07
N14_ICHI_RSI,1h,plain,3500,2025-12-31 05:00:00+00:00,10001,0,0,False,True,-1,False,,0.0054814815521240234,real_btc15m_ge_2025-08-07
N14_ICHI_RSI,1h,plain,5666,2026-03-31 11:00:00+00:00,10001,0,0,False,True,-1,False,,0.006171464920043945,real_btc15m_ge_2025-08-07
N14_ICHI_RSI,1h,plain,7832,2026-06-30 17:00:00+00:00,10001,0,0,False,True,-1,False,,0.006711006164550781,real_btc15m_ge_2025-08-07
N14_ICHI_RSI,1h,plain,9999,2026-09-29 00:00:00+00:00,10001,0,0,False,True,-1,False,,0.009184598922729492,real_btc15m_ge_2025-08-07
N17_KC_RSI,1h,plain,3500,2025-12-31 05:00:00+00:00,10001,1569,579,False,True,-1,False,,0.004977703094482422,real_btc15m_ge_2025-08-07
N17_KC_RSI,1h,plain,4365,2026-02-05 06:00:00+00:00,10001,1569,732,True,True,-1,False,,0.006746053695678711,real_btc15m_ge_2025-08-07
N17_KC_RSI,1h,plain,5666,2026-03-31 11:00:00+00:00,10001,1569,945,False,True,-1,False,,0.005651712417602539,real_btc15m_ge_2025-08-07
N17_KC_RSI,1h,plain,6900,2026-05-22 21:00:00+00:00,10001,1569,1107,True,True,-1,False,,0.0055882930755615234,real_btc15m_ge_2025-08-07
N17_KC_RSI,1h,plain,6901,2026-05-22 22:00:00+00:00,10001,1569,1108,True,True,-1,False,,0.0058405399322509766,real_btc15m_ge_2025-08-07
N17_KC_RSI,1h,plain,7689,2026-06-24 18:00:00+00:00,10001,1569,1235,True,True,-1,False,,0.0056781768798828125,real_btc15m_ge_2025-08-07
N17_KC_RSI,1h,plain,7832,2026-06-30 17:00:00+00:00,10001,1569,1250,True,True,-1,False,,0.006756305694580078,real_btc15m_ge_2025-08-07
N17_KC_RSI,1h,plain,9007,2026-08-18 16:00:00+00:00,10001,1569,1398,True,True,-1,False,,0.006390810012817383,real_btc15m_ge_2025-08-07
N17_KC_RSI,1h,plain,9008,2026-08-18 17:00:00+00:00,10001,1569,1399,True,True,-1,False,,0.006884098052978516,real_btc15m_ge_2025-08-07
N17_KC_RSI,1h,plain,9999,2026-09-29 00:00:00+00:00,10001,1569,1569,False,True,-1,False,,0.007044792175292969,real_btc15m_ge_2025-08-07
N18_VWMA_MACD,1h,plain,3500,2025-12-31 05:00:00+00:00,10001,860,294,False,True,-1,False,,0.0037317276000976562,real_btc15m_ge_2025-08-07
N18_VWMA_MACD,1h,plain,4483,2026-02-10 04:00:00+00:00,10001,860,398,True,True,-1,False,,0.0043184757232666016,real_btc15m_ge_2025-08-07
N18_VWMA_MACD,1h,plain,4484,2026-02-10 05:00:00+00:00,10001,860,399,True,True,-1,False,,0.003698110580444336,real_btc15m_ge_2025-08-07
N18_VWMA_MACD,1h,plain,5666,2026-03-31 11:00:00+00:00,10001,860,524,False,True,-1,False,,0.004010915756225586,real_btc15m_ge_2025-08-07
N18_VWMA_MACD,1h,plain,6605,2026-05-10 14:00:00+00:00,10001,860,582,True,True,-1,False,,0.003893136978149414,real_btc15m_ge_2025-08-07
N18_VWMA_MACD,1h,plain,7832,2026-06-30 17:00:00+00:00,10001,860,705,False,True,-1,False,,0.0044209957122802734,real_btc15m_ge_2025-08-07
N18_VWMA_MACD,1h,plain,8837,2026-08-11 14:00:00+00:00,10001,860,773,False,True,-1,False,,0.004614114761352539,real_btc15m_ge_2025-08-07
N18_VWMA_MACD,1h,plain,8838,2026-08-11 15:00:00+00:00,10001,860,774,True,True,-1,False,,0.004511117935180664,real_btc15m_ge_2025-08-07
N18_VWMA_MACD,1h,plain,9461,2026-09-06 14:00:00+00:00,10001,860,825,True,True,-1,False,,0.005014181137084961,real_btc15m_ge_2025-08-07
N18_VWMA_MACD,1h,plain,9999,2026-09-29 00:00:00+00:00,10001,860,860,False,True,-1,False,,0.006116628646850586,real_btc15m_ge_2025-08-07
N21_ST_RSI_ADX,1h,plain,3500,2025-12-31 05:00:00+00:00,10001,0,0,False,True,-1,False,,0.02599334716796875,real_btc15m_ge_2025-08-07
N21_ST_RSI_ADX,1h,plain,5666,2026-03-31 11:00:00+00:00,10001,0,0,False,True,-1,False,,0.03133797645568848,real_btc15m_ge_2025-08-07
N21_ST_RSI_ADX,1h,plain,7832,2026-06-30 17:00:00+00:00,10001,0,0,False,True,-1,False,,0.03711700439453125,real_btc15m_ge_2025-08-07
N21_ST_RSI_ADX,1h,plain,9999,2026-09-29 00:00:00+00:00,10001,0,0,False,True,-1,False,,0.046814680099487305,real_btc15m_ge_2025-08-07
N22_VORTEX_PSAR,1h,plain,3500,2025-12-31 05:00:00+00:00,10001,690,254,True,True,-1,False,,0.005530118942260742,real_btc15m_ge_2025-08-07
N22_VORTEX_PSAR,1h,plain,4077,2026-01-24 06:00:00+00:00,10001,690,293,True,True,-1,False,,0.0063762664794921875,real_btc15m_ge_2025-08-07
N22_VORTEX_PSAR,1h,plain,5131,2026-03-09 04:00:00+00:00,10001,690,360,True,True,-1,False,,0.008287429809570312,real_btc15m_ge_2025-08-07
N22_VORTEX_PSAR,1h,plain,5666,2026-03-31 11:00:00+00:00,10001,690,389,False,True,-1,False,,0.008639097213745117,real_btc15m_ge_2025-08-07
N22_VORTEX_PSAR,1h,plain,6612,2026-05-10 21:00:00+00:00,10001,690,458,True,True,-1,False,,0.009592294692993164,real_btc15m_ge_2025-08-07
N22_VORTEX_PSAR,1h,plain,6613,2026-05-10 22:00:00+00:00,10001,690,459,True,True,-1,False,,0.009290218353271484,real_btc15m_ge_2025-08-07
N22_VORTEX_PSAR,1h,plain,7832,2026-06-30 17:00:00+00:00,10001,690,545,False,True,-1,False,,0.010686159133911133,real_btc15m_ge_2025-08-07
N22_VORTEX_PSAR,1h,plain,8194,2026-07-15 19:00:00+00:00,10001,690,574,False,True,-1,False,,0.010934591293334961,real_btc15m_ge_2025-08-07
N22_VORTEX_PSAR,1h,plain,8195,2026-07-15 20:00:00+00:00,10001,690,575,True,True,-1,False,,0.011676549911499023,real_btc15m_ge_2025-08-07
N22_VORTEX_PSAR,1h,plain,9999,2026-09-29 00:00:00+00:00,10001,690,689,False,True,-1,False,,0.013821840286254883,real_btc15m_ge_2025-08-07
N23_HA_ST,1h,plain,3500,2025-12-31 05:00:00+00:00,10001,922,312,False,True,-1,False,,0.02157139778137207,real_btc15m_ge_2025-08-07
N23_HA_ST,1h,plain,5666,2026-03-31 11:00:00+00:00,10001,922,526,False,True,-1,False,,0.030153989791870117,real_btc15m_ge_2025-08-07
N23_HA_ST,1h,plain,5761,2026-04-04 10:00:00+00:00,10001,922,532,False,True,-1,False,,0.030085325241088867,real_btc15m_ge_2025-08-07
N23_HA_ST,1h,plain,5762,2026-04-04 11:00:00+00:00,10001,922,533,True,True,-1,False,,0.03757452964782715,real_btc15m_ge_2025-08-07
N23_HA_ST,1h,plain,7291,2026-06-08 04:00:00+00:00,10001,922,683,False,True,-1,False,,0.04901909828186035,real_btc15m_ge_2025-08-07
N23_HA_ST,1h,plain,7292,2026-06-08 05:00:00+00:00,10001,922,684,True,True,-1,False,,0.05613279342651367,real_btc15m_ge_2025-08-07
N23_HA_ST,1h,plain,7832,2026-06-30 17:00:00+00:00,10001,922,729,False,True,-1,False,,0.039865970611572266,real_btc15m_ge_2025-08-07
N23_HA_ST,1h,plain,7846,2026-07-01 07:00:00+00:00,10001,922,730,True,True,-1,False,,0.03638911247253418,real_btc15m_ge_2025-08-07
N23_HA_ST,1h,plain,9145,2026-08-24 10:00:00+00:00,10001,922,841,True,True,-1,False,,0.05009293556213379,real_btc15m_ge_2025-08-07
N23_HA_ST,1h,plain,9999,2026-09-29 00:00:00+00:00,10001,922,921,False,True,-1,False,,0.049162864685058594,real_btc15m_ge_2025-08-07
N24_DMI,1h,plain,3500,2025-12-31 05:00:00+00:00,10001,376,130,False,True,-1,False,,0.004723072052001953,real_btc15m_ge_2025-08-07
N24_DMI,1h,plain,4036,2026-01-22 13:00:00+00:00,10001,376,145,True,True,-1,False,,0.003939390182495117,real_btc15m_ge_2025-08-07
N24_DMI,1h,plain,5666,2026-03-31 11:00:00+00:00,10001,376,209,False,True,-1,False,,0.004598855972290039,real_btc15m_ge_2025-08-07
N24_DMI,1h,plain,6209,2026-04-24 02:00:00+00:00,10001,376,224,False,True,-1,False,,0.004568338394165039,real_btc15m_ge_2025-08-07
N24_DMI,1h,plain,6210,2026-04-24 03:00:00+00:00,10001,376,225,True,True,-1,False,,0.004312753677368164,real_btc15m_ge_2025-08-07
N24_DMI,1h,plain,7628,2026-06-22 05:00:00+00:00,10001,376,277,False,True,-1,False,,0.005488157272338867,real_btc15m_ge_2025-08-07
N24_DMI,1h,plain,7629,2026-06-22 06:00:00+00:00,10001,376,278,True,True,-1,False,,0.00524449348449707,real_btc15m_ge_2025-08-07
N24_DMI,1h,plain,7832,2026-06-30 17:00:00+00:00,10001,376,291,False,True,-1,False,,0.005741596221923828,real_btc15m_ge_2025-08-07
N24_DMI,1h,plain,7853,2026-07-01 14:00:00+00:00,10001,376,292,True,True,-1,False,,0.0048105716705322266,real_btc15m_ge_2025-08-07
N24_DMI,1h,plain,9999,2026-09-29 00:00:00+00:00,10001,376,376,False,True,-1,False,,0.005437612533569336,real_btc15m_ge_2025-08-07
N25_DST_CCI,1h,plain,3500,2025-12-31 05:00:00+00:00,10001,414,134,False,True,-1,False,,0.030765533447265625,real_btc15m_ge_2025-08-07
N25_DST_CCI,1h,plain,5666,2026-03-31 11:00:00+00:00,10001,414,216,False,True,-1,False,,0.07479310035705566,real_btc15m_ge_2025-08-07
N25_DST_CCI,1h,plain,6121,2026-04-19 10:00:00+00:00,10001,414,239,False,True,-1,False,,0.08593153953552246,real_btc15m_ge_2025-08-07
N25_DST_CCI,1h,plain,6122,2026-04-19 11:00:00+00:00,10001,414,240,True,True,-1,False,,0.08750581741333008,real_btc15m_ge_2025-08-07
N25_DST_CCI,1h,plain,6157,2026-04-20 22:00:00+00:00,10001,414,241,True,True,-1,False,,0.08715105056762695,real_btc15m_ge_2025-08-07
N25_DST_CCI,1h,plain,6232,2026-04-25 01:00:00+00:00,10001,414,246,True,True,-1,False,,0.08737587928771973,real_btc15m_ge_2025-08-07
N25_DST_CCI,1h,plain,7832,2026-06-30 17:00:00+00:00,10001,414,315,False,True,-1,False,,0.10749030113220215,real_btc15m_ge_2025-08-07
N25_DST_CCI,1h,plain,8859,2026-08-12 12:00:00+00:00,10001,414,360,False,True,-1,False,,0.08742928504943848,real_btc15m_ge_2025-08-07
N25_DST_CCI,1h,plain,8860,2026-08-12 13:00:00+00:00,10001,414,361,True,True,-1,False,,0.06684136390686035,real_btc15m_ge_2025-08-07
N25_DST_CCI,1h,plain,9999,2026-09-29 00:00:00+00:00,10001,414,414,False,True,-1,False,,0.08086633682250977,real_btc15m_ge_2025-08-07
S1_EMA_RSI_CHOP,1h,plain,3500,2025-12-31 05:00:00+00:00,10001,4,1,False,True,-1,False,,0.011217594146728516,real_btc15m_ge_2025-08-07
S1_EMA_RSI_CHOP,1h,plain,5666,2026-03-31 11:00:00+00:00,10001,4,1,False,True,-1,False,,0.011387825012207031,real_btc15m_ge_2025-08-07
S1_EMA_RSI_CHOP,1h,plain,6284,2026-04-27 05:00:00+00:00,10001,4,1,False,True,-1,False,,0.012125730514526367,real_btc15m_ge_2025-08-07
S1_EMA_RSI_CHOP,1h,plain,6285,2026-04-27 06:00:00+00:00,10001,4,2,True,True,-1,False,,0.014786243438720703,real_btc15m_ge_2025-08-07
S1_EMA_RSI_CHOP,1h,plain,7624,2026-06-22 01:00:00+00:00,10001,4,3,True,True,-1,False,,0.01584339141845703,real_btc15m_ge_2025-08-07
S1_EMA_RSI_CHOP,1h,plain,7832,2026-06-30 17:00:00+00:00,10001,4,3,False,True,-1,False,,0.01695561408996582,real_btc15m_ge_2025-08-07
S1_EMA_RSI_CHOP,1h,plain,7974,2026-07-06 15:00:00+00:00,10001,4,3,False,True,-1,False,,0.01871514320373535,real_btc15m_ge_2025-08-07
S1_EMA_RSI_CHOP,1h,plain,7975,2026-07-06 16:00:00+00:00,10001,4,4,True,True,-1,False,,0.012494087219238281,real_btc15m_ge_2025-08-07
S1_EMA_RSI_CHOP,1h,plain,9999,2026-09-29 00:00:00+00:00,10001,4,4,False,True,-1,False,,0.01412653923034668,real_btc15m_ge_2025-08-07
S3_CMO_SANDWICH,1h,plain,3500,2025-12-31 05:00:00+00:00,10001,60,16,False,True,-1,False,,0.005898714065551758,real_btc15m_ge_2025-08-07
S3_CMO_SANDWICH,1h,plain,5666,2026-03-31 11:00:00+00:00,10001,60,35,False,True,-1,False,,0.0060405731201171875,real_btc15m_ge_2025-08-07
S3_CMO_SANDWICH,1h,plain,6175,2026-04-21 16:00:00+00:00,10001,60,39,True,True,-1,False,,0.006567478179931641,real_btc15m_ge_2025-08-07
S3_CMO_SANDWICH,1h,plain,6781,2026-05-17 22:00:00+00:00,10001,60,43,True,True,-1,False,,0.0063364505767822266,real_btc15m_ge_2025-08-07
S3_CMO_SANDWICH,1h,plain,7442,2026-06-14 11:00:00+00:00,10001,60,45,False,True,-1,False,,0.007111072540283203,real_btc15m_ge_2025-08-07
S3_CMO_SANDWICH,1h,plain,7443,2026-06-14 12:00:00+00:00,10001,60,46,True,True,-1,False,,0.0072519779205322266,real_btc15m_ge_2025-08-07
S3_CMO_SANDWICH,1h,plain,7832,2026-06-30 17:00:00+00:00,10001,60,47,False,True,-1,False,,0.010361909866333008,real_btc15m_ge_2025-08-07
S3_CMO_SANDWICH,1h,plain,9884,2026-09-24 05:00:00+00:00,10001,60,58,False,True,-1,False,,0.010412454605102539,real_btc15m_ge_2025-08-07
S3_CMO_SANDWICH,1h,plain,9885,2026-09-24 06:00:00+00:00,10001,60,59,True,True,-1,False,,0.010129928588867188,real_btc15m_ge_2025-08-07
S3_CMO_SANDWICH,1h,plain,9999,2026-09-29 00:00:00+00:00,10001,60,60,False,True,-1,False,,0.011085748672485352,real_btc15m_ge_2025-08-07
S4_BB_BBP,1h,plain,3500,2025-12-31 05:00:00+00:00,10001,291,84,False,True,-1,False,,0.006296873092651367,real_btc15m_ge_2025-08-07
S4_BB_BBP,1h,plain,3780,2026-01-11 21:00:00+00:00,10001,291,94,False,True,-1,False,,0.0058825016021728516,real_btc15m_ge_2025-08-07
S4_BB_BBP,1h,plain,3781,2026-01-11 22:00:00+00:00,10001,291,95,True,True,-1,False,,0.005270242691040039,real_btc15m_ge_2025-08-07
S4_BB_BBP,1h,plain,4954,2026-03-01 19:00:00+00:00,10001,291,133,False,True,-1,False,,0.006448984146118164,real_btc15m_ge_2025-08-07
S4_BB_BBP,1h,plain,4955,2026-03-01 20:00:00+00:00,10001,291,134,True,True,-1,False,,0.008031368255615234,real_btc15m_ge_2025-08-07
S4_BB_BBP,1h,plain,5544,2026-03-26 09:00:00+00:00,10001,291,158,True,True,-1,False,,0.008612632751464844,real_btc15m_ge_2025-08-07
S4_BB_BBP,1h,plain,5666,2026-03-31 11:00:00+00:00,10001,291,163,False,True,-1,False,,0.009387731552124023,real_btc15m_ge_2025-08-07
S4_BB_BBP,1h,plain,5886,2026-04-09 15:00:00+00:00,10001,291,168,True,True,-1,False,,0.009865283966064453,real_btc15m_ge_2025-08-07
S4_BB_BBP,1h,plain,7832,2026-06-30 17:00:00+00:00,10001,291,226,False,True,-1,False,,0.011373281478881836,real_btc15m_ge_2025-08-07
S4_BB_BBP,1h,plain,9999,2026-09-29 00:00:00+00:00,10001,291,291,False,True,-1,False,,0.013587713241577148,real_btc15m_ge_2025-08-07
N04_ST_KLINGER,1h,plain,3500,2025-12-31 05:00:00+00:00,10001,775,258,False,True,-1,False,,0.030330181121826172,real_btc15m_ge_2025-08-07
N04_ST_KLINGER,1h,plain,3542,2026-01-01 23:00:00+00:00,10001,775,261,False,True,-1,False,,0.03143954277038574,real_btc15m_ge_2025-08-07
N04_ST_KLINGER,1h,plain,3543,2026-01-02 00:00:00+00:00,10001,775,262,True,True,-1,False,,0.031191110610961914,real_btc15m_ge_2025-08-07
N04_ST_KLINGER,1h,plain,4838,2026-02-24 23:00:00+00:00,10001,775,369,True,True,-1,False,,0.03385591506958008,real_btc15m_ge_2025-08-07
N04_ST_KLINGER,1h,plain,5666,2026-03-31 11:00:00+00:00,10001,775,445,False,True,-1,False,,0.03808736801147461,real_btc15m_ge_2025-08-07
N04_ST_KLINGER,1h,plain,7832,2026-06-30 17:00:00+00:00,10001,775,617,False,True,-1,False,,0.03703880310058594,real_btc15m_ge_2025-08-07
N04_ST_KLINGER,1h,plain,9582,2026-09-11 15:00:00+00:00,10001,775,748,False,True,-1,False,,0.07234740257263184,real_btc15m_ge_2025-08-07
N04_ST_KLINGER,1h,plain,9583,2026-09-11 16:00:00+00:00,10001,775,749,True,True,-1,False,,0.06418251991271973,real_btc15m_ge_2025-08-07
N04_ST_KLINGER,1h,plain,9685,2026-09-15 22:00:00+00:00,10001,775,756,True,True,-1,False,,0.06779789924621582,real_btc15m_ge_2025-08-07
N04_ST_KLINGER,1h,plain,9999,2026-09-29 00:00:00+00:00,10001,775,775,False,True,-1,False,,0.053452491760253906,real_btc15m_ge_2025-08-07
N05_PSAR_POC,1h,plain,3500,2025-12-31 05:00:00+00:00,10001,71,27,False,True,-1,False,,0.16901516914367676,real_btc15m_ge_2025-08-07
N05_PSAR_POC,1h,plain,4035,2026-01-22 12:00:00+00:00,10001,71,31,True,True,-1,False,,0.21435976028442383,real_btc15m_ge_2025-08-07
N05_PSAR_POC,1h,plain,5666,2026-03-31 11:00:00+00:00,10001,71,36,False,True,-1,False,,0.28087449073791504,real_btc15m_ge_2025-08-07
N05_PSAR_POC,1h,plain,7399,2026-06-12 16:00:00+00:00,10001,71,48,True,True,-1,False,,0.3661305904388428,real_btc15m_ge_2025-08-07
N05_PSAR_POC,1h,plain,7832,2026-06-30 17:00:00+00:00,10001,71,52,False,True,-1,False,,0.41603899002075195,real_btc15m_ge_2025-08-07
N05_PSAR_POC,1h,plain,8514,2026-07-29 03:00:00+00:00,10001,71,56,False,True,-1,False,,0.4356660842895508,real_btc15m_ge_2025-08-07
N05_PSAR_POC,1h,plain,8515,2026-07-29 04:00:00+00:00,10001,71,57,True,True,-1,False,,0.37168145179748535,real_btc15m_ge_2025-08-07
N05_PSAR_POC,1h,plain,9141,2026-08-24 06:00:00+00:00,10001,71,63,False,True,-1,False,,0.4752049446105957,real_btc15m_ge_2025-08-07
N05_PSAR_POC,1h,plain,9142,2026-08-24 07:00:00+00:00,10001,71,64,True,True,-1,False,,0.5433435440063477,real_btc15m_ge_2025-08-07
N05_PSAR_POC,1h,plain,9999,2026-09-29 00:00:00+00:00,10001,71,71,False,True,-1,False,,0.520676851272583,real_btc15m_ge_2025-08-07
N06_MACD_ORB,1h,plain,3500,2025-12-31 05:00:00+00:00,10001,137,48,False,True,-1,False,,0.009993314743041992,real_btc15m_ge_2025-08-07
N06_MACD_ORB,1h,plain,5666,2026-03-31 11:00:00+00:00,10001,137,84,False,True,-1,False,,0.040230751037597656,real_btc15m_ge_2025-08-07
N06_MACD_ORB,1h,plain,6471,2026-05-05 00:00:00+00:00,10001,137,89,False,True,-1,False,,0.010770082473754883,real_btc15m_ge_2025-08-07
N06_MACD_ORB,1h,plain,6472,2026-05-05 01:00:00+00:00,10001,137,90,True,True,-1,False,,0.010335683822631836,real_btc15m_ge_2025-08-07
N06_MACD_ORB,1h,plain,7399,2026-06-12 16:00:00+00:00,10001,137,103,True,True,-1,False,,0.011151552200317383,real_btc15m_ge_2025-08-07
N06_MACD_ORB,1h,plain,7832,2026-06-30 17:00:00+00:00,10001,137,108,False,True,-1,False,,0.011868715286254883,real_btc15m_ge_2025-08-07
N06_MACD_ORB,1h,plain,8885,2026-08-13 14:00:00+00:00,10001,137,120,False,True,-1,False,,0.011722564697265625,real_btc15m_ge_2025-08-07
N06_MACD_ORB,1h,plain,8886,2026-08-13 15:00:00+00:00,10001,137,121,True,True,-1,False,,0.01126241683959961,real_btc15m_ge_2025-08-07
N06_MACD_ORB,1h,plain,9498,2026-09-08 03:00:00+00:00,10001,137,132,True,True,-1,False,,0.011807918548583984,real_btc15m_ge_2025-08-07
N06_MACD_ORB,1h,plain,9999,2026-09-29 00:00:00+00:00,10001,137,137,False,True,-1,False,,0.012548446655273438,real_btc15m_ge_2025-08-07
N11_BREAKAWAY,1h,plain,3500,2025-12-31 05:00:00+00:00,10001,4,2,False,True,-1,False,,0.002108335494995117,real_btc15m_ge_2025-08-07
N11_BREAKAWAY,1h,plain,5666,2026-03-31 11:00:00+00:00,10001,4,2,False,True,-1,False,,0.002827882766723633,real_btc15m_ge_2025-08-07
N11_BREAKAWAY,1h,plain,6460,2026-05-04 13:00:00+00:00,10001,4,2,False,True,-1,False,,0.0030660629272460938,real_btc15m_ge_2025-08-07
N11_BREAKAWAY,1h,plain,6461,2026-05-04 14:00:00+00:00,10001,4,3,True,True,-1,False,,0.0030617713928222656,real_btc15m_ge_2025-08-07
N11_BREAKAWAY,1h,plain,7832,2026-06-30 17:00:00+00:00,10001,4,3,False,True,-1,False,,0.003529071807861328,real_btc15m_ge_2025-08-07
N11_BREAKAWAY,1h,plain,8575,2026-07-31 16:00:00+00:00,10001,4,3,False,True,-1,False,,0.003312349319458008,real_btc15m_ge_2025-08-07
N11_BREAKAWAY,1h,plain,8576,2026-07-31 17:00:00+00:00,10001,4,4,True,True,-1,False,,0.003246784210205078,real_btc15m_ge_2025-08-07
N11_BREAKAWAY,1h,plain,9999,2026-09-29 00:00:00+00:00,10001,4,4,False,True,-1,False,,0.0036077499389648438,real_btc15m_ge_2025-08-07
N13_3OUTSIDE,1h,plain,3500,2025-12-31 05:00:00+00:00,10001,53,21,False,True,-1,False,,0.0023832321166992188,real_btc15m_ge_2025-08-07
N13_3OUTSIDE,1h,plain,4496,2026-02-10 17:00:00+00:00,10001,53,27,True,True,-1,False,,0.002554178237915039,real_btc15m_ge_2025-08-07
N13_3OUTSIDE,1h,plain,5666,2026-03-31 11:00:00+00:00,10001,53,32,False,True,-1,False,,0.0026924610137939453,real_btc15m_ge_2025-08-07
N13_3OUTSIDE,1h,plain,6703,2026-05-14 16:00:00+00:00,10001,53,38,True,True,-1,False,,0.0031337738037109375,real_btc15m_ge_2025-08-07
N13_3OUTSIDE,1h,plain,7832,2026-06-30 17:00:00+00:00,10001,53,43,False,True,-1,False,,0.0030586719512939453,real_btc15m_ge_2025-08-07
N13_3OUTSIDE,1h,plain,7985,2026-07-07 02:00:00+00:00,10001,53,44,False,True,-1,False,,0.0030717849731445312,real_btc15m_ge_2025-08-07
N13_3OUTSIDE,1h,plain,7986,2026-07-07 03:00:00+00:00,10001,53,45,True,True,-1,False,,0.0035817623138427734,real_btc15m_ge_2025-08-07
N13_3OUTSIDE,1h,plain,9533,2026-09-09 14:00:00+00:00,10001,53,50,False,True,-1,False,,0.00362396240234375,real_btc15m_ge_2025-08-07
N13_3OUTSIDE,1h,plain,9534,2026-09-09 15:00:00+00:00,10001,53,51,True,True,-1,False,,0.0037245750427246094,real_btc15m_ge_2025-08-07
N13_3OUTSIDE,1h,plain,9999,2026-09-29 00:00:00+00:00,10001,53,53,False,True,-1,False,,0.003961801528930664,real_btc15m_ge_2025-08-07
N15_KC_AO,1h,plain,3500,2025-12-31 05:00:00+00:00,10001,1,0,False,True,-1,False,,0.004055976867675781,real_btc15m_ge_2025-08-07
N15_KC_AO,1h,plain,3651,2026-01-06 12:00:00+00:00,10001,1,0,False,True,-1,False,,0.003655672073364258,real_btc15m_ge_2025-08-07
N15_KC_AO,1h,plain,3652,2026-01-06 13:00:00+00:00,10001,1,1,True,True,-1,False,,0.0034770965576171875,real_btc15m_ge_2025-08-07
N15_KC_AO,1h,plain,5666,2026-03-31 11:00:00+00:00,10001,1,1,False,True,-1,False,,0.004172563552856445,real_btc15m_ge_2025-08-07
N15_KC_AO,1h,plain,7832,2026-06-30 17:00:00+00:00,10001,1,1,False,True,-1,False,,0.004947662353515625,real_btc15m_ge_2025-08-07
N15_KC_AO,1h,plain,9999,2026-09-29 00:00:00+00:00,10001,1,1,False,True,-1,False,,0.005850076675415039,real_btc15m_ge_2025-08-07
N16_BBRSI,1h,plain,3500,2025-12-31 05:00:00+00:00,10001,131,51,False,True,-1,False,,0.32142043113708496,real_btc15m_ge_2025-08-07
N16_BBRSI,1h,plain,4681,2026-02-18 10:00:00+00:00,10001,131,64,False,True,-1,False,,0.5395529270172119,real_btc15m_ge_2025-08-07
N16_BBRSI,1h,plain,4682,2026-02-18 11:00:00+00:00,10001,131,65,True,True,-1,False,,0.44245028495788574,real_btc15m_ge_2025-08-07
N16_BBRSI,1h,plain,5666,2026-03-31 11:00:00+00:00,10001,131,74,False,True,-1,False,,0.5951509475708008,real_btc15m_ge_2025-08-07
N16_BBRSI,1h,plain,6313,2026-04-28 10:00:00+00:00,10001,131,81,True,True,-1,False,,0.6917507648468018,real_btc15m_ge_2025-08-07
N16_BBRSI,1h,plain,7832,2026-06-30 17:00:00+00:00,10001,131,98,False,True,-1,False,,0.9251911640167236,real_btc15m_ge_2025-08-07
N16_BBRSI,1h,plain,9708,2026-09-16 21:00:00+00:00,10001,131,121,True,True,-1,False,,1.0468175411224365,real_btc15m_ge_2025-08-07
N16_BBRSI,1h,plain,9949,2026-09-26 22:00:00+00:00,10001,131,128,False,True,-1,False,,1.0306737422943115,real_btc15m_ge_2025-08-07
N16_BBRSI,1h,plain,9950,2026-09-26 23:00:00+00:00,10001,131,129,True,True,-1,False,,1.0686428546905518,real_btc15m_ge_2025-08-07
N16_BBRSI,1h,plain,9999,2026-09-29 00:00:00+00:00,10001,131,131,False,True,-1,False,,0.9745707511901855,real_btc15m_ge_2025-08-07
N19_FIB_CHOP,1h,plain,3500,2025-12-31 05:00:00+00:00,10001,62,22,False,True,-1,False,,0.006278276443481445,real_btc15m_ge_2025-08-07
N19_FIB_CHOP,1h,plain,4111,2026-01-25 16:00:00+00:00,10001,62,25,True,True,-1,False,,0.005590915679931641,real_btc15m_ge_2025-08-07
N19_FIB_CHOP,1h,plain,4800,2026-02-23 09:00:00+00:00,10001,62,36,False,True,-1,False,,0.0061435699462890625,real_btc15m_ge_2025-08-07
N19_FIB_CHOP,1h,plain,4801,2026-02-23 10:00:00+00:00,10001,62,37,True,True,-1,False,,0.005850076675415039,real_btc15m_ge_2025-08-07
N19_FIB_CHOP,1h,plain,5407,2026-03-20 16:00:00+00:00,10001,62,39,True,True,-1,False,,0.006180524826049805,real_btc15m_ge_2025-08-07
N19_FIB_CHOP,1h,plain,5666,2026-03-31 11:00:00+00:00,10001,62,41,False,True,-1,False,,0.006295919418334961,real_btc15m_ge_2025-08-07
N19_FIB_CHOP,1h,plain,7832,2026-06-30 17:00:00+00:00,10001,62,57,False,True,-1,False,,0.007370710372924805,real_btc15m_ge_2025-08-07
N19_FIB_CHOP,1h,plain,9854,2026-09-22 23:00:00+00:00,10001,62,60,False,True,-1,False,,0.00944209098815918,real_btc15m_ge_2025-08-07
N19_FIB_CHOP,1h,plain,9855,2026-09-23 00:00:00+00:00,10001,62,61,True,True,-1,False,,0.009021997451782227,real_btc15m_ge_2025-08-07
N19_FIB_CHOP,1h,plain,9999,2026-09-29 00:00:00+00:00,10001,62,62,False,True,-1,False,,0.008816003799438477,real_btc15m_ge_2025-08-07
N20_EMA9_CHOP,1h,plain,3500,2025-12-31 05:00:00+00:00,10001,314,91,False,True,-1,False,,0.006594419479370117,real_btc15m_ge_2025-08-07
N20_EMA9_CHOP,1h,plain,3765,2026-01-11 06:00:00+00:00,10001,314,99,False,True,-1,False,,0.0066945552825927734,real_btc15m_ge_2025-08-07
N20_EMA9_CHOP,1h,plain,3766,2026-01-11 07:00:00+00:00,10001,314,100,True,True,-1,False,,0.006479024887084961,real_btc15m_ge_2025-08-07
N20_EMA9_CHOP,1h,plain,5666,2026-03-31 11:00:00+00:00,10001,314,171,False,True,-1,False,,0.007157087326049805,real_btc15m_ge_2025-08-07
N20_EMA9_CHOP,1h,plain,7079,2026-05-30 08:00:00+00:00,10001,314,217,False,True,-1,False,,0.007954120635986328,real_btc15m_ge_2025-08-07
N20_EMA9_CHOP,1h,plain,7080,2026-05-30 09:00:00+00:00,10001,314,218,True,True,-1,False,,0.008002758026123047,real_btc15m_ge_2025-08-07
N20_EMA9_CHOP,1h,plain,7832,2026-06-30 17:00:00+00:00,10001,314,240,False,True,-1,False,,0.00805044174194336,real_btc15m_ge_2025-08-07
N20_EMA9_CHOP,1h,plain,9432,2026-09-05 09:00:00+00:00,10001,314,286,True,True,-1,False,,0.009346961975097656,real_btc15m_ge_2025-08-07
N20_EMA9_CHOP,1h,plain,9923,2026-09-25 20:00:00+00:00,10001,314,306,True,True,-1,False,,0.00929570198059082,real_btc15m_ge_2025-08-07
N20_EMA9_CHOP,1h,plain,9999,2026-09-29 00:00:00+00:00,10001,314,314,False,True,-1,False,,0.008785247802734375,real_btc15m_ge_2025-08-07
V39_ALL,1h,plain,3500,2025-12-31 05:00:00+00:00,10001,348,121,False,True,-1,False,,0.12673211097717285,real_btc15m_ge_2025-08-07
V39_ALL,1h,plain,5666,2026-03-31 11:00:00+00:00,10001,348,193,False,True,-1,False,,0.22986388206481934,real_btc15m_ge_2025-08-07
V39_ALL,1h,plain,5672,2026-03-31 17:00:00+00:00,10001,348,193,False,True,-1,False,,0.23059535026550293,real_btc15m_ge_2025-08-07
V39_ALL,1h,plain,5673,2026-03-31 18:00:00+00:00,10001,348,194,True,True,-1,False,,0.27272605895996094,real_btc15m_ge_2025-08-07
V39_ALL,1h,plain,6465,2026-05-04 18:00:00+00:00,10001,348,221,False,True,-1,False,,0.24909472465515137,real_btc15m_ge_2025-08-07
V39_ALL,1h,plain,6466,2026-05-04 19:00:00+00:00,10001,348,222,True,True,-1,False,,0.2478010654449463,real_btc15m_ge_2025-08-07
V39_ALL,1h,plain,6669,2026-05-13 06:00:00+00:00,10001,348,228,True,True,-1,False,,0.42895936965942383,real_btc15m_ge_2025-08-07
V39_ALL,1h,plain,7832,2026-06-30 17:00:00+00:00,10001,348,267,False,True,-1,False,,0.28627729415893555,real_btc15m_ge_2025-08-07
V39_ALL,1h,plain,8359,2026-07-22 16:00:00+00:00,10001,348,292,True,True,-1,False,,0.28295254707336426,real_btc15m_ge_2025-08-07
V39_ALL,1h,plain,9999,2026-09-29 00:00:00+00:00,10001,348,348,False,True,-1,False,,0.32386302947998047,real_btc15m_ge_2025-08-07
OBV_S,1h,plain,3500,2025-12-31 05:00:00+00:00,10001,130,39,False,True,-1,False,,0.020900964736938477,real_btc15m_ge_2025-08-07
OBV_S,1h,plain,3810,2026-01-13 03:00:00+00:00,10001,130,41,False,True,-1,False,,0.022003889083862305,real_btc15m_ge_2025-08-07
OBV_S,1h,plain,3811,2026-01-13 04:00:00+00:00,10001,130,42,True,True,-1,False,,0.022446632385253906,real_btc15m_ge_2025-08-07
OBV_S,1h,plain,5666,2026-03-31 11:00:00+00:00,10001,130,64,False,True,-1,False,,0.031084060668945312,real_btc15m_ge_2025-08-07
OBV_S,1h,plain,6033,2026-04-15 18:00:00+00:00,10001,130,72,True,True,-1,False,,0.034500837326049805,real_btc15m_ge_2025-08-07
OBV_S,1h,plain,7832,2026-06-30 17:00:00+00:00,10001,130,102,False,True,-1,False,,0.042140960693359375,real_btc15m_ge_2025-08-07
OBV_S,1h,plain,8755,2026-08-08 04:00:00+00:00,10001,130,111,True,True,-1,False,,0.04615592956542969,real_btc15m_ge_2025-08-07
OBV_S,1h,plain,9562,2026-09-10 19:00:00+00:00,10001,130,121,False,True,-1,False,,0.0507509708404541,real_btc15m_ge_2025-08-07
OBV_S,1h,plain,9563,2026-09-10 20:00:00+00:00,10001,130,122,True,True,-1,False,,0.05226755142211914,real_btc15m_ge_2025-08-07
OBV_S,1h,plain,9999,2026-09-29 00:00:00+00:00,10001,130,130,False,True,-1,False,,0.054547786712646484,real_btc15m_ge_2025-08-07
OBV_B,1h,plain,3500,2025-12-31 05:00:00+00:00,10001,389,133,False,True,-1,False,,0.018230438232421875,real_btc15m_ge_2025-08-07
OBV_B,1h,plain,4161,2026-01-27 18:00:00+00:00,10001,389,161,True,True,-1,False,,0.021860361099243164,real_btc15m_ge_2025-08-07
OBV_B,1h,plain,5666,2026-03-31 11:00:00+00:00,10001,389,216,False,True,-1,False,,0.028995752334594727,real_btc15m_ge_2025-08-07
OBV_B,1h,plain,6550,2026-05-08 07:00:00+00:00,10001,389,242,False,True,-1,False,,0.03337264060974121,real_btc15m_ge_2025-08-07
OBV_B,1h,plain,6551,2026-05-08 08:00:00+00:00,10001,389,243,True,True,-1,False,,0.03315401077270508,real_btc15m_ge_2025-08-07
OBV_B,1h,plain,7832,2026-06-30 17:00:00+00:00,10001,389,291,False,True,-1,False,,0.03769040107727051,real_btc15m_ge_2025-08-07
OBV_B,1h,plain,8045,2026-07-09 14:00:00+00:00,10001,389,301,True,True,-1,False,,0.04416680335998535,real_btc15m_ge_2025-08-07
OBV_B,1h,plain,8606,2026-08-01 23:00:00+00:00,10001,389,318,False,True,-1,False,,0.055443525314331055,real_btc15m_ge_2025-08-07
OBV_B,1h,plain,8607,2026-08-02 00:00:00+00:00,10001,389,319,True,True,-1,False,,0.08541703224182129,real_btc15m_ge_2025-08-07
OBV_B,1h,plain,9999,2026-09-29 00:00:00+00:00,10001,389,389,False,True,-1,False,,0.10126399993896484,real_btc15m_ge_2025-08-07
V45_AMB,1h,resample,3500,2025-12-31 05:00:00+00:00,10001,116,34,False,True,-1,False,,0.12703609466552734,real_btc15m_ge_2025-08-07
V45_AMB,1h,resample,3895,2026-01-16 16:00:00+00:00,10001,116,38,False,True,-1,False,,0.18941235542297363,real_btc15m_ge_2025-08-07
V45_AMB,1h,resample,3896,2026-01-16 17:00:00+00:00,10001,116,39,True,True,-1,False,,0.13569974899291992,real_btc15m_ge_2025-08-07
V45_AMB,1h,resample,5666,2026-03-31 11:00:00+00:00,10001,116,56,False,True,-1,False,,0.2615659236907959,real_btc15m_ge_2025-08-07
V45_AMB,1h,resample,6107,2026-04-18 20:00:00+00:00,10001,116,62,True,True,-1,False,,0.18365120887756348,real_btc15m_ge_2025-08-07
V45_AMB,1h,resample,6754,2026-05-16 19:00:00+00:00,10001,116,72,False,True,-1,False,,0.2672741413116455,real_btc15m_ge_2025-08-07
V45_AMB,1h,resample,6755,2026-05-16 20:00:00+00:00,10001,116,72,False,True,-1,False,,0.3425712585449219,real_btc15m_ge_2025-08-07
V45_AMB,1h,resample,7593,2026-06-20 18:00:00+00:00,10001,116,88,True,True,-1,False,,0.40141844749450684,real_btc15m_ge_2025-08-07
V45_AMB,1h,resample,7594,2026-06-20 19:00:00+00:00,10001,116,89,True,True,-1,False,,0.2573997974395752,real_btc15m_ge_2025-08-07
V45_AMB,1h,resample,7832,2026-06-30 17:00:00+00:00,10001,116,92,False,True,-1,False,,0.22710919380187988,real_btc15m_ge_2025-08-07
V45_AMB,1h,resample,9338,2026-09-01 11:00:00+00:00,10001,116,103,True,True,-1,False,,0.32692456245422363,real_btc15m_ge_2025-08-07
V45_AMB,1h,resample,9999,2026-09-29 00:00:00+00:00,10001,116,116,False,True,-1,False,,0.2870621681213379,real_btc15m_ge_2025-08-07
V45_AMB,1h,explicit,3500,2025-12-31 05:00:00+00:00,10001,116,34,False,True,-1,False,,0.09615421295166016,real_btc15m_ge_2025-08-07
V45_AMB,1h,explicit,3895,2026-01-16 16:00:00+00:00,10001,116,38,False,True,-1,False,,0.1087944507598877,real_btc15m_ge_2025-08-07
V45_AMB,1h,explicit,3896,2026-01-16 17:00:00+00:00,10001,116,39,True,True,-1,False,,0.10910964012145996,real_btc15m_ge_2025-08-07
V45_AMB,1h,explicit,5666,2026-03-31 11:00:00+00:00,10001,116,56,False,True,-1,False,,0.20360922813415527,real_btc15m_ge_2025-08-07
V45_AMB,1h,explicit,6107,2026-04-18 20:00:00+00:00,10001,116,62,True,True,-1,False,,0.2170257568359375,real_btc15m_ge_2025-08-07
V45_AMB,1h,explicit,6754,2026-05-16 19:00:00+00:00,10001,116,72,False,True,-1,False,,0.19644999504089355,real_btc15m_ge_2025-08-07
V45_AMB,1h,explicit,6755,2026-05-16 20:00:00+00:00,10001,116,72,False,True,-1,False,,0.2020580768585205,real_btc15m_ge_2025-08-07
V45_AMB,1h,explicit,7593,2026-06-20 18:00:00+00:00,10001,116,88,True,True,-1,False,,0.24188685417175293,real_btc15m_ge_2025-08-07
V45_AMB,1h,explicit,7594,2026-06-20 19:00:00+00:00,10001,116,89,True,True,-1,False,,0.30225205421447754,real_btc15m_ge_2025-08-07
V45_AMB,1h,explicit,7832,2026-06-30 17:00:00+00:00,10001,116,92,False,True,-1,False,,0.26724720001220703,real_btc15m_ge_2025-08-07
V45_AMB,1h,explicit,9338,2026-09-01 11:00:00+00:00,10001,116,103,True,True,-1,False,,0.36823129653930664,real_btc15m_ge_2025-08-07
V45_AMB,1h,explicit,9999,2026-09-29 00:00:00+00:00,10001,116,116,False,True,-1,False,,0.2955896854400635,real_btc15m_ge_2025-08-07
DOGE_L,1h,plain,3500,2025-12-31 05:00:00+00:00,10001,96,33,False,True,-1,False,,0.02340865135192871,real_btc15m_ge_2025-08-07
DOGE_L,1h,plain,5666,2026-03-31 11:00:00+00:00,10001,96,51,False,True,-1,False,,0.029329538345336914,real_btc15m_ge_2025-08-07
DOGE_L,1h,plain,5812,2026-04-06 13:00:00+00:00,10001,96,54,False,True,-1,False,,0.03189349174499512,real_btc15m_ge_2025-08-07
DOGE_L,1h,plain,5813,2026-04-06 14:00:00+00:00,10001,96,55,True,True,-1,False,,0.05301642417907715,real_btc15m_ge_2025-08-07
DOGE_L,1h,plain,7274,2026-06-07 11:00:00+00:00,10001,96,66,True,True,-1,False,,0.030586719512939453,real_btc15m_ge_2025-08-07
DOGE_L,1h,plain,7832,2026-06-30 17:00:00+00:00,10001,96,70,False,True,-1,False,,0.03811788558959961,real_btc15m_ge_2025-08-07
DOGE_L,1h,plain,9058,2026-08-20 19:00:00+00:00,10001,96,84,False,True,-1,False,,0.0359959602355957,real_btc15m_ge_2025-08-07
DOGE_L,1h,plain,9059,2026-08-20 20:00:00+00:00,10001,96,85,True,True,-1,False,,0.04340624809265137,real_btc15m_ge_2025-08-07
DOGE_L,1h,plain,9220,2026-08-27 13:00:00+00:00,10001,96,90,True,True,-1,False,,0.036031484603881836,real_btc15m_ge_2025-08-07
DOGE_L,1h,plain,9999,2026-09-29 00:00:00+00:00,10001,96,96,False,True,-1,False,,0.038816213607788086,real_btc15m_ge_2025-08-07
DOGE_S,1h,plain,3500,2025-12-31 05:00:00+00:00,10001,76,24,False,True,-1,False,,0.023281335830688477,real_btc15m_ge_2025-08-07
DOGE_S,1h,plain,4332,2026-02-03 21:00:00+00:00,10001,76,31,False,True,-1,False,,0.021953105926513672,real_btc15m_ge_2025-08-07
DOGE_S,1h,plain,4333,2026-02-03 22:00:00+00:00,10001,76,32,True,True,-1,False,,0.027169227600097656,real_btc15m_ge_2025-08-07
DOGE_S,1h,plain,5371,2026-03-19 04:00:00+00:00,10001,76,46,True,True,-1,False,,0.03104424476623535,real_btc15m_ge_2025-08-07
DOGE_S,1h,plain,5666,2026-03-31 11:00:00+00:00,10001,76,51,False,True,-1,False,,0.03149604797363281,real_btc15m_ge_2025-08-07
DOGE_S,1h,plain,7714,2026-06-25 19:00:00+00:00,10001,76,69,True,True,-1,False,,0.03709077835083008,real_btc15m_ge_2025-08-07
DOGE_S,1h,plain,7832,2026-06-30 17:00:00+00:00,10001,76,70,False,True,-1,False,,0.03684878349304199,real_btc15m_ge_2025-08-07
DOGE_S,1h,plain,9242,2026-08-28 11:00:00+00:00,10001,76,73,False,True,-1,False,,0.07935214042663574,real_btc15m_ge_2025-08-07
DOGE_S,1h,plain,9243,2026-08-28 12:00:00+00:00,10001,76,74,True,True,-1,False,,0.0423274040222168,real_btc15m_ge_2025-08-07
DOGE_S,1h,plain,9999,2026-09-29 00:00:00+00:00,10001,76,76,False,True,-1,False,,0.04471135139465332,real_btc15m_ge_2025-08-07
CANARY_LOOKAHEAD,1h,plain,3500,2025-12-31 05:00:00+00:00,10001,9998,3500,True,False,3500,True,,0.0002396106719970703,real_btc15m_ge_2025-08-07
CANARY_LOOKAHEAD,1h,plain,5666,2026-03-31 11:00:00+00:00,10001,9998,5665,True,False,5666,True,,0.00015163421630859375,real_btc15m_ge_2025-08-07
CANARY_LOOKAHEAD,1h,plain,7243,2026-06-06 04:00:00+00:00,10001,9998,7242,True,False,7243,True,,0.00015115737915039062,real_btc15m_ge_2025-08-07
CANARY_LOOKAHEAD,1h,plain,7832,2026-06-30 17:00:00+00:00,10001,9998,7831,True,False,7832,True,,0.00020742416381835938,real_btc15m_ge_2025-08-07
CANARY_LOOKAHEAD,1h,plain,8329,2026-07-21 10:00:00+00:00,10001,9998,8328,True,False,8329,True,,0.00017142295837402344,real_btc15m_ge_2025-08-07
CANARY_LOOKAHEAD,1h,plain,8392,2026-07-24 01:00:00+00:00,10001,9998,8391,True,False,8392,True,,0.00017499923706054688,real_btc15m_ge_2025-08-07
CANARY_LOOKAHEAD,1h,plain,8393,2026-07-24 02:00:00+00:00,10001,9998,8392,True,False,8393,True,,0.00016236305236816406,real_btc15m_ge_2025-08-07
CANARY_LOOKAHEAD,1h,plain,8767,2026-08-08 16:00:00+00:00,10001,9998,8766,True,False,8767,True,,0.00019121170043945312,real_btc15m_ge_2025-08-07
CANARY_LOOKAHEAD,1h,plain,8768,2026-08-08 17:00:00+00:00,10001,9998,8767,True,False,8768,True,,0.00018072128295898438,real_btc15m_ge_2025-08-07
CANARY_LOOKAHEAD,1h,plain,9999,2026-09-29 00:00:00+00:00,10001,9998,9998,True,False,9999,True,,0.0001666545867919922,real_btc15m_ge_2025-08-07
CANARY_V45_CURRENT_HTF,1h,resample,3500,2025-12-31 05:00:00+00:00,10001,124,38,False,True,-1,True,,0.09538674354553223,real_btc15m_ge_2025-08-07
CANARY_V45_CURRENT_HTF,1h,resample,5666,2026-03-31 11:00:00+00:00,10001,124,61,False,True,-1,True,,0.14758801460266113,real_btc15m_ge_2025-08-07
CANARY_V45_CURRENT_HTF,1h,resample,6542,2026-05-07 23:00:00+00:00,10001,124,73,True,True,-1,True,,0.17165470123291016,real_btc15m_ge_2025-08-07
CANARY_V45_CURRENT_HTF,1h,resample,6754,2026-05-16 19:00:00+00:00,10001,124,78,False,True,-1,True,,0.20387959480285645,real_btc15m_ge_2025-08-07
CANARY_V45_CURRENT_HTF,1h,resample,6755,2026-05-16 20:00:00+00:00,10001,124,78,False,True,-1,True,,0.2174665927886963,real_btc15m_ge_2025-08-07
CANARY_V45_CURRENT_HTF,1h,resample,7832,2026-06-30 17:00:00+00:00,10001,124,100,False,True,-1,True,,0.2823367118835449,real_btc15m_ge_2025-08-07
CANARY_V45_CURRENT_HTF,1h,resample,8231,2026-07-17 08:00:00+00:00,10001,124,108,True,True,-1,True,,0.25302863121032715,real_btc15m_ge_2025-08-07
CANARY_V45_CURRENT_HTF,1h,resample,9199,2026-08-26 16:00:00+00:00,10001,124,109,False,True,-1,True,,0.2716410160064697,real_btc15m_ge_2025-08-07
CANARY_V45_CURRENT_HTF,1h,resample,9200,2026-08-26 17:00:00+00:00,10001,124,110,True,True,-1,True,,0.2840256690979004,real_btc15m_ge_2025-08-07
CANARY_V45_CURRENT_HTF,1h,resample,9871,2026-09-23 16:00:00+00:00,10001,124,121,False,True,-1,True,,0.42684125900268555,real_btc15m_ge_2025-08-07
CANARY_V45_CURRENT_HTF,1h,resample,9872,2026-09-23 17:00:00+00:00,10001,124,122,True,True,-1,True,,0.32674264907836914,real_btc15m_ge_2025-08-07
CANARY_V45_CURRENT_HTF,1h,resample,9999,2026-09-29 00:00:00+00:00,10001,124,124,False,True,-1,True,,0.3195946216583252,real_btc15m_ge_2025-08-07
CANARY_V45_CURRENT_HTF,1h,explicit,3500,2025-12-31 05:00:00+00:00,10001,124,38,False,True,-1,True,,0.12102222442626953,real_btc15m_ge_2025-08-07
CANARY_V45_CURRENT_HTF,1h,explicit,5666,2026-03-31 11:00:00+00:00,10001,124,61,False,True,-1,True,,0.23597192764282227,real_btc15m_ge_2025-08-07
CANARY_V45_CURRENT_HTF,1h,explicit,6542,2026-05-07 23:00:00+00:00,10001,124,73,True,True,-1,True,,0.2677464485168457,real_btc15m_ge_2025-08-07
CANARY_V45_CURRENT_HTF,1h,explicit,6754,2026-05-16 19:00:00+00:00,10001,124,78,False,True,-1,True,,0.20029783248901367,real_btc15m_ge_2025-08-07
CANARY_V45_CURRENT_HTF,1h,explicit,6755,2026-05-16 20:00:00+00:00,10001,124,78,False,True,-1,True,,0.23471283912658691,real_btc15m_ge_2025-08-07
CANARY_V45_CURRENT_HTF,1h,explicit,7832,2026-06-30 17:00:00+00:00,10001,124,100,False,True,-1,True,,0.2507343292236328,real_btc15m_ge_2025-08-07
CANARY_V45_CURRENT_HTF,1h,explicit,8231,2026-07-17 08:00:00+00:00,10001,124,108,True,True,-1,True,,0.23993587493896484,real_btc15m_ge_2025-08-07
CANARY_V45_CURRENT_HTF,1h,explicit,9199,2026-08-26 16:00:00+00:00,10001,124,109,False,True,-1,True,,0.2355351448059082,real_btc15m_ge_2025-08-07
CANARY_V45_CURRENT_HTF,1h,explicit,9200,2026-08-26 17:00:00+00:00,10001,124,110,True,True,-1,True,,0.2420201301574707,real_btc15m_ge_2025-08-07
CANARY_V45_CURRENT_HTF,1h,explicit,9871,2026-09-23 16:00:00+00:00,10001,124,121,False,True,-1,True,,0.2941420078277588,real_btc15m_ge_2025-08-07
CANARY_V45_CURRENT_HTF,1h,explicit,9872,2026-09-23 17:00:00+00:00,10001,124,122,True,True,-1,True,,0.28621768951416016,real_btc15m_ge_2025-08-07
CANARY_V45_CURRENT_HTF,1h,explicit,9999,2026-09-29 00:00:00+00:00,10001,124,124,False,True,-1,True,,0.46268534660339355,real_btc15m_ge_2025-08-07
V45_AMB,1h,components_explicit,3500,2025-12-31 05:00:00+00:00,10001,9998,3498,False,True,-1,False,,0.0,real_btc15m_ge_2025-08-07
V45_AMB,1h,components_explicit,4068,2026-01-23 21:00:00+00:00,10001,9998,4066,False,True,-1,False,,0.0,real_btc15m_ge_2025-08-07
V45_AMB,1h,components_explicit,5666,2026-03-31 11:00:00+00:00,10001,9998,5664,False,True,-1,False,,0.0,real_btc15m_ge_2025-08-07
V45_AMB,1h,components_explicit,6654,2026-05-12 15:00:00+00:00,10001,9998,6652,False,True,-1,False,,0.0,real_btc15m_ge_2025-08-07
V45_AMB,1h,components_explicit,6754,2026-05-16 19:00:00+00:00,10001,9998,6752,False,True,-1,False,,0.0,real_btc15m_ge_2025-08-07
V45_AMB,1h,components_explicit,6755,2026-05-16 20:00:00+00:00,10001,9998,6753,False,True,-1,False,,0.0,real_btc15m_ge_2025-08-07
V45_AMB,1h,components_explicit,6834,2026-05-20 03:00:00+00:00,10001,9998,6832,False,True,-1,False,,0.0,real_btc15m_ge_2025-08-07
V45_AMB,1h,components_explicit,7832,2026-06-30 17:00:00+00:00,10001,9998,7830,False,True,-1,False,,0.0,real_btc15m_ge_2025-08-07
V45_AMB,1h,components_explicit,8218,2026-07-16 19:00:00+00:00,10001,9998,8216,False,True,-1,False,,0.0,real_btc15m_ge_2025-08-07
V45_AMB,1h,components_explicit,8654,2026-08-03 23:00:00+00:00,10001,9998,8652,False,True,-1,False,,0.0,real_btc15m_ge_2025-08-07
V45_AMB,1h,components_explicit,9689,2026-09-16 02:00:00+00:00,10001,9998,9687,False,True,-1,False,,0.0,real_btc15m_ge_2025-08-07
V45_AMB,1h,components_explicit,9999,2026-09-29 00:00:00+00:00,10001,9998,9997,False,True,-1,False,,0.0,real_btc15m_ge_2025-08-07
V45_AMB,1h,components_resample,3500,2025-12-31 05:00:00+00:00,10001,9998,3498,False,True,-1,False,,0.0,real_btc15m_ge_2025-08-07
V45_AMB,1h,components_resample,4068,2026-01-23 21:00:00+00:00,10001,9998,4066,False,True,-1,False,,0.0,real_btc15m_ge_2025-08-07
V45_AMB,1h,components_resample,5666,2026-03-31 11:00:00+00:00,10001,9998,5664,False,True,-1,False,,0.0,real_btc15m_ge_2025-08-07
V45_AMB,1h,components_resample,6654,2026-05-12 15:00:00+00:00,10001,9998,6652,False,True,-1,False,,0.0,real_btc15m_ge_2025-08-07
V45_AMB,1h,components_resample,6754,2026-05-16 19:00:00+00:00,10001,9998,6752,False,True,-1,False,,0.0,real_btc15m_ge_2025-08-07
V45_AMB,1h,components_resample,6755,2026-05-16 20:00:00+00:00,10001,9998,6753,False,True,-1,False,,0.0,real_btc15m_ge_2025-08-07
V45_AMB,1h,components_resample,6834,2026-05-20 03:00:00+00:00,10001,9998,6832,False,True,-1,False,,0.0,real_btc15m_ge_2025-08-07
V45_AMB,1h,components_resample,7832,2026-06-30 17:00:00+00:00,10001,9998,7830,False,True,-1,False,,0.0,real_btc15m_ge_2025-08-07
V45_AMB,1h,components_resample,8218,2026-07-16 19:00:00+00:00,10001,9998,8216,False,True,-1,False,,0.0,real_btc15m_ge_2025-08-07
V45_AMB,1h,components_resample,8654,2026-08-03 23:00:00+00:00,10001,9998,8652,False,True,-1,False,,0.0,real_btc15m_ge_2025-08-07
V45_AMB,1h,components_resample,9689,2026-09-16 02:00:00+00:00,10001,9998,9687,False,True,-1,False,,0.0,real_btc15m_ge_2025-08-07
V45_AMB,1h,components_resample,9999,2026-09-29 00:00:00+00:00,10001,9998,9997,False,True,-1,False,,0.0,real_btc15m_ge_2025-08-07
CANARY_V45_CURRENT_HTF,1h,components_explicit,3500,2025-12-31 05:00:00+00:00,10001,10001,3501,False,False,3499,True,,0.0,real_btc15m_ge_2025-08-07
CANARY_V45_CURRENT_HTF,1h,components_explicit,4753,2026-02-21 10:00:00+00:00,10001,10001,4754,False,False,4751,True,,0.0,real_btc15m_ge_2025-08-07
CANARY_V45_CURRENT_HTF,1h,components_explicit,4790,2026-02-22 23:00:00+00:00,10001,10001,4791,False,False,4787,True,,0.0,real_btc15m_ge_2025-08-07
CANARY_V45_CURRENT_HTF,1h,components_explicit,4971,2026-03-02 12:00:00+00:00,10001,10001,4972,False,False,4971,True,,0.0,real_btc15m_ge_2025-08-07
CANARY_V45_CURRENT_HTF,1h,components_explicit,4999,2026-03-03 16:00:00+00:00,10001,10001,5000,False,False,4999,True,,0.0,real_btc15m_ge_2025-08-07
CANARY_V45_CURRENT_HTF,1h,components_explicit,5666,2026-03-31 11:00:00+00:00,10001,10001,5667,False,False,5663,True,,0.0,real_btc15m_ge_2025-08-07
CANARY_V45_CURRENT_HTF,1h,components_explicit,5860,2026-04-08 13:00:00+00:00,10001,10001,5861,False,False,5859,True,,0.0,real_btc15m_ge_2025-08-07
CANARY_V45_CURRENT_HTF,1h,components_explicit,6754,2026-05-16 19:00:00+00:00,10001,10001,6755,False,False,6751,True,,0.0,real_btc15m_ge_2025-08-07
CANARY_V45_CURRENT_HTF,1h,components_explicit,6755,2026-05-16 20:00:00+00:00,10001,10001,6756,False,False,6755,True,,0.0,real_btc15m_ge_2025-08-07
CANARY_V45_CURRENT_HTF,1h,components_explicit,7832,2026-06-30 17:00:00+00:00,10001,10001,7833,False,False,7831,True,,0.0,real_btc15m_ge_2025-08-07
CANARY_V45_CURRENT_HTF,1h,components_explicit,9414,2026-09-04 15:00:00+00:00,10001,10001,9415,False,False,9411,True,,0.0,real_btc15m_ge_2025-08-07
CANARY_V45_CURRENT_HTF,1h,components_explicit,9999,2026-09-29 00:00:00+00:00,10001,10001,10000,False,False,9999,True,,0.0,real_btc15m_ge_2025-08-07
CANARY_V45_CURRENT_HTF,1h,components_resample,3500,2025-12-31 05:00:00+00:00,10001,10001,3501,False,True,-1,True,,0.0,real_btc15m_ge_2025-08-07
CANARY_V45_CURRENT_HTF,1h,components_resample,4753,2026-02-21 10:00:00+00:00,10001,10001,4754,False,True,-1,True,,0.0,real_btc15m_ge_2025-08-07
CANARY_V45_CURRENT_HTF,1h,components_resample,4790,2026-02-22 23:00:00+00:00,10001,10001,4791,False,True,-1,True,,0.0,real_btc15m_ge_2025-08-07
CANARY_V45_CURRENT_HTF,1h,components_resample,4971,2026-03-02 12:00:00+00:00,10001,10001,4972,False,False,4971,True,,0.0,real_btc15m_ge_2025-08-07
CANARY_V45_CURRENT_HTF,1h,components_resample,4999,2026-03-03 16:00:00+00:00,10001,10001,5000,False,True,-1,True,,0.0,real_btc15m_ge_2025-08-07
CANARY_V45_CURRENT_HTF,1h,components_resample,5666,2026-03-31 11:00:00+00:00,10001,10001,5667,False,True,-1,True,,0.0,real_btc15m_ge_2025-08-07
CANARY_V45_CURRENT_HTF,1h,components_resample,5860,2026-04-08 13:00:00+00:00,10001,10001,5861,False,True,-1,True,,0.0,real_btc15m_ge_2025-08-07
CANARY_V45_CURRENT_HTF,1h,components_resample,6754,2026-05-16 19:00:00+00:00,10001,10001,6755,False,True,-1,True,,0.0,real_btc15m_ge_2025-08-07
CANARY_V45_CURRENT_HTF,1h,components_resample,6755,2026-05-16 20:00:00+00:00,10001,10001,6756,False,True,-1,True,,0.0,real_btc15m_ge_2025-08-07
CANARY_V45_CURRENT_HTF,1h,components_resample,7832,2026-06-30 17:00:00+00:00,10001,10001,7833,False,True,-1,True,,0.0,real_btc15m_ge_2025-08-07
CANARY_V45_CURRENT_HTF,1h,components_resample,9414,2026-09-04 15:00:00+00:00,10001,10001,9415,False,True,-1,True,,0.0,real_btc15m_ge_2025-08-07
CANARY_V45_CURRENT_HTF,1h,components_resample,9999,2026-09-29 00:00:00+00:00,10001,10001,10000,False,True,-1,True,,0.0,real_btc15m_ge_2025-08-07
S2_ST_ROC,4h,plain,875,2025-12-31 04:00:00+00:00,2501,194,70,False,True,-1,False,,0.005362510681152344,real_btc15m_ge_2025-08-07
S2_ST_ROC,4h,plain,1416,2026-03-31 08:00:00+00:00,2501,194,108,False,True,-1,False,,0.007314205169677734,real_btc15m_ge_2025-08-07
S2_ST_ROC,4h,plain,1952,2026-06-29 16:00:00+00:00,2501,194,146,False,True,-1,False,,0.00915980339050293,real_btc15m_ge_2025-08-07
S2_ST_ROC,4h,plain,1953,2026-06-29 20:00:00+00:00,2501,194,147,True,True,-1,False,,0.00895547866821289,real_btc15m_ge_2025-08-07
S2_ST_ROC,4h,plain,1957,2026-06-30 12:00:00+00:00,2501,194,148,False,True,-1,False,,0.00954294204711914,real_btc15m_ge_2025-08-07
S2_ST_ROC,4h,plain,2041,2026-07-14 12:00:00+00:00,2501,194,155,True,True,-1,False,,0.00948190689086914,real_btc15m_ge_2025-08-07
S2_ST_ROC,4h,plain,2382,2026-09-09 08:00:00+00:00,2501,194,182,True,True,-1,False,,0.010283946990966797,real_btc15m_ge_2025-08-07
S2_ST_ROC,4h,plain,2409,2026-09-13 20:00:00+00:00,2501,194,184,False,True,-1,False,,0.010495901107788086,real_btc15m_ge_2025-08-07
S2_ST_ROC,4h,plain,2410,2026-09-14 00:00:00+00:00,2501,194,185,True,True,-1,False,,0.010822772979736328,real_btc15m_ge_2025-08-07
S2_ST_ROC,4h,plain,2499,2026-09-28 20:00:00+00:00,2501,194,194,False,True,-1,False,,0.011152267456054688,real_btc15m_ge_2025-08-07
S5_DONCHIAN_MFI,4h,plain,875,2025-12-31 04:00:00+00:00,2501,5,2,False,True,-1,False,,0.0037517547607421875,real_btc15m_ge_2025-08-07
S5_DONCHIAN_MFI,4h,plain,1416,2026-03-31 08:00:00+00:00,2501,5,2,False,True,-1,False,,0.003730297088623047,real_btc15m_ge_2025-08-07
S5_DONCHIAN_MFI,4h,plain,1497,2026-04-13 20:00:00+00:00,2501,5,3,True,True,-1,False,,0.003615140914916992,real_btc15m_ge_2025-08-07
S5_DONCHIAN_MFI,4h,plain,1957,2026-06-30 12:00:00+00:00,2501,5,3,False,True,-1,False,,0.0036199092864990234,real_btc15m_ge_2025-08-07
S5_DONCHIAN_MFI,4h,plain,2040,2026-07-14 08:00:00+00:00,2501,5,3,False,True,-1,False,,0.0035691261291503906,real_btc15m_ge_2025-08-07
S5_DONCHIAN_MFI,4h,plain,2041,2026-07-14 12:00:00+00:00,2501,5,4,True,True,-1,False,,0.003598451614379883,real_btc15m_ge_2025-08-07
S5_DONCHIAN_MFI,4h,plain,2311,2026-08-28 12:00:00+00:00,2501,5,4,False,True,-1,False,,0.0034203529357910156,real_btc15m_ge_2025-08-07
S5_DONCHIAN_MFI,4h,plain,2312,2026-08-28 16:00:00+00:00,2501,5,5,True,True,-1,False,,0.003499269485473633,real_btc15m_ge_2025-08-07
S5_DONCHIAN_MFI,4h,plain,2499,2026-09-28 20:00:00+00:00,2501,5,5,False,True,-1,False,,0.003584623336791992,real_btc15m_ge_2025-08-07
S6_EMA_DMI_ADX,4h,plain,875,2025-12-31 04:00:00+00:00,2501,27,10,False,True,-1,False,,0.00437164306640625,real_btc15m_ge_2025-08-07
S6_EMA_DMI_ADX,4h,plain,917,2026-01-07 04:00:00+00:00,2501,27,10,False,True,-1,False,,0.004847288131713867,real_btc15m_ge_2025-08-07
S6_EMA_DMI_ADX,4h,plain,918,2026-01-07 08:00:00+00:00,2501,27,11,True,True,-1,False,,0.004519224166870117,real_btc15m_ge_2025-08-07
S6_EMA_DMI_ADX,4h,plain,1416,2026-03-31 08:00:00+00:00,2501,27,15,False,True,-1,False,,0.0046422481536865234,real_btc15m_ge_2025-08-07
S6_EMA_DMI_ADX,4h,plain,1669,2026-05-13 12:00:00+00:00,2501,27,19,True,True,-1,False,,0.004496574401855469,real_btc15m_ge_2025-08-07
S6_EMA_DMI_ADX,4h,plain,1957,2026-06-30 12:00:00+00:00,2501,27,21,False,True,-1,False,,0.005577802658081055,real_btc15m_ge_2025-08-07
S6_EMA_DMI_ADX,4h,plain,2161,2026-08-03 12:00:00+00:00,2501,27,23,True,True,-1,False,,0.0042726993560791016,real_btc15m_ge_2025-08-07
S6_EMA_DMI_ADX,4h,plain,2242,2026-08-17 00:00:00+00:00,2501,27,23,False,True,-1,False,,0.004800558090209961,real_btc15m_ge_2025-08-07
S6_EMA_DMI_ADX,4h,plain,2243,2026-08-17 04:00:00+00:00,2501,27,24,True,True,-1,False,,0.005028963088989258,real_btc15m_ge_2025-08-07
S6_EMA_DMI_ADX,4h,plain,2499,2026-09-28 20:00:00+00:00,2501,27,27,False,True,-1,False,,0.0050470829010009766,real_btc15m_ge_2025-08-07
N01_ST_EMA,4h,plain,875,2025-12-31 04:00:00+00:00,2501,63,22,False,True,-1,False,,0.005359649658203125,real_btc15m_ge_2025-08-07
N01_ST_EMA,4h,plain,1116,2026-02-09 08:00:00+00:00,2501,63,27,True,True,-1,False,,0.006251811981201172,real_btc15m_ge_2025-08-07
N01_ST_EMA,4h,plain,1411,2026-03-30 12:00:00+00:00,2501,63,34,False,True,-1,False,,0.00728917121887207,real_btc15m_ge_2025-08-07
N01_ST_EMA,4h,plain,1412,2026-03-30 16:00:00+00:00,2501,63,35,True,True,-1,False,,0.00716853141784668,real_btc15m_ge_2025-08-07
N01_ST_EMA,4h,plain,1416,2026-03-31 08:00:00+00:00,2501,63,36,True,True,-1,False,,0.0075244903564453125,real_btc15m_ge_2025-08-07
N01_ST_EMA,4h,plain,1595,2026-05-01 04:00:00+00:00,2501,63,41,True,True,-1,False,,0.008230924606323242,real_btc15m_ge_2025-08-07
N01_ST_EMA,4h,plain,1957,2026-06-30 12:00:00+00:00,2501,63,51,False,True,-1,False,,0.009691476821899414,real_btc15m_ge_2025-08-07
N01_ST_EMA,4h,plain,2114,2026-07-26 16:00:00+00:00,2501,63,54,False,True,-1,False,,0.010105133056640625,real_btc15m_ge_2025-08-07
N01_ST_EMA,4h,plain,2115,2026-07-26 20:00:00+00:00,2501,63,55,True,True,-1,False,,0.00991964340209961,real_btc15m_ge_2025-08-07
N01_ST_EMA,4h,plain,2499,2026-09-28 20:00:00+00:00,2501,63,63,False,True,-1,False,,0.011180400848388672,real_btc15m_ge_2025-08-07
N02_ST_KST,4h,plain,875,2025-12-31 04:00:00+00:00,2501,60,18,False,True,-1,False,,0.006825447082519531,real_btc15m_ge_2025-08-07
N02_ST_KST,4h,plain,1285,2026-03-09 12:00:00+00:00,2501,60,27,False,True,-1,False,,0.007838726043701172,real_btc15m_ge_2025-08-07
N02_ST_KST,4h,plain,1286,2026-03-09 16:00:00+00:00,2501,60,28,True,True,-1,False,,0.00764775276184082,real_btc15m_ge_2025-08-07
N02_ST_KST,4h,plain,1416,2026-03-31 08:00:00+00:00,2501,60,31,False,True,-1,False,,0.008488655090332031,real_btc15m_ge_2025-08-07
N02_ST_KST,4h,plain,1594,2026-05-01 00:00:00+00:00,2501,60,37,True,True,-1,False,,0.009122610092163086,real_btc15m_ge_2025-08-07
N02_ST_KST,4h,plain,1678,2026-05-15 00:00:00+00:00,2501,60,38,False,True,-1,False,,0.01012277603149414,real_btc15m_ge_2025-08-07
N02_ST_KST,4h,plain,1679,2026-05-15 04:00:00+00:00,2501,60,39,True,True,-1,False,,0.009684085845947266,real_btc15m_ge_2025-08-07
N02_ST_KST,4h,plain,1957,2026-06-30 12:00:00+00:00,2501,60,47,False,True,-1,False,,0.010724067687988281,real_btc15m_ge_2025-08-07
N02_ST_KST,4h,plain,2401,2026-09-12 12:00:00+00:00,2501,60,58,True,True,-1,False,,0.012804269790649414,real_btc15m_ge_2025-08-07
N02_ST_KST,4h,plain,2499,2026-09-28 20:00:00+00:00,2501,60,60,False,True,-1,False,,0.013462543487548828,real_btc15m_ge_2025-08-07
N03_ADX_GC,4h,plain,875,2025-12-31 04:00:00+00:00,2501,3,0,False,True,-1,False,,0.00429081916809082,real_btc15m_ge_2025-08-07
N03_ADX_GC,4h,plain,1360,2026-03-22 00:00:00+00:00,2501,3,0,False,True,-1,False,,0.004101753234863281,real_btc15m_ge_2025-08-07
N03_ADX_GC,4h,plain,1361,2026-03-22 04:00:00+00:00,2501,3,1,True,True,-1,False,,0.004027128219604492,real_btc15m_ge_2025-08-07
N03_ADX_GC,4h,plain,1416,2026-03-31 08:00:00+00:00,2501,3,1,False,True,-1,False,,0.004036903381347656,real_btc15m_ge_2025-08-07
N03_ADX_GC,4h,plain,1957,2026-06-30 12:00:00+00:00,2501,3,1,False,True,-1,False,,0.004223823547363281,real_btc15m_ge_2025-08-07
N03_ADX_GC,4h,plain,2145,2026-07-31 20:00:00+00:00,2501,3,1,False,True,-1,False,,0.004082918167114258,real_btc15m_ge_2025-08-07
N03_ADX_GC,4h,plain,2146,2026-08-01 00:00:00+00:00,2501,3,2,True,True,-1,False,,0.0041201114654541016,real_btc15m_ge_2025-08-07
N03_ADX_GC,4h,plain,2258,2026-08-19 16:00:00+00:00,2501,3,3,True,True,-1,False,,0.0043561458587646484,real_btc15m_ge_2025-08-07
N03_ADX_GC,4h,plain,2499,2026-09-28 20:00:00+00:00,2501,3,3,False,True,-1,False,,0.0044400691986083984,real_btc15m_ge_2025-08-07
N07_ICHI_CMO,4h,plain,875,2025-12-31 04:00:00+00:00,2501,24,8,False,True,-1,False,,0.004197835922241211,real_btc15m_ge_2025-08-07
N07_ICHI_CMO,4h,plain,1416,2026-03-31 08:00:00+00:00,2501,24,13,False,True,-1,False,,0.0041887760162353516,real_btc15m_ge_2025-08-07
N07_ICHI_CMO,4h,plain,1417,2026-03-31 12:00:00+00:00,2501,24,14,True,True,-1,False,,0.004044771194458008,real_btc15m_ge_2025-08-07
N07_ICHI_CMO,4h,plain,1724,2026-05-22 16:00:00+00:00,2501,24,17,True,True,-1,False,,0.0046041011810302734,real_btc15m_ge_2025-08-07
N07_ICHI_CMO,4h,plain,1837,2026-06-10 12:00:00+00:00,2501,24,18,True,True,-1,False,,0.0045201778411865234,real_btc15m_ge_2025-08-07
N07_ICHI_CMO,4h,plain,1957,2026-06-30 12:00:00+00:00,2501,24,18,False,True,-1,False,,0.004392862319946289,real_btc15m_ge_2025-08-07
N07_ICHI_CMO,4h,plain,2405,2026-09-13 04:00:00+00:00,2501,24,23,False,True,-1,False,,0.004412174224853516,real_btc15m_ge_2025-08-07
N07_ICHI_CMO,4h,plain,2406,2026-09-13 08:00:00+00:00,2501,24,24,True,True,-1,False,,0.004280567169189453,real_btc15m_ge_2025-08-07
N07_ICHI_CMO,4h,plain,2499,2026-09-28 20:00:00+00:00,2501,24,24,False,True,-1,False,,0.004610300064086914,real_btc15m_ge_2025-08-07
N08_ICHI_WR,4h,plain,875,2025-12-31 04:00:00+00:00,2501,1,1,False,True,-1,False,,0.0032515525817871094,real_btc15m_ge_2025-08-07
N08_ICHI_WR,4h,plain,1416,2026-03-31 08:00:00+00:00,2501,1,1,False,True,-1,False,,0.003458738327026367,real_btc15m_ge_2025-08-07
N08_ICHI_WR,4h,plain,1957,2026-06-30 12:00:00+00:00,2501,1,1,False,True,-1,False,,0.004386186599731445,real_btc15m_ge_2025-08-07
N08_ICHI_WR,4h,plain,2499,2026-09-28 20:00:00+00:00,2501,1,1,False,True,-1,False,,0.004004478454589844,real_btc15m_ge_2025-08-07
N09_ALLIG_AROON,4h,plain,875,2025-12-31 04:00:00+00:00,2501,29,9,False,True,-1,False,,0.002065420150756836,real_btc15m_ge_2025-08-07
N09_ALLIG_AROON,4h,plain,1166,2026-02-17 16:00:00+00:00,2501,29,12,True,True,-1,False,,0.0021359920501708984,real_btc15m_ge_2025-08-07
N09_ALLIG_AROON,4h,plain,1416,2026-03-31 08:00:00+00:00,2501,29,13,False,True,-1,False,,0.002106189727783203,real_btc15m_ge_2025-08-07
N09_ALLIG_AROON,4h,plain,1951,2026-06-29 12:00:00+00:00,2501,29,20,False,True,-1,False,,0.0022881031036376953,real_btc15m_ge_2025-08-07
N09_ALLIG_AROON,4h,plain,1952,2026-06-29 16:00:00+00:00,2501,29,21,True,True,-1,False,,0.002420186996459961,real_btc15m_ge_2025-08-07
N09_ALLIG_AROON,4h,plain,1957,2026-06-30 12:00:00+00:00,2501,29,21,False,True,-1,False,,0.0025005340576171875,real_btc15m_ge_2025-08-07
N09_ALLIG_AROON,4h,plain,2312,2026-08-28 16:00:00+00:00,2501,29,25,True,True,-1,False,,0.002554655075073242,real_btc15m_ge_2025-08-07
N09_ALLIG_AROON,4h,plain,2494,2026-09-28 00:00:00+00:00,2501,29,28,False,True,-1,False,,0.0026743412017822266,real_btc15m_ge_2025-08-07
N09_ALLIG_AROON,4h,plain,2495,2026-09-28 04:00:00+00:00,2501,29,29,True,True,-1,False,,0.0027456283569335938,real_btc15m_ge_2025-08-07
N09_ALLIG_AROON,4h,plain,2499,2026-09-28 20:00:00+00:00,2501,29,29,False,True,-1,False,,0.0026106834411621094,real_btc15m_ge_2025-08-07
N10_HA_PSAR,4h,plain,875,2025-12-31 04:00:00+00:00,2501,77,34,False,True,-1,False,,0.004458904266357422,real_btc15m_ge_2025-08-07
N10_HA_PSAR,4h,plain,1074,2026-02-02 08:00:00+00:00,2501,77,39,False,True,-1,False,,0.004515171051025391,real_btc15m_ge_2025-08-07
N10_HA_PSAR,4h,plain,1075,2026-02-02 12:00:00+00:00,2501,77,40,True,True,-1,False,,0.00440526008605957,real_btc15m_ge_2025-08-07
N10_HA_PSAR,4h,plain,1416,2026-03-31 08:00:00+00:00,2501,77,51,False,True,-1,False,,0.005221128463745117,real_btc15m_ge_2025-08-07
N10_HA_PSAR,4h,plain,1486,2026-04-12 00:00:00+00:00,2501,77,55,True,True,-1,False,,0.004738569259643555,real_btc15m_ge_2025-08-07
N10_HA_PSAR,4h,plain,1495,2026-04-13 12:00:00+00:00,2501,77,55,False,True,-1,False,,0.004534721374511719,real_btc15m_ge_2025-08-07
N10_HA_PSAR,4h,plain,1496,2026-04-13 16:00:00+00:00,2501,77,56,True,True,-1,False,,0.0046842098236083984,real_btc15m_ge_2025-08-07
N10_HA_PSAR,4h,plain,1957,2026-06-30 12:00:00+00:00,2501,77,64,False,True,-1,False,,0.005542278289794922,real_btc15m_ge_2025-08-07
N10_HA_PSAR,4h,plain,2381,2026-09-09 04:00:00+00:00,2501,77,75,True,True,-1,False,,0.00612640380859375,real_btc15m_ge_2025-08-07
N10_HA_PSAR,4h,plain,2499,2026-09-28 20:00:00+00:00,2501,77,77,False,True,-1,False,,0.005844831466674805,real_btc15m_ge_2025-08-07
N12_ICHI_AO,4h,plain,875,2025-12-31 04:00:00+00:00,2501,28,8,False,True,-1,False,,0.003204822540283203,real_btc15m_ge_2025-08-07
N12_ICHI_AO,4h,plain,1416,2026-03-31 08:00:00+00:00,2501,28,13,False,True,-1,False,,0.003426074981689453,real_btc15m_ge_2025-08-07
N12_ICHI_AO,4h,plain,1435,2026-04-03 12:00:00+00:00,2501,28,14,True,True,-1,False,,0.0035796165466308594,real_btc15m_ge_2025-08-07
N12_ICHI_AO,4h,plain,1597,2026-05-01 12:00:00+00:00,2501,28,16,True,True,-1,False,,0.003444671630859375,real_btc15m_ge_2025-08-07
N12_ICHI_AO,4h,plain,1679,2026-05-15 04:00:00+00:00,2501,28,17,False,True,-1,False,,0.003657817840576172,real_btc15m_ge_2025-08-07
N12_ICHI_AO,4h,plain,1680,2026-05-15 08:00:00+00:00,2501,28,18,True,True,-1,False,,0.003651857376098633,real_btc15m_ge_2025-08-07
N12_ICHI_AO,4h,plain,1723,2026-05-22 12:00:00+00:00,2501,28,18,False,True,-1,False,,0.0034339427947998047,real_btc15m_ge_2025-08-07
N12_ICHI_AO,4h,plain,1724,2026-05-22 16:00:00+00:00,2501,28,19,True,True,-1,False,,0.0032596588134765625,real_btc15m_ge_2025-08-07
N12_ICHI_AO,4h,plain,1957,2026-06-30 12:00:00+00:00,2501,28,21,True,True,-1,False,,0.003425121307373047,real_btc15m_ge_2025-08-07
N12_ICHI_AO,4h,plain,2499,2026-09-28 20:00:00+00:00,2501,28,28,False,True,-1,False,,0.0036339759826660156,real_btc15m_ge_2025-08-07
N14_ICHI_RSI,4h,plain,875,2025-12-31 04:00:00+00:00,2501,0,0,False,True,-1,False,,0.004704475402832031,real_btc15m_ge_2025-08-07
N14_ICHI_RSI,4h,plain,1416,2026-03-31 08:00:00+00:00,2501,0,0,False,True,-1,False,,0.004559993743896484,real_btc15m_ge_2025-08-07
N14_ICHI_RSI,4h,plain,1957,2026-06-30 12:00:00+00:00,2501,0,0,False,True,-1,False,,0.004433155059814453,real_btc15m_ge_2025-08-07
N14_ICHI_RSI,4h,plain,2499,2026-09-28 20:00:00+00:00,2501,0,0,False,True,-1,False,,0.007488250732421875,real_btc15m_ge_2025-08-07
N17_KC_RSI,4h,plain,875,2025-12-31 04:00:00+00:00,2501,407,144,False,True,-1,False,,0.006285190582275391,real_btc15m_ge_2025-08-07
N17_KC_RSI,4h,plain,900,2026-01-04 08:00:00+00:00,2501,407,147,True,True,-1,False,,0.006254434585571289,real_btc15m_ge_2025-08-07
N17_KC_RSI,4h,plain,901,2026-01-04 12:00:00+00:00,2501,407,148,True,True,-1,False,,0.0058135986328125,real_btc15m_ge_2025-08-07
N17_KC_RSI,4h,plain,997,2026-01-20 12:00:00+00:00,2501,407,170,True,True,-1,False,,0.005049705505371094,real_btc15m_ge_2025-08-07
N17_KC_RSI,4h,plain,1067,2026-02-01 04:00:00+00:00,2501,407,195,True,True,-1,False,,0.004593849182128906,real_btc15m_ge_2025-08-07
N17_KC_RSI,4h,plain,1416,2026-03-31 08:00:00+00:00,2501,407,242,False,True,-1,False,,0.004140615463256836,real_btc15m_ge_2025-08-07
N17_KC_RSI,4h,plain,1957,2026-06-30 12:00:00+00:00,2501,407,324,False,True,-1,False,,0.004075288772583008,real_btc15m_ge_2025-08-07
N17_KC_RSI,4h,plain,2462,2026-09-22 16:00:00+00:00,2501,407,402,True,True,-1,False,,0.004210472106933594,real_btc15m_ge_2025-08-07
N17_KC_RSI,4h,plain,2463,2026-09-22 20:00:00+00:00,2501,407,403,True,True,-1,False,,0.004170656204223633,real_btc15m_ge_2025-08-07
N17_KC_RSI,4h,plain,2499,2026-09-28 20:00:00+00:00,2501,407,407,False,True,-1,False,,0.0047643184661865234,real_btc15m_ge_2025-08-07
N18_VWMA_MACD,4h,plain,875,2025-12-31 04:00:00+00:00,2501,198,69,False,True,-1,False,,0.0029671192169189453,real_btc15m_ge_2025-08-07
N18_VWMA_MACD,4h,plain,1388,2026-03-26 16:00:00+00:00,2501,198,95,True,True,-1,False,,0.0030853748321533203,real_btc15m_ge_2025-08-07
N18_VWMA_MACD,4h,plain,1416,2026-03-31 08:00:00+00:00,2501,198,95,False,True,-1,False,,0.0032639503479003906,real_btc15m_ge_2025-08-07
N18_VWMA_MACD,4h,plain,1541,2026-04-21 04:00:00+00:00,2501,198,116,True,True,-1,False,,0.003034353256225586,real_btc15m_ge_2025-08-07
N18_VWMA_MACD,4h,plain,1542,2026-04-21 08:00:00+00:00,2501,198,117,True,True,-1,False,,0.003747224807739258,real_btc15m_ge_2025-08-07
N18_VWMA_MACD,4h,plain,1706,2026-05-19 16:00:00+00:00,2501,198,132,True,True,-1,False,,0.003916501998901367,real_btc15m_ge_2025-08-07
N18_VWMA_MACD,4h,plain,1707,2026-05-19 20:00:00+00:00,2501,198,133,True,True,-1,False,,0.0028696060180664062,real_btc15m_ge_2025-08-07
N18_VWMA_MACD,4h,plain,1957,2026-06-30 12:00:00+00:00,2501,198,151,True,True,-1,False,,0.00447392463684082,real_btc15m_ge_2025-08-07
N18_VWMA_MACD,4h,plain,2043,2026-07-14 20:00:00+00:00,2501,198,161,True,True,-1,False,,0.004456520080566406,real_btc15m_ge_2025-08-07
N18_VWMA_MACD,4h,plain,2499,2026-09-28 20:00:00+00:00,2501,198,198,False,True,-1,False,,0.00413823127746582,real_btc15m_ge_2025-08-07
N21_ST_RSI_ADX,4h,plain,875,2025-12-31 04:00:00+00:00,2501,0,0,False,True,-1,False,,0.010900259017944336,real_btc15m_ge_2025-08-07
N21_ST_RSI_ADX,4h,plain,1416,2026-03-31 08:00:00+00:00,2501,0,0,False,True,-1,False,,0.011487007141113281,real_btc15m_ge_2025-08-07
N21_ST_RSI_ADX,4h,plain,1957,2026-06-30 12:00:00+00:00,2501,0,0,False,True,-1,False,,0.021389245986938477,real_btc15m_ge_2025-08-07
N21_ST_RSI_ADX,4h,plain,2499,2026-09-28 20:00:00+00:00,2501,0,0,False,True,-1,False,,0.01623988151550293,real_btc15m_ge_2025-08-07
N22_VORTEX_PSAR,4h,plain,875,2025-12-31 04:00:00+00:00,2501,165,58,False,True,-1,False,,0.0035881996154785156,real_btc15m_ge_2025-08-07
N22_VORTEX_PSAR,4h,plain,1155,2026-02-15 20:00:00+00:00,2501,165,74,False,True,-1,False,,0.0035552978515625,real_btc15m_ge_2025-08-07
N22_VORTEX_PSAR,4h,plain,1156,2026-02-16 00:00:00+00:00,2501,165,75,True,True,-1,False,,0.005332469940185547,real_btc15m_ge_2025-08-07
N22_VORTEX_PSAR,4h,plain,1306,2026-03-13 00:00:00+00:00,2501,165,87,True,True,-1,False,,0.004183769226074219,real_btc15m_ge_2025-08-07
N22_VORTEX_PSAR,4h,plain,1416,2026-03-31 08:00:00+00:00,2501,165,96,False,True,-1,False,,0.004760265350341797,real_btc15m_ge_2025-08-07
N22_VORTEX_PSAR,4h,plain,1723,2026-05-22 12:00:00+00:00,2501,165,115,True,True,-1,False,,0.006070613861083984,real_btc15m_ge_2025-08-07
N22_VORTEX_PSAR,4h,plain,1949,2026-06-29 04:00:00+00:00,2501,165,127,False,True,-1,False,,0.0050237178802490234,real_btc15m_ge_2025-08-07
N22_VORTEX_PSAR,4h,plain,1950,2026-06-29 08:00:00+00:00,2501,165,128,True,True,-1,False,,0.0043447017669677734,real_btc15m_ge_2025-08-07
N22_VORTEX_PSAR,4h,plain,1957,2026-06-30 12:00:00+00:00,2501,165,128,False,True,-1,False,,0.012269735336303711,real_btc15m_ge_2025-08-07
N22_VORTEX_PSAR,4h,plain,2499,2026-09-28 20:00:00+00:00,2501,165,165,False,True,-1,False,,0.007567882537841797,real_btc15m_ge_2025-08-07
N23_HA_ST,4h,plain,875,2025-12-31 04:00:00+00:00,2501,253,90,False,True,-1,False,,0.012560844421386719,real_btc15m_ge_2025-08-07
N23_HA_ST,4h,plain,1416,2026-03-31 08:00:00+00:00,2501,253,140,False,True,-1,False,,0.010169267654418945,real_btc15m_ge_2025-08-07
N23_HA_ST,4h,plain,1676,2026-05-14 16:00:00+00:00,2501,253,172,True,True,-1,False,,0.010266780853271484,real_btc15m_ge_2025-08-07
N23_HA_ST,4h,plain,1957,2026-06-30 12:00:00+00:00,2501,253,201,False,True,-1,False,,0.01220703125,real_btc15m_ge_2025-08-07
N23_HA_ST,4h,plain,2038,2026-07-14 00:00:00+00:00,2501,253,205,False,True,-1,False,,0.013159751892089844,real_btc15m_ge_2025-08-07
N23_HA_ST,4h,plain,2039,2026-07-14 04:00:00+00:00,2501,253,206,True,True,-1,False,,0.016301870346069336,real_btc15m_ge_2025-08-07
N23_HA_ST,4h,plain,2219,2026-08-13 04:00:00+00:00,2501,253,228,True,True,-1,False,,0.017187118530273438,real_btc15m_ge_2025-08-07
N23_HA_ST,4h,plain,2359,2026-09-05 12:00:00+00:00,2501,253,241,False,True,-1,False,,0.013651371002197266,real_btc15m_ge_2025-08-07
N23_HA_ST,4h,plain,2360,2026-09-05 16:00:00+00:00,2501,253,242,True,True,-1,False,,0.014551877975463867,real_btc15m_ge_2025-08-07
N23_HA_ST,4h,plain,2499,2026-09-28 20:00:00+00:00,2501,253,253,False,True,-1,False,,0.014099597930908203,real_btc15m_ge_2025-08-07
N24_DMI,4h,plain,875,2025-12-31 04:00:00+00:00,2501,102,35,False,True,-1,False,,0.004266262054443359,real_btc15m_ge_2025-08-07
N24_DMI,4h,plain,1044,2026-01-28 08:00:00+00:00,2501,102,41,True,True,-1,False,,0.003168821334838867,real_btc15m_ge_2025-08-07
N24_DMI,4h,plain,1375,2026-03-24 12:00:00+00:00,2501,102,51,True,True,-1,False,,0.0031642913818359375,real_btc15m_ge_2025-08-07
N24_DMI,4h,plain,1416,2026-03-31 08:00:00+00:00,2501,102,52,False,True,-1,False,,0.003136873245239258,real_btc15m_ge_2025-08-07
N24_DMI,4h,plain,1750,2026-05-27 00:00:00+00:00,2501,102,64,False,True,-1,False,,0.0031478404998779297,real_btc15m_ge_2025-08-07
N24_DMI,4h,plain,1751,2026-05-27 04:00:00+00:00,2501,102,65,True,True,-1,False,,0.0039215087890625,real_btc15m_ge_2025-08-07
N24_DMI,4h,plain,1912,2026-06-23 00:00:00+00:00,2501,102,70,False,True,-1,False,,0.0034248828887939453,real_btc15m_ge_2025-08-07
N24_DMI,4h,plain,1913,2026-06-23 04:00:00+00:00,2501,102,71,True,True,-1,False,,0.0034668445587158203,real_btc15m_ge_2025-08-07
N24_DMI,4h,plain,1957,2026-06-30 12:00:00+00:00,2501,102,71,False,True,-1,False,,0.0034339427947998047,real_btc15m_ge_2025-08-07
N24_DMI,4h,plain,2499,2026-09-28 20:00:00+00:00,2501,102,101,False,True,-1,False,,0.0033600330352783203,real_btc15m_ge_2025-08-07
N25_DST_CCI,4h,plain,875,2025-12-31 04:00:00+00:00,2501,106,37,False,True,-1,False,,0.009662866592407227,real_btc15m_ge_2025-08-07
N25_DST_CCI,4h,plain,1416,2026-03-31 08:00:00+00:00,2501,106,54,True,True,-1,False,,0.01385188102722168,real_btc15m_ge_2025-08-07
N25_DST_CCI,4h,plain,1638,2026-05-08 08:00:00+00:00,2501,106,62,True,True,-1,False,,0.015602350234985352,real_btc15m_ge_2025-08-07
N25_DST_CCI,4h,plain,1957,2026-06-30 12:00:00+00:00,2501,106,76,False,True,-1,False,,0.017516613006591797,real_btc15m_ge_2025-08-07
N25_DST_CCI,4h,plain,2000,2026-07-07 16:00:00+00:00,2501,106,81,False,True,-1,False,,0.017817020416259766,real_btc15m_ge_2025-08-07
N25_DST_CCI,4h,plain,2001,2026-07-07 20:00:00+00:00,2501,106,82,True,True,-1,False,,0.019357919692993164,real_btc15m_ge_2025-08-07
N25_DST_CCI,4h,plain,2008,2026-07-09 00:00:00+00:00,2501,106,82,False,True,-1,False,,0.019279003143310547,real_btc15m_ge_2025-08-07
N25_DST_CCI,4h,plain,2009,2026-07-09 04:00:00+00:00,2501,106,83,True,True,-1,False,,0.01967620849609375,real_btc15m_ge_2025-08-07
N25_DST_CCI,4h,plain,2223,2026-08-13 20:00:00+00:00,2501,106,95,True,True,-1,False,,0.019443511962890625,real_btc15m_ge_2025-08-07
N25_DST_CCI,4h,plain,2499,2026-09-28 20:00:00+00:00,2501,106,106,False,True,-1,False,,0.02559185028076172,real_btc15m_ge_2025-08-07
S1_EMA_RSI_CHOP,4h,plain,875,2025-12-31 04:00:00+00:00,2501,0,0,False,True,-1,False,,0.010797500610351562,real_btc15m_ge_2025-08-07
S1_EMA_RSI_CHOP,4h,plain,1416,2026-03-31 08:00:00+00:00,2501,0,0,False,True,-1,False,,0.00844264030456543,real_btc15m_ge_2025-08-07
S1_EMA_RSI_CHOP,4h,plain,1957,2026-06-30 12:00:00+00:00,2501,0,0,False,True,-1,False,,0.008801937103271484,real_btc15m_ge_2025-08-07
S1_EMA_RSI_CHOP,4h,plain,2499,2026-09-28 20:00:00+00:00,2501,0,0,False,True,-1,False,,0.008731842041015625,real_btc15m_ge_2025-08-07
S3_CMO_SANDWICH,4h,plain,875,2025-12-31 04:00:00+00:00,2501,13,4,False,True,-1,False,,0.0035452842712402344,real_btc15m_ge_2025-08-07
S3_CMO_SANDWICH,4h,plain,1012,2026-01-23 00:00:00+00:00,2501,13,6,False,True,-1,False,,0.004675865173339844,real_btc15m_ge_2025-08-07
S3_CMO_SANDWICH,4h,plain,1013,2026-01-23 04:00:00+00:00,2501,13,7,True,True,-1,False,,0.003968238830566406,real_btc15m_ge_2025-08-07
S3_CMO_SANDWICH,4h,plain,1015,2026-01-23 12:00:00+00:00,2501,13,8,True,True,-1,False,,0.003976583480834961,real_btc15m_ge_2025-08-07
S3_CMO_SANDWICH,4h,plain,1114,2026-02-09 00:00:00+00:00,2501,13,8,False,True,-1,False,,0.0041005611419677734,real_btc15m_ge_2025-08-07
S3_CMO_SANDWICH,4h,plain,1115,2026-02-09 04:00:00+00:00,2501,13,9,True,True,-1,False,,0.004033088684082031,real_btc15m_ge_2025-08-07
S3_CMO_SANDWICH,4h,plain,1416,2026-03-31 08:00:00+00:00,2501,13,11,False,True,-1,False,,0.0041005611419677734,real_btc15m_ge_2025-08-07
S3_CMO_SANDWICH,4h,plain,1957,2026-06-30 12:00:00+00:00,2501,13,11,False,True,-1,False,,0.0043528079986572266,real_btc15m_ge_2025-08-07
S3_CMO_SANDWICH,4h,plain,2285,2026-08-24 04:00:00+00:00,2501,13,13,True,True,-1,False,,0.007553577423095703,real_btc15m_ge_2025-08-07
S3_CMO_SANDWICH,4h,plain,2499,2026-09-28 20:00:00+00:00,2501,13,13,False,True,-1,False,,0.0048100948333740234,real_btc15m_ge_2025-08-07
S4_BB_BBP,4h,plain,875,2025-12-31 04:00:00+00:00,2501,88,28,False,True,-1,False,,0.0035169124603271484,real_btc15m_ge_2025-08-07
S4_BB_BBP,4h,plain,1416,2026-03-31 08:00:00+00:00,2501,88,46,False,True,-1,False,,0.003214120864868164,real_btc15m_ge_2025-08-07
S4_BB_BBP,4h,plain,1545,2026-04-21 20:00:00+00:00,2501,88,50,False,True,-1,False,,0.0038406848907470703,real_btc15m_ge_2025-08-07
S4_BB_BBP,4h,plain,1546,2026-04-23 00:00:00+00:00,2501,88,51,True,True,-1,False,,0.003809690475463867,real_btc15m_ge_2025-08-07
S4_BB_BBP,4h,plain,1549,2026-04-23 12:00:00+00:00,2501,88,52,True,True,-1,False,,0.004159688949584961,real_btc15m_ge_2025-08-07
S4_BB_BBP,4h,plain,1866,2026-06-15 08:00:00+00:00,2501,88,63,True,True,-1,False,,0.004637718200683594,real_btc15m_ge_2025-08-07
S4_BB_BBP,4h,plain,1957,2026-06-30 12:00:00+00:00,2501,88,66,False,True,-1,False,,0.0037124156951904297,real_btc15m_ge_2025-08-07
S4_BB_BBP,4h,plain,2183,2026-08-07 04:00:00+00:00,2501,88,74,False,True,-1,False,,0.003787994384765625,real_btc15m_ge_2025-08-07
S4_BB_BBP,4h,plain,2184,2026-08-07 08:00:00+00:00,2501,88,75,True,True,-1,False,,0.004017829895019531,real_btc15m_ge_2025-08-07
S4_BB_BBP,4h,plain,2499,2026-09-28 20:00:00+00:00,2501,88,88,False,True,-1,False,,0.0052640438079833984,real_btc15m_ge_2025-08-07
N04_ST_KLINGER,4h,plain,875,2025-12-31 04:00:00+00:00,2501,199,74,False,True,-1,False,,0.006313323974609375,real_btc15m_ge_2025-08-07
N04_ST_KLINGER,4h,plain,1416,2026-03-31 08:00:00+00:00,2501,199,115,False,True,-1,False,,0.009910345077514648,real_btc15m_ge_2025-08-07
N04_ST_KLINGER,4h,plain,1570,2026-04-27 00:00:00+00:00,2501,199,127,False,True,-1,False,,0.014403581619262695,real_btc15m_ge_2025-08-07
N04_ST_KLINGER,4h,plain,1571,2026-04-27 04:00:00+00:00,2501,199,128,True,True,-1,False,,0.01246786117553711,real_btc15m_ge_2025-08-07
N04_ST_KLINGER,4h,plain,1578,2026-04-28 08:00:00+00:00,2501,199,130,True,True,-1,False,,0.01310276985168457,real_btc15m_ge_2025-08-07
N04_ST_KLINGER,4h,plain,1831,2026-06-09 12:00:00+00:00,2501,199,148,False,True,-1,False,,0.015904903411865234,real_btc15m_ge_2025-08-07
N04_ST_KLINGER,4h,plain,1832,2026-06-09 16:00:00+00:00,2501,199,149,True,True,-1,False,,0.015599966049194336,real_btc15m_ge_2025-08-07
N04_ST_KLINGER,4h,plain,1909,2026-06-22 12:00:00+00:00,2501,199,154,True,True,-1,False,,0.012834310531616211,real_btc15m_ge_2025-08-07
N04_ST_KLINGER,4h,plain,1957,2026-06-30 12:00:00+00:00,2501,199,158,False,True,-1,False,,0.011724472045898438,real_btc15m_ge_2025-08-07
N04_ST_KLINGER,4h,plain,2499,2026-09-28 20:00:00+00:00,2501,199,199,False,True,-1,False,,0.014275789260864258,real_btc15m_ge_2025-08-07
N05_PSAR_POC,4h,plain,875,2025-12-31 04:00:00+00:00,2501,11,5,False,True,-1,False,,0.034455299377441406,real_btc15m_ge_2025-08-07
N05_PSAR_POC,4h,plain,1114,2026-02-09 00:00:00+00:00,2501,11,6,True,True,-1,False,,0.04807591438293457,real_btc15m_ge_2025-08-07
N05_PSAR_POC,4h,plain,1416,2026-03-31 08:00:00+00:00,2501,11,6,False,True,-1,False,,0.07216477394104004,real_btc15m_ge_2025-08-07
N05_PSAR_POC,4h,plain,1822,2026-06-08 00:00:00+00:00,2501,11,7,False,True,-1,False,,0.09703469276428223,real_btc15m_ge_2025-08-07
N05_PSAR_POC,4h,plain,1823,2026-06-08 04:00:00+00:00,2501,11,8,True,True,-1,False,,0.09638476371765137,real_btc15m_ge_2025-08-07
N05_PSAR_POC,4h,plain,1957,2026-06-30 12:00:00+00:00,2501,11,9,False,True,-1,False,,0.09126758575439453,real_btc15m_ge_2025-08-07
N05_PSAR_POC,4h,plain,1960,2026-07-01 00:00:00+00:00,2501,11,9,False,True,-1,False,,0.08998274803161621,real_btc15m_ge_2025-08-07
N05_PSAR_POC,4h,plain,1961,2026-07-01 04:00:00+00:00,2501,11,10,True,True,-1,False,,0.1041727066040039,real_btc15m_ge_2025-08-07
N05_PSAR_POC,4h,plain,2378,2026-09-08 16:00:00+00:00,2501,11,11,True,True,-1,False,,0.1275031566619873,real_btc15m_ge_2025-08-07
N05_PSAR_POC,4h,plain,2499,2026-09-28 20:00:00+00:00,2501,11,11,False,True,-1,False,,0.1081700325012207,real_btc15m_ge_2025-08-07
N06_MACD_ORB,4h,plain,875,2025-12-31 04:00:00+00:00,2501,34,10,False,True,-1,False,,0.00517725944519043,real_btc15m_ge_2025-08-07
N06_MACD_ORB,4h,plain,1126,2026-02-11 00:00:00+00:00,2501,34,12,False,True,-1,False,,0.0045032501220703125,real_btc15m_ge_2025-08-07
N06_MACD_ORB,4h,plain,1127,2026-02-11 04:00:00+00:00,2501,34,13,True,True,-1,False,,0.004403591156005859,real_btc15m_ge_2025-08-07
N06_MACD_ORB,4h,plain,1416,2026-03-31 08:00:00+00:00,2501,34,15,False,True,-1,False,,0.005886554718017578,real_btc15m_ge_2025-08-07
N06_MACD_ORB,4h,plain,1541,2026-04-21 04:00:00+00:00,2501,34,19,False,True,-1,False,,0.006861686706542969,real_btc15m_ge_2025-08-07
N06_MACD_ORB,4h,plain,1542,2026-04-21 08:00:00+00:00,2501,34,20,True,True,-1,False,,0.005519866943359375,real_btc15m_ge_2025-08-07
N06_MACD_ORB,4h,plain,1957,2026-06-30 12:00:00+00:00,2501,34,26,False,True,-1,False,,0.005547046661376953,real_btc15m_ge_2025-08-07
N06_MACD_ORB,4h,plain,2066,2026-07-18 16:00:00+00:00,2501,34,28,True,True,-1,False,,0.0054934024810791016,real_btc15m_ge_2025-08-07
N06_MACD_ORB,4h,plain,2492,2026-09-27 16:00:00+00:00,2501,34,34,True,True,-1,False,,0.006140232086181641,real_btc15m_ge_2025-08-07
N06_MACD_ORB,4h,plain,2499,2026-09-28 20:00:00+00:00,2501,34,34,False,True,-1,False,,0.005937337875366211,real_btc15m_ge_2025-08-07
N11_BREAKAWAY,4h,plain,875,2025-12-31 04:00:00+00:00,2501,0,0,False,True,-1,False,,0.0018088817596435547,real_btc15m_ge_2025-08-07
N11_BREAKAWAY,4h,plain,1416,2026-03-31 08:00:00+00:00,2501,0,0,False,True,-1,False,,0.0017805099487304688,real_btc15m_ge_2025-08-07
N11_BREAKAWAY,4h,plain,1957,2026-06-30 12:00:00+00:00,2501,0,0,False,True,-1,False,,0.001928091049194336,real_btc15m_ge_2025-08-07
N11_BREAKAWAY,4h,plain,2499,2026-09-28 20:00:00+00:00,2501,0,0,False,True,-1,False,,0.0019478797912597656,real_btc15m_ge_2025-08-07
N13_3OUTSIDE,4h,plain,875,2025-12-31 04:00:00+00:00,2501,11,4,False,True,-1,False,,0.0015459060668945312,real_btc15m_ge_2025-08-07
N13_3OUTSIDE,4h,plain,883,2026-01-01 12:00:00+00:00,2501,11,4,False,True,-1,False,,0.0017473697662353516,real_btc15m_ge_2025-08-07
N13_3OUTSIDE,4h,plain,884,2026-01-01 16:00:00+00:00,2501,11,5,True,True,-1,False,,0.0016148090362548828,real_btc15m_ge_2025-08-07
N13_3OUTSIDE,4h,plain,1258,2026-03-05 00:00:00+00:00,2501,11,5,False,True,-1,False,,0.0016016960144042969,real_btc15m_ge_2025-08-07
N13_3OUTSIDE,4h,plain,1259,2026-03-05 04:00:00+00:00,2501,11,6,True,True,-1,False,,0.0016629695892333984,real_btc15m_ge_2025-08-07
N13_3OUTSIDE,4h,plain,1380,2026-03-25 08:00:00+00:00,2501,11,7,True,True,-1,False,,0.001642465591430664,real_btc15m_ge_2025-08-07
N13_3OUTSIDE,4h,plain,1416,2026-03-31 08:00:00+00:00,2501,11,7,False,True,-1,False,,0.0017042160034179688,real_btc15m_ge_2025-08-07
N13_3OUTSIDE,4h,plain,1426,2026-04-02 00:00:00+00:00,2501,11,8,True,True,-1,False,,0.001644134521484375,real_btc15m_ge_2025-08-07
N13_3OUTSIDE,4h,plain,1957,2026-06-30 12:00:00+00:00,2501,11,9,False,True,-1,False,,0.0016994476318359375,real_btc15m_ge_2025-08-07
N13_3OUTSIDE,4h,plain,2499,2026-09-28 20:00:00+00:00,2501,11,11,False,True,-1,False,,0.0019125938415527344,real_btc15m_ge_2025-08-07
N15_KC_AO,4h,plain,875,2025-12-31 04:00:00+00:00,2501,0,0,False,True,-1,False,,0.0025348663330078125,real_btc15m_ge_2025-08-07
N15_KC_AO,4h,plain,1416,2026-03-31 08:00:00+00:00,2501,0,0,False,True,-1,False,,0.002810239791870117,real_btc15m_ge_2025-08-07
N15_KC_AO,4h,plain,1957,2026-06-30 12:00:00+00:00,2501,0,0,False,True,-1,False,,0.003163576126098633,real_btc15m_ge_2025-08-07
N15_KC_AO,4h,plain,2499,2026-09-28 20:00:00+00:00,2501,0,0,False,True,-1,False,,0.003120899200439453,real_btc15m_ge_2025-08-07
N16_BBRSI,4h,plain,875,2025-12-31 04:00:00+00:00,2501,25,7,False,True,-1,False,,0.08092117309570312,real_btc15m_ge_2025-08-07
N16_BBRSI,4h,plain,1116,2026-02-09 08:00:00+00:00,2501,25,10,True,True,-1,False,,0.10325074195861816,real_btc15m_ge_2025-08-07
N16_BBRSI,4h,plain,1416,2026-03-31 08:00:00+00:00,2501,25,11,False,True,-1,False,,0.1449897289276123,real_btc15m_ge_2025-08-07
N16_BBRSI,4h,plain,1767,2026-05-29 20:00:00+00:00,2501,25,14,False,True,-1,False,,0.24767732620239258,real_btc15m_ge_2025-08-07
N16_BBRSI,4h,plain,1768,2026-05-30 00:00:00+00:00,2501,25,15,True,True,-1,False,,0.19208979606628418,real_btc15m_ge_2025-08-07
N16_BBRSI,4h,plain,1957,2026-06-30 12:00:00+00:00,2501,25,20,False,True,-1,False,,0.25268101692199707,real_btc15m_ge_2025-08-07
N16_BBRSI,4h,plain,2143,2026-07-31 12:00:00+00:00,2501,25,22,True,True,-1,False,,0.25568723678588867,real_btc15m_ge_2025-08-07
N16_BBRSI,4h,plain,2201,2026-08-10 04:00:00+00:00,2501,25,22,False,True,-1,False,,0.2591972351074219,real_btc15m_ge_2025-08-07
N16_BBRSI,4h,plain,2202,2026-08-10 08:00:00+00:00,2501,25,23,True,True,-1,False,,0.2423853874206543,real_btc15m_ge_2025-08-07
N16_BBRSI,4h,plain,2499,2026-09-28 20:00:00+00:00,2501,25,25,False,True,-1,False,,0.2482893466949463,real_btc15m_ge_2025-08-07
N19_FIB_CHOP,4h,plain,875,2025-12-31 04:00:00+00:00,2501,23,9,False,True,-1,False,,0.005075216293334961,real_btc15m_ge_2025-08-07
N19_FIB_CHOP,4h,plain,1107,2026-02-07 20:00:00+00:00,2501,23,12,True,True,-1,False,,0.004522562026977539,real_btc15m_ge_2025-08-07
N19_FIB_CHOP,4h,plain,1108,2026-02-08 00:00:00+00:00,2501,23,13,True,True,-1,False,,0.003920793533325195,real_btc15m_ge_2025-08-07
N19_FIB_CHOP,4h,plain,1416,2026-03-31 08:00:00+00:00,2501,23,16,False,True,-1,False,,0.0041501522064208984,real_btc15m_ge_2025-08-07
N19_FIB_CHOP,4h,plain,1512,2026-04-16 08:00:00+00:00,2501,23,16,False,True,-1,False,,0.004278421401977539,real_btc15m_ge_2025-08-07
N19_FIB_CHOP,4h,plain,1513,2026-04-16 12:00:00+00:00,2501,23,17,True,True,-1,False,,0.00526118278503418,real_btc15m_ge_2025-08-07
N19_FIB_CHOP,4h,plain,1653,2026-05-10 20:00:00+00:00,2501,23,19,True,True,-1,False,,0.0047838687896728516,real_btc15m_ge_2025-08-07
N19_FIB_CHOP,4h,plain,1833,2026-06-09 20:00:00+00:00,2501,23,21,True,True,-1,False,,0.004669189453125,real_btc15m_ge_2025-08-07
N19_FIB_CHOP,4h,plain,1957,2026-06-30 12:00:00+00:00,2501,23,23,False,True,-1,False,,0.004808187484741211,real_btc15m_ge_2025-08-07
N19_FIB_CHOP,4h,plain,2499,2026-09-28 20:00:00+00:00,2501,23,23,False,True,-1,False,,0.0056188106536865234,real_btc15m_ge_2025-08-07
N20_EMA9_CHOP,4h,plain,875,2025-12-31 04:00:00+00:00,2501,74,29,False,True,-1,False,,0.0068051815032958984,real_btc15m_ge_2025-08-07
N20_EMA9_CHOP,4h,plain,1240,2026-03-02 00:00:00+00:00,2501,74,39,False,True,-1,False,,0.0053708553314208984,real_btc15m_ge_2025-08-07
N20_EMA9_CHOP,4h,plain,1241,2026-03-02 04:00:00+00:00,2501,74,40,True,True,-1,False,,0.004911899566650391,real_btc15m_ge_2025-08-07
N20_EMA9_CHOP,4h,plain,1416,2026-03-31 08:00:00+00:00,2501,74,45,False,True,-1,False,,0.004907369613647461,real_btc15m_ge_2025-08-07
N20_EMA9_CHOP,4h,plain,1861,2026-06-14 12:00:00+00:00,2501,74,54,True,True,-1,False,,0.005214214324951172,real_btc15m_ge_2025-08-07
N20_EMA9_CHOP,4h,plain,1957,2026-06-30 12:00:00+00:00,2501,74,56,False,True,-1,False,,0.005425453186035156,real_btc15m_ge_2025-08-07
N20_EMA9_CHOP,4h,plain,2119,2026-07-27 12:00:00+00:00,2501,74,61,True,True,-1,False,,0.005167961120605469,real_btc15m_ge_2025-08-07
N20_EMA9_CHOP,4h,plain,2367,2026-09-06 20:00:00+00:00,2501,74,68,False,True,-1,False,,0.005413532257080078,real_btc15m_ge_2025-08-07
N20_EMA9_CHOP,4h,plain,2368,2026-09-07 00:00:00+00:00,2501,74,69,True,True,-1,False,,0.005545139312744141,real_btc15m_ge_2025-08-07
N20_EMA9_CHOP,4h,plain,2499,2026-09-28 20:00:00+00:00,2501,74,74,False,True,-1,False,,0.005403757095336914,real_btc15m_ge_2025-08-07
V39_ALL,4h,plain,875,2025-12-31 04:00:00+00:00,2501,94,32,False,True,-1,False,,0.03108501434326172,real_btc15m_ge_2025-08-07
V39_ALL,4h,plain,1416,2026-03-31 08:00:00+00:00,2501,94,50,False,True,-1,False,,0.0489046573638916,real_btc15m_ge_2025-08-07
V39_ALL,4h,plain,1940,2026-06-27 16:00:00+00:00,2501,94,68,False,True,-1,False,,0.09435486793518066,real_btc15m_ge_2025-08-07
V39_ALL,4h,plain,1941,2026-06-27 20:00:00+00:00,2501,94,69,True,True,-1,False,,0.08311295509338379,real_btc15m_ge_2025-08-07
V39_ALL,4h,plain,1957,2026-06-30 12:00:00+00:00,2501,94,71,False,True,-1,False,,0.10130476951599121,real_btc15m_ge_2025-08-07
V39_ALL,4h,plain,2007,2026-07-08 20:00:00+00:00,2501,94,72,True,True,-1,False,,0.09245014190673828,real_btc15m_ge_2025-08-07
V39_ALL,4h,plain,2328,2026-08-31 08:00:00+00:00,2501,94,85,True,True,-1,False,,0.07930898666381836,real_btc15m_ge_2025-08-07
V39_ALL,4h,plain,2470,2026-09-24 00:00:00+00:00,2501,94,90,False,True,-1,False,,0.08211016654968262,real_btc15m_ge_2025-08-07
V39_ALL,4h,plain,2471,2026-09-24 04:00:00+00:00,2501,94,91,True,True,-1,False,,0.08306455612182617,real_btc15m_ge_2025-08-07
V39_ALL,4h,plain,2499,2026-09-28 20:00:00+00:00,2501,94,94,False,True,-1,False,,0.08250021934509277,real_btc15m_ge_2025-08-07
OBV_S,4h,plain,875,2025-12-31 04:00:00+00:00,2501,23,3,False,True,-1,False,,0.007037162780761719,real_btc15m_ge_2025-08-07
OBV_S,4h,plain,1087,2026-02-04 12:00:00+00:00,2501,23,8,True,True,-1,False,,0.007706880569458008,real_btc15m_ge_2025-08-07
OBV_S,4h,plain,1322,2026-03-15 16:00:00+00:00,2501,23,10,False,True,-1,False,,0.008910894393920898,real_btc15m_ge_2025-08-07
OBV_S,4h,plain,1323,2026-03-15 20:00:00+00:00,2501,23,11,True,True,-1,False,,0.009145498275756836,real_btc15m_ge_2025-08-07
OBV_S,4h,plain,1416,2026-03-31 08:00:00+00:00,2501,23,12,False,True,-1,False,,0.009358406066894531,real_btc15m_ge_2025-08-07
OBV_S,4h,plain,1957,2026-06-30 12:00:00+00:00,2501,23,19,False,True,-1,False,,0.01194310188293457,real_btc15m_ge_2025-08-07
OBV_S,4h,plain,2023,2026-07-11 12:00:00+00:00,2501,23,20,True,True,-1,False,,0.012502908706665039,real_btc15m_ge_2025-08-07
OBV_S,4h,plain,2343,2026-09-02 20:00:00+00:00,2501,23,22,False,True,-1,False,,0.014972448348999023,real_btc15m_ge_2025-08-07
OBV_S,4h,plain,2344,2026-09-03 00:00:00+00:00,2501,23,23,True,True,-1,False,,0.01479482650756836,real_btc15m_ge_2025-08-07
OBV_S,4h,plain,2499,2026-09-28 20:00:00+00:00,2501,23,23,False,True,-1,False,,0.01565837860107422,real_btc15m_ge_2025-08-07
OBV_B,4h,plain,875,2025-12-31 04:00:00+00:00,2501,75,16,False,True,-1,False,,0.005575418472290039,real_btc15m_ge_2025-08-07
OBV_B,4h,plain,1416,2026-03-31 08:00:00+00:00,2501,75,34,False,True,-1,False,,0.008159399032592773,real_btc15m_ge_2025-08-07
OBV_B,4h,plain,1694,2026-05-17 16:00:00+00:00,2501,75,44,True,True,-1,False,,0.009711980819702148,real_btc15m_ge_2025-08-07
OBV_B,4h,plain,1805,2026-06-05 04:00:00+00:00,2501,75,49,True,True,-1,False,,0.009647130966186523,real_btc15m_ge_2025-08-07
OBV_B,4h,plain,1957,2026-06-30 12:00:00+00:00,2501,75,54,False,True,-1,False,,0.010488271713256836,real_btc15m_ge_2025-08-07
OBV_B,4h,plain,2128,2026-07-29 00:00:00+00:00,2501,75,60,False,True,-1,False,,0.011556863784790039,real_btc15m_ge_2025-08-07
OBV_B,4h,plain,2129,2026-07-29 04:00:00+00:00,2501,75,61,True,True,-1,False,,0.011605501174926758,real_btc15m_ge_2025-08-07
OBV_B,4h,plain,2191,2026-08-08 12:00:00+00:00,2501,75,65,False,True,-1,False,,0.012192249298095703,real_btc15m_ge_2025-08-07
OBV_B,4h,plain,2192,2026-08-08 16:00:00+00:00,2501,75,66,True,True,-1,False,,0.012105464935302734,real_btc15m_ge_2025-08-07
OBV_B,4h,plain,2499,2026-09-28 20:00:00+00:00,2501,75,75,False,True,-1,False,,0.013382911682128906,real_btc15m_ge_2025-08-07
V45_AMB,4h,resample,875,2025-12-31 04:00:00+00:00,2501,19,6,False,True,-1,False,,0.02902054786682129,real_btc15m_ge_2025-08-07
V45_AMB,4h,resample,1246,2026-03-03 00:00:00+00:00,2501,19,7,True,True,-1,False,,0.03825664520263672,real_btc15m_ge_2025-08-07
V45_AMB,4h,resample,1416,2026-03-31 08:00:00+00:00,2501,19,8,False,True,-1,False,,0.04295063018798828,real_btc15m_ge_2025-08-07
V45_AMB,4h,resample,1691,2026-05-17 04:00:00+00:00,2501,19,10,True,True,-1,False,,0.04906773567199707,real_btc15m_ge_2025-08-07
V45_AMB,4h,resample,1692,2026-05-17 08:00:00+00:00,2501,19,11,True,True,-1,False,,0.050011396408081055,real_btc15m_ge_2025-08-07
V45_AMB,4h,resample,1695,2026-05-17 20:00:00+00:00,2501,19,11,False,True,-1,False,,0.06356096267700195,real_btc15m_ge_2025-08-07
V45_AMB,4h,resample,1696,2026-05-18 00:00:00+00:00,2501,19,11,False,True,-1,False,,0.08143091201782227,real_btc15m_ge_2025-08-07
V45_AMB,4h,resample,1957,2026-06-30 12:00:00+00:00,2501,19,14,False,True,-1,False,,0.08742761611938477,real_btc15m_ge_2025-08-07
V45_AMB,4h,resample,1978,2026-07-04 00:00:00+00:00,2501,19,15,True,True,-1,False,,0.0697488784790039,real_btc15m_ge_2025-08-07
V45_AMB,4h,resample,2393,2026-09-11 04:00:00+00:00,2501,19,18,False,True,-1,False,,0.0685420036315918,real_btc15m_ge_2025-08-07
V45_AMB,4h,resample,2394,2026-09-11 08:00:00+00:00,2501,19,19,True,True,-1,False,,0.0804901123046875,real_btc15m_ge_2025-08-07
V45_AMB,4h,resample,2499,2026-09-28 20:00:00+00:00,2501,19,19,False,True,-1,False,,0.08716154098510742,real_btc15m_ge_2025-08-07
V45_AMB,4h,explicit,875,2025-12-31 04:00:00+00:00,2501,19,6,False,True,-1,False,,0.0457003116607666,real_btc15m_ge_2025-08-07
V45_AMB,4h,explicit,1246,2026-03-03 00:00:00+00:00,2501,19,7,True,True,-1,False,,0.05364561080932617,real_btc15m_ge_2025-08-07
V45_AMB,4h,explicit,1416,2026-03-31 08:00:00+00:00,2501,19,8,False,True,-1,False,,0.036899566650390625,real_btc15m_ge_2025-08-07
V45_AMB,4h,explicit,1691,2026-05-17 04:00:00+00:00,2501,19,10,True,True,-1,False,,0.044045448303222656,real_btc15m_ge_2025-08-07
V45_AMB,4h,explicit,1692,2026-05-17 08:00:00+00:00,2501,19,11,True,True,-1,False,,0.0440526008605957,real_btc15m_ge_2025-08-07
V45_AMB,4h,explicit,1695,2026-05-17 20:00:00+00:00,2501,19,11,False,True,-1,False,,0.0440518856048584,real_btc15m_ge_2025-08-07
V45_AMB,4h,explicit,1696,2026-05-18 00:00:00+00:00,2501,19,11,False,True,-1,False,,0.04397749900817871,real_btc15m_ge_2025-08-07
V45_AMB,4h,explicit,1957,2026-06-30 12:00:00+00:00,2501,19,14,False,True,-1,False,,0.053958892822265625,real_btc15m_ge_2025-08-07
V45_AMB,4h,explicit,1978,2026-07-04 00:00:00+00:00,2501,19,15,True,True,-1,False,,0.06503057479858398,real_btc15m_ge_2025-08-07
V45_AMB,4h,explicit,2393,2026-09-11 04:00:00+00:00,2501,19,18,False,True,-1,False,,0.09424161911010742,real_btc15m_ge_2025-08-07
V45_AMB,4h,explicit,2394,2026-09-11 08:00:00+00:00,2501,19,19,True,True,-1,False,,0.08568477630615234,real_btc15m_ge_2025-08-07
V45_AMB,4h,explicit,2499,2026-09-28 20:00:00+00:00,2501,19,19,False,True,-1,False,,0.08781075477600098,real_btc15m_ge_2025-08-07
DOGE_L,4h,plain,875,2025-12-31 04:00:00+00:00,2501,0,0,False,True,-1,False,,0.012581825256347656,real_btc15m_ge_2025-08-07
DOGE_L,4h,plain,1416,2026-03-31 08:00:00+00:00,2501,0,0,False,True,-1,False,,0.013026952743530273,real_btc15m_ge_2025-08-07
DOGE_L,4h,plain,1957,2026-06-30 12:00:00+00:00,2501,0,0,False,True,-1,False,,0.014376401901245117,real_btc15m_ge_2025-08-07
DOGE_L,4h,plain,2499,2026-09-28 20:00:00+00:00,2501,0,0,False,True,-1,False,,0.015851736068725586,real_btc15m_ge_2025-08-07
DOGE_S,4h,plain,875,2025-12-31 04:00:00+00:00,2501,0,0,False,True,-1,False,,0.01171422004699707,real_btc15m_ge_2025-08-07
DOGE_S,4h,plain,1416,2026-03-31 08:00:00+00:00,2501,0,0,False,True,-1,False,,0.012867212295532227,real_btc15m_ge_2025-08-07
DOGE_S,4h,plain,1957,2026-06-30 12:00:00+00:00,2501,0,0,False,True,-1,False,,0.01751565933227539,real_btc15m_ge_2025-08-07
DOGE_S,4h,plain,2499,2026-09-28 20:00:00+00:00,2501,0,0,False,True,-1,False,,0.022349119186401367,real_btc15m_ge_2025-08-07
CANARY_LOOKAHEAD,4h,plain,875,2025-12-31 04:00:00+00:00,2501,2500,876,True,False,875,True,,0.0002143383026123047,real_btc15m_ge_2025-08-07
CANARY_LOOKAHEAD,4h,plain,924,2026-01-08 08:00:00+00:00,2501,2500,925,True,False,924,True,,0.00017547607421875,real_btc15m_ge_2025-08-07
CANARY_LOOKAHEAD,4h,plain,1073,2026-02-02 04:00:00+00:00,2501,2500,1074,True,False,1073,True,,0.0001468658447265625,real_btc15m_ge_2025-08-07
CANARY_LOOKAHEAD,4h,plain,1074,2026-02-02 08:00:00+00:00,2501,2500,1075,True,False,1074,True,,0.00011372566223144531,real_btc15m_ge_2025-08-07
CANARY_LOOKAHEAD,4h,plain,1416,2026-03-31 08:00:00+00:00,2501,2500,1417,True,False,1416,True,,0.0001480579376220703,real_btc15m_ge_2025-08-07
CANARY_LOOKAHEAD,4h,plain,1550,2026-04-23 16:00:00+00:00,2501,2500,1551,True,False,1550,True,,0.00011944770812988281,real_btc15m_ge_2025-08-07
CANARY_LOOKAHEAD,4h,plain,1957,2026-06-30 12:00:00+00:00,2501,2500,1958,True,False,1957,True,,0.00015020370483398438,real_btc15m_ge_2025-08-07
CANARY_LOOKAHEAD,4h,plain,2346,2026-09-03 08:00:00+00:00,2501,2500,2347,True,False,2346,True,,0.00011229515075683594,real_btc15m_ge_2025-08-07
CANARY_LOOKAHEAD,4h,plain,2347,2026-09-03 12:00:00+00:00,2501,2500,2348,True,False,2347,True,,0.00011014938354492188,real_btc15m_ge_2025-08-07
CANARY_LOOKAHEAD,4h,plain,2499,2026-09-28 20:00:00+00:00,2501,2500,2500,True,False,2499,True,,0.0001380443572998047,real_btc15m_ge_2025-08-07
CANARY_V45_CURRENT_HTF,4h,resample,875,2025-12-31 04:00:00+00:00,2501,21,6,False,True,-1,True,,0.04967045783996582,real_btc15m_ge_2025-08-07
CANARY_V45_CURRENT_HTF,4h,resample,1382,2026-03-25 16:00:00+00:00,2501,21,8,True,True,-1,True,,0.07274198532104492,real_btc15m_ge_2025-08-07
CANARY_V45_CURRENT_HTF,4h,resample,1416,2026-03-31 08:00:00+00:00,2501,21,8,False,True,-1,True,,0.07379508018493652,real_btc15m_ge_2025-08-07
CANARY_V45_CURRENT_HTF,4h,resample,1692,2026-05-17 08:00:00+00:00,2501,21,12,True,True,-1,True,,0.06941890716552734,real_btc15m_ge_2025-08-07
CANARY_V45_CURRENT_HTF,4h,resample,1695,2026-05-17 20:00:00+00:00,2501,21,12,False,True,-1,True,,0.049592018127441406,real_btc15m_ge_2025-08-07
CANARY_V45_CURRENT_HTF,4h,resample,1696,2026-05-18 00:00:00+00:00,2501,21,12,False,True,-1,True,,0.049362897872924805,real_btc15m_ge_2025-08-07
CANARY_V45_CURRENT_HTF,4h,resample,1867,2026-06-15 12:00:00+00:00,2501,21,13,False,True,-1,True,,0.05474972724914551,real_btc15m_ge_2025-08-07
CANARY_V45_CURRENT_HTF,4h,resample,1868,2026-06-15 16:00:00+00:00,2501,21,14,True,True,-1,True,,0.055223941802978516,real_btc15m_ge_2025-08-07
CANARY_V45_CURRENT_HTF,4h,resample,1872,2026-06-16 08:00:00+00:00,2501,21,14,False,True,-1,True,,0.054099321365356445,real_btc15m_ge_2025-08-07
CANARY_V45_CURRENT_HTF,4h,resample,1873,2026-06-16 12:00:00+00:00,2501,21,15,True,True,-1,True,,0.05478787422180176,real_btc15m_ge_2025-08-07
CANARY_V45_CURRENT_HTF,4h,resample,1957,2026-06-30 12:00:00+00:00,2501,21,15,False,True,-1,True,,0.05738258361816406,real_btc15m_ge_2025-08-07
CANARY_V45_CURRENT_HTF,4h,resample,2499,2026-09-28 20:00:00+00:00,2501,21,21,False,True,-1,True,,0.07024550437927246,real_btc15m_ge_2025-08-07
CANARY_V45_CURRENT_HTF,4h,explicit,875,2025-12-31 04:00:00+00:00,2501,21,6,False,True,-1,True,,0.025255441665649414,real_btc15m_ge_2025-08-07
CANARY_V45_CURRENT_HTF,4h,explicit,1382,2026-03-25 16:00:00+00:00,2501,21,8,True,True,-1,True,,0.03850889205932617,real_btc15m_ge_2025-08-07
CANARY_V45_CURRENT_HTF,4h,explicit,1416,2026-03-31 08:00:00+00:00,2501,21,8,False,True,-1,True,,0.03748917579650879,real_btc15m_ge_2025-08-07
CANARY_V45_CURRENT_HTF,4h,explicit,1692,2026-05-17 08:00:00+00:00,2501,21,12,True,True,-1,True,,0.07710576057434082,real_btc15m_ge_2025-08-07
CANARY_V45_CURRENT_HTF,4h,explicit,1695,2026-05-17 20:00:00+00:00,2501,21,12,False,True,-1,True,,0.04440760612487793,real_btc15m_ge_2025-08-07
CANARY_V45_CURRENT_HTF,4h,explicit,1696,2026-05-18 00:00:00+00:00,2501,21,12,False,True,-1,True,,0.04727602005004883,real_btc15m_ge_2025-08-07
CANARY_V45_CURRENT_HTF,4h,explicit,1867,2026-06-15 12:00:00+00:00,2501,21,13,False,True,-1,True,,0.0491337776184082,real_btc15m_ge_2025-08-07
CANARY_V45_CURRENT_HTF,4h,explicit,1868,2026-06-15 16:00:00+00:00,2501,21,14,True,True,-1,True,,0.05051922798156738,real_btc15m_ge_2025-08-07
CANARY_V45_CURRENT_HTF,4h,explicit,1872,2026-06-16 08:00:00+00:00,2501,21,14,False,True,-1,True,,0.048807382583618164,real_btc15m_ge_2025-08-07
CANARY_V45_CURRENT_HTF,4h,explicit,1873,2026-06-16 12:00:00+00:00,2501,21,15,True,True,-1,True,,0.051738739013671875,real_btc15m_ge_2025-08-07
CANARY_V45_CURRENT_HTF,4h,explicit,1957,2026-06-30 12:00:00+00:00,2501,21,15,False,True,-1,True,,0.052396297454833984,real_btc15m_ge_2025-08-07
CANARY_V45_CURRENT_HTF,4h,explicit,2499,2026-09-28 20:00:00+00:00,2501,21,21,False,True,-1,True,,0.06783246994018555,real_btc15m_ge_2025-08-07
V45_AMB,4h,components_explicit,875,2025-12-31 04:00:00+00:00,2501,2497,872,False,True,-1,False,,0.0,real_btc15m_ge_2025-08-07
V45_AMB,4h,components_explicit,969,2026-01-15 20:00:00+00:00,2501,2497,966,False,True,-1,False,,0.0,real_btc15m_ge_2025-08-07
V45_AMB,4h,components_explicit,1329,2026-03-16 20:00:00+00:00,2501,2497,1326,False,True,-1,False,,0.0,real_btc15m_ge_2025-08-07
V45_AMB,4h,components_explicit,1416,2026-03-31 08:00:00+00:00,2501,2497,1413,False,True,-1,False,,0.0,real_btc15m_ge_2025-08-07
V45_AMB,4h,components_explicit,1434,2026-04-03 08:00:00+00:00,2501,2497,1431,False,True,-1,False,,0.0,real_btc15m_ge_2025-08-07
V45_AMB,4h,components_explicit,1695,2026-05-17 20:00:00+00:00,2501,2497,1692,False,True,-1,False,,0.0,real_btc15m_ge_2025-08-07
V45_AMB,4h,components_explicit,1696,2026-05-18 00:00:00+00:00,2501,2497,1693,False,True,-1,False,,0.0,real_btc15m_ge_2025-08-07
V45_AMB,4h,components_explicit,1834,2026-06-10 00:00:00+00:00,2501,2497,1831,False,True,-1,False,,0.0,real_btc15m_ge_2025-08-07
V45_AMB,4h,components_explicit,1957,2026-06-30 12:00:00+00:00,2501,2497,1954,False,True,-1,False,,0.0,real_btc15m_ge_2025-08-07
V45_AMB,4h,components_explicit,1985,2026-07-05 04:00:00+00:00,2501,2497,1982,False,True,-1,False,,0.0,real_btc15m_ge_2025-08-07
V45_AMB,4h,components_explicit,2278,2026-08-23 00:00:00+00:00,2501,2497,2275,False,True,-1,False,,0.0,real_btc15m_ge_2025-08-07
V45_AMB,4h,components_explicit,2499,2026-09-28 20:00:00+00:00,2501,2497,2496,False,True,-1,False,,0.0,real_btc15m_ge_2025-08-07
V45_AMB,4h,components_resample,875,2025-12-31 04:00:00+00:00,2501,2497,872,False,True,-1,False,,0.0,real_btc15m_ge_2025-08-07
V45_AMB,4h,components_resample,969,2026-01-15 20:00:00+00:00,2501,2497,966,False,True,-1,False,,0.0,real_btc15m_ge_2025-08-07
V45_AMB,4h,components_resample,1329,2026-03-16 20:00:00+00:00,2501,2497,1326,False,True,-1,False,,0.0,real_btc15m_ge_2025-08-07
V45_AMB,4h,components_resample,1416,2026-03-31 08:00:00+00:00,2501,2497,1413,False,True,-1,False,,0.0,real_btc15m_ge_2025-08-07
V45_AMB,4h,components_resample,1434,2026-04-03 08:00:00+00:00,2501,2497,1431,False,True,-1,False,,0.0,real_btc15m_ge_2025-08-07
V45_AMB,4h,components_resample,1695,2026-05-17 20:00:00+00:00,2501,2497,1692,False,True,-1,False,,0.0,real_btc15m_ge_2025-08-07
V45_AMB,4h,components_resample,1696,2026-05-18 00:00:00+00:00,2501,2497,1693,False,True,-1,False,,0.0,real_btc15m_ge_2025-08-07
V45_AMB,4h,components_resample,1834,2026-06-10 00:00:00+00:00,2501,2497,1831,False,True,-1,False,,0.0,real_btc15m_ge_2025-08-07
V45_AMB,4h,components_resample,1957,2026-06-30 12:00:00+00:00,2501,2497,1954,False,True,-1,False,,0.0,real_btc15m_ge_2025-08-07
V45_AMB,4h,components_resample,1985,2026-07-05 04:00:00+00:00,2501,2497,1982,False,True,-1,False,,0.0,real_btc15m_ge_2025-08-07
V45_AMB,4h,components_resample,2278,2026-08-23 00:00:00+00:00,2501,2497,2275,False,True,-1,False,,0.0,real_btc15m_ge_2025-08-07
V45_AMB,4h,components_resample,2499,2026-09-28 20:00:00+00:00,2501,2497,2496,False,True,-1,False,,0.0,real_btc15m_ge_2025-08-07
CANARY_V45_CURRENT_HTF,4h,components_explicit,875,2025-12-31 04:00:00+00:00,2501,2501,876,False,False,874,True,,0.0,real_btc15m_ge_2025-08-07
CANARY_V45_CURRENT_HTF,4h,components_explicit,1416,2026-03-31 08:00:00+00:00,2501,2501,1417,False,False,1414,True,,0.0,real_btc15m_ge_2025-08-07
CANARY_V45_CURRENT_HTF,4h,components_explicit,1452,2026-04-06 08:00:00+00:00,2501,2501,1453,False,False,1450,True,,0.0,real_btc15m_ge_2025-08-07
CANARY_V45_CURRENT_HTF,4h,components_explicit,1695,2026-05-17 20:00:00+00:00,2501,2501,1696,False,False,1690,True,,0.0,real_btc15m_ge_2025-08-07
CANARY_V45_CURRENT_HTF,4h,components_explicit,1696,2026-05-18 00:00:00+00:00,2501,2501,1697,False,False,1696,True,,0.0,real_btc15m_ge_2025-08-07
CANARY_V45_CURRENT_HTF,4h,components_explicit,1718,2026-05-21 16:00:00+00:00,2501,2501,1719,False,False,1714,True,,0.0,real_btc15m_ge_2025-08-07
CANARY_V45_CURRENT_HTF,4h,components_explicit,1737,2026-05-24 20:00:00+00:00,2501,2501,1738,False,False,1732,True,,0.0,real_btc15m_ge_2025-08-07
CANARY_V45_CURRENT_HTF,4h,components_explicit,1957,2026-06-30 12:00:00+00:00,2501,2501,1958,False,False,1954,True,,0.0,real_btc15m_ge_2025-08-07
CANARY_V45_CURRENT_HTF,4h,components_explicit,2118,2026-07-27 08:00:00+00:00,2501,2501,2119,False,False,2116,True,,0.0,real_btc15m_ge_2025-08-07
CANARY_V45_CURRENT_HTF,4h,components_explicit,2157,2026-08-02 20:00:00+00:00,2501,2501,2158,False,False,2152,True,,0.0,real_btc15m_ge_2025-08-07
CANARY_V45_CURRENT_HTF,4h,components_explicit,2342,2026-09-02 16:00:00+00:00,2501,2501,2343,False,False,2338,True,,0.0,real_btc15m_ge_2025-08-07
CANARY_V45_CURRENT_HTF,4h,components_explicit,2499,2026-09-28 20:00:00+00:00,2501,2501,2500,False,False,2494,True,,0.0,real_btc15m_ge_2025-08-07
CANARY_V45_CURRENT_HTF,4h,components_resample,875,2025-12-31 04:00:00+00:00,2501,2501,876,False,True,-1,True,,0.0,real_btc15m_ge_2025-08-07
CANARY_V45_CURRENT_HTF,4h,components_resample,1416,2026-03-31 08:00:00+00:00,2501,2501,1417,False,True,-1,True,,0.0,real_btc15m_ge_2025-08-07
CANARY_V45_CURRENT_HTF,4h,components_resample,1452,2026-04-06 08:00:00+00:00,2501,2501,1453,False,True,-1,True,,0.0,real_btc15m_ge_2025-08-07
CANARY_V45_CURRENT_HTF,4h,components_resample,1695,2026-05-17 20:00:00+00:00,2501,2501,1696,False,True,-1,True,,0.0,real_btc15m_ge_2025-08-07
CANARY_V45_CURRENT_HTF,4h,components_resample,1696,2026-05-18 00:00:00+00:00,2501,2501,1697,False,True,-1,True,,0.0,real_btc15m_ge_2025-08-07
CANARY_V45_CURRENT_HTF,4h,components_resample,1718,2026-05-21 16:00:00+00:00,2501,2501,1719,False,True,-1,True,,0.0,real_btc15m_ge_2025-08-07
CANARY_V45_CURRENT_HTF,4h,components_resample,1737,2026-05-24 20:00:00+00:00,2501,2501,1738,False,True,-1,True,,0.0,real_btc15m_ge_2025-08-07
CANARY_V45_CURRENT_HTF,4h,components_resample,1957,2026-06-30 12:00:00+00:00,2501,2501,1958,False,True,-1,True,,0.0,real_btc15m_ge_2025-08-07
CANARY_V45_CURRENT_HTF,4h,components_resample,2118,2026-07-27 08:00:00+00:00,2501,2501,2119,False,True,-1,True,,0.0,real_btc15m_ge_2025-08-07
CANARY_V45_CURRENT_HTF,4h,components_resample,2157,2026-08-02 20:00:00+00:00,2501,2501,2158,False,True,-1,True,,0.0,real_btc15m_ge_2025-08-07
CANARY_V45_CURRENT_HTF,4h,components_resample,2342,2026-09-02 16:00:00+00:00,2501,2501,2343,False,True,-1,True,,0.0,real_btc15m_ge_2025-08-07
CANARY_V45_CURRENT_HTF,4h,components_resample,2499,2026-09-28 20:00:00+00:00,2501,2501,2500,False,True,-1,True,,0.0,real_btc15m_ge_2025-08-07
S2_ST_ROC,1d,plain,146,2025-12-31 00:00:00+00:00,418,33,11,False,True,-1,False,,0.0027358531951904297,real_btc15m_ge_2025-08-07
S2_ST_ROC,1d,plain,236,2026-03-31 00:00:00+00:00,418,33,19,False,True,-1,False,,0.002746105194091797,real_btc15m_ge_2025-08-07
S2_ST_ROC,1d,plain,316,2026-06-20 00:00:00+00:00,418,33,23,False,True,-1,False,,0.0028405189514160156,real_btc15m_ge_2025-08-07
S2_ST_ROC,1d,plain,317,2026-06-21 00:00:00+00:00,418,33,24,True,True,-1,False,,0.002968311309814453,real_btc15m_ge_2025-08-07
S2_ST_ROC,1d,plain,326,2026-06-30 00:00:00+00:00,418,33,24,False,True,-1,False,,0.0030317306518554688,real_btc15m_ge_2025-08-07
S2_ST_ROC,1d,plain,350,2026-07-24 00:00:00+00:00,418,33,26,True,True,-1,False,,0.003511190414428711,real_btc15m_ge_2025-08-07
S2_ST_ROC,1d,plain,376,2026-08-19 00:00:00+00:00,418,33,28,False,True,-1,False,,0.0034558773040771484,real_btc15m_ge_2025-08-07
S2_ST_ROC,1d,plain,377,2026-08-20 00:00:00+00:00,418,33,29,True,True,-1,False,,0.0032961368560791016,real_btc15m_ge_2025-08-07
S2_ST_ROC,1d,plain,391,2026-09-03 00:00:00+00:00,418,33,31,True,True,-1,False,,0.0035164356231689453,real_btc15m_ge_2025-08-07
S2_ST_ROC,1d,plain,416,2026-09-28 00:00:00+00:00,418,33,33,False,True,-1,False,,0.0035619735717773438,real_btc15m_ge_2025-08-07
S5_DONCHIAN_MFI,1d,plain,146,2025-12-31 00:00:00+00:00,418,1,1,False,True,-1,False,,0.0036225318908691406,real_btc15m_ge_2025-08-07
S5_DONCHIAN_MFI,1d,plain,236,2026-03-31 00:00:00+00:00,418,1,1,False,True,-1,False,,0.0037763118743896484,real_btc15m_ge_2025-08-07
S5_DONCHIAN_MFI,1d,plain,326,2026-06-30 00:00:00+00:00,418,1,1,False,True,-1,False,,0.0033888816833496094,real_btc15m_ge_2025-08-07
S5_DONCHIAN_MFI,1d,plain,416,2026-09-28 00:00:00+00:00,418,1,1,False,True,-1,False,,0.0032973289489746094,real_btc15m_ge_2025-08-07
S6_EMA_DMI_ADX,1d,plain,146,2025-12-31 00:00:00+00:00,418,6,2,False,True,-1,False,,0.004896402359008789,real_btc15m_ge_2025-08-07
S6_EMA_DMI_ADX,1d,plain,165,2026-01-19 00:00:00+00:00,418,6,2,False,True,-1,False,,0.0041790008544921875,real_btc15m_ge_2025-08-07
S6_EMA_DMI_ADX,1d,plain,166,2026-01-20 00:00:00+00:00,418,6,3,True,True,-1,False,,0.0042612552642822266,real_btc15m_ge_2025-08-07
S6_EMA_DMI_ADX,1d,plain,209,2026-03-04 00:00:00+00:00,418,6,4,True,True,-1,False,,0.004536867141723633,real_btc15m_ge_2025-08-07
S6_EMA_DMI_ADX,1d,plain,211,2026-03-06 00:00:00+00:00,418,6,5,True,True,-1,False,,0.004353761672973633,real_btc15m_ge_2025-08-07
S6_EMA_DMI_ADX,1d,plain,214,2026-03-09 00:00:00+00:00,418,6,5,False,True,-1,False,,0.004004478454589844,real_btc15m_ge_2025-08-07
S6_EMA_DMI_ADX,1d,plain,215,2026-03-10 00:00:00+00:00,418,6,6,True,True,-1,False,,0.0043964385986328125,real_btc15m_ge_2025-08-07
S6_EMA_DMI_ADX,1d,plain,236,2026-03-31 00:00:00+00:00,418,6,6,False,True,-1,False,,0.004159212112426758,real_btc15m_ge_2025-08-07
S6_EMA_DMI_ADX,1d,plain,326,2026-06-30 00:00:00+00:00,418,6,6,False,True,-1,False,,0.0044708251953125,real_btc15m_ge_2025-08-07
S6_EMA_DMI_ADX,1d,plain,416,2026-09-28 00:00:00+00:00,418,6,6,False,True,-1,False,,0.004176616668701172,real_btc15m_ge_2025-08-07
N01_ST_EMA,1d,plain,146,2025-12-31 00:00:00+00:00,418,12,4,False,True,-1,False,,0.003057718276977539,real_btc15m_ge_2025-08-07
N01_ST_EMA,1d,plain,166,2026-01-20 00:00:00+00:00,418,12,5,True,True,-1,False,,0.0030159950256347656,real_btc15m_ge_2025-08-07
N01_ST_EMA,1d,plain,212,2026-03-07 00:00:00+00:00,418,12,6,True,True,-1,False,,0.003339529037475586,real_btc15m_ge_2025-08-07
N01_ST_EMA,1d,plain,226,2026-03-21 00:00:00+00:00,418,12,6,False,True,-1,False,,0.0030481815338134766,real_btc15m_ge_2025-08-07
N01_ST_EMA,1d,plain,227,2026-03-22 00:00:00+00:00,418,12,7,True,True,-1,False,,0.003127574920654297,real_btc15m_ge_2025-08-07
N01_ST_EMA,1d,plain,236,2026-03-31 00:00:00+00:00,418,12,8,False,True,-1,False,,0.0030307769775390625,real_btc15m_ge_2025-08-07
N01_ST_EMA,1d,plain,326,2026-06-30 00:00:00+00:00,418,12,8,False,True,-1,False,,0.0033767223358154297,real_btc15m_ge_2025-08-07
N01_ST_EMA,1d,plain,356,2026-07-30 00:00:00+00:00,418,12,9,False,True,-1,False,,0.003777027130126953,real_btc15m_ge_2025-08-07
N01_ST_EMA,1d,plain,357,2026-07-31 00:00:00+00:00,418,12,10,True,True,-1,False,,0.0037627220153808594,real_btc15m_ge_2025-08-07
N01_ST_EMA,1d,plain,416,2026-09-28 00:00:00+00:00,418,12,12,False,True,-1,False,,0.00423121452331543,real_btc15m_ge_2025-08-07
N02_ST_KST,1d,plain,146,2025-12-31 00:00:00+00:00,418,12,3,False,True,-1,False,,0.004459857940673828,real_btc15m_ge_2025-08-07
N02_ST_KST,1d,plain,236,2026-03-31 00:00:00+00:00,418,12,5,False,True,-1,False,,0.004413604736328125,real_btc15m_ge_2025-08-07
N02_ST_KST,1d,plain,267,2026-05-02 00:00:00+00:00,418,12,5,False,True,-1,False,,0.004888296127319336,real_btc15m_ge_2025-08-07
N02_ST_KST,1d,plain,268,2026-05-03 00:00:00+00:00,418,12,6,True,True,-1,False,,0.0044460296630859375,real_btc15m_ge_2025-08-07
N02_ST_KST,1d,plain,274,2026-05-09 00:00:00+00:00,418,12,8,True,True,-1,False,,0.004680633544921875,real_btc15m_ge_2025-08-07
N02_ST_KST,1d,plain,326,2026-06-30 00:00:00+00:00,418,12,8,False,True,-1,False,,0.0047130584716796875,real_btc15m_ge_2025-08-07
N02_ST_KST,1d,plain,377,2026-08-20 00:00:00+00:00,418,12,11,True,True,-1,False,,0.006517648696899414,real_btc15m_ge_2025-08-07
N02_ST_KST,1d,plain,411,2026-09-23 00:00:00+00:00,418,12,11,False,True,-1,False,,0.008420228958129883,real_btc15m_ge_2025-08-07
N02_ST_KST,1d,plain,412,2026-09-24 00:00:00+00:00,418,12,12,True,True,-1,False,,0.007340192794799805,real_btc15m_ge_2025-08-07
N02_ST_KST,1d,plain,416,2026-09-28 00:00:00+00:00,418,12,12,False,True,-1,False,,0.007982969284057617,real_btc15m_ge_2025-08-07
N03_ADX_GC,1d,plain,146,2025-12-31 00:00:00+00:00,418,0,0,False,True,-1,False,,0.0054204463958740234,real_btc15m_ge_2025-08-07
N03_ADX_GC,1d,plain,236,2026-03-31 00:00:00+00:00,418,0,0,False,True,-1,False,,0.005247592926025391,real_btc15m_ge_2025-08-07
N03_ADX_GC,1d,plain,326,2026-06-30 00:00:00+00:00,418,0,0,False,True,-1,False,,0.005432605743408203,real_btc15m_ge_2025-08-07
N03_ADX_GC,1d,plain,416,2026-09-28 00:00:00+00:00,418,0,0,False,True,-1,False,,0.005748748779296875,real_btc15m_ge_2025-08-07
N07_ICHI_CMO,1d,plain,146,2025-12-31 00:00:00+00:00,418,3,0,False,True,-1,False,,0.006033897399902344,real_btc15m_ge_2025-08-07
N07_ICHI_CMO,1d,plain,231,2026-03-26 00:00:00+00:00,418,3,0,False,True,-1,False,,0.005997896194458008,real_btc15m_ge_2025-08-07
N07_ICHI_CMO,1d,plain,232,2026-03-27 00:00:00+00:00,418,3,1,True,True,-1,False,,0.006172895431518555,real_btc15m_ge_2025-08-07
N07_ICHI_CMO,1d,plain,236,2026-03-31 00:00:00+00:00,418,3,1,False,True,-1,False,,0.00607752799987793,real_btc15m_ge_2025-08-07
N07_ICHI_CMO,1d,plain,326,2026-06-30 00:00:00+00:00,418,3,1,False,True,-1,False,,0.0059506893157958984,real_btc15m_ge_2025-08-07
N07_ICHI_CMO,1d,plain,358,2026-08-01 00:00:00+00:00,418,3,2,True,True,-1,False,,0.0063745975494384766,real_btc15m_ge_2025-08-07
N07_ICHI_CMO,1d,plain,375,2026-08-18 00:00:00+00:00,418,3,2,False,True,-1,False,,0.006231546401977539,real_btc15m_ge_2025-08-07
N07_ICHI_CMO,1d,plain,376,2026-08-19 00:00:00+00:00,418,3,3,True,True,-1,False,,0.006206512451171875,real_btc15m_ge_2025-08-07
N07_ICHI_CMO,1d,plain,416,2026-09-28 00:00:00+00:00,418,3,3,False,True,-1,False,,0.0058307647705078125,real_btc15m_ge_2025-08-07
N08_ICHI_WR,1d,plain,146,2025-12-31 00:00:00+00:00,418,1,0,False,True,-1,False,,0.003969430923461914,real_btc15m_ge_2025-08-07
N08_ICHI_WR,1d,plain,236,2026-03-31 00:00:00+00:00,418,1,0,False,True,-1,False,,0.004472255706787109,real_btc15m_ge_2025-08-07
N08_ICHI_WR,1d,plain,326,2026-06-30 00:00:00+00:00,418,1,0,False,True,-1,False,,0.004508018493652344,real_btc15m_ge_2025-08-07
N08_ICHI_WR,1d,plain,375,2026-08-18 00:00:00+00:00,418,1,0,False,True,-1,False,,0.004495382308959961,real_btc15m_ge_2025-08-07
N08_ICHI_WR,1d,plain,376,2026-08-19 00:00:00+00:00,418,1,1,True,True,-1,False,,0.004175901412963867,real_btc15m_ge_2025-08-07
N08_ICHI_WR,1d,plain,416,2026-09-28 00:00:00+00:00,418,1,1,False,True,-1,False,,0.00432896614074707,real_btc15m_ge_2025-08-07
N09_ALLIG_AROON,1d,plain,146,2025-12-31 00:00:00+00:00,418,7,4,False,True,-1,False,,0.0027098655700683594,real_btc15m_ge_2025-08-07
N09_ALLIG_AROON,1d,plain,206,2026-03-01 00:00:00+00:00,418,7,4,False,True,-1,False,,0.002393007278442383,real_btc15m_ge_2025-08-07
N09_ALLIG_AROON,1d,plain,207,2026-03-02 00:00:00+00:00,418,7,5,True,True,-1,False,,0.002496957778930664,real_btc15m_ge_2025-08-07
N09_ALLIG_AROON,1d,plain,232,2026-03-27 00:00:00+00:00,418,7,5,False,True,-1,False,,0.002460002899169922,real_btc15m_ge_2025-08-07
N09_ALLIG_AROON,1d,plain,233,2026-03-28 00:00:00+00:00,418,7,6,True,True,-1,False,,0.0026979446411132812,real_btc15m_ge_2025-08-07
N09_ALLIG_AROON,1d,plain,236,2026-03-31 00:00:00+00:00,418,7,6,False,True,-1,False,,0.0023546218872070312,real_btc15m_ge_2025-08-07
N09_ALLIG_AROON,1d,plain,326,2026-06-30 00:00:00+00:00,418,7,6,False,True,-1,False,,0.0023946762084960938,real_btc15m_ge_2025-08-07
N09_ALLIG_AROON,1d,plain,376,2026-08-19 00:00:00+00:00,418,7,7,True,True,-1,False,,0.0023643970489501953,real_btc15m_ge_2025-08-07
N09_ALLIG_AROON,1d,plain,416,2026-09-28 00:00:00+00:00,418,7,7,False,True,-1,False,,0.002499103546142578,real_btc15m_ge_2025-08-07
N10_HA_PSAR,1d,plain,146,2025-12-31 00:00:00+00:00,418,13,4,False,True,-1,False,,0.004836559295654297,real_btc15m_ge_2025-08-07
N10_HA_PSAR,1d,plain,215,2026-03-10 00:00:00+00:00,418,13,8,True,True,-1,False,,0.0053822994232177734,real_btc15m_ge_2025-08-07
N10_HA_PSAR,1d,plain,236,2026-03-31 00:00:00+00:00,418,13,8,False,True,-1,False,,0.004836082458496094,real_btc15m_ge_2025-08-07
N10_HA_PSAR,1d,plain,257,2026-04-21 00:00:00+00:00,418,13,8,False,True,-1,False,,0.005198478698730469,real_btc15m_ge_2025-08-07
N10_HA_PSAR,1d,plain,258,2026-04-23 00:00:00+00:00,418,13,9,True,True,-1,False,,0.0051555633544921875,real_btc15m_ge_2025-08-07
N10_HA_PSAR,1d,plain,292,2026-05-27 00:00:00+00:00,418,13,11,True,True,-1,False,,0.004972219467163086,real_btc15m_ge_2025-08-07
N10_HA_PSAR,1d,plain,326,2026-06-30 00:00:00+00:00,418,13,11,False,True,-1,False,,0.004834651947021484,real_btc15m_ge_2025-08-07
N10_HA_PSAR,1d,plain,335,2026-07-09 00:00:00+00:00,418,13,11,False,True,-1,False,,0.004780292510986328,real_btc15m_ge_2025-08-07
N10_HA_PSAR,1d,plain,336,2026-07-10 00:00:00+00:00,418,13,12,True,True,-1,False,,0.004797220230102539,real_btc15m_ge_2025-08-07
N10_HA_PSAR,1d,plain,416,2026-09-28 00:00:00+00:00,418,13,13,False,True,-1,False,,0.0047681331634521484,real_btc15m_ge_2025-08-07
N12_ICHI_AO,1d,plain,146,2025-12-31 00:00:00+00:00,418,4,0,False,True,-1,False,,0.004058361053466797,real_btc15m_ge_2025-08-07
N12_ICHI_AO,1d,plain,169,2026-01-23 00:00:00+00:00,418,4,1,True,True,-1,False,,0.004350423812866211,real_btc15m_ge_2025-08-07
N12_ICHI_AO,1d,plain,232,2026-03-27 00:00:00+00:00,418,4,1,False,True,-1,False,,0.00406956672668457,real_btc15m_ge_2025-08-07
N12_ICHI_AO,1d,plain,233,2026-03-28 00:00:00+00:00,418,4,2,True,True,-1,False,,0.003999948501586914,real_btc15m_ge_2025-08-07
N12_ICHI_AO,1d,plain,236,2026-03-31 00:00:00+00:00,418,4,2,False,True,-1,False,,0.0041124820709228516,real_btc15m_ge_2025-08-07
N12_ICHI_AO,1d,plain,326,2026-06-30 00:00:00+00:00,418,4,2,False,True,-1,False,,0.0033817291259765625,real_btc15m_ge_2025-08-07
N12_ICHI_AO,1d,plain,360,2026-08-03 00:00:00+00:00,418,4,3,True,True,-1,False,,0.0028913021087646484,real_btc15m_ge_2025-08-07
N12_ICHI_AO,1d,plain,376,2026-08-19 00:00:00+00:00,418,4,3,False,True,-1,False,,0.0029261112213134766,real_btc15m_ge_2025-08-07
N12_ICHI_AO,1d,plain,377,2026-08-20 00:00:00+00:00,418,4,4,True,True,-1,False,,0.002871990203857422,real_btc15m_ge_2025-08-07
N12_ICHI_AO,1d,plain,416,2026-09-28 00:00:00+00:00,418,4,4,False,True,-1,False,,0.002816915512084961,real_btc15m_ge_2025-08-07
N14_ICHI_RSI,1d,plain,146,2025-12-31 00:00:00+00:00,418,0,0,False,True,-1,False,,0.0038313865661621094,real_btc15m_ge_2025-08-07
N14_ICHI_RSI,1d,plain,236,2026-03-31 00:00:00+00:00,418,0,0,False,True,-1,False,,0.006257772445678711,real_btc15m_ge_2025-08-07
N14_ICHI_RSI,1d,plain,326,2026-06-30 00:00:00+00:00,418,0,0,False,True,-1,False,,0.006190061569213867,real_btc15m_ge_2025-08-07
N14_ICHI_RSI,1d,plain,416,2026-09-28 00:00:00+00:00,418,0,0,False,True,-1,False,,0.006007194519042969,real_btc15m_ge_2025-08-07
N17_KC_RSI,1d,plain,146,2025-12-31 00:00:00+00:00,418,57,13,False,True,-1,False,,0.004240751266479492,real_btc15m_ge_2025-08-07
N17_KC_RSI,1d,plain,178,2026-02-01 00:00:00+00:00,418,57,15,True,True,-1,False,,0.004010200500488281,real_btc15m_ge_2025-08-07
N17_KC_RSI,1d,plain,182,2026-02-05 00:00:00+00:00,418,57,19,True,True,-1,False,,0.003789663314819336,real_btc15m_ge_2025-08-07
N17_KC_RSI,1d,plain,183,2026-02-06 00:00:00+00:00,418,57,20,True,True,-1,False,,0.0037581920623779297,real_btc15m_ge_2025-08-07
N17_KC_RSI,1d,plain,236,2026-03-31 00:00:00+00:00,418,57,24,False,True,-1,False,,0.003860950469970703,real_btc15m_ge_2025-08-07
N17_KC_RSI,1d,plain,304,2026-06-08 00:00:00+00:00,418,57,31,True,True,-1,False,,0.004490375518798828,real_btc15m_ge_2025-08-07
N17_KC_RSI,1d,plain,305,2026-06-09 00:00:00+00:00,418,57,32,True,True,-1,False,,0.0043010711669921875,real_btc15m_ge_2025-08-07
N17_KC_RSI,1d,plain,326,2026-06-30 00:00:00+00:00,418,57,35,False,True,-1,False,,0.0043299198150634766,real_btc15m_ge_2025-08-07
N17_KC_RSI,1d,plain,376,2026-08-19 00:00:00+00:00,418,57,36,True,True,-1,False,,0.0041043758392333984,real_btc15m_ge_2025-08-07
N17_KC_RSI,1d,plain,416,2026-09-28 00:00:00+00:00,418,57,57,False,True,-1,False,,0.004255056381225586,real_btc15m_ge_2025-08-07
N18_VWMA_MACD,1d,plain,146,2025-12-31 00:00:00+00:00,418,38,9,False,True,-1,False,,0.0029442310333251953,real_btc15m_ge_2025-08-07
N18_VWMA_MACD,1d,plain,236,2026-03-31 00:00:00+00:00,418,38,16,False,True,-1,False,,0.003010272979736328,real_btc15m_ge_2025-08-07
N18_VWMA_MACD,1d,plain,323,2026-06-27 00:00:00+00:00,418,38,21,True,True,-1,False,,0.0031006336212158203,real_btc15m_ge_2025-08-07
N18_VWMA_MACD,1d,plain,324,2026-06-28 00:00:00+00:00,418,38,22,True,True,-1,False,,0.0029730796813964844,real_btc15m_ge_2025-08-07
N18_VWMA_MACD,1d,plain,326,2026-06-30 00:00:00+00:00,418,38,23,True,True,-1,False,,0.0027589797973632812,real_btc15m_ge_2025-08-07
N18_VWMA_MACD,1d,plain,365,2026-08-08 00:00:00+00:00,418,38,27,True,True,-1,False,,0.0041196346282958984,real_btc15m_ge_2025-08-07
N18_VWMA_MACD,1d,plain,376,2026-08-19 00:00:00+00:00,418,38,31,True,True,-1,False,,0.0026743412017822266,real_btc15m_ge_2025-08-07
N18_VWMA_MACD,1d,plain,377,2026-08-20 00:00:00+00:00,418,38,32,True,True,-1,False,,0.0026504993438720703,real_btc15m_ge_2025-08-07
N18_VWMA_MACD,1d,plain,391,2026-09-03 00:00:00+00:00,418,38,33,True,True,-1,False,,0.00561833381652832,real_btc15m_ge_2025-08-07
N18_VWMA_MACD,1d,plain,416,2026-09-28 00:00:00+00:00,418,38,38,False,True,-1,False,,0.0031147003173828125,real_btc15m_ge_2025-08-07
N21_ST_RSI_ADX,1d,plain,146,2025-12-31 00:00:00+00:00,418,0,0,False,True,-1,False,,0.010588407516479492,real_btc15m_ge_2025-08-07
N21_ST_RSI_ADX,1d,plain,236,2026-03-31 00:00:00+00:00,418,0,0,False,True,-1,False,,0.006428956985473633,real_btc15m_ge_2025-08-07
N21_ST_RSI_ADX,1d,plain,326,2026-06-30 00:00:00+00:00,418,0,0,False,True,-1,False,,0.010331153869628906,real_btc15m_ge_2025-08-07
N21_ST_RSI_ADX,1d,plain,416,2026-09-28 00:00:00+00:00,418,0,0,False,True,-1,False,,0.007991790771484375,real_btc15m_ge_2025-08-07
N22_VORTEX_PSAR,1d,plain,146,2025-12-31 00:00:00+00:00,418,29,8,False,True,-1,False,,0.002703428268432617,real_btc15m_ge_2025-08-07
N22_VORTEX_PSAR,1d,plain,165,2026-01-19 00:00:00+00:00,418,29,9,True,True,-1,False,,0.0024940967559814453,real_btc15m_ge_2025-08-07
N22_VORTEX_PSAR,1d,plain,213,2026-03-08 00:00:00+00:00,418,29,12,False,True,-1,False,,0.002791881561279297,real_btc15m_ge_2025-08-07
N22_VORTEX_PSAR,1d,plain,214,2026-03-09 00:00:00+00:00,418,29,13,True,True,-1,False,,0.0025238990783691406,real_btc15m_ge_2025-08-07
N22_VORTEX_PSAR,1d,plain,231,2026-03-26 00:00:00+00:00,418,29,15,True,True,-1,False,,0.002596139907836914,real_btc15m_ge_2025-08-07
N22_VORTEX_PSAR,1d,plain,236,2026-03-31 00:00:00+00:00,418,29,15,False,True,-1,False,,0.002843141555786133,real_btc15m_ge_2025-08-07
N22_VORTEX_PSAR,1d,plain,326,2026-06-30 00:00:00+00:00,418,29,19,False,True,-1,False,,0.0028884410858154297,real_btc15m_ge_2025-08-07
N22_VORTEX_PSAR,1d,plain,397,2026-09-09 00:00:00+00:00,418,29,27,True,True,-1,False,,0.0025358200073242188,real_btc15m_ge_2025-08-07
N22_VORTEX_PSAR,1d,plain,398,2026-09-10 00:00:00+00:00,418,29,28,True,True,-1,False,,0.003329038619995117,real_btc15m_ge_2025-08-07
N22_VORTEX_PSAR,1d,plain,416,2026-09-28 00:00:00+00:00,418,29,29,False,True,-1,False,,0.0025780200958251953,real_btc15m_ge_2025-08-07
N23_HA_ST,1d,plain,146,2025-12-31 00:00:00+00:00,418,46,16,False,True,-1,False,,0.005023002624511719,real_btc15m_ge_2025-08-07
N23_HA_ST,1d,plain,180,2026-02-03 00:00:00+00:00,418,46,21,False,True,-1,False,,0.004011392593383789,real_btc15m_ge_2025-08-07
N23_HA_ST,1d,plain,181,2026-02-04 00:00:00+00:00,418,46,22,True,True,-1,False,,0.004117488861083984,real_btc15m_ge_2025-08-07
N23_HA_ST,1d,plain,236,2026-03-31 00:00:00+00:00,418,46,29,False,True,-1,False,,0.0041997432708740234,real_btc15m_ge_2025-08-07
N23_HA_ST,1d,plain,297,2026-06-01 00:00:00+00:00,418,46,34,False,True,-1,False,,0.0048754215240478516,real_btc15m_ge_2025-08-07
N23_HA_ST,1d,plain,298,2026-06-02 00:00:00+00:00,418,46,35,True,True,-1,False,,0.0044231414794921875,real_btc15m_ge_2025-08-07
N23_HA_ST,1d,plain,326,2026-06-30 00:00:00+00:00,418,46,37,False,True,-1,False,,0.0048601627349853516,real_btc15m_ge_2025-08-07
N23_HA_ST,1d,plain,351,2026-07-25 00:00:00+00:00,418,46,38,True,True,-1,False,,0.004666566848754883,real_btc15m_ge_2025-08-07
N23_HA_ST,1d,plain,368,2026-08-11 00:00:00+00:00,418,46,41,True,True,-1,False,,0.006832122802734375,real_btc15m_ge_2025-08-07
N23_HA_ST,1d,plain,416,2026-09-28 00:00:00+00:00,418,46,46,False,True,-1,False,,0.005296230316162109,real_btc15m_ge_2025-08-07
N24_DMI,1d,plain,146,2025-12-31 00:00:00+00:00,418,11,3,False,True,-1,False,,0.004973888397216797,real_btc15m_ge_2025-08-07
N24_DMI,1d,plain,214,2026-03-09 00:00:00+00:00,418,11,4,False,True,-1,False,,0.0032978057861328125,real_btc15m_ge_2025-08-07
N24_DMI,1d,plain,215,2026-03-10 00:00:00+00:00,418,11,5,True,True,-1,False,,0.0030651092529296875,real_btc15m_ge_2025-08-07
N24_DMI,1d,plain,231,2026-03-26 00:00:00+00:00,418,11,7,True,True,-1,False,,0.0029163360595703125,real_btc15m_ge_2025-08-07
N24_DMI,1d,plain,236,2026-03-31 00:00:00+00:00,418,11,7,False,True,-1,False,,0.0030791759490966797,real_btc15m_ge_2025-08-07
N24_DMI,1d,plain,282,2026-05-17 00:00:00+00:00,418,11,7,False,True,-1,False,,0.007131338119506836,real_btc15m_ge_2025-08-07
N24_DMI,1d,plain,283,2026-05-18 00:00:00+00:00,418,11,8,True,True,-1,False,,0.0041086673736572266,real_btc15m_ge_2025-08-07
N24_DMI,1d,plain,326,2026-06-30 00:00:00+00:00,418,11,9,False,True,-1,False,,0.003985404968261719,real_btc15m_ge_2025-08-07
N24_DMI,1d,plain,349,2026-07-23 00:00:00+00:00,418,11,10,True,True,-1,False,,0.003993511199951172,real_btc15m_ge_2025-08-07
N24_DMI,1d,plain,416,2026-09-28 00:00:00+00:00,418,11,11,False,True,-1,False,,0.0042269229888916016,real_btc15m_ge_2025-08-07
N25_DST_CCI,1d,plain,146,2025-12-31 00:00:00+00:00,418,22,4,False,True,-1,False,,0.0059473514556884766,real_btc15m_ge_2025-08-07
N25_DST_CCI,1d,plain,210,2026-03-05 00:00:00+00:00,418,22,6,False,True,-1,False,,0.00681304931640625,real_btc15m_ge_2025-08-07
N25_DST_CCI,1d,plain,211,2026-03-06 00:00:00+00:00,418,22,7,True,True,-1,False,,0.00695347785949707,real_btc15m_ge_2025-08-07
N25_DST_CCI,1d,plain,236,2026-03-31 00:00:00+00:00,418,22,10,False,True,-1,False,,0.007616519927978516,real_btc15m_ge_2025-08-07
N25_DST_CCI,1d,plain,262,2026-04-27 00:00:00+00:00,418,22,13,True,True,-1,False,,0.007678985595703125,real_btc15m_ge_2025-08-07
N25_DST_CCI,1d,plain,326,2026-06-30 00:00:00+00:00,418,22,17,False,True,-1,False,,0.008434295654296875,real_btc15m_ge_2025-08-07
N25_DST_CCI,1d,plain,341,2026-07-15 00:00:00+00:00,418,22,17,False,True,-1,False,,0.008469104766845703,real_btc15m_ge_2025-08-07
N25_DST_CCI,1d,plain,342,2026-07-16 00:00:00+00:00,418,22,18,True,True,-1,False,,0.008474111557006836,real_btc15m_ge_2025-08-07
N25_DST_CCI,1d,plain,402,2026-09-14 00:00:00+00:00,418,22,21,True,True,-1,False,,0.009541988372802734,real_btc15m_ge_2025-08-07
N25_DST_CCI,1d,plain,416,2026-09-28 00:00:00+00:00,418,22,22,False,True,-1,False,,0.009554386138916016,real_btc15m_ge_2025-08-07
S1_EMA_RSI_CHOP,1d,plain,146,2025-12-31 00:00:00+00:00,418,0,0,False,True,-1,False,,0.009658098220825195,real_btc15m_ge_2025-08-07
S1_EMA_RSI_CHOP,1d,plain,236,2026-03-31 00:00:00+00:00,418,0,0,False,True,-1,False,,0.009957551956176758,real_btc15m_ge_2025-08-07
S1_EMA_RSI_CHOP,1d,plain,326,2026-06-30 00:00:00+00:00,418,0,0,False,True,-1,False,,0.01008749008178711,real_btc15m_ge_2025-08-07
S1_EMA_RSI_CHOP,1d,plain,416,2026-09-28 00:00:00+00:00,418,0,0,False,True,-1,False,,0.009747982025146484,real_btc15m_ge_2025-08-07
S3_CMO_SANDWICH,1d,plain,146,2025-12-31 00:00:00+00:00,418,3,1,False,True,-1,False,,0.00511932373046875,real_btc15m_ge_2025-08-07
S3_CMO_SANDWICH,1d,plain,207,2026-03-02 00:00:00+00:00,418,3,1,False,True,-1,False,,0.0054378509521484375,real_btc15m_ge_2025-08-07
S3_CMO_SANDWICH,1d,plain,208,2026-03-03 00:00:00+00:00,418,3,2,True,True,-1,False,,0.004941225051879883,real_btc15m_ge_2025-08-07
S3_CMO_SANDWICH,1d,plain,236,2026-03-31 00:00:00+00:00,418,3,2,False,True,-1,False,,0.004866361618041992,real_btc15m_ge_2025-08-07
S3_CMO_SANDWICH,1d,plain,326,2026-06-30 00:00:00+00:00,418,3,2,False,True,-1,False,,0.005084037780761719,real_btc15m_ge_2025-08-07
S3_CMO_SANDWICH,1d,plain,365,2026-08-08 00:00:00+00:00,418,3,2,False,True,-1,False,,0.00505375862121582,real_btc15m_ge_2025-08-07
S3_CMO_SANDWICH,1d,plain,366,2026-08-09 00:00:00+00:00,418,3,3,True,True,-1,False,,0.004945516586303711,real_btc15m_ge_2025-08-07
S3_CMO_SANDWICH,1d,plain,416,2026-09-28 00:00:00+00:00,418,3,3,False,True,-1,False,,0.005059719085693359,real_btc15m_ge_2025-08-07
S4_BB_BBP,1d,plain,146,2025-12-31 00:00:00+00:00,418,8,1,False,True,-1,False,,0.0035974979400634766,real_btc15m_ge_2025-08-07
S4_BB_BBP,1d,plain,148,2026-01-02 00:00:00+00:00,418,8,2,True,True,-1,False,,0.003661632537841797,real_btc15m_ge_2025-08-07
S4_BB_BBP,1d,plain,208,2026-03-03 00:00:00+00:00,418,8,2,False,True,-1,False,,0.003558635711669922,real_btc15m_ge_2025-08-07
S4_BB_BBP,1d,plain,209,2026-03-04 00:00:00+00:00,418,8,3,True,True,-1,False,,0.0035953521728515625,real_btc15m_ge_2025-08-07
S4_BB_BBP,1d,plain,236,2026-03-31 00:00:00+00:00,418,8,3,False,True,-1,False,,0.003658771514892578,real_btc15m_ge_2025-08-07
S4_BB_BBP,1d,plain,286,2026-05-21 00:00:00+00:00,418,8,4,False,True,-1,False,,0.00385284423828125,real_btc15m_ge_2025-08-07
S4_BB_BBP,1d,plain,287,2026-05-22 00:00:00+00:00,418,8,5,True,True,-1,False,,0.003829479217529297,real_btc15m_ge_2025-08-07
S4_BB_BBP,1d,plain,326,2026-06-30 00:00:00+00:00,418,8,6,False,True,-1,False,,0.0037276744842529297,real_btc15m_ge_2025-08-07
S4_BB_BBP,1d,plain,347,2026-07-21 00:00:00+00:00,418,8,7,True,True,-1,False,,0.0038542747497558594,real_btc15m_ge_2025-08-07
S4_BB_BBP,1d,plain,416,2026-09-28 00:00:00+00:00,418,8,8,False,True,-1,False,,0.0038187503814697266,real_btc15m_ge_2025-08-07
N04_ST_KLINGER,1d,plain,146,2025-12-31 00:00:00+00:00,418,37,7,False,True,-1,False,,0.005649089813232422,real_btc15m_ge_2025-08-07
N04_ST_KLINGER,1d,plain,236,2026-03-31 00:00:00+00:00,418,37,11,False,True,-1,False,,0.005793571472167969,real_btc15m_ge_2025-08-07
N04_ST_KLINGER,1d,plain,287,2026-05-22 00:00:00+00:00,418,37,18,True,True,-1,False,,0.006366729736328125,real_btc15m_ge_2025-08-07
N04_ST_KLINGER,1d,plain,326,2026-06-30 00:00:00+00:00,418,37,24,False,True,-1,False,,0.006509542465209961,real_btc15m_ge_2025-08-07
N04_ST_KLINGER,1d,plain,347,2026-07-21 00:00:00+00:00,418,37,26,False,True,-1,False,,0.006632566452026367,real_btc15m_ge_2025-08-07
N04_ST_KLINGER,1d,plain,348,2026-07-22 00:00:00+00:00,418,37,27,True,True,-1,False,,0.00647735595703125,real_btc15m_ge_2025-08-07
N04_ST_KLINGER,1d,plain,372,2026-08-15 00:00:00+00:00,418,37,31,True,True,-1,False,,0.00690007209777832,real_btc15m_ge_2025-08-07
N04_ST_KLINGER,1d,plain,408,2026-09-20 00:00:00+00:00,418,37,36,False,True,-1,False,,0.007194995880126953,real_btc15m_ge_2025-08-07
N04_ST_KLINGER,1d,plain,409,2026-09-21 00:00:00+00:00,418,37,37,True,True,-1,False,,0.00737309455871582,real_btc15m_ge_2025-08-07
N04_ST_KLINGER,1d,plain,416,2026-09-28 00:00:00+00:00,418,37,37,False,True,-1,False,,0.00719141960144043,real_btc15m_ge_2025-08-07
N05_PSAR_POC,1d,plain,146,2025-12-31 00:00:00+00:00,418,0,0,False,True,-1,False,,0.005432844161987305,real_btc15m_ge_2025-08-07
N05_PSAR_POC,1d,plain,236,2026-03-31 00:00:00+00:00,418,0,0,False,True,-1,False,,0.010517597198486328,real_btc15m_ge_2025-08-07
N05_PSAR_POC,1d,plain,326,2026-06-30 00:00:00+00:00,418,0,0,False,True,-1,False,,0.015516281127929688,real_btc15m_ge_2025-08-07
N05_PSAR_POC,1d,plain,416,2026-09-28 00:00:00+00:00,418,0,0,False,True,-1,False,,0.018039941787719727,real_btc15m_ge_2025-08-07
N06_MACD_ORB,1d,plain,146,2025-12-31 00:00:00+00:00,418,0,0,False,True,-1,False,,0.004667997360229492,real_btc15m_ge_2025-08-07
N06_MACD_ORB,1d,plain,236,2026-03-31 00:00:00+00:00,418,0,0,False,True,-1,False,,0.0043773651123046875,real_btc15m_ge_2025-08-07
N06_MACD_ORB,1d,plain,326,2026-06-30 00:00:00+00:00,418,0,0,False,True,-1,False,,0.005163669586181641,real_btc15m_ge_2025-08-07
N06_MACD_ORB,1d,plain,416,2026-09-28 00:00:00+00:00,418,0,0,False,True,-1,False,,0.0049800872802734375,real_btc15m_ge_2025-08-07
N11_BREAKAWAY,1d,plain,146,2025-12-31 00:00:00+00:00,418,0,0,False,True,-1,False,,0.0016949176788330078,real_btc15m_ge_2025-08-07
N11_BREAKAWAY,1d,plain,236,2026-03-31 00:00:00+00:00,418,0,0,False,True,-1,False,,0.0017085075378417969,real_btc15m_ge_2025-08-07
N11_BREAKAWAY,1d,plain,326,2026-06-30 00:00:00+00:00,418,0,0,False,True,-1,False,,0.001722574234008789,real_btc15m_ge_2025-08-07
N11_BREAKAWAY,1d,plain,416,2026-09-28 00:00:00+00:00,418,0,0,False,True,-1,False,,0.0016064643859863281,real_btc15m_ge_2025-08-07
N13_3OUTSIDE,1d,plain,146,2025-12-31 00:00:00+00:00,418,2,1,False,True,-1,False,,0.0019130706787109375,real_btc15m_ge_2025-08-07
N13_3OUTSIDE,1d,plain,236,2026-03-31 00:00:00+00:00,418,2,1,False,True,-1,False,,0.001943349838256836,real_btc15m_ge_2025-08-07
N13_3OUTSIDE,1d,plain,326,2026-06-30 00:00:00+00:00,418,2,1,False,True,-1,False,,0.0026102066040039062,real_btc15m_ge_2025-08-07
N13_3OUTSIDE,1d,plain,397,2026-09-09 00:00:00+00:00,418,2,1,False,True,-1,False,,0.0019614696502685547,real_btc15m_ge_2025-08-07
N13_3OUTSIDE,1d,plain,398,2026-09-10 00:00:00+00:00,418,2,2,True,True,-1,False,,0.002388477325439453,real_btc15m_ge_2025-08-07
N13_3OUTSIDE,1d,plain,416,2026-09-28 00:00:00+00:00,418,2,2,False,True,-1,False,,0.0022912025451660156,real_btc15m_ge_2025-08-07
N15_KC_AO,1d,plain,146,2025-12-31 00:00:00+00:00,418,0,0,False,True,-1,False,,0.003924369812011719,real_btc15m_ge_2025-08-07
N15_KC_AO,1d,plain,236,2026-03-31 00:00:00+00:00,418,0,0,False,True,-1,False,,0.0030794143676757812,real_btc15m_ge_2025-08-07
N15_KC_AO,1d,plain,326,2026-06-30 00:00:00+00:00,418,0,0,False,True,-1,False,,0.0029196739196777344,real_btc15m_ge_2025-08-07
N15_KC_AO,1d,plain,416,2026-09-28 00:00:00+00:00,418,0,0,False,True,-1,False,,0.004822731018066406,real_btc15m_ge_2025-08-07
N16_BBRSI,1d,plain,146,2025-12-31 00:00:00+00:00,418,4,2,False,True,-1,False,,0.023359060287475586,real_btc15m_ge_2025-08-07
N16_BBRSI,1d,plain,236,2026-03-31 00:00:00+00:00,418,4,2,False,True,-1,False,,0.03169107437133789,real_btc15m_ge_2025-08-07
N16_BBRSI,1d,plain,306,2026-06-10 00:00:00+00:00,418,4,2,False,True,-1,False,,0.03489971160888672,real_btc15m_ge_2025-08-07
N16_BBRSI,1d,plain,307,2026-06-11 00:00:00+00:00,418,4,3,True,True,-1,False,,0.03853964805603027,real_btc15m_ge_2025-08-07
N16_BBRSI,1d,plain,326,2026-06-30 00:00:00+00:00,418,4,3,False,True,-1,False,,0.032807350158691406,real_btc15m_ge_2025-08-07
N16_BBRSI,1d,plain,384,2026-08-27 00:00:00+00:00,418,4,3,False,True,-1,False,,0.038167715072631836,real_btc15m_ge_2025-08-07
N16_BBRSI,1d,plain,385,2026-08-28 00:00:00+00:00,418,4,4,True,True,-1,False,,0.04610705375671387,real_btc15m_ge_2025-08-07
N16_BBRSI,1d,plain,416,2026-09-28 00:00:00+00:00,418,4,4,False,True,-1,False,,0.040314674377441406,real_btc15m_ge_2025-08-07
N19_FIB_CHOP,1d,plain,146,2025-12-31 00:00:00+00:00,418,1,0,False,True,-1,False,,0.004637002944946289,real_btc15m_ge_2025-08-07
N19_FIB_CHOP,1d,plain,236,2026-03-31 00:00:00+00:00,418,1,0,False,True,-1,False,,0.004594564437866211,real_btc15m_ge_2025-08-07
N19_FIB_CHOP,1d,plain,326,2026-06-30 00:00:00+00:00,418,1,0,False,True,-1,False,,0.005629539489746094,real_btc15m_ge_2025-08-07
N19_FIB_CHOP,1d,plain,375,2026-08-18 00:00:00+00:00,418,1,0,False,True,-1,False,,0.00463104248046875,real_btc15m_ge_2025-08-07
N19_FIB_CHOP,1d,plain,376,2026-08-19 00:00:00+00:00,418,1,1,True,True,-1,False,,0.004370689392089844,real_btc15m_ge_2025-08-07
N19_FIB_CHOP,1d,plain,416,2026-09-28 00:00:00+00:00,418,1,1,False,True,-1,False,,0.004468679428100586,real_btc15m_ge_2025-08-07
N20_EMA9_CHOP,1d,plain,146,2025-12-31 00:00:00+00:00,418,13,5,True,True,-1,False,,0.005782604217529297,real_btc15m_ge_2025-08-07
N20_EMA9_CHOP,1d,plain,231,2026-03-26 00:00:00+00:00,418,13,6,True,True,-1,False,,0.004907369613647461,real_btc15m_ge_2025-08-07
N20_EMA9_CHOP,1d,plain,236,2026-03-31 00:00:00+00:00,418,13,6,False,True,-1,False,,0.008621692657470703,real_btc15m_ge_2025-08-07
N20_EMA9_CHOP,1d,plain,238,2026-04-02 00:00:00+00:00,418,13,7,True,True,-1,False,,0.006411075592041016,real_btc15m_ge_2025-08-07
N20_EMA9_CHOP,1d,plain,247,2026-04-11 00:00:00+00:00,418,13,7,False,True,-1,False,,0.005353450775146484,real_btc15m_ge_2025-08-07
N20_EMA9_CHOP,1d,plain,248,2026-04-12 00:00:00+00:00,418,13,8,True,True,-1,False,,0.004411935806274414,real_btc15m_ge_2025-08-07
N20_EMA9_CHOP,1d,plain,326,2026-06-30 00:00:00+00:00,418,13,9,False,True,-1,False,,0.0049054622650146484,real_btc15m_ge_2025-08-07
N20_EMA9_CHOP,1d,plain,366,2026-08-09 00:00:00+00:00,418,13,12,False,True,-1,False,,0.004413604736328125,real_btc15m_ge_2025-08-07
N20_EMA9_CHOP,1d,plain,367,2026-08-10 00:00:00+00:00,418,13,13,True,True,-1,False,,0.004667758941650391,real_btc15m_ge_2025-08-07
N20_EMA9_CHOP,1d,plain,416,2026-09-28 00:00:00+00:00,418,13,13,False,True,-1,False,,0.0045011043548583984,real_btc15m_ge_2025-08-07
V39_ALL,1d,plain,146,2025-12-31 00:00:00+00:00,418,20,7,False,True,-1,False,,0.011150121688842773,real_btc15m_ge_2025-08-07
V39_ALL,1d,plain,210,2026-03-05 00:00:00+00:00,418,20,10,False,True,-1,False,,0.015973567962646484,real_btc15m_ge_2025-08-07
V39_ALL,1d,plain,211,2026-03-06 00:00:00+00:00,418,20,11,True,True,-1,False,,0.01612997055053711,real_btc15m_ge_2025-08-07
V39_ALL,1d,plain,219,2026-03-14 00:00:00+00:00,418,20,12,False,True,-1,False,,0.016660451889038086,real_btc15m_ge_2025-08-07
V39_ALL,1d,plain,220,2026-03-15 00:00:00+00:00,418,20,13,True,True,-1,False,,0.01674342155456543,real_btc15m_ge_2025-08-07
V39_ALL,1d,plain,236,2026-03-31 00:00:00+00:00,418,20,13,False,True,-1,False,,0.018028974533081055,real_btc15m_ge_2025-08-07
V39_ALL,1d,plain,247,2026-04-11 00:00:00+00:00,418,20,14,True,True,-1,False,,0.01779341697692871,real_btc15m_ge_2025-08-07
V39_ALL,1d,plain,326,2026-06-30 00:00:00+00:00,418,20,15,False,True,-1,False,,0.022746562957763672,real_btc15m_ge_2025-08-07
V39_ALL,1d,plain,402,2026-09-14 00:00:00+00:00,418,20,19,True,True,-1,False,,0.027374744415283203,real_btc15m_ge_2025-08-07
V39_ALL,1d,plain,416,2026-09-28 00:00:00+00:00,418,20,20,False,True,-1,False,,0.02845454216003418,real_btc15m_ge_2025-08-07
OBV_S,1d,plain,146,2025-12-31 00:00:00+00:00,418,5,3,False,True,-1,False,,0.0043621063232421875,real_btc15m_ge_2025-08-07
OBV_S,1d,plain,231,2026-03-26 00:00:00+00:00,418,5,3,False,True,-1,False,,0.005316734313964844,real_btc15m_ge_2025-08-07
OBV_S,1d,plain,232,2026-03-27 00:00:00+00:00,418,5,4,True,True,-1,False,,0.005333423614501953,real_btc15m_ge_2025-08-07
OBV_S,1d,plain,236,2026-03-31 00:00:00+00:00,418,5,4,False,True,-1,False,,0.005150318145751953,real_btc15m_ge_2025-08-07
OBV_S,1d,plain,326,2026-06-30 00:00:00+00:00,418,5,4,False,True,-1,False,,0.006223440170288086,real_btc15m_ge_2025-08-07
OBV_S,1d,plain,367,2026-08-10 00:00:00+00:00,418,5,4,False,True,-1,False,,0.006716489791870117,real_btc15m_ge_2025-08-07
OBV_S,1d,plain,368,2026-08-11 00:00:00+00:00,418,5,5,True,True,-1,False,,0.007117748260498047,real_btc15m_ge_2025-08-07
OBV_S,1d,plain,416,2026-09-28 00:00:00+00:00,418,5,5,False,True,-1,False,,0.007322549819946289,real_btc15m_ge_2025-08-07
OBV_B,1d,plain,146,2025-12-31 00:00:00+00:00,418,7,2,False,True,-1,False,,0.0026657581329345703,real_btc15m_ge_2025-08-07
OBV_B,1d,plain,164,2026-01-18 00:00:00+00:00,418,7,2,False,True,-1,False,,0.0027642250061035156,real_btc15m_ge_2025-08-07
OBV_B,1d,plain,165,2026-01-19 00:00:00+00:00,418,7,3,True,True,-1,False,,0.0029163360595703125,real_btc15m_ge_2025-08-07
OBV_B,1d,plain,236,2026-03-31 00:00:00+00:00,418,7,3,False,True,-1,False,,0.0035157203674316406,real_btc15m_ge_2025-08-07
OBV_B,1d,plain,239,2026-04-03 00:00:00+00:00,418,7,3,False,True,-1,False,,0.0035877227783203125,real_btc15m_ge_2025-08-07
OBV_B,1d,plain,240,2026-04-04 00:00:00+00:00,418,7,4,True,True,-1,False,,0.0037355422973632812,real_btc15m_ge_2025-08-07
OBV_B,1d,plain,263,2026-04-28 00:00:00+00:00,418,7,5,True,True,-1,False,,0.0038301944732666016,real_btc15m_ge_2025-08-07
OBV_B,1d,plain,326,2026-06-30 00:00:00+00:00,418,7,5,False,True,-1,False,,0.0046231746673583984,real_btc15m_ge_2025-08-07
OBV_B,1d,plain,327,2026-07-01 00:00:00+00:00,418,7,6,True,True,-1,False,,0.00435185432434082,real_btc15m_ge_2025-08-07
OBV_B,1d,plain,416,2026-09-28 00:00:00+00:00,418,7,7,False,True,-1,False,,0.0033795833587646484,real_btc15m_ge_2025-08-07
V45_AMB,1d,resample,146,2025-12-31 00:00:00+00:00,418,7,0,False,True,-1,False,,0.010737895965576172,real_btc15m_ge_2025-08-07
V45_AMB,1d,resample,229,2026-03-24 00:00:00+00:00,418,7,1,True,True,-1,False,,0.012861251831054688,real_btc15m_ge_2025-08-07
V45_AMB,1d,resample,236,2026-03-31 00:00:00+00:00,418,7,2,False,True,-1,False,,0.012569904327392578,real_btc15m_ge_2025-08-07
V45_AMB,1d,resample,240,2026-04-04 00:00:00+00:00,418,7,2,False,True,-1,False,,0.012534379959106445,real_btc15m_ge_2025-08-07
V45_AMB,1d,resample,241,2026-04-05 00:00:00+00:00,418,7,3,True,True,-1,False,,0.013203620910644531,real_btc15m_ge_2025-08-07
V45_AMB,1d,resample,282,2026-05-17 00:00:00+00:00,418,7,3,False,True,-1,False,,0.013548612594604492,real_btc15m_ge_2025-08-07
V45_AMB,1d,resample,283,2026-05-18 00:00:00+00:00,418,7,3,False,True,-1,False,,0.013262271881103516,real_btc15m_ge_2025-08-07
V45_AMB,1d,resample,296,2026-05-31 00:00:00+00:00,418,7,5,True,True,-1,False,,0.014281511306762695,real_btc15m_ge_2025-08-07
V45_AMB,1d,resample,326,2026-06-30 00:00:00+00:00,418,7,5,False,True,-1,False,,0.014790534973144531,real_btc15m_ge_2025-08-07
V45_AMB,1d,resample,358,2026-08-01 00:00:00+00:00,418,7,5,False,True,-1,False,,0.015688419342041016,real_btc15m_ge_2025-08-07
V45_AMB,1d,resample,359,2026-08-02 00:00:00+00:00,418,7,6,True,True,-1,False,,0.019302845001220703,real_btc15m_ge_2025-08-07
V45_AMB,1d,resample,416,2026-09-28 00:00:00+00:00,418,7,7,False,True,-1,False,,0.02564382553100586,real_btc15m_ge_2025-08-07
V45_AMB,1d,explicit,146,2025-12-31 00:00:00+00:00,418,7,0,False,True,-1,False,,0.007716655731201172,real_btc15m_ge_2025-08-07
V45_AMB,1d,explicit,229,2026-03-24 00:00:00+00:00,418,7,1,True,True,-1,False,,0.011005640029907227,real_btc15m_ge_2025-08-07
V45_AMB,1d,explicit,236,2026-03-31 00:00:00+00:00,418,7,2,False,True,-1,False,,0.010711669921875,real_btc15m_ge_2025-08-07
V45_AMB,1d,explicit,240,2026-04-04 00:00:00+00:00,418,7,2,False,True,-1,False,,0.01110219955444336,real_btc15m_ge_2025-08-07
V45_AMB,1d,explicit,241,2026-04-05 00:00:00+00:00,418,7,3,True,True,-1,False,,0.011640071868896484,real_btc15m_ge_2025-08-07
V45_AMB,1d,explicit,282,2026-05-17 00:00:00+00:00,418,7,3,False,True,-1,False,,0.012667417526245117,real_btc15m_ge_2025-08-07
V45_AMB,1d,explicit,283,2026-05-18 00:00:00+00:00,418,7,3,False,True,-1,False,,0.011875629425048828,real_btc15m_ge_2025-08-07
V45_AMB,1d,explicit,296,2026-05-31 00:00:00+00:00,418,7,5,True,True,-1,False,,0.011097192764282227,real_btc15m_ge_2025-08-07
V45_AMB,1d,explicit,326,2026-06-30 00:00:00+00:00,418,7,5,False,True,-1,False,,0.012677669525146484,real_btc15m_ge_2025-08-07
V45_AMB,1d,explicit,358,2026-08-01 00:00:00+00:00,418,7,5,False,True,-1,False,,0.013999700546264648,real_btc15m_ge_2025-08-07
V45_AMB,1d,explicit,359,2026-08-02 00:00:00+00:00,418,7,6,True,True,-1,False,,0.01982879638671875,real_btc15m_ge_2025-08-07
V45_AMB,1d,explicit,416,2026-09-28 00:00:00+00:00,418,7,7,False,True,-1,False,,0.01895618438720703,real_btc15m_ge_2025-08-07
DOGE_L,1d,plain,146,2025-12-31 00:00:00+00:00,418,0,0,False,True,-1,False,,0.010508060455322266,real_btc15m_ge_2025-08-07
DOGE_L,1d,plain,236,2026-03-31 00:00:00+00:00,418,0,0,False,True,-1,False,,0.009828567504882812,real_btc15m_ge_2025-08-07
DOGE_L,1d,plain,326,2026-06-30 00:00:00+00:00,418,0,0,False,True,-1,False,,0.012693643569946289,real_btc15m_ge_2025-08-07
DOGE_L,1d,plain,416,2026-09-28 00:00:00+00:00,418,0,0,False,True,-1,False,,0.01637721061706543,real_btc15m_ge_2025-08-07
DOGE_S,1d,plain,146,2025-12-31 00:00:00+00:00,418,0,0,False,True,-1,False,,0.010712862014770508,real_btc15m_ge_2025-08-07
DOGE_S,1d,plain,236,2026-03-31 00:00:00+00:00,418,0,0,False,True,-1,False,,0.010149478912353516,real_btc15m_ge_2025-08-07
DOGE_S,1d,plain,326,2026-06-30 00:00:00+00:00,418,0,0,False,True,-1,False,,0.011121034622192383,real_btc15m_ge_2025-08-07
DOGE_S,1d,plain,416,2026-09-28 00:00:00+00:00,418,0,0,False,True,-1,False,,0.011919736862182617,real_btc15m_ge_2025-08-07
CANARY_LOOKAHEAD,1d,plain,146,2025-12-31 00:00:00+00:00,418,417,147,True,False,146,True,,0.000110626220703125,real_btc15m_ge_2025-08-07
CANARY_LOOKAHEAD,1d,plain,147,2026-01-01 00:00:00+00:00,418,417,148,True,False,147,True,,8.344650268554688e-05,real_btc15m_ge_2025-08-07
CANARY_LOOKAHEAD,1d,plain,148,2026-01-02 00:00:00+00:00,418,417,149,True,False,148,True,,9.179115295410156e-05,real_btc15m_ge_2025-08-07
CANARY_LOOKAHEAD,1d,plain,202,2026-02-25 00:00:00+00:00,418,417,203,True,False,202,True,,0.00010323524475097656,real_btc15m_ge_2025-08-07
CANARY_LOOKAHEAD,1d,plain,203,2026-02-26 00:00:00+00:00,418,417,204,True,False,203,True,,7.987022399902344e-05,real_btc15m_ge_2025-08-07
CANARY_LOOKAHEAD,1d,plain,236,2026-03-31 00:00:00+00:00,418,417,237,True,False,236,True,,7.462501525878906e-05,real_btc15m_ge_2025-08-07
CANARY_LOOKAHEAD,1d,plain,326,2026-06-30 00:00:00+00:00,418,417,327,True,False,326,True,,8.463859558105469e-05,real_btc15m_ge_2025-08-07
CANARY_LOOKAHEAD,1d,plain,328,2026-07-02 00:00:00+00:00,418,417,329,True,False,328,True,,8.225440979003906e-05,real_btc15m_ge_2025-08-07
CANARY_LOOKAHEAD,1d,plain,400,2026-09-12 00:00:00+00:00,418,417,401,True,False,400,True,,7.62939453125e-05,real_btc15m_ge_2025-08-07
CANARY_LOOKAHEAD,1d,plain,416,2026-09-28 00:00:00+00:00,418,417,417,True,False,416,True,,0.00010514259338378906,real_btc15m_ge_2025-08-07
CANARY_V45_CURRENT_HTF,1d,resample,146,2025-12-31 00:00:00+00:00,418,7,0,False,True,-1,True,,0.013002157211303711,real_btc15m_ge_2025-08-07
CANARY_V45_CURRENT_HTF,1d,resample,228,2026-03-23 00:00:00+00:00,418,7,0,False,True,-1,True,,0.014798164367675781,real_btc15m_ge_2025-08-07
CANARY_V45_CURRENT_HTF,1d,resample,229,2026-03-24 00:00:00+00:00,418,7,1,True,True,-1,True,,0.013591527938842773,real_btc15m_ge_2025-08-07
CANARY_V45_CURRENT_HTF,1d,resample,236,2026-03-31 00:00:00+00:00,418,7,2,False,True,-1,True,,0.013257265090942383,real_btc15m_ge_2025-08-07
CANARY_V45_CURRENT_HTF,1d,resample,282,2026-05-17 00:00:00+00:00,418,7,3,False,True,-1,True,,0.015098094940185547,real_btc15m_ge_2025-08-07
CANARY_V45_CURRENT_HTF,1d,resample,283,2026-05-18 00:00:00+00:00,418,7,3,False,True,-1,True,,0.015371084213256836,real_btc15m_ge_2025-08-07
CANARY_V45_CURRENT_HTF,1d,resample,295,2026-05-30 00:00:00+00:00,418,7,4,True,True,-1,True,,0.01497650146484375,real_btc15m_ge_2025-08-07
CANARY_V45_CURRENT_HTF,1d,resample,326,2026-06-30 00:00:00+00:00,418,7,5,False,True,-1,True,,0.017583370208740234,real_btc15m_ge_2025-08-07
CANARY_V45_CURRENT_HTF,1d,resample,359,2026-08-02 00:00:00+00:00,418,7,6,True,True,-1,True,,0.016846656799316406,real_btc15m_ge_2025-08-07
CANARY_V45_CURRENT_HTF,1d,resample,360,2026-08-03 00:00:00+00:00,418,7,7,True,True,-1,True,,0.01784372329711914,real_btc15m_ge_2025-08-07
CANARY_V45_CURRENT_HTF,1d,resample,416,2026-09-28 00:00:00+00:00,418,7,7,False,True,-1,True,,0.0202944278717041,real_btc15m_ge_2025-08-07
CANARY_V45_CURRENT_HTF,1d,explicit,146,2025-12-31 00:00:00+00:00,418,7,0,False,True,-1,True,,0.008178472518920898,real_btc15m_ge_2025-08-07
CANARY_V45_CURRENT_HTF,1d,explicit,228,2026-03-23 00:00:00+00:00,418,7,0,False,True,-1,True,,0.01062321662902832,real_btc15m_ge_2025-08-07
CANARY_V45_CURRENT_HTF,1d,explicit,229,2026-03-24 00:00:00+00:00,418,7,1,True,True,-1,True,,0.008910655975341797,real_btc15m_ge_2025-08-07
CANARY_V45_CURRENT_HTF,1d,explicit,236,2026-03-31 00:00:00+00:00,418,7,2,False,True,-1,True,,0.015536308288574219,real_btc15m_ge_2025-08-07
CANARY_V45_CURRENT_HTF,1d,explicit,282,2026-05-17 00:00:00+00:00,418,7,3,False,True,-1,True,,0.014358043670654297,real_btc15m_ge_2025-08-07
CANARY_V45_CURRENT_HTF,1d,explicit,283,2026-05-18 00:00:00+00:00,418,7,3,False,True,-1,True,,0.014633417129516602,real_btc15m_ge_2025-08-07
CANARY_V45_CURRENT_HTF,1d,explicit,295,2026-05-30 00:00:00+00:00,418,7,4,True,True,-1,True,,0.011562824249267578,real_btc15m_ge_2025-08-07
CANARY_V45_CURRENT_HTF,1d,explicit,326,2026-06-30 00:00:00+00:00,418,7,5,False,True,-1,True,,0.012525320053100586,real_btc15m_ge_2025-08-07
CANARY_V45_CURRENT_HTF,1d,explicit,359,2026-08-02 00:00:00+00:00,418,7,6,True,True,-1,True,,0.012524843215942383,real_btc15m_ge_2025-08-07
CANARY_V45_CURRENT_HTF,1d,explicit,360,2026-08-03 00:00:00+00:00,418,7,7,True,True,-1,True,,0.013085365295410156,real_btc15m_ge_2025-08-07
CANARY_V45_CURRENT_HTF,1d,explicit,416,2026-09-28 00:00:00+00:00,418,7,7,False,True,-1,True,,0.01381063461303711,real_btc15m_ge_2025-08-07
V45_AMB,1d,components_explicit,146,2025-12-31 00:00:00+00:00,418,414,143,False,True,-1,False,,0.0,real_btc15m_ge_2025-08-07
V45_AMB,1d,components_explicit,236,2026-03-31 00:00:00+00:00,418,414,233,False,True,-1,False,,0.0,real_btc15m_ge_2025-08-07
V45_AMB,1d,components_explicit,276,2026-05-11 00:00:00+00:00,418,414,273,False,True,-1,False,,0.0,real_btc15m_ge_2025-08-07
V45_AMB,1d,components_explicit,282,2026-05-17 00:00:00+00:00,418,414,279,False,True,-1,False,,0.0,real_btc15m_ge_2025-08-07
V45_AMB,1d,components_explicit,283,2026-05-18 00:00:00+00:00,418,414,280,False,True,-1,False,,0.0,real_btc15m_ge_2025-08-07
V45_AMB,1d,components_explicit,300,2026-06-04 00:00:00+00:00,418,414,297,False,True,-1,False,,0.0,real_btc15m_ge_2025-08-07
V45_AMB,1d,components_explicit,310,2026-06-14 00:00:00+00:00,418,414,307,False,True,-1,False,,0.0,real_btc15m_ge_2025-08-07
V45_AMB,1d,components_explicit,326,2026-06-30 00:00:00+00:00,418,414,323,False,True,-1,False,,0.0,real_btc15m_ge_2025-08-07
V45_AMB,1d,components_explicit,390,2026-09-02 00:00:00+00:00,418,414,387,False,True,-1,False,,0.0,real_btc15m_ge_2025-08-07
V45_AMB,1d,components_explicit,402,2026-09-14 00:00:00+00:00,418,414,399,False,True,-1,False,,0.0,real_btc15m_ge_2025-08-07
V45_AMB,1d,components_explicit,406,2026-09-18 00:00:00+00:00,418,414,403,False,True,-1,False,,0.0,real_btc15m_ge_2025-08-07
V45_AMB,1d,components_explicit,416,2026-09-28 00:00:00+00:00,418,414,413,False,True,-1,False,,0.0,real_btc15m_ge_2025-08-07
V45_AMB,1d,components_resample,146,2025-12-31 00:00:00+00:00,418,414,143,False,True,-1,False,,0.0,real_btc15m_ge_2025-08-07
V45_AMB,1d,components_resample,236,2026-03-31 00:00:00+00:00,418,414,233,False,True,-1,False,,0.0,real_btc15m_ge_2025-08-07
V45_AMB,1d,components_resample,276,2026-05-11 00:00:00+00:00,418,414,273,False,True,-1,False,,0.0,real_btc15m_ge_2025-08-07
V45_AMB,1d,components_resample,282,2026-05-17 00:00:00+00:00,418,414,279,False,True,-1,False,,0.0,real_btc15m_ge_2025-08-07
V45_AMB,1d,components_resample,283,2026-05-18 00:00:00+00:00,418,414,280,False,True,-1,False,,0.0,real_btc15m_ge_2025-08-07
V45_AMB,1d,components_resample,300,2026-06-04 00:00:00+00:00,418,414,297,False,True,-1,False,,0.0,real_btc15m_ge_2025-08-07
V45_AMB,1d,components_resample,310,2026-06-14 00:00:00+00:00,418,414,307,False,True,-1,False,,0.0,real_btc15m_ge_2025-08-07
V45_AMB,1d,components_resample,326,2026-06-30 00:00:00+00:00,418,414,323,False,True,-1,False,,0.0,real_btc15m_ge_2025-08-07
V45_AMB,1d,components_resample,390,2026-09-02 00:00:00+00:00,418,414,387,False,True,-1,False,,0.0,real_btc15m_ge_2025-08-07
V45_AMB,1d,components_resample,402,2026-09-14 00:00:00+00:00,418,414,399,False,True,-1,False,,0.0,real_btc15m_ge_2025-08-07
V45_AMB,1d,components_resample,406,2026-09-18 00:00:00+00:00,418,414,403,False,True,-1,False,,0.0,real_btc15m_ge_2025-08-07
V45_AMB,1d,components_resample,416,2026-09-28 00:00:00+00:00,418,414,413,False,True,-1,False,,0.0,real_btc15m_ge_2025-08-07
CANARY_V45_CURRENT_HTF,1d,components_explicit,146,2025-12-31 00:00:00+00:00,418,418,147,False,True,-1,True,,0.0,real_btc15m_ge_2025-08-07
CANARY_V45_CURRENT_HTF,1d,components_explicit,185,2026-02-08 00:00:00+00:00,418,418,186,False,True,-1,True,,0.0,real_btc15m_ge_2025-08-07
CANARY_V45_CURRENT_HTF,1d,components_explicit,198,2026-02-21 00:00:00+00:00,418,418,199,False,True,-1,True,,0.0,real_btc15m_ge_2025-08-07
CANARY_V45_CURRENT_HTF,1d,components_explicit,222,2026-03-17 00:00:00+00:00,418,418,223,False,True,-1,True,,0.0,real_btc15m_ge_2025-08-07
CANARY_V45_CURRENT_HTF,1d,components_explicit,236,2026-03-31 00:00:00+00:00,418,418,237,False,True,-1,True,,0.0,real_btc15m_ge_2025-08-07
CANARY_V45_CURRENT_HTF,1d,components_explicit,282,2026-05-17 00:00:00+00:00,418,418,283,False,True,-1,True,,0.0,real_btc15m_ge_2025-08-07
CANARY_V45_CURRENT_HTF,1d,components_explicit,283,2026-05-18 00:00:00+00:00,418,418,284,False,True,-1,True,,0.0,real_btc15m_ge_2025-08-07
CANARY_V45_CURRENT_HTF,1d,components_explicit,298,2026-06-02 00:00:00+00:00,418,418,299,False,True,-1,True,,0.0,real_btc15m_ge_2025-08-07
CANARY_V45_CURRENT_HTF,1d,components_explicit,326,2026-06-30 00:00:00+00:00,418,418,327,False,True,-1,True,,0.0,real_btc15m_ge_2025-08-07
CANARY_V45_CURRENT_HTF,1d,components_explicit,349,2026-07-23 00:00:00+00:00,418,418,350,False,True,-1,True,,0.0,real_btc15m_ge_2025-08-07
CANARY_V45_CURRENT_HTF,1d,components_explicit,397,2026-09-09 00:00:00+00:00,418,418,398,False,True,-1,True,,0.0,real_btc15m_ge_2025-08-07
CANARY_V45_CURRENT_HTF,1d,components_explicit,416,2026-09-28 00:00:00+00:00,418,418,417,False,False,416,True,,0.0,real_btc15m_ge_2025-08-07
CANARY_V45_CURRENT_HTF,1d,components_resample,146,2025-12-31 00:00:00+00:00,418,418,147,False,True,-1,True,,0.0,real_btc15m_ge_2025-08-07
CANARY_V45_CURRENT_HTF,1d,components_resample,185,2026-02-08 00:00:00+00:00,418,418,186,False,True,-1,True,,0.0,real_btc15m_ge_2025-08-07
CANARY_V45_CURRENT_HTF,1d,components_resample,198,2026-02-21 00:00:00+00:00,418,418,199,False,True,-1,True,,0.0,real_btc15m_ge_2025-08-07
CANARY_V45_CURRENT_HTF,1d,components_resample,222,2026-03-17 00:00:00+00:00,418,418,223,False,True,-1,True,,0.0,real_btc15m_ge_2025-08-07
CANARY_V45_CURRENT_HTF,1d,components_resample,236,2026-03-31 00:00:00+00:00,418,418,237,False,True,-1,True,,0.0,real_btc15m_ge_2025-08-07
CANARY_V45_CURRENT_HTF,1d,components_resample,282,2026-05-17 00:00:00+00:00,418,418,283,False,True,-1,True,,0.0,real_btc15m_ge_2025-08-07
CANARY_V45_CURRENT_HTF,1d,components_resample,283,2026-05-18 00:00:00+00:00,418,418,284,False,True,-1,True,,0.0,real_btc15m_ge_2025-08-07
CANARY_V45_CURRENT_HTF,1d,components_resample,298,2026-06-02 00:00:00+00:00,418,418,299,False,True,-1,True,,0.0,real_btc15m_ge_2025-08-07
CANARY_V45_CURRENT_HTF,1d,components_resample,326,2026-06-30 00:00:00+00:00,418,418,327,False,True,-1,True,,0.0,real_btc15m_ge_2025-08-07
CANARY_V45_CURRENT_HTF,1d,components_resample,349,2026-07-23 00:00:00+00:00,418,418,350,False,True,-1,True,,0.0,real_btc15m_ge_2025-08-07
CANARY_V45_CURRENT_HTF,1d,components_resample,397,2026-09-09 00:00:00+00:00,418,418,398,False,True,-1,True,,0.0,real_btc15m_ge_2025-08-07
CANARY_V45_CURRENT_HTF,1d,components_resample,416,2026-09-28 00:00:00+00:00,418,418,417,False,True,-1,True,,0.0,real_btc15m_ge_2025-08-07
