
=== 15m P0|A|10
 edge_pct  trades_per_30d  mean_N  mean_L  liq_share  tp_share  drift_H_pct  gross_pct  net_notional_pct  eq_ret_pct  30d_median_mult  30d_p_loss  30d_mdd_median  1y_median_mult  1y_p_below50  1y_p_ruin  IS_median_mult
        0           79.32       1       1          0   0.00422      0.00222   0.009637           -0.1351     -0.1351           0.8899      0.7765          0.1805          0.2334          0.95    0.08183         0.01546
    0.025           79.32       1       1          0  0.004273      0.02718    0.03459           -0.1102     -0.1102           0.9082      0.7405          0.1699          0.2955        0.8928      0.035         0.03012
     0.05           79.33       1       1          0  0.004326      0.05194    0.05946          -0.08532    -0.08532           0.9264      0.6933           0.161          0.3784        0.7957     0.0125          0.0594
    0.075           79.33       1       1          0  0.004468      0.07855    0.08635          -0.05841    -0.05841           0.9448      0.6465          0.1514          0.4882        0.6465   0.004167          0.1185
      0.1           79.33       1       1          0  0.004581       0.1041     0.1121          -0.03268    -0.03268           0.9641      0.5985          0.1439          0.6269        0.4875   0.001167          0.2484
     0.15           79.33       1       1          0  0.004746       0.1532     0.1611           0.01636     0.01636            1.001      0.4958          0.1283           1.006        0.2087  0.0003333           1.035
      0.2           79.34       1       1          0  0.004929       0.2035     0.2114            0.0667      0.0667             1.04      0.4005          0.1166           1.647        0.0555          0           4.028
      0.3           79.34       1       1          0  0.005343       0.3025      0.311            0.1663      0.1663            1.123      0.2225         0.09437           4.237      0.001333          0           74.85
      0.4           79.35       1       1          0   0.00565       0.4048     0.4131            0.2684      0.2684            1.209      0.1022         0.07879           11.41             0          0            1465
      0.6           79.36       1       1          0  0.006384       0.6067     0.6157             0.471       0.471            1.411     0.01083         0.05348           80.25             0          0       4.376e+05

=== 15m P0|B|10
 edge_pct  trades_per_30d  mean_N  mean_L  liq_share  tp_share  drift_H_pct  gross_pct  net_notional_pct  eq_ret_pct  30d_median_mult  30d_p_loss  30d_mdd_median  1y_median_mult  1y_p_below50  1y_p_ruin  IS_median_mult
        0           91.08       1       1          0  0.003722     0.005874   -0.00884           -0.1522     -0.1522           0.8637      0.8598          0.1857          0.1625        0.9955     0.1612        0.005734
    0.025           90.91       1       1          0   0.00377      0.03104   0.008947           -0.1344     -0.1344           0.8779      0.8335          0.1761          0.1984        0.9843    0.07917        0.009847
     0.05           90.75       1       1          0  0.003833      0.05559    0.02577           -0.1176     -0.1176           0.8921      0.8075          0.1673          0.2401        0.9613    0.03483         0.01803
    0.075           90.59       1       1          0  0.003928      0.08178    0.04385          -0.09953    -0.09953           0.9051       0.774          0.1596          0.2938        0.9137    0.01133         0.02746
      0.1           90.41       1       1          0   0.00404       0.1078    0.06219           -0.0812     -0.0812           0.9207      0.7337           0.151          0.3603         0.829     0.0035         0.05413
     0.15            90.1       1       1          0  0.004163       0.1571    0.09652           -0.0469     -0.0469           0.9479      0.6635          0.1368          0.5239         0.581          0          0.1695
      0.2            89.8       1       1          0  0.004334       0.2074     0.1319          -0.01157    -0.01157           0.9766      0.5702          0.1243          0.7731         0.278          0          0.5024
      0.3            89.2       1       1          0  0.004684       0.3079     0.2023           0.05882     0.05882            1.036      0.3925          0.1026           1.653       0.01733          0           4.581
      0.4           88.58       1       1          0  0.004971       0.4102     0.2727            0.1291      0.1291              1.1      0.2293         0.08549           3.507             0          0           42.71
      0.6           87.39       1       1          0  0.005587       0.6138     0.4155            0.2718      0.2718            1.237     0.05083         0.06019           15.66             0          0            3754

=== 15m P1|B|10
 edge_pct  trades_per_30d  mean_N  mean_L  liq_share  tp_share  drift_H_pct  gross_pct  net_notional_pct  eq_ret_pct  30d_median_mult  30d_p_loss  30d_mdd_median  1y_median_mult  1y_p_below50  1y_p_ruin  IS_median_mult
        0           94.88    1.25       5          0    0.1638     0.005984  -0.001148           -0.1361     -0.1701           0.8436      0.8835          0.2062          0.1228        0.9997     0.3765        0.002467
    0.025           94.78    1.25       5          0    0.1666      0.03109    0.01458           -0.1202     -0.1503           0.8603      0.8552          0.1959          0.1541        0.9958     0.2172        0.004858
     0.05           94.67    1.25       5          0    0.1695      0.05628    0.02983           -0.1049     -0.1311           0.8747       0.823           0.186          0.1936        0.9837      0.108        0.009405
    0.075           94.56    1.25       5          0    0.1722       0.0828    0.04549          -0.08907     -0.1113           0.8909       0.786          0.1765          0.2429        0.9543    0.04467         0.01678
      0.1           94.43    1.25       5          0    0.1753       0.1092    0.06166          -0.07275    -0.09094           0.9088      0.7462           0.168           0.307        0.8962    0.01333         0.03525
     0.15           94.22    1.25       5          0    0.1806       0.1588    0.09224          -0.04193    -0.05241           0.9427      0.6647          0.1508          0.4744        0.6523   0.001333          0.1182
      0.2           94.01    1.25       5          0    0.1862       0.2095     0.1231          -0.01076    -0.01345           0.9761      0.5672          0.1358          0.7468        0.3228          0          0.3956
      0.3           93.62    1.25       5          0    0.1977       0.3121     0.1855           0.05217     0.06521            1.047      0.3713          0.1129           1.836       0.01883          0           5.811
      0.4           93.19    1.25       5          0    0.2095       0.4181     0.2496            0.1168       0.146            1.127       0.201         0.09424           4.574     0.0003333          0           86.56
      0.6            92.4    1.25       5          0    0.2326       0.6232     0.3751            0.2434      0.3042            1.299     0.03483         0.06689           26.57             0          0       1.401e+04

=== 15m P2|B|10
 edge_pct  trades_per_30d  mean_N  mean_L  liq_share  tp_share  drift_H_pct  gross_pct  net_notional_pct  eq_ret_pct  30d_median_mult  30d_p_loss  30d_mdd_median  1y_median_mult  1y_p_below50  1y_p_ruin  IS_median_mult
        0             102     2.5      10  9.205e-06    0.3725     0.006369   0.004888            -0.119     -0.2974           0.7199      0.9113          0.3456         0.01743             1     0.9865       7.877e-06
    0.025             102     2.5      10  9.209e-06    0.3773      0.03205    0.01601           -0.1076      -0.269           0.7411      0.8942          0.3294           0.025             1      0.964       2.309e-05
     0.05           101.9     2.5      10  9.211e-06     0.382      0.05759    0.02681          -0.09657     -0.2414           0.7635      0.8708          0.3146         0.03525             1     0.9155       5.721e-05
    0.075           101.9     2.5      10  9.214e-06    0.3869      0.08463    0.03808          -0.08505     -0.2126           0.7861      0.8467          0.3013         0.05055        0.9993     0.8375       0.0001689
      0.1           101.9     2.5      10  9.217e-06    0.3921        0.111    0.04988            -0.073     -0.1825           0.8077      0.8187          0.2887         0.07331        0.9957     0.6987       0.0005166
     0.15           101.8     2.5      10  9.224e-06    0.4019       0.1607    0.07265          -0.04974     -0.1244           0.8582       0.745          0.2619          0.1507        0.9637      0.372        0.004814
      0.2           101.7     2.5      10   9.23e-06    0.4115       0.2118    0.09481          -0.02711    -0.06778           0.9115      0.6602          0.2388          0.3047        0.8437     0.1155         0.03346
      0.3           101.6     2.5      10  9.243e-06    0.4308       0.3156     0.1399           0.01898     0.04744            1.021      0.4633          0.1975            1.27        0.2962   0.002167            2.34
      0.4           101.4     2.5      10  9.257e-06    0.4505       0.4215     0.1856           0.06564      0.1641            1.146      0.2695          0.1643           5.463       0.02333          0           129.8
      0.6           101.2     2.5      10  9.278e-06    0.4898       0.6274     0.2762            0.1582      0.3954            1.448     0.05333          0.1212           94.62     0.0001667          0        5.96e+05

=== 15m P2|C|10
 edge_pct  trades_per_30d  mean_N  mean_L  liq_share  tp_share  drift_H_pct  gross_pct  net_notional_pct  eq_ret_pct  30d_median_mult  30d_p_loss  30d_mdd_median  1y_median_mult  1y_p_below50  1y_p_ruin  IS_median_mult
        0            89.8     2.5      10          0    0.4265     0.003377    0.01626           -0.1061     -0.2652           0.7658      0.8238           0.346         0.03171        0.9978     0.8995       4.524e-05
    0.025           89.92     2.5      10          0    0.4321      0.02883    0.03338          -0.08867     -0.2217           0.7958       0.793          0.3304         0.05012        0.9953     0.8052       0.0001844
     0.05           90.03     2.5      10          0    0.4378      0.05515    0.05062          -0.07113     -0.1778            0.828      0.7498          0.3145         0.08137         0.983     0.6545        0.000743
    0.075           90.16     2.5      10          0    0.4435      0.08294    0.06822          -0.05324     -0.1331           0.8597      0.7008          0.2997          0.1339        0.9548     0.4705        0.003744
      0.1           90.32     2.5      10          0    0.4495       0.1093    0.08578          -0.03537    -0.08842           0.8943       0.653          0.2856          0.2179        0.8942     0.3028         0.01742
     0.15           90.57     2.5      10          0     0.461       0.1595     0.1202        -0.0003091  -0.0007728           0.9708      0.5432          0.2583          0.5763        0.6773    0.07033          0.2376
      0.2            90.8     2.5      10          0    0.4721       0.2099     0.1533           0.03329     0.08323            1.046      0.4347          0.2337           1.501        0.3672   0.009667            3.68
      0.3           91.26     2.5      10          0    0.4946        0.314     0.2212            0.1024      0.2561            1.224      0.2355          0.1962           10.56        0.0415          0            1000
      0.4           91.73     2.5      10          0    0.5172       0.4195       0.29            0.1724      0.4309            1.428      0.0995          0.1666            77.3      0.003833          0       3.388e+05
      0.6           92.76     2.5      10          0    0.5627       0.6258      0.427            0.3118      0.7795            1.982    0.006167          0.1236            4382             0          0       4.416e+10

=== 15m P3|A|10
 edge_pct  trades_per_30d  mean_N  mean_L  liq_share  tp_share  drift_H_pct  gross_pct  net_notional_pct  eq_ret_pct  30d_median_mult  30d_p_loss  30d_mdd_median  1y_median_mult  1y_p_below50  1y_p_ruin  IS_median_mult
        0           100.7       4      20    0.01629    0.6674     0.003749    0.02297          -0.09325      -0.373           0.6451      0.8687           0.463        0.003503             1     0.9915       9.197e-08
    0.025           100.9       4      20    0.01599    0.6731      0.02884    0.03331          -0.08249     -0.3299           0.6728      0.8468          0.4471        0.006125        0.9997     0.9835       3.496e-07
     0.05             101       4      20    0.01563    0.6786      0.05528    0.04378          -0.07157     -0.2863           0.7056      0.8147          0.4316          0.0106         0.999     0.9603       1.835e-06
    0.075           101.2       4      20    0.01531    0.6841      0.08244    0.05405          -0.06086     -0.2435           0.7383       0.779          0.4155         0.01793        0.9977     0.9187       1.021e-05
      0.1           101.4       4      20    0.01498    0.6898       0.1087    0.06454          -0.04993     -0.1997           0.7705      0.7445           0.401         0.03097         0.993       0.85       6.206e-05
     0.15           101.8       4      20    0.01439    0.7013       0.1588    0.08507          -0.02854     -0.1142            0.841       0.672          0.3712         0.09096        0.9595     0.6212        0.001071
      0.2           102.2       4      20    0.01371    0.7121        0.209     0.1052         -0.007559    -0.03024           0.9223      0.5895          0.3418          0.2721        0.8553     0.3362         0.02391
      0.3           102.9       4      20    0.01249    0.7339       0.3112     0.1447           0.03362      0.1345            1.089      0.4105          0.2933           2.257        0.4087    0.02783           8.333
      0.4           103.6       4      20    0.01091     0.756       0.4166     0.1866           0.07735      0.3094             1.32      0.2312          0.2505           22.78       0.08983  0.0006667            6843
      0.6           105.2       4      20   0.008097    0.8007       0.6236     0.2693            0.1637      0.6547            1.912      0.0355          0.1979            2383      0.002833          0       7.626e+09

=== 15m P3|B|10
 edge_pct  trades_per_30d  mean_N  mean_L  liq_share  tp_share  drift_H_pct  gross_pct  net_notional_pct  eq_ret_pct  30d_median_mult  30d_p_loss  30d_mdd_median  1y_median_mult  1y_p_below50  1y_p_ruin  IS_median_mult
        0           112.5       4      20  0.0002713    0.5893     0.005106   0.008802           -0.1035      -0.414           0.6033       0.959           0.452        0.001998             1          1       1.511e-08
    0.025           112.5       4      20  0.0002629     0.594      0.03066    0.01512          -0.09693     -0.3877           0.6217       0.947          0.4384        0.002884             1     0.9998       5.372e-08
     0.05           112.5       4      20  0.0002586    0.5987      0.05645    0.02137          -0.09045     -0.3618           0.6416      0.9335          0.4259        0.004123             1     0.9995        1.49e-07
    0.075           112.6       4      20  0.0002586    0.6032      0.08301    0.02758            -0.084      -0.336           0.6596      0.9235          0.4124        0.005914             1     0.9987       3.409e-07
      0.1           112.6       4      20  0.0002585    0.6082       0.1091    0.03441          -0.07693     -0.3077           0.6804      0.9058           0.399        0.008627             1     0.9955       1.031e-06
     0.15           112.7       4      20  0.0002626    0.6178       0.1589    0.04725           -0.0636     -0.2544           0.7219      0.8663          0.3716         0.01834             1     0.9715       9.737e-06
      0.2           112.7       4      20  0.0002583     0.627       0.2096    0.05983          -0.05056     -0.2022           0.7689      0.8168          0.3438         0.03738        0.9987     0.8748       8.112e-05
      0.3           112.8       4      20  0.0002414    0.6456       0.3125    0.08488          -0.02457    -0.09826           0.8666      0.7003          0.2933           0.158        0.9483     0.4033         0.00489
      0.4           112.9       4      20   0.000237    0.6649       0.4177      0.111           0.00255      0.0102           0.9768      0.5357           0.248          0.7149        0.5922    0.04083          0.3691
      0.6           113.1       4      20  0.0001992    0.7027        0.623     0.1624           0.05582      0.2233            1.247      0.2042          0.1823            14.1         0.019          0            2500

=== 15m P3|C|10
 edge_pct  trades_per_30d  mean_N  mean_L  liq_share  tp_share  drift_H_pct  gross_pct  net_notional_pct  eq_ret_pct  30d_median_mult  30d_p_loss  30d_mdd_median  1y_median_mult  1y_p_below50  1y_p_ruin  IS_median_mult
        0           102.9       4      20          0    0.6581     0.004642    0.01164          -0.09785     -0.3914           0.6371      0.8972          0.4552        0.003271             1     0.9978       8.984e-08
    0.025             103       4      20          0    0.6637         0.03    0.02146          -0.08774      -0.351           0.6614      0.8745          0.4392        0.005456             1     0.9933       3.344e-07
     0.05           103.2       4      20          0     0.669      0.05631    0.03111          -0.07781     -0.3112            0.691      0.8468           0.421        0.009097        0.9998      0.982       1.401e-06
    0.075           103.3       4      20          0    0.6744      0.08366    0.04087          -0.06777     -0.2711           0.7216      0.8162          0.4039         0.01504        0.9995     0.9532       7.095e-06
      0.1           103.5       4      20          0    0.6801         0.11    0.05085          -0.05749       -0.23           0.7493      0.7857          0.3863          0.0254        0.9973     0.8997       2.853e-05
     0.15           103.8       4      20          0    0.6912       0.1599    0.07019          -0.03757     -0.1503            0.816      0.7228          0.3562         0.07063        0.9808     0.6945       0.0005156
      0.2           104.1       4      20          0    0.7018       0.2104    0.08885          -0.01836    -0.07343           0.8859      0.6408          0.3253          0.1928        0.9082      0.388         0.01112
      0.3           104.7       4      20          0    0.7233       0.3128     0.1265           0.02042     0.08168            1.043      0.4508           0.275           1.434        0.4537    0.02833           3.808
      0.4           105.3       4      20          0    0.7452       0.4181     0.1659             0.061       0.244            1.247      0.2603          0.2325           12.15       0.07833  0.0003333            2233
      0.6           106.5       4      20          0    0.7891       0.6256     0.2438            0.1412      0.5646            1.761     0.03533          0.1688             898      0.001167          0       4.209e+08

=== 15m P3|B|30
 edge_pct  trades_per_30d  mean_N  mean_L  liq_share  tp_share  drift_H_pct  gross_pct  net_notional_pct  eq_ret_pct  30d_median_mult  30d_p_loss  30d_mdd_median  1y_median_mult  1y_p_below50  1y_p_ruin  IS_median_mult
        0           97.37       4      20  0.0007666    0.2437     0.007083   0.001567           -0.1295     -0.5179           0.5571      0.9157          0.5291       0.0006883             1          1       5.243e-10
    0.025            97.3       4      20  0.0007479    0.2477      0.03247    0.01578           -0.1151     -0.4602           0.5887      0.8913          0.5097        0.001383             1     0.9988       4.938e-09
     0.05           97.21       4      20  0.0007437    0.2513       0.0575    0.02908           -0.1016     -0.4063           0.6213       0.869            0.49        0.002623             1      0.996       3.972e-08
    0.075           97.14       4      20  0.0007443    0.2552      0.08433    0.04324          -0.08724     -0.3489           0.6575       0.838           0.472         0.00519             1     0.9878       2.494e-07
      0.1           97.04       4      20  0.0007354    0.2594       0.1108    0.05816          -0.07211     -0.2885            0.694      0.8007          0.4502         0.01084         0.999      0.962        1.82e-06
     0.15           96.89       4      20  0.0007365     0.267       0.1606    0.08627          -0.04364     -0.1746           0.7736      0.7273          0.4152         0.04019        0.9865     0.8078       9.249e-05
      0.2           96.74       4      20  0.0007231    0.2745        0.211      0.114          -0.01555    -0.06219           0.8592      0.6353           0.379          0.1536         0.921     0.5045        0.003045
      0.3           96.45       4      20  0.0006863    0.2899       0.3135     0.1704           0.04163      0.1665             1.07       0.432          0.3193            2.24        0.4752      0.041           9.585
      0.4           96.13       4      20  0.0006886    0.3057       0.4192      0.228           0.09998      0.3999            1.341      0.2508          0.2697           34.84         0.106  0.0006667       2.208e+04
      0.6           95.52       4      20  0.0005554    0.3369        0.626     0.3413            0.2148      0.8592            2.055     0.04767          0.1987            7249         0.003          0       1.768e+11

=== 15m P3|B|100
 edge_pct  trades_per_30d  mean_N  mean_L  liq_share  tp_share  drift_H_pct  gross_pct  net_notional_pct  eq_ret_pct  30d_median_mult  30d_p_loss  30d_mdd_median  1y_median_mult  1y_p_below50  1y_p_ruin  IS_median_mult
        0           91.52       4      20   0.001339   0.02545     0.006278  -0.005566           -0.1484     -0.5934           0.5123      0.9025          0.5787       0.0002549             1          1       4.165e-11
    0.025           91.36       4      20   0.001331   0.02589      0.03147    0.01229           -0.1305      -0.522           0.5473      0.8798          0.5573       0.0005588             1     0.9997       4.299e-10
     0.05           91.21       4      20   0.001328   0.02634      0.05626    0.02888           -0.1139     -0.4556            0.584      0.8548          0.5386        0.001192             1     0.9975       5.192e-09
    0.075           91.06       4      20   0.001325   0.02683      0.08221    0.04628          -0.09648     -0.3859           0.6196      0.8292          0.5202        0.002599        0.9997     0.9898       3.092e-08
      0.1           90.88       4      20   0.001312   0.02731       0.1083      0.064          -0.07875      -0.315           0.6631       0.796           0.499        0.005709        0.9985     0.9703        3.56e-07
     0.15           90.58       4      20   0.001317   0.02822        0.158    0.09804           -0.0447     -0.1788           0.7453      0.7225           0.462         0.02517        0.9872     0.8642        3.36e-05
      0.2           90.29       4      20   0.001295   0.02918       0.2084     0.1331         -0.009605    -0.03842           0.8433      0.6323          0.4266          0.1182        0.9322     0.5915        0.002589
      0.3           89.71       4      20    0.00123   0.03104       0.3093     0.2025           0.05982      0.2393             1.06      0.4568          0.3637            2.36        0.5532    0.09183           18.96
      0.4           89.12       4      20   0.001227   0.03315       0.4125     0.2725            0.1299      0.5196            1.354      0.2717          0.3112           47.02        0.1662   0.002667       1.504e+05
      0.6           87.98       4      20   0.001019   0.03729       0.6176     0.4149            0.2725        1.09            2.162       0.059           0.225       1.799e+04        0.0085          0       3.538e+12

=== 15m P4|A|10
 edge_pct  trades_per_30d  mean_N  mean_L  liq_share  tp_share  drift_H_pct  gross_pct  net_notional_pct  eq_ret_pct  30d_median_mult  30d_p_loss  30d_mdd_median  1y_median_mult  1y_p_below50  1y_p_ruin  IS_median_mult
        0           119.6      20      50    0.07805    0.8508     0.005054    0.02099           -0.1112      -2.224          0.02317      0.9963          0.9825       2.703e-21             1          1        8.94e-61
    0.025           119.7      20      50    0.07665    0.8537      0.02963    0.02445            -0.107       -2.14          0.02594       0.995          0.9805       1.149e-20             1          1       5.296e-59
     0.05           119.8      20      50    0.07516    0.8567      0.05539    0.02809           -0.1025      -2.051          0.02956      0.9938          0.9784       5.951e-20             1          1       9.088e-57
    0.075           119.9      20      50    0.07383    0.8595      0.08185    0.03152           -0.0984      -1.968          0.03352      0.9933          0.9758       2.346e-19             1          1       4.135e-55
      0.1             120      20      50     0.0723    0.8627       0.1074    0.03525          -0.09385      -1.877          0.03839      0.9908          0.9729       1.111e-18             1          1       6.066e-53
     0.15           120.3      20      50    0.06944    0.8688       0.1573    0.04255          -0.08499        -1.7          0.04839      0.9843          0.9657       2.396e-17             1          1       2.756e-49
      0.2           120.5      20      50    0.06683    0.8744       0.2078     0.0491          -0.07703      -1.541           0.0614       0.978          0.9584       3.581e-16             1          1       4.245e-46
      0.3           120.9      20      50    0.06134    0.8861       0.3095    0.06289          -0.06026      -1.205          0.09956      0.9578          0.9365       1.229e-13             1          1       4.493e-38
      0.4           121.4      20      50    0.05549    0.8983       0.4127    0.07737          -0.04263     -0.8525           0.1649      0.9175          0.9032       6.646e-11             1          1       4.768e-30
      0.6           122.3      20      50    0.04439    0.9217       0.6152     0.1052         -0.008827     -0.1765             0.44      0.7453             0.8       1.274e-05        0.9985     0.9912       3.376e-15

=== 15m P4|B|10
 edge_pct  trades_per_30d  mean_N  mean_L  liq_share  tp_share  drift_H_pct  gross_pct  net_notional_pct  eq_ret_pct  30d_median_mult  30d_p_loss  30d_mdd_median  1y_median_mult  1y_p_below50  1y_p_ruin  IS_median_mult
        0           125.1      20      50    0.01252     0.795     0.004666    0.01144          -0.09503      -1.901          0.05452      0.9985          0.9551       1.241e-16             1          1       3.069e-47
    0.025           125.2      20      50    0.01244    0.7975      0.02919    0.01374          -0.09257      -1.851          0.05758      0.9983          0.9517       2.897e-16             1          1       4.654e-46
     0.05           125.2      20      50     0.0123    0.8002      0.05473     0.0162           -0.0899      -1.798          0.06243      0.9983          0.9484       6.791e-16             1          1       5.234e-45
    0.075           125.3      20      50    0.01219    0.8027      0.08091    0.01846          -0.08748       -1.75          0.06793      0.9978          0.9439       1.626e-15             1          1       4.949e-44
      0.1           125.3      20      50    0.01202    0.8054       0.1065    0.02107          -0.08465      -1.693          0.07275       0.996          0.9401       4.159e-15             1          1       9.657e-43
     0.15           125.4      20      50    0.01181     0.811       0.1562    0.02617          -0.07917      -1.583          0.08365      0.9938          0.9312       2.499e-14             1          1       1.163e-40
      0.2           125.5      20      50    0.01152    0.8159       0.2064    0.03063          -0.07435      -1.487          0.09724      0.9917          0.9224       1.194e-13             1          1       2.643e-38
      0.3           125.6      20      50    0.01101    0.8262       0.3081    0.03995          -0.06428      -1.286           0.1248      0.9853          0.9035       3.535e-12             1          1       2.946e-34
      0.4           125.8      20      50    0.01039    0.8374       0.4113    0.05021          -0.05319      -1.064           0.1697      0.9705          0.8744       1.623e-10             1          1       3.447e-29
      0.6           126.1      20      50   0.009514    0.8584       0.6132    0.06933          -0.03262     -0.6524           0.2925      0.9075          0.7988        1.72e-07             1          1       3.342e-20

=== 15m P4|C|10
 edge_pct  trades_per_30d  mean_N  mean_L  liq_share  tp_share  drift_H_pct  gross_pct  net_notional_pct  eq_ret_pct  30d_median_mult  30d_p_loss  30d_mdd_median  1y_median_mult  1y_p_below50  1y_p_ruin  IS_median_mult
        0           124.4      20      50          0    0.7826     0.004951   0.008285          -0.09346      -1.869          0.06456      0.9987          0.9446       1.841e-15             1          1       6.442e-44
    0.025           124.4      20      50          0    0.7854      0.02951    0.01071           -0.0909      -1.818          0.06866      0.9987           0.941         4.3e-15             1          1       9.732e-43
     0.05           124.5      20      50          0    0.7884      0.05515    0.01328          -0.08818      -1.764          0.07415      0.9987          0.9365       1.053e-14             1          1       1.817e-41
    0.075           124.5      20      50          0    0.7909      0.08132    0.01555          -0.08577      -1.715          0.07886      0.9985          0.9331       2.307e-14             1          1       1.589e-40
      0.1           124.6      20      50          0    0.7938        0.107    0.01804          -0.08313      -1.663           0.0852      0.9977          0.9285       5.551e-14             1          1       4.457e-39
     0.15           124.7      20      50          0    0.7995       0.1567    0.02296          -0.07793      -1.559          0.09785      0.9965          0.9192       2.975e-13             1          1       1.467e-37
      0.2           124.8      20      50          0    0.8045       0.2073    0.02718          -0.07345      -1.469             0.11      0.9957          0.9099       1.272e-12             1          1       1.133e-35
      0.3             125      20      50          0    0.8151        0.309    0.03644          -0.06365      -1.273           0.1412      0.9892          0.8861       3.147e-11             1          1       6.202e-32
      0.4           125.2      20      50          0    0.8265       0.4126    0.04617          -0.05334      -1.067           0.1837      0.9738          0.8555       8.823e-10             1          1       3.354e-27
      0.6           125.6      20      50          0     0.848       0.6157    0.06489          -0.03352     -0.6705           0.3209      0.9117          0.7757       5.964e-07             1          1       5.068e-19

=== 15m P4|B|100
 edge_pct  trades_per_30d  mean_N  mean_L  liq_share  tp_share  drift_H_pct  gross_pct  net_notional_pct  eq_ret_pct  30d_median_mult  30d_p_loss  30d_mdd_median  1y_median_mult  1y_p_below50  1y_p_ruin  IS_median_mult
        0           95.32      20      50    0.05953    0.1592     0.006007   0.003573           -0.1572      -3.143         0.004007       0.992          0.9975       1.175e-30             1          1       1.237e-88
    0.025           95.21      20      50    0.05896     0.162      0.03121    0.01881           -0.1415      -2.831         0.005555      0.9892          0.9967       4.416e-29             1          1       1.315e-83
     0.05           95.11      20      50    0.05831    0.1648      0.05654    0.03345           -0.1265       -2.53         0.007408       0.983          0.9958       1.534e-27             1          1       4.129e-79
    0.075           94.99      20      50    0.05768    0.1675      0.08333    0.04862           -0.1109      -2.219          0.01008      0.9752          0.9946        5.94e-26             1          1       1.127e-74
      0.1           94.86      20      50    0.05703    0.1706       0.1101    0.06447          -0.09465      -1.893           0.0138      0.9695          0.9929       2.903e-24             1          1       8.707e-70
     0.15           94.63      20      50     0.0559    0.1757         0.16    0.09372          -0.06468      -1.294          0.02459      0.9465          0.9887       3.316e-21             1          1       9.139e-61
      0.2           94.42      20      50    0.05464    0.1812       0.2113     0.1234           -0.0342      -0.684          0.04474       0.914          0.9816       3.941e-18             1          1       1.162e-51
      0.3           94.02      20      50    0.05204    0.1925       0.3142     0.1837           0.02772      0.5543            0.136      0.8062          0.9597       6.521e-12             1     0.9997        2.72e-33
      0.4           93.59      20      50    0.04952    0.2041       0.4206     0.2457           0.09131       1.826           0.4287      0.6462          0.9223       1.829e-05        0.9887     0.9625       7.896e-15
      0.6           92.77      20      50    0.04509    0.2267       0.6263     0.3657            0.2143       4.287            4.131      0.2605          0.8133       2.477e+07         0.624     0.2678       6.744e+21

=== 15m P5|A|10
 edge_pct  trades_per_30d  mean_N  mean_L  liq_share  tp_share  drift_H_pct  gross_pct  net_notional_pct  eq_ret_pct  30d_median_mult  30d_p_loss  30d_mdd_median  1y_median_mult  1y_p_below50  1y_p_ruin  IS_median_mult
        0           116.3   11.76   42.13    0.06247    0.8415     0.004354    0.02875          -0.09742      -1.191           0.1747        0.98          0.8598       2.877e-10             1          1       2.235e-28
    0.025           116.4   11.76   42.14    0.06117    0.8449      0.02896    0.03342          -0.09202      -1.129           0.1868      0.9763           0.852       7.586e-10             1          1       2.215e-27
     0.05           116.6   11.76   42.14    0.05977    0.8483      0.05448    0.03841          -0.08624      -1.064            0.205      0.9707          0.8386       2.207e-09             1          1       7.216e-26
    0.075           116.7   11.76   42.14    0.05849    0.8517        0.081    0.04325          -0.08068      -1.001           0.2239      0.9625          0.8269       5.843e-09             1          1         1.4e-24
      0.1           116.9   11.76   42.14    0.05715    0.8552       0.1065    0.04833          -0.07483     -0.9374           0.2432      0.9568          0.8151       1.587e-08             1          1       2.947e-23
     0.15           117.2   11.77   42.14    0.05448    0.8624       0.1561    0.05835          -0.06329     -0.8069           0.2814      0.9363          0.7909       1.251e-07             1          1       5.919e-21
      0.2           117.4   11.77   42.15    0.05198    0.8689       0.2061    0.06756          -0.05266      -0.689           0.3306      0.9113          0.7624       7.212e-07             1          1       2.738e-18
      0.3             118   11.77   42.16    0.04701    0.8821       0.3075    0.08625          -0.03113     -0.4474           0.4548      0.8432          0.6981       3.405e-05        0.9998     0.9987       1.798e-13
      0.4           118.6   11.78   42.17     0.0417     0.896       0.4109     0.1062         -0.008196     -0.1939           0.6293      0.7282          0.6218        0.001966        0.9962     0.9602       1.321e-08
      0.6           119.7   11.78   42.17     0.0311    0.9227       0.6124     0.1448           0.03641      0.3052            1.217      0.3918          0.4636           6.806        0.5538      0.149           166.6

=== 15m P5|B|10
 edge_pct  trades_per_30d  mean_N  mean_L  liq_share  tp_share  drift_H_pct  gross_pct  net_notional_pct  eq_ret_pct  30d_median_mult  30d_p_loss  30d_mdd_median  1y_median_mult  1y_p_below50  1y_p_ruin  IS_median_mult
        0           123.6   11.82   42.23  0.0002469    0.7706     0.004446    0.01288          -0.08962       -1.09           0.2225      0.9957          0.8013       8.858e-09             1          1       3.505e-24
    0.025           123.7   11.82   42.23  0.0002391    0.7735      0.02901    0.01588          -0.08646      -1.055           0.2311      0.9942          0.7949       1.587e-08             1          1       1.703e-23
     0.05           123.7   11.82   42.24  0.0002353    0.7765      0.05439    0.01896          -0.08323      -1.019           0.2432      0.9937          0.7861       2.739e-08             1          1       9.614e-23
    0.075           123.8   11.82   42.24  0.0002352    0.7793      0.08077    0.02201          -0.08004      -0.986           0.2538      0.9927          0.7761       4.629e-08             1          1       5.297e-22
      0.1           123.8   11.82   42.24  0.0002351    0.7825       0.1065    0.02535          -0.07654     -0.9493           0.2678      0.9903          0.7678       8.216e-08             1          1       2.414e-21
     0.15           123.9   11.82   42.24  0.0002387    0.7888       0.1559    0.03204          -0.06953     -0.8731           0.2947       0.986          0.7465       2.666e-07             1          1       6.457e-20
      0.2             124   11.82   42.24  0.0002347    0.7945        0.206    0.03794          -0.06334     -0.8068           0.3206      0.9807          0.7273       7.589e-07             1          1       1.352e-18
      0.3           124.2   11.82   42.24  0.0002193     0.806       0.3076    0.05002          -0.05067     -0.6681           0.3787      0.9603          0.6831       6.715e-06             1          1       1.135e-15
      0.4           124.4   11.82   42.24  0.0002152    0.8185       0.4107    0.06301          -0.03704     -0.5194           0.4636      0.9247          0.6274       6.818e-05             1          1       5.259e-13
      0.6           124.7   11.82   42.24  0.0001807    0.8423       0.6117    0.08786          -0.01096     -0.2361            0.672      0.7928          0.5132        0.006043        0.9977     0.9632       3.325e-07

=== 15m P5|C|10
 edge_pct  trades_per_30d  mean_N  mean_L  liq_share  tp_share  drift_H_pct  gross_pct  net_notional_pct  eq_ret_pct  30d_median_mult  30d_p_loss  30d_mdd_median  1y_median_mult  1y_p_below50  1y_p_ruin  IS_median_mult
        0           121.8   11.75   42.14          0    0.7904     0.005503    0.01338          -0.08814      -1.051           0.2355      0.9913          0.7965       1.475e-08             1          1       1.202e-23
    0.025           121.9   11.75   42.14          0    0.7935      0.03007     0.0167          -0.08466       -1.01           0.2468      0.9892          0.7855       2.777e-08             1          1        1.19e-22
     0.05           121.9   11.75   42.15          0    0.7966      0.05558    0.02007          -0.08113     -0.9689           0.2606      0.9868          0.7752       5.275e-08             1          1       8.389e-22
    0.075             122   11.76   42.15          0    0.7997      0.08208    0.02354          -0.07749     -0.9279           0.2753       0.985          0.7673       9.866e-08             1          1        4.25e-21
      0.1           122.1   11.76   42.15          0     0.803       0.1078    0.02721          -0.07366     -0.8851           0.2908      0.9827          0.7557       1.939e-07             1          1       3.196e-20
     0.15           122.2   11.76   42.15          0    0.8097       0.1572    0.03457          -0.06596     -0.7968           0.3271       0.975          0.7284       7.668e-07             1          1       1.858e-18
      0.2           122.3   11.76   42.15          0    0.8157       0.2075    0.04102          -0.05919      -0.719           0.3562      0.9648          0.7065       2.513e-06             1          1       6.628e-17
      0.3           122.6   11.76   42.16          0    0.8279       0.3092    0.05437          -0.04522     -0.5565           0.4378      0.9307          0.6508        3.13e-05             1          1       1.035e-13
      0.4           122.9   11.77   42.17          0     0.841       0.4124    0.06873          -0.03019     -0.3851           0.5442      0.8722          0.5863       0.0004608             1     0.9983       2.852e-10
      0.6           123.3   11.77   42.17          0    0.8659       0.6138    0.09608          -0.00157    -0.05502           0.8332      0.6407          0.4543         0.08922        0.9428     0.6577       0.0008683

=== 15m P5|B|100
 edge_pct  trades_per_30d  mean_N  mean_L  liq_share  tp_share  drift_H_pct  gross_pct  net_notional_pct  eq_ret_pct  30d_median_mult  30d_p_loss  30d_mdd_median  1y_median_mult  1y_p_below50  1y_p_ruin  IS_median_mult
        0           92.94   11.83    42.2   0.001323    0.0968     0.006828  -0.005532           -0.1446      -1.687           0.1143      0.9685          0.9176       3.477e-12             1          1        3.82e-34
    0.025           92.82   11.83    42.2   0.001315   0.09887      0.03189    0.01173           -0.1272      -1.512           0.1359       0.958          0.9054       2.518e-11             1          1        1.13e-31
     0.05            92.7   11.83    42.2   0.001312    0.1007       0.0566    0.02778           -0.1111      -1.348            0.159       0.945          0.8924       1.589e-10             1          1       2.633e-29
    0.075           92.57   11.83    42.2   0.001309    0.1026      0.08249    0.04458          -0.09423      -1.178            0.186      0.9272          0.8776       1.059e-09             1          1       4.495e-27
      0.1           92.42   11.83    42.2   0.001295    0.1047       0.1087    0.06227          -0.07644      -1.003           0.2176      0.9087          0.8625       7.684e-09             1          1       1.296e-24
     0.15           92.17   11.83    42.2   0.001294    0.1083       0.1581    0.09541          -0.04314      -0.673           0.2962      0.8613          0.8293       3.011e-07             1     0.9998        8.97e-20
      0.2           91.93   11.83    42.2   0.001272    0.1121       0.2083     0.1296         -0.008776     -0.3363              0.4      0.7857          0.7906       1.286e-05        0.9998     0.9972       2.761e-15
      0.3           91.46   11.83    42.2   0.001206    0.1202       0.3096     0.1978           0.05984       0.343            0.748      0.6013          0.7074         0.02358         0.959     0.8318       7.565e-06
      0.4           90.95   11.83   42.19   0.001198    0.1282       0.4138     0.2666            0.1289       1.032            1.367      0.3895          0.6237           44.82        0.6632      0.265       7.462e+04
      0.6           89.98   11.83   42.19  0.0009861    0.1444       0.6188     0.4052            0.2684       2.407            4.552       0.093           0.479        1.11e+08        0.1475   0.002333       8.193e+22

=== 15m P5c|A|10
 edge_pct  trades_per_30d  mean_N  mean_L  liq_share  tp_share  drift_H_pct  gross_pct  net_notional_pct  eq_ret_pct  30d_median_mult  30d_p_loss  30d_mdd_median  1y_median_mult  1y_p_below50  1y_p_ruin  IS_median_mult
        0           116.3   8.427   42.13    0.06247    0.8415     0.004354    0.02875          -0.09742     -0.8462           0.3142      0.9702          0.7388       4.446e-07             1          1       4.619e-19
    0.025           116.4   8.632   42.14    0.06117    0.8449      0.02896    0.03342          -0.09202     -0.7762           0.3413      0.9608           0.721       1.229e-06             1          1       4.822e-18
     0.05           116.6   8.839   42.14    0.05977    0.8483      0.05448    0.03841          -0.08624     -0.7035           0.3723      0.9465          0.7009       3.682e-06             1          1       1.594e-16
    0.075           116.7   9.038   42.14    0.05849    0.8517        0.081    0.04325          -0.08068      -0.634           0.4045      0.9302          0.6812       1.001e-05             1          1       4.125e-15
      0.1           116.9   9.238   42.14    0.05715    0.8552       0.1065    0.04833          -0.07483     -0.5626           0.4417      0.9083          0.6609       2.823e-05             1          1       6.497e-14
     0.15           117.2   9.642   42.14    0.05448    0.8624       0.1561    0.05835          -0.06329     -0.4175           0.5158      0.8527           0.621        0.000228             1     0.9973       1.639e-11
      0.2           117.4   10.04   42.15    0.05198    0.8689       0.2061    0.06756          -0.05266     -0.2831           0.6139      0.7845          0.5799         0.00153        0.9993     0.9843       8.605e-09
      0.3             118   10.84   42.16    0.04701    0.8821       0.3075    0.08625          -0.03113   -0.008597           0.8579      0.5985          0.5036         0.08471        0.9307     0.6827       0.0009689
      0.4           118.6   11.64   42.17     0.0417     0.896       0.4109     0.1062         -0.008196      0.2771            1.205       0.384          0.4384            5.92        0.5377     0.1288           161.4
      0.6           119.7   13.26   42.17     0.0311    0.9227       0.6124     0.1448           0.03641       0.839            2.409     0.09417          0.3579       2.797e+04       0.08483  0.0008333       6.439e+12

=== 15m P5c|B|10
 edge_pct  trades_per_30d  mean_N  mean_L  liq_share  tp_share  drift_H_pct  gross_pct  net_notional_pct  eq_ret_pct  30d_median_mult  30d_p_loss  30d_mdd_median  1y_median_mult  1y_p_below50  1y_p_ruin  IS_median_mult
        0           123.6   8.447   42.23  0.0002469    0.7706     0.004446    0.01288          -0.08962     -0.7687           0.3555      0.9913          0.6767       2.834e-06             1          1       8.024e-17
    0.025           123.7   8.653   42.23  0.0002391    0.7735      0.02901    0.01588          -0.08646     -0.7351           0.3682      0.9878          0.6676       4.515e-06             1          1       2.923e-16
     0.05           123.7   8.858   42.24  0.0002353    0.7765      0.05439    0.01896          -0.08323     -0.7012           0.3836      0.9837           0.659       7.412e-06             1          1       1.488e-15
    0.075           123.8   9.057   42.24  0.0002352    0.7793      0.08077    0.02201          -0.08004     -0.6697           0.3967      0.9807          0.6487       1.137e-05             1          1       3.804e-15
      0.1           123.8   9.258   42.24  0.0002351    0.7825       0.1065    0.02535          -0.07654     -0.6354           0.4144      0.9735           0.638       1.841e-05             1          1       1.817e-14
     0.15           123.9    9.66   42.24  0.0002387    0.7888       0.1559    0.03204          -0.06953     -0.5621           0.4529      0.9555          0.6161       5.223e-05             1          1       3.073e-13
      0.2             124   10.06   42.24  0.0002347    0.7945        0.206    0.03794          -0.06334     -0.4982           0.4885      0.9328          0.5955       0.0001283             1          1       5.569e-12
      0.3           124.2   10.86   42.24  0.0002193     0.806       0.3076    0.05002          -0.05067     -0.3657           0.5653        0.87          0.5597       0.0007968             1     0.9988       9.306e-10
      0.4           124.4   11.66   42.24  0.0002152    0.8185       0.4107    0.06301          -0.03704     -0.2224           0.6759       0.782           0.517        0.006159        0.9987     0.9587       2.808e-07
      0.6           124.7   13.28   42.24  0.0001807    0.8423       0.6117    0.08786          -0.01096     0.04526           0.9263      0.5582          0.4589            0.28        0.8563     0.4542          0.0296

=== 15m P5c|C|10
 edge_pct  trades_per_30d  mean_N  mean_L  liq_share  tp_share  drift_H_pct  gross_pct  net_notional_pct  eq_ret_pct  30d_median_mult  30d_p_loss  30d_mdd_median  1y_median_mult  1y_p_below50  1y_p_ruin  IS_median_mult
        0           121.8   8.429   42.14          0    0.7904     0.005503    0.01338          -0.08814     -0.7497           0.3679      0.9888          0.6697       4.003e-06             1          1       2.139e-16
    0.025           121.9   8.634   42.14          0    0.7935      0.03007     0.0167          -0.08466     -0.7087           0.3877      0.9825          0.6573       7.343e-06             1          1       1.423e-15
     0.05           121.9   8.839   42.15          0    0.7966      0.05558    0.02007          -0.08113     -0.6678           0.4037      0.9778          0.6456       1.284e-05             1          1       8.038e-15
    0.075             122   9.038   42.15          0    0.7997      0.08208    0.02354          -0.07749     -0.6282           0.4259      0.9718          0.6314       2.231e-05             1          1       3.153e-14
      0.1           122.1   9.238   42.15          0     0.803       0.1078    0.02721          -0.07366     -0.5867           0.4487       0.962           0.618       4.034e-05             1          1       2.295e-13
     0.15           122.2   9.639   42.15          0    0.8097       0.1572    0.03457          -0.06596     -0.4988           0.4981      0.9337          0.5884       0.0001409             1          1       5.528e-12
      0.2           122.3   10.04   42.15          0    0.8157       0.2075    0.04102          -0.05919     -0.4206           0.5432      0.8983          0.5658       0.0004242             1     0.9998       1.358e-10
      0.3           122.6   10.84   42.16          0    0.8279       0.3092    0.05437          -0.04522     -0.2578           0.6537      0.8062          0.5154        0.004333        0.9987     0.9777        1.19e-07
      0.4           122.9   11.64   42.17          0     0.841       0.4124    0.06873          -0.03019    -0.08649           0.7964      0.6645          0.4687          0.0498        0.9687     0.7477       0.0001616
      0.6           123.3   13.26   42.17          0    0.8659       0.6138    0.09608          -0.00157      0.2389            1.185      0.3857          0.4048           5.535        0.4857    0.08133             100

=== 15m P6|B|none
 edge_pct  trades_per_30d  mean_N  mean_L  liq_share  tp_share  drift_H_pct  gross_pct  net_notional_pct  eq_ret_pct  30d_median_mult  30d_p_loss  30d_mdd_median  1y_median_mult  1y_p_below50  1y_p_ruin  IS_median_mult
        0              91   1.127   9.993          0         0     0.006196   -0.01442            -0.158     -0.1694           0.8504      0.9098          0.1876          0.1409        0.9998     0.2107        0.003234
    0.025           90.83   1.127   9.993          0         0      0.03116   0.003255           -0.1403     -0.1528           0.8642      0.8868          0.1773          0.1704        0.9977      0.097        0.005982
     0.05           90.67   1.128   9.993          0         0      0.05563    0.01986           -0.1237     -0.1368           0.8765      0.8605          0.1691           0.204        0.9918    0.04167        0.009742
    0.075           90.51   1.128   9.993          0         0       0.0818    0.03775           -0.1058     -0.1202           0.8893      0.8297          0.1604          0.2447        0.9737    0.01367          0.0175
      0.1           90.32   1.128   9.993          0         0       0.1078     0.0559          -0.08771     -0.1032           0.9045      0.7958          0.1511           0.295        0.9323      0.004         0.02791
     0.15           90.01   1.128   9.993          0         0       0.1572    0.09046          -0.05318    -0.07079           0.9315      0.7252           0.136          0.4219        0.7498  0.0003333         0.08643
      0.2           89.71   1.128   9.993          0         0       0.2072     0.1256          -0.01812    -0.03809           0.9586      0.6357           0.122          0.6016        0.4253          0          0.2213
      0.3           89.11   1.129   9.993          0         0       0.3075     0.1951            0.0513     0.02732            1.017      0.4463         0.09936           1.232          0.03          0           1.908
      0.4           88.48   1.129   9.993          0         0       0.4097     0.2661            0.1222     0.09413            1.076       0.259         0.08113           2.494     0.0001667          0           15.98
      0.6           87.28    1.13   9.993          0         0       0.6131     0.4086            0.2646      0.2277            1.204       0.054         0.05621           10.16             0          0           874.9

=== 15m P6h|B|none
 edge_pct  trades_per_30d  mean_N  mean_L  liq_share  tp_share  drift_H_pct  gross_pct  net_notional_pct  eq_ret_pct  30d_median_mult  30d_p_loss  30d_mdd_median  1y_median_mult  1y_p_below50  1y_p_ruin  IS_median_mult
        0              91  0.5638   9.993          0         0     0.006196   -0.01442            -0.158    -0.08471           0.9236      0.9048         0.09775          0.3827        0.9223          0         0.06008
    0.025           90.83  0.5638   9.993          0         0      0.03116   0.003255           -0.1403    -0.07641           0.9311      0.8805         0.09218          0.4209        0.8388          0         0.08186
     0.05           90.67  0.5639   9.993          0         0      0.05563    0.01986           -0.1237    -0.06845           0.9375      0.8518         0.08775          0.4604        0.7073          0          0.1044
    0.075           90.51   0.564   9.993          0         0       0.0818    0.03775           -0.1058     -0.0601           0.9445      0.8208         0.08298          0.5044        0.5375          0          0.1399
      0.1           90.32   0.564   9.993          0         0       0.1078     0.0559          -0.08771    -0.05161           0.9525      0.7872         0.07789          0.5539        0.3488          0          0.1765
     0.15           90.01  0.5641   9.993          0         0       0.1572    0.09046          -0.05318    -0.03542           0.9667       0.715          0.0698          0.6625        0.1035          0          0.3126
      0.2           89.71  0.5643   9.993          0         0       0.2072     0.1256          -0.01812    -0.01907           0.9807      0.6262         0.06244          0.7918        0.0145          0          0.4977
      0.3           89.11  0.5645   9.993          0         0       0.3075     0.1951            0.0513     0.01364             1.01       0.435         0.05047           1.134             0          0           1.478
      0.4           88.48  0.5647   9.993          0         0       0.4097     0.2661            0.1222     0.04705            1.039      0.2495         0.04112           1.614             0          0           4.276
      0.6           87.28   0.565   9.993          0         0       0.6131     0.4086            0.2646      0.1138            1.099       0.052         0.02837           3.258             0          0           31.56

=== 15m P6|B|10
 edge_pct  trades_per_30d  mean_N  mean_L  liq_share  tp_share  drift_H_pct  gross_pct  net_notional_pct  eq_ret_pct  30d_median_mult  30d_p_loss  30d_mdd_median  1y_median_mult  1y_p_below50  1y_p_ruin  IS_median_mult
        0             102   1.105   9.991          0    0.3723     0.006401   0.004571           -0.1193     -0.1381            0.866       0.942          0.1626          0.1713        0.9998    0.05367        0.005762
    0.025             102   1.105   9.991          0     0.377      0.03212    0.01573           -0.1079     -0.1264           0.8767      0.9257          0.1541          0.1983        0.9995     0.0175        0.009042
     0.05           101.9   1.105   9.991          0    0.3818      0.05764    0.02656          -0.09683     -0.1146           0.8877      0.9033           0.147          0.2306         0.996   0.004833         0.01363
    0.075           101.9   1.104   9.991          0    0.3867      0.08458     0.0378          -0.08535     -0.1026           0.8982       0.876           0.139          0.2672        0.9828      0.002         0.02253
      0.1           101.9   1.104   9.991          0    0.3918       0.1109     0.0496          -0.07329    -0.09036           0.9094        0.85          0.1317           0.312         0.948     0.0005         0.03354
     0.15           101.8   1.104   9.991          0    0.4017       0.1606     0.0725          -0.04991    -0.06637           0.9311      0.7792          0.1181          0.4187         0.775          0         0.07821
      0.2           101.7   1.104   9.991          0    0.4113       0.2116    0.09466          -0.02727    -0.04274           0.9545      0.6928          0.1053          0.5599        0.4443          0          0.1791
      0.3           101.6   1.103   9.991          0    0.4306       0.3155     0.1399           0.01889    0.004833            1.001      0.4927          0.0845           1.008       0.02233          0           1.035
      0.4           101.4   1.103   9.991          0    0.4503       0.4213     0.1856           0.06556     0.05325             1.05      0.2843         0.06824           1.843             0          0           5.529
      0.6           101.2   1.101   9.991          0    0.4896        0.627     0.2765            0.1585      0.1491            1.157      0.0455         0.04827           5.987             0          0           174.5

=== 1h P0|A|10
 edge_pct  trades_per_30d  mean_N  mean_L  liq_share  tp_share  drift_H_pct  gross_pct  net_notional_pct  eq_ret_pct  30d_median_mult  30d_p_loss  30d_mdd_median  1y_median_mult  1y_p_below50  1y_p_ruin  IS_median_mult
        0           23.39       1       1  4.014e-05   0.02712     0.001951    0.02095           -0.1375     -0.1375           0.9583      0.6052          0.1448          0.5749        0.5385    0.01633          0.1832
    0.025           23.39       1       1  4.014e-05   0.02739      0.02298    0.04238           -0.1161     -0.1161           0.9629      0.5953          0.1424           0.612        0.4973    0.01517          0.2123
     0.05           23.39       1       1  4.014e-05   0.02769      0.05073    0.07008          -0.08833    -0.08833           0.9697      0.5793          0.1388          0.6563        0.4482    0.01467          0.2567
    0.075            23.4       1       1  4.013e-05   0.02797      0.07622    0.09518          -0.06321    -0.06321           0.9758      0.5663          0.1359          0.7074        0.4085    0.01317          0.3369
      0.1            23.4       1       1  4.013e-05   0.02821       0.1017     0.1207          -0.03765    -0.03765            0.981      0.5522           0.133          0.7617        0.3718     0.0125          0.3691
     0.15            23.4       1       1  4.013e-05   0.02871       0.1526     0.1712           0.01281     0.01281            0.991       0.524          0.1292          0.8854        0.2992      0.012          0.5854
      0.2            23.4       1       1  4.012e-05   0.02939       0.2087     0.2275           0.06917     0.06917            1.004      0.4903           0.125           1.038         0.225      0.012           1.037
      0.3           23.41       1       1  4.011e-05    0.0305       0.3123     0.3302             0.172       0.172            1.026      0.4367          0.1166           1.402         0.126    0.01167           2.221
      0.4           23.42       1       1  4.009e-05   0.03181        0.419     0.4361             0.278       0.278            1.049      0.3798          0.1085           1.891        0.0655    0.01167           6.134
      0.6           23.43       1       1  4.008e-05   0.03351       0.6123       0.63            0.4719      0.4719              1.1      0.2775         0.09425           3.298         0.022     0.0115           27.69
      0.8           23.44       1       1  4.006e-05   0.03548       0.8056     0.8237            0.6657      0.6657            1.148      0.1892         0.08223           5.715         0.014     0.0115           153.5
        1           23.44       1       1  4.005e-05   0.03749        1.009      1.026            0.8679      0.8679            1.202      0.1168         0.07269            10.2        0.0125     0.0115           648.4
     1.25           23.45       1       1  2.002e-05   0.03987        1.266      1.281             1.123       1.123            1.269     0.05383         0.06065           21.08        0.0065   0.005667            7556
      1.5           23.47       1       1          0   0.04271        1.521      1.534             1.377       1.377            1.345     0.02367         0.04856           43.23     0.0006667          0       5.811e+04

=== 1h P0|B|10
 edge_pct  trades_per_30d  mean_N  mean_L  liq_share  tp_share  drift_H_pct  gross_pct  net_notional_pct  eq_ret_pct  30d_median_mult  30d_p_loss  30d_mdd_median  1y_median_mult  1y_p_below50  1y_p_ruin  IS_median_mult
        0           27.73       1       1          0   0.02409     0.002832   -0.01195           -0.1645     -0.1645           0.9446      0.6675          0.1363          0.5036        0.6165      0.001          0.1458
    0.025           27.71       1       1          0    0.0243      0.02349   0.003044           -0.1495     -0.1495            0.948      0.6583          0.1343          0.5272         0.578     0.0005          0.1668
     0.05           27.68       1       1          0   0.02459      0.05072    0.02241           -0.1302     -0.1302           0.9542      0.6413          0.1316          0.5601        0.5292  0.0001667             0.2
    0.075           27.65       1       1          0   0.02486      0.07375    0.03972           -0.1129     -0.1129           0.9588      0.6278          0.1298          0.5944        0.4823  0.0001667          0.2315
      0.1           27.62       1       1          0   0.02507      0.09909    0.05784          -0.09477    -0.09477           0.9635      0.6125          0.1274          0.6354        0.4347  0.0001667          0.2844
     0.15           27.56       1       1          0   0.02557       0.1503     0.0934          -0.05926    -0.05926           0.9712      0.5877          0.1237          0.7135         0.346  0.0001667          0.3783
      0.2            27.5       1       1          0   0.02614       0.2073     0.1326          -0.02014    -0.02014           0.9811      0.5572          0.1195          0.8162        0.2568          0           0.529
      0.3           27.39       1       1          0   0.02718       0.3088     0.2008           0.04802     0.04802           0.9982      0.5048          0.1133           1.023        0.1395          0           1.134
      0.4           27.28       1       1          0   0.02845       0.4143     0.2756            0.1228      0.1228            1.017      0.4542          0.1067           1.306       0.05883          0           2.219
      0.6           27.05       1       1          0   0.02994       0.6105     0.4083            0.2552      0.2552            1.051       0.354         0.09416           2.006      0.008833          0           6.928
      0.8           26.86       1       1          0     0.032       0.8067     0.5482             0.395       0.395            1.092      0.2577         0.08363           3.155     0.0008333          0           26.93
        1           26.62       1       1          0   0.03379        1.014       0.69            0.5366      0.5366             1.13      0.1768          0.0743           4.928     0.0003333          0           96.39
     1.25           26.35       1       1          0    0.0361        1.273     0.8643            0.7107      0.7107            1.181      0.1012         0.06394           8.477             0          0           482.3
      1.5           26.08       1       1          0   0.03843        1.534       1.04            0.8858      0.8858            1.231     0.04983         0.05582           14.38             0          0            2448

=== 1h P1|B|10
 edge_pct  trades_per_30d  mean_N  mean_L  liq_share  tp_share  drift_H_pct  gross_pct  net_notional_pct  eq_ret_pct  30d_median_mult  30d_p_loss  30d_mdd_median  1y_median_mult  1y_p_below50  1y_p_ruin  IS_median_mult
        0           31.98    1.25       5          0    0.3926    -0.004955    0.01364           -0.1162     -0.1452           0.9516      0.6543          0.1351          0.5118        0.5942  0.0003333          0.1379
    0.025           31.97    1.25       5          0    0.3949      0.01634    0.02341           -0.1063     -0.1329           0.9555      0.6452          0.1335          0.5382         0.559  0.0003333          0.1648
     0.05           31.97    1.25       5          0    0.3981      0.04456    0.03732          -0.09222     -0.1153            0.961      0.6305          0.1319           0.573        0.5022  0.0001667          0.1877
    0.075           31.96    1.25       5          0    0.4009      0.06835    0.04915          -0.08027     -0.1003           0.9658      0.6148          0.1301          0.6093        0.4527          0           0.226
      0.1           31.96    1.25       5          0    0.4034       0.0936    0.06009           -0.0692    -0.08651             0.97      0.6012          0.1281          0.6401        0.4123          0          0.2798
     0.15           31.95    1.25       5          0    0.4084       0.1477    0.08303          -0.04603    -0.05754           0.9774      0.5735          0.1241            0.72        0.3287          0          0.3667
      0.2           31.93    1.25       5          0    0.4134       0.2051     0.1055          -0.02335    -0.02919           0.9846      0.5438          0.1209          0.8045        0.2498          0          0.5215
      0.3           31.91    1.25       5          0    0.4234       0.3162     0.1505           0.02219     0.02774            1.004      0.4878          0.1149           1.006        0.1297          0          0.8949
      0.4           31.88    1.25       5          0    0.4341       0.4247      0.198           0.07014     0.08768            1.022        0.43          0.1086           1.264       0.04983          0           1.956
      0.6           31.83    1.25       5          0    0.4541       0.6259     0.2859            0.1591      0.1989            1.057      0.3337         0.09685           1.953      0.008667          0           6.715
      0.8           31.79    1.25       5          0    0.4732       0.8206     0.3707            0.2447      0.3059            1.093       0.245          0.0865            2.95         0.001          0           22.03
        1           31.73    1.25       5          0    0.4938        1.029     0.4627            0.3377      0.4221            1.136      0.1617         0.07858           4.629             0          0           87.55
     1.25           31.68    1.25       5          0    0.5183        1.293     0.5719            0.4481      0.5601            1.184       0.088         0.06945           7.809             0          0           383.5
      1.5           31.63    1.25       5          0    0.5443        1.559     0.6868            0.5643      0.7053            1.237     0.04183         0.06251           13.74             0          0            2203

=== 1h P2|B|10
 edge_pct  trades_per_30d  mean_N  mean_L  liq_share  tp_share  drift_H_pct  gross_pct  net_notional_pct  eq_ret_pct  30d_median_mult  30d_p_loss  30d_mdd_median  1y_median_mult  1y_p_below50  1y_p_ruin  IS_median_mult
        0            36.1     2.5      10  0.0002081    0.6052     -0.01598    0.02547          -0.09059     -0.2265           0.9113       0.683          0.2109          0.2866        0.8742    0.09733         0.02776
    0.025            36.1     2.5      10  0.0002081    0.6075      0.00496    0.03139          -0.08455     -0.2114           0.9149      0.6732           0.208           0.308        0.8575    0.08483         0.03622
     0.05           36.11     2.5      10   0.000208    0.6102      0.03142    0.03887          -0.07693     -0.1923           0.9216      0.6598          0.2054          0.3338        0.8267      0.069         0.03964
    0.075           36.12     2.5      10   0.000208     0.613      0.05518    0.04634          -0.06931     -0.1733           0.9271      0.6445          0.2021          0.3637        0.7942      0.057         0.05073
      0.1           36.12     2.5      10   0.000208     0.615      0.07992     0.0517          -0.06385     -0.1596           0.9331      0.6318          0.1995          0.3902        0.7713    0.04633         0.06285
     0.15           36.13     2.5      10  0.0002079    0.6196       0.1321    0.06434          -0.05097     -0.1274           0.9435      0.6125          0.1966          0.4491        0.7163     0.0295         0.09938
      0.2           36.13     2.5      10  0.0002079    0.6243       0.1891    0.07701          -0.03807    -0.09517           0.9566       0.593          0.1927          0.5174        0.6477     0.0185          0.1393
      0.3           36.15     2.5      10  0.0002078    0.6332       0.2988     0.1012          -0.01342    -0.03354           0.9743      0.5527          0.1843          0.6838        0.5103   0.007167          0.2659
      0.4           36.16     2.5      10  0.0001947    0.6424       0.4074     0.1256           0.01149     0.02873           0.9962      0.5062          0.1762          0.9019        0.3718   0.002667          0.6374
      0.6           36.19     2.5      10  0.0001946    0.6607       0.6111     0.1741           0.06095      0.1524            1.042      0.4162           0.161           1.567        0.1555          0           3.665
      0.8           36.23     2.5      10  0.0001555    0.6781       0.8092     0.2212            0.1089      0.2722            1.091      0.3295          0.1495           2.662       0.04933          0           15.29
        1           36.26     2.5      10  0.0001554    0.6962        1.016     0.2705            0.1592       0.398            1.142      0.2493          0.1364            4.66        0.0135          0           91.08
     1.25           36.32     2.5      10  0.0001422    0.7182        1.274     0.3297            0.2195      0.5488            1.208      0.1613          0.1218           9.212      0.002333          0           638.5
      1.5           36.36     2.5      10   0.000142    0.7406        1.538       0.39            0.2809      0.7024            1.276      0.1003          0.1102           18.38     0.0003333          0            5218

=== 1h P2|C|10
 edge_pct  trades_per_30d  mean_N  mean_L  liq_share  tp_share  drift_H_pct  gross_pct  net_notional_pct  eq_ret_pct  30d_median_mult  30d_p_loss  30d_mdd_median  1y_median_mult  1y_p_below50  1y_p_ruin  IS_median_mult
        0            32.2     2.5      10          0    0.6846     -0.01671    0.03104          -0.08401       -0.21           0.9144      0.6348          0.2485          0.2985        0.8495     0.1697         0.02692
    0.025           32.23     2.5      10          0    0.6871     0.004493    0.04038          -0.07453     -0.1863           0.9224      0.6242          0.2456          0.3258        0.8255     0.1457         0.03282
     0.05           32.27     2.5      10          0    0.6901      0.03091    0.05115          -0.06358      -0.159           0.9297      0.6095          0.2418          0.3661         0.791     0.1233         0.04822
    0.075           32.31     2.5      10          0    0.6933      0.05667    0.06318          -0.05136     -0.1284           0.9452      0.5932          0.2369          0.4124        0.7587    0.09933         0.06873
      0.1           32.32     2.5      10          0    0.6958      0.08082    0.07223          -0.04216     -0.1054           0.9531      0.5822          0.2335          0.4514        0.7275      0.083         0.09083
     0.15           32.39     2.5      10          0    0.7011       0.1334    0.09172          -0.02236     -0.0559           0.9673      0.5568          0.2299          0.5563        0.6503      0.051          0.1789
      0.2           32.45     2.5      10          0    0.7068       0.1908     0.1127         -0.001077   -0.002693            0.982       0.529           0.224          0.6921        0.5693     0.0305          0.2772
      0.3           32.55     2.5      10          0    0.7179       0.3016     0.1527           0.03965     0.09913            1.016      0.4748          0.2125           1.042        0.4003   0.009833           1.106
      0.4           32.66     2.5      10          0    0.7286       0.4088     0.1917           0.07921       0.198            1.053        0.42           0.203           1.568        0.2622   0.002833           3.345
      0.6           32.89     2.5      10          0    0.7497       0.6136     0.2674            0.1561      0.3904             1.12      0.3248          0.1799            3.48       0.09083          0           35.22
      0.8           33.11     2.5      10          0    0.7708       0.8115     0.3442            0.2342      0.5855            1.193      0.2308          0.1612           7.833       0.02317          0           329.2
        1           33.35     2.5      10          0    0.7924        1.015     0.4229            0.3142      0.7856            1.284      0.1505          0.1412           18.54         0.004          0            3833
     1.25           33.64     2.5      10          0    0.8183        1.273     0.5174            0.4103       1.026            1.401       0.075          0.1227           51.94        0.0005          0       8.327e+04
      1.5           33.94     2.5      10          0    0.8445        1.535     0.6145            0.5089       1.272            1.526     0.02917          0.1225           155.1             0          0       2.169e+06

=== 1h P3|A|10
 edge_pct  trades_per_30d  mean_N  mean_L  liq_share  tp_share  drift_H_pct  gross_pct  net_notional_pct  eq_ret_pct  30d_median_mult  30d_p_loss  30d_mdd_median  1y_median_mult  1y_p_below50  1y_p_ruin  IS_median_mult
        0            36.7       4      20     0.0511    0.8383     -0.02337    0.04356          -0.08231     -0.3293           0.8629      0.6805          0.3225           0.116        0.9555     0.5353        0.001878
    0.025           36.73       4      20    0.05062    0.8397    -0.001912    0.04792          -0.07766     -0.3106           0.8678       0.672          0.3187          0.1256        0.9497     0.5087        0.003025
     0.05           36.76       4      20    0.04998    0.8415      0.02485    0.05339          -0.07181     -0.2872           0.8744      0.6613          0.3122          0.1405        0.9408     0.4708        0.004138
    0.075           36.79       4      20    0.04947    0.8433      0.04946    0.05881          -0.06605     -0.2642            0.884       0.649          0.3093          0.1566        0.9322     0.4375        0.005102
      0.1           36.82       4      20    0.04895     0.845      0.07418    0.06384          -0.06069     -0.2428           0.8911      0.6387          0.3033          0.1741        0.9207     0.4035        0.005973
     0.15           36.89       4      20     0.0478    0.8486       0.1285    0.07436          -0.04947     -0.1979           0.9048        0.62           0.299          0.2156        0.8913     0.3347         0.01058
      0.2           36.95       4      20    0.04671    0.8523       0.1842    0.08505          -0.03807     -0.1523           0.9203      0.5957          0.2891          0.2655        0.8557     0.2802         0.01806
      0.3           37.04       4      20    0.04451     0.859       0.2968     0.1046          -0.01718    -0.06871           0.9566       0.557          0.2752          0.4006        0.7702     0.1743         0.05431
      0.4           37.17       4      20    0.04262    0.8653       0.4049     0.1231          0.002541     0.01016           0.9865      0.5192          0.2639          0.5811         0.674     0.1035          0.1887
      0.6           37.41       4      20    0.03853    0.8791       0.6092     0.1631           0.04511      0.1805            1.059      0.4277          0.2351            1.33        0.4293      0.027           1.856
      0.8           37.65       4      20    0.03494    0.8924       0.8083     0.2002           0.08462      0.3385            1.126      0.3505          0.2089           2.928         0.226   0.003667           18.21
        1           37.91       4      20     0.0309    0.9062        1.013     0.2402            0.1272      0.5088            1.201      0.2648          0.2033           6.822       0.08283  0.0003333           254.1
     1.25            38.2       4      20     0.0264    0.9224        1.267     0.2862            0.1762      0.7046            1.306       0.181          0.2031           18.12       0.02333          0            4941
      1.5           38.51       4      20    0.02137    0.9391        1.528     0.3349             0.228      0.9121            1.423         0.1          0.1902           53.45      0.005333          0       1.483e+05

=== 1h P3|B|10
 edge_pct  trades_per_30d  mean_N  mean_L  liq_share  tp_share  drift_H_pct  gross_pct  net_notional_pct  eq_ret_pct  30d_median_mult  30d_p_loss  30d_mdd_median  1y_median_mult  1y_p_below50  1y_p_ruin  IS_median_mult
        0           39.98       4      20   0.002231    0.7613     -0.01849    0.02214          -0.08456     -0.3382           0.8614      0.7403          0.2622          0.1352        0.9727     0.4265        0.002758
    0.025           39.98       4      20   0.002243    0.7627     0.002395    0.02481          -0.08181     -0.3272           0.8645       0.735          0.2602          0.1431        0.9693     0.3995        0.003672
     0.05              40       4      20   0.002218    0.7643      0.02897    0.02832          -0.07821     -0.3128           0.8687      0.7253          0.2565          0.1534        0.9635     0.3692         0.00436
    0.075           40.01       4      20   0.002194    0.7661      0.05269    0.03182           -0.0746     -0.2984            0.873       0.717          0.2535          0.1641        0.9553      0.342        0.005322
      0.1           40.01       4      20   0.002194    0.7676      0.07696    0.03465           -0.0717     -0.2868           0.8784      0.7098          0.2524          0.1735        0.9492     0.3175        0.006259
     0.15           40.03       4      20    0.00217    0.7706       0.1298    0.04091          -0.06526      -0.261           0.8886      0.6945          0.2486          0.1971        0.9337     0.2642        0.009357
      0.2           40.03       4      20   0.002146    0.7735       0.1857    0.04671           -0.0593     -0.2372           0.8976       0.677          0.2439          0.2219        0.9137     0.2242         0.01259
      0.3           40.06       4      20   0.002098    0.7793       0.2954    0.05866          -0.04703     -0.1881           0.9124      0.6522          0.2358          0.2852        0.8628     0.1518         0.02777
      0.4           40.09       4      20   0.002073    0.7852       0.4052    0.07027          -0.03508     -0.1403           0.9295      0.6235          0.2287           0.363        0.7933    0.09783          0.0482
      0.6           40.14       4      20   0.001965    0.7972       0.6078    0.09425          -0.01043     -0.0417           0.9707      0.5532          0.2121          0.5929        0.6083    0.03017          0.1919
      0.8           40.22       4      20   0.001926    0.8084       0.8065     0.1166           0.01255      0.0502            1.008      0.4835           0.199          0.9387        0.4095   0.006833          0.8124
        1           40.27       4      20   0.001889    0.8199        1.012     0.1394           0.03594      0.1438            1.049      0.4147          0.1871           1.505        0.2333      0.001           2.719
     1.25           40.34       4      20   0.001746    0.8335        1.266     0.1662           0.06352      0.2541            1.096      0.3445          0.1714           2.615       0.09417  0.0001667           18.89
      1.5           40.41       4      20   0.001603     0.848         1.53     0.1951           0.09323      0.3729             1.15      0.2635          0.1567           4.817         0.028          0           114.7

=== 1h P3|C|10
 edge_pct  trades_per_30d  mean_N  mean_L  liq_share  tp_share  drift_H_pct  gross_pct  net_notional_pct  eq_ret_pct  30d_median_mult  30d_p_loss  30d_mdd_median  1y_median_mult  1y_p_below50  1y_p_ruin  IS_median_mult
        0           38.55       4      20          0    0.7945     -0.02038     0.0159          -0.08902     -0.3561           0.8532       0.734          0.2781          0.1244        0.9735     0.4735        0.002611
    0.025           38.56       4      20          0    0.7958    0.0006429    0.01897          -0.08587     -0.3435           0.8567      0.7283          0.2765           0.133        0.9688     0.4457        0.002977
     0.05           38.58       4      20          0    0.7975      0.02782    0.02315           -0.0816     -0.3264           0.8623      0.7188          0.2733          0.1453        0.9633     0.4137        0.003704
    0.075            38.6       4      20          0    0.7993      0.05189    0.02765            -0.077      -0.308           0.8695      0.7103          0.2688          0.1584        0.9572     0.3717        0.004835
      0.1            38.6       4      20          0     0.801      0.07632    0.03159          -0.07296     -0.2919           0.8732       0.704          0.2661          0.1698        0.9498     0.3392        0.005395
     0.15           38.64       4      20          0    0.8045       0.1296    0.03971          -0.06465     -0.2586           0.8852       0.686          0.2593          0.2004         0.929     0.2788        0.008755
      0.2           38.67       4      20          0    0.8078       0.1859    0.04697           -0.0572     -0.2288           0.8962       0.669          0.2531          0.2306        0.9042     0.2308         0.01613
      0.3           38.72       4      20          0    0.8142       0.2965    0.06204          -0.04177     -0.1671           0.9172      0.6305           0.245          0.3104        0.8353     0.1383         0.03749
      0.4            38.8       4      20          0    0.8204       0.4071    0.07676          -0.02671     -0.1068            0.938      0.5972          0.2364          0.4195        0.7412    0.08267         0.08345
      0.6           38.93       4      20          0    0.8335       0.6113     0.1073          0.004561     0.01824            0.989      0.5175          0.2144          0.7687        0.5155    0.01867          0.4574
      0.8           39.07       4      20          0    0.8457       0.8112     0.1352           0.03314      0.1326            1.037      0.4427          0.1985           1.351        0.2973      0.003           2.716
        1           39.21       4      20          0    0.8588        1.017     0.1657           0.06444      0.2577            1.092      0.3553          0.1826            2.52        0.1193  0.0003333           14.63
     1.25           39.36       4      20          0    0.8739        1.272      0.201            0.1005       0.402             1.16      0.2667          0.1691            5.14         0.032          0           130.9
      1.5           39.54       4      20          0    0.8899        1.535     0.2383            0.1388      0.5552            1.238      0.1805          0.1553           11.21      0.005833          0            1614

=== 1h P3|B|30
 edge_pct  trades_per_30d  mean_N  mean_L  liq_share  tp_share  drift_H_pct  gross_pct  net_notional_pct  eq_ret_pct  30d_median_mult  30d_p_loss  30d_mdd_median  1y_median_mult  1y_p_below50  1y_p_ruin  IS_median_mult
        0           33.64       4      20   0.006922    0.4856     -0.01049    0.02234           -0.1044     -0.4177           0.8167      0.7072          0.3673         0.07176         0.973     0.6892        0.000471
    0.025           33.64       4      20   0.006922    0.4878      0.01024    0.02994          -0.09671     -0.3868           0.8241      0.6992          0.3644         0.08174        0.9682     0.6573       0.0006817
     0.05           33.64       4      20   0.006865    0.4909      0.03781    0.04095          -0.08551      -0.342           0.8343      0.6855          0.3593          0.0979        0.9575      0.601        0.001285
    0.075           33.65       4      20   0.006796    0.4938      0.06135    0.05071          -0.07558     -0.3023           0.8473      0.6718          0.3545          0.1182         0.945      0.552         0.00185
      0.1           33.65       4      20   0.006768    0.4963      0.08632    0.05932          -0.06683     -0.2673           0.8584      0.6568          0.3502          0.1334         0.932     0.5105         0.00319
     0.15           33.64       4      20   0.006685    0.5015       0.1401     0.0776          -0.04826      -0.193           0.8816      0.6362          0.3419          0.1859        0.9045     0.4325        0.007875
      0.2           33.64       4      20   0.006616    0.5066       0.1973     0.0954          -0.03018     -0.1207            0.903      0.6065          0.3336          0.2483        0.8662      0.345         0.01851
      0.3           33.64       4      20   0.006462    0.5169       0.3084     0.1317           0.00672     0.02688           0.9468      0.5575          0.3201           0.464        0.7545     0.2008          0.1257
      0.4           33.63       4      20   0.006339    0.5275       0.4167     0.1687           0.04428      0.1771            1.001      0.4988          0.3055          0.8508        0.6253     0.1008          0.7917
      0.6           33.62       4      20   0.006005    0.5474       0.6201     0.2382             0.115      0.4599            1.097      0.4023          0.2798            2.76        0.3573    0.01883           18.54
      0.8           33.63       4      20   0.005724    0.5663       0.8162     0.3048            0.1826      0.7304            1.206      0.3097          0.2538           8.664        0.1653   0.003667           539.5
        1           33.61       4      20    0.00542    0.5871        1.026     0.3773            0.2562       1.025             1.33       0.224          0.2308           28.87       0.06117  0.0001667       2.553e+04
     1.25           33.61       4      20   0.005028    0.6123        1.284     0.4637            0.3441       1.376            1.498      0.1348          0.2081           126.1       0.01983  0.0001667       1.333e+06
      1.5           33.62       4      20   0.004664    0.6384        1.552     0.5544            0.4363       1.745            1.685     0.07533          0.1918           577.5         0.006          0       1.587e+08

=== 1h P3|B|100
 edge_pct  trades_per_30d  mean_N  mean_L  liq_share  tp_share  drift_H_pct  gross_pct  net_notional_pct  eq_ret_pct  30d_median_mult  30d_p_loss  30d_mdd_median  1y_median_mult  1y_p_below50  1y_p_ruin  IS_median_mult
        0           28.53       4      20    0.01352    0.1185     0.001695     0.0113           -0.1414     -0.5656           0.7511      0.7257          0.4511         0.02736        0.9845     0.8465       2.589e-05
    0.025           28.51       4      20    0.01349    0.1193      0.02236    0.02558           -0.1271     -0.5083           0.7624      0.7133          0.4463         0.03365        0.9813      0.818       4.628e-05
     0.05           28.49       4      20     0.0134    0.1206       0.0491    0.04434           -0.1083      -0.433            0.783      0.6965            0.44         0.04194        0.9743     0.7795       7.899e-05
    0.075           28.46       4      20    0.01331    0.1217      0.07271    0.06082          -0.09172     -0.3669           0.7978      0.6815           0.432         0.05307        0.9678     0.7413       0.0001687
      0.1           28.44       4      20    0.01324    0.1227      0.09815    0.07663          -0.07585     -0.3034           0.8146       0.669          0.4248         0.06628        0.9568     0.7032       0.0003807
     0.15           28.39       4      20    0.01307    0.1247       0.1493     0.1096           -0.0428     -0.1712           0.8446      0.6398          0.4162          0.1054        0.9317      0.609        0.001082
      0.2           28.34       4      20    0.01287    0.1271       0.2063     0.1451         -0.007083    -0.02833           0.8753      0.6105          0.4054          0.1709        0.8953      0.508        0.003379
      0.3           28.26       4      20    0.01264    0.1313       0.3108     0.2085           0.05648      0.2259           0.9344      0.5543          0.3862          0.4182        0.7982     0.3368         0.04053
      0.4           28.17       4      20    0.01227    0.1361       0.4179     0.2771            0.1254      0.5014            1.005      0.4965          0.3688           1.054        0.6665      0.181          0.8532
      0.6           27.99       4      20    0.01172    0.1442        0.618     0.4036            0.2524       1.009            1.147      0.3878          0.3329           5.722        0.3912    0.03867           142.9
      0.8           27.84       4      20     0.0111    0.1529       0.8141     0.5327             0.382       1.528            1.321      0.2867          0.3008           33.19        0.1893   0.004667       2.008e+04
        1           27.64       4      20     0.0106    0.1619        1.027     0.6675            0.5172       2.069            1.515      0.2003          0.2724           186.8       0.07633  0.0006667       3.351e+06
     1.25           27.43       4      20   0.009689     0.172        1.285     0.8257             0.676       2.704            1.776       0.114          0.2402            1457       0.02867          0       1.375e+09
      1.5           27.21       4      20    0.00885     0.184        1.551     0.9929            0.8439       3.376            2.103     0.05933           0.212       1.216e+04       0.01067          0       7.887e+11

=== 1h P4|A|10
 edge_pct  trades_per_30d  mean_N  mean_L  liq_share  tp_share  drift_H_pct  gross_pct  net_notional_pct  eq_ret_pct  30d_median_mult  30d_p_loss  30d_mdd_median  1y_median_mult  1y_p_below50  1y_p_ruin  IS_median_mult
        0           42.95      20      50    0.09761    0.8945     -0.01676    0.02864           -0.1109      -2.217           0.2542      0.9263          0.8156       1.895e-08             1          1       8.163e-24
    0.025           42.96      20      50    0.09691    0.8953     0.005259    0.02992           -0.1092      -2.185           0.2582      0.9248          0.8118       2.365e-08             1          1       3.122e-23
     0.05           42.96      20      50    0.09639    0.8959      0.03165    0.03087            -0.108      -2.161           0.2592      0.9232          0.8097       2.714e-08             1          1        4.13e-23
    0.075           42.97      20      50    0.09572    0.8967      0.05484    0.03211           -0.1065      -2.129           0.2618      0.9215          0.8077       3.274e-08             1          1       1.153e-22
      0.1           42.98      20      50    0.09519    0.8974      0.07844    0.03315           -0.1051      -2.103           0.2644      0.9193          0.8051        4.02e-08             1          1        1.77e-22
     0.15              43      20      50    0.09405    0.8987         0.13    0.03525           -0.1025       -2.05           0.2699       0.917             0.8       5.719e-08             1          1       5.556e-22
      0.2           43.01      20      50    0.09297       0.9       0.1847    0.03718              -0.1          -2           0.2746      0.9133          0.7964       7.906e-08             1          1       1.501e-21
      0.3           43.03      20      50    0.09086    0.9025       0.2933     0.0411          -0.09504      -1.901           0.2877      0.9073          0.7872       1.534e-07             1          1       9.874e-21
      0.4           43.05      20      50    0.08877     0.905       0.4025    0.04492          -0.09019      -1.804           0.2994      0.8968          0.7778       2.786e-07             1     0.9998       4.797e-20
      0.6            43.1      20      50     0.0839    0.9107       0.6017    0.05374          -0.07897      -1.579           0.3501      0.8768          0.7575       1.184e-06             1          1       2.476e-18
      0.8           43.17      20      50    0.07964    0.9158       0.8007    0.06162          -0.06897      -1.379           0.4078      0.8532            0.74       4.253e-06             1     0.9995       1.121e-16
        1           43.22      20      50    0.07583    0.9204        1.003    0.06865          -0.06006      -1.201           0.4428      0.8333          0.7167       1.313e-05             1      0.999       3.836e-15
     1.25           43.29      20      50    0.07061    0.9264        1.256    0.07814          -0.04798     -0.9597            0.483      0.7997          0.6721       6.577e-05        0.9997     0.9963       1.728e-13
      1.5           43.37      20      50    0.06472    0.9331        1.518    0.08876          -0.03446     -0.6892            0.539      0.7537          0.6441       0.0003944        0.9982      0.984       1.384e-10

=== 1h P4|B|10
 edge_pct  trades_per_30d  mean_N  mean_L  liq_share  tp_share  drift_H_pct  gross_pct  net_notional_pct  eq_ret_pct  30d_median_mult  30d_p_loss  30d_mdd_median  1y_median_mult  1y_p_below50  1y_p_ruin  IS_median_mult
        0           43.42      20      50    0.05877    0.8776     -0.01694    0.02255           -0.1009      -2.017            0.303      0.9203          0.7706       1.641e-07             1          1       1.147e-20
    0.025           43.42      20      50    0.05849    0.8785     0.004642    0.02377          -0.09948       -1.99           0.3069      0.9183          0.7679       1.981e-07             1          1       2.609e-20
     0.05           43.43      20      50    0.05823     0.879      0.03071     0.0246          -0.09851       -1.97           0.3089       0.918          0.7669       2.219e-07             1          1       3.959e-20
    0.075           43.43      20      50    0.05797    0.8798      0.05389    0.02572          -0.09724      -1.945           0.3154       0.916          0.7652        2.52e-07             1          1       8.885e-20
      0.1           43.44      20      50    0.05774    0.8806      0.07758    0.02677          -0.09604      -1.921           0.3194      0.9138          0.7617       3.041e-07             1          1       1.184e-19
     0.15           43.44      20      50    0.05716     0.882       0.1289    0.02879           -0.0937      -1.874            0.329      0.9098          0.7568       4.159e-07             1          1       3.084e-19
      0.2           43.45      20      50    0.05663    0.8833       0.1837    0.03048          -0.09171      -1.834           0.3349      0.9085           0.753       5.338e-07             1          1       6.671e-19
      0.3           43.46      20      50    0.05571    0.8856       0.2922     0.0338          -0.08787      -1.757           0.3453      0.9022           0.746       9.204e-07             1          1       1.873e-18
      0.4           43.47      20      50    0.05493     0.888        0.401    0.03706          -0.08415      -1.683           0.3575      0.8912          0.7377       1.422e-06             1     0.9998        9.47e-18
      0.6            43.5      20      50      0.053    0.8934       0.6003    0.04453          -0.07557      -1.511           0.3854        0.87          0.7192       4.015e-06             1          1        8.35e-17
      0.8           43.55      20      50    0.05112    0.8984       0.7988    0.05159          -0.06743      -1.349           0.4269      0.8498          0.6981       1.129e-05             1     0.9998       4.433e-15
        1           43.58      20      50    0.04994    0.9027        1.001    0.05735          -0.06093      -1.219           0.4525      0.8328          0.6847       2.478e-05             1     0.9997        3.15e-14
     1.25           43.61      20      50    0.04788    0.9084        1.253    0.06534          -0.05176      -1.035           0.5022      0.8058          0.6573       7.796e-05        0.9998     0.9977       7.743e-13
      1.5           43.66      20      50    0.04548    0.9147        1.516    0.07423          -0.04149     -0.8299           0.5524      0.7732          0.6362       0.0002986        0.9993     0.9917       8.349e-11

=== 1h P4|C|10
 edge_pct  trades_per_30d  mean_N  mean_L  liq_share  tp_share  drift_H_pct  gross_pct  net_notional_pct  eq_ret_pct  30d_median_mult  30d_p_loss  30d_mdd_median  1y_median_mult  1y_p_below50  1y_p_ruin  IS_median_mult
        0           44.06      20      50          0    0.7927      -0.0181   0.003918          -0.09818      -1.964           0.3621       0.964          0.6886       3.266e-06             1          1       1.209e-16
    0.025           44.06      20      50          0    0.7935     0.003647    0.00465          -0.09741      -1.948           0.3673      0.9633          0.6877        3.55e-06             1          1        1.18e-16
     0.05           44.06      20      50          0    0.7939      0.02964   0.005037            -0.097       -1.94           0.3685      0.9627          0.6868       3.785e-06             1          1       1.655e-16
    0.075           44.07      20      50          0    0.7945      0.05275   0.005647          -0.09635      -1.927           0.3698      0.9612          0.6827       3.965e-06             1          1       1.825e-16
      0.1           44.07      20      50          0    0.7953      0.07645   0.006319          -0.09564      -1.913           0.3705       0.961          0.6824       4.421e-06             1          1       2.499e-16
     0.15           44.07      20      50          0    0.7966       0.1275   0.007556          -0.09434      -1.887           0.3773      0.9582          0.6817       5.071e-06             1          1       3.943e-16
      0.2           44.07      20      50          0    0.7978       0.1826   0.008673          -0.09316      -1.863           0.3784       0.957          0.6756       5.716e-06             1          1       5.668e-16
      0.3           44.08      20      50          0    0.8001       0.2917    0.01082          -0.09089      -1.818           0.3902      0.9527          0.6691        7.47e-06             1          1         9.5e-16
      0.4           44.07      20      50          0    0.8021       0.4004    0.01273          -0.08887      -1.777           0.3947      0.9478          0.6666       9.607e-06             1          1       1.712e-15
      0.6           44.09      20      50          0    0.8067          0.6    0.01701          -0.08435      -1.687           0.4125      0.9387          0.6529        1.62e-05             1          1       1.451e-14
      0.8           44.12      20      50          0     0.811       0.7989    0.02094          -0.08021      -1.604           0.4279      0.9303          0.6422       2.606e-05             1          1       5.783e-14
        1           44.14      20      50          0    0.8149        1.001    0.02462          -0.07633      -1.527           0.4414       0.925           0.632       4.059e-05             1          1       3.183e-13
     1.25           44.16      20      50          0    0.8194        1.254    0.02879          -0.07192      -1.438            0.469      0.9205          0.6183       6.714e-05             1          1       9.774e-13
      1.5           44.19      20      50          0    0.8251        1.516    0.03424          -0.06617      -1.323            0.492      0.9067          0.5992       0.0001333             1          1       6.605e-12

=== 1h P4|B|100
 edge_pct  trades_per_30d  mean_N  mean_L  liq_share  tp_share  drift_H_pct  gross_pct  net_notional_pct  eq_ret_pct  30d_median_mult  30d_p_loss  30d_mdd_median  1y_median_mult  1y_p_below50  1y_p_ruin  IS_median_mult
        0           33.17      20      50     0.3197    0.3504    -0.007859    0.04457           -0.2238      -4.476          0.02786      0.9593          0.9859       1.956e-20             1          1       8.112e-59
    0.025           33.16      20      50     0.3184    0.3526       0.0143    0.05329           -0.2144      -4.288          0.02975      0.9563          0.9851       4.337e-20             1          1       1.174e-57
     0.05           33.16      20      50     0.3161    0.3558      0.04228    0.06528           -0.2013      -4.026          0.03297      0.9535          0.9838       1.271e-19             1          1       9.587e-57
    0.075           33.14      20      50     0.3145    0.3585      0.06651    0.07567           -0.1901      -3.802          0.03625      0.9477          0.9827       3.544e-19             1          1       2.884e-55
      0.1           33.14      20      50     0.3132    0.3607      0.09185    0.08448           -0.1806      -3.613           0.0397      0.9428          0.9814       7.462e-19             1          1       4.687e-54
     0.15           33.11      20      50     0.3102    0.3654       0.1458     0.1032           -0.1604      -3.207          0.04468      0.9338          0.9795       4.318e-18             1          1        1.67e-52
      0.2           33.09      20      50     0.3075    0.3697       0.2036     0.1209           -0.1413      -2.826          0.05084      0.9255          0.9774       2.522e-17             1          1       1.162e-49
      0.3           33.06      20      50     0.3013     0.379       0.3141     0.1584           -0.1007      -2.015          0.06477      0.9063          0.9724       7.748e-16             1          1       1.922e-45
      0.4           33.02      20      50     0.2953    0.3887       0.4237      0.196          -0.06014      -1.203          0.08806      0.8807          0.9662       1.995e-14             1          1       2.751e-41
      0.6           32.95      20      50     0.2839    0.4071       0.6259     0.2682           0.01787      0.3574           0.1438       0.817          0.9515       1.554e-11             1          1       2.194e-32
      0.8            32.9      20      50     0.2724    0.4248       0.8253     0.3381            0.0936       1.872            0.247        0.74          0.9311       9.551e-09         0.999     0.9957       3.753e-24
        1           32.82      20      50     0.2606    0.4432        1.035     0.4108            0.1722       3.444           0.4185       0.655          0.9079       6.527e-06        0.9915     0.9718       4.318e-16
     1.25           32.73      20      50     0.2467    0.4656        1.299     0.5002            0.2685       5.371           0.8181      0.5383          0.8745         0.02199        0.9423     0.8423       3.378e-05
      1.5           32.65      20      50     0.2313    0.4891        1.567     0.5923            0.3685       7.369             1.62      0.4043          0.8343           86.78        0.8018      0.555        2.54e+05

=== 1h P5|A|10
 edge_pct  trades_per_30d  mean_N  mean_L  liq_share  tp_share  drift_H_pct  gross_pct  net_notional_pct  eq_ret_pct  30d_median_mult  30d_p_loss  30d_mdd_median  1y_median_mult  1y_p_below50  1y_p_ruin  IS_median_mult
        0           39.49   6.263   28.32    0.07322    0.8827     -0.01966    0.04742          -0.08401     -0.5841           0.7403      0.7622          0.4227          0.0196        0.9955     0.9048       1.542e-05
    0.025           39.51   6.263   28.32    0.07244    0.8839     0.002333    0.05082          -0.08021     -0.5612           0.7457      0.7562          0.4181         0.02196        0.9952       0.89       2.247e-05
     0.05           39.54   6.263   28.32    0.07157    0.8852      0.02915    0.05478          -0.07579     -0.5364           0.7536      0.7492          0.4122         0.02497         0.994     0.8708       2.892e-05
    0.075           39.56   6.264   28.32    0.07073    0.8866      0.05308    0.05867          -0.07146     -0.5105           0.7656      0.7397          0.4062         0.02866        0.9918     0.8517       4.064e-05
      0.1           39.58   6.264   28.32    0.07002    0.8878      0.07704    0.06181          -0.06794     -0.4889           0.7729      0.7342          0.4036         0.03216         0.991     0.8328       6.709e-05
     0.15           39.62   6.264   28.32    0.06868    0.8901       0.1299    0.06862          -0.06041     -0.4471           0.7895      0.7177          0.3949         0.03973        0.9885     0.7943       0.0001246
      0.2           39.66   6.264   28.32    0.06735    0.8925       0.1838    0.07541           -0.0529     -0.4044           0.8034      0.6982           0.386         0.05092        0.9817     0.7512       0.0002219
      0.3           39.74   6.266   28.32     0.0644    0.8976       0.2946    0.08956          -0.03718     -0.3142           0.8386      0.6678          0.3725         0.08109        0.9607     0.6492       0.0008098
      0.4           39.82   6.266   28.32    0.06156    0.9023       0.4031     0.1026          -0.02261     -0.2275           0.8701       0.631          0.3607          0.1296        0.9275     0.5313        0.002639
      0.6           39.97   6.268   28.33    0.05566    0.9121        0.604     0.1294           0.00727     -0.0491           0.9395      0.5628          0.3302          0.3323        0.8078     0.2933         0.03397
      0.8           40.15   6.271   28.34    0.05057    0.9211       0.7997     0.1534           0.03397      0.1105            1.012      0.4887          0.2999          0.7692         0.634     0.1268          0.3614
        1           40.35   6.273   28.34    0.04501    0.9307        1.002     0.1796           0.06321      0.2848            1.088      0.4005          0.2652           2.002        0.3983    0.02817           6.388
     1.25           40.55   6.275   28.35    0.03844    0.9425        1.254     0.2112           0.09825      0.4921            1.188      0.3027          0.2319           6.214         0.164   0.002833           158.6
      1.5           40.77   6.278   28.36    0.03107    0.9544        1.513     0.2443            0.1353      0.7142            1.321      0.1982          0.2159           21.49        0.0465  0.0001667            6573

=== 1h P5|B|10
 edge_pct  trades_per_30d  mean_N  mean_L  liq_share  tp_share  drift_H_pct  gross_pct  net_notional_pct  eq_ret_pct  30d_median_mult  30d_p_loss  30d_mdd_median  1y_median_mult  1y_p_below50  1y_p_ruin  IS_median_mult
        0           41.62   6.284   28.38   0.002166    0.8226     -0.01831      0.023          -0.07971     -0.5293           0.7753      0.8017          0.3433         0.03935        0.9968     0.8512       8.722e-05
    0.025           41.62   6.284   28.38   0.002177    0.8238     0.003207    0.02522          -0.07744     -0.5156           0.7806      0.7967          0.3408         0.04224         0.997     0.8392        0.000104
     0.05           41.64   6.284   28.38   0.002154    0.8251      0.02962    0.02795          -0.07462     -0.5005           0.7869      0.7897          0.3369         0.04537        0.9957     0.8212       0.0001518
    0.075           41.64   6.284   28.38   0.002131    0.8265      0.05299    0.03052          -0.07197     -0.4842           0.7928      0.7823          0.3339         0.04947        0.9947     0.8002       0.0002237
      0.1           41.65   6.284   28.38    0.00213    0.8277      0.07693    0.03272          -0.06971     -0.4707           0.8003       0.777          0.3315         0.05305        0.9938     0.7767       0.0002145
     0.15           41.66   6.283   28.38   0.002107    0.8299        0.129    0.03747          -0.06483     -0.4433           0.8078      0.7657          0.3263         0.06132        0.9918     0.7353       0.0003845
      0.2           41.67   6.284   28.38   0.002084    0.8319       0.1839    0.04156          -0.06062     -0.4198           0.8157      0.7502          0.3206         0.07006        0.9888     0.6977       0.0005256
      0.3            41.7   6.285   28.38   0.002038    0.8362       0.2927    0.05045          -0.05148     -0.3693           0.8338      0.7313          0.3137         0.08955        0.9812     0.6045        0.001186
      0.4           41.72   6.284   28.38   0.002014    0.8405       0.4005    0.05875          -0.04294     -0.3198           0.8496      0.7078          0.3028          0.1181        0.9652      0.512        0.002345
      0.6           41.75   6.285   28.39   0.001912    0.8494       0.6019    0.07636          -0.02481     -0.2146           0.8858      0.6562          0.2836          0.2055         0.904     0.3105        0.009436
      0.8           41.84   6.287   28.39   0.001874    0.8577       0.7986    0.09267         -0.008039     -0.1174           0.9251      0.6047          0.2696          0.3413        0.8007     0.1587         0.04828
        1           41.89   6.289    28.4   0.001838    0.8663        1.002     0.1094          0.009139    -0.01776           0.9683      0.5482          0.2511          0.5814        0.6485    0.05867           0.203
     1.25           41.98    6.29    28.4     0.0017    0.8763        1.254     0.1293           0.02964      0.0994            1.017      0.4745          0.2313           1.083        0.4198    0.01233           1.176
      1.5           42.05   6.292   28.41   0.001552    0.8872        1.517     0.1509           0.05186      0.2268            1.077      0.3918          0.2076           2.174        0.2068   0.001833           9.788

=== 1h P5|C|10
 edge_pct  trades_per_30d  mean_N  mean_L  liq_share  tp_share  drift_H_pct  gross_pct  net_notional_pct  eq_ret_pct  30d_median_mult  30d_p_loss  30d_mdd_median  1y_median_mult  1y_p_below50  1y_p_ruin  IS_median_mult
        0           41.67   6.273   28.35          0    0.8166     -0.01858    0.01936           -0.0827     -0.5363           0.7795      0.8015          0.3406         0.03861        0.9978     0.8612       7.891e-05
    0.025           41.67   6.273   28.35          0    0.8178       0.0031    0.02151          -0.08048     -0.5229           0.7823      0.7958          0.3377         0.04081        0.9977     0.8462       0.0001006
     0.05           41.68   6.273   28.35          0    0.8191      0.02973    0.02417          -0.07775      -0.508           0.7869      0.7898          0.3336         0.04437        0.9965     0.8323       0.0001226
    0.075           41.69   6.273   28.35          0    0.8205      0.05316    0.02679          -0.07506     -0.4916           0.7919      0.7827          0.3304          0.0488         0.996     0.8108       0.0001675
      0.1            41.7   6.273   28.35          0    0.8217       0.0771    0.02893          -0.07285     -0.4779           0.7956      0.7772          0.3274         0.05302        0.9948      0.789       0.0002116
     0.15           41.71   6.273   28.35          0     0.824       0.1289    0.03342          -0.06824     -0.4513           0.8067      0.7687          0.3231          0.0606        0.9932     0.7478       0.0002861
      0.2           41.72   6.273   28.35          0    0.8259       0.1837    0.03709          -0.06447     -0.4288           0.8157      0.7555          0.3189         0.06781        0.9915     0.7062       0.0005699
      0.3           41.75   6.274   28.35          0    0.8304       0.2924    0.04582           -0.0555     -0.3776           0.8288      0.7322          0.3111         0.08858        0.9853      0.616        0.001084
      0.4           41.77   6.274   28.35          0    0.8346       0.4003    0.05368          -0.04741     -0.3294           0.8467      0.7142          0.3017          0.1148         0.972     0.5162        0.002078
      0.6           41.81   6.275   28.35          0    0.8435       0.6019     0.0702          -0.03041     -0.2285           0.8805      0.6638          0.2817          0.1967        0.9143     0.3183        0.007316
      0.8           41.89   6.278   28.36          0    0.8518       0.7992    0.08592          -0.01424     -0.1333           0.9201      0.6118          0.2664          0.3282        0.8195     0.1617         0.03526
        1           41.95    6.28   28.37          0    0.8603        1.003     0.1017          0.002019    -0.03531           0.9622      0.5565          0.2493          0.5458        0.6635      0.058          0.1379
     1.25           42.04   6.281   28.37          0    0.8705        1.256     0.1212           0.02203     0.08151            1.011      0.4827          0.2289           1.001        0.4373    0.01267           1.066
      1.5           42.11   6.284   28.38          0    0.8814        1.519     0.1419           0.04329      0.2068            1.069       0.402          0.2022           2.002        0.2107   0.002333            7.54

=== 1h P5|B|100
 edge_pct  trades_per_30d  mean_N  mean_L  liq_share  tp_share  drift_H_pct  gross_pct  net_notional_pct  eq_ret_pct  30d_median_mult  30d_p_loss  30d_mdd_median  1y_median_mult  1y_p_below50  1y_p_ruin  IS_median_mult
        0           29.03   6.242   28.23    0.01328    0.1743      0.00624   0.008824           -0.1404     -0.8422           0.6386      0.7613          0.5631        0.003919         0.997     0.9618       1.205e-07
    0.025           29.01   6.241   28.23    0.01324    0.1759      0.02704    0.02286           -0.1263     -0.7618           0.6563      0.7492          0.5574        0.005174        0.9952     0.9503       2.828e-07
     0.05              29   6.241   28.23    0.01315    0.1778      0.05385     0.0409           -0.1082     -0.6627           0.6764       0.735          0.5502        0.007293        0.9933     0.9313       8.437e-07
    0.075           28.98    6.24   28.23    0.01306    0.1797      0.07774    0.05713          -0.09184     -0.5695           0.6921      0.7172          0.5427        0.009918        0.9898     0.9117       1.708e-06
      0.1           28.96   6.241   28.23      0.013    0.1813        0.103    0.07211          -0.07678     -0.4856           0.7107      0.7017          0.5359         0.01345         0.986      0.891         4.3e-06
     0.15           28.92    6.24   28.23    0.01284    0.1842       0.1544     0.1035          -0.04523     -0.3133           0.7464      0.6758          0.5241         0.02414        0.9745     0.8377       2.294e-05
      0.2           28.88   6.241   28.23    0.01265    0.1878       0.2105     0.1372          -0.01134     -0.1256           0.7831      0.6468          0.5121         0.04798        0.9592     0.7572       0.0001892
      0.3           28.82    6.24   28.22    0.01241    0.1938       0.3141     0.1974           0.04919       0.211           0.8599      0.5932          0.4883          0.1532        0.9012     0.5823        0.004269
      0.4           28.74    6.24   28.22    0.01204    0.2008       0.4204     0.2639            0.1161      0.5752           0.9555       0.529          0.4656          0.5205        0.7975     0.3815          0.1524
      0.6            28.6   6.237   28.21    0.01149    0.2137       0.6189      0.387            0.2399       1.269            1.152      0.4105          0.4211            5.76         0.521     0.1065           142.6
      0.8           28.46   6.237   28.21    0.01087     0.226       0.8147     0.5111            0.3648       1.951            1.389      0.3023          0.3819           58.55        0.2848    0.01567       9.433e+04
        1            28.3   6.237   28.21    0.01035    0.2395        1.026     0.6414            0.4958       2.675            1.704      0.2052           0.344           652.1        0.1275   0.001667       1.927e+08
     1.25           28.13   6.237   28.21   0.009446    0.2552        1.283     0.7948            0.6502       3.538            2.151      0.1143          0.2999       1.149e+04       0.05033          0        7.46e+11
      1.5           27.96   6.238   28.21   0.008598    0.2721        1.547      0.956            0.8124       4.424            2.709     0.05817          0.2729       2.073e+05        0.0195          0       4.768e+15

=== 1h P5c|A|10
 edge_pct  trades_per_30d  mean_N  mean_L  liq_share  tp_share  drift_H_pct  gross_pct  net_notional_pct  eq_ret_pct  30d_median_mult  30d_p_loss  30d_mdd_median  1y_median_mult  1y_p_below50  1y_p_ruin  IS_median_mult
        0           39.49   5.663   28.32    0.07322    0.8827     -0.01966    0.04742          -0.08401     -0.5199           0.7692       0.754          0.3879         0.03216         0.993     0.8505       6.515e-05
    0.025           39.51    5.72   28.32    0.07244    0.8839     0.002333    0.05082          -0.08021     -0.4866           0.7796      0.7435          0.3826         0.03814         0.991     0.8193       0.0001056
     0.05           39.54   5.787   28.32    0.07157    0.8852      0.02915    0.05478          -0.07579     -0.4479           0.7928       0.731          0.3765         0.04604        0.9878      0.783       0.0001732
    0.075           39.56   5.851   28.32    0.07073    0.8866      0.05308    0.05867          -0.07146     -0.4107           0.8069      0.7152          0.3706         0.05533         0.982      0.743        0.000235
      0.1           39.58   5.917   28.32    0.07002    0.8878      0.07704    0.06181          -0.06794     -0.3774           0.8152      0.7038          0.3683         0.06569         0.977     0.7018       0.0003896
     0.15           39.62   6.046   28.32    0.06868    0.8901       0.1299    0.06862          -0.06041     -0.3131           0.8366      0.6758          0.3632         0.08797        0.9612     0.6283        0.001195
      0.2           39.66    6.18   28.32    0.06735    0.8925       0.1838    0.07541           -0.0529     -0.2474           0.8601      0.6445          0.3555          0.1239        0.9358     0.5428        0.002924
      0.3           39.74    6.45   28.32     0.0644    0.8976       0.2946    0.08956          -0.03718     -0.1073           0.9113      0.5902          0.3438          0.2448          0.86      0.369         0.01862
      0.4           39.82    6.71   28.32    0.06156    0.9023       0.4031     0.1026          -0.02261     0.02593            0.962       0.538          0.3295          0.4737         0.752     0.2272         0.09747
      0.6           39.97   7.237   28.33    0.05566    0.9121        0.604     0.1294           0.00727      0.2975            1.074      0.4282          0.2995           1.765        0.4888     0.0645             3.5
      0.8           40.15   7.763   28.34    0.05057    0.9211       0.7997     0.1534           0.03397      0.5465            1.211      0.3378          0.2701           5.979        0.2867     0.0175           146.5
        1           40.35   8.304   28.34    0.04501    0.9307        1.002     0.1796           0.06321      0.8154            1.341       0.253          0.2401           22.38        0.1512      0.003            5461
     1.25           40.55   8.962   28.35    0.03844    0.9425        1.254     0.2112           0.09825       1.141             1.53      0.1727          0.2071           117.4       0.07683  0.0008333       1.027e+06
      1.5           40.77   9.625   28.36    0.03107    0.9544        1.513     0.2443            0.1353       1.484            1.778      0.1093          0.2046           660.6        0.0465          0       1.368e+08

=== 1h P5c|B|10
 edge_pct  trades_per_30d  mean_N  mean_L  liq_share  tp_share  drift_H_pct  gross_pct  net_notional_pct  eq_ret_pct  30d_median_mult  30d_p_loss  30d_mdd_median  1y_median_mult  1y_p_below50  1y_p_ruin  IS_median_mult
        0           41.62   5.677   28.38   0.002166    0.8226     -0.01831      0.023          -0.07971     -0.4726            0.798      0.7912          0.3181         0.05647        0.9952     0.7727       0.0002738
    0.025           41.62   5.734   28.38   0.002177    0.8238     0.003207    0.02522          -0.07744     -0.4547           0.8036      0.7803           0.316         0.06139        0.9943     0.7443         0.00031
     0.05           41.64   5.802   28.38   0.002154    0.8251      0.02962    0.02795          -0.07462     -0.4312           0.8096      0.7688          0.3133         0.06784        0.9915     0.7052       0.0004961
    0.075           41.64   5.866   28.38   0.002131    0.8265      0.05299    0.03052          -0.07197     -0.4097           0.8178       0.757          0.3096         0.07539        0.9887     0.6697       0.0007453
      0.1           41.65   5.932   28.38    0.00213    0.8277      0.07693    0.03272          -0.06971     -0.3907            0.826       0.749          0.3077         0.08249        0.9865     0.6348       0.0009246
     0.15           41.66   6.061   28.38   0.002107    0.8299        0.129    0.03747          -0.06483     -0.3538            0.839      0.7262          0.3038         0.09921        0.9775     0.5723         0.00151
      0.2           41.67   6.195   28.38   0.002084    0.8319       0.1839    0.04156          -0.06062      -0.323           0.8496      0.7043          0.3017          0.1137        0.9673     0.5267        0.002719
      0.3            41.7   6.466   28.38   0.002038    0.8362       0.2927    0.05045          -0.05148     -0.2515           0.8743       0.672          0.2981          0.1571        0.9342     0.4187        0.004341
      0.4           41.72   6.727   28.38   0.002014    0.8405       0.4005    0.05875          -0.04294     -0.1822           0.8972      0.6335          0.2955          0.2186        0.8873     0.3222        0.009956
      0.6           41.75   7.255   28.39   0.001912    0.8494       0.6019    0.07636          -0.02481    -0.03409           0.9477       0.561          0.2873          0.4393        0.7525     0.1658         0.08204
      0.8           41.84   7.782   28.39   0.001874    0.8577       0.7986    0.09267         -0.008039      0.1008           0.9993      0.5012          0.2882          0.8258        0.6028      0.089          0.5042
        1           41.89   8.323    28.4   0.001838    0.8663        1.002     0.1094          0.009139      0.2452            1.064      0.4385          0.2864            1.63        0.4577     0.0395           3.898
     1.25           41.98   8.979    28.4     0.0017    0.8763        1.254     0.1293           0.02964      0.4095            1.131      0.3792          0.2866            3.46        0.3352    0.01667           34.75
      1.5           42.05   9.644   28.41   0.001552    0.8872        1.517     0.1509           0.05186      0.5898            1.211      0.3192          0.2863           8.207        0.2285   0.007333           470.7

=== 1h P5c|C|10
 edge_pct  trades_per_30d  mean_N  mean_L  liq_share  tp_share  drift_H_pct  gross_pct  net_notional_pct  eq_ret_pct  30d_median_mult  30d_p_loss  30d_mdd_median  1y_median_mult  1y_p_below50  1y_p_ruin  IS_median_mult
        0           41.67    5.67   28.35          0    0.8166     -0.01858    0.01936           -0.0827     -0.4821           0.7974      0.7957           0.315         0.05543        0.9968     0.7828       0.0002545
    0.025           41.67   5.728   28.35          0    0.8178       0.0031    0.02151          -0.08048     -0.4645           0.8029      0.7865          0.3141         0.05988        0.9953     0.7575         0.00029
     0.05           41.68   5.795   28.35          0    0.8191      0.02973    0.02417          -0.07775     -0.4414           0.8102      0.7742          0.3099         0.06698         0.994     0.7203       0.0003772
    0.075           41.69   5.859   28.35          0    0.8205      0.05316    0.02679          -0.07506     -0.4199           0.8162        0.76          0.3065         0.07423        0.9908     0.6845       0.0005422
      0.1            41.7   5.925   28.35          0    0.8217       0.0771    0.02893          -0.07285     -0.4009           0.8226      0.7513          0.3035          0.0809        0.9887       0.65       0.0007632
     0.15           41.71   6.053   28.35          0     0.824       0.1289    0.03342          -0.06824     -0.3656            0.836      0.7298          0.3007         0.09643        0.9815     0.5823        0.001254
      0.2           41.72   6.188   28.35          0    0.8259       0.1837    0.03709          -0.06447     -0.3374           0.8469      0.7102          0.2999          0.1095        0.9705     0.5363        0.001988
      0.3           41.75   6.459   28.35          0    0.8304       0.2924    0.04582           -0.0555     -0.2658           0.8696      0.6808          0.2957          0.1509        0.9437     0.4215        0.004642
      0.4           41.77   6.719   28.35          0    0.8346       0.4003    0.05368          -0.04741     -0.2006           0.8932      0.6438          0.2933          0.2057        0.9005     0.3333        0.009161
      0.6           41.81   7.246   28.35          0    0.8435       0.6019     0.0702          -0.03041    -0.06065           0.9383      0.5687           0.288          0.4023         0.774      0.177         0.05255
      0.8           41.89   7.773   28.36          0    0.8518       0.7992    0.08592          -0.01424     0.06818           0.9898      0.5122          0.2862          0.7107        0.6372     0.0955          0.2872
        1           41.95   8.314   28.37          0    0.8603        1.003     0.1017          0.002019      0.2073            1.043      0.4527           0.284           1.368        0.4782     0.0435           2.491
     1.25           42.04   8.971   28.37          0    0.8705        1.256     0.1212           0.02203      0.3705            1.108      0.3977          0.2846           2.892        0.3392    0.01583           21.01
      1.5           42.11   9.635   28.38          0    0.8814        1.519     0.1419           0.04329      0.5434            1.187        0.33          0.2841           6.703        0.2323     0.0085           246.3

=== 1h P6|B|none
 edge_pct  trades_per_30d  mean_N  mean_L  liq_share  tp_share  drift_H_pct  gross_pct  net_notional_pct  eq_ret_pct  30d_median_mult  30d_p_loss  30d_mdd_median  1y_median_mult  1y_p_below50  1y_p_ruin  IS_median_mult
        0           27.55  0.6028   9.946          0         0      0.00639   -0.02264           -0.1766    -0.08764           0.9713      0.6763         0.07168          0.7146         0.083          0          0.3942
    0.025           27.52  0.6028   9.946          0         0      0.02684  -0.007858           -0.1618    -0.07956           0.9731      0.6642          0.0703           0.735       0.06667          0          0.4182
     0.05           27.49  0.6029   9.946          0         0      0.05348    0.01098            -0.143    -0.07022           0.9755      0.6483         0.06896          0.7589         0.052          0          0.4579
    0.075           27.45  0.6029   9.946          0         0      0.07594    0.02801            -0.126    -0.06123           0.9783       0.634          0.0675          0.7814       0.03717          0          0.5162
      0.1           27.42   0.603   9.946          0         0       0.1017    0.04623           -0.1078    -0.05237            0.981      0.6193         0.06623          0.8044         0.028          0          0.5443
     0.15           27.36   0.603   9.946          0         0       0.1528    0.08174          -0.07242    -0.03423           0.9854      0.5945         0.06451          0.8549       0.01517          0          0.6438
      0.2           27.29  0.6032   9.946          0         0       0.2095     0.1213          -0.03297    -0.01481             0.99      0.5618         0.06171          0.9163      0.006333          0          0.7771
      0.3           27.19  0.6032   9.946          0         0       0.3099      0.189           0.03462     0.02016           0.9993       0.504         0.05833           1.031      0.001167          0           1.116
      0.4           27.06  0.6034   9.946          0         0       0.4157     0.2638            0.1093     0.05706            1.009      0.4457         0.05464           1.162        0.0005          0           1.671
      0.6           26.83  0.6034   9.945          0         0       0.6115     0.3954            0.2406      0.1271            1.027      0.3445          0.0483           1.457             0          0           3.169
      0.8           26.63  0.6036   9.946          0         0       0.8045      0.533             0.378       0.197            1.047      0.2437         0.04168           1.816             0          0           5.648
        1           26.38  0.6038   9.946          0         0        1.014     0.6778            0.5225      0.2718            1.066      0.1662         0.03639           2.296             0          0           12.03
     1.25            26.1  0.6042   9.946          0         0        1.271     0.8534            0.6977      0.3631            1.091     0.09383         0.03054           3.036             0          0           27.15
      1.5           25.82  0.6047   9.946          0         0        1.529      1.027            0.8712      0.4536            1.115     0.04567         0.02806           3.963             0          0           57.84

=== 1h P6h|B|none
 edge_pct  trades_per_30d  mean_N  mean_L  liq_share  tp_share  drift_H_pct  gross_pct  net_notional_pct  eq_ret_pct  30d_median_mult  30d_p_loss  30d_mdd_median  1y_median_mult  1y_p_below50  1y_p_ruin  IS_median_mult
        0           27.55  0.3014   9.946          0         0      0.00639   -0.02264           -0.1766    -0.04382            0.986      0.6697         0.03631          0.8512             0          0          0.6408
    0.025           27.52  0.3014   9.946          0         0      0.02684  -0.007858           -0.1618    -0.03978            0.987       0.657          0.0356          0.8632             0          0          0.6599
     0.05           27.49  0.3014   9.946          0         0      0.05348    0.01098            -0.143    -0.03511           0.9883      0.6422         0.03489          0.8773             0          0          0.6909
    0.075           27.45  0.3014   9.946          0         0      0.07594    0.02801            -0.126    -0.03062           0.9896      0.6273         0.03418          0.8902             0          0          0.7342
      0.1           27.42  0.3015   9.946          0         0       0.1017    0.04623           -0.1078    -0.02618           0.9909       0.613         0.03354          0.9035             0          0          0.7532
     0.15           27.36  0.3015   9.946          0         0       0.1528    0.08174          -0.07242    -0.01712           0.9932      0.5868         0.03262          0.9317             0          0           0.819
      0.2           27.29  0.3016   9.946          0         0       0.2095     0.1213          -0.03297   -0.007407           0.9955      0.5548         0.03117          0.9645             0          0          0.9008
      0.3           27.19  0.3016   9.946          0         0       0.3099      0.189           0.03462     0.01008                1      0.4973         0.02947           1.023             0          0           1.082
      0.4           27.06  0.3017   9.946          0         0       0.4157     0.2638            0.1093     0.02853            1.005       0.439         0.02757           1.086             0          0           1.321
      0.6           26.83  0.3017   9.945          0         0       0.6115     0.3954            0.2406     0.06354            1.014      0.3368         0.02433           1.216             0          0           1.821
      0.8           26.63  0.3018   9.946          0         0       0.8045      0.533             0.378      0.0985            1.024      0.2398         0.02096           1.358             0          0           2.432
        1           26.38  0.3019   9.946          0         0        1.014     0.6778            0.5225      0.1359            1.033      0.1632          0.0183           1.528             0          0           3.557
     1.25            26.1  0.3021   9.946          0         0        1.271     0.8534            0.6977      0.1816            1.045     0.09117         0.01534           1.758             0          0           5.345
      1.5           25.82  0.3023   9.946          0         0        1.529      1.027            0.8712      0.2268            1.057     0.04433         0.01408           2.009             0          0           7.808

=== 1h P6|B|10
 edge_pct  trades_per_30d  mean_N  mean_L  liq_share  tp_share  drift_H_pct  gross_pct  net_notional_pct  eq_ret_pct  30d_median_mult  30d_p_loss  30d_mdd_median  1y_median_mult  1y_p_below50  1y_p_ruin  IS_median_mult
        0           36.07  0.5893   9.938          0    0.6037     -0.01628    0.02259          -0.09347    -0.06048            0.979       0.695         0.05035          0.7595      0.005167          0          0.4508
    0.025           36.08  0.5893   9.938          0     0.606     0.004679    0.02853          -0.08741     -0.0568           0.9802      0.6833         0.04977          0.7728        0.0045          0          0.4727
     0.05           36.09  0.5893   9.938          0    0.6087      0.03116    0.03637          -0.07943    -0.05243           0.9812        0.67         0.04917          0.7877      0.003167          0          0.4885
    0.075            36.1  0.5892   9.938          0    0.6115      0.05494    0.04385          -0.07181    -0.04786           0.9829       0.655         0.04843          0.8038      0.001833          0          0.5278
      0.1           36.09  0.5892   9.938          0    0.6136       0.0797    0.04946          -0.06609    -0.04437           0.9846      0.6402         0.04751          0.8154        0.0015          0          0.5536
     0.15           36.11  0.5892   9.938          0    0.6182       0.1317    0.06213          -0.05318    -0.03699           0.9869      0.6183         0.04666           0.842     0.0006667          0          0.6024
      0.2           36.11  0.5892   9.938          0    0.6229       0.1885    0.07466          -0.04042    -0.02936           0.9898      0.5903         0.04544          0.8712     0.0001667          0          0.6816
      0.3           36.12  0.5892   9.938          0    0.6318       0.2984     0.0991          -0.01552    -0.01491           0.9944      0.5515         0.04283          0.9287     0.0001667          0          0.8115
      0.4           36.14  0.5892   9.938          0    0.6411       0.4066     0.1245           0.01036    1.81e-05           0.9996      0.5035         0.04019          0.9924             0          0          0.9498
      0.6           36.17  0.5889   9.938          0    0.6595       0.6102     0.1739           0.06072     0.02955            1.011      0.4038         0.03648           1.131             0          0           1.436
      0.8           36.21  0.5887   9.938          0    0.6769       0.8081     0.2212            0.1089     0.05788            1.021      0.3087         0.03286           1.279             0          0            2.01
        1           36.24  0.5885   9.938          0    0.6952        1.015     0.2717            0.1603      0.0873            1.032       0.227         0.02983           1.458             0          0            2.99
     1.25            36.3  0.5883   9.938          0    0.7173        1.274     0.3322             0.222       0.123            1.045      0.1438         0.02631           1.707             0          0           4.783
      1.5           36.35  0.5881   9.938          0    0.7397        1.538     0.3934            0.2844      0.1592             1.06       0.078         0.02274           2.002             0          0           7.497

=== 4h P0|A|10
 edge_pct  trades_per_30d  mean_N  mean_L  liq_share  tp_share  drift_H_pct  gross_pct  net_notional_pct  eq_ret_pct  30d_median_mult  30d_p_loss  30d_mdd_median  1y_median_mult  1y_p_below50  1y_p_ruin  IS_median_mult
        0           10.68       1       1  4.397e-05   0.02524     -0.02596  0.0009799           -0.1576     -0.1576           0.9806      0.5792         0.08266          0.7577        0.2125      0.005          0.4279
    0.025           10.68       1       1  4.397e-05    0.0255    -0.001008    0.02638           -0.1322     -0.1322           0.9827      0.5682         0.08139          0.7834         0.192      0.005          0.4851
     0.05           10.68       1       1  4.397e-05   0.02568        0.022    0.04963            -0.109     -0.1089           0.9849      0.5588         0.08078          0.8091        0.1743      0.005          0.5524
    0.075           10.68       1       1  4.396e-05   0.02607      0.04895    0.07628          -0.08228    -0.08227           0.9873      0.5502         0.07913          0.8391        0.1543      0.005          0.5979
      0.1           10.68       1       1  4.396e-05   0.02624      0.06995     0.0971          -0.06145    -0.06145            0.989      0.5443         0.07833          0.8627        0.1383      0.005          0.6483
     0.15           10.68       1       1  4.396e-05   0.02695       0.1248      0.153         -0.005477   -0.005473           0.9936      0.5235          0.0764           0.929        0.1052      0.005          0.7869
      0.2           10.68       1       1  4.396e-05   0.02734       0.1738     0.2022           0.04374     0.04375           0.9995      0.5027         0.07351          0.9923         0.081      0.005          0.9262
      0.3           10.68       1       1  4.395e-05   0.02839       0.2698     0.2989            0.1405      0.1405            1.009      0.4628          0.0693           1.124       0.05017      0.005           1.231
      0.4           10.68       1       1  4.395e-05    0.0294       0.3596     0.3889            0.2305      0.2305            1.019      0.4247         0.06522           1.265       0.02967      0.005           1.682
      0.6           10.68       1       1  4.394e-05   0.03159       0.5658     0.5953            0.4371      0.4371            1.041      0.3447         0.05689            1.64         0.011      0.005           3.804
      0.8           10.69       1       1  4.393e-05   0.03357       0.7733     0.8016            0.6435      0.6435            1.063       0.269          0.0494            2.14      0.007167      0.005           9.273
        1           10.69       1       1  4.392e-05    0.0354       0.9752      1.004            0.8456      0.8456            1.084      0.2037         0.04216           2.796         0.005      0.005           19.55
     1.25           10.69       1       1  4.391e-05   0.03785        1.237      1.263             1.105       1.105            1.115      0.1312         0.03373           3.911         0.005      0.005           52.14
      1.5           10.69       1       1  4.391e-05   0.04061         1.51      1.533             1.375       1.375            1.141       0.073         0.02445            5.54         0.005      0.005           168.9

=== 4h P0|B|10
 edge_pct  trades_per_30d  mean_N  mean_L  liq_share  tp_share  drift_H_pct  gross_pct  net_notional_pct  eq_ret_pct  30d_median_mult  30d_p_loss  30d_mdd_median  1y_median_mult  1y_p_below50  1y_p_ruin  IS_median_mult
        0           10.89       1       1          0   0.02423     -0.02542   -0.01353           -0.1706     -0.1706           0.9753      0.6058         0.08275          0.7454        0.1823          0          0.4362
    0.025           10.88       1       1          0   0.02446    -0.001172    0.01044           -0.1466     -0.1466           0.9775      0.5935          0.0815          0.7679        0.1593          0          0.4987
     0.05           10.88       1       1          0   0.02463      0.02212    0.03259           -0.1245     -0.1245             0.98      0.5827         0.08074           0.792        0.1402          0          0.5155
    0.075           10.88       1       1          0   0.02503      0.04936    0.05769          -0.09938    -0.09938           0.9825       0.573         0.07929          0.8185        0.1217          0          0.5804
      0.1           10.88       1       1          0    0.0252      0.07141    0.07773          -0.07935    -0.07935           0.9845      0.5653         0.07842          0.8439        0.1063          0          0.6455
     0.15           10.88       1       1          0   0.02586       0.1273     0.1291          -0.02793    -0.02793           0.9898      0.5432         0.07633          0.9038        0.0735          0          0.7423
      0.2           10.87       1       1          0    0.0263       0.1772     0.1758           0.01874     0.01874           0.9952      0.5212         0.07387          0.9622       0.05167          0          0.8434
      0.3           10.86       1       1          0   0.02727       0.2758     0.2667            0.1097      0.1097            1.005      0.4798         0.06974            1.08        0.0265          0           1.252
      0.4           10.86       1       1          0   0.02819       0.3654     0.3515            0.1945      0.1945            1.013      0.4415         0.06595           1.213        0.0115          0            1.72
      0.6           10.85       1       1          0   0.03026       0.5707     0.5416            0.3845      0.3845            1.033      0.3605         0.05922           1.553      0.002667          0           3.646
      0.8           10.83       1       1          0   0.03222       0.7783     0.7359            0.5788      0.5788            1.052      0.2783         0.05234           1.995     0.0003333          0           7.752
        1           10.81       1       1          0   0.03391       0.9801     0.9211             0.764       0.764            1.073      0.2208         0.04689           2.548             0          0           15.23
     1.25            10.8       1       1          0   0.03621        1.239      1.159             1.002       1.002            1.101      0.1477         0.04069           3.473             0          0           37.33
      1.5           10.78       1       1          0   0.03906        1.513      1.405             1.248       1.248            1.128     0.08317         0.03448           4.786             0          0           95.64

=== 4h P1|B|10
 edge_pct  trades_per_30d  mean_N  mean_L  liq_share  tp_share  drift_H_pct  gross_pct  net_notional_pct  eq_ret_pct  30d_median_mult  30d_p_loss  30d_mdd_median  1y_median_mult  1y_p_below50  1y_p_ruin  IS_median_mult
        0           11.43    1.25       5  0.0001233    0.4356     -0.01874    0.03595          -0.09658     -0.1207            0.986      0.5547         0.08246          0.8074        0.1238          0          0.5334
    0.025           11.43    1.25       5  0.0001232    0.4386     0.006565    0.05172          -0.08064     -0.1008           0.9883      0.5448         0.08159          0.8311        0.1095          0          0.5806
     0.05           11.43    1.25       5  0.0001232    0.4411      0.02959    0.06693           -0.0653    -0.08162           0.9903      0.5377         0.08066          0.8521       0.09183          0          0.6196
    0.075           11.43    1.25       5  0.0001232    0.4443      0.05752    0.08426          -0.04779    -0.05974           0.9924      0.5292         0.07959          0.8776       0.07967          0          0.6789
      0.1           11.44    1.25       5  0.0001232    0.4466      0.07866    0.09776          -0.03417    -0.04272           0.9944      0.5212         0.07899          0.8987         0.071          0          0.7366
     0.15           11.44    1.25       5  0.0001231    0.4528       0.1353     0.1317         0.0001104    0.000138                1      0.4992         0.07669          0.9504       0.05217          0          0.8248
      0.2           11.44    1.25       5  0.0001231    0.4585       0.1851     0.1619           0.03062     0.03828            1.005       0.479         0.07456           1.005        0.0385          0           1.016
      0.3           11.45    1.25       5   0.000123    0.4695       0.2835     0.2237           0.09302      0.1163            1.014      0.4387         0.07102           1.125       0.01833          0           1.278
      0.4           11.46    1.25       5  0.0001229    0.4797       0.3722     0.2807            0.1505      0.1881            1.023      0.4042         0.06774           1.247      0.008167          0           1.724
      0.6           11.47    1.25       5  0.0001228    0.5031       0.5773     0.4092            0.2803      0.3503            1.041      0.3267         0.06159            1.56      0.001333          0           3.318
      0.8           11.48    1.25       5  0.0001227     0.527       0.7865       0.54            0.4124      0.5155             1.06      0.2497         0.05519           1.969     0.0006667          0           7.028
        1           11.49    1.25       5  0.0001226    0.5497       0.9833     0.6639            0.5375      0.6719            1.078      0.1883          0.0509           2.456             0          0           14.16
     1.25           11.51    1.25       5  0.0001224    0.5786        1.244     0.8226            0.6978      0.8722            1.104      0.1258          0.0456           3.268             0          0           31.25
      1.5           11.53    1.25       5  8.145e-05    0.6085        1.514     0.9898            0.8666       1.083            1.131     0.07133         0.03822           4.414             0          0            76.1

=== 4h P2|B|10
 edge_pct  trades_per_30d  mean_N  mean_L  liq_share  tp_share  drift_H_pct  gross_pct  net_notional_pct  eq_ret_pct  30d_median_mult  30d_p_loss  30d_mdd_median  1y_median_mult  1y_p_below50  1y_p_ruin  IS_median_mult
        0           11.95     2.5      10  0.0006676    0.6705     -0.02714    0.03665          -0.08087     -0.2022           0.9769      0.5628          0.1282           0.653        0.4327     0.0015          0.2527
    0.025           11.96     2.5      10  0.0006673    0.6732    -0.004031    0.04618          -0.07119      -0.178           0.9797      0.5533          0.1274          0.6742        0.4072   0.001333          0.2784
     0.05           11.96     2.5      10  0.0006671    0.6757      0.01963    0.05459          -0.06264     -0.1566           0.9821      0.5482          0.1261          0.6976         0.385  0.0008333          0.2826
    0.075           11.96     2.5      10  0.0006671    0.6786      0.04696    0.06406            -0.053     -0.1325           0.9847      0.5413          0.1247          0.7209        0.3633  0.0008333          0.3582
      0.1           11.97     2.5      10  0.0006669    0.6811      0.06782    0.07332           -0.0436      -0.109           0.9878       0.535          0.1236          0.7479        0.3395  0.0008333          0.4005
     0.15           11.97     2.5      10  0.0005881    0.6866       0.1238    0.09216          -0.02442    -0.06105           0.9926        0.52          0.1208          0.8023        0.2962     0.0005           0.499
      0.2           11.98     2.5      10  0.0006271    0.6918        0.176     0.1104         -0.005945    -0.01486           0.9986      0.5035          0.1184          0.8611        0.2533     0.0005          0.5839
      0.3           11.99     2.5      10  0.0006265    0.7025       0.2746     0.1461           0.03036     0.07589            1.008      0.4752          0.1148          0.9926         0.185  0.0003333          0.9083
      0.4              12     2.5      10  0.0005869    0.7126       0.3629     0.1779           0.06282      0.1571            1.019       0.448          0.1106           1.126        0.1322          0           1.297
      0.6           12.02     2.5      10  0.0005859    0.7341       0.5711      0.252            0.1381      0.3452            1.044      0.3833          0.1007           1.486       0.05167          0           2.886
      0.8           12.04     2.5      10   0.000546    0.7567       0.7819     0.3283            0.2156      0.5391            1.073       0.313          0.0928           1.985       0.01467          0           8.021
        1           12.06     2.5      10  0.0005449    0.7782       0.9832     0.3997            0.2883      0.7206            1.095      0.2575         0.08498           2.614         0.004          0           17.89
     1.25            12.1     2.5      10  0.0005044     0.805        1.239     0.4905            0.3806      0.9515            1.125      0.1912         0.07421           3.755     0.0008333          0           45.66
      1.5           12.13     2.5      10   0.000503    0.8324        1.509     0.5862            0.4779       1.195             1.16      0.1252         0.06099            5.44     0.0001667          0           135.3

=== 4h P2|C|10
 edge_pct  trades_per_30d  mean_N  mean_L  liq_share  tp_share  drift_H_pct  gross_pct  net_notional_pct  eq_ret_pct  30d_median_mult  30d_p_loss  30d_mdd_median  1y_median_mult  1y_p_below50  1y_p_ruin  IS_median_mult
        0           11.89     2.5      10          0    0.6749     -0.02374    0.02308          -0.09444     -0.2361           0.9719      0.5745          0.1314          0.6204        0.4735   0.001167          0.2318
    0.025           11.89     2.5      10          0    0.6776   -0.0008702     0.0325          -0.08487     -0.2122           0.9749      0.5652          0.1293          0.6408        0.4522  0.0006667           0.262
     0.05            11.9     2.5      10          0      0.68      0.02254    0.04146          -0.07577     -0.1894           0.9773      0.5592          0.1281          0.6599        0.4313  0.0003333          0.3025
    0.075            11.9     2.5      10          0     0.683      0.04954    0.05189          -0.06516     -0.1629           0.9806      0.5525          0.1264          0.6882        0.4057  0.0003333          0.3509
      0.1            11.9     2.5      10          0    0.6856      0.07015    0.06119          -0.05572     -0.1393           0.9835      0.5457          0.1246          0.7131        0.3782          0          0.3686
     0.15           11.91     2.5      10          0    0.6912       0.1261    0.08147          -0.03511    -0.08778           0.9896       0.529          0.1228          0.7679        0.3315          0          0.4713
      0.2           11.92     2.5      10          0    0.6965       0.1785     0.1004          -0.01588     -0.0397           0.9949      0.5133          0.1228          0.8279         0.285          0          0.5903
      0.3           11.93     2.5      10          0     0.707       0.2744     0.1362           0.02052     0.05129            1.004       0.488          0.1226           0.949        0.2067          0          0.8899
      0.4           11.94     2.5      10          0    0.7173       0.3624     0.1704           0.05535      0.1384            1.015      0.4583          0.1226           1.088         0.147          0           1.146
      0.6           11.97     2.5      10          0    0.7386       0.5707     0.2474            0.1336      0.3341             1.04      0.3928          0.1225           1.449        0.0645          0           2.894
      0.8           11.99     2.5      10          0    0.7613       0.7819     0.3268            0.2143      0.5358            1.069      0.3208          0.1224           1.954         0.017          0            8.21
        1           12.02     2.5      10          0     0.783       0.9829     0.4023            0.2911      0.7277            1.095      0.2603          0.1026           2.624      0.004167          0            16.6
     1.25           12.07     2.5      10          0    0.8096         1.24     0.4976            0.3879      0.9698            1.125      0.1855         0.07704           3.811        0.0005          0           47.27
      1.5           12.11     2.5      10          0    0.8376        1.509     0.5994            0.4914       1.228            1.167      0.1162         0.05111           5.669             0          0           161.5

=== 4h P3|A|10
 edge_pct  trades_per_30d  mean_N  mean_L  liq_share  tp_share  drift_H_pct  gross_pct  net_notional_pct  eq_ret_pct  30d_median_mult  30d_p_loss  30d_mdd_median  1y_median_mult  1y_p_below50  1y_p_ruin  IS_median_mult
        0           12.39       4      20    0.04692    0.8391     -0.03026    0.05771          -0.06883     -0.2753           0.9667       0.556          0.1609          0.5385        0.5898    0.01717          0.1761
    0.025           12.39       4      20    0.04649    0.8407    -0.004901    0.06212          -0.06414     -0.2566           0.9721       0.551          0.1572          0.5559         0.575    0.01617           0.201
     0.05           12.39       4      20     0.0461    0.8422      0.01865    0.06625          -0.05976      -0.239           0.9751      0.5453          0.1536          0.5728        0.5608    0.01517          0.2066
    0.075            12.4       4      20    0.04553     0.844       0.0452    0.07123          -0.05442     -0.2177           0.9804      0.5392          0.1499          0.5922        0.5448    0.01367          0.2606
      0.1            12.4       4      20    0.04502    0.8457      0.06567    0.07619          -0.04915     -0.1966           0.9815      0.5335          0.1438          0.6145        0.5272     0.0125          0.3037
     0.15            12.4       4      20    0.04395    0.8492       0.1213     0.0869          -0.03777     -0.1511           0.9876      0.5245          0.1385          0.6582        0.4892     0.0095           0.336
      0.2           12.41       4      20     0.0431    0.8524       0.1726    0.09604          -0.02807     -0.1123           0.9943      0.5142          0.1343          0.7009        0.4568   0.006833          0.3796
      0.3           12.42       4      20    0.04174    0.8591       0.2696     0.1135         -0.009592    -0.03837            1.005      0.4935          0.1266          0.7835         0.396   0.004167          0.4828
      0.4           12.43       4      20    0.04043    0.8653       0.3597     0.1294          0.007243     0.02897            1.014      0.4772          0.1204          0.8862         0.335     0.0025          0.7552
      0.6           12.44       4      20    0.03695    0.8781       0.5664     0.1654           0.04549       0.182            1.038      0.4365          0.1029           1.124        0.2157      0.001           1.493
      0.8           12.46       4      20    0.03323    0.8913        0.776     0.2028           0.08525       0.341            1.067       0.389         0.08384           1.465        0.1158  0.0001667           3.073
        1           12.49       4      20    0.03004    0.9045       0.9799     0.2375            0.1222      0.4886            1.093      0.3497         0.07175           1.852       0.06217          0           6.488
     1.25           12.51       4      20     0.0257    0.9205        1.236     0.2843            0.1718      0.6871            1.124       0.284         0.04224           2.575       0.01917          0           15.48
      1.5           12.54       4      20    0.02089    0.9373        1.503     0.3327            0.2233      0.8932            1.154      0.2295        0.003185           3.605        0.0055          0           46.75

=== 4h P3|B|10
 edge_pct  trades_per_30d  mean_N  mean_L  liq_share  tp_share  drift_H_pct  gross_pct  net_notional_pct  eq_ret_pct  30d_median_mult  30d_p_loss  30d_mdd_median  1y_median_mult  1y_p_below50  1y_p_ruin  IS_median_mult
        0           12.46       4      20     0.0179    0.8298     -0.03094     0.0473           -0.0668     -0.2672           0.9697      0.5662          0.1477          0.5639        0.5537   0.009167          0.1473
    0.025           12.46       4      20    0.01779    0.8314    -0.005672    0.05169          -0.06227     -0.2491           0.9732      0.5602          0.1458          0.5789        0.5357      0.008          0.1618
     0.05           12.46       4      20    0.01771    0.8329      0.01806    0.05559          -0.05825      -0.233           0.9756      0.5557          0.1444          0.5933        0.5207   0.007333          0.1827
    0.075           12.46       4      20    0.01752    0.8346      0.04499    0.06014          -0.05353     -0.2141           0.9787      0.5503          0.1428          0.6091         0.503     0.0065          0.1967
      0.1           12.46       4      20    0.01733    0.8364       0.0655    0.06529          -0.04819     -0.1928           0.9811      0.5443          0.1414          0.6323        0.4853   0.005667          0.2279
     0.15           12.47       4      20    0.01698    0.8398       0.1211    0.07501          -0.03814     -0.1525            0.987      0.5327          0.1378          0.6676        0.4482   0.004333          0.2553
      0.2           12.47       4      20    0.01672    0.8429       0.1725    0.08357          -0.02929     -0.1172           0.9917      0.5202          0.1352          0.7085        0.4183   0.003167            0.29
      0.3           12.48       4      20    0.01648    0.8496       0.2723     0.1001          -0.01226    -0.04904            1.001      0.4987          0.1304          0.7889        0.3578     0.0025          0.4248
      0.4           12.48       4      20    0.01617    0.8555       0.3618     0.1151          0.003184     0.01274            1.007       0.482          0.1277          0.8729         0.301   0.001333           0.557
      0.6            12.5       4      20    0.01563    0.8684        0.568     0.1495           0.03854      0.1542            1.028      0.4377          0.1165           1.094        0.1968  0.0003333           1.248
      0.8           12.51       4      20    0.01434    0.8817       0.7773     0.1856             0.076       0.304             1.05      0.3888          0.1042           1.392        0.1028          0           2.675
        1           12.53       4      20    0.01349    0.8946       0.9813     0.2177            0.1092      0.4368             1.07        0.35         0.09507           1.718       0.05483          0           5.823
     1.25           12.54       4      20    0.01231    0.9104        1.237     0.2603            0.1532      0.6129            1.101      0.2865         0.07533           2.306        0.0185          0           12.14
      1.5           12.57       4      20     0.0108    0.9271        1.504     0.3058            0.2003      0.8013            1.131      0.2305         0.03834            3.12        0.0045          0           27.28

=== 4h P3|C|10
 edge_pct  trades_per_30d  mean_N  mean_L  liq_share  tp_share  drift_H_pct  gross_pct  net_notional_pct  eq_ret_pct  30d_median_mult  30d_p_loss  30d_mdd_median  1y_median_mult  1y_p_below50  1y_p_ruin  IS_median_mult
        0           12.54       4      20          0    0.7958     -0.02544    0.02434          -0.08323     -0.3329           0.9595      0.6092          0.1384          0.5334        0.5663   0.002333          0.1573
    0.025           12.54       4      20          0    0.7973   -0.0006149    0.02793          -0.07956     -0.3182           0.9599      0.6042          0.1341          0.5462        0.5522      0.002          0.1763
     0.05           12.55       4      20          0    0.7987      0.02294    0.03107          -0.07634     -0.3054           0.9617      0.5983          0.1317          0.5595        0.5367   0.001333           0.198
    0.075           12.55       4      20          0    0.8005      0.04953    0.03513          -0.07218     -0.2887           0.9648      0.5922          0.1291          0.5698         0.522   0.001333          0.2106
      0.1           12.55       4      20          0    0.8021         0.07    0.03881          -0.06841     -0.2736           0.9682      0.5905          0.1287          0.5853        0.5018  0.0006667          0.2339
     0.15           12.55       4      20          0    0.8056       0.1255    0.04697          -0.06007     -0.2403           0.9744      0.5808          0.1283           0.614        0.4653  0.0006667          0.2558
      0.2           12.55       4      20          0    0.8084       0.1766    0.05375          -0.05313     -0.2125           0.9749      0.5727           0.124          0.6389        0.4277  0.0006667          0.2773
      0.3           12.56       4      20          0    0.8152       0.2757    0.06856          -0.03793     -0.1517           0.9821      0.5508          0.1151          0.7043          0.36  0.0008333          0.3665
      0.4           12.56       4      20          0    0.8211       0.3647     0.0818          -0.02436    -0.09745           0.9903      0.5317          0.1121          0.7699        0.2977  0.0001667          0.4298
      0.6           12.57       4      20          0    0.8333       0.5706     0.1098          0.004311     0.01725            1.006      0.4898          0.0964            0.92        0.1892          0          0.9039
      0.8           12.58       4      20          0    0.8465       0.7789     0.1403           0.03557      0.1423            1.023      0.4385          0.0962           1.123        0.1025          0           1.421
        1           12.59       4      20          0    0.8583       0.9841      0.166           0.06192      0.2477            1.033       0.403           0.096           1.325        0.0585          0           2.223
     1.25           12.61       4      20          0    0.8731         1.24     0.2009           0.09759      0.3904            1.056      0.3433          0.0958           1.658        0.0205          0           4.342
      1.5           12.62       4      20          0    0.8896        1.508     0.2401            0.1378      0.5511            1.078      0.2842          0.0958           2.149        0.0045          0           9.461

=== 4h P3|B|30
 edge_pct  trades_per_30d  mean_N  mean_L  liq_share  tp_share  drift_H_pct  gross_pct  net_notional_pct  eq_ret_pct  30d_median_mult  30d_p_loss  30d_mdd_median  1y_median_mult  1y_p_below50  1y_p_ruin  IS_median_mult
        0           11.65       4      20    0.04246    0.5346     -0.02067    0.03912           -0.1051     -0.4205           0.9304      0.6062           0.239          0.3559         0.784     0.1475         0.03361
    0.025           11.66       4      20    0.04201    0.5374      0.00361    0.05113          -0.09276      -0.371           0.9368      0.5988          0.2359          0.3818        0.7628     0.1298         0.04728
     0.05           11.66       4      20    0.04156    0.5403       0.0274    0.06401          -0.07953     -0.3181           0.9426       0.592          0.2336          0.4157        0.7435     0.1108          0.0577
    0.075           11.66       4      20    0.04094    0.5439      0.05427    0.07863          -0.06445     -0.2578           0.9479       0.582            0.23          0.4504        0.7173    0.09417         0.09338
      0.1           11.66       4      20    0.04061    0.5464      0.07573    0.09084          -0.05196     -0.2078           0.9514      0.5755          0.2275          0.4881         0.693    0.08067          0.1027
     0.15           11.67       4      20    0.03999     0.553        0.132     0.1179          -0.02425    -0.09699           0.9627      0.5575          0.2205          0.5715        0.6418     0.0595          0.1741
      0.2           11.68       4      20    0.03928    0.5591       0.1819     0.1428          0.001302     0.00521           0.9755       0.535          0.2159          0.6689        0.5878    0.04583          0.2781
      0.3           11.69       4      20    0.03806    0.5707        0.282     0.1933           0.05291      0.2117           0.9997      0.5002          0.2053          0.9032        0.4788    0.02317          0.5712
      0.4            11.7       4      20    0.03713    0.5818       0.3702     0.2388           0.09942      0.3977            1.022       0.466          0.2034           1.188        0.3808      0.011           1.353
      0.6           11.71       4      20    0.03511    0.6053       0.5797      0.339            0.2017       0.807            1.076      0.3927          0.1999           2.156        0.2023   0.001833           8.153
      0.8           11.73       4      20    0.03209    0.6301        0.789     0.4448            0.3103       1.241            1.135      0.3103          0.1758           4.103       0.08283  0.0003333           55.36
        1           11.75       4      20    0.03006    0.6533       0.9874     0.5429            0.4105       1.642            1.192       0.244          0.1624           7.435       0.03317  0.0001667           323.3
     1.25           11.77       4      20     0.0274    0.6826        1.243      0.667            0.5373       2.149            1.266      0.1717           0.146           15.62         0.008  0.0001667            2538
      1.5            11.8       4      20     0.0237    0.7133        1.513     0.7996            0.6732       2.693            1.358      0.1062          0.1237           35.51      0.002167          0       2.933e+04

=== 4h P3|B|100
 edge_pct  trades_per_30d  mean_N  mean_L  liq_share  tp_share  drift_H_pct  gross_pct  net_notional_pct  eq_ret_pct  30d_median_mult  30d_p_loss  30d_mdd_median  1y_median_mult  1y_p_below50  1y_p_ruin  IS_median_mult
        0           11.01       4      20    0.06628    0.1241     -0.02119    0.03142           -0.1482     -0.5927           0.8874      0.6272          0.2984          0.1971        0.8912     0.3915        0.008241
    0.025           11.01       4      20    0.06565    0.1252     0.003406    0.05203           -0.1272      -0.509           0.8948      0.6185          0.2948          0.2177         0.876      0.359          0.0139
     0.05           11.01       4      20    0.06494    0.1264      0.02798    0.07437           -0.1045     -0.4182           0.9026      0.6088          0.2916          0.2463        0.8572     0.3252         0.01958
    0.075           11.01       4      20    0.06427    0.1276       0.0551    0.09723          -0.08134     -0.3254           0.9123       0.598          0.2873          0.2774        0.8382     0.2967         0.02167
      0.1           11.01       4      20    0.06389    0.1287      0.07672     0.1174          -0.06094     -0.2437           0.9191      0.5898          0.2841          0.3123        0.8213     0.2708         0.03081
     0.15           11.01       4      20    0.06279    0.1311       0.1324      0.164          -0.01381    -0.05525           0.9366       0.568          0.2758          0.4019        0.7725      0.206         0.05397
      0.2              11       4      20    0.06165    0.1335       0.1815     0.2061            0.0289      0.1156           0.9567      0.5492          0.2679            0.51        0.7237      0.159          0.1216
      0.3              11       4      20    0.06001    0.1374       0.2808     0.2875            0.1112      0.4447           0.9937      0.5082           0.255          0.8083        0.6123    0.09233          0.3641
      0.4              11       4      20    0.05816    0.1415       0.3695     0.3645            0.1891      0.7564            1.024      0.4742           0.243           1.207         0.512    0.04783           1.651
      0.6           10.99       4      20     0.0543    0.1508       0.5755     0.5371            0.3638       1.455            1.099      0.3877          0.2222           2.955        0.2808   0.007167            34.5
      0.8           10.98       4      20    0.04962    0.1598       0.7836      0.714            0.5431       2.172            1.186      0.3053          0.2034           7.922        0.1217  0.0006667           616.5
        1           10.97       4      20    0.04572    0.1684       0.9854     0.8845            0.7157       2.863            1.276       0.234          0.2022           19.78       0.04333     0.0005            6947
     1.25           10.96       4      20     0.0411     0.179        1.245      1.099             0.933       3.732            1.402      0.1597          0.1732           65.12         0.013          0        1.98e+05
      1.5           10.95       4      20    0.03517     0.191        1.516      1.323             1.159       4.638            1.544     0.09417          0.1449           215.2      0.004333          0       6.817e+06

=== 4h P4|A|10
 edge_pct  trades_per_30d  mean_N  mean_L  liq_share  tp_share  drift_H_pct  gross_pct  net_notional_pct  eq_ret_pct  30d_median_mult  30d_p_loss  30d_mdd_median  1y_median_mult  1y_p_below50  1y_p_ruin  IS_median_mult
        0           12.86      20      50     0.1118    0.8806     -0.02386   0.004838           -0.1448      -2.895           0.6908      0.7755           0.416         0.00134        0.9998     0.9892       1.828e-09
    0.025           12.86      20      50     0.1115    0.8811    0.0006253   0.005599           -0.1438      -2.876           0.6908      0.7735           0.416        0.001383        0.9998     0.9888       2.811e-09
     0.05           12.86      20      50     0.1112    0.8815      0.02412    0.00618           -0.1431      -2.862           0.6908       0.772           0.416        0.001405        0.9997     0.9883       3.133e-09
    0.075           12.86      20      50     0.1107     0.882      0.05037    0.00702            -0.142       -2.84           0.6908        0.77           0.416        0.001453        0.9997     0.9877       5.199e-09
      0.1           12.86      20      50     0.1104    0.8824      0.07199   0.007654           -0.1412      -2.824           0.6934      0.7685           0.416        0.001476        0.9997     0.9872       4.073e-09
     0.15           12.86      20      50     0.1092    0.8838       0.1269   0.009736           -0.1386      -2.771           0.7034      0.7648           0.415        0.001691        0.9995     0.9862       5.563e-09
      0.2           12.86      20      50      0.108    0.8851       0.1789    0.01185           -0.1359      -2.718           0.7041      0.7615           0.415        0.001934        0.9995     0.9848       8.647e-09
      0.3           12.86      20      50     0.1063    0.8872       0.2768     0.0149            -0.132       -2.64           0.7053      0.7538           0.415        0.002275        0.9988     0.9797       1.263e-08
      0.4           12.86      20      50     0.1046    0.8893        0.366    0.01817           -0.1278      -2.557           0.7169       0.746           0.415        0.002585        0.9987      0.977       2.836e-08
      0.6           12.86      20      50      0.101    0.8937       0.5702    0.02471           -0.1195       -2.39           0.7201      0.7298           0.415        0.003599        0.9977     0.9665       8.003e-08
      0.8           12.86      20      50    0.09649    0.8988       0.7769    0.03279           -0.1092      -2.185           0.7338       0.702           0.415        0.005527        0.9963     0.9492       1.936e-07
        1           12.87      20      50    0.09365    0.9028       0.9819    0.03844           -0.1021      -2.043           0.7353      0.6903           0.415        0.007308        0.9947     0.9353       5.117e-07
     1.25           12.87      20      50    0.08926     0.908        1.239    0.04647          -0.09194      -1.839           0.7494      0.6677           0.415         0.01048        0.9913       0.91       1.749e-06
      1.5           12.87      20      50    0.08351    0.9146        1.506    0.05693          -0.07864      -1.573           0.7637      0.6433           0.415         0.01782        0.9843      0.863       5.572e-06

=== 4h P4|B|10
 edge_pct  trades_per_30d  mean_N  mean_L  liq_share  tp_share  drift_H_pct  gross_pct  net_notional_pct  eq_ret_pct  30d_median_mult  30d_p_loss  30d_mdd_median  1y_median_mult  1y_p_below50  1y_p_ruin  IS_median_mult
        0           12.86      20      50     0.1099    0.8804     -0.02388   0.004553           -0.1442      -2.884           0.6908      0.7758           0.416        0.001385        0.9998     0.9882       2.172e-09
    0.025           12.86      20      50     0.1095    0.8809    0.0006039   0.005338           -0.1433      -2.865           0.6908       0.774           0.416        0.001441        0.9998      0.988       2.885e-09
     0.05           12.86      20      50     0.1093    0.8813       0.0241   0.005918           -0.1425      -2.851           0.6908      0.7725           0.416        0.001464        0.9997     0.9875       3.465e-09
    0.075           12.86      20      50     0.1089    0.8818      0.05034   0.006742           -0.1415      -2.831           0.6932      0.7705           0.415        0.001504        0.9997     0.9868       5.047e-09
      0.1           12.86      20      50     0.1086    0.8823      0.07196   0.007424           -0.1407      -2.814           0.6987      0.7688           0.415        0.001549        0.9997     0.9868       3.954e-09
     0.15           12.86      20      50     0.1074    0.8835       0.1269   0.009448           -0.1381      -2.762           0.7038      0.7653           0.415        0.001735        0.9995     0.9858       5.521e-09
      0.2           12.86      20      50     0.1063    0.8849       0.1788     0.0116           -0.1354      -2.708           0.7041      0.7618           0.415        0.001982        0.9995     0.9845       8.209e-09
      0.3           12.86      20      50     0.1047     0.887       0.2769    0.01465           -0.1315       -2.63           0.7053      0.7542           0.415        0.002333         0.999     0.9795       1.357e-08
      0.4           12.86      20      50     0.1029    0.8891        0.366    0.01786           -0.1274      -2.549           0.7169      0.7465           0.415        0.002676        0.9987     0.9767       3.414e-08
      0.6           12.86      20      50     0.0995    0.8934       0.5702    0.02433           -0.1193      -2.385           0.7201      0.7312           0.415         0.00365        0.9978      0.967       9.613e-08
      0.8           12.87      20      50     0.0951    0.8986       0.7769    0.03253           -0.1089      -2.178            0.734      0.7032           0.415        0.005665        0.9965     0.9475       2.199e-07
        1           12.87      20      50    0.09248    0.9026       0.9819    0.03812            -0.102      -2.039           0.7353      0.6912           0.415        0.007436        0.9947     0.9338       5.704e-07
     1.25           12.87      20      50    0.08827    0.9077        1.239    0.04618          -0.09181      -1.836             0.75      0.6687           0.415         0.01062        0.9915     0.9087       1.544e-06
      1.5           12.88      20      50     0.0827    0.9143        1.506    0.05647          -0.07877      -1.575           0.7642      0.6452           0.415         0.01784        0.9848     0.8632       5.814e-06

=== 4h P4|C|10
 edge_pct  trades_per_30d  mean_N  mean_L  liq_share  tp_share  drift_H_pct  gross_pct  net_notional_pct  eq_ret_pct  30d_median_mult  30d_p_loss  30d_mdd_median  1y_median_mult  1y_p_below50  1y_p_ruin  IS_median_mult
        0           12.92      20      50          0    0.7523     -0.02325   -0.03441            -0.142       -2.84           0.6672      0.8918          0.3986         0.00582             1     0.9963       2.589e-07
    0.025           12.92      20      50          0    0.7524      0.00123   -0.03427           -0.1418      -2.837           0.6672      0.8903          0.3986        0.005848             1      0.996       2.402e-07
     0.05           12.92      20      50          0    0.7521      0.02479    -0.0346           -0.1422      -2.844           0.6672      0.8908          0.3986        0.005793             1      0.996       2.572e-07
    0.075           12.92      20      50          0    0.7523      0.05086   -0.03444            -0.142       -2.84           0.6672      0.8913          0.3986        0.005833             1     0.9958       2.356e-07
      0.1           12.91      20      50          0    0.7527      0.07238   -0.03407           -0.1416      -2.832           0.6672      0.8905          0.3986        0.005897             1     0.9953       2.185e-07
     0.15           12.91      20      50          0    0.7532       0.1272   -0.03364           -0.1412      -2.823           0.6672       0.888          0.3986        0.005925             1     0.9947       2.582e-07
      0.2           12.91      20      50          0    0.7539       0.1787   -0.03301           -0.1405       -2.81           0.6672       0.888          0.3986        0.005944             1      0.994       2.354e-07
      0.3           12.91      20      50          0    0.7545       0.2763   -0.03243           -0.1399      -2.798           0.6672      0.8848          0.3986        0.006048             1     0.9943       2.474e-07
      0.4           12.92      20      50          0    0.7556       0.3647   -0.03144           -0.1388      -2.777           0.6672      0.8808          0.3868        0.006321             1     0.9938       2.789e-07
      0.6           12.92      20      50          0    0.7562       0.5694   -0.03101           -0.1384      -2.768           0.6806      0.8825           0.386        0.006242             1     0.9923        2.78e-07
      0.8           12.92      20      50          0    0.7584       0.7762   -0.02901           -0.1363      -2.725           0.6812      0.8762           0.386        0.006811             1      0.991       3.177e-07
        1           12.92      20      50          0     0.759       0.9815   -0.02853           -0.1357      -2.715           0.6812       0.874           0.386        0.006977             1     0.9917       3.634e-07
     1.25           12.92      20      50          0    0.7589        1.239   -0.02872           -0.1359      -2.719           0.6812      0.8668           0.386        0.006935        0.9998     0.9917       4.384e-07
      1.5           12.92      20      50          0     0.761        1.505   -0.02677           -0.1339      -2.677            0.694      0.8618          0.3737        0.007454             1     0.9907       4.429e-07

=== 4h P4|B|100
 edge_pct  trades_per_30d  mean_N  mean_L  liq_share  tp_share  drift_H_pct  gross_pct  net_notional_pct  eq_ret_pct  30d_median_mult  30d_p_loss  30d_mdd_median  1y_median_mult  1y_p_below50  1y_p_ruin  IS_median_mult
        0           11.92      20      50     0.4466    0.3537     -0.01152    0.05802           -0.2675       -5.35           0.2289      0.8632          0.8703       7.084e-09             1     0.9997       7.671e-25
    0.025           11.92      20      50     0.4445    0.3558      0.01391    0.06664           -0.2579      -5.157           0.2368        0.86          0.8693       9.461e-09        0.9998     0.9997       1.974e-24
     0.05           11.92      20      50      0.442    0.3579       0.0376      0.076           -0.2473      -4.947           0.2419       0.856          0.8653       1.275e-08        0.9998     0.9997       6.086e-24
    0.075           11.92      20      50     0.4389    0.3605      0.06448    0.08796           -0.2339      -4.678           0.2497      0.8502          0.8619       1.927e-08        0.9998     0.9997       5.081e-23
      0.1           11.92      20      50     0.4364    0.3626      0.08653    0.09736           -0.2233      -4.467           0.2571      0.8452          0.8576       2.615e-08        0.9998     0.9997       1.072e-22
     0.15           11.92      20      50     0.4307    0.3677       0.1427     0.1181           -0.1999      -3.998           0.2684      0.8348          0.8512        5.58e-08        0.9998      0.999       8.317e-22
      0.2           11.92      20      50     0.4253    0.3726       0.1942     0.1384            -0.177       -3.54           0.2818      0.8237          0.8406       1.097e-07        0.9997      0.999       8.994e-21
      0.3           11.91      20      50     0.4145    0.3827       0.2938     0.1804           -0.1299      -2.598           0.3187      0.8033          0.8324       5.075e-07        0.9993     0.9985       2.831e-19
      0.4           11.91      20      50     0.4043     0.391       0.3821     0.2174          -0.08814      -1.763            0.353      0.7797          0.8158       2.016e-06        0.9987     0.9963       1.982e-17
      0.6            11.9      20      50     0.3834    0.4098       0.5841     0.2966         0.0009599      0.0192           0.4346      0.7257          0.7998       3.192e-05        0.9968     0.9848       8.154e-14
      0.8            11.9      20      50     0.3621    0.4287       0.7904     0.3772           0.09165       1.833           0.5559      0.6622          0.7603       0.0005885        0.9875     0.9457       9.638e-11
        1           11.89      20      50     0.3424    0.4471       0.9953     0.4553            0.1791       3.581           0.7066      0.5998          0.7245        0.008635        0.9632     0.8622       2.247e-07
     1.25           11.88      20      50     0.3155    0.4717        1.258     0.5569            0.2934       5.869            0.949      0.5147          0.6704          0.3162        0.8845      0.664         0.02529
      1.5           11.86      20      50     0.2879    0.4964        1.527     0.6617            0.4112       8.225            1.271      0.4223          0.6584           12.45        0.7378     0.4095            1812

=== 4h P5|A|10
 edge_pct  trades_per_30d  mean_N  mean_L  liq_share  tp_share  drift_H_pct  gross_pct  net_notional_pct  eq_ret_pct  30d_median_mult  30d_p_loss  30d_mdd_median  1y_median_mult  1y_p_below50  1y_p_ruin  IS_median_mult
        0           12.42   4.188   20.72    0.04869     0.847     -0.03247    0.05748          -0.06925     -0.2977           0.9654      0.5648          0.1732          0.5163        0.6173    0.02017          0.1525
    0.025           12.42   4.188   20.72    0.04826    0.8486    -0.007157    0.06167          -0.06477     -0.2792           0.9661      0.5598          0.1669          0.5342        0.6023    0.01883          0.1801
     0.05           12.42   4.188   20.72    0.04788      0.85      0.01634    0.06562          -0.06058     -0.2619           0.9697      0.5553          0.1623          0.5483        0.5877    0.01733          0.1998
    0.075           12.43   4.188   20.72    0.04719    0.8516      0.04283    0.07046          -0.05535     -0.2394           0.9757      0.5482          0.1576          0.5725        0.5678    0.01567          0.2494
      0.1           12.43   4.188   20.72    0.04669    0.8532      0.06328    0.07523          -0.05026     -0.2183           0.9793      0.5425          0.1524          0.5912        0.5507      0.014           0.269
     0.15           12.43   4.188   20.72    0.04558    0.8567       0.1188     0.0857          -0.03911     -0.1724           0.9819       0.533          0.1472          0.6315        0.5125    0.01117          0.3129
      0.2           12.44   4.188   20.72    0.04466    0.8598       0.1707    0.09461          -0.02962     -0.1323           0.9893      0.5222          0.1411           0.674         0.479   0.007667          0.3134
      0.3           12.45   4.188   20.72    0.04327    0.8665       0.2702     0.1116          -0.01164    -0.05725           0.9992      0.5005          0.1306            0.76        0.4215     0.0045          0.4664
      0.4           12.45   4.188   20.72    0.04192    0.8724       0.3601     0.1271          0.004829     0.01146            1.012      0.4833          0.1248          0.8503        0.3607   0.003167          0.6608
      0.6           12.47   4.189   20.73    0.03822    0.8852       0.5663     0.1622            0.0423       0.168            1.034      0.4423           0.106           1.088        0.2325   0.001667           1.372
      0.8           12.49   4.189   20.73    0.03428     0.898       0.7757     0.1983           0.08089      0.3281            1.065       0.394         0.08675           1.427        0.1288  0.0001667           3.118
        1           12.51   4.189   20.73    0.03095    0.9105       0.9795     0.2314            0.1162      0.4769            1.093      0.3538         0.07407           1.811          0.07          0           6.225
     1.25           12.54   4.188   20.72    0.02621    0.9259        1.235     0.2764            0.1641      0.6788            1.124      0.2873         0.04506           2.533        0.0225          0           15.41
      1.5           12.56   4.188   20.73    0.02111    0.9427        1.503     0.3246            0.2154      0.8933            1.154      0.2292               0           3.608         0.006          0           47.05

=== 4h P5|B|10
 edge_pct  trades_per_30d  mean_N  mean_L  liq_share  tp_share  drift_H_pct  gross_pct  net_notional_pct  eq_ret_pct  30d_median_mult  30d_p_loss  30d_mdd_median  1y_median_mult  1y_p_below50  1y_p_ruin  IS_median_mult
        0           12.48   4.188   20.72    0.01787    0.8381     -0.03135    0.04653          -0.06699     -0.2843           0.9659      0.5755          0.1521          0.5465        0.5732    0.01133          0.1344
    0.025           12.48   4.188   20.72    0.01775    0.8397    -0.006109     0.0508          -0.06257     -0.2661           0.9686      0.5695          0.1502          0.5627        0.5597   0.009833          0.1462
     0.05           12.49   4.188   20.72    0.01767    0.8411      0.01758    0.05453          -0.05874     -0.2503           0.9716      0.5645          0.1488          0.5762        0.5457   0.008833           0.183
    0.075           12.49   4.188   20.72    0.01748    0.8427      0.04445    0.05889          -0.05421     -0.2311           0.9749       0.559          0.1467          0.5926        0.5282      0.008          0.1977
      0.1           12.49   4.188   20.72    0.01729    0.8444      0.06496    0.06382           -0.0491     -0.2095           0.9775      0.5533          0.1454          0.6142        0.5108     0.0065          0.2264
     0.15           12.49   4.188   20.72    0.01695    0.8477       0.1204    0.07335          -0.03923      -0.169           0.9819      0.5425          0.1418          0.6536         0.472   0.004833           0.229
      0.2           12.49   4.188   20.72    0.01669    0.8508       0.1725    0.08171          -0.03059     -0.1323           0.9875      0.5302          0.1386          0.6933         0.437     0.0035          0.2823
      0.3            12.5   4.188   20.72    0.01645    0.8573       0.2721    0.09777          -0.01404    -0.06302           0.9966      0.5078           0.134           0.772        0.3752     0.0025          0.4116
      0.4           12.51   4.188   20.73    0.01614    0.8631       0.3615     0.1123         0.0009648  -0.0004507            1.004      0.4908          0.1299          0.8518        0.3178     0.0015          0.5641
      0.6           12.52   4.189   20.73     0.0156     0.876       0.5672     0.1459           0.03558      0.1433            1.025      0.4462          0.1195           1.066         0.206  0.0003333           1.228
      0.8           12.53   4.189   20.73    0.01431    0.8889       0.7765      0.181           0.07192      0.2939            1.047      0.3957          0.1062           1.365        0.1093          0           2.519
        1           12.55   4.189   20.73    0.01347    0.9012       0.9805     0.2119            0.1039      0.4276            1.068      0.3545         0.09926           1.686       0.05733          0           5.608
     1.25           12.57   4.188   20.73    0.01229    0.9163        1.236     0.2532            0.1466      0.6054              1.1       0.292         0.08501            2.27       0.01983          0           11.44
      1.5           12.59   4.189   20.73    0.01078    0.9329        1.503     0.2982            0.1932      0.7983            1.131      0.2328          0.0353           3.116      0.004667          0           27.77

=== 4h P5|C|10
 edge_pct  trades_per_30d  mean_N  mean_L  liq_share  tp_share  drift_H_pct  gross_pct  net_notional_pct  eq_ret_pct  30d_median_mult  30d_p_loss  30d_mdd_median  1y_median_mult  1y_p_below50  1y_p_ruin  IS_median_mult
        0           12.58   4.187   20.72          0    0.8025     -0.02618    0.02444          -0.08259     -0.3468           0.9574      0.6162          0.1422          0.5193        0.5855      0.003            0.15
    0.025           12.58   4.187   20.72          0     0.804    -0.001411    0.02788          -0.07907     -0.3323           0.9591      0.6103           0.142          0.5327        0.5685   0.002667          0.1605
     0.05           12.58   4.187   20.72          0    0.8053      0.02208    0.03071          -0.07617     -0.3202           0.9596      0.6043          0.1389          0.5416        0.5535   0.002333          0.1754
    0.075           12.58   4.187   20.72          0     0.807      0.04859    0.03451          -0.07227     -0.3036           0.9605       0.598          0.1351          0.5552        0.5378   0.001667          0.1925
      0.1           12.58   4.187   20.72          0    0.8086      0.06904    0.03799          -0.06871     -0.2881           0.9637      0.5957          0.1328          0.5717        0.5167     0.0015          0.2173
     0.15           12.58   4.187   20.72          0    0.8119       0.1244    0.04579          -0.06073     -0.2553           0.9695      0.5865           0.129          0.5995         0.484      0.001          0.2322
      0.2           12.58   4.187   20.72          0    0.8147        0.176    0.05207           -0.0543     -0.2274           0.9738      0.5785          0.1283          0.6248         0.447  0.0008333          0.2522
      0.3           12.59   4.187   20.72          0    0.8213       0.2754    0.06634          -0.03966     -0.1658           0.9793       0.556          0.1204          0.6864        0.3805  0.0006667          0.3585
      0.4           12.59   4.188   20.72          0    0.8271       0.3644    0.07893          -0.02674     -0.1115           0.9879       0.538          0.1144          0.7481        0.3197  0.0001667           0.436
      0.6            12.6   4.188   20.73          0    0.8393       0.5699     0.1058         0.0007568    0.003879            1.001      0.4973          0.1012          0.8952        0.2057          0          0.8006
      0.8           12.61   4.188   20.73          0     0.852        0.778      0.135           0.03074      0.1289            1.021      0.4458          0.0964           1.097        0.1138          0           1.348
        1           12.62   4.188   20.73          0    0.8631       0.9832     0.1589           0.05519      0.2327            1.029      0.4108          0.0962           1.297       0.06383          0           2.192
     1.25           12.64   4.188   20.72          0    0.8772        1.239     0.1917           0.08882      0.3743            1.054      0.3518           0.096           1.622       0.02283          0            4.04
      1.5           12.65   4.188   20.72          0    0.8934        1.508     0.2291            0.1271      0.5342            1.077       0.293          0.0958           2.089        0.0065          0           9.215

=== 4h P5|B|100
 edge_pct  trades_per_30d  mean_N  mean_L  liq_share  tp_share  drift_H_pct  gross_pct  net_notional_pct  eq_ret_pct  30d_median_mult  30d_p_loss  30d_mdd_median  1y_median_mult  1y_p_below50  1y_p_ruin  IS_median_mult
        0           11.02    4.19   20.73    0.06627    0.1271     -0.02101     0.0298           -0.1496     -0.6162           0.8809      0.6312          0.3062           0.185        0.8982     0.4093        0.007399
    0.025           11.01    4.19   20.73    0.06564    0.1282     0.003588    0.05037           -0.1287     -0.5303           0.8891      0.6227          0.3034          0.2074        0.8845     0.3755         0.01146
     0.05           11.01    4.19   20.73    0.06493    0.1294      0.02816    0.07269           -0.1061     -0.4381           0.8975      0.6132          0.3004          0.2346        0.8682     0.3422          0.0163
    0.075           11.01    4.19   20.73    0.06426    0.1307      0.05527    0.09556          -0.08284     -0.3413           0.9069      0.6013          0.2959          0.2685        0.8502     0.3115          0.0204
      0.1           11.01    4.19   20.73    0.06388    0.1317       0.0769     0.1157          -0.06245     -0.2569           0.9131      0.5938          0.2922          0.3001        0.8308      0.286         0.02921
     0.15           11.01    4.19   20.73    0.06278    0.1342       0.1326     0.1623          -0.01533    -0.06479           0.9326       0.572          0.2833          0.3891          0.78     0.2205         0.04702
      0.2           11.01    4.19   20.73    0.06164    0.1368       0.1817     0.2044           0.02743      0.1129           0.9517      0.5518          0.2754          0.5026        0.7345     0.1708          0.1274
      0.3              11   4.189   20.73    0.06001    0.1407        0.281     0.2857            0.1096      0.4485           0.9901      0.5102          0.2616           0.795        0.6222    0.09767           0.279
      0.4              11    4.19   20.73    0.05815    0.1449       0.3698     0.3628            0.1877      0.7679            1.023       0.475          0.2481           1.203        0.5157    0.05333           1.546
      0.6           10.99   4.189   20.73    0.05429    0.1547       0.5758     0.5355            0.3624       1.487            1.102      0.3892          0.2253           3.042        0.2838      0.008           35.23
      0.8           10.98   4.189   20.73    0.04961     0.164       0.7839     0.7121            0.5415       2.221            1.193      0.3058          0.2036            8.24        0.1215  0.0008333           615.5
        1           10.97    4.19   20.73    0.04571    0.1729       0.9857     0.8824            0.7138       2.932            1.287      0.2352           0.203           21.27        0.0435     0.0005       1.061e+04
     1.25           10.96   4.189   20.73    0.04108    0.1839        1.246      1.097            0.9309       3.821            1.415       0.158           0.176           71.92       0.01283          0       2.739e+05
      1.5           10.95   4.189   20.73    0.03516    0.1962        1.517       1.32             1.157       4.748            1.559      0.0915          0.1471           244.5         0.004          0       1.063e+07

=== 4h P5c|A|10
 edge_pct  trades_per_30d  mean_N  mean_L  liq_share  tp_share  drift_H_pct  gross_pct  net_notional_pct  eq_ret_pct  30d_median_mult  30d_p_loss  30d_mdd_median  1y_median_mult  1y_p_below50  1y_p_ruin  IS_median_mult
        0           12.42   4.145   20.72    0.04869     0.847     -0.03247    0.05748          -0.06925     -0.2927           0.9655      0.5635          0.1702          0.5228        0.6088       0.02          0.1561
    0.025           12.42   4.194   20.72    0.04826    0.8486    -0.007157    0.06167          -0.06477     -0.2581           0.9704      0.5548          0.1641          0.5517        0.5825      0.018          0.2007
     0.05           12.42   4.236   20.72    0.04788      0.85      0.01634    0.06562          -0.06058     -0.2246           0.9772      0.5472          0.1609          0.5794         0.558    0.01617          0.2376
    0.075           12.43   4.287   20.72    0.04719    0.8516      0.04283    0.07046          -0.05535     -0.1843           0.9815      0.5372          0.1556          0.6189        0.5285    0.01367          0.2954
      0.1           12.43   4.338   20.72    0.04669    0.8532      0.06328    0.07523          -0.05026     -0.1444           0.9888      0.5268          0.1492          0.6592        0.4962    0.01117          0.3583
     0.15           12.43   4.431   20.72    0.04558    0.8567       0.1188     0.0857          -0.03911    -0.06638           0.9966      0.5065          0.1438          0.7401        0.4413   0.007667          0.4616
      0.2           12.44   4.526   20.72    0.04466    0.8598       0.1707    0.09461          -0.02962    0.006071            1.008      0.4902          0.1385          0.8211        0.3893     0.0045          0.5689
      0.3           12.45   4.717   20.72    0.04327    0.8665       0.2702     0.1116          -0.01164      0.1477            1.028      0.4537           0.128           1.021        0.3005   0.002333            1.02
      0.4           12.45   4.903   20.72    0.04192    0.8724       0.3601     0.1271          0.004829      0.2835            1.045      0.4215          0.1215            1.26        0.2212   0.001167           2.007
      0.6           12.47   5.279   20.73    0.03822    0.8852       0.5663     0.1622            0.0423      0.5637            1.088      0.3537          0.1048           1.915        0.1165     0.0005           6.978
      0.8           12.49   5.653   20.73    0.03428     0.898       0.7757     0.1983           0.08089      0.8533            1.135      0.2797         0.08445           3.011        0.0515          0           28.99
        1           12.51   6.031   20.73    0.03095    0.9105       0.9795     0.2314            0.1162       1.127            1.173      0.2257         0.07289           4.611       0.03183          0           93.84
     1.25           12.54   6.517   20.72    0.02621    0.9259        1.235     0.2764            0.1641       1.493             1.23      0.1587         0.04308            8.14       0.01533          0           451.6
      1.5           12.56   6.997   20.73    0.02111    0.9427        1.503     0.3246            0.2154       1.876             1.29      0.1138               0           14.81      0.009167          0            2429

=== 4h P5c|B|10
 edge_pct  trades_per_30d  mean_N  mean_L  liq_share  tp_share  drift_H_pct  gross_pct  net_notional_pct  eq_ret_pct  30d_median_mult  30d_p_loss  30d_mdd_median  1y_median_mult  1y_p_below50  1y_p_ruin  IS_median_mult
        0           12.48   4.145   20.72    0.01787    0.8381     -0.03135    0.04653          -0.06699     -0.2801           0.9662      0.5742          0.1515          0.5505        0.5685      0.011          0.1352
    0.025           12.48   4.194   20.72    0.01775    0.8397    -0.006109     0.0508          -0.06257     -0.2475            0.972      0.5618           0.149          0.5751        0.5422   0.009833          0.1606
     0.05           12.49   4.237   20.72    0.01767    0.8411      0.01758    0.05453          -0.05874     -0.2169           0.9763      0.5535          0.1477           0.604        0.5172      0.008          0.2079
    0.075           12.49   4.287   20.72    0.01748    0.8427      0.04445    0.05889          -0.05421     -0.1816           0.9809      0.5442          0.1452          0.6369        0.4922   0.006167          0.2482
      0.1           12.49   4.338   20.72    0.01729    0.8444      0.06496    0.06382           -0.0491     -0.1437           0.9854      0.5343          0.1432          0.6734        0.4618     0.0045          0.3009
     0.15           12.49   4.432   20.72    0.01695    0.8477       0.1204    0.07335          -0.03923    -0.07567           0.9947      0.5133          0.1404          0.7463        0.4143   0.003833          0.3576
      0.2           12.49   4.526   20.72    0.01669    0.8508       0.1725    0.08171          -0.03059    -0.01042            1.002      0.4943          0.1376          0.8204        0.3613   0.003333          0.4375
      0.3            12.5   4.718   20.72    0.01645    0.8573       0.2721    0.09777          -0.01404      0.1193             1.02      0.4597          0.1331           1.005        0.2803   0.002333          0.8273
      0.4           12.51   4.903   20.73    0.01614    0.8631       0.3615     0.1123         0.0009648      0.2429            1.036      0.4273          0.1298           1.216        0.2103   0.001167           1.493
      0.6           12.52   5.279   20.73     0.0156     0.876       0.5672     0.1459           0.03558       0.498            1.074      0.3667          0.1196           1.778        0.1203     0.0005           5.527
      0.8           12.53   5.654   20.73    0.01431    0.8889       0.7765      0.181           0.07192      0.7669            1.116      0.2985          0.1066            2.69         0.061          0           17.96
        1           12.55   6.032   20.73    0.01347    0.9012       0.9805     0.2119            0.1039       1.016            1.154      0.2468          0.0991           3.906         0.039          0           60.07
     1.25           12.57   6.519   20.73    0.01229    0.9163        1.236     0.2532            0.1466       1.343            1.206       0.187         0.08667           6.443       0.02083          0           214.3
      1.5           12.59   6.998   20.73    0.01078    0.9329        1.503     0.2982            0.1932       1.688            1.259       0.143         0.03383           10.95       0.01217          0            1045

=== 4h P5c|C|10
 edge_pct  trades_per_30d  mean_N  mean_L  liq_share  tp_share  drift_H_pct  gross_pct  net_notional_pct  eq_ret_pct  30d_median_mult  30d_p_loss  30d_mdd_median  1y_median_mult  1y_p_below50  1y_p_ruin  IS_median_mult
        0           12.58   4.144   20.72          0    0.8025     -0.02618    0.02444          -0.08259     -0.3427           0.9586       0.615           0.142          0.5222        0.5785   0.002833          0.1536
    0.025           12.58   4.193   20.72          0     0.804    -0.001411    0.02788          -0.07907     -0.3164           0.9597      0.6035          0.1416          0.5457        0.5557   0.002333          0.1724
     0.05           12.58   4.235   20.72          0    0.8053      0.02208    0.03071          -0.07617     -0.2936           0.9613      0.5935          0.1381          0.5612        0.5285   0.001833           0.206
    0.075           12.58   4.286   20.72          0     0.807      0.04859    0.03451          -0.07227     -0.2632           0.9686      0.5832          0.1331          0.5879        0.4998   0.001333          0.2359
      0.1           12.58   4.337   20.72          0    0.8086      0.06904    0.03799          -0.06871     -0.2373           0.9714      0.5767           0.131           0.614         0.471  0.0008333          0.2708
     0.15           12.58   4.431   20.72          0    0.8119       0.1244    0.04579          -0.06073     -0.1857           0.9753      0.5593          0.1293          0.6576        0.4262  0.0008333          0.3424
      0.2           12.58   4.525   20.72          0    0.8147        0.176    0.05207           -0.0543     -0.1378           0.9823      0.5452          0.1286          0.7024        0.3857  0.0006667          0.3622
      0.3           12.59   4.717   20.72          0    0.8213       0.2754    0.06634          -0.03966    -0.03207           0.9954      0.5073          0.1224          0.8237        0.2998   0.001167          0.5662
      0.4           12.59   4.902   20.72          0    0.8271       0.3644    0.07893          -0.02674     0.06842             1.01      0.4713          0.1154          0.9619        0.2345  0.0006667          0.8547
      0.6            12.6   5.278   20.73          0    0.8393       0.5699     0.1058         0.0007568      0.2641            1.037      0.4187          0.1092           1.274        0.1478  0.0001667           1.942
      0.8           12.61   5.653   20.73          0     0.852        0.778      0.135           0.03074      0.4741            1.061      0.3568          0.0964           1.755       0.08783          0           4.976
        1           12.62   6.032   20.73          0    0.8631       0.9832     0.1589           0.05519      0.6579            1.089       0.316          0.0962           2.298         0.061          0           10.35
     1.25           12.64    6.52   20.72          0    0.8772        1.239     0.1917           0.08882      0.8951            1.129      0.2733          0.0962           3.248       0.03917          0            33.2
      1.5           12.65   6.998   20.72          0    0.8934        1.508     0.2291            0.1271        1.17            1.167      0.2337           0.096           4.933       0.02567          0           117.3

=== 4h P6|B|none
 edge_pct  trades_per_30d  mean_N  mean_L  liq_share  tp_share  drift_H_pct  gross_pct  net_notional_pct  eq_ret_pct  30d_median_mult  30d_p_loss  30d_mdd_median  1y_median_mult  1y_p_below50  1y_p_ruin  IS_median_mult
        0           10.87  0.3026   9.407          0         0      -0.0266   -0.04281           -0.2012    -0.05139           0.9928      0.6152         0.02228          0.9278             0          0          0.8205
    0.025           10.87  0.3026   9.407          0         0    -0.002976    -0.0199           -0.1783    -0.04571           0.9934      0.6057         0.02198          0.9353             0          0          0.8386
     0.05           10.87  0.3026   9.406          0         0      0.01945   0.001339           -0.1571    -0.03988           0.9941      0.5972         0.02175          0.9425             0          0          0.8571
    0.075           10.86  0.3026   9.407          0         0      0.04677    0.02684           -0.1316    -0.03331           0.9948      0.5865         0.02125          0.9506             0          0          0.8824
      0.1           10.86  0.3026   9.407          0         0        0.069    0.04723           -0.1113    -0.02732           0.9953      0.5772         0.02095          0.9588             0          0          0.9056
     0.15           10.86  0.3027   9.408          0         0       0.1246    0.09836          -0.06016    -0.01404           0.9967      0.5547         0.02027          0.9753             0          0          0.9476
      0.2           10.85  0.3027   9.407          0         0       0.1746     0.1449          -0.01367   -0.001403           0.9983      0.5305         0.01998          0.9911             0          0          0.9871
      0.3           10.85  0.3027   9.408          0         0       0.2728     0.2357           0.07706     0.02265            1.001       0.488         0.01935           1.025             0          0           1.072
      0.4           10.84  0.3027   9.408          0         0       0.3625     0.3203            0.1616     0.04465            1.004      0.4465         0.01804           1.055             0          0           1.167
      0.6           10.82  0.3027   9.408          0         0       0.5684     0.5112            0.3524      0.0953            1.009      0.3597         0.01556           1.126             0          0           1.381
      0.8            10.8  0.3027   9.408          0         0       0.7761     0.7066            0.5477      0.1467            1.014      0.2735          0.0131           1.205             0          0           1.699
        1           10.79  0.3028   9.408          0         0       0.9774     0.8928            0.7339      0.1973             1.02      0.2075          0.0111           1.288             0          0           2.067
     1.25           10.77  0.3028   9.408          0         0        1.237      1.133             0.974      0.2608            1.026       0.135         0.01006           1.399             0          0           2.676
      1.5           10.75  0.3028   9.408          0         0        1.511      1.382             1.223      0.3267            1.033     0.07233         0.01003           1.522             0          0           3.468

=== 4h P6h|B|none
 edge_pct  trades_per_30d  mean_N  mean_L  liq_share  tp_share  drift_H_pct  gross_pct  net_notional_pct  eq_ret_pct  30d_median_mult  30d_p_loss  30d_mdd_median  1y_median_mult  1y_p_below50  1y_p_ruin  IS_median_mult
        0           10.87  0.1513   9.407          0         0      -0.0266   -0.04281           -0.2012    -0.02569           0.9965      0.6135         0.01118          0.9641             0          0          0.9085
    0.025           10.87  0.1513   9.407          0         0    -0.002976    -0.0199           -0.1783    -0.02285           0.9968      0.6035         0.01102           0.968             0          0          0.9181
     0.05           10.87  0.1513   9.406          0         0      0.01945   0.001339           -0.1571    -0.01994           0.9971      0.5945         0.01089          0.9716             0          0          0.9283
    0.075           10.86  0.1513   9.407          0         0      0.04677    0.02684           -0.1316    -0.01665           0.9974      0.5838         0.01066          0.9759             0          0          0.9422
      0.1           10.86  0.1513   9.407          0         0        0.069    0.04723           -0.1113    -0.01366           0.9977      0.5742          0.0105          0.9801             0          0          0.9543
     0.15           10.86  0.1513   9.408          0         0       0.1246    0.09836          -0.06016   -0.007019           0.9984      0.5517         0.01016          0.9885             0          0          0.9763
      0.2           10.85  0.1513   9.407          0         0       0.1746     0.1449          -0.01367  -0.0007015           0.9992      0.5272         0.01002          0.9965             0          0          0.9964
      0.3           10.85  0.1513   9.408          0         0       0.2728     0.2357           0.07706     0.01132                1      0.4847        0.009693           1.013             0          0           1.038
      0.4           10.84  0.1513   9.408          0         0       0.3625     0.3203            0.1616     0.02233            1.002       0.443        0.009036           1.028             0          0           1.084
      0.6           10.82  0.1514   9.408          0         0       0.5684     0.5112            0.3524     0.04765            1.004       0.357        0.007792           1.062             0          0           1.179
      0.8            10.8  0.1514   9.408          0         0       0.7761     0.7066            0.5477     0.07337            1.007      0.2703        0.006557           1.099             0          0           1.308
        1           10.79  0.1514   9.408          0         0       0.9774     0.8928            0.7339     0.09867             1.01       0.206        0.005549           1.136             0          0           1.442
     1.25           10.77  0.1514   9.408          0         0        1.237      1.133             0.974      0.1304            1.013       0.134        0.005031           1.184             0          0           1.641
      1.5           10.75  0.1514   9.408          0         0        1.511      1.382             1.223      0.1634            1.016     0.07233        0.005015           1.235             0          0           1.868

=== 4h P6|B|10
 edge_pct  trades_per_30d  mean_N  mean_L  liq_share  tp_share  drift_H_pct  gross_pct  net_notional_pct  eq_ret_pct  30d_median_mult  30d_p_loss  30d_mdd_median  1y_median_mult  1y_p_below50  1y_p_ruin  IS_median_mult
        0            11.9   0.301   9.396          0    0.6535     -0.02511     0.0409          -0.07751    -0.03073            0.997      0.5752         0.01544           0.956             0          0          0.8731
    0.025           11.91   0.301   9.396          0    0.6564    -0.001951    0.05107          -0.06718    -0.02783           0.9974      0.5673         0.01523          0.9607             0          0            0.89
     0.05           11.91   0.301   9.396          0     0.659      0.02135    0.06037          -0.05773    -0.02502           0.9976       0.561         0.01503          0.9644             0          0          0.8985
    0.075           11.91   0.301   9.395          0    0.6621      0.04916    0.07077          -0.04716    -0.02186           0.9979      0.5515         0.01476          0.9683             0          0          0.9186
      0.1           11.92   0.301   9.395          0    0.6647      0.07021    0.08039          -0.03739     -0.0188           0.9982      0.5448         0.01456          0.9732             0          0          0.9292
     0.15           11.92   0.301   9.395          0    0.6704       0.1258     0.1008          -0.01669    -0.01296            0.999      0.5252          0.0141          0.9812             0          0          0.9492
      0.2           11.93   0.301   9.396          0     0.676       0.1783     0.1213          0.004194   -0.006512           0.9998      0.5042         0.01367            0.99             0          0          0.9805
      0.3           11.94  0.3009   9.396          0     0.687       0.2759     0.1598           0.04324    0.004965            1.001      0.4708         0.01297           1.007             0          0           1.021
      0.4           11.95  0.3009   9.396          0    0.6976       0.3642     0.1955           0.07954      0.0157            1.003      0.4357         0.01225           1.023             0          0           1.075
      0.6           11.97  0.3009   9.396          0    0.7202       0.5714     0.2781            0.1634     0.04018            1.005      0.3638         0.01062            1.06             0          0           1.179
      0.8           11.99  0.3008   9.395          0    0.7441       0.7816     0.3633            0.2499     0.06544            1.008       0.286         0.01006           1.099             0          0           1.337
        1           12.01  0.3009   9.396          0    0.7666       0.9825     0.4415            0.3294     0.08933            1.011      0.2255         0.01004           1.139             0          0           1.465
     1.25           12.05  0.3008   9.396          0    0.7945        1.239     0.5409            0.4305      0.1185            1.015      0.1545         0.01002            1.19             0          0           1.641
      1.5           12.09  0.3008   9.396          0    0.8233         1.51     0.6484            0.5396      0.1497            1.019      0.0875         0.01001           1.246             0          0           1.885

=== 1d P0|A|10
 edge_pct  trades_per_30d  mean_N  mean_L  liq_share  tp_share  drift_H_pct  gross_pct  net_notional_pct  eq_ret_pct  30d_median_mult  30d_p_loss  30d_mdd_median  1y_median_mult  1y_p_below50  1y_p_ruin  IS_median_mult
        0           3.974       1       1          0    0.1973     -0.01929    0.07376           -0.1674     -0.1674           0.9929       0.523         0.08155          0.8112        0.2898      0.001          0.4955
    0.025           3.975       1       1          0     0.198    -0.001978    0.09063           -0.1504     -0.1504           0.9936      0.5202         0.08127          0.8184        0.2882      0.001          0.4979
     0.05           3.976       1       1          0    0.1993      0.03903     0.1275           -0.1135     -0.1135           0.9948      0.5153         0.08062           0.831        0.2788   0.001167          0.5074
    0.075           3.976       1       1          0    0.2003      0.08071     0.1635          -0.07738    -0.07738           0.9955      0.5128         0.08006          0.8465        0.2697      0.001           0.567
      0.1           3.977       1       1          0    0.2017       0.1177     0.2013          -0.03939    -0.03939           0.9968       0.509         0.07969           0.862        0.2608      0.001          0.5873
     0.15           3.977       1       1          0    0.2028       0.1584      0.243          0.002368    0.002368           0.9989      0.5043         0.07908          0.8783         0.252      0.001          0.6315
      0.2           3.977       1       1          0    0.2047       0.2109     0.2966            0.0561      0.0561                1       0.498         0.07769          0.9061        0.2412  0.0008333          0.7493
      0.3           3.981       1       1          0     0.208       0.3076      0.394            0.1538      0.1538            1.004      0.4857         0.07569          0.9499        0.2168  0.0008333          0.8417
      0.4           3.981       1       1          0    0.2107       0.4233     0.4992            0.2593      0.2593            1.009      0.4725         0.07354           1.003         0.195  0.0006667          0.9663
      0.6           3.985       1       1          0    0.2171       0.6147     0.6885            0.4492      0.4492            1.017      0.4513         0.07055           1.102        0.1572     0.0005           1.186
      0.8           3.991       1       1          0    0.2221       0.8255     0.8762            0.6373      0.6373            1.024       0.432         0.06656            1.21        0.1255  0.0003333           1.359
        1           3.995       1       1          0    0.2279         1.01      1.053            0.8147      0.8147            1.032      0.4113         0.06131           1.317        0.1003  0.0003333           2.065
     1.25           4.001       1       1          0     0.234        1.247      1.269             1.031       1.031            1.039      0.3907         0.05836           1.465       0.07417  0.0001667           2.928
      1.5           4.007       1       1          0    0.2406        1.499      1.489             1.252       1.252            1.049      0.3643         0.05454           1.639         0.054  0.0001667             4.1
        2           4.016       1       1          0    0.2544        1.995      1.953             1.717       1.717            1.069      0.3063         0.04428           2.069       0.03233          0           7.963
      2.5           4.025       1       1          0    0.2662        2.481      2.391             2.156       2.156            1.088       0.256         0.03578           2.573       0.01883          0            17.1
        3           4.035       1       1          0      0.28        2.962       2.86             2.626       2.626            1.105      0.2083         0.02386           3.287         0.012          0           31.04

=== 1d P0|B|10
 edge_pct  trades_per_30d  mean_N  mean_L  liq_share  tp_share  drift_H_pct  gross_pct  net_notional_pct  eq_ret_pct  30d_median_mult  30d_p_loss  30d_mdd_median  1y_median_mult  1y_p_below50  1y_p_ruin  IS_median_mult
        0           4.138       1       1          0    0.1941    -0.006964     0.1141           -0.1184     -0.1184            0.987      0.5413         0.09084          0.8349         0.225          0          0.6367
    0.025           4.138       1       1          0    0.1949      0.01818     0.1385          -0.09394    -0.09394           0.9881      0.5373         0.09061          0.8471        0.2182          0          0.6459
     0.05           4.137       1       1          0    0.1963      0.05704     0.1747          -0.05774    -0.05774           0.9898      0.5317         0.08982          0.8664        0.2082          0          0.6911
    0.075           4.137       1       1          0    0.1973      0.09647     0.2037          -0.02868    -0.02868           0.9907      0.5285         0.08926          0.8815        0.1995          0          0.6911
      0.1           4.136       1       1          0    0.1986       0.1293     0.2369          0.004559    0.004559           0.9916      0.5248         0.08867          0.8923         0.191          0          0.6911
     0.15           4.135       1       1          0    0.1996       0.1686       0.28           0.04771     0.04771           0.9933      0.5192         0.08778          0.9137        0.1775          0          0.7368
      0.2           4.135       1       1          0    0.2012       0.2175     0.3279           0.09572     0.09572           0.9957      0.5122         0.08711          0.9345         0.168          0           0.787
      0.3           4.138       1       1          0    0.2046       0.3188     0.4267            0.1947      0.1947                1      0.4982         0.08526          0.9786        0.1473          0          0.8822
      0.4           4.137       1       1          0     0.207       0.4317     0.5269             0.295       0.295            1.004      0.4848         0.08342           1.027        0.1245          0           1.067
      0.6           4.136       1       1          0    0.2133       0.6267     0.7134            0.4818      0.4818            1.012       0.461         0.08088           1.132       0.08617          0            1.28
      0.8           4.135       1       1          0    0.2185       0.8399     0.8757            0.6444      0.6444            1.019      0.4425         0.07855           1.229       0.06367          0            1.74
        1           4.135       1       1          0    0.2239        1.016      1.042            0.8113      0.8113            1.027       0.422          0.0759           1.344       0.04483          0           2.239
     1.25           4.133       1       1          0    0.2297        1.256      1.235             1.005       1.005            1.034      0.3992         0.07339           1.484         0.032          0           3.061
      1.5           4.134       1       1          0    0.2359        1.506      1.439             1.209       1.209            1.043      0.3713         0.06957           1.632       0.02117          0           3.986
        2           4.133       1       1          0    0.2495        2.004      1.862             1.632       1.632            1.061      0.3187         0.06005           2.032        0.0065          0           7.182
      2.5            4.13       1       1          0    0.2612        2.481      2.256             2.027       2.027            1.079      0.2698         0.05027            2.48      0.002333          0           12.56
        3           4.131       1       1          0    0.2742        2.953      2.697             2.468       2.468            1.098      0.2265         0.03759           3.103         0.001          0           24.86

=== 1d P1|B|10
 edge_pct  trades_per_30d  mean_N  mean_L  liq_share  tp_share  drift_H_pct  gross_pct  net_notional_pct  eq_ret_pct  30d_median_mult  30d_p_loss  30d_mdd_median  1y_median_mult  1y_p_below50  1y_p_ruin  IS_median_mult
        0            5.28    1.25       5   0.001156     0.753     -0.01087    0.09968          -0.05931    -0.07414            1.009      0.4713         0.07503          0.8955        0.1475          0          0.6317
    0.025           5.282    1.25       5   0.001155     0.754      0.01442     0.1079          -0.05098    -0.06373             1.01      0.4698         0.07473          0.9003        0.1445          0          0.6317
     0.05           5.285    1.25       5   0.001155    0.7554      0.05171     0.1195          -0.03926    -0.04908            1.011      0.4662         0.07381            0.91        0.1387          0          0.6317
    0.075           5.284    1.25       5   0.001155    0.7566      0.08664     0.1308          -0.02782    -0.03477            1.011      0.4625         0.07305          0.9176         0.134          0          0.6523
      0.1           5.285    1.25       5   0.001155    0.7573       0.1172     0.1381          -0.02049    -0.02561            1.012      0.4608         0.07244          0.9262        0.1312          0          0.6638
     0.15           5.287    1.25       5   0.001154    0.7587       0.1515     0.1472          -0.01125    -0.01406            1.013      0.4597         0.07222          0.9307        0.1292          0          0.6946
      0.2           5.291    1.25       5   0.001154     0.761       0.1968     0.1653          0.007039    0.008799            1.014      0.4537         0.07159          0.9441        0.1213          0          0.7251
      0.3           5.299    1.25       5   0.001152    0.7649       0.2816     0.1965           0.03869     0.04836            1.016      0.4475         0.07026          0.9654        0.1085          0          0.7455
      0.4             5.3    1.25       5   0.001152    0.7687       0.3978     0.2271           0.06955     0.08694            1.019      0.4398         0.06734          0.9926       0.09733          0          0.8075
      0.6           5.309    1.25       5    0.00115    0.7758       0.5959     0.2902            0.1333      0.1666            1.023      0.4242         0.06348           1.047        0.0785          0           1.051
      0.8           5.315    1.25       5    0.00106    0.7827       0.7835     0.3485            0.1923      0.2403            1.027      0.4098         0.05975           1.105        0.0605          0           1.251
        1           5.329    1.25       5   0.001057     0.792       0.9732     0.4239            0.2686      0.3357            1.034      0.3908          0.0559           1.173       0.04567          0           1.544
     1.25           5.342    1.25       5   0.001055    0.8034        1.227      0.508            0.3537      0.4421            1.044       0.369          0.0506           1.266       0.03133          0            1.85
      1.5           5.354    1.25       5  0.0009647    0.8115        1.475     0.5789            0.4254      0.5318            1.047      0.3523          0.0454           1.345       0.02383          0           2.207
        2           5.384    1.25       5  0.0008721    0.8294        1.976      0.729            0.5773      0.7216            1.057      0.3118         0.02756           1.531        0.0105          0           3.393
      2.5           5.411    1.25       5  0.0007809    0.8456         2.44     0.8513            0.7011      0.8763            1.071      0.2822         0.01165           1.712        0.0065          0           4.518
        3           5.432    1.25       5  0.0007778    0.8636        2.927     0.9924            0.8439       1.055            1.072      0.2458               0           1.949        0.0035          0            6.81

=== 1d P2|B|10
 edge_pct  trades_per_30d  mean_N  mean_L  liq_share  tp_share  drift_H_pct  gross_pct  net_notional_pct  eq_ret_pct  30d_median_mult  30d_p_loss  30d_mdd_median  1y_median_mult  1y_p_below50  1y_p_ruin  IS_median_mult
        0           5.762     2.5      10    0.03243    0.8712      0.02646    0.08213          -0.07022     -0.1755            1.044      0.4383         0.04365          0.7555        0.3853   0.004667          0.3654
    0.025           5.763     2.5      10    0.03218     0.872       0.0545    0.08867          -0.06353     -0.1588            1.044       0.436         0.04106          0.7647        0.3748     0.0045          0.3832
     0.05           5.765     2.5      10    0.03201    0.8728      0.09408    0.09472          -0.05732     -0.1433            1.044      0.4338         0.04035          0.7749        0.3667   0.004167          0.3698
    0.075           5.765     2.5      10    0.03168    0.8734       0.1311        0.1          -0.05182     -0.1296            1.044      0.4313         0.03577          0.7821         0.361   0.004167          0.3832
      0.1           5.765     2.5      10     0.0316    0.8738       0.1621     0.1022          -0.04959      -0.124            1.044      0.4303         0.03368          0.7874        0.3582   0.004167          0.3917
     0.15           5.767     2.5      10    0.03142    0.8747       0.1951     0.1076          -0.04396     -0.1099            1.044      0.4293         0.03342          0.7968         0.352   0.003667          0.3917
      0.2           5.769     2.5      10    0.03109    0.8758       0.2442     0.1164          -0.03498    -0.08746            1.044      0.4255         0.03024          0.8089        0.3435     0.0035          0.4086
      0.3           5.774     2.5      10    0.03074    0.8773       0.3308     0.1267           -0.0243    -0.06074            1.044      0.4227         0.02673          0.8328        0.3338   0.003167          0.5021
      0.4           5.779     2.5      10    0.03038    0.8801       0.4537      0.146         -0.004622    -0.01155            1.047       0.414          0.0196          0.8632        0.3135   0.002667          0.5781
      0.6            5.79     2.5      10    0.02903    0.8847       0.6462     0.1783           0.02873     0.07181            1.064      0.4017               0          0.9155        0.2852      0.002          0.6934
      0.8           5.793     2.5      10    0.02788    0.8886       0.8337     0.2069           0.05806      0.1451            1.067      0.3878               0          0.9734        0.2527   0.001833          0.7455
        1           5.802     2.5      10    0.02703    0.8929        1.013     0.2383           0.09032      0.2258            1.067      0.3752               0           1.031        0.2218     0.0015          0.8457
     1.25           5.813     2.5      10    0.02552    0.8994        1.259     0.2805            0.1338      0.3344            1.067      0.3563               0           1.113         0.179      0.001           1.265
      1.5           5.823     2.5      10    0.02419    0.9045         1.51     0.3165            0.1708      0.4271            1.067      0.3417               0           1.203        0.1483  0.0008333           1.657
        2           5.838     2.5      10    0.02131    0.9139        1.999     0.3877            0.2442      0.6104            1.089      0.3062               0           1.395        0.1027  0.0006667           2.572
      2.5           5.855     2.5      10    0.02004    0.9241        2.441     0.4501            0.3081      0.7702            1.091       0.279               0           1.576       0.06683     0.0005           3.853
        3           5.869     2.5      10    0.01824    0.9335        2.919     0.5137            0.3734      0.9336            1.091      0.2483               0           1.803       0.04317  0.0003333           5.375

=== 1d P2|C|10
 edge_pct  trades_per_30d  mean_N  mean_L  liq_share  tp_share  drift_H_pct  gross_pct  net_notional_pct  eq_ret_pct  30d_median_mult  30d_p_loss  30d_mdd_median  1y_median_mult  1y_p_below50  1y_p_ruin  IS_median_mult
        0           5.922     2.5      10          0    0.8195      0.04238    0.01915           -0.1178     -0.2945           0.9778       0.565           0.123          0.7392        0.3108  0.0003333           0.391
    0.025           5.922     2.5      10          0    0.8203      0.06879    0.02388            -0.113     -0.2826           0.9778       0.564           0.123          0.7458        0.3057  0.0003333          0.3923
     0.05           5.923     2.5      10          0    0.8211       0.1069    0.02861           -0.1082     -0.2706           0.9846      0.5627           0.123          0.7529         0.299  0.0003333          0.3952
    0.075           5.924     2.5      10          0    0.8215        0.143    0.03044           -0.1064     -0.2659           0.9878      0.5618           0.123          0.7549        0.2958  0.0003333          0.3952
      0.1           5.923     2.5      10          0    0.8219        0.173    0.03264           -0.1041     -0.2604           0.9891      0.5613           0.123           0.757        0.2943  0.0003333          0.4189
     0.15           5.926     2.5      10          0    0.8228       0.2065    0.03667              -0.1       -0.25            0.993      0.5605           0.123          0.7639        0.2903  0.0003333           0.419
      0.2           5.927     2.5      10          0    0.8237       0.2566    0.04158          -0.09503     -0.2376           0.9957       0.558           0.123          0.7691        0.2833  0.0001667          0.4355
      0.3            5.93     2.5      10          0    0.8254       0.3459    0.05097           -0.0855     -0.2138           0.9964      0.5523           0.123          0.7783        0.2695  0.0001667          0.4767
      0.4           5.932     2.5      10          0    0.8281       0.4726    0.06572          -0.07054     -0.1763           0.9976      0.5452           0.123          0.8002        0.2495  0.0001667          0.5419
      0.6           5.938     2.5      10          0    0.8326       0.6655    0.08946          -0.04649     -0.1162           0.9985       0.532           0.123          0.8386        0.2233  0.0001667          0.5605
      0.8            5.94     2.5      10          0     0.836       0.8547      0.107          -0.02871    -0.07178           0.9986       0.523           0.123          0.8683        0.2012          0          0.6399
        1           5.945     2.5      10          0    0.8401        1.036     0.1294          -0.00607    -0.01518           0.9993      0.5128           0.123          0.9068         0.175          0          0.7172
     1.25            5.95     2.5      10          0    0.8457        1.282     0.1576           0.02267     0.05668            1.006      0.4975           0.123          0.9535        0.1462          0          0.9343
      1.5           5.955     2.5      10          0    0.8507        1.536     0.1837           0.04907      0.1227             1.02      0.4853           0.123           1.006        0.1263          0           1.105
        2           5.964     2.5      10          0    0.8594        2.025     0.2317           0.09777      0.2444            1.021      0.4567           0.123           1.104       0.08933          0           1.237
      2.5           5.974     2.5      10          0    0.8688        2.472     0.2791             0.146      0.3651            1.043      0.4318           0.123           1.214        0.0595          0           1.785
        3            5.98     2.5      10          0    0.8771        2.934      0.322            0.1895      0.4738            1.044      0.4083         0.07138           1.321       0.03983          0           2.098

=== 1d P3|A|10
 edge_pct  trades_per_30d  mean_N  mean_L  liq_share  tp_share  drift_H_pct  gross_pct  net_notional_pct  eq_ret_pct  30d_median_mult  30d_p_loss  30d_mdd_median  1y_median_mult  1y_p_below50  1y_p_ruin  IS_median_mult
        0           6.112       4      20    0.08957    0.9042      0.04131     0.0378           -0.1286     -0.5145            1.046      0.4403               0          0.5977        0.4977   0.007167          0.2099
    0.025           6.111       4      20    0.08934    0.9045      0.06531    0.03906           -0.1273      -0.509            1.046        0.44               0          0.6002        0.4952   0.006833          0.2049
     0.05           6.111       4      20    0.08904    0.9048       0.1012     0.0406           -0.1256     -0.5022            1.046      0.4402               0          0.6038         0.492   0.006167          0.2049
    0.075           6.111       4      20    0.08881    0.9051       0.1403    0.04189           -0.1241     -0.4966            1.046      0.4395               0          0.6063        0.4888   0.006333          0.2063
      0.1           6.111       4      20    0.08873    0.9052       0.1703    0.04227           -0.1237     -0.4948            1.046      0.4397               0          0.6067        0.4882   0.006167          0.2063
     0.15           6.112       4      20    0.08856    0.9054       0.2029    0.04322           -0.1227     -0.4907            1.046      0.4387               0          0.6092        0.4853   0.006333          0.2063
      0.2           6.113       4      20    0.08809     0.906       0.2521    0.04567             -0.12     -0.4799            1.046      0.4368               0          0.6149         0.479      0.006          0.2114
      0.3           6.115       4      20    0.08737    0.9069       0.3435    0.05006           -0.1152     -0.4608            1.046      0.4335               0          0.6244        0.4713   0.005167          0.2384
      0.4           6.116       4      20    0.08635     0.908       0.4665    0.05542           -0.1093     -0.4372            1.046      0.4275               0          0.6339        0.4598   0.004667          0.2577
      0.6           6.122       4      20     0.0849      0.91       0.6582    0.06398          -0.09997     -0.3999            1.046      0.4197               0          0.6551        0.4405   0.003833          0.2655
      0.8           6.125       4      20    0.08347    0.9117        0.849    0.07176          -0.09145     -0.3658            1.046       0.413               0          0.6813        0.4188   0.002833          0.2718
        1           6.126       4      20    0.08155    0.9137        1.028    0.08159          -0.08062     -0.3225            1.046      0.4067               0          0.7035        0.3942     0.0025          0.2939
     1.25           6.129       4      20    0.07982    0.9157        1.273    0.09093          -0.07032     -0.2813            1.046      0.3983               0          0.7255        0.3697   0.002167          0.3186
      1.5           6.129       4      20    0.07805     0.918        1.515      0.101          -0.05932     -0.2373            1.061      0.3885               0          0.7488        0.3453     0.0015          0.3321
        2           6.134       4      20    0.07386    0.9228            2     0.1237          -0.03446     -0.1379            1.062      0.3647               0          0.8075        0.2978  0.0006667          0.4437
      2.5           6.142       4      20    0.06986    0.9275        2.455     0.1454          -0.01067    -0.04267            1.062      0.3465               0          0.8836        0.2532  0.0001667          0.6404
        3           6.142       4      20    0.06749    0.9306        2.921     0.1587          0.003908     0.01563            1.062      0.3377               0          0.9316         0.222  0.0003333          0.6916

=== 1d P3|B|10
 edge_pct  trades_per_30d  mean_N  mean_L  liq_share  tp_share  drift_H_pct  gross_pct  net_notional_pct  eq_ret_pct  30d_median_mult  30d_p_loss  30d_mdd_median  1y_median_mult  1y_p_below50  1y_p_ruin  IS_median_mult
        0           6.115       4      20    0.08745     0.904      0.03976    0.03727           -0.1282     -0.5127            1.046      0.4415               0          0.5978        0.4953   0.007167          0.1909
    0.025           6.114       4      20    0.08723    0.9043      0.06375    0.03853           -0.1268     -0.5073            1.046      0.4412               0          0.6002        0.4922   0.006833          0.1824
     0.05           6.114       4      20    0.08692    0.9046      0.09963    0.04007           -0.1251     -0.5005            1.046      0.4413               0          0.6037        0.4888   0.006167          0.1824
    0.075           6.114       4      20    0.08669    0.9049       0.1387    0.04136           -0.1237     -0.4948            1.046      0.4407               0          0.6063        0.4858   0.006333          0.2018
      0.1           6.114       4      20    0.08662     0.905       0.1687    0.04174           -0.1233     -0.4931            1.046      0.4408               0          0.6067        0.4848   0.006167          0.2018
     0.15           6.115       4      20    0.08645    0.9053       0.2013    0.04269           -0.1222      -0.489            1.046        0.44               0          0.6083        0.4818   0.006333          0.2018
      0.2           6.116       4      20    0.08598    0.9058       0.2504    0.04514           -0.1195     -0.4781            1.046      0.4383               0          0.6158        0.4752   0.006167          0.2036
      0.3           6.118       4      20    0.08533    0.9068       0.3418    0.04947           -0.1149     -0.4594            1.046       0.435               0          0.6254         0.467   0.005167            0.22
      0.4           6.119       4      20    0.08432    0.9079       0.4647    0.05488           -0.1089     -0.4357            1.046       0.429               0          0.6345        0.4552     0.0045          0.2462
      0.6           6.124       4      20    0.08287    0.9097       0.6564    0.06313          -0.09989     -0.3996            1.046      0.4212               0          0.6554        0.4372     0.0035          0.2634
      0.8           6.127       4      20    0.08169    0.9114       0.8469    0.07099          -0.09141     -0.3656            1.046      0.4145               0          0.6823        0.4167   0.002833          0.2829
        1           6.128       4      20    0.07983    0.9135        1.026    0.08115          -0.08028     -0.3211            1.046       0.408               0          0.7038        0.3902     0.0025           0.303
     1.25           6.131       4      20    0.07834    0.9155        1.272    0.09015          -0.07043     -0.2817            1.046      0.3997               0           0.726        0.3682      0.002           0.338
      1.5           6.131       4      20    0.07658    0.9178        1.514     0.1003          -0.05937     -0.2375            1.061      0.3895               0          0.7482        0.3428     0.0015          0.3334
        2           6.136       4      20    0.07261    0.9226        1.998      0.123          -0.03454     -0.1382            1.062      0.3657               0          0.8096        0.2965  0.0006667          0.4498
      2.5           6.144       4      20    0.06885    0.9275        2.453     0.1451          -0.01048    -0.04191            1.062      0.3473               0           0.885        0.2527  0.0001667          0.6404
        3           6.144       4      20    0.06655    0.9305        2.919     0.1585          0.004143     0.01657            1.062      0.3383               0          0.9322        0.2222  0.0003333          0.6916

=== 1d P3|C|10
 edge_pct  trades_per_30d  mean_N  mean_L  liq_share  tp_share  drift_H_pct  gross_pct  net_notional_pct  eq_ret_pct  30d_median_mult  30d_p_loss  30d_mdd_median  1y_median_mult  1y_p_below50  1y_p_ruin  IS_median_mult
        0           6.207       4      20          0    0.7888      0.03318   -0.08026           -0.2118     -0.8472           0.9594      0.6543          0.0968          0.4916         0.593  0.0001667          0.1061
    0.025           6.207       4      20          0     0.789      0.05669   -0.07968           -0.2112     -0.8449           0.9594      0.6545          0.0968          0.4933        0.5912  0.0001667           0.104
     0.05           6.207       4      20          0    0.7894      0.09204   -0.07864           -0.2102     -0.8407           0.9594      0.6542          0.0968          0.4946        0.5892  0.0001667          0.1125
    0.075           6.207       4      20          0    0.7896       0.1306   -0.07801           -0.2095     -0.8381           0.9594      0.6542          0.0968          0.4959        0.5873  0.0001667          0.1168
      0.1           6.207       4      20          0    0.7896       0.1601   -0.07801           -0.2095     -0.8381           0.9594      0.6535          0.0968          0.4959        0.5867  0.0001667          0.1138
     0.15           6.207       4      20          0    0.7896       0.1923   -0.07822           -0.2097      -0.839           0.9594       0.654          0.0968          0.4955        0.5878  0.0001667           0.112
      0.2           6.207       4      20          0    0.7905       0.2418   -0.07587           -0.2073     -0.8293           0.9594      0.6523          0.0968          0.4985         0.579  0.0001667          0.1181
      0.3           6.207       4      20          0    0.7912       0.3341   -0.07375           -0.2052     -0.8207           0.9594      0.6515          0.0968           0.501        0.5728  0.0003333          0.1334
      0.4           6.207       4      20          0    0.7922        0.456   -0.07104           -0.2024     -0.8096           0.9594      0.6482          0.0968          0.5045        0.5675  0.0003333          0.1344
      0.6           6.208       4      20          0    0.7928       0.6492   -0.06946           -0.2008     -0.8031           0.9594      0.6485          0.0968          0.5092        0.5563  0.0003333          0.1357
      0.8           6.209       4      20          0    0.7944         0.84     -0.065           -0.1962     -0.7849           0.9594      0.6448          0.0968           0.519        0.5448     0.0005          0.1421
        1           6.209       4      20          0    0.7963        1.021   -0.05981           -0.1909     -0.7637           0.9594      0.6403          0.0968          0.5262         0.533  0.0001667          0.1378
     1.25           6.208       4      20          0    0.7973        1.266   -0.05698            -0.188     -0.7521           0.9594      0.6398          0.0968          0.5341        0.5168          0          0.1404
      1.5           6.208       4      20          0    0.7993         1.51   -0.05166           -0.1826     -0.7304           0.9594      0.6333          0.0968          0.5417        0.5045          0          0.1496
        2           6.208       4      20          0     0.801        1.998     -0.047           -0.1778     -0.7113           0.9727      0.6228          0.0968          0.5512        0.4852  0.0001667          0.1642
      2.5           6.212       4      20          0    0.8031        2.459    -0.0411           -0.1718     -0.6871           0.9728      0.6182          0.0968          0.5618        0.4705          0          0.1577
        3            6.21       4      20          0    0.8044        2.925   -0.03752           -0.1681     -0.6725            0.974      0.6113          0.0968          0.5666        0.4643  0.0001667           0.172

=== 1d P3|B|30
 edge_pct  trades_per_30d  mean_N  mean_L  liq_share  tp_share  drift_H_pct  gross_pct  net_notional_pct  eq_ret_pct  30d_median_mult  30d_p_loss  30d_mdd_median  1y_median_mult  1y_p_below50  1y_p_ruin  IS_median_mult
        0           5.757       4      20     0.2147    0.7498      0.05519     0.0967           -0.1403     -0.5611           0.9712      0.5722          0.2052          0.4372        0.7177     0.1047         0.07121
    0.025           5.758       4      20     0.2138    0.7508      0.07992      0.103           -0.1335     -0.5342           0.9739        0.57          0.2052          0.4465        0.7112     0.1002         0.06811
     0.05            5.76       4      20     0.2127     0.752        0.118     0.1101           -0.1258     -0.5033           0.9808      0.5667          0.2052          0.4569        0.7017      0.096         0.08076
    0.075           5.759       4      20      0.212    0.7529       0.1527     0.1149           -0.1207     -0.4827           0.9816      0.5642          0.2052          0.4639        0.6962    0.09283         0.08701
      0.1           5.759       4      20     0.2114    0.7535       0.1839     0.1184           -0.1169     -0.4675           0.9816      0.5632          0.2052          0.4696         0.693    0.09083         0.08857
     0.15           5.762       4      20     0.2104    0.7549       0.2173     0.1253           -0.1095     -0.4379           0.9824      0.5612          0.2052          0.4849        0.6857    0.08667         0.09719
      0.2           5.762       4      20     0.2094    0.7562       0.2668     0.1321           -0.1021     -0.4085           0.9828      0.5585           0.204          0.4941        0.6795    0.08267         0.09907
      0.3           5.768       4      20     0.2067    0.7596       0.3557     0.1512          -0.08158     -0.3263           0.9839      0.5508           0.204          0.5246        0.6598    0.07667          0.1321
      0.4           5.769       4      20     0.2039    0.7629       0.4796     0.1696          -0.06172     -0.2469           0.9846      0.5438           0.204          0.5483         0.642     0.0675          0.1639
      0.6           5.773       4      20     0.1995    0.7682       0.6795     0.2002          -0.02888     -0.1155           0.9857      0.5307           0.204          0.6078        0.6023     0.0555          0.2256
      0.8           5.779       4      20     0.1955    0.7737         0.87     0.2296          0.002531     0.01012           0.9869      0.5157           0.204           0.691        0.5647    0.04383          0.2686
        1           5.787       4      20       0.19    0.7801        1.047     0.2662           0.04195      0.1678           0.9878      0.5037           0.204          0.7592        0.5195    0.03333          0.3892
     1.25           5.791       4      20     0.1844    0.7879        1.294     0.3073           0.08612      0.3445            1.034      0.4865           0.204          0.8737        0.4702     0.0225          0.6179
      1.5           5.795       4      20     0.1788     0.795        1.541     0.3467            0.1284      0.5135            1.038      0.4713           0.204          0.9879        0.4182    0.01617          0.8952
        2           5.806       4      20     0.1673    0.8087        2.033     0.4244             0.212      0.8479            1.041      0.4378           0.204           1.274         0.323      0.007           2.016
      2.5           5.822       4      20     0.1581    0.8218         2.48     0.4939            0.2864       1.146            1.076       0.408           0.204           1.609        0.2458      0.003            4.16
        3           5.831       4      20     0.1474    0.8346        2.941     0.5662            0.3643       1.457            1.096      0.3765           0.204           2.047        0.1785   0.001167            6.73

=== 1d P3|B|100
 edge_pct  trades_per_30d  mean_N  mean_L  liq_share  tp_share  drift_H_pct  gross_pct  net_notional_pct  eq_ret_pct  30d_median_mult  30d_p_loss  30d_mdd_median  1y_median_mult  1y_p_below50  1y_p_ruin  IS_median_mult
        0           4.921       4      20     0.4093    0.3981      0.03897     0.1575           -0.2067     -0.8269           0.8992      0.6108          0.3006          0.2278        0.8673     0.3717         0.01288
    0.025           4.921       4      20     0.4079    0.3996      0.06463      0.173           -0.1905     -0.7621           0.9001      0.6085          0.2944          0.2352        0.8605     0.3637         0.01579
     0.05            4.92       4      20      0.406    0.4014       0.1055     0.1919           -0.1708     -0.6831           0.9006       0.604          0.2916          0.2454        0.8547     0.3513         0.01794
    0.075            4.92       4      20     0.4042    0.4031        0.147     0.2106           -0.1512     -0.6048           0.9019      0.5983          0.2882          0.2599         0.847     0.3398         0.02469
      0.1            4.92       4      20     0.4031    0.4044       0.1766     0.2233            -0.138     -0.5518           0.9024      0.5957          0.2857           0.269        0.8425     0.3308         0.02469
     0.15            4.92       4      20     0.4011    0.4062        0.212     0.2455           -0.1149     -0.4594           0.9029      0.5918          0.2841           0.286        0.8353     0.3168         0.02472
      0.2           4.921       4      20     0.3998    0.4076        0.259       0.26          -0.09965     -0.3986           0.9038      0.5887          0.2828           0.294        0.8303     0.3103         0.02919
      0.3           4.921       4      20     0.3954    0.4121       0.3633     0.3108          -0.04676      -0.187           0.9133      0.5803          0.2733          0.3338        0.8098      0.281         0.03539
      0.4           4.919       4      20     0.3901    0.4173       0.4936     0.3678           0.01279     0.05118           0.9329      0.5677          0.2609          0.3859         0.787     0.2487         0.06505
      0.6           4.916       4      20     0.3819    0.4255       0.6856     0.4557            0.1045      0.4181           0.9485      0.5477          0.2476          0.4813        0.7427     0.2063          0.1426
      0.8           4.915       4      20     0.3743    0.4333       0.8793     0.5378            0.1902      0.7607           0.9602      0.5278          0.2457          0.5916        0.6963      0.169          0.1875
        1           4.913       4      20     0.3654    0.4419        1.059     0.6301            0.2867       1.147           0.9863      0.5085          0.2446          0.7453          0.65      0.129          0.3481
     1.25            4.91       4      20     0.3543    0.4536        1.318     0.7538            0.4157       1.663             1.02      0.4818          0.2427           1.008        0.5817    0.09283           1.093
      1.5           4.908       4      20     0.3442    0.4637        1.574      0.865            0.5318       2.127            1.043        0.46          0.2222           1.366        0.5085     0.0665           2.767
        2           4.906       4      20     0.3215    0.4856        2.066      1.109             0.787       3.148              1.1      0.4082          0.2064           2.533         0.379     0.0285           19.27
      2.5           4.903       4      20     0.3021    0.5042        2.536      1.321             1.008       4.031            1.134       0.368          0.2064           4.369        0.2678    0.01267           102.9
        3           4.903       4      20     0.2811    0.5245        2.992      1.541             1.238        4.95            1.193       0.326          0.2052           7.634        0.1842   0.004333           604.6

=== 1d P4|A|10
 edge_pct  trades_per_30d  mean_N  mean_L  liq_share  tp_share  drift_H_pct  gross_pct  net_notional_pct  eq_ret_pct  30d_median_mult  30d_p_loss  30d_mdd_median  1y_median_mult  1y_p_below50  1y_p_ruin  IS_median_mult
        0           6.243      20      50     0.2209    0.7791      0.03045    -0.1756           -0.4017      -8.034            0.618      0.7525            0.42       0.0003475             1     0.9983       7.382e-11
    0.025           6.243      20      50      0.221     0.779      0.05428    -0.1757           -0.4019      -8.037            0.618      0.7525            0.42       0.0003404             1     0.9983       7.382e-11
     0.05           6.243      20      50     0.2207    0.7793      0.08942    -0.1752           -0.4012      -8.024            0.618      0.7518            0.42       0.0003493             1     0.9982       6.692e-11
    0.075           6.243      20      50     0.2211    0.7789       0.1277    -0.1758            -0.402      -8.041            0.618      0.7532            0.42       0.0003128             1      0.998       6.165e-11
      0.1           6.243      20      50     0.2212    0.7788       0.1571    -0.1761           -0.4024      -8.047            0.618      0.7535            0.42       0.0003038             1      0.998       6.554e-11
     0.15           6.243      20      50     0.2214    0.7786       0.1891    -0.1764           -0.4027      -8.054            0.618      0.7533            0.42        0.000289             1      0.998       6.165e-11
      0.2           6.243      20      50     0.2211    0.7789       0.2383    -0.1758            -0.402      -8.041            0.618      0.7523            0.42        0.000289             1      0.998       6.165e-11
      0.3           6.244      20      50     0.2212    0.7788       0.3304    -0.1761           -0.4023      -8.046            0.618      0.7523            0.42        0.000289             1     0.9978       9.817e-11
      0.4           6.244      20      50     0.2214    0.7786        0.452    -0.1763           -0.4026      -8.053            0.618      0.7513            0.42       0.0002799             1     0.9978       7.382e-11
      0.6           6.244      20      50     0.2235    0.7765       0.6436    -0.1799           -0.4072      -8.145            0.618       0.755            0.42       0.0002627             1     0.9982       5.695e-11
      0.8           6.244      20      50     0.2245    0.7755       0.8344    -0.1817           -0.4095       -8.19            0.618      0.7543            0.42       0.0002505             1      0.998       5.247e-11
        1           6.245      20      50     0.2242    0.7758        1.012    -0.1811           -0.4088      -8.176            0.618      0.7542            0.42       0.0002519             1     0.9983       4.991e-11
     1.25           6.245      20      50     0.2264    0.7736        1.257    -0.1848           -0.4135      -8.271            0.618        0.76            0.42       0.0002419             1     0.9988       3.321e-11
      1.5           6.245      20      50     0.2273    0.7727        1.502    -0.1864           -0.4155       -8.31           0.6083       0.762            0.42       0.0002388             1     0.9988       2.288e-11
        2           6.245      20      50       0.23      0.77        1.988     -0.191           -0.4214      -8.428           0.6083      0.7642            0.42       0.0002241             1     0.9987       2.305e-11
      2.5           6.245      20      50     0.2322    0.7678        2.449    -0.1947           -0.4262      -8.523           0.6083      0.7682            0.42       0.0002038             1     0.9992       1.916e-11
        3           6.245      20      50     0.2343    0.7657        2.919    -0.1983           -0.4307      -8.615           0.6083       0.771            0.42        0.000165             1     0.9993       7.262e-12

=== 1d P4|B|10
 edge_pct  trades_per_30d  mean_N  mean_L  liq_share  tp_share  drift_H_pct  gross_pct  net_notional_pct  eq_ret_pct  30d_median_mult  30d_p_loss  30d_mdd_median  1y_median_mult  1y_p_below50  1y_p_ruin  IS_median_mult
        0           6.243      20      50     0.2209    0.7791      0.03045    -0.1756           -0.4017      -8.034            0.618      0.7525            0.42       0.0003475             1     0.9983       7.382e-11
    0.025           6.243      20      50      0.221     0.779      0.05428    -0.1757           -0.4019      -8.037            0.618      0.7525            0.42       0.0003404             1     0.9983       7.382e-11
     0.05           6.243      20      50     0.2207    0.7793      0.08942    -0.1752           -0.4012      -8.024            0.618      0.7518            0.42       0.0003493             1     0.9982       6.692e-11
    0.075           6.243      20      50     0.2211    0.7789       0.1277    -0.1758            -0.402      -8.041            0.618      0.7532            0.42       0.0003128             1      0.998       6.165e-11
      0.1           6.243      20      50     0.2212    0.7788       0.1571    -0.1761           -0.4024      -8.047            0.618      0.7535            0.42       0.0003038             1      0.998       6.554e-11
     0.15           6.243      20      50     0.2214    0.7786       0.1891    -0.1764           -0.4027      -8.054            0.618      0.7533            0.42        0.000289             1      0.998       6.165e-11
      0.2           6.243      20      50     0.2211    0.7789       0.2383    -0.1758            -0.402      -8.041            0.618      0.7523            0.42        0.000289             1      0.998       6.165e-11
      0.3           6.244      20      50     0.2212    0.7788       0.3304    -0.1761           -0.4023      -8.046            0.618      0.7523            0.42        0.000289             1     0.9978       9.817e-11
      0.4           6.244      20      50     0.2214    0.7786        0.452    -0.1763           -0.4026      -8.053            0.618      0.7513            0.42       0.0002799             1     0.9978       7.382e-11
      0.6           6.244      20      50     0.2235    0.7765       0.6436    -0.1799           -0.4072      -8.145            0.618       0.755            0.42       0.0002627             1     0.9982       5.695e-11
      0.8           6.244      20      50     0.2245    0.7755       0.8344    -0.1817           -0.4095       -8.19            0.618      0.7543            0.42       0.0002505             1      0.998       5.247e-11
        1           6.245      20      50     0.2242    0.7758        1.012    -0.1811           -0.4088      -8.176            0.618      0.7542            0.42       0.0002519             1     0.9983       4.991e-11
     1.25           6.245      20      50     0.2264    0.7736        1.257    -0.1848           -0.4135      -8.271            0.618        0.76            0.42       0.0002419             1     0.9988       3.321e-11
      1.5           6.245      20      50     0.2273    0.7727        1.502    -0.1864           -0.4155       -8.31           0.6083       0.762            0.42       0.0002388             1     0.9988       2.288e-11
        2           6.245      20      50       0.23      0.77        1.988     -0.191           -0.4214      -8.428           0.6083      0.7642            0.42       0.0002241             1     0.9987       2.305e-11
      2.5           6.245      20      50     0.2322    0.7678        2.449    -0.1947           -0.4262      -8.523           0.6083      0.7682            0.42       0.0002038             1     0.9992       1.916e-11
        3           6.245      20      50     0.2343    0.7657        2.919    -0.1983           -0.4307      -8.615           0.6083       0.771            0.42        0.000165             1     0.9993       7.262e-12

=== 1d P4|C|10
 edge_pct  trades_per_30d  mean_N  mean_L  liq_share  tp_share  drift_H_pct  gross_pct  net_notional_pct  eq_ret_pct  30d_median_mult  30d_p_loss  30d_mdd_median  1y_median_mult  1y_p_below50  1y_p_ruin  IS_median_mult
        0           6.246      20      50          0    0.6331      0.02958    -0.1485           -0.2869      -5.738           0.6983      0.9035          0.3235        0.007688             1     0.9953       6.375e-07
    0.025           6.246      20      50          0    0.6325      0.05341    -0.1491           -0.2875       -5.75           0.6983      0.9033          0.3235        0.007665             1     0.9953       7.113e-07
     0.05           6.246      20      50          0    0.6326      0.08852     -0.149           -0.2874      -5.748           0.6983      0.9023          0.3235        0.007665             1     0.9953       6.772e-07
    0.075           6.246      20      50          0    0.6315       0.1268    -0.1501           -0.2885      -5.771           0.6983      0.9037          0.3235        0.007567             1     0.9953       6.538e-07
      0.1           6.246      20      50          0    0.6312       0.1562    -0.1504           -0.2888      -5.777           0.6983       0.904          0.3235        0.007567             1     0.9957       6.394e-07
     0.15           6.246      20      50          0    0.6306       0.1882     -0.151           -0.2894      -5.789           0.6983      0.9045          0.3235        0.007425             1      0.996       6.303e-07
      0.2           6.246      20      50          0    0.6307       0.2374    -0.1508           -0.2893      -5.786           0.6983      0.9057          0.3235        0.007414             1     0.9957       6.136e-07
      0.3           6.246      20      50          0    0.6293       0.3294    -0.1522           -0.2907      -5.815           0.6983       0.906          0.3235        0.007215             1     0.9965       5.668e-07
      0.4           6.246      20      50          0    0.6279        0.451    -0.1535           -0.2922      -5.843           0.6983      0.9067          0.3235        0.007101             1     0.9968       5.087e-07
      0.6           6.246      20      50          0    0.6241       0.6426    -0.1571           -0.2959      -5.918           0.6983      0.9087          0.3341        0.006579             1     0.9967       3.896e-07
      0.8           6.246      20      50          0    0.6214       0.8334    -0.1597           -0.2986      -5.972           0.6983      0.9077          0.3341        0.006354             1     0.9977       3.124e-07
        1           6.246      20      50          0     0.619        1.012     -0.162            -0.301       -6.02           0.6983      0.9082          0.3341        0.006077             1     0.9975       2.396e-07
     1.25           6.246      20      50          0    0.6142        1.258    -0.1665           -0.3058      -6.117           0.6983      0.9143          0.3341        0.005686             1     0.9978       1.714e-07
      1.5           6.246      20      50          0    0.6109        1.503    -0.1696           -0.3091      -6.181           0.6983      0.9177          0.3341        0.005369             1     0.9983       2.083e-07
        2           6.246      20      50          0     0.603        1.988    -0.1772            -0.317      -6.341           0.6873      0.9195          0.3341        0.004804             1     0.9985       1.716e-07
      2.5           6.246      20      50          0    0.5985        2.449    -0.1814           -0.3215      -6.429           0.6873      0.9207          0.3341        0.004502             1      0.999       1.314e-07
        3           6.246      20      50          0    0.5919        2.919    -0.1877           -0.3281      -6.562           0.6873      0.9218          0.3341        0.003983             1     0.9995       1.114e-07

=== 1d P4|B|100
 edge_pct  trades_per_30d  mean_N  mean_L  liq_share  tp_share  drift_H_pct  gross_pct  net_notional_pct  eq_ret_pct  30d_median_mult  30d_p_loss  30d_mdd_median  1y_median_mult  1y_p_below50  1y_p_ruin  IS_median_mult
        0           6.066      20      50     0.5579    0.4376      0.02711    0.03945           -0.3529      -7.058           0.3997       0.814          0.7315       5.905e-06        0.9998     0.9977       2.484e-16
    0.025           6.066      20      50     0.5571    0.4384      0.05024    0.04243           -0.3495       -6.99           0.4015       0.813          0.7315        6.22e-06        0.9998     0.9975       2.939e-16
     0.05           6.066      20      50     0.5563    0.4392      0.08617    0.04526           -0.3463      -6.926           0.4021      0.8107          0.7315       6.503e-06        0.9998     0.9975       2.939e-16
    0.075           6.066      20      50     0.5555      0.44        0.124    0.04785           -0.3433      -6.866           0.4039        0.81          0.7315       6.824e-06        0.9998     0.9973       3.395e-16
      0.1           6.066      20      50      0.555    0.4405       0.1536    0.04984           -0.3411      -6.821           0.4039      0.8098          0.7315       6.978e-06             1     0.9975        3.21e-16
     0.15           6.066      20      50     0.5543    0.4412       0.1856    0.05213           -0.3385       -6.77           0.4039      0.8083          0.7315       7.287e-06             1     0.9975       4.811e-16
      0.2           6.066      20      50     0.5531    0.4424       0.2341    0.05649           -0.3335       -6.67           0.4057      0.8058          0.7315       7.996e-06             1      0.998       6.162e-16
      0.3           6.065      20      50     0.5501    0.4453       0.3275    0.06675           -0.3218      -6.437           0.4057      0.7998          0.7315       9.691e-06        0.9995     0.9973       7.014e-16
      0.4           6.064      20      50     0.5478    0.4477       0.4481    0.07497           -0.3125       -6.25           0.4057      0.7975          0.7315        1.08e-05        0.9997     0.9968       1.117e-15
      0.6           6.062      20      50     0.5448    0.4506       0.6408    0.08543           -0.3007      -6.013           0.4455       0.792          0.7315       1.275e-05        0.9995     0.9962       3.096e-15
      0.8           6.062      20      50     0.5402    0.4552       0.8304     0.1014           -0.2825       -5.65           0.4588      0.7848          0.7315       1.829e-05        0.9995     0.9953       8.587e-15
        1            6.06      20      50     0.5341    0.4613         1.01     0.1229           -0.2581      -5.163           0.4629       0.778          0.7315       2.622e-05         0.999     0.9947       4.019e-14
     1.25           6.062      20      50     0.5292    0.4662         1.26     0.1401           -0.2386      -4.771           0.4629      0.7705          0.7315       3.649e-05        0.9988     0.9925       6.097e-14
      1.5           6.061      20      50     0.5237    0.4717         1.51     0.1595           -0.2165       -4.33           0.5009      0.7627          0.7052       5.437e-05        0.9985     0.9907       1.726e-13
        2           6.062      20      50     0.5143     0.481            2     0.1925            -0.179      -3.581           0.5061      0.7418          0.6671       9.547e-05        0.9977     0.9857       5.268e-13
      2.5           6.056      20      50     0.5066    0.4887         2.47     0.2196           -0.1482      -2.965           0.5083       0.731          0.6671       0.0001482         0.997     0.9797       3.875e-12
        3           6.056      20      50     0.4966    0.4989         2.95     0.2554           -0.1078      -2.156           0.5443      0.7162          0.6636       0.0002775        0.9945     0.9732       2.438e-11

=== 1d P5|A|10
 edge_pct  trades_per_30d  mean_N  mean_L  liq_share  tp_share  drift_H_pct  gross_pct  net_notional_pct  eq_ret_pct  30d_median_mult  30d_p_loss  30d_mdd_median  1y_median_mult  1y_p_below50  1y_p_ruin  IS_median_mult
        0           6.112       4      20    0.08957    0.9042      0.04131     0.0378           -0.1286     -0.5145            1.046      0.4403               0          0.5977        0.4977   0.007167          0.2099
    0.025           6.111       4      20    0.08934    0.9045      0.06531    0.03906           -0.1273      -0.509            1.046        0.44               0          0.6002        0.4952   0.006833          0.2049
     0.05           6.111       4      20    0.08904    0.9048       0.1012     0.0406           -0.1256     -0.5022            1.046      0.4402               0          0.6038         0.492   0.006167          0.2049
    0.075           6.111       4      20    0.08881    0.9051       0.1403    0.04189           -0.1241     -0.4966            1.046      0.4395               0          0.6063        0.4888   0.006333          0.2063
      0.1           6.111       4      20    0.08873    0.9052       0.1703    0.04227           -0.1237     -0.4948            1.046      0.4397               0          0.6067        0.4882   0.006167          0.2063
     0.15           6.112       4      20    0.08856    0.9054       0.2029    0.04322           -0.1227     -0.4907            1.046      0.4387               0          0.6092        0.4853   0.006333          0.2063
      0.2           6.113       4      20    0.08809     0.906       0.2521    0.04567             -0.12     -0.4799            1.046      0.4368               0          0.6149         0.479      0.006          0.2114
      0.3           6.115       4      20    0.08737    0.9069       0.3435    0.05006           -0.1152     -0.4608            1.046      0.4335               0          0.6244        0.4713   0.005167          0.2384
      0.4           6.116       4      20    0.08635     0.908       0.4665    0.05542           -0.1093     -0.4372            1.046      0.4275               0          0.6339        0.4598   0.004667          0.2577
      0.6           6.122       4      20     0.0849      0.91       0.6582    0.06398          -0.09997     -0.3999            1.046      0.4197               0          0.6551        0.4405   0.003833          0.2655
      0.8           6.125       4      20    0.08347    0.9117        0.849    0.07176          -0.09145     -0.3658            1.046       0.413               0          0.6813        0.4188   0.002833          0.2718
        1           6.126       4      20    0.08155    0.9137        1.028    0.08159          -0.08062     -0.3225            1.046      0.4067               0          0.7035        0.3942     0.0025          0.2939
     1.25           6.129       4      20    0.07982    0.9157        1.273    0.09093          -0.07032     -0.2813            1.046      0.3983               0          0.7255        0.3697   0.002167          0.3186
      1.5           6.129       4      20    0.07805     0.918        1.515      0.101          -0.05932     -0.2373            1.061      0.3885               0          0.7488        0.3453     0.0015          0.3321
        2           6.134       4      20    0.07386    0.9228            2     0.1237          -0.03446     -0.1379            1.062      0.3647               0          0.8075        0.2978  0.0006667          0.4437
      2.5           6.142       4      20    0.06986    0.9275        2.455     0.1454          -0.01067    -0.04267            1.062      0.3465               0          0.8836        0.2532  0.0001667          0.6404
        3           6.142       4      20    0.06749    0.9306        2.921     0.1587          0.003908     0.01563            1.062      0.3377               0          0.9316         0.222  0.0003333          0.6916

=== 1d P5|B|10
 edge_pct  trades_per_30d  mean_N  mean_L  liq_share  tp_share  drift_H_pct  gross_pct  net_notional_pct  eq_ret_pct  30d_median_mult  30d_p_loss  30d_mdd_median  1y_median_mult  1y_p_below50  1y_p_ruin  IS_median_mult
        0           6.115       4      20    0.08745     0.904      0.03976    0.03727           -0.1282     -0.5127            1.046      0.4415               0          0.5978        0.4953   0.007167          0.1909
    0.025           6.114       4      20    0.08723    0.9043      0.06375    0.03853           -0.1268     -0.5073            1.046      0.4412               0          0.6002        0.4922   0.006833          0.1824
     0.05           6.114       4      20    0.08692    0.9046      0.09963    0.04007           -0.1251     -0.5005            1.046      0.4413               0          0.6037        0.4888   0.006167          0.1824
    0.075           6.114       4      20    0.08669    0.9049       0.1387    0.04136           -0.1237     -0.4948            1.046      0.4407               0          0.6063        0.4858   0.006333          0.2018
      0.1           6.114       4      20    0.08662     0.905       0.1687    0.04174           -0.1233     -0.4931            1.046      0.4408               0          0.6067        0.4848   0.006167          0.2018
     0.15           6.115       4      20    0.08645    0.9053       0.2013    0.04269           -0.1222      -0.489            1.046        0.44               0          0.6083        0.4818   0.006333          0.2018
      0.2           6.116       4      20    0.08598    0.9058       0.2504    0.04514           -0.1195     -0.4781            1.046      0.4383               0          0.6158        0.4752   0.006167          0.2036
      0.3           6.118       4      20    0.08533    0.9068       0.3418    0.04947           -0.1149     -0.4594            1.046       0.435               0          0.6254         0.467   0.005167            0.22
      0.4           6.119       4      20    0.08432    0.9079       0.4647    0.05488           -0.1089     -0.4357            1.046       0.429               0          0.6345        0.4552     0.0045          0.2462
      0.6           6.124       4      20    0.08287    0.9097       0.6564    0.06313          -0.09989     -0.3996            1.046      0.4212               0          0.6554        0.4372     0.0035          0.2634
      0.8           6.127       4      20    0.08169    0.9114       0.8469    0.07099          -0.09141     -0.3656            1.046      0.4145               0          0.6823        0.4167   0.002833          0.2829
        1           6.128       4      20    0.07983    0.9135        1.026    0.08115          -0.08028     -0.3211            1.046       0.408               0          0.7038        0.3902     0.0025           0.303
     1.25           6.131       4      20    0.07834    0.9155        1.272    0.09015          -0.07043     -0.2817            1.046      0.3997               0           0.726        0.3682      0.002           0.338
      1.5           6.131       4      20    0.07658    0.9178        1.514     0.1003          -0.05937     -0.2375            1.061      0.3895               0          0.7482        0.3428     0.0015          0.3334
        2           6.136       4      20    0.07261    0.9226        1.998      0.123          -0.03454     -0.1382            1.062      0.3657               0          0.8096        0.2965  0.0006667          0.4498
      2.5           6.144       4      20    0.06885    0.9275        2.453     0.1451          -0.01048    -0.04191            1.062      0.3473               0           0.885        0.2527  0.0001667          0.6404
        3           6.144       4      20    0.06655    0.9305        2.919     0.1585          0.004143     0.01657            1.062      0.3383               0          0.9322        0.2222  0.0003333          0.6916

=== 1d P5|C|10
 edge_pct  trades_per_30d  mean_N  mean_L  liq_share  tp_share  drift_H_pct  gross_pct  net_notional_pct  eq_ret_pct  30d_median_mult  30d_p_loss  30d_mdd_median  1y_median_mult  1y_p_below50  1y_p_ruin  IS_median_mult
        0           6.207       4      20          0    0.7888      0.03318   -0.08026           -0.2118     -0.8472           0.9594      0.6543          0.0968          0.4916         0.593  0.0001667          0.1061
    0.025           6.207       4      20          0     0.789      0.05669   -0.07968           -0.2112     -0.8449           0.9594      0.6545          0.0968          0.4933        0.5912  0.0001667           0.104
     0.05           6.207       4      20          0    0.7894      0.09204   -0.07864           -0.2102     -0.8407           0.9594      0.6542          0.0968          0.4946        0.5892  0.0001667          0.1125
    0.075           6.207       4      20          0    0.7896       0.1306   -0.07801           -0.2095     -0.8381           0.9594      0.6542          0.0968          0.4959        0.5873  0.0001667          0.1168
      0.1           6.207       4      20          0    0.7896       0.1601   -0.07801           -0.2095     -0.8381           0.9594      0.6535          0.0968          0.4959        0.5867  0.0001667          0.1138
     0.15           6.207       4      20          0    0.7896       0.1923   -0.07822           -0.2097      -0.839           0.9594       0.654          0.0968          0.4955        0.5878  0.0001667           0.112
      0.2           6.207       4      20          0    0.7905       0.2418   -0.07587           -0.2073     -0.8293           0.9594      0.6523          0.0968          0.4985         0.579  0.0001667          0.1181
      0.3           6.207       4      20          0    0.7912       0.3341   -0.07375           -0.2052     -0.8207           0.9594      0.6515          0.0968           0.501        0.5728  0.0003333          0.1334
      0.4           6.207       4      20          0    0.7922        0.456   -0.07104           -0.2024     -0.8096           0.9594      0.6482          0.0968          0.5045        0.5675  0.0003333          0.1344
      0.6           6.208       4      20          0    0.7928       0.6492   -0.06946           -0.2008     -0.8031           0.9594      0.6485          0.0968          0.5092        0.5563  0.0003333          0.1357
      0.8           6.209       4      20          0    0.7944         0.84     -0.065           -0.1962     -0.7849           0.9594      0.6448          0.0968           0.519        0.5448     0.0005          0.1421
        1           6.209       4      20          0    0.7963        1.021   -0.05981           -0.1909     -0.7637           0.9594      0.6403          0.0968          0.5262         0.533  0.0001667          0.1378
     1.25           6.208       4      20          0    0.7973        1.266   -0.05698            -0.188     -0.7521           0.9594      0.6398          0.0968          0.5341        0.5168          0          0.1404
      1.5           6.208       4      20          0    0.7993         1.51   -0.05166           -0.1826     -0.7304           0.9594      0.6333          0.0968          0.5417        0.5045          0          0.1496
        2           6.208       4      20          0     0.801        1.998     -0.047           -0.1778     -0.7113           0.9727      0.6228          0.0968          0.5512        0.4852  0.0001667          0.1642
      2.5           6.212       4      20          0    0.8031        2.459    -0.0411           -0.1718     -0.6871           0.9728      0.6182          0.0968          0.5618        0.4705          0          0.1577
        3            6.21       4      20          0    0.8044        2.925   -0.03752           -0.1681     -0.6725            0.974      0.6113          0.0968          0.5666        0.4643  0.0001667           0.172

=== 1d P5|B|100
 edge_pct  trades_per_30d  mean_N  mean_L  liq_share  tp_share  drift_H_pct  gross_pct  net_notional_pct  eq_ret_pct  30d_median_mult  30d_p_loss  30d_mdd_median  1y_median_mult  1y_p_below50  1y_p_ruin  IS_median_mult
        0           4.921       4      20     0.4093    0.3981      0.03897     0.1575           -0.2067     -0.8269           0.8992      0.6108          0.3006          0.2278        0.8673     0.3717         0.01288
    0.025           4.921       4      20     0.4079    0.3996      0.06463      0.173           -0.1905     -0.7621           0.9001      0.6085          0.2944          0.2352        0.8605     0.3637         0.01579
     0.05            4.92       4      20      0.406    0.4014       0.1055     0.1919           -0.1708     -0.6831           0.9006       0.604          0.2916          0.2454        0.8547     0.3513         0.01794
    0.075            4.92       4      20     0.4042    0.4031        0.147     0.2106           -0.1512     -0.6048           0.9019      0.5983          0.2882          0.2599         0.847     0.3398         0.02469
      0.1            4.92       4      20     0.4031    0.4044       0.1766     0.2233            -0.138     -0.5518           0.9024      0.5957          0.2857           0.269        0.8425     0.3308         0.02469
     0.15            4.92       4      20     0.4011    0.4062        0.212     0.2455           -0.1149     -0.4594           0.9029      0.5918          0.2841           0.286        0.8353     0.3168         0.02472
      0.2           4.921       4      20     0.3998    0.4076        0.259       0.26          -0.09965     -0.3986           0.9038      0.5887          0.2828           0.294        0.8303     0.3103         0.02919
      0.3           4.921       4      20     0.3954    0.4121       0.3633     0.3108          -0.04676      -0.187           0.9133      0.5803          0.2733          0.3338        0.8098      0.281         0.03539
      0.4           4.919       4      20     0.3901    0.4173       0.4936     0.3678           0.01279     0.05118           0.9329      0.5677          0.2609          0.3859         0.787     0.2487         0.06505
      0.6           4.916       4      20     0.3819    0.4255       0.6856     0.4557            0.1045      0.4181           0.9485      0.5477          0.2476          0.4813        0.7427     0.2063          0.1426
      0.8           4.915       4      20     0.3743    0.4333       0.8793     0.5378            0.1902      0.7607           0.9602      0.5278          0.2457          0.5916        0.6963      0.169          0.1875
        1           4.913       4      20     0.3654    0.4419        1.059     0.6301            0.2867       1.147           0.9863      0.5085          0.2446          0.7453          0.65      0.129          0.3481
     1.25            4.91       4      20     0.3543    0.4536        1.318     0.7538            0.4157       1.663             1.02      0.4818          0.2427           1.008        0.5817    0.09283           1.093
      1.5           4.908       4      20     0.3442    0.4637        1.574      0.865            0.5318       2.127            1.043        0.46          0.2222           1.366        0.5085     0.0665           2.767
        2           4.906       4      20     0.3215    0.4856        2.066      1.109             0.787       3.148              1.1      0.4082          0.2064           2.533         0.379     0.0285           19.27
      2.5           4.903       4      20     0.3021    0.5042        2.536      1.321             1.008       4.031            1.134       0.368          0.2064           4.369        0.2678    0.01267           102.9
        3           4.903       4      20     0.2811    0.5245        2.992      1.541             1.238        4.95            1.193       0.326          0.2052           7.634        0.1842   0.004333           604.6

=== 1d P5c|A|10
 edge_pct  trades_per_30d  mean_N  mean_L  liq_share  tp_share  drift_H_pct  gross_pct  net_notional_pct  eq_ret_pct  30d_median_mult  30d_p_loss  30d_mdd_median  1y_median_mult  1y_p_below50  1y_p_ruin  IS_median_mult
        0           6.112       4      20    0.08957    0.9042      0.04131     0.0378           -0.1286     -0.5145            1.046      0.4403               0          0.5977        0.4977   0.007167          0.2099
    0.025           6.111   4.019      20    0.08934    0.9045      0.06531    0.03906           -0.1273     -0.5087            1.046        0.44               0          0.5987        0.4975      0.007          0.1813
     0.05           6.111   4.038      20    0.08904    0.9048       0.1012     0.0406           -0.1256     -0.5014            1.046      0.4402               0          0.6014        0.4947   0.007167          0.1727
    0.075           6.111   4.061      20    0.08881    0.9051       0.1403    0.04189           -0.1241     -0.4956            1.046      0.4393               0          0.6035        0.4943     0.0075          0.1686
      0.1           6.111    4.08      20    0.08873    0.9052       0.1703    0.04227           -0.1237     -0.4916            1.046      0.4395               0          0.6037        0.4948      0.008          0.1712
     0.15           6.112   4.113      20    0.08856    0.9054       0.2029    0.04322           -0.1227     -0.4783            1.046      0.4383               0          0.6084        0.4892   0.007833          0.1731
      0.2           6.113   4.155      20    0.08809     0.906       0.2521    0.04567             -0.12     -0.4602            1.046      0.4362               0          0.6203        0.4822      0.008          0.1886
      0.3           6.115   4.229      20    0.08737    0.9069       0.3435    0.05006           -0.1152     -0.4283            1.046      0.4328               0           0.632        0.4757   0.008167           0.209
      0.4           6.116   4.304      20    0.08635     0.908       0.4665    0.05542           -0.1093      -0.393            1.046      0.4262               0          0.6431        0.4625   0.008167          0.2337
      0.6           6.122    4.44      20     0.0849      0.91       0.6582    0.06398          -0.09997     -0.3327            1.047      0.4173               0          0.6717        0.4442   0.009333          0.2771
      0.8           6.125    4.58      20    0.08347    0.9117        0.849    0.07176          -0.09145     -0.2744            1.061      0.4103               0           0.702        0.4252   0.009333          0.2848
        1           6.126   4.725      20    0.08155    0.9137        1.028    0.08159          -0.08062     -0.2113            1.062      0.4033               0          0.7297        0.4097    0.01033          0.3378
     1.25           6.129   4.904      20    0.07982    0.9157        1.273    0.09093          -0.07032     -0.1395            1.062      0.3943               0          0.7658        0.4002   0.009833          0.3614
      1.5           6.129   5.073      20    0.07805     0.918        1.515      0.101          -0.05932    -0.05341            1.064      0.3837               0           0.813        0.3765   0.008833          0.4756
        2           6.134   5.423      20    0.07386    0.9228            2     0.1237          -0.03446     0.09961            1.078       0.359               0          0.8993        0.3602     0.0095          0.5767
      2.5           6.142   5.782      20    0.06986    0.9275        2.455     0.1454          -0.01067      0.2439            1.094      0.3402               0           1.005         0.338       0.01          0.7158
        3           6.142   6.135      20    0.06749    0.9306        2.921     0.1587          0.003908      0.3451            1.094      0.3302               0           1.053         0.342    0.01383          0.9816

=== 1d P5c|B|10
 edge_pct  trades_per_30d  mean_N  mean_L  liq_share  tp_share  drift_H_pct  gross_pct  net_notional_pct  eq_ret_pct  30d_median_mult  30d_p_loss  30d_mdd_median  1y_median_mult  1y_p_below50  1y_p_ruin  IS_median_mult
        0           6.115       4      20    0.08745     0.904      0.03976    0.03727           -0.1282     -0.5127            1.046      0.4415               0          0.5978        0.4953   0.007167          0.1909
    0.025           6.114   4.019      20    0.08723    0.9043      0.06375    0.03853           -0.1268      -0.507            1.046      0.4412               0          0.5993        0.4942   0.007167          0.1752
     0.05           6.114   4.038      20    0.08692    0.9046      0.09963    0.04007           -0.1251     -0.4996            1.046      0.4413               0          0.6023         0.491   0.007167            0.17
    0.075           6.114   4.061      20    0.08669    0.9049       0.1387    0.04136           -0.1237     -0.4939            1.046      0.4405               0          0.6035        0.4907     0.0075          0.1683
      0.1           6.114    4.08      20    0.08662     0.905       0.1687    0.04174           -0.1233     -0.4898            1.046      0.4407               0          0.6047        0.4905      0.008           0.172
     0.15           6.115   4.113      20    0.08645    0.9053       0.2013    0.04269           -0.1222     -0.4765            1.046      0.4397               0          0.6093        0.4842   0.007833          0.1745
      0.2           6.116   4.154      20    0.08598    0.9058       0.2504    0.04514           -0.1195     -0.4585            1.046      0.4373               0          0.6215        0.4777   0.007667          0.1767
      0.3           6.118   4.229      20    0.08533    0.9068       0.3418    0.04947           -0.1149     -0.4269            1.046      0.4338               0          0.6332        0.4713      0.008          0.2126
      0.4           6.119   4.304      20    0.08432    0.9079       0.4647    0.05488           -0.1089     -0.3915            1.046      0.4268               0          0.6456        0.4587   0.008333          0.2316
      0.6           6.124    4.44      20    0.08287    0.9097       0.6564    0.06313          -0.09989     -0.3324            1.046      0.4177               0          0.6737        0.4417   0.009667          0.2647
      0.8           6.127    4.58      20    0.08169    0.9114       0.8469    0.07099          -0.09141     -0.2743            1.061      0.4107               0          0.7034        0.4245   0.009333          0.3093
        1           6.128   4.725      20    0.07983    0.9135        1.026    0.08115          -0.08028     -0.2099            1.062      0.4035               0          0.7321        0.4093    0.01033          0.3687
     1.25           6.131   4.904      20    0.07834    0.9155        1.272    0.09015          -0.07043     -0.1399            1.062      0.3948               0          0.7685        0.4013   0.009167          0.3631
      1.5           6.131   5.073      20    0.07658    0.9178        1.514     0.1003          -0.05937    -0.05336            1.063       0.384               0          0.8156        0.3757     0.0085          0.4685
        2           6.136   5.423      20    0.07261    0.9226        1.998      0.123          -0.03454     0.09953            1.078        0.36               0          0.9015        0.3595   0.009667          0.5817
      2.5           6.144   5.782      20    0.06885    0.9275        2.453     0.1451          -0.01048      0.2453            1.094      0.3408               0            1.01         0.336     0.0095          0.7275
        3           6.144   6.135      20    0.06655    0.9305        2.919     0.1585          0.004143      0.3467            1.094      0.3305               0           1.054        0.3412    0.01383          0.9816

=== 1d P5c|C|10
 edge_pct  trades_per_30d  mean_N  mean_L  liq_share  tp_share  drift_H_pct  gross_pct  net_notional_pct  eq_ret_pct  30d_median_mult  30d_p_loss  30d_mdd_median  1y_median_mult  1y_p_below50  1y_p_ruin  IS_median_mult
        0           6.207       4      20          0    0.7888      0.03318   -0.08026           -0.2118     -0.8472           0.9594      0.6543          0.0968          0.4916         0.593  0.0001667          0.1061
    0.025           6.207   4.018      20          0     0.789      0.05669   -0.07968           -0.2112     -0.8515           0.9594      0.6532          0.0968          0.4901         0.595  0.0003333          0.1054
     0.05           6.207   4.038      20          0    0.7894      0.09204   -0.07864           -0.2102     -0.8501           0.9594      0.6513          0.0968          0.4897        0.5965  0.0003333          0.1013
    0.075           6.207    4.06      20          0    0.7896       0.1306   -0.07801           -0.2095     -0.8502           0.9594      0.6507          0.0968          0.4903        0.5982  0.0001667          0.1063
      0.1           6.207    4.08      20          0    0.7896       0.1601   -0.07801           -0.2095     -0.8546           0.9594      0.6497          0.0968           0.487         0.602  0.0003333          0.1042
     0.15           6.207   4.113      20          0    0.7896       0.1923   -0.07822           -0.2097     -0.8631           0.9594      0.6475          0.0968          0.4836        0.6092  0.0008333          0.1034
      0.2           6.207   4.154      20          0    0.7905       0.2418   -0.07587           -0.2073     -0.8532           0.9594      0.6427          0.0968          0.4873        0.6013      0.001          0.1016
      0.3           6.207   4.228      20          0    0.7912       0.3341   -0.07375           -0.2052      -0.851           0.9594      0.6368          0.0968          0.4855        0.6047  0.0008333          0.1113
      0.4           6.207   4.303      20          0    0.7922        0.456   -0.07104           -0.2024     -0.8396           0.9594       0.629          0.0968          0.4879        0.6013      0.001          0.1067
      0.6           6.208    4.44      20          0    0.7928       0.6492   -0.06946           -0.2008     -0.8514           0.9594      0.6213          0.0968          0.4853        0.6083     0.0025          0.1149
      0.8           6.209   4.579      20          0    0.7944         0.84     -0.065           -0.1962     -0.8455           0.9594      0.6117          0.0968          0.4826        0.6073   0.003167          0.1072
        1           6.209   4.727      20          0    0.7963        1.021   -0.05981           -0.1909     -0.8387           0.9624      0.6015          0.0968          0.4801        0.6185   0.004167         0.09798
     1.25           6.208   4.906      20          0    0.7973        1.266   -0.05698            -0.188     -0.8533           0.9701      0.5912          0.0968          0.4765        0.6328   0.006333            0.11
      1.5           6.208   5.075      20          0    0.7993         1.51   -0.05166           -0.1826     -0.8463           0.9726      0.5812          0.0968           0.469        0.6353   0.008667         0.09571
        2           6.208   5.427      20          0     0.801        1.998     -0.047           -0.1778     -0.8809           0.9719      0.5743          0.0968          0.4499        0.6693    0.01383         0.08475
      2.5           6.212   5.786      20          0    0.8031        2.459    -0.0411           -0.1718     -0.8955           0.9656      0.5718          0.0968          0.4346        0.6887    0.02017         0.07577
        3            6.21   6.138      20          0    0.8044        2.925   -0.03752           -0.1681      -0.923           0.9592      0.5685          0.1001          0.4161        0.7033    0.03267         0.06082

=== 1d P6|B|none
 edge_pct  trades_per_30d  mean_N  mean_L  liq_share  tp_share  drift_H_pct  gross_pct  net_notional_pct  eq_ret_pct  30d_median_mult  30d_p_loss  30d_mdd_median  1y_median_mult  1y_p_below50  1y_p_ruin  IS_median_mult
        0           3.965  0.1151   5.137          0         0      0.01524    0.02863           -0.2225    -0.02136            0.998      0.5595         0.01011          0.9866             0          0          0.9511
    0.025           3.963  0.1151   5.137          0         0      0.04491    0.05205           -0.1991    -0.01855           0.9981       0.556         0.01011          0.9878             0          0          0.9511
     0.05           3.962  0.1151   5.137          0         0      0.08653    0.09268           -0.1586    -0.01447           0.9984      0.5495          0.0101          0.9896             0          0           0.953
    0.075           3.962  0.1151   5.137          0         0        0.119     0.1218           -0.1295    -0.01083           0.9985      0.5457          0.0101           0.991             0          0          0.9548
      0.1           3.961  0.1151   5.138          0         0       0.1527     0.1542          -0.09715   -0.007822           0.9986      0.5413          0.0101           0.993             0          0          0.9614
     0.15            3.96  0.1151   5.137          0         0       0.1886     0.1915           -0.0599   -0.003972           0.9987       0.537          0.0101           0.995             0          0          0.9702
      0.2           3.959  0.1151   5.137          0         0       0.2356     0.2373          -0.01413   0.0007212           0.9989      0.5318         0.01009          0.9971             0          0          0.9759
      0.3           3.958  0.1151   5.137          0         0       0.3385     0.3376            0.0861     0.01127           0.9993      0.5193         0.01008           1.003             0          0          0.9945
      0.4           3.957  0.1151   5.137          0         0       0.4379     0.4365            0.1848     0.02209           0.9997      0.5075         0.01008           1.008             0          0           1.006
      0.6           3.952  0.1151   5.138          0         0       0.6369     0.6345            0.3825     0.04269                1      0.4837         0.01006           1.018             0          0           1.039
      0.8           3.946  0.1151   5.137          0         0        0.833      0.815            0.5628     0.06222            1.001      0.4653         0.01005           1.028             0          0           1.066
        1           3.941  0.1151   5.138          0         0        1.012     0.9935             0.741     0.08216            1.002      0.4457         0.01004           1.037             0          0           1.103
     1.25           3.934  0.1151   5.137          0         0        1.231      1.192            0.9387      0.1056            1.003      0.4202         0.01003           1.049             0          0           1.125
      1.5            3.93  0.1151   5.135          0         0         1.49      1.424             1.171      0.1309            1.004      0.3923         0.00839           1.061             0          0           1.183
        2           3.922  0.1151   5.136          0         0        1.969      1.858             1.605       0.179            1.005      0.3385        0.006632           1.086             0          0           1.276
      2.5           3.908  0.1151   5.135          0         0        2.427      2.289             2.035      0.2264            1.007      0.2847        0.005254           1.111             0          0           1.356
        3           3.901  0.1151   5.137          0         0        2.887      2.726             2.472      0.2747            1.009      0.2397        0.003691           1.136             0          0           1.448

=== 1d P6h|B|none
 edge_pct  trades_per_30d  mean_N  mean_L  liq_share  tp_share  drift_H_pct  gross_pct  net_notional_pct  eq_ret_pct  30d_median_mult  30d_p_loss  30d_mdd_median  1y_median_mult  1y_p_below50  1y_p_ruin  IS_median_mult
        0           3.965 0.05755   5.137          0         0      0.01524    0.02863           -0.2225    -0.01068            0.999      0.5587        0.005054          0.9936             0          0          0.9761
    0.025           3.963 0.05755   5.137          0         0      0.04491    0.05205           -0.1991   -0.009277           0.9991      0.5552        0.005053          0.9943             0          0          0.9761
     0.05           3.962 0.05755   5.137          0         0      0.08653    0.09268           -0.1586   -0.007234           0.9992      0.5487        0.005052          0.9951             0          0          0.9772
    0.075           3.962 0.05755   5.137          0         0        0.119     0.1218           -0.1295   -0.005417           0.9993      0.5448         0.00505          0.9959             0          0           0.978
      0.1           3.961 0.05755   5.138          0         0       0.1527     0.1542          -0.09715   -0.003911           0.9993      0.5405        0.005049          0.9968             0          0          0.9814
     0.15            3.96 0.05755   5.137          0         0       0.1886     0.1915           -0.0599   -0.001986           0.9994      0.5362        0.005048          0.9978             0          0          0.9858
      0.2           3.959 0.05754   5.137          0         0       0.2356     0.2373          -0.01413   0.0003606           0.9995       0.531        0.005046          0.9989             0          0          0.9889
      0.3           3.958 0.05754   5.137          0         0       0.3385     0.3376            0.0861    0.005637           0.9996      0.5185        0.005042           1.002             0          0          0.9982
      0.4           3.957 0.05754   5.137          0         0       0.4379     0.4365            0.1848     0.01105           0.9999      0.5068        0.005038           1.004             0          0           1.004
      0.6           3.952 0.05755   5.138          0         0       0.6369     0.6345            0.3825     0.02135                1       0.483        0.005032           1.009             0          0            1.02
      0.8           3.946 0.05754   5.137          0         0        0.833      0.815            0.5628     0.03111            1.001      0.4647        0.005026           1.014             0          0           1.033
        1           3.941 0.05756   5.138          0         0        1.012     0.9935             0.741     0.04108            1.001       0.445         0.00502           1.019             0          0           1.052
     1.25           3.934 0.05754   5.137          0         0        1.231      1.192            0.9387      0.0528            1.001      0.4193        0.005013           1.025             0          0           1.062
      1.5            3.93 0.05754   5.135          0         0         1.49      1.424             1.171     0.06546            1.002      0.3917        0.004192           1.031             0          0           1.089
        2           3.922 0.05755   5.136          0         0        1.969      1.858             1.605     0.08948            1.003      0.3378        0.003316           1.043             0          0           1.131
      2.5           3.908 0.05754   5.135          0         0        2.427      2.289             2.035      0.1132            1.004       0.284        0.002627           1.054             0          0           1.166
        3           3.901 0.05756   5.137          0         0        2.887      2.726             2.472      0.1373            1.004      0.2388        0.001846           1.066             0          0           1.205

=== 1d P6|B|10
 edge_pct  trades_per_30d  mean_N  mean_L  liq_share  tp_share  drift_H_pct  gross_pct  net_notional_pct  eq_ret_pct  30d_median_mult  30d_p_loss  30d_mdd_median  1y_median_mult  1y_p_below50  1y_p_ruin  IS_median_mult
        0           5.228  0.1149   5.122          0    0.7396     -0.01644     0.1028          -0.05798    -0.01575                1      0.4903         0.01002          0.9902             0          0          0.9626
    0.025           5.231  0.1149   5.123          0    0.7409     0.008216     0.1112          -0.04943    -0.01462                1      0.4883         0.01002          0.9908             0          0          0.9685
     0.05           5.235  0.1149   5.122          0    0.7424      0.04408     0.1271          -0.03334    -0.01315                1      0.4847         0.01002          0.9921             0          0           0.971
    0.075           5.235  0.1149   5.123          0    0.7438      0.08276     0.1395          -0.02086    -0.01184                1       0.482         0.01002          0.9931             0          0           0.971
      0.1           5.236  0.1149   5.123          0    0.7448       0.1138     0.1516         -0.008662     -0.0108                1      0.4803         0.01002          0.9938             0          0          0.9728
     0.15           5.238  0.1149   5.123          0    0.7465       0.1495     0.1633          0.003272   -0.009328                1      0.4777         0.01002          0.9947             0          0          0.9785
      0.2           5.241  0.1149   5.123          0    0.7486       0.1922     0.1811           0.02122   -0.007491            1.001      0.4732        0.009245           0.996             0          0            0.98
      0.3           5.252  0.1149   5.123          0    0.7525       0.2762      0.216           0.05665   -0.003898            1.001      0.4667        0.008995          0.9981             0          0          0.9883
      0.4           5.257  0.1149   5.123          0    0.7565       0.3925     0.2501            0.0911    3.86e-05            1.001       0.459        0.008336               1             0          0          0.9936
      0.6            5.27  0.1149   5.123          0    0.7648       0.5905     0.3228            0.1644    0.007584            1.001      0.4425         0.00721           1.005             0          0           1.008
      0.8           5.274  0.1149   5.123          0    0.7713       0.7765     0.3844            0.2267     0.01402            1.002      0.4285        0.006543            1.01             0          0           1.024
        1           5.288  0.1149   5.123          0    0.7796       0.9674     0.4556            0.2986     0.02192            1.002      0.4108        0.006058           1.015             0          0           1.039
     1.25           5.298  0.1149   5.123          0    0.7908        1.218     0.5398            0.3839     0.03163            1.003      0.3872         0.00543           1.021             0          0            1.06
      1.5            5.31  0.1149   5.122          0    0.7995        1.467     0.6194            0.4643     0.03986            1.003      0.3702        0.004959           1.027             0          0           1.077
        2           5.341  0.1149    5.12          0    0.8183        1.969     0.7961            0.6429     0.05823            1.004      0.3275        0.003509           1.039             0          0            1.11
      2.5           5.375  0.1149   5.121          0     0.836        2.424     0.9434            0.7918     0.07464            1.006      0.2892        0.002109           1.051             0          0           1.144
        3           5.397  0.1148   5.119          0    0.8539        2.903      1.098            0.9485     0.09151            1.006      0.2493       0.0004514           1.063             0          0           1.195
